radius_мм,relative_angle_deg,sigma_rr_mpa,sigma_tt_mpa,radial_displacement_мм
249.99999999999997,-4.579998741307465e-13,-2.4609556664521284,0.25341757798259856,9.999999999999938
250.00000000000003,-0.18750000000043363,-2.460498912235044,0.2534045257239221,9.975191149878029
250.00000000000003,0.1874999999995685,-2.4604989122345273,0.25340452572428135,10.025580123408647
250.41663769630975,-4.579998741307465e-13,-2.4607371500202833,0.2549287226807625,9.927013210273651
250.41663769630975,0.18749969303985975,-2.4602797072583833,0.25491393013631486,9.952605985990395
250.4166376963098,-0.18749969304077574,-2.4602797072584592,0.2549139301362102,9.902217094952174
250.8331019374152,-4.579998741307465e-13,-2.4602961938709798,0.2578292826151075,9.853993041747472
250.83310193741522,-0.18749793621203523,-2.4598374137193773,0.2578110893099236,9.829209968749566
250.83310193741522,0.18749793621111924,-2.459837413719077,0.25781108931054403,9.879598387657209
251.24922002689036,-4.579998741307465e-13,-2.4598485842951505,0.2604882711220266,9.78097614727319
251.24922002689036,-0.18749371214774344,-2.4593885477475554,0.26046683587408864,9.756206544296283
251.24922002689038,0.18749371214682745,-2.4593885477471717,0.2604668358750044,9.806593828027886
251.66482070309164,0.18748614821219087,-2.4589354377717325,0.26288504649857564,9.73362847167255
251.66482070309164,-4.579998741307465e-13,-2.459396646655165,0.26290956638688273,9.707998825109122
251.66482070309166,-0.18748614821305598,-2.4589354377713963,0.26288504649821415,9.683243220674527
252.07973483671594,-4.579998741307465e-13,-2.4589425837039647,0.26509724526732076,9.635096879210113
252.07973483671594,0.18747445727687048,-2.45848028914072,0.2650697963917821,9.660738000297878
252.07973483671597,-0.18747445727778647,-2.458480289140653,0.26506979639102546,9.61035589112455
252.49379611001342,-4.579998741307465e-13,-2.458488473500871,0.2670555680833288,9.562305483742017
252.49379611001345,-0.18745791640144874,-2.458025182167827,0.26702534408345685,9.537579810417737
252.49379611001345,0.18745791640058362,-2.45802518216761,0.26702534408457684,9.587957474392068
252.90684167199825,-0.1874358562915245,-2.4575720699064694,0.2687561156103812,9.46494946618565
252.90684167199825,-4.579998741307465e-13,-2.458036267133521,0.26878896280547776,9.489659052961024
252.90684167199828,0.1874358562906085,-2.457572069906956,0.26875611561075646,9.515321201720852
253.3187121450822,-4.579998741307465e-13,-2.4575877867836606,0.2703020095232795,9.417191226494479
253.3187121450822,0.18740765537119455,-2.457122776250569,0.2702666889716499,9.442862721840713
253.31871214508223,-0.18740765537211057,-2.4571227762500305,0.27026668897154627,9.39249856502721
253.7292536061737,-4.579998741307465e-13,-2.4571447243292313,0.271599425104082,9.344934508620625
253.72925360617373,-0.18737273600455479,-2.4566789945470657,0.2715617787915504,9.32025967239683
253.72925360617373,0.1873727360036388,-2.4566789945469525,0.27156177879197163,9.370614444971284
254.13831711924055,-4.579998741307465e-13,-2.4567086412295724,0.272686045630816,9.272920339673187
254.13831711924058,-0.1873305620690132,-2.4562422874991934,0.2726462187586786,9.248264284361243
254.13831711924058,0.18733056206814808,-2.4562422874991494,0.2726462187586861,9.298607723102338
254.54575946176718,-4.579998741307465e-13,-2.456280969793884,0.2735668077724507,9.201178959022407
254.5457594617672,0.18728063717926818,-2.4558140884412003,0.2735249429987238,9.22687271280203
254.5457594617672,-0.1872806371801333,-2.455814088441336,0.27352494299896435,9.17654269088733
254.9514416304846,0.18722250359833756,-2.455395702512398,0.27420296966448676,9.155438630604657
254.9514416304846,-4.579998741307465e-13,-2.455863014349206,0.27424673236619035,9.129739660612337
254.95144163048462,-0.18722250359920267,-2.455395702513108,0.2742029696643546,9.105124231522225
255.35523356143196,0.18715574050565742,-2.4549883082826076,0.27468538505931483,9.084332915734779
255.35523356143196,-0.1871557405065734,-2.454988308283322,0.2746853850590887,9.034036458581706
255.35523356143196,-4.579998741307465e-13,-2.4554559528579647,0.2747309085419656,9.058629955721473
255.75700990902993,-4.579998741307465e-13,-2.455060840164143,0.2750244758161964,8.987876311633745
255.75700990902993,-0.1870799635628474,-2.4545929610027075,0.2749773257419823,8.963305875787556
255.75700990902996,0.18707996356193138,-2.4545929610026063,0.27497732574183553,9.013581968626694
256.1566537447912,-0.18699482333121928,-2.454210596719161,0.2750839617773755,8.89295728424225
256.1566537447912,-4.579998741307465e-13,-2.4546786121033053,0.2751326073310376,8.917503497241634
256.15665374479124,0.1869948233303033,-2.454210596719844,0.2750839617765953,8.94321049647512
256.5540519693791,-4.579998741307465e-13,-2.4543100892246965,0.27506049445901265,8.847535389223808
256.55405196937915,-0.18690000524826644,-2.45384203600691,0.2750104813456616,8.82301458850251
256.55405196937915,0.18690000524735043,-2.453842036007972,0.27501048134451184,8.873242319300903
256.94910273447357,-4.579998741307465e-13,-2.4539559806115436,0.27481333130270874,8.77799366486704
256.9491027344736,-0.18679522694235956,-2.4534879877931868,0.2747620752508644,8.753499490034553
256.9491027344736,0.18679522694149445,-2.453487987792998,0.2747620752509384,8.803699062685594
257.3417090071033,-0.18668023855477156,-2.453149055135118,0.2743439223850796,8.684432621126376
257.3417090071033,-4.579998741307465e-13,-2.4536168896534734,0.2743963001441076,8.708898936194426
257.34170900710336,0.18668023855385554,-2.453149055135231,0.2743439223851449,8.734601291770009
257.7317811315221,-4.579998741307465e-13,-2.453293319557368,0.27381455790070425,8.640270300907272
257.73178113152215,-0.18655482103729193,-2.452825740741145,0.27376117619426876,8.615833096169798
257.73178113152215,0.18655482103637594,-2.452825740742776,0.2737611761930987,8.66596806207888
258.1192369046974,-4.579998741307465e-13,-2.4529856782621198,0.2730732230006067,8.572125332277531
258.11923690469746,-0.18641878486382235,-2.452518451895424,0.27301895156011413,8.54771850175462
258.11923690469746,0.18641878486290636,-2.452518451896395,0.27301895155946954,8.597816909268637
258.5040016112294,-4.579998741307465e-13,-2.452694284567584,0.272177364441136,8.504480077201789
258.5040016112294,0.18627196866680915,-2.452227506588553,0.2721223138765966,8.530163847021537
258.50400161122946,-0.18627196866767426,-2.452227506587838,0.2721223138771287,8.480104894928841
258.886005613649,-4.579998741307465e-13,-2.452419373995392,0.2711319914705321,8.437349484687756
258.88600561364905,-0.18611423884351616,-2.451953139387938,0.2710762687409911,8.413007231683572
258.88600561364905,0.18611423884260017,-2.4519531393883485,0.2710762687406515,8.46302379542343
259.2651881119964,-0.18594548669601904,-2.4516955066717467,0.2698857500558018,8.346438712183339
259.2651881119964,-4.579998741307465e-13,-2.45216110400573,0.2699420416852853,8.370746750569431
259.26518811199645,0.18594548669510305,-2.4516955066717583,0.26988575005574894,8.396409925427983
259.6414948060751,-4.579998741307465e-13,-2.451919559942696,0.2686123716814769,8.304683734997678
259.64149480607523,-0.18576562780776565,-2.451454692573854,0.2685556106985092,8.280411198280696
259.64149480607523,0.18576562780684966,-2.451454692574365,0.268555610697906,8.330334076201325
260.0148780096389,-4.579998741307465e-13,-2.4516947617077345,0.2671477543271571,8.239170949263368
260.01487800963895,-0.18557460050067628,-2.451230715670188,0.2670906198010756,8.214935200558356
260.01487800963895,0.18557460049981117,-2.4512307156701487,0.267090619800876,8.264806741750679
260.38529231358376,-0.1853723667254445,-2.4510235341475544,0.2654954547479323,8.150020645754767
260.38529231358376,-4.579998741307465e-13,-2.451486668924868,0.26555287074679523,8.174218323464082
260.38529231358376,0.18537236672457938,-2.4510235341472955,0.265495454747803,8.199837838588996
260.7527042315015,-0.18515890544435495,-2.4508330503775997,0.26377468832569867,8.085675193672365
260.7527042315015,-4.579998741307465e-13,-2.451295185493746,0.2638322974678774,8.10983352223501
260.7527042315015,0.18515890544348984,-2.4508330503775855,0.2637746883252291,8.135435020864945
261.1170830616506,-4.579998741307465e-13,-2.4511201657791273,0.2619905067931395,8.046023555772365
261.11708306165065,-0.1849342158456792,-2.450659117104082,0.26193278911109774,8.0219058474976
261.11708306165065,0.18493421584476322,-2.4506591171035836,0.26193278911095563,8.071605291546714
261.4784031137669,-4.579998741307465e-13,-2.450961420127293,0.2600318684619685,7.982794396695283
261.47840311376694,-0.18469831483831464,-2.4505015429677495,0.25997412313969154,7.958718571064763
261.47840311376694,0.18469831483744953,-2.450501542967692,0.2599741231390545,8.008354619012596
261.8366428706905,-0.18445123621389906,-2.450360096416846,0.25790294117337664,7.89611844338865
261.8366428706905,-4.579998741307465e-13,-2.450818718759306,0.2579606369141237,7.920151134493148
261.8366428706906,0.18445123621298304,-2.45036009641605,0.2579029411734239,7.9456880913584325
262.1917909907919,-4.579998741307465e-13,-2.450691796626501,0.25578095032385867,7.858096934678917
262.19179099079196,-0.18419302486954944,-2.4502345105640644,0.25572337775000037,7.834108618751597
262.19179099079196,0.18419302486863345,-2.4502345105616916,0.255723377751515,7.883608874932125
262.5438328852589,-0.18392374487283267,-2.4501244879517095,0.25343945510730714,7.772692679620885
262.5438328852589,-4.579998741307465e-13,-2.45058035816743,0.25349683452483013,7.796635393168239
262.5438328852589,0.18392374487191665,-2.4501244879503665,0.2534394551079285,7.822120569418332
262.8927661176186,-0.18364346686753216,-2.4500297041935277,0.25105507440934194,7.711871956119596
262.8927661176186,-4.579998741307465e-13,-2.450484080936425,0.25111219422437553,7.73576785364901
262.8927661176186,0.18364346686666705,-2.4500297041929757,0.2510550744093408,7.761224523924831
263.23858694286923,-0.18335227678251567,-2.449949812174661,0.24857402407754553,7.6516478833362065
263.23858694286923,-4.579998741307465e-13,-2.4504026198049638,0.24863082133224768,7.675495766436452
263.2385869428693,0.18335227678165056,-2.4499498121739243,0.24857402407784113,7.700922196632508
263.5812957477881,-4.579998741307465e-13,-2.4503356104031577,0.24605639535223855,7.615819745380245
263.58129574778815,-0.1830502706338946,-2.4498844455034883,0.2459999801868173,7.592021059066382
263.58129574778815,0.18305027063297857,-2.4498844455030118,0.2459999801869867,7.641214211140308
263.9208983103386,-4.579998741307465e-13,-2.450282672078611,0.2433924738125017,7.556739356763556
263.92089831033866,-0.1827375519898929,-2.449833221480083,0.2433364969049113,7.532991033067754
263.92089831033866,0.18273755198902777,-2.4498332214796386,0.24333649690515408,7.582100145038663
264.25740269521805,-4.579998741307465e-13,-2.4502434111126496,0.24064249426315015,7.498253667585893
264.2574026952181,-0.18241423340881407,-2.449795744318471,0.2405870084928177,7.474556855055092
264.25740269521816,0.18241423340794896,-2.4497957443187306,0.240587008492548,7.523579078291122
264.5908219593565,-4.579998741307465e-13,-2.450217423595604,0.23780977589360014,7.440360782451617
264.59082195935656,-0.18208043268797133,-2.4497716080302347,0.23775483092529098,7.416716612141961
264.59082195935656,0.18208043268710622,-2.4497716080305056,0.23775483092511263,7.46564912966802
264.9211703501741,-4.579998741307465e-13,-2.450204298048237,0.2348975333239455,7.383058511380414
264.9211703501742,-0.1817362753718475,-2.449760399042908,0.2348431756822876,7.359468096205971
264.9211703501742,0.1817362753709824,-2.4497603990426713,0.23484317568261653,7.408308124785668
265.2484616897321,-4.579998741307465e-13,-2.4502036175797075,0.23190887594359225,7.3263446550059195
265.24846168973215,-0.18138189578401967,-2.4497616983620696,0.2318551490917347,7.302809088901359
265.24846168973215,0.18138189578315456,-2.4497616983619976,0.23185514909186228,7.351553881396303
265.5727169337931,-0.18101742797260342,-2.449775083662746,0.22879373721222357,7.246736058955591
265.5727169337931,-4.579998741307465e-13,-2.4502149619586677,0.22884679278843134,7.270215700503588
265.5727169337931,0.1810174279717383,-2.4497750836627183,0.2287937372120779,7.295382904251373
265.8939575620575,-4.579998741307465e-13,-2.450237909595339,0.22571416542860712,7.214667974427574
265.89395756205755,0.18064301159829926,-2.4498001312650253,0.22566181872073782,7.239791538561343
265.8939575620576,-0.18064301159916438,-2.449800131265267,0.22566181872094834,7.19124531404658
266.2122055388484,-4.0711099922733015e-13,-2.4502720391455277,0.2225137797113686,7.159697653908282
266.2122055388485,0.18025879141018633,-2.4498364177356016,0.22246217665759038,7.184775981109448
266.2122055388485,-0.18025879141105144,-2.449836417736516,0.2224621766572162,7.136333012058274
266.5274853000133,-4.0711099922733015e-13,-2.4503169310459727,0.21924831788884785,7.105300428228243
266.5274853000133,0.1798649141678105,-2.449883521439766,0.2191974905503942,7.130331941440112
266.5274853000133,-0.1798649141687265,-2.4498835214398604,0.21919749055069193,7.081994823094825
266.83982359605244,-4.0711099922733015e-13,-2.4503721689942664,0.21592035514121902,7.051471531817008
266.8398235960525,0.17946152789958084,-2.4499410240241697,0.21587033294474373,7.07645467473128
266.8398235960525,-0.17946152790044595,-2.4499410240243993,0.21587033294498043,7.028225962553153
267.1492493376292,-4.0711099922733015e-13,-2.4504373408358737,0.2125323797996408,6.998205776578591
267.1492493376292,-0.17904878120610102,-2.450008511299016,0.21248318962193358,6.975021223521691
267.1492493376292,0.1790487812052359,-2.4500085112972596,0.2124831896228765,7.02313901400601
267.4557868542361,-4.0711099922733015e-13,-2.450512039752609,0.20908678873996633,6.9454987158485535
267.4557868542361,0.1786268318194234,-2.4500855744210215,0.2090384549979107,6.970380535107161
267.4557868542362,-0.17862683182028852,-2.4500855744223804,0.20903845499752438,6.922376139453793
267.7594715851278,0.1781958246021093,-2.4501718109213506,0.2055384262488512,6.918172859397549
267.7594715851278,-4.0711099922733015e-13,-2.4505958652549342,0.20558588151300203,6.893343949793403
267.75947158512787,-0.17819582460297442,-2.4501718109217663,0.20553842624928378,6.870284292782755
268.060328306888,-4.0711099922733015e-13,-2.4506884237051523,0.20203187769704017,6.841736872302156
268.06032830688804,0.17775592109534527,-2.4502668251919872,0.2019853206638267,6.866511404235815
268.06032830688804,-0.17775592109621036,-2.4502668251925646,0.2019853206639056,6.818741057454511
268.35839312604804,-4.0711099922733015e-13,-2.450789329460224,0.19842690148118738,6.79067089731945
268.3583931260481,-0.1773072678859094,-2.4503702296620586,0.19838126023524763,6.767739829861408
268.3583931260481,0.17730726788504428,-2.4503702296605856,0.19838126023605782,6.815389605407715
268.6536969379764,-4.0711099922733015e-13,-2.4508982050312724,0.19477299727358113,6.740140302183189
268.65369693797646,-0.17685001979602824,-2.450481644941987,0.1947282872556731,6.71727486878004
268.6536969379765,0.17685001979516313,-2.450481644941862,0.19472828725525032,6.764801763297112
268.9462719102792,-4.0711099922733015e-13,-2.4510146813314484,0.1910721419936311,6.690139117523261
268.9462719102793,-0.1763843302327088,-2.450600700072136,0.19102837661065705,6.6673401866604625
268.9462719102793,0.1763843302318437,-2.4506007000728562,0.19102837660959604,6.714741931580353
269.23615137952794,-0.1759103507765563,-2.450727033453878,0.1872834188856546,6.617929571208204
269.23615137952794,0.17591035077574207,-2.4507270334533993,0.18728341888583463,6.665203938698609
269.23615137952794,-4.0711099922733015e-13,-2.451138398598456,0.18732622817241784,6.640661148806206
269.52336975108386,-4.0711099922733015e-13,-2.4512690066264855,0.1835370699343553,6.5916999971360815
269.5233697510839,-0.17542823080931855,-2.450860293086311,0.18349522634098453,6.569036606218472
269.5233697510839,0.17542823080850434,-2.4508602930857055,0.18349522634138296,6.616181408591846
269.807961205643,-4.0711099922733015e-13,-2.4514061641889278,0.17970642744899282,6.543249282861388
269.80796120564304,0.17493811926013775,-2.4510001359727993,0.17966555735903084,6.567667984511505
269.80796120564304,-0.17493811926095196,-2.4510001359725293,0.1796655573592414,6.520654894919366
270.0899555657418,-4.0711099922733015e-13,-2.4515495400938074,0.17583598816181148,6.495303349928885
270.08995556574183,-0.1744401717857671,-2.4511462291865724,0.17579609767847684,6.4727787633109095
270.08995556574183,0.17444017178490198,-2.4511462291866954,0.17579609767861776,6.519658034288039
270.36939388119316,-4.0711099922733015e-13,-2.4516988134648265,0.17192736031357758,6.447854618493586
270.3693938811932,0.17393452292249922,-2.4512982501731817,0.17188845391710303,6.472143999348402
270.3693938811933,-0.1739345229233643,-2.451298250173366,0.17188845391659086,6.4254006166639535
270.64630392270277,0.17342132936074212,-2.451455885604669,0.16794418951516224,6.425120567846723
270.64630392270277,-4.0711099922733015e-13,-2.451853672634819,0.1679821089029674,6.400897752493616
270.6463039227028,-0.17342132936160723,-2.451455885603982,0.16794418951541085,6.378515101024425
270.9207235043247,-4.0711099922733015e-13,-2.4520138164609175,0.164001726799684,6.35442569966489
270.9207235043247,0.17290072786231156,-2.4516188327269957,0.16396479586927795,6.378580709242639
270.92072350432477,-0.17290072786317667,-2.4516188327261665,0.1639647958695577,6.332115149098446
271.1926869779569,-0.17237285936364127,-2.4517867990012707,0.15995169873151616,6.286194272654966
271.1926869779569,-4.0711099922733015e-13,-2.4521789539707317,0.159987641158898,6.308431987321305
271.19268697795695,0.17237285936282704,-2.4517867990004643,0.15995169873289064,6.332517973180024
271.46222769910753,-4.0711099922733015e-13,-2.452348803447368,0.15594124026624512,6.262910304049417
271.4622276991076,-0.1718378645812741,-2.4519595011729995,0.15590628505181947,6.2407461448292665
271.4622276991076,0.17183786458045988,-2.4519595011727877,0.1559062850528204,6.2869260706107175
271.7293794672979,-4.0711099922733015e-13,-2.452523093105835,0.1518638563677127,6.217854257501294
271.729379467298,-0.17129588109190938,-2.4521366659572204,0.15182988581233667,6.195764358311285
271.729379467298,0.17129588109109517,-2.4521366659592263,0.151829885811437,6.241798631196675
271.9941764696976,-4.0711099922733015e-13,-2.452701561232786,0.14775676205248034,6.173257386027364
271.9941764696976,0.17074704316930397,-2.4523180301909235,0.14772377240465273,6.197129214910789
271.99417646969766,-0.1707470431701691,-2.4523180301899736,0.14772377240449155,6.151242436989022
272.2566532270617,0.17019148164926415,-2.4525033400914116,0.14358917126318932,6.152911323112861
272.2566532270617,-4.0711099922733015e-13,-2.4528839554634407,0.14362118488602676,6.129113169781293
272.25665322706175,-0.17019148165007839,-2.4525033400905594,0.14358917126290904,6.107173847062023
272.51684132544204,-0.16962933082437567,-2.452692350695848,0.13942727597879906,6.063552546498403
272.51684132544204,-4.0711099922733015e-13,-2.4530700322215107,0.13945831953230872,6.085415581121573
272.5168413254421,0.16962933082356146,-2.4526923506958638,0.13942727597983715,6.109138949860761
272.7747733765338,-4.0711099922733015e-13,-2.453259557982744,0.13526929987769387,6.042158418835547
272.77477337653386,-0.16906072012000875,-2.4528848271444423,0.13523921943152384,6.020372320388393
272.77477337653386,0.16906072011919454,-2.4528848271438792,0.13523921943304643,6.065805915026865
273.030485707274,-0.16848576762272893,-2.4530805438041505,0.13102608563719276,5.977626334280025
273.030485707274,-4.0711099922733015e-13,-2.45345230840944,0.13105521087978222,5.999334860614436
273.03048570727407,0.1684857676219147,-2.453080543804955,0.13102608563735202,6.022905415893477
273.2840064670297,0.16790460664932777,-2.4532792829850716,0.1267889389245344,5.980432023839399
273.2840064670297,-4.0711099922733015e-13,-2.453648067082967,0.1268171177636854,5.956939456191611
273.28400646702977,-0.167904606650142,-2.453279282984318,0.1267889389244831,5.935309123724376
273.53536983355576,-4.0711099922733015e-13,-2.4538466271332497,0.1225560295633416,5.914965748256625
273.5353698335558,0.16731735391735836,-2.4534808365947005,0.12252878749528284,5.938379300991562
273.5353698335558,-0.16731735391812166,-2.4534808365940557,0.12252878749527553,5.893414219482254
273.78460866529605,-4.0711099922733015e-13,-2.454047790459223,0.1182729077857069,5.873407505209568
273.7846086652961,-0.16672412574728776,-2.453685005351868,0.11824659208219318,5.851935378081627
273.7846086652961,0.16672412574652443,-2.4536850053524994,0.11824659208214768,5.896741035137892
274.0317532571349,-0.16612504128198197,-2.45389159730927,0.11394329752394994,5.81086678793868
274.0317532571349,-4.0711099922733015e-13,-2.4542513662679335,0.11396869799957454,5.832258927712262
274.03175325713494,0.16612504128121866,-2.453891597310198,0.11394329752355915,5.855511446713334
274.2768339684435,-4.0711099922733015e-13,-2.454457171649336,0.10964431476757353,5.791514210039834
274.2768339684435,0.16552021640115958,-2.4541004284342067,0.10961981770392154,5.8146847493292695
274.2768339684435,-0.16552021640197379,-2.4541004284331702,0.10961981770459252,5.770202631523306
274.51988119519484,-4.0711099922733015e-13,-2.4546650318447942,0.10530063185828305,5.751167545811584
274.5198811951949,0.16490976367635515,-2.4543113228838767,0.10527702576312657,5.774255155492453
274.5198811951949,-0.1649097636771694,-2.4543113228827087,0.10527702576409373,5.729937091090284
274.7609253433909,-4.0711099922733015e-13,-2.454874780049421,0.10093848344003711,5.71121313342317
274.76092534339097,-0.16429379233260005,-2.454524112810691,0.1009157552909665,5.6900643541107785
274.76092534339097,0.16429379233183672,-2.45452411281189,0.10091575528990718,5.734216882027124
274.99999680377374,-4.0711099922733015e-13,-2.4550862572024403,0.0965586652638546,5.671645181188324
274.9999968037738,0.16367240822165474,-2.454738638153241,0.09653680150376764,5.694564155208119
274.9999968037738,-0.16367240822241808,-2.4547386381517846,0.0965368015050895,5.650578618412461
275.23712592779066,-4.0711099922733015e-13,-2.4552993109197008,0.09216195155964102,5.632457912198327
275.23712592779066,0.1630457138114748,-2.454954745550241,0.09214093814381782,5.655291215613399
275.23712592779066,-0.16304571381223815,-2.454954745549598,0.09214093814446406,5.611474097036699
275.47233967548374,-0.1624138171868246,-2.455172287598214,0.08772893118809208,5.572745570571819
275.47233967548374,-4.0711099922733015e-13,-2.455513794750676,0.08774910876124717,5.593646117845322
275.4723396754838,0.16241381718606127,-2.4551722875981405,0.08772893118799116,5.616392872877902
275.70566572084107,-4.0711099922733015e-13,-2.4557295699874784,0.08332085869621636,5.555204478531614
275.7056657208411,-0.16177682141630106,-2.455391124674489,0.08330150205634348,5.534387709266934
275.7056657208411,0.16177682141553773,-2.455391124674674,0.08330150205599822,5.577863824949797
275.9371357029703,-4.0711099922733015e-13,-2.455946504595735,0.07887788845832136,5.517127030934521
275.93713570297035,0.1611348152397716,-2.45561112387442,0.07885933747489624,5.539698124067183
275.93713570297035,-0.16113481524053494,-2.455611123873817,0.07885933747543726,5.496394541512282
276.1667728028704,-0.16048790740783062,-2.4558321575182775,0.07440312217186322,5.458761494042156
276.1667728028704,-4.0711099922733015e-13,-2.4561644717585835,0.07442088311309558,5.479409212721724
276.16677280287047,0.16048790740706728,-2.4558321575183837,0.07440312217200214,5.501891226189321
276.39460658401345,-4.0711099922733015e-13,-2.4563833519679905,0.06995048207058127,5.442045420652815
276.3946065840135,-0.15983618567493324,-2.4560541052840295,0.06993349526415675,5.421482955418634
276.3946065840135,0.1598361856741699,-2.4560541052850478,0.0699334952636072,5.464437543462027
276.620664995582,-3.562221243239139e-13,-2.4566030316186986,0.06546729520090795,5.405030327759384
276.62066499558205,0.1591797387562658,-2.4562768527909684,0.06545106635829787,5.427331764409158
276.62066499558205,-0.15917973875702912,-2.4562768527897956,0.065451066358854,5.384553590324316
276.8449724666919,-3.562221243239139e-13,-2.4568234010195615,0.0609719462932075,5.368359193293083
276.84497246669196,-0.15851866228062442,-2.456500289566789,0.06095645901153763,5.347968648736632
276.84497246669196,0.15851866227986108,-2.4565002895655663,0.06095645901323054,5.390569164706772
277.0675530556768,-3.562221243239139e-13,-2.4570443564724895,0.056465031393061485,5.332027345211109
277.06755305567685,0.15785305000531605,-2.4567243111695944,0.056450269068826844,5.354145088459186
277.06755305567685,-0.1578530500060285,-2.4567243111708352,0.05645026906719814,5.3117234495627725
277.2884347294983,-3.562221243239139e-13,-2.4572658009271593,0.05194709643034655,5.296029483421693
277.28843472949836,0.15718298078138013,-2.456948819856973,0.051933042291421636,5.318054249631211
277.28843472949836,-0.15718298078209256,-2.4569488198564686,0.05193304229139432,5.275812685577762
277.50764224147787,-3.562221243239139e-13,-2.4574876420546783,0.04741867236956817,5.260360843386619
277.5076422414779,0.1565085397221392,-2.4571737226233443,0.047405309508792556,5.282291898581388
277.5076422414779,-0.15650853972290255,-2.457173722620969,0.04740530951033354,5.240231584266625
277.7252002092877,-3.562221243239139e-13,-2.457709791481012,0.04288029083247385,5.2250166929069675
277.7252002092877,0.15582980918681005,-2.457398930436778,0.04286760222749611,5.24685331759861
277.7252002092878,-0.1558298091875734,-2.457398930435532,0.04286760222783131,5.204975405785093
277.94113124515,-3.562221243239139e-13,-2.457932165118153,0.03833247471168569,5.189992635529121
277.9411312451501,0.15514687472086358,-2.45762435856844,0.03832044324994633,5.211734125134317
277.9411312451501,-0.15514687472162692,-2.4576243585682582,0.03832044324910546,5.170039745595114
278.15545873100154,-0.1544598164918344,-2.457849927882882,0.033764320228456664,5.135420084442582
278.15545873100154,-3.562221243239139e-13,-2.458154684436434,0.0337757117214329,5.155284159412717
278.15545873100154,0.15445981649112195,-2.457849927884026,0.03376432022860177,5.1769298234783845
278.36820828206623,-0.15376870429793646,-2.4580755649494277,0.02919967600619918,5.101111554044123
278.36820828206623,-3.562221243239139e-13,-2.45837727656814,0.029210444733684365,5.120886402377977
278.3682082820663,0.15376870429717313,-2.4580755649514185,0.029199676005583604,5.142435563105358
278.57940390295164,-3.562221243239139e-13,-2.458599870528324,0.024637139997278512,5.086794775279181
278.57940390295164,0.15307360979299564,-2.4583011982216902,0.024626976815151105,5.108246767750066
278.5794039029517,-0.15307360979370807,-2.458301198220706,0.024626976814937737,5.067109558878297
278.78906165599557,-3.562221243239139e-13,-2.458822399240981,0.020056262478965334,5.05300597997383
278.78906165599557,0.15237462804333332,-2.4585267600640495,0.02004668762080728,5.074360155397156
278.7890616559956,-0.15237462804409665,-2.458526760063649,0.020046687620123092,5.033410791382055
278.9972108276125,-3.562221243239139e-13,-2.459044801126824,0.01546822501184853,5.019514596480715
278.99721082761255,0.1516718072648354,-2.4587521883999988,0.015459221289524603,5.040770315609426
278.99721082761255,-0.15167180726554785,-2.4587521883980665,0.015459221290317765,5.000009828160509
279.20386759977265,-3.562221243239139e-13,-2.4592670181577363,0.010873428453581168,4.986317326628517
279.2038675997727,-0.15096523656163183,-2.458977424704727,0.010864978725709408,4.966903362333584
279.2038675997727,0.15096523656091937,-2.458977424706686,0.010864978724717854,5.007473965452459
279.40905912834717,-3.562221243239139e-13,-2.459488994673312,0.006272283044595992,4.953409118850557
279.4090591283472,-0.1502549648213416,-2.4592024128479992,0.006264370235703972,4.9340863387660825
279.4090591283472,0.15025496482062917,-2.459202412848733,0.006264370235557965,4.974466062929472
279.6127980530622,-3.562221243239139e-13,-2.4597106781405937,0.001665196262812179,4.920787260968353
279.61279805306225,0.14954108821976542,-2.4594270998187038,0.0016578033738219667,4.9417439120375075
279.61279805306225,-0.14954108822047787,-2.459427099818778,0.0016578033734489374,4.901556035608757
279.81511176197637,-3.562221243239139e-13,-2.4599320218299487,-0.002947483608098366,4.888446687338891
279.8151117619764,0.14882364887243438,-2.4596514384725023,-0.00295437346915908,4.909302455688002
279.8151117619764,-0.1488236488731468,-2.4596514384725134,-0.0029543734694271835,4.869307384455345
280.016019373514,0.14810271477467132,-2.4598753839036083,-0.007571818246340377,4.8771379770848196
280.016019373514,-3.562221243239139e-13,-2.4601529812377594,-0.0075654146340072975,4.85638366900974
280.01601937351404,-0.14810271477538375,-2.4598753839033924,-0.007571818246480201,4.837336650236459
280.2155393652927,-3.562221243239139e-13,-2.460373512728855,-0.012188214911376269,4.8245945887262245
280.2155393652928,0.14737835367183297,-2.4600988920523843,-0.012194148923559722,4.845246871065512
280.2155393652928,-0.14737835367249452,-2.4600988920519176,-0.012194148923578393,4.805640209583788
280.413689250694,-3.562221243239139e-13,-2.460593576617423,-0.01681553048917057,4.793075991822823
280.41368925069406,-0.1466506343670522,-2.460321922841119,-0.016821011410230645,4.7742146015547435
280.41368925069406,0.14665063436639064,-2.460321922841012,-0.016821011409582694,4.813625695177478
280.61049067322176,-3.562221243239139e-13,-2.460813137459823,-0.0214470504441495,4.761823776952741
280.61049067322176,0.14591960787011587,-2.4605444404752386,-0.0214520946227118,4.782270357748669
280.6104906732218,-0.14591960787082833,-2.4605444404743713,-0.021452094622583497,4.743055720768381
280.805962148903,0.14518533393499536,-2.460766411395148,-0.026087092714650834,4.7511772770244445
280.805962148903,-3.562221243239139e-13,-2.4610321620400715,-0.02608246909935264,4.730834351486753
280.80596214890306,-0.14518533393570782,-2.4607664113929113,-0.026087092713372423,4.712159969412348
281.00012203951803,-3.562221243239139e-13,-2.46125061923306,-0.030721477894694517,4.700104157497396
281.0001220395181,-0.1444478703368481,-2.4609878041391964,-0.030725696943612983,4.681523784597848
281.0001220395181,0.14444787033613568,-2.460987804140793,-0.030725696944345005,4.7203429056425055
281.1929885499639,-0.1437072728989379,-2.461208589121213,-0.03536759787005703,4.65114363885557
281.1929885499639,-3.562221243239139e-13,-2.4614684797704456,-0.03536376757683019,4.6696296722585355
281.192988549964,0.14370727289827634,-2.4612085891203184,-0.035367597868676076,4.689763731135864
281.38457735001543,-3.562221243239139e-13,-2.461685716538053,-0.04000903051829549,4.639407783152766
281.38457735001543,0.14296360479405246,-2.4614287389012377,-0.04001248766005123,4.659436652155529
281.3845773500155,-0.142963604794714,-2.4614287389028355,-0.04001248766188802,4.621016413859464
281.5749067985961,-0.14221691645291418,-2.461648229727811,-0.04466009367673919,4.591138577873704
281.5749067985961,-3.562221243239139e-13,-2.4619023060652117,-0.04465699428971337,4.609434962559582
281.5749067985961,0.14221691645225262,-2.46164822972791,-0.044660093676684505,4.629358150517866
281.7639954774106,-3.562221243239139e-13,-2.4621182278163642,-0.04930741589764534,4.579707659094061
281.7639954774107,-0.14146725481582834,-2.461867040802887,-0.04931017269962674,4.561506575809957
281.7639954774107,0.14146725481516678,-2.461867040802555,-0.049310172699419674,4.599524683749814
281.95186095852694,-3.562221243239139e-13,-2.4623334613315717,-0.05396002473954303,4.550222491415249
281.95186095852694,-0.14071466824401946,-2.4620851514010504,-0.0539624538995214,4.532117022412249
281.95186095852694,0.1407146682433579,-2.462085151400605,-0.053962453899419976,4.569932879591824
282.1385155287611,-0.13995922410697903,-2.4623025422065092,-0.05861665264571345,4.50296736827655
282.1385155287611,-3.053332494204976e-13,-2.4625479875671936,-0.058614536415429325,4.520976916477479
282.1385155287611,0.13995922410631748,-2.4623025422057148,-0.058616652645446146,4.540580206744753
282.3239783065133,-3.053332494204976e-13,-2.4627617917152773,-0.06327072079072127,4.491967329063835
282.32397830651337,-0.13920096007158358,-2.462519198183658,-0.06327253855669435,4.474054005571516
282.32397830651337,0.139200960070922,-2.46251919818168,-0.06327253855543763,4.511463067499853
282.5082663322918,-0.13843991966069602,-2.4627351047660833,-0.0679298754928023,4.445373662862441
282.5082663322918,-3.053332494204976e-13,-2.4629748594353256,-0.06792834197825262,4.463190461128894
282.5082663322918,0.13843991966003447,-2.462735104764484,-0.06792987549198339,4.4825782021187495
282.69139078885496,-3.053332494204976e-13,-2.4631871778446106,-0.07258715062857318,4.434643967979867
282.691390788855,0.13767616851338255,-2.462950248837673,-0.07258841385201675,4.453923277326451
282.691390788855,-0.1376761685139932,-2.462950248839605,-0.07258841385304082,4.416923989234302
282.87337213132486,-0.13690973154595587,-2.4631646200417654,-0.07724793891428788,4.388701202137321
282.87337213132486,-3.053332494204976e-13,-2.4633987367725947,-0.07724693228198917,4.406324068154177
282.87337213132486,0.1369097315453452,-2.4631646200405592,-0.0772479389139259,4.425494517268681
283.0542214705635,-3.053332494204976e-13,-2.463609526411812,-0.081907457777301,4.378228445644531
283.05422147056356,-0.13614067058814455,-2.463378208356088,-0.0819082212495997,4.360702979769305
283.05422147056356,0.136140670587483,-2.4633782083562052,-0.08190822125022593,4.3972896167598625
283.2339549229212,-0.13536902438882437,-2.4635910066793634,-0.0865690544841933,4.3329262328771145
283.2339549229212,-3.053332494204976e-13,-2.4638195398376386,-0.08656852100908019,4.350354014095256
283.23395492292127,0.1353690243881628,-2.4635910066801636,-0.08656905448511965,4.369305496960094
283.4125893437646,-3.053332494204976e-13,-2.464028770872064,-0.09122992388947908,4.32269758362314
283.41258934376464,-0.13459482616234977,-2.4638030086646547,-0.09123024025361538,4.305367769351327
283.41258934376464,0.13459482616173912,-2.463803008665687,-0.09123024025452003,4.341538974685993
283.5901344280319,-3.053332494204976e-13,-2.4642372132671264,-0.09589143411197384,4.295257081833636
283.59013442803194,0.13381813814973323,-2.4640142078713834,-0.09589154597481454,4.3139879883434356
283.59013442803194,-0.13381813815034388,-2.4640142078721494,-0.09589154597569016,4.278025510871007
283.7666062108169,-3.053332494204976e-13,-2.4644448640973433,-0.10055286086604508,4.268029463261652
283.766606210817,0.13303899318569812,-2.464224601219852,-0.10055278055461708,4.286649499059228
283.76660621081703,-0.1330389931863088,-2.46422460122168,-0.10055278055647772,4.250896409739261
283.94201963264567,-3.053332494204976e-13,-2.4646517220749296,-0.10521403990469236,4.241011862108635
283.9420196326457,-0.13225742668091184,-2.464434187288152,-0.10521377946166179,4.223977597571751
283.9420196326457,0.13225742668030116,-2.464434187287284,-0.10521377946074544,4.259520647965311
284.11638770543476,-0.13147348060510886,-2.4646429646847543,-0.10987435681077047,4.197266511627255
284.11638770543476,-3.053332494204976e-13,-2.4648577859542016,-0.10987478563097035,4.214201719075113
284.1163877054348,0.1314734806044982,-2.4646429646862202,-0.10987435681203257,4.232598883599737
284.28972332293296,-0.13068719562465778,-2.4648509329035844,-0.1145343231074301,4.17076061574616
284.28972332293296,-3.053332494204976e-13,-2.465063055366726,-0.11453490883549042,4.187596501303983
284.289723322933,0.1306871956240471,-2.464850932904701,-0.11453432310845331,4.205881680731443
284.4620392603923,-3.053332494204976e-13,-2.4652675311621186,-0.11919422826659797,4.161193702423838
284.4620392603924,-0.12989861111981266,-2.465058092659675,-0.11919349680717425,4.144457400391534
284.4620392603924,0.12989861111920198,-2.465058092659225,-0.11919349680688995,4.179366540406577
284.6333481743019,-3.053332494204976e-13,-2.465471215344286,-0.12385257041377284,4.1349908425772925
284.63334817430194,-0.1291077652049668,-2.465264445835037,-0.12385170410877303,4.118354382675122
284.63334817430194,0.12910776520435613,-2.46526444583499,-0.12385170410892814,4.153050989979745
284.80366260218153,-3.053332494204976e-13,-2.465674111023743,-0.12850976930789088,4.108985468434799
284.8036626021816,-0.12831469474890653,-2.4654699954260892,-0.12850877875071548,4.092449106368871
284.8036626021816,0.12831469474829585,-2.465469995425922,-0.12850877875081773,4.126932583131033
284.97299496243363,-3.053332494204976e-13,-2.465876222367787,-0.13316566632191315,4.0831751531947225
284.9729949624337,0.12751943539394536,-2.4656747454916084,-0.13316456181082376,4.101008899869062
284.9729949624337,-0.12751943539455604,-2.465674745490396,-0.1331645618093276,4.066739141902695
285.14135755425025,-3.053332494204976e-13,-2.46607755454115,-0.1378201099647134,4.057557496570145
285.1413575542503,-0.12672202157938386,-2.46587870109847,-0.1378189015034921,4.041222086349047
285.1413575542503,0.1267220215788241,-2.465878701100499,-0.13781890150591636,4.075277546521039
285.30876255757386,-0.12592248655560576,-2.4660818682774814,-0.1424716529939477,4.015895563394815
285.30876255757386,-3.053332494204976e-13,-2.4662781136642864,-0.14247295569313279,4.032130124763096
285.3087625575739,0.12592248655504598,-2.466081868278756,-0.1424716529958578,4.049736155710057
285.47522203310956,-3.053332494204976e-13,-2.4664779067636733,-0.14712406571892994,4.006890690426596
285.47522203310956,0.1251208624097769,-2.4662842539679715,-0.14712267819761524,4.02438238632042
285.4752220331096,-0.12512086241038758,-2.4662842539696954,-0.1471226781983387,3.9907572233011464
285.6407479223862,-3.053332494204976e-13,-2.4666769407118094,-0.15177329028826542,3.98183687261531
285.6407479223862,-0.12431718008599726,-2.4664858649615677,-0.1517718270696594,3.9658047428519083
285.64074792238625,0.12431718008543748,-2.46648586495779,-0.15177182706712872,3.9992139234514044
285.80534944363256,-3.053332494204976e-13,-2.466875222319705,-0.1564204616307213,3.956966769861257
285.8053494436326,0.12351148219861063,-2.466686707963187,-0.1564189315423803,3.9742288733224123
285.8053494436326,-0.12351148219917041,-2.466686707964451,-0.15641893154249376,3.9410362168136084
285.9690374890598,-3.053332494204976e-13,-2.467072761043303,-0.16106544963171288,3.932278234016499
285.9690374890599,0.12270380178996708,-2.4668867923658664,-0.16106386121464353,3.949425094084655
285.9690374890599,-0.12270380179052685,-2.466886792366278,-0.1610638612138818,3.9164494944581234
286.1318263299121,-0.12189415347784502,-2.4670861287079053,-0.1657065152446353,3.89204192652343
286.1318263299121,-3.053332494204976e-13,-2.46726956747208,-0.1657081537445847,3.9077686160994434
286.13182632991214,0.12189415347723435,-2.467086128705321,-0.16570651524336702,3.9247999404045006
286.2937247290085,0.12108257751605694,-2.4672847256497303,-0.170346745971443,3.9003516089115218
286.2937247290085,-0.12108257751661672,-2.4672847256523482,-0.1703467459728957,3.867811698820753
286.2937247290085,-3.053332494204976e-13,-2.4674656503462815,-0.17034842659653332,3.8834361054553392
286.45474127705853,-2.5444437451708134e-13,-2.4676610208549077,-0.17498614162605605,3.8592789226376163
286.4547412770586,-0.12026911381491544,-2.4674825943220666,-0.17498442654861207,3.8437570283923623
286.4547412770586,0.12026911381435566,-2.4674825943227705,-0.1749844265500302,3.876078327372866
286.6148920071394,-0.11945376304798566,-2.4676797454572372,-0.17961944101713023,3.8198750289162753
286.6148920071394,-2.5444437451708134e-13,-2.467855689782925,-0.1796211831677832,3.8352941799125655
286.6148920071395,0.11945376304742589,-2.46767974545752,-0.17961944101800198,3.851977209648017
286.774178722062,-2.5444437451708134e-13,-2.468049668579626,-0.18425341994657773,3.811481128391035
286.77417872206206,-0.11863659681108014,-2.4678761904405073,-0.18425165782767408,3.7961649439574128
286.77417872206206,0.11863659681052037,-2.467876190439404,-0.18425165782709477,3.8280475185425225
286.9326208279909,-2.5444437451708134e-13,-2.4682429695852726,-0.18888274447202674,3.787836392816366
286.93262082799095,0.11781759521870948,-2.468071941573162,-0.18888096919606057,3.804285877416736
286.93262082799095,-0.11781759521926925,-2.4680719415733754,-0.18888096919602024,3.772623402220054
287.090218971796,-2.5444437451708134e-13,-2.468435605079904,-0.19350903926359417,3.7643594070619333
287.09021897179605,-0.11699683356345762,-2.4682670110794067,-0.19350725737111793,3.7492498295260317
287.09021897179605,0.11699683356289785,-2.468267011079887,-0.19350725737160915,3.7806917323262557
287.24699124815714,0.11617429527906203,-2.468461412519489,-0.19813042145858029,3.757261921226952
287.24699124815714,-0.11617429527962181,-2.468461412519085,-0.198130421458339,3.7260410682826453
287.24699124815714,-2.5444437451708134e-13,-2.4686275886502234,-0.19813220370848103,3.7410470100327133
287.40294081417403,-2.5444437451708134e-13,-2.468818932830594,-0.20275212263488906,3.71789827180886
287.4029408141741,-0.1153500403639642,-2.4686551583736263,-0.20275034601358302,3.702996182406667
287.4029408141741,0.11535004036345532,-2.4686551583737133,-0.202750346013382,3.733995524159056
287.55808032101737,-2.5444437451708134e-13,-2.469009652654988,-0.20736870484605924,3.694910857054669
287.5580803210174,-0.1145240777134886,-2.468848263648284,-0.20736693956437685,3.6801128368182536
287.5580803210174,0.11452407771297972,-2.4688482636489897,-0.20736693956465588,3.7108902084337028
287.7124204596205,-2.5444437451708134e-13,-2.4691997616105565,-0.21198185562956604,3.6720827303423835
287.71242045962055,-0.11369642493727238,-2.4690407418048506,-0.21198010713117552,3.6573889952291885
287.71242045962055,0.11369642493676349,-2.4690407418059896,-0.21198010713180146,3.6879439424949827
287.86596504406054,0.11286713538288641,-2.4692326057671767,-0.21658970980639852,3.665155722517641
287.86596504406054,-2.5444437451708134e-13,-2.4693892726750635,-0.21659143633897004,3.6494128788919515
287.86596504406054,-0.1128671353834462,-2.4692326057652227,-0.21658970980506997,3.6348236394773834
288.0187266719205,-2.5444437451708134e-13,-2.4695782019906938,-0.22119737128414307,3.626898997600608
288.0187266719205,-0.22407517646047406,-2.468960865795864,-0.22119053848706122,3.59906937388383
288.01872667192055,-0.11203621397479627,-2.4694238716536767,-0.22119567162829318,3.612414465161583
288.01872667192055,0.11203621397428737,-2.4694238716565424,-0.22119567163040427,3.6425232454234004
288.01872667192055,0.22407517645996516,-2.4689608657999664,-0.22119053849027565,3.6592875579175543
288.1707147047652,-0.22241014201878845,-2.4691585105918903,-0.22579289390279084,3.5769055708895268
288.1707147047652,0.22241014201827955,-2.4691585105944975,-0.22579289390464616,3.6366762941802913
288.1707147047652,-0.11120368159291084,-2.469614555374377,-0.22579793197910186,3.5901596518815393
288.1707147047652,-2.5444437451708134e-13,-2.4697665654705587,-0.22579960010103522,3.604539267394943
288.1707147047653,0.11120368159240195,-2.469614555374408,-0.2257979319786113,3.6200446964237463
288.3219373630759,-0.11036956410190793,-2.469804671335437,-0.23039638603385043,3.568057553045108
288.3219373630759,-2.5444437451708134e-13,-2.4699543775529413,-0.23039801822091963,3.5823320436549424
288.3219373630759,0.2207419374161687,-2.4693555385213224,-0.23039145624577664,3.6142170908322253
288.32193736307596,-0.2207419374166776,-2.469355538521795,-0.2303914562466537,3.5548946802827817
288.32193736307596,0.11036956410139905,-2.4698046713331125,-0.23039638603137488,3.5977184358773218
288.4724016000414,-2.5444437451708134e-13,-2.4701416524597946,-0.23499250675976366,3.56027587325926
288.47240160004145,-0.2190706261879859,-2.4695519636535033,-0.23498610562424818,3.5330352465463744
288.47240160004145,0.219070626187477,-2.46955196365282,-0.23498610562336444,3.591908509430278
288.4724016000415,-0.10953389326932036,-2.469994233719073,-0.2349909146552155,3.5461067127975774
288.4724016000415,0.10953389326881148,-2.469994233717829,-0.23499091465401256,3.5755430164666726
288.622115313518,-0.10869669459454558,-2.470183258327786,-0.2395814257285399,3.5243055425783973
288.622115313518,0.10869669459403669,-2.4701832583275993,-0.23958142572857064,3.5535168564839843
288.622115313518,-2.5444437451708134e-13,-2.470328406017602,-0.23958297385137295,3.538369169607731
288.62211531351807,0.21739625933003237,-2.4697478017139547,-0.23957674917058489,3.5697489760909087
288.62211531351807,-0.21739625933054127,-2.469747801714733,-0.23957674917135935,3.511325682091499
288.77108847854305,0.10785798072983009,-2.4703717619528924,-0.24416785664195834,3.5316380749340097
288.77108847854305,-0.10785798073028809,-2.470371761952161,-0.24416785664094368,3.502652157991993
288.77108847854305,-2.5444437451708134e-13,-2.4705146550251453,-0.24416935712928015,3.516610048662234
288.7710884785431,-0.21571886214934566,-2.4699430694734583,-0.24416332353642048,3.489764104850817
288.7710884785431,0.21571886214888766,-2.4699430694741773,-0.2441633235372007,3.547736615547341
288.91932901391306,0.21403848047934715,-2.47013778312027,-0.24874575549706035,3.5258698630271628
288.91932901391306,-2.5444437451708134e-13,-2.4707004157174532,-0.2487515843252101,3.494996933842892
288.91932901391306,-0.10701777459470893,-2.4705597608174097,-0.2487501348871261,3.48114498079106
288.9193290139131,0.10701777459420005,-2.4705597608182424,-0.24875013488821118,3.509905099728487
288.9193290139131,-0.21403848047980517,-2.470137783119112,-0.24874575549562639,3.468348937734
289.06684476588197,0.10617609840421155,-2.470747270981775,-0.25332817673871677,3.488316375036561
289.06684476588197,-0.10617609840472045,-2.4707472709814176,-0.253328176738014,3.459782449174095
289.06684476588197,-2.5444437451708134e-13,-2.4708857041723817,-0.2533295719486408,3.473528264943132
289.066844765882,0.2123551587545231,-2.470331958655398,-0.25332396060896784,3.504147169855933
289.0668447658821,-0.212355158755032,-2.470331958654348,-0.2533239606073362,3.4470786201255317
289.2136435084815,-2.5444437451708134e-13,-2.4710705366690187,-0.2579032401907029,3.452202498045124
289.2136435084815,-0.2106689400284901,-2.4705256122954844,-0.2578978581321677,3.4259516077988783
289.21364350848154,0.2106689400280321,-2.4705256122935397,-0.25789785813117583,3.482567003377426
289.21364350848154,-0.10533297368748716,-2.470934308707862,-0.25790190215265185,3.438563017699752
289.21364350848154,0.10533297368697828,-2.470934308706747,-0.2579019021522015,3.466870361202117
289.35973294385155,-2.5444437451708134e-13,-2.4712549296801947,-0.2624725128464922,3.4310181054325555
289.3597329438516,-0.10448842129157046,-2.471120890455787,-0.2624712346981227,3.417485157198475
289.3597329438516,0.10448842129111247,-2.471120890453897,-0.26247123469706773,3.4455655346585043
289.3597329438516,-0.20897986599664067,-2.4707187604599037,-0.26246737095131883,3.404966372827749
289.35973294385167,0.20897986599618268,-2.4707187604559815,-0.26246737094842476,3.4611278468709914
289.50512070258145,0.20728797702082444,-2.470911419743743,-0.2670324254774886,3.4398281994663353
289.50512070258145,-2.5444437451708134e-13,-2.4714388998580885,-0.26703731723187124,3.409973575500634
289.5051207025815,0.10364246139786969,-2.4713070328611995,-0.2670361014633447,3.4244003878404516
289.5051207025815,-0.20728797702133334,-2.4709114197455486,-0.2670324254785958,3.384121403494878
289.5051207025815,-0.10364246139832768,-2.4713070328613886,-0.2670361014629394,3.39654735468143
289.64981434405934,0.10279511353229347,-2.471492752715938,-0.27159643296820996,3.4033734290937447
289.64981434405934,-2.5444437451708134e-13,-2.471622464000225,-0.27159758408294377,3.3890674126638327
289.6498143440594,-0.10279511353275146,-2.4714927527153168,-0.27159643296730646,3.3757481132472065
289.6498143440594,-0.20559331215199353,-2.471103606913448,-0.2715929515765922,3.36341520419838
289.6498143440594,0.20559331215148463,-2.471103606912033,-0.27159295157562374,3.418666576055879
289.7938213568314,-2.5444437451708134e-13,-2.471805639046557,-0.2761532474852074,3.368298137261148
289.7938213568314,0.2038959091474031,-2.4712953388642482,-0.27614888246790475,3.397641507204739
289.7938213568315,-0.2038959091478611,-2.471295338864096,-0.276148882467752,3.342846295355788
289.7938213568315,-0.10194639657491973,-2.4716780669477774,-0.27615216308142126,3.3550859519859504
289.7938213568315,0.10194639657441085,-2.471678066948846,-0.27615216308255947,3.382483182582377
289.93714915896936,0.10109632877007169,-2.4718629914354686,-0.2807032080058205,3.361728188193625
289.93714915896936,-2.0355549961366507e-13,-2.4719884408902817,-0.28070422384991944,3.3476642854592225
289.93714915896936,-0.10109632877052968,-2.471862991434576,-0.28070320800489246,3.3345594058814956
289.93714915896936,0.20219580449951627,-2.4714866314215116,-0.2807001337152927,3.376751539058417
289.9371491589694,-0.2021958044999743,-2.471486631420191,-0.28070013371439356,3.322413213305862
290.07980249461616,0.20049306462940858,-2.4716775006993483,-0.28524661575519306,3.3559956117803003
290.07980249461616,0.10024494333062797,-2.4720475423572665,-0.28524947879063817,3.341107377499278
290.07980249461616,-2.0355549961366507e-13,-2.4721708857368245,-0.28525042443626053,3.327164782990849
290.07980249461616,-0.20049306462986657,-2.4716775006983496,-0.28524661575481247,3.302114880361672
290.07980249461616,-0.10024494333108597,-2.4720475423571107,-0.2852494787904415,3.3141673975803347
290.22179019233795,0.19878770545964913,-2.4718679646986645,-0.2897882794404061,3.3353720754488267
290.22179019233795,-2.0355549961366507e-13,-2.472352991583007,-0.2897918009001676,3.306797973165255
290.221790192338,-0.19878770546010713,-2.471867964697392,-0.28978827943990465,3.2819496423224486
290.221790192338,-0.09939224821794952,-2.4722317377135794,-0.2897909268939293,3.2939082704793687
290.221790192338,0.09939224821749153,-2.472231737712735,-0.28979092689306296,3.3206190960358097
290.3631199966317,0.09853825670980892,-2.4724155954844247,-0.294327519348876,3.300261852389424
290.3631199966317,-0.09853825671026692,-2.472415595484533,-0.29432751934926443,3.2737805295961224
290.3631199966317,-0.19707975354853116,-2.472058041408744,-0.29432509121227124,3.2619160059853765
290.3631199966317,-2.0355549961366507e-13,-2.472534776406325,-0.29432832047275226,3.28656236159627
290.3631199966318,0.19707975354807317,-2.4720580414111746,-0.2943250912136525,3.3148794439985245
290.50379905514154,-2.0355549961366507e-13,-2.4727162573467103,-0.29885993042477343,3.266456545260266
290.5037990551416,-0.09768298463575047,-2.4725991328035866,-0.2988592032348162,3.253782770976184
290.5037990551416,0.19536924054939278,-2.4722477479538747,-0.29885699757664247,3.2945163234432795
290.5037990551416,0.09768298463529246,-2.472599132804871,-0.2988592032354783,3.2800342468592802
290.5037990551416,-0.1953692405498508,-2.4722477479511897,-0.2988569975752663,3.242012568857236
290.6438336383587,-2.0355549961366507e-13,-2.472897449432933,-0.3033865366338162,3.2464792517115657
290.64383363835873,-0.19365620687710983,-2.4724370992599543,-0.30338390365547135,3.222238057935751
290.64383363835873,0.09682645220079483,-2.472782364679212,-0.3033858842429172,3.2599350109334173
290.64383363835873,0.19365620687665183,-2.472437099260903,-0.30338390365506235,3.27428145164159
290.64383363835873,-0.09682645220125283,-2.472782364678706,-0.30338588424326807,3.2339137206771436
290.78322666176257,-0.09596869944797279,-2.4729653078422946,-0.3079074803006823,3.2141725842436863
290.78322666176257,-2.0355549961366507e-13,-2.4730783694240825,-0.30790805720904274,3.2266296905118677
290.78322666176257,0.09596869944756567,-2.4729653078428653,-0.3079074803000942,3.239963360917275
290.7832266617626,-0.19194073261128095,-2.47262611199985,-0.30790572683966216,3.202591677475227
290.7832266617626,0.19194073261087383,-2.472626112001527,-0.3079057268397307,3.2541740543689643
290.92198948403785,-0.09510971361684807,-2.47314798196162,-0.31242398750733746,3.1945573760907577
290.92198948403785,-2.0355549961366507e-13,-2.473259036969048,-0.3124244884285635,3.2069058734315634
290.92198948403785,0.09510971361644095,-2.4731479819630264,-0.31242398750725814,3.2201173077969276
290.9219894840379,-0.19022279223469757,-2.472814805892848,-0.312422462692908,3.183071446395141
290.9219894840379,0.19022279223423957,-2.472814805895244,-0.31242246269346585,3.2341921436874355
291.06012898834365,0.09424950827831317,-2.4733304019663964,-0.3169353426500995,3.2003955107585766
291.06012898834365,-0.09424950827872028,-2.473330401965489,-0.3169353426508214,3.1750667517574844
291.06012898834365,-2.0355549961366507e-13,-2.4734394670080615,-0.3169357672524117,3.187306456703673
291.0601289883437,-0.18850241288848316,-2.473003195824237,-0.31693404747552417,3.16367602179975
291.0601289883437,0.18850241288807607,-2.473003195825438,-0.31693404747493925,3.2143343839954315
291.19764483724646,-2.0355549961366507e-13,-2.4736196755792683,-0.32144179443007265,3.167831123668494
291.19764483724646,0.18677971050935185,-2.4731912976981265,-0.3214403812884567,3.1946004800784014
291.19764483724646,0.09338814140278616,-2.4735125838578487,-0.3214414463170727,3.1807976623986307
291.1976448372465,-0.09338814140319326,-2.4735125838557503,-0.321441446316638,3.155700388261402
291.1976448372465,-0.18677971050975894,-2.4731912976972623,-0.3214403812892919,3.1444050773173293
291.334550434282,-0.09252558423031759,-2.473694546568248,-0.32594228526811725,3.136456030864816
291.334550434282,-2.0355549961366507e-13,-2.4737996816025607,-0.325942556887961,3.148477614951848
291.334550434282,0.09252558422991049,-2.473694546570503,-0.3259422852689921,3.161321500250414
291.33455043428205,0.18505462757928764,-2.4733791304890014,-0.32594145039906613,3.174988167921111
291.33455043428205,-0.18505462757969476,-2.4733791304878863,-0.32594145039958233,3.1252563643900495
291.4708489488925,-2.0355549961366507e-13,-2.4739795007337335,-0.33043800602234863,3.1292451262077043
291.4708489488925,0.09166187112341671,-2.47387630574384,-0.33043781074421374,3.141966225843202
291.4708489488926,-0.18332723282453034,-2.4735667097926,-0.33043720557529,3.1062290744680245
291.4708489488926,-0.09166187112382382,-2.473876305743113,-0.33043781074444023,3.1173328718619837
291.4708489488926,0.18332723282412325,-2.473566709794332,-0.33043720557546125,3.1554966574434373
291.60654551578057,0.09079702346701363,-2.474057878576514,-0.3349279619611778,3.122730764001736
291.60654551578057,-0.09079702346742073,-2.4740578785771397,-0.3349279619624195,3.09832983033097
291.60654551578057,-2.0355549961366507e-13,-2.474159150187502,-0.3349280812019866,3.110132578243775
291.6065455157806,-0.18159756901086907,-2.4737540527615223,-0.3349275855822516,3.0873221271867144
291.6065455157807,0.18159756901046198,-2.47375405276183,-0.334927585581342,3.136124879774184
291.7416494201553,-2.0355549961366507e-13,-2.4743386461064523,-0.33941273908849845,3.0911383126484053
291.7416494201553,-0.08993103525876556,-2.474239281206632,-0.33941269543482927,3.0794452495879012
291.74164942015534,0.08993103525835844,-2.474239281207972,-0.3394126954355739,3.1036134564291205
291.74164942015534,-0.17986562413422894,-2.473941175511499,-0.3394125464848329,3.0685338694322755
291.74164942015534,0.17986562413382182,-2.4739411755111775,-0.3394125464836779,3.1168711785736916
291.87616139190476,-2.0355549961366507e-13,-2.474518005077384,-0.34389192379201067,3.0722618785894524
291.8761613919048,0.08906395448957863,-2.4744205302011104,-0.3438919551378374,3.0846138600692825
291.8761613919048,0.17813149417672752,-2.474128094545611,-0.3438920318433795,3.0977351212160182
291.8761613919049,-0.17813149417708374,-2.4741280945439517,-0.34389203184249545,3.0498638427841644
291.8761613919049,-0.08906395448998573,-2.4744205301977042,-0.3438919551351058,3.060678673679193
292.01009302055036,-2.0355549961366507e-13,-2.4746972437328094,-0.3483655970333291,3.053501304750169
292.01009302055036,0.17639513380370528,-2.474314826472716,-0.34836600281321384,3.0787147333879465
292.0100930205504,-0.1763951338041124,-2.474314826472303,-0.34836600281344626,3.031310085112373
292.0100930205504,-0.0881957584929373,-2.4746016421801453,-0.34836570264560546,3.042028135107887
292.0100930205504,0.0881957584925302,-2.4746016421801555,-0.34836570264529515,3.0657300013333866
292.1434443952811,-2.0355549961366507e-13,-2.4748763779562744,-0.35283370743543274,3.034856236817637
292.14344439528116,0.17465664474222675,-2.47450138709204,-0.35283440751358086,3.0598096797513223
292.14344439528116,-0.17465664474258297,-2.4745013870930044,-0.35283440751502776,3.0128722337402327
292.14344439528116,-0.08732649813227206,-2.4747826330119187,-0.3528338864597332,3.0234932740527585
292.14344439528116,0.08732649813186494,-2.474782633011295,-0.35283388645897845,3.0469615340697205
292.2762256976335,0.08645615796123178,-2.474963519814432,-0.3572964730296471,3.0283066941859635
292.2762256976335,-2.0355549961366507e-13,-2.475055424873645,-0.35729622157682106,3.016324911963601
292.27622569763355,-0.17291599610045483,-2.474687793504724,-0.35729721201063575,2.9945485332358457
292.27622569763355,0.17291599610009858,-2.474687793504669,-0.35729721201016246,3.0410181965726037
292.27622569763355,-0.086456157961588,-2.4749635198135396,-0.3572964730288595,3.0050723305725437
292.4084400418969,-2.0355549961366507e-13,-2.475234399593562,-0.3617530923727534,2.997906560078942
292.4084400418969,0.08558476780583694,-2.475144317671853,-0.3617534151481376,3.0097647167262003
292.4084400418969,-0.08558476780624406,-2.47514431767138,-0.36175341514761916,2.9867645316960285
292.40844004189694,0.17117324752671556,-2.4748740607278754,-0.36175436873240063,3.022339526339828
292.40844004189694,-0.17117324752712268,-2.474874060727243,-0.3617543687321394,2.976338210056809
292.5400925868844,-2.0355549961366507e-13,-2.4754133193389225,-0.3662042842646353,2.9796001289064504
292.54009258688444,0.16942843067292226,-2.4750602059273334,-0.36620584166796966,3.003772625165556
292.54009258688444,0.08471234349140812,-2.4753250437930583,-0.3662046771436165,2.991334552588998
292.54009258688444,-0.16942843067332938,-2.4750602059266873,-0.36620584166769377,2.9582402118095517
292.54009258688444,-0.08471234349176433,-2.475325043792758,-0.36620467714325744,2.968568824068722
292.6711922473682,-2.0355549961366507e-13,-2.475592199061337,-0.3706497611792594,2.9614040493601896
292.67119224736825,-0.08383887504291157,-2.4755057131163105,-0.37065022283030064,2.9504836407740953
292.67119224736825,-0.16768152558865132,-2.4752462439964757,-0.3706515942880344,2.9402529754045155
292.67119224736825,0.08383887504250445,-2.4755057131170966,-0.3706502228310075,2.9730146321770605
292.67119224736825,0.1676815255882442,-2.4752462439979936,-0.3706515942889561,2.9853159245990244
292.8017380217474,-2.0355549961366507e-13,-2.475771053389747,-0.3750894503609219,2.9433181327922835
292.80173802174744,-0.1659326430308927,-2.4754321894193487,-0.3750915534385367,2.922376302527157
292.80173802174744,0.08296441783909675,-2.475686340235052,-0.37508997935402344,2.954804775588057
292.80173802174744,0.16593264303053648,-2.4754321894225835,-0.37509155344083994,2.9669692560910854
292.80173802174744,-0.08296441783945298,-2.4756863402344482,-0.37508997935356597,2.9325087870269075
292.9317401397353,-2.0355549961366507e-13,-2.475949900511748,-0.37952334983573,2.925340636614881
292.9317401397353,-0.16418174243754916,-2.4756180603739497,-0.3795257167398898,2.9046084589819006
292.9317401397354,0.0820889515994748,-2.475866943331196,-0.3795239446368032,2.936703238244487
292.9317401397354,-0.0820889515998819,-2.475866943331037,-0.3795239446368463,2.9146425237001368
292.9317401397354,0.1641817424371929,-2.475618060377737,-0.37952571674263896,2.9487308745456584
293.061204123817,-0.08121248656125889,-2.4760475366200296,-0.38395209390582796,2.896883766188426
293.061204123817,-2.0355549961366507e-13,-2.4761287546647752,-0.3839514349297018,2.9074704766438164
293.061204123817,0.16242884428223278,-2.475803871012541,-0.38395405912310643,2.930599702347122
293.06120412381705,-0.162428844282589,-2.4758038710106436,-0.38395405912201636,2.886948361650616
293.06120412381705,0.08121248656090267,-2.4760475366205075,-0.38395209390600477,2.918708938292173
293.190130768395,-1.526666247102488e-13,-2.4763076295966027,-0.38837362230459316,2.8897072240028
293.1901307683951,0.08033506446340245,-2.4762281338108756,-0.3883743437404337,2.900821453636624
293.1901307683951,-0.08033506446375868,-2.4762281338099896,-0.38837434373982255,2.8792320811799343
293.1901307683951,-0.16067403204473335,-2.4759896349081387,-0.3883764969051413,2.8693955751319695
293.1901307683951,0.16067403204437714,-2.475989634909383,-0.3883764969058027,2.912575326528557
293.3185276277193,-0.07945668059634367,-2.476408751683878,-0.39279067662740386,2.861686112164579
293.3185276277193,0.07945668059598744,-2.4764087516833775,-0.39279067662685924,2.883039426501737
293.3185276277193,-1.526666247102488e-13,-2.4764865421056452,-0.39278989453335933,2.872049520721412
293.31852762771933,0.15891729630165255,-2.476175368806782,-0.3927930123267399,2.894656391162625
293.31852762771933,-0.15891729630200876,-2.4761753688060306,-0.3927930123264331,2.8519487460303856
293.4464007328441,-1.526666247102488e-13,-2.476665508160047,-0.39720025634987255,2.8544962243142793
293.4464007328441,-0.07857733970200967,-2.476589406195361,-0.3972010972211464,2.844244716909406
293.44640073284415,-0.15715864654035597,-2.4763610886221974,-0.3972036098004021,2.8346067341444123
293.44640073284415,0.15715864653999975,-2.4763610886232628,-0.39720360980099406,2.876841758597445
293.4464007328442,0.07857733970165345,-2.4765894061964717,-0.39720109722213787,2.865361715929239
293.57375465769735,-1.526666247102488e-13,-2.4768445413111273,-0.4016046605986742,2.8370463968249195
293.5737546576974,0.15539811078107238,-2.4765468077726824,-0.40160824187065214,2.8591304984364005
293.5737546576974,-0.1553981107814286,-2.476546807770284,-0.40160824186883654,2.817368601546565
293.5737546576974,-0.07769705579188885,-2.476770110862434,-0.40160555829116096,2.8269069565239064
293.5737546576974,0.07769705579153262,-2.4767701108654316,-0.4016055582937985,2.8477873867940473
293.70059199497354,-1.526666247102488e-13,-2.477023654794961,-0.4060030386728381,2.819699374619377
293.7005919949736,-0.07681585605417682,-2.4769508788764347,-0.4060039911615249,2.8096721647534744
293.7005919949736,0.07681585605387148,-2.476950878878844,-0.40600399116355423,2.8303157801481675
293.70059199497365,-0.15363574340075284,-2.4767325393098445,-0.40600683965059764,2.8002336814265374
293.70059199497365,0.1536357434004475,-2.476732539312491,-0.40600683965265133,2.8415219584824363
293.8269178724338,0.07593374958775352,-2.477131725419884,-0.4103963664340764,2.8129458903495057
293.8269178724338,-0.07593374958805886,-2.4771317254171645,-0.4103963664317043,2.792539333510646
293.8269178724338,-1.526666247102488e-13,-2.4772028638175967,-0.41039536123257275,2.802454149936378
293.82691787243385,-0.1518715625962412,-2.476918298340095,-0.41039937356078865,2.7832009671633626
293.8269178724339,0.151871562595885,-2.4769182983428033,-0.4103993735628355,2.8240151370054014
293.9527384705454,-0.07505073738546093,-2.477312665734757,-0.4147826825713179,2.77550731663005
293.9527384705454,-1.526666247102488e-13,-2.477382183648712,-0.4147816268051092,2.7853095759099005
293.9527384705454,-0.15010557035174565,-2.477104100047905,-0.4147858418906347,2.7662693149598323
293.95273847054546,0.15010557035144032,-2.4771041000487766,-0.4147858418907673,2.8066088907415905
293.95273847054546,0.07505073738515561,-2.4773126657374767,-0.41478268257365564,2.7956765714993126
294.07805821219796,-1.526666247102488e-13,-2.4775616283639517,-0.41916181535096864,2.768264749789839
294.078058212198,-0.14833779180988166,-2.4772899583744135,-0.41916622437560286,2.749437822319228
294.078058212198,0.14833779180957632,-2.4772899583732357,-0.4191662243737056,2.7893023239514423
294.078058212198,-0.2225170148450379,-2.476950325776491,-0.4191717074698422,2.740852209580529
294.0780582121981,0.07416683201761448,-2.4774937138702993,-0.4191629194837671,2.778506923444845
294.0780582121981,0.2225170148446817,-2.476950325775085,-0.4191717074677048,2.8006516538365784
294.0780582121981,-0.07416683201791982,-2.4774937138695083,-0.4191629194832725,2.75857521058039
294.20288148429273,0.07328204571250546,-2.4776748834445024,-0.42353704408115217,2.7614360543929743
294.20288148429273,0.1465682514247383,-2.4774758868328552,-0.42354048778267284,2.77209454918009
294.20288148429273,-1.526666247102488e-13,-2.477741211624976,-0.4235358938344905,2.7513187772415537
294.2028814842928,-0.07328204571281079,-2.4776748834465723,-0.4235370440833065,2.7417421202825083
294.2028814842928,-0.2198627848910763,-2.4771441855068073,-0.42354620377500124,2.724208822031223
294.2028814842928,-0.14656825142504365,-2.4774758868343616,-0.423540487784768,2.732705595214444
294.2028814842928,0.21986278489077096,-2.477144185505128,-0.42354620377277735,2.783294969407408
294.3272126379664,0.21720594791572714,-2.4773380430149294,-0.4279145379620199,2.7660363043586935
294.3272126379664,-1.526666247102488e-13,-2.4779209469222536,-0.42790383092979545,2.7344707722895767
294.32721263796645,0.07239639035813127,-2.477856187916614,-0.4279050249997444,2.744463080854795
294.32721263796645,0.14479697297297198,-2.4776618987671686,-0.4279086006168463,2.754984687203252
294.32721263796645,-0.21720594791603248,-2.4773380430172427,-0.42791453796457807,2.7076641545993505
294.32721263796645,-0.0723963903584366,-2.477856187918031,-0.42790502500140665,2.725007159052599
294.32721263796645,-0.1447969729732773,-2.4776618987685586,-0.4279086006186963,2.716071748031272
294.45105598881526,0.2145465385805736,-2.4775319112758973,-0.43227668003924224,2.7488747935940805
294.45105598881526,-0.21454653858087894,-2.477531911278523,-0.432276680041771,2.691217332872618
294.45105598881526,-1.526666247102488e-13,-2.478100847578876,-0.4322655969931256,2.7177198572610135
294.45105598881526,0.07150987750876008,-2.478037640567713,-0.43226683255445075,2.7275871275900445
294.4510559888153,-0.07150987750906541,-2.478037640566387,-0.4322668325537734,2.708369448545218
294.4510559888153,-0.14302397956271182,-2.47784800734215,-0.4322705330765771,2.6995354035114603
294.4510559888153,0.14302397956240648,-2.477848007341847,-0.43227053307579855,2.737971866973134
294.57441581711987,0.07062251838940901,-2.4782192545084762,-0.43662243871480494,2.7108073275510756
294.57441581711987,0.14124929364271993,-2.478034225545238,-0.43662625702510255,2.7210552255637244
294.57441581711987,-1.526666247102488e-13,-2.478280926749615,-0.4366211640315033,2.701065162728702
294.5744158171199,-0.07062251838971435,-2.4782192545071458,-0.4366224387142183,2.691828118696071
294.5744158171199,-0.14124929364302524,-2.478034225543599,-0.43662625702401175,2.683095692695506
294.5744158171199,0.21188459055888598,-2.477725803075465,-0.43663260169793033,2.731809580050583
294.57441581712,-0.21188459055919132,-2.4777258030747924,-0.43663260169723034,2.6748674907374026
294.69729636807045,-0.13947293701567318,-2.4782205661778924,-0.44097574595603845,2.6667517548651736
294.6972963680705,-1.526666247102488e-13,-2.478461197405023,-0.4409705056572472,2.684505827454108
294.69729636807057,0.13947293701536784,-2.4782205661797625,-0.4409757459574473,2.7042339081160613
294.69729636807057,-0.20922013655210972,-2.477919731002156,-0.4409822762766235,2.6586137703218324
294.69729636807057,-0.06973432390128931,-2.4784010426698284,-0.440971817066098,2.6753823076643686
294.69729636807057,0.06973432390098398,-2.4784010426709853,-0.4409718170665451,2.6941228218266895
294.6972963680706,0.2092201365518044,-2.4779197310057572,-0.4409822762800071,2.7148398146455945
294.81970185199276,-1.526666247102488e-13,-2.478641672336584,-0.4453135970621493,2.6680409983299853
294.81970185199276,-0.137694930843354,-2.4784070418646147,-0.44531897496497336,2.6505027374857244
294.81970185199276,0.13769493084304865,-2.4784070418659625,-0.44531897496593115,2.6875070677830855
294.8197018519928,0.06884530462511405,-2.4785830178034303,-0.4453149427762783,2.6775327595856675
294.8197018519928,-0.0688453046253685,-2.47858301780172,-0.445314942775323,2.659031161775141
294.8197018519928,-0.20655320830268947,-2.4781137074659343,-0.4453256787471413,2.642455321938538
294.8197018519928,0.206553208302435,-2.4781137074680926,-0.4453256787490996,2.6979646562236086
294.94163644457296,-0.1359152956597287,-2.478593665025774,-0.4496559206986151,2.634347796148198
294.94163644457296,0.06795547082873153,-2.4787651924652803,-0.44965179255690296,2.6610362980201803
294.94163644457296,-0.06795547082898598,-2.478765192464359,-0.44965179255658083,2.6427738354613477
294.94163644457296,0.13591529565942337,-2.478593665026635,-0.4496559206991074,2.670873865674396
294.94163644457296,-1.526666247102488e-13,-2.4788223641517764,-0.44965041498261527,2.6516698303228936
294.941636444573,-0.20388383661060783,-2.4783077446628656,-0.4496627856505675,2.6263913040273987
294.941636444573,0.2038838366103025,-2.478307744663837,-0.44966278565133927,2.6811832715027832
295.0631042870848,-0.20121205134636214,-2.4785018545937314,-0.45399357508442795,2.610420883097876
295.0631042870848,0.06706483246921169,-2.478947579018729,-0.4539823446294829,2.6446326022889326
295.0631042870848,-1.526666247102488e-13,-2.4790032852580546,-0.4539809376548949,2.6353914864154637
295.0631042870848,0.2012120513461077,-2.4785018545947977,-0.4539935750851618,2.6644948350212356
295.06310428708485,-0.13413405137914075,-2.4787804478877904,-0.45398656133166054,2.6182860945111743
295.06310428708485,0.13413405137888632,-2.478780447889043,-0.45398656133261156,2.6543334708007564
295.06310428708485,-0.06706483246946612,-2.4789475790191933,-0.45398234463013803,2.6266094912056803
295.1841094866152,-1.526666247102488e-13,-2.47918444787848,-0.45830514479988693,2.619205137548569
295.1841094866152,-0.0661733991991563,-2.479130189642055,-0.4583065787054077,2.6105372994823997
295.1841094866152,0.19853788146531515,-2.4786960490568974,-0.45831802666501537,2.6478985290831143
295.1841094866153,0.13235121730562327,-2.478967402486532,-0.45831087654022645,2.637885060018397
295.1841094866153,-0.1323512173059286,-2.478967402488173,-0.4583108765418481,2.6023168042426743
295.1841094866153,-0.1985378814655696,-2.4786960490577963,-0.4583180266662317,2.594543233671353
295.1841094866153,0.06617339919885096,-2.4791301896388203,-0.45830657870249797,2.6283208454601836
295.3046561162912,-1.526666247102488e-13,-2.4793658640361507,-0.4626230175788502,2.6031099625633183
295.3046561162912,-0.19586135502306337,-2.478890339631496,-0.4626361214836226,2.5787575382232406
295.3046561162912,-0.06528118037005769,-2.479313036305443,-0.46262447593465644,2.594556438698821
295.30465611629126,0.19586135502275803,-2.478890339631894,-0.4626361214835115,2.6313935437045077
295.30465611629126,0.1305668121435349,-2.479154540647324,-0.4626288474538161,2.621527817973199
295.30465611629126,0.06528118036980324,-2.4793130363051503,-0.46262447593455175,2.6121002084546188
295.30465611629126,-0.13056681214378935,-2.4791545406493123,-0.4626288474558645,2.5864391049617215
295.42474821550604,0.1931824991863782,-2.4790847376887952,-0.4669478420826573,2.6149790765592593
295.42474821550604,-1.526666247102488e-13,-2.47954754554895,-0.4669345385587417,2.5871051481429608
295.4247482155061,-0.128780854005244,-2.479341873988786,-0.4669404566288773,2.570652184179919
295.4247482155061,0.12878085400498954,-2.4793418739888797,-0.4669404566286231,2.6052609370446747
295.4247482155061,0.06438818503840536,-2.4794961307804586,-0.4669360188850179,2.5959698799880337
295.4247482155061,-0.06438818503865981,-2.479496130779053,-0.46693601888372704,2.5786660951368767
295.4247482155061,-0.19318249918668354,-2.4790847376862004,-0.46694784208065787,2.563062987124966
295.54438979014606,-1.526666247102488e-13,-2.479729504033502,-0.4712396916865903,2.571189888754648
295.54438979014606,-0.06349442197026604,-2.4796794846278596,-0.4712411915007701,2.56286546289453
295.54438979014606,0.19050134025101706,-2.4792792543781013,-0.47125317241834275,2.598654332924494
295.5443897901461,0.0634944219700116,-2.4796794846287686,-0.4712411915012641,2.5799290565140316
295.5443897901461,-0.19050134025127152,-2.4792792543756486,-0.471253172416236,2.547458778585909
295.5443897901461,-0.1269933604207466,-2.4795294139176045,-0.47124568801339645,2.5549552372428104
295.5443897901461,0.12699336042049217,-2.4795294139185087,-0.47124568801389677,2.5890836172899334
295.66358481281696,0.06259989964352271,-2.4798631092070957,-0.47553997908170537,2.5639769421665237
295.66358481281696,-0.06259989964377714,-2.4798631092043197,-0.47553997907983997,2.547153743826989
295.66358481281696,-1.526666247102488e-13,-2.4799117508980606,-0.47553846225379315,2.5553633865912024
295.663584812817,0.18781790365205392,-2.479473900628282,-0.4755520978269304,2.5824185256261347
295.663584812817,0.12520434834748811,-2.47971717163109,-0.47554452692094235,2.572995066387434
295.663584812817,-0.12520434834774255,-2.479717171629388,-0.47554452691975735,2.539347467271333
295.6635848128171,-0.18781790365230835,-2.4794739006281548,-0.47555209782684077,2.5319441185951956
295.78233722307056,0.061704626255864224,-2.4800470156502588,-0.479832368232564,2.548112748702198
295.78233722307056,-0.06170462625611867,-2.480047015649716,-0.4798323682329492,2.531530147488062
295.78233722307056,-1.526666247102488e-13,-2.480094297332336,-0.47983083685750544,2.539624851512702
295.7823372230706,-0.12341383417972664,-2.4799051581045823,-0.47983695999018133,2.5238280851030206
295.7823372230706,0.12341383417947219,-2.47990515810523,-0.4798369599902493,2.556994499580701
295.7823372230706,-0.1851322139792475,-2.4796686871484397,-0.4798446049979683,2.5165182208634596
295.7823372230706,0.18513221397899307,-2.4796686871477185,-0.4798446049972516,2.5662708749842893
295.9006509276309,0.18244429498889866,-2.4798636243951884,-0.48413068169122886,2.5502106087585004
295.9006509276309,-0.060808609726668204,-2.4802312148698538,-0.4841183466156001,2.5159938910713073
295.9006509276309,-1.0177774980683254e-13,-2.4802771543031032,-0.48411680314463873,2.523973500988128
295.900650927631,-0.12162183375519962,-2.4800933840768002,-0.4841229749156207,2.5083963092332366
295.900650927631,0.12162183375494517,-2.4800933840781987,-0.4841229749162572,2.54108113962195
295.900650927631,-0.1824442949891531,-2.4798636243948007,-0.4841306816909391,2.5011803067644456
295.90065092763103,0.060808609726413755,-2.4802312148700207,-0.4841183466147822,2.5323356954429377
296.0185297747469,-0.11982836276096252,-2.480281857659524,-0.48840252792485356,2.493051369121334
296.0185297747469,0.11982836276070809,-2.4802818576598247,-0.4884025279243872,2.525254220186607
296.0185297747469,0.059911857898775366,-2.4804157151894257,-0.4883978704174087,2.5166450126591884
296.0185297747469,-1.0177774980683254e-13,-2.480460330206219,-0.4883963172939229,2.5084085634502142
296.018529774747,-0.059911857899029815,-2.480415715189404,-0.488397870418361,2.5005442027391993
296.018529774747,-0.17975417021156512,-2.480058720128997,-0.48841028419922383,2.4859296086208444
296.018529774747,0.17975417021131068,-2.480058720128232,-0.4884102841984215,2.534236965596123
296.135974093923,-1.0177774980683254e-13,-2.48064383498889,-0.49266933502945576,2.492929733873204
296.135974093923,0.11803348975348986,-2.480470588537692,-0.49267557485093594,2.5095134491857407
296.135974093923,-0.17706194247829463,-2.4802539836989754,-0.492683368486577,2.470765815968585
296.135974093923,-0.11803348975374431,-2.4804705885389415,-0.49267557485290386,2.4777929542539776
296.13597409392304,0.1770619424780402,-2.48025398369743,-0.492683368484896,2.5183496626694586
296.13597409392304,-0.05901440505205141,-2.480600526491439,-0.49267089539394465,2.485180773791086
296.13597409392304,0.05901440505184786,-2.4806005264914956,-0.4926708953931581,2.501040400862473
296.25299091633696,-1.0177774980683254e-13,-2.480827681050679,-0.49693587479424384,2.477535826188452
296.25299091633696,-0.17436755986788058,-2.4804494270889146,-0.49694995323378344,2.4556877553515752
296.252990916337,-0.11623718011811801,-2.4806595889266445,-0.49694213424506684,2.4626198857189934
296.252990916337,0.058116233877612423,-2.480785661129855,-0.4969374400114824,2.4855206722848666
296.252990916337,-0.05811623387786687,-2.4807856611288432,-0.49693744001122625,2.469902421110337
296.252990916337,0.11623718011786356,-2.4806595889280136,-0.49694213424551004,2.4938576384049935
296.25299091633707,0.17436755986762614,-2.480449427088341,-0.496949953232843,2.502547512570384
296.36958402367566,-1.0177774980683254e-13,-2.4810118787988875,-0.5011959581269986,2.4622260869626174
296.3695840236757,-0.05721735122993541,-2.4809711294520627,-0.5011975258338128,2.4547083911072125
296.3695840236757,-0.17167104294019175,-2.4806450601962995,-0.5012100602057222,2.440694677453174
296.3695840236757,0.17167104293993732,-2.4806450601987895,-0.5012100602075709,2.4868297715088734
296.3695840236757,0.11443944756084942,-2.4808488690075055,-0.5012022277435401,2.478286039311056
296.3695840236757,-0.11443944756105298,-2.4808488690049653,-0.5012022277418868,2.44753141129904
296.3695840236757,0.05721735122973186,-2.4809711294524663,-0.5011975258337061,2.470085075178515
296.48575716589113,-1.0177774980683254e-13,-2.4811964363493697,-0.5054495557456934,2.4469997700884765
296.48575716589113,0.056317763705490784,-2.481156939504816,-0.5054511236073921,2.4547328650818288
296.4857571658912,-0.056317763705745226,-2.481156939504416,-0.5054511236073613,2.439597937547073
296.4857571658912,0.11264030527676228,-2.4810384366029887,-0.5054558261747321,2.462797910606159
296.4857571658912,-0.16897241148621694,-2.4808408904915384,-0.5054636603773773,2.425785840337427
296.4857571658912,0.1689724114859625,-2.4808408904934662,-0.5054636603786278,2.4711957028689655
296.4857571658912,-0.11264030527701673,-2.4810384366020615,-0.5054558261744269,2.4325267861500683
296.60151158065236,-1.0177774980683254e-13,-2.4813813611974753,-0.509696615242741,2.4318564609724023
296.60151158065236,0.16627174254545343,-2.481036924759538,-0.5097107016576153,2.45564491014548
296.60151158065236,-0.11083980462733643,-2.4812282988946834,-0.5097028772728923,2.4176055922151574
296.60151158065236,-0.05541749698631615,-2.4813430987037544,-0.5096981809606739,2.424570643245114
296.60151158065236,-0.166271742545657,-2.481036924759702,-0.5097107016582998,2.410960826794073
296.60151158065236,-0.2217181483150772,-2.48076891448875,-0.509721649896964,2.404635970415221
296.6015115806524,0.11083980462713289,-2.4812282988940493,-0.5097028772718617,2.447392848036719
296.6015115806524,0.22171814831482275,-2.480768914488425,-0.5097216498961776,2.4642207275576657
296.6015115806524,0.05541749698611259,-2.48134309870196,-0.5096981809587939,2.4394636317116003
296.71685078308866,-1.0177774980683254e-13,-2.481566663968082,-0.5139371286844973,2.4167954486222136
296.71685078308866,0.16356905920343573,-2.4812331730806174,-0.513951176507615,2.440176692227713
296.71685078308866,0.054516558766911166,-2.4815296176086252,-0.5139386899983038,2.4242766658630135
296.71685078308866,-0.054516558767114726,-2.4815296176110953,-0.5139386900006093,2.4096257969283434
296.7168507830887,-0.21811472394142922,-2.480973676510719,-0.5139620963256905,2.389980844386273
296.7168507830887,-0.10903796100253813,-2.4814184662642504,-0.5139433732767568,2.402767119446871
296.7168507830887,0.10903796100233457,-2.481418466263577,-0.5139433732759596,2.4320701456917657
296.7168507830887,0.21811472394122566,-2.48097367650996,-0.5139620963244507,2.4485972183716918
296.7168507830888,-0.1635690592036393,-2.4812331730793975,-0.5139511765067538,2.396218929507123
296.8317807849612,0.05361493664947369,-2.481716506872735,-0.5181726861681422,2.4091709333562648
296.8317807849612,0.16086432426640118,-2.4814296456668985,-0.5181851206927706,2.424790016741784
296.8317807849612,-0.16086432426665564,-2.4814296456662754,-0.5181851206919439,2.3815591260967257
296.8317807849612,0.21450856422403985,-2.4811785350279387,-0.5181959964197539,2.4330555907967915
296.8317807849612,-1.0177774980683254e-13,-2.4817523553612144,-0.5181711314710443,2.401815699881892
296.83178078496127,-0.21450856422424341,-2.481178535025998,-0.5181959964182671,2.3754083352959086
296.83178078496127,-0.05361493664967725,-2.4817165068733873,-0.5181726861687007,2.3947623677488985
296.83178078496127,0.1072347496059997,-2.48160894919927,-0.5181773497532314,2.4168287696522666
296.83178078496127,-0.10723474960620326,-2.4816089491986766,-0.5181773497523974,2.388010340589597
296.94630487837713,0.10543018698398442,-2.481799752208253,-0.5224047693455616,2.401668050858759
296.94630487837713,-1.0177774980683254e-13,-2.4819384402344347,-0.522398586110012,2.3869165404582695
296.9463048783772,-0.21089970225289115,-2.4813834934971575,-0.522423313233118,2.3609177764426326
296.9463048783772,0.2108997022526876,-2.4813834934972374,-0.5224233132333144,2.417595187027241
296.9463048783772,-0.05271263890710989,-2.481903771263049,-0.5224001320082095,2.3799796810545173
296.9463048783772,0.15815756255249788,-2.481626346591071,-0.5224124970281735,2.409484219502744
296.94630487837725,0.05271263890690634,-2.4819037712643217,-0.5224001320094349,2.394145761762432
296.94630487837725,-0.15815756255270144,-2.481626346590872,-0.5224124970272804,2.366980745706874
296.94630487837725,-0.10543018698418798,-2.4817997522070523,-0.5224047693438211,2.3733345821368723
297.0604212946566,0.15544891795526114,-2.4818232833482194,-0.5266332533499747,2.3942593134505827
297.06042129465663,-0.05180971350629926,-2.4820914188998526,-0.526620974897361,2.36527771637285
297.06042129465663,0.05180971350609571,-2.482091418901242,-0.5266209748988001,2.3792011434999583
297.06042129465663,-0.20728832987731124,-2.48158855887654,-0.5266439950144007,2.346509142327022
297.06042129465663,-1.0177774980683254e-13,-2.4821249267877716,-0.5266194399247099,2.3720979553704367
297.0604212946567,-0.1554489179554647,-2.4818232833498355,-0.5266332533507193,2.352483762606111
297.0604212946567,0.20728832987710769,-2.481588558876636,-0.5266439950150519,2.4022160331246853
297.0604212946567,0.10362436906833167,-2.4819908831712914,-0.5266255795979494,2.386587991036699
297.0604212946567,-0.10362436906853521,-2.4819908831726445,-0.5266255795985926,2.358739820032869
297.17413901993115,-0.05090612302275252,-2.4822794612884063,-0.5308352570561403,2.3506550694239925
297.1741390199312,0.05090612302254897,-2.4822794612885963,-0.5308352570565644,2.3643356642314557
297.1741390199312,-1.0177774980683254e-13,-2.4823118265719306,-0.5308337350790269,2.357358534807332
297.1741390199312,0.1527382782067594,-2.4820204670478745,-0.5308474323053596,2.3791138782108834
297.17413901993126,-0.15273827820696295,-2.482020467052461,-0.5308474323090605,2.3380667865895566
297.17413901993126,-0.10181722101163336,-2.4821823534528646,-0.5308398228970542,2.3442246565332825
297.17413901993126,0.1018172210114298,-2.4821823534506264,-0.5308398228954214,2.3715871723275748
297.17413901993126,0.20367429741311974,-2.4817937419258675,-0.5308580847854872,2.3869167072040507
297.17413901993126,-0.20367429741332327,-2.481793741926625,-0.5308580847853681,2.3321810512867187
297.28746065194747,-1.0177774980683254e-13,-2.4824991434481873,-0.5350414563372539,2.3426977029419747
297.28746065194747,0.05000187991666158,-2.4824679021983598,-0.535042963286465,2.3495487505670725
297.28746065194747,-0.05000187991686513,-2.4824679021986116,-0.5350429632865404,2.3361111634693947
297.28746065194747,0.10000876773366264,-2.4823741665438246,-0.5350474841548157,2.3566650253042614
297.28746065194747,0.20005765469777645,-2.481999045042078,-0.5350655679162328,2.3716966523402125
297.28746065194747,0.1500256806863979,-2.482217900730676,-0.5350550190009441,2.364047349844828
297.28746065194747,-0.20005765469798,-2.481999045045697,-0.5350655679186667,2.317932933000031
297.2874606519475,-0.15002568068660146,-2.4822179007331937,-0.5350550190029042,2.3237292436716035
297.2874606519475,-0.1000087677338662,-2.482374166544213,-0.5350474841548638,2.3297885155134264
297.4003846733886,-1.0177774980683254e-13,-2.4826868853403483,-0.5392425568466059,2.3281154169565634
297.4003846733886,-0.04909702935210647,-2.4826567494721643,-0.5392440467989412,2.321645950542043
297.4003846733886,-0.14731126087812188,-2.482415591620395,-0.539255967188918,2.3094710811036223
297.4003846733886,0.09819909956018781,-2.4825663300575993,-0.5392485167863506,2.341821522963982
297.4003846733886,0.04909702935190291,-2.4826567494717393,-0.539244046798502,2.334840366677126
297.4003846733886,0.14731126087791832,-2.482415591621603,-0.5392559671902755,2.3490597120152223
297.40038467338866,-0.09819909956039137,-2.482566330055585,-0.5392485167843927,2.315431345696011
297.40038467338866,-0.19643858236856912,-2.482204474915243,-0.5392663986430505,2.3037647350858834
297.40038467338866,0.19643858236841646,-2.4822044749132504,-0.5392663986423164,2.356555864699998
297.512920263497,-0.09638813474652622,-2.482758852286944,-0.543442943247789,2.3011517378854016
297.512920263497,0.14459489616788437,-2.48261354769316,-0.5434502996070191,2.3341495304922346
297.512920263497,-1.0177774980683254e-13,-2.4828750608059735,-0.5434370588493808,2.3136102547317643
297.51292026349705,-0.14459489616808793,-2.482613547691777,-0.5434502996055204,2.2952908976055335
297.51292026349705,0.192816916947328,-2.482410039061691,-0.5434606000881153,2.34149290795772
297.51292026349705,0.09638813474637355,-2.4827588522913047,-0.5434429432516842,2.3270552341433577
297.51292026349705,0.04819153045514287,-2.4828460116041122,-0.5434385298920623,2.320209085435132
297.51292026349705,-0.19281691694753156,-2.4824100390641255,-0.5434606000889268,2.28967506514814
297.51292026349705,-0.048191530455295534,-2.4828460116030024,-0.5434385298910533,2.307258014499703
297.6250666697645,-0.04728542154621314,-2.483035693029578,-0.5476263952904614,2.292947213981699
297.6250666697645,-1.0177774980683254e-13,-2.4830636743674264,-0.547624945013541,2.299182079180048
297.6250666697645,0.047285421546009586,-2.4830356930302444,-0.5476263952912107,2.3056547757785695
297.6250666697645,-0.18919281169963983,-2.4826157405757945,-0.5476481557991083,2.27566377951816
297.6250666697646,-0.14187670150998977,-2.482811772661463,-0.5476379994113235,2.2811885485261256
297.6250666697646,0.18919281169943628,-2.4826157405742735,-0.5476481557994435,2.3265076796365967
297.6250666697646,0.1418767015097862,-2.482811772662312,-0.5476379994125588,2.319316691518781
297.6250666697646,-0.0945759499302548,-2.482951737409842,-0.5476307464378515,2.286949548199677
297.6250666697646,0.09457594993010213,-2.4829517374118972,-0.5476307464395639,2.312366035556707
297.7368279747596,0.04637870174443085,-2.4832258021092724,-0.5518076352568562,2.2911766797667616
297.7368279747596,-0.13915667426340725,-2.483010274345848,-0.5518190594405903,2.267163281819614
297.7368279747596,-0.09276254335117826,-2.4831449935759653,-0.5518119188262929,2.2728240210862323
297.7368279747596,0.09276254335102559,-2.483144993575284,-0.5518119188256934,2.2977531711787584
297.7368279747596,-1.0177774980683254e-13,-2.4832527344548576,-0.5518062075318358,2.2848301318011353
297.7368279747596,0.1391566742632037,-2.483010274346881,-0.5518190594423747,2.304560442340977
297.73682797475965,0.18556626310419805,-2.4828215867847336,-0.5518290591086971,2.3115994316100887
297.73682797475965,-0.1855662631044016,-2.482821586784015,-0.5518290591061585,2.261730131012007
297.73682797475965,-0.04637870174458352,-2.483225802109154,-0.5518076352566312,2.2787127912838376
297.84820913951876,-0.09094789783414865,-2.483338624385412,-0.555986453572,2.25877429397523
297.84820913951876,-0.13643478866630546,-2.4832090558999935,-0.5559934731175431,2.2532142392748042
297.84820913951876,0.1364347886661019,-2.4832090558986017,-0.555993473117485,2.289879917825787
297.84820913951876,-1.0177774980683254e-13,-2.483442245033823,-0.5559808393612643,2.2705535451532692
297.84820913951876,0.09094789783399598,-2.4833386243839897,-0.5559864535712694,2.283215773824449
297.8482091395188,-0.04547136246270548,-2.483416342713987,-0.5559822427949455,2.264553880759374
297.8482091395188,-0.18193723681396362,-2.483027580219564,-0.5560033038080137,2.247873267058575
297.8482091395188,0.18193723681381097,-2.483027580218026,-0.5560033038083732,2.296767302079915
297.8482091395188,0.04547136246250193,-2.4834163427139417,-0.5559822427951229,2.27677392944509
297.9592086673055,0.17830590756469233,-2.483233726707116,-0.5601708760482621,2.282011291031954
297.9592086673055,-0.044563447388627234,-2.4836073218295294,-0.5601502029001207,2.2504704398278332
297.9592086673055,0.04456344738847457,-2.4836073218281713,-0.560150202899484,2.26244649397399
297.9592086673055,-1.0177774980683254e-13,-2.4836322131586317,-0.560148825413046,2.256352281645468
297.9592086673055,0.08913210075363397,-2.4835326365930785,-0.5601543359003697,2.268753821167435
297.9592086673056,0.22292156040885916,-2.48300936642341,-0.5601832897132349,2.288963421453424
297.9592086673056,-0.17830590756484502,-2.483233726707039,-0.5601708760464837,2.2340931406814812
297.9592086673056,-0.22292156040906272,-2.4830093664245,-0.560183289712444,2.229055259767449
297.9592086673056,0.1337111757764679,-2.4834081236874113,-0.5601612260452349,2.275275105922034
297.9592086673056,-0.13371117577667146,-2.483408123689887,-0.5601612260459097,2.2393413736183883
297.95920866730563,-0.08913210075378664,-2.4835326365966415,-0.5601543359023969,2.244800321058707
298.0698358542079,0.0436549115991258,-2.483798743407459,-0.5643115104079017,2.2481929514360965
298.06983585420795,0.08731506226522379,-2.4837270338996444,-0.5643155608197619,2.2543658866613034
298.06983585420795,0.1746720956806927,-2.4834400289156697,-0.5643317715183083,2.2673299654779426
298.06983585420795,-1.0177774980683254e-13,-2.4838226428726156,-0.5643101604708574,2.242224924927746
298.06983585420795,-0.17467209568084535,-2.483440028915988,-0.5643317715166175,2.220388367175181
298.069835854208,-0.08731506226537646,-2.4837270339012565,-0.5643155608195811,2.230900699934809
298.069835854208,-0.04365491159927847,-2.4837987434084194,-0.5643115104079985,2.2364610586445175
298.069835854208,-0.2183795445648671,-2.483224599417755,-0.5643439390600503,2.2154355580804417
298.069835854208,-0.13098570083155367,-2.4836074809816995,-0.5643223135153356,2.225543290828366
298.069835854208,0.21837954456471445,-2.4832245994155158,-0.5643439390599324,2.2741230998867485
298.069835854208,0.13098570083140101,-2.4836074809804334,-0.5643223135161856,2.2607445763928866
298.18008592251334,-0.12825857421925,-2.4838071326334568,-0.5684767222844714,2.2118203559909158
298.18008592251334,-0.17103608166765155,-2.4836464911157554,-0.5684859775276325,2.206759309122551
298.18008592251334,0.12825857421909734,-2.483807132631797,-0.5684767222851559,2.2462887508659666
298.18008592251334,0.1710360816674989,-2.483646491112563,-0.5684859775269947,2.2527237633875528
298.18008592251334,-1.0177774980683254e-13,-2.484013539787106,-0.5684648305880871,2.2281718594613524
298.18008592251334,0.08549692263193934,-2.483921821575429,-0.5684701146909032,2.240052377568297
298.18008592251334,-0.085496922632092,-2.483921821574934,-0.5684701146887586,2.2170758001708264
298.1800859225134,-0.04274582522746746,-2.4839906129771765,-0.5684661514489462,2.222526113235214
298.1800859225134,0.21383477621002617,-2.4834398197104988,-0.5684978850328699,2.259358461965045
298.1800859225134,0.04274582522731479,-2.4839906129773204,-0.5684661514498268,2.234013696704842
298.1800859225134,-0.21383477621022973,-2.483439819714428,-0.5684978850342962,2.2018922801163163
298.28997023112527,-0.1255296066887674,-2.484007082054344,-0.5726244493706664,2.1981709264981593
298.28997023112527,0.20928693995717546,-2.4836550293840984,-0.5726451256567635,2.2446678035068492
298.28997023112527,0.1255296066886147,-2.484007082053378,-0.5726244493718752,2.2319059358754116
298.28997023112527,-5.088887490341627e-14,-2.4842049080531643,-0.5726128322178587,2.214191413704461
298.28997023112527,0.04183612518625599,-2.48418293460894,-0.5726141225432513,2.2199070501508724
298.28997023112527,-0.08367755568270308,-2.4841170034471314,-0.5726179942201903,2.203323968736204
298.28997023112527,-0.04183612518640866,-2.484182934609244,-0.5726141225426306,2.208663940924537
298.28997023112527,0.0836775556825504,-2.4841170034461952,-0.572617994220976,2.2258116069508858
298.28997023112527,-0.2092869399573281,-2.483655029386058,-0.5726451256563443,2.1884238064438652
298.2899702311253,0.16739761320122495,-2.483853116126083,-0.5726334915319053,2.2381909855468236
298.2899702311253,-0.16739761320137764,-2.4838531161276403,-0.5726334915309542,2.1932043351156953
298.39948297000916,-0.08185711822547634,-2.484312583154055,-0.576759186652967,2.18964570586202
298.39948297000916,-0.2047364277766526,-2.4838702301692286,-0.5767856497994125,2.175030626869917
298.39948297000916,-0.04092588988166029,-2.484375712217532,-0.5767554107033879,2.1948750494538682
298.39948297000916,-5.088887490341627e-14,-2.4843967516777217,-0.5767541523013502,2.200284104925609
298.39948297000916,0.20473642777649995,-2.4838702301664113,-0.5767856497990019,2.230051719664077
298.39948297000916,0.04092588988150763,-2.484375712216003,-0.576755410703119,2.2058735405864587
298.3994829700092,-0.12279903344522872,-2.4842073324286913,-0.5767654823987267,2.1845954970882264
298.3994829700092,-0.16375700387555517,-2.484059906503045,-0.5767743016953188,2.179723936417743
298.3994829700092,0.08185711822532367,-2.484312583153557,-0.5767591866544445,2.2116441171814625
298.3994829700092,0.1637570038754025,-2.4840599065027895,-0.5767743016972038,2.223732207497757
298.3994829700092,0.12279903344507605,-2.4842073324295986,-0.5767654824015771,2.217596689370117
298.508635337918,-5.088887490341627e-14,-2.4845890749704216,-0.5808887888015469,2.186448290604042
298.508635337918,-0.20018292453777667,-2.4840854243469366,-0.5809194571574305,2.1617111510671587
298.50863533791807,-0.040015056277936355,-2.4845689500290327,-0.5808900139608815,2.1811578051666167
298.50863533791807,-0.08003548419202801,-2.484508564682581,-0.5808936902242754,2.1760393875436512
298.50863533791807,0.20018292453762399,-2.4840854243432577,-0.5809194571562691,2.21550853542835
298.50863533791807,0.1601140015717366,-2.484266865262229,-0.5809084070930987,2.2093457591500987
298.50863533791807,0.1200666653917833,-2.4844078873436404,-0.5808998199561142,2.203359346968176
298.50863533791807,0.04001505627778369,-2.4845689500279633,-0.5808900139611729,2.1919115174148587
298.50863533791807,0.08003548419187535,-2.484508564681804,-0.5808936902258252,2.1975482503760833
298.50863533791807,-0.12006666539193597,-2.484407887344175,-0.5808998199545822,2.171092454195708
298.50863533791807,-0.16011400157188926,-2.4842668652629345,-0.5809084070920929,2.1663165106892426
298.6174226922706,0.11733270792056115,-2.484608748128478,-0.5850274502205242,2.1891943150370383
298.6174226922706,-0.1956267725269571,-2.484300611684918,-0.5850465370854366,2.148465726998554
298.6174226922706,-0.07821279051444802,-2.484704949851604,-0.5850214927562574,2.1625053694027727
298.6174226922706,-5.088887490341627e-14,-2.4847818801362394,-0.5850167292490488,2.1726843409643073
298.6174226922707,-0.1173327079207138,-2.484608748128663,-0.5850274502187923,2.1576621489893006
298.6174226922707,0.03910369284235047,-2.484762650155223,-0.5850179199224509,2.1780213610098986
298.6174226922707,0.07821279051429535,-2.484704949852037,-0.5850214927587404,2.18352439895617
298.6174226922707,0.19562677252680444,-2.4843006116818573,-0.5850465370847642,2.2010386907557455
298.6174226922707,0.15646888013440774,-2.4844739930508255,-0.5850357964127914,2.1950320627160718
298.6174226922707,-0.03910369284250314,-2.484762650153967,-0.5850179199200881,2.1675125700365507
298.6174226922707,-0.15646888013450952,-2.4844739930501216,-0.5850357964106778,2.152982406545738
298.7258538971802,-0.07638894772444559,-2.484901742844437,-0.5891425938197706,2.149042326784501
298.7258538971802,-0.15282146064001464,-2.4846812931087143,-0.5891564701515669,2.139720317041985
298.7258538971802,-0.038191754840375604,-2.484956817014074,-0.5891391279258881,2.153938011975457
298.7258538971802,0.1910677481019903,-2.4845157947192997,-0.5891668907901917,2.1866408288822563
298.7258538971802,-5.088887490341627e-14,-2.4849751716749546,-0.5891379729123983,2.1589909174329156
298.72585389718023,-0.11459702683322268,-2.4848099185722745,-0.5891483731457495,2.1443032651952567
298.72585389718023,-0.19106774810214294,-2.484515794720508,-0.5891668907892341,2.135293057994547
298.72585389718023,0.038191754840273824,-2.484956817015847,-0.5891391279284801,2.164201727261271
298.72585389718023,0.11459702683307,-2.484809918573548,-0.5891483731485048,2.175100241239858
298.72585389718023,0.07638894772434382,-2.4849017428461346,-0.5891425938228357,2.169571214223483
298.7258538971803,0.152821460639862,-2.484681293109112,-0.5891564701535172,2.1807897631700723
298.83392762920477,-0.0372792825598689,-2.485151450668297,-0.5932536258140356,2.1404340788974006
298.83392762920477,-0.14917190422665308,-2.4848887639351744,-0.5932704171329455,2.1265301861545938
298.83392762920477,-5.088887490341627e-14,-2.4851689497486946,-0.5932525075623808,2.145367972517456
298.83392762920477,0.037279282559716236,-2.485151450668185,-0.5932536258146675,2.1504525749102466
298.8339276292048,-0.22386776187595583,-2.4845379281016258,-0.5932928566260817,2.118004108323481
298.8339276292048,-0.18650605267524176,-2.4847309710016554,-0.5932805076799237,2.1221930900017396
298.8339276292048,-0.0745640363970735,-2.485098943411745,-0.5932569814481732,2.135650204649696
298.8339276292048,-0.11185974298835225,-2.485011397906319,-0.5932625770965457,2.131015746461785
298.8339276292048,0.11185974298819958,-2.48501139790608,-0.5932625770976325,2.161077101706165
298.8339276292048,0.07456403639697172,-2.4850989434126753,-0.5932569814500516,2.1556886627931795
298.8339276292048,0.22386776187585408,-2.4845379280996136,-0.5932928566266344,2.17816655184092
298.8339276292048,0.18650605267508907,-2.484730971002116,-0.5932805076824675,2.1723149498890817
298.8339276292048,0.1491719042265004,-2.4848887639340878,-0.5932704171337068,2.1666188477968147
298.9416482910194,0.18194164544818447,-2.484946143355464,-0.5973873902646034,2.1580602950441508
298.9416482910194,-5.088887490341627e-14,-2.4853632190730286,-0.5973603335274039,2.131814737444606
298.9416482910195,-0.2183908409037804,-2.484762303785247,-0.5973993248251428,2.105059919685713
298.9416482910195,-0.18194164544828625,-2.4849461433544007,-0.5973873902615865,2.1091650752448707
298.9416482910195,-0.1455201782543513,-2.485096409036109,-0.5973776390657217,2.1134112594261425
298.9416482910195,0.07273804021099732,-2.48529655596992,-0.5973646563161129,2.1418759761818063
298.9416482910195,0.03636626784003594,-2.485346555756388,-0.5973614139987318,2.1367731347076315
298.9416482910195,-0.03636626784013772,-2.4853465557562724,-0.5973614139981225,2.1270000037462786
298.9416482910195,-0.07273804021114999,-2.4852965559671993,-0.5973646563127939,2.1223282389006437
298.9416482910195,-0.10912083190504233,-2.4852131901665877,-0.5973700631731749,2.117798832890717
298.9416482910195,0.10912083190488968,-2.4852131901666943,-0.59737006317454,2.1471241299602704
298.9416482910195,0.2183908409036277,-2.4847623037838,-0.5973993248257448,2.163750497267133
298.9416482910195,0.1455201782542495,-2.485096409035313,-0.5973776390667945,2.1525185533708466
299.0490199826994,-0.17737449566327715,-2.4851613067770333,-0.6014875274867255,2.096208306692448
299.0490199826994,0.07091094686164334,-2.4854945778891673,-0.6014656062240576,2.128132428340836
299.0490199826994,-0.07091094686174512,-2.485494577886966,-0.6014656062214238,2.109075706795138
299.0490199826994,-0.14186625811528497,-2.4853042244354886,-0.6014781244095813,2.1003628233280143
299.0490199826994,0.2129106290826151,-2.484986451582059,-0.6014990369021767,2.1494057107131272
299.0490199826994,0.1418662581151832,-2.4853042244339782,-0.6014781244101598,2.1384881597540923
299.0490199826994,0.10638027512640694,-2.485415292169188,-0.6014708194570176,2.1332406022782027
299.0490199826994,-0.1063802751265596,-2.4854152921681876,-0.6014708194547412,2.1046518057165846
299.0490199826994,-5.088887490341627e-14,-2.485557977473541,-0.601461438399808,2.118330485298625
299.04901998269946,0.17737449566317537,-2.485161306776293,-0.6014875274881311,2.143876149057225
299.04901998269946,-0.03545270452871708,-2.4855421299911216,-0.6014624801243603,2.1136350610631047
299.04901998269946,-0.21291062908276776,-2.4849864515827416,-0.6014990369010762,2.09218788398611
299.04901998269946,0.0354527045286153,-2.4855421299910696,-0.6014624801244582,2.1231626795410468
299.15604056559556,-5.088887490341627e-14,-2.485753226670268,-0.6055557904560109,2.1049152740956014
299.15604056559556,-0.069082849754371,-2.485693010546597,-0.6055597998055439,2.095892657094394
299.15604056559556,0.06908284975426923,-2.4856930105458903,-0.6055597998054136,2.1144580931338317
299.15604056559556,0.17280483680381759,-2.485376460785208,-0.6055808898339788,2.129762621928002
299.15604056559556,0.10363821275669398,-2.4856177048472627,-0.6055648150115507,2.119426602919778
299.15604056559556,-0.13821033060668744,-2.485512210450773,-0.6055718428468022,2.087384923961388
299.1560405655956,-0.20742740657469788,-2.4852103700200985,-0.6055919643109391,2.0793880512663603
299.1560405655956,-0.17280483680391936,-2.4853764607863287,-0.6055808898327473,2.0833228315903383
299.1560405655956,0.13821033060658566,-2.48551221044989,-0.6055718428482434,2.1245277632515
299.1560405655956,0.20742740657454523,-2.485210370018915,-0.6055919643114898,2.1351323175237242
299.1560405655956,0.03453863932907548,-2.4857381750069156,-0.6055567925579162,2.109621274526286
299.1560405655956,-0.03453863932922815,-2.485738175007924,-0.6055567925587707,2.100339303412397
299.1560405655957,-0.10363821275684665,-2.485617704847483,-0.6055648150103291,2.091574711545942
299.26271829921046,-0.03362402990879345,-2.485934692671997,-0.6096443728089638,2.087111492947419
299.26271829921046,-5.088887490341627e-14,-2.4859489686173415,-0.60964341113432,2.0915678598102607
299.26271829921046,-0.10089451780383568,-2.4858204293924406,-0.6096520719305322,2.0785663278292676
299.26271829921046,0.2019409194370623,-2.485434057957269,-0.6096781311248304,2.1209290572110606
299.26271829921046,0.10089451780368303,-2.4858204293900648,-0.609652071929842,2.105680875209037
299.26271829921046,0.1345522264129261,-2.4857203676773256,-0.6096588169811249,2.110636104933487
299.2627182992105,-0.16823245723737665,-2.4855916052066003,-0.6096675005600365,2.0705074466050446
299.2627182992105,-0.1345522264130279,-2.48572036768009,-0.609658816981512,2.0744763478949193
299.2627182992105,0.16823245723727487,-2.485591605205574,-0.6096675005611081,2.115718453455927
299.2627182992105,-0.06725366422510468,-2.4858918555549034,-0.6096472587894984,2.0827778591103123
299.2627182992105,0.03362402990869167,-2.4859346926739154,-0.6096443728110513,2.0961476704400765
299.2627182992105,0.0672536642250029,-2.4858918555548444,-0.6096472587901126,2.100851717120475
299.2627182992106,-0.20194091943716408,-2.485434057956899,-0.6096781311228691,2.0666592292703894
299.36905243562995,-0.16365752824578034,-2.4858067324802446,-0.6137473369153135,2.057762035319311
299.36905243562995,-0.06542345879545997,-2.4860911078938677,-0.6137279592708597,2.0697311940613505
299.36905243562995,0.06542345879535819,-2.486091107892114,-0.6137279592701261,2.0873131999342585
299.36905243562995,0.16365752824567856,-2.485806732478871,-0.6137473369155882,2.101743573261531
299.36905243562995,0.13089208256746152,-2.485928689658016,-0.6137390235712795,2.096813102883398
299.36905243562995,-5.088887490341627e-14,-2.4861451987693606,-0.61372427629605,2.0782881297882634
299.36905243562995,0.09814929304666782,-2.486023460184237,-0.6137325665932399,2.0920033272339245
299.36905243563,-0.19645137319501457,-2.4856575064802033,-0.6137575151939035,2.0540013054533306
299.36905243563,0.1964513731948619,-2.4856575064792983,-0.6137575151946913,2.1067958724755997
299.36905243563,-0.032708910528958676,-2.486131678321858,-0.6137251967980883,2.073951513180088
299.36905243563,-0.1308920825675633,-2.485928689659032,-0.6137390235705167,2.06163697638179
299.36905243563,0.03270891052880601,-2.4861316783238876,-0.6137251968003455,2.082741760001895
299.36905243563,-0.0981492930467696,-2.486023460186077,-0.6137325665933182,2.0656265350318725
299.4750452421123,-0.15908009115679997,-2.4860218421621396,-0.6178203840372614,2.0450861198407138
299.4750452421123,0.03179328945626533,-2.4863291334011075,-0.617799247440446,2.0694030559188468
299.4750452421123,-5.088887490341627e-14,-2.4863419186477347,-0.617798368756084,2.0650755949564767
299.4750452421123,0.1590800911566982,-2.4860218421610627,-0.6178203840375244,2.087837514566165
299.47504524211234,-0.06359224999867256,-2.4862907687714624,-0.617801884454789,2.056752173330139
299.47504524211234,-0.03179328945636711,-2.4863291334014277,-0.6177992474403453,2.0608588745958523
299.47504524211234,-0.09540256328471312,-2.486226798044293,-0.6178062826774845,2.0527548467723578
299.47504524211234,0.2228719412983028,-2.4857136927408563,-0.6178416176788495,2.097743874874435
299.47504524211234,-0.12722993213406797,-2.4861371766597467,-0.6178124469422059,2.0488663266154
299.47504524211234,-0.19095881743793125,-2.4858807142247263,-0.6178301026462648,2.04141380817733
299.47504524211234,0.09540256328461136,-2.486226798043905,-0.617806282678781,2.0783934792791188
299.47504524211234,0.19095881743782947,-2.485880714223022,-0.6178301026461511,2.092732305019005
299.47504524211234,0.1272299321339662,-2.486137176661145,-0.6178124469447581,2.083058283184004
299.47504524211234,0.06359224999857079,-2.48629076876924,-0.6178018844540254,2.0738420574014644
299.47504524211234,-0.22287194129840457,-2.485713692742506,-0.6178416176783796,2.03784904781007
299.5807023055771,-5.088887490341627e-14,-2.4865391255025737,-0.6218657046922355,2.051929355475865
299.5807023055772,0.12356569167035902,-2.48634582424664,-0.6218791043183572,2.0693707439023763
299.5807023055772,0.03087714582851383,-2.486527055046839,-0.6218665409767592,2.056130656118368
299.5807023055772,0.06175999611049594,-2.4864908349954242,-0.6218690507814745,2.0604373863559093
299.5807023055772,0.21646081232952655,-2.485945964427555,-0.6219068759489581,2.083586202721297
299.5807023055772,-0.03087714582861561,-2.4865270550477163,-0.6218665409768984,2.047832680728716
299.5807023055772,0.18546312701780474,-2.48610367459648,-0.6218959118167027,2.0787374587064953
299.5807023055772,-0.061759996110597716,-2.4864908349963972,-0.6218690507806419,2.043839904963035
299.5807023055772,-0.0926542659332557,-2.486430439258366,-0.6218732369655745,2.0399503767483425
299.5807023055772,-0.21646081232962833,-2.4859459644310316,-0.6219068759502165,2.0254143005108824
299.5807023055772,-0.1235656916704608,-2.486345824248241,-0.621879104318816,2.0361635190833534
299.5807023055772,-0.18546312701790652,-2.486103674598347,-0.6218959118169237,2.0288958749271764
299.5807023055772,-0.15450004167327935,-2.486236928880987,-0.6218866596719188,2.032478828585659
299.5807023055772,0.09265426593315391,-2.4864304392567544,-0.621873236965702,2.0648504282248537
299.5807023055772,0.15450004167317757,-2.4862369288792507,-0.6218866596715746,2.0739993777647507
299.68602325736066,-0.08990449202893049,-2.486634375783648,-0.625933386978306,2.0272129635052987
299.68602325736066,-0.11989948255342579,-2.486554623591943,-0.6259389537776392,2.023528393438181
299.68602325736066,-0.14991753150788031,-2.4864519827149985,-0.6259461224184606,2.0199400037955013
299.68602325736066,-5.088887490341627e-14,-2.486736812467513,-0.6259262410206774,2.0388492554589366
299.68602325736066,0.02996050999252137,-2.486725436259853,-0.6259270343880099,2.0429244095314707
299.68602325736066,0.05992675782385207,-2.486691299172481,-0.6259294154284173,2.047099042028454
299.68602325736066,0.0899044920288287,-2.486634375781683,-0.625933386978071,2.05137403708347
299.68602325736066,0.11989948255332401,-2.4865546235910356,-0.6259389537778033,2.0557503573137583
299.68602325736066,0.14991753150777853,-2.4864519827143945,-0.6259461224193605,2.0602290458774237
299.6860232573607,-0.17996448397788056,-2.486326376304289,-0.6259549018862349,2.0164473520161392
299.6860232573607,-0.21004623891137583,-2.486177710727944,-0.6259653075806529,2.0130500665057016
299.6860232573607,-0.02996050999262315,-2.4867254362587405,-0.6259270343859602,2.0348727723541113
299.6860232573607,-0.05992675782395385,-2.486691299173195,-0.625929415427294,2.030994227879768
299.6860232573607,0.17996448397777878,-2.486326376303565,-0.6259549018872842,2.0648112287864278
299.6860232573607,0.21004623891132493,-2.486177710725272,-0.6259653075801386,2.069498117472959
299.7910102223049,0.05809255228905513,-2.486892159321522,-0.6299829583609383,2.0338265641269695
299.7910102223049,-0.11623133908104681,-2.4867635714677436,-0.6299919765046322,2.010960490409975
299.7910102223049,-0.14533260353091773,-2.486667000137231,-0.6299987549194948,2.0074691909982905
299.7910102223049,0.14533260353086686,-2.4866670001354962,-0.6299987549197344,2.046526075960699
299.7910102223049,-0.05809255228915691,-2.4868921593210453,-0.6299829583591589,2.0182146771787277
299.7910102223049,0.02904339052362316,-2.4869242753641467,-0.629980707361999,2.0297838527293037
299.7910102223049,-0.029043390523724937,-2.4869242753607077,-0.6299807073579248,2.021978683738595
299.7910102223049,-5.088887490341627e-14,-2.4869349779675898,-0.6299799573402174,2.025834829663182
299.7910102223049,0.11623133908099592,-2.486763571466624,-0.6299919765047188,2.042196673369362
299.791010222305,0.17446293975866903,-2.4865488146534496,-0.6300070561403698,2.050953180744465
299.791010222305,-0.2036282810533859,-2.486408925615664,-0.6300168964200062,2.0007559048903105
299.791010222305,0.20362828105328412,-2.486408925615326,-0.6300168964213996,2.055479194372605
299.791010222305,-0.08715326729631823,-2.486838605128816,-0.6299867131715791,2.014542144296089
299.791010222305,-0.1744629397587708,-2.486548814653415,-0.6300070561386605,2.004067791092745
299.791010222305,0.08715326729621645,-2.486838605126053,-0.6299867131704463,2.037963850022704
299.89566840196926,-0.08440053557231923,-2.487043122641558,-0.6340332482950648,2.0019370880283636
299.89566840196926,-5.088887490341627e-14,-2.487133618446829,-0.6340268858648546,2.0128852342744357
299.89566840196926,0.08440053557221745,-2.487043122636605,-0.6340332482916755,2.0246190208584793
299.89566840196926,-0.16895838205264702,-2.4867709841000147,-0.6340524129170971,1.9917563841277397
299.89566840196926,-0.1407451641462498,-2.4868819738880767,-0.6340445911806385,1.9950655733337024
299.89566840196926,0.16895838205254524,-2.4867709840990004,-0.6340524129176842,2.0371624763825986
299.8956684019693,0.028125768699853008,-2.487123568686908,-0.6340275921670117,2.016708139957058
299.8956684019693,-0.11256118637238004,-2.4869726622404715,-0.6340382057528569,1.9984589854469244
299.8956684019693,-0.19720680774011276,-2.4866396007013836,-0.6340616783390072,1.9885310176193252
299.8956684019693,-0.028125768699954784,-2.4871235686854236,-0.6340275921652847,2.0091495741586884
299.8956684019693,-0.05625734206283431,-2.487093411418513,-0.6340297120211849,2.0055004163769876
299.8956684019693,0.19720680774001098,-2.486639600698928,-0.634061678338223,2.041528600186305
299.8956684019693,0.05625734206278342,-2.4870934114174523,-0.6340297120210376,2.0206191061064276
299.8956684019694,0.11256118637227826,-2.486972662236717,-0.6340382057505822,2.028708847397593
299.8956684019694,0.14074516414614802,-2.486881973886211,-0.6340445911812389,2.032889626008615
299.99999999999994,0.08164631797729237,-2.4871456216198746,-0.6360546526144761,2.0113390890477887
299.99999999999994,-5.088887490341627e-14,-2.487233056436035,-0.6360486570349658,2.0000000000000635
300.0,0.027207651561737645,-2.4872233467025837,-0.636049322573433,2.0036968035248193
300.0,-0.05442114122583595,-2.487194209646903,-0.636051320146664,1.9928509769163523
300.0,0.054421141225785064,-2.487194209644063,-0.6360513201446907,2.0074762031932254
300.0,0.10888905258673347,-2.4870775431775325,-0.6360593248127838,2.0152864244023934
300.0,-0.16345085309361135,-2.4868826783461526,-0.6360727189316675,1.9795126798232252
300.0,-0.1907818682407402,-2.4867557246041967,-0.6360814487805321,1.9763749609610857
300.0,-0.13615524855116684,-2.486989918734411,-0.6360653434828344,1.9827286932041432
300.0,-0.08164631797734326,-2.4871456216260412,-0.6360546526190919,1.989397328481555
300.0,-0.027207651561839425,-2.4872233467030975,-0.6360493225738346,1.9963849740323114
300.0,0.13615524855111594,-2.48698991873413,-0.6360653434851055,2.0193192478900635
300.0,-0.10888905258678436,-2.487077543182524,-0.6360593248161944,1.9860234159814976
300.0,-0.21815755355259306,-2.4866089561973213,-0.6360915584292911,1.973314835070515
300.0,0.16345085309350957,-2.4868826783458764,-0.6360727189328508,2.0234386757659064
300.0,0.21815755355254218,-2.4866089561955453,-0.6360915584309216,2.031942719074261
300.00000000000006,0.19078186824063842,-2.4867557246016587,-0.6360814487796742,2.0276459044435566
