contour,relative_angle_deg,radius_мм,sigma_rr_mpa,sigma_tt_mpa,tau_rt_mpa
inner,-30.000000000000068,249.99999999999994,0.3347056918519705,0.2013810411595881,0.15557362832886154
inner,-29.850000000000026,249.99999999999997,0.25918683358539374,0.1752656362522249,0.1321344706206896
inner,-29.700000000000088,249.99999999999997,0.16311212918338885,0.14348716762756866,0.09662194242626741
inner,-29.550000000000043,249.99999999999997,0.13191089645968013,0.13199770157683569,0.07745686048860419
inner,-29.400000000000105,249.99999999999997,0.11388810038166083,0.12254979443493902,0.06625765051429322
inner,-29.250000000000064,249.99999999999994,0.10202879491221298,0.11502167924035686,0.05873072587096372
inner,-29.100000000000122,249.99999999999994,0.0932285192262651,0.10871211009736922,0.0531733421532781
inner,-28.95000000000008,249.99999999999997,0.08628132267946195,0.10332800226354563,0.04879441950415778
inner,-28.800000000000143,249.99999999999994,0.08054842959363101,0.0986381165065075,0.04519208810967551
inner,-28.6500000000001,249.99999999999997,0.07567190035463425,0.0944823014863303,0.04213751272283522
inner,-28.50000000000006,249.99999999999997,0.07142871751530991,0.09074232395982842,0.03948910404819376
inner,-28.35000000000012,249.99999999999997,0.06767174972173945,0.08733065601737061,0.03715312781074806
inner,-28.200000000000077,249.99999999999994,0.06429861017003839,0.08418128581441864,0.03506430932964297
inner,-28.05000000000014,249.99999999999997,0.061235116045270196,0.08124378883922354,0.033175330088107406
inner,-27.900000000000098,249.99999999999994,0.05842563962418341,0.07847913536881963,0.03145075515005627
inner,-27.750000000000156,249.99999999999997,0.05582724645992583,0.07585676078439857,0.02986331477969016
inner,-27.600000000000115,249.99999999999997,0.053405959219839996,0.07335247205477172,0.02839152588692416
inner,-27.450000000000177,249.99999999999997,0.05113429152882694,0.07094693463419413,0.027018114289859993
inner,-27.300000000000132,249.99999999999997,0.048989567445716586,0.06862456292921829,0.025728936298273417
inner,-27.150000000000194,249.99999999999997,0.04695274518599381,0.06637269637931296,0.02451222235291452
inner,-27.000000000000153,249.99999999999994,0.04500757405062701,0.06418098017934411,0.02335803450043964
inner,-26.85000000000021,249.99999999999997,0.04313997741124702,0.06204089462064241,0.022257869435377397
inner,-26.70000000000017,249.99999999999994,0.041337592603153686,0.05994539370472941,0.02120436283917833
inner,-26.55000000000023,249.99999999999997,0.039589421968641555,0.05788862505520613,0.02019106560093035
inner,-26.40000000000019,249.99999999999994,0.03788556407624322,0.05586571097127911,0.019212271959566426
inner,-26.25000000000025,249.99999999999994,0.03621700374776103,0.05387257595262043,0.01826288575479483
inner,-26.100000000000207,249.99999999999997,0.034575445848737486,0.05190580986415127,0.01733831506390806
inner,-25.950000000000166,249.99999999999994,0.032953182105299586,0.04996255868556658,0.0164343882709133
inner,-25.800000000000228,249.99999999999994,0.031342983165305455,0.04804043679438583,0.015547286522164742
inner,-25.650000000000187,249.99999999999994,0.02973801016634337,0.04613745617190147,0.014673488858251661
inner,-25.500000000000245,249.99999999999994,0.028131741551192295,0.04425196901475008,0.01380972725936375
inner,-25.350000000000204,249.99999999999994,0.026517911926050308,0.04238262104077761,0.012952949524534019
inner,-25.200000000000266,249.99999999999997,0.024890460510914626,0.04052831336560034,0.012100288402568398
inner,-25.050000000000225,249.99999999999997,0.023243487308820865,0.038688171299781075,0.011249035757352433
inner,-24.900000000000283,249.99999999999997,0.021571215537401805,0.03686151876465123,0.010396620823038324
inner,-24.75000000000024,249.99999999999994,0.019867959179757883,0.03504785728605343,0.00954059181150018
inner,-24.600000000000303,249.99999999999994,0.018128094762039366,0.03324684874501454,0.008678600288902669
inner,-24.45000000000026,249.99999999999997,0.01634603663904636,0.03145830121714285,0.007808387858452949
inner,-24.30000000000032,249.99999999999997,0.01451621522033785,0.02968215736901042,0.006927774778320918
inner,-24.15000000000028,249.99999999999994,0.012633057680927422,0.027918484979505755,0.006034650216503777
inner,-24.000000000000288,249.99999999999997,0.010690970785378447,0.026167469228564604,0.005126963900908641
inner,-23.850000000000296,249.99999999999994,0.00868432552269894,0.024429406459953378,0.004202718967298987
inner,-23.70000000000031,249.99999999999997,0.006607443313331043,0.022704699185204926,0.0032599658436265706
inner,-23.550000000000317,249.99999999999997,0.004454583590615639,0.020993852129538623,0.0022967970383524247
inner,-23.400000000000276,249.99999999999997,0.0022199325882782776,0.019297469145252502,0.0013113427233633957
inner,-23.250000000000334,249.99999999999997,-0.00010240679159126409,0.017616250858305278,0.00030176702125292443
inner,-23.100000000000293,249.99999999999997,-0.0025184241316223944,0.015950992933238504,-0.0007337350773831677
inner,-22.950000000000355,249.99999999999997,-0.005034209763913862,0.01430258484876433,-0.0017969402296738575
inner,-22.800000000000313,250.0,-0.0076559622123369055,0.012672009095845661,-0.0028895987396906496
inner,-22.65000000000037,249.99999999999997,-0.010389994859351458,0.011060340725621901,-0.00401343608418658
inner,-22.50000000000033,249.99999999999997,-0.013242741879040721,0.009468747175146223,-0.0051701539995408505
inner,-22.35000000000034,249.99999999999997,-0.016220763459864056,0.007898488309262833,-0.0063614311579751216
inner,-22.20000000000035,249.99999999999997,-0.019330750335681577,0.00635091662209763,-0.00758892345769417
inner,-22.05000000000036,249.99999999999997,-0.022579527626885094,0.004827477549215512,-0.008854263944244285
inner,-21.900000000000368,250.0,-0.0259740579933024,0.003329709835495345,-0.010159062378945314
inner,-21.750000000000377,249.99999999999997,-0.02952144409098642,0.0018592459111614655,-0.01150490446506433
inner,-21.600000000000385,249.99999999999994,-0.033228930311375894,0.0004178122329553328,-0.012893350740299049
inner,-21.450000000000447,249.99999999999997,-0.037103903782140776,-0.0009927704570997296,-0.014325935142424154
inner,-21.300000000000406,250.0,-0.04115389460071556,-0.0023705870026817974,-0.01580416325095181
inner,-21.150000000000464,250.0,-0.04538657526697004,-0.0037136278811256253,-0.01732951020846548
inner,-21.000000000000423,249.99999999999997,-0.049809759269479226,-0.00501978947028239,-0.018903418321619563
inner,-20.850000000000485,249.99999999999997,-0.054431398785953634,-0.006286874592431404,-0.020527294340475934
inner,-20.70000000000039,250.0,-0.059259581440745286,-0.00751259337461572,-0.022202506416652633
inner,-20.550000000000402,250.00000000000003,-0.064302526068302,-0.008694564478948619,-0.023930380737975092
inner,-20.40000000000046,250.0,-0.06956857742643645,-0.009830316761383932,-0.025712197836522895
inner,-20.25000000000042,250.00000000000003,-0.07506619979043562,-0.01091729140364038,-0.027549188569071004
inner,-20.100000000000428,250.00000000000003,-0.08080396936737443,-0.011952844578049833,-0.029442529767685816
inner,-19.95000000000044,249.99999999999997,-0.08679056545930124,-0.012934250699990343,-0.031393339557961454
inner,-19.800000000000498,250.0,-0.09303476030534895,-0.013858706322138871,-0.03340267234553217
inner,-19.650000000000457,250.0,-0.0995454075329376,-0.014723334728608716,-0.03547151347118179
inner,-19.500000000000465,250.00000000000003,-0.10633142914330353,-0.015525191286642474,-0.03760077353550258
inner,-19.350000000000477,250.0,-0.11340180095696517,-0.016261269610425365,-0.039791282396404754
inner,-19.200000000000486,250.00000000000003,-0.12076553644422887,-0.016928508587966472,-0.04204378284425885
inner,-19.050000000000495,250.00000000000006,-0.12843166886914767,-0.017523800324621294,-0.04435892396169229
inner,-18.900000000000503,250.00000000000003,-0.1364092316845312,-0.01804399905228915,-0.04673725417962012
inner,-18.75000000000051,250.0,-0.1447072371153834,-0.01848593102034814,-0.049179214048985495
inner,-18.600000000000524,250.00000000000003,-0.1533346529162902,-0.01884640537777649,-0.051685128761037
inner,-18.450000000000532,250.00000000000003,-0.16230037734980535,-0.019122225934807037,-0.05425520050023433
inner,-18.30000000000054,250.00000000000003,-0.17161321261809773,-0.01931020357422393,-0.05688950077681495
inner,-18.1500000000005,250.0,-0.18128183720872762,-0.01940716883262085,-0.05958796300285372
inner,-18.000000000000508,250.00000000000003,-0.19131477800082128,-0.019409983945074597,-0.062350375695352164
inner,-17.850000000000517,250.00000000000003,-0.2017203832035706,-0.019315553455281565,-0.06517637673578387
inner,-17.70000000000053,249.99999999999997,-0.21250679727144708,-0.019120833623669103,-0.06806544870594858
inner,-17.550000000000587,250.00000000000003,-0.22368193752815785,-0.01882284170623289,-0.07101691485921047
inner,-17.400000000000546,250.00000000000003,-0.23525347094053528,-0.018418666932205972,-0.07402993491156017
inner,-17.250000000000554,250.00000000000003,-0.24722878867150436,-0.017905484500638124,-0.07710350003022097
inner,-17.100000000000566,250.00000000000006,-0.25961497651113824,-0.017280571208201066,-0.08023642731204195
inner,-16.950000000000575,250.00000000000006,-0.27241878249986096,-0.016541323255052483,-0.08342735378027002
inner,-16.800000000000583,250.00000000000003,-0.28564658178898655,-0.015685274608029515,-0.08667473054849478
inner,-16.650000000000592,250.0,-0.2993043404673818,-0.01471011383160364,-0.08997681793281559
inner,-16.5000000000006,250.00000000000003,-0.3133975809816136,-0.013613702223923621,-0.09333168087707751
inner,-16.350000000000612,250.00000000000003,-0.3279313465742451,-0.012394090906323874,-0.09673718521135022
inner,-16.20000000000062,250.00000000000006,-0.3429101668671813,-0.01104953794148401,-0.10019099459657371
inner,-16.05000000000063,250.0,-0.35833802388440117,-0.009578524112848296,-0.10369056850677734
inner,-15.90000000000064,250.00000000000006,-0.3742183197191831,-0.007979768851850814,-0.10723316081635798
inner,-15.7500000000007,250.00000000000003,-0.39055384454812614,-0.00625224635234981,-0.11081581893090398
inner,-15.600000000000659,250.00000000000006,-0.40734674497633777,-0.004395200009296945,-0.11443538405416025
inner,-15.450000000000667,250.00000000000006,-0.42459849463093696,-0.002408155078694311,-0.11808849265898308
inner,-15.300000000000626,250.00000000000006,-0.4423098673762999,-0.0002909325626236385,-0.12177157825343869
inner,-15.150000000000635,250.00000000000009,-0.4604809101609526,0.0019563395566296977,-0.12548087447988415
inner,-15.000000000000645,250.00000000000003,-0.4791109191272825,0.004333216735971772,-0.1292124193142163
inner,-14.850000000000653,250.00000000000006,-0.49819841851305874,0.006838927338149722,-0.13296205961206056
inner,-14.700000000000664,250.00000000000006,-0.5177411396682159,0.009472366337035978,-0.13672545735624103
inner,-14.550000000000672,250.00000000000003,-0.5377360052718311,0.012232089145626429,-0.14049809657713846
inner,-14.400000000000631,250.00000000000003,-0.5581791151082574,0.015116307386936333,-0.14427529125073954
inner,-14.25000000000064,250.00000000000003,-0.5790657347333237,0.01812288635463973,-0.1480521941049958
inner,-14.10000000000065,250.00000000000006,-0.6003902872307223,0.021249343619354964,-0.15182380620911295
inner,-13.95000000000071,250.0,-0.6221463476290456,0.024492851893348405,-0.15558498814969865
inner,-13.800000000000669,250.00000000000006,-0.6443266427575605,0.02785024141751418,-0.15933047132338496
inner,-13.650000000000627,250.00000000000009,-0.6669230520120479,0.03131800349778689,-0.1630548697816369
inner,-13.500000000000636,250.00000000000006,-0.6899266106982231,0.0348922995862669,-0.1667526938694529
inner,-13.350000000000646,250.00000000000003,-0.7133275203633046,0.03856896861259159,-0.17041836352537335
inner,-13.200000000000655,250.00000000000003,-0.7371151590044845,0.042343537977598426,-0.17404622264748587
inner,-13.050000000000614,250.00000000000003,-0.7612780960984279,0.04621123665019347,-0.17763055405372852
inner,-12.900000000000622,249.99999999999997,-0.7858041112013366,0.05016700766331107,-0.18116559422928147
inner,-12.750000000000632,250.00000000000003,-0.8106802135721738,0.05420552581155027,-0.18464554946761338
inner,-12.600000000000641,250.00000000000006,-0.8358926681598503,0.0583212145264853,-0.18806461153154588
inner,-12.450000000000651,250.00000000000003,-0.8614270219832705,0.06250826306477535,-0.1914169731718117
inner,-12.300000000000608,250.00000000000003,-0.8872681324288102,0.06676064907872761,-0.1946968449944191
inner,-12.150000000000619,250.0,-0.9134002022109015,0.07107215949983076,-0.19789847140680147
inner,-12.000000000000627,250.00000000000003,-0.9398068134712602,0.07543641183781322,-0.2010161462424494
inner,-11.850000000000637,250.00000000000003,-0.9664709633855706,0.07984687839569411,-0.2040442288618825
inner,-11.700000000000596,250.00000000000006,-0.9933751040928713,0.08429691045086356,-0.20697715978672174
inner,-11.550000000000605,250.00000000000003,-1.0205011837180267,0.08877976369756152,-0.20980947615318876
inner,-11.400000000000613,250.00000000000003,-1.0478306892772624,0.09328862325896223,-0.21253582643968627
inner,-11.250000000000675,250.00000000000003,-1.075344689847,0.09781662903211351,-0.21515098473250505
inner,-11.100000000000632,250.00000000000003,-1.103023880969521,0.10235690185581216,-0.2176498646667606
inner,-10.95000000000059,250.00000000000006,-1.1308486306760162,0.10690256933656124,-0.22002753263521432
inner,-10.80000000000065,249.99999999999997,-1.1587990257168617,0.1114467915759701,-0.22227922033286646
inner,-10.65000000000061,250.00000000000003,-1.186854918162271,0.11598278656749444,-0.2244003365702995
inner,-10.50000000000067,250.00000000000003,-1.2149959721077657,0.12050385513014511,-0.22638647831259037
inner,-10.350000000000628,249.99999999999997,-1.243201710254932,0.12500340522146328,-0.22823344090188552
inner,-10.200000000000587,250.0,-1.2714515601245475,0.12947497550551768,-0.22993722743126246
inner,-10.050000000000596,250.00000000000003,-1.2997248996912112,0.13391225803147216,-0.23149405724122038
inner,-9.900000000000606,250.00000000000003,-1.3280011022177243,0.1383091199011226,-0.2329003735178229
inner,-9.750000000000563,250.00000000000003,-1.3562595800772723,0.14265962381898556,-0.2341528499783705
inner,-9.600000000000573,250.0,-1.3844798273855576,0.14695804740591206,-0.23524839663591188
inner,-9.450000000000582,250.00000000000006,-1.4126414612523461,0.15119890118943585,-0.2361841646403223
inner,-9.300000000000592,249.99999999999997,-1.4407242614805926,0.15537694518988232,-0.23695755020005768
inner,-9.1500000000006,249.99999999999997,-1.4687082085708056,0.15948720402301314,-0.23756619759525593
inner,-9.00000000000056,249.99999999999997,-1.4965735198851642,0.16352498046196728,-0.23800800129546806
inner,-8.85000000000062,249.99999999999997,-1.5243006838372812,0.16748586740060367,-0.2382811071979901
inner,-8.700000000000578,249.99999999999997,-1.5518704919931539,0.17136575810071353,-0.2383839130027156
inner,-8.550000000000587,250.0,-1.579264069100256,0.17516085521910224,-0.2383150679128194
inner,-8.400000000000597,249.99999999999997,-1.6064629012532958,0.17886767781039373,-0.23807347137810767
inner,-8.250000000000556,249.99999999999994,-1.6334488611461393,0.18248306639872486,-0.23765827104375084
inner,-8.100000000000616,249.99999999999994,-1.6602042308955223,0.18600418683916076,-0.23706886017120612
inner,-7.950000000000574,250.0,-1.6867117230742064,0.18942853240507154,-0.23630487431025146
inner,-7.800000000000634,249.99999999999994,-1.7129544991533387,0.1927539242772745,-0.23536618736056564
inner,-7.650000000000593,249.99999999999994,-1.7389161855834443,0.1959785104045601,-0.23425290705833424
inner,-7.500000000000552,249.99999999999997,-1.764580887708789,0.19910076327431367,-0.2329653700844695
inner,-7.350000000000612,249.99999999999994,-1.7899332017044873,0.202119475869536,-0.23150413650933546
inner,-7.2000000000005695,249.99999999999997,-1.8149582235788086,0.20503375597526544,-0.22986998379126616
inner,-7.050000000000528,250.0,-1.839641555964649,0.20784301962494084,-0.2280639005921751
inner,-6.900000000000588,249.99999999999997,-1.8639693133270776,0.2105469830945999,-0.22608708014650725
inner,-6.750000000000547,249.99999999999997,-1.8879281250102027,0.21314565408946834,-0.22394091351202863
inner,-6.6000000000005565,250.0,-1.9115051367293672,0.21563932176142303,-0.2216269824868887
inner,-6.450000000000566,249.99999999999997,-1.9346880097506711,0.21802854540412456,-0.21914705225524841
inner,-6.300000000000524,249.99999999999997,-1.9574649180751726,0.2203141425375217,-0.21650306406017214
inner,-6.150000000000533,249.99999999999997,-1.9798245444302829,0.22249717616504655,-0.2136971277335606
inner,-6.000000000000543,249.99999999999997,-2.001756074876829,0.22457894171517248,-0.21073151431338888
inner,-5.850000000000552,249.99999999999997,-2.02324919230038,0.22656095313576116,-0.20760864847803603
inner,-5.700000000000511,250.0,-2.0442940679670647,0.2284449281999826,-0.2043311009738557
inner,-5.55000000000052,249.99999999999994,-2.0648813518500524,0.23023277371459497,-0.20090158127095645
inner,-5.400000000000529,249.99999999999994,-2.0850021625698982,0.2319265705937274,-0.197322930310944
inner,-5.250000000000538,249.99999999999997,-2.1046480764749957,0.23352855863972893,-0.1935981132968874
inner,-5.100000000000497,250.0,-2.123811115531774,0.2350411209048849,-0.18973021256170158
inner,-4.950000000000506,249.99999999999997,-2.142483734327484,0.23646676811625308,-0.1857224207155771
inner,-4.800000000000516,249.99999999999997,-2.1606588069650794,0.23780812334717824,-0.18157803402529343
inner,-4.650000000000525,249.99999999999997,-2.1783296136710004,0.23906790670788305,-0.1773004459082282
inner,-4.500000000000535,249.99999999999997,-2.1954898266562095,0.24024891995957692,-0.17289314059410016
inner,-4.350000000000493,250.0,-2.2121334955480436,0.24135403140348385,-0.16835968710532903
inner,-4.200000000000502,249.99999999999997,-2.2282550330557944,0.24238616127420887,-0.16370373352801615
inner,-4.050000000000511,250.0,-2.2438492006951485,0.24334826734384232,-0.1589290014173781
inner,-3.900000000000521,250.0,-2.2589110940727815,0.24424333066443993,-0.15403928042851234
inner,-3.750000000000479,249.99999999999997,-2.2734361282280235,0.24507434187910718,-0.14903842332067158
inner,-3.6000000000004886,250.0,-2.2874200235128312,0.2458442880569075,-0.14393034117574655
inner,-3.450000000000498,250.00000000000003,-2.30085879156561,0.2465561398722966,-0.13871899881090133
inner,-3.300000000000507,250.00000000000003,-2.3137487212862866,0.24721283916366163,-0.13340841045256496
inner,-3.1500000000005164,250.00000000000006,-2.326086365255636,0.24781728716257934,-0.12800263574050116
inner,-3.0000000000004747,250.00000000000003,-2.3378685267432617,0.24837233323030242,-0.12250577589727257
inner,-2.850000000000484,250.00000000000006,-2.3490922468764475,0.24888076400321427,-0.1169219701156933
inner,-2.7000000000004936,250.0,-2.359754792194506,0.24934529312185155,-0.11125539222890907
inner,-2.550000000000503,250.00000000000003,-2.3698536428780193,0.24976855157335748,-0.10551024759647676
inner,-2.4000000000004613,250.0,-2.3793864814591363,0.25015307853034685,-0.09969077016032787
inner,-2.2500000000004707,250.00000000000003,-2.3883511818999392,0.25050131267437653,-0.0938012197122004
inner,-2.10000000000048,250.00000000000006,-2.396745799308841,0.25081558414343025,-0.08784587939909816
inner,-1.9500000000004893,250.00000000000006,-2.404568560323503,0.25109810702736096,-0.08182905336246865
inner,-1.8000000000004988,250.00000000000006,-2.4118178539376527,0.25135097232789444,-0.07575506454678879
inner,-1.650000000000457,250.00000000000006,-2.418492222936823,0.25157614148103097,-0.06962825270336132
inner,-1.5000000000004665,250.00000000000006,-2.424590356026279,0.2517754404322166,-0.06345297252240867
inner,-1.3500000000004757,250.00000000000006,-2.4301110805262436,0.2519505541893517,-0.05723359189456805
inner,-1.2000000000004851,250.00000000000006,-2.4350533556538267,0.2521030218814947,-0.05097449031175772
inner,-1.0500000000004945,250.00000000000003,-2.4394162664759214,0.2522342323414816,-0.044680057386012204
inner,-0.9000000000004529,250.00000000000003,-2.443199018504264,0.2523454201671592,-0.03835469145965244
inner,-0.7500000000004622,250.0,-2.4464009328823515,0.25243766225540093,-0.03200279831123085
inner,-0.6000000000004716,250.00000000000006,-2.449021442224326,0.25251187482702003,-0.02562878994948609
inner,-0.4500000000004809,250.00000000000003,-2.451060087113562,0.2525688109196135,-0.01923708346767527
inner,-0.30000000000043936,249.99999999999997,-2.4525165132146234,0.2526090583399946,-0.012832099956273688
inner,-0.15000000000044866,249.99999999999994,-2.4533904690263526,0.252633038080307,-0.006418263465696024
inner,-4.579998741307465e-13,249.99999999999997,-2.4536818042902437,0.2526410031857989,-1.4055134777120045e-13
inner,0.14999999999958355,249.99999999999997,-2.4533904690269708,0.25263303808034704,0.006418263465434862
inner,0.2999999999995233,250.0,-2.452516513215314,0.25260905834044983,0.012832099956052567
inner,0.4499999999995649,250.0,-2.451060087115448,0.25256881091906647,0.019237083467555163
inner,0.5999999999995556,250.00000000000006,-2.4490214422252268,0.252511874827123,0.025628789949427227
inner,0.7499999999995463,250.00000000000003,-2.446400932882495,0.2524376622562235,0.03200279831105947
inner,0.899999999999537,250.00000000000006,-2.443199018505284,0.2523454201678928,0.03835469145940905
inner,1.0499999999995784,250.00000000000003,-2.4394162664765773,0.25223423234308545,0.04468005738580691
inner,1.1999999999995692,250.00000000000003,-2.435053355655753,0.2521030218819407,0.050974490311677945
inner,1.3499999999995598,250.00000000000009,-2.4301110805293296,0.25195055418927376,0.05723359189452811
inner,1.4999999999995506,250.00000000000006,-2.424590356029819,0.25177544043283095,0.06345297252240466
inner,1.6499999999995412,250.00000000000009,-2.418492222941271,0.25157614148155977,0.06962825270341494
inner,1.7999999999995826,250.00000000000006,-2.411817853941886,0.25135097232907266,0.07575506454677045
inner,1.9499999999995734,250.00000000000003,-2.404568560326592,0.25109810702976504,0.081829053362478
inner,2.099999999999564,250.00000000000006,-2.3967457993120056,0.25081558414545235,0.08784587939913832
inner,2.2499999999995546,250.00000000000003,-2.38835118190326,0.250501312675984,0.09380121971230056
inner,2.3999999999995962,250.00000000000006,-2.3793864814615513,0.25015307853273927,0.09969077016045476
inner,2.549999999999587,250.00000000000006,-2.369853642881345,0.24976855157504443,0.10551024759657104
inner,2.6999999999995774,250.00000000000009,-2.359754792198258,0.24934529312329543,0.11125539222895056
inner,2.8499999999995684,250.00000000000003,-2.3490922468797044,0.2488807640050881,0.11692197011572486
inner,2.9999999999996096,250.0,-2.3378685267457042,0.24837233323274724,0.12250577589737921
inner,3.1499999999996007,250.0,-2.3260863652559145,0.24781728716605886,0.12800263574065243
inner,3.2999999999995913,249.99999999999997,-2.313748721286129,0.24721283916682174,0.13340841045265173
inner,3.449999999999582,250.0,-2.3008587915673284,0.24655613987492414,0.13871899881106226
inner,3.5999999999996235,250.0,-2.287420023516089,0.2458442880591859,0.14393034117611342
inner,3.749999999999614,249.99999999999997,-2.273436128231273,0.24507434188115568,0.149038423320998
inner,3.8999999999996047,250.00000000000003,-2.2589110940759,0.24424333066657472,0.1540392804288142
inner,4.049999999999596,249.99999999999997,-2.2438492006990773,0.24334826734571244,0.15892900141772714
inner,4.199999999999586,250.0,-2.228255033060506,0.2423861612758537,0.1637037335283675
inner,4.3499999999996275,250.00000000000003,-2.212133495552427,0.24135403140536343,0.16835968710562063
inner,4.499999999999618,250.0,-2.1954898266601073,0.24024891996139056,0.17289314059425573
inner,4.649999999999609,249.99999999999997,-2.178329613673855,0.23906790671038283,0.17730044590838692
inner,4.799999999999599,249.99999999999997,-2.1606588069669956,0.23780812335007478,0.18157803402548472
inner,4.949999999999591,250.00000000000003,-2.1424837343282626,0.23646676811960177,0.1857224207156495
inner,5.099999999999632,249.99999999999997,-2.123811115531904,0.23504112090861293,0.18973021256170255
inner,5.2499999999996225,249.99999999999991,-2.104648076475544,0.23352855864300606,0.19359811329690899
inner,5.399999999999613,249.99999999999994,-2.0850021625705706,0.23192657059657026,0.19732293031101714
inner,5.549999999999604,249.99999999999994,-2.064881351850065,0.23023277371767212,0.20090158127104035
inner,5.699999999999646,249.99999999999997,-2.0442940679671344,0.228444928203045,0.2043311009739458
inner,5.849999999999636,249.99999999999997,-2.023249192301321,0.22656095313863658,0.2076086484781316
inner,5.999999999999627,249.99999999999997,-2.00175607487735,0.22457894171919526,0.21073151431342196
inner,6.1499999999996176,249.99999999999994,-1.9798245444312554,0.22249717616890627,0.2136971277335723
inner,6.299999999999659,249.99999999999997,-1.9574649180758148,0.22031414254145298,0.21650306406021852
inner,6.449999999999649,249.99999999999994,-1.9346880097507952,0.21802854540832836,0.2191470522552383
inner,6.59999999999964,249.99999999999994,-1.911505136730604,0.21563932176489464,0.2216269824869269
inner,6.749999999999631,249.99999999999997,-1.8879281250124929,0.21314565409189742,0.22394091351213688
inner,6.899999999999622,249.99999999999994,-1.863969313328421,0.2105469830972918,0.22608708014646722
inner,7.049999999999663,249.99999999999994,-1.8396415559657069,0.2078430196275406,0.22806390059205842
inner,7.199999999999654,249.99999999999994,-1.8149582235807784,0.2050337559774067,0.22986998379126572
inner,7.349999999999644,249.99999999999997,-1.7899332017056773,0.202119475873101,0.2315041365094096
inner,7.499999999999635,249.99999999999997,-1.764580887709575,0.1991007632785597,0.23296537008458557
inner,7.649999999999677,249.99999999999994,-1.7389161855852113,0.19597851040843137,0.2342529070585725
inner,7.799999999999668,249.99999999999997,-1.7129544991552659,0.19275392428199434,0.2353661873609923
inner,7.949999999999658,249.99999999999997,-1.6867117230766828,0.18942853240965368,0.23630487431077252
inner,8.09999999999965,250.0,-1.6602042308993687,0.18600418684220402,0.23706886017158335
inner,8.249999999999691,250.00000000000003,-1.63344886114907,0.18248306640245726,0.23765827104393317
inner,8.39999999999968,249.99999999999997,-1.6064629012555727,0.17886767781502969,0.2380734713782095
inner,8.549999999999672,249.99999999999997,-1.5792640691031412,0.17516085522381036,0.23831506791309032
inner,8.699999999999662,249.99999999999997,-1.55187049199657,0.17136575810522706,0.23838391300312153
inner,8.849999999999653,249.99999999999997,-1.5243006838408535,0.16748586740512397,0.2382811071984425
inner,8.999999999999694,250.0,-1.4965735198878398,0.1635249804678077,0.2380080012959657
inner,9.149999999999686,249.99999999999997,-1.4687082085736214,0.15948720402912966,0.23756619759579015
inner,9.299999999999676,249.99999999999997,-1.4407242614840057,0.1553769451950062,0.23695755020055684
inner,9.449999999999667,249.99999999999997,-1.4126414612549565,0.15119890119471105,0.2361841646406558
inner,9.599999999999657,250.0,-1.3844798273874388,0.14695804741184343,0.23524839663614927
inner,9.749999999999698,249.99999999999997,-1.3562595800790882,0.14265962382521327,0.23415284997854247
inner,9.89999999999969,250.0,-1.3280011022198324,0.13830911990746608,0.23290037351795223
inner,10.049999999999681,250.0,-1.2997248996931967,0.13391225803849177,0.23149405724138078
inner,10.19999999999967,250.00000000000003,-1.2714515601252478,0.12947497551411877,0.22993722743160294
inner,10.349999999999712,250.0,-1.2432017102565567,0.1250034052293752,0.22823344090231465
inner,10.499999999999703,250.00000000000003,-1.2149959721110906,0.12050385513672837,0.2263864783130511
inner,10.649999999999693,250.0,-1.1868549181652956,0.1159827865739746,0.2244003365706724
inner,10.799999999999685,250.0,-1.1587990257198915,0.11144679158197268,0.2222792203329605
inner,10.949999999999676,250.00000000000003,-1.1308486306780456,0.10690256934382084,0.22002753263521574
inner,11.099999999999717,250.0,-1.1030238809697603,0.10235690186474419,0.2176498646667598
inner,11.249999999999707,250.00000000000003,-1.0753446898462702,0.09781662904144374,0.21515098473248223
inner,11.399999999999698,250.0,-1.0478306892776104,0.09328862326693248,0.21253582643967936
inner,11.549999999999688,250.0,-1.0205011837188942,0.08877976370497334,0.2098094761531516
inner,11.699999999999731,250.0,-0.9933751040925666,0.08429691045916439,0.20697715978658637
inner,11.84999999999972,250.00000000000003,-0.9664709633846849,0.07984687840444887,0.20404422886172613
inner,11.999999999999712,250.00000000000003,-0.939806813470717,0.07543641184669186,0.20101614624243488
inner,12.149999999999702,250.00000000000003,-0.9134002022108054,0.07107215950862955,0.19789847140689576
inner,12.299999999999693,250.0,-0.8872681324288679,0.06676064908731129,0.19469684499456935
inner,12.449999999999735,250.00000000000003,-0.8614270219832583,0.06250826307302226,0.1914169731719856
inner,12.599999999999724,250.00000000000006,-0.8358926681601175,0.05832121453391442,0.1880646115316539
inner,12.749999999999716,250.00000000000003,-0.8106802135724259,0.05420552581854299,0.18464554946760048
inner,12.899999999999707,250.00000000000006,-0.7858041112003025,0.05016700767101204,0.1811655942290361
inner,13.049999999999748,250.00000000000003,-0.7612780960965341,0.046211236658391414,0.17763055405326963
inner,13.199999999999738,250.00000000000003,-0.7371151590027759,0.042343537985702055,0.17404622264700112
inner,13.34999999999973,250.00000000000003,-0.7133275203623682,0.038568968619714414,0.17041836352493409
inner,13.49999999999972,250.00000000000003,-0.6899266106970013,0.03489229959324751,0.16675269386895167
inner,13.649999999999762,250.00000000000003,-0.6669230520101355,0.0313180035054025,0.16305486978098055
inner,13.799999999999752,250.00000000000003,-0.6443266427551341,0.02785024142615412,0.1593304713226618
inner,13.949999999999743,250.00000000000003,-0.6221463476266265,0.02449285190254971,0.15558498814901633
inner,14.099999999999733,250.00000000000006,-0.6003902872282588,0.021249343628592248,0.15182380620840533
inner,14.249999999999725,250.00000000000003,-0.5790657347307622,0.018122886363659,0.1480521941042437
inner,14.399999999999766,250.00000000000006,-0.5581791151060443,0.015116307395259047,0.14427529125001542
inner,14.549999999999757,250.00000000000006,-0.5377360052697568,0.012232089153509661,0.14049809657643061
inner,14.699999999999747,250.00000000000006,-0.5177411396656776,0.00947236634491373,0.13672545735549074
inner,14.849999999999739,250.00000000000003,-0.4981984185097919,0.006838927345956132,0.13296205961122226
inner,14.99999999999978,250.00000000000006,-0.47911091912370785,0.00433321674363687,0.12921241931338107
inner,15.14999999999977,250.00000000000003,-0.46048091015707493,0.0019563395644782,0.12548087447899128
inner,15.299999999999761,250.00000000000003,-0.44230986737172967,-0.000290932554290131,0.12177157825230749
inner,15.44999999999975,250.00000000000006,-0.42459849462614047,-0.0024081550701766886,0.11808849265764243
inner,15.599999999999742,250.00000000000003,-0.4073467449720098,-0.004395200000999109,0.11443538405285746
inner,15.749999999999783,250.00000000000003,-0.3905538445439171,-0.006252246344009565,0.11081581892973581
inner,15.899999999999775,250.00000000000006,-0.37421831971543235,-0.007979768843616026,0.10723316081519195
inner,16.049999999999766,250.00000000000006,-0.3583380238806312,-0.00957852410383929,0.1036905685056376
inner,16.199999999999754,250.00000000000006,-0.3429101668624457,-0.011049537931451588,0.10019099459539627
inner,16.3499999999998,250.00000000000003,-0.32793134656931733,-0.01239409089656387,0.09673718521000824
inner,16.499999999999787,250.00000000000006,-0.31339758097692016,-0.013613702214621116,0.09333168087556637
inner,16.64999999999978,250.00000000000003,-0.29930434046271176,-0.0147101138223436,0.08997681793120248
inner,16.79999999999977,250.00000000000006,-0.2856465817849417,-0.01568527459883959,0.08667473054697684
inner,16.94999999999976,250.00000000000003,-0.2724187824956477,-0.01654132324521831,0.08342735377896476
inner,17.099999999999802,250.00000000000003,-0.2596149765062001,-0.01728057119792607,0.08023642731063231
inner,17.24999999999979,250.00000000000003,-0.2472287886673817,-0.017905484491290712,0.07710350002865375
inner,17.399999999999782,250.00000000000003,-0.23525347093618224,-0.01841866692243281,0.07402993491011298
inner,17.549999999999773,250.00000000000003,-0.22368193752287954,-0.01882284169560913,0.07101691485785866
inner,17.699999999999815,250.00000000000003,-0.21250679726737348,-0.019120833614212046,0.0680654487046944
inner,17.849999999999806,250.0,-0.20172038320021282,-0.01931555344631181,0.06517637673461583
inner,17.999999999999797,250.00000000000006,-0.19131477799683624,-0.019409983935723255,0.06235037569397701
inner,18.149999999999785,250.00000000000003,-0.1812818372038139,-0.019407168822867367,0.059587963001134794
inner,18.29999999999983,250.00000000000003,-0.1716132126124043,-0.01931020356379948,0.0568895007748991
inner,18.449999999999818,250.00000000000003,-0.1623003773438605,-0.019122225923780347,0.05425520049820692
inner,18.59999999999981,250.00000000000003,-0.15333465290964488,-0.01884640536579488,0.05168512875874796
inner,18.7499999999998,250.00000000000003,-0.14470723710706998,-0.018485931007227965,0.049179214046309844
inner,18.899999999999842,250.00000000000003,-0.1364092316749307,-0.018043999039133344,0.04673725417651924
inner,19.049999999999834,250.00000000000003,-0.1284316688586537,-0.017523800311492012,0.044358923958279194
inner,19.199999999999825,249.99999999999997,-0.12076553643346143,-0.016928508574769196,0.04204378284072481
inner,19.349999999999813,249.99999999999997,-0.11340180094686414,-0.016261269597916725,0.039791282392817165
inner,19.499999999999805,250.00000000000003,-0.10633142913281356,-0.015525191273761261,0.03760077353190969
inner,19.649999999999796,250.00000000000006,-0.09954540752212496,-0.014723334715495716,0.03547151346765361
inner,19.799999999999837,249.99999999999997,-0.09303476029551955,-0.013858706310178182,0.033402672342152495
inner,19.94999999999983,250.00000000000006,-0.08679056545103228,-0.012934250689250975,0.03139333955481818
inner,20.099999999999817,250.00000000000003,-0.08080396936032888,-0.011952844567525116,0.02944252976484081
inner,20.249999999999808,250.0,-0.07506619978350142,-0.010917291392436645,0.027549188566414997
inner,20.39999999999985,250.0,-0.06956857741946879,-0.009830316750038252,0.0257121978337353
inner,20.54999999999984,250.0,-0.06430252606018595,-0.008694564466877887,0.023930380734922662
inner,20.699999999999832,249.99999999999997,-0.05925958143153847,-0.007512593362245877,0.022202506413319056
inner,20.849999999999824,250.0,-0.05443139877765725,-0.006286874581039954,0.020527294336977628
inner,20.999999999999865,250.00000000000003,-0.04980975926137055,-0.005019789458215509,0.01890341831817493
inner,21.149999999999856,249.99999999999997,-0.045386575257654375,-0.003713627867787831,0.017329510204836612
inner,21.299999999999844,250.0,-0.0411538945897702,-0.002370586988531896,0.015804163246828314
inner,21.449999999999836,249.99999999999997,-0.037103903770474705,-0.0009927704424943292,0.014325935138026812
inner,21.599999999999827,249.99999999999997,-0.03322893030004106,0.00041781224723229414,0.012893350735768867
inner,21.74999999999987,250.0,-0.029521444079403207,0.0018592459255131425,0.011504904460255155
inner,21.89999999999986,249.99999999999997,-0.025974057980388376,0.003329709850609241,0.010159062373910788
inner,22.04999999999985,249.99999999999997,-0.022579527612702443,0.004827477564446374,0.008854263938732785
inner,22.19999999999984,249.99999999999997,-0.01933075032102473,0.006350916636857015,0.007588923451682334
inner,22.34999999999988,250.0,-0.016220763444454347,0.007898488324320403,0.006361431151761531
inner,22.499999999999872,249.99999999999997,-0.013242741863270402,0.009468747190738725,0.005170153993339233
inner,22.649999999999864,249.99999999999997,-0.010389994843958073,0.011060340741075602,0.004013436078116486
inner,22.799999999999855,249.99999999999997,-0.0076559621977857865,0.012672009110099122,0.0028895987335898674
inner,22.949999999999896,249.99999999999994,-0.005034209750142476,0.014302584861839048,0.0017969402235511849
inner,23.099999999999888,250.0,-0.0025184241181986575,0.015950992945984423,0.0007337350712872219
inner,23.249999999999876,249.99999999999997,-0.00010240677787911462,0.017616250871662232,-0.0003017670273666303
inner,23.399999999999867,249.99999999999997,0.00221993260355215,0.019297469160301447,-0.0013113427295959315
inner,23.54999999999986,249.99999999999994,0.0044545836062779695,0.02099385214486271,-0.0022967970447613914
inner,23.6999999999999,249.99999999999997,0.006607443328893098,0.022704699200245433,-0.0032599658502185797
inner,23.84999999999989,249.99999999999994,0.00868432553841345,0.024429406474860856,-0.004202718974215489
inner,23.999999999999883,249.99999999999997,0.010690970801855389,0.026167469243849665,-0.005126963908057895
inner,24.14999999999987,249.99999999999997,0.012633057697776407,0.02791848499463636,-0.006034650223871046
inner,24.299999999999912,249.99999999999997,0.014516215236336519,0.029682157383064258,-0.006927774785861755
inner,24.449999999999903,249.99999999999997,0.016346036655507698,0.0314583012318275,-0.007808387866060108
inner,24.599999999999895,249.99999999999997,0.01812809477921095,0.03324684876064158,-0.008678600296624307
inner,24.749999999999886,249.99999999999997,0.019867959196632416,0.03504785730136316,-0.009540591819268125
inner,24.899999999999878,249.99999999999997,0.021571215553949037,0.036861518779280206,-0.010396620830802375
inner,25.04999999999992,249.99999999999997,0.023243487325522914,0.038688171314380855,-0.011249035765175755
inner,25.199999999999907,249.99999999999997,0.024890460527626185,0.04052831338047885,-0.012100288410620203
inner,25.3499999999999,250.0,0.026517911943029646,0.04238262105632145,-0.012952949532811037
inner,25.49999999999989,249.99999999999997,0.02813174156809809,0.04425196903068379,-0.013809727267811909
inner,25.64999999999993,249.99999999999994,0.029738010182743968,0.046137456188413875,-0.014673488866565594
inner,25.799999999999923,249.99999999999997,0.0313429831815105,0.04804043681186377,-0.01554728653006465
inner,25.949999999999914,249.99999999999994,0.03295318212019405,0.049962558702567966,-0.016434388278484417
inner,26.099999999999902,249.99999999999994,0.03457544586221208,0.051905809880962744,-0.017338315071154707
inner,26.249999999999893,249.99999999999997,0.03621700376112409,0.05387257597087218,-0.01826288576157349
inner,26.399999999999935,249.99999999999997,0.03788556408835014,0.05586571098957682,-0.019212271965909432
inner,26.549999999999926,249.99999999999997,0.03958942197976627,0.05788862507414216,-0.02019106560698541
inner,26.699999999999918,249.99999999999997,0.04133759261457262,0.05994539372599936,-0.021204362845122095
inner,26.84999999999991,249.99999999999997,0.04313997742268373,0.062040894643578065,-0.02225786944141239
inner,26.99999999999995,249.99999999999994,0.045007574062524924,0.06418098020392134,-0.023358034506628995
inner,27.149999999999938,249.99999999999997,0.046952745197874235,0.06637269640506577,-0.02451222235931673
inner,27.29999999999993,249.99999999999994,0.04898956745664592,0.06862456295598665,-0.025728936304766425
inner,27.44999999999992,249.99999999999997,0.051134291539858275,0.07094693466348631,-0.027018114296282827
inner,27.599999999999913,249.99999999999997,0.05340595923177187,0.07335247208668844,-0.028391525893444278
inner,27.749999999999954,249.99999999999997,0.055827246471715226,0.07585676081728188,-0.029863314786467903
inner,27.899999999999945,249.99999999999994,0.058425639635114116,0.07847913540251415,-0.03145075515698199
inner,28.049999999999933,249.99999999999994,0.06123511605626022,0.0812437888755384,-0.03317533009510394
inner,28.199999999999925,249.99999999999997,0.06429861018138433,0.08418128585390203,-0.03506430933661778
inner,28.349999999999966,249.99999999999994,0.06767174973289503,0.08733065605950313,-0.037153127817839623
inner,28.499999999999957,249.99999999999994,0.07142871752676583,0.09074232400539183,-0.039489104055788066
inner,28.64999999999995,249.99999999999994,0.07567190036670877,0.0944823015360612,-0.042137512731143564
inner,28.79999999999994,249.99999999999997,0.0805484296057273,0.09863811656076951,-0.0451920881187438
inner,28.94999999999993,249.99999999999997,0.0862813226915998,0.10332800232409678,-0.04879441951382766
inner,29.09999999999997,249.99999999999997,0.09322851923872605,0.10871211016661009,-0.05317334216379981
inner,29.24999999999996,250.0,0.1020287949241928,0.11502167932022787,-0.05873072588322027
inner,29.399999999999952,249.99999999999994,0.11388810039313696,0.12254979452949416,-0.06625765053007815
inner,29.549999999999944,249.99999999999994,0.13191089647092566,0.13199770169327216,-0.07745686051195552
inner,29.699999999999935,249.99999999999997,0.16311212919218468,0.14348716777608503,-0.09662194246795987
inner,29.849999999999977,249.99999999999997,0.25918683364457545,0.17526563648626775,-0.13213447070744902
inner,29.999999999999964,249.99999999999997,0.3347056919633176,0.2013810414605397,-0.15557362844725017
mid,-30.000000000000068,274.9183921033229,0.029294580039363374,-7.332084496948152e-06,0.0011050234487678702
mid,-29.830803015133508,274.9183921033229,0.029579201168081014,-1.142285375016136e-05,0.0020581370199419507
mid,-29.66160603026695,274.91839210332296,0.030134708116113584,-1.746492443169094e-05,0.004023080303686552
mid,-29.49240904540039,274.9183921033229,0.03065802713034988,-1.7313070523402793e-05,0.005938531666204578
mid,-29.32321206053393,274.9183921033229,0.031139375133679505,-6.512647531608379e-06,0.0078122700627214405
mid,-29.15401507566737,274.9183921033229,0.03157067221748123,1.8242162627738444e-05,0.00965001940280802
mid,-28.98481809080081,274.9183921033229,0.03194550316187033,5.9146563806650176e-05,0.01145572971287901
mid,-28.81562110593425,274.9183921033229,0.03225905019260061,0.0001173430552427069,0.013231861823028608
mid,-28.646424121067795,274.9183921033229,0.03250799809781438,0.0001929975136066922,0.014979663724113974
mid,-28.477227136201236,274.9183921033229,0.03269041542154706,0.0002853907291582806,0.01669942926596864
mid,-28.308030151334677,274.9183921033229,0.03280561677922761,0.00039302156472154374,0.018390732597089218
mid,-28.138833166468117,274.9183921033229,0.03285401207502454,0.0005137174442153844,0.02005263422656077
mid,-27.969636181601658,274.9183921033229,0.03283694846966845,0.000644747829388998,0.021683856733102594
mid,-27.8004391967351,274.9183921033229,0.03275655059567407,0.0007829366896554751,0.023282929936201197
mid,-27.63124221186854,274.9183921033229,0.03261556385627122,0.0009247705113509413,0.02484830670390374
mid,-27.46204522700198,274.9183921033229,0.03241720476538837,0.0010664990166512648,0.026378451564441095
mid,-27.292848242135523,274.9183921033229,0.03216502140912388,0.0012042265369793439,0.027871904931129305
mid,-27.123651257268964,274.9183921033229,0.03186276619189835,0.001333992649326514,0.02932732609005762
mid,-26.954454272402405,274.9183921033229,0.03151428223478433,0.0014518413370074043,0.03074351822441026
mid,-26.785257287535845,274.9183921033229,0.03112340406935353,0.0015538784970517078,0.03211943866994438
mid,-26.616060302669386,274.9183921033229,0.030693872640505382,0.001636318051505257,0.03345419741075161
mid,-26.446863317802826,274.91839210332296,0.0302292642008293,0.0016955173016438303,0.03474704653643297
mid,-26.277666332936267,274.9183921033229,0.02973293229664302,0.001728002391774069,0.0359973630529797
mid,-26.108469348069708,274.9183921033229,0.02920796177558583,0.0017304849149308004,0.03720462710009741
mid,-25.93927236320325,274.9183921033229,0.028657133629513012,0.0016998708093696885,0.03836839726731921
mid,-25.770075378336692,274.9183921033229,0.02808289937603125,0.0016332626883758632,0.03948828438687993
mid,-25.60087839347013,274.9183921033229,0.027487363667482147,0.0015279567286650038,0.040563924872450405
mid,-25.43168140860357,274.9183921033229,0.026872273858147777,0.0013814352034620739,0.04159495441356083
mid,-25.262484423737114,274.9183921033229,0.026239015306994053,0.0011913556264540343,0.042580982606832234
mid,-25.093287438870554,274.9183921033229,0.025588611310020323,0.0009555374087383169,0.0435215689097338
mid,-24.924090454003995,274.9183921033229,0.024921726632980222,0.0006719467988897145,0.04441620014730819
mid,-24.754893469137436,274.9183921033229,0.024238673736684823,0.00033868076984500985,0.045264269682517844
mid,-24.585696484270976,274.9183921033229,0.023539420905717867,-4.60495850976711e-05,0.0460650582591462
mid,-24.416499499404367,274.9183921033229,0.022823601594889754,-0.0004839356723690784,0.04681771645805345
mid,-24.247302514537857,274.9183921033229,0.022090524393492024,-0.000976587681913381,0.04752124865423462
mid,-24.078105529671298,274.9183921033229,0.021339183128644412,-0.0015255502178394692,0.04817449833564573
mid,-23.90890854480484,274.9183921033229,0.020568266695965367,-0.002132317057745973,0.048776134618617004
mid,-23.739711559938282,274.9183921033229,0.019776168274777274,-0.0027983448805519694,0.04932463978104633
mid,-23.570514575071723,274.9183921033229,0.01896099365273869,-0.0035250658232005468,0.049818297651109344
mid,-23.401317590205164,274.91839210332296,0.018120568439120296,-0.00431389879969285,0.05025518267651712
mid,-23.232120605338704,274.9183921033229,0.017252443996966228,-0.005166259505571206,0.050633149512710855
mid,-23.062923620472144,274.9183921033229,0.01635390192390007,-0.006083569091639221,0.0509498229885932
mid,-22.893726635605585,274.9183921033229,0.01542195697603337,-0.007067261478756984,0.05120258831627454
mid,-22.724529650739026,274.9183921033229,0.014453358332483884,-0.00811878929099229,0.0513885814245586
mid,-22.55533266587257,274.9183921033229,0.01344458910439772,-0.009239628412960672,0.05150467931131315
mid,-22.38613568100601,274.91839210332296,0.012391864006780422,-0.010431281150858663,0.05154749033241854
mid,-22.21693869613945,274.9183921033229,0.011291125120006362,-0.011695277977758049,0.051513344352104334
mid,-22.04774171127289,274.9183921033229,0.010138035643991187,-0.01303317784577181,0.051398282701136666
mid,-21.87854472640643,274.9183921033229,0.00892797155851454,-0.01444656702075102,0.05119804790356303
mid,-21.709347741539872,274.91839210332296,0.007656011108347061,-0.015937056396852268,0.0509080731404498
mid,-21.540150756673313,274.91839210332296,0.00631692198198576,-0.017506277218131746,0.05052347145435067
mid,-21.370953771806754,274.9183921033229,0.004905146070997166,-0.019155875133457533,0.050039024694059527
mid,-21.201756786940297,274.91839210332296,0.0034147816863250337,-0.020887502477620692,0.049449172228117094
mid,-21.032559802073735,274.91839210332296,0.0018395630496587587,-0.022702808666796064,0.04874799948103875
mid,-20.86336281720728,274.9183921033229,0.00017283690199641766,-0.024603428554408828,0.04792922635538838
mid,-20.69416583234092,274.91839210332296,-0.0015924639393991684,-0.026590968590049637,0.04698619562945596
mid,-20.524968847475176,274.9183921033229,-0.003463850315151189,-0.02866699060968057,0.045911861459114495
mid,-20.355771862611316,274.91839210332296,-0.005449309957829702,-0.030832993031446047,0.04469877813249902
mid,-20.18657487775407,274.91839210332296,-0.007557344450785795,-0.033090389233088276,0.04333908925551633
mid,-20.017377892918244,274.91839210332296,-0.009797010186778757,-0.035440482864560544,0.04182451759781455
mid,-19.84818090815051,274.91839210332296,-0.01217796357787733,-0.037884439810585736,0.040146355871849726
mid,-19.678983923592085,274.91839210332296,-0.014710510778359442,-0.040423256517662334,0.038295458761419404
mid,-19.50978693966142,274.91839210332296,-0.01740566221124519,-0.0430577243687819,0.03626223658264438
mid,-19.340589957546882,274.918392103323,-0.02027519215310454,-0.04578838976675581,0.03403665103240739
mid,-19.17139298054006,274.91839210332296,-0.023331703635826602,-0.04861550957850054,0.03160821357120152
mid,-19.00219601749129,274.91839210332296,-0.02658869888864491,-0.051539001549803606,0.028965987108566897
mid,-18.8329990912506,274.91839210332296,-0.03006065553836977,-0.054558389251415124,0.02609859185307084
mid,-18.663802259893128,274.91839210332296,-0.03376310868900934,-0.05767274096965641,0.02299421651330106
mid,-18.49460566402632,274.918392103323,-0.03771273895407754,-0.06088060168221793,0.019640636674036878
mid,-18.32540963717545,274.918392103323,-0.04192746627379219,-0.06417991665134812,0.016025243391531257
mid,-18.1562149431979,274.91839210332296,-0.04642654878836489,-0.06756794403657732,0.012135087301591217
mid,-17.987023265414194,274.91839210332296,-0.05123068556261655,-0.0710411512868608,0.007956948551892632
mid,-17.81783825192686,274.918392103323,-0.056362117096286794,-0.07459508696887017,0.00347744980561277
mid,-17.648667394592405,274.91839210332296,-0.06184471720944009,-0.07822421176279935,-0.0013167544312511579
mid,-17.479525797143857,274.91839210332296,-0.06770405157262947,-0.08192166284002839,-0.006438656558286924
mid,-17.3104426048896,274.918392103323,-0.07396735698948322,-0.08567891754324576,-0.011900359388907484
mid,-17.141471633409136,274.91839210332296,-0.08066337787146356,-0.08948530164918685,-0.017712186327063617
mid,-16.972708982284882,274.918392103323,-0.08782184456353216,-0.09332732288542901,-0.023881314760572467
mid,-16.804314533884583,274.91839210332296,-0.09547238981157591,-0.09718787487751689,-0.03040987621363934
mid,-16.636537112665227,274.91839210332296,-0.10364255004601247,-0.10104552045653212,-0.03729271452652215
mid,-16.4697279612706,274.918392103323,-0.11235469706680769,-0.10487430157398675,-0.04451548152460762
mid,-16.30432709269947,274.918392103323,-0.12162230698452635,-0.10864475974382477,-0.052054416113401794
mid,-16.1407919847605,274.918392103323,-0.13144807574753384,-0.11232632426336511,-0.059878764789502444
mid,-15.979507947019655,274.918392103323,-0.14182576156199264,-0.11589042226827696,-0.06795549822149671
mid,-15.820696460109103,274.91839210332296,-0.1527461861049671,-0.11931296036838518,-0.0762544416991236
mid,-15.664394231385417,274.918392103323,-0.16420444006977292,-0.12257509352648692,-0.08475131704752362
mid,-15.510491008624223,274.91839210332296,-0.17620335976032908,-0.12566262538417355,-0.09342845837297573
mid,-15.358760930948145,274.918392103323,-0.18875511666873296,-0.12856442986382988,-0.10227334370859392
mid,-15.208956757726508,274.918392103323,-0.2018787432745536,-0.13127080567699376,-0.11127573519201034
mid,-15.060836381181465,274.918392103323,-0.21559558993432265,-0.1337725820828905,-0.12042597135110816
mid,-14.914158187932964,274.918392103323,-0.22992886608683816,-0.13606056943800043,-0.12971375160494547
mid,-14.768729976134862,274.918392103323,-0.24490102627499682,-0.13812547550359244,-0.13912716390931534
mid,-14.624370598412696,274.918392103323,-0.2605328598913208,-0.13995774295366348,-0.1486520581593256
mid,-14.480956012398442,274.91839210332296,-0.2768419314573216,-0.1415480747444595,-0.15827233570859223
mid,-14.338346420571563,274.91839210332296,-0.29384376826803205,-0.14288741561313653,-0.1679703756714634
mid,-14.196444639878766,274.918392103323,-0.31155196960700937,-0.14396731263674992,-0.17772682292286776
mid,-14.055160594744681,274.91839210332296,-0.3299765357157326,-0.1447798474455953,-0.18752023846147214
mid,-13.914440516481724,274.91839210332296,-0.34912342721123957,-0.1453182321595457,-0.1973281808218164
mid,-13.774197090986396,274.918392103323,-0.3689972471163259,-0.1455764409173875,-0.2071271318778715
mid,-13.634404805866785,274.91839210332296,-0.38959873038408566,-0.14554993562424962,-0.21689263172547424
mid,-13.494999043916154,274.9183921033231,-0.41092563735587184,-0.14523518262584967,-0.22659979868531707
mid,-13.355946097525713,274.91839210332296,-0.4329740210710188,-0.1446301020015812,-0.23622328950819405
mid,-13.217214645918208,274.91839210332296,-0.4557356402237098,-0.14373398009580307,-0.24573731121482878
mid,-13.078775701352882,274.91839210332296,-0.4791997808037942,-0.14254752656975395,-0.2551162235118807
mid,-12.940602536527411,274.918392103323,-0.5033532800223468,-0.14107286787485468,-0.2643346870316504
mid,-12.802670597660159,274.91839210332296,-0.5281805568921669,-0.1393135276580548,-0.2733677884364141
mid,-12.664958362005276,274.918392103323,-0.553663314203042,-0.13727439711226114,-0.28219074489701523
mid,-12.527466344081503,274.918392103323,-0.5797794130159807,-0.13496199521716268,-0.2907798225448498
mid,-12.390156581678413,274.918392103323,-0.6065065337251474,-0.1323836908815314,-0.2991124150711857
mid,-12.253021943236556,274.918392103323,-0.6338203893415643,-0.12954831934870356,-0.30716665411615773
mid,-12.116057466594206,274.918392103323,-0.6616928047840168,-0.12646597798744744,-0.31492185771561043
mid,-11.979238499562658,274.91839210332296,-0.690095425220472,-0.12314753776894263,-0.32235855201187646
mid,-11.842568776900661,274.91839210332296,-0.7189974284085796,-0.11960517388233034,-0.32945871490358997
mid,-11.70602934586566,274.918392103323,-0.7483668251011051,-0.11585166517678905,-0.3362057796524532
mid,-11.569610762380206,274.91839210332296,-0.7781708602028408,-0.1119006231078388,-0.3425844860571651
mid,-11.433318950618728,274.91839210332296,-0.8083740563038115,-0.10776659779172362,-0.348581346098059
mid,-11.297130516921364,274.91839210332296,-0.8389418171849269,-0.10346422096455823,-0.35418447322480395
mid,-11.161041847749358,274.91839210332296,-0.8698385309965938,-0.09900881780131954,-0.3593833746303883
mid,-11.02506211104827,274.91839210332296,-0.9010258780191654,-0.09441636198620414,-0.3641694161391661
mid,-10.889170876407297,274.91839210332296,-0.932467271831435,-0.0897025229406134,-0.3685356052447236
mid,-10.753364271671696,274.91839210332296,-0.9641262749414181,-0.08488325016520565,-0.3724766416932493
mid,-10.617638588844102,274.918392103323,-0.9959650232455466,-0.0799746310928526,-0.3759887008489722
mid,-10.481992924664596,274.91839210332296,-1.027945409795352,-0.07499273997597,-0.3790695914960246
mid,-10.3464263497982,274.9183921033229,-1.0600296992258553,-0.06995345542441236,-0.38171883295278175
mid,-10.210929220142129,274.91839210332296,-1.0921814312987181,-0.06487219165606224,-0.3839374054576641
mid,-10.075498515721236,274.91839210332296,-1.1243645263626216,-0.05976410224801348,-0.3857277943303279
mid,-9.940131348759857,274.91839210332296,-1.1565430606799807,-0.05464395377932295,-0.3870938768603712
mid,-9.804824958627773,274.91839210332296,-1.188681881278662,-0.049526003187006735,-0.38804089110751055
mid,-9.669576706936253,274.91839210332296,-1.2207467225617394,-0.044423928626185646,-0.3885753607051561
mid,-9.534384072783812,274.91839210332296,-1.2527043146449037,-0.03935076691862372,-0.38870501367606697
mid,-9.399244648150113,274.9183921033229,-1.2845224828690969,-0.03431885790810121,-0.3884386958701309
mid,-9.264156133438293,274.91839210332296,-1.316170237945146,-0.029339795989183966,-0.3877862796820356
mid,-9.129116333163314,274.9183921033229,-1.3476178562320764,-0.02442438904796073,-0.3867585687567882
mid,-8.994123151784969,274.91839210332296,-1.3788369497008095,-0.019582624999358055,-0.38536719943891595
mid,-8.859174589682674,274.9183921033229,-1.4098005251949992,-0.0148236460508012,-0.38362453977767175
mid,-8.724268739270368,274.9183921033229,-1.440483032694099,-0.010155730764092964,-0.3815435869420096
mid,-8.589403781248889,274.918392103323,-1.470860402364578,-0.005586283898875735,-0.3791378639320705
mid,-8.454577980991804,274.91839210332296,-1.5009100703078075,-0.0011218339602458646,-0.3764213165043322
mid,-8.319789685063078,274.91839210332296,-1.53061099303453,0.0032319617271725012,-0.3734082112357209
mid,-8.185037317862644,274.91839210332296,-1.5599436508198756,0.007470304670100472,-0.37011303565077586
mid,-8.05031937839677,274.9183921033229,-1.588890040227355,0.011589235936848546,-0.36655040130997824
mid,-7.915634437169841,274.91839210332296,-1.61743363699581,0.015585608847759704,-0.3627349503635795
mid,-7.780981597100757,274.91839210332296,-1.6455592016021718,0.019457039113832585,-0.358681281468665
mid,-7.646363340138367,274.91839210332296,-1.673252880751614,0.0232018473580692,-0.3544039701965781
mid,-7.511774284545636,274.91839210332296,-1.7005027240105877,0.02681919051126727,-0.3499171314096774
mid,-7.377213223604237,274.91839210332296,-1.7272980941664406,0.03030883171982647,-0.34523469054287403
mid,-7.242679009914568,274.9183921033229,-1.7536293984311007,0.0336711224886662,-0.34037023324277044
mid,-7.1081705528639185,274.9183921033229,-1.7794882539704795,0.036906970667392604,-0.3353369377324993
mid,-6.97368681619526,274.9183921033229,-1.8048673863820641,0.04001778535439789,-0.33014752740120984
mid,-6.839227652406881,274.9183921033229,-1.829760387629551,0.043005404781408366,-0.3248142659149305
mid,-6.704796224716949,274.9183921033229,-1.8541618509683742,0.045872028873862936,-0.3193490066834359
mid,-6.570386599816072,274.9183921033229,-1.8780678222756235,0.048620327755662135,-0.3137627189685318
mid,-6.435997911589138,274.91839210332296,-1.90147511597517,0.05125320022077633,-0.3080659478000527
mid,-6.3016293387096525,274.9183921033229,-1.9243810667445471,0.053773766049241375,-0.30226867091377224
mid,-6.167280102675996,274.91839210332296,-1.9467835388991348,0.056185327900174775,-0.29638028403026423
mid,-6.032954017326143,274.9183921033229,-1.9686808992204798,0.05849128192310661,-0.2904097652822036
mid,-5.898647158376466,274.9183921033229,-1.9900724898961448,0.06069522117529154,-0.28436521251379765
mid,-5.764357297373262,274.9183921033229,-2.0109582382004203,0.06280078699130806,-0.2782541853561002
mid,-5.63008379030133,274.91839210332296,-2.031338262307316,0.06481161959666787,-0.27208375368697935
mid,-5.495826346604532,274.9183921033229,-2.0512127937155737,0.06673134303151657,-0.2658604762824595
mid,-5.361589703876059,274.9183921033229,-2.070582333478856,0.0685635002840504,-0.25959058406781454
mid,-5.227367376655154,274.91839210332296,-2.0894481290658615,0.07031169237784746,-0.253279359149563
mid,-5.09315883636915,274.9183921033229,-2.1078115692115205,0.07197938590115761,-0.24693182075242326
mid,-4.958963584294961,274.9183921033229,-2.1256738639573123,0.07356994026956706,-0.24055257232244937
mid,-4.824785553634441,274.91839210332296,-2.1430362778582577,0.07508656550526632,-0.23414597485447147
mid,-4.690620910343727,274.9183921033229,-2.1599005111631238,0.07653242121274025,-0.22771567300585982
mid,-4.556467844003868,274.9183921033229,-2.1762683909432807,0.07791052211240665,-0.22126500622430506
mid,-4.422325949830914,274.9183921033229,-2.192141519660399,0.0792237308887584,-0.21479704859318022
mid,-4.288198910429592,274.9183921033229,-2.207521418670419,0.08047473723954206,-0.20831473128547992
mid,-4.154083241616188,274.91839210332296,-2.2224098938997443,0.08166614663634349,-0.2018203888675872
mid,-4.0199772440894455,274.91839210332296,-2.2368087891576907,0.08280041186918502,-0.1953161453369275
mid,-3.8858805924692543,274.91839210332296,-2.2507196863359007,0.08387983401700631,-0.18880395288998444
mid,-3.751797578661088,274.91839210332296,-2.264144064646879,0.08490654305249078,-0.18228573463860687
mid,-3.6177231462681707,274.91839210332296,-2.2770836479353602,0.08588259841832772,-0.17576280369307304
mid,-3.483656736501395,274.9183921033229,-2.289540062190916,0.08680990272186483,-0.169236463572089
mid,-3.349599347953,274.91839210332296,-2.3015146868873924,0.08769022127852985,-0.16270793005092857
mid,-3.2155524256562007,274.918392103323,-2.313008895651571,0.08852519530145135,-0.15617827921877395
mid,-3.081512310276122,274.918392103323,-2.324024158174068,0.08931638059844027,-0.14964821716939364
mid,-2.9474787831443883,274.918392103323,-2.3345617796097535,0.09006520591191518,-0.14311846926457458
mid,-2.8134544310049514,274.91839210332296,-2.344622903043013,0.09077297816686947,-0.13658977465909822
mid,-2.679436891927524,274.91839210332296,-2.3542087391550117,0.09144092927359738,-0.1300625469143489
mid,-2.5454248538944224,274.91839210332296,-2.3633204456429953,0.0920701935343648,-0.12353714317760668
mid,-2.411419018031954,274.91839210332296,-2.37195901611283,0.09266180678984898,-0.11701393014205377
mid,-2.2774205358356676,274.918392103323,-2.3801253930812227,0.09321671700549747,-0.11049321710768928
mid,-2.1434265429121133,274.91839210332296,-2.3878205425193824,0.09373580923194504,-0.10397506181779353
mid,-2.0094368949688377,274.91839210332296,-2.3950453114042265,0.09421988491533585,-0.09745957972299002
mid,-1.8754537051467284,274.918392103323,-2.401800439117749,0.09466966440271674,-0.09094693520371887
mid,-1.741474470627918,274.9183921033231,-2.4080866820640203,0.09508581663893954,-0.08443703492530574
mid,-1.6074986551762818,274.91839210332296,-2.4139047255350476,0.09546894315640425,-0.07792982564449487
mid,-1.4735272071537882,274.91839210332296,-2.419255154563809,0.09581958082962644,-0.07142528585491861
mid,-1.3395595741645498,274.91839210332296,-2.4241385248202088,0.09613821391602848,-0.06492329144875256
mid,-1.2055944813145196,274.91839210332296,-2.428555353442551,0.09642527635894756,-0.05842365346885074
mid,-1.0716321310987234,274.918392103323,-2.432506081368851,0.09668114919919873,-0.051926224607480705
mid,-0.937673046113338,274.91839210332296,-2.4359910962985016,0.09690616439586046,-0.04543084984374042
mid,-0.8037156582882659,274.918392103323,-2.4390107554890963,0.09710061292949712,-0.03893725923862044
mid,-0.6697598811106896,274.918392103323,-2.4415653575370104,0.09726474143836324,-0.032445233175059277
mid,-0.5358062751075717,274.918392103323,-2.4436551457530293,0.09739875365954281,-0.025954568815636188
mid,-0.4018536416379254,274.9183921033229,-2.4452803270022505,0.09750281595074116,-0.01946497212925891
mid,-0.2679018083004204,274.9183921033229,-2.4464410601558244,0.09757705615784931,-0.012976186251413833
mid,-0.1339507877801264,274.9183921033229,-2.447137455188184,0.09762156430629258,-0.006487957263043532
mid,-4.0711099922733015e-13,274.9183921033229,-2.447369579285487,0.09763639433712121,-1.3289954498363653e-12
mid,0.13395078777936306,274.9183921033229,-2.447137455189179,0.09762156430541741,0.006487957260406424
mid,0.2679018082996062,274.91839210332296,-2.4464410601559408,0.09757705615749104,0.012976186249362677
mid,0.4018536416371621,274.91839210332296,-2.445280327000507,0.09750281595187875,0.019464972127086352
mid,0.5358062751067575,274.91839210332296,-2.44365514575185,0.09739875366044971,0.0259545688132476
mid,0.6697598811098754,274.918392103323,-2.4415653575362835,0.09726474143889119,0.03244523317332583
mid,0.8037156582874517,274.918392103323,-2.4390107554883373,0.0971006129297897,0.038937259236667986
mid,0.9376730461125238,274.91839210332296,-2.435991096297439,0.0969061643963685,0.04543084984182637
mid,1.0716321310979093,274.91839210332296,-2.432506081367693,0.09668114919931667,0.05192622460646448
mid,1.2055944813137562,274.918392103323,-2.428555353441076,0.09642527635926122,0.058423653468004315
mid,1.3395595741637356,274.918392103323,-2.4241385248195564,0.096138213916255,0.06492329144771483
mid,1.473527207152974,274.918392103323,-2.419255154563876,0.09581958082969765,0.07142528585393675
mid,1.6074986551755184,274.91839210332296,-2.4139047255342345,0.09546894315773652,0.07792982564331825
mid,1.7414744706271037,274.918392103323,-2.408086682063422,0.09508581664004034,0.08443703492395542
mid,1.8754537051459141,274.91839210332296,-2.4018004391178494,0.09466966440249691,0.09094693520249228
mid,2.0094368949680743,274.918392103323,-2.3950453114062458,0.09421988491265358,0.09745957972206962
mid,2.1434265429112993,274.91839210332296,-2.387820542521665,0.09373580922919211,0.10397506181675488
mid,2.2774205358348536,274.91839210332296,-2.380125393080471,0.09321671700579491,0.11049321710646362
mid,2.41141901803114,274.91839210332296,-2.3719590161097095,0.09266180679287185,0.11701393014115086
mid,2.5454248538936084,274.91839210332296,-2.36332044564254,0.09207019353528037,0.1235371431773278
mid,2.67943689192671,274.91839210332296,-2.3542087391557325,0.0914409292730332,0.1300625469140577
mid,2.813454431004137,274.91839210332296,-2.3446229030427266,0.09077297816665729,0.13658977465882266
mid,2.9474787831435743,274.918392103323,-2.3345617796100147,0.09006520591097757,0.1431184692643626
mid,3.0815123102753588,274.91839210332296,-2.3240241581756966,0.08931638059678626,0.14964821716872165
mid,3.2155524256553867,274.91839210332296,-2.3130088956525445,0.08852519530070477,0.15617827921785657
mid,3.349599347952237,274.91839210332296,-2.301514686887572,0.08769022127815519,0.16270793005019954
mid,3.483656736500581,274.91839210332296,-2.2895400621919455,0.08680990272009488,0.1692364635715342
mid,3.6177231462673567,274.91839210332296,-2.2770836479342256,0.08588259841812504,0.17576280369214048
mid,3.751797578660325,274.91839210332296,-2.2641440646440634,0.08490654305322885,0.18228573463792036
mid,3.88588059246844,274.91839210332296,-2.2507196863336194,0.08387983401766441,0.18880395288946974
mid,4.019977244088682,274.9183921033229,-2.2368087891585815,0.08280041186798097,0.19531614533596303
mid,4.154083241615374,274.91839210332296,-2.2224098939023373,0.0816661466344406,0.20182038886636647
mid,4.288198910428777,274.91839210332296,-2.2075214186709036,0.08047473724037221,0.20831473128365588
mid,4.4223259498301,274.9183921033229,-2.192141519660266,0.07922373088964266,0.21479704859078694
mid,4.556467844003055,274.91839210332296,-2.176268390941485,0.07791052211344537,0.2212650062220097
mid,4.690620910342912,274.91839210332296,-2.159900511158024,0.0765324212155907,0.22771567300398887
mid,4.824785553633626,274.91839210332296,-2.143036277854336,0.07508656550672248,0.2341459748526572
mid,4.958963584294198,274.91839210332296,-2.125673863955005,0.07356994027072065,0.2405525723202563
mid,5.093158836368335,274.91839210332296,-2.107811569209987,0.07197938590246948,0.24693182074991657
mid,5.22736737665434,274.9183921033229,-2.0894481290656044,0.07031169237733158,0.25327935914704386
mid,5.361589703875245,274.9183921033229,-2.0705823334782507,0.06856350028384413,0.25959058406539004
mid,5.495826346603718,274.9183921033229,-2.0512127937168843,0.06673134303057486,0.2658604762800758
mid,5.630083790300516,274.9183921033229,-2.031338262310954,0.06481161959497463,0.2720837536843277
mid,5.764357297372448,274.9183921033229,-2.0109582382046307,0.06280078698970905,0.27825418535373825
mid,5.898647158375653,274.91839210332296,-1.990072489898489,0.06069522117532907,0.28436521251263325
mid,6.032954017325278,274.9183921033229,-1.9686808992216756,0.05849128192494542,0.2904097652813436
mid,6.167280102675232,274.9183921033229,-1.9467835389006594,0.05618532790179893,0.2963802840290381
mid,6.301629338708839,274.9183921033229,-1.9243810667454226,0.053773766051206144,0.3022686709122774
mid,6.435997911588375,274.9183921033229,-1.9014751159752188,0.05125320022291141,0.30806594779887986
mid,6.570386599815207,274.9183921033229,-1.8780678222742844,0.04862032775868916,0.3137627189675165
mid,6.704796224716084,274.91839210332296,-1.8541618509683027,0.04587202887572375,0.3193490066819684
mid,6.839227652406067,274.91839210332296,-1.829760387631519,0.043005404781389506,0.3248142659130262
mid,6.973686816194496,274.9183921033229,-1.8048673863836815,0.04001778535469086,0.33014752739901676
mid,7.108170552863104,274.9183921033229,-1.7794882539705987,0.0369069706691975,0.3353369377299537
mid,7.242679009913703,274.9183921033229,-1.7536293984317184,0.0336711224905723,0.34037023323970467
mid,7.377213223603423,274.91839210332296,-1.7272980941673732,0.03030883172081115,0.34523469053971534
mid,7.511774284544821,274.9183921033229,-1.7005027240104502,0.026819190512436437,0.3499171314063546
mid,7.646363340137604,274.91839210332296,-1.673252880753175,0.023201847358212128,0.3544039701926292
mid,7.780981597099994,274.9183921033229,-1.6455592016061982,0.01945703911223367,0.35868128146436495
mid,7.9156344371689755,274.91839210332296,-1.617433636999382,0.015585608846286618,0.3627349503598434
mid,8.050319378395956,274.91839210332296,-1.588890040230104,0.011589235936460156,0.3665504013069869
mid,8.185037317861829,274.9183921033229,-1.559943650822159,0.0074703046695283395,0.3701130356482836
mid,8.319789685062265,274.91839210332296,-1.5306109930356337,0.0032319617275081217,0.37340821123303003
mid,8.454577980990988,274.91839210332296,-1.5009100703085727,-0.001121833958427923,0.3764213165012047
mid,8.589403781248075,274.9183921033229,-1.470860402364811,-0.005586283896621025,0.37913786392908116
mid,8.724268739269554,274.9183921033229,-1.4404830326927496,-0.010155730761057677,0.38154358693892154
mid,8.859174589681809,274.9183921033229,-1.4098005251924761,-0.014823646046854246,0.3836245397744329
mid,8.994123151784153,274.9183921033229,-1.378836949699151,-0.019582624995215,0.38536719943584163
mid,9.129116333162552,274.91839210332296,-1.3476178562328205,-0.024424389044808696,0.3867585687537328
mid,9.26415613343748,274.91839210332296,-1.3161702379472968,-0.02933979598601523,0.38778627967873647
mid,9.399244648149299,274.91839210332296,-1.2845224828723882,-0.03431885790505554,0.38843869586692215
mid,9.534384072782998,274.9183921033229,-1.2527043146493066,-0.0393507669166981,0.3887050136733666
mid,9.669576706935489,274.9183921033229,-1.2207467225658748,-0.044423928624410615,0.3885753607026169
mid,9.804824958626908,274.9183921033229,-1.1886818812815259,-0.04952600318514252,0.3880408911049157
mid,9.940131348759044,274.9183921033229,-1.1565430606819034,-0.0546439537775134,0.38709387685769175
mid,10.075498515720422,274.91839210332296,-1.1243645263639255,-0.05976410224590041,0.38572779432756665
mid,10.210929220141313,274.91839210332296,-1.092181431299859,-0.06487219165425093,0.3839374054551081
mid,10.346426349797387,274.91839210332296,-1.060029699227877,-0.0699534554236562,0.38171883295032416
mid,10.481992924663832,274.9183921033229,-1.02794540979775,-0.07499273997615943,0.37906959149375713
mid,10.61763858884334,274.91839210332296,-0.9959650232471984,-0.079974631092295,0.3759887008469449
mid,10.75336427167088,274.91839210332296,-0.9641262749425223,-0.08488325016421029,0.37247664169120165
mid,10.889170876406483,274.91839210332296,-0.9324672718319672,-0.08970252293844744,0.36853560524249457
mid,11.025062111047456,274.91839210332296,-0.9010258780202778,-0.0944163619826254,0.36416941613662246
mid,11.161041847748542,274.91839210332296,-0.8698385309972301,-0.09900881779940152,0.35938337462812653
mid,11.297130516920602,274.91839210332296,-0.8389418171822964,-0.10346422096343919,0.35418447322293867
mid,11.433318950617915,274.91839210332296,-0.808374056300194,-0.10776659779027388,0.34858134609570957
mid,11.569610762379392,274.91839210332296,-0.7781708602005614,-0.1119006231074181,0.3425844860546734
mid,11.706029345864847,274.91839210332296,-0.7483668250990292,-0.11585166517577904,0.33620577965031884
mid,11.842568776899846,274.918392103323,-0.7189974284064412,-0.11960517388009853,0.32945871490121004
mid,11.979238499561843,274.9183921033229,-0.6900954252209653,-0.12314753776756951,0.32235855200903046
mid,12.116057466593393,274.91839210332296,-0.6616928047858578,-0.12646597798574544,0.3149218577126145
mid,12.253021943235742,274.91839210332296,-0.6338203893399592,-0.12954831934574834,0.307166654113198
mid,12.3901565816776,274.918392103323,-0.6065065337235063,-0.1323836908788808,0.2991124150680221
mid,12.52746634408069,274.918392103323,-0.5797794130175109,-0.13496199521534877,0.290779822541668
mid,12.664958362004514,274.918392103323,-0.553663314203346,-0.13727439710977407,0.28219074489433793
mid,12.802670597659343,274.918392103323,-0.5281805568909299,-0.13931352765529992,0.27336778843405163
mid,12.940602536526596,274.91839210332296,-0.5033532800209233,-0.14107286787251977,0.2643346870295429
mid,13.078775701352068,274.918392103323,-0.4791997808023031,-0.14254752656696024,0.2551162235099127
mid,13.217214645917394,274.91839210332296,-0.45573564022239543,-0.14373398009303096,0.24573731121289852
mid,13.3559460975249,274.91839210332296,-0.43297402106938443,-0.14463010199892315,0.23622328950659338
mid,13.494999043915339,274.918392103323,-0.4109256373523687,-0.1452351826226143,0.22659979868379315
mid,13.63440480586597,274.91839210332296,-0.3895987303790116,-0.1455499356195219,0.21689263172382978
mid,13.774197090985583,274.91839210332296,-0.3689972471118716,-0.14557644091384941,0.20712713187628337
mid,13.914440516480859,274.91839210332296,-0.34912342720650674,-0.1453182321573572,0.19732818081999565
mid,14.055160594743917,274.91839210332296,-0.3299765357099762,-0.14477984744222375,0.18752023845955507
mid,14.196444639878003,274.91839210332296,-0.3115519696021104,-0.14396731263183,0.17772682292099345
mid,14.338346420570799,274.918392103323,-0.2938437682655006,-0.14288741560783003,0.16797037566907702
mid,14.480956012397678,274.918392103323,-0.2768419314545772,-0.14154807473856995,0.15827233570542
mid,14.624370598411932,274.91839210332296,-0.2605328598859884,-0.13995774294636878,0.14865205815593996
mid,14.768729976134098,274.918392103323,-0.24490102626757312,-0.13812547549698936,0.13912716390626406
mid,14.9141581879322,274.91839210332296,-0.2299288660794719,-0.13606056943084324,0.12971375160177528
mid,15.060836381180703,274.91839210332296,-0.21559558992864772,-0.13377258207691986,0.12042597134776156
mid,15.208956757725744,274.918392103323,-0.20187874326957433,-0.1312708056713846,0.1112757351888389
mid,15.358760930947382,274.91839210332296,-0.1887551166634584,-0.12856442985712785,0.10227334370595052
mid,15.510491008623461,274.91839210332296,-0.1762033597552931,-0.1256626253794153,0.09342845837070424
mid,15.664394231384653,274.91839210332296,-0.1642044400653276,-0.12257509352283208,0.08475131704475493
mid,15.820696460108339,274.918392103323,-0.15274618609926569,-0.11931296036351027,0.07625444169561846
mid,15.979507947018943,274.918392103323,-0.14182576155455678,-0.1158904222619852,0.0679554982171784
mid,16.14079198475979,274.918392103323,-0.1314480757411304,-0.11232632425706399,0.059878764784245725
mid,16.304327092698706,274.918392103323,-0.12162230697725795,-0.10864475973743577,0.05205441610809995
mid,16.46972796126989,274.91839210332296,-0.11235469705714592,-0.10487430156776403,0.04451548151942726
mid,16.63653711266441,274.91839210332296,-0.10364255003632619,-0.10104552045062343,0.03729271452110465
mid,16.804314533883872,274.91839210332296,-0.09547238980330505,-0.09718787487044656,0.030409876208840732
mid,16.972708982284118,274.91839210332296,-0.08782184455683323,-0.09332732287746176,0.023881314756905914
mid,17.141471633408372,274.91839210332296,-0.08066337786393557,-0.08948530163938866,0.017712186323878852
mid,17.31044260488889,274.91839210332296,-0.07396735698102187,-0.08567891753318904,0.011900359385570719
mid,17.479525797143143,274.91839210332296,-0.06770405156437878,-0.08192166283038035,0.006438656554942802
mid,17.648667394591694,274.918392103323,-0.06184471720280857,-0.0782242117522054,0.001316754428253522
mid,17.8178382519262,274.91839210332296,-0.05636211709042512,-0.074595086958125,-0.003477449808441082
mid,17.98702326541348,274.91839210332296,-0.051230685555576444,-0.0710411512757727,-0.007956948554798034
mid,18.156214943197238,274.91839210332296,-0.046426548782743035,-0.06756794402540961,-0.012135087304742283
mid,18.325409637174737,274.91839210332296,-0.041927466266808135,-0.06417991664140268,-0.016025243394083503
mid,18.49460566402571,274.91839210332296,-0.03771273894228952,-0.06088060167222337,-0.019640636675739596
mid,18.663802259892467,274.91839210332296,-0.0337631086759973,-0.057672740959147484,-0.02299421651492191
mid,18.832999091249935,274.91839210332296,-0.030060655525832047,-0.05455838924208635,-0.02609859185467489
mid,19.00219601749063,274.91839210332296,-0.026588698875992814,-0.05153900154154231,-0.02896598711021988
mid,19.171392980539398,274.918392103323,-0.023331703624539235,-0.04861550957121477,-0.03160821357312358
mid,19.34058995754627,274.91839210332296,-0.020275192143174407,-0.045788389760081746,-0.034036651034775954
mid,19.50978693966076,274.91839210332296,-0.01740566220029268,-0.043057724361755347,-0.03626223658543188
mid,19.678983923591474,274.91839210332296,-0.014710510767201364,-0.04042325651261318,-0.03829545876349154
mid,19.848180908149903,274.91839210332296,-0.012177963567034905,-0.03788443980629704,-0.04014635587300036
mid,20.017377892917583,274.91839210332296,-0.009797010174757502,-0.035440482857554335,-0.041824517598831545
mid,20.186574877753458,274.9183921033229,-0.007557344437314317,-0.03309038922537624,-0.043339089256929586
mid,20.355771862610755,274.91839210332296,-0.005449309944581957,-0.030832993023472414,-0.044698778134890135
mid,20.524968847474568,274.91839210332296,-0.00346385030266258,-0.028666990602381794,-0.04591186146151187
mid,20.69416583234031,274.91839210332296,-0.0015924639273448664,-0.026590968585774637,-0.04698619563123527
mid,20.863362817206667,274.91839210332296,0.00017283691490731917,-0.024603428550458283,-0.0479292263576022
mid,21.032559802073127,274.9183921033229,0.0018395630641853122,-0.02270280866192689,-0.048747999483865906
mid,21.201756786939686,274.9183921033229,0.0034147817032943693,-0.020887502470346438,-0.04944917223072444
mid,21.370953771806192,274.91839210332296,0.004905146087881337,-0.019155875124873198,-0.05003902469614326
mid,21.54015075667275,274.91839210332296,0.006316921998189114,-0.017506277212116703,-0.050523471455952845
mid,21.709347741539315,274.9183921033229,0.007656011127434848,-0.015937056392707805,-0.05090807314165924
mid,21.87854472640582,274.9183921033229,0.008927971579021327,-0.01444656701699731,-0.05119804790505689
mid,22.04774171127238,274.91839210332296,0.010138035663073357,-0.013033177840939998,-0.05139828270323506
mid,22.21693869613894,274.9183921033229,0.011291125137042998,-0.011695277973421386,-0.05151334435409409
mid,22.3861356810055,274.91839210332296,0.012391864021005741,-0.010431281147570554,-0.05154749033452956
mid,22.555332665872008,274.9183921033229,0.01344458911557302,-0.009239628409884713,-0.05150467931358908
mid,22.724529650738567,274.9183921033229,0.0144533583434906,-0.008118789288386927,-0.05138858142639004
mid,22.893726635605127,274.9183921033229,0.015421956988011437,-0.007067261477857419,-0.051202588317305384
mid,23.062923620471636,274.9183921033229,0.016353901936737858,-0.0060835690918341935,-0.050949822988866085
mid,23.232120605338196,274.9183921033229,0.017252444012374375,-0.005166259504161979,-0.05063314951316459
mid,23.401317590204755,274.9183921033229,0.018120568453057793,-0.004313898799290127,-0.05025518267872756
mid,23.570514575071314,274.9183921033229,0.018960993665223084,-0.0035250658236776963,-0.04981829765446812
mid,23.739711559937824,274.9183921033229,0.019776168289863238,-0.0027983448803627457,-0.04932463978425445
mid,23.908908544804383,274.9183921033229,0.020568266713034467,-0.002132317057074725,-0.0487761346225339
mid,24.078105529670943,274.91839210332296,0.021339183147435287,-0.0015255502161287682,-0.048174498339640714
mid,24.247302514537452,274.9183921033229,0.022090524411453562,-0.0009765876826667332,-0.04752124865763587
mid,24.41649949940401,274.91839210332296,0.022823601612049015,-0.00048393567402020554,-0.04681771646215985
mid,24.58569648427057,274.9183921033229,0.02353942092274937,-4.604958774482096e-05,-0.046065058263975854
mid,24.75489346913708,274.9183921033229,0.024238673753860324,0.00033868076710645914,-0.04526426968817406
mid,24.92409045400364,274.9183921033229,0.024921726651342683,0.0006719467976891904,-0.04441620015348843
mid,25.0932874388702,274.9183921033229,0.025588611329517147,0.0009555374072075604,-0.043521568915987956
mid,25.262484423736705,274.9183921033229,0.02623901532596442,0.0011913556247476025,-0.042580982613191105
mid,25.431681408603264,274.9183921033229,0.026872273876036273,0.0013814352015393133,-0.0415949544203012
mid,25.600878393469827,274.9183921033229,0.027487363684951492,0.0015279567255982035,-0.04056392488007208
mid,25.770075378336387,274.9183921033229,0.02808289939060666,0.001633262683574506,-0.03948828439517324
mid,25.939272363202893,274.9183921033229,0.028657133641898216,0.0016998708055558746,-0.03836839727565779
mid,26.108469348069452,274.9183921033229,0.02920796178898061,0.0017304849133373008,-0.03720462710805807
mid,26.27766633293601,274.9183921033229,0.02973293231025051,0.0017280023916513981,-0.03599736306172644
mid,26.44686331780252,274.9183921033229,0.030229264213344403,0.0016955173018239657,-0.03474704654623363
mid,26.61606030266908,274.9183921033229,0.030693872652672795,0.001636318052091119,-0.033454197421052996
mid,26.78525728753564,274.9183921033229,0.031123404081209123,0.0015538784986745338,-0.03211943868012187
mid,26.9544542724022,274.9183921033229,0.031514282244513366,0.001451841336977718,-0.030743518233802176
mid,27.12365125726871,274.9183921033229,0.03186276620001713,0.0013339926458982528,-0.0293273260980678
mid,27.292848242135268,274.9183921033229,0.032165021418067,0.0012042265331021571,-0.027871904938533573
mid,27.462045227001777,274.9183921033229,0.03241720477386003,0.0010664990143627825,-0.026378451572644502
mid,27.631242211868337,274.9183921033229,0.0326155638620715,0.0009247705095239619,-0.02484830671245049
mid,27.800439196734896,274.9183921033229,0.03275655059945026,0.0007829366858500314,-0.023282929944459723
mid,27.969636181601455,274.9183921033229,0.03283694847432011,0.0006447478257437576,-0.02168385674084359
mid,28.138833166467965,274.9183921033229,0.03285401208041503,0.0005137174443790669,-0.020052634233646498
mid,28.308030151334524,274.9183921033229,0.032805616781605915,0.0003930215661088056,-0.01839073260373729
mid,28.477227136201083,274.9183921033229,0.03269041541891912,0.0002853907285589193,-0.016699429272041842
mid,28.646424121067593,274.9183921033229,0.03250799809238696,0.00019299751376800154,-0.01497966372911362
mid,28.815621105934152,274.91839210332296,0.03225905018547397,0.00011734305668428986,-0.013231861825980526
mid,28.98481809080071,274.9183921033229,0.03194550315468773,5.914656604857644e-05,-0.011455729714500075
mid,29.15401507566727,274.9183921033229,0.03157067221021223,1.8242165384825537e-05,-0.009650019405230517
mid,29.32321206053378,274.9183921033229,0.031139375123547548,-6.512646347298784e-06,-0.007812270064636024
mid,29.492409045400287,274.9183921033229,0.03065802712095502,-1.731306753594876e-05,-0.00593853166757826
mid,29.6616060302669,274.91839210332296,0.0301347081065311,-1.746492309850911e-05,-0.0040230803066774335
mid,29.830803015133405,274.9183921033229,0.029579201157326068,-1.142285599472874e-05,-0.0020581370226908932
mid,29.999999999999964,274.9183921033229,0.02929458002944802,-7.332086555164596e-06,-0.0011050234503364627
outer,-30.000000000000068,298.7730695018225,-1.8219028017524725e-05,-0.000106808363082142,-0.0002485066844778846
outer,-30.000000000000068,298.6058480946258,-6.244200987063004e-05,-9.309273531486634e-05,-0.0002703598045534045
outer,-30.000000000000068,298.68956815628115,-4.0169016500346446e-05,-9.994045227719655e-05,-0.00025980701992773863
outer,-30.000000000000018,298.52190281823334,-8.500634059934528e-05,-8.629382443493503e-05,-0.0002801662653316597
outer,-29.708261952012435,298.52190281823334,-4.5640723255102865e-05,-0.00016890841523049664,-0.00033115442143484325
outer,-29.70752503721737,298.6058480946258,-3.220644544547896e-05,-0.00018484809120176087,-0.0003218401126739445
outer,-29.706787559933932,298.6895681562812,-1.8806498271066533e-05,-0.0002010467388270381,-0.0003115911759496313
outer,-29.706049478737864,298.7730695018225,-5.457811421226812e-06,-0.0002174760005332188,-0.000300395806363001
outer,-29.4165239040248,298.5219028182333,3.7485005865311354e-05,-0.0002946088025560572,-0.00032793285792410786
outer,-29.41505007443467,298.60584809462586,3.538287323849492e-05,-0.00033091381805153207,-0.0003222789396779267
outer,-29.413575119867794,298.68956815628115,3.360154124933492e-05,-0.00036804450954654747,-0.0003154543291460218
outer,-29.41209895747566,298.7730695018225,3.2134387840690784e-05,-0.0004059966648280737,-0.0003074339520928715
outer,-29.124785856037168,298.5219028182333,0.00010472595801705754,-0.00028794636032819705,-0.00014743437608440198
outer,-29.122575111652072,298.6058480946258,9.195767333560473e-05,-0.00034641881292334596,-0.00015059519979897598
outer,-29.12036267980166,298.68956815628115,7.968943692832753e-05,-0.00040640878602883016,-0.0001526169371163571
outer,-29.118148436213456,298.7730695018225,6.791037986006394e-05,-0.0004679502319231754,-0.00015347845977240322
outer,-28.833047808049635,298.52190281823334,0.00013719383731821568,-6.029096798368313e-05,0.0001473333569991836
outer,-28.830100148869374,298.60584809462586,0.00011757664963753711,-0.0001381725260393869,0.00013111947024939746
outer,-28.82715023973552,298.6895681562812,9.86394281114868e-05,-0.00021808458130575902,0.00011580081165031519
outer,-28.824197914951252,298.7730695018225,8.037799623552511e-05,-0.0003000708874266416,0.00010138293198451895
outer,-28.541309760062003,298.52190281823334,0.00014366330765389632,0.0004558145294904063,0.0005078896086503617
outer,-28.537625186086675,298.60584809462586,0.00012026204452008802,0.0003643572877298631,0.0004753078190880018
outer,-28.533937799669385,298.68956815628115,9.774053197088501e-05,0.0002706523407885259,0.0004432736428246251
outer,-28.53024739368905,298.7730695018225,7.610480564079422e-05,0.00017467022929125214,0.00041177920114371803
outer,-28.24957171207437,298.52190281823334,0.00013480483742555368,0.0013076564383392767,0.0009022848112204126
outer,-28.24515022330408,298.60584809462586,0.00010972926144632372,0.0012096902825803162,0.000851099428979781
outer,-28.24072535960325,298.6895681562812,8.569814187297956e-05,0.001109483607496652,0.0008001063785338222
outer,-28.236296872426845,298.77306950182253,6.272023272163444e-05,0.0010070227327874815,0.0007492919684265715
outer,-27.957833664086735,298.5219028182333,0.00011690782759709098,0.0025240176855573573,0.0013114278159052151
outer,-27.95267526052138,298.6058480946258,9.137492182924182e-05,0.0024265894534737406,0.0012403457179025975
outer,-27.94751291953711,298.6895681562812,6.698777552552543e-05,0.0023270476985741383,0.0011691361454407745
outer,-27.94234635116464,298.7730695018225,4.375191610771602e-05,0.0022253878174561376,0.00109778442855755
outer,-27.666095616099103,298.52190281823334,9.282330131917373e-05,0.004119728272429321,0.0017244258379196266
outer,-27.660200297738683,298.6058480946258,6.746296979197666e-05,0.0040293917857100355,0.0016328122479855023
outer,-27.654300479470976,298.68956815628115,4.329871914650731e-05,0.003937130956636564,0.0015407927057625515
outer,-27.648395829902437,298.7730695018225,2.0332340943990997e-05,0.003842946564101919,0.0014483531346765979
outer,-27.37435756811157,298.52190281823334,6.378437793831985e-05,0.0061005285555221465,0.0021351660843742393
outer,-27.367725334955985,298.6058480946258,3.891825959372432e-05,0.006023287315195856,0.0020227987321588974
outer,-27.361088039404837,298.6895681562812,1.526846422042656e-05,0.005944349961643053,0.001909782766010654
outer,-27.354445308640233,298.77306950182253,-7.165782169900846e-06,0.005863721387851599,0.0017961051729818956
outer,-27.082619520123938,298.5219028182333,3.038855807851147e-05,0.008466615355303346,0.0025402936854159877
outer,-27.075250372173386,298.6058480946258,6.184000202423805e-06,0.008407976989853959,0.0024072025874763738
outer,-27.067875599338702,298.6895681562812,-1.6801155663093842e-05,0.008347897421770854,0.0022732499201934143
outer,-27.06049478737793,298.7730695018225,-3.856953065114457e-05,0.008286384669779037,0.0021384239950863505
outer,-26.790881472136306,298.52190281823334,-7.041172991615989e-06,0.011214869978008735,0.002938079396705761
outer,-26.782775409390688,298.6058480946258,-3.05000733897675e-05,0.011179914234298295,0.0027844479277705256
outer,-26.774663159272666,298.6895681562812,-5.2746850962125634e-05,0.011143790561935025,0.0026297661805204167
outer,-26.766544266115726,298.7730695018225,-7.3785540548643e-05,0.011106509216034666,0.0024740238848255667
outer,-26.499143424148674,298.52190281823334,-4.832310612631636e-05,0.014340243506057976,0.0033277668207181105
outer,-26.49030044660799,298.60584809462586,-7.09996099235435e-05,0.014333690585603694,0.003153868505264978
outer,-26.48145071920653,298.6895681562812,-9.247737138536917e-05,0.014326256478122492,0.002978750519152599
outer,-26.472593744853523,298.7730695018225,-0.00011276145620473313,0.014317953039547436,0.0028024039685628018
outer,-26.207405376161038,298.52190281823334,-9.335369323661916e-05,0.017836640165983658,0.0037091840170873774
outer,-26.19782548382539,298.60584809462586,-0.00011523840899659975,0.01786291542960183,0.0035153414325615174
outer,-26.188238279140393,298.68956815628115,-0.00013594108045383684,0.017888607222912536,0.00332012482676865
outer,-26.17864322359132,298.77306950182253,-0.00015546749116920975,0.01791372855639059,0.0031235265737699237
outer,-25.91566732817351,298.52190281823334,-0.0001420758581138406,0.021697484944314373,0.004082509690260567
outer,-25.905350521042692,298.60584809462586,-0.0001631758211815288,0.02176077680121494,0.003869067812664999
outer,-25.895025839074258,298.6895681562812,-0.00018311203620235104,0.021823792845669078,0.0036541089906587457
outer,-25.884692702329115,298.7730695018225,-0.00020189076538131186,0.021886546922440873,0.003437626728244335
outer,-25.623929280185873,298.5219028182333,-0.0001944642410116621,0.025916087566251637,0.0044481311392539314
outer,-25.612875558259994,298.6058480946258,-0.0002147971983128931,0.02602039804432515,0.004215440069969023
outer,-25.60181339900812,298.6895681562812,-0.00023398526626386244,0.02612475024560723,0.003981097512139433
outer,-25.59074218106691,298.7730695018225,-0.00025203500227214196,0.026229158628747504,0.003745097943894298
outer,-25.33219123219824,298.5219028182333,-0.00025051883789613955,0.03048587469656614,0.00480655657947813
outer,-25.3204005954774,298.6058480946258,-0.0002701103752556829,0.030635063493015223,0.004554960380935835
outer,-25.308600958941984,298.68956815628115,-0.0002885758397456178,0.030784622060419885,0.004301583941890091
outer,-25.296791659804708,298.7730695018225,-0.00030592194661066725,0.03093456532808108,0.004046422547761542
outer,-25.04045318421061,298.5219028182333,-0.00031026268387222833,0.03540053570615625,0.005158359718756739
outer,-25.0279256326947,298.6058480946258,-0.0003291449231857396,0.03559835870700097,0.004888189303316988
outer,-25.01538851887585,298.6895681562812,-0.0003469195566541249,0.03579689118300188,0.004616113468469241
outer,-25.002841138542504,298.7730695018225,-0.00036359335335428046,0.03599614845785294,0.0043421281379260514
outer,-24.748715136222973,298.5219028182333,-0.00037374145668894396,0.04065411006206977,0.005504143407182206
outer,-24.735450669912,298.6058480946258,-0.0003919526291063357,0.040904253266645846,0.005215712164185127
outer,-24.72217607880971,298.6895681562812,-0.00040907420231928,0.041155458864019286,0.004925251978346327
outer,-24.7088906172803,298.7730695018225,-0.0004251129160375063,0.04140774256063716,0.004632759240391965
outer,-24.456977088235444,298.5219028182333,-0.00044102387168539967,0.04624103395320417,0.005844514522756687
outer,-24.442975707129403,298.6058480946258,-0.0004586083697315363,0.04654714361250218,0.005538115858696442
outer,-24.428963638743575,298.6895681562812,-0.00047512083764474945,0.046854683709018366,0.005229564713169743
outer,-24.414940096018096,298.77306950182253,-0.0004905679265160071,0.047163670372202426,0.004918857769256841
outer,-24.16523904024781,298.5219028182333,-0.0005122022426889035,0.05215615714391855,0.00618006542531584
outer,-24.150500744346704,298.6058480946258,-0.0005292109522875253,0.0525218667365126,0.00585597170040654
outer,-24.135751198677436,298.6895681562812,-0.0005451648966356831,0.0528893921603013,0.005529600471227386
outer,-24.120989574755892,298.7730695018225,-0.000560070600202623,0.05325875005677101,0.005200948538091828
outer,-23.873500992260176,298.5219028182333,-0.0005873930393205454,0.05839473692748559,0.006511359322021026
outer,-23.858025781564006,298.6058480946258,-0.000603883837808173,0.05882369149576881,0.006169821852013594
outer,-23.8425387586113,298.68956815628115,-0.0006193370537416719,0.059254867153451615,0.005825879076837421
outer,-23.82703905349369,298.7730695018225,-0.0006337590619341499,0.059688281195802835,0.0054795277364489865
outer,-23.581762944272544,298.52190281823334,-0.0006667371468418275,0.0649524137769386,0.006838918090234361
outer,-23.565550818781308,298.60584809462586,-0.0006827755562416257,0.06544829199302918,0.006480168001410571
outer,-23.549326318545162,298.68956815628115,-0.0006977937900569213,0.06594681920971708,0.006118880892631094
outer,-23.533088532231485,298.7730695018225,-0.0007117980687017175,0.06644801356823996,0.005755053260085385
outer,-23.29002489628491,298.5219028182333,-0.0007503998876474821,0.07182517142563205,0.007163211756521796
outer,-23.27307585599871,298.6058480946258,-0.0007660599300260765,0.0723917056638956,0.006787461569017593
outer,-23.256113878479027,298.68956815628115,-0.0007807178141624009,0.07296134253419215,0.006409037734145959
outer,-23.23913801096928,298.7730695018225,-0.0007943796205785066,0.07353410126605542,0.006027936318943406
outer,-22.99828684829738,298.5219028182333,-0.0008385710031992809,0.07900928343871022,0.0074846492881612894
outer,-22.98060089321601,298.6058480946258,-0.0008539362703626867,0.07965027816638913,0.007092095150685977
outer,-22.962901438412892,298.6895681562812,-0.000868318494371273,0.08029485821549813,0.006696724948527452
outer,-22.945187489707077,298.7730695018225,-0.0008817236519842869,0.08094304419720942,0.0062985341315917875
outer,-22.706548800309694,298.5219028182333,-0.0009314645808078531,0.08650124792446325,0.007803570599988645
outer,-22.688125930433312,298.6058480946258,-0.0009466296437051699,0.08722059663534878,0.007394395107118392
outer,-22.669688998346803,298.6895681562812,-0.0009608324895192706,0.08794404602417612,0.0069822545791449545
outer,-22.651236968444874,298.7730695018225,-0.000974079047992786,0.08867161843643674,0.006567143652508073
outer,-22.41481075232211,298.52190281823334,-0.0010293192291713944,0.09429771137498395,0.008120239742518524
outer,-22.395650967650667,298.60584809462586,-0.0010443915349633882,0.09509941230695135,0.007694615296873184
outer,-22.376476558280668,298.6895681562812,-0.0010585249118028849,0.09590576586074069,0.007265869628649089
outer,-22.35728644718267,298.77306950182253,-0.0010717253243033645,0.09671679653200305,0.0068339963564229035
outer,-22.12307270433448,298.5219028182333,-0.0011323988075773277,0.10239538249119569,0.00843483923159858
outer,-22.10317600486802,298.6058480946258,-0.0011475011793738617,0.1032835534751549,0.007992931934420956
outer,-22.083264118214583,298.6895681562812,-0.001161691316498837,0.10417696986733091,0.007547739424823802
outer,-22.063335925920466,298.77306950182253,-0.0011749753373189002,0.10507565879204184,0.0070992540905768925
outer,-21.831334656346844,298.5219028182333,-0.0012409940152567356,0.11079093656750691,0.008747465417382697
outer,-21.81070104208532,298.60584809462586,-0.0012562679946596864,0.11176982932260894,0.008289439470841979
outer,-21.790051678148448,298.6895681562812,-0.0012706610232491589,0.11275460576811318,0.007827955995932175
outer,-21.769385404658262,298.7730695018225,-0.0012841795368101136,0.11374529620905344,0.007363005920335664
outer,-21.539596608359314,298.52190281823334,-0.0013554254405010874,0.1194809103341952,0.009058124615525912
outer,-21.51822607930272,298.60584809462586,-0.0013710357076428398,0.12055492462495473,0.00858414722877119
outer,-21.49683923808231,298.6895681562812,-0.0013858023840254072,0.1216355115219411,0.008106531191604566
outer,-21.47543488339606,298.77306950182253,-0.0013997324423976332,0.12272270515030949,0.007625265717130392
outer,-21.24785856037168,298.52190281823334,-0.0014760486858323568,0.12846158652792955,0.009366729483024035
outer,-21.225751116520023,298.60584809462586,-0.001492188821350833,0.12963528466796592,0.008876976303148695
outer,-21.20362679801612,298.68956815628127,-0.0015075306734964253,0.1308163007087209,0.008383394080955897
outer,-21.181484362133855,298.77306950182253,-0.001522082044117419,0.1320046733381295,0.007885970029803534
outer,-20.956120512384047,298.52190281823334,-0.0016032623502623064,0.13772886660651543,0.009673094726079388
outer,-20.933276153737324,298.6058480946258,-0.001620162281224545,0.13900698878348294,0.009167755834782375
outer,-20.910414357949985,298.6895681562812,-0.0016363195323127674,0.1402932370489301,0.008658387768311543
outer,-20.88753384087165,298.77306950182253,-0.001651743113765411,0.14158765552899996,0.008144975412970525
outer,-20.664382464396414,298.5219028182334,-0.0017375200491333426,0.1472781281650472,0.009976930764166475
outer,-20.640801190954626,298.60584809462586,-0.0017554555170993247,0.14866560909048177,0.009456217294917774
outer,-20.6172019178839,298.6895681562812,-0.0017727171424689533,0.15006209467144804,0.008931264283237657
outer,-20.593583319609397,298.7730695018225,-0.0017893156259089354,0.15146763552354148,0.008402053902156793
outer,-20.37264441640878,298.52190281823334,-0.001879347739238077,0.15710406178843478,0.010277833294570458
outer,-20.348326228171977,298.6058480946259,-0.0018986521455849475,0.1586060490928795,0.009741984777626653
outer,-20.32398947781776,298.6895681562812,-0.0019173684088692605,0.16011799873027138,0.009201675588360124
outer,-20.299632798347194,298.77306950182253,-0.0019355095443398043,0.16163996906765377,0.008656884726291836
outer,-20.080906368421196,298.52190281823334,-0.002029367918347666,0.16720047936090088,0.010575265826390234
outer,-20.05585126538933,298.60584809462586,-0.0020504468753897442,0.16882235397945236,0.010024558417607556
outer,-20.030777037751626,298.6895681562812,-0.002071044703088637,0.1704552379854058,0.00946915788442998
outer,-20.00568227708504,298.7730695018225,-0.002091177511952619,0.17209919904621349,0.008909039504799585
outer,-19.789168320433564,298.52190281823334,-0.002188332590424051,0.17756008186042344,0.010868531186429498
outer,-19.76337630260663,298.60584809462586,-0.002211681429719531,0.1793074803224189,0.010303286992730025
outer,-19.73756459768549,298.6895681562812,-0.002234682836436644,0.18106703676667463,0.00973310534679428
outer,-19.711731755822786,298.77306950182253,-0.0022573569746679872,0.18283883008666904,0.009157957153327026
outer,-19.497430272445982,298.5219028182334,-0.0023571670797414707,0.18817417004006273,0.01115672659828506
outer,-19.470901339824035,298.60584809462586,-0.002383391419921138,0.1900530080434354,0.010577324399650596
outer,-19.444352157619353,298.6895681562812,-0.0024094350632295827,0.19194526860419148,0.009992728079435548
outer,-19.417781234560582,298.77306950182253,-0.00243532339684243,0.19385104423950955,0.009402903399703913
outer,-19.20569222445835,298.52190281823334,-0.0025370269693995515,0.19903227516163233,0.011438675287154365
outer,-19.178426377041337,298.60584809462586,-0.002566866220357379,0.20104877097497195,0.010845563055485632
outer,-19.151139717553217,298.6895681562812,-0.0025967319258054997,0.2030800869756261,0.010246987453585134
outer,-19.123830713298428,298.77306950182253,-0.002626656077179282,0.20512633231524113,0.009642908213598825
outer,-18.913954176470714,298.52190281823334,-0.0027293705949896566,0.2101216790992084,0.011712825531844016
outer,-18.88595141425864,298.6058480946259,-0.0027637239342650152,0.21228237410996334,0.011106535286744539
outer,-18.85792727748708,298.6895681562812,-0.002798359600529217,0.21445944005169976,0.010494500069874194
outer,-18.829880192036224,298.77306950182253,-0.002833317787343942,0.2166530064817698,0.009876672588921262
outer,-18.622216128483185,298.5219028182333,-0.0029360492475966685,0.22142678357518705,0.011977105782105632
outer,-18.59347645147599,298.60584809462586,-0.00297600308716206,0.22373855565635148,0.01135827148851564
outer,-18.564714837421047,298.6895681562812,-0.003016552908669236,0.22606842575087632,0.010733399323447135
outer,-18.53592967077402,298.77306950182253,-0.0030577488974648306,0.22841654852693227,0.010102433903891997
outer,-18.3304780804955,298.5219028182334,-0.00315941698272159,0.2329282765248139,0.012228721783948494
outer,-18.30100148869334,298.60584809462586,-0.0032062723509559063,0.23539833954856054,0.011598101211499803
outer,-18.27150239735486,298.6895681562812,-0.003254104587648278,0.2378884303871252,0.01096114098060097
outer,-18.241979149511767,298.77306950182253,-0.0033029757911435947,0.2403987346477408,0.010317776555829689
outer,-18.038740032507917,298.5219028182334,-0.0034024612817175684,0.24460202950523036,0.01246387862497128
outer,-18.008526525910643,298.6058480946259,-0.0034577587137930785,0.24723790932231243,0.011822380360903759
outer,-17.97828995728872,298.6895681562812,-0.0035144903699171823,0.24989597865511873,0.0111742362922269
outer,-17.948028628249613,298.77306950182253,-0.003572732231025534,0.2525764611743204,0.010519371792573444
outer,-17.747001984520285,298.5219028182334,-0.003668954707180573,0.2564176433828462,0.012677407364019379
outer,-17.716051563127994,298.6058480946259,-0.003734493281793587,0.2592271166680979,0.012026124508777158
outer,-17.685077517222634,298.6895681562812,-0.003802008095466436,0.26206120413141754,0.01136789303011431
outer,-17.65407810698736,298.7730695018226,-0.0038715908762923038,0.26492017609553986,0.010702627591275791
outer,-17.455263936532653,298.5219028182334,-0.003963626361943327,0.26833653997754936,0.012862272396365663
outer,-17.42357660034535,298.6058480946259,-0.004041472427200432,0.2713275173690765,0.012202524894588701
outer,-17.39186507715645,298.6895681562812,-0.004121927363312121,0.2743458278706577,0.011535541525310868
outer,-17.360127585725206,298.77306950182253,-0.004205100193288187,0.2773917986261127,0.010861226234052376
outer,-17.16352588854507,298.5219028182334,-0.004292350119138588,0.28030947480497675,0.013008931955991003
outer,-17.131101637562647,298.6058480946259,-0.004384829968807978,0.2834898036596275,0.012342320032945372
outer,-17.09865263709031,298.6895681562812,-0.004480644132395843,0.2867005077021224,0.01166821923706439
outer,-17.066177064462952,298.7730695018226,-0.004579919897444024,0.28994198265410903,0.010986523815244106
outer,-16.871787840557435,298.5219028182334,-0.004662344554058978,0.2922733201060081,0.013104520219827165
outer,-16.83862667477995,298.60584809462586,-0.004772014094375027,0.29565047461543736,0.012432992007401833
outer,-16.805440197024225,298.6895681562812,-0.004885832720738427,0.2990613919461336,0.011753783639036744
outer,-16.7722265432007,298.77306950182265,-0.005003946023617992,0.30250654962599094,0.011066782284700358
outer,-16.580049792569852,298.52190281823334,-0.0050823773486496845,0.3041469377020758,0.013131815242438172
outer,-16.546151711997304,298.6058480946259,-0.00521196049597792,0.3077275550608486,0.012457752401064087
outer,-16.512227756958037,298.6895681562812,-0.005346585355874137,0.3113456785962195,0.011775919213847685
outer,-16.478276021938495,298.7730695018226,-0.0054864145056557415,0.3150018820138558,0.011086200773159777
outer,-16.28831174458222,298.5219028182334,-0.005562965105439327,0.31582592723497055,0.013067952018168794
outer,-16.253676749214655,298.6058480946259,-0.005715251530932559,0.3196151376195101,0.012394277979170754
outer,-16.21901531689195,298.68956815628127,-0.005873528003074502,0.32344594317068215,0.011712899604728058
outer,-16.18432550067629,298.7730695018226,-0.006037970914352049,0.32731902867711216,0.011023708312988434
outer,-15.996573696594586,298.5219028182334,-0.006116558178538539,0.32717599586095675,0.01288283390759197
outer,-15.961201786431955,298.6058480946259,-0.0062942501929571446,0.3311764808258341,0.012213150194718678
outer,-15.925802876825815,298.68956815628127,-0.006478900436771018,0.3352229544689799,0.011536059982834523
outer,-15.890374979414087,298.7730695018226,-0.006670693526957733,0.3393162271089438,0.010851474157495766
outer,-15.704835648607004,298.5219028182334,-0.0067577005999811465,0.33802464837835317,0.01253718697611346
outer,-15.668726823649308,298.6058480946259,-0.006963198519992483,0.3422353463327102,0.011875943839636055
outer,-15.63259043675968,298.6895681562812,-0.0071765898257446295,0.34649664459568935,0.011207925894414453
outer,-15.596424458151883,298.7730695018226,-0.007398058714792023,0.35080949153031105,0.010533083084292683
outer,-15.413097600619421,298.5219028182334,-0.007503158178721436,0.34815083834003496,0.011980188265122108
outer,-15.37625186086666,298.6058480946259,-0.00773827375721798,0.3525651958515948,0.01133289635904336
outer,-15.339377996693543,298.68956815628127,-0.007982111461693947,0.3570348330638444,0.010679930800396698
outer,-15.30247393688968,298.77306950182253,-0.008234842683895481,0.36156084485954904,0.010021308811725735
outer,-15.12135955263179,298.5219028182334,-0.008372014762965459,0.357272144368935,0.011146576580288156
outer,-15.083776898084013,298.6058480946259,-0.008637603458440966,0.3618757862011666,0.010520066212415677
outer,-15.046165556627457,298.6895681562812,-0.00891253909193667,0.36653921619525237,0.009889630750606213
outer,-15.008523415627527,298.77306950182253,-0.009196963362641412,0.3712636772716987,0.009255394333047118
outer,-14.829621504644207,298.52190281823334,-0.009385750491889056,0.3650289299340028,0.009953115341697336
outer,-14.791301935301364,298.6058480946259,-0.009681255994578579,0.3697965852765835,0.009355848127936509
outer,-14.75295311656132,298.68956815628127,-0.009986404071358444,0.37462800711224453,0.008757282701725863
outer,-14.714572894365324,298.7730695018226,-0.01030128446546033,0.37952457697803066,0.008157704763981921
outer,-14.537883456656726,298.5219028182334,-0.01056833882967545,0.3709647896266432,0.008294208094033029
outer,-14.498826972518767,298.60584809462586,-0.010891248200699394,0.3758562601713168,0.0077366410673452846
outer,-14.459740676495336,298.68956815628127,-0.011223610164666442,0.3808144221723411,0.007181578012928333
outer,-14.420622373103221,298.7730695018226,-0.011565433781994587,0.3858407699320005,0.006629540585183655
outer,-14.246145408669499,298.5219028182334,-0.01194643639681385,0.3745023466114142,0.006036343362091398
outer,-14.206352009736527,298.6058480946259,-0.012291653610351061,0.37945722101628654,0.005531334341618552
outer,-14.166528236429606,298.6895681562812,-0.012645457239337417,0.3844799097324429,0.005034185962378229
outer,-14.126671851841476,298.7730695018226,-0.0130077389954502,0.3895719696988413,0.004545756422304453
outer,-13.954407360683494,298.5219028182334,-0.013549785614184864,0.37491309106984055,0.0030108207720344615
outer,-13.913877046955458,298.6058480946259,-0.01390894855364581,0.37984377569997685,0.002574038903018716
outer,-13.873315796365098,298.68956815628127,-0.01427492941044958,0.3848405288256297,0.0021525101738472385
outer,-13.83272133058085,298.77306950182265,-0.014647455787893383,0.389904883604964,0.001747565332878731
outer,-13.66266931270156,298.5219028182334,-0.015412016480259149,0.3712793487599636,-0.0009962126020898326
outer,-13.62140208417851,298.6058480946259,-0.015772820405036917,0.37606174767509626,-0.0013459634380563745
outer,-13.580103356304711,298.68956815628127,-0.016137514029169818,0.3809040656870687,-0.001670425456532329
outer,-13.538770809324447,298.7730695018226,-0.016505600913795382,0.38580766898075736,-0.001967610050664856
outer,-13.370931264733978,298.5219028182334,-0.017571868309737212,0.36244558254726394,-0.006258159934777741
outer,-13.328927121416013,298.6058480946259,-0.01791751737553343,0.36690633280285595,-0.006498922111884811
outer,-13.286890916258828,298.68956815628127,-0.018262699650279393,0.3714141774347372,-0.006700958710400759
outer,-13.244820288082549,298.7730695018226,-0.01860661827403949,0.3759700752004463,-0.00686136671209954
outer,-13.07919321681479,298.5219028182334,-0.020074666000785737,0.3469549379549984,-0.013130175777543725
outer,-13.036452158702065,298.6058480946259,-0.020383770935924635,0.3508532909015211,-0.013237659230370194
outer,-12.99367847626185,298.6895681562812,-0.020686429127449016,0.3547756975654773,-0.013288666430236865
outer,-12.950869766889808,298.7730695018226,-0.020981453018612962,0.3587222793083296,-0.013279016660124543
outer,-12.787455169053663,298.52190281823334,-0.022967105863639262,0.3229674486915872,-0.022084754079760113
outer,-12.743977196147043,298.6058480946259,-0.023214079287017346,0.3259686239854602,-0.022035225069758135
outer,-12.70046603642451,298.6895681562812,-0.02344712814039722,0.32895462692451877,-0.021906185415838206
outer,-12.656919245857623,298.77306950182253,-0.023664626054438028,0.33192384961780624,-0.021691655629543685
outer,-12.495717121795877,298.5219028182334,-0.026273682171246062,0.28816030451186114,-0.03377320585531049
outer,-12.45150223409801,298.60584809462586,-0.02642993616731322,0.2897959920751721,-0.03355185258350827
outer,-12.407253597095805,298.6895681562812,-0.026564602641807974,0.29135032019449764,-0.033222285913854094
outer,-12.362968725336666,298.77306950182253,-0.02667599106260852,0.2928177377546444,-0.032776081538148295
outer,-12.20397907608308,298.5219028182334,-0.02965295655779311,0.23969232620800898,-0.04908177321173081
outer,-12.159027273602002,298.60584809462586,-0.029648099581779733,0.23931809496769527,-0.048696354964628555
outer,-12.114041159328165,298.6895681562812,-0.029611806857816347,0.23875295542174158,-0.048169572760257295
outer,-12.069018206384765,298.77306950182253,-0.029543108665523114,0.23798268226754793,-0.047490122357592576
outer,-11.912241035005035,298.5219028182334,-0.04807092649567216,0.17086389065775065,-0.07239193064098548
outer,-11.86655231776487,298.6058480946259,-0.049973907998286764,0.16712193787132382,-0.07235984746762034
outer,-11.820828726243525,298.6895681562812,-0.05213711474313623,0.1629436414361077,-0.07222032260388593
outer,-11.775067692140036,298.77306950182265,-0.054603282184580486,0.15828867890543838,-0.07196927548360878
outer,-11.62050300733677,298.5219028182334,-0.12395386055792088,0.07531805806490958,-0.11166329236921668
outer,-11.574077375407136,298.6058480946259,-0.13375442582444333,0.06664876739441929,-0.11311781379629812
outer,-11.527616306708047,298.6895681562812,-0.14465564807865883,0.05721751505606838,-0.11459388978152757
outer,-11.481117191514288,298.7730695018226,-0.15677669858087506,0.04696197116227836,-0.11610043294045921
outer,-11.328765017380011,298.5219028182334,-0.28051029326639243,-0.03378916320103881,-0.1647688018613786
outer,-11.281602470957083,298.6058480946259,-0.30187198693452444,-0.04637037563590803,-0.16765012128959433
outer,-11.234403925276428,298.6895681562812,-0.32487638147512804,-0.05972480451416504,-0.17054502332278798
outer,-11.187166729188831,298.77306950182253,-0.3496019858876034,-0.07388184201655443,-0.17344699302699382
outer,-11.037027130480805,298.52190281823334,-0.4847691728665684,-0.1291254070537863,-0.21475716842712733
outer,-10.98912767010029,298.6058480946259,-0.5139790439472979,-0.14245443686134884,-0.21711213999819046
outer,-10.941191647974337,298.6895681562812,-0.5444057259480617,-0.1562782110950507,-0.21925073730581512
outer,-10.893216371529476,298.77306950182253,-0.5760006419627035,-0.17059358588257256,-0.22114381593484247
outer,-10.745289515347988,298.52190281823334,-0.6886559844712287,-0.19955546750707948,-0.24708107072959834
outer,-10.696653142422916,298.6058480946259,-0.719707838460238,-0.21216374625143178,-0.24723919444715925
outer,-10.647979645265716,298.68956815628115,-0.7512232517333584,-0.22516255097336418,-0.24701562778082256
outer,-10.599266289878807,298.77306950182253,-0.783107798582804,-0.23856779782355114,-0.2463993114540794
outer,-10.453552600771676,298.5219028182334,-0.8696552970498913,-0.254199577078674,-0.2608464186430441
outer,-10.404179318944319,298.6058480946259,-0.8991692970173638,-0.2667848286751073,-0.2588312520448039
outer,-10.354768350400937,298.6895681562812,-0.9286321657389413,-0.2798326358088435,-0.25650526140140395
outer,-10.305316919720054,298.7730695018225,-0.9579608120382341,-0.29335791461268856,-0.2538966835935999
outer,-10.16181742490502,298.5219028182334,-1.0253894520498665,-0.3036145249840582,-0.263118458934621
outer,-10.111707243215122,298.60584809462586,-1.0520942319738271,-0.316763858865466,-0.259956936409087
outer,-10.061558812332228,298.6895681562812,-1.0784099090353678,-0.3303175398711971,-0.2566910247847229
outer,-10.011369315411416,298.77306950182253,-1.1042538150627175,-0.34423860224106206,-0.25337051647231
outer,-9.87008645028159,298.5219028182334,-1.1580761392442722,-0.3505514337106895,-0.2608162626878946
outer,-9.819239390571981,298.6058480946259,-1.1813716293037302,-0.3638132049259795,-0.2575218635266573
outer,-9.768353519209043,298.68956815628115,-1.204026040824539,-0.3772265878658878,-0.2543156617633482
outer,-9.717425977925684,298.77306950182253,-1.2259659976934372,-0.39070780424841206,-0.25124111880858313
outer,-9.578365316728325,298.5219028182333,-1.2701980802955546,-0.3931579118902198,-0.257930455595482
outer,-9.526781430164002,298.6058480946258,-1.289949922407192,-0.40566657777521536,-0.2550789248706184
outer,-9.47515816952505,298.6895681562812,-1.3089546313590614,-0.41804630097734174,-0.25241668508205545
outer,-9.423492635125209,298.7730695018225,-1.3271800297323724,-0.4302167738727304,-0.24996353047829756
outer,-9.286666452787612,298.52190281823334,-1.3651439751218382,-0.4295397157790108,-0.25589633791650396
outer,-9.2343458551513,298.60584809462586,-1.3817837047682522,-0.44073194801031246,-0.25362566445047896
outer,-9.181985321107401,298.6895681562812,-1.3977486411408113,-0.4516390085412329,-0.25155058822024445
outer,-9.129581909557002,298.77306950182253,-1.4130576434531237,-0.4622221935004076,-0.24966756876741497
outer,-8.995016793676417,298.52190281823334,-1.4470873538295694,-0.4594139288923052,-0.25466928854956455
outer,-8.941959740790562,298.60584809462586,-1.4614158242557318,-0.46922459926431187,-0.25285625855475646
outer,-8.888862189359372,298.6895681562812,-1.4752504704123832,-0.47873834447885416,-0.25119241766553935
outer,-8.83572115688563,298.77306950182253,-1.4886378227197536,-0.4879561941937264,-0.2496631753509146
outer,-8.703471654388773,298.5219028182333,-1.5199912409763963,-0.48371945314408393,-0.2536794328417391
outer,-8.649678689665544,298.6058480946258,-1.5328265102674576,-0.4923881685493101,-0.25213191460539497
outer,-8.59584466467428,298.6895681562812,-1.5453520785741979,-0.500821380534701,-0.25068041556092197
outer,-8.541966555549742,298.77306950182253,-1.557611749535713,-0.5090357992644732,-0.2493110254116745
outer,-8.412142551064132,298.5219028182333,-1.586819191533231,-0.5037038586734943,-0.25240191799813577
outer,-8.357614797703032,298.6058480946258,-1.5987608395994333,-0.5115179571944981,-0.2509704785736339
outer,-8.303045423208369,298.68956815628115,-1.6105191270925199,-0.5191606188449384,-0.24959804689146403
outer,-8.248431362410289,298.77306950182253,-1.6221212200813395,-0.526646070151842,-0.24827584383084017
outer,-8.121244673699838,298.5219028182333,-1.6493867856788893,-0.5203568314203677,-0.2505411366555132
outer,-8.065984373701491,298.60584809462574,-1.6607810877691345,-0.5275237492012248,-0.24914239808570973
outer,-8.010681893415398,298.6895681562812,-1.672058176732343,-0.5345595868816104,-0.24778282849209027
outer,-7.955334126493089,298.7730695018225,-1.683230829549614,-0.5414718757851246,-0.2464578327440906
outer,-7.831175361525723,298.52190281823334,-1.7086403074540688,-0.5343099054041451,-0.24799724421711225
outer,-7.775186822709828,298.60584809462586,-1.7196579565753738,-0.5409526536532218,-0.24659384260840722
outer,-7.719155547740136,298.6895681562812,-1.730587373576851,-0.5474852710469164,-0.24521981611276533
outer,-7.663078389331688,298.7730695018225,-1.741433760035136,-0.5539111285282218,-0.24387261508392793
outer,-7.542644151342762,298.52190281823334,-1.7649916238239285,-0.5459544874653682,-0.2447809033402583
outer,-7.485935370504316,298.60584809462586,-1.7757110945763444,-0.5521485591225856,-0.24335735450756396
outer,-7.429183303749941,298.6895681562812,-1.7863540165610334,-0.5582442829548162,-0.2419574653778812
outer,-7.372384763307843,298.7730695018225,-1.7969225505580728,-0.5642434602888701,-0.2405793899468156
outer,-7.2568315105459655,298.5219028182333,-1.8185238477630707,-0.5555644696623211,-0.2409515803155915
outer,-7.199416621885451,298.6058480946258,-1.828979677635874,-0.561366096460767,-0.2394997038973817
outer,-7.141957908335773,298.68956815628115,-1.8393633085972323,-0.5670779829911534,-0.23806690850481427
outer,-7.084452142432427,298.7730695018225,-1.8496757569718807,-0.5727015127772466,-0.23665151083312197
outer,-6.975574597055891,298.5219028182333,-1.8690824358574085,-0.5633623307073474,-0.2365892619272505
outer,-6.917477286400197,298.6058480946258,-1.8792861688146163,-0.5688206667193894,-0.23510187514623276
outer,-6.859335629961344,298.68956815628115,-1.8894187138567502,-0.5741969390275955,-0.23362908095082402
outer,-6.801146361913828,298.7730695018225,-1.899480641066497,-0.5794925084044024,-0.23216919361039745
outer,-6.701466758061531,298.52190281823334,-1.9163381524751075,-0.5695486427713901,-0.2317881607193028
outer,-6.642724194391306,298.6058480946258,-1.9262882324112818,-0.5747092354081025,-0.23025739656322475
outer,-6.5839367924151375,298.6895681562811,-1.9361666192354703,-0.5797952363857807,-0.22873665344891175
outer,-6.525101250035966,298.7730695018224,-1.945973751782512,-0.5848081591580737,-0.227224226323484
outer,-6.437756763301255,298.5219028182333,-1.959891715378794,-0.5743246177688932,-0.22666242579578827
outer,-6.378423006379235,298.6058480946258,-1.969580699205,-0.5792298856724291,-0.22508048459039237
outer,-6.319043959892442,298.6895681562812,-1.9791970070737046,-0.5840680293702624,-0.22350412473776674
outer,-6.25961628851094,298.7730695018225,-1.9887410930857983,-0.5888408054867821,-0.22193167170547307
outer,-6.187822331310555,298.5219028182333,-1.9994166181008617,-0.5779082819500648,-0.22134703690951238
outer,-6.127969002103553,298.60584809462586,-2.0088371699350205,-0.5825971954885492,-0.21970790278375682
outer,-6.06806998674124,298.6895681562812,-2.018184074182051,-0.5872263499851227,-0.21807037532191703
outer,-6.008121920687029,298.7730695018225,-2.0274578177395406,-0.5917977544657542,-0.2164328860448318
outer,-5.954508337268054,298.52190281823334,-2.03478450625346,-0.5805370529209434,-0.21598866329941924
outer,-5.894221847623791,298.6058480946258,-2.043933305669803,-0.5850446772466614,-0.21428957493233874
outer,-5.833889341192072,298.6895681562812,-2.0530075300529598,-0.5894995088008129,-0.21258885526522805
outer,-5.773507429087,298.7730695018225,-2.062007617820808,-0.5939037350060689,-0.21088511680022715
outer,-5.739450050080925,298.52190281823334,-2.0661121592594758,-0.5824479117129856,-0.21072191547655142
outer,-5.678825313825751,298.6058480946258,-2.0749910215322274,-0.5868048885786349,-0.20896378998828619
outer,-5.618154302598822,298.6895681562812,-2.0837941988832913,-0.5911152729593059,-0.2072016591058859
outer,-5.557433608500477,298.77306950182253,-2.0925219437305893,-0.5953812886569159,-0.20543437618291044
outer,-5.542918492991113,298.5219028182333,-2.093710590778087,-0.5838461777117849,-0.20564827464814134
outer,-5.482051833036947,298.60584809462586,-2.1023254318918014,-0.5880782684289958,-0.2038351206391678
outer,-5.421138713450261,298.6895681562812,-2.1108630813294593,-0.5922689128490475,-0.20201644925039058
outer,-5.364099635296533,298.52190281823334,-2.1180060214245873,-0.5848923944194923,-0.20083044992500282
outer,-5.360175712732053,298.7730695018225,-2.119323474785779,-0.5964201999865736,-0.20019139652247292
outer,-5.303083142302371,298.6058480946258,-2.1263651882955887,-0.589020424639383,-0.1989683122612067
outer,-5.242020075307828,298.6895681562812,-2.134645206336872,-0.5931109609370812,-0.19709992168652266
outer,-5.201325867208467,298.52190281823334,-2.139455018702383,-0.5856956802955491,-0.19628995021602125
outer,-5.180907004391437,298.7730695018225,-2.142845614087515,-0.5971657925246606,-0.19522471786197282
outer,-5.140242961710249,298.6058480946258,-2.1475676672368023,-0.5897357707469091,-0.19438577198174745
outer,-5.0791134315188495,298.6895681562812,-2.1555988359529987,-0.5937411153644122,-0.19247524198634985
outer,-5.052771724748447,298.52190281823334,-2.1584778915226237,-0.5863232548951173,-0.19202491826475585
outer,-5.017933842979493,298.7730695018225,-2.1635476435211975,-0.597713067536127,-0.1905580979076022
outer,-4.991696336454172,298.6058480946258,-2.1663530089429335,-0.5902874227596859,-0.1900857367927074
outer,-4.930574329204588,298.68956815628115,-2.1741441164821684,-0.594218493543983,-0.1881405826962067
outer,-4.916649641583125,298.5219028182333,-2.175449487754121,-0.5868207453694211,-0.18802158596475088
outer,-4.869402269767553,298.77306950182253,-2.181849957312367,-0.5981173031846401,-0.1861894620255805
outer,-4.855646406407804,298.6058480946258,-2.183095720849037,-0.5907178693292645,-0.18605407530848228
outer,-4.794596607351814,298.68956815628115,-2.190655460616547,-0.5945826381640597,-0.18408129955768973
outer,-4.791175701691986,298.52190281823334,-2.1906903304204115,-0.587215763471396,-0.18425513689836429
outer,-4.733496815238904,298.7730695018226,-2.198127187072362,-0.5984153532911,-0.1821034861453966
outer,-4.730299980736095,298.6058480946258,-2.198115981149693,-0.5910524079548596,-0.18226532567031045
outer,-4.674930811677063,298.52190281823334,-2.204465286463895,-0.5875271505088615,-0.18070321347774387
outer,-4.669377793231426,298.6895681562812,-2.205452947959773,-0.5948567540695248,-0.180271149090221
outer,-4.614230587987568,298.60584809462586,-2.211678397980619,-0.5913082350861573,-0.17869640669090453
outer,-4.608405717169633,298.77306950182253,-2.212699596364408,-0.5986286016708002,-0.17827299378075614
outer,-4.566577497167207,298.52190281823334,-2.2169906104776356,-0.5877670263597301,-0.17734049047105171
outer,-4.553484031706575,298.6895681562812,-2.218801102954964,-0.5950565968624656,-0.17668619964897836
outer,-4.506093800085294,298.6058480946258,-2.223999055497664,-0.5914963787503538,-0.17532121788169835
outer,-4.492687730691106,298.7730695018225,-2.2258317970205757,-0.5987715998505155,-0.17467306317857845
outer,-4.465199910010433,298.5219028182333,-2.228443808425368,-0.5879468602218948,-0.17415027852659348
outer,-4.445563935687143,298.68956815628115,-2.2309159364249784,-0.5951922887867278,-0.17329946586054246
outer,-4.404969007262209,298.6058480946258,-2.23525532343357,-0.5916276127135125,-0.17212236854400537
outer,-4.384984504001223,298.7730695018225,-2.23773980207339,-0.5988537770674738,-0.17127571084045684
outer,-4.3697658762583815,298.52190281823334,-2.2389785022970523,-0.5880753883778292,-0.17111003896655938
outer,-4.344692130156046,298.6895681562812,-2.2419747268740933,-0.5952740803984466,-0.17009277512444695
outer,-4.309818669161408,298.60584809462586,-2.245600661264132,-0.5917102774224109,-0.1690766263133548
outer,-4.284365892930876,298.77306950182253,-2.248600823735762,-0.5988850551370035,-0.16806191000876394
outer,-4.279557859466068,298.52190281823334,-2.2487185963527967,-0.5881588758330268,-0.16820357104682707
outer,-4.249825704251939,298.6895681562812,-2.2521307832292954,-0.5953100669351732,-0.16704215372203066
outer,-4.21992151877143,298.60584809462586,-2.2551588092429933,-0.5917504223720643,-0.16616721859347486
outer,-4.193910800182199,298.52190281823334,-2.25776310815376,-0.5882022978793687,-0.165415142176853
outer,-4.189783611716261,298.77306950182253,-2.258568010341931,-0.5988734429024479,-0.16500691311222315
outer,-4.160239657549197,298.6895681562812,-2.2615076631198323,-0.5953061986225453,-0.16413023546987074
outer,-4.134609038909205,298.60584809462586,-2.26402865274702,-0.5917529553861223,-0.16337792213475952
outer,-4.112427705395073,298.52190281823334,-2.2661972250787605,-0.5882125853371224,-0.16273627298362336
outer,-4.100508923460386,298.7730695018225,-2.267764684892491,-0.5988248973805769,-0.16209275427037878
outer,-4.075262012493721,298.6895681562812,-2.270204054610766,-0.595267385468546,-0.1613403000899093
outer,-4.053482172544002,298.60584809462586,-2.272295152671457,-0.5917247634805018,-0.16069987143313608
outer,-4.034463904566919,298.5219028182334,-2.274095035714799,-0.5881930648234557,-0.16015004709293212
outer,-4.015866387404378,298.7730695018225,-2.2762892290869794,-0.598744377559808,-0.15930222366557212
outer,-3.9944916464602356,298.6895681562812,-2.278304590221732,-0.5952005027600661,-0.1586631014161181
outer,-3.9758928974109558,298.60584809462586,-2.280032063452682,-0.591669149661481,-0.15811576987104656
outer,-3.959831030791155,298.5219028182334,-2.281514402227841,-0.5881484279394016,-0.15765239266282388
outer,-3.9354528136371227,298.77306950182253,-2.284225806403742,-0.5986387557889356,-0.156625713795762
outer,-3.91727718289844,298.6895681562812,-2.285882575666784,-0.5951088400503911,-0.1560809802663031
outer,-3.901651867259199,298.60584809462586,-2.287296903788046,-0.5915907861512416,-0.15562131458349515
outer,-3.888051992648944,298.52190281823334,-2.2885106437792806,-0.5880824812635989,-0.15523065777303688
outer,-3.858613468576008,298.77306950182253,-2.2916471370297042,-0.5985112996699025,-0.15404523543263696
outer,-3.8434282954656247,298.6895681562812,-2.2929950859276764,-0.594997050298923,-0.1535894322281605
outer,-3.830279510208577,298.60584809462586,-2.294144577264243,-0.5914934581738778,-0.1532036163604343
outer,-3.818877915085559,298.52190281823334,-2.2951277400585237,-0.5879977906937541,-0.15287806433559675
outer,-3.785157044983708,298.77306950182253,-2.2986097467438285,-0.5983666273958368,-0.1515561262640364
outer,-3.7724629299269994,298.6895681562812,-2.299696527754607,-0.5948688860413028,-0.15117536700208267
outer,-3.7615256572701945,298.60584809462586,-2.300618667878336,-0.5913796975835829,-0.15085575735360118
outer,-3.7520775458560713,298.5219028182334,-2.3014022088505204,-0.5878973911062627,-0.15058861759512576
outer,-3.7145990042383463,298.77306950182253,-2.3051674664526747,-0.5982084308367552,-0.14914514103795298
outer,-3.7041296223718456,298.6895681562812,-2.3060300201478547,-0.594726818860892,-0.14883176295501693
outer,-3.6951578538882828,298.6058480946259,-2.306755318805805,-0.5912524956518248,-0.14857164427546915
outer,-3.687436858340733,298.52190281823334,-2.3073667150524013,-0.5877839000262343,-0.1483566012373564
outer,-3.6466865864467555,298.77306950182253,-2.311362880339705,-0.598039075678301,-0.14680519420677487
outer,-3.6381947150157767,298.6895681562812,-2.3120312686607822,-0.5945737584189759,-0.1465524597935129
outer,-3.630960960690417,298.60584809462586,-2.312586804250271,-0.5911143929309669,-0.14634548989775278
outer,-3.6247585155261985,298.5219028182334,-2.3130504052183944,-0.5876595561758077,-0.1461766150526172
outer,-3.581184929610671,298.7730695018226,-2.3172311923093005,-0.5978613356790519,-0.1445300897172445
outer,-3.5744419548844055,298.6895681562812,-2.3177321001458235,-0.5944121253468893,-0.144331625003786
outer,-3.56873661468206,298.60584809462586,-2.318141874474605,-0.5909675253414345,-0.14417184335392033
outer,-3.5638612282617506,298.5219028182333,-2.318479043795598,-0.5875262306746758,-0.14404360118132528
outer,-3.517876666241815,298.77306950182253,-2.3228037281046627,-0.5976774590546665,-0.1423139733594505
outer,-3.512671952218925,298.6895681562812,-2.3231608235381165,-0.5942439126088853,-0.1421637779923934
outer,-3.508302584166462,298.6058480946259,-2.3234459081848913,-0.5908136470418125,-0.14204561262769105
outer,-3.504586086593428,298.5219028182334,-2.323671423946858,-0.5873848830032414,-0.14195316216128476
outer,-3.4565613789762737,298.77306950182253,-2.3281083192730625,-0.5974892527627803,-0.14015135348028965
outer,-3.452701532056782,298.68956815628115,-2.3283424023894455,-0.5940707238734793,-0.14004381015211953
outer,-3.449499132995701,298.60584809462586,-2.328517367659533,-0.5906536048883181,-0.13996238907387276
outer,-3.4469368893925365,298.52190281823334,-2.3286446657893882,-0.5872381437484611,-0.13990604524787487
outer,-3.3970549488134516,298.7730695018226,-2.333169498073495,-0.5972981375278584,-0.13803712010782127
outer,-3.394370131425883,298.6895681562812,-2.3332949534260696,-0.593893265110138,-0.13796731665520304
outer,-3.392330079792071,298.60584809462586,-2.3333730852164933,-0.5904899177386086,-0.1379229446350633
outer,-3.390633348393,298.52190281823334,-2.333419551183903,-0.5870868737121431,-0.13789399323023807
outer,-3.3391959852797544,298.7730695018226,-2.3380050354209927,-0.5971046525377743,-0.13596688445992758
outer,-3.3376815887142204,298.6895681562812,-2.338035022007861,-0.5937139219322594,-0.13593510610281112
outer,-3.336513679033742,298.6058480946259,-2.3380335295931345,-0.5903233251136526,-0.13591899123955503
outer,-3.3356228087996236,298.52190281823334,-2.3380095006180914,-0.5869316048718645,-0.13591556020727816
outer,-3.2829883465452054,298.7730695018226,-2.3426312026946348,-0.5969110307615244,-0.13394150015328596
outer,-3.2823527000321335,298.6895681562812,-2.3425827712026654,-0.5935332947007685,-0.13393886689135562
outer,-3.2819970021662708,298.60584809462586,-2.3425118767694326,-0.590154232131603,-0.13394910497482182
outer,-3.28186863323791,298.5219028182334,-2.342426646105457,-0.5867740446248448,-0.13397014762111784
outer,-3.2291888059837492,298.52190281823334,-2.346683582507559,-0.5866144148868149,-0.13205243200978745
outer,-3.228743221332708,298.6058480946259,-2.3468200664374192,-0.5899842399828641,-0.13201270989859404
outer,-3.228330262856931,298.6895681562812,-2.346951140800143,-0.5933516434888043,-0.13197720057948
outer,-3.228147369158004,298.7730695018226,-2.347067872834481,-0.5967177172370572,-0.13195263507501548
outer,-3.1776109020658354,298.52190281823334,-2.3507893720908246,-0.5864537798947954,-0.130163599679751
outer,-3.176569374485176,298.6058480946259,-2.3509704962081317,-0.5898134568548062,-0.13010447433744673
outer,-3.17557725870372,298.6895681562812,-2.351151890399102,-0.5931704497311594,-0.1300495546083881
outer,-3.174619576402893,298.77306950182253,-2.3513277627689124,-0.5965248107583363,-0.12999891540014796
outer,-3.1269949867628974,298.5219028182334,-2.3547549995915356,-0.5862927976729384,-0.12829963551869475
outer,-3.1255031800185433,298.60584809462586,-2.354972080947014,-0.5896428361311821,-0.12822561369715452
outer,-3.123909778478539,298.68956815628127,-2.3551972326147017,-0.5929896976035214,-0.12815058733377668
outer,-3.1223677590109076,298.7730695018225,-2.3554224678550835,-0.5963336623780225,-0.12807980898118665
outer,-3.077271331150534,298.5219028182334,-2.358587933219444,-0.5861313879388129,-0.12645861715945483
outer,-3.0754039756724785,298.6058480946259,-2.358835660103727,-0.5894729388354044,-0.12637210272997296
outer,-3.073355684051993,298.6895681562812,-2.359095948451571,-0.592810222292775,-0.1262815402146668
outer,-3.071207060066609,298.77306950182253,-2.359364031430931,-0.5961441258012659,-0.12618995966424804
outer,-3.0284836754787188,298.5219028182334,-2.3622944408656448,-0.5859707596812989,-0.12464233091624655
outer,-3.026201669992832,298.6058480946259,-2.362568581390617,-0.5893035807631636,-0.12454202392999197
outer,-3.023773585069291,298.68956815628127,-2.3628587451978604,-0.592632483823881,-0.1244383736213652
outer,-3.021165485033588,298.7730695018226,-2.3631611165306725,-0.595956914117271,-0.12433062969296473
outer,-2.9804592961814715,298.52190281823334,-2.3658843816312425,-0.5858110293763642,-0.122845531813222
outer,-2.9779402306407112,298.60584809462586,-2.366177031901069,-0.589135886631612,-0.12273718305714323
outer,-2.975093027269597,298.6895681562812,-2.366492860225141,-0.5924561904877704,-0.12261916992346567
outer,-2.9721009148664805,298.77306950182253,-2.3668243113659337,-0.5957723848190615,-0.12249775884058842
outer,-2.933171513239407,298.5219028182334,-2.3693624787239522,-0.5856518763274118,-0.12106760861357271
outer,-2.9304460360376727,298.6058480946259,-2.3696707554050245,-0.5889698923212585,-0.12095230472997923
outer,-2.927358205899092,298.6895681562812,-2.3700044093509867,-0.5922823816110708,-0.12082574913538609
outer,-2.923942532200827,298.7730695018226,-2.3703607518504053,-0.5955901373401269,-0.12068942287763111
outer,-2.88668801679817,298.52190281823334,-2.3727321580707406,-0.5854943938901696,-0.11931116546961
outer,-2.883692267451385,298.6058480946259,-2.3730543984836965,-0.5888051907104626,-0.11918678221184446
outer,-2.880394600681241,298.6895681562812,-2.373403029383974,-0.5921110144012489,-0.11905280043683523
outer,-2.8767347600540334,298.77306950182253,-2.3737764913198554,-0.5954111271931538,-0.1189074501053751
outer,-2.84085796199574,298.52190281823334,-2.376001235813128,-0.5853386607090457,-0.11757159444472874
outer,-2.837746966957445,298.6058480946259,-2.376331357121189,-0.5886428173832509,-0.11744323740242374
outer,-2.8341752540648164,298.68956815628127,-2.376693299144456,-0.5919415975809273,-0.11729971755189747
outer,-2.8303021787155713,298.77306950182253,-2.377081068468662,-0.5952352377459502,-0.11714648919446252
outer,-2.7956527593600127,298.52190281823334,-2.3791754898578525,-0.5851845610388542,-0.11584803360382964
outer,-2.7924585054315405,298.60584809462586,-2.379509373488447,-0.5884827958079581,-0.11571703028376781
outer,-2.7887685603241126,298.68956815628127,-2.3798785945693854,-0.5917751123328809,-0.1155691364390635
outer,-2.7846176917017313,298.77306950182253,-2.3802790039425754,-0.5950618980162266,-0.11540593046833166
outer,-2.7510450314508175,298.5219028182334,-2.38225842904757,-0.5850322214201285,-0.1141399040392377
outer,-2.7477981447610658,298.6058480946259,-2.382594161485758,-0.5883249446574657,-0.11400729041005192
outer,-2.7440221054738676,298.68956815628127,-2.382966591102349,-0.5916115308225297,-0.11385638118081096
outer,-2.739750045773842,298.77306950182265,-2.3833736630700746,-0.5948920391363715,-0.1136884202173511
outer,-2.707028109184003,298.52190281823334,-2.3852526957137354,-0.584881815245522,-0.11244733065822188
outer,-2.7037383651670215,298.6058480946259,-2.3855892002387864,-0.5881693416863799,-0.11231343354390708
outer,-2.699907002647543,298.68956815628127,-2.3859629435374345,-0.591450608835356,-0.11216056916854288
outer,-2.695546041442965,298.77306950182253,-2.3863726601432487,-0.594725586054257,-0.11198924269610223
outer,-2.6635951309549664,298.5219028182334,-2.388161792667133,-0.58473371810913,-0.11077034388025876
outer,-2.6602724628918155,298.6058480946259,-2.3884971134480937,-0.5880161158883894,-0.11063558252974831
outer,-2.656395589618613,298.6895681562812,-2.3888711051236307,-0.5912923777345188,-0.11048110745825135
outer,-2.651976642966904,298.7730695018226,-2.3892815938053404,-0.594562234504464,-0.11030749944813253
outer,-2.6206748909825315,298.5219028182334,-2.3909904347368713,-0.5845878989458925,-0.10910677159696791
outer,-2.61739354065637,298.6058480946259,-2.391321381048826,-0.5878656048922656,-0.10897376007188087
outer,-2.6134811279295316,298.6895681562812,-2.391693683740548,-0.5911369245609178,-0.1088181137745548
outer,-2.609014045554866,298.7730695018226,-2.392103893624132,-0.5944019721819945,-0.10864258555443786
outer,-2.5782450917353894,298.5219028182334,-2.3937422444350585,-0.5844443121383534,-0.10745600412707218
outer,-2.5750300224712896,298.6058480946259,-2.3940666778710393,-0.5877177401775476,-0.10732577171785031
outer,-2.571156684599672,298.6895681562812,-2.3944341385461825,-0.5909845519488285,-0.10717160033754905
outer,-2.5666514760209553,298.7730695018226,-2.3948421532771373,-0.5942448470209792,-0.10699461084283574
outer,-2.5362844117557373,298.5219028182334,-2.396420056690457,-0.584303019403226,-0.10581753818897736
outer,-2.533159494877508,298.6058480946259,-2.3967365942440972,-0.5875724377825441,-0.1056909954512724
outer,-2.5293503131486816,298.68956815628127,-2.397097105391096,-0.590835156991792,-0.10553934795452598
outer,-2.5248819656537367,298.77306950182253,-2.397499812407251,-0.5940911299592883,-0.10536357464147736
outer,-2.4947724683461288,298.5219028182334,-2.3990265475290524,-0.5841640670007123,-0.10419088627270648
outer,-2.491760525564102,298.6058480946259,-2.3993339437558703,-0.5874297287075055,-0.10406891632329801
outer,-2.4880394841013933,298.68956815628127,-2.399686142560985,-0.5906886198933746,-0.10392072020750451
outer,-2.483633197178704,298.7730695018226,-2.400081467967689,-0.5939406868161792,-0.10374723094493425
outer,-2.4536897813612777,298.52190281823334,-2.4015642431755055,-0.58402748840223,-0.10257557661710362
outer,-2.450812625861362,298.6058480946259,-2.4018613817266927,-0.587289631353858,-0.1024590348510303
outer,-2.4472026542089846,298.6895681562812,-2.4022040418944917,-0.590544943283213,-0.10231518868414202
outer,-2.4428825250092223,298.7730695018226,-2.402590645160351,-0.5937933643304529,-0.10214492711426508
outer,-2.4130177381035374,298.5219028182334,-2.404035529570903,-0.5838933068160131,-0.10097115336970708
outer,-2.4102962143440965,298.6058480946259,-2.404321414954311,-0.587152154309207,-0.1008608673647905
outer,-2.406819228748668,298.6895681562812,-2.404653437548691,-0.5904041201942054,-0.10072224052526654
outer,-2.402608294868141,298.7730695018226,-2.4050301127652376,-0.5936491391286305,-0.10055611977260513
outer,-2.3727385593175807,298.52190281823334,-2.4064426615196575,-0.5837615370540404,-0.09937717661572688
outer,-2.3701925815448326,298.6058480946259,-2.4067164119739,-0.5870172987217245,-0.09927394638768496
outer,-2.366869524938099,298.68956815628127,-2.407036817163299,-0.5902661370388197,-0.09914137918731283
outer,-2.362789805892422,298.77306950182253,-2.4074024833174734,-0.59350798166771,-0.09898028172536798
outer,-2.3328352662762377,298.5219028182334,-2.4087877702437224,-0.5836321864910039,-0.09779322202348131
outer,-2.3304838557715017,298.6058480946259,-2.409048611906389,-0.5868850594571113,-0.09769782055662879
outer,-2.327334736466037,298.68956815628127,-2.409356532636467,-0.5901309754033004,-0.09757212483227579
outer,-2.3234072738596705,298.7730695018226,-2.409710226228142,-0.5933698591619464,-0.09741690303109012
outer,-2.293291648946556,298.5219028182334,-2.411072869116428,-0.5835052555449616,-0.09621888023430032
outer,-2.2911529700222943,298.6058480946259,-2.4113201306898704,-0.5867554252300755,-0.09613205399612822
outer,-2.2881968991331414,298.6895681562813,-2.41161480757356,-0.5899986119978046,-0.09601401383281391
outer,-2.2844417955355922,298.77306950182265,-2.4119556777049005,-0.5932347358956477,-0.09586549093955272
outer,-2.2540922352220787,298.5219028182334,-2.413299858722018,-0.5833807384698081,-0.09465375638484225
outer,-2.2521836299862246,298.6058480946259,-2.4135329656923346,-0.5866283788343958,-0.09457622562216571
outer,-2.249438857595634,298.6895681562812,-2.4138137414893466,-0.5898690180251491,-0.09446659779405461
outer,-2.245875314137851,298.7730695018226,-2.414141045073153,-0.5931025715483705,-0.09432556865884298
outer,-2.2152222612054215,298.52190281823334,-2.4154705325409824,-0.5832586247541662,-0.09309747001704366
outer,-2.213560283115264,298.6058480946259,-2.4156890007877694,-0.5865038982931436,-0.09302992891225757
outer,-2.2110442332000715,298.6895681562812,-2.4159553137617253,-0.5897421597244712,-0.09292944299878854
outer,-2.207690585908339,298.7730695018226,-2.416268408925899,-0.5929733204695014,-0.09279667421740191
outer,-2.1766676425230296,298.5219028182334,-2.417586583528154,-0.5831389006830249,-0.09154965527480138
outer,-2.1752680887525724,298.60584809462597,-2.4177900130235632,-0.586381958708863,-0.09149277220026256
outer,-2.1729973928954824,298.68956815628127,-2.4180413898534105,-0.589618000363797,-0.09140213069892916
outer,-2.169871147782047,298.7730695018226,-2.4183397280050896,-0.5928469334917584,-0.09127836052351115
outer,-2.1384149466523645,298.5219028182334,-2.4196496109347922,-0.5830215505083077,-0.09000996106478398
outer,-2.1372928892981,298.6058480946259,-2.419837680163054,-0.5862625338395119,-0.0899643790907205
outer,-2.13528341920705,298.68956815628127,-2.4200737296200994,-0.5894965024722049,-0.08988425783874404
outer,-2.1324012861392103,298.7730695018226,-2.4203568480185904,-0.5927233610134941,-0.08977019641452515
outer,-2.1004513662404634,298.5219028182334,-2.4216611264456582,-0.5829065569397492,-0.0884780509346429
outer,-2.099621182391859,298.6058480946259,-2.4218335877681785,-0.5861455968263111,-0.08844438855914268
outer,-2.097888081252248,298.6895681562813,-2.4220539956514955,-0.5893776290344549,-0.08837543749620079
outer,-2.095266006624032,298.7730695018226,-2.4223215117049635,-0.5926025550925528,-0.0882717676199454
outer,-2.0627646933914154,298.5219028182334,-2.423622559291791,-0.5827939011749221,-0.08695360266461459
outer,-2.06224009409376,298.60584809462597,-2.4237792349223266,-0.5860311201189412,-0.08693245461085453
outer,-2.0607978067803607,298.68956815628127,-2.4239837599468346,-0.5892613434041276,-0.08687529869398836
outer,-2.0584510050115683,298.7730695018226,-2.4242353670076904,-0.5924844695638222,-0.08678267686830991
outer,-2.025343294899258,298.5219028182334,-2.4255352605016487,-0.582683562831582,-0.0854363077187569
outer,-2.025137353037456,298.6058480946259,-2.425676038722114,-0.5859190751461509,-0.08542824567561179
outer,-2.0239996552133857,298.6895681562812,-2.42586450874399,-0.5891476086302871,-0.08538348573632783
outer,-2.0219426391031217,298.7730695018226,-2.4260999724580383,-0.5923690589314222,-0.08530254319117314
outer,-1.9883012655343864,298.60584809462597,-2.4275253381430524,-0.5858094322129695,-0.08393144398679532
outer,-1.988176088402568,298.5219028182334,-2.4274005067373463,-0.5825755200661659,-0.08392587072565587
outer,-1.987481291665991,298.6895681562812,-2.427697646338678,-0.5890363869936658,-0.0838996574437362
outer,-1.9857279016281733,298.77306950182265,-2.4279168008616505,-0.592256277352969,-0.08383100095105295
outer,-1.9517206916044534,298.60584809462597,-2.429328397757121,-0.5857021607145511,-0.08244174510601143
outer,-1.95125251943587,298.5219028182334,-2.4292194619726244,-0.5824697438002671,-0.08242201745866257
outer,-1.9512309619209116,298.68956815628127,-2.429484498722383,-0.5889276400585385,-0.08242348655644095
outer,-1.9497943941304487,298.7730695018226,-2.429687242675118,-0.5921460783865119,-0.08236769905596683
outer,-1.9153850219081479,298.6058480946259,-2.431086370022825,-0.5855972233555615,-0.08095886621953365
outer,-1.9152374683355102,298.68956815628127,-2.431226317415318,-0.5888213290993145,-0.08095465937911207
outer,-1.9145659645364306,298.5219028182334,-2.430992848533479,-0.5823661719605491,-0.08092467224100569
outer,-1.9141303018144649,298.7730695018226,-2.4314126097646644,-0.5920384153949839,-0.0809123005163557
outer,-1.8794901466542098,298.68956815628127,-2.4329242425085993,-0.5887174092990134,-0.0794928844256643
outer,-1.8792875985465398,298.6058480946259,-2.432799970810803,-0.5854945497019663,-0.07948272573584414
outer,-1.8787243693276665,298.77306950182265,-2.4330941395936536,-0.5919332422126423,-0.0794644822668671
outer,-1.878134748798941,298.5219028182334,-2.432721406915944,-0.5822649189682544,-0.07943453157059505
outer,-1.8439823045155237,298.6895681562812,-2.4345789826931394,-0.5886158024409934,-0.07803807421799637
outer,-1.8435658774534736,298.7730695018226,-2.4347329591014737,-0.5918305072433814,-0.0780239441573724
outer,-1.8434468418887278,298.6058480946259,-2.4344699338246496,-0.5853942488512095,-0.07801401610435768
outer,-1.8419191369784678,298.5219028182334,-2.4344066673577673,-0.5821659217484917,-0.07795028250029083
outer,-1.8087324576359813,298.6895681562812,-2.4361912645741155,-0.5885166131398089,-0.07659091719347665
outer,-1.8086480993398542,298.77306950182253,-2.4363297691516532,-0.5917301250570666,-0.07659059293589685
outer,-1.8078228101012495,298.6058480946259,-2.4360977718672148,-0.585296253638064,-0.0765514102009414
outer,-1.8059102194519119,298.5219028182334,-2.4360499159127684,-0.5820691014176875,-0.07647162436386518
outer,-1.7739896461285272,298.77306950182253,-2.437885289068514,-0.5916321966312071,-0.07516511312924429
outer,-1.7737004574355328,298.68956815628127,-2.4377625831278205,-0.5884197709803867,-0.07515007214621075
outer,-1.7724065472384922,298.6058480946259,-2.4376847562585136,-0.5852004774394185,-0.0750945998127587
outer,-1.770099524567053,298.5219028182334,-2.4376520719813426,-0.5819744342473737,-0.07499832512125743
outer,-1.7395501623237002,298.7730695018226,-2.4394009957335703,-0.5915366491222217,-0.0737461495954296
outer,-1.7388773016109378,298.68956815628127,-2.43929419448942,-0.5883251820811407,-0.0737152234621446
outer,-1.7371895376030493,298.6058480946259,-2.4392317967325674,-0.5851068914877561,-0.07364334598824843
outer,-1.734478999949742,298.5219028182334,-2.439214005030074,-0.5818818971779518,-0.07353016464755052
outer,-1.7053205992266431,298.7730695018226,-2.440878129781972,-0.5914433818055861,-0.07233337950110935
outer,-1.704254430386016,298.68956815628127,-2.4407869987087794,-0.5882328131614453,-0.07228612540432625
outer,-1.7021636869555117,298.60584809462586,-2.4407397540216236,-0.5850154680116904,-0.07219742198538968
outer,-1.6990409945513745,298.5219028182334,-2.44073647574468,-0.5817914584533026,-0.07206695022039944
outer,-1.6712923529460688,298.7730695018226,-2.442317581792466,-0.5913523573764025,-0.07092655045347965
outer,-1.6698237076239377,298.68956815628127,-2.4422418478983903,-0.5881426321539288,-0.070862544674708
outer,-1.6673213044683575,298.6058480946259,-2.4422093817447856,-0.5849261704851048,-0.07075662899077467
outer,-1.6637844193151174,298.5219028182334,-2.442219837874261,-0.5817030676405577,-0.07060879109730195
outer,-1.6374572454135792,298.77306950182253,-2.443720195482973,-0.5912635397864209,-0.06952542260840885
outer,-1.6355774026880352,298.68956815628127,-2.44365948851888,-0.5880545979790904,-0.06944427631793842
outer,-1.6326612954226545,298.60584809462597,-2.4436410321638005,-0.5848389428555625,-0.06932107294000761
outer,-1.6287326293866577,298.5219028182334,-2.443664514430796,-0.5816168406973692,-0.06915653556618606
outer,-1.6038075061507924,298.77306950182253,-2.44508670987669,-0.5911768834770323,-0.06812978472065948
outer,-1.6015144151929506,298.6895681562812,-2.445040270751668,-0.5879686489478642,-0.06803142282867838
outer,-1.5982071363905423,298.60584809462597,-2.445035123300553,-0.5847538983296855,-0.06789159952925927
outer,-1.5938418170692819,298.5219028182334,-2.4450717556894186,-0.5815327056162564,-0.06770868751172743
outer,-1.5703420291011416,298.77306950182265,-2.4464174720218272,-0.5910923209968227,-0.06673973565531277
outer,-1.5676583432299458,298.6895681562812,-2.446384606920558,-0.5878848959120688,-0.0666248271641319
outer,-1.5639147919133949,298.6058480946259,-2.4463928885287944,-0.5846709629095911,-0.06646669879730291
outer,-1.5591055875329278,298.5219028182334,-2.446442575145999,-0.581450583967175,-0.06626500074408573
outer,-1.5370845339746513,298.7730695018226,-2.4477128874980445,-0.5910099613044414,-0.06535611552823432
outer,-1.533964923404544,298.6895681562812,-2.4476937125931246,-0.587803263486455,-0.06522296557528669
outer,-1.5297778339134132,298.6058480946259,-2.4477153286972104,-0.5845900522636498,-0.0650461185481479
outer,-1.5245178766356569,298.5219028182334,-2.4477775967653463,-0.5813704551464485,-0.0648253092518413
outer,-1.5039905292543334,298.77306950182265,-2.4489741532390132,-0.5909297284027848,-0.06397738701946082
outer,-1.5004276943661206,298.6895681562812,-2.448968575400023,-0.5877236618587904,-0.0638255801504766
outer,-1.495790166720557,298.6058480946259,-2.449003060171784,-0.5845111429342198,-0.06362968752125338
outer,-1.490072936429279,298.5219028182334,-2.4490771339822754,-0.5812922558551644,-0.06338954580686011
outer,-1.4710535202892574,298.77306950182265,-2.450202243558785,-0.590851527535025,-0.06260328695270362
outer,-1.467040528892108,298.68956815628127,-2.450209804452843,-0.5876460652496553,-0.0624324947003093
outer,-1.4619460125022474,298.60584809462597,-2.450256395317625,-0.5844341678059622,-0.06221733558701634
outer,-1.4557989258110584,298.52190281823346,-2.45034132301561,-0.5812160739810983,-0.06195875238082732
outer,-1.4382673482788844,298.7730695018226,-2.4513977611959286,-0.5907753311127911,-0.06123363456173646
outer,-1.4337976192428912,298.6895681562812,-2.451417711502188,-0.5875704028624131,-0.06104363639228301
outer,-1.4282736765575446,298.6058480946259,-2.451475469700908,-0.5843592127765281,-0.06081010508467848
outer,-1.4216668704249293,298.5219028182334,-2.451570990006445,-0.5811418957202167,-0.06053194363153361
outer,-1.4056261755517803,298.7730695018226,-2.4525610178194324,-0.5907010645833363,-0.059868354393627324
outer,-1.4007274172310802,298.68956815628127,-2.452592431693678,-0.5874967587294616,-0.05966004786561312
outer,-1.3947440338889325,298.6058480946259,-2.4526610978371752,-0.5842862637211793,-0.05940700035773018
outer,-1.3876603168176718,298.5219028182334,-2.452767077808435,-0.5810696444137435,-0.05910851391189756
outer,-1.3731586005542025,298.7730695018226,-2.4536921480238827,-0.5906288100701262,-0.05850848917109705
outer,-1.3678006471026476,298.68956815628127,-2.453734767480655,-0.5874251186491299,-0.05828072300815802
outer,-1.3613405454993992,298.6058480946259,-2.453814211334196,-0.5842152397459084,-0.05800740839005898
outer,-1.3537745100003953,298.52190281823334,-2.4539301462019916,-0.5809992843381424,-0.057688320039511916
outer,-1.3408351966521561,298.7730695018226,-2.4547919413451873,-0.5905585535245125,-0.057153022148328604
outer,-1.3350006842517035,298.6895681562812,-2.4548456383862423,-0.5873553975803318,-0.056905041448566805
outer,-1.3280584316783914,298.6058480946259,-2.4549353634376296,-0.5841461018894527,-0.05661118136664882
outer,-1.3200073046951757,298.5219028182334,-2.455060339060561,-0.5809307556142981,-0.05627143382652375
outer,-1.308639253560646,298.77306950182253,-2.455861304339691,-0.5904902059521251,-0.055801325702711874
outer,-1.3023227242268973,298.6895681562812,-2.4559255908149322,-0.5872875535838635,-0.055532850885470476
outer,-1.2948955359943144,298.6058480946259,-2.4560246992677137,-0.5840787866966919,-0.05521838930508169
outer,-1.2863936802083684,298.5219028182334,-2.4561577269337387,-0.5808641754580872,-0.05485910123171879
outer,-1.2765659420674238,298.7730695018226,-2.456900776556584,-0.5904237227817692,-0.05445324328288377
outer,-1.2697645994345665,298.6895681562812,-2.456974771159229,-0.5872215197480435,-0.05416421972382542
outer,-1.2618870196155534,298.6058480946259,-2.457082286614503,-0.5840134109299401,-0.053830279025556434
outer,-1.252885752116815,298.5219028182334,-2.4572231705726266,-0.5807994884161849,-0.0534496613278103
outer,-1.2446130834075992,298.77306950182265,-2.457910505837704,-0.5903590337023872,-0.05310884186085695
outer,-1.2373616530440537,298.68956815628127,-2.457993244617646,-0.5871574127032904,-0.052800395670486
outer,-1.228984749161567,298.6058480946259,-2.458108972662566,-0.58394991963688,-0.0524451771133351
outer,-1.2194796177834366,298.5219028182334,-2.4582574166685225,-0.5807366243722483,-0.052042924906400355
outer,-1.2128162029003218,298.7730695018226,-2.4588905548981237,-0.5902962555037836,-0.05176937000559899
outer,-1.2050655025271602,298.68956815628127,-2.4589818445794664,-0.5870951783316586,-0.05143969284679896
outer,-1.1961848017049146,298.60584809462586,-2.459105496925078,-0.5838882382435201,-0.05106288998737622
outer,-1.1861715949621177,298.5219028182334,-2.459260639547494,-0.5806755303254605,-0.050638881334580596
outer,-1.1811266686660278,298.7730695018226,-2.4598417429696493,-0.5902353352172058,-0.05043312939366165
outer,-1.1728722046507667,298.68956815628127,-2.45994130297656,-0.5870347376163466,-0.05008191340713193
outer,-1.1634834758549844,298.6058480946259,-2.460072034444134,-0.5838283108357585,-0.049683404765851716
outer,-1.152990723855769,298.5219028182334,-2.460232854624068,-0.5806162792342713,-0.04923859842914256
outer,-1.1495405171490238,298.7730695018226,-2.46076479402795,-0.5901761893884312,-0.049099918055269864
outer,-1.1407780388652107,298.68956815628127,-2.46087179547317,-0.5869760317593185,-0.04872704234545302
outer,-1.1309099627985697,298.6058480946259,-2.4610085993419673,-0.5837702095632122,-0.04830779032223777
outer,-1.1199086963793679,298.5219028182334,-2.46117460776057,-0.5805588627994682,-0.0478411024472343
outer,-1.1180540086249229,298.77306950182265,-2.461659884378325,-0.5901187563726344,-0.047769718986736126
outer,-1.1088123474562275,298.6895681562813,-2.461773334958651,-0.5869191323161749,-0.04737614962889608
outer,-1.0984358072731508,298.6058480946259,-2.461915727159832,-0.58371392694043,-0.04693506419070162
outer,-1.0869121455770276,298.5219028182334,-2.46208656065938,-0.5805032200733109,-0.0464458812792221
outer,-1.0866966366023167,298.7730695018226,-2.4625270256925895,-0.590063107320266,-0.046443603263529726
outer,-1.0769465278715913,298.68956815628127,-2.4626464465351248,-0.5868640329293896,-0.04602824409780091
outer,-1.0660475728262973,298.6058480946259,-2.4627940725694577,-0.5836593991729673,-0.045564708461672196
outer,-1.0554396511185653,298.77306950182253,-2.46336673245111,-0.590009237314126,-0.04512057106342909
outer,-1.0539980827869049,298.5219028182334,-2.462968938450846,-0.5804492906182207,-0.04505291459430609
outer,-1.0451670741091987,298.6895681562812,-2.4634917775472407,-0.5868106670086164,-0.04468280213731416
outer,-1.0337422552577054,298.6058480946259,-2.463643861418029,-0.5836065627084125,-0.04419670054524719
outer,-1.0242694765648965,298.7730695018226,-2.46417964440563,-0.5899570770213061,-0.04380009318009536
outer,-1.0211936979672263,298.5219028182334,-2.4638217421568753,-0.5803971363722799,-0.04366320673553897
outer,-1.0134709664184802,298.6895681562812,-2.4643095544088998,-0.586758967870157,-0.04333979901653323
outer,-1.0015471858898073,298.6058480946259,-2.4644650932493026,-0.5835554790415365,-0.04283204592392442
outer,-0.9931830776278034,298.7730695018226,-2.464965988414977,-0.5899065565952215,-0.04248214286157974
outer,-0.9884732661719011,298.5219028182334,-2.4646454044690387,-0.5803467563231821,-0.04227587511382399
outer,-0.9818856775939067,298.6895681562812,-2.465099775189075,-0.5867089967495418,-0.0420002414131347
outer,-0.9694365060290993,298.6058480946259,-2.465258191554766,-0.5835061482154833,-0.04146985437610347
outer,-0.9622080686897212,298.7730695018226,-2.4657257610565524,-0.589857737188833,-0.04116772803282472
outer,-0.9558242408658668,298.5219028182334,-2.4654404760764863,-0.5802980970640612,-0.0408904355148675
outer,-0.9503852150925802,298.68956815628127,-2.465862854117817,-0.5866607550087515,-0.04066323152717892
outer,-0.9373976039094283,298.6058480946259,-2.4660237015501796,-0.5834585144142936,-0.04010963627425266
outer,-0.9313183232484881,298.7730695018226,-2.466459367255003,-0.5898106217549186,-0.03985594337458765
outer,-0.9232442196536828,298.5219028182334,-2.4662071280396813,-0.5802510944619934,-0.03950688960409664
outer,-0.9189569018674374,298.68956815628127,-2.466599330753259,-0.586614184449826,-0.03932827440362319
outer,-0.905428064644985,298.60584809462586,-2.4667617963315225,-0.583412510409866,-0.03875139122910615
outer,-0.9005010989228497,298.77306950182253,-2.4671673407435084,-0.5897651497241357,-0.03854628868922133
outer,-0.8907648911738282,298.5219028182334,-2.4669453375599093,-0.5802058268140139,-0.03812638601491748
outer,-0.8875983105326818,298.6895681562812,-2.46730938007625,-0.5865692146978357,-0.03799536770209415
outer,-0.8735597416276427,298.6058480946259,-2.4674724504802215,-0.5833682149263838,-0.037396269752680275
outer,-0.8697539558168449,298.7730695018226,-2.4678498581965593,-0.5897212474993686,-0.037238759785790485
outer,-0.8583489222813484,298.5219028182334,-2.467655537251289,-0.5801622798310289,-0.036747635051533604
outer,-0.8563414593594798,298.6895681562812,-2.4679929740457713,-0.5865259250988075,-0.036665663865772344
outer,-0.841755107612558,298.6058480946259,-2.4681560873611357,-0.5833256149807894,-0.03604297335075735
outer,-0.8391090772157888,298.7730695018226,-2.468506888952348,-0.5896789952535746,-0.035934511098142656
outer,-0.8259921872417257,298.5219028182334,-2.468338148515801,-0.5801203878434067,-0.03537045224526761
outer,-0.8251486268547584,298.6895681562812,-2.4686505267281023,-0.5864843041866676,-0.035337855660097034
outer,-0.8100100154148909,298.6058480946259,-2.468813126803043,-0.5832846415278821,-0.03469131374909983
outer,-0.8085285472195034,298.7730695018226,-2.4691388377803465,-0.5896383832541812,-0.034632226709403496
outer,-0.7940156443671725,298.6895681562812,-2.469282456209494,-0.5864442794819202,-0.03401175108764412
outer,-0.7937020590099595,298.5219028182334,-2.4689932391534075,-0.5800801345292276,-0.03399517000356766
outer,-0.7783318763227035,298.60584809462586,-2.469443637267113,-0.5832452766882067,-0.033341622439377314
outer,-0.7780081756923277,298.7730695018226,-2.4697461208287,-0.5895993355040507,-0.03333171097391775
outer,-0.7629499615469556,298.6895681562812,-2.469888831514247,-0.586405831579836,-0.03268768080760662
outer,-0.7614892067710284,298.5219028182334,-2.469620904337694,-0.58004156799556,-0.032622196472694695
outer,-0.7475554506783192,298.7730695018226,-2.470328807546693,-0.5895618310968479,-0.032033293806153836
outer,-0.7467314149913749,298.6058480946259,-2.470047709503719,-0.5832075695390878,-0.031994306641183246
outer,-0.7319623585623791,298.6895681562812,-2.4704697389441796,-0.5863690106949562,-0.031366051174955174
outer,-0.7293266123775731,298.52190281823334,-2.4702215076798484,-0.580004666693021,-0.03125058229002984
outer,-0.7171812079038821,298.7730695018226,-2.4708869798025397,-0.5895259215653913,-0.030737380764206124
outer,-0.715181472802745,298.60584809462586,-2.4706257008732244,-0.5831714986683791,-0.03064841010045359
outer,-0.7010255362170563,298.68956815628127,-2.471025529527701,-0.5863337956667116,-0.030045899111344795
outer,-0.6972126613234996,298.5219028182334,-2.4707952953546597,-0.5799693658247551,-0.029880272680168206
outer,-0.6868580074794955,298.77306950182253,-2.4714209822236914,-0.589491586111494,-0.02944300201004707
outer,-0.6836804268565494,298.60584809462586,-2.471177858397474,-0.5831369960661594,-0.029303874968023138
outer,-0.670137863210394,298.6895681562812,-2.4715564510091745,-0.5863001152090022,-0.028727163790501654
outer,-0.6651664524440092,298.5219028182334,-2.471342284671914,-0.579935698649007,-0.028511989458759157
outer,-0.6565842096971647,298.7730695018226,-2.471931063117261,-0.5894587500876192,-0.0281500938410079
outer,-0.6522474752855169,298.6058480946259,-2.4717041978960843,-0.58310409510178,-0.027961423878899848
outer,-0.6393186370482191,298.6895681562812,-2.472062517709742,-0.5862680028865088,-0.027410568735524558
outer,-0.6331705467824645,298.52190281823334,-2.471862688347747,-0.5799036777795582,-0.02714515126494515
outer,-0.6263792115172871,298.7730695018226,-2.4724172353355502,-0.5894274473493128,-0.026859380736440883
outer,-0.6208650884654212,298.60584809462586,-2.4722049265928634,-0.5830728095305919,-0.02662047073447169
outer,-0.6085502373696604,298.68956815628127,-2.472543931332533,-0.5862374737372957,-0.026095523160563874
outer,-0.6012152572537035,298.5219028182334,-2.472356777815488,-0.5798732612957793,-0.025779392401717224
outer,-0.5962253017680488,298.7730695018226,-2.472879695030197,-0.5893976943466396,-0.02557026726519451
outer,-0.5895235289467882,298.60584809462586,-2.4726803140030342,-0.5830430956216507,-0.025280645292483115
outer,-0.5778228763223063,298.6895681562812,-2.4730009593424653,-0.5862084822157652,-0.02478165235565409
outer,-0.5693057605178901,298.5219028182334,-2.472824646082494,-0.5798444263429681,-0.024414931185429124
outer,-0.5661126421529322,298.77306950182253,-2.4733187074475254,-0.5893694437090762,-0.024282374333256473
outer,-0.5582280003038388,298.60584809462586,-2.473130453302711,-0.5830149290019699,-0.02394216426204561
outer,-0.547141784415249,298.6895681562812,-2.473433695036483,-0.5861810024188899,-0.02346917150817234
outer,-0.5374505584696887,298.52190281823334,-2.4732663671715067,-0.579817206884557,-0.02305210594419758
outer,-0.5360464901376296,298.77306950182253,-2.473734365985365,-0.5893426679975542,-0.02299591569654869
outer,-0.5269870486337723,298.6058480946259,-2.4735554155919948,-0.5829883445323971,-0.02260536550146947
outer,-0.5165155519817071,298.6895681562812,-2.473842206609908,-0.5861550702190609,-0.02215841805935223
outer,-0.5060354803279685,298.7730695018226,-2.4741267359641523,-0.5893174041965457,-0.021711228421883846
outer,-0.5056285022906847,298.52190281823334,-2.4736821612435143,-0.5797915929530717,-0.02169018099759871
outer,-0.4957794151626331,298.6058480946259,-2.4739554171414673,-0.582963332465588,-0.021269507956974996
outer,-0.48592281020842065,298.6895681562812,-2.474226706338765,-0.5861306761633047,-0.02084864565468386
outer,-0.47605813378105716,298.77306950182253,-2.4744960255373525,-0.5892936432309046,-0.020427560932510306
outer,-0.4738385266197375,298.52190281823334,-2.474072173561402,-0.5797675365741157,-0.020329111285367844
outer,-0.46460402899033165,298.6058480946258,-2.474330603530849,-0.5829398424131176,-0.019934543187283722
outer,-0.4553624826520263,298.6895681562812,-2.4745873400615706,-0.5861077673830773,-0.019539802548482046
outer,-0.44611336850577943,298.7730695018226,-2.474842380759493,-0.5892713296824659,-0.01914485825909395
outer,-0.4420962335137965,298.52190281823334,-2.4744364380049406,-0.5797450643871735,-0.018969489087385626
outer,-0.4334765732909894,298.60584809462586,-2.474681007276988,-0.582917901445713,-0.018601064161638745
outer,-0.4248503336657998,298.6895681562812,-2.47492413895449,-0.5860863714521335,-0.018232482451364766
outer,-0.4162170301010266,298.77306950182253,-2.475165831500359,-0.5892504916884439,-0.017863714893635852
outer,-0.4103831437946459,298.5219028182334,-2.474775106330709,-0.5797241820359936,-0.017610696296989962
outer,-0.4023784728106374,298.60584809462586,-2.475006776834478,-0.5828975160170214,-0.01726844846355227
outer,-0.3943676918466882,298.6895681562812,-2.475237248097728,-0.5860664957318477,-0.01692605871255161
outer,-0.38635035093603853,298.7730695018226,-2.4754665193688448,-0.5892311376218556,-0.01658350003219093
outer,-0.37869529824364745,298.52190281823334,-2.4750883155794856,-0.5797048561397544,-0.016252569854363956
outer,-0.37130574774624003,298.6058480946258,-2.4753080484240737,-0.5828786511140079,-0.015936529225343134
outer,-0.3639105567914832,298.6895681562812,-2.47552680283735,-0.5860481035433025,-0.015620360728665263
outer,-0.3565093099903862,298.77306950182253,-2.47574457878072,-0.5892132290938604,-0.01530403941408539
outer,-0.34703969894760334,298.52190281823334,-2.4753761161461534,-0.5796870878938798,-0.014895389171613774
outer,-0.34026543658933034,298.60584809462586,-2.475584871729582,-0.5828613076135365,-0.014605584889501701
outer,-0.33348600342428464,298.68956815628115,-2.475792852151834,-0.586031195461276,-0.014315666026568974
outer,-0.3267010186506591,298.7730695018226,-2.4760000580300803,-0.5891967663867189,-0.014025609694978658
outer,-0.3154122673757021,298.5219028182334,-2.4756385959733223,-0.5796708879935301,-0.013539043267053118
outer,-0.3092534396043133,298.60584809462586,-2.4758373329826138,-0.5828454967417788,-0.013275502360797671
outer,-0.3030899107884295,298.6895681562812,-2.4760354805137976,-0.5860157832994329,-0.013011859469475367
outer,-0.29692133472177307,298.77306950182253,-2.4762330397916426,-0.5891817619806343,-0.012748093770346745
outer,-0.28380359053942195,298.52190281823334,-2.475875859405204,-0.5796562437725893,-0.01218319957852933
outer,-0.27826029486324316,298.6058480946259,-2.476065535109903,-0.582831205362202,-0.011945945276451014
outer,-0.2727127679792976,298.6895681562812,-2.4762547893957247,-0.5860018534665313,-0.011708600969642597
outer,-0.26716069828228217,298.7730695018225,-2.4764436240395273,-0.5891682018383214,-0.011471147910097757
outer,-0.2522151635297862,298.52190281823334,-2.4760879589383427,-0.5796431423440681,-0.010827923253833981
outer,-0.24728750523026627,298.60584809462586,-2.476269529935031,-0.5828184198071212,-0.010616976483209379
outer,-0.24235608564016317,298.6895681562812,-2.4764508299497963,-0.5859893915058221,-0.010405951116666385
outer,-0.23742062776094944,298.77306950182253,-2.476631861245227,-0.5891560706780163,-0.010194830481106292
outer,-0.22065084485752023,298.5219028182333,-2.4762749490903957,-0.5796315933821885,-0.00947338002440179
outer,-0.2163389492771641,298.60584809462586,-2.476449371233445,-0.5828071500561129,-0.009288760676606478
outer,-0.21202376241897758,298.6895681562812,-2.476623655187682,-0.58597840774529,-0.009104073637813207
outer,-0.20770504189838443,298.77306950182253,-2.476797803636546,-0.5891453792312313,-0.008919304309589468
outer,-0.18909905691301143,298.52190281823334,-2.4764369052822457,-0.5796215941626848,-0.008119176494354487
outer,-0.1854029892006727,298.6058480946258,-2.476605133336131,-0.5827973934185144,-0.007960900856512243
outer,-0.18170410027307665,298.6895681562812,-2.476773338321729,-0.5859688995535607,-0.007802568009712985
outer,-0.17800218236316037,298.7730695018225,-2.476941523292375,-0.5891361249669539,-0.00764416543776145
outer,-0.1575591609416973,298.52190281823334,-2.476573863809289,-0.5796131320086291,-0.00676529220035184
outer,-0.15447898292532347,298.60584809462586,-2.476736851714692,-0.5827891365321081,-0.006633373869469521
outer,-0.1513964538034393,298.6895681562812,-2.476899913980026,-0.585960852858192,-0.006501408432329992
outer,-0.14831140042995575,298.7730695018225,-2.4770630539780916,-0.5891282930646268,-0.006369385455798818
outer,-0.12603529551018341,298.52190281823334,-2.476685860919123,-0.579606211819402,-0.005411898693152263
outer,-0.12357109053465774,298.6058480946258,-2.476844562323465,-0.5827823844230343,-0.005306350097196237
outer,-0.121105004626929,298.68956815628115,-2.477003417822448,-0.5859542728441803,-0.0052007641831930875
outer,-0.11863689926671636,298.77306950182253,-2.4771624310443245,-0.5891218888936864,-0.00509513260099577
outer,-0.09451861063351945,298.52190281823334,-2.476772940558184,-0.5796008337650914,-0.00405870366152661
outer,-0.09267041603148037,298.60584809462586,-2.4769283086299407,-0.5827771373464953,-0.003979534098418726
outer,-0.090820810699145,298.6895681562812,-2.477083892826775,-0.58594915986964,-0.003900336764741384
outer,-0.08896969074392366,298.7730695018225,-2.4772396969732187,-0.5891169129393767,-0.003821105396744722
outer,-0.06300783341143325,298.52190281823334,-2.4768351212144992,-0.5795969916929877,-0.0027056659817028964
outer,-0.06177567989762455,298.60584809462586,-2.47698810850176,-0.5827733888180388,-0.002652882251043184
outer,-0.060542585878784326,298.68956815628115,-2.47714135622204,-0.5859455071048548,-0.0026000801100435796
outer,-0.059308482091795164,298.7730695018225,-2.4772948683407887,-0.5891133580112526,-0.0025472553822064384
outer,-0.03150305750337242,298.5219028182334,-2.476872421306128,-0.579594686614498,-0.0013528091801962177
outer,-0.030886976279340856,298.6058480946258,-2.477023980218537,-0.5827711398695943,-0.001326416163839065
outer,-0.030270424799409414,298.68956815628115,-2.477175826147965,-0.5859433156132752,-0.0013000139727369364
outer,-0.029653368431764953,298.7730695018225,-2.477327963148715,-0.5891112252190711,-0.001273600518249657
outer,-5.088887490341627e-14,298.7730695018225,-2.4773389945210114,-0.5891105148375734,-2.7243246557096113e-13
outer,-5.088887490341627e-14,298.5219028182333,-2.476884854283577,-0.5795939187273959,7.295581741422513e-14
outer,-5.088887490341627e-14,298.68956815628115,-2.4771873158395685,-0.5859425856386987,-5.3499689791157145e-14
outer,-5.088887490341627e-14,298.6058480946258,-2.4770359371227046,-0.5827703907181111,8.968161013119824e-14
outer,0.029653368431612284,298.7730695018225,-2.477327963149266,-0.5891112252200841,0.0012736005176862126
outer,0.030270424799307638,298.68956815628115,-2.4771758261479775,-0.5859433156138883,0.001300013972666346
outer,0.030886976279239076,298.6058480946258,-2.4770239802184264,-0.5827711398701481,0.001326416164171275
outer,0.03150305750327064,298.5219028182333,-2.476872421302918,-0.5795946866120044,0.0013528091806018071
outer,0.059308482091693385,298.7730695018225,-2.4772948683397993,-0.5891133580104343,0.002547255381591978
outer,0.060542585878631656,298.68956815628115,-2.4771413562227313,-0.5859455071057159,0.0026000801099271918
outer,0.06177567989747188,298.60584809462586,-2.476988108502476,-0.5827733888188618,0.0026528822513747817
outer,0.06300783341133147,298.52190281823323,-2.476835121214583,-0.5795969916931272,0.0027056659821117915
outer,0.088969690743771,298.77306950182253,-2.477239696970998,-0.5891169129370004,0.0038211053965168298
outer,0.09082081069904321,298.6895681562812,-2.4770838928268994,-0.585949159869678,0.0039003367648359774
outer,0.09267041603132771,298.60584809462586,-2.4769283086300247,-0.582777137346607,0.003979534098665972
outer,0.09451861063336678,298.5219028182333,-2.4767729405590297,-0.5796008337657473,0.004058703661526529
outer,0.11863689926656369,298.77306950182253,-2.4771624310424536,-0.5891218888912368,0.005095132600678634
outer,0.12110500462682722,298.68956815628115,-2.4770034178205833,-0.5859542728423357,0.005200764183159795
outer,0.12357109053450507,298.6058480946258,-2.4768445623227815,-0.5827823844228638,0.005306350097197333
outer,0.12603529551003073,298.52190281823334,-2.476685860916858,-0.5796062118177776,0.0054118986927175206
outer,0.1483114004298031,298.7730695018225,-2.4770630539776857,-0.5891282930635554,0.0063693854547272315
outer,0.15139645380333752,298.6895681562812,-2.476899913979022,-0.585960852856985,0.006501408431499558
outer,0.1544789829252217,298.60584809462586,-2.476736851713824,-0.5827891365312773,0.006633373868666646
outer,0.15755916094159553,298.52190281823334,-2.476573863806718,-0.5796131320065013,0.006765292199071591
outer,0.1780021823630077,298.7730695018225,-2.476941523292137,-0.5891361249669357,0.0076441654365343335
outer,0.18170410027297487,298.6895681562812,-2.4767733383217108,-0.5859688995538316,0.0078025680083602675
outer,0.18540298920052004,298.6058480946258,-2.4766051333366708,-0.5827973934189546,0.00796090085508214
outer,0.18909905691290965,298.52190281823334,-2.47643690528342,-0.5796215941637142,0.008119176492461355
outer,0.20770504189828265,298.77306950182253,-2.4767978036348053,-0.5891453792308302,0.008919304308322228
outer,0.2120237624188758,298.6895681562812,-2.4766236551877436,-0.5859784077465799,0.009104073636145713
outer,0.21633894927701142,298.60584809462586,-2.4764493712353612,-0.5828071500588342,0.00928876067481734
outer,0.22065084485741845,298.52190281823334,-2.4762749490929856,-0.5796315933853072,0.009473380022363842
outer,0.23742062776079678,298.77306950182253,-2.476631861242831,-0.5891560706776207,0.010194830479920824
outer,0.24235608564001052,298.6895681562812,-2.4764508299491528,-0.5859893915071201,0.010405951115309816
outer,0.2472875052301136,298.60584809462586,-2.4762695299352733,-0.5828184198094554,0.010616976481828405
outer,0.2522151635296335,298.52190281823334,-2.476087958938104,-0.579643142346165,0.010827923252369776
outer,0.26716069828212946,298.7730695018225,-2.476443624040224,-0.5891682018402614,0.011471147909100608
outer,0.27271276797919586,298.6895681562812,-2.47625478939628,-0.586001853468544,0.01170860096873828
outer,0.27826029486309045,298.6058480946258,-2.476065535109364,-0.5828312053637664,0.011945945275619407
outer,0.28380359053932014,298.52190281823334,-2.4758758594049106,-0.5796562437750149,0.012183199577542925
outer,0.2969213347216204,298.77306950182253,-2.476233039792835,-0.5891817619814614,0.012748093768996263
outer,0.30308991078827685,298.68956815628115,-2.476035480515309,-0.5860157833007236,0.013011859468231364
outer,0.3092534396041606,298.6058480946259,-2.475837332984703,-0.5828454967441918,0.013275502359706997
outer,0.3154122673756003,298.5219028182334,-2.4756385959745697,-0.5796708879958065,0.013539043265668686
outer,0.32670101865050644,298.7730695018226,-2.476000058027879,-0.5891967663842088,0.01402560969362925
outer,0.333486003424132,298.6895681562812,-2.4757928521495667,-0.5860311954589474,0.01431566602534747
outer,0.3402654365892286,298.60584809462586,-2.4755848717297724,-0.5828613076136466,0.014605584888549602
outer,0.3470396989474507,298.52190281823334,-2.475376116145284,-0.5796870878934871,0.014895389170399388
outer,0.35650930999023356,298.77306950182253,-2.4757445787804513,-0.5892132290934164,0.015304039412990356
outer,0.3639105567913305,298.6895681562812,-2.4755268028359154,-0.5860481035422054,0.015620360727729161
outer,0.3713057477460874,298.60584809462586,-2.4753080484222094,-0.5828786511127373,0.015936529224648277
outer,0.37869529824349474,298.52190281823334,-2.47508831557858,-0.5797048561396486,0.016252569853668426
outer,0.3863503509359367,298.77306950182253,-2.475466519373645,-0.5892311376263376,0.016583500031061304
outer,0.39436769184658643,298.6895681562812,-2.475237248102046,-0.5860664957359664,0.016926058711576878
outer,0.40237847281053557,298.60584809462586,-2.4750067768339328,-0.5828975160167285,0.017268448462743884
outer,0.41038314379454416,298.52190281823334,-2.474775106329788,-0.5797241820354662,0.017610696296394692
outer,0.4162170301009248,298.77306950182253,-2.475165831504071,-0.589250491692037,0.017863714892513195
outer,0.4248503336656471,298.6895681562812,-2.4749241389564434,-0.5860863714540203,0.01823248245030249
outer,0.4334765732908367,298.60584809462586,-2.4746810072766334,-0.582917901445199,0.01860106416073299
outer,0.4420962335136947,298.52190281823334,-2.4744364380061614,-0.5797450643879485,0.018969489086761188
outer,0.4461133685056776,298.77306950182253,-2.4748423807601116,-0.589271329682738,0.0191448582582658
outer,0.4553624826518736,298.6895681562812,-2.4745873400608454,-0.5861077673823984,0.01953980254774883
outer,0.464604028990179,298.6058480946259,-2.4743306035313912,-0.5829398424138045,0.019934543186788518
outer,0.47383852661958487,298.5219028182334,-2.4740721735637003,-0.5797675365763629,0.02032911128514583
outer,0.47605813378090445,298.7730695018226,-2.4744960255360033,-0.5892936432301904,0.020427560932670563
outer,0.485922810208268,298.6895681562812,-2.4742267063357817,-0.5861306761614752,0.02084864565486196
outer,0.4957794151624804,298.6058480946259,-2.4739554171408433,-0.5829633324662814,0.021269507957309152
outer,0.5056285022905829,298.5219028182334,-2.4736821612436346,-0.5797915929545188,0.02169018099790636
outer,0.5060354803278667,298.77306950182253,-2.4741267359645382,-0.5893174041979119,0.021711228422396495
outer,0.5165155519816053,298.6895681562812,-2.4738422066072294,-0.5861550702177521,0.02215841805971591
outer,0.5269870486336197,298.6058480946259,-2.4735554155886654,-0.5829883445303775,0.02260536550182133
outer,0.5360464901375278,298.7730695018226,-2.4737343659877684,-0.5893426680002867,0.022995915696617103
outer,0.5374505584695869,298.52190281823334,-2.4732663671711386,-0.5798172068850584,0.023052105944323373
outer,0.5471417844150963,298.6895681562812,-2.4734336950381675,-0.5861810024208284,0.02346917150814338
outer,0.5582280003036861,298.60584809462586,-2.4731304533012395,-0.5830149290006618,0.023942164261932866
outer,0.5661126421528304,298.7730695018226,-2.4733187074470346,-0.5893694437087053,0.024282374333154666
outer,0.5693057605177374,298.52190281823334,-2.472824646082524,-0.5798444263429171,0.024414931185273013
outer,0.5778228763222046,298.68956815628127,-2.4730009593446187,-0.5862084822176777,0.02478165235558033
outer,0.5895235289466355,298.60584809462586,-2.4726803140059395,-0.5830430956243502,0.025280645292287487
outer,0.5962253017679471,298.77306950182253,-2.4728796950285803,-0.5893976943449932,0.025570267265068163
outer,0.6012152572535508,298.52190281823334,-2.472356777816547,-0.5798732612969617,0.02577939240155328
outer,0.6085502373695078,298.6895681562812,-2.4725439313354975,-0.586237473739903,0.026095523160455398
outer,0.6208650884653194,298.6058480946259,-2.4722049265955186,-0.583072809533094,0.026620470734337126
outer,0.6263792115171345,298.77306950182253,-2.472417235336319,-0.5894274473512011,0.02685938073653333
outer,0.6331705467823119,298.5219028182334,-2.4718626883462225,-0.579903677778537,0.027145151264823333
outer,0.6393186370480665,298.68956815628127,-2.4720625177128888,-0.5862680028908337,0.02741056873546241
outer,0.652247475285415,298.6058480946259,-2.4717041978961336,-0.583104095103265,0.027961423878887122
outer,0.656584209697012,298.7730695018226,-2.471931063118703,-0.5894587500910107,0.028150093841369288
outer,0.6651664524439075,298.5219028182334,-2.4713422846693716,-0.5799356986481473,0.02851198945879431
outer,0.6701378632102414,298.68956815628127,-2.471556451008648,-0.5863001152109697,0.02872716379060869
outer,0.6836804268564476,298.60584809462586,-2.4711778583942445,-0.5831369960658336,0.029303874968042775
outer,0.6868580074793429,298.7730695018226,-2.4714209822216158,-0.589491586111261,0.029443002010531898
outer,0.6972126613233469,298.5219028182334,-2.470795295353003,-0.5799693658256836,0.029880272680074423
outer,0.7010255362169037,298.68956815628127,-2.4710255295242476,-0.5863337956656952,0.030045899111582283
outer,0.7151814728025924,298.60584809462586,-2.470625700867507,-0.5831714986656971,0.030648410100306486
outer,0.7171812079037803,298.7730695018226,-2.4708869797986037,-0.5895259215641588,0.03073738076464067
outer,0.7293266123774204,298.5219028182334,-2.4702215076764356,-0.5800046666923462,0.031250582289512635
outer,0.7319623585622773,298.6895681562812,-2.470469738940621,-0.5863690106943537,0.03136605117537732
outer,0.7467314149912732,298.60584809462586,-2.4700477094984112,-0.5832075695372317,0.031994306640959876
outer,0.7475554506781665,298.7730695018226,-2.4703288075461964,-0.5895618310997965,0.03203329380633612
outer,0.7614892067709267,298.5219028182334,-2.4696209043342194,-0.5800415679955279,0.03262219647194022
outer,0.7629499615468538,298.6895681562812,-2.4698888315146,-0.5864058315835694,0.03268768080789802
outer,0.7780081756922259,298.7730695018226,-2.469746120828572,-0.58959933550654,0.03333171097391111
outer,0.7783318763225509,298.6058480946259,-2.469443637264157,-0.5832452766887524,0.03334162243903906
outer,0.7937020590098068,298.5219028182334,-2.4689932391500293,-0.5800801345293839,0.033995170002797975
outer,0.7940156443670199,298.6895681562812,-2.469282456208179,-0.586444279483347,0.03401175108772385
outer,0.8085285472193507,298.7730695018226,-2.469138837775814,-0.5896383832518505,0.03463222670931669
outer,0.8100100154147383,298.6058480946259,-2.4688131267993008,-0.5832846415271083,0.034691313748637084
outer,0.8251486268546566,298.6895681562812,-2.468650526721212,-0.586484304182067,0.03533785566028838
outer,0.8259921872415731,298.5219028182334,-2.4683381485107447,-0.5801203878413207,0.03537045224450538
outer,0.8391090772156361,298.77306950182253,-2.4685068889462194,-0.5896789952491946,0.03593451109812118
outer,0.8417551076124562,298.6058480946259,-2.468156087355493,-0.5833256149775026,0.03604297335053881
outer,0.8563414593593272,298.68956815628127,-2.4679929740415414,-0.5865259250960457,0.036665663866055555
outer,0.8583489222812466,298.5219028182334,-2.4676555372478517,-0.5801622798300379,0.036747635050917826
outer,0.8697539558167431,298.7730695018226,-2.4678498581914545,-0.5897212474953755,0.03723875978579484
outer,0.8735597416275409,298.6058480946259,-2.4674724504791965,-0.5833682149265267,0.03739626975275579
outer,0.88759831053258,298.68956815628127,-2.4673093800739037,-0.5865692146962753,0.037995367702630296
outer,0.8907648911737264,298.52190281823334,-2.4669453375610577,-0.5802058268165197,0.03812638601468269
outer,0.900501098922697,298.7730695018226,-2.4671673407393104,-0.5897651497214408,0.038546288689143574
outer,0.9054280646448832,298.6058480946259,-2.466761796333572,-0.5834125104126737,0.03875139122939071
outer,0.9189569018672847,298.6895681562812,-2.466599330752107,-0.5866141844497521,0.03932827440435195
outer,0.9232442196535809,298.5219028182334,-2.466207128042195,-0.5802510944656103,0.03950688960414681
outer,0.9313183232483863,298.77306950182253,-2.466459367251734,-0.5898106217533132,0.039855943374517505
outer,0.9373976039093265,298.6058480946259,-2.466023701551141,-0.5834585144163735,0.0401096362747439
outer,0.9503852150924784,298.68956815628127,-2.4658628541164056,-0.5866607550089268,0.040663231527699024
outer,0.955824240865765,298.52190281823334,-2.4654404760767052,-0.5802980970659616,0.04089043551503619
outer,0.9622080686895685,298.7730695018226,-2.4657257610543737,-0.5898577371887496,0.04116772803278866
outer,0.9694365060289974,298.6058480946259,-2.4652581915548812,-0.5835061482170055,0.04146985437660608
outer,0.9818856775938049,298.68956815628127,-2.465099775185936,-0.5867089967486743,0.04200024141326679
outer,0.9884732661717994,298.5219028182334,-2.4646454044671504,-0.5803467563231128,0.04227587511422569
outer,0.9931830776277016,298.7730695018226,-2.464965988415372,-0.5899065565970028,0.04248214286163364
outer,1.0015471858897054,298.60584809462586,-2.464465093248555,-0.5835554790424208,0.04283204592406414
outer,1.0134709664183275,298.68956815628127,-2.4643095544112303,-0.5867589678739018,0.04333979901629008
outer,1.0211936979670735,298.5219028182334,-2.4638217421550084,-0.5803971363716834,0.04366320673593821
outer,1.0242694765647946,298.77306950182253,-2.464179644403821,-0.5899570770201724,0.04380009318030429
outer,1.0337422552576037,298.60584809462597,-2.463643861420749,-0.5836065627120672,0.04419670054487802
outer,1.045167074109046,298.68956815628127,-2.4634917775488745,-0.5868106670110124,0.044682802137059524
outer,1.0539980827867523,298.5219028182334,-2.4629689384520246,-0.5804492906199699,0.04505291459445899
outer,1.0554396511184125,298.7730695018226,-2.463366732447183,-0.5900092373110262,0.045120571063657085
outer,1.0660475728261447,298.6058480946259,-2.4627940725738555,-0.5836593991779893,0.04556470846108283
outer,1.0769465278714387,298.6895681562812,-2.4626464465348112,-0.586864032929672,0.046028244097737814
outer,1.086696636602215,298.7730695018226,-2.462527025691087,-0.5900631073191375,0.04644360326378151
outer,1.0869121455768749,298.5219028182334,-2.4620865606622155,-0.5805032200766763,0.04644588127920075
outer,1.0984358072730491,298.6058480946259,-2.461915727162634,-0.583713926943635,0.046935064190222205
outer,1.1088123474560747,298.68956815628127,-2.4617733349591853,-0.5869191323166959,0.047376149628983906
outer,1.118054008624821,298.77306950182253,-2.461659884378895,-0.5901187563730876,0.04776971898702094
outer,1.119908696379215,298.5219028182334,-2.4611746077624703,-0.5805588628016011,0.04784110244718855
outer,1.130909962798417,298.6058480946259,-2.4610085993421618,-0.5837702095632534,0.04830779032197535
outer,1.140778038865058,298.6895681562812,-2.460871795475665,-0.5869760317613586,0.04872704234563911
outer,1.149540517148922,298.77306950182265,-2.4607647940289903,-0.5901761893895949,0.04909991805546101
outer,1.1529907238556165,298.5219028182334,-2.460232854625556,-0.5806162792355963,0.04923859842925578
outer,1.1634834758548824,298.6058480946259,-2.46007203444802,-0.5838283108391662,0.04968340476572666
outer,1.1728722046506648,298.68956815628127,-2.4599413029804427,-0.5870347376201037,0.050081913407380496
outer,1.181126668665875,298.77306950182253,-2.4598417429704513,-0.5902353352186452,0.05043312939384757
outer,1.186171594961965,298.5219028182334,-2.4592606395517502,-0.5806755303294079,0.050638881334829536
outer,1.1961848017047618,298.60584809462597,-2.459105496932163,-0.5838882382505513,0.05106288998737749
outer,1.2050655025270585,298.68956815628127,-2.4589818445837244,-0.5870951783363397,0.051439692847110176
outer,1.212816202900169,298.77306950182253,-2.458890554898905,-0.5902962555054194,0.0517693700057988
outer,1.219479617783284,298.52190281823346,-2.4582574166766964,-0.5807366243804478,0.052042924906560935
outer,1.2289847491614143,298.60584809462597,-2.4581089726675676,-0.5839499196422723,0.05244517711351579
outer,1.2373616530439009,298.6895681562812,-2.4579932446224855,-0.5871574127086222,0.0528003956707917
outer,1.2446130834074465,298.77306950182265,-2.4579105058376887,-0.5903590337030176,0.05310884186127686
outer,1.2528857521166625,298.5219028182334,-2.4572231705784002,-0.580799488422286,0.05344966132799982
outer,1.2618870196154006,298.6058480946259,-2.457082286620334,-0.584013410936103,0.05383027902580648
outer,1.2697645994344646,298.6895681562812,-2.4569747711591186,-0.5872215197487427,0.054164219724370334
outer,1.276565942067271,298.77306950182253,-2.45690077655918,-0.5904237227850184,0.05445324328355956
outer,1.2863936802082157,298.5219028182334,-2.456157726934565,-0.5808641754594978,0.054859101232065124
outer,1.2948955359941616,298.6058480946259,-2.45602469927077,-0.5840787867004134,0.055218389305596666
outer,1.3023227242267446,298.68956815628127,-2.455925590814611,-0.5872875535845391,0.05553285088627784
outer,1.3086392535604934,298.7730695018226,-2.455861304344757,-0.5904902059570842,0.05580132570379352
outer,1.3200073046950231,298.5219028182334,-2.4550603390607595,-0.5809307556153471,0.05627143382704953
outer,1.328058431678239,298.6058480946259,-2.4549353634349265,-0.5841461018877302,0.05661118136744646
outer,1.3350006842515507,298.6895681562812,-2.454845638390477,-0.5873553975844158,0.056905041449626916
outer,1.3408351966520033,298.7730695018226,-2.454791941352213,-0.590558553530084,0.05715302214976645
outer,1.3537745100002427,298.5219028182334,-2.453930146199317,-0.5809992843362143,0.0576883200402111
outer,1.3613405454992975,298.6058480946259,-2.4538142113355432,-0.5842152397471657,0.05800740839092807
outer,1.367800647102495,298.68956815628127,-2.4537347674881773,-0.5874251186551208,0.05828072300957675
outer,1.37315860055405,298.7730695018226,-2.4536921480303118,-0.5906288100753019,0.05850848917236343
outer,1.3876603168175192,298.5219028182334,-2.452767077807535,-0.5810696444128135,0.05910851391262632
outer,1.3947440338887798,298.6058480946259,-2.45266109784439,-0.584286263727066,0.05940700035876832
outer,1.4007274172309785,298.68956815628127,-2.452592431698463,-0.5874967587330643,0.05966004786715777
outer,1.4056261755516277,298.7730695018226,-2.4525610178220782,-0.5907010645860487,0.05986835439465333
outer,1.4216668704248276,298.5219028182334,-2.4515709900091864,-0.5811418957220618,0.060531943632368496
outer,1.428273676557392,298.6058480946259,-2.451475469703873,-0.5843592127786297,0.06081010508590763
outer,1.4337976192427386,298.68956815628127,-2.451417711499703,-0.5875704028605137,0.06104363639372335
outer,1.4382673482787316,298.77306950182253,-2.4513977611957243,-0.5907753311139314,0.06123363456274207
outer,1.4557989258109059,298.5219028182334,-2.4503413230172915,-0.5812160739823476,0.061958752381757576
outer,1.4619460125020947,298.6058480946259,-2.450256395315566,-0.5844341678050007,0.062217335588246686
outer,1.4670405288919555,298.6895681562812,-2.4502098044486242,-0.5876460652474664,0.062432494701727584
outer,1.4710535202891557,298.7730695018226,-2.450202243555671,-0.5908515275337575,0.06260328695384125
outer,1.4900729364291265,298.52190281823346,-2.4490771339817927,-0.5812922558564153,0.06338954580760565
outer,1.4957901667204045,298.6058480946259,-2.449003060168649,-0.5845111429334574,0.06362968752251812
outer,1.5004276943659678,298.68956815628127,-2.4489685753971666,-0.5877236618578412,0.06382558015201487
outer,1.5039905292541809,298.7730695018226,-2.4489741532326526,-0.5909297283983573,0.06397738702071538
outer,1.5245178766355043,298.52190281823346,-2.4477775967627413,-0.5813704551464906,0.06482530925264851
outer,1.5297778339133115,298.60584809462586,-2.447715328694632,-0.5845900522629452,0.06504611854965557
outer,1.5339649234044423,298.68956815628127,-2.4476937125842815,-0.5878032634799234,0.0652229655768628
outer,1.5370845339745496,298.7730695018226,-2.4477128874915057,-0.5910099613008882,0.06535611552923395
outer,1.5591055875327753,298.5219028182334,-2.4464425751430845,-0.5814505839664073,0.0662650007451446
outer,1.5639147919132421,298.60584809462597,-2.446392888522711,-0.5846709629061493,0.06646669879883654
outer,1.5676583432298439,298.68956815628127,-2.4463846069094153,-0.5878848959046721,0.06662482716534403
outer,1.57034202910104,298.7730695018226,-2.4464174720202103,-0.5910923209980152,0.06673973565621669
outer,1.59384181706918,298.5219028182334,-2.4450717556856154,-0.5815327056156387,0.06770868751262421
outer,1.5982071363903896,298.6058480946259,-2.4450351232947147,-0.5847538983274273,0.06789159953055265
outer,1.6015144151927978,298.68956815628127,-2.4450402707446526,-0.5879686489439966,0.06803142282984681
outer,1.6038075061506907,298.77306950182265,-2.4450867098740643,-0.5911768834763884,0.06812978472143275
outer,1.628732629386505,298.5219028182334,-2.443664514429233,-0.5816168406990835,0.06915653556702236
outer,1.6326612954225017,298.6058480946259,-2.4436410321605138,-0.5848389428548613,0.06932107294132175
outer,1.6355774026879333,298.68956815628127,-2.443659488515215,-0.5880545979768135,0.06944427631924649
outer,1.6374572454134264,298.7730695018226,-2.443720195477035,-0.5912635397821384,0.06952542260905419
outer,1.663784419314965,298.52190281823346,-2.442219837874093,-0.5817030676422946,0.07060879109829313
outer,1.667321304468205,298.6058480946259,-2.4422093817467587,-0.5849261704877272,0.07075662899230374
outer,1.669823707623785,298.6895681562812,-2.4422418478962507,-0.5881426321531004,0.07086254467553063
outer,1.671292352945916,298.77306950182265,-2.442317581788169,-0.5913523573732207,0.0709265504543802
outer,1.6990409945512217,298.5219028182334,-2.440736475745424,-0.5817914584546148,0.07206695022147842
outer,1.702163686955359,298.6058480946259,-2.440739754024674,-0.5850154680151158,0.07219742198654651
outer,1.7042544303858633,298.68956815628127,-2.4407869987088087,-0.5882328131627729,0.07228612540490618
outer,1.7053205992264904,298.77306950182253,-2.4408781297785427,-0.5914433818033791,0.07233337950187668
outer,1.7344789999495893,298.5219028182334,-2.439214005033371,-0.5818818971810523,0.07353016464845735
outer,1.7371895376028965,298.60584809462597,-2.4392317967328427,-0.5851068914890375,0.07364334598869486
outer,1.7388773016108359,298.68956815628127,-2.439294194491037,-0.588325182083386,0.07371522346282897
outer,1.7395501623235983,298.7730695018226,-2.4394009957315212,-0.5915366491209212,0.07374614959597749
outer,1.7700995245669005,298.5219028182334,-2.4376520719830457,-0.5819744342493367,0.07499832512163393
outer,1.7724065472383395,298.6058480946259,-2.437684756258426,-0.5852004774398697,0.07509459981302999
outer,1.7737004574353803,298.68956815628127,-2.4377625831278773,-0.5884197709805303,0.07515007214689104
outer,1.7739896461283746,298.7730695018226,-2.4378852890657745,-0.5916321966289768,0.07516511312969716
outer,1.8059102194517593,298.5219028182334,-2.4360499159091504,-0.5820691014146686,0.07647162436403834
outer,1.8078228101010967,298.6058480946259,-2.4360977718656747,-0.5852962536364391,0.07655141020132056
outer,1.8086480993397014,298.7730695018226,-2.4363297691510866,-0.5917301250568401,0.07659059293629081
outer,1.8087324576358286,298.68956815628127,-2.4361912645708013,-0.5885166131369753,0.07659091719394379
outer,1.841919136978315,298.5219028182334,-2.4344066673517766,-0.582165921742829,0.07795028250062552
outer,1.8434468418886258,298.6058480946259,-2.434469933823499,-0.5853942488503537,0.07801401610446193
outer,1.8435658774533719,298.77306950182253,-2.4347329591021256,-0.5918305072442239,0.0780239441576234
outer,1.843982304515371,298.68956815628127,-2.434578982690023,-0.5886158024384736,0.07803807421843606
outer,1.8781347487987885,298.5219028182334,-2.4327214069117455,-0.5822649189647936,0.07943453157080954
outer,1.8787243693275137,298.7730695018226,-2.433094139592878,-0.5919332422121324,0.07946448226687983
outer,1.8792875985463873,298.6058480946259,-2.4327999708102017,-0.5854945497020253,0.0794827257357829
outer,1.879490146654057,298.6895681562813,-2.4329242425055497,-0.5887174092962775,0.07949288442620266
outer,1.9141303018143632,298.7730695018226,-2.4314126097674817,-0.5920384153983257,0.08091230051584776
outer,1.9145659645362778,298.5219028182334,-2.430992848532728,-0.5823661719607949,0.08092467224105934
outer,1.9152374683354083,298.68956815628127,-2.4312263174125093,-0.5888213290967845,0.08095465937953505
outer,1.915385021907995,298.6058480946259,-2.4310863700190803,-0.5855972233523575,0.08095886621974137
outer,1.949794394130347,298.7730695018226,-2.4296872426756564,-0.5921460783883211,0.08236769905512273
outer,1.9512309619208097,298.6895681562812,-2.4294844987229984,-0.5889276400599156,0.08242348655648361
outer,1.9512525194357175,298.5219028182334,-2.4292194619696987,-0.5824697437981168,0.0824220174588845
outer,1.9517206916043515,298.6058480946259,-2.429328397753505,-0.5857021607113673,0.08244174510642219
outer,1.9857279016280207,298.77306950182265,-2.4279168008551784,-0.5922562773481947,0.08383100095055575
outer,1.9874812916658382,298.68956815628127,-2.4276976463369735,-0.5890363869935896,0.0838996574435909
outer,1.9881760884024153,298.5219028182334,-2.427400506733039,-0.5825755200626413,0.0839258707260356
outer,1.9883012655342338,298.6058480946259,-2.4275253381414084,-0.5858094322126419,0.08393144398693325
outer,2.0219426391029693,298.7730695018226,-2.4260999724495975,-0.5923690589248649,0.08530254319116111
outer,2.0239996552132333,298.6895681562813,-2.425864508739967,-0.5891476086282054,0.08538348573639638
outer,2.025137353037304,298.6058480946259,-2.4256760387177203,-0.5859190751438688,0.08542824567577866
outer,2.025343294899105,298.5219028182334,-2.4255352604959763,-0.5826835628281083,0.08543630771884533
outer,2.0584510050114155,298.77306950182253,-2.424235367003902,-0.5924844695620224,0.08678267686874788
outer,2.0607978067802084,298.68956815628127,-2.423983759943983,-0.589261343403667,0.08687529869426389
outer,2.062240094093607,298.6058480946259,-2.423779234917048,-0.5860311201162516,0.08693245461121427
outer,2.0627646933912627,298.52190281823334,-2.4236225592861094,-0.5827939011719153,0.0869536026648913
outer,2.0952660066238797,298.7730695018226,-2.422321511706589,-0.5926025550964249,0.08827176762074215
outer,2.0978880812520955,298.68956815628127,-2.4220539956484384,-0.5893776290344809,0.08837543749673642
outer,2.099621182391706,298.6058480946259,-2.421833587765911,-0.5861455968271699,0.08844438855956445
outer,2.1004513662403106,298.5219028182334,-2.421661126441621,-0.5829065569387885,0.08847805093502586
outer,2.1324012861390576,298.77306950182253,-2.420356848022114,-0.5927233610193198,0.08977019641563748
outer,2.135283419206897,298.6895681562812,-2.4200737296165706,-0.5894965024720981,0.08988425783965287
outer,2.1372928892979473,298.6058480946259,-2.4198376801582735,-0.586262533838494,0.08996437909122136
outer,2.1384149466522118,298.5219028182334,-2.4196496109306187,-0.5830215505081048,0.09000996106513737
outer,2.1698711477818944,298.7730695018226,-2.4183397280086956,-0.5928469334976952,0.09127836052484076
outer,2.17299739289533,298.6895681562812,-2.418041389853393,-0.5896180003667213,0.09140213070020063
outer,2.17526808875242,298.6058480946259,-2.417790013017147,-0.5863819587068281,0.0914927722008744
outer,2.176667642522877,298.5219028182334,-2.417586583520643,-0.5831389006800333,0.09154965527548597
outer,2.207690585908187,298.77306950182253,-2.416268408925559,-0.5929733204722235,0.09279667421878755
outer,2.2110442331999187,298.6895681562812,-2.4159553137663434,-0.5897421597316365,0.0929294430001963
outer,2.213560283115111,298.6058480946259,-2.415689000786459,-0.5865038982952859,0.09302992891351691
outer,2.215222261205269,298.5219028182334,-2.415470532532412,-0.5832586247507503,0.09309747001773513
outer,2.245875314137699,298.7730695018226,-2.4141410450703313,-0.5931025715492161,0.09432556866021798
outer,2.2494388575954813,298.68956815628127,-2.413813741490459,-0.5898690180295532,0.09446659779535113
outer,2.252183629986072,298.6058480946259,-2.41353296569285,-0.5866283788379407,0.09457622562376587
outer,2.254092235221926,298.5219028182334,-2.4132998587185504,-0.5833807384702614,0.09465375638606241
outer,2.2844417955354395,298.7730695018226,-2.4119556777017297,-0.5932347358966938,0.09586549094071711
outer,2.2881968991329886,298.68956815628127,-2.4116148075702992,-0.5899986119985675,0.0960140138339718
outer,2.2911529700221416,298.6058480946259,-2.411320130689831,-0.5867554252335277,0.0961320539975805
outer,2.2932916489464037,298.5219028182334,-2.4110728691126657,-0.5835052555445442,0.09621888023583514
outer,2.3234072738595177,298.7730695018226,-2.4097102262271943,-0.593369859165333,0.09741690303209254
outer,2.3273347364658337,298.68956815628127,-2.409356532632851,-0.5901309754039094,0.09757212483331365
outer,2.330483855771349,298.6058480946259,-2.4090486119036134,-0.5868850594582374,0.09769782055790911
outer,2.332835266276085,298.5219028182334,-2.4087877702398246,-0.583632186490833,0.0977932220247174
outer,2.362789805892269,298.77306950182253,-2.4074024833172682,-0.5935079816715184,0.09898028172642598
outer,2.3668695249379463,298.68956815628127,-2.4070368171608583,-0.590266137040624,0.09914137918814096
outer,2.37019258154468,298.6058480946259,-2.406716411969919,-0.5870172987217572,0.09927394638882615
outer,2.372738559317428,298.5219028182334,-2.4064426615159666,-0.5837615370539778,0.09937717661690497
outer,2.402608294867988,298.7730695018226,-2.405030112764494,-0.5936491391312191,0.1005561197738497
outer,2.4068192287485153,298.6895681562812,-2.4046534375476387,-0.5904041201966905,0.10072224052614526
outer,2.4102962143439437,298.6058480946259,-2.404321414950235,-0.5871521543090292,0.10086086736580153
outer,2.4130177381033846,298.5219028182334,-2.4040355295661966,-0.583893306814944,0.10097115337077545
outer,2.4428825250090695,298.77306950182253,-2.402590645160632,-0.5937933643333145,0.10214492711567377
outer,2.447202654208883,298.68956815628127,-2.40220404189185,-0.5905449432835295,0.10231518868504685
outer,2.4508126258612095,298.6058480946259,-2.4018613817223917,-0.5872896313526889,0.10245903485221806
outer,2.453689781361125,298.52190281823346,-2.4015642431730564,-0.5840274884030804,0.1025755766180314
outer,2.483633197178551,298.7730695018226,-2.4000814679674938,-0.5939406868184511,0.10374723094601301
outer,2.48803948410119,298.6895681562812,-2.399686142557161,-0.5906886198919001,0.10392072020846385
outer,2.49176052556395,298.6058480946259,-2.3993339437515866,-0.5874297287056762,0.10406891632452606
outer,2.494772468345925,298.5219028182334,-2.399026547527072,-0.5841640670011217,0.10419088627387771
outer,2.5248819656535844,298.7730695018226,-2.397499812405366,-0.5940911299598511,0.1053635746421634
outer,2.529350313148529,298.6895681562812,-2.3970971053873353,-0.5908351569900101,0.10553934795532627
outer,2.533159494877355,298.60584809462586,-2.39673659424118,-0.5875724377811927,0.10569099545245414
outer,2.5362844117555845,298.5219028182334,-2.3964200566874787,-0.5843030194019513,0.10581753819022667
outer,2.5666514760208026,298.77306950182253,-2.3948421532741286,-0.5942448470203849,0.1069946108435542
outer,2.571156684599519,298.68956815628127,-2.394434138542985,-0.5909845519477595,0.10717160033802471
outer,2.575030022471137,298.60584809462586,-2.394066677865474,-0.5877177401736285,0.10732577171869401
outer,2.5782450917352366,298.52190281823334,-2.3937422444334544,-0.5844443121376893,0.10745600412839229
outer,2.6090140455546624,298.7730695018226,-2.3921038936234726,-0.594401972184152,0.10864258555500608
outer,2.613481127929379,298.68956815628127,-2.391693683736118,-0.5911369245591777,0.10881811377479281
outer,2.6173935406562174,298.6058480946259,-2.3913213810428813,-0.5878656048886601,0.10897376007232225
outer,2.6206748909823787,298.5219028182334,-2.3909904347320365,-0.584587898942373,0.10910677159805068
outer,2.6519766429667513,298.77306950182253,-2.3892815938052707,-0.5945622345077517,0.1103074994482874
outer,2.6563955896184606,298.68956815628127,-2.3888711051174925,-0.5912923777318083,0.11048110745820804
outer,2.660272462891663,298.6058480946259,-2.3884971134466966,-0.5880161158894371,0.11063558252997596
outer,2.6635951309548136,298.5219028182334,-2.3881617926619034,-0.5847337181062466,0.11077034388056203
outer,2.695546041442812,298.7730695018226,-2.3863726601379485,-0.5947255860532806,0.1119892426958437
outer,2.699907002647391,298.68956815628127,-2.385962943534028,-0.5914506088354545,0.11216056916833679
outer,2.7037383651668687,298.60584809462586,-2.3855892002362777,-0.5881693416870126,0.1123134335436886
outer,2.70702810918385,298.52190281823334,-2.385252695716277,-0.5848818152502937,0.11244733065819618
outer,2.739750045773689,298.7730695018226,-2.3833736630618287,-0.5948920391335533,0.11368842021664238
outer,2.744022105473715,298.68956815628127,-2.3829665910965403,-0.5916115308212194,0.11385638118028991
outer,2.747798144760913,298.6058480946259,-2.38259416148153,-0.5883249446570753,0.11400729040963511
outer,2.751045031450614,298.5219028182334,-2.382258429051336,-0.585032221426409,0.11413990403911001
outer,2.7846176917015786,298.7730695018226,-2.3802790039306885,-0.5950618980101914,0.11540593046755872
outer,2.78876856032396,298.68956815628127,-2.3798785945596648,-0.5917751123287128,0.11556913643824479
outer,2.792458505431337,298.6058480946259,-2.379509373484465,-0.588482795808641,0.11571703028312284
outer,2.795652759359809,298.5219028182334,-2.379175489856624,-0.5851845610414942,0.11584803360329257
outer,2.8303021787154186,298.77306950182253,-2.377081068458476,-0.595235237740877,0.11714648919389858
outer,2.8341752540646636,298.68956815628127,-2.3766932991344256,-0.5919415975762301,0.11729971755105827
outer,2.8377469669572926,298.6058480946259,-2.3763313571130307,-0.5886428173802772,0.1174432374017658
outer,2.8408579619955874,298.5219028182334,-2.376001235811261,-0.5853386607119311,0.11757159444383293
outer,2.876734760053881,298.77306950182265,-2.3737764913152626,-0.5954111271922788,0.1189074501050775
outer,2.8803946006810883,298.6895681562812,-2.373403029373947,-0.592111014395846,0.11905280043613235
outer,2.883692267451232,298.6058480946259,-2.373054398476249,-0.588805190707703,0.11918678221118179
outer,2.886688016798017,298.52190281823334,-2.372732158065439,-0.5854943938895484,0.11931116546891034
outer,2.923942532200674,298.7730695018226,-2.3703607518482097,-0.5955901373407747,0.12068942287751466
outer,2.927358205898939,298.68956815628127,-2.370004409345358,-0.592282381608774,0.12082574913497679
outer,2.9304460360375204,298.6058480946259,-2.369670755399699,-0.5889698923198419,0.12095230472938626
outer,2.9331715132392544,298.52190281823334,-2.3693624787185157,-0.5856518763261376,0.12106760861296426
outer,2.9721009148663278,298.7730695018226,-2.3668243113633998,-0.5957723848193751,0.12249775884060715
outer,2.9750930272694442,298.6895681562812,-2.3664928602231914,-0.5924561904886466,0.12261916992313258
outer,2.9779402306405585,298.6058480946259,-2.36617703189625,-0.5891358866299432,0.1227371830570344
outer,2.9804592961813188,298.5219028182334,-2.365884381628866,-0.5858110293775526,0.12284553181266689
outer,3.0211654850333844,298.7730695018226,-2.363161116524944,-0.5959569141148394,0.12433062969322234
outer,3.0237735850690877,298.6895681562812,-2.3628587451956826,-0.5926324838250527,0.12443837362107565
outer,3.026201669992628,298.6058480946259,-2.3625685813874755,-0.5893035807632839,0.12454202392993682
outer,3.028483675478566,298.52190281823334,-2.3622944408626623,-0.5859707596816263,0.12464233091606701
outer,3.071207060066456,298.77306950182253,-2.3593640314271345,-0.5961441258009096,0.126189959664612
outer,3.0733556840517897,298.6895681562812,-2.3590959484468037,-0.5928102222916656,0.12628154021484295
outer,3.0754039756723257,298.60584809462586,-2.358835660101523,-0.5894729388370902,0.12637210272969174
outer,3.0772713311503814,298.52190281823334,-2.358587933216619,-0.5861313879395418,0.12645861715934492
outer,3.122367759010755,298.7730695018226,-2.355422467852757,-0.5963336623791166,0.12807980898163562
outer,3.123909778478386,298.68956815628127,-2.3551972326063346,-0.5929896975990601,0.12815058733417678
outer,3.1255031800183395,298.60584809462586,-2.354972080945809,-0.5896428361336136,0.12822561369716035
outer,3.1269949867626936,298.5219028182334,-2.354754999589287,-0.5862927976746268,0.1282996355182731
outer,3.1746195764026894,298.7730695018225,-2.3513277627640443,-0.5965248107571126,0.1299989154005589
outer,3.1755772587035165,298.68956815628127,-2.3511518903923223,-0.5931704497280654,0.13004955460867446
outer,3.1765693744849726,298.6058480946259,-2.3509704962017617,-0.5898134568520692,0.13010447433782057
outer,3.177610902065632,298.5219028182334,-2.3507893720878754,-0.5864537798955503,0.1301635996794118
outer,3.2281473691578,298.77306950182253,-2.3470678728302765,-0.5967177172365146,0.1319526350752791
outer,3.2283302628567276,298.68956815628127,-2.3469511407953783,-0.5933516434875358,0.1319772005796873
outer,3.2287432213325045,298.60584809462586,-2.3468200664317522,-0.5899842399805962,0.13201270989896524
outer,3.2291888059835454,298.52190281823334,-2.34668358250618,-0.5866144148886276,0.13205243200977235
outer,3.281868633237706,298.52190281823334,-2.342426646104958,-0.586774044627205,0.13397014762129522
outer,3.2819970021660674,298.60584809462586,-2.3425118767645245,-0.5901542321299411,0.13394910497505452
outer,3.2823527000319297,298.6895681562812,-2.3425827711982996,-0.5935332946999482,0.13393886689143847
outer,3.2829883465450527,298.77306950182253,-2.34263120268869,-0.5969110307591929,0.13394150015359169
outer,3.33562280879942,298.5219028182334,-2.338009500615176,-0.5869316048716607,0.13591556020748202
outer,3.336513679033539,298.6058480946259,-2.3380335295885226,-0.5903233251123086,0.1359189912394949
outer,3.337681588714017,298.68956815628127,-2.3380350220020656,-0.5937139219297193,0.13593510610287474
outer,3.3391959852795505,298.77306950182253,-2.3380050354122113,-0.5971046525319074,0.13596688446067384
outer,3.3906333483928477,298.5219028182334,-2.3334195511809908,-0.5870868737118238,0.137893993230024
outer,3.3923300797918676,298.6058480946259,-2.333373085211754,-0.5904899177364146,0.13792294463506105
outer,3.3943701314256796,298.68956815628115,-2.333294953416643,-0.5938932651030102,0.1379673166556833
outer,3.397054948813248,298.7730695018226,-2.333169498068887,-0.5972981375241817,0.13803712010928743
outer,3.4469368893923327,298.5219028182334,-2.3286446657845965,-0.5872381437453993,0.1399060452476194
outer,3.449499132995497,298.6058480946259,-2.3285173676508055,-0.5906536048808477,0.13996238907427047
outer,3.452701532056629,298.6895681562812,-2.32834240238424,-0.5940707238686369,0.14004381015311906
outer,3.4565613789760192,298.77306950182253,-2.3281083192699485,-0.597489252759652,0.1401513534818275
outer,3.5045860865931737,298.52190281823334,-2.323671423940365,-0.587384882996944,0.14195316216151094
outer,3.5083025841662585,298.6058480946259,-2.323445908179224,-0.5908136470359578,0.14204561262820942
outer,3.5126719522186707,298.6895681562812,-2.3231608235372665,-0.5942439126075255,0.14216377799328112
outer,3.5178766662416114,298.7730695018226,-2.3228037280988376,-0.5976774590494955,0.142313973360281
outer,3.563861228261496,298.52190281823334,-2.3184790437924367,-0.5875262306708697,0.1440436011815756
outer,3.5687366146818564,298.60584809462586,-2.3181418744740703,-0.5909675253403579,0.14417184335414446
outer,3.574441954884202,298.68956815628127,-2.3177321001415785,-0.5944121253431539,0.14433162500409086
outer,3.581184929610467,298.7730695018226,-2.3172311923048277,-0.5978613356755494,0.14453008971776382
outer,3.624758515525944,298.5219028182334,-2.313050405219258,-0.5876595561763043,0.14617661505245486
outer,3.6309609606902136,298.60584809462586,-2.3125868042502877,-0.591114392931436,0.14634548989745189
outer,3.6381947150155733,298.6895681562812,-2.312031268655789,-0.5945737584152635,0.14655245979363937
outer,3.6466865864465516,298.77306950182253,-2.3113628803393063,-0.5980390756790209,0.14680519420704197
outer,3.6874368583405293,298.52190281823334,-2.3073667150528063,-0.5877839000274552,0.14835660123665897
outer,3.6951578538880283,298.60584809462586,-2.306755318805673,-0.5912524956529716,0.14857164427499764
outer,3.7041296223716422,298.6895681562812,-2.306030020146327,-0.5947268188606742,0.14883176295519415
outer,3.714599004238092,298.77306950182253,-2.3051674664540496,-0.5982084308391191,0.14914514103822932
outer,3.752077545855868,298.5219028182334,-2.301402208848622,-0.5878973911059392,0.15058861759430464
outer,3.76152565726994,298.6058480946259,-2.300618667877524,-0.5913796975839932,0.1508557573533678
outer,3.772462929926796,298.6895681562812,-2.299696527754947,-0.594868886042564,0.15117536700238104
outer,3.7851570449835044,298.7730695018225,-2.298609746744746,-0.5983666273976685,0.15155612626433262
outer,3.8188779150853045,298.52190281823334,-2.2951277400573087,-0.5879977906935897,0.15287806433508058
outer,3.8302795102083738,298.60584809462586,-2.2941445772652678,-0.591493458175543,0.15320361636032434
outer,3.8434282954653702,298.68956815628127,-2.2929950859286996,-0.5949970503007181,0.15358943222829724
outer,3.8586134685757534,298.7730695018225,-2.2916471370259743,-0.5985112996677997,0.15404523543246484
outer,3.88805199264874,298.5219028182334,-2.2885106437826526,-0.5880824812673248,0.1552306577726103
outer,3.9016518672589444,298.60584809462586,-2.2872969037906232,-0.5915907861543795,0.1556213145831064
outer,3.9172771828982365,298.6895681562812,-2.2858825756636794,-0.5951088400487675,0.15608098026591738
outer,3.9354528136368687,298.77306950182253,-2.2842258064040473,-0.598638755790546,0.15662571379543144
outer,3.9598310307909514,298.52190281823334,-2.2815144022312754,-0.5881484279433259,0.1576523926621921
outer,3.9758928974107013,298.6058480946259,-2.2800320634514337,-0.5916691496615241,0.15811576987018047
outer,3.994491646459981,298.6895681562812,-2.278304590219102,-0.5952005027589893,0.1586631014155312
outer,4.015866387404124,298.77306950182253,-2.276289229092546,-0.5987443775660989,0.15930222366512575
outer,4.034463904566613,298.52190281823334,-2.2740950357150194,-0.5881930648248205,0.16015004709185768
outer,4.053482172543748,298.6058480946259,-2.2722951526679256,-0.5917247634786357,0.16069987143205447
outer,4.0752620124934165,298.6895681562812,-2.2702040546116566,-0.5952673854702673,0.16134030008947373
outer,4.1005089234600804,298.77306950182253,-2.267764684893625,-0.5988248973824056,0.16209275426986325
outer,4.112427705394819,298.52190281823334,-2.266197225077461,-0.5882125853373001,0.16273627298227342
outer,4.13460903890895,298.6058480946258,-2.2640286527453615,-0.5917529553853963,0.1633779221341237
outer,4.160239657548943,298.6895681562812,-2.2615076631202222,-0.5953061986234488,0.1641302354694576
outer,4.1897836117159555,298.77306950182253,-2.2585680103407553,-0.598873442902629,0.16500691311117172
outer,4.193910800181945,298.52190281823334,-2.2577631081541827,-0.5882022978806621,0.16541514217597375
outer,4.219921518771124,298.6058480946258,-2.255158809242651,-0.5917504223723191,0.1661672185931623
outer,4.249825704251685,298.6895681562812,-2.252130783229198,-0.59531006693656,0.16704215372097062
outer,4.279557859465763,298.52190281823334,-2.248718596352295,-0.5881588758334817,0.16820357104641634
outer,4.284365892930571,298.7730695018225,-2.2486008237341677,-0.5988850551375868,0.16806191000715845
outer,4.3098186691611025,298.60584809462586,-2.245600661260895,-0.5917102774211802,0.1690766263123554
outer,4.344692130155741,298.68956815628115,-2.241974726874513,-0.5952740804010295,0.17009277512306653
outer,4.369765876258076,298.52190281823334,-2.2389785022950845,-0.5880753883780045,0.17111003896564242
outer,4.384984504000867,298.7730695018225,-2.2377398020727775,-0.5988537770685588,0.17127571083939758
outer,4.404969007261903,298.60584809462586,-2.235255323431263,-0.5916276127137138,0.17212236854271667
outer,4.445563935686787,298.6895681562812,-2.230915936423244,-0.595192288786984,0.1732994658597496
outer,4.465199910010128,298.52190281823334,-2.228443808425763,-0.5879468602247522,0.17415027852546783
outer,4.4926877306908,298.77306950182253,-2.225831797018628,-0.5987715998505081,0.1746730631780906
outer,4.506093800084988,298.60584809462586,-2.2239990554943887,-0.5914963787495247,0.1753212178809464
outer,4.55348403170627,298.68956815628115,-2.2188011029502386,-0.5950565968603776,0.17668619964841462
outer,4.5665774971668505,298.5219028182333,-2.2169906104747983,-0.5877670263598327,0.17734049047034522
outer,4.608405717169277,298.77306950182253,-2.212699596362678,-0.5986286016720049,0.17827299378010855
outer,4.614230587987212,298.60584809462586,-2.2116783979737202,-0.5913082350825211,0.1786964066904641
outer,4.66937779323107,298.6895681562812,-2.2054529479564398,-0.5948567540696119,0.18027114908950592
outer,4.6749308116767585,298.5219028182333,-2.204465286457835,-0.5875271505065398,0.1807032134774358
outer,4.7302999807357375,298.6058480946258,-2.198115981146148,-0.5910524079550988,0.1822653256697994
outer,4.7334968152385475,298.7730695018225,-2.198127187071104,-0.5984153532932814,0.18210348614475186
outer,4.7911757016915795,298.52190281823334,-2.190690330416561,-0.5872157634716202,0.18425513689823925
outer,4.794596607351407,298.68956815628115,-2.1906554606136344,-0.5945826381650732,0.18408129955713537
outer,4.855646406407398,298.6058480946258,-2.1830957208477177,-0.5907178693321353,0.18605407530800694
outer,4.869402269767095,298.7730695018225,-2.1818499573081653,-0.5981173031845544,0.18618946202540415
outer,4.916649641582717,298.52190281823334,-2.175449487751568,-0.586820745371446,0.18802158596451096
outer,4.930574329204181,298.6895681562812,-2.1741441164786943,-0.5942184935449787,0.18814058269587752
outer,4.991696336453714,298.6058480946258,-2.1663530089399607,-0.5902874227614205,0.19008573679253282
outer,5.017933842979035,298.7730695018225,-2.16354764351772,-0.5977130675374042,0.19055809790766673
outer,5.05277172474804,298.52190281823334,-2.1584778915167155,-0.5863232548944354,0.1920249182648873
outer,5.079113431518341,298.6895681562812,-2.155598835949601,-0.5937411153660123,0.19247524198626587
outer,5.14024296170974,298.6058480946258,-2.1475676672340414,-0.5897357707493771,0.1943857719817807
outer,5.180907004390928,298.77306950182253,-2.142845614083225,-0.5971657925256083,0.1952247178620915
outer,5.201325867208009,298.5219028182333,-2.139455018695455,-0.5856956802944024,0.19628995021644596
outer,5.242020075307319,298.68956815628115,-2.1346452063343286,-0.593110960939764,0.19709992168679025
outer,5.303083142301862,298.60584809462586,-2.12636518829446,-0.5890204246435674,0.198968312261677
outer,5.360175712731544,298.77306950182253,-2.119323474779457,-0.5964201999856519,0.2001913965229717
outer,5.364099635296024,298.52190281823334,-2.118006021420403,-0.584892394421003,0.20083044992552374
outer,5.421138713449752,298.6895681562812,-2.11086308132391,-0.5922689128489977,0.20201644925107812
outer,5.482051833036438,298.60584809462586,-2.102325431888463,-0.5880782684310051,0.20383512063996287
outer,5.542918492990604,298.5219028182333,-2.0937105907745774,-0.5838461777134687,0.20564827464872087
outer,5.557433608499918,298.77306950182253,-2.0925219437245866,-0.595381288656212,0.20543437618363877
outer,5.6181543025982625,298.6895681562812,-2.083794198874009,-0.591115272955505,0.20720165910681354
outer,5.67882531382514,298.6058480946258,-2.074991021527146,-0.5868048885785127,0.20896378998898318
outer,5.739450050080314,298.52190281823334,-2.0661121592569245,-0.5824479117149525,0.21072191547687127
outer,5.773507429086339,298.7730695018225,-2.0620076178140407,-0.5939037350044899,0.21088511680058228
outer,5.83388934119141,298.68956815628115,-2.053007530045593,-0.5894995087984263,0.21258885526560833
outer,5.894221847623129,298.6058480946258,-2.043933305666886,-0.5850446772481597,0.2142895749325424
outer,5.954508337267392,298.52190281823334,-2.034784506251101,-0.5805370529228884,0.21598866329939986
outer,6.008121920686317,298.7730695018225,-2.0274578177345326,-0.5917977544656426,0.21643288604484104
outer,6.068069986740528,298.6895681562812,-2.0181840741780808,-0.5872263499860984,0.21807037532184115
outer,6.127969002102891,298.60584809462586,-2.0088371699341967,-0.5825971954926326,0.21970790278354274
outer,6.187822331309842,298.5219028182333,-1.9994166180984563,-0.5779082819529688,0.22134703690909285
outer,6.259616288510177,298.7730695018224,-1.9887410930833112,-0.5888408054896992,0.22193167170539746
outer,6.319043959891679,298.68956815628115,-1.9791970070740106,-0.5840680293760279,0.22350412473765002
outer,6.378423006378471,298.60584809462586,-1.9695806992068905,-0.5792298856798695,0.22508048459016128
outer,6.437756763300441,298.5219028182333,-1.9598917153790938,-0.57432461777508,0.22666242579560142
outer,6.525101250035152,298.7730695018224,-1.945973751780392,-0.584808159162621,0.22722422632260503
outer,6.583936792414374,298.68956815628115,-1.9361666192354101,-0.5797952363922358,0.22873665344823585
outer,6.642724194390542,298.60584809462586,-1.926288232412976,-0.5747092354162123,0.23025739656261324
outer,6.701466758060767,298.5219028182333,-1.9163381524772791,-0.5695486427799511,0.23178816071872022
outer,6.8011463619130135,298.77306950182253,-1.8994806410632297,-0.5794925084086003,0.23216919360880006
outer,6.85933562996053,298.6895681562812,-1.8894187138526928,-0.5741969390311504,0.23362908094941837
outer,6.917477286399382,298.6058480946258,-1.8792861688128937,-0.5688206667251445,0.2351018751449237
outer,6.975574597055077,298.52190281823334,-1.8690824358551545,-0.5633623307126245,0.23658926192583202
outer,7.084452142431562,298.7730695018225,-1.8496757569642275,-0.5727015127779131,0.2366515108315176
outer,7.141957908334908,298.6895681562812,-1.8393633085910461,-0.5670779829933037,0.2380669085030231
outer,7.199416621884586,298.60584809462586,-1.8289796776299427,-0.5613660964631669,0.2394997038954175
outer,7.2568315105451004,298.5219028182333,-1.818523847754264,-0.5555644696620281,0.2409515803137448
outer,7.372384763306978,298.7730695018225,-1.7969225505487505,-0.5642434602887909,0.24057938994492833
outer,7.429183303749126,298.68956815628115,-1.786354016553486,-0.5582442829564059,0.24195746537572896
outer,7.485935370503451,298.60584809462586,-1.7757110945687653,-0.5521485591241786,0.2433573545050805
outer,7.5426441513418965,298.5219028182333,-1.7649916238139953,-0.5459544874648581,0.24478090333787297
outer,7.663078389330823,298.77306950182253,-1.7414337600273444,-0.5539111285299473,0.24387261508198596
outer,7.719155547739271,298.6895681562812,-1.7305873735695487,-0.5474852710490603,0.24521981611045188
outer,7.775186822708963,298.6058480946258,-1.7196579565686336,-0.5409526536557814,0.2465938426058208
outer,7.831175361524858,298.52190281823334,-1.7086403074478487,-0.5343099054070732,0.24799724421479324
outer,7.955334126492173,298.7730695018225,-1.6832308295435894,-0.5414718757886996,0.24645783274174504
outer,8.010681893414533,298.6895681562812,-1.6720581767265983,-0.5345595868852552,0.2477828284894463
outer,8.065984373700626,298.6058480946258,-1.660781087763134,-0.527523749204475,0.24914239808281802
outer,8.121244673698921,298.52190281823334,-1.6493867856750346,-0.5203568314254523,0.25054113665276595
outer,8.248431362409423,298.77306950182253,-1.6221212200773518,-0.5266460701570767,0.2482758438279998
outer,8.303045423207504,298.68956815628115,-1.610519127091688,-0.5191606188529747,0.24959804688863083
outer,8.357614797702116,298.60584809462586,-1.5987608395971606,-0.5115179572011649,0.25097047857074295
outer,8.412142551063218,298.5219028182333,-1.5868191915298513,-0.5037038586791835,0.25240191799520534
outer,8.541966555548877,298.7730695018225,-1.5576117495348525,-0.5090357992710549,0.2493110254099859
outer,8.595844664673415,298.6895681562812,-1.545352078578806,-0.5008213805463404,0.2506804155595195
outer,8.649678689664679,298.6058480946258,-1.5328265102723007,-0.49238816856120743,0.2521319146039902
outer,8.703471654387908,298.52190281823334,-1.5199912409814158,-0.4837194531561792,0.25367943284028
outer,8.835721156884764,298.7730695018225,-1.4886378227246722,-0.48795619420317066,0.24966317535083657
outer,8.888862189358507,298.6895681562812,-1.4752504704214815,-0.4787383444918721,0.25119241766589634
outer,8.941959740789647,298.6058480946258,-1.461415824264654,-0.4692245992768791,0.2528562585555446
outer,8.995016793675603,298.5219028182333,-1.4470873538397364,-0.4594139289059018,0.25466928855087
outer,9.129581909556137,298.7730695018225,-1.4130576434623716,-0.46222219351156224,0.24966756876872453
outer,9.181985321106536,298.6895681562812,-1.3977486411507305,-0.4516390085530309,0.25155058822144094
outer,9.234345855150435,298.60584809462586,-1.3817837047764587,-0.4407319480205506,0.2536256644519279
outer,9.286666452786747,298.5219028182333,-1.365143975131789,-0.4295397157908973,0.2558963379185889
outer,9.423492635124395,298.77306950182253,-1.3271800297403007,-0.4302167738823967,0.24996353047996106
outer,9.475158169524185,298.6895681562812,-1.3089546313639016,-0.41804630098435125,0.25241668508349685
outer,9.526781430163137,298.60584809462586,-1.2899499224118345,-0.4056665777822183,0.25507892487157247
outer,9.578365316727409,298.52190281823334,-1.2701980803027133,-0.39315791189955435,0.2579304555962828
outer,9.71742597792487,298.77306950182253,-1.2259659977021098,-0.3907078042572436,0.2512411188107325
outer,9.768353519208178,298.6895681562812,-1.204026040828509,-0.37722658787032676,0.2543156617655461
outer,9.819239390571166,298.60584809462586,-1.18137162930933,-0.3638132049319008,0.257521863528454
outer,9.870086450280725,298.5219028182334,-1.158076139251501,-0.35055143371826436,0.2608162626893926
outer,10.011369315410551,298.7730695018225,-1.1042538150679093,-0.3442386022489319,0.2533705164733767
outer,10.061558812331363,298.6895681562812,-1.0784099090390082,-0.3303175398780802,0.25669102478534184
outer,10.111707243214308,298.6058480946259,-1.0520942319796853,-0.31676385887489045,0.259956936409454
outer,10.161817424904205,298.5219028182334,-1.0253894520571176,-0.3036145249952369,0.2631184589348197
outer,10.30531691971919,298.77306950182253,-0.95796081204119,-0.2933579146238436,0.2538966835926352
outer,10.354768350400072,298.68956815628127,-0.9286321657417953,-0.27983263582022555,0.25650526140033186
outer,10.404179318943504,298.6058480946259,-0.8991692970179243,-0.26678482868470227,0.25883125204337265
outer,10.453552600770863,298.5219028182333,-0.8696552970487275,-0.25419957708680085,0.26084641864116753
outer,10.599266289877942,298.77306950182253,-0.7831077985874669,-0.23856779783496057,0.2463993114547094
outer,10.64797964526485,298.6895681562812,-0.7512232517376896,-0.22516255098423202,0.24701562778199307
outer,10.69665314242205,298.6058480946259,-0.7197078384619475,-0.21216374625969892,0.2472391944482385
outer,10.745289515347123,298.52190281823334,-0.6886559844716619,-0.19955546751409559,0.24708107072996238
outer,10.893216371528611,298.77306950182253,-0.5760006419647237,-0.17059358589247128,0.22114381593513233
outer,10.941191647973472,298.68956815628115,-0.5444057259501635,-0.15627821110486884,0.21925073730632952
outer,10.989127670099425,298.60584809462586,-0.5139790439497086,-0.1424544368711415,0.2171121399986652
outer,11.03702713047989,298.52190281823334,-0.4847691728693012,-0.12912540706346365,0.21475716842684406
outer,11.187166729187917,298.77306950182253,-0.34960198588914243,-0.07388184202830347,0.1734469930253975
outer,11.234403925275563,298.68956815628127,-0.32487638147527587,-0.05972480452408151,0.170545023321176
outer,11.281602470956166,298.6058480946259,-0.30187198693339756,-0.046370375644013376,0.16765012128770135
outer,11.328765017379094,298.5219028182334,-0.28051029326547144,-0.03378916320883715,0.16476880185889003
outer,11.481117191513423,298.77306950182253,-0.15677669858278004,0.04696197115449327,0.11610043293978267
outer,11.527616306707131,298.68956815628127,-0.14465564807841805,0.05721751505093596,0.11459388978097113
outer,11.57407737540627,298.60584809462586,-0.13375442582467653,0.06664876738930886,0.11311781379598448
outer,11.620503007335854,298.5219028182334,-0.1239538605600442,0.07531805805824236,0.11166329236890413
outer,11.77506769213907,298.7730695018226,-0.05460328218934723,0.15828867889982848,0.07196927548569744
outer,11.820828726242558,298.68956815628127,-0.052137114749992094,0.16294364142829534,0.07222032260608538
outer,11.866552317763905,298.6058480946259,-0.04997390800810004,0.16712193786032994,0.07235984747030308
outer,11.91224103500412,298.5219028182334,-0.04807092650454302,0.1708638906470818,0.07239193064362368
outer,12.06901820638385,298.7730695018226,-0.029543108669468816,0.23798268225802685,0.04749012235908841
outer,12.11404115932725,298.6895681562812,-0.02961180686670477,0.23875295540714064,0.048169572762356935
outer,12.159027273601087,298.6058480946259,-0.02964809959291906,0.2393180949503524,0.04869635496745837
outer,12.203979076082163,298.52190281823334,-0.029652956568394728,0.2396923261903797,0.049081773214559865
outer,12.362968725335698,298.7730695018226,-0.02667599106305336,0.29281773774131736,0.03277608153827236
outer,12.407253597094838,298.6895681562812,-0.026564602644449854,0.2913503201785862,0.03322228591429751
outer,12.451502234097093,298.60584809462586,-0.026429936170190474,0.28979599205862594,0.03355185258472747
outer,12.49571712179486,298.5219028182334,-0.026273682176789548,0.2881603044925488,0.03377320585669379
outer,12.656919245856654,298.77306950182253,-0.023664626061280215,0.331923849599843,0.021691655632150128
outer,12.700466036423544,298.6895681562812,-0.023447128144958102,0.3289546269085054,0.021906185417971714
outer,12.743977196146128,298.6058480946259,-0.023214079290242072,0.32596862397070836,0.022035225072116887
outer,12.787455169052645,298.5219028182334,-0.022967105866881346,0.3229674486768569,0.0220847540819551
outer,12.950869766888841,298.7730695018226,-0.020981453030475338,0.3587222792895287,0.013279016662674822
outer,12.993678476260833,298.6895681562812,-0.02068642913739989,0.35477569754899274,0.013288666432657262
outer,13.036452158701097,298.6058480946259,-0.020383770944806857,0.3508532908866124,0.013237659232872553
outer,13.079193216813772,298.52190281823334,-0.020074666008109622,0.3469549379420997,0.013130175779870891
outer,13.24482028808158,298.77306950182253,-0.018606618284100054,0.37597007518733294,0.00686136671288734
outer,13.286890916257862,298.68956815628127,-0.01826269966084872,0.3714141774215776,0.006700958711306729
outer,13.328927121415045,298.6058480946259,-0.01791751738304776,0.36690633279297336,0.006498922112927866
outer,13.370931264733011,298.52190281823334,-0.017571868316090193,0.36244558253890563,0.006258159935647489
outer,13.53877080932343,298.77306950182253,-0.016505600920325995,0.385807668972679,0.001967610049670984
outer,13.580103356303693,298.6895681562812,-0.016137514033715137,0.38090406568132457,0.0016704254556727527
outer,13.621402084177541,298.6058480946259,-0.01577282040765931,0.37606174767150913,0.0013459634379259233
outer,13.662669312700594,298.52190281823334,-0.01541201648398043,0.37127934875566365,0.000996212602181551
outer,13.832721330579883,298.7730695018226,-0.014647455792537834,0.38990488360110886,-0.0017475653327994056
outer,13.87331579636408,298.68956815628127,-0.014274929412015653,0.3848405288244442,-0.002152510174085298
outer,13.91387704695449,298.6058480946259,-0.013908948555761337,0.3798437756981712,-0.0025740389025457056
outer,13.954407360682477,298.5219028182334,-0.013549785619801642,0.3749130910649254,-0.0030108207715435903
outer,14.12667185184051,298.7730695018226,-0.013007738995464917,0.3895719696959578,-0.004545756421815247
outer,14.16652823642864,298.6895681562812,-0.012645457238437144,0.3844799097301566,-0.005034185962301568
outer,14.20635200973556,298.6058480946259,-0.012291653607847133,0.3794572210154,-0.005531334341743771
outer,14.246145408668532,298.5219028182334,-0.01194643639575791,0.37450234660938825,-0.006036343363019753
outer,14.420622373102304,298.7730695018226,-0.011565433777474945,0.38584076992950384,-0.006629540586952573
outer,14.45974067649437,298.6895681562812,-0.011223610159732243,0.38081442217097966,-0.0071815780145159935
outer,14.498826972517852,298.6058480946259,-0.010891248193739468,0.375856260172542,-0.007736641069041816
outer,14.53788345665576,298.5219028182334,-0.010568338824559508,0.37096478962674023,-0.008294208096325237
outer,14.714572894364355,298.7730695018226,-0.010301284465158232,0.37952457697555303,-0.008157704764792342
outer,14.752953116560352,298.68956815628127,-0.009986404069615144,0.37462800711116273,-0.008757282702510846
outer,14.791301935300398,298.6058480946259,-0.00968125599431481,0.3697965852739737,-0.009355848128273739
outer,14.829621504643239,298.5219028182334,-0.009385750493810067,0.36502892992900693,-0.009953115342221056
outer,15.00852341562656,298.77306950182253,-0.00919696336544213,0.371263677269159,-0.009255394331121616
outer,15.04616555662654,298.68956815628127,-0.008912539094009402,0.3665392161929045,-0.00988963074818594
outer,15.083776898083045,298.6058480946259,-0.008637603464872357,0.3618757861940885,-0.010520066208846546
outer,15.121359552630873,298.5219028182334,-0.008372014770324211,0.3572721443602746,-0.011146576576833711
outer,15.302473936888815,298.7730695018225,-0.008234842683337656,0.36156084485522566,-0.010021308810431187
outer,15.339377996692626,298.68956815628127,-0.00798211146191783,0.3570348330583838,-0.010679930797833373
outer,15.376251860865745,298.6058480946259,-0.007738273759796979,0.3525651958435419,-0.011332896355139468
outer,15.413097600618505,298.5219028182334,-0.0075031581804538144,0.3481508383325688,-0.011980188261792896
outer,15.596424458151018,298.7730695018226,-0.0073980587080704,0.3508094915232419,-0.01053308308561339
outer,15.632590436758814,298.6895681562812,-0.007176589820402299,0.3464966445869841,-0.011207925894671816
outer,15.668726823648443,298.6058480946259,-0.006963198512473255,0.34223534632585095,-0.01187594383927329
outer,15.704835648606139,298.5219028182334,-0.006757700587754843,0.338024648375841,-0.012537186976949263
outer,15.890374979413274,298.7730695018226,-0.0066706935124079825,0.3393162271065855,-0.010851474159464636
outer,15.92580287682495,298.68956815628127,-0.006478900422382791,0.33522295446644634,-0.011536059984449828
outer,15.961201786431142,298.6058480946259,-0.006294250176882954,0.3311764808250318,-0.012213150196354175
outer,15.996573696593773,298.5219028182334,-0.006116558158495829,0.3271759958641126,-0.012882833910653813
outer,16.184325500675477,298.77306950182253,-0.00603797090421692,0.3273190286787764,-0.011023708313399688
outer,16.219015316891088,298.6895681562812,-0.005873527990445493,0.3234459431748991,-0.011712899605481872
outer,16.25367674921379,298.6058480946259,-0.005715251517727206,0.3196151376246163,-0.012394277980592158
outer,16.288311744581407,298.5219028182334,-0.005562965091472458,0.3158259272412167,-0.013067952020944434
outer,16.47827602193768,298.7730695018226,-0.005486414496376539,0.3150018820206643,-0.011086200774464691
outer,16.512227756957223,298.6895681562812,-0.005346585345856407,0.31134567860398754,-0.011775919215487929
outer,16.546151711996487,298.6058480946259,-0.005211960485281851,0.30772755506942084,-0.012457752403906328
outer,16.58004979256904,298.52190281823334,-0.005082377338691324,0.30414693770994417,-0.013131815245930017
outer,16.772226543199935,298.77306950182253,-0.00500394601164935,0.3025065496354543,-0.011066782288850593
outer,16.80544019702341,298.68956815628127,-0.004885832711300123,0.29906139195334713,-0.011753783643103838
outer,16.838626674779185,298.60584809462586,-0.004772014086182656,0.2956504746212962,-0.01243299201187488
outer,16.87178784055667,298.52190281823334,-0.004662344547363875,0.29227332011009094,-0.013104520224232044
outer,17.06617706446214,298.77306950182253,-0.004579919894362398,0.2899419826584578,-0.010986523820893213
outer,17.098652637089547,298.68956815628127,-0.004480644129777903,0.2867005077066212,-0.011668219242452954
outer,17.131101637561834,298.6058480946259,-0.004384829969355311,0.28348980366174115,-0.012342320037303497
outer,17.163525888544253,298.5219028182334,-0.00429235012220483,0.2803094748053489,-0.013008931959735084
outer,17.360127585724392,298.7730695018226,-0.004205100198792444,0.2773917986286114,-0.010861226240572633
outer,17.391865077155686,298.68956815628127,-0.004121927371312915,0.2743458278712483,-0.01153554153145224
outer,17.423576600344532,298.6058480946259,-0.00404147243783342,0.2713275173677273,-0.012202524900312699
outer,17.45526393653194,298.52190281823334,-0.003963626372656695,0.2683365399768423,-0.012862272401817545
outer,17.654078106986596,298.7730695018226,-0.003871590888642945,0.2649201760995705,-0.010702627597128554
outer,17.68507751722182,298.6895681562812,-0.0038020081128911504,0.26206120413123213,-0.011367893035001186
outer,17.71605156312723,298.6058480946259,-0.0037344932991787635,0.25922711666838316,-0.012026124513811548
outer,17.74700198451952,298.5219028182334,-0.0036689547216700244,0.2564176433861256,-0.012677407369348095
outer,17.9480286282488,298.7730695018226,-0.0035727322420802884,0.2525764611824869,-0.010519371798411517
outer,17.97828995728796,298.6895681562812,-0.0035144903837605254,0.24989597866114963,-0.01117423629725351
outer,18.00852652590988,298.6058480946259,-0.003457758729904767,0.24723790932664055,-0.011822380364972199
outer,18.038740032507103,298.5219028182334,-0.003402461295554507,0.24460202951181292,-0.012463878629427202
outer,18.241979149511057,298.77306950182253,-0.003302975804149462,0.24039873465200823,-0.01031777655940476
outer,18.271502397354094,298.6895681562812,-0.003254104599919705,0.23788843039158777,-0.010961140984273185
outer,18.301001488692577,298.6058480946259,-0.0032062723643477703,0.23539833955176545,-0.011598101214230869
outer,18.33047808049479,298.5219028182334,-0.0031594169955518475,0.2329282765282125,-0.012228721786193983
outer,18.53592967077326,298.77306950182253,-0.0030577489093085997,0.22841654852211532,-0.010102433905482974
outer,18.564714837420283,298.6895681562812,-0.0030165529192554275,0.22606842574716488,-0.010733399324726278
outer,18.593476451475276,298.6058480946259,-0.002976003096059769,0.22373855565405673,-0.011358271489353394
outer,18.62221612848237,298.5219028182334,-0.0029360492562442234,0.2214267835730021,-0.011977105781726095
outer,18.829880192035514,298.77306950182253,-0.0028333177915015537,0.21665300647765706,-0.009876672588932295
outer,18.857927277486418,298.6895681562812,-0.0027983596079205683,0.21445944004478473,-0.010494500068684874
outer,18.885951414257974,298.6058480946259,-0.0027637239420649495,0.21228237410277095,-0.011106535285053003
outer,18.913954176470053,298.5219028182334,-0.002729370600536518,0.21012167909434443,-0.011712825530137548
outer,19.123830713297718,298.77306950182253,-0.0026266560832003405,0.20512633230274968,-0.009642908212991318
outer,19.151139717552557,298.6895681562812,-0.00259673193223469,0.20308008696310076,-0.010246987452220725
outer,19.178426377040623,298.60584809462586,-0.0025668662244950416,0.20104877096502236,-0.010845563053512891
outer,19.20569222445769,298.5219028182334,-0.00253702697043115,0.199032275154784,-0.011438675285319819
outer,19.41778123455992,298.7730695018226,-0.0024353234055008374,0.19385104421970958,-0.009402903399404736
outer,19.44435215761869,298.6895681562812,-0.0024094350678150953,0.1919452685885127,-0.009992728078396677
outer,19.47090133982332,298.60584809462586,-0.002383391422322245,0.19005300802967384,-0.010577324397206912
outer,19.49743027244532,298.5219028182334,-0.002357167081706864,0.18817417002637246,-0.011156726595869006
outer,19.711731755822175,298.77306950182253,-0.002257356989653375,0.18283883007038726,-0.00915795714800257
outer,19.737564597684827,298.6895681562812,-0.002234682851865434,0.1810670367491487,-0.009733105341277921
outer,19.76337630260602,298.6058480946259,-0.002211681443152397,0.17930748030644472,-0.010303286987179826
outer,19.789168320432953,298.5219028182334,-0.002188332600308561,0.17756008184795613,-0.010868531181787648
outer,20.00568227708438,298.7730695018225,-0.0020911775244634445,0.1720991990325926,-0.008909039498483082
outer,20.030777037751015,298.6895681562812,-0.002071044712925761,0.17045523797463608,-0.009469157879360493
outer,20.05585126538872,298.60584809462586,-0.002050446879767888,0.16882235397443968,-0.010024558414606873
outer,20.08090636842059,298.52190281823334,-0.0020293679156781833,0.16720047936316748,-0.010575265824897609
outer,20.299632798346583,298.77306950182253,-0.0019355095356725013,0.16163996907017347,-0.008656884727678678
outer,20.323989477817154,298.6895681562812,-0.0019173683972830077,0.16011799873671798,-0.009201675590048974
outer,20.348326228171366,298.60584809462586,-0.0018986521324129008,0.15860604910140427,-0.009741984780113247
outer,20.37264441640817,298.52190281823334,-0.001879347721811836,0.15710406180112718,-0.010277833298319355
outer,20.593583319608836,298.77306950182253,-0.001789315612747061,0.1514676355346265,-0.008402053908811019
outer,20.61720191788329,298.6895681562812,-0.0017727171305387049,0.15006209468132758,-0.00893126428814646
outer,20.640801190954065,298.60584809462586,-0.001755455505459358,0.14866560909987464,-0.009456217299607973
outer,20.664382464395853,298.52190281823334,-0.0017375200357772277,0.14727812817599367,-0.009976930769464938
outer,20.88753384087104,298.77306950182253,-0.0016517431131773466,0.1415876555414512,-0.00814497541690936
outer,20.910414357949424,298.6895681562812,-0.0016363195320772336,0.1402932370606244,-0.008658387770465174
outer,20.933276153736763,298.60584809462586,-0.00162016227979523,0.13900698879605697,-0.009167755836882719
outer,20.956120512383485,298.52190281823334,-0.0016032623483751077,0.1377288666194176,-0.009673094729203986
outer,21.181484362133244,298.77306950182253,-0.00152208206257156,0.13200467333710486,-0.00788597002810177
outer,21.203626798015563,298.6895681562812,-0.0015075306920017822,0.1308163007067748,-0.008383394079646778
outer,21.22575111651941,298.60584809462586,-0.0014921888370010294,0.1296352846684392,-0.008876976302908214
outer,21.247858560371068,298.5219028182333,-0.0014760486988996957,0.1284615865307328,-0.009366729483856688
outer,21.4754348833955,298.77306950182253,-0.0013997324565401745,0.12272270514703593,-0.007625265712449845
outer,21.49683923808175,298.6895681562812,-0.0013858023962933994,0.12163551152030944,-0.008106531187461977
outer,21.51822607930211,298.60584809462586,-0.001371035717950768,0.12055492462459994,-0.008584147226446362
outer,21.539596608358703,298.52190281823334,-0.001355425450383134,0.11948091033353558,-0.00905812461392732
outer,21.769385404657704,298.77306950182253,-0.0012841795377232061,0.11374529621390707,-0.007363005916647694
outer,21.790051678147886,298.6895681562812,-0.0012706610249487646,0.11275460577218248,-0.007827955990159834
outer,21.81070104208481,298.60584809462586,-0.0012562679962668417,0.1117698293260122,-0.008289439464684058
outer,21.831334656346336,298.52190281823334,-0.0012409940165749277,0.11079093657001361,-0.0087474654116089
outer,22.063335925919958,298.7730695018225,-0.0011749753338669913,0.10507565877981878,-0.007099254089551123
outer,22.08326411821402,298.68956815628115,-0.001161691317596976,0.10417696985009972,-0.007547739419852092
outer,22.10317600486751,298.60584809462586,-0.0011475011826366302,0.10328355345507459,-0.007992931927623435
outer,22.123072704333968,298.52190281823334,-0.0011323988092777418,0.10239538247190959,-0.008434839225211158
outer,22.35728644718216,298.77306950182253,-0.0010717253194216826,0.09671679650739703,-0.006833996356609445
outer,22.37647655828016,298.6895681562812,-0.0010585249130449018,0.09590576583050073,-0.007265869625931929
outer,22.395650967650155,298.60584809462586,-0.0010443915384537386,0.09509941227496302,-0.007694615292504387
outer,22.414810752321603,298.5219028182334,-0.0010293192303718751,0.09429771134556994,-0.00812023973879972
outer,22.651236968444366,298.7730695018225,-0.0009740790493604351,0.08867161841510386,-0.006567143652292561
outer,22.669688998346295,298.6895681562812,-0.00096083249169783,0.08794404600253952,-0.006982254579231014
outer,22.688125930432854,298.6058480946258,-0.0009466296442776564,0.08722059661581279,-0.007394395105080172
outer,22.706548800309236,298.52190281823334,-0.0009314645771703114,0.086501247909085,-0.007803570596996157
outer,22.94518748970662,298.7730695018225,-0.0008817236462594288,0.08094304419170956,-0.006298534130471788
outer,22.962901438412484,298.68956815628115,-0.0008683184864194601,0.0802948582123052,-0.006696724948611066
outer,22.980600893215552,298.60584809462586,-0.0008539362632370116,0.0796502781624443,-0.007092095148507279
outer,22.998286848296868,298.52190281823334,-0.0008385709953746719,0.07900928343563562,-0.00748464928373253
outer,23.239138010968823,298.77306950182253,-0.0007943796173262747,0.07353410126348844,-0.006027936318414367
outer,23.25611387847862,298.68956815628115,-0.0007807178119552359,0.07296134253063147,-0.006409037733983592
outer,23.2730758559982,298.6058480946258,-0.0007660599317242424,0.07239170565685726,-0.006787461568156822
outer,23.290024896284503,298.52190281823334,-0.0007503998906564537,0.07182517141816983,-0.007163211754481074
outer,23.533088532231076,298.7730695018225,-0.0007117980682460473,0.0664480135690794,-0.00575505325970962
outer,23.549326318544757,298.68956815628115,-0.0006977937888953921,0.06594681921112965,-0.006118880891960447
outer,23.5655508187809,298.6058480946258,-0.0006827755561159901,0.065448291993118,-0.006480168000814909
outer,23.581762944272135,298.52190281823334,-0.0006667371476435091,0.06495241377566685,-0.0068389180889177024
outer,23.82703905349328,298.7730695018225,-0.000633759058575413,0.059688281199034146,-0.005479527736690935
outer,23.842538758610893,298.68956815628115,-0.0006193370504025686,0.059254867156826874,-0.005825879076247665
outer,23.858025781563597,298.6058480946258,-0.0006038838335916535,0.058823691499912095,-0.006169821850503129
outer,23.873500992259768,298.5219028182333,-0.0005873930367826206,0.058394736929787784,-0.006511359318936061
outer,24.120989574755537,298.7730695018225,-0.0005600705943523479,0.05325875005713232,-0.005200948543328934
outer,24.13575119867708,298.6895681562812,-0.0005451648920593057,0.05288939216004318,-0.005529600475702168
outer,24.1505007443463,298.6058480946258,-0.0005292109458000793,0.05252186673904402,-0.005855971705276932
outer,24.165239040247403,298.52190281823334,-0.0005122022335281723,0.05215615715064271,-0.00618006542994665
outer,24.41494009601774,298.7730695018225,-0.0004905679151409569,0.04716367038616419,-0.0049188577802017144
outer,24.428963638743166,298.68956815628115,-0.0004751208264711527,0.046854683723095245,-0.005229564723305819
outer,24.442975707128944,298.60584809462586,-0.0004586083547997964,0.046547143630405935,-0.005538115871386147
outer,24.456977088234986,298.5219028182333,-0.0004410238533382009,0.04624103397469667,-0.0058445145374313705
outer,24.708890617279945,298.7730695018225,-0.00042511291142021367,0.04140774258138991,-0.004632759250225981
outer,24.722176078809355,298.6895681562812,-0.0004090742008245121,0.04115545888108207,-0.004925251987096254
outer,24.735450669911643,298.60584809462574,-0.0003919526268247493,0.040904253283249786,-0.005215712174478809
outer,24.748715136222668,298.5219028182333,-0.00037374145262175987,0.04065411007888932,-0.00550414341979519
outer,25.00284113854215,298.7730695018225,-0.0003635933577246942,0.035996148463855994,-0.004342128141753256
outer,25.01538851887549,298.68956815628115,-0.00034691955993454947,0.03579689118965495,-0.004616113472006819
outer,25.02792563269434,298.6058480946258,-0.00032914492302712,0.03559835871675531,-0.004888189307641214
outer,25.04045318421025,298.5219028182333,-0.00031026267701655084,0.035400535722224895,-0.005158359724983358
outer,25.296791659804402,298.7730695018225,-0.00030592194710794135,0.030934565333903898,-0.004046422548809498
outer,25.30860095894163,298.68956815628115,-0.00028857583717665017,0.030784622068770584,-0.004301583944119902
outer,25.32040059547699,298.6058480946258,-0.00027011036895011227,0.03063506350460904,-0.0045549603850277235
outer,25.332191232197886,298.52190281823334,-0.00025051882660528067,0.030485874712581643,-0.004806556586055721
outer,25.590742181066606,298.7730695018225,-0.00025203500128210404,0.02622915864630017,-0.0037450979457230166
outer,25.601813399007764,298.6895681562812,-0.0002339852645501083,0.026124750263357387,-0.0039810975155369025
outer,25.612875558259688,298.60584809462586,-0.00021479719510726636,0.026020398062880097,-0.004215440074446583
outer,25.623929280185518,298.52190281823334,-0.00019446423545996412,0.02591608758584655,-0.004448131145684916
outer,25.88469270232881,298.7730695018225,-0.00020189076662222895,0.021886546946899794,-0.0034376267279204605
outer,25.895025839073902,298.68956815628115,-0.00018311203416678315,0.021823792872713233,-0.003654108993066091
outer,25.905350521042386,298.6058480946258,-0.00016317581891219304,0.021760776828349482,-0.0038690678152797143
outer,25.91566732817315,298.5219028182333,-0.00014207585438606556,0.021697484972272887,-0.004082509692216352
outer,26.178643223591063,298.7730695018225,-0.00015546748181177131,0.017913728578911117,-0.0031235265659641607
outer,26.188238279140087,298.68956815628115,-0.00013594106914150642,0.017888607246416485,-0.0033201248219090636
outer,26.19782548382509,298.6058480946258,-0.00011523839974783047,0.017862915450172996,-0.003515341428840889
outer,26.207405376160786,298.5219028182333,-9.335368533824277e-05,0.01783664018439194,-0.0037091840124184937
outer,26.472593744853267,298.7730695018225,-0.00011276144279279837,0.014317953049545836,-0.00280240396063194
outer,26.481450719206226,298.68956815628115,-9.247735829620487e-05,0.014326256487240927,-0.0029787505118649775
outer,26.490300446607733,298.6058480946258,-7.099959796109164e-05,0.014333690592772227,-0.0031538684988043604
outer,26.499143424148418,298.5219028182333,-4.832309675947659e-05,0.01434024350961331,-0.003327766813681181
outer,26.76654426611552,298.7730695018225,-7.378553999408746e-05,0.01110650921843627,-0.0024740238824421936
outer,26.77466315927236,298.6895681562812,-5.274685233600321e-05,0.011143790561883523,-0.0026297661777413533
outer,26.78277540939043,298.6058480946258,-3.0500074710135792e-05,0.011179914233822285,-0.0027844479251661162
outer,26.79088147213605,298.5219028182333,-7.041174813823305e-06,0.011214869976898606,-0.002938079393413299
outer,27.060494787377724,298.7730695018225,-3.856953432716456e-05,0.008286384669663083,-0.0021384239915647474
outer,27.0678755993385,298.6895681562812,-1.6801156494810916e-05,0.008347897424523514,-0.0022732499170899766
outer,27.07525037217313,298.60584809462586,6.184004467461347e-06,0.00840797699784043,-0.0024072025854513434
outer,27.082619520123686,298.5219028182333,3.0388564364390407e-05,0.008466615366055918,-0.0025402936840325492
outer,27.35444530863998,298.7730695018225,-7.165772709781092e-06,0.0058637214073971496,-0.001796105171252229
outer,27.361088039404635,298.68956815628115,1.5268476716559596e-05,0.005944349984076964,-0.0019097827652743396
outer,27.367725334955832,298.60584809462586,3.8918272085614655e-05,0.00602328733763835,-0.002022798732645512
outer,27.374357568111318,298.5219028182333,6.378438918074828e-05,0.006100528576832468,-0.002135166085945878
outer,27.648395829902185,298.7730695018225,2.033234280177619e-05,0.003842946595433207,-0.0014483531404005827
outer,27.654300479470823,298.68956815628115,4.329872211991789e-05,0.003937130988962978,-0.001540792712692544
outer,27.660200297738477,298.6058480946258,6.746297000435149e-05,0.0040293918154743575,-0.001632812255191699
outer,27.66609561609895,298.5219028182333,9.282329917639689e-05,0.004119728299898662,-0.001724425845220597
outer,27.94234635116439,298.7730695018225,4.37519034955237e-05,0.0022253878373273478,-0.0010977844360785007
outer,27.94751291953696,298.68956815628115,6.698776480790962e-05,0.002327047721204328,-0.0011691361536365944
outer,27.952675260521175,298.6058480946258,9.137491069539407e-05,0.0024265894764034465,-0.001240345724975718
outer,27.957833664086586,298.5219028182333,0.00011690781491693978,0.0025240177074125946,-0.0013114278221406832
outer,28.236296872426642,298.7730695018225,6.272021984504044e-05,0.001007022745643444,-0.0007492919779258045
outer,28.240725359603097,298.68956815628115,8.569812691849052e-05,0.0011094836193231558,-0.0008001063863910345
outer,28.245150223303877,298.6058480946258,0.00010972924634200195,0.0012096902949738982,-0.0008510994346832385
outer,28.249571712074165,298.52190281823334,0.00013480482584723584,0.0013076564548252457,-0.0009022848165289434
outer,28.530247393688846,298.7730695018225,7.610479632632789e-05,0.00017467023963011426,-0.00041177921046319475
outer,28.533937799669232,298.68956815628115,9.774051995390661e-05,0.00027065234854543966,-0.00044327365079524527
outer,28.537625186086522,298.6058480946258,0.00012026203302407463,0.00036435729654241285,-0.00047530782591518087
outer,28.5413097600618,298.5219028182333,0.00014366329901043087,0.0004558145414874919,-0.000507889615111528
outer,28.8241979149511,298.7730695018225,8.037799283972988e-05,-0.00030007088182903416,-0.00010138293058936423
outer,28.827150239735367,298.6895681562812,9.863942279462317e-05,-0.00021808457866887427,-0.00011580081145330457
outer,28.83010014886922,298.6058480946258,0.00011757664054829045,-0.00013817252773918432,-0.00013111947036674733
outer,28.833047808049432,298.52190281823334,0.00013719382746396486,-6.029097093746458e-05,-0.00014733335643497627
outer,29.118148436213303,298.7730695018225,6.791038159612532e-05,-0.0004679502189131918,0.000153478464718491
outer,29.120362679801506,298.68956815628115,7.968943893946225e-05,-0.0004064087737744583,0.0001526169411486867
outer,29.12257511165192,298.60584809462586,9.195767498075408e-05,-0.0003464188021365306,0.00015059520278416956
outer,29.124785856037064,298.5219028182333,0.00010472595919200817,-0.0002879463508579871,0.00014743437891171252
outer,29.412098957475507,298.7730695018225,3.2134385138010474e-05,-0.0004059966528298192,0.00030743395852824123
outer,29.413575119867694,298.6895681562812,3.3601535496353226e-05,-0.0003680445009767501,0.0003154543366562523
outer,29.41505007443462,298.6058480946258,3.538286645797802e-05,-0.0003309138112932475,0.0003222789459769582
outer,29.4165239040247,298.52190281823334,3.7484998084200664e-05,-0.00029460879753672467,0.00032793286322045135
outer,29.70604947873776,298.7730695018225,-5.457820678513481e-06,-0.00021747599813234909,0.0003003958136315231
outer,29.70678755993383,298.6895681562812,-1.8806512914693637e-05,-0.0002010467415311562,0.0003115911847276006
outer,29.707525037217266,298.6058480946258,-3.220646428125134e-05,-0.00018484809785922467,0.0003218401208166928
outer,29.708261952012332,298.5219028182333,-4.564074059131446e-05,-0.00016890842059824276,0.00033115442812360087
outer,29.999999999999964,298.6895681562812,-4.016902501710181e-05,-9.994044763182814e-05,0.0002598070243052131
outer,29.999999999999964,298.7730695018225,-1.821903435384118e-05,-0.00010680835695847258,0.00024850668788027917
outer,29.999999999999964,298.6058480946258,-6.244202017292671e-05,-9.309273142702578e-05,0.0002703598086963081
outer,29.999999999999964,298.52190281823334,-8.500634953273796e-05,-8.629381903150638e-05,0.00028016626793283725
