radius_мм,relative_angle_deg,sigma_rr_mpa,sigma_tt_mpa,radial_displacement_мм
249.99999999999994,-0.15000000000044866,-2.4610871688431013,0.2534004721734871,9.98008646479535
249.99999999999997,-4.579998741307465e-13,-2.4613793292368182,0.25340840291622657,9.999999999999938
249.99999999999997,0.14999999999958355,-2.461087168843032,0.2534004721735297,10.020407275536257
250.36108906245173,-0.14999995116483808,-2.460898726646083,0.25472194037489576,9.916829737462399
250.36108906245173,-4.579998741307465e-13,-2.4611912728480845,0.2547308426608056,9.936736237583206
250.36108906245175,0.1499999511639221,-2.4608987266465205,0.2547219403745186,9.957150535076064
250.72204634796392,0.1499996095284322,-2.460518630933657,0.257272996169625,9.893868406708318
250.72204634796392,-0.1499996095293482,-2.460518630933281,0.2572729961699678,9.853547700927907
250.72204634796392,-4.579998741307465e-13,-2.4608119308825596,0.2572838030733421,9.873447069987197
251.0827407001136,-0.14999868336042518,-2.4601329049210436,0.2596414714650448,9.790267569116125
251.0827407001136,-4.579998741307465e-13,-2.4604269225826614,0.2596541063606059,9.810159678155003
251.08274070011362,0.1499986833595092,-2.4601329049208966,0.2596414714650618,9.830588025937898
251.44304194038367,-0.14999688304546172,-2.459743101119936,0.2618298036313068,9.727016335025054
251.44304194038367,-4.579998741307465e-13,-2.4600377998554497,0.2618441905301074,9.746901022504202
251.44304194038367,0.14999688304454573,-2.459743101120541,0.26182980363062003,9.767336307913547
251.80282077206346,0.14999392213057391,-2.4593507059181117,0.26384057892644336,9.70413995379127
251.80282077206346,-4.579998741307465e-13,-2.459646048508824,0.2638566425442916,9.683697849140852
251.80282077206348,-0.1499939221314899,-2.4593507059175175,0.2638405789271252,9.663820776810637
252.1619503778108,0.14998951832097462,-2.458957136281845,0.26567652617782767,9.64102516013852
252.1619503778108,-0.14998951832183974,-2.458957136282248,0.2656765261777,9.600707166923018
252.1619503778108,-4.579998741307465e-13,-2.4592530849626475,0.2656941919985906,9.620576399085035
252.52030648064007,0.1499833944312725,-2.4585637375577085,0.26734050666297193,9.578017598512664
252.52030648064007,-4.579998741307465e-13,-2.458860254045856,0.2673597010082826,9.557562387705826
252.5203064806401,-0.1499833944321885,-2.458563737558124,0.26734050666294557,9.537701251428041
252.87776655467763,0.14997527932279406,-2.4581717818784816,0.2688355029463826,9.515142545481396
252.87776655467763,-4.579998741307465e-13,-2.458468827412422,0.26885615303548177,9.494681134618274
252.87776655467766,-0.14997527932365917,-2.4581717818786717,0.268835502946711,9.474828379776811
253.23421165164513,-4.579998741307465e-13,-2.4580800014565045,0.27018664528033115,9.431957234349419
253.23421165164513,0.14996490873765236,-2.457782466079298,0.2701646112658328,9.452424553452568
253.23421165164515,-0.14996490873856835,-2.457782466079433,0.2701646112662863,9.412113175410926
253.58952737853593,-4.579998741307465e-13,-2.457694896808603,0.27135437697195924,9.369414376651385
253.58952737853596,0.14995202604889993,-2.4573969111926877,0.27133102982574775,9.389887271123285
253.58952737853596,-0.14995202604976504,-2.4573969111927902,0.27133102982602764,9.349579356010082
253.94360007474253,-0.14993638313418897,-2.457016162030456,0.27233804722818394,9.28725039961666
253.94360007474253,-4.579998741307465e-13,-2.4573145579234694,0.27236263779337255,9.307076012807032
253.94360007474253,0.14993638313327298,-2.4570161620302438,0.27233804722832,9.327554109839209
254.2963244640667,-4.579998741307465e-13,-2.456939952602455,0.2732147986706335,9.244964002809079
254.29632446406674,-0.14991774072293526,-2.456641186705183,0.2731890332608964,9.225148191940358
254.29632446406677,0.14991774072201924,-2.4566411867052036,0.27318903326101523,9.265446890993424
254.64759526118456,-4.579998741307465e-13,-2.4565719731378204,0.27391429878945717,9.183100088139506
254.6475952611846,-0.14989586935165491,-2.456272877776454,0.27388742591786813,9.16329449885179
254.6475952611846,0.1498958693507898,-2.4562728777763603,0.2738874259182675,9.203587318775451
254.9973147744092,-4.579998741307465e-13,-2.4562114365200856,0.2744646354381237,9.12150454900619
254.99731477440923,0.1498705494818741,-2.4559120524545417,0.2744367212448636,9.141995637595908
254.99731477440923,-0.14987054948279008,-2.455912052453726,0.27443672124507273,9.101709623774363
255.3453894236964,-0.1498415720792442,-2.455559454024139,0.2748404623394028,9.040413017402852
255.3453894236964,-4.579998741307465e-13,-2.4558590858652245,0.27486935300395343,9.060196814196244
255.34538942369642,0.1498415720783282,-2.4555594540257326,0.2748404623386153,9.080691241959416
255.69172951189955,-4.579998741307465e-13,-2.4555155930067682,0.2751320307324978,8.999195499000416
255.69172951189955,-0.14980873899592106,-2.455215754445199,0.27510222711385757,8.97942331558403
255.69172951189955,0.14980873899505595,-2.4552157544455646,0.2751022271141912,9.01969271445042
256.03624984220113,-4.579998741307465e-13,-2.4551815595471216,0.27525627352459536,8.938518294805176
256.0362498422012,-0.14977186322709563,-2.454881555390742,0.2752256190997504,8.918758228901545
256.0362498422012,0.1497718632262305,-2.4548815553906125,0.2752256191004124,8.9590177153845
256.3788725183539,-0.14973076876616426,-2.4545573899370847,0.2752142572603208,8.858434048704241
256.3788725183539,-4.579998741307465e-13,-2.454857518537895,0.27524570175289265,8.878181475031464
256.3788725183539,0.14973076876524827,-2.4545573899373743,0.27521425726037285,8.898682488799075
256.7195235034939,-4.579998741307465e-13,-2.454543937785788,0.27510394074259703,8.818200501093273
256.719523503494,-0.14968529104196596,-2.4542437258689023,0.2750717654782714,8.798466252946064
256.71952350349403,0.14968529104104994,-2.4542437258694454,0.27507176547784484,8.838702468410574
257.0581336326452,-0.14963527687267703,-2.453940968828484,0.274801763766768,8.738869328388116
257.0581336326452,-4.579998741307465e-13,-2.4542412230036827,0.2748346119751394,8.758589844561445
257.05813363264525,0.14963527687176104,-2.4539409688282072,0.2748017637668676,8.779092099804101
257.39463784604703,-0.14958058457298312,-2.453649464330193,0.27440785932455275,8.67965690659926
257.39463784604703,-4.579998741307465e-13,-2.4539497198236164,0.2744413241420908,8.699363123184582
257.3946378460471,0.1495805845720671,-2.4536494643295916,0.2744078593247053,8.719864976462816
257.7289790675267,-4.579998741307465e-13,-2.453669716080088,0.27392766324599455,8.64053242002047
257.72897906752684,-0.1495210832060635,-2.4533695000449605,0.27389363663956057,8.620841083277199
257.72897906752684,0.1495210832051475,-2.4533695000440896,0.27389363663972505,8.661033158887967
258.0611045946872,-0.14945665291426716,-2.45310131066519,0.2732626528259403,8.562433056007539
258.0611045946872,0.14945665291335114,-2.4531013106642283,0.2732626528261798,8.602607812446822
258.0611045946872,-4.579998741307465e-13,-2.4534014466735368,0.27329718793055385,8.582108921306396
258.3909610510459,-4.579998741307465e-13,-2.4531450961122894,0.27255342140174305,8.524103806593876
258.39096105104596,-0.1493871858440179,-2.452845080450144,0.2725184295463933,8.504444014178365
258.39096105104596,0.1493871858431528,-2.452845080450798,0.2725184295453553,8.544600097535898
258.7185097289765,-4.579998741307465e-13,-2.452900800578136,0.2716998428728849,8.46652555354662
258.7185097289765,-0.14931258272338505,-2.4526009452931126,0.2716644444597387,8.446882444558304
258.7185097289766,0.14931258272251996,-2.4526009452943685,0.27166444445833365,8.487018474238992
259.0437064042651,-4.579998741307465e-13,-2.452668652512198,0.2707398854932889,8.40938349089294
259.04370640426515,-0.14923275681742112,-2.452368997303806,0.2707041291581573,8.38975768331029
259.04370640426515,0.1492327568165051,-2.4523689973054625,0.27070412915649145,8.429872255404314
259.36651856211023,-0.14914762978041315,-2.4521492869542674,0.2696408601336786,8.333076892146762
259.36651856211023,-4.579998741307465e-13,-2.4524487027531983,0.2696769273155046,8.352684773668244
259.36651856211023,0.14914762977949717,-2.4521492869550854,0.26964086013281013,8.373168581684556
259.68691560852835,-0.14905713346406638,-2.45194182628236,0.2684779545522041,8.276846782736767
259.68691560852835,-4.579998741307465e-13,-2.4522409637413176,0.2685142870651901,8.29643610806106
259.6869156085284,0.14905713346315036,-2.451941826282151,0.26847795455227347,8.316914146430177
260.0048706115035,-4.579998741307465e-13,-2.4520454133277747,0.26725522356716713,8.240643449269802
260.0048706115035,0.14896120917946265,-2.4517465927018325,0.2672186696849316,8.261114893485486
260.0048706115036,-0.14896120918037864,-2.4517465927026274,0.2672186696842745,8.221073314700238
260.32036104622546,-0.14885980706395213,-2.4515635312928343,0.2658661965770897,8.165761569210563
260.32036104622546,-4.579998741307465e-13,-2.4518619970575255,0.26590292941652505,8.18531187500285
260.32036104622546,0.14885980706303611,-2.4515635312925115,0.26586619657742505,8.205775890619757
260.63336868349967,-4.579998741307465e-13,-2.451690630895763,0.2644605264378622,8.130445609730502
260.6333686834997,-0.14875288561155067,-2.45139255752525,0.2644236555146708,8.110915773306727
260.6333686834997,0.14875288561063468,-2.451392557525403,0.2644236555146477,8.150901353715698
260.94387946768126,-4.579998741307465e-13,-2.4515312047212086,0.26293106960919543,8.076048050902706
260.9438794676813,-0.14864041120354088,-2.4512335607555853,0.26289409994899304,8.056539326172807
260.9438794676813,0.1486404112026249,-2.4512335607549716,0.2628940999496333,8.096494672920262
261.2518778257766,-0.14852235980205378,-2.4510864063068714,0.2612805105772665,8.002635799816167
261.2518778257766,-4.579998741307465e-13,-2.4513835844081733,0.2613175411369787,8.022122769964737
261.25187782577666,0.14852235980118866,-2.4510864063079216,0.261280510576187,8.042559413779287
261.5573606234827,-0.148398711193672,-2.4509509374842025,0.2595857881674327,7.949206500893275
261.5573606234827,-4.579998741307465e-13,-2.451247613827371,0.2596228432867516,7.968671073142712
261.55736062348274,0.14839871119275602,-2.4509509374851577,0.25958578816611916,7.989096877515749
261.86031882543926,-0.1482694555263603,-2.45082697867626,0.2578127589945852,7.896253685057806
261.86031882543926,-4.579998741307465e-13,-2.4511231179597193,0.2578498038083588,7.915695217022567
261.86031882543926,0.1482694555254952,-2.4508269786756838,0.25781275899441597,7.9361093171350765
262.1607538683808,-4.579998741307465e-13,-2.4510099049569667,0.25600117338181155,7.863195547887676
262.1607538683809,-0.1481345862694985,-2.450714337425126,0.2559641722853709,7.8437776975527855
262.1607538683809,0.14813458626863338,-2.4507143374246323,0.25596417228502144,7.883597076124739
262.4586637675904,-4.579998741307465e-13,-2.450907768493791,0.2540796306381084,7.811172936027081
262.4586637675904,0.1479941055825559,-2.450612806779766,0.25404270523572914,7.831561023221154
262.45866376759045,-0.14799410558347192,-2.450612806780484,0.2540427052358815,7.791779406533913
262.7540508682784,-4.579998741307465e-13,-2.450816489390008,0.2520877771214809,7.759627424334296
262.75405086827845,-0.14784802060870222,-2.4505221669203885,0.2520509579815818,7.74025885231006
262.75405086827845,0.1478480206077862,-2.4505221669189807,0.252050957982168,7.780001200652518
263.0469224609492,-4.579998741307465e-13,-2.4507358371341184,0.2500281290663511,7.708558126461246
263.04692246094925,-0.1476963424603883,-2.4504421866795236,0.24999144537560772,7.689215145637656
263.04692246094925,0.1476963424595232,-2.4504421866785595,0.2499914453759207,7.72891672216309
263.3372862411449,-0.14753908796880424,-2.4503726259727663,0.24786661237958454,7.638647264126007
263.3372862411449,-4.579998741307465e-13,-2.450665572305163,0.2479031327927106,7.6579640235433155
263.33728624114497,0.14753908796793913,-2.45037262597097,0.2478666123807788,7.678306569886156
263.625149147439,-4.579998741307465e-13,-2.450605447932425,0.24571516348537736,7.607844169395984
263.62514914743906,-0.14737628010478104,-2.450313237152842,0.24567883284770453,7.588554257355162
263.62514914743906,0.14737628010391593,-2.450313237151577,0.24567883284862063,7.628169799576456
263.9105248644104,-4.579998741307465e-13,-2.450555210487008,0.24346650788244958,7.558196387771899
263.91052486441043,0.14720794335925133,-2.450263766012149,0.2434303922167551,7.57850423737229
263.9105248644105,-0.14720794336011644,-2.4502637660113993,0.24343039221745463,7.538933944879989
264.19342898348225,-0.1470341057575327,-2.450223953708902,0.24112350777676836,7.489783763921424
264.19342898348225,-4.579998741307465e-13,-2.4505146018138677,0.24115938454682156,7.509018120413571
264.1934289834823,0.14703410575661668,-2.450223953710019,0.24112350777585065,7.529307328027213
264.47387059019127,-4.579998741307465e-13,-2.4504833602866047,0.23879594601600357,7.460307891535533
264.4738705901913,-0.1468548038924411,-2.450193537921027,0.23876033082092288,7.441102233029502
264.4738705901913,0.14685480389157599,-2.450193537921521,0.23876033082052073,7.480577599928298
264.75187264799274,-4.579998741307465e-13,-2.4504612216519694,0.2363782661852091,7.412061769483178
264.7518726479928,0.146670069746464,-2.4501722536993875,0.23634293403330248,7.432311125315346
264.7518726479928,-0.1466700697473291,-2.4501722537001065,0.23634293403273213,7.392885415847048
265.02744644649954,-4.579998741307465e-13,-2.450447920276326,0.23390835761354226,7.364277807931904
265.0274464464996,-0.146479946692851,-2.450159834712196,0.23387332878541342,7.345131359735081
265.0274464464996,0.14647994669198589,-2.450159834710207,0.2338733287871011,7.384505963207587
265.3006142000731,0.14628447431581879,-2.4501560140311045,0.23135345085576192,7.337158237861153
265.3006142000731,-0.1462844743166839,-2.4501560140331513,0.23135345085397518,7.29783617830839
265.3006142000731,-4.579998741307465e-13,-2.4504431899361965,0.23138815722549758,7.316952126021882
265.5713959008471,-4.579998741307465e-13,-2.4504467647437727,0.22881952954559182,7.270081193425184
265.5713959008471,-0.14608369674329902,-2.4501605250773237,0.22878516364303167,7.250996335167273
265.57139590084716,0.1460836967424339,-2.450160525076929,0.22878516364346674,7.290264424737126
265.8398119372517,-0.14587766068176264,-2.4501731023663864,0.2261702741238929,7.204608191990722
265.8398119372517,-4.579998741307465e-13,-2.4504583799160358,0.2262042826391012,7.223661378137601
265.83981193725174,0.14587766068084662,-2.450173102366783,0.2261702741239007,7.243820898070109
266.10588410148733,-4.579998741307465e-13,-2.4504777724162454,0.2235441587041199,7.177688774814796
266.1058841014874,-0.1456664143716748,-2.4501934821675535,0.2235105234357717,7.158667837025048
266.1058841014874,0.14566641437080968,-2.45019348216803,0.22351052343598204,7.197823759073422
266.3696354972071,-4.579998741307465e-13,-2.450504681535047,0.22084083918089786,7.132159223757592
266.3696354972072,0.14545000728898083,-2.450221403079554,0.22080759199059904,7.152268854878106
266.36963549720724,-0.14545000728984595,-2.4502214030786122,0.22080759199082303,7.113171104101749
266.63108798131134,-4.579998741307465e-13,-2.450538849306884,0.21809595425812936,7.087068754828866
266.63108798131134,-0.14522849199496762,-2.450256606443791,0.21806310897686032,7.0681140162662475
266.6310879813114,0.1452284919941025,-2.4502566064436935,0.21806310897733652,7.107152222657588
266.8902640800386,-0.14500192241800078,-2.4502988371205134,0.21527863191723065,7.0234924568357275
266.8902640800386,-4.579998741307465e-13,-2.450580021271613,0.21531106242627998,7.042413258257356
266.89026408003866,0.14500192241713566,-2.450298837118825,0.21527863191903962,7.062469760225951
267.14719372530294,0.1447703474374044,-2.4503478436762034,0.21245566412029235,7.018216068538154
267.14719372530294,-4.579998741307465e-13,-2.450627946676095,0.21248766792601415,6.998187327918653
267.147193725303,-0.14477034743826953,-2.4503478436770654,0.21245566411918101,6.979301013626195
267.401892812506,-0.14453382990999727,-2.4504033785574477,0.2095956683179888,6.935536669463353
267.401892812506,-4.579998741307465e-13,-2.450682378640182,0.20962723440491127,6.954387954689032
267.40189281250605,0.14453382990913216,-2.4504033785578088,0.20959566831796012,6.97438814731532
267.65439443828706,-4.0711099922733015e-13,-2.4507430751627397,0.2067311476007916,6.911009152364497
267.6543944382871,-0.14429241812692986,-2.450465199105647,0.20670002937467427,6.892193432339322
267.6543944382871,0.14429241812606475,-2.450465199105516,0.2067000293749661,6.930980017531185
267.9047217386784,-0.14404617039275658,-2.4505330669939345,0.20377009682122732,6.84926700719882
267.9047217386784,-4.0711099922733015e-13,-2.4508097985777244,0.20380075789210678,6.868046633104621
267.90472173867846,0.14404617039189146,-2.45053306699285,0.20377009682234523,6.887987399802714
268.1528964309452,-4.0711099922733015e-13,-2.450882315712894,0.20083738315026006,6.825496336625836
268.15289643094525,-0.143795147483959,-2.4506067483908742,0.2008071877076814,6.806753326258082
268.15289643094525,0.14379514748309388,-2.450606748390854,0.20080718770777886,6.845406242683129
268.3989481319465,-4.0711099922733015e-13,-2.450960399068534,0.19784226600741786,6.7833528351074355
268.3989481319465,0.14353940288744169,-2.4506860151631367,0.19781254387397137,6.803231126358167
268.39894813194655,-0.1435394028883068,-2.45068601516361,0.19781254387351707,6.764646955325124
268.6429023546195,-4.0711099922733015e-13,-2.4510438263585375,0.19481660376567037,6.74161139421419
268.64290235461954,-0.14327899453891652,-2.4507706443965476,0.1947873618584393,6.722943153099148
268.64290235461954,0.14327899453805143,-2.4507706443959902,0.1947873618589802,6.7614573250997
268.88478515718185,-4.0711099922733015e-13,-2.4511323803481986,0.1917615602459041,6.700267176537289
268.8847851571819,0.14301398009074615,-2.4508604182292064,0.19173280474847187,6.72008001012421
268.8847851571819,-0.14301398009156036,-2.450860418228308,0.19173280474926535,6.681637075298546
269.1246222897052,-4.0711099922733015e-13,-2.451225848846559,0.1886782666361816,6.659315388951262
269.12462228970526,-0.14274441768662519,-2.450955123852319,0.18865000302022555,6.640723921902709
269.12462228970526,0.14274441768581095,-2.450955123852482,0.18865000302012222,6.679094397039494
269.36243675261613,0.1424703687123786,-2.4510545540561157,0.18554004123279902,6.638496163312839
269.36243675261613,-0.1424703687131928,-2.4510545540558355,0.18554004123292436,6.600199353877299
269.36243675261613,-4.0711099922733015e-13,-2.451324025251781,0.18556780818022264,6.618751699736209
269.5982589555014,-4.0711099922733015e-13,-2.4514267092868387,0.18243120433177046,6.578570507197044
269.5982589555015,0.14219188593646181,-2.451158507976077,0.18240393818772682,6.59827971538879
269.5982589555015,-0.14219188593732693,-2.451158507975859,0.18240393818767475,6.560057763483136
269.83211508406714,-4.0711099922733015e-13,-2.451533705422882,0.1792694583597352,6.538766926413575
269.83211508406714,-0.1419090265615834,-2.4512667894979177,0.17924269652139074,6.520294259152862
269.83211508406714,0.1419090265607183,-2.4512667894983786,0.1792426965212551,6.5584401770763
270.0640254810039,-4.0711099922733015e-13,-2.4516448233011996,0.1760835483067831,6.499337061578163
270.0640254810039,0.1416218547421775,-2.45137920768176,0.17605729366630954,6.518973662217114
270.06402548100397,-0.14162185474299172,-2.4513792076810517,0.1760572936667165,6.480904937482541
270.29402249456473,-4.0711099922733015e-13,-2.4517598788805848,0.17287439140821603,6.460274971880679
270.2940224945648,-0.14133041945262861,-2.4514955779279393,0.1728486462779293,6.441883852240342
270.2940224945648,0.1413304194518144,-2.4514955779280454,0.17284864627804064,6.47987423774301
270.52212740707466,-4.0711099922733015e-13,-2.4518786928790486,0.16964288904659575,6.421576595527036
270.5221274070747,-0.1410347828728317,-2.4516157203968114,0.16961765517818492,6.403226934370922
270.5221274070747,0.14103478287201746,-2.4516157203968674,0.1696176551784478,6.441137851313513
270.74836586371396,-0.1407350012294466,-2.4517394607418828,0.166365187807067,6.364929372125627
270.74836586371396,-4.0711099922733015e-13,-2.4520010914975074,0.16638990919742877,6.3832371271658825
270.74836586371396,0.14073500122863236,-2.451739460742299,0.16636518780729892,6.4027597062937405
270.9727652896358,-0.14043112759819584,-2.4518666306419252,0.1630920613077981,6.326986052560734
270.9727652896358,-4.0711099922733015e-13,-2.452126906940163,0.16311626951654262,6.345251459792588
270.97276528963584,0.14043112759738163,-2.4518666306429755,0.16309206130773948,6.364734704006894
271.19534977848576,-4.0711099922733015e-13,-2.4522559761595666,0.1598227713152464,6.307615051067225
271.19534977848576,0.1401232186963081,-2.4519970665267654,0.15979907650070502,6.327058310927724
271.1953497784858,-0.1401232186971223,-2.4519970665263227,0.1597990765000848,6.289392426904892
271.41614356374606,-4.0711099922733015e-13,-2.452388141015248,0.15651019443163397,6.270323334983671
271.4161435637461,-0.1398113303291342,-2.4521306097388567,0.15648701275099888,6.252143922865062
271.4161435637462,0.13981133032832,-2.452130609740359,0.1564870127506096,6.289725969763193
271.6351709934395,-4.0711099922733015e-13,-2.4525232486589243,0.15317928584522444,6.233371727014868
271.63517099343954,-0.1394955173134069,-2.4522671069300803,0.1531566165887881,6.215235949778016
271.63517099343954,0.1394955173125927,-2.452267106931486,0.15315661658833232,6.252733104585762
271.85245650588035,-4.0711099922733015e-13,-2.452661151469967,0.1498307605771373,6.196755629024325
271.8524565058804,-0.1391758334229932,-2.4524064099886,0.14980860260649864,6.178663903527529
271.8524565058804,0.13917583342217899,-2.4524064099877028,0.14980860260795184,6.216075125733587
272.0680246064571,-4.0711099922733015e-13,-2.452801706987313,0.14646530257613208,6.160470433948536
272.0680246064571,0.1388523313274715,-2.452548375973784,0.14644365434724124,6.17974743448287
272.0680246064571,-0.1388523313283366,-2.4525483759739526,0.14644365434658235,6.142423171231758
272.2818998454277,-4.0711099922733015e-13,-2.4529447774612887,0.1430835736875205,6.124511530255671
272.28189984542774,0.1385250625454665,-2.4526928666715584,0.14306243326299267,6.1437454274970955
272.28189984542774,-0.13852506254628072,-2.452692866672628,0.1430624332615977,6.1065091357062515
272.4941047882329,0.13819408055624954,-2.4528397476806574,0.13966559762374098,6.108064838576859
272.4941047882329,-4.0711099922733015e-13,-2.4530902289573784,0.13968623255394566,6.088874643285674
272.49410478823296,-0.13819408055706378,-2.452839747682929,0.1396655976213519,6.070917516375876
272.7046596600959,-4.0711099922733015e-13,-2.453237932911617,0.13627390010433804,6.053555893505121
272.70465966009596,-0.1378594415989483,-2.452988889986142,0.1362537680036194,6.035644427424001
272.70465966009596,0.1378594415980832,-2.4529888899852654,0.13625376800474107,6.072701797022591
272.91359389475497,-4.0711099922733015e-13,-2.453387765627812,0.13284716409185449,6.018549860981825
272.913593894755,0.1375211860802454,-2.453140169457677,0.132827531826074,6.037650889644158
272.913593894755,-0.13752118608105962,-2.4531401694581776,0.1328275318252132,6.000684444798342
273.12092255500215,0.1371793763779426,-2.4532934659925103,0.1293874663685059,6.002909119038606
273.12092255500215,-4.0711099922733015e-13,-2.453539607431288,0.12940660212023247,5.983853538655819
273.1209225550022,-0.13717937637875682,-2.4532934659943075,0.1293874663664281,5.966034554329182
273.3266762135601,-4.0711099922733015e-13,-2.453693342812663,0.1259527732576435,5.9494613270349035
273.3266762135602,0.1368340483107852,-2.4534486636637016,0.12593413040106538,5.968470891845089
273.3266762135602,-0.13683404831159943,-2.4534486636644592,0.12593413039992107,5.931689153027258
273.53086722349354,-4.0711099922733015e-13,-2.4538488599328443,0.12248622908997481,5.915370677971389
273.53086722349354,-0.13648526689592638,-2.4536056502125914,0.12246807521859657,5.897645685288443
273.53086722349354,0.13648526689511217,-2.4536056502135115,0.12246807521824235,5.934333669936169
273.7335248366798,-4.0711099922733015e-13,-2.4540060526549334,0.11900746891821204,5.881576224378074
273.7335248366798,-0.13613306744530917,-2.4537643191169884,0.11898979985472044,5.863898780593404
273.7335248366798,0.13613306744454584,-2.45376431911607,0.11898979985605009,5.900492092284948
273.9346693111679,-4.0711099922733015e-13,-2.4541648183434766,0.11551697992666189,5.848074107494394
273.93466931116797,-0.13577749915743267,-2.4539245673529093,0.11549979124270836,5.830444574866605
273.93466931116797,0.13577749915661846,-2.4539245673526837,0.11549979124330852,5.866942308040421
274.13431942225253,-4.0711099922733015e-13,-2.4543250565126424,0.11201527210753348,5.8148607196209365
274.13431942225253,0.13541861278911518,-2.4540862940458616,0.11199855912727265,5.8336807176235705
274.1343194222526,-0.13541861278992942,-2.4540862940465136,0.11199855912642494,5.797279454885141
274.33249530808314,-4.0711099922733015e-13,-2.4544866714243003,0.10850281816771354,5.781932230521982
274.33249530808314,-0.1350564555909315,-2.4542494030871613,0.10848657598430282,5.764399585362793
274.3324953080832,0.13505645559011725,-2.4542494030839173,0.10848657598738114,5.800703498448647
274.52921947104585,-4.0711099922733015e-13,-2.4546495719020145,0.10498005402467243,5.749284423107242
274.5292194710459,0.13469106917344237,-2.4544138029386526,0.10496427752806475,5.768006440313991
274.5292194710459,-0.13469106917425658,-2.454413802940552,0.10496427752645676,5.731800744911893
274.72451179986473,0.134322498589841,-2.4545794052620806,0.1014320913300619,5.7355857740085305
274.72451179986473,-4.0711099922733015e-13,-2.4548136699465415,0.10144740745863784,5.716913520819011
274.7245117998648,-0.13432249859060433,-2.454579405262792,0.10143209132990305,5.699479152211578
274.9183921033229,-0.1339507877801264,-2.4547461248713995,0.09789043722040412,5.667431045156922
274.9183921033229,0.13395078777936306,-2.4547461248707694,0.09789043722009201,5.703437749238643
274.9183921033229,-4.0711099922733015e-13,-2.454978880719108,0.09790529848171661,5.684815766170416
275.1108801018788,-4.0711099922733015e-13,-2.4551451221867913,0.0943541430482322,5.6529874224118
275.1108801018789,-0.13357597956006062,-2.454913879395786,0.09433973097630517,5.63565268252588
275.1108801018789,0.13357597955924638,-2.454913879395137,0.09433973097574237,5.67155863629173
275.3019923799605,-0.13319812167048184,-2.45508258947638,0.09078038086750877,5.6041408464509646
275.3019923799605,-4.0711099922733015e-13,-2.4553123153239014,0.09079434959277033,5.621425276807812
275.30199237996055,0.1331981216696676,-2.4550825894768624,0.09078038086587205,5.639945230133034
275.4917493797304,-4.0711099922733015e-13,-2.45548038553644,0.08722628712210563,5.590125484899105
275.49174937973044,0.13281725306412667,-2.4552521802074896,0.08721275574991784,5.608593692808447
275.49174937973044,-0.1328172530649409,-2.4552521802067213,0.08721275575165266,5.572891688507173
275.6801714068265,-0.13243341149280524,-2.4554225805278818,0.08363719360510377,5.541901390555583
275.6801714068265,0.1324334114920419,-2.4554225805275607,0.08363719360461272,5.577500216326208
275.6801714068265,-4.0711099922733015e-13,-2.4556492620581487,0.08365029375232397,5.559084232360318
275.86727777062595,-4.0711099922733015e-13,-2.455818874735381,0.0800667413781965,5.528297876548344
275.867277770626,-0.13204663527573854,-2.455593719977912,0.08005406619397812,5.511166306055408
275.867277770626,0.13204663527492433,-2.455593719977414,0.08005406619379925,5.546661164446541
276.0530790254181,-0.13165697981213337,-2.4557655309246567,0.07646374064122455,5.480684231419134
276.0530790254181,-4.0711099922733015e-13,-2.4559891562421363,0.07647599724666788,5.497764220039793
276.0530790254182,0.13165697981137003,-2.4557655309222444,0.0764637406427779,5.516074348473287
276.23760154618924,-4.0711099922733015e-13,-2.4561600440246734,0.0728783725144676,5.467478470839323
276.2376015461893,0.13126446621303586,-2.4559379505406738,0.07286652800140073,5.485734980456294
276.2376015461893,-0.1312644662137992,-2.455937950543448,0.07286652799958397,5.450450373021667
276.42085704831385,-0.13086914511124817,-2.45611091795057,0.06926274168834962,5.42046234859426
276.42085704831385,0.13086914511043396,-2.4561109179497134,0.06926274168843077,5.455640691736489
276.42085704831385,-4.0711099922733015e-13,-2.456331477477333,0.06927418070044652,5.437438252221826
276.60286682184574,-4.0711099922733015e-13,-2.4565033977585538,0.06566374380266222,5.40763962281633
276.6028668218458,0.13047104545455054,-2.4562843740351896,0.06565270361405975,5.425787546039656
276.6028668218458,-0.13047104545531388,-2.4562843740355733,0.06565270361432231,5.390716214080588
276.7836426187424,-4.0711099922733015e-13,-2.456675749138648,0.06204736189611974,5.378080209936497
276.7836426187425,0.1300702157169372,-2.4564582628044542,0.06203671376930295,5.396173178441311
276.7836426187425,-0.13007021571770053,-2.456458262805196,0.062036713769117346,5.361209591526739
276.9632069906605,-4.0711099922733015e-13,-2.4568484786940115,0.05842531637438422,5.3487558807738464
276.9632069906606,0.12966667928500125,-2.456632531084148,0.05841505348136558,5.366793460449637
276.9632069906606,-0.12966667928576459,-2.456632531084553,0.05841505348133219,5.331938346154314
277.1415711045627,-4.0711099922733015e-13,-2.457021534556691,0.05479790395300644,5.319664369788715
277.14157110456273,0.12926048366951237,-2.456807126754709,0.0547880193946172,5.337646134142753
277.14157110456273,-0.1292604836702757,-2.456807126754308,0.05478801939511651,5.302900207270334
277.31875215289244,-4.0711099922733015e-13,-2.4571948679548927,0.05116540057071537,5.290802432950022
277.3187521528925,0.12885166175664256,-2.456982000803321,0.05115588739244936,5.308727961093881
277.3187521528925,-0.1288516617574059,-2.45698200080237,0.05115588739324226,5.274091927608051
277.49476784547903,-4.0711099922733015e-13,-2.4573684333747154,0.04752804704158438,5.262166749706596
277.4947678454791,0.12844024383743488,-2.4571571074867844,0.047518898249569716,5.2800356259893695
277.4947678454791,-0.12844024383819821,-2.4571571074865526,0.04751889824953283,5.24551018371149
277.66963297410933,0.1280262656925697,-2.4573324021048464,0.04387730650791415,5.251566296325789
277.66963297410933,-3.562221243239139e-13,-2.457542186339288,0.04388609795130044,5.233754481570766
277.6696329741094,-0.12802626569333303,-2.4573324021047056,0.04387730650766759,5.217152133459203
277.84336222808633,-3.562221243239139e-13,-2.4577160839277545,0.04023981121714241,5.205562812696941
277.8433622280864,0.12760976221659942,-2.457507841515805,0.04023137004686786,5.223317162112453
277.8433622280864,-0.12760976221736275,-2.457507841514696,0.04023137004748294,5.1890149574806905
278.0159701917225,-3.562221243239139e-13,-2.457890085334259,0.03658943413343442,5.177588950372361
278.01597019172254,0.12719076741916982,-2.4576833846930475,0.03658133613706094,5.1952854363618455
278.01597019172254,-0.12719076741993315,-2.4576833846923725,0.03658133613731318,5.161095859646509
278.18747134198816,-3.562221243239139e-13,-2.4580641518022603,0.03293520365905566,5.149830125472818
278.1874713419882,0.126769314426852,-2.457858992672307,0.032927441715512214,5.16746835554529
278.1874713419882,-0.12676931442756445,-2.457858992671142,0.03292744171620481,5.133392067523425
278.35788004631075,-3.562221243239139e-13,-2.458238246552056,0.029277346706876844,5.122283592884695
278.3578800463108,-0.126345435486552,-2.458034628468481,0.029269913684066236,5.1059008327956565
278.3578800463108,0.12634543548583957,-2.4580346284699535,0.029269913683060585,5.139863180014923
278.5272105605196,-3.562221243239139e-13,-2.4584123347093376,0.025616080427974648,5.094946631894473
278.5272105605196,0.12591916196576522,-2.4582102570159012,0.025608969184214007,5.112467194393448
278.5272105605197,-0.12591916196647768,-2.4582102570149806,0.025608969184867728,5.078619431653605
278.6954770269317,-3.562221243239139e-13,-2.4585863832491945,0.021951612477360258,5.067816546546917
278.6954770269317,-0.12549052436458613,-2.4583858450962266,0.021944815873734473,5.051545165151195
278.69547702693177,0.1254905243638737,-2.4583858450978244,0.02194481587229065,5.08527770793257
278.8626934725736,0.1250595523101615,-2.4585613613020234,0.018277652173354215,5.058292054841524
278.8626934725736,-0.12505955231087396,-2.4585613613003856,0.018277652174891856,5.024675359532969
278.8626934725736,-3.562221243239139e-13,-2.4587603609405715,0.018284141275226616,5.040890665973126
279.0288738075353,0.12462627457312742,-2.458736775940785,0.014607667558630653,5.031507594586534
279.0288738075353,-3.562221243239139e-13,-2.458934238267877,0.014613856285082605,5.014166344689534
279.0288738075353,-0.12462627457383986,-2.458736775940338,0.014607667559008396,4.998007366532096
279.19403182345155,-3.562221243239139e-13,-2.459107986884986,0.01094094777475061,4.987640962868968
279.19403182345155,-0.12419071906669331,-2.4589120604963743,0.01093505231045202,4.971538563640384
279.1940318234516,0.12419071906598086,-2.4589120604943613,0.010935052312437608,5.004921712162602
279.35817950081565,-3.562221243239139e-13,-2.4592815785377886,0.007265628395211235,4.961312197685533
279.3581795008157,-0.1237529173905605,-2.4590871865294606,0.007260019103647822,4.945266624863511
279.3581795008157,0.12375291738979717,-2.4590871865275905,0.007260019105524277,4.978532090069942
279.52132665207273,0.12331290605836186,-2.4592621281230045,0.0035827588396749707,4.952336763863658
279.52132665207273,-3.562221243239139e-13,-2.4594549874749885,0.0035880890282932658,4.935178078691872
279.5213266520728,-0.1233129060590743,-2.459262128123922,0.0035827588386879517,4.919189575941558
279.6834912509384,-3.562221243239139e-13,-2.4596281909596143,-9.152324719771741e-05,4.909235334298673
279.68349125093846,-0.12287069848730546,-2.45943686239814,-9.658137147168803e-05,4.893304144459942
279.6834912509385,0.12287069848659302,-2.459436862398634,-9.658137166497901e-05,4.926332464735172
279.84468309770403,-3.562221243239139e-13,-2.4598011655659917,-0.0037730288320098,4.883482008511315
279.8446830977041,0.12242632903394653,-2.459611365769291,-0.0037778218963660836,4.9005172423752335
279.8446830977041,-0.12242632903465897,-2.4596113657686183,-0.0037778218962590347,4.86760837087343
280.00491267135254,-3.562221243239139e-13,-2.4599738897205787,-0.0074562552930764895,4.857916040984205
280.0049126713526,0.12197982941284256,-2.4597856165117076,-0.007460790267818425,4.874889041748708
280.0049126713526,-0.12197982941355501,-2.459785616513407,-0.0074607902701195605,4.842100191622474
280.1641967113433,-0.12153121277159241,-2.459959594310988,-0.011145331000737656,4.816776553156674
280.1641967113433,-3.562221243239139e-13,-2.460146343247705,-0.011141047188566603,4.832534378987193
280.16419671134344,0.12153121277087997,-2.4599595943115045,-0.011145331000297255,4.849444812839318
280.32254016992914,-3.562221243239139e-13,-2.4603185066070354,-0.014827236541013089,4.807335854281913
280.3225401699292,0.12108052438378897,-2.460133279476,-0.01483127607182383,4.824183394594615
280.3225401699292,-0.12108052438450141,-2.460133279473128,-0.01483127607026726,4.791636282253242
280.47996146591794,0.12062777039299163,-2.4603066544972485,-0.018518483942345194,4.7991014818306486
280.47996146591794,-3.562221243239139e-13,-2.4604903624169463,-0.018514681862376002,4.782317159966425
280.479961465918,-0.12062777039370408,-2.4603066544944845,-0.01851848394102052,4.766676072077405
280.63646687272677,-3.562221243239139e-13,-2.4606618933631466,-0.022203228372256398,4.757476927123505
280.6364668727268,-0.12017299059603083,-2.460479701920859,-0.022206799780902443,4.741894549421241
280.6364668727268,0.12017299059531839,-2.4604797019247204,-0.022206799783104372,4.774197712037066
280.7920697327006,-3.562221243239139e-13,-2.4608330844272457,-0.025892742668076847,4.732812668558239
280.79206973270067,0.11971620354887322,-2.4606524066139617,-0.02589609013117155,4.749469601452515
280.79206973270067,-0.11971620354958566,-2.4606524066094932,-0.025896090128475303,4.717289225534914
280.9467834400659,-3.562221243239139e-13,-2.461003920663714,-0.029583087611376988,4.7083218963748505
280.94678344006593,-0.11925742642483474,-2.460824753498959,-0.029586217789809036,4.692857611136614
280.946783440066,0.11925742642412229,-2.460824753502186,-0.029586217791493043,4.72491466541068
281.1006122622181,-3.562221243239139e-13,-2.461174386851778,-0.03327409357167182,4.684003572200997
281.10061226221814,0.11879670261416193,-2.460996727233541,-0.033277013078432706,4.70053187242885
281.10061226221814,-0.11879670261487438,-2.460996727231902,-0.033277013077950494,4.668598663079331
281.25357176671895,-3.562221243239139e-13,-2.4613444714658352,-0.036965650400446595,4.659854874882577
281.253571766719,0.11833404099111124,-2.4611683161748763,-0.0369683657729483,4.676318403405795
281.253571766719,-0.11833404099182368,-2.4611683161747946,-0.036968365773649536,4.644509559877007
281.4056726240851,-3.562221243239139e-13,-2.461514163782925,-0.040657659283479405,4.635873764513998
281.4056726240852,0.11786946393360738,-2.4613395095010664,-0.040660176991689494,4.652272222369102
281.4056726240852,-0.11786946393431982,-2.4613395095012742,-0.04066017699244668,4.620588259541746
281.55692456985,-3.562221243239139e-13,-2.46168345173691,-0.04434997488139725,4.612058353941509
281.55692456985,-0.11740299576775393,-2.4615102950327556,-0.04435230133064243,4.596832872579016
281.5569245698501,0.11740299576704148,-2.4615102950314345,-0.04435230132908009,4.628391446362995
281.7073350945776,-3.562221243239139e-13,-2.4618523240045986,-0.04804244858164899,4.588407113714736
281.7073350945776,0.1169346669925767,-2.461680661327341,-0.0480445901047322,4.604674550993617
281.70733509457773,-0.11693466699323825,-2.4616806613278115,-0.048044590105301134,4.5732418663960654
281.85691537702405,-3.562221243239139e-13,-2.462020771685631,-0.05173496808442761,4.564917938720812
281.85691537702405,0.11646449587372135,-2.4618505993834514,-0.05173693093844238,4.581119434482028
281.85691537702405,-0.1164644958743829,-2.461850599382575,-0.05173693093767447,4.549813134304704
282.00567620793356,-0.1159925008776919,-2.462020101386416,-0.05542922807003851,4.526544636699504
282.00567620793356,-3.562221243239139e-13,-2.4621887870555694,-0.055427437704820684,4.5415887909644255
282.00567620793356,0.11599250087697946,-2.4620201013864222,-0.055429228069984536,4.557724062186734
282.1536269865463,-3.562221243239139e-13,-2.462356362438623,-0.0591197490054198,4.518417856291001
282.1536269865463,-0.11551870395118079,-2.46218915956898,-0.059121372986987185,4.503434557360366
282.1536269865463,0.11551870395051922,-2.462189159568914,-0.05912137298681175,4.534486623787351
282.3007770301982,-3.562221243239139e-13,-2.462523490664541,-0.06281179038378482,4.495403338309952
282.3007770301983,0.11504312647097589,-2.462357766665166,-0.0628132540052745,4.511405326639779
282.3007770301983,-0.11504312647168834,-2.4623577666650007,-0.06281325400525935,4.480481097897022
282.4471355742352,-3.562221243239139e-13,-2.4626901653395006,-0.06650345492966193,4.472543458394614
282.4471355742352,-0.11456578925006729,-2.4625259161890414,-0.06650476413177799,4.457682477748342
282.44713557423523,0.11456578924940573,-2.462525916189226,-0.0665047641317767,4.488478395776948
282.59271177196007,-3.562221243239139e-13,-2.462856380825488,-0.07019464031308002,4.449836455674675
282.59271177196007,0.11408671253683296,-2.4626936024174833,-0.07019580095401892,4.465704073902049
282.5927117719601,-0.11408671253749451,-2.462693602417377,-0.07019580095413157,4.435036934173893
282.73751469461075,0.11360591603061082,-2.4628608203572537,-0.07388626652074631,4.443080621374704
282.73751469461075,-3.562221243239139e-13,-2.463022132211533,-0.07388524866628271,4.4272805870215395
282.73751469461075,-0.11360591603127237,-2.462860820355997,-0.07388626651981132,4.412542722238602
282.88155333136854,-3.562221243239139e-13,-2.4631874152895517,-0.07757518647137815,4.404874127026742
282.88155333136854,-0.11312341888088451,-2.4630275657171157,-0.07757606722486095,4.39019811479038
282.8815533313686,0.11312341888022295,-2.463027565717403,-0.0775760672247994,4.420606316190288
283.02483658939514,-0.11263923969461134,-2.4631938339359345,-0.08126509555827173,4.368001402431228
283.02483658939514,-3.053332494204976e-13,-2.4633522255792144,-0.08126434630595779,4.382615367973912
283.02483658939514,0.11263923969394979,-2.463193833935459,-0.08126509555737713,4.398279453952826
283.16737050633367,-3.053332494204976e-13,-2.463516559015569,-0.08495261528858677,4.3605030519665
283.16737050633367,-0.22430736101483245,-2.462888792859966,-0.08495509322022737,4.332443579208673
283.1673705063337,-0.11215340608796241,-2.463359620864025,-0.08495323855333423,4.345951324422047
283.1673705063337,0.11215340608735175,-2.4633596208657726,-0.08495323855447962,4.3760987813463785
283.1673705063337,0.2243073610141709,-2.4628887928601024,-0.08495509321942867,4.392738525074572
283.3091651572955,-3.053332494204976e-13,-2.4636804136974653,-0.08863991628825532,4.338535298615443
283.3091651572956,0.11166593125235187,-2.463524924535702,-0.08864041899088504,4.35406242052652
283.3091651572956,0.22333241841339918,-2.4630584437600924,-0.08864191171758931,4.37062737961774
283.3091651572956,-0.11166593125301343,-2.463524924532105,-0.08864041898798901,4.32404599937235
283.30916515729564,-0.22333241841406073,-2.463058443758672,-0.0886419117170485,4.310594501892219
283.45023001768874,-0.1111768295064842,-2.46368974399549,-0.09232657830067492,4.302283644515551
283.45023001768874,-3.053332494204976e-13,-2.4638437887413582,-0.09232619083625376,4.316710326307476
283.4502300176888,-0.2223542220138428,-2.463227596749222,-0.09232772509517174,4.288888524888137
283.4502300176888,0.11117682950582265,-2.4636897439963152,-0.09232657830102887,4.332168592575106
283.4502300176888,0.22235422201318125,-2.4632275967489634,-0.09232772509443221,4.348658459822593
283.5905736772244,-3.053332494204976e-13,-2.464006682601908,-0.09601135835640948,4.295026495787277
283.5905736772245,-0.11068611737784469,-2.463854077643561,-0.09601163582476403,4.280662619152318
283.5905736772245,-0.22137280487266045,-2.463396250026584,-0.0960124524182232,4.26732400760851
283.5905736772245,0.11068611737718312,-2.463854077641855,-0.09601163582276281,4.310415661235987
283.5905736772245,0.2213728048719989,-2.4633962500238895,-0.09601245241558815,4.326830133987384
283.73020278689216,-0.1101938174621624,-2.4640179227056396,-0.09969547657419968,4.259181585645717
283.73020278689216,0.11019381746150085,-2.4640179227057324,-0.09969547657383017,4.288802294945868
283.73020278689216,-3.053332494204976e-13,-2.46416909259172,-0.0996953039580024,4.273482471645003
283.7302027868922,-0.22038821218054705,-2.463564400575367,-0.09969597841925563,4.24589961180912
283.7302027868922,0.2203882121798855,-2.463564400574667,-0.09969597841885451,4.305141076015041
283.869122705848,0.10969995638948384,-2.4641812783468438,-0.10337800949832135,4.267327364954587
283.869122705848,0.2194004971975955,-2.463732047348776,-0.10337821177214211,4.283590163224348
283.869122705848,-3.053332494204976e-13,-2.4643310179421,-0.103377936678829,4.252077120721373
283.869122705848,-0.1096999563900945,-2.464181278346986,-0.10337800949880742,4.237839408087128
283.869122705848,-0.21940049719825705,-2.46373204735128,-0.1033782117738392,4.224614200492149
284.00734610047397,-0.10920453406510477,-2.4643441459731714,-0.10705919234668573,4.216633832657116
284.007346100474,-3.053332494204976e-13,-2.464492460105313,-0.10705921436467494,4.2308081885343
284.0073461004741,0.10920453406449411,-2.4643441459757383,-0.10705919234893838,4.245988617416733
284.0073461004741,-0.2184096597327181,-2.463899191626739,-0.10705910994321073,4.203465521800485
284.0073461004741,0.2184096597320565,-2.463899191624917,-0.10705910994241079,4.262175143706213
284.1448788916374,-0.10870757357608644,-2.4645065247853823,-0.1107389360655759,4.1955636468944055
284.1448788916374,0.10870757357542489,-2.4645065247897007,-0.1107389360696045,4.224784846077481
284.1448788916374,-3.053332494204976e-13,-2.46465341834878,-0.1107390480569002,4.209674464932655
284.14487889163746,-0.2174157459614112,-2.464065832401537,-0.11073858359106502,4.182452362549183
284.1448788916375,0.21741574596074964,-2.4640658324022,-0.11073858359272519,4.2408948166882645
284.28172538152495,-3.053332494204976e-13,-2.464813893253229,-0.11441735129104966,4.188674990858149
284.281725381525,0.10820910342727233,-2.4646684153015213,-0.11441715410027122,4.203715096532641
284.281725381525,-0.108209103427883,-2.4646684152995815,-0.11441715409844104,4.174627888732597
284.281725381525,0.21641881289305656,-2.464231969994309,-0.11441654588074317,4.219748234066555
284.281725381525,-0.2164188128936672,-2.464231969993873,-0.11441654587913677,4.1615737593100315
284.41789935157186,-3.053332494204976e-13,-2.4649738861910104,-0.11809406418152012,4.167807357180604
284.4178993515719,0.2154188470141134,-2.4643976055864893,-0.11809293652578332,4.198732987232043
284.4178993515719,-0.10770911686311342,-2.4648298188388993,-0.1180937864586281,4.153824150534092
284.4178993515719,-0.21541884701472405,-2.464397605586999,-0.11809293652491198,4.140827307106916
284.4178993515719,0.10770911686245187,-2.4648298188402653,-0.11809378645991836,4.1827769593281765
284.5534005561423,0.10720765781164984,-2.4649907363241255,-0.12176875065375402,4.1619701868515735
284.5534005561423,0.21441593618447868,-2.4645627399069787,-0.12176767276115599,4.177848837213828
284.5534005561423,-0.21441593618514024,-2.46456273990741,-0.12176767276018716,4.120212743351738
284.5534005561423,-3.053332494204976e-13,-2.4651333981459933,-0.12176910432616428,4.1470713094707365
284.5534005561423,-0.1072076578123114,-2.464990736323553,-0.12176875065304538,4.133152172877608
284.6882431979526,0.10670471630670257,-2.465151169848369,-0.12544198310777516,4.1412923151955665
284.6882431979526,-3.053332494204976e-13,-2.465292431258508,-0.12544240825050493,4.126464384611734
284.68824319795266,-0.10670471630731324,-2.465151169849038,-0.12544198310787838,4.1126094945353815
284.68824319795266,-0.21341006046869015,-2.464727374911457,-0.1254406907091868,4.099727609804517
284.68824319795266,0.21341006046802857,-2.464727374911423,-0.1254406907104711,4.157093320412908
284.82242868813,-3.053332494204976e-13,-2.4654509878897617,-0.1291139154243865,4.105986080311743
284.82242868813,0.21240129349984552,-2.4648915127539164,-0.12911192947509642,4.136465947849443
284.82242868813,-0.10620032916596547,-2.4653111217243224,-0.12911342320049457,4.0921956091209175
284.82242868813,0.10620032916535481,-2.465311121722813,-0.1291134231999618,4.120742847870471
284.82242868813006,-0.21240129350045617,-2.4648915127542312,-0.12911192947412745,4.07937139769207
284.9559693158159,0.10569449184338271,-2.4654705940218706,-0.1327829975374289,4.100319625160737
284.9559693158159,-3.053332494204976e-13,-2.46560907016556,-0.13278355255728955,4.085634236894301
284.95596931581593,-0.21138962619193974,-2.4650551553595395,-0.13278131535820817,4.059141950846346
284.95596931581593,-0.10569449184399338,-2.465470594023793,-0.1327829975381753,4.071908358140181
284.95596931581593,0.21138962619132906,-2.465055155360075,-0.13278131535987128,4.115964560912248
285.0888658416496,-0.21037513526397195,-2.4652183055599126,-0.1364487864255741,4.039038864516893
285.0888658416496,-3.053332494204976e-13,-2.4657666811266967,-0.13645125808722944,4.065408456508092
285.08886584164964,0.10518724270137994,-2.465629589733105,-0.1364506444637771,4.0800222552238194
285.08886584164964,0.2103751352633613,-2.465218305559279,-0.1364487864261367,4.095588775473696
285.08886584164964,-0.10518724270199062,-2.465629589734837,-0.13645064446430963,4.0517473394391414
285.22113223364767,-3.053332494204976e-13,-2.4659238238331507,-0.14011697140029078,4.045306334242657
285.22113223364767,0.10467856918353441,-2.465788111882162,-0.14011630326989657,4.059848331966453
285.22113223364767,0.2093577956042671,-2.465380966258802,-0.14011428166482545,4.075336185267256
285.2211322336477,-0.20935779560487774,-2.4653809662611903,-0.14011428166576045,4.019059739187358
285.2211322336477,-0.10467856918414507,-2.465788111883035,-0.14011630326956814,4.03171015029958
285.3527670874375,-0.10416851705690841,-2.4659461629849306,-0.14377989462074756,4.0117967220175235
285.3527670874375,-3.053332494204976e-13,-2.466080500858237,-0.1437806132550259,4.025327806653167
285.3527670874375,0.10416851705629775,-2.4659461629838,-0.14377989462099708,4.0397977989869025
285.35276708743754,-0.20833769874700062,-2.4655431398082714,-0.1437777214692115,3.9992045026789245
285.35276708743754,0.20833769874638997,-2.46554313980489,-0.14377772146748044,4.055206742718284
285.48378321403607,-0.1036570767003495,-2.4661037483363737,-0.1474413867086843,3.9920048370242753
285.48378321403607,0.10365707669973882,-2.466103748334572,-0.14744138670839094,4.019868436130585
285.48378321403607,-3.053332494204976e-13,-2.4662367175344917,-0.14744215194875193,4.0054706543660075
285.4837832140361,0.2073148254499694,-2.4657048314015397,-0.14743907372151815,4.035198227915347
285.4837832140361,-0.20731482545058008,-2.465704831405813,-0.1474390737240721,3.9794709402519373
285.6141865097547,-3.053332494204976e-13,-2.4663924770154377,-0.1511015277193158,3.9857337129147172
285.6141865097547,0.10314426445096761,-2.4662608710502085,-0.1511007196784133,4.000059081808125
285.6141865097547,0.20628920838912357,-2.46586604403745,-0.15109827828603536,4.01530948350894
285.6141865097547,-0.10314426445157827,-2.466260871051774,-0.15110071967867877,3.9723333293389738
285.61418650975475,-0.20628920838968334,-2.465866044040783,-0.15109827828784145,3.9598578857739977
285.74397798033425,-0.10263011555287083,-2.4664175340751058,-0.15475779901488695,3.9527817725353325
285.74397798033425,-3.053332494204976e-13,-2.4665477823025346,-0.1547586461439899,3.966116559804768
285.74397798033425,0.10263011555231105,-2.466417534074253,-0.15475779901495293,3.98036931906655
285.7439779803343,-0.20526091804835378,-2.466026780483697,-0.15475524036475935,3.9403649104971077
285.7439779803343,0.20526091804779398,-2.466026780481555,-0.15475524036386507,3.9955400996973505
285.87316967911795,0.10211462102702254,-2.4665737438927864,-0.15841261050528327,3.9607970576359794
285.87316967911795,-0.1021146210276332,-2.4665737438913897,-0.1584126105034142,3.933348078756463
285.87316967911795,-0.20422993647340335,-2.46618704715317,-0.15840994544130127,3.92098992926485
285.87316967911795,-3.053332494204976e-13,-2.466702639902879,-0.15841349310888242,3.946617105474848
285.873169679118,0.20422993647279267,-2.466187047153704,-0.15840994544270556,3.9758879864982384
286.0017673097557,-3.053332494204976e-13,-2.466857054238329,-0.16206602302932727,3.927234225286515
286.00176730975573,0.10159779625550117,-2.4667295048871205,-0.16206510846485572,3.941341175603183
286.00176730975573,0.20319629442451076,-2.4663468483282474,-0.16206234755130414,3.9563520260398053
286.00176730975573,-0.10159779625606094,-2.466729504885201,-0.16206510846263572,3.9140311219548374
286.00176730975573,-0.2031962944251214,-2.466346848326037,-0.16206234754843973,3.901731815936942
286.1297732637881,-3.053332494204976e-13,-2.4670110284632774,-0.16571613905681506,3.907967296023768
286.12977326378814,-0.10107966954814403,-2.466884820160793,-0.16571519595480208,3.894830275851012
286.12977326378814,-0.20216004852303,-2.466506186946477,-0.16571234947161165,3.882589942653725
286.12977326378814,0.2021600485224193,-2.466506186946056,-0.165712349471971,3.936931605681837
286.12977326378814,0.10107966954758425,-2.4668848201601254,-0.16571519595469433,3.9220010542985806
286.2571950648626,0.20112121310461153,-2.466665068640947,-0.16935990652275504,3.917625336149541
286.2571950648626,-3.053332494204976e-13,-2.4671645683421817,-0.16936379689361608,3.8888149241191474
286.2571950648626,-0.2011212131052222,-2.4666650686410274,-0.16935990652219027,3.8635629162862646
286.2571950648626,-0.1005602480730054,-2.4670396954463847,-0.1693628285829514,3.875744146505348
286.25719506486263,0.10056024807244562,-2.467039695445861,-0.16936282858309845,3.9027753017096236
286.3840401438269,-0.10003953864344406,-2.4671941372232826,-0.17300798724242358,3.85677135876469
286.3840401438269,-3.053332494204976e-13,-2.467317680382545,-0.17300897753291486,3.86977573475187
286.3840401438269,0.2000798017965837,-2.4668234998204954,-0.17300499930933197,3.898431846786682
286.3840401438269,-0.20007980179719434,-2.4668234998181973,-0.1730049993066332,3.8446493625158094
286.38404014382695,0.1000395386428334,-2.467194137224432,-0.17300798724420804,3.883662544514477
286.51031401373194,0.19903584267449137,-2.466981485956407,-0.17664758393665456,3.8793500610918557
286.51031401373194,-3.053332494204976e-13,-2.4674703701795906,-0.17665163745058288,3.850848645136472
286.51031401373194,-0.09951755529756327,-2.4673481510598183,-0.17665062832009928,3.8379108285844414
286.510314013732,-0.19903584267505114,-2.4669814859553534,-0.1766475839351522,3.8258481972940017
286.510314013732,0.09951755529695261,-2.4673481510611657,-0.17665062832214523,3.864661702442057
286.6360221420342,-3.053332494204976e-13,-2.4676226431157375,-0.1802917217226363,3.8320325825116117
286.6360221420343,0.09899431175149237,-2.4675017423012586,-0.18029069679762386,3.8457717051948372
286.6360221420343,-0.19798936317196725,-2.4671390322878466,-0.18028760510429068,3.8071583466535897
286.6360221420343,0.19798936317140747,-2.4671390322877977,-0.18028760510472897,3.860378912471914
286.6360221420343,-0.09899431175205216,-2.46750174230129,-0.18029069679686996,3.8191614819799433
286.7611699020152,-0.19694039049522166,-2.467296143473384,-0.18392499433685758,3.7885787538954863
286.7611699020152,-3.053332494204976e-13,-2.4677745040043697,-0.18392916224442746,3.8133264913771794
286.76116990201524,0.09846982161011762,-2.467654915721365,-0.18392812447488285,3.826991499715483
286.76116990201524,-0.0984698216106774,-2.4676549157226786,-0.18392812447547352,3.800522262237142
286.7611699020153,0.19694039049461098,-2.467296143472964,-0.1839249943369297,3.841517351541145
286.88576063003245,-3.053332494204976e-13,-2.4679259583821316,-0.18756389730127326,3.7947296232041228
286.88576063003245,0.19588896809882464,-2.4674528248931993,-0.1875596895491046,3.8227646382732012
286.88576063003245,-0.09794410660090216,-2.4678076768196493,-0.18756284954695648,3.7819924185723046
286.8857606300325,-0.19588896809938441,-2.4674528248918755,-0.18755968954757737,3.7701086673125497
286.8857606300325,0.0979441066002915,-2.467807676818597,-0.18756284954631922,3.808320341060706
287.0098022282531,0.09741716871868988,-2.4679600326744944,-0.1911948461908761,3.789756802882482
287.0098022282531,0.19483509997699308,-2.467609083561287,-0.19119166463801915,3.804119348161145
287.0098022282531,-2.5444437451708134e-13,-2.468077013354308,-0.19119590116677063,3.7762405508517993
287.00980222825314,-0.19483509997755288,-2.467609083561372,-0.19119166463810863,3.7517466613245647
287.00980222825314,-0.09741716871924966,-2.46796003267515,-0.1911948461915199,3.7635705241006656
287.13329997769915,-2.5444437451708134e-13,-2.468227675709255,-0.1948251461963931,3.7578582423607667
287.1332999776992,0.19377881103026418,-2.4677649261788046,-0.19482089160331242,3.785580454958406
287.1332999776992,-0.0968890204163447,-2.468111990058323,-0.1948240866779606,3.7452555457809282
287.1332999776992,0.09688902041578493,-2.468111990056899,-0.1948240866762075,3.7712998554862307
287.1332999776992,-0.19377881103082398,-2.4677649261818067,-0.19482089160645408,3.733491702991474
287.2562591148509,-2.5444437451708134e-13,-2.4683779518278697,-0.19845158812387206,3.739581675531772
287.2562591148509,0.09635967383915818,-2.468263555313059,-0.19845052664137186,3.752948478889958
287.2562591148509,-0.09635967383971795,-2.4682635553144,-0.19845052664341356,3.7270464603657447
287.25625911485093,0.19272012555349569,-2.467920359002718,-0.19844732580940883,3.7671469420693913
287.25625911485093,-0.19272012555405546,-2.4679203590029926,-0.19844732581030608,3.715342769187124
287.37868483186224,-2.5444437451708134e-13,-2.468527848254,-0.2020751846045673,3.7214098378718545
287.3786848318623,0.09582914083691015,-2.468414734958948,-0.20207412365215016,3.73470166277087
287.3786848318623,-0.09582914083746992,-2.468414734960025,-0.2020741236541418,3.708942254347498
287.3786848318623,-0.19165906724309217,-2.4680753884589217,-0.20207092454723455,3.697298846544897
287.37868483186236,0.1916590672425324,-2.4680753884608504,-0.20207092454828918,3.7488178024969763
287.5005822767801,-2.5444437451708134e-13,-2.468677371692559,-0.20569589517894554,3.703341726539648
287.50058227678016,0.19059565920158508,-2.4682300211555783,-0.20569164700793122,3.7305920387891445
287.50058227678016,-0.09529743296162967,-2.468565535677769,-0.2056948371654803,3.690941923903203
287.50058227678016,-0.19059565920214488,-2.4682300211559522,-0.20569164700895803,3.6793589314022497
287.50058227678016,0.09529743296112078,-2.4685655356759177,-0.20569483716288545,3.716558406411233
287.621956553767,0.09476456147166608,-2.468715964293463,-0.20931262846585508,3.698517718643326
287.621956553767,-2.5444437451708134e-13,-2.4688265289983216,-0.20931368122741895,3.6853763482897106
287.621956553767,-0.18952992395076204,-2.468384263841922,-0.2093094542187839,3.6615220297445124
287.621956553767,-0.09476456147217498,-2.4687159642949705,-0.20931262846797064,3.6730444748384063
287.62195655376706,0.18952992395025314,-2.4683842638402487,-0.2093094542166541,3.712468662984542
287.74281272332763,0.09423053733978039,-2.468866027786719,-0.2129274606552549,3.680578617793347
287.74281272332763,-2.5444437451708134e-13,-2.468975327173263,-0.21292850593353016,3.667512719415945
287.74281272332763,0.18846188343075074,-2.4685381234136057,-0.21292430900427964,3.694446696557357
287.74281272332763,-0.09423053734034016,-2.468866027785573,-0.21292746065488705,3.655248922530188
287.7428127233277,-0.1884618834313105,-2.4685381234144983,-0.21292430900559925,3.643787157147693
287.86315580253836,-0.18739155901584556,-2.468691606919972,-0.2165361759692363,3.6261533387205747
287.86315580253836,-2.5444437451708134e-13,-2.469123773357167,-0.216540334241772,3.649749865694226
287.8631558025384,0.18739155901533666,-2.4686916069184495,-0.21653617596734342,3.676525170361256
287.8631558025384,0.09369537125166942,-2.469015733268433,-0.21653929858630422,3.662740131624778
287.8631558025384,-0.0936953712522292,-2.469015733267931,-0.21653929858640605,3.637554291869538
287.98299076528025,-2.5444437451708134e-13,-2.4692718740618593,-0.220149118292438,3.632086822324253
287.98299076528025,0.18631897151333698,-2.4688447207545767,-0.22014500690021138,3.658703124572594
287.98299076528025,-0.09315907361258143,-2.4691650872250026,-0.2201480943156304,3.619959617202669
287.98299076528025,-0.18631897151384588,-2.4688447207540274,-0.22014500690019675,3.6086196090458333
287.9829907652803,0.09315907361207254,-2.4691650872238604,-0.22014809431416615,3.6450012972806882
288.102320633383,-2.5444437451708134e-13,-2.4694196358741904,-0.22375480493904054,3.6145229146694846
288.102320633383,0.09262166317262414,-2.469314096212639,-0.2237537946110553,3.627361443243107
288.102320633383,-0.09262166317313304,-2.469314096212582,-0.22375379461143338,3.6024642219710414
288.10232063338304,0.18524415842776606,-2.468997471385921,-0.22375074831826244,3.640979891988539
288.10232063338304,-0.18524415842832584,-2.4689974713850464,-0.2237507483178818,3.591185290839707
288.2211512845019,0.09208314544972918,-2.4694627680849,-0.22735637351399923,3.6098194781128714
288.2211512845019,-0.09208314545023806,-2.4694627680851013,-0.2273563735147094,3.585067013292693
288.2211512845019,-2.5444437451708134e-13,-2.469567066666791,-0.2273573683060291,3.5970570500869528
288.22115128450196,-0.18416713079189176,-2.4691498666106617,-0.22735337401036443,3.573849291986098
288.22115128450196,0.18416713079138286,-2.4691498666095444,-0.22735337400906788,3.623354383458637
288.3394880669454,-2.5444437451708134e-13,-2.4697141745824003,-0.2309567948435168,3.5796882174076687
288.3394880669455,-0.18308790332623712,-2.4693019145025725,-0.2309528700866569,3.5566106013813337
288.3394880669455,0.18308790332567734,-2.4693019145010076,-0.23095287008522128,3.6058255918364357
288.3394880669455,-0.09154352780471782,-2.4696111109674983,-0.230955817390136,3.567766979520312
288.3394880669455,0.09154352780420894,-2.4696111109674175,-0.2309558173896424,3.592374392221307
288.4573357897524,-2.5444437451708134e-13,-2.4698609674381244,-0.23455306147431063,3.5624154878610805
288.4573357897524,0.18200649467969193,-2.469453622811018,-0.2345492131492349,3.588392592939547
288.45733578975245,0.09100281956058463,-2.4697591326615798,-0.23455210308163946,3.5750252585715048
288.45733578975245,-0.09100281956109352,-2.4697591326627726,-0.23455210308285632,3.550563191150507
288.4573357897525,-0.1820064946802008,-2.4694536228130115,-0.23454921315069352,3.5394682898301006
288.57469921992674,0.18092292297444607,-2.4696049992669504,-0.23814237760578003,3.57105447162564
288.57469921992674,-0.18092292297495496,-2.4696049992688054,-0.23814237760678136,3.522421437319074
288.57469921992674,-2.5444437451708134e-13,-2.4700074530447362,-0.23814614293352884,3.545237941811255
288.5746992199268,-0.09046102978007846,-2.4699068409569094,-0.23814520524199784,3.533454727844075
288.5746992199268,0.09046102977951868,-2.469906840954281,-0.23814520523971466,3.557771159259832
288.6915830826859,0.08991816726132598,-2.4700542420205656,-0.2417350675126036,3.540611185414588
288.6915830826859,-2.5444437451708134e-13,-2.470153637603852,-0.24173598294888,3.5281546686949783
288.6915830826859,0.17983720581041696,-2.4697560499487423,-0.24173230685207378,3.553810321731962
288.69158308268595,-0.08991816726183487,-2.4700542420223086,-0.24173506751390317,3.5164406783637605
288.69158308268595,-0.17983720581092585,-2.4697560499498925,-0.24173230685231537,3.505469132954391
288.8079878720859,0.17874939954428554,-2.4699067813164195,-0.24531893744496377,3.536659862879803
288.8079878720859,-0.17874939954479444,-2.4699067813168116,-0.24531893744449693,3.4886110812084317
288.8079878720859,-2.5444437451708134e-13,-2.470299527703218,-0.2453225183808711,3.511165378007089
288.80798787208596,0.08937426018449969,-2.470201342415857,-0.2453216266845952,3.523545050955862
288.80798787208596,-0.08937426018495769,-2.4702013424154985,-0.24532162668387766,3.4995207490551294
288.92392133203987,0.08882930256929167,-2.47034815146263,-0.24890488244485837,3.506571408577665
288.92392133203987,-0.08882930256980055,-2.470348151463887,-0.24890488244571513,3.4826935942195707
288.92392133203987,-2.5444437451708134e-13,-2.4704451326789294,-0.24890574900267687,3.4942687228463796
288.9239213320399,-0.1776594922172171,-2.4700572026699903,-0.24890226883784508,3.471845938382999
288.9239213320399,0.1776594922167082,-2.4700572026677237,-0.24890226883661257,3.5196017481562483
289.03938876713386,-2.5444437451708134e-13,-2.4705904616184915,-0.2524856865566285,3.4774637165494835
289.0393887671339,-0.08828329921279258,-2.4704946782482837,-0.2524848464649341,3.465958227018525
289.0393887671339,0.0882832992122837,-2.4704946782458364,-0.2524848464628426,3.4896892727307964
289.0393887671339,0.17656749342064498,-2.4702073230677417,-0.2524823124660137,3.5026349940652297
289.0393887671339,-0.17656749342115388,-2.4702073230699093,-0.2524823124672411,3.4551727184033876
289.1543943464388,0.17547342254429923,-2.4703571481564848,-0.2560590046578248,3.4857587869369984
289.1543943464388,-2.5444437451708134e-13,-2.47073552028743,-0.2560622676780242,3.460749540843179
289.15439434643883,-0.17547342254475723,-2.4703571481585116,-0.2560590046591784,3.4385906023882113
289.1543943464389,-0.0877362598081118,-2.470640928502689,-0.2560614552991355,3.4493138283752875
289.1543943464389,0.08773625980760291,-2.4706409285018367,-0.256061455298426,3.472897826944369
289.26893694172054,-2.5444437451708134e-13,-2.470880315601347,-0.25963542848981924,3.4441261482644117
289.2689369417206,0.17437734902767807,-2.470506684707757,-0.2596322812411876,3.468973091307938
289.2689369417206,-0.17437734902818697,-2.4705066847104367,-0.2596322812434472,3.422099536208065
289.2689369417206,-0.0871882190760162,-2.4707869091082886,-0.25963464499892325,3.432760346826939
289.2689369417206,0.0871882190755582,-2.470786909106957,-0.25963464499767347,3.4561970290884694
289.3830267187461,0.0866391574231185,-2.4709326306481505,-0.26320444320956177,3.4395851919756963
289.3830267187461,-2.5444437451708134e-13,-2.4710248581416865,-0.26320519671362286,3.427591853967766
289.3830267187461,-0.1732792336856354,-2.470655943317702,-0.2632021696403799,3.405697841449639
289.3830267187462,0.1732792336851265,-2.4706559433183037,-0.2632021696409082,3.4522762182314692
289.3830267187462,-0.0866391574235765,-2.4709326306477175,-0.2632044432092633,3.4162961004527617
289.4966679948303,0.17217909198116294,-2.470804930371452,-0.2667686392087043,3.4356673401329334
289.4966679948303,-2.5444437451708134e-13,-2.4711691543784284,-0.26677154200058745,3.4111458263996215
289.4966679948304,0.08608908258259393,-2.4710780995723867,-0.26677081950917925,3.4230614855667705
289.4966679948304,-0.17217909198162093,-2.470804930370844,-0.26676863920837907,3.38938468638131
289.4966679948304,-0.08608908258310281,-2.47107809957147,-0.26677081950846226,3.39992025713502
289.609857873301,-2.5444437451708134e-13,-2.471313210978743,-0.27033439102313445,3.3947882785227206
289.609857873301,-0.08553803709474299,-2.471223322507615,-0.27033370049988625,3.3836330248270143
289.60985787330105,0.17107700899557418,-2.4709536523827342,-0.2703316163443927,3.419146684242249
289.60985787330105,-0.1710770089960322,-2.4709536523820974,-0.27033161634428693,3.373160275363163
289.60985787330105,0.085538037094285,-2.4712233225108102,-0.27033370050263444,3.4066261292500597
289.72260780999534,-2.5444437451708134e-13,-2.4714570379003566,-0.2738937597222414,3.3785173503918533
289.72260780999534,-0.08498599341611483,-2.471368309415695,-0.2738931020533819,3.3674325475129754
289.7226078099954,-0.16997292964430832,-2.4711021193089824,-0.27389111669711824,3.357022756764179
289.7226078099954,0.16997292964379945,-2.471102119311914,-0.2738911166991275,3.40271238412144
289.7226078099954,0.08498599341560595,-2.4713683094205274,-0.2738931020575893,3.390277259606225
289.8349188704318,-2.5444437451708134e-13,-2.471600642176506,-0.2774496237920786,3.3623326869005337
289.8349188704318,-0.16886689903475519,-2.471250338102301,-0.2774471156891114,3.34097177167553
289.8349188704318,0.16886689903429716,-2.471250338105579,-0.27744711569138286,3.3863640929870473
289.83491887043186,0.08443297410101502,-2.471513067311806,-0.2774489997982168,3.3740145251252533
289.83491887043186,-0.08443297410147302,-2.4715130673080363,-0.2774489997949327,3.351318467620146
289.94679323882025,0.1677589510574805,-2.471398317102545,-0.28099958141062015,3.3701013016243415
289.94679323882025,-2.5444437451708134e-13,-2.4717440322316,-0.2810019515883163,3.3462337721870425
289.94679323882025,0.08387899609579512,-2.4716576045900407,-0.2810013620158361,3.3578374127459476
289.94679323882025,-0.1677589510579385,-2.4713983171007237,-0.2809995814096403,3.3250068017725494
289.9467932388203,-0.08387899609625313,-2.471657604587377,-0.28100136201355325,3.3352902675323293
290.05823989508576,-0.16664905137765865,-2.471546063614325,-0.2845484928538146,3.309126362166682
290.05823989508576,-2.5444437451708134e-13,-2.4718872154339673,-0.28455072238924645,3.3302191155897884
290.0582398950858,0.08332404223177009,-2.4718019286079684,-0.2845501679169749,3.3417444297888035
290.0582398950858,-0.08332404223222808,-2.471801928607195,-0.28455016791658494,3.3193464591849327
290.0582398950859,0.16664905137720065,-2.471546063613878,-0.2845484928526847,3.353922515915058
290.16925434459404,-2.5444437451708134e-13,-2.4720301994671425,-0.2880958963664961,3.3142891651999005
290.16925434459404,-0.1655372991032055,-2.4716935852139374,-0.28809380995207456,3.2933308905717915
290.1692543445941,-0.0827681620644245,-2.4719460470222745,-0.28809537761491455,3.3034874847445663
290.1692543445941,0.1655372991027475,-2.4716935852107396,-0.2880938099483215,3.337828200214134
290.1692543445941,0.0827681620639665,-2.471946047022201,-0.2880953776141505,3.3257360317411004
290.2798494853285,-2.5444437451708134e-13,-2.472172992793182,-0.2916374648536979,3.298441874294217
290.27984948532855,-0.08221131789395673,-2.4720899682835102,-0.29163698236932534,3.2877113027005325
290.27984948532855,0.08221131789349874,-2.4720899682837625,-0.29163698236847496,3.309810166958471
290.27984948532855,-0.1644236188374693,-2.4718408903228815,-0.29163552375199375,3.2776183509806787
290.27984948532855,0.16442361883701131,-2.4718408903206313,-0.29163552374907187,3.3218162982473056
290.3900205875882,-2.0355549961366507e-13,-2.4723156033213654,-0.29517540826049093,3.2826777264729365
290.39002058758825,-0.16330811141807883,-2.4719879867629873,-0.29517361443596185,3.2619892163765374
290.39002058758825,0.16330811141762083,-2.471987986762995,-0.2951736144351971,3.305887310103396
290.39002058758825,0.08165356013958827,-2.4722337002792565,-0.29517496253231,3.2939673265515377
290.39002058758825,-0.08165356014004628,-2.4722337002789154,-0.2951749625332076,3.272018390610486
290.4997791546346,-0.08109485694814031,-2.4723772508357147,-0.29870929349956205,3.256406914207218
290.4997791546346,-2.0355549961366507e-13,-2.4724580388858333,-0.298709702040552,3.2669948830074427
290.4997791546346,0.16219071313592845,-2.4721348823243594,-0.29870805719922416,3.2900393892113473
290.49977915463467,0.0810948569476823,-2.472377250835751,-0.2987092934985412,3.2782056676904228
290.49977915463467,-0.16219071313638644,-2.472134882325011,-0.29870805720037624,3.2464416573134405
290.60912096335414,-0.1610715192613022,-2.4722815851433566,-0.3022388366327227,3.230976076049241
290.60912096335414,-2.0355549961366507e-13,-2.4726003077176046,-0.30224033101367986,3.251393756129862
290.60912096335414,0.08053525595256664,-2.4725206281567176,-0.302239960025721,3.2625256097170205
290.60912096335414,0.1610715192608442,-2.472281585141577,-0.30223883663083206,3.2742729634377516
290.60912096335426,-0.08053525595302463,-2.472520628157395,-0.30223996002708425,3.240877280028103
290.71805791886914,-2.0355549961366507e-13,-2.472742417341002,-0.305767270615349,3.235872457677011
290.7180579188692,0.15995045968597113,-2.4724281026866497,-0.30576592790820123,3.2585861358140673
290.7180579188692,-0.15995045968642913,-2.4724281026877986,-0.30576592790930807,3.2155905944602714
290.7180579188692,-0.07997472210122088,-2.472663839753011,-0.30576693748513073,3.225427604775555
290.71805791886925,0.07997472210081377,-2.4726638397540253,-0.30576693748553835,3.24692525991114
290.8265840082344,0.07941331201901927,-2.4728068929987934,-0.3092901919474292,3.231405295019261
290.8265840082344,-2.0355549961366507e-13,-2.472884375155456,-0.3092904869674247,3.2204316560251596
290.8265840082344,0.15882764766383878,-2.4725744422472147,-0.3092892969442752,3.2429795929756353
290.8265840082344,-0.07941331201947727,-2.47280689299646,-0.3092901919457149,3.210058549974452
290.8265840082345,-0.15882764766429677,-2.4725744422464286,-0.3092892969436188,3.2002858687390283
290.934711521706,-2.0355549961366507e-13,-2.473026190127676,-0.31280997869536165,3.205069415471312
290.93471152170605,-0.0788509876112116,-2.4729497968487717,-0.31280972197389506,3.194768185171797
290.93471152170605,0.15770300700199522,-2.4727206127589967,-0.3128089421151074,3.227451389497856
290.93471152170605,0.0788509876108045,-2.472949796849479,-0.31280972197423895,3.215963774347835
290.9347115217061,-0.1577030070024532,-2.4727206127580184,-0.3128089421144262,3.185059973941782
291.04243780490674,-2.0355549961366507e-13,-2.4731678693200707,-0.3163257237542402,3.1897859283828853
291.0424378049068,-0.0782877878174052,-2.473092558347052,-0.3163255054705483,3.1795566981366985
291.0424378049068,0.07828778781694719,-2.473092558347762,-0.3163255054710737,3.200600896133495
291.04243780490685,-0.1565766155820977,-2.472866621196099,-0.31632484117109655,3.1699130945102705
291.04243780490685,0.15657661558163968,-2.472866621197601,-0.31632484117215837,3.2120017307573496
291.149769088862,-0.07772370510273875,-2.4732351865140614,-0.31983753309272606,3.164423021917667
291.149769088862,-2.0355549961366507e-13,-2.4733094217690494,-0.31983771285653917,3.1745801264692033
291.149769088862,0.07772370510228076,-2.473235186514803,-0.31983753309347623,3.1853155913992515
291.14976908886206,0.1554484583324899,-2.4730124765413617,-0.3198369846027114,3.1966295477435955
291.14976908886206,-0.1554484583329479,-2.4730124765405384,-0.3198369846023055,3.154844165484905
291.2567099879545,-2.0355549961366507e-13,-2.473450854186471,-0.32334592580615434,3.159451174427354
291.25670998795454,0.07715873986083774,-2.4733776880486507,-0.3233457845952637,3.170107025271677
291.25670998795454,0.15431853604256007,-2.4731581854352487,-0.32334535199932474,3.1813340067658076
291.25670998795454,-0.07715873986129575,-2.4733776880473646,-0.3233457845938552,3.1493663215353536
291.25670998795454,-0.15431853604301807,-2.4731581854330265,-0.32334535199756076,3.1398523529630253
291.3632580487714,-2.0355549961366507e-13,-2.4735921737207924,-0.3268503145080978,3.1443992378547567
291.36325804877146,-0.07659292966041406,-2.473520070062908,-0.32685021182851015,3.1343867581534113
291.36325804877146,0.15318692384606802,-2.4733037549043044,-0.32684989507116047,3.1661152859810926
291.36325804877146,0.07659292966000696,-2.4735200700632087,-0.3268502118291191,3.1549753690127447
291.36325804877146,-0.15318692384652602,-2.4733037549017136,-0.326849895068817,3.1249378149052625
291.4694228353545,-0.07602624807406075,-2.4736623423377835,-0.330350837720507,3.119482804508761
291.4694228353545,0.07602624807365363,-2.4736623423368744,-0.3303508377200721,3.139919088255906
291.4694228353545,-2.0355549961366507e-13,-2.473733390152676,-0.33035090193964556,3.1294227857399717
291.4694228353546,-0.15205356889160934,-2.473449194715225,-0.3303506365814289,3.110099028189973
291.4694228353546,0.15205356889120222,-2.4734491947148367,-0.33035063658127367,3.15097184806103
291.5752053899094,-0.07545871351418695,-2.473804511061153,-0.3338476365214609,3.1046541343403424
291.5752053899094,-0.15091850800201773,-2.473594510994044,-0.33384755064135346,3.095335665538239
291.5752053899094,0.07545871351377985,-2.473804511059243,-0.33384763652017224,3.1249378616893373
291.5752053899094,-2.0355549961366507e-13,-2.47387450969363,-0.33384766240038743,3.1145214938109707
291.57520538990946,0.1509185080016106,-2.4735945109939017,-0.3338475506415445,3.135903375625123
291.6806057600949,0.07489034970208196,-2.4739465834996133,-0.337340561860007,3.11003150884785
291.6806057600949,-2.0355549961366507e-13,-2.4740155396431023,-0.33734054956811077,3.099695177898438
291.680605760095,-0.22467703149062754,-2.473394909655328,-0.3373406115433426,3.071935828672383
291.680605760095,0.14978178862053323,-2.4737397109197974,-0.33734059074008294,3.1209096929439553
291.680605760095,0.22467703149022042,-2.4733949096565633,-0.3373406115440041,3.132330143311183
291.680605760095,-0.07489034970253995,-2.473946583502091,-0.3373405618617303,3.089900560806409
291.680605760095,-0.14978178862094035,-2.473739710919843,-0.3373405907397553,3.0806475384676135
291.7856316657267,-2.0355549961366507e-13,-2.4741564899653192,-0.3408295965228132,3.084942576434147
291.7856316657267,-0.2229694438672661,-2.4735451821694854,-0.34083000155230486,3.057379990188556
291.7856316657267,0.22296944386680811,-2.473545182167955,-0.34083000155030435,3.11731529902278
291.7856316657267,-0.07432113871575266,-2.4740885696231927,-0.3408296467744256,3.075220824993626
291.7856316657267,-0.1486433749019484,-2.473884804452031,-0.34082978977001305,3.066033391211353
291.7856316657268,0.14864337490154128,-2.473884804449301,-0.3408297897678161,3.105989534615117
291.7856316657268,0.07432113871534556,-2.4740885696225563,-0.3408296467743216,3.0951987660002094
291.89028589286005,0.07375108877441394,-2.4742304752428064,-0.3443148635118097,3.080439070318022
291.89028589286005,-2.0355549961366507e-13,-2.4742973664995636,-0.34431477556040596,3.070263125072698
291.89028589286005,-0.07375108877482105,-2.474230475243163,-0.3443148635118446,3.060614361863751
291.8902858928601,-0.2212593394481361,-2.473695320451645,-0.3443155212943534,3.0428977284720835
291.8902858928601,-0.14750328328672843,-2.4740297973359486,-0.34431511984273655,3.0514926588624505
291.8902858928601,0.14750328328632134,-2.474029797332275,-0.34431511983959906,3.091142340151278
291.8902858928601,0.22125933944767812,-2.473695320450217,-0.34431552129234,3.102373354924478
291.99456599732093,-2.0355549961366507e-13,-2.47443817544172,-0.3477960206931932,3.0556569932572386
291.994565997321,0.14636158710335037,-2.4741746956180286,-0.3477965148016454,3.0763682912083743
291.994565997321,0.21954682822343402,-2.473845330371041,-0.34779710440849915,3.0875045005459842
291.994565997321,0.07318023654375459,-2.4743723065189314,-0.3477961460430108,3.0657525967615245
291.994565997321,-0.07318023654416171,-2.474372306521468,-0.3477961460449268,3.046081336521425
291.994565997321,-0.21954682822384114,-2.473845330369794,-0.34779710440826267,3.028489203486624
291.994565997321,-0.14636158710375746,-2.474174695618758,-0.34779651480202073,3.037025503365752
292.0984800136769,-2.0355549961366507e-13,-2.474578926588862,-0.3512733563266003,3.041122883401933
292.0984800136769,0.07260856120666256,-2.474514073244578,-0.3512735187311322,3.051138045168819
292.0984800136769,0.14521824471942205,-2.474319509084655,-0.3512739988854334,3.061666085491712
292.098480013677,-0.14521824471982914,-2.474319509084303,-0.35127399888477856,3.0226306336177187
292.098480013677,-0.2178318477456912,-2.473995221687432,-0.35127477491543024,3.0141531280343474
292.098480013677,0.2178318477452841,-2.473995221688399,-0.3512747749152337,3.072707431903193
292.098480013677,-0.07260856120706968,-2.474514073247726,-0.3512735187333376,3.0316204544003513
292.2020309032078,0.07203606923213164,-2.47465578385036,-0.3547470076918703,3.0365948332240142
292.20203090320786,-0.14407326907282922,-2.474464246134415,-0.3547475980840553,3.008307465874165
292.20203090320786,-2.0355549961366507e-13,-2.474719628377443,-0.3547468086142588,3.0266602119281023
292.2020309032079,-0.21611441742031146,-2.474145002763145,-0.3547485586076872,2.9998889194680483
292.2020309032079,0.21611441741990434,-2.474145002765285,-0.35474855860859567,3.057981571565673
292.2020309032079,0.14407326907242213,-2.4744642461375195,-0.35474759808716366,3.047035142734922
292.2020309032079,-0.07203606923253875,-2.4746557838482444,-0.3547470076892823,3.017231131445748
292.3052213713195,0.07146276823456238,-2.474797443733573,-0.3582165624611449,3.0221224163231266
292.3052213713195,-2.0355549961366507e-13,-2.4748602862388003,-0.3582163271365696,3.0122684328102047
292.3052213713195,-0.0714627682349695,-2.4747974437312408,-0.35821656245862427,3.002912821006881
292.30522137131953,0.2143945600898858,-2.474294678750911,-0.3582184046898922,3.043326380161304
292.30522137131953,0.14292667539115175,-2.4746089120823247,-0.35821726181891256,3.032474920551964
292.30522137131953,-0.142926675391508,-2.474608912078616,-0.35821726181538893,2.9940554536554016
292.30522137131953,-0.2143945600902929,-2.474294678749853,-0.35821840468989374,2.98569603227524
292.4080503651864,-0.14177852046505093,-2.4747535130626575,-0.36168293713253324,2.9798745701337235
292.4080503651864,-2.0355549961366507e-13,-2.4750009064521556,-0.36168185909622425,2.9979475247541396
292.4080503651864,0.14177852046464381,-2.47475351306214,-0.3616829371319632,3.0179854073803556
292.40805036518645,-0.07088868660913278,-2.474939059138276,-0.36168213020290796,2.988665498498049
292.40805036518645,0.21267236093730196,-2.4744442556318407,-0.36168426003242243,3.0287418525672316
292.40805036518645,-0.21267236093770905,-2.4744442556329296,-0.36168426003444404,2.9715744384355984
292.40805036518645,0.07088868660877655,-2.474939059136008,-0.361682130200951,3.0077207775132018
292.51052410362416,-2.0355549961366507e-13,-2.475141497999352,-0.3651434180294601,2.9836964546290914
292.51052410362416,-0.21094778293398253,-2.474593742309474,-0.3651461378454863,2.9575231122081385
292.5105241036242,0.21094778293357544,-2.474593742308808,-0.3651461378437597,3.0142269530892443
292.5105241036242,0.1406287796068577,-2.47489805802894,-0.365144637422617,3.003565567844108
292.5105241036242,-0.14062877960726483,-2.47489805803136,-0.3651446374250906,2.965763786568815
292.5105241036242,-0.07031381201193197,-2.475080639038649,-0.3651437244187918,2.9744881327155936
292.5105241036242,0.07031381201152487,-2.475080639037814,-0.3651437244179824,2.993388882272641
292.61264572047116,0.06973814889746678,-2.475222191558533,-0.36860136476926136,2.9791261310588912
292.61264572047116,-2.0355549961366507e-13,-2.475282069014001,-0.36860102363060604,2.9695146219223396
292.6126457204712,-0.20922083944263367,-2.4747431468048817,-0.3686040574972909,2.9435414546265086
292.6126457204712,-0.13947746172721412,-2.475042555069518,-0.3686023822448931,2.951722502736243
292.6126457204712,-0.06973814889787389,-2.475222191558952,-0.36860136476982286,2.960380122919501
292.6126457204712,0.1394774617268579,-2.4750425550658877,-0.3686023822412633,2.989214804113654
292.6126457204712,0.20922083944227746,-2.4747431468041428,-0.3686040574954779,2.9997810863533836
292.71441784241006,0.06916170430061523,-2.4753637238209656,-0.3720550379783864,2.964931997027683
292.71441784241006,-2.0355549961366507e-13,-2.4754226266420423,-0.37205466265925713,2.955401498458972
292.71441784241006,0.13832458089246674,-2.4751870112323933,-0.37205615820862714,2.9749325914458344
292.71441784241006,-0.06916170430097146,-2.475363723820711,-0.37205503797844675,2.9463409403747636
292.7144178424101,0.20749155156463264,-2.4748924760725317,-0.3720580054368367,2.9854037304878274
292.71441784241017,-0.20749155156498886,-2.4748924760750244,-0.37205800544026796,2.929628938146577
292.71441784241017,-0.13832458089287386,-2.475187011234417,-0.372056158210836,2.937750190111272
292.8158430774916,-2.0355549961366507e-13,-2.4755631776990206,-0.37550431532366035,2.9413565603052603
292.81584307749165,0.20575993998396622,-2.475041736729192,-0.37550796158451205,2.9710943677778543
292.81584307749165,0.0685844851154459,-2.475505242621956,-0.3755047242246811,2.9508059575540964
292.81584307749165,0.1371701508928391,-2.4753314332577334,-0.37550594540628657,2.96071840928883
292.81584307749165,-0.06858448511585301,-2.4755052426215736,-0.3755047242246967,2.9323700606031275
292.81584307749165,-0.20575993998432246,-2.4750417367316517,-0.37550796158794547,2.915785039493647
292.81584307749165,-0.13717015089324622,-2.4753314332580514,-0.37550594540704885,2.9238463244354613
292.91692363736377,0.06800650026471232,-2.475646753781371,-0.378950386328093,2.9367475467260165
292.9169236373638,0.13601418957312586,-2.4754758268723847,-0.3789517065533638,2.946571794106337
292.9169236373638,-2.0355549961366507e-13,-2.475703728040564,-0.3789499444829254,2.927379339957584
292.9169236373638,-0.13601418957353298,-2.475475826872492,-0.37895170655415966,2.910010437375561
292.9169236373639,0.20402603146747017,-2.475190934361301,-0.3789538884941454,2.9568525378471207
292.9169236373639,-0.2040260314678773,-2.4751909343616303,-0.3789538884957395,2.9020092910960265
292.9169236373639,-0.06800650026511944,-2.475646753782923,-0.37895038632994543,2.9184670152939938
293.0176603632448,-2.0355549961366507e-13,-2.4758442844897988,-0.38239152283360217,2.9134695603569423
293.01766036324483,-0.13485673015846988,-2.475620198800823,-0.38239341423644724,2.8962422491512574
293.01766036324483,0.13485673015811367,-2.4756201988005775,-0.3823934142351975,2.9324924750490955
293.01766036324483,0.20228987585138303,-2.4753400755661388,-0.38239575860826236,2.9426779742590443
293.01766036324483,-0.06742776636129126,-2.4757882641003053,-0.38239199696038634,2.904631525591638
293.01766036324483,-0.20228987585179012,-2.475340075565316,-0.38239575860903696,2.8883014131207423
293.01766036324483,0.06742776636088416,-2.475788264099068,-0.38239199695870923,2.922756490153229
293.11805819824497,0.06684827623076738,-2.475929781762327,-0.3858295678687828,2.9088319451965536
293.11805819824497,-0.0668482762311236,-2.4759297817626766,-0.3858295678698698,2.8908627507850553
293.11805819824497,-2.0355549961366507e-13,-2.4759848552436923,-0.38582906215316287,2.8996263795379904
293.118058198245,0.20055145161658067,-2.4754891684196956,-0.3858335834440782,2.9285698347676448
293.118058198245,0.13369775830136357,-2.475764557189842,-0.38583108011799744,2.9184796093843803
293.118058198245,-0.1336977583017707,-2.475764557189481,-0.3858310801191647,2.8825409208861332
293.118058198245,-0.20055145161693688,-2.4754891684180134,-0.3858335834443737,2.8746605691060063
293.2181196740732,0.06626803622015379,-2.4760713140723576,-0.38926310568344713,2.89497340641271
293.2181196740732,-0.06626803622051002,-2.476071314071324,-0.38926310568346806,2.8771601837251586
293.2181196740732,-2.0355549961366507e-13,-2.4761254476233194,-0.38926256909597645,2.885849290834175
293.21811967407325,-0.19881077780043854,-2.475638220074825,-0.38926736940281886,2.861086253159805
293.21811967407325,0.13253728669461187,-2.4759089092857254,-0.38926471074237445,2.9045326936330476
293.21811967407325,-0.132537286695019,-2.475908909283453,-0.3892647107422919,2.8689059456894044
293.21811967407325,0.19881077780008233,-2.475638220078115,-0.3892673694037441,2.9145276185983877
293.31784730437255,-1.526666247102488e-13,-2.476266068433296,-0.39269203082482884,2.8721377916814017
293.3178473043726,0.0656870525431857,-2.4762128678088695,-0.392692597537301,2.8811803724403964
293.3178473043726,-0.1970678730441622,-2.475787237138081,-0.3926971034131229,2.84757796352034
293.3178473043726,0.19706787304380596,-2.4757872371415686,-0.3926971034142207,2.9005508290007294
293.3178473043726,0.1313753277659396,-2.4760532617995032,-0.3926942931643038,2.890651228371718
293.3178473043726,-0.13137532776629582,-2.4760532617962046,-0.3926942931634335,2.8553368207968792
293.3178473043726,-0.06568705254354192,-2.4762128678064173,-0.3926925975360627,2.863523321380258
293.4172435848289,-0.13021189368313116,-2.4761976213986947,-0.39611981515389544,2.8418330475441915
293.4172435848289,0.06510533128362808,-2.4763544497119203,-0.39611803127663137,2.8674523459738888
293.4172435848289,-1.526666247102488e-13,-2.4764067244371835,-0.39611743521154696,2.858491383591402
293.4172435848289,-0.06510533128398431,-2.476354449708035,-0.39611803127404427,2.8499516648092595
293.41724358482895,-0.19532275559879217,-2.475936226163434,-0.39612277312125765,2.834135202529379
293.41724358482895,0.13021189368277494,-2.476197621401487,-0.3961198151545068,2.8768347182067666
293.41724358482895,0.19532275559843595,-2.4759362261638507,-0.39612277311974614,2.8866389732225506
293.51631099327926,0.1290469963546413,-2.4763419947063583,-0.3995412651734489,2.8630826717482862
293.51631099327926,-1.526666247102488e-13,-2.476547422338246,-0.3995387708074402,2.8449095721251054
293.51631099327926,0.19357544332800292,-2.4760851936457966,-0.3995443668639255,2.8727915624845872
293.51631099327926,-0.06452287839664976,-2.476496066460802,-0.39953939542940403,2.836444719134873
293.51631099327926,-0.12904699635499753,-2.476341994707093,-0.39954126517578925,2.82839413133999
293.5163109932793,0.06452287839629355,-2.4764960664632274,-0.39953939543066347,2.853788833736574
293.5163109932794,-0.19357544332835913,-2.4760851936452,-0.39954436686497347,2.8207574766054773
293.61505198982024,-0.12788064743646504,-2.4764863882869053,-0.4029586323741193,2.8150195816391466
293.61505198982024,0.06393969970851801,-2.4766377247071714,-0.40295667921939415,2.840189346454638
293.61505198982024,-0.06393969970887424,-2.4766377247075146,-0.4029566792206083,2.8230019935168205
293.61505198982024,0.1918259537140567,-2.4762341460350688,-0.4029618736782614,2.8590081119548323
293.61505198982024,-1.526666247102488e-13,-2.4766881688057367,-0.40295602685596615,2.831391866866
293.6150519898203,0.1278806474361597,-2.476486388284122,-0.40295863237016216,2.8493946015840037
293.6150519898203,-0.1918259537144129,-2.476234146033938,-0.4029618736785288,2.8074442962172896
293.713469016916,-0.12671285833010215,-2.476630808656175,-0.40637190656797806,2.80170891191592
293.713469016916,-1.526666247102488e-13,-2.476828970449206,-0.40636919325782966,2.8179377813934816
293.713469016916,0.12671285832974594,-2.476630808655393,-0.4063719065662241,2.835770024253323
293.71346901691606,-0.19007430386029728,-2.4763830897361196,-0.4063752832811074,2.7941951758567742
293.71346901691606,0.06335580092153484,-2.4767794310326625,-0.4063698725253001,2.8266533988305964
293.71346901691606,0.19007430385994104,-2.4763830897363532,-0.40637528328021694,2.845288140722989
293.71346901691606,-0.06335580092189107,-2.4767794310323525,-0.40636987252568657,2.809623001125113
293.81156449950623,0.12554364018856198,-2.4767752622839847,-0.4097810782373851,2.8222084602212303
293.81156449950623,-0.06277118761235759,-2.4769211919779552,-0.40977896588672635,2.7963072591132687
293.81156449950623,-1.526666247102488e-13,-2.476969833834638,-0.4097782605746087,2.8045468332562473
293.81156449950623,-0.1883205104953736,-2.476532031098596,-0.4097845860509823,2.7810096340125856
293.81156449950623,0.18832051049501738,-2.4765320310989765,-0.4097845860503805,2.8316311717748808
293.8115644995063,-0.12554364018886732,-2.476775262286146,-0.40978107823996407,2.78846163963723
293.8115644995063,0.06277118761200136,-2.4769211919767504,-0.4097789658853029,2.813180509517015
293.90934084511366,-1.526666247102488e-13,-2.4771107654756563,-0.41318322000922225,2.791218543945714
293.90934084511366,0.12437300391921333,-2.4769197555915077,-0.4131861385158762,2.8087094338523415
293.90934084511366,-0.12437300391956954,-2.476919755594475,-0.41318613851889113,2.7752772862358315
293.9093408451137,0.1865645899789394,-2.4766809764167026,-0.41318977302105037,2.8180367319669304
293.9093408451137,-0.18656458997924474,-2.476680976416816,-0.4131897730218367,2.7678871931433395
293.9093408451137,0.0621858652332712,-2.477063014033207,-0.41318395048743456,2.7997702010900904
293.9093408451137,-0.06218586523362742,-2.477063014035643,-0.4131839504896423,2.783054288591552
294.00680044395193,-1.526666247102488e-13,-2.4772517718261393,-0.41658406338767273,2.7779524388694012
294.00680044395193,-0.12320096018500569,-2.4770642949380473,-0.41658707916187887,2.7621553770835936
294.006800443952,0.18480655830572432,-2.47682993193257,-0.4165908358693516,2.804504352000579
294.006800443952,0.12320096018464947,-2.47706429493904,-0.4165870791626699,2.7952724733848267
294.006800443952,0.06159983911681911,-2.4772049036328347,-0.4165848181415774,2.7864220000232907
294.006800443952,-0.18480655830608053,-2.4768299319316456,-0.4165908358688303,2.7548273796509246
294.006800443952,-0.061599839117124446,-2.477204903633213,-0.4165848181417328,2.7698636146003266
294.1039456690326,0.06101311447366588,-2.4773468671538756,-0.4199815612780355,2.7731354366610828
294.1039456690326,-1.526666247102488e-13,-2.4773928592959065,-0.4199807831625868,2.76474804732438
294.10394566903267,-0.06101311447397122,-2.4773468671536274,-0.419981561277662,2.756734766083274
294.10394566903267,0.18304643110807822,-2.4769789038269674,-0.41998776689526646,2.79103356639678
294.10394566903267,0.12202751940681023,-2.477208886625124,-0.4199838925544303,2.7818971109045236
294.10394566903267,-0.18304643110843444,-2.476978903826153,-0.4199877668945821,2.741829723853898
294.10394566903267,-0.12202751940716644,-2.4772088866253745,-0.4199838925546438,2.749095441464769
294.20077887627247,0.060425696395752335,-2.4774889109265974,-0.4233741729408894,2.7599100451926053
294.20077887627247,-1.526666247102488e-13,-2.4775340342319643,-0.42337337238534417,2.751604902470742
294.20077887627247,-0.06042569639605767,-2.477488910926562,-0.42337417294080903,2.743667275860812
294.20077887627247,-0.18128422366177271,-2.477127898228946,-0.4233805590210732,2.7288937599608496
294.20077887627247,0.18128422366146738,-2.4771278982282414,-0.42338055902055527,2.7776239134705154
294.2007788762725,0.12085269176957723,-2.477353536910083,-0.4233765716947242,2.768582882318942
294.2007788762725,-0.12085269176988257,-2.477353536911033,-0.423376571695492,2.736097012549332
294.29730240460026,0.05983758985736421,-2.4776310412171667,-0.42676264676218906,2.74674536362544
294.29730240460026,0.11967648722126754,-2.4774982519861237,-0.42676511017578295,2.755329327331323
294.29730240460026,-1.526666247102488e-13,-2.4776753029273046,-0.4267618247032641,2.7385225413051146
294.29730240460026,-0.05983758985766955,-2.4776310412165756,-0.42676264676159875,2.730660680603368
294.2973024046003,0.17951995088808748,-2.4772769212067636,-0.4267692057723455,2.7642749353052394
294.2973024046003,-0.11967648722157287,-2.477498251984857,-0.42676511017455454,2.7231596273662713
294.2973024046004,-0.17951995088844372,-2.4772769212068058,-0.42676920577207705,2.71601902604378
294.3935185760632,-0.17775362736164718,-2.477425978766258,-0.4301537012639304,2.7032050640116974
294.3935185760632,0.17775362736134184,-2.477425978767241,-0.4301537012651778,2.750986177727618
294.3935185760632,-1.526666247102488e-13,-2.477816671621937,-0.43014613434961324,2.725500504634215
294.39351857606323,0.05924879971630263,-2.477773264233397,-0.4301469769564838,2.7336409337593737
294.39351857606323,-0.11849891547794136,-2.4776430379792913,-0.43014950216968245,2.7102828267770214
294.39351857606323,-0.059248799716607965,-2.4777732642334866,-0.4301469769563913,2.7177145208049223
294.3935185760633,0.11849891547763602,-2.4776430379799588,-0.43014950217032394,2.742135989414824
294.48942969593355,-1.526666247102488e-13,-2.4779581464991054,-0.4335262961294811,2.7125383370483966
294.4894296959336,-0.05865933071586873,-2.4779155861374136,-0.4335271583215288,2.7048283407563285
294.4894296959336,0.11731998602436898,-2.4777879009783135,-0.433529742444264,2.7290024157866326
294.4894296959336,-0.1173199860247252,-2.4777879009772574,-0.43352974244310366,2.697466155448854
294.4894296959336,-0.1759852673097599,-2.477575076863102,-0.4335340402033923,2.690451419583919
294.4894296959336,0.058659330715563396,-2.4779155861373736,-0.4335271583218696,2.7205963011602163
294.48942969593367,0.17598526730945457,-2.477575076864648,-0.4335340402050973,2.7377571902818856
294.58503805281447,0.0580691874843039,-2.478058013022059,-0.4369031862077178,2.7076110151336823
294.5850380528145,-0.11613970812034097,-2.4779328469954014,-0.43690582631545605,2.684709161828395
294.5850380528145,0.11613970811998474,-2.4779328469976853,-0.4369058263180114,2.715928157382168
294.5850380528145,0.17421488461989781,-2.4777242213856647,-0.4369102178620033,2.7245875262047186
294.5850380528145,-1.526666247102488e-13,-2.478099733676288,-0.4369023054011817,2.6996355868953246
294.5850380528146,-0.17421488462020315,-2.4777242213838333,-0.43691021785998896,2.6777576422637974
294.5850380528146,-0.05806918748460923,-2.4780580130182623,-0.4369031862037849,2.69200168851894
294.6803459187462,-1.526666247102488e-13,-2.4782414392126437,-0.4402741580726219,2.6867918062536376
294.68034591874624,0.17244249284315766,-2.4778734181519355,-0.44028223006201156,2.711476742399699
294.68034591874624,-0.1149580907986326,-2.478077881986299,-0.44027774965732963,2.6720113981150946
294.68034591874624,-0.172442492843463,-2.4778734181510487,-0.4402822300606532,2.6651232853122178
294.68034591874624,0.11495809079832726,-2.47807788198915,-0.44027774966060285,2.702912768829327
294.68034591874624,0.057478374539573336,-2.4782005509166742,-0.44027505650943244,2.694684628699241
294.68034591874624,-0.05747837453987867,-2.478200550913588,-0.4402750565063371,2.67923411589804
294.775355549311,0.056886896287381396,-2.478343205579719,-0.44364276225022553,2.681816698564201
294.775355549311,-0.11377514287161948,-2.478223011630472,-0.4436455054718503,2.6593724202348263
294.775355549311,-0.056886896287686735,-2.478343205580999,-0.4436427622512617,2.6665251784165283
294.775355549311,-1.526666247102488e-13,-2.4783832688898504,-0.44364184717083427,2.6740065509066677
294.77535554931103,-0.17066810519726314,-2.4780226727049666,-0.4436500697656907,2.6525479057212467
294.77535554931103,0.1706681051969578,-2.4780226727043013,-0.44365006976592203,2.6984243994122217
294.77535554931103,0.11377514287131416,-2.4782230116290633,-0.4436455054712944,2.689955808422753
294.8700688034115,-0.05629475940709647,-2.4784859815689773,-0.44700627673148763,2.653874486051391
294.8700688034115,0.11259087769712238,-2.4783682403763034,-0.44700906702930204,2.6770568898598053
294.8700688034115,-1.526666247102488e-13,-2.4785252272956395,-0.4470053460019463,2.6612794313866814
294.8700688034115,0.056294759406791135,-2.478485981567963,-0.44700627673074494,2.66900683650091
294.8700688034116,0.16889174171813115,-2.4781719893348844,-0.4470137102134686,2.6854301135492045
294.8700688034116,-0.1688917417184365,-2.478171989336792,-0.44701371021399394,2.640031114411533
294.8700688034116,-0.1125908776974277,-2.478368240379505,-0.4470090670314065,2.6467918382940776
294.9644860275699,-0.22282627485057457,-2.478052264674756,-0.45037971874963645,2.621191713160116
294.9644860275699,0.05570197992174236,-2.4786288843943725,-0.4503655787981267,2.6562548595581914
294.9644860275699,0.11140532732332624,-2.4785135736481956,-0.4503684131687643,2.6642158335126407
294.9644860275699,0.22282627485026923,-2.478052264672321,-0.4503797187489008,2.6810885376359748
294.9644860275699,0.1671134504770723,-2.4783213733040816,-0.4503731302187184,2.672493709285797
294.9644860275699,-0.11140532732363158,-2.478513573648499,-0.4503684131681326,2.6342694640503987
294.9644860275699,-1.526666247102488e-13,-2.4786673199807225,-0.4503646334229008,2.648610262198874
294.9644860275699,-0.055701979922047694,-2.478628884393859,-0.4503655787974984,2.6412818515441048
294.96448602756993,-0.16711345047737763,-2.4783213733066654,-0.4503731302193992,2.627572722936353
295.05861145697594,-1.526666247102488e-13,-2.478809553918094,-0.45371972685110173,2.6359983371958102
295.05861145697594,-0.055108549277153654,-2.4787719210114774,-0.45372068586598907,2.6287465701551787
295.05861145697594,0.05510854927684832,-2.4787719210137302,-0.4537206858680144,2.643560060696822
295.05861145697594,-0.16533320580863875,-2.4784708314015407,-0.45372834716379645,2.6151720309201423
295.058611456976,0.1653332058083334,-2.478470831397723,-0.4537283471623169,2.6596144793477516
295.058611456976,0.11021847463930491,-2.4786590183349424,-0.4537235612910246,2.6514319319664903
295.058611456976,0.22045266778233244,-2.478207341419596,-0.45373503288077127,2.6681077539392897
295.058611456976,-0.11021847463961025,-2.4786590183338726,-0.45372356128924823,2.621804594688338
295.05861145697605,-0.2204526677825869,-2.4782073414246697,-0.45373503288361366,2.6088489638274646
295.1524472849189,-1.526666247102488e-13,-2.4789519352133045,-0.45707064260836194,2.623443226256129
295.1524472849189,0.10903032759960019,-2.478804580450457,-0.4570745277082932,2.6387047574648026
295.1524472849189,0.16355101964362542,-2.4786203695145312,-0.4570793773444086,2.646791998132523
295.1524472849189,0.21807647211025172,-2.47836244582609,-0.45708615314001877,2.65518378407169
295.1524472849189,-0.16355101964393076,-2.4786203695172215,-0.45707937734473686,2.6028286095527124
295.1524472849189,-0.10903032759990552,-2.478804580449963,-0.4570745277072516,2.6093968003130286
295.15244728491894,0.054514471449430814,-2.4789150975082905,-0.4570716142594196,2.630922010653924
295.15244728491894,-0.054514471449736146,-2.4789150975057765,-0.4570716142573806,2.616268211552598
295.15244728491894,-0.21807647211055706,-2.478362445829533,-0.45708615314114515,2.596563724252127
295.2459956887331,0.05391975031223498,-2.479058419534027,-0.4604183629864117,2.618340283730073
295.2459956887331,-1.526666247102488e-13,-2.4790944695529697,-0.460417379713211,2.6109445028377483
295.2459956887331,-0.21569770332444793,-2.4785175831289705,-0.4604330785071346,2.5843355709629456
295.2459956887331,-0.16176690360098026,-2.478769993089193,-0.4604262197621098,2.59054203362928
295.2459956887331,-0.05391975031248943,-2.4790584195334473,-0.460418362986139,2.6038463489959147
295.24599568873316,0.2156977033241935,-2.4785175831304684,-0.46043307851057846,2.642316208726569
295.24599568873316,-0.10784089394990594,-2.478950265569455,-0.4604213114301731,2.597045654629784
295.24599568873316,0.10784089394960061,-2.4789502655666844,-0.46042131142815135,2.6260338857949983
295.2459956887332,0.16176690360072582,-2.4787699930883367,-0.46042621976339243,2.6340258435585118
295.33925882990223,0.05332438963454892,-2.479201892642175,-0.46376093081035424,2.605814457763496
295.33925882990223,-1.526666247102488e-13,-2.4792371625115233,-0.4637599369231798,2.59850174395191
295.33925882990223,-0.21331637650105562,-2.478672758444309,-0.4637758077237759,2.572164084069817
295.33925882990223,-0.10665018122828944,-2.479096079150302,-0.46376391120886173,2.584750734918131
295.33925882990223,-0.05332438963480336,-2.47920189264116,-0.4637609308094703,2.5914805593101145
295.33925882990223,0.15998086898734615,-2.4789197074324845,-0.4637688731624669,2.621315597040209
295.3392588299023,0.1066501812279841,-2.4790960791491727,-0.46376391120852395,2.6134188962631195
295.3392588299023,-0.1599808689876515,-2.4789197074335063,-0.46376887316153637,2.5783118815243715
295.3392588299023,0.21331637650075028,-2.4786727584442194,-0.4637758077256146,2.629504612067281
295.43223877332383,0.21093250838536434,-2.478827974372931,-0.4671143043419982,2.616748592786018
295.43223877332383,-1.526666247102488e-13,-2.4793800173053144,-0.4670982778318059,2.5861145408993966
295.43223877332383,-0.2109325083856188,-2.4788279743742656,-0.46711430434151613,2.5600488577629252
295.4322387733239,0.05272839360294947,-2.479345520010005,-0.4670992813214919,2.5933441249390063
295.4322387733239,0.1054581978077517,-2.479242024260705,-0.46710229063280084,2.600859382580633
295.4322387733239,-0.10545819780800615,-2.479242024259776,-0.4671022906309869,2.5725116326387085
295.4322387733239,-0.05272839360320391,-2.4793455200087284,-0.46709928132015793,2.5791704335546375
295.4322387733239,-0.15819292836316606,-2.4790695154215245,-0.4671073011144812,2.566137745742321
295.4322387733239,0.15819292836286075,-2.4790695154209383,-0.4671073011156072,2.608660854458221
295.52493381534805,0.052131790515315066,-2.47948930631081,-0.47043337871596547,2.580929383150621
295.52493381534805,-1.526666247102488e-13,-2.4795230386498948,-0.47043236663607,2.5737829873299782
295.52493381534805,-0.05213179051556951,-2.47948930630986,-0.4704333787147159,2.56691606201686
295.5249338153481,0.20854621216384994,-2.4789832350507575,-0.47044853262978786,2.604048266799506
295.5249338153481,0.15640316661851314,-2.479219421440036,-0.47044146785902335,2.5960617248402635
295.5249338153481,-0.10426500028445675,-2.4793881054628453,-0.47043641390717056,2.5603284355983824
295.5249338153481,-0.2085462121641044,-2.478983235049623,-0.470448532627312,2.547989977533417
295.52493381534816,0.10426500028420231,-2.4793881054628466,-0.4704364139083025,2.5883554477676047
295.52493381534816,-0.15640316661881848,-2.4792194214396877,-0.4704414678572,2.5540197124912964
295.6173497710729,-0.15461152319145335,-2.479369432889764,-0.47377140652005284,2.5419568856968673
295.6173497710729,-1.526666247102488e-13,-2.47966623411458,-0.4737622364452653,2.5615061772785555
295.6173497710729,0.10307054828108478,-2.4795343302514334,-0.4737663141546898,2.575906181210626
295.61734977107295,-0.10307054828133923,-2.4795343302518265,-0.47376631415393167,2.5482002440369604
295.61734977107295,-0.05153456018357105,-2.4796332590954946,-0.473763256105168,2.554716541639619
295.61734977107295,-0.2061574070874197,-2.4791385477535757,-0.4737785257385965,2.535986551381144
295.61734977107295,0.20615740708716526,-2.4791385477550785,-0.4737785257411413,2.5914027204027597
295.61734977107295,0.15461152319119892,-2.4793694328906324,-0.4737714065222459,2.583517295832557
295.61734977107295,0.051534560183316605,-2.4796332590962424,-0.47376325610634146,2.5685693239144514
295.7094887419818,-1.526666247102488e-13,-2.4798096096729814,-0.4770879214006664,2.549283701278601
295.70948874198183,0.2037661066333815,-2.4792939180837967,-0.4771043178575244,2.578811550959061
295.70948874198183,0.1528180081896877,-2.4795195555413065,-0.4770971512748532,2.5710271621501857
295.70948874198183,-0.05093670597696804,-2.479777384323079,-0.4770889476420549,2.542571462817162
295.70948874198183,0.10187484853771461,-2.479680704515844,-0.47709202553221025,2.563511175603604
295.70948874198183,0.0509367059767136,-2.4797773843227486,-0.47708894764223103,2.5562635385305708
295.70948874198183,-0.20376610663363592,-2.4792939180833757,-0.4771043178561993,2.524038173045621
295.70948874198183,-0.10187484853801994,-2.4796807045176985,-0.4770920255329091,2.536126648836737
295.70948874198183,-0.15281800818994215,-2.4795195555405667,-0.477097151272905,2.529948857356434
295.8013528142011,0.050338231167915144,-2.4799216855386104,-0.48041042962357194,2.5440116217141333
295.8013528142011,-1.0177774980683254e-13,-2.4799531689131045,-0.4804093978028449,2.537115153293305
295.8013528142011,-0.050338231168169593,-2.4799216855399733,-0.4804104296242352,2.530480419384987
295.8013528142011,-0.20137232389193144,-2.4794493490383047,-0.48042588531364666,2.5121444397241874
295.80135281420115,0.10067790759906266,-2.4798272316930707,-0.48041352434597834,2.5511700270380344
295.80135281420115,0.15102263143100325,-2.4796697926469573,-0.48041867843376657,2.5585909218851066
295.80135281420115,-0.10067790759931709,-2.4798272316960985,-0.48041352434776236,2.524107244329763
295.80135281420115,-0.1510226314312577,-2.479669792649019,-0.48041867843464414,2.5179952229227616
295.8013528142012,0.201372323891677,-2.479449349035857,-0.4804258853120341,2.566274359184976
295.89294128361973,0.14922545700454373,-2.479820147166658,-0.48373594418756166,2.5462085514003903
295.89294128361973,0.04973915712063071,-2.4800661660300674,-0.48372765819249847,2.531813540897377
295.89294128361973,-1.0177774980683254e-13,-2.480096915165905,-0.4837266217917883,2.5250004974849865
295.89294128361973,0.1989761443125641,-2.4796048432905744,-0.48374318434032304,2.5537911271042404
295.89294128361973,-0.049739157120885155,-2.4800661660320413,-0.48372765819357283,2.518443373032631
295.89294128361973,-0.0994797681922934,-2.4799739149460955,-0.48373076675388527,2.5121419905299
295.89294128361973,0.09947976819198807,-2.4799739149437783,-0.4837307667527529,2.538882707013108
295.8929412836198,-0.19897614431281854,-2.4796048432920976,-0.48374318434140673,2.50030531047028
295.8929412836198,-0.14922545700479817,-2.4798201471692094,-0.48373594418922455,2.5060959415310444
295.9842566881428,-1.0177774980683254e-13,-2.480240854733487,-0.4870395986938713,2.5129392693786143
295.9842566881428,-0.04913948396116649,-2.4802108320774208,-0.48704063868740743,2.5064598595607355
295.98425668814286,0.04913948396091204,-2.4802108320761715,-0.4870406386869153,2.5196688319148253
295.98425668814286,-0.19657756840075868,-2.4797604067358816,-0.4870562204167396,2.488520325421762
295.98425668814286,-0.09828043056915411,-2.480120760474367,-0.48704375812188877,2.5002304240985516
295.98425668814286,0.09828043056889968,-2.4801207604724858,-0.4870437581209501,2.526648752258154
295.98425668814286,0.19657756840050425,-2.4797604067362,-0.48705622041711216,2.5413613949911484
295.9842566881429,0.14742648528861702,-2.479970625176298,-0.487048953951932,2.533879588905308
295.9842566881429,-0.14742648528887148,-2.479970625177086,-0.4870489539522963,2.4942505512885096
296.07530315865944,-0.09707987344766286,-2.4802677749700788,-0.4903525434895603,2.4883718761682725
296.07530315865944,-1.0177774980683254e-13,-2.480384994387684,-0.49034837352007776,2.5009307962817737
296.07530315865944,0.09707987344740843,-2.4802677749690307,-0.49035254348893426,2.51446748818503
296.0753031586595,-0.1456256843607337,-2.4801212332551987,-0.4903577527923331,2.4824583859633282
296.0753031586595,-0.1941765535929584,-2.4799160458045657,-0.4903650386531217,2.4767888214643077
296.0753031586595,0.14562568436047926,-2.480121233254584,-0.490357752791848,2.52160335958741
296.0753031586595,0.19417655359270397,-2.4799160458039595,-0.4903650386525036,2.528984488291174
296.0753031586595,0.04853920104764095,-2.480355690429384,-0.4903494161256543,2.5075768208850286
296.0753031586595,-0.04853920104789539,-2.480355690429587,-0.4903494161255313,2.4945292079482067
296.16608272316125,-1.0177774980683254e-13,-2.4805293363499104,-0.4936529227711801,2.488974685211933
296.16608272316125,-0.09587810261968606,-2.480414960488535,-0.4936570993675457,2.4765659542031875
296.16608272316125,-0.14382306290793004,-2.480271973256407,-0.4936623172370298,2.4707190541616586
296.1660827231613,0.1917731114724381,-2.4800717620683126,-0.49366961560327466,2.5166600204792413
296.1660827231613,0.09587810261943161,-2.480414960489972,-0.4936570993686705,2.5023385238148497
296.1660827231613,-0.19177311147269255,-2.4800717620678903,-0.4936696156028494,2.4651104089583615
296.1660827231613,0.047938311276648854,-2.480500743268653,-0.4936539670113779,2.4955371155209587
296.1660827231613,-0.047938311276903296,-2.480500743268846,-0.49365396701156594,2.482651025129614
296.1660827231613,0.1438230629076756,-2.4802719732596588,-0.493662317239853,2.50937947438846
296.2565924632866,0.14201872784676534,-2.480422848326423,-0.4969625976698829,2.4972082102323254
296.2565924632866,-0.047336850288061075,-2.4806459940617116,-0.4969542416136502,2.4708255652088376
296.2565924632866,-1.0177774980683254e-13,-2.480673884128558,-0.4969531967027194,2.477071194605585
296.2565924632866,0.09467518936394767,-2.480562320376845,-0.4969573760675929,2.4902621289942357
296.2565924632866,0.04733685028785752,-2.48064599406167,-0.49695424161357366,2.4835499795067246
296.25659246328667,-0.1420187278469689,-2.480422848322558,-0.49696259766672435,2.459032804067299
296.25659246328667,-0.0946751893642021,-2.480562320374572,-0.49695737606595336,2.464812908889607
296.25659246328667,-0.1893673845920657,-2.480227558378074,-0.4969699017395481,2.4534853345001846
296.25659246328667,0.18936738459181127,-2.4802275583790765,-0.49696990174064776,2.504388276471092
296.3468383493056,0.046734794630808284,-2.4807914504553894,-0.5002502788641193,2.4716144994353533
296.34683834930564,-0.1869592791543321,-2.4803834421047597,-0.5002659361789143,2.441912703121966
296.34683834930564,-1.0177774980683254e-13,-2.4808186453902628,-0.5002492342356162,2.4652194140287738
296.34683834930564,-0.09347108678090435,-2.4807098622240296,-0.5002534125572937,2.4531118368122025
296.3468383493057,0.09347108678070079,-2.4807098622237675,-0.5002534125566349,2.4782373877008737
296.3468383493057,-0.1402126088287642,-2.4805738659538883,-0.5002586331120528,2.4473987363101366
296.3468383493057,0.14021260882850978,-2.480573865957044,-0.500258633114435,2.485088648839047
296.34683834930576,-0.046734794631011836,-2.4807914504574025,-0.5002502788658849,2.459051921082471
296.34683834930576,0.18695927915407767,-2.4803834421056945,-0.5002659361798433,2.492168336086816
296.4368231306959,-0.13840469853661538,-2.480725029299936,-0.5035504413131145,2.43581637035253
296.4368231306959,-1.0177774980683254e-13,-2.4809636235931203,-0.5035410530660703,2.453418859454186
296.4368231306959,0.13840469853641182,-2.4807250293023824,-0.5035504413148332,2.473020307704619
296.436823130696,0.18454878540399267,-2.4805394161625762,-0.5035577367006174,2.4799997184441906
296.436823130696,0.09226578999173789,-2.480857589356409,-0.5035452265556268,2.466263816365953
296.436823130696,-0.04613214186680448,-2.480937115880763,-0.503542096470369,2.4473296093295445
296.436823130696,0.046132141866600924,-2.4809371158777482,-0.5035420964677894,2.459730191230246
296.436823130696,-0.18454878540419623,-2.480539416162609,-0.5035577367006784,2.430392036562836
296.436823130696,-0.09226578999199234,-2.4808575893583695,-0.5035452265577722,2.4414622557131995
296.5265448610277,-0.09105935685307884,-2.4810055041252235,-0.5068327702906874,2.429864291873752
296.5265448610277,-0.04552892092352527,-2.4810829928136497,-0.5068296466144315,2.435658758859601
296.5265448610277,-1.0177774980683254e-13,-2.481108821266503,-0.5068286053721348,2.4416696632595465
296.52654486102773,0.13659508375223678,-2.4808763404941883,-0.5068379745620488,2.461003334649244
296.52654486102773,0.04552892092327082,-2.4810829928090743,-0.5068296466105768,2.4478971915770167
296.52654486102773,-0.18213601904825266,-2.4806954823785725,-0.5068452556884023,2.4189234583662405
296.52654486102773,0.0910593568528244,-2.4810055041208767,-0.5068327702864198,2.454341556822619
296.52654486102773,-0.13659508375244034,-2.480876340495475,-0.5068379745636961,2.4242858306869173
296.52654486102773,0.1821360190480491,-2.4806954823780583,-0.5068452556880445,2.46788257818995
296.61600683967157,-1.0177774980683254e-13,-2.481254245034199,-0.5101119073546013,2.4299712707250394
296.61600683967157,0.13478374550639313,-2.4810278059506032,-0.5101212492201053,2.449037174717105
296.61600683967157,0.044925125477519055,-2.4812290878520376,-0.5101129455130523,2.436114945163042
296.61600683967157,0.08985177471736246,-2.4811536130518723,-0.5101160600244193,2.442470053679588
296.61600683967157,-0.08985177471756602,-2.4811536130566396,-0.510116060028967,2.418317393301908
296.61600683967157,-0.22466453130031733,-2.480625109533285,-0.5101378394968233,2.4024168995921125
296.61600683967157,-0.04492512547772261,-2.481229087856384,-0.5101129455163643,2.424038816059749
296.61600683967157,-0.1347837455066476,-2.4810278059513466,-0.5101212492210789,2.4128065674562196
296.6160068396716,-0.1797209547942726,-2.480851646995336,-0.5101285096192815,2.4075064213237263
296.6160068396716,0.17972095479406905,-2.480851646995273,-0.5101285096195913,2.4558163613179027
296.6160068396717,0.2246645313000629,-2.480625109533785,-0.5101378394977695,2.462807854134163
296.70521339686053,-1.0177774980683254e-13,-2.4813998983896948,-0.5133909759552785,2.4183229949416374
296.70521339686053,0.13297064286789018,-2.4811794288566964,-0.5134002822952562,2.437121137530102
296.70521339686053,-0.17730353806872132,-2.4810079129638276,-0.5134075155557504,2.3961402494728707
296.70521339686053,0.04432074188522404,-2.4813754044684826,-0.5133920101265473,2.4243827634712574
296.7052133968606,0.17730353806851776,-2.481007912965774,-0.5134075155579977,2.4438003771968932
296.7052133968606,-0.04432074188542759,-2.4813754044691207,-0.5133920101263253,2.4124690960805215
296.7052133968606,-0.08864301629756689,-2.4813019195122514,-0.5133951127462616,2.4068208776592743
296.7052133968606,-0.13297064286809374,-2.4811794288564,-0.5134002822950808,2.4013779012844183
296.7052133968606,0.08864301629736333,-2.4813019195096295,-0.5133951127437932,2.4306486172634143
296.7052133968606,-0.22164283711152497,-2.480787345415625,-0.5134168112810343,2.3911078656276064
296.7052133968606,0.2216428371113214,-2.4807873454180007,-0.5134168112835475,2.4506865776724847
296.7941617153855,-1.0177774980683254e-13,-2.481545783894139,-0.5166657735286734,2.4067250833843037
296.79416171538554,-0.17488390737931,-2.4811642821472173,-0.5166822360945744,2.3848251786856767
296.79416171538554,-0.13115587971995402,-2.4813312113735497,-0.5166750362709174,2.3900000696291634
296.79416171538554,0.13115587971969958,-2.4813312113757955,-0.5166750362730256,2.42525548847053
296.79416171538554,0.08743315084953246,-2.48145042587261,-0.5166698908517505,2.4188775061107917
296.79416171538554,0.043715804775043804,-2.481521945170305,-0.5166668028152934,2.412700899069191
296.79416171538554,0.21861837553793068,-2.480949612032134,-0.5166914895447338,2.438615979625022
296.79416171538554,-0.08743315084978691,-2.4814504258742986,-0.5166698908533668,2.395374984865853
296.79416171538554,-0.21861837553813424,-2.4809496120299124,-0.5166914895423946,2.379850254126421
296.79416171538554,-0.043715804775247356,-2.48152194517022,-0.5166668028147712,2.400949842181078
296.7941617153856,0.17488390737905557,-2.4811642821536104,-0.5166822361007989,2.4318348989313487
296.8828561298635,-0.043110300168873086,-2.4816687170023726,-0.5199373509045915,2.389480371155192
296.8828561298635,-0.1724620068156023,-2.481320761278238,-0.5199526988719054,2.373560534722559
296.8828561298635,-1.0177774980683254e-13,-2.4816919086110185,-0.5199363273774984,2.395176850746024
296.8828561298635,0.04311030016866953,-2.4816687170040126,-0.5199373509060891,2.4010686649931943
296.88285612986357,0.12933941412826883,-2.4814831603841205,-0.5199455386422086,2.413439538594451
296.88285612986357,-0.12933941412847239,-2.4814831603834637,-0.5199455386413738,2.3786723948180746
296.88285612986357,0.08622215041765928,-2.4815991391269874,-0.5199404217386858,2.4071560320457803
296.88285612986357,0.17246200681539875,-2.4813207612770793,-0.5199526988710177,2.419919237253635
296.88285612986357,-0.21559107669399524,-2.4811119158994903,-0.5199619020848288,2.3686433947254413
296.88285612986357,-0.08622215041786284,-2.4815991391256915,-0.5199404217375571,2.3839790342603777
296.8828561298636,0.2155910766937917,-2.4811119158982726,-0.5199619020838513,2.42659537084483
296.9713006900294,-1.0177774980683254e-13,-2.4818382738905207,-0.5232026361756554,2.383677651829358
296.9713006900294,0.08500999009698286,-2.4817480604486977,-0.523206704097509,2.3954835474483507
296.9713006900294,-0.08500999009723731,-2.4817480604482465,-0.5232067040970989,2.3726323849172237
296.9713006900294,0.04250421561369531,-2.4818157212748044,-0.5232036530762195,2.389485414603353
296.97130069002947,0.17003778657031546,-2.481477351018491,-0.5232189026476386,2.408052743970885
296.97130069002947,-0.1700377865705699,-2.4814773510240324,-0.5232189026525889,2.3623456827780793
296.97130069002947,-0.21256087832176024,-2.481274257315554,-0.5232280477334084,2.357486656372251
296.97130069002947,-0.1275212087374489,-2.4816352768538,-0.5232117881326528,2.3673942387546396
296.97130069002947,-0.04250421561389886,-2.481815721275511,-0.5232036530773221,2.378060039710207
296.97130069002947,0.12752120873724535,-2.4816352768518484,-0.5232117881313074,2.401672639764185
296.97130069002947,0.2125608783215567,-2.4812742573145017,-0.5232280477324706,2.414624103546311
297.0594899180383,0.12570142196105047,-2.4817875637196543,-0.5264737411795142,2.389955411611407
297.0594899180383,-1.0177774980683254e-13,-2.481984883043453,-0.5264646561498385,2.372228080405634
297.0594899180383,-0.12570142196125403,-2.481787563720478,-0.5264737411797108,2.356166178487558
297.0594899180383,-0.20952804443275955,-2.4814366385610644,-0.5264898833082994,2.3463806100448674
297.0594899180383,-0.04189760391659062,-2.481962961256973,-0.5264656655812944,2.3666894350278116
297.05948991803837,0.04189760391638707,-2.48196296125595,-0.5264656655794892,2.3779517492759625
297.05948991803837,0.08379677549922085,-2.481897192984378,-0.5264686942497265,2.383860662314987
297.05948991803837,-0.16761145785853893,-2.481634054031755,-0.5264808040366407,2.3511811963578078
297.05948991803837,0.16761145785833537,-2.481634054029145,-0.5264808040346444,2.396236049364976
297.05948991803837,0.209528044432556,-2.481436638559813,-0.5264898833074745,2.4027028196765374
297.05948991803837,-0.08379677549942441,-2.481897192985685,-0.5264686942510626,2.361335618443767
297.14743278374914,-0.12387991415745633,-2.4819400272005674,-0.529731434724301,2.3449869513714834
297.14743278374914,0.12387991415725277,-2.4819400272001153,-0.5297314347245328,2.37828655395458
297.14743278374914,-1.0177774980683254e-13,-2.482131742473875,-0.5297224240772456,2.3608268543020223
297.1474327837492,-0.20649234230056554,-2.481599065499674,-0.5297474460276071,2.3353240069574492
297.1474327837492,-0.04129041852813116,-2.482110443326137,-0.5297234252083463,2.3553672812758237
297.1474327837492,-0.08258241352775661,-2.48204654305644,-0.5297264290475501,2.350087465517125
297.1474327837492,-0.1651828344937568,-2.4817908763660537,-0.5297384400881242,2.3400658196621413
297.1474327837492,0.08258241352755306,-2.482046543057119,-0.5297264290478882,2.3722860822980034
297.1474327837492,0.206492342300362,-2.4815990654952795,-0.5297474460244365,2.3908302078937966
297.1474327837492,0.0412904185279276,-2.482110443327754,-0.529723425208934,2.3664663806663166
297.1474327837492,0.16518283449355325,-2.4817908763621737,-0.5297384400854022,2.3844678475896726
297.23512754002206,-1.0177774980683254e-13,-2.482278853750126,-0.5329759389797402,2.349474084307363
297.23512754002206,-0.04068268640023551,-2.4822581690124292,-0.5329769309970227,2.344093686015668
297.23512754002206,-0.16275202427748592,-2.481947818884437,-0.5329918100183914,2.3289996553102466
297.2351275400221,-0.08136695808505333,-2.4821961120566525,-0.5329799075601603,2.3388880312612947
297.2351275400221,-0.1220567661787583,-2.48209266846162,-0.5329848678932688,2.33385666088298
297.2351275400221,0.08136695808490067,-2.4821961120584777,-0.5329799075616996,2.3607599270108968
297.2351275400221,-0.2034539066734739,-2.481761538595036,-0.5330007352168904,2.324316949661762
297.2351275400221,0.12205676617855474,-2.4820926684618163,-0.5329848678941265,2.3666661920042893
297.2351275400221,0.04068268640003195,-2.48225816901672,-0.5329769310004249,2.355029423580601
297.2351275400221,0.16275202427728236,-2.4819478188831545,-0.5329918100183403,2.372748270242555
297.2351275400221,0.20345390667327035,-2.481761538590063,-0.5330007352135723,2.379006406972559
297.32257543539146,-0.08015042171735601,-2.482345905154017,-0.5362291240645937,2.3277370375895092
297.32257543539146,-0.16031905230068955,-2.482104886399295,-0.536240908409117,2.317982427195844
297.32257543539146,0.08015042171715245,-2.482345905155113,-0.5362291240657473,2.3492819217394527
297.32257543539146,-1.0177774980683254e-13,-2.4824262221665325,-0.5362251950393957,2.3381694927988446
297.32257543539146,-0.040074413805873496,-2.4824061435790314,-0.5362261771534407,2.3328683710869953
297.3225754353915,0.20041276891409462,-2.481924062381976,-0.5362497456800166,2.367231151145732
297.3225754353915,0.04007441380566994,-2.4824061435808935,-0.5362261771548711,2.3436406015447084
297.3225754353915,-0.20041276891429818,-2.4819240623873076,-0.5362497456836149,2.313359163958373
297.3225754353915,-0.12023199684381496,-2.482245492524076,-0.5362340350901267,2.322775029620008
297.3225754353915,0.16031905230048601,-2.4821048863966735,-0.5362409084078285,2.3610770479628793
297.32257543539157,0.1202319968436114,-2.4822454925243274,-0.5362340350909572,2.355094053417449
297.40978161468837,-0.11840554288167393,-2.482398500723113,-0.5394789362104478,2.311741288412062
297.4097816146884,0.11840554288152126,-2.4823985007198215,-0.5394789362081037,2.343569352016412
297.4097816146884,0.03946557965404915,-2.4825543686781497,-0.5394711634745882,2.332299132491435
297.4097816146884,-1.0177774980683254e-13,-2.4825738494213345,-0.5394701920470657,2.326912300349082
297.4097816146885,-0.03946557965420182,-2.482554368680144,-0.5394711634766165,2.3216905600919095
297.4097816146885,-0.15788383420401472,-2.482262079963479,-0.5394857352381957,2.307013370346052
297.4097816146885,0.078932762242978,-2.482495923881281,-0.5394740783946693,2.33785128216632
297.4097816146885,-0.19736882357655694,-2.482086637560437,-0.5394944775069873,2.302449889461295
297.4097816146885,-0.07893276224318155,-2.482495923881786,-0.5394740783948262,2.3166337115228863
297.4097816146885,0.19736882357635338,-2.482086637554328,-0.5394944775024896,2.355503651684759
297.4097816146885,0.15788383420381116,-2.4822620799561324,-0.5394857352325046,2.349453393102568
297.49674117757405,-1.0177774980683254e-13,-2.4827217393699454,-0.5427109125668397,2.315703025150274
297.49674117757405,-0.07771407749191377,-2.482646171951507,-0.5427147532256318,2.305578560005257
297.49674117757405,0.038856232860115913,-2.482702848133752,-0.5427118725565951,2.321005541662311
297.49674117757405,-0.038856232860319466,-2.4827028481331497,-0.5427118725562134,2.310560765123334
297.49674117757405,0.0777140774917102,-2.4826461719501673,-0.5427147532247215,2.3264685415325164
297.4967411775741,-0.15544656563808673,-2.4824194028326767,-0.5427262734920331,2.296092984257691
297.4967411775741,-0.11657755103361199,-2.482551696577952,-0.542719554056568,2.300755940004201
297.4967411775741,0.15544656563788317,-2.4824194028265887,-0.5427262734874911,2.3378778577511983
297.4967411775741,-0.19432231521732343,-2.4822492670389735,-0.5427349139183519,2.291589623369533
297.4967411775741,0.19432231521711987,-2.482249267034114,-0.5427349139148044,2.343824471528502
297.4967411775741,0.11657755103345932,-2.482551696573178,-0.5427195540530618,2.3320926299914593
297.58346332545443,0.07649426761886763,-2.482796652819143,-0.5459511616672552,2.3151323873291085
297.58346332545443,0.03824632350137506,-2.482851585498213,-0.5459483174613537,2.3097585230173365
297.58346332545443,-1.0177774980683254e-13,-2.4828698955969317,-0.5459473696449467,2.3045403677918794
297.58346332545443,0.11474787153560408,-2.4827050833785664,-0.5459559018143794,2.3206625685256927
297.58346332545443,-0.07649426761907117,-2.482796652817938,-0.5459511616657816,2.2945702973663153
297.5834633254545,-0.11474787153580764,-2.482705083380493,-0.545955901815361,2.289817705836419
297.5834633254545,0.153007046922034,-2.482576858072781,-0.5459625364698982,2.326349116944723
297.5834633254545,-0.1530070469221867,-2.4825768580747263,-0.5459625364708189,2.285219997640843
297.5834633254545,0.191272994241882,-2.48241195360318,-0.5459710683659441,2.332192279726831
297.5834633254545,-0.03824632350152773,-2.482851585496376,-0.5459483174598243,2.2994776935606844
297.5834633254545,-0.19127299424203464,-2.482411953603823,-0.545971068365899,2.280777101823078
297.6699423860157,-0.11291666736542963,-2.482858663328122,-0.5491879732856637,2.278927186107496
297.6699423860157,-0.0376359059051101,-2.4830005832913455,-0.5491804917970561,2.2884419562811886
297.6699423860157,-0.07527344127830483,-2.4829473688803243,-0.5491832973952994,2.283609528653331
297.6699423860157,0.11291666736527696,-2.482858663328327,-0.5491879732861968,2.3092798116274404
297.6699423860157,0.15056549535440578,-2.4827344475962945,-0.549194518133479,2.3148678254267603
297.6699423860157,-1.0177774980683254e-13,-2.4830183206655865,-0.5491795568682926,2.2934249459622893
297.66994238601575,0.03763590590495744,-2.483000583290651,-0.5491804917963631,2.2985587020371763
297.66994238601575,0.18822113226649823,-2.482574698782078,-0.5492029350096013,2.3206077427396705
297.66994238601575,0.07527344127810129,-2.4829473688828454,-0.5491832973979858,2.3038434538101806
297.66994238601575,-0.18822113226665088,-2.4825746987837114,-0.5492029350107795,2.2700129182684283
297.66994238601575,-0.15056549535460934,-2.482734447597615,-0.549194518134237,2.2743950068273424
297.7561861779466,-1.0177774980683254e-13,-2.483167018411886,-0.5524074771071302,2.2823556427190512
297.7561861779466,0.0740515168282874,-2.48309832385383,-0.552411163373064,2.292600613536619
297.7561861779466,-0.18516652520210264,-2.482737505618191,-0.552430517243647,2.2592959861672206
297.7561861779466,0.03702493924999582,-2.4831498453187053,-0.5524083984554923,2.2874049564119816
297.7561861779466,0.11108381606318407,-2.4830124399752096,-0.5524157715281909,2.2979432269666713
297.7561861779466,-0.037024939250199375,-2.4831498453195446,-0.5524083984564093,2.277452441947815
297.75618617794663,0.22222658627091615,-2.482548385764889,-0.5524406579363933,2.3148552540396286
297.75618617794663,0.18516652520189908,-2.482737505615247,-0.5524305172410061,2.309069719170599
297.75618617794663,-0.11108381606333674,-2.4830124399746563,-0.552415771527846,2.2680832814046497
297.75618617794663,-0.22222658627111969,-2.482548385765642,-0.5524406579374902,2.2551196280634
297.75618617794663,0.1481217476597226,-2.4828921747280126,-0.5524222216845307,2.303432846214808
297.75618617794663,-0.1481217476598753,-2.4828921747262567,-0.552422221682929,2.2636169187228843
297.75618617794663,-0.07405151682849095,-2.483098323854382,-0.552411163373616,2.272695148372612
297.84219128136226,-0.18210936524259197,-2.4829003754429784,-0.5556538172829126,2.2486266183530135
297.84219128136226,-0.0364134619784552,-2.483299373911071,-0.5556320391447748,2.2665094739030693
297.84219128136226,-1.0177774980683254e-13,-2.4833159912083005,-0.555631132048258,2.2713327861481596
297.8421912813623,-0.145675957597397,-2.48305004117199,-0.5556456491447478,2.2528860475182846
297.8421912813623,0.18210936524243931,-2.482900375441152,-0.5556538172807499,2.297578573517795
297.8421912813623,0.2185581391364784,-2.482717371590232,-0.5556638026780419,2.303256689993123
297.8421912813623,-0.10924943295150549,-2.483166415315047,-0.5556392984145553,2.257286308122694
297.8421912813623,-0.07282857115249082,-2.483249519937289,-0.5556347613628274,2.261827475969528
297.8421912813623,0.14567595759724433,-2.483050041171492,-0.5556456491438093,2.292044534831929
297.8421912813623,0.07282857115228727,-2.4832495199364857,-0.5556347613616157,2.281404206620402
297.8421912813624,0.10924943295135282,-2.4831664153146114,-0.555639298413834,2.2866531619377524
297.8421912813624,0.03641346197830254,-2.4832993739110223,-0.5556320391442158,2.276297619817586
297.8421912813624,-0.21855813913668196,-2.482717371590209,-0.5556638026787061,2.2445071562654073
297.9279631404055,0.21488648134124635,-2.482886329026507,-0.5588826541417281,2.2917044544026632
297.9279631404055,-0.1432280269555134,-2.4832080494991238,-0.558864796471243,2.242201601178819
297.9279631404055,-1.0177774980683254e-13,-2.4834652421846206,-0.5588505172928845,2.2603555680820335
297.9279631404055,0.14322802695536074,-2.483208049496303,-0.5588647964678689,2.280702072844658
297.92796314040555,0.07160455514228575,-2.4834009601123386,-0.5588540870461955,2.270253419027193
297.92796314040555,0.0358014495356901,-2.4834491721570675,-0.5588514094813976,2.2652358809696223
297.92796314040555,-0.03580144953584277,-2.4834491721592014,-0.5588514094838575,2.255612247462828
297.92796314040555,-0.10741344436966346,-2.48332059215709,-0.558858549739944,2.2465354696440265
297.92796314040555,-0.07160455514243841,-2.4834009601134412,-0.5588540870474071,2.251005710610041
297.92796314040555,0.17904952962664689,-2.4830633105144533,-0.5588728312871546,2.286133485698902
297.92796314040555,0.10741344436951081,-2.483320592156791,-0.5588585497395656,2.275408800123297
297.92796314040555,-0.21488648134139904,-2.4828863290243497,-0.5588826541411922,2.2339418762022105
297.92796314040555,-0.17904952962679954,-2.4830633105151705,-0.5588728312889711,2.2380040277402764
298.0134999309984,0.10557593144897703,-2.4834749727557264,-0.5620735280655988,2.2642102797457744
298.0134999309984,-0.03518892896684754,-2.4835992426345346,-0.5620665118507909,2.2447608833074906
298.0134999309984,-0.1055759314491297,-2.48347497275584,-0.5620735280657597,2.235830882382199
298.0134999309984,0.07037952288689751,-2.483552646838665,-0.5620691428772723,2.2591483834679886
298.0134999309984,-1.0177774980683254e-13,-2.483614773948415,-0.5620656351930187,2.2494241124605767
298.0134999309985,0.14077806390687395,-2.4833662016810463,-0.5620796663799377,2.2694056047377407
298.0134999309985,0.03518892896669487,-2.483599242633488,-0.5620665118499077,2.254219867818209
298.0134999309985,-0.07037952288705018,-2.483552646841435,-0.5620691428795036,2.240229970465679
298.0134999309985,-0.1407780639070266,-2.483366201679678,-0.5620796663795471,2.231563695110844
298.0134999309985,-0.1759871535672293,-2.483226312455672,-0.5620875621921445,2.227428329479151
298.0134999309985,0.21121177513376188,-2.483055259258015,-0.5620972155143794,2.28019870652983
298.0134999309985,0.17598715356702574,-2.4832263124574228,-0.5620875621923253,2.274734607211764
298.01349993099853,-0.21121177513396544,-2.483055259255879,-0.5620972155144115,2.223423903518898
298.09880619753886,0.13832599404746526,-2.4835244995721846,-0.5652902551014094,2.2581544341784374
298.09880619753886,0.06915343718238567,-2.483704582412702,-0.5652799248149932,2.2480884061294217
298.09880619753886,0.10373683838531664,-2.483629559224247,-0.5652842294641428,2.253056905525325
298.09880619753886,-5.088887490341627e-14,-2.4837645889416664,-0.5652764816174396,2.2385377296440225
298.09880619753886,0.03457588166934662,-2.4837495877448394,-0.5652773421398155,2.243248888430078
298.09880619753886,-0.13832599404761792,-2.4835244995686154,-0.5652902550988333,2.220971652980834
298.09880619753886,-0.2075339089151294,-2.483224163373682,-0.5653074834540522,2.212952571013276
298.09880619753886,-0.03457588166949929,-2.4837495877441507,-0.5652773421386014,2.233954694504058
298.09880619753886,-0.06915343718258923,-2.483704582413557,-0.5652799248152496,2.229499571723551
298.09880619753886,0.17292214406074743,-2.4833893827734865,-0.5652980064103982,2.2633812410845806
298.0988061975389,0.20753390891497672,-2.4832241633775154,-0.5653074834555367,2.2687387491776185
298.0988061975389,-0.1729221440609001,-2.4833893827698934,-0.5652980064083383,2.21689885159541
298.0988061975389,-0.10373683838546931,-2.483629559223126,-0.5652842294633302,2.225171866057431
298.18388025084585,0.06792634999809774,-2.4838567695579705,-0.5684864359414068,2.2370736028574196
298.1838802508459,0.10189624313092242,-2.483784354100461,-0.5684906571489118,2.2419487986359035
298.1838802508459,-0.033962333628624435,-2.4839002103281085,-0.5684839033554905,2.223193785319733
298.1838802508459,-5.088887490341627e-14,-2.4839146900463334,-0.5684830595525154,2.2276965270248446
298.1838802508459,0.033962333628471765,-2.483900210328122,-0.568483903356252,2.2323230540572823
298.18388025084596,-0.10189624313107509,-2.483784354100272,-0.5684906571490088,2.2145585208892404
298.18388025084596,-0.16985463102222428,-2.4835525233960976,-0.5685041675691073,2.2064156931987178
298.18388025084596,0.1698546310220716,-2.4835525233979654,-0.568504167569843,2.252073521350571
298.18388025084596,0.13587192131135145,-2.483682945442457,-0.5684965660254251,2.246948688403095
298.18388025084596,-0.1358719213115041,-2.4836829454414007,-0.5684965660248867,2.210425574086065
298.18388025084596,-0.06792634999825041,-2.4838567695576845,-0.56848643594053,2.218814616259786
298.18388025084596,-0.2038530385760892,-2.4833930429025624,-0.5685134618801663,2.2025279783421374
298.18388025084596,0.2038530385759365,-2.4833930429063655,-0.5685134618815437,2.2573247239104712
298.26872718358004,-0.03334826184647174,-2.4840511120514908,-0.5716861915870679,2.2124774027184664
298.26872718358004,0.13341575371220937,-2.4838415403558343,-0.5716985955390795,2.2357876018049185
298.26872718358004,-0.13341575371236203,-2.4838415403548386,-0.5716985955385463,2.199924717545088
298.26872718358004,-5.088887490341627e-14,-2.4840650789643135,-0.5716853650609941,2.216899748283883
298.26872718358004,-0.10005407669462711,-2.4839393587271945,-0.5716928073643782,2.203990101560516
298.2687271835801,-0.06669821533904012,-2.4840092098208153,-0.571688672402739,2.2081743547057653
298.2687271835801,0.06669821533888745,-2.4840092098200537,-0.5716886724027137,2.226103211919726
298.2687271835801,-0.2001690261462656,-2.483561898108378,-0.5717151475913121,2.192149394647106
298.2687271835801,0.20016902614611293,-2.483561898110495,-0.5717151475909557,2.2459558627864706
298.2687271835801,0.16678449947104587,-2.4837157350391594,-0.5717060422453489,2.2408106810428956
298.2687271835801,0.03334826184631907,-2.4840511120482742,-0.5716861915847955,2.2214416054818704
298.2687271835801,-0.16678449947119853,-2.4837157350376433,-0.5717060422449903,2.195978118227309
298.2687271835801,0.10005407669447444,-2.4839393587272878,-0.5716928073642785,2.230885195215603
298.3533440071469,-0.06546910379235697,-2.4841619062454403,-0.5748866378936899,2.1975790526082375
298.3533440071469,0.1637119258645386,-2.4838790199782617,-0.5749036347417043,2.2295930272141886
298.3533440071469,-5.088887490341627e-14,-2.4842157588831553,-0.5748834017184876,2.2061476668740383
298.3533440071469,0.0654691037922043,-2.484161906245617,-0.5748866378943978,2.215177517837539
298.353344007147,-0.03273370161702038,-2.484202296064375,-0.5748842104369389,2.2018058158047937
298.353344007147,0.09821044495511139,-2.4840945759715245,-0.5748906839521618,2.2198663865054606
298.353344007147,-0.16371192586469124,-2.4838790199761607,-0.574903634740994,2.1855863862993843
298.353344007147,0.03273370161686772,-2.48420229606101,-0.5748842104342571,2.2106048212956395
298.353344007147,0.13095763241903488,-2.484000286924144,-0.5748963476874377,2.2246714731353148
298.353344007147,0.19648208336541245,-2.483730730868618,-0.574912545208982,2.2346324819499945
298.353344007147,-0.09821044495526406,-2.4840945759695843,-0.5748906839506328,2.1934668708509437
298.353344007147,-0.13095763241918754,-2.4840002869214532,-0.574896347685499,2.1894693441613344
298.353344007147,-0.19648208336551423,-2.483730730867024,-0.5749125452098856,2.1818170791524776
298.43773778406387,0.12849740635532791,-2.484159185353473,-0.5780898189104685,2.2135992811186855
298.43773778406387,-0.1284974063554806,-2.4841591853536915,-0.5780898189113315,2.179058473268265
298.43773778406387,-0.16063672136177187,-2.4840423780413,-0.5780969416614161,2.175239523112798
298.43773778406387,-0.03211861516937699,-2.484353763213565,-0.5780779560851744,2.1911780265354426
298.43773778406387,-5.088887490341627e-14,-2.484366730693896,-0.5780771656892196,2.1954392795322577
298.4377377840639,-0.09636523460310462,-2.4842500063327133,-0.5780842832263807,2.1829878420156303
298.4377377840639,0.03211861516922432,-2.4843537632101556,-0.5780779560823541,2.1998116933022636
298.4377377840639,0.09636523460300284,-2.4842500063341997,-0.5780842832272292,2.2088913553027005
298.4377377840639,0.06423893981666862,-2.4843148595487032,-0.5780803286443881,2.2042955077678648
298.4377377840639,-0.19279198363381736,-2.483899540539431,-0.578105651535537,2.1715300642059003
298.4377377840639,0.22495907610347476,-2.4837306370536285,-0.5781159439025283,2.2284008426979027
298.4377377840639,0.1606367213616701,-2.4840423780413787,-0.5780969416602288,2.218419534803063
298.4377377840639,0.1927919836336647,-2.4838995405405324,-0.5781056515342686,2.2233535528412163
298.4377377840639,-0.22495907610362742,-2.483730637053129,-0.5781159439033735,2.1679307134397745
298.4377377840639,-0.06423893981682127,-2.484314859548163,-0.5780803286436121,2.1870277174300403
298.52190281823323,0.06300783341133147,-2.4844680719079113,-0.5812697349041094,2.1934578155472377
298.5219028182333,-0.22065084485752023,-2.483905754175437,-0.5813045068371425,2.157745775250541
298.5219028182333,-5.088887490341627e-14,-2.4845179967340045,-0.5812666471033993,2.1847752034854127
298.5219028182333,0.09451861063336678,-2.4844056517928546,-0.5812735955903457,2.1979607451174306
298.5219028182333,0.03150305750327064,-2.484505515795571,-0.5812674186914707,2.189062846577118
298.52190281823334,0.12603529551003073,-2.4843182373481882,-0.5812789998258835,2.2025716798514425
298.52190281823334,-0.1575591609416973,-2.4842058105779534,-0.5812859538969389,2.1649381203453517
298.52190281823334,-0.12603529551018341,-2.4843182373471313,-0.58127899982543,2.168692699827094
298.52190281823334,-0.06300783341143325,-2.484468071907355,-0.5812697349033527,2.1765209534392116
298.52190281823334,-0.09451861063351945,-2.4844056517905373,-0.5812735955886679,2.1725536142126045
298.52190281823334,-0.18909905691301143,-2.4840683280415,-0.5812944578040226,2.1612889391159196
298.52190281823334,0.15755916094159553,-2.4842058105783673,-0.5812859538960514,2.2072908694050963
298.52190281823334,0.18909905691290965,-2.48406832804401,-0.5812944578042664,2.2121197534674044
298.52190281823334,0.22065084485741845,-2.4839057541789136,-0.5813045068394707,2.2170578360974833
298.5219028182334,-0.03150305750337242,-2.484505515798801,-0.5812674186938677,2.1805946452014546
298.6058480946258,-0.12357109053465774,-2.4844774446462723,-0.5844639014547743,2.158370810349845
298.6058480946258,-5.088887490341627e-14,-2.4846695593142782,-0.5844518566352878,2.174154195548859
298.6058480946258,0.030886976279239076,-2.4846575560931123,-0.5844526089578056,2.178357030998457
298.6058480946258,-0.030886976279340856,-2.484657556093421,-0.5844526089574005,2.1700544357503246
298.6058480946258,0.18540298920052004,-2.4842370944052785,-0.5844789754825462,2.2009298019534134
298.6058480946258,-0.1854029892006727,-2.4842370944036567,-0.5844789754825326,2.1510925064089825
298.6058480946258,0.12357109053450507,-2.484477444646964,-0.5844639014550916,2.1915873995727004
298.60584809462586,0.1544789829252217,-2.4843693190054927,-0.5844706826673958,2.1962057551042586
298.60584809462586,0.21633894927701142,-2.484080735509996,-0.58448877507876,2.2057590407389234
298.60584809462586,-0.2163389492771641,-2.4840807355077494,-0.5844887750767405,2.1476060336254714
298.60584809462586,-0.15447898292532347,-2.484369319004764,-0.584470682667887,2.15468097241951
298.60584809462586,0.09267041603132771,-2.4845615143439077,-0.5844586319173019,2.1870732925396204
298.60584809462586,-0.09267041603148037,-2.4845615143428037,-0.5844586319163534,2.162162966237856
298.60584809462586,-0.06177567989762455,-2.484621545495134,-0.5844548674373699,2.166057531910185
298.60584809462586,0.06177567989747188,-2.484621545496458,-0.5844548674390232,2.1826631843120032
298.68956815628115,0.030270424799307638,-2.4848098843929014,-0.5876335162236601,2.1676948407687133
298.68956815628115,0.060542585878631656,-2.484775280468309,-0.5876357156671572,2.1719122167611387
298.68956815628115,-0.060542585878784326,-2.484775280467827,-0.5876357156662702,2.1556380268861752
298.68956815628115,-0.121105004626929,-2.484636806842372,-0.5876445135067251,2.1480933698835005
298.68956815628115,-0.030270424799409414,-2.484809884393405,-0.5876335162235545,2.1595579780565197
298.68956815628115,-5.088887490341627e-14,-2.484821418773226,-0.5876327836047551,2.1635768423168678
298.68956815628115,0.12110500462682722,-2.4846368068414377,-0.5876445135055247,2.180647062639243
298.6895681562812,-0.18170410027307665,-2.484405838269377,-0.5876591947546645,2.140941325692825
298.6895681562812,-0.1513964538034393,-2.4845329024885148,-0.5876511178969644,2.1444686412177334
298.6895681562812,-0.21202376241897758,-2.4842555790727663,-0.5876687391148622,2.1375120467875157
298.6895681562812,-0.090820810699145,-2.484717593910316,-0.5876393817492258,2.151816467192031
298.6895681562812,0.15139645380333752,-2.484532902488855,-0.5876511178965688,2.1851648254190916
298.6895681562812,0.09082081069904321,-2.4847175939106325,-0.5876393817495281,2.1762296096529483
298.6895681562812,0.2120237624188758,-2.4842555790726855,-0.5876687391157774,2.194505115129921
298.6895681562812,0.18170410027297487,-2.4844058382699807,-0.5876591947548013,2.18978434386787
298.7730695018225,-5.088887490341627e-14,-2.4849735789644827,-0.5908094399259737,2.15304221907847
298.7730695018225,-0.14831140042995575,-2.4846965641493206,-0.5908272722595106,2.134300229258909
298.7730695018225,-0.029653368431764953,-2.4849625045173407,-0.5908101524313671,2.14910435222206
298.7730695018225,-0.08896969074392366,-2.484873894074735,-0.5908158572668804,2.141513207752776
298.7730695018225,-0.059308482091795164,-2.484929280551367,-0.5908122916157588,2.1452615235987964
298.7730695018225,0.059308482091693385,-2.4849292805498866,-0.5908122916145561,2.1612039795080764
298.7730695018225,0.029653368431612284,-2.4849625045178296,-0.5908101524322817,2.1570753466806827
298.7730695018225,0.1483114004298031,-2.484696564149487,-0.5908272722595692,2.1741671363281063
298.7730695018225,0.1780021823630077,-2.484574562432142,-0.590835128630491,2.1786824322791696
298.7730695018225,-0.17800218236316037,-2.4845745624323756,-0.5908351286302328,2.1308345058809035
298.77306950182253,0.088969690743771,-2.484873894072132,-0.5908158572643323,2.1654287592085844
298.77306950182253,-0.20770504189838443,-2.4844302872815685,-0.5908444123610995,2.127462930360856
298.77306950182253,-0.11863689926671636,-2.4847963273158102,-0.590820848377684,2.13785947486812
298.77306950182253,0.20770504189828265,-2.484430287279209,-0.5908444123606783,2.1832951097465276
298.77306950182253,0.11863689926656369,-2.48479632731438,-0.5908208483761276,2.169749728257223
298.85635134905044,-0.0580734061431285,-2.4850835442767956,-0.5939845913870485,2.1349280148243013
298.85635134905044,-5.088887490341627e-14,-2.4851260386356007,-0.5939818216450073,2.1425503223464326
298.85635134905044,-0.0871171125742004,-2.4850304130969043,-0.5939880546398811,2.1312531798166394
298.85635134905044,-0.029035825979694077,-2.4851154151593993,-0.593982513641551,2.1386935525619695
298.85635134905044,0.05807340614297584,-2.4850835442760744,-0.5939845913863645,2.1505384754380046
298.8563513490505,0.029035825979592297,-2.485115415162321,-0.5939825136445422,2.146498548103846
298.8563513490505,0.1161668496633496,-2.484956003960665,-0.593992902347466,2.1588954083204523
298.8563513490505,-0.1742973482778704,-2.484743263735415,-0.5940067736993626,2.120772040186119
298.8563513490505,-0.11616684966350227,-2.484956003960202,-0.5939929023468677,2.1276691169797166
298.8563513490505,-0.14522391681443586,-2.4848603014065644,-0.5939991421731168,2.1241757286577228
298.8563513490505,0.08711711257404774,-2.485030413097094,-0.5939880546400755,2.154670748266466
298.8563513490505,0.14522391681433408,-2.484860301405423,-0.5939991421725114,2.1632127052183545
298.85635134905056,-0.20338291931798447,-2.4846048562920866,-0.5940157916093404,2.1174586793162438
298.85635134905056,0.17429734827776863,-2.4847432637319447,-0.59400677369699,2.167624090726905
298.85635134905056,0.2033829193178827,-2.484604856287695,-0.5940157916073292,2.172129054940633
298.9394140424352,0.028417807941673458,-2.485268620055936,-0.5971505997289045,2.1359643009848477
298.9394140424352,-5.088887490341627e-14,-2.4852788015429215,-0.5971499285912599,2.1321010063561
298.9394140424352,-0.19905746815612238,-2.4847792884275464,-0.5971828785009333,2.107499152725827
298.9394140424352,0.11369489780931051,-2.4851158400728965,-0.5971606758411596,2.148083967512896
298.9394140424352,0.142134055445599,-2.4850241172894245,-0.5971667283922688,2.1523014008878536
298.9394140424352,0.17058966100129858,-2.4849119448866146,-0.5971741311241711,2.1566091927240625
298.9394140424352,0.08526310768464192,-2.485187154489812,-0.5971559740470234,2.1439554379974206
298.9394140424352,-0.08526310768474368,-2.485187154488039,-0.5971559740450033,2.121036236088025
298.9394140424352,-0.1421340554457008,-2.485024117289045,-0.5971667283911217,2.11409499410083
298.9394140424352,0.05683737902948325,-2.4852380752999808,-0.5971526149717643,2.13991556280939
298.9394140424352,0.19905746815596972,-2.4847792884273305,-0.5971828785025619,2.1610068295415084
298.93941404243526,-0.11369489780941229,-2.4851158400751436,-0.5971606758426045,2.1175221496134276
298.93941404243526,-0.028417807941775237,-2.4852686200533243,-0.5971505997263858,2.128325432200789
298.93941404243526,-0.05683737902958503,-2.485238075296951,-0.5971526149688697,2.1246373531769254
298.9394140424353,-0.17058966100140036,-2.4849119448843973,-0.5971741311213806,2.110753785187315
299.0222630460905,-0.19472849377572657,-2.484953579640982,-0.6003456747621819,2.0975835975583506
299.0222630460905,-0.22259095624791062,-2.4848069103839254,-0.6003554665875335,2.0944711455301905
299.0222630460905,0.1947284937756248,-2.4849535796426703,-0.6003456747656278,2.149927628204592
299.0222630460905,0.13904167728587893,-2.485188008999018,-0.6003300323482893,2.1414324210139037
299.0222630460905,0.05560034513232157,-2.4853928719013965,-0.6003163635399901,2.1293344466176904
299.0222630460905,0.11122093247128922,-2.4852758333186937,-0.6003241701802098,2.137314605579978
299.0222630460905,-5.088887490341627e-14,-2.4854318661820733,-0.6003137618942194,2.121693482836834
299.0222630460905,-0.02779928650840874,-2.4854221176391724,-0.6003144118237466,2.1179992067909152
299.0222630460905,-0.111220932471391,-2.485275833323383,-0.6003241701838289,2.107417802413646
299.0222630460905,-0.1390416772859807,-2.4851880089972127,-0.6003300323459739,2.1040572606373993
299.02226304609053,0.027799286508306965,-2.4854221176414306,-0.6003144118259423,2.1254718135006816
299.02226304609053,0.08340759264889178,-2.485344116274084,-0.6003196167170147,2.133282030586322
299.02226304609053,-0.08340759264899356,-2.485344116278395,-0.6003196167204415,2.1108616011769032
299.02226304609053,-0.16687895369498093,-2.4850806025108394,-0.6003372024642231,2.100778981708347
299.02226304609053,0.16687895369482825,-2.485080602515201,-0.600337202468847,2.145636934251125
299.02226304609053,0.22259095624780884,-2.484806910383809,-0.6003554665900513,2.154304715499523
299.02226304609053,-0.05560034513242335,-2.485392871900933,-0.6003163635391868,2.114388758602651
299.10489283699724,-0.05436241263757485,-2.4855479340036672,-0.6034758026981287,2.1041828111317473
299.10489283699724,-5.088887490341627e-14,-2.4855852326568426,-0.6034732870429984,2.111328344649697
299.10489283699724,-0.02718031577294195,-2.485575907972597,-0.6034739154496886,2.107715462350506
299.1048928369973,0.08155072974266651,-2.485501298155844,-0.6034789484138517,2.1226511445518805
299.1048928369973,-0.21764018650703248,-2.4849874248509574,-0.6035136177099992,2.084656277530039
299.1048928369973,0.02718031577284017,-2.485575907976248,-0.6034739154532338,2.115021686210168
299.1048928369973,0.19039637477155363,-2.485127727895164,-0.6035041474193361,2.138892115628529
299.1048928369973,0.13594705278206398,-2.4853519755358113,-0.6034890203003822,2.1306064054948477
299.1048928369973,0.16316555088195453,-2.4852492351483386,-0.6034959543433863,2.134707967178808
299.1048928369973,0.05436241263747308,-2.4855479340032987,-0.6034758026982956,2.118795735974309
299.1048928369973,-0.1631655508820563,-2.4852492351485123,-0.6034959543428461,2.0908481943827266
299.1048928369973,-0.0815507297427683,-2.4855012981579425,-0.6034789484152375,2.100729849980861
299.1048928369973,-0.1903963747716554,-2.4851277278950747,-0.6035041474169586,2.087712576738682
299.1048928369973,0.21764018650693073,-2.484987424849321,-0.6035136177109,2.143159062135237
299.1048928369973,-0.13594705278216576,-2.4853519755355302,-0.6034890202999262,2.094063095466164
299.10489283699735,-0.10874517001254827,-2.485435983092171,-0.6034833513416339,2.097356646000653
299.10489283699735,0.1087451700123956,-2.4854359830905484,-0.6034833513405411,2.126587951302633
299.18731081531746,0.05312349628195097,-2.4857032661186227,-0.6066309693753758,2.1082983911664535
299.18731081531746,-5.088887490341627e-14,-2.485738905566933,-0.6066285408234606,2.1010045629725163
299.18731081531746,0.1328499687907834,-2.4855160208892255,-0.6066437298692291,2.1198223004182624
299.18731081531746,-0.10626743991367874,-2.485596293602685,-0.6066382566462089,2.087337676745467
299.18731081531746,-0.13284996879088518,-2.485516020892459,-0.6066437298720966,2.0841115019665137
299.18731081531746,0.02656085310342346,-2.485729995638393,-0.6066291474325636,2.104612884703522
299.1873108153175,-0.07969239107397949,-2.4856587045235616,-0.6066340062291722,2.0906399721464903
299.1873108153175,0.07969239107387771,-2.485658704521504,-0.6066340062278314,2.112061735163054
299.1873108153175,-0.02656085310352524,-2.485729995632262,-0.6066291474265485,2.097473175929447
299.1873108153175,-0.05312349628205274,-2.485703266115282,-0.606630969371696,2.094018493970418
299.1873108153175,-0.15944919680063718,-2.4854178465048045,-0.6066504247317438,2.080960433881313
299.1873108153175,-0.18606081276737227,-2.4853017365699435,-0.606658334871992,2.077885108512903
299.1873108153175,0.21268548208633506,-2.4851676633063278,-0.6066674793510466,2.132056499610972
299.1873108153175,0.1594491968005354,-2.485417846502224,-0.6066504247301455,2.1238212334317037
299.1873108153175,0.10626743991357696,-2.4855962935982303,-0.6066382566423647,2.1159029552165594
299.1873108153175,0.1860608127672705,-2.485301736568259,-0.6066583348724983,2.1278992298605295
299.1873108153175,-0.21268548208643684,-2.4851676633093045,-0.6066674793520098,2.0748855584638086
299.2695168658199,-5.088887490341627e-14,-2.4858928807515004,-0.6097795181508924,2.090722053613088
299.2695168658199,-0.07783261685618655,-2.485816330634078,-0.6097847851192811,2.080591880838077
299.2695168658199,0.025940911905000707,-2.485884376398428,-0.6097801026806895,2.0942453268970302
299.2695168658199,0.07783261685613566,-2.4858163306300476,-0.6097847851162124,2.101513726394258
299.2695168658199,-0.20772695020384327,-2.4853476174783014,-0.6098170467663917,2.065158909368605
299.2695168658199,0.051883622875286764,-2.4858588638227666,-0.6097818585004982,2.0978423328325926
299.2695168658199,-0.15572997187107418,-2.4855864300977943,-0.6098006087224233,2.0711156162492643
299.2695168658199,0.20772695020374152,-2.485347617474368,-0.6098170467636401,2.1209969777933195
299.2695168658199,-0.025940911905102487,-2.485884376395149,-0.6097801026769191,2.08727226184071
299.26951686582,0.18172190158262463,-2.4854755983418473,-0.6098082322897671,2.116948914359491
299.26951686582,0.1557299718709724,-2.4855864300950543,-0.6098006087206048,2.1129766706761117
299.26951686582,0.1037877957918099,-2.4857567596534826,-0.6097888810834639,2.1052595452460032
299.26951686582,-0.12975049233166766,-2.4856801392931045,-0.6097941560997447,2.0742023946093657
299.26951686582,-0.10378779579191166,-2.485756759657383,-0.6097888810865938,2.077360808158664
299.26951686582,-0.18172190158272641,-2.485475598343158,-0.6098082322896583,2.068101111114754
299.26951686582,0.12975049233156588,-2.4856801392881436,-0.6097941560955913,2.10908003827245
299.26951686582,-0.051883622875388544,-2.485858863821974,-0.6097818584987462,2.0838957205504913
299.3515089404358,-0.025320520255661304,-2.4860390517526576,-0.6129267495702028,2.077112873559178
299.3515089404358,0.10130634995370154,-2.485917382246529,-0.6129351936147162,2.0946578988830464
299.3515089404358,0.12664876378406997,-2.4858443314237366,-0.6129402682823327,2.0983798034128625
299.3515089404358,0.20276481543796343,-2.485527286742273,-0.6129622907835232,2.1099807057499707
299.3515089404358,-0.12664876378417175,-2.485844331425224,-0.6129402682829838,2.064335920013224
299.3515089404358,-5.088887490341627e-14,-2.486047159736105,-0.612926187355845,2.0804809734768996
299.3515089404358,-0.15200804454220962,-2.485754986260222,-0.612946476047907,2.0613138881081587
299.3515089404358,0.025320520255610414,-2.4860390517521527,-0.6129267495704563,2.0839191738131517
299.3515089404358,-0.10130634995380332,-2.485917382246828,-0.6129351936141278,2.0674261875426043
299.3515089404358,-0.20276481543801433,-2.485527286743171,-0.6129622907840389,2.055476478935439
299.35150894043585,0.0759714913211641,-2.485974177711117,-0.6129312537601542,2.0910072895610936
299.35150894043585,-0.05064284857325215,-2.486014728513776,-0.6129284385632344,2.073814641602747
299.35150894043585,0.17737983773294524,-2.48564931310673,-0.6129538099142526,2.106041369267893
299.35150894043585,-0.17737983773304702,-2.485649313108051,-0.6129538099145465,2.058360731856486
299.35150894043585,0.05064284857315037,-2.4860147285131804,-0.6129284385638757,2.087427726798642
299.35150894043585,-0.07597149132126586,-2.485974177712493,-0.61293125376051,2.0705857247288004
299.35150894043585,0.15200804454210784,-2.4857549862582,-0.6129464760466925,2.1021744708172627
299.4332932183224,0.02469964388958489,-2.486194023198703,-0.6160691209758193,2.073633550970598
299.4332932183224,-5.088887490341627e-14,-2.4862017440563626,-0.6160685812877822,2.0702804525159024
299.4332932183224,0.04940110484491885,-2.486170861571625,-0.616070742502417,2.0770536944945093
299.4332932183224,-0.14828320924410782,-2.485923515171264,-0.6160880603688762,2.0515544132343644
299.4332932183224,-0.0741089116752677,-2.4861322469559157,-0.6160734452036174,2.0606206491353896
299.4332932183224,-0.12354461183329005,-2.4860085978760154,-0.6160820998379862,2.0545112354579986
299.4332932183224,-0.02469964388968667,-2.4861940231985407,-0.6160691209753959,2.066994145814347
299.4332932183224,-0.09882296534370555,-2.4860781622971015,-0.6160772274385973,2.0575329660235115
299.4332932183224,0.14828320924400604,-2.485923515169664,-0.6160880603679262,2.091413742377194
299.4332932183224,0.09882296534365466,-2.4860781622994064,-0.6160772274417009,2.084097130413781
299.4332932183224,0.12354461183318827,-2.486008597876353,-0.6160820998389854,2.0877207070712585
299.43329321832243,0.07410891167516592,-2.4861322469583644,-0.6160734452068386,2.0805415423492075
299.43329321832243,-0.049401104845020624,-2.486170861571428,-0.6160707425014909,2.063774396978378
299.43329321832243,0.22258871854225315,-2.4855748215475617,-0.6161124936414005,2.1029090529414747
299.43329321832243,0.17303438139682684,-2.485822880529958,-0.6160951017001438,2.095175700743442
299.43329321832243,0.19779880371968797,-2.4857066701989687,-0.6161032457107535,2.0990067876203637
299.43329321832243,-0.19779880371978975,-2.485706670198868,-0.6161032457101139,2.0458374449655894
299.43329321832243,-0.22258871854235493,-2.48557482154881,-0.616112493642355,2.0430760844756035
299.43329321832243,-0.1730343813968777,-2.4858228805308373,-0.6160951016999928,2.048663141354781
299.51486820053367,-0.14455560818328697,-2.4860920100636377,-0.6192253398966948,2.041837274301723
299.51486820053367,-0.12043815498918713,-2.4861729325504136,-0.6192196288772321,2.0447284231755893
299.51486820053367,0.09633773677217233,-2.4862390942763297,-0.6192149605836126,2.073577347774165
299.51486820053367,0.04815843909780294,-2.4863272582202693,-0.6192087482223412,2.0667203335278055
299.51486820053367,0.12043815498908535,-2.486172932547015,-0.6192196288742876,2.0771028633378976
299.51486820053367,0.21699812971892163,-2.4857603476203383,-0.6192487529105737,2.0918666251026927
299.51486820053367,0.1928291046410672,-2.4858857593015125,-0.6192398900579761,2.0880753599173154
299.51486820053367,-5.088887490341627e-14,-2.4863566291999972,-0.6192066778276223,2.0601205806471046
299.51486820053367,-0.04815843909785383,-2.4863272582201255,-0.6192087482217966,2.0537750715415526
299.5148682005337,-0.02407830651091117,-2.486349286152611,-0.6192071947794915,2.0569161656670336
299.5148682005337,-0.09633773677227411,-2.486239094276799,-0.6192149605835033,2.047681226050619
299.5148682005337,-0.07224494902760872,-2.486290533283009,-0.6192113374049397,2.050696737384651
299.5148682005337,-0.19282910464116898,-2.4858857592988852,-0.6192398900542313,2.03624189299962
299.5148682005337,0.07224494902750694,-2.4862905332849294,-0.6192113374071466,2.070116587200502
299.5148682005337,0.024078306510809395,-2.4863492861527,-0.6192071947799531,2.0633885518019186
299.5148682005337,0.1445556081831852,-2.486092010060863,-0.6192253398943302,2.080694606259344
299.5148682005337,-0.2169981297190234,-2.485760347620095,-0.619248752909658,2.033536427788053
299.5148682005337,-0.1686856984748005,-2.485996293011064,-0.6192320859913468,2.039008423386038
299.5148682005337,0.16868569847474962,-2.485996293010842,-0.619232085992375,2.084352037163439
299.59623397637296,0.16433387091724172,-2.4861695505210273,-0.622364747795907,2.0735702953369506
299.59623397637296,-5.088887490341627e-14,-2.4865118166727704,-0.6223404601122355,2.050001249262171
299.59623397637296,-0.07037963850448752,-2.4864490379334985,-0.622344913848149,2.040813878791213
299.59623397637296,0.07037963850438574,-2.486449037933309,-0.6223449138477425,2.0597323228721804
299.59623397637296,0.023456519828254266,-2.4865048420895945,-0.6223409541622797,2.0531840695663286
299.596233976373,-0.16433387091729262,-2.48616955052381,-0.6223647477969942,2.0293964727244904
299.596233976373,0.11732945179259267,-2.4863373361637944,-0.6223528394919601,2.066526178820298
299.596233976373,0.18785581185554384,-2.4860645535206554,-0.6223722094142475,2.077186345435649
299.596233976373,-0.1408253116060376,-2.486260471344144,-0.6223582991294374,2.0321623638376476
299.596233976373,0.04691487474969243,-2.486483919851597,-0.6223424390268555,2.0564275396130554
299.596233976373,-0.04691487474974332,-2.486483919850935,-0.6223424390259461,2.043816554711757
299.596233976373,-0.023456519828356046,-2.4865048420885674,-0.6223409541604581,2.046878823228966
299.596233976373,-0.11732945179269445,-2.4863373361671566,-0.6223528394951876,2.034987374035194
299.596233976373,0.09385071107315124,-2.4864001791853196,-0.6223483767957662,2.063098453352163
299.596233976373,0.21140349820861204,-2.4859454205299607,-0.6223806842589323,2.080867175255628
299.596233976373,0.1408253116059358,-2.4862604713388667,-0.6223582991246679,2.0700169738775718
299.596233976373,-0.21140349820866294,-2.485945420529749,-0.6223806842572897,2.0240408363375404
299.596233976373,-0.093850711073253,-2.4864001791875787,-0.6223483767976979,2.0378708574215842
299.596233976373,-0.18785581185564562,-2.486064553518112,-0.6223722094100822,2.0266897206487586
299.67739537612334,-0.13709217134792462,-2.486428897159595,-0.6254869712041277,2.0225290120326624
299.67739537612334,0.09136178946395718,-2.4865614160247755,-0.6254775088973469,2.052659740116158
299.67739537612334,0.02283425914514141,-2.486660690684333,-0.6254704316733684,2.0430194041636973
299.67739537612334,-5.088887490341627e-14,-2.4866673061856064,-0.6254699606582609,2.0399217613786016
299.67739537612334,-0.06851290601724909,-2.4866077602407257,-0.6254742072210683,2.0309713881451406
299.67739537612334,0.13709217134782284,-2.486428897156884,-0.6254869712022316,2.0593801355989565
299.67739537612334,0.0685129060171982,-2.486607760243384,-0.6254742072227181,2.049388044239377
299.67739537612334,0.20580460179706256,-2.4861300364237553,-0.6255083216163619,2.0699099928992104
299.67739537612334,-0.022834259145192295,-2.486660690682218,-0.6254704316706636,2.0368814250386635
299.67739537612334,-0.20580460179716434,-2.486130036425683,-0.6255083216158915,2.0145886593418787
299.67739537612334,-0.045670362407285565,-2.4866408460033607,-0.6254718475155556,2.0338981569520604
299.67739537612334,0.045670362407183786,-2.4866408460053444,-0.6254718475172791,2.046174609936236
299.6773953761234,-0.1599787258732678,-2.486342650553621,-0.6254931204622959,2.0198266254993253
299.6773953761234,0.15997872587316603,-2.486342650551331,-0.6254931204617622,2.062829764936138
299.6773953761234,-0.09136178946405894,-2.486561416023653,-0.6254775088962926,2.0281011796569026
299.6773953761234,-0.1142183787685726,-2.4865018073032013,-0.6254817646573019,2.0252874126921996
299.6773953761234,-0.18287872782802664,-2.486243049639927,-0.6255002374418475,2.017180270387007
299.6773953761234,0.18287872782797573,-2.4862430496389534,-0.6255002374429128,2.0663390335603147
299.6773953761234,0.11421837876852171,-2.4865018073017007,-0.6254817646561386,2.055989944985321
299.7583514814285,-0.044424940311892494,-2.4867980303443615,-0.6285969421409031,2.024019893175366
299.7583514814286,-0.0888710484243607,-2.486722797595453,-0.6286023253638853,2.01837220627949
299.7583514814286,0.08887104842425891,-2.4867227975973005,-0.6286023253652895,2.0422612421483395
299.7583514814286,-0.022211543582304004,-2.4868168257433583,-0.6285955956679464,2.0269239876410436
299.7583514814286,-0.06664480892701903,-2.4867666934753103,-0.6285991858864245,2.0211692793515903
299.7583514814286,-5.088887490341627e-14,-2.4868230916234557,-0.6285951477976238,2.0298821357986747
299.7583514814286,0.1556203971677448,-2.486515583768389,-0.6286171727017394,2.0521304980687782
299.7583514814286,0.022211543582202228,-2.4868168257433365,-0.6285955956682486,2.032894577278752
299.7583514814286,0.04442494031179072,-2.486798030346856,-0.6285969421427777,2.035961569689916
299.75835148142863,-0.1778980054944442,-2.4864212372011556,-0.6286239429930451,2.007713560468238
299.75835148142863,-0.2225270572050278,-2.4861943722022932,-0.6286402288996638,2.002698617378424
299.75835148142863,0.13335630212102143,-2.4865972790102457,-0.6286113246000723,2.0487841368979978
299.75835148142863,0.17789800549434243,-2.4864212371993513,-0.6286239429935264,2.0555334836642953
299.75835148142863,-0.11110503151411756,-2.486666338227313,-0.6286063729941066,2.015628552914799
299.75835148142863,-0.13335630212112318,-2.4865972790107267,-0.6286113245991608,2.0129372335221545
299.75835148142863,0.06664480892691725,-2.4867666934806243,-0.6285991858902518,2.039083780626684
299.75835148142863,0.11110503151406667,-2.486666338225266,-0.628606372992703,2.0454942013004613
299.7583514814287,0.20020161252749855,-2.4863141839316065,-0.6286316338662467,2.0589951452925077
299.7583514814287,-0.20020161252754942,-2.4863141839309058,-0.6286316338626894,2.005179917801104
299.7583514814287,-0.1556203971677957,-2.486515583769772,-0.6286171727012216,2.0102988978392813
299.7583514814287,0.22252705720492602,-2.486194372200374,-0.6286402289003462,2.062515011049689
299.8391016503971,-0.12961780643740423,-2.4867656163865224,-0.6317313360777279,2.003387009312036
299.8391016503971,0.12961780643730245,-2.4867656163856484,-0.6317313360786634,2.0382289863402185
299.8391016503971,0.15125900439293832,-2.4866883479891766,-0.6317368803674236,2.0414725095369777
299.8391016503971,-0.10798949545918071,-2.486830927295307,-0.6317266393642794,2.0060107746746243
299.8391016503971,-0.04317864263783539,-2.4869554721547695,-0.631717697145638,2.0141817438754046
299.8391016503971,-5.088887490341627e-14,-2.4869791731888995,-0.6317159965379876,2.0198823563957315
299.8391016503971,0.04317864263773361,-2.486955472154309,-0.6317176971447419,2.025788408554227
299.8391016503971,0.02158839022680136,-2.486973246912904,-0.6317164205253684,2.0228095753846507
299.8391016503971,0.06477539849400835,-2.486925837781915,-0.6317198254790999,2.0288195255247126
299.8391016503971,0.10798949545912982,-2.4868309272935196,-0.6317266393630638,2.035038950703615
299.8391016503971,-0.17291378152526676,-2.4865991132438166,-0.6317433025120222,1.9982895758009809
299.8391016503971,-0.15125900439298923,-2.4866883479921533,-0.6317368803682466,2.0008132723933274
299.83910165039714,0.08637855629974922,-2.4868843229508206,-0.6317228010748913,2.0319029573575733
299.83910165039714,-0.08637855629980011,-2.4868843229524815,-0.6317228010770016,2.008683916825344
299.83910165039714,-0.19459468414533798,-2.486497860668182,-0.631750598986395,1.9958145994820082
299.83910165039714,0.1945946841452362,-2.4864978606670336,-0.6317505989883535,2.0481226615429815
299.83910165039714,0.1729137815252159,-2.486599113238959,-0.6317433025098498,2.0447697174030606
299.83910165039714,-0.2162975308997402,-2.4863845316251996,-0.6317587515051357,1.9933889918894732
299.83910165039714,-0.021588390226852248,-2.4869732469151065,-0.631716420527221,2.017006492916087
299.83910165039714,-0.06477539849405924,-2.4869258377816106,-0.6317198254797244,2.0114075321215648
299.83910165039714,0.21629753089968928,-2.4863845316251845,-0.6317587515077219,2.051530865586015
299.9196508052137,0.083884209156822,-2.487045997077343,-0.6348389895910153,2.0215841707789037
299.91965080521373,-0.06290459676658758,-2.48708518941969,-0.6348361680985009,2.0016854545331357
299.91965080521373,-0.1468943656846808,-2.4868609496855782,-0.634852301519483,1.991369079242236
299.91965080521373,-0.2100633683167376,-2.4865740415081303,-0.6348729796866245,1.984122913310065
299.91965080521373,-0.16792584808518946,-2.4867766774666062,-0.634858365356166,1.9889076529868304
299.91965080521373,-5.088887490341627e-14,-2.4871355497197314,-0.6348325514458286,2.0099217189581187
299.91965080521373,0.020964773094214174,-2.4871299560453664,-0.6348329541104482,2.0127636909746975
299.91965080521373,0.14689436568457903,-2.486860949683233,-0.6348523015192248,2.030855080541843
299.91965080521373,0.18898358284907488,-2.486681053936619,-0.6348652512406826,2.037291822333933
299.91965080521373,-0.02096477309431595,-2.4871299560461915,-0.6348329541113996,2.007128240341914
299.9196508052138,0.10487164069011311,-2.4869955740016376,-0.6348426095693216,2.0246234765547597
299.9196508052138,0.04193141741607209,-2.4871131717153254,-0.6348341580961724,2.0156544161342618
299.9196508052138,-0.04193141741612298,-2.487113171716789,-0.6348341580984701,2.0043830126267093
299.9196508052138,-0.12587652840658728,-2.486933900284512,-0.634847042450237,1.9938776633896367
299.9196508052138,-0.08388420915692378,-2.487045997083512,-0.6348389895972197,1.9990356242662284
299.9196508052138,-0.104871640690164,-2.4869955740060403,-0.6348426095729452,1.9964333962508156
299.9196508052138,-0.18898358284912578,-2.4866810539396482,-0.6348652512409514,1.9864920479013155
299.9196508052138,0.16792584808513858,-2.486776677463014,-0.6348583653553165,2.034047015520517
299.9196508052138,0.12587652840653638,-2.4869339002828665,-0.6348470424504101,2.027713966012841
299.9196508052138,0.06290459676653669,-2.4870851894159887,-0.634836168094274,2.0185945660580855
299.91965080521385,0.2100633683166867,-2.4865740415081663,-0.6348729796887221,2.040589020094994
299.99999999999994,-5.088887490341627e-14,-2.487213810673498,-0.6363897624108888,1.9999999999964513
299.99999999999994,-0.02034069581042567,-2.4872083920003996,-0.6363901464692044,1.9972890062291724
299.99999999999994,-0.0406832718985726,-2.4871921237435464,-0.6363912842215728,1.9946234760579893
299.99999999999994,-0.06103241462189752,-2.487165001464719,-0.6363931852247371,1.9920028240766687
299.99999999999994,0.06103241462184663,-2.487165001461985,-0.6363931852213589,2.0084086826415946
299.99999999999994,0.04068327189852171,-2.4871921237427554,-0.6363912842194696,2.0055593710081987
299.99999999999994,0.02034069581037478,-2.4872083920008143,-0.6363901464690426,2.002756701334227
300.0,-0.203824605703097,-2.4866695924389015,-0.6364280707674576,1.9749001806111859
300.0,-0.08138802149845038,-2.4871270251652566,-0.6363958681898141,1.9894271075761636
300.0,0.10175148533500775,-2.487078150532027,-0.6363992886899071,2.014247564633737
300.0,-0.22430139156650455,-2.4865547596105744,-0.6364361786135363,1.9726322812920143
300.0,0.0813880214983486,-2.487127025158063,-0.6363958681827554,2.0113046652859383
300.0,-0.12213248978147809,-2.4870183705052673,-0.6364034792864449,1.9844089791198944
300.0,-0.14252650641998194,-2.486947680340522,-0.6364084814244862,1.9819661049207713
300.0,-0.16293423417537498,-2.4868659942347224,-0.6364142174772989,1.979567582138948
300.0,-0.18336834126341434,-2.4867733020679696,-0.6364207268114501,1.9772120572379404
300.0,-0.10175148533505864,-2.4870781505380353,-0.6363992886950058,1.986896198548021
300.0,0.1221324897814272,-2.4870183705038293,-0.6364034792867272,2.017238865132008
300.0,0.14252650641988016,-2.486947680339474,-0.6364084814254439,2.020278004445935
300.0,0.16293423417532407,-2.4868659942343156,-0.6364142174794848,2.023365175934865
300.0,0.18336834126331256,-2.4867733020664367,-0.6364207268122073,2.026502430627192
300.0,0.2038246057029952,-2.486669592438261,-0.6364280707686171,2.0296892833093207
300.0,0.22430139156645365,-2.486554759606838,-0.6364361786136892,2.032925622548737
