radius_мм,relative_angle_deg,sigma_rr_mpa,sigma_tt_mpa,radial_displacement_мм
249.99999999999994,-0.15000000000044866,-2.4607005975334513,0.2533603875455674,9.980089512570409
249.99999999999997,-4.579998741307465e-13,-2.4609927160894918,0.2533683204149103,9.999999999999938
249.99999999999997,0.14999999999958355,-2.46070059753387,0.2533603875456757,10.020404139380496
250.36108906245173,-0.14999995116483808,-2.4605121861530987,0.25468164942715954,9.916842727215379
250.36108906245173,-4.579998741307465e-13,-2.460804690460817,0.2546905536922289,9.936746180497838
250.36108906245175,0.1499999511639221,-2.4605121861535575,0.2546816494272771,9.957157340900228
250.72204634796392,0.1499996095284322,-2.4601321535877703,0.25723230782043216,9.893885158386787
250.72204634796392,-0.1499996095293482,-2.460132153587641,0.2572323078200135,9.853570636521127
250.72204634796392,-4.579998741307465e-13,-2.4604254115337825,0.2572431164131125,9.873466959693328
251.0827407001136,-0.14999868336042518,-2.459746493615661,0.2596004159938341,9.790300450053229
251.0827407001136,-4.579998741307465e-13,-2.4600404691735234,0.25961305230100357,9.810189514175857
251.08274070011362,0.1499986833595092,-2.4597464936158024,0.25960041599415457,9.830614722998412
251.44304194038367,-0.14999688304546172,-2.4593567584829037,0.26178841091680094,9.727059156486979
251.44304194038367,-4.579998741307465e-13,-2.4596514150214115,0.26180279896110087,9.74694080004528
251.44304194038367,0.14999688304454573,-2.4593567584834615,0.26178841091665034,9.76737294557307
251.80282077206346,0.14999392213057391,-2.4589644343195936,0.2637988784177208,9.7041865229912
251.80282077206346,-4.579998741307465e-13,-2.4592597346282794,0.26381494292570656,9.683747559125155
251.80282077206348,-0.1499939221314899,-2.458964434319955,0.2637988784172625,9.663873529690923
252.1619503778108,0.14998951832097462,-2.4585709378440583,0.2656345468667167,9.641081647625832
252.1619503778108,-0.14998951832183974,-2.4585709378450664,0.2656345468659675,9.600769837909132
252.1619503778108,-4.579998741307465e-13,-2.4588668441646173,0.26565221333499783,9.620636028234319
252.52030648064007,0.1499833944312725,-2.4581776141614062,0.2672982770635896,9.578083986924526
252.52030648064007,-4.579998741307465e-13,-2.4584740882192033,0.26731747182481697,9.557631918625331
252.5203064806401,-0.1499833944321885,-2.4581776141619,0.2672982770635509,9.537773823086242
252.87776655467763,0.14997527932279406,-2.457785735172307,0.2687930510725563,9.515218813409655
252.87776655467763,-4.579998741307465e-13,-2.458082738213763,0.2688137013570712,9.49476054586131
252.87776655467766,-0.14997527932365917,-2.457785735172808,0.26879305107277945,9.474910830616853
253.23421165164513,-4.579998741307465e-13,-2.4576939903213924,0.2701439986097411,9.43204650053394
253.23421165164513,0.14996490873765236,-2.4573964974911298,0.2701219646090965,9.45251067556018
253.23421165164515,-0.14996490873856835,-2.4573964974916347,0.2701219646094339,9.412205480002775
253.58952737853593,-4.579998741307465e-13,-2.457308964961871,0.27131156227079684,9.36951346860499
253.58952737853596,0.14995202604889993,-2.4570110219393935,0.27128821533687475,9.389983218289158
253.58952737853596,-0.14995202604976504,-2.457011021939471,0.27128821533736763,9.349681485129077
253.94360007474253,-0.14993638313418897,-2.4566303531266125,0.2722950913019733,9.28736232028421
253.94360007474253,-4.579998741307465e-13,-2.456928706387978,0.27231968146672453,9.3071848976075
253.94360007474253,0.14993638313327298,-2.456630353126679,0.27229509130179186,9.32765984919854
254.2963244640667,-4.579998741307465e-13,-2.456554182210197,0.27317172655140576,9.24508264403757
254.29632446406674,-0.14991774072293526,-2.456255458974713,0.2731459617197716,9.225269867677328
254.29632446406677,0.14991774072201924,-2.4562554589749883,0.27314596171974637,9.26556238619074
254.64759526118456,-4.579998741307465e-13,-2.4561862845390467,0.27387113612692704,9.183228445902584
254.6475952611846,-0.14989586935165491,-2.455887231861898,0.27384426400087614,9.163425889700694
254.6475952611846,0.1498958693507898,-2.455887231862193,0.2738442640009908,9.20371252998638
254.9973147744092,-4.579998741307465e-13,-2.4558258301949207,0.27442140688621985,9.12164258016885
254.99731477440923,0.1498705494818741,-2.4555264888289883,0.2743934935952843,9.142130521759983
254.99731477440923,-0.14987054948279008,-2.4555264888279495,0.274393493595788,9.10185068653257
255.3453894236964,-0.1498415720792442,-2.4551739730006137,0.27479719299720234,9.040563705760091
255.3453894236964,-4.579998741307465e-13,-2.4554735621350607,0.27482608261155494,9.06034447251924
255.34538942369642,0.1498415720783282,-2.4551739730020232,0.274797192996369,9.080835752917165
255.69172951189955,-4.579998741307465e-13,-2.4551301520421807,0.2750887419388166,8.999352735271687
255.69172951189955,-0.14980873899592106,-2.454830356186844,0.2750589395083792,8.979583580254054
255.69172951189955,0.14980873899505595,-2.454830356186928,0.27505893950878196,9.019846803074541
256.03624984220113,-4.579998741307465e-13,-2.4547962013797444,0.27521298915249615,8.93868505698866
256.0362498422012,-0.14977186322709563,-2.4544962399215944,0.27518233604458264,8.918928017771142
256.0362498422012,0.1497718632262305,-2.454496239921139,0.27518233604548475,8.959181329728452
256.3788725183539,-0.14973076876616426,-2.4541721571523536,0.27517100094990654,8.858613307059828
256.3788725183539,-4.579998741307465e-13,-2.4544722430703656,0.2752024440058465,8.878357708493503
256.3788725183539,0.14973076876524827,-2.4541721571522435,0.27517100095048375,8.898855574323186
256.7195235034939,-4.579998741307465e-13,-2.4541587448005746,0.27506073120417546,8.81838614873386
256.719523503494,-0.14968529104196596,-2.4538585755435762,0.27502855748755417,8.79865492360513
256.71952350349403,0.14968529104104994,-2.4538585755439453,0.27502855748776284,8.838884968113035
257.0581336326452,-0.14963527687267703,-2.4535559006274643,0.27475862505054177,8.739067351858584
257.0581336326452,-4.579998741307465e-13,-2.453856112173627,0.27479147160794,8.758784846973356
257.05813363264525,0.14963527687176104,-2.45355590062775,0.27475862505096965,8.77928395437984
257.39463784604703,-0.14958058457298312,-2.4532644778189567,0.2743648102178725,8.679864221217436
257.39463784604703,-4.579998741307465e-13,-2.4535646907208704,0.2743982732897214,8.699567418791146
257.3946378460471,0.1495805845720671,-2.453264477819315,0.2743648102182861,8.720066124440983
257.7289790675267,-4.579998741307465e-13,-2.4532847681846155,0.2738847216371309,8.640745945320067
257.72897906752684,-0.1495210832060635,-2.4529845946964812,0.2738506968632423,8.62105762545247
257.72897906752684,0.1495210832051475,-2.4529845946970643,0.2738506968634327,8.661243536876208
258.0611045946872,-0.14945665291426716,-2.4527164858685886,0.27321984149051287,8.5626587603669
258.0611045946872,0.14945665291335114,-2.4527164858691344,0.27321984149076967,8.60282735527532
258.0611045946872,-4.579998741307465e-13,-2.453016579381158,0.2732543746833371,8.582331611016803
258.3909610510459,-4.579998741307465e-13,-2.452760308743198,0.27251075502911165,8.524335593656906
258.39096105104596,-0.1493871858440179,-2.452460335519457,0.2724757651571762,8.504678813571283
258.39096105104596,0.1493871858431528,-2.452460335520708,0.2724757651567244,8.544828738261772
258.7185097289765,-4.579998741307465e-13,-2.452516092385194,0.2716573412896219,8.466766369555371
258.7185097289765,-0.14931258272338505,-2.452216279474143,0.271621944924997,8.44712627048409
258.7185097289766,0.14931258272251996,-2.4522162794757256,0.2716219449240374,8.487256144573314
259.0437064042651,-4.579998741307465e-13,-2.4522840226877243,0.2706975660237955,8.409633265961702
259.04370640426515,-0.14923275681742112,-2.4519844097826224,0.2706618117953435,8.390010465788253
259.04370640426515,0.1492327568165051,-2.451984409783825,0.27066181179454646,8.43011888558171
259.36651856211023,-0.14914762978041315,-2.45176477686256,0.2695987416802677,8.333338560060458
259.36651856211023,-4.579998741307465e-13,-2.452064150435504,0.2696348067033811,8.35294343677663
259.36651856211023,0.14914762977949717,-2.451764776863058,0.2695987416799688,8.373424100807137
259.68691560852835,-0.14905713346406638,-2.4515573927052703,0.2684360511746559,8.27711726390768
259.68691560852835,-4.579998741307465e-13,-2.4518564880219644,0.26847238148275776,8.296703587127505
259.6869156085284,0.14905713346315036,-2.4515573927054883,0.26843605117451824,8.317178482540784
260.0048706115035,-4.579998741307465e-13,-2.451661013257191,0.26721354862588165,8.240919671272314
260.0048706115035,0.14896120917946265,-2.451362234684594,0.2671769969882976,8.261387973688214
260.0048706115036,-0.14896120918037864,-2.4513622346847197,0.2671769969881422,8.22135253600869
260.32036104622546,-0.14885980706395213,-2.4511792478433034,0.26582476961873713,8.166049456736289
260.32036104622546,-4.579998741307465e-13,-2.4514776716505016,0.26586150017841337,8.185596766119444
260.32036104622546,0.14885980706303611,-2.4511792478433767,0.2658247696186673,8.206057641220166
260.63336868349967,-4.579998741307465e-13,-2.45130637913668,0.26441935742778255,8.130739095475661
260.6333686834997,-0.14875288561155067,-2.4510083476235973,0.26438248881299214,8.111212252465478
260.6333686834997,0.14875288561063468,-2.451008347623207,0.2643824888132799,8.151191700357098
260.94387946768126,-4.579998741307465e-13,-2.451147025570266,0.2628901748248026,8.076350056259578
260.9438794676813,-0.14864041120354088,-2.450849423355777,0.26285320749728475,8.056844321848665
260.9438794676813,0.1486404112026249,-2.4508494233546942,0.26285320749812374,8.096793540715666
261.2518778257766,-0.14852235980205378,-2.4507023403429296,0.26123990585470813,8.002949236337026
261.2518778257766,-4.579998741307465e-13,-2.450999476804869,0.26127693406208535,8.0224332193604
261.25187782577666,0.14852235980118866,-2.4507023403433905,0.2612399058540324,8.042866727286508
261.5573606234827,-0.148398711193672,-2.450566941872947,0.25954548415430795,7.949528302387936
261.5573606234827,-4.579998741307465e-13,-2.450863576693564,0.25958253690618,7.968989890805301
261.55736062348274,0.14839871119275602,-2.450566941873664,0.25954548415334516,7.989412561094341
261.86031882543926,-0.1482694555263603,-2.4504430523218286,0.2577727681844394,7.896583775309643
261.86031882543926,-4.579998741307465e-13,-2.4507391502044285,0.2578098106198475,7.916022326834692
261.86031882543926,0.1482694555254952,-2.450443052321562,0.25777276818442574,7.9364332947995395
262.1607538683808,-4.579998741307465e-13,-2.4506260054812294,0.25596150540819257,7.86353087368756
262.1607538683809,-0.1481345862694985,-2.4503304792241,0.2559245066969238,7.844116000300879
262.1607538683809,0.14813458626863338,-2.450330479224004,0.2559245066968114,7.883929271845572
262.4586637675904,-4.579998741307465e-13,-2.4505239361932696,0.2540402994400313,7.8115164015285
262.4586637675904,0.1479941055825559,-2.4502290156235316,0.25400337642643034,7.83190136084458
262.45866376759045,-0.14799410558347192,-2.4502290156235587,0.2540033764265541,7.7921258453931515
262.7540508682784,-4.579998741307465e-13,-2.4504327231563137,0.25204879381214695,7.759978953257922
262.75405086827845,-0.14784802060870222,-2.4501384416951213,0.2520119770608005,7.740613350902552
262.75405086827845,0.1478480206077862,-2.450138441694688,0.2520119770612042,7.780349604031696
263.0469224609492,-4.579998741307465e-13,-2.4503521358587186,0.24998950432527534,7.708917642681717
263.04692246094925,-0.1476963424603883,-2.4500585262731707,0.24995282301956653,7.689577627739862
263.04692246094925,0.1476963424595232,-2.4500585262732026,0.24995282301979468,7.729273115305066
263.3372862411449,-0.14753908796880424,-2.4499890292748794,0.24782835884297977,7.639017653691125
263.3372862411449,-4.579998741307465e-13,-2.4502819348820175,0.247864876877254,7.658331451111517
263.33728624114497,0.14753908796793913,-2.449989029274124,0.24782835884421997,7.678670876974023
263.625149147439,-4.579998741307465e-13,-2.450221873259015,0.24567728624403307,7.6082194325291805
263.62514914743906,-0.14737628010478104,-2.4499297030574443,0.24564095797603477,7.58893247850336
263.62514914743906,0.14737628010391593,-2.449929703057212,0.2456409579769738,7.628541944959312
263.9105248644104,-4.579998741307465e-13,-2.450171697467751,0.24342901876923403,7.558579411047408
263.91052486441043,0.14720794335925133,-2.449880293420421,0.24339290546185682,7.578884145758868
263.9105248644105,-0.14720794336011644,-2.4498802934193855,0.24339290546213693,7.539319922092056
264.19342898348225,-0.1470341057575327,-2.4498405415286477,0.24108641820759302,7.490177422099724
264.19342898348225,-4.579998741307465e-13,-2.4501311493606974,0.24112229263386648,7.5094088288296375
264.1934289834823,0.14703410575661668,-2.4498405415294977,0.2410864182072638,7.529694924546666
264.47387059019127,-4.579998741307465e-13,-2.450099967320022,0.23875926000509157,7.460706210343326
264.4738705901913,-0.1468548038924411,-2.4498101850694067,0.23872364713766686,7.441503497330134
264.4738705901913,0.14685480389157599,-2.4498101850696576,0.23872364713766578,7.480972809962004
264.75187264799274,-4.579998741307465e-13,-2.450077887104058,0.2363419944200195,7.41246762457153
264.7518726479928,0.146670069746464,-2.449788959104978,0.23630666457809918,7.432713874881692
264.7518726479928,-0.1466700697473291,-2.449788959105595,0.23630666457738497,7.39329421206445
265.02744644649954,-4.579998741307465e-13,-2.4500646430898585,0.2338725080920964,7.3646911255180765
265.0274464464996,-0.146479946692851,-2.449776597314971,0.23383748155374806,7.345547613993026
265.0274464464996,0.14647994669198589,-2.4497765973132903,0.23383748155551654,7.384916178652503
265.3006142000731,0.14628447431581879,-2.449772832785379,0.23131803350974248,7.3375758461611635
265.3006142000731,-0.1462844743166839,-2.449772832786867,0.23131803350809665,7.298259817362873
265.3006142000731,-4.579998741307465e-13,-2.4500599690679152,0.23135273761139544,7.317372832954564
265.5713959008471,-4.579998741307465e-13,-2.4500635991641557,0.2287845471815012,7.270509217130426
265.5713959008471,-0.14608369674329902,-2.4497773989493865,0.22875018352442159,7.251427286352541
265.57139590084716,0.1460836967424339,-2.4497773989493927,0.2287501835247127,7.2906893534451935
265.8398119372517,-0.14587766068176264,-2.4497900303375686,0.2261357382638905,7.20504638323583
265.8398119372517,-4.579998741307465e-13,-2.4500752686083462,0.22616974455774586,7.224096646635355
265.83981193725174,0.14587766068084662,-2.449790030338118,0.22613573826384828,7.244253075332082
266.10588410148733,-4.579998741307465e-13,-2.4500947143786203,0.22351007163851175,7.178131216762144
266.1058841014874,-0.1456664143716748,-2.4498104632338316,0.22347643856596228,7.159113196897114
266.1058841014874,0.14566641437080968,-2.449810463234024,0.2234764385664869,7.1982631136712225
266.3696354972071,-4.579998741307465e-13,-2.450121675781218,0.2208072095747891,7.132608768488909
266.3696354972072,0.14545000728898083,-2.449838436251706,0.2207739645542938,7.152715316269852
266.36963549720724,-0.14545000728984595,-2.4498384362512526,0.2207739645540492,7.113623561846133
266.63108798131134,-4.579998741307465e-13,-2.4501558948664273,0.21806278827487205,7.087525332326656
266.63108798131134,-0.14522849199496762,-2.4498736907495733,0.21802994513612964,7.068573501777443
266.6310879813114,0.1452284919941025,-2.4498736907494774,0.21802994513656193,7.107605720948361
266.8902640800386,-0.14500192241800078,-2.449915971602279,0.2152459375681146,7.023958900679524
266.8902640800386,-4.579998741307465e-13,-2.4501971171890937,0.21527836596248953,7.042876799174407
266.89026408003866,0.14500192241713566,-2.449915971600458,0.21524593756990018,7.062930226189913
267.14719372530294,0.1447703474374044,-2.4499650273929867,0.21242344490013362,7.01868343382102
267.14719372530294,-4.579998741307465e-13,-2.450245092012681,0.21245544661977145,6.998657763780431
267.147193725303,-0.14477034743826953,-2.44996502739447,0.2124234448988331,6.979774347241953
267.401892812506,-0.14453382990999727,-2.450020610586945,0.2095639296121221,6.936016824790805
267.401892812506,-4.579998741307465e-13,-2.4502995724742727,0.20959549364225172,6.954865217520182
267.40189281250605,0.14453382990913216,-2.4500206105862903,0.20956392961234405,6.9748623440605995
267.65439443828706,-4.0711099922733015e-13,-2.4503603165885393,0.2066998925309027,6.9114931751530975
267.6543944382871,-0.14429241812692986,-2.450082478539202,0.20666877633254072,6.89268034228249
267.6543944382871,0.14429241812606475,-2.450082478537988,0.20666877633293662,6.931460978844679
267.9047217386784,-0.14404617039275658,-2.450150392939946,0.20373933436088706,6.849760605361576
267.9047217386784,-4.0711099922733015e-13,-2.4504270867050812,0.2037699934335146,6.868537349537528
267.90472173867846,0.14404617039189146,-2.4501503929378132,0.20373933436194716,6.888475059487666
268.1528964309452,-4.0711099922733015e-13,-2.4504996496684806,0.20080711399524737,6.825993681053345
268.15289643094525,-0.143795147483959,-2.450224119974656,0.20077692052097512,6.807253546908857
268.15289643094525,0.14379514748309388,-2.4502241199733787,0.20077692052125717,6.84590053520483
268.3989481319465,-4.0711099922733015e-13,-2.4505777779947637,0.19781249663621217,6.783856742756329
268.3989481319465,0.14353940288744169,-2.4503034315241723,0.19778277644162726,6.803731987057135
268.39894813194655,-0.1435394028883068,-2.4503034315258416,0.19778277644076542,6.765153733609793
268.6429023546195,-4.0711099922733015e-13,-2.4506612494138755,0.19478733845390597,6.742121801079657
268.64290235461954,-0.14327899453891652,-2.450388104694465,0.1947580984552529,6.723456424933033
268.64290235461954,0.14327899453805143,-2.450388104692992,0.194758098456252,6.761964690083508
268.88478515718185,-4.0711099922733015e-13,-2.450749846707031,0.19173280307050644,6.700784019398902
268.8847851571819,0.14301398009074615,-2.4504779216353354,0.19170404945236794,6.720593816283463
268.8847851571819,-0.14301398009156036,-2.4504779216352324,0.19170404945259012,6.682156777382368
269.1246222897052,-4.0711099922733015e-13,-2.450843357698627,0.18865002148148646,6.659838605365969
269.12462228970526,-0.14274441768662519,-2.4505726695566676,0.18862175971476947,6.641249991715597
269.12462228970526,0.14274441768581095,-2.450572669556276,0.18862175971513953,6.679614582040814
269.36243675261613,0.1424703687123786,-2.4506721412625616,0.18551231361783266,6.639022665526866
269.36243675261613,-0.1424703687131928,-2.4506721412624928,0.18551231361773024,6.6007317296049255
269.36243675261613,-4.0711099922733015e-13,-2.4509415758030144,0.1855400787450537,6.619281227966395
269.5982589555014,-4.0711099922733015e-13,-2.451044300758708,0.1824039941413214,6.579106286407981
269.5982589555015,0.14219188593646181,-2.450776135905411,0.1823767297884419,6.598812474087771
269.5982589555015,-0.14219188593732693,-2.4507761359050093,0.18237672978843397,6.560596384214958
269.83211508406714,-4.0711099922733015e-13,-2.451151337050942,0.17924277076934583,6.539308896561625
269.83211508406714,-0.1419090265615834,-2.4508844573843516,0.17921601069360588,6.520839064770442
269.83211508406714,0.1419090265607183,-2.4508844573850266,0.1792160106935296,6.558979132322227
270.0640254810039,-4.0711099922733015e-13,-2.451262494334708,0.17605738650635153,6.499885163256761
270.0640254810039,0.1416218547421775,-2.450996914774377,0.17603113360037517,6.51951875470754
270.06402548100397,-0.14162185474299172,-2.450996914773397,0.17603113360062142,6.481455868505653
270.29402249456473,-4.0711099922733015e-13,-2.4513775885834654,0.17284875843190473,6.460829146638092
270.2940224945648,-0.14133041945262861,-2.4511133234895603,0.1728230150081756,6.4424408501444175
270.2940224945648,0.1413304194518144,-2.4511133234902607,0.172823015008214,6.480425409129134
270.52212740707466,-4.0711099922733015e-13,-2.451496440530311,0.16961778777513792,6.422136785573903
270.5221274070747,-0.1410347828728317,-2.451233503706105,0.16959255558608818,6.403789941294842
270.5221274070747,0.14103478287201746,-2.4512335037069137,0.16959255558593783,6.441695043907423
270.74836586371396,-0.1407350012294466,-2.4513572810907562,0.16634062262748353,6.36549833098694
270.74836586371396,-4.0711099922733015e-13,-2.4516188763895155,0.16636534236521713,6.3838032754905205
270.74836586371396,0.14073500122863236,-2.451357281091473,0.16634062262732466,6.403322863183879
270.9727652896358,-0.14043112759819584,-2.451484487336059,0.16306803313735585,6.327560907102113
270.9727652896358,-4.0711099922733015e-13,-2.4517447283786007,0.163092239720165,6.345823510207544
270.97276528963584,0.14043112759738163,-2.451484487336122,0.16306803313772303,6.3653037691046475
271.19534977848576,-4.0711099922733015e-13,-2.4518738334629924,0.15979928101652865,6.308192948121171
271.19534977848576,0.1401232186963081,-2.451614958882117,0.1597755878030187,6.327633228879244
271.1953497784858,-0.1401232186971223,-2.4516149588831175,0.1597755878016676,6.28997312160612
271.41614356374606,-4.0711099922733015e-13,-2.4520060335148757,0.1564872459612651,6.270907023964752
271.4161435637461,-0.1398113303291342,-2.451748537088566,0.15646406585623437,6.252730402946355
271.4161435637462,0.13981133032832,-2.451748537089015,0.15646406585644243,6.290306685952751
271.6351709934395,-4.0711099922733015e-13,-2.452141175698574,0.15315688140822814,6.233961153953209
271.63517099343954,-0.1394955173134069,-2.4518850686159004,0.1531342137035456,6.215828161202525
271.63517099343954,0.1394955173125927,-2.451885068617157,0.1531342137032236,6.2533195651382885
271.85245650588035,-4.0711099922733015e-13,-2.4522791124046948,0.14980890225951737,6.1973507406937784
271.8524565058804,-0.1391758334229932,-2.452024405365611,0.14978674581725182,6.17926179300304
271.8524565058804,0.13917583342217899,-2.4520244053652904,0.14978674581845583,6.216667277516433
272.0680246064571,-4.0711099922733015e-13,-2.4524197011845574,0.14644399234906152,6.161071177867669
272.0680246064571,0.1388523313274715,-2.4521664044103084,0.14642234562530534,6.180345225106822
272.0680246064571,-0.1388523313283366,-2.4521664044098683,0.14642234562479786,6.143026686211648
272.2818998454277,-4.0711099922733015e-13,-2.4525628043003533,0.14306281341143784,6.12511785468804
272.28189984542774,0.1385250625454665,-2.452310927546046,0.14304167446972138,6.144348805316684
272.28189984542774,-0.13852506254628072,-2.4523109275459642,0.14304167446892507,6.1071182243897635
272.4941047882329,0.13819408055624954,-2.4524578403820794,0.13964539051165964,6.108673752637617
272.4941047882329,-4.0711099922733015e-13,-2.4527082878274746,0.13966602398069464,6.089486497187127
272.49410478823296,-0.13819408055706378,-2.452457840382855,0.13964539051023014,6.071532127655467
272.7046596600959,-4.0711099922733015e-13,-2.4528560232130996,0.13625424488229587,6.054173226462124
272.70465966009596,-0.1378594415989483,-2.45260701391364,0.13623411422254705,6.036264510823699
272.70465966009596,0.1378594415980832,-2.452607013913288,0.13623411422339476,6.073316196999316
272.91359389475497,-4.0711099922733015e-13,-2.453005886772257,0.1328280637714676,6.019172623449983
272.913593894755,0.1375211860802454,-2.452758324023664,0.13280843292673772,6.038270726079761
272.913593894755,-0.13752118608105962,-2.45275832402436,0.1328084329257138,6.001309950711951
273.12092255500215,0.1371793763779426,-2.4529116506177666,0.12936892380725326,6.003534342968959
273.12092255500215,-4.0711099922733015e-13,-2.4531577588396685,0.12938805815720267,5.984481681585189
273.1209225550022,-0.13717937637875682,-2.452911650619439,0.12936892380553344,5.966665433646047
273.3266762135601,-4.0711099922733015e-13,-2.453311523916253,0.12593478701510927,5.950094802271593
273.3266762135602,0.1368340483107852,-2.453066877778976,0.12591614554220126,5.969101455201207
273.3266762135602,-0.13683404831159943,-2.4530668777800644,0.12591614554134375,5.93232535753334
273.53086722349354,-4.0711099922733015e-13,-2.4534670701715253,0.12246880184123382,5.916009437784016
273.53086722349354,-0.13648526689592638,-2.4532238932592576,0.12245064933578569,5.898287167193348
273.53086722349354,0.13648526689511217,-2.4532238932590715,0.12245064933547788,5.934969525070037
273.7335248366798,-4.0711099922733015e-13,-2.4536242914775617,0.11899060185517021,5.882220221894366
273.7335248366798,-0.13613306744530917,-2.453382590543609,0.11897293414023842,5.86454549296639
273.7335248366798,0.13613306744454584,-2.453382590541196,0.1189729341417598,5.901133192406746
273.9346693111679,-4.0711099922733015e-13,-2.4537830852091016,0.11550067416077105,5.848723296466887
273.93466931116797,-0.13577749915743267,-2.4535428666177808,0.11548348680937968,5.831096471402576
273.93466931116797,0.13577749915661846,-2.4535428666164005,0.11548348680980851,5.8675886069839365
274.13431942225253,-4.0711099922733015e-13,-2.453943350889266,0.11199952866690366,5.815515054387659
274.13431942225253,0.13541861278911518,-2.453704620615647,0.11198281700397314,5.834332169806851
274.1343194222526,-0.13541861278992942,-2.453704620617779,0.11198281700300877,5.797936489865359
274.33249530808314,-4.0711099922733015e-13,-2.4541049927877907,0.10848763800427128,5.782591666040528
274.33249530808314,-0.1350564555909315,-2.4538677564411975,0.10847139712308985,5.765061713688857
274.3324953080832,0.13505645559011725,-2.4538677564360363,0.1084713971266782,5.801360058908142
274.52921947104585,-4.0711099922733015e-13,-2.454267919735905,0.10496543802048948,5.749948915014235
274.5292194710459,0.13469106917344237,-2.454032182557549,0.10494966281210179,5.768668064764144
274.5292194710459,-0.13469106917425658,-2.454032182560606,0.10494966281056302,5.7324679221651165
274.72451179986473,0.134322498589841,-2.4541978106397058,0.10141804157263162,5.736252418773015
274.72451179986473,-4.0711099922733015e-13,-2.454432043742658,0.10143335642673426,5.7175830253614235
274.7245117998648,-0.13432249859060433,-2.454197810640743,0.10141804157300496,5.700151334584367
274.9183921033229,-0.1339507877801264,-2.4543645555076434,0.09787695316814728,5.668108189449367
274.9183921033229,0.13395078777936306,-2.454364555507034,0.09787695316736919,5.704109371246992
274.9183921033229,-4.0711099922733015e-13,-2.4545972799776035,0.09789181316728592,5.685490240202163
275.1108801018788,-4.0711099922733015e-13,-2.4547635464151467,0.09434122413013468,5.653666823390086
275.1108801018789,-0.13357597956006062,-2.4545323347974692,0.09432681330857272,5.636334746142062
275.1108801018789,0.13357597955924638,-2.4545323347970154,0.0943268133077332,5.672235193075714
275.3019923799605,-0.13319812167048184,-2.454701069157864,0.0907680301991749,5.604827787317529
275.3019923799605,-4.0711099922733015e-13,-2.454930764035983,0.09078199768555684,5.622109562711596
275.30199237996055,0.1331981216696676,-2.4547010691586517,0.09076803019735166,5.640626679745018
275.4917493797304,-4.0711099922733015e-13,-2.4550988582539817,0.08721450278112548,5.590814614326451
275.49174937973044,0.13281725306412667,-2.4548706836911656,0.08720097263667839,5.60927999391893
275.49174937973044,-0.1328172530649409,-2.4548706836902885,0.08720097263839803,5.573583465170498
275.6801714068265,-0.13243341149280524,-2.455041107342196,0.08362597854984744,5.542597962176637
275.6801714068265,0.1324334114920419,-2.455041107341625,0.08362597854969037,5.578191328218722
275.6801714068265,-4.0711099922733015e-13,-2.45526775830969,0.0836390774797961,5.559778164523266
275.86727777062595,-4.0711099922733015e-13,-2.4554373940557075,0.08005609361819524,5.5289965712459015
275.867277770626,-0.13204663527573854,-2.4552122696573684,0.0800434196418766,5.511867632382738
275.867277770626,0.13204663527492433,-2.4552122696570695,0.08004341964171754,5.547357046990617
276.0530790254181,-0.13165697981213337,-2.4553841030102754,0.07645366297962895,5.4813902725652515
276.0530790254181,-4.0711099922733015e-13,-2.4556076981727752,0.0764659183853368,5.498467637433964
276.0530790254182,0.13165697981137003,-2.455384103008994,0.07645366298053197,5.5167749619001345
276.23760154618924,-4.0711099922733015e-13,-2.4557786081130244,0.07286886289006322,5.468186571856009
276.2376015461893,0.13126446621303586,-2.4555565445821537,0.07285701956783114,5.486440285760429
276.2376015461893,-0.1312644662137992,-2.455556544583368,0.07285701956696486,5.451161089863263
276.42085704831385,-0.13086914511124817,-2.455729533499225,0.06925380277466528,5.421177702398802
276.42085704831385,0.13086914511043396,-2.4557295334993534,0.06925380277422166,5.456350650301124
276.42085704831385,-4.0711099922733015e-13,-2.4559500632763758,0.06926524060332148,5.438150998176841
276.60286682184574,-4.0711099922733015e-13,-2.456122004827551,0.06565537347322509,5.408356975656942
276.6028668218458,0.13047104545455054,-2.455903010652577,0.06564433446002908,5.4265021198787
276.6028668218458,-0.13047104545531388,-2.455903010652667,0.06564433446034701,5.3914361667474235
276.7836426187424,-4.0711099922733015e-13,-2.456294377043256,0.06203956152832117,5.378802131998475
276.7836426187425,0.1300702157169372,-2.4560769200552146,0.062028914570099236,5.396892329956011
276.7836426187425,-0.13007021571770053,-2.4560769200555765,0.062028914570175654,5.361934105344559
276.9632069906605,-4.0711099922733015e-13,-2.4564671270047365,0.05841808612016777,5.34948233505313
276.9632069906606,0.12966667928500125,-2.4562512085390424,0.0584078243893394,5.367517152700781
276.9632069906606,-0.12966667928576459,-2.456251208539433,0.05840782438937209,5.33266738407232
277.1415711045627,-4.0711099922733015e-13,-2.4566402028502283,0.05479124391858337,5.3203953196524
277.14157110456273,0.12926048366951237,-2.4564258239907337,0.05478136051633037,5.338374330561136
277.14157110456273,-0.1292604836702757,-2.4564258239905965,0.0547813605168588,5.303633732609692
277.31875215289244,-4.0711099922733015e-13,-2.4568135558133055,0.05115931082066825,5.29153784228719
277.3187521528925,0.12885166175664256,-2.456600717402394,0.05114979879327613,5.3094606256314565
277.3187521528925,-0.1288516617574059,-2.4566007174018285,0.05114979879423989,5.274829904212436
277.49476784547903,-4.0711099922733015e-13,-2.4569871403838928,0.047522527606049095,5.262906582939724
277.4947678454791,0.12844024383743488,-2.4567758430355173,0.04751337995968471,5.280772723130711
277.4947678454791,-0.12844024383819821,-2.4567758430357474,0.04751337995991958,5.246252575958446
277.66963297410933,0.1280262656925697,-2.4569511561950623,0.043872358519530676,5.252307791013084
277.66963297410933,-3.562221243239139e-13,-2.45716091209105,0.043881148821870164,5.234498703580847
277.6696329741094,-0.12802626569333303,-2.4569511561961224,0.043872358518970825,5.2178989061853756
277.84336222808633,-3.562221243239139e-13,-2.4573348280192633,0.040235432346866475,5.206311388819596
277.8433622280864,0.12760976221659942,-2.457126613744601,0.040226992313615734,5.224063019741652
277.8433622280864,-0.12760976221736275,-2.457126613745005,0.04022699231372597,5.189766075977918
278.0159701917225,-3.562221243239139e-13,-2.4575088473662148,0.03658562544019407,5.1783418463938835
278.01597019172254,0.12719076741916982,-2.4573021746617356,0.03657752857672823,5.196035622778727
278.01597019172254,-0.12719076741993315,-2.4573021746620447,0.036577528577069904,5.16185128965786
278.18747134198816,-3.562221243239139e-13,-2.4576829313806767,0.03293196502557448,5.150587307626154
278.1874713419882,0.126769314426852,-2.457477799987093,0.032924204211153836,5.168222837041469
278.1874713419882,-0.12676931442756445,-2.4574777999870143,0.03292420421191843,5.134151775239169
278.35788004631075,-3.562221243239139e-13,-2.4578570432874365,0.02927467798312108,5.123045027845369
278.3578800463108,-0.126345435486552,-2.457653452741283,0.029267246086003208,5.10666478484915
278.3578800463108,0.12634543548583957,-2.457653452741635,0.02926724608493943,5.140621923323771
278.5272105605196,-3.562221243239139e-13,-2.458031148216471,0.025613981433017914,5.095712286776444
278.5272105605196,0.12591916196576522,-2.4578290978592214,0.02560687131198173,5.113230166685982
278.5272105605197,-0.12591916196647768,-2.4578290978597437,0.025606871312324125,5.079387595117148
278.6954770269317,-3.562221243239139e-13,-2.458205213147897,0.02195008300028704,5.068586388898385
278.6954770269317,-0.12549052436458613,-2.458004702132177,0.021943287516697742,5.052317507531824
278.69547702693177,0.1254905243638737,-2.4580047021330356,0.02194328751510779,5.086044876813284
278.8626934725736,0.1250595523101615,-2.4581802341525925,0.018276693093447823,5.059063388344159
278.8626934725736,-0.12505955231087396,-2.4581802341511714,0.01827669309540784,5.025451848768196
278.8626934725736,-3.562221243239139e-13,-2.458379206853893,0.01828318107821116,5.041664663772297
279.0288738075353,0.12462627457312742,-2.458355664234638,0.014607277491579536,5.032283061169835
279.0288738075353,-3.562221243239139e-13,-2.4585530998237406,0.014613465103279873,5.014944466340342
279.0288738075353,-0.12462627457383986,-2.4583556642346824,0.014607277491987675,4.998787970985609
279.19403182345155,-3.562221243239139e-13,-2.458726863714812,0.010941125317551068,4.98842317719675
279.19403182345155,-0.12419071906669331,-2.4585309638655333,0.010935230965867683,4.972323252097729
279.1940318234516,0.12419071906598086,-2.458530963863257,0.010935230967706638,5.00570128070601
279.35817950081565,-3.562221243239139e-13,-2.458900470276502,0.0072663743427631815,4.962098473890862
279.3581795008157,-0.1237529173905605,-2.4587061046089915,0.0072607661614153066,4.946055366485987
279.3581795008157,0.12375291738979717,-2.4587061046064664,0.007260766163623283,4.979315729827355
279.52132665207273,0.12331290605836186,-2.458881060552323,0.003584073953498088,4.95312444440863
279.52132665207273,-3.562221243239139e-13,-2.45907389376245,0.003589403033620032,4.935968386295871
279.5213266520728,-0.1233129060590743,-2.4588810605532654,0.0035840739525616594,4.919982340211622
279.6834912509384,-3.562221243239139e-13,-2.4592471114393595,-8.964155002519662e-05,4.9100296433433845
279.68349125093846,-0.12287069848730546,-2.459055808821199,-9.469856736787036e-05,4.894100901381132
279.6834912509385,0.12287069848659302,-2.4590558088220824,-9.469856779411925e-05,4.927124156161778
279.84468309770403,-3.562221243239139e-13,-2.4594200998847926,-0.0037705798324744154,4.8842802893564246
279.8446830977041,0.12242632903394653,-2.45923032583374,-0.003775371791767087,4.901312915094348
279.8446830977041,-0.12242632903465897,-2.459230325832796,-0.003775371791652098,4.868409090767493
280.00491267135254,-3.562221243239139e-13,-2.4595928375295197,-0.007453239404133467,4.858718264322827
280.0049126713526,0.12197982941284256,-2.459404589868101,-0.007457773275189283,4.875688666503848
280.0049126713526,-0.12197982941355501,-2.4594045898691834,-0.007457773277194942,4.842904845145113
280.1641967113433,-0.12153121277159241,-2.45957858061368,-0.011141747552984601,4.8175851114498744
280.1641967113433,-3.562221243239139e-13,-2.4597653042015577,-0.011137464843473149,4.833340515998568
280.16419671134344,0.12153121277087997,-2.459578580614512,-0.011141747552616805,4.850248360859748
280.32254016992914,-3.562221243239139e-13,-2.4599374803631586,-0.014823088194343585,4.80814587634052
280.3225401699292,0.12108052438378897,-2.4597522783839927,-0.014827126624289049,4.824990837303762
280.3225401699292,-0.12108052438450141,-2.459752278380598,-0.01482712662232334,4.7924487166550165
280.47996146591794,0.12062777039299163,-2.4599256656713027,-0.018513768967242442,4.799912791176376
280.47996146591794,-3.562221243239139e-13,-2.4601093486364234,-0.018509967986744615,4.783131038971412
280.479961465918,-0.12062777039370408,-2.4599256656680635,-0.018513768965354577,4.7674923544504635
280.63646687272677,-3.562221243239139e-13,-2.460280891710993,-0.02219794946038588,4.758294635199597
280.6364668727268,-0.12017299059603083,-2.4600987250263273,-0.02220151977069669,4.74271465185455
280.6364668727268,0.12017299059531839,-2.460098725029431,-0.022201519772551463,4.775012860191862
280.7920697327006,-3.562221243239139e-13,-2.4604520945714707,-0.0258868992286765,4.733634178227832
280.79206973270067,0.11971620354887322,-2.4602714413180657,-0.025890245594363932,4.750288560986045
280.79206973270067,-0.11971620354958566,-2.460271441314644,-0.025890245592131555,4.718113120515373
280.9467834400659,-3.562221243239139e-13,-2.4606229422752603,-0.029576680169606715,4.709147180557796
280.94678344006593,-0.11925742642483474,-2.4604437994747523,-0.029579809252430023,4.6936852715488335
280.946783440066,0.11925742642412229,-2.4604437994766033,-0.02957980925339329,4.7257374092895965
281.1006122622181,-3.562221243239139e-13,-2.4607934196058654,-0.033267122675525056,4.684832603990919
281.10061226221814,0.11879670261416193,-2.4606157841537146,-0.03327004108700806,4.701358373792556
281.10061226221814,-0.11879670261487438,-2.4606157841531595,-0.03327004108702269,4.669430061982453
281.25357176671895,-3.562221243239139e-13,-2.4609635150401186,-0.036958116609819916,4.660687627821336
281.253571766719,0.11833404099111124,-2.4607873837194902,-0.03696083088874321,4.67714863584164
281.253571766719,-0.11833404099182368,-2.460787383719744,-0.03696083088938025,4.645344670778496
281.4056726240851,-3.562221243239139e-13,-2.4611332178585204,-0.04064956316921507,4.636710212471002
281.4056726240852,0.11786946393360738,-2.46095858735134,-0.04065207978541127,4.653106159791403
281.4056726240852,-0.11786946393431982,-2.4609585873516937,-0.0406520797859724,4.621427056276955
281.55692456985,-3.562221243239139e-13,-2.461302515998912,-0.04434131703294775,4.612898471089893
281.55692456985,-0.11740299576775393,-2.4611293828736445,-0.0443436423910255,4.597675329287409
281.5569245698501,0.11740299576704148,-2.4611293828716323,-0.044343642389219756,4.629229062989176
281.7073350945776,-3.562221243239139e-13,-2.4614713981394156,-0.04803322960511038,4.589250874475984
281.7073350945776,0.1169346669925767,-2.461299758844226,-0.04803537003750357,4.605515821288712
281.70733509457773,-0.11693466699323825,-2.4612997588464647,-0.04803537003928796,4.574087957465962
281.85691537702405,-3.562221243239139e-13,-2.4616398553833667,-0.05172518859914847,4.565765317853179
281.85691537702405,0.11646449587372135,-2.4614697062683644,-0.05172715036405171,4.581964333247354
281.85691537702405,-0.1164644958743829,-2.4614697062687387,-0.05172715036418724,4.550662834461467
282.00567620793356,-0.1159925008776919,-2.461639217333735,-0.05541888761880311,4.527397920994936
282.00567620793356,-3.562221243239139e-13,-2.461807880009886,-0.055417098340633644,4.542439763552321
282.00567620793356,0.11599250087697946,-2.4616392173330315,-0.05541888761797524,4.558572564549277
282.1536269865463,-3.562221243239139e-13,-2.461975464345563,-0.05910885040350175,4.519272397710249
282.1536269865463,-0.11551870395118079,-2.461808284273623,-0.059110473299155246,4.504291401138014
282.1536269865463,0.11551870395051922,-2.4618082842738596,-0.059110473298787186,4.535338705164941
282.3007770301982,-3.562221243239139e-13,-2.462142601223251,-0.06280033319784795,4.49626142422479
282.3007770301983,0.11504312647097589,-2.4619768998274307,-0.06280179573477496,4.512260962738118
282.3007770301983,-0.11504312647168834,-2.4619768998263853,-0.06280179573455107,4.48134147678919
282.4471355742352,-3.562221243239139e-13,-2.4623092842512873,-0.06649143982434305,4.473405064754707
282.4471355742352,-0.11456578925006729,-2.4621450575095816,-0.06649274794352654,4.458546367673084
282.44713557423523,0.11456578924940573,-2.4621450575098534,-0.06649274794312868,4.489337562586642
282.59271177196007,-3.562221243239139e-13,-2.4624755077958933,-0.0701820679650607,4.450701558712141
282.59271177196007,0.11408671253683296,-2.46231275160231,-0.0701832275240466,4.466566747695622
282.5927117719601,-0.11408671253749451,-2.462312751602511,-0.07018322752473558,4.435904311332011
282.73751469461075,0.11360591603061082,-2.4624799771147377,-0.0738731365362038,4.4439467787036335
282.73751469461075,-3.562221243239139e-13,-2.462641266948925,-0.07387211976237734,4.428149163247957
282.73751469461075,-0.11360591603127237,-2.462479977114051,-0.07387313653594638,4.413413563110673
282.88155333136854,-3.562221243239139e-13,-2.462806557503231,-0.07756150170626971,4.405746153230189
282.88155333136854,-0.11312341888088451,-2.4626467297584362,-0.0775623813819329,4.391072396133771
282.8815533313686,0.11312341888022295,-2.4626467297573904,-0.07756238138067134,4.421475933882054
283.02483658939514,-0.11263923969461134,-2.4628130049731833,-0.08125085456285362,4.3688791012771295
283.02483658939514,-3.053332494204976e-13,-2.4629713749820885,-0.0812501063866401,4.3834908212160055
283.02483658939514,0.11263923969394979,-2.4628130049718355,-0.0812508545612671,4.399152509107968
283.16737050633367,-3.053332494204976e-13,-2.4631357153246753,-0.08493782093560609,4.361381909512915
283.16737050633367,-0.22430736101483245,-2.4625080349338213,-0.0849402945676301,4.33332675724611
283.1673705063337,-0.11215340608796241,-2.4629787986137344,-0.08493844312543582,4.346832418006159
283.1673705063337,0.11215340608735175,-2.462978798615413,-0.08493844312654825,4.376975251268797
283.1673705063337,0.2243073610141709,-2.4625080349332014,-0.08494029456585227,4.3936124557837
283.3091651572955,-3.053332494204976e-13,-2.463299576631699,-0.08862456822830726,4.339417538031511
283.3091651572956,0.11166593125235187,-2.463144108717249,-0.08862506985741019,4.354942282819424
283.3091651572956,0.22333241841339918,-2.4626776916871966,-0.08862655936412897,4.371504714102821
283.3091651572956,-0.11166593125301343,-2.463144108714105,-0.08862506985499136,4.324930465230223
283.30916515729564,-0.22333241841406073,-2.462677691686377,-0.08862655936456192,4.311481043512692
283.45023001768874,-0.1111768295064842,-2.4633089343304544,-0.09231067619224738,4.303171460467161
283.45023001768874,-3.053332494204976e-13,-2.4634629580209335,-0.09231028979891492,4.3175959254427605
283.4502300176888,-0.2223542220138428,-2.4628468502527214,-0.09231181977290354,4.289778407889912
283.4502300176888,0.11117682950582265,-2.46330893433111,-0.0923106761923547,4.333051825125542
283.4502300176888,0.22235422201318125,-2.4628468502526046,-0.09231181977175353,4.349539176016037
283.5905736772244,-3.053332494204976e-13,-2.4636258579504906,-0.09599490507935024,4.2959154327534375
283.5905736772245,-0.11068611737784469,-2.4634732738553673,-0.09599518147843379,4.281553763279978
283.5905736772245,-0.22137280487266045,-2.4630155088307912,-0.09599599486391076,4.268217210052239
283.5905736772245,0.11068611737718312,-2.463473273853541,-0.09599518147625065,4.311302242192658
283.5905736772245,0.2213728048719989,-2.4630155088283168,-0.09599599486081112,4.327714210082626
283.73020278689216,-0.1101938174621624,-2.463637124521118,-0.09967847074027371,4.260076036247202
283.73020278689216,0.11019381746150085,-2.463637124521018,-0.09967847073973125,4.289692202672012
283.73020278689216,-3.053332494204976e-13,-2.4637882737355827,-0.09967829919127723,4.274374724768804
283.7302027868922,-0.22038821218054705,-2.4631836644084273,-0.09967896938375452,4.246796111971082
283.7302027868922,0.2203882121798855,-2.463183664407986,-0.09967896938276277,4.306028490419277
283.869122705848,0.10969995638948384,-2.46380048549485,-0.10336045293558963,4.2682205779965585
283.869122705848,0.2194004971975955,-2.463351315941638,-0.10336065201445126,4.284480894527023
283.869122705848,-3.053332494204976e-13,-2.463950204609519,-0.10336038118083102,4.25297266851335
283.869122705848,-0.1096999563900945,-2.4638004854947786,-0.10336045293581407,4.23873714364443
283.869122705848,-0.21940049719825705,-2.4633513159431977,-0.10336065201621511,4.2255139768330725
284.00734610047397,-0.10920453406510477,-2.463963358185824,-0.1070410858159148,4.217534832008298
284.007346100474,-3.053332494204976e-13,-2.464111652028581,-0.10704110889666477,4.231707009861138
284.0073461004741,0.10920453406449411,-2.4639633581882183,-0.10704108581807949,4.246885114676959
284.0073461004741,-0.2184096597327181,-2.4635184647104333,-0.10704100022430897,4.204368553136926
284.0073461004741,0.2184096597320565,-2.4635184647092783,-0.10704100022315634,4.263069170852613
284.1448788916374,-0.10870757357608644,-2.4641257417978975,-0.11072028033674877,4.196467889073105
284.1448788916374,0.10870757357542489,-2.464125741801432,-0.11072028034011237,4.225684606653014
284.1448788916374,-3.053332494204976e-13,-2.46427261526231,-0.11072039338832411,4.210576538856241
284.14487889163746,-0.2174157459614112,-2.4636851097128805,-0.11071992468062188,4.18335862789345
284.1448788916375,0.21741574596074964,-2.4636851097140857,-0.1107199246817356,4.241792118817525
284.28172538152495,-3.053332494204976e-13,-2.464433094892689,-0.11439814819854707,4.189580296596741
284.281725381525,0.10820910342727233,-2.4642876368498854,-0.11439794995001834,4.204618099676209
284.281725381525,-0.108209103427883,-2.4642876368474047,-0.11439794994770526,4.175535352929303
284.281725381525,0.21641881289305656,-2.4638512512725628,-0.11439733855631973,4.220648790472579
284.281725381525,-0.2164188128936672,-2.4638512512697375,-0.11439733855372616,4.162483237831553
284.41789935157186,-3.053332494204976e-13,-2.4645930922958517,-0.11807431344715656,4.168715874331799
284.4178993515719,0.2154188470141134,-2.4640168905706834,-0.1180731815687827,4.199636777588065
284.4178993515719,-0.10770911686311342,-2.464449044661345,-0.11807403466760376,4.15473481631842
284.4178993515719,-0.21541884701472405,-2.464016890567248,-0.11807318156564726,4.141739978353895
284.4178993515719,0.10770911686245187,-2.4644490446645504,-0.11807403467043615,4.183683184671905
284.5534005561423,0.10720765781164984,-2.4646099661650407,-0.12174845201330653,4.162879614074117
284.5534005561423,0.21441593618447868,-2.464182028339034,-0.1217473709599619,4.1787558412383285
284.5534005561423,-0.21441593618514024,-2.4641820283364377,-0.12174737095759437,4.121128586921253
284.5534005561423,-3.053332494204976e-13,-2.4647526084574474,-0.12174880673902788,4.147983017679668
284.5534005561423,-0.1072076578123114,-2.4646099661633882,-0.12174845201188211,4.134066019867508
284.6882431979526,0.10670471630670257,-2.4647704034497133,-0.12542113841004915,4.14220492436297
284.6882431979526,-3.053332494204976e-13,-2.464911645519159,-0.12542156460351897,4.127379263910798
284.68824319795266,-0.10670471630731324,-2.4647704034494975,-0.12542113840975638,4.113526502735784
284.68824319795266,-0.21341006046869015,-2.4643466665351146,-0.125419842857616,4.100646605680213
284.68824319795266,0.21341006046802857,-2.4643466665374274,-0.12541984285979887,4.158003518211776
284.82242868813,-3.053332494204976e-13,-2.465070205845435,-0.12909252651564412,4.106904110818657
284.82242868813,0.21240129349984552,-2.464510807321563,-0.129090536373093,4.137379319611918
284.82242868813,-0.10620032916596547,-2.4649303588311775,-0.12909203324301252,4.093115758622728
284.82242868813,0.10620032916535481,-2.4649303588310176,-0.1290920332431252,4.121658619133234
284.82242868813006,-0.21240129350045617,-2.4645108073196984,-0.12909053637124146,4.080293525943989
284.9559693158159,0.10569449184338271,-2.4650898343855245,-0.13276106312568012,4.101238539009564
284.9559693158159,-3.053332494204976e-13,-2.4652282915644967,-0.1327616191911891,4.086555399066974
284.95596931581593,-0.21138962619193974,-2.464674452616169,-0.13275937780772729,4.0600671918842455
284.95596931581593,-0.10569449184399338,-2.4650898343861583,-0.13276106312601715,4.072831629374325
284.95596931581593,0.21138962619132906,-2.464674452618873,-0.1327593778103454,4.1168810871676635
285.0888658416496,-0.21037513526397195,-2.46483760525985,-0.13642630523618404,4.039967198820556
285.0888658416496,-3.053332494204976e-13,-2.4653859057192924,-0.13642878107253528,4.066332730873338
285.08886584164964,0.10518724270137994,-2.4652488331028106,-0.1364281664056072,4.080944292217408
285.08886584164964,0.2103751352633613,-2.464837605261556,-0.13642630523780036,4.0965084368182465
285.08886584164964,-0.10518724270199062,-2.4652488331037814,-0.1364281664064451,4.052673712906117
285.22113223364767,-3.053332494204976e-13,-2.4655430513720296,-0.1400939515500792,4.046233701704849
285.22113223364767,0.10467856918353441,-2.4654073580113316,-0.1400932823786683,4.0607734730412695
285.22113223364767,0.2093577956042671,-2.4650002681593257,-0.14009125765087274,4.07625896267497
285.2211322336477,-0.20935779560487774,-2.4650002681592738,-0.14009125765083322,4.019991147613368
285.2211322336477,-0.10467856918414507,-2.4654073580107636,-0.14009328237836421,4.032639606877132
285.3527670874375,-0.10416851705690841,-2.465565411626204,-0.14375633171593083,4.012729242601335
285.3527670874375,-3.053332494204976e-13,-2.4656997310977715,-0.14375705138911887,4.026258248133787
285.3527670874375,0.10416851705629775,-2.4655654116275723,-0.14375633171673927,4.040726025095456
285.35276708743754,-0.20833769874700062,-2.4651624436609554,-0.14375415544852765,4.000138966102383
285.35276708743754,0.20833769874638997,-2.4651624436603004,-0.14375415544790143,4.056132617177932
285.48378321403607,-0.1036570767003495,-2.465722999249129,-0.14741728261097728,3.9929404028584363
285.48378321403607,0.10365707669973882,-2.4657229992495626,-0.14741728261071876,4.020799728574189
285.48378321403607,-3.053332494204976e-13,-2.465855950231395,-0.14741804888735072,4.006404151135211
285.4837832140361,0.2073148254499694,-2.465324136970094,-0.14741496651588087,4.036127180764512
285.4837832140361,-0.20731482545058008,-2.4653241369724013,-0.14741496651809569,3.980408439895961
285.6141865097547,-3.053332494204976e-13,-2.46601171192915,-0.15107688428731475,3.986670246428852
285.6141865097547,0.10314426445096761,-2.4658801239967367,-0.15107607521265326,4.000993422073861
285.6141865097547,0.20628920838912357,-2.46548535108101,-0.15107363071936653,4.016241496270359
285.6141865097547,-0.10314426445157827,-2.46588012399577,-0.15107607521261027,3.973271921854009
285.61418650975475,-0.20628920838968334,-2.465485351082608,-0.15107363072108962,3.9607984030482113
285.74397798033425,-0.10263011555287083,-2.466036788812076,-0.15473261501434915,3.9537233732342583
285.74397798033425,-3.053332494204976e-13,-2.466167019193584,-0.15473346317487233,3.9670561115920555
285.74397798033425,0.10263011555231105,-2.4660367888133456,-0.15473261501465768,3.9813066887125435
285.7439779803343,-0.20526091804835378,-2.4656460887635303,-0.15473005327056005,3.94130842688403
285.7439779803343,0.20526091804779398,-2.4656460887636755,-0.15473005327029546,3.9964751539637517
285.87316967911795,0.10211462102702254,-2.4661930001875185,-0.1583868878015352,3.9617374385486963
285.87316967911795,-0.1021146210276332,-2.466193000184675,-0.1583868877996581,3.9342926694702567
285.87316967911795,-0.20422993647340335,-2.4658063564362966,-0.15838421965086683,3.921936426574585
285.87316967911795,-3.053332494204976e-13,-2.4663218785341146,-0.1583877714341223,3.9475596573917198
285.873169679118,0.20422993647279267,-2.465806356438884,-0.15838421965288998,3.9768260641906705
286.0017673097557,-3.053332494204976e-13,-2.4664762943747025,-0.1620397634827765,3.9281797593690033
286.00176730975573,0.10159779625550117,-2.4663487625037157,-0.1620388478919397,3.942284549848269
286.00176730975573,0.20319629442451076,-2.4659661583842025,-0.1620360838989879,3.9572931092579386
286.00176730975573,-0.10159779625606094,-2.466348762499978,-0.16203884788904693,3.9149786846943027
286.00176730975573,-0.2031962944251214,-2.465966158380219,-0.16203608389549795,3.902681276159468
286.1297732637881,-3.053332494204976e-13,-2.4666302698712785,-0.16568934248179526,3.908915794410206
286.12977326378814,-0.10107966954814403,-2.4665040788647357,-0.16568839835511986,3.895780792729739
286.12977326378814,-0.20216004852303,-2.4661254975409173,-0.16568554879925096,3.8835423478820847
286.12977326378814,0.2021600485224193,-2.466125497541996,-0.16568554880022265,3.9378756766260654
286.12977326378814,0.10107966954758425,-2.466504078865165,-0.16568839835530552,3.9229474040433034
286.2571950648626,0.20112121310461153,-2.466284379548102,-0.16933256967691412,3.9185723772403254
286.2571950648626,-3.053332494204976e-13,-2.4667838107904836,-0.16933646413584208,3.8897663691685436
286.2571950648626,-0.2011212131052222,-2.4662843795473437,-0.16933256967607915,3.864518248834157
286.2571950648626,-0.1005602480730054,-2.466658955008887,-0.16933549480285426,3.876697599857676
286.25719506486263,0.10056024807244562,-2.4666589550085427,-0.16933549480277274,3.9037246093417073
286.3840401438269,-0.10003953864344406,-2.466813397415704,-0.17298011812610997,3.857727731142668
286.3840401438269,-3.053332494204976e-13,-2.4669369236416787,-0.17298110943657138,3.8707301090408825
286.3840401438269,0.2000798017965837,-2.466442810812349,-0.1729771271334129,3.899381840661537
286.3840401438269,-0.20007980179719434,-2.4664428108100553,-0.17297712713093794,3.84560760491455
286.38404014382695,0.1000395386428334,-2.4668133974163298,-0.1729801181273308,3.884614792639072
286.51031401373194,0.19903584267449137,-2.4666007968082795,-0.176619177276684,3.8803029905599544
286.51031401373194,-3.053332494204976e-13,-2.467089614021856,-0.1766232348618748,3.851805931414339
286.51031401373194,-0.09951755529756327,-2.466967411654722,-0.17662222471331868,3.8388701027129004
286.510314013732,-0.19903584267505114,-2.4666007968071053,-0.17661917727503493,3.8268093322477217
286.510314013732,0.09951755529695261,-2.466967411655351,-0.176622224714832,3.8656168738365198
286.6360221420342,-3.053332494204976e-13,-2.4672418873153923,-0.18026278549169472,3.832992763698474
286.6360221420343,0.09899431175149237,-2.4671210030731827,-0.18026175955040785,3.8467297828070492
286.6360221420343,-0.19798936317196725,-2.4667583427762407,-0.18025866480931807,3.8081223570375515
286.6360221420343,0.19798936317140747,-2.4667583427766964,-0.18025866481044944,3.8613347605124293
286.6360221420343,-0.09899431175205216,-2.467121003073057,-0.1802617595491703,3.8201236407548116
286.7611699020152,-0.19694039049522166,-2.466915453377259,-0.1838955212626205,3.7895456227532884
286.7611699020152,-3.053332494204976e-13,-2.4673937483372566,-0.18389969322703714,3.8142895505612833
286.76116990201524,0.09846982161011762,-2.4672741764469714,-0.18389865444296621,3.827952466661073
286.76116990201524,-0.0984698216106774,-2.467274176448268,-0.18389865444294168,3.801487288722656
286.7611699020153,0.19694039049461098,-2.466915453377083,-0.18389552126321082,3.8424761013004645
286.88576063003245,-3.053332494204976e-13,-2.4675452026248528,-0.18753389635739298,3.795695543594465
286.88576063003245,0.19588896809882464,-2.4670721339931463,-0.1875296845562825,3.8237262730171957
286.88576063003245,-0.09794410660090216,-2.467426937277176,-0.18753284759019684,3.782960295953803
286.8857606300325,-0.19588896809938441,-2.4670721339916875,-0.18752968455435684,3.771078377809074
286.8857606300325,0.0979441066002915,-2.46742693727526,-0.1875328475895551,3.8092841805755207
287.0098022282531,0.09741716871868988,-2.4675792926421827,-0.19116431316959365,3.790723498427282
287.0098022282531,0.19483509997699308,-2.467228391638845,-0.19116112858561465,3.805083851380349
287.0098022282531,-2.5444437451708134e-13,-2.4676962572857915,-0.19116536915676172,3.7772093158824087
287.00980222825314,-0.19483509997755288,-2.467228391638927,-0.19116112858542197,3.752719196849518
287.00980222825314,-0.09741716871924966,-2.4675792926438507,-0.19116431317038005,3.76454123578849
287.13329997769915,-2.5444437451708134e-13,-2.467846919110549,-0.19479408398106232,3.7588298356297765
287.1332999776992,0.19377881103026418,-2.4673842330170874,-0.19478982535047176,3.7865478103066192
287.1332999776992,-0.0968890204163447,-2.4677312493192565,-0.19479302345242958,3.7462290753497056
287.1332999776992,0.09688902041578493,-2.4677312493170156,-0.19479302345053814,3.7722693906855405
287.1332999776992,-0.19377881103082398,-2.4673842330207916,-0.19478982535393896,3.734467047098851
287.2562591148509,-2.5444437451708134e-13,-2.4679971944808283,-0.19841999656589224,3.7405560807997977
287.2562591148509,0.09635967383915818,-2.4678828136489037,-0.1984189340743241,3.753920837530451
287.2562591148509,-0.09635967383971795,-2.467882813650718,-0.1984189340764309,3.7280227915527533
287.25625911485093,0.19272012555349569,-2.4675396643880365,-0.19841573021912848,3.768117133362073
287.25625911485093,-0.19272012555405546,-2.4675396643888714,-0.19841573022020134,3.71632090559358
287.37868483186224,-2.5444437451708134e-13,-2.468147089942018,-0.20204306456902288,3.722387039060387
287.3786848318623,0.09582914083691015,-2.4680339921549836,-0.20204200260871882,3.735676828799766
287.3786848318623,-0.09582914083746992,-2.4680339921562338,-0.2020420026107455,3.709921371051048
287.3786848318623,-0.19165906724309217,-2.4676946921788265,-0.20203880048406034,3.6982797591281216
287.37868483186236,0.1916590672425324,-2.467694692180646,-0.2020388004853019,3.7497908137096396
287.5005822767801,-2.5444437451708134e-13,-2.4682966121998087,-0.2056632475323425,3.704321707729449
287.50058227678016,0.19059565920158508,-2.467849322997896,-0.20565899533814946,3.731567854055775
287.50058227678016,-0.09529743296162967,-2.4681847915187944,-0.20566218851180104,3.691923810181031
287.50058227678016,-0.19059565920214488,-2.4678493229978855,-0.20565899533865534,3.680342604199357
287.50058227678016,0.09529743296112078,-2.468184791517471,-0.2056621885095781,3.717536363934702
287.621956553767,0.09476456147166608,-2.46833521856724,-0.2092794530710362,3.6994984519249083
287.621956553767,-2.5444437451708134e-13,-2.4684457681106613,-0.20928050683827276,3.6863590937192243
287.621956553767,-0.18952992395076204,-2.4680035635951545,-0.20927627580895083,3.6625084469504414
287.621956553767,-0.09476456147217498,-2.468335218567717,-0.20927945307241902,3.6740291149060886
287.62195655376706,0.18952992395025314,-2.4680035635951123,-0.20927627580835462,3.713447266596022
287.74281272332763,0.09423053733978039,-2.468485280280605,-0.21289375938875107,3.6815621112523864
287.74281272332763,-2.5444437451708134e-13,-2.468594564678595,-0.2128948056725319,3.6684982134797153
287.74281272332763,0.18846188343075074,-2.468157420871634,-0.21289060472667096,3.695428072959906
287.74281272332763,-0.09423053734034016,-2.468485280278984,-0.21289375938804425,3.6562363007595455
287.7428127233277,-0.1884618834313105,-2.4681574208705648,-0.2128906047262064,3.644776303113627
287.86315580253836,-0.18739155901584556,-2.468310901872238,-0.2165019466919837,3.627145197952359
287.86315580253836,-2.5444437451708134e-13,-2.4687430090442994,-0.21650610898064504,3.650738092941332
287.8631558025384,0.18739155901533666,-2.4683109018722744,-0.21650194669163392,3.6775093041548796
287.8631558025384,0.09369537125166942,-2.4686349837728745,-0.21650507232036173,3.663726369834855
287.8631558025384,-0.0936953712522292,-2.4686349837718495,-0.2165050723199397,3.638544392787068
287.98299076528025,-2.5444437451708134e-13,-2.4688911077206868,-0.220114368906128,3.633077767456755
287.98299076528025,0.18631897151333698,-2.4684640129981155,-0.22011025350079258,3.6596900005095407
287.98299076528025,-0.09315907361258143,-2.4687843355301506,-0.2201133439241924,3.6209524254879915
287.98299076528025,-0.18631897151384588,-2.468464012996584,-0.2201102534994897,3.609614166202411
287.9829907652803,0.09315907361207254,-2.4687843355297696,-0.2201133439235745,3.645990264968069
288.102320633383,-2.5444437451708134e-13,-2.469038867295742,-0.22371953230666855,3.6155165624976693
288.102320633383,0.09262166317262414,-2.4689333421114497,-0.22371852097422754,3.6283531252418224
288.102320633383,-0.09262166317313304,-2.4689333421110344,-0.2237185209739085,3.603459722412309
288.10232063338304,0.18524415842776606,-2.4686167607137572,-0.22371547167303646,3.6419694949281705
288.10232063338304,-0.18524415842832584,-2.4686167607122864,-0.22371547167145683,3.5921825306886817
288.2211512845019,0.09208314544972918,-2.469082011369968,-0.22732057751029663,3.610813859429214
288.2211512845019,-0.09208314545023806,-2.469082011370379,-0.22732057751056248,3.586065190850546
288.2211512845019,-2.5444437451708134e-13,-2.46918629564321,-0.2273215733070611,3.5980533855935604
288.22115128450196,-0.18416713079189176,-2.468769152818538,-0.22731757499655852,3.5748491994674625
288.22115128450196,0.18416713079138286,-2.4687691528178504,-0.22731757499643365,3.624346698432252
288.3394880669454,-2.5444437451708134e-13,-2.4693334009064225,-0.23092047835554083,3.580687225735262
288.3394880669455,-0.18308790332623712,-2.4689211973887883,-0.23091654958287253,3.5576131615949147
288.3394880669455,0.18308790332567734,-2.468921197387219,-0.23091654958222962,3.6068206040345485
288.3394880669455,-0.09154352780471782,-2.4692303514335694,-0.23091949989693333,3.5687678193152856
288.3394880669455,0.09154352780420894,-2.469230351432621,-0.23091949989635596,3.593371458021164
288.4573357897524,-2.5444437451708134e-13,-2.4694801909037603,-0.2345162243750699,3.56341715429927
288.4573357897524,0.18200649467969193,-2.4690729021732016,-0.23451237203260608,3.5893902876990347
288.45733578975245,0.09100281956058463,-2.469378370102089,-0.23451526497637257,3.576024994167541
288.45733578975245,-0.09100281956109352,-2.469378370103976,-0.23451526497752692,3.551566678450303
288.4573357897525,-0.1820064946802008,-2.4690729021756144,-0.2345123720336427,3.5404734880228514
288.57469921992674,0.18092292297444607,-2.4692242749037856,-0.23810501675218357,3.5720548344282594
288.57469921992674,-0.18092292297495496,-2.46922427490621,-0.23810501675294515,3.5234292588835743
288.57469921992674,-2.5444437451708134e-13,-2.4696266734464682,-0.23810878610062802,3.5462422517951953
288.5746992199268,-0.09046102978007846,-2.4695260751688166,-0.2381078474020181,3.5344608480620634
288.5746992199268,0.09046102977951868,-2.4695260751656654,-0.2381078473999703,3.5587735501100037
288.6915830826859,0.08991816726132598,-2.469673472799945,-0.24169719082118285,3.5416162171206604
288.6915830826859,-2.5444437451708134e-13,-2.469772854737237,-0.24169810726499363,3.529161607803893
288.6915830826859,0.17983720581041696,-2.4693753216609586,-0.24169442714397005,3.5548133382028806
288.69158308268595,-0.08991816726183487,-2.4696734728018526,-0.2416971908220105,3.5174494170574797
288.69158308268595,-0.17983720581092585,-2.4693753216621874,-0.24169442714361497,3.5064795634273587
288.8079878720859,0.17874939954428554,-2.469526048905221,-0.2452805397703718,3.537665518691201
288.8079878720859,-0.17874939954479444,-2.4695260489044095,-0.24528053976819922,3.4896241061759206
288.8079878720859,-2.5444437451708134e-13,-2.4699187413650217,-0.24528412473506384,3.5121749318687527
288.80798787208596,0.08937426018449969,-2.469820569560923,-0.24528323202999291,3.52455270916747
288.80798787208596,-0.08937426018495769,-2.46982056956003,-0.24528323202829247,3.500532091831154
288.92392133203987,0.08882930256929167,-2.4699673747710578,-0.24886597071196284,3.5075816791555563
288.92392133203987,-0.08882930256980055,-2.469967374772111,-0.24886597071210345,3.4837075268953397
288.92392133203987,-2.5444437451708134e-13,-2.470064342666094,-0.24886683828036932,3.4952808772996122
288.9239213320399,-0.1776594922172171,-2.469676465935221,-0.24886335407921303,3.47286154364163
288.9239213320399,0.1776594922167082,-2.4696764659344463,-0.2488633540799273,3.5206100291913627
289.03938876713386,-2.5444437451708134e-13,-2.4702096677287115,-0.25244625963845824,3.4784784575886283
289.0393887671339,-0.08828329921279258,-2.470113897519574,-0.25244541853424485,3.4669747355670326
289.0393887671339,0.0882832992122837,-2.4701138975168204,-0.25244541853251823,3.4907021416910817
289.0393887671339,0.17656749342064498,-2.4698265818145546,-0.2524428815070319,3.503645886362354
289.0393887671339,-0.17656749342115388,-2.469826581816349,-0.25244288150728245,3.456190889905225
289.1543943464388,0.17547342254429923,-2.4699764021862576,-0.256019058382355,3.4867722766632685
289.1543943464388,-2.5444437451708134e-13,-2.470354722319532,-0.25602232545115733,3.4617668545921108
289.15439434643883,-0.17547342254475723,-2.469976402188988,-0.2560190583835973,3.4396113262149575
289.1543943464389,-0.0877362598081118,-2.4702601435366733,-0.25602151205807455,3.4503328988991897
289.1543943464389,0.08773625980760291,-2.4702601435349774,-0.25602151205726603,3.4739132804324147
289.26893694172054,-2.5444437451708134e-13,-2.4704995133540386,-0.25959497184706914,3.4451460208578064
289.2689369417206,0.17437734902767807,-2.470125933823534,-0.25959182054089414,3.4699891646394696
289.2689369417206,-0.17437734902818697,-2.47012593382712,-0.2595918205430865,3.423122798453273
289.2689369417206,-0.0871882190760162,-2.470406119704279,-0.2595941873396232,3.4337819654403083
289.2689369417206,0.0871882190755582,-2.4704061197018325,-0.25959418733802647,3.4572150532596306
289.3830267187461,0.0866391574231185,-2.4705518366052477,-0.26316347201733314,3.4406057732484556
289.3830267187461,-2.5444437451708134e-13,-2.4706440514136556,-0.2631642265405514,3.4286142718030614
289.3830267187461,-0.1732792336856354,-2.4702751873242557,-0.26316119540025773,3.406723628468647
289.3830267187462,0.1732792336851265,-2.4702751873241913,-0.2631611954011087,3.4532948616077808
289.3830267187462,-0.0866391574235765,-2.470551836605739,-0.263163472017276,3.4173202535319915
289.4966679948303,0.17217909198116294,-2.470424169072244,-0.26672715231621125,3.4366885401242984
289.4966679948303,-2.5444437451708134e-13,-2.470788342968933,-0.2667300591842932,3.412170776005613
289.4966679948304,0.08608908258259393,-2.4706973006927107,-0.26672933567169305,3.42408461049073
289.4966679948304,-0.17217909198162093,-2.4704241690716224,-0.2667271523150085,3.3904129846608457
289.4966679948304,-0.08608908258310281,-2.4706973006917115,-0.26672933567044793,3.4009469311879483
289.609857873301,-2.5444437451708134e-13,-2.470932394687847,-0.27029239645894215,3.395815746398676
289.609857873301,-0.08553803709474299,-2.470842518591363,-0.27029170491087634,3.3846622063327323
289.60985787330105,0.17107700899557418,-2.4705728855830382,-0.27028961769337356,3.4201704273872475
289.60985787330105,-0.1710770089960322,-2.47057288558189,-0.27028961769193993,3.374191071361772
289.60985787330105,0.085538037094285,-2.470842518595415,-0.2702917049148855,3.407651784344322
289.72260780999534,-2.5444437451708134e-13,-2.4710762165290725,-0.2738512543011812,3.37954732332657
289.72260780999534,-0.08498599341611483,-2.4709875002655397,-0.27385059560440855,3.368464223239495
289.7226078099954,-0.16997292964430832,-2.470721346813508,-0.27384860717575005,3.3580560372286663
289.7226078099954,0.16997292964379945,-2.4707213468167217,-0.27384860717898213,3.403738657249178
289.7226078099954,0.08498599341560595,-2.470987500270857,-0.27385059560982866,3.391305431679958
289.8349188704318,-2.5444437451708134e-13,-2.471219815523881,-0.2774066084039021,3.363365151740604
289.8349188704318,-0.16886689903475519,-2.470869559716518,-0.2774040961884765,3.3420075234110955
289.8349188704318,0.16886689903429716,-2.470869559719326,-0.27740409619143813,3.387392882983169
289.83491887043186,0.08443297410101502,-2.471132252728181,-0.2774059833800231,3.3750452010448715
289.83491887043186,-0.08443297410147302,-2.4711322527244914,-0.2774059833757387,3.352352624393653
289.94679323882025,0.1677589510574805,-2.47101753263094,-0.28095605282312075,3.3711325954559572
289.94679323882025,-2.5444437451708134e-13,-2.4713632000978194,-0.280958427125721,3.3472687158615346
289.94679323882025,0.08387899609579512,-2.4712767843742887,-0.2809578365199376,3.3588705794599103
289.94679323882025,-0.1677589510579385,-2.471017532630505,-0.2809560528221637,3.326045011667252
289.9467932388203,-0.08387899609625313,-2.471276784372321,-0.28095783651703515,3.3363268922617553
290.05823989508576,-0.16664905137765865,-2.4711652728651097,-0.2845044560717136,3.310167017340207
290.05823989508576,-2.5444437451708134e-13,-2.471506377620521,-0.2845066897463295,3.331256525260279
290.0582398950858,0.08332404223177009,-2.47142110256261,-0.2845061342369878,3.3427800744783815
290.0582398950858,-0.08332404223222808,-2.4714211025629638,-0.2845061342362231,3.3203855390113177
290.0582398950859,0.16664905137720065,-2.4711652728634017,-0.2845044560707592,3.3549563007823213
290.16925434459404,-2.5444437451708134e-13,-2.4716493557742116,-0.2880513564393558,3.315329027961875
290.16925434459404,-0.1655372991032055,-2.4713127879901755,-0.2880492658698803,3.294373978079349
290.1692543445941,-0.0827681620644245,-2.4715652149501817,-0.28805083664642056,3.304529006743779
290.1692543445941,0.1655372991027475,-2.4713127879864727,-0.288049265867061,3.33886446324863
290.1692543445941,0.0827681620639665,-2.471565214948663,-0.2880508366459702,3.3267741415203553
290.2798494853285,-2.5444437451708134e-13,-2.471792143020781,-0.29159241853711015,3.299484177561191
290.27984948532855,-0.08221131789395673,-2.4717091299848413,-0.29159193500729796,3.2887552542656646
290.27984948532855,0.08221131789349874,-2.4717091299832745,-0.2915919350065508,3.310850729260241
290.27984948532855,-0.1644236188374693,-2.4714600864305813,-0.291590473264486,3.2786638581938643
290.27984948532855,0.16442361883701131,-2.4714600864276095,-0.2915904732623604,3.322855026900117
290.3900205875882,-2.0355549961366507e-13,-2.4719347472697923,-0.29512985644998024,3.2837224575867343
290.39002058758825,-0.16330811141807883,-2.4716071760088445,-0.2951280584390015,3.2630371305968997
290.39002058758825,0.16330811141762083,-2.4716071760077187,-0.2951280584387099,3.306928491751402
290.39002058758825,0.08165356013958827,-2.471852855553818,-0.29512940967219536,3.2950103287358288
290.39002058758825,-0.08165356014004628,-2.471852855555678,-0.29512940967351037,3.27306475906388
290.4997791546346,-0.08109485694814031,-2.4719963994891967,-0.2986632360386118,3.2574556871564377
290.4997791546346,-2.0355549961366507e-13,-2.4720771763553877,-0.2986636456329079,3.2680420295957973
290.4997791546346,0.16219071313592845,-2.4717540645119502,-0.29866199658864984,3.2910830115185403
290.49977915463467,0.0810948569476823,-2.4719963994873235,-0.2986632360371282,3.2792510974037716
290.49977915463467,-0.16219071313638644,-2.471754064514107,-0.29866199658971104,3.247491966127014
290.60912096335414,-0.1610715192613022,-2.471900760079917,-0.302192272303523,3.2320287669827854
290.60912096335414,-2.0355549961366507e-13,-2.4722194385081417,-0.3021937709052578,3.252443305759679
290.60912096335414,0.08053525595256664,-2.4721397699865464,-0.30219339885933844,3.2635734545440487
290.60912096335414,0.1610715192608442,-2.471900760077137,-0.302192272301928,3.2753190140049186
290.60912096335426,-0.08053525595302463,-2.472139769987844,-0.3021933988602934,3.241928445020764
290.71805791886914,-2.0355549961366507e-13,-2.4723615412527384,-0.30572020770419234,3.236924398208631
290.7180579188692,0.15995045968597113,-2.4720472701757803,-0.30571886075883004,3.259634602536782
290.7180579188692,-0.15995045968642913,-2.472047270176846,-0.3057188607589818,3.216645655332451
290.7180579188692,-0.07997472210122088,-2.472282974562581,-0.3057198735111175,3.226481149651964
290.71805791886925,0.07997472210081377,-2.472282974563563,-0.3057198735121593,3.247975507730611
290.8265840082344,0.07941331201901927,-2.4724260205881436,-0.3092426260667013,3.232457933608251
290.8265840082344,-2.0355549961366507e-13,-2.4725034919879527,-0.3092429221539302,3.2214859752185125
290.8265840082344,0.15882764766383878,-2.4721936020931934,-0.30924172787310494,3.2440304636462858
290.8265840082344,-0.07941331201947727,-2.4724260205856603,-0.3092426260645111,3.211114462475563
290.8265840082345,-0.15882764766429677,-2.4721936020923287,-0.3092417278718249,3.2013432872699874
290.934711521706,-2.0355549961366507e-13,-2.472645299678727,-0.31276191287693067,3.2061261013870106
290.93471152170605,-0.0788509876112116,-2.472568917016889,-0.3127616550829263,3.1958264533384484
290.93471152170605,0.15770300700199522,-2.4723397647660836,-0.3127608720200821,3.2285046522110146
290.93471152170605,0.0788509876108045,-2.4725689170178966,-0.31276165508356785,3.217018791784872
290.9347115217061,-0.1577030070024532,-2.4723397647644627,-0.3127608720186257,3.186119738150703
291.04243780490674,-2.0355549961366507e-13,-2.4727869713874484,-0.3162771578295457,3.1908449690543548
291.0424378049068,-0.0782877878174052,-2.4727116708935846,-0.316276938468736,3.1806173099832447
291.0424378049068,0.07828778781694719,-2.4727116708953227,-0.31627693846993005,3.201658280469021
291.04243780490685,-0.1565766155820977,-2.4724857651672134,-0.31627627095048544,3.170975192390378
291.04243780490685,0.15657661558163968,-2.4724857651699774,-0.31627627095255506,3.213057373578413
291.149769088862,-0.07772370510273875,-2.472854291238336,-0.3197884668786337,3.165485965625239
291.149769088862,-2.0355549961366507e-13,-2.4729285161508683,-0.3197886477243305,3.1756415100968436
291.149769088862,0.07772370510228076,-2.4728542912401563,-0.31978846687976475,3.1863753308507894
291.14976908886206,0.1554484583324899,-2.4726316122813583,-0.3197879151560513,3.1976875589050633
291.14976908886206,-0.1554484583329479,-2.4726316122792023,-0.319787915154877,3.1559085851958923
291.2567099879545,-2.0355549961366507e-13,-2.473069940680048,-0.3232963623656299,3.160514889342615
291.25670998795454,0.07715873986083774,-2.472996784750119,-0.32329622006777053,3.171169108187739
291.25670998795454,0.15431853604256007,-2.472777312745375,-0.3232957842243903,3.1823943746309866
291.25670998795454,-0.07715873986129575,-2.4729967847482053,-0.32329622006669995,3.1504315854160803
291.25670998795454,-0.15431853604301807,-2.472777312741443,-0.32329578422187827,3.140919082795438
291.3632580487714,-2.0355549961366507e-13,-2.4732112521221032,-0.3268002536625218,3.1454652723658554
291.36325804877146,-0.07659292966041406,-2.4731391585373146,-0.32680014989116285,3.135454330496869
291.36325804877146,0.15318692384606802,-2.4729228735861346,-0.32679982987131473,3.1671779988881497
291.36325804877146,0.07659292966000696,-2.473139158538888,-0.3268001498918471,3.1560397837177385
291.36325804877146,-0.15318692384652602,-2.4729228735813917,-0.3267998298682169,3.1260068431275974
291.4694228353545,-0.07602624807406075,-2.47328142238279,-0.3303002792713822,3.1205526738421256
291.4694228353545,0.07602624807365363,-2.4732814223833297,-0.3303002792711457,3.1409858233129326
291.4694228353545,-2.0355549961366507e-13,-2.473352460257441,-0.3303003445874524,3.130491128393297
291.4694228353546,-0.15205356889160934,-2.473068304566727,-0.3303000748539992,3.111170343307699
291.4694228353546,0.15205356889120222,-2.473068304568794,-0.3303000748546248,3.1520368945872796
291.5752053899094,-0.07545871351418695,-2.4734235824731927,-0.33379658246066224,3.1057262892432718
291.5752053899094,-0.15091850800201773,-2.4732136118173997,-0.3337964932869373,3.0964092561094803
291.5752053899094,0.07545871351377985,-2.4734235824727446,-0.33379658245953653,3.1260069057132216
291.5752053899094,-2.0355549961366507e-13,-2.4734935712972033,-0.33379660944177325,3.115592133205085
291.57520538990946,0.1509185080016106,-2.4732136118199115,-0.33379649328796396,3.136970744399018
291.6806057600949,0.07489034970208196,-2.4735656460750954,-0.3372890130916786,3.1111028504833778
291.6806057600949,-2.0355549961366507e-13,-2.4736345925388106,-0.33728900190676536,3.100768102662427
291.680605760095,-0.22467703149062754,-2.4730140495654513,-0.33728905399517495,3.0730130300813068
291.680605760095,0.14978178862053323,-2.4733588025166107,-0.3372890386635909,3.1219793726231995
291.680605760095,0.22467703149022042,-2.473014049567975,-0.33728905399640635,3.133398082151675
291.680605760095,-0.07489034970253995,-2.4735656460758775,-0.337289013093156,3.090974989889502
291.680605760095,-0.14978178862094035,-2.4733588025143987,-0.3372890386628904,3.0817233930816994
291.7856316657267,-2.0355549961366507e-13,-2.473775533946357,-0.34077755505655327,3.0860177753936533
291.7856316657267,-0.2229694438672661,-2.4731643120036972,-0.3407779501552907,3.058459435316504
291.7856316657267,0.22296944386680811,-2.4731643120028544,-0.34077795015346335,3.1183855519791916
291.7856316657267,-0.07432113871575266,-2.473707623153426,-0.34077760419609626,3.0762975170636437
291.7856316657267,-0.1486433749019484,-2.47350388661646,-0.34077774386886484,3.06711149865329
291.7856316657268,0.14864337490154128,-2.4735038866156764,-0.34077774386680365,3.1070615140545716
291.7856316657268,0.07432113871534556,-2.4737076231546737,-0.3407776041963463,3.0962723940890626
291.89028589286005,0.07375108877441394,-2.4738495195255132,-0.34426232802413864,3.081514973790717
291.89028589286005,-2.0355549961366507e-13,-2.4739164013591513,-0.3442622411895871,3.0713405871424246
291.89028589286005,-0.07375108877482105,-2.473849519524182,-0.3442623280239903,3.061693305816621
291.8902858928601,-0.2212593394481361,-2.473314440013474,-0.3442629769482972,3.0439794061684924
291.8902858928601,-0.14750328328672843,-2.47364886986774,-0.3442625810171512,3.0525730080064086
291.8902858928601,0.14750328328632134,-2.473648869865914,-0.34426258101418916,3.092216608294289
291.8902858928601,0.22125933944767812,-2.473314440012711,-0.3442629769466019,3.103445910950014
291.99456599732093,-2.0355549961366507e-13,-2.4740572009717527,-0.3477429943252209,3.0567367073277723
291.994565997321,0.14636158710335037,-2.4737937583154057,-0.34774348395898175,3.0774448369723246
291.994565997321,0.21954682822343402,-2.473464439463966,-0.3477440680214042,3.0885793485667103
291.994565997321,0.07318023654375459,-2.473991341345276,-0.3477431185528904,3.0668307645236195
291.994565997321,-0.07318023654416171,-2.4739913413460974,-0.34774311855472806,3.0471625212296294
291.994565997321,-0.21954682822384114,-2.473464439461999,-0.3477440680207026,3.029573102578324
291.994565997321,-0.14636158710375746,-2.4737937583144243,-0.34774348395931093,3.0381080830629634
292.0984800136769,-2.0355549961366507e-13,-2.47419794257846,-0.35121983886200414,3.0422048385658913
292.0984800136769,0.07260856120666256,-2.4741330984059156,-0.3512200001399863,3.052218466328293
292.0984800136769,0.14521824471942205,-2.473938561741306,-0.35122047692757097,3.062744897996746
292.098480013677,-0.14521824471982914,-2.4739385617394984,-0.351220476927154,3.023715432920458
292.098480013677,-0.2178318477456912,-2.473614320111937,-0.351221247389102,3.0152392375486303
292.098480013677,0.2178318477452841,-2.4736143201133114,-0.35122124738901084,3.0737845610482046
292.098480013677,-0.07260856120706968,-2.47413309840699,-0.3512200001419872,3.032703868937938
292.2020309032078,0.07203606923213164,-2.474274799136228,-0.3546929988949522,3.0376774969805815
292.20203090320786,-0.14407326907282922,-2.4740832885429014,-0.3546935859072913,3.0093944739266707
292.20203090320786,-2.0355549961366507e-13,-2.4743386346154463,-0.3546928009485263,3.0277443973700273
292.2020309032079,-0.21611441742031146,-2.4737640903202465,-0.35469454083925067,3.000977228524029
292.2020309032079,0.21611441741990434,-2.473764090322181,-0.35469454083959806,3.0590609710550916
292.2020309032079,0.14407326907242213,-2.4740832885466486,-0.35469358590956146,3.048116211192617
292.2020309032079,-0.07203606923253875,-2.474274799132386,-0.3546929988924301,3.0183167649787683
292.3052213713195,0.07146276823456238,-2.4744164489337352,-0.35816206435987397,3.023207311962389
292.3052213713195,-2.0355549961366507e-13,-2.4744792825140536,-0.3581618301711017,3.0133548378007324
292.3052213713195,-0.0714627682349695,-2.474416448930186,-0.3581620643576246,3.004000662787581
292.30522137131953,0.2143945600898858,-2.473913755239753,-0.35816389758071254,3.0444080393003694
292.30522137131953,0.14292667539115175,-2.4742279440375734,-0.3581627603235007,3.03355823425946
292.30522137131953,-0.142926675391508,-2.474227944033442,-0.35816276032075994,2.995144659688103
292.30522137131953,-0.2143945600902929,-2.4739137552387502,-0.35816389758113454,2.9867865300780956
292.4080503651864,-0.14177852046505093,-2.474372534356134,-0.36162794722726,2.9809659633830514
292.4080503651864,-2.0355549961366507e-13,-2.474619892551855,-0.36162687373721497,2.9990361385690347
292.4080503651864,0.14177852046464381,-2.474372534356459,-0.3616279472265345,3.0190709556384525
292.40805036518645,-0.07088868660913278,-2.4745580540405934,-0.3616271437042637,2.989755537784314
292.40805036518645,0.21267236093730196,-2.474063320851828,-0.3616292644917363,3.0298257606638894
292.40805036518645,-0.21267236093770905,-2.474063320852113,-0.36162926449334215,2.9726671141967245
292.40805036518645,0.07088868660877655,-2.474558054039167,-0.3616271437020661,3.0088078943252303
292.51052410362416,-2.0355549961366507e-13,-2.474760473709652,-0.36508794517929183,2.984787266705268
292.51052410362416,-0.21094778293398253,-2.4742127960557094,-0.36509065477607544,2.9586179552989846
292.5105241036242,0.21094778293357544,-2.474212796056615,-0.36509065477552627,3.015313099613022
292.5105241036242,0.1406287796068577,-2.474517068452976,-0.3650891600101741,3.0046533401151185
292.5105241036242,-0.14062877960726483,-2.4745170684537703,-0.3650891600119191,2.9668573564316993
292.5105241036242,-0.07031381201193197,-2.4746996234311993,-0.36508825042467974,2.975580358926164
292.5105241036242,0.07031381201152487,-2.4746996234312406,-0.3650882504240553,2.9944782097088747
292.61264572047116,0.06973814889746678,-2.474841165229269,-0.3685454041788138,2.9802176586650306
292.61264572047116,-2.0355549961366507e-13,-2.474901034120427,-0.36854506418740374,2.9706076217911153
292.6126457204712,-0.20922083944263367,-2.474362188873541,-0.3685480877989169,2.9446384545127477
292.6126457204712,-0.13947746172721412,-2.4746615544108495,-0.3685464182226759,2.9528182387039994
292.6126457204712,-0.06973814889787389,-2.474841165228252,-0.36854540417851395,2.961474525567565
292.6126457204712,0.1394774617268579,-2.4746615544094857,-0.36854641822039186,2.9903047899539064
292.6126457204712,0.20922083944227746,-2.474362188874433,-0.3685480877984224,3.0008694608674813
292.71441784241006,0.06916170430061523,-2.474982686553425,-0.3719985916883681,2.9660257144324462
292.71441784241006,-2.0355549961366507e-13,-2.4750415809281594,-0.37199821752019546,2.9564966757348827
292.71441784241006,0.13832458089246674,-2.4748059992833884,-0.371999708477083,2.9760247804943716
292.71441784241006,-0.06916170430097146,-2.47498268655171,-0.37199859168766614,2.9474375090568206
292.7144178424101,0.20749155156463264,-2.4745115062595677,-0.3720015500105759,2.9864943226377534
292.71441784241017,-0.20749155156498886,-2.474511506261564,-0.37200155001353175,2.93072808437706
292.71441784241017,-0.13832458089287386,-2.4748059992837614,-0.37199970847848396,2.9388480817585068
292.8158430774916,-2.0355549961366507e-13,-2.4751821209471174,-0.37544738538638067,2.942453904685377
292.81584307749165,0.20575993998396622,-2.47466075482573,-0.37545102132929276,2.972187167290752
292.81584307749165,0.0685844851154459,-2.475124194199231,-0.3754477931327477,2.9519018544685385
292.81584307749165,0.1371701508928391,-2.474950409802548,-0.37544901086246774,2.9618127912667394
292.81584307749165,-0.06858448511585301,-2.475124194197619,-0.37544779313234095,2.933468784998304
292.81584307749165,-0.20575993998432246,-2.474660754828649,-0.3754510213328958,2.916886321699709
292.81584307749165,-0.13717015089324622,-2.4749504098020534,-0.37544901086316645,2.92494636141939
292.91692363736377,0.06800650026471232,-2.475265693986348,-0.37889297133595085,2.937845612934753
292.9169236373638,0.13601418957312586,-2.475094791697548,-0.3788942881000301,2.9476683588079196
292.9169236373638,-2.0355549961366507e-13,-2.4753226600318463,-0.3788925306481816,2.9284788412127702
292.9169236373638,-0.13601418957353298,-2.475094791696542,-0.37889428810040704,2.9111126094273514
292.9169236373639,0.20402603146747017,-2.4748099401585795,-0.3788964643131377,2.957947534522896
292.9169236373639,-0.2040260314678773,-2.4748099401595143,-0.37889646431489704,2.9031126989828704
292.9169236373639,-0.06800650026511944,-2.4752656939865596,-0.37889297133720223,2.919567885155339
293.0176603632448,-2.0355549961366507e-13,-2.4754632050040803,-0.3823336260037447,2.914571208302436
293.01766036324483,-0.13485673015846988,-2.4752391516901904,-0.38233551277723443,2.897346546046895
293.01766036324483,0.13485673015811367,-2.475239151690503,-0.38233551277614203,2.933591212312098
293.01766036324483,0.20228987585138303,-2.474959068854648,-0.3823378514071006,2.9437751579404114
293.01766036324483,-0.06742776636129126,-2.4754071927130297,-0.38233409897038645,2.9057345307168547
293.01766036324483,-0.20228987585179012,-2.4749590688548944,-0.3823378514083478,2.889406936438435
293.01766036324483,0.06742776636088416,-2.4754071927122943,-0.38233409896870035,2.923856715484845
293.11805819824497,0.06684827623076738,-2.4755486985632564,-0.38577118777967095,2.9099343196112692
293.11805819824497,-0.0668482762311236,-2.475548698564186,-0.38577118778150155,2.891967881103183
293.11805819824497,-2.0355549961366507e-13,-2.4756037640598083,-0.38577068322705005,2.90073016412055
293.118058198245,0.20055145161658067,-2.4751081489877236,-0.3857751941241547,2.929669195428938
293.118058198245,0.13369775830136357,-2.475383497926898,-0.38577269655264984,2.919580509178218
293.118058198245,-0.1336977583017707,-2.475383497927249,-0.3857726965544178,2.8836473325326737
293.118058198245,-0.20055145161693688,-2.4751081489878346,-0.3857751941254149,2.875768197735347
293.2181196740732,0.06626803622015379,-2.475690218839969,-0.38920424439154166,2.8960779199503217
293.2181196740732,-0.06626803622051002,-2.4756902188396603,-0.3892042443919892,2.878267429245075
293.2181196740732,-2.0355549961366507e-13,-2.475744344518582,-0.38920370896895384,2.8869552020803173
293.21811967407325,-0.19881077780043854,-2.475257187711478,-0.3892084988637734,2.8621959770612957
293.21811967407325,0.13253728669461187,-2.4755278376518923,-0.3892058459678748,2.905635746006431
293.21811967407325,-0.132537286695019,-2.4755278376507035,-0.38920584596822255,2.870014462073724
293.21811967407325,0.19881077780008233,-2.4752571877128497,-0.38920849886379455,2.9156291462928627
293.31784730437255,-1.526666247102488e-13,-2.475884953184279,-0.39263269039200555,2.8732458196967388
293.3178473043726,0.0656870525431857,-2.4758317603206006,-0.3926332559379357,2.8822870152196174
293.3178473043726,-0.1970678730441622,-2.4754061916272567,-0.39263775255235284,2.8486897727335267
293.3178473043726,0.19706787304380596,-2.4754061916291126,-0.3926377525528521,2.9016545138599077
293.3178473043726,0.1313753277659396,-2.475672177575216,-0.39263494807705457,2.8917564234520023
293.3178473043726,-0.13137532776629582,-2.475672177573917,-0.3926349480770291,2.856447431985007
293.3178473043726,-0.06568705254354192,-2.475831760319305,-0.3926332559371453,2.8646326721900146
293.4172435848289,-0.13021189368313116,-2.4758165243651176,-0.396059990650249,2.842945743680654
293.4172435848289,0.06510533128362808,-2.4759733297437703,-0.39605821026418686,2.8685611081916935
293.4172435848289,-1.526666247102488e-13,-2.4760255968187614,-0.39605761536679507,2.8596015185599835
293.4172435848289,-0.06510533128398431,-2.4759733297407913,-0.39605821026164645,2.8510631110754243
293.41724358482895,-0.19532275559879217,-2.4755551672894094,-0.39606294283653504,2.835249087172184
293.41724358482895,0.13021189368277494,-2.4758165243663,-0.39605999065061626,2.8779420461993044
293.41724358482895,0.19532275559843595,-2.4755551672887535,-0.3960629428348322,2.8877448054555805
293.51631099327926,0.1290469963546413,-2.47596088463792,-0.3994809621476277,2.864192122935774
293.51631099327926,-1.526666247102488e-13,-2.4761662821238977,-0.39947847244362195,2.846021804308765
293.51631099327926,0.19357544332800292,-2.475704121190617,-0.3994840580521949,2.8738995323776058
293.51631099327926,-0.06452287839664976,-2.4761149337876835,-0.3994790958966853,2.8375582511018758
293.51631099327926,-0.12904699635499753,-2.4759608846391763,-0.39948096214918644,2.8295089026471625
293.5163109932793,0.06452287839629355,-2.47611493378985,-0.3994790958986367,2.8548997056675565
293.5163109932794,-0.19357544332835913,-2.47570412119065,-0.39948405805320436,2.821873426873545
293.61505198982024,-0.12788064743646504,-2.4761052649622686,-0.4028978517195613,2.816136418416592
293.61505198982024,0.06393969970851801,-2.476256579101914,-0.4028959020601869,2.8413023184503623
293.61505198982024,-0.06393969970887424,-2.4762565791032705,-0.4028959020612737,2.8241176015063
293.61505198982024,0.1918259537140567,-2.4758530597808512,-0.402901087235533,2.8601182098703313
293.61505198982024,-1.526666247102488e-13,-2.4763070157682314,-0.40289525086545613,2.8325061866037093
293.6150519898203,0.1278806474361597,-2.4761052649584214,-0.402897851715828,2.8505061663258484
293.6150519898203,-0.1918259537144129,-2.47585305978012,-0.40290108723570234,2.8085623023833417
293.713469016916,-0.12671285833010215,-2.4762496718498506,-0.40631064917796306,2.802827804539742
293.713469016916,-1.526666247102488e-13,-2.4764478043596836,-0.4063079405313718,2.819054179100709
293.713469016916,0.12671285832974594,-2.4762496718474325,-0.4063106491759284,2.8368836929850043
293.71346901691606,-0.19007430386029728,-2.476001989463084,-0.4063140201023065,2.79531522826996
293.71346901691606,0.06335580092153484,-2.476398272267521,-0.40630861862989187,2.8277684613189527
293.71346901691606,0.19007430385994104,-2.4760019894628367,-0.4063140201014024,2.8464003570991827
293.71346901691606,-0.06335580092189107,-2.4763982722690736,-0.4063086186309136,2.8107406755352686
293.81156449950623,0.12554364018856198,-2.4763941117674455,-0.40971934500225027,2.8233242234536666
293.81156449950623,-0.06277118761235759,-2.476540019824569,-0.40971723614440286,2.7974269904182303
293.81156449950623,-1.526666247102488e-13,-2.47658865446199,-0.4097165320003299,2.8056652994243128
293.81156449950623,-0.1883205104953736,-2.4761509165848996,-0.40972284702998896,2.7821317230978404
293.81156449950623,0.18832051049501738,-2.476150916585016,-0.40972284702967754,2.8327454971250807
293.8115644995063,-0.12554364018886732,-2.476394111770723,-0.4097193450046552,2.7895825785594304
293.8115644995063,0.06277118761200136,-2.4765400198223673,-0.40971723614305494,2.8142976530015895
293.90934084511366,-1.526666247102488e-13,-2.476729572588913,-0.4131210164746735,2.792339069141153
293.90934084511366,0.12437300391921333,-2.4765385911392612,-0.4131239303258284,2.8098272821712604
293.90934084511366,-0.12437300391956954,-2.4765385911435067,-0.41312393032901523,2.776400261983672
293.9093408451137,0.1865645899789394,-2.4762998474393023,-0.4131275590507789,2.8191531568789197
293.9093408451137,-0.18656458997924474,-2.476299847440087,-0.41312755905144405,2.7690113094007454
293.9093408451137,0.0621858652332712,-2.4766818282595766,-0.41312174578650135,2.8008894161495275
293.9093408451137,-0.06218586523362742,-2.4766818282626297,-0.4131217457884732,2.784176067340735
294.00680044395193,-1.526666247102488e-13,-2.476870565193349,-0.41652138577871,2.7790750137333324
294.00680044395193,-0.12320096018500569,-2.4766831163222833,-0.4165243969048295,2.7632803802589625
294.006800443952,0.18480655830572432,-2.476448788267014,-0.4165281478398092,2.805622867135997
294.006800443952,0.12320096018464947,-2.4766831163220733,-0.4165243969052531,2.7963923974501395
294.006800443952,0.06159983911681911,-2.4768237040082175,-0.41652213936767385,2.787543277310666
294.006800443952,-0.18480655830608053,-2.476448788266834,-0.41652814783906794,2.7559535136550743
294.006800443952,-0.061599839117124446,-2.4768237040098566,-0.41652213936845994,2.7709874314177942
294.1039456690326,0.06101311447366588,-2.4769656534457174,-0.41991840931519725,2.774258766903271
294.1039456690326,-1.526666247102488e-13,-2.477011638683222,-0.4199176323622109,2.7658726625718812
294.10394566903267,-0.06101311447397122,-2.4769656534466007,-0.41991840931557906,2.757860611667103
294.10394566903267,0.18304643110807822,-2.476597745246942,-0.41992460569446477,2.7921541624905006
294.10394566903267,0.12202751940681023,-2.4768276936132523,-0.4199207371153113,2.783019101449708
294.10394566903267,-0.18304643110843444,-2.4765977452470302,-0.4199246056937145,2.742957866253268
294.10394566903267,-0.12202751940716644,-2.4768276936141227,-0.41992073711558153,2.7502224627435536
294.20077887627247,0.060425696395752335,-2.4771076829014307,-0.4233105486711095,2.7610354191896627
294.20077887627247,-1.526666247102488e-13,-2.4771527994051845,-0.42330974927490833,2.7527315488902198
294.20077887627247,-0.06042569639605767,-2.4771076829017824,-0.42331054867120765,2.744795140982474
294.20077887627247,-0.18128422366177271,-2.476746724508336,-0.42331692553549555,2.7300239014771686
294.20077887627247,0.18128422366146738,-2.4767467245062442,-0.4233169255344779,2.778746581330038
294.2007788762725,0.12085269176957723,-2.476972329271539,-0.4233129439569703,2.7697069301504245
294.2007788762725,-0.12085269176988257,-2.4769723292729693,-0.4233129439578677,2.7372260426807817
294.29730240460026,0.05983758985736421,-2.4772497986394324,-0.4266985510639586,2.74787277224999
294.29730240460026,0.11967648722126754,-2.4771170294879123,-0.42670101101988606,2.756455423327862
294.29730240460026,-1.526666247102488e-13,-2.4772940536504144,-0.4266977301608335,2.739651209757682
294.29730240460026,-0.05983758985766955,-2.477249798638736,-0.42669855106309135,2.731790556107104
294.2973024046003,0.17951995088808748,-2.4768957321148797,-0.4267051008855028,2.7653996658100737
294.2973024046003,-0.11967648722157287,-2.477117029486638,-0.42670101101851693,2.7242906571723804
294.2973024046004,-0.17951995088844372,-2.4768957321158025,-0.4267051008853867,2.717151157471411
294.3935185760632,-0.17775362736164718,-2.477044774075262,-0.43008912585752285,2.704339176217009
294.3935185760632,0.17775362736134184,-2.477044774075826,-0.43008912585896825,2.7521129618286833
294.3935185760632,-1.526666247102488e-13,-2.477435407658229,-0.4300815692506669,2.726631186053077
294.39351857606323,0.05924879971630263,-2.4773920068670554,-0.4300824107059244,2.7347703679559885
294.39351857606323,-0.11849891547794136,-2.4772618003879825,-0.4300849324739671,2.7114158471519048
294.39351857606323,-0.059248799716607965,-2.4773920068672544,-0.43008241070574094,2.718846397607122
294.3935185760633,0.11849891547763602,-2.477261800388639,-0.43008493247467755,2.743264124526899
294.48942969593355,-1.526666247102488e-13,-2.4775768676106953,-0.4334612613464316,2.713671022438233
294.4894296959336,-0.05865933071586873,-2.4775343137459296,-0.43346212239203086,2.705962209844912
294.4894296959336,0.11731998602436898,-2.477406648059605,-0.4334647030843311,2.7301325810358397
294.4894296959336,-0.1173199860247252,-2.4774066480585004,-0.43346470308307045,2.69860115735813
294.4894296959336,-0.1759852673097599,-2.477193856340913,-0.4334689951553932,2.691587503504671
294.4894296959336,0.058659330715563396,-2.4775343137457693,-0.43346212239234416,2.7217277519448038
294.48942969593367,0.17598526730945457,-2.4771938563422387,-0.43346899515742815,2.738886019000902
294.58503805281447,0.0580691874843039,-2.47767672536748,-0.43683768146928664,2.7087444735928767
294.5850380528145,-0.11613970812034097,-2.4775515785135918,-0.4368403181631312,2.68584613630857
294.5850380528145,0.11613970811998474,-2.4775515785160604,-0.43684031816575036,2.7170603438606076
294.5850380528145,0.17421488461989781,-2.4773429848001918,-0.4368447040481923,2.7257183906336167
294.5850380528145,-1.526666247102488e-13,-2.4777184396242617,-0.4368368018031225,2.7007702673316887
294.5850380528146,-0.17421488462020315,-2.4773429847988973,-0.4368447040460997,2.678895688908528
294.5850380528146,-0.05806918748460923,-2.4776767253632146,-0.43683768146504276,2.6931375409527485
294.6803459187462,-1.526666247102488e-13,-2.4778601297578158,-0.44020818652550714,2.687928472882338
294.68034591874624,0.17244249284315766,-2.477492165270954,-0.44021624835463846,2.7126096337000165
294.68034591874624,-0.1149580907986326,-2.4776965977048353,-0.44021177358123953,2.673150336272957
294.68034591874624,-0.172442492843463,-2.477492165270871,-0.4402162483533755,2.6662632857596265
294.68034591874624,0.11495809079832726,-2.4776965977074465,-0.44021177358408076,2.704046967699005
294.68034591874624,0.057478374539573336,-2.4778192477597814,-0.4402090838280412,2.695820085989805
294.68034591874624,-0.05747837453987867,-2.4778192477566248,-0.44020908382507534,2.680371942806228
294.775355549311,0.056886896287381396,-2.4779618866811703,-0.44357632248915,2.6829541459124195
294.775355549311,-0.11377514287161948,-2.477841711311804,-0.44357906233709404,2.6605133132468364
294.775355549311,-0.056886896287686735,-2.477961886683073,-0.4435763224908168,2.667664970997949
294.775355549311,-1.526666247102488e-13,-2.4780019437925813,-0.4435754085374017,2.6751451949431684
294.77535554931103,-0.17066810519726314,-2.4776414032951806,-0.4435836210336497,2.6536898511195988
294.77535554931103,0.1706681051969578,-2.4776414032938954,-0.4435836210339503,2.6995593088145116
294.77535554931103,0.11377514287131416,-2.477841711310124,-0.44357906233625644,2.6910920109149887
294.8700688034115,-0.05629475940709647,-2.4781046466902388,-0.44693937075425216,2.6550162355661473
294.8700688034115,0.11259087769712238,-2.477986923782087,-0.4469421577004067,2.6781950872666265
294.8700688034115,-1.526666247102488e-13,-2.478143886315937,-0.4469384411442183,2.662420044107596
294.8700688034115,0.056294759406791135,-2.4781046466884624,-0.44693937075292,2.67014626519404
294.8700688034116,0.16889174171813115,-2.477790703160443,-0.44694679532533105,2.6865670323443767
294.8700688034116,-0.1688917417184365,-2.4777907031623587,-0.44694679532526155,2.6411749959702773
294.8700688034116,-0.1125908776974277,-2.4779869237857164,-0.4469421577026828,2.647934677397955
294.9644860275699,-0.22282627485057457,-2.477671003291062,-0.45031233089588907,2.6223385083918043
294.9644860275699,0.05570197992174236,-2.478247533293807,-0.45029820746452437,2.657396260912665
294.9644860275699,0.11140532732332624,-2.478132240540396,-0.45030103850915926,2.6653560171547794
294.9644860275699,0.22282627485026923,-2.477671003288725,-0.4503123308961999,2.6822261465985333
294.9644860275699,0.1671134504770723,-2.4779400701299092,-0.4503057500408928,2.6736326287928893
294.9644860275699,-0.11140532732363158,-2.4781322405413886,-0.45030103850877506,2.635414240513884
294.9644860275699,-1.526666247102488e-13,-2.478285962877129,-0.4502972632004474,2.6497528349103714
294.9644860275699,-0.055701979922047694,-2.478247533293888,-0.4502982074642524,2.642425549282138
294.96448602756993,-0.16711345047737763,-2.4779400701321745,-0.45030575004073714,2.628718531895048
295.05861145697594,-1.526666247102488e-13,-2.4784281804485158,-0.45365189211626133,2.637142861314126
295.05861145697594,-0.055108549277153654,-2.4783905534484925,-0.4536528500294653,2.6298922075162907
295.05861145697594,0.05510854927684832,-2.478390553450606,-0.4536528500316685,2.6447034261392854
295.05861145697594,-0.16533320580863875,-2.4780895109904475,-0.4536605025543708,2.616319758627616
295.058611456976,0.1653332058083334,-2.4780895109869308,-0.453660502553716,2.660755390996128
295.058611456976,0.11021847463930491,-2.478277668474409,-0.4536557221564971,2.6525740932749713
295.058611456976,0.22045266778233244,-2.477826062124238,-0.4536671806577027,2.6692473704144732
295.058611456976,-0.11021847463961025,-2.4782776684733703,-0.453655722154167,2.622951299888761
295.05861145697605,-0.2204526677825869,-2.4778260621296915,-0.4536671806599306,2.6099976687175843
295.1524472849189,-1.526666247102488e-13,-2.478570545135763,-0.45700234420651853,2.6245896932648356
295.1524472849189,0.10903032759960019,-2.4784232135965856,-0.4570062249463949,2.6398488879376676
295.1524472849189,0.16355101964362542,-2.4782390316297227,-0.45701106915677187,2.647934893418283
295.1524472849189,0.21807647211025172,-2.477981148385923,-0.45701783740389923,2.6563253995475224
295.1524472849189,-0.16355101964393076,-2.4782390316323823,-0.45701106915641376,2.603978247425018
295.1524472849189,-0.10903032759990552,-2.4784232135960695,-0.4570062249445728,2.610545425695066
295.15244728491894,0.054514471449430814,-2.478533713240436,-0.4570033147657977,2.632067331678238
295.15244728491894,-0.054514471449736146,-2.478533713238276,-0.4570033147635241,2.617415780003968
295.15244728491894,-0.21807647211055706,-2.4779811483900644,-0.4570178374045381,2.5977143301819665
295.2459956887331,0.05391975031223498,-2.4786770183195492,-0.4603496006762089,2.6194875518967273
295.2459956887331,-1.526666247102488e-13,-2.4787130626245855,-0.46034861848386394,2.612092904287165
295.2459956887331,-0.21569770332444793,-2.478136267310758,-0.4603643001093226,2.5854880693802387
295.2459956887331,-0.16176690360098026,-2.478388637492528,-0.4603574488412541,2.5916935731491026
295.2459956887331,-0.05391975031248943,-2.478677018319287,-0.46034960067546227,2.6049958400715045
295.24599568873316,0.2156977033241935,-2.4781362673116494,-0.460364300113481,2.6434598147568793
295.24599568873316,-0.10784089394990594,-2.4785688814817166,-0.46035254588279473,2.598196191704862
295.24599568873316,0.10784089394960061,-2.4785688814788593,-0.46035254588155844,2.6271799769967137
295.2459956887332,0.16176690360072582,-2.478388637491937,-0.46035744884359847,2.6351707140439125
295.33925882990223,0.05332438963454892,-2.4788204742388373,-0.46369170651857394,2.6069636646990175
295.33925882990223,-1.526666247102488e-13,-2.4788557384894467,-0.46369071370056486,2.5996520714585136
295.33925882990223,-0.21331637650105562,-2.478291424013618,-0.4637065675122667,2.5733184664881428
295.33925882990223,-0.10665018122828944,-2.4787146775879414,-0.46369468371418643,2.5859031752638337
295.33925882990223,-0.05332438963480336,-2.4788204742380766,-0.4636917065171409,2.5926319646100864
295.33925882990223,0.15998086898734615,-2.4785383338859766,-0.46369964035153904,2.62246243435308
295.3392588299023,0.1066501812279841,-2.47871467758631,-0.4636946837142996,2.6145669398240043
295.3392588299023,-0.1599808689876515,-2.4785383338873532,-0.46369964034996547,2.57946531424044
295.3392588299023,0.21331637650075028,-2.4782914240126264,-0.4637065675145945,2.6306502002711216
295.43223877332383,0.21093250838536434,-2.47844662109399,-0.46704460316310514,2.6178961548453805
295.43223877332383,-1.526666247102488e-13,-2.4789985759472177,-0.4670285934494903,2.5872667861435716
295.43223877332383,-0.2109325083856188,-2.478446621096609,-0.4670446031624236,2.561205115759497
295.4322387733239,0.05272839360294947,-2.478964084176085,-0.46702959588261606,2.5944952623337008
295.4322387733239,0.1054581978077517,-2.478860604982745,-0.4670326020280073,2.6020093701945806
295.4322387733239,-0.10545819780800615,-2.4788606049827475,-0.46703260202618374,2.5736659678965426
295.4322387733239,-0.05272839360320391,-2.478964084174826,-0.46702959588058957,2.580323744743103
295.4322387733239,-0.15819292836316606,-2.4786881236881673,-0.4670376072531411,2.567293063267175
295.4322387733239,0.15819292836286075,-2.4786881236862914,-0.467037607254122,2.609809650289693
295.52493381534805,0.052131790515315066,-2.4791078528041446,-0.47036323296281585,2.5820824426802353
295.52493381534805,-1.526666247102488e-13,-2.4791415797134913,-0.4703622219262754,2.5749371419781784
295.52493381534805,-0.05213179051556951,-2.479107852802868,-0.4703632329606514,2.568071270744542
295.5249338153481,0.20854621216384994,-2.478601862689769,-0.47037837132784344,2.605197794379229
295.5249338153481,0.15640316661851314,-2.47883801127977,-0.4703713137867989,2.597212470865284
295.5249338153481,-0.10426500028445675,-2.4790066682297813,-0.47036626502690576,2.5614846573968695
295.5249338153481,-0.2085462121641044,-2.4786018626903887,-0.4703783713255018,2.549148102672955
295.52493381534816,0.10426500028420231,-2.4790066682295064,-0.4703662650286022,2.5895073711131897
295.52493381534816,-0.15640316661881848,-2.478838011280503,-0.47037131378494157,2.555176906424799
295.6173497710729,-0.15461152319145335,-2.478988004066546,-0.47370079306529456,2.543115947778245
295.6173497710729,-1.526666247102488e-13,-2.479284757357223,-0.47369163222907773,2.562662233138033
295.6173497710729,0.10307054828108478,-2.479152874821467,-0.4736957058239404,2.577060032107977
295.61734977107295,-0.10307054828133923,-2.479152874822355,-0.47369570582269094,2.5493583441445105
295.61734977107295,-0.05153456018357105,-2.479251787673508,-0.4736926508586517,2.555873639697599
295.61734977107295,-0.2061574070874197,-2.478757156077461,-0.4737079051477418,2.5371465353671736
295.61734977107295,0.20615740708716526,-2.4787571560773918,-0.47370790515036,2.5925542053098134
295.61734977107295,0.15461152319119892,-2.47898800406618,-0.4737007930674298,2.5846699838679323
295.61734977107295,0.051534560183316605,-2.4792517876743205,-0.47369265086045353,2.5697242973959282
295.7094887419818,-1.526666247102488e-13,-2.4794281148521744,-0.47701685848768255,2.5504416502205087
295.70948874198183,0.2037661066333815,-2.4789125068541407,-0.47703323880035975,2.579964985063424
295.70948874198183,0.1528180081896877,-2.4791381078143457,-0.4770260792543716,2.572181784076071
295.70948874198183,-0.05093670597696804,-2.4793958947446995,-0.47701788371384973,2.5437304420604523
295.70948874198183,0.10187484853771461,-2.4792992306490333,-0.4770209585634266,2.564666945936452
295.70948874198183,0.0509367059767136,-2.479395894743873,-0.47701788371417186,2.5574204178446385
295.70948874198183,-0.20376610663363592,-2.4789125068549107,-0.4770332387984952,2.5252000076452323
295.70948874198183,-0.10187484853801994,-2.4792992306521104,-0.47702095856410204,2.5372866190856334
295.70948874198183,-0.15281800818994215,-2.479138107815107,-0.47702607925246426,2.531109779388678
295.8013528142011,0.050338231167915144,-2.4795401775627224,-0.48033890782097655,2.5451703988047334
295.8013528142011,-1.0177774980683254e-13,-2.479571655788016,-0.4803378769996331,2.5382749872521186
295.8013528142011,-0.050338231168169593,-2.479540177564438,-0.4803389078213579,2.5316412717319405
295.8013528142011,-0.20137232389193144,-2.4790679180234267,-0.480354348608376,2.5133081167674534
295.80135281420115,0.10067790759906266,-2.4794457391506532,-0.4803419995491096,2.55232770875314
295.80135281420115,0.15102263143100325,-2.4792883257805047,-0.4803471486613915,2.5597474696444307
295.80135281420115,-0.10067790759931709,-2.4794457391547375,-0.48034199955059204,2.525269076615595
295.80135281420115,-0.1510226314312577,-2.4792883257841747,-0.480347148662016,2.5191579967720394
295.8013528142012,0.201372323891677,-2.4790679180193913,-0.480354348607235,2.567429734419075
295.89294128361973,0.14922545700454373,-2.4794386609235666,-0.48366395747479335,2.547367016940216
295.89294128361973,0.04973915712063071,-2.479684639417231,-0.4836556793208029,2.5329742077138695
295.89294128361973,-1.0177774980683254e-13,-2.4797153834961816,-0.4836546439029867,2.526162208401089
295.89294128361973,0.1989761443125641,-2.4792233922533424,-0.4836711908053252,2.5549484354038463
295.89294128361973,-0.049739157120885155,-2.479684639419377,-0.48365567932155656,2.5196060904079074
295.89294128361973,-0.0994797681922934,-2.4795924034903685,-0.48365878493637426,2.5133056767548454
295.89294128361973,0.09947976819198807,-2.479592403486657,-0.48365878493542247,2.540042292062059
295.8929412836198,-0.19897614431281854,-2.4792233922571056,-0.48367119080628934,2.50147082179414
295.8929412836198,-0.14922545700479817,-2.4794386609284484,-0.48366395747651114,2.5072605590702985
295.9842566881428,-1.0177774980683254e-13,-2.479859304279043,-0.4869671645151545,2.514102849264643
295.9842566881428,-0.04913948396116649,-2.479829286588181,-0.48696820354304454,2.5076244339612095
295.98425668814286,0.04913948396091204,-2.479829286585827,-0.4869682035418429,2.5208313804787816
295.98425668814286,-0.19657756840075868,-2.479378935446471,-0.4869837708600207,2.4896876629348568
295.98425668814286,-0.09828043056915411,-2.479739229865641,-0.48697132008298694,2.5013959562369026
295.98425668814286,0.09828043056889968,-2.4797392298613197,-0.4869713200814592,2.527810232664647
295.98425668814286,0.19657756840050425,-2.4793789354444913,-0.4869837708606102,2.5425206283637065
295.9842566881429,0.14742648528861702,-2.479589119319711,-0.4869765111015316,2.535039964244623
295.9842566881429,-0.14742648528887148,-2.4795891193235127,-0.4869765111022758,2.4954170044626243
296.07530315865944,-0.09707987344766286,-2.4798862249702296,-0.49027965001368196,2.489539246298252
296.07530315865944,-1.0177774980683254e-13,-2.480003424909461,-0.490275483833035,2.502096237254841
296.07530315865944,0.09707987344740843,-2.479886224966621,-0.49027965001250956,2.515630856077566
296.0753031586595,-0.1456256843607337,-2.4797397075523477,-0.49028485459324983,2.483626666820752
296.0753031586595,-0.1941765535929584,-2.479534554027199,-0.49029213386889414,2.4779579771784306
296.0753031586595,0.14562568436047926,-2.479739707548785,-0.4902848545926238,2.5227656368500853
296.0753031586595,0.19417655359270397,-2.479534554024325,-0.4902921338686501,2.530145638849036
296.0753031586595,0.04853920104764095,-2.479974125823387,-0.4902765254902688,2.5087412433226906
296.0753031586595,-0.04853920104789539,-2.479974125824573,-0.4902765254906899,2.495695631474983
296.16608272316125,-1.0177774980683254e-13,-2.4801477476111193,-0.4935795783528545,2.4901419794502417
296.16608272316125,-0.09587810261968606,-2.4800333908613807,-0.4935837512341335,2.477735154464076
296.16608272316125,-0.14382306290793004,-2.479890427470159,-0.4935889644727215,2.471889154811778
296.1660827231613,0.1917731114724381,-2.4796902495691366,-0.4935962563813356,2.5178230803950115
296.1660827231613,0.09587810261943161,-2.480033390860521,-0.49358375123508197,2.503503771382747
296.1660827231613,-0.19177311147269255,-2.4796902495707647,-0.49359625638040366,2.466281374946032
296.1660827231613,0.047938311276648854,-2.480119159310382,-0.49358062166339783,2.4967034040195633
296.1660827231613,-0.047938311276903296,-2.480119159311357,-0.4935806216637205,2.48381928994491
296.1660827231613,0.1438230629076756,-2.479890427470291,-0.493588964475172,2.5105436457589407
296.2565924632866,0.14201872784676534,-2.480041282220587,-0.4968887911210531,2.4983742678523506
296.2565924632866,-0.047336850288061075,-2.480264390515733,-0.49688044232755973,2.471995663435581
296.2565924632866,-1.0177774980683254e-13,-2.48029227589311,-0.49687939832732475,2.4782403342473733
296.2565924632866,0.09467518936394767,-2.4801807308851496,-0.49688357405361544,2.4914292483851423
296.2565924632866,0.04733685028785752,-2.480264390515057,-0.4968804423276575,2.484718126212752
296.25659246328667,-0.1420187278469689,-2.4800412822200797,-0.49688879111869455,2.4602047165812038
296.25659246328667,-0.0946751893642021,-2.4801807308851873,-0.49688357405223277,2.4659839313819525
296.25659246328667,-0.1893673845920657,-2.479846024930556,-0.4968960888657842,2.454658102795943
296.25659246328667,0.18936738459181127,-2.479846024929372,-0.4968960888670246,2.505553237873518
296.3468383493056,0.046734794630808284,-2.4804098270866453,-0.5001760264012582,2.4727844966369164
296.34683834930564,-0.1869592791543321,-2.4800018874772416,-0.5001916704259427,2.4430872658992753
296.34683834930564,-1.0177774980683254e-13,-2.4804370174232346,-0.5001749826626213,2.466390391353449
296.34683834930564,-0.09347108678090435,-2.480328252639496,-0.5001791574265727,2.4542846737766753
296.3468383493057,0.09347108678070079,-2.4803282526375097,-0.5001791574260838,2.479406371204492
296.3468383493057,-0.1402126088287642,-2.4801922793027438,-0.5001843735464371,2.448572452898459
296.3468383493057,0.14021260882850978,-2.480192279303634,-0.50018437354886,2.4862565849927956
296.34683834930576,-0.046734794631011836,-2.4804098270889656,-0.5001760264024202,2.4602238449842586
296.34683834930576,0.18695927915407767,-2.4800018874758782,-0.5001916704267299,2.4933351912474375
296.4368231306959,-0.13840469853661538,-2.4803434218706557,-0.5034757294849053,2.4369918833004705
296.4368231306959,-1.0177774980683254e-13,-2.480581975661978,-0.503466349043152,2.454591666816182
296.4368231306959,0.13840469853641182,-2.4803434218715816,-0.503475729487213,2.474190114751141
296.436823130696,0.18454878540399267,-2.480157840125082,-0.503483018828197,2.4811684597092243
296.436823130696,0.09226578999173789,-2.4804759594445174,-0.503470519059498,2.467434656346973
296.436823130696,-0.04613214186680448,-2.4805554724581986,-0.5034673915785528,2.4485033512449115
296.436823130696,0.046132141866600924,-2.4805554724541863,-0.5034673915759246,2.4609020312904986
296.436823130696,-0.18454878540419623,-2.4801578401268793,-0.5034830188280145,2.431568386069441
296.436823130696,-0.09226578999199234,-2.4804759594479404,-0.5034705190613855,2.4426368994652568
296.5265448610277,-0.09105935685307884,-2.480623853658843,-0.5067576111750719,2.431040734709183
296.5265448610277,-0.04552892092352527,-2.4807013291062106,-0.506754490038609,2.4368343111069817
296.5265448610277,-1.0177774980683254e-13,-2.4807271531411,-0.5067534496435385,2.442844292992655
296.52654486102773,0.13659508375223678,-2.4804947120579364,-0.5067628112227457,2.4621750049246662
296.52654486102773,0.04552892092327082,-2.48070132910048,-0.5067544900342407,2.449070866837819
296.52654486102773,-0.18213601904825266,-2.4803138847085613,-0.5067700864515996,2.420101586830753
296.52654486102773,0.0910593568528244,-2.480623853653373,-0.5067576111709214,2.455514245623675
296.52654486102773,-0.13659508375244034,-2.4804947120599077,-0.5067628112233299,2.4254631322603237
296.52654486102773,0.1821360190480491,-2.4803138847072494,-0.5067700864521981,2.4690531978817107
296.61600683967157,-1.0177774980683254e-13,-2.480872556487081,-0.5100363006524892,2.4311477152488905
296.61600683967157,0.13478374550639313,-2.4806461562831967,-0.5100456351067956,2.4502107006434932
296.61600683967157,0.044925125477519055,-2.48084740363141,-0.510037337985217,2.43729044805219
296.61600683967157,0.08985177471736246,-2.4807719418018648,-0.5100404500240001,2.443644583729291
296.61600683967157,-0.08985177471756602,-2.4807719418068923,-0.5100404500283067,2.419495627601959
296.61600683967157,-0.22466453130031733,-2.4802435286290976,-0.5100622122824333,2.40359758548004
296.61600683967157,-0.04492512547772261,-2.4808474036362993,-0.5100373379890203,2.4252161710432567
296.61600683967157,-0.1347837455066476,-2.4806461562836026,-0.5100456351063081,2.4139856500061057
296.6160068396716,-0.1797209547942726,-2.4804700274674563,-0.5100528897613613,2.4086863210595695
296.6160068396716,0.17972095479406905,-2.4804700274677063,-0.5100528897632445,2.4569888518445544
296.6160068396717,0.2246645313000629,-2.480243528629884,-0.5100622122841991,2.4639792779692726
296.70521339686053,-1.0177774980683254e-13,-2.481018189195189,-0.5133149189976415,2.419501246782161
296.70521339686053,0.13297064286789018,-2.480797757734652,-0.5133242181319265,2.438296511636418
296.70521339686053,-0.17730353806872132,-2.4806262713578864,-0.5133314458070095,2.3973219128982004
296.70521339686053,0.04432074188522404,-2.48099369951055,-0.5133159523660423,2.4255600865230966
296.7052133968606,0.17730353806851776,-2.480626271359999,-0.5133314458102125,2.4449747310735837
296.7052133968606,-0.04432074188542759,-2.4809936995117514,-0.5133159523667405,2.41364824631026
296.7052133968606,-0.08864301629756689,-2.4809202272561004,-0.5133190525826729,2.408000895910815
296.7052133968606,-0.13297064286809374,-2.480797757734474,-0.5133242181313595,2.4025587572670024
296.7052133968606,0.08864301629736333,-2.480920227252586,-0.5133190525792237,2.431824981097123
296.7052133968606,-0.22164283711152497,-2.4804057416355514,-0.5133407343761934,2.392290306236999
296.7052133968606,0.2216428371113214,-2.4804057416378047,-0.513340734379027,2.451859880801245
296.7941617153855,-1.0177774980683254e-13,-2.4811640538294664,-0.5165892670269326,2.4079051350286766
296.79416171538554,-0.17488390737931,-2.4807826182451738,-0.5166057171778946,2.386008598181812
296.79416171538554,-0.13115587971995402,-2.4809495185772965,-0.5165985227761237,2.391182691463531
296.79416171538554,0.13115587971969958,-2.4809495185797843,-0.5165985227783948,2.4264327032443145
296.79416171538554,0.08743315084953246,-2.4810687123878554,-0.5165933812383262,2.420055696223451
296.79416171538554,0.043715804775043804,-2.4811402192528527,-0.5165902955346537,2.4138800347785447
296.79416171538554,0.21861837553793068,-2.480567985160366,-0.5166149636784753,2.4397911544975686
296.79416171538554,-0.08743315084978691,-2.4810687123906403,-0.516593381241433,2.3965567795181864
296.79416171538554,-0.21861837553813424,-2.4805679851588778,-0.5166149636765734,2.381034441793301
296.79416171538554,-0.043715804775247356,-2.48114021925389,-0.5165902955356352,2.402130780129054
296.7941617153856,0.17488390737905557,-2.4807826182516957,-0.5166057171845595,2.433011108630683
296.8828561298635,-0.043110300168873086,-2.481286969908015,-0.5198603948029361,2.390663089398985
296.8828561298635,-0.1724620068156023,-2.4809390748646094,-0.5198757314939241,2.3747457027751233
296.8828561298635,-1.0177774980683254e-13,-2.481310157457978,-0.5198593720291089,2.3963586947873226
296.8828561298635,0.04311030016866953,-2.481286969908825,-0.5198603948033971,2.4022496059610416
296.88285612986357,0.12933941412826883,-2.4811014456972886,-0.5198685765187054,2.414618586629753
296.88285612986357,-0.12933941412847239,-2.4811014456960683,-0.5198685765180137,2.379856775028088
296.88285612986357,0.08622215041765928,-2.481217404196975,-0.5198634633763988,2.408336041038697
296.88285612986357,0.17246200681539875,-2.4809390748631817,-0.5198757314924907,2.4210972953548233
296.88285612986357,-0.21559107669399524,-2.480730265723446,-0.5198849279698606,2.369829321889598
296.88285612986357,-0.08622215041786284,-2.481217404195744,-0.519863463375904,2.3851625978680207
296.8828561298636,0.2155910766937917,-2.480730265721293,-0.5198849279679527,2.4277724100179445
296.9713006900294,-1.0177774980683254e-13,-2.4814565014338386,-0.5231252326650466,2.3848612809602754
296.9713006900294,0.08500999009698286,-2.4813663038579095,-0.5231292976720019,2.396665368022853
296.9713006900294,-0.08500999009723731,-2.4813663038572287,-0.5231292976721584,2.3738177101336855
296.9713006900294,0.04250421561369531,-2.4814339527864444,-0.5231262488361691,2.3906681535305276
296.97130069002947,0.17003778657031546,-2.4810956418808914,-0.5231414875007606,2.4092326431533206
296.97130069002947,-0.1700377865705699,-2.4810956418866588,-0.5231414875068932,2.3635325919708245
296.97130069002947,-0.21256087832176024,-2.480892583624841,-0.5231506260690695,2.358674315571087
296.97130069002947,-0.1275212087374489,-2.4812535400613984,-0.5231343780698324,2.368580369962751
296.97130069002947,-0.04250421561389886,-2.4814339527874587,-0.5231262488376281,2.379244530926739
296.97130069002947,0.12752120873724535,-2.4812535400600813,-0.5231343780677096,2.402853513755182
296.97130069002947,0.2125608783215567,-2.4808925836224107,-0.5231506260663782,2.415802999676955
297.0594899180383,0.12570142196105047,-2.4814058046135714,-0.5263958838584131,2.3911381041555715
297.0594899180383,-1.0177774980683254e-13,-2.481603089069521,-0.526386805152574,2.3734134872260575
297.0594899180383,-0.12570142196125403,-2.4814058046135736,-0.5263958838596946,2.3573540532260453
297.0594899180383,-0.20952804443275955,-2.4810549411491585,-0.526412014785982,2.347569993726675
297.0594899180383,-0.04189760391659062,-2.4815811711627926,-0.5263878138805144,2.3678756918022144
297.05948991803837,0.04189760391638707,-2.481581171161845,-0.5263878138788903,2.37913627876933
297.05948991803837,0.08379677549922085,-2.48151541452143,-0.5263908404398892,2.3850442870771364
297.05948991803837,-0.16761145785853893,-2.481252321962111,-0.5264029418091507,2.352369839184913
297.05948991803837,0.16761145785833537,-2.4812523219608686,-0.526402941806766,2.397417782209769
297.05948991803837,0.209528044432556,-2.481054941148091,-0.5264120147842272,2.4038835653216784
297.05948991803837,-0.08379677549942441,-2.4815154145227103,-0.5263908404420888,2.362522697831645
297.14743278374914,-0.12387991415745633,-2.481558245572703,-0.5296531308099034,2.3461765623680053
297.14743278374914,0.12387991415725277,-2.4815582455736163,-0.5296531308093384,2.379471057850529
297.14743278374914,-1.0177774980683254e-13,-2.4817499267741807,-0.5296441262517828,2.3620140316101876
297.1474327837492,-0.20649234230056554,-2.481217344165025,-0.5296691313203626,2.336515107763855
297.1474327837492,-0.04129041852813116,-2.4817286314176035,-0.5296451267055129,2.356555296390606
297.1474327837492,-0.08258241352775661,-2.48166474251355,-0.5296481285145263,2.3512762918354038
297.1474327837492,-0.1651828344937568,-2.4814091211604064,-0.5296601314465138,2.3412561888121486
297.1474327837492,0.08258241352755306,-2.4816647425146163,-0.529648128514231,2.373471504054088
297.1474327837492,0.206492342300362,-2.48121734416172,-0.5296691313165293,2.3920127958133217
297.1474327837492,0.0412904185279276,-2.4817286314195726,-0.5296451267065486,2.367652693532038
297.1474327837492,0.16518283449355325,-2.481409121158478,-0.5296601314434801,2.3856514068799686
297.23512754002206,-1.0177774980683254e-13,-2.4818970161219176,-0.5328971949714656,2.3506630248834908
297.23512754002206,-0.04068268640023551,-2.48187633508693,-0.5328981863380278,2.3452834522358263
297.23512754002206,-0.16275202427748592,-2.4815660403438438,-0.5329130556160633,2.3301917434550266
297.2351275400221,-0.08136695808505333,-2.481814289231681,-0.5329011609500393,2.3400785972518356
297.2351275400221,-0.1220567661787583,-2.48171086411174,-0.5329061180338291,2.335048000848361
297.2351275400221,0.08136695808490067,-2.481814289234434,-0.532901160951112,2.3619471385478583
297.2351275400221,-0.2034539066734739,-2.481379793140742,-0.532921974982836,2.3255097602177908
297.2351275400221,0.12205676617855474,-2.4817108641136385,-0.5329061180342037,2.367852500030466
297.2351275400221,0.04068268640003195,-2.4818763350916155,-0.5328981863414521,2.356217512606213
297.2351275400221,0.16275202427728236,-2.4815660403440125,-0.5329130556151664,2.373933648740396
297.2351275400221,0.20345390667327035,-2.481379793136481,-0.5329219749783116,2.3801908299042047
297.32257543539146,-0.08015042171735601,-2.4819640598503163,-0.5361499320111955,2.3289293360364476
297.32257543539146,-0.16031905230068955,-2.4817230843284492,-0.5361617088844399,2.3191762270493053
297.32257543539146,0.08015042171715245,-2.481964059852103,-0.5361499320113916,2.3504709158859876
297.32257543539146,-1.0177774980683254e-13,-2.482044362410918,-0.5361460054790397,2.3393601894653413
297.32257543539146,-0.040074413805873496,-2.4820242874381653,-0.5361469869696841,2.334059881219804
297.3225754353915,0.20041276891409462,-2.4815422926155537,-0.5361705405606885,2.3684174018677306
297.3225754353915,0.04007441380566994,-2.4820242874405825,-0.5361469869708554,2.3448304595597604
297.3225754353915,-0.20041276891429818,-2.4815422926200243,-0.5361705405653312,2.314553676930836
297.3225754353915,-0.12023199684381496,-2.4818636652565593,-0.5361548399218043,2.3239680913072642
297.3225754353915,0.16031905230048601,-2.48172308432691,-0.5361617088821842,2.362264238471305
297.32257543539157,0.1202319968436114,-2.481863665258028,-0.5361548399218701,2.3562821583937215
297.40978161468837,-0.11840554288167393,-2.4820166503457943,-0.5393992963520299,2.3129360646927193
297.4097816146884,0.11840554288152126,-2.482016650343452,-0.53939929634889,2.3447592468837626
297.4097816146884,0.03946557965404915,-2.482172490128773,-0.5393915283813533,2.333490752445939
297.4097816146884,-1.0177774980683254e-13,-2.482191967344859,-0.5393905575502109,2.328104746048409
297.4097816146885,-0.03946557965420182,-2.4821724901307096,-0.5393915283839387,2.322883807064231
297.4097816146885,-0.15788383420401472,-2.4818802541725122,-0.5394060912137081,2.3082088747399974
297.4097816146885,0.078932762242978,-2.482114055906103,-0.5393944415136017,2.339042051871947
297.4097816146885,-0.19736882357655694,-2.4817048432928184,-0.5394148281315126,2.3036460976342297
297.4097816146885,-0.07893276224318155,-2.4821140559058072,-0.5393944415144243,2.3178277353294376
297.4097816146885,0.19736882357635338,-2.4817048432882256,-0.5394148281266228,2.356691723096916
297.4097816146885,0.15788383420381116,-2.481880254166323,-0.5394060912074053,2.3506423885459964
297.49674117757405,-1.0177774980683254e-13,-2.482339834782995,-0.5426308337341516,2.3168972127432284
297.49674117757405,-0.07771407749191377,-2.482264281115093,-0.542634672120977,2.306774301994722
297.49674117757405,0.038856232860115913,-2.482320946986178,-0.5426317931557234,2.322198916423544
297.49674117757405,-0.038856232860319466,-2.4823209469856113,-0.542631793155452,2.3117557417813046
297.49674117757405,0.0777140774917102,-2.482264281114789,-0.5426346721202687,2.327661079662805
297.4967411775741,-0.15544656563808673,-2.4820375531377974,-0.5426461855765666,2.29729018594521
297.4967411775741,-0.11657755103361199,-2.482169822904627,-0.5426394701134791,2.3019524236705386
297.4967411775741,0.15544656563788317,-2.482037553132724,-0.5426461855714593,2.3390686509672647
297.4967411775741,-0.19432231521732343,-2.481867448089359,-0.5426548208982696,2.292787519448665
297.4967411775741,0.19432231521711987,-2.4818674480864935,-0.5426548208947094,2.3450143564422308
297.4967411775741,0.11657755103345932,-2.4821698229004894,-0.5426394701093271,2.333284307605576
297.58346332545443,0.07649426761886763,-2.4824147389416584,-0.5458706369242448,2.3163266869523134
297.58346332545443,0.03824632350137506,-2.4824696615699815,-0.545867794336642,2.310953645654258
297.58346332545443,-1.0177774980683254e-13,-2.482487968316314,-0.5458668470595215,2.3057362903399246
297.58346332545443,0.11474787153560408,-2.482323186229722,-0.545875374373598,2.3218560219459214
297.58346332545443,-0.07649426761907117,-2.482414738940218,-0.5458706369227309,2.295767750560557
297.5834633254545,-0.11474787153580764,-2.4823231862314596,-0.5458753743750002,2.291015889878199
297.5834633254545,0.153007046922034,-2.4821949842965982,-0.5458820052525456,2.3275417009756683
297.5834633254545,-0.1530070469221867,-2.4821949842981232,-0.5458820052542758,2.2864188895714
297.5834633254545,0.191272994241882,-2.482030109798074,-0.5458905322947414,2.333383971159088
297.5834633254545,-0.03824632350152773,-2.4824696615678494,-0.5458677943346142,2.3006743929500684
297.5834633254545,-0.19127299424203464,-2.4820301097969764,-0.5458905322947949,2.281976678709388
297.6699423860157,-0.11291666736542963,-2.482476742528805,-0.5491070029174998,2.2801270634198145
297.6699423860157,-0.0376359059051101,-2.4826186364069223,-0.5490995255163181,2.2896403713514193
297.6699423860157,-0.07527344127830483,-2.4825654317861874,-0.5491023295825027,2.284808685978783
297.6699423860157,0.11291666736527696,-2.4824767425289185,-0.5491070029178611,2.310475033811745
297.6699423860157,0.15056549535440578,-2.482352549565359,-0.5491135441870135,2.316062193211829
297.6699423860157,-1.0177774980683254e-13,-2.482636370515837,-0.549098591098438,2.2946225964295053
297.66994238601575,0.03763590590495744,-2.482618636406185,-0.5490995255157597,2.299755565520171
297.66994238601575,0.18822113226649823,-2.482192829949542,-0.549121956462795,2.3218012336026574
297.66994238601575,0.07527344127810129,-2.482565431787981,-0.5491023295846381,2.305039507894647
297.66994238601575,-0.18822113226665088,-2.482192829949967,-0.5491219564641877,2.2712141687693364
297.66994238601575,-0.15056549535460934,-2.4823525495664054,-0.5491135441882589,2.2755955818563622
297.7561861779466,-1.0177774980683254e-13,-2.4827850452231908,-0.5523260687019936,2.283555014241646
297.7561861779466,0.0740515168282874,-2.4827163633731257,-0.5523297530396712,2.2937984152244275
297.7561861779466,-0.18516652520210264,-2.4823556115945573,-0.5523490967777037,2.260498903257633
297.7561861779466,0.03702493924999582,-2.4827678753086153,-0.5523269895686064,2.2886035538843794
297.7561861779466,0.11108381606318407,-2.482630495357563,-0.5523343587832898,2.2991402110475034
297.7561861779466,-0.037024939250199375,-2.4827678753095253,-0.5523269895692188,2.278652565819589
297.75618617794663,0.22222658627091615,-2.4821665263792596,-0.5523592321569465,2.316049654107087
297.75618617794663,0.18516652520189908,-2.4823556115921903,-0.5523490967745499,2.310265002552418
297.75618617794663,-0.11108381606333674,-2.482630495357089,-0.5523343587826647,2.269284845052048
297.75618617794663,-0.22222658627111969,-2.482166526379112,-0.5523592321586264,2.25632318967719
297.75618617794663,0.1481217476597226,-2.4825102522768954,-0.5523408055623691,2.3046289908684576
297.75618617794663,-0.1481217476598753,-2.4825102522751044,-0.5523408055610771,2.264819169874273
297.75618617794663,-0.07405151682849095,-2.4827163633739198,-0.5523297530398569,2.27389600292608
297.84219128136226,-0.18210936524259197,-2.482518456074802,-0.5555719554342945,2.249831194957603
297.84219128136226,-0.0364134619784552,-2.4829173806122187,-0.5555501881807678,2.2677112996451734
297.84219128136226,-1.0177774980683254e-13,-2.4829339948169507,-0.5555492815373791,2.2725338718096997
297.8421912813623,-0.145675957597397,-2.4826680941443544,-0.5555637913821655,2.254089967765477
297.8421912813623,0.18210936524243931,-2.482518456073025,-0.555571955431453,2.2987756424483856
297.8421912813623,0.2185581391364784,-2.4823354859273916,-0.555581935829715,2.3044528919002554
297.8421912813623,-0.10924943295150549,-2.4827844467206592,-0.55555744382598,2.2584895511188856
297.8421912813623,-0.07282857115249082,-2.482867535909584,-0.5555529090397529,2.2630300207965113
297.8421912813623,0.14567595759724433,-2.4826680941434702,-0.5555637913808681,2.293242449411808
297.8421912813623,0.07282857115228727,-2.482867535908491,-0.555552909039446,2.2826037489991577
297.8421912813624,0.10924943295135282,-2.4827844467194558,-0.5555574438252318,2.287851900991983
297.8421912813624,0.03641346197830254,-2.4829173806125078,-0.5555501881814827,2.277497944369229
297.8421912813624,-0.21855813913668196,-2.4823354859267432,-0.5555819358307643,2.2457123684836726
297.9279631404055,0.21488648134124635,-2.482504416942206,-0.5588003467431615,2.29290245126919
297.9279631404055,-0.1432280269555134,-2.482826077743951,-0.5587824975813613,2.243407183616686
297.9279631404055,-1.0177774980683254e-13,-2.4830832224358006,-0.5587682251885957,2.2615583610900014
297.9279631404055,0.14322802695536074,-2.4828260777411395,-0.5587824975783542,2.281901750533898
297.92796314040555,0.07160455514228575,-2.4830189523833512,-0.5587717932475859,2.2714546953093113
297.92796314040555,0.0358014495356901,-2.483067155415378,-0.5587691169547856,2.26643792581474
297.92796314040555,-0.03580144953584277,-2.4830671554166566,-0.5587691169552587,2.2568157682674257
297.92796314040555,-0.10741344436966346,-2.482938599432978,-0.5587762538208353,2.2477403851248647
297.92796314040555,-0.07160455514243841,-2.483018952384865,-0.5587717932480862,2.252209938878824
297.92796314040555,0.17904952962664689,-2.482681365654171,-0.558790528571689,2.287332333333946
297.92796314040555,0.10741344436951081,-2.4829385994321322,-0.5587762538205625,2.276609287352972
297.92796314040555,-0.21488648134139904,-2.4825044169396557,-0.5588003467424016,2.2351487320122696
297.92796314040555,-0.17904952962679954,-2.4826813656552633,-0.5587905285739365,2.2392102569043923
298.0134999309984,0.10557593144897703,-2.4830929557571007,-0.5619907913083547,2.265412508329578
298.0134999309984,-0.03518892896684754,-2.483217202301641,-0.5619837782496652,2.245966092346069
298.0134999309984,-0.1055759314491297,-2.4830929557573937,-0.5619907913083582,2.237037463463522
298.0134999309984,0.07037952288689751,-2.48317061526281,-0.5619864080939821,2.2603513868433605
298.0134999309984,-1.0177774980683254e-13,-2.4832327306950845,-0.5619829019868487,2.2506286060012752
298.0134999309985,0.14077806390687395,-2.4829842050560185,-0.5619969268563096,2.2706070386951556
298.0134999309985,0.03518892896669487,-2.4832172023011228,-0.5619837782500785,2.2554236261492377
298.0134999309985,-0.07037952288705018,-2.4831706152652018,-0.5619864080953348,2.241435875324261
298.0134999309985,-0.1407780639070266,-2.4829842050551325,-0.5619969268557353,2.2327709328143985
298.0134999309985,-0.1759871535672293,-2.482844341965257,-0.5620048191054006,2.2286362042283363
298.0134999309985,0.21121177513376188,-2.4826733206171308,-0.5620144680621785,2.2813984914489147
298.0134999309985,0.17598715356702574,-2.4828443419660746,-0.5620048191053689,2.2759352266815625
298.01349993099853,-0.21121177513396544,-2.4826733206161236,-0.562014468062708,2.2246323958881953
298.09880619753886,0.13832599404746526,-2.483142477944728,-0.5652070754162675,2.259357617669091
298.09880619753886,0.06915343718238567,-2.483322526852125,-0.5651967495179868,2.249293129893815
298.09880619753886,0.10373683838531664,-2.4832475178163147,-0.5652010523406852,2.254260868748034
298.09880619753886,-5.088887490341627e-14,-2.4833825220440993,-0.5651933077796079,2.2397439170089934
298.09880619753886,0.03457588166934662,-2.483367523682437,-0.5651941679369765,2.2444543535450423
298.09880619753886,-0.13832599404761792,-2.4831424779420983,-0.5652070754139081,2.22218053912827
298.09880619753886,-0.2075339089151294,-2.4828421980521127,-0.5652242964235262,2.2141626930110254
298.09880619753886,-0.03457588166949929,-2.483367523682301,-0.5651941679361552,2.235161585052929
298.09880619753886,-0.06915343718258923,-2.483322526852237,-0.5651967495175333,2.230707146424273
298.09880619753886,0.17292214406074743,-2.483007386521187,-0.5652148234248224,2.264583625625772
298.0988061975389,0.20753390891497672,-2.4828421980544895,-0.5652242964245966,2.26994031534879
298.0988061975389,-0.1729221440609001,-2.483007386519115,-0.5652148234233536,2.218108365057714
298.0988061975389,-0.10373683838546931,-2.4832475178146947,-0.565201052339117,2.226380105958871
298.18388025084585,0.06792634999809774,-2.483474689884692,-0.5684028205801996,2.238280040286399
298.1838802508459,0.10189624313092242,-2.4834022881567233,-0.5684070401083803,2.243154489761275
298.1838802508459,-0.033962333628624435,-2.4835181224065495,-0.5684002889998245,2.2244023506367867
298.1838802508459,-5.088887490341627e-14,-2.483532599374159,-0.5683994455318659,2.2289044014867274
298.1838802508459,0.033962333628471765,-2.483518122407484,-0.56840028900094,2.233530219234712
298.18388025084596,-0.10189624313107509,-2.483402288155472,-0.5684070401071529,2.215768412812617
298.18388025084596,-0.16985463102222428,-2.483170501264219,-0.5684205451356462,2.2076268384845457
298.18388025084596,0.1698546310220716,-2.483170501264395,-0.5684205451354427,2.253277664176791
298.18388025084596,0.13587192131135145,-2.4833008986894987,-0.5684129466287419,2.2481536146700924
298.18388025084596,-0.1358719213115041,-2.4833008986888823,-0.5684129466280072,2.2116361018379087
298.18388025084596,-0.06792634999825041,-2.483474689882955,-0.5684028205784952,2.22002385403693
298.18388025084596,-0.2038530385760892,-2.4830110507817915,-0.5684298357205576,2.2037397230198286
298.18388025084596,0.2038530385759365,-2.48301105078434,-0.5684298357220523,2.2585280645091053
298.26872718358004,-0.03334826184647174,-2.4836690001494715,-0.5716021375047782,2.2136876361764455
298.26872718358004,0.13341575371220937,-2.4834594683627658,-0.5716145368568966,2.2369942642081053
298.26872718358004,-0.13341575371236203,-2.483459468362122,-0.5716145368560778,2.2011368801748117
298.26872718358004,-5.088887490341627e-14,-2.4836829643966345,-0.5716013112844647,2.2181093032306736
298.26872718358004,-0.10005407669462711,-2.483557268129264,-0.5716087508320158,2.205201638821297
298.2687271835801,-0.06669821533904012,-2.483627105913154,-0.5716046174029453,2.2093852489078905
298.2687271835801,0.06669821533888745,-2.4836271059148536,-0.5716046174042121,2.227311356405032
298.2687271835801,-0.2001690261462656,-2.4831798790821358,-0.5716310827287544,2.1933627551676014
298.2687271835801,0.20016902614611293,-2.4831798790828885,-0.5716310827288372,2.2471609711050005
298.2687271835801,0.16678449947104587,-2.483333686913711,-0.5716219807885289,2.242016575484709
298.2687271835801,0.03334826184631907,-2.483669000148741,-0.57160213750382,2.222650464116093
298.2687271835801,-0.16678449947119853,-2.483333686913639,-0.571621980788669,2.197190888559258
298.2687271835801,0.10005407669447444,-2.4835572681303852,-0.5716087508330013,2.2320926076238834
298.3533440071469,-0.06546910379235697,-2.483779777995283,-0.5748021436587867,2.1987915965400457
298.3533440071469,0.1637119258645386,-2.4834969457606717,-0.5748191346633248,2.2308006665519002
298.3533440071469,-5.088887490341627e-14,-2.4838336203088622,-0.5747989085892995,2.2073588956486656
298.3533440071469,0.0654691037922043,-2.483779777997159,-0.5748021436599164,2.216387362724145
298.353344007147,-0.03273370161702038,-2.4838201600717835,-0.5747997170315544,2.2030177107320394
298.353344007147,0.09821044495511139,-2.4837124606130745,-0.5748061883315231,2.2210755135290827
298.353344007147,-0.16371192586469124,-2.483496945759886,-0.574819134662538,2.1868007748570606
298.353344007147,0.03273370161686772,-2.48382016007007,-0.5747997170292264,2.211815366735129
298.353344007147,0.13095763241903488,-2.48361818958614,-0.5748118501206989,2.2258798649855662
298.353344007147,0.19648208336541245,-2.4833486848400077,-0.5748280420445578,2.235839351229181
298.353344007147,-0.09821044495526406,-2.4837124606103615,-0.5748061883293741,2.194680046721153
298.353344007147,-0.13095763241918754,-2.4836181895836362,-0.5748118501182943,2.1906831348992593
298.353344007147,-0.19648208336551423,-2.483348684840196,-0.5748280420451075,2.1830320486356958
298.43773778406387,0.12849740635532791,-2.4837770625778472,-0.5780048828365552,2.2148093958830937
298.43773778406387,-0.1284974063554806,-2.4837770625787075,-0.5780048828373381,2.1802738854947035
298.43773778406387,-0.16063672136177187,-2.4836602776445447,-0.5780120033375512,2.1764555232247798
298.43773778406387,-0.03211861516937699,-2.483971603030602,-0.5779930237362939,2.19239157641301
298.43773778406387,-5.088887490341627e-14,-2.4839845680122283,-0.5779922335869649,2.1966521756311743
298.4377377840639,-0.09636523460310462,-2.4838678661166274,-0.5779993488950347,2.1842026499182476
298.4377377840639,0.03211861516922432,-2.483971603027751,-0.5779930237330319,2.201023919049772
298.4377377840639,0.09636523460300284,-2.483867866118223,-0.5779993488958908,2.2101021904297284
298.4377377840639,0.06423893981666862,-2.483932706858445,-0.5779953955531393,2.2055070465557245
298.4377377840639,-0.19279198363381736,-2.4835174674284817,-0.5780207104440916,2.1727466359196814
298.4377377840639,0.22495907610347476,-2.4833485960993644,-0.5780309995160237,2.2296086954526277
298.4377377840639,0.1606367213616701,-2.4836602776430357,-0.5780120033362097,2.2196289124737394
298.4377377840639,0.1927919836336647,-2.483517467427915,-0.5780207104429987,2.2245621764790813
298.4377377840639,-0.22495907610362742,-2.48334859609949,-0.5780309995162595,2.169147840390246
298.4377377840639,-0.06423893981682127,-2.4839327068572836,-0.5779953955527901,2.188241904548093
298.52190281823323,0.06300783341133147,-2.4840858946893376,-0.5811843633121231,2.1946710416348
298.5219028182333,-0.22065084485752023,-2.483523685011637,-0.5812191252437847,2.1589644888205375
298.5219028182333,-5.088887490341627e-14,-2.4841358098558266,-0.5811812763846805,2.1859897603061333
298.5219028182333,0.09451861063336678,-2.484023486635444,-0.5811882229034104,2.1991732817329277
298.5219028182333,0.03150305750327064,-2.4841233313334676,-0.5811820477544247,2.1902767460352526
298.52190281823334,0.12603529551003073,-2.483936089054116,-0.5811936255978886,2.2037835108924626
298.52190281823334,-0.1575591609416973,-2.483823683923163,-0.5812005776783585,2.166155725245133
298.52190281823334,-0.12603529551018341,-2.48393608905421,-0.5811936255979308,2.1699097268267873
298.52190281823334,-0.06300783341143325,-2.484085894688603,-0.5811843633119136,2.177736777103103
298.52190281823334,-0.09451861063351945,-2.484023486633341,-0.5811882229019196,2.1737700474744126
298.52190281823334,-0.18909905691301143,-2.4836862277735543,-0.5812090791342234,2.1625071062333547
298.52190281823334,0.15755916094159553,-2.4838236839221497,-0.5812005776771865,2.208501978739371
298.52190281823334,0.18909905691290965,-2.483686227775352,-0.5812090791349617,2.2133301247536137
298.52190281823334,0.22065084485741845,-2.4835236850149522,-0.5812191252468613,2.2182674530826247
298.5219028182334,-0.03150305750337242,-2.484123331336572,-0.5811820477575009,2.1818098434125206
298.6058480946258,-0.12357109053465774,-2.484095270765198,-0.5843780893972443,2.1595894455934843
298.6058480946258,-5.088887490341627e-14,-2.4842873481614665,-0.584366047628747,2.1753704066794923
298.6058480946258,0.030886976279239076,-2.484275347273829,-0.5843667997613546,2.179572597761474
298.6058480946258,-0.030886976279340856,-2.484275347273825,-0.5843667997615104,2.1712712758675634
298.6058480946258,0.18540298920052004,-2.4838549669204606,-0.58439315955394,2.2021419143739625
298.6058480946258,-0.1854029892006727,-2.4838549669192473,-0.5843931595533154,2.1523122622865514
298.6058480946258,0.12357109053450507,-2.484095270765004,-0.5843780893970308,2.192800940447363
298.60584809462586,0.1544789829252217,-2.4839871660267354,-0.5843848688757994,2.1974185896282377
298.60584809462586,0.21633894927701142,-2.4836986380837014,-0.5844029565957384,2.2069704153911487
298.60584809462586,-0.2163389492771641,-2.483698638081963,-0.584402956593345,2.1488263271005454
298.60584809462586,-0.15447898292532347,-2.4839871660270583,-0.5843848688763763,2.155900175525263
298.60584809462586,0.09267041603132771,-2.4841793241709498,-0.584372821199946,2.1882875242222957
298.60584809462586,-0.09267041603148037,-2.4841793241701495,-0.5843728211994601,2.163381018372807
298.60584809462586,-0.06177567989762455,-2.4842393436719536,-0.5843690576723481,2.16727498566786
298.60584809462586,0.06177567989747188,-2.484239343673333,-0.5843690576733805,2.183878091290388
298.68956815628115,0.030270424799307638,-2.4844276511506846,-0.5875472690703238,2.1689120683351497
298.68956815628115,0.060542585878631656,-2.484393053977101,-0.5875494680297005,2.1731287981244254
298.68956815628115,-0.060542585878784326,-2.484393053976298,-0.5875494680291355,2.1568571041929396
298.68956815628115,-0.121105004626929,-2.4842546073168075,-0.5875582639167101,2.149313606750467
298.68956815628115,-0.030270424799409414,-2.484427651151002,-0.5875472690706292,2.160776453559082
298.68956815628115,-5.088887490341627e-14,-2.4844391832793846,-0.5875465366130593,2.1647947012509703
298.68956815628115,0.12110500462682722,-2.4842546073153366,-0.5875582639150598,2.181862306804479
298.6895681562812,-0.18170410027307665,-2.4840236835233216,-0.5875729418582295,2.1421626635964444
298.6895681562812,-0.1513964538034393,-2.4841507231368345,-0.5875648668277895,2.1456894358567555
298.6895681562812,-0.21202376241897758,-2.4838734533469093,-0.5875824840286636,2.13873391336282
298.6895681562812,-0.090820810699145,-2.4843353786611533,-0.587553133301989,2.153036131622174
298.6895681562812,0.15139645380333752,-2.4841507231365116,-0.5875648668273666,2.186379378557017
298.6895681562812,0.09082081069904321,-2.4843353786614837,-0.5875531333019414,2.1774455298830104
298.6895681562812,0.2120237624188758,-2.483873453346329,-0.5875824840299193,2.1957182407801197
298.6895681562812,0.18170410027297487,-2.4840236835237612,-0.5875729418590836,2.1909981908050176
298.7730695018225,-5.088887490341627e-14,-2.4845913190755056,-0.5907227552222699,2.1542617194502784
298.7730695018225,-0.14831140042995575,-2.484314358385218,-0.5907405841760712,2.1355226088948296
298.7730695018225,-0.029653368431764953,-2.484580246799282,-0.5907234675943923,2.1503244567290243
298.7730695018225,-0.08896969074392366,-2.484491653700973,-0.5907291713592068,2.142734478038417
298.7730695018225,-0.059308482091795164,-2.4845470293408694,-0.5907256063786839,2.1464822180490803
298.7730695018225,0.059308482091693385,-2.4845470293390037,-0.5907256063771609,2.162422228892324
298.7730695018225,0.029653368431612284,-2.484580246799417,-0.5907234675951449,2.158294228690439
298.7730695018225,0.1483114004298031,-2.4843143583852725,-0.5907405841759927,2.1753834016476863
298.7730695018225,0.1780021823630077,-2.484192380391963,-0.5907484390270777,2.1798980072590255
298.7730695018225,-0.17800218236316037,-2.4841923803916677,-0.5907484390260026,2.1320574192117814
298.77306950182253,0.088969690743771,-2.484491653698803,-0.5907291713569532,2.1666463616087857
298.77306950182253,-0.20770504189838443,-2.4840481332310738,-0.5907577209256499,2.1286863633657154
298.77306950182253,-0.11863689926671636,-2.484414102102519,-0.5907341615220495,2.1390813068751156
298.77306950182253,0.20770504189828265,-2.484048133229482,-0.5907577209264521,2.184509979869754
298.77306950182253,0.11863689926656369,-2.4844141021012653,-0.5907341615205516,2.1709666693129974
298.85635134905044,-0.0580734061431285,-2.484701268309409,-0.5938974687926724,2.136150320010065
298.85635134905044,-5.088887490341627e-14,-2.4847437543113378,-0.593894699474507,2.143771457787175
298.85635134905044,-0.0871171125742004,-2.4846481475644127,-0.5939009315128663,2.1324760495157276
298.85635134905044,-0.029035825979694077,-2.484733132925866,-0.5938953913649012,2.1399152796897343
298.85635134905044,0.05807340614297584,-2.4847012683084695,-0.5938974687927013,2.1517583864752634
298.8563513490505,0.029035825979592297,-2.484733132928614,-0.5938953913684347,2.1477190781933655
298.8563513490505,0.1161668496633496,-2.484573753031414,-0.5939057784637295,2.160114039861258
298.8563513490505,-0.1742973482778704,-2.484361054382769,-0.5939196476168533,2.1219965223427435
298.8563513490505,-0.11616684966350227,-2.484573753030418,-0.5939057784630181,2.1288925376410717
298.8563513490505,-0.14522391681443586,-2.4844780692063173,-0.5939120173084984,2.1253996867516554
298.8563513490505,0.08711711257404774,-2.4846481475650277,-0.5939009315137029,2.155890026454875
298.8563513490505,0.14522391681433408,-2.4844780692057493,-0.5939120173077536,2.164430676280906
298.85635134905056,-0.20338291931798447,-2.4842226739105633,-0.5939286640481957,2.1186836720769064
298.85635134905056,0.17429734827776863,-2.484361054379756,-0.5939196476146218,2.1688413872682055
298.85635134905056,0.2033829193178827,-2.484222673906888,-0.5939286640469458,2.1733456630034333
298.9394140424352,0.028417807941673458,-2.4848863132818613,-0.597063040228962,2.137186472809249
298.9394140424352,-5.088887490341627e-14,-2.4848964927574784,-0.5970623691700426,2.13332377051595
298.9394140424352,-0.19905746815612238,-2.4843970777252458,-0.5970953150042724,2.108725698586399
298.9394140424352,0.11369489780931051,-2.4847335634123953,-0.5970731151343532,2.1493042831504563
298.9394140424352,0.142134055445599,-2.484641858644514,-0.5970791669469089,2.1535210712712005
298.9394140424352,0.17058966100129858,-2.484529708219138,-0.5970865687599568,2.1578282043612913
298.9394140424352,0.08526310768464192,-2.484804863778551,-0.5970684139119093,2.145176385609925
298.9394140424352,-0.08526310768474368,-2.484804863776085,-0.597068413908926,2.1222606987776236
298.9394140424352,-0.1421340554457008,-2.484641858643735,-0.5970791669465204,2.1153205241325623
298.9394140424352,0.05683737902948325,-2.4848557745526505,-0.5970650552351494,2.141137129150005
298.9394140424352,0.19905746815596972,-2.4843970777246134,-0.5970953150054652,2.1622251690252603
298.93941404243526,-0.11369489780941229,-2.484733563414134,-0.5970731151361391,2.1187471524624364
298.93941404243526,-0.028417807941775237,-2.484886313278567,-0.5970630402250134,2.1295487755848694
298.93941404243526,-0.05683737902958503,-2.48485577454865,-0.597065055230061,2.1258612627092925
298.9394140424353,-0.17058966100140036,-2.4845297082170483,-0.5970865687577213,2.111979829586517
299.0222630460905,-0.19472849377572657,-2.4845713406449432,-0.6002576754840142,2.0988116899760394
299.0222630460905,-0.22259095624791062,-2.4844247000525947,-0.6002674663778599,2.0956997178357737
299.0222630460905,0.1947284937756248,-2.484571340646383,-0.60025767548698,2.1511476927117954
299.0222630460905,0.13904167728587893,-2.484805723917496,-0.6002420344920282,2.1426537844166855
299.0222630460905,0.05560034513232157,-2.4850105463657575,-0.6002283668416354,2.1305576620319018
299.0222630460905,0.11122093247128922,-2.4848935309300466,-0.6002361728251023,2.1385365990466267
299.0222630460905,-5.088887490341627e-14,-2.485049532923661,-0.6002257654064755,2.1229178694848736
299.0222630460905,-0.02779928650840874,-2.485039786313432,-0.6002264152821174,2.1192241601851247
299.0222630460905,-0.111220932471391,-2.4848935309342766,-0.6002361728290987,2.108644381099632
299.0222630460905,-0.1390416772859807,-2.4848057239157115,-0.6002420344908448,2.105284356201796
299.02226304609053,0.027799286508306965,-2.4850397863159666,-0.6002264152852688,2.1266956208345307
299.02226304609053,0.08340759264889178,-2.4849618003787683,-0.6002316197523593,2.1345046413791073
299.02226304609053,-0.08340759264899356,-2.484961800382327,-0.6002316197548102,2.112087650550936
299.02226304609053,-0.16687895369498093,-2.4846983385411643,-0.6002492039831712,2.1020065818811173
299.02226304609053,0.16687895369482825,-2.4846983385454093,-0.6002492039873172,2.14685765463981
299.02226304609053,0.22259095624780884,-2.4844247000526005,-0.6002674663800484,2.155524111237332
299.02226304609053,-0.05560034513242335,-2.485010546364412,-0.6002283668389589,2.115614266210357
299.10489283699724,-0.05436241263757485,-2.4851655836869386,-0.6033873691915191,2.1054099104488517
299.10489283699724,-5.088887490341627e-14,-2.485202874928634,-0.6033848536451334,2.112554347458404
299.10489283699724,-0.02718031577294195,-2.4851935521008355,-0.6033854820239779,2.108942019413093
299.1048928369973,0.08155072974266651,-2.4851189570872414,-0.6033905147716053,2.1238754121805257
299.1048928369973,-0.21764018650703248,-2.4846051851165396,-0.6034251822294945,2.085886381000119
299.1048928369973,0.02718031577284017,-2.485193552103405,-0.6033854820269993,2.1162471227302393
299.1048928369973,0.19039637477155363,-2.4847454606527957,-0.6034157124821878,2.140113898653693
299.1048928369973,0.13594705278206398,-2.484969664043999,-0.6034005861742865,2.1318294555116215
299.1048928369973,0.16316555088195453,-2.484866943905304,-0.6034075198804919,2.1359303898685718
299.1048928369973,0.05436241263747308,-2.4851655836863125,-0.6033873691920243,2.120020594133217
299.1048928369973,-0.1631655508820563,-2.484866943905241,-0.6034075198801451,2.092077343767531
299.1048928369973,-0.0815507297427683,-2.485118957089286,-0.6033905147726811,2.101957479639332
299.1048928369973,-0.1903963747716554,-2.4847454606524493,-0.6034157124803544,2.0889422090783167
299.1048928369973,0.21764018650693073,-2.4846051851154667,-0.603425182230025,2.144380193137719
299.1048928369973,-0.13594705278216576,-2.4849696640439727,-0.6034005861745696,2.0952917500651593
299.10489283699735,-0.10874517001254827,-2.485053654995743,-0.6033949174848038,2.0985847940796143
299.10489283699735,0.1087451700123956,-2.4850536549936453,-0.6033949174830504,2.1278116162284735
299.18731081531746,0.05312349628195097,-2.485320891042992,-0.6065420991766384,2.1095248858987894
299.18731081531746,-5.088887490341627e-14,-2.4853565233893757,-0.6065396706354103,2.1022321757703786
299.18731081531746,0.1328499687907834,-2.4851336830291317,-0.6065548595720037,2.1210470308031053
299.18731081531746,-0.10626743991367874,-2.485213939835053,-0.6065493863922111,2.088567387925404
299.18731081531746,-0.13284996879088518,-2.485133683032577,-0.6065548595751823,2.0853417092527655
299.18731081531746,0.02656085310342346,-2.485347615239882,-0.6065402772394142,2.105839944243449
299.1873108153175,-0.07969239107397949,-2.4852763383068917,-0.6065451360221187,2.091869175842506
299.1873108153175,0.07969239107387771,-2.4852763383044594,-0.6065451360206735,2.113287653441507
299.1873108153175,-0.02656085310352524,-2.4853476152350873,-0.6065402772345823,2.0987013304737636
299.1873108153175,-0.05312349628205274,-2.4853208910403066,-0.6065420991734701,2.095247178785092
299.1873108153175,-0.15944919680063718,-2.4850355280302,-0.6065615543829673,2.082191126066267
299.1873108153175,-0.18606081276737227,-2.4849194411494593,-0.6065694643578562,2.079116274287654
299.1873108153175,0.21268548208633506,-2.4847853942451783,-0.6065786086693247,2.133279359468331
299.1873108153175,0.1594491968005354,-2.4850355280286327,-0.606561554381826,2.125045352132356
299.1873108153175,0.10626743991357696,-2.4852139398297264,-0.6065493863878254,2.1171282853907245
299.1873108153175,0.1860608127672705,-2.484919441148232,-0.6065694643577303,2.129122725058807
299.1873108153175,-0.21268548208643684,-2.4847853942475804,-0.6065786086709276,2.076117186526316
299.2695168658199,-5.088887490341627e-14,-2.485510474160577,-0.6096902112572653,2.091951270237114
299.2695168658199,-0.07783261685618655,-2.4854339393110343,-0.6096954784271961,2.0818226523336016
299.2695168658199,0.025940911905000707,-2.485501971513043,-0.60969079580496,2.095474003298637
299.2695168658199,0.07783261685613566,-2.4854339393065774,-0.6096954784238017,2.10274128914367
299.2695168658199,-0.20772695020384327,-2.4849653191899126,-0.6097277409146397,2.0663920554582873
299.2695168658199,0.051883622875286764,-2.485476464029596,-0.6096925516914641,2.0990704579748116
299.2695168658199,-0.15572997187107418,-2.4852040844479006,-0.6097113025491108,2.072347844830706
299.2695168658199,0.20772695020374152,-2.484965319187543,-0.6097277409120938,2.1222215600981587
299.2695168658199,-0.025940911905102487,-2.485501971510508,-0.6096907958022117,2.0885020076888567
299.26951686582,0.18172190158262463,-2.4850932748376304,-0.6097189262404404,2.1181741153899187
299.26951686582,0.1557299718709724,-2.485204084446888,-0.609711302548348,2.114202479102371
299.26951686582,0.1037877957918099,-2.485374380271037,-0.6096995745023958,2.1064865344641666
299.26951686582,-0.12975049233166766,-2.485297775125974,-0.6097048496935991,2.075434148243873
299.26951686582,-0.10378779579191166,-2.485374380274428,-0.609699574504844,2.0785920761563323
299.26951686582,-0.18172190158272641,-2.485093274837342,-0.6097189262397397,2.0693338038455398
299.26951686582,0.12975049233156588,-2.485297775122068,-0.6097048496901417,2.1103064427850073
299.26951686582,-0.051883622875388544,-2.485476464029616,-0.6096925516907964,2.0851259846597365
299.3515089404358,-0.025320520255661304,-2.4856566224367795,-0.6128370060652492,2.078344204504444
299.3515089404358,0.10130634995370154,-2.4855349773278737,-0.6128454507429909,2.095886540908282
299.3515089404358,0.12664876378406997,-2.4854619410345262,-0.6128505257972179,2.0996078757787453
299.3515089404358,0.20276481543796343,-2.485144959358541,-0.6128725497519424,2.111207004056449
299.3515089404358,-0.12664876378417175,-2.4854619410345693,-0.6128505257970819,2.0655692136287396
299.3515089404358,-5.088887490341627e-14,-2.4856647287855687,-0.612836443810822,2.081711787734759
299.3515089404358,-0.15200804454220962,-2.485372613502121,-0.6128567340826049,2.0625476466544357
299.3515089404358,0.025320520255610414,-2.4856566224360503,-0.6128370060647952,2.085149460888295
299.3515089404358,-0.10130634995380332,-2.485534977326896,-0.6128454507414791,2.0686590060467953
299.3515089404358,-0.20276481543801433,-2.4851449593571315,-0.6128725497517652,2.05671113645786
299.35150894043585,0.0759714913211641,-2.4855917613393275,-0.6128415106319309,2.0922364905710067
299.35150894043585,-0.05064284857325215,-2.485632304062703,-0.6128386951959813,2.075046478775099
299.35150894043585,0.17737983773294524,-2.4852669616382155,-0.6128640683355323,2.107268269753197
299.35150894043585,-0.17737983773304702,-2.485266961636751,-0.6128640683342005,2.0595949450360176
299.35150894043585,0.05064284857315037,-2.4856323040616286,-0.6128386951954564,2.0886574761564196
299.35150894043585,-0.07597149132126586,-2.4855917613403578,-0.6128415106324022,2.0718180577576657
299.35150894043585,0.15200804454210784,-2.4853726135025664,-0.6128567340829824,2.1034019626489147
299.4332932183224,0.02469964388958489,-2.48581156952683,-0.6159789408513004,2.0748654426624467
299.4332932183224,-5.088887490341627e-14,-2.4858192888184387,-0.6159784011053133,2.0715128583458937
299.4332932183224,0.04940110484491885,-2.4857884125386533,-0.6159805625831015,2.0782850620053686
299.4332932183224,-0.14828320924410782,-2.4855411153776257,-0.6159978826082235,2.0527896954390785
299.4332932183224,-0.0741089116752677,-2.485749805607274,-0.6159832656492997,2.061854537559646
299.4332932183224,-0.12354461183329005,-2.485626181368712,-0.6159919212558166,2.0557460628130433
299.4332932183224,-0.02469964388968667,-2.485811569527309,-0.6159789408521225,2.0682270557799196
299.4332932183224,-0.09882296534370555,-2.4856957319427613,-0.6159870482677396,2.0587673288503314
299.4332932183224,0.14828320924400604,-2.485541115379066,-0.6159978826091689,2.092642911427746
299.4332932183224,0.09882296534365466,-2.485695731946172,-0.6159870482713788,2.0853274191421276
299.4332932183224,0.12354461183318827,-2.485626181370436,-0.6159919212574607,2.088950441148914
299.43329321832243,0.07410891167516592,-2.485749805609925,-0.6159832656519174,2.0817723755416173
299.43329321832243,-0.049401104845020624,-2.4857884125388354,-0.6159805625835625,2.065007801111394
299.43329321832243,0.22258871854225315,-2.4851924907724543,-0.6160223185543593,2.1041364646314866
299.43329321832243,0.17303438139682684,-2.485440501249595,-0.6160049245495051,2.0964042944403527
299.43329321832243,0.19779880371968797,-2.4853243138823484,-0.6160130694340976,2.1002347956157528
299.43329321832243,-0.19779880371978975,-2.4853243138803776,-0.6160130694336711,2.0470736074481306
299.43329321832243,-0.22258871854235493,-2.485192490772361,-0.616022318555841,2.044312672641173
299.43329321832243,-0.1730343813968777,-2.485440501247643,-0.6160049245482075,2.0498988685998887
299.51486820053367,-0.14455560818328697,-2.485709583301818,-0.6191347263122498,2.043074073840156
299.51486820053367,-0.12043815498918713,-2.4857904900611545,-0.6191290141399824,2.0459647780095986
299.51486820053367,0.09633773677217233,-2.4858566386198655,-0.6191243450689426,2.074809277079559
299.51486820053367,0.04815843909780294,-2.485944784702839,-0.619118131724703,2.067953313108595
299.51486820053367,0.12043815498908535,-2.485790490059439,-0.6191290141381143,2.0783342529617985
299.51486820053367,0.21699812971892163,-2.485377986489866,-0.6191581430072091,2.093095757046366
299.51486820053367,0.1928291046410672,-2.485503374269376,-0.6191492784187912,2.0893050712604224
299.51486820053367,-5.088887490341627e-14,-2.4859741497636287,-0.6191160609846188,2.0613545719681596
299.51486820053367,-0.04815843909785383,-2.485944784704075,-0.6191181317266332,2.0550100365140738
299.5148682005337,-0.02407830651091117,-2.4859668082206636,-0.6191165780123405,2.0581506485571857
299.5148682005337,-0.09633773677227411,-2.485856638619193,-0.6191243450682327,2.0489171269979805
299.5148682005337,-0.07224494902760872,-2.485908067043971,-0.6191207214029368,2.051932175047967
299.5148682005337,-0.19282910464116898,-2.4855033742639447,-0.6191492784147357,2.037479553949015
299.5148682005337,0.07224494902750694,-2.4859080670451625,-0.6191207214036348,2.0713490464761017
299.5148682005337,0.024078306510809395,-2.485966808219805,-0.6191165780110689,2.064622042033754
299.5148682005337,0.1445556081831852,-2.4857095833021305,-0.6191347263117384,2.081925446318127
299.5148682005337,-0.2169981297190234,-2.4853779864873218,-0.619158143006057,2.0347745057299655
299.5148682005337,-0.1686856984748005,-2.485613886110435,-0.6191414731846395,2.040245658295128
299.5148682005337,0.16868569847474962,-2.4856138861135832,-0.6191414731869035,2.0855823178034183
299.59623397637296,0.16433387091724172,-2.4857871162520047,-0.6222736992071357,2.0748022566593627
299.59623397637296,-5.088887490341627e-14,-2.486129313147031,-0.6222494065502522,2.051236820004554
299.59623397637296,-0.07037963850448752,-2.4860665468968235,-0.622253861345286,2.042050859548938
299.59623397637296,0.07037963850438574,-2.4860665468962018,-0.622253861343728,2.06096640214189
299.59623397637296,0.023456519828254266,-2.486122340012639,-0.6222499006857933,2.0544191522725073
299.596233976373,-0.16433387091729262,-2.4857871162516507,-0.6222736992072642,2.030635208907248
299.596233976373,0.11732945179259267,-2.4859548678644567,-0.6222617884940628,2.0677592178325894
299.596233976373,0.18785581185554384,-2.4856821400669045,-0.6222811622256065,2.078417753788985
299.596233976373,-0.1408253116060376,-2.4858780176560433,-0.6222672496764602,2.033400674396357
299.596233976373,0.04691487474969243,-2.4861014219680992,-0.6222513858852067,2.0576621251911242
299.596233976373,-0.04691487474974332,-2.4861014219688418,-0.6222513858867085,2.0450530744140836
299.596233976373,-0.023456519828356046,-2.486122340011967,-0.6222499006851512,2.048114872959534
299.596233976373,-0.11732945179269445,-2.485954867866463,-0.6222617884964738,2.036225250097687
299.596233976373,0.09385071107315124,-2.486017698389696,-0.6222573248469183,2.064332017118383
299.596233976373,0.21140349820861204,-2.48556302903324,-0.6222896394640407,2.082098021042174
299.596233976373,0.1408253116059358,-2.485878017652905,-0.6222672496725734,2.071249478742297
299.596233976373,-0.21140349820866294,-2.4855630290299304,-0.6222896394618087,2.0252803974782596
299.596233976373,-0.093850711073253,-2.4860176983908695,-0.6222573248483413,2.0391082902991693
299.596233976373,-0.18785581185564562,-2.4856821400607316,-0.6222811622203793,2.0279288735793064
299.67739537612334,-0.13709217134792462,-2.4860464165239526,-0.6253954858304023,2.023768827397339
299.67739537612334,0.09136178946395718,-2.486178910300275,-0.6253860203730371,2.05389493233193
299.67739537612334,0.02283425914514141,-2.486278164605529,-0.625378941380209,2.044256073382025
299.67739537612334,-5.088887490341627e-14,-2.486284778697766,-0.6253784702728684,2.0411589055754837
299.67739537612334,-0.06851290601724909,-2.486225244497642,-0.6253827181283086,2.0322099059538257
299.67739537612334,0.13709217134782284,-2.486046416522756,-0.6253954858284807,2.0606142991725744
299.67739537612334,0.0685129060171982,-2.4862252445000608,-0.6253827181294036,2.050623737518374
299.67739537612334,0.20580460179706256,-2.485747614432616,-0.6254168418618347,2.07114254622206
299.67739537612334,-0.022834259145192295,-2.4862781646039767,-0.6253789413785821,2.0381190356279113
299.67739537612334,-0.20580460179716434,-2.485747614431649,-0.6254168418615815,2.015829697198929
299.67739537612334,-0.045670362407285565,-2.4862583238982188,-0.6253803576193718,2.0351362253759864
299.67739537612334,0.045670362407183786,-2.4862583238992255,-0.6253803576194646,2.0474107955424623
299.6773953761234,-0.1599787258732678,-2.485960189225667,-0.625401635911011,2.0210668566646244
299.6773953761234,0.15997872587316603,-2.4859601892256142,-0.6254016359106571,2.0640634007866674
299.6773953761234,-0.09136178946405894,-2.486178910297733,-0.6253860203710019,2.0293401383752703
299.6773953761234,-0.1142183787685726,-2.486119313408911,-0.6253902772232786,2.026526803830229
299.6773953761234,-0.18287872782802664,-2.485860608179156,-0.6254087544113784,2.0184209089056155
299.6773953761234,0.18287872782797573,-2.485860608181279,-0.6254087544128886,2.067572132687142
299.6773953761234,0.11421837876852171,-2.4861193134092847,-0.6253902772230815,2.0572246273307666
299.7583514814285,-0.044424940311892494,-2.4864154841801107,-0.6285050153245765,2.0252595043037673
299.7583514814286,-0.0888710484243607,-2.4863402671936776,-0.6285104000458687,2.019612684742017
299.7583514814286,0.08887104842425891,-2.486340267196797,-0.6285104000483869,2.0434980567920604
299.7583514814286,-0.022211543582304004,-2.486434275821182,-0.6285036683932312,2.028163153098615
299.7583514814286,-0.06664480892701903,-2.4863841531255497,-0.6285072601274715,2.0224093281596502
299.7583514814286,-5.088887490341627e-14,-2.4864405403399212,-0.6285032204722772,2.031120847474116
299.7583514814286,0.1556203971677448,-2.4861330957913546,-0.6285252519617607,2.053365802282061
299.7583514814286,0.022211543582202228,-2.4864342758202205,-0.6285036683921932,2.034132827037631
299.7583514814286,0.04442494031179072,-2.4864154841819435,-0.6285050153251923,2.0371993493446814
299.75835148142863,-0.1778980054944442,-2.486038768368941,-0.6285320236712898,2.008955678166169
299.75835148142863,-0.2225270572050278,-2.485811947237957,-0.6285483157200867,2.003941507946221
299.75835148142863,0.13335630212102143,-2.486214771292254,-0.628519403306242,2.050019953071117
299.75835148142863,0.17789800549434243,-2.4860387683696596,-0.628532023671347,2.056768267305925
299.75835148142863,-0.11110503151411756,-2.4862838190332304,-0.6285144488720218,2.016869452963803
299.75835148142863,-0.13335630212112318,-2.4862147712907223,-0.6285194033053565,2.0141785474708813
299.75835148142863,0.06664480892691725,-2.48638415313067,-0.6285072601310566,2.040321081919647
299.75835148142863,0.11110503151406667,-2.486283819033491,-0.6285144488717994,2.0467305209082634
299.7583514814287,0.20020161252749855,-2.485931731073794,-0.6285397191300901,2.0602293998275956
299.7583514814287,-0.20020161252754942,-2.485931731070532,-0.6285397191274575,2.0064224258816115
299.7583514814287,-0.1556203971677957,-2.4861330957904824,-0.6285252519614202,2.011540617690464
299.7583514814287,0.22252705720492602,-2.48581194723901,-0.6285483157203438,2.063748727683924
299.8391016503971,-0.12961780643740423,-2.4863830810173164,-0.6316389787594934,2.0046298156209583
299.8391016503971,0.12961780643730245,-2.486383081018085,-0.631638978759745,2.039466448997285
299.8391016503971,0.15125900439293832,-2.486305834198077,-0.6316445236036573,2.0427094759454123
299.8391016503971,-0.10798949545918071,-2.4864483830692055,-0.6316342779516265,2.007253177461137
299.8391016503971,-0.04317864263783539,-2.4865729020483416,-0.6316253330695064,2.0154228916869563
299.8391016503971,-5.088887490341627e-14,-2.4865965982657383,-0.6316236321180931,2.0211226295699576
299.8391016503971,0.04317864263773361,-2.486572902047295,-0.6316253330673933,2.027027776272301
299.8391016503971,0.02158839022680136,-2.4865906734036045,-0.6316240561278906,2.024049399708264
299.8391016503971,0.06477539849400835,-2.486543272801452,-0.6316274629146708,2.0300584288314463
299.8391016503971,0.10798949545912982,-2.4864483830691078,-0.6316342779510071,2.036276901490558
299.8391016503971,-0.17291378152526676,-2.4862166180701246,-0.6316509461319713,1.99953316625447
299.8391016503971,-0.15125900439298923,-2.486305834198847,-0.6316445236054165,2.0020564746364418
299.83910165039714,0.08637855629974922,-2.486501768464351,-0.6316304389992522,2.033141388403571
299.83910165039714,-0.08637855629980011,-2.486501768464941,-0.6316304390006863,2.0099259089341555
299.83910165039714,-0.19459468414533798,-2.486115375802427,-0.6316582489141488,1.9970585712866447
299.83910165039714,0.1945946841452362,-2.4861153758049204,-0.6316582489161443,2.049358610953451
299.83910165039714,0.1729137815252159,-2.486216618068415,-0.6316509461295725,2.046006179280144
299.83910165039714,-0.2162975308997402,-2.48600207599578,-0.6316664038098421,1.994633337569299
299.83910165039714,-0.021588390226852248,-2.486590673406638,-0.6316240561309409,2.018247207248116
299.83910165039714,-0.06477539849405924,-2.4865432728013075,-0.6316274629157986,2.0126491058746594
299.83910165039714,0.21629753089968928,-2.486002075998949,-0.631666403812217,2.0527662941503984
299.9196508052137,0.083884209156822,-2.4866634184672773,-0.6347461901640958,2.02282421231235
299.91965080521373,-0.06290459676658758,-2.4867025989723714,-0.6347433675447743,2.002928547278706
299.91965080521373,-0.1468943656846808,-2.486478408364316,-0.6347595059118533,1.9926137576967666
299.91965080521373,-0.2100633683167376,-2.486191548799647,-0.6347801908266132,1.9853687076328437
299.91965080521373,-0.16792584808518946,-2.4863941618349226,-0.6347655764056429,1.9901527098504799
299.91965080521373,-5.088887490341627e-14,-2.4867529511251174,-0.6347397494922221,2.0111635477546916
299.91965080521373,0.020964773094214174,-2.486747359203989,-0.6347401524291187,2.0140050839916706
299.91965080521373,0.14689436568457903,-2.486478408364569,-0.634759505910711,2.0320937030987634
299.91965080521373,0.18898358284907488,-2.486298535841125,-0.6347724655271356,2.038529460381244
299.91965080521373,-0.02096477309431595,-2.48674735920528,-0.6347401524302654,2.008370497657906
299.9196508052138,0.10487164069011311,-2.486613007724452,-0.6347498131450018,2.025863052531759
299.9196508052138,0.04193141741607209,-2.48673057847061,-0.6347413570206248,2.0168953660324562
299.9196508052138,-0.04193141741612298,-2.4867305784729687,-0.6347413570237588,2.005625691199976
299.9196508052138,-0.12587652840658728,-2.486551334933181,-0.6347542469743152,1.9951219559348723
299.9196508052138,-0.08388420915692378,-2.4866634184712986,-0.6347461901694121,2.0002791240300177
299.9196508052138,-0.104871640690164,-2.486613007727101,-0.6347498131484323,1.9976772956901447
299.9196508052138,-0.18898358284912578,-2.4862985358398606,-0.6347724655265033,1.9877374770194318
299.9196508052138,0.16792584808513858,-2.4863941618351846,-0.6347655764050592,2.0352851494406345
299.9196508052138,0.12587652840653638,-2.4865513349326536,-0.6347542469731782,2.0289530691447033
299.9196508052138,0.06290459676653669,-2.486702598968554,-0.6347433675398858,2.019835065483386
299.91965080521385,0.2100633683166867,-2.486191548802787,-0.6347801908290821,2.0418261543116913
299.99999999999994,-5.088887490341627e-14,-2.486831200198646,-0.6362967415220563,2.0012433785655492
299.99999999999994,-0.02034069581042567,-2.486825783529358,-0.6362971260845466,1.9985328006678866
299.99999999999994,-0.0406832718985726,-2.4868095193114383,-0.6362982649058264,1.995867679500045
299.99999999999994,-0.06103241462189752,-2.486782397892362,-0.6363001651545888,1.9932474298840246
299.99999999999994,0.06103241462184663,-2.4867823978899946,-0.6363001651510198,2.009650772311682
299.99999999999994,0.04068327189852171,-2.4868095193097557,-0.6362982649034079,2.0068018972315387
299.99999999999994,0.02034069581037478,-2.486825783529554,-0.6362971260849406,2.0039996572022925
300.0,-0.203824605703097,-2.4862870778728547,-0.6363350579798273,1.9761474171268187
300.0,-0.08138802149845038,-2.4867444342193754,-0.6363028497291806,1.9906721090380686
300.0,0.10175148533500775,-2.486695574633079,-0.6363062761633705,2.0154887598387616
300.0,-0.22430139156650455,-2.4861723110956646,-0.6363431821019372,1.9738798667783044
300.0,0.0813880214983486,-2.486744434215277,-0.6363028497234309,2.0125463114258473
300.0,-0.12213248978147809,-2.4866357891742767,-0.6363104637829259,1.9856547517925918
300.0,-0.14252650641998194,-2.4865651240199105,-0.6363154649107823,1.9832122534419117
300.0,-0.16293423417537498,-2.4864834708982335,-0.6363212148263355,1.9808140990964804
300.0,-0.18336834126341434,-2.4863907670518586,-0.6363277234210997,1.9784589372711636
300.0,-0.10175148533505864,-2.486695574636912,-0.6363062761682565,1.9881415885832854
300.0,0.1221324897814272,-2.4866357891738806,-0.6363104637817775,2.018479602743648
300.0,0.14252650641988016,-2.4865651240219413,-0.6363154649113086,2.0215182771393434
300.0,0.16293423417532407,-2.4864834709014456,-0.6363212148285743,2.0246049757335207
300.0,0.18336834126331256,-2.4863907670540923,-0.6363277234224951,2.0277417510837386
300.0,0.2038246057029952,-2.4862870778748922,-0.6363350579813892,2.03092811691798
300.0,0.22430139156645365,-2.4861723110947564,-0.6363431821012652,2.0341639609528244
