contour,relative_angle_deg,radius_мм,sigma_rr_mpa,sigma_tt_mpa,tau_rt_mpa
inner,-30.000000000000068,249.99999999999994,0.32521777677139674,0.1956727975674856,0.15116389302324723
inner,-29.850000000000026,249.99999999999997,0.2518395301713982,0.1702988567720757,0.12838867223384764
inner,-29.700000000000088,249.99999999999997,0.15848713791901858,0.13942393358522798,0.09388152907247903
inner,-29.550000000000043,249.99999999999997,0.12816777680019553,0.12826345970552458,0.07525789348821808
inner,-29.400000000000105,249.99999999999997,0.11065223901334559,0.11908697067733956,0.06437390574823197
inner,-29.250000000000064,249.99999999999994,0.0991246911779596,0.11177597890749205,0.057057781600638235
inner,-29.100000000000122,249.99999999999994,0.09056884621389427,0.10564901093544077,0.051655112693240746
inner,-28.95000000000008,249.99999999999997,0.08381305623047199,0.10042122372047188,0.04739729493955662
inner,-28.800000000000143,249.99999999999994,0.07823673621757574,0.09586789138170168,0.04389388867383056
inner,-28.6500000000001,249.99999999999997,0.07349215321894507,0.09183337691089326,0.04092257441796464
inner,-28.50000000000006,249.99999999999997,0.06936265555937905,0.08820278395637274,0.03834579846566605
inner,-28.35000000000012,249.99999999999997,0.06570531470726029,0.08489105853637886,0.03607250024938896
inner,-28.200000000000077,249.99999999999994,0.06242066947955614,0.08183405803964963,0.03403926793938656
inner,-28.05000000000014,249.99999999999997,0.059436656424527945,0.07898278904903164,0.032200133658729486
inner,-27.900000000000098,249.99999999999994,0.056699235924793576,0.07629933259871156,0.030520673719384883
inner,-27.750000000000156,249.99999999999997,0.05416669763790245,0.07375399679945639,0.028974396165164593
inner,-27.600000000000115,249.99999999999997,0.05180603106156337,0.07132328213548102,0.02754043004305291
inner,-27.450000000000177,249.99999999999997,0.04959052990975562,0.06898841086444762,0.026201992704034793
inner,-27.300000000000132,249.99999999999997,0.04749815971226361,0.06673424864851149,0.024945342205466424
inner,-27.150000000000194,249.99999999999997,0.04551041526482168,0.06454850377828697,0.02375904258994132
inner,-27.000000000000153,249.99999999999994,0.04361150176126407,0.062421125289581846,0.02263343690082345
inner,-26.85000000000021,249.99999999999997,0.041787735516219046,0.06034384552625184,0.021560261608406128
inner,-26.70000000000017,249.99999999999994,0.0400270971006578,0.05830982890811544,0.020532359437483008
inner,-26.55000000000023,249.99999999999997,0.038318892440017786,0.05631339971239797,0.019543462021645683
inner,-26.40000000000019,249.99999999999994,0.036653491793082284,0.05434982928614649,0.018588022991849664
inner,-26.25000000000025,249.99999999999994,0.03502212584320529,0.05241516842007102,0.01766108808165714
inner,-26.100000000000207,249.99999999999997,0.033416724298201424,0.050506114364203346,0.016758192804751597
inner,-25.950000000000166,249.99999999999994,0.03182978656778849,0.048619904656268136,0.015875280948977773
inner,-25.800000000000228,249.99999999999994,0.03025427695311047,0.04675423187244681,0.015008638986446771
inner,-25.650000000000187,249.99999999999994,0.028683538788104174,0.04490717483285425,0.014154842795256643
inner,-25.500000000000245,249.99999999999994,0.027111223384722632,0.04307714283111291,0.013310714010497651
inner,-25.350000000000204,249.99999999999994,0.025531230676511495,0.041262830258659185,0.012473283983204278
inner,-25.200000000000266,249.99999999999997,0.023937659177575857,0.03946317955931705,0.01163976381081068
inner,-25.050000000000225,249.99999999999997,0.02232476343622625,0.037677350904692,0.010807519258359046
inner,-24.900000000000283,249.99999999999997,0.020686917577028053,0.03590469733475131,0.00997404965143229
inner,-24.75000000000024,249.99999999999994,0.019018583812900045,0.034144744344575345,0.00913697002556054
inner,-24.600000000000303,249.99999999999994,0.01731428506014561,0.03239717311649614,0.00829399596491616
inner,-24.45000000000026,249.99999999999997,0.01556858096828633,0.03066180675951246,0.00744293068106553
inner,-24.30000000000032,249.99999999999997,0.013776046804781571,0.02893859902711016,0.006581653973043076
inner,-24.15000000000028,249.99999999999994,0.01193125475481338,0.02722762509803855,0.005708112776818519
inner,-24.000000000000288,249.99999999999997,0.010028757277367427,0.0255290740744135,0.004820313070850132
inner,-23.850000000000296,249.99999999999994,0.008063072224842895,0.023843242911377592,0.003916312946124944
inner,-23.70000000000031,249.99999999999997,0.006028669490277761,0.022170531548426933,0.002994216682810905
inner,-23.550000000000317,249.99999999999997,0.003919958990331692,0.020511439045930117,0.0020521697064470232
inner,-23.400000000000276,249.99999999999997,0.0017312798308421803,0.018866560568992753,0.0010883543171340657
inner,-23.250000000000334,249.99999999999997,-0.0005431094772100206,0.017236585079453068,0.00010098610299864863
inner,-23.100000000000293,249.99999999999997,-0.00290903984983446,0.01562229362042053,-0.0009116890331098242
inner,-22.950000000000355,249.99999999999997,-0.0053724395888499026,0.014024558098441987,-0.0019513972946068863
inner,-22.800000000000313,250.0,-0.007939341540045965,0.012444340470729679,-0.0030198389102407083
inner,-22.65000000000037,249.99999999999997,-0.010615889492883451,0.010882692267526426,-0.0041186895918710106
inner,-22.50000000000033,249.99999999999997,-0.013408343860462541,0.009340754380384208,-0.005249601564703591
inner,-22.35000000000034,249.99999999999997,-0.016323086663862764,0.007819757056708426,-0.006414204197861369
inner,-22.20000000000035,249.99999999999997,-0.019366625837273603,0.006321020045545031,-0.007614104258562645
inner,-22.05000000000036,249.99999999999997,-0.02254559885946462,0.004845952843264296,-0.00885088580748503
inner,-21.900000000000368,250.0,-0.025866775708438344,0.0033960549911889,-0.010126109750192616
inner,-21.750000000000377,249.99999999999997,-0.029337061132932767,0.001972916375855686,-0.011441313055363438
inner,-21.600000000000385,249.99999999999994,-0.03296349622188435,0.0005782174885089228,-0.012798007648366113
inner,-21.450000000000447,249.99999999999997,-0.036753259248190916,-0.0007862703987858595,-0.01419767898648001
inner,-21.300000000000406,250.0,-0.04071366576125131,-0.002118685189003976,-0.01564178431930608
inner,-21.150000000000464,250.0,-0.04485216789532041,-0.0034170740944891986,-0.01713175063726349
inner,-21.000000000000423,249.99999999999997,-0.049176352847726076,-0.004679393987077267,-0.01866897230908825
inner,-20.850000000000485,249.99999999999997,-0.05369394049288794,-0.005903512021923434,-0.020254808408111155
inner,-20.70000000000039,250.0,-0.058412780074488135,-0.007087206573787951,-0.02189057972654276
inner,-20.550000000000402,250.00000000000003,-0.06334084592709638,-0.00822816853904605,-0.02357756547601579
inner,-20.40000000000046,250.0,-0.06848623217260551,-0.009324003055815148,-0.025316999672702803
inner,-20.25000000000042,250.00000000000003,-0.07385714632567082,-0.010372231684894045,-0.027110067206105867
inner,-20.100000000000428,250.00000000000003,-0.0794619017541473,-0.011370295114795525,-0.028957899589376265
inner,-19.95000000000044,249.99999999999997,-0.08530890892082164,-0.012315556436178753,-0.030861570390254837
inner,-19.800000000000498,250.0,-0.0914066653437416,-0.013205305040578805,-0.032822090343073915
inner,-19.650000000000457,250.0,-0.09776374420866217,-0.014036761199841638,-0.03484040214246652
inner,-19.500000000000465,250.00000000000003,-0.10438878155858275,-0.014807081374804578,-0.03691737492125839
inner,-19.350000000000477,250.0,-0.11129046199790152,-0.015513364311998458,-0.03905379841635285
inner,-19.200000000000486,250.00000000000003,-0.11847750283851481,-0.016152657973611872,-0.041250376828102196
inner,-19.050000000000495,250.00000000000006,-0.1259586366177787,-0.01672196734762017,-0.04350772238041491
inner,-18.900000000000503,250.00000000000003,-0.1337425919325381,-0.01721826318664556,-0.04582634859359004
inner,-18.75000000000051,250.0,-0.14183807253234929,-0.017638491685906775,-0.04820666329053822
inner,-18.600000000000524,250.00000000000003,-0.1502537346644229,-0.017979585108087726,-0.05064896136896393
inner,-18.450000000000532,250.00000000000003,-0.1589981627179999,-0.018238473244023123,-0.05315341742230587
inner,-18.30000000000054,250.00000000000003,-0.1680798433981631,-0.018412095477504317,-0.05572007835475856
inner,-18.1500000000005,250.0,-0.17750713888895614,-0.018497412987938364,-0.05834885624710822
inner,-18.000000000000508,250.00000000000003,-0.18728825982744468,-0.01849142039367109,-0.061039521848120684
inner,-17.850000000000517,250.00000000000003,-0.19743123914303778,-0.01839115596257787,-0.06379169911058812
inner,-17.70000000000053,249.99999999999997,-0.2079439078823816,-0.018193710619043253,-0.06660486078998651
inner,-17.550000000000587,250.00000000000003,-0.21883387274922045,-0.017896236789123037,-0.06947832467338709
inner,-17.400000000000546,250.00000000000003,-0.23010849384009596,-0.01749595887284279,-0.07241124964101452
inner,-17.250000000000554,250.00000000000003,-0.24177486026024894,-0.016990186625680685,-0.07540263095377152
inner,-17.100000000000566,250.00000000000006,-0.25383976177286083,-0.0163763300933155,-0.07845129505343464
inner,-16.950000000000575,250.00000000000006,-0.2663096577663824,-0.01565191662980554,-0.08155589390177921
inner,-16.800000000000583,250.00000000000003,-0.2791906435815213,-0.01481460841480805,-0.08471489949115349
inner,-16.650000000000592,250.0,-0.292488415893542,-0.013862218438749305,-0.0879265992878866
inner,-16.5000000000006,250.00000000000003,-0.30620823970517913,-0.012792727724787937,-0.09118909198431281
inner,-16.350000000000612,250.00000000000003,-0.32035491443003844,-0.011604301493359236,-0.09450028406594774
inner,-16.20000000000062,250.00000000000006,-0.33493274114239024,-0.010295305324209875,-0.09785788704782966
inner,-16.05000000000063,250.0,-0.3499454902969267,-0.008864319990327002,-0.10125941571814022
inner,-15.90000000000064,250.00000000000006,-0.3653963710830442,-0.007310156411630375,-0.10470218696657903
inner,-15.7500000000007,250.00000000000003,-0.38128800114533634,-0.00563187077492812,-0.10818331913376147
inner,-15.600000000000659,250.00000000000006,-0.39762237664587397,-0.0038287780149130375,-0.1116997324556232
inner,-15.450000000000667,250.00000000000006,-0.4144008445232143,-0.0019004635604553048,-0.11524815066550986
inner,-15.300000000000626,250.00000000000006,-0.4316240773022956,0.00015320372788393604,-0.11882510286821993
inner,-15.150000000000635,250.00000000000009,-0.449292047541967,0.0023320611842655922,-0.12242692669107622
inner,-15.000000000000645,250.00000000000003,-0.46740400543137905,0.0046356435564206605,-0.12604977248345056
inner,-14.850000000000653,250.00000000000006,-0.48595845907241214,0.007063173275962947,-0.12968960783147052
inner,-14.700000000000664,250.00000000000006,-0.5049531548396504,0.009613554815412848,-0.13334222370087415
inner,-14.550000000000672,250.00000000000003,-0.5243850627426152,0.012285369127822209,-0.13700324120656715
inner,-14.400000000000631,250.00000000000003,-0.5442503632440471,0.015076869931265193,-0.14066811930491335
inner,-14.25000000000064,250.00000000000003,-0.5645444368227375,0.017985981583940342,-0.1443321633400899
inner,-14.10000000000065,250.00000000000006,-0.5852618564617897,0.0210102980181908,-0.14799053432097437
inner,-13.95000000000071,250.0,-0.6063963826387055,0.024147085750365255,-0.15163825971026157
inner,-13.800000000000669,250.00000000000006,-0.6279409635125833,0.027393286362758063,-0.155270244298589
inner,-13.650000000000627,250.00000000000009,-0.6498877358992516,0.03074552003559719,-0.15888128158529918
inner,-13.500000000000636,250.00000000000006,-0.6722280286483195,0.034200094396528026,-0.16246606687449708
inner,-13.350000000000646,250.00000000000003,-0.694952372713561,0.03775301159617092,-0.16601921001740072
inner,-13.200000000000655,250.00000000000003,-0.7180505109979455,0.04139997887032216,-0.16953524916446475
inner,-13.050000000000614,250.00000000000003,-0.7415114127719605,0.04513642107715378,-0.17300866507315762
inner,-12.900000000000622,249.99999999999997,-0.7653232914635577,0.04895749257872186,-0.1764338951906981
inner,-12.750000000000632,250.00000000000003,-0.7894736233421994,0.052858094102134566,-0.17980534907141912
inner,-12.600000000000641,250.00000000000006,-0.8139491722779464,0.056832888743243985,-0.18311742331508343
inner,-12.450000000000651,250.00000000000003,-0.8387360147945786,0.060876318212994,-0.18636451635640125
inner,-12.300000000000608,250.00000000000003,-0.8638195668985913,0.06498262424840068,-0.18954104455476814
inner,-12.150000000000619,250.0,-0.8891846172906163,0.06914586833802358,-0.19264145738582178
inner,-12.000000000000627,250.00000000000003,-0.914815359671309,0.07335995180498815,-0.19566025231958267
inner,-11.850000000000637,250.00000000000003,-0.940695426446254,0.07761863867770975,-0.19859199016150464
inner,-11.700000000000596,250.00000000000006,-0.9668079265643664,0.08191557849806055,-0.2014313099452617
inner,-11.550000000000605,250.00000000000003,-0.993135484371561,0.08624433032381613,-0.2041729436571012
inner,-11.400000000000613,250.00000000000003,-1.0196602802537698,0.09059838629242598,-0.20681173026625327
inner,-11.250000000000675,250.00000000000003,-1.0463640915053516,0.09497119549732107,-0.20934262931981565
inner,-11.100000000000632,250.00000000000003,-1.0732283343782993,0.09935618865465132,-0.2117607342367991
inner,-10.95000000000059,250.00000000000006,-1.100234107688424,0.10374680243953718,-0.21406128490857995
inner,-10.80000000000065,249.99999999999997,-1.1273622366230645,0.10813650373329808,-0.21623967967430247
inner,-10.65000000000061,250.00000000000003,-1.1545933169196092,0.11251881356013825,-0.21829148660691275
inner,-10.50000000000067,250.00000000000003,-1.1819077591587723,0.1168873305976102,-0.22021245406909473
inner,-10.350000000000628,249.99999999999997,-1.2092858329634335,0.12123575411259949,-0.22199852050088786
inner,-10.200000000000587,250.0,-1.2367077108794673,0.1255579061986364,-0.22364582340623976
inner,-10.050000000000596,250.00000000000003,-1.264153511730789,0.12984775319092384,-0.22515070751323643
inner,-9.900000000000606,250.00000000000003,-1.2916033432509653,0.13409942614111847,-0.2265097320870739
inner,-9.750000000000563,250.00000000000003,-1.3190373437883987,0.1383072402521715,-0.22771967738187351
inner,-9.600000000000573,250.0,-1.3464357229177972,0.14246571316085987,-0.22877755022292487
inner,-9.450000000000582,250.00000000000006,-1.3737788007782765,0.14656958198936917,-0.22968058871668223
inner,-9.300000000000592,249.99999999999997,-1.4010470459765978,0.15061381908957608,-0.23042626609173822
inner,-9.1500000000006,249.99999999999997,-1.4282211119215613,0.15459364640143988,-0.23101229367971116
inner,-9.00000000000056,249.99999999999997,-1.4552818714501103,0.1585045483770341,-0.23143662304934348
inner,-8.85000000000062,249.99999999999997,-1.4822104496203365,0.16234228341030826,-0.2316974473060648
inner,-8.700000000000578,249.99999999999997,-1.508988254554837,0.16610289366149825,-0.23179320157185487
inner,-8.550000000000587,250.0,-1.5355970063583113,0.16978271375554302,-0.23172256282797235
inner,-8.400000000000597,249.99999999999997,-1.5620187643118735,0.1733783775730863,-0.23148444884352873
inner,-8.250000000000556,249.99999999999994,-1.5882359513176532,0.17688682322569907,-0.23107801634561162
inner,-8.100000000000616,249.99999999999994,-1.6142313760641716,0.18030529691122765,-0.23050265868836992
inner,-7.950000000000574,250.0,-1.6399882535369243,0.1836313550981054,-0.22975800280577896
inner,-7.800000000000634,249.99999999999994,-1.6654902230922273,0.18686286520647946,-0.22884390557851117
inner,-7.650000000000593,249.99999999999994,-1.6907213643020298,0.18999800475973008,-0.22776044964807102
inner,-7.500000000000552,249.99999999999997,-1.7156662107667922,0.19303525951842535,-0.22650793886771955
inner,-7.350000000000612,249.99999999999994,-1.7403097620750685,0.19597341989074513,-0.22508689311080304
inner,-7.2000000000005695,249.99999999999997,-1.7646374929677313,0.19881157577894729,-0.22349804264586434
inner,-7.050000000000528,250.0,-1.7886353604116787,0.20154911061882458,-0.22174232233229507
inner,-6.900000000000588,249.99999999999997,-1.8122898091824495,0.2041856940358156,-0.21982086537884807
inner,-6.750000000000547,249.99999999999997,-1.8355877753883842,0.206721273740178,-0.2177349969823531
inner,-6.6000000000005565,250.0,-1.8585166885235982,0.20915606630232594,-0.21548622763616995
inner,-6.450000000000566,249.99999999999997,-1.8810644713061568,0.21149054665449019,-0.21307624616694743
inner,-6.300000000000524,249.99999999999997,-1.9032195375950138,0.21372543701057178,-0.21050691278857286
inner,-6.150000000000533,249.99999999999997,-1.9249707891689327,0.2158616949832832,-0.20778025200791958
inner,-6.000000000000543,249.99999999999997,-1.9463076111751183,0.21790050139338774,-0.20489844560447518
inner,-5.850000000000552,249.99999999999997,-1.9672198664957055,0.21984324725322185,-0.20186382542046824
inner,-5.700000000000511,250.0,-1.9876978882373564,0.22169151997065067,-0.19867886613262642
inner,-5.55000000000052,249.99999999999994,-2.0077324710183,0.22344708944762384,-0.1953461782327958
inner,-5.400000000000529,249.99999999999994,-2.02731486186855,0.2251118940327424,-0.1918685010854353
inner,-5.250000000000538,249.99999999999997,-2.0464367502834815,0.22668802616863035,-0.18824869601346392
inner,-5.100000000000497,250.0,-2.0650902571010965,0.2281777176102947,-0.18448973944700844
inner,-4.950000000000506,249.99999999999997,-2.0832679224927904,0.22958332467962086,-0.18059471633069887
inner,-4.800000000000516,249.99999999999997,-2.100962693822428,0.23090731373542295,-0.17656681374420988
inner,-4.650000000000525,249.99999999999997,-2.1181679131992777,0.23215224663386644,-0.17240931462209078
inner,-4.500000000000535,249.99999999999997,-2.1348773042740077,0.23332076608547567,-0.16812559162492813
inner,-4.350000000000493,250.0,-2.1510849585833416,0.23441558124924539,-0.16371910130896583
inner,-4.200000000000502,249.99999999999997,-2.166785322086974,0.23543945378811976,-0.1591933785681659
inner,-4.050000000000511,250.0,-2.18197318172831,0.23639518410052177,-0.15455203119736335
inner,-3.900000000000521,250.0,-2.1966436515312524,0.23728559765394344,-0.14979873466457286
inner,-3.750000000000479,249.99999999999997,-2.210792158714764,0.23811353184406847,-0.14493722723904026
inner,-3.6000000000004886,250.0,-2.224414430297503,0.23888182333543917,-0.13997130531941906
inner,-3.450000000000498,250.00000000000003,-2.2375064797564774,0.23959329571020802,-0.13490481894395304
inner,-3.300000000000507,250.00000000000003,-2.2500645936547587,0.24025074745870628,-0.12974166754892888
inner,-3.1500000000005164,250.00000000000006,-2.2620853186682397,0.24085694059857451,-0.12448579604251483
inner,-3.0000000000004747,250.00000000000003,-2.2735654491530295,0.2414145897654683,-0.11914119103500975
inner,-2.850000000000484,250.00000000000006,-2.2845020148402853,0.24192635168034712,-0.11371187727682447
inner,-2.7000000000004936,250.0,-2.294892268878116,0.2423948151652287,-0.10820191436838936
inner,-2.550000000000503,250.00000000000003,-2.3047336765050406,0.2428224917400568,-0.10261539367722987
inner,-2.4000000000004613,250.0,-2.3140239041683133,0.2432118066869986,-0.0969564354180015
inner,-2.2500000000004707,250.00000000000003,-2.3227608089762364,0.24356509057353257,-0.09122918593653709
inner,-2.10000000000048,250.00000000000006,-2.3309424287528637,0.2438845713736548,-0.08543781522461297
inner,-1.9500000000004893,250.00000000000006,-2.3385669727289393,0.2441723671105902,-0.079586514563489
inner,-1.8000000000004988,250.00000000000006,-2.3456328126449653,0.24443047894721384,-0.07367949433188559
inner,-1.650000000000457,250.00000000000006,-2.3521384744358236,0.24466078481876183,-0.06772098200407088
inner,-1.5000000000004665,250.00000000000006,-2.3580826305797915,0.24486503359853556,-0.061715220272121674
inner,-1.3500000000004757,250.00000000000006,-2.363464092987024,0.24504483973087587,-0.05566646529501594
inner,-1.2000000000004851,250.00000000000006,-2.3682818064573627,0.2452016783540118,-0.049578985083360234
inner,-1.0500000000004945,250.00000000000003,-2.3725348427849253,0.24533688093347045,-0.043457057999294134
inner,-0.9000000000004529,250.00000000000003,-2.376222395480176,0.2454516313680854,-0.037304971346351364
inner,-0.7500000000004622,250.0,-2.3793437750701614,0.2455469625596227,-0.031127020052809668
inner,-0.6000000000004716,250.00000000000006,-2.3818984050355847,0.24562375346218882,-0.024927505441033157
inner,-0.4500000000004809,250.00000000000003,-2.383885818384008,0.2456827265963034,-0.018710734056200634
inner,-0.30000000000043936,249.99999999999997,-2.385305654821812,0.245724446019598,-0.01248101655310706
inner,-0.15000000000044866,249.99999999999994,-2.3861576585592705,0.24574931575265507,-0.006242666631113437
inner,-4.579998741307465e-13,249.99999999999997,-2.386441676752357,0.245757578654362,-1.5788121159044524e-16
inner,0.14999999999958355,249.99999999999997,-2.386157658558031,0.24574931575267245,0.006242666631111657
inner,0.2999999999995233,250.0,-2.38530565481981,0.24572444601983073,0.012481016553099009
inner,0.4499999999995649,250.0,-2.383885818383894,0.24568272659512277,0.018710734056153765
inner,0.5999999999995556,250.00000000000006,-2.381898405035891,0.24562375346134457,0.02492750544096392
inner,0.7499999999995463,250.00000000000003,-2.3793437750696547,0.2455469625598398,0.031127020052738097
inner,0.899999999999537,250.00000000000006,-2.376222395480284,0.2454516313680642,0.0373049713461594
inner,1.0499999999995784,250.00000000000003,-2.3725348427851953,0.24533688093383502,0.0434570579990055
inner,1.1999999999995692,250.00000000000003,-2.3682818064586884,0.24520167835371515,0.049578985083143616
inner,1.3499999999995598,250.00000000000009,-2.363464092989343,0.24504483973022292,0.05566646529492251
inner,1.4999999999995506,250.00000000000006,-2.358082630583087,0.2448650335980739,0.06171522027206602
inner,1.6499999999995412,250.00000000000009,-2.352138474440396,0.24466078481830078,0.06772098200401144
inner,1.7999999999995826,250.00000000000006,-2.345632812649172,0.2444304789477427,0.07367949433182949
inner,1.9499999999995734,250.00000000000003,-2.338566972732194,0.24417236711209334,0.07958651456345676
inner,2.099999999999564,250.00000000000006,-2.330942428756252,0.24388457137467298,0.08543781522462485
inner,2.2499999999995546,250.00000000000003,-2.322760808979827,0.24356509057407438,0.09122918593657435
inner,2.3999999999995962,250.00000000000006,-2.3140239041718655,0.24321180668775577,0.09695643541809267
inner,2.549999999999587,250.00000000000006,-2.3047336765096706,0.2428224917395138,0.10261539367741533
inner,2.6999999999995774,250.00000000000009,-2.2948922688821414,0.24239481516442932,0.10820191436854165
inner,2.8499999999995684,250.00000000000003,-2.284502014843181,0.24192635168035706,0.11371187727694913
inner,2.9999999999996096,250.0,-2.273565449155851,0.24141458976582664,0.11914119103520904
inner,3.1499999999996007,250.0,-2.2620853186700463,0.2408569405993607,0.1244857960427674
inner,3.2999999999995913,249.99999999999997,-2.250064593656335,0.2402507474589842,0.12974166754908312
inner,3.449999999999582,250.0,-2.2375064797591664,0.23959329571008658,0.13490481894411305
inner,3.5999999999996235,250.0,-2.224414430301142,0.23888182333481894,0.1399713053197501
inner,3.749999999999614,249.99999999999997,-2.2107921587179105,0.23811353184316503,0.14493722723937985
inner,3.8999999999996047,250.00000000000003,-2.1966436515336794,0.23728559765323684,0.1497987346648963
inner,4.049999999999596,249.99999999999997,-2.1819731817310046,0.23639518409947585,0.15455203119769229
inner,4.199999999999586,250.0,-2.1667853220899245,0.23543945378650735,0.1591933785684539
inner,4.3499999999996275,250.00000000000003,-2.1510849585860705,0.23441558124740966,0.16371910130917666
inner,4.499999999999618,250.0,-2.134877304276625,0.23332076608337954,0.16812559162512938
inner,4.649999999999609,249.99999999999997,-2.118167913201535,0.23215224663183884,0.1724093146223484
inner,4.799999999999599,249.99999999999997,-2.1009626938244477,0.2309073137334042,0.17656681374447425
inner,4.949999999999591,250.00000000000003,-2.0832679224940813,0.22958332467796796,0.1805947163308731
inner,5.099999999999632,249.99999999999997,-2.0650902571014087,0.22817771760903288,0.18448973944711392
inner,5.2499999999996225,249.99999999999991,-2.0464367502835934,0.22668802616675499,0.18824869601352243
inner,5.399999999999613,249.99999999999994,-2.027314861868844,0.225111894029893,0.19186850108543904
inner,5.549999999999604,249.99999999999994,-2.0077324710183655,0.2234470894449293,0.19534617823279032
inner,5.699999999999646,249.99999999999997,-1.9876978882376277,0.22169151996793732,0.1986788661327455
inner,5.849999999999636,249.99999999999997,-1.9672198664961245,0.2198432472503041,0.20186382542058418
inner,5.999999999999627,249.99999999999997,-1.9463076111751152,0.2179005013913023,0.20489844560450055
inner,6.1499999999996176,249.99999999999994,-1.9249707891702348,0.21586169498044955,0.20778025200805167
inner,6.299999999999659,249.99999999999997,-1.903219537596431,0.21372543700771252,0.21050691278870232
inner,6.449999999999649,249.99999999999994,-1.8810644713069797,0.21149054665183806,0.21307624616695986
inner,6.59999999999964,249.99999999999994,-1.858516688523338,0.20915606629946984,0.21548622763609934
inner,6.749999999999631,249.99999999999997,-1.8355877753868086,0.2067212737370868,0.21773499698208987
inner,6.899999999999622,249.99999999999994,-1.8122898091799526,0.20418569403247283,0.21982086537851012
inner,7.049999999999663,249.99999999999994,-1.7886353604090448,0.20154911061473063,0.221742322331919
inner,7.199999999999654,249.99999999999994,-1.7646374929661854,0.19881157577416933,0.22349804264553813
inner,7.349999999999644,249.99999999999997,-1.7403097620738486,0.19597341988682956,0.2250868931106242
inner,7.499999999999635,249.99999999999997,-1.7156662107658585,0.1930352595148073,0.2265079388676294
inner,7.649999999999677,249.99999999999994,-1.6907213643018633,0.18999800475538495,0.22776044964814304
inner,7.799999999999668,249.99999999999997,-1.6654902230914133,0.18686286520240922,0.22884390557865328
inner,7.949999999999658,249.99999999999997,-1.639988253535053,0.18363135509453157,0.2297580028058058
inner,8.09999999999965,250.0,-1.6142313760631624,0.180305296906797,0.23050265868825132
inner,8.249999999999691,250.00000000000003,-1.58823595131762,0.1768868232207366,0.23107801634549635
inner,8.39999999999968,249.99999999999997,-1.5620187643126435,0.1733783775674896,0.23148444884350344
inner,8.549999999999672,249.99999999999997,-1.5355970063587634,0.1697827137501015,0.23172256282804268
inner,8.699999999999662,249.99999999999997,-1.508988254554329,0.1661028936563292,0.2317932015719158
inner,8.849999999999653,249.99999999999997,-1.4822104496195132,0.16234228340456727,0.2316974473060021
inner,8.999999999999694,250.0,-1.4552818714491262,0.15850454837152617,0.23143662304922694
inner,9.149999999999686,249.99999999999997,-1.4282211119209267,0.15459364639634954,0.23101229367967618
inner,9.299999999999676,249.99999999999997,-1.4010470459762712,0.15061381908432286,0.23042626609173325
inner,9.449999999999667,249.99999999999997,-1.3737788007776848,0.14656958198408213,0.2296805887166177
inner,9.599999999999657,250.0,-1.3464357229170616,0.14246571315568127,0.22877755022274165
inner,9.749999999999698,249.99999999999997,-1.3190373437869716,0.1383072402476881,0.22771967738155094
inner,9.89999999999969,250.0,-1.2916033432489757,0.1340994261369786,0.22650973208664335
inner,10.049999999999681,250.0,-1.2641535117279878,0.12984775318717473,0.22515070751280544
inner,10.19999999999967,250.00000000000003,-1.2367077108753464,0.12555790619565224,0.22364582340581102
inner,10.349999999999712,250.0,-1.2092858329602028,0.12123575410862862,0.22199852050043964
inner,10.499999999999703,250.00000000000003,-1.1819077591565015,0.11688733059287117,0.22021245406878703
inner,10.649999999999693,250.0,-1.1545933169180185,0.11251881355468717,0.21829148660661954
inner,10.799999999999685,250.0,-1.127362236622306,0.1081365037269893,0.21623967967395485
inner,10.949999999999676,250.00000000000003,-1.1002341076872861,0.10374680243368153,0.21406128490817594
inner,11.099999999999717,250.0,-1.073228334376624,0.09935618864937477,0.211760734236412
inner,11.249999999999707,250.00000000000003,-1.046364091503325,0.09497119549199311,0.20934262931946557
inner,11.399999999999698,250.0,-1.0196602802522785,0.0905983862860432,0.20681173026579955
inner,11.549999999999688,250.0,-0.9931354843697648,0.08624433031745452,0.20417294365656405
inner,11.699999999999731,250.0,-0.9668079265612034,0.08191557849249269,0.20143130994463404
inner,11.84999999999972,250.00000000000003,-0.9406954264427005,0.07761863867188458,0.19859199016081677
inner,11.999999999999712,250.00000000000003,-0.914815359667412,0.07335995179917434,0.19566025231895007
inner,12.149999999999702,250.00000000000003,-0.8891846172862679,0.06914586833246746,0.19264145738516478
inner,12.299999999999693,250.0,-0.8638195668952493,0.06498262424240477,0.18954104455418233
inner,12.449999999999735,250.00000000000003,-0.8387360147929946,0.06087631820653927,0.1863645163561362
inner,12.599999999999724,250.00000000000006,-0.813949172277513,0.05683288873660763,0.183117423315079
inner,12.749999999999716,250.00000000000003,-0.7894736233421398,0.052858094095401965,0.1798053490715085
inner,12.899999999999707,250.00000000000006,-0.7653232914625812,0.048957492572568685,0.17643389519069294
inner,13.049999999999748,250.00000000000003,-0.7415114127701619,0.045136421070938036,0.17300866507302562
inner,13.199999999999738,250.00000000000003,-0.7180505109966215,0.04139997886282641,0.1695352491642666
inner,13.34999999999973,250.00000000000003,-0.6949523727130743,0.03775301158773223,0.16601921001718156
inner,13.49999999999972,250.00000000000003,-0.6722280286480329,0.034200094388242154,0.16246606687423296
inner,13.649999999999762,250.00000000000003,-0.649887735899093,0.030745520027491403,0.15888128158489176
inner,13.799999999999752,250.00000000000003,-0.6279409635119322,0.02739328635517365,0.15527024429808037
inner,13.949999999999743,250.00000000000003,-0.6063963826367579,0.024147085743153968,0.15163825970968292
inner,14.099999999999733,250.00000000000006,-0.5852618564587337,0.021010298010361264,0.14799053432024356
inner,14.249999999999725,250.00000000000003,-0.5645444368199611,0.017985981574769085,0.144332163339391
inner,14.399999999999766,250.00000000000006,-0.5442503632426553,0.015076869920614818,0.14066811930442172
inner,14.549999999999757,250.00000000000006,-0.5243850627425833,0.01228536911643883,0.1370032412063288
inner,14.699999999999747,250.00000000000006,-0.5049531548406441,0.00961355480398944,0.1333422237009229
inner,14.849999999999739,250.00000000000003,-0.48595845907322044,0.0070631732652464176,0.12968960783172107
inner,14.99999999999978,250.00000000000006,-0.46740400543220756,0.0046356435460485354,0.1260497724837501
inner,15.14999999999977,250.00000000000003,-0.44929204754258645,0.00233206117448179,0.1224269266913806
inner,15.299999999999761,250.00000000000003,-0.4316240773014678,0.00015320371874871742,0.11882510286844468
inner,15.44999999999975,250.00000000000006,-0.4144008445221453,-0.0019004635704977647,0.11524815066538084
inner,15.599999999999742,250.00000000000003,-0.39762237664501665,-0.0038287780251572857,0.1116997324553798
inner,15.749999999999783,250.00000000000003,-0.38128800114405903,-0.005631870784994485,0.1081833191336328
inner,15.899999999999775,250.00000000000006,-0.36539637108242123,-0.007310156423035366,0.10470218696640773
inner,16.049999999999766,250.00000000000006,-0.34994549029702027,-0.008864320002448522,0.10125941571802945
inner,16.199999999999754,250.00000000000006,-0.33493274114162513,-0.010295305335603471,0.09785788704773651
inner,16.3499999999998,250.00000000000003,-0.3203549144289079,-0.011604301504935684,0.09450028406567214
inner,16.499999999999787,250.00000000000006,-0.30620823970457917,-0.012792727737211579,0.09118909198392709
inner,16.64999999999978,250.00000000000003,-0.2924884158927726,-0.013862218451269627,0.08792659928760434
inner,16.79999999999977,250.00000000000006,-0.2791906435814993,-0.014814608428012277,0.08471489949104441
inner,16.94999999999976,250.00000000000003,-0.26630965776743243,-0.015651916643338402,0.08155589390201565
inner,17.099999999999802,250.00000000000003,-0.2538397617737612,-0.01637633010637068,0.07845129505393494
inner,17.24999999999979,250.00000000000003,-0.24177486026154973,-0.016990186639161842,0.07540263095427713
inner,17.399999999999782,250.00000000000003,-0.230108493841946,-0.017495958886679222,0.07241124964172505
inner,17.549999999999773,250.00000000000003,-0.21883387275128752,-0.0178962368035149,0.06947832467428611
inner,17.699999999999815,250.00000000000003,-0.2079439078850592,-0.018193710634483464,0.06660486079085229
inner,17.849999999999806,250.0,-0.19743123914592342,-0.01839115597810167,0.06379169911145077
inner,17.999999999999797,250.00000000000006,-0.1872882598303761,-0.01849142040924862,0.061039521848995644
inner,18.149999999999785,250.00000000000003,-0.17750713889214517,-0.018497413004171966,0.058348856247931034
inner,18.29999999999983,250.00000000000003,-0.16807984340095025,-0.018412095493829366,0.055720078355559984
inner,18.449999999999818,250.00000000000003,-0.15899816272002668,-0.018238473260254004,0.053153417423025956
inner,18.59999999999981,250.00000000000003,-0.1502537346655291,-0.017979585124406363,0.05064896136948927
inner,18.7499999999998,250.00000000000003,-0.14183807253259148,-0.01763849170256701,0.04820666329089212
inner,18.899999999999842,250.00000000000003,-0.13374259193228463,-0.017218263203682305,0.04582634859380507
inner,19.049999999999834,250.00000000000003,-0.12595863661694676,-0.016721967364519436,0.0435077223804881
inner,19.199999999999825,249.99999999999997,-0.11847750283705137,-0.016152657990337795,0.04125037682799152
inner,19.349999999999813,249.99999999999997,-0.11129046199630055,-0.015513364329263372,0.0390537984161561
inner,19.499999999999805,250.00000000000003,-0.10438878155783343,-0.01480708139325628,0.03691737492117681
inner,19.649999999999796,250.00000000000006,-0.09776374420859778,-0.01403676121884658,0.03484040214265736
inner,19.799999999999837,249.99999999999997,-0.0914066653441858,-0.013205305060238311,0.032822090343465074
inner,19.94999999999983,250.00000000000006,-0.08530890892139266,-0.012315556456312176,0.030861570390671923
inner,20.099999999999817,250.00000000000003,-0.07946190175457891,-0.01137029513500869,0.028957899589683967
inner,20.249999999999808,250.0,-0.0738571463260452,-0.010372231705238627,0.02711006720621943
inner,20.39999999999985,250.0,-0.06848623217212033,-0.009324003076098203,0.025316999672525865
inner,20.54999999999984,250.0,-0.06334084592487141,-0.008228168559412942,0.023577565475451007
inner,20.699999999999832,249.99999999999997,-0.05841278007093742,-0.007087206595190146,0.021890579725593787
inner,20.849999999999824,250.0,-0.05369394048950925,-0.005903512045442682,0.02025480840688529
inner,20.999999999999865,250.00000000000003,-0.0491763528450935,-0.004679394012037425,0.018668972307774756
inner,21.149999999999856,249.99999999999997,-0.04485216789286276,-0.003417074119315483,0.017131750636088603
inner,21.299999999999844,250.0,-0.0407136657582441,-0.002118685213012214,0.0156417843183585
inner,21.449999999999836,249.99999999999997,-0.036753259245189185,-0.000786270423165384,0.014197678985657328
inner,21.599999999999827,249.99999999999997,-0.03296349621930525,0.0005782174629148931,0.012798007647532876
inner,21.74999999999987,250.0,-0.029337061130463592,0.001972916349257672,0.011441313054517394
inner,21.89999999999986,249.99999999999997,-0.025866775705941057,0.003396054963443738,0.010126109749424255
inner,22.04999999999985,249.99999999999997,-0.022545598856349762,0.004845952814831066,0.00885088580660447
inner,22.19999999999984,249.99999999999997,-0.019366625834028418,0.00632102001630344,0.007614104257540269
inner,22.34999999999988,250.0,-0.01632308666057338,0.007819757027106392,0.006414204196871037
inner,22.499999999999872,249.99999999999997,-0.013408343857466521,0.009340754350487016,0.005249601563882694
inner,22.649999999999864,249.99999999999997,-0.010615889490830789,0.010882692236426496,0.004118689591205017
inner,22.799999999999855,249.99999999999997,-0.007939341537749906,0.012444340439010914,0.003019838909446522
inner,22.949999999999896,249.99999999999994,-0.0053724395864061985,0.014024558065674401,0.0019513972936284888
inner,23.099999999999888,250.0,-0.0029090398475405373,0.01562229358671716,0.000911689032195663
inner,23.249999999999876,249.99999999999997,-0.0005431094742287508,0.017236585045894055,-0.00010098610375968917
inner,23.399999999999867,249.99999999999997,0.001731279834451478,0.018866560534918912,-0.0010883543180385414
inner,23.54999999999986,249.99999999999994,0.003919958993741746,0.020511439010521222,-0.002052169707502432
inner,23.6999999999999,249.99999999999997,0.006028669494285418,0.022170531512596132,-0.0029942166838593225
inner,23.84999999999989,249.99999999999994,0.008063072229098474,0.023843242874195345,-0.003916312947262784
inner,23.999999999999883,249.99999999999997,0.010028757280815266,0.025529074034516305,-0.004820313072115348
inner,24.14999999999987,249.99999999999997,0.011931254759144968,0.02722762505698681,-0.005708112778498745
inner,24.299999999999912,249.99999999999997,0.013776046810821405,0.02893859898549913,-0.0065816539753727
inner,24.449999999999903,249.99999999999997,0.015568580976005733,0.030661806717299372,-0.007442930683905233
inner,24.599999999999895,249.99999999999997,0.017314285068324303,0.032397173072604396,-0.008293995968015413
inner,24.749999999999886,249.99999999999997,0.019018583819529658,0.03414474429758826,-0.009136970028640352
inner,24.899999999999878,249.99999999999997,0.02068691758247617,0.0359046972857377,-0.009974049654104488
inner,25.04999999999992,249.99999999999997,0.02232476344136492,0.037677350854953016,-0.010807519260657629
inner,25.199999999999907,249.99999999999997,0.02393765918242432,0.03946317950927093,-0.011639763812998047
inner,25.3499999999999,250.0,0.02553123068191621,0.04126283020806466,-0.012473283985413534
inner,25.49999999999989,249.99999999999997,0.027111223390798297,0.043077142778695635,-0.013310714013149273
inner,25.64999999999993,249.99999999999994,0.028683538794551953,0.044907174778711624,-0.014154842798155109
inner,25.799999999999923,249.99999999999997,0.030254276959579947,0.046754231816480515,-0.01500863898916114
inner,25.949999999999914,249.99999999999994,0.03182978657358786,0.04861990459769072,-0.015875280951501126
inner,26.099999999999902,249.99999999999994,0.033416724304151935,0.05050611430375354,-0.016758192807029747
inner,26.249999999999893,249.99999999999997,0.03502212584898017,0.05241516835692628,-0.017661088083647067
inner,26.399999999999935,249.99999999999997,0.036653491798334964,0.0543498292197868,-0.018588022993513822
inner,26.549999999999926,249.99999999999997,0.038318892444883984,0.05631339964313903,-0.019543462023039464
inner,26.699999999999918,249.99999999999997,0.04002709710611604,0.05830982883679885,-0.020532359438802297
inner,26.84999999999991,249.99999999999997,0.041787735521920236,0.06034384545174472,-0.02156026160999017
inner,26.99999999999995,249.99999999999994,0.04361150176682825,0.06242112521115436,-0.022633436902607877
inner,27.149999999999938,249.99999999999997,0.045510415270620226,0.06454850369630674,-0.023759042591685035
inner,27.29999999999993,249.99999999999994,0.047498159717689066,0.06673424856224636,-0.024945342207062276
inner,27.44999999999992,249.99999999999997,0.049590529915198356,0.06898841077378817,-0.02620199270527898
inner,27.599999999999913,249.99999999999997,0.05180603106682466,0.07132328203903765,-0.027540430043872112
inner,27.749999999999954,249.99999999999997,0.054166697642205455,0.07375399669554293,-0.028974396165566733
inner,27.899999999999945,249.99999999999994,0.056699235928084846,0.07629933248717,-0.030520673719270988
inner,28.049999999999933,249.99999999999994,0.05943665642821916,0.07898278893054425,-0.032200133658168865
inner,28.199999999999925,249.99999999999997,0.06242066948431969,0.08183405791285363,-0.03403926793859621
inner,28.349999999999966,249.99999999999994,0.06570531471272736,0.08489105839849997,-0.036072500248382655
inner,28.499999999999957,249.99999999999994,0.06936265556543128,0.0882027838049951,-0.038345798464334696
inner,28.64999999999995,249.99999999999994,0.07349215322577059,0.09183337674373525,-0.04092257441591782
inner,28.79999999999994,249.99999999999997,0.07823673622552944,0.0958678911955551,-0.043893888670456495
inner,28.94999999999993,249.99999999999997,0.08381305624032438,0.10042122351054733,-0.04739729493404457
inner,29.09999999999997,249.99999999999997,0.09056884622734648,0.10564901069483232,-0.051655112684459444
inner,29.24999999999996,250.0,0.09912469119681233,0.11177597862434885,-0.057057781586199015
inner,29.399999999999952,249.99999999999994,0.11065223904253385,0.11908697033370103,-0.06437390572202477
inner,29.549999999999944,249.99999999999994,0.1281677768454734,0.12826345926799804,-0.07525789343448325
inner,29.699999999999935,249.99999999999997,0.1584871379908359,0.13942393299705874,-0.09388152894589724
inner,29.849999999999977,249.99999999999997,0.2518395300669606,0.17029885580074372,-0.12838867192084974
inner,29.999999999999964,249.99999999999997,0.3252177764745267,0.19567279630333498,-0.15116389257855967
mid,-30.000000000000068,274.9183921033229,0.028562920834642423,-7.215071965284078e-06,0.0010748192827558485
mid,-29.830803015133508,274.9183921033229,0.028834732994890682,-1.1387893186779602e-05,0.0020016443223903647
mid,-29.66160603026695,274.91839210332296,0.02936534973175358,-1.7828518674605984e-05,0.0039124994845737854
mid,-29.49240904540039,274.9183921033229,0.029865333686286133,-1.8581842846610366e-05,0.005774971088305109
mid,-29.32321206053393,274.9183921033229,0.03032511372752486,-9.288053238598083e-06,0.00759663820007342
mid,-29.15401507566737,274.9183921033229,0.030736779273478107,1.329260824403048e-05,0.009383080607719956
mid,-28.98481809080081,274.9183921033229,0.031094042372979594,5.131731623569686e-05,0.011138152008971653
mid,-28.81562110593425,274.9183921033229,0.0313921718749895,0.00010591726204837656,0.012864256683579975
mid,-28.646424121067795,274.9183921033229,0.031627900772842006,0.0001772718896420741,0.014562618110696361
mid,-28.477227136201236,274.9183921033229,0.031799310332681255,0.00026469811709578343,0.016233530456302672
mid,-28.308030151334677,274.9183921033229,0.03190569592243274,0.00036675083267568654,0.017876586511012905
mid,-28.138833166468117,274.9183921033229,0.0319474201460669,0.0004813304901217126,0.019490878061939783
mid,-27.969636181601658,274.9183921033229,0.0319257589673688,0.0006057935927496813,0.02107516678054027
mid,-27.8004391967351,274.9183921033229,0.03184274616159931,0.0007370621721029376,0.022628025428902757
mid,-27.63124221186854,274.9183921033229,0.031701020780022016,0.0008717289007516074,0.024147950527497384
mid,-27.46204522700198,274.9183921033229,0.03150368149481793,0.0010061551293405406,0.025633448593952803
mid,-27.292848242135523,274.9183921033229,0.031254150791498424,0.0011365598074501541,0.027083098670151986
mid,-27.123651257268964,274.9183921033229,0.03095605112005259,0.0012590979575709928,0.028495594205658063
mid,-26.954454272402405,274.9183921033229,0.030613094333415317,0.0013699279977930912,0.02986976746920702
mid,-26.785257287535845,274.9183921033229,0.030228985026101385,0.0014652677245649177,0.03120459960136026
mid,-26.616060302669386,274.9183921033229,0.0298073377951515,0.0015414392058478252,0.03249921922566422
mid,-26.446863317802826,274.91839210332296,0.029351608006749914,0.0015949032145013697,0.03375289226603814
mid,-26.277666332936267,274.9183921033229,0.028865035293922252,0.001622284055365882,0.03496500529737797
mid,-26.108469348069708,274.9183921033229,0.028350598749569016,0.001620385771960678,0.03613504441583143
mid,-25.93927236320325,274.9183921033229,0.02781098264461286,0.0015862008469364284,0.037262571286920995
mid,-25.770075378336692,274.9183921033229,0.02724855142784327,0.0015169125293395033,0.03834719770077395
mid,-25.60087839347013,274.9183921033229,0.02666533272799644,0.0014098918736829922,0.03938855968125475
mid,-25.43168140860357,274.9183921033229,0.02606300710923342,0.0012626905349270249,0.04038629193450122
mid,-25.262484423737114,274.9183921033229,0.025442903412248613,0.0010730302765704636,0.041340003195894336
mid,-25.093287438870554,274.9183921033229,0.024805998590303725,0.0008387900581191109,0.04224925286203874
mid,-24.924090454003995,274.9183921033229,0.02415292104214874,0.0005579914546528127,0.04311352912789307
mid,-24.754893469137436,274.9183921033229,0.023483956567358216,0.00022878305845553878,0.04393222873218285
mid,-24.585696484270976,274.9183921033229,0.02279905615880115,-0.00015057560417915464,0.04470463832577261
mid,-24.416499499404367,274.9183921033229,0.022097844982189772,-0.0005817301581153532,0.04542991740937944
mid,-24.247302514537857,274.9183921033229,0.021379631954171304,-0.0010662471363448271,0.04610708272580732
mid,-24.078105529671298,274.9183921033229,0.02064341944282964,-0.0016056291088575626,0.04673499396955948
mid,-23.90890854480484,274.9183921033229,0.019887912703675282,-0.0022013289416836675,0.047312340663625864
mid,-23.739711559938282,274.9183921033229,0.019111528704831085,-0.0028547630552637378,0.04783763002601347
mid,-23.570514575071723,274.9183921033229,0.018312404083879828,-0.003567323543091156,0.04830917566415335
mid,-23.401317590205164,274.91839210332296,0.01748840201323217,-0.00434038907014753,0.04872508693338505
mid,-23.232120605338704,274.9183921033229,0.016637117803843752,-0.005175334485542422,0.049083258805540986
mid,-23.062923620472144,274.9183921033229,0.015755883092723046,-0.006073539134184711,0.049381362105337626
mid,-22.893726635605585,274.9183921033229,0.014841768503940658,-0.007036393826871958,0.049616833986953296
mid,-22.724529650739026,274.9183921033229,0.013891584677832802,-0.00806530646485968,0.04978686853468999
mid,-22.55533266587257,274.9183921033229,0.01290188157627687,-0.009161706304783811,0.04988840739569216
mid,-22.38613568100601,274.91839210332296,0.011868945993986132,-0.010327046841386259,0.049918130357464556
mid,-22.21693869613945,274.9183921033229,0.010788797179513775,-0.01156280730789561,0.049872445799637476
mid,-22.04774171127289,274.9183921033229,0.009657180485984292,-0.012870492752471523,0.04974748097621792
mid,-21.87854472640643,274.9183921033229,0.008469558975191596,-0.014251632658361456,0.04953907208418157
mid,-21.709347741539872,274.91839210332296,0.007221102869744939,-0.015707778057051754,0.0492427541009888
mid,-21.540150756673313,274.91839210332296,0.005906676740395276,-0.017240497068324288,0.04885375039313592
mid,-21.370953771806754,274.9183921033229,0.004520824317311392,-0.018851368785621,0.04836696209847605
mid,-21.201756786940297,274.91839210332296,0.0030577507873193223,-0.02054197540164707,0.04777695731872143
mid,-21.032559802073735,274.91839210332296,0.0015113024241197419,-0.02231389246372969,0.0470779601775108
mid,-20.86336281720728,274.9183921033229,-0.00012505661418421576,-0.02416867711570899,0.04626383981264892
mid,-20.69416583234092,274.91839210332296,-0.001858270502969897,-0.026107854159362988,0.045328099403584184
mid,-20.524968847475176,274.9183921033229,-0.003695721184806426,-0.028132899758036737,0.04426386536040316
mid,-20.355771862611316,274.91839210332296,-0.005645261241603271,-0.030245222583441287,0.04306387682964852
mid,-20.18657487775407,274.91839210332296,-0.0077152504201644986,-0.0324461421740602,0.0417204757068005
mid,-20.017377892918244,274.91839210332296,-0.009914596068696588,-0.03473686425210485,0.04022559739120213
mid,-19.84818090815051,274.91839210332296,-0.012252797743229665,-0.03711845274303267,0.03857076256115698
mid,-19.678983923592085,274.91839210332296,-0.014739996213990506,-0.039591798207839604,0.03674707029341844
mid,-19.50978693966142,274.91839210332296,-0.017387027151915334,-0.0421575823699166,0.03474519292506563
mid,-19.340589957546882,274.918392103323,-0.02020547975437722,-0.04481623842679162,0.032555373121630385
mid,-19.17139298054006,274.91839210332296,-0.02320776052825433,-0.04756790679178802,0.030167423708475926
mid,-19.00219601749129,274.91839210332296,-0.02640716246331758,-0.050412385898499015,0.027570730953405388
mid,-18.8329990912506,274.91839210332296,-0.029817939790623832,-0.053349077628881324,0.0247542621878465
mid,-18.663802259893128,274.91839210332296,-0.03345538844234897,-0.05637692680927801,0.021706578993726695
mid,-18.49460566402632,274.918392103323,-0.03733593226844385,-0.05949435392747504,0.018415857849146212
mid,-18.32540963717545,274.918392103323,-0.04147721481245124,-0.06269917964718444,0.014869921370284825
mid,-18.1562149431979,274.91839210332296,-0.04589819582054139,-0.0659885386618504,0.011056285552877437
mid,-17.987023265414194,274.91839210332296,-0.05061925103304736,-0.06935877787824962,0.006962233374321001
mid,-17.81783825192686,274.918392103323,-0.0556622688564437,-0.07280533106211243,0.0025749318894161674
mid,-17.648667394592405,274.91839210332296,-0.06105073678233435,-0.07632255453529341,-0.002118374520813319
mid,-17.479525797143857,274.91839210332296,-0.06680979210855187,-0.07990349958110278,-0.007130040560357338
mid,-17.3104426048896,274.918392103323,-0.07296619036701708,-0.08353958950164002,-0.012471485408773365
mid,-17.141471633409136,274.91839210332296,-0.07954812710600812,-0.08722014968794811,-0.0181523138570808
mid,-16.972708982284882,274.918392103323,-0.08658470015522617,-0.09093177399855407,-0.02417897570961631
mid,-16.804314533884583,274.91839210332296,-0.09410481202002181,-0.094657573278493,-0.030552912970541548
mid,-16.636537112665227,274.91839210332296,-0.10213516896156612,-0.09837651005663123,-0.03726838727122353
mid,-16.4697279612706,274.918392103323,-0.11069723534028265,-0.10206325106733402,-0.044310654867700916
mid,-16.30432709269947,274.918392103323,-0.11980356131121152,-0.10568919252459098,-0.05165580025355802
mid,-16.1407919847605,274.918392103323,-0.12945595739181498,-0.10922479602563247,-0.059273150179980645
mid,-15.979507947019655,274.918392103323,-0.13964735554386631,-0.11264259900762488,-0.06712991310554943
mid,-15.820696460109103,274.91839210332296,-0.15036775205181527,-0.11591959191211951,-0.07519619564155532
mid,-15.664394231385417,274.918392103323,-0.16161130466682774,-0.11903792840454197,-0.0834479608253175
mid,-15.510491008624223,274.91839210332296,-0.17337975603267358,-0.12198431533753268,-0.09186770787257797
mid,-15.358760930948145,274.918392103323,-0.18568397978139903,-0.12474846616034824,-0.10044302575761421
mid,-15.208956757726508,274.918392103323,-0.19854154409920746,-0.12732150581503712,-0.10916380533168632
mid,-15.060836381181465,274.918392103323,-0.21197227661249168,-0.12969510172130977,-0.11802057605850903
mid,-14.914158187932964,274.918392103323,-0.22599781147831238,-0.13186092786634127,-0.12700332605535514
mid,-14.768729976134862,274.918392103323,-0.2406390464082417,-0.1338105829949545,-0.1361005641187475
mid,-14.624370598412696,274.918392103323,-0.2559152638490255,-0.13553542621792625,-0.14529871501660302
mid,-14.480956012398442,274.91839210332296,-0.27184263465801783,-0.13702707841599154,-0.15458240476262658
mid,-14.338346420571563,274.91839210332296,-0.28843539119304407,-0.13827738930255062,-0.16393486822946146
mid,-14.196444639878766,274.918392103323,-0.30570594012217706,-0.1392787814861678,-0.17333774712447367
mid,-14.055160594744681,274.91839210332296,-0.32366325237915416,-0.14002417477500073,-0.1827707479069274
mid,-13.914440516481724,274.91839210332296,-0.3423124613643126,-0.140507551079877,-0.19221268278204823
mid,-13.774197090986396,274.918392103323,-0.3616574690543382,-0.14072358582414973,-0.20164138567987444
mid,-13.634404805866785,274.91839210332296,-0.38169851947172795,-0.14066834741581075,-0.21103384325230928
mid,-13.494999043916154,274.9183921033231,-0.4024330813812158,-0.14033881588687647,-0.22036667717576655
mid,-13.355946097525713,274.91839210332296,-0.42385706850642796,-0.13973331634325414,-0.22961610337732416
mid,-13.217214645918208,274.91839210332296,-0.4459623434134245,-0.1388514282191173,-0.23875793071112822
mid,-13.078775701352882,274.91839210332296,-0.4687384834371965,-0.13769403640786537,-0.24776813061231012
mid,-12.940602536527411,274.918392103323,-0.49217280183626644,-0.13626332350500003,-0.25662296949451857
mid,-12.802670597660159,274.91839210332296,-0.5162503737207668,-0.13456275070460622,-0.26529911930675787
mid,-12.664958362005276,274.918392103323,-0.5409537390822377,-0.132597029876881,-0.273773363914777
mid,-12.527466344081503,274.918392103323,-0.566261817573025,-0.13037237720819544,-0.2820234769372285
mid,-12.390156581678413,274.918392103323,-0.5921534412083531,-0.12789576374301526,-0.2900282813027907
mid,-12.253021943236556,274.918392103323,-0.6186056084011341,-0.12517551698014714,-0.29776727646968354
mid,-12.116057466594206,274.918392103323,-0.6455916297325307,-0.1222211266513296,-0.3052210606552856
mid,-11.979238499562658,274.91839210332296,-0.6730847002548954,-0.11904277862313925,-0.3123713431980143
mid,-11.842568776900661,274.91839210332296,-0.7010556779238243,-0.11565187401959914,-0.31920118196595515
mid,-11.70602934586566,274.918392103323,-0.7294743358744388,-0.11206035806642833,-0.3256949771087005
mid,-11.569610762380206,274.91839210332296,-0.7583097358390984,-0.10828094746693559,-0.3318383290287656
mid,-11.433318950618728,274.91839210332296,-0.7875283323842676,-0.10432723938649494,-0.33761848733390376
mid,-11.297130516921364,274.91839210332296,-0.8170974482290506,-0.10021289119040863,-0.34302418049735706
mid,-11.161041847749358,274.91839210332296,-0.8469834291410374,-0.09595221524663895,-0.34804542026140506
mid,-11.02506211104827,274.91839210332296,-0.8771500032632735,-0.09156014205206692,-0.35267395094651943
mid,-10.889170876407297,274.91839210332296,-0.9075625682620225,-0.0870513081550829,-0.3569030378964948
mid,-10.753364271671696,274.91839210332296,-0.9381866514937257,-0.08244062425628297,-0.36072752244484513
mid,-10.617638588844102,274.918392103323,-0.9689863814493553,-0.07774314103890581,-0.36414361226980174
mid,-10.481992924664596,274.91839210332296,-0.9999256264787143,-0.07297390916646547,-0.36714903688619255
mid,-10.3464263497982,274.9183921033229,-1.0309685832837878,-0.06814780853221573,-0.3697431262489962
mid,-10.210929220142129,274.91839210332296,-1.062080647297087,-0.06327929239250558,-0.37192657238254334
mid,-10.075498515721236,274.91839210332296,-1.0932275432233864,-0.05838258669988812,-0.37370147574181056
mid,-9.940131348759857,274.91839210332296,-1.1243751030557887,-0.0534715710268393,-0.3750712388268388
mid,-9.804824958627773,274.91839210332296,-1.1554898575193693,-0.04855966343098308,-0.3760405403375059
mid,-9.669576706936253,274.91839210332296,-1.1865391456869128,-0.043659756127679764,-0.3766152665506177
mid,-9.534384072783812,274.91839210332296,-1.2174912169527266,-0.03878415717785539,-0.37680243705441574
mid,-9.399244648150113,274.9183921033229,-1.2483153248404908,-0.033944538499050984,-0.3766101254179359
mid,-9.264156133438293,274.91839210332296,-1.2789818121294894,-0.02915189045325363,-0.37604737541616473
mid,-9.129116333163314,274.9183921033229,-1.3094621868298808,-0.024416483234881,-0.37512411348242125
mid,-8.994123151784969,274.91839210332296,-1.3397291886069815,-0.019747835237474094,-0.37385105810245667
mid,-8.859174589682674,274.9183921033229,-1.3697568452996178,-0.015154688509974146,-0.3722396269062681
mid,-8.724268739270368,274.9183921033229,-1.3995205192691227,-0.010644991363880855,-0.37030184225284013
mid,-8.589403781248889,274.918392103323,-1.428996943404112,-0.006225888116894056,-0.3680502361313964
mid,-8.454577980991804,274.91839210332296,-1.458164246705959,-0.0019037158911230992,-0.36549775522384603
mid,-8.319789685063078,274.91839210332296,-1.4870019694954109,0.002315991706337679,-0.36265766697322155
mid,-8.185037317862644,274.91839210332296,-1.5154910683976397,0.006428494256301029,-0.35954346750064103
mid,-8.05031937839677,274.9183921033229,-1.5436139113851097,0.01042982786963352,-0.3561687921920537
mid,-7.915634437169841,274.91839210332296,-1.5713542446376103,0.014316781115140974,-0.3525473292727941
mid,-7.780981597100757,274.91839210332296,-1.5986970072348141,0.018086849387272508,-0.3486927511666259
mid,-7.646363340138367,274.91839210332296,-1.6256284320382441,0.02173818178100489,-0.34461873972671975
mid,-7.511774284545636,274.91839210332296,-1.6521365538807564,0.025269712741433834,-0.3403385651475533
mid,-7.377213223604237,274.91839210332296,-1.6782106421983334,0.028680942215965875,-0.33586535022313296
mid,-7.242679009914568,274.9183921033229,-1.703840942981142,0.03197192159583381,-0.33121192691910917
mid,-7.1081705528639185,274.9183921033229,-1.7290188456044093,0.03514322665970364,-0.32639077289804275
mid,-6.97368681619526,274.9183921033229,-1.7537367896928806,0.03819590795476522,-0.321413966593651
mid,-6.839227652406881,274.9183921033229,-1.777988035242365,0.04113142445493148,-0.316293182615625
mid,-6.704796224716949,274.9183921033229,-1.8017667984309196,0.04395158181420045,-0.3110397417386813
mid,-6.570386599816072,274.9183921033229,-1.8250686986058078,0.04665864269364061,-0.3056641502419904
mid,-6.435997911589138,274.91839210332296,-1.8478900983249813,0.04925509493830553,-0.30017654394945037
mid,-6.3016293387096525,274.9183921033229,-1.8702278651067883,0.051743646919278546,-0.2945865485467924
mid,-6.167280102675996,274.91839210332296,-1.8920793863731016,0.05412719378452059,-0.2889032632562276
mid,-6.032954017326143,274.9183921033229,-1.9134425468082155,0.05640873321340495,-0.28313541951531007
mid,-5.898647158376466,274.9183921033229,-1.9343161946866199,0.05859146962215593,-0.277290929269759
mid,-5.764357297373262,274.9183921033229,-1.9546997662824777,0.06067867141187595,-0.27137721327492287
mid,-5.63008379030133,274.91839210332296,-1.974592903885312,0.0626736239950781,-0.26540124539271936
mid,-5.495826346604532,274.9183921033229,-1.9939953832630273,0.06457961656453691,-0.2593695286782369
mid,-5.361589703876059,274.9183921033229,-2.0129072680641658,0.06639988033473267,-0.2532882712249274
mid,-5.227367376655154,274.91839210332296,-2.0313293781661934,0.0681377258719923,-0.24716277887036073
mid,-5.09315883636915,274.9183921033229,-2.0492627010775424,0.06979635515754534,-0.24099811767935775
mid,-4.958963584294961,274.9183921033229,-2.066708079730665,0.07137888759436227,-0.23479896264300312
mid,-4.824785553634441,274.91839210332296,-2.083666440744401,0.07288831919632205,-0.22856976335959706
mid,-4.690620910343727,274.9183921033229,-2.100139167100597,0.07432761934366076,-0.2223142799659951
mid,-4.556467844003868,274.9183921033229,-2.1161277966647862,0.07569963754513612,-0.216035979431685
mid,-4.422325949830914,274.9183921033229,-2.1316336779555267,0.07700709489146507,-0.20973807202230418
mid,-4.288198910429592,274.9183921033229,-2.1466581091849926,0.07825256279956709,-0.20342362808832046
mid,-4.154083241616188,274.91839210332296,-2.1612026943548246,0.0794385488997493,-0.1970951342019776
mid,-4.0199772440894455,274.91839210332296,-2.175269100993831,0.08056742846909579,-0.19075486634030675
mid,-3.8858805924692543,274.91839210332296,-2.18885876539513,0.08164144336488785,-0.18440492636825825
mid,-3.751797578661088,274.91839210332296,-2.2019730461903375,0.08266268181577341,-0.17804737932784886
mid,-3.6177231462681707,274.91839210332296,-2.214613561742401,0.0836331753880489,-0.17168368669492579
mid,-3.483656736501395,274.9183921033229,-2.2267818536157553,0.08455481264369508,-0.16531528958383096
mid,-3.349599347953,274.91839210332296,-2.238479239110645,0.08542935639058159,-0.15894353255244312
mid,-3.2155524256562007,274.918392103323,-2.2497070442897935,0.08625845532525774,-0.15256961220882195
mid,-3.081512310276122,274.918392103323,-2.260466701517653,0.08704368037163802,-0.14619435272117504
mid,-2.9474787831443883,274.918392103323,-2.2707594929510946,0.08778648226944198,-0.13981858491243726
mid,-2.8134544310049514,274.91839210332296,-2.280586551024141,0.08848819541596817,-0.1334431411991031
mid,-2.679436891927524,274.91839210332296,-2.289949081052817,0.08915008258214019,-0.12706852529077114
mid,-2.5454248538944224,274.91839210332296,-2.2988482418706755,0.08977331162441135,-0.12069517473472671
mid,-2.411419018031954,274.91839210332296,-2.3072850358512884,0.09035895360957091,-0.11432352602569186
mid,-2.2774205358356676,274.918392103323,-2.315260417980127,0.09090799246514535,-0.10795394985044396
mid,-2.1434265429121133,274.91839210332296,-2.3227753675397644,0.09142134871222261,-0.10158656274910319
mid,-2.0094368949688377,274.91839210332296,-2.3298307480366636,0.09189985858667216,-0.0952215291922385
mid,-1.8754537051467284,274.918392103323,-2.336427317518158,0.09234427609838804,-0.08885905378796956
mid,-1.741474470627918,274.9183921033231,-2.3425658496162063,0.09275530179604882,-0.08249908337286319
mid,-1.6074986551762818,274.91839210332296,-2.348247046962329,0.09313356684537948,-0.07614159781187203
mid,-1.4735272071537882,274.91839210332296,-2.3534715123232255,0.09347963559278016,-0.06978660273905317
mid,-1.3395595741645498,274.91839210332296,-2.358239817535067,0.09379401732072447,-0.06343399927617488
mid,-1.2055944813145196,274.91839210332296,-2.3625524943571277,0.09407716849243547,-0.05708362145016034
mid,-1.0716321310987234,274.918392103323,-2.36640999756348,0.09432949026535106,-0.05073534059931646
mid,-0.937673046113338,274.91839210332296,-2.36981272728925,0.09455133233874627,-0.04438901775064299
mid,-0.8037156582882659,274.918392103323,-2.372761051280933,0.09474300098617447,-0.03804439967712498
mid,-0.6697598811106896,274.918392103323,-2.375255277358163,0.0949047558801152,-0.03170128028557198
mid,-0.5358062751075717,274.918392103323,-2.377295656734918,0.09503681163853775,-0.02535946832283735
mid,-0.4018536416379254,274.9183921033229,-2.3788824024664716,0.09513934334578132,-0.019018682509925153
mid,-0.2679018083004204,274.9183921033229,-2.3800156782271946,0.09521248554527525,-0.012678676837479263
mid,-0.1339507877801264,274.9183921033229,-2.3806955974661723,0.09525633300798055,-0.006339207541527158
mid,-4.0711099922733015e-13,274.9183921033229,-2.38092222940859,0.09527094249874943,5.92508823249578e-13
mid,0.13395078777936306,274.9183921033229,-2.380695597466589,0.09525633300711243,0.006339207542511474
mid,0.2679018082996062,274.91839210332296,-2.380015678227917,0.09521248554425728,0.012678676838066207
mid,0.4018536416371621,274.91839210332296,-2.3788824024661754,0.09513934334629034,0.019018682510143395
mid,0.5358062751067575,274.91839210332296,-2.3772956567352224,0.09503681163876566,0.025359468323218275
mid,0.6697598811098754,274.918392103323,-2.3752552773587925,0.0949047558799969,0.03170128028642128
mid,0.8037156582874517,274.918392103323,-2.3727610512812016,0.0947430009863194,0.03804439967783963
mid,0.9376730461125238,274.91839210332296,-2.36981272728912,0.09455133233909037,0.04438901775113963
mid,1.0716321310979093,274.91839210332296,-2.3664099975627213,0.09432949026558661,0.05073534059985623
mid,1.2055944813137562,274.918392103323,-2.362552494355873,0.09407716849265538,0.05708362145048325
mid,1.3395595741637356,274.918392103323,-2.3582398175342725,0.09379401732082132,0.06343399927644046
mid,1.473527207152974,274.918392103323,-2.3534715123225545,0.09347963559291585,0.06978660273949884
mid,1.6074986551755184,274.91839210332296,-2.348247046960392,0.0931335668466613,0.07614159781225564
mid,1.7414744706271037,274.918392103323,-2.3425658496144224,0.09275530179712232,0.08249908337295626
mid,1.8754537051459141,274.91839210332296,-2.33642731751763,0.09234427609786858,0.08885905378817822
mid,2.0094368949680743,274.918392103323,-2.3298307480377467,0.09189985858386536,0.0952215291927531
mid,2.1434265429112993,274.91839210332296,-2.322775367540159,0.09142134870948729,0.10158656274949056
mid,2.2774205358348536,274.91839210332296,-2.315260417977517,0.09090799246517271,0.10795394985042975
mid,2.41141901803114,274.91839210332296,-2.30728503584682,0.09035895361178294,0.11432352602610864
mid,2.5454248538936084,274.91839210332296,-2.298848241869045,0.08977331162458003,0.12069517473562301
mid,2.67943689192671,274.91839210332296,-2.2899490810533307,0.08915008258099959,0.127068525291139
mid,2.813454431004137,274.91839210332296,-2.280586551024088,0.08848819541577703,0.1334431411993916
mid,2.9474787831435743,274.918392103323,-2.270759492951141,0.08778648226897728,0.13981858491320523
mid,3.0815123102753588,274.91839210332296,-2.2604667015186557,0.087043680370583,0.14619435272198797
mid,3.2155524256553867,274.91839210332296,-2.2497070442898575,0.08625845532520593,0.15256961220975995
mid,3.349599347952237,274.91839210332296,-2.2384792391104305,0.08542935639052718,0.15894353255339982
mid,3.483656736500581,274.91839210332296,-2.226781853616234,0.0845548126429347,0.1653152895845812
mid,3.6177231462673567,274.91839210332296,-2.2146135617406495,0.08363317538888018,0.1716836866958691
mid,3.751797578660325,274.91839210332296,-2.201973046187416,0.08266268181730375,0.17804737932904857
mid,3.88588059246844,274.91839210332296,-2.1888587653919345,0.08164144336648312,0.1844049263698712
mid,4.019977244088682,274.9183921033229,-2.1752691009925864,0.08056742846893244,0.19075486634222963
mid,4.154083241615374,274.91839210332296,-2.1612026943545746,0.07943854889909863,0.1970951342039285
mid,4.288198910428777,274.91839210332296,-2.146658109181854,0.0782525628014587,0.20342362808969516
mid,4.4223259498301,274.9183921033229,-2.1316336779517986,0.07700709489270507,0.209738072023267
mid,4.556467844003055,274.91839210332296,-2.116127796659587,0.07569963754669483,0.21603597943295638
mid,4.690620910342912,274.91839210332296,-2.1001391670929257,0.07432761934751811,0.2223142799675436
mid,4.824785553633626,274.91839210332296,-2.0836664407393637,0.07288831919881994,0.22856976336138612
mid,4.958963584294198,274.91839210332296,-2.0667080797281634,0.07137888759614808,0.23479896264491398
mid,5.093158836368335,274.91839210332296,-2.0492627010763527,0.06979635515892067,0.2409981176812827
mid,5.22736737665434,274.9183921033229,-2.0313293781669928,0.0681377258717474,0.247162778872423
mid,5.361589703875245,274.9183921033229,-2.0129072680653395,0.06639988033466823,0.253288271227455
mid,5.495826346603718,274.9183921033229,-1.9939953832655386,0.06457961656392665,0.25936952868118746
mid,5.630083790300516,274.9183921033229,-1.974592903889345,0.06267362399362701,0.26540124539576926
mid,5.764357297372448,274.9183921033229,-1.9546997662876233,0.060678671409611036,0.2713772132780915
mid,5.898647158375653,274.91839210332296,-1.934316194690106,0.058591469621179344,0.2772909292733124
mid,6.032954017325278,274.9183921033229,-1.91344254680861,0.056408733214642695,0.28313541951902077
mid,6.167280102675232,274.9183921033229,-1.8920793863734993,0.054127193785541976,0.28890326325965976
mid,6.301629338708839,274.9183921033229,-1.870227865107446,0.05174364692040813,0.29458654855003563
mid,6.435997911588375,274.9183921033229,-1.847890098324836,0.04925509493933242,0.30017654395293414
mid,6.570386599815207,274.9183921033229,-1.8250686986038678,0.046658642695946856,0.30566415024531846
mid,6.704796224716084,274.91839210332296,-1.8017667984292303,0.04395158181636036,0.3110397417417598
mid,6.839227652406067,274.91839210332296,-1.7779880352421746,0.041131424454942944,0.3162931826188877
mid,6.973686816194496,274.9183921033229,-1.75373678969147,0.03819590795456676,0.3214139665970146
mid,7.108170552863104,274.9183921033229,-1.7290188456017144,0.0351432266600829,0.3263907729011746
mid,7.242679009913703,274.9183921033229,-1.7038409429815817,0.03197192159496259,0.33121192692150553
mid,7.377213223603423,274.91839210332296,-1.6782106422006806,0.028680942214188588,0.33586535022500286
mid,7.511774284544821,274.9183921033229,-1.6521365538818535,0.025269712740469658,0.3403385651490771
mid,7.646363340137604,274.91839210332296,-1.6256284320400618,0.02173818178001295,0.344618739727733
mid,7.780981597099994,274.9183921033229,-1.598697007237988,0.018086849385606688,0.34869275116722437
mid,7.9156344371689755,274.91839210332296,-1.571354244640311,0.014316781113071393,0.3525473292735029
mid,8.050319378395956,274.91839210332296,-1.5436139113877076,0.010429827867524173,0.3561687921930634
mid,8.185037317861829,274.9183921033229,-1.5154910684012939,0.006428494254344268,0.3595434675017736
mid,8.319789685062265,274.91839210332296,-1.4870019694995242,0.0023159917042560735,0.3626576669747684
mid,8.454577980990988,274.91839210332296,-1.4581642467090568,-0.0019037158933066858,0.36549775522610084
mid,8.589403781248075,274.9183921033229,-1.4289969434060512,-0.00622588811811009,0.368050236133467
mid,8.724268739269554,274.9183921033229,-1.3995205192688953,-0.010644991364019259,0.3703018422546023
mid,8.859174589681809,274.9183921033229,-1.3697568452970699,-0.015154688509068683,0.3722396269082776
mid,8.994123151784153,274.9183921033229,-1.3397291886053835,-0.019747835236132827,0.37385105810439323
mid,9.129116333162552,274.91839210332296,-1.3094621868302878,-0.024416483234445056,0.3751241134842178
mid,9.26415613343748,274.91839210332296,-1.278981812130527,-0.02915189045336146,0.3760473754179544
mid,9.399244648149299,274.91839210332296,-1.2483153248408063,-0.033944538499172026,0.37661012541998273
mid,9.534384072782998,274.9183921033229,-1.2174912169526346,-0.03878415717766968,0.37680243705682714
mid,9.669576706935489,274.9183921033229,-1.1865391456875485,-0.0436597561276235,0.37661526655346345
mid,9.804824958626908,274.9183921033229,-1.1554898575211703,-0.04855966343114993,0.37604054034063983
mid,9.940131348759044,274.9183921033229,-1.1243751030579883,-0.053471571027061335,0.37507123883009075
mid,10.075498515720422,274.91839210332296,-1.0932275432256713,-0.05838258670069817,0.37370147574524665
mid,10.210929220141313,274.91839210332296,-1.0620806473005182,-0.0632792923940524,0.3719265723857873
mid,10.346426349797387,274.91839210332296,-1.030968583287247,-0.06814780853379719,0.3697431262515685
mid,10.481992924663832,274.9183921033229,-0.9999256264809563,-0.07297390916857421,0.3671490368882816
mid,10.61763858884334,274.91839210332296,-0.9689863814506694,-0.07774314104057,0.3641436122717641
mid,10.75336427167088,274.91839210332296,-0.9381866514951204,-0.08244062425629982,0.36072752244651507
mid,10.889170876406483,274.91839210332296,-0.9075625682621169,-0.08705130815391965,0.3569030378980381
mid,11.025062111047456,274.91839210332296,-0.8771500032627596,-0.09156014205145489,0.352673950948281
mid,11.161041847748542,274.91839210332296,-0.8469834291397612,-0.09595221524702557,0.34804542026322893
mid,11.297130516920602,274.91839210332296,-0.8170974482248081,-0.10021289119015239,0.34302418049862565
mid,11.433318950617915,274.91839210332296,-0.7875283323803337,-0.10432723938622707,0.33761848733442335
mid,11.569610762379392,274.91839210332296,-0.7583097358366223,-0.1082809474670981,0.3318383290295466
mid,11.706029345864847,274.91839210332296,-0.72947433587134,-0.11206035806569797,0.32569497711021167
mid,11.842568776899846,274.918392103323,-0.7010556779208366,-0.11565187401852249,0.31920118196796154
mid,11.979238499561843,274.9183921033229,-0.6730847002537196,-0.11904277862416715,0.3123713432003594
mid,12.116057466593393,274.91839210332296,-0.6455916297312292,-0.12222112665173164,0.3052210606576392
mid,12.253021943235742,274.91839210332296,-0.6186056083988063,-0.12517551697938334,0.2977672764725074
mid,12.3901565816776,274.918392103323,-0.592153441207569,-0.12789576374313796,0.2900282813062176
mid,12.52746634408069,274.918392103323,-0.5662618175753908,-0.13037237720793882,0.282023476940625
mid,12.664958362004514,274.918392103323,-0.5409537390849709,-0.1325970298766077,0.2737733639181166
mid,12.802670597659343,274.918392103323,-0.5162503737229712,-0.13456275070539947,0.2652991193100733
mid,12.940602536526596,274.91839210332296,-0.49217280183914325,-0.13626332350771947,0.25662296949804275
mid,13.078775701352068,274.918392103323,-0.46873848343862007,-0.13769403641173797,0.2477681306163778
mid,13.217214645917394,274.91839210332296,-0.4459623434125837,-0.13885142822150717,0.2387579307157166
mid,13.3559460975249,274.91839210332296,-0.4238570685052524,-0.13973331634348035,0.2296161033821836
mid,13.494999043915339,274.918392103323,-0.4024330813808747,-0.14033881588660244,0.22036667718016512
mid,13.63440480586597,274.91839210332296,-0.3816985194729772,-0.14066834741596365,0.21103384325595542
mid,13.774197090985583,274.91839210332296,-0.3616574690567364,-0.14072358582527636,0.20164138568321227
mid,13.914440516480859,274.91839210332296,-0.3423124613652231,-0.14050755108155946,0.1922126827854867
mid,14.055160594743917,274.91839210332296,-0.3236632523790124,-0.1400241747766366,0.1827707479109148
mid,14.196444639878003,274.91839210332296,-0.30570594012331276,-0.13927878148754924,0.1733377471291922
mid,14.338346420570799,274.918392103323,-0.2884353911949165,-0.13827738930351474,0.163934868234466
mid,14.480956012397678,274.918392103323,-0.2718426346589028,-0.13702707841550538,0.15458240476726898
mid,14.624370598411932,274.91839210332296,-0.2559152638485839,-0.1355354262164316,0.14529871502073774
mid,14.768729976134098,274.918392103323,-0.24063904640710393,-0.1338105829940179,0.13610056412241278
mid,14.9141581879322,274.91839210332296,-0.22599781147701256,-0.13186092786597936,0.12700332605875608
mid,15.060836381180703,274.91839210332296,-0.2119722766114106,-0.1296951017220901,0.11802057606232538
mid,15.208956757725744,274.918392103323,-0.1985415440983581,-0.12732150581588508,0.1091638053358763
mid,15.358760930947382,274.91839210332296,-0.18568397978149415,-0.12474846616159045,0.10044302576139116
mid,15.510491008623461,274.91839210332296,-0.17337975603180475,-0.12198431533850176,0.09186770787556464
mid,15.664394231384653,274.91839210332296,-0.16161130466282733,-0.11903792840505778,0.08344796082772368
mid,15.820696460108339,274.918392103323,-0.15036775204718947,-0.11591959191245993,0.07519619564378269
mid,15.979507947018943,274.918392103323,-0.1396473555394283,-0.11264259900549069,0.06712991310790827
mid,16.14079198475979,274.918392103323,-0.12945595738978583,-0.10922479602305375,0.059273150182776034
mid,16.304327092698706,274.918392103323,-0.11980356131201006,-0.10568919252494156,0.05165580025717205
mid,16.46972796126989,274.91839210332296,-0.1106972353405852,-0.10206325106766287,0.044310654871565214
mid,16.63653711266441,274.91839210332296,-0.10213516896024219,-0.09837651005472216,0.03726838727509836
mid,16.804314533883872,274.91839210332296,-0.09410481201928238,-0.09465757327633101,0.030552912975529922
mid,16.972708982284118,274.91839210332296,-0.08658470015673955,-0.0909317739975068,0.024178975716040392
mid,17.141471633408372,274.91839210332296,-0.0795481271069822,-0.08722014968865485,0.018152313864218853
mid,17.31044260488889,274.91839210332296,-0.07296619036700185,-0.08353958950369361,0.012471485416042028
mid,17.479525797143143,274.91839210332296,-0.06680979210789628,-0.07990349958291432,0.007130040567627399
mid,17.648667394591694,274.918392103323,-0.06105073678166661,-0.0763225545346898,0.0021183745273909427
mid,17.8178382519262,274.91839210332296,-0.055662268855397254,-0.07280533106058149,-0.002574931883541413
mid,17.98702326541348,274.91839210332296,-0.05061925103002426,-0.06935877787676083,-0.006962233368518249
mid,18.156214943197238,274.91839210332296,-0.045898195820027854,-0.06598853866047993,-0.011056285547251113
mid,18.325409637174737,274.91839210332296,-0.04147721481497182,-0.06269917964786159,-0.01486992136419455
mid,18.49460566402571,274.91839210332296,-0.03733593226927828,-0.05949435392847234,-0.018415857842009536
mid,18.663802259892467,274.91839210332296,-0.03345538844207392,-0.056376926810327986,-0.02170657898551933
mid,18.832999091249935,274.91839210332296,-0.029817939790509278,-0.053349077630532586,-0.024754262179025988
mid,19.00219601749063,274.91839210332296,-0.02640716246272959,-0.05041238590002443,-0.027570730944510215
mid,19.171392980539398,274.918392103323,-0.023207760530108985,-0.0475679067946573,-0.030167423699438815
mid,19.34058995754627,274.91839210332296,-0.020205479759426957,-0.04481623843152087,-0.03255537311222946
mid,19.50978693966076,274.91839210332296,-0.017387027155740968,-0.04215758237493898,-0.034745192915522
mid,19.678983923591474,274.91839210332296,-0.014739996216552781,-0.039591798213784356,-0.03674707028401428
mid,19.848180908149903,274.91839210332296,-0.012252797746184842,-0.037118452750689576,-0.03857076255172326
mid,20.017377892917583,274.91839210332296,-0.009914596070260923,-0.034736864259305486,-0.04022559738132338
mid,20.186574877753458,274.9183921033229,-0.0077152504202520275,-0.032446142180442214,-0.04172047569633562
mid,20.355771862610755,274.91839210332296,-0.005645261244842796,-0.030245222590861317,-0.043063876819446914
mid,20.524968847474568,274.91839210332296,-0.00369572118966173,-0.028132899765638944,-0.04426386535066757
mid,20.69416583234031,274.91839210332296,-0.0018582705073597189,-0.02610785416746353,-0.04532809939431641
mid,20.863362817206667,274.91839210332296,-0.00012505661890480774,-0.02416867712579597,-0.04626383980351742
mid,21.032559802073127,274.9183921033229,0.0015113024202120968,-0.022313892472920586,-0.04707796016874072
mid,21.201756786939686,274.9183921033229,0.0030577507839219323,-0.020541975409662065,-0.04777695731055788
mid,21.370953771806192,274.91839210332296,0.004520824313878714,-0.018851368793986936,-0.0483669620900396
mid,21.54015075667275,274.91839210332296,0.005906676737841673,-0.017240497075196218,-0.04885375038413912
mid,21.709347741539315,274.9183921033229,0.007221102868521345,-0.015707778062940325,-0.04924275409094413
mid,21.87854472640582,274.9183921033229,0.008469558972988539,-0.014251632664774458,-0.04953907207390914
mid,22.04774171127238,274.91839210332296,0.009657180482270194,-0.01287049275960956,-0.049747480966766025
mid,22.21693869613894,274.9183921033229,0.01078879717595065,-0.011562807316531833,-0.04987244578958404
mid,22.3861356810055,274.91839210332296,0.011868945991182989,-0.010327046849128399,-0.0499181303465253
mid,22.555332665872008,274.9183921033229,0.012901881572781496,-0.009161706311118286,-0.04988840738494374
mid,22.724529650738567,274.9183921033229,0.013891584673822864,-0.008065306472421693,-0.04978686852423542
mid,22.893726635605127,274.9183921033229,0.014841768500196563,-0.007036393834506573,-0.04961683397713423
mid,23.062923620471636,274.9183921033229,0.01575588308865993,-0.006073539141643044,-0.04938136209549912
mid,23.232120605338196,274.9183921033229,0.016637117800388866,-0.005175334493495068,-0.04908325879511401
mid,23.401317590204755,274.9183921033229,0.017488402010113216,-0.004340389079155453,-0.04872508692282795
mid,23.570514575071314,274.9183921033229,0.018312404079428045,-0.0035673235531183504,-0.04830917565330363
mid,23.739711559937824,274.9183921033229,0.019111528699187134,-0.0028547630647139943,-0.04783763001530894
mid,23.908908544804383,274.9183921033229,0.019887912698189382,-0.0022013289508892343,-0.047312340653664034
mid,24.078105529670943,274.91839210332296,0.020643419437086977,-0.0016056291196670201,-0.046734993959842853
mid,24.247302514537452,274.9183921033229,0.021379631946110655,-0.0010662471497008379,-0.04610708271633948
mid,24.41649949940401,274.91839210332296,0.02209784497475338,-0.0005817301678576053,-0.04542991740140966
mid,24.58569648427057,274.9183921033229,0.02279905615284246,-0.00015057561186642386,-0.04470463831812853
mid,24.75489346913708,274.9183921033229,0.02348395656208681,0.00022878304984145365,-0.04393222872481806
mid,24.92409045400364,274.9183921033229,0.024152921039335203,0.0005579914472533427,-0.04311352912172982
mid,25.0932874388702,274.9183921033229,0.024805998589815546,0.0008387900503529413,-0.042249252855956876
mid,25.262484423736705,274.9183921033229,0.0254429034130483,0.0010730302685740458,-0.041340003189542014
mid,25.431681408603264,274.9183921033229,0.026063007112258542,0.0012626905275939255,-0.04038629192864106
mid,25.600878393469827,274.9183921033229,0.026665332732719038,0.0014098918647537269,-0.039388559675936644
mid,25.770075378336387,274.9183921033229,0.027248551433254845,0.0015169125206849193,-0.0383471976959583
mid,25.939272363202893,274.9183921033229,0.027810982649843757,0.0015862008394941906,-0.037262571283300815
mid,26.108469348069452,274.9183921033229,0.028350598756093894,0.001620385765347192,-0.03613504441414525
mid,26.27766633293601,274.9183921033229,0.028865035303206076,0.0016222840519354974,-0.03496500529836029
mid,26.44686331780252,274.9183921033229,0.029351608014141852,0.0015949032096931213,-0.03375289226877221
mid,26.61606030266908,274.9183921033229,0.029807337800209704,0.001541439200535697,-0.0324992192287213
mid,26.78525728753564,274.9183921033229,0.030228985030629547,0.001465267721983527,-0.031204599604469755
mid,26.9544542724022,274.9183921033229,0.030613094337590296,0.0013699279950488133,-0.029869767473054937
mid,27.12365125726871,274.9183921033229,0.030956051124966306,0.0012590979534871398,-0.028495594210425947
mid,27.292848242135268,274.9183921033229,0.03125415079819885,0.0011365598057497131,-0.02708309867505209
mid,27.462045227001777,274.9183921033229,0.031503681500052824,0.0010061551297083947,-0.02563344859997235
mid,27.631242211868337,274.9183921033229,0.03170102078148309,0.000871728899975198,-0.024147950534554045
mid,27.800439196734896,274.9183921033229,0.031842746162382335,0.0007370621712711071,-0.022628025436076712
mid,27.969636181601455,274.9183921033229,0.031925758969241644,0.0006057935932489164,-0.02107516678823765
mid,28.138833166467965,274.9183921033229,0.031947420148176954,0.0004813304914221626,-0.019490878069240502
mid,28.308030151334524,274.9183921033229,0.03190569592479513,0.00036675083586191906,-0.017876586519065964
mid,28.477227136201083,274.9183921033229,0.03179931033562408,0.00026469812183554497,-0.01623353046528293
mid,28.646424121067593,274.9183921033229,0.031627900777100953,0.00017727189435632219,-0.0145626181197843
mid,28.815621105934152,274.91839210332296,0.0313921718805395,0.00010591726542814959,-0.012864256691673077
mid,28.98481809080071,274.9183921033229,0.031094042378081138,5.131731707927294e-05,-0.011138152014627655
mid,29.15401507566727,274.9183921033229,0.030736779279337545,1.3292609412065767e-05,-0.009383080611765834
mid,29.32321206053378,274.9183921033229,0.030325113734717798,-9.288049537412024e-06,-0.007596638203585754
mid,29.492409045400287,274.9183921033229,0.02986533369334031,-1.8581838568417983e-05,-0.005774971091872245
mid,29.6616060302669,274.91839210332296,0.029365349739764374,-1.7828514643625573e-05,-0.003912499487408264
mid,29.830803015133405,274.9183921033229,0.028834733003045072,-1.138789153794749e-05,-0.002001644324137292
mid,29.999999999999964,274.9183921033229,0.028562920841731825,-7.215072962724056e-06,-0.0010748192842171475
outer,-30.000000000000068,298.7730695018225,-1.7940021026592232e-05,-0.00010370102141502557,-0.00024189143232199823
outer,-30.000000000000068,298.6058480946258,-6.091535708502627e-05,-9.031313059336665e-05,-0.0002630903233627564
outer,-30.000000000000068,298.68956815628115,-3.927266015809147e-05,-9.69961389851464e-05,-0.0002528557072965597
outer,-30.000000000000018,298.52190281823334,-8.2837255569111e-05,-8.367967170073423e-05,-0.00027259667231260864
outer,-29.708261952012435,298.52190281823334,-4.433631665424069e-05,-0.00016349781714794734,-0.00032159571252472253
outer,-29.70752503721737,298.6058480946258,-3.1318469939288344e-05,-0.00017903809893634454,-0.0003125920417858547
outer,-29.706787559933932,298.6895681562812,-1.833073752331298e-05,-0.00019483397966967074,-0.0003026773046424533
outer,-29.706049478737864,298.7730695018225,-5.389650525937411e-06,-0.0002108581307767042,-0.0002918398668458422
outer,-29.4165239040248,298.5219028182333,3.6735464658184955e-05,-0.00028422659938928105,-0.0003171994832847374
outer,-29.41505007443467,298.60584809462586,3.4612437182401364e-05,-0.0003195947209758115,-0.00031180502750296764
outer,-29.413575119867794,298.68956815628115,3.280369981603653e-05,-0.0003557718054117681,-0.0003052711132765657
outer,-29.41209895747566,298.7730695018225,3.130277070252034e-05,-0.00039275408039824843,-0.00029757331116846576
outer,-29.124785856037168,298.5219028182333,0.00010206476712986223,-0.00027528226807425286,-0.00014036297803842628
outer,-29.122575111652072,298.6058480946258,8.956545610030496e-05,-0.0003322004743882181,-0.0001435921479605716
outer,-29.12036267980166,298.68956815628115,7.755482516581116e-05,-0.00039060058767960914,-0.00014571437620100825
outer,-29.118148436213456,298.7730695018225,6.602232845839744e-05,-0.00045051583930101835,-0.0001467091709910905
outer,-28.833047808049635,298.52190281823334,0.000133475014427049,-5.049626762037538e-05,0.0001474384152007407
outer,-28.830100148869374,298.60584809462586,0.00011432575453379673,-0.00012624813229990137,0.00013146559312459256
outer,-28.82715023973552,298.6895681562812,9.584038591553429e-05,-0.00020397936276830592,0.00011636099760100075
outer,-28.824197914951252,298.7730695018225,7.801490442076295e-05,-0.0002837325682155426,0.00010212993754512298
outer,-28.541309760062003,298.52190281823334,0.00013958857395876746,0.00045563852401624643,0.0004989941187151365
outer,-28.537625186086675,298.60584809462586,0.00011677457929724937,0.0003667532671376064,0.0004670599110125717
outer,-28.533937799669385,298.68956815628115,9.481871594429765e-05,0.00027567929356480953,0.00043565486432554966
outer,-28.53024739368905,298.7730695018225,7.37268899851155e-05,0.00018238797707175207,0.0004047712438604179
outer,-28.24957171207437,298.52190281823334,0.00013080831430308676,0.0012889630990983987,0.0008832360591646935
outer,-28.24515022330408,298.60584809462586,0.00010638088241770238,0.00119383493253159,0.000833174447509919
outer,-28.24072535960325,298.6895681562812,8.297139707619423e-05,0.001096526751440579,0.0007832959655569042
outer,-28.236296872426845,298.77306950182253,6.0588373794663174e-05,0.0009970252932227379,0.000733587253448792
outer,-27.957833664086735,298.5219028182333,0.00011325284406028596,0.0024773088613694637,0.0012816242945559231
outer,-27.95267526052138,298.6058480946258,8.839328309631547e-05,0.0023828015525453926,0.0012121862042356907
outer,-27.94751291953711,298.6895681562812,6.464970743690892e-05,0.002286239154449548,0.0011426200244572485
outer,-27.94234635116464,298.7730695018225,4.202747830824938e-05,0.0021876172345180345,0.0010729114648940856
outer,-27.666095616099103,298.52190281823334,8.969195249715995e-05,0.004034946429331151,0.0016835960765012262
outer,-27.660200297738683,298.6058480946258,6.501053931995708e-05,0.003947439496293255,0.0015941719960103572
outer,-27.654300479470976,298.68956815628115,4.149359062276953e-05,0.003858062634828504,0.0015043489815251422
outer,-27.648395829902437,298.7730695018225,1.914282741296864e-05,0.003766816643994795,0.0014141133340564264
outer,-27.37435756811157,298.52190281823334,6.132205089533996e-05,0.005967324248218692,0.002083234942322569
outer,-27.367725334955985,298.6058480946258,3.71296124326171e-05,0.005892658965375544,0.001973615567188982
outer,-27.361088039404837,298.6895681562812,1.412091209372808e-05,0.005816346686371667,0.001863361350907429
outer,-27.354445308640233,298.77306950182253,-7.704822067585316e-06,0.005738392209916029,0.0017524596409436866
outer,-27.082619520123938,298.5219028182333,2.8721894027869312e-05,0.008274518348078207,0.002477302500724546
outer,-27.075250372173386,298.6058480946258,5.17954505403111e-06,0.008218051760813166,0.0023475229274495337
outer,-27.067875599338702,298.6895681562812,-1.7176427976381154e-05,0.008160186895304393,0.00221690155343546
outer,-27.06049478737793,298.7730695018225,-3.834858854650288e-05,0.008100931587107459,0.0020854270242172393
outer,-26.790881472136306,298.52190281823334,-7.796339889822035e-06,0.010953397516215277,0.0028641370587804433
outer,-26.782775409390688,298.6058480946258,-3.060814382946104e-05,0.010920069312654929,0.0027143806691799716
outer,-26.774663159272666,298.6895681562812,-5.224095591446678e-05,0.010885609278313516,0.0025635991253458433
outer,-26.766544266115726,298.7730695018225,-7.26987152796536e-05,0.01085002741340362,0.0024117824585704216
outer,-26.499143424148674,298.52190281823334,-4.805754855927418e-05,0.013998968071321324,0.0032430191039157607
outer,-26.49030044660799,298.60584809462586,-7.010416424202068e-05,0.013993367542593178,0.0030735562119597612
outer,-26.48145071920653,298.6895681562812,-9.098506517630622e-05,0.013986914626908872,0.0029029036034536448
outer,-26.472593744853523,298.7730695018225,-0.0001107051908939248,0.0139796208738445,0.0027310526520947912
outer,-26.207405376161038,298.52190281823334,-9.196242921673519e-05,0.017405230385707456,0.003613794077132655
outer,-26.19782548382539,298.60584809462586,-0.0001132356114465086,0.01743165970652378,0.003424942089675161
outer,-26.188238279140393,298.68956815628115,-0.00013335954918740778,0.017457526686616563,0.0032347504436964604
outer,-26.17864322359132,298.77306950182253,-0.0001523398775158391,0.017482843991466962,0.003043211749334611
outer,-25.91566732817351,298.52190281823334,-0.00013945669496898475,0.02116572841308182,0.003976645474142828
outer,-25.905350521042692,298.60584809462586,-0.00015996402557784221,0.021228259170144398,0.0037687430906508932
outer,-25.895025839074258,298.6895681562812,-0.00017934010701182827,0.021290527258617395,0.003559362205510598
outer,-25.884692702329115,298.7730695018225,-0.00019759103618507794,0.021352546150493697,0.00334849652842083
outer,-25.623929280185873,298.5219028182333,-0.00019051676176032838,0.02527390139939671,0.00433195715014949
outer,-25.612875558259994,298.6058480946258,-0.00021027611804157534,0.025376423938679598,0.004105347672351175
outer,-25.60181339900812,298.6895681562812,-0.00022892274478071226,0.02547899306802141,0.0038771289809431727
outer,-25.59074218106691,298.7730695018225,-0.0002464630230233026,0.02558162285236667,0.0036472957301978476
outer,-25.33219123219824,298.5219028182333,-0.00024514360894560376,0.029723307744343973,0.004680228471654591
outer,-25.3204005954774,298.6058480946258,-0.00026418039875330743,0.029869574112276594,0.004435249043463048
outer,-25.308600958941984,298.68956815628115,-0.00028212292820035956,0.0300162065453103,0.004188535300430551
outer,-25.296791659804708,298.7730695018225,-0.000298977730702454,0.030163219561498762,0.003940082680604338
outer,-25.04045318421061,298.5219028182333,-0.00030336053735456094,0.03450776499728832,0.0050220207471981405
outer,-25.0279256326947,298.6058480946258,-0.0003217064724498307,0.034701426447226465,0.004758995523469644
outer,-25.01538851887585,298.6895681562812,-0.0003389762675596146,0.03489578478991888,0.004494114337754978
outer,-25.002841138542504,298.7730695018225,-0.00035517650379016455,0.03509085492775623,0.004227373247920457
outer,-24.748715136222973,298.5219028182333,-0.0003652128077502089,0.03962143338696409,0.00535792217851546
outer,-24.735450669912,298.6058480946258,-0.00038290550059182603,0.03986607341988036,0.005077158147125978
outer,-24.72217607880971,298.6895681562812,-0.0003995397191924512,0.04011175405818901,0.00479441809916731
outer,-24.7088906172803,298.7730695018225,-0.0004151220167279146,0.04035849057375372,0.004509698543474425
outer,-24.456977088235444,298.5219028182333,-0.0004307680390551183,0.04505885985325184,0.005688523678649004
outer,-24.442975707129403,298.6058480946258,-0.00044785107609068495,0.04535802354218364,0.005390308334663823
outer,-24.428963638743575,298.6895681562812,-0.00046389288581265287,0.04565858630099254,0.005089996885044924
outer,-24.414940096018096,298.77306950182253,-0.0004788999361626592,0.045960563811153654,0.004787586121231665
outer,-24.16523904024781,298.5219028182333,-0.0005001167931589535,0.05081499331087897,0.006014401040035217
outer,-24.150500744346704,298.6058480946258,-0.0005166400836902375,0.05117221354078437,0.005699001404934994
outer,-24.135751198677436,298.6895681562812,-0.0005321391120795445,0.05153120823056753,0.005381384115613785
outer,-24.120989574755892,298.7730695018225,-0.0005466202193638407,0.05189199356481945,0.005061546075282036
outer,-23.873500992260176,298.5219028182333,-0.0005733731462483592,0.05688517785586367,0.006336100901975278
outer,-23.858025781564006,298.6058480946258,-0.0005893934360215458,0.057303998997112124,0.0060037635738823675
outer,-23.8425387586113,298.68956815628115,-0.0006044063595921391,0.057724989381173084,0.005669084330608795
outer,-23.82703905349369,298.7730695018225,-0.0006184181163920409,0.0581481658283534,0.005332060010164541
outer,-23.581762944272544,298.52190281823334,-0.0006506749455949257,0.06326512823378277,0.006654129059964703
outer,-23.565550818781308,298.60584809462586,-0.0006662564791278039,0.06374912761163466,0.006305081092947397
outer,-23.549326318545162,298.68956815628115,-0.000680847780696818,0.0642357131319296,0.005953563130186315
outer,-23.533088532231485,298.7730695018225,-0.0006944549046965752,0.06472490243802667,0.005599571766674371
outer,-23.29002489628491,298.5219028182333,-0.0007321838923939547,0.06995089026787904,0.006968940360855956
outer,-23.27307585599871,298.6058480946258,-0.0007473992719629376,0.07050369770990116,0.006603390843326579
outer,-23.256113878479027,298.68956815628115,-0.0007616421854722069,0.071059533300686,0.006235238457837279
outer,-23.23913801096928,298.7730695018225,-0.0007749185492738203,0.07161841575189717,0.005864479378333044
outer,-22.99828684829738,298.5219028182333,-0.0008180855975419392,0.07693878825001213,0.007280929865914592
outer,-22.98060089321601,298.6058480946258,-0.0008330168763753219,0.07756410400175971,0.006899072128811287
outer,-22.962901438412892,298.6895681562812,-0.0008469945638329632,0.07819291828748359,0.006514473009913115
outer,-22.945187489707077,298.7730695018225,-0.0008600244750531331,0.07882525117400699,0.00612712807664181
outer,-22.706548800309694,298.5219028182333,-0.0009085896001923693,0.08422536080059391,0.007590425161334041
outer,-22.688125930433312,298.6058480946258,-0.0009233297054397106,0.08492697205482584,0.00719243955664093
outer,-22.669688998346803,298.6895681562812,-0.0009371368106067465,0.08563258414249095,0.006791567670148949
outer,-22.651236968444874,298.7730695018225,-0.0009500166887175636,0.08634221882865487,0.006387804269593525
outer,-22.41481075232211,298.52190281823334,-0.0010039296355665445,0.09180728612087409,0.007897679774867453
outer,-22.395650967650667,298.60584809462586,-0.0010185842745015945,0.09258908239647853,0.0074837369810972325
outer,-22.376476558280668,298.6895681562812,-0.0010323289740589783,0.09337541755675566,0.00706675596813874
outer,-22.35728644718267,298.77306950182253,-0.0010451695478437967,0.09416631547142268,0.006646730505318242
outer,-22.12307270433448,298.5219028182333,-0.0011043645233753709,0.09968129741151723,0.008202867648131638
outer,-22.10317600486802,298.6058480946258,-0.0011190547125648348,0.10054728510208864,0.007773132490950355
outer,-22.083264118214583,298.6895681562812,-0.001132861428335307,0.10141838966231795,0.007340199566853188
outer,-22.063335925920466,298.77306950182253,-0.0011457906433586587,0.10229463753626966,0.006904061436386628
outer,-21.831334656346844,298.5219028182333,-0.0012101799927828616,0.10784408892860252,0.008506078530651561
outer,-21.81070104208532,298.60584809462586,-0.0012250454040919935,0.10879840537035407,0.008060714311633799
outer,-21.790051678148448,298.6895681562812,-0.0012390583903003453,0.10975846117977951,0.007611984651857747
outer,-21.769385404658262,298.7730695018225,-0.001252225249527443,0.11072428591455101,0.007159880675758616
outer,-21.539596608359314,298.52190281823334,-0.0013216919296809224,0.1162922124525696,0.008807313993502736
outer,-21.51822607930272,298.60584809462586,-0.0013368953114845927,0.11733913988988053,0.008346487316731755
outer,-21.49683923808231,298.6895681562812,-0.0013512833816491307,0.11839247876735177,0.007882118923086021
outer,-21.47543488339606,298.77306950182253,-0.0013648629811204432,0.11945226238686174,0.007414198250278486
outer,-21.24785856037168,298.52190281823334,-0.0014392518037964139,0.12502196322566833,0.009106483487236524
outer,-21.225751116520023,298.60584809462586,-0.0014549847422193549,0.12616594312995316,0.008630369606038128
outer,-21.20362679801612,298.68956815628127,-0.001469947404295395,0.12731706179953384,0.008150528672147495
outer,-21.181484362133855,298.77306950182253,-0.0014841474603072627,0.1284753570172992,0.007666948152409831
outer,-20.956120512384047,298.52190281823334,-0.0015632550397747871,0.13402925358025183,0.009403399490087363
outer,-20.933276153737324,298.6058480946258,-0.0015797453545146473,0.13527490180907684,0.008912188222454799
outer,-20.910414357949985,298.6895681562812,-0.0015955206812876058,0.13652847782737615,0.008417055042410585
outer,-20.88753384087165,298.77306950182253,-0.0016105898975969646,0.13779002476401053,0.007917985118980654
outer,-20.664382464396414,298.5219028182334,-0.001694153423898559,0.1433094706141693,0.009697770298236846
outer,-20.640801190954626,298.60584809462586,-0.0017116745567854821,0.14466159383225738,0.009191672577071701
outer,-20.6172019178839,298.6895681562812,-0.0017285491516699017,0.14602250298448718,0.008681448073104316
outer,-20.593583319609397,298.7730695018225,-0.0017447877709199852,0.14739224758817868,0.008167079276395518
outer,-20.37264441640878,298.52190281823334,-0.0018324728895724104,0.15285731230963723,0.009989188307773587
outer,-20.348326228171977,298.6058480946259,-0.0018513555990414404,0.15432092605625067,0.009468443472628443
outer,-20.32398947781776,298.6895681562812,-0.0018696769649684877,0.15579426166376237,0.008943356463405897
outer,-20.299632798347194,298.77306950182253,-0.001887449848845514,0.15727737629503757,0.008413906636717788
outer,-20.080906368421196,298.52190281823334,-0.00197883818741032,0.16266659368937778,0.010277110802751274
outer,-20.05585126538933,298.60584809462586,-0.0019994848412058924,0.16424694226557326,0.00974199479674119
outer,-20.030777037751626,298.6895681562812,-0.0020196764696518155,0.16583803659971907,0.009202310179190869
outer,-20.00568227708504,298.7730695018225,-0.0020394290007779495,0.16743994304472712,0.008658032629951594
outer,-19.789168320433564,298.52190281823334,-0.002134006278508724,0.172730010749594,0.010560829123139263
outer,-19.76337630260663,298.60584809462586,-0.002156907963066862,0.17443258872600828,0.010011663821574042
outer,-19.73756459768549,298.6895681562812,-0.0021794873298692993,0.17614703638392898,0.009457691925288059
outer,-19.711731755822786,298.77306950182253,-0.0022017643159632783,0.17787343118450993,0.008898884793945815
outer,-19.497430272445982,298.5219028182334,-0.0022989105062077436,0.18303884499934586,0.010839420730448121
outer,-19.470901339824035,298.60584809462586,-0.0023246670222834206,0.18486941957788172,0.010276584705087737
outer,-19.444352157619353,298.6895681562812,-0.0023502665218942814,0.18671310207631614,0.009708692175371604
outer,-19.417781234560582,298.77306950182253,-0.0023757340942515137,0.1885699834561576,0.00913570942732659
outer,-19.20569222445835,298.52190281823334,-0.0024747177057421604,0.1935825851877584,0.011111677028264176
outer,-19.178426377041337,298.60584809462586,-0.002504060245195776,0.19554721780868678,0.01053561817033364
outer,-19.151139717553217,298.6895681562812,-0.0025334508199311087,0.19752632776299742,0.009954240861700235
outer,-19.123830713298428,298.77306950182253,-0.0025629210175503944,0.19952002251186893,0.009367505452949725
outer,-18.913954176470714,298.52190281823334,-0.0026629004265337486,0.2043484351212051,0.01137599778451398
outer,-18.88595141425864,298.6058480946259,-0.0026967164022214454,0.2064534994347751,0.010787248339006246
outer,-18.85792727748708,298.6895681562812,-0.0027308332413189806,0.2085745613857068,0.010192906871410064
outer,-18.829880192036224,298.77306950182253,-0.0027652905715292164,0.21071174869474057,0.009592926841855164
outer,-18.622216128483185,298.5219028182333,-0.0028653264422890262,0.21532066656662913,0.011630240725477137
outer,-18.59347645147599,298.60584809462586,-0.0029046854574923814,0.21757285815389907,0.011029435461240238
outer,-18.564714837421047,298.6895681562812,-0.0029446546119066136,0.21984274131114168,0.010422754294231958
outer,-18.53592967077402,298.77306950182253,-0.002985283297341039,0.22213046869276604,0.009810142785837105
outer,-18.3304780804955,298.5219028182334,-0.0030843671157282718,0.22647976474154272,0.011871512241321568
outer,-18.30100148869334,298.60584809462586,-0.0031305463969509215,0.22888609566729537,0.011259410702464265
outer,-18.27150239735486,298.6895681562812,-0.003177710496153764,0.23131201138832372,0.010641141842302214
outer,-18.241979149511767,298.77306950182253,-0.0032259204128075314,0.2337576952627758,0.01001664234128094
outer,-18.038740032507917,298.5219028182334,-0.0033230255879808032,0.23780129977315895,0.01209588219674132
outer,-18.008526525910643,298.6058480946259,-0.0033775324667274023,0.2403690679287114,0.01147339625654676
outer,-17.97828995728872,298.6895681562812,-0.0034334728755350125,0.24295854155426364,0.010844449046305306
outer,-17.948028628249613,298.77306950182253,-0.00349092128674907,0.2455699417506438,0.010208967539738559
outer,-17.747001984520285,298.5219028182334,-0.0035850848839010657,0.24925444081090234,0.012298002603966324
outer,-17.716051563127994,298.6058480946259,-0.0036496729221929397,0.25199116011090567,0.011666230891051406
outer,-17.685077517222634,298.6895681562812,-0.0037162246906763327,0.25475196265545846,0.011027709738773324
outer,-17.65407810698736,298.7730695018226,-0.0037848298765011043,0.2575371157413648,0.010382355948768962
outer,-17.455263936532653,298.5219028182334,-0.003875274389208566,0.2608000102038463,0.012470606537159042
outer,-17.42357660034535,298.6058480946259,-0.003951948708587484,0.263713282696192,0.011830877716283883
outer,-17.39186507715645,298.6895681562812,-0.0040312035617227,0.26665330269193516,0.011184130111732749
outer,-17.360127585725206,298.77306950182253,-0.0041131452639584995,0.2696203936470727,0.010530270548503064
outer,-17.16352588854507,298.5219028182334,-0.004199451720333688,0.2723879526209374,0.012603859913175308
outer,-17.131101637562647,298.6058480946259,-0.0042904578984404515,0.2754852574213124,0.011957787326182613
outer,-17.09865263709031,298.6895681562812,-0.00438474927047558,0.2786122868052474,0.01130446509962027
outer,-17.066177064462952,298.7730695018226,-0.004482449604849226,0.28176943184965153,0.010643791363693603
outer,-16.871787840557435,298.5219028182334,-0.004564794961232979,0.2839540681850964,0.012684534823202684
outer,-16.83862667477995,298.60584809462586,-0.004672584644741483,0.2872424346144802,0.012034085606668646
outer,-16.805440197024225,298.6895681562812,-0.004784447564361249,0.29056383464305513,0.011376223093036777
outer,-16.7722265432007,298.77306950182265,-0.00490052482641129,0.293918739795258,0.010710839672404271
outer,-16.580049792569852,298.52190281823334,-0.004979998440333318,0.29541582893686835,0.012694968690457692
outer,-16.546151711997304,298.6058480946259,-0.00510716365555916,0.29890135211309354,0.012042551181707037
outer,-16.512227756958037,298.6895681562812,-0.005239261049423419,0.302423555831848,0.011382664767726175
outer,-16.478276021938495,298.7730695018226,-0.005376447608318652,0.3059830058941882,0.010715201512380618
outer,-16.28831174458222,298.5219028182334,-0.005455463780170221,0.306667063690269,0.012611768208234092
outer,-16.253676749214655,298.6058480946259,-0.0056046308593706365,0.3103542098491997,0.011960342225992807
outer,-16.21901531689195,298.68956815628127,-0.0057596368629249245,0.314082006126119,0.01130155664732245
outer,-16.18432550067629,298.7730695018226,-0.005920651372800796,0.31785112679003,0.010635312120105558
outer,-15.996573696594586,298.5219028182334,-0.0060034772046468066,0.3175712558221099,0.012404210126666718
outer,-15.961201786431955,298.6058480946259,-0.006177150524882186,0.32146189124904756,0.011757425477913475
outer,-15.925802876825815,298.68956815628127,-0.006357580655069979,0.32539742145190204,0.011103633152307307
outer,-15.890374979414087,298.7730695018226,-0.0065449440953551374,0.32937864271757356,0.010442756137191284
outer,-15.704835648607004,298.5219028182334,-0.006638365432824825,0.32795314935555747,0.012032280708306184
outer,-15.668726823649308,298.6058480946259,-0.006838710829085021,0.33204521037772516,0.011394649902088924
outer,-15.63259043675968,298.6895681562812,-0.007046688583438439,0.3361865916137834,0.010750710392208318
outer,-15.596424458151883,298.7730695018226,-0.007262473419113728,0.3403782227732712,0.010100427842034576
outer,-15.413097600619421,298.5219028182334,-0.007376626551913908,0.33758829639536886,0.01144427937946528
outer,-15.37625186086666,298.6058480946259,-0.007605184626550528,0.3418739969445924,0.010821390770081929
outer,-15.339377996693543,298.68956815628127,-0.007842134547699282,0.3462134637804674,0.010193377926711433
outer,-15.30247393688968,298.77306950182253,-0.008087636859064405,0.35060776714867337,0.009560278325181151
outer,-15.12135955263179,298.5219028182334,-0.008237041033375726,0.3461900951789299,0.010573884646749243
outer,-15.083776898084013,298.6058480946259,-0.008494362029747862,0.3506535404796205,0.009972661550400913
outer,-15.046165556627457,298.6895681562812,-0.008760620753592768,0.35517496763027717,0.009368165495760819
outer,-15.008523415627527,298.77306950182253,-0.009035946664670565,0.35975558726670254,0.0087605465683787
outer,-14.829621504644207,298.52190281823334,-0.00924078429952973,0.35339374902568743,0.00933653235426296
outer,-14.791301935301364,298.6058480946259,-0.009525979261988199,0.3580077845164472,0.008765541047214331
outer,-14.75295311656132,298.68956815628127,-0.00982031923327488,0.36268341105290547,0.008194029922037036
outer,-14.714572894365324,298.7730695018226,-0.010123880229680048,0.3674219681503347,0.007622317875991755
outer,-14.537883456656726,298.5219028182334,-0.010411589152315617,0.35873639875313756,0.007624870821356766
outer,-14.498826972518767,298.60584809462586,-0.010721798128433449,0.36345846370699664,0.0070946735769163854
outer,-14.459740676495336,298.68956815628127,-0.011040864933728044,0.3682445752292714,0.006567913772149339
outer,-14.420622373103221,298.7730695018226,-0.011368783089973467,0.3730961730516142,0.006045155749750911
outer,-14.246145408669499,298.5219028182334,-0.011776044561628396,0.36163240544994973,0.005302902776326279
outer,-14.206352009736527,298.6058480946259,-0.012105834191437237,0.36639906448200993,0.004826436614496721
outer,-14.166528236429606,298.6895681562812,-0.012443510583910418,0.3712302849749951,0.004358955396039116
outer,-14.126671851841476,298.7730695018226,-0.012788947288407307,0.37612755246349855,0.003901373006625186
outer,-13.954407360683494,298.5219028182334,-0.01336417122989686,0.3613423233000298,0.0021981361992785553
outer,-13.913877046955458,298.6058480946259,-0.01370489838816712,0.3660619838790296,0.0017910628726803962
outer,-13.873315796365098,298.68956815628127,-0.014051634608363145,0.3708436463339005,0.0014006026190014204
outer,-13.83272133058085,298.77306950182265,-0.014404085046773856,0.3756887478565742,0.0010281607686616484
outer,-13.66266931270156,298.5219028182334,-0.015210381181781817,0.35693343536504574,-0.0019094674322391175
outer,-13.62140208417851,298.6058480946259,-0.015549602876797113,0.36147646468040195,-0.0022285740050902864
outer,-13.580103356304711,298.68956815628127,-0.0158918025789357,0.36607419677539293,-0.0025207412279500963
outer,-13.538770809324447,298.7730695018226,-0.016236454543581105,0.37072786050014933,-0.0027838766044788327
outer,-13.370931264733978,298.5219028182334,-0.017354795909958087,0.34722875019685084,-0.007304031774177572
outer,-13.328927121416013,298.6058480946259,-0.017675921627321893,0.3514136521888596,-0.007513990053947858
outer,-13.286890916258828,298.68956815628127,-0.017995614292763612,0.3556386705555216,-0.007683224645415085
outer,-13.244820288082549,298.7730695018226,-0.018313039431605695,0.35990454328789917,-0.00780868058302038
outer,-13.07919321681479,298.5219028182334,-0.019841868423460324,0.3307409892512302,-0.01435981703676599
outer,-13.036452158702065,298.6058480946259,-0.02012424140133879,0.3343143684433002,-0.014438416959762133
outer,-12.99367847626185,298.6895681562812,-0.020399331610344636,0.33790181191629204,-0.01445818684019419
outer,-12.950869766889808,298.7730695018226,-0.020665927007653698,0.341503004151345,-0.014414715130793967
outer,-12.787455169053663,298.52190281823334,-0.022708091189172615,0.3055902782232018,-0.0235848868464944
outer,-12.743977196147043,298.6058480946259,-0.02292768200157505,0.30819726788956664,-0.023513810727229648
outer,-12.70046603642451,298.6895681562812,-0.02313331207592255,0.3107734256923375,-0.023360835068824477
outer,-12.656919245857623,298.77306950182253,-0.02332352596642407,0.3133160399600987,-0.023119669527147918
outer,-12.495717121795877,298.5219028182334,-0.025819192309211675,0.2694418630734418,-0.03567445578047164
outer,-12.45150223409801,298.60584809462586,-0.025932161928782838,0.2705894255950988,-0.03544908398197527
outer,-12.407253597095805,298.6895681562812,-0.026023404508332335,0.2716304277628276,-0.03511412707893806
outer,-12.362968725336666,298.77306950182253,-0.026091741403735193,0.2725567267860481,-0.03466093592470647
outer,-12.20397907608308,298.5219028182334,-0.03507235447618953,0.21818684794468912,-0.052843716502341896
outer,-12.159027273602002,298.60584809462586,-0.035864106703655294,0.2170168193045727,-0.05267188743192932
outer,-12.114041159328165,298.6895681562812,-0.03674260866239729,0.21559056763951642,-0.05238661301063914
outer,-12.069018206384765,298.77306950182253,-0.03772376563849479,0.2138856095940945,-0.05198057915215094
outer,-11.912241035005035,298.5219028182334,-0.07490432967621742,0.1460834982932478,-0.08039020748900444
outer,-11.86655231776487,298.6058480946259,-0.07975702983007332,0.14132462289962083,-0.08096550388487697
outer,-11.820828726243525,298.6895681562812,-0.08516514186787713,0.13606465841266388,-0.08149262765083229
outer,-11.775067692140036,298.77306950182265,-0.09119491925432387,0.13026038108087454,-0.08197277794920071
outer,-11.62050300733677,298.5219028182334,-0.1717101765904106,0.056146703499735454,-0.1205165380631549
outer,-11.574077375407136,298.6058480946259,-0.1844852528778341,0.04756317524155011,-0.12224959935845513
outer,-11.527616306708047,298.6895681562812,-0.198364497439703,0.03833555906300434,-0.12397718487130516
outer,-11.481117191514288,298.7730695018226,-0.2134257154571194,0.028425825341591677,-0.1256987985181135
outer,-11.328765017380011,298.5219028182334,-0.32142395656529427,-0.035530658853638986,-0.16547771421352522
outer,-11.281602470957083,298.6058480946259,-0.3421479886977983,-0.04636270566564621,-0.16756963803319547
outer,-11.234403925276428,298.6895681562812,-0.36403599603659975,-0.057755337857369624,-0.16956139564476574
outer,-11.187166729188831,298.77306950182253,-0.3871024470627454,-0.0697230024823922,-0.17143834427270266
outer,-11.037027130480805,298.52190281823334,-0.49607500347720324,-0.11492401524584317,-0.20366399945178865
outer,-10.98912767010029,298.6058480946259,-0.5215628267623585,-0.12641034987241886,-0.20482314215737346
outer,-10.941191647974337,298.6895681562812,-0.54784951530727,-0.13835097043049152,-0.20574489168532567
outer,-10.893216371529476,298.77306950182253,-0.57489354559231,-0.15075859342220088,-0.20641525605228483
outer,-10.745289515347988,298.52190281823334,-0.6707646982177787,-0.18033140475519344,-0.22908125880667024
outer,-10.696653142422916,298.6058480946259,-0.6977758750054607,-0.19209513388302507,-0.22868489503248562
outer,-10.647979645265716,298.68956815628115,-0.7251548716983961,-0.20430363685361788,-0.22801585374389344
outer,-10.599266289878807,298.77306950182253,-0.7528418137316271,-0.2169720832015801,-0.22708011722526145
outer,-10.453552600771676,298.5219028182334,-0.8329959428619991,-0.23663739214163004,-0.24261591442127656
outer,-10.404179318944319,298.6058480946259,-0.8593994352505657,-0.24884396964515004,-0.240887475515855
outer,-10.354768350400937,298.6895681562812,-0.8858035807985817,-0.26147230428583135,-0.2389706006561924
outer,-10.305316919720054,298.7730695018225,-0.9121405470094285,-0.2745144315153515,-0.23689214910299414
outer,-10.16181742490502,298.5219028182334,-0.9781039618675398,-0.2875302384881612,-0.24820110859262787
outer,-10.111707243215122,298.60584809462586,-1.002590811592094,-0.3000443275975788,-0.2457544862940471
outer,-10.061558812332228,298.6895681562812,-1.0267768760477032,-0.3128483114379065,-0.24325545143665145
outer,-10.011369315411416,298.77306950182253,-1.0505930145712725,-0.3258984475691556,-0.2407385442500854
outer,-9.87008645028159,298.5219028182334,-1.104977058108768,-0.3337221519804979,-0.24966908719011027
outer,-9.819239390571981,298.6058480946259,-1.1268273362416383,-0.34603821165790816,-0.24708461622733752
outer,-9.768353519209043,298.68956815628115,-1.148172730379773,-0.35844039138241585,-0.24456447576350943
outer,-9.717425977925684,298.77306950182253,-1.1689620850054654,-0.37086745667528137,-0.2421356934717725
outer,-9.578365316728325,298.5219028182333,-1.2146209940995285,-0.37454618336444745,-0.24953994265202933
outer,-9.526781430164002,298.6058480946258,-1.2336738171468113,-0.38612989599623,-0.24716640026479364
outer,-9.47515816952505,298.6895681562812,-1.2521520701166076,-0.3976208844724993,-0.24491801502978272
outer,-9.423492635125209,298.7730695018225,-1.2700384372349975,-0.4089693726996393,-0.24280664531704071
outer,-9.286666452787612,298.52190281823334,-1.3094960547681938,-0.4095294056996993,-0.2489937635822227
outer,-9.2343458551513,298.60584809462586,-1.3260509069642237,-0.42008444325553446,-0.24694019546272003
outer,-9.181985321107401,298.6895681562812,-1.3420824334104766,-0.4304522503328385,-0.24501926442926333
outer,-9.129581909557002,298.77306950182253,-1.3576041307546303,-0.44060852273631107,-0.2432298579709373
outer,-8.995016793676417,298.52190281823334,-1.392697205569482,-0.43891572196087764,-0.24832045169146705
outer,-8.941959740790562,298.60584809462586,-1.407291995511172,-0.4484144700746258,-0.24654672915518563
outer,-8.888862189359372,298.6895681562812,-1.421476788145715,-0.4577092484130808,-0.24488379489570328
outer,-8.83572115688563,298.77306950182253,-1.4352792133398258,-0.4667960664615124,-0.2433244927503871
outer,-8.703471654388773,298.5219028182333,-1.4671514502132559,-0.4634414691025133,-0.2474086111137216
outer,-8.649678689665544,298.6058480946258,-1.480335679127821,-0.4720091654725405,-0.24582376382398113
outer,-8.59584466467428,298.6895681562812,-1.493225834902554,-0.4803950762720448,-0.24432151595166096
outer,-8.541966555549742,298.77306950182253,-1.5058484507299827,-0.48860383858228085,-0.24289425375562884
outer,-8.412142551064132,298.5219028182333,-1.5351517695367876,-0.4839428493841654,-0.2460652267352595
outer,-8.357614797703032,298.6058480946258,-1.547358771109455,-0.49173811893522046,-0.24458569966336108
outer,-8.303045423208369,298.68956815628115,-1.559360025021005,-0.4993809233993833,-0.2431657592856642
outer,-8.248431362410289,298.77306950182253,-1.5711746636309372,-0.5068768421375208,-0.2417995540877408
outer,-8.121244673699838,298.5219028182333,-1.598272500334236,-0.5011248316730718,-0.24415056148112033
outer,-8.065984373701491,298.60584809462574,-1.6097961460869843,-0.5082814235857787,-0.24271819626394736
outer,-8.010681893415398,298.6895681562812,-1.6211714435831868,-0.5153091415962118,-0.2413296246728212
outer,-7.955334126493089,298.7730695018225,-1.632410386222651,-0.5222121209788919,-0.23998079111233606
outer,-7.831175361525723,298.52190281823334,-1.657493816479741,-0.5155149418154363,-0.24160250393575122
outer,-7.775186822709828,298.60584809462586,-1.6685175866970423,-0.5221328950796568,-0.24018179314250623
outer,-7.719155547740136,298.6895681562812,-1.6794272791268836,-0.5286387318943857,-0.2387944823308937
outer,-7.663078389331688,298.7730695018225,-1.6902299741295839,-0.5350352262500528,-0.2374377094427234
outer,-7.542644151342762,298.52190281823334,-1.7133598972778525,-0.5275043895946444,-0.23842159308392497
outer,-7.485935370504316,298.60584809462586,-1.7239934450991772,-0.53365970031665,-0.23699181498809885
outer,-7.429183303749941,298.6895681562812,-1.7345323307448772,-0.5397150570065095,-0.2355882375729128
outer,-7.372384763307843,298.7730695018225,-1.744980629532514,-0.5456723998905174,-0.23420866123821765
outer,-7.2568315105459655,298.5219028182333,-1.7660930251757083,-0.5373992756340908,-0.23465168403833214
outer,-7.199416621885451,298.6058480946258,-1.7763994685304851,-0.5431542497475934,-0.23320025483332635
outer,-7.141957908335773,298.68956815628115,-1.786621675406901,-0.5488188944604492,-0.2317694632213107
outer,-7.084452142432427,298.7730695018225,-1.7967619780452138,-0.55439472829726,-0.2303574321898877
outer,-6.975574597055891,298.5219028182333,-1.815667406462232,-0.5454562552291491,-0.23036739963988434
outer,-6.917477286400197,298.6058480946258,-1.8256814224150326,-0.5508659067593293,-0.22888561449879766
outer,-6.859335629961344,298.68956815628115,-1.8356165552198227,-0.5561936623812668,-0.22741965098359695
outer,-6.801146361913828,298.7730695018225,-1.8454742235758552,-0.5614409137942931,-0.22596776611850788
outer,-6.701466758061531,298.52190281823334,-1.861878292449704,-0.5519041923208413,-0.2256683090991064
outer,-6.642724194391306,298.6058480946258,-1.8716185043390459,-0.5570190064846688,-0.22414916764122994
outer,-6.5839367924151375,298.6895681562811,-1.8812827952371944,-0.5620599588397717,-0.2226413922580023
outer,-6.525101250035966,298.7730695018224,-1.8908722277060641,-0.5670285362156127,-0.2211432913597447
outer,-6.437756763301255,298.5219028182333,-1.90444135683435,-0.5569618127661472,-0.22067730265278862
outer,-6.378423006379235,298.6058480946258,-1.913918678882362,-0.5618279587060311,-0.21911481677416594
outer,-6.319043959892442,298.6895681562812,-1.923322292459155,-0.5666281938363623,-0.2175595240059887
outer,-6.25961628851094,298.7730695018225,-1.9326532345987644,-0.5713642476567802,-0.216009767684549
outer,-6.187822331310555,298.5219028182333,-1.9431149727430843,-0.5608482346750073,-0.21553217697331592
outer,-6.127969002103553,298.60584809462586,-1.9523372304002977,-0.5655064811967316,-0.21392147257375702
outer,-6.06806998674124,298.6895681562812,-1.96148784381349,-0.5701065814722835,-0.21231412381451945
outer,-6.008121920687029,298.7730695018225,-1.9705679309536508,-0.5746505616183484,-0.21070852763030753
outer,-5.954508337268054,298.52190281823334,-1.9778078441207385,-0.5637853000051527,-0.21037138931558563
outer,-5.894221847623791,298.6058480946258,-1.9867815314490662,-0.5682700733681361,-0.20870911994734997
outer,-5.833889341192072,298.6895681562812,-1.9956852681317738,-0.5727039171642841,-0.2070467848221965
outer,-5.773507429087,298.7730695018225,-2.00452015961251,-0.5770891061074973,-0.20538287215945802
outer,-5.739450050080925,298.52190281823334,-2.008627814098286,-0.5659863653242261,-0.20531276974782936
outer,-5.678825313825751,298.6058480946258,-2.017358322839465,-0.5703257122524712,-0.20359747796116312
outer,-5.618154302598822,298.6895681562812,-2.026019611760916,-0.5746204005003662,-0.20187919421932324
outer,-5.557433608500477,298.77306950182253,-2.034612545270214,-0.5788728177246072,-0.2001565493376279
outer,-5.542918492991113,298.5219028182333,-2.0358500614077943,-0.5676367985941978,-0.20043942667749484
outer,-5.482051833036947,298.60584809462586,-2.0443415892592856,-0.5718531398350525,-0.19867170441201018
outer,-5.421138713450261,298.6895681562812,-2.0527632000288785,-0.5760298989310259,-0.19689864922882533
outer,-5.364099635296533,298.52190281823334,-2.059858959156831,-0.5688876190085224,-0.19580011682042112
outer,-5.360175712732053,298.7730695018225,-2.061115260774628,-0.580169395408524,-0.19511909991267617
outer,-5.303083142302371,298.6058480946258,-2.068114789225372,-0.5729988620969464,-0.1939825346289453
outer,-5.242020075307828,298.6895681562812,-2.07629847342618,-0.5770743428867506,-0.19215795339234726
outer,-5.201325867208467,298.52190281823334,-2.081075386094431,-0.5698485649420161,-0.19140921030185087
outer,-5.180907004391437,298.7730695018225,-2.084409683974093,-0.5811161237673306,-0.19032549099551432
outer,-5.140242961710249,298.6058480946258,-2.089098118094738,-0.5738689153615791,-0.18954591762993594
outer,-5.0791134315188495,298.6895681562812,-2.0970451387878315,-0.5778561180409415,-0.18767468293723588
outer,-5.052771724748447,298.52190281823334,-2.099893643700428,-0.5705934779762103,-0.18726345536611844
outer,-5.017933842979493,298.7730695018225,-2.1049153244132572,-0.5818118063602912,-0.1857949625798497
outer,-4.991696336454172,298.6058480946258,-2.107685516355311,-0.5745340655093306,-0.18535972477118623
outer,-4.930574329204588,298.68956815628115,-2.1153971800422013,-0.5784430450789508,-0.1834478271661867
outer,-4.916649641583125,298.5219028182333,-2.116671390903762,-0.5711768018387876,-0.18335154363660922
outer,-4.869402269767553,298.77306950182253,-2.1230267388110415,-0.5823214974061772,-0.1815275945634231
outer,-4.855646406407804,298.6058480946258,-2.1242349310209963,-0.5750464095754825,-0.18141335605382858
outer,-4.794596607351814,298.68956815628115,-2.1317133630158955,-0.578885058596799,-0.17946744129784242
outer,-4.791175701691986,298.52190281823334,-2.131718450348421,-0.5716346374882225,-0.17965324003227057
outer,-4.733496815238904,298.7730695018226,-2.1391041709469336,-0.5826932160287296,-0.17751401633620334
outer,-4.730299980736095,298.6058480946258,-2.139056878587404,-0.5754401926931659,-0.17768685150930502
outer,-4.674930811677063,298.52190281823334,-2.1452936128125057,-0.5719928161751451,-0.17615132503672445
outer,-4.669377793231426,298.6895681562812,-2.146305428279852,-0.5792147354436955,-0.17571373735907098
outer,-4.614230587987568,298.60584809462586,-2.152411068600173,-0.5757397636273379,-0.17416294943740174
outer,-4.608405717169633,298.77306950182253,-2.153461198477051,-0.5829581091118978,-0.17373447248384377
outer,-4.566577497167207,298.52190281823334,-2.157610197585022,-0.5722687376367706,-0.17282559452663832
outer,-4.553484031706575,298.6895681562812,-2.159434420587071,-0.5794550998433368,-0.1721692607996318
outer,-4.506093800085294,298.6058480946258,-2.1645118368850045,-0.5759614045435285,-0.17082110520392482
outer,-4.492687730691106,298.7730695018225,-2.1663606398694593,-0.5831380723453092,-0.1701711252027923
outer,-4.465199910010433,298.5219028182333,-2.1688449548457007,-0.5724776019233875,-0.16966377028988835
outer,-4.445563935687143,298.68956815628115,-2.1713159788536234,-0.5796214668938684,-0.16881295292424586
outer,-4.404969007262209,298.6058480946258,-2.175536883992647,-0.5761194819582202,-0.16764854709585228
outer,-4.384984504001223,298.7730695018225,-2.1780197123418925,-0.5832476440979996,-0.16680219833801718
outer,-4.3697658762583815,298.52190281823334,-2.1791520162021443,-0.5726307200410781,-0.1666472015544869
outer,-4.344692130156046,298.6895681562812,-2.182128933383902,-0.5797275253760916,-0.16563138206634626
outer,-4.309818669161408,298.60584809462586,-2.1856411337895683,-0.5762247428943649,-0.16462596138347851
outer,-4.284365892930876,298.77306950182253,-2.188618534564158,-0.5833000326917078,-0.1636134213821918
outer,-4.279557859466068,298.52190281823334,-2.18865657549602,-0.5727359145724765,-0.163762670168483
outer,-4.249825704251939,298.6895681562812,-2.1920290977282404,-0.5797836145348394,-0.1626044325315272
outer,-4.21992151877143,298.60584809462586,-2.194950436339654,-0.5762846445803333,-0.16173946104367037
outer,-4.193910800182199,298.52190281823334,-2.1974596768106305,-0.5727991495341532,-0.16099681013554576
outer,-4.189783611716261,298.77306950182253,-2.198313874124187,-0.5833053536758526,-0.16058373917626095
outer,-4.160239657549197,298.6895681562812,-2.201143004034504,-0.5797969673289121,-0.15971744065318724
outer,-4.134609038909205,298.60584809462586,-2.2035663889996107,-0.5763049752866407,-0.15897500648329982
outer,-4.112427705395073,298.52190281823334,-2.205648712083348,-0.5728278378901828,-0.15834271372896508
outer,-4.100508923460386,298.7730695018225,-2.2072329164107325,-0.5832707628179448,-0.15769761231884397
outer,-4.075262012493721,298.6895681562812,-2.2095727371680454,-0.5797732986653588,-0.15695561060073884
outer,-4.053482172544002,298.60584809462586,-2.2115766491052673,-0.5762930118667017,-0.15632506022658552
outer,-4.034463904566919,298.5219028182334,-2.213299999430924,-0.5728256112461928,-0.15578474768920503
outer,-4.015866387404378,298.7730695018225,-2.215478093810878,-0.5832019917604251,-0.15493941906736156
outer,-3.9944916464602356,298.6895681562812,-2.2174060779242275,-0.5797198162484302,-0.1543107192928237
outer,-3.9758928974109558,298.60584809462586,-2.219057555976247,-0.5762523255629146,-0.15377334706153606
outer,-3.959831030791155,298.5219028182334,-2.2204736343281204,-0.5727971959302645,-0.15331936458973658
outer,-3.9354528136371227,298.77306950182253,-2.2231370984695173,-0.5831062296768885,-0.1523002139604422
outer,-3.91727718289844,298.6895681562812,-2.2247192078165177,-0.5796400778732423,-0.15176582449019782
outer,-3.901651867259199,298.60584809462586,-2.226069086011941,-0.5761876249795916,-0.15131582370281932
outer,-3.888051992648944,298.52190281823334,-2.2272268085456557,-0.5727463780285945,-0.1509343257307525
outer,-3.858613468576008,298.77306950182253,-2.2302857246399084,-0.5829870520132009,-0.14976238759210253
outer,-3.8434282954656247,298.6895681562812,-2.2315718085842238,-0.5795388113684868,-0.14931639249365625
outer,-3.830279510208577,298.60584809462586,-2.2326681004842968,-0.576102691039084,-0.148939767437979
outer,-3.818877915085559,298.52190281823334,-2.233605311621231,-0.5726757251430983,-0.14862286909178735
outer,-3.785157044983708,298.77306950182253,-2.2369831563471942,-0.5828492261080513,-0.147320948584403
outer,-3.7724629299269994,298.6895681562812,-2.2380202484931293,-0.5794198104814509,-0.14694924550976446
outer,-3.7615256572701945,298.60584809462586,-2.2389000194294604,-0.576000119421924,-0.1466380630758487
outer,-3.7520775458560713,298.5219028182334,-2.239647250174124,-0.5725882279355958,-0.1463788203858647
outer,-3.7145990042383463,298.77306950182253,-2.243285092011219,-0.5826965545101706,-0.14496231663901926
outer,-3.7041296223718456,298.6895681562812,-2.2441094276434232,-0.5792856939580224,-0.14465695697703654
outer,-3.6951578538882828,298.6058480946259,-2.2448025086708463,-0.5758829167029871,-0.14440425253993672
outer,-3.687436858340733,298.52190281823334,-2.245386562106211,-0.5724864773241606,-0.14419614107281356
outer,-3.6466865864467555,298.77306950182253,-2.249235746869523,-0.5825316446269375,-0.14267881178987252
outer,-3.6381947150157767,298.6895681562812,-2.249876427631025,-0.579139456934002,-0.1424328313497113
outer,-3.630960960690417,298.60584809462586,-2.2504089872056285,-0.5757536589911609,-0.14223207738076513
outer,-3.6247585155261985,298.5219028182334,-2.250853367012869,-0.5723727112519879,-0.14206901810554545
outer,-3.581184929610671,298.7730695018226,-2.254871464161901,-0.5823574252083207,-0.1404635574860657
outer,-3.5744419548844055,298.6895681562812,-2.2553540169291453,-0.5789836195758158,-0.14027043708298964
outer,-3.56873661468206,298.60584809462586,-2.2557490049343865,-0.5756145408590886,-0.14011556033440858
outer,-3.5638612282617506,298.5219028182333,-2.256074137963116,-0.5722488317740836,-0.1399919317607604
outer,-3.517876666241815,298.77306950182253,-2.260224228475077,-0.5821762989965834,-0.1383100021981559
outer,-3.512671952218925,298.6895681562812,-2.2605710650547532,-0.5788202884530591,-0.1381636787620814
outer,-3.508302584166462,298.6058480946259,-2.260848447217205,-0.5754674017380469,-0.13804906706017614
outer,-3.504586086593428,298.5219028182334,-2.2610683561315454,-0.5721159243995195,-0.13796000639898096
outer,-3.4565613789762737,298.77306950182253,-2.2653221281879476,-0.5819902279968115,-0.1362119825449783
outer,-3.452701532056782,298.68956815628115,-2.265552786905816,-0.5786511983352943,-0.13610685216078916
outer,-3.449499132995701,298.60584809462586,-2.265726245917827,-0.5753132643742288,-0.13602765761755461
outer,-3.4469368893925365,298.52190281823334,-2.2658534350106097,-0.571976616027855,-0.13597335106939062
outer,-3.3970549488134516,298.7730695018226,-2.270189644127632,-0.5818007942327142,-0.13416377126848453
outer,-3.394370131425883,298.6895681562812,-2.2703175081169875,-0.5784772684218255,-0.13409499552043752
outer,-3.392330079792071,298.60584809462586,-2.2703993028442864,-0.5751546833340144,-0.1340514385843941
outer,-3.390633348393,298.52190281823334,-2.2704500766280695,-0.571831852070462,-0.13402335475490718
outer,-3.3391959852797544,298.7730695018226,-2.274844462364041,-0.5816087691987016,-0.13216042706698072
outer,-3.3376815887142204,298.6895681562812,-2.2748815946010463,-0.5783009474608872,-0.13212825197110994
outer,-3.336513679033742,298.6058480946259,-2.274887796119967,-0.5749925119559104,-0.13211176906877162
outer,-3.3356228087996236,298.52190281823334,-2.2748717949248496,-0.5716823677522185,-0.1321080993226474
outer,-3.2829883465452054,298.7730695018226,-2.279302411565031,-0.5814164599944339,-0.13020216563708215
outer,-3.2823527000321335,298.6895681562812,-2.279264695330407,-0.5781229650131297,-0.13019798198763033
outer,-3.2819970021662708,298.60584809462586,-2.2792047967168534,-0.5748273812849041,-0.13020676785970936
outer,-3.28186863323791,298.5219028182334,-2.2791305274816036,-0.5715299324981018,-0.13022650716566514
outer,-3.2291888059837492,298.52190281823334,-2.2832385769841563,-0.5713749254649794,-0.12837297534898073
outer,-3.228743221332708,298.6058480946259,-2.2833618701534806,-0.574660968087497,-0.12833540779265762
outer,-3.228330262856931,298.6895681562812,-2.283479438857443,-0.577943812440559,-0.12830236480582843
outer,-3.228147369158004,298.7730695018226,-2.2835826248640183,-0.5812244390899248,-0.12828037451875082
outer,-3.1776109020658354,298.52190281823334,-2.2872047111948937,-0.5712185400940896,-0.12654828214961092
outer,-3.176569374485176,298.6058480946259,-2.2873709608149135,-0.5744935392295099,-0.12649211611982586
outer,-3.17557725870372,298.6895681562812,-2.287537033696369,-0.5777650455469825,-0.1264404414733458
outer,-3.174619576402893,298.77306950182253,-2.2876973035467207,-0.5810330222910304,-0.12639331013253507
outer,-3.1269949867628974,298.5219028182334,-2.291039417531581,-0.5710615294362449,-0.12474819427309547
outer,-3.1255031800185433,298.60584809462586,-2.291240547615233,-0.5743261721539941,-0.1246777426600307
outer,-3.123909778478539,298.68956815628127,-2.291449085278721,-0.5775867935103698,-0.12460668025916849
outer,-3.1223677590109076,298.7730695018225,-2.2916573262715545,-0.580843617990387,-0.1245400925461657
outer,-3.077271331150534,298.5219028182334,-2.2947497848836633,-0.5709039747158262,-0.12297057402208827
outer,-3.0754039756724785,298.6058480946259,-2.294980857417743,-0.5741595121936104,-0.1228880913055567
outer,-3.073355684051993,298.6895681562812,-2.295223807790928,-0.5774099965485501,-0.1228020086356695
outer,-3.071207060066609,298.77306950182253,-2.2954739896900955,-0.5806561963638255,-0.12271523551460373
outer,-3.0284836754787188,298.5219028182334,-2.298341615826566,-0.5707471464458379,-0.12121691802856692
outer,-3.026201669992832,298.6058480946259,-2.2985987514807666,-0.5739935154487747,-0.12112107464848983
outer,-3.023773585069291,298.68956815628127,-2.2988711950532053,-0.5772351771931843,-0.12102226940623717
outer,-3.021165485033588,298.7730695018226,-2.2991552757791625,-0.5804715437337046,-0.12091974442151052
outer,-2.9804592961814715,298.52190281823334,-2.3018241675770277,-0.5705912432285583,-0.119481940263484
outer,-2.9779402306407112,298.60584809462586,-2.302099870306372,-0.5738293494894254,-0.11937825454083197
outer,-2.975093027269597,298.6895681562812,-2.302397905170593,-0.5770621525933153,-0.11926542363102433
outer,-2.9721009148664805,298.77306950182253,-2.3027109772894025,-0.5802900489380146,-0.11914949725878679
outer,-2.933171513239407,298.5219028182334,-2.3052017426059552,-0.57043606363518,-0.11776489811532856
outer,-2.9304460360376727,298.6058480946259,-2.3054932965069663,-0.5736671106735884,-0.11765435950728681
outer,-2.927358205899092,298.6895681562812,-2.305809442351543,-0.576891979040367,-0.11753309458288012
outer,-2.923942532200827,298.7730695018226,-2.306147576151224,-0.5801113810323355,-0.11740249718580342
outer,-2.88668801679817,298.52190281823334,-2.308477310985719,-0.5702827265354248,-0.11606819141196506
outer,-2.883692267451385,298.6058480946259,-2.3087831966605954,-0.5735064821582161,-0.11594869055462623
outer,-2.880394600681241,298.6895681562812,-2.3091147397257457,-0.5767246478482874,-0.11582001973132819
outer,-2.8767347600540334,298.77306950182253,-2.3094704680145095,-0.5799364819598801,-0.11568042166853229
outer,-2.84085796199574,298.52190281823334,-2.311658117081077,-0.5701313565926978,-0.11438725246022619
outer,-2.837746966957445,298.6058480946259,-2.311972476445719,-0.5733485041757005,-0.11426370382605776
outer,-2.8341752540648164,298.68956815628127,-2.312317853188429,-0.5765597255212956,-0.11412553811602176
outer,-2.8303021787155713,298.77306950182253,-2.31268846409099,-0.5797652407982228,-0.11397800935983667
outer,-2.7956527593600127,298.52190281823334,-2.31474945956638,-0.5699818969982345,-0.11272118562857789
outer,-2.7924585054315405,298.60584809462586,-2.3150682907745592,-0.5731932256818729,-0.11259483527823126
outer,-2.7887685603241126,298.68956815628127,-2.3154216503262175,-0.5763981752791689,-0.11245215626973512
outer,-2.7846176917017313,298.77306950182253,-2.315805537245473,-0.5795971110705177,-0.11229463025920228
outer,-2.7510450314508175,298.5219028182334,-2.3177544244706643,-0.5698345045404787,-0.11106938081057456
outer,-2.7477981447610658,298.6058480946259,-2.3180758613184658,-0.5730405003754706,-0.11094121048407404
outer,-2.7440221054738676,298.68956815628127,-2.318433218866176,-0.576239973833376,-0.110795306668831
outer,-2.739750045773842,298.77306950182265,-2.3188245432740056,-0.5794329836218842,-0.11063283386196947
outer,-2.707028109184003,298.52190281823334,-2.3206752654543052,-0.5696893702274601,-0.10943192976102079
outer,-2.7037383651670215,298.6058480946259,-2.3209982407433074,-0.5728904153386698,-0.10930224112898296
outer,-2.699907002647543,298.68956815628127,-2.3213577217232717,-0.576084888272833,-0.10915412868107055
outer,-2.695546041442965,298.77306950182253,-2.3217525228043447,-0.579272768211457,-0.10898804079254917
outer,-2.6635951309549664,298.5219028182334,-2.323515094393728,-0.5695468726635298,-0.10780885152945294
outer,-2.6602724628918155,298.6058480946259,-2.323837667396864,-0.572743097363812,-0.10767804047190518
outer,-2.656395589618613,298.6895681562812,-2.3241981937516303,-0.5759329390194997,-0.10752804846840684
outer,-2.651976642966904,298.7730695018226,-2.3245945953788882,-0.5791161498021403,-0.10735939594572527
outer,-2.6206748909825315,298.5219028182334,-2.326278230388976,-0.5694069884350326,-0.1061980400112059
outer,-2.61739354065637,298.6058480946259,-2.326597242393721,-0.5725988700607706,-0.1060686400755432
outer,-2.6134811279295316,298.6895681562812,-2.3269568707316135,-0.5757841922540192,-0.10591719363855777
outer,-2.609014045554866,298.7730695018226,-2.327353790565905,-0.5789630867135843,-0.10574633214228576
outer,-2.5782450917353894,298.5219028182334,-2.3289679491986823,-0.5692696721601903,-0.10459891636225459
outer,-2.5750300224712896,298.6058480946259,-2.3292812612745335,-0.5724576566652821,-0.10447192792789686
outer,-2.571156684599672,298.6895681562812,-2.329636853004659,-0.5756389211093672,-0.1043216013390202
outer,-2.5666514760209553,298.7730695018226,-2.330032351551864,-0.5788135895335792,-0.10414898410363957
outer,-2.5362844117557373,298.5219028182334,-2.3315867779042043,-0.5691349753399132,-0.1030110106454289
outer,-2.533159494877508,298.6058480946259,-2.3318929845283587,-0.5723193583341935,-0.10288732576244419
outer,-2.5293503131486816,298.68956815628127,-2.3322424197849614,-0.5754970005411272,-0.10273914725261571
outer,-2.5248819656537367,298.77306950182253,-2.3326333853666563,-0.5786678865771561,-0.10256738786197808
outer,-2.4947724683461288,298.5219028182334,-2.3341371092660697,-0.5690029288818202,-0.10143387432907922
outer,-2.491760525564102,298.6058480946259,-2.3344349369650637,-0.5721839829714673,-0.10131436263319005
outer,-2.4880394841013933,298.68956815628127,-2.3347768214020137,-0.5753582830451658,-0.10116924794781489
outer,-2.483633197178704,298.7730695018226,-2.3351611595341297,-0.5785258102787073,-0.1009994007860411
outer,-2.4536897813612777,298.52190281823334,-2.336621210171247,-0.5688735468236522,-0.09986707871808426
outer,-2.450812625861362,298.6058480946259,-2.3369095109338063,-0.5720515225596742,-0.09975258633178043
outer,-2.4472026542089846,298.6895681562812,-2.337242583710869,-0.5752227376380132,-0.09961142632248243
outer,-2.4428825250092223,298.7730695018226,-2.337618916618799,-0.5783871696493555,-0.0994444289816782
outer,-2.4130177381035374,298.5219028182334,-2.3390412303725148,-0.5687468298389239,-0.09831021384075717
outer,-2.4102962143440965,298.6058480946259,-2.339318974944295,-0.571921956992043,-0.09820156253976253
outer,-2.406819228748668,298.6895681562812,-2.3396421009930397,-0.5750903223498876,-0.09806522211184007
outer,-2.402608294868141,298.7730695018226,-2.3400091845929882,-0.578251899949738,-0.09790198463268672
outer,-2.3727385593175807,298.52190281823334,-2.341399210608349,-0.5686227678932716,-0.09676288738872432
outer,-2.3701925815448326,298.6058480946259,-2.341665482724814,-0.5717952572926083,-0.09666087422629534
outer,-2.366869524938099,298.68956815628127,-2.341977645738259,-0.5749609881361166,-0.09653019180571622
outer,-2.362789805892422,298.77306950182253,-2.3423343609323126,-0.5781199308272147,-0.09637159584989455
outer,-2.3328352662762377,298.5219028182334,-2.343697088730009,-0.5685013417800167,-0.09522472339930504
outer,-2.3304838557715017,298.6058480946259,-2.3439510805136528,-0.5716713873264248,-0.09513012069309097
outer,-2.327334736466037,298.68956815628127,-2.3442513778206746,-0.5748346812385415,-0.09500590829565952
outer,-2.3234072738596705,298.7730695018226,-2.344596724206322,-0.5779911899118646,-0.09485280718605962
outer,-2.293291648946556,298.5219028182334,-2.345936703652519,-0.5683825240714405,-0.09369536082128484
outer,-2.2911529700222943,298.6058480946259,-2.346177711252635,-0.5715503042636891,-0.09360891616065714
outer,-2.2881968991331414,298.6895681562813,-2.3464653497639496,-0.5747113433376649,-0.09349195965590033
outer,-2.2844417955355922,298.77306950182265,-2.3467984418498946,-0.5778656032437411,-0.09334517896620481
outer,-2.2540922352220787,298.5219028182334,-2.348119798574995,-0.5682662804264615,-0.09217445241762856
outer,-2.2521836299862246,298.6058480946259,-2.348347216955473,-0.5714319591535287,-0.09209688845169113
outer,-2.249438857595634,298.6895681562812,-2.348621508291613,-0.5745909110175516,-0.09198794753509755
outer,-2.245875314137851,298.7730695018226,-2.3489415715121376,-0.5777430933977873,-0.0918482854184279
outer,-2.2152222612054215,298.52190281823334,-2.3502480251196274,-0.5681525716143796,-0.09066166429695025
outer,-2.213560283115264,298.6058480946259,-2.3504613418160103,-0.57131629859129,-0.0905936783983412
outer,-2.2110442332000715,298.6895681562812,-2.3507216957924055,-0.5744733166343182,-0.09049348621970972
outer,-2.207690585908339,298.7730695018226,-2.351028060074506,-0.5776235787518645,-0.0903617130893292
outer,-2.1766676425230296,298.5219028182334,-2.3523229487737756,-0.5680413557063466,-0.08915667592548665
outer,-2.1752680887525724,298.60584809462597,-2.352521737492527,-0.5712032672059539,-0.08909894002589117
outer,-2.1729973928954824,298.68956815628127,-2.352767654788242,-0.5743584909152919,-0.0890082028596338
outer,-2.169871147782047,298.7730695018226,-2.3530597462228093,-0.5775069757892113,-0.08888506083367892
outer,-2.1384149466523645,298.5219028182334,-2.3543460548643917,-0.5679325897222232,-0.08765918019374831
outer,-2.1372928892981,298.6058480946259,-2.354529969778221,-0.5710928097889043,-0.08761234099067274
outer,-2.13528341920705,298.68956815628127,-2.354761035295404,-0.5742463658328352,-0.08753173833931664
outer,-2.1324012861392103,298.7730695018226,-2.355038368152978,-0.5773932029370614,-0.08741794112535697
outer,-2.1004513662404634,298.5219028182334,-2.3563187538867005,-0.5678262303605573,-0.08616888318833717
outer,-2.099621182391859,298.6058480946259,-2.356487524971618,-0.5709848722908646,-0.08613356269532767
outer,-2.097888081252248,298.6895681562813,-2.356703402621759,-0.5741368761727185,-0.08606374788359522
outer,-2.095266006624032,298.7730695018226,-2.3569655732951835,-0.5772821832066458,-0.08595998136606926
outer,-2.0627646933914154,298.5219028182334,-2.3582423856425834,-0.5677222340498249,-0.08468550361985257
outer,-2.06224009409376,298.60584809462597,-2.3583958147326953,-0.5708794017227636,-0.08466229986785327
outer,-2.0607978067803607,298.68956815628127,-2.358596243365709,-0.5740299594088668,-0.0846039008989746
outer,-2.0584510050115683,298.7730695018226,-2.358842926149722,-0.5771738443421964,-0.08451082417761809
outer,-2.025343294899258,298.5219028182334,-2.3601182223227606,-0.5676205567967101,-0.08320877207800666
outer,-2.025137353037456,298.6058480946259,-2.3602561794250145,-0.5707763456277947,-0.0831982597889361
outer,-2.0239996552133857,298.6895681562812,-2.3604409691799924,-0.5739255547057699,-0.08315188018645137
outer,-2.0219426391031217,298.7730695018226,-2.360671912792911,-0.5770681172734127,-0.08307012664499104
outer,-1.9883012655343864,298.60584809462597,-2.362069890637925,-0.5706756517716886,-0.08174116148969988
outer,-1.988176088402568,298.5219028182334,-2.3619474710720065,-0.5675211542396923,-0.08173843033785246
outer,-1.987481291665991,298.6895681562812,-2.3622389191992372,-0.5738236020813311,-0.08170738098000593
outer,-1.9857279016281733,298.77306950182265,-2.362453943148966,-0.5769649345103018,-0.08163755912828154
outer,-1.9517206916044534,298.60584809462597,-2.3638381535571975,-0.5705772682678357,-0.08029073515560096
outer,-1.95125251943587,298.5219028182334,-2.363731235044773,-0.5674239758066382,-0.08027423901258395
outer,-1.9512309619209116,298.68956815628127,-2.3639913621940254,-0.5737240422196931,-0.08027011019266181
outer,-1.9497943941304487,298.7730695018226,-2.364190352730028,-0.5768642294557224,-0.08021280426228897
outer,-1.9153850219081479,298.6058480946259,-2.3655620686768075,-0.5704811377488306,-0.07884673018342583
outer,-1.9152374683355102,298.68956815628127,-2.3656994990709093,-0.5736268168577309,-0.07883978601875138
outer,-1.9145659645364306,298.5219028182334,-2.3654701887233034,-0.5673289379805938,-0.07881615027840079
outer,-1.9141303018144649,298.7730695018226,-2.3658824048723748,-0.5767659366503202,-0.07879555641818757
outer,-1.8794901466542098,298.68956815628127,-2.36736442548542,-0.5735318630017986,-0.07741614644282921
outer,-1.8792875985465398,298.6058480946259,-2.3672423117537504,-0.5703871699616181,-0.07740909018666565
outer,-1.8787243693276665,298.77306950182265,-2.3675312937392214,-0.5766699925161474,-0.07738552159409268
outer,-1.878134748798941,298.5219028182334,-2.3671650334015486,-0.567236132690056,-0.0773648664494131
outer,-1.8439823045155237,298.6895681562812,-2.368986816550316,-0.5734390847009012,-0.07599912652907793
outer,-1.8435658774534736,298.7730695018226,-2.369138108034448,-0.5765763295623391,-0.07598242638464073
outer,-1.8434468418887278,298.6058480946259,-2.368879583917779,-0.570295453278422,-0.07597851074386716
outer,-1.8419191369784678,298.5219028182334,-2.3688172479783507,-0.5671454828791235,-0.07591913288361062
outer,-1.8087324576359813,298.6895681562812,-2.3705673718615783,-0.5733485680110452,-0.07458941522845033
outer,-1.8086480993398542,298.77306950182253,-2.370703520460156,-0.5764848470984477,-0.07458619752092466
outer,-1.8078228101012495,298.6058480946259,-2.3704753526793234,-0.5702059086149446,-0.07455372068545085
outer,-1.8059102194519119,298.5219028182334,-2.3704280732265035,-0.567056895834429,-0.0744786774829885
outer,-1.7739896461285272,298.77306950182253,-2.3722282279655618,-0.5763956300347766,-0.07319751760131521
outer,-1.7737004574355328,298.68956815628127,-2.372107546268808,-0.5732602329865635,-0.07318572509088149
outer,-1.7724065472384922,298.6058480946259,-2.3720308496811455,-0.5701184378213227,-0.07313443805960085
outer,-1.770099524567053,298.5219028182334,-2.371998395851039,-0.5669703338733937,-0.07304329433391468
outer,-1.7395501623237002,298.7730695018226,-2.373713671753525,-0.5763085986219137,-0.07181508326807114
outer,-1.7388773016109378,298.68956815628127,-2.37360856116636,-0.5731739767843178,-0.07178776463798724
outer,-1.7371895376030493,298.6058480946259,-2.373546957019986,-0.5700330003613395,-0.07172044788153259
outer,-1.734478999949742,298.5219028182334,-2.3735290573511643,-0.5668857614594277,-0.07161278792466771
outer,-1.7053205992266431,298.7730695018226,-2.375161062151533,-0.576223645900945,-0.07043859392240864
outer,-1.704254430386016,298.68956815628127,-2.375071293477835,-0.5730897567005541,-0.07039531010209814
outer,-1.7021636869555117,298.60584809462586,-2.3750245121230678,-0.5699495581008329,-0.07031154593718666
outer,-1.6990409945513745,298.5219028182334,-2.375020795815552,-0.5668031355275829,-0.07018698825048547
outer,-1.6712923529460688,298.7730695018226,-2.376571270703511,-0.5761407275411398,-0.06906781731427099
outer,-1.6698237076239377,298.68956815628127,-2.376496576159555,-0.5730075324781186,-0.06900814875332534
outer,-1.6673213044683575,298.6058480946259,-2.3764642501667392,-0.5698680651771902,-0.06890755405530824
outer,-1.6637844193151174,298.5219028182334,-2.3764739528513967,-0.5667223941565489,-0.06876601833929728
outer,-1.6374572454135792,298.77306950182253,-2.3779451256387225,-0.576059801418694,-0.06770253231333775
outer,-1.6355774026880352,298.68956815628127,-2.3778851407846116,-0.5729272556531387,-0.06762609428362673
outer,-1.6326612954226545,298.60584809462597,-2.377866514736299,-0.5697884558877062,-0.06750858980034086
outer,-1.6287326293866577,298.5219028182334,-2.377888942917687,-0.5666436403435845,-0.067350718877533
outer,-1.6038075061507924,298.77306950182253,-2.3792833539719638,-0.575980816421172,-0.06634254437974571
outer,-1.6015144151929506,298.6895681562812,-2.3792373315747155,-0.5728488566805431,-0.0662492587342785
outer,-1.5982071363905423,298.60584809462597,-2.3792317177562206,-0.5697108321215453,-0.06611548907094619
outer,-1.5938418170692819,298.5219028182334,-2.37926699070532,-0.5665667976506311,-0.06593964733717438
outer,-1.5703420291011416,298.77306950182265,-2.3805862986381587,-0.5759036989408168,-0.06498795989857722
outer,-1.5676583432299458,298.6895681562812,-2.3805535563795632,-0.572772436716418,-0.06487847317263962
outer,-1.5639147919133949,298.6058480946259,-2.380561068898429,-0.5696351171690053,-0.06472679375397017
outer,-1.5591055875329278,298.5219028182334,-2.380609087946739,-0.566491783138146,-0.0645325757425135
outer,-1.5370845339746513,298.7730695018226,-2.381854361483221,-0.5758285498483848,-0.06363960514809355
outer,-1.533964923404544,298.6895681562812,-2.3818350082383906,-0.5726979194211843,-0.06351226416022417
outer,-1.5297778339134132,298.6058480946259,-2.381855548883031,-0.5695612241476292,-0.06334226823182651
outer,-1.5245178766356569,298.5219028182334,-2.38191584711343,-0.5664185708097251,-0.06312935429417839
outer,-1.5039905292543334,298.77306950182265,-2.3830887174866846,-0.5757552940277283,-0.062295991855394334
outer,-1.5004276943661206,298.6895681562812,-2.3830826558799134,-0.5726252144875744,-0.062150389003109305
outer,-1.495790166720557,298.6058480946259,-2.383115764091316,-0.5694891261091146,-0.06196175606973142
outer,-1.490072936429279,298.5219028182334,-2.3831875777826097,-0.5663470929846491,-0.06172992945200276
outer,-1.4710535202892574,298.77306950182265,-2.3842903231232984,-0.5756838384014031,-0.06095687103818315
outer,-1.467040528892108,298.68956815628127,-2.3842970998207105,-0.5725542946144606,-0.060792685231328095
outer,-1.4619460125022474,298.60584809462597,-2.3843420247156972,-0.569418753445169,-0.06058519958454783
outer,-1.4557989258110584,298.52190281823346,-2.384424419661512,-0.5662774307483858,-0.06033532648154129
outer,-1.4382673482788844,298.7730695018226,-2.385459774046075,-0.5756141558551303,-0.05962207483397805
outer,-1.4337976192428912,298.6895681562812,-2.3854786513199837,-0.5724850883737608,-0.059439091430550636
outer,-1.4282736765575446,298.6058480946259,-2.385534471366593,-0.5693501868690644,-0.05921362310033512
outer,-1.4216668704249293,298.5219028182334,-2.3856271889891993,-0.5662095695559279,-0.05894459665066046
outer,-1.4056261755517803,298.7730695018226,-2.386597383209671,-0.575546172952784,-0.05829153834735737
outer,-1.4007274172310802,298.68956815628127,-2.386627452019772,-0.5724176761025288,-0.0580906310403234
outer,-1.3947440338889325,298.6058480946259,-2.386693910007963,-0.5692834128537124,-0.057846066556367884
outer,-1.3876603168176718,298.5219028182334,-2.3867968159329656,-0.5661434341650158,-0.057557159328785655
outer,-1.3731586005542025,298.7730695018226,-2.387703292996017,-0.5754799694006845,-0.05696628397797755
outer,-1.3678006471026476,298.68956815628127,-2.387744296906928,-0.5723520453602283,-0.05674633261179838
outer,-1.3613405454993992,298.6058480946259,-2.3878212606616245,-0.5692183532225613,-0.056481940915337224
outer,-1.3537745100003953,298.52190281823334,-2.387933857020489,-0.5660789886166953,-0.05617288389669248
outer,-1.3408351966521561,298.7730695018226,-2.3887782861930167,-0.5754155338653573,-0.05564532875578186
outer,-1.3350006842517035,298.6895681562812,-2.3888300947102286,-0.5722881149939184,-0.05540559880307133
outer,-1.3280584316783914,298.6058480946259,-2.388917074095585,-0.5691549699740378,-0.055121109861449975
outer,-1.3200073046951757,298.5219028182334,-2.3890384630779584,-0.5660161723690245,-0.05479184940109306
outer,-1.308639253560646,298.77306950182253,-2.389823259025844,-0.5753527822971515,-0.05432806722720995
outer,-1.3023227242268973,298.6895681562812,-2.3898853899045416,-0.5722258451480386,-0.054068287858085734
outer,-1.2948955359943144,298.6058480946259,-2.389981503003223,-0.5690932001864016,-0.053763649575209904
outer,-1.2863936802083684,298.5219028182334,-2.390110715269084,-0.5659550987899249,-0.05341527629336161
outer,-1.2765659420674238,298.7730695018226,-2.3908387495045162,-0.5752916732865943,-0.05301435255549253
outer,-1.2697645994345665,298.6895681562812,-2.390910336941062,-0.5721651705947888,-0.052734473384289035
outer,-1.2618870196155534,298.6058480946259,-2.391014626224384,-0.5690331578101575,-0.052410780255086144
outer,-1.252885752116815,298.5219028182334,-2.391151467027129,-0.5658957160537849,-0.05204155513214424
outer,-1.2446130834075992,298.77306950182265,-2.3918249139466305,-0.575232139314022,-0.05170425606449305
outer,-1.2373616530440537,298.68956815628127,-2.391905012385427,-0.5721062061226647,-0.0514053754519272
outer,-1.228984749161567,298.6058480946259,-2.392017284037579,-0.5689747924284217,-0.05106087933975161
outer,-1.2194796177834366,298.5219028182334,-2.3921614604116113,-0.5658379577350375,-0.05067050769291484
outer,-1.2128162029003218,298.7730695018226,-2.3927818266425858,-0.5751742962156803,-0.05039899775744584
outer,-1.2050655025271602,298.68956815628127,-2.392870243003553,-0.5720489029693014,-0.0500793584979169
outer,-1.1961848017049146,298.60584809462586,-2.3929902116482484,-0.5689180341452418,-0.04971376346265986
outer,-1.1861715949621177,298.5219028182334,-2.3931408793978766,-0.5657817725790384,-0.04930213051609881
outer,-1.1811266686660278,298.7730695018226,-2.3937103003538964,-0.5751180971075038,-0.04909692917339976
outer,-1.1728722046507667,298.68956815628127,-2.393806756636141,-0.5719931877132427,-0.048756234211459505
outer,-1.1634834758549844,298.6058480946259,-2.393933593904594,-0.5688628297217767,-0.04836942609097309
outer,-1.152990723855769,298.5219028182334,-2.394089753808042,-0.5657272325561755,-0.04793746875738008
outer,-1.1495405171490238,298.7730695018226,-2.394611055098321,-0.575063464982746,-0.047797857284042455
outer,-1.1407780388652107,298.68956815628127,-2.394714738831666,-0.5719390051068604,-0.047435993190015555
outer,-1.1309099627985697,298.6058480946259,-2.3948474593680897,-0.5688092511398234,-0.047028912536496575
outer,-1.1199086963793679,298.5219028182334,-2.3950086314423302,-0.565674332638964,-0.046575579867274376
outer,-1.1180540086249229,298.77306950182265,-2.395484277088948,-0.5750103425668116,-0.04650177001625102
outer,-1.1088123474562275,298.6895681562813,-2.3955942168678974,-0.5718864272980435,-0.04611968100860468
outer,-1.0984358072731508,298.6058480946259,-2.395732345507565,-0.5687572948692617,-0.04569127098403442
outer,-1.0869121455770276,298.5219028182334,-2.3958981734335167,-0.5656230168640646,-0.04521596963594489
outer,-1.0866966366023167,298.7730695018226,-2.396329992252743,-0.5749588022997818,-0.04520971328367673
outer,-1.0769465278715913,298.68956815628127,-2.39644571767043,-0.5718354524985857,-0.04480633668588324
outer,-1.0660475728262973,298.6058480946259,-2.3965889063171484,-0.5687069028289141,-0.04435600088244889
outer,-1.0554396511185653,298.77306950182253,-2.397148716689599,-0.5749088443786952,-0.0439207170365952
outer,-1.0539980827869049,298.5219028182334,-2.3967586155851786,-0.5655732285153963,-0.04385862299802662
outer,-1.0451670741091987,298.6895681562812,-2.3972698877214627,-0.5717860205056479,-0.04349545349685942
outer,-1.0337422552577054,298.6058480946259,-2.3974173780582886,-0.5686580159367314,-0.04302308428227927
outer,-1.0242694765648965,298.7730695018226,-2.3979410890345156,-0.5748604064778158,-0.04263426856315887
outer,-1.0211936979672263,298.5219028182334,-2.3975899753442267,-0.5655250302544024,-0.04250452141144867
outer,-1.0134709664184802,298.6895681562812,-2.398066963528961,-0.5717380698111457,-0.042187010795545994
outer,-1.0015471858898073,298.6058480946259,-2.398217776366043,-0.5686106970690015,-0.04169350308769462
outer,-0.9931830776278034,298.7730695018226,-2.398707345873509,-0.5748134245889202,-0.04135034470955224
outer,-0.9884732661719011,298.5219028182334,-2.398392691024519,-0.5654784250739778,-0.04115280933330769
outer,-0.9818856775939067,298.6895681562812,-2.3988369588617577,-0.5716916636391317,-0.04088199105528565
outer,-0.9694365060290993,298.6058480946259,-2.3989905300430103,-0.5685649508051005,-0.04036639377114322
outer,-0.9622080686897212,298.7730695018226,-2.3994474990455164,-0.574767962411593,-0.04006992863508015
outer,-0.9558242408658668,298.5219028182334,-2.3991673165057907,-0.5654333651421878,-0.03980301813403872
outer,-0.9503852150925802,298.68956815628127,-2.3995802929101666,-0.5716468083610342,-0.03957952288410247
outer,-0.9373976039094283,298.6058480946259,-2.3997361871077403,-0.5685207274650494,-0.03904128194226818
outer,-0.9313183232484881,298.7730695018226,-2.4001619580505484,-0.5747240283178389,-0.03879214120523142
outer,-0.9232442196536828,298.5219028182334,-2.399914036301704,-0.5653897909940767,-0.038455152472084364
outer,-0.9189569018674374,298.68956815628127,-2.400297507620537,-0.571603452421706,-0.03827912627613787
outer,-0.905428064644985,298.60584809462586,-2.4004549335772083,-0.5684779650869007,-0.03771816975956549
outer,-0.9005010989228497,298.77306950182253,-2.4008512585783888,-0.574681568831896,-0.037516496938986246
outer,-0.8907648911738282,298.5219028182334,-2.400632845521832,-0.5653477821674256,-0.03711033237096316
outer,-0.8875983105326818,298.6895681562812,-2.4009887903272427,-0.5715615312627083,-0.03698080104576344
outer,-0.8735597416276427,298.6058480946259,-2.4011467613972877,-0.5684367441217475,-0.03639817859577016
outer,-0.8697539558168449,298.7730695018226,-2.4015155890580977,-0.5746405166765736,-0.03624299345547188
outer,-0.8583489222813484,298.5219028182334,-2.4013241827389953,-0.5653073293541406,-0.03576730453402318
outer,-0.8563414593594798,298.6895681562812,-2.401654129781253,-0.5715211263949845,-0.03568567001802013
outer,-0.841755107612558,298.6058480946259,-2.401812099400868,-0.5683970569373064,-0.035080046216050445
outer,-0.8391090772157888,298.7730695018226,-2.4021549350176477,-0.5746009545736975,-0.034972755139309
outer,-0.8259921872417257,298.5219028182334,-2.4019884765188952,-0.5652683727541887,-0.03442589045260259
outer,-0.8251486268547584,298.6895681562812,-2.402293945012991,-0.5714822320146477,-0.034392462124573094
outer,-0.8100100154148909,298.6058480946259,-2.4024513739369566,-0.5683588408186477,-0.03376359005575795
outer,-0.8085285472195034,298.7730695018226,-2.4027697056861546,-0.5745628787075825,-0.033704502188739494
outer,-0.7940156443671725,298.6895681562812,-2.4029086599661764,-0.5714447823841843,-0.033100990866928366
outer,-0.7937020590099595,298.5219028182334,-2.4026258108809273,-0.565230899888532,-0.03308641475673599
outer,-0.7783318763227035,298.60584809462586,-2.403064668938764,-0.5683220821770462,-0.03244913350053807
outer,-0.7780081756923277,298.7730695018226,-2.403360322390785,-0.574526220188818,-0.03243804428104268
outer,-0.7629499615469556,298.6895681562812,-2.4034983583635423,-0.5714087628010267,-0.03181157850954593
outer,-0.7614892067710284,298.5219028182334,-2.403236295694749,-0.5651949615928943,-0.03174927511686765
outer,-0.7475554506783192,298.7730695018226,-2.40392686847134,-0.5744909631870059,-0.031173702686204167
outer,-0.7467314149913749,298.6058480946259,-2.4036520891394315,-0.5682868331747327,-0.031137073030374718
outer,-0.7319623585623791,298.6895681562812,-2.4040631397608236,-0.5713742268781444,-0.030524620447206587
outer,-0.7293266123775731,298.52190281823334,-2.403820302004453,-0.5651605414229413,-0.030413547741720982
outer,-0.7171812079038821,298.7730695018226,-2.404469438312449,-0.5744571629061643,-0.029911871825365775
outer,-0.715181472802745,298.60584809462586,-2.4042139986269464,-0.5682530778182303,-0.02982647794748914
outer,-0.7010255362170563,298.68956815628127,-2.4046033612071165,-0.5713411591420431,-0.029239179183724165
outer,-0.6972126613234996,298.5219028182334,-2.404378087246135,-0.5651275801171597,-0.029079178930143737
outer,-0.6868580074794955,298.77306950182253,-2.4049883818609668,-0.5744248044576898,-0.028651607507931946
outer,-0.6836804268565494,298.60584809462586,-2.4047506548421547,-0.568220754033843,-0.028517291381255548
outer,-0.670137863210394,298.6895681562812,-2.405119280021518,-0.5713094946037691,-0.02795519481345919
outer,-0.6651664524440092,298.5219028182334,-2.404909685219316,-0.5650961137914597,-0.02774687046679434
outer,-0.6565842096971647,298.7730695018226,-2.405483956157269,-0.5743938198138927,-0.027392846929519904
outer,-0.6522474752855169,298.6058480946259,-2.4052620892934637,-0.5681898983702842,-0.02721021575786871
outer,-0.6393186370482191,298.6895681562812,-2.4056109254248743,-0.5712792702890248,-0.02667337050498628
outer,-0.6331705467824645,298.52190281823334,-2.4054153191763255,-0.5650661589763787,-0.02641605568391274
outer,-0.6263792115172871,298.7730695018226,-2.4059561881821674,-0.5743642465300872,-0.026136294098046704
outer,-0.6208650884654212,298.60584809462586,-2.405748519002614,-0.5681605287346055,-0.025904679710890312
outer,-0.6085502373696604,298.68956815628127,-2.4060785081946667,-0.5712505055791474,-0.025393130268691888
outer,-0.6012152572537035,298.5219028182334,-2.4058952697173766,-0.5650376788300184,-0.025086377118229336
outer,-0.5962253017680488,298.7730695018226,-2.4064052824547106,-0.5743361055466742,-0.024881368463218246
outer,-0.5895235289467882,298.60584809462586,-2.4062102218200234,-0.5681326067623704,-0.02460032130715754
outer,-0.5778228763223063,298.6895681562812,-2.4065223033005245,-0.5712231605442376,-0.024114107804797724
outer,-0.5693057605178901,298.5219028182334,-2.40634964358141,-0.5650106546239178,-0.02375804538591666
outer,-0.5661126421529322,298.77306950182253,-2.406831510894273,-0.5743093553229484,-0.02362769946693013
outer,-0.5582280003038388,298.60584809462586,-2.4066473037885276,-0.5681061125016516,-0.023297349575363738
outer,-0.547141784415249,298.6895681562812,-2.4069424160546578,-0.5711972139635358,-0.02283651066462022
outer,-0.5374505584696887,298.52190281823334,-2.406778528018605,-0.5649851231506381,-0.02243138757829386
outer,-0.5360464901376296,298.77306950182253,-2.407234978080689,-0.5742839733295324,-0.022375493297249242
outer,-0.5269870486337723,298.6058480946259,-2.4070598484505603,-0.5680810838520939,-0.021996091166127437
outer,-0.5165155519817071,298.6895681562812,-2.407338926332165,-0.5711727049193289,-0.02156066512791569
outer,-0.5060354803279685,298.7730695018226,-2.4076157602810437,-0.5742599998942168,-0.021125075918820763
outer,-0.5056285022906847,298.52190281823334,-2.407182151839179,-0.564961078527295,-0.021105685388935955
outer,-0.4957794151626331,298.6058480946259,-2.4074480799490274,-0.5680575153395162,-0.02069582262297366
outer,-0.48592281020842065,298.6895681562812,-2.407712053517993,-0.5711496283866757,-0.020285842677590926
outer,-0.47605813378105716,298.77306950182253,-2.4079740720008624,-0.5742374304889907,-0.01987571384800585
outer,-0.4738385266197375,298.52190281823334,-2.40756067107801,-0.5649384773102836,-0.01978089191904831
outer,-0.46460402899033165,298.6058480946258,-2.407812153795379,-0.5680353613613291,-0.019396493857481004
outer,-0.4553624826520263,298.6895681562812,-2.408061952560101,-0.5711279365071636,-0.019011990127415567
outer,-0.44611336850577943,298.7730695018226,-2.408310067604858,-0.5742162149009631,-0.018627350895509587
outer,-0.4420962335137965,298.52190281823334,-2.4079141324072943,-0.5649173486862592,-0.018457580279893547
outer,-0.4334765732909894,298.60584809462586,-2.408152114527312,-0.5680146517190985,-0.01809867877260611
outer,-0.4248503336657998,298.6895681562812,-2.4083886659072764,-0.5711076597350345,-0.017739682230270545
outer,-0.4162170301010266,298.77306950182253,-2.4086237875181418,-0.5741963842661134,-0.01738056270581332
outer,-0.4103831437946459,298.5219028182334,-2.4082426961544647,-0.56489770152677,-0.01713514571420755
outer,-0.4023784728106374,298.60584809462586,-2.4084681184325887,-0.5679953962377403,-0.016801768603784614
outer,-0.3943676918466882,298.6895681562812,-2.408692345747988,-0.5710888089186983,-0.016468306298846422
outer,-0.38635035093603853,298.7730695018226,-2.4089153797397773,-0.5741779505342106,-0.016134732758653226
outer,-0.37869529824364745,298.52190281823334,-2.408546508006762,-0.5648795063054283,-0.01581342562749025
outer,-0.37130574774624003,298.6058480946258,-2.408760309624012,-0.5679775639520895,-0.015505597276043753
outer,-0.3639105567914832,298.6895681562812,-2.4089731345844703,-0.5710713515955054,-0.015197692861086923
outer,-0.3565093099903862,298.77306950182253,-2.4091849851253424,-0.574160879675723,-0.014889688275835748
outer,-0.34703969894760334,298.52190281823334,-2.408825628630625,-0.5648627669536371,-0.014492687826292117
outer,-0.34026543658933034,298.60584809462586,-2.409028747361862,-0.567961158630116,-0.014210431893341187
outer,-0.33348600342428464,298.68956815628115,-2.4092310903060197,-0.5710552913593464,-0.013928108374295289
outer,-0.3267010186506591,298.7730695018226,-2.409432660249011,-0.5741451750919409,-0.013645695110906813
outer,-0.3154122673757021,298.5219028182334,-2.4090801542198657,-0.5648474966195957,-0.01317282015081496
outer,-0.3092534396043133,298.60584809462586,-2.409273525482399,-0.567946194064712,-0.012916158521669786
outer,-0.3030899107884295,298.6895681562812,-2.409466304363737,-0.5710406426791554,-0.012659437203032201
outer,-0.29692133472177307,298.77306950182253,-2.409658494155969,-0.5741308519826438,-0.012402635999937229
outer,-0.28380359053942195,298.52190281823334,-2.409310196143852,-0.5648336854596157,-0.011853494522882322
outer,-0.27826029486324316,298.6058480946259,-2.4094947533324382,-0.5679326600620473,-0.011622445704100825
outer,-0.2727127679792976,298.6895681562812,-2.4096788840644736,-0.5710273950024323,-0.011391344588583487
outer,-0.26716069828228217,298.7730695018225,-2.409862592088951,-0.5741178994212633,-0.011160172966700344
outer,-0.2522151635297862,298.52190281823334,-2.409515814648599,-0.5648213231025957,-0.010534769501659358
outer,-0.24728750523026627,298.60584809462586,-2.409692489926873,-0.5679205455873692,-0.010329350082319128
outer,-0.24235608564016317,298.6895681562812,-2.409868887219065,-0.5710155366002928,-0.010123885291070701
outer,-0.23742062776094944,298.77306950182253,-2.410045010677383,-0.5741063049287547,-0.009918358912276753
outer,-0.22065084485752023,298.5219028182333,-2.4096970709748105,-0.5648104210255922,-0.009216801435281143
outer,-0.2163389492771641,298.60584809462586,-2.4098667952407213,-0.5679098625091992,-0.009037027346025274
outer,-0.21202376241897758,298.6895681562812,-2.410036372531882,-0.5710050797589957,-0.008857214401056182
outer,-0.20770504189838443,298.77306950182253,-2.410205807348694,-0.5740960812478163,-0.008677348385006152
outer,-0.18909905691301143,298.52190281823334,-2.4098540456944106,-0.5648009784468425,-0.007899202562183488
outer,-0.1854029892006727,298.6058480946258,-2.4100177482928653,-0.5679006101577169,-0.007745086616931264
outer,-0.18170410027307665,298.6895681562812,-2.4101814174540044,-0.5709960239301259,-0.007590938000129558
outer,-0.17800218236316037,298.7730695018225,-2.410345057981422,-0.5740872279748912,-0.007436744511858256
outer,-0.1575591609416973,298.52190281823334,-2.4099867804743482,-0.56479298457657,-0.006581947637215746
outer,-0.15447898292532347,298.60584809462586,-2.4101453895297826,-0.5678927771400317,-0.006453500424258069
outer,-0.1513964538034393,298.6895681562812,-2.4103040612106645,-0.5709883570775488,-0.006325026424218964
outer,-0.14831140042995575,298.7730695018225,-2.410462800583237,-0.5740797323793333,-0.006196515458976382
outer,-0.12603529551018341,298.52190281823334,-2.4100953160183844,-0.564786445550899,-0.005265198190328542
outer,-0.12357109053465774,298.6058480946258,-2.410249759004072,-0.5678863697760992,-0.005162429569923263
outer,-0.121105004626929,298.68956815628115,-2.410404343213683,-0.5709820857256399,-0.005059639799824937
outer,-0.11863689926671636,298.77306950182253,-2.410559073922842,-0.574073601205602,-0.004956820727721861
outer,-0.09451861063351945,298.52190281823334,-2.4101796994979066,-0.5647813626848764,-0.003948664420346451
outer,-0.09267041603148037,298.60584809462586,-2.410330903115041,-0.5678813895096118,-0.003871581644004027
outer,-0.090820810699145,298.6895681562812,-2.4104823090899345,-0.5709772114559257,-0.0037944831720972813
outer,-0.08896969074392366,298.7730695018225,-2.410633922856871,-0.5740688361871634,-0.0037173628857941512
outer,-0.06300783341143325,298.52190281823334,-2.4102399523435922,-0.5647777308490968,-0.0026323007196755186
outer,-0.06177567989762455,298.60584809462586,-2.4103888424578104,-0.5678778309228923,-0.0025809090473708452
outer,-0.060542585878784326,298.68956815628115,-2.4105379785900016,-0.5709737285384143,-0.0025295069903653257
outer,-0.059308482091795164,298.7730695018225,-2.410687366289369,-0.5740654312576406,-0.0024780904671733808
outer,-0.03150305750337242,298.5219028182334,-2.4102760949794173,-0.5647755516548357,-0.0013161243460887682
outer,-0.030886976279340856,298.6058480946258,-2.4104235971530357,-0.5678756956719986,-0.001290427617775728
outer,-0.030270424799409414,298.68956815628115,-2.410571371536567,-0.5709716386791209,-0.0012647257201720912
outer,-0.029653368431764953,298.7730695018225,-2.4107194237545606,-0.5740633881828089,-0.0012390166115762288
outer,-5.088887490341627e-14,298.7730695018225,-2.4107301092218463,-0.5740627076475703,-2.7288364379776577e-13
outer,-5.088887490341627e-14,298.5219028182333,-2.4102881419860793,-0.5647748256747254,-4.478794606554327e-13
outer,-5.088887490341627e-14,298.68956815628115,-2.4105825021015836,-0.5709709425230901,-3.434176681557012e-13
outer,-5.088887490341627e-14,298.6058480946258,-2.4104351815740013,-0.5678749843626522,-2.6137754977761013e-13
outer,0.029653368431612284,298.7730695018225,-2.4107194237538003,-0.5740633881828561,0.0012390166111334118
outer,0.030270424799307638,298.68956815628115,-2.410571371536251,-0.5709716386788123,0.0012647257196014968
outer,0.030886976279239076,298.6058480946258,-2.4104235971524117,-0.5678756956708202,0.0012904276175393656
outer,0.03150305750327064,298.5219028182333,-2.4102760949755933,-0.5647755516503763,0.0013161243455809357
outer,0.059308482091693385,298.7730695018225,-2.4106873662870423,-0.5740654312561799,0.0024780904668377656
outer,0.060542585878631656,298.68956815628115,-2.4105379785912566,-0.5709737285396821,0.0025295069898325626
outer,0.06177567989747188,298.60584809462586,-2.410388842459619,-0.5678778309237693,0.0025809090472950873
outer,0.06300783341133147,298.52190281823323,-2.4102399523445333,-0.5647777308486761,0.002632300719452579
outer,0.088969690743771,298.77306950182253,-2.4106339228555775,-0.5740688361859287,0.0037173628855239386
outer,0.09082081069904321,298.6895681562812,-2.410482309091579,-0.5709772114572884,0.003794483171472013
outer,0.09267041603132771,298.60584809462586,-2.4103309031170728,-0.5678813895110325,0.003871581643659743
outer,0.09451861063336678,298.5219028182333,-2.4101796995008287,-0.5647813626868968,0.003948664419911628
outer,0.11863689926656369,298.77306950182253,-2.410559073923669,-0.5740736012053125,0.004956820727016498
outer,0.12110500462682722,298.68956815628115,-2.4104043432145144,-0.5709820857255208,0.005059639798812528
outer,0.12357109053450507,298.6058480946258,-2.4102497590060383,-0.5678863697775662,0.005162429569127271
outer,0.12603529551003073,298.52190281823334,-2.410095316019263,-0.564786445551806,0.005265198189622728
outer,0.1483114004298031,298.7730695018225,-2.4104628005858726,-0.5740797323806732,0.00619651545746541
outer,0.15139645380333752,298.6895681562812,-2.4103040612125732,-0.5709883570781614,0.006325026422579287
outer,0.1544789829252217,298.60584809462586,-2.410145389531576,-0.5678927771407702,0.006453500422801434
outer,0.15755916094159553,298.52190281823334,-2.409986780474072,-0.5647929845758096,0.00658194763596779
outer,0.1780021823630077,298.7730695018225,-2.4103450579835877,-0.5740872279769366,0.007436744509981984
outer,0.18170410027297487,298.6895681562812,-2.4101814174563576,-0.5709960239320522,0.007590937998053568
outer,0.18540298920052004,298.6058480946258,-2.410017748295023,-0.5679006101589337,0.007745086614933389
outer,0.18909905691290965,298.52190281823334,-2.4098540456963953,-0.5648009784476415,0.007899202560493328
outer,0.20770504189828265,298.77306950182253,-2.4102058073482864,-0.5740960812493159,0.008677348383252827
outer,0.2120237624188758,298.6895681562812,-2.4100363725334906,-0.5710050797619717,0.008857214399014872
outer,0.21633894927701142,298.60584809462586,-2.409866795243746,-0.5679098625128574,0.009037027343985383
outer,0.22065084485741845,298.52190281823334,-2.4096970709784142,-0.5648104210291394,0.009216801433718584
outer,0.23742062776079678,298.77306950182253,-2.4100450106751006,-0.5741063049299303,0.009918358910704774
outer,0.24235608564001052,298.6895681562812,-2.409868887218415,-0.5710155366025172,0.01012388528947043
outer,0.2472875052301136,298.60584809462586,-2.409692489927272,-0.5679205455903464,0.010329350080769994
outer,0.2522151635296335,298.52190281823334,-2.409515814649197,-0.5648213231055063,0.010534769500579223
outer,0.26716069828212946,298.7730695018225,-2.40986259208869,-0.5741178994236951,0.011160172965213837
outer,0.27271276797919586,298.6895681562812,-2.4096788840639873,-0.5710273950047865,0.011391344587322879
outer,0.27826029486309045,298.6058480946258,-2.409494753331424,-0.5679326600642948,0.01162244570310501
outer,0.28380359053932014,298.52190281823334,-2.409310196143203,-0.5648336854624647,0.011853494522169855
outer,0.2969213347216204,298.77306950182253,-2.409658494155791,-0.5741308519828435,0.012402635998620324
outer,0.30308991078827685,298.68956815628115,-2.4094663043638644,-0.5710406426804294,0.012659437201925234
outer,0.3092534396041606,298.6058480946259,-2.409273525483112,-0.5679461940674361,0.012916158520991974
outer,0.3154122673756003,298.5219028182334,-2.409080154219947,-0.564847496622242,0.013172820150143207
outer,0.32670101865050644,298.7730695018226,-2.409432660246825,-0.57414517508928,0.01364569510977307
outer,0.333486003424132,298.6895681562812,-2.409231090303515,-0.5710552913568423,0.01392810837337053
outer,0.3402654365892286,298.60584809462586,-2.409028747362116,-0.5679611586307233,0.014210431892817805
outer,0.3470396989474507,298.52190281823334,-2.4088256286307295,-0.5648627669545913,0.014492687825582775
outer,0.35650930999023356,298.77306950182253,-2.4091849851246177,-0.5741608796745983,0.014889688274702925
outer,0.3639105567913305,298.6895681562812,-2.4089731345825665,-0.5710713515933833,0.015197692860333819
outer,0.3713057477460874,298.60584809462586,-2.408760309622858,-0.5679775639507431,0.015505597275595777
outer,0.37869529824349474,298.52190281823334,-2.408546508007579,-0.5648795063060768,0.015813425626881972
outer,0.3863503509359367,298.77306950182253,-2.408915379742512,-0.5741779505370849,0.016134732757506442
outer,0.39436769184658643,298.6895681562812,-2.4086923457511995,-0.5710888089218681,0.01646830629816373
outer,0.40237847281053557,298.60584809462586,-2.408468118432429,-0.5679953962376998,0.016801768603384698
outer,0.41038314379454416,298.52190281823334,-2.4082426961542467,-0.5648977015266097,0.01713514571374049
outer,0.4162170301009248,298.77306950182253,-2.408623787520124,-0.5741963842686372,0.017380562704424885
outer,0.4248503336656471,298.6895681562812,-2.4083886659086895,-0.5711076597366207,0.017739682229346687
outer,0.4334765732908367,298.60584809462586,-2.4081521145278657,-0.5680146517196949,0.01809867877202538
outer,0.4420962335136947,298.52190281823334,-2.4079141324093385,-0.5649173486882134,0.018457580279260494
outer,0.4461133685056776,298.77306950182253,-2.408310067603542,-0.5742162149007164,0.018627350894159466
outer,0.4553624826518736,298.6895681562812,-2.4080619525588016,-0.5711279365069627,0.01901199012648613
outer,0.464604028990179,298.6058480946259,-2.4078121537960064,-0.5680353613626983,0.019396493856937397
outer,0.47383852661958487,298.5219028182334,-2.407560671080128,-0.5649384773128215,0.0197808919185273
outer,0.47605813378090445,298.7730695018226,-2.4079740719980167,-0.5742374304882518,0.019875713847440864
outer,0.485922810208268,298.6895681562812,-2.407712053513888,-0.5711496283853358,0.020285842677222297
outer,0.4957794151624804,298.6058480946259,-2.407448079946414,-0.56805751533972,0.02069582262284243
outer,0.5056285022905829,298.5219028182334,-2.40718215183695,-0.5649610785275999,0.02110568538880779
outer,0.5060354803278667,298.77306950182253,-2.4076157602801187,-0.5742599998954642,0.021125075918771333
outer,0.5165155519816053,298.6895681562812,-2.4073389263277143,-0.5711727049179662,0.021560665127817732
outer,0.5269870486336197,298.6058480946259,-2.4070598484446175,-0.5680810838496964,0.021996091166038442
outer,0.5360464901375278,298.7730695018226,-2.4072349780815805,-0.5742839733322423,0.022375493297055855
outer,0.5374505584695869,298.52190281823334,-2.4067785280157787,-0.5649851231510402,0.022431387577973624
outer,0.5471417844150963,298.6895681562812,-2.4069424160546795,-0.571197213965721,0.022836510664353098
outer,0.5582280003036861,298.60584809462586,-2.4066473037858582,-0.568106112501305,0.023297349574893444
outer,0.5661126421528304,298.7730695018226,-2.4068315108934564,-0.5743093553237033,0.023627699466380266
outer,0.5693057605177374,298.52190281823334,-2.406349643580367,-0.5650106546248935,0.023758045385196963
outer,0.5778228763222046,298.68956815628127,-2.4065223033021437,-0.5712231605472983,0.02411410780437504
outer,0.5895235289466355,298.60584809462586,-2.406210221821949,-0.5681326067656248,0.024600321306346543
outer,0.5962253017679471,298.77306950182253,-2.4064052824532634,-0.5743361055465582,0.024881368462467367
outer,0.6012152572535508,298.52190281823334,-2.405895269717139,-0.5650376788310534,0.02508637711731025
outer,0.6085502373695078,298.6895681562812,-2.406078508197492,-0.5712505055827913,0.025393130268079878
outer,0.6208650884653194,298.6058480946259,-2.4057485190043657,-0.5681605287371176,0.025904679709811924
outer,0.6263792115171345,298.77306950182253,-2.405956188182424,-0.5743642465322116,0.026136294097219837
outer,0.6331705467823119,298.5219028182334,-2.405415319173946,-0.5650661589750918,0.02641605568279622
outer,0.6393186370480665,298.68956815628127,-2.4056109254269935,-0.5712792702926258,0.02667337050416345
outer,0.652247475285415,298.6058480946259,-2.405262089292365,-0.5681898983706719,0.02721021575675208
outer,0.656584209697012,298.7730695018226,-2.4054839561574477,-0.5743938198172007,0.027392846928812813
outer,0.6651664524439075,298.5219028182334,-2.4049096852164653,-0.5650961137905387,0.027746870465734687
outer,0.6701378632102414,298.68956815628127,-2.4051192800193895,-0.5713094946050441,0.02795519481263979
outer,0.6836804268564476,298.60584809462586,-2.4047506548381357,-0.5682207540334884,0.02851729138027602
outer,0.6868580074793429,298.7730695018226,-2.404988381857699,-0.5744248044579903,0.028651607507427325
outer,0.6972126613233469,298.5219028182334,-2.404378087243756,-0.5651275801185859,0.02907917892928525
outer,0.7010255362169037,298.68956815628127,-2.404603361201895,-0.5713411591410035,0.02923917918305955
outer,0.7151814728025924,298.60584809462586,-2.4042139986198343,-0.5682530778160466,0.02982647794660492
outer,0.7171812079037803,298.7730695018226,-2.404469438307077,-0.5744571629048952,0.029911871824968704
outer,0.7293266123774204,298.5219028182334,-2.4038203019993847,-0.5651605414229751,0.030413547740938136
outer,0.7319623585622773,298.6895681562812,-2.404063139754369,-0.5713742268762264,0.030524620446828164
outer,0.7467314149912732,298.60584809462586,-2.403652089131257,-0.5682868331717185,0.031137073029759616
outer,0.7475554506781665,298.7730695018226,-2.4039268684690964,-0.574490963189772,0.031173702685797885
outer,0.7614892067709267,298.5219028182334,-2.4032362956895263,-0.5651949615930203,0.03174927511636856
outer,0.7629499615468538,298.6895681562812,-2.403498358360963,-0.5714087628037531,0.03181157850923932
outer,0.7780081756922259,298.7730695018226,-2.4033603223894358,-0.5745262201916497,0.03243804428081917
outer,0.7783318763225509,298.6058480946259,-2.403064668933674,-0.568322082177409,0.032449133500029585
outer,0.7937020590098068,298.5219028182334,-2.4026258108769705,-0.5652308998896464,0.0330864147563781
outer,0.7940156443670199,298.6895681562812,-2.4029086599633,-0.5714447823861046,0.03310099086680189
outer,0.8085285472193507,298.7730695018226,-2.402769705681759,-0.5745628787059609,0.03370450218892761
outer,0.8100100154147383,298.6058480946259,-2.402451373931873,-0.568358840818821,0.03376359005536763
outer,0.8251486268546566,298.6895681562812,-2.402293945006505,-0.5714822320114515,0.03439246212507226
outer,0.8259921872415731,298.5219028182334,-2.4019884765134147,-0.5652683727538855,0.03442589045221761
outer,0.8391090772156361,298.77306950182253,-2.402154935011233,-0.5746009545706783,0.034972755139692696
outer,0.8417551076124562,298.6058480946259,-2.4018120993960492,-0.568397056936282,0.035080046216211594
outer,0.8563414593593272,298.68956815628127,-2.4016541297769414,-0.5715211263938231,0.035685670018918425
outer,0.8583489222812466,298.5219028182334,-2.4013241827356513,-0.5653073293550378,0.03576730453395409
outer,0.8697539558167431,298.7730695018226,-2.401515589051604,-0.5746405166743757,0.03624299345570793
outer,0.8735597416275409,298.6058480946259,-2.4011467613964173,-0.5684367441238877,0.036398178596400196
outer,0.88759831053258,298.68956815628127,-2.400988790323363,-0.5715615312625307,0.036980801046621554
outer,0.8907648911737264,298.52190281823334,-2.400632845521932,-0.5653477821708102,0.03711033237126193
outer,0.900501098922697,298.7730695018226,-2.4008512585726898,-0.5746815688296446,0.03751649693902937
outer,0.9054280646448832,298.6058480946259,-2.4004549335774152,-0.5684779650903499,0.0377181697601527
outer,0.9189569018672847,298.6895681562812,-2.4002975076169553,-0.5716034524212007,0.03827912627681186
outer,0.9232442196535809,298.5219028182334,-2.3999140363018174,-0.5653897909974396,0.038455152472401076
outer,0.9313183232483863,298.77306950182253,-2.400161958045527,-0.5747240283148665,0.038792141205177856
outer,0.9373976039093265,298.6058480946259,-2.3997361871066736,-0.5685207274668955,0.03904128194269309
outer,0.9503852150924784,298.68956815628127,-2.3995802929064745,-0.5716468083593621,0.039579522884676144
outer,0.955824240865765,298.52190281823334,-2.3991673165050313,-0.5654333651444011,0.039803018134211686
outer,0.9622080686895685,298.7730695018226,-2.3994474990426413,-0.5747679624102593,0.040069928634976305
outer,0.9694365060289974,298.6058480946259,-2.3989905300410426,-0.5685649508052049,0.040366393771597155
outer,0.9818856775938049,298.68956815628127,-2.3988369588586593,-0.5716916636376379,0.040881991055670384
outer,0.9884732661717994,298.5219028182334,-2.3983926910222944,-0.5654784250740025,0.0411528093334892
outer,0.9931830776277016,298.7730695018226,-2.3987073458733525,-0.5748134245896799,0.041350344709580586
outer,1.0015471858897054,298.60584809462586,-2.398217776364708,-0.5686106970688198,0.04169350308804055
outer,1.0134709664183275,298.68956815628127,-2.3980669635308245,-0.5717380698137984,0.042187010795572806
outer,1.0211936979670735,298.5219028182334,-2.3975899753414267,-0.5655250302525159,0.042504521411638255
outer,1.0242694765647946,298.77306950182253,-2.39794108903133,-0.574860406475824,0.04263426856337684
outer,1.0337422552576037,298.60584809462597,-2.3974173780600925,-0.5686580159387196,0.043023084282295614
outer,1.045167074109046,298.68956815628127,-2.397269887721374,-0.5717860205068042,0.04349545349671074
outer,1.0539980827867523,298.5219028182334,-2.3967586155846483,-0.5655732285147017,0.0438586229981051
outer,1.0554396511184125,298.7730695018226,-2.397148716683898,-0.5749088443751532,0.04392071703676858
outer,1.0660475728261447,298.6058480946259,-2.39658890631924,-0.568706902831834,0.044356000882096354
outer,1.0769465278714387,298.6895681562812,-2.396445717668585,-0.5718354524985139,0.04480633668576363
outer,1.086696636602215,298.7730695018226,-2.3963299922502443,-0.5749588022987424,0.04520971328365553
outer,1.0869121455768749,298.5219028182334,-2.395898173433167,-0.5656230168641297,0.04521596963575304
outer,1.0984358072730491,298.6058480946259,-2.395732345508137,-0.5687572948710664,0.04569127098347274
outer,1.1088123474560747,298.68956815628127,-2.39559421686707,-0.57188642729775,0.04611968100859771
outer,1.118054008624821,298.77306950182253,-2.3954842770888196,-0.575010342566802,0.04650177001606066
outer,1.119908696379215,298.5219028182334,-2.3950086314409353,-0.5656743326381553,0.04657557986679201
outer,1.130909962798417,298.6058480946259,-2.394847459366923,-0.5688092511388166,0.04702891253599144
outer,1.140778038865058,298.6895681562812,-2.394714738832886,-0.5719390051074746,0.047435993189993635
outer,1.149540517148922,298.77306950182265,-2.3946110550989816,-0.5750634649826596,0.047797857283885956
outer,1.1529907238556165,298.5219028182334,-2.3940897538078305,-0.5657272325558754,0.047937468756753074
outer,1.1634834758548824,298.6058480946259,-2.3939335939076734,-0.5688628297240735,0.04836942609063527
outer,1.1728722046506648,298.68956815628127,-2.39380675663951,-0.5719931877156098,0.04875623421150964
outer,1.181126668665875,298.77306950182253,-2.3937103003549036,-0.5751180971077273,0.04909692917337007
outer,1.186171594961965,298.5219028182334,-2.393140879401007,-0.5657817725816553,0.04930213051557361
outer,1.1961848017047618,298.60584809462597,-2.3929902116546913,-0.5689180341504999,0.04971376346254028
outer,1.2050655025270585,298.68956815628127,-2.3928702430072875,-0.5720489029720953,0.05007935849813384
outer,1.212816202900169,298.77306950182253,-2.3927818266426018,-0.5751742962158842,0.05039899775734499
outer,1.219479617783284,298.52190281823346,-2.3921614604185364,-0.5658379577408728,0.05067050769264471
outer,1.2289847491614143,298.60584809462597,-2.392017284041993,-0.5689747924319559,0.051060879339750814
outer,1.2373616530439009,298.6895681562812,-2.3919050123900614,-0.5721062061271519,0.05140537545202471
outer,1.2446130834074465,298.77306950182265,-2.391824913944808,-0.5752321393131078,0.05170425606430021
outer,1.2528857521166625,298.5219028182334,-2.3911514670323992,-0.5658957160582903,0.052041555132051456
outer,1.2618870196154006,298.6058480946259,-2.3910146262306653,-0.5690331578161782,0.05241078025496183
outer,1.2697645994344646,298.6895681562812,-2.390910336940708,-0.5721651705950659,0.05273447338432468
outer,1.276565942067271,298.77306950182253,-2.3908387495054604,-0.5752916732877325,0.053014352555368564
outer,1.2863936802082157,298.5219028182334,-2.3901107152708603,-0.5659550987916596,0.053415276293226906
outer,1.2948955359941616,298.6058480946259,-2.3899815030069345,-0.5690932001900979,0.05376364957510628
outer,1.3023227242267446,298.68956815628127,-2.3898853899038706,-0.5722258451471524,0.054068287858100576
outer,1.3086392535604934,298.7730695018226,-2.389823259031063,-0.5753527823006609,0.05432806722736028
outer,1.3200073046950231,298.5219028182334,-2.3890384630789265,-0.5660161723697998,0.054791849400902495
outer,1.328058431678239,298.6058480946259,-2.388917074093182,-0.5691549699707118,0.05512110986141821
outer,1.3350006842515507,298.6895681562812,-2.388830094715417,-0.5722881149972043,0.0554055988031436
outer,1.3408351966520033,298.7730695018226,-2.388778286200042,-0.5754155338699055,0.05564532875604708
outer,1.3537745100002427,298.5219028182334,-2.3879338570174315,-0.5660789886122871,0.05617288389677407
outer,1.3613405454992975,298.6058480946259,-2.3878212606631304,-0.5692183532221625,0.056481940915036596
outer,1.367800647102495,298.68956815628127,-2.387744296914322,-0.5723520453652939,0.05674633261206817
outer,1.37315860055405,298.7730695018226,-2.387703293000569,-0.575479969404341,0.056966283977946806
outer,1.3876603168175192,298.5219028182334,-2.3867968159310906,-0.5661434341612486,0.057557159328818316
outer,1.3947440338887798,298.6058480946259,-2.386693910013757,-0.569283412857785,0.05784606655600906
outer,1.4007274172309785,298.68956815628127,-2.386627452022585,-0.5724176761046744,0.05809063104048071
outer,1.4056261755516277,298.7730695018226,-2.3865973832117384,-0.575546172955104,0.05829153834715387
outer,1.4216668704248276,298.5219028182334,-2.3856271889897136,-0.5662095695553386,0.05894459665033357
outer,1.428273676557392,298.6058480946259,-2.3855344713676496,-0.5693501868698754,0.05921362310005859
outer,1.4337976192427386,298.68956815628127,-2.3854786513164554,-0.5724850883709323,0.059439091430617014
outer,1.4382673482787316,298.77306950182253,-2.3854597740480807,-0.5756141558568689,0.05962207483400121
outer,1.4557989258109059,298.5219028182334,-2.3844244196615483,-0.5662774307485914,0.060335326480962834
outer,1.4619460125020947,298.6058480946259,-2.38434202471354,-0.5694187534439986,0.06058519958436585
outer,1.4670405288919555,298.6895681562812,-2.3842970998178186,-0.5725542946118417,0.06079268523175153
outer,1.4710535202891557,298.7730695018226,-2.384290323123796,-0.575683838401567,0.06095687103842164
outer,1.4900729364291265,298.52190281823346,-2.3831875777835885,-0.5663470929868166,0.06172992945129349
outer,1.4957901667204045,298.6058480946259,-2.3831157640898053,-0.5694891261082863,0.061961756069997855
outer,1.5004276943659678,298.68956815628127,-2.3830826558791376,-0.5726252144868085,0.062150389003811334
outer,1.5039905292541809,298.7730695018226,-2.3830887174834405,-0.5757552940253733,0.062295991855576896
outer,1.5245178766355043,298.52190281823346,-2.381915847112686,-0.5664185708101169,0.06312935429374893
outer,1.5297778339133115,298.60584809462586,-2.3818555488825757,-0.5695612241474931,0.06334226823242471
outer,1.5339649234044423,298.68956815628127,-2.3818350082325797,-0.5726979194169598,0.06351226416075068
outer,1.5370845339745496,298.7730695018226,-2.3818543614797774,-0.5758285498468624,0.06363960514806476
outer,1.5591055875327753,298.5219028182334,-2.380609087945743,-0.5664917831380516,0.06453257574249445
outer,1.5639147919132421,298.60584809462597,-2.380561068895122,-0.5696351171674138,0.06472679375437185
outer,1.5676583432298439,298.68956815628127,-2.3805535563729605,-0.5727724367121124,0.06487847317301279
outer,1.57034202910104,298.7730695018226,-2.380586298638327,-0.5759036989430667,0.06498795989821442
outer,1.59384181706918,298.5219028182334,-2.3792669907035737,-0.5665667976506151,0.06593964733717572
outer,1.5982071363903896,298.6058480946259,-2.379231717754069,-0.5697108321212081,0.06611548907121495
outer,1.6015144151927978,298.68956815628127,-2.379237331570738,-0.5728488566783385,0.06624925873443828
outer,1.6038075061506907,298.77306950182265,-2.3792833539689453,-0.5759808164206041,0.06634254437890616
outer,1.628732629386505,298.5219028182334,-2.3778889429178736,-0.5666436403451353,0.0673507188775653
outer,1.6326612954225017,298.6058480946259,-2.377866514736047,-0.5697884558882504,0.06750858980056791
outer,1.6355774026879333,298.68956815628127,-2.377885140780787,-0.5729272556509921,0.06762609428329022
outer,1.6374572454134264,298.7730695018226,-2.377945125632545,-0.5760598014142523,0.06770253231253825
outer,1.663784419314965,298.52190281823346,-2.3764739528529755,-0.5667223941583472,0.06876601833945886
outer,1.667321304468205,298.6058480946259,-2.376464250167334,-0.569868065178492,0.06890755405520199
outer,1.669823707623785,298.6895681562812,-2.3764965761567,-0.5730075324764639,0.06900814875275449
outer,1.671292352945916,298.77306950182265,-2.3765712706985402,-0.5761407275369941,0.06906781731383407
outer,1.6990409945512217,298.5219028182334,-2.375020795814997,-0.5668031355275241,0.07018698825039915
outer,1.702163686955359,298.6058480946259,-2.375024512122394,-0.5699495581009507,0.07031154593690271
outer,1.7042544303858633,298.68956815628127,-2.375071293477732,-0.5730897567011938,0.07039531010155968
outer,1.7053205992264904,298.77306950182253,-2.375161062147716,-0.5762236458979141,0.07043859392203082
outer,1.7344789999495893,298.5219028182334,-2.3735290573509573,-0.5668857614598479,0.07161278792447659
outer,1.7371895376028965,298.60584809462597,-2.373546957018942,-0.5700330003611332,0.07172044788119811
outer,1.7388773016108359,298.68956815628127,-2.3736085611674502,-0.5731739767857817,0.07178776463770573
outer,1.7395501623235983,298.7730695018226,-2.3737136717514535,-0.5763085986205011,0.07181508326759815
outer,1.7700995245669005,298.5219028182334,-2.3719983958509467,-0.5669703338737822,0.07304329433374128
outer,1.7724065472383395,298.6058480946259,-2.3720308496804323,-0.5701184378211318,0.073134438059418
outer,1.7737004574353803,298.68956815628127,-2.3721075462687136,-0.5732602329867629,0.07318572509079291
outer,1.7739896461283746,298.7730695018226,-2.3722282279635274,-0.5763956300334061,0.0731975176008511
outer,1.8059102194517593,298.5219028182334,-2.37042807322287,-0.5670568958312648,0.07447867748286005
outer,1.8078228101010967,298.6058480946259,-2.3704753526770124,-0.5702059086128316,0.07455372068543992
outer,1.8086480993397014,298.7730695018226,-2.370703520461598,-0.5764848470992175,0.07458619752100845
outer,1.8087324576358286,298.68956815628127,-2.37056737185849,-0.5733485680085051,0.07458941522834803
outer,1.841919136978315,298.5219028182334,-2.3688172479732104,-0.5671454828740825,0.07591913288362134
outer,1.8434468418886258,298.6058480946259,-2.36887958391642,-0.5702954532771162,0.07597851074379433
outer,1.8435658774533719,298.77306950182253,-2.369138108037322,-0.5765763295640665,0.07598242638480081
outer,1.843982304515371,298.68956815628127,-2.3689868165484613,-0.5734390846985404,0.07599912652937998
outer,1.8781347487987885,298.5219028182334,-2.36716503339859,-0.5672361326871134,0.07736486644939992
outer,1.8787243693275137,298.7730695018226,-2.367531293740507,-0.5766699925164656,0.07738552159390888
outer,1.8792875985463873,298.6058480946259,-2.3672423117543953,-0.5703871699614319,0.07740909018689653
outer,1.879490146654057,298.6895681562813,-2.3673644254846993,-0.573531862999832,0.07741614644342651
outer,1.9141303018143632,298.7730695018226,-2.3658824048769582,-0.5767659366534895,0.07879555641776584
outer,1.9145659645362778,298.5219028182334,-2.3654701887239593,-0.5673289379803055,0.07881615027878275
outer,1.9152374683354083,298.68956815628127,-2.365699499070667,-0.5736268168559827,0.07883978601925978
outer,1.915385021907995,298.6058480946259,-2.365562068676233,-0.5704811377466279,0.07884673018393758
outer,1.949794394130347,298.7730695018226,-2.3641903527322947,-0.5768642294569287,0.08021280426177031
outer,1.9512309619208097,298.6895681562812,-2.363991362196882,-0.5737240422208774,0.08027011019289068
outer,1.9512525194357175,298.5219028182334,-2.3637312350447117,-0.5674239758043723,0.0802742390134111
outer,1.9517206916043515,298.6058480946259,-2.363838153556304,-0.5705772682649134,0.08029073515599792
outer,1.9857279016280207,298.77306950182265,-2.36245394314383,-0.5769649345043144,0.08163755912817966
outer,1.9874812916658382,298.68956815628127,-2.362238919199172,-0.5738236020800523,0.08170738097999325
outer,1.9881760884024153,298.5219028182334,-2.361947471069916,-0.5675211542350025,0.08173843033854705
outer,1.9883012655342338,298.6058480946259,-2.362069890637894,-0.5706756517698125,0.08174116148975255
outer,2.0219426391029693,298.7730695018226,-2.36067191278548,-0.5770681172653408,0.0830701266451761
outer,2.0239996552132333,298.6895681562813,-2.3604409691764987,-0.5739255547014722,0.08315188018648831
outer,2.025137353037304,298.6058480946259,-2.3602561794224646,-0.5707763456238736,0.08319825978878884
outer,2.025343294899105,298.5219028182334,-2.360118222318531,-0.5676205567907244,0.08320877207826663
outer,2.0584510050114155,298.77306950182253,-2.3588429261467914,-0.5771738443385268,0.08451082417805385
outer,2.0607978067802084,298.68956815628127,-2.3585962433630985,-0.5740299594057243,0.08460390089911692
outer,2.062240094093607,298.6058480946259,-2.358395814728202,-0.5708794017178155,0.08466229986746271
outer,2.0627646933912627,298.52190281823334,-2.358242385639485,-0.5677222340454108,0.08468550362005503
outer,2.0952660066238797,298.7730695018226,-2.3569655732962107,-0.5772821832070445,0.08595998136657924
outer,2.0978880812520955,298.68956815628127,-2.3567034026194285,-0.574136876170091,0.08606374788386603
outer,2.099621182391706,298.6058480946259,-2.3564875249689985,-0.5709848722880271,0.08613356269500115
outer,2.1004513662403106,298.5219028182334,-2.3563187538847057,-0.567826230358004,0.08616888318816826
outer,2.1324012861390576,298.77306950182253,-2.355038368155262,-0.5773932029385322,0.08741794112607416
outer,2.135283419206897,298.6895681562812,-2.3547610352926136,-0.5742463658299161,0.08753173833976288
outer,2.1372928892979473,298.6058480946259,-2.3545299697736852,-0.571092809784519,0.08761234099047509
outer,2.1384149466522118,298.5219028182334,-2.354346054861054,-0.5679325897190018,0.0876591801933936
outer,2.1698711477818944,298.7730695018226,-2.3530597462277254,-0.5775069757928211,0.08888506083468925
outer,2.17299739289533,298.6895681562812,-2.352767654789419,-0.5743584909157767,0.08900820286025393
outer,2.17526808875242,298.6058480946259,-2.3525217374873795,-0.5712032672012939,0.08909894002591756
outer,2.176667642522877,298.5219028182334,-2.3523229487671204,-0.5680413557004166,0.0891566759253269
outer,2.207690585908187,298.77306950182253,-2.3510280600761115,-0.5776235787529667,0.09036171309009544
outer,2.2110442331999187,298.6895681562812,-2.3507216957993045,-0.5744733166400641,0.09049348622041863
outer,2.213560283115111,298.6058480946259,-2.350461341816875,-0.5713162985915808,0.09059367839894952
outer,2.215222261205269,298.5219028182334,-2.3502480251132054,-0.5681525716090806,0.09066166429688036
outer,2.245875314137699,298.7730695018226,-2.3489415715103816,-0.5777430933961679,0.09184828541895212
outer,2.2494388575954813,298.68956815628127,-2.3486215082945123,-0.5745909110198385,0.09198794753573242
outer,2.252183629986072,298.6058480946259,-2.3483472169587327,-0.5714319591560826,0.09209688845225247
outer,2.254092235221926,298.5219028182334,-2.3481197985746687,-0.5682662804258404,0.09217445241824906
outer,2.2844417955354395,298.7730695018226,-2.3467984418490144,-0.577865603242886,0.09334517896665398
outer,2.2881968991329886,298.68956815628127,-2.346465349761804,-0.5747113433355729,0.09349195965625437
outer,2.2911529700221416,298.6058480946259,-2.3461777112549367,-0.5715503042653213,0.09360891616111511
outer,2.2932916489464037,298.5219028182334,-2.3459367036520162,-0.5683825240703797,0.09369536082204663
outer,2.3234072738595177,298.7730695018226,-2.3445967242081065,-0.5779911899131256,0.09485280718643872
outer,2.3273347364658337,298.68956815628127,-2.3442513778189302,-0.5748346812366482,0.09500590829591818
outer,2.330483855771349,298.6058480946259,-2.3439510805124173,-0.5716713873249676,0.09513012069334384
outer,2.332835266276085,298.5219028182334,-2.343697088730038,-0.5685013417793551,0.09522472339979995
outer,2.362789805892269,298.77306950182253,-2.3423343609336498,-0.5781199308274215,0.09637159585028562
outer,2.3668695249379463,298.68956815628127,-2.341977645737663,-0.5749609881345944,0.09653019180595797
outer,2.37019258154468,298.6058480946259,-2.341665482721543,-0.5717952572888295,0.0966608742264922
outer,2.372738559317428,298.5219028182334,-2.341399210607351,-0.5686227678915391,0.09676288738892708
outer,2.402608294867988,298.7730695018226,-2.3400091845929913,-0.5782518999484592,0.09790198463304475
outer,2.4068192287485153,298.6895681562812,-2.3396421009922626,-0.5750903223477642,0.09806522211192625
outer,2.4102962143439437,298.6058480946259,-2.3393189749413383,-0.5719219569876645,0.09820156254002615
outer,2.4130177381033846,298.5219028182334,-2.339041230368499,-0.5687468298338321,0.09831021384090567
outer,2.4428825250090695,298.77306950182253,-2.337618916619857,-0.5783871696487182,0.09944442898211817
outer,2.447202654208883,298.68956815628127,-2.3372425837070296,-0.5752227376331055,0.09961142632240572
outer,2.4508126258612095,298.6058480946259,-2.3369095109297517,-0.5720515225543549,0.0997525863317455
outer,2.453689781361125,298.52190281823346,-2.3366212101692234,-0.5688735468197237,0.09986707871831273
outer,2.483633197178551,298.7730695018226,-2.335161159533834,-0.5785258102765047,0.10099940078639642
outer,2.48803948410119,298.6895681562812,-2.334776821397992,-0.575358283039482,0.10116924794798586
outer,2.49176052556395,298.6058480946259,-2.334434936959601,-0.5721839829650592,0.10131436263292636
outer,2.494772468345925,298.5219028182334,-2.334137109263274,-0.5690029288775948,0.10143387432891456
outer,2.5248819656535844,298.7730695018226,-2.332633385363094,-0.5786678865719281,0.10256738786204174
outer,2.529350313148529,298.6895681562812,-2.3322424197812777,-0.5754970005356034,0.10273914725273231
outer,2.533159494877355,298.60584809462586,-2.3318929845256924,-0.572319358329553,0.10288732576249901
outer,2.5362844117555845,298.5219028182334,-2.331586777899304,-0.5691349753339384,0.10301101064494636
outer,2.5666514760208026,298.77306950182253,-2.3300323515474086,-0.5788135895274282,0.10414898410372421
outer,2.571156684599519,298.68956815628127,-2.3296368530015115,-0.5756389211045512,0.10432160133898813
outer,2.575030022471137,298.60584809462586,-2.3292812612697755,-0.5724576566588013,0.1044719279277771
outer,2.5782450917352366,298.52190281823334,-2.3289679491967106,-0.5692696721562727,0.10459891636204727
outer,2.6090140455546624,298.7730695018226,-2.3273537905655424,-0.5789630867117286,0.10574633214213945
outer,2.613481127929379,298.68956815628127,-2.3269568707283534,-0.5757841922492171,0.10591719363851608
outer,2.6173935406562174,298.6058480946259,-2.3265972423895085,-0.5725988700552922,0.10606864007512337
outer,2.6206748909823787,298.5219028182334,-2.3262782303844785,-0.5694069884289465,0.10619804001101793
outer,2.6519766429667513,298.77306950182253,-2.3245945953811455,-0.5791161498028699,0.10735939594545298
outer,2.6563955896184606,298.68956815628127,-2.3241981937485496,-0.5759329390152843,0.1075280484679699
outer,2.660272462891663,298.6058480946259,-2.3238376673979495,-0.5727430973631085,0.10767804047155763
outer,2.6635951309548136,298.5219028182334,-2.3235150943894163,-0.5695468726581043,0.10780885152896731
outer,2.695546041442812,298.7730695018226,-2.3217525228040974,-0.5792727682101214,0.10898804079215557
outer,2.699907002647391,298.68956815628127,-2.3213577217230745,-0.5760848882713291,0.1091541286805002
outer,2.7037383651668687,298.60584809462586,-2.3209982407448857,-0.5728904153385622,0.10930224112844526
outer,2.70702810918385,298.52190281823334,-2.32067526545938,-0.569689370230566,0.10943192976056818
outer,2.739750045773689,298.7730695018226,-2.3188245432721546,-0.5794329836192567,0.11063283386154543
outer,2.744022105473715,298.68956815628127,-2.318433218864191,-0.5762399738305471,0.11079530666817693
outer,2.747798144760913,298.6058480946259,-2.31807586131739,-0.573040500373214,0.1109412104833048
outer,2.751045031450614,298.5219028182334,-2.317754424478155,-0.5698345045456239,0.11106938081028253
outer,2.7846176917015786,298.7730695018226,-2.315805537240731,-0.5795971110644887,0.1122946302592004
outer,2.78876856032396,298.68956815628127,-2.3154216503214085,-0.5763981752735758,0.11245215626917755
outer,2.792458505431337,298.6058480946259,-2.3150682907725373,-0.5731932256790555,0.11259483527735872
outer,2.795652759359809,298.5219028182334,-2.3147494595683917,-0.56998189699878,0.11272118562800819
outer,2.8303021787154186,298.77306950182253,-2.3126884640868406,-0.5797652407924268,0.1139780093597738
outer,2.8341752540646636,298.68956815628127,-2.312317853183708,-0.5765597255150048,0.11412553811589068
outer,2.8377469669572926,298.6058480946259,-2.3119724764409364,-0.5733485041698206,0.11426370382551604
outer,2.8408579619955874,298.5219028182334,-2.3116581170828345,-0.5701313565932654,0.11438725245944625
outer,2.876734760053881,298.77306950182265,-2.3094704680130187,-0.5799364819560281,0.11568042166868434
outer,2.8803946006810883,298.6895681562812,-2.309114739720328,-0.5767246478410579,0.11582001973128951
outer,2.883692267451232,298.6058480946259,-2.308783196657262,-0.5735064821529994,0.11594869055437694
outer,2.886688016798017,298.52190281823334,-2.3084773109851273,-0.5702827265330571,0.11606819141146427
outer,2.923942532200674,298.7730695018226,-2.3061475761522927,-0.5801113810305968,0.11740249718632101
outer,2.927358205898939,298.68956815628127,-2.3058094423488553,-0.5768919790353667,0.1175330945829751
outer,2.9304460360375204,298.6058480946259,-2.305493296505979,-0.5736671106703555,0.11765435950706842
outer,2.9331715132392544,298.52190281823334,-2.3052017426051674,-0.5704360636321238,0.11776489811490562
outer,2.9721009148663278,298.7730695018226,-2.3027109772910266,-0.5802900489373207,0.11914949725947158
outer,2.9750930272694442,298.6895681562812,-2.3023979051716887,-0.5770621525920848,0.11926542363117569
outer,2.9779402306405585,298.6058480946259,-2.302099870305338,-0.5738293494861718,0.11937825454078616
outer,2.9804592961813188,298.5219028182334,-2.301824167579488,-0.5705912432285349,0.11948194026299416
outer,3.0211654850333844,298.7730695018226,-2.2991552757767613,-0.5804715437298514,0.12091974442234688
outer,3.0237735850690877,298.6895681562812,-2.298871195054459,-0.5772351771928825,0.12102226940640172
outer,3.026201669992628,298.6058480946259,-2.2985987514814874,-0.5739935154475874,0.12112107464847299
outer,3.028483675478566,298.52190281823334,-2.2983416158275727,-0.5707471464449687,0.12121691802804921
outer,3.071207060066456,298.77306950182253,-2.2954739896892677,-0.5806561963616814,0.12271523551539393
outer,3.0733556840517897,298.6895681562812,-2.295223807790091,-0.577409996546492,0.12280200863621478
outer,3.0754039756723257,298.60584809462586,-2.2949808574190653,-0.5741595121937865,0.12288809130519399
outer,3.0772713311503814,298.52190281823334,-2.29474978488523,-0.5709039747157932,0.122970574021833
outer,3.122367759010755,298.7730695018226,-2.2916573262724844,-0.5808436179898111,0.12454009254693515
outer,3.123909778478386,298.68956815628127,-2.291449085275227,-0.5775867935056199,0.12460668025998492
outer,3.1255031800183395,298.60584809462586,-2.291240547618386,-0.574326172155905,0.12467774265976007
outer,3.1269949867626936,298.5219028182334,-2.29103941753409,-0.571061529437484,0.12474819427271441
outer,3.1746195764026894,298.7730695018225,-2.2876973035454813,-0.581033022288722,0.1263933101329083
outer,3.1755772587035165,298.68956815628127,-2.287537033695217,-0.5777650455442765,0.12644044147399883
outer,3.1765693744849726,298.6058480946259,-2.287370960814096,-0.574493539227134,0.12649211612017658
outer,3.177610902065632,298.5219028182334,-2.287204711197213,-0.5712185400952999,0.12654828214904393
outer,3.2281473691578,298.77306950182253,-2.283582624864896,-0.5812244390893374,0.1282803745189477
outer,3.2283302628567276,298.68956815628127,-2.283479438858059,-0.5779438124396775,0.1283023648059721
outer,3.2287432213325045,298.60584809462586,-2.283361870153757,-0.5746609680858401,0.12833540779315014
outer,3.2291888059835454,298.52190281823334,-2.2832385769868804,-0.5713749254659095,0.1283729753488138
outer,3.281868633237706,298.52190281823334,-2.2791305274840936,-0.5715299324983045,0.13022650716578077
outer,3.2819970021660674,298.60584809462586,-2.279204796717594,-0.5748273812837554,0.1302067678597965
outer,3.2823527000319297,298.6895681562812,-2.279264695331862,-0.5781229650126398,0.130197981987554
outer,3.2829883465450527,298.77306950182253,-2.279302411564308,-0.5814164599913983,0.13020216563759232
outer,3.33562280879942,298.5219028182334,-2.274871794925001,-0.5716823677501485,0.13210809932259984
outer,3.336513679033539,298.6058480946259,-2.2748877961201583,-0.5749925119537231,0.13211176906878877
outer,3.337681588714017,298.68956815628127,-2.274881594600859,-0.5783009474576233,0.1321282519712995
outer,3.3391959852795505,298.77306950182253,-2.274844462358942,-0.581608769190216,0.1321604270679537
outer,3.3906333483928477,298.5219028182334,-2.270450076627783,-0.5718318520673699,0.13402335475493127
outer,3.3923300797918676,298.6058480946259,-2.2703993028445377,-0.5751546833305419,0.13405143858491445
outer,3.3943701314256796,298.68956815628115,-2.2703175081116505,-0.578477268412649,0.13409499552101584
outer,3.397054948813248,298.7730695018226,-2.2701896441254616,-0.5818007942261543,0.13416377126947535
outer,3.4469368893923327,298.5219028182334,-2.265853435010579,-0.5719766160239349,0.1359733510699912
outer,3.449499132995497,298.6058480946259,-2.2657262459146765,-0.5753132643669352,0.1360276576182752
outer,3.452701532056629,298.6895681562812,-2.2655527869036303,-0.5786511983288131,0.13610685216148058
outer,3.4565613789760192,298.77306950182253,-2.2653221281878717,-0.5819902279922934,0.13621198254570765
outer,3.5045860865931737,298.52190281823334,-2.2610683561313114,-0.5721159243949302,0.13796000639981926
outer,3.5083025841662585,298.6058480946259,-2.260848447215913,-0.5754674017326822,0.13804906706066422
outer,3.5126719522186707,298.6895681562812,-2.260571065056929,-0.5788202884508392,0.1381636787627739
outer,3.5178766662416114,298.7730695018226,-2.2602242284728606,-0.582176298990674,0.13831000219854273
outer,3.563861228261496,298.52190281823334,-2.256074137964498,-0.5722488317714136,0.1399919317612782
outer,3.5687366146818564,298.60584809462586,-2.25574900493658,-0.5756145408573422,0.14011556033480319
outer,3.574441954884202,298.68956815628127,-2.2553540169290964,-0.5789836195722687,0.1402704370833836
outer,3.581184929610467,298.7730695018226,-2.254871464161548,-0.5823574252048105,0.14046355748619385
outer,3.624758515525944,298.5219028182334,-2.250853367016045,-0.5723727112516995,0.1420690181057487
outer,3.6309609606902136,298.60584809462586,-2.2504089872088917,-0.5757536589910828,0.14223207738101842
outer,3.6381947150155733,298.6895681562812,-2.2498764276303085,-0.5791394569305498,0.14243283134977314
outer,3.6466865864465516,298.77306950182253,-2.2492357468738926,-0.5825316446279311,0.1426788117900463
outer,3.6874368583405293,298.52190281823334,-2.2453865621085773,-0.572486477323576,0.14419614107298315
outer,3.6951578538880283,298.60584809462586,-2.244802508672958,-0.5758829167022622,0.14440425253996642
outer,3.7041296223716422,298.6895681562812,-2.2441094276447515,-0.5792856939562989,0.14465695697728828
outer,3.714599004238092,298.77306950182253,-2.2432850920149994,-0.5826965545108361,0.144962316638873
outer,3.752077545855868,298.5219028182334,-2.239647250172783,-0.5725882279315712,0.14637882038603753
outer,3.76152565726994,298.6058480946259,-2.2389000194292117,-0.5760001194188142,0.14663806307606364
outer,3.772462929926796,298.6895681562812,-2.238020248494037,-0.5794198104794452,0.1469492455098753
outer,3.7851570449835044,298.7730695018225,-2.236983156348567,-0.5828492261068743,0.14732094858392664
outer,3.8188779150853045,298.52190281823334,-2.2336053116197694,-0.5726757251389889,0.14862286909181807
outer,3.8302795102083738,298.60584809462586,-2.2326681004856286,-0.5761026910377316,0.14893976743824722
outer,3.8434282954653702,298.68956815628127,-2.231571808584907,-0.5795388113670427,0.1493163924934105
outer,3.8586134685757534,298.7730695018225,-2.2302857246359586,-0.5829870520076706,0.14976238759166666
outer,3.88805199264874,298.5219028182334,-2.227226808548951,-0.572746378029525,0.15093432573054244
outer,3.9016518672589444,298.60584809462586,-2.2260690860142653,-0.5761876249801743,0.15131582370273738
outer,3.9172771828982365,298.6895681562812,-2.2247192078143105,-0.5796400778698539,0.15176582449007303
outer,3.9354528136368687,298.77306950182253,-2.2231370984683636,-0.5831062296747082,0.15230021396016163
outer,3.9598310307909514,298.52190281823334,-2.2204736343299962,-0.5727971959308082,0.15331936458922923
outer,3.9758928974107013,298.6058480946259,-2.2190575559753465,-0.5762523255611129,0.15377334706154147
outer,3.994491646459981,298.6895681562812,-2.2174060779217513,-0.5797198162455326,0.15431071929273227
outer,4.015866387404124,298.77306950182253,-2.2154780938134278,-0.5832019917626762,0.1549394190667711
outer,4.034463904566613,298.52190281823334,-2.2132999994305127,-0.5728256112452152,0.15578474768879713
outer,4.053482172543748,298.6058480946259,-2.211576649102514,-0.5762930118638119,0.1563250602264821
outer,4.0752620124934165,298.6895681562812,-2.209572737167302,-0.5797732986647772,0.1569556106003856
outer,4.1005089234600804,298.77306950182253,-2.207232916409512,-0.5832707628171336,0.15769761231813992
outer,4.112427705394819,298.52190281823334,-2.205648712083358,-0.5728278378901016,0.15834271372872089
outer,4.13460903890895,298.6058480946258,-2.203566388997655,-0.576304975285103,0.15897500648291804
outer,4.160239657548943,298.6895681562812,-2.2011430040330233,-0.5797969673278954,0.1597174406527526
outer,4.1897836117159555,298.77306950182253,-2.198313874121444,-0.5833053536739784,0.1605837391755338
outer,4.193910800181945,298.52190281823334,-2.1974596768110297,-0.5727991495349172,0.16099681013518594
outer,4.219921518771124,298.6058480946258,-2.1949504363378765,-0.5762846445791762,0.16173946104335502
outer,4.249825704251685,298.6895681562812,-2.1920290977263632,-0.5797836145340329,0.16260443253089918
outer,4.279557859465763,298.52190281823334,-2.1886565754932716,-0.5727359145706762,0.16376267016817753
outer,4.284365892930571,298.7730695018225,-2.1886185345620763,-0.5833000326909558,0.163613421381267
outer,4.3098186691611025,298.60584809462586,-2.1856411337856176,-0.5762247428919006,0.16462596138289642
outer,4.344692130155741,298.68956815628115,-2.1821289333836265,-0.5797275253771625,0.1656313820656911
outer,4.369765876258076,298.52190281823334,-2.1791520161987594,-0.5726307200393193,0.16664720155396917
outer,4.384984504000867,298.7730695018225,-2.178019712342694,-0.5832476440998035,0.16680219833745624
outer,4.404969007261903,298.60584809462586,-2.1755368839911347,-0.5761194819583225,0.1676485470953248
outer,4.445563935686787,298.6895681562812,-2.1713159788526117,-0.5796214668941587,0.16881295292383913
outer,4.465199910010128,298.52190281823334,-2.1688449548462465,-0.5724776019255632,0.16966377028923363
outer,4.4926877306908,298.77306950182253,-2.166360639869117,-0.5831380723460956,0.1701711252025889
outer,4.506093800084988,298.60584809462586,-2.1645118368833036,-0.575961404543338,0.17082110520381993
outer,4.55348403170627,298.68956815628115,-2.159434420583809,-0.5794550998415339,0.17216926079930855
outer,4.5665774971668505,298.5219028182333,-2.157610197582695,-0.5722687376361844,0.172825594526212
outer,4.608405717169277,298.77306950182253,-2.1534611984779812,-0.5829581091132595,0.1737344724840774
outer,4.614230587987212,298.60584809462586,-2.152411068594994,-0.5757397636237208,0.17416294943744481
outer,4.66937779323107,298.6895681562812,-2.1463054282792564,-0.5792147354435325,0.17571373735923146
outer,4.6749308116767585,298.5219028182333,-2.145293612807448,-0.5719928161716079,0.17615132503670497
outer,4.7302999807357375,298.6058480946258,-2.1390568785855066,-0.5754401926917267,0.17768685150968205
outer,4.7334968152385475,298.7730695018225,-2.1391041709485554,-0.5826932160302863,0.17751401633669042
outer,4.7911757016915795,298.52190281823334,-2.131718450346708,-0.571634637487014,0.17965324003294317
outer,4.794596607351407,298.68956815628115,-2.1317133630154412,-0.5788850585966793,0.1794674412981793
outer,4.855646406407398,298.6058480946258,-2.124234931021008,-0.5750464095761201,0.18141335605404724
outer,4.869402269767095,298.7730695018225,-2.123026738808546,-0.5823214974049215,0.18152759456349388
outer,4.916649641582717,298.52190281823334,-2.11667139090332,-0.5711768018393137,0.18335154363710884
outer,4.930574329204181,298.6895681562812,-2.1153971800401536,-0.5784430450784402,0.1834478271660974
outer,4.991696336453714,298.6058480946258,-2.1076855163534796,-0.5745340655092736,0.18535972477102405
outer,5.017933842979035,298.7730695018225,-2.104915324410794,-0.5818118063596244,0.1857949625797384
outer,5.05277172474804,298.52190281823334,-2.099893643695147,-0.5705934779731509,0.18726345536620015
outer,5.079113431518341,298.6895681562812,-2.0970451387854374,-0.5778561180403806,0.18767468293713657
outer,5.14024296170974,298.6058480946258,-2.0890981180919765,-0.573868915360711,0.18954591762995032
outer,5.180907004390928,298.77306950182253,-2.0844096839710176,-0.5811161237659438,0.19032549099560578
outer,5.201325867208009,298.5219028182333,-2.0810753860865705,-0.5698485649364866,0.1914092103021429
outer,5.242020075307319,298.68956815628115,-2.0762984734236736,-0.57707434288595,0.19215795339248
outer,5.303083142301862,298.60584809462586,-2.0681147892225473,-0.5729988620959622,0.19398253462917756
outer,5.360175712731544,298.77306950182253,-2.0611152607682346,-0.5801693954040423,0.19511909991303694
outer,5.364099635296024,298.52190281823334,-2.059858959151347,-0.5688876190051496,0.19580011682085108
outer,5.421138713449752,298.6895681562812,-2.0527632000216274,-0.576029898925839,0.19689864922920933
outer,5.482051833036438,298.60584809462586,-2.0443415892535266,-0.5718531398312536,0.1986717044125008
outer,5.542918492990604,298.5219028182333,-2.035850061402423,-0.5676367985906511,0.2004394266781533
outer,5.557433608499918,298.77306950182253,-2.034612545263279,-0.5788728177196517,0.20015654933835936
outer,5.6181543025982625,298.6895681562812,-2.026019611749046,-0.5746204004908648,0.2018791942199526
outer,5.67882531382514,298.6058480946258,-2.017358322830901,-0.5703257122459662,0.20359747796178346
outer,5.739450050080314,298.52190281823334,-2.008627814091684,-0.5659863653195497,0.20531276974848905
outer,5.773507429086339,298.7730695018225,-2.004520159605186,-0.5770891061024387,0.20538287216019271
outer,5.83388934119141,298.68956815628115,-1.995685268123057,-0.5727039171579493,0.2070467848228016
outer,5.894221847623129,298.6058480946258,-1.986781531443,-0.5682700733643311,0.20870911994793587
outer,5.954508337267392,298.52190281823334,-1.9778078441140934,-0.5637853000009353,0.21037138931616808
outer,6.008121920686317,298.7730695018225,-1.970567930947858,-0.5746505616147677,0.21070852763105055
outer,6.068069986740528,298.6895681562812,-1.9614878438097276,-0.5701065814706952,0.21231412381546466
outer,6.127969002102891,298.60584809462586,-1.9523372303978743,-0.5655064811964879,0.21392147257458113
outer,6.187822331309842,298.5219028182333,-1.9431149727381314,-0.5608482346724245,0.21553217697404164
outer,6.259616288510177,298.7730695018224,-1.932653234595122,-0.5713642476554293,0.21600976768526203
outer,6.319043959891679,298.68956815628115,-1.9233222924603992,-0.5666281938394748,0.21755952400691503
outer,6.378423006378471,298.60584809462586,-1.9139186788841465,-0.5618279587094823,0.21911481677482073
outer,6.437756763300441,298.5219028182333,-1.9044413568326852,-0.5569618127661925,0.2206773026534318
outer,6.525101250035152,298.7730695018224,-1.890872227702255,-0.5670285362145586,0.22114329135936822
outer,6.583936792414374,298.68956815628115,-1.8812827952372377,-0.5620599588418557,0.22264139225758733
outer,6.642724194390542,298.60584809462586,-1.8716185043400162,-0.5570190064872291,0.2241491676408777
outer,6.701466758060767,298.5219028182333,-1.861878292449224,-0.551904192321772,0.2256683090989249
outer,6.8011463619130135,298.77306950182253,-1.8454742235722517,-0.5614409137925427,0.22596776611752745
outer,6.85933562996053,298.6895681562812,-1.8356165552149284,-0.5561936623780642,0.22741965098241493
outer,6.917477286399382,298.6058480946258,-1.825681422410997,-0.5508659067566605,0.22888561449783051
outer,6.975574597055077,298.52190281823334,-1.8156674064573552,-0.545456255225471,0.23036739963921765
outer,7.084452142431562,298.7730695018225,-1.796761978040725,-0.5543947282931607,0.2303574321892644
outer,7.141957908334908,298.6895681562812,-1.7866216754027968,-0.5488188944565529,0.23176946322069086
outer,7.199416621884586,298.60584809462586,-1.7763994685261393,-0.5431542497432927,0.23320025483273848
outer,7.2568315105451004,298.5219028182333,-1.7660930251680897,-0.5373992756265077,0.23465168403801087
outer,7.372384763306978,298.7730695018225,-1.744980629527749,-0.5456723998850042,0.23420866123789252
outer,7.429183303749126,298.68956815628115,-1.7345323307420253,-0.5397150570025583,0.2355882375728065
outer,7.485935370503451,298.60584809462586,-1.7239934450975054,-0.5336597003135793,0.23699181498802221
outer,7.5426441513418965,298.5219028182333,-1.7133598972725497,-0.5275043895879996,0.23842159308389402
outer,7.663078389330823,298.77306950182253,-1.6902299741244369,-0.5350352262433012,0.2374377094429925
outer,7.719155547739271,298.6895681562812,-1.6794272791244327,-0.5286387318900186,0.23879448233117134
outer,7.775186822708963,298.6058480946258,-1.6685175866965967,-0.5221328950769628,0.2401817931427464
outer,7.831175361524858,298.52190281823334,-1.6574938164784132,-0.5155149418117347,0.24160250393593832
outer,7.955334126492173,298.7730695018225,-1.6324103862203407,-0.5222121209739569,0.2399807911126628
outer,8.010681893414533,298.6895681562812,-1.6211714435841427,-0.5153091415939098,0.2413296246732693
outer,8.065984373700626,298.6058480946258,-1.609796146088572,-0.5082814235836914,0.24271819626452515
outer,8.121244673698921,298.52190281823334,-1.5982725003377989,-0.5011248316724448,0.2441505614817336
outer,8.248431362409423,298.77306950182253,-1.5711746636310306,-0.5068768421325845,0.24179955408767367
outer,8.303045423207504,298.68956815628115,-1.5593600250257527,-0.49938092339808005,0.2431657592858693
outer,8.357614797702116,298.60584809462586,-1.5473587711129002,-0.491738118932161,0.24458569966428334
outer,8.412142551063218,298.5219028182333,-1.5351517695403551,-0.4839428493808131,0.24606522673679176
outer,8.541966555548877,298.7730695018225,-1.5058484507290157,-0.48860383857282413,0.24289425375632695
outer,8.595844664673415,298.6895681562812,-1.4932258349070529,-0.48039507626738576,0.24432151595250193
outer,8.649678689664679,298.6058480946258,-1.480335679132425,-0.47200916546780214,0.2458237638254258
outer,8.703471654387908,298.52190281823334,-1.4671514502182648,-0.46344146909801764,0.24740861111605794
outer,8.835721156884764,298.7730695018225,-1.4352792133408585,-0.4667960664525773,0.24332449275142648
outer,8.888862189358507,298.6895681562812,-1.4214767881487702,-0.4577092484060903,0.24488379489696344
outer,8.941959740789647,298.6058480946258,-1.4072919955131402,-0.44841447006664137,0.2465467291567461
outer,8.995016793675603,298.5219028182333,-1.3926972055717837,-0.43891572195313533,0.24832045169387285
outer,9.129581909556137,298.7730695018225,-1.3576041307570086,-0.4406085227288614,0.2432298579716748
outer,9.181985321106536,298.6895681562812,-1.3420824334108703,-0.4304522503235701,0.24501926443017497
outer,9.234345855150435,298.60584809462586,-1.3260509069620923,-0.42008444324389,0.24694019546372337
outer,9.286666452786747,298.5219028182333,-1.3094960547681713,-0.4095294056899468,0.2489937635838497
outer,9.423492635124395,298.77306950182253,-1.270038437233861,-0.4089693726891865,0.24280664531757654
outer,9.475158169524185,298.6895681562812,-1.252152070110182,-0.3976208844573628,0.24491801503039312
outer,9.526781430163137,298.60584809462586,-1.2336738171409918,-0.3861298959819353,0.2471664002652108
outer,9.578365316727409,298.52190281823334,-1.2146209940976993,-0.3745461833541518,0.2495399426525171
outer,9.71742597792487,298.77306950182253,-1.168962085001828,-0.3708674566627894,0.24213569347174052
outer,9.768353519208178,298.6895681562812,-1.1481727303723388,-0.3584403913665908,0.24456447576427526
outer,9.819239390571166,298.60584809462586,-1.1268273362376493,-0.3460382116456513,0.24708461622859468
outer,9.870086450280725,298.5219028182334,-1.1049770581089184,-0.3337221519726017,0.24966908719149997
outer,10.011369315410551,298.7730695018225,-1.050593014568969,-0.3258984475588153,0.24073854425009183
outer,10.061558812331363,298.6895681562812,-1.0267768760459617,-0.3128483114285598,0.24325545143756488
outer,10.111707243214308,298.6058480946259,-1.002590811593738,-0.3000443275917869,0.24575448629585028
outer,10.161817424904205,298.5219028182334,-0.9781039618722939,-0.2875302384856149,0.24820110859480948
outer,10.30531691971919,298.77306950182253,-0.9121405470145727,-0.2745144315141492,0.23689214910377782
outer,10.354768350400072,298.68956815628127,-0.8858035808008317,-0.26147230428257345,0.23897060065695572
outer,10.404179318943504,298.6058480946259,-0.8593994352502081,-0.24884396963981048,0.24088747551690715
outer,10.453552600770863,298.5219028182333,-0.8329959428611695,-0.2366373921360379,0.24261591442242725
outer,10.599266289877942,298.77306950182253,-0.7528418137385379,-0.21697208320279032,0.22708011722668991
outer,10.64797964526485,298.6895681562812,-0.7251548717001394,-0.20430363685005595,0.22801585374501154
outer,10.69665314242205,298.6058480946259,-0.6977758750024938,-0.19209513387509547,0.2286848950336084
outer,10.745289515347123,298.52190281823334,-0.6707646982144437,-0.1803314047469744,0.22908125880801608
outer,10.893216371528611,298.77306950182253,-0.5748935455918195,-0.1507585934191617,0.20641525605208177
outer,10.941191647973472,298.68956815628115,-0.5478495153041715,-0.13835097042520306,0.20574489168461868
outer,10.989127670099425,298.60584809462586,-0.5215628267574632,-0.12641034986558813,0.20482314215654218
outer,11.03702713047989,298.52190281823334,-0.4960750034720066,-0.11492401523886603,0.20366399945136154
outer,11.187166729187917,298.77306950182253,-0.38710244705873537,-0.06972300247848436,0.17143834427116825
outer,11.234403925275563,298.68956815628127,-0.3640359960302734,-0.0577553378512592,0.16956139564262798
outer,11.281602470956166,298.6058480946259,-0.34214798869126917,-0.046362705659273085,0.16756963803104935
outer,11.328765017379094,298.5219028182334,-0.3214239565591739,-0.035530658847542765,0.1654777142116855
outer,11.481117191513423,298.77306950182253,-0.2134257154558331,0.02842582534617582,0.12569879851790228
outer,11.527616306707131,298.68956815628127,-0.1983644974371877,0.03833555906910545,0.12397718487097295
outer,11.57407737540627,298.60584809462586,-0.1844852528754542,0.047563175247811645,0.12224959935848506
outer,11.620503007335854,298.5219028182334,-0.17171017659017956,0.05614670350429876,0.12051653806312412
outer,11.77506769213907,298.7730695018226,-0.09119491925794512,0.13026038108372112,0.08197277795119945
outer,11.820828726242558,298.68956815628127,-0.08516514187375906,0.13606465841322657,0.08149262765292516
outer,11.866552317763905,298.6058480946259,-0.07975702983766465,0.14132462289833747,0.08096550388725235
outer,11.91224103500412,298.5219028182334,-0.07490432968480558,0.14608349829067627,0.08039020749091376
outer,12.06901820638385,298.7730695018226,-0.037723765640273986,0.21388560959420216,0.05198057915383128
outer,12.11404115932725,298.6895681562812,-0.03674260866652387,0.21559056763718815,0.05238661301261287
outer,12.159027273601087,298.6058480946259,-0.0358641067119804,0.21701681929805888,0.05267188743452149
outer,12.203979076082163,298.52190281823334,-0.035072354486538254,0.21818684793586204,0.052843716504928535
outer,12.362968725335698,298.7730695018226,-0.02609174140106678,0.2725567267851305,0.03466093592537567
outer,12.407253597094838,298.6895681562812,-0.026023404507539323,0.27163042776006674,0.03511412707968027
outer,12.451502234097093,298.60584809462586,-0.025932161932424758,0.2705894255882814,0.035449083983285785
outer,12.49571712179486,298.5219028182334,-0.025819192315258754,0.2694418630645813,0.035674455781985914
outer,12.656919245856654,298.77306950182253,-0.023323525975084615,0.31331603995237406,0.023119669531000336
outer,12.700466036423544,298.6895681562812,-0.023133312082748554,0.31077342568634836,0.02336083507229412
outer,12.743977196146128,298.6058480946259,-0.022927682009551798,0.3081972678826302,0.02351381073035072
outer,12.787455169052645,298.5219028182334,-0.022708091195556702,0.3055902782178215,0.023584886849407724
outer,12.950869766888841,298.7730695018226,-0.020665927028714035,0.3415030041365836,0.014414715136472675
outer,12.993678476260833,298.6895681562812,-0.020399331625667472,0.3379018119071389,0.014458186845618268
outer,13.036452158701097,298.6058480946259,-0.0201242414147211,0.3343143684362431,0.01443841696440256
outer,13.079193216813772,298.52190281823334,-0.019841868433912425,0.3307409892472553,0.014359817041025222
outer,13.24482028808158,298.77306950182253,-0.01831303944809267,0.3599045432787232,0.007808680587509276
outer,13.286890916257862,298.68956815628127,-0.01799561430670821,0.3556386705488281,0.007683224649865553
outer,13.328927121415045,298.6058480946259,-0.017675921639687692,0.35141365218369386,0.007513990057304687
outer,13.370931264733011,298.52190281823334,-0.01735479592282588,0.3472287501913192,0.007304031776593153
outer,13.53877080932343,298.77306950182253,-0.01623645455006825,0.370727860499162,0.00278387660658469
outer,13.580103356303693,298.6895681562812,-0.015891802585717117,0.3660741967741916,0.002520741230364651
outer,13.621402084177541,298.6058480946259,-0.015549602882546996,0.3614764646800817,0.00222857400726921
outer,13.662669312700594,298.52190281823334,-0.015210381191377142,0.3569334353608578,0.001909467433755016
outer,13.832721330579883,298.7730695018226,-0.014404085047270039,0.3756887478569025,-0.0010281607689705957
outer,13.87331579636408,298.68956815628127,-0.014051634608308376,0.3708436463344091,-0.0014006026190276077
outer,13.91387704695449,298.6058480946259,-0.013704898384442228,0.3660619838825822,-0.001791062871937102
outer,13.954407360682477,298.5219028182334,-0.013364171229588155,0.36134232330017946,-0.0021981361986453396
outer,14.12667185184051,298.7730695018226,-0.01278894727915874,0.376127552468051,-0.003901373009085385
outer,14.16652823642864,298.6895681562812,-0.012443510575014312,0.3712302849793274,-0.004358955397716038
outer,14.20635200973556,298.6058480946259,-0.012105834179869691,0.3663990644889313,-0.004826436615324739
outer,14.246145408668532,298.5219028182334,-0.011776044553720617,0.3616324054536499,-0.005302902776815485
outer,14.420622373102304,298.7730695018226,-0.011368783080112799,0.3730961730583912,-0.006045155752344641
outer,14.45974067649437,298.6895681562812,-0.011040864923929888,0.36824457523623,-0.00656791377368704
outer,14.498826972517852,298.6058480946259,-0.010721798117447966,0.3634584637154954,-0.007094673578190991
outer,14.53788345665576,298.5219028182334,-0.01041158914618253,0.3587363987576985,-0.007624870821896418
outer,14.714572894364355,298.7730695018226,-0.010123880225955367,0.36742196815647504,-0.00762231787565526
outer,14.752953116560352,298.68956815628127,-0.009820319227448915,0.36268341106079777,-0.008194029921212903
outer,14.791301935300398,298.6058480946259,-0.009525979254352383,0.35800778452582965,-0.008765541046601932
outer,14.829621504643239,298.5219028182334,-0.00924078429356575,0.3533937490332871,-0.009336532353852525
outer,15.00852341562656,298.77306950182253,-0.009035946656233279,0.3597555872779784,-0.008760546566972088
outer,15.04616555662654,298.68956815628127,-0.008760620747172897,0.3551749676397856,-0.009368165494021544
outer,15.083776898083045,298.6058480946259,-0.008494362024728572,0.3506535404879165,-0.00997266154832896
outer,15.121359552630873,298.5219028182334,-0.008237041028393385,0.3461900951871059,-0.010573884644981615
outer,15.302473936888815,298.7730695018225,-0.008087636852587156,0.3506077671566656,-0.009560278324758628
outer,15.339377996692626,298.68956815628127,-0.007842134545115814,0.3462134637846944,-0.010193377926576624
outer,15.376251860865745,298.6058480946259,-0.0076051846239597876,0.3418739969489082,-0.010821390770080028
outer,15.413097600618505,298.5219028182334,-0.007376626550320689,0.33758829639882293,-0.011444279379365097
outer,15.596424458151018,298.7730695018226,-0.007262473416361034,0.340378222775666,-0.010100427842984941
outer,15.632590436758814,298.6895681562812,-0.007046688581458266,0.3361865916152491,-0.010750710393581359
outer,15.668726823648443,298.6058480946259,-0.006838710824013328,0.3320452103816909,-0.011394649903779641
outer,15.704835648606139,298.5219028182334,-0.006638365426751731,0.32795314935999836,-0.012032280710163129
outer,15.890374979413274,298.7730695018226,-0.006544944089059958,0.3293786427228569,-0.010442756137748935
outer,15.92580287682495,298.68956815628127,-0.006357580648348432,0.3253974214570394,-0.011103633153482742
outer,15.961201786431142,298.6058480946259,-0.0061771505146195685,0.3214618912570623,-0.011757425479051231
outer,15.996573696593773,298.5219028182334,-0.006003477191533005,0.3175712558325765,-0.01240421012883576
outer,16.184325500675477,298.77306950182253,-0.005920651365845825,0.31785112679805283,-0.010635312119807061
outer,16.219015316891088,298.6895681562812,-0.005759636853402403,0.3140820061366494,-0.011301556647641264
outer,16.25367674921379,298.6058480946259,-0.005604630848060864,0.31035420986158657,-0.011960342226641094
outer,16.288311744581407,298.5219028182334,-0.005455463769554539,0.30666706370234004,-0.01261176821060471
outer,16.47827602193768,298.7730695018226,-0.0053764475981314536,0.3059830059043648,-0.0107152015152579
outer,16.512227756957223,298.6895681562812,-0.00523926104005526,0.30242355584175373,-0.011382664770262937
outer,16.546151711996487,298.6058480946259,-0.0051071636493406555,0.2989013521204136,-0.012042551185033154
outer,16.58004979256904,298.52190281823334,-0.004979998434497923,0.29541582894431884,-0.012694968695555822
outer,16.772226543199935,298.77306950182253,-0.004900524814966577,0.29391873980812655,-0.010710839676843067
outer,16.80544019702341,298.68956815628127,-0.0047844475545371495,0.29056383465475855,-0.011376223096941918
outer,16.838626674779185,298.60584809462586,-0.00467258463625729,0.2872424346252738,-0.012034085611500281
outer,16.87178784055667,298.52190281823334,-0.004564794952864201,0.2839540681959947,-0.012684534829369626
outer,17.06617706446214,298.77306950182253,-0.004482449595903958,0.28176943186547293,-0.010643791366775235
outer,17.098652637089547,298.68956815628127,-0.004384749258958286,0.27861228682371597,-0.011304465102200387
outer,17.131101637561834,298.6058480946259,-0.004290457886809228,0.27548525743987307,-0.011957787329179008
outer,17.163525888544253,298.5219028182334,-0.004199451713502514,0.27238795263480325,-0.012603859916694903
outer,17.360127585724392,298.7730695018226,-0.004113145255214223,0.2696203936631296,-0.010530270551820396
outer,17.391865077155686,298.68956815628127,-0.004031203555131153,0.2666533027059008,-0.011184130114100826
outer,17.423576600344532,298.6058480946259,-0.003951948704365826,0.26371328270779576,-0.011830877718842996
outer,17.45526393653194,298.52190281823334,-0.0038752743872527556,0.26080001021348354,-0.01247060654038263
outer,17.654078106986596,298.7730695018226,-0.0037848298770646258,0.2575371157543087,-0.010382355950116301
outer,17.68507751722182,298.6895681562812,-0.003716224695737416,0.2547519626645775,-0.011027709739858851
outer,17.71605156312723,298.6058480946259,-0.00364967292618721,0.2519911601216899,-0.011666230893321257
outer,17.74700198451952,298.5219028182334,-0.003585084886128888,0.24925444082414497,-0.012298002607006017
outer,17.9480286282488,298.7730695018226,-0.0034909212934117057,0.24556994176170854,-0.01020896754025119
outer,17.97828995728796,298.6895681562812,-0.0034334728835611825,0.24295854156454355,-0.010844449047330652
outer,18.00852652590988,298.6058480946259,-0.0033775324719669056,0.2403690679418109,-0.011473396258835006
outer,18.038740032507103,298.5219028182334,-0.0033230255897172337,0.23780129978953068,-0.012095882200139275
outer,18.241979149511057,298.77306950182253,-0.0032259204225445273,0.23375769526714585,-0.010016642342382052
outer,18.271502397354094,298.6895681562812,-0.0031777105031009154,0.2313120113954013,-0.01064114184345865
outer,18.301001488692577,298.6058480946259,-0.003130546400205235,0.22888609567773785,-0.011259410703548543
outer,18.33047808049479,298.5219028182334,-0.00308436711417627,0.22647976475616016,-0.011871512243242156
outer,18.53592967077326,298.77306950182253,-0.0029852833072229537,0.22213046869666586,-0.009810142784626802
outer,18.564714837420283,298.6895681562812,-0.0029446546190490946,0.2198427413178575,-0.010422754292715587
outer,18.593476451475276,298.6058480946259,-0.0029046854629918226,0.2175728581624523,-0.011029435459398919
outer,18.62221612848237,298.5219028182334,-0.0028653264464266054,0.21532066657665494,-0.011630240723140409
outer,18.829880192035514,298.77306950182253,-0.002765290576722028,0.21071174870077403,-0.009592926840484711
outer,18.857927277486418,298.6895681562812,-0.0027308332470654187,0.20857456139202138,-0.010192906869617546
outer,18.885951414257974,298.6058480946259,-0.002696716405651056,0.2064534994440514,-0.010787248337114558
outer,18.913954176470053,298.5219028182334,-0.0026629004283353977,0.20434843513289927,-0.01137599778165288
outer,19.123830713297718,298.77306950182253,-0.002562921023376852,0.1995200225160729,-0.009367505452826837
outer,19.151139717552557,298.6895681562812,-0.0025334508268563677,0.19752632776677936,-0.009954240860869067
outer,19.178426377040623,298.60584809462586,-0.002504060247650826,0.1955472178170829,-0.010535618169627184
outer,19.20569222445769,298.5219028182334,-0.0024747177070913035,0.193582585197937,-0.011111677027642729
outer,19.41778123455992,298.7730695018226,-0.002375734099344634,0.18856998346449338,-0.009135709426404758
outer,19.44435215761869,298.6895681562812,-0.00235026652750657,0.1867131020844509,-0.009708692173114021
outer,19.47090133982332,298.60584809462586,-0.0023246670269036623,0.18486941958704345,-0.01027658470245895
outer,19.49743027244532,298.5219028182334,-0.0022989105123363204,0.18303884500719803,-0.010839420729312176
outer,19.711731755822175,298.77306950182253,-0.0022017643179964227,0.17787343119929583,-0.008898884792363712
outer,19.737564597684827,298.6895681562812,-0.0021794873307156154,0.17614703640032714,-0.009457691922908462
outer,19.76337630260602,298.6058480946259,-0.0021569079640963162,0.17443258874294598,-0.010011663818647647
outer,19.789168320432953,298.5219028182334,-0.0021340062796350034,0.1727300107670896,-0.010560829121155052
outer,20.00568227708438,298.7730695018225,-0.0020394290039359025,0.16743994306026036,-0.00865803262904219
outer,20.030777037751015,298.6895681562812,-0.002019676470025787,0.1658380366179317,-0.009202310178928239
outer,20.05585126538872,298.60584809462586,-0.001999484838948226,0.16424694228647066,-0.009741994797181824
outer,20.08090636842059,298.52190281823334,-0.001978838183710606,0.1626665937119556,-0.010277110804001878
outer,20.299632798346583,298.77306950182253,-0.001887449843464055,0.15727737632383562,-0.008413906636568956
outer,20.323989477817154,298.6895681562812,-0.0018696769574570518,0.15579426169460936,-0.008943356463424798
outer,20.348326228171366,298.60584809462586,-0.0018513555905157256,0.15432092608779077,-0.009468443473101641
outer,20.37264441640817,298.52190281823334,-0.00183247288036157,0.15285731234121566,-0.009989188309299742
outer,20.593583319608836,298.77306950182253,-0.0017447877612223883,0.14739224761953315,-0.00816707927819544
outer,20.61720191788329,298.6895681562812,-0.0017285491423320032,0.14602250301519532,-0.00868144807411466
outer,20.640801190954065,298.60584809462586,-0.0017116745486870644,0.14466159386158406,-0.009191672577843209
outer,20.664382464395853,298.52190281823334,-0.0016941534152679003,0.14330947064372013,-0.009697770298784159
outer,20.88753384087104,298.77306950182253,-0.0016105898975018254,0.13779002478518437,-0.00791798512013088
outer,20.910414357949424,298.6895681562812,-0.0015955206811883796,0.1365284778478052,-0.008417055043138381
outer,20.933276153736763,298.60584809462586,-0.0015797453542002113,0.135274901828967,-0.00891218822299162
outer,20.956120512383485,298.52190281823334,-0.0015632550383591279,0.13402925360049894,-0.009403399490344695
outer,21.181484362133244,298.77306950182253,-0.001484147458889272,0.12847535704423102,-0.007666948152037147
outer,21.203626798015563,298.6895681562812,-0.001469947403968816,0.1273170618251558,-0.00815052867000253
outer,21.22575111651941,298.60584809462586,-0.0014549847449336559,0.12616594315199886,-0.008630369602916486
outer,21.247858560371068,298.5219028182333,-0.0014392518091819045,0.12502196324448944,-0.009106483485146161
outer,21.4754348833955,298.77306950182253,-0.0013648629752132518,0.11945226241286167,-0.007414198253619636
outer,21.49683923808175,298.6895681562812,-0.0013512833766949756,0.11839247879275369,-0.007882118924118168
outer,21.51822607930211,298.60584809462586,-0.0013368953068556878,0.11733913991568468,-0.008346487316378607
outer,21.539596608358703,298.52190281823334,-0.0013216919272202865,0.11629221247693411,-0.008807313993488459
outer,21.769385404657704,298.77306950182253,-0.0012522252386476841,0.11072428594802945,-0.007159880680495768
outer,21.790051678147886,298.6895681562812,-0.0012390583810950352,0.10975846121138394,-0.007611984656132217
outer,21.81070104208481,298.60584809462586,-0.001225045397887526,0.10879840539901015,-0.008060714315255717
outer,21.831334656346336,298.52190281823334,-0.001210179988081983,0.10784408895557276,-0.00850607853334788
outer,22.063335925919958,298.7730695018225,-0.0011457906300859876,0.10229463756827427,-0.006904061438744721
outer,22.08326411821402,298.68956815628115,-0.0011328614182997063,0.10141838969010106,-0.007340199568578468
outer,22.10317600486751,298.60584809462586,-0.0011190547077499363,0.10054728512371627,-0.007773132492363936
outer,22.123072704333968,298.52190281823334,-0.0011043645193732528,0.09968129743132251,-0.00820286764977306
outer,22.35728644718216,298.77306950182253,-0.0010451695356033415,0.09416631549174938,-0.006646730505884792
outer,22.37647655828016,298.6895681562812,-0.0010323289643147625,0.0933754175743103,-0.007066755967469102
outer,22.395650967650155,298.60584809462586,-0.0010185842640268311,0.09258908241431138,-0.007483736980178374
outer,22.414810752321603,298.5219028182334,-0.001003929619079167,0.09180728614389554,-0.007897679775531886
outer,22.651236968444366,298.7730695018225,-0.000950016683054878,0.0863422188476135,-0.006387804268677404
outer,22.669688998346295,298.6895681562812,-0.0009371368055344671,0.08563258416075309,-0.006791567668248424
outer,22.688125930432854,298.6058480946258,-0.000923329698167049,0.08492697207478297,-0.0071924395536819355
outer,22.706548800309236,298.52190281823334,-0.000908589587571524,0.08422536082454679,-0.007590425158712725
outer,22.94518748970662,298.7730695018225,-0.0008600244720288058,0.07882525118703826,-0.006127128073284891
outer,22.962901438412484,298.68956815628115,-0.0008469945587559653,0.07819291830198635,-0.0065144730054264265
outer,22.980600893215552,298.60584809462586,-0.0008330168717832244,0.07756410401525152,-0.006899072121740169
outer,22.998286848296868,298.52190281823334,-0.0008180855931456121,0.07693878826267128,-0.007280929857946917
outer,23.239138010968823,298.77306950182253,-0.0007749185445425806,0.07161841575840985,-0.005864479371153588
outer,23.25611387847862,298.68956815628115,-0.0007616421785641252,0.07105953330837791,-0.006235238449384494
outer,23.2730758559982,298.6058480946258,-0.0007473992653088436,0.07050369771688514,-0.0066033908340730925
outer,23.290024896284503,298.52190281823334,-0.0007321838840833143,0.06995089027679373,-0.006968940352542344
outer,23.533088532231076,298.7730695018225,-0.0006944548987827953,0.06472490244676513,-0.005599571755987867
outer,23.549326318544757,298.68956815628115,-0.0006808477742765544,0.0642357131408613,-0.005953563118695417
outer,23.5655508187809,298.6058480946258,-0.0006662564706838257,0.06374912762230686,-0.006305081082746872
outer,23.581762944272135,298.52190281823334,-0.0006506749361777642,0.06326512824491345,-0.006654129051863427
outer,23.82703905349328,298.7730695018225,-0.0006184181136350934,0.05814816582691665,-0.005332060000746142
outer,23.842538758610893,298.68956815628115,-0.0006044063589109097,0.0577249893783627,-0.005669084320782837
outer,23.858025781563597,298.6058480946258,-0.0005893934362866532,0.057303998993674915,-0.006003763563433483
outer,23.873500992259768,298.5219028182333,-0.0005733731453205215,0.05688517785339985,-0.006336100892962219
outer,24.120989574755537,298.7730695018225,-0.0005466202147636143,0.05189199355977068,-0.005061546071018925
outer,24.13575119867708,298.6895681562812,-0.0005321391069012527,0.05153120822681248,-0.005381384111062303
outer,24.1505007443463,298.6058480946258,-0.0005166400789718868,0.05117221353756228,-0.005699001398717832
outer,24.165239040247403,298.52190281823334,-0.0005001167849510504,0.05081499331209127,-0.006014401034946196
outer,24.41494009601774,298.7730695018225,-0.0004788999272409347,0.04596056382290314,-0.0047875861230955215
outer,24.428963638743166,298.68956815628115,-0.0004638928735004322,0.04565858631676178,-0.005089996887481204
outer,24.442975707128944,298.60584809462586,-0.00044785106116565845,0.04535802356150216,-0.0053903083366675635
outer,24.456977088234986,298.5219028182333,-0.000430768024991323,0.04505885987274175,-0.005688523679737748
outer,24.708890617279945,298.7730695018225,-0.00041512202142794663,0.040358490590903864,-0.004509698549223777
outer,24.722176078809355,298.6895681562812,-0.00039953972559498424,0.04011175407396662,-0.004794418105203923
outer,24.735450669911643,298.60584809462574,-0.000382905507555294,0.039866073435146865,-0.005077158152909391
outer,24.748715136222668,298.5219028182333,-0.0003652128169203978,0.039621433400370415,-0.005357922182945345
outer,25.00284113854215,298.7730695018225,-0.00035517651551380224,0.03509085493474508,-0.0042273732492309965
outer,25.01538851887549,298.68956815628115,-0.0003389762813676943,0.03489578479501007,-0.004494114339332953
outer,25.02792563269434,298.6058480946258,-0.0003217064844241342,0.034701426454435774,-0.004758995525044175
outer,25.04045318421025,298.5219028182333,-0.00030336054535651594,0.0345077650090522,-0.00502202074992501
outer,25.296791659804402,298.7730695018225,-0.00029897773586766603,0.03016321956758526,-0.003940082674737182
outer,25.30860095894163,298.68956815628115,-0.0002821229315386805,0.030016206552780873,-0.004188535295847155
outer,25.32040059547699,298.6058480946258,-0.0002641803988424358,0.029869574122601612,-0.004435249041150046
outer,25.332191232197886,298.52190281823334,-0.0002451436029138089,0.02972330776056122,-0.00468022847211288
outer,25.590742181066606,298.7730695018225,-0.0002464630175085733,0.025581622877434273,-0.003647295725431961
outer,25.601813399007764,298.6895681562812,-0.00022892273581944823,0.025478993096604917,-0.003877128976300764
outer,25.612875558259688,298.60584809462586,-0.00021027610937416827,0.025376423966434823,-0.004105347668846531
outer,25.623929280185518,298.52190281823334,-0.00019051675152818338,0.02527390142715013,-0.004331957148477367
outer,25.88469270232881,298.7730695018225,-0.00019759102327569777,0.021352546180848413,-0.0033484965290360804
outer,25.895025839073902,298.68956815628115,-0.000179340093920715,0.02129052728938225,-0.003559362205464839
outer,25.905350521042386,298.6058480946258,-0.0001599640145916719,0.02122825919898049,-0.0037687430879503334
outer,25.91566732817315,298.5219028182333,-0.0001394566820636014,0.021165728443164007,-0.003976645470454789
outer,26.178643223591063,298.7730695018225,-0.00015233985977964118,0.017482844024522194,-0.0030432117514692337
outer,26.188238279140087,298.68956815628115,-0.00013335953235562442,0.01745752671727619,-0.0032347504455020166
outer,26.19782548382509,298.6058480946258,-0.00011323559646394133,0.017431659734147627,-0.0034249420896318578
outer,26.207405376160786,298.5219028182333,-9.19624128522872e-05,0.017405230413911267,-0.003613794076033729
outer,26.472593744853267,298.7730695018225,-0.00011070517017049922,0.013979620912829336,-0.0027310526519129822
outer,26.481450719206226,298.68956815628115,-9.098504278069221e-05,0.013986914665492742,-0.002902903603299993
outer,26.490300446607733,298.6058480946258,-7.010414200997201e-05,0.013993367579335107,-0.00307355621225868
outer,26.499143424148418,298.5219028182333,-4.8057527159270017e-05,0.013998968105835993,-0.003243019104724421
outer,26.76654426611552,298.7730695018225,-7.269870388059829e-05,0.01085002745320615,-0.002411782457093913
outer,26.77466315927236,298.6895681562812,-5.2240943923642646e-05,0.010885609316718656,-0.002563599125092117
outer,26.78277540939043,298.6058480946258,-3.0608134049789175e-05,0.010920069347323438,-0.002714380670340055
outer,26.79088147213605,298.5219028182333,-7.796331551886658e-06,0.010953397548101432,-0.002864137061050641
outer,27.060494787377724,298.7730695018225,-3.834858853079496e-05,0.008100931616543442,-0.002085427018635654
outer,27.0678755993385,298.6895681562812,-1.7176426666842305e-05,0.00816018692488728,-0.0022169015487527007
outer,27.07525037217313,298.60584809462586,5.179545770765508e-06,0.008218051788688039,-0.002347522925459639
outer,27.082619520123686,298.5219028182333,2.872189603704469e-05,0.008274518376220463,-0.0024773025004351497
outer,27.35444530863998,298.7730695018225,-7.704823968275858e-06,0.00573839222505264,-0.0017524596358698182
outer,27.361088039404635,298.68956815628115,1.4120911325675792e-05,0.00581634670293083,-0.0018633613456988823
outer,27.367725334955832,298.60584809462586,3.712961320127611e-05,0.005892658983626793,-0.001973615564656123
outer,27.374357568111318,298.5219028182333,6.132205587414119e-05,0.005967324270485189,-0.0020832349416796047
outer,27.648395829902185,298.7730695018225,1.9142833534690042e-05,0.0037668166622204517,-0.001414113337449549
outer,27.654300479470823,298.68956815628115,4.149359799186531e-05,0.0038580626554986083,-0.0015043489833431764
outer,27.660200297738477,298.6058480946258,6.501054510906282e-05,0.003947439516228969,-0.001594171997925623
outer,27.66609561609895,298.5219028182333,8.969195882070884e-05,0.004034946449870696,-0.0016835960791474398
outer,27.94234635116439,298.7730695018225,4.202748330653654e-05,0.0021876172443861712,-0.0010729114720470672
outer,27.94751291953696,298.68956815628115,6.464971204147131e-05,0.0022862391649477406,-0.0011426200296787451
outer,27.952675260521175,298.6058480946258,8.839328728010615e-05,0.0023828015639094425,-0.0012121862079180253
outer,27.957833664086586,298.5219028182333,0.00011325285091904128,0.002477308876180035,-0.0012816242965489851
outer,28.236296872426642,298.7730695018225,6.058837482375199e-05,0.00099702529906282,-0.0007335872600940242
outer,28.240725359603097,298.68956815628115,8.297139748242603e-05,0.0010965267568268347,-0.0007832959718516246
outer,28.245150223303877,298.6058480946258,0.00010638088295209132,0.0011938349383937906,-0.0008331744520651651
outer,28.249571712074165,298.52190281823334,0.00013080831640062114,0.0012889631067744324,-0.0008832360609827485
outer,28.530247393688846,298.7730695018225,7.37268959823161e-05,0.00018238799765098429,-0.0004047712486815513
outer,28.533937799669232,298.68956815628115,9.481872235215036e-05,0.00027567931373305877,-0.00043565486923447243
outer,28.537625186086522,298.6058480946258,0.00011677458747204257,0.0003667532881425806,-0.00046705991350956853
outer,28.5413097600618,298.5219028182333,0.0001395885806928251,0.0004556385429490108,-0.0004989941196002774
outer,28.8241979149511,298.7730695018225,7.801491149761011e-05,-0.00028373254085186847,-0.00010212993588923293
outer,28.827150239735367,298.6895681562812,9.584038895568659e-05,-0.00020397934080306857,-0.00011636099591249402
outer,28.83010014886922,298.6058480946258,0.00011432575792992717,-0.0001262481110670962,-0.00013146559093738314
outer,28.833047808049432,298.52190281823334,0.0001334750188150464,-5.049624566685646e-05,-0.0001474384132838114
outer,29.118148436213303,298.7730695018225,6.602232829234294e-05,-0.00045051581393994487,0.00014670917603097937
outer,29.120362679801506,298.68956815628115,7.755482379432691e-05,-0.0003906005642827736,0.00014571438100918383
outer,29.12257511165192,298.60584809462586,8.956545453791084e-05,-0.0003322004518697125,0.00014359215053189056
outer,29.124785856037064,298.5219028182333,0.00010206476487651108,-0.00027528224677442166,0.0001403629794095129
outer,29.412098957475507,298.7730695018225,3.130276288055596e-05,-0.0003927540621730451,0.00029757331551892466
outer,29.413575119867694,298.6895681562812,3.280369225809501e-05,-0.00035577178679536926,0.00030527111741456036
outer,29.41505007443462,298.6058480946258,3.4612432291815734e-05,-0.0003195946999918259,0.0003118050297985964
outer,29.4165239040247,298.52190281823334,3.673546170154888e-05,-0.00028422657694338396,0.00031719948455030125
outer,29.70604947873776,298.7730695018225,-5.389658754441335e-06,-0.00021085812176164614,0.00029183986771472766
outer,29.70678755993383,298.6895681562812,-1.8330749457355817e-05,-0.00019483397308122302,0.00030267730630293224
outer,29.707525037217266,298.6058480946258,-3.131848261139422e-05,-0.00017903809220111476,0.0003125920435950813
outer,29.708261952012332,298.5219028182333,-4.433632643265225e-05,-0.00016349780708985683,0.00032159571372509507
outer,29.999999999999964,298.6895681562812,-3.92726715231057e-05,-9.699613461030652e-05,0.00025285570487807834
outer,29.999999999999964,298.7730695018225,-1.7940030288915508e-05,-0.00010370101708266153,0.00024189142831978436
outer,29.999999999999964,298.6058480946258,-6.091536883932216e-05,-9.031312435729489e-05,0.0002630903222158674
outer,29.999999999999964,298.52190281823334,-8.283726780071595e-05,-8.367966499797457e-05,0.0002725966709290568
