<?xml version="1.0"?>
<VTKFile type="UnstructuredGrid" version="0.1" byte_order="LittleEndian">
  <UnstructuredGrid>
    <Piece NumberOfPoints="121" NumberOfCells="100">
      <PointData Vectors="displacement">
        <DataArray type="Float64" Name="displacement" NumberOfComponents="3" format="ascii">
          -2.4492704075427278e-13 -0.019999999999664061 0 -2.5176285082244074e-13 -0.020000000000212917 0 -7.9357870299427474e-14 -0.020000000000266506 0 -4.458904411503781e-14 -0.020000000000658054 0 -5.9613619521981871e-13 -0.020000000000244388 0 -1.9107343503903898e-13 -0.019999999999933002 0 9.3673013300707817e-15 -0.019999999999991015 0 -3.4654798417076885e-13 -0.019999999999973154 0 -2.354626964743215e-13 -0.020000000000033047 0 -2.8187944755351806e-13 -0.020000000000015263 0 -2.7855171825694941e-13 -0.019999999999977917 0 1.7468340662878699e-13 -0.019999999999686314 0 1.7963620530312774e-13 -0.020000000000100077 0 1.8733639066131413e-13 -0.020000000000332779 0 2.5114063393299009e-13 -0.020000000000462929 0 -1.6572403509903901e-13 -0.020000000000146918 0 9.3149917744027645e-15 -0.020000000000016616 0 -2.721812209697298e-14 -0.019999999999835583 0 -3.2583467837421262e-15 -0.019999999999901416 0 -2.2315183016811143e-13 -0.020000000000042564 0 -2.2430203818415115e-13 -0.019999999999940017 0 -2.3788141491710268e-13 -0.019999999999987288 0 4.9023382058559436e-13 -0.019999999999576488 0 3.6107457231803313e-13 -0.019999999999999834 0 3.1365081606751941e-13 -0.020000000000369438 0 2.2411603531757614e-13 -0.020000000000184193 0 2.8881907821899031e-13 -0.020000000000190084 0 1.0713143871058849e-13 -0.019999999999829734 0 2.3879785717933073e-13 -0.019999999999843747 0 8.3221132055179945e-14 -0.019999999999846786 0 -1.5333704397307177e-14 -0.019999999999779475 0 1.6479429553092767e-14 -0.01999999999979285 0 -3.1356024906216802e-14 -0.01999999999994229 0 4.0454779527905277e-13 -0.019999999999328034 0 3.2533576311916754e-13 -0.019999999999779135 0 1.4110416200298616e-13 -0.020000000000153246 0 1.7398810614069017e-13 -0.020000000000335198 0 3.2564701467165443e-13 -0.020000000000266135 0 2.3241999992125314e-13 -0.020000000000051709 0 1.8614274583719898e-13 -0.019999999999836073 0 4.453598788974519e-13 -0.019999999999901492 0 2.559732361585442e-13 -0.019999999999639122 0 1.6227779730482843e-13 -0.019999999999731292 0 1.1545076553138767e-13 -0.01999999999987968 0 5.4380415533467885e-13 -0.019999999999096286 0 3.1957577455106723e-13 -0.019999999999563672 0 1.5830257720883731e-13 -0.019999999999999348 0 6.1524299092209145e-14 -0.020000000000356285 0 -1.6576650254836879e-13 -0.02000000000047537 0 -1.3875613070828434e-13 -0.020000000000223388 0 4.2839369395988059e-14 -0.020000000000046456 0 -1.4835431986787579e-14 -0.019999999999848608 0 1.5081348819370551e-13 -0.019999999999803158 0 3.0940851272671311e-13 -0.019999999999532506 0 2.8225408424539257e-13 -0.019999999999650891 0 -2.0293610302245827e-13 -0.019999999999580222 0 -5.4737287389198795e-14 -0.019999999999523604 0 -1.3681094320896429e-13 -0.01999999999984518 0 -1.9344917566334766e-13 -0.020000000000282129 0 -2.2356301814363196e-13 -0.019999999999961861 0 -2.8434590503331128e-13 -0.020000000000215141 0 -2.6927241167795524e-13 -0.020000000000074489 0 1.8428878850546367e-14 -0.020000000000008854 0 1.4981072100754112e-13 -0.019999999999803272 0 3.6860968156258254e-13 -0.019999999999730188 0 6.8671762175361212e-13 -0.019999999999433454 0 -3.7106857908155485e-13 -0.019999999999108283 0 -5.3622764869893121e-13 -0.019999999999680315 0 -4.1826445700537945e-13 -0.019999999999716338 0 -4.2729506996116951e-13 -0.020000000000428789 0 -5.8783382711696311e-13 -0.01999999999997263 0 -2.5504849687133009e-13 -0.020000000000295177 0 7.0003210133857775e-14 -0.020000000000242487 0 2.4207472688504465e-13 -0.020000000000174448 0 3.0780452565254872e-13 -0.019999999999943948 0 6.8046991228544556e-13 -0.019999999999864886 0 6.750241408298669e-13 -0.019999999999655169 0 -5.1112260523057496e-13 -0.019999999999540236 0 -4.3509362658404334e-13 -0.019999999999617796 0 -7.2516390721842589e-13 -0.019999999999282491 0 -5.232794487197977e-13 -0.01999999999986548 0 -4.309283606589722e-13 -0.020000000000010648 0 -4.4106550569306101e-13 -0.020000000000417767 0 6.7668950371263151e-14 -0.020000000000433289 0 5.523471489698005e-13 -0.020000000000321785 0 5.1074399623005336e-13 -0.020000000000089765 0 5.079079568644368e-13 -0.02000000000002566 0 5.2061152767447829e-13 -0.019999999999692909 0 -6.3714943482837065e-13 -0.01999999999985334 0 -6.8365563894499774e-13 -0.019999999999531812 0 -3.2938867684332662e-13 -0.019999999999592469 0 -2.7000719616434742e-13 -0.01999999999990057 0 7.5085694450148687e-14 -0.019999999999863443 0 2.2588695623583006e-13 -0.02000000000035641 0 1.501429802033207e-13 -0.020000000000654529 0 3.1962349072379416e-13 -0.020000000000405072 0 2.6036359802160407e-13 -0.020000000000092086 0 2.0492659320203944e-13 -0.019999999999989915 0 1.7186928282478994e-13 -0.019999999999779583 0 -8.5142326543161461e-13 -0.019999999999692333 0 -4.9585274706663027e-13 -0.019999999999769782 0 -3.3832082993230617e-13 -0.019999999999779059 0 1.9105641195611266e-13 -0.020000000000071336 0 5.3223146147794109e-13 -0.019999999999779753 0 3.8044157680065258e-13 -0.020000000000133362 0 9.4219367183354974e-14 -0.02000000000021989 0 -1.4494827075818439e-13 -0.020000000000290313 0 -1.079288683351609e-13 -0.02000000000023397 0 -7.9251629539647105e-14 -0.019999999999763578 0 -2.680278211454188e-13 -0.020000000000060733 0 0 -0.02 0 -4.0228024997521136e-13 -0.02 0 -6.1667088863607102e-13 -0.02 0 2.3131059582557522e-13 -0.02 0 2.7717836638620695e-13 -0.02 0 3.989541549659257e-13 -0.02 0 3.3936800101065866e-13 -0.02 0 3.9153741690609995e-13 -0.02 0 -2.5855263973128573e-13 -0.02 0 -2.6066558417395878e-13 -0.02 0 -1.7281747662274948e-13 -0.02 0
        </DataArray>
        <DataArray type="Float64" Name="deformed_position" NumberOfComponents="3" format="ascii">
          -0.50000000000024492 0.030000000000335942 0 -0.40000000000025177 0.029999999999787086 0 -0.30000000000007937 0.029999999999733497 0 -0.20000000000004453 0.029999999999341949 0 -0.10000000000059611 0.029999999999755615 0 -1.9107343503903898e-13 0.030000000000067001 0 0.10000000000000946 0.030000000000008988 0 0.19999999999965351 0.030000000000026849 0 0.29999999999976457 0.029999999999966956 0 0.39999999999971814 0.02999999999998474 0 0.49999999999972145 0.030000000000022085 0 -0.49999999999982531 0.1300000000003137 0 -0.39999999999982039 0.12999999999989995 0 -0.29999999999981264 0.12999999999966724 0 -0.19999999999974882 0.1299999999995371 0 -0.10000000000016571 0.12999999999985309 0 9.3149917744027645e-15 0.12999999999998341 0 0.099999999999972874 0.13000000000016443 0 0.19999999999999682 0.13000000000009859 0 0.29999999999977689 0.12999999999995746 0 0.3999999999997757 0.13000000000006001 0 0.49999999999976213 0.13000000000001274 0 -0.49999999999950978 0.2300000000004235 0 -0.39999999999963892 0.23000000000000018 0 -0.29999999999968635 0.22999999999963056 0 -0.19999999999977583 0.2299999999998158 0 -0.099999999999711153 0.22999999999980991 0 1.0713143871058849e-13 0.23000000000017026 0 0.10000000000023888 0.23000000000015625 0 0.20000000000008328 0.23000000000015322 0 0.29999999999998472 0.23000000000022053 0 0.40000000000001651 0.23000000000020715 0 0.49999999999996864 0.23000000000005771 0 -0.49999999999959543 0.33000000000067198 0 -0.39999999999967467 0.33000000000022089 0 -0.29999999999985888 0.3299999999998468 0 -0.19999999999982596 0.32999999999966484 0 -0.099999999999674336 0.3299999999997339 0 2.3241999992125314e-13 0.32999999999994833 0 0.10000000000018623 0.33000000000016394 0 0.20000000000044543 0.33000000000009855 0 0.30000000000025601 0.33000000000036089 0 0.40000000000016228 0.33000000000026875 0 0.50000000000011546 0.33000000000012036 0 -0.49999999999945621 0.43000000000090371 0 -0.39999999999968044 0.43000000000043637 0 -0.29999999999984167 0.43000000000000066 0 -0.19999999999993842 0.42999999999964372 0 -0.10000000000016575 0.42999999999952465 0 -1.3875613070828434e-13 0.42999999999977662 0 0.10000000000004293 0.42999999999995353 0 0.19999999999998522 0.43000000000015143 0 0.30000000000015087 0.43000000000019684 0 0.40000000000030944 0.43000000000046751 0 0.50000000000028222 0.4300000000003491 0 -0.50000000000020295 0.5300000000004198 0 -0.40000000000005476 0.53000000000047642 0 -0.30000000000013682 0.5300000000001549 0 -0.20000000000019341 0.52999999999971792 0 -0.10000000000022354 0.53000000000003822 0 -2.8434590503331128e-13 0.52999999999978487 0 0.099999999999730818 0.52999999999992553 0 0.2000000000000185 0.52999999999999114 0 0.30000000000014987 0.53000000000019676 0 0.40000000000036862 0.53000000000026981 0 0.50000000000068667 0.53000000000056657 0 -0.50000000000037104 0.63000000000089185 0 -0.40000000000053626 0.63000000000031986 0 -0.30000000000041827 0.63000000000028378 0 -0.20000000000042725 0.62999999999957135 0 -0.10000000000058781 0.63000000000002754 0 -2.5504849687133009e-13 0.62999999999970491 0 0.10000000000007009 0.62999999999975764 0 0.20000000000024215 0.6299999999998257 0 0.30000000000030785 0.63000000000005618 0 0.40000000000068048 0.63000000000013523 0 0.50000000000067502 0.63000000000034495 0 -0.50000000000051115 0.73000000000045984 0 -0.40000000000043512 0.73000000000038234 0 -0.30000000000072513 0.73000000000071763 0 -0.20000000000052323 0.73000000000013465 0 -0.10000000000043091 0.72999999999998944 0 -4.4106550569306101e-13 0.72999999999958232 0 0.10000000000006776 0.72999999999956677 0 0.2000000000005524 0.72999999999967835 0 0.3000000000005108 0.72999999999991039 0 0.40000000000050795 0.72999999999997445 0 0.50000000000052058 0.73000000000030718 0 -0.50000000000063716 0.83000000000014673 0 -0.4000000000006837 0.83000000000046825 0 -0.30000000000032939 0.83000000000040763 0 -0.20000000000026996 0.83000000000009955 0 -0.099999999999924899 0.83000000000013663 0 2.2588695623583006e-13 0.82999999999964369 0 0.10000000000015023 0.82999999999934559 0 0.2000000000003197 0.82999999999959506 0 0.30000000000026039 0.82999999999990803 0 0.40000000000020497 0.83000000000001017 0 0.50000000000017186 0.83000000000022056 0 -0.50000000000085143 0.93000000000030769 0 -0.40000000000049585 0.93000000000023031 0 -0.30000000000033833 0.93000000000022098 0 -0.19999999999980889 0.92999999999992877 0 -0.099999999999467751 0.93000000000022032 0 3.8044157680065258e-13 0.92999999999986671 0 0.10000000000009431 0.92999999999978022 0 0.19999999999985513 0.92999999999970973 0 0.29999999999989213 0.92999999999976612 0 0.39999999999992075 0.93000000000023653 0 0.49999999999973199 0.92999999999993932 0 -0.5 1.03 0 -0.40000000000040231 1.03 0 -0.30000000000061666 1.03 0 -0.19999999999976864 1.03 0 -0.099999999999722797 1.03 0 3.989541549659257e-13 1.03 0 0.10000000000033946 1.03 0 0.20000000000039161 1.03 0 0.29999999999974147 1.03 0 0.39999999999973934 1.03 0 0.49999999999982719 1.03 0
        </DataArray>
        <DataArray type="Float64" Name="displacement_magnitude" format="ascii">
          0.019999999999664061 0.020000000000212917 0.020000000000266506 0.020000000000658054 0.020000000000244388 0.019999999999933002 0.019999999999991015 0.019999999999973154 0.020000000000033047 0.020000000000015263 0.019999999999977917 0.019999999999686314 0.020000000000100077 0.020000000000332779 0.020000000000462929 0.020000000000146918 0.020000000000016616 0.019999999999835583 0.019999999999901416 0.020000000000042564 0.019999999999940017 0.019999999999987288 0.019999999999576488 0.019999999999999834 0.020000000000369438 0.020000000000184193 0.020000000000190084 0.019999999999829734 0.019999999999843747 0.019999999999846786 0.019999999999779475 0.01999999999979285 0.01999999999994229 0.019999999999328034 0.019999999999779135 0.020000000000153246 0.020000000000335198 0.020000000000266135 0.020000000000051709 0.019999999999836073 0.019999999999901492 0.019999999999639122 0.019999999999731292 0.01999999999987968 0.019999999999096286 0.019999999999563672 0.019999999999999348 0.020000000000356285 0.02000000000047537 0.020000000000223388 0.020000000000046456 0.019999999999848608 0.019999999999803158 0.019999999999532506 0.019999999999650891 0.019999999999580222 0.019999999999523604 0.01999999999984518 0.020000000000282129 0.019999999999961861 0.020000000000215141 0.020000000000074489 0.020000000000008854 0.019999999999803272 0.019999999999730188 0.019999999999433454 0.019999999999108283 0.019999999999680315 0.019999999999716338 0.020000000000428789 0.01999999999997263 0.020000000000295177 0.020000000000242487 0.020000000000174448 0.019999999999943948 0.019999999999864886 0.019999999999655169 0.019999999999540236 0.019999999999617796 0.019999999999282491 0.01999999999986548 0.020000000000010648 0.020000000000417767 0.020000000000433289 0.020000000000321785 0.020000000000089765 0.02000000000002566 0.019999999999692909 0.01999999999985334 0.019999999999531812 0.019999999999592469 0.01999999999990057 0.019999999999863443 0.02000000000035641 0.020000000000654529 0.020000000000405072 0.020000000000092086 0.019999999999989915 0.019999999999779583 0.019999999999692333 0.019999999999769782 0.019999999999779059 0.020000000000071336 0.019999999999779753 0.020000000000133362 0.02000000000021989 0.020000000000290313 0.02000000000023397 0.019999999999763578 0.020000000000060733 0.02 0.02 0.02 0.02 0.02 0.02 0.02 0.02 0.02 0.02 0.02
        </DataArray>
        <DataArray type="Float64" Name="stress_2d" NumberOfComponents="3" format="ascii">
          -4.4080776356479796e-08 -6.7799708584771057e-08 -9.9418934623302559e-08 3.5308101658447101e-07 3.9931937086416249e-07 1.0013547683348419e-07 2.0241764037650167e-07 -5.8907061448170124e-08 3.3943062036292869e-08 -4.7051880344118506e-07 2.2719541997157186e-07 2.359918136975491e-07 -8.4724496165242507e-08 1.7791051131700146e-07 6.0995192870864172e-07 7.1862265070385186e-07 1.2421311689901491e-07 2.5159561400068554e-07 -2.9949039007180862e-08 3.2877159906460397e-07 -4.3586267074201813e-08 -2.4680540765657318e-07 5.188994060746346e-08 2.4790339652875235e-07 7.6074504895735898e-08 1.1690417532997068e-08 -6.7254535274230453e-09 2.881782773488574e-08 1.7772626928557415e-07 6.5494020463373871e-08 -1.8518884767452763e-09 -2.1386351556347479e-08 6.001229427928716e-08 6.3856992843025857e-08 1.2360068240633855e-07 -3.5524749426423039e-08 1.3996520050732692e-07 2.9414191904907787e-07 -1.2933445455662747e-08 3.6871573184810486e-08 -9.7311018029961014e-08 1.1598693169110672e-08 -2.0189314913275177e-07 4.3419912833217718e-07 1.7483304461951494e-07 -2.9420496395496652e-07 -6.6412500103672214e-08 5.120263665327552e-07 2.4602783474137799e-07 2.1892158105791757e-07 2.3443834487749045e-07 6.8036261243791509e-08 1.9099060587178234e-07 1.3255041724228619e-07 -1.9085284411018097e-07 5.7070820335574036e-08 8.5687909535197775e-08 -1.5126713465427129e-07 2.1382204837185197e-07 6.9818453335117123e-08 1.0848618726824723e-07 2.9090260298229808e-07 1.3601352309095626e-07 -1.600494048925669e-08 3.2292968258152521e-08 5.8712973760196373e-08 -1.4103679626609161e-07 3.3326926136661347e-07 -2.3724110283133367e-07 -5.2548935221721375e-08 3.3016275247771426e-07 -2.4894202488006081e-07 -8.0791107282978941e-08 1.6266315223832331e-07 -8.8689523603415934e-08 4.02626890267599e-08 1.5761739708430912e-07 3.9308370413514288e-08 -2.2625758103878111e-07 -2.2797385163667469e-07 3.253197991094417e-07 -8.7581907198554637e-08 -7.6098242335961433e-08 2.1901624266457065e-07 -3.2469401612060181e-08 -1.4453458491195112e-08 7.5503307626038345e-08 -3.4214421433371055e-07 -1.4671711145394513e-07 1.9726565268975515e-07 1.4290992126313696e-07 5.0458905346549183e-07 2.0502344473364826e-07 9.8848789550492975e-08 2.7173004871758516e-07 8.6063748058502324e-08 -6.6706012008645036e-08 8.9662661514749176e-08 2.0943548312624141e-08 6.3776445694668953e-08 5.5502725615876729e-07 -3.2639689897133538e-07 -1.030038358276779e-07 4.351542119817428e-07 -3.3335016344243666e-07 9.7754225226612983e-09 4.1088023454897215e-07 -2.7361965884206326e-07 1.4913928457963324e-07 -1.2519513769538993e-07 -1.059544561612723e-07 -8.5928775402969657e-08 -3.5032584460837263e-07 -6.5806408872918683e-08 -4.1490202777610218e-07 -6.1040147805589123e-07 7.0836303066276861e-08 1.6970149504724301e-07 -1.5002953457232754e-07 -1.7592775792548342e-08 9.295214134005025e-08 3.7835790507949818e-08 3.8035837572459715e-08 -3.9473418124887089e-07 -1.9519493165089483e-07 1.293643549470559e-07 -3.8967301585287803e-08 2.6939032355011451e-07 2.0142413139584272e-08 4.2042743652293021e-08 3.3823835966786718e-07 6.4739010804698924e-09 -7.4918478707106685e-07 -5.9820870427550622e-07 -5.9317633498016197e-07 -3.7152211735212164e-07 1.2158064444977141e-07 -4.9351353316387979e-07 -1.6964620738244373e-07 2.6582929933547226e-07 -4.1174169534693142e-07 -4.0563052736603297e-07 -1.1552487216893301e-07 -3.2440736165596342e-07 -9.4065197218352298e-08 2.9405410341485368e-07 -1.6012009764494443e-07 1.8652741381768633e-07 -9.9656218898108093e-08 -3.3788933193169028e-08 2.9267074366549323e-08 -2.4945554114855569e-07 -3.1013628698517489e-08 8.3410939833798278e-08 -8.2231188587079645e-08 -7.062756018048019e-08 3.4178154367032209e-07 -3.3904461470532568e-08 8.0745722417705164e-08 1.7757577399114877e-07 7.7316303282713568e-08 1.3792283746952672e-07 1.8433102540677942e-07 5.6935920534053947e-07 1.2865270604171944e-07 3.920757290232975e-07 1.5484944139661976e-07 -3.0832104530397337e-07 2.1720375099837413e-08 -1.188708165965179e-07 -4.3106216473946258e-07 -2.3451834850290564e-08 3.0095056041124209e-07 -5.1349711258551813e-07 -1.5861189654190189e-07 -1.4765320748323851e-07 -2.3288458750888537e-07 1.6768151138378399e-07 6.2432539674155671e-07 -1.3656951987181373e-07 -1.0294940237134621e-07 -1.2301169903487627e-07 -8.8046781741252661e-08 2.9448687408001187e-07 -8.9209560182171556e-08 8.9788476393399227e-08 3.7616539077640937e-07 -1.9685288994606133e-07 2.0312614056307425e-07 3.901734086778543e-07 1.2505126114900429e-08 1.6756063893391972e-07 5.3100248672164782e-07 -1.3767855853685042e-07 2.8495417562981947e-07 8.5397614034574556e-07 3.6128822392966449e-07 3.7932290738952498e-07 -4.2159029115612379e-07 -1.3674109158287151e-07 -5.585575734454419e-07 -1.1787522849335124e-07 -1.5402712821826908e-07 -3.8015846222357225e-07 4.7126876320517057e-07 8.2031280968959895e-07 -5.141643392794474e-07 1.2107799193342441e-08 4.6304478814750089e-07 -2.2543143011007124e-07 2.0372328681635551e-07 3.3696456187292331e-08 -2.8366560151629271e-08 7.6865021082391494e-07 1.0675552461267145e-07 -1.6406839139826049e-07 4.6220489003955496e-07 -1.9619685594969106e-07 1.7602716360548925e-07 1.3958033603751367e-07 -2.8405951211423996e-07 3.2017552780627025e-07 4.2486276805551945e-07 -1.3274376017917525e-07 2.5788222456565516e-07 3.2387055023012841e-07 -1.8589080632795246e-07 1.6464496543651275e-07 -1.6434818955204891e-07 -3.555520758492492e-07 9.7434210235189794e-08 -2.2514686189658477e-07 -9.1523487594603948e-07 -1.6199990584206703e-07 -2.02458521961028e-07 7.6420633341834306e-08 4.2429864226044321e-08 -4.7247919250951726e-08 1.1587234773689297e-07 -6.1079984855259487e-08 7.0082826550240453e-07 8.808158334557295e-07 -2.1956512630650872e-07 1.7366488726817391e-07 1.9441308817256818e-07 4.2550585256948039e-08 6.3586252285521128e-07 2.0522457632822395e-07 2.2421333206403959e-08 1.0995695125591923e-06 1.8450260938470488e-08 6.7738881292772161e-08 4.6339474586550338e-07 -5.4835454156877695e-08 1.6195126224738385e-07 -1.4528748623170844e-07 -2.2505748811664342e-07 9.5647562773294147e-08 -5.8848796495986893e-08 -1.6261522116864872e-07 -3.0264117571460426e-08 -3.7576206901194158e-08 -1.528243330773582e-07 6.2441689075092258e-08 -2.1295753747698324e-07 -2.5840756633538593e-07 1.1644406161159429e-07 3.2660880495288087e-07 -2.7042937122877477e-08 7.6966611037943538e-08 2.703525623193849e-07 -4.2981438735899981e-07 6.9564623148586053e-09 4.2572130200866371e-07 -4.3764067860491042e-08 1.7052376115985852e-07 8.0075876121160782e-07 5.9691364180098833e-07 1.9512268868914701e-07 2.6511828519059311e-07 4.2615475325709633e-07 1.1700812078664059e-08 2.4929819971354026e-07 3.4134571090091655e-07 -8.5050116245926349e-09 1.6652944977455902e-07 1.0595174737580848e-07 -5.1866532588437858e-08 -2.3759534765174507e-07 -2.602945354905982e-07 -7.8275839536908408e-08 3.2073996039726929e-08 3.0174782459734781e-07 -1.0563718897688473e-07 -3.0120791415579057e-07 -5.3329379776223192e-07 -1.4152895795825015e-07 8.7269322884295853e-07 2.1284564491570051e-07 1.8548146627771515e-07 4.2060690662093747e-07 -3.342311550621935e-07 7.4865090050564569e-08 6.8957028989831438e-07 -1.5230819285968351e-07 -2.2647519246362005e-07 1.1145334901315686e-06 3.6839278104994901e-07 1.9254773485317926e-07 1.7615862635111898e-07 -7.456619196159406e-08 5.38717335231275e-08 -3.8401074446551677e-07 2.2708286366914293e-07 -1.0271962549192136e-07 -3.2964281525940164e-07 5.7798688634046509e-07 1.2412656825810004e-08 -3.8427558233054475e-08 4.2866450647804212e-07 2.2243693321237863e-08 1.4156415174203287e-07 1.6186342786336569e-07 3.007479689993223e-09 -2.2133549115437093e-07 -1.0593934394928105e-07 -1.1244486784279637e-07 -6.3540770535806707e-07 -5.1453494529307068e-07 -3.6115307864687061e-07 -1.4380617028133971e-06 -1.2925016656660727e-06 6.5494163527266087e-07 -1.0957702155859213e-06 -9.7558976294132587e-07 7.1978811273676942e-08 5.9797855681538543e-07 -2.2930861307380903e-07 -2.1411480475556825e-07 1.2855691170960321e-06 7.0774010650028563e-07 3.0964383076004556e-08 -2.8456636904615045e-08 -4.9625409929115451e-07 -1.9619409286706205e-07 2.3759667341475875e-07 3.9493163636661196e-07 1.4240332244053473e-08 2.4373579516483508e-07 5.8773413246109122e-07 1.8857613215610389e-07 -4.6991573982015603e-07 4.366597884759041e-07 4.1268148781573805e-07 -6.0800024623653319e-07 2.5364814616618918e-07 -1.1586397888695677e-07 -1.5738089505129704e-07 -5.8705584001337588e-07 -1.3954922956283673e-07 3.0659128492647759e-07 2.6487654918122037e-07 7.3239511965470096e-08
        </DataArray>
        <DataArray type="Float64" Name="sigma_xx" format="ascii">
          -4.4080776356479796e-08 3.5308101658447101e-07 2.0241764037650167e-07 -4.7051880344118506e-07 -8.4724496165242507e-08 7.1862265070385186e-07 -2.9949039007180862e-08 -2.4680540765657318e-07 7.6074504895735898e-08 2.881782773488574e-08 -1.8518884767452763e-09 6.3856992843025857e-08 1.3996520050732692e-07 3.6871573184810486e-08 -2.0189314913275177e-07 -2.9420496395496652e-07 2.4602783474137799e-07 6.8036261243791509e-08 -1.9085284411018097e-07 -1.5126713465427129e-07 1.0848618726824723e-07 -1.600494048925669e-08 -1.4103679626609161e-07 -5.2548935221721375e-08 -8.0791107282978941e-08 4.02626890267599e-08 -2.2625758103878111e-07 -8.7581907198554637e-08 -3.2469401612060181e-08 -3.4214421433371055e-07 1.4290992126313696e-07 9.8848789550492975e-08 -6.6706012008645036e-08 6.3776445694668953e-08 -1.030038358276779e-07 9.7754225226612983e-09 1.4913928457963324e-07 -8.5928775402969657e-08 -4.1490202777610218e-07 1.6970149504724301e-07 9.295214134005025e-08 -3.9473418124887089e-07 -3.8967301585287803e-08 4.2042743652293021e-08 -7.4918478707106685e-07 -3.7152211735212164e-07 -1.6964620738244373e-07 -4.0563052736603297e-07 -9.4065197218352298e-08 1.8652741381768633e-07 2.9267074366549323e-08 8.3410939833798278e-08 3.4178154367032209e-07 1.7757577399114877e-07 1.8433102540677942e-07 3.920757290232975e-07 2.1720375099837413e-08 -2.3451834850290564e-08 -1.5861189654190189e-07 1.6768151138378399e-07 -1.0294940237134621e-07 2.9448687408001187e-07 3.7616539077640937e-07 3.901734086778543e-07 5.3100248672164782e-07 8.5397614034574556e-07 -4.2159029115612379e-07 -1.1787522849335124e-07 4.7126876320517057e-07 1.2107799193342441e-08 2.0372328681635551e-07 7.6865021082391494e-07 4.6220489003955496e-07 1.3958033603751367e-07 4.2486276805551945e-07 3.2387055023012841e-07 -1.6434818955204891e-07 -2.2514686189658477e-07 -2.02458521961028e-07 -4.7247919250951726e-08 7.0082826550240453e-07 1.7366488726817391e-07 6.3586252285521128e-07 1.0995695125591923e-06 4.6339474586550338e-07 -1.4528748623170844e-07 -5.8848796495986893e-08 -3.7576206901194158e-08 -2.1295753747698324e-07 3.2660880495288087e-07 2.703525623193849e-07 4.2572130200866371e-07 8.0075876121160782e-07 2.6511828519059311e-07 2.4929819971354026e-07 1.6652944977455902e-07 -2.3759534765174507e-07 3.2073996039726929e-08 -3.0120791415579057e-07 8.7269322884295853e-07 4.2060690662093747e-07 6.8957028989831438e-07 1.1145334901315686e-06 1.7615862635111898e-07 -3.8401074446551677e-07 -3.2964281525940164e-07 -3.8427558233054475e-08 1.4156415174203287e-07 -2.2133549115437093e-07 -6.3540770535806707e-07 -1.4380617028133971e-06 -1.0957702155859213e-06 5.9797855681538543e-07 1.2855691170960321e-06 -2.8456636904615045e-08 2.3759667341475875e-07 2.4373579516483508e-07 -4.6991573982015603e-07 -6.0800024623653319e-07 -1.5738089505129704e-07 3.0659128492647759e-07
        </DataArray>
        <DataArray type="Float64" Name="sigma_yy" format="ascii">
          -6.7799708584771057e-08 3.9931937086416249e-07 -5.8907061448170124e-08 2.2719541997157186e-07 1.7791051131700146e-07 1.2421311689901491e-07 3.2877159906460397e-07 5.188994060746346e-08 1.1690417532997068e-08 1.7772626928557415e-07 -2.1386351556347479e-08 1.2360068240633855e-07 2.9414191904907787e-07 -9.7311018029961014e-08 4.3419912833217718e-07 -6.6412500103672214e-08 2.1892158105791757e-07 1.9099060587178234e-07 5.7070820335574036e-08 2.1382204837185197e-07 2.9090260298229808e-07 3.2292968258152521e-08 3.3326926136661347e-07 3.3016275247771426e-07 1.6266315223832331e-07 1.5761739708430912e-07 -2.2797385163667469e-07 -7.6098242335961433e-08 -1.4453458491195112e-08 -1.4671711145394513e-07 5.0458905346549183e-07 2.7173004871758516e-07 8.9662661514749176e-08 5.5502725615876729e-07 4.351542119817428e-07 4.1088023454897215e-07 -1.2519513769538993e-07 -3.5032584460837263e-07 -6.1040147805589123e-07 -1.5002953457232754e-07 3.7835790507949818e-08 -1.9519493165089483e-07 2.6939032355011451e-07 3.3823835966786718e-07 -5.9820870427550622e-07 1.2158064444977141e-07 2.6582929933547226e-07 -1.1552487216893301e-07 2.9405410341485368e-07 -9.9656218898108093e-08 -2.4945554114855569e-07 -8.2231188587079645e-08 -3.3904461470532568e-08 7.7316303282713568e-08 5.6935920534053947e-07 1.5484944139661976e-07 -1.188708165965179e-07 3.0095056041124209e-07 -1.4765320748323851e-07 6.2432539674155671e-07 -1.2301169903487627e-07 -8.9209560182171556e-08 -1.9685288994606133e-07 1.2505126114900429e-08 -1.3767855853685042e-07 3.6128822392966449e-07 -1.3674109158287151e-07 -1.5402712821826908e-07 8.2031280968959895e-07 4.6304478814750089e-07 3.3696456187292331e-08 1.0675552461267145e-07 -1.9619685594969106e-07 -2.8405951211423996e-07 -1.3274376017917525e-07 -1.8589080632795246e-07 -3.555520758492492e-07 -9.1523487594603948e-07 7.6420633341834306e-08 1.1587234773689297e-07 8.808158334557295e-07 1.9441308817256818e-07 2.0522457632822395e-07 1.8450260938470488e-08 -5.4835454156877695e-08 -2.2505748811664342e-07 -1.6261522116864872e-07 -1.528243330773582e-07 -2.5840756633538593e-07 -2.7042937122877477e-08 -4.2981438735899981e-07 -4.3764067860491042e-08 5.9691364180098833e-07 4.2615475325709633e-07 3.4134571090091655e-07 1.0595174737580848e-07 -2.602945354905982e-07 3.0174782459734781e-07 -5.3329379776223192e-07 2.1284564491570051e-07 -3.342311550621935e-07 -1.5230819285968351e-07 3.6839278104994901e-07 -7.456619196159406e-08 2.2708286366914293e-07 5.7798688634046509e-07 4.2866450647804212e-07 1.6186342786336569e-07 -1.0593934394928105e-07 -5.1453494529307068e-07 -1.2925016656660727e-06 -9.7558976294132587e-07 -2.2930861307380903e-07 7.0774010650028563e-07 -4.9625409929115451e-07 3.9493163636661196e-07 5.8773413246109122e-07 4.366597884759041e-07 2.5364814616618918e-07 -5.8705584001337588e-07 2.6487654918122037e-07
        </DataArray>
        <DataArray type="Float64" Name="tau_xy" format="ascii">
          -9.9418934623302559e-08 1.0013547683348419e-07 3.3943062036292869e-08 2.359918136975491e-07 6.0995192870864172e-07 2.5159561400068554e-07 -4.3586267074201813e-08 2.4790339652875235e-07 -6.7254535274230453e-09 6.5494020463373871e-08 6.001229427928716e-08 -3.5524749426423039e-08 -1.2933445455662747e-08 1.1598693169110672e-08 1.7483304461951494e-07 5.120263665327552e-07 2.3443834487749045e-07 1.3255041724228619e-07 8.5687909535197775e-08 6.9818453335117123e-08 1.3601352309095626e-07 5.8712973760196373e-08 -2.3724110283133367e-07 -2.4894202488006081e-07 -8.8689523603415934e-08 3.9308370413514288e-08 3.253197991094417e-07 2.1901624266457065e-07 7.5503307626038345e-08 1.9726565268975515e-07 2.0502344473364826e-07 8.6063748058502324e-08 2.0943548312624141e-08 -3.2639689897133538e-07 -3.3335016344243666e-07 -2.7361965884206326e-07 -1.059544561612723e-07 -6.5806408872918683e-08 7.0836303066276861e-08 -1.7592775792548342e-08 3.8035837572459715e-08 1.293643549470559e-07 2.0142413139584272e-08 6.4739010804698924e-09 -5.9317633498016197e-07 -4.9351353316387979e-07 -4.1174169534693142e-07 -3.2440736165596342e-07 -1.6012009764494443e-07 -3.3788933193169028e-08 -3.1013628698517489e-08 -7.062756018048019e-08 8.0745722417705164e-08 1.3792283746952672e-07 1.2865270604171944e-07 -3.0832104530397337e-07 -4.3106216473946258e-07 -5.1349711258551813e-07 -2.3288458750888537e-07 -1.3656951987181373e-07 -8.8046781741252661e-08 8.9788476393399227e-08 2.0312614056307425e-07 1.6756063893391972e-07 2.8495417562981947e-07 3.7932290738952498e-07 -5.585575734454419e-07 -3.8015846222357225e-07 -5.141643392794474e-07 -2.2543143011007124e-07 -2.8366560151629271e-08 -1.6406839139826049e-07 1.7602716360548925e-07 3.2017552780627025e-07 2.5788222456565516e-07 1.6464496543651275e-07 9.7434210235189794e-08 -1.6199990584206703e-07 4.2429864226044321e-08 -6.1079984855259487e-08 -2.1956512630650872e-07 4.2550585256948039e-08 2.2421333206403959e-08 6.7738881292772161e-08 1.6195126224738385e-07 9.5647562773294147e-08 -3.0264117571460426e-08 6.2441689075092258e-08 1.1644406161159429e-07 7.6966611037943538e-08 6.9564623148586053e-09 1.7052376115985852e-07 1.9512268868914701e-07 1.1700812078664059e-08 -8.5050116245926349e-09 -5.1866532588437858e-08 -7.8275839536908408e-08 -1.0563718897688473e-07 -1.4152895795825015e-07 1.8548146627771515e-07 7.4865090050564569e-08 -2.2647519246362005e-07 1.9254773485317926e-07 5.38717335231275e-08 -1.0271962549192136e-07 1.2412656825810004e-08 2.2243693321237863e-08 3.007479689993223e-09 -1.1244486784279637e-07 -3.6115307864687061e-07 6.5494163527266087e-07 7.1978811273676942e-08 -2.1411480475556825e-07 3.0964383076004556e-08 -1.9619409286706205e-07 1.4240332244053473e-08 1.8857613215610389e-07 4.1268148781573805e-07 -1.1586397888695677e-07 -1.3954922956283673e-07 7.3239511965470096e-08
        </DataArray>
        <DataArray type="Float64" Name="sigma_zz" format="ascii">
          -3.3564145482375309e-08 2.2572011623459044e-07 4.305317367849953e-08 -7.2997015040884073e-08 2.7955804545527731e-08 2.5285073028086045e-07 8.9646768017227076e-08 -5.8474640114733012e-08 2.6329476728619932e-08 6.1963229106138066e-08 -6.9714720099278382e-09 5.6237302574809415e-08 1.3023213586692166e-07 -1.8131833453545187e-08 6.9691793759827732e-08 -1.081852392175918e-07 1.3948482473978889e-07 7.7708060134672286e-08 -4.0134607132382143e-08 1.8766474115274235e-08 1.1981663707516377e-07 4.886408330668757e-09 5.766973953015665e-08 8.3284145176798001e-08 2.4561613486603349e-08 5.93640258333208e-08 -1.3626942980263697e-07 -4.9104044860354898e-08 -1.4076858030976611e-08 -1.4665839773629694e-07 1.9424969241858894e-07 1.1117365148042362e-07 6.8869948518312537e-09 1.8564111055603117e-07 9.9645112846219623e-08 1.2619669712149024e-07 7.1832440652730047e-09 -1.3087638600340289e-07 -3.0759105174959855e-07 5.9015881424746507e-09 3.923637955440009e-08 -1.7697873386992999e-07 6.9126906589448134e-08 1.1408433099604823e-07 -4.0421804740397258e-07 -7.4982441870705203e-08 2.8854927585908604e-08 -1.5634661986049004e-07 5.9996671858950518e-08 2.6061358475873512e-08 -6.6056540034602017e-08 3.5392537401559046e-10 9.2363124659937006e-08 7.6467623182158819e-08 2.2610706922419603e-07 1.6407755112597543e-07 -2.9145132449004194e-08 8.3249617668285591e-08 -9.1879531207542268e-08 2.3760207243760261e-07 -6.7788330421866854e-08 6.1583194169352186e-08 5.37937502491045e-08 1.2080356043782661e-07 1.179971784554394e-07 3.6457930928262364e-07 -1.6749941482169886e-07 -8.1570707013486226e-08 3.8747447186843147e-07 1.4254577620225322e-07 7.1225922901094468e-08 2.6262172063097633e-07 7.9802410226959296e-08 -4.3343752823017956e-08 8.76357023629034e-08 4.1393923170652851e-08 -1.5597007962038968e-07 -3.4211452135278782e-07 -3.7811366585758168e-08 2.058732854578241e-08 4.7449322968744095e-07 1.1042339263222281e-07 2.5232612975503101e-07 3.3540593204929935e-07 1.225677875125879e-07 -1.1110349230450575e-07 -6.6439205299390789e-08 -5.7120161993565802e-08 -1.4140953114371098e-07 8.9869760349001158e-08 -4.7838547511884549e-08 1.1458717024445199e-07 4.1930172090377954e-07 2.0738191153430716e-07 1.7719317318433733e-07 8.1744359145110388e-08 -1.4936696494270322e-07 1.0014654619112259e-07 -2.5035051357540719e-07 3.2566166212759822e-07 2.591272546762323e-08 1.6117862911158952e-07 4.4487788135445601e-07 3.0477730316857526e-08 -4.707836423891223e-08 7.4503221324319158e-08 1.1707108447349648e-07 9.1028273881619709e-08 -9.8182450531095749e-08 -3.4498279519534188e-07 -8.1916901054384222e-07 -6.2140799355817521e-07 1.1060098312247309e-07 5.979927670788963e-07 -1.5741322085873112e-07 1.8975849293441152e-07 2.4944097828777827e-07 -9.9767854032755922e-09 -1.0630563002110337e-07 -2.2333102051940224e-07 1.7144035023230967e-07
        </DataArray>
        <DataArray type="Float64" Name="von_mises_stress" format="ascii">
          1.748570965413266e-07 2.3308600116307388e-07 2.3558046538197492e-07 7.311282461503249e-07 1.0808349881963339e-06 6.952035418550001e-07 3.2524061410336372e-07 5.027943385810992e-07 5.9605246991812969e-08 1.7664968633915393e-07 1.054145315496918e-07 8.8705242222793028e-08 1.6083416020632195e-07 1.185471718273109e-07 6.303320254275124e-07 9.1139006645352011e-07 4.1723158168856267e-07 2.5832337137006181e-07 2.6237905072833922e-07 3.3874467913097015e-07 2.9468000129534588e-07 1.1000803538501329e-07 5.8228243376709944e-07 5.4667206755213397e-07 2.6137731045388886e-07 1.2857216152933556e-07 5.7074878190287214e-07 3.8088698747238826e-07 1.3203692375365314e-07 3.9362983046558307e-07 4.9090007289195352e-07 2.2389729907463436e-07 1.4026884366327006e-07 7.1827365740199476e-07 7.449768537431242e-07 5.9358655902959308e-07 3.0024407514857234e-07 2.7024716786453812e-07 2.9286219106248916e-07 2.7859458931862032e-07 8.5456148058428652e-08 3.0657461966063705e-07 2.7322931745636698e-07 2.6778567007483637e-07 1.0701815711105451e-06 9.5683248383154419e-07 8.0696524476709706e-07 6.2426396283249535e-07 4.3759867819333413e-07 2.5525035538677333e-07 2.5117638470004845e-07 1.8852797796218782e-07 3.5945253903686118e-07 2.5924100221467189e-07 4.2844082366163116e-07 5.8254435047420206e-07 7.5673357949009087e-07 9.3436917818765602e-07 4.0810255513131209e-07 4.8727551498178677e-07 1.6000286219154169e-07 3.6917296454686932e-07 6.0936792530450183e-07 4.4462422560594042e-07 7.6494153393701735e-07 8.2023675877837196e-07 1.0046309500264123e-06 6.6143693936329051e-07 9.7529279271782412e-07 5.6035427570418858e-07 1.6232853393518904e-07 6.6331527267164555e-07 6.4877325953699795e-07 6.6556375789055271e-07 6.6039143398348329e-07 5.2628690920429989e-07 2.5828534997634606e-07 6.9851043596338226e-07 2.5370551739418976e-07 1.7702212365632825e-07 5.1863966273710404e-07 1.0570609555690456e-07 4.1096475472539632e-07 9.697311606019327e-07 5.3552158405207966e-07 1.941752422296902e-07 1.1307168544314891e-07 1.5201508533350966e-07 2.2608480652161992e-07 3.3935723362801925e-07 6.0732002940464841e-07 5.0831397472420633e-07 4.7278191727287166e-07 1.9741991184475035e-07 1.4326888381949327e-07 1.1744145452605749e-07 1.6936213992935659e-07 3.0410213376240232e-07 3.5825264149346569e-07 6.9057587154940615e-07 6.6666944617800707e-07 8.3485842850093848e-07 7.8532233632649186e-07 2.3720567618804023e-07 5.5920977030245911e-07 7.8789147074566553e-07 4.1377166214687379e-07 6.3394890197494219e-08 2.2847997880026769e-07 6.7464585578961202e-07 1.2652965986372152e-06 4.4496813384925048e-07 8.1010813848568177e-07 6.4204549652446155e-07 5.3908725625488184e-07 1.8755735554638719e-07 4.7232161132607624e-07 1.061777594823128e-06 7.7596679396812392e-07 4.6803292967634011e-07 1.7452847085599778e-07
        </DataArray>
        <DataArray type="Float64" Name="strain_2d" NumberOfComponents="3" format="ascii">
          -6.8358100681679497e-14 -2.225311601655727e-13 -1.2924461501029331e-12 8.2784585227422624e-13 1.1283951550922207e-12 1.3017611988352941e-12 1.0358690335370142e-12 -6.6274152832335223e-13 4.4125980647180716e-13 -2.5838916246019568e-12 1.9512508275809625e-12 3.0678935780681379e-12 -7.3242195462000621e-13 9.7470559401457953e-13 7.9293750732123406e-12 3.027517482749447e-12 -8.3614448698199326e-13 3.2707429820089117e-12 -7.7737274565865072e-13 1.5543114018079507e-12 -5.6662147196462349e-13 -1.2241499890219616e-12 7.1736977469427646e-13 3.2227441548737801e-12 3.2334268308625407e-13 -9.5153884771548348e-14 -8.743089585649959e-14 -2.1544510891313949e-13 7.5245976116633521e-13 8.5142226602386021e-13 3.327729296568657e-14 -9.3696717051727729e-14 7.8015982563073297e-13 4.9527986743407498e-14 4.378619689049399e-13 -4.6182174254349936e-13 6.3264920162635702e-14 1.0654135906840167e-12 -1.6813479092361569e-13 3.5752214314931158e-13 -5.1466469974670304e-13 1.5078301119843871e-13 -1.7653021288017663e-12 2.3692976747202723e-12 2.2728295800536938e-12 -1.2091282107929368e-12 2.7152280424047612e-13 6.6563427649258165e-12 6.9252956501033062e-13 5.1633891606783776e-13 3.0476984834073752e-12 -6.2866692790724261e-14 7.3633654729121624e-13 1.72315542414972e-12 -9.796685403556924e-13 6.3183527854171451e-13 1.1139428239575707e-12 -1.1052184570020454e-12 1.2678612326677554e-12 9.0763989335652254e-13 -7.3647923744956311e-14 1.112058778396374e-12 1.7681758001824311e-12 -1.3579376732951533e-13 1.7814263952864449e-13 7.6326865888255276e-13 -1.2915924826756128e-12 1.7913968919369698e-12 -3.084134336807337e-12 -8.8291502259037501e-13 1.6047109474559564e-12 -3.2362463234407904e-12 -6.8479268500228461e-13 8.9766000188617994e-13 -1.152963806844407e-12 -1.2415868924264513e-13 6.3864691313142451e-13 5.1100881537568561e-13 -5.8492298303493843e-13 -5.9607874192124665e-13 4.2291573884227408e-12 -2.5010610519829872e-13 -1.7546228359144301e-13 2.8472111546394184e-12 -1.1955153327704346e-13 -2.4479029914203335e-15 9.8154299913849845e-13 -1.2706578078831901e-12 -3.8163916471479659e-16 2.5644534849668164e-12 -3.3370851251043598e-13 2.0172058468048712e-12 2.6653047815374268e-12 -8.0111602544548121e-14 1.0436165820415513e-12 1.1188287247605299e-12 -4.7835454459309584e-13 5.3804183330896649e-13 2.7226612806411377e-13 -7.9212032159885238e-13 2.4010099464177866e-12 -4.2431596866273585e-12 -1.3172181663803328e-12 2.1808091443809017e-12 -4.333552124751676e-12 -7.5673828489238651e-13 1.8504429932786333e-12 -3.5570555649468217e-12 9.2271426334334158e-13 -8.6045948144430884e-13 -1.3774079300965393e-12 2.9215946890281489e-13 -1.4264214809323046e-12 -8.5548331534794276e-13 -6.9752134417227723e-13 -1.9682677709909056e-12 9.2087193986159883e-13 1.0646993948809941e-12 -1.0135522976462141e-12 -2.2870608530312846e-13 3.4915245160672623e-13 -9.1038288019261827e-15 4.9446588844197652e-13 -1.4154104079631177e-12 -1.1840528557627315e-13 1.6817366143117266e-12 -7.0261235313578275e-13 1.3017122102443324e-12 2.6185137081459547e-13 -4.6827031773440766e-13 1.457001186366824e-12 8.4160714046108594e-14 -2.2422838078361168e-12 -1.2609392696649731e-12 -7.711292354742105e-12 -1.9275078906292078e-12 1.2776600610830974e-12 -6.4156759311304371e-12 -1.2902573772942899e-12 1.540333416372164e-12 -5.3526420395101071e-12 -1.6203453987860307e-12 2.6534135999511913e-13 -4.2172957015275237e-12 -1.0014021490024676e-12 1.5213733051133713e-12 -2.0815612693842771e-12 1.0430293597217833e-12 -8.1716425293088009e-13 -4.3925613151119725e-13 6.196034936074829e-13 -1.1920935072406993e-12 -4.0317717308072731e-13 5.3987059398858742e-13 -5.3680324074711905e-13 -9.1815828234624212e-13 1.6212197235675038e-12 -8.2073930984805108e-13 1.049694391430167e-12 6.5720298025843539e-13 5.5164206536066505e-15 1.7929968871038475e-12 -2.7154428481320551e-13 2.2311388847562345e-12 1.6724851785423524e-12 1.481988156332595e-12 -5.9982713240810379e-14 -4.0081735889516538e-12 3.3062579906747016e-13 -5.8321694695883935e-13 -5.6038081416130129e-12 -6.9355944137074402e-13 1.4150561278292178e-12 -6.6754624636117345e-12 -4.3376037467333835e-13 -3.625288957920266e-13 -3.0274996376155092e-12 -4.5448364684981823e-13 2.5137016079757043e-12 -1.7754037583335781e-12 -2.2854696767161653e-13 -3.5895189598456197e-13 -1.1446081626362841e-12 1.5138739194192884e-12 -9.8015290328490352e-13 1.1672501931141897e-12 2.0954156634274822e-12 -1.6292031612685772e-12 2.6406398273199648e-12 1.750904013560181e-12 -7.0393982309901892e-13 2.178288306140956e-12 2.6845345037303554e-12 -1.6618922904498824e-12 3.7044042831876529e-12 3.181079401910297e-12 -2.139205479423053e-14 4.9311977960638241e-12 -1.651590696173764e-12 1.9992910105237632e-13 -7.2612484547907436e-12 -2.3597938961912325e-13 -4.7096673783108944e-13 -4.9420600089064383e-12 5.446628936888085e-13 2.8134491958375919e-12 -6.6841364106328152e-12 -8.4784685055791845e-13 2.0832435776441111e-12 -2.9306085914309252e-12 8.6123286544919746e-13 -2.4394153363971317e-13 -3.6876528197118038e-13 3.2891851862541037e-12 -1.013130274118979e-12 -2.1328890881773859e-12 2.4856161187818728e-12 -1.7939952301482264e-12 2.2883531268713598e-12 1.1890065775934548e-12 -1.5646524353929434e-12 4.162281861481513e-12 2.1919759270020051e-12 -1.4324665065235101e-12 3.3524689193535164e-12 1.8360980758865913e-12 -1.477350741740934e-12 2.1403845506746652e-12 -5.4457714555786622e-14 -1.2972829754875884e-12 1.2666447330574672e-12 7.6028978646531637e-13 -3.7252823048561392e-12 -2.1059987759468708e-12 -1.0702065099392542e-12 7.4250799952935068e-13 5.5158823493857603e-13 -4.4092911067877166e-13 6.1935262474221892e-13 -7.9403980311837327e-13 1.4711777327972683e-12 2.6410969244938801e-12 -2.8543466419846129e-12 4.1106971513368347e-13 5.4593302101224598e-13 5.5315760834032445e-13 2.4929865551511747e-12 -3.0616009727424302e-13 2.9147733168325136e-13 4.9670632733143064e-12 -2.0602118622203839e-12 8.8060545680603806e-13 2.2153752292939518e-12 -1.1531210708515253e-12 2.1053664092159899e-12 -2.2219596052681875e-13 -7.4070097277889598e-13 1.2434183160528237e-12 4.933765722212462e-14 -6.2514410315017726e-13 -3.9343352842898538e-13 1.2703570810041505e-13 -6.2207711204465117e-13 8.1174195797619927e-13 -4.6506204116627117e-13 -7.6048722874588855e-13 1.5137728009507255e-12 1.5388037899252193e-12 -7.5993253356721029e-13 1.0005659434932658e-12 2.0682422139032507e-12 -2.4828429590062497e-12 9.0434010093161743e-14 2.0223718564673769e-12 -1.0292830476821282e-12 2.2168088950781601e-12 2.4794707620008884e-12 1.1544774858318618e-12 2.5365949529589105e-12 3.7528642876586077e-13 1.4220234711981317e-12 1.521105570226329e-13 4.6868267243982118e-13 1.0669914951577666e-12 -1.105651511197043e-13 5.5110308909141695e-13 1.573480234995385e-13 -6.7426492364969208e-13 -5.7348448760877371e-13 -7.2102920856131868e-13 -1.0175859139798091e-12 -4.4247157598407077e-13 1.310408309640465e-12 -1.3732834566995011e-12 -3.3057310377249511e-13 -1.8391313472143631e-12 -1.8398764534572515e-12 3.5557051836498451e-12 -7.3330411187733178e-13 2.4112590616102964e-12 2.5655121774965431e-12 -2.3409352234438083e-12 9.7324617065733928e-13 3.4345457951137134e-12 -2.0376643428132732e-12 -2.9441775020270601e-12 4.3527614570512359e-12 -4.9715315197929039e-13 2.5031205530913293e-12 9.4692582422269973e-13 -6.8278549480993501e-13 7.0033253580065735e-13 -2.1900604714729297e-12 1.7820479814023579e-12 -1.3353551313949774e-12 -2.6269492377941845e-12 3.2726438226049493e-12 1.6136453873553003e-13 -1.0107411775925798e-12 2.0253572430295475e-12 2.8916801317609185e-13 3.2848320609268651e-13 4.6042850088134966e-13 3.9097235969911884e-14 -8.0049476405128967e-13 -5.0419807218205406e-14 -1.4617832819563526e-12 -1.8877619160577175e-12 -1.1020889756352406e-12 -4.6949900224093168e-12 -4.0228024997521148e-12 -3.076662258294506e-12 8.5142412585445905e-12 -3.0833544431803554e-12 -2.302181500990486e-12 9.3572454655779994e-13 3.1679542290039311e-12 -2.2094123752758326e-12 -2.7834924618223869e-12 4.4692462751113879e-12 7.1335770623903742e-13 4.0253697998805918e-13 8.3821779570175262e-13 -2.2024657098107534e-12 -2.5505232072718063e-12 3.1094817312225902e-13 1.3336254323093048e-12 1.8512431917269514e-13 -3.7083690299128138e-14 2.1989055021265361e-12 2.4514897180293505e-12 -2.9896032037097228e-12 2.9031377302146677e-12 5.3648593416045936e-12 -3.2610150054002948e-12 2.3396995452174004e-12 -1.5062317255304378e-12 4.2867581554268135e-13 -2.3642113267108309e-12 -1.8141399843168773e-12 8.7848107551209328e-13 6.0733529316792125e-13 9.521136555511111e-13
        </DataArray>
        <DataArray type="Float64" Name="strain_xx" format="ascii">
          -6.8358100681679497e-14 8.2784585227422624e-13 1.0358690335370142e-12 -2.5838916246019568e-12 -7.3242195462000621e-13 3.027517482749447e-12 -7.7737274565865072e-13 -1.2241499890219616e-12 3.2334268308625407e-13 -2.1544510891313949e-13 3.327729296568657e-14 4.9527986743407498e-14 6.3264920162635702e-14 3.5752214314931158e-13 -1.7653021288017663e-12 -1.2091282107929368e-12 6.9252956501033062e-13 -6.2866692790724261e-14 -9.796685403556924e-13 -1.1052184570020454e-12 -7.3647923744956311e-14 -1.3579376732951533e-13 -1.2915924826756128e-12 -8.8291502259037501e-13 -6.8479268500228461e-13 -1.2415868924264513e-13 -5.8492298303493843e-13 -2.5010610519829872e-13 -1.1955153327704346e-13 -1.2706578078831901e-12 -3.3370851251043598e-13 -8.0111602544548121e-14 -4.7835454459309584e-13 -7.9212032159885238e-13 -1.3172181663803328e-12 -7.5673828489238651e-13 9.2271426334334158e-13 2.9215946890281489e-13 -6.9752134417227723e-13 1.0646993948809941e-12 3.4915245160672623e-13 -1.4154104079631177e-12 -7.0261235313578275e-13 -4.6827031773440766e-13 -2.2422838078361168e-12 -1.9275078906292078e-12 -1.2902573772942899e-12 -1.6203453987860307e-12 -1.0014021490024676e-12 1.0430293597217833e-12 6.196034936074829e-13 5.3987059398858742e-13 1.6212197235675038e-12 6.5720298025843539e-13 -2.7154428481320551e-13 1.481988156332595e-12 3.3062579906747016e-13 -6.9355944137074402e-13 -4.3376037467333835e-13 -4.5448364684981823e-13 -2.2854696767161653e-13 1.5138739194192884e-12 2.0954156634274822e-12 1.750904013560181e-12 2.6845345037303554e-12 3.181079401910297e-12 -1.651590696173764e-12 -2.3597938961912325e-13 5.446628936888085e-13 -8.4784685055791845e-13 8.6123286544919746e-13 3.2891851862541037e-12 2.4856161187818728e-12 1.1890065775934548e-12 2.1919759270020051e-12 1.8360980758865913e-12 -5.4457714555786622e-14 7.6028978646531637e-13 -1.0702065099392542e-12 -4.4092911067877166e-13 1.4711777327972683e-12 4.1106971513368347e-13 2.4929865551511747e-12 4.9670632733143064e-12 2.2153752292939518e-12 -2.2219596052681875e-13 4.933765722212462e-14 1.2703570810041505e-13 -4.6506204116627117e-13 1.5388037899252193e-12 2.0682422139032507e-12 2.0223718564673769e-12 2.4794707620008884e-12 3.7528642876586077e-13 4.6868267243982118e-13 5.5110308909141695e-13 -5.7348448760877371e-13 -4.4247157598407077e-13 -3.3057310377249511e-13 3.5557051836498451e-12 2.5655121774965431e-12 3.4345457951137134e-12 4.3527614570512359e-12 9.4692582422269973e-13 -2.1900604714729297e-12 -2.6269492377941845e-12 -1.0107411775925798e-12 3.2848320609268651e-13 -8.0049476405128967e-13 -1.8877619160577175e-12 -4.0228024997521148e-12 -3.0833544431803554e-12 3.1679542290039311e-12 4.4692462751113879e-12 8.3821779570175262e-13 3.1094817312225902e-13 -3.7083690299128138e-14 -2.9896032037097228e-12 -3.2610150054002948e-12 4.2867581554268135e-13 8.7848107551209328e-13
        </DataArray>
        <DataArray type="Float64" Name="strain_yy" format="ascii">
          -2.225311601655727e-13 1.1283951550922207e-12 -6.6274152832335223e-13 1.9512508275809625e-12 9.7470559401457953e-13 -8.3614448698199326e-13 1.5543114018079507e-12 7.1736977469427646e-13 -9.5153884771548348e-14 7.5245976116633521e-13 -9.3696717051727729e-14 4.378619689049399e-13 1.0654135906840167e-12 -5.1466469974670304e-13 2.3692976747202723e-12 2.7152280424047612e-13 5.1633891606783776e-13 7.3633654729121624e-13 6.3183527854171451e-13 1.2678612326677554e-12 1.112058778396374e-12 1.7814263952864449e-13 1.7913968919369698e-12 1.6047109474559564e-12 8.9766000188617994e-13 6.3864691313142451e-13 -5.9607874192124665e-13 -1.7546228359144301e-13 -2.4479029914203335e-15 -3.8163916471479659e-16 2.0172058468048712e-12 1.0436165820415513e-12 5.3804183330896649e-13 2.4010099464177866e-12 2.1808091443809017e-12 1.8504429932786333e-12 -8.6045948144430884e-13 -1.4264214809323046e-12 -1.9682677709909056e-12 -1.0135522976462141e-12 -9.1038288019261827e-15 -1.1840528557627315e-13 1.3017122102443324e-12 1.457001186366824e-12 -1.2609392696649731e-12 1.2776600610830974e-12 1.540333416372164e-12 2.6534135999511913e-13 1.5213733051133713e-12 -8.1716425293088009e-13 -1.1920935072406993e-12 -5.3680324074711905e-13 -8.2073930984805108e-13 5.5164206536066505e-15 2.2311388847562345e-12 -5.9982713240810379e-14 -5.8321694695883935e-13 1.4150561278292178e-12 -3.625288957920266e-13 2.5137016079757043e-12 -3.5895189598456197e-13 -9.8015290328490352e-13 -1.6292031612685772e-12 -7.0393982309901892e-13 -1.6618922904498824e-12 -2.139205479423053e-14 1.9992910105237632e-13 -4.7096673783108944e-13 2.8134491958375919e-12 2.0832435776441111e-12 -2.4394153363971317e-13 -1.013130274118979e-12 -1.7939952301482264e-12 -1.5646524353929434e-12 -1.4324665065235101e-12 -1.477350741740934e-12 -1.2972829754875884e-12 -3.7252823048561392e-12 7.4250799952935068e-13 6.1935262474221892e-13 2.6410969244938801e-12 5.4593302101224598e-13 -3.0616009727424302e-13 -2.0602118622203839e-12 -1.1531210708515253e-12 -7.4070097277889598e-13 -6.2514410315017726e-13 -6.2207711204465117e-13 -7.6048722874588855e-13 -7.5993253356721029e-13 -2.4828429590062497e-12 -1.0292830476821282e-12 1.1544774858318618e-12 1.4220234711981317e-12 1.0669914951577666e-12 1.573480234995385e-13 -7.2102920856131868e-13 1.310408309640465e-12 -1.8391313472143631e-12 -7.3330411187733178e-13 -2.3409352234438083e-12 -2.0376643428132732e-12 -4.9715315197929039e-13 -6.8278549480993501e-13 1.7820479814023579e-12 3.2726438226049493e-12 2.0253572430295475e-12 4.6042850088134966e-13 -5.0419807218205406e-14 -1.1020889756352406e-12 -3.076662258294506e-12 -2.302181500990486e-12 -2.2094123752758326e-12 7.1335770623903742e-13 -2.2024657098107534e-12 1.3336254323093048e-12 2.1989055021265361e-12 2.9031377302146677e-12 2.3396995452174004e-12 -2.3642113267108309e-12 6.0733529316792125e-13
        </DataArray>
        <DataArray type="Float64" Name="gamma_xy" format="ascii">
          -1.2924461501029331e-12 1.3017611988352941e-12 4.4125980647180716e-13 3.0678935780681379e-12 7.9293750732123406e-12 3.2707429820089117e-12 -5.6662147196462349e-13 3.2227441548737801e-12 -8.743089585649959e-14 8.5142226602386021e-13 7.8015982563073297e-13 -4.6182174254349936e-13 -1.6813479092361569e-13 1.5078301119843871e-13 2.2728295800536938e-12 6.6563427649258165e-12 3.0476984834073752e-12 1.72315542414972e-12 1.1139428239575707e-12 9.0763989335652254e-13 1.7681758001824311e-12 7.6326865888255276e-13 -3.084134336807337e-12 -3.2362463234407904e-12 -1.152963806844407e-12 5.1100881537568561e-13 4.2291573884227408e-12 2.8472111546394184e-12 9.8154299913849845e-13 2.5644534849668164e-12 2.6653047815374268e-12 1.1188287247605299e-12 2.7226612806411377e-13 -4.2431596866273585e-12 -4.333552124751676e-12 -3.5570555649468217e-12 -1.3774079300965393e-12 -8.5548331534794276e-13 9.2087193986159883e-13 -2.2870608530312846e-13 4.9446588844197652e-13 1.6817366143117266e-12 2.6185137081459547e-13 8.4160714046108594e-14 -7.711292354742105e-12 -6.4156759311304371e-12 -5.3526420395101071e-12 -4.2172957015275237e-12 -2.0815612693842771e-12 -4.3925613151119725e-13 -4.0317717308072731e-13 -9.1815828234624212e-13 1.049694391430167e-12 1.7929968871038475e-12 1.6724851785423524e-12 -4.0081735889516538e-12 -5.6038081416130129e-12 -6.6754624636117345e-12 -3.0274996376155092e-12 -1.7754037583335781e-12 -1.1446081626362841e-12 1.1672501931141897e-12 2.6406398273199648e-12 2.178288306140956e-12 3.7044042831876529e-12 4.9311977960638241e-12 -7.2612484547907436e-12 -4.9420600089064383e-12 -6.6841364106328152e-12 -2.9306085914309252e-12 -3.6876528197118038e-13 -2.1328890881773859e-12 2.2883531268713598e-12 4.162281861481513e-12 3.3524689193535164e-12 2.1403845506746652e-12 1.2666447330574672e-12 -2.1059987759468708e-12 5.5158823493857603e-13 -7.9403980311837327e-13 -2.8543466419846129e-12 5.5315760834032445e-13 2.9147733168325136e-13 8.8060545680603806e-13 2.1053664092159899e-12 1.2434183160528237e-12 -3.9343352842898538e-13 8.1174195797619927e-13 1.5137728009507255e-12 1.0005659434932658e-12 9.0434010093161743e-14 2.2168088950781601e-12 2.5365949529589105e-12 1.521105570226329e-13 -1.105651511197043e-13 -6.7426492364969208e-13 -1.0175859139798091e-12 -1.3732834566995011e-12 -1.8398764534572515e-12 2.4112590616102964e-12 9.7324617065733928e-13 -2.9441775020270601e-12 2.5031205530913293e-12 7.0033253580065735e-13 -1.3353551313949774e-12 1.6136453873553003e-13 2.8916801317609185e-13 3.9097235969911884e-14 -1.4617832819563526e-12 -4.6949900224093168e-12 8.5142412585445905e-12 9.3572454655779994e-13 -2.7834924618223869e-12 4.0253697998805918e-13 -2.5505232072718063e-12 1.8512431917269514e-13 2.4514897180293505e-12 5.3648593416045936e-12 -1.5062317255304378e-12 -1.8141399843168773e-12 9.521136555511111e-13
        </DataArray>
        <DataArray type="Float64" Name="reaction_force" NumberOfComponents="3" format="ascii">
          -1.4690129454671554e-13 1.4204159216082547e-13 0 -2.1843397943754888e-08 -3.3501233733801432e-08 0 1.0292664157260658e-13 -3.5963213603607802e-12 0 4.1360778708387204e-08 -4.0846226921994384e-08 0 -1.5532794407272597e-07 -4.4605228611570827e-09 0 -7.0208369034397107e-14 -1.5849163007666082e-12 0 3.6196676833633031e-08 -2.404557519319894e-08 0 -3.8714711264256416e-08 -4.691399445845035e-09 0 -5.0176392955194151e-13 2.6884351155543941e-12 0 -9.6659383301662848e-09 -1.0115147147062341e-08 0 -5.5109241956171208e-13 8.3442517852590386e-13 0 -2.9207482586348391e-13 9.6645853713102198e-13 0 1.2907801485269215e-08 -4.868884037483997e-09 0 2.3190347078836037e-13 4.087247975973468e-12 0 1.1614432999035734e-07 -6.4427961124619435e-08 0 -1.1607585543253858e-07 1.407401641468225e-08 0 2.9697548992094844e-08 3.5500784360072876e-09 0 1.4974710098421166e-08 2.3213862233157231e-08 0 2.1927881499376276e-08 2.5838788290185555e-09 0 -5.1744079003084999e-08 -5.7528970354671683e-08 0 2.2577831997156282e-11 -1.9707224504079006e-08 0 -4.7331719740156099e-13 -1.3157276977353192e-12 0 2.0712170760973389e-08 1.0157570710186337e-08 0 1.8625247985357354e-08 -3.1977749971579838e-08 0 2.2994276158790824e-08 -5.3021977864173499e-08 0 1.3289750646542452e-08 4.2281528694129917e-08 0 5.7846431734846877e-08 1.0830525917642901e-08 0 -4.6531848010118623e-08 1.06046971687795e-07 0 4.5906473898306753e-08 1.5775369510866276e-08 0 -9.4480662508141724e-09 4.8008783384631883e-09 0 -5.3119877829316696e-08 3.9318494594000106e-08 0 3.1795832831510011e-08 3.5750642833300477e-08 0 2.5224350496378681e-09 7.277118730514712e-09 0 -1.6640430961372819e-09 3.8797807355887949e-08 0 1.0797232801771874e-08 9.4828479777999174e-09 0 -2.00464705215961e-08 -6.5694920715363616e-09 0 1.6661598828746285e-08 -1.3632545251807987e-08 0 8.8504332264124272e-08 2.9136598819116164e-09 0 -1.1516693581693161e-13 -8.6397709499437101e-13 0 -2.848890535282008e-08 3.8950968484966575e-08 0 1.0749201157545816e-07 -2.903492536979831e-08 0 -5.4812490952054928e-09 4.1178585399485988e-08 0 -7.14980579707126e-09 -1.5904380718224379e-08 0 3.018973913680401e-09 -2.1047140195471164e-08 0 5.4732860271287613e-08 1.1355599012646397e-07 0 1.1073820298267678e-08 4.9971599781398846e-08 0 9.8423964367544441e-09 -2.0820742130389639e-09 0 2.2840647782872682e-08 -6.1617437142699097e-08 0 -4.6172451010521969e-08 -1.4843061228274014e-07 0 -2.2129041516396097e-08 -7.8632814757455362e-08 0 1.3747108840594508e-08 -3.206579347329981e-08 0 -4.0987271145986882e-08 7.7452973901159871e-09 0 -2.2705561779549161e-08 -3.7817329057507551e-08 0 -2.4376921917786874e-09 4.9549595958743071e-08 0 6.6759477540107469e-09 1.9066158114875119e-08 0 -1.6866414152848769e-08 -3.4183480398434296e-08 0 9.522297997546564e-09 -1.05833870786767e-08 0 -3.4800332976852619e-09 1.9217760845073704e-08 0 2.4831982623955034e-13 2.9882691193330168e-12 0 -1.4873532912475544e-08 1.2469996467184401e-07 0 2.5844198576351454e-14 1.5516881796545463e-12 0 -5.7205659276590923e-08 1.4762329502405485e-08 0 4.0260017541919308e-14 -1.8961876513374441e-12 0 -4.2665924435264942e-08 2.3003323775207579e-08 0 -8.7465821324145741e-09 -4.7841827012827085e-09 0 4.7044097301820804e-08 6.7035956806084706e-08 0 1.5537137383849252e-08 1.1620874634816075e-07 0 -7.9098366905996713e-08 -2.693997610684425e-08 0 -3.2914025553772046e-08 -5.0929579243480946e-08 0 4.6890830393254446e-08 -2.3345957933620718e-07 0 -7.8531434522479174e-08 1.7266740101991192e-08 0 -1.6541786803573371e-09 -4.5597140735632325e-08 0 4.0775529518592811e-08 -2.9472853747120486e-08 0 4.5601488571911374e-08 -1.4846143754354558e-08 0 -5.8797477027792657e-08 3.1864381879913415e-08 0 8.7508714889255728e-08 8.9824620435736072e-09 0 7.0369133841320108e-09 1.1778870688389646e-08 0 -5.0649424826258843e-13 3.5263330716868825e-13 0 1.9919763824752027e-09 -1.637807742213773e-08 0 -1.236534647140421e-07 2.0359382804467321e-07 0 -1.7051151163921959e-08 6.3012056883928233e-08 0 -1.4103871915695839e-13 4.883906100053222e-12 0 -1.0686423337739998e-07 -3.9335744650255296e-08 0 -3.3833576965370384e-13 -3.7529434261176627e-12 0 1.2937908722733005e-07 -1.9510730492589858e-08 0 5.901566860499175e-09 2.399199422379402e-09 0 2.7023930713017285e-08 -3.4444931537463544e-08 0 -2.5234788617689242e-13 -2.1103228566435773e-12 0 -5.5817744078948823e-09 -4.2864180648506136e-08 0 -4.6116312830946939e-08 9.8065496555700152e-09 0 2.9253644183627833e-08 -1.0694471419206215e-08 0 -7.7736456120311662e-08 -3.6842265115099286e-08 0 4.4433079523594681e-08 4.3895152987630033e-08 0 5.2930478281903575e-08 -2.9010467549926377e-08 0 -1.6247243048375442e-08 -9.0758630159316369e-08 0 8.464590709928315e-08 -3.4119609227517988e-08 0 -4.3602795911475077e-09 9.9716310314895282e-09 0 1.7510196698753936e-08 -1.0197078290812118e-08 0 -2.6743239004508506e-09 -5.0182115966907939e-10 0 -4.5880563440851945e-08 3.4160981530878966e-08 0 1.629684630449341e-08 6.7027227859800961e-08 0 -9.8489229451052919e-08 2.0653318728751477e-09 0 7.8089021379008812e-08 -8.6168805492486531e-08 0 1.1554008052177673e-07 1.0337807580930767e-07 0 1.6646856245523704e-08 2.3795515889507994e-08 0 -5.3332963027179319e-08 3.1709584081402325e-08 0 -3.8742849021338004e-08 -1.2008753029074243e-08 0 -3.3104973219570785e-08 -4.7262068247216477e-08 0 3.4092215180743408e-08 8.0451988114366581e-08 0 -4.9066229077265023e-08 -4.1528760254923198e-08 0 5.720467984390213e-08 -5.6468831010668085e-08 0 6.0540657956883375e-13 -4.7174595513886323e-08 0 -1.3908254854725441e-07 -4.0410384855454467e-09 0 7.5621906627542349e-08 3.597005042761563e-08 0 -3.4842598891552476e-13 -1.1356643247515909e-08 0 1.970136646899635e-09 3.7074366311993748e-11 0 3.0527332798376742e-13 3.2942522190617147e-08 0 7.8677208558996214e-08 5.5380593218480923e-08 0 -3.5625662893313559e-08 3.5991228011746409e-08 0 -1.1601500102478631e-12 -2.6242854622203174e-08 0 -1.125374820537112e-08 -1.3537149078624876e-08 0
        </DataArray>
        <DataArray type="Float64" Name="reaction_force_magnitude" format="ascii">
          2.0434237016116641e-13 3.9993333137112118e-08 3.5977939380310023e-12 5.8130269818118295e-08 1.5539197686513546e-07 1.5864705782075442e-12 4.345559918089095e-08 3.8997924265724934e-08 2.7348583896694494e-12 1.3990945843984287e-08 9.9998411660204308e-13 1.0096285494659012e-12 1.3795556203125144e-08 4.0938215931892902e-12 1.3281742191288196e-07 1.1692596868290782e-07 2.9908986493020413e-08 2.7624723388873245e-08 2.2079592769200673e-08 7.7375914482131944e-08 1.9707237437364723e-08 1.3982734153032987e-12 2.3068815755563967e-08 3.7006436680136236e-08 5.7793311660568825e-08 4.4320933439626556e-08 5.8851592638662166e-08 1.1580661934185271e-07 4.854139088427822e-08 1.0597848305222095e-08 6.608831544032536e-08 4.7844366945791529e-08 7.7018916895558624e-09 3.8833476473918673e-08 1.4370269376240743e-08 2.1095478341369757e-08 2.1528008862239725e-08 8.8552279718965845e-08 8.7161909328580775e-13 4.8257597061175765e-08 1.1134432829636267e-07 4.1541786037030851e-08 1.7437575776639974e-08 2.1262556617192129e-08 1.2605811710111284e-07 5.1183886924603782e-08 1.0060208777497532e-08 6.5714562702461327e-08 1.5544626690579667e-07 8.1687294208552842e-08 3.4888366435639664e-08 4.1712660280255278e-08 4.4110009212974883e-08 4.9609523308499414e-08 2.0201155008456807e-08 3.8118056856633697e-08 1.4236651334186008e-08 1.9530308846801326e-08 2.9985688362388755e-12 1.2558384916245256e-07 1.5519033892223104e-12 5.9079724318982776e-08 1.8966150052388305e-12 4.8471992043063059e-08 9.9695086698556308e-09 8.1896071919539815e-08 1.1724280517752794e-07 8.3560241501763355e-08 6.0639550790489568e-08 2.3812208036804939e-07 8.0407254162221866e-08 4.5627136118450496e-08 5.031195598981208e-08 4.7957311688095328e-08 6.6876618764877463e-08 8.796851599256001e-08 1.3720785133132177e-08 6.1716016790441933e-13 1.6498769346647546e-08 2.3820290962469542e-07 6.5278335370613768e-08 4.885942152178892e-12 1.1387390035705941e-07 3.7681634057809843e-12 1.3084195357809188e-07 6.3706082344849732e-09 4.3780659426309579e-08 2.1253569147157975e-12 4.322608226763557e-08 4.7147457251361092e-08 3.1147189551523281e-08 8.6025049310979197e-08 6.245865041575534e-08 6.0359280633688775e-08 9.2201420027397381e-08 9.1263778809005077e-08 1.0883265297746921e-08 2.0262956203328403e-08 2.7209984933502388e-09 5.7201387752423402e-08 6.8979971542774345e-08 9.8510882209059851e-08 1.1628825521063282e-07 1.5503721090439421e-07 2.9040392547397821e-08 6.2047583900374394e-08 4.0561293120455258e-08 5.7703053185018265e-08 8.7377351341662285e-08 6.428166740349488e-08 8.0380994468560364e-08 4.7174595517771008e-08 1.3914124227719486e-07 8.3740774356044406e-08 1.1356643252860827e-08 1.970485451886e-09 3.2942522192031613e-08 9.6213893237238059e-08 5.0641448936434847e-08 2.6242854647847262e-08 1.7604012435999017e-08
        </DataArray>
      </PointData>
      <CellData>
        <DataArray type="Int32" Name="element_id" format="ascii">
          1 2 3 4 5 6 7 8 9 10 11 12 13 14 15 16 17 18 19 20 21 22 23 24 25 26 27 28 29 30 31 32 33 34 35 36 37 38 39 40 41 42 43 44 45 46 47 48 49 50 51 52 53 54 55 56 57 58 59 60 61 62 63 64 65 66 67 68 69 70 71 72 73 74 75 76 77 78 79 80 81 82 83 84 85 86 87 88 89 90 91 92 93 94 95 96 97 98 99 100
        </DataArray>
        <DataArray type="Int32" Name="material_id" format="ascii">
          1 1 1 1 1 1 1 1 1 1 1 1 1 1 1 1 1 1 1 1 1 1 1 1 1 1 1 1 1 1 1 1 1 1 1 1 1 1 1 1 1 1 1 1 1 1 1 1 1 1 1 1 1 1 1 1 1 1 1 1 1 1 1 1 1 1 1 1 1 1 1 1 1 1 1 1 1 1 1 1 1 1 1 1 1 1 1 1 1 1 1 1 1 1 1 1 1 1 1 1
        </DataArray>
        <DataArray type="Float64" Name="cell_stress_2d" NumberOfComponents="3" format="ascii">
          4.9728562896549905e-08 1.2086154776842981e-07 -4.2927499162186264e-08 2.6931318951213014e-07 1.665893245508688e-07 1.5838588987357678e-07 2.07032392174247e-07 2.3032412159615172e-07 1.5663816397794708e-08 -1.1348253175274357e-06 -1.648185097773241e-07 5.5993027522264298e-07 7.8890216342888146e-07 3.5333123504118066e-07 4.1249559323830464e-07 2.6207598178062303e-07 1.9123466903239247e-07 1.1031683045691612e-07 -3.1580345641501544e-07 1.1429324320498668e-07 9.951278049454754e-08 -1.1057429958348497e-07 2.0988674530642681e-08 5.944573892964383e-08 -2.6112553350173601e-08 6.1037270632252132e-08 7.3161797133390294e-08 2.4206066253085477e-08 8.276709673510426e-08 3.3969856841983201e-08 -4.6006973475995794e-08 2.1112847110272924e-07 -1.308147607331351e-07 -1.6790496919305295e-08 6.267748383528082e-08 -1.1328971948588474e-07 1.050227042940662e-07 3.1102871380991675e-07 5.9379114872944991e-08 -3.3815832196433341e-07 1.1394244395659407e-07 2.8370702155077458e-07 7.3963684506245763e-08 1.8962965521959922e-07 4.0115820921526034e-07 2.3116833579611964e-07 2.9546123327462169e-07 2.0417337692330429e-07 -1.5037028557654774e-07 -1.3384641189072926e-08 1.0908628701199723e-07 -2.4538264654727604e-07 2.4397464481752649e-07 8.479402009602228e-08 2.7796278282013765e-07 5.6995693956914104e-07 2.0683448543633835e-07 2.8191528124447054e-08 2.2325415842437937e-07 9.6383040437686431e-08 -9.8345955829593947e-09 5.1133794473577811e-07 -3.8302697552134327e-07 -5.9791364927772624e-08 4.5447491098056916e-07 -3.6615392342052536e-07 -3.8651899270946992e-08 5.5070790450455122e-08 -8.4377686461787833e-08 1.6026540573003594e-07 -1.8082162107191223e-07 1.9182273291152584e-08 -5.4201650075671985e-07 -5.5979579853797913e-07 2.8342069076263527e-07 -8.6898218394311934e-09 -2.3922282630402662e-07 1.0548389085284468e-07 1.1238209371352011e-07 -3.5197504020483408e-09 9.2701722366793075e-08 -3.3820002754451697e-07 -5.0821912497732258e-08 3.7043388655656235e-07 3.3184550102525594e-08 2.3610319358106184e-07 1.1983119624786175e-07 -5.5795760706836946e-08 1.12534215357766e-07 -2.0096424524496078e-09 -1.5047112229849755e-07 4.2695305551760051e-07 -3.019198459617802e-07 -2.5200895200314885e-07 2.9788885162960466e-07 -3.0705699734982028e-07 -9.3886486572330346e-09 1.4192477872010785e-07 -2.4390499235689316e-07 -2.3469024733775049e-07 -3.536826460711263e-07 -2.5150077533385126e-07 -3.088966951181496e-07 -5.5097269140307517e-07 -1.5237814215546694e-07 -3.8259858252864608e-08 -4.362428641803204e-07 -4.6889180572461693e-08 1.8044136863718078e-07 -9.5745349276007218e-08 -1.8118069010898154e-07 -9.6080014213099284e-08 -1.6332074455257876e-07 -9.9052208742870307e-08 1.0741489425157714e-07 8.4225559204213666e-08 8.4789515152595468e-08 1.4708524941386636e-07 5.3289496723430696e-07 1.8138236639149336e-08 -3.5842489442088445e-07 -6.4137715069910947e-07 -5.8916149736631961e-07 -2.1552419915223932e-07 1.2107649213707092e-07 -5.4872289404569369e-07 -7.4794408012383396e-08 2.1885538276857082e-07 -5.1691180182376581e-07 -7.4687517035542454e-09 6.4258482069391786e-07 -4.2917624582399949e-08 2.5555162886043974e-07 6.8288332644255145e-07 -7.8725252812443655e-08 2.5332978085442622e-07 8.682335158435801e-08 -5.3891560017978919e-08 2.0102580286781695e-07 -1.2075130393849383e-07 -5.9087670653759339e-09 3.073343732953143e-07 -4.450380163782543e-08 1.0895981766418248e-07 3.9391832741438942e-07 -4.8534120874243029e-08 1.5459051773734597e-07 4.0306392896076937e-07 1.9444785549895124e-07 2.4692851396091759e-07 1.5902878459988464e-07 4.1455499479490233e-07 -4.4809244989721179e-07 3.2234656299491355e-08 -1.6810252926279795e-08 -4.3097763605756045e-07 -9.8680847213042031e-08 -6.1873655265884219e-08 -6.4026955745802093e-07 -3.4747075245925655e-07 -3.2191226949191155e-07 6.8581059634672469e-08 3.1376931364201892e-07 3.4686236046880666e-08 -3.5030795572014255e-07 3.1476513507712853e-07 -1.3766391651373498e-07 2.1612108470369358e-07 4.2646726448471694e-07 -1.8381435025281075e-07 2.6792026930344553e-07 8.8649958669832989e-08 -2.985645603460278e-07 3.1450880361588298e-07 6.3733285402159741e-07 -2.9465256482781217e-08 2.3922954429399777e-07 2.1526796205718382e-07 -2.9940595708567617e-07 3.1023791441802808e-07 -3.3311911824654073e-07 -5.487392477782238e-07 -2.6481227467255712e-07 5.4683807637955182e-08 5.6889577920864106e-07 3.5967222789833592e-08 8.3489360397224943e-07 1.4535880360818176e-06 -6.5320152065062597e-07 2.1125985670698826e-07 6.6777984281622437e-07 1.4304256497237154e-07 3.4167433740557253e-07 -3.0062918390957357e-08 -2.9183713138399775e-07 9.4160040867561403e-07 5.9154381603326587e-08 -5.8147237025352117e-08 6.8900592126048526e-07 -7.6293146160725435e-08 1.8749258555973168e-07 -1.3665046003205225e-07 -3.8071426835108843e-07 3.7528067192277739e-07 3.209683501377114e-07 -1.9935422728708469e-07 6.6748625857307272e-08 -1.0475756769404719e-07 -2.6304406655396345e-07 8.2881821064426371e-08 -9.1288310474875935e-08 -2.8870547964626058e-07 -5.0239257198825231e-08 -4.281040564177159e-08 -2.6449782205461711e-07 1.622540243188061e-07 1.5262586298538957e-07 -3.1378565092539186e-07 -9.3094271607769198e-08 6.535500250171672e-07 4.032988310007705e-07 2.5047852680870625e-07 3.0968166264296418e-07 3.6191332372693519e-07 1.0495390881168563e-07 4.9062952852946524e-07 3.4570233153843546e-08 1.6761047677987396e-07 7.0490916759287269e-07 -3.2541965665376686e-08 8.1043814821495163e-08 -1.8516625912372975e-07 -1.7343141118117134e-07 2.3807280932977346e-08 -5.9159732478082815e-08 1.1378686231091975e-08 -1.488791034898185e-07 -5.6782715602717773e-08 -8.0303927259654286e-08 -4.1783948096379514e-08 3.7164743028262378e-07 7.4704736689308307e-08 8.3695006053857364e-08 4.4402269009928914e-07 -2.7625187498882629e-07 4.1899176436069978e-08 5.8639345281034327e-07 -1.4138636028201401e-07 -5.7017894679216438e-08 8.7358566540116695e-07 2.7870516763778741e-07 4.7958399004203272e-07 1.7563387040441665e-07 4.1234729476827264e-07 -9.0336189383622777e-08 -1.0782726001362743e-07 6.7652148471129667e-07 -1.1000612813834171e-07 2.2314809946000098e-07 6.9936384084529954e-07 -1.3133170832897624e-07 -4.55887665710459e-08 -4.9346890514064511e-08 -1.7828239952709063e-07 1.2701980234241263e-08 9.8252738556949695e-08 -3.0734560196011586e-08 -3.3024486726814665e-07 -2.0176750572049267e-07 -3.1188359587238568e-07 -3.7319777115299918e-07 -7.5102625676667233e-07 3.3367216041473141e-07 -3.3682608175069465e-07 -6.401359304271707e-07 -7.4637144755239049e-08 1.7678266212965621e-06 5.9323974110206868e-07 -2.0398930408086579e-07 4.3510772664753805e-07 2.2833874786665075e-08 2.9531366668295482e-08 -9.0530768950019763e-08 -1.3427924012037996e-07 -2.2698165996332551e-07 -2.6171174933561322e-07 2.7602736327475989e-07 6.8128088640625472e-08 4.2619695726443916e-08 5.7892857732605653e-07 2.7354264152935371e-07 -5.2281763914300005e-07 3.5206821178008264e-07 1.7007839581140161e-07 3.4343884490225165e-08 1.2022155213497855e-08 5.3212744040191792e-08 -2.3722416220179288e-07 -2.9473308602325414e-07 -1.4744645675353226e-07
        </DataArray>
        <DataArray type="Float64" Name="cell_sigma_xx" format="ascii">
          4.9728562896549905e-08 2.6931318951213014e-07 2.07032392174247e-07 -1.1348253175274357e-06 7.8890216342888146e-07 2.6207598178062303e-07 -3.1580345641501544e-07 -1.1057429958348497e-07 -2.6112553350173601e-08 2.4206066253085477e-08 -4.6006973475995794e-08 -1.6790496919305295e-08 1.050227042940662e-07 -3.3815832196433341e-07 7.3963684506245763e-08 2.3116833579611964e-07 -1.5037028557654774e-07 -2.4538264654727604e-07 2.7796278282013765e-07 2.8191528124447054e-08 -9.8345955829593947e-09 -5.9791364927772624e-08 -3.8651899270946992e-08 1.6026540573003594e-07 -5.4201650075671985e-07 -8.6898218394311934e-09 1.1238209371352011e-07 -3.3820002754451697e-07 3.3184550102525594e-08 -5.5795760706836946e-08 -1.5047112229849755e-07 -2.5200895200314885e-07 -9.3886486572330346e-09 -2.3469024733775049e-07 -3.088966951181496e-07 -3.8259858252864608e-08 1.8044136863718078e-07 -9.6080014213099284e-08 1.0741489425157714e-07 1.4708524941386636e-07 -3.5842489442088445e-07 -2.1552419915223932e-07 -7.4794408012383396e-08 -7.4687517035542454e-09 2.5555162886043974e-07 2.5332978085442622e-07 2.0102580286781695e-07 3.073343732953143e-07 3.9391832741438942e-07 4.0306392896076937e-07 1.5902878459988464e-07 3.2234656299491355e-08 -9.8680847213042031e-08 -3.4747075245925655e-07 3.1376931364201892e-07 3.1476513507712853e-07 4.2646726448471694e-07 8.8649958669832989e-08 6.3733285402159741e-07 2.1526796205718382e-07 -3.3311911824654073e-07 5.4683807637955182e-08 8.3489360397224943e-07 2.1125985670698826e-07 3.4167433740557253e-07 9.4160040867561403e-07 6.8900592126048526e-07 -1.3665046003205225e-07 3.209683501377114e-07 -1.0475756769404719e-07 -9.1288310474875935e-08 -4.281040564177159e-08 1.5262586298538957e-07 6.535500250171672e-07 3.0968166264296418e-07 4.9062952852946524e-07 7.0490916759287269e-07 -1.8516625912372975e-07 -5.9159732478082815e-08 -5.6782715602717773e-08 3.7164743028262378e-07 4.4402269009928914e-07 5.8639345281034327e-07 8.7358566540116695e-07 1.7563387040441665e-07 -1.0782726001362743e-07 2.2314809946000098e-07 -4.55887665710459e-08 1.2701980234241263e-08 -3.3024486726814665e-07 -3.7319777115299918e-07 -3.3682608175069465e-07 1.7678266212965621e-06 4.3510772664753805e-07 -9.0530768950019763e-08 -2.6171174933561322e-07 4.2619695726443916e-08 -5.2281763914300005e-07 3.4343884490225165e-08 -2.3722416220179288e-07
        </DataArray>
        <DataArray type="Float64" Name="cell_sigma_yy" format="ascii">
          1.2086154776842981e-07 1.665893245508688e-07 2.3032412159615172e-07 -1.648185097773241e-07 3.5333123504118066e-07 1.9123466903239247e-07 1.1429324320498668e-07 2.0988674530642681e-08 6.1037270632252132e-08 8.276709673510426e-08 2.1112847110272924e-07 6.267748383528082e-08 3.1102871380991675e-07 1.1394244395659407e-07 1.8962965521959922e-07 2.9546123327462169e-07 -1.3384641189072926e-08 2.4397464481752649e-07 5.6995693956914104e-07 2.2325415842437937e-07 5.1133794473577811e-07 4.5447491098056916e-07 5.5070790450455122e-08 -1.8082162107191223e-07 -5.5979579853797913e-07 -2.3922282630402662e-07 -3.5197504020483408e-09 -5.0821912497732258e-08 2.3610319358106184e-07 1.12534215357766e-07 4.2695305551760051e-07 2.9788885162960466e-07 1.4192477872010785e-07 -3.536826460711263e-07 -5.5097269140307517e-07 -4.362428641803204e-07 -9.5745349276007218e-08 -1.6332074455257876e-07 8.4225559204213666e-08 5.3289496723430696e-07 -6.4137715069910947e-07 1.2107649213707092e-07 2.1885538276857082e-07 6.4258482069391786e-07 6.8288332644255145e-07 8.682335158435801e-08 -1.2075130393849383e-07 -4.450380163782543e-08 -4.8534120874243029e-08 1.9444785549895124e-07 4.1455499479490233e-07 -1.6810252926279795e-08 -6.1873655265884219e-08 -3.2191226949191155e-07 3.4686236046880666e-08 -1.3766391651373498e-07 -1.8381435025281075e-07 -2.985645603460278e-07 -2.9465256482781217e-08 -2.9940595708567617e-07 -5.487392477782238e-07 5.6889577920864106e-07 1.4535880360818176e-06 6.6777984281622437e-07 -3.0062918390957357e-08 5.9154381603326587e-08 -7.6293146160725435e-08 -3.8071426835108843e-07 -1.9935422728708469e-07 -2.6304406655396345e-07 -2.8870547964626058e-07 -2.6449782205461711e-07 -3.1378565092539186e-07 4.032988310007705e-07 3.6191332372693519e-07 3.4570233153843546e-08 -3.2541965665376686e-08 -1.7343141118117134e-07 1.1378686231091975e-08 -8.0303927259654286e-08 7.4704736689308307e-08 -2.7625187498882629e-07 -1.4138636028201401e-07 2.7870516763778741e-07 4.1234729476827264e-07 6.7652148471129667e-07 6.9936384084529954e-07 -4.9346890514064511e-08 9.8252738556949695e-08 -2.0176750572049267e-07 -7.5102625676667233e-07 -6.401359304271707e-07 5.9323974110206868e-07 2.2833874786665075e-08 -1.3427924012037996e-07 2.7602736327475989e-07 5.7892857732605653e-07 3.5206821178008264e-07 1.2022155213497855e-08 -2.9473308602325414e-07
        </DataArray>
        <DataArray type="Float64" Name="cell_tau_xy" format="ascii">
          -4.2927499162186264e-08 1.5838588987357678e-07 1.5663816397794708e-08 5.5993027522264298e-07 4.1249559323830464e-07 1.1031683045691612e-07 9.951278049454754e-08 5.944573892964383e-08 7.3161797133390294e-08 3.3969856841983201e-08 -1.308147607331351e-07 -1.1328971948588474e-07 5.9379114872944991e-08 2.8370702155077458e-07 4.0115820921526034e-07 2.0417337692330429e-07 1.0908628701199723e-07 8.479402009602228e-08 2.0683448543633835e-07 9.6383040437686431e-08 -3.8302697552134327e-07 -3.6615392342052536e-07 -8.4377686461787833e-08 1.9182273291152584e-08 2.8342069076263527e-07 1.0548389085284468e-07 9.2701722366793075e-08 3.7043388655656235e-07 1.1983119624786175e-07 -2.0096424524496078e-09 -3.019198459617802e-07 -3.0705699734982028e-07 -2.4390499235689316e-07 -2.5150077533385126e-07 -1.5237814215546694e-07 -4.6889180572461693e-08 -1.8118069010898154e-07 -9.9052208742870307e-08 8.4789515152595468e-08 1.8138236639149336e-08 -5.8916149736631961e-07 -5.4872289404569369e-07 -5.1691180182376581e-07 -4.2917624582399949e-08 -7.8725252812443655e-08 -5.3891560017978919e-08 -5.9087670653759339e-09 1.0895981766418248e-07 1.5459051773734597e-07 2.4692851396091759e-07 -4.4809244989721179e-07 -4.3097763605756045e-07 -6.4026955745802093e-07 6.8581059634672469e-08 -3.5030795572014255e-07 2.1612108470369358e-07 2.6792026930344553e-07 3.1450880361588298e-07 2.3922954429399777e-07 3.1023791441802808e-07 -2.6481227467255712e-07 3.5967222789833592e-08 -6.5320152065062597e-07 1.4304256497237154e-07 -2.9183713138399775e-07 -5.8147237025352117e-08 1.8749258555973168e-07 3.7528067192277739e-07 6.6748625857307272e-08 8.2881821064426371e-08 -5.0239257198825231e-08 1.622540243188061e-07 -9.3094271607769198e-08 2.5047852680870625e-07 1.0495390881168563e-07 1.6761047677987396e-07 8.1043814821495163e-08 2.3807280932977346e-08 -1.488791034898185e-07 -4.1783948096379514e-08 8.3695006053857364e-08 4.1899176436069978e-08 -5.7017894679216438e-08 4.7958399004203272e-07 -9.0336189383622777e-08 -1.1000612813834171e-07 -1.3133170832897624e-07 -1.7828239952709063e-07 -3.0734560196011586e-08 -3.1188359587238568e-07 3.3367216041473141e-07 -7.4637144755239049e-08 -2.0398930408086579e-07 2.9531366668295482e-08 -2.2698165996332551e-07 6.8128088640625472e-08 2.7354264152935371e-07 1.7007839581140161e-07 5.3212744040191792e-08 -1.4744645675353226e-07
        </DataArray>
        <DataArray type="Float64" Name="cell_sigma_zz" format="ascii">
          5.1177033199493997e-08 1.307707542188999e-07 1.3120695413111984e-07 -3.8989314819142859e-07 3.4267001954101916e-07 1.3599319524390487e-07 -6.0453063963008721e-08 -2.6875687515852731e-08 1.0477415184623576e-08 3.2091948896456973e-08 4.9536449288020116e-08 1.3766096074792678e-08 1.2481542543119509e-07 -6.726476340232191e-08 7.9078001917753613e-08 1.5798887072122264e-07 -4.9126478029686281e-08 -4.2240051892486512e-10 2.5437591671678404e-07 7.5433705964648052e-08 1.5045100474584585e-07 1.1840506381583916e-07 4.9256673538524469e-09 -6.1668646025628973e-09 -3.305436897884102e-07 -7.4373794443037468e-08 3.2658702993441579e-08 -1.1670658201267495e-07 8.0786323105076356e-08 1.7021536395278744e-08 8.2944579965731037e-08 1.3763969887936767e-08 3.976083901886251e-08 -1.765118680226633e-07 -2.5796081595636786e-07 -1.4235081672995573e-07 2.5408805808352109e-08 -7.7820227629703531e-08 5.7492136036737334e-08 2.0399406499445232e-07 -2.9994061353599866e-07 -2.8334312104550565e-08 4.3218292426856295e-08 1.905348206971094e-07 2.8153048659089778e-07 1.0204593973163543e-07 2.4082349678796976e-08 7.8849171497246792e-08 1.0361526196204409e-07 1.7925353533791649e-07 1.7207513381843636e-07 4.6273210119634756e-09 -4.8166350743677956e-08 -2.0081490658535074e-07 1.0453666490667005e-07 5.3130365569018153e-08 7.2795874269571973e-08 -6.2974380502858547e-08 1.8236027926164515e-07 -2.5241398508547747e-08 -2.6455750980742981e-07 1.8707387605397916e-07 6.8654449201622126e-07 2.6371190985696421e-07 9.3483425704384708e-08 3.0022643708368265e-07 1.8381383252992828e-07 -1.5520941851494246e-07 3.6484236855188075e-08 -1.1034049027440336e-07 -1.1399813703634113e-07 -9.2192468308916767e-08 -4.8347936382000765e-08 3.1705465680538179e-07 2.0147849591097014e-07 1.5755992850499291e-07 2.0171016057824914e-07 -1.0757930109147051e-07 -1.4334313874097276e-08 -4.112599285871169e-08 1.3390565009157983e-07 5.0331244533138936e-08 1.3350212775849898e-07 3.4568724991168686e-07 1.7639434955180706e-07 1.7060826740930104e-07 2.7675358209159058e-07 -2.8480697125533169e-08 3.328641563735734e-08 -1.5960371189659207e-07 -3.3726720837590198e-07 -2.9308860365336014e-07 7.0831990871959034e-07 1.3738248043026116e-07 -6.7443002721120015e-08 4.2946841817440097e-09 1.8646448191575045e-07 -5.1224828208875309e-08 1.3909811911116928e-08 -1.5958717446751436e-07
        </DataArray>
        <DataArray type="Float64" Name="cell_von_mises_stress" format="ascii">
          1.0240740275885051e-07 3.0128533772526444e-07 9.3777250612953712e-08 1.309127040343274e-06 8.3960541567374009e-07 2.202110346593016e-07 4.1239545748516655e-07 1.5460925948220055e-07 1.4765857231998837e-07 8.057064939492146e-08 3.1940113788176443e-07 2.0814484432771541e-07 2.2210458373707665e-07 6.2990178562961951e-07 7.0398646790836363e-07 3.7316756846384479e-07 2.2549031278522994e-07 4.4852321655607852e-07 4.7015494042228683e-07 2.4276560936023157e-07 8.0864382078035897e-07 7.7896690743073309e-07 1.6720502995991048e-07 2.972810976750142e-07 5.3831083506129302e-07 2.7513284162991065e-07 1.906037682812244e-07 6.9257270483137864e-07 2.7723846097157145e-07 1.4626045846105989e-07 7.2566416569758068e-07 7.1395160431372846e-07 4.4310651529766343e-07 4.6284405545038629e-07 3.783951639203584e-07 3.6659890052129297e-07 3.9493745251200181e-07 1.8845836988282525e-07 1.5310172148091755e-07 3.621032511038324e-07 1.0683466008807816e-06 9.9429486429146992e-07 9.3118001744628209e-07 5.8188306349559174e-07 4.3678219712270495e-07 1.8475486490220523e-07 2.7931680980619967e-07 3.6224646026891652e-07 4.7253510057502646e-07 4.7941880011482731e-07 8.1516298868172329e-07 7.476889307558251e-07 1.1099020252199725e-06 1.8034122508066918e-07 6.5682521683992634e-07 5.430456688601107e-07 7.0500479895337228e-07 6.4106258747338428e-07 7.2106673433462661e-07 6.9835004904420466e-07 5.2569251445623688e-07 4.6663202544496481e-07 1.3328877329535251e-06 4.9859786522108424e-07 6.0252156918411262e-07 7.9638995005803857e-07 7.4815712497928475e-07 6.9129498446164478e-07 4.6584270455817233e-07 2.1168436944206519e-07 2.0634416426355869e-07 3.4585491472898104e-07 4.3611157349915429e-07 5.2902259161155888e-07 2.3050742237059371e-07 5.0130406744799065e-07 6.6757998501264398e-07 8.3350653472935752e-08 2.6517547942543194e-07 8.0027122964477703e-08 3.0840719001399337e-07 6.2887923455050681e-07 6.4414436712241088e-07 1.0042536940606882e-06 2.8343551174212768e-07 7.1459274033943282e-07 5.0583718556015421e-07 3.093944823757157e-07 9.389077027802528e-08 5.6170761348416291e-07 7.011649534249562e-07 3.5197719995661419e-07 1.1758235571666243e-06 3.7213172662513948e-07 3.9751610034507706e-07 4.8042171243691376e-07 6.7501854255710757e-07 8.136431256713134e-07 9.4628090273453246e-08 2.8110668904244748e-07
        </DataArray>
        <DataArray type="Float64" Name="cell_strain_2d" NumberOfComponents="3" format="ascii">
          -9.415056969136072e-15 4.5294934469808331e-13 -5.5805748910842131e-13 9.0052582940599794e-13 2.3282070715779923e-13 2.059016568356498e-12 4.9286534728032793e-13 6.4426158852270869e-13 2.0362961317133117e-13 -4.8420591006840509e-12 1.4629851496916753e-12 7.2790935778943573e-12 2.9005089352711084e-12 6.9297900751053142e-14 5.3624427120979594e-12 8.1953811248866936e-13 3.5906957962517086e-13 1.4341187959399092e-12 -1.6597775509380442e-12 1.1358509965919695e-12 1.2936661464291177e-12 -5.4404097843960978e-13 3.1111835330221986e-13 7.7279460608536967e-13 -2.3783479547618149e-13 3.2863906040958566e-13 9.5110336273407371e-13 -5.1258237181914382e-14 3.2938846095120769e-13 4.4160813894578156e-13 -6.2103224796610284e-13 1.0503481417956097e-12 -1.7005918895307561e-12 -1.9861785446163667e-13 3.1792402044317305e-13 -1.4727663533165014e-12 -1.2865268739133642e-13 1.210386374461692e-12 7.7192849334828473e-13 -1.7608081306530753e-12 1.1778468478329531e-12 3.6881912801600692e-12 -3.3243063174800283e-14 7.185857464619972e-13 5.2150567197983833e-12 4.7566652298683206e-13 8.9357035659709527e-13 2.6542539000029555e-12 -6.5808474905459988e-13 2.323219394639862e-13 1.4181217311559638e-12 -1.5922415991842826e-12 1.5885807946869336e-12 1.1023222612482895e-12 1.5331462967180116e-13 2.0512766485403233e-12 2.6888483106723982e-12 -3.0707415596130564e-13 9.608329409882543e-13 1.2529795256899235e-12 -1.0418564021372325e-12 2.3457651099345611e-12 -4.9793506817774617e-12 -1.1582767868334753e-12 2.1844540065707463e-12 -4.7600010044668291e-12 -2.8325418306119628e-13 3.259433001279174e-13 -1.0969099240032417e-12 1.0818097571618924e-12 -1.1352559170507707e-12 2.4936955278498355e-13 -1.3745732712940159e-12 -1.4901387068722014e-12 3.6844689799142576e-12 4.2694582192343997e-13 -1.0715187070964303e-12 1.3712905810869806e-12 5.1820203968051072e-13 -2.3515994707068415e-13 1.2051223907683097e-12 -1.4397073959569743e-12 4.2825035184712628e-13 4.81564052523531e-12 -3.0941152451657908e-13 1.0095596580939063e-12 1.5578055512222024e-12 -4.733124311637517e-13 6.2083241325616725e-13 -2.6125351881844898e-14 -1.5172020647174846e-12 2.2360550910871524e-12 -3.9249579975031419e-12 -1.7275239922920564e-12 1.8468117313208413e-12 -3.9917409655476632e-12 -3.1947166989462057e-13 6.6406560805809505e-13 -3.1707649006396103e-12 -3.7815946554806839e-13 -1.1516100573150112e-12 -3.2695100793400659e-12 -3.3108321455158414e-13 -1.9045771904036002e-12 -1.9809158480210698e-12 6.7659123010109071e-13 -1.9102983084273717e-12 -6.0955934744200192e-13 1.0077116583873865e-12 -7.8750200804833526e-13 -2.3553489714167597e-12 -1.1868861279207317e-13 -5.5575335999868969e-13 -1.2876787136573138e-12 3.2449792839645928e-13 1.7376725058859677e-13 1.1022636969837409e-12 -3.6990730127380664e-13 2.1378558645590573e-12 2.3579707630894132e-13 -3.8014782575176077e-13 -2.2193374915602232e-12 -7.659099465762154e-12 -1.216734265809977e-12 9.711702275705392e-13 -7.1333976225940173e-12 -7.6708255285505756e-13 1.1416410872211448e-12 -6.7198534237089543e-12 -1.2870232206043115e-12 2.9383249999792567e-12 -5.5792911957119923e-13 -1.688625752479744e-13 2.6087934590357513e-12 -1.0234282865617674e-12 9.8334496729814128e-13 -9.8946822957302223e-14 -7.0059028023372583e-13 1.15013244572863e-12 -9.4141874851238991e-13 -7.6813971849887123e-14 1.4851538116874394e-12 -8.0179432537796846e-13 1.416477629634372e-12 1.8869699254402454e-12 -9.8897098843586494e-13 2.0096767305854972e-12 1.4547675585485458e-12 9.8763081046727836e-14 3.2100706814919282e-12 -8.4801269920584414e-14 1.5761190963470305e-12 -5.825201848663752e-12 1.7944767936893124e-13 -1.3934423059858119e-13 -5.6027092687482849e-12 -3.2834422705086701e-13 -8.9097479394341242e-14 -8.3235042469542712e-12 -9.5326299818038969e-13 -7.8713285889264721e-13 8.9155377525074188e-13 1.3600122167797689e-12 -4.5402778758862992e-13 -4.5540034243618525e-12 1.7006260018027181e-12 -1.2401628335378948e-12 2.8095741011480161e-12 2.2988640363984431e-12 -1.6679664593954869e-12 3.4829635009447913e-12 9.8555820462249414e-13 -1.5313361689806007e-12 4.0886144470064782e-12 2.9573217359396918e-12 -1.3768659823387695e-12 3.1099840758219703e-12 1.5633108436772548e-12 -1.7820696307513348e-12 4.0330928874343645e-12 -4.4565045485422403e-13 -1.8471812968101635e-12 -3.4425595707432417e-12 -8.6053544470415393e-13 2.4818423705053041e-12 4.6757389626783663e-13 9.6426922771419027e-13 4.9857830364263837e-12 -8.4916197684581355e-12 -3.4093834547484087e-13 2.6264415642351934e-12 1.8595533446408297e-12 1.6132409260577217e-12 -8.0305123661972231e-13 -3.7938827079919698e-12 4.1689308153475569e-12 -1.5669683606223115e-12 -7.5591408132957735e-13 3.2837485767486223e-12 -1.6906953614892469e-12 2.4374036122765116e-12 1.2063323013878469e-13 -1.4657815239349503e-12 4.878648734996105e-12 1.8491467363364018e-12 -1.5329500169247725e-12 8.6773213614499435e-13 3.6288996772314043e-14 -9.9257324581714165e-13 1.0774636738375427e-12 1.4761387264952257e-13 -1.1355977269644774e-12 -6.5311034358472789e-13 3.2098340733644262e-13 -1.1199847993470532e-12 2.1093023161444791e-12 1.3063296958880365e-12 -1.7253451445320425e-12 -1.2102255309009993e-12 2.1872198933766085e-12 5.6058713227002961e-13 3.2562208485131805e-12 7.0332058375796336e-13 1.0428263808037749e-12 1.364400814551913e-12 2.1649524001590721e-12 -7.9943301978246911e-13 2.1789361981383612e-12 3.2707935455950553e-12 -1.5226388205835656e-12 1.0535695926794369e-12 -5.0431522720968627e-13 -4.2803871558305656e-13 3.0949465212870547e-13 -2.9136522092590614e-13 1.6713450068372997e-13 -1.9354283453676402e-12 -1.0176869783604001e-13 -2.5465657360612735e-13 -5.4319132525293358e-13 1.5453215712417869e-12 -3.8480593711476358e-13 1.0880350787001455e-12 2.5589943961799764e-12 -2.1227902768927733e-12 5.4468929366890961e-13 2.9437936128369888e-12 -1.7867751722633329e-12 -7.4123263082981352e-13 3.4313397006816239e-12 -4.3538353478034276e-13 6.2345918705464243e-12 -4.9431144580358775e-15 1.5336941439070279e-12 -1.174370461987096e-12 -1.8098309282490331e-12 3.2884359124629729e-12 -1.430079665798442e-12 -3.4843563710532957e-13 2.7469666818991109e-12 -1.7073122082766908e-12 -1.1120245139583306e-13 -1.35630257025454e-13 -2.3176711938521776e-12 -1.3379883012025415e-13 4.2228109897735063e-13 -3.9954928254815055e-13 -1.1091675099151064e-12 -2.7406465985535572e-13 -4.0544867463410128e-12 -2.3354865805113513e-13 -2.6894338145400107e-12 4.3377380853915075e-12 -2.8429360763267774e-13 -2.2558076240297722e-12 -9.7028288181810751e-13 6.8867936317503234e-12 -7.4802108951388358e-13 -2.6518609530512549e-12 1.9352141004123012e-12 -7.4456593668337311e-13 3.8390776668784121e-13 -1.5007048048784903e-13 -4.3443554309519023e-13 -2.9507615795232311e-12 -1.7290418178628218e-12 1.7662624141046031e-12 8.8566515232813096e-13 -9.3499111023049032e-13 2.5510166201669915e-12 3.5560543398815976e-12 -3.0653532710718113e-12 2.621404759928226e-12 2.2110191455482205e-12 1.3282147176420369e-13 -1.2269768534523835e-14 6.9176567252249321e-13 -5.0464042027281204e-13 -8.7844842511231012e-13 -1.9168039377959189e-12
        </DataArray>
        <DataArray type="Float64" Name="cell_strain_xx" format="ascii">
          -9.415056969136072e-15 9.0052582940599794e-13 4.9286534728032793e-13 -4.8420591006840509e-12 2.9005089352711084e-12 8.1953811248866936e-13 -1.6597775509380442e-12 -5.4404097843960978e-13 -2.3783479547618149e-13 -5.1258237181914382e-14 -6.2103224796610284e-13 -1.9861785446163667e-13 -1.2865268739133642e-13 -1.7608081306530753e-12 -3.3243063174800283e-14 4.7566652298683206e-13 -6.5808474905459988e-13 -1.5922415991842826e-12 1.5331462967180116e-13 -3.0707415596130564e-13 -1.0418564021372325e-12 -1.1582767868334753e-12 -2.8325418306119628e-13 1.0818097571618924e-12 -1.3745732712940159e-12 4.2694582192343997e-13 5.1820203968051072e-13 -1.4397073959569743e-12 -3.0941152451657908e-13 -4.733124311637517e-13 -1.5172020647174846e-12 -1.7275239922920564e-12 -3.1947166989462057e-13 -3.7815946554806839e-13 -3.3108321455158414e-13 6.7659123010109071e-13 1.0077116583873865e-12 -1.1868861279207317e-13 3.2449792839645928e-13 -3.6990730127380664e-13 -3.8014782575176077e-13 -1.216734265809977e-12 -7.6708255285505756e-13 -1.2870232206043115e-12 -1.688625752479744e-13 9.8334496729814128e-13 1.15013244572863e-12 1.4851538116874394e-12 1.8869699254402454e-12 1.4547675585485458e-12 -8.4801269920584414e-14 1.7944767936893124e-13 -3.2834422705086701e-13 -9.5326299818038969e-13 1.3600122167797689e-12 1.7006260018027181e-12 2.2988640363984431e-12 9.8555820462249414e-13 2.9573217359396918e-12 1.5633108436772548e-12 -4.4565045485422403e-13 -8.6053544470415393e-13 9.6426922771419027e-13 -3.4093834547484087e-13 1.6132409260577217e-12 4.1689308153475569e-12 3.2837485767486223e-12 1.2063323013878469e-13 1.8491467363364018e-12 3.6288996772314043e-14 1.4761387264952257e-13 3.2098340733644262e-13 1.3063296958880365e-12 2.1872198933766085e-12 7.0332058375796336e-13 2.1649524001590721e-12 3.2707935455950553e-12 -5.0431522720968627e-13 -2.9136522092590614e-13 -1.0176869783604001e-13 1.5453215712417869e-12 2.5589943961799764e-12 2.9437936128369888e-12 3.4313397006816239e-12 -4.9431144580358775e-15 -1.8098309282490331e-12 -3.4843563710532957e-13 -1.1120245139583306e-13 -1.3379883012025415e-13 -1.1091675099151064e-12 -2.3354865805113513e-13 -2.8429360763267774e-13 6.8867936317503234e-12 1.9352141004123012e-12 -1.5007048048784903e-13 -1.7290418178628218e-12 -9.3499111023049032e-13 -3.0653532710718113e-12 1.3282147176420369e-13 -5.0464042027281204e-13
        </DataArray>
        <DataArray type="Float64" Name="cell_strain_yy" format="ascii">
          4.5294934469808331e-13 2.3282070715779923e-13 6.4426158852270869e-13 1.4629851496916753e-12 6.9297900751053142e-14 3.5906957962517086e-13 1.1358509965919695e-12 3.1111835330221986e-13 3.2863906040958566e-13 3.2938846095120769e-13 1.0503481417956097e-12 3.1792402044317305e-13 1.210386374461692e-12 1.1778468478329531e-12 7.185857464619972e-13 8.9357035659709527e-13 2.323219394639862e-13 1.5885807946869336e-12 2.0512766485403233e-12 9.608329409882543e-13 2.3457651099345611e-12 2.1844540065707463e-12 3.259433001279174e-13 -1.1352559170507707e-12 -1.4901387068722014e-12 -1.0715187070964303e-12 -2.3515994707068415e-13 4.2825035184712628e-13 1.0095596580939063e-12 6.2083241325616725e-13 2.2360550910871524e-12 1.8468117313208413e-12 6.6406560805809505e-13 -1.1516100573150112e-12 -1.9045771904036002e-12 -1.9102983084273717e-12 -7.8750200804833526e-13 -5.5575335999868969e-13 1.7376725058859677e-13 2.1378558645590573e-12 -2.2193374915602232e-12 9.711702275705392e-13 1.1416410872211448e-12 2.9383249999792567e-12 2.6087934590357513e-12 -9.8946822957302223e-14 -9.4141874851238991e-13 -8.0179432537796846e-13 -9.8897098843586494e-13 9.8763081046727836e-14 1.5761190963470305e-12 -1.3934423059858119e-13 -8.9097479394341242e-14 -7.8713285889264721e-13 -4.5402778758862992e-13 -1.2401628335378948e-12 -1.6679664593954869e-12 -1.5313361689806007e-12 -1.3768659823387695e-12 -1.7820696307513348e-12 -1.8471812968101635e-12 2.4818423705053041e-12 4.9857830364263837e-12 2.6264415642351934e-12 -8.0305123661972231e-13 -1.5669683606223115e-12 -1.6906953614892469e-12 -1.4657815239349503e-12 -1.5329500169247725e-12 -9.9257324581714165e-13 -1.1355977269644774e-12 -1.1199847993470532e-12 -1.7253451445320425e-12 5.6058713227002961e-13 1.0428263808037749e-12 -7.9943301978246911e-13 -1.5226388205835656e-12 -4.2803871558305656e-13 1.6713450068372997e-13 -2.5465657360612735e-13 -3.8480593711476358e-13 -2.1227902768927733e-12 -1.7867751722633329e-12 -4.3538353478034276e-13 1.5336941439070279e-12 3.2884359124629729e-12 2.7469666818991109e-12 -1.35630257025454e-13 4.2228109897735063e-13 -2.7406465985535572e-13 -2.6894338145400107e-12 -2.2558076240297722e-12 -7.4802108951388358e-13 -7.4456593668337311e-13 -4.3443554309519023e-13 1.7662624141046031e-12 2.5510166201669915e-12 2.621404759928226e-12 -1.2269768534523835e-14 -8.7844842511231012e-13
        </DataArray>
        <DataArray type="Float64" Name="cell_gamma_xy" format="ascii">
          -5.5805748910842131e-13 2.059016568356498e-12 2.0362961317133117e-13 7.2790935778943573e-12 5.3624427120979594e-12 1.4341187959399092e-12 1.2936661464291177e-12 7.7279460608536967e-13 9.5110336273407371e-13 4.4160813894578156e-13 -1.7005918895307561e-12 -1.4727663533165014e-12 7.7192849334828473e-13 3.6881912801600692e-12 5.2150567197983833e-12 2.6542539000029555e-12 1.4181217311559638e-12 1.1023222612482895e-12 2.6888483106723982e-12 1.2529795256899235e-12 -4.9793506817774617e-12 -4.7600010044668291e-12 -1.0969099240032417e-12 2.4936955278498355e-13 3.6844689799142576e-12 1.3712905810869806e-12 1.2051223907683097e-12 4.81564052523531e-12 1.5578055512222024e-12 -2.6125351881844898e-14 -3.9249579975031419e-12 -3.9917409655476632e-12 -3.1707649006396103e-12 -3.2695100793400659e-12 -1.9809158480210698e-12 -6.0955934744200192e-13 -2.3553489714167597e-12 -1.2876787136573138e-12 1.1022636969837409e-12 2.3579707630894132e-13 -7.659099465762154e-12 -7.1333976225940173e-12 -6.7198534237089543e-12 -5.5792911957119923e-13 -1.0234282865617674e-12 -7.0059028023372583e-13 -7.6813971849887123e-14 1.416477629634372e-12 2.0096767305854972e-12 3.2100706814919282e-12 -5.825201848663752e-12 -5.6027092687482849e-12 -8.3235042469542712e-12 8.9155377525074188e-13 -4.5540034243618525e-12 2.8095741011480161e-12 3.4829635009447913e-12 4.0886144470064782e-12 3.1099840758219703e-12 4.0330928874343645e-12 -3.4425595707432417e-12 4.6757389626783663e-13 -8.4916197684581355e-12 1.8595533446408297e-12 -3.7938827079919698e-12 -7.5591408132957735e-13 2.4374036122765116e-12 4.878648734996105e-12 8.6773213614499435e-13 1.0774636738375427e-12 -6.5311034358472789e-13 2.1093023161444791e-12 -1.2102255309009993e-12 3.2562208485131805e-12 1.364400814551913e-12 2.1789361981383612e-12 1.0535695926794369e-12 3.0949465212870547e-13 -1.9354283453676402e-12 -5.4319132525293358e-13 1.0880350787001455e-12 5.4468929366890961e-13 -7.4123263082981352e-13 6.2345918705464243e-12 -1.174370461987096e-12 -1.430079665798442e-12 -1.7073122082766908e-12 -2.3176711938521776e-12 -3.9954928254815055e-13 -4.0544867463410128e-12 4.3377380853915075e-12 -9.7028288181810751e-13 -2.6518609530512549e-12 3.8390776668784121e-13 -2.9507615795232311e-12 8.8566515232813096e-13 3.5560543398815976e-12 2.2110191455482205e-12 6.9176567252249321e-13 -1.9168039377959189e-12
        </DataArray>
      </CellData>
      <Points>
        <DataArray type="Float64" NumberOfComponents="3" format="ascii">
          -0.5 0.050000000000000003 0 -0.40000000000000002 0.050000000000000003 0 -0.29999999999999999 0.050000000000000003 0 -0.19999999999999996 0.050000000000000003 0 -0.099999999999999978 0.050000000000000003 0 0 0.050000000000000003 0 0.10000000000000009 0.050000000000000003 0 0.20000000000000007 0.050000000000000003 0 0.30000000000000004 0.050000000000000003 0 0.40000000000000002 0.050000000000000003 0 0.5 0.050000000000000003 0 -0.5 0.15000000000000002 0 -0.40000000000000002 0.15000000000000002 0 -0.29999999999999999 0.15000000000000002 0 -0.19999999999999996 0.15000000000000002 0 -0.099999999999999978 0.15000000000000002 0 0 0.15000000000000002 0 0.10000000000000009 0.15000000000000002 0 0.20000000000000007 0.15000000000000002 0 0.30000000000000004 0.15000000000000002 0 0.40000000000000002 0.15000000000000002 0 0.5 0.15000000000000002 0 -0.5 0.25 0 -0.40000000000000002 0.25 0 -0.29999999999999999 0.25 0 -0.19999999999999996 0.25 0 -0.099999999999999978 0.25 0 0 0.25 0 0.10000000000000009 0.25 0 0.20000000000000007 0.25 0 0.30000000000000004 0.25 0 0.40000000000000002 0.25 0 0.5 0.25 0 -0.5 0.35000000000000003 0 -0.40000000000000002 0.35000000000000003 0 -0.29999999999999999 0.35000000000000003 0 -0.19999999999999996 0.35000000000000003 0 -0.099999999999999978 0.35000000000000003 0 0 0.35000000000000003 0 0.10000000000000009 0.35000000000000003 0 0.20000000000000007 0.35000000000000003 0 0.30000000000000004 0.35000000000000003 0 0.40000000000000002 0.35000000000000003 0 0.5 0.35000000000000003 0 -0.5 0.45000000000000001 0 -0.40000000000000002 0.45000000000000001 0 -0.29999999999999999 0.45000000000000001 0 -0.19999999999999996 0.45000000000000001 0 -0.099999999999999978 0.45000000000000001 0 0 0.45000000000000001 0 0.10000000000000009 0.45000000000000001 0 0.20000000000000007 0.45000000000000001 0 0.30000000000000004 0.45000000000000001 0 0.40000000000000002 0.45000000000000001 0 0.5 0.45000000000000001 0 -0.5 0.55000000000000004 0 -0.40000000000000002 0.55000000000000004 0 -0.29999999999999999 0.55000000000000004 0 -0.19999999999999996 0.55000000000000004 0 -0.099999999999999978 0.55000000000000004 0 0 0.55000000000000004 0 0.10000000000000009 0.55000000000000004 0 0.20000000000000007 0.55000000000000004 0 0.30000000000000004 0.55000000000000004 0 0.40000000000000002 0.55000000000000004 0 0.5 0.55000000000000004 0 -0.5 0.65000000000000013 0 -0.40000000000000002 0.65000000000000013 0 -0.29999999999999999 0.65000000000000013 0 -0.19999999999999996 0.65000000000000013 0 -0.099999999999999978 0.65000000000000013 0 0 0.65000000000000013 0 0.10000000000000009 0.65000000000000013 0 0.20000000000000007 0.65000000000000013 0 0.30000000000000004 0.65000000000000013 0 0.40000000000000002 0.65000000000000013 0 0.5 0.65000000000000013 0 -0.5 0.75000000000000011 0 -0.40000000000000002 0.75000000000000011 0 -0.29999999999999999 0.75000000000000011 0 -0.19999999999999996 0.75000000000000011 0 -0.099999999999999978 0.75000000000000011 0 0 0.75000000000000011 0 0.10000000000000009 0.75000000000000011 0 0.20000000000000007 0.75000000000000011 0 0.30000000000000004 0.75000000000000011 0 0.40000000000000002 0.75000000000000011 0 0.5 0.75000000000000011 0 -0.5 0.85000000000000009 0 -0.40000000000000002 0.85000000000000009 0 -0.29999999999999999 0.85000000000000009 0 -0.19999999999999996 0.85000000000000009 0 -0.099999999999999978 0.85000000000000009 0 0 0.85000000000000009 0 0.10000000000000009 0.85000000000000009 0 0.20000000000000007 0.85000000000000009 0 0.30000000000000004 0.85000000000000009 0 0.40000000000000002 0.85000000000000009 0 0.5 0.85000000000000009 0 -0.5 0.95000000000000007 0 -0.40000000000000002 0.95000000000000007 0 -0.29999999999999999 0.95000000000000007 0 -0.19999999999999996 0.95000000000000007 0 -0.099999999999999978 0.95000000000000007 0 0 0.95000000000000007 0 0.10000000000000009 0.95000000000000007 0 0.20000000000000007 0.95000000000000007 0 0.30000000000000004 0.95000000000000007 0 0.40000000000000002 0.95000000000000007 0 0.5 0.95000000000000007 0 -0.5 1.05 0 -0.40000000000000002 1.05 0 -0.29999999999999999 1.05 0 -0.19999999999999996 1.05 0 -0.099999999999999978 1.05 0 0 1.05 0 0.10000000000000009 1.05 0 0.20000000000000007 1.05 0 0.30000000000000004 1.05 0 0.40000000000000002 1.05 0 0.5 1.05 0
        </DataArray>
      </Points>
      <Cells>
        <DataArray type="Int32" Name="connectivity" format="ascii">
          12 11 0 1 13 12 1 2 14 13 2 3 15 14 3 4 16 15 4 5 17 16 5 6 18 17 6 7 19 18 7 8 20 19 8 9 21 20 9 10 23 22 11 12 24 23 12 13 25 24 13 14 26 25 14 15 27 26 15 16 28 27 16 17 29 28 17 18 30 29 18 19 31 30 19 20 32 31 20 21 34 33 22 23 35 34 23 24 36 35 24 25 37 36 25 26 38 37 26 27 39 38 27 28 40 39 28 29 41 40 29 30 42 41 30 31 43 42 31 32 45 44 33 34 46 45 34 35 47 46 35 36 48 47 36 37 49 48 37 38 50 49 38 39 51 50 39 40 52 51 40 41 53 52 41 42 54 53 42 43 56 55 44 45 57 56 45 46 58 57 46 47 59 58 47 48 60 59 48 49 61 60 49 50 62 61 50 51 63 62 51 52 64 63 52 53 65 64 53 54 67 66 55 56 68 67 56 57 69 68 57 58 70 69 58 59 71 70 59 60 72 71 60 61 73 72 61 62 74 73 62 63 75 74 63 64 76 75 64 65 78 77 66 67 79 78 67 68 80 79 68 69 81 80 69 70 82 81 70 71 83 82 71 72 84 83 72 73 85 84 73 74 86 85 74 75 87 86 75 76 89 88 77 78 90 89 78 79 91 90 79 80 92 91 80 81 93 92 81 82 94 93 82 83 95 94 83 84 96 95 84 85 97 96 85 86 98 97 86 87 100 99 88 89 101 100 89 90 102 101 90 91 103 102 91 92 104 103 92 93 105 104 93 94 106 105 94 95 107 106 95 96 108 107 96 97 109 108 97 98 111 110 99 100 112 111 100 101 113 112 101 102 114 113 102 103 115 114 103 104 116 115 104 105 117 116 105 106 118 117 106 107 119 118 107 108 120 119 108 109
        </DataArray>
        <DataArray type="Int32" Name="offsets" format="ascii">
          4 8 12 16 20 24 28 32 36 40 44 48 52 56 60 64 68 72 76 80 84 88 92 96 100 104 108 112 116 120 124 128 132 136 140 144 148 152 156 160 164 168 172 176 180 184 188 192 196 200 204 208 212 216 220 224 228 232 236 240 244 248 252 256 260 264 268 272 276 280 284 288 292 296 300 304 308 312 316 320 324 328 332 336 340 344 348 352 356 360 364 368 372 376 380 384 388 392 396 400
        </DataArray>
        <DataArray type="UInt8" Name="types" format="ascii">
          9 9 9 9 9 9 9 9 9 9 9 9 9 9 9 9 9 9 9 9 9 9 9 9 9 9 9 9 9 9 9 9 9 9 9 9 9 9 9 9 9 9 9 9 9 9 9 9 9 9 9 9 9 9 9 9 9 9 9 9 9 9 9 9 9 9 9 9 9 9 9 9 9 9 9 9 9 9 9 9 9 9 9 9 9 9 9 9 9 9 9 9 9 9 9 9 9 9 9 9
        </DataArray>
      </Cells>
    </Piece>
  </UnstructuredGrid>
</VTKFile>
