contour,relative_angle_deg,radius_мм,sigma_rr_mpa,sigma_tt_mpa,tau_rt_mpa
inner,-30.000000000000068,249.99999999999994,0.3059403289904316,0.19072805728374748,0.14454417284521653
inner,-29.812500000000043,249.99999999999997,0.23558166285135168,0.16403833841845172,0.12128070660988707
inner,-29.625000000000014,249.99999999999994,0.14674318322961574,0.1319296013520694,0.08679356660085176
inner,-29.43750000000009,249.99999999999997,0.11874823025338413,0.12087112737277095,0.06908040056687292
inner,-29.250000000000064,249.99999999999994,0.10235393373359233,0.11195783824220515,0.05891431278502218
inner,-29.062500000000036,249.99999999999997,0.09144657000098841,0.10490336840863623,0.05205233502866844
inner,-28.875000000000114,249.99999999999997,0.08326282347565167,0.09896791331779081,0.046935081549151145
inner,-28.687500000000085,249.99999999999994,0.07674486899570998,0.0938589657151753,0.042863881263496245
inner,-28.50000000000006,249.99999999999997,0.07132540611555567,0.08935528893410292,0.03948832194273082
inner,-28.312500000000135,249.99999999999997,0.06668460323861106,0.08530835989273969,0.03660772710503928
inner,-28.125000000000107,249.99999999999997,0.06262113251113277,0.08161074555249867,0.03409647022115516
inner,-27.93750000000008,249.99999999999994,0.059000717824475794,0.07818434986334803,0.03187024709783756
inner,-27.750000000000156,249.99999999999997,0.05572868247602103,0.07497121589311741,0.02986953721848218
inner,-27.56250000000013,249.99999999999997,0.05273537208566387,0.07192775547358535,0.028050582480170498
inner,-27.375000000000206,249.99999999999994,0.0499676188216895,0.06902074285286408,0.026380129169948863
inner,-27.187500000000178,249.99999999999994,0.04738354521132582,0.06622455874900851,0.024832183501146618
inner,-27.000000000000153,249.99999999999994,0.0449492420500242,0.06351924646283032,0.023385923258893174
inner,-26.812500000000227,249.99999999999997,0.04263656788686127,0.06088912396897192,0.0220243051127238
inner,-26.625000000000203,249.99999999999994,0.04042164279237499,0.058321778041321395,0.020733107972450635
inner,-26.437500000000174,249.99999999999994,0.038283788223367116,0.05580732607065025,0.019500258718745285
inner,-26.25000000000025,249.99999999999994,0.036204762011757895,0.053337867938448184,0.018315346077290445
inner,-26.062500000000224,249.99999999999994,0.03416819388189841,0.05090707474790048,0.017169263001566827
inner,-25.875000000000195,249.99999999999997,0.032159160429492475,0.04850987736248598,0.016053938805412088
inner,-25.687500000000274,249.99999999999994,0.03016385913675313,0.04614222859751545,0.014962135248393302
inner,-25.500000000000245,249.99999999999994,0.028169354053264907,0.043800920365922646,0.01388728903442206
inner,-25.31250000000022,249.99999999999997,0.026163374229424278,0.041483442242443644,0.012823388569244093
inner,-25.125000000000295,249.99999999999994,0.02413415160245531,0.03918787154494267,0.011764876404487961
inner,-24.937500000000266,250.0,0.02207028882297344,0.036912787611928184,0.010706571224236955
inner,-24.75000000000024,249.99999999999994,0.019960650107051912,0.03465720479690231,0.009643604908143486
inner,-24.562500000000316,249.99999999999997,0.017794270040886503,0.03242052006762354,0.008571371376938648
inner,-24.37500000000029,249.99999999999994,0.015560276545988459,0.03020247206912205,0.007485484763589251
inner,-24.187500000000263,249.99999999999997,0.013247825159337829,0.028003109249445258,0.00638174505674995
inner,-24.000000000000288,249.99999999999997,0.010846042466407777,0.025822765197300385,0.00525610980140997
inner,-23.812500000000263,249.99999999999997,0.008343977025065737,0.02366203974208133,0.004104670769078391
inner,-23.625000000000288,249.99999999999994,0.005730556505931284,0.021521784679620574,0.0029236347538532724
inner,-23.437500000000362,249.99999999999997,0.0029945500643046253,0.019403093225396555,0.0017093078348355225
inner,-23.250000000000334,249.99999999999997,0.00012453518025452338,0.017307292474299144,0.00045808258773428513
inner,-23.06250000000031,249.99999999999997,-0.002891131620777697,0.01523593828251273,-0.0008335721632447583
inner,-22.875000000000384,250.0,-0.006064340612170863,0.013190812095823873,-0.0021691193760635928
inner,-22.687500000000306,250.0,-0.009407251616453711,0.01117391931911402,-0.00355195985886355
inner,-22.50000000000033,249.99999999999997,-0.012932313902124303,0.009187488890825626,-0.004985436576967532
inner,-22.312500000000405,249.99999999999997,-0.016652283392226377,0.007233973771780383,-0.006472837357031509
inner,-22.12500000000038,249.99999999999997,-0.0205802372942906,0.005316052079353017,-0.008017396110848788
inner,-21.93750000000035,249.99999999999997,-0.0247295861908597,0.0034366286358611556,-0.009622292673566363
inner,-21.750000000000377,249.99999999999997,-0.02911408359170199,0.0015988367059716101,-0.011290651326886936
inner,-21.5625000000004,250.0,-0.03374783289803313,-0.00019396028861657462,-0.013025538057392526
inner,-21.375000000000377,250.0,-0.03864529168887495,-0.0019381672838068298,-0.014829956585509254
inner,-21.18750000000045,250.0,-0.04382127321200168,-0.003629956530933748,-0.01670684318722695
inner,-21.000000000000423,249.99999999999997,-0.04929094490904722,-0.005265267199044224,-0.01865906031747912
inner,-20.812500000000398,250.00000000000003,-0.05506982378905531,-0.00683980584643233,-0.02068938903723107
inner,-20.625000000000473,249.99999999999997,-0.06117376842432429,-0.008349047982112102,-0.022800520239131983
inner,-20.437500000000448,250.0,-0.06761896731541783,-0.009788240950764169,-0.024995044660278756
inner,-20.25000000000042,250.00000000000003,-0.07442192334848884,-0.011152408388273517,-0.02727544166828563
inner,-20.062500000000444,250.00000000000003,-0.08159943403557587,-0.012436356499768077,-0.02964406680444203
inner,-19.87500000000047,250.00000000000003,-0.08916856721323467,-0.013634682431888891,-0.03210313806698358
inner,-19.68750000000044,249.99999999999997,-0.09714663184437328,-0.014741785010612449,-0.03465472092020047
inner,-19.500000000000465,250.00000000000003,-0.10555114356380937,-0.015751878138374833,-0.03730071201855294
inner,-19.31250000000049,250.00000000000003,-0.11439978458052948,-0.016659007142997007,-0.04004282163804972
inner,-19.125000000000465,250.0,-0.12371035754064777,-0.0174570683773506,-0.04288255481687334
inner,-18.93750000000049,250.00000000000003,-0.13350073295773965,-0.018139832383902377,-0.04582119121346366
inner,-18.75000000000051,250.0,-0.1437887897899265,-0.01870097092593608,-0.04885976369872326
inner,-18.562500000000487,250.00000000000003,-0.15459234874852457,-0.019134088205898542,-0.05199903570648604
inner,-18.37500000000051,250.00000000000003,-0.1659290978967626,-0.01943275658702081,-0.05523947737009546
inner,-18.187500000000536,250.0,-0.17781651007442187,-0.01959055714686666,-0.058581240472670486
inner,-18.000000000000508,250.00000000000003,-0.19027175166008403,-0.019601125397489406,-0.0620241322360857
inner,-17.812500000000533,250.00000000000003,-0.2033115821882423,-0.019458202425081977,-0.06556758799813883
inner,-17.625000000000558,250.00000000000006,-0.21695224455985496,-0.019155691432094536,-0.06921064294191273
inner,-17.43750000000053,250.00000000000006,-0.23120934633610746,-0.01868771886582212,-0.0729519034128235
inner,-17.250000000000554,250.00000000000003,-0.246097734359774,-0.018048697040506694,-0.07678951935145938
inner,-17.06250000000058,250.00000000000006,-0.261631368626413,-0.017233381824544605,-0.08072116091144697
inner,-16.875000000000554,250.00000000000003,-0.2778232059888179,-0.016236916625650435,-0.08474400354194055
inner,-16.68750000000058,250.00000000000006,-0.29468510581014123,-0.01505485645121021,-0.08885472458535773
inner,-16.5000000000006,250.00000000000003,-0.312227765398274,-0.013683184690982356,-0.09304950771005781
inner,-16.312500000000625,250.00000000000006,-0.3304606693527053,-0.012118333943557191,-0.09732404897859531
inner,-16.1250000000006,250.00000000000006,-0.3493920342700578,-0.010357228615063314,-0.10167355664514027
inner,-15.937500000000624,250.00000000000006,-0.36902872650229324,-0.008397343742597858,-0.10609274465055124
inner,-15.7500000000007,250.00000000000003,-0.38937615587667934,-0.006236758501859312,-0.11057582704794021
inner,-15.562500000000622,250.00000000000006,-0.410438171705158,-0.0038742104530278317,-0.1151165145551031
inner,-15.375000000000647,250.00000000000006,-0.43221696091139883,-0.0013091405719180948,-0.11970801626014517
inner,-15.187500000000671,250.00000000000009,-0.4547129588464802,0.0014582691442356077,-0.12434304670845218
inner,-15.000000000000645,250.00000000000003,-0.4779247726870194,0.004427065266814934,-0.12901383792804544
inner,-14.81250000000067,250.00000000000003,-0.5018491172442836,0.007595495716418721,-0.13371215502131067
inner,-14.625000000000643,250.00000000000006,-0.52648075872749,0.010960994888348346,-0.138429317334246
inner,-14.437500000000666,250.00000000000006,-0.551812475220472,0.014520170006374664,-0.1431562221890965
inner,-14.25000000000064,250.00000000000003,-0.5778350242344609,0.01826879312189658,-0.14788337187073883
inner,-14.062500000000664,250.00000000000006,-0.6045371206214595,0.022201809208901233,-0.15260090663491468
inner,-13.875000000000638,250.00000000000003,-0.6319054356310033,0.026313342556925454,-0.15729863884725376
inner,-13.687500000000663,250.00000000000009,-0.6599246001782927,0.030596707427473342,-0.16196608888624592
inner,-13.500000000000636,250.00000000000006,-0.6885772168130305,0.03504443732279078,-0.16659252696364646
inner,-13.31250000000066,250.00000000000006,-0.7178438958128024,0.03964831133825788,-0.17116701499118284
inner,-13.125000000000634,250.00000000000003,-0.7477032946043638,0.04439938719530522,-0.17567845019213285
inner,-12.937500000000608,250.00000000000006,-0.7781321682814701,0.04928804972102753,-0.1801156128133781
inner,-12.750000000000632,250.00000000000003,-0.8091054405853838,0.054304052944699,-0.18446721195588686
inner,-12.562500000000606,250.00000000000006,-0.8405962736584821,0.05943657405289149,-0.18872193352429212
inner,-12.375000000000629,250.00000000000006,-0.8725761534216546,0.06467427185740056,-0.19286848877191465
inner,-12.187500000000604,250.00000000000003,-0.9050149847347307,0.07000534745396914,-0.19689566225177418
inner,-12.000000000000627,250.00000000000003,-0.9378811929729588,0.07541761050760072,-0.20079235994259875
inner,-11.8125000000006,250.00000000000006,-0.9711418353631629,0.08089855021220352,-0.20454765708848666
inner,-11.625000000000625,250.0,-1.0047627197316074,0.08643540402719604,-0.2081508433434613
inner,-11.437500000000599,249.99999999999997,-1.038708523432878,0.09201522565699118,-0.2115914658349476
inner,-11.250000000000675,250.00000000000003,-1.072942916227055,0.09762496749566905,-0.21485937442489075
inner,-11.062500000000648,250.00000000000003,-1.107428699951464,0.10325155053762206,-0.21794476111390804
inner,-10.875000000000622,250.00000000000003,-1.1421279367232224,0.10888193579298412,-0.22083819744874356
inner,-10.687500000000595,250.00000000000003,-1.177002080729561,0.11450320094535262,-0.22353067121826434
inner,-10.50000000000067,250.00000000000003,-1.2120121172662333,0.12010260979341669,-0.22601361880132678
inner,-10.312500000000643,249.99999999999997,-1.2471186951788722,0.12566768058362934,-0.22827895473439497
inner,-10.125000000000616,249.99999999999997,-1.282282259252167,0.1311862544465397,-0.23031909917169013
inner,-9.93750000000059,249.99999999999997,-1.3174631830947066,0.13664655762436068,-0.23212700106638146
inner,-9.750000000000563,250.00000000000003,-1.35262189504189,0.1420372587120136,-0.23369615794007317
inner,-9.562500000000588,250.00000000000003,-1.3877190002632322,0.14734752869817874,-0.23502063431724468
inner,-9.375000000000561,249.99999999999997,-1.4227154036796263,0.1525670865424137,-0.23609507379752928
inner,-9.187500000000586,250.00000000000003,-1.4575724175320088,0.15768624648029542,-0.23691471009435458
inner,-9.00000000000056,249.99999999999997,-1.4922518712194566,0.16269596106151202,-0.2374753750316958
inner,-8.812500000000634,249.99999999999994,-1.5267162142732236,0.16758785403720633,-0.23777350174310585
inner,-8.625000000000558,250.00000000000003,-1.5609286061396437,0.17235424881456388,-0.23780612539757795
inner,-8.437500000000583,249.99999999999997,-1.5948530012212871,0.176988193753925,-0.23757088191606646
inner,-8.250000000000556,249.99999999999994,-1.6284542296690987,0.18148348148062965,-0.23706600367332287
inner,-8.06250000000063,249.99999999999994,-1.6616980685205984,0.18583466018941977,-0.2362903118035182
inner,-7.875000000000553,249.99999999999997,-1.6945513016373668,0.1900370396607157,-0.23524320640528315
inner,-7.687500000000578,249.99999999999994,-1.7269817728184342,0.19408669312251392,-0.23392465501527898
inner,-7.500000000000552,249.99999999999997,-1.758958432375387,0.19798045293761185,-0.23233517874329163
inner,-7.312500000000626,249.99999999999997,-1.7904513745812136,0.20171590133696463,-0.23047583674394811
inner,-7.125000000000549,249.99999999999997,-1.8214318677874048,0.2052913568463246,-0.22834820929509975
inner,-6.937500000000574,249.99999999999991,-1.851872377076583,0.20870585508880257,-0.22595437912346814
inner,-6.750000000000547,249.99999999999997,-1.8817465779407183,0.2119591251057247,-0.22329691166636997
inner,-6.5625000000005205,249.99999999999997,-1.911029363285757,0.21505156257755684,-0.2203788347375182
inner,-6.375000000000545,249.99999999999997,-1.9396968448300136,0.21798419916761028,-0.2172036173037985
inner,-6.187500000000519,249.99999999999997,-1.9677263477099498,0.2207586687061568,-0.21377514779245962
inner,-6.000000000000543,249.99999999999997,-1.9950963993183126,0.22337717057935344,-0.21009771208749808
inner,-5.812500000000516,249.99999999999994,-2.0217867128362497,0.22584243073825117,-0.20617597139776883
inner,-5.6250000000005915,249.99999999999997,-2.047778165958648,0.22815766073451002,-0.2020149401639328
inner,-5.437500000000514,249.99999999999997,-2.0730527753239696,0.2303265151849551,-0.1976199641564036
inner,-5.250000000000538,249.99999999999997,-2.097593667164234,0.23235304805091256,-0.1929966989023594
inner,-5.0625000000005125,250.0,-2.121385044693542,0.23424166810035996,-0.18815108856596835
inner,-4.875000000000587,249.99999999999997,-2.1444121527242204,0.23599709392466006,-0.18308934538917673
inner,-4.68750000000051,250.0,-2.1666612400115293,0.23762430883711802,-0.1778179297867105
inner,-4.500000000000535,249.99999999999997,-2.1881195198046677,0.2391285159651061,-0.1723435311736534
inner,-4.312500000000508,250.0,-2.208775129049231,0.24051509383054817,-0.1666730495893571
inner,-4.125000000000532,250.00000000000003,-2.228617086664996,0.24178955268302402,-0.16081357816783448
inner,-3.937500000000506,249.99999999999997,-2.2476352513128677,0.24295749181275214,-0.1547723864918974
inner,-3.750000000000479,249.99999999999997,-2.26582027902178,0.24402455805641787,-0.14855690485622033
inner,-3.5625000000005036,249.99999999999997,-2.2831635810088207,0.2449964056850705,-0.14217470945248148
inner,-3.375000000000477,250.00000000000003,-2.2996572820218444,0.24587865781654386,-0.13563350848017985
inner,-3.1875000000005014,250.0,-2.315294179479717,0.24667686949496476,-0.12894112917730505
inner,-3.0000000000004747,250.00000000000003,-2.3300677036777513,0.24739649253071835,-0.12210550575607107
inner,-2.812500000000499,250.00000000000003,-2.3439718792659643,0.24804284220184972,-0.1151346682218585
inner,-2.625000000000473,250.00000000000006,-2.3570012882204656,0.24862106586296312,-0.10803673204794778
inner,-2.4375000000004974,250.00000000000003,-2.369151034472377,0.24913611352038342,-0.10081988867201416
inner,-2.2500000000004707,250.00000000000003,-2.380416710341471,0.2495927104023732,-0.09349239677547651
inner,-2.062500000000495,250.00000000000006,-2.3907943649226135,0.249995331520332,-0.08606257430423583
inner,-1.8750000000004685,250.00000000000003,-2.4002804745084325,0.25034817825156963,-0.07853879118436603
inner,-1.687500000000493,250.00000000000006,-2.4088719151525946,0.2506551569187508,-0.0709294626853613
inner,-1.5000000000004665,250.00000000000006,-2.4165659374483344,0.25091985935269806,-0.06324304338052494
inner,-1.312500000000491,250.00000000000006,-2.4233601435769367,0.2511455454221613,-0.05548802165261566
inner,-1.1250000000004643,250.00000000000003,-2.4292524666941993,0.2513351275084047,-0.047672914695242395
inner,-0.9375000000004887,250.00000000000003,-2.4342411526747627,0.25149115689039503,-0.0398062639461932
inner,-0.7500000000004622,250.0,-2.438324744219982,0.25161581200271554,-0.03189663090732787
inner,-0.5625000000004358,250.00000000000003,-2.441502067388392,0.2517108885612987,-0.023952593300056026
inner,-0.37500000000046013,250.00000000000003,-2.4437722205710855,0.2517777915279052,-0.015982741490883405
inner,-0.18750000000043363,250.00000000000003,-2.445134565904961,0.25181752887848896,-0.007995675137513833
inner,-4.579998741307465e-13,249.99999999999997,-2.445588723130261,0.25183070716865474,-6.555332847884065e-14
inner,0.1874999999995685,250.00000000000003,-2.4451345659037633,0.2518175288784983,0.007995675137372756
inner,0.37499999999954414,250.0,-2.443772220568303,0.2517777915292131,0.01598274149077246
inner,0.5624999999995707,250.0,-2.441502067385374,0.25171088856357887,0.023952593299947
inner,0.7499999999995463,250.00000000000003,-2.4383247442190292,0.2516158120041349,0.03189663090717193
inner,0.9374999999995728,249.99999999999997,-2.434241152674553,0.2514911568920187,0.03980626394603559
inner,1.1249999999995484,250.00000000000003,-2.4292524666942508,0.25133512751064396,0.04767291469507585
inner,1.3124999999995748,250.00000000000009,-2.423360143577284,0.25114554542462064,0.05548802165253614
inner,1.4999999999995506,250.00000000000006,-2.4165659374484703,0.2509198593548918,0.06324304338053652
inner,1.687499999999577,250.00000000000006,-2.4088719151531963,0.2506551569200803,0.07092946268540926
inner,1.8749999999995526,250.00000000000006,-2.400280474510217,0.25034817825227207,0.07853879118437117
inner,2.062499999999579,250.00000000000003,-2.3907943649248806,0.24999533152135994,0.0860625743042058
inner,2.2499999999995546,250.00000000000003,-2.3804167103428897,0.24959271040450226,0.09349239677547291
inner,2.4374999999995812,250.00000000000009,-2.369151034473359,0.24913611352265277,0.1008198886719325
inner,2.624999999999608,250.00000000000006,-2.35700128822196,0.2486210658639817,0.10803673204787255
inner,2.8124999999995834,250.00000000000003,-2.3439718792660487,0.24804284220379103,0.11513466822181567
inner,2.9999999999996096,250.0,-2.33006770367757,0.24739649253314155,0.12210550575611928
inner,3.1874999999995857,250.00000000000003,-2.315294179480026,0.24667686949693488,0.12894112917743922
inner,3.374999999999612,250.00000000000003,-2.2996572820220162,0.24587865781868357,0.13563350848020925
inner,3.5624999999995874,250.00000000000003,-2.283163581009803,0.2449964056870623,0.142174709452437
inner,3.749999999999614,249.99999999999997,-2.265820279023434,0.2440245580583828,0.14855690485625117
inner,3.9374999999995897,250.00000000000003,-2.247635251315115,0.2429574918142066,0.15477238649202307
inner,4.124999999999616,250.00000000000003,-2.2286170866661914,0.24178955268509048,0.16081357816797825
inner,4.312499999999591,249.99999999999997,-2.208775129050092,0.24051509383236327,0.16667304958947074
inner,4.499999999999618,250.0,-2.1881195198049603,0.23912851596650442,0.1723435311736827
inner,4.687499999999594,249.99999999999997,-2.16666124001072,0.23762430883883986,0.1778179297866313
inner,4.874999999999621,249.99999999999994,-2.1444121527241142,0.23599709392598625,0.1830893453891135
inner,5.062499999999596,250.0,-2.121385044694189,0.23424166810144095,0.18815108856594198
inner,5.2499999999996225,249.99999999999991,-2.0975936671645936,0.2323530480523449,0.19299669890240959
inner,5.437499999999649,249.99999999999997,-2.0730527753249555,0.23032651518620725,0.19761996415650465
inner,5.624999999999624,249.99999999999994,-2.047778165961339,0.2281576607351685,0.2020149401640467
inner,5.812499999999651,249.99999999999994,-2.021786712837964,0.22584243074050706,0.2061759713978463
inner,5.999999999999627,249.99999999999997,-1.9950963993180135,0.2233771705832757,0.2100977120874902
inner,6.187499999999654,249.99999999999994,-1.9677263477090186,0.22075866870997707,0.21377514779239615
inner,6.374999999999629,249.99999999999997,-1.9396968448289185,0.2179841991714229,0.2172036173036644
inner,6.562499999999655,249.99999999999997,-1.9110293632841875,0.2150515625819725,0.2203788347374002
inner,6.749999999999631,249.99999999999997,-1.88174657793842,0.21195912511021361,0.2232969116662103
inner,6.937499999999657,249.99999999999994,-1.8518723770745253,0.20870585509262365,0.22595437912318958
inner,7.124999999999633,249.99999999999997,-1.8214318677868848,0.2052913568496266,0.22834820929484145
inner,7.31249999999966,249.99999999999994,-1.7904513745809916,0.2017159013409349,0.23047583674390476
inner,7.499999999999635,249.99999999999997,-1.758958432375097,0.19798045294168842,0.2323351787433114
inner,7.687499999999662,249.99999999999997,-1.7269817728182688,0.1940866931264358,0.23392465501519855
inner,7.874999999999688,249.99999999999997,-1.6945513016365379,0.1900370396650632,0.23524320640511134
inner,8.062499999999664,249.99999999999994,-1.6616980685194755,0.18583466019359074,0.2362903118032163
inner,8.249999999999691,250.00000000000003,-1.6284542296672542,0.1814834814854435,0.23706600367294245
inner,8.437499999999666,249.99999999999997,-1.5948530012186697,0.17698819375942426,0.23757088191573417
inner,8.624999999999693,250.00000000000003,-1.560928606137785,0.17235424881897715,0.2378061253973675
inner,8.812499999999668,250.0,-1.5267162142717612,0.16758785404117074,0.2377735017429393
inner,8.999999999999694,250.0,-1.4922518712188195,0.16269596106507855,0.2374753750315453
inner,9.18749999999967,250.0,-1.4575724175316747,0.15768624648383825,0.236914710094229
inner,9.374999999999696,250.00000000000003,-1.4227154036778515,0.15256708654700263,0.23609507379731826
inner,9.562499999999673,250.00000000000003,-1.3877190002612876,0.14734752870259427,0.23502063431691272
inner,9.749999999999698,249.99999999999997,-1.3526218950409734,0.14203725871615622,0.23369615793975113
inner,9.937499999999675,250.00000000000003,-1.317463183094426,0.13664655762928757,0.23212700106617382
inner,10.124999999999702,250.0,-1.2822822592517356,0.13118625445233958,0.2303190991714712
inner,10.312499999999677,249.99999999999997,-1.2471186951784337,0.12566768058942213,0.22827895473415885
inner,10.499999999999703,250.00000000000003,-1.2120121172665692,0.12010260979851356,0.22601361880115475
inner,10.687499999999678,250.00000000000003,-1.1770020807300179,0.11450320095087337,0.22353067121814174
inner,10.874999999999705,250.0,-1.1421279367232429,0.10888193579933679,0.22083819744858174
inner,11.062499999999732,250.0,-1.107428699951251,0.10325155054421473,0.2179447611136023
inner,11.249999999999707,250.00000000000003,-1.0729429162261515,0.09762496750320321,0.2148593744245641
inner,11.437499999999684,250.0,-1.038708523432318,0.09201522566448916,0.21159146583470942
inner,11.624999999999709,250.00000000000003,-1.0047627197308744,0.08643540403461383,0.20815084334330053
inner,11.812499999999686,250.00000000000003,-0.9711418353616212,0.08089855021977677,0.20454765708827552
inner,11.999999999999712,250.00000000000003,-0.9378811929716977,0.07541761051459518,0.20079235994226166
inner,12.187499999999739,249.99999999999997,-0.9050149847327414,0.07000534746168527,0.1968956622514272
inner,12.374999999999714,250.00000000000006,-0.8725761534186138,0.06467427186557623,0.19286848877153803
inner,12.56249999999974,250.00000000000003,-0.8405962736559282,0.059436574059684395,0.18872193352382038
inner,12.749999999999716,250.00000000000003,-0.8091054405832188,0.05430405295103818,0.1844672119553846
inner,12.937499999999742,250.00000000000006,-0.7781321682796947,0.04928804972766457,0.1801156128129669
inner,13.124999999999718,250.00000000000003,-0.7477032946028302,0.044399387201968905,0.1756784501917675
inner,13.312499999999744,250.00000000000006,-0.7178438958108045,0.03964831134503732,0.17116701499062073
inner,13.49999999999972,250.00000000000003,-0.6885772168108731,0.03504443732979217,0.1665925269628373
inner,13.687499999999746,250.00000000000006,-0.6599246001764137,0.030596707435088334,0.16196608888545827
inner,13.874999999999773,250.00000000000003,-0.6319054356290501,0.02631334256571479,0.15729863884660988
inner,14.06249999999975,250.00000000000003,-0.6045371206191413,0.022201809218676122,0.15260090663431222
inner,14.249999999999725,250.00000000000003,-0.5778350242315212,0.018268793132315816,0.14788337187004
inner,14.437499999999751,250.00000000000003,-0.5518124752176565,0.014520170016704206,0.14315622218826254
inner,14.624999999999726,250.00000000000006,-0.5264807587252228,0.010960994898649542,0.13842931733340808
inner,14.812499999999753,250.00000000000006,-0.5018491172410487,0.007595495728027795,0.13371215502045228
inner,14.99999999999978,250.00000000000006,-0.47792477268281613,0.004427065278943837,0.12901383792706983
inner,15.187499999999755,250.00000000000006,-0.4547129588422873,0.0014582691560573848,0.12434304670744628
inner,15.374999999999782,250.00000000000003,-0.43221696090771,-0.00130914056022822,0.11970801625926869
inner,15.562499999999757,250.00000000000006,-0.4104381717025771,-0.0038742104418199464,0.11511651455436442
inner,15.749999999999783,250.00000000000003,-0.3893761558750861,-0.006236758490950431,0.11057582704738034
inner,15.937499999999758,250.00000000000006,-0.36902872650082386,-0.008397343731746908,0.10609274465008886
inner,16.124999999999787,250.00000000000003,-0.3493920342685385,-0.01035722860464303,0.10167355664455062
inner,16.312499999999762,250.00000000000003,-0.33046066935058716,-0.012118333932794736,0.09732404897785203
inner,16.499999999999787,250.00000000000006,-0.3122277653955264,-0.013683184679392526,0.09304950770921543
inner,16.687499999999762,250.00000000000003,-0.2946851058073822,-0.015054856438600408,0.08885472458455457
inner,16.87499999999974,250.00000000000006,-0.2778232059857957,-0.01623691661182002,0.08474400354119446
inner,17.062499999999766,250.00000000000003,-0.2616313686229005,-0.017233381810354217,0.08072116091046355
inner,17.24999999999979,250.00000000000003,-0.24609773435680746,-0.018048697026926047,0.07678951935022953
inner,17.43749999999977,250.0,-0.23120934633380522,-0.018687718852287878,0.07295190341170452
inner,17.624999999999794,250.00000000000003,-0.2169522445571185,-0.019155691417608815,0.06921064294099333
inner,17.812499999999822,250.00000000000003,-0.20331158218556586,-0.019458202410229896,0.06556758799721164
inner,17.999999999999797,250.00000000000006,-0.1902717516575031,-0.01960112538240628,0.06202413223500404
inner,18.187499999999822,250.00000000000006,-0.17781651007102212,-0.019590557131272862,0.05858124047139853
inner,18.374999999999797,250.0,-0.16592909789296587,-0.01943275657147554,0.055239477368599556
inner,18.562499999999826,250.00000000000003,-0.1545923487444308,-0.01913408818999056,0.051999035704828236
inner,18.7499999999998,250.00000000000003,-0.14378878978489884,-0.018700970909319395,0.04885976369698999
inner,18.937499999999826,250.00000000000003,-0.13350073295230003,-0.01813983236764025,0.045821191211566095
inner,19.1249999999998,250.00000000000003,-0.12371035753482565,-0.017457068361050484,0.04288255481480313
inner,19.31249999999983,249.99999999999997,-0.11439978457402825,-0.016659007126031595,0.040042821635883484
inner,19.499999999999805,250.00000000000003,-0.10555114355747298,-0.015751878121932173,0.037300712016246775
inner,19.687499999999833,249.99999999999997,-0.09714663183775782,-0.014741784994271754,0.0346547209176893
inner,19.874999999999808,250.00000000000003,-0.08916856720610146,-0.013634682415105598,0.03210313806429469
inner,20.062499999999833,249.99999999999997,-0.0815994340278577,-0.012436356482356721,0.029644066801653258
inner,20.249999999999808,250.0,-0.07442192333994228,-0.011152408370127377,0.027275441665346845
inner,20.437499999999837,249.99999999999997,-0.06761896730675793,-0.009788240932865205,0.024995044657049745
inner,20.62499999999981,249.99999999999997,-0.061173768415398615,-0.008349047964395803,0.02280052023559195
inner,20.812499999999837,250.0,-0.05506982377922828,-0.006839805828406857,0.020689389033383142
inner,20.999999999999865,250.00000000000003,-0.04929094489815217,-0.005265267180548725,0.01865906031319342
inner,21.18749999999984,250.00000000000003,-0.04382127320025669,-0.003629956511858113,0.016706843182595247
inner,21.374999999999865,249.99999999999997,-0.03864529167675207,-0.001938167264128344,0.014829956580693039
inner,21.562499999999844,250.0,-0.03374783288612293,-0.0001939602683908102,0.013025538052581321
inner,21.74999999999987,250.0,-0.029114083580606406,0.0015988367260773263,0.01129065132224375
inner,21.937499999999844,250.0,-0.024729586180052505,0.0034366286559986536,0.009622292668938853
inner,22.124999999999872,249.99999999999997,-0.020580237282830538,0.005316052100163768,0.008017396106056503
inner,22.312499999999847,249.99999999999997,-0.01665228338002907,0.007233973792977563,0.006472837352025029
inner,22.499999999999872,249.99999999999997,-0.012932313889416753,0.009187488912013006,0.00498543657174677
inner,22.687499999999847,249.99999999999997,-0.009407251603735718,0.01117391934009801,0.0035519598534935414
inner,22.874999999999876,249.99999999999994,-0.006064340599378945,0.013190812117154404,0.00216911937068723
inner,23.06249999999985,249.99999999999997,-0.002891131608297526,0.015235938304299009,0.0008335721578999504
inner,23.249999999999876,249.99999999999997,0.0001245351921186945,0.017307292496454223,-0.00045808259297756403
inner,23.43749999999985,249.99999999999994,0.0029945500760710257,0.019403093248152706,-0.0017093078399945737
inner,23.62499999999988,249.99999999999997,0.00573055651763781,0.021521784702782584,-0.002923634759145891
inner,23.812499999999904,249.99999999999997,0.008343977037471534,0.023662039766115757,-0.004104670774603577
inner,23.999999999999883,249.99999999999997,0.010846042479157485,0.025822765221809048,-0.005256109807094904
inner,24.187499999999908,249.99999999999994,0.013247825172341663,0.028003109275027,-0.006381745062417078
inner,24.374999999999883,250.0,0.015560276559590507,0.030202472095926827,-0.007485484769321459
inner,24.56249999999991,249.99999999999997,0.01779427005379554,0.0324205200939162,-0.008571371382934857
inner,24.749999999999886,249.99999999999997,0.019960650118569144,0.03465720482314942,-0.009643604914150766
inner,24.93749999999991,249.99999999999994,0.022070288834424093,0.03691278764031981,-0.010706571229976316
inner,25.124999999999886,249.99999999999994,0.024134151614366335,0.0391878715752433,-0.011764876410270457
inner,25.312499999999915,249.99999999999994,0.02616337424158007,0.04148344227381097,-0.012823388575419582
inner,25.49999999999989,249.99999999999997,0.028169354065945066,0.043800920398823606,-0.013887289040893765
inner,25.687499999999915,249.99999999999994,0.03016385914913754,0.04614222863133542,-0.014962135255091807
inner,25.874999999999893,249.99999999999994,0.03215916044228437,0.04850987739768498,-0.01605393881241094
inner,26.06249999999992,249.99999999999994,0.034168193896568944,0.05090707478543248,-0.017169263009081902
inner,26.249999999999893,249.99999999999997,0.036204762028161995,0.05333786797815162,-0.018315346085206637
inner,26.437499999999922,249.99999999999997,0.03828378823919685,0.05580732611084774,-0.019500258726607912
inner,26.624999999999947,249.99999999999997,0.04042164280631569,0.05832177808154214,-0.02073310798001997
inner,26.812499999999922,249.99999999999994,0.04263656790009585,0.0608891240110137,-0.02202430512003136
inner,26.99999999999995,249.99999999999994,0.044949242062995325,0.06351924650715801,-0.023385923266230686
inner,27.187499999999925,249.99999999999997,0.047383545225236266,0.06622455879640986,-0.02483218350883084
inner,27.37499999999995,249.99999999999997,0.049967618836002085,0.06902074290294495,-0.0263801291781944
inner,27.562499999999925,249.99999999999994,0.05273537209983085,0.07192775552667456,-0.028050582488918535
inner,27.749999999999954,249.99999999999997,0.05572868249170519,0.07497121595108083,-0.02986953722767257
inner,27.93749999999993,249.99999999999997,0.05900071784069537,0.07818434992528281,-0.03187024710760557
inner,28.124999999999954,249.99999999999997,0.06262113252764433,0.08161074561903932,-0.034096470231523596
inner,28.312499999999932,249.99999999999994,0.06668460325610924,0.08530835996495993,-0.0366077271162468
inner,28.499999999999957,249.99999999999994,0.07132540613439917,0.0893552890130973,-0.03948832195516226
inner,28.687499999999932,249.99999999999994,0.07674486901511093,0.09385896580224598,-0.04286388127725155
inner,28.87499999999996,249.99999999999997,0.08326282349534711,0.09896791341524053,-0.046935081564620285
inner,29.062499999999936,249.99999999999997,0.09144657002057226,0.1049033685197612,-0.052052335046873434
inner,29.24999999999996,250.0,0.10235393375253597,0.11195783837310559,-0.058914312807885214
inner,29.43749999999999,249.99999999999997,0.1187482302724964,0.1208711275350981,-0.0690804005997664
inner,29.624999999999964,249.99999999999994,0.14674318324684238,0.13192960156255118,-0.08679356665973084
inner,29.81249999999994,250.0,0.23558166294672808,0.16403833875829402,-0.12128070673669498
inner,29.999999999999964,249.99999999999997,0.3059403291650519,0.1907280577245403,-0.14454417302057496
mid,-30.000000000000068,274.99999680377374,0.029091854616225047,-1.033673089551046e-05,0.001391244133110669
mid,-29.787799054811394,274.9999968037738,0.02945542013412124,-1.5186136682483406e-05,0.002573865721654853
mid,-29.575598109622717,274.9999968037738,0.0301540419175231,-1.8354930623836613e-05,0.00500636909229149
mid,-29.36339716443394,274.9999968037738,0.030787866179958677,-5.576031297889819e-06,0.0073680494931718885
mid,-29.151196219245268,274.9999968037738,0.031341060223761555,2.9882875806789243e-05,0.009671346220061225
mid,-28.93899527405659,274.99999680377374,0.03180187330855783,9.202418407296999e-05,0.011924156098645512
mid,-28.726794328867918,274.9999968037738,0.032162397843134405,0.0001823158989933231,0.014130775585078638
mid,-28.514593383679244,274.9999968037738,0.03241822919507747,0.0002999538232665512,0.016292776105293925
mid,-28.302392438490568,274.9999968037738,0.03256804767600424,0.0004421724156681915,0.018409778148712985
mid,-28.090191493301894,274.9999968037738,0.032613151796984215,0.0006045836326812855,0.020480105999378998
mid,-27.87799054811322,274.9999968037738,0.03255697124846574,0.0007815232215306275,0.02250131800543549
mid,-27.665789602924544,274.9999968037738,0.032404584465822416,0.0009663865258341896,0.024470616736740867
mid,-27.453588657735768,274.9999968037738,0.032162260531403,0.001151939638475164,0.026385149617547298
mid,-27.241387712547095,274.9999968037738,0.03183703969744506,0.0013305959434918718,0.02824221420380126
mid,-27.029186767358418,274.99999680377374,0.031436361612057075,0.0014946520727196887,0.030039383780290158
mid,-26.816985822169745,274.9999968037738,0.03096774584563141,0.001636480803857942,0.03177456895385837
mid,-26.60478487698107,274.9999968037738,0.03043852569042111,0.001748681269617778,0.03344602991160149
mid,-26.392583931792394,274.99999680377374,0.029855633419179406,0.00182418893775225,0.03505235238556981
mid,-26.18038298660372,274.9999968037738,0.02922543325439069,0.0018563492847843178,0.036592398452335244
mid,-25.968182041415044,274.99999680377374,0.02855359706880617,0.0018389599335534579,0.0380652412832043
mid,-25.75598109622637,274.9999968037738,0.02784501716951711,0.0017662863848266208,0.03947009103621141
mid,-25.543780151037698,274.9999968037738,0.02710375030669899,0.0016330564717031357,0.04080621734215866
mid,-25.33157920584892,274.99999680377374,0.026332987193742233,0.001434438395919035,0.04207287230243225
mid,-25.119378260660245,274.9999968037738,0.02553504217599748,0.001166006751153116,0.043269216653403164
mid,-24.90717731547157,274.9999968037738,0.024711358181141153,0.0008237003814199791,0.04439425072011641
mid,-24.694976370282895,274.9999968037738,0.02386252267892095,0.0004037753544075262,0.045446750987047715
mid,-24.48277542509422,274.9999968037738,0.02298829095710811,-9.724428062540813e-05,0.04642521251877334
mid,-24.270574479905495,274.9999968037738,0.022087613622416923,-0.0006826158052275905,0.04732779703285424
mid,-24.05837353471687,274.9999968037738,0.021158665770873438,-0.0013554255539889835,0.04815228615088268
mid,-23.846172589528198,274.9999968037738,0.020198875757482134,-0.002118633818025715,0.04889603917777113
mid,-23.63397164433952,274.9999968037738,0.019204951915995767,-0.002975116041894297,0.049555954674829414
mid,-23.421770699150848,274.9999968037738,0.018172905930870346,-0.003927699702192384,0.050128435064403024
mid,-23.20956975396207,274.9999968037738,0.017098071853161728,-0.004979196460872377,0.050609353531159876
mid,-22.9973688087734,274.99999680377374,0.01597511996292744,-0.006132429359318032,0.05099402253135801
mid,-22.78516786358472,274.9999968037738,0.014798064862927108,-0.0073902548902613115,0.051277163289975725
mid,-22.572966918396048,274.9999968037738,0.013560267295019801,-0.008755579865280787,0.05145287574549799
mid,-22.36076597320732,274.9999968037738,0.012254429230956512,-0.010231373006518038,0.05151460849669032
mid,-22.148565028018698,274.9999968037738,0.010872581842255345,-0.011820671174659667,0.051455128383360305
mid,-21.936364082830025,274.99999680377374,0.009406065949072753,-0.013526580111804434,0.05126648942689775
mid,-21.724163137641348,274.9999968037738,0.00784550450651728,-0.015352269518523545,0.050940000954387596
mid,-21.511962192452625,274.9999968037738,0.00618076665770019,-0.017300962206030352,0.05046619481352707
mid,-21.2997612472639,274.9999968037738,0.004400922800086242,-0.019375916983135517,0.04983479169048126
mid,-21.087560302075225,274.99999680377374,0.0024941900378012694,-0.021580404815845916,0.04903466664742046
mid,-20.87535935688655,274.9999968037738,0.00044786729515330914,-0.0239176776920046,0.048053814112311743
mid,-20.663158411697875,274.9999968037738,-0.0017517407452473793,-0.026390929516881108,0.04687931267976851
mid,-20.450957466509198,274.9999968037738,-0.004119411816867778,-0.02900324819562714,0.04549729024050328
mid,-20.238756521320525,274.9999968037738,-0.006671107419906027,-0.031757557954223234,0.04389289011864114
mid,-20.02655557613195,274.9999968037738,-0.009424088515493005,-0.03465655079051663,0.042050239098706525
mid,-19.81435463094389,274.9999968037738,-0.012397046849183536,-0.03770260579024228,0.03995241846823776
mid,-19.602153685757454,274.9999968037738,-0.01561025331304746,-0.040897694903111334,0.037581439470381034
mid,-19.389952740578547,274.9999968037738,-0.01908572482834428,-0.044243273596676555,0.03491822488536367
mid,-19.177751795429057,274.9999968037738,-0.022847411331892966,-0.04774015467081401,0.03194259884495396
mid,-18.965550850391523,274.9999968037738,-0.026921404540427935,-0.05138836333378111,0.028633287436042043
mid,-18.753349905762626,274.9999968037738,-0.0313361702211076,-0.05518697147081734,0.024967933175859637
mid,-18.541148962566403,274.9999968037738,-0.03612280578352628,-0.0591339088759482,0.020923127095043022
mid,-18.328948024191394,274.9999968037738,-0.04131532527805866,-0.06322574892696937,0.01647446313919354
mid,-18.116747101392196,274.9999968037738,-0.046950974512426406,-0.06745746572721985,0.011596621363455059
mid,-17.90454622689504,274.9999968037738,-0.05307057996043064,-0.07182215895302929,0.0062634899026602475
mid,-17.69234549617137,274.9999968037738,-0.05971893575968464,-0.07631074159676363,0.00044834216949281953
mid,-17.48014517617176,274.9999968037738,-0.06694523116949717,-0.08091158490841069,-0.005875903790710544
mid,-17.26794598214891,274.99999680377385,-0.0748035131053686,-0.08561011472904115,-0.012736301839233978
mid,-17.055749750906028,274.99999680377385,-0.08335316130764847,-0.09038835426107848,-0.02015930828313159
mid,-16.843561000347805,274.99999680377385,-0.09265932462054027,-0.09522440895273437,-0.02816993789734338
mid,-16.631390348248637,274.9999968037738,-0.10279322449242338,-0.1000918858428428,-0.036790517113801754
mid,-16.419261640885992,274.9999968037738,-0.1138321670326483,-0.10495922885681548,-0.04603884291479957
mid,-16.207225883342172,274.99999680377385,-0.12585899276955673,-0.10978893730754513,-0.05592546535909469
mid,-15.995386430054397,274.9999968037738,-0.13896046668784345,-0.11453664941961479,-0.06644973480402701
mid,-15.783939727811328,274.9999968037738,-0.1532236928513987,-0.11915019319041018,-0.07759434022413056
mid,-15.573231421083939,274.9999968037738,-0.16872886983225305,-0.12356913545263587,-0.08931880134119607
mid,-15.363805823279575,274.99999680377385,-0.18553681329395003,-0.1277260094820648,-0.10155406265536011
mid,-15.156404209666901,274.99999680377385,-0.2036724084579266,-0.13155066398371767,-0.11420230980484464
mid,-14.95185618820385,274.99999680377385,-0.22311157635792303,-0.1349780325679525,-0.12714626641794963
mid,-14.750853108656997,274.99999680377385,-0.24378694217475466,-0.13795612035925256,-0.14026596405135638
mid,-14.553786757623614,274.9999968037738,-0.26561085249508143,-0.1404507048146961,-0.15345615054612238
mid,-14.360638443129739,274.99999680377385,-0.28850727197794884,-0.1424440927247616,-0.16663543290916732
mid,-14.171127937981083,274.99999680377385,-0.31242863773370066,-0.14393040835497373,-0.17974413274704554
mid,-13.9848384005564,274.99999680377385,-0.33735131472142516,-0.14491061658344329,-0.1927373937653682
mid,-13.801307527867662,274.9999968037738,-0.3632682059596222,-0.14538905644968395,-0.20557811044935914
mid,-13.620120464184739,274.99999680377385,-0.3901777496426343,-0.14537191843077812,-0.2182316894901487
mid,-13.440907754854708,274.9999968037738,-0.4180768061390936,-0.14486661330462147,-0.23066340311284989
mid,-13.263370861993351,274.9999968037738,-0.4469571426016591,-0.14388205205392166,-0.24283783151310895
mid,-13.087246572104538,274.9999968037738,-0.47680473748869195,-0.14242861419743075,-0.25471846099878503
mid,-12.91234882200233,274.9999968037738,-0.5075975171430118,-0.1405188507686595,-0.26626862992131567
mid,-12.738484289834362,274.9999968037738,-0.5393081852253906,-0.13816694526211468,-0.27745190870275027
mid,-12.565530243549032,274.99999680377385,-0.5719031469788698,-0.13538952962809583,-0.28823241615031026
mid,-12.393374050153072,274.9999968037738,-0.6053413862313635,-0.1322052357105591,-0.2985756181719057
mid,-12.221913577712705,274.99999680377385,-0.639579036524117,-0.12863453275874956,-0.3084493243730493
mid,-12.051057231570125,274.9999968037738,-0.6745687194285347,-0.12469963284203563,-0.31782305164432734
mid,-11.880761292565898,274.99999680377385,-0.7102567423527956,-0.1204248458612434,-0.32666902937269054
mid,-11.710941682027526,274.99999680377385,-0.7465879981531868,-0.11583529033539265,-0.3349620425450193
mid,-11.54156908931564,274.9999968037738,-0.7835041719270031,-0.1109578488242087,-0.34267995715803584
mid,-11.372596267524688,274.99999680377385,-0.8209437928151656,-0.10582009896635047,-0.3498036783239101
mid,-11.203980870077554,274.9999968037738,-0.8588456892632477,-0.10045019914048943,-0.3563174354691534
mid,-11.03569205661081,274.9999968037738,-0.8971467756940582,-0.09487688088183817,-0.36220858590680977
mid,-10.867701500549924,274.9999968037738,-0.9357828043457512,-0.08912908711788696,-0.36746768377661754
mid,-10.699983254431759,274.9999968037738,-0.974689143231413,-0.08323573563423398,-0.3720884287545104
mid,-10.53252101740799,274.9999968037738,-1.013800495945883,-0.07722563375630342,-0.3760677394262343
mid,-10.365296664358834,274.9999968037738,-1.053052293755105,-0.07112700902914053,-0.37940576732516607
mid,-10.198282223949066,274.9999968037738,-1.0923822069527265,-0.06496712958027809,-0.3821055512391055
mid,-10.031460105948865,274.9999968037738,-1.1317278674724245,-0.05877265744438492,-0.38417277809527517
mid,-9.864838921963866,274.9999968037738,-1.1710263182621832,-0.05256965087439527,-0.38561645528059174
mid,-9.698378826711407,274.9999968037738,-1.210218894298365,-0.0463821107277305,-0.38644739126191463
mid,-9.532086001431729,274.9999968037738,-1.249248009291967,-0.040233356396024315,-0.38667950490818637
mid,-9.365939244206068,274.9999968037738,-1.2880576544638798,-0.034144932090594576,-0.38632838793674984
mid,-9.199937880889191,274.9999968037738,-1.326594602371933,-0.02813701765699357,-0.3854120693021337
mid,-9.034061775004893,274.9999968037738,-1.364808091464476,-0.022227906273682062,-0.38394988538041486
mid,-8.868319875992647,274.9999968037738,-1.4026495015313667,-0.01643456081730084,-0.3819634221393292
mid,-8.702685596624452,274.9999968037738,-1.4400740904522844,-0.010771633798510469,-0.3794747689756687
mid,-8.537167054518571,274.99999680377374,-1.4770391894381083,-0.005252491812053693,-0.3765078798256592
mid,-8.371752927008075,274.9999968037738,-1.513505378769324,0.00011158511437664442,-0.3730871612244218
mid,-8.206431226317388,274.9999968037738,-1.5494370592207423,0.005311173755506569,-0.36923754176862994
mid,-8.041205455500686,274.99999680377374,-1.584800408572204,0.010338311679257417,-0.3649847582045426
mid,-7.8760707404469725,274.9999968037738,-1.619565113085528,0.015186900472255842,-0.36035452819731556
mid,-7.711015447502717,274.99999680377374,-1.6537048703366681,0.01985264096210039,-0.3553722703679373
mid,-7.546036129959539,274.9999968037738,-1.6871956771126446,0.024332632625004725,-0.3500633603514833
mid,-7.381133716568411,274.99999680377374,-1.7200156886183229,0.028625334348143554,-0.34445290123639466
mid,-7.216305804154478,274.99999680377374,-1.7521463021030848,0.03273063939978236,-0.3385652838677108
mid,-7.051543211049791,274.9999968037738,-1.7835721955226018,0.036649791099632276,-0.33242387672447027
mid,-6.886843076857864,274.9999968037738,-1.8142802138559921,0.040385037314546485,-0.3260513343209347
mid,-6.722202652965122,274.99999680377374,-1.844259192573191,0.04393957478867162,-0.31946932121926175
mid,-6.5576192979104695,274.9999968037738,-1.8735000468505048,0.04731743611277326,-0.3126984083434146
mid,-6.393091905305342,274.99999680377374,-1.9019955023574142,0.05052333874360254,-0.305758060523729
mid,-6.228619715618828,274.9999968037738,-1.9297401652315807,0.05356258289817517,-0.298666534812896
mid,-6.0641965824974005,274.99999680377374,-1.95673053704939,0.05644098966853864,-0.2914406355833162
mid,-5.899820304303757,274.99999680377374,-1.982964364829215,0.059164663270365674,-0.28409605166335583
mid,-5.735488762970918,274.99999680377374,-2.008440421339901,0.06173992172500475,-0.27664724578283983
mid,-5.571199920323056,274.9999968037738,-2.033158502949748,0.06417320634090659,-0.269107464445304
mid,-5.406951814519443,274.9999968037738,-2.057119268926306,0.06647099255284211,-0.26148877361165945
mid,-5.242742556616949,274.9999968037738,-2.0803240928083695,0.06863971180870518,-0.253802104879284
mid,-5.078570327247611,274.99999680377374,-2.1027749267757647,0.07068568465902643,-0.24605730996462089
mid,-4.914433373406073,274.99999680377374,-2.1244741795143707,0.07261506489802179,-0.23826322136716788
mid,-4.750330005343832,274.99999680377374,-2.1454246077236236,0.07443379431051159,-0.23042771721449035
mid,-4.586258593564816,274.9999968037738,-2.1656292210325967,0.07614756738297118,-0.2225577884711762
mid,-4.422217565919726,274.9999968037738,-2.185091199797714,0.07776180516411513,-0.21465960690790709
mid,-4.258205404793205,274.9999968037738,-2.203813825051668,0.07928163731859285,-0.20673859245678405
mid,-4.094220644381798,274.9999968037738,-2.2218004196627463,0.0807118913754101,-0.198799478825134
mid,-3.9302618680570327,274.9999968037738,-2.239054299676277,0.08205708811684265,-0.19084637648417083
mid,-3.766327705810757,274.9999968037738,-2.2555787347494163,0.08332144207760853,-0.18288283237584152
mid,-3.6024168317785747,274.9999968037738,-2.271376916537288,0.08450886619656663,-0.17491188590206433
mid,-3.4385279618372837,274.9999968037738,-2.286451933965091,0.08562297970016775,-0.1669361209400125
mid,-3.2746598512730944,274.9999968037738,-2.3008067543670245,0.08666711840379214,-0.15895771378572693
mid,-3.1108112925168716,274.99999680377385,-2.3144442095222235,0.0876443467405075,-0.1509784770660514
mid,-2.946981112942022,274.9999968037738,-2.327366985757782,0.08855747090469651,-0.1429998997437293
mid,-2.7831681727228337,274.99999680377385,-2.3395776173634615,0.08940905262111389,-0.13502318342161418
mid,-2.6193713627484407,274.9999968037738,-2.3510784826794375,0.09020142314948787,-0.127049275189334
mid,-2.4555896025899644,274.99999680377385,-2.361871802313051,0.09093669722426413,-0.11907889727679939
mid,-2.291821838516764,274.9999968037738,-2.371959639026383,0.0916167866981593,-0.11111257379221878
mid,-2.128067041559097,274.99999680377385,-2.3813438989366325,0.09224341371529184,-0.10315065480920174
mid,-1.9643242056132204,274.99999680377385,-2.390026333697897,0.09281812332202698,-0.09519333805373893
mid,-1.8005923455862374,274.99999680377385,-2.3980085434354517,0.09334229541381076,-0.08724068841758613
mid,-1.6368704955775322,274.99999680377385,-2.4052919801956363,0.09381715598756778,-0.0792926555116237
mid,-1.47315770709308,274.99999680377385,-2.411877951753228,0.0942437876417154,-0.07134908944527721
mid,-1.30945304729039,274.99999680377385,-2.4177676252319698,0.09462313933633652,-0.06340975507942821
mid,-1.1457556607107335,274.99999680377385,-2.4229620297307224,0.09495603530682675,-0.05547434787080831
mid,-0.9820649143885135,274.9999968037738,-2.427462063753759,0.09524318241843197,-0.0475425110119374
mid,-0.8183794318822556,274.9999968037738,-2.4312685035893993,0.09548517955601886,-0.03961380256050205
mid,-0.6546983209858142,274.9999968037738,-2.4343819972987695,0.095682521933503,-0.031687760012964555
mid,-0.4910206976393851,274.9999968037738,-2.436803067260634,0.0958356069901891,-0.023763888170704964
mid,-0.32734568428320054,274.99999680377385,-2.4385321168022367,0.0959447391083337,-0.0158416660826839
mid,-0.16367240822241808,274.9999968037738,-2.4395694323975428,0.0960101331505156,-0.007920554021837141
mid,-4.0711099922733015e-13,274.99999680377374,-2.4399151852744576,0.09603191701072125,-6.578435144206887e-13
mid,0.16367240822165474,274.9999968037738,-2.4395694323987445,0.09601013314921897,0.007920554020576991
mid,0.3273456842824372,274.9999968037738,-2.4385321168028864,0.09594473910736581,0.01584166608157745
mid,0.49102069763857087,274.9999968037738,-2.436803067260334,0.09583560699004066,0.023763888169883084
mid,0.6546983209849999,274.99999680377385,-2.434381997298856,0.09568252193271677,0.03168776001235061
mid,0.8183794318814923,274.99999680377385,-2.4312685035893273,0.09548517955523139,0.0396138025592362
mid,0.9820649143876993,274.99999680377385,-2.427462063752244,0.09524318241878979,0.04754251100991238
mid,1.1457556607099701,274.9999968037738,-2.422962029728672,0.0949560353069653,0.05547434786885497
mid,1.309453047289576,274.9999968037738,-2.4177676252299425,0.09462313933557091,0.06340975507779169
mid,1.4731577070923165,274.9999968037738,-2.411877951749777,0.09424378764203312,0.07134908944325416
mid,1.6368704955767688,274.99999680377385,-2.4052919801918207,0.0938171559886459,0.07929265550900105
mid,1.800592345585474,274.99999680377385,-2.3980085434328866,0.09334229541413737,0.08724068841473394
mid,1.9643242056124062,274.9999968037738,-2.3900263336951784,0.09281812332270403,0.0951933380512309
mid,2.128067041558334,274.9999968037738,-2.381343898934363,0.09224341371636012,0.10315065480682903
mid,2.2918218385160007,274.99999680377385,-2.3719596390259854,0.09161678669864083,0.11111257378959136
mid,2.45558960258915,274.99999680377385,-2.3618718023137917,0.0909366972243649,0.11907889727460816
mid,2.6193713627476773,274.99999680377385,-2.3510784826830666,0.09020142314715325,0.12704927518733805
mid,2.7831681727220703,274.9999968037738,-2.339577617365774,0.08940905262011245,0.13502318341953798
mid,2.9469811129412586,274.9999968037738,-2.3273669857577723,0.0885574709065101,0.1429998997414936
mid,3.110811292516108,274.9999968037738,-2.314444209522584,0.08764434674183194,0.15097847706402706
mid,3.274659851272331,274.9999968037738,-2.300806754367026,0.0866671184041436,0.15895771378424361
mid,3.4385279618364697,274.99999680377385,-2.2864519339659566,0.08562297969899613,0.1669361209386581
mid,3.6024168317778114,274.9999968037738,-2.27137691653903,0.08450886619465595,0.17491188590075266
mid,3.7663277058099935,274.9999968037738,-2.2555787347502556,0.083321442077324,0.18288283237435868
mid,3.9302618680562693,274.99999680377385,-2.239054299674905,0.08205708811839928,0.19084637648302974
mid,4.094220644381035,274.99999680377374,-2.221800419659742,0.08071189137777125,0.19879947882419324
mid,4.2582054047924425,274.9999968037738,-2.2038138250490973,0.079281637321056,0.20673859245504878
mid,4.422217565918962,274.99999680377374,-2.185091199796194,0.07776180516600002,0.21465960690572866
mid,4.586258593564053,274.9999968037738,-2.1656292210311547,0.07614756738481147,0.22255778846899857
mid,4.750330005343018,274.99999680377374,-2.145424607722593,0.07443379431183778,0.23042771721203695
mid,4.914433373405309,274.9999968037738,-2.12447417951468,0.07261506489766853,0.2382632213643989
mid,5.078570327246847,274.99999680377374,-2.102774926776147,0.07068568465849545,0.2460573099617831
mid,5.242742556616186,274.99999680377374,-2.080324092807686,0.0686397118093449,0.2538021048767303
mid,5.406951814518629,274.9999968037738,-2.057119268924724,0.06647099255408062,0.2614887736099507
mid,5.5711999203222415,274.99999680377374,-2.0331585029505916,0.06417320634033742,0.26910746444377226
mid,5.735488762970103,274.9999968037738,-2.0084404213421405,0.061739921723442455,0.2766472457810284
mid,5.899820304302943,274.99999680377374,-1.982964364828419,0.059164663271153155,0.28409605166181745
mid,6.0641965824966375,274.99999680377374,-1.9567305370485644,0.0564409896702515,0.29144063558158895
mid,6.228619715618014,274.9999968037738,-1.9297401652330035,0.05356258289915336,0.2986665348105234
mid,6.393091905304528,274.9999968037738,-1.901995502358188,0.0505233387443334,0.30575806052166504
mid,6.557619297909656,274.9999968037738,-1.8735000468497456,0.047317436114714506,0.3126984083415697
mid,6.722202652964358,274.9999968037738,-1.8442591925720253,0.04393957479111686,0.3194693212171643
mid,6.886843076857101,274.99999680377374,-1.8142802138535523,0.040385037317077765,0.326051334318894
mid,7.051543211048976,274.99999680377374,-1.783572195521424,0.036649791100959166,0.33242387672251744
mid,7.2163058041537145,274.9999968037738,-1.7521463021037547,0.03273063940010833,0.3385652838658779
mid,7.381133716567647,274.9999968037738,-1.7200156886177445,0.028625334349749197,0.34445290123487227
mid,7.546036129958725,274.9999968037738,-1.6871956771110441,0.024332632626648275,0.3500633603502318
mid,7.711015447501954,274.99999680377374,-1.6537048703345052,0.01985264096383689,0.35537227036645236
mid,7.876070740446107,274.9999968037738,-1.6195651130840856,0.01518690047427955,0.3603545281953806
mid,8.041205455499922,274.9999968037738,-1.5848004085720597,0.010338311681601174,0.3649847582024079
mid,8.206431226316626,274.9999968037738,-1.5494370592213826,0.005311173757418505,0.3692375417665987
mid,8.371752927007313,274.99999680377374,-1.5135053787700412,0.00011158511574429347,0.37308716122232066
mid,8.537167054517706,274.9999968037738,-1.4770391894378176,-0.005252491809842164,0.37650787982309014
mid,8.702685596623636,274.9999968037738,-1.4400740904508762,-0.010771633796727915,0.3794747689728495
mid,8.868319875991833,274.9999968037738,-1.4026495015298348,-0.016434560816156685,0.38196342213624834
mid,9.034061775004131,274.9999968037738,-1.3648080914612999,-0.022227906270913006,0.38394988537713975
mid,9.199937880888427,274.9999968037738,-1.3265946023685435,-0.028137017654348742,0.38541206929920335
mid,9.365939244205304,274.9999968037738,-1.2880576544619498,-0.03414493208922747,0.3863283879342866
mid,9.532086001430915,274.9999968037738,-1.249248009290959,-0.04023335639440684,0.38667950490575986
mid,9.698378826710591,274.9999968037738,-1.2102188942984229,-0.0463821107263646,0.38644739125960326
mid,9.864838921963052,274.9999968037738,-1.1710263182626781,-0.052569650873758325,0.3856164552786755
mid,10.031460105948051,274.9999968037738,-1.1317278674726017,-0.05877265744314965,0.38417277809336187
mid,10.198282223948302,274.9999968037738,-1.0923822069519158,-0.06496712957829053,0.3821055512371626
mid,10.365296664358018,274.9999968037738,-1.0530522937542985,-0.07112700902759517,0.379405767323411
mid,10.532521017407227,274.9999968037738,-1.013800495943212,-0.07722563375418637,0.3760677394246601
mid,10.699983254430945,274.9999968037738,-0.9746891432268051,-0.08323573563119452,0.3720884287530135
mid,10.86770150054911,274.9999968037738,-0.9357828043405675,-0.08912908711541698,0.3674676837751897
mid,11.035692056610046,274.9999968037738,-0.8971467756885002,-0.09487688088021343,0.3622085859049622
mid,11.20398087007674,274.9999968037738,-0.8588456892557146,-0.10045019913763877,0.3563174354668236
mid,11.372596267523924,274.9999968037738,-0.8209437928068128,-0.10582009896257727,0.3498036783210327
mid,11.541569089314876,274.9999968037738,-0.7835041719197116,-0.11095784882079823,0.34267995715433064
mid,11.710941682026762,274.9999968037738,-0.746587998144779,-0.11583529033152114,0.334962042541268
mid,11.880761292565134,274.9999968037738,-0.7102567423460949,-0.12042484585777419,0.32666902936921305
mid,12.051057231569311,274.9999968037738,-0.6745687194248852,-0.12469963283924916,0.31782305164086355
mid,12.221913577711891,274.99999680377385,-0.639579036520347,-0.12863453275548925,0.3084493243693794
mid,12.393374050152259,274.9999968037738,-0.6053413862276356,-0.13220523570792048,0.2985756181676707
mid,12.565530243548217,274.9999968037738,-0.5719031469734694,-0.13538952962474532,0.2882324161457219
mid,12.738484289833549,274.99999680377385,-0.5393081852187709,-0.1381669452571304,0.2774519086980791
mid,12.912348822001515,274.9999968037738,-0.5075975171376862,-0.1405188507630415,0.2662686299167567
mid,13.087246572103725,274.9999968037738,-0.4768047374840084,-0.1424286141919054,0.25471846099419726
mid,13.263370861992538,274.99999680377385,-0.4469571425973944,-0.14388205204922117,0.24283783150780958
mid,13.440907754853894,274.99999680377385,-0.4180768061350949,-0.14486661330046885,0.23066340310678643
mid,13.620120464183925,274.9999968037738,-0.3901777496376053,-0.1453719184269806,0.2182316894838201
mid,13.801307527866848,274.9999968037738,-0.36326820595289266,-0.14538905644471298,0.20557811044346014
mid,13.984838400555638,274.9999968037738,-0.3373513147156478,-0.14491061657798776,0.19273739376019647
mid,14.17112793798032,274.9999968037738,-0.31242863772924273,-0.14393040835068482,0.1797441327421863
mid,14.360638443128925,274.9999968037738,-0.2885072719726961,-0.1424440927209663,0.1666354329046674
mid,14.5537867576228,274.9999968037738,-0.2656108524896366,-0.14045070481054572,0.15345615054215167
mid,14.750853108656182,274.99999680377385,-0.24378694216949426,-0.13795612035476013,0.1402659640478156
mid,14.951856188203035,274.9999968037738,-0.2231115763529465,-0.13497803256402352,0.12714626641510185
mid,15.156404209666086,274.99999680377385,-0.20367240845487253,-0.131550663980962,0.11420230980221499
mid,15.363805823278762,274.99999680377385,-0.1855368132914315,-0.12772600947884752,0.10155406265210293
mid,15.573231421083177,274.99999680377385,-0.16872886982791993,-0.1235691354482219,0.08931880133761572
mid,15.783939727810514,274.99999680377385,-0.1532236928459918,-0.11915019318670943,0.07759434022095645
mid,15.995386430053635,274.99999680377385,-0.13896046668300066,-0.11453664941568818,0.06644973480114609
mid,16.20722588334141,274.9999968037738,-0.12585899276601947,-0.10978893730313027,0.0559254653561113
mid,16.419261640885228,274.99999680377385,-0.11383216702897922,-0.10495922885276739,0.046038842911670444
mid,16.631390348247923,274.9999968037738,-0.10279322448752583,-0.10009188583904914,0.03679051711049679
mid,16.84356100034704,274.99999680377385,-0.0926593246143175,-0.09522440894845902,0.02816993789408012
mid,17.055749750905314,274.99999680377385,-0.08335316130031026,-0.0903883542558849,0.020159308280057853
mid,17.2679459821482,274.9999968037738,-0.07480351309862528,-0.08561011472446947,0.012736301835937767
mid,17.480145176171046,274.9999968037738,-0.0669452311629724,-0.08091158490433678,0.005875903787198068
mid,17.692345496170656,274.9999968037738,-0.059718935752652275,-0.07631074159347466,-0.0004483421731870771
mid,17.904546226894325,274.9999968037738,-0.05307057995351732,-0.07182215895092718,-0.006263489906802193
mid,18.116747101391482,274.99999680377385,-0.04695097450657251,-0.06745746572516924,-0.01159662136786215
mid,18.328948024190733,274.9999968037738,-0.04131532527249056,-0.06322574892547472,-0.016474463142956378
mid,18.541148962565693,274.9999968037738,-0.036122805777435645,-0.05913390887510253,-0.02092312709789239
mid,18.753349905761965,274.9999968037738,-0.031336170214566306,-0.0551869714696735,-0.02496793317885762
mid,18.965550850390862,274.9999968037738,-0.026921404532393008,-0.05138836333306484,-0.028633287439431963
mid,19.17775179542845,274.9999968037738,-0.02284741132372741,-0.04774015467069607,-0.03194259884818465
mid,19.389952740577936,274.9999968037738,-0.019085724821180056,-0.04424327359482775,-0.03491822488845617
mid,19.602153685756843,274.9999968037738,-0.015610253306457848,-0.04089769490173613,-0.03758143947276657
mid,19.814354630943175,274.9999968037738,-0.012397046842308882,-0.03770260579016621,-0.039952418470129814
mid,20.02655557613134,274.9999968037738,-0.009424088509259293,-0.03465655079015449,-0.0420502391015648
mid,20.238756521319914,274.9999968037738,-0.006671107413082246,-0.0317575579528854,-0.043892890122877136
mid,20.450957466508587,274.9999968037738,-0.004119411807573995,-0.029003248193114877,-0.045497290244982
mid,20.663158411697264,274.9999968037738,-0.0017517407344895958,-0.026390929515927634,-0.04687931268302052
mid,20.87535935688599,274.9999968037738,0.0004478673074600828,-0.02391767769141081,-0.04805381411502074
mid,21.087560302074664,274.9999968037738,0.0024941900512403976,-0.021580404815262324,-0.04903466665005143
mid,21.29976124726339,274.9999968037738,0.004400922813620076,-0.019375916984049855,-0.049834791692710406
mid,21.511962192452064,274.9999968037738,0.006180766671888431,-0.017300962205949417,-0.050466194816758014
mid,21.72416313764079,274.9999968037738,0.007845504520203429,-0.015352269517486878,-0.050940000959024664
mid,21.936364082829463,274.9999968037738,0.009406065960532721,-0.013526580111467682,-0.05126648943196206
mid,22.14856502801814,274.9999968037738,0.010872581852290925,-0.011820671174215397,-0.05145512838848518
mid,22.360765973206863,274.9999968037738,0.012254429241598891,-0.010231373005683407,-0.051514608501835396
mid,22.57296691839554,274.9999968037738,0.013560267307630748,-0.008755579864743346,-0.051452875750807966
mid,22.785167863584263,274.9999968037738,0.014798064877646386,-0.007390254889467915,-0.05127716329559066
mid,22.99736880877294,274.9999968037738,0.01597511997724317,-0.006132429360816989,-0.050994022536768074
mid,23.209569753961663,274.9999968037738,0.017098071868275028,-0.004979196462603655,-0.05060935353662778
mid,23.42177069915034,274.9999968037738,0.018172905948251522,-0.003927699702613877,-0.05012843507029529
mid,23.633971644339066,274.9999968037738,0.01920495193387192,-0.002975116043166904,-0.04955595468178485
mid,23.84617258952774,274.9999968037738,0.02019887577573418,-0.002118633818350462,-0.04889603918598262
mid,24.058373534716466,274.9999968037738,0.02115866578732921,-0.0013554255562120907,-0.04815228615908525
mid,24.27057447990514,274.9999968037738,0.022087613638938793,-0.0006826158088697118,-0.047327797040320536
mid,24.482775425093813,274.9999968037738,0.022988290976421567,-9.724428161593177e-05,-0.04642521252626318
mid,24.69497637028254,274.9999968037738,0.023862522698823132,0.00040377535472849516,-0.04544675099502799
mid,24.907177315471216,274.9999968037738,0.024711358199008365,0.0008237003791362781,-0.044394250727607096
mid,25.11937826065994,274.99999680377374,0.02553504219325148,0.0011660067484853473,-0.0432692166605768
mid,25.331579205848616,274.9999968037738,0.02633298721023312,0.0014344383943155799,-0.0420728723093656
mid,25.54378015103734,274.99999680377374,0.027103750322456436,0.0016330564711368057,-0.04080621734823748
mid,25.755981096226016,274.9999968037738,0.027845017185105868,0.0017662863842508678,-0.03947009104163431
mid,25.96818204141469,274.9999968037738,0.028553597085051556,0.0018389599332379776,-0.03806524128894208
mid,26.180382986603416,274.99999680377374,0.0292254332721821,0.0018563492853536038,-0.03659239845779915
mid,26.39258393179209,274.9999968037738,0.029855633437040084,0.001824188938113135,-0.03505235239006055
mid,26.604784876980816,274.99999680377374,0.030438525707714385,0.0017486812714878393,-0.033446029916331575
mid,26.81698582216949,274.9999968037738,0.030967745862407796,0.0016364808065835587,-0.03177456895795783
mid,27.029186767358215,274.9999968037738,0.03143636162916778,0.0014946520752383199,-0.030039383783207557
mid,27.24138771254689,274.9999968037738,0.03183703971384357,0.0013305959452695215,-0.028242214206629382
mid,27.453588657735615,274.9999968037738,0.03216226054429813,0.0011519396377420092,-0.02638514961988132
mid,27.665789602924292,274.9999968037738,0.03240458447634667,0.0009663865247540702,-0.024470616739221532
mid,27.877990548113015,274.9999968037738,0.03255697125860493,0.0007815232209502602,-0.02250131800813567
mid,28.090191493301692,274.9999968037738,0.032613151807376624,0.0006045836319989691,-0.020480106001185917
mid,28.302392438490415,274.9999968037738,0.0325680476856105,0.0004421724147097364,-0.018409778149984766
mid,28.51459338367909,274.9999968037738,0.032418229203836885,0.0002999538221189241,-0.016292776106974244
mid,28.726794328867765,274.99999680377374,0.032162397851352324,0.0001823158979566532,-0.014130775587580911
mid,28.93899527405649,274.9999968037738,0.031801873313808016,9.202418183767817e-05,-0.011924156100846723
mid,29.151196219245165,274.9999968037738,0.0313410602284019,2.988287594454797e-05,-0.009671346221616035
mid,29.36339716443389,274.99999680377374,0.030787866184774228,-5.576028776972317e-06,-0.0073680494947848596
mid,29.575598109622565,274.9999968037738,0.03015404191957126,-1.8354929718768925e-05,-0.005006369093289074
mid,29.78779905481129,274.9999968037738,0.029455420133523848,-1.518613669133223e-05,-0.0025738657222067673
mid,29.999999999999964,274.9999968037738,0.029091854614937684,-1.0336730444236025e-05,-0.0013912441338725292
outer,-30.000000000000068,299.89566840196926,0.00030011491509356454,-0.00022044058829788705,-3.902230648414178e-05
outer,-30.000000000000068,299.99999999999994,0.00031436653399949155,-0.0002167674826665943,-2.429727645603992e-05
outer,-29.64728422038983,299.8956684019693,0.0001833563058773865,-0.0005672062968820666,-5.3702398477098494e-05
outer,-29.646332451477637,300.0,0.00019137510791937838,-0.0005792347783715483,-3.5492592059414114e-05
outer,-29.294568440779596,299.89566840196926,-1.2926873371918804e-05,-0.00123688892880115,-5.510366994001322e-05
outer,-29.29266490295531,300.0,-1.5447867951495157e-05,-0.0012810233900863437,-3.7562096653760235e-05
outer,-28.941852661169357,299.89566840196926,-0.0001271862314272459,-0.0016582048821378263,-2.4904368104899444e-05
outer,-28.938997354432882,300.0,-0.0001335416599443374,-0.00172748810829904,-1.9313755790854566e-05
outer,-28.58913688155912,299.89566840196926,-0.00017899077898973867,-0.0015594214792199247,1.3318283254216696e-05
outer,-28.58532980591045,299.99999999999994,-0.00018490784416280725,-0.001642569070281198,2.267167445772712e-06
outer,-28.236421101948885,299.89566840196926,-0.00020730484615940993,-0.0008405356908683291,5.409306253754606e-05
outer,-28.231662257388123,299.99999999999994,-0.0002128832144336155,-0.0009300136051109153,2.4836950248954262e-05
outer,-27.883705322338646,299.89566840196926,-0.00022886604115255797,0.0005353363942763359,9.484720121876002e-05
outer,-27.877994708865696,299.99999999999994,-0.0002338331726281912,0.0004467117945016628,4.6892465435178176e-05
outer,-27.53098954272841,299.8956684019692,-0.0002509421439048957,0.002574195006009152,0.0001345224169879267
outer,-27.52432716034337,299.99999999999994,-0.00025537267383422943,0.0024924148850719854,6.802603366011756e-05
outer,-27.178273763118277,299.89566840196926,-0.000276727540243614,0.005267349816704783,0.00017273725084450192
outer,-27.170659611820938,299.9999999999999,-0.0002806700671513921,0.005197649620808516,8.813430746932205e-05
outer,-26.825557983508038,299.89566840196926,-0.0003075758316661891,0.008599695818153643,0.00020939389714427162
outer,-26.81699206329851,300.0,-0.0003110782231487185,0.00854668990942627,0.0001072476650573694
outer,-26.4728422038978,299.89566840196926,-0.0003440644503663079,0.01255381857201571,0.00024452384729638406
outer,-26.463324514776183,299.99999999999994,-0.0003471586854871603,0.012521659423316778,0.0001254408351499146
outer,-26.120126424287566,299.89566840196926,-0.00038644729993563085,0.017112113672317675,0.0002782122223869421
outer,-26.109656966253752,299.99999999999994,-0.0003891549311060196,0.01710460777177946,0.00014279999724730978
outer,-25.76741064467733,299.89566840196926,-0.00043486843332868255,0.022257858658069334,0.000310564115093343
outer,-25.75598941773132,300.0,-0.00043720485874513583,0.022278559633404638,0.00015940955123585569
outer,-25.41469486506709,299.89566840196926,-0.0004894619518597959,0.027975745777824912,0.0003416887684609274
outer,-25.402321869208993,299.99999999999994,-0.0004914408113757419,0.028028028478414513,0.00017534738998706279
outer,-25.061979085456855,299.8956684019693,-0.0005504004851556773,0.03425212849661307,0.00037169225693823964
outer,-25.048654320686566,299.99999999999994,-0.0005520372533947739,0.03433924967369047,0.00019068349457250847
outer,-24.70926330584662,299.8956684019693,-0.0006179191789433009,0.041075112938843514,0.0004006738798648657
outer,-24.69498677216424,299.99999999999994,-0.000619234128460525,0.041200262230442646,0.00020547963996748672
outer,-24.35654752623638,299.89566840196926,-0.0006923283663099761,0.04843456088665281,0.00042872412363210814
outer,-24.341319223641808,299.99999999999994,-0.000693349082973806,0.048600904784310776,0.0002197893431717217
outer,-24.003831746626247,299.89566840196926,-0.0007740215464968267,0.05632203754537028,0.0004559231776767366
outer,-23.98765167511938,300.0,-0.0007747852178489906,0.05653275816942947,0.00023365770645887574
outer,-23.651115967015958,299.8956684019693,-0.0008634823990011989,0.06473072069391439,0.0004823396279529345
outer,-23.633984126597053,300.0,-0.0008640381101427258,0.0649890506115588,0.0002471211007054365
outer,-23.298400187405772,299.89566840196926,-0.0009612932704097521,0.07365527995993511,0.0005080292415859181
outer,-23.280316578074622,299.99999999999994,-0.0009617045459547544,0.07396453392251506,0.0002602067509951851
outer,-22.945684407795536,299.8956684019693,-0.001068147251195757,0.08309173145491378,0.0005330338691570784
outer,-22.926649029552294,299.99999999999994,-0.0010684951075649873,0.08345533574488524,0.0002729323079043687
outer,-22.5929686281853,299.8956684019693,-0.001184865848311751,0.09303727212627302,0.0005573805516480325
outer,-22.572981481029863,299.99999999999994,-0.00118525267509988,0.0934587921480214,0.0002853054987398754
outer,-22.24025284857506,299.8956684019693,-0.0013124244869003945,0.10349009831583096,0.0005810809153558548
outer,-22.219313932507436,299.99999999999994,-0.0013129791201078045,0.10397326514516517,0.00029732393425120976
outer,-21.887537068964825,299.8956684019693,-0.0014519884931335804,0.11444921319303221,0.0006041309112906346
outer,-21.86564638398511,300.0,-0.001452872939362193,0.11499794993399287,0.00030897511991194795
outer,-21.53482128935459,299.89566840196926,-0.0016049625362468747,0.12591422755941725,0.0006265108653703624
outer,-21.511978835462678,300.0,-0.0016063808666297759,0.12653267659915554,0.00032023664953783476
outer,-21.182105509744353,299.8956684019693,-0.0017730566369443049,0.1378851576589197,0.000648185699749039
outer,-21.15831128694035,300.0,-0.0017752666288397487,0.13857771019313983,0.00033107648051981103
outer,-20.829389730134217,299.89566840196926,-0.0019583719536097333,0.15036222106338937,0.0006691050309395666
outer,-20.804643738417923,300.0,-0.001961700114507074,0.15113355053616145,0.0003414530777237426
outer,-20.476673950523928,299.8956684019694,-0.002163509037076919,0.16334562701998895,0.0006892026292273715
outer,-20.450976189895492,300.0,-0.0021683695896972666,0.164200728403834,0.00035131506304881405
outer,-20.123958170913745,299.8956684019693,-0.002391700256198906,0.17683534985517319,0.0007083943789440231
outer,-20.097308641373115,300.0,-0.002398618547175678,0.17777958683944747,0.0003605997529159827
outer,-19.771242391303456,299.8956684019693,-0.0026469660273525097,0.19083086193488294,0.0007265734913525015
outer,-19.743641092850737,300.0,-0.0026566065345590487,0.19187002404587591,0.00036922969900038405
outer,-19.41852661169322,299.8956684019693,-0.0029342915307856154,0.20533078480813396,0.0007436011839611276
outer,-19.389973544328356,300.0,-0.0029474901783586513,0.2064711560565558,0.0003771059752156261
outer,-19.065810832083034,299.8956684019693,-0.0032598163369235086,0.2203323918956292,0.0007592903767332307
outer,-19.03630599580593,300.0,-0.003277616088871449,0.2215808315789288,0.0003840965035966301
outer,-18.713095052472795,299.8956684019693,-0.003631023324804146,0.23583086167515527,0.000773379168958109
outer,-18.682638447283548,300.0,-0.0036547109884688678,0.2371948961860197,0.0003900171770912786
outer,-18.36037927286256,299.8956684019694,-0.0040569063062962304,0.2518181343628959,0.0007854899311315056
outer,-18.32897089876117,300.0,-0.004088047122190859,0.2533060559320724,0.00039460292617805176
outer,-18.007663493252323,299.8956684019694,-0.004548086950978941,0.2682811654576942,0.0007950688635628977
outer,-17.975303350238793,300.00000000000006,-0.004588551812542044,0.2699021293668455,0.00039746526351827627
outer,-17.654947713642088,299.8956684019694,-0.005116842008011491,0.28519929441347774,0.0008012997095288438
outer,-17.621635801716415,300.0,-0.005168820084085535,0.28696339992440967,0.00039803209938099604
outer,-17.3022319340319,299.8956684019694,-0.0057769916923889955,0.3025403532568393,0.000802984141840643
outer,-17.267968253193985,300.0,-0.005842978861744577,0.30445868484905464,0.0003954649448259101
outer,-16.949516154421662,299.8956684019694,-0.0065435901058370355,0.3202550259060757,0.0007983800765513777
outer,-16.914300704671607,300.00000000000006,-0.006626341033145154,0.3223396199180466,0.0003885478828923178
outer,-16.596800374811426,299.8956684019694,-0.007432349780951905,0.3382688313131519,0.0007849876996872118
outer,-16.560633156149226,300.00000000000006,-0.0075347787270314895,0.34053251824750363,0.0003755418569075658
outer,-16.24408459520119,299.8956684019694,-0.008458725539704504,0.35647093734669477,0.000759271221925123
outer,-16.20696560762685,300.0000000000001,-0.008583738201272256,0.3589269913092542,0.0003539968093163176
outer,-15.891368815591004,299.8956684019693,-0.009636579069799554,0.3746988088490398,0.0007163017715328401
outer,-15.853298059104471,300.00000000000006,-0.009786814903589722,0.3773603120226554,0.000320512591727648
outer,-15.538653035980767,299.8956684019693,-0.01097634502072798,0.3927174363466099,0.0006493025058381119
outer,-15.49963051058204,300.00000000000006,-0.011153806274976294,0.39559623697745483,0.0002704367447580458
outer,-15.185937256370531,299.8956684019694,-0.012482622795151797,0.41019154853712086,0.0005490690825368238
outer,-15.145962962059663,300.00000000000006,-0.012688162635746819,0.413296653056172,0.0001974817008021934
outer,-14.833221476760293,299.8956684019694,-0.014151124911252609,0.4266487172167843,0.0004032234467178236
outer,-14.792295413537284,300.0,-0.014383760024231348,0.42998390762370764,9.323332355824776e-05
outer,-14.480505697150107,299.8956684019694,-0.015964926111978216,0.44143048393814965,0.00019522777742488062
outer,-14.438627865014906,300.0,-0.016220930415018077,0.4449908773522782,-5.3500789933783044e-05
outer,-14.127789917539923,299.8956684019694,-0.0178899684341952,0.4536273110024555,-9.697472703211474e-05
outer,-14.084960316492579,300.00000000000006,-0.018161670532230986,0.45739447734730665,-0.00025759605894509763
outer,-13.775074137929838,299.8956684019694,-0.019869883755237946,0.4619906240100191,-0.0005029759047390087
outer,-13.731292767970352,300.00000000000006,-0.02014408952114844,0.46592563750591875,-0.0005389884054198268
outer,-13.422358358320466,299.8956684019693,-0.021820123881833207,0.4648103968962346,-0.0010631024939981165
outer,-13.377625219448737,300.00000000000006,-0.022075794951497026,0.46884401097695305,-0.0009248713410448528
outer,-13.069642578713792,299.8956684019694,-0.023623399803775057,0.459734345846732,-0.0018344797166029853
outer,-13.023957670929972,300.00000000000006,-0.02382880888350455,0.463751813120702,-0.0014542080872300966
outer,-12.716926799119229,299.8956684019693,-0.02512420507917406,0.4434836426870221,-0.002901990214565095
outer,-12.670290122423369,300.0,-0.025229715903207696,0.447303397836544,-0.002185221176012428
outer,-12.364211019574334,299.8956684019693,-0.026173508956245047,0.4112994186301142,-0.004414955975378693
outer,-12.316622573966688,300.0,-0.026111364870944523,0.4146203608326316,-0.0032269388450228698
outer,-12.011495240226328,299.8956684019694,-0.02659699375324102,0.3559098072192924,-0.006636467528187057
outer,-11.962955025708016,300.00000000000006,-0.026215450461612968,0.3582715553541074,-0.00476293740989818
outer,-11.658779461626947,299.8956684019694,-0.028837979111769316,0.2614779906911006,-0.010865849714452813
outer,-11.609287478202345,300.0,-0.028187122671227076,0.2614654806348552,-0.007928235935369968
outer,-11.306063685761062,299.8956684019693,-0.08869382309792444,0.09430125336586682,-0.03369439839545803
outer,-11.255619933445795,300.0,-0.09369082557133182,0.08577492043986099,-0.030773135059052725
outer,-10.953347919477503,299.8956684019694,-0.3779761849147171,-0.13200611397561052,-0.11475597017561001
outer,-10.901952398326884,300.0,-0.3946589845424528,-0.14454586454771393,-0.1151146364568705
outer,-10.600632185441714,299.8956684019694,-0.7730472280274631,-0.31198404632048593,-0.18902191807669852
outer,-10.548284895641439,300.00000000000006,-0.7984093773028876,-0.32615956477227087,-0.18885812696557597
outer,-10.247916555586647,299.8956684019694,-1.0281241003303243,-0.4068616759309759,-0.20563372231108065
outer,-10.1946174977369,300.0,-1.04926831149969,-0.42128639048862193,-0.2032678974920181
outer,-9.895201248806728,299.89566840196926,-1.182053157305524,-0.46077768806429265,-0.21304756227987764
outer,-9.840950424768767,300.0,-1.1938175339739285,-0.46921630068645703,-0.21187667070720045
outer,-9.542486903676421,299.8956684019693,-1.2950286103095587,-0.4970810517466432,-0.22085489189933516
outer,-9.487284318989959,300.0,-1.3035835250332561,-0.5032425014048783,-0.2199924122166891
outer,-9.189775305732105,299.8956684019693,-1.392002469459564,-0.5263867903303914,-0.22694161922651845
outer,-9.133620976223023,300.0,-1.399514973741,-0.531725961532462,-0.22605828588490917
outer,-8.837071239043167,299.8956684019693,-1.4803713096792832,-0.5511807274279648,-0.23123098177584234
outer,-8.779965208097284,300.0,-1.4873134958032743,-0.5559401006159101,-0.23030404480754896
outer,-8.484386989328858,299.89566840196926,-1.5626156721554871,-0.5721059586391634,-0.2338037151456926
outer,-8.426329371107068,300.0,-1.569208185448233,-0.5764272446981187,-0.23281076570649406
outer,-8.13175277523599,299.89566840196926,-1.6398864050384805,-0.589617914496692,-0.23476671542673633
outer,-8.072743857981635,300.0,-1.6462162136515244,-0.593569649296206,-0.23369982256268135
outer,-7.779239615257177,299.89566840196926,-1.7127872796265817,-0.6040721248164286,-0.23423212496090046
outer,-7.7192800963343,299.99999999999994,-1.7188950634175715,-0.6076992966017691,-0.23308598805386918
outer,-7.42700700860459,299.8956684019693,-1.781702187735828,-0.6157930361282467,-0.23231079113085096
outer,-7.366098504214393,299.99999999999994,-1.7876088361798204,-0.6191300352875847,-0.23108169486130742
outer,-7.075396110015113,299.89566840196926,-1.8468873307347318,-0.625095361494585,-0.22910954485847015
outer,-7.0135422016700995,299.99999999999994,-1.8526049485482672,-0.6281733124887183,-0.2277937295378644
outer,-6.725098220318544,299.89566840196926,-1.9084758840817913,-0.632302773478041,-0.2247301967098254
outer,-6.662306471951621,300.0,-1.9140122270862778,-0.6351544079439535,-0.22332290656489462
outer,-6.377427301757888,299.89566840196926,-1.9664464583287824,-0.6377579623005117,-0.21927566524664052
outer,-6.313712846726489,299.99999999999994,-1.9718076326555103,-0.6404215442835317,-0.2177711398949772
outer,-6.034695246461891,299.89566840196926,-2.020589272697296,-0.6418132766411659,-0.2128690461315689
outer,-5.970086536385707,299.99999999999994,-2.025781938598933,-0.6443346596145315,-0.2112621588269849
outer,-5.700542771951263,299.89566840196926,-2.070508462005958,-0.6447956359218204,-0.20568511740882392
outer,-5.635089231759744,299.99999999999994,-2.0755406843978967,-0.6472262026884018,-0.20397470169328002
outer,-5.3799280031274685,299.8956684019693,-2.1156878044188066,-0.6469498269295132,-0.1979777162159466
outer,-5.313707620331622,300.0,-2.1205666094974576,-0.6493387808929474,-0.1961706880420104
outer,-5.078399890627517,299.8956684019693,-2.1555804867294523,-0.6483556592364502,-0.19006351993518608
outer,-5.011522618926483,300.0,-2.1602890424354007,-0.6507219124876423,-0.1881756647553304
outer,-4.800582625541946,299.89566840196926,-2.1899190433247364,-0.6490270583200265,-0.18227249177827098
outer,-4.733185057502759,299.99999999999994,-2.194427673224447,-0.6513614258489154,-0.18032537845319419
outer,-4.549096728162916,299.8956684019693,-2.2188198461061384,-0.6489687180183634,-0.1748625744498641
outer,-4.481330552548292,300.0,-2.2230804265037425,-0.6512287870674772,-0.17287554468530525
outer,-4.323817174568372,299.89566840196926,-2.242893780050642,-0.6483197184847401,-0.16797974596910525
outer,-4.25583335990793,300.0,-2.2468839705008725,-0.6504702748640449,-0.16596529383290945
outer,-4.122869625375337,299.8956684019693,-2.2630861693451148,-0.6473540606983963,-0.1616740715777667
outer,-4.054808342574167,300.0,-2.2668391696650145,-0.6494035884834995,-0.1596371896191551
outer,-3.9434659762048447,299.8956684019693,-2.280203827924846,-0.6462497070178953,-0.1559083175814018
outer,-3.87545133456012,300.0,-2.2837494948589407,-0.6482101511679724,-0.1538490492258906
outer,-3.782514047871252,299.8956684019694,-2.2949404077316307,-0.645148272363991,-0.1506241201997266
outer,-3.7146523433693717,300.0,-2.2983194164841425,-0.6470451844460886,-0.14854353892406794
outer,-3.6372390189114014,299.8956684019694,-2.307808302662003,-0.6441201051621904,-0.14575718308677776
outer,-3.5696205624506696,300.0,-2.3110516373451357,-0.645976381658915,-0.14365611031361103
outer,-3.5051697394134615,299.8956684019693,-2.3191636657557013,-0.6431825093905968,-0.14124580309725063
outer,-3.4378706061837128,300.00000000000006,-2.322289575972419,-0.6450138942536854,-0.13912667867576878
outer,-3.3843093963446016,299.8956684019693,-2.3292614274008714,-0.6423294904527921,-0.13704015897400604
outer,-3.317394158369459,299.99999999999994,-2.332275596490486,-0.6441425784235679,-0.1349060748083694
outer,-3.272897448857718,299.89566840196926,-2.338327453298292,-0.6415665165106508,-0.13310115382408938
outer,-3.206420536102741,300.00000000000006,-2.341244328686793,-0.6433736393014591,-0.13095677370015654
outer,-3.169689386911345,299.8956684019694,-2.346497740071231,-0.6408694845873265,-0.12939446901275733
outer,-3.103698060014906,300.0,-2.3493133876905605,-0.6426696941867335,-0.12724241738199157
outer,-3.0733921498424857,299.8956684019693,-2.35389874067039,-0.6402277556437544,-0.12588799895707822
outer,-3.007926220427206,300.0,-2.356614107366005,-0.6420219143859764,-0.12373244626729321
outer,-2.983184826895402,299.8956684019693,-2.3606781580141227,-0.6396587510603737,-0.12256839421396386
outer,-2.918279377511852,300.00000000000006,-2.36331180746809,-0.6414593905398801,-0.12041380340276756
outer,-2.898314056299505,299.8956684019694,-2.3668767999262403,-0.6391263217509485,-0.1194072263078586
outer,-2.833999829559842,300.00000000000006,-2.3694173366972944,-0.6409256889459597,-0.11725430321068522
outer,-2.8180967141129263,299.8956684019693,-2.372560183432609,-0.6386245825072114,-0.11638720328843108
outer,-2.7544005173142425,300.0,-2.3750051701948776,-0.6404207412677244,-0.11423941971196018
outer,-2.741920156459517,299.8956684019693,-2.3778355892504033,-0.6381747838987871,-0.11349971630148825
outer,-2.6788652676029163,300.00000000000006,-2.3802049286110782,-0.6399791028413184,-0.11136153331357129
outer,-2.6694919615328585,299.8956684019694,-2.382724016432616,-0.6377531670953167,-0.11072996268296083
outer,-2.6070999740467493,300.00000000000006,-2.385010254869641,-0.639559336682476,-0.10860096354327341
outer,-2.6002497571921936,299.8956684019693,-2.3872641992559855,-0.6373551103264694,-0.10806174908758309
outer,-2.538539024812544,300.0,-2.3894682283709074,-0.6391629469245012,-0.10594428462819794
outer,-2.533997495063665,299.8956684019694,-2.3915217122224592,-0.6369951951929685,-0.10549509133017862
outer,-2.472985242138295,300.00000000000006,-2.393658304342498,-0.6388126657132048,-0.10339234937151863
outer,-2.4704191575102805,299.8956684019693,-2.3954912850873074,-0.6366482201511997,-0.10301344822789192
outer,-2.410120787884277,300.00000000000006,-2.397548320809465,-0.6384661725542652,-0.10092455550719223
outer,-2.409231503437421,299.8956684019693,-2.399214274800382,-0.6363228705247973,-0.100612149639325
outer,-2.350228252694756,299.8956684019694,-2.4027209375316474,-0.6360198404085361,-0.09828577733726276
outer,-2.349660789271219,300.00000000000006,-2.4011994045304723,-0.6381456151439968,-0.09854010448723262
outer,-2.2932199389657355,299.89566840196943,-2.4060261565899923,-0.635733582425143,-0.09602707653630621
outer,-2.291397777817738,300.0,-2.404638391394916,-0.6378480741822778,-0.09623193288733385
outer,-2.238033008958728,299.8956684019694,-2.409152610029745,-0.6354655132219337,-0.09383156208436609
outer,-2.2351411957367406,300.0,-2.40787635606924,-0.6375661518393545,-0.09399200534386333
outer,-2.1845584321350175,299.8956684019694,-2.4121159923158833,-0.6352141211990346,-0.09169572936097771
outer,-2.1807164899373235,300.00000000000006,-2.410940274777576,-0.6373040631956325,-0.0918165735469425
outer,-2.132674976056364,299.8956684019694,-2.4149140380526135,-0.6349705052039342,-0.0896130379526891
outer,-2.1280140017816747,300.00000000000006,-2.4138442253037318,-0.6370591791996437,-0.08970165903155693
outer,-2.0821955504756215,299.8956684019694,-2.417561442488902,-0.6347367067946972,-0.08757870188112316
outer,-2.07691180044022,300.00000000000006,-2.416577738588076,-0.6368183773988706,-0.08763987813027538
outer,-2.0330025006423478,299.8956684019694,-2.4201004336107244,-0.634526427940489,-0.08559440558815964
outer,-2.0272217178832563,300.00000000000006,-2.4191614766061638,-0.6365874063671214,-0.08562786658782968
outer,-1.9851534265040096,299.8956684019694,-2.422509726379175,-0.6343212158402155,-0.08365499453324479
outer,-1.978825421579306,300.00000000000006,-2.421652999513316,-0.6363873401619322,-0.08366854206044702
outer,-1.9383818172287846,299.8956684019694,-2.4247966449450082,-0.6341218424463813,-0.08175277659764613
outer,-1.9317808432954715,300.00000000000006,-2.4240043538215583,-0.6361847008875333,-0.08175201818859751
outer,-1.8927290169204098,299.8956684019694,-2.4269870672916896,-0.6339376352447395,-0.07989246811916215
outer,-1.8858199368941775,300.00000000000006,-2.4262339286900225,-0.6359885928591593,-0.07987381296793408
outer,-1.8480532135341443,299.8956684019694,-2.429076861900231,-0.6337602965843769,-0.07806677906198786
outer,-1.8409842846527844,300.00000000000006,-2.4283758981442913,-0.6358114910762295,-0.078039473940262
outer,-1.8043498979534445,299.8956684019694,-2.4310724715480814,-0.633590735692231,-0.07627576891143067
outer,-1.7971312575809806,300.00000000000006,-2.430414004179247,-0.6356378943620038,-0.07623919087841091
outer,-1.7614843844980774,299.8956684019694,-2.432986375886263,-0.6334309830968751,-0.07451625225981466
outer,-1.7542563205863015,300.00000000000006,-2.4323597700663293,-0.6354727918423366,-0.07447428203462864
outer,-1.7195165327647552,299.8956684019694,-2.4348160899856666,-0.6332772173689764,-0.07278840730775038
outer,-1.7122240120962708,300.00000000000006,-2.4342280888773273,-0.6353186509077182,-0.0727417481850687
outer,-1.6782685103034787,299.8956684019694,-2.4365657864654744,-0.6331290492178668,-0.07108669407428192
outer,-1.6710945365444587,300.00000000000006,-2.4360105931361375,-0.6351687997239304,-0.07104073171792609
outer,-1.6377946129565284,299.8956684019694,-2.438251327264891,-0.6329912792766825,-0.06941477903099294
outer,-1.6306890370304623,300.00000000000006,-2.437713651014484,-0.635024435950631,-0.06936635522991916
outer,-1.59801910745927,299.8956684019694,-2.4398585295242015,-0.6328550463890058,-0.06776651769396405
outer,-1.591062122181826,300.00000000000006,-2.4393593237462845,-0.6348929054780064,-0.06772297466140775
outer,-1.5588618118710391,299.8956684019694,-2.441404427533499,-0.6327271289670398,-0.06614233786263765
outer,-1.5521376224526497,300.00000000000006,-2.440919729933682,-0.634758629630425,-0.06610222074656696
outer,-1.5203461568675027,299.8956684019694,-2.442895073874395,-0.632606830492647,-0.06454271622662511
outer,-1.5138348939932131,300.00000000000006,-2.442425715965513,-0.6346360569062793,-0.06450710579273873
outer,-1.4824395412651774,299.8956684019694,-2.44432007515452,-0.6324883162329246,-0.06296402691401878
outer,-1.4761775024575987,300.00000000000006,-2.443879111247809,-0.6345208189583929,-0.06293677055922917
outer,-1.445064151721349,299.8956684019694,-2.4456860156829836,-0.6323746074600041,-0.06140507762283465
outer,-1.4391326588546909,300.00000000000006,-2.445262631935333,-0.634404837456075,-0.061386738790679574
outer,-1.4081969344358771,299.8956684019694,-2.4470045425860087,-0.632268440077083,-0.059866432412778
outer,-1.4026221015776046,300.00000000000006,-2.446589168666874,-0.6342948424512488,-0.059857296871820134
outer,-1.3718441014928537,299.8956684019694,-2.4482753022683816,-0.6321670132565855,-0.058347090979988844
outer,-1.366622644018755,300.00000000000006,-2.4478729575066924,-0.6341936093825099,-0.05834896094040465
outer,-1.3359895789153122,299.8956684019694,-2.4494925401081877,-0.6320676908264103,-0.056845231888570574
outer,-1.3311405340484608,300.00000000000006,-2.449109617045407,-0.6340961860021047,-0.05685974516141699
outer,-1.300571953813148,299.8956684019694,-2.4506602957101364,-0.6319722361741091,-0.0553597126179139
outer,-1.296159605091443,300.0,-2.4502907578920192,-0.6339996734625148,-0.055387798482518694
outer,-1.2655720940190487,299.8956684019694,-2.451785482204837,-0.6318820617088633,-0.05389061190386984
outer,-1.2616180904725918,300.00000000000006,-2.451423691017589,-0.6339075694355547,-0.05393277977635318
outer,-1.2309716150401149,299.8956684019694,-2.4528685170445543,-0.6317958633368348,-0.05243668404817508
outer,-1.2274967478085532,300.0,-2.4525167761152575,-0.6338212703924879,-0.05249472243241268
outer,-1.196752849088825,299.8956684019694,-2.453911102763009,-0.6317134267320249,-0.050997241836209836
outer,-1.1937770866978248,300.00000000000006,-2.4535683109386563,-0.6337384729883725,-0.05107184266203796
outer,-1.1629083959283486,299.8956684019694,-2.4549150959978028,-0.6316344803656697,-0.0495719393152439
outer,-1.160441337572947,300.00000000000006,-2.454580641278202,-0.6336595134822599,-0.04966359385402083
outer,-1.1294331753285125,299.8956684019694,-2.4558784644624745,-0.6315580556499979,-0.04816009716943807
outer,-1.1274820575661046,300.0000000000001,-2.4555556279530872,-0.6335839574062587,-0.048269635979427655
outer,-1.0962860765306126,299.8956684019694,-2.4568028605489958,-0.6314847096050387,-0.04676071279115257
outer,-1.0948941371810346,300.0000000000001,-2.456489594523996,-0.6335103399825448,-0.04688917542960156
outer,-1.0634523735706467,299.8956684019694,-2.4576925344715495,-0.6314151021661651,-0.04537366287305722
outer,-1.062636228829791,300.0,-2.45738535479673,-0.6334399037651276,-0.04552148760773272
outer,-1.030917899457123,299.8956684019694,-2.458547959741593,-0.6313485202340425,-0.04399807011674546
outer,-1.0306935217155488,300.0,-2.4582482762638893,-0.6333734565881959,-0.04416646409572177
outer,-0.9990517672341905,300.00000000000006,-2.459077653105059,-0.6333097429969505,-0.042822948001634276
outer,-0.9986690215619145,299.8956684019694,-2.4593698907862622,-0.6312847471590145,-0.04263334851935993
outer,-0.9676972542231796,300.00000000000006,-2.4598743714483704,-0.6332487605439948,-0.04149040875257459
outer,-0.9666926178342369,299.8956684019694,-2.4601592549489824,-0.6312237080581957,-0.0412790089797331
outer,-0.9366167850387512,300.00000000000006,-2.4606393490716365,-0.6331904334960663,-0.04016837891397278
outer,-0.9349760538101249,299.8956684019694,-2.460916965519165,-0.6311653249361043,-0.039934593605735945
outer,-0.9057976524327195,300.00000000000006,-2.461373497999333,-0.6331346824114836,-0.038856405531421556
outer,-0.9035071603879881,299.8956684019694,-2.461643899573564,-0.6311095175549084,-0.03859966024504409
outer,-0.8752276172003031,300.00000000000006,-2.462077690270173,-0.6330814238267538,-0.037554042776293775
outer,-0.8722742123431749,299.8956684019693,-2.462340888653179,-0.6310562051232894,-0.0372737786863413
outer,-0.8448948865705201,300.0,-2.462752751547315,-0.6330305760649831,-0.03626085385846703
outer,-0.8412659075522847,299.8956684019694,-2.463008717440317,-0.6310053089587913,-0.035956530255723755
outer,-0.8147880933111658,300.00000000000006,-2.4633994593759856,-0.6329820605891735,-0.03497641298832393
outer,-0.8104713469002038,299.8956684019694,-2.4636481244232,-0.6309567536712558,-0.034647508067591565
outer,-0.7848962755199237,300.00000000000006,-2.464018544240061,-0.6329358025686406,-0.03370030650770085
outer,-0.7798800148422351,299.8956684019694,-2.464259803533585,-0.630910467629606,-0.03334631721410422
outer,-0.7552088570744889,300.0,-2.46461069158626,-0.6328917309702592,-0.03243213328917712
outer,-0.7494817605932796,299.8956684019694,-2.46484440616181,-0.6308663830442425,-0.032052574740590485
outer,-0.725715628713509,300.00000000000006,-2.4651765441961655,-0.6328497785106717,-0.03117150467807634
outer,-0.7192667799183213,299.8956684019694,-2.465402543308694,-0.6308244359061329,-0.03076590942996424
outer,-0.6964067297221868,300.0,-2.4657167046024138,-0.6328098815784631,-0.02991804417885041
outer,-0.6892255974967857,299.8956684019694,-2.465934787730914,-0.6307845658628489,-0.02948596145440773
outer,-0.6672726301947086,300.00000000000006,-2.466231737398551,-0.6327719801303107,-0.028671387012475645
outer,-0.6593490498347684,299.8956684019694,-2.466441675989416,-0.6307467160693487,-0.028212381945182184
outer,-0.6383041138485624,300.00000000000006,-2.466722171361553,-0.632736017556041,-0.02743117961389151
outer,-0.6296282686995863,299.8956684019694,-2.4669237103871056,-0.6307108330470207,-0.026944832517195177
outer,-0.6094922613632658,300.00000000000006,-2.4671885014364543,-0.6327019405690967,-0.026197079106291342
outer,-0.600054665051005,299.8956684019694,-2.46738136078104,-0.6306768665529037,-0.02568298477258891
outer,-0.5808284342191785,300.0,-2.467631190544281,-0.6326696990815106,-0.024968752771764302
outer,-0.5706199134446127,299.8956684019694,-2.4678150662499214,-0.6306447694494101,-0.024426519797996305
outer,-0.5523042590109053,300.00000000000006,-2.4680506712463437,-0.6326392460898012,-0.02374587752672422
outer,-0.5413159368819479,299.8956684019693,-2.4682252366282014,-0.6306144975740529,-0.023175127663823587
outer,-0.5239116122104034,300.0,-2.4684473472677797,-0.6326105375547268,-0.022528139406454928
outer,-0.5121348920840221,299.8956684019694,-2.4686122539455084,-0.6305860096370017,-0.021928506928781958
outer,-0.4956426053553683,300.0,-2.4688215949076615,-0.6325835322922054,-0.021315233058691745
outer,-0.4830691551644222,299.8956684019693,-2.4689764737338127,-0.6305592671040577,-0.02068636415127266
outer,-0.4674895706399471,300.0,-2.4691737643332403,-0.6325581918606864,-0.020106861246170324
outer,-0.4541113076777187,299.8956684019693,-2.4693182262253175,-0.6305342340840301,-0.019448413409133728
outer,-0.4394450468829454,300.00000000000006,-2.469504180769011,-0.6325344804554603,-0.018902734358507298
outer,-0.42525412302190685,299.8956684019694,-2.4696378174824622,-0.630510877245526,-0.0182143758262483
outer,-0.4115017658514422,300.00000000000006,-2.469813145610029,-0.6325123648208418,-0.017702569931040912
outer,-0.3964905531703034,299.8956684019693,-2.469935530407996,-0.6304891657178093,-0.016983979106988414
outer,-0.383652638916811,299.99999999999994,-2.4701009374107894,-0.6324918141401161,-0.016506092171067775
outer,-0.3678137157121857,299.8956684019693,-2.470211625670411,-0.6304690710046678,-0.01575695707973617
outer,-0.3558907440205013,300.0,-2.4703678128104123,-0.6324727999570163,-0.015313031490099183
outer,-0.33921688117988386,299.8956684019694,-2.4704663425391375,-0.6304505669276546,-0.014533049261476713
outer,-0.3282093129278002,300.0,-2.4706140073322387,-0.6324552960964903,-0.01412312405043166
outer,-0.3106934606400381,299.8956684019693,-2.470699899632765,-0.6304336296288189,-0.013312000490602608
outer,-0.3006017187481503,300.0,-2.4708397360530343,-0.63243927864246,-0.012936111367191508
outer,-0.2822369935287656,299.8956684019694,-2.4709124958280726,-0.6304182378531555,-0.012093560851832618
outer,-0.2730614636999882,300.0,-2.4710451941752107,-0.6324247261506694,-0.011751740206661428
outer,-0.25384113570951705,299.89566840196926,-2.4711043133351995,-0.6304043744518519,-0.010877486929323842
outer,-0.2455821670994944,300.0,-2.4712305604980553,-0.6324116222934963,-0.010569764354362354
outer,-0.2254996477320468,299.8956684019693,-2.471275524789301,-0.6303920241817459,-0.009663537631779654
outer,-0.21815755355259306,300.0,-2.471396012094529,-0.6323999588385995,-0.009389940832488357
outer,-0.19720680774011276,299.8956684019693,-2.4714262695261806,-0.6303811575136993,-0.008451466196216902
outer,-0.1907818682407402,300.0,-2.4715416867209052,-0.6323897013618712,-0.008212016030450915
outer,-0.16895838205264702,299.89566840196926,-2.4715566184851956,-0.6303717585317019,-0.007241129800458318
outer,-0.16345085309361135,300.0,-2.471667627873502,-0.6323808140149401,-0.007035850220403444
outer,-0.1407451641462498,299.89566840196926,-2.4716667156764864,-0.630363827053446,-0.006032201421349676
outer,-0.13615524855116684,300.0,-2.4717739968885755,-0.6323733136572915,-0.005861112535861096
outer,-0.11256118637238004,299.8956684019693,-2.47175670218966,-0.6303573534246104,-0.004824404638509399
outer,-0.10888905258678436,300.0,-2.471860948865228,-0.6323672023833753,-0.004687516260451386
outer,-0.08440053557231923,299.89566840196926,-2.4718266207961643,-0.6303523277736406,-0.0036175121576137413
outer,-0.08164631797734326,300.0,-2.471928505508923,-0.6323624574873684,-0.0035148354436047116
outer,-0.05625734206283431,299.8956684019693,-2.47187652276817,-0.6303487427105933,-0.002411298056738307
outer,-0.05442114122583595,300.0,-2.471976720340178,-0.6323590729180899,-0.00234284196118493
outer,-0.028125768699954784,299.8956684019693,-2.4719064478424806,-0.6303465935454975,-0.001205536050715929
outer,-0.027207651561839425,300.0,-2.4720056331593963,-0.6323570439740753,-0.0011713065258146076
outer,-5.088887490341627e-14,299.99999999999994,-2.472015268090625,-0.6323563679596715,-5.67138702587101e-13
outer,-5.088887490341627e-14,299.89566840196926,-2.4719164201722483,-0.6303458774648742,-6.482587899688653e-13
outer,0.027207651561737645,300.0,-2.472005633159068,-0.6323570439748901,0.0011713065252471414
outer,0.028125768699853008,299.8956684019693,-2.471906447843507,-0.6303465935475178,0.0012055360500872487
outer,0.054421141225785064,300.0,-2.4719767203393532,-0.6323590729192945,0.0023428419610184497
outer,0.05625734206278342,299.8956684019693,-2.4718765227685644,-0.6303487427130172,0.002411298056686584
outer,0.08164631797729237,299.99999999999994,-2.471928505505393,-0.6323624574863252,0.0035148354432775622
outer,0.08440053557221745,299.89566840196926,-2.471826620793203,-0.6303523277733923,0.0036175121573960413
outer,0.10888905258673347,300.0,-2.4718609488617047,-0.6323672023820608,0.004687516260156868
outer,0.11256118637227826,299.8956684019694,-2.471756702186811,-0.6303573534240644,0.004824404638266825
outer,0.13615524855111594,300.0,-2.4717739968909673,-0.6323733136611912,0.005861112535837812
outer,0.14074516414614802,299.8956684019694,-2.471666715676768,-0.6303638270552928,0.006032201421328938
outer,0.16345085309350957,300.0,-2.471667627875177,-0.6323808140175751,0.007035850220825575
outer,0.16895838205254524,299.89566840196926,-2.4715566184858564,-0.6303717585332146,0.007241129800657632
outer,0.19078186824063842,300.00000000000006,-2.4715416867189948,-0.6323897013604041,0.008212016031129829
outer,0.19720680774001098,299.8956684019693,-2.471426269524172,-0.6303811575119799,0.008451466196451922
outer,0.21815755355254218,300.0,-2.471396012095282,-0.6323999588388386,0.009389940832617467
outer,0.22549964773199593,299.8956684019693,-2.4712755247902094,-0.6303920241820589,0.00966353763156585
outer,0.24558216709939262,300.0,-2.4712305605000244,-0.6324116222945176,0.01056976435416552
outer,0.25384113570941524,299.89566840196926,-2.4711043133369204,-0.6304043744527433,0.010877486928954188
outer,0.27306146369988643,300.0,-2.4710451941724627,-0.6324247261468134,0.01175174020620799
outer,0.2822369935287147,299.89566840196926,-2.4709124958267545,-0.6304182378507298,0.01209356085129458
outer,0.3006017187480994,300.00000000000006,-2.4708397360484056,-0.6324392786374831,0.012936111366717556
outer,0.31069346063993636,299.89566840196926,-2.4706998996309495,-0.6304336296264477,0.013312000490094074
outer,0.3282093129277493,300.0,-2.470614007331481,-0.6324552960964978,0.014123124050301196
outer,0.3392168811797821,299.89566840196926,-2.470466342538284,-0.6304505669275884,0.014533049261300777
outer,0.3558907440203995,300.0,-2.470367812809619,-0.6324727999562857,0.015313031489818073
outer,0.3678137157121348,299.8956684019693,-2.47021162567129,-0.6304690710057056,0.015756957079336456
outer,0.38365263891676016,300.0,-2.4701009374087834,-0.6324918141385283,0.016506092171169245
outer,0.39649055317020165,299.8956684019693,-2.469935530408456,-0.6304891657186784,0.016983979106868528
outer,0.4115017658513404,300.0,-2.469813145607712,-0.6325123648199776,0.017702569931226514
outer,0.4252541230218051,299.8956684019693,-2.4696378174810723,-0.6305108772455157,0.018214375826390263
outer,0.4394450468828436,300.00000000000006,-2.469504180765685,-0.6325344804543762,0.018902734358260658
outer,0.45411130767766783,299.8956684019693,-2.469318226222479,-0.6305342340831495,0.019448413409028024
outer,0.4674895706398453,300.0,-2.4691737643312126,-0.6325581918612071,0.020106861245789268
outer,0.4830691551643205,299.8956684019693,-2.468976473731692,-0.6305592671042639,0.020686364150879703
outer,0.4956426053553174,300.0,-2.4688215949078147,-0.6325835322948163,0.0213152330583917
outer,0.5121348920839712,299.8956684019694,-2.468612253945313,-0.6305860096392701,0.02192850692829473
outer,0.5239116122103016,300.0,-2.468447347267163,-0.6326105375570331,0.022528139406303084
outer,0.5413159368818461,299.8956684019693,-2.468225236627388,-0.6306144975760865,0.023175127663489177
outer,0.5523042590108544,300.00000000000006,-2.4680506712455466,-0.6326392460912248,0.02374587752658337
outer,0.5706199134445109,299.8956684019693,-2.46781506624813,-0.630644769449837,0.024426519797738903
outer,0.5808284342190767,300.0,-2.4676311905441355,-0.632669699082552,0.02496875277168715
outer,0.6000546650509032,299.8956684019693,-2.467381360780423,-0.6306768665537043,0.025682984772511304
outer,0.609492261363164,300.0,-2.4671885014355976,-0.6327019405700166,0.026197079106350753
outer,0.6296282686994845,299.8956684019694,-2.466923710385427,-0.6307108330473986,0.02694483251740041
outer,0.6383041138485116,300.0,-2.466722171359477,-0.6327360175563862,0.027431179613758964
outer,0.6593490498346667,299.8956684019693,-2.466441675986004,-0.6307467160683509,0.028212381945313936
outer,0.6672726301946578,300.0,-2.466231737399865,-0.6327719801328373,0.02867138701208526
outer,0.689225597496684,299.8956684019693,-2.465934787730636,-0.6307845658638821,0.02948596145431489
outer,0.696406729722085,300.00000000000006,-2.4657167046062187,-0.6328098815820753,0.02991804417864148
outer,0.7192667799182195,299.8956684019694,-2.46540254331076,-0.6308244359085395,0.03076590943000758
outer,0.7257156287134072,300.0,-2.46517654419806,-0.632849778512152,0.031171504678186503
outer,0.7494817605931778,299.8956684019694,-2.4648444061642008,-0.6308663830464272,0.032052574740935216
outer,0.7552088570743871,300.0,-2.4646106915896784,-0.6328917309730279,0.032432133289231
outer,0.7798800148421333,299.8956684019694,-2.464259803537605,-0.63091046763286,0.033346317214431945
outer,0.7848962755198728,300.00000000000006,-2.464018544243869,-0.6329358025721334,0.03370030650763442
outer,0.810471346900102,299.8956684019694,-2.463648124426886,-0.6309567536746896,0.034647508067762456
outer,0.8147880933110639,300.0000000000001,-2.4633994593777437,-0.6329820605913162,0.03497641298835312
outer,0.8412659075521829,299.8956684019694,-2.463008717443088,-0.6310053089620543,0.03595653025584403
outer,0.8448948865704692,300.00000000000006,-2.4627527515474648,-0.6330305760662485,0.036260853858736564
outer,0.8722742123430731,299.8956684019694,-2.4623408886545586,-0.63105620512578,0.03727377868647347
outer,0.8752276172002013,300.00000000000006,-2.4620776902726886,-0.6330814238310332,0.037554042776547794
outer,0.9035071603878863,299.8956684019694,-2.4616438995752015,-0.6311095175581862,0.03859966024502129
outer,0.9057976524326178,300.00000000000006,-2.4613734980020565,-0.6331346824162585,0.03885640553112425
outer,0.9349760538100231,299.8956684019693,-2.460916965520856,-0.6311653249395833,0.039934593605423216
outer,0.9366167850386494,300.0,-2.460639349070133,-0.6331904334967509,0.040168378913342725
outer,0.966692617834186,299.8956684019694,-2.4601592549473463,-0.6312237080587515,0.04127900897933603
outer,0.9676972542230778,300.0,-2.4598743714503324,-0.6332487605471406,0.04149040875210177
outer,0.9986690215618128,299.8956684019693,-2.4593698907872525,-0.6312847471613015,0.042633348519205055
outer,0.9990517672340887,300.00000000000006,-2.459077653111635,-0.6333097430043932,0.04282294800117792
outer,1.030693521715447,300.00000000000006,-2.458248276268807,-0.6333734565943155,0.04416646409536113
outer,1.0309178994570214,299.8956684019693,-2.4585479597480124,-0.6313485202413421,0.04399807011666429
outer,1.0626362288296893,300.0000000000001,-2.4573853547967817,-0.6334399037665834,0.04552148760756497
outer,1.0634523735705448,299.8956684019694,-2.4576925344787868,-0.6314151021743115,0.045373662872983014
outer,1.0948941371809326,300.00000000000006,-2.4564895945171874,-0.6335103399780715,0.04688917542941339
outer,1.096286076530511,299.8956684019694,-2.456802860551554,-0.6314847096085255,0.04676071279109217
outer,1.1274820575660027,300.0,-2.4555556279520427,-0.6335839574072075,0.048269635979066146
outer,1.1294331753284108,299.8956684019693,-2.455878464459278,-0.6315580556488942,0.04816009716914645
outer,1.160441337572845,300.00000000000006,-2.4545806412847555,-0.6336595134884571,0.04966359385387476
outer,1.162908395928247,299.8956684019693,-2.454915095998034,-0.6316344803674809,0.04957193931484504
outer,1.193777086697723,300.00000000000006,-2.453568310943091,-0.6337384729916776,0.05107184266203441
outer,1.1967528490887231,299.8956684019693,-2.453911102766959,-0.6317134267354779,0.050997241836049104
outer,1.2274967478084513,300.0000000000001,-2.45251677612064,-0.6338212703976203,0.05249472243192616
outer,1.230971615040013,299.8956684019694,-2.4528685170464657,-0.6317958633379313,0.05243668404809852
outer,1.2616180904724899,300.00000000000006,-2.4514236910216183,-0.6339075694385384,0.05393277977620106
outer,1.2655720940189468,299.8956684019694,-2.451785482207532,-0.6318820617112862,0.05389061190356864
outer,1.296159605091341,300.00000000000006,-2.4502907578911253,-0.6339996734602116,0.055387798483025844
outer,1.3005719538130462,299.8956684019694,-2.450660295712232,-0.6319722361754562,0.05535971261781193
outer,1.3311405340483589,300.00000000000006,-2.4491096170456728,-0.634096186001585,0.05685974516175708
outer,1.3359895789152103,299.8956684019694,-2.4494925401081233,-0.632067690825405,0.05684523188896864
outer,1.3666226440186022,300.0000000000001,-2.4478729575068168,-0.6341936093819502,0.05834896094072247
outer,1.3718441014927518,299.8956684019694,-2.4482753022687875,-0.6321670132563445,0.05834709098056557
outer,1.4026221015775029,300.0,-2.4465891686658874,-0.634294842450068,0.05985729687219636
outer,1.4081969344357754,299.8956684019694,-2.447004542585805,-0.6322684400763893,0.05986643241341639
outer,1.439132658854589,300.0,-2.4452626319329807,-0.6344048374545896,0.061386738790890384
outer,1.4450641517211962,299.8956684019694,-2.4456860156824276,-0.6323746074594525,0.061405077623388274
outer,1.476177502457497,300.00000000000006,-2.443879111244424,-0.6345208189569889,0.0629367705592685
outer,1.4824395412650246,299.8956684019694,-2.4443200751527954,-0.6324883162323648,0.06296402691438077
outer,1.5138348939931114,300.00000000000006,-2.442425715963245,-0.634636056906849,0.06450710579256475
outer,1.5203461568674008,299.8956684019694,-2.4428950738743187,-0.632606830494521,0.0645427162268943
outer,1.5521376224525478,300.0,-2.440919729936673,-0.6347586296356283,0.06610222074651165
outer,1.5588618118709372,299.8956684019694,-2.441404427536243,-0.6327271289721054,0.06614233786269515
outer,1.5910621221817243,300.00000000000006,-2.4393593237487075,-0.6348929054818839,0.06772297466151808
outer,1.5980191074591172,299.8956684019694,-2.4398585295308988,-0.6328550463973612,0.06776651769397751
outer,1.6306890370303098,300.0,-2.437713651014574,-0.6350244359518892,0.06936635522987973
outer,1.6377946129564265,299.8956684019694,-2.4382513272675403,-0.6329912792804571,0.06941477903113463
outer,1.671094536544357,300.00000000000006,-2.43601059313736,-0.635168799725387,0.07104073171792061
outer,1.678268510303377,299.8956684019694,-2.4365657864647243,-0.6331290492180063,0.07108669407436607
outer,1.7122240120961183,300.0000000000001,-2.4342280888757397,-0.6353186509057049,0.07274174818531805
outer,1.7195165327646027,299.8956684019694,-2.434816089987708,-0.6332772173709952,0.0727884073078798
outer,1.7542563205861996,300.00000000000006,-2.4323597700663346,-0.6354727918411422,0.07447428203514199
outer,1.7614843844979757,299.8956684019694,-2.4329863758865726,-0.6334309830965665,0.07451625226019316
outer,1.797131257580828,300.00000000000006,-2.4304140041823024,-0.6356378943633473,0.07623919087907302
outer,1.8043498979533428,299.8956684019694,-2.431072471548348,-0.633590735691258,0.07627576891210319
outer,1.8409842846526319,300.00000000000006,-2.4283758981515153,-0.6358114910819187,0.0780394739407662
outer,1.8480532135339918,299.8956684019694,-2.42907686190334,-0.6337602965858892,0.07806677906277829
outer,1.8858199368940247,300.0,-2.426233928699033,-0.6359885928669744,0.07987381296831386
outer,1.8927290169203081,299.8956684019693,-2.4269870672988656,-0.6339376352505866,0.07989246811978334
outer,1.9317808432953187,300.00000000000006,-2.424004353828511,-0.6361847008932444,0.08175201818904637
outer,1.9383818172286829,299.8956684019694,-2.42479664495302,-0.6341218424532883,0.08175277659814989
outer,1.9788254215791534,300.00000000000006,-2.4216529995160343,-0.6363873401635751,0.08366854206073161
outer,1.9851534265038568,299.8956684019694,-2.422509726384477,-0.6343212158442512,0.08365499453383023
outer,2.0272217178831036,300.0,-2.419161476607715,-0.6365874063680977,0.08562786658779056
outer,2.033002500642195,299.8956684019694,-2.4201004336116316,-0.6345264279403542,0.0855944055886833
outer,2.076911800440067,300.00000000000006,-2.416577738588799,-0.6368183773992346,0.08763987813034249
outer,2.082195550475469,299.8956684019694,-2.417561442489448,-0.6347367067946195,0.08757870188124298
outer,2.1280140017814713,300.00000000000006,-2.413844225302516,-0.6370591791984211,0.08970165903171051
outer,2.1326749760562116,299.8956684019694,-2.4149140380533396,-0.6349705052042368,0.0896130379525186
outer,2.1807164899371707,300.0000000000001,-2.4109402747796627,-0.6373040631979779,0.091816573546918
outer,2.184558432134865,299.8956684019694,-2.412115992316736,-0.6352141211999248,0.09169572936060243
outer,2.235141195736588,300.00000000000006,-2.407876356070075,-0.6375661518408033,0.09399200534374673
outer,2.238033008958576,299.8956684019694,-2.409152610033583,-0.6354655132261543,0.09383156208392501
outer,2.2913977778175347,300.00000000000006,-2.404638391395517,-0.6378480741829916,0.09623193288750778
outer,2.2932199389655317,299.8956684019694,-2.4060261565907473,-0.6357335824265612,0.09602707653609162
outer,2.3496607892710664,300.00000000000006,-2.401199404536711,-0.638145615149693,0.0985401044876792
outer,2.3502282526945524,299.8956684019694,-2.4027209375322314,-0.6360198404093146,0.09828577733749345
outer,2.4092315034372174,299.8956684019694,-2.399214274807306,-0.6363228705314082,0.10061214963977193
outer,2.4101207878840736,300.00000000000006,-2.397548320818541,-0.6384661725633816,0.10092455550734698
outer,2.470419157510077,299.8956684019694,-2.395491285093586,-0.6366482201578733,0.10301344822816294
outer,2.4729852421380913,300.00000000000006,-2.3936583043501436,-0.6388126657213749,0.10339234937172478
outer,2.5339974950634616,299.8956684019694,-2.3915217122269445,-0.6369951951984645,0.10549509133041579
outer,2.5385390248123403,300.00000000000006,-2.3894682283783,-0.6391629469329144,0.10594428462859617
outer,2.60024975719199,299.8956684019694,-2.3872641992619483,-0.6373551103338371,0.10806174908781505
outer,2.607099974046546,300.00000000000006,-2.385010254878227,-0.6395593366926209,0.10860096354341041
outer,2.669491961532655,299.8956684019694,-2.382724016438357,-0.6377531671028889,0.11072996268311827
outer,2.678865267602713,300.0,-2.380204928618536,-0.6399791028506888,0.11136153331345634
outer,2.741920156459313,299.8956684019693,-2.377835589255415,-0.6381747839060508,0.11349971630154976
outer,2.754400517313988,300.00000000000006,-2.3750051701987416,-0.6404207412743825,0.11423941971171239
outer,2.818096714112672,299.8956684019693,-2.372560183435578,-0.638624582513227,0.11638720328833978
outer,2.8339998295595876,300.00000000000006,-2.369417336701084,-0.6409256889529938,0.11725430321064474
outer,2.8983140562992507,299.8956684019694,-2.3668767999301665,-0.6391263217582438,0.11940722630780917
outer,2.9182793775115976,300.00000000000006,-2.3633118074738375,-0.6414593905493202,0.12041380340260777
outer,2.983184826895097,299.8956684019693,-2.3606781580204537,-0.6396587510702811,0.12256839421373844
outer,3.0079262204269006,300.0,-2.3566141073728426,-0.6420219143959305,0.1237324462671085
outer,3.07339214984218,299.8956684019693,-2.353898740677919,-0.6402277556539759,0.12588799895698136
outer,3.103698060014601,300.00000000000006,-2.349313387698455,-0.6426696941959108,0.12724241738224973
outer,3.16968938691104,299.8956684019693,-2.3464977400780422,-0.6408694845951326,0.12939446901315838
outer,3.2064205361023848,300.0,-2.34124432869157,-0.6433736393068313,0.13095677370048972
outer,3.272897448857413,299.8956684019694,-2.3383274533026097,-0.6415665165154337,0.13310115382448207
outer,3.3173941583691535,300.0,-2.332275596490826,-0.6441425784246614,0.13490607480858674
outer,3.384309396344245,299.8956684019694,-2.3292614274047363,-0.6423294904570694,0.13704015897424063
outer,3.437870606183306,300.0,-2.322289575971348,-0.645013894253093,0.1391266786761006
outer,3.5051697394131054,299.8956684019693,-2.3191636657582104,-0.6431825093932334,0.14124580309764714
outer,3.5696205624502624,300.0,-2.3110516373468353,-0.6459763816603625,0.14365611031388498
outer,3.637239018910994,299.89566840196926,-2.3078083026652294,-0.6441201051649109,0.14575718308721528
outer,3.7146523433689134,300.0,-2.2983194164908167,-0.6470451844514591,0.14854353892435684
outer,3.782514047870794,299.8956684019694,-2.2949404077367186,-0.6451482723678325,0.15062412020019234
outer,3.875451334559611,300.0,-2.283749494863733,-0.6482101511717041,0.15384904922631426
outer,3.943465976204387,299.8956684019693,-2.2802038279282173,-0.6462497070204233,0.1559083175817767
outer,4.054808342573607,300.0,-2.2668391696659342,-0.6494035884847509,0.15963718961926912
outer,4.122869625374777,299.8956684019693,-2.263086169345504,-0.6473540606992536,0.16167407157771385
outer,4.25583335990732,300.0,-2.2468839705055386,-0.6504702748689966,0.16596529383293795
outer,4.323817174567761,299.8956684019694,-2.24289378005274,-0.6483197184873793,0.1679797459690963
outer,4.481330552547631,299.99999999999994,-2.2230804265062143,-0.6512287870710455,0.17287554468513622
outer,4.5490967281622545,299.8956684019693,-2.218819846106216,-0.6489687180198243,0.1748625744496469
outer,4.733185057501996,299.99999999999994,-2.1944276732259205,-0.6513614258527324,0.1803253784529032
outer,4.800582625541182,299.8956684019693,-2.189919043322636,-0.6490270583206947,0.182272491777899
outer,5.011522618925668,300.0,-2.160289042436338,-0.6507219124918991,0.18817566475511097
outer,5.078399890626702,299.8956684019693,-2.1555804867293644,-0.6483556592398584,0.190063519934978
outer,5.313707620330705,299.99999999999994,-2.1205666094940336,-0.6493387808937248,0.19617068804165602
outer,5.379928003126553,299.8956684019693,-2.115687804418193,-0.6469498269328643,0.19797771621562804
outer,5.635089231758828,299.99999999999994,-2.075540684396471,-0.647226202690393,0.20397470169307372
outer,5.700542771950297,299.8956684019693,-2.0705084620054954,-0.6447956359246643,0.20568511740871592
outer,5.970086536384689,300.0,-2.02578193860186,-0.6443346596197433,0.21126215882714908
outer,6.034695246460873,299.89566840196926,-2.020589272698757,-0.6418132766450125,0.2128690461318437
outer,6.313712846725471,299.99999999999994,-1.9718076326573988,-0.6404215442870148,0.21777113989540559
outer,6.37742730175687,299.8956684019693,-1.9664464583297285,-0.637757962303038,0.21927566524711464
outer,6.662306471950603,299.9999999999999,-1.9140122270887303,-0.6351544079468365,0.22332290656521933
outer,6.725098220317526,299.8956684019693,-1.9084758840825564,-0.6323027734793073,0.22473019671021394
outer,7.013542201669031,299.99999999999994,-1.8526049485536995,-0.6281733124941473,0.22779372953789734
outer,7.075396110014044,299.8956684019693,-1.8468873307385894,-0.6250953614985824,0.2291095448585096
outer,7.3660985042133245,300.0,-1.787608836179273,-0.619130035288499,0.23108169486127916
outer,7.427007008603572,299.89566840196926,-1.7817021877378194,-0.6157930361315498,0.2323107911306408
outer,7.719280096333282,299.99999999999994,-1.7188950634198918,-0.6076992966050114,0.2330859880544825
outer,7.779239615256159,299.89566840196926,-1.7127872796305335,-0.6040721248211769,0.2342321249612938
outer,8.072743857980617,299.99999999999994,-1.6462162136591558,-0.5935696493042312,0.2336998225633832
outer,8.131752775234972,299.89566840196926,-1.6398864050446353,-0.5896179145033716,0.23476671542731056
outer,8.426329371106101,300.0,-1.5692081854536903,-0.5764272447040311,0.23281076570728754
outer,8.48438698932789,299.8956684019693,-1.5626156721601419,-0.572105958644354,0.23380371514647263
outer,8.779965208096266,300.0,-1.4873134958097507,-0.555940100622545,0.23030404480881833
outer,8.83707123904215,299.8956684019693,-1.4803713096836975,-0.5511807274327828,0.2312309817771754
outer,9.133620976222005,300.0,-1.3995149737464498,-0.5317259615393278,0.22605828588591054
outer,9.189775305731088,299.8956684019693,-1.392002469463125,-0.5263867903355005,0.22694161922758416
outer,9.48728431898894,300.0,-1.303583525035697,-0.5032425014087042,0.2199924122179651
outer,9.542486903675455,299.8956684019693,-1.2950286103110822,-0.4970810517495185,0.22085489190032503
outer,9.840950424767698,300.0,-1.1938175339760955,-0.4692163006889815,0.21187667070862032
outer,9.895201248805762,299.8956684019693,-1.1820531573085895,-0.4607776880675513,0.21304756228071323
outer,10.194617497735932,300.0,-1.0492683115046095,-0.4212863904917601,0.2032678974925729
outer,10.247916555585629,299.8956684019693,-1.0281241003384134,-0.40686167593660844,0.20563372231130156
outer,10.548284895640421,300.0,-0.7984093773216907,-0.3261595647826623,0.18885812696827592
outer,10.600632185440697,299.8956684019693,-0.7730472280470597,-0.3119840463315673,0.1890219180792445
outer,10.901952398325866,300.0,-0.3946589845765781,-0.14454586457347482,0.11511463646486067
outer,10.953347919476485,299.8956684019694,-0.37797618494617674,-0.13200611399972975,0.11475597018301185
outer,11.255619933444878,300.0,-0.09369082559356362,0.08577492041124621,0.030773135065638606
outer,11.306063685760096,299.89566840196926,-0.08869382311834359,0.09430125333878825,0.03369439840153036
outer,11.609287478201328,300.00000000000006,-0.028187122676557097,0.2614654806164897,0.007928235936770438
outer,11.658779461625981,299.8956684019693,-0.028837979117238906,0.2614779906730201,0.010865849716145543
outer,11.962955025707048,300.0,-0.026215450466273264,0.35827155534060917,0.004762937410336121
outer,12.01149524022536,299.8956684019694,-0.026596993757969953,0.3559098072056459,0.006636467529153839
outer,12.31662257396572,300.00000000000006,-0.026111364869375566,0.41462036082275605,0.0032269388453375764
outer,12.364211019573366,299.8956684019693,-0.026173508956851936,0.41129941861789676,0.004414955976046631
outer,12.670290122422351,300.0,-0.025229715901163748,0.447303397823642,0.002185221176315588
outer,12.716926799118262,299.8956684019694,-0.025124205076615863,0.44348364267447316,0.0029019902146522475
outer,13.023957670929004,300.0,-0.023828808885839728,0.46375181310510905,0.0014542080872844837
outer,13.069642578712825,299.8956684019694,-0.023623399801729807,0.45973434583546235,0.0018344797159180193
outer,13.37762521944777,300.00000000000006,-0.022075794952193428,0.4688440109680373,0.0009248713406304759
outer,13.422358358319448,299.8956684019694,-0.021820123881107427,0.46481039688879217,0.0010631024928689642
outer,13.731292767969386,300.00000000000006,-0.02014408952298246,0.4659256374986476,0.0005389884047544841
outer,13.775074137928872,299.8956684019694,-0.01986988375781918,0.46199062400196594,0.0005029759037196574
outer,14.08496031649156,300.00000000000006,-0.01816167053372858,0.45739447734173244,0.00025759605988676104
outer,14.127789917538905,299.8956684019694,-0.01788996843732011,0.4536273109951337,9.697472779467142e-05
outer,14.43862786501399,300.00000000000006,-0.016220930415065817,0.4449908773433339,5.3500791304395e-05
outer,14.480505697149141,299.8956684019694,-0.015964926113588303,0.4414304839275758,-0.00019522777662933644
outer,14.792295413536369,300.0,-0.01438376002275811,0.42998390760995703,-9.323332377743354e-05
outer,14.833221476759379,299.8956684019694,-0.014151124910142143,0.4266487172027373,-0.0004032234478613117
outer,15.145962962058798,300.0,-0.012688162633250968,0.4132966530471536,-0.0001974817006136914
outer,15.185937256369614,299.8956684019693,-0.012482622793826087,0.41019154852720485,-0.0005490690829727946
outer,15.499630510581175,300.0,-0.011153806275652323,0.39559623696848445,-0.00027043674474257207
outer,15.538653035979902,299.8956684019694,-0.010976345022323732,0.39271743633677886,-0.0006493025058003782
outer,15.853298059103606,300.0000000000001,-0.009786814909989353,0.3773603120059901,-0.00032051259183714376
outer,15.89136881559014,299.8956684019694,-0.009636579074139354,0.37469880883412665,-0.0007163017716936976
outer,16.206965607626035,300.00000000000006,-0.008583738202871706,0.35892699129386474,-0.00035399680918657417
outer,16.244084595200377,299.8956684019693,-0.008458725539503463,0.35647093733285934,-0.0007592712216640263
outer,16.560633156148413,300.0,-0.007534778727009903,0.3405325182360984,-0.0003755418567853025
outer,16.596800374810613,299.8956684019694,-0.007432349782150946,0.33826883130075297,-0.0007849876982599785
outer,16.914300704670843,300.00000000000006,-0.006626341038202796,0.3223396199056414,-0.00038854788341448343
outer,16.94951615442085,299.8956684019694,-0.006543590111158688,0.32025502589376276,-0.0007983800755045484
outer,17.26796825319322,300.0000000000001,-0.005842978862759092,0.30445868483971217,-0.0003954649455060605
outer,17.302231934031138,299.8956684019694,-0.005776991692702224,0.3025403532482033,-0.0008029841416000993
outer,17.62163580171565,300.0,-0.005168820079310528,0.28696339991252706,-0.00039803209980660004
outer,17.654947713641373,299.8956684019693,-0.005116842004384871,0.28519929440042335,-0.000801299709758535
outer,17.97530335023808,300.00000000000006,-0.00458855180560664,0.26990212935226904,-0.0003974652644207072
outer,18.00766349325161,299.8956684019694,-0.00454808694642473,0.26828116544111275,-0.0007950688647847398
outer,18.32897089876046,300.0,-0.004088047125285668,0.2533060559251244,-0.00039460292535112296
outer,18.36037927286185,299.8956684019694,-0.004056906311309567,0.25181813435433115,-0.0007854899298136014
outer,18.682638447282887,300.00000000000006,-0.00365471098754927,0.23719489618030268,-0.00039001717632359406
outer,18.713095052472084,299.8956684019694,-0.003631023326613775,0.23583086166667716,-0.0007733791671801216
outer,19.036305995805265,300.0,-0.0032776160874244537,0.22158083156378663,-0.00038409650364047004
outer,19.065810832082374,299.8956684019693,-0.0032598163359922605,0.22033239188017087,-0.000759290376496656
outer,19.389973544327695,300.0,-0.002947490182218411,0.20647115604779903,-0.00037710597327537954
outer,19.41852661169261,299.8956684019693,-0.0029342915332732436,0.20533078480075975,-0.0007436011822201105
outer,19.743641092850073,300.0,-0.0026566065348769263,0.19187002403654782,-0.00036922969823070806
outer,19.771242391302845,299.8956684019694,-0.0026469660274568707,0.19083086192578175,-0.0007265734906978655
outer,20.097308641372504,300.0,-0.0023986185512781463,0.17777958682297162,-0.00036059975345736905
outer,20.12395817091308,299.8956684019693,-0.0023917002602072412,0.17683534983885094,-0.0007083943791910408
outer,20.450976189894934,300.0,-0.0021683695923870178,0.1642007283867994,-0.0003513150629354325
outer,20.47667395052332,299.8956684019693,-0.002163509037918114,0.16334562700475524,-0.0006892026289867653
outer,20.80464373841731,300.0,-0.0019617001129714484,0.15113355052370842,-0.00034145307652734547
outer,20.829389730133556,299.89566840196926,-0.001958371951003089,0.15036222105194763,-0.0006691050302035928
outer,21.15831128693974,300.0,-0.0017752666306886725,0.1385777101816295,-0.00033107648039683996
outer,21.182105509743792,299.8956684019693,-0.0017730566383044565,0.1378851576481237,-0.0006481856999372981
outer,21.51197883546217,299.99999999999994,-0.0016063808696579855,0.1265326765856862,-0.0003202366510589652
outer,21.53482128935408,299.89566840196926,-0.001604962537833727,0.12591422754735032,-0.0006265108672457095
outer,21.865646383984547,299.99999999999994,-0.0014528729299271813,0.11499794992995739,-0.00030897511903566974
outer,21.887537068964317,299.8956684019693,-0.0014519884842672318,0.11444921318794044,-0.0006041309108080484
outer,22.219313932506978,300.0,-0.0013129791146619246,0.10397326513846797,-0.0002973239334451809
outer,22.240252848574553,299.89566840196926,-0.001312424482090905,0.10349009830851193,-0.000581080914224829
outer,22.572981481029355,299.99999999999994,-0.0011852526797357307,0.09345879214131037,-0.00028530550046858283
outer,22.592968628184792,299.89566840196926,-0.0011848658517214783,0.0930372721206795,-0.0005573805531955793
outer,22.926649029551786,300.0,-0.001068495113511394,0.08345533573701348,-0.0002729323095768191
outer,22.945684407795028,299.89566840196926,-0.0010681472543957841,0.08309173144939605,-0.0005330338712438085
outer,23.280316578074213,300.0,-0.000961704542259665,0.07396453391167022,-0.000260206750656012
outer,23.298400187405313,299.89566840196926,-0.0009612932659045711,0.07365527994959892,-0.0005080292414869486
outer,23.633984126596594,299.99999999999994,-0.0008640381082615847,0.06498905059868286,-0.0002471211004000731
outer,23.651115967015553,299.89566840196926,-0.0008634823969720581,0.06473072068104185,-0.00048233962761445523
outer,23.98765167511902,299.99999999999994,-0.0007747852172919692,0.05653275815829942,-0.00023365770697994677
outer,24.00383174662579,299.8956684019693,-0.000774021547247707,0.05632203753284615,-0.000455923177906015
outer,24.341319223641403,300.0,-0.0006933490827834253,0.048600904771905394,-0.00021978934407438679
outer,24.356547526236024,299.8956684019692,-0.0006923283677791724,0.04843456087266588,-0.0004287241245153634
outer,24.69498677216383,300.0,-0.0006192341326471326,0.0412002622025532,-0.00020547963968371372
outer,24.70926330584626,299.89566840196926,-0.0006179191811672945,0.04107511291304807,-0.0004006738799180974
outer,25.04865432068621,299.99999999999994,-0.0005520372524426588,0.03433924964964327,-0.00019068349334382464
outer,25.0619790854565,299.89566840196926,-0.0005504004832795305,0.03425212847327165,-0.00037169225582292346
outer,25.402321869208638,299.99999999999994,-0.0004914408139731034,0.028028028468979355,-0.00017534738914621283
outer,25.414694865066785,299.89566840196926,-0.0004894619553716343,0.02797574576744541,-0.00034168876787670204
outer,25.75598941773107,299.99999999999994,-0.00043720485497934346,0.022278559633861213,-0.00015940955020167773
outer,25.767410644677025,299.89566840196926,-0.00043486843027552933,0.022257858657907716,-0.00031056411439098815
outer,26.109656966253496,300.0,-0.0003891549293718174,0.017104607772634537,-0.0001427999980340303
outer,26.12012642428726,299.8956684019693,-0.0003864472986187832,0.017112113672482977,-0.0002782122234157606
outer,26.463324514775877,300.0,-0.0003471586878895307,0.012521659411130842,-0.0001254408345745632
outer,26.472842203897496,299.89566840196926,-0.0003440644515680519,0.012553818560896815,-0.0002445238464606225
outer,26.816992063298304,299.99999999999994,-0.0003110782271592131,0.008546689883700623,-0.00010724766319256509
outer,26.825557983507732,299.89566840196926,-0.0003075758335059531,0.008599695794557449,-0.00020939389478938017
outer,27.170659611820685,299.99999999999994,-0.00028067007388434353,0.005197649596697069,-8.813430904146507e-05
outer,27.17827376311802,299.89566840196926,-0.0002767275449265514,0.005267349794908057,-0.00017273725244613958
outer,27.524327160343113,299.99999999999994,-0.0002553726743240595,0.00249241486981934,-6.802603335005991e-05
outer,27.530989542728257,299.8956684019693,-0.0002509421440813546,0.0025741949916190335,-0.00013452241696782137
outer,27.87799470886549,299.99999999999994,-0.00023383316771057958,0.00044671179338396527,-4.689246434914541e-05
outer,27.883705322338493,299.89566840196926,-0.0002288660365975089,0.0005353363927514567,-9.484720060244145e-05
outer,28.23166225738792,300.0,-0.00021288320884915705,-0.0009300135949342653,-2.4836951345278817e-05
outer,28.236421101948732,299.89566840196926,-0.00020730484001240553,-0.0008405356805084486,-5.409306371342775e-05
outer,28.58532980591035,300.0,-0.00018490784637951898,-0.0016425690701346355,-2.2671668825433988e-06
outer,28.589136881558968,299.8956684019693,-0.0001789907811226205,-0.0015594214792664385,-1.3318281871220494e-05
outer,28.93899735443268,300.0,-0.00013354165821531313,-0.0017274881039459119,1.9313756770709164e-05
outer,28.941852661169257,299.89566840196926,-0.0001271862296925491,-0.0016582048780442826,2.4904369773582485e-05
outer,29.292664902955106,300.0,-1.5447861735138084e-05,-0.0012810233821987198,3.7562095776355804e-05
outer,29.294568440779493,299.89566840196926,-1.2926866603884645e-05,-0.0012368889202474787,5.510366953715966e-05
outer,29.646332451477537,300.0,0.00019137510670405464,-0.0005792347868630043,3.549259140349926e-05
outer,29.64728422038973,299.89566840196926,0.000183356304097936,-0.0005672063054230905,5.370239890469913e-05
outer,29.999999999999964,300.0,0.0003143665295238277,-0.00021676750009810085,2.429727729829453e-05
outer,29.999999999999964,299.8956684019693,0.0003001149088650338,-0.0002204406069503942,3.902230872049564e-05
