<?xml version="1.0"?>
<VTKFile type="UnstructuredGrid" version="0.1" byte_order="LittleEndian">
  <UnstructuredGrid>
    <Piece NumberOfPoints="549" NumberOfCells="480">
      <PointData Vectors="displacement">
        <DataArray type="Float64" Name="displacement" NumberOfComponents="3" format="ascii">
          0 -0.12 0 0.00015510913162290074 -0.12 0 0.00010201087336193577 -0.12 0 -8.1535290883563091e-06 -0.12 0 -0.00010756109735636132 -0.12 0 -0.00016395174270615988 -0.12 0 -0.00016271154108913119 -0.12 0 -9.9030211241356051e-05 -0.12 0 2.4292386000056927e-05 -0.12 0 0.00019264359574441988 -0.12 0 0.0003757185065019788 -0.12 0 0.00054471480950059358 -0.12 0 0.00069008105778929391 -0.12 0 0.00081435191685476024 -0.12 0 0.00092236968252975887 -0.12 0 0.0010181881965801568 -0.12 0 0.0011047546589490341 -0.12 0 0.0011841887957337624 -0.12 0 0.0012580176876526958 -0.12 0 0.0013273744365169613 -0.12 0 0.0013931215802126982 -0.12 0 0.0014559262863193206 -0.12 0 0.0015163260184951775 -0.12 0 0.0015747522068260162 -0.12 0 0.0016315697248016738 -0.12 0 0.0016870857601061608 -0.12 0 0.0017415681560169851 -0.12 0 0.00179525452924056 -0.12 0 0.0018483610529566026 -0.12 0 0.0019010894819075769 -0.12 0 0.0019536310920703331 -0.12 0 0.0020061727022858697 -0.12 0 0.0020589011299830709 -0.12 0 0.0021120076524210646 -0.12 0 0.0021656940238981496 -0.12 0 0.0022201764189079395 -0.12 0 0.002275692453491053 -0.12 0 0.002332509970626096 -0.12 0 0.0023909361594714761 -0.12 0 0.0024513358928607556 -0.12 0 0.00251414060154338 -0.12 0 0.0025798877459842075 -0.12 0 0.0026492444926972327 -0.12 0 0.0027230733836774166 -0.12 0 0.0028025075223899226 -0.12 0 0.0028890739864890244 -0.12 0 0.0029848925000165905 -0.12 0 0.0030929102654432567 -0.12 0 0.0032171811219596017 -0.12 0 0.0033625473666801112 -0.12 0 0.003531543664928377 -0.12 0 0.0037146185718110155 -0.12 0 0.0038829697759919413 -0.12 0 0.0040062923663893085 -0.12 0 0.0040699736942364584 -0.12 0 0.0040712138934112865 -0.12 0 0.004014823245289346 -0.12 0 0.0039154156757397968 -0.12 0 0.0038052512769434078 -0.12 0 0.0037521530200885491 -0.12 0 0.0039072621515110015 -0.12 0 -0.0048105390001915108 -0.10894635470837101 0 -0.0051843117035996313 -0.11058271086825708 0 -0.0052306143068810776 -0.11159209982685353 0 -0.0050950217585746449 -0.11221350324404451 0 -0.0048353299383919216 -0.11257463343780032 0 -0.0044787518379753215 -0.11275459956893145 0 -0.0040399875121912444 -0.11280741101253153 0 -0.0035295043662632642 -0.11277298548143738 0 -0.002962124284477357 -0.11268382493779937 0 -0.0023732621582951666 -0.11257082617774455 0 -0.001824970970221303 -0.11246337555539629 0 -0.0013628145226299907 -0.1123774845058134 0 -0.00098655513912455309 -0.11231298129577051 0 -0.0006760594666332286 -0.11226427197243032 0 -0.00041263586318467907 -0.1122265207694573 0 -0.00018304098433927405 -0.11219647650172286 0 2.1632307050096722e-05 -0.11217204036102509 0 0.00020748692521234472 -0.11215182952314007 0 0.00037878248595346484 -0.11213490992304202 0 0.00053860323241279248 -0.11212062877857749 0 0.00068925178139785809 -0.1121085171088762 0 0.00083248295811104195 -0.11209823105956881 0 0.00096968996803122346 -0.11208951222529107 0 0.001101980470283841 -0.11208216538604855 0 0.0012302804269832286 -0.11207604024325869 0 0.001355363561840063 -0.11207102169683528 0 0.0014778992527904179 -0.1120670215857387 0 0.0015984776417794055 -0.11206397348887079 0 0.0017176327395803602 -0.11206182895882015 0 0.0018358607747402129 -0.11206055499128985 0 0.0019536310872497495 -0.11206013243170045 0 0.0020714013997701775 -0.11206055499274636 0 0.0021896294361096178 -0.11206182896049666 0 0.0023087845353020595 -0.11206397349102271 0 0.0024293629259227534 -0.11206702158880784 0 0.0025518986180362419 -0.11207102170120115 0 0.0026769817542342108 -0.11207604024691759 0 0.0028052817127360665 -0.11208216538775015 0 0.0029375722155877341 -0.11208951222234721 0 0.0030747792257830192 -0.11209823105278593 0 0.0032180104015137683 -0.11210851709910451 0 0.0033686589510655359 -0.11212062876507196 0 0.0035284797008344375 -0.11213490990906168 0 0.0036997752630981819 -0.11215182950749701 0 0.0038856298812263205 -0.11217204034500988 0 0.0040903031724551083 -0.11219647648571028 0 0.0043198980504972236 -0.11222652075295982 0 0.0045833216541066321 -0.11226427195461737 0 0.0048938173278870447 -0.11231298127734864 0 0.0052700767129806583 -0.11237748448784901 0 0.0057322331633598176 -0.11246337553884145 0 0.0062805243506086645 -0.11257082616435214 0 0.0068693864742862924 -0.11268382492528853 0 0.0074367665512952829 -0.11277298546472111 0 0.007947249691022628 -0.11280741099197369 0 0.0083860140143592159 -0.11275459954465721 0 0.0087425921132895466 -0.11257463341171314 0 0.00900228393260585 -0.11221350321438796 0 0.0091378764802064125 -0.11159209979824211 0 0.0090915738739466134 -0.11058271083839179 0 0.0087178011713398354 -0.1089463546749935 0 -0.0076507143748785157 -0.10606135108275741 0 -0.0078696757218700321 -0.10659234653186411 0 -0.0078814302140021442 -0.10709661843088496 0 -0.0076922511828793469 -0.10742072208337365 0 -0.007339461943607857 -0.1075477293143394 0 -0.0068519503055310795 -0.10749750786502964 0 -0.0062494330886234718 -0.10730222679105099 0 -0.0055472331780183183 -0.10699945554704295 0 -0.0047666677404876951 -0.10663259757288801 0 -0.003957183029943254 -0.10625646878083519 0 -0.0032044395193838444 -0.10592994720853931 0 -0.0025708232929523419 -0.10568046520809492 0 -0.002055603492814047 -0.10549766727273543 0 -0.0016308718604934914 -0.10536166532933558 0 -0.0012708367631727754 -0.1052572894401553 0 -0.00095725983462264901 -0.10517479893167281 0 -0.00067788820054784848 -0.10510805544400061 0 -0.00042433351111309666 -0.10505307624137021 0 -0.00019074440648120161 -0.10500719910818739 0 2.7113730914006595e-05 -0.10496857818653763 0 0.00023240094653842442 -0.10493589551132337 0 0.00042752469273592801 -0.10490818941479542 0 0.00061439553385155053 -0.10488474020086851 0 0.00079453210494423606 -0.10486500586686776 0 0.00096920345245757333 -0.10484857032991955 0 0.0011394697554679568 -0.10483511565534109 0 0.0013062479862274083 -0.10482439878010984 0 0.001470346406484942 -0.10481623686133174 0 0.0016324962688500308 -0.10481049668536992 0 0.0017933769790170505 -0.10480708758509505 0 0.0019536310820042636 -0.10480595697170031 0 0.0021138851846539083 -0.10480708758428459 0 0.0022747658963545281 -0.10481049668000554 0 0.0024369157608103223 -0.10481623685173382 0 0.0026010141818323894 -0.10482439876839626 0 0.0027677924139995055 -0.10483511563917275 0 0.0029380587195565531 -0.10484857030886864 0 0.0031127300695330427 -0.1048650058423443 0 0.0032928666447042611 -0.10488474017193407 0 0.0034797374909049951 -0.10490818938090248 0 0.0036748612434719897 -0.10493589547542148 0 0.0038801484640959998 -0.10496857814932464 0 0.004098006604090953 -0.10500719906769188 0 0.0043315957120782685 -0.10505307619947142 0 0.0045851504042852143 -0.10510805540206471 0 0.0048645220412145938 -0.10517479888824338 0 0.0051780989719414508 -0.10525728940114328 0 0.005538134070500066 -0.10536166529503281 0 0.0059628656990657562 -0.10549766723860952 0 0.0064780854958072266 -0.10568046517374796 0 0.0071117017176192763 -0.10592994718497702 0 0.0078644452216628368 -0.10625646876170119 0 0.0086739299291556105 -0.10663259755073255 0 0.0094544953633692603 -0.10699945552323938 0 0.010156695268988651 -0.10730222676496934 0 0.010759212479440174 -0.1074975078365924 0 0.011246724113149821 -0.1075477292776308 0 0.011599513352270155 -0.10742072204238989 0 0.011788692381171844 -0.10709661838645555 0 0.011776937891084362 -0.10659234648240327 0 0.011557976546488054 -0.10606135102932265 0 -0.0087718382400415931 -0.10535407280840374 0 -0.0088317484067016068 -0.10547654403040362 0 -0.0087438186114058621 -0.10544513501287486 0 -0.0085196582063121577 -0.10528874489436958 0 -0.0081619088723984285 -0.10497748052832472 0 -0.0076751868090164177 -0.10450050624607443 0 -0.0070630942595332098 -0.10387095291843747 0 -0.0063311087242529937 -0.10312393926132268 0 -0.0054970264176209902 -0.10231775164515834 0 -0.0046152960592306912 -0.10154059845968753 0 -0.0037852586916681317 -0.10089033209842783 0 -0.0030820218854820582 -0.10040491134641932 0 -0.0025085090516950904 -0.10005462648742768 0 -0.0020351783854589182 -0.099796745365250378 0 -0.0016338261776214103 -0.099600355844901761 0 -0.0012842953363694737 -0.099446061991931747 0 -0.00097297523857379803 -0.099321806536510918 0 -0.00069052128631448963 -0.09921984121347277 0 -0.00043040355424446336 -0.099135023330340424 0 -0.00018789090907511962 -0.099063807538249699 0 4.0549929259031344e-05 -0.099003674309964498 0 0.000257612260731763 -0.098952792301235284 0 0.00046543415679487719 -0.098909795674448575 0 0.00066571564780414322 -0.098873658566425951 0 0.00085987745988315163 -0.098843595458763187 0 0.0010491066806481036 -0.098819007283778057 0 0.0012344300827358272 -0.098799436836512863 0 0.0014167527454956752 -0.098784540658512027 0 0.0015968935073294047 -0.098774068802446061 0 0.0017756131226979751 -0.098767851284519537 0 0.0019536310936447061 -0.098765789555275665 0 0.0021316490641336539 -0.098767851280144189 0 0.0023103686802922207 -0.098774068794055259 0 0.0024905094407508977 -0.098784540645445645 0 0.00267283210217938 -0.098799436819850983 0 0.0028581555037827922 -0.098819007265215142 0 0.0030473847239958001 -0.098843595438836543 0 0.0032415465340017093 -0.098873658544532547 0 0.0034418280238674936 -0.09890979564968011 0 0.0036496499160669632 -0.098952792274884252 0 0.0038667122425992233 -0.099003674283320395 0 0.0040951530770095357 -0.099063807512026925 0 0.0043376657189720955 -0.099135023305870373 0 0.0045977834488184653 -0.099219841189333871 0 0.0048802373976462908 -0.099321806511498606 0 0.005191557493328048 -0.099446061966598151 0 0.0055410883344551021 -0.099600355820951392 0 0.0059424405420533608 -0.099796745345370877 0 0.0064157712083697414 -0.10005462646832824 0 0.0069892840420591931 -0.10040491132717672 0 0.0076925208512673877 -0.10089033207967697 0 0.008522558220352229 -0.10154059844269088 0 0.0094042885804370788 -0.10231775163048261 0 0.010238370887634379 -0.10312393924206285 0 0.010970356422431927 -0.10387095289518671 0 0.01158244897165072 -0.10450050621655085 0 0.012069171036503361 -0.10497748049081645 0 0.012426920367992672 -0.10528874484442872 0 0.012651080774170402 -0.10544513495431024 0 0.012739010571384038 -0.10547654396338302 0 0.012679100404426677 -0.10535407273573649 0 -0.0088911165820284941 -0.10571402052815485 0 -0.0087996024414063803 -0.10541765661753329 0 -0.0086227499746129605 -0.10505708575602127 0 -0.0083709522497559374 -0.10456004191145034 0 -0.008034624339860668 -0.1038821921000545 0 -0.0075955176659165922 -0.10299347879586589 0 -0.0070342303685603366 -0.10189618939649733 0 -0.0063379250662562352 -0.10063468413390858 0 -0.0055160607356069761 -0.099301030639673549 0 -0.0046268442847739498 -0.09803974413775246 0 -0.0037817450589302509 -0.097004006929801878 0 -0.003065425946937993 -0.096243272960942511 0 -0.0024832255278138459 -0.095701241839101475 0 -0.0020048337761037682 -0.095306041296412417 0 -0.0016008882475939496 -0.095007274053778928 0 -0.0012503973503795495 -0.094773871129707671 0 -0.00093921583709204626 -0.094586745904476702 0 -0.00065765907386744493 -0.094433741167945923 0 -0.00039897618292880166 -0.094306842165993901 0 -0.00015828828414005239 -0.094200554084935079 0 6.8039491165777257e-05 -0.094110989838536357 0 0.00028277234844173416 -0.094035334675191082 0 0.00048810022009789325 -0.093971496329828 0 0.00068576179752912587 -0.093917907449830557 0 0.00087720685935977676 -0.09387337084189884 0 0.0010636451233851172 -0.09383697520673881 0 0.0012461212668053378 -0.093808026206506481 0 0.0014255549617865982 -0.093786002942257696 0 0.0016027772887905062 -0.093770526738327184 0 0.0017785596116702443 -0.093761340264794685 0 0.0019536311005915945 -0.093758294412012722 0 0.0021287025880588565 -0.093761340267985382 0 0.0023044849086260111 -0.093770526742691526 0 0.0024817072332145914 -0.093786002948778036 0 0.0026611409258886342 -0.093808026214768164 0 0.0028436170634290243 -0.093836975215923102 0 0.0030300553222089703 -0.093873370853878091 0 0.0032215003806646001 -0.093917907466063211 0 0.0034191619522922598 -0.093971496351585776 0 0.0036244898181169395 -0.09403533469654668 0 0.0038392226715315749 -0.094110989856731206 0 0.0040655504433754477 -0.09420055409867592 0 0.0043062383411473087 -0.094306842176548264 0 0.0045649212307109681 -0.094433741169218863 0 0.004846477993776111 -0.094586745901547226 0 0.0051576595091925555 -0.094773871121396402 0 0.0055081504091274878 -0.095007274041418205 0 0.0059120959400746588 -0.095306041280312823 0 0.006390487692614904 -0.09570124182170904 0 0.006972688112107767 -0.09624327294399343 0 0.0076890072210485634 -0.097004006913374866 0 0.0085341064455853183 -0.098039744124387262 0 0.0094233228940715022 -0.099301030626796155 0 0.010245187223807881 -0.10063468411759115 0 0.010941492527362304 -0.10189618937028586 0 0.011502779825386411 -0.1029934787592401 0 0.011941886499545694 -0.10388219205285019 0 0.012278214412847502 -0.10456004185119522 0 0.012530012137932983 -0.10505708568589169 0 0.012706864605297049 -0.1054176565359678 0 0.012798378748654624 -0.10571402044153291 0 -0.0084017039247426331 -0.10643148551524065 0 -0.0081606609834202499 -0.10585437722789544 0 -0.0079137627573726468 -0.10527193342501814 0 -0.0076421447648372361 -0.10456976210122361 0 -0.0073272425022976847 -0.10365060963846907 0 -0.0069408579648960493 -0.10243972147603411 0 -0.0064428230954929533 -0.10090692868373544 0 -0.0057957998281185181 -0.09910211891721557 0 -0.004996969115582792 -0.097178225976232491 0 -0.0041168583341128035 -0.09537591785787812 0 -0.0032856990898786393 -0.093922903142087469 0 -0.0025934354107701499 -0.092874823955944277 0 -0.002041113784158641 -0.09213836803398337 0 -0.0015940289200888681 -0.091606486639604801 0 -0.0012208843031399801 -0.091207059408843369 0 -0.0009000520105789285 -0.090896534713919397 0 -0.00061726290936808695 -0.090648497631732272 0 -0.00036289939759569104 -0.090446273401437266 0 -0.00013033310740021153 -0.090278940456462703 0 8.5180870273800718e-05 -0.090139049375575306 0 0.00028714928741266631 -0.09002135199195134 0 0.00047822279278671626 -0.089922060450502175 0 0.00066048682961108703 -0.089838367181487133 0 0.00083558972791227632 -0.08976817365238357 0 0.0010048983156216449 -0.089709880194707867 0 0.0011695488679743734 -0.089662271031974661 0 0.0013305188196451373 -0.089624421095096649 0 0.0014886659134085698 -0.089595637130642766 0 0.0016447631198553401 -0.089575415589695881 0 0.0017995262425395655 -0.08956341450664683 0 0.001953631077493453 -0.089559435797803136 0 0.0021077359139872027 -0.089563414507945457 0 0.0022624990387504111 -0.08957541559389777 0 0.0024185962485172526 -0.089595637139788686 0 0.0025767433441933234 -0.089624421109536959 0 0.0027377132989150426 -0.089662271048286668 0 0.0029023638544727151 -0.089709880210424878 0 0.0030716724453086815 -0.089768173668805795 0 0.0032467753485878187 -0.089838367198253472 0 0.0034290393918232904 -0.089922060464754885 0 0.0036201129009126808 -0.090021352005028477 0 0.0038220813206086101 -0.090139049387324754 0 0.0040375953002621482 -0.090278940461521073 0 0.0042701615912905874 -0.090446273403101657 0 0.0045245251039135468 -0.09064849762869269 0 0.0048073142079892656 -0.090896534705341925 0 0.0051281465009526215 -0.091207059398667661 0 0.0055012911159620448 -0.091606486627795261 0 0.0059483759797084338 -0.092138368020958789 0 0.0065006976019784356 -0.092874823944630008 0 0.007192961278649419 -0.093922903132360736 0 0.0080241205165941035 -0.095375917850998915 0 0.0089042312921347889 -0.097178225967665205 0 0.0097030619994810021 -0.099102118902633027 0 0.010350085262095807 -0.10090692865515986 0 0.010848120133160886 -0.10243972143251022 0 0.011234504671811956 -0.10365060957688343 0 0.011549406936544077 -0.10456976202850637 0 0.011821024932339301 -0.10527193333949586 0 0.012067923155886739 -0.10585437713134307 0 0.012308966095206323 -0.10643148540985277 0 -0.0076032266984760568 -0.10716079557766334 0 -0.0072480912275749284 -0.10643413987762221 0 -0.0069249167150507857 -0.10573841027467269 0 -0.0065965176453439429 -0.10494022290972058 0 -0.0062453874098867849 -0.1039119593512485 0 -0.0058567165930418314 -0.10251615335710337 0 -0.0053886040388199602 -0.10063318093129354 0 -0.0047657071099769487 -0.098273415696171748 0 -0.0039663911852620649 -0.095687547648604848 0 -0.0030914846465492363 -0.093297754356199913 0 -0.0023049590041233363 -0.091423373055610282 0 -0.0016856110325752028 -0.090099340872699329 0 -0.0012106725289713119 -0.089179504500978432 0 -0.00083645248785636393 -0.088519686896303518 0 -0.00053000210156457946 -0.088026362164049632 0 -0.00027018186659703066 -0.087644012304439439 0 -4.3617019319882668e-05 -0.08733928920096265 0 0.0001584538692686619 -0.08709127473189808 0 0.00034195010242584015 -0.086886328487334644 0 0.00051104236435264383 -0.086715177704663512 0 0.00066877346929301851 -0.086571306708179488 0 0.00081742001057779007 -0.08645002250481422 0 0.00095875549678428942 -0.08634785268277595 0 0.0010941719183708287 -0.086262205267986544 0 0.0012248143354265204 -0.086191106828042791 0 0.0013516293538976777 -0.086133058911409516 0 0.0014754266748840618 -0.086086922265072321 0 0.0015969135740591565 -0.086051843658396035 0 0.0017167249023868232 -0.086027203653552597 0 0.0018354466658299325 -0.086012581739548302 0 0.0019536310998658291 -0.08600773438529577 0 0.0020718155327285001 -0.086012581743623584 0 0.0021905372938860598 -0.086027203660805421 0 0.0023103486193225718 -0.086051843665380795 0 0.0024318355180642068 -0.086086922269838037 0 0.0025556328379677052 -0.086133058915337318 0 0.0026824478575097118 -0.086191106830879965 0 0.0028130902756484965 -0.086262205272469472 0 0.0029485066965505347 -0.086347852688795079 0 0.0030898421807338448 -0.086450022508769014 0 0.0032384887219046713 -0.086571306710329407 0 0.0033962198272027774 -0.086715177701871218 0 0.0035653120901693969 -0.086886328483244957 0 0.0037488083227239458 -0.087091274728444704 0 0.0039508792110973965 -0.087339289195685829 0 0.004177444055274023 -0.087644012298483523 0 0.0044372642894355465 -0.088026362158062949 0 0.0047437146754117695 -0.088519686888906046 0 0.0051179347164839835 -0.089179504492835307 0 0.005592873223343401 -0.090099340868268762 0 0.0062122211959210367 -0.091423373054953072 0 0.0069987468386762753 -0.093297754354670859 0 0.0078736533780970602 -0.095687547646308754 0 0.0086729693012171909 -0.098273415682896006 0 0.009295866224875788 -0.10063318089888401 0 0.0097639787756878711 -0.10251615330088568 0 0.010152649594659002 -0.10391195927796903 0 0.010503779831574656 -0.10494022281824612 0 0.010832178904123746 -0.10573841017395416 0 0.011155353420131598 -0.10643413976615729 0 0.01151048888574579 -0.10716079545868044 0 -0.0067346515023524083 -0.10776237210341959 0 -0.0063025366273980572 -0.10697912636515217 0 -0.0058904423910608669 -0.10623194424660784 0 -0.0054496872119038269 -0.10540912819670367 0 -0.0049558619174760437 -0.10437376411383976 0 -0.0044130258283872747 -0.1029598903215829 0 -0.0038464161697151509 -0.10091887765732917 0 -0.0031834537021089462 -0.098030031902377107 0 -0.0023238044361359386 -0.094665328069841764 0 -0.0014811335101437418 -0.091672323426778293 0 -0.000837946202053859 -0.089403497155308737 0 -0.00037810758593795801 -0.087819495757718191 0 -4.4905062741143062e-05 -0.08672570255160407 0 0.00020836914085524568 -0.085943820967651019 0 0.00041073727613441025 -0.085360529952357017 0 0.00057926949480779585 -0.084909148957345526 0 0.00072424231530212159 -0.084549818215010245 0 0.00085216396583798703 -0.084257613454870817 0 0.00096732846721633685 -0.084016317140366073 0 0.0010727050231396596 -0.08381492262504868 0 0.0011704270393129953 -0.083645705752144056 0 0.0012620714385548431 -0.083503108679302815 0 0.0013488524735979269 -0.083383022595067427 0 0.0014317152354905995 -0.083282382494882359 0 0.0015114298952114413 -0.083198856207191751 0 0.0015886288966531132 -0.083130673672147659 0 0.001663849614487632 -0.083076489664513239 0 0.0017375588682562418 -0.083035297010524714 0 0.0018101736977865117 -0.083006364690389869 0 0.0018820775819263099 -0.082989196528330825 0 0.0019536310932475355 -0.082983505207517058 0 0.0020251846032379416 -0.082989196530805054 0 0.0020970884884294635 -0.083006364697217061 0 0.0021697033211427624 -0.083035297020903134 0 0.0022434125763982067 -0.083076489674263773 0 0.0023186332954270505 -0.083130673680739259 0 0.0023958322962051139 -0.083198856214667286 0 0.0024755469535761724 -0.083282382501421823 0 0.002558409714599873 -0.083383022597389972 0 0.0026451907477275725 -0.083503108678033011 0 0.0027368351471850111 -0.083645705750329868 0 0.002834557162036181 -0.083814922626274171 0 0.0029399337126660881 -0.084016317140380783 0 0.0030550982110334351 -0.084257613452938945 0 0.0031830198609595806 -0.084549818211542213 0 0.0033279926833462564 -0.084909148950933933 0 0.0034965249012320772 -0.085360529947330357 0 0.0036988930366208834 -0.085943820964784118 0 0.0039521672385414569 -0.086725702549665648 0 0.004285369764408819 -0.087819495756644175 0 0.004745208387970142 -0.089403497155412279 0 0.0053883957017314072 -0.091672323429383085 0 0.0062310666340485424 -0.09466532807147196 0 0.0070907159048552481 -0.098030031892511971 0 0.0077536783715551581 -0.10091887762130777 0 0.0083202880274509516 -0.10295989026042743 0 0.0088631241161200528 -0.10437376402466689 0 0.0093569494128605286 -0.1054091280916757 0 0.0097977045929737543 -0.10623194413338709 0 0.010209798830625574 -0.10697912624378784 0 0.010641913708528402 -0.10776237197529061 0 -0.005939376339722649 -0.10823594180093163 0 -0.0054703395423291402 -0.1074189330668959 0 -0.0049835092428845706 -0.10663267344965938 0 -0.0043985589974017579 -0.10580096342637046 0 -0.0036675436873705846 -0.10479613123949189 0 -0.0027696165246272357 -0.10345067685760362 0 -0.0017340263922539702 -0.10153444510562025 0 -0.00066829939074286864 -0.098396311141967049 0 0.00020664558351183999 -0.094086170010936845 0 0.00072042118489120375 -0.090510123010025895 0 0.0010301905469099302 -0.087838574046282189 0 0.001223550656136417 -0.0859877238418391 0 0.0013508228995604511 -0.084715087798882413 0 0.0014410360639916272 -0.083807735399303307 0 0.0015093955466268479 -0.083132046973790411 0 0.0015639907637594026 -0.082609842249919213 0 0.0016093782432627685 -0.082194543030065334 0 0.0016483044637366864 -0.081857089510025224 0 0.0016825154834814937 -0.081578603928412721 0 0.0017131818481560983 -0.081346290520917894 0 0.001741122707857413 -0.081151178821218958 0 0.0017669304807542766 -0.080986819579864311 0 0.0017910515004957086 -0.080848448443021997 0 0.0018138276108665913 -0.080732513421550703 0 0.0018355321706283649 -0.080636313197026036 0 0.0018563866049129032 -0.080557798386402327 0 0.001876576403491157 -0.080495412022728433 0 0.001896260794251779 -0.080447988718612196 0 0.0019155805375272357 -0.080414682817931654 0 0.0019346639492357548 -0.080394920433858374 0 0.0019536310719888727 -0.080388369286847519 0 0.0019725981936649711 -0.080394920435700609 0 0.00199168160510187 -0.080414682819309496 0 0.0020110013508142406 -0.080447988718508598 0 0.0020306857413528588 -0.080495412022010229 0 0.0020508755405468171 -0.080557798387114563 0 0.0020717299798525819 -0.080636313198611573 0 0.0020934345450942466 -0.080732513422254404 0 0.0021162106565947489 -0.080848448445747165 0 0.0021403316791662533 -0.080986819582708855 0 0.0021661394544176286 -0.08115117882314335 0 0.0021940803145828955 -0.081346290522012088 0 0.0022247466802316155 -0.081578603928201057 0 0.0022589577026611084 -0.081857089509851835 0 0.0022978839226946582 -0.082194543029405223 0 0.0023432714002364434 -0.082609842250030791 0 0.0023978666180711483 -0.083132046974185317 0 0.0024662260994315764 -0.083807735399608799 0 0.0025564392649319754 -0.084715087799107441 0 0.0026837115107219162 -0.085987723841563127 0 0.0028770716255326692 -0.087838574045510376 0 0.0031868410014105537 -0.090510123009258397 0 0.0037006166136471538 -0.094086170012379247 0 0.0045755616035204503 -0.098396311136565356 0 0.0056412886097485793 -0.10153444506103219 0 0.0066768787429277061 -0.10345067678462622 0 0.0075748059031992797 -0.10479613113820294 0 0.0083058212085297279 -0.10580096331685956 0 0.0088907714502221846 -0.10663267333430396 0 0.0093776017485848445 -0.10741893294301641 0 0.009846638541298974 -0.10823594167561865 0
        </DataArray>
        <DataArray type="Float64" Name="displacement_magnitude" format="ascii">
          0.12 0.1200001002451361 0.12000004335923502 0.12000000027700015 0.12000004820578059 0.12000011200067247 0.12000011031263931 0.12000004086242112 0.12000000245883338 0.12000015463137946 0.12000058818354237 0.12000123630289684 0.12000198419970529 0.12000276317253901 0.12000354480527335 0.12000431953560528 0.12000508523748679 0.1200058427873574 0.12000659402092223 0.12000734112084442 0.12000808634311795 0.12000883184729029 0.12000957980342387 0.12001033224065712 0.12001109123646402 0.12001185882387604 0.12001263708310909 0.12001342816045527 0.12001423431652633 0.12001505797698145 0.12001590175657517 0.12001676853219885 0.12001766150805908 0.120018584295616 0.120019541036471 0.12002053650659572 0.12002157629419336 0.1200226670373687 0.12002381670201405 0.12002503508710018 0.12002633420614131 0.12002772938276338 0.12002924017247667 0.12003089239297061 0.12003272074069242 0.12003477308055115 0.12003711752302558 0.12003985210716515 0.12004311831326064 0.12004710210910202 0.12005195458907487 0.1200574795301569 0.12006280629021324 0.12006685795224671 0.12006899968714563 0.12006904173252114 0.12006714290633769 0.12006386000755526 0.12006031791262541 0.12005864672020154 0.12006359438864318 0.10905250794784391 0.11070416898569188 0.1117146188723472 0.1123291126868789 0.11267842965389702 0.11284351528544405 0.11287973014872457 0.11282820416663539 0.11272275095511688 0.11259584041878268 0.11247818170808176 0.11238574770529146 0.11231731415319114 0.11226630758113597 0.11222727935922272 0.1121966258111339 0.11217204244691344 0.11215202145396938 0.1121355496692303 0.11212192243778889 0.1121106358753234 0.11210132218024917 0.11209370655633516 0.1120875825351873 0.11208279255326198 0.11207921713929522 0.1120767661618581 0.11207537323107875 0.1120749917324286 0.11207559221231056 0.11207716071990453 0.11207969793428826 0.11208321902514705 0.11208775419566176 0.11209335007935203 0.11210007177387458 0.11210800608672511 0.11211726630405679 0.11212799864781997 0.1121403926890355 0.11215469315683789 0.11217122294868535 0.11219041041600918 0.11221283883262249 0.11223931911204915 0.11227101102177328 0.11230963217587889 0.11235779276438858 0.11241954995215375 0.11250098989954464 0.11260936610526498 0.11274589078739579 0.1128930151529588 0.11301792666371413 0.11308700523209343 0.1130660203134657 0.11291359973289733 0.11257402639884881 0.11196560866600215 0.11095581396156221 0.10929459389298489 0.10633693442988612 0.10688245943622553 0.10738623106128994 0.10769578571686966 0.10779787466500482 0.10771566005080958 0.10748406062410985 0.1071431532263958 0.10673908368769935 0.10633012957438298 0.1059784041597028 0.10571172999720961 0.10551769190855372 0.10537428654086473 0.10526496096217042 0.10517915514353966 0.1051102414212409 0.10505393322814618 0.10500737235058838 0.10496858168832075 0.10493615285955231 0.10490906054127781 0.10488653969349784 0.10486801579473122 0.10485304981525498 0.10484130801259764 0.104832537236361 0.10482654925316325 0.10482320954589087 0.10482242989484003 0.10482416367974737 0.10482840320482709 0.104835179086949 0.10484456145258107 0.1048566633644703 0.1048716460532861 0.10488972726083967 0.10491119358200382 0.10493641737582776 0.10496588384891974 0.10500022268732269 0.10504026823458851 0.10508713296198086 0.10514233942796233 0.1052080173495985 0.10528723519910618 0.10538457990161203 0.10550711560233914 0.10566604733845911 0.10587882843624 0.10616840401895664 0.10654711001407273 0.10698480228907467 0.10741634403034601 0.10778184600157857 0.10803460021796714 0.10813418920975859 0.10804517682024442 0.10774348675382651 0.10724096509597053 0.1066892543980619 0.10571861616303863 0.10584564762198279 0.10580704542606119 0.10563287545733108 0.10529429317164407 0.10478198460727464 0.10411081673247648 0.10331809999439248 0.10246530925711553 0.10164543321402024 0.10096131583083645 0.10045220296929736 0.1000860674579689 0.099817495142671561 0.099613755437739301 0.09945435465686836 0.099326572147089523 0.099222244028612877 0.099135957643665534 0.099063985721194806 0.099003682614185046 0.098953127632674082 0.09891089075180487 0.098875899670414671 0.098847335586052326 0.098824576019220858 0.098807148207208456 0.098794699561540675 0.098786976553916758 0.098783810664108643 0.098785109510123315 0.09879085167276018 0.098801085366364449 0.098815930435361354 0.098835584418599784 0.098860332033462478 0.098890560282225287 0.098926780893309738 0.09896966128873716 0.099020073942136813 0.099079155149632073 0.099148415204198106 0.099229875489919905 0.099326313222020193 0.099441630948838289 0.099581481761776419 0.099754371029997277 0.09997351139739287 0.10026011369390539 0.1006478827896484 0.10118317045929466 0.10189763064330343 0.10274902891230293 0.10363093690222737 0.10444866478509569 0.10514042478369715 0.10566899403187352 0.10601956489604948 0.10620134806247651 0.10624304079231404 0.10611427910075245 0.10608725696473807 0.10578428678144483 0.1054103556804202 0.10489459092866488 0.10419244225852137 0.10327317446020398 0.10213869888736997 0.10083406639066496 0.099454118125597443 0.098148862034317608 0.0970776954615621 0.096292078731693445 0.095733453393096468 0.095327125552296374 0.095020760712126159 0.094782119318172431 0.094591408844496475 0.094436031187423608 0.094307686120041298 0.094200687073341852 0.094111014433813492 0.094035759834630125 0.093972763949411092 0.093920411035077395 0.093877469315564593 0.093843003238912898 0.09381630241579654 0.093796836592894992 0.093784223512383968 0.09377820750335801 0.093778645999645638 0.093785501563713708 0.093798839738537879 0.093818831904365518 0.09384576417365928 0.09388005153213963 0.093922260357837295 0.093973141947615191 0.094033679046457083 0.094105159783792885 0.094189267130259408 0.094288244722792444 0.094405106694305213 0.09454401079422016 0.094710827518230553 0.094914109061550067 0.09516681061016341 0.095489237000456445 0.09591436815809555 0.09649552303853659 0.097308263725623095 0.09841047912087364 0.099747148820955492 0.10115484916057275 0.10248194800505835 0.10363382947011733 0.10456633530383135 0.10527847311341265 0.10580166566264226 0.10618072667689096 0.10648592684719824 0.10676258585206672 0.10616847727076011 0.10556897085801979 0.10484864101414586 0.10390927466359187 0.10267459298860797 0.10111240391675141 0.099271452439911215 0.097306614904793573 0.095464727673501837 0.093980357272927917 0.092911026428930801 0.092160973353397541 0.091620354303234244 0.091215230331836233 0.0909009907350877 0.090650599205904056 0.09044700143277451 0.090279034535491243 0.09013908962327645 0.090021809963875224 0.089923332081853519 0.089840795080452146 0.089772062531045166 0.089715508275735573 0.089669898467467118 0.089634296655692211 0.08960800365507289 0.089590514697635085 0.089581490905136341 0.089580741316466955 0.089588212221280356 0.08960398417882906 0.089628275685176631 0.089661454736589333 0.089704057453626265 0.089756817698225744 0.089820711283334576 0.089897017586861153 0.089987417283627538 0.090094112095234061 0.090220045056915804 0.09036918316917314 0.090547019015119135 0.090761343366848907 0.091023569976867891 0.091351111491252926 0.091771523885304393 0.09233017945591579 0.093102051492211416 0.094197932168211457 0.095712863377841323 0.097585311072550418 0.099575998027423188 0.10143634711261135 0.10301251495616338 0.10425767578879018 0.10520562689934577 0.10593354794155743 0.10654005785225103 0.10714089664026824 0.1074301874012429 0.10668064940715584 0.10596492758892159 0.10514734627838772 0.10409947242957138 0.10268331329085728 0.10077734942851815 0.098388902813532075 0.095769718773934739 0.093348959529443443 0.091452424663734197 0.090115107003476427 0.089187721974565745 0.088523638769449881 0.088027957706992677 0.087644428750843995 0.087339300092076341 0.087091418877267318 0.086887001374668052 0.086716683565791056 0.086573889846274746 0.086453886937237115 0.086353175245783481 0.086269144367399381 0.086199808969622149 0.086143663373150436 0.086099564859211483 0.086066659804898013 0.086044331090666795 0.086032163066876235 0.08602991949645164 0.086037530402756121 0.086055088305884625 0.086082852583740183 0.086121263401555223 0.086170964351778429 0.086232838427367231 0.086308061821411611 0.086398179122626539 0.086505222480891361 0.086631858774563003 0.086781659081754073 0.086959447604033527 0.087171920350913201 0.087428604493885897 0.087743512185298772 0.08813812880448936 0.088646702114809003 0.089326240698631348 0.090272761427735645 0.091634190305432225 0.093559892181085721 0.096010943085062056 0.098655383160186072 0.1010616159909305 0.10298008044832153 0.10440676019673355 0.1054645900570108 0.10629180347480381 0.10701713889695401 0.10777721205211251 0.10797260936095784 0.10716461844186677 0.10639512813083503 0.10554990951155144 0.10449135467892334 0.10305442160331789 0.10099215209592088 0.098081708448897562 0.094693845658670853 0.091684287852056276 0.089407423950345608 0.087820309726659621 0.086725714177134136 0.085944073560766901 0.085361518138194134 0.084911124888369646 0.084552920039006052 0.08426192264917233 0.08402188566197534 0.083821786849896995 0.083653894052988467 0.083512645649766556 0.083393931794136289 0.083294687961114444 0.083212583750975483 0.08314585165212024 0.083093149720765827 0.083053474704233243 0.083026100160914218 0.083010535213563746 0.083006498606883264 0.083013903133787037 0.083032851091454793 0.083063639240352233 0.083106774913878093 0.083163002392724006 0.083233344807357224 0.083319166869529435 0.083422262722516738 0.083544995020571139 0.083690467540178282 0.083862840216350751 0.08406773909216253 0.084312982688693555 0.084609712060969094 0.084974343839021735 0.085432111991182905 0.086023381540853344 0.086815707729733349 0.087923991202452548 0.08952933768471133 0.091830548790584152 0.094870177243838699 0.098286140451694828 0.1012163000145432 0.10329552843806455 0.1047494037490171 0.10582361167226399 0.10668280540766753 0.10746521969477446 0.10828656029776115 0.10839877900068577 0.10755813217018335 0.10674906281272735 0.10589235658536364 0.10486028800009839 0.10348774477197681 0.10154925105797308 0.098398580632153718 0.094086396943044298 0.090512990084151243 0.087844614991740622 0.085996428575310702 0.084725856875444663 0.083820123465056767 0.083145748592268212 0.082624645861060497 0.082210297422227768 0.081873683260602459 0.081595952578917733 0.0813643286309082 0.081169854825281496 0.08100609229548919 0.080868284766782428 0.080752886598330381 0.080657201689361177 0.080579184980310803 0.080517283211164997 0.080470334247285016 0.080437495370656004 0.080418195429659389 0.080412104753973507 0.080419116977844776 0.080439343660588455 0.080473119830700379 0.080521022355490024 0.080583900200113245 0.080662922531817546 0.080759650764902893 0.080876139643455552 0.081015097147501325 0.081180083669098138 0.081375874619683403 0.081608934049315351 0.081888253082638834 0.082226657321910673 0.082643069627344662 0.083166621901074073 0.083844014598445607 0.084753651735637731 0.086029593506686444 0.087885679331089289 0.090566209607774575 0.094158918594679786 0.098502638590402161 0.10169104026919108 0.10366592129019526 0.10506953310073558 0.10612648352189723 0.10700267678614617 0.10782748522140037 0.10868291200078747
        </DataArray>
        <DataArray type="Float64" Name="stress_2d" NumberOfComponents="3" format="ascii">
          -4749.5991542200591 -29068.823814195097 -5824.3694862735547 -4078.0686563712889 -28616.993036621599 -4050.8273842193144 -3142.8708568999718 -27930.675188099689 -1317.8780313260277 -2743.9669723996867 -27635.627448216328 164.39002152953339 -2509.1408177072044 -27648.506122932253 957.17568518455278 -2311.6171667378503 -27894.481397436637 1344.6662617815173 -2106.8230469992386 -28307.526894787705 1486.3362402681432 -1884.7134714801196 -28826.780816862083 1477.538702762251 -1653.6491377034968 -29390.11432527881 1379.7926847762333 -1433.7042265591663 -29930.230131578217 1238.5592730504945 -1246.2610631747702 -30388.614225061327 1089.9138270365925 -1100.9540572842009 -30740.838557674098 956.59636492658149 -993.33718231860416 -30999.084427875612 845.41120680081008 -913.3332884267088 -31189.429726601218 753.51643258133936 -852.2302262222604 -31333.881998880497 676.00872803335255 -804.17007109109545 -31446.964927769281 608.92329814371726 -765.4291658165539 -31537.795146773322 549.49134636815847 -733.60795345213455 -31612.194840798915 495.81271558870873 -707.11060628294831 -31674.010477882941 446.5598029091733 -684.83935404439296 -31725.874167732778 400.77862063097717 -666.01544608270046 -31769.645735138212 357.76238012053784 -650.0722801955967 -31806.673942960475 316.97273921450119 -636.58877525850812 -31837.958062307676 277.98845740814306 -625.2473548815517 -31864.250005584541 240.47197673980315 -615.80606650166578 -31886.121875899327 204.14598845265522 -608.07977722034343 -31904.010804619313 168.77748906269659 -601.92729888450299 -31918.249435032689 134.16642667931237 -597.24249636063064 -31929.087579394654 100.13664345463525 -593.94821653524832 -31936.706906767162 66.529112857174212 -591.99191495244929 -31941.23083087783 33.196705913397395 -591.34311229392347 -31942.730966963616 -1.2852926648321272e-05 -591.99191335967794 -31941.230825825092 -33.19671581752656 -593.94821159494199 -31936.706898002507 -66.529112092747425 -597.24249238124344 -31929.087569518953 -100.1366557161128 -601.92728675369904 -31918.249418956013 -134.16645334106229 -608.07973001501887 -31904.010769353314 -168.77749790687241 -615.80598870064182 -31886.121826100916 -204.14595931491755 -625.24725965619029 -31864.249951954731 -240.47190355517864 -636.58866775733509 -31837.958015040054 -277.98836447798294 -650.07216715181391 -31806.67391003923 -316.97266634009935 -666.01535227977354 -31769.645723247959 -357.76230933491553 -684.83928937444307 -31725.874183212232 -400.77857819544863 -707.11057448743031 -31674.010517107163 -446.55978880385157 -733.60790771547272 -31612.194878320675 -495.81270515510607 -765.42910073242979 -31537.795181486559 -549.49134878904158 -804.17009139588345 -31446.964999673841 -608.92330025649994 -852.23028874098725 -31333.882088706807 -676.00872281435079 -913.33334213098613 -31189.429816133648 -753.5164286154295 -993.337260293594 -30999.084532790854 -845.41121703555314 -1100.9541305501562 -30740.838661654001 -956.59638944178914 -1246.2611407563168 -30388.614327652867 -1089.9138660769511 -1433.7043291828536 -29930.230235334639 -1238.5593179609323 -1653.6492658997572 -29390.114428904963 -1379.7927208495603 -1884.7135918707243 -28826.780920374 -1477.5387297471298 -2106.8231262004924 -28307.526994185122 -1486.3362607876054 -2311.6172235846261 -27894.481501139213 -1344.6662806163172 -2509.1408551535324 -27648.506226160982 -957.17570102833338 -2743.9669680251745 -27635.627545220166 -164.39003362763995 -3142.8708540526568 -27930.675290985237 1317.8780215092606 -4078.0686663321862 -28616.993135679819 4050.8273867449398 -4749.5991499769007 -29068.82390411029 5824.3694972244048 -2622.0176273233315 -16970.6945995434 -4900.6980795309091 -2082.2806481687908 -18436.452302112109 -3904.3593043443739 -1200.2012683641578 -20880.575969257679 -2172.6379827420146 -640.68061994924005 -22623.649675092685 -917.0130171765436 -269.28674952508129 -24052.116503398203 -39.465613893619036 12.289401988088571 -25327.813631102406 552.08682623855225 258.14681157916232 -26517.769168284463 926.17985334351806 492.14217141057554 -27638.619135178335 1132.3307073437086 717.20581392304086 -28671.077018085482 1208.5789520497701 922.07045328072707 -29568.318779188252 1190.5897808758746 1091.9804805461408 -30284.807872613979 1117.1668895430219 1221.1536898217364 -30814.699967504439 1023.6216765236029 1315.2956865257352 -31193.987135254891 931.05275872813729 1384.3716685804015 -31469.298695117395 846.54857534687221 1436.5933819913075 -31676.099179981138 770.54421057765205 1477.3365659928043 -31836.8168989531 701.73380564408978 1509.9644234544676 -31965.208872091793 638.70928011701494 1536.6197652510134 -32069.933383779891 580.30600629445064 1558.7153260698183 -32156.652632859565 525.61651969787556 1577.2160526440871 -32229.211865098576 473.93849356236308 1592.8024496468779 -32290.311945771675 424.72181307733564 1605.9671418396488 -32341.902211898749 377.52874300542555 1617.0746750367425 -32385.421244882204 332.00417602079722 1626.3989959586822 -32421.948014053651 287.8548720376308 1634.1481285233783 -32452.301212708313 244.83352272793007 1640.4808754795399 -32477.104950043969 202.72760997661118 1645.518014112447 -32496.833320584206 161.35120492290605 1649.3501270059962 -32511.841845310875 120.53791052957666 1652.0430681838629 -32522.388698223269 80.135444696651547 1653.6416284762927 -32528.649136106247 40.001409871823967 1654.1716776723229 -32530.72483661865 -5.6331609972204433e-06 1653.6416730767633 -32528.64912122977 -40.001384846480889 1652.0431845722283 -32522.388660539622 -80.135389441018219 1649.3502299492375 -32511.841823149476 -120.53787968694766 1645.5180965194384 -32496.833315396485 -161.35118481773674 1640.4809965607487 -32477.104935291245 -202.72755743093546 1634.1482891830274 -32452.301188011366 -244.83344029707848 1626.3991742363446 -32421.947985023471 -287.85475266768418 1617.0748736155492 -32385.421211415836 -332.0040345152081 1605.9673472893292 -32341.90218622503 -377.52863776693118 1592.8026409413669 -32290.311932481425 -424.72173402523651 1577.2162286192406 -32229.211864539018 -473.93843918564232 1558.7154642905712 -32156.652656303435 -525.61649075279047 1536.6198577215628 -32069.933432667385 -580.3059949700023 1509.9644904393588 -31965.208936174575 -638.70928477810662 1477.3365704167968 -31836.816992198939 -701.73382511543878 1436.5933513053535 -31676.099283362048 -770.54424166251908 1384.3716201119953 -31469.298793805792 -846.54859654972529 1315.2956072438678 -31193.987243022555 -931.05277715982038 1221.1536192651724 -30814.700074179913 -1023.6217132682211 1091.9803938184882 -30284.807977025615 -1117.1669368543951 922.07034987046393 -29568.318872850676 -1190.5898108709355 717.20570260960119 -28671.077104194843 -1208.5789641954884 492.14205313805951 -27638.61922122036 -1132.3307142109109 258.14671527188762 -26517.769246439384 -926.1798578351669 12.289331147039434 -25327.813702111926 -552.08682382408301 -269.28679405826716 -24052.11657113882 39.46562388473717 -640.68064336207965 -22623.649752060741 917.01302563409945 -1200.2012956260937 -20880.576057739272 2172.6379920012841 -2082.2806631759981 -18436.452380626757 3904.3593252989913 -2622.0176227290767 -16970.694668177388 4900.6981064979973 -194.82045179252265 -3510.5641705863613 -2124.3583048611426 172.82460204721016 -6001.9442171329847 -2177.9421979510926 883.87853619007001 -10556.590939432695 -1995.2534672935453 1509.214079149807 -14331.281173166308 -1404.7706034727817 2021.7820949795257 -17510.914210008541 -679.13361712322137 2450.8014651871099 -20279.328534335265 24.988661541821273 2827.4954471484562 -22752.371650353831 620.60827090645114 3166.9576938326904 -24980.603261902004 1061.3604074331556 3466.993072684978 -26953.696141405537 1329.5488565806102 3714.9616872478482 -28612.714214239604 1436.318908323605 3901.3895464032948 -29902.443861531832 1423.5864587066487 4030.4472876671434 -30836.06219993627 1347.2449597723216 4116.9413123256891 -31493.293427783297 1249.542518538904 4176.0739340141545 -31964.409086090109 1150.3373385816285 4218.241366108221 -32314.961258454739 1055.9244722461644 4249.6035957225522 -32585.408763894724 967.46137576013689 4273.7460380389239 -32800.201663356856 884.56587270696696 4292.8282269037654 -32974.567750316914 806.49896561122887 4308.2106492325092 -33118.38641666669 732.51963483301415 4320.7877614861964 -33238.32410569553 661.97565883832999 4331.1702271924087 -33339.038472472123 594.31340042147713 4339.7879088481604 -33423.876139530999 529.06723383962412 4346.951197925875 -33495.297510666431 465.84351070622427 4352.8885440496351 -33555.141928699661 404.3067385672046 4357.7701866607513 -33604.801084946725 344.1665738991889 4361.7241353270256 -33645.333379846263 285.16830371109637 4364.8464704263861 -33677.541237152844 227.08536211944792 4367.2083512476474 -33702.025432221868 169.71217125844839 4368.8611220020657 -33719.221651316009 112.85853382684071 4369.839547925716 -33729.425367872507 56.345112735453974 4370.1635359039519 -33732.807901629778 1.4771562950599559e-05 4369.8396156406725 -33729.425351783299 -56.345037522379869 4368.86128641703 -33719.221603638907 -112.85841402759306 4367.208451754901 -33702.025423321596 -169.71208190024149 4364.8465495589253 -33677.541247152316 -227.08528739613485 4361.724281947143 -33645.33336363866 -285.16820134686975 4357.7703527160074 -33604.801059370759 -344.16646315063423 4352.8887352603097 -33555.141886374644 -404.30660524004924 4346.9514183224983 -33495.297447066427 -465.84335576234076 4339.7881091520339 -33423.876081718816 -529.06711953404499 4331.1704186932402 -33339.038415061368 -594.31332537866729 4320.7879254208547 -33238.324051512398 -661.97558965052644 4308.210793678586 -33118.386363491329 -732.51957018849464 4292.8283194454561 -32974.567717742611 -806.49891372537684 4273.7460869948527 -32800.201649557261 -884.56582322067561 4249.6036432887122 -32585.408758669593 -967.46135292459849 4218.2413908412127 -32314.961269615866 -1055.9244853742514 4176.0738942321977 -31964.409110209082 -1150.337329775334 4116.9412310084617 -31493.293456556759 -1249.542484626792 4030.4472217537013 -30836.062236663209 -1347.2449520489272 3901.3894580297447 -29902.443920835511 -1423.5864667185681 3714.9615977856251 -28612.714262451758 -1436.31889028104 3466.9930027632995 -26953.696165947225 -1329.5488210507026 3166.9576051631211 -24980.603288189399 -1061.3603728125211 2827.4953505087224 -22752.371679932305 -620.60824109526061 2450.8013950242093 -20279.328547878264 -24.988623751835977 2021.7820551367868 -17510.914215007713 679.13366421234173 1509.2140361890959 -14331.281207805121 1404.7706456347687 883.878498045426 -10556.590994539569 1995.25351038394 172.8245843705638 -6001.9442727295191 2177.9422477668932 -194.82046591275679 -3510.5642306491359 2124.3583548315355 364.72969058345529 -772.48203691158074 189.6525388907408 472.04981451850296 -2385.5465206529766 -93.478208533657664 721.91963585732788 -5715.3221336727493 -409.09039872861501 1054.9171192164697 -9147.6562272450828 -259.93252775718651 1469.8239075556146 -12548.435883592259 224.73221796134766 1940.7808879754298 -15885.850966296272 858.64728184427611 2440.8057218317854 -19142.58539869688 1471.896963663522 2931.4085372489699 -22261.46552401402 1937.8474877078102 3362.4798532000314 -25125.027749817295 2188.6602894793173 3690.6784068825418 -27571.071695941009 2226.5345291482777 3904.2573091564823 -29475.612697963421 2116.8938572941784 4026.4818601889574 -30844.989310187437 1944.3688619139634 4092.0919467405074 -31799.231093780538 1765.0034688702294 4127.3638038435947 -32476.345824379183 1599.524227748499 4147.0097615838467 -32975.776649069681 1450.9678730203136 4158.3069872623628 -33358.326680361264 1317.2432746542131 4164.9013851074415 -33660.383061059991 1195.5805378108262 4168.7212460590072 -33904.414984204253 1083.5813576997784 4170.8477781089214 -34104.894869780692 979.34678609586035 4171.919355012792 -34271.528714684122 881.39851814056794 4172.3299560320174 -34411.062303004226 788.57723829215115 4172.3315686949436 -34528.320814552048 699.96144958859145 4172.0902543755519 -34626.837899512175 614.80535902015583 4171.7181769031777 -34709.246415638772 532.49494061707071 4171.2922834563788 -34777.532625114589 452.5139959784442 4170.8661857851257 -34833.203460920333 374.42046369878142 4170.4774994695981 -34877.399042746831 297.82882075807754 4170.1523966736386 -34910.971469962125 222.39502040864451 4169.9087148712524 -34934.537945431417 147.8051971663285 4169.7581775934214 -34948.516632608094 73.766501941779694 4169.7072998571239 -34953.149753601028 1.0774972176719189e-05 4169.758159783607 -34948.51662061883 -73.766454221175707 4169.9087063169236 -34934.537906927406 -147.80512136458913 4170.1523161282566 -34910.971440659647 -222.39496035601547 4170.4773936851334 -34877.399005811851 -297.82877699335074 4170.8661022165097 -34833.203395049633 -374.42042584554417 4171.2922206737248 -34777.532526778785 -452.51396997601853 4171.7181302579684 -34709.246280665087 -532.49490866971405 4172.0901818906905 -34626.837744071068 -614.80529774429783 4172.331460680678 -34528.320658695615 -699.9613774999176 4172.3298812672438 -34411.06213698272 -788.57717399530156 4171.91931081438 -34271.52854557291 -881.39845797837506 4170.8477788702085 -34104.894690224719 -979.34670677311794 4168.7212497009077 -33904.414821052698 -1083.5812676199484 4164.9014089811881 -33660.382909586362 -1195.5804563848792 4158.3070771341445 -33358.326525613025 -1317.2432162721914 4147.0098453661703 -32975.776534224497 -1450.9678535132191 4127.3638195120257 -32476.345760816606 -1599.5242045547261 4092.0919215846534 -31799.231051604511 -1765.0034317173743 4026.4818378339405 -30844.989280859925 -1944.3688404125442 3904.2572754154639 -29475.612694263466 -2116.8938472797818 3690.6783714934863 -27571.07169458671 -2226.5345094776339 3362.4798302422291 -25125.027728378482 -2188.660252816665 2931.4085096897575 -22261.465499046051 -1937.8474396223901 2440.8056832950724 -19142.585390386794 -1471.8969136714991 1940.7808587009811 -15885.850962115253 -858.64722588367556 1469.8238946981019 -12548.43587240289 -224.73215338149419 1054.9171052992278 -9147.6562339310458 259.93258858023324 721.91963088368618 -5715.3221579209767 409.09045797913802 472.04980835807874 -2385.5465643356988 93.478266136335492 364.72967159357449 -772.48210080327931 -189.65248829180564 483.23257725355961 1091.7458611198356 745.93055978530231 279.79618093948579 -262.34008334456087 470.34785844525084 15.723838603293103 -2947.0677878645984 201.3000432595268 8.3746778864087048 -5731.0547358024887 436.06514205327056 211.70607456144509 -8809.5556597384129 1044.4794018927266 593.23368128723052 -12242.33642546127 1850.9984881223202 1105.8147044521875 -15993.952145228741 2628.0716264991315 1658.5012737749894 -19893.805209911221 3158.8302179401253 2123.0193268843132 -23635.348874016472 3327.2906460100257 2405.5431075578749 -26865.998481498551 3174.4414121275636 2509.9557397529707 -29354.437417082769 2852.4226209063349 2505.9724879745331 -31107.416057962939 2506.093408593867 2460.2104910241765 -32303.129092375199 2202.6811534108365 2406.9034332059737 -33136.900372956428 1950.6356889182127 2357.0440836254038 -33744.167051364944 1739.6735350975541 2313.0888839966187 -34205.064827790564 1559.0245749669509 2274.9911573968106 -34566.485789405895 1400.7092706278072 2242.0976202466813 -34856.9279130371 1259.1516502749503 2213.6982264354078 -35094.530876577533 1130.4371794420813 2189.1690129464678 -35291.349243345023 1011.7544000307863 2167.995185044053 -35455.700013336922 901.02679821775837 2149.7613178284228 -35593.496969437954 796.6795325692832 2134.1348106838027 -35709.049674389513 697.48637207214779 2120.8503946977562 -35805.555989080007 602.46979442227268 2109.6968141711122 -35885.420082362965 510.83084984618 2100.5067405288491 -35950.460810914461 421.90160363992425 2093.1492286939315 -36002.051104272708 335.11130545896981 2087.5238879266331 -36041.215024400066 249.95959110086068 2083.5564430416198 -36068.693238351378 165.99668688676326 2081.195830064994 -36084.987087717229 82.807629266884035 2080.4122082601398 -36090.386720659037 1.1659554530751848e-05 2081.1957823893886 -36084.987086889065 -82.807598034423137 2083.5563913823889 -36068.693212122234 -165.99666492960176 2087.5238178986779 -36041.214972754242 -249.95959233994475 2093.149081487345 -36002.051054786738 -335.11130236925663 2100.5065478460465 -35950.460764806892 -421.9016017227035 2109.6966796828974 -35885.420007985529 -510.83087740878739 2120.8502693774039 -35805.555907472633 -602.46984933380509 2134.1346502039974 -35709.049597757592 -697.48639168671093 2149.7611566183068 -35593.49688593774 -796.67950537741069 2167.9950502074776 -35455.699918609404 -901.02676933110274 2189.1689551965883 -35291.349124169414 -1011.7543728032001 2213.6982228747229 -35094.530746677214 -1130.4371276800714 2242.0976212399337 -34856.927795965043 -1259.151601473774 2274.991238738015 -34566.485655469827 -1400.7092491095668 2313.0890312144697 -34205.064685004589 -1559.0245761111098 2357.0441979613593 -33744.166944680488 -1739.6735688307781 2406.9035046238714 -33136.900302107962 -1950.6357346666916 2460.2105248305911 -32303.129048432733 -2202.681209390395 2505.9724963967233 -31107.416024859711 -2506.0934683927694 2509.9557443392655 -29354.437383873767 -2852.4226790931011 2405.5431067527252 -26865.998451039188 -3174.4414590858614 2123.0193290057373 -23635.348838508417 -3327.2906628744631 1658.5012871393301 -19893.805166296108 -3158.830199731533 1105.814727301439 -15993.95211034282 -2628.0715842965606 593.23370402290027 -12242.336415608441 -1850.9984344510417 211.70610084348951 -8809.5556633671658 -1044.4793406557162 8.3747092711852531 -5731.054745768467 -436.06508508906234 15.723858159154354 -2947.0678101593276 -201.29999153674993 279.79618357763258 -262.34013214252587 -470.34781081854771 483.23257230555345 1091.745791517076 -745.93051789308379 155.62973296522748 1564.4874100575944 657.96450921982409 -162.65094826606207 770.20336668330651 360.38182460062455 -629.34719851998625 -946.92177997694012 95.520442369165494 -818.01935621919324 -2972.1197836706642 423.90404727534099 -814.51167444699104 -5480.7721443733535 1230.9299518119926 -630.34435260416603 -8728.1256395193996 2364.5802905011838 -249.64829993471611 -12854.129667583838 3510.8253427049012 222.78842805703172 -17635.115876420223 4242.3076085355533 535.86592929813332 -22427.925586813442 4306.3310828774529 525.85454763876464 -26515.469955385484 3853.0783380428657 275.97728592708779 -29538.30720594163 3244.9861064730944 -25.772991472228341 -31576.296805256905 2716.3055130654934 -280.06824523171201 -32922.658817074705 2312.9706221102542 -477.20199740045405 -33844.574990778507 2005.701698289673 -629.79409186860482 -34508.861483122819 1762.7419348089866 -750.17339147772987 -35009.613859710473 1562.8054683623004 -847.10304529254597 -35400.479025767156 1392.644860890392 -926.50186256703341 -35713.547368492596 1243.8712206616249 -992.39762010528534 -35969.031190655303 1110.966696886328 -1047.5942399549344 -36180.262119225597 990.15201760590162 -1094.0934804478798 -36356.386999338196 878.73729179859959 -1133.3566020694818 -36503.881701358972 774.74275665266555 -1166.4706398610056 -36627.449372972886 676.66521082996417 -1194.2555019692222 -36730.570462767253 583.3317822093735 -1217.3358489240791 -36815.855784748244 493.80180091767176 -1236.1894624235604 -36885.277030811492 407.30157858267256 -1251.1801944627518 -36940.320389628781 323.17925257680184 -1262.5812237678897 -36982.093149945082 240.87040437940939 -1270.5911416573313 -37011.39539892941 159.87280738789127 -1275.3449512388324 -37028.768374382867 79.726797766290403 -1276.9210061472741 -37034.52521404931 -4.5857544650473869e-05 -1275.3449482053502 -37028.768367744073 -79.72689015157404 -1270.5911249545943 -37011.395385565345 -159.8729064561569 -1262.5811916675384 -36982.093141723468 -240.87050209253556 -1251.1802044391234 -36940.320415883471 -323.17931873195823 -1236.1894646049409 -36885.277066512994 -407.30161074187203 -1217.3357921398886 -36815.855810730136 -493.80185281116349 -1194.255437948987 -36730.570502744762 -583.33186757307294 -1166.4705685143026 -36627.449416252755 -676.6652461185522 -1133.3565319915235 -36503.881744297141 -774.7427417590967 -1094.0934465100086 -36356.387054822684 -878.73726954017798 -1047.594197864822 -36180.262162614643 -990.15197026317264 -992.39759099468529 -35969.031220477271 -1110.9666479369005 -926.5018467759279 -35713.547375753253 -1243.8711883894987 -847.1029724703601 -35400.478983774003 -1392.6448299442516 -750.17330317528263 -35009.613796362319 -1562.8054563980968 -629.79404801482599 -34508.861426567746 -1762.7419439228725 -477.20196828756173 -33844.574932079915 -2005.7017133736413 -280.06822542693754 -32922.658763010775 -2312.9706620072384 -25.772986980520272 -31576.296751106049 -2716.3055729067946 275.97728702427662 -29538.307146312316 -3244.9861711956351 525.85454806860901 -26515.469898749965 -3853.0783996340233 535.86594624710949 -22427.925524729988 -4306.3311258825534 222.78845197084237 -17635.115814402328 -4242.3076172943465 -249.64826002453725 -12854.129620303202 -3510.8253163492013 -630.34429579534958 -8728.1256213154666 -2364.5802458114831 -814.51161452907354 -5480.7721577043785 -1230.9299045788275 -818.01929428313792 -2972.1198185976527 -423.90400556547758 -629.34714896605533 -946.92182232591176 -95.520408658342035 -162.65092540849895 770.20330844094042 -360.38180209393983 155.62974044070558 1564.4873356037613 -657.96449315937195 -111.82285211586402 1256.9227789556446 260.51217475894623 -370.61302214971886 981.53568445406074 -6.063281498829781 -723.38641879509964 237.14246981295622 -290.58165421011978 -851.35955389345554 -891.50618045447357 -69.825970659537973 -925.88640670248606 -2520.36695030496 685.9290129060596 -1032.8863445681093 -5090.0511938248246 2006.7435315152825 -1085.4786940474035 -9291.9749822230588 3664.2993600135269 -1015.1787754015422 -15160.547050274303 4835.1581927893712 -1250.1526212479514 -21376.586033022017 4782.3216464592942 -2040.5939284258382 -26420.85024542308 3929.9173485460651 -2940.0567159126758 -29853.836802426551 3097.0392805821975 -3614.2611670260694 -32044.956305225009 2509.4769946666243 -4074.3320029037804 -33465.337844663562 2104.9388628117135 -4392.5903227723702 -34430.845308800097 1811.8480792786606 -4622.310940070377 -35124.407962205194 1586.1485201450528 -4795.2092270960748 -35646.488585775012 1403.1585219891556 -4929.7897787619786 -36053.71508224943 1248.7864134792578 -5037.244930413799 -36379.770044621764 1114.5420013050204 -5124.6609192707947 -36645.801872822958 995.01760012156353 -5196.7226515882467 -36865.733327211194 886.59160325622065 -5256.6460090096834 -37049.105400906374 786.72856090635332 -5306.7069867793916 -37202.667630620002 693.58573108997575 -5348.5570889982173 -37331.319340834263 605.77778014376054 -5383.4170027830387 -37438.684852976534 522.23236779499621 -5412.2011809538908 -37527.482163083027 442.09505867260901 -5435.5993088832856 -37599.763527453695 364.66685379192 -5454.1307358440117 -37657.075677566652 289.36137622390333 -5468.1819528389169 -37700.570917406345 215.67273925960637 -5478.0319707058634 -37731.081809602358 143.15207594043579 -5483.8693485187023 -37749.171509173328 71.389501755084069 -5485.80325632321 -37755.165875720697 -7.3206196987030125e-05 -5483.869394706051 -37749.171524812693 -71.389653211550041 -5478.0319749048767 -37731.081803904075 -143.15220967109784 -5468.1819045527836 -37700.570895564291 -215.67281982079305 -5454.1306776467036 -37657.07566960546 -289.36142062805334 -5435.5992295861706 -37599.763524877351 -364.66687831166081 -5412.2010956246368 -37527.482167014583 -442.09509073871448 -5383.4169523811697 -37438.684885227158 -522.23240221052424 -5348.5570779068685 -37331.319401799046 -605.77775659667816 -5306.7069733361732 -37202.667697202836 -693.58568052256919 -5256.6459790041845 -37049.105453409349 -786.7285108331173 -5196.7226646896379 -36865.733373286217 -886.59153223962232 -5124.6609778621341 -36645.801918194469 -995.01753424043352 -5037.2449750146698 -36379.77007025895 -1114.5419338955596 -4929.7897969719879 -36053.715080794122 -1248.7863318307382 -4795.2092547153552 -35646.488580006655 -1403.1584635639369 -4622.3109666127284 -35124.407944098275 -1586.1484802844359 -4392.5903375841353 -34430.845267260549 -1811.8480390589716 -4074.3319831384024 -33465.337784483978 -2104.9388399941399 -3614.2611159279827 -32044.956237978269 -2509.4769926519962 -2940.0566745775259 -29853.836739650149 -3097.0392889021732 -2040.593886909985 -26420.850176796994 -3929.9173678575426 -1250.1525601749624 -21376.585943407579 -4782.3216627454731 -1015.178724980119 -15160.546959005584 -4835.1581852277868 -1085.4786489245032 -9291.9749147207749 -3664.2993283498795 -1032.8862775353452 -5090.0511607984727 -2006.7434858055378 -925.88633405610415 -2520.3669637533326 -685.92896689963288 -851.35948731612189 -891.50623185971756 69.826002341565655 -723.38634942085639 237.14242146814846 290.58167456716114 -370.61296664896702 981.53564472728033 6.0632871832779287 -111.82281318279013 1256.9227334265938 -260.51218239014327 -106.4483695379711 625.72104975347975 -27.792824321071038 -141.88272735776775 673.04111387754688 -259.70420380137199 -43.64785477857194 606.39800520274184 -615.89667843129814 255.39989567943101 254.35185881451412 -694.91508487272495 481.66857647219217 -411.54684578698465 -379.59925665213899 371.02723242678826 -1698.6396803327389 519.36681906494982 -314.15041478761759 -4998.8211799131604 2270.3813540445485 -1825.0001649925234 -11916.46399243781 4145.9944334219326 -4091.0110430845316 -20207.658927872362 4323.6578985198703 -6224.3141057390576 -26296.140723102959 3317.2724094045689 -7597.198688688346 -29983.700102077717 2622.6072058396358 -8406.7610883228463 -32296.881898762331 2179.1900183992129 -8896.2874021963762 -33793.938952587123 1869.1708797118904 -9211.0612902499161 -34811.438795427515 1636.658068575091 -9427.7318325877677 -35542.408181721839 1451.4268951489425 -9585.5305835726194 -36092.650459505297 1296.8525516631742 -9705.4416137485478 -36521.822893135817 1163.3058090453133 -9799.4484709359658 -36865.422663943667 1044.8634244881514 -9874.834389923104 -37145.744550139098 937.67134317536613 -9936.267203004727 -37377.468500624404 839.09595570404383 -9986.8745883197425 -37570.655742557894 747.25864215348213 -10028.82704942479 -37732.424163853735 660.77028589091208 -10063.674582867414 -37867.940652336169 578.56979241007889 -10092.547959937907 -37981.027569058388 499.82375077319665 -10116.284790681122 -38074.551310948249 423.85891611148543 -10135.511213149744 -38150.676211708327 350.11770932576769 -10150.695109850627 -38211.033388210497 278.12718175393616 -10162.182624333067 -38256.838043478165 207.47515100827582 -10170.222413600954 -38288.968153692978 137.79279792212125 -10174.981880126521 -38308.017551072175 68.741083430062289 -10176.557868323767 -38314.329892648755 1.849738790582478e-05 -10174.981964589442 -38308.01760449585 -68.741049430678771 -10170.222365265421 -38288.96816853348 -137.79274638118284 -10162.18254425026 -38256.838051738669 -207.47504554833671 -10150.695081178736 -38211.033411569762 -278.1270527466354 -10135.511150402297 -38150.676207724609 -350.11759053539305 -10116.284728228511 -38074.551300821659 -423.85880820264049 -10092.5479743301 -37981.027593079962 -499.82364445531766 -10063.674651969159 -37867.940692668264 -578.56966784626763 -10028.8270687677 -37732.424172600877 -660.77017335267237 -9986.8745874682336 -37570.655735324632 -747.25856608064464 -9936.2673090317749 -37377.468526644501 -839.09588193684294 -9874.834510622939 -37145.744575927092 -937.67126382524896 -9799.4485233719661 -36865.422659164891 -1044.8633494112491 -9705.4416366450441 -36521.822867948613 -1163.3057317702285 -9585.5306018597075 -36092.65042927282 -1296.8524946299747 -9427.7318502277667 -35542.408151158015 -1451.4268568444277 -9211.0613070154213 -34811.438759310498 -1636.6580269079755 -8896.2873743231339 -33793.938901308968 -1869.170837590033 -8406.7609984042938 -32296.881840709553 -2179.18997774123 -7597.198586241766 -29983.700056005327 -2622.6071712389639 -6224.3140042280438 -26296.140674924085 -3317.2723913938135 -4091.0109177075074 -20207.658834816601 -4323.6578834280381 -1825.0000446671286 -11916.463864086072 -4145.9943903222365 -314.15033879581188 -4998.8210946061936 -2270.381298484524 371.02730048773225 -1698.6396489685542 -519.36676823986977 481.6686431405459 -411.54685207243489 379.59929606058989 255.39994726828539 254.351830601605 694.91509960179462 -43.647801633975725 606.39799555620982 615.89669148010751 -141.88268392799264 673.04111646451963 259.70421635032653 -106.44834245719743 625.72104896744702 27.792828659648364 -19.792539095526521 286.67852192904286 -101.54708457548762 84.524116149099427 424.98158426010338 -316.17715792890044 487.8855732926682 590.86394765911427 -717.26104725122036 1114.7426435691009 565.16397267503885 -983.24032243366332 1629.3254121417033 344.43700873448745 -986.53068208051775 1676.8259024976694 -162.94612982227878 -520.76518884244172 681.46776926998518 -2642.4863785577231 1046.2722724066191 -2093.1689694840493 -10006.637195063639 3328.7241349304531 -5976.9893122658341 -19542.002143010297 3796.3414629767276 -8897.5389020746497 -26172.646293334728 2855.0355038982125 -10346.283303429678 -29954.805370049886 2367.2975708729045 -11113.160219515774 -32348.028279499697 2044.7450488123377 -11550.238446897256 -33897.026839874787 1796.6591825173055 -11820.496430921554 -34949.577349110717 1597.7064937819273 -12001.564354866674 -35705.33644486071 1431.8600441008957 -12130.917277745459 -36273.926514370381 1289.0579570713512 -12227.823368489328 -36717.187487311829 1162.8665157308699 -12302.972524407121 -37071.910544090351 1049.0460683169022 -12362.723118210593 -37361.197676852011 944.69406000836898 -12411.080962250006 -37600.254879029126 847.74802514410248 -12450.69468654831 -37799.500472774933 756.69007143142176 -12483.382081518146 -37966.302361188595 670.36873606292193 -12510.429650596661 -38106.007225318768 587.88529330958386 -12532.76909513769 -38222.569375939223 508.52091296579272 -12551.086028505168 -38318.953330354037 431.6855181824518 -12565.890585342113 -38397.397065920071 356.88371181908798 -12577.562209130774 -38459.586809323533 283.69040573948871 -12586.380725152741 -38506.778689941297 211.73132595934666 -12592.546516546739 -38539.880087247497 140.66878818073141 -12596.194194582848 -38559.504627934788 70.190392591671184 -12597.401657271032 -38566.007430852856 6.1966394529378022e-05 -12596.194253157184 -38559.504675381817 -70.190263945586196 -12592.546392855869 -38539.880105798744 -140.6686379365614 -12586.380617500954 -38506.778761743306 -211.73113152959945 -12577.562210872011 -38459.586935278101 -283.69019245141021 -12565.89050285898 -38397.39713315785 -356.88350843814885 -12551.085905871189 -38318.953357841237 -431.6853206626123 -12532.769060426446 -38222.569412922974 -508.52072960764167 -12510.42964343636 -38106.00722052966 -587.88511987920879 -12483.382003294952 -37966.302283879319 -670.36858354908645 -12450.694651052556 -37799.500421814737 -756.68996686203104 -12411.081077407118 -37600.254917593877 -847.74793114591921 -12362.723219808609 -37361.197712031848 -944.69396555426442 -12302.972549076814 -37071.910531022571 -1049.0459974368703 -12227.823376179045 -36717.187441838149 -1162.8664486439288 -12130.917263147869 -36273.926439858682 -1289.0578993756128 -12001.564358780837 -35705.336385128554 -1431.8600000927954 -11820.496451770807 -34949.577316736788 -1597.7064471547124 -11550.238426950806 -33897.026806155831 -1796.659131890724 -11113.160130466127 -32348.028233054509 -2044.7449930284042 -10346.283174793727 -29954.805330841722 -2367.2975176329155 -8897.5387756648488 -26172.646266312349 -2855.0354703429912 -5976.9891545055252 -19542.002059608421 -3796.3414384546522 -2093.1688025108783 -10006.637050153433 -3328.7240776089575 681.46786792239743 -2642.4862992942221 -1046.272204409775 1676.8259696419027 -162.94611931284231 520.76524111492461 1629.3254698078024 344.43700378036277 986.53071168435861 1114.742681581447 565.16396811111201 983.24032435439563 487.88560980033168 590.8639725868361 717.26105726641299 84.524135424905012 424.98161585536025 316.17717637524026 -19.792542747100203 286.67854670230491 101.54710109191572
        </DataArray>
        <DataArray type="Float64" Name="sigma_xx" format="ascii">
          -4749.5991542200591 -4078.0686563712889 -3142.8708568999718 -2743.9669723996867 -2509.1408177072044 -2311.6171667378503 -2106.8230469992386 -1884.7134714801196 -1653.6491377034968 -1433.7042265591663 -1246.2610631747702 -1100.9540572842009 -993.33718231860416 -913.3332884267088 -852.2302262222604 -804.17007109109545 -765.4291658165539 -733.60795345213455 -707.11060628294831 -684.83935404439296 -666.01544608270046 -650.0722801955967 -636.58877525850812 -625.2473548815517 -615.80606650166578 -608.07977722034343 -601.92729888450299 -597.24249636063064 -593.94821653524832 -591.99191495244929 -591.34311229392347 -591.99191335967794 -593.94821159494199 -597.24249238124344 -601.92728675369904 -608.07973001501887 -615.80598870064182 -625.24725965619029 -636.58866775733509 -650.07216715181391 -666.01535227977354 -684.83928937444307 -707.11057448743031 -733.60790771547272 -765.42910073242979 -804.17009139588345 -852.23028874098725 -913.33334213098613 -993.337260293594 -1100.9541305501562 -1246.2611407563168 -1433.7043291828536 -1653.6492658997572 -1884.7135918707243 -2106.8231262004924 -2311.6172235846261 -2509.1408551535324 -2743.9669680251745 -3142.8708540526568 -4078.0686663321862 -4749.5991499769007 -2622.0176273233315 -2082.2806481687908 -1200.2012683641578 -640.68061994924005 -269.28674952508129 12.289401988088571 258.14681157916232 492.14217141057554 717.20581392304086 922.07045328072707 1091.9804805461408 1221.1536898217364 1315.2956865257352 1384.3716685804015 1436.5933819913075 1477.3365659928043 1509.9644234544676 1536.6197652510134 1558.7153260698183 1577.2160526440871 1592.8024496468779 1605.9671418396488 1617.0746750367425 1626.3989959586822 1634.1481285233783 1640.4808754795399 1645.518014112447 1649.3501270059962 1652.0430681838629 1653.6416284762927 1654.1716776723229 1653.6416730767633 1652.0431845722283 1649.3502299492375 1645.5180965194384 1640.4809965607487 1634.1482891830274 1626.3991742363446 1617.0748736155492 1605.9673472893292 1592.8026409413669 1577.2162286192406 1558.7154642905712 1536.6198577215628 1509.9644904393588 1477.3365704167968 1436.5933513053535 1384.3716201119953 1315.2956072438678 1221.1536192651724 1091.9803938184882 922.07034987046393 717.20570260960119 492.14205313805951 258.14671527188762 12.289331147039434 -269.28679405826716 -640.68064336207965 -1200.2012956260937 -2082.2806631759981 -2622.0176227290767 -194.82045179252265 172.82460204721016 883.87853619007001 1509.214079149807 2021.7820949795257 2450.8014651871099 2827.4954471484562 3166.9576938326904 3466.993072684978 3714.9616872478482 3901.3895464032948 4030.4472876671434 4116.9413123256891 4176.0739340141545 4218.241366108221 4249.6035957225522 4273.7460380389239 4292.8282269037654 4308.2106492325092 4320.7877614861964 4331.1702271924087 4339.7879088481604 4346.951197925875 4352.8885440496351 4357.7701866607513 4361.7241353270256 4364.8464704263861 4367.2083512476474 4368.8611220020657 4369.839547925716 4370.1635359039519 4369.8396156406725 4368.86128641703 4367.208451754901 4364.8465495589253 4361.724281947143 4357.7703527160074 4352.8887352603097 4346.9514183224983 4339.7881091520339 4331.1704186932402 4320.7879254208547 4308.210793678586 4292.8283194454561 4273.7460869948527 4249.6036432887122 4218.2413908412127 4176.0738942321977 4116.9412310084617 4030.4472217537013 3901.3894580297447 3714.9615977856251 3466.9930027632995 3166.9576051631211 2827.4953505087224 2450.8013950242093 2021.7820551367868 1509.2140361890959 883.878498045426 172.8245843705638 -194.82046591275679 364.72969058345529 472.04981451850296 721.91963585732788 1054.9171192164697 1469.8239075556146 1940.7808879754298 2440.8057218317854 2931.4085372489699 3362.4798532000314 3690.6784068825418 3904.2573091564823 4026.4818601889574 4092.0919467405074 4127.3638038435947 4147.0097615838467 4158.3069872623628 4164.9013851074415 4168.7212460590072 4170.8477781089214 4171.919355012792 4172.3299560320174 4172.3315686949436 4172.0902543755519 4171.7181769031777 4171.2922834563788 4170.8661857851257 4170.4774994695981 4170.1523966736386 4169.9087148712524 4169.7581775934214 4169.7072998571239 4169.758159783607 4169.9087063169236 4170.1523161282566 4170.4773936851334 4170.8661022165097 4171.2922206737248 4171.7181302579684 4172.0901818906905 4172.331460680678 4172.3298812672438 4171.91931081438 4170.8477788702085 4168.7212497009077 4164.9014089811881 4158.3070771341445 4147.0098453661703 4127.3638195120257 4092.0919215846534 4026.4818378339405 3904.2572754154639 3690.6783714934863 3362.4798302422291 2931.4085096897575 2440.8056832950724 1940.7808587009811 1469.8238946981019 1054.9171052992278 721.91963088368618 472.04980835807874 364.72967159357449 483.23257725355961 279.79618093948579 15.723838603293103 8.3746778864087048 211.70607456144509 593.23368128723052 1105.8147044521875 1658.5012737749894 2123.0193268843132 2405.5431075578749 2509.9557397529707 2505.9724879745331 2460.2104910241765 2406.9034332059737 2357.0440836254038 2313.0888839966187 2274.9911573968106 2242.0976202466813 2213.6982264354078 2189.1690129464678 2167.995185044053 2149.7613178284228 2134.1348106838027 2120.8503946977562 2109.6968141711122 2100.5067405288491 2093.1492286939315 2087.5238879266331 2083.5564430416198 2081.195830064994 2080.4122082601398 2081.1957823893886 2083.5563913823889 2087.5238178986779 2093.149081487345 2100.5065478460465 2109.6966796828974 2120.8502693774039 2134.1346502039974 2149.7611566183068 2167.9950502074776 2189.1689551965883 2213.6982228747229 2242.0976212399337 2274.991238738015 2313.0890312144697 2357.0441979613593 2406.9035046238714 2460.2105248305911 2505.9724963967233 2509.9557443392655 2405.5431067527252 2123.0193290057373 1658.5012871393301 1105.814727301439 593.23370402290027 211.70610084348951 8.3747092711852531 15.723858159154354 279.79618357763258 483.23257230555345 155.62973296522748 -162.65094826606207 -629.34719851998625 -818.01935621919324 -814.51167444699104 -630.34435260416603 -249.64829993471611 222.78842805703172 535.86592929813332 525.85454763876464 275.97728592708779 -25.772991472228341 -280.06824523171201 -477.20199740045405 -629.79409186860482 -750.17339147772987 -847.10304529254597 -926.50186256703341 -992.39762010528534 -1047.5942399549344 -1094.0934804478798 -1133.3566020694818 -1166.4706398610056 -1194.2555019692222 -1217.3358489240791 -1236.1894624235604 -1251.1801944627518 -1262.5812237678897 -1270.5911416573313 -1275.3449512388324 -1276.9210061472741 -1275.3449482053502 -1270.5911249545943 -1262.5811916675384 -1251.1802044391234 -1236.1894646049409 -1217.3357921398886 -1194.255437948987 -1166.4705685143026 -1133.3565319915235 -1094.0934465100086 -1047.594197864822 -992.39759099468529 -926.5018467759279 -847.1029724703601 -750.17330317528263 -629.79404801482599 -477.20196828756173 -280.06822542693754 -25.772986980520272 275.97728702427662 525.85454806860901 535.86594624710949 222.78845197084237 -249.64826002453725 -630.34429579534958 -814.51161452907354 -818.01929428313792 -629.34714896605533 -162.65092540849895 155.62974044070558 -111.82285211586402 -370.61302214971886 -723.38641879509964 -851.35955389345554 -925.88640670248606 -1032.8863445681093 -1085.4786940474035 -1015.1787754015422 -1250.1526212479514 -2040.5939284258382 -2940.0567159126758 -3614.2611670260694 -4074.3320029037804 -4392.5903227723702 -4622.310940070377 -4795.2092270960748 -4929.7897787619786 -5037.244930413799 -5124.6609192707947 -5196.7226515882467 -5256.6460090096834 -5306.7069867793916 -5348.5570889982173 -5383.4170027830387 -5412.2011809538908 -5435.5993088832856 -5454.1307358440117 -5468.1819528389169 -5478.0319707058634 -5483.8693485187023 -5485.80325632321 -5483.869394706051 -5478.0319749048767 -5468.1819045527836 -5454.1306776467036 -5435.5992295861706 -5412.2010956246368 -5383.4169523811697 -5348.5570779068685 -5306.7069733361732 -5256.6459790041845 -5196.7226646896379 -5124.6609778621341 -5037.2449750146698 -4929.7897969719879 -4795.2092547153552 -4622.3109666127284 -4392.5903375841353 -4074.3319831384024 -3614.2611159279827 -2940.0566745775259 -2040.593886909985 -1250.1525601749624 -1015.178724980119 -1085.4786489245032 -1032.8862775353452 -925.88633405610415 -851.35948731612189 -723.38634942085639 -370.61296664896702 -111.82281318279013 -106.4483695379711 -141.88272735776775 -43.64785477857194 255.39989567943101 481.66857647219217 371.02723242678826 -314.15041478761759 -1825.0001649925234 -4091.0110430845316 -6224.3141057390576 -7597.198688688346 -8406.7610883228463 -8896.2874021963762 -9211.0612902499161 -9427.7318325877677 -9585.5305835726194 -9705.4416137485478 -9799.4484709359658 -9874.834389923104 -9936.267203004727 -9986.8745883197425 -10028.82704942479 -10063.674582867414 -10092.547959937907 -10116.284790681122 -10135.511213149744 -10150.695109850627 -10162.182624333067 -10170.222413600954 -10174.981880126521 -10176.557868323767 -10174.981964589442 -10170.222365265421 -10162.18254425026 -10150.695081178736 -10135.511150402297 -10116.284728228511 -10092.5479743301 -10063.674651969159 -10028.8270687677 -9986.8745874682336 -9936.2673090317749 -9874.834510622939 -9799.4485233719661 -9705.4416366450441 -9585.5306018597075 -9427.7318502277667 -9211.0613070154213 -8896.2873743231339 -8406.7609984042938 -7597.198586241766 -6224.3140042280438 -4091.0109177075074 -1825.0000446671286 -314.15033879581188 371.02730048773225 481.6686431405459 255.39994726828539 -43.647801633975725 -141.88268392799264 -106.44834245719743 -19.792539095526521 84.524116149099427 487.8855732926682 1114.7426435691009 1629.3254121417033 1676.8259024976694 681.46776926998518 -2093.1689694840493 -5976.9893122658341 -8897.5389020746497 -10346.283303429678 -11113.160219515774 -11550.238446897256 -11820.496430921554 -12001.564354866674 -12130.917277745459 -12227.823368489328 -12302.972524407121 -12362.723118210593 -12411.080962250006 -12450.69468654831 -12483.382081518146 -12510.429650596661 -12532.76909513769 -12551.086028505168 -12565.890585342113 -12577.562209130774 -12586.380725152741 -12592.546516546739 -12596.194194582848 -12597.401657271032 -12596.194253157184 -12592.546392855869 -12586.380617500954 -12577.562210872011 -12565.89050285898 -12551.085905871189 -12532.769060426446 -12510.42964343636 -12483.382003294952 -12450.694651052556 -12411.081077407118 -12362.723219808609 -12302.972549076814 -12227.823376179045 -12130.917263147869 -12001.564358780837 -11820.496451770807 -11550.238426950806 -11113.160130466127 -10346.283174793727 -8897.5387756648488 -5976.9891545055252 -2093.1688025108783 681.46786792239743 1676.8259696419027 1629.3254698078024 1114.742681581447 487.88560980033168 84.524135424905012 -19.792542747100203
        </DataArray>
        <DataArray type="Float64" Name="sigma_yy" format="ascii">
          -29068.823814195097 -28616.993036621599 -27930.675188099689 -27635.627448216328 -27648.506122932253 -27894.481397436637 -28307.526894787705 -28826.780816862083 -29390.11432527881 -29930.230131578217 -30388.614225061327 -30740.838557674098 -30999.084427875612 -31189.429726601218 -31333.881998880497 -31446.964927769281 -31537.795146773322 -31612.194840798915 -31674.010477882941 -31725.874167732778 -31769.645735138212 -31806.673942960475 -31837.958062307676 -31864.250005584541 -31886.121875899327 -31904.010804619313 -31918.249435032689 -31929.087579394654 -31936.706906767162 -31941.23083087783 -31942.730966963616 -31941.230825825092 -31936.706898002507 -31929.087569518953 -31918.249418956013 -31904.010769353314 -31886.121826100916 -31864.249951954731 -31837.958015040054 -31806.67391003923 -31769.645723247959 -31725.874183212232 -31674.010517107163 -31612.194878320675 -31537.795181486559 -31446.964999673841 -31333.882088706807 -31189.429816133648 -30999.084532790854 -30740.838661654001 -30388.614327652867 -29930.230235334639 -29390.114428904963 -28826.780920374 -28307.526994185122 -27894.481501139213 -27648.506226160982 -27635.627545220166 -27930.675290985237 -28616.993135679819 -29068.82390411029 -16970.6945995434 -18436.452302112109 -20880.575969257679 -22623.649675092685 -24052.116503398203 -25327.813631102406 -26517.769168284463 -27638.619135178335 -28671.077018085482 -29568.318779188252 -30284.807872613979 -30814.699967504439 -31193.987135254891 -31469.298695117395 -31676.099179981138 -31836.8168989531 -31965.208872091793 -32069.933383779891 -32156.652632859565 -32229.211865098576 -32290.311945771675 -32341.902211898749 -32385.421244882204 -32421.948014053651 -32452.301212708313 -32477.104950043969 -32496.833320584206 -32511.841845310875 -32522.388698223269 -32528.649136106247 -32530.72483661865 -32528.64912122977 -32522.388660539622 -32511.841823149476 -32496.833315396485 -32477.104935291245 -32452.301188011366 -32421.947985023471 -32385.421211415836 -32341.90218622503 -32290.311932481425 -32229.211864539018 -32156.652656303435 -32069.933432667385 -31965.208936174575 -31836.816992198939 -31676.099283362048 -31469.298793805792 -31193.987243022555 -30814.700074179913 -30284.807977025615 -29568.318872850676 -28671.077104194843 -27638.61922122036 -26517.769246439384 -25327.813702111926 -24052.11657113882 -22623.649752060741 -20880.576057739272 -18436.452380626757 -16970.694668177388 -3510.5641705863613 -6001.9442171329847 -10556.590939432695 -14331.281173166308 -17510.914210008541 -20279.328534335265 -22752.371650353831 -24980.603261902004 -26953.696141405537 -28612.714214239604 -29902.443861531832 -30836.06219993627 -31493.293427783297 -31964.409086090109 -32314.961258454739 -32585.408763894724 -32800.201663356856 -32974.567750316914 -33118.38641666669 -33238.32410569553 -33339.038472472123 -33423.876139530999 -33495.297510666431 -33555.141928699661 -33604.801084946725 -33645.333379846263 -33677.541237152844 -33702.025432221868 -33719.221651316009 -33729.425367872507 -33732.807901629778 -33729.425351783299 -33719.221603638907 -33702.025423321596 -33677.541247152316 -33645.33336363866 -33604.801059370759 -33555.141886374644 -33495.297447066427 -33423.876081718816 -33339.038415061368 -33238.324051512398 -33118.386363491329 -32974.567717742611 -32800.201649557261 -32585.408758669593 -32314.961269615866 -31964.409110209082 -31493.293456556759 -30836.062236663209 -29902.443920835511 -28612.714262451758 -26953.696165947225 -24980.603288189399 -22752.371679932305 -20279.328547878264 -17510.914215007713 -14331.281207805121 -10556.590994539569 -6001.9442727295191 -3510.5642306491359 -772.48203691158074 -2385.5465206529766 -5715.3221336727493 -9147.6562272450828 -12548.435883592259 -15885.850966296272 -19142.58539869688 -22261.46552401402 -25125.027749817295 -27571.071695941009 -29475.612697963421 -30844.989310187437 -31799.231093780538 -32476.345824379183 -32975.776649069681 -33358.326680361264 -33660.383061059991 -33904.414984204253 -34104.894869780692 -34271.528714684122 -34411.062303004226 -34528.320814552048 -34626.837899512175 -34709.246415638772 -34777.532625114589 -34833.203460920333 -34877.399042746831 -34910.971469962125 -34934.537945431417 -34948.516632608094 -34953.149753601028 -34948.51662061883 -34934.537906927406 -34910.971440659647 -34877.399005811851 -34833.203395049633 -34777.532526778785 -34709.246280665087 -34626.837744071068 -34528.320658695615 -34411.06213698272 -34271.52854557291 -34104.894690224719 -33904.414821052698 -33660.382909586362 -33358.326525613025 -32975.776534224497 -32476.345760816606 -31799.231051604511 -30844.989280859925 -29475.612694263466 -27571.07169458671 -25125.027728378482 -22261.465499046051 -19142.585390386794 -15885.850962115253 -12548.43587240289 -9147.6562339310458 -5715.3221579209767 -2385.5465643356988 -772.48210080327931 1091.7458611198356 -262.34008334456087 -2947.0677878645984 -5731.0547358024887 -8809.5556597384129 -12242.33642546127 -15993.952145228741 -19893.805209911221 -23635.348874016472 -26865.998481498551 -29354.437417082769 -31107.416057962939 -32303.129092375199 -33136.900372956428 -33744.167051364944 -34205.064827790564 -34566.485789405895 -34856.9279130371 -35094.530876577533 -35291.349243345023 -35455.700013336922 -35593.496969437954 -35709.049674389513 -35805.555989080007 -35885.420082362965 -35950.460810914461 -36002.051104272708 -36041.215024400066 -36068.693238351378 -36084.987087717229 -36090.386720659037 -36084.987086889065 -36068.693212122234 -36041.214972754242 -36002.051054786738 -35950.460764806892 -35885.420007985529 -35805.555907472633 -35709.049597757592 -35593.49688593774 -35455.699918609404 -35291.349124169414 -35094.530746677214 -34856.927795965043 -34566.485655469827 -34205.064685004589 -33744.166944680488 -33136.900302107962 -32303.129048432733 -31107.416024859711 -29354.437383873767 -26865.998451039188 -23635.348838508417 -19893.805166296108 -15993.95211034282 -12242.336415608441 -8809.5556633671658 -5731.054745768467 -2947.0678101593276 -262.34013214252587 1091.745791517076 1564.4874100575944 770.20336668330651 -946.92177997694012 -2972.1197836706642 -5480.7721443733535 -8728.1256395193996 -12854.129667583838 -17635.115876420223 -22427.925586813442 -26515.469955385484 -29538.30720594163 -31576.296805256905 -32922.658817074705 -33844.574990778507 -34508.861483122819 -35009.613859710473 -35400.479025767156 -35713.547368492596 -35969.031190655303 -36180.262119225597 -36356.386999338196 -36503.881701358972 -36627.449372972886 -36730.570462767253 -36815.855784748244 -36885.277030811492 -36940.320389628781 -36982.093149945082 -37011.39539892941 -37028.768374382867 -37034.52521404931 -37028.768367744073 -37011.395385565345 -36982.093141723468 -36940.320415883471 -36885.277066512994 -36815.855810730136 -36730.570502744762 -36627.449416252755 -36503.881744297141 -36356.387054822684 -36180.262162614643 -35969.031220477271 -35713.547375753253 -35400.478983774003 -35009.613796362319 -34508.861426567746 -33844.574932079915 -32922.658763010775 -31576.296751106049 -29538.307146312316 -26515.469898749965 -22427.925524729988 -17635.115814402328 -12854.129620303202 -8728.1256213154666 -5480.7721577043785 -2972.1198185976527 -946.92182232591176 770.20330844094042 1564.4873356037613 1256.9227789556446 981.53568445406074 237.14246981295622 -891.50618045447357 -2520.36695030496 -5090.0511938248246 -9291.9749822230588 -15160.547050274303 -21376.586033022017 -26420.85024542308 -29853.836802426551 -32044.956305225009 -33465.337844663562 -34430.845308800097 -35124.407962205194 -35646.488585775012 -36053.71508224943 -36379.770044621764 -36645.801872822958 -36865.733327211194 -37049.105400906374 -37202.667630620002 -37331.319340834263 -37438.684852976534 -37527.482163083027 -37599.763527453695 -37657.075677566652 -37700.570917406345 -37731.081809602358 -37749.171509173328 -37755.165875720697 -37749.171524812693 -37731.081803904075 -37700.570895564291 -37657.07566960546 -37599.763524877351 -37527.482167014583 -37438.684885227158 -37331.319401799046 -37202.667697202836 -37049.105453409349 -36865.733373286217 -36645.801918194469 -36379.77007025895 -36053.715080794122 -35646.488580006655 -35124.407944098275 -34430.845267260549 -33465.337784483978 -32044.956237978269 -29853.836739650149 -26420.850176796994 -21376.585943407579 -15160.546959005584 -9291.9749147207749 -5090.0511607984727 -2520.3669637533326 -891.50623185971756 237.14242146814846 981.53564472728033 1256.9227334265938 625.72104975347975 673.04111387754688 606.39800520274184 254.35185881451412 -411.54684578698465 -1698.6396803327389 -4998.8211799131604 -11916.46399243781 -20207.658927872362 -26296.140723102959 -29983.700102077717 -32296.881898762331 -33793.938952587123 -34811.438795427515 -35542.408181721839 -36092.650459505297 -36521.822893135817 -36865.422663943667 -37145.744550139098 -37377.468500624404 -37570.655742557894 -37732.424163853735 -37867.940652336169 -37981.027569058388 -38074.551310948249 -38150.676211708327 -38211.033388210497 -38256.838043478165 -38288.968153692978 -38308.017551072175 -38314.329892648755 -38308.01760449585 -38288.96816853348 -38256.838051738669 -38211.033411569762 -38150.676207724609 -38074.551300821659 -37981.027593079962 -37867.940692668264 -37732.424172600877 -37570.655735324632 -37377.468526644501 -37145.744575927092 -36865.422659164891 -36521.822867948613 -36092.65042927282 -35542.408151158015 -34811.438759310498 -33793.938901308968 -32296.881840709553 -29983.700056005327 -26296.140674924085 -20207.658834816601 -11916.463864086072 -4998.8210946061936 -1698.6396489685542 -411.54685207243489 254.351830601605 606.39799555620982 673.04111646451963 625.72104896744702 286.67852192904286 424.98158426010338 590.86394765911427 565.16397267503885 344.43700873448745 -162.94612982227878 -2642.4863785577231 -10006.637195063639 -19542.002143010297 -26172.646293334728 -29954.805370049886 -32348.028279499697 -33897.026839874787 -34949.577349110717 -35705.33644486071 -36273.926514370381 -36717.187487311829 -37071.910544090351 -37361.197676852011 -37600.254879029126 -37799.500472774933 -37966.302361188595 -38106.007225318768 -38222.569375939223 -38318.953330354037 -38397.397065920071 -38459.586809323533 -38506.778689941297 -38539.880087247497 -38559.504627934788 -38566.007430852856 -38559.504675381817 -38539.880105798744 -38506.778761743306 -38459.586935278101 -38397.39713315785 -38318.953357841237 -38222.569412922974 -38106.00722052966 -37966.302283879319 -37799.500421814737 -37600.254917593877 -37361.197712031848 -37071.910531022571 -36717.187441838149 -36273.926439858682 -35705.336385128554 -34949.577316736788 -33897.026806155831 -32348.028233054509 -29954.805330841722 -26172.646266312349 -19542.002059608421 -10006.637050153433 -2642.4862992942221 -162.94611931284231 344.43700378036277 565.16396811111201 590.8639725868361 424.98161585536025 286.67854670230491
        </DataArray>
        <DataArray type="Float64" Name="tau_xy" format="ascii">
          -5824.3694862735547 -4050.8273842193144 -1317.8780313260277 164.39002152953339 957.17568518455278 1344.6662617815173 1486.3362402681432 1477.538702762251 1379.7926847762333 1238.5592730504945 1089.9138270365925 956.59636492658149 845.41120680081008 753.51643258133936 676.00872803335255 608.92329814371726 549.49134636815847 495.81271558870873 446.5598029091733 400.77862063097717 357.76238012053784 316.97273921450119 277.98845740814306 240.47197673980315 204.14598845265522 168.77748906269659 134.16642667931237 100.13664345463525 66.529112857174212 33.196705913397395 -1.2852926648321272e-05 -33.19671581752656 -66.529112092747425 -100.1366557161128 -134.16645334106229 -168.77749790687241 -204.14595931491755 -240.47190355517864 -277.98836447798294 -316.97266634009935 -357.76230933491553 -400.77857819544863 -446.55978880385157 -495.81270515510607 -549.49134878904158 -608.92330025649994 -676.00872281435079 -753.5164286154295 -845.41121703555314 -956.59638944178914 -1089.9138660769511 -1238.5593179609323 -1379.7927208495603 -1477.5387297471298 -1486.3362607876054 -1344.6662806163172 -957.17570102833338 -164.39003362763995 1317.8780215092606 4050.8273867449398 5824.3694972244048 -4900.6980795309091 -3904.3593043443739 -2172.6379827420146 -917.0130171765436 -39.465613893619036 552.08682623855225 926.17985334351806 1132.3307073437086 1208.5789520497701 1190.5897808758746 1117.1668895430219 1023.6216765236029 931.05275872813729 846.54857534687221 770.54421057765205 701.73380564408978 638.70928011701494 580.30600629445064 525.61651969787556 473.93849356236308 424.72181307733564 377.52874300542555 332.00417602079722 287.8548720376308 244.83352272793007 202.72760997661118 161.35120492290605 120.53791052957666 80.135444696651547 40.001409871823967 -5.6331609972204433e-06 -40.001384846480889 -80.135389441018219 -120.53787968694766 -161.35118481773674 -202.72755743093546 -244.83344029707848 -287.85475266768418 -332.0040345152081 -377.52863776693118 -424.72173402523651 -473.93843918564232 -525.61649075279047 -580.3059949700023 -638.70928477810662 -701.73382511543878 -770.54424166251908 -846.54859654972529 -931.05277715982038 -1023.6217132682211 -1117.1669368543951 -1190.5898108709355 -1208.5789641954884 -1132.3307142109109 -926.1798578351669 -552.08682382408301 39.46562388473717 917.01302563409945 2172.6379920012841 3904.3593252989913 4900.6981064979973 -2124.3583048611426 -2177.9421979510926 -1995.2534672935453 -1404.7706034727817 -679.13361712322137 24.988661541821273 620.60827090645114 1061.3604074331556 1329.5488565806102 1436.318908323605 1423.5864587066487 1347.2449597723216 1249.542518538904 1150.3373385816285 1055.9244722461644 967.46137576013689 884.56587270696696 806.49896561122887 732.51963483301415 661.97565883832999 594.31340042147713 529.06723383962412 465.84351070622427 404.3067385672046 344.1665738991889 285.16830371109637 227.08536211944792 169.71217125844839 112.85853382684071 56.345112735453974 1.4771562950599559e-05 -56.345037522379869 -112.85841402759306 -169.71208190024149 -227.08528739613485 -285.16820134686975 -344.16646315063423 -404.30660524004924 -465.84335576234076 -529.06711953404499 -594.31332537866729 -661.97558965052644 -732.51957018849464 -806.49891372537684 -884.56582322067561 -967.46135292459849 -1055.9244853742514 -1150.337329775334 -1249.542484626792 -1347.2449520489272 -1423.5864667185681 -1436.31889028104 -1329.5488210507026 -1061.3603728125211 -620.60824109526061 -24.988623751835977 679.13366421234173 1404.7706456347687 1995.25351038394 2177.9422477668932 2124.3583548315355 189.6525388907408 -93.478208533657664 -409.09039872861501 -259.93252775718651 224.73221796134766 858.64728184427611 1471.896963663522 1937.8474877078102 2188.6602894793173 2226.5345291482777 2116.8938572941784 1944.3688619139634 1765.0034688702294 1599.524227748499 1450.9678730203136 1317.2432746542131 1195.5805378108262 1083.5813576997784 979.34678609586035 881.39851814056794 788.57723829215115 699.96144958859145 614.80535902015583 532.49494061707071 452.5139959784442 374.42046369878142 297.82882075807754 222.39502040864451 147.8051971663285 73.766501941779694 1.0774972176719189e-05 -73.766454221175707 -147.80512136458913 -222.39496035601547 -297.82877699335074 -374.42042584554417 -452.51396997601853 -532.49490866971405 -614.80529774429783 -699.9613774999176 -788.57717399530156 -881.39845797837506 -979.34670677311794 -1083.5812676199484 -1195.5804563848792 -1317.2432162721914 -1450.9678535132191 -1599.5242045547261 -1765.0034317173743 -1944.3688404125442 -2116.8938472797818 -2226.5345094776339 -2188.660252816665 -1937.8474396223901 -1471.8969136714991 -858.64722588367556 -224.73215338149419 259.93258858023324 409.09045797913802 93.478266136335492 -189.65248829180564 745.93055978530231 470.34785844525084 201.3000432595268 436.06514205327056 1044.4794018927266 1850.9984881223202 2628.0716264991315 3158.8302179401253 3327.2906460100257 3174.4414121275636 2852.4226209063349 2506.093408593867 2202.6811534108365 1950.6356889182127 1739.6735350975541 1559.0245749669509 1400.7092706278072 1259.1516502749503 1130.4371794420813 1011.7544000307863 901.02679821775837 796.6795325692832 697.48637207214779 602.46979442227268 510.83084984618 421.90160363992425 335.11130545896981 249.95959110086068 165.99668688676326 82.807629266884035 1.1659554530751848e-05 -82.807598034423137 -165.99666492960176 -249.95959233994475 -335.11130236925663 -421.9016017227035 -510.83087740878739 -602.46984933380509 -697.48639168671093 -796.67950537741069 -901.02676933110274 -1011.7543728032001 -1130.4371276800714 -1259.151601473774 -1400.7092491095668 -1559.0245761111098 -1739.6735688307781 -1950.6357346666916 -2202.681209390395 -2506.0934683927694 -2852.4226790931011 -3174.4414590858614 -3327.2906628744631 -3158.830199731533 -2628.0715842965606 -1850.9984344510417 -1044.4793406557162 -436.06508508906234 -201.29999153674993 -470.34781081854771 -745.93051789308379 657.96450921982409 360.38182460062455 95.520442369165494 423.90404727534099 1230.9299518119926 2364.5802905011838 3510.8253427049012 4242.3076085355533 4306.3310828774529 3853.0783380428657 3244.9861064730944 2716.3055130654934 2312.9706221102542 2005.701698289673 1762.7419348089866 1562.8054683623004 1392.644860890392 1243.8712206616249 1110.966696886328 990.15201760590162 878.73729179859959 774.74275665266555 676.66521082996417 583.3317822093735 493.80180091767176 407.30157858267256 323.17925257680184 240.87040437940939 159.87280738789127 79.726797766290403 -4.5857544650473869e-05 -79.72689015157404 -159.8729064561569 -240.87050209253556 -323.17931873195823 -407.30161074187203 -493.80185281116349 -583.33186757307294 -676.6652461185522 -774.7427417590967 -878.73726954017798 -990.15197026317264 -1110.9666479369005 -1243.8711883894987 -1392.6448299442516 -1562.8054563980968 -1762.7419439228725 -2005.7017133736413 -2312.9706620072384 -2716.3055729067946 -3244.9861711956351 -3853.0783996340233 -4306.3311258825534 -4242.3076172943465 -3510.8253163492013 -2364.5802458114831 -1230.9299045788275 -423.90400556547758 -95.520408658342035 -360.38180209393983 -657.96449315937195 260.51217475894623 -6.063281498829781 -290.58165421011978 -69.825970659537973 685.9290129060596 2006.7435315152825 3664.2993600135269 4835.1581927893712 4782.3216464592942 3929.9173485460651 3097.0392805821975 2509.4769946666243 2104.9388628117135 1811.8480792786606 1586.1485201450528 1403.1585219891556 1248.7864134792578 1114.5420013050204 995.01760012156353 886.59160325622065 786.72856090635332 693.58573108997575 605.77778014376054 522.23236779499621 442.09505867260901 364.66685379192 289.36137622390333 215.67273925960637 143.15207594043579 71.389501755084069 -7.3206196987030125e-05 -71.389653211550041 -143.15220967109784 -215.67281982079305 -289.36142062805334 -364.66687831166081 -442.09509073871448 -522.23240221052424 -605.77775659667816 -693.58568052256919 -786.7285108331173 -886.59153223962232 -995.01753424043352 -1114.5419338955596 -1248.7863318307382 -1403.1584635639369 -1586.1484802844359 -1811.8480390589716 -2104.9388399941399 -2509.4769926519962 -3097.0392889021732 -3929.9173678575426 -4782.3216627454731 -4835.1581852277868 -3664.2993283498795 -2006.7434858055378 -685.92896689963288 69.826002341565655 290.58167456716114 6.0632871832779287 -260.51218239014327 -27.792824321071038 -259.70420380137199 -615.89667843129814 -694.91508487272495 -379.59925665213899 519.36681906494982 2270.3813540445485 4145.9944334219326 4323.6578985198703 3317.2724094045689 2622.6072058396358 2179.1900183992129 1869.1708797118904 1636.658068575091 1451.4268951489425 1296.8525516631742 1163.3058090453133 1044.8634244881514 937.67134317536613 839.09595570404383 747.25864215348213 660.77028589091208 578.56979241007889 499.82375077319665 423.85891611148543 350.11770932576769 278.12718175393616 207.47515100827582 137.79279792212125 68.741083430062289 1.849738790582478e-05 -68.741049430678771 -137.79274638118284 -207.47504554833671 -278.1270527466354 -350.11759053539305 -423.85880820264049 -499.82364445531766 -578.56966784626763 -660.77017335267237 -747.25856608064464 -839.09588193684294 -937.67126382524896 -1044.8633494112491 -1163.3057317702285 -1296.8524946299747 -1451.4268568444277 -1636.6580269079755 -1869.170837590033 -2179.18997774123 -2622.6071712389639 -3317.2723913938135 -4323.6578834280381 -4145.9943903222365 -2270.381298484524 -519.36676823986977 379.59929606058989 694.91509960179462 615.89669148010751 259.70421635032653 27.792828659648364 -101.54708457548762 -316.17715792890044 -717.26104725122036 -983.24032243366332 -986.53068208051775 -520.76518884244172 1046.2722724066191 3328.7241349304531 3796.3414629767276 2855.0355038982125 2367.2975708729045 2044.7450488123377 1796.6591825173055 1597.7064937819273 1431.8600441008957 1289.0579570713512 1162.8665157308699 1049.0460683169022 944.69406000836898 847.74802514410248 756.69007143142176 670.36873606292193 587.88529330958386 508.52091296579272 431.6855181824518 356.88371181908798 283.69040573948871 211.73132595934666 140.66878818073141 70.190392591671184 6.1966394529378022e-05 -70.190263945586196 -140.6686379365614 -211.73113152959945 -283.69019245141021 -356.88350843814885 -431.6853206626123 -508.52072960764167 -587.88511987920879 -670.36858354908645 -756.68996686203104 -847.74793114591921 -944.69396555426442 -1049.0459974368703 -1162.8664486439288 -1289.0578993756128 -1431.8600000927954 -1597.7064471547124 -1796.659131890724 -2044.7449930284042 -2367.2975176329155 -2855.0354703429912 -3796.3414384546522 -3328.7240776089575 -1046.272204409775 520.76524111492461 986.53071168435861 983.24032435439563 717.26105726641299 316.17717637524026 101.54710109191572
        </DataArray>
        <DataArray type="Float64" Name="von_mises_stress" format="ascii">
          28831.576245538752 27714.409240900452 26597.521616504353 26372.468266362852 26535.07563750583 26914.46983257616 27436.169893817361 28049.145741760531 28698.848790003194 29318.341926437995 29844.809112067527 30250.822037541649 30549.657465674598 30770.630818891314 30938.741725142256 31070.596186734059 31176.662401803598 31263.646243960917 31335.988310293498 31396.732950808797 31448.034496551885 31491.457244464837 31528.161457081318 31559.020975890493 31584.701120347167 31605.710562755346 31622.436650149204 31635.170401339161 31644.123479596718 31649.439759293218 31651.20273163568 31649.439755046253 31644.123473228719 31635.170393514414 31622.436640305739 31605.710550554657 31584.70110774885 31559.020966786873 31528.161459476469 31491.457264107448 31448.034527644635 31396.732995919981 31335.988364247012 31263.646303014426 31176.662467941915 31070.59624895348 30938.741784600057 30770.630882398651 30549.65753425163 30250.822109079483 29844.809182405646 29318.341988150391 28698.848840087616 28049.145795154269 27436.169961113646 26914.469913848465 26535.07572593214 26372.468365029512 26597.521718167507 27714.409333327236 28831.576336864393 17956.405994552362 18750.489675431934 20652.82328259763 22366.676127662795 23918.707740556372 25352.001057817281 26696.022669340648 27956.826002689999 29111.683117527467 30110.667121918159 30905.931694131043 31493.012542427536 31912.76751678843 32217.206339069278 32445.738539842307 32623.249659380614 32764.99271501867 32880.562437915556 32976.230644047217 33056.254950112998 33123.624786871442 33180.497061632093 33228.463168905277 33268.716411956768 33302.161968269931 33329.489771852408 33351.223855583194 33367.757111564286 33379.374841593817 33386.270739980457 33388.557111889349 33386.270748964234 33379.37486600766 33367.757144329138 33351.223894322422 33329.489821107018 33302.162027942693 33268.716475442816 33228.463237666307 33180.497142466273 33123.624872994791 33056.255041397751 32976.230740004532 32880.562535557408 32764.992815048296 32623.249756105444 32445.738628936597 32217.206413504082 31912.767583947159 31493.012615202217 30905.93175786276 30110.667164945175 29111.683147350261 27956.826028799249 26696.022699055695 25352.001093197454 23918.707786453535 22366.67619428278 20652.823360209164 18750.4897556506 17956.406077987598 5021.6312816433065 7163.8525251663659 11554.077499835019 15336.637827926827 18641.529967684983 21609.259011124013 24313.634803344965 26768.491399466981 28935.672705863926 30740.405464742395 32126.591266338517 33118.507930430169 33810.011046856198 34301.874661648792 34665.653277502795 34944.971166432297 35165.967022245444 35344.815312278108 35491.955960946158 35614.404046143376 35717.043521193766 35803.373098570439 35875.958443134063 35936.713445222638 35987.083365382641 36028.165665240507 36060.791294385323 36085.581616514319 36102.986911840089 36113.312428217141 36116.734975827429 36113.31245168078 36102.986959978363 36085.581665500584 36060.791349447099 36028.165732905014 35987.083434413173 35936.713511069342 35875.958503455957 35803.373153804423 35717.043572975919 35614.404084817841 35491.9559890237 35344.815330765901 35165.967033582201 34944.971187307281 34665.653304323321 34301.874661327638 33810.011023875573 33118.507927211278 32126.591274342882 30740.405457555175 28935.672684353249 26768.4913695715 24313.634774005615 21609.258983590535 18641.529954764283 15336.637849285034 11554.077554272031 7163.8526100197669 5021.6313814982022 1058.020621430092 2658.1900888758801 6149.3205469246905 9728.5753577827836 13349.8737903154 17004.989643836201 20630.532768322984 24097.493895314834 27229.145991021251 29839.796054213188 31821.047502926158 33213.919107277026 34167.344114856351 34834.828800728479 35322.320514613886 35692.982900931791 35983.99930339033 36218.063076379374 36409.662325260884 36568.445900258834 36701.081923169608 36812.31764006539 36905.615966118014 36983.548586542063 37048.050084065078 37100.58477434329 37142.258419861872 37173.896082721374 37196.094600222881 37209.258062924273 37213.6203606251 37209.258040348184 37196.094556021948 37173.896005624607 37142.258320507855 37100.584659024076 37048.049948730899 36983.548423726235 36905.615766227471 36812.31741803568 36701.081710376297 36568.445702019475 36409.662140829496 36218.062908299406 35983.999158744962 35692.982793294475 35322.320447197191 34834.828743669088 34167.34405260122 33213.919061397093 31821.04747750645 29839.796027748616 27229.145947647739 24097.49384304768 20630.532726982594 17004.989614199749 13349.873768461941 9728.5753612550834 6149.3205798148256 2658.1901341755565 1058.0206384026351 1602.2149615084136 940.31446838640545 2975.4596495109404 5784.7655684303554 9098.9526042464713 12952.524073288414 17188.250646036602 21481.215946104829 25426.911315475652 28677.989196631661 31081.669147520835 32722.271822792518 33816.751687522352 34569.055649672235 35111.826328660558 35521.090469807124 35840.506881056834 36096.280265859554 36304.943502143535 36477.410290062289 36621.171490583351 36741.531242192475 36842.341778481197 36926.453704562795 36996.005136092732 37052.61055893376 37097.486729827033 37131.540139382727 37155.425744602435 37169.586561718701 37174.278873133349 37169.586534871109 37155.425690139709 37131.54004990391 37097.486600586788 37052.610408426444 36996.004990074391 36926.453557820932 36842.34161603338 36741.531069570752 36621.171320679292 36477.410137518054 36304.943365840489 36096.280144605451 35840.506789496103 35521.090408281299 35111.826290181409 34569.05562623898 33816.751673493207 32722.27180844306 31081.669133372208 28677.989181968493 25426.911288770694 21481.2159032165 17188.250605195062 12952.524052526122 9098.9526000481947 5784.7655810209717 2975.4596709421462 940.31441894469413 1602.2148662605969 1878.0608611904663 1065.1610411005129 850.98099212897148 2758.710584218732 5548.3065261913016 9372.8067475588778 14108.849915106601 19208.523314910803 23894.577246620214 27601.242516530423 30204.792043682697 31912.134298310579 33027.394838534703 33787.583476383013 34334.333571026684 34746.217416514242 35067.677772576775 35325.187190273893 35535.379804983051 35709.211550595792 35854.193170185586 35975.639537662479 36077.409613765565 36162.358810828046 36232.628987317934 36289.837681786368 36335.204136026485 36369.636846223635 36393.792300810324 36408.114594940671 36412.860666081753 36408.114590348239 36393.792296668296 36369.636855153782 36335.204159303881 36289.837717514129 36232.629042344597 36162.358885303394 36077.409692901645 35975.639612938336 35854.193240135086 35709.211610070444 35535.379844081457 35325.187201678251 35067.677762002932 34746.21739433481 34334.333537340499 33787.583434855995 33027.394802956675 31912.134262250816 30204.792006503212 27601.242487591982 23894.57721923713 19208.523274671395 14108.849870248328 9372.8067200262631 5548.3065277426595 2758.7106124400971 850.98100316337479 1065.1609599406302 1878.060782878664 1391.5860347596306 1210.2258089111156 1002.1892022761353 880.47206329607582 2507.4763279750514 5813.6984604581794 10849.61250902778 16900.247733941247 22369.82605948624 26356.097506580001 28998.249754914057 30708.560558491077 31835.081658563129 32609.595840811715 33170.490791044933 33595.243272832908 33928.076351532334 34195.530473728097 34414.383850366328 34595.741972597483 34747.249268310305 34874.333615637544 34980.947301585358 35070.021806165394 35143.760469891065 35203.830107900627 35251.488859518977 35287.675243019803 35313.068032998766 35328.126718980697 35333.117266471403 35328.126717889398 35313.068027386755 35287.675241165183 35251.488874803908 35203.830136213051 35143.760507414307 35070.021858822511 34980.947364984742 34874.333683707526 34747.249328376107 34595.742007762798 34414.383867116805 34195.530475368461 33928.076334046382 33595.243249092768 33170.490757060616 32609.595787221559 31835.081602485803 30708.560512428157 28998.24971322007 26356.097466675084 22369.826012567584 16900.247667905551 10849.612437319398 5813.6984045781037 2507.4763109392179 880.47206736027601 1002.1891328135837 1210.2257311910992 1391.5859753816446 686.86417599475988 878.03575016577645 1238.5789452101383 1230.318439323481 1015.8205521411601 2112.4642549696091 6243.429858909305 13234.538165680739 19962.418384087319 24486.048111147244 27378.491161814956 29265.964015677659 30512.539150845147 31369.819471179071 31990.319378486274 32459.822682219252 32827.405713131557 33122.54500334552 33363.877162779223 33563.734731391516 33730.60326026773 33870.504886782699 33987.822415158153 34085.805088955807 34166.893922326992 34232.934780129901 34285.320448257837 34325.089595843951 34352.993241808821 34369.53966113137 34375.023052086428 34369.539690499121 34352.993268159706 34325.089622834384 34285.320475182933 34232.934789021529 34166.893924831791 34085.805103732127 33987.82242972777 33870.504883598885 33730.603248448017 33563.734723335278 33363.87714951708 33122.544977961421 32827.405674650596 32459.822641464645 31990.319339217971 31369.819425500791 30512.539101095364 29265.963974654253 27378.491135477299 24486.04808691383 19962.418327381791 13234.538056034417 6243.4297587399842 2112.4642288259556 1015.8206454739753 1230.3184667538339 1238.5789449008787 878.03573982993885 686.86415921249261 345.23303224016774 672.11343236820903 1357.3020191322726 1957.6347185902262 2265.3623419846708 1981.1910522307635 3540.0506893489114 10807.857092053695 18548.545402749492 23574.459848113427 26668.845750462217 28687.129335720583 30009.692547180763 30914.943580060775 31568.01187923022 32060.971727860466 32446.217248348854 32755.098541058993 33007.381191238754 33216.115369757179 33390.264061115246 33536.178483901123 33658.475030746187 33760.572495675617 33845.036891944226 33913.807148412496 33968.345319954009 34009.741225228274 34038.782517797503 34056.00207118594 34061.708291679388 34056.002103841965 34038.782557772131 34009.741310710117 33968.345433558403 33913.807221794086 33845.036934355099 33760.572529160934 33658.475018518613 33536.178416782706 33390.264012673251 33216.115376859903 33007.381196914066 32755.098517218543 32446.217196791935 32060.971653429471 31568.011816310212 30914.943538608499 30009.692510078046 28687.129296125877 26668.845722188784 23574.459833481855 18548.545345530365 10807.85696391465 3540.0506180737052 1981.1911477293706 2265.3624187805622 1957.6347376246449 1357.3020465576415 672.11347272210412 345.23306982173449
        </DataArray>
        <DataArray type="Float64" Name="strain_2d" NumberOfComponents="3" format="ascii">
          0.035073530285979163 -0.12300143000385856 -0.075716803321556198 0.037247924034922754 -0.12225508443670427 -0.05266075599485108 0.040164754217899522 -0.12095597393489864 -0.017132414407238356 0.041404423799603268 -0.1203913692932049 0.0021370702798839338 0.042497996219150111 -0.1209078782648127 0.012443283907399185 0.043876380616344218 -0.12241223688319788 0.017480661403159722 0.045613632580989494 -0.12469094242963555 0.019322371123485858 0.04763677629764651 -0.12748666144733622 0.019208003135909257 0.04978661935774277 -0.13050040436149676 0.017937304902091028 0.051840594525733315 -0.13338682385689049 0.016101270549656425 0.053587309901424379 -0.13583798565083824 0.014168879751475696 0.054935294226821377 -0.13772395502571294 0.012435752744045556 0.055928530454807793 -0.13910882664131274 0.010990345688410529 0.056663721504530848 -0.14013090534360345 0.0097957136235574081 0.057223422368505673 -0.14090731415377283 0.008788113464433582 0.057662607785685605 -0.14151555878272259 0.0079160028758683242 0.058015997831742661 -0.14200438104447632 0.0071433875027860586 0.058305863751350669 -0.14240495101640338 0.0064455653026532118 0.058546967173284309 -0.14273788199211562 0.0058052774378192524 0.058749435566176914 -0.14301729072279756 0.0052101220682027024 0.058920438903843214 -0.14325315797501759 0.0046509109415669913 0.059065185313882954 -0.14345272549408872 0.004120645609788514 0.059187539294073749 -0.14362136107174583 0.0036138499463058589 0.059290412046178784 -0.14376310518339064 0.0031261356976174403 0.0593760200554211 -0.14388103270566366 0.0026538978498845175 0.059446058082655094 -0.14397749359543821 0.0021941073578150552 0.059501817188389247 -0.14405427669657395 0.0017441635468310604 0.059544267421378708 -0.14411272561834243 0.001301776364910258 0.05957411408296058 -0.14415381740354682 0.00086487846714326452 0.05959183690717812 -0.14417821604633685 0.00043155717687416603 0.05959771422464169 -0.14418630683071129 -1.6708804642889905e-10 0.059591836904572398 -0.14417821602645281 -0.00043155730562784524 0.059574114088347896 -0.14415381737330124 -0.00086487845720571656 0.059544267420227295 -0.14411272558116778 -0.0013017765243094662 0.059501817212234888 -0.14405427664708015 -0.0017441638934338095 0.05944605822867062 -0.14397749352702827 -0.0021941074727893409 0.059376020312308861 -0.14388103263079291 -0.0026538974710939274 0.059290412374876061 -0.14376310512506446 -0.0031261347462173219 0.059187539691032229 -0.14362136106630544 -0.0036138487382137768 0.059065185764035744 -0.14345272556473246 -0.0041206446624212911 0.058920439307460548 -0.14325315810383266 -0.0046509100213539007 0.05874943589061013 -0.14301729091933546 -0.0052101215165408308 0.058546967394441152 -0.1427378822325871 -0.0058052772544500697 0.05830586403261992 -0.14240495127631392 -0.0064455651670163776 0.058015998195566229 -0.1420043813293356 -0.0071433875342575403 0.057662607833512715 -0.14151555907029401 -0.0079160029033344993 0.057223422259206777 -0.14090731444057103 -0.0087881133965865589 0.056663721434764627 -0.14013090564625269 -0.0097957135720005833 0.055928530304606303 -0.13910882696662585 -0.010990345821462189 0.054935294096222095 -0.13772395535595289 -0.012435753062743256 0.053587309748481846 -0.13583798596634572 -0.014168880259000361 0.051840594261120559 -0.13338682412886604 -0.016101271133492117 0.049786618976520786 -0.13050040458301304 -0.017937305371044279 0.047636775951717503 -0.12748666168355377 -0.019208003486712685 0.04561363241444874 -0.12469094272745135 -0.019322371390238867 0.043876380559911408 -0.12241223724419338 -0.017480661648012118 0.04249799625006534 -0.12090787866148307 -0.012443284113368333 0.041404424008664786 -0.12039136974310266 -0.0021370704371593188 0.040164754431481625 -0.12095597440858014 0.017132414279620384 0.037247924182764194 -0.12225508486799541 0.052660756027684212 0.03507353048062016 -0.12300143042124685 0.075716803463917251 0.021162674264788472 -0.072103726054641978 -0.063709075033901802 0.026476705039950615 -0.079825410710680958 -0.050756670956476853 0.035256207368995554 -0.092666228186812305 -0.028244293775646183 0.041201020045661688 -0.10168827881277069 -0.011921169223295065 0.045676372471287377 -0.10891202092888791 -0.00051305298061704715 0.049445153359695494 -0.11526551635539273 0.0071771287411011775 0.052884217870839897 -0.12115923599827368 0.012040338093465733 0.056134554193515859 -0.12671539429931203 0.014720299195468207 0.059171886638616528 -0.13185195176943887 0.015711526376647009 0.061853642181844387 -0.13633388782920394 0.015477667151386367 0.064023886538082192 -0.13992523775745858 0.014523169564059281 0.065644914225322537 -0.14258813454729757 0.013307081794806833 0.066812870287439124 -0.14449746805413491 0.012103685863465784 0.067664023547519742 -0.1458848338165159 0.011005131479509336 0.068304893289023658 -0.1469276083637972 0.010017074737509476 0.068803674328225789 -0.14773832319392258 0.009122539473373166 0.069202495427296826 -0.14838613099375386 0.0083032206415211939 0.069527990030262901 -0.14891460543843796 0.0075439780818278568 0.069797627367693821 -0.14935226436534715 0.006833014756072381 0.070023296176472807 -0.14971848528885448 0.0061612004163107198 0.07021335944014806 -0.15002688413007254 0.0055213835700053627 0.070373859808572956 -0.1502872909907266 0.0049078736590705309 0.070509261198937467 -0.15050696228053564 0.004316054288270363 0.070622914059016606 -0.15069134150606353 0.0037421133364891998 0.07071736134956258 -0.15084455936844338 0.0031828357954630905 0.070794542636017643 -0.15096976522988517 0.002635458929695945 0.070855931939350816 -0.15106935173617739 0.0020975656639977782 0.070902634676233492 -0.15114511314382617 0.0015669928368844961 0.070935453921771932 -0.15119835255987438 0.0010417607810564698 0.0709549352249743 -0.15122995474481218 0.00052001832833371137 0.070961394564815428 -0.15124043277807586 -7.3231092969695301e-11 0.070954935398897329 -0.15122995476409512 -0.00052001800300425149 0.070935454377855894 -0.1511983526153711 -0.0010417600627332369 0.070902635101410511 -0.15114511324373112 -0.0015669924359303193 0.070855932304186589 -0.15106935187326692 -0.0020975654026305773 0.070794543158169326 -0.15096976539886858 -0.0026354582466021604 0.070717362032404946 -0.1508445595693586 -0.0031828347238620196 0.070622914813571136 -0.15069134172161769 -0.0037421117846798938 0.070509262037211626 -0.15050696251549237 -0.0043160524486977048 0.070373860693305257 -0.1502872912745381 -0.0049078722909701045 0.070213360284621995 -0.15002688444262616 -0.0055213825423280731 0.070023296976068627 -0.14971848562946002 -0.0061611997094133484 0.069797628042313792 -0.14935226474154722 -0.0068330143797862754 0.069527990546334517 -0.14891460584119365 -0.0075439779346100294 0.069202495857039498 -0.14838613141595108 -0.008303220702115385 0.06880367453018435 -0.14773832362681791 -0.009122539726500704 0.068304893350995349 -0.14692760877434274 -0.010017075141612746 0.067664023519430877 -0.14588483417103473 -0.011005131755146426 0.06681287013685358 -0.14449746838987815 -0.012103686103077662 0.065644914112307357 -0.14258813489508568 -0.013307082272486871 0.064023886347074066 -0.13992523806341262 -0.014523170179107132 0.061853641893969427 -0.13633388805371799 -0.015477667541322158 0.059171886300053628 -0.13185195194417523 -0.015711526534541345 0.056134553823157865 -0.12671539446017183 -0.01472029928474184 0.052884217585043879 -0.12115923616607938 -0.012040338151857167 0.049445153175837288 -0.11526551654034599 -0.0071771287097130761 0.045676372400755574 -0.108912021150268 0.00051305311050158214 0.041201020089220976 -0.1016882791173203 0.011921169333243289 0.035256207417492851 -0.09266622853624279 0.028244293896016688 0.026476705124771377 -0.079825411038658547 0.050756671228886885 0.021162674419528602 -0.072103726375885413 0.063709075384473957 0.0059591670769874264 -0.015593167095172524 -0.027616657963194846 0.012490143162724126 -0.027645854161947137 -0.028313248573364199 0.024606999671558574 -0.0497560519199894 -0.025938295074816084 0.034812922347805919 -0.068150296792248821 -0.01826201784514616 0.043345391241673498 -0.083617134740748944 -0.0088287370226018784 0.050695837308555106 -0.097050007688340323 0.00032485260004367646 0.057232229002715435 -0.10903690713104941 0.0080679075217838635 0.063121833867647636 -0.11983731234462786 0.013797685296631019 0.068334525956457448 -0.12939995393513087 0.01728413513554793 0.07269786839474493 -0.13743202496492349 0.01867214580820686 0.076061087966122043 -0.14366382918545623 0.018506623963186433 0.078468856448761212 -0.14816345522066093 0.01751418447704018 0.08014400515525931 -0.1513225206554491 0.016244052741005748 0.081331734117640109 -0.15358140551303759 0.014954385401561169 0.082207172669779144 -0.1552586443898801 0.013727018139200135 0.082877243450132324 -0.15655033688737999 0.012576997884881778 0.083405937716622969 -0.1575747223424496 0.011499356345190569 0.083832775545530092 -0.15840529830640426 0.010484486552945975 0.084183211966507937 -0.15908966896183682 0.009522755252829182 0.084474316320868478 -0.15965991081581277 0.008605683564898289 0.084717949555046093 -0.16013840699277332 0.0077260742054792008 0.084922593457344583 -0.16054122285711994 0.0068778740399151111 0.085094458096362263 -0.16088015850948773 0.0060559656391809148 0.085238169636390165 -0.16116402843648023 0.0052559876013736594 0.085357216464952534 -0.16139949680049603 0.0044741654606894549 0.085454244906438159 -0.16159162894218818 0.003707187948244252 0.085531256852888093 -0.16174426324637686 0.0029521097075528224 0.08558974759100943 -0.1618602720015424 0.0022062582263598285 0.085630800325175602 -0.16194173770139186 0.001467160939748929 0.085655149410413384 -0.16199007254227504 0.00073248646556090154 0.085663219496541029 -0.16200609484742817 1.9203031836380075e-10 0.085655149687142496 -0.16199007260111334 -0.00073248548779093813 0.085630800980293353 -0.16194173780507021 -0.0014671593823587094 0.085589748030961921 -0.16186027215703533 -0.0022062570647031388 0.085531257232440136 -0.16174426344618295 -0.0029521087361497524 0.085454245541954882 -0.16159162915435282 -0.0037071866175093062 0.085357217170630814 -0.16139949700793316 -0.0044741640209582448 0.085238170423864959 -0.16116402861676224 -0.0052559858681206391 0.085094458975146892 -0.16088015864988109 -0.0060559636249104291 0.084922594255993453 -0.16054122298466708 -0.0068778725539425838 0.084717950314423904 -0.16013840710498103 -0.0077260732299226729 0.084474316961114043 -0.15965991088895204 -0.0086056826654568423 0.084183212520045639 -0.15908966900155874 -0.0095227544124504293 0.083832775903074905 -0.15840529833864753 -0.010484485878429897 0.083405937912463229 -0.15757472237512549 -0.011499355701868781 0.082877243656369337 -0.15655033695635961 -0.012576997588019778 0.082207172804078466 -0.15525864448889254 -0.013727018309865268 0.081331733983664209 -0.15358140554520411 -0.01495438528707934 0.080144004841374156 -0.15132252062779974 -0.01624405230014829 0.078468856220472588 -0.1481634552592373 -0.017514184376636051 0.076061087679664588 -0.14366382928295957 -0.018506624067341382 0.072697868081705516 -0.13743202500983748 -0.018672145573653518 0.0683345256861701 -0.12939995391044828 -0.017284134673659135 0.063121833515461523 -0.11983731229132985 -0.013797684846562771 0.057232228620682675 -0.10903690707718398 -0.0080679071342383869 0.050695837015722764 -0.097050007613143294 -0.0003248521087738675 0.043345391070137421 -0.083617134685801828 0.0088287376347604418 0.034812922219880367 -0.068150296866082039 0.018262018393251988 0.024606999605458847 -0.049756052096343623 0.025938295634991212 0.012490143190708625 -0.027645854380441905 0.028313249220969609 0.0059591671298627712 -0.015593167340923692 0.027616658612809954 0.003165860064132304 -0.0042260161645854303 0.0024654830055796297 0.0067996423713324924 -0.011774733807282122 -0.00121521671093755 0.014429612503812703 -0.027412458998132799 -0.0053181751834719933 0.02263780253556285 -0.043678924216437237 -0.0033791228608434244 0.031157148752382947 -0.059961539890078221 0.002921518833497519 0.039807962424565926 -0.076065144628200118 0.011162414663975587 0.048433707561793535 -0.091858334721642759 0.019134660527625781 0.05674776661631014 -0.10700591478189928 0.025192017340201531 0.064293087444203853 -0.12087571197540874 0.028452583763231121 0.070556176558400532 -0.13264519910995254 0.028944948878927606 0.075241815517690658 -0.14172733952858868 0.027519620144824314 0.078468221618725256 -0.14819634098872131 0.025276795204881523 0.080627518990541353 -0.15266608077284544 0.022945045095312977 0.082108379665027764 -0.15581573291842027 0.020793814960730482 0.083171658880892368 -0.15812645278835552 0.018862582349264079 0.083969033818748193 -0.15988908502080532 0.017124162570504767 0.084588048271305838 -0.16127630062878248 0.015542546991540739 0.085081290888766772 -0.16239409460794443 0.014086557650097116 0.085481902386467939 -0.16331042482481453 0.012731508219246183 0.085811714058942223 -0.16407069839408767 0.011458180735827384 0.08608567279080391 -0.16470637689293166 0.010251504097797964 0.086314334225938483 -0.16523990626516694 0.0090994988446516864 0.086505344561457503 -0.16568768843881271 0.0079924696672620255 0.086664348215405071 -0.16606192163611763 0.0069224342280219172 0.086795568508699975 -0.16637179339701133 0.0058826819477197732 0.086902187894116967 -0.16662426480946851 0.0048674660280841574 0.086986600755942972 -0.16682459676846376 0.0038717746698550071 0.087050587771291182 -0.16697671736184122 0.0028911352653123779 0.087095433646255438 -0.16708346964571189 0.0019214675631622699 0.087122007141635829 -0.16714677912467399 0.00095896452524313596 0.087130810233871897 -0.16716776061360605 1.4007463830338629e-10 0.087122007037222116 -0.16714677903539371 -0.00095896390487528393 0.087095433532250424 -0.16708346945383767 -0.0019214665777396583 0.087050587347669864 -0.16697671707145148 -0.0028911344846282005 0.086986600202600461 -0.16682459639412994 -0.0038717741009135585 0.0869021873854319 -0.16662426434679803 -0.0048674655359920741 0.086795568031284062 -0.16637179282715722 -0.0058826816096882398 0.086664347739970671 -0.16606192093102917 -0.006922433812706282 0.086505343928541215 -0.16568768759021019 -0.007992468870675869 0.086314333430553516 -0.16523990534539235 -0.0090994979074989248 0.086085672126882257 -0.16470637599174248 -0.010251503261938917 0.085811713528072611 -0.16407069753844478 -0.011458179953718875 0.08548190203979765 -0.16331042400931939 -0.01273150718805053 0.085081290587191882 -0.16239409387270654 -0.014086556479059325 0.084588048084557804 -0.16127629998613124 -0.015542545933003429 0.083969033925905753 -0.15988908449195083 -0.017124161811538485 0.083171659038153836 -0.15812645242918549 -0.018862582095671848 0.082108379612372093 -0.15581573265976401 -0.020793814659211436 0.080627518793838948 -0.1526660805318906 -0.022945044612325858 0.078468221459821269 -0.14819634081168884 -0.025276794925363069 0.075241815356954109 -0.14172733944595894 -0.027519620014637161 0.070556176394739434 -0.13264519903478181 -0.028944948623209239 0.064293087297940185 -0.12087571183309442 -0.028452583286616644 0.056747766442228183 -0.10700591461455455 -0.025192016715091067 0.048433707370246826 -0.091858334608685296 -0.019134659877729485 0.039807962283214204 -0.076065144552091304 -0.011162413936487781 0.031157148672062002 -0.059961539814094446 -0.0029215179939594245 0.022637802485277029 -0.043678924219719757 0.0033791236515430313 0.014429612528466675 -0.027412459098763629 0.0053181759537287935 0.0067996424284838698 -0.011774733994025682 0.001215217459772361 0.0031658601023171586 -0.0042260164182623917 -0.002465482347793473 6.9803797320016768e-05 0.0040251401424508107 0.0096970972772089277 0.0017846357857965543 -0.0017392499320497494 0.0061145221597882597 0.0058183256519809511 -0.013439819920060344 0.0026169005623738477 0.011213661519198012 -0.026092629669779821 0.0056688468466925164 0.018141896175744483 -0.040496305097204602 0.013578232224605444 0.026571769279506371 -0.056859436414358866 0.024062980345590158 0.036219663588453493 -0.07492882093447252 0.034164931144488701 0.046339100955003078 -0.093750891188957269 0.041064792833221626 0.055748668241655745 -0.11168072506419935 0.043254778398130321 0.063333918178310494 -0.12693110215055625 0.041267738357658318 0.068661451579187405 -0.13845710394024485 0.037081494071782344 0.072061636133311846 -0.14642538941528169 0.03257921431172027 0.074185059464291631 -0.15177664782780428 0.028634854994340861 0.075568366348352206 -0.15546635839170339 0.025358263955936763 0.076525676330657225 -0.15813219604678003 0.022615755956268198 0.077224430836376201 -0.16014356829024046 0.020267319474570354 0.07775585705549698 -0.16171374309872061 0.018209220518161491 0.078172553602544742 -0.16297111236379985 0.016368971453574348 0.078506662139607303 -0.16399682702997681 0.014695683332747051 0.078778850033429215 -0.16484451863246544 0.01315280720040022 0.079002993117957443 -0.16555102567151891 0.011713348376830853 0.079188733086523341 -0.16614244578070814 0.01035683392340068 0.079342960253670852 -0.16663773889930567 0.0090673228369379209 0.079470703474580795 -0.16705093801997462 0.0078321073274895438 0.079575689665086338 -0.16739257016238515 0.0066408010480003381 0.079660704250689468 -0.16767058483369207 0.0054847208473190138 0.079727828643889151 -0.16789097352039398 0.0043564469709666065 0.079778602987646302 -0.16805819994247723 0.003249474684311188 0.079814133630624548 -0.1681754892984299 0.002157956929527922 0.079835165847844308 -0.16824502311774012 0.0010764991804694923 0.079842129652868743 -0.16826806338510586 1.515742088862692e-10 0.079835165629305399 -0.16824502302100455 -0.0010764987744475004 0.079814133344428217 -0.16817548907835184 -0.0021579566440848227 0.079778602568309737 -0.16805819957093418 -0.0032494747004192812 0.079727827877601562 -0.16789097300817998 -0.004356446930800336 0.079660703284072931 -0.16767058424817113 -0.0054847208223951444 0.079575688908128953 -0.1673925695617158 -0.0066408014063142349 0.079470702745238819 -0.16705093740428642 -0.0078321080413394657 0.079342959374055486 -0.16663773823769484 -0.0090673230919272423 0.079188732190191874 -0.1661424450864224 -0.010356833569906337 0.079002992319732346 -0.16555102497757734 -0.011713348001304334 0.078778849538274826 -0.16484451797760419 -0.0131528068464416 0.078506661870100553 -0.16399682643198701 -0.014695682659840927 0.078172553378773518 -0.16297111183305879 -0.016368970819159057 0.077755857164424125 -0.16171374264792682 -0.018209220238424369 0.077224431227784773 -0.16014356792763906 -0.020267319489444421 0.07652567664285112 -0.15813219578432086 -0.02261575639480011 0.075568366535149131 -0.15546635820860777 -0.025358264550666983 0.07418505953242302 -0.15177664769378857 -0.028634855722075126 0.072061636107081523 -0.14642538928108528 -0.032579215089105995 0.068661451535297499 -0.13845710379808718 -0.037081494828210305 0.063333918115251311 -0.12693110201039609 -0.04126773896811619 0.055748668182067515 -0.11168072490677448 -0.043254778617368012 0.046339100930761365 -0.093750891016568999 -0.041064792596509921 0.036219663624390046 -0.074928820820297642 -0.034164930595855285 0.026571769363740654 -0.056859436413863054 -0.024062979647863535 0.018141896302403846 -0.040496305164965399 -0.013578231428524309 0.011213661681432405 -0.02609262977632534 -0.0056688461061578091 0.0058183257844348392 -0.013439820059635288 -0.0026168998899777488 0.0017846358929561536 -0.0017392501592248763 -0.0061145215406411199 6.9803910531969818e-05 0.0040251398354068666 -0.0096970967326100894 -0.0023426351646205238 0.0068149397364798605 0.0085535386198577115 -0.0022419583796430297 0.0038215946675278652 0.0046849637198081197 -0.001017032282310904 -0.0030812670617811041 0.0012417657507991511 0.0020736455073604651 -0.011928007271074093 0.0055107526145794323 0.0069814775627942294 -0.023349215491727124 0.016002089373555899 0.014151778192713871 -0.038483800172235141 0.030739543776515381 0.023929653087085521 -0.05799947580263376 0.045640729455163717 0.035402163306678926 -0.080674214672423222 0.055149998910962172 0.046172644872592712 -0.1030919999821325 0.055982304077406876 0.054097804604758069 -0.12167080466489952 0.050090018394557248 0.058855395702554422 -0.13493745349459224 0.042184819384150224 0.061456511659052318 -0.14362189313054807 0.035311971669851408 0.062924874177491374 -0.14925196453948805 0.030068618087433299 0.063825652143846015 -0.15306227231311129 0.026074122077765743 0.064426716774087345 -0.15578722126906502 0.022915645152516824 0.064855458095211732 -0.15783090494830104 0.020316471088709903 0.065176615244164876 -0.15942032862892011 0.018104383191575091 0.065425833893880542 -0.16068996189463558 0.016170325868601121 0.06562420165029878 -0.16172391655827631 0.014442567059522262 0.065784957340694949 -0.16257738387456433 0.012871976228876718 0.065916829312671621 -0.1632880785601154 0.011423584793381793 0.06602579677823385 -0.16388261636714782 0.010071655836484649 0.066116084865929556 -0.16438027689929768 0.0087966477407895316 0.066190749868436191 -0.16479529737675103 0.0075833131687218537 0.066252040667654513 -0.16513833891520255 0.0064194234119297313 0.066301628156055198 -0.16541744103846634 0.0052949205215747416 0.066340754874970584 -0.16563865639360859 0.0042013302834984232 0.066370337074249011 -0.16580649044590276 0.0031313152569323213 0.066391031333371486 -0.16592419633889699 0.0020783464960425864 0.06640327880190991 -0.16599397344852632 0.0010364483709617751 0.066407333589426049 -0.16601709376193718 -5.961480804448846e-10 0.066403278802766599 -0.16599397342423511 -0.0010364495719704624 0.066391031383309013 -0.16592419631066085 -0.0020783477839300393 0.066370337204273461 -0.16580649047109008 -0.0031313165272029621 0.066340754880774747 -0.16563865649361348 -0.0042013311435154556 0.066301628215747865 -0.1654174411966545 -0.0052949209396443361 0.066252040976687271 -0.16513833914414933 -0.0064194240865451235 0.066190750237684393 -0.16479529768348813 -0.007583314278449947 0.066116085274952788 -0.16438027723534715 -0.0087966481995411776 0.066025797180817997 -0.16388261669916854 -0.010071655642868256 0.065916829575283692 -0.16328807887874869 -0.011423584504022311 0.065784957616813619 -0.16257738415406023 -0.01287197561342124 0.065624201840904853 -0.16172391675073192 -0.014442566423179702 0.065425833979888368 -0.16068996195846422 -0.01617032544906348 0.065176615493619153 -0.1594203285798545 -0.018104382789275265 0.064855458373458977 -0.15783090483225676 -0.020316470933175255 0.064426716863339645 -0.15578722109725432 -0.022915645270997338 0.063825652161847421 -0.15306227210280288 -0.026074122273857331 0.062924874162178443 -0.14925196433211652 -0.03006861860609409 0.061456511573895437 -0.14362189289292052 -0.035311972447788324 0.058855395591269469 -0.13493745322541836 -0.042184820225543249 0.054097804496274604 -0.12167080440804613 -0.050090019195242287 0.046172644828647823 -0.1030919997327033 -0.055982304636473176 0.035402163294551869 -0.080674214436873726 -0.055149999024826493 0.0239296531764796 -0.057999475665331715 -0.045640729112539608 0.014151778415696314 -0.038483800200184437 -0.030739543195549279 0.0069814778614162533 -0.023349215669223225 -0.016002088759524757 0.0020736458572771445 -0.011928007550767198 -0.0055107520723512065 -0.0010170319742600238 -0.0030812673510990899 -0.0012417653125584463 -0.0022419581620685041 0.003821594357952852 -0.0046849634272212171 -0.0023426349854221238 0.0068149393831377376 -0.008553538411071834 -0.0029597933960906877 0.0059370532058741175 0.0033866582718663002 -0.0036002838354666387 0.0051886827574579271 -7.8822659484787403e-05 -0.0037538360216529676 0.0024896017542993948 -0.0037775615047315565 -0.0021352489183289994 -0.0023962019909756159 -0.0009077376185739935 0.00070193240259836085 -0.00966219113081772 0.0089170771677787725 0.0052259669601735096 -0.021145604559995139 0.026087665909698667 0.013180423157419279 -0.040161802715722478 0.047635891680175846 0.024944003319957872 -0.067000890466715063 0.062857056506261805 0.035996148337714744 -0.094825668838816643 0.062170181403970806 0.04223595560423743 -0.1162357104562446 0.051088925531098832 0.044837723707329087 -0.13010184685501106 0.040261510647568562 0.046042776485220142 -0.13875674191307294 0.032623200930666105 0.04671919818388174 -0.14432233978755682 0.027364205216552265 0.047153862383545901 -0.14809479502563433 0.023554025030622584 0.047461080748979902 -0.15080254989489639 0.020619930761885681 0.047692450758974124 -0.15284086507243894 0.01824106078585902 0.047874200917019383 -0.15443131355564904 0.016234223375230353 0.048021087153629655 -0.15570532608872212 0.014489046016965264 0.04814210646932264 -0.15674530972876638 0.012935228801580323 0.048243091923335299 -0.15760547746821385 0.011525690842330866 0.048328016190773357 -0.15832296985655508 0.010227471291782593 0.048399685089862768 -0.15892405909510118 0.0090166145041696826 0.048460137959684929 -0.1594278166772494 0.0078751111418688853 0.048510888100641407 -0.15984835292561628 0.0067890207813349496 0.048553074844671695 -0.16019625153916767 0.0057472357627439165 0.04858756202311576 -0.1604795053975919 0.0047406690992949588 0.048615002723164713 -0.16070413939803244 0.0037616978909107419 0.048635885403525286 -0.16087464286616296 0.002803745610374882 0.048650564062012916 -0.16099425989081428 0.001860976987225665 0.048659278907127894 -0.1610651851371272 0.00092806352281609274 0.048662168641384757 -0.16108868838469892 -9.5168056081344505e-10 0.048659278727472222 -0.16106518511822096 -0.0009280654917501502 0.048650564031795754 -0.16099425985669902 -0.0018609787257242716 0.048635885580635203 -0.16087464286093961 -0.002803746657670309 0.048615002972438148 -0.16070413947529377 -0.0037616984681646923 0.048587562378893744 -0.16047950554049889 -0.0047406694180515902 0.04855307524058633 -0.16019625172344829 -0.0057472361796032873 0.048510888392858643 -0.15984835317064028 -0.0067890212287368143 0.048460138129031896 -0.15942781697626729 -0.0078751108357568156 0.048399685280865939 -0.15892405942426735 -0.0090166138467933973 0.048328016429679183 -0.15832297015395436 -0.010227470640830525 0.048243091953570266 -0.15760547765230748 -0.011525689919115088 0.048142106291206507 -0.15674530982095367 -0.012935227945125635 0.048021087000688197 -0.1557053261183996 -0.014489045140642271 0.047874200831325986 -0.15443131351351785 -0.016234222313799593 0.047692450622058111 -0.15284086499233535 -0.01824106002633118 0.047461080592903722 -0.15080254976075233 -0.020619930243697664 0.047153862235150265 -0.14809479480774645 -0.023554024507766627 0.046719198156464019 -0.14432233955228221 -0.027364204919923814 0.046042776586585295 -0.13875674170674154 -0.032623200904475944 0.04483772377299005 -0.13010184664998201 -0.040261510755728244 0.042235955659313706 -0.11623571022495185 -0.051088925782148048 0.035996148440848696 -0.09482566855016332 -0.062170181615691135 0.024944003371401343 -0.067000890149764167 -0.062857056407961215 0.013180423231099019 -0.040161802496576735 -0.047635891268548426 0.0052259672007711998 -0.021145604540439122 -0.026087665315471985 0.00070193275936372484 -0.0096621913336682585 -0.0089170765696952262 -0.0021352485151619046 -0.0023962023546952775 0.00090773803044035309 -0.0037538356117277861 0.0024896013990507457 0.0037775617693730943 -0.0036002835054709959 0.0051886824684746116 7.8822733382612897e-05 -0.0029597931301635523 0.0059370529227974417 -0.0033866583710718619 -0.0017044961284170539 0.0030546050969773764 -0.00036130671617392343 -0.0019579965815390596 0.0033390083864904855 -0.0033761546494178356 -0.0013810738493878489 0.0028442242404906901 -0.0080066568196068746 0.0006660834006531086 0.00065927116103114871 -0.0090338961033454238 0.0029941083722330943 -0.0028117918724515547 -0.0049347903364778062 0.0050005212841907273 -0.0084523136487461969 0.0067517686478443441 0.0083183169135470029 -0.022132043059769027 0.029514957602579127 0.014933354034537744 -0.050661160843856606 0.053897927634485115 0.020790834663316486 -0.083967376587804399 0.056207552680758291 0.022956845228938049 -0.10751002778392728 0.043124541322259388 0.023900961165519576 -0.12161129802151133 0.034093893675915254 0.024728156750717593 -0.13055762851713903 0.028329470239189761 0.025420073277551376 -0.13641466179998846 0.02429922143625457 0.025971976780446545 -0.14043047700320788 0.021276554891476181 0.02641151611608325 -0.14333388015328824 0.018868549636936252 0.026766504240779917 -0.14552977495278249 0.016859083171621263 0.027057795299058936 -0.14724868301695826 0.015122975517589069 0.027300083651931501 -0.14862874860261854 0.013583224518345965 0.027503705398621119 -0.14975721064278283 0.012189727461279757 0.027676047802546091 -0.15069176063198184 0.010908247424152568 0.027822499321133065 -0.15147207818141489 0.0097143623479952652 0.027947064044631979 -0.15212631719915612 0.0085900137165818551 0.028052764920008806 -0.15267496453153812 0.0075214073013310234 0.02814191054194639 -0.15313320691733676 0.0064977087600515543 0.028216279258749973 -0.15351245312298631 0.0055101659094493084 0.02827724259299989 -0.15382132989763087 0.0045515302212349798 0.02832585235719012 -0.15406634645214903 0.0036156533628011688 0.02836290324406697 -0.15425235698037618 0.0026971769631075854 0.028388975917816965 -0.15438287139278117 0.001791306372987576 0.028404466670015061 -0.15446026519113165 0.00089363408459080976 0.02840960498979193 -0.1544859131683205 2.4046604277564408e-10 0.028404466389884944 -0.15446026526950668 -0.00089363364259882378 0.028388976166682622 -0.15438287155455976 -0.0017913057029553762 0.028362903624551718 -0.15425235717412292 -0.0026971755921283763 0.028325852533197783 -0.15406634661434387 -0.0036156516857062592 0.028277242870732532 -0.15382133000186249 -0.0045515286769601086 0.028216279523162503 -0.15351245319869292 -0.0055101645066343253 0.028141910523303979 -0.15313320699857014 -0.0064977073779191276 0.028052764684243444 -0.15267496458030072 -0.007521405682001478 0.027947063973678674 -0.15212631720123698 -0.0085900122535847376 0.027822499310902575 -0.151472078150164 -0.0097143613590483791 0.027676047370862204 -0.15069176054362055 -0.010908246465178956 0.027503704899723456 -0.14975721052475355 -0.012189726429728234 0.027300083404029084 -0.14862874847862489 -0.013583223542346238 0.027057795145764847 -0.14724868285770834 -0.01512297451301297 0.026766504098620327 -0.14552977477956489 -0.016859082430189666 0.026411515976221798 -0.14333387997982483 -0.018868549138977557 0.025971976633735312 -0.1404304768061827 -0.021276554349803675 0.025420073304382219 -0.13641466162102567 -0.024299220888670422 0.024728157046644095 -0.13055762842834009 -0.028329469710635984 0.023900961541810348 -0.12161129801165277 -0.034093893226106529 0.02295684559686436 -0.10751002776265989 -0.04312454108811957 0.020790835052323216 -0.083967376408885908 -0.05620755248456448 0.014933354331732405 -0.05066116049449073 -0.05389792707418907 0.008318317092961134 -0.022132042819806345 -0.029514956880298801 0.0050005215327078613 -0.0084523136387579974 -0.006751767987118306 0.0029941086878307313 -0.0028117920310536423 0.0049347908487876683 0.0006660836903975688 0.00065927093206414613 0.0090338962948233285 -0.0013810735887691986 0.0028442240929670072 0.0080066569892413963 -0.0019579963889781796 0.0033390083135731497 0.0033761548125542445 -0.0017044960036667698 0.0030546050405934186 0.00036130677257542864 -0.00064907917064627922 0.0013429827260134216 -0.0013201120994813388 -0.00044412936082879922 0.0017688441818927265 -0.0041103030530757053 0.0010676946605463671 0.0017370540939282673 -0.0093243936142658641 0.0039700092815230827 0.00039774792071168024 -0.012782124191637621 0.0067417784582124995 -0.0016099961639344036 -0.012824898867046727 0.007947302809517838 -0.0040112154005618236 -0.0067699474549517405 0.0082535267883659912 -0.01335217517251411 0.013601539541286045 0.009989023719221668 -0.041448519747045651 0.04327341375409588 0.010911602808060533 -0.077260980591778466 0.049352439018697444 0.010552858267563062 -0.10173533977562745 0.037115461550676757 0.011336281440992245 -0.11611911199203911 0.030774868421347756 0.012513776146227642 -0.12551286624366786 0.026581685634560384 0.013545617404373315 -0.13170850714998061 0.02335656937272497 0.014368417070072824 -0.13597060889815671 0.020770184419165054 0.015018288252835016 -0.13905623033212622 0.018614180573311639 0.0155384830892804 -0.14139107694878156 0.016757753441927564 0.015961919273631626 -0.14321894749871461 0.015117264704501306 0.016311700574923774 -0.14468639655301718 0.013637598888119728 0.016603945282003232 -0.145886139349166 0.012281022780108794 0.016850078635869271 -0.14687955182319501 0.01102072432687333 0.017058365098116313 -0.14770887251235673 0.0098369709286084822 0.01723490113341019 -0.14840408068444771 0.0087147935688179842 0.017384259179156786 -0.1489869950565369 0.0076425088130245879 0.017509910900205001 -0.14947379092500496 0.0066107718685553037 0.017614517564491859 -0.14987661989752576 0.0056119117363718721 0.01770012211523753 -0.15020467000851923 0.0046394882536481431 0.017768286226635864 -0.15046487367461703 0.0036879752746133525 0.017820186145940553 -0.15066240062518504 0.0027525072374715064 0.017856679519844959 -0.15080098868970998 0.0018286942463495081 0.017878350439120887 -0.15088316737766674 0.00091247510369172518 0.01788553694957987 -0.15091040057870198 8.0556312887099767e-10 0.017878350265129364 -0.15088316747933078 -0.00091247343129262034 0.017856680118813348 -0.15080098901531536 -0.0018286922931752979 0.017820186775770103 -0.15066240116180518 -0.0027525047098847927 0.017768286464324635 -0.1504648742443149 -0.0036879725018683323 0.01770012262164946 -0.15020467047529323 -0.0046394856096959331 0.017614518176076496 -0.14987662026172879 -0.0056119091686139579 0.017509911130259466 -0.14947379116096796 -0.0066107694848993401 0.01738425920239739 -0.14898699504870905 -0.0076425065584297125 0.017234901338572636 -0.14840408048522574 -0.0087147915861381237 0.017058365160249611 -0.14770887234970456 -0.0098369695692064017 0.016850078187105676 -0.14687955177410827 -0.011020723104896948 0.016603944888332937 -0.14588613931111813 -0.012281021552205435 0.016311700437194512 -0.14468639644545289 -0.013637597966679311 0.015961919149969729 -0.14321894727681442 -0.01511726383237107 0.015538483010401633 -0.14139107663821865 -0.016757752691882961 0.01501828811854786 -0.13905623005271228 -0.018614180001206335 0.014368416912079565 -0.13597060871019931 -0.020770183813011253 0.013545617429377703 -0.13170850703545495 -0.023356568714579411 0.012513776460835411 -0.12551286620598906 -0.026581684909369255 0.011336281949829906 -0.11611911206448207 -0.030774867729227898 0.010552858790034021 -0.10173533989917473 -0.037115461114458875 0.01091160336323628 -0.077260980519932548 -0.049352438699910468 0.0099890241963746969 -0.041448519413301903 -0.043273413008916441 0.0082535270826706413 -0.013352175004237386 -0.013601538657327073 0.0079473030945306986 -0.0040112154836751427 0.0067699481344940197 0.0067417787302537927 -0.0016099962989245637 0.01282489925189666 0.0039700094633789151 0.0003977478258217383 0.012782124216607143 0.0010676947780471787 0.0017370541361594574 0.009324393744463368 -0.00044412933473463463 0.0017688442880633244 0.0041103032928781228 -0.00064907923556880036 0.0013429828458523326 0.0013201123141949041
        </DataArray>
        <DataArray type="Float64" Name="strain_xx" format="ascii">
          0.035073530285979163 0.037247924034922754 0.040164754217899522 0.041404423799603268 0.042497996219150111 0.043876380616344218 0.045613632580989494 0.04763677629764651 0.04978661935774277 0.051840594525733315 0.053587309901424379 0.054935294226821377 0.055928530454807793 0.056663721504530848 0.057223422368505673 0.057662607785685605 0.058015997831742661 0.058305863751350669 0.058546967173284309 0.058749435566176914 0.058920438903843214 0.059065185313882954 0.059187539294073749 0.059290412046178784 0.0593760200554211 0.059446058082655094 0.059501817188389247 0.059544267421378708 0.05957411408296058 0.05959183690717812 0.05959771422464169 0.059591836904572398 0.059574114088347896 0.059544267420227295 0.059501817212234888 0.05944605822867062 0.059376020312308861 0.059290412374876061 0.059187539691032229 0.059065185764035744 0.058920439307460548 0.05874943589061013 0.058546967394441152 0.05830586403261992 0.058015998195566229 0.057662607833512715 0.057223422259206777 0.056663721434764627 0.055928530304606303 0.054935294096222095 0.053587309748481846 0.051840594261120559 0.049786618976520786 0.047636775951717503 0.04561363241444874 0.043876380559911408 0.04249799625006534 0.041404424008664786 0.040164754431481625 0.037247924182764194 0.03507353048062016 0.021162674264788472 0.026476705039950615 0.035256207368995554 0.041201020045661688 0.045676372471287377 0.049445153359695494 0.052884217870839897 0.056134554193515859 0.059171886638616528 0.061853642181844387 0.064023886538082192 0.065644914225322537 0.066812870287439124 0.067664023547519742 0.068304893289023658 0.068803674328225789 0.069202495427296826 0.069527990030262901 0.069797627367693821 0.070023296176472807 0.07021335944014806 0.070373859808572956 0.070509261198937467 0.070622914059016606 0.07071736134956258 0.070794542636017643 0.070855931939350816 0.070902634676233492 0.070935453921771932 0.0709549352249743 0.070961394564815428 0.070954935398897329 0.070935454377855894 0.070902635101410511 0.070855932304186589 0.070794543158169326 0.070717362032404946 0.070622914813571136 0.070509262037211626 0.070373860693305257 0.070213360284621995 0.070023296976068627 0.069797628042313792 0.069527990546334517 0.069202495857039498 0.06880367453018435 0.068304893350995349 0.067664023519430877 0.06681287013685358 0.065644914112307357 0.064023886347074066 0.061853641893969427 0.059171886300053628 0.056134553823157865 0.052884217585043879 0.049445153175837288 0.045676372400755574 0.041201020089220976 0.035256207417492851 0.026476705124771377 0.021162674419528602 0.0059591670769874264 0.012490143162724126 0.024606999671558574 0.034812922347805919 0.043345391241673498 0.050695837308555106 0.057232229002715435 0.063121833867647636 0.068334525956457448 0.07269786839474493 0.076061087966122043 0.078468856448761212 0.08014400515525931 0.081331734117640109 0.082207172669779144 0.082877243450132324 0.083405937716622969 0.083832775545530092 0.084183211966507937 0.084474316320868478 0.084717949555046093 0.084922593457344583 0.085094458096362263 0.085238169636390165 0.085357216464952534 0.085454244906438159 0.085531256852888093 0.08558974759100943 0.085630800325175602 0.085655149410413384 0.085663219496541029 0.085655149687142496 0.085630800980293353 0.085589748030961921 0.085531257232440136 0.085454245541954882 0.085357217170630814 0.085238170423864959 0.085094458975146892 0.084922594255993453 0.084717950314423904 0.084474316961114043 0.084183212520045639 0.083832775903074905 0.083405937912463229 0.082877243656369337 0.082207172804078466 0.081331733983664209 0.080144004841374156 0.078468856220472588 0.076061087679664588 0.072697868081705516 0.0683345256861701 0.063121833515461523 0.057232228620682675 0.050695837015722764 0.043345391070137421 0.034812922219880367 0.024606999605458847 0.012490143190708625 0.0059591671298627712 0.003165860064132304 0.0067996423713324924 0.014429612503812703 0.02263780253556285 0.031157148752382947 0.039807962424565926 0.048433707561793535 0.05674776661631014 0.064293087444203853 0.070556176558400532 0.075241815517690658 0.078468221618725256 0.080627518990541353 0.082108379665027764 0.083171658880892368 0.083969033818748193 0.084588048271305838 0.085081290888766772 0.085481902386467939 0.085811714058942223 0.08608567279080391 0.086314334225938483 0.086505344561457503 0.086664348215405071 0.086795568508699975 0.086902187894116967 0.086986600755942972 0.087050587771291182 0.087095433646255438 0.087122007141635829 0.087130810233871897 0.087122007037222116 0.087095433532250424 0.087050587347669864 0.086986600202600461 0.0869021873854319 0.086795568031284062 0.086664347739970671 0.086505343928541215 0.086314333430553516 0.086085672126882257 0.085811713528072611 0.08548190203979765 0.085081290587191882 0.084588048084557804 0.083969033925905753 0.083171659038153836 0.082108379612372093 0.080627518793838948 0.078468221459821269 0.075241815356954109 0.070556176394739434 0.064293087297940185 0.056747766442228183 0.048433707370246826 0.039807962283214204 0.031157148672062002 0.022637802485277029 0.014429612528466675 0.0067996424284838698 0.0031658601023171586 6.9803797320016768e-05 0.0017846357857965543 0.0058183256519809511 0.011213661519198012 0.018141896175744483 0.026571769279506371 0.036219663588453493 0.046339100955003078 0.055748668241655745 0.063333918178310494 0.068661451579187405 0.072061636133311846 0.074185059464291631 0.075568366348352206 0.076525676330657225 0.077224430836376201 0.07775585705549698 0.078172553602544742 0.078506662139607303 0.078778850033429215 0.079002993117957443 0.079188733086523341 0.079342960253670852 0.079470703474580795 0.079575689665086338 0.079660704250689468 0.079727828643889151 0.079778602987646302 0.079814133630624548 0.079835165847844308 0.079842129652868743 0.079835165629305399 0.079814133344428217 0.079778602568309737 0.079727827877601562 0.079660703284072931 0.079575688908128953 0.079470702745238819 0.079342959374055486 0.079188732190191874 0.079002992319732346 0.078778849538274826 0.078506661870100553 0.078172553378773518 0.077755857164424125 0.077224431227784773 0.07652567664285112 0.075568366535149131 0.07418505953242302 0.072061636107081523 0.068661451535297499 0.063333918115251311 0.055748668182067515 0.046339100930761365 0.036219663624390046 0.026571769363740654 0.018141896302403846 0.011213661681432405 0.0058183257844348392 0.0017846358929561536 6.9803910531969818e-05 -0.0023426351646205238 -0.0022419583796430297 -0.001017032282310904 0.0020736455073604651 0.0069814775627942294 0.014151778192713871 0.023929653087085521 0.035402163306678926 0.046172644872592712 0.054097804604758069 0.058855395702554422 0.061456511659052318 0.062924874177491374 0.063825652143846015 0.064426716774087345 0.064855458095211732 0.065176615244164876 0.065425833893880542 0.06562420165029878 0.065784957340694949 0.065916829312671621 0.06602579677823385 0.066116084865929556 0.066190749868436191 0.066252040667654513 0.066301628156055198 0.066340754874970584 0.066370337074249011 0.066391031333371486 0.06640327880190991 0.066407333589426049 0.066403278802766599 0.066391031383309013 0.066370337204273461 0.066340754880774747 0.066301628215747865 0.066252040976687271 0.066190750237684393 0.066116085274952788 0.066025797180817997 0.065916829575283692 0.065784957616813619 0.065624201840904853 0.065425833979888368 0.065176615493619153 0.064855458373458977 0.064426716863339645 0.063825652161847421 0.062924874162178443 0.061456511573895437 0.058855395591269469 0.054097804496274604 0.046172644828647823 0.035402163294551869 0.0239296531764796 0.014151778415696314 0.0069814778614162533 0.0020736458572771445 -0.0010170319742600238 -0.0022419581620685041 -0.0023426349854221238 -0.0029597933960906877 -0.0036002838354666387 -0.0037538360216529676 -0.0021352489183289994 0.00070193240259836085 0.0052259669601735096 0.013180423157419279 0.024944003319957872 0.035996148337714744 0.04223595560423743 0.044837723707329087 0.046042776485220142 0.04671919818388174 0.047153862383545901 0.047461080748979902 0.047692450758974124 0.047874200917019383 0.048021087153629655 0.04814210646932264 0.048243091923335299 0.048328016190773357 0.048399685089862768 0.048460137959684929 0.048510888100641407 0.048553074844671695 0.04858756202311576 0.048615002723164713 0.048635885403525286 0.048650564062012916 0.048659278907127894 0.048662168641384757 0.048659278727472222 0.048650564031795754 0.048635885580635203 0.048615002972438148 0.048587562378893744 0.04855307524058633 0.048510888392858643 0.048460138129031896 0.048399685280865939 0.048328016429679183 0.048243091953570266 0.048142106291206507 0.048021087000688197 0.047874200831325986 0.047692450622058111 0.047461080592903722 0.047153862235150265 0.046719198156464019 0.046042776586585295 0.04483772377299005 0.042235955659313706 0.035996148440848696 0.024944003371401343 0.013180423231099019 0.0052259672007711998 0.00070193275936372484 -0.0021352485151619046 -0.0037538356117277861 -0.0036002835054709959 -0.0029597931301635523 -0.0017044961284170539 -0.0019579965815390596 -0.0013810738493878489 0.0006660834006531086 0.0029941083722330943 0.0050005212841907273 0.0083183169135470029 0.014933354034537744 0.020790834663316486 0.022956845228938049 0.023900961165519576 0.024728156750717593 0.025420073277551376 0.025971976780446545 0.02641151611608325 0.026766504240779917 0.027057795299058936 0.027300083651931501 0.027503705398621119 0.027676047802546091 0.027822499321133065 0.027947064044631979 0.028052764920008806 0.02814191054194639 0.028216279258749973 0.02827724259299989 0.02832585235719012 0.02836290324406697 0.028388975917816965 0.028404466670015061 0.02840960498979193 0.028404466389884944 0.028388976166682622 0.028362903624551718 0.028325852533197783 0.028277242870732532 0.028216279523162503 0.028141910523303979 0.028052764684243444 0.027947063973678674 0.027822499310902575 0.027676047370862204 0.027503704899723456 0.027300083404029084 0.027057795145764847 0.026766504098620327 0.026411515976221798 0.025971976633735312 0.025420073304382219 0.024728157046644095 0.023900961541810348 0.02295684559686436 0.020790835052323216 0.014933354331732405 0.008318317092961134 0.0050005215327078613 0.0029941086878307313 0.0006660836903975688 -0.0013810735887691986 -0.0019579963889781796 -0.0017044960036667698 -0.00064907917064627922 -0.00044412936082879922 0.0010676946605463671 0.0039700092815230827 0.0067417784582124995 0.007947302809517838 0.0082535267883659912 0.009989023719221668 0.010911602808060533 0.010552858267563062 0.011336281440992245 0.012513776146227642 0.013545617404373315 0.014368417070072824 0.015018288252835016 0.0155384830892804 0.015961919273631626 0.016311700574923774 0.016603945282003232 0.016850078635869271 0.017058365098116313 0.01723490113341019 0.017384259179156786 0.017509910900205001 0.017614517564491859 0.01770012211523753 0.017768286226635864 0.017820186145940553 0.017856679519844959 0.017878350439120887 0.01788553694957987 0.017878350265129364 0.017856680118813348 0.017820186775770103 0.017768286464324635 0.01770012262164946 0.017614518176076496 0.017509911130259466 0.01738425920239739 0.017234901338572636 0.017058365160249611 0.016850078187105676 0.016603944888332937 0.016311700437194512 0.015961919149969729 0.015538483010401633 0.01501828811854786 0.014368416912079565 0.013545617429377703 0.012513776460835411 0.011336281949829906 0.010552858790034021 0.01091160336323628 0.0099890241963746969 0.0082535270826706413 0.0079473030945306986 0.0067417787302537927 0.0039700094633789151 0.0010676947780471787 -0.00044412933473463463 -0.00064907923556880036
        </DataArray>
        <DataArray type="Float64" Name="strain_yy" format="ascii">
          -0.12300143000385856 -0.12225508443670427 -0.12095597393489864 -0.1203913692932049 -0.1209078782648127 -0.12241223688319788 -0.12469094242963555 -0.12748666144733622 -0.13050040436149676 -0.13338682385689049 -0.13583798565083824 -0.13772395502571294 -0.13910882664131274 -0.14013090534360345 -0.14090731415377283 -0.14151555878272259 -0.14200438104447632 -0.14240495101640338 -0.14273788199211562 -0.14301729072279756 -0.14325315797501759 -0.14345272549408872 -0.14362136107174583 -0.14376310518339064 -0.14388103270566366 -0.14397749359543821 -0.14405427669657395 -0.14411272561834243 -0.14415381740354682 -0.14417821604633685 -0.14418630683071129 -0.14417821602645281 -0.14415381737330124 -0.14411272558116778 -0.14405427664708015 -0.14397749352702827 -0.14388103263079291 -0.14376310512506446 -0.14362136106630544 -0.14345272556473246 -0.14325315810383266 -0.14301729091933546 -0.1427378822325871 -0.14240495127631392 -0.1420043813293356 -0.14151555907029401 -0.14090731444057103 -0.14013090564625269 -0.13910882696662585 -0.13772395535595289 -0.13583798596634572 -0.13338682412886604 -0.13050040458301304 -0.12748666168355377 -0.12469094272745135 -0.12241223724419338 -0.12090787866148307 -0.12039136974310266 -0.12095597440858014 -0.12225508486799541 -0.12300143042124685 -0.072103726054641978 -0.079825410710680958 -0.092666228186812305 -0.10168827881277069 -0.10891202092888791 -0.11526551635539273 -0.12115923599827368 -0.12671539429931203 -0.13185195176943887 -0.13633388782920394 -0.13992523775745858 -0.14258813454729757 -0.14449746805413491 -0.1458848338165159 -0.1469276083637972 -0.14773832319392258 -0.14838613099375386 -0.14891460543843796 -0.14935226436534715 -0.14971848528885448 -0.15002688413007254 -0.1502872909907266 -0.15050696228053564 -0.15069134150606353 -0.15084455936844338 -0.15096976522988517 -0.15106935173617739 -0.15114511314382617 -0.15119835255987438 -0.15122995474481218 -0.15124043277807586 -0.15122995476409512 -0.1511983526153711 -0.15114511324373112 -0.15106935187326692 -0.15096976539886858 -0.1508445595693586 -0.15069134172161769 -0.15050696251549237 -0.1502872912745381 -0.15002688444262616 -0.14971848562946002 -0.14935226474154722 -0.14891460584119365 -0.14838613141595108 -0.14773832362681791 -0.14692760877434274 -0.14588483417103473 -0.14449746838987815 -0.14258813489508568 -0.13992523806341262 -0.13633388805371799 -0.13185195194417523 -0.12671539446017183 -0.12115923616607938 -0.11526551654034599 -0.108912021150268 -0.1016882791173203 -0.09266622853624279 -0.079825411038658547 -0.072103726375885413 -0.015593167095172524 -0.027645854161947137 -0.0497560519199894 -0.068150296792248821 -0.083617134740748944 -0.097050007688340323 -0.10903690713104941 -0.11983731234462786 -0.12939995393513087 -0.13743202496492349 -0.14366382918545623 -0.14816345522066093 -0.1513225206554491 -0.15358140551303759 -0.1552586443898801 -0.15655033688737999 -0.1575747223424496 -0.15840529830640426 -0.15908966896183682 -0.15965991081581277 -0.16013840699277332 -0.16054122285711994 -0.16088015850948773 -0.16116402843648023 -0.16139949680049603 -0.16159162894218818 -0.16174426324637686 -0.1618602720015424 -0.16194173770139186 -0.16199007254227504 -0.16200609484742817 -0.16199007260111334 -0.16194173780507021 -0.16186027215703533 -0.16174426344618295 -0.16159162915435282 -0.16139949700793316 -0.16116402861676224 -0.16088015864988109 -0.16054122298466708 -0.16013840710498103 -0.15965991088895204 -0.15908966900155874 -0.15840529833864753 -0.15757472237512549 -0.15655033695635961 -0.15525864448889254 -0.15358140554520411 -0.15132252062779974 -0.1481634552592373 -0.14366382928295957 -0.13743202500983748 -0.12939995391044828 -0.11983731229132985 -0.10903690707718398 -0.097050007613143294 -0.083617134685801828 -0.068150296866082039 -0.049756052096343623 -0.027645854380441905 -0.015593167340923692 -0.0042260161645854303 -0.011774733807282122 -0.027412458998132799 -0.043678924216437237 -0.059961539890078221 -0.076065144628200118 -0.091858334721642759 -0.10700591478189928 -0.12087571197540874 -0.13264519910995254 -0.14172733952858868 -0.14819634098872131 -0.15266608077284544 -0.15581573291842027 -0.15812645278835552 -0.15988908502080532 -0.16127630062878248 -0.16239409460794443 -0.16331042482481453 -0.16407069839408767 -0.16470637689293166 -0.16523990626516694 -0.16568768843881271 -0.16606192163611763 -0.16637179339701133 -0.16662426480946851 -0.16682459676846376 -0.16697671736184122 -0.16708346964571189 -0.16714677912467399 -0.16716776061360605 -0.16714677903539371 -0.16708346945383767 -0.16697671707145148 -0.16682459639412994 -0.16662426434679803 -0.16637179282715722 -0.16606192093102917 -0.16568768759021019 -0.16523990534539235 -0.16470637599174248 -0.16407069753844478 -0.16331042400931939 -0.16239409387270654 -0.16127629998613124 -0.15988908449195083 -0.15812645242918549 -0.15581573265976401 -0.1526660805318906 -0.14819634081168884 -0.14172733944595894 -0.13264519903478181 -0.12087571183309442 -0.10700591461455455 -0.091858334608685296 -0.076065144552091304 -0.059961539814094446 -0.043678924219719757 -0.027412459098763629 -0.011774733994025682 -0.0042260164182623917 0.0040251401424508107 -0.0017392499320497494 -0.013439819920060344 -0.026092629669779821 -0.040496305097204602 -0.056859436414358866 -0.07492882093447252 -0.093750891188957269 -0.11168072506419935 -0.12693110215055625 -0.13845710394024485 -0.14642538941528169 -0.15177664782780428 -0.15546635839170339 -0.15813219604678003 -0.16014356829024046 -0.16171374309872061 -0.16297111236379985 -0.16399682702997681 -0.16484451863246544 -0.16555102567151891 -0.16614244578070814 -0.16663773889930567 -0.16705093801997462 -0.16739257016238515 -0.16767058483369207 -0.16789097352039398 -0.16805819994247723 -0.1681754892984299 -0.16824502311774012 -0.16826806338510586 -0.16824502302100455 -0.16817548907835184 -0.16805819957093418 -0.16789097300817998 -0.16767058424817113 -0.1673925695617158 -0.16705093740428642 -0.16663773823769484 -0.1661424450864224 -0.16555102497757734 -0.16484451797760419 -0.16399682643198701 -0.16297111183305879 -0.16171374264792682 -0.16014356792763906 -0.15813219578432086 -0.15546635820860777 -0.15177664769378857 -0.14642538928108528 -0.13845710379808718 -0.12693110201039609 -0.11168072490677448 -0.093750891016568999 -0.074928820820297642 -0.056859436413863054 -0.040496305164965399 -0.02609262977632534 -0.013439820059635288 -0.0017392501592248763 0.0040251398354068666 0.0068149397364798605 0.0038215946675278652 -0.0030812670617811041 -0.011928007271074093 -0.023349215491727124 -0.038483800172235141 -0.05799947580263376 -0.080674214672423222 -0.1030919999821325 -0.12167080466489952 -0.13493745349459224 -0.14362189313054807 -0.14925196453948805 -0.15306227231311129 -0.15578722126906502 -0.15783090494830104 -0.15942032862892011 -0.16068996189463558 -0.16172391655827631 -0.16257738387456433 -0.1632880785601154 -0.16388261636714782 -0.16438027689929768 -0.16479529737675103 -0.16513833891520255 -0.16541744103846634 -0.16563865639360859 -0.16580649044590276 -0.16592419633889699 -0.16599397344852632 -0.16601709376193718 -0.16599397342423511 -0.16592419631066085 -0.16580649047109008 -0.16563865649361348 -0.1654174411966545 -0.16513833914414933 -0.16479529768348813 -0.16438027723534715 -0.16388261669916854 -0.16328807887874869 -0.16257738415406023 -0.16172391675073192 -0.16068996195846422 -0.1594203285798545 -0.15783090483225676 -0.15578722109725432 -0.15306227210280288 -0.14925196433211652 -0.14362189289292052 -0.13493745322541836 -0.12167080440804613 -0.1030919997327033 -0.080674214436873726 -0.057999475665331715 -0.038483800200184437 -0.023349215669223225 -0.011928007550767198 -0.0030812673510990899 0.003821594357952852 0.0068149393831377376 0.0059370532058741175 0.0051886827574579271 0.0024896017542993948 -0.0023962019909756159 -0.00966219113081772 -0.021145604559995139 -0.040161802715722478 -0.067000890466715063 -0.094825668838816643 -0.1162357104562446 -0.13010184685501106 -0.13875674191307294 -0.14432233978755682 -0.14809479502563433 -0.15080254989489639 -0.15284086507243894 -0.15443131355564904 -0.15570532608872212 -0.15674530972876638 -0.15760547746821385 -0.15832296985655508 -0.15892405909510118 -0.1594278166772494 -0.15984835292561628 -0.16019625153916767 -0.1604795053975919 -0.16070413939803244 -0.16087464286616296 -0.16099425989081428 -0.1610651851371272 -0.16108868838469892 -0.16106518511822096 -0.16099425985669902 -0.16087464286093961 -0.16070413947529377 -0.16047950554049889 -0.16019625172344829 -0.15984835317064028 -0.15942781697626729 -0.15892405942426735 -0.15832297015395436 -0.15760547765230748 -0.15674530982095367 -0.1557053261183996 -0.15443131351351785 -0.15284086499233535 -0.15080254976075233 -0.14809479480774645 -0.14432233955228221 -0.13875674170674154 -0.13010184664998201 -0.11623571022495185 -0.09482566855016332 -0.067000890149764167 -0.040161802496576735 -0.021145604540439122 -0.0096621913336682585 -0.0023962023546952775 0.0024896013990507457 0.0051886824684746116 0.0059370529227974417 0.0030546050969773764 0.0033390083864904855 0.0028442242404906901 0.00065927116103114871 -0.0028117918724515547 -0.0084523136487461969 -0.022132043059769027 -0.050661160843856606 -0.083967376587804399 -0.10751002778392728 -0.12161129802151133 -0.13055762851713903 -0.13641466179998846 -0.14043047700320788 -0.14333388015328824 -0.14552977495278249 -0.14724868301695826 -0.14862874860261854 -0.14975721064278283 -0.15069176063198184 -0.15147207818141489 -0.15212631719915612 -0.15267496453153812 -0.15313320691733676 -0.15351245312298631 -0.15382132989763087 -0.15406634645214903 -0.15425235698037618 -0.15438287139278117 -0.15446026519113165 -0.1544859131683205 -0.15446026526950668 -0.15438287155455976 -0.15425235717412292 -0.15406634661434387 -0.15382133000186249 -0.15351245319869292 -0.15313320699857014 -0.15267496458030072 -0.15212631720123698 -0.151472078150164 -0.15069176054362055 -0.14975721052475355 -0.14862874847862489 -0.14724868285770834 -0.14552977477956489 -0.14333387997982483 -0.1404304768061827 -0.13641466162102567 -0.13055762842834009 -0.12161129801165277 -0.10751002776265989 -0.083967376408885908 -0.05066116049449073 -0.022132042819806345 -0.0084523136387579974 -0.0028117920310536423 0.00065927093206414613 0.0028442240929670072 0.0033390083135731497 0.0030546050405934186 0.0013429827260134216 0.0017688441818927265 0.0017370540939282673 0.00039774792071168024 -0.0016099961639344036 -0.0040112154005618236 -0.01335217517251411 -0.041448519747045651 -0.077260980591778466 -0.10173533977562745 -0.11611911199203911 -0.12551286624366786 -0.13170850714998061 -0.13597060889815671 -0.13905623033212622 -0.14139107694878156 -0.14321894749871461 -0.14468639655301718 -0.145886139349166 -0.14687955182319501 -0.14770887251235673 -0.14840408068444771 -0.1489869950565369 -0.14947379092500496 -0.14987661989752576 -0.15020467000851923 -0.15046487367461703 -0.15066240062518504 -0.15080098868970998 -0.15088316737766674 -0.15091040057870198 -0.15088316747933078 -0.15080098901531536 -0.15066240116180518 -0.1504648742443149 -0.15020467047529323 -0.14987662026172879 -0.14947379116096796 -0.14898699504870905 -0.14840408048522574 -0.14770887234970456 -0.14687955177410827 -0.14588613931111813 -0.14468639644545289 -0.14321894727681442 -0.14139107663821865 -0.13905623005271228 -0.13597060871019931 -0.13170850703545495 -0.12551286620598906 -0.11611911206448207 -0.10173533989917473 -0.077260980519932548 -0.041448519413301903 -0.013352175004237386 -0.0040112154836751427 -0.0016099962989245637 0.0003977478258217383 0.0017370541361594574 0.0017688442880633244 0.0013429828458523326
        </DataArray>
        <DataArray type="Float64" Name="gamma_xy" format="ascii">
          -0.075716803321556198 -0.05266075599485108 -0.017132414407238356 0.0021370702798839338 0.012443283907399185 0.017480661403159722 0.019322371123485858 0.019208003135909257 0.017937304902091028 0.016101270549656425 0.014168879751475696 0.012435752744045556 0.010990345688410529 0.0097957136235574081 0.008788113464433582 0.0079160028758683242 0.0071433875027860586 0.0064455653026532118 0.0058052774378192524 0.0052101220682027024 0.0046509109415669913 0.004120645609788514 0.0036138499463058589 0.0031261356976174403 0.0026538978498845175 0.0021941073578150552 0.0017441635468310604 0.001301776364910258 0.00086487846714326452 0.00043155717687416603 -1.6708804642889905e-10 -0.00043155730562784524 -0.00086487845720571656 -0.0013017765243094662 -0.0017441638934338095 -0.0021941074727893409 -0.0026538974710939274 -0.0031261347462173219 -0.0036138487382137768 -0.0041206446624212911 -0.0046509100213539007 -0.0052101215165408308 -0.0058052772544500697 -0.0064455651670163776 -0.0071433875342575403 -0.0079160029033344993 -0.0087881133965865589 -0.0097957135720005833 -0.010990345821462189 -0.012435753062743256 -0.014168880259000361 -0.016101271133492117 -0.017937305371044279 -0.019208003486712685 -0.019322371390238867 -0.017480661648012118 -0.012443284113368333 -0.0021370704371593188 0.017132414279620384 0.052660756027684212 0.075716803463917251 -0.063709075033901802 -0.050756670956476853 -0.028244293775646183 -0.011921169223295065 -0.00051305298061704715 0.0071771287411011775 0.012040338093465733 0.014720299195468207 0.015711526376647009 0.015477667151386367 0.014523169564059281 0.013307081794806833 0.012103685863465784 0.011005131479509336 0.010017074737509476 0.009122539473373166 0.0083032206415211939 0.0075439780818278568 0.006833014756072381 0.0061612004163107198 0.0055213835700053627 0.0049078736590705309 0.004316054288270363 0.0037421133364891998 0.0031828357954630905 0.002635458929695945 0.0020975656639977782 0.0015669928368844961 0.0010417607810564698 0.00052001832833371137 -7.3231092969695301e-11 -0.00052001800300425149 -0.0010417600627332369 -0.0015669924359303193 -0.0020975654026305773 -0.0026354582466021604 -0.0031828347238620196 -0.0037421117846798938 -0.0043160524486977048 -0.0049078722909701045 -0.0055213825423280731 -0.0061611997094133484 -0.0068330143797862754 -0.0075439779346100294 -0.008303220702115385 -0.009122539726500704 -0.010017075141612746 -0.011005131755146426 -0.012103686103077662 -0.013307082272486871 -0.014523170179107132 -0.015477667541322158 -0.015711526534541345 -0.01472029928474184 -0.012040338151857167 -0.0071771287097130761 0.00051305311050158214 0.011921169333243289 0.028244293896016688 0.050756671228886885 0.063709075384473957 -0.027616657963194846 -0.028313248573364199 -0.025938295074816084 -0.01826201784514616 -0.0088287370226018784 0.00032485260004367646 0.0080679075217838635 0.013797685296631019 0.01728413513554793 0.01867214580820686 0.018506623963186433 0.01751418447704018 0.016244052741005748 0.014954385401561169 0.013727018139200135 0.012576997884881778 0.011499356345190569 0.010484486552945975 0.009522755252829182 0.008605683564898289 0.0077260742054792008 0.0068778740399151111 0.0060559656391809148 0.0052559876013736594 0.0044741654606894549 0.003707187948244252 0.0029521097075528224 0.0022062582263598285 0.001467160939748929 0.00073248646556090154 1.9203031836380075e-10 -0.00073248548779093813 -0.0014671593823587094 -0.0022062570647031388 -0.0029521087361497524 -0.0037071866175093062 -0.0044741640209582448 -0.0052559858681206391 -0.0060559636249104291 -0.0068778725539425838 -0.0077260732299226729 -0.0086056826654568423 -0.0095227544124504293 -0.010484485878429897 -0.011499355701868781 -0.012576997588019778 -0.013727018309865268 -0.01495438528707934 -0.01624405230014829 -0.017514184376636051 -0.018506624067341382 -0.018672145573653518 -0.017284134673659135 -0.013797684846562771 -0.0080679071342383869 -0.0003248521087738675 0.0088287376347604418 0.018262018393251988 0.025938295634991212 0.028313249220969609 0.027616658612809954 0.0024654830055796297 -0.00121521671093755 -0.0053181751834719933 -0.0033791228608434244 0.002921518833497519 0.011162414663975587 0.019134660527625781 0.025192017340201531 0.028452583763231121 0.028944948878927606 0.027519620144824314 0.025276795204881523 0.022945045095312977 0.020793814960730482 0.018862582349264079 0.017124162570504767 0.015542546991540739 0.014086557650097116 0.012731508219246183 0.011458180735827384 0.010251504097797964 0.0090994988446516864 0.0079924696672620255 0.0069224342280219172 0.0058826819477197732 0.0048674660280841574 0.0038717746698550071 0.0028911352653123779 0.0019214675631622699 0.00095896452524313596 1.4007463830338629e-10 -0.00095896390487528393 -0.0019214665777396583 -0.0028911344846282005 -0.0038717741009135585 -0.0048674655359920741 -0.0058826816096882398 -0.006922433812706282 -0.007992468870675869 -0.0090994979074989248 -0.010251503261938917 -0.011458179953718875 -0.01273150718805053 -0.014086556479059325 -0.015542545933003429 -0.017124161811538485 -0.018862582095671848 -0.020793814659211436 -0.022945044612325858 -0.025276794925363069 -0.027519620014637161 -0.028944948623209239 -0.028452583286616644 -0.025192016715091067 -0.019134659877729485 -0.011162413936487781 -0.0029215179939594245 0.0033791236515430313 0.0053181759537287935 0.001215217459772361 -0.002465482347793473 0.0096970972772089277 0.0061145221597882597 0.0026169005623738477 0.0056688468466925164 0.013578232224605444 0.024062980345590158 0.034164931144488701 0.041064792833221626 0.043254778398130321 0.041267738357658318 0.037081494071782344 0.03257921431172027 0.028634854994340861 0.025358263955936763 0.022615755956268198 0.020267319474570354 0.018209220518161491 0.016368971453574348 0.014695683332747051 0.01315280720040022 0.011713348376830853 0.01035683392340068 0.0090673228369379209 0.0078321073274895438 0.0066408010480003381 0.0054847208473190138 0.0043564469709666065 0.003249474684311188 0.002157956929527922 0.0010764991804694923 1.515742088862692e-10 -0.0010764987744475004 -0.0021579566440848227 -0.0032494747004192812 -0.004356446930800336 -0.0054847208223951444 -0.0066408014063142349 -0.0078321080413394657 -0.0090673230919272423 -0.010356833569906337 -0.011713348001304334 -0.0131528068464416 -0.014695682659840927 -0.016368970819159057 -0.018209220238424369 -0.020267319489444421 -0.02261575639480011 -0.025358264550666983 -0.028634855722075126 -0.032579215089105995 -0.037081494828210305 -0.04126773896811619 -0.043254778617368012 -0.041064792596509921 -0.034164930595855285 -0.024062979647863535 -0.013578231428524309 -0.0056688461061578091 -0.0026168998899777488 -0.0061145215406411199 -0.0096970967326100894 0.0085535386198577115 0.0046849637198081197 0.0012417657507991511 0.0055107526145794323 0.016002089373555899 0.030739543776515381 0.045640729455163717 0.055149998910962172 0.055982304077406876 0.050090018394557248 0.042184819384150224 0.035311971669851408 0.030068618087433299 0.026074122077765743 0.022915645152516824 0.020316471088709903 0.018104383191575091 0.016170325868601121 0.014442567059522262 0.012871976228876718 0.011423584793381793 0.010071655836484649 0.0087966477407895316 0.0075833131687218537 0.0064194234119297313 0.0052949205215747416 0.0042013302834984232 0.0031313152569323213 0.0020783464960425864 0.0010364483709617751 -5.961480804448846e-10 -0.0010364495719704624 -0.0020783477839300393 -0.0031313165272029621 -0.0042013311435154556 -0.0052949209396443361 -0.0064194240865451235 -0.007583314278449947 -0.0087966481995411776 -0.010071655642868256 -0.011423584504022311 -0.01287197561342124 -0.014442566423179702 -0.01617032544906348 -0.018104382789275265 -0.020316470933175255 -0.022915645270997338 -0.026074122273857331 -0.03006861860609409 -0.035311972447788324 -0.042184820225543249 -0.050090019195242287 -0.055982304636473176 -0.055149999024826493 -0.045640729112539608 -0.030739543195549279 -0.016002088759524757 -0.0055107520723512065 -0.0012417653125584463 -0.0046849634272212171 -0.008553538411071834 0.0033866582718663002 -7.8822659484787403e-05 -0.0037775615047315565 -0.0009077376185739935 0.0089170771677787725 0.026087665909698667 0.047635891680175846 0.062857056506261805 0.062170181403970806 0.051088925531098832 0.040261510647568562 0.032623200930666105 0.027364205216552265 0.023554025030622584 0.020619930761885681 0.01824106078585902 0.016234223375230353 0.014489046016965264 0.012935228801580323 0.011525690842330866 0.010227471291782593 0.0090166145041696826 0.0078751111418688853 0.0067890207813349496 0.0057472357627439165 0.0047406690992949588 0.0037616978909107419 0.002803745610374882 0.001860976987225665 0.00092806352281609274 -9.5168056081344505e-10 -0.0009280654917501502 -0.0018609787257242716 -0.002803746657670309 -0.0037616984681646923 -0.0047406694180515902 -0.0057472361796032873 -0.0067890212287368143 -0.0078751108357568156 -0.0090166138467933973 -0.010227470640830525 -0.011525689919115088 -0.012935227945125635 -0.014489045140642271 -0.016234222313799593 -0.01824106002633118 -0.020619930243697664 -0.023554024507766627 -0.027364204919923814 -0.032623200904475944 -0.040261510755728244 -0.051088925782148048 -0.062170181615691135 -0.062857056407961215 -0.047635891268548426 -0.026087665315471985 -0.0089170765696952262 0.00090773803044035309 0.0037775617693730943 7.8822733382612897e-05 -0.0033866583710718619 -0.00036130671617392343 -0.0033761546494178356 -0.0080066568196068746 -0.0090338961033454238 -0.0049347903364778062 0.0067517686478443441 0.029514957602579127 0.053897927634485115 0.056207552680758291 0.043124541322259388 0.034093893675915254 0.028329470239189761 0.02429922143625457 0.021276554891476181 0.018868549636936252 0.016859083171621263 0.015122975517589069 0.013583224518345965 0.012189727461279757 0.010908247424152568 0.0097143623479952652 0.0085900137165818551 0.0075214073013310234 0.0064977087600515543 0.0055101659094493084 0.0045515302212349798 0.0036156533628011688 0.0026971769631075854 0.001791306372987576 0.00089363408459080976 2.4046604277564408e-10 -0.00089363364259882378 -0.0017913057029553762 -0.0026971755921283763 -0.0036156516857062592 -0.0045515286769601086 -0.0055101645066343253 -0.0064977073779191276 -0.007521405682001478 -0.0085900122535847376 -0.0097143613590483791 -0.010908246465178956 -0.012189726429728234 -0.013583223542346238 -0.01512297451301297 -0.016859082430189666 -0.018868549138977557 -0.021276554349803675 -0.024299220888670422 -0.028329469710635984 -0.034093893226106529 -0.04312454108811957 -0.05620755248456448 -0.05389792707418907 -0.029514956880298801 -0.006751767987118306 0.0049347908487876683 0.0090338962948233285 0.0080066569892413963 0.0033761548125542445 0.00036130677257542864 -0.0013201120994813388 -0.0041103030530757053 -0.0093243936142658641 -0.012782124191637621 -0.012824898867046727 -0.0067699474549517405 0.013601539541286045 0.04327341375409588 0.049352439018697444 0.037115461550676757 0.030774868421347756 0.026581685634560384 0.02335656937272497 0.020770184419165054 0.018614180573311639 0.016757753441927564 0.015117264704501306 0.013637598888119728 0.012281022780108794 0.01102072432687333 0.0098369709286084822 0.0087147935688179842 0.0076425088130245879 0.0066107718685553037 0.0056119117363718721 0.0046394882536481431 0.0036879752746133525 0.0027525072374715064 0.0018286942463495081 0.00091247510369172518 8.0556312887099767e-10 -0.00091247343129262034 -0.0018286922931752979 -0.0027525047098847927 -0.0036879725018683323 -0.0046394856096959331 -0.0056119091686139579 -0.0066107694848993401 -0.0076425065584297125 -0.0087147915861381237 -0.0098369695692064017 -0.011020723104896948 -0.012281021552205435 -0.013637597966679311 -0.01511726383237107 -0.016757752691882961 -0.018614180001206335 -0.020770183813011253 -0.023356568714579411 -0.026581684909369255 -0.030774867729227898 -0.037115461114458875 -0.049352438699910468 -0.043273413008916441 -0.013601538657327073 0.0067699481344940197 0.01282489925189666 0.012782124216607143 0.009324393744463368 0.0041103032928781228 0.0013201123141949041
        </DataArray>
        <DataArray type="Float64" Name="reaction_force" NumberOfComponents="3" format="ascii">
          1.0084141850812011e-06 -464.81911315115997 0 -3.4820753503472614e-08 -300.82002277643988 0 1.0320646262149677e-06 -258.11031315576173 0 -1.396820977063082e-06 -239.97521781077691 0 -5.4555824022384819e-07 -233.95427306021293 0 -3.8611845641993223e-07 -234.4918845098841 0 3.4136232493241145e-08 -238.37032190445149 0 -5.0252164494130137e-07 -242.35676974736086 0 -1.6903060999560685e-07 -240.32195963005563 0 -9.800974391716746e-07 -223.53164848561144 0 1.9741987092694294e-07 -191.00719227723343 0 -6.4177196941658706e-08 -154.276356774183 0 -3.0336467229906483e-07 -124.08566290009878 0 1.5224255658897485e-06 -102.40099866925894 0 -8.498393833305809e-07 -87.171986159492064 0 8.7944245583261076e-08 -76.261680714098347 0 4.9342826922062674e-07 -68.216394479726929 0 1.2637568605248382e-06 -62.120902060434901 0 2.5723388172154865e-07 -57.392969198022492 0 1.5568867336963925e-06 -53.659881206446151 0 2.4422011145689721e-06 -50.671178251476114 0 1.6723767735449945e-06 -48.256725342951242 0 -6.1665337282871206e-07 -46.29627193011391 0 -5.4940628958276294e-06 -44.70344019827408 0 -1.4613413052430901e-06 -43.41667189037102 0 6.3216646664746219e-08 -42.388947689454632 0 -6.6630571587339405e-07 -41.586660664136424 0 -2.7028469574843573e-06 -40.985094556396795 0 1.5686863150570806e-06 -40.567106907087762 0 -8.141634215695989e-07 -40.320929253894661 0 -2.6444993101107218e-07 -40.239575138439321 0 3.4737096216522683e-06 -40.320929800003228 0 -1.8780072028822544e-06 -40.56710666680835 0 3.8838730143600152e-06 -40.985094192813598 0 -1.6566982043516974e-06 -41.586660390040599 0 -1.0896250465190374e-06 -42.388948518844963 0 1.1769850538191662e-06 -43.416672287477319 0 3.1503262660259793e-06 -44.703441278099049 0 -5.5942674879108127e-07 -46.296271502804061 0 -3.3853624752368094e-06 -48.256725040000305 0 1.2068021765875214e-06 -50.671178395416597 0 3.1344336712707497e-06 -53.659879671090117 0 -1.2617655771504454e-06 -57.392969543780723 0 -5.885646477399653e-06 -62.120901947657167 0 4.6777712053857574e-07 -68.216394475177282 0 4.798250195192939e-06 -76.26168073412903 0 -4.523470818402498e-07 -87.171986667647744 0 7.537383097301832e-07 -102.40099852990141 0 6.9174490618037305e-07 -124.08566293652123 0 -2.8751820617700673e-07 -154.27635697757074 0 -6.0793458210770153e-07 -191.00719260778286 0 1.4126426959247455e-06 -223.53164921735228 0 7.8289699935564983e-07 -240.32196053539511 0 -1.5135566662347028e-06 -242.35677090427251 0 -5.6907505148483436e-07 -238.3703228462993 0 3.9275139241953901e-07 -234.49188513774578 0 -4.9029130099790072e-07 -233.95427422269833 0 -7.5208912650473689e-07 -239.97521890007445 0 2.6432610741278848e-07 -258.11031388334789 0 -1.2174880806184109e-07 -300.82002388782058 0 -9.5764412188483477e-07 -464.81911475072104 0 -5.6826171817970579e-08 2.163738117919175e-07 0 -2.7733346320415524e-07 8.8659446549242276e-07 0 8.0808306577593874e-07 1.9824471113549208e-07 0 3.9811596786556476e-07 1.6847921663729218e-07 0 -4.2661372466571177e-07 4.0304206561469288e-07 0 -2.0378947096485852e-06 -2.428060946029845e-07 0 -1.4495584405210352e-06 3.1281915296093724e-07 0 1.484401481478759e-06 1.5134619253078551e-07 0 7.2729203813449044e-07 3.2281052909068576e-07 0 -9.0641027707337881e-07 6.8507344659932339e-07 0 2.1643416133540655e-06 1.4412315293591009e-09 0 -2.2762194230711031e-06 -4.4026054575608646e-07 0 1.599172833427044e-07 -3.9163034482991044e-07 0 3.7548929159671306e-07 3.0558912925852291e-07 0 -7.8494388887121421e-07 -3.5998404638895407e-07 0 4.1730044199380608e-06 2.3434996732354013e-07 0 4.9916514669253768e-08 -5.9346727888719311e-07 0 3.8410474619389058e-06 -1.7950985396245122e-06 0 3.99932340770125e-06 -1.7814712587149348e-07 0 -4.5885059472538717e-06 -2.063565892452139e-06 0 -1.28882661908311e-06 -5.4832028005152976e-07 0 5.055500386266256e-06 -1.7436628088709658e-06 0 -3.8886569020456788e-07 -8.9244403875592693e-07 0 -3.903779048780028e-07 3.7263502772984567e-06 0 -1.614054715009375e-06 1.6263648736801655e-06 0 -1.0289206511442015e-06 3.0016981270860921e-06 0 -2.1717216888780536e-06 1.098996082738308e-07 0 1.8545003904340052e-06 -1.5850999946616101e-06 0 -4.5026779732198292e-07 -1.4317053199606841e-06 0 -6.0664237206097736e-06 -1.5394729752575069e-06 0 3.2006596139347517e-07 -1.4369942177069187e-06 0 -4.8551598518953857e-07 -4.8491029673889789e-06 0 -8.9985311117776946e-07 -7.0817396811318665e-07 0 -3.6077561222946154e-07 7.8725547231317443e-09 0 3.0946279157861373e-06 -2.6001118398456564e-08 0 -1.1432592686420537e-06 -3.0199251949725318e-07 0 -3.8703577693282936e-08 2.2251668257029661e-07 0 3.0443582722037684e-06 -2.9447722168383527e-07 0 7.1968178994860361e-07 4.8625476248428677e-07 0 -1.4250522508009325e-06 7.8579233469812285e-07 0 -1.6796072474888817e-06 -1.041050336142276e-06 0 -1.1326344808613242e-08 1.6866854710500309e-06 0 1.853360575908486e-06 -4.7358320492088703e-07 0 3.8177227318374679e-08 2.3383273411983135e-07 0 8.9321864208245553e-07 -5.6102370240115662e-07 0 1.7204380090561644e-07 1.1094715265578245e-06 0 -2.2256977839850733e-06 -1.1888657713226598e-06 0 5.4017430553327373e-07 2.2042989156580165e-07 0 -3.3814355899960362e-07 6.8788143314284332e-08 0 1.3686751222397492e-06 5.3570959468299092e-07 0 1.143973510400121e-06 1.6328470442448313e-07 0 1.3157400313740191e-06 -3.3379669617424301e-07 0 8.6695668192144628e-07 -3.569801320907065e-07 0 -1.0013069776225644e-06 5.4183917603112196e-07 0 -7.1941142349973544e-07 2.6224992351218753e-08 0 1.8262437089902896e-06 2.7663465046721299e-07 0 -5.2731329767275642e-07 2.7308968094087691e-07 0 5.1031567243784499e-07 1.7325682867081666e-06 0 8.3381807688854857e-07 -1.7276813076849258e-07 0 -2.2735011218373535e-06 -4.4403249448116991e-07 0 1.135354437024591e-06 -1.631118069252486e-07 0 2.2313708834363155e-07 -3.349524129039781e-07 0 -2.5673738843442939e-07 -1.3549681599091939e-07 0 -1.2376705343914307e-06 1.3511346117862051e-07 0 1.8871467667443635e-07 -2.9335270165078502e-07 0 -5.8410050332637214e-07 -3.7129550174146472e-07 0 -1.9821085671915581e-06 2.9034526190558491e-07 0 -8.2823804038784929e-08 -4.806247745887765e-07 0 1.8518338205264156e-06 -8.2802821441902669e-07 0 7.3701314550778072e-08 -7.7367684886148691e-07 0 -2.2625711230634636e-06 1.2905892683164289e-06 0 1.1137884886191103e-06 6.441736048837032e-07 0 1.1621722943257999e-06 -2.8451441408823814e-06 0 -1.06281670639439e-06 2.976829786121946e-07 0 4.5252923451514573e-06 1.4582698733306151e-06 0 1.1469713915580311e-06 -7.4696766800862209e-07 0 4.3753631295705775e-06 -3.7189162003196198e-06 0 1.1552241124914612e-06 -2.6373388157040675e-07 0 4.0871757820720326e-06 -2.485782316884163e-07 0 -1.0292822191302491e-06 -5.1933853690626551e-07 0 3.0277530309410643e-06 -1.176189849392475e-06 0 3.8859645212639491e-07 -2.5882361997997126e-07 0 3.4526465728733275e-06 -1.2166105580868626e-07 0 4.1429756068378803e-07 -5.0831958193005326e-08 0 -4.0623365597930839e-06 3.2357882273211054e-07 0 1.7082930103727071e-06 -7.4143538680952913e-07 0 -4.4589532914247973e-06 2.9428485819678397e-07 0 -1.5344483216407357e-06 7.5426091152914222e-07 0 1.955765258172765e-06 -2.2189646040783702e-06 0 -7.0475837474509899e-07 -2.2947462763072562e-07 0 -5.6778567988421639e-06 2.8956009271928261e-06 0 1.9774850166649081e-06 7.2186194494708145e-07 0 -4.2507441300534482e-06 -1.9232428727543817e-06 0 3.5574735457072739e-07 -2.4861381896198037e-08 0 3.5773396666342703e-06 5.425603773058339e-07 0 -9.7508495459289134e-07 -1.4670031835549001e-06 0 1.8968516856692505e-08 -6.838879514256593e-07 0 -4.3912007263937702e-07 4.0185651042180178e-07 0 -1.2889285982588544e-06 -1.64595393795627e-06 0 -1.3174131415084328e-06 1.6458761378991428e-07 0 -4.8526820854074375e-06 3.4062800134645232e-06 0 2.5914816638483206e-06 5.5349038355074466e-07 0 1.8962853850998743e-06 -1.5380377879367086e-06 0 7.1842331141131395e-07 7.0475843043661085e-07 0 4.2367314356557136e-07 1.5348229724880782e-06 0 -1.1006009298846084e-06 -5.5732928999921172e-07 0 -1.5702062766084408e-06 8.6029229225675372e-07 0 8.3084826274954433e-07 6.3406216491392951e-08 0 2.0757939499838449e-06 1.2499164980798471e-07 0 3.8893864807082048e-07 8.7706758197017689e-07 0 4.1912089306489651e-07 1.2822336995076761e-06 0 9.8116866633651123e-07 -2.722723506631522e-07 0 -3.0983932723076578e-07 -1.3338470904504365e-07 0 6.8147079571731493e-07 2.1495941598618763e-07 0 -3.796056512183302e-07 4.1944458770095636e-07 0 4.7366944219580211e-07 1.6175909142115082e-07 0 5.2028409164752894e-08 -7.0731272053285293e-07 0 -5.8320047247435963e-07 5.5671055069925211e-07 0 1.5563663551970286e-06 1.2174014794803204e-06 0 -7.8273765150880701e-07 -4.5954475707129762e-07 0 1.8953045644956008e-07 -1.6650906656232371e-08 0 7.919898987646467e-07 6.0623872052411976e-08 0 -5.0721704870184853e-07 -9.5875414976092918e-08 0 4.7616197635894897e-07 -7.3293249763512928e-07 0 -5.7016273193355797e-07 1.7926354186250142e-07 0 3.8189805285616018e-07 4.5912655412107444e-08 0 4.4105512394552281e-07 5.9929859700271561e-07 0 -8.6181620705808145e-07 3.4626605668939014e-07 0 -9.6387761373088673e-07 1.1274976073027553e-07 0 7.9487420927897363e-07 -6.5146535654349227e-07 0 -5.9928405378048675e-07 7.3854901639517235e-07 0 -1.5526082559279425e-06 -1.2146891796745946e-08 0 1.3231614621855229e-06 -3.7772142887428582e-07 0 -1.538869800019303e-06 -7.5066444323032718e-08 0 1.4133754576193908e-06 -9.5910085779408353e-07 0 1.5407900424058546e-06 6.549687354428237e-07 0 -1.9244328439498055e-06 1.3821289381569543e-07 0 -5.0353307492482492e-07 -1.2047215350108998e-06 0 3.3301145877725182e-07 3.6150827165960747e-07 0 5.9588209189118891e-07 1.580324025212079e-06 0 -7.073404645345893e-07 2.9703250704194935e-07 0 -1.1016633608312812e-08 -2.7655470355767414e-07 0 -1.0878992065569268e-06 3.4360472469794299e-07 0 2.7546456118044804e-06 2.0515598560405515e-07 0 2.0623245694062554e-06 -1.38061495721473e-07 0 -1.6050065152831084e-06 7.9642057685094328e-07 0 2.4127427888006909e-06 1.099807767570898e-06 0 -1.15130886660259e-07 2.408459648243788e-07 0 -3.3117510521609791e-06 -7.8228723688341458e-07 0 -1.0649771016395457e-06 -4.4928585325176727e-07 0 4.6976436548845555e-06 -2.4612484163916198e-07 0 -3.3886703161099345e-06 1.2941324721709053e-06 0 2.3836338775743344e-06 -1.3353346805211156e-06 0 -1.9135315167776385e-06 2.3921942003971214e-07 0 6.8468681597336147e-07 -5.927566757441442e-07 0 1.4681849425192572e-06 1.001126675892812e-06 0 2.0666530366844284e-06 -2.3471036470657765e-08 0 -1.6234069392203161e-06 7.5129098153278437e-07 0 -3.7068859934794756e-08 1.2408234409530018e-06 0 -1.7201805883491764e-06 3.1493415730436552e-08 0 3.3818257999620334e-06 -1.2376060872759659e-07 0 -2.4281155638975889e-06 1.310787647264147e-06 0 -7.2848919924422076e-07 7.6936785315270411e-07 0 -1.4104360654768369e-06 5.7395157865935684e-07 0 -1.8889855257832005e-06 -8.2893348994786296e-07 0 1.6423894593561536e-06 2.074721979662492e-06 0 -3.6955395802162984e-06 4.1212323443496967e-07 0 -1.8332737838625963e-06 5.896307400322447e-07 0 3.2759292631999546e-06 1.4842692831415513e-06 0 -4.8817053484517232e-07 -4.8968596751381566e-07 0 -2.2523732300044417e-06 -1.0442384994610022e-06 0 -1.1151777828035072e-07 6.9006255812978386e-07 0 -7.4118771684092638e-07 3.050380985930728e-07 0 1.3841890249993263e-08 1.937275387664058e-07 0 -1.9308211433966704e-07 -1.0120227093602978e-07 0 -6.862230723157573e-07 -5.6435656644983574e-08 0 8.3026914629423829e-07 4.2857392027547879e-07 0 -4.3282912212988211e-07 -3.2610153655844739e-07 0 6.9985823256049757e-08 -6.9602506855075246e-08 0 -6.9536950725912567e-07 1.0027106643106376e-06 0 -2.5116235822035071e-07 2.6271588311024892e-07 0 6.3711804867256887e-07 5.8530904251383317e-07 0 3.4688139064467795e-07 4.4658835066349676e-07 0 5.6229724855154886e-07 -5.2317526980564449e-08 0 -1.9683600446009063e-07 -3.568370090085795e-07 0 -7.5672317704598574e-07 4.783828198006422e-07 0 -3.510566773820425e-07 -8.022111737025826e-08 0 -1.0766963230407972e-07 3.5057679875963517e-07 0 -4.3155848341354598e-07 1.3327001106556873e-07 0 -1.1855733943163926e-06 -1.3240486320056184e-07 0 -3.2963665648946807e-07 -7.961323707136762e-08 0 -2.7977612704705407e-07 -1.0469770199873843e-08 0 -4.4860489598725793e-07 1.028722628838503e-07 0 6.5739533348008881e-07 2.9267880776372115e-08 0 -2.3189195166505208e-07 2.0784162680910221e-07 0 5.6390630692218183e-07 -1.4830874303483063e-06 0 -5.196557097390204e-07 -1.6111533504103379e-07 0 1.6809273775823239e-06 9.6833993548560868e-07 0 2.3147727783245734e-07 -3.0907927889310427e-07 0 2.3020255726880937e-07 1.4115069953565373e-08 0 -1.5172994025042173e-06 -5.797222488873072e-07 0 1.4092335990574985e-06 1.7156725558763418e-06 0 -9.0814750780705288e-07 3.1805797578908328e-07 0 -1.0762352643583491e-06 2.5814945232895772e-06 0 -1.1462640814454866e-07 8.3823691023339033e-07 0 1.1334752202191286e-06 1.0475343447496868e-06 0 -7.8665654311799194e-07 -7.3652715314134268e-07 0 -3.7772750292040021e-06 -1.2789947740139092e-07 0 -7.1593288738280275e-07 -5.1052896078829592e-07 0 1.1617848256892844e-06 -1.1006509906121662e-07 0 -1.5335564328207893e-06 5.2254679231619707e-07 0 9.3487851993033328e-07 -2.3245908716947972e-06 0 5.0040713429636004e-07 9.3665566139900425e-07 0 2.7827113666973601e-06 -9.7247716825320333e-07 0 1.4445322018716867e-07 -9.4221810003349228e-08 0 -4.1284540997391178e-07 -1.487221929984215e-06 0 1.3098817858170537e-06 5.3708271545500206e-07 0 5.1308464939593013e-06 -7.5127069104385989e-07 0 -9.2771916089918939e-07 3.180131096327788e-07 0 5.2534578083810895e-07 5.756764024939136e-07 0 3.9112380691675946e-06 -4.4879183136591295e-07 0 -1.2118894519263124e-06 -2.8031888150349891e-06 0 -2.6805940431523108e-06 -6.2765372330123709e-07 0 -4.1188296882510975e-07 1.6408860452363132e-06 0 -3.5549603082091933e-06 3.7170279236677437e-08 0 -1.3792065894716567e-06 -1.2137843487802574e-06 0 2.8620934176880449e-07 1.1964723193462063e-06 0 -4.4658775099907087e-06 -5.8154837881609296e-07 0 -5.038490911216093e-07 6.2999864142564173e-07 0 -4.5282935614648461e-07 1.3128665870202686e-06 0 1.7180946563569806e-06 5.7543228829173599e-07 0 4.729299859349997e-08 -7.6797459154228081e-07 0 5.0798064105499035e-07 3.9510411800089451e-07 0 -1.8299919130902548e-06 5.6321021761020705e-07 0 -2.6476376643727853e-07 8.6748651573950583e-09 0 -1.2496636780130725e-06 -4.0969706478508907e-07 0 -1.1404759500377293e-06 -7.1784844143675094e-07 0 7.844602718449277e-07 3.7043987570644099e-07 0 2.1875878304241249e-07 6.832931622245468e-07 0 -1.2950232601724004e-06 -8.0528803787715858e-08 0 5.4953747527119494e-07 4.9491726655322768e-07 0 5.0581649321877939e-07 1.8751864647373553e-07 0 3.4587607919977202e-07 3.4778068164114596e-07 0 1.344392105563224e-07 -2.2706962907059867e-07 0 2.6147641979394625e-08 -1.3722805944982068e-07 0 9.4252269840152683e-08 -2.1122863780226275e-07 0 -3.8002039042989146e-08 -1.0020924746258623e-07 0 -2.9478284164589966e-07 4.0897056041795179e-07 0 2.8094703428642956e-07 -3.3748207741425771e-07 0 1.6264568799313995e-07 2.9742511735615608e-07 0 -3.8155431257794053e-07 -2.2719388987610003e-07 0 -4.5090593863546872e-07 9.981835801731329e-08 0 -1.0070793659457107e-06 7.508241480156945e-08 0 -1.4942787651219139e-09 2.987974680830082e-07 0 6.0823942550009188e-07 8.7640024704024739e-08 0 3.8512731702123323e-07 2.8014998268302282e-07 0 1.0674002823090795e-06 -5.5775808898584755e-07 0 4.4307466778688762e-07 1.3796069685512593e-07 0 2.3722741564248853e-06 -4.372118374035691e-08 0 6.5409535575068983e-07 -2.7632204205992718e-07 0 -3.4475946104127261e-07 -3.9602529647188824e-09 0 -1.4076037770281242e-06 1.5789697685982933e-07 0 2.0336860805420634e-06 -8.3069231773973211e-07 0 -4.2159582039461269e-07 9.468890946515618e-07 0 -1.5824153287075613e-06 1.2096454763020554e-06 0 6.5518241779684429e-07 -4.2077371927328864e-07 0 1.3516676211848083e-06 9.1639564976617023e-07 0 -4.525193758720041e-07 2.0065827134309588e-07 0 -3.8663559008198335e-06 -2.4157574896058264e-07 0 -1.7955057503020525e-06 1.0024460311081288e-06 0 -1.2146637530579177e-06 2.1645259100606348e-06 0 5.3226079601857962e-07 4.6022085286652936e-07 0 -3.1773970633751161e-06 -1.4277314329263358e-06 0 -1.6708028991116491e-07 -9.7102201848243898e-07 0 -1.978857563215e-06 2.400392784413508e-07 0 -6.696070440990993e-07 -4.1987093178618544e-07 0 7.2941676339237953e-07 -6.1602586482146136e-07 0 8.2692993615148172e-07 2.7998257318879513e-07 0 9.9349271560614486e-07 3.7368097645162133e-07 0 2.5812360995645833e-07 -1.9754776390897445e-09 0 3.3093527734369429e-06 9.2036543556413229e-07 0 -6.1299230723255167e-07 2.2846156319751946e-07 0 -3.0293417701027727e-06 -1.3512105397137799e-06 0 2.2824972084278069e-06 1.7164808855252685e-07 0 3.1378471283135035e-06 8.8066048813692555e-07 0 1.3990126931739391e-07 -7.6346154213030937e-07 0 7.5842300850300699e-09 -4.0855566621409846e-08 0 7.2328561077910834e-07 -2.0381994566560163e-07 0 -1.451419270884321e-06 -7.1104787774430954e-07 0 1.8317569778996024e-06 7.130797399752968e-07 0 -2.8737634868347808e-08 -2.8332871686433538e-07 0 -6.5919670861962704e-07 5.4309877472751341e-08 0 1.5191375971379515e-06 2.3997292438685489e-07 0 -6.3717901846531229e-07 3.1646512831560959e-07 0 9.1479414737263071e-07 5.5885693717811072e-07 0 -7.6105241622252975e-08 -4.7296025852555865e-09 0 4.7648206290276317e-07 -1.3057336199473882e-08 0 -6.4557365700087925e-08 -5.766604155557344e-07 0 -1.1255577504875457e-06 -6.67429581862621e-07 0 -2.2964646718422198e-07 -5.9408125452661317e-08 0 -5.3451625049970148e-07 3.3801892747615934e-07 0 -4.9229087910050857e-08 -1.4347269361020847e-07 0 5.6423838762173007e-07 1.7437836656384962e-07 0 -4.2876721617407819e-07 6.4396351262547378e-07 0 -1.4677083091629528e-07 -2.1724685871665504e-07 0 -3.287320325051557e-07 1.4811276335928121e-07 0 7.0438259732075746e-07 -8.5649744811635938e-07 0 -3.1113498292033203e-07 5.8894118642551917e-08 0 -1.5528090404164718e-07 -4.769237831625341e-07 0 -2.3347902904335249e-07 3.6792558024462131e-07 0 -1.2976461792244279e-07 -1.2619220213905331e-07 0 -1.2405842600230167e-07 1.6031939180645389e-07 0 3.4725629910181121e-07 -1.0288951178015098e-07 0 -3.689146106380862e-07 2.3228057331507873e-07 0 2.8155723507661849e-07 -1.7901820725337165e-07 0 2.2907430849800805e-08 2.5193238358428615e-07 0 1.0139331949138015e-06 -4.7612432450646548e-07 0 -8.6780778243858025e-07 1.0443083397068788e-07 0 3.302889226992755e-07 -3.7515433128173926e-07 0 -5.2223571252585087e-07 3.5972079052959549e-07 0 9.7839655707490665e-07 -4.687831330332727e-07 0 -7.2132795672326525e-08 -2.3863538139401135e-07 0 3.9795945581349127e-07 1.6568705391146386e-07 0 -7.4425364140626094e-08 -1.3641102177979601e-07 0 2.534069355290177e-07 -3.0686198369040451e-07 0 -5.9335983608999249e-07 6.3856688091394171e-07 0 -2.2291958562066493e-06 -6.12675507323139e-08 0 1.1333393673311058e-06 1.299859962301789e-06 0 1.9668230841278158e-06 -3.8069022469600075e-07 0 -1.6366214513882504e-06 -9.8604251767634515e-07 0 -2.829954436217482e-07 -3.4448668924610531e-07 0 -1.0378423616987821e-06 2.4537337300500108e-07 0 3.5377484462907911e-07 -1.0137735130260725e-08 0 -9.6659218041550947e-07 5.4203490604014899e-07 0 -1.6592123813502213e-06 -1.0530323220083781e-07 0 1.8257841597972719e-06 2.1032510860718102e-06 0 2.6548646271540019e-06 -4.2139881600101559e-07 0 9.8982563776654509e-07 -9.3208946815204607e-07 0 -2.2919023082798274e-06 -1.0978007228138142e-06 0 2.3336827748753219e-06 7.2656807764206578e-07 0 -1.9024375258323808e-06 -5.075917307565912e-07 0 2.6943537347232303e-06 3.8813206589913399e-07 0 -1.2834884672133805e-07 -8.4008869420586445e-07 0 7.7500906219302149e-07 -6.7033551779179491e-07 0 3.6686018068488592e-07 -6.5673536431080829e-09 0 6.4748711305959331e-07 -1.9947905941273794e-07 0 -4.2644334244845337e-08 2.2548455265613218e-07 0 1.59426965416475e-06 7.7464720362492893e-07 0 -1.5007546713731905e-06 -5.8805468411837738e-07 0 1.5278206839394025e-06 6.5569591256251391e-08 0 -1.8997090847872217e-06 -1.3211747765952738e-07 0 9.0121052404492729e-08 -6.4716303668842e-08 0 -7.2490200331087549e-07 -2.8938872608940174e-07 0 -2.426988243800588e-07 9.5764999004390957e-07 0 -2.648583975066002e-07 -2.7455565731041239e-07 0 8.1017500260240162e-07 -1.6155328543510192e-07 0 -3.7630534398742279e-07 9.6439305913354134e-08 0 6.5069727639657864e-07 -1.1835011125978683e-07 0 6.3219785877793732e-07 6.2873257782144972e-08 0 -9.6685803574738069e-08 3.5809843376973949e-07 0 -5.4434318724835957e-07 1.0325809097335546e-06 0 7.0638488756346098e-07 4.9513854468030455e-07 0 1.4080787514994571e-07 4.2891677868774254e-07 0 -1.1543711639588333e-07 -1.0373496983545959e-07 0 6.1539005938579683e-07 2.4454287687107968e-07 0 4.0512456585239917e-07 -2.2178301432630035e-07 0 1.2337354050651684e-08 -2.5719084109070105e-07 0 2.7221266730840116e-07 -4.8932128656714716e-07 0 6.1769223030406369e-08 -7.4930520638249552e-07 0 -5.7225210626080808e-08 -8.0545162444127803e-07 0 -5.1207379361082579e-07 -1.4409407885824572e-07 0 -1.4761683102817434e-07 5.1827581763241589e-07 0 1.3684177362033852e-06 -5.8411720541774415e-07 0 -4.9207567158866796e-07 1.1497605560009449e-07 0 -4.6179454552357243e-07 2.4482345749474436e-07 0 -1.0861552335781272e-07 2.2323218230051964e-07 0 5.8471043982652009e-07 -2.4289915870410498e-07 0 -6.9762405981412617e-07 -1.760738425969546e-07 0 -6.5662039058793356e-07 7.0972642173469486e-07 0 7.511809657088825e-07 4.7026249932732147e-07 0 -1.2473077407698524e-06 -3.1777817151039433e-07 0 2.4089930014405691e-08 -3.6344168323178558e-07 0 -2.1044051697203369e-06 -3.3461045857234696e-07 0 -5.3521261187442703e-07 -3.0683078362865926e-08 0 -5.2500681258655093e-07 -3.1721340450696947e-07 0 9.5772775716006292e-07 6.3563137940223668e-07 0 2.55758522410817e-06 -1.1972345511505282e-06 0 -1.2222448548837902e-06 9.9777557440268896e-08 0 6.2120317074380064e-07 -1.1935222509560034e-06 0 8.2890068706701097e-07 9.6334039006132617e-07 0 -4.0514696423937775e-09 -1.2373609479574027e-07 0 8.3551828538807887e-07 -4.5990323123714826e-07 0 2.4744671970455472e-07 3.1712963042348287e-07 0 2.110486212791506e-06 1.0242634268972654e-06 0 1.5441899567432871e-07 1.5595583636204722e-07 0 -2.2192762397745985e-06 -5.986081160441538e-07 0 2.7950251299928487e-06 1.3005764110983519e-06 0 -6.8120782474750977e-08 -1.1246080035054953e-07 0 -2.8622088671995351e-06 -4.8964422865163618e-07 0 4.6680157397244603e-07 -8.6832169065767103e-07 0 4.8468641463297962e-07 -7.749417205360233e-08 0 -1.4357001377598282e-07 -7.7944897489516442e-07 0 2.4388571302764984e-06 5.0853588676803116e-08 0 -4.5845976434726448e-07 1.0138717857987063e-07 0 6.3265765348975446e-07 -9.6897945751135895e-07 0 -1.3246343668166767e-06 1.6046577583606081e-06 0 -4.9818542041465608e-07 3.8160597884138305e-08 0 2.3513204775573281e-06 -3.0842094841459812e-07 0 -1.629985483849392e-06 -3.833632814880615e-07 0 -1.1593547573613351e-06 -2.2232589926525007e-08 0 8.5714112789026056e-07 -3.5134616230781239e-07 0 1.1130930119884603e-06 1.1121174600898871e-06 0 8.9832523218481485e-07 -2.9783903994775299e-10 0 -2.205497824741038e-07 2.3366428662788628e-07 0 -1.1545626517882669e-06 3.021551833651108e-07 0 1.4951124302235614e-07 -4.2049807514212333e-07 0 3.1698522805139641e-07 -3.8635454085813147e-08 0 2.9519788133823231e-07 -4.7807272351002074e-07 0 -1.7226451112957768e-07 -7.3336366255471123e-07 0 1.2056547988557143e-06 1.6488722413603278e-07 0 -4.9338775142893425e-07 -3.135174710877568e-07 0 -2.1768211843560682e-07 -5.0006780002289558e-07 0 6.2078780498584816e-07 1.0015952178694143e-06 0 2.915278024986352e-07 5.3199732242962832e-07 0 -1.6601953282444903e-07 3.6832257769016401e-09 0 5.0049866826405792e-07 3.9989924261325215e-07 0 1.3780379520545599e-06 2.1078651052553602e-07 0 -9.5591825072747849e-08 -2.8851954629935858e-07 0 2.1637642275166283e-07 -2.620531459501803e-07 0 2.6513070502915777e-08 -3.1227497316475195e-07 0 1.163612035989731e-07 -3.9140047822299311e-08 0 3.8693501601060191e-07 -6.382344398905251e-07 0 -3.1464894469438184e-07 -3.1546321674370325e-07 0 4.2139420736082016e-07 -4.7145930155325473e-07 0 -8.3557212659272322e-09 6.3732728960985696e-07 0 -7.0577288508699609e-07 1.6218420455516025e-06 0 3.0107611896344073e-07 -5.5171966550915386e-07 0 -1.5942730986285631e-07 -1.2697828992713767e-06 0 -1.2592923612880425e-06 2.9568525405920809e-08 0 -1.0704968813280611e-07 3.0743558454560116e-07 0 1.4023436335678045e-07 3.0774918968745624e-07 0 1.2472721627840625e-07 9.462709726903995e-08 0 -8.1565110158764451e-07 -1.2800157378478616e-07 0 -8.9559127736054239e-07 -2.1861467303097015e-07 0 4.140485851597019e-07 1.592395904026489e-07 0 -3.1866731263842326e-07 -1.8392472611594712e-07 0 -4.1679039183433e-07 4.9851223593577743e-07 0 8.1943023703246988e-07 1.1651863474071433e-08 0 -5.6487408843749073e-08 4.1874613998515997e-07 0 3.6376748193138766e-08 5.1372282428019389e-08 0 1.3375724739887855e-06 -6.2175762138849677e-07 0 -5.7545344345699146e-07 4.9563873005809e-07 0 -5.3126270259767762e-08 2.7228577437199419e-07 0 -1.2488987885809844e-06 -8.678253351490639e-07 0 6.7785918161647042e-07 -7.5732799587058253e-08 0 -3.3234102155770356e-07 1.7667264273768524e-07 0 -1.464067201892158e-06 6.5752948330555228e-07 0 9.3178078523380575e-07 5.2684090690036101e-07 0 1.0716531371243682e-07 1.3268616783079779e-07 0 -2.0025064440120024e-06 -3.8427043591582333e-07 0 1.0870284206668198e-06 -1.0467127253832587e-07 0 2.6121678869557859e-07 -1.6924400370044168e-07 0 -2.558354604653214e-06 2.5861994856768433e-07 0 2.514913084126228e-07 2.148876632190877e-07 0 -1.0119850365366581e-08 -3.9097811566080054e-07 0 -1.4409835107835245e-06 -8.1409778829311108e-07 0 -7.3002034227408577e-07 -4.491772216397294e-07 0 3.1530655511691366e-07 -3.7650274009592977e-07 0 7.5671923014540006e-07 1.8547990521255997e-07 0 -1.316341482749674e-06 2.6450703671798692e-07 0 -5.3281986369818121e-08 3.4436808959981136e-07 0 5.6669210086159286e-07 -2.015436564306583e-07 0 1.0013011361257339e-07 -4.4647191543845111e-07 0 1.3758338481221117e-07 -3.7079865933264955e-07 0 -7.4113852710715124e-07 -9.3628528929912136e-08 0 -7.766865752522477e-07 -6.9507677835645154e-08 0 3.6883489288063237e-07 -1.4319931551654008e-07 0 -6.798924340016439e-07 -6.1843593357480131e-07 0 -3.3922409892208747e-08 1.0296326991010574e-07 0 4.2321416774556169e-08 2.1973005459585693e-07 0 3.781876191922972e-07 2.1378738779276318e-07 0 -3.4780544590318984e-07 -5.343611367038944e-07 0 -7.0556228159353956e-08 -1.3632127318740491e-07 0 -6.3365438154311305e-09 3.4737048349208344e-07 0 1.9289638709809892e-07 -1.8001142009045706e-07 0 -1.2810514060260039e-07 -9.7007791995985084e-07 0 1.5380340781370054e-07 -3.6927316911447246e-07 0 -2.1809812594242773e-07 -3.3579927300555922e-07 0
        </DataArray>
        <DataArray type="Float64" Name="reaction_force_magnitude" format="ascii">
          464.81911315115997 300.82002277643988 258.11031315576173 239.97521781077691 233.95427306021293 234.4918845098841 238.37032190445149 242.35676974736086 240.32195963005563 223.53164848561144 191.00719227723343 154.276356774183 124.08566290009878 102.40099866925895 87.171986159492079 76.261680714098347 68.216394479726929 62.120902060434915 57.392969198022492 53.659881206446173 50.671178251476171 48.25672534295127 46.29627193011391 44.703440198274414 43.416671890371042 42.388947689454632 41.586660664136431 40.985094556396881 40.567106907087791 40.320929253894668 40.239575138439321 40.320929800003377 40.567106666808392 40.985094192813783 41.586660390040635 42.388948518844977 43.416672287477333 44.703441278099163 46.296271502804068 48.256725040000426 50.671178395416611 53.659879671090209 57.392969543780737 62.120901947657444 68.216394475177282 76.261680734129172 87.171986667647744 102.40099852990141 124.08566293652123 154.27635697757074 191.00719260778286 223.53164921735228 240.32196053539511 242.35677090427251 238.3703228462993 234.49188513774578 233.95427422269833 239.97521890007445 258.11031388334789 300.82002388782058 464.81911475072104 2.2371151117644719e-07 9.2895833924595633e-07 8.3204519509882088e-07 4.3229801099270743e-07 5.8689196342096056e-07 2.0523083703941874e-06 1.4829280140805804e-06 1.4920969902154151e-06 7.9571373396820896e-07 1.1361800991126871e-06 2.1643420932108679e-06 2.3184055318506277e-06 4.2302229787956251e-07 4.8412490539610085e-07 8.6355394870895567e-07 4.1795796195319854e-06 5.955628174647031e-07 4.2398141907198438e-06 4.0032891624067593e-06 5.0311719331062365e-06 1.4006174294121103e-06 5.3477513168226188e-06 9.73484918901811e-07 3.7467427584155314e-06 2.2913391991114488e-06 3.1731481768904459e-06 2.1745006364317503e-06 2.4396134306885824e-06 1.5008401688750588e-06 6.258711832280276e-06 1.4722073907455597e-06 4.8733484751467512e-06 1.1450964984705385e-06 3.6086149627995989e-07 3.0947371447864233e-06 1.1824725101110224e-06 2.2585756783501882e-07 3.058567331877156e-06 8.6855372477600721e-07 1.6273424688070826e-06 1.9760734571870357e-06 1.6867234996696963e-06 1.9129104726345596e-06 2.3692878303759254e-07 1.0547924616812198e-06 1.1227315519181783e-06 2.5233177461149613e-06 5.8341890392244372e-07 3.4506937730483262e-07 1.4697810585503567e-06 1.155567950055801e-06 1.3574211080342549e-06 9.3757597187414203e-07 1.1385101475690588e-06 7.1988925987664054e-07 1.8470768296055599e-06 5.9383271022983149e-07 1.8061602790568067e-06 8.5152886759954085e-07 2.316456821775635e-06 1.147011403269316e-06 4.0247146371472184e-07 2.9029893861984432e-07 1.2450236941891655e-06 3.4881088967827757e-07 6.9212263913237756e-07 2.0032610272366391e-06 4.8770888495491577e-07 2.0285263672724153e-06 7.771793552525394e-07 2.6047742217732034e-06 1.2866562985542439e-06 3.0733515295351164e-06 1.1037184908963189e-06 4.754452842604506e-06 1.3687600484024968e-06 5.7423114005255195e-06 1.1849465432541156e-06 4.0947279532131889e-06 1.1528809142897763e-06 3.2481857979781106e-06 4.6690134810766837e-07 3.4547893958495382e-06 4.1740430850947436e-07 4.0752032562256584e-06 1.8622543977936102e-06 4.4686539397084592e-06 1.7098073500973269e-06 2.9578407089003729e-06 7.4117674781364633e-07 6.3735831804188559e-06 2.1051203430438354e-06 4.6655855802658223e-06 3.566150145378899e-07 3.6182496947415392e-06 1.7615019186006107e-06 6.8415095902653493e-07 5.95243725849504e-07 2.0905743941039953e-06 1.3276544987428679e-06 5.9288503904350759e-06 2.6499299648755268e-06 2.4416098170806536e-06 1.0063878475273204e-06 1.5922250121939026e-06 1.2336686525781103e-06 1.790433070298056e-06 8.3326417419908873e-07 2.0795536625226229e-06 9.5943775999601476e-07 1.3489942858131972e-06 1.018245640666439e-06 3.3733053420324179e-07 7.1456979780614384e-07 5.6571566408268895e-07 5.0052846485237829e-07 7.0922368825907157e-07 8.062564284110737e-07 1.9759409388517048e-06 9.0766712777385542e-07 1.9026047044631513e-07 7.9430677550167143e-07 5.1619882767268213e-07 8.7402532790516375e-07 5.9767964523398912e-07 3.8464801403662209e-07 7.4410243295397428e-07 9.287773450957973e-07 9.7044967040866315e-07 1.0277315405071565e-06 9.5110253218769738e-07 1.5526557710439006e-06 1.3760195248773772e-06 1.540699591898029e-06 1.7080704434016091e-06 1.6742216099383638e-06 1.9293896897437918e-06 1.3057180149106728e-06 4.9151283010239912e-07 1.6889344250441246e-06 7.6717588792116911e-07 2.7677404191132672e-07 1.1408719868863202e-06 2.7622746831303456e-06 2.0669406392486328e-06 1.7917398386297091e-06 2.6515853541832325e-06 2.6694924580407287e-07 3.4028911755270751e-06 1.1558693719225957e-06 4.7040868769559332e-06 3.627377202168501e-06 2.7321839563474649e-06 1.9284265079658769e-06 9.0562492932062565e-07 1.7770260680767929e-06 2.0667863129965751e-06 1.7888231408501985e-06 1.2413770225017509e-06 1.7204688581220204e-06 3.3840896012903487e-06 2.7593313407168018e-06 1.059539242727841e-06 1.5227443348912344e-06 2.0628613737659589e-06 2.6461130794240159e-06 3.7184483792714394e-06 1.9257614536044839e-06 3.596493826265705e-06 6.9144979417956533e-07 2.4826637329685243e-06 6.9901541399686376e-07 8.0150325837712134e-07 1.9422141283128932e-07 2.1799679474819311e-07 6.8853982333589641e-07 9.3435670941480144e-07 5.4192551251025716e-07 9.8704226947673479e-08 1.2202325302777661e-06 3.6345861583570383e-07 8.6516246057766639e-07 5.6548019781768482e-07 5.6472587983729274e-07 4.0752553742066505e-07 8.9525420354164435e-07 3.601058433386665e-07 3.6673811030359179e-07 4.5166759951939948e-07 1.1929439723264678e-06 3.3911442437404126e-07 2.7997195815561154e-07 4.6024890567450838e-07 6.5804652823834353e-07 3.1140330615085151e-07 1.586675344562887e-06 5.440590113671031e-07 1.9398966671866989e-06 3.8614988125571913e-07 2.3063489018987024e-07 1.6242768737794096e-06 2.2202413507769395e-06 9.6223322115753732e-07 2.7968547187908358e-06 8.4603801990320837e-07 1.5434034722913376e-06 1.0776366568305108e-06 3.779439763055848e-06 8.7931775771893428e-07 1.1669868496402333e-06 1.6201390319370653e-06 2.5055379797149172e-06 1.0619468574676896e-06 2.9477439497216274e-06 1.7246588735964534e-07 1.543460528022178e-06 1.4157147085680055e-06 5.1855562281973163e-06 9.8071156789231651e-07 7.7935326382375339e-07 3.9369019979682788e-06 3.0539390263113511e-06 2.7530952799635469e-06 1.6917903515091503e-06 3.5551546271015183e-06 1.8372488295780603e-06 1.2302283520864825e-06 4.5035830680852813e-06 8.0669832950256319e-07 1.3887667554713024e-06 1.8118972284903674e-06 7.6942939960109261e-07 6.4354611004022373e-07 1.9147000159806412e-06 2.6490584233563586e-07 1.3151087381044496e-06 1.3475873914101578e-06 8.6752730194295402e-07 7.1745728144678982e-07 1.2975246173491403e-06 7.3955022646197458e-07 5.3945673374932055e-07 4.9049124832700842e-07 2.6388353071244603e-07 1.3969695587752124e-07 2.3130289189247173e-07 1.0717298282889543e-07 5.0413673047835456e-07 4.3911887758348905e-07 3.3899162269455129e-07 4.4407291861118735e-07 4.6182233607092413e-07 1.0098743576930992e-06 2.988012044852634e-07 6.1452092939362437e-07 4.7624265150579642e-07 1.2043410847856379e-06 4.6405637061806703e-07 2.3726770145026183e-06 7.1006662035529435e-07 3.4478220600984226e-07 1.4164320839367184e-06 2.1967996724650037e-06 1.036504700107173e-06 1.9918033163107962e-06 7.7866200846143442e-07 1.6330298053219236e-06 4.9501265377562582e-07 3.8738955579997523e-06 2.0563897842218961e-06 2.482051661089383e-06 7.0363682989986229e-07 3.4834277863780526e-06 9.8529162365997452e-07 1.9933630152804209e-06 7.9035763605227013e-07 9.5474430129058315e-07 8.7304258807512521e-07 1.0614448869933425e-06 2.5813116923156796e-07 3.4349509915042369e-06 6.5418212646398494e-07 3.3170290144529947e-06 2.2889422388484309e-06 3.2590869113957159e-06 7.7617387966138628e-07 4.1553554239548911e-08 7.5145501862136538e-07 1.616232342313153e-06 1.9656592638723328e-06 2.8478239667826592e-07 6.6143016520722331e-07 1.5379746563181228e-06 7.1144028492364273e-07 1.0719931941478534e-06 7.6252061893406939e-08 4.7666093850524281e-07 5.8026277524501533e-07 1.3085650524249445e-06 2.3720629262309442e-07 6.3242740087728065e-07 1.5168360790877921e-07 5.9056987121884746e-07 7.7364742050795174e-07 2.6217908846838647e-07 3.6055809499287795e-07 1.1089376547120096e-06 3.1665990400983559e-07 5.0156600174459099e-07 4.3575416188645627e-07 1.8100643067377815e-07 2.0271359217220693e-07 3.6217839375126229e-07 4.3594983046427766e-07 3.3364950944396924e-07 2.5297169068217557e-07 1.1201584245698671e-06 8.7406873090437209e-07 4.998315163505568e-07 6.3413656776487845e-07 1.084904350029311e-06 2.4929898809375635e-07 4.3107299649274069e-07 1.5539337724135085e-07 3.9796903398206476e-07 8.7169005758061905e-07 2.2300376405122927e-06 1.7245561872950616e-06 2.0033267560328607e-06 1.9107091934173784e-06 4.4582227420622758e-07 1.0664543402867078e-06 3.5392006776375422e-07 1.1081977633104851e-06 1.662550599872923e-06 2.7851665891341004e-06 2.6881002865668189e-06 1.3596122865802264e-06 2.5412561102157596e-06 2.4441719385506145e-06 1.9689890565535659e-06 2.7221661500349585e-06 8.4983671407348136e-07 1.0246895885557248e-06 3.6691895877158051e-07 6.7751860249179665e-07 2.294816391995711e-07 1.7725050127642837e-06 1.6118538690470726e-06 1.5292270640982573e-06 1.904297674925383e-06 1.1095045762434284e-07 7.8053106869090564e-07 9.8792521113015569e-07 3.8148496653330503e-07 8.2612529248091478e-07 3.8846653863433606e-07 6.6137258360558716e-07 6.3531659760118718e-07 3.7092132977389334e-07 1.1672758202969331e-06 8.6263653284924896e-07 4.5143821365067515e-07 1.551988138117055e-07 6.6219796422160543e-07 4.6185887379236837e-07 2.5748658032199147e-07 5.5994201282890217e-07 7.5184687884282283e-07 8.0748191561563333e-07 5.3196115804162709e-07 5.3888825552738654e-07 1.4878709656489143e-06 5.053295557661303e-07 5.2267841701662381e-07 2.4825377968712579e-07 6.3315582579747663e-07 7.1950074835152229e-07 9.6688258389743695e-07 8.8623905438482473e-07 1.2871517262828353e-06 3.6423918218452632e-07 2.1308414481916941e-06 5.3609140191507254e-07 6.1339750346833984e-07 1.1494649656756115e-06 2.8239356842968368e-06 1.2263107462053179e-06 1.3455068721003385e-06 1.2708662620998603e-06 1.2380240531412812e-07 9.5373045842114375e-07 4.0224505166015317e-07 2.3459044358333021e-06 2.1947083888401664e-07 2.298590590997451e-06 3.0828014010631644e-06 1.3148335491786973e-07 2.9037890884372959e-06 9.8584292254382459e-07 4.9084240569865798e-07 7.9256107229711869e-07 2.4393872569524147e-06 4.6953670304432631e-07 1.1572281087141678e-06 2.0807649380020584e-06 4.9964481819048469e-07 2.3714618844926397e-06 1.674461132171491e-06 1.1595679115391221e-06 9.2635578418306198e-07 1.5734615655853574e-06 8.9832528155896578e-07 3.2131169507923841e-07 1.1934457137795411e-06 4.4628717546924967e-07 3.1933107132756872e-07 5.618677051681025e-07 7.5332418210911881e-07 1.2168776810703283e-06 5.8457221789729471e-07 5.453928027636157e-07 1.1783762044771725e-06 6.0663795685893014e-07 1.6606038489468806e-07 6.4063899442412046e-07 1.3940658342855467e-06 3.0394296441524442e-07 3.3983909078443699e-07 3.1339847123516594e-07 1.2276755697876188e-07 7.4636579964351061e-07 4.4555695428931738e-07 6.3233452461362312e-07 6.373820613723925e-07 1.7687529465821472e-06 6.2852320459917829e-07 1.2797521941423388e-06 1.2596394519437275e-06 3.2553997354276865e-07 3.3819408690775101e-07 1.5656042289839625e-07 8.2563377015025261e-07 9.2188725522632429e-07 4.4361410936122659e-07 3.6793635457918637e-07 6.4979125886941765e-07 8.1951307450553112e-07 4.225389415312535e-07 6.2947432123726969e-08 1.4750195466254545e-06 7.5947640932428251e-07 2.7742015701291497e-07 1.5208119530190561e-06 6.82076628418717e-07 3.7638248803834609e-07 1.6049416790252534e-06 1.0704096285602642e-06 1.705579772297609e-07 2.0390428701301332e-06 1.0920562543350013e-06 3.1125189715885376e-07 2.5713931167652012e-06 3.3079387239012308e-07 3.9110906189589594e-07 1.6550494516037119e-06 8.5714052323639435e-07 4.9109320602044427e-07 7.7911923895480031e-07 1.3426536678089927e-06 3.4846571023005574e-07 6.014646977390817e-07 4.5756224814482488e-07 3.9550073772279528e-07 7.4702919473882473e-07 7.7979058307674454e-07 3.9565796108592731e-07 9.1908472174724778e-07 1.0840740216182799e-07 2.2376862874519285e-07 4.3443172362247134e-07 6.3758172230655639e-07 1.534981135242707e-07 3.4742827258162037e-07 2.6384299785759453e-07 9.7849992224958436e-07 4.0002270145949627e-07 4.0040972052469103e-07
        </DataArray>
        <DataArray type="Float64" Name="contact_force" NumberOfComponents="3" format="ascii">
          -0 -0 0 -0 -0 0 -0 -0 0 -0 -0 0 -0 -0 0 -0 -0 0 -0 -0 0 -0 -0 0 -0 -0 0 -0 -0 0 -0 -0 0 -0 -0 0 -0 -0 0 -0 -0 0 -0 -0 0 -0 -0 0 -0 -0 0 -0 -0 0 -0 -0 0 -0 -0 0 -0 -0 0 -0 -0 0 -0 -0 0 -0 -0 0 -0 -0 0 -0 -0 0 -0 -0 0 -0 -0 0 -0 -0 0 -0 -0 0 -0 -0 0 -0 -0 0 -0 -0 0 -0 -0 0 -0 -0 0 -0 -0 0 -0 -0 0 -0 -0 0 -0 -0 0 -0 -0 0 -0 -0 0 -0 -0 0 -0 -0 0 -0 -0 0 -0 -0 0 -0 -0 0 -0 -0 0 -0 -0 0 -0 -0 0 -0 -0 0 -0 -0 0 -0 -0 0 -0 -0 0 -0 -0 0 -0 -0 0 -0 -0 0 -0 -0 0 -0 -0 0 -0 -0 0 -0 -0 0 -0 -0 0 -0 -0 0 -0 -0 0 -0 -0 0 -0 -0 0 -0 -0 0 -0 -0 0 -0 -0 0 -0 -0 0 -0 -0 0 -0 -0 0 -0 -0 0 -0 -0 0 -0 -0 0 -0 -0 0 -0 -0 0 -0 -0 0 -0 -0 0 -0 -0 0 -0 -0 0 -0 -0 0 -0 -0 0 -0 -0 0 -0 -0 0 -0 -0 0 -0 -0 0 -0 -0 0 -0 -0 0 -0 -0 0 -0 -0 0 -0 -0 0 -0 -0 0 -0 -0 0 -0 -0 0 -0 -0 0 -0 -0 0 -0 -0 0 -0 -0 0 -0 -0 0 -0 -0 0 -0 -0 0 -0 -0 0 -0 -0 0 -0 -0 0 -0 -0 0 -0 -0 0 -0 -0 0 -0 -0 0 -0 -0 0 -0 -0 0 -0 -0 0 -0 -0 0 -0 -0 0 -0 -0 0 -0 -0 0 -0 -0 0 -0 -0 0 -0 -0 0 -0 -0 0 -0 -0 0 -0 -0 0 -0 -0 0 -0 -0 0 -0 -0 0 -0 -0 0 -0 -0 0 -0 -0 0 -0 -0 0 -0 -0 0 -0 -0 0 -0 -0 0 -0 -0 0 -0 -0 0 -0 -0 0 -0 -0 0 -0 -0 0 -0 -0 0 -0 -0 0 -0 -0 0 -0 -0 0 -0 -0 0 -0 -0 0 -0 -0 0 -0 -0 0 -0 -0 0 -0 -0 0 -0 -0 0 -0 -0 0 -0 -0 0 -0 -0 0 -0 -0 0 -0 -0 0 -0 -0 0 -0 -0 0 -0 -0 0 -0 -0 0 -0 -0 0 -0 -0 0 -0 -0 0 -0 -0 0 -0 -0 0 -0 -0 0 -0 -0 0 -0 -0 0 -0 -0 0 -0 -0 0 -0 -0 0 -0 -0 0 -0 -0 0 -0 -0 0 -0 -0 0 -0 -0 0 -0 -0 0 -0 -0 0 -0 -0 0 -0 -0 0 -0 -0 0 -0 -0 0 -0 -0 0 -0 -0 0 -0 -0 0 -0 -0 0 -0 -0 0 -0 -0 0 -0 -0 0 -0 -0 0 -0 -0 0 -0 -0 0 -0 -0 0 -0 -0 0 -0 -0 0 -0 -0 0 -0 -0 0 -0 -0 0 -0 -0 0 -0 -0 0 -0 -0 0 -0 -0 0 -0 -0 0 -0 -0 0 -0 -0 0 -0 -0 0 -0 -0 0 -0 -0 0 -0 -0 0 -0 -0 0 -0 -0 0 -0 -0 0 -0 -0 0 -0 -0 0 -0 -0 0 -0 -0 0 -0 -0 0 -0 -0 0 -0 -0 0 -0 -0 0 -0 -0 0 -0 -0 0 -0 -0 0 -0 -0 0 -0 -0 0 -0 -0 0 -0 -0 0 -0 -0 0 -0 -0 0 -0 -0 0 -0 -0 0 -0 -0 0 -0 -0 0 -0 -0 0 -0 -0 0 -0 -0 0 -0 -0 0 -0 -0 0 -0 -0 0 -0 -0 0 -0 -0 0 -0 -0 0 -0 -0 0 -0 -0 0 -0 -0 0 -0 -0 0 -0 -0 0 -0 -0 0 -0 -0 0 -0 -0 0 -0 -0 0 -0 -0 0 -0 -0 0 -0 -0 0 -0 -0 0 -0 -0 0 -0 -0 0 -0 -0 0 -0 -0 0 -0 -0 0 -0 -0 0 -0 -0 0 -0 -0 0 -0 -0 0 -0 -0 0 -0 -0 0 -0 -0 0 -0 -0 0 -0 -0 0 -0 -0 0 -0 -0 0 -0 -0 0 -0 -0 0 -0 -0 0 -0 -0 0 -0 -0 0 -0 -0 0 -0 -0 0 -0 -0 0 -0 -0 0 -0 -0 0 -0 -0 0 -0 -0 0 -0 -0 0 -0 -0 0 -0 -0 0 -0 -0 0 -0 -0 0 -0 -0 0 -0 -0 0 -0 -0 0 -0 -0 0 -0 -0 0 -0 -0 0 -0 -0 0 -0 -0 0 -0 -0 0 -0 -0 0 -0 -0 0 -0 -0 0 -0 -0 0 -0 -0 0 -0 -0 0 -0 -0 0 -0 -0 0 -0 -0 0 -0 -0 0 -0 -0 0 -0 -0 0 -0 -0 0 -0 -0 0 -0 -0 0 -0 -0 0 -0 -0 0 -0 -0 0 -0 -0 0 -0 -0 0 -0 -0 0 -0 -0 0 -0 -0 0 -0 -0 0 -0 -0 0 -0 -0 0 -0 -0 0 -0 -0 0 -0 -0 0 -0 -0 0 -0 -0 0 -0 -0 0 -0 -0 0 -0 -0 0 -0 -0 0 -0 -0 0 -0 -0 0 -0 -0 0 -0 -0 0 -0 -0 0 -0 -0 0 -0 -0 0 -0 -0 0 -0 -0 0 -0 -0 0 -0 -0 0 -0 -0 0 -0 -0 0 -0 -0 0 -0 -0 0 -0 -0 0 -0 -0 0 -0 -0 0 -0 -0 0 -0 -0 0 -0 -0 0 -0 -0 0 -0 -0 0 -0 -0 0 -0 -0 0 -0 -0 0 -0 -0 0 -0 -0 0 -0 -0 0 -0 -0 0 -0 -0 0 -0 -0 0 -0 -0 0 -0 -0 0 -0 -0 0 -0 -0 0 -0 -0 0 -0 -0 0 -0 -0 0 -0 -0 0 -0 -0 0 -0 -0 0 -0 -0 0 -0 -0 0 -0 -0 0 -0 -0 0 -0 -0 0 -0 -0 0 -0 -0 0 -0 -0 0 -0 -0 0 -0 -0 0 -0 -0 0 -0 -0 0 -0 -0 0 -0 -0 0 -0 -0 0 -0 -0 0 -0 -0 0 -0 -0 0 -0 -0 0 -0 -0 0 -0 -0 0 -0 -0 0 -0 -0 0 -0 -0 0 -0 -0 0 -0 -0 0 -0 -0 0 -0 -0 0 -0 -0 0 -0 -0 0 -0 -0 0 -0 -0 0 -0 -0 0 -0 -0 0 -0 -0 0 -0 -0 0 -0 -0 0 -0 -0 0 -0 -0 0 -0 -0 0 -0 -0 0 -0 -0 0 -0 -0 0 -0 -0 0 -0 -0 0 -0 -0 0 -0 -0 0 -0 -0 0 -0 -0 0 -0 -0 0 -0 -0 0 -0 -0 0 -0 -0 0 -0 -0 0 -0 -0 0 -0 -0 0 -0 -0 0 -0 -0 0 -0 -0 0 -0 -0 0 -0 -0 0 -0 -0 0 -0 -0 0 -0 -0 0 -0 -0 0 -0 -0 0 -0 -0 0 -0 -0 0 -0 -0 0 -0 -0 0 -0 -0 0 -0 -0 0 -0 -0 0 -0 -0 0 -0 -0 0 -0 -0 0 -0 -0 0 -0 -0 0 -0 -0 0 -0 -0 0 -0 -0 0 -0 -0 0 -0 -0 0 -0 -0 0 -0 -0 0 -0 -0 0 -0 -0 0 -0 -0 0 -0 -0 0 -0 -0 0 -0 -0 0 -0 -0 0 -0 -0 0 -0 -0 0 -0 -0 0 -0 -0 0 -0 -0 0 -0 -0 0 -0 -0 0 -0 -0 0 -0 -0 0 -0 -0 0 -0 -0 0 -0 -0 0 -0 -0 0 -0 -0 0 -0 -0 0 -0 -0 0 -0 -0 0 -0 -0 0 -0 -0 0 -0 -0 0 -0 -0 0 -0 -0 0 -0 -0 0 -0 -0 0 -0 -0 0 -0 -0 0 -0 -0 0 -0 -0 0 -0 -0 0 -0 -0 0 -0 -0 0 -0 -0 0 -0 -0 0 -0 -94.595223398597085 0 -0 -312.34473998999994 0 -0 -389.19060378246547 0 -0 -378.7690552443903 0 -0 -328.82420910823225 0 -0 -276.00181662197224 0 -0 -234.05852088710171 0 -0 -203.01065367833604 0 -0 -180.03556686447428 0 -0 -162.71644135120974 0 -0 -149.38324838751237 0 -0 -138.91460219086096 0 -0 -130.56961082239911 0 -0 -123.83733314783794 0 -0 -118.3648299255257 0 -0 -113.8987600775457 0 -0 -110.25497937179641 0 -0 -107.30141466669565 0 -0 -104.93587377399462 0 -0 -103.08513547900839 0 -0 -101.69503487123232 0 -0 -100.72797339352556 0 -0 -100.15797579696454 0 -0 -99.969530674217154 0 -0 -100.15797617315087 0 -0 -100.72797370682852 0 -0 -101.69503488136272 0 -0 -103.08513537883331 0 -0 -104.93587394336883 0 -0 -107.30141502662248 0 -0 -110.25497971337097 0 -0 -113.89876079580741 0 -0 -118.3648307536737 0 -0 -123.83733377823415 0 -0 -130.56961116987611 0 -0 -138.91460219249953 0 -0 -149.38324828111183 0 -0 -162.71644115250979 0 -0 -180.03556688490085 0 -0 -203.01065386986153 0 -0 -234.05852109264166 0 -0 -276.00181674108097 0 -0 -328.82420880206723 0 -0 -378.76905433430431 0 -0 -389.19060319944589 0 -0 -312.34473983646421 0 -0 -94.595220639860045 0 -0 -0 0 -0 -0 0 -0 -0 0 -0 -0 0 -0 -0 0 -0 -0 0 -0 -0 0
        </DataArray>
        <DataArray type="Float64" Name="contact_force_magnitude" format="ascii">
          0 0 0 0 0 0 0 0 0 0 0 0 0 0 0 0 0 0 0 0 0 0 0 0 0 0 0 0 0 0 0 0 0 0 0 0 0 0 0 0 0 0 0 0 0 0 0 0 0 0 0 0 0 0 0 0 0 0 0 0 0 0 0 0 0 0 0 0 0 0 0 0 0 0 0 0 0 0 0 0 0 0 0 0 0 0 0 0 0 0 0 0 0 0 0 0 0 0 0 0 0 0 0 0 0 0 0 0 0 0 0 0 0 0 0 0 0 0 0 0 0 0 0 0 0 0 0 0 0 0 0 0 0 0 0 0 0 0 0 0 0 0 0 0 0 0 0 0 0 0 0 0 0 0 0 0 0 0 0 0 0 0 0 0 0 0 0 0 0 0 0 0 0 0 0 0 0 0 0 0 0 0 0 0 0 0 0 0 0 0 0 0 0 0 0 0 0 0 0 0 0 0 0 0 0 0 0 0 0 0 0 0 0 0 0 0 0 0 0 0 0 0 0 0 0 0 0 0 0 0 0 0 0 0 0 0 0 0 0 0 0 0 0 0 0 0 0 0 0 0 0 0 0 0 0 0 0 0 0 0 0 0 0 0 0 0 0 0 0 0 0 0 0 0 0 0 0 0 0 0 0 0 0 0 0 0 0 0 0 0 0 0 0 0 0 0 0 0 0 0 0 0 0 0 0 0 0 0 0 0 0 0 0 0 0 0 0 0 0 0 0 0 0 0 0 0 0 0 0 0 0 0 0 0 0 0 0 0 0 0 0 0 0 0 0 0 0 0 0 0 0 0 0 0 0 0 0 0 0 0 0 0 0 0 0 0 0 0 0 0 0 0 0 0 0 0 0 0 0 0 0 0 0 0 0 0 0 0 0 0 0 0 0 0 0 0 0 0 0 0 0 0 0 0 0 0 0 0 0 0 0 0 0 0 0 0 0 0 0 0 0 0 0 0 0 0 0 0 0 0 0 0 0 0 0 0 0 0 0 0 0 0 0 0 0 0 0 0 0 0 0 0 0 0 0 0 0 0 0 0 0 0 0 0 0 0 0 0 0 0 0 0 0 0 0 0 0 0 0 0 0 0 0 0 0 0 0 0 0 0 0 0 0 0 0 94.595223398597085 312.34473998999994 389.19060378246547 378.7690552443903 328.82420910823225 276.00181662197224 234.05852088710171 203.01065367833604 180.03556686447428 162.71644135120974 149.38324838751237 138.91460219086096 130.56961082239911 123.83733314783794 118.3648299255257 113.8987600775457 110.25497937179641 107.30141466669565 104.93587377399462 103.08513547900839 101.69503487123232 100.72797339352556 100.15797579696454 99.969530674217154 100.15797617315087 100.72797370682852 101.69503488136272 103.08513537883331 104.93587394336883 107.30141502662248 110.25497971337097 113.89876079580741 118.3648307536737 123.83733377823415 130.56961116987611 138.91460219249953 149.38324828111183 162.71644115250979 180.03556688490085 203.01065386986153 234.05852109264166 276.00181674108097 328.82420880206723 378.76905433430431 389.19060319944589 312.34473983646421 94.595220639860045 0 0 0 0 0 0 0
        </DataArray>
        <DataArray type="Float64" Name="rigid_plane_signed_distance" format="ascii">
          0.24349364905389026 0.23913321701784251 0.23505922624469661 0.23127696121392904 0.22779133924989714 0.22460700221956797 0.22172901521115362 0.21916655928316353 0.21694575820046957 0.21512795443849569 0.21377226815111483 0.21283421140383363 0.21218960345156068 0.21173019337253191 0.211388164573166 0.21112387519109965 0.21091371896707795 0.21074297309501172 0.210602075641032 0.21048454649480408 0.21038584342810773 0.21030270121916284 0.2102327079353381 0.21017406553815854 0.21012540670199087 0.21008569414189127 0.21005413984646792 0.21003015401495317 0.21001330867112961 0.21000331338524691 0.21000000000000002 0.21000331338524691 0.21001330867112961 0.21003015401495323 0.21005413984646792 0.21008569414189127 0.21012540670199092 0.21017406553815854 0.21023270793533816 0.21030270121916289 0.21038584342810773 0.21048454649480408 0.21060207564103206 0.21074297309501178 0.210913718967078 0.21112387519109971 0.21138816457316606 0.21173019337253196 0.21218960345156079 0.2128342114038338 0.213772268151115 0.21512795443849592 0.21694575820046985 0.21916655928316381 0.22172901521115385 0.2246070022195682 0.22779133924989731 0.23127696121392927 0.23505922624469677 0.23913321701784257 0.24349364905389037 0.20685925554374657 0.19990203153972277 0.19392130801543639 0.18868455175847065 0.18407005087302353 0.18000436049037238 0.17643965196815217 0.17334721088682209 0.17072641311177866 0.16862121571510441 0.16707437439719772 0.16601559080414846 0.16529350367246148 0.16478161251021473 0.16440199909764738 0.16410954117684673 0.16387753174394126 0.16368938794799964 0.16353437579316976 0.16340524063169415 0.16329690873769337 0.16320573954072973 0.1631290482573563 0.16306483603023186 0.16301158466295185 0.16296814349660013 0.16293363911216172 0.16290741821949681 0.16288900702306591 0.16287808412688942 0.16287446348964202 0.16287808412543292 0.16288900702138942 0.16290741821734495 0.16293363910909259 0.16296814349223421 0.163011584659293 0.16306483602853025 0.16312904826030022 0.16320573954751261 0.16329690874746505 0.16340524064519973 0.16353437580715019 0.16368938796364274 0.16387753175995651 0.16410954119285937 0.16440199911414494 0.16478161252802781 0.16529350369088347 0.16601559082211303 0.16707437441375278 0.16862121572849709 0.17072641312428985 0.17334721090353869 0.17643965198871023 0.18000436051464691 0.18407005089911088 0.18868455178812754 0.19392130804404797 0.19990203156958813 0.20685925557712417 0.17005849441123952 0.1634073608921095 0.15718498908428846 0.15155224078045471 0.14653294592674307 0.1421137519314386 0.13826959890585638 0.13497580358306527 0.13222562885500574 0.13005035679606131 0.12847408818843536 0.12740694909183786 0.12668499959934357 0.12617619087004572 0.12580050802680257 0.1255120519191435 0.12528382805113747 0.1250991547827987 0.12494727355971276 0.12482093500115035 0.12471508177186652 0.1246260925973794 0.12455130187603376 0.12448872795146532 0.12443686777982076 0.12439458340172865 0.1243610118571206 0.12433550816676162 0.12431760485299921 0.12430698494671105 0.12430346501744796 0.12430698494752146 0.12431760485836359 0.12433550817635956 0.12436101186883418 0.12439458341789697 0.12443686780087172 0.12448872797598877 0.12455130190496826 0.12462609263127238 0.12471508180776844 0.12482093503836339 0.1249472736002083 0.12509915482469758 0.12528382809307342 0.12551205196257298 0.12580050806581466 0.12617619090434856 0.12668499963346963 0.12740694912618503 0.12847408821199791 0.13005035681519561 0.13222562887716161 0.13497580360686923 0.13826959893193833 0.14211375195987616 0.14653294596345195 0.15155224082143881 0.15718498912871803 0.16340736094157038 0.17005849446467439 0.13920242329352495 0.13232412900079527 0.12604351190998767 0.12033986037591514 0.11525068618775815 0.11079401687766935 0.10696456915495871 0.10374144895081164 0.10110684467618793 0.099067588732545495 0.097617426369943902 0.096649471547572391 0.096001034894672613 0.09554713030727563 0.09521359847246777 0.094958416317108288 0.094757066819862526 0.094594487507827646 0.094461006318222698 0.094350128659250382 0.094257336569671127 0.094179402431583306 0.094113955161584079 0.094059234837014297 0.094013908514166869 0.093976968146223069 0.093947650034914357 0.09392538383254137 0.093909756402688657 0.093900487752637651 0.093897415897799 0.093900487757012971 0.093909756411079459 0.093925383845607807 0.093947650051576237 0.093976968164785957 0.094013908534093568 0.0940592348589077 0.094113955186352599 0.094179402457934394 0.094257336596315258 0.094350128685473211 0.094461006342692805 0.094594487531966601 0.094757066844874921 0.094958416342441995 0.095213598496418222 0.095547130327155214 0.096001034913772154 0.09664947156681522 0.097617426388695014 0.099067588749542509 0.10110684469086408 0.10374144897007191 0.1069645691782098 0.11079401690719326 0.11525068622526669 0.12033986042585638 0.12604351196855249 0.13232412906781593 0.13920242336619232 0.11312590715567292 0.10614851700509954 0.099713154186998498 0.093900899916009931 0.088764289897033694 0.084341124879283372 0.080637566675143796 0.077624570223506772 0.07525364564822723 0.073482604759925435 0.072256885177121699 0.071452821433561686 0.070919564677513036 0.070548410900156691 0.070276630695228465 0.070069165386463267 0.069905723357044661 0.069773902307940755 0.069665766473980997 0.069576001022358447 0.069500916026136339 0.069437879432570834 0.069384960096982209 0.069340726015603982 0.069304093509039433 0.069274243553644005 0.069250555984245968 0.069232567837251763 0.069219943869677239 0.069212456937757932 0.06920997564341394 0.069212456934567179 0.069219943865312897 0.069232567830731478 0.069250555975984285 0.069274243544459657 0.06930409349706021 0.069340725999371328 0.069384960075224461 0.069437879411215292 0.069500916007941518 0.069576001008617661 0.06966576646342669 0.06977390230666787 0.069905723359974248 0.070069165394774618 0.070276630707589272 0.070548410916256368 0.07091956469490561 0.071452821450510989 0.072256885193548989 0.073482604773290994 0.075253645661105067 0.07762457023982465 0.080637566701355634 0.084341124915909518 0.088764289944238281 0.093900899976265467 0.099713154257128303 0.10614851708666512 0.11312590724229499 0.090755029806241866 0.083622284894690549 0.07700134368091166 0.071015941868497176 0.065772027592137225 0.061352562882038802 0.057796672452177317 0.05507070204138409 0.053067908316923762 0.051656085350707107 0.050712057256735874 0.050101521022667753 0.049698220002706378 0.04941780017598485 0.049212472691822204 0.049055696825491352 0.048932148334816211 0.048832470002001582 0.048750676558283135 0.048682759684243612 0.048625936252448668 0.048578220749573395 0.048538156111404884 0.048504661687170686 0.048476919522554826 0.048454311329303779 0.048436368862241633 0.048422742524619214 0.048413179143592486 0.048407507164385452 0.048405627345075572 0.048407507163086769 0.048413179139390597 0.048422742515473322 0.048436368847801323 0.048454311312991716 0.048476919506837843 0.048504661670748461 0.048538156094638601 0.04857822073532074 0.048625936239371587 0.048682759672494191 0.04875067655322482 0.048832470000337247 0.048932148337855877 0.049055696834068907 0.049212472701997995 0.0494178001877945 0.049698220015731098 0.050101521033982271 0.050712057266462912 0.051656085357586701 0.053067908325491547 0.055070702055967133 0.057796672480753278 0.061352562925563084 0.065772027653723142 0.071015941941214855 0.077001343766434166 0.083622284991242996 0.090755029911629884 0.07128544003844578 0.063924813814591225 0.057064523356821259 0.050847753634531562 0.045411243227899217 0.04090106763763357 0.037446245065622039 0.035053429974782099 0.03352038404681601 0.032538701443285217 0.03189869492272078 0.031482915703192907 0.031207199387171078 0.031014950316555545 0.03087391512674291 0.030766088158783497 0.030681035061719986 0.030612367607221636 0.030555991711393241 0.030509161493107992 0.030469968169238582 0.030437048734534525 0.030409402195627294 0.030386285709325264 0.030367136732746311 0.030351529867745558 0.030339142844664435 0.030329734992192867 0.030323131981784573 0.030319215665133056 0.030317917692410504 0.030319215661057719 0.03032313197453175 0.030329734985208162 0.03033914283989872 0.0303515298638177 0.030367136729909192 0.030386285704842336 0.03040940218960822 0.030437048730579772 0.030469968167088704 0.030509161495900342 0.030555991715482983 0.030612367610675068 0.030681035066996903 0.030766088164739525 0.030873915132729704 0.031014950323953128 0.031207199395314356 0.031482915707623738 0.031898694923378296 0.032538701444814688 0.033520384049112631 0.035053429988058341 0.037446245098031988 0.040901067693851684 0.045411243301178988 0.050847753726006487 0.057064523457540067 0.063924813926056256 0.071285440157428839 0.054115709237988543 0.046477990874623287 0.039357390679986587 0.032875811710395553 0.02717966451448732 0.022443875246244693 0.018926854880177646 0.016867028301004991 0.015942871295983638 0.015425292561793147 0.015075987082846187 0.014848392260418827 0.014697304138067732 0.014591962678192238 0.014514720008435303 0.014455699423872884 0.014409171755025249 0.014371628259192568 0.014340820251885641 0.014315239845200139 0.014293839142942563 0.014275870117959749 0.014260783603340071 0.014248172191427072 0.014237727443860787 0.014229216192551131 0.014222461837469239 0.014217332515914172 0.014213732730412362 0.014211597772297108 0.014210890209241503 0.014211597769822823 0.014213732723585171 0.014217332505535807 0.014222461827718705 0.014229216183959476 0.014237727436385308 0.014248172184887609 0.014260783601017582 0.014275870119229608 0.014293839144756806 0.014315239843974703 0.014340820251870987 0.014371628261124494 0.014409171758493378 0.014455699430284588 0.014514720013462074 0.014591962681059251 0.01469730414000632 0.014848392261493121 0.015075987082742964 0.015425292559188786 0.015942871294353969 0.016867028310870655 0.01892685491619947 0.022443875307400579 0.02717966460366053 0.032875811815424025 0.039357390793207617 0.04647799099598772 0.05411570936611769 0.038751356306848922 0.03084750096878916 0.023485779039733867 0.0167529590014876 0.010786547260302426 0.0057633275815323626 0.0019235853166870848 -6.319257563995595e-05 -0.00019465360999766645 -0.00025421413303447493 -0.00029403774405249716 -0.0003193010341717567 -0.00033588089576096214 -0.00034734865423946548 -0.00035571782745837111 -0.000362091867719877 -0.00036710509590941187 -0.00037114332000175165 -0.00037445264634868025 -0.00037719753130970035 -0.00037949196500346172 -0.00038141714153855366 -0.00038303257234570398 -0.00038438234523364978 -0.00038549979304421111 -0.0003864101026197081 -0.00038713232979255274 -0.00038768068870576045 -0.00038806547567241112 -0.00038829366336451399 -0.00038836928684744809 -0.00038829366520680419 -0.0003880654770502534 -0.00038768068860210725 -0.00038713232907434947 -0.00038641010333199943 -0.00038549979462969286 -0.00038438234593735077 -0.00038303257507081578 -0.00038141714438304219 -0.00037949196692779741 -0.00037719753240383902 -0.00037445264613696072 -0.00037114331982830706 -0.00036710509524918999 -0.00036209186783134339 -0.00035571782785316641 -0.0003473486545448462 -0.00033588089598582394 -0.00031930103389550546 -0.00029403774328035093 -0.00025421413226653367 -0.0001946536114395131 -6.3192570237707857e-05 0.0019235853612755843 0.0057633276545102086 0.010786547361591708 0.016752959110998999 0.023485779155089564 0.030847501092668761 0.038751356432162071
        </DataArray>
        <DataArray type="Float64" Name="rigid_plane_penetration" format="ascii">
          0 0 0 0 0 0 0 0 0 0 0 0 0 0 0 0 0 0 0 0 0 0 0 0 0 0 0 0 0 0 0 0 0 0 0 0 0 0 0 0 0 0 0 0 0 0 0 0 0 0 0 0 0 0 0 0 0 0 0 0 0 0 0 0 0 0 0 0 0 0 0 0 0 0 0 0 0 0 0 0 0 0 0 0 0 0 0 0 0 0 0 0 0 0 0 0 0 0 0 0 0 0 0 0 0 0 0 0 0 0 0 0 0 0 0 0 0 0 0 0 0 0 0 0 0 0 0 0 0 0 0 0 0 0 0 0 0 0 0 0 0 0 0 0 0 0 0 0 0 0 0 0 0 0 0 0 0 0 0 0 0 0 0 0 0 0 0 0 0 0 0 0 0 0 0 0 0 0 0 0 0 0 0 0 0 0 0 0 0 0 0 0 0 0 0 0 0 0 0 0 0 0 0 0 0 0 0 0 0 0 0 0 0 0 0 0 0 0 0 0 0 0 0 0 0 0 0 0 0 0 0 0 0 0 0 0 0 0 0 0 0 0 0 0 0 0 0 0 0 0 0 0 0 0 0 0 0 0 0 0 0 0 0 0 0 0 0 0 0 0 0 0 0 0 0 0 0 0 0 0 0 0 0 0 0 0 0 0 0 0 0 0 0 0 0 0 0 0 0 0 0 0 0 0 0 0 0 0 0 0 0 0 0 0 0 0 0 0 0 0 0 0 0 0 0 0 0 0 0 0 0 0 0 0 0 0 0 0 0 0 0 0 0 0 0 0 0 0 0 0 0 0 0 0 0 0 0 0 0 0 0 0 0 0 0 0 0 0 0 0 0 0 0 0 0 0 0 0 0 0 0 0 0 0 0 0 0 0 0 0 0 0 0 0 0 0 0 0 0 0 0 0 0 0 0 0 0 0 0 0 0 0 0 0 0 0 0 0 0 0 0 0 0 0 0 0 0 0 0 0 0 0 0 0 0 0 0 0 0 0 0 0 0 0 0 0 0 0 0 0 0 0 0 0 0 0 0 0 0 0 0 0 0 0 0 0 0 0 0 0 0 0 0 0 0 0 0 0 0 0 0 0 0 0 0 0 0 0 0 0 0 0 0 0 0 6.319257563995595e-05 0.00019465360999766645 0.00025421413303447493 0.00029403774405249716 0.0003193010341717567 0.00033588089576096214 0.00034734865423946548 0.00035571782745837111 0.000362091867719877 0.00036710509590941187 0.00037114332000175165 0.00037445264634868025 0.00037719753130970035 0.00037949196500346172 0.00038141714153855366 0.00038303257234570398 0.00038438234523364978 0.00038549979304421111 0.0003864101026197081 0.00038713232979255274 0.00038768068870576045 0.00038806547567241112 0.00038829366336451399 0.00038836928684744809 0.00038829366520680419 0.0003880654770502534 0.00038768068860210725 0.00038713232907434947 0.00038641010333199943 0.00038549979462969286 0.00038438234593735077 0.00038303257507081578 0.00038141714438304219 0.00037949196692779741 0.00037719753240383902 0.00037445264613696072 0.00037114331982830706 0.00036710509524918999 0.00036209186783134339 0.00035571782785316641 0.0003473486545448462 0.00033588089598582394 0.00031930103389550546 0.00029403774328035093 0.00025421413226653367 0.0001946536114395131 6.3192570237707857e-05 0 0 0 0 0 0 0
        </DataArray>
      </PointData>
      <CellData>
        <DataArray type="Int32" Name="element_id" format="ascii">
          1 2 3 4 5 6 7 8 9 10 11 12 13 14 15 16 17 18 19 20 21 22 23 24 25 26 27 28 29 30 31 32 33 34 35 36 37 38 39 40 41 42 43 44 45 46 47 48 49 50 51 52 53 54 55 56 57 58 59 60 61 62 63 64 65 66 67 68 69 70 71 72 73 74 75 76 77 78 79 80 81 82 83 84 85 86 87 88 89 90 91 92 93 94 95 96 97 98 99 100 101 102 103 104 105 106 107 108 109 110 111 112 113 114 115 116 117 118 119 120 121 122 123 124 125 126 127 128 129 130 131 132 133 134 135 136 137 138 139 140 141 142 143 144 145 146 147 148 149 150 151 152 153 154 155 156 157 158 159 160 161 162 163 164 165 166 167 168 169 170 171 172 173 174 175 176 177 178 179 180 181 182 183 184 185 186 187 188 189 190 191 192 193 194 195 196 197 198 199 200 201 202 203 204 205 206 207 208 209 210 211 212 213 214 215 216 217 218 219 220 221 222 223 224 225 226 227 228 229 230 231 232 233 234 235 236 237 238 239 240 241 242 243 244 245 246 247 248 249 250 251 252 253 254 255 256 257 258 259 260 261 262 263 264 265 266 267 268 269 270 271 272 273 274 275 276 277 278 279 280 281 282 283 284 285 286 287 288 289 290 291 292 293 294 295 296 297 298 299 300 301 302 303 304 305 306 307 308 309 310 311 312 313 314 315 316 317 318 319 320 321 322 323 324 325 326 327 328 329 330 331 332 333 334 335 336 337 338 339 340 341 342 343 344 345 346 347 348 349 350 351 352 353 354 355 356 357 358 359 360 361 362 363 364 365 366 367 368 369 370 371 372 373 374 375 376 377 378 379 380 381 382 383 384 385 386 387 388 389 390 391 392 393 394 395 396 397 398 399 400 401 402 403 404 405 406 407 408 409 410 411 412 413 414 415 416 417 418 419 420 421 422 423 424 425 426 427 428 429 430 431 432 433 434 435 436 437 438 439 440 441 442 443 444 445 446 447 448 449 450 451 452 453 454 455 456 457 458 459 460 461 462 463 464 465 466 467 468 469 470 471 472 473 474 475 476 477 478 479 480
        </DataArray>
        <DataArray type="Int32" Name="material_id" format="ascii">
          1 1 1 1 1 1 1 1 1 1 1 1 1 1 1 1 1 1 1 1 1 1 1 1 1 1 1 1 1 1 1 1 1 1 1 1 1 1 1 1 1 1 1 1 1 1 1 1 1 1 1 1 1 1 1 1 1 1 1 1 1 1 1 1 1 1 1 1 1 1 1 1 1 1 1 1 1 1 1 1 1 1 1 1 1 1 1 1 1 1 1 1 1 1 1 1 1 1 1 1 1 1 1 1 1 1 1 1 1 1 1 1 1 1 1 1 1 1 1 1 1 1 1 1 1 1 1 1 1 1 1 1 1 1 1 1 1 1 1 1 1 1 1 1 1 1 1 1 1 1 1 1 1 1 1 1 1 1 1 1 1 1 1 1 1 1 1 1 1 1 1 1 1 1 1 1 1 1 1 1 1 1 1 1 1 1 1 1 1 1 1 1 1 1 1 1 1 1 1 1 1 1 1 1 1 1 1 1 1 1 1 1 1 1 1 1 1 1 1 1 1 1 1 1 1 1 1 1 1 1 1 1 1 1 1 1 1 1 1 1 1 1 1 1 1 1 1 1 1 1 1 1 1 1 1 1 1 1 1 1 1 1 1 1 1 1 1 1 1 1 1 1 1 1 1 1 1 1 1 1 1 1 1 1 1 1 1 1 1 1 1 1 1 1 1 1 1 1 1 1 1 1 1 1 1 1 1 1 1 1 1 1 1 1 1 1 1 1 1 1 1 1 1 1 1 1 1 1 1 1 1 1 1 1 1 1 1 1 1 1 1 1 1 1 1 1 1 1 1 1 1 1 1 1 1 1 1 1 1 1 1 1 1 1 1 1 1 1 1 1 1 1 1 1 1 1 1 1 1 1 1 1 1 1 1 1 1 1 1 1 1 1 1 1 1 1 1 1 1 1 1 1 1 1 1 1 1 1 1 1 1 1 1 1 1 1 1 1 1 1 1 1 1 1 1 1 1 1 1 1 1 1 1 1 1 1 1 1 1 1 1 1 1 1 1 1 1 1 1 1 1 1 1 1 1 1 1 1 1 1 1 1 1 1 1 1 1 1 1 1 1 1 1 1 1 1 1 1 1 1
        </DataArray>
        <DataArray type="Int32" Name="candidate_contact_facet" format="ascii">
          0 0 0 0 0 0 0 0 0 0 0 0 0 0 0 0 0 0 0 0 0 0 0 0 0 0 0 0 0 0 0 0 0 0 0 0 0 0 0 0 0 0 0 0 0 0 0 0 0 0 0 0 0 0 0 0 0 0 0 0 0 0 0 0 0 0 0 0 0 0 0 0 0 0 0 0 0 0 0 0 0 0 0 0 0 0 0 0 0 0 0 0 0 0 0 0 0 0 0 0 0 0 0 0 0 0 0 0 0 0 0 0 0 0 0 0 0 0 0 0 0 0 0 0 0 0 0 0 0 0 0 0 0 0 0 0 0 0 0 0 0 0 0 0 0 0 0 0 0 0 0 0 0 0 0 0 0 0 0 0 0 0 0 0 0 0 0 0 0 0 0 0 0 0 0 0 0 0 0 0 0 0 0 0 0 0 0 0 0 0 0 0 0 0 0 0 0 0 0 0 0 0 0 0 0 0 0 0 0 0 0 0 0 0 0 0 0 0 0 0 0 0 0 0 0 0 0 0 0 0 0 0 0 0 0 0 0 0 0 0 0 0 0 0 0 0 0 0 0 0 0 0 0 0 0 0 0 0 0 0 0 0 0 0 0 0 0 0 0 0 0 0 0 0 0 0 0 0 0 0 0 0 0 0 0 0 0 0 0 0 0 0 0 0 0 0 0 0 0 0 0 0 0 0 0 0 0 0 0 0 0 0 0 0 0 0 0 0 0 0 0 0 0 0 0 0 0 0 0 0 0 0 0 0 0 0 0 0 0 0 0 0 0 0 0 0 0 0 0 0 0 0 0 0 0 0 0 0 0 0 0 0 0 0 0 0 0 0 0 0 0 0 0 0 0 0 0 0 0 0 0 0 0 0 0 0 0 0 0 0 0 0 0 0 0 0 0 0 0 0 0 0 0 0 0 0 0 0 0 0 0 0 0 0 0 0 0 0 0 0 1 1 1 1 1 1 1 1 1 1 1 1 1 1 1 1 1 1 1 1 1 1 1 1 1 1 1 1 1 1 1 1 1 1 1 1 1 1 1 1 1 1 1 1 1 1 1 1 1 1 1 1 1 1 1 1 1 1 1 1
        </DataArray>
        <DataArray type="Int32" Name="candidate_contact_surface_index" format="ascii">
          -1 -1 -1 -1 -1 -1 -1 -1 -1 -1 -1 -1 -1 -1 -1 -1 -1 -1 -1 -1 -1 -1 -1 -1 -1 -1 -1 -1 -1 -1 -1 -1 -1 -1 -1 -1 -1 -1 -1 -1 -1 -1 -1 -1 -1 -1 -1 -1 -1 -1 -1 -1 -1 -1 -1 -1 -1 -1 -1 -1 -1 -1 -1 -1 -1 -1 -1 -1 -1 -1 -1 -1 -1 -1 -1 -1 -1 -1 -1 -1 -1 -1 -1 -1 -1 -1 -1 -1 -1 -1 -1 -1 -1 -1 -1 -1 -1 -1 -1 -1 -1 -1 -1 -1 -1 -1 -1 -1 -1 -1 -1 -1 -1 -1 -1 -1 -1 -1 -1 -1 -1 -1 -1 -1 -1 -1 -1 -1 -1 -1 -1 -1 -1 -1 -1 -1 -1 -1 -1 -1 -1 -1 -1 -1 -1 -1 -1 -1 -1 -1 -1 -1 -1 -1 -1 -1 -1 -1 -1 -1 -1 -1 -1 -1 -1 -1 -1 -1 -1 -1 -1 -1 -1 -1 -1 -1 -1 -1 -1 -1 -1 -1 -1 -1 -1 -1 -1 -1 -1 -1 -1 -1 -1 -1 -1 -1 -1 -1 -1 -1 -1 -1 -1 -1 -1 -1 -1 -1 -1 -1 -1 -1 -1 -1 -1 -1 -1 -1 -1 -1 -1 -1 -1 -1 -1 -1 -1 -1 -1 -1 -1 -1 -1 -1 -1 -1 -1 -1 -1 -1 -1 -1 -1 -1 -1 -1 -1 -1 -1 -1 -1 -1 -1 -1 -1 -1 -1 -1 -1 -1 -1 -1 -1 -1 -1 -1 -1 -1 -1 -1 -1 -1 -1 -1 -1 -1 -1 -1 -1 -1 -1 -1 -1 -1 -1 -1 -1 -1 -1 -1 -1 -1 -1 -1 -1 -1 -1 -1 -1 -1 -1 -1 -1 -1 -1 -1 -1 -1 -1 -1 -1 -1 -1 -1 -1 -1 -1 -1 -1 -1 -1 -1 -1 -1 -1 -1 -1 -1 -1 -1 -1 -1 -1 -1 -1 -1 -1 -1 -1 -1 -1 -1 -1 -1 -1 -1 -1 -1 -1 -1 -1 -1 -1 -1 -1 -1 -1 -1 -1 -1 -1 -1 -1 -1 -1 -1 -1 -1 -1 -1 -1 -1 -1 -1 -1 -1 -1 -1 -1 -1 -1 -1 -1 -1 -1 -1 -1 -1 -1 -1 -1 -1 -1 -1 -1 -1 -1 -1 -1 -1 -1 -1 -1 -1 -1 -1 -1 -1 -1 -1 -1 -1 -1 -1 -1 -1 -1 -1 -1 -1 0 0 0 0 0 0 0 0 0 0 0 0 0 0 0 0 0 0 0 0 0 0 0 0 0 0 0 0 0 0 0 0 0 0 0 0 0 0 0 0 0 0 0 0 0 0 0 0 0 0 0 0 0 0 0 0 0 0 0 0
        </DataArray>
        <DataArray type="Int32" Name="active_contact_facet" format="ascii">
          0 0 0 0 0 0 0 0 0 0 0 0 0 0 0 0 0 0 0 0 0 0 0 0 0 0 0 0 0 0 0 0 0 0 0 0 0 0 0 0 0 0 0 0 0 0 0 0 0 0 0 0 0 0 0 0 0 0 0 0 0 0 0 0 0 0 0 0 0 0 0 0 0 0 0 0 0 0 0 0 0 0 0 0 0 0 0 0 0 0 0 0 0 0 0 0 0 0 0 0 0 0 0 0 0 0 0 0 0 0 0 0 0 0 0 0 0 0 0 0 0 0 0 0 0 0 0 0 0 0 0 0 0 0 0 0 0 0 0 0 0 0 0 0 0 0 0 0 0 0 0 0 0 0 0 0 0 0 0 0 0 0 0 0 0 0 0 0 0 0 0 0 0 0 0 0 0 0 0 0 0 0 0 0 0 0 0 0 0 0 0 0 0 0 0 0 0 0 0 0 0 0 0 0 0 0 0 0 0 0 0 0 0 0 0 0 0 0 0 0 0 0 0 0 0 0 0 0 0 0 0 0 0 0 0 0 0 0 0 0 0 0 0 0 0 0 0 0 0 0 0 0 0 0 0 0 0 0 0 0 0 0 0 0 0 0 0 0 0 0 0 0 0 0 0 0 0 0 0 0 0 0 0 0 0 0 0 0 0 0 0 0 0 0 0 0 0 0 0 0 0 0 0 0 0 0 0 0 0 0 0 0 0 0 0 0 0 0 0 0 0 0 0 0 0 0 0 0 0 0 0 0 0 0 0 0 0 0 0 0 0 0 0 0 0 0 0 0 0 0 0 0 0 0 0 0 0 0 0 0 0 0 0 0 0 0 0 0 0 0 0 0 0 0 0 0 0 0 0 0 0 0 0 0 0 0 0 0 0 0 0 0 0 0 0 0 0 0 0 0 0 0 0 0 0 0 0 0 0 0 0 0 0 0 0 0 0 0 0 0 0 0 0 0 0 0 0 1 1 1 1 1 1 1 1 1 1 1 1 1 1 1 1 1 1 1 1 1 1 1 1 1 1 1 1 1 1 1 1 1 1 1 1 1 1 1 1 1 1 1 1 1 1 0 0 0 0 0 0 0
        </DataArray>
        <DataArray type="Int32" Name="active_contact_surface_index" format="ascii">
          -1 -1 -1 -1 -1 -1 -1 -1 -1 -1 -1 -1 -1 -1 -1 -1 -1 -1 -1 -1 -1 -1 -1 -1 -1 -1 -1 -1 -1 -1 -1 -1 -1 -1 -1 -1 -1 -1 -1 -1 -1 -1 -1 -1 -1 -1 -1 -1 -1 -1 -1 -1 -1 -1 -1 -1 -1 -1 -1 -1 -1 -1 -1 -1 -1 -1 -1 -1 -1 -1 -1 -1 -1 -1 -1 -1 -1 -1 -1 -1 -1 -1 -1 -1 -1 -1 -1 -1 -1 -1 -1 -1 -1 -1 -1 -1 -1 -1 -1 -1 -1 -1 -1 -1 -1 -1 -1 -1 -1 -1 -1 -1 -1 -1 -1 -1 -1 -1 -1 -1 -1 -1 -1 -1 -1 -1 -1 -1 -1 -1 -1 -1 -1 -1 -1 -1 -1 -1 -1 -1 -1 -1 -1 -1 -1 -1 -1 -1 -1 -1 -1 -1 -1 -1 -1 -1 -1 -1 -1 -1 -1 -1 -1 -1 -1 -1 -1 -1 -1 -1 -1 -1 -1 -1 -1 -1 -1 -1 -1 -1 -1 -1 -1 -1 -1 -1 -1 -1 -1 -1 -1 -1 -1 -1 -1 -1 -1 -1 -1 -1 -1 -1 -1 -1 -1 -1 -1 -1 -1 -1 -1 -1 -1 -1 -1 -1 -1 -1 -1 -1 -1 -1 -1 -1 -1 -1 -1 -1 -1 -1 -1 -1 -1 -1 -1 -1 -1 -1 -1 -1 -1 -1 -1 -1 -1 -1 -1 -1 -1 -1 -1 -1 -1 -1 -1 -1 -1 -1 -1 -1 -1 -1 -1 -1 -1 -1 -1 -1 -1 -1 -1 -1 -1 -1 -1 -1 -1 -1 -1 -1 -1 -1 -1 -1 -1 -1 -1 -1 -1 -1 -1 -1 -1 -1 -1 -1 -1 -1 -1 -1 -1 -1 -1 -1 -1 -1 -1 -1 -1 -1 -1 -1 -1 -1 -1 -1 -1 -1 -1 -1 -1 -1 -1 -1 -1 -1 -1 -1 -1 -1 -1 -1 -1 -1 -1 -1 -1 -1 -1 -1 -1 -1 -1 -1 -1 -1 -1 -1 -1 -1 -1 -1 -1 -1 -1 -1 -1 -1 -1 -1 -1 -1 -1 -1 -1 -1 -1 -1 -1 -1 -1 -1 -1 -1 -1 -1 -1 -1 -1 -1 -1 -1 -1 -1 -1 -1 -1 -1 -1 -1 -1 -1 -1 -1 -1 -1 -1 -1 -1 -1 -1 -1 -1 -1 -1 -1 -1 -1 -1 -1 -1 -1 -1 -1 -1 -1 -1 -1 -1 -1 -1 -1 -1 -1 -1 -1 -1 0 0 0 0 0 0 0 0 0 0 0 0 0 0 0 0 0 0 0 0 0 0 0 0 0 0 0 0 0 0 0 0 0 0 0 0 0 0 0 0 0 0 0 0 0 0 -1 -1 -1 -1 -1 -1 -1
        </DataArray>
      </CellData>
      <Points>
        <DataArray type="Float64" NumberOfComponents="3" format="ascii">
          -0.12499999999999993 0.36349364905389026 0 -0.11712328622059982 0.35913321701784251 0 -0.10909467586626495 0.3550592262446966 0 -0.10092458337028437 0.35127696121392904 0 -0.092623635604761445 0.34779133924989714 0 -0.08420294885537892 0.34460700221956797 0 -0.075676534062768641 0.34172901521115362 0 -0.067076477490175812 0.33916655928316353 0 -0.058520385706652932 0.33694575820046957 0 -0.05037540374552428 0.33512795443849569 0 -0.043265506683194198 0.33377226815111483 0 -0.03753762043117826 0.33283421140383362 0 -0.033015259540177345 0.33218960345156068 0 -0.029361592551488069 0.3317301933725319 0 -0.026308844248670551 0.331388164573166 0 -0.02367856625948191 0.33112387519109965 0 -0.021354732524389006 0.33091371896707794 0 -0.019259660913057777 0.33074297309501172 0 -0.017339992082999998 0.330602075641032 0 -0.015557585355589178 0.33048454649480408 0 -0.013884265875547228 0.33038584342810773 0 -0.012298739022899317 0.33030270121916283 0 -0.010784239179744413 0.3302327079353381 0 -0.0093275114723978744 0.33017406553815853 0 -0.0079175516515268655 0.33012540670199086 0 -0.0065452064489767503 0.33008569414189126 0 -0.0052025947479141217 0.33005413984646792 0 -0.0038827951545273047 0.33003015401495317 0 -0.0025795655533648373 0.3300133086711296 0 -0.0012871214569483232 0.33000331338524691 0 1.4163847244119949e-16 0.33000000000000002 0 0.0012871214569487174 0.33000331338524691 0 0.0025795655533651209 0.3300133086711296 0 0.0038827951545275883 0.33003015401495323 0 0.0052025947479144045 0.33005413984646792 0 0.0065452064489770331 0.33008569414189126 0 0.00791755165152715 0.33012540670199092 0 0.0093275114723981589 0.33017406553815853 0 0.010784239179744698 0.33023270793533815 0 0.012298739022899713 0.33030270121916289 0 0.013884265875547513 0.33038584342810773 0 0.015557585355589572 0.33048454649480408 0 0.017339992083000282 0.33060207564103206 0 0.019259660913058172 0.33074297309501177 0 0.021354732524389512 0.330913718967078 0 0.023678566259482416 0.3311238751910997 0 0.026308844248671054 0.33138816457316606 0 0.02936159255148868 0.33173019337253196 0 0.033015259540177949 0.33218960345156079 0 0.03753762043117919 0.33283421140383379 0 0.043265506683195239 0.33377226815111499 0 0.050375403745525529 0.33512795443849591 0 0.058520385706654063 0.33694575820046985 0 0.067076477490176728 0.3391665592831638 0 0.075676534062769321 0.34172901521115384 0 0.084202948855379392 0.34460700221956819 0 0.092623635604762014 0.3477913392498973 0 0.10092458337028493 0.35127696121392926 0 0.1090946758662652 0.35505922624469677 0 0.11712328622059996 0.35913321701784257 0 0.12500000000000008 0.36349364905389037 0 -0.1525327020393287 0.31580561025211756 0 -0.14292105055163021 0.31048474240797985 0 -0.13312404550388915 0.30551340784228992 0 -0.12315439522930387 0.30089805500251515 0 -0.11302506729200354 0.29664468431082386 0 -0.10274962646872282 0.29275896005930385 0 -0.092345169772523231 0.2892470629806837 0 -0.08185085083885385 0.28612019636825947 0 -0.071410180449755889 0.28341023804957804 0 -0.061471171597015539 0.28119204189284897 0 -0.052795237115905988 0.27953774995259401 0 -0.045805717379954675 0.27839307530996188 0 -0.040287253969543822 0.27760648496823198 0 -0.035828824384450439 0.27704588448264506 0 -0.032103672806252592 0.27662851986710468 0 -0.028894045535808464 0.2763060176785696 0 -0.026058360426177533 0.27604957210496633 0 -0.02350182495543959 0.27584121747113971 0 -0.021159326766084469 0.2756692857162118 0 -0.018984324251964071 0.27552586941027163 0 -0.016942436718637325 0.27540542584656957 0 -0.015007679158714938 0.27530397060029854 0 -0.01315959313219848 0.27521856048264737 0 -0.011382004225501487 0.2751470014162804 0 -0.0096614843755467427 0.27508762490621053 0 -0.0079868642005413108 0.27503916519343541 0 -0.0063485266761196925 0.27500066069790041 0 -0.0047380258910821029 0.2749713917083676 0 -0.00314774483153852 0.27495083598188608 0 -0.0015706249094490025 0.27493863911817928 0 1.7283599131343331e-16 0.27493459592134245 0 0.0015706249094494837 0.27493863911817928 0 0.003147744831538866 0.27495083598188608 0 0.004738025891082449 0.27497139170836765 0 0.0063485266761200377 0.27500066069790041 0 0.007986864200541656 0.27503916519343535 0 0.0096614843755470897 0.27508762490621058 0 0.011382004225501834 0.2751470014162804 0 0.013159593132198827 0.27521856048264742 0 0.01500767915871542 0.27530397060029854 0 0.016942436718637672 0.27540542584656957 0 0.018984324251964554 0.27552586941027168 0 0.021159326766084816 0.27566928571621185 0 0.023501824955440072 0.27584121747113977 0 0.026058360426178151 0.27604957210496639 0 0.028894045535809081 0.27630601767856966 0 0.032103672806253203 0.27662851986710474 0 0.035828824384451188 0.27704588448264517 0 0.040287253969544558 0.27760648496823209 0 0.045805717379955806 0.27839307530996205 0 0.052795237115907258 0.27953774995259423 0 0.061471171597017059 0.28119204189284924 0 0.071410180449757277 0.28341023804957838 0 0.081850850838854974 0.2861201963682598 0 0.092345169772524063 0.28924706298068392 0 0.1027496264687234 0.29275896005930413 0 0.11302506729200423 0.29664468431082402 0 0.12315439522930453 0.30089805500251549 0 0.13312404550388945 0.30551340784229009 0 0.14292105055163037 0.31048474240797991 0 0.15253270203932889 0.31580561025211767 0 -0.17544528900542578 0.27611984549399693 0 -0.1643898304019068 0.26999970742397361 0 -0.15312117549048093 0.26428160751517343 0 -0.14165394157721392 0.25897296286382837 0 -0.13000304413928501 0.25408067524108247 0 -0.1181840855763284 0.24961125979646825 0 -0.10621673111657121 0.24557182569690736 0 -0.094146015829838711 0.2419752591301082 0 -0.082137007864101746 0.23885822642789376 0 -0.070705018151188168 0.2363068255768965 0 -0.06072583459199353 0.23440403539697469 0 -0.052686389320992393 0.23308741429993279 0 -0.046338974012924465 0.232182666872079 0 -0.041210824726843072 0.2315378561993813 0 -0.036926102260853931 0.23105779746695787 0 -0.033234343205031436 0.23068685085081631 0 -0.029972697754999975 0.23039188349513806 0 -0.027032134200303409 0.23015223102416893 0 -0.02433775937882985 0.22995447266790014 0 -0.0218360404715034 0.22978951318768798 0 -0.019487432313308448 0.22965097728318989 0 -0.01726204657819904 0.22953428201217482 0 -0.015136351676751165 0.22943604207690227 0 -0.013091743567810165 0.22935373381833307 0 -0.011112777101740143 0.22928543810974031 0 -0.0091866050963272262 0.22922969905706975 0 -0.0073021659130072317 0.22918541063723044 0 -0.0054497449442792818 0.22915174502809335 0 -0.0036205809921482819 0.22912810153836913 0 -0.0018065551679950671 0.2291140725318061 0 1.9879842185386635e-16 0.22910942198914827 0 0.0018065551679956205 0.22911407253180605 0 0.00362058099214868 0.22912810153836913 0 0.0054497449442796799 0.22915174502809338 0 0.0073021659130076281 0.22918541063723044 0 0.0091866050963276234 0.22922969905706972 0 0.011112777101740542 0.22928543810974036 0 0.013091743567810564 0.22935373381833307 0 0.015136351676751564 0.22943604207690232 0 0.017262046578199595 0.22953428201217485 0 0.019487432313308847 0.22965097728318992 0 0.021836040471503951 0.22978951318768803 0 0.024337759378830252 0.22995447266790017 0 0.027032134200303964 0.23015223102416899 0 0.029972697755000687 0.23039188349513814 0 0.033234343205032151 0.23068685085081636 0 0.036926102260854639 0.23105779746695795 0 0.041210824726843932 0.23153785619938139 0 0.046338974012925319 0.23218266687207914 0 0.052686389320993697 0.23308741429993299 0 0.060725834591994987 0.23440403539697491 0 0.070705018151189916 0.23630682557689681 0 0.082137007864103329 0.23885822642789414 0 0.094146015829840002 0.24197525913010859 0 0.10621673111657216 0.24557182569690766 0 0.11818408557632906 0.24961125979646856 0 0.13000304413928582 0.25408067524108274 0 0.1416539415772147 0.2589729628638287 0 0.15312117549048126 0.2642816075151736 0 0.16438983040190699 0.26999970742397367 0 0.175445289005426 0.27611984549399704 0 -0.19366839727346258 0.2445564961019287 0 -0.18146463300595683 0.23780067303119887 0 -0.16902552820869954 0.23148864692286253 0 -0.15636721845451951 0.22562860527028472 0 -0.14350616845772307 0.22022816671608286 0 -0.13045960120416469 0.21529452312374378 0 -0.11724922450517607 0.21083552207339618 0 -0.10392475112217478 0.20686538821213432 0 -0.090668394461058621 0.20342459632134627 0 -0.078048989643194219 0.20060818719223303 0 -0.067033290692468078 0.19850775846837174 0 -0.058158806290927047 0.19705438289399171 0 -0.05115209920570836 0.19605566138210029 0 -0.045491300566745073 0.19534387567252601 0 -0.04076153359805746 0.19481395431736953 0 -0.036686319817658818 0.19440447830904004 0 -0.033085894577615238 0.19407887335637344 0 -0.029839901288498036 0.19381432872130042 0 -0.026865667803593132 0.19359602964856312 0 -0.024104100970096402 0.19341393619750008 0 -0.021511548155486896 0.19326101087963563 0 -0.019055016600396026 0.19313219473281859 0 -0.016708530542038261 0.19302375083603265 0 -0.014451553579273059 0.19293289340344025 0 -0.012267036309448524 0.19285750397293006 0 -0.010140797142378075 0.19279597543000113 0 -0.0080606254919349009 0.19274708687142722 0 -0.0060157977161477598 0.1927099244910534 0 -0.0039966426110560078 0.19268382520513472 0 -0.0019941979973077278 0.19266833903715719 0 2.1944716759958894e-16 0.19266320545307467 0 0.0019941979973083384 0.19266833903715716 0 0.0039966426110564467 0.19268382520513472 0 0.0060157977161481996 0.19270992449105345 0 0.0080606254919353398 0.19274708687142722 0 0.010140797142378512 0.1927959754300011 0 0.012267036309448965 0.19285750397293011 0 0.0144515535792735 0.19293289340344025 0 0.016708530542038701 0.19302375083603271 0 0.01905501660039664 0.19313219473281865 0 0.021511548155487337 0.19326101087963565 0 0.024104100970097013 0.19341393619750014 0 0.026865667803593573 0.19359602964856318 0 0.029839901288498651 0.19381432872130047 0 0.033085894577616022 0.19407887335637353 0 0.036686319817659602 0.19440447830904015 0 0.040761533598058237 0.19481395431736961 0 0.045491300566746024 0.19534387567252609 0 0.051152099205709296 0.1960556613821004 0 0.05815880629092849 0.19705438289399194 0 0.067033290692469688 0.19850775846837199 0 0.078048989643196148 0.20060818719223339 0 0.09066839446106037 0.20342459632134668 0 0.1039247511221762 0.20686538821213477 0 0.11724922450517712 0.21083552207339651 0 0.13045960120416542 0.21529452312374411 0 0.14350616845772396 0.22022816671608314 0 0.15636721845452037 0.22562860527028511 0 0.16902552820869993 0.23148864692286272 0 0.18146463300595705 0.23780067303119895 0 0.19366839727346283 0.24455649610192881 0 -0.20851586497228658 0.21883992768382776 0 -0.19537650667748063 0.21156617362263283 0 -0.18198376561700388 0.20477023994301977 0 -0.16835501438738004 0.19846094182746027 0 -0.15450797996003779 0.1926464819970882 0 -0.14046120571037243 0.18733460367514926 0 -0.12623806366562337 0.18253375607164113 0 -0.11189207778526501 0.17825925435741535 0 -0.097619430753076636 0.17455467628790078 0 -0.084032567082609325 0.1715223488976779 0 -0.072172356396083909 0.16926089210692358 0 -0.062617515145668129 0.1676960943945042 0 -0.055073643202436955 0.16662080651661451 0 -0.048978862942699077 0.16585445219656911 0 -0.043886491319461679 0.16528390474900739 0 -0.039498853799195786 0.16484303651617094 0 -0.035622404188598376 0.16449246926152136 0 -0.032127558834873463 0.16420764347588668 0 -0.028925307582394783 0.1639726086399749 0 -0.025952026938406862 0.16377655510729353 0 -0.023160717668359469 0.1636119058646727 0 -0.020515857643426137 0.16347321410776192 0 -0.017989479685059439 0.16335645642681021 0 -0.015559472981647761 0.16325863346543454 0 -0.013207481048647052 0.16317746435093827 0 -0.010918235073044609 0.16311121876038281 0 -0.0086785883516927106 0.16305858219075245 0 -0.0064769951212517163 0.16301857077950946 0 -0.004303042740900675 0.16299047060800442 0 -0.0021470819513597556 0.16297379720255262 0 2.3627094875544084e-16 0.16296827005542666 0 0.0021470819513604135 0.16297379720255256 0 0.0043030427409011486 0.16299047060800442 0 0.006476995121252189 0.16301857077950951 0 0.0086785883516931825 0.16305858219075245 0 0.01091823507304508 0.16311121876038276 0 0.013207481048647525 0.1631774643509383 0 0.015559472981648236 0.16325863346543454 0 0.017989479685059914 0.16335645642681024 0 0.020515857643426796 0.16347321410776197 0 0.023160717668359945 0.16361190586467272 0 0.025952026938407521 0.16377655510729358 0 0.028925307582395258 0.16397260863997495 0 0.032127558834874122 0.16420764347588673 0 0.035622404188599223 0.16449246926152147 0 0.039498853799196633 0.16484303651617102 0 0.043886491319462519 0.16528390474900748 0 0.048978862942700097 0.16585445219656919 0 0.055073643202437961 0.16662080651661465 0 0.062617515145669683 0.16769609439450442 0 0.072172356396085643 0.16926089210692385 0 0.084032567082611406 0.17152234889767826 0 0.097619430753078523 0.17455467628790122 0 0.11189207778526655 0.1782592543574158 0 0.12623806366562448 0.18253375607164149 0 0.14046120571037321 0.18733460367514962 0 0.15450797996003873 0.19264648199708848 0 0.16835501438738099 0.19846094182746069 0 0.1819837656170043 0.20477023994301999 0 0.19537650667748085 0.21156617362263291 0 0.20851586497228683 0.2188399276838279 0 -0.22101746842856057 0.19718651532148251 0 -0.20709033771608559 0.18947666212258599 0 -0.19289463263197021 0.1822732771059298 0 -0.17844876734965973 0.17558570396972079 0 -0.16377153166411099 0.1694226372306063 0 -0.14888258072188337 0.16379228435807291 0 -0.13380668782400693 0.15870360113591275 0 -0.11860058596787194 0.15417282095859966 0 -0.10347222000277886 0.15024613429315625 0 -0.089070753655219284 0.14703200320858523 0 -0.076499462059188436 0.14463496039882334 0 -0.066371758708249878 0.14297634497861203 0 -0.058375592664655064 0.14183658803668975 0 -0.051915398838086213 0.14102428681558965 0 -0.046517713224979711 0.14041953210066557 0 -0.041867014165509003 0.13995223153941075 0 -0.03775815137207604 0.13958064596654848 0 -0.03405377198237225 0.13927874340343885 0 -0.030659529222047552 0.13902961701474584 0 -0.027507985041228554 0.13882180905981892 0 -0.024549322358420014 0.13864728824440001 0 -0.021745889309638056 0.13850028120007557 0 -0.019068041939481663 0.13837652329289202 0 -0.016492343778941879 0.13827283533955426 0 -0.0139993377773827 0.13818679971726269 0 -0.011572839677561045 0.13811658236127844 0 -0.00919891456354964 0.13806078995733828 0 -0.0068653244438424557 0.13801837965526198 0 -0.004561032386001725 0.13798859473328837 0 -0.0022758106077983924 0.13797092167103228 0 2.5043661288833897e-16 0.13796506314287871 0 0.0022758106077990893 0.13797092167103223 0 0.0045610323860022263 0.13798859473328837 0 0.0068653244438429571 0.13801837965526201 0 0.0091989145635501396 0.13806078995733828 0 0.011572839677561545 0.13811658236127838 0 0.013999337777383204 0.13818679971726272 0 0.016492343778942382 0.13827283533955426 0 0.019068041939482167 0.13837652329289207 0 0.021745889309638756 0.13850028120007563 0 0.024549322358420517 0.13864728824440006 0 0.027507985041229251 0.13882180905981895 0 0.030659529222048055 0.13902961701474589 0 0.03405377198237295 0.1392787434034389 0 0.037758151372076935 0.13958064596654857 0 0.041867014165509898 0.13995223153941083 0 0.046517713224980599 0.14041953210066566 0 0.051915398838087295 0.14102428681558976 0 0.058375592664656133 0.14183658803668989 0 0.06637175870825153 0.14297634497861228 0 0.076499462059190282 0.14463496039882365 0 0.089070753655221491 0.14703200320858562 0 0.10347222000278086 0.15024613429315675 0 0.11860058596787357 0.15417282095860016 0 0.13380668782400812 0.15870360113591314 0 0.14888258072188421 0.1637922843580733 0 0.16377153166411199 0.16942263723060658 0 0.17844876734966073 0.17558570396972123 0 0.19289463263197065 0.18227327710593003 0 0.20709033771608581 0.18947666212258607 0 0.22101746842856082 0.19718651532148265 0 -0.23183717396114675 0.17844623561610912 0 -0.21722825345941119 0.17035895369221343 0 -0.20233761077633761 0.16280293363149395 0 -0.18718456153418311 0.15578797654425214 0 -0.17178881536491966 0.14932320257914772 0 -0.15617098961460829 0.14341722099473694 0 -0.140357070338294 0.13807942599691558 0 -0.12440656784472674 0.13332684567095385 0 -0.10853760673077367 0.12920793169542086 0 -0.093431129932112986 0.12583645579948513 0 -0.080244422395430851 0.12332206797833106 0 -0.069620926703924613 0.12158225657589224 0 -0.061233315755108077 0.12038670388814951 0 -0.054456869121085237 0.11953463721285906 0 -0.048794944806366029 0.11890027729079254 0 -0.043916575080400408 0.11841010046322294 0 -0.039606566713204283 0.11802032426268264 0 -0.035720842860266215 0.11770364233911972 0 -0.032160438088251045 0.11744232019872788 0 -0.028854612979992957 0.1172243391977715 0 -0.025751111704896464 0.11704127487741807 0 -0.022810439186837238 0.11688707123934874 0 -0.020001500278024172 0.11675725487840324 0 -0.017299711198807195 0.11664849097731181 0 -0.014684662396651199 0.1165582435607891 0 -0.012139377328984347 0.11648458877915507 0 -0.0096492389089721225 0.11642606510973676 0 -0.0072014100455651594 0.1163815786505889 0 -0.0047843135035170077 0.11635033563533717 0 -0.0023872208089892261 0.11633179740468136 0 2.6269650539953182e-16 0.11632565207770627 0 0.0023872208089899568 0.1163317974046813 0 0.0047843135035175333 0.11635033563533717 0 0.0072014100455656859 0.11638157865058896 0 0.0096492389089726481 0.11642606510973676 0 0.012139377328984872 0.11648458877915502 0 0.014684662396651726 0.11655824356078916 0 0.017299711198807723 0.11664849097731181 0 0.020001500278024699 0.1167572548784033 0 0.022810439186837971 0.11688707123934879 0 0.025751111704896995 0.11704127487741811 0 0.028854612979993689 0.11722433919777156 0 0.032160438088251572 0.11744232019872794 0 0.035720842860266951 0.11770364233911977 0 0.03960656671320522 0.11802032426268273 0 0.043916575080401345 0.11841010046322305 0 0.048794944806366959 0.11890027729079265 0 0.054456869121086368 0.11953463721285917 0 0.061233315755109201 0.12038670388814966 0 0.069620926703926334 0.1215822565758925 0 0.08024442239543278 0.12332206797833137 0 0.093431129932115303 0.12583645579948555 0 0.10853760673077578 0.12920793169542139 0 0.12440656784472845 0.13332684567095435 0 0.14035707033829528 0.138079425996916 0 0.15617098961460918 0.14341722099473736 0 0.17178881536492072 0.14932320257914802 0 0.18718456153418414 0.15578797654425261 0 0.20233761077633808 0.16280293363149423 0 0.21722825345941146 0.17035895369221354 0 0.23183717396114706 0.17844623561610928 0 -0.24140280229162062 0.16187808134140813 0 -0.22619111605805095 0.15345711723977545 0 -0.21068608375369927 0.14558933492659443 0 -0.19490781796560763 0.13828493990709922 0 -0.17887684154741881 0.13155342862832708 0 -0.16261462251925193 0.12540376556782759 0 -0.14614821912375714 0.11984573253750681 0 -0.1295395970718341 0.1148970602033821 0 -0.11301588080618022 0.1106081993658254 0 -0.097286109045930963 0.10709761598857144 0 -0.083555316447119402 0.10447948423815492 0 -0.072493494107565032 0.10266788801813702 0 -0.063759809371071827 0.1014230066896718 0 -0.056703765773391993 0.10053578364584326 0 -0.050808229813462884 0.09987524996079232 0 -0.045728577994294028 0.09936484838121841 0 -0.04124073818860418 0.098958989970035494 0 -0.03719468892478834 0.098629241714063384 0 -0.033487381444405738 0.098357137392251714 0 -0.030045157613842469 0.098130162470248819 0 -0.026813605520952195 0.097939544895086619 0 -0.023751600518249639 0.097778978797262564 0 -0.020826764468587129 0.097643806198407498 0 -0.018013499262752707 0.097530554686309431 0 -0.015290553247737882 0.097436583651052538 0 -0.012640249426881404 0.09735988986469879 0 -0.010047367610673099 0.097298951501982478 0 -0.0074985410482177441 0.097252629526438886 0 -0.0049817148262176567 0.097220097420802232 0 -0.0024857178127759912 0.097200794300627932 0 2.7353539327688042e-16 0.097194395416758561 0 0.0024857178127767527 0.097200794300627877 0 0.0049817148262182049 0.097220097420802232 0 0.0074985410482182914 0.097252629526438941 0 0.010047367610673643 0.097298951501982478 0 0.012640249426881951 0.097359889864698734 0 0.015290553247738432 0.097436583651052594 0 0.018013499262753259 0.097530554686309431 0 0.020826764468587677 0.097643806198407554 0 0.023751600518250402 0.09777897879726262 0 0.026813605520952744 0.097939544895086675 0 0.030045157613843233 0.098130162470248875 0 0.033487381444406293 0.09835713739225177 0 0.037194688924789103 0.09862924171406344 0 0.041240738188605158 0.098958989970035591 0 0.045728577994295007 0.099364848381218521 0 0.050808229813463855 0.099875249960792431 0 0.056703765773393172 0.10053578364584337 0 0.063759809371072992 0.10142300668967197 0 0.072493494107566836 0.1026678880181373 0 0.083555316447121414 0.10447948423815524 0 0.097286109045933364 0.10709761598857187 0 0.1130158808061824 0.11060819936582593 0 0.12953959707183585 0.11489706020338263 0 0.14614821912375844 0.11984573253750724 0 0.16261462251925285 0.12540376556782801 0 0.17887684154741992 0.13155342862832742 0 0.19490781796560872 0.13828493990709972 0 0.21068608375369974 0.1455893349265947 0 0.22619111605805123 0.15345711723977556 0 0.24140280229162092 0.1618780813414083 0 -0.24999999999999986 0.14698729810778055 0 -0.23424657244119965 0.13826643403568506 0 -0.2181893517325299 0.13011845248939324 0 -0.20184916674056874 0.12255392242785806 0 -0.18524727120952289 0.11558267849979431 0 -0.16840589771075784 0.10921400443913598 0 -0.15135306812553728 0.10345803042230733 0 -0.13415295498035162 0.098333118566327093 0 -0.11704077141330586 0.093891516400939179 0 -0.10075080749104856 0.09025590887699142 0 -0.086531013366388396 0.087544536302229692 0 -0.075075240862356521 0.085668422807667344 0 -0.066030519080354691 0.084379206903121451 0 -0.058723185102976139 0.083460386745063841 0 -0.052617688497341102 0.082776329146332039 0 -0.04735713251896382 0.082247750382199336 0 -0.042709465048778011 0.081827437934155922 0 -0.038519321826115553 0.081485946190023473 0 -0.034679984165999996 0.081204151282064041 0 -0.031115170711178357 0.080969092989608193 0 -0.027768531751094457 0.080771686856215497 0 -0.024597478045798635 0.080605402438325757 0 -0.021568478359488826 0.080465415870676293 0 -0.018655022944795749 0.080348131076317053 0 -0.015835103303053731 0.080250813403981824 0 -0.013090412897953501 0.080171388283782619 0 -0.010405189495828243 0.08010827969293588 0 -0.0077655903090546093 0.080060308029906435 0 -0.0051591311067296745 0.080026617342259243 0 -0.0025742429138966463 0.080006626770493861 0 2.8327694488239898e-16 0.080000000000000071 0 0.0025742429138974347 0.080006626770493805 0 0.0051591311067302418 0.080026617342259243 0 0.0077655903090551766 0.080060308029906491 0 0.010405189495828809 0.08010827969293588 0 0.013090412897954066 0.080171388283782563 0 0.0158351033030543 0.08025081340398188 0 0.018655022944796318 0.080348131076317053 0 0.021568478359489395 0.080465415870676349 0 0.024597478045799426 0.080605402438325813 0 0.027768531751095026 0.080771686856215552 0 0.031115170711179144 0.080969092989608249 0 0.034679984166000564 0.081204151282064096 0 0.038519321826116344 0.081485946190023528 0 0.042709465048779024 0.081827437934156033 0 0.047357132518964833 0.082247750382199447 0 0.052617688497342108 0.08277632914633215 0 0.05872318510297736 0.083460386745063952 0 0.066030519080355898 0.084379206903121617 0 0.075075240862358381 0.085668422807667621 0 0.086531013366390477 0.087544536302230025 0 0.10075080749105106 0.090255908876991864 0 0.11704077141330813 0.093891516400939734 0 0.13415295498035346 0.098333118566327649 0 0.15135306812553864 0.10345803042230778 0 0.16840589771075878 0.10921400443913643 0 0.18524727120952403 0.11558267849979464 0 0.20184916674056985 0.12255392242785856 0 0.2181893517325304 0.13011845248939352 0 0.23424657244119992 0.13826643403568517 0 0.25000000000000017 0.14698729810778072 0
        </DataArray>
      </Points>
      <Cells>
        <DataArray type="Int32" Name="connectivity" format="ascii">
          1 0 61 62 2 1 62 63 3 2 63 64 4 3 64 65 5 4 65 66 6 5 66 67 7 6 67 68 8 7 68 69 9 8 69 70 10 9 70 71 11 10 71 72 12 11 72 73 13 12 73 74 14 13 74 75 15 14 75 76 16 15 76 77 17 16 77 78 18 17 78 79 19 18 79 80 20 19 80 81 21 20 81 82 22 21 82 83 23 22 83 84 24 23 84 85 25 24 85 86 26 25 86 87 27 26 87 88 28 27 88 89 29 28 89 90 30 29 90 91 31 30 91 92 32 31 92 93 33 32 93 94 34 33 94 95 35 34 95 96 36 35 96 97 37 36 97 98 38 37 98 99 39 38 99 100 40 39 100 101 41 40 101 102 42 41 102 103 43 42 103 104 44 43 104 105 45 44 105 106 46 45 106 107 47 46 107 108 48 47 108 109 49 48 109 110 50 49 110 111 51 50 111 112 52 51 112 113 53 52 113 114 54 53 114 115 55 54 115 116 56 55 116 117 57 56 117 118 58 57 118 119 59 58 119 120 60 59 120 121 62 61 122 123 63 62 123 124 64 63 124 125 65 64 125 126 66 65 126 127 67 66 127 128 68 67 128 129 69 68 129 130 70 69 130 131 71 70 131 132 72 71 132 133 73 72 133 134 74 73 134 135 75 74 135 136 76 75 136 137 77 76 137 138 78 77 138 139 79 78 139 140 80 79 140 141 81 80 141 142 82 81 142 143 83 82 143 144 84 83 144 145 85 84 145 146 86 85 146 147 87 86 147 148 88 87 148 149 89 88 149 150 90 89 150 151 91 90 151 152 92 91 152 153 93 92 153 154 94 93 154 155 95 94 155 156 96 95 156 157 97 96 157 158 98 97 158 159 99 98 159 160 100 99 160 161 101 100 161 162 102 101 162 163 103 102 163 164 104 103 164 165 105 104 165 166 106 105 166 167 107 106 167 168 108 107 168 169 109 108 169 170 110 109 170 171 111 110 171 172 112 111 172 173 113 112 173 174 114 113 174 175 115 114 175 176 116 115 176 177 117 116 177 178 118 117 178 179 119 118 179 180 120 119 180 181 121 120 181 182 123 122 183 184 124 123 184 185 125 124 185 186 126 125 186 187 127 126 187 188 128 127 188 189 129 128 189 190 130 129 190 191 131 130 191 192 132 131 192 193 133 132 193 194 134 133 194 195 135 134 195 196 136 135 196 197 137 136 197 198 138 137 198 199 139 138 199 200 140 139 200 201 141 140 201 202 142 141 202 203 143 142 203 204 144 143 204 205 145 144 205 206 146 145 206 207 147 146 207 208 148 147 208 209 149 148 209 210 150 149 210 211 151 150 211 212 152 151 212 213 153 152 213 214 154 153 214 215 155 154 215 216 156 155 216 217 157 156 217 218 158 157 218 219 159 158 219 220 160 159 220 221 161 160 221 222 162 161 222 223 163 162 223 224 164 163 224 225 165 164 225 226 166 165 226 227 167 166 227 228 168 167 228 229 169 168 229 230 170 169 230 231 171 170 231 232 172 171 232 233 173 172 233 234 174 173 234 235 175 174 235 236 176 175 236 237 177 176 237 238 178 177 238 239 179 178 239 240 180 179 240 241 181 180 241 242 182 181 242 243 184 183 244 245 185 184 245 246 186 185 246 247 187 186 247 248 188 187 248 249 189 188 249 250 190 189 250 251 191 190 251 252 192 191 252 253 193 192 253 254 194 193 254 255 195 194 255 256 196 195 256 257 197 196 257 258 198 197 258 259 199 198 259 260 200 199 260 261 201 200 261 262 202 201 262 263 203 202 263 264 204 203 264 265 205 204 265 266 206 205 266 267 207 206 267 268 208 207 268 269 209 208 269 270 210 209 270 271 211 210 271 272 212 211 272 273 213 212 273 274 214 213 274 275 215 214 275 276 216 215 276 277 217 216 277 278 218 217 278 279 219 218 279 280 220 219 280 281 221 220 281 282 222 221 282 283 223 222 283 284 224 223 284 285 225 224 285 286 226 225 286 287 227 226 287 288 228 227 288 289 229 228 289 290 230 229 290 291 231 230 291 292 232 231 292 293 233 232 293 294 234 233 294 295 235 234 295 296 236 235 296 297 237 236 297 298 238 237 298 299 239 238 299 300 240 239 300 301 241 240 301 302 242 241 302 303 243 242 303 304 245 244 305 306 246 245 306 307 247 246 307 308 248 247 308 309 249 248 309 310 250 249 310 311 251 250 311 312 252 251 312 313 253 252 313 314 254 253 314 315 255 254 315 316 256 255 316 317 257 256 317 318 258 257 318 319 259 258 319 320 260 259 320 321 261 260 321 322 262 261 322 323 263 262 323 324 264 263 324 325 265 264 325 326 266 265 326 327 267 266 327 328 268 267 328 329 269 268 329 330 270 269 330 331 271 270 331 332 272 271 332 333 273 272 333 334 274 273 334 335 275 274 335 336 276 275 336 337 277 276 337 338 278 277 338 339 279 278 339 340 280 279 340 341 281 280 341 342 282 281 342 343 283 282 343 344 284 283 344 345 285 284 345 346 286 285 346 347 287 286 347 348 288 287 348 349 289 288 349 350 290 289 350 351 291 290 351 352 292 291 352 353 293 292 353 354 294 293 354 355 295 294 355 356 296 295 356 357 297 296 357 358 298 297 358 359 299 298 359 360 300 299 360 361 301 300 361 362 302 301 362 363 303 302 363 364 304 303 364 365 306 305 366 367 307 306 367 368 308 307 368 369 309 308 369 370 310 309 370 371 311 310 371 372 312 311 372 373 313 312 373 374 314 313 374 375 315 314 375 376 316 315 376 377 317 316 377 378 318 317 378 379 319 318 379 380 320 319 380 381 321 320 381 382 322 321 382 383 323 322 383 384 324 323 384 385 325 324 385 386 326 325 386 387 327 326 387 388 328 327 388 389 329 328 389 390 330 329 390 391 331 330 391 392 332 331 392 393 333 332 393 394 334 333 394 395 335 334 395 396 336 335 396 397 337 336 397 398 338 337 398 399 339 338 399 400 340 339 400 401 341 340 401 402 342 341 402 403 343 342 403 404 344 343 404 405 345 344 405 406 346 345 406 407 347 346 407 408 348 347 408 409 349 348 409 410 350 349 410 411 351 350 411 412 352 351 412 413 353 352 413 414 354 353 414 415 355 354 415 416 356 355 416 417 357 356 417 418 358 357 418 419 359 358 419 420 360 359 420 421 361 360 421 422 362 361 422 423 363 362 423 424 364 363 424 425 365 364 425 426 367 366 427 428 368 367 428 429 369 368 429 430 370 369 430 431 371 370 431 432 372 371 432 433 373 372 433 434 374 373 434 435 375 374 435 436 376 375 436 437 377 376 437 438 378 377 438 439 379 378 439 440 380 379 440 441 381 380 441 442 382 381 442 443 383 382 443 444 384 383 444 445 385 384 445 446 386 385 446 447 387 386 447 448 388 387 448 449 389 388 449 450 390 389 450 451 391 390 451 452 392 391 452 453 393 392 453 454 394 393 454 455 395 394 455 456 396 395 456 457 397 396 457 458 398 397 458 459 399 398 459 460 400 399 460 461 401 400 461 462 402 401 462 463 403 402 463 464 404 403 464 465 405 404 465 466 406 405 466 467 407 406 467 468 408 407 468 469 409 408 469 470 410 409 470 471 411 410 471 472 412 411 472 473 413 412 473 474 414 413 474 475 415 414 475 476 416 415 476 477 417 416 477 478 418 417 478 479 419 418 479 480 420 419 480 481 421 420 481 482 422 421 482 483 423 422 483 484 424 423 484 485 425 424 485 486 426 425 486 487 428 427 488 489 429 428 489 490 430 429 490 491 431 430 491 492 432 431 492 493 433 432 493 494 434 433 494 495 435 434 495 496 436 435 496 497 437 436 497 498 438 437 498 499 439 438 499 500 440 439 500 501 441 440 501 502 442 441 502 503 443 442 503 504 444 443 504 505 445 444 505 506 446 445 506 507 447 446 507 508 448 447 508 509 449 448 509 510 450 449 510 511 451 450 511 512 452 451 512 513 453 452 513 514 454 453 514 515 455 454 515 516 456 455 516 517 457 456 517 518 458 457 518 519 459 458 519 520 460 459 520 521 461 460 521 522 462 461 522 523 463 462 523 524 464 463 524 525 465 464 525 526 466 465 526 527 467 466 527 528 468 467 528 529 469 468 529 530 470 469 530 531 471 470 531 532 472 471 532 533 473 472 533 534 474 473 534 535 475 474 535 536 476 475 536 537 477 476 537 538 478 477 538 539 479 478 539 540 480 479 540 541 481 480 541 542 482 481 542 543 483 482 543 544 484 483 544 545 485 484 545 546 486 485 546 547 487 486 547 548
        </DataArray>
        <DataArray type="Int32" Name="offsets" format="ascii">
          4 8 12 16 20 24 28 32 36 40 44 48 52 56 60 64 68 72 76 80 84 88 92 96 100 104 108 112 116 120 124 128 132 136 140 144 148 152 156 160 164 168 172 176 180 184 188 192 196 200 204 208 212 216 220 224 228 232 236 240 244 248 252 256 260 264 268 272 276 280 284 288 292 296 300 304 308 312 316 320 324 328 332 336 340 344 348 352 356 360 364 368 372 376 380 384 388 392 396 400 404 408 412 416 420 424 428 432 436 440 444 448 452 456 460 464 468 472 476 480 484 488 492 496 500 504 508 512 516 520 524 528 532 536 540 544 548 552 556 560 564 568 572 576 580 584 588 592 596 600 604 608 612 616 620 624 628 632 636 640 644 648 652 656 660 664 668 672 676 680 684 688 692 696 700 704 708 712 716 720 724 728 732 736 740 744 748 752 756 760 764 768 772 776 780 784 788 792 796 800 804 808 812 816 820 824 828 832 836 840 844 848 852 856 860 864 868 872 876 880 884 888 892 896 900 904 908 912 916 920 924 928 932 936 940 944 948 952 956 960 964 968 972 976 980 984 988 992 996 1000 1004 1008 1012 1016 1020 1024 1028 1032 1036 1040 1044 1048 1052 1056 1060 1064 1068 1072 1076 1080 1084 1088 1092 1096 1100 1104 1108 1112 1116 1120 1124 1128 1132 1136 1140 1144 1148 1152 1156 1160 1164 1168 1172 1176 1180 1184 1188 1192 1196 1200 1204 1208 1212 1216 1220 1224 1228 1232 1236 1240 1244 1248 1252 1256 1260 1264 1268 1272 1276 1280 1284 1288 1292 1296 1300 1304 1308 1312 1316 1320 1324 1328 1332 1336 1340 1344 1348 1352 1356 1360 1364 1368 1372 1376 1380 1384 1388 1392 1396 1400 1404 1408 1412 1416 1420 1424 1428 1432 1436 1440 1444 1448 1452 1456 1460 1464 1468 1472 1476 1480 1484 1488 1492 1496 1500 1504 1508 1512 1516 1520 1524 1528 1532 1536 1540 1544 1548 1552 1556 1560 1564 1568 1572 1576 1580 1584 1588 1592 1596 1600 1604 1608 1612 1616 1620 1624 1628 1632 1636 1640 1644 1648 1652 1656 1660 1664 1668 1672 1676 1680 1684 1688 1692 1696 1700 1704 1708 1712 1716 1720 1724 1728 1732 1736 1740 1744 1748 1752 1756 1760 1764 1768 1772 1776 1780 1784 1788 1792 1796 1800 1804 1808 1812 1816 1820 1824 1828 1832 1836 1840 1844 1848 1852 1856 1860 1864 1868 1872 1876 1880 1884 1888 1892 1896 1900 1904 1908 1912 1916 1920
        </DataArray>
        <DataArray type="UInt8" Name="types" format="ascii">
          9 9 9 9 9 9 9 9 9 9 9 9 9 9 9 9 9 9 9 9 9 9 9 9 9 9 9 9 9 9 9 9 9 9 9 9 9 9 9 9 9 9 9 9 9 9 9 9 9 9 9 9 9 9 9 9 9 9 9 9 9 9 9 9 9 9 9 9 9 9 9 9 9 9 9 9 9 9 9 9 9 9 9 9 9 9 9 9 9 9 9 9 9 9 9 9 9 9 9 9 9 9 9 9 9 9 9 9 9 9 9 9 9 9 9 9 9 9 9 9 9 9 9 9 9 9 9 9 9 9 9 9 9 9 9 9 9 9 9 9 9 9 9 9 9 9 9 9 9 9 9 9 9 9 9 9 9 9 9 9 9 9 9 9 9 9 9 9 9 9 9 9 9 9 9 9 9 9 9 9 9 9 9 9 9 9 9 9 9 9 9 9 9 9 9 9 9 9 9 9 9 9 9 9 9 9 9 9 9 9 9 9 9 9 9 9 9 9 9 9 9 9 9 9 9 9 9 9 9 9 9 9 9 9 9 9 9 9 9 9 9 9 9 9 9 9 9 9 9 9 9 9 9 9 9 9 9 9 9 9 9 9 9 9 9 9 9 9 9 9 9 9 9 9 9 9 9 9 9 9 9 9 9 9 9 9 9 9 9 9 9 9 9 9 9 9 9 9 9 9 9 9 9 9 9 9 9 9 9 9 9 9 9 9 9 9 9 9 9 9 9 9 9 9 9 9 9 9 9 9 9 9 9 9 9 9 9 9 9 9 9 9 9 9 9 9 9 9 9 9 9 9 9 9 9 9 9 9 9 9 9 9 9 9 9 9 9 9 9 9 9 9 9 9 9 9 9 9 9 9 9 9 9 9 9 9 9 9 9 9 9 9 9 9 9 9 9 9 9 9 9 9 9 9 9 9 9 9 9 9 9 9 9 9 9 9 9 9 9 9 9 9 9 9 9 9 9 9 9 9 9 9 9 9 9 9 9 9 9 9 9 9 9 9 9 9 9 9 9 9 9 9 9 9 9 9 9 9 9 9 9 9 9 9 9 9 9 9 9 9 9 9 9 9 9 9 9 9 9 9
        </DataArray>
      </Cells>
    </Piece>
  </UnstructuredGrid>
</VTKFile>
