contour,relative_angle_deg,radius_мм,sigma_rr_mpa,sigma_tt_mpa,tau_rt_mpa
inner,-30.000000000000068,249.99999999999994,0.3314722764569649,0.19943571914121763,0.15407082938524125
inner,-29.850000000000026,249.99999999999997,0.25668292058480835,0.17357303069381239,0.13085792392971474
inner,-29.700000000000088,249.99999999999997,0.16153593204308098,0.14210255524311854,0.0956879903729764
inner,-29.550000000000043,249.99999999999997,0.13063516741118833,0.13072529369277844,0.07670738192927953
inner,-29.400000000000105,249.99999999999997,0.11278514656031424,0.12136997799879484,0.06561553897738406
inner,-29.250000000000064,249.99999999999994,0.1010387864368443,0.11391595428954399,0.05816038670046739
inner,-29.100000000000122,249.99999999999994,0.09232167969232041,0.10766871221544848,0.05265565507200194
inner,-28.95000000000008,249.99999999999997,0.08543956889470286,0.10233797401253657,0.048317925155888106
inner,-28.800000000000143,249.99999999999994,0.07975987979678358,0.0976947190641394,0.04474922345685026
inner,-28.6500000000001,249.99999999999997,0.07492815271734156,0.0935803338146257,0.04172293601561176
inner,-28.50000000000006,249.99999999999997,0.07072354077028091,0.0898777218236501,0.039098849413096326
inner,-28.35000000000012,249.99999999999997,0.06700034573592063,0.08650019808644006,0.03678414099145788
inner,-28.200000000000077,249.99999999999994,0.06365717845414,0.08338238772448069,0.03471417124573785
inner,-28.05000000000014,249.99999999999997,0.060620578811240944,0.08047435397500285,0.032842082193334204
inner,-27.900000000000098,249.99999999999994,0.05783546059723235,0.07773744576351539,0.031132783704078387
inner,-27.750000000000156,249.99999999999997,0.05525930672143041,0.07514139605327248,0.029559271231068607
inner,-27.600000000000115,249.99999999999997,0.052858469441904976,0.07266224835640263,0.0281002703812503
inner,-27.450000000000177,249.99999999999997,0.050605728262182875,0.07028085810471775,0.02673867453547974
inner,-27.300000000000132,249.99999999999997,0.04847862582274194,0.06798179373203744,0.025460476940974214
inner,-27.150000000000194,249.99999999999997,0.046458303126685634,0.06575252063662063,0.024254021730063163
inner,-27.000000000000153,249.99999999999994,0.04452866472298819,0.0635827878251292,0.023109466695734
inner,-26.85000000000021,249.99999999999997,0.04267576774428147,0.06146416175580788,0.02201839021740272
inner,-26.70000000000017,249.99999999999994,0.0408873663201856,0.059389668412894406,0.020973498495007195
inner,-26.55000000000023,249.99999999999997,0.0391525660489407,0.05735351589756821,0.01996840396436734
inner,-26.40000000000019,249.99999999999994,0.03746155786523264,0.05535087757886156,0.018997455127228245
inner,-26.25000000000025,249.99999999999994,0.03580541013696145,0.053377721268909044,0.018055604117689743
inner,-26.100000000000207,249.99999999999997,0.03417590409835786,0.05143067370067918,0.017138302376630093
inner,-25.950000000000166,249.99999999999994,0.032565401984488665,0.04950691232644261,0.01624141754829999
inner,-25.800000000000228,249.99999999999994,0.03096674015959581,0.047604078439773274,0.01536116660325131
inner,-25.650000000000187,249.99999999999994,0.029373141564354707,0.045720207063775185,0.014494061512447582
inner,-25.500000000000245,249.99999999999994,0.027778143257739852,0.04385367011284495,0.013636864738900165
inner,-25.350000000000204,249.99999999999994,0.026175535887296993,0.04200313014842378,0.012786552486014591
inner,-25.200000000000266,249.99999999999997,0.024559312654816805,0.0401675026229592,0.011940284135331332
inner,-25.050000000000225,249.99999999999997,0.022923625922278867,0.03834592497480654,0.011095376669776778
inner,-24.900000000000283,249.99999999999997,0.02126275002483529,0.03653773129220356,0.010249283147245073
inner,-24.75000000000024,249.99999999999994,0.019571049151370486,0.03474243150928244,0.009399574493369513
inner,-24.600000000000303,249.99999999999994,0.017842949406063024,0.03295969431820144,0.008543924035794952
inner,-24.45000000000026,249.99999999999997,0.016072914350500955,0.031189333146491752,0.007680094322478164
inner,-24.30000000000032,249.99999999999997,0.014255423456141341,0.029431294663580077,0.006805925856749912
inner,-24.15000000000028,249.99999999999994,0.012384953014912152,0.02768564938744145,0.005919327453315046
inner,-24.000000000000288,249.99999999999997,0.0104559591477749,0.025952584045841498,0.005018267975806621
inner,-23.850000000000296,249.99999999999994,0.008462862606960983,0.024232395396210166,0.004100769261278174
inner,-23.70000000000031,249.99999999999997,0.006400035132954617,0.02252548527116393,0.0031649000702366516
inner,-23.550000000000317,249.99999999999997,0.004261787174243867,0.020832356655532795,0.0022087709324227094
inner,-23.400000000000276,249.99999999999997,0.002042356805304856,0.01915361062123932,0.001230529781173298
inner,-23.250000000000334,249.99999999999997,-0.0002641002826301196,0.01748994399067167,0.00022835828393543995
inner,-23.100000000000293,249.99999999999997,-0.002663519824707376,0.01584214760770413,-0.0007995312030828448
inner,-22.950000000000355,249.99999999999997,-0.005161937142682155,0.014211105111797129,-0.0018548981172444587
inner,-22.800000000000313,250.0,-0.007765494485967299,0.012597792133703498,-0.0029394756610040687
inner,-22.65000000000037,249.99999999999997,-0.010480447606685017,0.011003275831725808,-0.004054972303307199
inner,-22.50000000000033,249.99999999999997,-0.013313171601631375,0.009428714705003303,-0.005203072846518586
inner,-22.35000000000034,249.99999999999997,-0.016270166052760115,0.007875358617627334,-0.006385439087166161
inner,-22.20000000000035,249.99999999999997,-0.019358059479932826,0.006344548977114238,-0.007603710092253066
inner,-22.05000000000036,249.99999999999997,-0.022583613103880358,0.004837719025128974,-0.008859502111012132
inner,-21.900000000000368,250.0,-0.025953723930846443,0.003356394178401086,-0.010154408137222775
inner,-21.750000000000377,249.99999999999997,-0.029475427143749663,0.0019021923759813195,-0.011489997131690582
inner,-21.600000000000385,249.99999999999994,-0.03315589777790716,0.00047682439252262447,-0.012867812914208594
inner,-21.450000000000447,249.99999999999997,-0.0370024516656297,-0.000917905934550219,-0.014289372731569874
inner,-21.300000000000406,250.0,-0.04102254561890698,-0.002280101607634829,-0.015756165505436535
inner,-21.150000000000464,250.0,-0.04522377681549292,-0.003607772547973262,-0.01726964976193529
inner,-21.000000000000423,249.99999999999997,-0.049613881344811726,-0.0048988358950299744,-0.018831251243890502
inner,-20.850000000000485,249.99999999999997,-0.054200731872682206,-0.006151116577349243,-0.020442360205916076
inner,-20.70000000000039,250.0,-0.05899233437471609,-0.0073623482034598465,-0.022104328390904763
inner,-20.550000000000402,250.00000000000003,-0.0639968238816029,-0.008530174320182009,-0.023818465686511137
inner,-20.40000000000046,250.0,-0.06922245918117544,-0.009652150093000982,-0.02558603645938143
inner,-20.25000000000042,250.00000000000003,-0.07467761641383178,-0.010725744459271424,-0.02740825556488663
inner,-20.100000000000428,250.00000000000003,-0.08037078149687454,-0.011748342808416365,-0.029286284031199438
inner,-19.95000000000044,249.99999999999997,-0.08631054131173697,-0.012717250244703026,-0.031221224416257926
inner,-19.800000000000498,250.0,-0.09250557358273398,-0.013629695485640773,-0.03321411583684283
inner,-19.650000000000457,250.0,-0.09896463537931566,-0.014482835453587323,-0.03526592867100619
inner,-19.500000000000465,250.00000000000003,-0.10569655016890675,-0.015273760615038665,-0.03737755893530986
inner,-19.350000000000477,250.0,-0.11271019334755346,-0.01599950112278087,-0.0395498223402488
inner,-19.200000000000486,250.00000000000003,-0.1200144761761475,-0.016657033811812032,-0.041783448029178744
inner,-19.050000000000495,250.00000000000006,-0.12761832805048465,-0.017243290098381506,-0.04407907200735663
inner,-18.900000000000503,250.00000000000003,-0.13553067704494506,-0.017755164831506895,-0.04643723027306344
inner,-18.75000000000051,250.0,-0.14376042867033595,-0.018189526111899217,-0.04885835167103013
inner,-18.600000000000524,250.00000000000003,-0.15231644283156168,-0.018543226083944923,-0.051342750500653796
inner,-18.450000000000532,250.00000000000003,-0.16120750903566633,-0.018813112593862782,-0.05389061896253273
inner,-18.30000000000054,250.00000000000003,-0.17044232008149193,-0.01899604148146172,-0.05650201959036877
inner,-18.1500000000005,250.0,-0.18002944468808937,-0.019088889026915454,-0.05917687792919001
inner,-18.000000000000508,250.00000000000003,-0.1899772999036552,-0.0190885638552332,-0.06191497584001321
inner,-17.850000000000517,250.00000000000003,-0.20029412435829708,-0.018992017403517646,-0.06471594585780666
inner,-17.70000000000053,249.99999999999997,-0.2109879534998867,-0.018796253183856422,-0.0675792666221953
inner,-17.550000000000587,250.00000000000003,-0.22206659654467922,-0.01849833590766558,-0.07050425894144399
inner,-17.400000000000546,250.00000000000003,-0.23353761359102637,-0.018095402281361583,-0.07349008168047405
inner,-17.250000000000554,250.00000000000003,-0.24540829054894733,-0.01758467478165514,-0.0765357268570187
inner,-17.100000000000566,250.00000000000006,-0.2576856100040527,-0.016963477037130054,-0.07964001423508947
inner,-16.950000000000575,250.00000000000006,-0.2703762193149784,-0.016229251353400347,-0.08280158544394228
inner,-16.800000000000583,250.00000000000003,-0.2834863959925686,-0.015379576773656447,-0.08601889826616278
inner,-16.650000000000592,250.0,-0.29702201207898493,-0.014412185608277906,-0.08929022186858795
inner,-16.5000000000006,250.00000000000003,-0.31098850012412993,-0.013324981244129383,-0.09261363234448192
inner,-16.350000000000612,250.00000000000003,-0.32539081820612703,-0.012116054902730777,-0.09598700908289233
inner,-16.20000000000062,250.00000000000006,-0.3402334161058234,-0.010783702416526127,-0.09940803181790843
inner,-16.05000000000063,250.0,-0.35552020193168776,-0.009326439669949473,-0.10287417870516453
inner,-15.90000000000064,250.00000000000006,-0.37125451038721174,-0.007743018178795237,-0.10638272499637916
inner,-15.7500000000007,250.00000000000003,-0.38743907138910616,-0.006032440848900525,-0.10993074224861088
inner,-15.600000000000659,250.00000000000006,-0.40407597902079,-0.004193976074686278,-0.11351509865511095
inner,-15.450000000000667,250.00000000000006,-0.4211666627153035,-0.0022271700729325377,-0.11713246056360936
inner,-15.300000000000626,250.00000000000006,-0.4387118610328976,-0.0001318604295006032,-0.12077929428108082
inner,-15.150000000000635,250.00000000000009,-0.45671159507427317,0.00209181296979632,-0.12445186919176354
inner,-15.000000000000645,250.00000000000003,-0.4751651451132267,0.00444339864188361,-0.12814626195656215
inner,-14.850000000000653,250.00000000000006,-0.4940710299828232,0.006922123256595688,-0.13185836104808205
inner,-14.700000000000664,250.00000000000006,-0.5134269865632671,0.009526885568985184,-0.13558387296045776
inner,-14.550000000000672,250.00000000000003,-0.5332299543952418,0.012256250461519024,-0.13931832907510244
inner,-14.400000000000631,250.00000000000003,-0.5534760618180082,0.015108444891756476,-0.14305709348535509
inner,-14.25000000000064,250.00000000000003,-0.5741606149452668,0.01808135549263413,-0.14679537170946305
inner,-14.10000000000065,250.00000000000006,-0.5952780896661588,0.02117252728966454,-0.1505282201674657
inner,-13.95000000000071,250.0,-0.6168221262535861,0.02437916660882309,-0.15425055721908995
inner,-13.800000000000669,250.00000000000006,-0.6387855293268001,0.02769814348711472,-0.15795717430674627
inner,-13.650000000000627,250.00000000000009,-0.6611602686749123,0.031125995198482033,-0.1616427476340896
inner,-13.500000000000636,250.00000000000006,-0.6839374825961397,0.034658935242999796,-0.16530185161132294
inner,-13.350000000000646,250.00000000000003,-0.7071074881227003,0.03829286057593846,-0.1689289719563094
inner,-13.200000000000655,250.00000000000003,-0.7306597910836063,0.04202336243765745,-0.1725185198420067
inner,-13.050000000000614,250.00000000000003,-0.7545831009015534,0.04584573924103378,-0.1760648466250663
inner,-12.900000000000622,249.99999999999997,-0.7788653488896521,0.04975500883883045,-0.1795622583572871
inner,-12.750000000000632,250.00000000000003,-0.8034937075255479,0.05374592591451404,-0.18300503167031154
inner,-12.600000000000641,250.00000000000006,-0.8284546159899335,0.05781299853652992,-0.18638742918096218
inner,-12.450000000000651,250.00000000000003,-0.8537338060621058,0.06195050500290654,-0.18970371475264286
inner,-12.300000000000608,250.00000000000003,-0.8793163298838556,0.06615251599364425,-0.1929481700890159
inner,-12.150000000000619,250.0,-0.9051865942896584,0.07041291503547983,-0.19611511041482038
inner,-12.000000000000627,250.00000000000003,-0.9313283942612105,0.0747254193609542,-0.1991988998383235
inner,-11.850000000000637,250.00000000000003,-0.9577249478508488,0.07908360364282115,-0.20219396718635968
inner,-11.700000000000596,250.00000000000006,-0.9843589353648572,0.08348092368511778,-0.20509482138001298
inner,-11.550000000000605,250.00000000000003,-1.0112125396155225,0.08791074135136416,-0.20789606663405197
inner,-11.400000000000613,250.00000000000003,-1.0382674880229241,0.09236634906259272,-0.21059241694221112
inner,-11.250000000000675,250.00000000000003,-1.0655050949704414,0.09684099462189977,-0.21317871011089257
inner,-11.100000000000632,250.00000000000003,-1.0929063053790866,0.10132790685165995,-0.21564992147645826
inner,-10.95000000000059,250.00000000000006,-1.1204517398788103,0.1058203208964476,-0.21800117690491197
inner,-10.80000000000065,249.99999999999997,-1.1481217401909436,0.11031150343116866,-0.2202277651417761
inner,-10.65000000000061,250.00000000000003,-1.1758964148824493,0.11479477754590528,-0.22232514944526288
inner,-10.50000000000067,250.00000000000003,-1.203755685228487,0.11926354718382524,-0.22428897846116153
inner,-10.350000000000628,249.99999999999997,-1.2316793309653442,0.12371132097656504,-0.22611509629876608
inner,-10.200000000000587,250.0,-1.259647035696162,0.12813173535153227,-0.22779955177495717
inner,-10.050000000000596,250.00000000000003,-1.2876384317368712,0.13251857677480863,-0.2293386067987597
inner,-9.900000000000606,250.00000000000003,-1.3156331441906306,0.13686580300997936,-0.23072874387584885
inner,-9.750000000000563,250.00000000000003,-1.3436108340455235,0.14116756328606211,-0.23196667271881644
inner,-9.600000000000573,250.0,-1.3715512401151053,0.14541821726158935,-0.23304933595419813
inner,-9.450000000000582,250.00000000000006,-1.3994342196363116,0.14961235269898962,-0.23397391392381572
inner,-9.300000000000592,249.99999999999997,-1.4272397873604492,0.1537448017678464,-0.23473782858446385
inner,-9.1500000000006,249.99999999999997,-1.4549481529938166,0.15781065590034207,-0.23533874651564426
inner,-9.00000000000056,249.99999999999997,-1.4825397568446579,0.16180527914526754,-0.2357745810492748
inner,-8.85000000000062,249.99999999999997,-1.5099953035490197,0.16572431995771567,-0.2360434935349746
inner,-8.700000000000578,249.99999999999997,-1.5372957937523657,0.1695637213142444,-0.23614389375666328
inner,-8.550000000000587,250.0,-1.564422553772805,0.17331972964076453,-0.23607443968810773
inner,-8.400000000000597,249.99999999999997,-1.591357263453873,0.1769889017552998,-0.2358340363058017
inner,-8.250000000000556,249.99999999999994,-1.61808198115887,0.18056810992065356,-0.2354218336194394
inner,-8.100000000000616,249.99999999999994,-1.644579166385479,0.18405454572017171,-0.23483722418306674
inner,-7.950000000000574,250.0,-1.6708317006400728,0.18744572219366268,-0.23407983986887596
inner,-7.800000000000634,249.99999999999994,-1.6968229057773194,0.19073947440588399,-0.23314954803836246
inner,-7.650000000000593,249.99999999999994,-1.7225365600194846,0.19393395842321098,-0.23204644714577566
inner,-7.500000000000552,249.99999999999997,-1.7479569118572504,0.1970276492252645,-0.23077086196853688
inner,-7.350000000000612,249.99999999999994,-1.773068692017378,0.20001933683151257,-0.2293233381801507
inner,-7.2000000000005695,249.99999999999997,-1.797857122540757,0.20290812080717138,-0.22770463648130237
inner,-7.050000000000528,250.0,-1.822307923690374,0.2056934039275303,-0.22591572654880926
inner,-6.900000000000588,249.99999999999997,-1.8464073193082537,0.20837488441229352,-0.22395778054101548
inner,-6.750000000000547,249.99999999999997,-1.8701420400450806,0.21095254736956495,-0.2218321664837273
inner,-6.6000000000005565,250.0,-1.8934993250644139,0.21342665508335928,-0.21954044132295905
inner,-6.450000000000566,249.99999999999997,-1.9164669214655983,0.21579773599537255,-0.21708434370632515
inner,-6.300000000000524,249.99999999999997,-1.9390330817333734,0.21806657308853616,-0.2144657867874751
inner,-6.150000000000533,249.99999999999997,-1.9611865600155398,0.22023419144683684,-0.2116868508851995
inner,-6.000000000000543,249.99999999999997,-1.9829166070334991,0.22230184550170334,-0.20874977622524604
inner,-5.850000000000552,249.99999999999997,-2.004212963885441,0.22427100543956116,-0.2056569554964823
inner,-5.700000000000511,250.0,-2.0250658539333455,0.22614334282108453,-0.2024109263957918
inner,-5.55000000000052,249.99999999999994,-2.04546597346896,0.22792071609853393,-0.19901436439442832
inner,-5.400000000000529,249.99999999999994,-2.065404481992032,0.22960515599393733,-0.19547007559080526
inner,-5.250000000000538,249.99999999999997,-2.0848729916302533,0.23119885058056447,-0.19178098960054576
inner,-5.100000000000497,250.0,-2.103863555373761,0.23270412994013265,-0.18795015251955494
inner,-4.950000000000506,249.99999999999997,-2.122368654422461,0.23412345087169525,-0.18398072015871425
inner,-4.800000000000516,249.99999999999997,-2.1403811854131853,0.23545938183683962,-0.1798759515037704
inner,-4.650000000000525,249.99999999999997,-2.157894447352916,0.2367145879124155,-0.17563920228486107
inner,-4.500000000000535,249.99999999999997,-2.174902127802084,0.23789181565645212,-0.1712739187079414
inner,-4.350000000000493,250.0,-2.191398288617509,0.23899387823713794,-0.16678363149771627
inner,-4.200000000000502,249.99999999999997,-2.207377351915307,0.24002364104888035,-0.16217195022498954
inner,-4.050000000000511,250.0,-2.222834086080312,0.24098400752728927,-0.1574425577641095
inner,-3.900000000000521,250.0,-2.2377635913264893,0.24187790508910414,-0.15259920496993007
inner,-3.750000000000479,249.99999999999997,-2.252161285298282,0.2427082716256627,-0.14764570572214236
inner,-3.6000000000004886,250.0,-2.266022889193152,0.24347804250644553,-0.14258593217931356
inner,-3.450000000000498,250.00000000000003,-2.2793444139656946,0.2441901379136403,-0.13742381022278818
inner,-3.300000000000507,250.00000000000003,-2.292122146522644,0.2448474505409876,-0.13216331515762475
inner,-3.1500000000005164,250.00000000000006,-2.304352636343598,0.24545283395011422,-0.12680846773863882
inner,-3.0000000000004747,250.00000000000003,-2.316032682671942,0.2460090914242108,-0.12136333035897251
inner,-2.850000000000484,250.00000000000006,-2.3271593218596633,0.2465189652159854,-0.11583200345305038
inner,-2.7000000000004936,250.0,-2.337729815082089,0.24698512636765443,-0.11021862217859081
inner,-2.550000000000503,250.00000000000003,-2.347741636710486,0.24741016513598635,-0.10452735331198686
inner,-2.4000000000004613,250.0,-2.3571924631584382,0.24779658190115292,-0.0987623923112959
inner,-2.2500000000004707,250.00000000000003,-2.366080162081113,0.24814677855256145,-0.09292796058776034
inner,-2.10000000000048,250.00000000000006,-2.374402782198613,0.24846305049068518,-0.08702830301348263
inner,-1.9500000000004893,250.00000000000006,-2.382158543780392,0.24874757916646098,-0.08106768556126473
inner,-1.8000000000004988,250.00000000000006,-2.3893458295605865,0.24900242508182097,-0.07505039311193329
inner,-1.650000000000457,250.00000000000006,-2.395963176253703,0.24922952134383966,-0.06898072745543513
inner,-1.5000000000004665,250.00000000000006,-2.402009266751999,0.24943066776668696,-0.06286300541879782
inner,-1.3500000000004757,250.00000000000006,-2.4074829228819135,0.2496075254477779,-0.056701557122916926
inner,-1.2000000000004851,250.00000000000006,-2.4123830987419908,0.24976161184444512,-0.05050072437741265
inner,-1.0500000000004945,250.00000000000003,-2.41670887470315,0.24989429637047794,-0.04426485919254637
inner,-0.9000000000004529,250.00000000000003,-2.420459452043572,0.2500067964688014,-0.03799832238204999
inner,-0.7500000000004622,250.0,-2.423634148169933,0.2501001741560233,-0.03170548226107636
inner,-0.6000000000004716,250.00000000000006,-2.4262323924896907,0.2501753330515832,-0.025390713431646103
inner,-0.4500000000004809,250.00000000000003,-2.428253722930894,0.2502330158769767,-0.019058395627808384
inner,-0.30000000000043936,249.99999999999997,-2.429697783070863,0.2502738024134292,-0.012712912619624752
inner,-0.15000000000044866,249.99999999999994,-2.430564319908561,0.2502981079180642,-0.006358651166297184
inner,-4.579998741307465e-13,249.99999999999997,-2.430853182281929,0.25030618199424104,-4.0624735262755375e-14
inner,0.14999999999958355,249.99999999999997,-2.430564319909805,0.25029810791832363,0.00635865116620865
inner,0.2999999999995233,250.0,-2.429697783072629,0.250273802414132,0.012712912619606425
inner,0.4499999999995649,250.0,-2.428253722933838,0.2502330158766991,0.01905839562776302
inner,0.5999999999995556,250.00000000000006,-2.426232392492088,0.25017533305155537,0.02539071343158365
inner,0.7499999999995463,250.00000000000003,-2.4236341481709194,0.25010017415665464,0.031705482261036304
inner,0.899999999999537,250.00000000000006,-2.420459452044751,0.2500067964690585,0.03799832238190264
inner,1.0499999999995784,250.00000000000003,-2.4167088747044305,0.24989429637112473,0.04426485919233618
inner,1.1999999999995692,250.00000000000003,-2.4123830987446144,0.24976161184414405,0.05050072437726188
inner,1.3499999999995598,250.00000000000009,-2.407482922885329,0.24960752544685244,0.05670155712286641
inner,1.4999999999995506,250.00000000000006,-2.4020092667553894,0.24943066776593484,0.06286300541880861
inner,1.6499999999995412,250.00000000000009,-2.395963176257729,0.24922952134262014,0.06898072745549644
inner,1.7999999999995826,250.00000000000006,-2.3893458295639336,0.24900242508123024,0.0750503931119877
inner,1.9499999999995734,250.00000000000003,-2.3821585437827246,0.248747579166855,0.08106768556129239
inner,2.099999999999564,250.00000000000006,-2.374402782201906,0.24846305049053144,0.08702830301350145
inner,2.2499999999995546,250.00000000000003,-2.366080162085245,0.24814677855222997,0.09292796058782211
inner,2.3999999999995962,250.00000000000006,-2.357192463162178,0.24779658190136777,0.09876239231138578
inner,2.549999999999587,250.00000000000006,-2.347741636714748,0.2474101651352432,0.10452735331205339
inner,2.6999999999995774,250.00000000000009,-2.33772981508661,0.24698512636657804,0.110218622178516
inner,2.8499999999995684,250.00000000000003,-2.327159321864411,0.24651896521559083,0.11583200345293326
inner,2.9999999999996096,250.0,-2.3160326826758446,0.24600909142516328,0.12136333035903343
inner,3.1499999999996007,250.0,-2.304352636344973,0.24545283395233647,0.12680846773874993
inner,3.2999999999995913,249.99999999999997,-2.292122146523235,0.24484745054259985,0.13216331515761642
inner,3.449999999999582,250.0,-2.279344413966486,0.24419013791497157,0.13742381022283773
inner,3.5999999999996235,250.0,-2.26602288919407,0.24347804250777264,0.14258593217955984
inner,3.749999999999614,249.99999999999997,-2.2521612853000517,0.24270827162609293,0.14764570572243924
inner,3.8999999999996047,250.00000000000003,-2.237763591329279,0.24187790508904825,0.15259920497021837
inner,4.049999999999596,249.99999999999997,-2.222834086083749,0.2409840075273216,0.15744255776442112
inner,4.199999999999586,250.0,-2.2073773519192437,0.24002364104874246,0.16217195022530884
inner,4.3499999999996275,250.00000000000003,-2.1913982886219396,0.23899387823656676,0.16678363149801195
inner,4.499999999999618,250.0,-2.1749021278069116,0.23789181565535597,0.17127391870824432
inner,4.649999999999609,249.99999999999997,-2.1578944473568695,0.23671458791198025,0.17563920228519264
inner,4.799999999999599,249.99999999999997,-2.1403811854157686,0.23545938183756515,0.17987595150406044
inner,4.949999999999591,250.00000000000003,-2.1223686544235036,0.23412345087306513,0.18398072015891903
inner,5.099999999999632,249.99999999999997,-2.1038635553728944,0.2327041299416887,0.18795015251964
inner,5.2499999999996225,249.99999999999991,-2.0848729916286497,0.2311988505812339,0.19178098960050974
inner,5.399999999999613,249.99999999999994,-2.0654044819909947,0.22960515599314596,0.19547007559064616
inner,5.549999999999604,249.99999999999994,-2.0454659734673823,0.22792071609848086,0.19901436439416428
inner,5.699999999999646,249.99999999999997,-2.025065853931248,0.22614334282204657,0.20241092639562297
inner,5.849999999999636,249.99999999999997,-2.004212963883861,0.22427100543994463,0.20565695549638974
inner,5.999999999999627,249.99999999999997,-1.9829166070312223,0.2223018455022895,0.20874977622506818
inner,6.1499999999996176,249.99999999999994,-1.9611865600132214,0.22023419144697481,0.21168685088490774
inner,6.299999999999659,249.99999999999997,-1.9390330817305896,0.2180665730890328,0.2144657867871715
inner,6.449999999999649,249.99999999999994,-1.9164669214630692,0.21579773599596802,0.21708434370599752
inner,6.59999999999964,249.99999999999994,-1.8934993250628083,0.21342665508364095,0.21954044132264447
inner,6.749999999999631,249.99999999999997,-1.8701420400439042,0.2109525473699519,0.22183216648347442
inner,6.899999999999622,249.99999999999994,-1.8464073193078196,0.20837488441259794,0.22395778054090051
inner,7.049999999999663,249.99999999999994,-1.8223079236922672,0.20569340392667965,0.22591572654888228
inner,7.199999999999654,249.99999999999994,-1.797857122545247,0.20290812080548098,0.22770463648166578
inner,7.349999999999644,249.99999999999997,-1.7730686920220349,0.20001933683097559,0.2293233381807717
inner,7.499999999999635,249.99999999999997,-1.7479569118621678,0.19702764922498914,0.23077086196925403
inner,7.649999999999677,249.99999999999994,-1.722536560025779,0.19393395842194422,0.23204644714659886
inner,7.799999999999668,249.99999999999997,-1.6968229057834865,0.19073947440530467,0.2331495480392493
inner,7.949999999999658,249.99999999999997,-1.6708317006463134,0.1874457221934982,0.23407983986990308
inner,8.09999999999965,250.0,-1.644579166393153,0.18405454571873606,0.23483722418415695
inner,8.249999999999691,250.00000000000003,-1.6180819811665224,0.18056810991902694,0.23542183362040817
inner,8.39999999999968,249.99999999999997,-1.5913572634604276,0.1769889017542669,0.2358340363065693
inner,8.549999999999672,249.99999999999997,-1.5644225537773726,0.1733197296411105,0.23607443968877104
inner,8.699999999999662,249.99999999999997,-1.5372957937558291,0.16956372131510034,0.2361438937572937
inner,8.849999999999653,249.99999999999997,-1.509995303553257,0.1657243199579122,0.23604349353562376
inner,8.999999999999694,250.0,-1.4825397568492913,0.16180527914578616,0.2357745810500292
inner,9.149999999999686,249.99999999999997,-1.454948152998361,0.15781065590143128,0.23533874651648282
inner,9.299999999999676,249.99999999999997,-1.4272397873657099,0.15374480176827734,0.23473782858528486
inner,9.449999999999667,249.99999999999997,-1.3994342196417073,0.14961235269944953,0.23397391392462352
inner,9.599999999999657,250.0,-1.3715512401204029,0.14541821726238813,0.2330493359549671
inner,9.749999999999698,249.99999999999997,-1.3436108340503288,0.14116756328735247,0.23196667271944146
inner,9.89999999999969,250.0,-1.3156331441944575,0.13686580301207119,0.23072874387637649
inner,10.049999999999681,250.0,-1.2876384317396796,0.13251857677774906,0.2293386067992686
inner,10.19999999999967,250.00000000000003,-1.2596470356979566,0.12813173535551878,0.22779955177553157
inner,10.349999999999712,250.0,-1.231679330967958,0.12371132097993658,0.2261150962994243
inner,10.499999999999703,250.00000000000003,-1.2037556852320617,0.11926354718658001,0.22428897846187115
inner,10.649999999999693,250.0,-1.1758964148863813,0.11479477754867176,0.2223251494459421
inner,10.799999999999685,250.0,-1.1481217401959736,0.11031150343338188,0.22022776514233278
inner,10.949999999999676,250.00000000000003,-1.1204517398833473,0.10582032089971825,0.2180011769054937
inner,11.099999999999717,250.0,-1.092906305382847,0.10132790685599785,0.21564992147711562
inner,11.249999999999707,250.00000000000003,-1.0655050949744087,0.09684099462644422,0.2131787101116496
inner,11.399999999999698,250.0,-1.0382674880276745,0.09236634906650924,0.21059241694309275
inner,11.549999999999688,250.0,-1.011212539620575,0.08791074135476126,0.20789606663488996
inner,11.699999999999731,250.0,-0.984358935368797,0.08348092368921317,0.20509482138075313
inner,11.84999999999972,250.00000000000003,-0.9577249478544323,0.07908360364691154,0.20219396718698304
inner,11.999999999999712,250.00000000000003,-0.9313283942647803,0.07472541936542099,0.19919889983892103
inner,12.149999999999702,250.00000000000003,-0.9051865942926288,0.07041291504094571,0.19611511041547255
inner,12.299999999999693,250.0,-0.879316329886837,0.06615251599895133,0.19294817008969595
inner,12.449999999999735,250.00000000000003,-0.853733806065522,0.06195050500754009,0.18970371475330594
inner,12.599999999999724,250.00000000000006,-0.8284546159938869,0.05781299854090776,0.18638742918164194
inner,12.749999999999716,250.00000000000003,-0.8034937075302159,0.05374592591908491,0.183005031671171
inner,12.899999999999707,250.00000000000006,-0.7788653488947834,0.049755008843992275,0.17956225835832698
inner,13.049999999999748,250.00000000000003,-0.7545831009074384,0.0458457392463383,0.17606484662624447
inner,13.199999999999738,250.00000000000003,-0.7306597910904783,0.04202336244255238,0.17251851984334904
inner,13.34999999999973,250.00000000000003,-0.7071074881301218,0.03829286058048078,0.16892897195776765
inner,13.49999999999972,250.00000000000003,-0.6839374826030318,0.03465893524793052,0.16530185161274588
inner,13.649999999999762,250.00000000000003,-0.6611602686808912,0.031125995204008952,0.16164274763526734
inner,13.799999999999752,250.00000000000003,-0.6387855293320042,0.0276981434934633,0.15795717430777112
inner,13.949999999999743,250.00000000000003,-0.6168221262581538,0.024379166615824784,0.15425055722013045
inner,14.099999999999733,250.00000000000006,-0.595278089670089,0.021172527297086505,0.15052822016843026
inner,14.249999999999725,250.00000000000003,-0.574160614949788,0.018081355499626597,0.1467953717104495
inner,14.399999999999766,250.00000000000006,-0.5534760618231629,0.015108444898000718,0.14305709348647014
inner,14.549999999999757,250.00000000000006,-0.5332299544002489,0.012256250467561248,0.13931832907620453
inner,14.699999999999747,250.00000000000006,-0.5134269865684356,0.009526885575070804,0.1355838729615746
inner,14.849999999999739,250.00000000000003,-0.49407102998713504,0.006922123263554019,0.13185836104916404
inner,14.99999999999978,250.00000000000006,-0.4751651451163606,0.004443398649665385,0.1281462619574627
inner,15.14999999999977,250.00000000000003,-0.4567115950768143,0.002091812977900255,0.124451869192548
inner,15.299999999999761,250.00000000000003,-0.4387118610352619,-0.00013186042139380454,0.12077929428179493
inner,15.44999999999975,250.00000000000006,-0.42116666271838615,-0.002227170065285735,0.1171324605643199
inner,15.599999999999742,250.00000000000003,-0.4040759790245825,-0.0041939760672800915,0.11351509865600522
inner,15.749999999999783,250.00000000000003,-0.3874390713925974,-0.006032440841226639,0.10993074224954695
inner,15.899999999999775,250.00000000000006,-0.37125451039047136,-0.007743018171148615,0.10638272499716286
inner,16.049999999999766,250.00000000000006,-0.35552020193503836,-0.009326439662287973,0.10287417870595003
inner,16.199999999999754,250.00000000000006,-0.34023341610902463,-0.010783702408002832,0.099408031818794
inner,16.3499999999998,250.00000000000003,-0.32539081821019505,-0.012116054893837899,0.09598700908404516
inner,16.499999999999787,250.00000000000006,-0.3109885001289778,-0.013324981234986842,0.09261363234583857
inner,16.64999999999978,250.00000000000003,-0.2970220120834713,-0.014412185598523834,0.08929022186991636
inner,16.79999999999977,250.00000000000006,-0.28348639599664305,-0.015379576763753412,0.08601889826735522
inner,16.94999999999976,250.00000000000003,-0.27037621931866396,-0.01622925134341443,0.08280158544504725
inner,17.099999999999802,250.00000000000003,-0.25768561000732776,-0.016963477027003623,0.07964001423619714
inner,17.24999999999979,250.00000000000003,-0.24540829055256444,-0.017584674771977483,0.0765357268581914
inner,17.399999999999782,250.00000000000003,-0.2335376135946685,-0.018095402271786055,0.07349008168184064
inner,17.549999999999773,250.00000000000003,-0.22206659654790825,-0.01849833589809164,0.07050425894286859
inner,17.699999999999815,250.00000000000003,-0.21098795350368243,-0.018796253175100436,0.06757926662357296
inner,17.849999999999806,250.0,-0.20029412436224908,-0.018992017394652828,0.06471594585922084
inner,17.999999999999797,250.00000000000006,-0.18997729990794876,-0.01908856384654146,0.061914975841418515
inner,18.149999999999785,250.00000000000003,-0.180029444692892,-0.019088889018820995,0.05917687793056209
inner,18.29999999999983,250.00000000000003,-0.17044232008605426,-0.018996041473294617,0.05650201959170741
inner,18.449999999999818,250.00000000000003,-0.16120750903983957,-0.01881311258527931,0.053890618963693064
inner,18.59999999999981,250.00000000000003,-0.15231644283498016,-0.018543226074264174,0.05134275050156243
inner,18.7499999999998,250.00000000000003,-0.1437604286727944,-0.018189526101340565,0.04885835167167126
inner,18.899999999999842,250.00000000000003,-0.13553067704600583,-0.01775516482030109,0.04643723027333788
inner,19.049999999999834,250.00000000000003,-0.1276183280498567,-0.017243290086226052,0.04407907200729324
inner,19.199999999999825,249.99999999999997,-0.12001447617507734,-0.016657033799482104,0.04178344802894484
inner,19.349999999999813,249.99999999999997,-0.11271019334692853,-0.01599950111102724,0.039549822340045344
inner,19.499999999999805,250.00000000000003,-0.10569655016858072,-0.015273760603891556,0.03737755893518185
inner,19.649999999999796,250.00000000000006,-0.09896463537930708,-0.014482835442934107,0.03526592867098019
inner,19.799999999999837,249.99999999999997,-0.09250557358327986,-0.013629695475492419,0.033214115837020684
inner,19.94999999999983,250.00000000000006,-0.08631054131351702,-0.012717250235536602,0.03122122441665154
inner,20.099999999999817,250.00000000000003,-0.08037078149863693,-0.011748342798867458,0.029286284031687412
inner,20.249999999999808,250.0,-0.07467761641504317,-0.010725744449034737,0.02740825556528548
inner,20.39999999999985,250.0,-0.06922245918208952,-0.009652150082937568,0.025586036459544086
inner,20.54999999999984,250.0,-0.06399682388063066,-0.008530174309370336,0.023818465686271776
inner,20.699999999999832,249.99999999999997,-0.05899233437294729,-0.007362348193042548,0.022104328390232016
inner,20.849999999999824,250.0,-0.05420073187117039,-0.006151116567609868,0.02044236020497235
inner,20.999999999999865,250.00000000000003,-0.049613881342779595,-0.004898835884330182,0.018831251242873822
inner,21.149999999999856,249.99999999999997,-0.0452237768127671,-0.0036077725362195262,0.01726964976087108
inner,21.299999999999844,250.0,-0.04102254561527264,-0.0022801015954760345,0.015756165504113233
inner,21.449999999999836,249.99999999999997,-0.03700245166102693,-0.0009179059221662844,0.014289372729733123
inner,21.599999999999827,249.99999999999997,-0.03315589777256775,0.00047682440538030966,0.012867812911907249
inner,21.74999999999987,250.0,-0.02947542713844586,0.0019021923888567916,0.011489997129204278
inner,21.89999999999986,249.99999999999997,-0.02595372392548313,0.003356394191100838,0.010154408134780685
inner,22.04999999999985,249.99999999999997,-0.02258361309771881,0.004837719037775927,0.008859502108447792
inner,22.19999999999984,249.99999999999997,-0.019358059473720088,0.006344548989146624,0.007603710089557014
inner,22.34999999999988,250.0,-0.016270166046182043,0.007875358629908805,0.006385439084540236
inner,22.499999999999872,249.99999999999997,-0.013313171594516515,0.009428714717834833,0.005203072843821604
inner,22.649999999999864,249.99999999999997,-0.010480447599909829,0.011003275844091207,0.004054972300496583
inner,22.799999999999855,249.99999999999997,-0.0077654944793032615,0.012597792145660435,0.0029394756581498102
inner,22.949999999999896,249.99999999999994,-0.005161937135974976,0.014211105123627193,0.001854898114243519
inner,23.099999999999888,250.0,-0.0026635198174662154,0.015842147620351934,0.0007995311999762934
inner,23.249999999999876,249.99999999999997,-0.00026410027485684103,0.017489944004154136,-0.00022835828704750264
inner,23.399999999999867,249.99999999999997,0.002042356812658134,0.019153610634600943,-0.0012305297843560902
inner,23.54999999999986,249.99999999999994,0.004261787181073259,0.020832356669016845,-0.0022087709354754854
inner,23.6999999999999,249.99999999999997,0.006400035140290505,0.022525485285286563,-0.0031649000732154433
inner,23.84999999999989,249.99999999999994,0.008462862614936761,0.02423239541064657,-0.004100769264490105
inner,23.999999999999883,249.99999999999997,0.01045595915603162,0.025952584060434943,-0.0050182679791952005
inner,24.14999999999987,249.99999999999997,0.012384953023653326,0.027685649401957127,-0.005919327457019244
inner,24.299999999999912,249.99999999999997,0.014255423465891122,0.02943129467806039,-0.006805925861163792
inner,24.449999999999903,249.99999999999997,0.016072914362497484,0.031189333162192266,-0.007680094327581301
inner,24.599999999999895,249.99999999999997,0.017842949419411353,0.032959694334338804,-0.008543924041375505
inner,24.749999999999886,249.99999999999997,0.01957104916382656,0.03474243152423434,-0.00939957449905527
inner,24.899999999999878,249.99999999999997,0.02126275003580643,0.03653773130611239,-0.010249283152533633
inner,25.04999999999992,249.99999999999997,0.022923625932025467,0.03834592498830151,-0.011095376674642403
inner,25.199999999999907,249.99999999999997,0.024559312664310745,0.04016750263711893,-0.011940284140204593
inner,25.3499999999999,250.0,0.026175535897625304,0.04200313016412584,-0.01278655249111437
inner,25.49999999999989,249.99999999999997,0.027778143268286877,0.043853670129190704,-0.013636864744132674
inner,25.64999999999993,249.99999999999994,0.029373141574362563,0.04572020708013771,-0.014494061517716665
inner,25.799999999999923,249.99999999999997,0.03096674017016792,0.04760407845724251,-0.01536116660844464
inner,25.949999999999914,249.99999999999994,0.032565401995021635,0.04950691234418322,-0.016241417553462433
inner,26.099999999999902,249.99999999999994,0.034175904107895616,0.05143067371798815,-0.01713830238173336
inner,26.249999999999893,249.99999999999997,0.03580541014640084,0.05337772128680806,-0.018055604122725846
inner,26.399999999999935,249.99999999999997,0.037461557874605075,0.05535087759732879,-0.01899745513232228
inner,26.549999999999926,249.99999999999997,0.03915256605905719,0.05735351591769411,-0.019968403969605364
inner,26.699999999999918,249.99999999999997,0.04088736633163213,0.05938966843524378,-0.020973498500538174
inner,26.84999999999991,249.99999999999997,0.04267576775527039,0.06146416177897092,-0.022018390223176858
inner,26.99999999999995,249.99999999999994,0.04452866473379258,0.06358278784997234,-0.02310946670136651
inner,27.149999999999938,249.99999999999997,0.04645830313795825,0.06575252066325107,-0.0242540217357559
inner,27.29999999999993,249.99999999999994,0.04847862583324275,0.06798179375926666,-0.025460476947014254
inner,27.44999999999992,249.99999999999997,0.050605728272702113,0.07028085813397054,-0.026738674541711027
inner,27.599999999999913,249.99999999999997,0.05285846945340082,0.07266224838832448,-0.028100270387742987
inner,27.749999999999954,249.99999999999997,0.055259306733314445,0.07514139608705732,-0.029559271237901273
inner,27.899999999999945,249.99999999999994,0.057835460609013484,0.07773744579919169,-0.03113278371120011
inner,28.049999999999933,249.99999999999994,0.060620578824012575,0.0804743540138465,-0.03284208220077022
inner,28.199999999999925,249.99999999999997,0.06365717846781536,0.08338238776636876,-0.03471417125363152
inner,28.349999999999966,249.99999999999994,0.06700034574975414,0.08650019813106449,-0.03678414099980936
inner,28.499999999999957,249.99999999999994,0.07072354078431428,0.08987772187138111,-0.03909884942202231
inner,28.64999999999995,249.99999999999994,0.07492815273175692,0.09358033386601079,-0.04172293602525011
inner,28.79999999999994,249.99999999999997,0.07975987981184302,0.09769471912026033,-0.044749223467218296
inner,28.94999999999993,249.99999999999997,0.08543956890999635,0.10233797407421591,-0.04831792516703905
inner,29.09999999999997,249.99999999999997,0.09232167970886249,0.10766871228520197,-0.05265565508429468
inner,29.24999999999996,250.0,0.1010387864540204,0.11391595436872433,-0.058160386714916176
inner,29.399999999999952,249.99999999999994,0.11278514657700867,0.12136997809028538,-0.0656155389956454
inner,29.549999999999944,249.99999999999994,0.13063516742778458,0.13072529380402115,-0.07670738195507831
inner,29.699999999999935,249.99999999999997,0.16153593205967479,0.1421025553853352,-0.09568799041684506
inner,29.849999999999977,249.99999999999997,0.256682920654157,0.17357303091763088,-0.1308579240170177
inner,29.999999999999964,249.99999999999997,0.3314722765785522,0.19943571942804403,-0.154070829502825
mid,-30.000000000000068,274.9183921033229,0.029047825360746578,-7.294592668238842e-06,0.0010947591924945392
mid,-29.830803015133508,274.9183921033229,0.029327956956487204,-1.1418526969503642e-05,0.0020389327410975638
mid,-29.66160603026695,274.91839210332296,0.02987474173347807,-1.761139189424346e-05,0.003985485068914268
mid,-29.49240904540039,274.9183921033229,0.03038988544541875,-1.7791681616953492e-05,0.005882915520587803
mid,-29.32321206053393,274.9183921033229,0.030863675524026003,-7.536242042239377e-06,0.007738935464064169
mid,-29.15401507566737,274.9183921033229,0.03128808819511656,1.643896261959571e-05,0.009559220160063242
mid,-28.98481809080081,274.9183921033229,0.03165675017126619,5.631681119305353e-05,0.011347687210529051
mid,-28.81562110593425,274.9183921033229,0.03196487188286727,0.00011323650203546708,0.013106778515779271
mid,-28.646424121067795,274.9183921033229,0.03220915334147795,0.00018736901667645509,0.014837733991607501
mid,-28.477227136201236,274.9183921033229,0.03238766632013119,0.0002780078732322346,0.016540847817306366
mid,-28.308030151334677,274.9183921033229,0.03249971785871017,0.00038367138487318403,0.018215700663928313
mid,-28.138833166468117,274.9183921033229,0.03254570079840884,0.0005022121611060783,0.01986136381704181
mid,-27.969636181601658,274.9183921033229,0.03252693716379523,0.0006309295809861072,0.0214765732505155
mid,-27.8004391967351,274.9183921033229,0.032445519816979254,0.0007666812475812819,0.023059873448463563
mid,-27.63124221186854,274.9183921033229,0.03230415716501941,0.0009059900080168648,0.024609732146663565
mid,-27.46204522700198,274.9183921033229,0.032106024859012074,0.0010451437691683383,0.026124628140148324
mid,-27.292848242135523,274.9183921033229,0.031854627517019694,0.0011802860351062235,0.027603114931219218
mid,-27.123651257268964,274.9183921033229,0.0315536726289652,0.001307495810089254,0.02904386334454812
mid,-26.954454272402405,274.9183921033229,0.031206957988608276,0.001422856142666305,0.03044568634692233
mid,-26.785257287535845,274.9183921033229,0.030818273279411508,0.0015225111085256223,0.03180754923328729
mid,-26.616060302669386,274.9183921033229,0.030391315843127386,0.0016027115075763062,0.03312856816380876
mid,-26.446863317802826,274.91839210332296,0.029929620217247436,0.0016598499188736487,0.034407999747137395
mid,-26.277666332936267,274.9183921033229,0.02943650062042249,0.0016904859336817624,0.03564522403353332
mid,-26.108469348069708,274.9183921033229,0.028915005364380936,0.0016913626356245479,0.03683972295937827
mid,-25.93927236320325,274.9183921033229,0.02836788199709018,0.0016594154368929533,0.03799105591218098
mid,-25.770075378336692,274.9183921033229,0.027797551886513824,0.001591774402437544,0.039098833783185016
mid,-25.60087839347013,274.9183921033229,0.027206092958667952,0.001485761188739925,0.04016269256936898
mid,-25.43168140860357,274.9183921033229,0.026595229334837135,0.0013388816748271942,0.0411822673256225
mid,-25.262484423737114,274.9183921033229,0.025966326641507907,0.001148815228697142,0.04215716703808214
mid,-25.093287438870554,274.9183921033229,0.025320391897324816,0.000913401507003149,0.04308695080972723
mid,-24.924090454003995,274.9183921033229,0.024658076985697615,0.0006306255720429747,0.04397110558422587
mid,-24.754893469137436,274.9183921033229,0.023979684782786954,0.00029860194567937585,0.04480902550784442
mid,-24.585696484270976,274.9183921033229,0.023285177170783163,-8.444180795216458e-05,0.04559999295375352
mid,-24.416499499404367,274.9183921033229,0.02257418424991983,-0.0005201815255490537,0.04634316114144345
mid,-24.247302514537857,274.9183921033229,0.021846014172229006,-0.0010102125422864344,0.047037538241973466
mid,-24.078105529671298,274.9183921033229,0.021099663105850888,-0.0015560651493495697,0.0476819728280778
mid,-23.90890854480484,274.9183921033229,0.020333824919312078,-0.0021592191843665016,0.04827514051358735
mid,-23.739711559938282,274.9183921033229,0.019546900267853953,-0.0028211175916830963,0.048815531600125
mid,-23.570514575071723,274.9183921033229,0.018737004790901964,-0.0035431788289759653,0.049301439567213085
mid,-23.401317590205164,274.91839210332296,0.017901976195426026,-0.004326808038893255,0.049730950242740206
mid,-23.232120605338704,274.9183921033229,0.017039380072419317,-0.005173406920509566,0.05010193148530339
mid,-23.062923620472144,274.9183921033229,0.016146514276719644,-0.00608438227118548,0.050412023241650616
mid,-22.893726635605585,274.9183921033229,0.015220411750837853,-0.007061153178964538,0.05065862784953164
mid,-22.724529650739026,274.9183921033229,0.014257841707841518,-0.00810515684921679,0.05083890046009716
mid,-22.55533266587257,274.9183921033229,0.013255309061311872,-0.00921785305831379,0.050949739486724946
mid,-22.38613568100601,274.91839210332296,0.012209052035269011,-0.010400727209845313,0.050987776995051824
mid,-22.21693869613945,274.9183921033229,0.011115037871842003,-0.011655291991030596,0.05094936895694035
mid,-22.04774171127289,274.9183921033229,0.00996895654005462,-0.012983087597590835,0.05083058532096943
mid,-21.87854472640643,274.9183921033229,0.008766212369509117,-0.014385680487516192,0.05062719985790991
mid,-21.709347741539872,274.91839210332296,0.0075019135123619955,-0.015864660620953677,0.05033467975569676
mid,-21.540150756673313,274.91839210332296,0.0061708591167610495,-0.017421637106873722,0.04994817496548147
mid,-21.370953771806754,274.9183921033229,0.004767524093287193,-0.019058232187309267,0.04946250730106831
mid,-21.201756786940297,274.91839210332296,0.0032860413412351998,-0.020776073461560865,0.04887215932118382
mid,-21.032559802073735,274.91839210332296,0.0017201812768449266,-0.022576784215237216,0.04817126305203565
mid,-20.86336281720728,274.9183921033229,6.332849627092504e-05,-0.02446197172243562,0.04735358861263857
mid,-20.69416583234092,274.91839210332296,-0.0016915446110487842,-0.02643321336241778,0.04641253283941903
mid,-20.524968847475176,274.9183921033229,-0.0035519075093186185,-0.028492040358074858,0.04534110803596996
mid,-20.355771862611316,274.91839210332296,-0.0055257046366860105,-0.030639918937431534,0.04413193099713114
mid,-20.18657487775407,274.91839210332296,-0.007621392241626359,-0.03287822869197252,0.04277721249691635
mid,-20.017377892918244,274.91839210332296,-0.009847979180094904,-0.03520823786224915,0.04126874746843838
mid,-19.84818090815051,274.91839210332296,-0.012215071931748457,-0.037631075300008726,0.039597906146857514
mid,-19.678983923592085,274.91839210332296,-0.014732924104574144,-0.04014769881238715,0.0377556265001287
mid,-19.50978693966142,274.91839210332296,-0.017412490690843146,-0.04275885956002595,0.0357324083352631
mid,-19.340589957546882,274.918392103323,-0.020265487340670102,-0.045465062189056986,0.03351830954031982
mid,-19.17139298054006,274.91839210332296,-0.02330445490173865,-0.04826652035542037,0.03110294500835687
mid,-19.00219601749129,274.91839210332296,-0.02654282944761998,-0.05116310724232671,0.028475488923829548
mid,-18.8329990912506,274.91839210332296,-0.02999501799999294,-0.05415430063539058,0.02562468128338838
mid,-18.663802259893128,274.91839210332296,-0.033676480069806634,-0.057239121995684025,0.02253883984917364
mid,-18.49460566402632,274.918392103323,-0.037603815089641356,-0.06041606865376691,0.019205879393099732
mid,-18.32540963717545,274.918392103323,-0.041794855549047744,-0.063683037679177,0.015613341309927578
mid,-18.1562149431979,274.91839210332296,-0.04626876507046593,-0.06703723888191347,0.01174843894049579
mid,-17.987023265414194,274.91839210332296,-0.051046140144372,-0.0704750917808892,0.007598128954626698
mid,-17.81783825192686,274.918392103323,-0.05614910930693949,-0.07399209836371293,0.00314922601848692
mid,-17.648667394592405,274.91839210332296,-0.061601423071546375,-0.07758267568453814,-0.0016114061863358002
mid,-17.479525797143857,274.91839210332296,-0.06742850957537669,-0.08123992303292042,-0.0066965324633366
mid,-17.3104426048896,274.918392103323,-0.07365744971640038,-0.08495529033717891,-0.012118009724636006
mid,-17.141471633409136,274.91839210332296,-0.08031680784282191,-0.08871809419931952,-0.017885900362339856
mid,-16.972708982284882,274.918392103323,-0.08743610333840379,-0.09251486320429698,-0.024007114078334016
mid,-16.804314533884583,274.91839210332296,-0.09504472048040932,-0.09632855799316671,-0.030483523962000332
mid,-16.636537112665227,274.91839210332296,-0.10316990666418244,-0.10013787336562151,-0.03730974876562675
mid,-16.4697279612706,274.918392103323,-0.1118337094019154,-0.10391706418725097,-0.04447127693518184
mid,-16.30432709269947,274.918392103323,-0.12104926372719815,-0.10763696875429432,-0.05194426643828365
mid,-16.1407919847605,274.918392103323,-0.1308189283522746,-0.11126737966807893,-0.05969796556086458
mid,-15.979507947019655,274.918392103323,-0.1411361373554741,-0.11478011935340353,-0.06769940525161207
mid,-15.820696460109103,274.91839210332296,-0.15199138575033938,-0.1181514846583389,-0.0759184916877691
mid,-15.664394231385417,274.918392103323,-0.16337940161370051,-0.12136299421207306,-0.08433101963358151
mid,-15.510491008624223,274.91839210332296,-0.17530260637951162,-0.12440078404335775,-0.09291937529452322
mid,-15.358760930948145,274.918392103323,-0.18777268983526355,-0.1272540393824743,-0.1016710747881572
mid,-15.208956757726508,274.918392103323,-0.2008081480986454,-0.12991336622604388,-0.11057592862984932
mid,-15.060836381181465,274.918392103323,-0.21442977716752487,-0.13236990543317392,-0.11962434901782737
mid,-14.914158187932964,274.918392103323,-0.22866021615133408,-0.13461478756361492,-0.12880614638661375
mid,-14.768729976134862,274.918392103323,-0.24352135783029255,-0.13663904951539607,-0.1381095688350905
mid,-14.624370598412696,274.918392103323,-0.25903344958914193,-0.13843347090700484,-0.1475206828782577
mid,-14.480956012398442,274.91839210332296,-0.27521355621175947,-0.1399890907217098,-0.15702366129234788
mid,-14.338346420571563,274.91839210332296,-0.29207674317178095,-0.14129718327060675,-0.16660120244245757
mid,-14.196444639878766,274.918392103323,-0.3096361873098751,-0.14234961273027638,-0.17623432142018913
mid,-14.055160594744681,274.91839210332296,-0.32790152711558,-0.14313876223093275,-0.18590200249769995
mid,-13.914440516481724,274.91839210332296,-0.34687843601167295,-0.14365811876685888,-0.19558226598917106
mid,-13.774197090986396,274.918392103323,-0.36657127813627105,-0.14390190442959536,-0.20525208993460756
mid,-13.634404805866785,274.91839210332296,-0.3869806267247565,-0.1438657930255694,-0.21488754325355675
mid,-13.494999043916154,274.9183921033231,-0.40810415389387655,-0.1435464273306786,-0.22446429187505854
mid,-13.355946097525713,274.91839210332296,-0.4299378811168938,-0.14294186301330383,-0.2339575582159375
mid,-13.217214645918208,274.91839210332296,-0.4524736233680032,-0.1420514801238988,-0.24334212790853366
mid,-13.078775701352882,274.91839210332296,-0.4757007910445747,-0.1408760383390777,-0.2525929404011267
mid,-12.940602536527411,274.918392103323,-0.4996064123866417,-0.1394176702939141,-0.26168523134614186
mid,-12.802670597660159,274.91839210332296,-0.524175161879282,-0.1376798624864422,-0.2705946523757776
mid,-12.664958362005276,274.918392103323,-0.5493890619930905,-0.13566742653321257,-0.2792969759946785
mid,-12.527466344081503,274.918392103323,-0.5752263710147052,-0.13338675759675014,-0.2877689998921384
mid,-12.390156581678413,274.918392103323,-0.601665199222785,-0.13084506680640212,-0.29598861880313004
mid,-12.253021943236556,274.918392103323,-0.6286817356388956,-0.1280509928548335,-0.30393444081192933
mid,-12.116057466594206,274.918392103323,-0.656248349755089,-0.12501440167622047,-0.31158622679351267
mid,-11.979238499562658,274.91839210332296,-0.6843372524967926,-0.1217459060927363,-0.31892490898711556
mid,-11.842568776900661,274.91839210332296,-0.7129182308897947,-0.1182573927931166,-0.32593283274871954
mid,-11.70602934586566,274.918392103323,-0.7419599315188539,-0.11456133230214623,-0.3325937569581779
mid,-11.569610762380206,274.91839210332296,-0.7714302519111736,-0.1106710076007984,-0.33889270775667724
mid,-11.433318950618728,274.91839210332296,-0.8012944045687302,-0.10660062149629942,-0.34481643878775625
mid,-11.297130516921364,274.91839210332296,-0.8315184762511854,-0.10236445253501135,-0.3503532609310897
mid,-11.161041847749358,274.91839210332296,-0.8620675489568164,-0.09797746098202552,-0.35549283892629785
mid,-11.02506211104827,274.91839210332296,-0.892904025031031,-0.09345524688461507,-0.3602266512909752
mid,-10.889170876407297,274.91839210332296,-0.9239920154976569,-0.08881311148041336,-0.3645477756028308
mid,-10.753364271671696,274.91839210332296,-0.9552957711170332,-0.08406663590566327,-0.368450940775189
mid,-10.617638588844102,274.918392103323,-0.986778122870764,-0.07923154180865329,-0.37193231303645935
mid,-10.481992924664596,274.91839210332296,-1.01840165032554,-0.07432354410344794,-0.37498965323132705
mid,-10.3464263497982,274.9183921033229,-1.0501292871775822,-0.06935817254115906,-0.3776223947566106
mid,-10.210929220142129,274.91839210332296,-1.0819252136186224,-0.06435050732558152,-0.37983139802129334
mid,-10.075498515721236,274.91839210332296,-1.113753970511455,-0.05931538126170045,-0.38161899548975786
mid,-9.940131348759857,274.91839210332296,-1.1455802356605655,-0.05426725583635294,-0.3829888810579603
mid,-9.804824958627773,274.91839210332296,-1.1773694307797369,-0.049220101080492594,-0.3839460808781585
mid,-9.669576706936253,274.91839210332296,-1.2090878358237602,-0.04418732798790778,-0.3844968805654894
mid,-9.534384072783812,274.91839210332296,-1.2407026952645592,-0.039181727319289754,-0.38464874652136294
mid,-9.399244648150113,274.9183921033229,-1.2721823157713614,-0.0342154151057619,-0.3844102419741636
mid,-9.264156133438293,274.91839210332296,-1.3034961547545771,-0.02929978511749485,-0.38379093838381806
mid,-9.129116333163314,274.9183921033229,-1.3346148992988676,-0.024445468528686246,-0.3828013229047251
mid,-8.994123151784969,274.91839210332296,-1.365510535050736,-0.019662300959690307,-0.3814527026498577
mid,-8.859174589682674,274.9183921033229,-1.3961564046730712,-0.014959297027735054,-0.379757106551048
mid,-8.724268739270368,274.9183921033229,-1.4265272555922754,-0.01034463246696398,-0.37772718564511865
mid,-8.589403781248889,274.918392103323,-1.4565992768356926,-0.005825633803961158,-0.3753761126543688
mid,-8.454577980991804,274.91839210332296,-1.4863501248821436,-0.0014087755171318453,-0.3727174817509751
mid,-8.319789685063078,274.91839210332296,-1.5157589385462842,0.0029003155056998298,-0.36976520940046265
mid,-8.185037317862644,274.91839210332296,-1.544806343054372,0.007096848449995245,-0.36653343718203735
mid,-8.05031937839677,274.9183921033229,-1.573474443600099,0.01117685033654419,-0.36303643745492953
mid,-7.915634437169841,274.91839210332296,-1.6017467897593871,0.01513713995744187,-0.35928852231138403
mid,-7.780981597100757,274.91839210332296,-1.629608184340747,0.018975279588812143,-0.35530397132689184
mid,-7.646363340138367,274.91839210332296,-1.6570447848194023,0.02268951913351055,-0.35109705361731663
mid,-7.511774284545636,274.91839210332296,-1.6840446173519286,0.026278927765924855,-0.34668159580512586
mid,-7.377213223604237,274.91839210332296,-1.710596994873725,0.029743167427408346,-0.3420712508140392
mid,-7.242679009914568,274.9183921033229,-1.736692252067099,0.03308247636394761,-0.33727934980809793
mid,-7.1081705528639185,274.9183921033229,-1.7623219115222513,0.03629763891272132,-0.332318835888533
mid,-6.97368681619526,274.9183921033229,-1.7874785852084292,0.039389932358561384,-0.3272022174270644
mid,-6.839227652406881,274.9183921033229,-1.8121557366718433,0.04236105685198577,-0.32194156316149825
mid,-6.704796224716949,274.9183921033229,-1.8363478163805391,0.0452130699759035,-0.3165485517356451
mid,-6.570386599816072,274.9183921033229,-1.8600507117442047,0.04794849594871661,-0.3110340021669208
mid,-6.435997911589138,274.91839210332296,-1.8832610712708016,0.05057008739405994,-0.3054083282162965
mid,-6.3016293387096525,274.9183921033229,-1.9059760597055933,0.0530808186941887,-0.29968139635643093
mid,-6.167280102675996,274.91839210332296,-1.928193369368999,0.055483849373284225,-0.29386251036855376
mid,-6.032954017326143,274.9183921033229,-1.9499111945431726,0.05778243644886503,-0.2879605736881443
mid,-5.898647158376466,274.9183921033229,-1.971128702221374,0.05998003811898811,-0.2819836303005453
mid,-5.764357297373262,274.9183921033229,-1.991845646759182,0.06208016707455571,-0.27593920200936833
mid,-5.63008379030133,274.91839210332296,-2.0120619797635797,0.06408634187728365,-0.269834335380011
mid,-5.495826346604532,274.9183921033229,-2.0317777741882086,0.06600207245949698,-0.2636755794192074
mid,-5.361589703876059,274.9183921033229,-2.050993379907627,0.06783079626200349,-0.2574691662041748
mid,-5.227367376655154,274.91839210332296,-2.069709897656272,0.06957601667886232,-0.2512203944606153
mid,-5.09315883636915,274.9183921033229,-2.0879285793791196,0.07124111203080599,-0.24493430747421846
mid,-4.958963584294961,274.9183921033229,-2.1056505108006753,0.07282936233025922,-0.23861554068662122
mid,-4.824785553634441,274.91839210332296,-2.1228768428862015,0.07434390747475851,-0.23226849236265867
mid,-4.690620910343727,274.9183921033229,-2.1396091700664805,0.07578784540743591,-0.22589685298371073
mid,-4.556467844003868,274.9183921033229,-2.1558492237577935,0.07716413798525955,-0.21950401132116287
mid,-4.422325949830914,274.9183921033229,-2.1715985232623063,0.07847560328174037,-0.21309309313005037
mid,-4.288198910429592,274.9183921033229,-2.186858517674637,0.07972489447139694,-0.20666708165896655
mid,-4.154083241616188,274.91839210332296,-2.201630948230536,0.08091458755703185,-0.20022836728001514
mid,-4.0199772440894455,274.91839210332296,-2.215917603018609,0.0820471128108854,-0.19377912918275336
mid,-3.8858805924692543,274.91839210332296,-2.229720018793771,0.08312475500078524,-0.18732137339731028
mid,-3.751797578661088,274.91839210332296,-2.243039638224841,0.0841496336704219,-0.18085707367694287
mid,-3.6177231462681707,274.91839210332296,-2.2558781537791472,0.08512380244934138,-0.1743875954110376
mid,-3.483656736501395,274.9183921033229,-2.2682371671748225,0.08604916269086733,-0.1679142902473849
mid,-3.349599347953,274.91839210332296,-2.2801180410691817,0.08692748220896968,-0.16143841864461078
mid,-3.2155524256562007,274.918392103323,-2.2915221370911363,0.08776040791313211,-0.15496109814590617
mid,-3.081512310276122,274.918392103323,-2.3024509162269093,0.08854950368310796,-0.14848307508805775
mid,-2.9474787831443883,274.918392103323,-2.3129056795667937,0.08929620843967703,-0.14200511047038636
mid,-2.8134544310049514,274.91839210332296,-2.3228875700757916,0.0900018409049444,-0.13552797465902922
mid,-2.679436891927524,274.91839210332296,-2.3323977998483705,0.09066764569060236,-0.12905211112236767
mid,-2.5454248538944224,274.91839210332296,-2.3414375299261767,0.09129477046867268,-0.12257790340904566
mid,-2.411419018031954,274.91839210332296,-2.3500077595685904,0.09188426477601473,-0.11610574086485109
mid,-2.2774205358356676,274.918392103323,-2.358109437923436,0.09243709029130745,-0.10963595246597443
mid,-2.1434265429121133,274.91839210332296,-2.365743537609009,0.09295414539017881,-0.10316861466480834
mid,-2.0094368949688377,274.91839210332296,-2.3729109130788584,0.0934362444067285,-0.09670385825429023
mid,-1.8754537051467284,274.918392103323,-2.3796123116692116,0.09388412000406285,-0.09024185995049697
mid,-1.741474470627918,274.9183921033231,-2.3858484970229012,0.0942984525716757,-0.08378253873108187
mid,-1.6074986551762818,274.91839210332296,-2.391620161498135,0.0946798542659236,-0.07732585128571602
mid,-1.4735272071537882,274.91839210332296,-2.3969278971371346,0.09502887171986493,-0.07087178405095024
mid,-1.3395595741645498,274.91839210332296,-2.401772265918828,0.09534599800574618,-0.06442022025576502
mid,-1.2055944813145196,274.91839210332296,-2.4061537906187795,0.09563167493665867,-0.05797097756837297
mid,-1.0716321310987234,274.918392103323,-2.4100729174163806,0.0958862905311532,-0.051523913893448035
mid,-0.937673046113338,274.91839210332296,-2.4135300386680916,0.09611018285978988,-0.045078878596747585
mid,-0.8037156582882659,274.918392103323,-2.416525515536209,0.09630364813819095,-0.038635606406184915
mid,-0.6697598811106896,274.918392103323,-2.4190596500143484,0.09646693744120999,-0.032193881344549403
mid,-0.5358062751075717,274.918392103323,-2.4211326882979405,0.09660025819087341,-0.025753503604215945
mid,-0.4018536416379254,274.9183921033229,-2.4227448395033164,0.09670377968743414,-0.019314182621491566
mid,-0.2679018083004204,274.9183921033229,-2.42389626424057,0.09677763202735291,-0.012875664389693033
mid,-0.1339507877801264,274.9183921033229,-2.4245870737351316,0.09682190682633178,-0.0064376976378384505
mid,-4.0711099922733015e-13,274.9183921033229,-2.42481733590583,0.09683665897024213,-1.7943893576543793e-13
mid,0.13395078777936306,274.9183921033229,-2.4245870737356774,0.09682190682618468,0.006437697637580404
mid,0.2679018082996062,274.91839210332296,-2.423896264240979,0.09677763202739068,0.012875664388891053
mid,0.4018536416371621,274.91839210332296,-2.42274483950204,0.09670377968864408,0.01931418262000327
mid,0.5358062751067575,274.91839210332296,-2.4211326882968858,0.09660025819130216,0.02575350360331407
mid,0.6697598811098754,274.918392103323,-2.419059650013845,0.09646693744120773,0.03219388134439023
mid,0.8037156582874517,274.918392103323,-2.416525515535268,0.09630364813877876,0.038635606405867176
mid,0.9376730461125238,274.91839210332296,-2.4135300386669356,0.0961101828606857,0.045078878596434474
mid,1.0716321310979093,274.91839210332296,-2.4100729174150364,0.09588629053201872,0.0515239138937679
mid,1.2055944813137562,274.918392103323,-2.406153790617051,0.09563167493795592,0.057970977568449746
mid,1.3395595741637356,274.918392103323,-2.4017722659179923,0.09534599800696868,0.06442022025464478
mid,1.473527207152974,274.918392103323,-2.396927897137233,0.09502887172040912,0.07087178404979314
mid,1.6074986551755184,274.91839210332296,-2.391620161498427,0.09467985426674043,0.07732585128498817
mid,1.7414744706271037,274.918392103323,-2.385848497023907,0.09429845257252563,0.08378253873044979
mid,1.8754537051459141,274.91839210332296,-2.379612311671267,0.0938841200039577,0.09024185995022917
mid,2.0094368949680743,274.918392103323,-2.372910913083273,0.09343624440429232,0.09670385825395375
mid,2.1434265429112993,274.91839210332296,-2.3657435376137697,0.09295414538741101,0.10316861466445167
mid,2.2774205358348536,274.91839210332296,-2.35810943792496,0.09243709029093725,0.10963595246668455
mid,2.41141901803114,274.91839210332296,-2.350007759567616,0.09188426477799075,0.11610574086643977
mid,2.5454248538936084,274.91839210332296,-2.341437529928095,0.09129477046892488,0.12257790341019258
mid,2.67943689192671,274.91839210332296,-2.33239779985139,0.0906676456901166,0.12905211112279963
mid,2.813454431004137,274.91839210332296,-2.3228875700775453,0.09000184090495002,0.13552797465937136
mid,2.9474787831435743,274.918392103323,-2.31290567956899,0.08929620843861696,0.14200511047092462
mid,3.0815123102753588,274.91839210332296,-2.302450916230126,0.08854950368084767,0.14848307508862296
mid,3.2155524256553867,274.91839210332296,-2.291522137093159,0.08776040791192499,0.1549610981460996
mid,3.349599347952237,274.91839210332296,-2.2801180410705713,0.08692748220858396,0.1614384186441811
mid,3.483656736500581,274.91839210332296,-2.2682371671767148,0.08604916268962431,0.16791429024659768
mid,3.6177231462673567,274.91839210332296,-2.255878153777928,0.08512380244990507,0.1743875954106602
mid,3.751797578660325,274.91839210332296,-2.243039638222335,0.0841496336717691,0.18085707367748996
mid,3.88588059246844,274.91839210332296,-2.2297200187927784,0.08312475500184476,0.18732137339801885
mid,4.019977244088682,274.9183921033229,-2.2159176030210017,0.08204711280995237,0.19377912918322657
mid,4.154083241615374,274.91839210332296,-2.20163094823374,0.08091458755525832,0.20022836728103618
mid,4.288198910428777,274.91839210332296,-2.186858517675277,0.07972489447204431,0.20666708165993525
mid,4.4223259498301,274.9183921033229,-2.171598523263669,0.078475603281608,0.2130930931308142
mid,4.556467844003055,274.91839210332296,-2.1558492237590583,0.07716413798459824,0.21950401132247463
mid,4.690620910342912,274.91839210332296,-2.139609170065133,0.07578784540850626,0.22589685298528792
mid,4.824785553633626,274.91839210332296,-2.1228768428854257,0.07434390747460955,0.23226849236409514
mid,4.958963584294198,274.91839210332296,-2.1056505108003694,0.07282936233049957,0.23861554068727914
mid,5.093158836368335,274.91839210332296,-2.087928579378862,0.07124111203138951,0.2449343074744848
mid,5.22736737665434,274.9183921033229,-2.0697098976567605,0.0695760166774221,0.2512203944609059
mid,5.361589703875245,274.9183921033229,-2.0509933799066857,0.06783079626109507,0.2574691662042174
mid,5.495826346603718,274.9183921033229,-2.031777774187484,0.06600207245815916,0.26367557941956205
mid,5.630083790300516,274.9183921033229,-2.0120619797648085,0.06408634187507187,0.2698343353806289
mid,5.764357297372448,274.9183921033229,-1.9918456467624468,0.06208016707201033,0.27593920200979616
mid,5.898647158375653,274.91839210332296,-1.9711287022233779,0.05998003811776302,0.28198363030131735
mid,6.032954017325278,274.9183921033229,-1.949911194543242,0.057782436449372046,0.28796057368919037
mid,6.167280102675232,274.9183921033229,-1.9281933693705668,0.05548384937253251,0.293862510369559
mid,6.301629338708839,274.9183921033229,-1.905976059707297,0.0530808186929891,0.2996813963575191
mid,6.435997911588375,274.9183921033229,-1.8832610712716675,0.05057008739338879,0.3054083282175819
mid,6.570386599815207,274.9183921033229,-1.8600507117443037,0.04794849594980146,0.31103400216792143
mid,6.704796224716084,274.91839210332296,-1.8363478163807228,0.04521306997701217,0.31654855173632407
mid,6.839227652406067,274.91839210332296,-1.8121557366732386,0.042361056851720244,0.32194156316186023
mid,6.973686816194496,274.9183921033229,-1.7874785852091457,0.039389932358740345,0.32720221742756195
mid,7.108170552863104,274.9183921033229,-1.7623219115219328,0.03629763891308399,0.3323188358892283
mid,7.242679009913703,274.9183921033229,-1.736692252067692,0.03308247636302053,0.3372793498079582
mid,7.377213223603423,274.91839210332296,-1.7105969948738367,0.02974316742624209,0.3420712508130534
mid,7.511774284544821,274.9183921033229,-1.6840446173520447,0.026278927764605636,0.34668159580372915
mid,7.646363340137604,274.91839210332296,-1.6570447848217766,0.022689519130483556,0.35109705361575405
mid,7.780981597099994,274.9183921033229,-1.6296081843445924,0.018975279585121983,0.3553039713247941
mid,7.9156344371689755,274.91839210332296,-1.6017467897611286,0.015137139955015318,0.3592885223090634
mid,8.050319378395956,274.91839210332296,-1.5734744435996901,0.011176850334758605,0.3630364374530883
mid,8.185037317861829,274.9183921033229,-1.5448063430548098,0.007096848447696064,0.36653343718051845
mid,8.319789685062265,274.91839210332296,-1.515758938546489,0.002900315504742304,0.369765209398843
mid,8.454577980990988,274.91839210332296,-1.4863501248811828,-0.00140877551700605,0.3727174817492823
mid,8.589403781248075,274.9183921033229,-1.456599276833497,-0.005825633803226864,0.3753761126525834
mid,8.724268739269554,274.9183921033229,-1.4265272555890418,-0.01034463246451229,0.37772718564286023
mid,8.859174589681809,274.9183921033229,-1.3961564046694344,-0.014959297024825513,0.37975710654899564
mid,8.994123151784153,274.9183921033229,-1.3655105350473882,-0.019662300957534552,0.38145270264832254
mid,9.129116333162552,274.91839210332296,-1.33461489929635,-0.02444546852814189,0.38280132290326807
mid,9.26415613343748,274.91839210332296,-1.3034961547523587,-0.029299785117322237,0.3837909383821231
mid,9.399244648149299,274.91839210332296,-1.2721823157703045,-0.03421541510437424,0.3844102419719187
mid,9.534384072782998,274.9183921033229,-1.2407026952648728,-0.03918172731806418,0.38464874651892844
mid,9.669576706935489,274.9183921033229,-1.2090878358233428,-0.04418732798716134,0.38449688056336284
mid,9.804824958626908,274.9183921033229,-1.17736943077896,-0.04922010107944219,0.3839460808760393
mid,9.940131348759044,274.9183921033229,-1.1455802356600995,-0.05426725583456941,0.38298888105547535
mid,10.075498515720422,274.91839210332296,-1.1137539705110238,-0.05931538125996083,0.38161899548721245
mid,10.210929220141313,274.91839210332296,-1.0819252136187083,-0.06435050732418662,0.3798313980186043
mid,10.346426349797387,274.91839210332296,-1.0501292871782657,-0.0693581725397423,0.3776223947533965
mid,10.481992924663832,274.9183921033229,-1.01840165032639,-0.07432354410215718,0.3749896532278012
mid,10.61763858884334,274.91839210332296,-0.9867781228711248,-0.0792315418066347,0.3719323130328398
mid,10.75336427167088,274.91839210332296,-0.9552957711175776,-0.08406663590340499,0.368450940771138
mid,10.889170876406483,274.91839210332296,-0.9239920154998524,-0.08881311147836102,0.36454777559808116
mid,11.025062111047456,274.91839210332296,-0.8929040250362887,-0.09345524688390434,0.3602266512860423
mid,11.161041847748542,274.91839210332296,-0.8620675489611959,-0.09797746098171724,0.3554928389215998
mid,11.297130516920602,274.91839210332296,-0.8315184762529109,-0.10236445253288931,0.35035326092625807
mid,11.433318950617915,274.91839210332296,-0.8012944045717403,-0.10660062149483418,0.34481643878288537
mid,11.569610762379392,274.91839210332296,-0.7714302519154905,-0.11067100760028055,0.3388927077523731
mid,11.706029345864847,274.91839210332296,-0.7419599315222296,-0.11456133230037846,0.33259375695475946
mid,11.842568776899846,274.918392103323,-0.7129182308925699,-0.11825739279071462,0.3259328327457085
mid,11.979238499561843,274.9183921033229,-0.6843372525027546,-0.12174590609113158,0.31892490898361947
mid,12.116057466593393,274.91839210332296,-0.6562483497609422,-0.1250144016733324,0.3115862267899798
mid,12.253021943235742,274.91839210332296,-0.62868173564128,-0.12805099285036947,0.3039344408088489
mid,12.3901565816776,274.918392103323,-0.6016651992255638,-0.13084506680268726,0.2959886187999498
mid,12.52746634408069,274.918392103323,-0.5752263710186782,-0.13338675759362956,0.2877689998886156
mid,12.664958362004514,274.918392103323,-0.5493890619973931,-0.13566742652954478,0.2792969759908254
mid,12.802670597659343,274.918392103323,-0.5241751618855399,-0.13767986248298839,0.27059465237179037
mid,12.940602536526596,274.91839210332296,-0.49960641239246883,-0.13941767029261776,0.26168523134275906
mid,13.078775701352068,274.918392103323,-0.47570079104864893,-0.14087603833903112,0.25259294039818764
mid,13.217214645917394,274.91839210332296,-0.45247362337172703,-0.14205148012329927,0.24334212790563226
mid,13.3559460975249,274.91839210332296,-0.4299378811198569,-0.14294186301165357,0.23395755821350078
mid,13.494999043915339,274.918392103323,-0.4081041538970201,-0.14354642732906395,0.22446429187319877
mid,13.63440480586597,274.91839210332296,-0.3869806267283069,-0.1438657930239291,0.21488754325198922
mid,13.774197090985583,274.91839210332296,-0.3665712781398664,-0.14390190442746137,0.20525208993312258
mid,13.914440516480859,274.91839210332296,-0.34687843601616125,-0.14365811876555984,0.19558226598786943
mid,14.055160594743917,274.91839210332296,-0.3279015271221056,-0.143138762230031,0.1859020024967783
mid,14.196444639878003,274.91839210332296,-0.3096361873177413,-0.14234961272869034,0.1762343214195754
mid,14.338346420570799,274.918392103323,-0.29207674318022503,-0.1412971832694787,0.16660120244203008
mid,14.480956012397678,274.918392103323,-0.27521355622009636,-0.13998909072041996,0.15702366129214076
mid,14.624370598411932,274.91839210332296,-0.2590334495971176,-0.13843347090555555,0.14752068287824754
mid,14.768729976134098,274.918392103323,-0.24352135783780407,-0.1366390495151851,0.13810956883526332
mid,14.9141581879322,274.91839210332296,-0.22866021615842136,-0.13461478756336603,0.12880614638660415
mid,15.060836381180703,274.91839210332296,-0.21442977717490283,-0.13236990543278096,0.1196243490173485
mid,15.208956757725744,274.918392103323,-0.2008081481059729,-0.12991336622620459,0.11057592862905909
mid,15.358760930947382,274.91839210332296,-0.18777268984139633,-0.12725403938190546,0.10167107478698109
mid,15.510491008623461,274.91839210332296,-0.17530260638319628,-0.12440078404137986,0.09291937529311342
mid,15.664394231384653,274.91839210332296,-0.16337940161616998,-0.12136299421093172,0.08433101963216215
mid,15.820696460108339,274.918392103323,-0.15199138575357915,-0.11815148465840156,0.07591849168626336
mid,15.979507947018943,274.918392103323,-0.14113613735881708,-0.11478011935340032,0.06769940525003322
mid,16.14079198475979,274.918392103323,-0.13081892835650016,-0.11126737966816322,0.059697965559065466
mid,16.304327092698706,274.918392103323,-0.12104926373132636,-0.10763696875461765,0.05194426643626222
mid,16.46972796126989,274.91839210332296,-0.11183370940442473,-0.10391706418550346,0.044471276933040184
mid,16.63653711266441,274.91839210332296,-0.10316990666640694,-0.10013787336212301,0.03730974876381478
mid,16.804314533883872,274.91839210332296,-0.09504472048364292,-0.09632855799113177,0.030483523960805087
mid,16.972708982284118,274.91839210332296,-0.08743610334181248,-0.09251486320139125,0.02400711407766673
mid,17.141471633408372,274.91839210332296,-0.0803168078430884,-0.08871809419464546,0.01788590036219223
mid,17.31044260488889,274.91839210332296,-0.07365744971382177,-0.08495529033181796,0.01211800972431672
mid,17.479525797143143,274.91839210332296,-0.0674285095742599,-0.08123992302751887,0.006696532462776424
mid,17.648667394591694,274.918392103323,-0.061601423074425316,-0.0775826756801456,0.0016114061859302106
mid,17.8178382519262,274.91839210332296,-0.05614910931071865,-0.07399209835868636,-0.003149226018740484
mid,17.98702326541348,274.91839210332296,-0.05104614014605497,-0.07047509177472892,-0.00759812895499933
mid,18.156214943197238,274.91839210332296,-0.046268765072617714,-0.06703723887393576,-0.011748438941381688
mid,18.325409637174737,274.91839210332296,-0.041794855552621725,-0.06368303767154843,-0.015613341310382766
mid,18.49460566402571,274.91839210332296,-0.03760381509175646,-0.06041606864733043,-0.01920587939247445
mid,18.663802259892467,274.91839210332296,-0.033676480069916026,-0.0572391219897079,-0.022538839847910476
mid,18.832999091249935,274.91839210332296,-0.029995018000395494,-0.05415430063022343,-0.025624681282066176
mid,19.00219601749063,274.91839210332296,-0.026542829447922533,-0.051163107235428246,-0.02847548892226673
mid,19.171392980539398,274.918392103323,-0.023304454903189345,-0.04826652035057561,-0.031102945005852645
mid,19.34058995754627,274.91839210332296,-0.020265487341352136,-0.045465062184980504,-0.03351830953796156
mid,19.50978693966076,274.91839210332296,-0.017412490687581515,-0.042758859554659884,-0.035732408333684545
mid,19.678983923591474,274.91839210332296,-0.014732924102347167,-0.040147698810444554,-0.037755626498922855
mid,19.848180908149903,274.91839210332296,-0.012215071929700911,-0.037631075298624264,-0.03959790614566809
mid,20.017377892917583,274.91839210332296,-0.00984797917519032,-0.03520823785942067,-0.041268747467181975
mid,20.186574877753458,274.9183921033229,-0.007621392235547794,-0.03287822868956518,-0.04277721249594263
mid,20.355771862610755,274.91839210332296,-0.0055257046307404245,-0.03063991893671471,-0.044131930995944466
mid,20.524968847474568,274.91839210332296,-0.0035519075040751705,-0.02849204035866849,-0.04534110803457349
mid,20.69416583234031,274.91839210332296,-0.0016915446040902428,-0.02643321336337602,-0.0464125328382368
mid,20.863362817206667,274.91839210332296,6.33285059256361e-05,-0.02446197172369245,-0.047353588611859065
mid,21.032559802073127,274.9183921033229,0.0017201812866919838,-0.022576784217270978,-0.04817126305184641
mid,21.201756786939686,274.9183921033229,0.003286041351763691,-0.02077607346379725,-0.048872159320686545
mid,21.370953771806192,274.91839210332296,0.004767524103993313,-0.019058232188554517,-0.04946250729984463
mid,21.54015075667275,274.91839210332296,0.006170859128486288,-0.017421637106290185,-0.04994817496375753
mid,21.709347741539315,274.9183921033229,0.007501913526680476,-0.01586466062070043,-0.05033467975293683
mid,21.87854472640582,274.9183921033229,0.008766212384592624,-0.014385680487285613,-0.05062719985482548
mid,22.04774171127238,274.91839210332296,0.009968956553981882,-0.012983087597802746,-0.050830585318959676
mid,22.21693869613894,274.9183921033229,0.011115037886989514,-0.011655291992825185,-0.05094936895590843
mid,22.3861356810055,274.91839210332296,0.012209052050731053,-0.010400727213272603,-0.05098777699443066
mid,22.555332665872008,274.9183921033229,0.013255309074145925,-0.009217853062176172,-0.05094973948681295
mid,22.724529650738567,274.9183921033229,0.014257841720847379,-0.008105156852201235,-0.05083890046094504
mid,22.893726635605127,274.9183921033229,0.015220411763015824,-0.007061153182783525,-0.05065862785186609
mid,23.062923620471636,274.9183921033229,0.016146514288455382,-0.006084382275008116,-0.05041202324490923
mid,23.232120605338196,274.9183921033229,0.017039380085391,-0.005173406924896831,-0.05010193148785942
mid,23.401317590204755,274.9183921033229,0.017901976207163644,-0.004326808045409039,-0.04973095024503981
mid,23.570514575071314,274.9183921033229,0.018737004802930793,-0.0035431788361588064,-0.04930143956890969
mid,23.739711559937824,274.9183921033229,0.019546900280993564,-0.00282111759952974,-0.04881553160134981
mid,23.908908544804383,274.9183921033229,0.020333824932144706,-0.002159219193666923,-0.048275140515189566
mid,24.078105529670943,274.91839210332296,0.021099663120521875,-0.0015560651592443735,-0.04768197282962683
mid,24.247302514537452,274.9183921033229,0.021846014189475425,-0.001010212552649617,-0.047037538243719396
mid,24.41649949940401,274.91839210332296,0.02257418426848466,-0.0005201815336921996,-0.04634316114464535
mid,24.58569648427057,274.9183921033229,0.023285177189634715,-8.44418146098494e-05,-0.04559999295794776
mid,24.75489346913708,274.9183921033229,0.02397968480249297,0.0002986019401635641,-0.04480902551283997
mid,24.92409045400364,274.9183921033229,0.02465807700656569,0.0006306255677441391,-0.043971105590053655
mid,25.0932874388702,274.9183921033229,0.025320391919513123,0.0009134015031733687,-0.043086950816198524
mid,25.262484423736705,274.9183921033229,0.025966326665196923,0.0011488152253484093,-0.042157167044935356
mid,25.431681408603264,274.9183921033229,0.02659522936080945,0.0013388816744778296,-0.04118226733373901
mid,25.600878393469827,274.9183921033229,0.02720609298401578,0.0014857611885802594,-0.04016269257825976
mid,25.770075378336387,274.9183921033229,0.02779755190919404,0.001591774398941724,-0.039098833791567436
mid,25.939272363202893,274.9183921033229,0.028367882019478506,0.001659415432356941,-0.03799105592009704
mid,26.108469348069452,274.9183921033229,0.028915005387308984,0.001691362630119481,-0.036839722967394545
mid,26.27766633293601,274.9183921033229,0.02943650064244442,0.0016904859280625524,-0.03564522404331938
mid,26.44686331780252,274.9183921033229,0.029929620237702178,0.0016598499159032054,-0.03440799975857075
mid,26.61606030266908,274.9183921033229,0.030391315860745113,0.001602711507605748,-0.033128568176163414
mid,26.78525728753564,274.9183921033229,0.030818273293822467,0.00152251110883802,-0.0318075492449468
mid,26.9544542724022,274.9183921033229,0.03120695800074544,0.0014228561421799398,-0.03044568635840942
mid,27.12365125726871,274.9183921033229,0.03155367264085858,0.0013074958079285857,-0.02904386335473282
mid,27.292848242135268,274.9183921033229,0.03185462753021717,0.001180286032007934,-0.02760311493898185
mid,27.462045227001777,274.9183921033229,0.032106024870776885,0.0010451437662546887,-0.026124628148482383
mid,27.631242211868337,274.9183921033229,0.03230415717400152,0.0009059900049235753,-0.02460973215538748
mid,27.800439196734896,274.9183921033229,0.03244551982118127,0.000766681241575545,-0.023059873456220917
mid,27.969636181601455,274.9183921033229,0.03252693716693903,0.0006309295765681549,-0.021476573258132525
mid,28.138833166467965,274.9183921033229,0.032545700802071996,0.0005022121608670995,-0.01986136382486274
mid,28.308030151334524,274.9183921033229,0.03249971785921,0.00038367138552358087,-0.018215700671760492
mid,28.477227136201083,274.9183921033229,0.03238766631769534,0.0002780078745118074,-0.016540847824396705
mid,28.646424121067593,274.9183921033229,0.03220915333681913,0.00018736901822126364,-0.014837733998206603
mid,28.815621105934152,274.91839210332296,0.03196487187771333,0.0001132365041732206,-0.013106778522369973
mid,28.98481809080071,274.9183921033229,0.031656750165444496,5.631681311911267e-05,-0.011347687216136413
mid,29.15401507566727,274.9183921033229,0.03128808818894194,1.643896568171918e-05,-0.00955922016390819
mid,29.32321206053378,274.9183921033229,0.03086367551855234,-7.536236898386152e-06,-0.007738935466326628
mid,29.492409045400287,274.9183921033229,0.03038988543980999,-1.7791677010641632e-05,-0.005882915522499752
mid,29.6616060302669,274.91839210332296,0.029874741727454135,-1.761138948514797e-05,-0.003985485070799154
mid,29.830803015133405,274.9183921033229,0.029327956950164276,-1.1418526773577034e-05,-0.0020389327423982794
mid,29.999999999999964,274.9183921033229,0.029047825354014234,-7.294593752888573e-06,-0.001094759193352563
outer,-30.000000000000068,298.7730695018225,-1.8130177002548e-05,-0.00010574730522691835,-0.00024626352740254236
outer,-30.000000000000068,298.6058480946258,-6.19281249430588e-05,-9.214176465353993e-05,-0.00026789277643629405
outer,-30.000000000000068,298.68956815628115,-3.986990531122737e-05,-9.893412327975134e-05,-0.0002574489225445345
outer,-30.000000000000018,298.52190281823334,-8.427344374330036e-05,-8.539852064367666e-05,-0.00027759637781176957
outer,-29.708261952012435,298.52190281823334,-4.519590236400244e-05,-0.0001670481487085678,-0.0003278923584348652
outer,-29.70752503721737,298.6058480946258,-3.19044786039531e-05,-0.0001828530925417903,-0.0003186851392676793
outer,-29.706787559933932,298.6895681562812,-1.8645863439078315e-05,-0.00019891596293749805,-0.0003085512443249854
outer,-29.706049478737864,298.7730695018225,-5.436853344334533e-06,-0.0002152087593860484,-0.0002974789216249513
outer,-29.4165239040248,298.5219028182333,3.723780164365914e-05,-0.0002910172077564839,-0.000324237187329731
outer,-29.41505007443467,298.60584809462586,3.51264319809166e-05,-0.00032700535984955874,-0.0003186743008286077
outer,-29.413575119867794,298.68956815628115,3.3333710036811655e-05,-0.0003638136703217107,-0.0003119513150691867
outer,-29.41209895747566,298.7730695018225,3.185306142351784e-05,-0.00040143808424996524,-0.00030404337273597635
outer,-29.124785856037168,298.5219028182333,0.000103827124360507,-0.0002835121408720534,-0.0001449484350245183
outer,-29.122575111652072,298.6058480946258,9.114805915043018e-05,-0.00034145763041683124,-0.0001481367051300902
outer,-29.12036267980166,298.68956815628115,7.896524012890506e-05,-0.000400908700033362,-0.00015019683962711437
outer,-29.118148436213456,298.7730695018225,6.726791040464442e-05,-0.0004618990610758787,-0.00015110792729031435
outer,-28.833047808049635,298.52190281823334,0.00013593096053385686,-5.674036593588459e-05,0.00014748175356640825
outer,-28.830100148869374,298.60584809462586,0.00011647092145200406,-0.00013389818741160872,0.00013134427237227527
outer,-28.82715023973552,298.6895681562812,9.768545446673459e-05,-0.00021306924966616893,0.00011609277429398587
outer,-28.824197914951252,298.7730695018225,7.957044343307613e-05,-0.0002942969187525716,0.00010173272703301351
outer,-28.541309760062003,298.52190281823334,0.00014227461155800195,0.0004560897273756974,0.0005050027770535148
outer,-28.537625186086675,298.60584809462586,0.00011907148569775469,0.00036550846517385756,0.0004726344204735839
outer,-28.533937799669385,298.68956815628115,9.674082885247201e-05,0.00027269947516967086,0.0004408073115510782
outer,-28.53024739368905,298.7730695018225,7.528863419931377e-05,0.00017763358255857062,0.00040951361974176964
outer,-28.24957171207437,298.52190281823334,0.00013343825650244802,0.0013017691305337582,0.0008959648403196911
outer,-28.24515022330408,298.60584809462586,0.00010858191309322295,0.0012047717490796198,0.0008451538255443362
outer,-28.24072535960325,298.6895681562812,8.47610731041662e-05,0.0011055543883023683,0.0007945319083557412
outer,-28.236296872426845,298.77306950182253,6.198440774018846e-05,0.0010041035093702833,0.0007440855091166974
outer,-27.957833664086735,298.5219028182333,0.00011565328175033016,0.002508752950362069,0.0013014649108180514
outer,-27.95267526052138,298.6058480946258,9.034851566840129e-05,0.0024123243379909677,0.0012309333200456703
outer,-27.94751291953711,298.6895681562812,6.617943548078487e-05,0.002313802079246394,0.0011602739342225787
outer,-27.94234635116464,298.7730695018225,4.3151508851609456e-05,0.0022131816271708715,0.0010894722115380496
outer,-27.666095616099103,298.52190281823334,9.174302173918254e-05,0.0040916769243357475,0.0017107232379981
outer,-27.660200297738683,298.6058480946258,6.661300411735021e-05,0.004002311806326028,0.0016198450955890167
outer,-27.654300479470976,298.68956815628115,4.266835429459891e-05,0.003911040886946994,0.001528563274644503
outer,-27.648395829902437,298.7730695018225,1.9910838322370877e-05,0.003817864952427776,0.0014368638268014368
outer,-27.37435756811157,298.52190281823334,6.292804549588209e-05,0.006056178556465317,0.0021176945457151404
outer,-27.367725334955985,298.6058480946258,3.82906837499402e-05,0.005979825357660132,0.0020062521739998046
outer,-27.361088039404837,298.6895681562812,1.4858591648114153e-05,0.005901792812435181,0.0018941657608808537
outer,-27.354445308640233,298.77306950182253,-7.369005886028335e-06,0.005822085781788943,0.0017814224169412042
outer,-27.082619520123938,298.5219028182333,2.979940132460078e-05,0.008402410483974995,0.002519064232206592
outer,-27.075250372173386,298.6058480946258,5.8198814276173155e-06,0.008344525665982646,0.0023870895350036198
outer,-27.067875599338702,298.6895681562812,-1.6951450225352084e-05,0.008285214328425244,0.0022542598829612304
outer,-27.06049478737793,298.7730695018225,-3.851719749537082e-05,0.00822448442668795,0.002120563701804294
outer,-26.790881472136306,298.52190281823334,-7.323635022473893e-06,0.011127247125507382,0.0029131265585279655
outer,-26.782775409390688,298.6058480946258,-3.056249067268438e-05,0.01109286280947705,0.0027608030483643516
outer,-26.774663159272666,298.6895681562812,-5.2600482484945095e-05,0.01105732294417405,0.00260743770020212
outer,-26.766544266115726,298.7730695018225,-7.344161347391624e-05,0.011020637698754464,0.0024530203455503125
outer,-26.499143424148674,298.52190281823334,-4.826164510482369e-05,0.014225656101087145,0.0032991381011344962
outer,-26.49030044660799,298.60584809462586,-7.07238418593114e-05,0.01421944795389021,0.0031267383251414927
outer,-26.48145071920653,298.6895681562812,-9.199852573248211e-05,0.014212368535014735,0.0029531289660683414
outer,-26.472593744853523,298.7730695018225,-0.00011209072262663346,0.014204429594226405,0.002778301220047387
outer,-26.207405376161038,298.52190281823334,-9.291257752930271e-05,0.01769157239870281,0.0036769331767088414
outer,-26.19782548382539,298.60584809462586,-0.00011458913795375173,0.017717923865117502,0.003484778054422405
outer,-26.188238279140393,298.68956815628115,-0.000135094812130844,0.017743699183129735,0.0032912604995448593
outer,-26.17864322359132,298.77306950182253,-0.00015443533486570338,0.017768911244690027,0.0030963729679100356
outer,-25.91566732817351,298.52190281823334,-0.0001412203262029805,0.021518459814607142,0.004046692380195579
outer,-25.905350521042692,298.60584809462586,-0.00016211849092574206,0.02158151954659104,0.0038351248397237385
outer,-25.895025839074258,298.6895681562812,-0.0001818639696355949,0.021644308085469695,0.0036220533335227056
outer,-25.884692702329115,298.7730695018225,-0.0002004629682353324,0.021706839149809712,0.0034074714376038065
outer,-25.623929280185873,298.5219028182333,-0.0001931601800011038,0.02569967066543746,0.0044088020395691725
outer,-25.612875558259994,298.6058480946258,-0.00021329775738184592,0.02580340268390278,0.004178169945438988
outer,-25.60181339900812,298.6895681562812,-0.00023230139680977674,0.025907178243760886,0.003945900648514909
outer,-25.59074218106691,298.7730695018225,-0.0002501775983733065,0.026011011667535375,0.003711988687080784
outer,-25.33219123219824,298.5219028182333,-0.00024873249802384936,0.0302286750974334,0.004763767505347357
outer,-25.3204005954774,298.6058480946258,-0.0002681350291631867,0.03037690246700727,0.004514412635457089
outer,-25.308600958941984,298.68956815628115,-0.0002864223238946816,0.03052549852495547,0.004263293054655526
outer,-25.296791659804708,298.7730695018225,-0.00030360103891234093,0.03067447805787174,0.004010404100784384
outer,-25.04045318421061,298.5219028182333,-0.0003079604183669569,0.03509920486266904,0.005112158361335661
outer,-25.0279256326947,298.6058480946258,-0.0003266598989027196,0.0352956478694661,0.004844409391731229
outer,-25.01538851887585,298.6895681562812,-0.0003442624972432428,0.03549279626328593,0.004574771734873537
outer,-25.002841138542504,298.7730695018225,-0.0003607749185878528,0.0356906652245495,0.004303241361777656
outer,-24.748715136222973,298.5219028182333,-0.00037088950336721695,0.04030533934226829,0.005454572532261247
outer,-24.735450669912,298.6058480946258,-0.00038892396748954616,0.040553649117688044,0.005168740733903624
outer,-24.72217607880971,298.6895681562812,-0.0004058794457479954,0.040803014081262606,0.004880897905571195
outer,-24.7088906172803,298.7730695018225,-0.00042176261268669045,0.04105344979311301,0.004591040479888207
outer,-24.456977088235444,298.5219028182333,-0.0004375881308438124,0.04584155126661439,0.005791611490313616
outer,-24.442975707129403,298.6058480946258,-0.0004550017089726844,0.046145339650962215,0.005487988318215014
outer,-24.428963638743575,298.6895681562812,-0.0004713537641666682,0.04645054802782672,0.0051822317504102156
outer,-24.414940096018096,298.77306950182253,-0.00048665088749599156,0.046757192371982385,0.004874338508688649
outer,-24.16523904024781,298.5219028182333,-0.0005081480400619329,0.05170272300153944,0.0061238619586402795
outer,-24.150500744346704,298.6058480946258,-0.0005249912977931849,0.05206558927117062,0.005802718015496346
outer,-24.135751198677436,298.6895681562812,-0.0005407902019335942,0.05243025754212807,0.0054793168348257655
outer,-24.120989574755892,298.7730695018225,-0.0005555512149467423,0.05279674430007232,0.005153655253404365
outer,-23.873500992260176,298.5219028182333,-0.0005826849085622705,0.05788414018394579,0.006451881482442728
outer,-23.858025781564006,298.6058480946258,-0.0005990153549565169,0.0583096951577865,0.006113466536904736
outer,-23.8425387586113,298.68956815628115,-0.0006143185391321269,0.05873745384847341,0.005772667757287665
outer,-23.82703905349369,298.7730695018225,-0.0006286007727874104,0.059167433393212066,0.00542948191640779
outer,-23.581762944272544,298.52190281823334,-0.0006613386209863813,0.06438146732579927,0.006776186425624751
outer,-23.565550818781308,298.60584809462586,-0.0006772213609534082,0.06487335523534464,0.006420730280062306
outer,-23.549326318545162,298.68956815628115,-0.0006920941561171894,0.06536787105438674,0.006062759820839737
outer,-23.533088532231485,298.7730695018225,-0.0007059631718674929,0.06586503275365871,0.0057022715763206736
outer,-23.29002489628491,298.5219028182333,-0.0007442732967907206,0.07119070800065724,0.0070972415994538015
outer,-23.27307585599871,298.6058480946258,-0.0007597818885749681,0.07175262638431895,0.006724955673027479
outer,-23.256113878479027,298.68956815628115,-0.0007742984754198455,0.07231762238162034,0.0063500200795399905
outer,-23.23913801096928,298.7730695018225,-0.0007878290846359409,0.07288571504385732,0.0059724309218956995
outer,-22.99828684829738,298.5219028182333,-0.0008316773195216273,0.07830815163088337,0.007415451171706645
outer,-22.98060089321601,298.6058480946258,-0.0008468948588763389,0.07894386955769755,0.007026530725202866
outer,-22.962901438412892,298.6895681562812,-0.000861139434557217,0.0795831436348975,0.006634819519065093
outer,-22.945187489707077,298.7730695018225,-0.0008744169696552791,0.08022599428816402,0.006240313042406569
outer,-22.706548800309694,298.5219028182333,-0.0009237632725333893,0.08573030859326496,0.007731150783465708
outer,-22.688125930433312,298.6058480946258,-0.0009387837998103381,0.08644368347417243,0.007325777722604669
outer,-22.669688998346803,298.6895681562812,-0.0009528521195363258,0.08716112545704048,0.00691746631410672
outer,-22.651236968444874,298.7730695018225,-0.0009659741083472041,0.08788265669127585,0.0065062112370640225
outer,-22.41481075232211,298.52190281823334,-0.001020768163495965,0.09345383451653684,0.008044600819680999
outer,-22.395650967650667,298.60584809462586,-0.0010356985778102873,0.09424882769538385,0.007622947041483745
outer,-22.376476558280668,298.6895681562812,-0.0010497000092087767,0.09504843523579164,0.0071982001706789485
outer,-22.35728644718267,298.77306950182253,-0.0010627783714357297,0.09585268142216645,0.006770353874425383
outer,-22.12307270433448,298.5219028182333,-0.0011229542408579714,0.10147544460863506,0.008355980770614734
outer,-22.10317600486802,298.6058480946258,-0.0011379168043913236,0.10235613612054326,0.007918212034789561
outer,-22.083264118214583,298.6895681562812,-0.0011519770161303386,0.10324202979745975,0.007477187722657343
outer,-22.063335925920466,298.77306950182253,-0.0011651409487854342,0.10413315253145061,0.007032900276324753
outer,-21.831334656346844,298.5219028182333,-0.001230610622744821,0.10979181858420392,0.00866538461731911
outer,-21.81070104208532,298.60584809462586,-0.0012457463043486876,0.11076242138521301,0.008211664921216107
outer,-21.790051678148448,298.6895681562812,-0.0012600108588357722,0.11173885932219166,0.00775451890551879
outer,-21.769385404658262,298.7730695018225,-0.0012734106780853058,0.11272116244769437,0.0072939375600486606
outer,-21.539596608359314,298.52190281823334,-0.001344056438767692,0.11839949601100805,0.008972816911114054
outer,-21.51822607930272,298.60584809462586,-0.0013595293499306868,0.11946437006226822,0.008503313370750283
outer,-21.49683923808231,298.6895681562812,-0.0013741684351413624,0.12053576250695996,0.008030204029264406
outer,-21.47543488339606,298.77306950182253,-0.0013879806251171564,0.12161370719369931,0.00755347817298482
outer,-21.24785856037168,298.52190281823334,-0.0014636460968810647,0.12729476126948613,0.009278189014020211
outer,-21.225751116520023,298.60584809462586,-0.0014796492472687744,0.12845842799583007,0.008793077271190199
outer,-21.20362679801612,298.68956815628127,-0.0014948638168682804,0.12962935238426518,0.008304171045379012
outer,-21.181484362133855,298.77306950182253,-0.0015092975669185257,0.13080757281868632,0.0078114576322801076
outer,-20.956120512384047,298.52190281823334,-0.0015897774082778635,0.13647351646508873,0.009581314597433731
outer,-20.933276153737324,298.6058480946258,-0.0016065401457228262,0.1377406740246233,0.00908078478950505
outer,-20.910414357949985,298.6895681562812,-0.0016225698384200599,0.13901589101815515,0.00857626214722676
outer,-20.88753384087165,298.77306950182253,-0.0016378754546542557,0.14029921124045597,0.008067731647671904
outer,-20.664382464396414,298.5219028182334,-0.0017229037567973102,0.1459311388051896,0.009881902964468031
outer,-20.640801190954626,298.60584809462586,-0.0017407012112372541,0.14730667866662103,0.009366166322654752
outer,-20.6172019178839,298.6895681562812,-0.001757834375604117,0.14869114970800584,0.008846228335926881
outer,-20.593583319609397,298.7730695018225,-0.0017743139077520814,0.1500846021825326,0.008322071279564094
outer,-20.37264441640878,298.52190281823334,-0.0018635516066271007,0.15566231699446717,0.010179548112427585
outer,-20.348326228171977,298.6058480946259,-0.0018827164875034608,0.15715134222349286,0.00964884429649731
outer,-20.32398947781776,298.6895681562812,-0.001901302664156189,0.15865024906711594,0.009113719944436514
outer,-20.299632798347194,298.77306950182253,-0.0019193231046132353,0.16015909549815238,0.0085741541711057
outer,-20.080906368421196,298.52190281823334,-0.002012344926292736,0.16566085852066936,0.010473710591482208
outer,-20.05585126538933,298.60584809462586,-0.0020332819884028713,0.16726870399382443,0.009928315915317933
outer,-20.030777037751626,298.6895681562812,-0.002053747190265305,0.1688874704526282,0.009378270283779515
outer,-20.00568227708504,298.7730695018225,-0.0020737565871614683,0.17051722513761858,0.008823549102738436
outer,-19.789168320433564,298.52190281823334,-0.0021700383120414196,0.17591945576662915,0.010763688105037292
outer,-19.76337630260663,298.60584809462586,-0.0021932417223439055,0.17765171018532006,0.010203924871977119
outer,-19.73756459768549,298.6895681562812,-0.0022161067125797823,0.17939602602698584,0.009639268502586826
outer,-19.711731755822786,298.77306950182253,-0.002238653382352629,0.18115248172087928,0.009069690043931877
outer,-19.497430272445982,298.5219028182334,-0.0023375609710303696,0.18642939408360826,0.011048569399991291
outer,-19.470901339824035,298.60584809462586,-0.0023636346861720878,0.18829192309613416,0.010474816650631928
outer,-19.444352157619353,298.6895681562812,-0.0023895363246024676,0.1901677694276952,0.009895916387629877
outer,-19.417781234560582,298.77306950182253,-0.0024152911859902995,0.1920570250986911,0.009311834537382338
outer,-19.20569222445835,298.52190281823334,-0.0025160737947313577,0.19718017872937754,0.01132716437610766
outer,-19.178426377041337,298.60584809462586,-0.0025457547711791526,0.19917914766970474,0.010739870460067698
outer,-19.151139717553217,298.6895681562812,-0.002575470212648201,0.20119282229767171,0.010147162268599852
outer,-19.123830713298428,298.77306950182253,-0.0026052519860349857,0.20322131123584228,0.00954899972923997
outer,-18.913954176470714,298.52190281823334,-0.0027070417935121105,0.20815904987767542,0.011597901303952073
outer,-18.88595141425864,298.6058480946259,-0.0027412255436625593,0.21030094336117763,0.010997598818474813
outer,-18.85792727748708,298.6895681562812,-0.002775698707568351,0.21245908331758395,0.010391603208727125
outer,-18.829880192036224,298.77306950182253,-0.0028105013017180533,0.21463359873775184,0.009779867422678452
outer,-18.622216128483185,298.5219028182333,-0.002912324098077859,0.2193503451129708,0.011858679731092489
outer,-18.59347645147599,298.60584809462586,-0.002952091625855781,0.22164197901809254,0.01124600353887601
outer,-18.564714837421047,298.6895681562812,-0.0029924608452998186,0.22395157565889146,0.010627344440456321
outer,-18.53592967077402,298.77306950182253,-0.003033481687385188,0.22627928909379602,0.010002647360179459
outer,-18.3304780804955,298.5219028182334,-0.0031342833123255906,0.2307346571181579,0.012106665008102382
outer,-18.30100148869334,298.60584809462586,-0.003180927778321435,0.23318317622007406,0.011482374266486267
outer,-18.27150239735486,298.6895681562812,-0.0032285528125280613,0.23565157593217076,0.010851802455445238
outer,-18.241979149511767,298.77306950182253,-0.0032772201563840905,0.23814004118955864,0.010214885441078458
outer,-18.038740032507917,298.5219028182334,-0.0033759153453522955,0.2422877202833991,0.012338007362313302
outer,-18.008526525910643,298.6058480946259,-0.0034309660703138734,0.24490057169837037,0.011703012767312101
outer,-17.97828995728872,298.6895681562812,-0.0034874518632407384,0.24753545202052352,0.0110614352714698
outer,-17.948028628249613,298.77306950182253,-0.00354544820847838,0.2501925841596656,0.010413200785185456
outer,-17.747001984520285,298.5219028182334,-0.0036409998411924896,0.2539789431629773,0.012547465215733175
outer,-17.716051563127994,298.6058480946259,-0.0037062402805935132,0.25676381185139413,0.01190286300424015
outer,-17.685077517222634,298.6895681562812,-0.0037734538304636314,0.25957311872392547,0.01125138032181993
outer,-17.65407810698736,298.7730695018226,-0.00384273153194873,0.26240713321687287,0.010592932563182764
outer,-17.455263936532653,298.5219028182334,-0.003934269906955945,0.26576948426198,0.012727908947516034
outer,-17.42357660034535,298.6058480946259,-0.004011745099555868,0.26873417190473486,0.012075023630960517
outer,-17.39186507715645,298.6895681562812,-0.004091820633406296,0.27172599860023283,0.011414977094969553
outer,-17.360127585725206,298.77306950182253,-0.0041746046089055425,0.27474529040756335,0.010747674289157731
outer,-17.16352588854507,298.5219028182334,-0.0042615981044818035,0.2776097461288377,0.01286967756507177
outer,-17.131101637562647,298.6058480946259,-0.004353605934074627,0.28076196848487367,0.012210115873736105
outer,-17.09865263709031,298.6895681562812,-0.004448932374341387,0.2839443502920573,0.011543148093792921
outer,-17.066177064462952,298.7730695018226,-0.004547703504070091,0.28715728588618317,0.0108686698484603
outer,-16.871787840557435,298.5219028182334,-0.004630193667659641,0.28943613670270835,0.012959756827795835
outer,-16.83862667477995,298.60584809462586,-0.004739253004706075,0.292783207039415,0.012295475959769875
outer,-16.805440197024225,298.6895681562812,-0.004852436403365433,0.2961637979456577,0.011623607986644857
outer,-16.7722265432007,298.77306950182265,-0.0049698879043912625,0.29957838512163837,0.010944041953168046
outer,-16.580049792569852,298.52190281823334,-0.005048803876880802,0.30116691726069367,0.012980743003549178
outer,-16.546151711997304,298.6058480946259,-0.005177591403207421,0.3047152743667693,0.012314137003385017
outer,-16.512227756958037,298.6895681562812,-0.005311383770515418,0.30830086248219624,0.011639866696728896
outer,-16.478276021938495,298.7730695018226,-0.005450341614835999,0.3119242528488696,0.010957819709581318
outer,-16.28831174458222,298.5219028182334,-0.005527910794653965,0.31269692215407063,0.012909551399333793
outer,-16.253676749214655,298.6058480946259,-0.005679157260843885,0.3164514504427509,0.012243560270409806
outer,-16.21901531689195,298.68956815628127,-0.005836342165034654,0.3202472574433328,0.011569987265816942
outer,-16.18432550067629,298.7730695018226,-0.005999639520732965,0.3240850245925888,0.010888727195156753
outer,-15.996573696594586,298.5219028182334,-0.006079913537193719,0.3238908955339129,0.012715822408596644
outer,-15.961201786431955,298.6058480946259,-0.00625624937657427,0.32785397152311246,0.0120540693802213
outer,-15.925802876825815,298.68956815628127,-0.006439473885903699,0.3318626676233614,0.011385053011221183
outer,-15.890374979414087,298.7730695018226,-0.0066297688266786295,0.3359177895930562,0.01070868867917664
outer,-15.704835648607004,298.5219028182334,-0.006719287011159911,0.3345751424117599,0.012359968527606707
outer,-15.668726823649308,298.6058480946259,-0.006923026825183899,0.3387453257287168,0.011706931625624167
outer,-15.63259043675968,298.6895681562812,-0.007134569039573407,0.34296567480909845,0.011047289048567402
outer,-15.596424458151883,298.7730695018226,-0.007354094493988113,0.3472371318439177,0.010380996629698977
outer,-15.413097600619421,298.5219028182334,-0.007462711370003899,0.34452713147823744,0.011790791218298208
outer,-15.37625186086666,298.6058480946259,-0.007695567110017058,0.34889739818128435,0.011152015681770835
outer,-15.339377996693543,298.68956815628127,-0.007937028902390009,0.3533224264007413,0.010507768060230224
outer,-15.30247393688968,298.77306950182253,-0.008187264265915518,0.3578033027308959,0.00985807323044155
outer,-15.12135955263179,298.5219028182334,-0.008329174171276175,0.3534626077759938,0.010942572125522687
outer,-15.083776898084013,298.6058480946259,-0.00859188809965869,0.3580179971513859,0.010324929831599564
outer,-15.046165556627457,298.6895681562812,-0.008863804046995778,0.3626325503268593,0.009703604327028187
outer,-15.008523415627527,298.77306950182253,-0.009145059305288562,0.3673074991962105,0.009078729638189037
outer,-14.829621504644207,298.52190281823334,-0.00934006198032375,0.3610196623327272,0.009731500728961395
outer,-14.791301935301364,298.6058480946259,-0.009631953302744613,0.36573417132890174,0.009143500741579949
outer,-14.75295311656132,298.68956815628127,-0.009933309660409534,0.3705116871789665,0.008554494383139585
outer,-14.714572894365324,298.7730695018226,-0.01024421579045015,0.37535357687506754,0.007964780109718433
outer,-14.537883456656726,298.5219028182334,-0.010519282452570722,0.36673904207351754,0.008051225319356037
outer,-14.498826972518767,298.60584809462586,-0.010837706835685502,0.37157154674978027,0.007503374173131155
outer,-14.459740676495336,298.68956815628127,-0.011165369927502083,0.3764698093970285,0.006958380693199165
outer,-14.420622373103221,298.7730695018226,-0.011502275028694747,0.38143530518722313,0.006416783064737808
outer,-14.246145408669499,298.5219028182334,-0.011893496243389201,0.3700397304665781,0.005767178593308053
outer,-14.206352009736527,298.6058480946259,-0.012233227732326789,0.37492862695719814,0.0052723760900184324
outer,-14.166528236429606,298.6895681562812,-0.012581291892187277,0.3798841768993226,0.004785864637328219
outer,-14.126671851841476,298.7730695018226,-0.012937573578820152,0.3849079118766801,0.0043085241447671785
outer,-13.954407360683494,298.5219028182334,-0.013492584979722094,0.3701884308234332,0.002709081284013981
outer,-13.913877046955458,298.6058480946259,-0.013845149413888393,0.3750445422614703,0.002283008972853995
outer,-13.873315796365098,298.68956815628127,-0.014204235551255436,0.37996525439980205,0.0018727156819599439
outer,-13.83272133058085,298.77306950182265,-0.014569562353402506,0.38495206588896674,0.0014795613863488183
outer,-13.66266931270156,298.5219028182334,-0.015350524966246826,0.36626095368738476,-0.0013394395733706682
outer,-13.62140208417851,298.6058480946259,-0.01570355551000153,0.37095799048207073,-0.0016780449977516348
outer,-13.580103356304711,298.68956815628127,-0.016060137987110562,0.3757130423801788,-0.0019907169486409054
outer,-13.538770809324447,298.7730695018226,-0.01641976444455831,0.3805274256423951,-0.00227542599904991
outer,-13.370931264733978,298.5219028182334,-0.017506631957493444,0.3570925967753603,-0.006656054440917394
outer,-13.328927121416013,298.6058480946259,-0.01784339008708477,0.3614539853509573,-0.006885499685011898
outer,-13.286890916258828,298.68956815628127,-0.01817931689124044,0.3658598951884118,-0.007075430377363759
outer,-13.244820288082549,298.7730695018226,-0.018513600295838244,0.3703112042214116,-0.007222883800011917
outer,-13.07919321681479,298.5219028182334,-0.02000626414356428,0.3412135421649506,-0.013603432693454945
outer,-13.036452158702065,298.6058480946259,-0.020305633734079176,0.3449935608871245,-0.013700169891782757
outer,-12.99367847626185,298.6895681562812,-0.02059822922929903,0.34879392193615694,-0.01373948694122383
outer,-12.950869766889808,298.7730695018226,-0.02088285039001333,0.3526145882422274,-0.013717112347040032
outer,-12.787455169053663,298.52190281823334,-0.022892463790019475,0.3167666815121076,-0.022667734407114733
outer,-12.743977196147043,298.6058480946259,-0.02312940362326623,0.3196226460447182,-0.022609969554075772
outer,-12.70046603642451,298.6895681562812,-0.023352357691467148,0.3224575887468677,-0.022471691030169293
outer,-12.656919245857623,298.77306950182253,-0.023559747864243183,0.32526950655976183,-0.02224679175470016
outer,-12.495717121795877,298.5219028182334,-0.026143398354193832,0.281418391791797,-0.03451972701832501
outer,-12.45150223409801,298.60584809462586,-0.026285439720841457,0.28287143725896,-0.03429668294357501
outer,-12.407253597095805,298.6895681562812,-0.02640603184051763,0.2842335022010753,-0.033964762516713584
outer,-12.362968725336666,298.77306950182253,-0.02650369335166999,0.2854980592862799,-0.03351543292707457
outer,-12.20397907608308,298.5219028182334,-0.03105925363143855,0.23198802193084866,-0.05041210053704881
outer,-12.159027273602002,298.60584809462586,-0.031262307074436765,0.2313324177721124,-0.0500877518518664
outer,-12.114041159328165,298.6895681562812,-0.0314658192892361,0.2304636920521552,-0.049629645660493577
outer,-12.069018206384765,298.77306950182253,-0.03167350822613932,0.22936480673379825,-0.04902756641647915
outer,-11.912241035005035,298.5219028182334,-0.05811719008768017,0.16142622908669318,-0.07557286936487526
outer,-11.86655231776487,298.6058480946259,-0.06121552387901992,0.15723342023855866,-0.07580129340074733
outer,-11.820828726243525,298.6895681562812,-0.06471064541096282,0.15256699536251386,-0.07595152332430194
outer,-11.775067692140036,298.77306950182265,-0.06865956197778673,0.14738319270652817,-0.07602283119696102
outer,-11.62050300733677,298.5219028182334,-0.14426322507043177,0.06748831105058181,-0.11570686276840549
outer,-11.574077375407136,298.6058480946259,-0.1555038907302709,0.058779515163172646,-0.11733659315107141
outer,-11.527616306708047,298.6895681562812,-0.1678764488771472,0.049352106698476464,-0.11898257053652686
outer,-11.481117191514288,298.7730695018226,-0.18148447032735346,0.03915461982147855,-0.12064981844921215
outer,-11.328765017380011,298.5219028182334,-0.29815409703211415,-0.03405238786115659,-0.1654049615403752
outer,-11.281602470957083,298.6058480946259,-0.31925667052475326,-0.04584323370517312,-0.16794316044837354
outer,-11.234403925276428,298.6895681562812,-0.34177432531623386,-0.058300183482175055,-0.1704367941214658
outer,-11.187166729188831,298.77306950182253,-0.36575103147697974,-0.07144323193029176,-0.1728737280881279
outer,-11.037027130480805,298.52190281823334,-0.4886943562757418,-0.12234199353566502,-0.21008238253078024
outer,-10.98912767010029,298.6058480946259,-0.5161722312798556,-0.1348406853203341,-0.21187751616747785
outer,-10.941191647974337,298.6895681562812,-0.5446713193419387,-0.1478191497375582,-0.21344154394993314
outer,-10.893216371529476,298.77306950182253,-0.5741478587492246,-0.16128401071501985,-0.21475248915453454
outer,-10.745289515347988,298.52190281823334,-0.6801440035193348,-0.19134465354220723,-0.239597800836585
outer,-10.696653142422916,298.6058480946259,-0.7094879732634284,-0.20368422022142452,-0.23952309912077452
outer,-10.647979645265716,298.68956815628115,-0.7392781946823319,-0.21645671289483026,-0.23911966455307346
outer,-10.599266289878807,298.77306950182253,-0.7694401783086432,-0.22967983124601796,-0.23838522562850084
outer,-10.453552600771676,298.5219028182334,-0.8545611132368309,-0.2477042323060489,-0.25377248356753884
outer,-10.404179318944319,298.6058480946259,-0.8829450323977898,-0.2602632983655861,-0.25192731467158186
outer,-10.354768350400937,298.6895681562812,-0.9113228860542677,-0.27327374927274406,-0.2498280538169109
outer,-10.305316919720054,298.7730695018225,-0.9396173710308525,-0.286738749137444,-0.24750199552404187
outer,-10.16181742490502,298.5219028182334,-1.0073713621940592,-0.2982551608681183,-0.2578584263793854
outer,-10.111707243215122,298.60584809462586,-1.033357750463879,-0.3112166998734777,-0.25503514970019237
outer,-10.061558812332228,298.6895681562812,-1.0589971365173958,-0.32452880116959537,-0.25212694956597953
outer,-10.011369315411416,298.77306950182253,-1.0842103072110365,-0.3381503343342679,-0.2491761695287223
outer,-9.87008645028159,298.5219028182334,-1.1387362381579123,-0.3449330833961354,-0.2572689555901138
outer,-9.819239390571981,298.6058480946259,-1.1616002241916834,-0.3578320305684448,-0.25427376819954295
outer,-9.768353519209043,298.68956815628115,-1.1838778723190575,-0.3708525829348619,-0.25135122070410343
outer,-9.717425977925684,298.77306950182253,-1.2055047724311097,-0.3839215962024026,-0.24853739691276788
outer,-9.578365316728325,298.5219028182333,-1.2505292428755805,-0.38673038301782114,-0.2554526849739971
outer,-9.526781430164002,298.6058480946258,-1.2701217052030134,-0.3988829001049154,-0.2527747691598563
outer,-9.47515816952505,298.6895681562812,-1.2890365230501724,-0.4109257961680122,-0.2502550691080738
outer,-9.423492635125209,298.7730695018225,-1.3072478609755827,-0.4227930169916433,-0.2479103555185391
outer,-9.286666452787612,298.52190281823334,-1.3458845839371245,-0.42252998915111817,-0.2538716785344067
outer,-9.2343458551513,298.60584809462586,-1.3625867778948386,-0.4335023795526203,-0.2516554630805426
outer,-9.181985321107401,298.6895681562812,-1.3786730709692518,-0.4442358349305348,-0.24960766988462527
outer,-9.129581909557002,298.77306950182253,-1.3941591769092987,-0.4546974132140512,-0.2477265970758351
outer,-8.995016793676417,298.52190281823334,-1.4285997852781307,-0.45227180468147554,-0.2527156805033485
outer,-8.941959740790562,298.60584809462586,-1.4431010045583341,-0.46200564540653744,-0.2508879812522689
outer,-8.888862189359372,298.6895681562812,-1.4571357811595849,-0.47148230708005906,-0.24919561685400654
outer,-8.83572115688563,298.77306950182253,-1.4707414291968721,-0.48069907447236393,-0.24762782043670484
outer,-8.703471654388773,298.5219028182333,-1.5022483615361992,-0.47674898830964074,-0.2516481196811793
outer,-8.649678689665544,298.6058480946258,-1.5152554883285434,-0.48542008451915275,-0.2500658880211186
outer,-8.59584466467428,298.6895681562812,-1.5279507275731983,-0.49387432195654823,-0.24857739735577877
outer,-8.541966555549742,298.77306950182253,-1.540370273405755,-0.5021220331308962,-0.24717153464216296
outer,-8.412142551064132,298.5219028182333,-1.5695636384948086,-0.496993569074249,-0.2502845045351352
outer,-8.357614797703032,298.6058480946258,-1.5816166512582572,-0.5048278894720207,-0.24882487464800426
outer,-8.303045423208369,298.68956815628115,-1.5934706105499545,-0.5124934767806576,-0.24742717324767483
outer,-8.248431362410289,298.77306950182253,-1.6051500485050527,-0.5200007577454272,-0.24608356567897444
outer,-8.121244673699838,298.5219028182333,-1.6323171640897685,-0.5138702948640765,-0.24837701724896
outer,-8.065984373701491,298.60584809462574,-1.643754806547912,-0.5210469173390261,-0.2469626799669879
outer,-8.010681893415398,298.6895681562812,-1.6550596501478845,-0.5280894774394331,-0.24559084645392654
outer,-7.955334126493089,298.7730695018225,-1.666245164403362,-0.5350045962062088,-0.24425678176990728
outer,-7.831175361525723,298.52190281823334,-1.691514062177696,-0.5279820585319636,-0.24582270391023547
outer,-7.775186822709828,298.60584809462586,-1.7025237655291667,-0.5346205253416275,-0.24441293627543467
outer,-7.719155547740136,298.6895681562812,-1.7134346430541936,-0.5411460149489463,-0.2430346447376176
outer,-7.663078389331688,298.7730695018225,-1.7242533360463286,-0.5475621753133366,-0.24168491424170857
outer,-7.542644151342762,298.52190281823334,-1.74764290805002,-0.5397357845626908,-0.2426156064905825
outer,-7.485935370504316,298.60584809462586,-1.7583213863607436,-0.5459165215901619,-0.2411903877930963
outer,-7.429183303749941,298.6895681562812,-1.7689170720041707,-0.5519974435391236,-0.23978983904856876
outer,-7.372384763307843,298.7730695018225,-1.779433136689855,-0.5579807009976205,-0.23841187301578995
outer,-7.2568315105459655,298.5219028182333,-1.8008467237301757,-0.5494276788808214,-0.23880317515397226
outer,-7.199416621885451,298.6058480946258,-1.8112408252756453,-0.5552116814472097,-0.23735163684035399
outer,-7.141957908335773,298.68956815628115,-1.8215590151018408,-0.5609054061358638,-0.2359196495488719
outer,-7.084452142432427,298.7730695018225,-1.8318028229365875,-0.5665104019608622,-0.23450543191809434
outer,-6.975574597055891,298.5219028182333,-1.85101722792622,-0.5572983347661933,-0.23446221521650842
outer,-6.917477286400197,298.6058480946258,-1.861146416619879,-0.5627379275576276,-0.23297649210399934
outer,-6.859335629961344,298.68956815628115,-1.871202086212371,-0.5680953697787214,-0.2315057129303989
outer,-6.801146361913828,298.7730695018225,-1.8811850485082329,-0.5733720611040002,-0.23004817787774912
outer,-6.701466758061531,298.52190281823334,-1.8978692606777225,-0.5635623298985587,-0.22969063798437517
outer,-6.642724194391306,298.6058480946258,-1.90773859083493,-0.5687053825110263,-0.22816351491046333
outer,-6.5839367924151375,298.6895681562811,-1.9175349208047592,-0.5737740142973418,-0.22664687685754725
outer,-6.525101250035966,298.7730695018224,-1.9272588459079032,-0.5787697262172816,-0.22513904001158538
outer,-6.437756763301255,298.5219028182333,-1.941047267248249,-0.5684299860588008,-0.22460855112019873
outer,-6.378423006379235,298.6058480946258,-1.9506559887186308,-0.5733207193028815,-0.22303337167433235
outer,-6.319043959892442,298.6895681562812,-1.9601918271951428,-0.5781447187909688,-0.22146441910391795
outer,-6.25961628851094,298.7730695018225,-1.9696554183502848,-0.5829037237278643,-0.21990004009456804
outer,-6.187822331310555,298.5219028182333,-1.980259040013362,-0.572120546796186,-0.2193539651669548
outer,-6.127969002103553,298.60584809462586,-1.9896060332515662,-0.5767988787379108,-0.21772550732772125
outer,-6.06806998674124,298.6895681562812,-1.9988804118236498,-0.5814180369857582,-0.21609941109327635
outer,-6.008121920687029,298.7730695018225,-2.0080829128564197,-0.5859800349918864,-0.2144741006240679
outer,-5.954508337268054,298.52190281823334,-2.0153911776819946,-0.5748639612776903,-0.21407067619679077
outer,-5.894221847623791,298.6058480946258,-2.024477489923913,-0.5793647091882359,-0.21238605580561618
outer,-5.833889341192072,298.6895681562812,-2.0334914531274997,-0.5838133757194828,-0.2107004953306204
outer,-5.773507429087,298.7730695018225,-2.042433808038751,-0.5882121879014361,-0.20901255118386444
outer,-5.739450050080925,298.52190281823334,-2.0465551678742244,-0.5768851275427482,-0.20888553792532114
outer,-5.678825313825751,298.6058480946258,-2.0553842692260127,-0.5812376635417167,-0.2071445720495012
outer,-5.618154302598822,298.6895681562812,-2.064140795202517,-0.5855443503368236,-0.20540002445594732
outer,-5.557433608500477,298.77306950182253,-2.0728252924466752,-0.5898074901396291,-0.20365063743234801
outer,-5.542918492991113,298.5219028182333,-2.074044606196103,-0.5783788179995267,-0.203890993823592
outer,-5.482051833036947,298.60584809462586,-2.0826215310077245,-0.5826072348120636,-0.20209599858352378
outer,-5.421138713450261,298.6895681562812,-2.0911247619792213,-0.5867949097601134,-0.20029548478157916
outer,-5.364099635296533,298.52190281823334,-2.0982658754184076,-0.5795003056632207,-0.19914271057011868
outer,-5.360175712732053,298.7730695018225,-2.099554445093135,-0.5909440463079255,-0.19848843396104396
outer,-5.303083142302371,298.6058480946258,-2.1065964163397854,-0.5836239985773441,-0.19729798055643244
outer,-5.242020075307828,298.6895681562812,-2.114851148026538,-0.5877108425083951,-0.1954465109061322
outer,-5.201325867208467,298.52190281823334,-2.11965903029857,-0.5803586921297237,-0.1946585226945977
outer,-5.180907004391437,298.7730695018225,-2.123029668988275,-0.591762768097147,-0.1935875707087219
outer,-5.140242961710249,298.6058480946258,-2.12774904101409,-0.5843929083522815,-0.1927696032929019
outer,-5.0791134315188495,298.6895681562812,-2.1357602647737037,-0.5883929828664075,-0.19087340510308823
outer,-5.052771724748447,298.52190281823334,-2.138632745084343,-0.581024323443088,-0.1904358432571443
outer,-5.017933842979493,298.7730695018225,-2.1436916883418915,-0.5923604213494943,-0.1889695153795204
outer,-4.991696336454172,298.6058480946258,-2.146487844716972,-0.5849807693358919,-0.188508923080135
outer,-4.930574329204588,298.68956815628115,-2.154260619367059,-0.5889047144997238,-0.18657479459069176
outer,-4.916649641583125,298.5219028182333,-2.1555546095533415,-0.5815470973690917,-0.1864621657030052
outer,-4.869402269767553,298.77306950182253,-2.1619494811033353,-0.5927971372418986,-0.18463337082410175
outer,-4.855646406407804,298.6058480946258,-2.1631804497022924,-0.5854347598945089,-0.18450364268966207
outer,-4.794596607351814,298.68956815628115,-2.170720271480622,-0.5892906803354349,-0.18253849482057166
outer,-4.791175701691986,298.52190281823334,-2.170741053982751,-0.5819586961663664,-0.1827149994602133
outer,-4.733496815238904,298.7730695018226,-2.1781720515545206,-0.5931152693681714,-0.1805669447401902
outer,-4.730299980736095,298.6058480946258,-2.1781435276292673,-0.5857844699094608,-0.18073111084590562
outer,-4.674930811677063,298.52190281823334,-2.184455018328458,-0.5822812239822801,-0.17917459235903727
outer,-4.669377793231426,298.6895681562812,-2.1854565345374017,-0.5895785733238297,-0.17874157290601744
outer,-4.614230587987568,298.60584809462586,-2.1916404009372505,-0.5860504064670502,-0.1771711977725052
outer,-4.608405717169633,298.77306950182253,-2.192677815341542,-0.5933408579054092,-0.17674687360521077
outer,-4.566577497167207,298.52190281823334,-2.196912226036656,-0.5825291463982916,-0.17581815653281244
outer,-4.553484031706575,298.6895681562812,-2.19873341152101,-0.5897874734047386,-0.17516337624828784
outer,-4.506093800085294,298.6058480946258,-2.203887241935009,-0.5862458829161391,-0.17380054398609848
outer,-4.492687730691106,298.7730695018225,-2.205731760235806,-0.593491759940337,-0.17315180777297814
outer,-4.465199910010433,298.5219028182333,-2.2082905487631965,-0.5827154689008415,-0.17263116039352647
outer,-4.445563935687143,298.68956815628115,-2.210767709094438,-0.5899297011791209,-0.17177982321957855
outer,-4.404969007262209,298.6058480946258,-2.215062329612638,-0.5863830926673386,-0.17060399409557359
outer,-4.384984504001223,298.7730695018225,-2.2175514926718134,-0.5935794968234649,-0.16975677428968344
outer,-4.3697658762583815,298.52190281823334,-2.218744456821765,-0.5828498682894295,-0.16959288055298005
outer,-4.344692130156046,298.6895681562812,-2.2217382160351558,-0.5900167985016228,-0.16857500289235186
outer,-4.309818669161408,298.60584809462586,-2.225320431667005,-0.586471194965424,-0.16756011448780944
outer,-4.284365892930876,298.77306950182253,-2.228316390828082,-0.5936151535099656,-0.16654497241962615
outer,-4.279557859466068,298.52190281823334,-2.228398943308708,-0.5829390664575477,-0.1666884671647472
outer,-4.249825704251939,298.6895681562812,-2.231800042355022,-0.590057561853355,-0.16552667238781663
outer,-4.21992151877143,298.60584809462586,-2.234786759113857,-0.5865165967025538,-0.16465340376075757
outer,-4.193910800182199,298.52190281823334,-2.237354339748819,-0.5829882440801163,-0.16390320081999757
outer,-4.189783611716261,298.77306950182253,-2.2381819229097797,-0.593607338848014,-0.16349325999676878
outer,-4.160239657549197,298.6895681562812,-2.24107861111307,-0.590058215558432,-0.16261861103888803
outer,-4.134609038909205,298.60584809462586,-2.243561816359275,-0.5865243427149067,-0.16186853264364864
outer,-4.112427705395073,298.52190281823334,-2.2456971323005086,-0.5830043291801192,-0.1612292323764226
outer,-4.100508923460386,298.7730695018225,-2.247273672366152,-0.5935622261335347,-0.16058464274072945
outer,-4.075262012493721,298.6895681562812,-2.2496745241390244,-0.5900237586222581,-0.15983483456369807
outer,-4.053482172544002,298.60584809462586,-2.2517320669777368,-0.5865012666196325,-0.15919712240068168
outer,-4.034463904566919,298.5219028182334,-2.2535026433737317,-0.5829905883919322,-0.15865009151060927
outer,-4.015866387404378,298.7730695018225,-2.2556922018821997,-0.5934848411191465,-0.15780245103323207
outer,-3.9944916464602356,298.6895681562812,-2.2576740911203896,-0.5899609836809332,-0.15716641086069794
outer,-3.9758928974109558,298.60584809462586,-2.2593726309278392,-0.5864505946468529,-0.15662217621534055
outer,-3.959831030791155,298.5219028182334,-2.260829883521982,-0.5829515727251009,-0.15616183270143164
outer,-3.9354528136371227,298.77306950182253,-2.263523480156248,-0.5933819688404955,-0.1551371936843831
outer,-3.91727718289844,298.6895681562812,-2.2651520751214944,-0.5898731085725404,-0.15459581610467216
outer,-3.901651867259199,298.60584809462586,-2.266542243549933,-0.5863768666636335,-0.15413937757614898
outer,-3.888051992648944,298.52190281823334,-2.2677351085964537,-0.5828909530074808,-0.15375184965195257
outer,-3.858613468576008,298.77306950182253,-2.2708417228052453,-0.5932568332598006,-0.15257084092168965
outer,-3.8434282954656247,298.6895681562812,-2.272166794037604,-0.589764683672985,-0.15211838488622606
outer,-3.830279510208577,298.60584809462586,-2.273296750850644,-0.5862837521697657,-0.1517357590672884
outer,-3.818877915085559,298.52190281823334,-2.2742631575560646,-0.5828112072823677,-0.1514132546423514
outer,-3.785157044983708,298.77306950182253,-2.2777046732889703,-0.5931140002802306,-0.15009842277951854
outer,-3.7724629299269994,298.6895681562812,-2.2787735615074687,-0.5896393828058304,-0.14972082657918484
outer,-3.7615256572701945,298.60584809462586,-2.2796805775830244,-0.5861737379096068,-0.14940419187762435
outer,-3.7520775458560713,298.5219028182334,-2.2804512662653256,-0.5827152913116765,-0.1491398658772501
outer,-3.7145990042383463,298.77306950182253,-2.2841669863414866,-0.5929571333815329,-0.14770638109105347
outer,-3.7041296223718456,298.6895681562812,-2.2850162793859243,-0.589499686185404,-0.14739581524353249
outer,-3.6951578538882828,298.6058480946259,-2.2857305282737848,-0.5860497771134147,-0.14713831304249617
outer,-3.687436858340733,298.52190281823334,-2.2863326539913564,-0.5826057747208354,-0.14692573056609934
outer,-3.6466865864467555,298.77306950182253,-2.290271926300805,-0.5927886651510988,-0.14538724702297434
outer,-3.6381947150157767,298.6895681562812,-2.2909312199498966,-0.5893485106782568,-0.1451368499300608
outer,-3.630960960690417,298.60584809462586,-2.291479349903859,-0.5859144021941416,-0.14493203687312622
outer,-3.6247585155261985,298.5219028182334,-2.2919368704085046,-0.5824848768808519,-0.14476518703719238
outer,-3.581184929610671,298.7730695018226,-2.2960551274864063,-0.5926114188799588,-0.14313442939735255
outer,-3.5744419548844055,298.6895681562812,-2.296550566412256,-0.5891883071807285,-0.1429377513789672
outer,-3.56873661468206,298.60584809462586,-2.2969560967521296,-0.5857697650865836,-0.14277960781586552
outer,-3.5638612282617506,298.5219028182333,-2.2972899512554212,-0.5823544754099423,-0.1426529093509275
outer,-3.517876666241815,298.77306950182253,-2.3015481193744782,-0.5924277037817688,-0.14094169614865062
outer,-3.512671952218925,298.6895681562812,-2.301902802904506,-0.5890211152752681,-0.14079270568697624
outer,-3.508302584166462,298.6058480946259,-2.302186310097772,-0.5856176566836494,-0.14067563918825313
outer,-3.504586086593428,298.5219028182334,-2.3024109259736116,-0.5822155837814346,-0.14058423848670742
outer,-3.4565613789762737,298.77306950182253,-2.3067787518250875,-0.5922393945324439,-0.13880321070499657
outer,-3.452701532056782,298.68956815628115,-2.3070129240360466,-0.5888485991765202,-0.13869629774972125
outer,-3.449499132995701,298.60584809462586,-2.3071885755326456,-0.5854590033367576,-0.13861544759190148
outer,-3.4469368893925365,298.52190281823334,-2.307316977375737,-0.5820708428968104,-0.13855961779022635
outer,-3.3970549488134516,298.7730695018226,-2.311771438204028,-0.5920479865330815,-0.13671356098845086
outer,-3.394370131425883,298.6895681562812,-2.311899040672179,-0.5886715620513143,-0.13664384904083315
outer,-3.392330079792071,298.60584809462586,-2.3119796791721026,-0.5852963545208727,-0.1365995003784164
outer,-3.390633348393,298.52190281823334,-2.3120288026103983,-0.5819211612123922,-0.1365706002360028
outer,-3.3391959852797544,298.7730695018226,-2.3165438042204287,-0.5918541237701666,-0.13466810035618615
outer,-3.3376815887142204,298.6895681562812,-2.31657753578885,-0.5884924332786418,-0.13463587623251413
outer,-3.336513679033742,298.6058480946259,-2.3165799070135247,-0.5851305116474694,-0.1346193309489262
outer,-3.3356228087996236,298.52190281823334,-2.3165597956396997,-0.5817671697994573,-0.13461552517834496
outer,-3.2829883465452054,298.7730695018226,-2.3211118417623533,-0.5916600872551597,-0.1326674160384139
outer,-3.2823527000321335,298.6895681562812,-2.321068290418122,-0.5883118816118079,-0.1326639116385147
outer,-3.2819970021662708,298.60584809462586,-2.3210023187513253,-0.5849619878266291,-0.13267331748668693
outer,-3.28186863323791,298.5219028182334,-2.3209219479514687,-0.5816106212641068,-0.13269358840507628
outer,-3.2291888059837492,298.52190281823334,-2.325127680535816,-0.581451816833971,-0.13079934248169317
outer,-3.228743221332708,298.6058480946259,-2.325258637084286,-0.5847924341627315,-0.13076070012863059
outer,-3.228330262856931,298.6895681562812,-2.3253840392781697,-0.5881302748681954,-0.13072638450651552
outer,-3.228147369158004,298.7730695018226,-2.325495046844637,-0.5914663879700535,-0.13070305209014496
outer,-3.1776109020658354,298.52190281823334,-2.3291858824089866,-0.5812918889199455,-0.1289338160199198
outer,-3.176569374485176,298.6058480946259,-2.329361019703164,-0.584622036035742,-0.12887604783675316
outer,-3.17557725870372,298.6895681562812,-2.3295362537213515,-0.5879491412725955,-0.1288225868712799
outer,-3.174619576402893,298.77306950182253,-2.3297058483307547,-0.5912732223763013,-0.12877349484153014
outer,-3.1269949867628974,298.5219028182334,-2.3331072967820092,-0.5811315468841134,-0.12709290964616382
outer,-3.1255031800185433,298.60584809462586,-2.333318152584068,-0.5844518091687695,-0.1270204432685261
outer,-3.123909778478539,298.68956815628127,-2.333536846993625,-0.5877685324864306,-0.12694710671199608
outer,-3.1223677590109076,298.7730695018225,-2.3337554911458693,-0.5910819772770823,-0.1268780898886802
outer,-3.077271331150534,298.5219028182334,-2.33689919509128,-0.5809707817925702,-0.12527462422655253
outer,-3.0754039756724785,298.6058480946259,-2.3371405909936978,-0.5842823576320018,-0.1251898022134791
outer,-3.073355684051993,298.6895681562812,-2.337394323094133,-0.5875893335089025,-0.1251010802656968
outer,-3.071207060066609,298.77306950182253,-2.3376556695406716,-0.5908925571770242,-0.12501144192700445
outer,-3.0284836754787188,298.5219028182334,-2.3405676231162524,-0.580810835534391,-0.12348064881770346
outer,-3.026201669992832,298.6058480946259,-2.3408354469185957,-0.584113555192361,-0.12338215335686968
outer,-3.023773585069291,298.68956815628127,-2.3411190708756524,-0.5874120339836946,-0.12328043526239985
outer,-3.021165485033588,298.7730695018226,-2.341414731296856,-0.5907057067663087,-0.12317473607337565
outer,-2.9804592961814715,298.52190281823334,-2.3441221773997376,-0.5806518601644914,-0.12170573061641972
outer,-2.9779402306407112,298.60584809462586,-2.344408658094625,-0.583946547667187,-0.12159922707928236
outer,-2.975093027269597,298.6895681562812,-2.344718060944974,-0.587236382486221,-0.12148322302569461
outer,-2.9721009148664805,298.77306950182253,-2.3450429218000335,-0.5905217958157293,-0.12136390501123193
outer,-2.933171513239407,298.5219028182334,-2.347567382508046,-0.5804935794529982,-0.11994922137817207
outer,-2.9304460360376727,298.6058480946259,-2.3478696876924614,-0.5837813940285264,-0.11983576024495846
outer,-2.927358205899092,298.6895681562812,-2.3481971405996642,-0.5870634248795725,-0.11971120916257158
outer,-2.923942532200827,298.7730695018226,-2.3485470881674058,-0.5903404435897637,-0.11957701457325133
outer,-2.88668801679817,298.52190281823334,-2.3509064610439734,-0.5803370982545825,-0.1182136656075542
outer,-2.883692267451385,298.6058480946259,-2.351222965722117,-0.5836177165079638,-0.11809112604196059
outer,-2.880394600681241,298.6895681562812,-2.351565655950628,-0.5868931276250546,-0.11795911363011909
outer,-2.8767347600540334,298.77306950182253,-2.351933004825661,-0.5901625963808098,-0.11781585758077383
outer,-2.84085796199574,298.52190281823334,-2.3541469945728393,-0.5801825113610297,-0.11649448117513755
outer,-2.837746966957445,298.6058480946259,-2.3544716776563415,-0.5834565513748265,-0.11636790285402498
outer,-2.8341752540648164,298.68956815628127,-2.354827959158654,-0.5867250132046864,-0.11622632529751238
outer,-2.8303021787155713,298.77306950182253,-2.3552099181477275,-0.5899881331917537,-0.1160751296899366
outer,-2.7956527593600127,298.52190281823334,-2.357294562030147,-0.5800297210825266,-0.11479080700860396
outer,-2.7924585054315405,298.60584809462586,-2.357623331495906,-0.5832979283488998,-0.11466149060239274
outer,-2.7887685603241126,298.68956815628127,-2.3579872159682087,-0.58656005287055,-0.1145154508817267
outer,-2.7846176917017313,298.77306950182253,-2.3583821203644266,-0.5898164821860301,-0.1143542293411119
outer,-2.7510450314508175,298.5219028182334,-2.3603524982294735,-0.5798788617670179,-0.11310206605399045
outer,-2.7477981447610658,298.6058480946259,-2.360683443435868,-0.583141673335617,-0.1129710310171241
outer,-2.7440221054738676,298.68956815628127,-2.361050874656898,-0.5863982158312638,-0.11282186641654432
outer,-2.739750045773842,298.77306950182265,-2.36145277432958,-0.5896485551314269,-0.11265578555289946
outer,-2.707028109184003,298.52190281823334,-2.3633232885749864,-0.5797301093156446,-0.1114283844562999
outer,-2.7037383651670215,298.6058480946259,-2.3636553234624063,-0.5829878626869398,-0.1112959516848556
outer,-2.699907002647543,298.68956815628127,-2.3640243992711785,-0.5862392551598652,-0.11114471062033221
outer,-2.695546041442965,298.77306950182253,-2.364429280172167,-0.5894842661557484,-0.11097514410516222
outer,-2.6635951309549664,298.5219028182334,-2.3662102849623916,-0.5795838366083959,-0.10976980122318378
outer,-2.6602724628918155,298.6058480946259,-2.3665414455578384,-0.5828366194461716,-0.10963638490114024
outer,-2.656395589618613,298.6895681562812,-2.3669110834675444,-0.5860831925139728,-0.10948341018761963
outer,-2.651976642966904,298.7730695018226,-2.367317057624946,-0.5893232997347012,-0.1093114346559713
outer,-2.6206748909825315,298.5219028182334,-2.369018054380659,-0.5794400103998014,-0.10812417833801177
outer,-2.61739354065637,298.6058480946259,-2.369345148634842,-0.5826882714191346,-0.10799236852221841
outer,-2.6134811279295316,298.6895681562812,-2.369713396269912,-0.5859301015429317,-0.10783809839282671
outer,-2.609014045554866,298.7730695018226,-2.370119389886856,-0.5891656268543262,-0.10766407747180151
outer,-2.5782450917353894,298.5219028182334,-2.3717500908695293,-0.5792985794484081,-0.10649092711966048
outer,-2.5750300224712896,298.6058480946259,-2.372070970480345,-0.5825427415231827,-0.10636174703374786
outer,-2.571156684599672,298.6895681562812,-2.372434668308447,-0.5857802690350555,-0.1062088071490377
outer,-2.5666514760209553,298.7730695018226,-2.3728387453041315,-0.5890112759595497,-0.10603320191290912
outer,-2.5362844117557373,298.5219028182334,-2.3744091174600546,-0.5791595963458431,-0.10486956521584108
outer,-2.533159494877508,298.6058480946259,-2.374722383288187,-0.5823999343264504,-0.10474392282597547
outer,-2.5293503131486816,298.68956815628127,-2.3750794109965896,-0.5856335783501287,-0.10459335921205246
outer,-2.5248819656537367,298.77306950182253,-2.375478449135185,-0.5888604974479247,-0.10441882961223761
outer,-2.4947724683461288,298.5219028182334,-2.376997709244927,-0.5790230963631727,-0.10325962691672302
outer,-2.491760525564102,298.6058480946259,-2.3773020992176437,-0.5822598669025761,-0.10313840437443834
outer,-2.4880394841013933,298.68956815628127,-2.377651076067954,-0.5854898936502434,-0.10299114437027874
outer,-2.483633197178704,298.7730695018226,-2.378042987428424,-0.5887131396066893,-0.10281875785174825
outer,-2.4536897813612777,298.52190281823334,-2.3795183018296937,-0.5788891006938558,-0.10166066262860207
outer,-2.450812625861362,298.6058480946259,-2.3798126829647344,-0.5821225427667207,-0.1015447156023116
outer,-2.4472026542089846,298.6895681562812,-2.3801523651209187,-0.5853492000864359,-0.10140165874007437
outer,-2.4428825250092223,298.7730695018226,-2.3805357908887834,-0.5885690299509643,-0.10123236059765961
outer,-2.4130177381035374,298.5219028182334,-2.3819732002920704,-0.5787576194878709,-0.10007223866530834
outer,-2.4102962143440965,298.6058480946259,-2.3822565608212045,-0.5819879552211537,-0.09996239592469894
outer,-2.406819228748668,298.6895681562812,-2.382585832422926,-0.5852114731787837,-0.0998244133219812
outer,-2.402608294868141,298.7730695018226,-2.3829595493599087,-0.588428125416579,-0.09965911895347287
outer,-2.3727385593175807,298.52190281823334,-2.3843645877203272,-0.5786286540807168,-0.09849393696855895
outer,-2.3701925815448326,298.6058480946259,-2.384636030332411,-0.5818560901376955,-0.09839100040358532
outer,-2.366869524938099,298.68956815628127,-2.3849538954883553,-0.585076682285396,-0.09825893464112143
outer,-2.362789805892422,298.77306950182253,-2.385316806251428,-0.5882903776508746,-0.09809852914449593
outer,-2.3328352662762377,298.5219028182334,-2.386694531916328,-0.5785021981366494,-0.09692535445926474
outer,-2.3304838557715017,298.6058480946259,-2.3869532683386416,-0.5817269272891951,-0.09683009943668781
outer,-2.327334736466037,298.68956815628127,-2.387258845178377,-0.5849447926053336,-0.09670476500042542
outer,-2.3234072738596705,298.7730695018226,-2.387609971218106,-0.5881557362661917,-0.09655010358830123
outer,-2.293291648946556,298.5219028182334,-2.388964990052841,-0.5783782382433201,-0.09536610216817967
outer,-2.2911529700222943,298.6058480946259,-2.3892103360423675,-0.5816004404869998,-0.09527927788227852
outer,-2.2881968991331414,298.6895681562813,-2.3895028520107076,-0.5848157650449249,-0.09516146176926807
outer,-2.2844417955355922,298.77306950182265,-2.3898413291335516,-0.5880241490282163,-0.09501337069082991
outer,-2.2540922352220787,298.5219028182334,-2.39117781266017,-0.5782567548839177,-0.0938158045972516
outer,-2.2521836299862246,298.6058480946259,-2.3914091823144057,-0.5814765978553961,-0.09373813417775757
outer,-2.249438857595634,298.6895681562812,-2.391687968826801,-0.5846895554380411,-0.09362859618404176
outer,-2.245875314137851,298.7730695018226,-2.392013042740077,-0.5878955598121482,-0.09348787335787104
outer,-2.2152222612054215,298.52190281823334,-2.393334748505641,-0.5781377241268968,-0.09227409960726816
outer,-2.213560283115264,298.6058480946259,-2.3935516477108916,-0.5813553632022233,-0.09220628007643952
outer,-2.2110442332000715,298.6895681562812,-2.3938161333433023,-0.5845661151688037,-0.09210575271463362
outer,-2.207690585908339,298.7730695018226,-2.394127152945669,-0.5877699076981083,-0.09197316769028255
outer,-2.1766676425230296,298.5219028182334,-2.395437450730696,-0.578021119516045,-0.0907406387007462
outer,-2.1752680887525724,298.60584809462597,-2.3956394705718416,-0.5812366982213821,-0.09068334106411984
outer,-2.1729973928954824,298.68956815628127,-2.3958891735786887,-0.5844453935150474,-0.09059252948956403
outer,-2.169871147782047,298.7730695018226,-2.396185582521859,-0.5876471290642629,-0.09046882314366372
outer,-2.1384149466523645,298.5219028182334,-2.3974874834647664,-0.5779069134670091,-0.08921508729515616
outer,-2.1372928892981,298.6058480946259,-2.3976742944088554,-0.5811205643787875,-0.08916895696184823
outer,-2.13528341920705,298.68956815628127,-2.39790881601947,-0.5843273402942476,-0.08908853928561655
outer,-2.1324012861392103,298.7730695018226,-2.398190144717822,-0.5875271612136028,-0.08897442391372917
outer,-2.1004513662404634,298.5219028182334,-2.3994863277744582,-0.5777950778086766,-0.08769712466517843
outer,-2.099621182391859,298.6058480946259,-2.399657674934933,-0.5810069237370432,-0.08766278216611186
outer,-2.097888081252248,298.6895681562813,-2.3998766941083267,-0.5842119072659198,-0.08759341021056322
outer,-2.095266006624032,298.7730695018226,-2.400142553706633,-0.5874099448530167,-0.0874895702680571
outer,-2.0627646933914154,298.5219028182334,-2.4014353864424063,-0.5776855837113641,-0.08618644351973705
outer,-2.06224009409376,298.60584809462597,-2.4015910855789753,-0.5808957387580432,-0.08616448533861344
outer,-2.0607978067803607,298.68956815628127,-2.4017943549086205,-0.5840990479318383,-0.08610678561263369
outer,-2.0584510050115683,298.7730695018226,-2.402044433072717,-0.5872954241803637,-0.08601387885691147
outer,-2.025343294899258,298.5219028182334,-2.4033359877099563,-0.5775784014578608,-0.08468274938471085
outer,-2.025137353037456,298.6058480946259,-2.4034759215174946,-0.5807869717364393,-0.0846737487376775
outer,-2.0239996552133857,298.6895681562812,-2.4036632635663757,-0.5839887165412663,-0.08462832336620077
outer,-2.0219426391031217,298.7730695018226,-2.4038973210039978,-0.5871835453787729,-0.0845469819960534
outer,-1.9883012655343864,298.60584809462597,-2.4053135028969344,-0.5806805844743584,-0.08319026750186617
outer,-1.988176088402568,298.5219028182334,-2.4051893884989934,-0.5774735004296769,-0.08318576001190696
outer,-1.987481291665991,298.6895681562812,-2.405484806468347,-0.5838808672890125,-0.08315769498260953
outer,-1.9857279016281733,298.77306950182265,-2.405702673311235,-0.5870742551074415,-0.08308852653438405
outer,-1.9517206916044534,298.60584809462597,-2.4071050778744425,-0.5805765383762804,-0.08171374911274017
outer,-1.95125251943587,298.5219028182334,-2.406996735695561,-0.5773708432546371,-0.08169521325488091
outer,-1.9512309619209116,298.68956815628127,-2.4072602941156442,-0.5837754541541069,-0.081694584907835
outer,-1.9497943941304487,298.7730695018226,-2.4074618659272877,-0.5869674998982273,-0.08163817290163726
outer,-1.9153850219081479,298.6058480946259,-2.4088517845505137,-0.5804747886435374,-0.08024392162876832
outer,-1.9152374683355102,298.68956815628127,-2.40899096428485,-0.5836724312820416,-0.08023869014226653
outer,-1.9145659645364306,298.5219028182334,-2.4087587384540545,-0.5772703596694841,-0.08021104294314305
outer,-1.9141303018144649,298.7730695018226,-2.409176197858312,-0.5868632264463852,-0.08019559458831998
outer,-1.8794901466542098,298.68956815628127,-2.4106779448153195,-0.5835717472370575,-0.0787897288834882
outer,-1.8792875985465398,298.6058480946259,-2.410554327868376,-0.5803752574955691,-0.07878071180021227
outer,-1.8787243693276665,298.77306950182265,-2.410846894805461,-0.5867613823579791,-0.0787604780127673
outer,-1.878134748798941,298.5219028182334,-2.410476126676754,-0.5771721557856587,-0.07873394743315769
outer,-1.8439823045155237,298.6895681562812,-2.4123219351808096,-0.5834733174155183,-0.07734762089376498
outer,-1.8435658774534736,298.7730695018226,-2.4124750729620756,-0.5866619103828984,-0.077332531583612
outer,-1.8434468418887278,298.6058480946259,-2.412213432736461,-0.5802780466050056,-0.077324812820697
outer,-1.8419191369784678,298.5219028182334,-2.412150415564352,-0.5770761633904965,-0.0772626332911767
outer,-1.8087324576359813,298.6895681562812,-2.4139236545683556,-0.583377240008758,-0.07591305434309688
outer,-1.8086480993398542,298.77306950182253,-2.414061425222866,-0.5865647197742831,-0.07591166829717408
outer,-1.8078228101012495,298.6058480946259,-2.4138305985362276,-0.5801830846611331,-0.07587491615905032
outer,-1.8059102194519119,298.5219028182334,-2.413782877777453,-0.5769822986910167,-0.0757968092378157
outer,-1.7739896461285272,298.77306950182253,-2.4156066645533842,-0.5864699061926772,-0.07449857154358522
outer,-1.7737004574355328,298.68956815628127,-2.415484585853342,-0.5832834415430429,-0.07448470583055392
outer,-1.7724065472384922,298.6058480946259,-2.4154070847667772,-0.5800902812079081,-0.0744307221564112
outer,-1.770099524567053,298.5219028182334,-2.4153744234192236,-0.5768905332018438,-0.07433625185517323
outer,-1.7395501623237002,298.7730695018226,-2.417112256881965,-0.586377394894042,-0.07309190335542735
outer,-1.7388773016109378,298.68956815628127,-2.4170059747585273,-0.5831918254468208,-0.07306226759749246
outer,-1.7371895376030493,298.6058480946259,-2.4169437933734597,-0.5799996037253354,-0.07299199974485096
outer,-1.734478999949742,298.5219028182334,-2.4169259142436363,-0.5768008397644409,-0.07288074916267083
outer,-1.7053205992266431,298.7730695018226,-2.4185794337930613,-0.5862870836359598,-0.0716913481959613
outer,-1.704254430386016,298.68956815628127,-2.4184887149706014,-0.5831023557082703,-0.07164550116029506
outer,-1.7021636869555117,298.60584809462586,-2.418441578862953,-0.5799110212644616,-0.07155852962808745
outer,-1.6990409945513745,298.5219028182334,-2.4184381050673958,-0.5767131829828153,-0.07143011594482518
outer,-1.6712923529460688,298.7730695018226,-2.4200090809310555,-0.5861989333721528,-0.0702966603875257
outer,-1.6698237076239377,298.68956815628127,-2.4199336537865634,-0.5830149979646058,-0.07023418003377802
outer,-1.6673213044683575,298.6058480946259,-2.4199011903402905,-0.579824494452943,-0.07013011978277195
outer,-1.6637844193151174,298.5219028182334,-2.4199113472217015,-0.5766275086710405,-0.06998446589842328
outer,-1.6374572454135792,298.77306950182253,-2.421402038540242,-0.5861129065414027,-0.06890760629669955
outer,-1.6355774026880352,298.68956815628127,-2.421341534336526,-0.5829297089978238,-0.068828105355029
outer,-1.6326612954226545,298.60584809462597,-2.421322978698916,-0.5797399641568952,-0.06870687980272741
outer,-1.6287326293866577,298.5219028182334,-2.421346062271468,-0.576543928508887,-0.0685446443790668
outer,-1.6038075061507924,298.77306950182253,-2.422759043242294,-0.5860289560150114,-0.06752398005373526
outer,-1.6015144151929506,298.6895681562812,-2.422712706159911,-0.5828464246139669,-0.06742738249090263
outer,-1.5982071363905423,298.60584809462597,-2.4227073610463132,-0.5796575398626539,-0.06728965162521253
outer,-1.5938418170692819,298.5219028182334,-2.4227434928446994,-0.576462369136714,-0.0671091729648505
outer,-1.5703420291011416,298.77306950182265,-2.4240804417263035,-0.5859470123044868,-0.06614588258854714
outer,-1.5676583432299458,298.6895681562812,-2.4240475807898987,-0.5827652524501448,-0.06603284983530697
outer,-1.5639147919133949,298.6058480946259,-2.424055563311895,-0.5795771468223503,-0.06587694233491491
outer,-1.5591055875329278,298.5219028182334,-2.424104645573876,-0.576382750796634,-0.0656778111586788
outer,-1.5370845339746513,298.7730695018226,-2.4253666384282435,-0.5858671816357902,-0.06477414869374473
outer,-1.533964923404544,298.6895681562812,-2.4253473662145493,-0.582686116989658,-0.0646430001279265
outer,-1.5297778339134132,298.6058480946259,-2.425368579617051,-0.579498700125807,-0.06446850488360593
outer,-1.5245178766356569,298.5219028182334,-2.42543014074562,-0.5763050513992675,-0.06425039809956959
outer,-1.5039905292543334,298.77306950182265,-2.4266188222905867,-0.5857893885669759,-0.06340725712213005
outer,-1.5004276943661206,298.6895681562812,-2.426613043345753,-0.5826089286587638,-0.06325758020798025
outer,-1.495790166720557,298.6058480946259,-2.4266470229012045,-0.5794221756101168,-0.06306417277487644
outer,-1.490072936429279,298.5219028182334,-2.4267202907094743,-0.5762292066481838,-0.06282687104655442
outer,-1.4710535202892574,298.77306950182265,-2.4278379609659533,-0.5857135395021132,-0.06204494924496545
outer,-1.467040528892108,298.68956815628127,-2.4278452182092094,-0.5825336618077509,-0.06187641841838241
outer,-1.4619460125022474,298.60584809462597,-2.4278912049718167,-0.5793475059376121,-0.06166388006771549
outer,-1.4557989258110584,298.52190281823346,-2.4279752332691973,-0.5761553027007079,-0.06140826629022736
outer,-1.4382673482788844,298.7730695018226,-2.4290246547080176,-0.5856396078553534,-0.06068704875642534
outer,-1.4337976192428912,298.6895681562812,-2.4290442026848527,-0.582460246176188,-0.06049944591883245
outer,-1.4282736765575446,298.6058480946259,-2.4291012635809186,-0.5792747758969765,-0.06026866308036871
outer,-1.4216668704249293,298.5219028182334,-2.4291957917675298,-0.5760833260906865,-0.059993610929690425
outer,-1.4056261755517803,298.7730695018226,-2.430179216215309,-0.5855675202915852,-0.05933348406262147
outer,-1.4007274172310802,298.68956815628127,-2.4302101347560097,-0.5823887652140988,-0.05912769901897869
outer,-1.3947440338889325,298.6058480946259,-2.4302780109468745,-0.5792039721483037,-0.05887753831124379
outer,-1.3876603168176718,298.5219028182334,-2.4303829053207497,-0.5760132011447674,-0.058582307827966563
outer,-1.3731586005542025,298.7730695018226,-2.4313017835558504,-0.5854973587324211,-0.05798529122791481
outer,-1.3678006471026476,298.68956815628127,-2.4313438149812896,-0.5823192058366614,-0.05776018347156513
outer,-1.3613405454993992,298.6058480946259,-2.43142237527553,-0.5791350151794676,-0.05748990092364175
outer,-1.3537745100003953,298.52190281823334,-2.4315371330898654,-0.5759448924779728,-0.05717421811476334
outer,-1.3408351966521561,298.7730695018226,-2.4323931445718423,-0.5854291104480673,-0.05664146505047147
outer,-1.3350006842517035,298.6895681562812,-2.432446159669492,-0.5822514847089856,-0.05639628676105581
outer,-1.3280584316783914,298.6058480946259,-2.4325349093858457,-0.579067866737299,-0.05610560706591904
outer,-1.3200073046951757,298.5219028182334,-2.4326586217706554,-0.5758783403604348,-0.05576941615785946
outer,-1.308639253560646,298.77306950182253,-2.4334542026144215,-0.5853626884242513,-0.05530138545237223
outer,-1.3023227242268973,298.6895681562812,-2.4335177149007827,-0.5821855609434037,-0.055035860232824224
outer,-1.2948955359943144,298.6058480946259,-2.4336157613912066,-0.5790024639066483,-0.054724728963911826
outer,-1.2863936802083684,298.5219028182334,-2.4337474459656163,-0.5758136610721984,-0.05436913936951558
outer,-1.2765659420674238,298.7730695018226,-2.4344854969682976,-0.5852980494861602,-0.053964899259439626
outer,-1.2697645994345665,298.6895681562812,-2.4345586302111446,-0.5821213685500551,-0.05367897419179746
outer,-1.2618870196155534,298.6058480946259,-2.434665003269378,-0.578938922856136,-0.053348504527908874
outer,-1.252885752116815,298.5219028182334,-2.4348044643864277,-0.5757508007664449,-0.05297174437805588
outer,-1.2446130834075992,298.77306950182265,-2.435487178790663,-0.5852351246222325,-0.05263207507557176
outer,-1.2373616530440537,298.68956815628127,-2.4355689751024543,-0.5820590238844755,-0.052326867101634485
outer,-1.228984749161567,298.6058480946259,-2.43568348028478,-0.5788771905294862,-0.05197527769513509
outer,-1.2194796177834366,298.5219028182334,-2.435830422621112,-0.575689690927068,-0.051577045805808526
outer,-1.2128162029003218,298.7730695018226,-2.4364593151926197,-0.5851740306342899,-0.05130415191461044
outer,-1.2050655025271602,298.68956815628127,-2.4365495811217253,-0.5819984749813863,-0.05097787025740698
outer,-1.1961848017049146,298.60584809462586,-2.436671930942904,-0.5788171942729993,-0.05060485846130367
outer,-1.1861715949621177,298.5219028182334,-2.436825498800011,-0.5756302794647274,-0.0501850356142695
outer,-1.1811266686660278,298.7730695018226,-2.437402723588332,-0.585114716929257,-0.04997944846976153
outer,-1.1728722046507667,298.68956815628127,-2.4375011792551984,-0.5819396450399595,-0.049631789162963735
outer,-1.1634834758549844,298.6058480946259,-2.437630534149228,-0.5787588793917671,-0.049237236260856854
outer,-1.152990723855769,298.5219028182334,-2.4377897137899707,-0.5755726393123133,-0.04879677408950545
outer,-1.1495405171490238,298.7730695018226,-2.4383181270477805,-0.585057102546075,-0.04865776592052497
outer,-1.1407780388652107,298.68956815628127,-2.4384239490749793,-0.5818824767710179,-0.04828861087386246
outer,-1.1309099627985697,298.6058480946259,-2.438559309497938,-0.5787023182790503,-0.04787347212496017
outer,-1.1199086963793679,298.5219028182334,-2.438723614650887,-0.5755167635827391,-0.04741129819768537
outer,-1.1180540086249229,298.77306950182265,-2.4392057058301124,-0.5850011276228864,-0.04733908909129595
outer,-1.1088123474562275,298.6895681562813,-2.4393179089406933,-0.5818270422229995,-0.04694939722100912
outer,-1.0984358072731508,298.6058480946259,-2.4394587937161836,-0.5786475050824931,-0.04651259410175722
outer,-1.0869121455770276,298.5219028182334,-2.439627863448753,-0.5754625933065705,-0.04602810201749287
outer,-1.0866966366023167,298.7730695018226,-2.440065477047818,-0.584946864030295,-0.046024480640080516
outer,-1.0769465278715913,298.68956815628127,-2.440183585090447,-0.5817733368691729,-0.04561316738231766
outer,-1.0660475728262973,298.6058480946259,-2.4403296417855525,-0.578594378226244,-0.045154090275212444
outer,-1.0554396511185653,298.77306950182253,-2.440897956215777,-0.584894308855862,-0.04471295092345601
outer,-1.0539980827869049,298.5219028182334,-2.4405026895652853,-0.57541006959113,-0.044647167149553614
outer,-1.0451670741091987,298.6895681562812,-2.4410216250934753,-0.5817212965628653,-0.044279403564540326
outer,-1.0337422552577054,298.6058480946259,-2.441172083705617,-0.5785428759587903,-0.04379793976390452
outer,-1.0242694765648965,298.7730695018226,-2.441703783197112,-0.5848433954220491,-0.04340397641086775
outer,-1.0211936979672263,298.5219028182334,-2.4413481002352455,-0.575359254904231,-0.0432694903172476
outer,-1.0134709664184802,298.6895681562812,-2.4418322593958655,-0.5816708566652653,-0.042948082546256615
outer,-1.0015471858898073,298.6058480946259,-2.441986125106514,-0.5784930605328664,-0.04244514018485866
outer,-0.9931830776278034,298.7730695018226,-2.4424831887504936,-0.584794056161816,-0.04209753168612889
outer,-0.9884732661719011,298.5219028182334,-2.442164530657779,-0.5753101498765633,-0.041894198236461774
outer,-0.9818856775939067,298.6895681562812,-2.442615492007842,-0.5816220793836863,-0.041620202917687324
outer,-0.9694365060290993,298.6058480946259,-2.442772191867444,-0.5784449338186493,-0.041094810494252926
outer,-0.9622080686897212,298.7730695018226,-2.4432361752316742,-0.5847463533979671,-0.040794616387810095
outer,-0.9558242408658668,298.5219028182334,-2.442952533254639,-0.5752627032684945,-0.040520812103864
outer,-0.9503852150925802,298.68956815628127,-2.443371739414199,-0.5815749680724567,-0.040294875952649044
outer,-0.9373976039094283,298.6058480946259,-2.443530830794555,-0.5783984423583601,-0.03974646634994062
outer,-0.9313183232484881,298.7730695018226,-2.4439631496756866,-0.5847002922183125,-0.03949433418924229
outer,-0.9232442196536828,298.5219028182334,-2.4437122844148718,-0.5752168527987496,-0.03914933474007115
outer,-0.9189569018674374,298.68956815628127,-2.4441015426147743,-0.5815294670637584,-0.03897161187629049
outer,-0.905428064644985,298.60584809462586,-2.444262220122563,-0.5783535209827824,-0.03840010835528612
outer,-0.9005010989228497,298.77306950182253,-2.444664647109347,-0.5846558147377051,-0.038196189986704376
outer,-0.8907648911738282,298.5219028182334,-2.44444376817703,-0.5751726774493744,-0.03778090519449451
outer,-0.8875983105326818,298.6895681562812,-2.444805081526188,-0.5814855082318519,-0.03765040919563914
outer,-0.8735597416276427,298.6058480946259,-2.4449663410709515,-0.5783102492713565,-0.03705687724610788
outer,-0.8697539558168449,298.7730695018226,-2.445340848926205,-0.5846128497813822,-0.036900180307031044
outer,-0.8583489222813484,298.5219028182334,-2.4451474198925407,-0.5751301648691829,-0.03641424621919609
outer,-0.8563414593594798,298.6895681562812,-2.4454823345335917,-0.5814431719308328,-0.03633241040266969
outer,-0.841755107612558,298.6058480946259,-2.4456436195594575,-0.5782686163044479,-0.03571548691626354
outer,-0.8391090772157888,298.7730695018226,-2.445991730663994,-0.5845714786628842,-0.035607449474465834
outer,-0.8259921872417257,298.5219028182334,-2.4458236641894997,-0.5750892516110031,-0.03504917543956023
outer,-0.8251486268547584,298.6895681562812,-2.446133718074157,-0.5814024488625669,-0.03501632060638861
outer,-0.8100100154148909,298.6058480946259,-2.4462944784073883,-0.5782285554161765,-0.03437575108423664
outer,-0.8085285472195034,298.7730695018226,-2.4466176992851967,-0.5845316939018574,-0.034316693884546834
outer,-0.7940156443671725,298.6895681562812,-2.4467596529818443,-0.5813632690663461,-0.033701949712295634
outer,-0.7937020590099595,298.5219028182334,-2.4464725752161574,-0.5750499228889349,-0.03368602268204939
outer,-0.7783318763227035,298.60584809462586,-2.4469189921388885,-0.578190050421136,-0.0330379985315733
outer,-0.7780081756923277,298.7730695018226,-2.4472191734354243,-0.5844934221429285,-0.03302771971366417
outer,-0.7629499615469556,298.6895681562812,-2.44736021404324,-0.5813256149791908,-0.03238962555373039
outer,-0.7614892067710284,298.5219028182334,-2.447094253921207,-0.5750122279713283,-0.03232519257391515
outer,-0.7475554506783192,298.7730695018226,-2.4477962280017227,-0.5844566444579158,-0.031740853948333356
outer,-0.7467314149913749,298.6058480946259,-2.447517256998846,-0.5781531516887193,-0.031702632856682914
outer,-0.7319623585623791,298.6895681562812,-2.4479354927641084,-0.581289538223362,-0.031079750779321798
outer,-0.7293266123775731,298.52190281823334,-2.447689067180185,-0.574976147268768,-0.030965744450976426
outer,-0.7171812079038821,298.7730695018226,-2.4483489497604567,-0.5844214138900413,-0.030456498373610266
outer,-0.715181472802745,298.60584809462586,-2.4480896333337947,-0.5781178398806928,-0.03036870649157987
outer,-0.7010255362170563,298.68956815628127,-2.4484858428802725,-0.5812550198107643,-0.02977137100043935
outer,-0.6972126613234996,298.5219028182334,-2.4482572658060566,-0.5749416180862726,-0.029607623911531423
outer,-0.6868580074794955,298.77306950182253,-2.448877685772111,-0.5843877118963369,-0.029173691861000016
outer,-0.6836804268565494,298.60584809462586,-2.448636372480886,-0.5780840492343822,-0.029036161923994667
outer,-0.670137863210394,298.6895681562812,-2.4490115161271135,-0.5812219908342137,-0.02846442570608134
outer,-0.6651664524440092,298.5219028182334,-2.44879887353824,-0.5749086748784094,-0.02825154597140664
outer,-0.6565842096971647,298.7730695018226,-2.449382688010072,-0.5843554663262795,-0.027892371016103132
outer,-0.6522474752855169,298.6058480946259,-2.449157496386574,-0.5780518144336754,-0.02770571492458903
outer,-0.6393186370482191,298.6895681562812,-2.4495125326571863,-0.581190486275597,-0.027159631502606134
outer,-0.6331705467824645,298.52190281823334,-2.4493141074504052,-0.5748773317978275,-0.026896934231926125
outer,-0.6263792115172871,298.7730695018226,-2.4498639748735216,-0.5843247125378901,-0.026613253359427394
outer,-0.6208650884654212,298.60584809462586,-2.449653216348677,-0.5780211508568083,-0.026376784364441803
outer,-0.6085502373696604,298.68956815628127,-2.44998909797233,-0.581160522864247,-0.025856402588926915
outer,-0.6012152572537035,298.5219028182334,-2.4498032428693315,-0.574847548843625,-0.025543425741402604
outer,-0.5962253017680488,298.7730695018226,-2.45032174604645,-0.5842954687240453,-0.025335748464672608
outer,-0.5895235289467882,298.60584809462586,-2.450123805451171,-0.5779920167975985,-0.025049002769121
outer,-0.5778228763223063,298.6895681562812,-2.450441482776687,-0.581132057170421,-0.0245543670550725
outer,-0.5693057605178901,298.5219028182334,-2.4502663782816323,-0.5748193047582385,-0.024191236134887044
outer,-0.5661126421529322,298.77306950182253,-2.4507562696774126,-0.5842676897104135,-0.02405948008012135
outer,-0.5582280003038388,298.60584809462586,-2.450569362015905,-0.5779643895886031,-0.023722584173616824
outer,-0.547141784415249,298.6895681562812,-2.450869785185136,-0.5811050650933842,-0.023253737431597303
outer,-0.5374505584696887,298.52190281823334,-2.4507035929909557,-0.5747926346530389,-0.022840699836686226
outer,-0.5360464901376296,298.77306950182253,-2.4511676436617966,-0.5842413499438058,-0.022784659332616808
outer,-0.5269870486337723,298.6058480946259,-2.4509899621238738,-0.577938305316739,-0.022397862541056156
outer,-0.5165155519817071,298.6895681562812,-2.451274078084703,-0.5810795837938791,-0.021954847278414028
outer,-0.5060354803279685,298.7730695018226,-2.451555937738614,-0.5842164877440961,-0.021511619424058458
outer,-0.5056285022906847,298.52190281823334,-2.4511151108195572,-0.5747675301225097,-0.02149108695698492
outer,-0.4957794151626331,298.6058480946259,-2.451385825398875,-0.5779137558672959,-0.021074102686133567
outer,-0.48592281020842065,298.6895681562812,-2.4516545767980333,-0.5810556055103009,-0.02065695619408746
outer,-0.47605813378105716,298.77306950182253,-2.451921362798166,-0.5841930957747468,-0.020239614822135193
outer,-0.4738385266197375,298.52190281823334,-2.4515010814435225,-0.5747439448964068,-0.02014235167479332
outer,-0.46460402899033165,298.6058480946258,-2.451757101508136,-0.577890692649976,-0.019751255477119513
outer,-0.4553624826520263,298.6895681562812,-2.4520114309333447,-0.5810330792555713,-0.019360011819092256
outer,-0.44611336850577943,298.7730695018226,-2.4522640683556145,-0.5841711205699236,-0.01896859002669847
outer,-0.4420962335137965,298.52190281823334,-2.4518615438304066,-0.5747219066408648,-0.018795079597150405
outer,-0.4334765732909894,298.60584809462586,-2.4521038277612988,-0.5778691438316936,-0.01842990724664215
outer,-0.4248503336657998,298.6895681562812,-2.4523446761759,-0.5810120337555273,-0.018064601263559743
outer,-0.4162170301010266,298.77306950182253,-2.4525840885232104,-0.584150591462912,-0.017699132962576792
outer,-0.4103831437946459,298.5219028182334,-2.4521966532971144,-0.5747014222547453,-0.0174486569753334
outer,-0.4023784728106374,298.60584809462586,-2.4524261558747122,-0.5778491171781636,-0.017109440046110265
outer,-0.3943676918466882,298.6895681562812,-2.4526544605686578,-0.580992477730686,-0.016770102458595566
outer,-0.38635035093603853,298.7730695018226,-2.4528815675698428,-0.584131518226822,-0.016430617526090617
outer,-0.37869529824364745,298.52190281823334,-2.4525065504528354,-0.5746824598147681,-0.016102920721598264
outer,-0.37130574774624003,298.6058480946258,-2.4527242253376906,-0.5778305792094351,-0.01578968710600053
outer,-0.3639105567914832,298.6895681562812,-2.452940922432182,-0.580974376102012,-0.015476345031824
outer,-0.3565093099903862,298.77306950182253,-2.4531566425963702,-0.5841138641285564,-0.015162869828767475
outer,-0.34703969894760334,298.52190281823334,-2.4527912898182254,-0.5746650215852522,-0.014758146096985721
outer,-0.34026543658933034,298.60584809462586,-2.4529980896910972,-0.5778135319284994,-0.014470922820250863
outer,-0.33348600342428464,298.68956815628115,-2.4532041143501315,-0.5809577306188479,-0.014183602563718933
outer,-0.3267010186506591,298.7730695018226,-2.4534093652698323,-0.5840976306616519,-0.013896162679567435
outer,-0.3154122673757021,298.5219028182334,-2.45305096271019,-0.5746491192249044,-0.01341422150048395
outer,-0.3092534396043133,298.60584809462586,-2.4532478382855487,-0.5777979875711793,-0.013153033604227227
outer,-0.3030899107884295,298.6895681562812,-2.4534441236639513,-0.5809425541397933,-0.012891759558319815
outer,-0.29692133472177307,298.77306950182253,-2.4536398208878385,-0.5840828313777331,-0.01263037874462335
outer,-0.28380359053942195,298.52190281823334,-2.4532856763868365,-0.5746347411415696,-0.012070815665669123
outer,-0.27826029486324316,298.6058480946259,-2.4534735767221103,-0.5777839341215362,-0.01183568455397949
outer,-0.2727127679792976,298.6895681562812,-2.4536610542869624,-0.5809288342307294,-0.011600477551881264
outer,-0.26716069828228217,298.7730695018225,-2.4538481116383926,-0.5840694534237197,-0.011365176086080016
outer,-0.2522151635297862,298.52190281823334,-2.453495486497336,-0.5746218754030593,-0.010727991237720912
outer,-0.24728750523026627,298.60584809462586,-2.453675359761611,-0.5777713589080123,-0.010518936157623587
outer,-0.24235608564016317,298.6895681562812,-2.453854960106431,-0.5809165574636108,-0.010309814914568918
outer,-0.23742062776094944,298.77306950182253,-2.4540342905434094,-0.5840574825711957,-0.01010061098296058
outer,-0.22065084485752023,298.5219028182333,-2.453680450297467,-0.5746105323918914,-0.009385910484384752
outer,-0.2163389492771641,298.60584809462586,-2.453853243710213,-0.5777602726542345,-0.009202949791515756
outer,-0.21202376241897758,298.6895681562812,-2.454025896462126,-0.5809057349403649,-0.009019932195137014
outer,-0.20770504189838443,298.77306950182253,-2.4541984119584863,-0.5840469303495749,-0.008836843218874457
outer,-0.18909905691301143,298.52190281823334,-2.4538406453478743,-0.574600710131687,-0.008044181651545317
outer,-0.1854029892006727,298.6058480946258,-2.4540073048521536,-0.5777506734495895,-0.007887330286862948
outer,-0.18170410027307665,298.6895681562812,-2.454173938336963,-0.5808963648363613,-0.007730430891103845
outer,-0.17800218236316037,298.7730695018225,-2.4543405495522417,-0.5840377950553891,-0.0075734710481388055
outer,-0.1575591609416973,298.52190281823334,-2.4539761101303004,-0.5745923966592783,-0.006702782352903424
outer,-0.15447898292532347,298.60584809462586,-2.4541375806908516,-0.5777425486760249,-0.006572052744655002
outer,-0.1513964538034393,298.6895681562812,-2.4542991222452044,-0.5808884338472091,-0.006441283628896881
outer,-0.14831140042995575,298.7730695018225,-2.4544607388411412,-0.5840300626532348,-0.006310464652742484
outer,-0.12603529551018341,298.52190281823334,-2.4540868827096824,-0.5745855973594466,-0.005361880427169306
outer,-0.12357109053465774,298.6058480946258,-2.454244108855118,-0.5777359038682981,-0.0052572840057966055
outer,-0.121105004626929,298.68956815628115,-2.4544014853829585,-0.5808819476863432,-0.005152656311272573
outer,-0.11863689926671636,298.77306950182253,-2.4545590165775697,-0.5840237390573026,-0.005047989055130435
outer,-0.09451861063351945,298.52190281823334,-2.454173008370273,-0.5745803128444088,-0.004021184112488399
outer,-0.09267041603148037,298.60584809462586,-2.454326934032651,-0.5777307397424805,-0.003942729381554348
outer,-0.090820810699145,298.6895681562812,-2.4544810718332224,-0.5808769071878138,-0.0038642513937028225
outer,-0.08896969074392366,298.7730695018225,-2.454635426237771,-0.584018825242031,-0.0037857439300268193
outer,-0.06300783341143325,298.52190281823334,-2.45423450679784,-0.5745765373489673,-0.0026806504462144804
outer,-0.06177567989762455,298.60584809462586,-2.4543860752050164,-0.5777270502183001,-0.002628343607107425
outer,-0.060542585878784326,298.68956815628115,-2.454537899858384,-0.5808733059371843,-0.0025760213573731896
outer,-0.059308482091795164,298.7730695018225,-2.454689985355785,-0.5840153144387978,-0.0025236795497740666
outer,-0.03150305750337242,298.5219028182334,-2.4542713972352392,-0.5745742721182618,-0.001340300500905583
outer,-0.030886976279340856,298.6058480946258,-2.4544215514109498,-0.5777248365698037,-0.0013141460308527069
outer,-0.030270424799409414,298.68956815628115,-2.4545719882958417,-0.5808711452477274,-0.0012879838829470088
outer,-0.029653368431764953,298.7730695018225,-2.454722712571578,-0.5840132080121905,-0.0012618119830851452
outer,-5.088887490341627e-14,298.7730695018225,-2.4547336213637463,-0.5840125063972547,-1.768998464504166e-13
outer,-5.088887490341627e-14,298.5219028182333,-2.4542836936002077,-0.5745735174935617,-7.736519899997568e-13
outer,-5.088887490341627e-14,298.68956815628115,-2.454583350770922,-0.5808704255182587,-4.2481267592535223e-13
outer,-5.088887490341627e-14,298.6058480946258,-2.4544333764203903,-0.5777240991630939,-6.403602931584949e-13
outer,0.029653368431612284,298.7730695018225,-2.454722712572337,-0.5840132080133463,0.0012618119826833536
outer,0.030270424799307638,298.68956815628115,-2.4545719882961667,-0.5808711452482045,0.0012879838821709306
outer,0.030886976279239076,298.6058480946258,-2.4544215514106744,-0.5777248365696497,0.0013141460299540566
outer,0.03150305750327064,298.5219028182333,-2.454271397232059,-0.5745742721155374,0.0013403004997718055
outer,0.059308482091693385,298.7730695018225,-2.4546899853546345,-0.5840153144375146,0.0025236795497263985
outer,0.060542585878631656,298.68956815628115,-2.4545378998603593,-0.5808733059387622,0.002576021356959534
outer,0.06177567989747188,298.60584809462586,-2.4543860752074704,-0.5777270502203514,0.002628343606774213
outer,0.06300783341133147,298.52190281823323,-2.4542345067993176,-0.5745765373503261,0.0026806504456479145
outer,0.088969690743771,298.77306950182253,-2.4546354262362455,-0.5840188252396092,0.003785743930526789
outer,0.09082081069904321,298.6895681562812,-2.45448107183446,-0.5808769071881994,0.003864251393893431
outer,0.09267041603132771,298.60584809462586,-2.454326934034422,-0.577730739743691,0.003942729381647458
outer,0.09451861063336678,298.5219028182333,-2.4541730083728956,-0.5745803128465288,0.004021184112192023
outer,0.11863689926656369,298.77306950182253,-2.454559016577249,-0.5840237390552303,0.0050479890553022586
outer,0.12110500462682722,298.68956815628115,-2.454401485381949,-0.580881947684068,0.005152656311347009
outer,0.12357109053450507,298.6058480946258,-2.4542441088555527,-0.5777359038680667,0.005257284005669294
outer,0.12603529551003073,298.52190281823334,-2.4540868827098232,-0.5745855973594017,0.0053618804265515504
outer,0.1483114004298031,298.7730695018225,-2.454460738841955,-0.5840300626521969,0.006310464652241648
outer,0.15139645380333752,298.6895681562812,-2.454299122245515,-0.5808884338460765,0.00644128362845379
outer,0.1544789829252217,298.60584809462586,-2.4541375806913925,-0.5777425486755381,0.00657205274403456
outer,0.15755916094159553,298.52190281823334,-2.453976110129831,-0.5745923966584409,0.006702782351849819
outer,0.1780021823630077,298.7730695018225,-2.454340549553763,-0.5840377950561018,0.00757347104748849
outer,0.18170410027297487,298.6895681562812,-2.4541739383392644,-0.5808963648378108,0.007730430890382405
outer,0.18540298920052004,298.6058480946258,-2.4540073048546227,-0.5777506734509614,0.007887330285863815
outer,0.18909905691290965,298.52190281823334,-2.4538406453504864,-0.5746007101332912,0.008044181650227567
outer,0.20770504189828265,298.77306950182253,-2.4541984119588256,-0.5840469303512211,0.008836843218391451
outer,0.2120237624188758,298.6895681562812,-2.454025896463949,-0.5809057349430194,0.00901993219434143
outer,0.21633894927701142,298.60584809462586,-2.453853243713517,-0.5777602726576656,0.00920294979029692
outer,0.22065084485741845,298.52190281823334,-2.453680450301487,-0.5746105323955668,0.009385910483117304
outer,0.23742062776079678,298.77306950182253,-2.4540342905415287,-0.5840574825722255,0.010100610982670026
outer,0.24235608564001052,298.6895681562812,-2.453854960106341,-0.580916557465882,0.010309814914211093
outer,0.2472875052301136,298.60584809462586,-2.4536753597621686,-0.5777713589105778,0.010518936157010984
outer,0.2522151635296335,298.52190281823334,-2.4534954864972405,-0.5746218754047326,0.010727991237345306
outer,0.26716069828212946,298.7730695018225,-2.453848111638401,-0.5840694534263766,0.011365176086104968
outer,0.27271276797919586,298.6895681562812,-2.453661054287406,-0.5809288342334907,0.01160047755206834
outer,0.27826029486309045,298.6058480946258,-2.4534735767213185,-0.5777839341232355,0.011835684554149167
outer,0.28380359053932014,298.52190281823334,-2.4532856763853417,-0.5746347411428746,0.012070815666041922
outer,0.2969213347216204,298.77306950182253,-2.45363982088857,-0.5840828313797188,0.012630378744748382
outer,0.30308991078827685,298.68956815628115,-2.4534441236650997,-0.5809425541420259,0.012891759558529713
outer,0.3092534396041606,298.6058480946259,-2.4532478382863583,-0.5777979875735069,0.013153033604663633
outer,0.3154122673756003,298.5219028182334,-2.453050962709373,-0.574649119226342,0.013414221500896358
outer,0.32670101865050644,298.7730695018226,-2.4534093652680813,-0.584097630660257,0.013896162679518567
outer,0.333486003424132,298.6895681562812,-2.4532041143477294,-0.5809577306168551,0.014183602563647674
outer,0.3402654365892286,298.60584809462586,-2.4529980896902877,-0.5778135319283915,0.014470922820667993
outer,0.3470396989474507,298.52190281823334,-2.4527912898164392,-0.5746650215851873,0.014758146097335969
outer,0.35650930999023356,298.77306950182253,-2.4531566425960545,-0.5841138641281088,0.015162869828541665
outer,0.3639105567913305,298.6895681562812,-2.4529409224298084,-0.5809743760999279,0.015476345031537664
outer,0.3713057477460874,298.60584809462586,-2.452724225334396,-0.5778305792068436,0.015789687106405974
outer,0.37869529824349474,298.52190281823334,-2.452506550451014,-0.5746824598143631,0.01610292072219909
outer,0.3863503509359367,298.77306950182253,-2.4528815675728057,-0.5841315182301533,0.016430617525836536
outer,0.39436769184658643,298.6895681562812,-2.452654460571099,-0.5809924777337538,0.01677010245833899
outer,0.40237847281053557,298.60584809462586,-2.4524261558721423,-0.5778491171769498,0.017109440046533475
outer,0.41038314379454416,298.52190281823334,-2.452196653293397,-0.5747014222527802,0.017448656976140557
outer,0.4162170301009248,298.77306950182253,-2.4525840885244636,-0.5841505914654844,0.017699132962150928
outer,0.4248503336656471,298.6895681562812,-2.4523446761753402,-0.5810120337564637,0.018064601263295448
outer,0.4334765732908367,298.60584809462586,-2.4521038277585223,-0.5778691438308867,0.018429907246956645
outer,0.4420962335136947,298.52190281823334,-2.4518615438284046,-0.5747219066409245,0.01879507959779263
outer,0.4461133685056776,298.77306950182253,-2.452264068354273,-0.584171120570703,0.018968590026231896
outer,0.4553624826518736,298.6895681562812,-2.452011430930939,-0.581033079255877,0.01936001181898767
outer,0.464604028990179,298.6058480946259,-2.4517571015058848,-0.5778906926507495,0.019751255477577397
outer,0.47383852661958487,298.5219028182334,-2.4515010814418003,-0.5747439448976158,0.020142351675612027
outer,0.47605813378090445,298.7730695018226,-2.4519213627956082,-0.5841930957750182,0.020239614822335706
outer,0.485922810208268,298.6895681562812,-2.4516545767937594,-0.5810556055098872,0.02065695619467112
outer,0.4957794151624804,298.6058480946259,-2.4513858253949037,-0.5779137558676818,0.02107410268711042
outer,0.5056285022905829,298.5219028182334,-2.4511151108150226,-0.5747675301223362,0.02149108695825562
outer,0.5060354803278667,298.77306950182253,-2.451555937737339,-0.5842164877453202,0.02151161942472523
outer,0.5165155519816053,298.6895681562812,-2.451274078079355,-0.5810795837919728,0.021954847279306883
outer,0.5269870486336197,298.6058480946259,-2.4509899621169806,-0.5779383053137714,0.022397862542028052
outer,0.5360464901375278,298.7730695018226,-2.4511676436609724,-0.584241349945313,0.022784659333256168
outer,0.5374505584695869,298.52190281823334,-2.4507035929862955,-0.5747926346520944,0.022840699837660114
outer,0.5471417844150963,298.6895681562812,-2.4508697851831753,-0.5811050650939996,0.023253737432341062
outer,0.5582280003036861,298.60584809462586,-2.4505693620111053,-0.5779643895865868,0.02372258417426563
outer,0.5661126421528304,298.7730695018226,-2.450756269673704,-0.5842676897092742,0.02405948008058028
outer,0.5693057605177374,298.52190281823334,-2.45026637827779,-0.5748193047571116,0.024191236135354025
outer,0.5778228763222046,298.68956815628127,-2.450441482774978,-0.5811320571711611,0.024554367055630636
outer,0.5895235289466355,298.60584809462586,-2.4501238054500005,-0.5779920167989946,0.02504900276966301
outer,0.5962253017679471,298.77306950182253,-2.4503217460419324,-0.584295468722183,0.025335748464972926
outer,0.6012152572535508,298.52190281823334,-2.44980324286655,-0.5748475488438641,0.02554342574176149
outer,0.6085502373695078,298.6895681562812,-2.449989097971234,-0.5811605228656277,0.025856402589319507
outer,0.6208650884653194,298.6058480946259,-2.449653216347462,-0.5780211508582869,0.026376784364859927
outer,0.6263792115171345,298.77306950182253,-2.4498639748719158,-0.5843247125391047,0.026613253359820975
outer,0.6331705467823119,298.5219028182334,-2.44931410744609,-0.5748773317967225,0.026896934232273
outer,0.6393186370480665,298.68956815628127,-2.449512532657494,-0.5811904862791236,0.027159631503073326
outer,0.652247475285415,298.6058480946259,-2.449157496383569,-0.5780518144344455,0.027705714924972123
outer,0.656584209697012,298.7730695018226,-2.4493826880096563,-0.5843554663290058,0.027892371016778952
outer,0.6651664524439075,298.5219028182334,-2.4487988735333146,-0.5749086748775478,0.028251545971777595
outer,0.6701378632102414,298.68956815628127,-2.4490115161248753,-0.5812219908358321,0.028464425706737573
outer,0.6836804268564476,298.60584809462586,-2.4486363724757205,-0.578084049233714,0.029036161924407677
outer,0.6868580074793429,298.7730695018226,-2.44887768576801,-0.584387711896002,0.029173691861923395
outer,0.6972126613233469,298.5219028182334,-2.4482572658023014,-0.5749416180870004,0.029607623911869864
outer,0.7010255362169037,298.68956815628127,-2.4484858428747134,-0.5812550198097567,0.029771371001253235
outer,0.7151814728025924,298.60584809462586,-2.448089633326002,-0.5781178398779822,0.030368706492027015
outer,0.7171812079037803,298.7730695018226,-2.448348949754537,-0.5844214138889992,0.030456498374869613
outer,0.7293266123774204,298.5219028182334,-2.4476890671749714,-0.5749761472683826,0.03096574445131952
outer,0.7319623585622773,298.6895681562812,-2.447935492757317,-0.5812895382222565,0.031079750780619638
outer,0.7467314149912732,298.60584809462586,-2.447517256990398,-0.5781531516865172,0.03170263285734128
outer,0.7475554506781665,298.7730695018226,-2.4477962279989156,-0.5844566444611662,0.03174085394985719
outer,0.7614892067709267,298.5219028182334,-2.4470942539155174,-0.5750122279718013,0.03232519257442754
outer,0.7629499615468538,298.6895681562812,-2.4473602140398145,-0.5813256149820415,0.0323896255552835
outer,0.7780081756922259,298.7730695018226,-2.4472191734328517,-0.5844934221461066,0.03302771971523369
outer,0.7783318763225509,298.6058480946259,-2.446918992132798,-0.5781900504214803,0.03303799853230828
outer,0.7937020590098068,298.5219028182334,-2.4464725752106204,-0.5750499228898904,0.033686022682681144
outer,0.7940156443670199,298.6895681562812,-2.4467596529772777,-0.5813632690676498,0.03370194971369649
outer,0.8085285472193507,298.7730695018226,-2.4466176992781903,-0.5845316938998201,0.03431669388600256
outer,0.8100100154147383,298.6058480946259,-2.4462944784010086,-0.578228555415668,0.03437575108489675
outer,0.8251486268546566,298.6895681562812,-2.4461337180645217,-0.5814024488578171,0.03501632060773728
outer,0.8259921872415731,298.5219028182334,-2.44582366418256,-0.5750892516099498,0.035049175440189456
outer,0.8391090772156361,298.77306950182253,-2.4459917306542818,-0.5845714786582128,0.035607449475501964
outer,0.8417551076124562,298.6058480946259,-2.4456436195523104,-0.5782686163021646,0.035715486916948584
outer,0.8563414593593272,298.68956815628127,-2.445482334526456,-0.5814431719280643,0.03633241040386911
outer,0.8583489222812466,298.5219028182334,-2.445147419887863,-0.5751301648694954,0.03641424621975576
outer,0.8697539558167431,298.7730695018226,-2.4453408489183857,-0.5846128497787458,0.03690018030751911
outer,0.8735597416275409,298.6058480946259,-2.444966341068121,-0.5783102492727425,0.037056877246932116
outer,0.88759831053258,298.68956815628127,-2.4448050815214803,-0.5814855082316602,0.03765040919666599
outer,0.8907648911737264,298.52190281823334,-2.4444437681759026,-0.5751726774528663,0.03778090519513022
outer,0.900501098922697,298.7730695018226,-2.4446646471037146,-0.584655814736463,0.03819618998700263
outer,0.9054280646448832,298.6058480946259,-2.444262220122312,-0.5783535209867069,0.0384001083562036
outer,0.9189569018672847,298.6895681562812,-2.444101542610634,-0.5815294670635898,0.038971611877108764
outer,0.9232442196535809,298.5219028182334,-2.4437122844143366,-0.5752168528025423,0.03914933474085094
outer,0.9313183232483863,298.77306950182253,-2.4439631496704988,-0.5847002922158936,0.03949433418943492
outer,0.9373976039093265,298.6058480946259,-2.443530830792519,-0.5783984423597942,0.0397464663507752
outer,0.9503852150924784,298.68956815628127,-2.4433717394099568,-0.5815749680706377,0.04029487595318441
outer,0.955824240865765,298.52190281823334,-2.4429525332530897,-0.5752627032702194,0.04052081210460848
outer,0.9622080686895685,298.7730695018226,-2.4432361752285545,-0.584746353396946,0.04079461638772152
outer,0.9694365060289974,298.6058480946259,-2.442772191865261,-0.5784449338185776,0.04109481049498892
outer,0.9818856775938049,298.68956815628127,-2.4426154920044736,-0.5816220793820075,0.04162020291794696
outer,0.9884732661717994,298.5219028182334,-2.4421645306557793,-0.5753101498766334,0.041894198237216275
outer,0.9931830776277016,298.7730695018226,-2.4424831887510132,-0.5847940561636976,0.04209753168591619
outer,1.0015471858897054,298.60584809462586,-2.4419861251052177,-0.5784930605325557,0.04244514018546087
outer,1.0134709664183275,298.68956815628127,-2.4418322593990527,-0.581670856669288,0.042948082546080193
outer,1.0211936979670735,298.5219028182334,-2.4413481002333897,-0.5753592549030001,0.04326949031806959
outer,1.0242694765647946,298.77306950182253,-2.441703783195278,-0.5848433954213466,0.04340397641072524
outer,1.0337422552576037,298.60584809462597,-2.441172083708462,-0.578542875961664,0.04379793976413382
outer,1.045167074109046,298.68956815628127,-2.441021625095399,-0.5817212965656072,0.0442794035641699
outer,1.0539980827867523,298.5219028182334,-2.440502689566004,-0.5754100695912452,0.04464716715027642
outer,1.0554396511184125,298.7730695018226,-2.4408979562111415,-0.5848943088522685,0.044712950923609995
outer,1.0660475728261447,298.6058480946259,-2.44032964178983,-0.5785943782306985,0.045154090275076976
outer,1.0769465278714387,298.6895681562812,-2.440183585089372,-0.5817733368689887,0.0456131673822241
outer,1.086696636602215,298.7730695018226,-2.4400654770465784,-0.5849468640291249,0.04602448064052747
outer,1.0869121455768749,298.5219028182334,-2.4396278634502,-0.5754625933076704,0.046028102017932865
outer,1.0984358072730491,298.6058480946259,-2.439458793717643,-0.5786475050843372,0.04651259410146338
outer,1.1088123474560747,298.68956815628127,-2.439317908941368,-0.5818270422234836,0.04694939722140902
outer,1.118054008624821,298.77306950182253,-2.439205705830154,-0.5850011276231395,0.04733908909180056
outer,1.119908696379215,298.5219028182334,-2.438723614650394,-0.5755167635821827,0.04741129819790281
outer,1.130909962798417,298.6058480946259,-2.4385593094978946,-0.5787023182790634,0.04787347212483476
outer,1.140778038865058,298.6895681562812,-2.4384239490768986,-0.5818824767730465,0.048288610874634076
outer,1.149540517148922,298.77306950182265,-2.4383181270478524,-0.585057102547577,0.048657765921106495
outer,1.1529907238556165,298.5219028182334,-2.437789713789789,-0.5755726393125232,0.04879677408973751
outer,1.1634834758548824,298.6058480946259,-2.437630534152437,-0.5787588793957591,0.049237236261217385
outer,1.1728722046506648,298.68956815628127,-2.4375011792573047,-0.5819396450436551,0.04963178916403956
outer,1.181126668665875,298.77306950182253,-2.437402723588122,-0.5851147169314149,0.049979448470638496
outer,1.186171594961965,298.5219028182334,-2.43682549880192,-0.5756302794684891,0.050185035614794676
outer,1.1961848017047618,298.60584809462597,-2.436671930946986,-0.5788171942792747,0.05060485846226534
outer,1.2050655025270585,298.68956815628127,-2.4365495811230016,-0.5819984749851664,0.05097787025881392
outer,1.212816202900169,298.77306950182253,-2.4364593151910445,-0.5851740306359362,0.05130415191564617
outer,1.219479617783284,298.52190281823346,-2.4358304226248237,-0.5756896909338775,0.051577045806738546
outer,1.2289847491614143,298.60584809462597,-2.4356834802853613,-0.5788771905331603,0.05197527769663016
outer,1.2373616530439009,298.6895681562812,-2.435568975104012,-0.5820590238893307,0.05232686710309633
outer,1.2446130834074465,298.77306950182265,-2.4354871787879278,-0.5852351246236575,0.05263207507652666
outer,1.2528857521166625,298.5219028182334,-2.434804464387484,-0.5757508007712292,0.052971744379351926
outer,1.2618870196154006,298.6058480946259,-2.4346650032709802,-0.578938922861421,0.05334850452953371
outer,1.2697645994344646,298.6895681562812,-2.434558630208402,-0.5821213685518652,0.05367897419325649
outer,1.276565942067271,298.77306950182253,-2.4344854969670786,-0.5852980494896812,0.053964899260320234
outer,1.2863936802082157,298.5219028182334,-2.433747445962438,-0.5758136610732136,0.05436913937097297
outer,1.2948955359941616,298.6058480946259,-2.4336157613904383,-0.5790024639105684,0.05472472896543855
outer,1.3023227242267446,298.68956815628127,-2.4335177148971145,-0.5821855609448395,0.055035860234293674
outer,1.3086392535604934,298.7730695018226,-2.433454202615616,-0.5853626884291182,0.055301385453515754
outer,1.3200073046950231,298.5219028182334,-2.4326586217667563,-0.5758783403613318,0.05576941615912433
outer,1.328058431678239,298.6058480946259,-2.4325349093788184,-0.5790678667355391,0.056105607067356775
outer,1.3350006842515507,298.6895681562812,-2.432446159669761,-0.5822514847131435,0.05639628676270846
outer,1.3408351966520033,298.7730695018226,-2.4323931445751774,-0.5854291104541399,0.056641465052040235
outer,1.3537745100002427,298.5219028182334,-2.43153713308266,-0.5759448924758167,0.057174218115893516
outer,1.3613405454992975,298.6058480946259,-2.4314223752718696,-0.5791350151801578,0.057489900925162644
outer,1.367800647102495,298.68956815628127,-2.431343814984405,-0.5823192058433069,0.057760183473474294
outer,1.37315860055405,298.7730695018226,-2.4313017835581343,-0.5854973587391372,0.05798529122950619
outer,1.3876603168175192,298.5219028182334,-2.4303829053146186,-0.5760132011434675,0.058582307829124575
outer,1.3947440338887798,298.6058480946259,-2.4302780109488054,-0.5792039721544466,0.058877538312904196
outer,1.4007274172309785,298.68956815628127,-2.4302101347565443,-0.5823887652198249,0.05912769902089769
outer,1.4056261755516277,298.7730695018226,-2.4301792162142584,-0.5855675202961244,0.05933348406430126
outer,1.4216668704248276,298.5219028182334,-2.429195791763907,-0.5760833260918125,0.05999361093092367
outer,1.428273676557392,298.6058480946259,-2.429101263579367,-0.5792747759009244,0.0602686630818896
outer,1.4337976192427386,298.68956815628127,-2.429044202678113,-0.582460246175665,0.06049944592086539
outer,1.4382673482787316,298.77306950182253,-2.429024654704427,-0.585639607857555,0.06068704875830515
outer,1.4557989258109059,298.5219028182334,-2.4279752332639273,-0.5761553027010552,0.061408266291258506
outer,1.4619460125020947,298.6058480946259,-2.4278912049648937,-0.5793475059371389,0.06166388006923083
outer,1.4670405288919555,298.6895681562812,-2.427845218201395,-0.5825336618063849,0.06187641842064447
outer,1.4710535202891557,298.7730695018226,-2.427837960959361,-0.5857135395020616,0.062044949246827415
outer,1.4900729364291265,298.52190281823346,-2.426720290703204,-0.5762292066488014,0.06282687104747511
outer,1.4957901667204045,298.6058480946259,-2.4266470228936123,-0.579422175609387,0.06306417277653865
outer,1.5004276943659678,298.68956815628127,-2.4266130433394073,-0.5826089286589271,0.06325758021038337
outer,1.5039905292541809,298.7730695018226,-2.426618822281552,-0.5857893885647744,0.06340725712376298
outer,1.5245178766355043,298.52190281823346,-2.425430140739354,-0.5763050514001667,0.06425039810066929
outer,1.5297778339133115,298.60584809462586,-2.4253685796111446,-0.5794987001264905,0.06446850488537254
outer,1.5339649234044423,298.68956815628127,-2.4253473662034417,-0.582686116985243,0.06464300013020842
outer,1.5370845339745496,298.7730695018226,-2.425366638419208,-0.5858671816342255,0.06477414869479253
outer,1.5591055875327753,298.5219028182334,-2.424104645568224,-0.5763827507977556,0.06567781115979389
outer,1.5639147919132421,298.60584809462597,-2.4240555633031637,-0.5795771468202598,0.06587694233667538
outer,1.5676583432298439,298.68956815628127,-2.4240475807771826,-0.5827652524450783,0.06603284983695439
outer,1.57034202910104,298.7730695018226,-2.424080441721082,-0.5859470123064435,0.06614588258929649
outer,1.59384181706918,298.5219028182334,-2.422743492837357,-0.5764623691363183,0.06710917296581571
outer,1.5982071363903896,298.6058480946259,-2.4227073610382797,-0.5796575398618705,0.06728965162657748
outer,1.6015144151927978,298.68956815628127,-2.422712706150426,-0.5828464246118326,0.06742738249222101
outer,1.6038075061506907,298.77306950182265,-2.4227590432354944,-0.5860289560151587,0.06752398005417258
outer,1.628732629386505,298.5219028182334,-2.4213460622661342,-0.5765439285107459,0.06854464437980766
outer,1.6326612954225017,298.6058480946259,-2.4213229786932335,-0.5797399641579613,0.06870687980384615
outer,1.6355774026879333,298.68956815628127,-2.421341534329315,-0.5829297089971376,0.06882810535614817
outer,1.6374572454134264,298.7730695018226,-2.421402038530067,-0.5861129065379461,0.06890760629694631
outer,1.663784419314965,298.52190281823346,-2.4199113472174636,-0.5766275086731618,0.06998446589922525
outer,1.667321304468205,298.6058480946259,-2.4199011903377015,-0.5798244944561893,0.07013011978370381
outer,1.669823707623785,298.6895681562812,-2.4199336537795357,-0.5830149979638222,0.07023418003453594
outer,1.671292352945916,298.77306950182265,-2.4200090809219343,-0.5861989333690719,0.07029666038790609
outer,1.6990409945512217,298.5219028182334,-2.418438105062267,-0.5767131829834352,0.07143011594552579
outer,1.702163686955359,298.6058480946259,-2.4184415788592912,-0.579911021266385,0.07155852962878785
outer,1.7042544303858633,298.68956815628127,-2.4184887149650165,-0.5831023557087565,0.07164550116083715
outer,1.7053205992264904,298.77306950182253,-2.418579433784687,-0.5862870836338206,0.07169134819623436
outer,1.7344789999495893,298.5219028182334,-2.4169259142403132,-0.5768008397664482,0.07288074916325143
outer,1.7371895376028965,298.60584809462597,-2.4169437933682754,-0.5799996037262501,0.07299199974519122
outer,1.7388773016108359,298.68956815628127,-2.4170059747544754,-0.5831918254488931,0.07306226759808811
outer,1.7395501623235983,298.7730695018226,-2.417112256874507,-0.586377394892877,0.07309190335558877
outer,1.7700995245669005,298.5219028182334,-2.4153744234159285,-0.5768905332043144,0.07433625185548184
outer,1.7724065472383395,298.6058480946259,-2.4154070847624256,-0.5800902812099159,0.07443072215668187
outer,1.7737004574353803,298.68956815628127,-2.4154845858481786,-0.5832834415437999,0.07448470583127931
outer,1.7739896461283746,298.7730695018226,-2.4156066645452565,-0.5864699061911047,0.07449857154375836
outer,1.8059102194517593,298.5219028182334,-2.413782877770311,-0.5769822986902864,0.07579680923794423
outer,1.8078228101010967,298.6058480946259,-2.4138305985305286,-0.5801830846608805,0.07587491615965675
outer,1.8086480993397014,298.7730695018226,-2.414061425217038,-0.5865647197744164,0.07591166829766258
outer,1.8087324576358286,298.68956815628127,-2.4139236545598286,-0.5833772400067198,0.07591305434352032
outer,1.841919136978315,298.5219028182334,-2.412150415555663,-0.5770761633871905,0.07726263329180642
outer,1.8434468418886258,298.6058480946259,-2.4122134327313014,-0.5802780466054792,0.07732481282089597
outer,1.8435658774533719,298.77306950182253,-2.4124750729586797,-0.586661910384807,0.07733253158437815
outer,1.843982304515371,298.68956815628127,-2.4123219351732867,-0.583473317414128,0.07734762089424807
outer,1.8781347487987885,298.5219028182334,-2.410476126669952,-0.5771721557842855,0.07873394743373333
outer,1.8787243693275137,298.7730695018226,-2.4108468948032296,-0.5867613823608048,0.07876047801350344
outer,1.8792875985463873,298.6058480946259,-2.410554327864356,-0.5803752574973031,0.0787807118001381
outer,1.879490146654057,298.6895681562813,-2.4106779448092714,-0.5835717472363271,0.0787897288843118
outer,1.9141303018143632,298.7730695018226,-2.4091761978600745,-0.5868632264535028,0.08019559458832737
outer,1.9145659645362778,298.5219028182334,-2.408758738450121,-0.577270359671162,0.08021104294350358
outer,1.9152374683354083,298.68956815628127,-2.4089909642797918,-0.5836724312818421,0.08023869014314655
outer,1.915385021907995,298.6058480946259,-2.4088517845443573,-0.5804747886426138,0.0802439216289598
outer,1.949794394130347,298.7730695018226,-2.4074618659259777,-0.586967499902863,0.0816381729009995
outer,1.9512309619208097,298.6895681562812,-2.40726029411442,-0.5837754541578699,0.08169458490819716
outer,1.9512525194357175,298.5219028182334,-2.4069967356901514,-0.5773708432543323,0.08169521325538893
outer,1.9517206916043515,298.6058480946259,-2.4071050778684686,-0.5805765383750079,0.08171374911313903
outer,1.9857279016280207,298.77306950182265,-2.4057026733019238,-0.587074255104057,0.08308852653390547
outer,1.9874812916658382,298.68956815628127,-2.4054848064650995,-0.5838808672911574,0.08315769498248768
outer,1.9881760884024153,298.5219028182334,-2.405189388492654,-0.5774735004278685,0.08318576001249446
outer,1.9883012655342338,298.6058480946259,-2.4053135028928807,-0.5806805844752495,0.08319026750200373
outer,2.0219426391029693,298.7730695018226,-2.40389732099129,-0.5871835453724146,0.08454698199569412
outer,2.0239996552132333,298.6895681562813,-2.403663263559153,-0.583988716539723,0.08462832336585405
outer,2.025137353037304,298.6058480946259,-2.4034759215112467,-0.5807869717353645,0.08467374873776522
outer,2.025343294899105,298.5219028182334,-2.4033359877016918,-0.5775784014546427,0.08468274938490118
outer,2.0584510050114155,298.77306950182253,-2.4020444330636908,-0.5872954241779508,0.08601387885662977
outer,2.0607978067802084,298.68956815628127,-2.4017943549012246,-0.5840990479307823,0.08610678561221047
outer,2.062240094093607,298.6058480946259,-2.4015910855701312,-0.580895738754963,0.08616448533859672
outer,2.0627646933912627,298.52190281823334,-2.4014353864334432,-0.5776855837077919,0.08618644351985667
outer,2.0952660066238797,298.7730695018226,-2.400142553702329,-0.5874099448556062,0.08748957026793082
outer,2.0978880812520955,298.68956815628127,-2.399876694101324,-0.5842119072658766,0.08759341021035447
outer,2.099621182391706,298.6058480946259,-2.399657674928506,-0.5810069237373163,0.08766278216582808
outer,2.1004513662403106,298.5219028182334,-2.399486327766196,-0.5777950778063916,0.08769712466538793
outer,2.1324012861390576,298.77306950182253,-2.398190144715308,-0.587527161218132,0.08897442391399428
outer,2.135283419206897,298.6895681562812,-2.3979088160121846,-0.5843273402945032,0.08908853928554583
outer,2.1372928892979473,298.6058480946259,-2.3976742944021625,-0.5811205643794326,0.08916895696166763
outer,2.1384149466522118,298.5219028182334,-2.397487483457259,-0.5779069134666408,0.08921508729521266
outer,2.1698711477818944,298.7730695018226,-2.3961855825212317,-0.5876471290701971,0.09046882314449345
outer,2.17299739289533,298.6895681562812,-2.3958891735740906,-0.5844453935179876,0.09059252948960926
outer,2.17526808875242,298.6058480946259,-2.3956394705637623,-0.5812366982212108,0.09068334106410465
outer,2.176667642522877,298.5219028182334,-2.395437450721748,-0.5780211195148414,0.09074063870092289
outer,2.207690585908187,298.77306950182253,-2.394127152940669,-0.5877699077002368,0.09197316769100343
outer,2.2110442331999187,298.6895681562812,-2.393816133343414,-0.5845661151756435,0.09210575271515041
outer,2.213560283115111,298.6058480946259,-2.393551647706297,-0.5813553632051061,0.09220628007669972
outer,2.215222261205269,298.5219028182334,-2.39333474849549,-0.5781377241250457,0.09227409960742139
outer,2.245875314137699,298.7730695018226,-2.3920130427317927,-0.5878955598114322,0.09348787335822079
outer,2.2494388575954813,298.68956815628127,-2.391687968823132,-0.5846895554407984,0.09362859618484903
outer,2.252183629986072,298.6058480946259,-2.391409182311422,-0.5814765978592811,0.09373813417816969
outer,2.254092235221926,298.5219028182334,-2.3911778126542584,-0.5782567548854216,0.09381580459779
outer,2.2844417955354395,298.7730695018226,-2.3898413291259155,-0.588024149028006,0.09501337069104207
outer,2.2881968991329886,298.68956815628127,-2.389502852002692,-0.5848157650439638,0.09516146176955771
outer,2.2911529700221416,298.6058480946259,-2.3892103360391057,-0.5816004404898074,0.09527927788296858
outer,2.2932916489464037,298.5219028182334,-2.388964990047253,-0.5783782382442326,0.09536610216902527
outer,2.3234072738595177,298.7730695018226,-2.3876099712132524,-0.5881557362684231,0.09655010358833922
outer,2.3273347364658337,298.68956815628127,-2.387258845171629,-0.5849447926056911,0.09670476500043962
outer,2.330483855771349,298.6058480946259,-2.3869532683334813,-0.5817269272903828,0.09683009943716646
outer,2.332835266276085,298.5219028182334,-2.3866945319114183,-0.57850219813767,0.09692535446007144
outer,2.362789805892269,298.77306950182253,-2.385316806247896,-0.588290377653711,0.09809852914443098
outer,2.3668695249379463,298.68956815628127,-2.3849538954838474,-0.5850766822872621,0.09825893464113379
outer,2.37019258154468,298.6058480946259,-2.38463603032637,-0.5818560901382457,0.09839100040372323
outer,2.372738559317428,298.5219028182334,-2.384364587715508,-0.5786286540817355,0.09849393696913847
outer,2.402608294867988,298.7730695018226,-2.382959549356022,-0.5884281254175535,0.09965911895375973
outer,2.4068192287485153,298.6895681562812,-2.3825858324195552,-0.5852114731805875,0.09982441332190267
outer,2.4102962143439437,298.6058480946259,-2.3822565608149486,-0.5819879552204342,0.09996239592492015
outer,2.4130177381033846,298.5219028182334,-2.381973200284934,-0.5787576194865216,0.1000722386655554
outer,2.4428825250090695,298.77306950182253,-2.3805357908872464,-0.5885690299529799,0.1012323605982026
outer,2.447202654208883,298.68956815628127,-2.3801523651158027,-0.5853492000853726,0.10140165874004722
outer,2.4508126258612095,298.6058480946259,-2.379812682958095,-0.5821225427642167,0.10154471560266333
outer,2.453689781361125,298.52190281823346,-2.379518301824236,-0.5788891006927522,0.10166066262897389
outer,2.483633197178551,298.7730695018226,-2.378042987427044,-0.5887131396091891,0.10281875785194174
outer,2.48803948410119,298.6895681562812,-2.3776510760636365,-0.5854898936493683,0.10299114437032779
outer,2.49176052556395,298.6058480946259,-2.3773020992115157,-0.5822598668999813,0.1031384043746372
outer,2.494772468345925,298.5219028182334,-2.3769977092403436,-0.5790230963616751,0.10325962691726043
outer,2.5248819656535844,298.7730695018226,-2.375478449131425,-0.588860497448044,0.10441882961231626
outer,2.529350313148529,298.6895681562812,-2.3750794109922992,-0.5856335783496032,0.10459335921177504
outer,2.533159494877355,298.60584809462586,-2.3747223832854067,-0.5823999343268053,0.10474392282604492
outer,2.5362844117555845,298.5219028182334,-2.374409117454552,-0.5791595963434619,0.10486956521608741
outer,2.5666514760208026,298.77306950182253,-2.3728387452985884,-0.589011275957618,0.1060332019129838
outer,2.571156684599519,298.68956815628127,-2.372434668303657,-0.5857802690338442,0.10620880714878897
outer,2.575030022471137,298.60584809462586,-2.3720709704739296,-0.5825427415202441,0.10636174703359177
outer,2.5782450917352366,298.52190281823334,-2.371750090866424,-0.5792985794482972,0.10649092711971057
outer,2.6090140455546624,298.7730695018226,-2.370119389883316,-0.5891656268545649,0.10766407747173568
outer,2.613481127929379,298.68956815628127,-2.369713396264251,-0.5859301015408294,0.10783809839265857
outer,2.6173935406562174,298.6058480946259,-2.369345148627674,-0.582688271415796,0.10799236852182466
outer,2.6206748909823787,298.5219028182334,-2.369018054374533,-0.5794400103968012,0.10812417833800538
outer,2.6519766429667513,298.77306950182253,-2.3673170576222766,-0.5893232997365013,0.10931143465561872
outer,2.6563955896184606,298.68956815628127,-2.3669110834601783,-0.586083192510969,0.1094834101871415
outer,2.660272462891663,298.6058480946259,-2.366541445556221,-0.5828366194479777,0.10963638490083773
outer,2.6635951309548136,298.5219028182334,-2.366210284956018,-0.5795838366057153,0.10976980122265373
outer,2.695546041442812,298.7730695018226,-2.364429280166662,-0.5894842661559286,0.11097514410439915
outer,2.699907002647391,298.68956815628127,-2.3640243992659666,-0.5862392551596971,0.11114471061974909
outer,2.7037383651668687,298.60584809462586,-2.363655323459815,-0.5829878626884762,0.11129595168434658
outer,2.70702810918385,298.52190281823334,-2.3633232885767526,-0.5797301093209544,0.11142838445560396
outer,2.739750045773689,298.7730695018226,-2.361452774322749,-0.5896485551307099,0.1126557855521221
outer,2.744022105473715,298.68956815628127,-2.3610508746515477,-0.5863982158317551,0.11282186641594684
outer,2.747798144760913,298.6058480946259,-2.360683443430581,-0.5831416733358443,0.11297103101625011
outer,2.751045031450614,298.5219028182334,-2.360352498232605,-0.5798788617741505,0.11310206605351486
outer,2.7846176917015786,298.7730695018226,-2.358382120353882,-0.5898164821813466,0.11435422934061645
outer,2.78876856032396,298.68956815628127,-2.357987215960365,-0.5865600528685099,0.11451545088125924
outer,2.792458505431337,298.6058480946259,-2.3576233314912987,-0.5832979283500199,0.1146614906015715
outer,2.795652759359809,298.5219028182334,-2.3572945620279953,-0.5800297210857025,0.11479080700791372
outer,2.8303021787154186,298.77306950182253,-2.355209918138525,-0.589988133187614,0.11607512968965181
outer,2.8341752540646636,298.68956815628127,-2.3548279591495307,-0.5867250132006758,0.11622632529720268
outer,2.8377469669572926,298.6058480946259,-2.3544716776484376,-0.583456551372127,0.11636790285362648
outer,2.8408579619955874,298.5219028182334,-2.354146994570684,-0.5801825113640984,0.11649448117447542
outer,2.876734760053881,298.77306950182265,-2.3519330048202987,-0.5901625963795061,0.11781585758077526
outer,2.8803946006810883,298.6895681562812,-2.351565655941051,-0.5868931276200875,0.1179591136298473
outer,2.883692267451232,298.6058480946259,-2.351222965715368,-0.5836177165055808,0.11809112604174965
outer,2.886688016798017,298.52190281823334,-2.3509064610394352,-0.5803370982545986,0.1182136656073257
outer,2.923942532200674,298.7730695018226,-2.348547088164101,-0.5903404435894203,0.1195770145736007
outer,2.927358205898939,298.68956815628127,-2.3481971405935465,-0.5870634248770924,0.11971120916248694
outer,2.9304460360375204,298.6058480946259,-2.347869687687131,-0.5837813940270082,0.11983576024470612
outer,2.9331715132392544,298.52190281823334,-2.3475673825044603,-0.5804935794531996,0.11994922137823588
outer,2.9721009148663278,298.7730695018226,-2.345042921796231,-0.5905217958146306,0.12136390501135862
outer,2.9750930272694442,298.6895681562812,-2.3447180609429203,-0.5872363824866476,0.12148322302586823
outer,2.9779402306405585,298.6058480946259,-2.344408658088492,-0.5839465476643793,0.12159922707927821
outer,2.9804592961813188,298.5219028182334,-2.3441221773983125,-0.5806518601662348,0.12170573061651165
outer,3.0211654850333844,298.7730695018226,-2.3414147312893645,-0.5907057067616558,0.12317473607326336
outer,3.0237735850690877,298.6895681562812,-2.341119070873127,-0.5874120339835237,0.12328043526246338
outer,3.026201669992628,298.6058480946259,-2.3408354469155497,-0.5841135551917395,0.12338215335726815
outer,3.028483675478566,298.52190281823334,-2.340567623112244,-0.5808108355334395,0.12348064881776426
outer,3.071207060066456,298.77306950182253,-2.337655669536636,-0.5908925571746471,0.12501144192728297
outer,3.0733556840517897,298.6895681562812,-2.3373943230887466,-0.5875893335059442,0.12510108026573677
outer,3.0754039756723257,298.60584809462586,-2.337140590991839,-0.5842823576324097,0.12518980221376388
outer,3.0772713311503814,298.52190281823334,-2.3368991950884146,-0.580970781792036,0.12527462422687566
outer,3.122367759010755,298.7730695018226,-2.3337554911453715,-0.5910819772772758,0.12687808988927055
outer,3.123909778478386,298.68956815628127,-2.333536846986418,-0.5877685324809515,0.12694710671247597
outer,3.1255031800183395,298.60584809462586,-2.3333181525837756,-0.5844518091702893,0.12702044326867049
outer,3.1269949867626936,298.5219028182334,-2.333107296780378,-0.581131546884496,0.1270929096463052
outer,3.1746195764026894,298.7730695018225,-2.3297058483288873,-0.5912732223752625,0.12877349484193473
outer,3.1755772587035165,298.68956815628127,-2.3295362537174444,-0.5879491412695023,0.12882258687193995
outer,3.1765693744849726,298.6058480946259,-2.329361019699449,-0.5846220360332206,0.128876047837225
outer,3.177610902065632,298.5219028182334,-2.329185882408012,-0.5812918889204413,0.12893381601992895
outer,3.2281473691578,298.77306950182253,-2.3254950468443254,-0.5914663879705786,0.1307030520903019
outer,3.2283302628567276,298.68956815628127,-2.3253840392766145,-0.5881302748673827,0.13072638450679494
outer,3.2287432213325045,298.60584809462586,-2.3252586370820305,-0.5847924341611038,0.1307607001293058
outer,3.2291888059835454,298.52190281823334,-2.325127680536863,-0.5814518168356677,0.13079934248189584
outer,3.281868633237706,298.52190281823334,-2.3209219479530607,-0.5816106212660852,0.1326935884053829
outer,3.2819970021660674,298.60584809462586,-2.3210023187497817,-0.5849619878256896,0.1326733174871862
outer,3.2823527000319297,298.6895681562812,-2.321068290417195,-0.5883118816116769,0.13266391163847882
outer,3.2829883465450527,298.77306950182253,-2.3211118417611094,-0.5916600872544985,0.13266741603866328
outer,3.33562280879942,298.5219028182334,-2.316559795638301,-0.5817671697984693,0.13461552517868286
outer,3.336513679033539,298.6058480946259,-2.316579907011589,-0.5851305116460852,0.13461933094910233
outer,3.337681588714017,298.68956815628127,-2.316577535786838,-0.5884924332770016,0.13463587623254206
outer,3.3391959852795505,298.77306950182253,-2.3165438042150837,-0.5918541237650831,0.13466810035662072
outer,3.3906333483928477,298.5219028182334,-2.3120288026089626,-0.581921161211146,0.1365706002362606
outer,3.3923300797918676,298.6058480946259,-2.311979679169407,-0.5852963545183469,0.13659950037857937
outer,3.3943701314256796,298.68956815628115,-2.311899040665098,-0.5886715620444115,0.13664384904112833
outer,3.397054948813248,298.7730695018226,-2.3117714381997914,-0.592047986528747,0.13671356098880713
outer,3.4469368893923327,298.5219028182334,-2.3073169773728983,-0.5820708428941287,0.13855961779049478
outer,3.449499132995497,298.6058480946259,-2.3071885755251316,-0.5854590033296038,0.1386154475922155
outer,3.452701532056629,298.6895681562812,-2.3070129240305066,-0.588848599171159,0.13869629774999265
outer,3.4565613789760192,298.77306950182253,-2.306778751822476,-0.5922393945295032,0.13880321070542395
outer,3.5045860865931737,298.52190281823334,-2.3024109259676404,-0.5822155837759395,0.1405842384870198
outer,3.5083025841662585,298.6058480946259,-2.302186310091689,-0.5856176566781349,0.14067563918844653
outer,3.5126719522186707,298.6895681562812,-2.3019028029040287,-0.5890211152745534,0.14079270568747349
outer,3.5178766662416114,298.7730695018226,-2.3015481193700396,-0.5924277037772426,0.14094169614924684
outer,3.563861228261496,298.52190281823334,-2.2972899512509843,-0.5823544754061422,0.14265290935104286
outer,3.5687366146818564,298.60584809462586,-2.296956096751658,-0.5857697650861929,0.1427796078163171
outer,3.574441954884202,298.68956815628127,-2.296550566409299,-0.5891883071779344,0.14293775137960046
outer,3.581184929610467,298.7730695018226,-2.2960551274828394,-0.5926114188770132,0.14313442939772372
outer,3.624758515525944,298.5219028182334,-2.2919368704087195,-0.5824848768814235,0.144765187037388
outer,3.6309609606902136,298.60584809462586,-2.2914793499055337,-0.5859144021959966,0.14493203687365203
outer,3.6381947150155733,298.6895681562812,-2.2909312199445027,-0.5893485106740574,0.14513684993036427
outer,3.6466865864465516,298.77306950182253,-2.290271926301348,-0.5927886651525192,0.14538724702319655
outer,3.6874368583405293,298.52190281823334,-2.286332653993748,-0.5826057747237381,0.14692573056638158
outer,3.6951578538880283,298.60584809462586,-2.2857305282740223,-0.5860497771147464,0.1471383130426448
outer,3.7041296223716422,298.6895681562812,-2.285016279383888,-0.5894996861846961,0.14739581524382306
outer,3.714599004238092,298.77306950182253,-2.2841669863427976,-0.5929571333834693,0.1477063810914864
outer,3.752077545855868,298.5219028182334,-2.2804512662635945,-0.5827152913113003,0.14913986587718578
outer,3.76152565726994,298.6058480946259,-2.279680577581559,-0.586173737909486,0.14940419187777923
outer,3.772462929926796,298.6895681562812,-2.278773561507454,-0.5896393828065181,0.1497208265798538
outer,3.7851570449835044,298.7730695018225,-2.2777046732888144,-0.593114000280326,0.15009842278019006
outer,3.8188779150853045,298.52190281823334,-2.274263157552413,-0.5828112072800098,0.151413254642081
outer,3.8302795102083738,298.60584809462586,-2.273296750851286,-0.5862837521708826,0.15173575906770925
outer,3.8434282954653702,298.68956815628127,-2.2721667940383874,-0.5897646836737488,0.15211838488711213
outer,3.8586134685757534,298.7730695018225,-2.2708417228007822,-0.5932568332558412,0.1525708409223159
outer,3.88805199264874,298.5219028182334,-2.267735108597815,-0.5828909530091477,0.15375184965175956
outer,3.9016518672589444,298.60584809462586,-2.266542243552496,-0.5863768666658717,0.15413937757672624
outer,3.9172771828982365,298.6895681562812,-2.265152075118959,-0.589873108570371,0.1545958161051953
outer,3.9354528136368687,298.77306950182253,-2.263523480155663,-0.593381968840117,0.15513719368494286
outer,3.9598310307909514,298.52190281823334,-2.2608298835244067,-0.5829515727272623,0.15616183270150588
outer,3.9758928974107013,298.6058480946259,-2.259372630927027,-0.5864505946462517,0.15662217621553806
outer,3.994491646459981,298.6895681562812,-2.2576740911183224,-0.5899609836793712,0.15716641086095912
outer,4.015866387404124,298.77306950182253,-2.2556922018866286,-0.5934848411233993,0.15780245103356796
outer,4.034463904566613,298.52190281823334,-2.253502643373652,-0.5829905883921552,0.15865009151044185
outer,4.053482172543748,298.6058480946259,-2.251732066975763,-0.5865012666183164,0.15919712240046227
outer,4.0752620124934165,298.6895681562812,-2.249674524139917,-0.590023758623277,0.15983483456403702
outer,4.1005089234600804,298.77306950182253,-2.247273672367172,-0.5935622261350021,0.16058464274053175
outer,4.112427705394819,298.52190281823334,-2.245697132300595,-0.5830043291808119,0.16122923237603778
outer,4.13460903890895,298.6058480946258,-2.243561816358663,-0.5865243427146902,0.16186853264357526
outer,4.160239657548943,298.6895681562812,-2.241078611113123,-0.5900582155590645,0.16261861103884892
outer,4.1897836117159555,298.77306950182253,-2.238181922908759,-0.5936073388484311,0.16349325999593778
outer,4.193910800181945,298.52190281823334,-2.2373543397505213,-0.582988244082171,0.16390320081972426
outer,4.219921518771124,298.6058480946258,-2.234786759112658,-0.5865165967021865,0.16465340376061322
outer,4.249825704251685,298.6895681562812,-2.231800042354381,-0.5900575618545006,0.16552667238705274
outer,4.279557859465763,298.52190281823334,-2.228398943307381,-0.5829390664573786,0.1666884671643695
outer,4.284365892930571,298.7730695018225,-2.228316390825388,-0.5936151535101075,0.16654497241826863
outer,4.3098186691611025,298.60584809462586,-2.2253204316631146,-0.5864711949640417,0.16756011448693536
outer,4.344692130155741,298.68956815628115,-2.221738216034437,-0.5900167985041156,0.16857500289110716
outer,4.369765876258076,298.52190281823334,-2.2187444568185883,-0.5828498682891065,0.16959288055188618
outer,4.384984504000867,298.7730695018225,-2.2175514926687647,-0.59357949682433,0.16975677428849537
outer,4.404969007261903,298.60584809462586,-2.2150623296094256,-0.5863830926679763,0.1706039940941555
outer,4.445563935686787,298.6895681562812,-2.2107677090907987,-0.5899297011800659,0.17177982321823615
outer,4.465199910010128,298.52190281823334,-2.2082905487618447,-0.5827154689036216,0.17263116039187587
outer,4.4926877306908,298.77306950182253,-2.2057317602310818,-0.5934917599405112,0.1731518077722024
outer,4.506093800084988,298.60584809462586,-2.203887241929817,-0.5862458829161084,0.17380054398442704
outer,4.55348403170627,298.68956815628115,-2.19873341151459,-0.5897874734037376,0.17516337624719236
outer,4.5665774971668505,298.5219028182333,-2.196912226031364,-0.5825291463986754,0.1758181565310025
outer,4.608405717169277,298.77306950182253,-2.192677815337126,-0.5933408579062867,0.17674687360453756
outer,4.614230587987212,298.60584809462586,-2.191640400929046,-0.586050406464734,0.1771711977711129
outer,4.66937779323107,298.6895681562812,-2.1854565345329346,-0.5895785733246462,0.17874157290516765
outer,4.6749308116767585,298.5219028182333,-2.184455018321216,-0.5822812239811538,0.1791745923576802
outer,4.7302999807357375,298.6058480946258,-2.1781435276248597,-0.5857844699103519,0.18073111084507032
outer,4.7334968152385475,298.7730695018225,-2.178172051549451,-0.5931152693687671,0.18056694473922535
outer,4.7911757016915795,298.52190281823334,-2.170741053978221,-0.5819586961672254,0.18271499945952197
outer,4.794596607351407,298.68956815628115,-2.1707202714746505,-0.5892906803353142,0.1825384948195173
outer,4.855646406407398,298.6058480946258,-2.163180449697442,-0.5854347598956279,0.18450364268855987
outer,4.869402269767095,298.7730695018225,-2.1619494810946027,-0.5927971372398448,0.18463337082290301
outer,4.916649641582717,298.52190281823334,-2.155554609547596,-0.5815470973696202,0.18646216570199323
outer,4.930574329204181,298.6895681562812,-2.1542606193586162,-0.5889047144982691,0.186574794589435
outer,4.991696336453714,298.6058480946258,-2.146487844708501,-0.5849807693347089,0.18850892307880726
outer,5.017933842979035,298.7730695018225,-2.1436916883351693,-0.5923604213498588,0.18896951537850543
outer,5.05277172474804,298.52190281823334,-2.1386327450735654,-0.5810243234400413,0.19043584325601745
outer,5.079113431518341,298.6895681562812,-2.135760264766088,-0.5883929828660494,0.1908734051020238
outer,5.14024296170974,298.6058480946258,-2.1277490410069713,-0.584392908352414,0.19276960329202067
outer,5.180907004390928,298.77306950182253,-2.1230296689827233,-0.5917627680982666,0.1935875707081217
outer,5.201325867208009,298.5219028182333,-2.119659030287921,-0.5803586921266218,0.19465852269411554
outer,5.242020075307319,298.68956815628115,-2.1148511480218435,-0.5877108425100834,0.19544651090549314
outer,5.303083142301862,298.60584809462586,-2.1065964163360884,-0.5836239985796837,0.19729798055609615
outer,5.360175712731544,298.77306950182253,-2.099554445086041,-0.5909440463062282,0.198488433961225
outer,5.364099635296024,298.52190281823334,-2.0982658754126633,-0.5795003056633237,0.19914271057033703
outer,5.421138713449752,298.6895681562812,-2.091124761971798,-0.58679490975783,0.20029548478172163
outer,5.482051833036438,298.60584809462586,-2.0826215310026823,-0.5826072348116758,0.202095998583776
outer,5.542918492990604,298.5219028182333,-2.0740446061920643,-0.5783788179996924,0.20389099382410236
outer,5.557433608499918,298.77306950182253,-2.072825292440799,-0.5898074901379616,0.2036506374328941
outer,5.6181543025982625,298.6895681562812,-2.064140795191615,-0.5855443503302938,0.20540002445651306
outer,5.67882531382514,298.6058480946258,-2.055384269219677,-0.5812376635391553,0.20714457204991912
outer,5.739450050080314,298.52190281823334,-2.046555167872013,-0.576885127543739,0.2088855379256517
outer,5.773507429086339,298.7730695018225,-2.0424338080341773,-0.5882121879004876,0.20901255118424905
outer,5.83388934119141,298.68956815628115,-2.033491453121354,-0.5838133757168105,0.21070049533093307
outer,5.894221847623129,298.6058480946258,-2.02447748992089,-0.5793647091881493,0.2123860558056807
outer,5.954508337267392,298.52190281823334,-2.0153911776811704,-0.5748639612793077,0.21407067619692957
outer,6.008121920686317,298.7730695018225,-2.008082912853691,-0.5859800349916567,0.21447410062448874
outer,6.068069986740528,298.6895681562812,-1.998880411822311,-0.5814180369865023,0.2160994110935867
outer,6.127969002102891,298.60584809462586,-1.9896060332522456,-0.5767988787402843,0.21772550732777315
outer,6.187822331309842,298.5219028182333,-1.9802590400139963,-0.5721205467983214,0.21935396516715233
outer,6.259616288510177,298.7730695018224,-1.9696554183493535,-0.5829037237284383,0.219900040094804
outer,6.319043959891679,298.68956815628115,-1.9601918271984706,-0.5781447187952093,0.221464419104067
outer,6.378423006378471,298.60584809462586,-1.9506559887241381,-0.5733207193088663,0.22303337167429216
outer,6.437756763300441,298.5219028182333,-1.9410472672522774,-0.5684299860631176,0.22460855112034717
outer,6.525101250035152,298.7730695018224,-1.9272588459071665,-0.5787697262174705,0.22513904001109844
outer,6.583936792414374,298.68956815628115,-1.9175349208071435,-0.573774014300055,0.22664687685709162
outer,6.642724194390542,298.60584809462586,-1.9077385908391202,-0.5687053825150186,0.2281635149099642
outer,6.701466758060767,298.5219028182333,-1.8978692606814933,-0.5635623299017634,0.229690637983824
outer,6.8011463619130135,298.77306950182253,-1.8811850485067365,-0.5733720611022551,0.23004817787659884
outer,6.85933562996053,298.6895681562812,-1.8712020862097678,-0.5680953697755659,0.23150571292949967
outer,6.917477286399382,298.6058480946258,-1.8611464166193137,-0.5627379275560371,0.2329764921033299
outer,6.975574597055077,298.52190281823334,-1.851017227925563,-0.5572983347643099,0.23446221521577476
outer,7.084452142431562,298.7730695018225,-1.8318028229331902,-0.5665104019559885,0.2345054319166673
outer,7.141957908334908,298.6895681562812,-1.8215590150994998,-0.5609054061317256,0.23591964954765196
outer,7.199416621884586,298.60584809462586,-1.811240825274202,-0.5552116814436857,0.23735163683952099
outer,7.2568315105451004,298.5219028182333,-1.8008467237264234,-0.5494276788749899,0.23880317515347432
outer,7.372384763306978,298.7730695018225,-1.7794331366891616,-0.5579807009935809,0.2384118730151148
outer,7.429183303749126,298.68956815628115,-1.7689170720039715,-0.5519974435355176,0.2397898390479006
outer,7.485935370503451,298.60584809462586,-1.7583213863609526,-0.5459165215868892,0.2411903877924757
outer,7.5426441513418965,298.5219028182333,-1.7476429080469345,-0.539735784556299,0.2426156064899747
outer,7.663078389330823,298.77306950182253,-1.7242533360467907,-0.5475621753094451,0.24168491424205318
outer,7.719155547739271,298.6895681562812,-1.7134346430530496,-0.5411460149436205,0.24303464473746578
outer,7.775186822708963,298.6058480946258,-1.7025237655283492,-0.5346205253365348,0.24441293627506522
outer,7.831175361524858,298.52190281823334,-1.69151406217642,-0.5279820585264381,0.24582270390963018
outer,7.955334126492173,298.7730695018225,-1.6662451644009981,-0.5350045962008785,0.24425678176945956
outer,8.010681893414533,298.6895681562812,-1.6550596501443118,-0.5280894774329916,0.2455908464526934
outer,8.065984373700626,298.6058480946258,-1.6437548065456227,-0.5210469173338139,0.24696267996554616
outer,8.121244673698921,298.52190281823334,-1.6323171640913001,-0.5138702948625411,0.24837701724760458
outer,8.248431362409423,298.77306950182253,-1.605150048505631,-0.520000757742926,0.2460835656780817
outer,8.303045423207504,298.68956815628115,-1.5934706105531378,-0.5124934767806422,0.24742717324630034
outer,8.357614797702116,298.60584809462586,-1.5816166512621137,-0.5048278894727934,0.2488248746466857
outer,8.412142551063218,298.5219028182333,-1.5695636384993752,-0.4969935690758601,0.2502845045341744
outer,8.541966555548877,298.7730695018225,-1.5403702734117908,-0.5021220331328314,0.24717153464229558
outer,8.595844664673415,298.6895681562812,-1.5279507275832267,-0.4938743219625309,0.24857739735566756
outer,8.649678689664679,298.6058480946258,-1.5152554883374698,-0.4854200845244101,0.25006588802081864
outer,8.703471654387908,298.52190281823334,-1.5022483615444264,-0.47674898831449286,0.25164811968111106
outer,8.835721156884764,298.7730695018225,-1.4707414292037662,-0.480699074476693,0.24762782043670434
outer,8.888862189358507,298.6895681562812,-1.4571357811699084,-0.47148230708783284,0.24919561685416314
outer,8.941959740789647,298.6058480946258,-1.4431010045655637,-0.46200564541170935,0.25088798125185585
outer,8.995016793675603,298.5219028182333,-1.428599785284587,-0.4522718046861725,0.2527156805031954
outer,9.129581909556137,298.7730695018225,-1.3941591769100539,-0.45469741321486856,0.24772659707501005
outer,9.181985321106536,298.6895681562812,-1.3786730709723027,-0.444235834933656,0.24960766988409905
outer,9.234345855150435,298.60584809462586,-1.3625867778978091,-0.43350237955591925,0.2516554630797536
outer,9.286666452786747,298.5219028182333,-1.3458845839411688,-0.42252998915574164,0.25387167853353443
outer,9.423492635124395,298.77306950182253,-1.3072478609746305,-0.4227930169917928,0.2479103555184123
outer,9.475158169524185,298.6895681562812,-1.28903652304544,-0.41092579616524755,0.25025506910781187
outer,9.526781430163137,298.60584809462586,-1.2701217052012612,-0.3988829001054094,0.2527747691593741
outer,9.578365316727409,298.52190281823334,-1.2505292428763357,-0.38673038302106216,0.2554526849729416
outer,9.71742597792487,298.77306950182253,-1.2055047724325272,-0.38392159620500765,0.2485373969140125
outer,9.768353519208178,298.6895681562812,-1.1838778723141017,-0.37085258293199397,0.25135122070537413
outer,9.819239390571166,298.60584809462586,-1.1616002241864387,-0.3578320305657591,0.25427376820060854
outer,9.870086450280725,298.5219028182334,-1.1387362381525423,-0.3449330833938534,0.2572689555907536
outer,10.011369315410551,298.7730695018225,-1.084210307201733,-0.3381503343317295,0.24917616952814645
outer,10.061558812331363,298.6895681562812,-1.0589971365050794,-0.3245288011647527,0.25212694956557713
outer,10.111707243214308,298.6058480946259,-1.0333577504530989,-0.3112166998706773,0.255035149699895
outer,10.161817424904205,298.5219028182334,-1.0073713621841756,-0.29825516086686266,0.2578584263789001
outer,10.30531691971919,298.77306950182253,-0.93961737101405,-0.2867387491340685,0.24750199552067448
outer,10.354768350400072,298.68956815628127,-0.911322886035545,-0.2732737492680952,0.24982805381408446
outer,10.404179318943504,298.6058480946259,-0.8829450323807742,-0.2602632983630576,0.25192731466916884
outer,10.453552600770863,298.5219028182333,-0.854561113220216,-0.24770423230434496,0.2537724835648759
outer,10.599266289877942,298.77306950182253,-0.7694401782955885,-0.22967983124543967,0.23838522562635656
outer,10.64797964526485,298.6895681562812,-0.7392781946665699,-0.21645671289193336,0.23911966455164158
outer,10.69665314242205,298.6058480946259,-0.7094879732456925,-0.20368422021684326,0.23952309912004485
outer,10.745289515347123,298.52190281823334,-0.6801440035002793,-0.19134465353659202,0.2395978008355512
outer,10.893216371528611,298.77306950182253,-0.5741478587334568,-0.1612840107116661,0.21475248915310818
outer,10.941191647973472,298.68956815628115,-0.5446713193239106,-0.14781914973242238,0.2134415439487786
outer,10.989127670099425,298.60584809462586,-0.5161722312607047,-0.13484068531432142,0.21187751616662542
outer,11.03702713047989,298.52190281823334,-0.4886943562557875,-0.12234199352901023,0.21008238252990583
outer,11.187166729187917,298.77306950182253,-0.3657510314560693,-0.0714432319237865,0.172873728085215
outer,11.234403925275563,298.68956815628127,-0.34177432529702995,-0.05830018347717465,0.17043679411907608
outer,11.281602470956166,298.6058480946259,-0.3192566705073083,-0.045843233701592934,0.16794316044578328
outer,11.328765017379094,298.5219028182334,-0.29815409701598644,-0.034052387858468494,0.16540496153801904
outer,11.481117191513423,298.77306950182253,-0.18148447031324993,0.03915461982572745,0.12064981844716753
outer,11.527616306707131,298.68956815628127,-0.16787644886731778,0.0493521066991942,0.11898257053513536
outer,11.57407737540627,298.60584809462586,-0.1555038907226754,0.05877951516234661,0.11733659314952197
outer,11.620503007335854,298.5219028182334,-0.14426322506511693,0.06748831104825513,0.11570686276688727
outer,11.77506769213907,298.7730695018226,-0.06865956196956732,0.14738319270877862,0.0760228311962464
outer,11.820828726242558,298.68956815628127,-0.0647106454074615,0.15256699536052057,0.07595152332391333
outer,11.866552317763905,298.6058480946259,-0.0612155238781937,0.15723342023418618,0.07580129340007762
outer,11.91224103500412,298.5219028182334,-0.058117190086665216,0.1614262290825425,0.07557286936395216
outer,12.06901820638385,298.7730695018226,-0.0316735082186394,0.22936480673244974,0.04902756641430139
outer,12.11404115932725,298.6895681562812,-0.03146581928445601,0.2304636920484669,0.049629645658380565
outer,12.159027273601087,298.6058480946259,-0.03126230707331085,0.23133241776530244,0.05008775184962991
outer,12.203979076082163,298.52190281823334,-0.031059253631736887,0.23198802192299975,0.05041210053487072
outer,12.362968725335698,298.7730695018226,-0.026503693345332258,0.28549805928362054,0.033515432923595344
outer,12.407253597094838,298.6895681562812,-0.026406031832804485,0.2842335022005536,0.033964762513016784
outer,12.451502234097093,298.60584809462586,-0.026285439715554432,0.2828714372570804,0.0342966829403691
outer,12.49571712179486,298.5219028182334,-0.02614339835157483,0.2814183917882203,0.034519727015408425
outer,12.656919245856654,298.77306950182253,-0.02355974786182643,0.32526950655896547,0.022246791751402505
outer,12.700466036423544,298.6895681562812,-0.023352357685010764,0.3224575887506531,0.02247169102632956
outer,12.743977196146128,298.6058480946259,-0.023129403617770453,0.31962264604835977,0.022609969551096537
outer,12.787455169052645,298.5219028182334,-0.022892463785356806,0.3167666815155253,0.022667734404807835
outer,12.950869766888841,298.7730695018226,-0.02088285039560692,0.3526145882420722,0.013717112345577327
outer,12.993678476260833,298.6895681562812,-0.020598229233663674,0.3487939219374377,0.013739486939993495
outer,13.036452158701097,298.6058480946259,-0.020305633738472995,0.34499356088848776,0.013700169890928808
outer,13.079193216813772,298.52190281823334,-0.020006264149654417,0.3412135421650856,0.013603432692880883
outer,13.24482028808158,298.77306950182253,-0.018513600308513713,0.3703112042185442,0.00722288380005888
outer,13.286890916257862,298.68956815628127,-0.018179316907336065,0.36585989518223416,0.007075430378339978
outer,13.328927121415045,298.6058480946259,-0.017843390099508732,0.3614539853480778,0.006885499685587465
outer,13.370931264733011,298.52190281823334,-0.01750663197031326,0.3570925967721106,0.006656054440809064
outer,13.53877080932343,298.77306950182253,-0.016419764455083526,0.3805274256371797,0.002275425997886507
outer,13.580103356303693,298.6895681562812,-0.016060137998596655,0.37571304237393705,0.0019907169479887743
outer,13.621402084177541,298.6058480946259,-0.015703555516203085,0.370957990480545,0.001678044996964903
outer,13.662669312700594,298.52190281823334,-0.015350524972457251,0.3662609536854888,0.0013394395720587038
outer,13.832721330579883,298.7730695018226,-0.01456956235677176,0.3849520658872641,-0.0014795613868997942
outer,13.87331579636408,298.68956815628127,-0.014204235553413304,0.37996525439882745,-0.0018727156821708724
outer,13.91387704695449,298.6058480946259,-0.01384514941199078,0.3750445422637158,-0.0022830089722905428
outer,13.954407360682477,298.5219028182334,-0.013492584978486703,0.37018843082447717,-0.0027090812837849143
outer,14.12667185184051,298.7730695018226,-0.01293757357315832,0.384907911881215,-0.004308524144488957
outer,14.16652823642864,298.6895681562812,-0.012581291887619049,0.37988417690275916,-0.004785864636165205
outer,14.20635200973556,298.6058480946259,-0.01223322772866333,0.3749286269597233,-0.0052723760874100745
outer,14.246145408668532,298.5219028182334,-0.011893496242569267,0.3700397304662655,-0.005767178590111971
outer,14.420622373102304,298.7730695018226,-0.011502275016566463,0.38143530519295893,-0.006416783066477194
outer,14.45974067649437,298.6895681562812,-0.01116536991740108,0.37646980940086827,-0.006958380693595917
outer,14.498826972517852,298.6058480946259,-0.010837706830344247,0.37157154674919884,-0.00750337417263873
outer,14.53788345665576,298.5219028182334,-0.01051928245266414,0.3667390420680507,-0.00805122531759149
outer,14.714572894364355,298.7730695018226,-0.010244215786344789,0.3753535768727475,-0.007964780110287561
outer,14.752953116560352,298.68956815628127,-0.00993330965734579,0.37051168717516403,-0.008554494382391808
outer,14.791301935300398,298.6058480946259,-0.009631953301037978,0.3657341713232941,-0.009143500740575405
outer,14.829621504643239,298.5219028182334,-0.00934006197869143,0.3610196623264902,-0.009731500727630432
outer,15.00852341562656,298.77306950182253,-0.009145059307821404,0.36730749918528366,-0.009078729637248581
outer,15.04616555662654,298.68956815628127,-0.008863804049976047,0.3626325503152821,-0.00970360432508209
outer,15.083776898083045,298.6058480946259,-0.008591888103459823,0.35801799713883514,-0.010324929828704116
outer,15.121359552630873,298.5219028182334,-0.008329174171591798,0.35346260776635013,-0.010942572122552494
outer,15.302473936888815,298.7730695018225,-0.008187264262332329,0.35780330272040994,-0.009858073229721653
outer,15.339377996692626,298.68956815628127,-0.007937028899793072,0.3533224263890105,-0.010507768058451786
outer,15.376251860865745,298.6058480946259,-0.007695567108810537,0.3488973981679685,-0.011152015679201585
outer,15.413097600618505,298.5219028182334,-0.007462711365513748,0.34452713146791114,-0.011790791216401683
outer,15.596424458151018,298.7730695018226,-0.00735409448227968,0.34723713183545146,-0.010380996629425446
outer,15.632590436758814,298.6895681562812,-0.0071345690311870325,0.3429656747974236,-0.011047289046544395
outer,15.668726823648443,298.6058480946259,-0.006923026817251564,0.3387453257164746,-0.011706931623084213
outer,15.704835648606139,298.5219028182334,-0.006719287000104449,0.33457514240226016,-0.012359968526856474
outer,15.890374979413274,298.7730695018226,-0.006629768810351565,0.3359177895855011,-0.010708688679543124
outer,15.92580287682495,298.68956815628127,-0.006439473871629901,0.33186266761409944,-0.011385053010456517
outer,15.961201786431142,298.6058480946259,-0.0062562493622400905,0.3278539715144591,-0.012054069379163423
outer,15.996573696593773,298.5219028182334,-0.006079913520738389,0.32389089552790856,-0.012715822409500269
outer,16.184325500675477,298.77306950182253,-0.0059996395068913355,0.3240850245895408,-0.010888727194622
outer,16.219015316891088,298.6895681562812,-0.005836342149764785,0.320247257442413,-0.011569987265447793
outer,16.25367674921379,298.6058480946259,-0.005679157244750897,0.31645145044374884,-0.012243560271238796
outer,16.288311744581407,298.5219028182334,-0.005527910776617781,0.31269692215803324,-0.012909551401622338
outer,16.47827602193768,298.7730695018226,-0.00545034159831885,0.3119242528517885,-0.01095781971035091
outer,16.512227756957223,298.6895681562812,-0.005311383754395743,0.3083008624848908,-0.011639866698607781
outer,16.546151711996487,298.6058480946259,-0.0051775913891356565,0.3047152743675463,-0.01231413700711674
outer,16.58004979256904,298.52190281823334,-0.005048803864710259,0.3011669172592871,-0.012980743007953127
outer,16.772226543199935,298.77306950182253,-0.004969887889945547,0.299578385121412,-0.01094404195513625
outer,16.80544019702341,298.68956815628127,-0.00485243639315712,0.29616379794121883,-0.01162360798912801
outer,16.838626674779185,298.60584809462586,-0.00473925299798985,0.2927832070311382,-0.012295475962768976
outer,16.87178784055667,298.52190281823334,-0.004630193664298926,0.28943613669055845,-0.012959756830708727
outer,17.06617706446214,298.77306950182253,-0.004547703502992148,0.2871572858791564,-0.010868669849302598
outer,17.098652637089547,298.68956815628127,-0.004448932375344834,0.2839443502833969,-0.011543148094230585
outer,17.131101637561834,298.6058480946259,-0.004353605936873985,0.2807619684749091,-0.01221011587367933
outer,17.163525888544253,298.5219028182334,-0.004261598108525631,0.277609746118013,-0.012869677564391627
outer,17.360127585724392,298.7730695018226,-0.00417460461232097,0.27474529039816414,-0.010747674289968964
outer,17.391865077155686,298.68956815628127,-0.004091820635573902,0.2717259985916551,-0.011414977095915324
outer,17.423576600344532,298.6058480946259,-0.004011745102690013,0.2687341718950117,-0.012075023631925919
outer,17.45526393653194,298.52190281823334,-0.00393426991015456,0.2657694842520903,-0.012727908948544177
outer,17.654078106986596,298.7730695018226,-0.0038427315373015247,0.262407133204115,-0.010592932564394947
outer,17.68507751722182,298.6895681562812,-0.003773453835824253,0.2595731187110523,-0.011251380322782695
outer,17.71605156312723,298.6058480946259,-0.003706240283218476,0.2567638118410566,-0.011902863006032056
outer,17.74700198451952,298.5219028182334,-0.0036409998416209524,0.25397894315491276,-0.012547465218266655
outer,17.9480286282488,298.7730695018226,-0.003545448218664496,0.2501925841460893,-0.010413200786012052
outer,17.97828995728796,298.6895681562812,-0.0034874518720235254,0.2475354520086908,-0.011061435271364696
outer,18.00852652590988,298.6058480946259,-0.0034309660740894157,0.244900571691564,-0.011703012767867262
outer,18.038740032507103,298.5219028182334,-0.003375915347233263,0.24228772027851908,-0.012338007363540786
outer,18.241979149511057,298.77306950182253,-0.00327722016616374,0.23814004117640988,-0.010214885440708435
outer,18.271502397354094,298.6895681562812,-0.003228552819337288,0.23565157592146752,-0.010851802454071434
outer,18.301001488692577,298.6058480946259,-0.003180927782928465,0.23318317621093446,-0.011482374264619816
outer,18.33047808049479,298.5219028182334,-0.003134283316839702,0.23073465710842875,-0.012106665006879506
outer,18.53592967077326,298.77306950182253,-0.0030334816902528663,0.22627928908023426,-0.010002647357315896
outer,18.564714837420283,298.6895681562812,-0.0029924608482479534,0.22395157564461807,-0.010627344436237973
outer,18.593476451475276,298.6058480946259,-0.0029520916286420104,0.22164197900338,-0.011246003533687855
outer,18.62221612848237,298.5219028182334,-0.002912324101508254,0.21935034509700435,-0.011858679726066135
outer,18.829880192035514,298.77306950182253,-0.00281050130144464,0.21463359871994964,-0.00977986741840127
outer,18.857927277486418,298.6895681562812,-0.002775698711501691,0.2124590832958243,-0.010391603202902673
outer,18.885951414257974,298.6058480946259,-0.002741225548126572,0.21030094333891183,-0.0109975988119572
outer,18.913954176470053,298.5219028182334,-0.002707041797833064,0.20815904985559278,-0.01159790129685178
outer,19.123830713297718,298.77306950182253,-0.002605251990143463,0.20322131121052453,-0.009548999727157274
outer,19.151139717552557,298.6895681562812,-0.0025754702194146425,0.20119282227066862,-0.010147162264265444
outer,19.178426377040623,298.60584809462586,-0.0025457547782724507,0.19917914764277697,-0.010739870454327019
outer,19.20569222445769,298.5219028182334,-0.0025160738002777613,0.19718017870438004,-0.01132716437077174
outer,19.41778123455992,298.7730695018226,-0.002415291203861518,0.19205702507193498,-0.009311834534521404
outer,19.44435215761869,298.6895681562812,-0.0023895363422664975,0.1901677694017149,-0.009895916383107897
outer,19.47090133982332,298.60584809462586,-0.0023636347021521315,0.18829192307261605,-0.010474816644452205
outer,19.49743027244532,298.5219028182334,-0.0023375609858141203,0.18642939406217973,-0.011048569395056072
outer,19.711731755822175,298.77306950182253,-0.0022386534058717322,0.1811524816991115,-0.009069690037644428
outer,19.737564597684827,298.6895681562812,-0.002216106733537171,0.179396026007868,-0.009639268497039298
outer,19.76337630260602,298.6058480946259,-0.0021932417421191702,0.1776517101680552,-0.010203924866386327
outer,19.789168320432953,298.5219028182334,-0.0021700383318558336,0.1759194557501244,-0.01076368810017074
outer,20.00568227708438,298.7730695018225,-0.002073756601235835,0.17051722511781503,-0.008823549097964185
outer,20.030777037751015,298.6895681562812,-0.0020537472014841643,0.16888747043579658,-0.009378270279836322
outer,20.05585126538872,298.60584809462586,-0.0020332819977966973,0.16726870397865737,-0.009928315911493374
outer,20.08090636842059,298.52190281823334,-0.00201234493360683,0.16566085850729162,-0.010473710588574131
outer,20.299632798346583,298.77306950182253,-0.0019193231017271759,0.1601590954874912,-0.008574154169696147
outer,20.323989477817154,298.6895681562812,-0.0019013026640950156,0.15865024905402414,-0.009113719941141116
outer,20.348326228171366,298.60584809462586,-0.0018827164868856355,0.15715134221074906,-0.009648844292512934
outer,20.37264441640817,298.52190281823334,-0.0018635516038784244,0.15566231698364863,-0.010179548110410136
outer,20.593583319608836,298.77306950182253,-0.0017743139004728486,0.1500846021766554,-0.008322071281081263
outer,20.61720191788329,298.6895681562812,-0.001757834371541582,0.1486911496995818,-0.008846228333127891
outer,20.640801190954065,298.60584809462586,-0.0017407012067481367,0.14730667865900518,-0.009366166319567722
outer,20.664382464395853,298.52190281823334,-0.0017229037504415332,0.14593113879990266,-0.009881902964223019
outer,20.88753384087104,298.77306950182253,-0.0016378754623211852,0.1402992112332767,-0.008067731645544793
outer,20.910414357949424,298.6895681562812,-0.0016225698464560415,0.13901589100998732,-0.008576262142679467
outer,20.933276153736763,298.60584809462586,-0.0016065401504729362,0.137740674019371,-0.009080784786077826
outer,20.956120512383485,298.52190281823334,-0.0015897774084103408,0.13647351646383213,-0.009581314596070756
outer,21.181484362133244,298.77306950182253,-0.0015092975796262564,0.13080757281174402,-0.007811457624336833
outer,21.203626798015563,298.6895681562812,-0.0014948638292906283,0.12962935237707335,-0.008304171038145777
outer,21.22575111651941,298.60584809462586,-0.0014796492576603856,0.12845842798981488,-0.008793077265013355
outer,21.247858560371068,298.5219028182333,-0.0014636461060456435,0.12729476126364486,-0.009278189008679164
outer,21.4754348833955,298.77306950182253,-0.0013879806284995064,0.1216137071883722,-0.007553478167744893
outer,21.49683923808175,298.6895681562812,-0.0013741684383969943,0.12053576250232134,-0.008030204024706548
outer,21.51822607930211,298.60584809462586,-0.0013595293500396136,0.11946437006088115,-0.008503313366315012
outer,21.539596608358703,298.52190281823334,-0.0013440564377816093,0.11839949601112376,-0.008972816906904532
outer,21.769385404657704,298.77306950182253,-0.0012734106709050667,0.11272116245138211,-0.007293937560089926
outer,21.790051678147886,298.6895681562812,-0.001260010850026104,0.11173885932780742,-0.007754518905364539
outer,21.81070104208481,298.60584809462586,-0.001245746294191833,0.11076242139247973,-0.008211664922096584
outer,21.831334656346336,298.52190281823334,-0.001230610611539118,0.10979181859289373,-0.008665384617488996
outer,22.063335925919958,298.7730695018225,-0.00116514094176981,0.10413315253857683,-0.007032900277016606
outer,22.08326411821402,298.68956815628115,-0.001151977010519143,0.10324202980310676,-0.007477187722695889
outer,22.10317600486751,298.60584809462586,-0.001137916802475613,0.10235613612206586,-0.007918212034779458
outer,22.123072704333968,298.52190281823334,-0.0011229542426799514,0.10147544460557689,-0.008355980769807304
outer,22.35728644718216,298.77306950182253,-0.0010627783737635933,0.09585268140926578,-0.006770353875316278
outer,22.37647655828016,298.6895681562812,-0.001049700013496753,0.09504843522129236,-0.007198200171165157
outer,22.395650967650155,298.60584809462586,-0.001035698577996711,0.09424882768510542,-0.007622947040135046
outer,22.414810752321603,298.5219028182334,-0.0010207681584929532,0.09345383451157184,-0.008044600818298189
outer,22.651236968444366,298.7730695018225,-0.0009659741060923412,0.08788265667563305,-0.006506211238536685
outer,22.669688998346295,298.6895681562812,-0.0009528521155945727,0.08716112544305428,-0.006917466315418418
outer,22.688125930432854,298.6058480946258,-0.0009387837883708915,0.08644368346728826,-0.007325777723326762
outer,22.706548800309236,298.52190281823334,-0.0009237632553782821,0.08573030859178465,-0.007731150784662761
outer,22.94518748970662,298.7730695018225,-0.0008744169621013285,0.08022599428128649,-0.006240313043780751
outer,22.962901438412484,298.68956815628115,-0.000861139428181161,0.07958314362690697,-0.006634819519605973
outer,22.980600893215552,298.60584809462586,-0.0008468948531412945,0.07894386954886207,-0.0070265307253001286
outer,22.998286848296868,298.52190281823334,-0.0008316773159820906,0.07830815161961371,-0.007415451172257708
outer,23.239138010968823,298.77306950182253,-0.0007878290812504164,0.07288571503690261,-0.00597243092478935
outer,23.25611387847862,298.68956815628115,-0.0007742984743942249,0.07231762237264065,-0.006350020081700689
outer,23.2730758559982,298.6058480946258,-0.0007597818872128667,0.07175262637623443,-0.006724955675089728
outer,23.290024896284503,298.52190281823334,-0.0007442732944605984,0.07119070799447316,-0.007097241601909722
outer,23.533088532231076,298.7730695018225,-0.0007059631674390422,0.06586503275394417,-0.005702271576343574
outer,23.549326318544757,298.68956815628115,-0.0006920941484781021,0.06536787105682071,-0.006062759820713061
outer,23.5655508187809,298.6058480946258,-0.0006772213509924421,0.06487335523893534,-0.0064207302805999455
outer,23.581762944272135,298.52190281823334,-0.000661338612362946,0.0643814673268196,-0.006776186425871047
outer,23.82703905349328,298.7730695018225,-0.0006286007694963104,0.059167433382946485,-0.005429481908736992
outer,23.842538758610893,298.68956815628115,-0.0006143185354117245,0.05873745383694067,-0.005772667749670042
outer,23.858025781563597,298.6058480946258,-0.0005990153540592173,0.058309695141780804,-0.0061134665286107365
outer,23.873500992259768,298.5219028182333,-0.0005826849075599994,0.05788414016630674,-0.006451881473715462
outer,24.120989574755537,298.7730695018225,-0.0005555512111256045,0.05279674428485564,-0.00515365524523456
outer,24.13575119867708,298.6895681562812,-0.0005407902009008578,0.05243025752433023,-0.005479316825902945
outer,24.1505007443463,298.6058480946258,-0.0005249912965504082,0.05206558925359052,-0.00580271800586081
outer,24.165239040247403,298.52190281823334,-0.0005081480336432513,0.05170272298923237,-0.006123861950543326
outer,24.41494009601774,298.7730695018225,-0.0004866508845842235,0.04675719237129243,-0.004874338509414657
outer,24.428963638743166,298.68956815628115,-0.00047135376410158136,0.04645054802531418,-0.005182231749820335
outer,24.442975707128944,298.60584809462586,-0.0004550017049618424,0.04614533965310945,-0.005487988318057078
outer,24.456977088234986,298.5219028182333,-0.00043758812283620566,0.045841551273533565,-0.005791611492029716
outer,24.708890617279945,298.7730695018225,-0.0004217626215444331,0.04105344978888095,-0.004591040481254929
outer,24.722176078809355,298.6895681562812,-0.00040587945819832785,0.04080301407260123,-0.004880897907193807
outer,24.735450669911643,298.60584809462574,-0.00038892397857135524,0.0405536491097238,-0.0051687407373610834
outer,24.748715136222668,298.5219028182333,-0.00037088951116291506,0.04030533933715608,-0.005454572537536542
outer,25.00284113854215,298.7730695018225,-0.00036077492900349686,0.03569066521436358,-0.004303241356069069
outer,25.01538851887549,298.68956815628115,-0.00034426250482129384,0.0354927962553114,-0.004574771729970532
outer,25.02792563269434,298.6058480946258,-0.0003266599037982307,0.035295647863569125,-0.004844409389210384
outer,25.04045318421025,298.5219028182333,-0.00030796042031283957,0.035099204859084104,-0.0051121583618071054
outer,25.296791659804402,298.7730695018225,-0.00030360104378555214,0.030674478051058374,-0.004010404092450055
outer,25.30860095894163,298.68956815628115,-0.0002864223274991126,0.03052549851936399,-0.004263293046609443
outer,25.32040059547699,298.6058480946258,-0.00026813503026649685,0.030376902463893456,-0.004514412629640039
outer,25.332191232197886,298.52190281823334,-0.00024873249345988384,0.030228675099838915,-0.004763767503246931
outer,25.590742181066606,298.7730695018225,-0.00025017760318970725,0.02601101167424929,-0.0037119886804685524
outer,25.601813399007764,298.6895681562812,-0.00023230140590685747,0.02590717824614764,-0.003945900642556101
outer,25.612875558259688,298.60584809462586,-0.00021329776743522592,0.025803402684897576,-0.004178169940850168
outer,25.623929280185518,298.52190281823334,-0.00019316018525015848,0.025699670669952105,-0.004408802038242192
outer,25.88469270232881,298.7730695018225,-0.00020046296893136764,0.021706839157183296,-0.003407471431587373
outer,25.895025839073902,298.68956815628115,-0.00018186397124558308,0.021644308092760522,-0.00362205332773562
outer,25.905350521042386,298.6058480946258,-0.00016211849456624662,0.02158151955229347,-0.0038351248326309166
outer,25.91566732817315,298.5219028182333,-0.00014122032993837963,0.02151845981988538,-0.004046692373431377
outer,26.178643223591063,298.7730695018225,-0.00015443532672082018,0.01776891123805551,-0.0030963729637814375
outer,26.188238279140087,298.68956815628115,-0.00013509479978971155,0.017743699181236472,-0.003291260495766501
outer,26.19782548382509,298.6058480946258,-0.00011458912363171859,0.017717923866313906,-0.0034847780486150083
outer,26.207405376160786,298.5219028182333,-9.291256291782575e-05,0.017691572401428324,-0.003676933168506327
outer,26.472593744853267,298.7730695018225,-0.00011209070901700962,0.014204429595314882,-0.002778301219802372
outer,26.481450719206226,298.68956815628115,-9.199851040504574e-05,0.014212368536319974,-0.0029531289673295105
outer,26.490300446607733,298.6058480946258,-7.072382547124861e-05,0.014219447955239262,-0.003126738327010609
outer,26.499143424148418,298.5219028182333,-4.8261628291727636e-05,0.0142256561022777,-0.003299138100681495
outer,26.76654426611552,298.7730695018225,-7.344159685610668e-05,0.011020637709869153,-0.0024530203443608777
outer,26.77466315927236,298.6895681562812,-5.26004654781715e-05,0.011057322954477753,-0.0026074377000068288
outer,26.78277540939043,298.6058480946258,-3.056247340290589e-05,0.011092862818612739,-0.0027608030498666603
outer,26.79088147213605,298.5219028182333,-7.323617734782649e-06,0.011127247133126763,-0.002913126558751372
outer,27.060494787377724,298.7730695018225,-3.851717646593958e-05,0.008224484446002909,-0.002120563702536561
outer,27.0678755993385,298.6895681562812,-1.6951426053260672e-05,0.008285214351088852,-0.0022542598840646477
outer,27.07525037217313,298.60584809462586,5.819910272380699e-06,0.008344525693206258,-0.002387089536126505
outer,27.082619520123686,298.5219028182333,2.9799431513848583e-05,0.00840241051222073,-0.00251906423183191
outer,27.35444530863998,298.7730695018225,-7.368985926347726e-06,0.005822085813963804,-0.0017814224255619645
outer,27.361088039404635,298.68956815628115,1.4858609854779496e-05,0.0059017928416188244,-0.0018941657696620532
outer,27.367725334955832,298.60584809462586,3.829070129341078e-05,0.005979825384829917,-0.002006252182254446
outer,27.374357568111318,298.5219028182333,6.29280620120993e-05,0.006056178581682729,-0.002117694553487328
outer,27.648395829902185,298.7730695018225,1.9910841790179816e-05,0.0038178649718022557,-0.001436863835171154
outer,27.654300479470823,298.68956815628115,4.266835733872723e-05,0.003911040904792884,-0.0015285632820915955
outer,27.660200297738477,298.6058480946258,6.661300546974974e-05,0.004002311821499862,-0.001619845103338232
outer,27.66609561609895,298.5219028182333,9.174302297634655e-05,0.0040916769386013,-0.0017107232472250676
outer,27.94234635116439,298.7730695018225,4.31515039110385e-05,0.0022131816336826847,-0.00108947221768209
outer,27.94751291953696,298.68956815628115,6.61794303494596e-05,0.00231380208618557,-0.0011602739405482997
outer,27.952675260521175,298.6058480946258,9.034851169446726e-05,0.002412324346969032,-0.0012309333265273132
outer,27.957833664086586,298.5219028182333,0.00011565327523916247,0.002508752957428752,-0.0013014649164948848
outer,28.236296872426642,298.7730695018225,6.198440732745828e-05,0.0010041035219524983,-0.000744085517066108
outer,28.240725359603097,298.68956815628115,8.476106810111224e-05,0.0011055543973344424,-0.0007945319176725688
outer,28.245150223303877,298.6058480946258,0.00010858190463575634,0.0012047717554620116,-0.0008451538343577193
outer,28.249571712074165,298.52190281823334,0.00013343824547522862,0.001301769135186497,-0.000895964846442543
outer,28.530247393688846,298.7730695018225,7.528863399308241e-05,0.00017763359276658892,-0.0004095136294066004
outer,28.533937799669232,298.68956815628115,9.674082817686156e-05,0.000272699485487209,-0.0004408073219667771
outer,28.537625186086522,298.6058480946258,0.00011907148634061719,0.0003655084772090106,-0.0004726344298880999
outer,28.5413097600618,298.5219028182333,0.00014227461493774516,0.0004560897425931995,-0.0005050027857000094
outer,28.8241979149511,298.7730695018225,7.95704512744179e-05,-0.0002942969039367994,-0.0001017327339345472
outer,28.827150239735367,298.6895681562812,9.768545819420129e-05,-0.0002130692395424937,-0.00011609278292523194
outer,28.83010014886922,298.6058480946258,0.00011647092574295361,-0.00013389817712223013,-0.00013134428120067162
outer,28.833047808049432,298.52190281823334,0.00013593096707543382,-5.6740353604212326e-05,-0.00014748176239681016
outer,29.118148436213303,298.7730695018225,6.726791741842005e-05,-0.0004618990466881965,0.0001511079241627239
outer,29.120362679801506,298.68956815628115,7.89652456696522e-05,-0.0004009086870200071,0.00015019683477863132
outer,29.12257511165192,298.60584809462586,9.114806276655767e-05,-0.00034145761947383815,0.0001481366988866281
outer,29.124785856037064,298.5219028182333,0.00010382712801806565,-0.000283512130140635,0.00014494842831072765
outer,29.412098957475507,298.7730695018225,3.185305924009382e-05,-0.0004014380764541977,0.0003040433695285335
outer,29.413575119867694,298.6895681562812,3.33337070230771e-05,-0.00036381366234180764,0.00031195131107978615
outer,29.41505007443462,298.6058480946258,3.512642946162066e-05,-0.0003270053505694507,0.0003186742968092456
outer,29.4165239040247,298.52190281823334,3.7237799780374275e-05,-0.0002910171973386127,0.00032423718206640715
outer,29.70604947873776,298.7730695018225,-5.436860605314816e-06,-0.0002152087523545879,0.0002974789176502985
outer,29.70678755993383,298.6895681562812,-1.864587582490386e-05,-0.0001989159599312303,0.0003085512403340094
outer,29.707525037217266,298.6058480946258,-3.1904492431102295e-05,-0.0001828530902340581,0.0003186851365901578
outer,29.708261952012332,298.5219028182333,-4.5195915499304665e-05,-0.00016704814524352315,0.00032789235530802165
outer,29.999999999999964,298.6895681562812,-3.986991802763467e-05,-9.893411582196836e-05,0.0002574489178420698
outer,29.999999999999964,298.7730695018225,-1.813018771926051e-05,-0.00010574729720991089,0.00024626352190134076
outer,29.999999999999964,298.6058480946258,-6.192813900919239e-05,-9.214175791363109e-05,0.00026789277334749573
outer,29.999999999999964,298.52190281823334,-8.427346051758012e-05,-8.539851679965708e-05,0.0002775963750081701
