contour,relative_angle_deg,radius_мм,sigma_rr_mpa,sigma_tt_mpa,tau_rt_mpa
inner,-30.000000000000068,249.99999999999994,0.3355769856118789,0.20190525182928631,0.15597859433134822
inner,-29.850000000000026,249.99999999999997,0.2598615462179894,0.17572179893904907,0.1324784481484454
inner,-29.700000000000088,249.99999999999997,0.16353680600503903,0.14386045389872093,0.09687354690557004
inner,-29.550000000000043,249.99999999999997,0.13225449580297896,0.13234089463060317,0.07765867700190948
inner,-29.400000000000105,249.99999999999997,0.1141849861492683,0.12286819209534021,0.06643043872993612
inner,-29.250000000000064,249.99999999999994,0.10229505546413964,0.11532027197910313,0.058884063412980754
inner,-29.100000000000122,249.99999999999994,0.09347215193017175,0.10899406884095811,0.053312370307729916
inner,-28.95000000000008,249.99999999999997,0.08650717904522504,0.10359573870234612,0.04892221739660868
inner,-28.800000000000143,249.99999999999994,0.08075969364093706,0.09889344270675228,0.04531068659017094
inner,-28.6500000000001,249.99999999999997,0.07587082096660695,0.09472661404398797,0.0422483453256271
inner,-28.50000000000006,249.99999999999997,0.07161696056695083,0.09097671251414918,0.039593234498586795
inner,-28.35000000000012,249.99999999999997,0.06785059628304041,0.08755598276738767,0.03725137489696851
inner,-28.200000000000077,249.99999999999994,0.06446907347586388,0.08439824123713512,0.03515732121736305
inner,-28.05000000000014,249.99999999999997,0.061398015292270874,0.08145293205812652,0.03326363124232978
inner,-27.900000000000098,249.99999999999994,0.058581648566825684,0.07868092366661168,0.031534777411264314
inner,-27.750000000000156,249.99999999999997,0.05597692668696193,0.07605157153182729,0.029943418731080144
inner,-27.600000000000115,249.99999999999997,0.05354978365817077,0.07354061921892627,0.028468016007306217
inner,-27.450000000000177,249.99999999999997,0.051272661491937654,0.0711286813682998,0.027091249982432175
inner,-27.300000000000132,249.99999999999997,0.04912282528237784,0.0688001312921348,0.025798940098074093
inner,-27.150000000000194,249.99999999999997,0.04708118384535338,0.06654227492305961,0.024579286153668896
inner,-27.000000000000153,249.99999999999994,0.0451314444329011,0.06434472993024173,0.02342232436076272
inner,-26.85000000000021,249.99999999999997,0.04325949410177008,0.062198953844926325,0.022319529344182434
inner,-26.70000000000017,249.99999999999994,0.041452938395527786,0.06009788173793148,0.02126351770462912
inner,-26.55000000000023,249.99999999999997,0.03970075146823296,0.058035645403606825,0.020247823652461014
inner,-26.40000000000019,249.99999999999994,0.037993006600355865,0.05600735385039637,0.019266726698208857
inner,-26.25000000000025,249.99999999999994,0.036320665670746204,0.054008920377772614,0.018315117551676113
inner,-26.100000000000207,249.99999999999997,0.03467541250860595,0.0520369253854679,0.017388392481559597
inner,-25.950000000000166,249.99999999999994,0.03304951935903421,0.05008850684050099,0.016482369163202185
inner,-25.800000000000228,249.99999999999994,0.03143573865790444,0.04816127233159896,0.015593218956331948
inner,-25.650000000000187,249.99999999999994,0.0298272143677544,0.04625322809304984,0.014717411891893031
inner,-25.500000000000245,249.99999999999994,0.028217408598353276,0.04436272146663899,0.013851671598962534
inner,-25.350000000000204,249.99999999999994,0.026600040303813674,0.04248839408703541,0.01299293808597896
inner,-25.200000000000266,249.99999999999997,0.02496903359596605,0.040629143660701805,0.01213833678903412
inner,-25.050000000000225,249.99999999999997,0.02331847379387542,0.03878409267944481,0.011285152668827283
inner,-24.900000000000283,249.99999999999997,0.021642569757504032,0.03695256277075702,0.010430808408398369
inner,-24.75000000000024,249.99999999999994,0.019935621352050893,0.035134053638064204,0.009572845971420966
inner,-24.600000000000303,249.99999999999994,0.018191991147909432,0.03332822576650761,0.008708910936586359
inner,-24.45000000000026,249.99999999999997,0.016406079639890644,0.03153488622654246,0.00783673914445555
inner,-24.30000000000032,249.99999999999997,0.014572303414527279,0.029753977040721233,0.006954145284878702
inner,-24.15000000000028,249.99999999999994,0.012685075807139911,0.027985565679697146,0.006059013125618799
inner,-24.000000000000288,249.99999999999997,0.010738789678316114,0.026229837332025246,0.005149287139268596
inner,-23.850000000000296,249.99999999999994,0.008727802006988262,0.024487088653931878,0.00422296533136042
inner,-23.70000000000031,249.99999999999997,0.0066464200575031595,0.022757722760293243,0.003278093107456778
inner,-23.550000000000317,249.99999999999997,0.004488888923248741,0.02104224525928832,0.002312758046483112
inner,-23.400000000000276,249.99999999999997,0.002249380283212087,0.019341261160201996,0.0013250854717273331
inner,-23.250000000000334,249.99999999999997,-7.801775813996801e-05,0.01765547251742817,0.00031323472687187943
inner,-23.100000000000293,249.99999999999997,-0.0024993098539206936,0.015985676692036488,-0.0007246039166615061
inner,-22.950000000000355,249.99999999999997,-0.0050206017063065,0.014332765125364456,-0.0017902117829694782
inner,-22.800000000000313,250.0,-0.007648107531933618,0.012697722538294603,-0.0028853437977258665
inner,-22.65000000000037,249.99999999999997,-0.01038815675163693,0.011081626479454564,-0.004011730018985029
inner,-22.50000000000033,249.99999999999997,-0.013247199943335015,0.009485647154097224,-0.005171076728815706
inner,-22.35000000000034,249.99999999999997,-0.016231814084991088,0.007911047469941073,-0.006365067113469423
inner,-22.20000000000035,249.99999999999997,-0.019348707103485407,0.006359183240899772,-0.007595361554797815
inner,-22.05000000000036,249.99999999999997,-0.022604721729497766,0.004831503505296082,-0.00886359755342812
inner,-21.900000000000368,250.0,-0.026006838668336314,0.0033295508980547826,-0.010171389298326608
inner,-21.750000000000377,249.99999999999997,-0.029562179070677104,0.001854962031528576,-0.011520326892495932
inner,-21.600000000000385,249.99999999999994,-0.033278006281817964,0.00040946784283073484,-0.012911975244170266
inner,-21.450000000000447,249.99999999999997,-0.03716172685306609,-0.001005106142022783,-0.014347872630457337
inner,-21.300000000000406,250.0,-0.04122089078467648,-0.0023868396731374624,-0.015829528936809945
inner,-21.150000000000464,250.0,-0.0454631909662058,-0.0037337178204768376,-0.017358423574252498
inner,-21.000000000000423,249.99999999999997,-0.04989646176713255,-0.005043631235933203,-0.018936003075521055
inner,-20.850000000000485,249.99999999999997,-0.05452867673911744,-0.0063143766900515645,-0.02056367836964871
inner,-20.70000000000039,250.0,-0.05936794537633713,-0.007543657930232472,-0.022242821733820355
inner,-20.550000000000402,250.00000000000003,-0.06442250887743617,-0.008729086908533929,-0.023974763420503444
inner,-20.40000000000046,250.0,-0.06970073485386717,-0.009868185437015143,-0.025760787957529903
inner,-20.25000000000042,250.00000000000003,-0.07521111091752386,-0.010958387319176845,-0.027602130119218266
inner,-20.100000000000428,250.00000000000003,-0.08096223708415368,-0.011997041014898277,-0.029499970566339923
inner,-19.95000000000044,249.99999999999997,-0.08696281692253229,-0.012981412893440195,-0.03145543115350933
inner,-19.800000000000498,250.0,-0.09322164738196682,-0.013908691133303102,-0.033469569903234686
inner,-19.650000000000457,250.0,-0.09974760722175384,-0.01477599032184181,-0.035543375647252726
inner,-19.500000000000465,250.00000000000003,-0.10654964396900891,-0.01558035681302862,-0.03767776233606329
inner,-19.350000000000477,250.0,-0.11363675933464523,-0.016318774902595173,-0.039873563020231984
inner,-19.200000000000486,250.00000000000003,-0.12101799300930206,-0.01698817386831582,-0.04213152350839318
inner,-19.050000000000495,250.00000000000006,-0.12870240476804512,-0.01758543593095482,-0.044452295708307644
inner,-18.900000000000503,250.00000000000003,-0.13669905481715014,-0.018107405181504183,-0.046836430662882934
inner,-18.75000000000051,250.0,-0.14501698232429575,-0.018550897496707568,-0.04928437129957437
inner,-18.600000000000524,250.00000000000003,-0.1536651821159104,-0.018912711447782567,-0.05179644492804857
inner,-18.450000000000532,250.00000000000003,-0.16265257959051058,-0.019189640093191462,-0.05437285556920475
inner,-18.30000000000054,250.00000000000003,-0.17198800407811216,-0.019378483425007663,-0.05701367626270155
inner,-18.1500000000005,250.0,-0.18168016110785096,-0.01947606098680123,-0.059718841617867766
inner,-18.000000000000508,250.00000000000003,-0.191737604431483,-0.01947922395757977,-0.062488140991269495
inner,-17.850000000000517,250.00000000000003,-0.20216870887514038,-0.019384865796672184,-0.06532121272331377
inner,-17.70000000000053,249.99999999999997,-0.2129816451756121,-0.019189931690320197,-0.06821753945325504
inner,-17.550000000000587,250.00000000000003,-0.22418435652262492,-0.01889142786915618,-0.07117644406996186
inner,-17.400000000000546,250.00000000000003,-0.23578453524532986,-0.018486432628993864,-0.0741970854811216
inner,-17.250000000000554,250.00000000000003,-0.24778959727191935,-0.017972110381928568,-0.07727845357787129
inner,-17.100000000000566,250.00000000000006,-0.26020665245515107,-0.017345727346509958,-0.0804193636876848
inner,-16.950000000000575,250.00000000000006,-0.27304247207706167,-0.016604669421913527,-0.08361845054357278
inner,-16.800000000000583,250.00000000000003,-0.2863034535808665,-0.015746460623723407,-0.08687416242023786
inner,-16.650000000000592,250.0,-0.29999558426492084,-0.014768779986557344,-0.09018475622136934
inner,-16.5000000000006,250.00000000000003,-0.3141244065701631,-0.013669479778393438,-0.09354829287948208
inner,-16.350000000000612,250.00000000000003,-0.3286949823762566,-0.012446602666012803,-0.0969626335910516
inner,-16.20000000000062,250.00000000000006,-0.343711858446147,-0.011098398911103927,-0.10042543674073132
inner,-16.05000000000063,250.0,-0.35917903231108816,-0.00962334222907288,-0.10393415586503162
inner,-15.90000000000064,250.00000000000006,-0.3750999197975027,-0.008020145791554693,-0.10748603822391531
inner,-15.7500000000007,250.00000000000003,-0.3914773229041683,-0.006287778419717079,-0.11107812391782597
inner,-15.600000000000659,250.00000000000006,-0.40831339801064154,-0.004425479100373303,-0.11470724614423423
inner,-15.450000000000667,250.00000000000006,-0.4256096263365849,-0.0024327697147714985,-0.11837003266262512
inner,-15.300000000000626,250.00000000000006,-0.44336678703282273,-0.0003094689952777034,-0.12206290755698025
inner,-15.150000000000635,250.00000000000009,-0.4615849299073759,0.001944296174702793,-0.12578209433623747
inner,-15.000000000000645,250.00000000000003,-0.4802633514205895,0.004328081122502143,-0.12952362013866614
inner,-14.850000000000653,250.00000000000006,-0.4994005734823651,0.0068411127951742605,-0.13328332028651677
inner,-14.700000000000664,250.00000000000006,-0.5189943223719344,0.00948228341998271,-0.13705684454814737
inner,-14.550000000000672,250.00000000000003,-0.5390415128748342,0.012250144291673301,-0.14083966407675635
inner,-14.400000000000631,250.00000000000003,-0.5595382339874483,0.015142901510329938,-0.14462707933109728
inner,-14.25000000000064,250.00000000000003,-0.5804797375227592,0.018158413420369942,-0.14841422890946013
inner,-14.10000000000065,250.00000000000006,-0.6018604298241212,0.02129418920102981,-0.15219609917055874
inner,-13.95000000000071,250.0,-0.6236738661531309,0.024547391728514032,-0.15596753544679748
inner,-13.800000000000669,250.00000000000006,-0.6459127505344073,0.027914839967708865,-0.1597232533773076
inner,-13.650000000000627,250.00000000000009,-0.6685689365212949,0.031393012521545735,-0.16345785079609348
inner,-13.500000000000636,250.00000000000006,-0.6916334305539509,0.03497805674313928,-0.16716582142036376
inner,-13.350000000000646,250.00000000000003,-0.7150964023331401,0.03866579609746555,-0.17084156820121296
inner,-13.200000000000655,250.00000000000003,-0.738947195075402,0.042451741201912245,-0.17447941774431766
inner,-13.050000000000614,250.00000000000003,-0.76317434060823,0.04633110298234046,-0.17807363532797452
inner,-12.900000000000622,249.99999999999997,-0.7877655780560229,0.05029880522875003,-0.18161843970878763
inner,-12.750000000000632,250.00000000000003,-0.8127078735575128,0.0543495023705514,-0.18510801932522047
inner,-12.600000000000641,250.00000000000006,-0.8379874463682331,0.058477596433851496,-0.188536548020746
inner,-12.450000000000651,250.00000000000003,-0.8635897953659027,0.06267725431430898,-0.19189820062456442
inner,-12.300000000000608,250.00000000000003,-0.8894997274827242,0.06694243045130387,-0.19518716988485024
inner,-12.150000000000619,250.0,-0.9157013928225588,0.071266887814074,-0.19839768247820214
inner,-12.000000000000627,250.00000000000003,-0.9421783189203774,0.0756442193049824,-0.20152401469634176
inner,-11.850000000000637,250.00000000000003,-0.968913446515838,0.0800678720902782,-0.20456050861009764
inner,-11.700000000000596,250.00000000000006,-0.9958891696636727,0.08453117189938111,-0.20750158776451835
inner,-11.550000000000605,250.00000000000003,-1.0230873769430653,0.08902734858764623,-0.21034177269152637
inner,-11.400000000000613,250.00000000000003,-1.050489494555976,0.09354956126900056,-0.21307569569403845
inner,-11.250000000000675,250.00000000000003,-1.0780765296917345,0.09809092378311383,-0.21569811516599605
inner,-11.100000000000632,250.00000000000003,-1.1058291151314732,0.10264453098565396,-0.2182039295846804
inner,-10.95000000000059,250.00000000000006,-1.1337275554701352,0.10720348469696873,-0.22058819076739672
inner,-10.80000000000065,249.99999999999997,-1.1617518735485306,0.11176091955090177,-0.2228461164616056
inner,-10.65000000000061,250.00000000000003,-1.1898818572576442,0.11631002850617632,-0.22497310219916303
inner,-10.50000000000067,250.00000000000003,-1.2180971064395147,0.12084408789254995,-0.22696473237161965
inner,-10.350000000000628,249.99999999999997,-1.246377079659297,0.12535648183722115,-0.22881679048664091
inner,-10.200000000000587,250.0,-1.2747011406117328,0.1298407259354223,-0.2305252685707848
inner,-10.050000000000596,250.00000000000003,-1.3030486039393494,0.13429049002489563,-0.2320863756904136
inner,-9.900000000000606,250.00000000000003,-1.3313987802409657,0.13869961994889307,-0.2334965455707019
inner,-9.750000000000563,250.00000000000003,-1.3597310200658432,0.1430621581909045,-0.23475244329758568
inner,-9.600000000000573,250.0,-1.388024756705744,0.14737236326460343,-0.23585097109389747
inner,-9.450000000000582,250.00000000000006,-1.4162595475951745,0.15162472777540528,-0.23678927316849246
inner,-9.300000000000592,249.99999999999997,-1.4444151141527415,0.15581399506919827,-0.23756473964182076
inner,-9.1500000000006,249.99999999999997,-1.4724713799157332,0.1599351743877655,-0.23817500955843032
inner,-9.00000000000056,249.99999999999997,-1.5004085068233217,0.16398355447486926,-0.2386179730010281
inner,-8.85000000000062,249.99999999999997,-1.52820692951365,0.16795471557685618,-0.23889177232106285
inner,-8.700000000000578,249.99999999999997,-1.555847387518412,0.17184453971714553,-0.23899480250202979
inner,-8.550000000000587,250.0,-1.583310955375789,0.17564921974212044,-0.23892571084649883
inner,-8.400000000000597,249.99999999999997,-1.610579070870672,0.1793652663341655,-0.23868339570228278
inner,-8.250000000000556,249.99999999999994,-1.6376335603442675,0.18298951308373326,-0.23826700439027715
inner,-8.100000000000616,249.99999999999994,-1.664456661560031,0.18651912034574572,-0.23767593060304415
inner,-7.950000000000574,250.0,-1.6910310447749588,0.18995157731153514,-0.23690981105254172
inner,-7.800000000000634,249.99999999999994,-1.7173398312073835,0.1932847024741787,-0.23596852150468564
inner,-7.650000000000593,249.99999999999994,-1.7433666091275406,0.19651664246188225,-0.23485217223790036
inner,-7.500000000000552,249.99999999999997,-1.7690954477750442,0.19964586977166926,-0.2335611031216618
inner,-7.350000000000612,249.99999999999994,-1.794510909286407,0.20267117868358944,-0.23209587803025017
inner,-7.2000000000005695,249.99999999999997,-1.8195980576775972,0.20559167951964138,-0.23045727880957587
inner,-7.050000000000528,250.0,-1.8443424656095284,0.2084067920357358,-0.2286462990606585
inner,-6.900000000000588,249.99999999999997,-1.868730219559975,0.21111623735689605,-0.22666413747607408
inner,-6.750000000000547,249.99999999999997,-1.8927479228240294,0.2137200291039304,-0.22451219105816356
inner,-6.6000000000005565,250.0,-1.9163826969569884,0.21621846334519804,-0.22219204800369488
inner,-6.450000000000566,249.99999999999997,-1.9396221808990726,0.2186121072208039,-0.2197054803170781
inner,-6.300000000000524,249.99999999999997,-1.962454528093724,0.22090178695862006,-0.21705443645180808
inner,-6.150000000000533,249.99999999999997,-1.9848684024127423,0.22308857505850416,-0.21424103380961498
inner,-6.000000000000543,249.99999999999997,-2.0068529726929705,0.22517377716021741,-0.21126755132768474
inner,-5.850000000000552,249.99999999999997,-2.028397906152279,0.22715891806529953,-0.20813642188389678
inner,-5.700000000000511,250.0,-2.049493359869594,0.22904572696813724,-0.20485022469661981
inner,-5.55000000000052,249.99999999999994,-2.070129971032329,0.23083612258969569,-0.2014116779536166
inner,-5.400000000000529,249.99999999999994,-2.090298846795673,0.2325321981798257,-0.1978236315347453
inner,-5.250000000000538,249.99999999999997,-2.1099915532838445,0.23413620622774928,-0.1940890597779892
inner,-5.100000000000497,250.0,-2.1292001034010077,0.23565054275401137,-0.19021105432523167
inner,-4.950000000000506,249.99999999999997,-2.147916943754106,0.2370777316676291,-0.18619281724837672
inner,-4.800000000000516,249.99999999999997,-2.166134941468353,0.2384204093733591,-0.18203765440921446
inner,-4.650000000000525,249.99999999999997,-2.1838473707199064,0.23968130939974253,-0.17774896893546555
inner,-4.500000000000535,249.99999999999997,-2.2010478985221154,0.2408632469540495,-0.17333025486544712
inner,-4.350000000000493,250.0,-2.2177305700827064,0.24196910375597927,-0.1687850911130997
inner,-4.200000000000502,249.99999999999997,-2.2338897944016343,0.24300181337646712,-0.16411713572520847
inner,-4.050000000000511,250.0,-2.249520329929152,0.24396434679391876,-0.1593301202744256
inner,-3.900000000000521,250.0,-2.264617269786431,0.2448596980894432,-0.1544278444782236
inner,-3.750000000000479,249.99999999999997,-2.2791760270461583,0.2456908707133089,-0.14941417119324893
inner,-3.6000000000004886,250.0,-2.29319232055497,0.2464608642820614,-0.1442930216251134
inner,-3.450000000000498,250.00000000000003,-2.3066621608539504,0.24717266172156335,-0.13906837073292144
inner,-3.300000000000507,250.00000000000003,-2.319581836104116,0.24782921679055214,-0.13374424289641199
inner,-3.1500000000005164,250.00000000000006,-2.3319478984574804,0.24843344228101452,-0.12832470791421316
inner,-3.0000000000004747,250.00000000000003,-2.3437571510207658,0.24898819872782613,-0.12281387716815648
inner,-2.850000000000484,250.00000000000006,-2.3550066349854846,0.24949628352835437,-0.1172159000066576
inner,-2.7000000000004936,250.0,-2.3656936171451615,0.24996042064962454,-0.11153496041133396
inner,-2.550000000000503,250.00000000000003,-2.3758155780893007,0.2503832509523742,-0.10577527388026091
inner,-2.4000000000004613,250.0,-2.3853702008832296,0.2507673230129147,-0.09994108448173376
inner,-2.2500000000004707,250.00000000000003,-2.394355360118378,0.25111508443127234,-0.09403666212003359
inner,-2.10000000000048,250.00000000000006,-2.4027691116018564,0.25142887376679984,-0.08806630003982839
inner,-1.9500000000004893,250.00000000000006,-2.4106096827168026,0.2517109130217899,-0.08203431246442328
inner,-1.8000000000004988,250.00000000000006,-2.417875463228584,0.25196330059212063,-0.07594503240419861
inner,-1.650000000000457,250.00000000000006,-2.424564996702362,0.2521880047827755,-0.06980280966044973
inner,-1.5000000000004665,250.00000000000006,-2.4306769726143815,0.25238685787545945,-0.06361200895750252
inner,-1.3500000000004757,250.00000000000006,-2.4362102190322825,0.252561550675937,-0.057377008205086635
inner,-1.2000000000004851,250.00000000000006,-2.441163695884804,0.25271362756890936,-0.05110219689983544
inner,-1.0500000000004945,250.00000000000003,-2.4455364889027633,0.2528444820967497,-0.044791974644968376
inner,-0.9000000000004529,250.00000000000003,-2.449327804203453,0.2529553530183269,-0.03845074976181132
inner,-0.7500000000004622,250.0,-2.452536963471218,0.25304732084031967,-0.032082937996988574
inner,-0.6000000000004716,250.00000000000006,-2.4551633997908056,0.25312130483983775,-0.02569296131765053
inner,-0.4500000000004809,250.00000000000003,-2.457206654137547,0.25317806055700065,-0.019285246767126975
inner,-0.30000000000043936,249.99999999999997,-2.458666372484007,0.2532181777465538,-0.01286422537955214
inner,-0.15000000000044866,249.99999999999994,-2.459542303552396,0.2532420787920727,-0.00643433114405788
inner,-4.579998741307465e-13,249.99999999999997,-2.4598342972201737,0.25325001757321985,-7.400744102468371e-14
inner,0.14999999999958355,249.99999999999997,-2.4595423035531074,0.25324207879218,0.00643433114391369
inner,0.2999999999995233,250.0,-2.4586663724841578,0.2532181777472937,0.012864225379428213
inner,0.4499999999995649,250.0,-2.4572066541382935,0.2531780605564969,0.019285246767020037
inner,0.5999999999995556,250.00000000000006,-2.4551633997901705,0.25312130483964296,0.025692961317550146
inner,0.7499999999995463,250.00000000000003,-2.4525369634687917,0.253047320841002,0.0320829379968783
inner,0.899999999999537,250.00000000000006,-2.4493278042011664,0.2529553530189269,0.038450749761607554
inner,1.0499999999995784,250.00000000000003,-2.445536488900615,0.25284448209805155,0.04479197464465907
inner,1.1999999999995692,250.00000000000003,-2.4411636958847365,0.2527136275690407,0.05110219689962342
inner,1.3499999999995598,250.00000000000009,-2.4362102190336885,0.2525615506752,0.05737700820501221
inner,1.4999999999995506,250.00000000000006,-2.4306769726155295,0.2523868578753815,0.06361200895746638
inner,1.6499999999995412,250.00000000000009,-2.4245649967035288,0.25218800478310366,0.06980280966036698
inner,1.7999999999995826,250.00000000000006,-2.4178754632294166,0.2519633005930184,0.07594503240408294
inner,1.9499999999995734,250.00000000000003,-2.410609682716686,0.251710913023341,0.08203431246435458
inner,2.099999999999564,250.00000000000006,-2.402769111602139,0.25142887376756534,0.08806630003972397
inner,2.2499999999995546,250.00000000000003,-2.3943553601188947,0.25111508443156927,0.0940366621199451
inner,2.3999999999995962,250.00000000000006,-2.3853702008826083,0.2507673230141477,0.09994108448160702
inner,2.549999999999587,250.00000000000006,-2.375815578089609,0.2503832509529224,0.10577527388005384
inner,2.6999999999995774,250.00000000000009,-2.3656936171461163,0.2499604206501293,0.11153496041103077
inner,2.8499999999995684,250.00000000000003,-2.3550066349859486,0.24949628352971326,0.11721590000636833
inner,2.9999999999996096,250.0,-2.343757151020481,0.24898819872979228,0.12281387716800474
inner,3.1499999999996007,250.0,-2.33194789845575,0.24843344228356143,0.12832470791419112
inner,3.2999999999995913,249.99999999999997,-2.3195818361024076,0.24782921679213404,0.13374424289642295
inner,3.449999999999582,250.0,-2.3066621608530955,0.24717266172268143,0.1390683707329413
inner,3.5999999999996235,250.0,-2.2931923205545623,0.24646086428341146,0.1442930216252315
inner,3.749999999999614,249.99999999999997,-2.279176027045851,0.2456908707145398,0.14941417119327605
inner,3.8999999999996047,250.00000000000003,-2.264617269785753,0.244859698091155,0.1544278444781838
inner,4.049999999999596,249.99999999999997,-2.2495203299278725,0.24396434679622037,0.1593301202743671
inner,4.199999999999586,250.0,-2.2338897944004157,0.24300181337829926,0.16411713572506711
inner,4.3499999999996275,250.00000000000003,-2.2177305700813905,0.24196910375744907,0.16878509111288523
inner,4.499999999999618,250.0,-2.2010478985210282,0.24086324695505004,0.17333025486520126
inner,4.649999999999609,249.99999999999997,-2.183847370718838,0.23968130940094726,0.1777489689352975
inner,4.799999999999599,249.99999999999997,-2.166134941466762,0.23842040937550107,0.1820376544091023
inner,4.949999999999591,250.00000000000003,-2.147916943751725,0.2370777316704549,0.1861928172481927
inner,5.099999999999632,249.99999999999997,-2.1292001033968604,0.2356505427573661,0.19021105432498658
inner,5.2499999999996225,249.99999999999991,-2.109991553278424,0.2341362062305278,0.19408905977764992
inner,5.399999999999613,249.99999999999994,-2.090298846790616,0.23253219818119528,0.19782363153427795
inner,5.549999999999604,249.99999999999994,-2.070129971027185,0.2308361225913901,0.20141167795309806
inner,5.699999999999646,249.99999999999997,-2.0494933598647744,0.22904572697025666,0.20485022469616118
inner,5.849999999999636,249.99999999999997,-2.028397906148545,0.22715891806706112,0.20813642188354484
inner,5.999999999999627,249.99999999999997,-2.0068529726891358,0.22517377716281375,0.211267551327393
inner,6.1499999999996176,249.99999999999994,-1.9848684024098076,0.22308857506066732,0.21424103380942552
inner,6.299999999999659,249.99999999999997,-1.9624545280907444,0.22090178696058937,0.21705443645165792
inner,6.449999999999649,249.99999999999994,-1.9396221808960639,0.21861210722252206,0.21970548031679854
inner,6.59999999999964,249.99999999999994,-1.9163826969547142,0.2162184633463796,0.22219204800343004
inner,6.749999999999631,249.99999999999997,-1.8927479228220847,0.21372002910478435,0.22451219105789366
inner,6.899999999999622,249.99999999999994,-1.86873021955764,0.21111623735772597,0.22666413747565362
inner,7.049999999999663,249.99999999999994,-1.8443424656071326,0.20840679203605503,0.2286462990601845
inner,7.199999999999654,249.99999999999994,-1.8195980576764648,0.20559167951897495,0.23045727880920094
inner,7.349999999999644,249.99999999999997,-1.7945109092858702,0.2026711786834445,0.23209587803005252
inner,7.499999999999635,249.99999999999997,-1.769095447775099,0.19964586977167517,0.23356110312151215
inner,7.649999999999677,249.99999999999994,-1.743366609128096,0.19651664246169898,0.23485217223775295
inner,7.799999999999668,249.99999999999997,-1.7173398312068862,0.1932847024751833,0.23596852150461886
inner,7.949999999999658,249.99999999999997,-1.6910310447740375,0.18995157731303913,0.23690981105257136
inner,8.09999999999965,250.0,-1.6644566615600829,0.18651912034663443,0.23767593060307773
inner,8.249999999999691,250.00000000000003,-1.6376335603449184,0.18298951308476513,0.2382670043902862
inner,8.39999999999968,249.99999999999997,-1.6105790708720968,0.17936526633509867,0.23868339570235167
inner,8.549999999999672,249.99999999999997,-1.5833109553767082,0.17564921974365455,0.238925710846608
inner,8.699999999999662,249.99999999999997,-1.55584738751899,0.17184453971900662,0.23899480250210423
inner,8.849999999999653,249.99999999999997,-1.5282069295151073,0.16795471557829383,0.23889177232124945
inner,8.999999999999694,250.0,-1.5004085068248125,0.16398355447693208,0.23861797300131427
inner,9.149999999999686,249.99999999999997,-1.4724713799173266,0.1599351743902577,0.23817500955872936
inner,9.299999999999676,249.99999999999997,-1.444415114154594,0.1558139950712413,0.23756473964212366
inner,9.449999999999667,249.99999999999997,-1.4162595475969928,0.151624727776894,0.23678927316871004
inner,9.599999999999657,250.0,-1.3880247567072699,0.14737236326603187,0.23585097109399722
inner,9.749999999999698,249.99999999999997,-1.3597310200667194,0.14306215819270482,0.23475244329752765
inner,9.89999999999969,250.0,-1.3313987802411724,0.13869961995110217,0.23349654557052968
inner,10.049999999999681,250.0,-1.303048603938921,0.1342904900275894,0.23208637569024929
inner,10.19999999999967,250.00000000000003,-1.274701140610906,0.1298407259387195,0.23052526857077943
inner,10.349999999999712,250.0,-1.2463770796596751,0.12535648183986875,0.22881679048680367
inner,10.499999999999703,250.00000000000003,-1.218097106441683,0.12084408789418756,0.2269647323718737
inner,10.649999999999693,250.0,-1.1898818572605308,0.11631002850781336,0.22497310219949876
inner,10.799999999999685,250.0,-1.161751873551336,0.11176091955263762,0.2228461164618532
inner,10.949999999999676,250.00000000000003,-1.1337275554718695,0.10720348469942884,0.22058819076744396
inner,11.099999999999717,250.0,-1.1058291151324708,0.10264453098889381,0.21820392958468715
inner,11.249999999999707,250.00000000000003,-1.078076529692172,0.0980909237870795,0.2156981151660791
inner,11.399999999999698,250.0,-1.0504894945569756,0.09354956127242481,0.21307569569419382
inner,11.549999999999688,250.0,-1.0230873769447504,0.08902734859060105,0.2103417726917198
inner,11.699999999999731,250.0,-0.995889169664213,0.0845311719035814,0.2075015877646381
inner,11.84999999999972,250.00000000000003,-0.9689134465154053,0.08006787209518998,0.20456050861005257
inner,11.999999999999712,250.00000000000003,-0.9421783189188597,0.07564421931076426,0.20152401469617337
inner,12.149999999999702,250.00000000000003,-0.9157013928200665,0.0712668878203534,0.19839768247794437
inner,12.299999999999693,250.0,-0.8894997274810014,0.06694243045632671,0.19518716988459556
inner,12.449999999999735,250.00000000000003,-0.8635897953653523,0.06267725431827767,0.19189820062440469
inner,12.599999999999724,250.00000000000006,-0.8379874463680722,0.058477596437604404,0.18853654802063813
inner,12.749999999999716,250.00000000000003,-0.8127078735574172,0.05434950237432331,0.185108019325102
inner,12.899999999999707,250.00000000000006,-0.7877655780559558,0.050298805232753166,0.18161843970872013
inner,13.049999999999748,250.00000000000003,-0.7631743406080974,0.04633110298635702,0.1780736353279164
inner,13.199999999999738,250.00000000000003,-0.7389471950751751,0.04245174120556694,0.17447941774409853
inner,13.34999999999973,250.00000000000003,-0.7150964023323193,0.038665796100990704,0.17084156820078522
inner,13.49999999999972,250.00000000000003,-0.69163343055176,0.03497805674715813,0.1671658214197292
inner,13.649999999999762,250.00000000000003,-0.668568936518638,0.031393012525570606,0.16345785079536956
inner,13.799999999999752,250.00000000000003,-0.6459127505322994,0.027914839971556214,0.15972325337669088
inner,13.949999999999743,250.00000000000003,-0.623673866152158,0.024547391731954,0.15596753544638153
inner,14.099999999999733,250.00000000000006,-0.6018604298229365,0.021294189204561654,0.15219609917026525
inner,14.249999999999725,250.00000000000003,-0.5804797375210032,0.018158413423731184,0.14841422890912373
inner,14.399999999999766,250.00000000000006,-0.5595382339866559,0.015142901512747612,0.14462707933075294
inner,14.549999999999757,250.00000000000006,-0.539041512875182,0.012250144293450397,0.14083966407648724
inner,14.699999999999747,250.00000000000006,-0.5189943223722289,0.009482283422068045,0.1370568445478491
inner,14.849999999999739,250.00000000000003,-0.49940057348223893,0.006841112797959025,0.13328332028626466
inner,14.99999999999978,250.00000000000006,-0.4802633514211283,0.00432808112520408,0.12952362013863128
inner,15.14999999999977,250.00000000000003,-0.4615849299080682,0.0019442961777483263,0.1257820943362937
inner,15.299999999999761,250.00000000000003,-0.4433667870327752,-0.0003094689914330019,0.12206290755697852
inner,15.44999999999975,250.00000000000006,-0.4256096263366662,-0.0024327697109750124,0.11837003266257702
inner,15.599999999999742,250.00000000000003,-0.4083133980110158,-0.004425479096541974,0.11470724614434033
inner,15.749999999999783,250.00000000000003,-0.39147732290420023,-0.006287778415655243,0.1110781239180601
inner,15.899999999999775,250.00000000000006,-0.37509991979775464,-0.008020145788216342,0.10748603822405649
inner,16.049999999999766,250.00000000000006,-0.3591790323117426,-0.009623342226093855,0.1039341558651762
inner,16.199999999999754,250.00000000000006,-0.34371185844693486,-0.011098398907508302,0.1004254367409705
inner,16.3499999999998,250.00000000000003,-0.3286949823777272,-0.012446602661964911,0.09696263359142517
inner,16.499999999999787,250.00000000000006,-0.3141244065723502,-0.013669479774276919,0.09354829288001293
inner,16.64999999999978,250.00000000000003,-0.29999558426654155,-0.01476877998194192,0.09018475622187552
inner,16.79999999999977,250.00000000000006,-0.286303453582246,-0.01574646061901165,0.08687416242054281
inner,16.94999999999976,250.00000000000003,-0.2730424720779859,-0.01660466941643818,0.08361845054379476
inner,17.099999999999802,250.00000000000003,-0.26020665245532965,-0.017345727340111312,0.08041936368786452
inner,17.24999999999979,250.00000000000003,-0.24778959727290248,-0.01797211037619458,0.07727845357797827
inner,17.399999999999782,250.00000000000003,-0.23578453524642973,-0.018486432623106244,0.07419708548131856
inner,17.549999999999773,250.00000000000003,-0.22418435652330512,-0.018891427862809826,0.07117644407019232
inner,17.699999999999815,250.00000000000003,-0.21298164517658788,-0.01918993168436662,0.0682175394534439
inner,17.849999999999806,250.0,-0.20216870887551727,-0.01938486579043806,0.06532121272340032
inner,17.999999999999797,250.00000000000006,-0.19173760443087084,-0.019479223950906392,0.06248814099110779
inner,18.149999999999785,250.00000000000003,-0.18168016110736887,-0.019476060980740065,0.05971884161748855
inner,18.29999999999983,250.00000000000003,-0.17198800407735626,-0.019378483419104593,0.05701367626222993
inner,18.449999999999818,250.00000000000003,-0.1626525795890766,-0.01918964008681292,0.054372855568653254
inner,18.59999999999981,250.00000000000003,-0.1536651821144633,-0.018912711441089216,0.051796444927420075
inner,18.7499999999998,250.00000000000003,-0.1450169823222759,-0.018550897489218367,0.04928437129889799
inner,18.899999999999842,250.00000000000003,-0.13669905481460207,-0.018107405173901914,0.046836430662173086
inner,19.049999999999834,250.00000000000003,-0.1287024047652399,-0.017585435923822248,0.04445229570744686
inner,19.199999999999825,249.99999999999997,-0.12101799300639282,-0.016988173861224365,0.0421315235073247
inner,19.349999999999813,249.99999999999997,-0.11363675933150645,-0.016318774895003014,0.03987356301921804
inner,19.499999999999805,250.00000000000003,-0.10654964396573799,-0.015580356805383744,0.03767776233514614
inner,19.649999999999796,250.00000000000006,-0.09974760721843479,-0.014775990314687083,0.035543375646379015
inner,19.799999999999837,249.99999999999997,-0.0932216473786666,-0.013908691127293003,0.033469569902249106
inner,19.94999999999983,250.00000000000006,-0.08696281691967625,-0.012981412888638948,0.031455431152310295
inner,20.099999999999817,250.00000000000003,-0.08096223708163114,-0.011997041010171973,0.029499970565088164
inner,20.249999999999808,250.0,-0.07521111091496384,-0.010958387313827358,0.02760213011787879
inner,20.39999999999985,250.0,-0.06970073485054104,-0.009868185430502328,0.025760787955927896
inner,20.54999999999984,250.0,-0.0644225088726323,-0.008729086900706595,0.0239747634186008
inner,20.699999999999832,249.99999999999997,-0.05936794537061595,-0.007543657922477917,0.022242821731690014
inner,20.849999999999824,250.0,-0.05452867673336218,-0.006314376683436633,0.020563678367288788
inner,20.999999999999865,250.00000000000003,-0.04989646176136482,-0.005043631229606334,0.018936003072964197
inner,21.149999999999856,249.99999999999997,-0.04546319096006086,-0.003733717813400162,0.017358423571623934
inner,21.299999999999844,250.0,-0.04122089077733407,-0.0023868396648159588,0.015829528934061362
inner,21.449999999999836,249.99999999999997,-0.03716172684513031,-0.0010051061332564245,0.01434787262734475
inner,21.599999999999827,249.99999999999997,-0.033278006274043356,0.0004094678519719927,0.012911975240750414
inner,21.74999999999987,250.0,-0.02956217906309493,0.0018549620412003556,0.011520326889059027
inner,21.89999999999986,249.99999999999997,-0.026006838660091895,0.0033295509081270164,0.01017138929480686
inner,22.04999999999985,249.99999999999997,-0.02260472171937111,0.0048315035162155235,0.008863597549575742
inner,22.19999999999984,249.99999999999997,-0.019348707093279557,0.006359183251328483,0.007595361550793191
inner,22.34999999999988,250.0,-0.016231814075759923,0.007911047479385484,0.006365067109649446
inner,22.499999999999872,249.99999999999997,-0.013247199933450643,0.009485647164074741,0.005171076725010163
inner,22.649999999999864,249.99999999999997,-0.010388156741281619,0.011081626489663677,0.004011730014995208
inner,22.799999999999855,249.99999999999997,-0.007648107521520222,0.012697722548055644,0.0028853437935828226
inner,22.949999999999896,249.99999999999994,-0.0050206016956323325,0.014332765134433694,0.0017902117785858016
inner,23.099999999999888,250.0,-0.002499309843155014,0.01598567670059453,0.00072460391211832
inner,23.249999999999876,249.99999999999997,-7.80177471314111e-05,0.017655472526299943,-0.00031323473143546245
inner,23.399999999999867,249.99999999999997,0.0022493802937253423,0.019341261169109468,-0.0013250854763561149
inner,23.54999999999986,249.99999999999994,0.00448888893272891,0.021042245268388243,-0.002312758050924933
inner,23.6999999999999,249.99999999999997,0.006646420067108757,0.022757722770574567,-0.003278093111689532
inner,23.84999999999989,249.99999999999994,0.008727802017462403,0.024487088665119283,-0.004222965335853136
inner,23.999999999999883,249.99999999999997,0.01073878968949104,0.02622983734335726,-0.0051492871441668735
inner,24.14999999999987,249.99999999999997,0.012685075818604442,0.02798556569075204,-0.006059013130749827
inner,24.299999999999912,249.99999999999997,0.014572303425890745,0.02975397705137613,-0.006954145289981523
inner,24.449999999999903,249.99999999999997,0.0164060796506306,0.03153488623679265,-0.007836739149493892
inner,24.599999999999895,249.99999999999997,0.018191991158090382,0.03332822577727114,-0.008708910941645548
inner,24.749999999999886,249.99999999999997,0.01993562136219064,0.03513405364987144,-0.009572845976523576
inner,24.899999999999878,249.99999999999997,0.02164256976694083,0.03695256278265595,-0.01043080841356069
inner,25.04999999999992,249.99999999999997,0.02331847380378561,0.038784092692869955,-0.011285152673913368
inner,25.199999999999907,249.99999999999997,0.024969033607112504,0.04062914367547021,-0.012138336794372578
inner,25.3499999999999,250.0,0.026600040316235363,0.04248839410199195,-0.012992938091851617
inner,25.49999999999989,249.99999999999997,0.028217408611221448,0.044362721481035546,-0.013851671605057132
inner,25.64999999999993,249.99999999999994,0.029827214379091527,0.04625322810592222,-0.014717411897809585
inner,25.799999999999923,249.99999999999997,0.03143573866796208,0.048161272344295465,-0.015593218961802427
inner,25.949999999999914,249.99999999999994,0.03304951936806333,0.05008850685348841,-0.016482369168195628
inner,26.099999999999902,249.99999999999994,0.034675412517371676,0.052036925398976405,-0.017388392486282718
inner,26.249999999999893,249.99999999999997,0.036320665680391086,0.05400892039225967,-0.018315117556229363
inner,26.399999999999935,249.99999999999997,0.037993006609193976,0.05600735386390382,-0.01926672670258576
inner,26.549999999999926,249.99999999999997,0.03970075147563573,0.05803564541642228,-0.020247823656685232
inner,26.699999999999918,249.99999999999997,0.04145293840393402,0.06009788175327925,-0.021263517708802783
inner,26.84999999999991,249.99999999999997,0.0432594941112185,0.062198953862158,-0.022319529348730813
inner,26.99999999999995,249.99999999999994,0.045131444442116184,0.06434472994794556,-0.023422324365637768
inner,27.149999999999938,249.99999999999997,0.04708118385429211,0.066542274941893,-0.024579286158512195
inner,27.29999999999993,249.99999999999994,0.04912282529118335,0.06880013131213213,-0.025798940102872786
inner,27.44999999999992,249.99999999999997,0.051272661500971387,0.07112868138913833,-0.02709124998743205
inner,27.599999999999913,249.99999999999997,0.05354978366780465,0.07354061924074265,-0.028468016012711195
inner,27.749999999999954,249.99999999999997,0.055976926697021964,0.0760515715549622,-0.029943418736858116
inner,27.899999999999945,249.99999999999994,0.058581648576952056,0.07868092369181316,-0.031534777417222645
inner,28.049999999999933,249.99999999999994,0.0613980153022239,0.08145293208564156,-0.0332636312483723
inner,28.199999999999925,249.99999999999997,0.06446907348628739,0.08439824126727993,-0.03515732122361597
inner,28.349999999999966,249.99999999999994,0.06785059629379582,0.08755598279967938,-0.03725137490355221
inner,28.499999999999957,249.99999999999994,0.07161696057757612,0.09097671254811207,-0.0395932345057331
inner,28.64999999999995,249.99999999999994,0.07587082097802578,0.09472661408115393,-0.04224834533352401
inner,28.79999999999994,249.99999999999997,0.0807596936533139,0.09889344274822742,-0.04531068659873243
inner,28.94999999999993,249.99999999999997,0.08650717905811255,0.10359573874869445,-0.04892221740571176
inner,29.09999999999997,249.99999999999997,0.09347215194409325,0.10899406889337215,-0.053312370317754744
inner,29.24999999999996,250.0,0.10229505547885107,0.11532027203847034,-0.05888406342482426
inner,29.399999999999952,249.99999999999994,0.1141849861642091,0.12286819216389813,-0.06643043874477958
inner,29.549999999999944,249.99999999999994,0.1322544958191842,0.1323408947139785,-0.07765867702240906
inner,29.699999999999935,249.99999999999997,0.163536806021979,0.14386045400366174,-0.09687354693933246
inner,29.849999999999977,249.99999999999997,0.2598615462740906,0.17572179910150457,-0.1324784482138466
inner,29.999999999999964,249.99999999999997,0.33557698570710287,0.20190525203715812,-0.15597859441879428
mid,-30.000000000000068,274.9183921033229,0.029365308937406173,-7.346078076871446e-06,0.0011078376386639936
mid,-29.830803015133508,274.9183921033229,0.02965093632784182,-1.143638872246576e-05,0.0020633917510037916
mid,-29.66160603026695,274.91839210332296,0.030208401063193197,-1.746222681301389e-05,0.004033360340500678
mid,-29.49240904540039,274.9183921033229,0.030733558025653362,-1.7259454078991793e-05,0.005953724600324454
mid,-29.32321206053393,274.9183921033229,0.031216602345916465,-6.363592229814349e-06,0.007832282592731058
mid,-29.15401507566737,274.9183921033229,0.03164943643552328,1.8538230875607062e-05,0.009674772121806806
mid,-28.98481809080081,274.9183921033229,0.03202563143740477,5.9645574170767886e-05,0.01148515262851008
mid,-28.81562110593425,274.9183921033229,0.03234035984031839,0.00011810272871478743,0.013265890618887137
mid,-28.646424121067795,274.9183921033229,0.032590300372646853,0.00019407497779792577,0.015018236729899789
mid,-28.477227136201236,274.9183921033229,0.032773518910331007,0.0002868403584746029,0.016742485097971077
mid,-28.308030151334677,274.9183921033229,0.032889330458504444,0.00039489307267596974,0.018438208402004958
mid,-28.138833166468117,274.9183921033229,0.032938147989177574,0.0005160542420455472,0.020104464449267438
mid,-27.969636181601658,274.9183921033229,0.032921324022954015,0.0006475856808272633,0.021739972336969757
mid,-27.8004391967351,274.9183921033229,0.032840990445976416,0.0007863026435772888,0.02334325799137067
mid,-27.63124221186854,274.9183921033229,0.03269990141261352,0.000928682097596786,0.024912770268831465
mid,-27.46204522700198,274.9183921033229,0.03250128331116591,0.0010709637044437705,0.026446969791331716
mid,-27.292848242135523,274.9183921033229,0.03224869487118771,0.0012092414197011777,0.027944393331544592
mid,-27.123651257268964,274.9183921033229,0.031945899594498575,0.0013395443299196396,0.029403696904915
mid,-26.954454272402405,274.9183921033229,0.031596751864579865,0.0014579059879444136,0.030823680853427755
mid,-26.785257287535845,274.9183921033229,0.031205097393690047,0.001560422069044394,0.032203300127038204
mid,-26.616060302669386,274.9183921033229,0.030774688012855274,0.0016432965883916078,0.033541662766440196
mid,-26.446863317802826,274.91839210332296,0.03030911039160279,0.0017028773472865045,0.03483801933062863
mid,-26.277666332936267,274.9183921033229,0.029811727877240953,0.001735681460660981,0.03609174566462071
mid,-26.108469348069708,274.9183921033229,0.02928563439019028,0.0017384119989620923,0.037302321051810076
mid,-25.93927236320325,274.9183921033229,0.02873361918206722,0.001707966904690019,0.03846930346704535
mid,-25.770075378336692,274.9183921033229,0.028158141156522126,0.0016414413228818953,0.03959230330000472
mid,-25.60087839347013,274.9183921033229,0.027561311440947363,0.0015361244807911602,0.0406709566240124
mid,-25.43168140860357,274.9183921033229,0.026944882931054043,0.0013894921950984834,0.04170489882105299
mid,-25.262484423737114,274.9183921033229,0.02631024558872128,0.0011991959880639155,0.04269373914689844
mid,-25.093287438870554,274.9183921033229,0.025658426377530866,0.0009630497043137416,0.043637036623336914
mid,-24.924090454003995,274.9183921033229,0.02499009281248616,0.0006790144079916946,0.04453427748581451
mid,-24.754893469137436,274.9183921033229,0.02430555920895079,0.00034518222732495864,0.04538485430218907
mid,-24.585696484270976,274.9183921033229,0.02360479483721538,-4.024029905963511e-05,0.0461880467646173
mid,-24.416499499404367,274.9183921033229,0.022887433296587385,-0.00047894889036618343,0.04694300410078207
mid,-24.247302514537857,274.9183921033229,0.02215278251466514,-0.0009725578498028103,0.04764872899311008
mid,-24.078105529671298,274.9183921033229,0.021399834885366825,-0.0015226157449329779,0.04830406285793349
mid,-23.90890854480484,274.9183921033229,0.020627277131997825,-0.002130620204454401,0.048907672328230775
mid,-23.739711559938282,274.9183921033229,0.019833499551798608,-0.0027980316920778077,0.04945803675549029
mid,-23.570514575071723,274.9183921033229,0.019016604373517078,-0.0035262861043383956,0.04995343656651663
mid,-23.401317590205164,274.91839210332296,0.018174413000767192,-0.004316806114532539,0.050391942308228924
mid,-23.232120605338704,274.9183921033229,0.017304471964697126,-0.005171011217591229,0.050771404209396395
mid,-23.062923620472144,274.9183921033229,0.016404057425708798,-0.0060903264352465125,0.05108944212069716
mid,-22.893726635605585,274.9183921033229,0.015470178119431105,-0.0070761896552977085,0.051343435698515925
mid,-22.724529650739026,274.9183921033229,0.014499576640977594,-0.008130057590783932,0.05153051471095565
mid,-22.55533266587257,274.9183921033229,0.013488728959939158,-0.009253410362743342,0.05164754936597449
mid,-22.38613568100601,274.91839210332296,0.012433842106307248,-0.010447754677669046,0.05169114057409749
mid,-22.21693869613945,274.9183921033229,0.011330849935588277,-0.011714625585628483,0.05165761007178329
mid,-22.04774171127289,274.9183921033229,0.010175406877888198,-0.01305558681699429,0.05154299034808704
mid,-21.87854472640643,274.9183921033229,0.008962879600465132,-0.014472229632517493,0.05134301433900624
mid,-21.709347741539872,274.91839210332296,0.0076883364890390875,-0.015966170136806245,0.05105310486272663
mid,-21.540150756673313,274.91839210332296,0.006346534815277718,-0.01753904501557734,0.05066836378560986
mid,-21.370953771806754,274.9183921033229,0.004931905479512996,-0.019192505598472756,0.050183560928402544
mid,-21.201756786940297,274.91839210332296,0.0034385352006050807,-0.020928210140544443,0.04959312274120507
mid,-21.032559802073735,274.91839210332296,0.001860145982946617,-0.022747814218277564,0.04889112079452128
mid,-20.86336281720728,274.9183921033229,0.00019007170838405973,-0.02465295908695719,0.04807126015070263
mid,-20.69416583234092,274.91839210332296,-0.0015787683585836432,-0.02664525783704678,0.047126867714352406
mid,-20.524968847475176,274.9183921033229,-0.003453899348599413,-0.028726279170803157,0.046050880679055356
mid,-20.355771862611316,274.91839210332296,-0.0054433240619559745,-0.030897528589693052,0.04483583521952661
mid,-20.18657487775407,274.91839210332296,-0.007555559992723403,-0.033160426756684735,0.0434738556152255
mid,-20.017377892918244,274.91839210332296,-0.009799680355029608,-0.035516284783400145,0.041956644027535135
mid,-19.84818090815051,274.91839210332296,-0.01218535936851655,-0.03796627617194333,0.040275471202982784
mid,-19.678983923592085,274.91839210332296,-0.014722922069470054,-0.04051140510836673,0.03842116842235828
mid,-19.50978693966142,274.91839210332296,-0.01742339893758163,-0.043152470795876766,0.0363841210757382
mid,-19.340589957546882,274.918392103323,-0.02029858559349996,-0.04589002748937583,0.03415426431896427
mid,-19.17139298054006,274.91839210332296,-0.023361107828256553,-0.04872433988821985,0.031721081357738386
mid,-19.00219601749129,274.91839210332296,-0.026624492183054172,-0.051655333481925476,0.029073605025509507
mid,-18.8329990912506,274.91839210332296,-0.030103242312407928,-0.05468253941522853,0.02620042351994174
mid,-18.663802259893128,274.91839210332296,-0.03381292124200373,-0.057805033295577735,0.02308969147971774
mid,-18.49460566402632,274.918392103323,-0.03777023958434912,-0.06102136705891609,0.01972914822384196
mid,-18.32540963717545,274.918392103323,-0.041993149572556,-0.06432949244040563,0.01610614619309115
mid,-18.1562149431979,274.91839210332296,-0.04650094416999044,-0.06772667343610064,0.012207694882324288
mid,-17.987023265414194,274.91839210332296,-0.051314360056254435,-0.0712093824952583,0.008020530577431585
mid,-17.81783825192686,274.918392103323,-0.05645567846124738,-0.07477317206714261,0.0035312291611061526
mid,-17.648667394592405,274.91839210332296,-0.06194881748121129,-0.07841250515813289,-0.0012736047023328692
mid,-17.479525797143857,274.91839210332296,-0.06781939116977555,-0.08212051899204748,-0.00640701626739123
mid,-17.3104426048896,274.918392103323,-0.07409468955302094,-0.08588868754093296,-0.011881163733017744
mid,-17.141471633409136,274.91839210332296,-0.08080351602135695,-0.08970632793468811,-0.01770642706219052
mid,-16.972708982284882,274.918392103323,-0.08797566644473681,-0.09355993122775268,-0.023890038629447594
mid,-16.804314533884583,274.91839210332296,-0.09564084594431844,-0.09743236268746494,-0.030434178760452985
mid,-16.636537112665227,274.91839210332296,-0.10382666903341212,-0.10130214101982238,-0.03733372746818804
mid,-16.4697279612706,274.918392103323,-0.11255558767600102,-0.10514324517307824,-0.044574353167366784
mid,-16.30432709269947,274.918392103323,-0.12184115360182089,-0.10892613512798194,-0.052132287701197044
mid,-16.1407919847605,274.918392103323,-0.13168612842381444,-0.11262014535209516,-0.0599767489010147
mid,-15.979507947019655,274.918392103323,-0.1420843259832522,-0.11619660386073258,-0.06807466578282872
mid,-15.820696460109103,274.91839210332296,-0.1530266217110814,-0.11963132275849751,-0.07639582049002783
mid,-15.664394231385417,274.918392103323,-0.1645081705956723,-0.1229053717098577,-0.08491589811235531
mid,-15.510491008624223,274.91839210332296,-0.1765318897259355,-0.12600447862811132,-0.0936172053694565
mid,-15.358760930948145,274.918392103323,-0.18911005183166113,-0.128917448070656,-0.10248719961683658
mid,-15.208956757726508,274.918392103323,-0.20226180647684025,-0.1316345113112161,-0.11151562194888186
mid,-15.060836381181465,274.918392103323,-0.21600862604803003,-0.13414642989220857,-0.1206927851804227
mid,-14.914158187932964,274.918392103323,-0.23037384606400485,-0.1364439449935668,-0.13000835505922903
mid,-14.768729976134862,274.918392103323,-0.24538004423227167,-0.1385176937440374,-0.13945037491990583
mid,-14.624370598412696,274.918392103323,-0.2610481272429505,-0.14035804688184297,-0.1490046372386561
mid,-14.480956012398442,274.91839210332296,-0.2773957654320368,-0.14195563629192426,-0.15865497381173743
mid,-14.338346420571563,274.91839210332296,-0.294438582267822,-0.1433013375257706,-0.1683836837989776
mid,-14.196444639878766,274.918392103323,-0.31219026331717825,-0.14438663188726403,-0.178171321080135
mid,-14.055160594744681,274.91839210332296,-0.330660879787044,-0.14520353922176774,-0.1879963440413781
mid,-13.914440516481724,274.91839210332296,-0.3498564450532721,-0.14574521641257548,-0.19783620073790315
mid,-13.774197090986396,274.918392103323,-0.3697816039139877,-0.14600558862408425,-0.20766725549632595
mid,-13.634404805866785,274.91839210332296,-0.39043711460860725,-0.14598007743127756,-0.2174649243833986
mid,-13.494999043916154,274.9183921033231,-0.41182074389069,-0.14566511685582406,-0.22720419827474556
mid,-13.355946097525713,274.91839210332296,-0.43392853854911934,-0.1450586040719684,-0.23685960330535377
mid,-13.217214645918208,274.91839210332296,-0.4567522304987801,-0.1441598120082262,-0.2464052137403826
mid,-13.078775701352882,274.91839210332296,-0.4802810637846222,-0.1429694466916848,-0.25581525715568554
mid,-12.940602536527411,274.918392103323,-0.5045018189102677,-0.14148964066685948,-0.26506426394137345
mid,-12.802670597660159,274.91839210332296,-0.5293988439724894,-0.1397239332238426,-0.2741271935411963
mid,-12.664958362005276,274.918392103323,-0.5549537564890514,-0.13767724051627003,-0.2829791386732321
mid,-12.527466344081503,274.918392103323,-0.5811443147154517,-0.13535611623262944,-0.29159624715806604
mid,-12.390156581678413,274.918392103323,-0.6079480902372065,-0.13276797102382357,-0.29995580174701375
mid,-12.253021943236556,274.918392103323,-0.6353406771973843,-0.12992169036156875,-0.3080358292128129
mid,-12.116057466594206,274.918392103323,-0.6632937661030417,-0.12682742929959737,-0.3158155507431485
mid,-11.979238499562658,274.91839210332296,-0.6917788640554647,-0.12349612192270396,-0.323275404186685
mid,-11.842568776900661,274.91839210332296,-0.7207650011456482,-0.11994001306507888,-0.33039728828236725
mid,-11.70602934586566,274.918392103323,-0.7502200352193384,-0.11617195509077183,-0.3371645667035454
mid,-11.569610762380206,274.91839210332296,-0.7801110550749695,-0.11220563709543509,-0.34356191868450925
mid,-11.433318950618728,274.91839210332296,-0.8104024188312233,-0.10805569073079911,-0.3495758059482458
mid,-11.297130516921364,274.91839210332296,-0.8410593685729614,-0.10373682996530355,-0.35519430159016063
mid,-11.161041847749358,274.91839210332296,-0.8720461285310597,-0.09926446455652438,-0.36040688151443645
mid,-11.02506211104827,274.91839210332296,-0.903324208538294,-0.09465465445040155,-0.36520489047352855
mid,-10.889170876407297,274.91839210332296,-0.9348568585281211,-0.08992315353479421,-0.36958132429709295
mid,-10.753364271671696,274.91839210332296,-0.9666074798912191,-0.08508599556337182,-0.37353088030946524
mid,-10.617638588844102,274.918392103323,-0.9985380458102108,-0.0801593513668758,-0.3770497399724475
mid,-10.481992924664596,274.91839210332296,-1.030610288817299,-0.0751593768877767,-0.380135726825941
mid,-10.3464263497982,274.9183921033229,-1.062786317396773,-0.07010202981252461,-0.38278838340402616
mid,-10.210929220142129,274.91839210332296,-1.095029522240131,-0.06500279981365326,-0.38500872059884406
mid,-10.075498515721236,274.91839210332296,-1.1273036793432576,-0.059876912788508665,-0.38679926171910556
mid,-9.940131348759857,274.91839210332296,-1.1595727250111714,-0.054739203956132125,-0.38816392876740013
mid,-9.804824958627773,274.91839210332296,-1.1918013726201284,-0.0496039946692902,-0.3891080107844155
mid,-9.669576706936253,274.91839210332296,-1.2239552297194727,-0.04448502294651486,-0.3896380881080523
mid,-9.534384072783812,274.91839210332296,-1.2560009068149025,-0.03939538064341175,-0.3897619506239922
mid,-9.399244648150113,274.9183921033229,-1.287906117271987,-0.034347457572623606,-0.38948851061931267
mid,-9.264156133438293,274.91839210332296,-1.3196397677961813,-0.029352892844111897,-0.38882771090021145
mid,-9.129116333163314,274.9183921033229,-1.3511720389998156,-0.024422533664911254,-0.3877904288824463
mid,-8.994123151784969,274.91839210332296,-1.382474455592136,-0.019566401778088015,-0.3863883774155496
mid,-8.859174589682674,274.9183921033229,-1.413519945805188,-0.014793667681598587,-0.384634003156643
mid,-8.724268739270368,274.9183921033229,-1.4442828897579147,-0.010112632687248137,-0.38254038334944085
mid,-8.589403781248889,274.918392103323,-1.4747391565417858,-0.005530718813117515,-0.38012112190451375
mid,-8.454577980991804,274.91839210332296,-1.5048661299456758,-0.0010544664303864665,-0.37739024569893065
mid,-8.319789685063078,274.91839210332296,-1.5346427228275046,0.003310460523267722,-0.3743621020297307
mid,-8.185037317862644,274.91839210332296,-1.5640493803009563,0.0075592620082141,-0.37105125814867557
mid,-8.05031937839677,274.9183921033229,-1.5930680720298191,0.011687982378515663,-0.3674724037830057
mid,-7.915634437169841,274.91839210332296,-1.6216822547631338,0.01569348279602642,-0.3636402571643078
mid,-7.780981597100757,274.91839210332296,-1.6498766771106737,0.019573391021254764,-0.3595694905463518
mid,-7.646363340138367,274.91839210332296,-1.6776374810934018,0.023326043568093136,-0.3552747502951393
mid,-7.511774284545636,274.91839210332296,-1.704952719565943,0.02695061711059978,-0.35077021786273377
mid,-7.377213223604237,274.91839210332296,-1.7318117646574536,0.030446897537878916,-0.34606988178103704
mid,-7.242679009914568,274.9183921033229,-1.758205038069112,0.03381526181007171,-0.34118738673917404
mid,-7.1081705528639185,274.9183921033229,-1.7841241765484133,0.037056645554874895,-0.33613596564491577
mid,-6.97368681619526,274.9183921033229,-1.809561929685881,0.040172487547787614,-0.33092839204107044
mid,-6.839227652406881,274.9183921033229,-1.8345119168397082,0.04316465714545836,-0.3255769752215037
mid,-6.704796224716949,274.9183921033229,-1.8589687620377928,0.04603538639387359,-0.3200936097156579
mid,-6.570386599816072,274.9183921033229,-1.882928545790599,0.04878737844140622,-0.31448930021953403
mid,-6.435997911589138,274.91839210332296,-1.9063881189510887,0.05142356521138075,-0.30877462294221614
mid,-6.3016293387096525,274.9183921033229,-1.9293448535836346,0.0539470995015605,-0.30295958223881453
mid,-6.167280102675996,274.91839210332296,-1.9517966519366143,0.05636131654453845,-0.29705359602245474
mid,-6.032954017326143,274.9183921033229,-1.973741918914188,0.05866964420722445,-0.2910656607225588
mid,-5.898647158376466,274.9183921033229,-1.995180035689264,0.06087570639106592,-0.28500388757467054
mid,-5.764357297373262,274.9183921033229,-2.0161109681430602,0.06298317391683368,-0.2788758459021199
mid,-5.63008379030133,274.91839210332296,-2.036534871620951,0.06499571495386486,-0.27268861191777166
mid,-5.495826346604532,274.9183921033229,-2.0564520129598702,0.06691697980702764,-0.266448747566205
mid,-5.361589703876059,274.9183921033229,-2.0758629269160735,0.0687505357918109,-0.26016248444313994
mid,-5.227367376655154,274.91839210332296,-2.0947688938503637,0.07050000651205167,-0.25383510154736794
mid,-5.09315883636915,274.9183921033229,-2.1131713331294253,0.07216887899017033,-0.24747161328920478
mid,-4.958963584294961,274.9183921033229,-2.131071482480107,0.0737605310430052,-0.24107661640636754
mid,-4.824785553634441,274.91839210332296,-2.1484706316627964,0.07527818894319607,-0.2346544639737534
mid,-4.690620910343727,274.9183921033229,-2.1653705044543967,0.076725026607677,-0.2282087905911911
mid,-4.556467844003868,274.9183921033229,-2.181772949130219,0.07810407101680722,-0.22174292481483848
mid,-4.422325949830914,274.9183921033229,-2.1976795863813705,0.07941819517788996,-0.21525992927201082
mid,-4.288198910429592,274.9183921033229,-2.2130919532298585,0.08067009719867096,-0.2087627236185466
mid,-4.154083241616188,274.91839210332296,-2.2280118695906004,0.08186238931404724,-0.2022536299228085
mid,-4.0199772440894455,274.91839210332296,-2.242441191191705,0.082997529430553,-0.19573475983693842
mid,-3.8858805924692543,274.91839210332296,-2.2563815093082584,0.08407782226641665,-0.18920805354604892
mid,-3.751797578661088,274.91839210332296,-2.269834310515776,0.08510540002666468,-0.1826754229718564
mid,-3.6177231462681707,274.91839210332296,-2.282801324914381,0.08608232330990087,-0.17613816954046926
mid,-3.483656736501395,274.9183921033229,-2.2952841830943007,0.0870104947912905,-0.16959758613156722
mid,-3.349599347953,274.91839210332296,-2.3072842673550213,0.08789167896293669,-0.16305487873424562
mid,-3.2155524256562007,274.918392103323,-2.3188029530687344,0.08872751546188196,-0.1565111144454115
mid,-3.081512310276122,274.918392103323,-2.3298417109890748,0.08951955797697521,-0.14996699060547022
mid,-2.9474787831443883,274.918392103323,-2.3404018462674996,0.09026923264215231,-0.14342322497097643
mid,-2.8134544310049514,274.91839210332296,-2.3504845010850444,0.09097784340323183,-0.13688055019635015
mid,-2.679436891927524,274.91839210332296,-2.360090884958552,0.0916466190095135,-0.13033937360110118
mid,-2.5454248538944224,274.91839210332296,-2.3692221540375766,0.0922766904695765,-0.12380004693848974
mid,-2.411419018031954,274.91839210332296,-2.377879299875694,0.09286909027649629,-0.11726293242866032
mid,-2.2774205358356676,274.918392103323,-2.3860632627812985,0.09342476307330376,-0.11072833561091375
mid,-2.1434265429121133,274.91839210332296,-2.3937750066102215,0.0939445907165907,-0.10419631063496369
mid,-2.0094368949688377,274.91839210332296,-2.4010153760807618,0.09442937158866548,-0.09766697017759833
mid,-1.8754537051467284,274.918392103323,-2.407785108257161,0.09487982313174571,-0.09114047657298618
mid,-1.741474470627918,274.9183921033231,-2.4140849574785705,0.09529661162184376,-0.0846167343653095
mid,-1.6074986551762818,274.91839210332296,-2.419915607068405,0.09568033613838213,-0.07809568875124108
mid,-1.4735272071537882,274.91839210332296,-2.42527764014513,0.09603153132448217,-0.07157731712873662
mid,-1.3395595741645498,274.91839210332296,-2.4301716106839484,0.09635067944463889,-0.06506149439078794
mid,-1.2055944813145196,274.91839210332296,-2.4345980343351035,0.09663821268318909,-0.05854803070754954
mid,-1.0716321310987234,274.918392103323,-2.4385573506702354,0.09689451053857498,-0.052036778221750755
mid,-0.937673046113338,274.91839210332296,-2.442049946190421,0.0971199036332503,-0.045527581533769367
mid,-0.8037156582882659,274.918392103323,-2.4450761771639278,0.09731468181626583,-0.039020170203426484
mid,-0.6697598811106896,274.918392103323,-2.447636341334127,0.09747909077714427,-0.03251432434723755
mid,-0.5358062751075717,274.918392103323,-2.449730681293204,0.09761333347113406,-0.026009840991948904
mid,-0.4018536416379254,274.9183921033229,-2.451359403352137,0.09771757563845719,-0.019506425822968246
mid,-0.2679018083004204,274.9183921033229,-2.452522665958235,0.09779194465653265,-0.013003821831781748
mid,-0.1339507877801264,274.9183921033229,-2.453220578780985,0.0978365302210154,-0.006501774996825286
mid,-4.0711099922733015e-13,274.9183921033229,-2.453453208827753,0.0978513860789121,-1.8447741683693346e-13
mid,0.13395078777936306,274.9183921033229,-2.453220578781921,0.0978365302207301,0.006501774996438284
mid,0.2679018082996062,274.91839210332296,-2.4525226659584622,0.09779194465647077,0.013003821831044409
mid,0.4018536416371621,274.91839210332296,-2.4513594033505695,0.09771757563959897,0.019506425821715283
mid,0.5358062751067575,274.91839210332296,-2.4497306812921593,0.09761333347164645,0.026009840990743553
mid,0.6697598811098754,274.918392103323,-2.447636341333489,0.09747909077733959,0.03251432434636885
mid,0.8037156582874517,274.918392103323,-2.445076177163215,0.09731468181651702,0.03902017020325063
mid,0.9376730461125238,274.91839210332296,-2.442049946189567,0.09711990363367358,0.04552758153399956
mid,1.0716321310979093,274.91839210332296,-2.4385573506692335,0.09689451053875912,0.05203677822159035
mid,1.2055944813137562,274.918392103323,-2.4345980343335225,0.096638212683306,0.05854803070704909
mid,1.3395595741637356,274.918392103323,-2.4301716106829088,0.09635067944459301,0.06506149438996953
mid,1.473527207152974,274.918392103323,-2.4252776401449663,0.09603153132453741,0.0715773171280274
mid,1.6074986551755184,274.91839210332296,-2.4199156070682353,0.09568033613958515,0.07809568875058677
mid,1.7414744706271037,274.918392103323,-2.414084957478614,0.09529661162319528,0.08461673436500304
mid,1.8754537051459141,274.91839210332296,-2.4077851082580546,0.09487982313242377,0.09114047657307085
mid,2.0094368949680743,274.918392103323,-2.4010153760842394,0.09442937158744179,0.09766697017777494
mid,2.1434265429112993,274.91839210332296,-2.3937750066134615,0.09394459071538934,0.10419631063560134
mid,2.2774205358348536,274.91839210332296,-2.3860632627811706,0.09342476307480226,0.110728335611732
mid,2.41141901803114,274.91839210332296,-2.3778792998734177,0.09286909028033544,0.11726293242958541
mid,2.5454248538936084,274.91839210332296,-2.3692221540388037,0.09227669047091486,0.12380004693905328
mid,2.67943689192671,274.91839210332296,-2.360090884962043,0.09164661900909238,0.130339373601039
mid,2.813454431004137,274.91839210332296,-2.3504845010869984,0.09097784340354881,0.13688055019621725
mid,2.9474787831435743,274.918392103323,-2.340401846268357,0.09026923264171535,0.1434232249713596
mid,3.0815123102753588,274.91839210332296,-2.3298417109896588,0.08951955797576128,0.14996699060594232
mid,3.2155524256553867,274.91839210332296,-2.3188029530680265,0.08872751546145967,0.15651111444566618
mid,3.349599347952237,274.91839210332296,-2.3072842673535257,0.08789167896270597,0.16305487873428232
mid,3.483656736500581,274.91839210332296,-2.295284183093853,0.08701049478972583,0.1695975861312292
mid,3.6177231462673567,274.91839210332296,-2.2828013249121324,0.08608232330953978,0.17613816954034697
mid,3.751797578660325,274.91839210332296,-2.2698343105121217,0.0851054000276333,0.18267542297192682
mid,3.88588059246844,274.91839210332296,-2.256381509305203,0.08407782226781291,0.18920805354614795
mid,4.019977244088682,274.9183921033229,-2.2424411911917086,0.08299752943029512,0.1957347598370331
mid,4.154083241615374,274.91839210332296,-2.22801186959288,0.08186238931252501,0.20225362992278653
mid,4.288198910428777,274.91839210332296,-2.2130919532303333,0.08067009719897454,0.208762723618246
mid,4.4223259498301,274.9183921033229,-2.197679586381389,0.07941819517772594,0.2152599292712148
mid,4.556467844003055,274.91839210332296,-2.1817729491288604,0.07810407101687354,0.22174292481410637
mid,4.690620910342912,274.91839210332296,-2.165370504450219,0.0767250266100507,0.2282087905907879
mid,4.824785553633626,274.91839210332296,-2.1484706316590017,0.07527818894500041,0.23465446397383355
mid,4.958963584294198,274.91839210332296,-2.131071482477342,0.07376053104476576,0.24107661640646458
mid,5.093158836368335,274.91839210332296,-2.113171333128341,0.07216887899177966,0.24747161328838416
mid,5.22736737665434,274.9183921033229,-2.0947688938512483,0.0705000065110273,0.253835101546323
mid,5.361589703875245,274.9183921033229,-2.0758629269163023,0.0687505357906285,0.2601624844424595
mid,5.495826346603718,274.9183921033229,-2.0564520129605928,0.06691697980574335,0.2664487475659332
mid,5.630083790300516,274.9183921033229,-2.0365348716239526,0.06499571495190458,0.2726886119175459
mid,5.764357297372448,274.9183921033229,-2.0161109681477045,0.06298317391424094,0.2788758459019576
mid,5.898647158375653,274.91839210332296,-1.9951800356915907,0.060875706390204815,0.2850038875747589
mid,6.032954017325278,274.9183921033229,-1.9737419189133407,0.05866964420846207,0.2910656607228109
mid,6.167280102675232,274.9183921033229,-1.9517966519358922,0.0563613165450763,0.2970535960226194
mid,6.301629338708839,274.9183921033229,-1.9293448535821698,0.053947099502869064,0.30295958223827085
mid,6.435997911588375,274.9183921033229,-1.9063881189479048,0.051423565213201586,0.30877462294155417
mid,6.570386599815207,274.9183921033229,-1.8829285457865694,0.04878737844461811,0.31448930021844923
mid,6.704796224716084,274.91839210332296,-1.8589687620345767,0.04603538639696137,0.32009360971413553
mid,6.839227652406067,274.91839210332296,-1.834511916836699,0.04316465714678243,0.3255769752206144
mid,6.973686816194496,274.9183921033229,-1.8095619296820729,0.04017248754890208,0.33092839204063945
mid,7.108170552863104,274.9183921033229,-1.7841241765435352,0.03705664555718627,0.33613596564445997
mid,7.242679009913703,274.9183921033229,-1.7582050380645908,0.033815261812344094,0.3411873867383496
mid,7.377213223603423,274.91839210332296,-1.7318117646534326,0.03044689753901245,0.3460698817798727
mid,7.511774284544821,274.9183921033229,-1.7049527195619134,0.02695061711136336,0.35077021786162677
mid,7.646363340137604,274.91839210332296,-1.6776374810911785,0.023326043567385685,0.3552747502939684
mid,7.780981597099994,274.9183921033229,-1.6498766771098998,0.01957339101913491,0.35956949054487974
mid,7.9156344371689755,274.91839210332296,-1.6216822547628904,0.015693482793743635,0.3636402571624922
mid,8.050319378395956,274.91839210332296,-1.5930680720304504,0.011687982376416918,0.3674724037809169
mid,8.185037317861829,274.9183921033229,-1.5640493803026463,0.007559262006704842,0.3710512581467585
mid,8.319789685062265,274.91839210332296,-1.534642722829128,0.003310460523065731,0.37436210202806264
mid,8.454577980990988,274.91839210332296,-1.5048661299465182,-0.0010544664299858147,0.37739024569697466
mid,8.589403781248075,274.9183921033229,-1.4747391565405354,-0.00553071881224762,0.3801211219024086
mid,8.724268739269554,274.9183921033229,-1.4442828897542,-0.010112632684822535,0.38254038334732776
mid,8.859174589681809,274.9183921033229,-1.4135199458010013,-0.014793667678522866,0.384634003154411
mid,8.994123151784153,274.9183921033229,-1.3824744555888,-0.01956640177527963,0.38638837741327037
mid,9.129116333162552,274.91839210332296,-1.351172038998244,-0.024422533663651227,0.3877904288803149
mid,9.26415613343748,274.91839210332296,-1.3196397677953486,-0.029352892843330064,0.3888277108983901
mid,9.399244648149299,274.91839210332296,-1.2879061172721404,-0.03434745757105203,0.38948851061769174
mid,9.534384072782998,274.9183921033229,-1.2560009068165048,-0.03939538064281472,0.3897619506225184
mid,9.669576706935489,274.9183921033229,-1.2239552297187415,-0.04448502294488673,0.38963808810630074
mid,9.804824958626908,274.9183921033229,-1.1918013726181544,-0.04960399466683079,0.38910801078210777
mid,9.940131348759044,274.9183921033229,-1.159572725010897,-0.0547392039546746,0.3881639287650236
mid,10.075498515720422,274.91839210332296,-1.1273036793431332,-0.05987691278753311,0.38679926171712664
mid,10.210929220141313,274.91839210332296,-1.0950295222403383,-0.06500279981283118,0.38500872059699254
mid,10.346426349797387,274.91839210332296,-1.062786317398136,-0.07010202981220179,0.38278838340246046
mid,10.481992924663832,274.9183921033229,-1.0306102888199284,-0.07515937688826699,0.38013572682467933
mid,10.61763858884334,274.91839210332296,-0.9985380458135857,-0.08015935136673284,0.3770497399709485
mid,10.75336427167088,274.91839210332296,-0.9666074798960982,-0.08508599556368328,0.3735308803075221
mid,10.889170876406483,274.91839210332296,-0.934856858533205,-0.08992315353482348,0.3695813242948248
mid,11.025062111047456,274.91839210332296,-0.9033242085431609,-0.09465465444942586,0.3652048904713204
mid,11.161041847748542,274.91839210332296,-0.8720461285346588,-0.09926446455623189,0.36040688151287237
mid,11.297130516920602,274.91839210332296,-0.8410593685730315,-0.10373682996477046,0.35519430158902443
mid,11.433318950617915,274.91839210332296,-0.8104024188317843,-0.10805569073138135,0.34957580594699345
mid,11.569610762379392,274.91839210332296,-0.7801110550773857,-0.11220563709793034,0.34356191868366903
mid,11.706029345864847,274.91839210332296,-0.7502200352215218,-0.11617195509328056,0.33716456670326933
mid,11.842568776899846,274.918392103323,-0.7207650011477824,-0.11994001306632332,0.3303972882818085
mid,11.979238499561843,274.9183921033229,-0.691778864058361,-0.12349612192390884,0.3232754041857272
mid,12.116057466593393,274.91839210332296,-0.6632937661041949,-0.1268274293004107,0.31581555074277556
mid,12.253021943235742,274.91839210332296,-0.6353406771961781,-0.1299216903611182,0.30803582921352024
mid,12.3901565816776,274.918392103323,-0.6079480902379335,-0.13276797102370352,0.29995580174809944
mid,12.52746634408069,274.918392103323,-0.5811443147165795,-0.13535611623282304,0.29159624715889904
mid,12.664958362004514,274.918392103323,-0.5549537564881074,-0.13767724051679983,0.28297913867361346
mid,12.802670597659343,274.918392103323,-0.5293988439723815,-0.13972393322514204,0.27412719354127907
mid,12.940602536526596,274.91839210332296,-0.5045018189118834,-0.14148964066858521,0.2650642639413936
mid,13.078775701352068,274.918392103323,-0.4802810637866207,-0.14296944669325495,0.25581525715548237
mid,13.217214645917394,274.91839210332296,-0.456752230499623,-0.1441598120084156,0.24640521374016056
mid,13.3559460975249,274.91839210332296,-0.4339285385482264,-0.145058604070049,0.2368596033054124
mid,13.494999043915339,274.918392103323,-0.4118207438892666,-0.14566511685425665,0.22720419827491048
mid,13.63440480586597,274.91839210332296,-0.39043711460848624,-0.1459800774312679,0.2174649243833246
mid,13.774197090985583,274.91839210332296,-0.36978160391436016,-0.14600558862434854,0.20766725549622017
mid,13.914440516480859,274.91839210332296,-0.34985644505411007,-0.14574521641289523,0.1978362007381924
mid,14.055160594743917,274.91839210332296,-0.3306608797891317,-0.14520353922289675,0.18799634404194893
mid,14.196444639878003,274.91839210332296,-0.3121902633189781,-0.14438663188738554,0.17817132108000006
mid,14.338346420570799,274.918392103323,-0.2944385822687791,-0.14330133752543087,0.1683836837979183
mid,14.480956012397678,274.918392103323,-0.27739576543193234,-0.14195563629300764,0.15865497381058338
mid,14.624370598411932,274.91839210332296,-0.26104812724218984,-0.1403580468826586,0.14900463723769375
mid,14.768729976134098,274.918392103323,-0.24538004423006984,-0.13851769374377365,0.1394503749193811
mid,14.9141581879322,274.91839210332296,-0.2303738460650534,-0.13644394499370882,0.13000835505929692
mid,15.060836381180703,274.91839210332296,-0.21600862605386453,-0.13414642989370246,0.12069278518089872
mid,15.208956757725744,274.918392103323,-0.20226180648040573,-0.1316345113110426,0.11151562194927404
mid,15.358760930947382,274.91839210332296,-0.18911005183223906,-0.1289174480685797,0.10248719961679253
mid,15.510491008623461,274.91839210332296,-0.17653188972566605,-0.12600447862641384,0.0936172053690499
mid,15.664394231384653,274.91839210332296,-0.16450817059540412,-0.12290537170867047,0.08491589811167399
mid,15.820696460108339,274.918392103323,-0.153026621710397,-0.11963132275745253,0.0763958204894234
mid,15.979507947018943,274.918392103323,-0.14208432598240175,-0.11619660386059175,0.06807466578302229
mid,16.14079198475979,274.918392103323,-0.1316861284256302,-0.11262014535351896,0.05997674890196134
mid,16.304327092698706,274.918392103323,-0.12184115360376183,-0.10892613513008101,0.05213228770211245
mid,16.46972796126989,274.91839210332296,-0.11255558767534732,-0.10514324517525986,0.04457435316752477
mid,16.63653711266441,274.91839210332296,-0.10382666903305848,-0.10130214102174398,0.03733372746740027
mid,16.804314533883872,274.91839210332296,-0.09564084594489537,-0.09743236268942036,0.030434178759311377
mid,16.972708982284118,274.91839210332296,-0.0879756664448359,-0.09355993122988701,0.023890038628283684
mid,17.141471633408372,274.91839210332296,-0.08080351601958072,-0.08970632793612227,0.01770642706064453
mid,17.31044260488889,274.91839210332296,-0.07409468955047818,-0.08588868754266524,0.01188116373113436
mid,17.479525797143143,274.91839210332296,-0.06781939116651946,-0.08212051899370235,0.006407016265640903
mid,17.648667394591694,274.918392103323,-0.061948817478002745,-0.07841250515915643,0.0012736047003017318
mid,17.8178382519262,274.91839210332296,-0.05645567845847527,-0.07477317206833167,-0.00353122916349758
mid,17.98702326541348,274.91839210332296,-0.05131436005372246,-0.07120938249649597,-0.008020530579536871
mid,18.156214943197238,274.91839210332296,-0.046500944171120336,-0.06772667343773281,-0.012207694883959215
mid,18.325409637174737,274.91839210332296,-0.04199314957457767,-0.06432949244357748,-0.01610614619367859
mid,18.49460566402571,274.91839210332296,-0.03777023958356819,-0.06102136706233999,-0.019729148223481208
mid,18.663802259892467,274.91839210332296,-0.03381292124043545,-0.057805033297821884,-0.023089691478950635
mid,18.832999091249935,274.91839210332296,-0.03010324231276676,-0.054682539418128416,-0.02620042351905951
mid,19.00219601749063,274.91839210332296,-0.026624492184364953,-0.05165533348627141,-0.029073605024963735
mid,19.171392980539398,274.918392103323,-0.023361107830108356,-0.04872433989349391,-0.0317210813573455
mid,19.34058995754627,274.91839210332296,-0.020298585597466744,-0.04589002749545474,-0.03415426431820869
mid,19.50978693966076,274.91839210332296,-0.017423398941811927,-0.04315247080342032,-0.036384121074469575
mid,19.678983923591474,274.91839210332296,-0.014722922071537511,-0.04051140511555139,-0.03842116842079185
mid,19.848180908149903,274.91839210332296,-0.012185359368536415,-0.037966276177891944,-0.0402754712012159
mid,20.017377892917583,274.91839210332296,-0.009799680354160019,-0.03551628478713286,-0.041956644026628534
mid,20.186574877753458,274.9183921033229,-0.007555559990532715,-0.03316042675893316,-0.04347385561540053
mid,20.355771862610755,274.91839210332296,-0.005443324059808864,-0.030897528593273816,-0.04483583521983125
mid,20.524968847474568,274.91839210332296,-0.0034538993483770805,-0.02872627917596172,-0.046050880679650526
mid,20.69416583234031,274.91839210332296,-0.0015787683574185786,-0.026645257841979544,-0.04712686771532131
mid,20.863362817206667,274.91839210332296,0.00019007171322701563,-0.02465295909000099,-0.04807126015191947
mid,21.032559802073127,274.9183921033229,0.0018601459885859636,-0.022747814219884394,-0.0488911207971561
mid,21.201756786939686,274.9183921033229,0.0034385352074218986,-0.0209282101414041,-0.04959312274475418
mid,21.370953771806192,274.91839210332296,0.0049319054896486934,-0.019192505599261576,-0.0501835609311366
mid,21.54015075667275,274.91839210332296,0.0063465348262252246,-0.01753904501639064,-0.050668363787786413
mid,21.709347741539315,274.9183921033229,0.007688336501308797,-0.015966170137453918,-0.051053104863928285
mid,21.87854472640582,274.9183921033229,0.008962879611385366,-0.014472229633396689,-0.05134301433921048
mid,22.04774171127238,274.91839210332296,0.01017540688705575,-0.013055586816565892,-0.051542990348356466
mid,22.21693869613894,274.9183921033229,0.011330849946912129,-0.011714625582120206,-0.05165761007352186
mid,22.3861356810055,274.91839210332296,0.012433842118293278,-0.010447754674354486,-0.05169114057735763
mid,22.555332665872008,274.9183921033229,0.013488728969661749,-0.009253410362448918,-0.051647549369359384
mid,22.724529650738567,274.9183921033229,0.01449957665008133,-0.008130057591852619,-0.05153051471410201
mid,22.893726635605127,274.9183921033229,0.015470178130160824,-0.007076189655896733,-0.05134343570172417
mid,23.062923620471636,274.9183921033229,0.016404057436535373,-0.006090326435713264,-0.05108944212412132
mid,23.232120605338196,274.9183921033229,0.017304471977774384,-0.005171011217564664,-0.050771404212968024
mid,23.401317590204755,274.9183921033229,0.018174413015863727,-0.004316806114926186,-0.0503919423122038
mid,23.570514575071314,274.9183921033229,0.019016604388275817,-0.0035262861065916175,-0.04995343657004955
mid,23.739711559937824,274.9183921033229,0.019833499565685548,-0.002798031696906584,-0.04945803675865593
mid,23.908908544804383,274.9183921033229,0.020627277145611342,-0.002130620210161676,-0.048907672332771865
mid,24.078105529670943,274.91839210332296,0.021399834900608924,-0.0015226157505480072,-0.04830406286240582
mid,24.247302514537452,274.9183921033229,0.02215278253029934,-0.0009725578567200653,-0.047648728996611274
mid,24.41649949940401,274.91839210332296,0.022887433311487987,-0.0004789488964247121,-0.04694300410524585
mid,24.58569648427057,274.9183921033229,0.023604794851604712,-4.024030424710709e-05,-0.046188046769837954
mid,24.75489346913708,274.9183921033229,0.02430555922231495,0.00034518222271408446,-0.04538485430780662
mid,24.92409045400364,274.9183921033229,0.02499009282474468,0.0006790144029528832,-0.044534277491332756
mid,25.0932874388702,274.9183921033229,0.02565842639018141,0.0009630496992334304,-0.04363703662878098
mid,25.262484423736705,274.9183921033229,0.026310245601933343,0.0011991959846955752,-0.0426937391523247
mid,25.431681408603264,274.9183921033229,0.026944882944535634,0.0013894921935649219,-0.0417048988263904
mid,25.600878393469827,274.9183921033229,0.02756131145377225,0.001536124478740953,-0.04067095662994555
mid,25.770075378336387,274.9183921033229,0.02815814116866398,0.0016414413184950884,-0.03959230330598536
mid,25.939272363202893,274.9183921033229,0.028733619196149737,0.0017079669011907089,-0.038469303473142265
mid,26.108469348069452,274.9183921033229,0.02928563440637335,0.00173841199602392,-0.037302321058378086
mid,26.27766633293601,274.9183921033229,0.029811727893951014,0.0017356814571708925,-0.036091745672618296
mid,26.44686331780252,274.9183921033229,0.030309110406360033,0.0017028773436779743,-0.03483801934025405
mid,26.61606030266908,274.9183921033229,0.03077468802519752,0.0016432965865473964,-0.03354166277614918
mid,26.78525728753564,274.9183921033229,0.03120509740385408,0.0015604220691417293,-0.032203300136058245
mid,26.9544542724022,274.9183921033229,0.031596751872619414,0.0014579059865564058,-0.030823680861424046
mid,27.12365125726871,274.9183921033229,0.03194589960393936,0.0013395443269696061,-0.02940369691168046
mid,27.292848242135268,274.9183921033229,0.03224869488231563,0.0012092414169804708,-0.02794439333862681
mid,27.462045227001777,274.9183921033229,0.032501283321002,0.0010709637027499122,-0.02644696979933629
mid,27.631242211868337,274.9183921033229,0.03269990142139883,0.0009286820968649361,-0.024912770275847883
mid,27.800439196734896,274.9183921033229,0.032840990453494846,0.0007863026413518839,-0.0233432579967455
mid,27.969636181601455,274.9183921033229,0.032921324029783886,0.0006475856780629567,-0.021739972342083014
mid,28.138833166467965,274.9183921033229,0.0329381479947823,0.0005160542399217187,-0.020104464455073856
mid,28.308030151334524,274.9183921033229,0.03288933046168669,0.0003948930713241188,-0.01843820840824771
mid,28.477227136201083,274.9183921033229,0.03277351891120288,0.00028684035818957133,-0.016742485104109257
mid,28.646424121067593,274.9183921033229,0.03259030037143191,0.0001940749770094159,-0.015018236735622104
mid,28.815621105934152,274.91839210332296,0.032340359837330405,0.00011810272627220571,-0.013265890624629365
mid,28.98481809080071,274.9183921033229,0.032025631433248776,5.964557111857484e-05,-0.01148515263400635
mid,29.15401507566727,274.9183921033229,0.03164943643213394,1.8538229048369916e-05,-0.009674772126065989
mid,29.32321206053378,274.9183921033229,0.031216602343140276,-6.363593831050854e-06,-0.007832282595846046
mid,29.492409045400287,274.9183921033229,0.030733558026143287,-1.7259453764165503e-05,-0.005953724603570881
mid,29.6616060302669,274.91839210332296,0.030208401066194657,-1.746222722243465e-05,-0.0040333603443168725
mid,29.830803015133405,274.9183921033229,0.029650936331935964,-1.1436390921895634e-05,-0.0020633917535980524
mid,29.999999999999964,274.9183921033229,0.02936530894325041,-7.346079278616746e-06,-0.0011078376400151689
outer,-30.000000000000068,298.7730695018225,-1.8253127295993248e-05,-0.00010709085878752378,-0.00024912950154080005
outer,-30.000000000000068,298.6058480946258,-6.259089255974747e-05,-9.33429539751674e-05,-0.0002710414554667345
outer,-30.000000000000068,298.68956815628115,-4.025998121652221e-05,-0.00010020684729631056,-0.0002604601347559185
outer,-30.000000000000018,298.52190281823334,-8.521411554045469e-05,-8.65278730497412e-05,-0.0002808746842830269
outer,-29.708261952012435,298.52190281823334,-4.576011603006939e-05,-0.00016938300570224364,-0.00033202604990711443
outer,-29.70752503721737,298.6058480946258,-3.2288871284112105e-05,-0.00018536123228353902,-0.00032268488201378905
outer,-29.706787559933932,298.6895681562812,-1.885222745602808e-05,-0.00020159888138059198,-0.0003124068183102201
outer,-29.706049478737864,298.7730695018225,-5.467154205683237e-06,-0.00021806750906820473,-0.0003011800300687157
outer,-29.4165239040248,298.5219028182333,3.756504041478129e-05,-0.0002954895586770444,-0.0003288670709634514
outer,-29.41505007443467,298.60584809462586,3.546194910306397e-05,-0.0003318839044905162,-0.0003231928735521615
outer,-29.413575119867794,298.68956815628115,3.3680346984617054e-05,-0.0003691057018853771,-0.00031634504636930894
outer,-29.41209895747566,298.7730695018225,3.221360003010656e-05,-0.00040715070777030146,-0.00030829845250477
outer,-29.124785856037168,298.5219028182333,0.00010498133374996049,-0.0002889482940784606,-0.00014798028957915132
outer,-29.122575111652072,298.6058480946258,9.218502680980481e-05,-0.0003475671618821031,-0.00015114048456721922
outer,-29.12036267980166,298.68956815628115,7.988990911583462e-05,-0.00040770708811072064,-0.00015315863691123775
outer,-29.118148436213456,298.7730695018225,6.808508571894741e-05,-0.00046940209711532284,-0.0001540135621394611
outer,-28.833047808049635,298.52190281823334,0.00013754140836685498,-6.090124002393882e-05,0.00014747683602222354
outer,-28.830100148869374,298.60584809462586,0.00011787810224011943,-0.00013898115234882094,0.00013123299836251016
outer,-28.82715023973552,298.6895681562812,9.889635044767343e-05,-0.00021909648922197652,0.00011588680990120943
outer,-28.824197914951252,298.7730695018225,8.059196288391275e-05,-0.0003012911121620892,0.00010144384001215965
outer,-28.541309760062003,298.52190281823334,0.00014403737802309646,0.0004562864631339042,0.0005089032054099905
outer,-28.537625186086675,298.60584809462586,0.00012057946953261976,0.00036459230702192704,0.000476252080459199
outer,-28.533937799669385,298.68956815628115,9.800341561802458e-05,0.000270644860160429,0.000444150159194897
outer,-28.53024739368905,298.7730695018225,7.631526487790022e-05,0.00017441458650201662,0.0004125895468754302
outer,-28.24957171207437,298.52190281823334,0.00013516553724341764,0.0013100300596229609,0.0009042674274053907
outer,-28.24515022330408,298.60584809462586,0.00011002820752136259,0.0012118054791086833,0.0008529671544939936
outer,-28.24072535960325,298.6895681562812,8.593788071117089e-05,0.001111334717397154,0.0008018599248792743
outer,-28.236296872426845,298.77306950182253,6.290333047841699e-05,0.0010086040542653938,0.0007509320148242694
outer,-27.957833664086735,298.5219028182333,0.00011723123101039547,0.002529194978079008,0.0013144280926258081
outer,-27.95267526052138,298.6058480946258,9.163469527872343e-05,0.0024315042136470733,0.0012431817695180156
outer,-27.94751291953711,298.6895681562812,6.718675149952635e-05,0.0023316945098602127,0.0011718078775660957
outer,-27.94234635116464,298.7730695018225,4.389293950000646e-05,0.0022297612467471507,0.0011002917099619727
outer,-27.666095616099103,298.52190281823334,9.309292351411622e-05,0.004128657589373844,0.0017284628659370717
outer,-27.660200297738683,298.6058480946258,6.766882781211086e-05,0.00403807087943743,0.0016366336582272533
outer,-27.654300479470976,298.68956815628115,4.344379968087078e-05,0.003945554828262322,0.0015443976944366188
outer,-27.648395829902437,298.7730695018225,2.041963427940009e-05,0.0038511102125526587,0.0014517408608143356
outer,-27.37435756811157,298.52190281823334,6.398704881622422e-05,0.006114180404632673,0.002140241747324817
outer,-27.367725334955985,298.6058480946258,3.905796588581957e-05,0.006036716431042687,0.0020276064351124243
outer,-27.361088039404837,298.6895681562812,1.534826444299581e-05,0.005957551871116008,0.0019143210809476707
outer,-27.354445308640233,298.77306950182253,-7.142830276187992e-06,0.005876691628224481,0.0018003726365610475
outer,-27.082619520123938,298.5219028182333,3.0512755489373218e-05,0.008485967166163216,0.002546399929202331
outer,-27.075250372173386,298.6058480946258,6.246551171811866e-06,0.00842714757837653,0.002412988277067908
outer,-27.067875599338702,298.6895681562812,-1.6797166379528897e-05,0.0083668829191216,0.0022787130750789183
outer,-27.06049478737793,298.7730695018225,-3.862102283188522e-05,0.008305181226667077,0.002143562602738359
outer,-26.790881472136306,298.52190281823334,-7.006027949746189e-06,0.011240896682853286,0.0029452026199527797
outer,-26.782775409390688,298.6058480946258,-3.0524967344167965e-05,0.011205814224340045,0.002791198189978552
outer,-26.774663159272666,298.6895681562812,-5.282869923464283e-05,0.011169560629564371,0.0026361410097752933
outer,-26.766544266115726,298.7730695018225,-7.392126802810949e-05,0.011132146178308629,0.0024800207804145397
outer,-26.499143424148674,298.52190281823334,-4.838702702354182e-05,0.014373911768706895,0.003335890581373641
outer,-26.49030044660799,298.60584809462586,-7.112180744407899e-05,0.014367298759800744,0.0031615673566695542
outer,-26.48145071920653,298.6895681562812,-9.265477966389872e-05,0.014359802056472472,0.0029860215477427645
outer,-26.472593744853523,298.7730695018225,-0.00011299102106776624,0.014351433544577047,0.0028092442355240467
outer,-26.207405376161038,298.52190281823334,-9.352635660128152e-05,0.017878905018421855,0.003718290721740677
outer,-26.19782548382539,298.60584809462586,-0.0001154675111741969,0.017905198206255364,0.0035239718992044933
outer,-26.188238279140393,298.68956815628115,-0.0001362235858526949,0.01793090614765149,0.003328275737962982
outer,-26.17864322359132,298.77306950182253,-0.0001558003783114865,0.01795604188555367,0.0031311945912075767
outer,-25.91566732817351,298.52190281823334,-0.00014236672900593515,0.021749288031831626,0.00409258165580198
outer,-25.905350521042692,298.60584809462586,-0.00016352127233711274,0.021812686607711802,0.0038786129156956274
outer,-25.895025839074258,298.6895681562812,-0.00018350906622462138,0.021875808355884027,0.0036631235412338406
outer,-25.884692702329115,298.7730695018225,-0.00020233638815444176,0.02193866715651681,0.0034461070171887724
outer,-25.623929280185873,298.5219028182333,-0.00019488265713911608,0.025978356421733385,0.004459151256208546
outer,-25.612875558259994,298.6058480946258,-0.00021526834349772442,0.026082872723199875,0.00422588343954417
outer,-25.60181339900812,298.6895681562812,-0.00023450617512501756,0.026187430520599284,0.0039909600953695855
outer,-25.59074218106691,298.7730695018225,-0.0002526027276092118,0.026292044307902086,0.003754375683464049
outer,-25.33219123219824,298.5219028182333,-0.0002510740813612966,0.030559522735547323,0.00481850874095094
outer,-25.3204005954774,298.6058480946258,-0.0002707165272808412,0.03070902639926616,0.004566286651907288
outer,-25.308600958941984,298.68956815628115,-0.00028922997445979953,0.03085890041851975,0.004312279947981067
outer,-25.296791659804708,298.7730695018225,-0.00030662115944425986,0.031009159756636533,0.004056483899807461
outer,-25.04045318421061,298.5219028182333,-0.0003109640351741834,0.035486462692814275,0.005171229088170326
outer,-25.0279256326947,298.6058480946258,-0.00032989541993950003,0.03568471925935378,0.0049003843563908715
outer,-25.01538851887585,298.6895681562812,-0.00034771631202111693,0.03588368672598441,0.004627629506047816
outer,-25.002841138542504,298.7730695018225,-0.00036443349890442206,0.03608338045480485,0.004352960449168911
outer,-24.748715136222973,298.5219028182333,-0.00037459825630404946,0.04075320287210054,0.005517916573249897
outer,-24.735450669912,298.6058480946258,-0.0003928568853644888,0.04100390780367806,0.005228763267032262
outer,-24.72217607880971,298.6895681562812,-0.0004100230635979661,0.041255677427796955,0.004937576000809203
outer,-24.7088906172803,298.7730695018225,-0.0004261035462049881,0.04150852749314601,0.004644351156036785
outer,-24.456977088235444,298.5219028182333,-0.00044204559074431313,0.046354167520051934,0.005859179577149128
outer,-24.442975707129403,298.6058480946258,-0.00045967594087861427,0.04666097641849071,0.005552011737205036
outer,-24.428963638743575,298.6895681562812,-0.00047623144549734445,0.04696921896270842,0.00524268608048358
outer,-24.414940096018096,298.77306950182253,-0.0004917187713104464,0.047278911324642764,0.004931199283144443
outer,-24.16523904024781,298.5219028182333,-0.0005133985401600018,0.052284195531029067,0.00619561197557242
outer,-24.150500744346704,298.6058480946258,-0.0005304515963777505,0.05265075117566005,0.005870702542860998
outer,-24.135751198677436,298.6895681562812,-0.0005464471128524689,0.053019126803765755,0.005543509949835608
outer,-24.120989574755892,298.7730695018225,-0.0005613916256502864,0.053389339104139955,0.005214030989746618
outer,-23.873500992260176,298.5219028182333,-0.0005887738327875307,0.0585385344190634,0.006527778463468409
outer,-23.858025781564006,298.6058480946258,-0.0006053075935415209,0.05896849115957846,0.006185379276306004
outer,-23.8425387586113,298.68956815628115,-0.0006208010308069098,0.05940067413720812,0.005840568802854622
outer,-23.82703905349369,298.7730695018225,-0.0006352605335870343,0.05983510069350701,0.005493343774029116
outer,-23.581762944272544,298.52190281823334,-0.0006683126532342452,0.0651128159820439,0.006856202338614652
outer,-23.565550818781308,298.60584809462586,-0.0006843927806544324,0.06560986186120803,0.0064965449904542255
outer,-23.549326318545162,298.68956815628115,-0.0006994500187870976,0.0661095629418441,0.006134344306602405
outer,-23.533088532231485,298.7730695018225,-0.0007134906070427882,0.06661193740822206,0.005769596772874905
outer,-23.29002489628491,298.5219028182333,-0.0007521806733948727,0.07200301629116346,0.007181354943034825
outer,-23.27307585599871,298.6058480946258,-0.0007678813330284813,0.07257089317980925,0.0068046523677964856
outer,-23.256113878479027,298.68956815628115,-0.0007825771545557393,0.07314188000736259,0.006425269481740291
outer,-23.23913801096928,298.7730695018225,-0.0007962742357757076,0.07371599604977527,0.006043202340979964
outer,-22.99828684829738,298.5219028182333,-0.000840568048128678,0.07920540216865532,0.007503646420971875
outer,-22.98060089321601,298.6058480946258,-0.0008559729957024996,0.07984792418375039,0.007110095128597005
outer,-22.962901438412892,298.6895681562812,-0.0008703922542289723,0.08049403999940498,0.006713720747794073
outer,-22.945187489707077,298.7730695018225,-0.0008838318135962857,0.08114377028019074,0.006314518716107751
outer,-22.706548800309694,298.5219028182333,-0.00093368932232386,0.08671646580154843,0.007823417707937388
outer,-22.688125930433312,298.6058480946258,-0.0009488933121394871,0.0874375362823252,0.007413200607093811
outer,-22.669688998346803,298.6895681562812,-0.0009631324685036892,0.08816271717134425,0.007000011072835467
outer,-22.651236968444874,298.7730695018225,-0.0009764127322166062,0.08889203087289692,0.006583843727918277
outer,-22.41481075232211,298.52190281823334,-0.0010317836010670586,0.09453284839673957,0.008140933701393047
outer,-22.395650967650667,298.60584809462586,-0.0010468942714512743,0.09533647566560734,0.00771422347073256
outer,-22.376476558280668,298.6895681562812,-0.0010610634298995128,0.09614476661809239,0.007284384226517657
outer,-22.35728644718267,298.77306950182253,-0.0010742970541852935,0.09695774581060082,0.006851409572948705
outer,-22.12307270433448,298.5219028182333,-0.0011351152575831275,0.10265125384030699,0.008456377572002498
outer,-22.10317600486802,298.6058480946258,-0.0011502556418682593,0.10354156606960943,0.00801334055716043
outer,-22.083264118214583,298.6895681562812,-0.0011644812481476363,0.10443713618716527,0.00756701012775627
outer,-22.063335925920466,298.77306950182253,-0.001177798205590306,0.10533799138572625,0.007117378655882842
outer,-21.831334656346844,298.5219028182333,-0.0012439755352689867,0.11106835289745967,0.008769846128649228
outer,-21.81070104208532,298.60584809462586,-0.0012592874036361154,0.11204961243464878,0.008310646751424282
outer,-21.790051678148448,298.6895681562812,-0.0012737158184394116,0.11303676966182052,0.007847981214502756
outer,-21.769385404658262,298.7730695018225,-0.0012872672266777026,0.11402985495850552,0.00738184042665244
outer,-21.539596608359314,298.52190281823334,-0.001358685558923059,0.11978067789622866,0.009081345963262759
outer,-21.51822607930272,298.60584809462586,-0.0013743338409243425,0.12085729544501006,0.008606151638025642
outer,-21.49683923808231,298.6895681562812,-0.0013891360744501882,0.1219405012272742,0.008127309582329264
outer,-21.47543488339606,298.77306950182253,-0.0014030992489707864,0.12303032944562797,0.007644808986874214
outer,-21.24785856037168,298.52190281823334,-0.0014796014303986305,0.12878450712785477,0.009390789844165522
outer,-21.225751116520023,298.60584809462586,-0.0014957799851916531,0.1299610562705335,0.008899776418566728
outer,-21.20362679801612,298.68956815628127,-0.0015111578534032569,0.1311449406834231,0.008404924401401802
outer,-21.181484362133855,298.77306950182253,-0.0015257428530288178,0.1323361991418401,0.007906220980803718
outer,-20.956120512384047,298.52190281823334,-0.001607122245240504,0.1380757373802913,0.009697992463843313
outer,-20.933276153737324,298.6058480946258,-0.001624061312103478,0.139356969931979,0.00919135022343508
outer,-20.910414357949985,298.6895681562812,-0.001640255363426213,0.14064634780652222,0.00868066876869851
outer,-20.88753384087165,298.77306950182253,-0.0016557134227139433,0.14194391523102798,0.008165932956526734
outer,-20.664382464396414,298.5219028182334,-0.0017417020550888757,0.14764974126510905,0.010002664163711733
outer,-20.640801190954626,298.60584809462586,-0.0017596777385434983,0.1490406039468804,0.009480604458941604
outer,-20.6172019178839,298.6895681562812,-0.0017769773236568018,0.15044049252094122,0.00895429466030033
outer,-20.593583319609397,298.7730695018225,-0.0017936115273649161,0.1518494577141334,0.008423716906849232
outer,-20.37264441640878,298.52190281823334,-0.0018838671708048538,0.15750120403786566,0.010304400574124364
outer,-20.348326228171977,298.6058480946259,-0.0019032133048974484,0.15900685691101402,0.009767163173581832
outer,-20.32398947781776,298.6895681562812,-0.0019219691419089455,0.16052249550153808,0.009225454013200643
outer,-20.299632798347194,298.77306950182253,-0.0019401477162476893,0.1620481783006053,0.008679252054545075
outer,-20.080906368421196,298.52190281823334,-0.0020342403769395487,0.1676239318832023,0.010602665261728261
outer,-20.05585126538933,298.60584809462586,-0.002055363103516887,0.16924976878863063,0.010050526591018301
outer,-20.030777037751626,298.6895681562812,-0.0020760026777206994,0.17088664077389923,0.009493683144823711
outer,-20.00568227708504,298.7730695018225,-0.0020961752346140353,0.172534615643433,0.0089321101586474
outer,-19.789168320433564,298.52190281823334,-0.002193573861473036,0.17801061984327637,0.010896761378835218
outer,-19.76337630260663,298.60584809462586,-0.0022169691814972955,0.1797622907633367,0.010330043851402203
outer,-19.73756459768549,298.6895681562812,-0.002240015220084733,0.18152614783979484,0.009758376626934039
outer,-19.711731755822786,298.77306950182253,-0.0022627321734742106,0.18330227011798572,0.009181730558894846
outer,-19.497430272445982,298.5219028182334,-0.0023627930655475,0.18865256273265657,0.011185786919662787
outer,-19.470901339824035,298.60584809462586,-0.002389067466886982,0.1905359974701079,0.01060486965905847
outer,-19.444352157619353,298.6895681562812,-0.0024151595533227,0.19243288561705973,0.010018745401572202
outer,-19.417781234560582,298.77306950182253,-0.0024410947547313655,0.19434331985953235,0.009427379847984967
outer,-19.20569222445835,298.52190281823334,-0.0025430536569767404,0.19953928622515427,0.011468566530811568
outer,-19.178426377041337,298.60584809462586,-0.002572947695475121,0.2015607179467519,0.010873897895684763
outer,-19.151139717553217,298.6895681562812,-0.0026028668743574013,0.20359700361647753,0.010273752336326804
outer,-19.123830713298428,298.77306950182253,-0.002632843241596357,0.20564825257476105,0.009668089513279104
outer,-18.913954176470714,298.52190281823334,-0.002735814086509497,0.21065806746317348,0.011743550805921064
outer,-18.88595141425864,298.6058480946259,-0.002770228455632469,0.21282405345601493,0.011135663242711522
outer,-18.85792727748708,298.6895681562812,-0.0028049242509230743,0.21500644730871996,0.01052201641562854
outer,-18.829880192036224,298.77306950182253,-0.0028399417382962353,0.21720537879411753,0.00990256294583531
outer,-18.622216128483185,298.5219028182333,-0.0029429259442403863,0.22199330494371938,0.012008671677406199
outer,-18.59347645147599,298.60584809462586,-0.0029829490748925006,0.22431074024422049,0.011388199611494475
outer,-18.564714837421047,298.6895681562812,-0.0030235678369200936,0.2266463139733802,0.010761674565258575
outer,-18.53592967077402,298.77306950182253,-0.0030648325130489817,0.22900018104393238,0.01012904104993001
outer,-18.3304780804955,298.5219028182334,-0.003166743919969607,0.23352568573210433,0.012261139825188686
outer,-18.30100148869334,298.60584809462586,-0.00321367951294068,0.23600180299317816,0.011628841509408003
outer,-18.27150239735486,298.6895681562812,-0.003261592354496988,0.23849799235764496,0.010990187508088368
outer,-18.241979149511767,298.77306950182253,-0.003310544670333329,0.24101443971724168,0.010345113154339051
outer,-18.038740032507917,298.5219028182334,-0.0034102567751689503,0.24523108381144684,0.012497166996384229
outer,-18.008526525910643,298.6058480946259,-0.003465648884572535,0.24787342972233176,0.011853951504170221
outer,-17.97828995728872,298.6895681562812,-0.0035224765570137442,0.2505380137927675,0.011204073131193093
outer,-17.948028628249613,298.77306950182253,-0.0035808159369620784,0.2532250600313533,0.010547457085088363
outer,-17.747001984520285,298.5219028182334,-0.0036772393882547535,0.25707910682802637,0.012711592884630377
outer,-17.716051563127994,298.6058480946259,-0.0037428916720855174,0.25989548151870545,0.012058553779852009
outer,-17.685077517222634,298.6895681562812,-0.003810522775576322,0.26273652399354736,0.011398547757172757
outer,-17.65407810698736,298.7730695018226,-0.0038802246353531883,0.26560250498379817,0.010731489268296174
outer,-17.455263936532653,298.5219028182334,-0.003972424660698769,0.26903118886127836,0.01289739268726034
outer,-17.42357660034535,298.6058480946259,-0.004050409336201835,0.2720295297256851,0.012235850321833684
outer,-17.39186507715645,298.6895681562812,-0.004131007051294128,0.27505526303202416,0.01156705236069376
outer,-17.360127585725206,298.77306950182253,-0.004214327095677671,0.27810871642258506,0.010890902478534165
outer,-17.16352588854507,298.5219028182334,-0.004301692367311115,0.28103810423149495,0.013045037679725577
outer,-17.131101637562647,298.6058480946259,-0.004394343144416661,0.28422628948031575,0.01237659258678439
outer,-17.09865263709031,298.6895681562812,-0.004490334398513117,0.28744491594178373,0.01170063718911074
outer,-17.066177064462952,298.7730695018226,-0.004589793757323747,0.2906943799508336,0.01101706538447747
outer,-16.871787840557435,298.5219028182334,-0.004672269780493912,0.2930367514476623,0.013141677264405502
outer,-16.83862667477995,298.60584809462586,-0.004782151769647469,0.29642229116278596,0.01246827772881022
outer,-16.805440197024225,298.6895681562812,-0.004896191477011189,0.2998416676229698,0.01178717456829348
outer,-16.7722265432007,298.77306950182265,-0.005014534913242816,0.30329535912566513,0.01109825450358115
outer,-16.580049792569852,298.52190281823334,-0.00509293682892048,0.3049460266884789,0.013170106665391007
outer,-16.546151711997304,298.6058480946259,-0.00522278516200491,0.3085356000378862,0.012494134287039882
outer,-16.512227756958037,298.6895681562812,-0.005357686839553628,0.3121627628890778,0.011810365650456053
outer,-16.478276021938495,298.7730695018226,-0.005497804940297231,0.31582808992830347,0.011118685276255896
outer,-16.28831174458222,298.5219028182334,-0.005574226647377951,0.3166615722648566,0.013107479563256905
outer,-16.253676749214655,298.6058480946259,-0.005726844385822036,0.32046035864884226,0.012431857440117766
outer,-16.21901531689195,298.68956815628127,-0.005885467368208566,0.32430083478491095,0.011748502142557932
outer,-16.18432550067629,298.7730695018226,-0.006050272578890355,0.32818368670909354,0.011057304366462697
outer,-15.996573696594586,298.5219028182334,-0.006128611031229539,0.32804914601934865,0.01292371895597419
outer,-15.961201786431955,298.6058480946259,-0.00630671612069162,0.33205988473958914,0.012252047957703613
outer,-15.925802876825815,298.68956815628127,-0.006491798791437527,0.3361167202459441,0.01157293813088564
outer,-15.890374979414087,298.7730695018226,-0.0066840443455565,0.34022046444137855,0.010886299455352244
outer,-15.704835648607004,298.5219028182334,-0.006770660744751689,0.33893631060558704,0.012579570927545747
outer,-15.668726823649308,298.6058480946259,-0.006976671319950757,0.343158007732395,0.011916300316545905
outer,-15.63259043675968,298.6895681562812,-0.007190599371763598,0.34743042952577685,0.011246218427458612
outer,-15.596424458151883,298.7730695018226,-0.007412629869920813,0.3517545263564143,0.01056927408040896
outer,-15.413097600619421,298.5219028182334,-0.007517173462436598,0.34910208348643856,0.0120242326748677
outer,-15.37625186086666,298.6058480946259,-0.007752921033513709,0.3535282647430463,0.011374871844134868
outer,-15.339377996693543,298.68956815628127,-0.007997420101354409,0.35800986957914416,0.010719796016548988
outer,-15.30247393688968,298.77306950182253,-0.00825084290557792,0.36254799540754606,0.010059021033752363
outer,-15.12135955263179,298.5219028182334,-0.008387269012388093,0.358264112545909,0.011192464002672903
outer,-15.083776898084013,298.6058480946259,-0.008653630241402935,0.3628804953039454,0.01056384193024651
outer,-15.046165556627457,298.6895681562812,-0.00892937351520482,0.36755683354479535,0.009931247721889053
outer,-15.008523415627527,298.77306950182253,-0.00921464144332882,0.3722943733535812,0.009294803830781212
outer,-14.829621504644207,298.52190281823334,-0.009402465221293059,0.36606283701473896,0.010001053050164174
outer,-14.791301935301364,298.6058480946259,-0.009698905613526952,0.37084425929470466,0.009401630429576743
outer,-14.75295311656132,298.68956815628127,-0.010005029760483522,0.37568964357716556,0.008800855936929738
outer,-14.714572894365324,298.7730695018226,-0.010320928362400804,0.3806003753325824,0.008199013224514412
outer,-14.537883456656726,298.5219028182334,-0.010586770486147215,0.3720419396394075,0.008344439044047164
outer,-14.498826972518767,298.60584809462586,-0.010910798232736142,0.37694833264650296,0.00778467338893625
outer,-14.459740676495336,298.68956815628127,-0.011244326006951036,0.38192164673176787,0.007227350386012882
outer,-14.420622373103221,298.7730695018226,-0.011587363868710357,0.38696338106526645,0.006672989186826864
outer,-14.246145408669499,298.5219028182334,-0.011966865927085651,0.375624160087334,0.006089172920306224
outer,-14.206352009736527,298.6058480946259,-0.012313403372167277,0.38059527066689014,0.005581925952487965
outer,-14.166528236429606,298.6895681562812,-0.012668580886099574,0.3856344671306979,0.005082469425070957
outer,-14.126671851841476,298.7730695018226,-0.013032291258961236,0.39074331244545946,0.004591658424450154
outer,-13.954407360683494,298.5219028182334,-0.013572496795646843,0.37608116850432655,0.003066675403216035
outer,-13.913877046955458,298.6058480946259,-0.013933194070168978,0.3810296050137449,0.00262762768152848
outer,-13.873315796365098,298.68956815628127,-0.014300768781547717,0.38604443486452933,0.002203752533561351
outer,-13.83272133058085,298.77306950182265,-0.014674949775703564,0.39112719881177216,0.0017963767054554741
outer,-13.66266931270156,298.5219028182334,-0.015437256663808796,0.37249560406908583,-0.0009366626917072796
outer,-13.62140208417851,298.6058480946259,-0.015799808707538242,0.37729754603370574,-0.0012886796684103557
outer,-13.580103356304711,298.68956815628127,-0.016166314719596953,0.3821598035520317,-0.0016155005579400056
outer,-13.538770809324447,298.7730695018226,-0.016536279816482653,0.38708375286683055,-0.0019151421847233008
outer,-13.370931264733978,298.5219028182334,-0.017599812429484264,0.3637124978514576,-0.006193755679818835
outer,-13.328927121416013,298.6058480946259,-0.017947400262866325,0.3681949893665375,-0.0064367217180256175
outer,-13.286890916258828,298.68956815628127,-0.018294587261782652,0.3727250767176244,-0.006641068928358557
outer,-13.244820288082549,298.7730695018226,-0.01864057860098145,0.3773037334171619,-0.006803902193183373
outer,-13.07919321681479,298.5219028182334,-0.02010537802408087,0.34827602116742656,-0.013058766417369395
outer,-13.036452158702065,298.6058480946259,-0.020416536550329406,0.3521989698060764,-0.013168247785000364
outer,-12.99367847626185,298.6895681562812,-0.02072130503167831,0.3561466469779077,-0.013221373281975035
outer,-12.950869766889808,298.7730695018226,-0.02101849806721208,0.36011919961023425,-0.013213974494039507
outer,-12.787455169053663,298.52190281823334,-0.023001266213333614,0.3243477362547783,-0.02200229491565868
outer,-12.743977196147043,298.6058480946259,-0.023250295465766898,0.327377467887014,-0.021954231570717984
outer,-12.70046603642451,298.6895681562812,-0.023485415969788537,0.3303930289580541,-0.021826779268800584
outer,-12.656919245857623,298.77306950182253,-0.02370499804718762,0.3333928697991701,-0.02161397799176548
outer,-12.495717121795877,298.5219028182334,-0.02631391356533031,0.28960655225669957,-0.03367175143234299
outer,-12.45150223409801,298.60584809462586,-0.026472006518283412,0.2912765692183983,-0.03345051223418333
outer,-12.407253597095805,298.6895681562812,-0.02660837218009532,0.29286688759188567,-0.03312110375208282
outer,-12.362968725336666,298.77306950182253,-0.026721273409530413,0.2943721207293926,-0.032675120711868434
outer,-12.20397907608308,298.5219028182334,-0.0297395055741541,0.2412035335264646,-0.0489520023838623
outer,-12.159027273602002,298.60584809462586,-0.029740693165655314,0.24087047703903694,-0.04856430837240845
outer,-12.114041159328165,298.6895681562812,-0.02971062029518401,0.24034908160414256,-0.04803507287809686
outer,-12.069018206384765,298.77306950182253,-0.029648262211918075,0.23962545944000885,-0.047352976809119394
outer,-11.912241035005035,298.5219028182334,-0.04639650624005093,0.1728198629950852,-0.07184982677639845
outer,-11.86655231776487,298.6058480946259,-0.048052815290177214,0.1691843360696481,-0.07175725529593846
outer,-11.820828726243525,298.6895681562812,-0.04993394803830975,0.16512441713600892,-0.07154876666746657
outer,-11.775067692140036,298.77306950182265,-0.05207768712561229,0.16060141748298112,-0.07121905705387342
outer,-11.62050300733677,298.5219028182334,-0.11951948736538362,0.07708835113238327,-0.11078086270133966
outer,-11.574077375407136,298.6058480946259,-0.12893846660835562,0.06844716133124412,-0.11217539019859801
outer,-11.527616306708047,298.6895681562812,-0.13944114541614436,0.05903569361618921,-0.11359039150038545
outer,-11.481117191514288,298.7730695018226,-0.1511497299118997,0.048788808127724986,-0.11503566591416456
outer,-11.328765017380011,298.5219028182334,-0.27680855915081387,-0.03393881554854193,-0.16470820881873402
outer,-11.281602470957083,298.6058480946259,-0.29825470892895234,-0.04673265446496269,-0.16767423603289122
outer,-11.234403925276428,298.6895681562812,-0.3214068742186878,-0.06033134332903773,-0.17067089416085718
outer,-11.187166729188831,298.77306950182253,-0.3463543035306411,-0.07476756392522663,-0.1736937640603416
outer,-11.037027130480805,298.52190281823334,-0.484758940945458,-0.13106141350873587,-0.21604806809070304
outer,-10.98912767010029,298.6058480946259,-0.514439089496268,-0.14460644029611813,-0.2185482053726372
outer,-10.941191647974337,298.6895681562812,-0.5453858316894659,-0.15864823800998035,-0.22083653718921842
outer,-10.893216371529476,298.77306950182253,-0.5775482593758318,-0.17318010993278146,-0.22288186263263426
outer,-10.745289515347988,298.52190281823334,-0.6915464741800745,-0.20163512968656777,-0.24897212636839683
outer,-10.696653142422916,298.6058480946259,-0.7229941003378674,-0.2142835454197733,-0.24917733710237586
outer,-10.647979645265716,298.68956815628115,-0.7548995249959177,-0.22730653654428795,-0.24898576610148304
outer,-10.599266289878807,298.77306950182253,-0.7871619566545385,-0.2407190721838234,-0.24838384989243056
outer,-10.453552600771676,298.5219028182334,-0.8737286901886346,-0.25568543672353217,-0.26250664340294505
outer,-10.404179318944319,298.6058480946259,-0.9034609850104385,-0.26825423211055904,-0.260435915016819
outer,-10.354768350400937,298.6895681562812,-0.9331265805948912,-0.28128833927939145,-0.2580403880967984
outer,-10.305316919720054,298.7730695018225,-0.9626418912502279,-0.29480631145766956,-0.25534881773017415
outer,-10.16181742490502,298.5219028182334,-1.0299110449818145,-0.3048419957318064,-0.26430022637731376
outer,-10.111707243215122,298.60584809462586,-1.0567524449640213,-0.31803593542455877,-0.26105445805401895
outer,-10.061558812332228,298.6895681562812,-1.0831966919758924,-0.33164939200873056,-0.25770129806675923
outer,-10.011369315411416,298.77306950182253,-1.109161114399697,-0.34564660466193675,-0.25429254927316275
outer,-9.87008645028159,298.5219028182334,-1.1628546867981178,-0.35192648722803566,-0.2616265756004407
outer,-9.819239390571981,298.6058480946259,-1.1862396980648224,-0.3652809814156708,-0.25826733878869923
outer,-9.768353519209043,298.68956815628115,-1.2089727961091754,-0.3787942448844157,-0.25500132459858393
outer,-9.717425977925684,298.77306950182253,-1.2309783891240311,-0.3923795367503344,-0.25187369206434684
outer,-9.578365316728325,298.5219028182333,-1.275074460829763,-0.3947738027623926,-0.25854387929060074
outer,-9.526781430164002,298.6058480946258,-1.2948607108699635,-0.40736757342954755,-0.2556599467690755
outer,-9.47515816952505,298.6895681562812,-1.3138843708423786,-0.4198263596547665,-0.2529729643478141
outer,-9.423492635125209,298.7730695018225,-1.332111655591479,-0.43206625399018417,-0.25050326245946314
outer,-9.286666452787612,298.52190281823334,-1.369964357435522,-0.43129836890357814,-0.25644654716440307
outer,-9.2343458551513,298.60584809462586,-1.38659119961479,-0.4425381428368625,-0.25416959862186284
outer,-9.181985321107401,298.6895681562812,-1.4025304336541704,-0.4534809860739776,-0.2520941526977539
outer,-9.129581909557002,298.77306950182253,-1.4178018787590434,-0.4640871141510747,-0.25021604525816815
outer,-8.995016793676417,298.52190281823334,-1.4517778738579907,-0.4611936671049252,-0.2552260426468359
outer,-8.941959740790562,298.60584809462586,-1.466072595241523,-0.4710181824061138,-0.2534193611255698
outer,-8.888862189359372,298.6895681562812,-1.4798685856401261,-0.48053697989852834,-0.25176427520228095
outer,-8.83572115688563,298.77306950182253,-1.4932147602612986,-0.4897524077550184,-0.2502452149380697
outer,-8.703471654388773,298.5219028182333,-1.5245661960928125,-0.4854540069147704,-0.2542606692336942
outer,-8.649678689665544,298.6058480946258,-1.5373719765835048,-0.49412143878564213,-0.2527210511389798
outer,-8.59584466467428,298.6895681562812,-1.549869842216025,-0.5025502739491332,-0.2512772979468736
outer,-8.541966555549742,298.77306950182253,-1.562105290582046,-0.5107588713302319,-0.24991490936498584
outer,-8.412142551064132,298.5219028182333,-1.5913384717838033,-0.5053827934579322,-0.25299983468339043
outer,-8.357614797703032,298.6058480946258,-1.603265931150399,-0.5131947990237746,-0.2515731418556178
outer,-8.303045423208369,298.68956815628115,-1.6150140624454135,-0.5208357074514928,-0.250204492619006
outer,-8.248431362410289,298.77306950182253,-1.6266103583914289,-0.5283204773414777,-0.24888500604443198
outer,-8.121244673699838,298.5219028182333,-1.6539117799257543,-0.5219946163391754,-0.25114338880281184
outer,-8.065984373701491,298.60584809462574,-1.665306105186479,-0.5291633089229557,-0.2497462024738973
outer,-8.010681893415398,298.6895681562812,-1.6765864168412101,-0.5362019172949278,-0.24838744452690104
outer,-7.955334126493089,298.7730695018225,-1.6877651178677964,-0.5431179788817342,-0.2470626278798477
outer,-7.831175361525723,298.52190281823334,-1.7132150973460352,-0.535922379089132,-0.2485960943885403
outer,-7.775186822709828,298.60584809462586,-1.7242419579255244,-0.5425700030039199,-0.24719251260515335
outer,-7.719155547740136,298.6895681562812,-1.7351823649197768,-0.5491080423853697,-0.2458179692643299
outer,-7.663078389331688,298.7730695018225,-1.746041143642361,-0.5555397063505966,-0.24447001555837805
outer,-7.542644151342762,298.52190281823334,-1.7696448113117687,-0.5475516142133162,-0.2453738469285154
outer,-7.485935370504316,298.60584809462586,-1.7803789605226603,-0.5537520419118566,-0.24394956066734794
outer,-7.429183303749941,298.6895681562812,-1.7910374866163108,-0.5598542651950467,-0.24254883820569173
outer,-7.372384763307843,298.7730695018225,-1.8016223700279215,-0.5658599971192313,-0.24116987724522793
outer,-7.2568315105459655,298.5219028182333,-1.823275435830204,-0.5571511133790008,-0.24153891801780641
outer,-7.199416621885451,298.6058480946258,-1.8337497583816944,-0.5629596412283853,-0.2400862687197639
outer,-7.141957908335773,298.68956815628115,-1.8441525033741106,-0.5686784235445184,-0.2386526845815436
outer,-7.084452142432427,298.7730695018225,-1.854484636562339,-0.5743088266705563,-0.23723649005427005
outer,-6.975574597055891,298.5219028182333,-1.8739464299448436,-0.5649394653196135,-0.23717143967463375
outer,-6.917477286400197,298.6058480946258,-1.8841717182725595,-0.570404738655014,-0.2356832546838955
outer,-6.859335629961344,298.68956815628115,-1.8943263584558505,-0.5757879116793354,-0.23420963425374433
outer,-6.801146361913828,298.7730695018225,-1.9044109173993327,-0.5810903564967447,-0.2327488848607176
outer,-6.701466758061531,298.52190281823334,-1.9213199465267057,-0.5711132830544376,-0.23236367692638898
outer,-6.642724194391306,298.6058480946258,-1.9312936150479676,-0.5762803103868973,-0.2308317457183479
outer,-6.5839367924151375,298.6895681562811,-1.941196017493921,-0.5813726790183755,-0.2293097429437223
outer,-6.525101250035966,298.7730695018224,-1.9510275869214604,-0.5863919194190873,-0.22779594943061326
outer,-6.437756763301255,298.5219028182333,-1.9649843693641884,-0.5758702003667465,-0.2272269371044296
outer,-6.378423006379235,298.6058480946258,-1.9746971799803694,-0.5807807680072845,-0.22564294127869575
outer,-6.319043959892442,298.6895681562812,-1.9843374660948463,-0.5856240788532164,-0.2240643469889803
outer,-6.25961628851094,298.7730695018225,-1.99390564228974,-0.5904019016292102,-0.22248946601338887
outer,-6.187822331310555,298.5219028182333,-2.004601036849891,-0.5794270765373079,-0.22189428285747353
outer,-6.127969002103553,298.60584809462586,-2.0140434228687614,-0.5841197076086352,-0.22025178039513554
outer,-6.06806998674124,298.6895681562812,-2.0234118737238416,-0.5887523680522347,-0.21861063732743544
outer,-6.008121920687029,298.7730695018225,-2.0327067906472593,-0.5933270687973828,-0.2169692808960455
outer,-5.954508337268054,298.52190281823334,-2.0400349631246013,-0.5820238279874457,-0.21651282000233155
outer,-5.894221847623791,298.6058480946258,-2.0492017340530744,-0.5865336187111624,-0.21480897550210015
outer,-5.833889341192072,298.6895681562812,-2.0582931526554527,-0.5909903552108935,-0.21310325136611022
outer,-5.773507429087,298.7730695018225,-2.067309537259688,-0.5953962148982125,-0.21139427507375438
outer,-5.739450050080925,298.52190281823334,-2.071403907833605,-0.5839024108969971,-0.2112198779773393
outer,-5.678825313825751,298.6058480946258,-2.080296026311653,-0.5882605338228317,-0.20945597626653098
outer,-5.618154302598822,298.6895681562812,-2.0891113003472057,-0.5925718075236678,-0.2076879128914334
outer,-5.557433608500477,298.77306950182253,-2.097849860811668,-0.5968384339512062,-0.20591458169646173
outer,-5.542918492991113,298.5219028182333,-2.0990251191469014,-0.5852728776613408,-0.20612053723579993
outer,-5.482051833036947,298.60584809462586,-2.107648767272878,-0.5895058463326265,-0.20430126165628804
outer,-5.421138713450261,298.6895681562812,-2.116193898206737,-0.5936971555167787,-0.20247648505399451
outer,-5.364099635296533,298.52190281823334,-2.1233323665961747,-0.586298301142988,-0.20128046349679465
outer,-5.360175712732053,298.7730695018225,-2.124660361873697,-0.5978488587390055,-0.20064540669678943
outer,-5.303083142302371,298.6058480946258,-2.131696923985949,-0.5904275763026873,-0.19941259272464992
outer,-5.242020075307828,298.6895681562812,-2.1399810813054807,-0.5945191885556831,-0.19753869359297782
outer,-5.201325867208467,298.52190281823334,-2.144788528424736,-0.5870879708866177,-0.19672275343432183
outer,-5.180907004391437,298.7730695018225,-2.1481843557868494,-0.598574876693099,-0.19565827938105904
outer,-5.140242961710249,298.6058480946258,-2.1529045240728353,-0.5911300236356526,-0.1948138199119594
outer,-5.0791134315188495,298.6895681562812,-2.160938073743102,-0.5951371808680648,-0.1928989508831926
outer,-5.052771724748447,298.52190281823334,-2.163818246194188,-0.5877078325147542,-0.1924458659360419
outer,-5.017933842979493,298.7730695018225,-2.1688883571377926,-0.5991107348886826,-0.1909779508011742
outer,-4.991696336454172,298.6058480946258,-2.171696059509961,-0.5916747470516057,-0.19050325055716655
outer,-4.930574329204588,298.68956815628115,-2.179489330021194,-0.5956084012770504,-0.18855521084936908
outer,-4.916649641583125,298.5219028182333,-2.1807988546421355,-0.5882016992416514,-0.1884354651722207
outer,-4.869402269767553,298.77306950182253,-2.1871969451190876,-0.5995095670531213,-0.1866017945253199
outer,-4.855646406407804,298.6058480946258,-2.1884483204559277,-0.5921022114811073,-0.18646592077874205
outer,-4.794596607351814,298.68956815628115,-2.1960112559967513,-0.5959701625318524,-0.18449170378964339
outer,-4.791175701691986,298.52190281823334,-2.1960519980909825,-0.5885954601276179,-0.18466569773742814
outer,-4.733496815238904,298.7730695018226,-2.2034863491859435,-0.5998057955181663,-0.18251304227191706
outer,-4.730299980736095,298.6058480946258,-2.2034822922312087,-0.5924358887656639,-0.1826751072630222
outer,-4.674930811677063,298.52190281823334,-2.2098427842124853,-0.5889066386278514,-0.18111305751902734
outer,-4.669377793231426,298.6895681562812,-2.2108243451727034,-0.5962437588485067,-0.18068069278676913
outer,-4.614230587987568,298.60584809462586,-2.217062509134293,-0.5926916619641482,-0.17910643123434217
outer,-4.608405717169633,298.77306950182253,-2.218076764793908,-0.6000188301904227,-0.1786827919797052
outer,-4.566577497167207,298.52190281823334,-2.222387232569141,-0.5891465127916453,-0.17775115123442614
outer,-4.553484031706575,298.6895681562812,-2.2241926867009942,-0.5964436662244518,-0.17709681353978124
outer,-4.506093800085294,298.6058480946258,-2.229404561292357,-0.5928797907682536,-0.17573265536507005
outer,-4.492687730691106,298.7730695018225,-2.231231963709901,-0.6001620094275479,-0.17508457862399446
outer,-4.465199910010433,298.5219028182333,-2.2338623924877012,-0.5893261151166082,-0.17456242917470455
outer,-4.445563935687143,298.68956815628115,-2.236331519658883,-0.5965793362577655,-0.17371190198233302
outer,-4.404969007262209,298.6058480946258,-2.2406851669903496,-0.5930107073298815,-0.17253552369657013
outer,-4.384984504001223,298.7730695018225,-2.243166896517426,-0.6002442100812647,-0.1716892335760843
outer,-4.3697658762583815,298.52190281823334,-2.2444213493347593,-0.5894540119679115,-0.17152368823480113
outer,-4.344692130156046,298.6895681562812,-2.2474172675880126,-0.5966607800604011,-0.17050694380149523
outer,-4.309818669161408,298.60584809462586,-2.2510570949214297,-0.5930926598677124,-0.16949117305903377
outer,-4.284365892930876,298.77306950182253,-2.2540577086665063,-0.600275213796816,-0.16847694412583858
outer,-4.279557859466068,298.52190281823334,-2.2541874499191543,-0.58953647056752,-0.16861827004768593
outer,-4.249825704251939,298.6895681562812,-2.257602385660414,-0.5966960697984005,-0.16745739150369102
outer,-4.21992151877143,298.60584809462586,-2.260643398351427,-0.5931317490931207,-0.16658242643959945
outer,-4.193910800182199,298.52190281823334,-2.2632591205723176,-0.5895785366735307,-0.16583013379820896
outer,-4.189783611716261,298.77306950182253,-2.2640565219313027,-0.6002630574955771,-0.16542246978139982
outer,-4.160239657549197,298.6895681562812,-2.2670096098800383,-0.5966912414247234,-0.16454554579296354
outer,-4.134609038909205,298.60584809462586,-2.2695422713950806,-0.5931329807477363,-0.16379281611750868
outer,-4.112427705395073,298.52190281823334,-2.2717210087705313,-0.5895872639520624,-0.16315064213120606
outer,-4.100508923460386,298.7730695018225,-2.2732857023231086,-0.6002137996456822,-0.16250760045784063
outer,-4.075262012493721,298.6895681562812,-2.275736844952802,-0.5966513182692723,-0.16175452038746518
outer,-4.053482172544002,298.60584809462586,-2.2778380806519976,-0.5931033823647821,-0.16111338817580048
outer,-4.034463904566919,298.5219028182334,-2.2796467315100704,-0.5895661022197766,-0.16056280375005205
outer,-4.015866387404378,298.7730695018225,-2.281842774655237,-0.6001325158931241,-0.15971505273197253
outer,-3.9944916464602356,298.6895681562812,-2.2838680948993395,-0.5965833242547905,-0.15907506111573086
outer,-3.9758928974109558,298.60584809462586,-2.2856040901720442,-0.5930463830324824,-0.15852683808473314
outer,-3.959831030791155,298.5219028182334,-2.287093754324638,-0.5895198685368275,-0.15806257888965236
outer,-3.9354528136371227,298.77306950182253,-2.2898112704219327,-0.6000262259862768,-0.15703530014730271
outer,-3.91727718289844,298.6895681562812,-2.291476179806441,-0.596490667569882,-0.15648957305357822
outer,-3.901651867259199,298.60584809462586,-2.2928974262328476,-0.5929667684007547,-0.15602895369964684
outer,-3.888051992648944,298.52190281823334,-2.294117098171531,-0.589452467032544,-0.1556373768999524
outer,-3.858613468576008,298.77306950182253,-2.2972634574763218,-0.5998982972916159,-0.15445049088817103
outer,-3.8434282954656247,298.6895681562812,-2.298617804452934,-0.5963780902859563,-0.1539936999075408
outer,-3.830279510208577,298.60584809462586,-2.2997727120063436,-0.5928683990253333,-0.15360695253759848
outer,-3.818877915085559,298.52190281823334,-2.3007604787998557,-0.5893665140880789,-0.15328051825691158
outer,-3.785157044983708,298.77306950182253,-2.304255531092135,-0.5997533997749311,-0.15195616178745097
outer,-3.7724629299269994,298.6895681562812,-2.305347124319733,-0.5962493875486017,-0.15157449755709487
outer,-3.7615256572701945,298.60584809462586,-2.306273284048042,-0.5927538254979992,-0.15125404664392808
outer,-3.7520775458560713,298.5219028182334,-2.3070601991906265,-0.589265070992171,-0.15098611927312994
outer,-3.7145990042383463,298.77306950182253,-2.310841109870769,-0.5995952267430346,-0.14953924305660582
outer,-3.7041296223718456,298.6895681562812,-2.311707036865125,-0.5961070130121845,-0.14922509790815391
outer,-3.6951578538882828,298.6058480946259,-2.312435094856472,-0.5926260378746039,-0.1489642752768762
outer,-3.687436858340733,298.52190281823334,-2.3130487621556632,-0.5891507595879022,-0.14874857823861407
outer,-3.6466865864467555,298.77306950182253,-2.3170625931087763,-0.5994260895209171,-0.14719281653980834
outer,-3.6381947150157767,298.6895681562812,-2.3177330926602595,-0.5959538489168147,-0.14693948756981268
outer,-3.630960960690417,298.60584809462586,-2.3182902894570505,-0.5924875604084134,-0.14673197961315787
outer,-3.6247585155261985,298.5219028182334,-2.318755205139242,-0.5890258107037568,-0.1465626078585337
outer,-3.581184929610671,298.7730695018226,-2.3229550802697756,-0.5992487152611404,-0.14491083976410182
outer,-3.5744419548844055,298.6895681562812,-2.323457036033563,-0.5957922843716172,-0.14471197025565047
outer,-3.56873661468206,298.60584809462586,-2.3238675506844295,-0.5923405077582048,-0.14455182988090626
outer,-3.5638612282617506,298.5219028182333,-2.324205233612315,-0.5888920807076006,-0.14442325797073144
outer,-3.517876666241815,298.77306950182253,-2.328549877255844,-0.5990653145251922,-0.1426875965440455
outer,-3.512671952218925,298.6895681562812,-2.3289071629967966,-0.5956242836871177,-0.1425371892954931
outer,-3.508302584166462,298.6058480946259,-2.329192244696797,-0.5921866105954351,-0.14241884502579477
outer,-3.504586086593428,298.5219028182334,-2.329417603331811,-0.5887505013158613,-0.14232623082946286
outer,-3.4565613789762737,298.77306950182253,-2.333874869332939,-0.5988776654229797,-0.14051771641948402
outer,-3.452701532056782,298.68956815628115,-2.334108479721327,-0.5954514228771735,-0.1404101450009342
outer,-3.449499132995701,298.60584809462586,-2.3342828429768354,-0.592026681378689,-0.1403287149585639
outer,-3.4469368893925365,298.52190281823334,-2.334409454437527,-0.5886036882127146,-0.14027237832216177
outer,-3.3970549488134516,298.7730695018226,-2.3389546919037825,-0.5986871611551238,-0.13839619064005243
outer,-3.394370131425883,298.6895681562812,-2.339079162512396,-0.5952743701280393,-0.13832652460477046
outer,-3.392330079792071,298.60584809462586,-2.339156238494895,-0.5918632179661957,-0.1382823105496092
outer,-3.390633348393,298.52190281823334,-2.3392016310013988,-0.5884524759536165,-0.13825350888352872
outer,-3.3391959852797544,298.7730695018226,-2.3438072250856257,-0.5984943024883096,-0.13631871052765113
outer,-3.3376815887142204,298.6895681562812,-2.3438358568656623,-0.5950954862529695,-0.13628722495636333
outer,-3.336513679033742,298.6058480946259,-2.3438329947545053,-0.5916969291669067,-0.13627139984935557
outer,-3.3356228087996236,298.52190281823334,-2.3438075962387828,-0.5882973540375716,-0.13626824244139452
outer,-3.2829883465452054,298.7730695018226,-2.348448874861782,-0.5983012960911095,-0.13428620271828268
outer,-3.2823527000321335,298.6895681562812,-2.3483988496721993,-0.5949153390989289,-0.1342839772334356
outer,-3.2819970021662708,298.60584809462586,-2.348326357615485,-0.5915281757296594,-0.13429461395754166
outer,-3.28186863323791,298.5219028182334,-2.3482395530441678,-0.5881400035466633,-0.1343160385321816
outer,-3.2291888059837492,298.52190281823334,-2.3525101714789467,-0.5879806128230082,-0.13239160505820272
outer,-3.228743221332708,298.6058480946259,-2.3526483582476194,-0.5913585325425754,-0.13235142352168922
outer,-3.228330262856931,298.6895681562812,-2.3527811742841602,-0.5947341460886795,-0.13231542474604918
outer,-3.228147369158004,298.7730695018226,-2.352899661214571,-0.5981085557982032,-0.1322903617056137
outer,-3.1776109020658354,298.52190281823334,-2.356628584265072,-0.5878202180789955,-0.13049616616057652
outer,-3.176569374485176,298.6058480946259,-2.3568114861312304,-0.5911880773981731,-0.13043651713545673
outer,-3.17557725870372,298.6895681562812,-2.3569946986407553,-0.5945533657536375,-0.13038104871052758
outer,-3.174619576402893,298.77306950182253,-2.3571724136921173,-0.5979161434603427,-0.1303298409477917
outer,-3.1269949867628974,298.5219028182334,-2.3606058608650575,-0.5876594572184023,-0.12862572286233254
outer,-3.1255031800185433,298.60584809462586,-2.360824739649251,-0.5910177404410777,-0.12855113797554885
outer,-3.123909778478539,298.68956815628127,-2.3610517403213023,-0.5943729580403652,-0.12847551632293813
outer,-3.1223677590109076,298.7730695018225,-2.3612788484393747,-0.5977253939170936,-0.12840412911318433
outer,-3.077271331150534,298.5219028182334,-2.3644495396251326,-0.5874982278093089,-0.12677836651967364
outer,-3.0754039756724785,298.6058480946259,-2.3646990518831963,-0.5908480681016126,-0.12669126786435075
outer,-3.073355684051993,298.6895681562812,-2.364961173404094,-0.5941937420052893,-0.1266000870257005
outer,-3.071207060066609,298.77306950182253,-2.36523112254837,-0.5975361451750328,-0.12650786804898978
outer,-3.0284836754787188,298.5219028182334,-2.3681659628155844,-0.5873377295314905,-0.12495590288086424
outer,-3.026201669992832,298.6058480946259,-2.3684418492309836,-0.5906788612674424,-0.12485499565999933
outer,-3.023773585069291,298.68956815628127,-2.368733804581257,-0.5940161702823467,-0.12475071996264014
outer,-3.021165485033588,298.7730695018226,-2.3690379977462057,-0.597349102937222,-0.12464232921949445
outer,-2.9804592961814715,298.52190281823334,-2.3717650735636835,-0.5871780715455157,-0.12315308267809605
outer,-2.9779402306407112,298.60584809462586,-2.372059399088518,-0.5905112418129174,-0.1230441402856994
outer,-2.975093027269597,298.6895681562812,-2.3723769561964705,-0.593839944777331,-0.12292549761068086
outer,-2.9721009148664805,298.77306950182253,-2.372710164548049,-0.5971646256682259,-0.12280344429577088
outer,-2.933171513239407,298.5219028182334,-2.375251662570582,-0.5870189252655417,-0.12136929939613905
outer,-2.9304460360376727,298.6058480946259,-2.375561533212289,-0.5903452442862869,-0.12125341687699598
outer,-2.927358205899092,298.6895681562812,-2.375896828462532,-0.5936661090104615,-0.12112624803499289
outer,-2.923942532200827,298.7730695018226,-2.376254848360648,-0.5969823156070917,-0.12098928446512631
outer,-2.88668801679817,298.52190281823334,-2.3786292219516865,-0.5868613843190564,-0.11960716830755623
outer,-2.883692267451385,298.6058480946259,-2.378952969586389,-0.5901804594778765,-0.11948221920527355
outer,-2.880394600681241,298.6895681562812,-2.3793031480855316,-0.5934946245055029,-0.11934764674731807
outer,-2.8767347600540334,298.77306950182253,-2.379678189319788,-0.5968031392077258,-0.11920168230407382
outer,-2.84085796199574,298.52190281823334,-2.381905639698535,-0.5867055261634047,-0.1178620695755723
outer,-2.837746966957445,298.6058480946259,-2.382237170433948,-0.5900179267242943,-0.1177331761550387
outer,-2.8341752540648164,298.68956815628127,-2.3826005664661225,-0.5933250027245435,-0.11758908447301072
outer,-2.8303021787155713,298.77306950182253,-2.3829898154179716,-0.5966269884891096,-0.11743526955029078
outer,-2.7956527593600127,298.52190281823334,-2.3850867541394725,-0.5865512331899164,-0.11613313650126578
outer,-2.7924585054315405,298.60584809462586,-2.3854219470144744,-0.5898576708439512,-0.11600163217907193
outer,-2.7887685603241126,298.68956815628127,-2.385792522895759,-0.5931582310199446,-0.11585320059644508
outer,-2.7846176917017313,298.77306950182253,-2.3861943176945135,-0.596453298336594,-0.11568943058342529
outer,-2.7510450314508175,298.5219028182334,-2.388176125063414,-0.5863986320162877,-0.11441978526793832
outer,-2.7477981447610658,298.6058480946259,-2.388513070393807,-0.5896995112911786,-0.11428670921679841
outer,-2.7440221054738676,298.68956815628127,-2.3888867566408925,-0.5929942846065203,-0.11413530067232437
outer,-2.739750045773842,298.77306950182265,-2.3892951188830724,-0.5962830072022888,-0.113966812108584
outer,-2.707028109184003,298.52190281823334,-2.3911764390140484,-0.5862478974008404,-0.11272213636548299
outer,-2.7037383651670215,298.6058480946259,-2.3915140665384986,-0.5895435282003811,-0.1125878157281631
outer,-2.699907002647543,298.68956815628127,-2.391888974571131,-0.59283292216846,-0.11243449233375116
outer,-2.695546041442965,298.77306950182253,-2.392299889766561,-0.5961160440779888,-0.1122626775529953
outer,-2.6635951309549664,298.5219028182334,-2.3940912394634717,-0.5860994076528661,-0.11104021425130019
outer,-2.6602724628918155,298.6058480946259,-2.3944275990669,-0.589389854173369,-0.11090506837899819
outer,-2.656395589618613,298.6895681562812,-2.3948026715558393,-0.5926741794410636,-0.11075017370386328
outer,-2.651976642966904,298.7730695018226,-2.3952142748273606,-0.595952109352038,-0.11057611734725808
outer,-2.6206748909825315,298.5219028182334,-2.396925280045345,-0.5859531345312338,-0.10937183457414251
outer,-2.61739354065637,298.6058480946259,-2.3972571840635375,-0.5892388314887735,-0.10923848272693332
outer,-2.6134811279295316,298.6895681562812,-2.397630490466458,-0.5925181490094755,-0.10908245530562591
outer,-2.609014045554866,298.7730695018226,-2.3980417395652442,-0.5957911968319247,-0.10890651679932897
outer,-2.5782450917353894,298.5219028182334,-2.399682216486537,-0.5858090363610345,-0.10771637960908656
outer,-2.5750300224712896,298.6058480946259,-2.4000075308588293,-0.5890903961649021,-0.10758585142472545
outer,-2.571156684599672,298.6895681562812,-2.400375921796073,-0.592365139736945,-0.10743134168607317
outer,-2.5666514760209553,298.7730695018226,-2.4007849075441423,-0.5956333615757331,-0.10725397819941708
outer,-2.5362844117557373,298.5219028182334,-2.402364912228305,-0.5856671796941489,-0.10607333861061705
outer,-2.533159494877508,298.6058480946259,-2.402682259274408,-0.5889444697367788,-0.10594654417206689
outer,-2.5293503131486816,298.68956815628127,-2.4030436315235226,-0.5922150545752005,-0.10579460066211313
outer,-2.5248819656537367,298.77306950182253,-2.4034472449458497,-0.595478881917177,-0.10561849324000744
outer,-2.4947724683461288,298.5219028182334,-2.4049760690683644,-0.5855276160992249,-0.10444221691313346
outer,-2.491760525564102,298.6058480946259,-2.4052842081863015,-0.5888010893047623,-0.10432003856030862
outer,-2.4880394841013933,298.68956815628127,-2.40563720389082,-0.5920677804035346,-0.10417158776046559
outer,-2.483633197178704,298.7730695018226,-2.406033374750979,-0.5953276304686387,-0.10399780329486481
outer,-2.4536897813612777,298.52190281823334,-2.4075182364330394,-0.5853903844474554,-0.1028225358887284
outer,-2.450812625861362,298.6058480946259,-2.4078160558775266,-0.5886602794882081,-0.102705828121136
outer,-2.4472026542089846,298.6895681562812,-2.4081594531827504,-0.5919233268432477,-0.10256176748520976
outer,-2.4428825250092223,298.7730695018226,-2.4085468451477414,-0.5951794614920408,-0.10239124828396991
outer,-2.4130177381035374,298.5219028182334,-2.4099938206353255,-0.5852555130660431,-0.10121383300641305
outer,-2.4102962143440965,298.6058480946259,-2.410280329553907,-0.5885220547166804,-0.1011034225082808
outer,-2.406819228748668,298.6895681562812,-2.410613033956045,-0.5917816935708953,-0.10096462038397144
outer,-2.402608294868141,298.7730695018226,-2.4109904451068074,-0.5950343590919351,-0.10079827837488084
outer,-2.3727385593175807,298.52190281823334,-2.4124050937600776,-0.5851230214782179,-0.09961566182532447
outer,-2.3701925815448326,298.6058480946259,-2.4126794150152127,-0.5883864212864681,-0.0995123477158134
outer,-2.366869524938099,298.68956815628127,-2.4130004513259222,-0.591642872707967,-0.09937964350185943
outer,-2.362789805892422,298.77306950182253,-2.413366805076284,-0.5948923001797785,-0.09921836022352873
outer,-2.3328352662762377,298.5219028182334,-2.41475420150147,-0.5849929215702961,-0.09802759176877202
outer,-2.3304838557715017,298.6058480946259,-2.4150155653978693,-0.5882533786725751,-0.09793214604262669
outer,-2.327334736466037,298.68956815628127,-2.415324070996211,-0.5915068505494332,-0.09780635065253712
outer,-2.3234072738596705,298.7730695018226,-2.4156784085115377,-0.5947532568989675,-0.0976509776712367
outer,-2.293291648946556,298.5219028182334,-2.4170431697833554,-0.5848652183861792,-0.09644920773528808
outer,-2.2911529700222943,298.6058480946259,-2.4172909082571676,-0.5881229201548303,-0.09636237572890494
outer,-2.2881968991331414,298.6895681562813,-2.417586127248573,-0.591373608138826,-0.09624427217236371
outer,-2.2844417955355922,298.77306950182265,-2.417927601527153,-0.5946171974853206,-0.09609563180246142
outer,-2.2540922352220787,298.5219028182334,-2.419273910794649,-0.5847399110019199,-0.09488010975155795
outer,-2.2521836299862246,298.6058480946259,-2.4195074515504063,-0.5879950334034448,-0.09480261052081423
outer,-2.249438857595634,298.6895681562812,-2.4197887288717523,-0.5912431213759934,-0.09469295436056979
outer,-2.245875314137851,298.7730695018226,-2.42011659910606,-0.5944840858066466,-0.09455184028450535
outer,-2.2152222612054215,298.52190281823334,-2.4214482291626296,-0.5846169936677844,-0.09331991280763001
outer,-2.213560283115264,298.6058480946259,-2.4216670896487966,-0.5878697014806851,-0.09325243945382261
outer,-2.2110442332000715,298.6895681562812,-2.4219338647552764,-0.591115361697612,-0.09315195911418463
outer,-2.207690585908339,298.7730695018226,-2.4222474898620754,-0.5943538813289131,-0.09301913670550074
outer,-2.1766676425230296,298.5219028182334,-2.423567828336611,-0.5844964569487509,-0.09176824681810625
outer,-2.1752680887525724,298.60584809462597,-2.423771609972758,-0.5877469041510118,-0.09171146688480859
outer,-2.1729973928954824,298.68956815628127,-2.424023410487986,-0.5909902974683361,-0.09162086398381813
outer,-2.169871147782047,298.7730695018226,-2.4243222421340143,-0.5942265404290176,-0.0914970705359239
outer,-2.1384149466523645,298.5219028182334,-2.425634316868904,-0.5843782886253281,-0.09022475654663954
outer,-2.1372928892981,298.6058480946259,-2.4258226998026067,-0.5876266189699155,-0.09017931255759272
outer,-2.13528341920705,298.68956815628127,-2.4260591357740133,-0.5908678954109832,-0.09009926241733784
outer,-2.1324012861392103,298.7730695018226,-2.426342711916566,-0.5941020182862401,-0.08998520757415149
outer,-2.1004513662404634,298.5219028182334,-2.4276492141461548,-0.5842624742263229,-0.08868910138672283
outer,-2.099621182391859,298.6058480946259,-2.4278219526114735,-0.5875088219118301,-0.08865561149399134
outer,-2.097888081252248,298.6895681562813,-2.428042711557013,-0.5907481214427382,-0.08858676382514041
outer,-2.095266006624032,298.7730695018226,-2.4283106510674086,-0.593980270154178,-0.08848313028810366
outer,-2.0627646933914154,298.5219028182334,-2.4296139554778766,-0.5841489973263951,-0.08716095501645833
outer,-2.06224009409376,298.60584809462597,-2.429770873540114,-0.587393487591383,-0.08714001367514951
outer,-2.0607978067803607,298.68956815628127,-2.429975716055905,-0.5906309408504209,-0.08708299332611874
outer,-2.0584510050115683,298.7730695018226,-2.430227714200885,-0.5938612515865971,-0.08699043769409966
outer,-2.025343294899258,298.5219028182334,-2.4315298966770396,-0.5840378397817005,-0.08564000500272133
outer,-2.025137353037456,298.6058480946259,-2.431670884189705,-0.5872805893713895,-0.0856321836197127
outer,-2.0239996552133857,298.6895681562812,-2.4318596397871453,-0.5905163182070181,-0.08558759129103286
outer,-2.0219426391031217,298.7730695018226,-2.43209546401492,-0.5937449180882406,-0.08550674486512837
outer,-1.9883012655343864,298.60584809462597,-2.4335233270691297,-0.5871700995727982,-0.08413179997109851
outer,-1.988176088402568,298.5219028182334,-2.433398318374678,-0.5839289820350456,-0.08412595242430632
outer,-1.987481291665991,298.6895681562812,-2.4336958900977232,-0.5904042174205816,-0.08410021286944339
outer,-1.9857279016281733,298.77306950182265,-2.4339153758314858,-0.5936312248947415,-0.08403168236003525
outer,-1.9517206916044534,298.60584809462597,-2.435329469885014,-0.5870619897836483,-0.08263855514654991
outer,-1.95125251943587,298.5219028182334,-2.435220388083501,-0.5838223973777362,-0.08261851994015981
outer,-1.9512309619209116,298.68956815628127,-2.435485795573681,-0.5902946019962845,-0.0826205276016403
outer,-1.9497943941304487,298.7730695018226,-2.435688842038351,-0.5935201271308346,-0.08256489576874626
outer,-1.9153850219081479,298.6058480946259,-2.4370904681710495,-0.5869562249960448,-0.08115216366234512
outer,-1.9152374683355102,298.68956815628127,-2.437230610411213,-0.5901874353877247,-0.08114821911760384
outer,-1.9145659645364306,298.5219028182334,-2.4369968310523307,-0.5837180261926108,-0.08111762959352561
outer,-1.9141303018144649,298.7730695018226,-2.437417176616989,-0.5934115801857058,-0.08110604539592027
outer,-1.8794901466542098,298.68956815628127,-2.438931477644425,-0.5900826749775916,-0.07968299372240811
outer,-1.8792875985465398,298.6058480946259,-2.438807040503163,-0.5868527370775439,-0.07967254206439203
outer,-1.8787243693276665,298.77306950182265,-2.4391016196713493,-0.5933055400943408,-0.07965480601762015
outer,-1.878134748798941,298.5219028182334,-2.4387283904621957,-0.5836159853874134,-0.0796239777563075
outer,-1.8439823045155237,298.6895681562812,-2.4405891086938483,-0.5899802446326049,-0.07822476246023284
outer,-1.8435658774534736,298.7730695018226,-2.4407433012565267,-0.5932019573127494,-0.07821087571486263
outer,-1.8434468418887278,298.6058480946259,-2.440479923197645,-0.5867516373646081,-0.07820038302711324
outer,-1.8419191369784678,298.5219028182334,-2.4404166008224215,-0.583516213429432,-0.07813624656071591
outer,-1.8087324576359813,298.6895681562812,-2.4422042328481925,-0.5898802508749124,-0.07677421427364421
outer,-1.8086480993398542,298.77306950182253,-2.442342925165477,-0.5931007481726839,-0.07677416007040816
outer,-1.8078228101012495,298.6058480946259,-2.4421106332421676,-0.5866528598787555,-0.07673435473218133
outer,-1.8059102194519119,298.5219028182334,-2.4420627522227347,-0.5834186327402187,-0.0766541330590893
outer,-1.7739896461285272,298.77306950182253,-2.443901213537521,-0.5930020151247257,-0.07534534429376528
outer,-1.7737004574355328,298.68956815628127,-2.443778349218304,-0.5897826240417258,-0.07533000339449483
outer,-1.7724065472384922,298.6058480946259,-2.4437004457651805,-0.5865563188712006,-0.07527414681537986
outer,-1.770099524567053,298.5219028182334,-2.4436677669157376,-0.5833232206516229,-0.07517740295571679
outer,-1.7395501623237002,298.7730695018226,-2.445419647278012,-0.5929056855631051,-0.07392306869784038
outer,-1.7388773016109378,298.68956815628127,-2.4453127174335587,-0.5896872706339072,-0.0738918120900248
outer,-1.7371895376030493,298.6058480946259,-2.44525027289775,-0.5864619862077041,-0.07381951812286158
outer,-1.734478999949742,298.5219028182334,-2.4452325163931183,-0.5832299548473603,-0.07370583382128429
outer,-1.7053205992266431,298.7730695018226,-2.4468994699918487,-0.5928116586023441,-0.07250700826037927
outer,-1.704254430386016,298.68956815628127,-2.446808239285348,-0.5895941575540861,-0.07245939240141015
outer,-1.7021636869555117,298.60584809462586,-2.446760976678613,-0.5863698344984999,-0.07237023965222528
outer,-1.6990409945513745,298.5219028182334,-2.4467577623098444,-0.583138804198147,-0.07223923071482581
outer,-1.6712923529460688,298.7730695018226,-2.4483415730290403,-0.5927198966787228,-0.07109690829297424
outer,-1.6698237076239377,298.68956815628127,-2.448265767255529,-0.5895032527973869,-0.07103250879886838
outer,-1.6673213044683575,298.6058480946259,-2.448233310889422,-0.5862798276307928,-0.07092611049849398
outer,-1.6637844193151174,298.5219028182334,-2.448243858087367,-0.5830497191102223,-0.07077770158352228
outer,-1.6374572454135792,298.77306950182253,-2.4497467993015647,-0.5926303635899288,-0.06969252678329715
outer,-1.6355774026880352,298.68956815628127,-2.4496860471045676,-0.589414515602264,-0.06961095442403983
outer,-1.6326612954226545,298.60584809462597,-2.449667626915557,-0.5861919103545212,-0.06948723556447164
outer,-1.6287326293866577,298.5219028182334,-2.449691226312955,-0.5829628168142468,-0.06932209563910438
outer,-1.6038075061507924,298.77306950182253,-2.4511158863593954,-0.5925430141855996,-0.06829365089967662
outer,-1.6015144151929506,298.6895681562812,-2.4510694278270915,-0.5893278851882644,-0.06819483112538671
outer,-1.5982071363905423,298.60584809462597,-2.4510643423734577,-0.5861061972194141,-0.06805446186655367
outer,-1.5938418170692819,298.5219028182334,-2.4511011192135865,-0.5828780260068895,-0.0678709123388741
outer,-1.5703420291011416,298.77306950182265,-2.4524491802558575,-0.5924577822027017,-0.06690037939562427
outer,-1.5676583432299458,298.6895681562812,-2.4524163218226445,-0.5892434738981858,-0.06678498365227327
outer,-1.5639147919133949,298.6058480946259,-2.452424693091405,-0.5860226149207023,-0.0666262753555632
outer,-1.5591055875329278,298.5219028182334,-2.4524745528202088,-0.5827952689031504,-0.06642390437968176
outer,-1.5370845339746513,298.7730695018226,-2.45374708777305,-0.5923747782637189,-0.06551355469647416
outer,-1.533964923404544,298.6895681562812,-2.453727948013632,-0.5891612069739031,-0.06537988447205519
outer,-1.5297778339134132,298.6058480946259,-2.4537496830107997,-0.5859410795339726,-0.06520242289921799
outer,-1.5245178766356569,298.5219028182334,-2.45381215309578,-0.5827145252869422,-0.06498090459947654
outer,-1.5039905292543334,298.77306950182265,-2.455010810433728,-0.5922939267691193,-0.06413163587793064
outer,-1.5004276943661206,298.6895681562812,-2.455005297729306,-0.5890809946140866,-0.06397927476903874
outer,-1.495790166720557,298.6058480946259,-2.455039930642798,-0.5858615675760328,-0.06378273205304859
outer,-1.490072936429279,298.5219028182334,-2.4551142344049093,-0.5826357317925901,-0.06354184449862019
outer,-1.4710535202892574,298.77306950182265,-2.456241326620672,-0.5922151323414058,-0.06275435866214128
outer,-1.467040528892108,298.68956815628127,-2.456248982055077,-0.5890028104672619,-0.06258297697309795
outer,-1.4619460125022474,298.60584809462597,-2.4562957488679844,-0.5857840114464672,-0.06236713129022157
outer,-1.4557989258110584,298.52190281823346,-2.4563809324876784,-0.5825589763345023,-0.0621077673369352
outer,-1.4382673482788844,298.7730695018226,-2.457439240263922,-0.5921383661541831,-0.06138154053037688
outer,-1.4337976192428912,298.6895681562812,-2.4574593124418302,-0.5889265828317901,-0.0611909166570558
outer,-1.4282736765575446,298.6058480946259,-2.4575172721522276,-0.585708496840983,-0.06095666420156741
outer,-1.4216668704249293,298.5219028182334,-2.4576130737978437,-0.5824842447478616,-0.060677684162840195
outer,-1.4056261755517803,298.7730695018226,-2.4586048614595706,-0.5920635524253213,-0.06001310423696884
outer,-1.4007274172310802,298.68956815628127,-2.4586364221720407,-0.5888523954338246,-0.05980413772523352
outer,-1.3947440338889325,298.6058480946259,-2.4587053149423164,-0.5856350092521079,-0.0595503316078731
outer,-1.3876603168176718,298.5219028182334,-2.4588116018570516,-0.5824114600696774,-0.059250986920355395
outer,-1.3731586005542025,298.7730695018226,-2.4597383222390214,-0.5919907730892521,-0.05865009392133428
outer,-1.3678006471026476,298.68956815628127,-2.4597811134326824,-0.5887802338066641,-0.05842163072326585
outer,-1.3613405454993992,298.6058480946259,-2.4598608094977945,-0.5855634675123375,-0.05814751825252955
outer,-1.3537745100003953,298.52190281823334,-2.459977076550622,-0.5823405865368881,-0.057827531243763206
outer,-1.3408351966521561,298.7730695018226,-2.4608404120874194,-0.5919200140979303,-0.057291489798561926
outer,-1.3350006842517035,298.6895681562812,-2.460894306634296,-0.5887100127112077,-0.057042773248299636
outer,-1.3280584316783914,298.6058480946259,-2.4609843092860935,-0.5854938325833375,-0.056748075281082
outer,-1.3200073046951757,298.5219028182334,-2.46110964102089,-0.582271564238841,-0.056407388229600626
outer,-1.308639253560646,298.77306950182253,-2.4619120389713007,-0.5918511863157642,-0.05593666242519364
outer,-1.3023227242268973,298.6895681562812,-2.461976548589898,-0.5886416900529011,-0.05566741207354387
outer,-1.2948955359943144,298.6058480946259,-2.4620759586912757,-0.5854260408594271,-0.05535207208629811
outer,-1.2863936802083684,298.5219028182334,-2.4622093646797345,-0.5822045106066324,-0.054991806108471375
outer,-1.2765659420674238,298.7730695018226,-2.4629537429731494,-0.591784244842735,-0.054585454364031116
outer,-1.2697645994345665,298.6895681562812,-2.4630279848669097,-0.5885751986089309,-0.054295615029598024
outer,-1.2618870196155534,298.6058480946259,-2.463135824277225,-0.5853602092068936,-0.05396075784670156
outer,-1.252885752116815,298.5219028182334,-2.463277108763325,-0.5821393697350762,-0.05357911915211923
outer,-1.2446130834075992,298.77306950182265,-2.4639656708424926,-0.5917191188570946,-0.053237932020944206
outer,-1.2373616530440537,298.68956815628127,-2.464048679305773,-0.5885106550079324,-0.052928632260436016
outer,-1.228984749161567,298.6058480946259,-2.464164753668806,-0.5852962821461609,-0.0525724544064819
outer,-1.2194796177834366,298.5219028182334,-2.4643136202235922,-0.5820760710637589,-0.052169137075939384
outer,-1.2128162029003218,298.7730695018226,-2.464947883798912,-0.591655925075267,-0.05189534649504002
outer,-1.2050655025271602,298.68956815628127,-2.465039465740233,-0.5884480045530217,-0.05156477321050462
outer,-1.1961848017049146,298.60584809462586,-2.465163486639992,-0.5852341845784458,-0.05118696718109114
outer,-1.1861715949621177,298.5219028182334,-2.465319072282564,-0.5820145613042761,-0.05076184848334674
outer,-1.1811266686660278,298.7730695018226,-2.4659012016302277,-0.5915946099282076,-0.0505559948599032
outer,-1.1728722046507667,298.68956815628127,-2.4660010763909943,-0.5883871676258979,-0.05020383909342179
outer,-1.1634834758549844,298.6058480946259,-2.4661321970936587,-0.5851738602154724,-0.04980428259567643
outer,-1.152990723855769,298.5219028182334,-2.466293478732561,-0.581954913378926,-0.04935832317503856
outer,-1.1495405171490238,298.7730695018226,-2.466826348631359,-0.5915350892728769,-0.04921967424704387
outer,-1.1407780388652107,298.68956815628127,-2.4669336857145385,-0.5883280849630337,-0.048845814269086005
outer,-1.1309099627985697,298.6058480946259,-2.4670708974798172,-0.5851153810981213,-0.04842547159663315
outer,-1.1199086963793679,298.5219028182334,-2.4672373849750033,-0.5818971185956952,-0.047957584473462864
outer,-1.1180540086249229,298.77306950182265,-2.4677234997597113,-0.5914773009026517,-0.04788636706645476
outer,-1.1088123474562275,298.6895681562813,-2.4678373048697764,-0.5882708279478683,-0.047491770869021385
outer,-1.0984358072731508,298.6058480946259,-2.467980122881443,-0.5850587392969084,-0.04704954885291977
outer,-1.0869121455770276,298.5219028182334,-2.4681514525159023,-0.5818411154700913,-0.046559118577490365
outer,-1.0866966366023167,298.7730695018226,-2.468592664912873,-0.5914213157517552,-0.04655714666224461
outer,-1.0769465278715913,298.68956815628127,-2.4687124585441333,-0.5882153897388094,-0.04614071494094186
outer,-1.0660475728262973,298.6058480946259,-2.4688605278131375,-0.5850038704165336,-0.04567599482844568
outer,-1.0554396511185653,298.77306950182253,-2.4694343582698925,-0.5913671283869022,-0.04523101049473352
outer,-1.0539980827869049,298.5219028182334,-2.469035905231479,-0.5817868431147765,-0.04516290460837139
outer,-1.0451670741091987,298.6895681562812,-2.4695597939885303,-0.588161703080508,-0.044792121299208225
outer,-1.0337422552577054,298.6058480946259,-2.469712336904075,-0.5849507103783066,-0.04430478644941274
outer,-1.0242694765648965,298.7730695018226,-2.470249219563202,-0.591314668738676,-0.04390742782558539
outer,-1.0211936979672263,298.5219028182334,-2.469890742358575,-0.5817343632737181,-0.043769948945015895
outer,-1.0134709664184802,298.6895681562812,-2.4703795364298986,-0.5881097006835789,-0.04344596478127393
outer,-1.0015471858898073,298.6058480946259,-2.470535547953539,-0.5848993204138734,-0.04293693130155304
outer,-0.9931830776278034,298.7730695018226,-2.4710374744759735,-0.5912638662737347,-0.04258637151071266
outer,-0.9884732661719011,298.5219028182334,-2.4707163958177585,-0.5816836744502658,-0.04237936644067678
outer,-0.9818856775939067,298.6895681562812,-2.471171682238498,-0.5880594434538771,-0.042103254227722764
outer,-0.9694365060290993,298.6058480946259,-2.4713305837193684,-0.5848497000257888,-0.04157153663820529
outer,-0.9622080686897212,298.7730695018226,-2.4717991179468024,-0.5912147817555413,-0.04126885169117864
outer,-0.9558242408658668,298.5219028182334,-2.4715134157047673,-0.5816347226162769,-0.04099067137595239
outer,-0.9503852150925802,298.68956815628127,-2.471936644954169,-0.58801093216337,-0.040763089337848474
outer,-0.9373976039094283,298.6058480946259,-2.47209798884902,-0.5848017927198366,-0.04020811135985808
outer,-0.9313183232484881,298.7730695018226,-2.472534554254145,-0.5911674175023574,-0.03995396056161026
outer,-0.9232442196536828,298.5219028182334,-2.472281971476108,-0.5815874430874362,-0.03960386506152524
outer,-0.9189569018674374,298.68956815628127,-2.4726749635834286,-0.5879641078860322,-0.03942497371176645
outer,-0.905428064644985,298.60584809462586,-2.4728379348853418,-0.5847555306620669,-0.0388466547700055
outer,-0.9005010989228497,298.77306950182253,-2.473244316579596,-0.5911217121766782,-0.0386411965027626
outer,-0.8907648911738282,298.5219028182334,-2.4730220383380033,-0.5815419139263488,-0.038220098689755844
outer,-0.8875983105326818,298.6895681562812,-2.473386811611837,-0.5879188995917956,-0.03808890474658824
outer,-0.8735597416276427,298.6058480946259,-2.4735503944824515,-0.5847109922954705,-0.03748831999287296
outer,-0.8697539558168449,298.7730695018226,-2.4739285801798334,-0.5910775914844173,-0.03733055510546737
outer,-0.8583489222813484,298.5219028182334,-2.473734048008532,-0.5814981202929842,-0.03683807915348064
outer,-0.8563414593594798,298.6895681562812,-2.4740721591523935,-0.5878753863040134,-0.036756037544342555
outer,-0.841755107612558,298.6058480946259,-2.474235790147036,-0.5846681640517973,-0.03613180513967878
outer,-0.8391090772157888,298.7730695018226,-2.474587312641231,-0.5910351352357907,-0.036023193499895516
outer,-0.8259921872417257,298.5219028182334,-2.4744184208134037,-0.5814559958989157,-0.03545762140092926
outer,-0.8251486268547584,298.6895681562812,-2.4747314194363192,-0.5878335559432314,-0.035425061488150264
outer,-0.8100100154148909,298.6058480946259,-2.4748945406800287,-0.5846269762288209,-0.034776921391381554
outer,-0.8085285472195034,298.7730695018226,-2.4752209178911277,-0.59099433306514,-0.03471779239580413
outer,-0.7940156443671725,298.6895681562812,-2.475365009566417,-0.5877933353407925,-0.034095784076638116
outer,-0.7937020590099595,298.5219028182334,-2.47507522265069,-0.581415523973217,-0.03407905853863656
outer,-0.7783318763227035,298.60584809462586,-2.475526712738405,-0.584587410453832,-0.03342400098565352
outer,-0.7780081756923277,298.7730695018226,-2.4758298111414905,-0.5909551082619217,-0.03341415569181911
outer,-0.7629499615469556,298.6895681562812,-2.475972996886503,-0.5877547045581867,-0.03276853675950716
outer,-0.7614892067710284,298.5219028182334,-2.475704546987123,-0.5813767522717909,-0.032702799668687284
outer,-0.7475554506783192,298.7730695018226,-2.47641406032466,-0.5909174393450971,-0.03211261413290687
outer,-0.7467314149913749,298.6058480946259,-2.4761323954633156,-0.5845495154126981,-0.032073452128383105
outer,-0.7319623585623791,298.6895681562812,-2.476555466189807,-0.5877177133780673,-0.031443726899995486
outer,-0.7293266123775731,298.52190281823334,-2.4763067564142474,-0.5813396586819347,-0.03132789306776262
outer,-0.7171812079038821,298.7730695018226,-2.4769737458973133,-0.5908813773766147,-0.030813574295547985
outer,-0.715181472802745,298.60584809462586,-2.4767119452776165,-0.584513269093336,-0.03072431620806297
outer,-0.7010255362170563,298.68956815628127,-2.4771127676444546,-0.5876823400082589,-0.0301203890594734
outer,-0.6972126613234996,298.5219028182334,-2.476882095712764,-0.581304177792242,-0.02995428384668136
outer,-0.6868580074794955,298.77306950182253,-2.4775092116913333,-0.5908469008988032,-0.029516063973552335
outer,-0.6836804268565494,298.60584809462586,-2.4772656079141013,-0.5844786028268968,-0.029376535267324873
outer,-0.670137863210394,298.6895681562812,-2.477645147816226,-0.5876485124622488,-0.028798462302365643
outer,-0.6651664524440092,298.5219028182334,-2.4774305802774297,-0.5812703424888456,-0.028582695647709037
outer,-0.6565842096971647,298.7730695018226,-2.4780207049561307,-0.5908139345245089,-0.028220019346186134
outer,-0.6522474752855169,298.6058480946259,-2.4777933973565607,-0.5844455495779145,-0.02803083378177787
outer,-0.6393186370482191,298.6895681562812,-2.478152619257596,-0.5876162638724839,-0.027478672002416753
outer,-0.6331705467824645,298.52190281823334,-2.477952421448489,-0.5812381649442138,-0.027212545769698962
outer,-0.6263792115172871,298.7730695018226,-2.4785082368232616,-0.5907825116580259,-0.026926166750557055
outer,-0.6208650884654212,298.60584809462586,-2.4782955195160294,-0.5844141226396014,-0.02668662431874532
outer,-0.6085502373696604,298.68956815628127,-2.478635382413955,-0.587585608802673,-0.026160426049028757
outer,-0.6012152572537035,298.5219028182334,-2.4784478894591087,-0.5812076026886267,-0.025843467781700033
outer,-0.5962253017680488,298.7730695018226,-2.478972002232244,-0.5907526482722355,-0.025633909447502955
outer,-0.5895235289467882,298.60584809462586,-2.4787722428236525,-0.5843842777003689,-0.02534353589783991
outer,-0.5778228763223063,298.6895681562812,-2.4790937037999137,-0.5875565010956982,-0.02484334898573043
outer,-0.5693057605178901,298.5219028182334,-2.478917075678548,-0.5811786323947098,-0.02447568072506663
outer,-0.5661126421529322,298.77306950182253,-2.4794122656424773,-0.5907242963505975,-0.02434286758124943
outer,-0.5582280003038388,298.60584809462586,-2.4792236589208234,-0.5843559898818224,-0.024001785945051
outer,-0.547141784415249,298.6895681562812,-2.4795276752763034,-0.5875289143128174,-0.02352765670147188
outer,-0.5374505584696887,298.52190281823334,-2.47936005249709,-0.5811512876918327,-0.023109524009559637
outer,-0.5360464901376296,298.77306950182253,-2.4798291191030493,-0.5906974278918949,-0.023053255584799186
outer,-0.5269870486337723,298.6058480946259,-2.4796498373395637,-0.5843292936913255,-0.022661713405323258
outer,-0.5165155519817071,298.6895681562812,-2.479937363517839,-0.5875028839611951,-0.022213687733135493
outer,-0.5060354803279685,298.7730695018226,-2.4802226264370115,-0.5906720795150044,-0.021765411638269165
outer,-0.5056285022906847,298.52190281823334,-2.4797770389496807,-0.5811255581608509,-0.02174426040384731
outer,-0.4957794151626331,298.6058480946259,-2.480050993335461,-0.5843041789060459,-0.02132257565100006
outer,-0.48592281020842065,298.6895681562812,-2.4803229799127195,-0.5874784000895866,-0.020900694125527183
outer,-0.47605813378105716,298.77306950182253,-2.480592995064042,-0.5906482416193186,-0.020478582530941952
outer,-0.4738385266197375,298.52190281823334,-2.4801681789547163,-0.5811013953364196,-0.020379845063561282
outer,-0.46460402899033165,298.6058480946258,-2.480427271242472,-0.5842805946197813,-0.019984324429544495
outer,-0.4553624826520263,298.6895681562812,-2.4806846691463504,-0.5874554092873627,-0.01958862428870318
outer,-0.44611336850577943,298.7730695018226,-2.4809403699686015,-0.5906258582252025,-0.019192713408883656
outer,-0.4420962335137965,298.52190281823334,-2.4805335048046584,-0.5810788255641373,-0.019016872132962846
outer,-0.4334765732909894,298.60584809462586,-2.480778702052094,-0.5842585675955303,-0.018647554577926752
outer,-0.4248503336657998,298.6895681562812,-2.4810224609147378,-0.587433938814597,-0.018278073812182077
outer,-0.4162170301010266,298.77306950182253,-2.481264779559503,-0.5906049571593373,-0.017908400668258277
outer,-0.4103831437946459,298.5219028182334,-2.480873167180751,-0.5810578541174392,-0.017654722369112634
outer,-0.4023784728106374,298.60584809462586,-2.481105433255378,-0.5842381038917952,-0.017311642513129808
outer,-0.3943676918466882,298.6895681562812,-2.481336499461453,-0.5874139956099714,-0.016968414845323902
outer,-0.38635035093603853,298.7730695018226,-2.4815663647651696,-0.5905855463399934,-0.016625012266151137
outer,-0.37869529824364745,298.52190281823334,-2.481187302053225,-0.5810384471833668,-0.01629323273380709
outer,-0.37130574774624003,298.6058480946258,-2.4814076001034913,-0.5842191680374588,-0.015976421339700276
outer,-0.3639105567914832,298.6895681562812,-2.481626919264129,-0.5873955425125296,-0.015659476698903323
outer,-0.3565093099903862,298.77306950182253,-2.4818452592316618,-0.5905675868738344,-0.015342373785368534
outer,-0.34703969894760334,298.52190281823334,-2.481475958528573,-0.5810206056508944,-0.014932683817085839
outer,-0.34026543658933034,298.60584809462586,-2.4816852510488188,-0.5842017605903983,-0.014642170655767275
outer,-0.33348600342428464,298.68956815628115,-2.4818937681126187,-0.5873785797757933,-0.01435153803898386
outer,-0.3267010186506591,298.7730695018226,-2.482101510082094,-0.5905510787299667,-0.014060763014940542
outer,-0.3154122673757021,298.5219028182334,-2.4817392235226565,-0.5810043399302721,-0.013572964855423475
outer,-0.3092534396043133,298.60584809462586,-2.4819384713824713,-0.5841858924755551,-0.013308777547685625
outer,-0.3030899107884295,298.6895681562812,-2.4821371296289256,-0.5873631188942418,-0.013044483873836114
outer,-0.29692133472177307,298.77306950182253,-2.4823351992422973,-0.5905360340503194,-0.012780062958122505
outer,-0.28380359053942195,298.52190281823334,-2.481977200491595,-0.5809896370398486,-0.012213742953888402
outer,-0.27826029486324316,298.6058480946259,-2.4821673632243715,-0.5841715502269677,-0.011975905258813539
outer,-0.2727127679792976,298.6895681562812,-2.4823571045596933,-0.587349145933873,-0.01173797365358595
outer,-0.26716069828228217,298.7730695018225,-2.4825464260423584,-0.5905224384419221,-0.011499929343748208
outer,-0.2522151635297862,298.52190281823334,-2.482189940926279,-0.5809764838312891,-0.010855084012445997
outer,-0.24728750523026627,298.60584809462586,-2.482371977436254,-0.5841587199087714,-0.010643617357093882
outer,-0.24235608564016317,298.6895681562812,-2.482553743125932,-0.5873366461699058,-0.010432068666314931
outer,-0.23742062776094944,298.77306950182253,-2.482735240034971,-0.5905102763652003,-0.010220421227754833
outer,-0.22065084485752023,298.5219028182333,-2.482377498510459,-0.5809648897668531,-0.009497154776720786
outer,-0.2163389492771641,298.60584809462586,-2.4825523670297285,-0.5841474112741936,-0.009312079515071257
outer,-0.21202376241897758,298.6895681562812,-2.4827270976506544,-0.5873256296900959,-0.00912693358190311
outer,-0.20770504189838443,298.77306950182253,-2.482901692841454,-0.5904995582940122,-0.008941702347580096
outer,-0.18909905691301143,298.52190281823334,-2.482539948023034,-0.5809548518987879,-0.008139561435790872
outer,-0.1854029892006727,298.6058480946258,-2.482708605760408,-0.5841376213959736,-0.007980894248033055
outer,-0.18170410027307665,298.6895681562812,-2.4828772408401045,-0.5873160936130946,-0.007822167315549274
outer,-0.17800218236316037,298.7730695018225,-2.4830458561089377,-0.5904902814333729,-0.007663368095775251
outer,-0.1575591609416973,298.52190281823334,-2.4826773250634946,-0.5809463573532678,-0.006782284125750575
outer,-0.15447898292532347,298.60584809462586,-2.4828407284385174,-0.58412933671128,-0.006650038957561133
outer,-0.1513964538034393,298.6895681562812,-2.483004206685335,-0.5873080236656857,-0.006517744583953997
outer,-0.14831140042995575,298.7730695018225,-2.483167762976644,-0.5904824307680832,-0.006385390550565863
outer,-0.12603529551018341,298.52190281823334,-2.482789665326404,-0.5809394108830455,-0.005425495480248042
outer,-0.12357109053465774,298.6058480946258,-2.4829487705118205,-0.5841225620890513,-0.005319685060874551
outer,-0.121105004626929,298.68956815628115,-2.4831080303888857,-0.58730142486658,-0.005213835655562032
outer,-0.11863689926671636,298.77306950182253,-2.4832674483905217,-0.590476011491435,-0.005107938898833746
outer,-0.09451861063351945,298.52190281823334,-2.4828770123536397,-0.5809340125254091,-0.004068903087183562
outer,-0.09267041603148037,298.60584809462586,-2.483032775082871,-0.5841172976432394,-0.003989536947650352
outer,-0.090820810699145,298.6895681562812,-2.48318875460482,-0.587296297425252,-0.003910141792541327
outer,-0.08896969074392366,298.7730695018225,-2.4833449545519555,-0.5904710239322665,-0.003830711346873074
outer,-0.06300783341143325,298.52190281823334,-2.482939384253122,-0.5809301560203038,-0.0027124663958155233
outer,-0.06177567989762455,298.60584809462586,-2.483092759661238,-0.5841135367816007,-0.0026595515132647254
outer,-0.060542585878784326,298.68956815628115,-2.4832463962197178,-0.587292634403193,-0.0026066173929816445
outer,-0.059308482091795164,298.7730695018225,-2.483400297704934,-0.5904674607933794,-0.002553659850995966
outer,-0.03150305750337242,298.5219028182334,-2.4829767991886227,-0.5809278423117968,-0.0013562096714767845
outer,-0.030886976279340856,298.6058480946258,-2.4831287422912656,-0.5841112804643704,-0.0013297510491937423
outer,-0.030270424799409414,298.68956815628115,-2.4832809731578727,-0.5872904367891727,-0.0013032828394233108
outer,-0.029653368431764953,298.7730695018225,-2.483433495656883,-0.5904653231084583,-0.0012768029499161406
outer,-5.088887490341627e-14,298.7730695018225,-2.483444561426782,-0.5904646111022972,-3.753298284102173e-13
outer,-5.088887490341627e-14,298.5219028182333,-2.482989270465686,-0.5809270715533615,-6.939435819933762e-13
outer,-5.088887490341627e-14,298.68956815628115,-2.4832924985365814,-0.5872897047792011,-4.551887041843226e-13
outer,-5.088887490341627e-14,298.6058480946258,-2.4831407361833024,-0.5841105288614935,-4.714147292572151e-13
outer,0.029653368431612284,298.7730695018225,-2.4834334956564494,-0.5904653231091009,0.0012768029490020326
outer,0.030270424799307638,298.68956815628115,-2.483280973157417,-0.5872904367895861,0.0013032828385426119
outer,0.030886976279239076,298.6058480946258,-2.483128742290187,-0.5841112804643693,0.0013297510484848313
outer,0.03150305750327064,298.5219028182333,-2.4829767991841294,-0.580927842308722,0.0013562096704017859
outer,0.059308482091693385,298.7730695018225,-2.4834002977029956,-0.5904674607924705,0.002553659850397568
outer,0.060542585878631656,298.68956815628115,-2.4832463962207885,-0.5872926344052078,0.0026066173926652327
outer,0.06177567989747188,298.60584809462586,-2.48309275966268,-0.5841135367839996,0.002659551513292944
outer,0.06300783341133147,298.52190281823323,-2.482939384253065,-0.580930156021124,0.002712466395501573
outer,0.088969690743771,298.77306950182253,-2.483344954549767,-0.5904710239302025,0.0038307113469031534
outer,0.09082081069904321,298.6895681562812,-2.4831887546058504,-0.58729629742641,0.0039101417929258845
outer,0.09267041603132771,298.60584809462586,-2.4830327750844083,-0.5841172976449307,0.003989536948188975
outer,0.09451861063336678,298.5219028182333,-2.4828770123559116,-0.5809340125275574,0.004068903087247253
outer,0.11863689926656369,298.77306950182253,-2.483267448390291,-0.5904760114903069,0.0051079388985476055
outer,0.12110500462682722,298.68956815628115,-2.4831080303889914,-0.5873014248656881,0.005213835655642703
outer,0.12357109053450507,298.6058480946258,-2.482948770512878,-0.5841225620891954,0.005319685060930822
outer,0.12603529551003073,298.52190281823334,-2.4827896653272767,-0.5809394108832049,0.005425495479849315
outer,0.1483114004298031,298.7730695018225,-2.4831677629787148,-0.5904824307692537,0.006385390549248652
outer,0.15139645380333752,298.6895681562812,-2.4830042066869935,-0.5873080236659127,0.006517744582959276
outer,0.1544789829252217,298.60584809462586,-2.48284072843996,-0.5841293367108669,0.006650038956605022
outer,0.15755916094159553,298.52190281823334,-2.482677325063971,-0.5809463573520568,0.006782284124499185
outer,0.1780021823630077,298.7730695018225,-2.4830458561107998,-0.5904902814356707,0.007663368093934141
outer,0.18170410027297487,298.6895681562812,-2.4828772408422695,-0.5873160936148213,0.007822167313680375
outer,0.18540298920052004,298.6058480946258,-2.482708605763307,-0.5841376213972693,0.007980894246229267
outer,0.18909905691290965,298.52190281823334,-2.4825399480265395,-0.5809548519001244,0.008139561433947038
outer,0.20770504189828265,298.77306950182253,-2.4829016928417524,-0.5904995582966015,0.008941702346140416
outer,0.2120237624188758,298.6895681562812,-2.482727097652307,-0.5873256296934453,0.00912693358023235
outer,0.21633894927701142,298.60584809462586,-2.4825523670332994,-0.5841474112785326,0.009312079513499015
outer,0.22065084485741845,298.52190281823334,-2.4823774985150537,-0.5809648897713984,0.009497154775519748
outer,0.23742062776079678,298.77306950182253,-2.482735240034651,-0.590510276367503,0.010220421226678341
outer,0.24235608564001052,298.6895681562812,-2.482553743127039,-0.5873366461735439,0.01043206866516731
outer,0.2472875052301136,298.60584809462586,-2.482371977437556,-0.5841587199126953,0.010643617356080805
outer,0.2522151635296335,298.52190281823334,-2.4821899409270602,-0.5809764838344956,0.01085508401185981
outer,0.26716069828212946,298.7730695018225,-2.48254642604496,-0.5905224384455092,0.011499929342474912
outer,0.27271276797919586,298.6895681562812,-2.4823571045618102,-0.5873491459374287,0.01173797365239261
outer,0.27826029486309045,298.6058480946258,-2.4821673632247605,-0.5841715502295881,0.011975905257686579
outer,0.28380359053932014,298.52190281823334,-2.4819772004914773,-0.5809896370423231,0.012213742952863035
outer,0.2969213347216204,298.77306950182253,-2.4823351992457514,-0.5905360340529029,0.012780062956688303
outer,0.30308991078827685,298.68956815628115,-2.4821371296318744,-0.5873631188971724,0.013044483872553782
outer,0.3092534396041606,298.6058480946259,-2.4819384713851496,-0.5841858924791501,0.013308777546425045
outer,0.3154122673756003,298.5219028182334,-2.481739223524009,-0.5810043399332055,0.013572964853928254
outer,0.32670101865050644,298.7730695018226,-2.4821015100835164,-0.5905510787305516,0.014060763013836847
outer,0.333486003424132,298.6895681562812,-2.481893768112381,-0.5873785797754382,0.014351538037945338
outer,0.3402654365892286,298.60584809462586,-2.4816852510503296,-0.5842017605922528,0.014642170654715916
outer,0.3470396989474507,298.52190281823334,-2.4814759585295225,-0.581020605652852,0.01493268381558179
outer,0.35650930999023356,298.77306950182253,-2.481845259234286,-0.5905675868758422,0.015342373784345453
outer,0.3639105567913305,298.6895681562812,-2.481626919263995,-0.587395542512298,0.015659476697966385
outer,0.3713057477460874,298.60584809462586,-2.4814076001028065,-0.5842191680371599,0.015976421338809627
outer,0.37869529824349474,298.52190281823334,-2.4811873020545363,-0.5810384471854753,0.01629323273249657
outer,0.3863503509359367,298.77306950182253,-2.481566364770152,-0.5905855463450559,0.016625012265166952
outer,0.39436769184658643,298.6895681562812,-2.481336499466198,-0.5874139956148859,0.016968414844425714
outer,0.40237847281053557,298.60584809462586,-2.4811054332554927,-0.584238103892626,0.017311642512352114
outer,0.41038314379454416,298.52190281823334,-2.4808731671803823,-0.5810578541181385,0.01765472236798408
outer,0.4162170301009248,298.77306950182253,-2.481264779562884,-0.5906049571641329,0.017908400667355627
outer,0.4248503336656471,298.6895681562812,-2.481022460916987,-0.5874339388182831,0.018278073811339494
outer,0.4334765732908367,298.60584809462586,-2.480778702052096,-0.5842585675971669,0.01864755457733109
outer,0.4420962335136947,298.52190281823334,-2.480533504805869,-0.5810788255670976,0.019016872132047627
outer,0.4461133685056776,298.77306950182253,-2.4809403699688852,-0.590625858227574,0.019192713407927133
outer,0.4553624826518736,298.6895681562812,-2.4806846691462665,-0.5874554092896122,0.019588624287915087
outer,0.464604028990179,298.6058480946259,-2.480427271243754,-0.5842805946235062,0.01998432442901804
outer,0.47383852661958487,298.5219028182334,-2.4801681789573,-0.581101395341378,0.020379845062743897
outer,0.47605813378090445,298.7730695018226,-2.4805929950621564,-0.5906482416197987,0.020478582530333578
outer,0.485922810208268,298.6895681562812,-2.480322979910186,-0.5874784000901794,0.020900694125125963
outer,0.4957794151624804,298.6058480946259,-2.4800509933353565,-0.5843041789093554,0.02132257565065583
outer,0.5056285022905829,298.5219028182334,-2.479777038949425,-0.5811255581638888,0.021744260403109842
outer,0.5060354803278667,298.77306950182253,-2.4802226264367047,-0.5906720795162677,0.021765411637813325
outer,0.5165155519816053,298.6895681562812,-2.4799373635148463,-0.5875028839606501,0.022213687732856764
outer,0.5269870486336197,298.6058480946259,-2.4796498373362006,-0.5843292936908584,0.022661713404890527
outer,0.5360464901375278,298.7730695018226,-2.479829119104322,-0.5906974278942415,0.023053255584048395
outer,0.5374505584695869,298.52190281823334,-2.479360052496466,-0.58115128769384,0.023109524008579768
outer,0.5471417844150963,298.6895681562812,-2.4795276752777693,-0.587528914315231,0.023527656700970755
outer,0.5582280003036861,298.60584809462586,-2.479223658920571,-0.5843559898824049,0.024001785944371575
outer,0.5661126421528304,298.7730695018226,-2.4794122656413706,-0.5907242963510283,0.024342867580324296
outer,0.5693057605177374,298.52190281823334,-2.4789170756795667,-0.5811786323963843,0.024475680723930665
outer,0.5778228763222046,298.68956815628127,-2.479093703802457,-0.5875565010990306,0.02484334898514192
outer,0.5895235289466355,298.60584809462586,-2.4787722428271826,-0.5843842777040463,0.025343535897155465
outer,0.5962253017679471,298.77306950182253,-2.4789720022302215,-0.5907526482724543,0.025633909446764032
outer,0.6012152572535508,298.52190281823334,-2.4784478894603694,-0.5812076026900395,0.025843467780808323
outer,0.6085502373695078,298.6895681562812,-2.4786353824164458,-0.5875856088066311,0.026160426048430007
outer,0.6208650884653194,298.6058480946259,-2.4782955195177787,-0.584414122642344,0.026686624318094414
outer,0.6263792115171345,298.77306950182253,-2.4785082368232634,-0.5907825116607612,0.02692616675014955
outer,0.6331705467823119,298.5219028182334,-2.4779524214464677,-0.5812381649434161,0.027212545769092617
outer,0.6393186370480665,298.68956815628127,-2.478152619259237,-0.5876162638767362,0.02747867200178807
outer,0.652247475285415,298.6058480946259,-2.477793397355327,-0.5844455495791889,0.028030833781122415
outer,0.656584209697012,298.7730695018226,-2.478020704956508,-0.5908139345274712,0.028220019346006764
outer,0.6651664524439075,298.5219028182334,-2.477430580274461,-0.5812703424882152,0.0285826956472896
outer,0.6701378632102414,298.68956815628127,-2.477645147814996,-0.5876485124639912,0.02879846230177106
outer,0.6836804268564476,298.60584809462586,-2.4772656079111037,-0.584478602826994,0.029376535266592327
outer,0.6868580074793429,298.7730695018226,-2.477509211688712,-0.5908469008982287,0.02951606397352506
outer,0.6972126613233469,298.5219028182334,-2.4768820957117947,-0.5813041777938278,0.029954283846115107
outer,0.7010255362169037,298.68956815628127,-2.477112767641387,-0.5876823400075701,0.030120389059046994
outer,0.7151814728025924,298.60584809462586,-2.4767119452730473,-0.5845132690913795,0.030724316207312835
outer,0.7171812079037803,298.7730695018226,-2.4769737458936762,-0.5908813773757879,0.030813574295673038
outer,0.7293266123774204,298.5219028182334,-2.476306756412355,-0.5813396586821934,0.031327893066984615
outer,0.7319623585622773,298.6895681562812,-2.476555466186071,-0.5877177133770252,0.031443726899874375
outer,0.7467314149912732,298.60584809462586,-2.476132395458102,-0.5845495154102497,0.032073452127784965
outer,0.7475554506781665,298.7730695018226,-2.4764140603237847,-0.5909174393484014,0.032112614132966816
outer,0.7614892067709267,298.5219028182334,-2.475704546984584,-0.5813767522717839,0.032702799667937994
outer,0.7629499615468538,298.6895681562812,-2.4759729968858473,-0.5877547045613212,0.03276853675934557
outer,0.7780081756922259,298.7730695018226,-2.475829811140466,-0.5909551082644288,0.03341415569181977
outer,0.7783318763225509,298.6058480946259,-2.475526712735515,-0.5845874104545218,0.033424000985004323
outer,0.7937020590098068,298.5219028182334,-2.475075222648275,-0.581415523974191,0.034079058537892476
outer,0.7940156443670199,298.6895681562812,-2.4753650095644306,-0.5877933353424003,0.034095784076319025
outer,0.8085285472193507,298.7730695018226,-2.4752209178874307,-0.5909943330631509,0.034717792395756356
outer,0.8100100154147383,298.6058480946259,-2.474894540676866,-0.584626976229283,0.0347769213905102
outer,0.8251486268546566,298.6895681562812,-2.47473141943056,-0.5878335559392159,0.03542506148792564
outer,0.8259921872415731,298.5219028182334,-2.4744184208097093,-0.5814559958986953,0.03545762139991638
outer,0.8391090772156361,298.77306950182253,-2.474587312636708,-0.5910351352325686,0.03602319349951895
outer,0.8417551076124562,298.6058480946259,-2.4742357901439225,-0.5846681640505207,0.0361318051388582
outer,0.8563414593593272,298.68956815628127,-2.474072159150322,-0.5878753863028777,0.036756037544063584
outer,0.8583489222812466,298.5219028182334,-2.473734048008111,-0.581498120294573,0.036838079152298725
outer,0.8697539558167431,298.7730695018226,-2.4739285801771755,-0.5910775914836098,0.03733055510470769
outer,0.8735597416275409,298.6058480946259,-2.473550394484584,-0.5847109922984999,0.037488319992180594
outer,0.88759831053258,298.68956815628127,-2.4733868116116793,-0.5879188995931692,0.0380889047462417
outer,0.8907648911737264,298.52190281823334,-2.4730220383414783,-0.5815419139310747,0.0382200986886599
outer,0.900501098922697,298.7730695018226,-2.473244316578351,-0.5911217121769156,0.038641196501829844
outer,0.9054280646448832,298.6058480946259,-2.472837934889313,-0.5847555306673569,0.038846654769246924
outer,0.9189569018672847,298.6895681562812,-2.4726749635828615,-0.587964107886805,0.03942497371125727
outer,0.9232442196535809,298.5219028182334,-2.472281971478736,-0.5815874430916191,0.039603865060374915
outer,0.9313183232483863,298.77306950182253,-2.4725345542523423,-0.5911674175011463,0.0399539605605752
outer,0.9373976039093265,298.6058480946259,-2.4720979888501815,-0.5848017927220904,0.040208111358884066
outer,0.9503852150924784,298.68956815628127,-2.471936644952769,-0.5880109321627328,0.04076308933707484
outer,0.955824240865765,298.52190281823334,-2.471513415705493,-0.581634722618263,0.04099067137471222
outer,0.9622080686895685,298.7730695018226,-2.4717991179471426,-0.5912147817559977,0.04126885168994946
outer,0.9694365060289974,298.6058480946259,-2.4713305837195603,-0.5848497000267953,0.04157153663700439
outer,0.9818856775938049,298.68956815628127,-2.4711716822383027,-0.5880594434538374,0.04210325422681709
outer,0.9884732661717994,298.5219028182334,-2.4707163958176457,-0.581683674451032,0.042379366439457916
outer,0.9931830776277016,298.7730695018226,-2.471037474479417,-0.5912638662767031,0.042586371509393296
outer,1.0015471858897054,298.60584809462586,-2.470535547955324,-0.5848993204156081,0.042936931300278806
outer,1.0134709664183275,298.68956815628127,-2.4703795364359435,-0.588109700688836,0.043445964780103624
outer,1.0211936979670735,298.5219028182334,-2.4698907423590324,-0.5817343632740423,0.043769948943785594
outer,1.0242694765647946,298.77306950182253,-2.470249219562732,-0.5913146687382747,0.04390742782450968
outer,1.0337422552576037,298.60584809462597,-2.469712336909964,-0.5849507103831346,0.04430478644819106
outer,1.045167074109046,298.68956815628127,-2.469559793992247,-0.5881617030844153,0.044792121297945346
outer,1.0539980827867523,298.5219028182334,-2.469035905234167,-0.5817868431166894,0.045162904607283366
outer,1.0554396511184125,298.7730695018226,-2.469434358266719,-0.591367128385134,0.04523101049396769
outer,1.0660475728261447,298.6058480946259,-2.4688605278194142,-0.585003870422772,0.04567599482727532
outer,1.0769465278714387,298.6895681562812,-2.4687124585449824,-0.5882153897409543,0.04614071493989691
outer,1.086696636602215,298.7730695018226,-2.468592664912563,-0.5914213157528614,0.04655714666155285
outer,1.0869121455768749,298.5219028182334,-2.4681514525186086,-0.5818411154728078,0.04655911857657702
outer,1.0984358072730491,298.6058480946259,-2.4679801228848612,-0.5850587393010894,0.04704954885173258
outer,1.1088123474560747,298.68956815628127,-2.4678373048713635,-0.588270827950206,0.04749177086818859
outer,1.118054008624821,298.77306950182253,-2.4677234997616315,-0.5914773009054708,0.047886367065626184
outer,1.119908696379215,298.5219028182334,-2.4672373849763103,-0.5818971185972162,0.047957584472553605
outer,1.130909962798417,298.6058480946259,-2.4670708974805127,-0.5851153810992439,0.04842547159547582
outer,1.140778038865058,298.6895681562812,-2.4669336857174207,-0.5883280849662309,0.048845814268389846
outer,1.149540517148922,298.77306950182265,-2.4668263486344006,-0.5915350892767298,0.04921967424623988
outer,1.1529907238556165,298.5219028182334,-2.4662934787336246,-0.5819549133802032,0.049358323174138116
outer,1.1634834758548824,298.6058480946259,-2.4661321970979584,-0.58517386022014,0.04980428259474495
outer,1.1728722046506648,298.68956815628127,-2.4660010763960383,-0.5883871676315279,0.05020383909294275
outer,1.181126668665875,298.77306950182253,-2.4659012016325055,-0.5915946099311998,0.050555994859635286
outer,1.186171594961965,298.5219028182334,-2.4653190722864453,-0.5820145613090411,0.05076184848258915
outer,1.1961848017047618,298.60584809462597,-2.4651634866468424,-0.5852341845860669,0.05118696718061506
outer,1.2050655025270585,298.68956815628127,-2.4650394657452512,-0.5884480045588797,0.05156477321043376
outer,1.212816202900169,298.77306950182253,-2.4649478838002135,-0.5916559250775986,0.051895346495200535
outer,1.219479617783284,298.52190281823346,-2.464313620231019,-0.5820760710725493,0.052169137075521545
outer,1.2289847491614143,298.60584809462597,-2.464164753673269,-0.5852962821519185,0.05257245440648199
outer,1.2373616530439009,298.6895681562812,-2.4640486793111442,-0.5885106550146022,0.0529286322606979
outer,1.2446130834074465,298.77306950182265,-2.463965670842957,-0.5917191188589803,0.0532379320212756
outer,1.2528857521166625,298.5219028182334,-2.4632771087684366,-0.5821393697419645,0.05357911915220743
outer,1.2618870196154006,298.6058480946259,-2.4631358242831114,-0.5853602092145609,0.05396075784682126
outer,1.2697645994344646,298.6895681562812,-2.4630279848687366,-0.5885751986123827,0.05429561503020473
outer,1.276565942067271,298.77306950182253,-2.4629537429762416,-0.5917842448469932,0.054585454364569276
outer,1.2863936802082157,298.5219028182334,-2.4622093646804153,-0.5822045106094674,0.0549918061087284
outer,1.2948955359941616,298.6058480946259,-2.46207595869528,-0.5854260408652296,0.055352072086589515
outer,1.3023227242267446,298.68956815628127,-2.4619765485917107,-0.588641690056125,0.05566741207431476
outer,1.3086392535604934,298.7730695018226,-2.461912038977052,-0.59185118632177,0.05593666242603815
outer,1.3200073046950231,298.5219028182334,-2.4611096410208617,-0.5822715642409506,0.05640738822978947
outer,1.328058431678239,298.6058480946259,-2.4609843092846813,-0.585493832583473,0.05674807528161246
outer,1.3350006842515507,298.6895681562812,-2.4608943066403928,-0.5887100127177791,0.05704277324912345
outer,1.3408351966520033,298.7730695018226,-2.4608404120949023,-0.5919200141054284,0.05729148979935541
outer,1.3537745100002427,298.5219028182334,-2.4599770765479874,-0.5823405865359748,0.057827531244122224
outer,1.3613405454992975,298.6058480946259,-2.4598608095004004,-0.5855634675157423,0.05814751825295754
outer,1.367800647102495,298.68956815628127,-2.4597811134412533,-0.5887802338152771,0.05842163072407518
outer,1.37315860055405,298.7730695018226,-2.4597383222469817,-0.5919907730976361,0.058650093921813556
outer,1.3876603168175192,298.5219028182334,-2.458811601856664,-0.5824114600702676,0.059250986920723656
outer,1.3947440338887798,298.6058480946259,-2.458705314950082,-0.5856350092602287,0.059550331608121426
outer,1.4007274172309785,298.68956815628127,-2.4586364221782624,-0.5888523954405347,0.05980413772594814
outer,1.4056261755516277,298.7730695018226,-2.458604861465475,-0.592063552432038,0.060013104237274864
outer,1.4216668704248276,298.5219028182334,-2.4576130738002955,-0.5824842447509817,0.060677684162969515
outer,1.428273676557392,298.6058480946259,-2.4575172721561445,-0.5857084968454979,0.0609566642017481
outer,1.4337976192427386,298.68956815628127,-2.4574593124416477,-0.5889265828327989,0.0611909166576262
outer,1.4382673482787316,298.77306950182253,-2.4574392402671195,-0.5921383661586315,0.061381540530549825
outer,1.4557989258109059,298.5219028182334,-2.4563809324891883,-0.5825589763366837,0.062107767336875855
outer,1.4619460125020947,298.6058480946259,-2.4562957488676087,-0.585784011447522,0.062367131290297584
outer,1.4670405288919555,298.6895681562812,-2.456248982053405,-0.5890028104671765,0.06258297697359885
outer,1.4710535202891557,298.7730695018226,-2.4562413266203476,-0.5922151323421847,0.06275435866233388
outer,1.4900729364291265,298.52190281823346,-2.455114234406064,-0.582635731795517,0.06354184449824478
outer,1.4957901667204045,298.6058480946259,-2.455039930642175,-0.5858615675771713,0.0637827320532405
outer,1.5004276943659678,298.68956815628127,-2.4550052977283596,-0.5890809946142299,0.06397927476969353
outer,1.5039905292541809,298.7730695018226,-2.455010810430528,-0.5922939267674189,0.06413163587803215
outer,1.5245178766355043,298.52190281823346,-2.453812153096536,-0.5827145252897482,0.0649809045992202
outer,1.5297778339133115,298.60584809462586,-2.4537496830114547,-0.5859410795357102,0.06520242289969665
outer,1.5339649234044423,298.68956815628127,-2.453727948007329,-0.5891612069696572,0.06537988447255598
outer,1.5370845339745496,298.7730695018226,-2.453747087770253,-0.5923747782641223,0.06551355469599496
outer,1.5591055875327753,298.5219028182334,-2.4524745528214797,-0.5827952689059106,0.06642390437977738
outer,1.5639147919132421,298.60584809462597,-2.452424693088026,-0.5860226149195802,0.0666262753559025
outer,1.5676583432298439,298.68956815628127,-2.4524163218153023,-0.5892434738944253,0.06678498365216376
outer,1.57034202910104,298.7730695018226,-2.4524491802561106,-0.5924577822066164,0.06690037939472483
outer,1.59384181706918,298.5219028182334,-2.451101119212617,-0.5828780260085027,0.06787091233886519
outer,1.5982071363903896,298.6058480946259,-2.451064342370648,-0.5861061972197152,0.06805446186652314
outer,1.6015144151927978,298.68956815628127,-2.4510694278216674,-0.589327885186566,0.06819483112472724
outer,1.6038075061506907,298.77306950182265,-2.4511158863562,-0.5925430141858705,0.06829365089865305
outer,1.628732629386505,298.5219028182334,-2.4496912263134423,-0.582962816817459,0.06932209563893908
outer,1.6326612954225017,298.6058480946259,-2.4496676269138287,-0.5861919103557004,0.06948723556413716
outer,1.6355774026879333,298.68956815628127,-2.449686047100022,-0.5894145156010195,0.06961095442307484
outer,1.6374572454134264,298.7730695018226,-2.4497467992938358,-0.5926303635855352,0.06969252678238344
outer,1.663784419314965,298.52190281823346,-2.448243858088279,-0.5830497191134951,0.07077770158323252
outer,1.667321304468205,298.6058480946259,-2.4482333108897314,-0.5862798276337424,0.07092611049785752
outer,1.669823707623785,298.6895681562812,-2.4482657672513146,-0.5895032527963732,0.07103250879777384
outer,1.671292352945916,298.77306950182265,-2.448341573022894,-0.5927198966754986,0.07109690829230615
outer,1.6990409945512217,298.5219028182334,-2.4467577623093106,-0.5831388042000559,0.07223923071433996
outer,1.702163686955359,298.6058480946259,-2.4467609766787364,-0.586369834501338,0.07237023965133131
outer,1.7042544303858633,298.68956815628127,-2.446808239283521,-0.589594157555201,0.07245939240039612
outer,1.7053205992264904,298.77306950182253,-2.4468994699876134,-0.5928116586008234,0.07250700825966297
outer,1.7344789999495893,298.5219028182334,-2.445232516394229,-0.5832299548508083,0.07370583382054743
outer,1.7371895376028965,298.60584809462597,-2.4452502728971233,-0.5864619862099402,0.07381951812174377
outer,1.7388773016108359,298.68956815628127,-2.445312717434873,-0.5896872706373963,0.07389181208935727
outer,1.7395501623235983,298.7730695018226,-2.445419647275543,-0.5929056855624552,0.07392306869711332
outer,1.7700995245669005,298.5219028182334,-2.4436677669173155,-0.583323220655478,0.07517740295468114
outer,1.7724065472383395,298.6058480946259,-2.4437004457658458,-0.586556318874201,0.07527414681442224
outer,1.7737004574353803,298.68956815628127,-2.443778349218718,-0.5897826240435045,0.07533000339425573
outer,1.7739896461283746,298.7730695018226,-2.4439012135351383,-0.5930020151237725,0.07534534429300385
outer,1.8059102194517593,298.5219028182334,-2.4420627522203935,-0.5834186327401909,0.07665413305792745
outer,1.8078228101010967,298.6058480946259,-2.4421106332413123,-0.5866528598792546,0.07673435473170222
outer,1.8086480993397014,298.7730695018226,-2.4423429251649598,-0.593100748173113,0.07677416006979841
outer,1.8087324576358286,298.68956815628127,-2.4422042328453037,-0.5898802508732774,0.07677421427356898
outer,1.841919136978315,298.5219028182334,-2.440416600817537,-0.5835162134259212,0.07813624655991817
outer,1.8434468418886258,298.6058480946259,-2.440479923196878,-0.5867516373644982,0.07820038302676713
outer,1.8435658774533719,298.77306950182253,-2.4407433012560285,-0.5932019573131182,0.07821087571445087
outer,1.843982304515371,298.68956815628127,-2.440589108691045,-0.5899802446306983,0.07822476246027922
outer,1.8781347487987885,298.5219028182334,-2.4387283904593295,-0.5836159853850412,0.07962397775588126
outer,1.8787243693275137,298.7730695018226,-2.4391016196701387,-0.5933055400942294,0.07965480601733826
outer,1.8792875985463873,298.6058480946259,-2.438807040503155,-0.5868527370780688,0.07967254206404074
outer,1.879490146654057,298.6895681562813,-2.4389314776411775,-0.5900826749754032,0.07968299372241672
outer,1.9141303018143632,298.7730695018226,-2.4374171766209325,-0.5934115801907008,0.08110604539547352
outer,1.9145659645362778,298.5219028182334,-2.4369968310532304,-0.5837180261940582,0.08111762959321234
outer,1.9152374683354083,298.68956815628127,-2.437230610408341,-0.5901874353859636,0.08114821911765611
outer,1.915385021907995,298.6058480946259,-2.4370904681691923,-0.5869562249950874,0.08115216366208333
outer,1.949794394130347,298.7730695018226,-2.435688842040485,-0.5935201271340191,0.08256489576825994
outer,1.9512309619208097,298.6895681562812,-2.4354857955753286,-0.5902946019986745,0.08262052760154859
outer,1.9512525194357175,298.5219028182334,-2.4352203880829255,-0.5838223973778527,0.08261851994002281
outer,1.9517206916043515,298.6058480946259,-2.4353294698838113,-0.5870619897830076,0.08263855514643861
outer,1.9857279016280207,298.77306950182265,-2.433915375827472,-0.5936312248913143,0.08403168235987696
outer,1.9874812916658382,298.68956815628127,-2.4336958900985195,-0.5904042174217762,0.08410021286917854
outer,1.9881760884024153,298.5219028182334,-2.4333983183729346,-0.583928982033317,0.08412595242435227
outer,1.9883012655342338,298.6058480946259,-2.4335233270692695,-0.5871700995731071,0.08413179997081296
outer,2.0219426391029693,298.7730695018226,-2.4320954640093198,-0.593744918083156,0.08550674486491269
outer,2.0239996552132333,298.6895681562813,-2.431859639785914,-0.5905163182058398,0.08558759129076722
outer,2.025137353037304,298.6058480946259,-2.4316708841882506,-0.5872805893697699,0.08563218361926304
outer,2.025343294899105,298.5219028182334,-2.4315298966744026,-0.5840378397788746,0.08564000500261554
outer,2.0584510050114155,298.77306950182253,-2.430227714198868,-0.5938612515849974,0.08699043769373427
outer,2.0607978067802084,298.68956815628127,-2.4299757160557136,-0.59063094085018,0.08708299332587223
outer,2.062240094093607,298.6058480946259,-2.4297708735378665,-0.5873934875893566,0.08714001367446376
outer,2.0627646933912627,298.52190281823334,-2.4296139554765244,-0.5841489973245458,0.08716095501629978
outer,2.0952660066238797,298.7730695018226,-2.428310651069566,-0.5939802701566863,0.08848313028775129
outer,2.0978880812520955,298.68956815628127,-2.4280427115563485,-0.59074812144253,0.08858676382471277
outer,2.099621182391706,298.6058480946259,-2.427821952611689,-0.5875088219121753,0.08865561149345015
outer,2.1004513662403106,298.5219028182334,-2.427649214146352,-0.5842624742266872,0.0886891013861213
outer,2.1324012861390576,298.77306950182253,-2.4263427119202947,-0.5941020182904633,0.08998520757385055
outer,2.135283419206897,298.6895681562812,-2.4260591357722703,-0.590867895410293,0.09009926241687942
outer,2.1372928892979473,298.6058480946259,-2.42582269980135,-0.587626618969267,0.09017931255697156
outer,2.1384149466522118,298.5219028182334,-2.4256343168684147,-0.584378288625378,0.09022475654602055
outer,2.1698711477818944,298.7730695018226,-2.4243222421400743,-0.5942265404348381,0.09149707053603631
outer,2.17299739289533,298.6895681562812,-2.4240234104899745,-0.5909902974710133,0.09162086398354795
outer,2.17526808875242,298.6058480946259,-2.4237716099696143,-0.5877469041494969,0.09171146688394874
outer,2.176667642522877,298.5219028182334,-2.4235678283324913,-0.5844964569456094,0.0917682468177005
outer,2.207690585908187,298.77306950182253,-2.4222474898650677,-0.5943538813318807,0.09301913670565368
outer,2.2110442331999187,298.6895681562812,-2.4219338647621425,-0.5911153617041711,0.0931519591142281
outer,2.213560283115111,298.6058480946259,-2.4216670896500703,-0.5878697014825602,0.09325243945339565
outer,2.215222261205269,298.5219028182334,-2.421448229157317,-0.5846169936643503,0.09331991280689143
outer,2.245875314137699,298.7730695018226,-2.4201165991053566,-0.5944840858066697,0.09455184028434224
outer,2.2494388575954813,298.68956815628127,-2.4197887288750786,-0.591243121379057,0.09469295436068918
outer,2.252183629986072,298.6058480946259,-2.419507451553529,-0.5879950334062559,0.09480261052065504
outer,2.254092235221926,298.5219028182334,-2.4192739107935224,-0.5847399110012982,0.09488010975122914
outer,2.2844417955354395,298.7730695018226,-2.417927601526423,-0.5946171974851968,0.09609563180226333
outer,2.2881968991329886,298.68956815628127,-2.417586127248324,-0.5913736081391017,0.09624427217209938
outer,2.2911529700221416,298.6058480946259,-2.417290908259965,-0.5881229201571951,0.09636237572872818
outer,2.2932916489464037,298.5219028182334,-2.417043169781966,-0.5848652183844183,0.09644920773531913
outer,2.3234072738595177,298.7730695018226,-2.4156784085128646,-0.594753256900609,0.0976509776709212
outer,2.3273347364658337,298.68956815628127,-2.4153240709956982,-0.5915068505490885,0.09780635065228163
outer,2.330483855771349,298.6058480946259,-2.4150155653979986,-0.58825337867279,0.09793214604207998
outer,2.332835266276085,298.5219028182334,-2.414754201501725,-0.5849929215699866,0.0980275917686467
outer,2.362789805892269,298.77306950182253,-2.413366805077457,-0.5948923001809879,0.09921836022313352
outer,2.3668695249379463,298.68956815628127,-2.4130004513256744,-0.5916428727074418,0.0993796435014264
outer,2.37019258154468,298.6058480946259,-2.4126794150139994,-0.5883864212849151,0.09951234771528356
outer,2.372738559317428,298.5219028182334,-2.4124050937593142,-0.5851230214770492,0.09961566182482395
outer,2.402608294867988,298.7730695018226,-2.410990445108074,-0.5950343590928888,0.10079827837450483
outer,2.4068192287485153,298.6895681562812,-2.4106130339574103,-0.5917816935716714,0.10096462038322038
outer,2.4102962143439437,298.6058480946259,-2.410280329553139,-0.5885220547150317,0.10110342250785606
outer,2.4130177381033846,298.5219028182334,-2.4099938206336327,-0.5852555130637211,0.10121383300594358
outer,2.4428825250090695,298.77306950182253,-2.4085468451505276,-0.5951794614940837,0.10239124828367357
outer,2.447202654208883,298.68956815628127,-2.408159453182737,-0.5919233268427322,0.10256176748419062
outer,2.4508126258612095,298.6058480946259,-2.407816055876901,-0.5886602794865137,0.10270582812054652
outer,2.453689781361125,298.52190281823346,-2.4075182364349823,-0.5853903844479902,0.10282253588852183
outer,2.483633197178551,298.7730695018226,-2.4060333747524183,-0.5953276304694091,0.10399780329431971
outer,2.48803948410119,298.6895681562812,-2.405637203889654,-0.592067780401661,0.10417158775943189
outer,2.49176052556395,298.6058480946259,-2.4052842081849266,-0.5888010893026339,0.10432003855927632
outer,2.494772468345925,298.5219028182334,-2.404976069069533,-0.5855276160987731,0.10444221691290984
outer,2.5248819656535844,298.7730695018226,-2.4034472449453683,-0.5954788819162523,0.10561849323903433
outer,2.529350313148529,298.6895681562812,-2.403043631521963,-0.5922150545728189,0.10579460066099183
outer,2.533159494877355,298.60584809462586,-2.402682259273769,-0.5889444697351462,0.10594654417102418
outer,2.5362844117555845,298.5219028182334,-2.402364912227095,-0.5856671796918637,0.10607333860997874
outer,2.5666514760208026,298.77306950182253,-2.400784907542847,-0.595633361573951,0.10725397819841313
outer,2.571156684599519,298.68956815628127,-2.4003759217952982,-0.5923651397353831,0.10743134168484247
outer,2.575030022471137,298.60584809462586,-2.4000075308547113,-0.5890903961600027,0.10758585142365805
outer,2.5782450917352366,298.52190281823334,-2.399682216486102,-0.5858090363595326,0.1077163796083386
outer,2.6090140455546624,298.7730695018226,-2.398041739566969,-0.5957911968326355,0.10890651679855319
outer,2.613481127929379,298.68956815628127,-2.3976304904652457,-0.59251814900776,0.1090824553042479
outer,2.6173935406562174,298.6058480946259,-2.397257184059676,-0.5892388314844906,0.10923848272567112
outer,2.6206748909823787,298.5219028182334,-2.396925280041509,-0.585953134526638,0.1093718345734889
outer,2.6519766429667513,298.77306950182253,-2.395214274831734,-0.5959521093543901,0.11057611734671945
outer,2.6563955896184606,298.68956815628127,-2.3948026715536,-0.5926741794379108,0.11075017370267001
outer,2.660272462891663,298.6058480946259,-2.3944275990687376,-0.5893898541743539,0.11090506837770565
outer,2.6635951309548136,298.5219028182334,-2.3940912394604146,-0.5860994076493725,0.1110402142503368
outer,2.695546041442812,298.7730695018226,-2.3922998897684513,-0.5961160440780562,0.11226267755222447
outer,2.699907002647391,298.68956815628127,-2.39188897457242,-0.5928329221676814,0.11243449233302409
outer,2.7037383651668687,298.60584809462586,-2.3915140665399917,-0.5895435282003382,0.11258781572717208
outer,2.70702810918385,298.52190281823334,-2.3911764390200974,-0.5862478974055929,0.11272213636435864
outer,2.739750045773689,298.7730695018226,-2.3892951188840224,-0.5962830072021834,0.11396681210747298
outer,2.744022105473715,298.68956815628127,-2.3888867566422585,-0.5929942846063114,0.11413530067142899
outer,2.747798144760913,298.6058480946259,-2.3885130703937434,-0.5896995112892661,0.11428670921608851
outer,2.751045031450614,298.5219028182334,-2.3881761250711926,-0.5863986320217494,0.11441978526733292
outer,2.7846176917015786,298.7730695018226,-2.3861943176928717,-0.5964532983339085,0.11568943058258166
outer,2.78876856032396,298.68956815628127,-2.3857925228953683,-0.5931582310185793,0.11585320059537159
outer,2.792458505431337,298.6058480946259,-2.3854219470164444,-0.5898576708446415,0.11600163217813905
outer,2.795652759359809,298.5219028182334,-2.3850867541428413,-0.5865512331912772,0.11613313650073717
outer,2.8303021787154186,298.77306950182253,-2.382989815416596,-0.5966269884863126,0.11743526954949195
outer,2.8341752540646636,298.68956815628127,-2.382600566465773,-0.5933250027228294,0.11758908447221002
outer,2.8377469669572926,298.6058480946259,-2.382237170434325,-0.5900179267235118,0.1177331761543189
outer,2.8408579619955874,298.5219028182334,-2.3819056397027287,-0.5867055261662982,0.11786206957460035
outer,2.876734760053881,298.77306950182265,-2.379678189322684,-0.5968031392079837,0.11920168230347938
outer,2.8803946006810883,298.6895681562812,-2.379303148083791,-0.5934946245019705,0.11934764674673108
outer,2.883692267451232,298.6058480946259,-2.378952969588245,-0.5901804594778309,0.11948221920474933
outer,2.886688016798017,298.52190281823334,-2.378629221953966,-0.5868613843199265,0.11960716830675991
outer,2.923942532200674,298.7730695018226,-2.3762548483661536,-0.5969823156086846,0.12098928446487228
outer,2.927358205898939,298.68956815628127,-2.375896828464446,-0.5936661090091659,0.12112624803473837
outer,2.9304460360375204,298.6058480946259,-2.3755615332145306,-0.5903452442858691,0.1212534168764296
outer,2.9331715132392544,298.52190281823334,-2.3752516625739526,-0.5870189252664298,0.12136929939575261
outer,2.9721009148663278,298.7730695018226,-2.3727101645528657,-0.5971646256690766,0.12280344429545383
outer,2.9750930272694442,298.6895681562812,-2.372376956202504,-0.5938399447791621,0.1229254976105213
outer,2.9779402306405585,298.6058480946259,-2.372059399089675,-0.5905112418105379,0.12304414028545597
outer,2.9804592961813188,298.5219028182334,-2.3717650735694336,-0.5871780715476197,0.12315308267791271
outer,3.0211654850333844,298.7730695018226,-2.3690379977484577,-0.5973491029354379,0.12464232921943302
outer,3.0237735850690877,298.6895681562812,-2.3687338045864985,-0.5940161702837369,0.12475071996227412
outer,3.026201669992628,298.6058480946259,-2.3684418492354724,-0.5906788612678667,0.12485499565991982
outer,3.028483675478566,298.52190281823334,-2.3681659628190306,-0.5873377295311657,0.12495590288056198
outer,3.071207060066456,298.77306950182253,-2.3652311225534244,-0.5975361451750668,0.1265078680493485
outer,3.0733556840517897,298.6895681562812,-2.364961173407398,-0.5941937420043799,0.12660008702568534
outer,3.0754039756723257,298.60584809462586,-2.3646990518885516,-0.5908480681030966,0.12669126786394744
outer,3.0772713311503814,298.52190281823334,-2.364449539630192,-0.5874982278102739,0.12677836651937083
outer,3.122367759010755,298.7730695018226,-2.36127884844608,-0.597725393918135,0.12840412911374988
outer,3.123909778478386,298.68956815628127,-2.3610517403220594,-0.594372958036102,0.1284755163233337
outer,3.1255031800183395,298.60584809462586,-2.3608247396562305,-0.5910177404431587,0.12855113797534892
outer,3.1269949867626936,298.5219028182334,-2.360605860871264,-0.587659457220194,0.12862572286180438
outer,3.1746195764026894,298.7730695018225,-2.357172413697106,-0.597916143459855,0.13032984094824557
outer,3.1755772587035165,298.68956815628127,-2.356994698643844,-0.5945533657512786,0.1303810487109551
outer,3.1765693744849726,298.6058480946259,-2.356811486134815,-0.5911880773961965,0.13043651713565196
outer,3.177610902065632,298.5219028182334,-2.3566285842714834,-0.5878202180801473,0.13049616616019705
outer,3.2281473691578,298.77306950182253,-2.3528996612202495,-0.598108555799052,0.1322903617056273
outer,3.2283302628567276,298.68956815628127,-2.3527811742900777,-0.5947341460893191,0.13231542474645058
outer,3.2287432213325045,298.60584809462586,-2.352648358252459,-0.5913585325421064,0.13235142352182844
outer,3.2291888059835454,298.52190281823334,-2.352510171487275,-0.587980612825428,0.13239160505815475
outer,3.281868633237706,298.52190281823334,-2.348239553052643,-0.588140003549887,0.1343160385318392
outer,3.2819970021660674,298.60584809462586,-2.348326357621357,-0.5915281757307396,0.13429461395771886
outer,3.2823527000319297,298.6895681562812,-2.348398849677624,-0.5949153390997839,0.13428397723369673
outer,3.2829883465450527,298.77306950182253,-2.3484488748646375,-0.5983012960899758,0.13428620271808536
outer,3.33562280879942,298.5219028182334,-2.343807596244727,-0.5882973540390588,0.13626824244085622
outer,3.336513679033539,298.6058480946259,-2.343832994758951,-0.5916969291670906,0.13627139984949296
outer,3.337681588714017,298.68956815628127,-2.343835856868616,-0.5950954862519036,0.1362872249564677
outer,3.3391959852795505,298.77306950182253,-2.343807225083401,-0.5984943024822584,0.13631871052770983
outer,3.3906333483928477,298.5219028182334,-2.3392016310061754,-0.5884524759543401,0.13825350888297563
outer,3.3923300797918676,298.6058480946259,-2.3391562384980316,-0.5918632179651763,0.13828231054979928
outer,3.3943701314256796,298.68956815628115,-2.339079162509505,-0.5952743701212024,0.13832652460504896
outer,3.397054948813248,298.7730695018226,-2.338954691903032,-0.5986871611497632,0.13839619064036335
outer,3.4469368893923327,298.5219028182334,-2.33440945443959,-0.5886036882109128,0.14027237832191503
outer,3.449499132995497,298.6058480946259,-2.3342828429753504,-0.5920266813730989,0.14032871495899632
outer,3.452701532056629,298.6895681562812,-2.334108479720956,-0.5954514228721428,0.14041014500151675
outer,3.4565613789760192,298.77306950182253,-2.3338748693354647,-0.5988776654201232,0.14051771642002975
outer,3.5045860865931737,298.52190281823334,-2.3294176033315903,-0.5887505013115973,0.1423262308297529
outer,3.5083025841662585,298.6058480946259,-2.3291922446982123,-0.5921866105921948,0.1424188450263748
outer,3.5126719522186707,298.6895681562812,-2.328907163002837,-0.595624283687705,0.1425371892962929
outer,3.5178766662416114,298.7730695018226,-2.3285498772586113,-0.5990653145226139,0.14268759654475063
outer,3.563861228261496,298.52190281823334,-2.3242052336163774,-0.5888920807069512,0.14442325797132333
outer,3.5687366146818564,298.60584809462586,-2.323867550690577,-0.592340507759143,0.14455182988165477
outer,3.574441954884202,298.68956815628127,-2.3234570360374263,-0.5957922843703997,0.14471197025651913
outer,3.581184929610467,298.7730695018226,-2.322955080274147,-0.5992487152604795,0.14491083976478814
outer,3.624758515525944,298.5219028182334,-2.3187552051473803,-0.5890258107068014,0.1465626078592746
outer,3.6309609606902136,298.60584809462586,-2.3182902894632003,-0.5924875604096987,0.1467319796139592
outer,3.6381947150155733,298.6895681562812,-2.3177330926623236,-0.5959538489144346,0.1469394875706999
outer,3.6466865864465516,298.77306950182253,-2.31706259311561,-0.599426089523193,0.147192816540152
outer,3.6874368583405293,298.52190281823334,-2.3130487621627305,-0.589150759590347,0.14874857823924328
outer,3.6951578538880283,298.60584809462586,-2.312435094861753,-0.5926260378755561,0.14896427527770242
outer,3.7041296223716422,298.6895681562812,-2.311707036868878,-0.5961070130118377,0.14922509790891403
outer,3.714599004238092,298.77306950182253,-2.3108411098766948,-0.5995952267449082,0.1495392430566422
outer,3.752077545855868,298.5219028182334,-2.307060199194115,-0.5892650709915371,0.15098611927364952
outer,3.76152565726994,298.6058480946259,-2.3062732840516222,-0.5927538254975357,0.15125404664471387
outer,3.772462929926796,298.6895681562812,-2.3053471243232835,-0.5962493875482446,0.15157449755762709
outer,3.7851570449835044,298.7730695018225,-2.304255531097928,-0.5997533997763259,0.15195616178769825
outer,3.8188779150853045,298.52190281823334,-2.3007604788026788,-0.589366514086656,0.15328051825730554
outer,3.8302795102083738,298.60584809462586,-2.29977271201078,-0.5928683990254684,0.15360695253810325
outer,3.8434282954653702,298.68956815628127,-2.2986178044572156,-0.596378090285784,0.1539936999081708
outer,3.8586134685757534,298.7730695018225,-2.2972634574777704,-0.5998982972885941,0.154450490888664
outer,3.88805199264874,298.5219028182334,-2.2941170981783423,-0.589452467034408,0.1556373769001062
outer,3.9016518672589444,298.60584809462586,-2.2928974262384965,-0.5929667684015416,0.15602895370002257
outer,3.9172771828982365,298.6895681562812,-2.291476179807819,-0.5964906675667195,0.1564895730542362
outer,3.9354528136368687,298.77306950182253,-2.2898112704263047,-0.6000262259858328,0.15703530014806255
outer,3.9598310307909514,298.52190281823334,-2.287093754330626,-0.589519868537674,0.1580625788895868
outer,3.9758928974107013,298.6058480946259,-2.2856040901750907,-0.593046383030799,0.1585268380849998
outer,3.994491646459981,298.6895681562812,-2.28386809490119,-0.596583324252237,0.15907506111624745
outer,4.015866387404124,298.77306950182253,-2.2818427746644123,-0.6001325158973602,0.1597150527326655
outer,4.034463904566613,298.52190281823334,-2.2796467315136506,-0.5895661022186729,0.16056280374980056
outer,4.053482172543748,298.6058480946259,-2.277838080653821,-0.5931033823622882,0.16111338817579532
outer,4.0752620124934165,298.6895681562812,-2.2757368449580686,-0.5966513182697877,0.1617545203880441
outer,4.1005089234600804,298.77306950182253,-2.273285702327766,-0.6002137996456774,0.16250760045835133
outer,4.112427705394819,298.52190281823334,-2.2717210087744673,-0.5895872639514467,0.1631506421308983
outer,4.13460903890895,298.6058480946258,-2.269542271398744,-0.5931329807465789,0.16379281611772278
outer,4.160239657548943,298.6895681562812,-2.267009609884513,-0.5966912414243042,0.16454554579353772
outer,4.1897836117159555,298.77306950182253,-2.2640565219340876,-0.6002630574941582,0.16542246978152286
outer,4.193910800181945,298.52190281823334,-2.2632591205779367,-0.5895785366740509,0.16583013379812264
outer,4.219921518771124,298.6058480946258,-2.2606433983547265,-0.5931317490915311,0.1665824264399073
outer,4.249825704251685,298.6895681562812,-2.2576023856644665,-0.5966960697983341,0.1674573915037697
outer,4.279557859465763,298.52190281823334,-2.2541874499215346,-0.5895364705652146,0.16861827004777427
outer,4.284365892930571,298.7730695018225,-2.254057708668719,-0.6002752137959547,0.16847694412527772
outer,4.3098186691611025,298.60584809462586,-2.2510570949218094,-0.5930926598644853,0.16949117305881786
outer,4.344692130155741,298.68956815628115,-2.247417267592211,-0.5966607800614847,0.17050694380096865
outer,4.369765876258076,298.52190281823334,-2.244421349335595,-0.589454011965305,0.17152368823445913
outer,4.384984504000867,298.7730695018225,-2.243166896520709,-0.6002442100814529,0.17168923357563787
outer,4.404969007261903,298.60584809462586,-2.2406851669921504,-0.593010707328819,0.1725355236959741
outer,4.445563935686787,298.6895681562812,-2.236331519661025,-0.5965793362568358,0.1737119019819982
outer,4.465199910010128,298.52190281823334,-2.233862392491933,-0.5893261151179131,0.17456242917404333
outer,4.4926877306908,298.77306950182253,-2.2312319637119997,-0.6001620094262545,0.17508457862397336
outer,4.506093800084988,298.60584809462586,-2.229404561294079,-0.5928797907669623,0.17573265536488702
outer,4.55348403170627,298.68956815628115,-2.2241926867016124,-0.5964436662217334,0.17709681353976645
outer,4.5665774971668505,298.5219028182333,-2.2223872325717697,-0.589146512791295,0.1777511512342764
outer,4.608405717169277,298.77306950182253,-2.2180767647970243,-0.6000188301897659,0.17868279197984552
outer,4.614230587987212,298.60584809462586,-2.2170625091346774,-0.5926916619611406,0.17910643123472067
outer,4.66937779323107,298.6895681562812,-2.2108243451773144,-0.5962437588491429,0.18068069278683063
outer,4.6749308116767585,298.5219028182333,-2.2098427842150383,-0.5889066386268245,0.1811130575195854
outer,4.7302999807357375,298.6058480946258,-2.2034822922370454,-0.5924358887673362,0.18267510726346026
outer,4.7334968152385475,298.7730695018225,-2.203486349191373,-0.5998057955194089,0.18251304227218634
outer,4.7911757016915795,298.52190281823334,-2.196051998097343,-0.5885954601296569,0.1846656977381915
outer,4.794596607351407,298.68956815628115,-2.1960112560035174,-0.5959701625344273,0.18449170378969312
outer,4.855646406407398,298.6058480946258,-2.1884483204648144,-0.5921022114857172,0.18646592077887772
outer,4.869402269767095,298.7730695018225,-2.1871969451233544,-0.5995095670535309,0.1866017945255975
outer,4.916649641582717,298.52190281823334,-2.1807988546502073,-0.5882016992455252,0.18843546517256585
outer,4.930574329204181,298.6895681562812,-2.1794893300280638,-0.5956084012800607,0.18855521084939844
outer,4.991696336453714,298.6058480946258,-2.1716960595175845,-0.5916747470554838,0.1905032505570945
outer,5.017933842979035,298.7730695018225,-2.168888357144071,-0.5991107348913064,0.19097795080125476
outer,5.05277172474804,298.52190281823334,-2.1638182461986584,-0.5877078325158678,0.19244586593603064
outer,5.079113431518341,298.6895681562812,-2.160938073750708,-0.5951371808720167,0.19289895088332268
outer,5.14024296170974,298.6058480946258,-2.1529045240813867,-0.5911300236406128,0.19481381991208124
outer,5.180907004390928,298.77306950182253,-2.1481843557937923,-0.5985748766962193,0.19565827938141164
outer,5.201325867208009,298.5219028182333,-2.144788528428188,-0.5870879708870027,0.19672275343445125
outer,5.242020075307319,298.68956815628115,-2.139981081314204,-0.5945191885605035,0.19753869359348541
outer,5.303083142301862,298.60584809462586,-2.1316969239962145,-0.5904275763089667,0.19941259272527384
outer,5.360175712731544,298.77306950182253,-2.1246603618780684,-0.5978488587397367,0.20064540669743813
outer,5.364099635296024,298.52190281823334,-2.1233323666036266,-0.5862983011467259,0.20128046349745873
outer,5.421138713449752,298.6895681562812,-2.1161938982108195,-0.5936971555172924,0.20247648505473068
outer,5.482051833036438,298.60584809462586,-2.1076487672798976,-0.5895058463358596,0.20430126165707027
outer,5.542918492990604,298.5219028182333,-2.099025119155035,-0.5852728776655544,0.20612053723663493
outer,5.557433608499918,298.77306950182253,-2.0978498608149625,-0.5968384339510728,0.205914581696882
outer,5.6181543025982625,298.6895681562812,-2.0891113003453534,-0.5925718075186781,0.20768791289209185
outer,5.67882531382514,298.6058480946258,-2.0802960263143695,-0.5882605338219369,0.20945597626722873
outer,5.739450050080314,298.52190281823334,-2.071403907839579,-0.5839024108989674,0.2112198779780395
outer,5.773507429086339,298.7730695018225,-2.0673095372618877,-0.5953962148964489,0.2113942750741784
outer,5.83388934119141,298.68956815628115,-2.0582931526562467,-0.5909903552076671,0.21310325136681163
outer,5.894221847623129,298.6058480946258,-2.0492017340575788,-0.5865336187112326,0.21480897550286307
outer,5.954508337267392,298.52190281823334,-2.040034963129597,-0.5820238279878439,0.21651282000306815
outer,6.008121920686317,298.7730695018225,-2.032706790649875,-0.5933270687951833,0.21696928089687456
outer,6.068069986740528,298.6895681562812,-2.023411873728805,-0.5887523680522653,0.2186106373284215
outer,6.127969002102891,298.60584809462586,-2.014043422876874,-0.5841197076116863,0.22025178039603263
outer,6.187822331309842,298.5219028182333,-2.0046010368565694,-0.5794270765391578,0.22189428285831145
outer,6.259616288510177,298.7730695018224,-1.9939056422948314,-0.5904019016294842,0.22248946601431013
outer,6.319043959891679,298.68956815628115,-1.98433746610476,-0.585624078858095,0.2240643469900939
outer,6.378423006378471,298.60584809462586,-1.9746971799930837,-0.5807807680149181,0.2256429412797226
outer,6.437756763300441,298.5219028182333,-1.964984369374182,-0.575870200372015,0.22722693710557673
outer,6.525101250035152,298.7730695018224,-1.951027586927475,-0.586391919421557,0.2277959494306187
outer,6.583936792414374,298.68956815628115,-1.9411960175026,-0.5813726790233225,0.22930974294403586
outer,6.642724194390542,298.60584809462586,-1.9312936150593878,-0.5762803103944204,0.2308317457188398
outer,6.701466758060767,298.5219028182333,-1.9213199465369692,-0.5711132830609154,0.23236367692697418
outer,6.8011463619130135,298.77306950182253,-1.9044109174037491,-0.5810903564985187,0.23274888486017398
outer,6.85933562996053,298.6895681562812,-1.894326358458368,-0.5757879116793548,0.23420963425342087
outer,6.917477286399382,298.6058480946258,-1.8841717182778126,-0.570404738657547,0.23568325468388368
outer,6.975574597055077,298.52190281823334,-1.8739464299486892,-0.5649394653207969,0.2371714396745775
outer,7.084452142431562,298.7730695018225,-1.854484636564112,-0.5743088266700477,0.23723649005376674
outer,7.141957908334908,298.6895681562812,-1.8441525033763657,-0.5686784235444917,0.23865268458122127
outer,7.199416621884586,298.60584809462586,-1.8337497583843825,-0.5629596412287844,0.24008626871965602
outer,7.2568315105451004,298.5219028182333,-1.8232754358286443,-0.5571511133754471,0.24153891801754762
outer,7.372384763306978,298.7730695018225,-1.801622370028438,-0.5658599971179669,0.24116987724460837
outer,7.429183303749126,298.68956815628115,-1.7910374866175165,-0.5598542651943512,0.2425488382051827
outer,7.485935370503451,298.60584809462586,-1.7803789605234912,-0.5537520419107214,0.24394956066695117
outer,7.5426441513418965,298.5219028182333,-1.7696448113087968,-0.5475516142085528,0.24537384692809544
outer,7.663078389330823,298.77306950182253,-1.7460411436433745,-0.5555397063489469,0.24447001555849718
outer,7.719155547739271,298.6895681562812,-1.735182364919313,-0.5491080423821728,0.24581796926422794
outer,7.775186822708963,298.6058480946258,-1.7242419579246435,-0.54257000300018,0.24719251260512448
outer,7.831175361524858,298.52190281823334,-1.7132150973445073,-0.535922379084735,0.24859609438863756
outer,7.955334126492173,298.7730695018225,-1.6877651178677544,-0.5431179788785543,0.24706262787988403
outer,8.010681893414533,298.6895681562812,-1.6765864168399494,-0.536201917290476,0.24838744452676764
outer,8.065984373700626,298.6058480946258,-1.6653061051861067,-0.5291633089192835,0.2497462024740795
outer,8.121244673698921,298.52190281823334,-1.6539117799284173,-0.5219946163383284,0.2511433888031469
outer,8.248431362409423,298.77306950182253,-1.6266103583941098,-0.5283204773398472,0.24888500604487723
outer,8.303045423207504,298.68956815628115,-1.615014062449604,-0.5208357074513271,0.2502044926192706
outer,8.357614797702116,298.60584809462586,-1.6032659311545756,-0.5131947990236146,0.2515731418563114
outer,8.412142551063218,298.5219028182333,-1.5913384717877004,-0.5053827934574555,0.25299983468431386
outer,8.541966555548877,298.7730695018225,-1.562105290585806,-0.5107588713280611,0.2499149093672482
outer,8.595844664673415,298.6895681562812,-1.5498698422228623,-0.5025502739500441,0.25127729794882303
outer,8.649678689664679,298.6058480946258,-1.537371976589855,-0.4941214387863644,0.25272105114077037
outer,8.703471654387908,298.52190281823334,-1.5245661960975574,-0.48545400691417095,0.2542606692352648
outer,8.835721156884764,298.7730695018225,-1.4932147602635417,-0.4897524077529939,0.25024521494012136
outer,8.888862189358507,298.6895681562812,-1.4798685856445308,-0.48053697989876076,0.2517642752041199
outer,8.941959740789647,298.6058480946258,-1.4660725952452414,-0.47101818240599386,0.2534193611272337
outer,8.995016793675603,298.5219028182333,-1.451777873861464,-0.4611936671049834,0.2552260426483961
outer,9.129581909556137,298.7730695018225,-1.4178018787620617,-0.46408711415185083,0.2502160452598692
outer,9.181985321106536,298.6895681562812,-1.4025304336572615,-0.4534809860751403,0.25209415269919544
outer,9.234345855150435,298.60584809462586,-1.3865911996184817,-0.44253814283892995,0.25416959862340716
outer,9.286666452786747,298.5219028182333,-1.3699643574408025,-0.43129836890753964,0.25644654716615456
outer,9.423492635124395,298.77306950182253,-1.3321116555929475,-0.43206625399075493,0.25050326246153665
outer,9.475158169524185,298.6895681562812,-1.3138843708409496,-0.41982635965308657,0.25297296435001687
outer,9.526781430163137,298.60584809462586,-1.2948607108704773,-0.4073675734301547,0.2556599467710335
outer,9.578365316727409,298.52190281823334,-1.275074460831597,-0.3947738027645211,0.2585438792920459
outer,9.71742597792487,298.77306950182253,-1.2309783891244217,-0.3923795367503505,0.2518736920673369
outer,9.768353519208178,298.6895681562812,-1.2089727961066035,-0.37879424488218905,0.2550013246022107
outer,9.819239390571166,298.60584809462586,-1.1862396980634513,-0.36528098141502785,0.2582673387918265
outer,9.870086450280725,298.5219028182334,-1.16285468679608,-0.35192648722726394,0.26162657560261404
outer,10.011369315410551,298.7730695018225,-1.1091611143935143,-0.34564660465901625,0.2542925492759933
outer,10.061558812331363,298.6895681562812,-1.0831966919691114,-0.33164939200583043,0.257701298069625
outer,10.111707243214308,298.6058480946259,-1.0567524449599426,-0.3180359354246628,0.2610544580565674
outer,10.161817424904205,298.5219028182334,-1.0299110449790463,-0.30484199573365894,0.2643002263794997
outer,10.30531691971919,298.77306950182253,-0.962641891239408,-0.2948063114569444,0.2553488177300267
outer,10.354768350400072,298.68956815628127,-0.9331265805825076,-0.2812883392776857,0.2580403880965452
outer,10.404179318943504,298.6058480946259,-0.9034609849989617,-0.2682542321102271,0.26043591501637153
outer,10.453552600770863,298.5219028182333,-0.8737286901791265,-0.2556854367254794,0.26250664340225804
outer,10.599266289877942,298.77306950182253,-0.7871619566463928,-0.24071907218723693,0.24838384989134493
outer,10.64797964526485,298.6895681562812,-0.754899524986902,-0.22730653654707594,0.24898576610099776
outer,10.69665314242205,298.6058480946259,-0.7229941003276519,-0.21428354542158823,0.24917733710172332
outer,10.745289515347123,298.52190281823334,-0.6915464741715702,-0.20163512968995412,0.24897212636684735
outer,10.893216371528611,298.77306950182253,-0.5775482593690945,-0.17318010993785166,0.2228818626307381
outer,10.941191647973472,298.68956815628115,-0.5453858316812815,-0.15864823801344977,0.22083653718736984
outer,10.989127670099425,298.60584809462586,-0.5144390894856017,-0.1446064402965363,0.21854820537017905
outer,11.03702713047989,298.52190281823334,-0.4847589409358562,-0.13106141350912495,0.2160480680869954
outer,11.187166729187917,298.77306950182253,-0.3463543035220872,-0.07476756392742712,0.17369376405556713
outer,11.234403925275563,298.68956815628127,-0.3214068742089596,-0.06033134332886066,0.17067089415556513
outer,11.281602470956166,298.6058480946259,-0.29825470891988753,-0.04673265446407969,0.16767423602684933
outer,11.328765017379094,298.5219028182334,-0.2768085591446212,-0.03393881554911801,0.16470820881176654
outer,11.481117191513423,298.77306950182253,-0.1511497299086005,0.04878880812956393,0.11503566590870892
outer,11.527616306707131,298.68956815628127,-0.13944114541438943,0.0590356936180487,0.1135903914946736
outer,11.57407737540627,298.60584809462586,-0.12893846661016495,0.0684471613311039,0.11217539019303244
outer,11.620503007335854,298.5219028182334,-0.1195194873713905,0.07708835112937903,0.11078086269637939
outer,11.77506769213907,298.7730695018226,-0.052077687135578886,0.1606014174808738,0.07121905705139912
outer,11.820828726242558,298.68956815628127,-0.04993394804652182,0.16512441713546822,0.07154876666434218
outer,11.866552317763905,298.6058480946259,-0.048052815301077245,0.1691843360664966,0.07175725529274957
outer,11.91224103500412,298.5219028182334,-0.04639650625234809,0.17281986299038155,0.07184982677433484
outer,12.06901820638385,298.7730695018226,-0.029648262218551553,0.2396254594356181,0.04735297680768112
outer,12.11404115932725,298.6895681562812,-0.029710620299323302,0.24034908160104673,0.048035072876526655
outer,12.159027273601087,298.6058480946259,-0.029740693173577772,0.2408704770312345,0.048564308370716236
outer,12.203979076082163,298.52190281823334,-0.02973950558352814,0.2412035335160192,0.048952002382383814
outer,12.362968725335698,298.7730695018226,-0.0267212734068114,0.2943721207209171,0.03267512070907617
outer,12.407253597094838,298.6895681562812,-0.026608372176710426,0.2928668875832372,0.033121103749874176
outer,12.451502234097093,298.60584809462586,-0.02647200651808325,0.2912765692061051,0.0334505122325788
outer,12.49571712179486,298.5219028182334,-0.026313913567760583,0.28960655224133663,0.03367175143060294
outer,12.656919245856654,298.77306950182253,-0.02370499804931687,0.33339286978163424,0.02161397799028987
outer,12.700466036423544,298.6895681562812,-0.02348541596823666,0.33039302894390793,0.02182677926765083
outer,12.743977196146128,298.6058480946259,-0.02325029546516752,0.32737746787199,0.021954231570543464
outer,12.787455169052645,298.5219028182334,-0.023001266213426356,0.3243477362390725,0.022002294915173214
outer,12.950869766888841,298.7730695018226,-0.021018498074189755,0.3601191995917105,0.013213974494170222
outer,12.993678476260833,298.6895681562812,-0.02072130503403162,0.356146646964304,0.013221373282455415
outer,13.036452158701097,298.6058480946259,-0.020416536552664594,0.3521989697930486,0.013168247786872575
outer,13.079193216813772,298.52190281823334,-0.020105378027261457,0.34827602115412226,0.013058766419204101
outer,13.24482028808158,298.77306950182253,-0.01864057860895078,0.3773037334018428,0.006803902193251818
outer,13.286890916257862,298.68956815628127,-0.01829458726614359,0.37272507670613875,0.006641068928269447
outer,13.328927121415045,298.6058480946259,-0.017947400266674223,0.36819498935612255,0.006436721719201358
outer,13.370931264733011,298.52190281823334,-0.017599812436430124,0.3637124978386992,0.0061937556815034045
outer,13.53877080932343,298.77306950182253,-0.01653627982505693,0.3870837528566698,0.0019151421866551027
outer,13.580103356303693,298.6895681562812,-0.016166314725554107,0.3821598035443143,0.0016155005590938881
outer,13.621402084177541,298.6058480946259,-0.01579980871292834,0.3772975460265915,0.001288679670170434
outer,13.662669312700594,298.52190281823334,-0.015437256672396284,0.3724956040591926,0.0009366626942833994
outer,13.832721330579883,298.7730695018226,-0.014674949782628826,0.39112719880540614,-0.0017963767022156074
outer,13.87331579636408,298.68956815628127,-0.014300768786278256,0.3860444348601276,-0.002203752530751543
outer,13.91387704695449,298.6058480946259,-0.013933194072185129,0.38102960501168914,-0.0026276276786001
outer,13.954407360682477,298.5219028182334,-0.013572496798861158,0.37608116850116746,-0.0030666753999491064
outer,14.12667185184051,298.7730695018226,-0.013032291254731085,0.3907433124447278,-0.004591658423930223
outer,14.16652823642864,298.6895681562812,-0.012668580881673573,0.38563446713028804,-0.005082469424451425
outer,14.20635200973556,298.6058480946259,-0.012313403366891289,0.3805952706674344,-0.005581925952093461
outer,14.246145408668532,298.5219028182334,-0.011966865922471058,0.37562416008750854,-0.006089172920046612
outer,14.420622373102304,298.7730695018226,-0.011587363856377549,0.38696338106964456,-0.006672989188066927
outer,14.45974067649437,298.6895681562812,-0.01124432599542869,0.38192164673526935,-0.007227350387197656
outer,14.498826972517852,298.6058480946259,-0.010910798223708308,0.37694833264755695,-0.007784673390977229
outer,14.53788345665576,298.5219028182334,-0.010586770481206313,0.3720419396366754,-0.00834443904667008
outer,14.714572894364355,298.7730695018226,-0.010320928351199507,0.38060037533411534,-0.008199013227026458
outer,14.752953116560352,298.68956815628127,-0.010005029750725793,0.37568964357722445,-0.008800855939471525
outer,14.791301935300398,298.6058480946259,-0.009698905604714952,0.37084425929371906,-0.009401630432782929
outer,14.829621504643239,298.5219028182334,-0.00940246521530183,0.3660628370108612,-0.010001053053868336
outer,15.00852341562656,298.77306950182253,-0.00921464143346909,0.3722943733583066,-0.009294803832584825
outer,15.04616555662654,298.68956815628127,-0.00892937351015178,0.3675568335453115,-0.009931247723931974
outer,15.083776898083045,298.6058480946259,-0.008653630238518492,0.36288049530270144,-0.01056384193232196
outer,15.121359552630873,298.5219028182334,-0.008387269010783127,0.35826411254354157,-0.011192464003846839
outer,15.302473936888815,298.7730695018225,-0.008250842896147775,0.36254799541280613,-0.010059021036189136
outer,15.339377996692626,298.68956815628127,-0.007997420095594204,0.35800986958080416,-0.010719796019370703
outer,15.376251860865745,298.6058480946259,-0.007752921028301531,0.3535282647438044,-0.0113748718469497
outer,15.413097600618505,298.5219028182334,-0.007517173456806317,0.34910208348722604,-0.012024232677143934
outer,15.596424458151018,298.7730695018226,-0.007412629855159676,0.35175452635906335,-0.010569274084813451
outer,15.632590436758814,298.6895681562812,-0.007190599357524502,0.3474304295270962,-0.011246218431393534
outer,15.668726823648443,298.6058480946259,-0.006976671301612912,0.3431580077365765,-0.011916300320700915
outer,15.704835648606139,298.5219028182334,-0.006770660722468846,0.3389363106126565,-0.01257957093300234
outer,15.890374979413274,298.7730695018226,-0.006684044323823378,0.34022046444712917,-0.010886299457522189
outer,15.92580287682495,298.68956815628127,-0.006491798770271277,0.33611672025031614,-0.01157293813209638
outer,15.961201786431142,298.6058480946259,-0.006306716096933923,0.3320598847455826,-0.012252047959356638
outer,15.996573696593773,298.5219028182334,-0.006128611004555959,0.32804914602729945,-0.012923718959899785
outer,16.184325500675477,298.77306950182253,-0.006050272568169299,0.32818368670636483,-0.01105730436474539
outer,16.219015316891088,298.6895681562812,-0.005885467357243192,0.32430083478192734,-0.01174850214080675
outer,16.25367674921379,298.6058480946259,-0.00572684437466664,0.3204603586457718,-0.012431857439013205
outer,16.288311744581407,298.5219028182334,-0.005574226634021247,0.3166615722635575,-0.013107479564238397
outer,16.47827602193768,298.7730695018226,-0.0054978049351431316,0.3158280899198317,-0.011118685274009985
outer,16.512227756957223,298.6895681562812,-0.005357686835323214,0.3121627628797079,-0.011810365648307966
outer,16.546151711996487,298.6058480946259,-0.0052227851589153815,0.3085356000273853,-0.01249413428580827
outer,16.58004979256904,298.52190281823334,-0.005092936823895451,0.3049460266797106,-0.01317010666561988
outer,16.772226543199935,298.77306950182253,-0.005014534906224791,0.3032953591168277,-0.01109825450332319
outer,16.80544019702341,298.68956815628127,-0.004896191471108688,0.29984166761359904,-0.011787174567417971
outer,16.838626674779185,298.60584809462586,-0.004782151763660529,0.29642229115373764,-0.012468277727530855
outer,16.87178784055667,298.52190281823334,-0.004672269774993215,0.2930367514379841,-0.013141677262836507
outer,17.06617706446214,298.77306950182253,-0.004589793749825266,0.2906943799440682,-0.011017065384585467
outer,17.098652637089547,298.68956815628127,-0.004490334390037189,0.28744491593641347,-0.011700637188032173
outer,17.131101637561834,298.6058480946259,-0.0043943431381519085,0.28422628947306494,-0.012376592583924165
outer,17.163525888544253,298.5219028182334,-0.004301692364258113,0.28103810422136893,-0.013045037675116639
outer,17.360127585724392,298.7730695018226,-0.004214327087351616,0.27810871641432444,-0.010890902479860978
outer,17.391865077155686,298.68956815628127,-0.004131007043664203,0.2750552630231069,-0.011567052360460711
outer,17.423576600344532,298.6058480946259,-0.004050409332545447,0.2720295297132852,-0.0122358503204536
outer,17.45526393653194,298.52190281823334,-0.003972424657016929,0.26903118884955135,-0.012897392685422136
outer,17.654078106986596,298.7730695018226,-0.0038802246356711145,0.2656025049713026,-0.010731489269262859
outer,17.68507751722182,298.6895681562812,-0.003810522774701508,0.2627365239826262,-0.011398547757484348
outer,17.71605156312723,298.6058480946259,-0.0037428916704507764,0.25989548150931463,-0.012058553779984021
outer,17.74700198451952,298.5219028182334,-0.003677239385639644,0.2570791068204016,-0.012711592885035775
outer,17.9480286282488,298.7730695018226,-0.0035808159377001825,0.25322506002478234,-0.010547457087051508
outer,17.97828995728796,298.6895681562812,-0.003522476557163187,0.2505380137874895,-0.011204073133088466
outer,18.00852652590988,298.6058480946259,-0.0034656488852389186,0.2478734297169842,-0.01185395150528798
outer,18.038740032507103,298.5219028182334,-0.0034102567741127326,0.24523108380801184,-0.012497166997753571
outer,18.241979149511057,298.77306950182253,-0.0033105446652800935,0.24101443971659836,-0.010345113158605423
outer,18.271502397354094,298.6895681562812,-0.0032615923503041544,0.2384979923561381,-0.01099018751079521
outer,18.301001488692577,298.6058480946259,-0.0032136795097622017,0.23600180299029144,-0.011628841510079445
outer,18.33047808049479,298.5219028182334,-0.003166743914477889,0.23352568573076443,-0.012261139826066463
outer,18.53592967077326,298.77306950182253,-0.003064832507787142,0.22900018103682143,-0.010129041052928132
outer,18.564714837420283,298.6895681562812,-0.003023567833264511,0.22664631396393364,-0.01076167456572065
outer,18.593476451475276,298.6058480946259,-0.0029829490706992645,0.22431074023455577,-0.011388199610184363
outer,18.62221612848237,298.5219028182334,-0.002942925940094876,0.22199330493323077,-0.012008671675147416
outer,18.829880192035514,298.77306950182253,-0.002839941742310337,0.21720537877274715,-0.009902562944483863
outer,18.857927277486418,298.6895681562812,-0.0028049242579333278,0.21500644728407767,-0.010522016412730817
outer,18.885951414257974,298.6058480946259,-0.002770228461755654,0.21282405343217226,-0.011135663239024735
outer,18.913954176470053,298.5219028182334,-0.002735814091295752,0.2106580674407473,-0.011743550801472075
outer,19.123830713297718,298.77306950182253,-0.002632843247914282,0.20564825255098815,-0.009668089508978552
outer,19.151139717552557,298.6895681562812,-0.0026028668815116507,0.20359700359217903,-0.010273752331106077
outer,19.178426377040623,298.60584809462586,-0.002572947700678452,0.20156071792466404,-0.010873897890208803
outer,19.20569222445769,298.5219028182334,-0.0025430536616898036,0.1995392862039591,-0.01146856652589514
outer,19.41778123455992,298.7730695018226,-0.002441094763193194,0.19434331983654196,-0.0094273798419705
outer,19.44435215761869,298.6895681562812,-0.0024151595645515236,0.19243288559133434,-0.01001874539462292
outer,19.47090133982332,298.60584809462586,-0.0023890674781837234,0.19053599744424818,-0.010604869652543057
outer,19.49743027244532,298.5219028182334,-0.0023627930784240678,0.1886525627054346,-0.011185786914601321
outer,19.711731755822175,298.77306950182253,-0.0022627321890831414,0.18330227009029904,-0.00918173055150262
outer,19.737564597684827,298.6895681562812,-0.002240015235717374,0.1815261478122331,-0.00975837661917247
outer,19.76337630260602,298.6058480946259,-0.002216969197250694,0.17976229073582145,-0.010330043844211427
outer,19.789168320432953,298.5219028182334,-0.0021935738771539093,0.17801061981594823,-0.010896761373587978
outer,20.00568227708438,298.7730695018225,-0.0020961752446928827,0.17253461562010933,-0.008932110152947141
outer,20.030777037751015,298.6895681562812,-0.0020760026831817963,0.17088664075532883,-0.009493683140185519
outer,20.05585126538872,298.60584809462586,-0.0020553631062242145,0.16924976877328685,-0.010050526586870202
outer,20.08090636842059,298.52190281823334,-0.0020342403773655413,0.16762393187055727,-0.01060266525886968
outer,20.299632798346583,298.77306950182253,-0.0019401477046082014,0.1620481782929871,-0.008679252052179315
outer,20.323989477817154,298.6895681562812,-0.001921969126562513,0.16052249549727335,-0.009225454012137334
outer,20.348326228171366,298.60584809462586,-0.00190321329030705,0.1590068569057677,-0.009767163173949593
outer,20.37264441640817,298.52190281823334,-0.0018838671565481885,0.15750120403224366,-0.010304400575786604
outer,20.593583319608836,298.77306950182253,-0.0017936115014030377,0.15184945771424338,-0.008423716908118842
outer,20.61720191788329,298.6895681562812,-0.0017769772962158495,0.15044049252241293,-0.008954294661999117
outer,20.640801190954065,298.60584809462586,-0.001759677713793699,0.14904060394573607,-0.009480604462140947
outer,20.664382464395853,298.52190281823334,-0.0017417020316488271,0.14764974126252872,-0.010002664168191663
outer,20.88753384087104,298.77306950182253,-0.001655713410004707,0.14194391523255004,-0.008165932956430533
outer,20.910414357949424,298.6895681562812,-0.001640255351165583,0.14064634780728053,-0.008680668769688149
outer,20.933276153736763,298.60584809462586,-0.0016240613032463685,0.13935696992927796,-0.009191350225068125
outer,20.956120512383485,298.52190281823334,-0.001607122237649812,0.13807573737582596,-0.00969799246569546
outer,21.181484362133244,298.77306950182253,-0.0015257428558659442,0.132336199133362,-0.007906220978815284
outer,21.203626798015563,298.6895681562812,-0.0015111578576584295,0.13114494067305255,-0.00840492440068289
outer,21.22575111651941,298.60584809462586,-0.0014957799892518428,0.12996105625968138,-0.00889977641855174
outer,21.247858560371068,298.5219028182333,-0.0014796014326439039,0.1287845071182096,-0.00939078984414268
outer,21.4754348833955,298.77306950182253,-0.0014030992507387818,0.1230303294317544,-0.007644808986976684
outer,21.49683923808175,298.6895681562812,-0.0013891360746793868,0.12194050121519454,-0.008127309582613651
outer,21.51822607930211,298.60584809462586,-0.001374333837037181,0.12085729543692378,-0.008606151639169536
outer,21.539596608358703,298.52190281823334,-0.001358685551484863,0.11978067789149918,-0.009081345964574286
outer,21.769385404657704,298.77306950182253,-0.0012872672222794673,0.11402985495580488,-0.007381840429932767
outer,21.790051678147886,298.6895681562812,-0.0012737158133217207,0.11303676966038839,-0.007847981217235605
outer,21.81070104208481,298.60584809462586,-0.0012592874009602212,0.11204961243137662,-0.008310646753792589
outer,21.831334656346336,298.52190281823334,-0.0012439755316271846,0.11106835289515554,-0.00876984613049326
outer,22.063335925919958,298.7730695018225,-0.0011777981920261457,0.10533799138426514,-0.0071173786621295775
outer,22.08326411821402,298.68956815628115,-0.0011644812413577933,0.10443713617913139,-0.007567010132427932
outer,22.10317600486751,298.60584809462586,-0.0011502556441209122,0.10354156605288756,-0.008013340560982973
outer,22.123072704333968,298.52190281823334,-0.0011351152626339275,0.1026512538209517,-0.008456377575780473
outer,22.35728644718216,298.77306950182253,-0.0010742970426944297,0.09695774580542713,-0.006851409579463629
outer,22.37647655828016,298.6895681562812,-0.0010610634245312237,0.09614476660711085,-0.007284384231266219
outer,22.395650967650155,298.60584809462586,-0.0010468942708814176,0.0953364756502896,-0.007714223474929071
outer,22.414810752321603,298.5219028182334,-0.0010317836014647266,0.09453284838067878,-0.008140933706766162
outer,22.651236968444366,298.7730695018225,-0.0009764127270362258,0.08889203086647621,-0.006583843733477441
outer,22.669688998346295,298.6895681562812,-0.0009631324650665671,0.08816271716325291,-0.007000011077852135
outer,22.688125930432854,298.6058480946258,-0.0009488933076716617,0.08743753627544164,-0.007413200612006305
outer,22.706548800309236,298.52190281823334,-0.0009336893147881414,0.08671646579774801,-0.00782341771351195
outer,22.94518748970662,298.7730695018225,-0.000883831803688586,0.08114377026888407,-0.006314518721571599
outer,22.962901438412484,298.68956815628115,-0.0008703922458263569,0.08049403998675045,-0.006713720752898025
outer,22.980600893215552,298.60584809462586,-0.0008559729871528733,0.07984792417122075,-0.007110095134143117
outer,22.998286848296868,298.52190281823334,-0.0008405680364330335,0.07920540215925675,-0.007503646427201055
outer,23.239138010968823,298.77306950182253,-0.0007962742266760803,0.0737159960311871,-0.006043202345503148
outer,23.25611387847862,298.68956815628115,-0.0007825771476369023,0.0731418799869075,-0.006425269485991734
outer,23.2730758559982,298.6058480946258,-0.0007678813273987208,0.07257089315857015,-0.006804652373277948
outer,23.290024896284503,298.52190281823334,-0.0007521806658849356,0.07200301627214897,-0.007181354949330039
outer,23.533088532231076,298.7730695018225,-0.0007134906063141801,0.066611937393441,-0.005769596775669265
outer,23.549326318544757,298.68956815628115,-0.0006994500184692755,0.0661095629271965,-0.006134344309305852
outer,23.5655508187809,298.6058480946258,-0.000684392779983712,0.06560986184721364,-0.006496544993999712
outer,23.581762944272135,298.52190281823334,-0.0006683126519991187,0.0651128159682866,-0.006856202341771886
outer,23.82703905349328,298.7730695018225,-0.0006352605352467379,0.05983510067950437,-0.005493343775713637
outer,23.842538758610893,298.68956815628115,-0.0006208010346929818,0.05940067412159612,-0.005840568803952586
outer,23.858025781563597,298.6058480946258,-0.0006053075992518454,0.05896849114237764,-0.00618537927569875
outer,23.873500992259768,298.5219028182333,-0.0005887738373353997,0.058538534402619274,-0.006527778461183548
outer,24.120989574755537,298.7730695018225,-0.0005613916247492329,0.053389339076967364,-0.005214030990505755
outer,24.13575119867708,298.6895681562812,-0.0005464471164723303,0.053019126771776975,-0.005543509950230776
outer,24.1505007443463,298.6058480946258,-0.0005304516047992605,0.05265075113903554,-0.005870702542564492
outer,24.165239040247403,298.52190281823334,-0.0005133985462479826,0.05228419549721093,-0.0061956119745694895
outer,24.41494009601774,298.7730695018225,-0.0004917187667600603,0.04727891130304683,-0.00493119928505955
outer,24.428963638743166,298.68956815628115,-0.00047623143988455643,0.04696921894247879,-0.005242686083109346
outer,24.442975707128944,298.60584809462586,-0.0004596759347657575,0.04666097639960312,-0.005552011741938664
outer,24.456977088234986,298.5219028182333,-0.0004420455849892743,0.04635416750185316,-0.005859179582853584
outer,24.708890617279945,298.7730695018225,-0.00042610354608125893,0.04150852747986167,-0.004644351159970443
outer,24.722176078809355,298.6895681562812,-0.00041002306230078327,0.041255677416168826,-0.004937576005602958
outer,24.735450669911643,298.60584809462574,-0.0003928568830590968,0.041003907793254045,-0.005228763273104516
outer,24.748715136222668,298.5219028182333,-0.0003745982553802728,0.04075320286038426,-0.005517916580885049
outer,25.00284113854215,298.7730695018225,-0.0003644335054750394,0.03608338043668977,-0.004352960450451847
outer,25.01538851887549,298.68956815628115,-0.00034771632036694443,0.035883686706177705,-0.004627629506419479
outer,25.02792563269434,298.6058480946258,-0.00032989542538315597,0.03568471924198614,-0.004900384356668506
outer,25.04045318421025,298.5219028182333,-0.00031096403510235543,0.035486462680509895,-0.005171229091320817
outer,25.296791659804402,298.7730695018225,-0.0003066211554893679,0.031009159741197424,-0.004056483896832762
outer,25.30860095894163,298.68956815628115,-0.0002892299711755395,0.030858900402729796,-0.00431227994375332
outer,25.32040059547699,298.6058480946258,-0.0002707165183970933,0.030709026389143378,-0.004566286648229973
outer,25.332191232197886,298.52190281823334,-0.00025107406625215004,0.03055952273142685,-0.0048185087402270385
outer,25.590742181066606,298.7730695018225,-0.00025260271560714927,0.026292044301563885,-0.003754375683774869
outer,25.601813399007764,298.6895681562812,-0.00023450616201334783,0.026187430516176467,-0.003990960095899016
outer,25.612875558259688,298.60584809462586,-0.00021526832865762652,0.02608287272104241,-0.004225883439799241
outer,25.623929280185518,298.52190281823334,-0.0001948826426331502,0.025978356418990975,-0.0044591512563965825
outer,25.88469270232881,298.7730695018225,-0.0002023363756111264,0.021938667161780792,-0.00344610702551185
outer,25.895025839073902,298.68956815628115,-0.00018350905359813471,0.02187580836118515,-0.0036631235506228545
outer,25.905350521042386,298.6058480946258,-0.00016352126193652956,0.021812686610962598,-0.00387861292353905
outer,25.91566732817315,298.5219028182333,-0.00014236672065738414,0.021749288033262038,-0.004092581661630964
outer,26.178643223591063,298.7730695018225,-0.0001558003703088671,0.017956041884814793,-0.0031311945986893567
outer,26.188238279140087,298.68956815628115,-0.00013622357679160622,0.01793090614665407,-0.0033282757470716696
outer,26.19782548382509,298.6058480946258,-0.00011546750171317205,0.017905198204887486,-0.003523971909207504
outer,26.207405376160786,298.5219028182333,-9.352634540460338e-05,0.01787890501874554,-0.0037182907312843963
outer,26.472593744853267,298.7730695018225,-0.00011299100702381968,0.014351433540473284,-0.0028092442381470392
outer,26.481450719206226,298.68956815628115,-9.265476106366799e-05,0.014359802055645068,-0.0029860215515249643
outer,26.490300446607733,298.6058480946258,-7.11217875879978e-05,0.014367298758727318,-0.0031615673627893425
outer,26.499143424148418,298.5219028182333,-4.8387006823468436e-05,0.014373911766401418,-0.0033358905883485333
outer,26.76654426611552,298.7730695018225,-7.392124998983288e-05,0.011132146189019428,-0.0024800207831629506
outer,26.77466315927236,298.6895681562812,-5.28286816425267e-05,0.011169560638140216,-0.002636141013053716
outer,26.78277540939043,298.6058480946258,-3.0524948083170654e-05,0.011205814232796572,-0.0027911981942471287
outer,26.79088147213605,298.5219028182333,-7.006007704367899e-06,0.0112408966905401,-0.002945202624712209
outer,27.060494787377724,298.7730695018225,-3.8621017166617054e-05,0.008305181240850664,-0.0021435626030537063
outer,27.0678755993385,298.6895681562812,-1.6797160601633807e-05,0.00836688293253866,-0.0022787130764713743
outer,27.07525037217313,298.60584809462586,6.246560294055625e-06,0.008427147594334865,-0.0024129882797901793
outer,27.082619520123686,298.5219028182333,3.0512765052908945e-05,0.008485967181888142,-0.002546399931469176
outer,27.35444530863998,298.7730695018225,-7.142830897687372e-06,0.005876691651426128,-0.0018003726400178212
outer,27.361088039404635,298.68956815628115,1.5348264973590042e-05,0.005957551895687981,-0.0019143210858782362
outer,27.367725334955832,298.60584809462586,3.90579671405095e-05,0.006036716456462508,-0.0020276064420540266
outer,27.374357568111318,298.5219028182333,6.398705056330153e-05,0.006114180430431026,-0.00214024175275727
outer,27.648395829902185,298.7730695018225,2.041962762012366e-05,0.003851110241200176,-0.0014517408736604395
outer,27.654300479470823,298.68956815628115,4.3443792089404264e-05,0.003945554856469992,-0.0015443977079744743
outer,27.660200297738477,298.6058480946258,6.7668817998464e-05,0.004038070905665833,-0.0016366336728882644
outer,27.66609561609895,298.5219028182333,9.309291408757681e-05,0.004128657615806313,-0.0017284628789673725
outer,27.94234635116439,298.7730695018225,4.389292917966227e-05,0.00222976126438577,-0.001100291724588539
outer,27.94751291953696,298.68956815628115,6.718673839262949e-05,0.002331694525042319,-0.0011718078922660807
outer,27.952675260521175,298.6058480946258,9.16346801130986e-05,0.002431504227020335,-0.0012431817839258941
outer,27.957833664086586,298.5219028182333,0.00011723121468561236,0.002529194990344038,-0.0013144281054594522
outer,28.236296872426642,298.7730695018225,6.29033242040448e-05,0.0010086040660808979,-0.0007509320232470182
outer,28.240725359603097,298.68956815628115,8.593787395508908e-05,0.0011113347286018861,-0.0008018599340391903
outer,28.245150223303877,298.6058480946258,0.00011002820207391118,0.001211805491833493,-0.0008529671637268507
outer,28.249571712074165,298.52190281823334,0.000135165532907184,0.0013100300740363545,-0.0009042674351884978
outer,28.530247393688846,298.7730695018225,7.631526233524674e-05,0.00017441459977312902,-0.00041258954476685136
outer,28.533937799669232,298.68956815628115,9.800341534150841e-05,0.0002706448750398101,-0.0004441501588285945
outer,28.537625186086522,298.6058480946258,0.0001205794712272277,0.00036459232337954857,-0.00047625208122833616
outer,28.5413097600618,298.5219028182333,0.00014403737848982592,0.00045628647801404455,-0.0005089032058248528
outer,28.8241979149511,298.7730695018225,8.0591955634151e-05,-0.0003012910932235313,-0.00010144383479084767
outer,28.827150239735367,298.6895681562812,9.889634123049285e-05,-0.00021909647310700816,-0.00011588680635899259
outer,28.83010014886922,298.6058480946258,0.0001178780912119331,-0.00013898113913298418,-0.00013123299559015416
outer,28.833047808049432,298.52190281823334,0.00013754139651299716,-6.090122876855132e-05,-0.00014747683479538558
outer,29.118148436213303,298.7730695018225,6.808506860054724e-05,-0.00046940207922367054,0.00015401356490554852
outer,29.120362679801506,298.68956815628115,7.988988905201837e-05,-0.0004077070723676509,0.0001531586399478725
outer,29.12257511165192,298.60584809462586,9.21850035947199e-05,-0.0003475671486052648,0.00015114048670321323
outer,29.124785856037064,298.5219028182333,0.00010498131291283276,-0.0002889482781745907,0.00014798028898321103
outer,29.412098957475507,298.7730695018225,3.22135784649629e-05,-0.0004071506985782357,0.0003082984521042025
outer,29.413575119867694,298.6895681562812,3.368032554241032e-05,-0.0003691056902387636,0.000316345046532477
outer,29.41505007443462,298.6058480946258,3.546192954641931e-05,-0.00033188388859779966,0.00032319287330068755
outer,29.4165239040247,298.52190281823334,3.756502487615781e-05,-0.0002954895370672847,0.000328867068962687
outer,29.70604947873776,298.7730695018225,-5.467173076960662e-06,-0.00021806750302552134,0.0003011800243942498
outer,29.70678755993383,298.6895681562812,-1.8852246588593242e-05,-0.0002015988739585161,0.0003124068134885073
outer,29.707525037217266,298.6058480946258,-3.22888896077379e-05,-0.00018536122276490298,0.00032268487844152303
outer,29.708261952012332,298.5219028182333,-4.576013253379947e-05,-0.00016938299330972276,0.00033202604588904503
outer,29.999999999999964,298.6895681562812,-4.026000066490419e-05,-0.00010020684295348308,0.00026046012922700703
outer,29.999999999999964,298.7730695018225,-1.825314319279218e-05,-0.00010709085145780173,0.0002491294938040909
outer,29.999999999999964,298.6058480946258,-6.259091528435803e-05,-9.334295268260452e-05,0.00027104145186805434
outer,29.999999999999964,298.52190281823334,-8.52141400601556e-05,-8.652787328798538e-05,0.0002808746805005003
