<?xml version="1.0"?>
<VTKFile type="UnstructuredGrid" version="0.1" byte_order="LittleEndian">
  <UnstructuredGrid>
    <Piece NumberOfPoints="549" NumberOfCells="480">
      <PointData Vectors="displacement">
        <DataArray type="Float64" Name="displacement" NumberOfComponents="3" format="ascii">
          0 -0.12 0 0.00010886967970481717 -0.12 0 7.968870505465115e-05 -0.12 0 -1.8500576786874521e-05 -0.12 0 -0.00014767988051006604 -0.12 0 -0.00028614418242423181 -0.12 0 -0.00042120543657251036 -0.12 0 -0.0005453719270426293 -0.12 0 -0.0006542525547381491 -0.12 0 -0.00074536092584212945 -0.12 0 -0.00081740970645142812 -0.12 0 -0.00086988254998486981 -0.12 0 -0.0009027689350150982 -0.12 0 -0.0009163968683321669 -0.12 0 -0.00091132192562963401 -0.12 0 -0.00088825956753230107 -0.12 0 -0.00084803892859568284 -0.12 0 -0.00079157047995645545 -0.12 0 -0.0007198288257046668 -0.12 0 -0.00063383706634966659 -0.12 0 -0.00053465739217377058 -0.12 0 -0.00042338659997324371 -0.12 0 -0.00030115087930115015 -0.12 0 -0.00016910195563837798 -0.12 0 -2.8414289354137858e-05 -0.12 0 0.00011971738661382362 -0.12 0 0.00027408054581876557 -0.12 0 0.00043344753213913663 -0.12 0 0.0005965783753207884 -0.12 0 0.00076222371937553681 -0.12 0 0.00092912789250668951 -0.12 0 0.0010960320646995379 -0.12 0 0.0012616773971512805 -0.12 0 0.0014248082262313512 -0.12 0 0.0015841752030033662 -0.12 0 0.0017385383529125655 -0.12 0 0.0018866700196490953 -0.12 0 0.0020273576777852871 -0.12 0 0.0021594065928421638 -0.12 0 0.0022816423057868914 -0.12 0 0.0023929130911085378 -0.12 0 0.0024920927587114006 -0.12 0 0.0025780845082660725 -0.12 0 0.0026498261525195132 -0.12 0 0.0027062946004160517 -0.12 0 0.0027465152399008749 -0.12 0 0.0027695776042519632 -0.12 0 0.0027746525555956887 -0.12 0 0.0027610246350938538 -0.12 0 0.0027281382643665406 -0.12 0 0.0026756654333001968 -0.12 0 0.0026036166629927571 -0.12 0 0.0025125082960765683 -0.12 0 0.0024036276692304434 -0.12 0 0.002279461182546275 -0.12 0 0.0021443999302678892 -0.12 0 0.0020059356251037374 -0.12 0 0.0018767563187197661 -0.12 0 0.0017785670284726309 -0.12 0 0.0017493860444150458 -0.12 0 0.001858255716376878 -0.12 0 -0.0035560867381221463 -0.1117953424597266 0 -0.0038290506142718197 -0.11283550036544966 0 -0.0039685165418639791 -0.11359819053911745 0 -0.0040332814923966761 -0.11417323663942085 0 -0.0040522629769878162 -0.11461444935182039 0 -0.004040187009724785 -0.11495618852620185 0 -0.0040047358789878362 -0.11522163873895948 0 -0.0039499752809158692 -0.11542719684959474 0 -0.0038780714953124957 -0.11558492700774022 0 -0.0037901847109452487 -0.11570400308550217 0 -0.0036869486502658748 -0.11579159449278772 0 -0.0035687347175497497 -0.11585343324579289 0 -0.0034358002307052415 -0.11589419329653756 0 -0.0032883734318845115 -0.11591775292609642 0 -0.0031267060188355776 -0.11592736485549784 0 -0.002951097170896979 -0.11592579422720557 0 -0.0027619114522892119 -0.11591541976792639 0 -0.0025595912330580988 -0.11589830008244707 0 -0.0023446537197341693 -0.11587622594361177 0 -0.0021176974351135311 -0.11585076741795984 0 -0.0018794027190855505 -0.11582330497678195 0 -0.0016305249020700876 -0.11579504928732055 0 -0.0013718918690725117 -0.11576706132458914 0 -0.0011044004971638354 -0.11574026733312225 0 -0.00082901122537647686 -0.11571546900050615 0 -0.00054674158413701415 -0.11569335059287654 0 -0.0002586591086474785 -0.11567448419749297 0 3.4126150874324778e-05 -0.11565933361011557 0 0.00033046946320069835 -0.11564825717865504 0 0.0006291996871129877 -0.11564150969931808 0 0.00092912786045130165 -0.11563924362610747 0 0.0012290560342478076 -0.11564150971073835 0 0.0015277862629096395 -0.11564825720093 0 0.0018241295802283719 -0.11565933364266788 0 0.0021169148398218697 -0.11567448422846226 0 0.0024049973166861346 -0.11569335062116919 0 0.0026872669491078329 -0.11571546902974569 0 0.0029626562110177837 -0.11574026736288504 0 0.0032301475795204647 -0.11576706135059771 0 0.0034887806072288596 -0.11579504930834084 0 0.0037376584233117481 -0.11582330499823335 0 0.0039759531379403596 -0.11585076743698888 0 0.0042029094184777849 -0.1158762259570536 0 0.0044178469288362002 -0.11589830008894615 0 0.0046201671494633225 -0.11591541976913609 0 0.0048093528689715408 -0.11592579422268268 0 0.0049849617185340981 -0.11592736484372743 0 0.0051466291327046717 -0.11591775290743933 0 0.0052940559341365656 -0.1158941932784493 0 0.0054269904224117675 -0.11585343322615041 0 0.0055452043625273248 -0.11579159447431259 0 0.0056484404324648688 -0.1157040030672549 0 0.0057363272268272829 -0.11558492699305017 0 0.0058082310243613051 -0.11542719684011345 0 0.0058629916310962886 -0.11522163872593816 0 0.0058984427712117224 -0.11495618851031009 0 0.0059105187437335253 -0.11461444933720272 0 0.0058915372622100927 -0.11417323662388465 0 0.005826772311481522 -0.11359819052027212 0 0.0056873063855714919 -0.11283550034505886 0 0.0054143425100607505 -0.11179534243838619 0 -0.0063594309429921064 -0.10834489383595404 0 -0.0065392291188795474 -0.10882287552715349 0 -0.0066719508876559473 -0.10933341301621752 0 -0.0067460127587369067 -0.10981266098636908 0 -0.0067645492241140684 -0.11023663831192192 0 -0.006734357303480056 -0.11059865277785499 0 -0.0066622777179755474 -0.11089956399660342 0 -0.0065541635456988455 -0.11114343353527194 0 -0.0064147332457865211 -0.11133553799146331 0 -0.0062477009200824912 -0.11148145765277102 0 -0.0060559698244746765 -0.11158666763175275 0 -0.0058418180167482186 -0.11165636332004497 0 -0.0056070556547436565 -0.11169538851575397 0 -0.0053531484962947374 -0.11170821802183159 0 -0.0050813080587944551 -0.11169902263134647 0 -0.0047925881322394247 -0.11167165505780365 0 -0.0044879368753961597 -0.11162966047750729 0 -0.0041682276240545364 -0.11157632248728304 0 -0.0038343257932157925 -0.11151469013579024 0 -0.0034870978920925346 -0.11144756905841186 0 -0.0031274204862823621 -0.11137752831758138 0 -0.0027562102228477904 -0.11130692577258848 0 -0.0023744314013107049 -0.11123790692446289 0 -0.0019830969709837528 -0.11117240078723256 0 -0.0015832684811668586 -0.11111211817840681 0 -0.0011760550629211608 -0.11105855083690648 0 -0.00076261073307303277 -0.11101296967634657 0 -0.00034412976761784563 -0.11097642183273045 0 7.8159646614667959e-05 -0.11094972699480807 0 0.00050300299702862124 -0.11093347374046587 0 0.00092912784809178503 -0.11092801652936889 0 0.0013552526991906389 -0.11093347374219133 0 0.0017800960522394015 -0.11094972700391316 0 0.0022023854698321032 -0.11097642184828913 0 0.0026208664466154394 -0.11101296969444606 0 0.0030343107860157231 -0.11105855085787222 0 0.0034415242085569374 -0.11111211820104856 0 0.0038413527028169159 -0.11117240081193948 0 0.0042326871385706911 -0.11123790694967535 0 0.0046144659651373163 -0.11130692579743895 0 0.0049856762302320839 -0.11137752833894306 0 0.0053453536386720464 -0.11144756908059898 0 0.0056925815381806497 -0.11151469015229432 0 0.006026483366064826 -0.11157632249831928 0 0.0063461926119317532 -0.11162966048362699 0 0.0066508438639757321 -0.11167165506087487 0 0.0069395637826654474 -0.11169902262789135 0 0.0072114042140482429 -0.11170821801521484 0 0.0074653113699841801 -0.11169538850442906 0 0.0077000737310206199 -0.1116563633035416 0 0.0079142255383332673 -0.11158666760888558 0 0.0081059566343740109 -0.11148145762519544 0 0.0082729889649496777 -0.11133553796163188 0 0.0084124192706171441 -0.11114343350157849 0 0.0085205334480413109 -0.11089956396843 0 0.0085926130370468177 -0.11059865275292609 0 0.0086228049591773638 -0.11023663829084962 0 0.0086042684952937626 -0.10981266097169595 0 0.0085302066268051688 -0.1093334130090117 0 0.0083974848559426954 -0.10882287552157334 0 0.0082176866821511187 -0.10834489383554043 0 -0.0082442515170794255 -0.10624258974542403 0 -0.0083838879495901197 -0.10660332405249437 0 -0.0084737502670626311 -0.10690596124103786 0 -0.0085178860942154728 -0.10717315887519405 0 -0.0085167532964074352 -0.10740707266428731 0 -0.0084715633874687113 -0.10760516153170109 0 -0.0083845558638490341 -0.10776500023477315 0 -0.0082585228904653394 -0.10788546652248354 0 -0.0080963791888485296 -0.10796679066929647 0 -0.0079008998639578821 -0.10801030495127402 0 -0.0076745940898023599 -0.10801816805803251 0 -0.007419665968741624 -0.10799315158209347 0 -0.0071380299721978584 -0.10793850304919034 0 -0.0068313671863218708 -0.10785781342672424 0 -0.0065012012802022996 -0.1077547302602565 0 -0.0061488698399350047 -0.10763306880117765 0 -0.0057756141684975329 -0.1074967617497745 0 -0.0053826984546978124 -0.10734971303249376 0 -0.0049713038008430185 -0.10719571226297878 0 -0.0045426084430742241 -0.10703846373428949 0 -0.0040978706346811522 -0.10688158301115142 0 -0.003638382858156488 -0.10672848390721162 0 -0.0031654685218978937 -0.10658234448120096 0 -0.0026804918741339979 -0.10644609212302322 0 -0.002184863344416337 -0.1063223834554262 0 -0.0016800370853457861 -0.10621357850603362 0 -0.0011675034349592447 -0.1061217146397756 0 -0.00064877961320519099 -0.10604848430695302 0 -0.00012540102936928532 -0.10599521822316554 0 0.00040108571251373977 -0.10596287383394433 0 0.00092912785676715741 -0.10595202812882391 0 0.0014571700006844402 -0.1059628738368826 0 0.0019836567448371059 -0.10599521822750714 0 0.0025070353313971657 -0.10604848431290534 0 0.0030257591493162241 -0.10612171464797765 0 0.0035382927982761381 -0.10621357851666663 0 0.0040431190558925904 -0.10632238346535557 0 0.0045387475864854133 -0.10644609213313412 0 0.0050237242372891747 -0.10658234449315512 0 0.0054966385777672315 -0.10672848392224085 0 0.0059561263544409132 -0.10688158303237376 0 0.0064008641632405617 -0.10703846375341944 0 0.0068295595220735934 -0.10719571228019804 0 0.0072409541786343078 -0.10734971305072054 0 0.0076338698931459528 -0.10749676176933787 0 0.0080071255650282121 -0.10763306881621038 0 0.0083594570052397451 -0.10775473027111999 0 0.0086896229113801772 -0.10785781343171012 0 0.0089962856950241716 -0.10793850304670893 0 0.0092779216891620882 -0.10799315157747312 0 0.0095328498070163456 -0.10801816804922795 0 0.0097591555782614442 -0.10801030493794174 0 0.0099546349024162515 -0.10796679065183175 0 0.010116778602254522 -0.10788546650642125 0 0.010242811573955403 -0.10776500021979392 0 0.0103298190991989 -0.10760516152161423 0 0.01037500901218218 -0.10740707266374847 0 0.010376141814091161 -0.10717315888123005 0 0.010332005987238865 -0.10690596124635281 0 0.010242143670886626 -0.10660332405903085 0 0.010102507239169951 -0.10624258975337589 0 -0.0094609070864150342 -0.10533313048262161 0 -0.0095433307274092848 -0.10548129273751927 0 -0.0095808502593616625 -0.10560048597247673 0 -0.0095771391456215566 -0.10568384638828539 0 -0.0095358019309862863 -0.10573182829101026 0 -0.0094591649767726844 -0.10574493193958388 0 -0.0093487211177137163 -0.10572291375812781 0 -0.0092055410882627472 -0.10566529556400527 0 -0.0090304890987727583 -0.1055719036425799 0 -0.00882432360585521 -0.10544320074343644 0 -0.0085877527390230881 -0.10528040949647037 0 -0.0083214701822565042 -0.10508546778185827 0 -0.0080261638136643384 -0.10486090944772783 0 -0.0077024848437469966 -0.10460992960903299 0 -0.0073510510623699503 -0.10433689024304178 0 -0.006972810437221452 -0.10404627268937776 0 -0.0065688670727919434 -0.10374273095577137 0 -0.0061401256621476602 -0.1034312593786898 0 -0.0056879135580872727 -0.1031171917424847 0 -0.005213865380090537 -0.10280590678953752 0 -0.0047195719032681613 -0.102502450883177 0 -0.0042067179087420968 -0.10221169127725713 0 -0.003677128575529712 -0.10193828729687722 0 -0.0031327386244531918 -0.10168658039950879 0 -0.0025755347586521259 -0.10146048870548899 0 -0.0020075020557847327 -0.10126343622199206 0 -0.0014305860119056032 -0.101098316677126 0 -0.00084667215065572805 -0.10096748224053605 0 -0.00025758095829950733 -0.10087274669105664 0 0.00033492537489383253 -0.10081539486426176 0 0.00092912785284387633 -0.10079619277008939 0 0.0015233303301509921 -0.10081539486739759 0 0.0021158366628667258 -0.10087274669375454 0 0.0027049278547693952 -0.10096748224437778 0 0.0032888417155000414 -0.10109831668275653 0 0.003865757762386051 -0.10126343622846162 0 0.0044337904647217038 -0.10146048871474628 0 0.0049909943286107986 -0.10168658040918249 0 0.0055353842794414031 -0.10193828730736139 0 0.0060649736131154095 -0.10221169129210667 0 0.0065778276128827763 -0.10250245089884755 0 0.0070721210946870687 -0.10280590680502753 0 0.0075461692797148469 -0.10311719176012141 0 0.0079983813829591962 -0.10343125939430879 0 0.0084271227961124334 -0.10374273097038829 0 0.0088310661596417671 -0.10404627270553968 0 0.0092093067866114778 -0.10433689026019852 0 0.0095607405657025159 -0.10460992962131999 0 0.0098844195343358917 -0.10486090945720429 0 0.010179725899308696 -0.10508546778505899 0 0.010446008455209118 -0.10528040949740181 0 0.010682579319095853 -0.10544320074234077 0 0.010888744808720135 -0.10557190364233518 0 0.011063796798189677 -0.10566529556401462 0 0.011206976826075996 -0.10572291375977642 0 0.011317420685851258 -0.10574493194417232 0 0.011394057638761852 -0.10573182829826311 0 0.011435394852062098 -0.1056838463927484 0 0.011439105965892678 -0.10560048597920275 0 0.011401586436248504 -0.10548129274488344 0 0.011319162796915562 -0.10533313049012126 0 -0.0099076716673223535 -0.10540719631842632 0 -0.0099047643467267722 -0.10533956216264494 0 -0.0098735853616923244 -0.10525505257124429 0 -0.0098176395943790247 -0.10515048530620918 0 -0.009738677066874226 -0.10501975248852259 0 -0.0096375678654762702 -0.10485735654144612 0 -0.0095144130034758544 -0.10465867764204589 0 -0.009368649164457973 -0.10441994805314161 0 -0.0091991763079075257 -0.10413839504562339 0 -0.0090044945882736746 -0.10381253421797709 0 -0.0087828701749152853 -0.10344252568089059 0 -0.0085325674801385708 -0.10303045436740144 0 -0.0082521670938223712 -0.10258024286417072 0 -0.0079408865628712855 -0.10209667623241539 0 -0.0075985347875144561 -0.10158378142739166 0 -0.0072244267340214651 -0.1010489202559153 0 -0.0068183900355655849 -0.10050049093140244 0 -0.0063825682497870295 -0.09994709988801144 0 -0.0059188459884079872 -0.099397073866717645 0 -0.0054286481822433475 -0.098858124700680672 0 -0.0049143772096145975 -0.09833859210841768 0 -0.0043790778404486511 -0.09784658739742827 0 -0.0038259903197767572 -0.097389407345967363 0 -0.0032582402238702807 -0.096973306008375004 0 -0.0026786720413967788 -0.096603481459880056 0 -0.0020897838598708213 -0.096284157449565824 0 -0.0014937247383000713 -0.096018693192458177 0 -0.00089232800298022301 -0.095809689518901009 0 -0.00028716374087715157 -0.095659078435946648 0 0.00032039932799511535 -0.095568192098841889 0 0.00092912785582725962 -0.095537810967160242 0 0.0015378563835727907 -0.095568192099206903 0 0.0021454194505833618 -0.095659078440055972 0 0.002750583709988303 -0.095809689523830607 0 0.0033519804406296084 -0.09601869319736106 0 0.0039480395637093279 -0.096284157456600461 0 0.0045369277501875896 -0.096603481468597804 0 0.0051164959321565321 -0.096973306018096977 0 0.0056842460268593182 -0.097389407354244228 0 0.0062373335555203713 -0.097846587404946561 0 0.0067726329288841525 -0.098338592116341564 0 0.0072869039044853373 -0.098858124707311132 0 0.0077771017130897771 -0.099397073871544228 0 0.0082408239787196795 -0.099947099896623273 0 0.0086766457667397309 -0.10050049094076979 0 0.0090826824689130004 -0.10104892026828623 0 0.0094567905242530712 -0.10158378144345492 0 0.0097991422986899741 -0.10209667624664129 0 0.010110422827290692 -0.10258024287535797 0 0.010390823208103243 -0.10303045437626751 0 0.010641125896860223 -0.10344252568625489 0 0.010862750308463788 -0.10381253422692474 0 0.011057432025695329 -0.10413839505445917 0 0.011226904879395101 -0.10441994805964698 0 0.011372668717885458 -0.10465867764918969 0 0.011495823580003428 -0.10485735654839447 0 0.011596932783634158 -0.10501975249451012 0 0.011675895312274129 -0.10515048531113581 0 0.011731841080333226 -0.105255052575317 0 0.011763020065769583 -0.10533956216912818 0 0.011765927385785434 -0.10540719632638695 0 -0.0095046817303079956 -0.10617229351641291 0 -0.009399762346595654 -0.10590946646411277 0 -0.0092935800214689907 -0.10565799444624641 0 -0.0091841679158015718 -0.10540273881032995 0 -0.0090698501757055204 -0.1051314460562329 0 -0.0089489961906464334 -0.10483286433394821 0 -0.0088198986259927364 -0.10449650067406886 0 -0.0086806144348002805 -0.10411260227465546 0 -0.0085287880710570706 -0.10367225807312325 0 -0.0083614533951114466 -0.10316770146183873 0 -0.0081748202650984095 -0.10259294340681151 0 -0.0079641061028620213 -0.10194494347764885 0 -0.007723597775243834 -0.10122561571827664 0 -0.0074473805559902842 -0.10044467557309825 0 -0.0071314919984414148 -0.09962000151885296 0 -0.0067774775978348282 -0.098759494202997636 0 -0.0063888129168732516 -0.097876427514991884 0 -0.0059628765054496298 -0.09698625642401168 0 -0.0055003874058106462 -0.09610422666295379 0 -0.0050086579197910937 -0.095249676523929114 0 -0.0044955588951488294 -0.094438441466128009 0 -0.0039678460328018018 -0.093682449559416209 0 -0.0034307822478065911 -0.092990493671624153 0 -0.0028882308528178184 -0.092369065489400423 0 -0.0023428853903330691 -0.091822997601669357 0 -0.0017965142678982248 -0.091355914623084622 0 -0.0012501784798435453 -0.090970539501787476 0 -0.00070441256426424315 -0.09066889854199936 0 -0.00015937114820185406 -0.090452457321017657 0 0.00038505239844966371 -0.090322209163771136 0 0.00092912785613787833 -0.090278730159979614 0 0.0014732033130879967 -0.090322209163275172 0 0.0020176268622124002 -0.09045245732081314 0 0.0025626682808102511 -0.090668898544007046 0 0.0031084342020176224 -0.090970539503806139 0 0.0036547699936955651 -0.091355914624407647 0 0.0042011411187361904 -0.091822997601010786 0 0.0047464865848690372 -0.092369065488672311 0 0.0052890379816641535 -0.092990493672568994 0 0.0058261017686605816 -0.093682449561477643 0 0.0063538146350730291 -0.094438441466140208 0 0.0068669136604889418 -0.095249676527910207 0 0.0073586431485988023 -0.096104226665847253 0 0.0078211322497309388 -0.096986256428164247 0 0.0082470686613610802 -0.097876427523587467 0 0.0086357333442303834 -0.098759494213195659 0 0.0089897477448703401 -0.099620001529504662 0 0.0093056363014657872 -0.10044467558357911 0 0.0095818535200597257 -0.1012256157287357 0 0.0098223618469699507 -0.10194494348848018 0 0.010033076007197462 -0.10259294341901333 0 0.010219709134714046 -0.10316770147128029 0 0.010387043808143682 -0.10367225808208784 0 0.010538870167459101 -0.1041126022824593 0 0.010678154355352716 -0.1044965006805454 0 0.010807251918418128 -0.10483286434293917 0 0.010928105898519674 -0.10513144606750212 0 0.01104242363776676 -0.10540273882407628 0 0.011151835743587581 -0.10565799446335009 0 0.011258018069391531 -0.10590946648660954 0 0.011362937453561355 -0.10617229354384546 0 -0.0083671911064405434 -0.10719756156930371 0 -0.0081764247871848918 -0.1068248434054148 0 -0.0079998003810404852 -0.10647626601368776 0 -0.0078309299822084052 -0.10613621627187361 0 -0.0076651464197847671 -0.10578982209609891 0 -0.0074988508156261903 -0.10542264501093912 0 -0.0073293455931192457 -0.10502027629154195 0 -0.0071547731970763003 -0.10456804889943684 0 -0.0069740017384062524 -0.104050766115488 0 -0.0067863859865006475 -0.1034524208361025 0 -0.0065913176701782013 -0.10275594473543498 0 -0.0063874107152253074 -0.10194313270876182 0 -0.0061710604055565639 -0.10099525432316427 0 -0.0059340742393954966 -0.099896424830913363 0 -0.0056608917487271232 -0.098649204874303939 0 -0.0053303142884179155 -0.097326895482074821 0 -0.004925952800739466 -0.095962867404844845 0 -0.0044700637842039429 -0.094591206715781362 0 -0.0039965303809831798 -0.093268540590574239 0 -0.0035230913789415547 -0.092020812327499965 0 -0.0030588892815879079 -0.090862109083877277 0 -0.0026080832568265637 -0.089800779148928644 0 -0.0021719998138587282 -0.088842228050632438 0 -0.0017503708061623411 -0.087990206032806162 0 -0.0013420502240529086 -0.087247449177473277 0 -0.00094542666003336355 -0.086616016854692071 0 -0.00055865740818364156 -0.086097479169377281 0 -0.00017979764121121364 -0.085693026103852724 0 0.00019313220520859271 -0.085403533396313222 0 0.00056211526110077996 -0.08522960302611314 0 0.00092912785664975045 -0.08517158752167342 0 0.0012961404540846795 -0.08522960302561268 0 0.0016651235113374729 -0.085403533395472339 0 0.0020380533600594 -0.085693026099868189 0 0.0024169131285382973 -0.086097479167346239 0 0.0028036823859620566 -0.08661601685049912 0 0.0032003059540240521 -0.087247449174454497 0 0.0036086265390140693 -0.087990206028847551 0 0.0040302555521311585 -0.088842228047837909 0 0.0044663389987738876 -0.089800779145895349 0 0.0049171450278463593 -0.090862109086739029 0 0.0053813471288232939 -0.092020812330626242 0 0.005854786131749716 -0.093268540593892571 0 0.006328319536567064 -0.094591206719765217 0 0.0067842085561926196 -0.095962867411825095 0 0.0071885700446138821 -0.097326895489857804 0 0.0075191475046819745 -0.098649204885108907 0 0.0077923299936653832 -0.099896424843857398 0 0.0080293161570822516 -0.10099525433925903 0 0.0082456664626570607 -0.10194313272515565 0 0.0084495734092898348 -0.10275594474905951 0 0.0086446417218362919 -0.10345242085264154 0 0.0088322574679154161 -0.10405076613702539 0 0.0090130289215248158 -0.10456804892027671 0 0.009187601312441486 -0.10502027631214725 0 0.0093571065315257024 -0.10542264503918167 0 0.0095234021352832345 -0.10578982212874974 0 0.0096891856943193116 -0.10613621630763777 0 0.0098580560902964548 -0.1064762660541906 0 0.01003468049812163 -0.10682484345331517 0 0.010225446818730876 -0.10719756162275983 0 -0.0069200285035308671 -0.10813453812475186 0 -0.0066875829953003847 -0.10771987964224969 0 -0.0064626096616709448 -0.10732292317759168 0 -0.0062336595282947117 -0.10693873079897256 0 -0.0059907598056772645 -0.10655747057982969 0 -0.0057260420989891691 -0.10616672641083548 0 -0.0054337345412902062 -0.10575248409063835 0 -0.0051100122923203647 -0.10529936860718181 0 -0.0047528997413349532 -0.10479046773211326 0 -0.004362308801640351 -0.10420680985768462 0 -0.0039402767395065414 -0.10352640348237885 0 -0.0034914540781371545 -0.10272252851744722 0 -0.0030237666572908899 -0.1017603682832716 0 -0.0025484101717300322 -0.1005888454160087 0 -0.0020742794094507195 -0.099114816753467644 0 -0.0015859980007982876 -0.097154445093932562 0 -0.0011419390172581654 -0.095021032160478858 0 -0.00078260768901663796 -0.0930262366103599 0 -0.00049118114340465126 -0.091170012832885228 0 -0.00025296185153730937 -0.089457078881578195 0 -5.5990339491327897e-05 -0.087889500582448973 0 0.00010891974374263972 -0.086468638282836865 0 0.00024876396329251541 -0.085195442855875353 0 0.00036890952349551853 -0.084070634738976774 0 0.00047354429260246082 -0.083094783012301679 0 0.00056601021700643922 -0.082268345769442489 0 0.00064904520208824772 -0.081591691696212387 0 0.00072495842584233713 -0.081065112257017374 0 0.00079575927445327667 -0.08068882885732459 0 0.00086325495800076632 -0.08046299717610414 0 0.00092912785453671089 -0.080387709718720612 0 0.00099500075567729353 -0.080462997176300996 0 0.0010624964396967161 -0.080688828857106168 0 0.0011332972908647601 -0.081065112256072047 0 0.0012092105171040354 -0.081591691696911064 0 0.0012922454996489462 -0.082268345767988582 0 0.0013847114222435113 -0.083094783011967502 0 0.0014893461923717397 -0.084070634738370717 0 0.001609491755953713 -0.085195442855717382 0 0.0017493359763608132 -0.086468638284399393 0 0.0019142460649134488 -0.087889500580983507 0 0.002111217583986036 -0.089457078882731522 0 0.0023494368852320794 -0.091170012833057396 0 0.0026408634326273933 -0.093026236610596599 0 0.0030001947641886831 -0.095021032161420202 0 0.0034442537511316603 -0.097154445095952849 0 0.0039325351651178881 -0.099114816767617117 0 0.0044066659266001965 -0.10058884543823549 0 0.0048820224113342121 -0.10176036830632593 0 0.0053497098258372061 -0.102722528543662 0 0.0057985324829450064 -0.10352640351363712 0 0.0062205645331031871 -0.10420680988742931 0 0.0066111554662237467 -0.10479046776477648 0 0.0069682680089794124 -0.10529936864348446 0 0.0072919902493440245 -0.10575248413202175 0 0.0075842978038176056 -0.10616672645486107 0 0.0078490155065670704 -0.10655747062890317 0 0.0080919152273372357 -0.10693873085367948 0 0.0083208653608995327 -0.10732292323265961 0 0.0085458386956645364 -0.10771987969847771 0 0.0087782842061347004 -0.10813453818241572 0
        </DataArray>
        <DataArray type="Float64" Name="displacement_magnitude" format="ascii">
          0.12 0.120000049385853 0.12000002645953756 0.12000000142613058 0.12000009087224521 0.1200003411599031 0.12000073922280562 0.12000123928751238 0.12000178351343525 0.12000231482313069 0.12000278396199066 0.12000315285712608 0.1200033957509121 0.12000349904573737 0.12000346039865739 0.12000328747604923 0.12000299650435574 0.12000261073753661 0.12000215895365514 0.12000167394426912 0.1200011910712848 0.12000074689856324 0.12000037788212212 0.12000011914773835 0.12000000336404928 0.12000005971770454 0.12000031300019845 0.12000078281729297 0.12000148293149505 0.12000242074640985 0.12000359694042773 0.12000500525514279 0.12000663244110503 0.12000845836224019 0.12001045625725205 0.12001259315423757 0.1200148304325888 0.12001712452460138 0.12001942774748266 0.12002168925494906 0.12002385609978375 0.12002587440347194 0.12002769063733486 0.12002925301208275 0.12003051291427627 0.12003142649307724 0.12003195641205709 0.12003207361703068 0.12003175936824219 0.12003100740387669 0.12002982623294493 0.12002824175887862 0.12002630002602702 0.12002407019415852 0.12002164781106255 0.12001915868335744 0.12001676456950529 0.12001467499551817 0.12001317969570996 0.1200127507872909 0.12001438711382668 0.11185188576227312 0.11290045071357353 0.11366748883170016 0.11424445423878614 0.11468606208016589 0.11502716371164338 0.11529121364246167 0.11549476212051757 0.11564996666626147 0.11576606510611381 0.11585027814179769 0.11590838564280685 0.11594511099257496 0.11596438609876335 0.11596952277589116 0.11596335085586518 0.11594831906864742 0.11592656067218288 0.11589994452112749 0.11587012105697013 0.11583855200374851 0.11580652853319309 0.1157751898077978 0.11574553634071917 0.11571843857233341 0.11569464247650395 0.11567477339027095 0.1156593386447034 0.11564872934246379 0.11564322140870921 0.11564297620261814 0.11564804082609491 0.11565834826971028 0.11567371744433318 0.11569385303446256 0.11571834508860751 0.11574666810076997 0.11577817938219961 0.11581211658172273 0.1158475939950695 0.1158835970756998 0.11591897393910275 0.11595242209471121 0.11598246994694519 0.11600745874616859 0.11602551288909717 0.11603449384965636 0.11603194918012782 0.11601504671333081 0.11598047342260266 0.11592429703183819 0.11584179386174247 0.11572718262379836 0.11557323789700905 0.11537070989448282 0.11510741463495394 0.11476674705109592 0.11432514234622919 0.11374752817116462 0.11297873955768466 0.11192637622889559 0.10853137049831647 0.10901917150422463 0.10953679806540857 0.11001967642675679 0.11044399283129415 0.11080349075984686 0.11109950152466108 0.11133651637173304 0.11152018123399536 0.11165638883276398 0.11175087992348966 0.11180907971895077 0.11183603573446538 0.11183640808089484 0.11181453996858558 0.11177444897808428 0.11171984011678988 0.11165415290669718 0.11158059047329796 0.11150210984882088 0.1114214278001842 0.11134104553010563 0.11126324577961494 0.11119008665521127 0.11112339782951068 0.11106477758274566 0.11101558904717679 0.11097695539206819 0.11094975452497766 0.1109346141118346 0.11093190762669701 0.11094175186280464 0.11096400616505361 0.11099827344606381 0.111043902945236 0.11109999442212733 0.11116540334115588 0.11123874636509511 0.11131840630802101 0.11140253599725633 0.1114890612856919 0.11157568489369601 0.11165989255023956 0.11173895580329361 0.11180990680774924 0.11186953234968851 0.11191438335406162 0.11194074469500889 0.11194458757352299 0.11192155557190771 0.11186697168479856 0.11177576627872698 0.11164248456398734 0.11146134580429419 0.11122640324413573 0.1109319385459695 0.11057336563129308 0.1101492348862385 0.10966567204597398 0.1091463970485954 0.10865609230337953 0.1065619798938221 0.10693249401464648 0.10724126534342475 0.1075111174102549 0.10774420794188132 0.10793812197037424 0.10809068439340488 0.10820109559106256 0.10826993693263751 0.1082988928582721 0.10829046137613683 0.10824773545770239 0.10817426640557386 0.10807393531665445 0.1079506716586161 0.10780856227530124 0.10765180679259931 0.10748457717650922 0.10731092483548735 0.10713481231637033 0.10696011093257257 0.1067904822863651 0.10662934092487168 0.10647983642432236 0.10634482992358614 0.10622686469846271 0.10612813661963827 0.10605046882870707 0.1059952924029867 0.10596363291666243 0.10595610196296065 0.10597289264798802 0.10601377826102699 0.10607811391242494 0.1061648413471073 0.106272497746324 0.10639922949652519 0.1065428118648532 0.10670067461300289 0.10686993176752113 0.10704741114411068 0.10722967772369897 0.10741305141613168 0.10759364437311862 0.10776748006907863 0.1079304941275134 0.10807850117957908 0.10820728933214976 0.10831275823406442 0.10839096188569096 0.10843800004682115 0.10845029778837803 0.1084247326014543 0.10835877026154909 0.10825068342191535 0.10809984250087908 0.10790699731805442 0.10767427874626098 0.10740407300343421 0.10709421182963078 0.10672182780491352 0.10575716117675799 0.10591212526878568 0.10603421772859724 0.10611690243140957 0.10616096755506083 0.10616716268679799 0.10613544685940375 0.10606553009039404 0.10595742811186588 0.10581180118550808 0.10563008151493157 0.10541443167292683 0.10516762636747276 0.10489311533925852 0.10459552866786476 0.10427965739273302 0.10395048937249682 0.10361335126231934 0.1032739444075834 0.10293803409343305 0.10261104616954371 0.10229822241525535 0.10200458662031653 0.10173482532857127 0.10149317291152979 0.10128333317969662 0.10110843788371925 0.10097103210190365 0.1008730755600728 0.10081595120140346 0.10080047497661879 0.10082690304459448 0.10089493441360819 0.10100370837483269 0.10115179739340542 0.10133719751341638 0.10155732011096105 0.10180899105531575 0.10208846603940742 0.10239147299321706 0.10271329152731624 0.10304886884765851 0.10339293934931806 0.10374005747366857 0.10408443989288274 0.10442037441721563 0.10474253195650102 0.10504591917605458 0.10532574273045862 0.10557737617022754 0.10579737102871183 0.10598295185405221 0.10613195372825251 0.10624293993589504 0.10631524266744316 0.10634883470380939 0.10634398932130024 0.10630072268704766 0.10621824600483064 0.10609570817141967 0.10593956685427779 0.10587180452593943 0.10580419515965293 0.10571714042514593 0.10560781508646239 0.10547032873639585 0.105299325426242 0.1050902605410339 0.10483938734362908 0.10454391501862882 0.10420231851330811 0.10381471440865753 0.10338316707741307 0.10291163436568586 0.10240502417904623 0.10186757275995709 0.10130684392735553 0.10073151999314814 0.10015068623572844 0.099573144125814445 0.099007065608581218 0.098461311189848202 0.097944530158938822 0.097464531318453423 0.097028027948373688 0.096640612136279183 0.096306833466549807 0.096030311131336143 0.095813844797988948 0.095659509460527065 0.095568729178379913 0.095542328854645975 0.095580564673825863 0.095683133898403036 0.095849164406365428 0.096077183640046998 0.096365066250815423 0.096709959907261583 0.097108190234929503 0.097555150134192234 0.098045188544245584 0.098571533701234462 0.09912632238290435 0.099700860604515162 0.10028626006384839 0.10087434193637762 0.10145629309322102 0.10202301475339386 0.10256585440779725 0.1030772859465849 0.10355309621600987 0.10398841128079769 0.10437931599162954 0.10472378969232099 0.10502175463183978 0.1052747662122494 0.1054856349561384 0.10565811499357868 0.10579674424343394 0.10590685618866674 0.10599430172915579 0.10606184085068983 0.10659688027953626 0.10632577589129319 0.10606593430512214 0.10580210909534968 0.10552195568735613 0.10521413392353803 0.10486805645618909 0.10447385806682098 0.10402248468452037 0.10350598305314386 0.10291812145215191 0.10225555479620001 0.10151984653326641 0.10072038685455245 0.099874936198928815 0.098991776920212299 0.098084718450858935 0.097169387315982347 0.096261501360088902 0.095381274535784114 0.094545382099450195 0.09376643939913995 0.093053759623801538 0.092414209604607403 0.091852882374525477 0.091373577144243878 0.09097912949395448 0.090671634814202318 0.090452597721532566 0.090323029918031289 0.090283511218114829 0.090334222729462413 0.090474957051819835 0.090705106978057823 0.091023631111936121 0.091428991466431894 0.091919053928632061 0.092490936821674447 0.093140785031261039 0.093863437065012656 0.094651942330680458 0.095496886765444544 0.096385538396737538 0.097301099919874554 0.098223262042579682 0.099136338381235756 0.10002479827150322 0.10087481211910936 0.1016781057875369 0.10241704103869741 0.10308236829614981 0.10367264384429177 0.10419130373937799 0.10464464505378242 0.10504066657688328 0.10538845354389274 0.10569789236675142 0.10597958516342827 0.10624488333312468 0.10650614096064609 0.10677861332651793 0.1075236117948814 0.10713730018481839 0.10677636456797963 0.10642471455867843 0.10606715292097264 0.10568901004672862 0.10527572245857629 0.10481253565359736 0.104284220424124 0.10367477230072814 0.10296712896405809 0.10214304343478903 0.10118361222218575 0.10007251836082162 0.098811493854324459 0.097472749189668542 0.09608921339856491 0.094696767939473694 0.093354126416467079 0.092088229835725163 0.090913583532976128 0.089838644435616885 0.088868774427196776 0.088007614191357011 0.087257770351869879 0.086621176437068792 0.086099291619740254 0.085693214725714256 0.085403751771358824 0.085231456666864477 0.085176655249757718 0.085239458069489391 0.085419764415149077 0.085717258376893618 0.08613139606463209 0.086661381306596424 0.087306124330704213 0.088064172865570681 0.088933595701059562 0.089911779646839607 0.090995061310575193 0.092178027744735505 0.093452122421928518 0.094802658279492635 0.096202377349176971 0.097592008509816128 0.098935348605346099 0.10019988075499205 0.10131392459579286 0.1022760642830574 0.10310276170923234 0.10381297226633567 0.10442495250504784 0.10495575994357635 0.10542139467184132 0.10583708957496712 0.10621761461388043 0.10657756204530425 0.1069316440663016 0.10729511634517516 0.10768415380411402 0.10835573418118255 0.10792727290383923 0.10751732494357534 0.10712026258374194 0.10672574075367472 0.10632102969268398 0.10589198913235093 0.10542328611221911 0.10489819914310375 0.10429807744535134 0.10360136098903432 0.10278184721339415 0.10180528334985769 0.1006211221192105 0.09913651968443285 0.097167389545919636 0.095027893681602207 0.09302952849865237 0.091171335949760512 0.089457436536730911 0.087889518416876172 0.086468706882887159 0.085195806040662334 0.084071444139202076 0.08309613232911961 0.082270292835301739 0.081594273166222434 0.081068353813075714 0.080692752680705443 0.080467627799533495 0.080393079008030069 0.080469149001944962 0.080695823937894928 0.081073033666189176 0.081600651615281003 0.082278494236542085 0.0831063197929547 0.08408382589650211 0.085210644564480839 0.086486331770497069 0.087910344387743908 0.08948198814240875 0.091200280118306318 0.093063713968444706 0.095068384448483798 0.097215477604158801 0.099192800825983349 0.10068532430888767 0.10187741015879757 0.10286173858935165 0.10368866477790224 0.10439231125914081 0.10499880718826876 0.10552968206036349 0.10600358966511483 0.10643728378401193 0.10684615852360763 0.10724444623681971 0.10764500291029569 0.10805833536227934 0.1084902604915667
        </DataArray>
        <DataArray type="Float64" Name="stress_2d" NumberOfComponents="3" format="ascii">
          -6572.3498094261886 -37716.18331312215 -8127.3944794712761 -5971.3005590307639 -36658.759082952281 -6174.8237518863862 -5125.1506673267158 -34771.554831600341 -2988.4116030777018 -4791.7841512632667 -33288.894338131438 -958.22586479628796 -4680.3968440350918 -32123.957431465125 356.16334531043577 -4656.1983390891528 -31214.220915075595 1208.8180769665316 -4655.9200681371931 -30513.201217470236 1753.7021716483082 -4650.3981898065267 -29985.195416481387 2088.1729882089944 -4627.1946382237711 -29601.927097004358 2276.0828359881539 -4582.1965669478559 -29340.379290290493 2360.6347247558638 -4515.4229129999349 -29181.362691012633 2371.8363644400506 -4428.8787822383965 -29108.530346340871 2330.9737730678271 -4325.4485910589283 -29107.682316248531 2253.3878730256242 -4208.3553696894669 -29166.369194894731 2150.3266453637684 -4080.8330177508851 -29273.552869708692 2030.1161504026099 -3945.9654967092633 -29419.289789164282 1898.8956329811483 -3806.6853510996107 -29594.610117710385 1761.2280165268428 -3665.6858048840277 -29791.393068601134 1620.5127233797025 -3525.4269184200925 -30002.24576878966 1479.2184110509033 -3388.2043842744824 -30220.442348319761 1339.0927283980773 -3256.0893256039853 -30439.867799269192 1201.3539449237715 -3130.9350467806539 -30654.984601341002 1066.7918669070743 -3014.4241592746221 -30860.811369538416 935.83714739645927 -2908.0666014874437 -31052.901981185372 808.64134475249352 -2813.1937998340582 -31227.334059973909 685.13844137674891 -2730.9585940582074 -31380.705040496512 565.08867014472798 -2662.3366852578051 -31510.13169625109 448.11244252356471 -2608.1285029046244 -31613.251547109798 333.71922475350095 -2568.9594668137606 -31688.224711579631 221.33364513343955 -2545.2781480871008 -31733.735442603025 110.3192326006166 -2537.3543728354698 -31748.993518466981 3.0596045043296272e-05 -2545.2782238121958 -31733.735400299498 -110.31918120008609 -2568.9596343769854 -31688.224636535306 -221.3336247715385 -2608.1286782827719 -31613.251418645727 -333.71919583835023 -2662.3368323307486 -31510.131540286136 -448.11239242868317 -2730.9588683617276 -31380.704952068674 -565.08865559224876 -2813.1942210693155 -31227.334038509889 -685.1384532089628 -2908.0669333973665 -31052.901918025022 -808.64133899677086 -3014.4244218628328 -30860.811288522698 -935.83712550590326 -3130.9352593379576 -30654.984529104702 -1066.7918706599487 -3256.0894657218669 -30439.867711291827 -1201.3539693846278 -3388.2046021866126 -30220.442297344001 -1339.0927474431578 -3525.4272062634923 -30002.245770960726 -1479.2184297244726 -3665.6858947039277 -29791.393027240199 -1620.5127414326898 -3806.6852489835965 -29594.610034760772 -1761.2280301149917 -3945.9653081411552 -29419.289701630023 -1898.895625725816 -4080.8327407208849 -29273.552783749812 -2030.1161139875878 -4208.3550362180904 -29166.369143741496 -2150.3266077209119 -4325.448217469735 -29107.682276854794 -2253.3878213682192 -4428.8783808262378 -29108.530299172908 -2330.9736905185719 -4515.4224830800758 -29181.362635983976 -2371.8362668175241 -4582.1962208992845 -29340.379272746046 -2360.6346420557356 -4627.1943717854219 -29601.927115042294 -2276.0827952629488 -4650.3978966273226 -29985.195373278137 -2088.1729419126787 -4655.9197569119651 -30513.201135795938 -1753.7021097525608 -4656.1981590140076 -31214.220924973626 -1208.8180634617204 -4680.3967823402218 -32123.957502536665 -356.16337340555526 -4791.7841860434246 -33288.894431142784 958.22582023425036 -5125.1507733465069 -34771.55496444006 2988.4115304575394 -5971.3006106741441 -36658.75921529613 6174.8236552485123 -6572.3498322575806 -37716.183439551023 8127.3943725362951 -4391.4832466672706 -22825.48682544148 -7448.7621567737961 -3976.3629399566494 -23674.836367106531 -6366.7884772956413 -3283.2035932815311 -25013.662927268346 -4444.7749030101477 -2824.4984366876192 -25801.517396646042 -2954.5022764004007 -2527.4877978419954 -26295.786609576782 -1801.7652028910722 -2335.3205499949636 -26633.747416456321 -911.99162522736651 -2207.9657634517812 -26891.685840628092 -227.88246230207272 -2118.408642224229 -27113.200145518556 294.34042062290411 -2048.8327007872554 -27323.492139592196 688.26756678826632 -1987.7204748168242 -27536.941782605856 979.88844618118003 -1927.8365548404415 -27761.314011703402 1189.5119880320824 -1864.8709047055022 -28000.214163974579 1333.1733821878563 -1796.5163119585618 -28254.571899088609 1423.643927966179 -1721.7773412777499 -28523.459649132597 1471.1181161865504 -1640.6275897749956 -28804.715747607039 1483.818198961832 -1553.7517477400409 -29095.433787162397 1468.4609731600856 -1462.1883701205491 -29392.154700647981 1430.4922025907731 -1367.3109096689868 -29691.081074288464 1374.3273280903204 -1270.7275474207379 -29988.249132543031 1303.5899375756769 -1174.0500145191945 -30279.625060198166 1221.2577778464633 -1078.9385317232791 -30561.231305697154 1129.7459968025171 -987.08617409145791 -30829.213618142818 1031.0069824000964 -900.11092519458862 -31079.88872193711 926.63005586246663 -819.51839221844807 -31309.81211558784 817.90308694735006 -746.68737566683865 -31515.834280792173 705.85986704514357 -682.8557054334932 -31695.142864782356 591.32310374872907 -629.10283940399404 -31845.296189988545 474.94459998184175 -586.33366693543394 -31964.252431060067 357.24166367643073 -555.26491029650731 -32050.394983362574 238.62964324181397 -536.41475525895635 -32102.55328297376 119.45076506229586 -530.09644263627706 -32120.018505405962 6.2793216386580752e-06 -536.4147605857994 -32102.553279634834 -119.45076554727726 -555.26492386612404 -32050.394968737721 -238.62966290601614 -586.33366207665563 -31964.252384042917 -357.2416475313222 -629.10279688452601 -31845.296106563575 -474.94455053166115 -682.85582038858206 -31695.142842354282 -591.32308989953447 -746.68766180922228 -31515.834327679597 -705.85988854857226 -819.51857895305125 -31309.812107498823 -817.90310315603142 -900.11102657932611 -31079.888664632213 -926.63006172894768 -987.08624684329334 -30829.213554905702 -1031.0070118201527 -1078.9385539089903 -30561.231231076847 -1129.7460488256256 -1174.0501049107068 -30279.625005286267 -1221.2578185913048 -1270.7277043096421 -29988.249101148511 -1303.589964209712 -1367.3109530354845 -29691.081011472925 -1374.3273549287571 -1462.1883055495828 -29392.154610373102 -1430.4922277762023 -1553.7516516716373 -29095.433687335488 -1468.4609752055924 -1640.6274579441265 -28804.715642206938 -1483.8181763354573 -1721.777154470645 -28523.459560297542 -1471.1180988193707 -1796.5160831242779 -28254.571819425866 -1423.6438999693753 -1864.8706326073836 -28000.214082052182 -1333.173325597674 -1927.8362335986726 -27761.31393345954 -1189.5119116794485 -1987.7201762427003 -27536.941745550008 -979.88837141381566 -2048.8324221037583 -27323.492143510884 -688.2675065330468 -2118.4083744696945 -27113.200142609159 -294.3403506838327 -2207.9655186430405 -26891.685817661164 227.88254273378601 -2335.3204173750355 -26633.747447334354 911.99167374445949 -2527.4877814382717 -26295.786692672991 1801.7652175771088 -2824.4984859957717 -25801.517474627333 2954.5022782695987 -3283.2036893344452 -25013.662992333291 4444.7748906503457 -3976.3630022164489 -23674.836412326869 6366.7884503224504 -4391.4832810909265 -22825.486865846193 7448.7621197475946 -1809.2922195251599 -6920.5540573940762 -4620.2623453518081 -1526.0816656416671 -8629.5986655609249 -4614.7612946071094 -949.35583686655252 -11752.742437980021 -4432.9410223642108 -391.78174718799141 -14333.91495548674 -3995.9349323829611 94.011742301883416 -16471.931467649818 -3441.377474508357 495.09693970898581 -18261.093185054495 -2849.9990205388394 816.66565684470061 -19779.301574351055 -2267.9174423397185 1070.8344883497286 -21087.737161383586 -1720.5576316003539 1271.2420480012001 -22233.500352534382 -1221.0551361689847 1430.6435633004699 -23252.530115370733 -775.28845995911502 1559.9943386446689 -24172.053837867508 -384.90263031708309 1668.2327885273558 -25012.463946517419 -49.12123485660095 1762.3151910581691 -25788.818459662405 234.23902126048137 1847.2635243933826 -26512.330796519102 468.30445535431858 1926.7683586199751 -27191.029420816783 656.49675257888919 2003.4733061929915 -27830.148097899913 802.17065562549215 2078.6307956105702 -28433.051381035235 908.81923656116533 2152.8573867147229 -29001.588478116271 979.9685113181115 2226.4451503288433 -29536.36054684472 1018.9558599800458 2298.8999807371561 -30037.11445891047 1028.8963570364799 2369.3816319758721 -30502.872385734809 1012.8102855687264 2437.0519316291202 -30932.150981964209 973.64383634031458 2500.9869332371259 -31323.206867776997 914.18574527989188 2560.1928793430416 -31674.163294985345 837.06300057562567 2613.6776867770586 -31983.104576050187 744.76735455577489 2660.5219087566579 -32248.167786991275 639.68129045195076 2699.9267692830272 -32467.630519141734 524.09552376140857 2731.2382432655058 -32639.987366318037 400.22058030134866 2753.9542825216276 -32764.010615781532 270.19728188712503 2767.7226143785301 -32838.794508319523 136.10943311294486 2772.335004744959 -32863.784664510633 -2.7419647771864675e-05 2767.7226734697797 -32838.794518103881 -136.10950252972793 2753.9544100147054 -32764.01063266203 -270.19735947066806 2731.2384008873228 -32639.987388470705 -400.22061357306399 2699.9269571306481 -32467.630521173633 -524.09551585011252 2660.5219705176705 -32248.167832159412 -639.68128081985571 2613.6776279319229 -31983.104672209312 -744.76735360865769 2560.1929021345259 -31674.163350626721 -837.06299894780329 2500.987028263236 -31323.206870813628 -914.18573801602201 2437.0519967712698 -30932.150974065135 -973.64384073467647 2369.3816830898563 -30502.872366147836 -1012.8102960987686 2298.8999948624587 -30037.114427799494 -1028.8963421746198 2226.4451210002344 -29536.360504714856 -1018.9558304489608 2152.8573596975316 -29001.588415156199 -979.96849841586982 2078.6307721016183 -28433.051295726094 -908.81922944003009 2003.4732667929602 -27830.147992787857 -802.17063403270186 1926.768310567059 -27191.029305983866 -656.49672806638557 1847.2635270907845 -26512.330671833635 -468.30443908927754 1762.3152303574452 -25788.818337745543 -234.23900443086552 1668.2328642474081 -25012.463819512843 49.121263238394164 1559.9944564609373 -24172.05370497574 384.90267615032684 1430.6437345998784 -23252.529995655896 775.28851354662925 1271.2422602338238 -22233.50025694038 1221.0551953450222 1070.8346494280793 -21087.737121867944 1720.5576842596356 816.66576893411366 -19779.301563946727 2267.9174887924678 495.09700483248724 -18261.093194694469 2849.9990519917446 94.011752977725834 -16471.931499379676 3441.3774826074882 -391.78176140443645 -14333.914963728312 3995.9349426776798 -949.35589306931229 -11752.742418777605 4432.9410443217512 -1526.0817209147799 -8629.5986400394977 4614.7613152156555 -1809.292247667262 -6920.5540365364877 4620.2623587151247 -737.48777390544944 -3881.2015562204506 -1600.8755079284738 -509.83757834951922 -4723.9554112169963 -1736.8593102393868 -73.51659978239411 -6522.6843584074295 -1954.8931664028701 334.46860292800608 -8458.615110881512 -2052.4002227582682 722.60143751107921 -10395.097318373681 -2023.1645135202461 1087.0869400809006 -12262.549115617818 -1886.5012286094488 1423.7872200850356 -14030.724636782463 -1669.0062114234081 1731.1967696035024 -15690.851028661918 -1396.7915356725771 2010.3071993982358 -17245.05328582607 -1092.6174187370016 2263.6731982773181 -18700.405337040451 -775.15726285473852 2494.503954690334 -20065.766986445851 -459.14126093565841 2706.0593601751216 -21350.155468291021 -155.89830378833358 2901.4708308284776 -22561.570463376047 125.81697093999713 3083.8217761047877 -23705.52017274762 378.97565178617657 3254.6705355099084 -24786.189976401249 599.08138658300084 3414.3590200560211 -25807.315623115464 783.9150921975895 3564.429936611908 -26770.653002940329 931.93184706074896 3705.4176275477148 -27676.728456065714 1042.4012036206914 3836.0863467860945 -28525.373378484524 1115.7617136475928 3956.1965976218671 -29315.406875302309 1153.5895388005947 4065.9877531121087 -30045.29949460541 1158.0387413385943 4165.1194715670235 -30713.411063202704 1131.4512414921733 4253.1002194576513 -31317.848663523986 1076.499870223088 4329.6218155846273 -31856.573813997347 996.19684503917802 4394.6732553835045 -32327.589285687394 893.79289825160959 4448.5116840126921 -32729.091380203703 772.64636593858006 4491.571750705627 -33059.556406768301 636.11172777816603 4524.3622353557312 -33317.77111978727 487.4663845809626 4547.3738468314368 -33502.827779593281 329.87695576289013 4561.0070195123899 -33614.103008584323 166.39879048455475 4565.5214733846815 -33651.234340718402 -2.2802953111522584e-05 4561.0070489833042 -33614.103000746494 -166.39883365302705 4547.3739214525594 -33502.827771350363 -329.87699537407519 4524.3622817438336 -33317.771141745492 -487.46641474785571 4491.5717981404932 -33059.556436896419 -636.11174254140678 4448.5117123982745 -32729.091420510013 -772.64636201633152 4394.6732497149551 -32327.589340176804 -893.79287834622221 4329.621861734091 -31856.573849487468 -996.19681861495849 4253.1003123082592 -31317.84868090264 -1076.4998455581222 4165.1195392305926 -30713.411083265182 -1131.4512216048106 4065.9877972202521 -30045.299504307222 -1158.0387031216835 3956.1966551949326 -29315.406856152276 -1153.589478637984 3836.0863790918329 -28525.373351881954 -1115.7616598379284 3705.4176198817449 -27676.728434008011 -1042.4011672732504 3564.4299082736807 -26770.652969484334 -931.931813276978 3414.3589888220704 -25807.315559769657 -783.91505335837996 3254.6705077119068 -24786.18988333999 -599.08134588511632 3083.8217548098605 -23705.520058487 -378.97560612663233 2901.4708062293626 -22561.570352923212 -125.81693412874937 2706.0593371680488 -21350.155359169279 155.89833255095607 2494.5039411973894 -20065.766862875404 459.14129044432332 2263.6732220387639 -18700.405197521439 775.15728796379915 2010.3072611802722 -17245.053143842655 1092.6174326928556 1731.1968048946342 -15690.850926562205 1396.7915269709354 1423.7872519356679 -14030.724572243986 1669.0061873837528 1087.0869833712252 -12262.549084820725 1886.5011909890638 722.60146990555359 -10395.09730713048 2023.1644795266557 334.46860898687896 -8458.6150983866683 2052.4002162447741 -73.51662463098755 -6522.6843509713281 1954.8931767366205 -509.83759845590095 -4723.9554124067481 1736.8593224018991 -737.4877848232436 -3881.2015667667674 1600.8755171854123 253.8642144860882 -588.85340749755983 -40.545571725218394 315.28218491406653 -1517.3205344406153 -172.2602105871631 447.16098255137604 -3307.1678467351139 -397.51500857336373 595.47538640117307 -5007.5678797097389 -543.65435503355889 759.58817998693348 -6677.5792965889132 -605.68308179456471 940.69915418421556 -8334.1282494078405 -582.89054436821175 1138.3441815800916 -9978.7584897648012 -481.71712718347322 1350.8856829061701 -11608.700383928233 -314.28902612586512 1576.3192066041061 -13220.545202507821 -96.233724081978323 1812.6161887564626 -14810.763857860093 155.25492591623541 2057.5987858973144 -16375.227395046128 423.07141329740699 2308.4703982135647 -17909.084703493747 691.77517616657644 2561.1840585321461 -19408.130131761656 949.07524293032043 2810.5809816137662 -20871.147349893225 1186.1018265075124 3055.2502689997418 -22293.528591846141 1392.8170546814054 3294.8171210072683 -23666.267245764437 1560.083749128476 3521.1378752774604 -24983.385356912146 1684.3130749923196 3728.1475235891216 -26238.552381329391 1764.5703319161698 3917.3602697842316 -27424.144241080532 1801.34616441668 4087.6316752082089 -28534.326703613726 1795.4772958368253 4235.1486443787526 -29563.478288282549 1748.5679588886735 4358.1442359219018 -30505.564670192161 1664.2711953322337 4457.1508762943095 -31355.296656080085 1547.505255122137 4534.3076130356167 -32108.716746793154 1403.5900887932326 4592.6031464537045 -32763.242874619431 1237.6613852371656 4635.2928183661079 -33317.434153335395 1054.3633425399048 4665.5042990141537 -33770.671717856443 857.73839576856494 4685.9903974011095 -34122.853956134844 651.23798210514076 4698.9841041424834 -34374.145419067863 437.80084235350716 4706.118606188511 -34524.789131065176 219.96573938826862 4708.3859516741595 -34574.97947714162 -1.3183955356765864e-05 4706.1185922515679 -34524.789142580696 -219.96575643150524 4698.9840952631148 -34374.145427772179 -437.8008480152119 4685.9903389565152 -34122.853988462157 -651.23798621273966 4665.504270407595 -33770.671743530562 -857.73839991374723 4635.2928493238132 -33317.434154987001 -1054.3633497817559 4592.6031333448082 -32763.242889391 -1237.6613919869728 4534.3075971503986 -32108.716760671236 -1403.5900890567657 4457.1509351303093 -31355.296652285626 -1547.5052631087817 4358.1443522346253 -30505.564660967433 -1664.2712105707556 4235.1487625623622 -29563.478280966498 -1748.5679550693249 4087.6318104198608 -28534.326686995948 -1795.4772816807199 3917.3603660347803 -27424.144241229846 -1801.3461605657624 3728.147575341909 -26238.55239566867 -1764.570331702753 3521.1379178952934 -24983.385367951942 -1684.3130792925658 3294.8171632656599 -23666.26723909417 -1560.0837601190358 3055.2502996763351 -22293.528544662611 -1392.8170461317536 2810.5809718373857 -20871.147281032368 -1186.1018004675095 2561.184007919353 -19408.130068293212 -949.07522283863875 2308.4703276940359 -17909.084648272346 -691.77516213534886 2057.5987314569716 -16375.227340387251 -423.07141312294937 1812.6161422526006 -14810.76379600295 -155.25494088239824 1576.3191894614806 -13220.545125822919 96.233704118119419 1350.8856772408458 -11608.700318621797 314.28899851027927 1138.3441987401163 -9978.7584422794498 481.71709020523861 940.69919444317566 -8334.1282269272269 582.89050404648208 759.58820924308054 -6677.5792875496727 605.68306189421639 595.47540010797434 -5007.5678776213626 543.65435425321607 447.16100268175603 -3307.1678564316262 397.51500609132563 315.2822147867783 -1517.3205389670288 172.26020998686241 253.86423356609529 -588.85341247949646 40.545571999803883 617.27346762206503 1309.2845924438161 855.87818553435181 529.45854516719282 593.0494986662527 644.01755030057393 376.43850423529415 -828.64853461952862 303.41576340144672 271.30893815483262 -2229.1094024546355 115.75160951139803 215.95153732276617 -3618.6949969667662 57.645736942107149 208.27117415451835 -5017.7894563781065 111.24867248827226 245.66231965442154 -6445.2929700551103 261.69963386096146 325.67390075015146 -7916.6213472993568 494.31584933152646 446.24486194042191 -9443.9017698696171 792.65208675881127 605.81992916410309 -11035.752250750365 1137.2634343616494 803.25107104270569 -12695.671638345517 1504.9882741282947 1037.3150403881591 -14418.624282739573 1869.0017903123721 1305.4375771170437 -16186.399659227998 2200.7663784501738 1599.8348631074209 -17967.787258940152 2476.8052518528443 1895.9068794570262 -19746.765486841436 2693.8362928740498 2169.0206640797214 -21515.456280171718 2850.7468489118 2426.5536792628791 -23245.342400936577 2936.7324466646255 2672.3862325288128 -24911.423601087481 2948.8640940419173 2880.5872942400488 -26497.845218827148 2887.6920379563308 3032.4700088518944 -27983.312117132013 2759.9150511811195 3129.2223160472809 -29347.86798394674 2580.5393965162962 3179.6074865377705 -30579.55400235573 2364.559074727521 3194.5532564695836 -31673.231118901658 2124.3724343688718 3184.6757976142767 -32628.2727820984 1869.2964891880097 3159.2959926292542 -33446.606295258462 1605.8912433165108 3126.152393368076 -34131.34870661109 1338.5052596357023 3091.4217305009479 -34685.935405058517 1069.8140024973557 3059.8569135931884 -35113.592022210192 801.27609038279525 3034.9515157023538 -35417.02711707243 533.49641318256533 3019.0877800476496 -35598.260491348228 266.50903798389555 3013.6487871638838 -35658.532413572961 -8.7999938003235911e-06 3019.0877593549158 -35598.260510013723 -266.50906162891454 3034.9514861132889 -35417.027141237864 -533.49644161600361 3059.8568737370347 -35113.592049498984 -801.27611622560198 3091.4217525836848 -34685.935409839105 -1069.8140311495574 3126.1524900479831 -34131.348689013852 -1338.5052926541755 3159.2960439348644 -33446.606306861868 -1605.8912777101295 3184.6757910554161 -32628.272820858161 -1869.296523376951 3194.5533360024137 -31673.231123733909 -2124.3724702679669 3179.6076526555535 -30579.553977391053 -2364.5591071308277 3129.2224511894055 -29347.867974719033 -2580.5394234358719 3032.4701280114982 -27983.312111025356 -2759.9150707518747 2880.5873974311694 -26497.845223454522 -2887.6920613828306 2672.3863051588341 -24911.423617317276 -2948.8641279490821 2426.5537545669285 -23245.342407002401 -2936.7324844417799 2169.0207332349178 -21515.456289371923 -2850.7468928480585 1895.9069001740465 -19746.765494908854 -2693.8363182384755 1599.8348455398541 -17967.787253839422 -2476.805259961513 1305.4375261010198 -16186.399650780146 -2200.7663919315501 1037.3149651078884 -14418.624268440613 -1869.0018125890417 803.25102463807218 -12695.671617465476 -1504.988312624027 605.81989902977011 -11035.752233112442 -1137.2634822029893 446.24483258626032 -9443.9017445860118 -792.65212430415022 325.67388625254483 -7916.6213239729732 -494.31588295908273 245.66233182349401 -6445.2929580876971 -261.69967191720576 208.27119848054997 -5017.789445133435 -111.24870653836183 215.95156957399212 -3618.6949665058764 -57.645759110497529 271.30898820752242 -2229.1093575763421 -115.75163136835731 376.4385626726953 -828.64850122325038 -303.41580023530355 529.45860096256649 593.0495343810054 -644.01759333624932 617.27351671267536 1309.2846371784467 -855.87822765983174 433.86064567915548 1810.1986759616304 845.35212160639389 236.84144595900682 1411.9246047732474 623.06316414866228 -102.29414220793788 600.65551328400488 263.15738279962841 -344.76362343358022 -246.84321443312189 63.118895376444286 -512.1083068386929 -1141.2710737055547 6.2402370589838156 -619.21004672470326 -2092.4356929146406 79.460372299384957 -677.74851502281808 -3114.6125294767749 272.13865210919147 -696.91820430727375 -4226.9646829891417 575.09103979236625 -683.38890516576885 -5453.5641565585956 979.14368292816926 -640.98791259780944 -6823.6710364871105 1473.0288569070908 -570.25512615982257 -8371.690293661939 2040.2630666974337 -467.92364986217507 -10135.160586329441 2654.2922461777625 -326.14367129013561 -12146.221876830925 3270.8199499637235 -130.07995449837202 -14401.906215080266 3816.5005183402627 148.45445624600615 -16783.454507313287 4183.4115075969039 500.19636289688492 -19164.69433811288 4342.6001686264417 802.61551235807326 -21527.224778320873 4334.2923577834399 934.36146846644635 -23820.16046452081 4162.8168810616917 903.36899795157137 -25946.938486888779 3866.5757570830051 770.3513868711234 -27857.80109295834 3510.9391808207192 580.12628372671793 -29546.454948697279 3134.5053519135417 364.03572168718711 -31022.604982562581 2758.9075096463116 143.17181064338365 -32300.791040861368 2395.1310072266992 -68.538375057641247 -33395.705320392648 2047.8454365100174 -262.03687199411786 -34320.439941554003 1718.0826108035362 -431.52141715885864 -35085.976457027806 1404.8461587263587 -573.34109515432385 -35701.17491080633 1106.0558573112328 -685.24979150963293 -36172.93537471832 819.08758323814095 -765.90763343530875 -36506.392489408885 541.07018826609647 -814.55490904797875 -36705.086506330721 269.03808954260029 -830.80922884384825 -36771.090354920139 -2.3187982733929857e-07 -814.55489175764581 -36705.086505147832 -269.03809801045583 -765.90760280507573 -36506.392494312109 -541.07020463622507 -685.24974830496933 -36172.935383051547 -819.08760200544771 -573.34100844829072 -35701.174903525563 -1106.0558768146011 -431.52130287368675 -35085.976443327891 -1404.8461770865479 -262.03677953156091 -34320.439943847334 -1718.0826320242818 -68.538310256099521 -33395.705337792147 -2047.8454667212336 143.1719077254877 -32300.79104167582 -2395.1310409641737 364.03586401798657 -31022.604955744166 -2758.9075394901906 580.12639767979613 -29546.454926495579 -3134.5053891788398 770.3514699953829 -27857.801070784612 -3510.9392127231663 903.3690857176905 -25946.938461609152 -3866.5757870527577 934.36154063581228 -23820.160460936269 -4162.8169292926505 802.61558180967779 -21527.22477744531 -4334.2924043194034 500.19641537483602 -19164.694343655836 -4342.600207582951 148.45445684456072 -16783.454528085036 -4183.4115394300115 -130.07997817764746 -14401.906227349453 -3816.5005435597914 -326.14371193268016 -12146.221879108387 -3270.8199782065658 -467.92373081612192 -10135.160591728138 -2654.2922768408612 -570.25520472584321 -8371.6902981818894 -2040.2630992283944 -640.98797464977633 -6823.6710396420031 -1473.0288941765812 -683.38898623783689 -5453.5641502405642 -979.14371435146234 -696.91827743681802 -4226.9646593167354 -575.09106175593263 -677.7485619851509 -3114.6125144124853 -272.13868660527902 -619.2100825563341 -2092.4356727398931 -79.460415415314699 -512.10832537681597 -1141.2710214936512 -6.2402724941158283 -344.76361945603088 -246.84314335318788 -63.118929223299702 -102.29412052849746 600.65558278408093 -263.15742810452855 236.8414812313649 1411.9246817154367 -623.06321816148215 433.86068158971784 1810.1987648997192 -845.3521750678259 71.501264987838567 1109.8466668060446 382.03592960191367 -69.590047689398631 1044.2118367687531 206.66558561264159 -286.63144690743059 866.07896088731161 -100.00852477403618 -389.11686700110391 605.65923970678841 -315.96437371370871 -407.8082817178344 277.14673849203791 -437.63633899418505 -371.2354218608142 -117.94104788946383 -463.28741738126581 -304.80154411314084 -585.37002199518361 -390.87129559434436 -230.87035468157708 -1137.9052646372577 -216.81000930437463 -169.05206334393705 -1796.8196390815624 64.762280850294417 -136.47521053016143 -2594.9717202296142 462.42319306085813 -147.95382161873954 -3582.2625313967492 987.43623491529445 -216.02774150676481 -4835.3869465887765 1652.6415529429078 -350.84408617008091 -6476.4330800053503 2468.1316045466306 -558.93081100856216 -8712.6241486984854 3426.4309911579135 -841.13335672960125 -11885.589253373266 4440.8986421833179 -1291.1311492180589 -15815.051379340128 5031.7050713207645 -1970.4466552396684 -19655.578799713054 4881.191356015217 -2744.8763698247512 -22918.385509625132 4380.0903525302574 -3484.1072693107026 -25636.180357321758 3865.7867625969529 -4149.5233833885923 -27923.776495669605 3383.113557115546 -4731.2638284829209 -29864.679973461993 2944.6261438943984 -5231.0552624737011 -31518.465255058934 2548.7731735774446 -5654.9032738453043 -32927.398906804403 2189.8097052221424 -6009.9888276333022 -34121.831506456991 1861.2294814889556 -6303.3124485161588 -35123.865264537701 1557.0019936543674 -6541.1210024580778 -35949.776214784593 1271.9102089651535 -6728.6925691985543 -36611.600191313759 1001.5458520238079 -6870.2838463332318 -37118.173413724006 742.1858522355277 -6969.1458799624124 -37475.815406029848 490.63935379899698 -7027.5619008740068 -37688.772023791018 244.09824370428055 -7046.8845765867245 -37759.490901576413 1.9580954742082213e-06 -7027.5618458080335 -37688.771998878008 -244.0982413576385 -6969.1458170481346 -37475.815380317188 -490.63934743594791 -6870.2837640154466 -37118.173385240836 -742.18585097593484 -6728.692476632923 -36611.600158234396 -1001.5458434168795 -6541.1209200040521 -35949.776183750655 -1271.9101892201695 -6303.3123751519133 -35123.865234454868 -1557.0019741647916 -6009.9887281647034 -34121.831465419717 -1861.2294617727973 -5654.9031788776028 -32927.398871483878 -2189.8096901989402 -5231.0551621922205 -31518.465220092603 -2548.7731602601953 -4731.2637123976538 -29864.679937276735 -2944.6261369299195 -4149.5232834761473 -27923.776464607876 -3383.1135469822075 -3484.1071991870012 -25636.180338574781 -3865.7867550027026 -2744.8763191878834 -22918.385514312027 -4380.0903629983968 -1970.4466065336474 -19655.578814668548 -4881.1913695620478 -1291.1311177830216 -15815.051403315087 -5031.7050976372302 -841.13335869983018 -11885.5892730876 -4440.8986868810498 -558.93083915533236 -8712.6241460290257 -3426.4310312625962 -350.84414496827537 -6476.4330729314515 -2468.1316392702329 -216.02785825494115 -4835.3869499075836 -1652.6415843119819 -147.95396417259445 -3582.2625341646126 -987.43626258161623 -136.47535681521259 -2594.971731485939 -462.42322747455796 -169.05221557997959 -1796.8196423100148 -64.762311703517042 -230.87050520544898 -1137.9052409352034 216.80998909214725 -304.80166728988382 -585.37000030536126 390.87126064837912 -371.23550951353411 -117.94102340972316 463.28737415030014 -407.80835555415445 277.14678204015115 437.63630142530531 -389.11692293539693 605.65929726655156 315.96433980366567 -286.63146146852404 866.07901647767085 100.00849167459535 -69.590034614217686 1044.2118831025116 -206.66561628827333 71.501278407425673 1109.8467121731728 -382.03595576301041 -64.908047779611422 539.48664615802545 134.8589712805327 -133.44741308879708 605.68738763181932 -3.1888692660182869 -199.6976110991784 692.23065564661988 -269.51276221761816 -141.7514055077051 698.38109683984294 -503.06387784552066 3.9274036828748748 640.65673450331769 -684.36334374935223 200.63052951143936 525.48109714612326 -803.02288921081686 414.7618856823164 352.39946573380394 -850.83100773803551 615.97760280497266 114.84430084912304 -818.55230238633078 776.18453375962713 -201.38714853293794 -693.6634500218255 868.24777221848149 -621.83287152620937 -457.78974898638796 864.67621478333103 -1190.7245916192642 -83.109591515539975 736.27121718293358 -1986.8129041658144 472.97069526630281 449.83345409232584 -3163.9269506375113 1275.0614624712866 -41.276759476293535 -5081.6445411578015 2414.5197761990139 -842.48021305588543 -8636.9430187848629 3939.7022610873937 -2174.0145091297386 -13725.004986860684 4961.0511914385106 -3881.385834363457 -18645.524658228976 4744.6183494620363 -5433.8137914909748 -22483.241565599492 4056.141784594724 -6645.244269119793 -25478.163855935196 3492.6869295427418 -7595.3752842265476 -27925.314237319348 3026.0334541013208 -8343.208376652321 -29972.678470724131 2632.7794194379567 -8934.3576886164919 -31705.662006741491 2291.1439948496763 -9402.9165273003346 -33177.334323358999 1985.1429686992219 -9774.2768464602887 -34422.90773075349 1703.6134088167423 -10067.355274979705 -35466.881408130299 1438.9308619655603 -10296.253286891211 -36326.85649755803 1185.8996229951736 -10471.447115819854 -37015.690394398145 940.94036835636507 -10600.625924048833 -37542.773032110868 701.52846570867086 -10689.2728950941 -37914.808812020055 465.81446182563593 -10741.058188096869 -38136.301879360792 232.3679177818093 -10758.090599663941 -38209.849810935695 4.3438612706836466e-06 -10741.058120226433 -38136.301846581817 -232.36790923025052 -10689.272837265322 -37914.808777258309 -465.81444564833703 -10600.625846017436 -37542.772982441908 -701.52845954057682 -10471.447051435698 -37015.690346321324 -940.94035769340485 -10296.253241466618 -36326.856458240305 -1185.8995966118548 -10067.355229043656 -35466.881368941118 -1438.9308290906436 -9774.2767533167789 -34422.907670323119 -1703.6133653931008 -9402.9164346677462 -33177.334263432422 -1985.1429258240955 -8934.357601008538 -31705.661960650905 -2291.1439493807775 -8343.2082567361358 -29972.67843624801 -2632.7793745477084 -7595.3751587296383 -27925.314205639435 -3026.0334093265724 -6645.2441931891999 -25478.163844051094 -3492.6868950069124 -5433.813751012156 -22483.241583457999 -4056.1417660437346 -3881.385793114825 -18645.524686049299 -4744.6183338950268 -2174.0144775210993 -13725.005026878564 -4961.0512089033291 -842.48021097102981 -8636.9430458739298 -3939.7023134363089 -41.276791835479969 -5081.6445331335672 -2414.5198183861562 449.83337325715706 -3163.9269449722824 -1275.0614982794564 736.27108140281905 -1986.812900939753 -472.97073790127962 864.67605282433351 -1190.7245728563325 83.109546338020294 868.24759251512126 -621.83287999191282 457.78969882530828 776.18435703607543 -201.38716744910732 693.66340534387291 615.97742110718002 114.84430473200757 818.5522647250483 414.76174118628217 352.39948047684919 850.83096266513007 200.63043550176096 525.48111230033646 803.02284690681972 3.927313626480192 640.65675084428403 684.36330822752291 -141.75147592512394 698.38113390091644 503.06385024991971 -199.69763034390837 692.23069318996204 269.51274257787964 -133.44740818058406 605.68739537811302 3.188856869069113 -64.908044307660461 539.48664126087192 -134.85897681017286
        </DataArray>
        <DataArray type="Float64" Name="sigma_xx" format="ascii">
          -6572.3498094261886 -5971.3005590307639 -5125.1506673267158 -4791.7841512632667 -4680.3968440350918 -4656.1983390891528 -4655.9200681371931 -4650.3981898065267 -4627.1946382237711 -4582.1965669478559 -4515.4229129999349 -4428.8787822383965 -4325.4485910589283 -4208.3553696894669 -4080.8330177508851 -3945.9654967092633 -3806.6853510996107 -3665.6858048840277 -3525.4269184200925 -3388.2043842744824 -3256.0893256039853 -3130.9350467806539 -3014.4241592746221 -2908.0666014874437 -2813.1937998340582 -2730.9585940582074 -2662.3366852578051 -2608.1285029046244 -2568.9594668137606 -2545.2781480871008 -2537.3543728354698 -2545.2782238121958 -2568.9596343769854 -2608.1286782827719 -2662.3368323307486 -2730.9588683617276 -2813.1942210693155 -2908.0669333973665 -3014.4244218628328 -3130.9352593379576 -3256.0894657218669 -3388.2046021866126 -3525.4272062634923 -3665.6858947039277 -3806.6852489835965 -3945.9653081411552 -4080.8327407208849 -4208.3550362180904 -4325.448217469735 -4428.8783808262378 -4515.4224830800758 -4582.1962208992845 -4627.1943717854219 -4650.3978966273226 -4655.9197569119651 -4656.1981590140076 -4680.3967823402218 -4791.7841860434246 -5125.1507733465069 -5971.3006106741441 -6572.3498322575806 -4391.4832466672706 -3976.3629399566494 -3283.2035932815311 -2824.4984366876192 -2527.4877978419954 -2335.3205499949636 -2207.9657634517812 -2118.408642224229 -2048.8327007872554 -1987.7204748168242 -1927.8365548404415 -1864.8709047055022 -1796.5163119585618 -1721.7773412777499 -1640.6275897749956 -1553.7517477400409 -1462.1883701205491 -1367.3109096689868 -1270.7275474207379 -1174.0500145191945 -1078.9385317232791 -987.08617409145791 -900.11092519458862 -819.51839221844807 -746.68737566683865 -682.8557054334932 -629.10283940399404 -586.33366693543394 -555.26491029650731 -536.41475525895635 -530.09644263627706 -536.4147605857994 -555.26492386612404 -586.33366207665563 -629.10279688452601 -682.85582038858206 -746.68766180922228 -819.51857895305125 -900.11102657932611 -987.08624684329334 -1078.9385539089903 -1174.0501049107068 -1270.7277043096421 -1367.3109530354845 -1462.1883055495828 -1553.7516516716373 -1640.6274579441265 -1721.777154470645 -1796.5160831242779 -1864.8706326073836 -1927.8362335986726 -1987.7201762427003 -2048.8324221037583 -2118.4083744696945 -2207.9655186430405 -2335.3204173750355 -2527.4877814382717 -2824.4984859957717 -3283.2036893344452 -3976.3630022164489 -4391.4832810909265 -1809.2922195251599 -1526.0816656416671 -949.35583686655252 -391.78174718799141 94.011742301883416 495.09693970898581 816.66565684470061 1070.8344883497286 1271.2420480012001 1430.6435633004699 1559.9943386446689 1668.2327885273558 1762.3151910581691 1847.2635243933826 1926.7683586199751 2003.4733061929915 2078.6307956105702 2152.8573867147229 2226.4451503288433 2298.8999807371561 2369.3816319758721 2437.0519316291202 2500.9869332371259 2560.1928793430416 2613.6776867770586 2660.5219087566579 2699.9267692830272 2731.2382432655058 2753.9542825216276 2767.7226143785301 2772.335004744959 2767.7226734697797 2753.9544100147054 2731.2384008873228 2699.9269571306481 2660.5219705176705 2613.6776279319229 2560.1929021345259 2500.987028263236 2437.0519967712698 2369.3816830898563 2298.8999948624587 2226.4451210002344 2152.8573596975316 2078.6307721016183 2003.4732667929602 1926.768310567059 1847.2635270907845 1762.3152303574452 1668.2328642474081 1559.9944564609373 1430.6437345998784 1271.2422602338238 1070.8346494280793 816.66576893411366 495.09700483248724 94.011752977725834 -391.78176140443645 -949.35589306931229 -1526.0817209147799 -1809.292247667262 -737.48777390544944 -509.83757834951922 -73.51659978239411 334.46860292800608 722.60143751107921 1087.0869400809006 1423.7872200850356 1731.1967696035024 2010.3071993982358 2263.6731982773181 2494.503954690334 2706.0593601751216 2901.4708308284776 3083.8217761047877 3254.6705355099084 3414.3590200560211 3564.429936611908 3705.4176275477148 3836.0863467860945 3956.1965976218671 4065.9877531121087 4165.1194715670235 4253.1002194576513 4329.6218155846273 4394.6732553835045 4448.5116840126921 4491.571750705627 4524.3622353557312 4547.3738468314368 4561.0070195123899 4565.5214733846815 4561.0070489833042 4547.3739214525594 4524.3622817438336 4491.5717981404932 4448.5117123982745 4394.6732497149551 4329.621861734091 4253.1003123082592 4165.1195392305926 4065.9877972202521 3956.1966551949326 3836.0863790918329 3705.4176198817449 3564.4299082736807 3414.3589888220704 3254.6705077119068 3083.8217548098605 2901.4708062293626 2706.0593371680488 2494.5039411973894 2263.6732220387639 2010.3072611802722 1731.1968048946342 1423.7872519356679 1087.0869833712252 722.60146990555359 334.46860898687896 -73.51662463098755 -509.83759845590095 -737.4877848232436 253.8642144860882 315.28218491406653 447.16098255137604 595.47538640117307 759.58817998693348 940.69915418421556 1138.3441815800916 1350.8856829061701 1576.3192066041061 1812.6161887564626 2057.5987858973144 2308.4703982135647 2561.1840585321461 2810.5809816137662 3055.2502689997418 3294.8171210072683 3521.1378752774604 3728.1475235891216 3917.3602697842316 4087.6316752082089 4235.1486443787526 4358.1442359219018 4457.1508762943095 4534.3076130356167 4592.6031464537045 4635.2928183661079 4665.5042990141537 4685.9903974011095 4698.9841041424834 4706.118606188511 4708.3859516741595 4706.1185922515679 4698.9840952631148 4685.9903389565152 4665.504270407595 4635.2928493238132 4592.6031333448082 4534.3075971503986 4457.1509351303093 4358.1443522346253 4235.1487625623622 4087.6318104198608 3917.3603660347803 3728.147575341909 3521.1379178952934 3294.8171632656599 3055.2502996763351 2810.5809718373857 2561.184007919353 2308.4703276940359 2057.5987314569716 1812.6161422526006 1576.3191894614806 1350.8856772408458 1138.3441987401163 940.69919444317566 759.58820924308054 595.47540010797434 447.16100268175603 315.2822147867783 253.86423356609529 617.27346762206503 529.45854516719282 376.43850423529415 271.30893815483262 215.95153732276617 208.27117415451835 245.66231965442154 325.67390075015146 446.24486194042191 605.81992916410309 803.25107104270569 1037.3150403881591 1305.4375771170437 1599.8348631074209 1895.9068794570262 2169.0206640797214 2426.5536792628791 2672.3862325288128 2880.5872942400488 3032.4700088518944 3129.2223160472809 3179.6074865377705 3194.5532564695836 3184.6757976142767 3159.2959926292542 3126.152393368076 3091.4217305009479 3059.8569135931884 3034.9515157023538 3019.0877800476496 3013.6487871638838 3019.0877593549158 3034.9514861132889 3059.8568737370347 3091.4217525836848 3126.1524900479831 3159.2960439348644 3184.6757910554161 3194.5533360024137 3179.6076526555535 3129.2224511894055 3032.4701280114982 2880.5873974311694 2672.3863051588341 2426.5537545669285 2169.0207332349178 1895.9069001740465 1599.8348455398541 1305.4375261010198 1037.3149651078884 803.25102463807218 605.81989902977011 446.24483258626032 325.67388625254483 245.66233182349401 208.27119848054997 215.95156957399212 271.30898820752242 376.4385626726953 529.45860096256649 617.27351671267536 433.86064567915548 236.84144595900682 -102.29414220793788 -344.76362343358022 -512.1083068386929 -619.21004672470326 -677.74851502281808 -696.91820430727375 -683.38890516576885 -640.98791259780944 -570.25512615982257 -467.92364986217507 -326.14367129013561 -130.07995449837202 148.45445624600615 500.19636289688492 802.61551235807326 934.36146846644635 903.36899795157137 770.3513868711234 580.12628372671793 364.03572168718711 143.17181064338365 -68.538375057641247 -262.03687199411786 -431.52141715885864 -573.34109515432385 -685.24979150963293 -765.90763343530875 -814.55490904797875 -830.80922884384825 -814.55489175764581 -765.90760280507573 -685.24974830496933 -573.34100844829072 -431.52130287368675 -262.03677953156091 -68.538310256099521 143.1719077254877 364.03586401798657 580.12639767979613 770.3514699953829 903.3690857176905 934.36154063581228 802.61558180967779 500.19641537483602 148.45445684456072 -130.07997817764746 -326.14371193268016 -467.92373081612192 -570.25520472584321 -640.98797464977633 -683.38898623783689 -696.91827743681802 -677.7485619851509 -619.2100825563341 -512.10832537681597 -344.76361945603088 -102.29412052849746 236.8414812313649 433.86068158971784 71.501264987838567 -69.590047689398631 -286.63144690743059 -389.11686700110391 -407.8082817178344 -371.2354218608142 -304.80154411314084 -230.87035468157708 -169.05206334393705 -136.47521053016143 -147.95382161873954 -216.02774150676481 -350.84408617008091 -558.93081100856216 -841.13335672960125 -1291.1311492180589 -1970.4466552396684 -2744.8763698247512 -3484.1072693107026 -4149.5233833885923 -4731.2638284829209 -5231.0552624737011 -5654.9032738453043 -6009.9888276333022 -6303.3124485161588 -6541.1210024580778 -6728.6925691985543 -6870.2838463332318 -6969.1458799624124 -7027.5619008740068 -7046.8845765867245 -7027.5618458080335 -6969.1458170481346 -6870.2837640154466 -6728.692476632923 -6541.1209200040521 -6303.3123751519133 -6009.9887281647034 -5654.9031788776028 -5231.0551621922205 -4731.2637123976538 -4149.5232834761473 -3484.1071991870012 -2744.8763191878834 -1970.4466065336474 -1291.1311177830216 -841.13335869983018 -558.93083915533236 -350.84414496827537 -216.02785825494115 -147.95396417259445 -136.47535681521259 -169.05221557997959 -230.87050520544898 -304.80166728988382 -371.23550951353411 -407.80835555415445 -389.11692293539693 -286.63146146852404 -69.590034614217686 71.501278407425673 -64.908047779611422 -133.44741308879708 -199.6976110991784 -141.7514055077051 3.9274036828748748 200.63052951143936 414.7618856823164 615.97760280497266 776.18453375962713 868.24777221848149 864.67621478333103 736.27121718293358 449.83345409232584 -41.276759476293535 -842.48021305588543 -2174.0145091297386 -3881.385834363457 -5433.8137914909748 -6645.244269119793 -7595.3752842265476 -8343.208376652321 -8934.3576886164919 -9402.9165273003346 -9774.2768464602887 -10067.355274979705 -10296.253286891211 -10471.447115819854 -10600.625924048833 -10689.2728950941 -10741.058188096869 -10758.090599663941 -10741.058120226433 -10689.272837265322 -10600.625846017436 -10471.447051435698 -10296.253241466618 -10067.355229043656 -9774.2767533167789 -9402.9164346677462 -8934.357601008538 -8343.2082567361358 -7595.3751587296383 -6645.2441931891999 -5433.813751012156 -3881.385793114825 -2174.0144775210993 -842.48021097102981 -41.276791835479969 449.83337325715706 736.27108140281905 864.67605282433351 868.24759251512126 776.18435703607543 615.97742110718002 414.76174118628217 200.63043550176096 3.927313626480192 -141.75147592512394 -199.69763034390837 -133.44740818058406 -64.908044307660461
        </DataArray>
        <DataArray type="Float64" Name="sigma_yy" format="ascii">
          -37716.18331312215 -36658.759082952281 -34771.554831600341 -33288.894338131438 -32123.957431465125 -31214.220915075595 -30513.201217470236 -29985.195416481387 -29601.927097004358 -29340.379290290493 -29181.362691012633 -29108.530346340871 -29107.682316248531 -29166.369194894731 -29273.552869708692 -29419.289789164282 -29594.610117710385 -29791.393068601134 -30002.24576878966 -30220.442348319761 -30439.867799269192 -30654.984601341002 -30860.811369538416 -31052.901981185372 -31227.334059973909 -31380.705040496512 -31510.13169625109 -31613.251547109798 -31688.224711579631 -31733.735442603025 -31748.993518466981 -31733.735400299498 -31688.224636535306 -31613.251418645727 -31510.131540286136 -31380.704952068674 -31227.334038509889 -31052.901918025022 -30860.811288522698 -30654.984529104702 -30439.867711291827 -30220.442297344001 -30002.245770960726 -29791.393027240199 -29594.610034760772 -29419.289701630023 -29273.552783749812 -29166.369143741496 -29107.682276854794 -29108.530299172908 -29181.362635983976 -29340.379272746046 -29601.927115042294 -29985.195373278137 -30513.201135795938 -31214.220924973626 -32123.957502536665 -33288.894431142784 -34771.55496444006 -36658.75921529613 -37716.183439551023 -22825.48682544148 -23674.836367106531 -25013.662927268346 -25801.517396646042 -26295.786609576782 -26633.747416456321 -26891.685840628092 -27113.200145518556 -27323.492139592196 -27536.941782605856 -27761.314011703402 -28000.214163974579 -28254.571899088609 -28523.459649132597 -28804.715747607039 -29095.433787162397 -29392.154700647981 -29691.081074288464 -29988.249132543031 -30279.625060198166 -30561.231305697154 -30829.213618142818 -31079.88872193711 -31309.81211558784 -31515.834280792173 -31695.142864782356 -31845.296189988545 -31964.252431060067 -32050.394983362574 -32102.55328297376 -32120.018505405962 -32102.553279634834 -32050.394968737721 -31964.252384042917 -31845.296106563575 -31695.142842354282 -31515.834327679597 -31309.812107498823 -31079.888664632213 -30829.213554905702 -30561.231231076847 -30279.625005286267 -29988.249101148511 -29691.081011472925 -29392.154610373102 -29095.433687335488 -28804.715642206938 -28523.459560297542 -28254.571819425866 -28000.214082052182 -27761.31393345954 -27536.941745550008 -27323.492143510884 -27113.200142609159 -26891.685817661164 -26633.747447334354 -26295.786692672991 -25801.517474627333 -25013.662992333291 -23674.836412326869 -22825.486865846193 -6920.5540573940762 -8629.5986655609249 -11752.742437980021 -14333.91495548674 -16471.931467649818 -18261.093185054495 -19779.301574351055 -21087.737161383586 -22233.500352534382 -23252.530115370733 -24172.053837867508 -25012.463946517419 -25788.818459662405 -26512.330796519102 -27191.029420816783 -27830.148097899913 -28433.051381035235 -29001.588478116271 -29536.36054684472 -30037.11445891047 -30502.872385734809 -30932.150981964209 -31323.206867776997 -31674.163294985345 -31983.104576050187 -32248.167786991275 -32467.630519141734 -32639.987366318037 -32764.010615781532 -32838.794508319523 -32863.784664510633 -32838.794518103881 -32764.01063266203 -32639.987388470705 -32467.630521173633 -32248.167832159412 -31983.104672209312 -31674.163350626721 -31323.206870813628 -30932.150974065135 -30502.872366147836 -30037.114427799494 -29536.360504714856 -29001.588415156199 -28433.051295726094 -27830.147992787857 -27191.029305983866 -26512.330671833635 -25788.818337745543 -25012.463819512843 -24172.05370497574 -23252.529995655896 -22233.50025694038 -21087.737121867944 -19779.301563946727 -18261.093194694469 -16471.931499379676 -14333.914963728312 -11752.742418777605 -8629.5986400394977 -6920.5540365364877 -3881.2015562204506 -4723.9554112169963 -6522.6843584074295 -8458.615110881512 -10395.097318373681 -12262.549115617818 -14030.724636782463 -15690.851028661918 -17245.05328582607 -18700.405337040451 -20065.766986445851 -21350.155468291021 -22561.570463376047 -23705.52017274762 -24786.189976401249 -25807.315623115464 -26770.653002940329 -27676.728456065714 -28525.373378484524 -29315.406875302309 -30045.29949460541 -30713.411063202704 -31317.848663523986 -31856.573813997347 -32327.589285687394 -32729.091380203703 -33059.556406768301 -33317.77111978727 -33502.827779593281 -33614.103008584323 -33651.234340718402 -33614.103000746494 -33502.827771350363 -33317.771141745492 -33059.556436896419 -32729.091420510013 -32327.589340176804 -31856.573849487468 -31317.84868090264 -30713.411083265182 -30045.299504307222 -29315.406856152276 -28525.373351881954 -27676.728434008011 -26770.652969484334 -25807.315559769657 -24786.18988333999 -23705.520058487 -22561.570352923212 -21350.155359169279 -20065.766862875404 -18700.405197521439 -17245.053143842655 -15690.850926562205 -14030.724572243986 -12262.549084820725 -10395.09730713048 -8458.6150983866683 -6522.6843509713281 -4723.9554124067481 -3881.2015667667674 -588.85340749755983 -1517.3205344406153 -3307.1678467351139 -5007.5678797097389 -6677.5792965889132 -8334.1282494078405 -9978.7584897648012 -11608.700383928233 -13220.545202507821 -14810.763857860093 -16375.227395046128 -17909.084703493747 -19408.130131761656 -20871.147349893225 -22293.528591846141 -23666.267245764437 -24983.385356912146 -26238.552381329391 -27424.144241080532 -28534.326703613726 -29563.478288282549 -30505.564670192161 -31355.296656080085 -32108.716746793154 -32763.242874619431 -33317.434153335395 -33770.671717856443 -34122.853956134844 -34374.145419067863 -34524.789131065176 -34574.97947714162 -34524.789142580696 -34374.145427772179 -34122.853988462157 -33770.671743530562 -33317.434154987001 -32763.242889391 -32108.716760671236 -31355.296652285626 -30505.564660967433 -29563.478280966498 -28534.326686995948 -27424.144241229846 -26238.55239566867 -24983.385367951942 -23666.26723909417 -22293.528544662611 -20871.147281032368 -19408.130068293212 -17909.084648272346 -16375.227340387251 -14810.76379600295 -13220.545125822919 -11608.700318621797 -9978.7584422794498 -8334.1282269272269 -6677.5792875496727 -5007.5678776213626 -3307.1678564316262 -1517.3205389670288 -588.85341247949646 1309.2845924438161 593.0494986662527 -828.64853461952862 -2229.1094024546355 -3618.6949969667662 -5017.7894563781065 -6445.2929700551103 -7916.6213472993568 -9443.9017698696171 -11035.752250750365 -12695.671638345517 -14418.624282739573 -16186.399659227998 -17967.787258940152 -19746.765486841436 -21515.456280171718 -23245.342400936577 -24911.423601087481 -26497.845218827148 -27983.312117132013 -29347.86798394674 -30579.55400235573 -31673.231118901658 -32628.2727820984 -33446.606295258462 -34131.34870661109 -34685.935405058517 -35113.592022210192 -35417.02711707243 -35598.260491348228 -35658.532413572961 -35598.260510013723 -35417.027141237864 -35113.592049498984 -34685.935409839105 -34131.348689013852 -33446.606306861868 -32628.272820858161 -31673.231123733909 -30579.553977391053 -29347.867974719033 -27983.312111025356 -26497.845223454522 -24911.423617317276 -23245.342407002401 -21515.456289371923 -19746.765494908854 -17967.787253839422 -16186.399650780146 -14418.624268440613 -12695.671617465476 -11035.752233112442 -9443.9017445860118 -7916.6213239729732 -6445.2929580876971 -5017.789445133435 -3618.6949665058764 -2229.1093575763421 -828.64850122325038 593.0495343810054 1309.2846371784467 1810.1986759616304 1411.9246047732474 600.65551328400488 -246.84321443312189 -1141.2710737055547 -2092.4356929146406 -3114.6125294767749 -4226.9646829891417 -5453.5641565585956 -6823.6710364871105 -8371.690293661939 -10135.160586329441 -12146.221876830925 -14401.906215080266 -16783.454507313287 -19164.69433811288 -21527.224778320873 -23820.16046452081 -25946.938486888779 -27857.80109295834 -29546.454948697279 -31022.604982562581 -32300.791040861368 -33395.705320392648 -34320.439941554003 -35085.976457027806 -35701.17491080633 -36172.93537471832 -36506.392489408885 -36705.086506330721 -36771.090354920139 -36705.086505147832 -36506.392494312109 -36172.935383051547 -35701.174903525563 -35085.976443327891 -34320.439943847334 -33395.705337792147 -32300.79104167582 -31022.604955744166 -29546.454926495579 -27857.801070784612 -25946.938461609152 -23820.160460936269 -21527.22477744531 -19164.694343655836 -16783.454528085036 -14401.906227349453 -12146.221879108387 -10135.160591728138 -8371.6902981818894 -6823.6710396420031 -5453.5641502405642 -4226.9646593167354 -3114.6125144124853 -2092.4356727398931 -1141.2710214936512 -246.84314335318788 600.65558278408093 1411.9246817154367 1810.1987648997192 1109.8466668060446 1044.2118367687531 866.07896088731161 605.65923970678841 277.14673849203791 -117.94104788946383 -585.37002199518361 -1137.9052646372577 -1796.8196390815624 -2594.9717202296142 -3582.2625313967492 -4835.3869465887765 -6476.4330800053503 -8712.6241486984854 -11885.589253373266 -15815.051379340128 -19655.578799713054 -22918.385509625132 -25636.180357321758 -27923.776495669605 -29864.679973461993 -31518.465255058934 -32927.398906804403 -34121.831506456991 -35123.865264537701 -35949.776214784593 -36611.600191313759 -37118.173413724006 -37475.815406029848 -37688.772023791018 -37759.490901576413 -37688.771998878008 -37475.815380317188 -37118.173385240836 -36611.600158234396 -35949.776183750655 -35123.865234454868 -34121.831465419717 -32927.398871483878 -31518.465220092603 -29864.679937276735 -27923.776464607876 -25636.180338574781 -22918.385514312027 -19655.578814668548 -15815.051403315087 -11885.5892730876 -8712.6241460290257 -6476.4330729314515 -4835.3869499075836 -3582.2625341646126 -2594.971731485939 -1796.8196423100148 -1137.9052409352034 -585.37000030536126 -117.94102340972316 277.14678204015115 605.65929726655156 866.07901647767085 1044.2118831025116 1109.8467121731728 539.48664615802545 605.68738763181932 692.23065564661988 698.38109683984294 640.65673450331769 525.48109714612326 352.39946573380394 114.84430084912304 -201.38714853293794 -621.83287152620937 -1190.7245916192642 -1986.8129041658144 -3163.9269506375113 -5081.6445411578015 -8636.9430187848629 -13725.004986860684 -18645.524658228976 -22483.241565599492 -25478.163855935196 -27925.314237319348 -29972.678470724131 -31705.662006741491 -33177.334323358999 -34422.90773075349 -35466.881408130299 -36326.85649755803 -37015.690394398145 -37542.773032110868 -37914.808812020055 -38136.301879360792 -38209.849810935695 -38136.301846581817 -37914.808777258309 -37542.772982441908 -37015.690346321324 -36326.856458240305 -35466.881368941118 -34422.907670323119 -33177.334263432422 -31705.661960650905 -29972.67843624801 -27925.314205639435 -25478.163844051094 -22483.241583457999 -18645.524686049299 -13725.005026878564 -8636.9430458739298 -5081.6445331335672 -3163.9269449722824 -1986.812900939753 -1190.7245728563325 -621.83287999191282 -201.38716744910732 114.84430473200757 352.39948047684919 525.48111230033646 640.65675084428403 698.38113390091644 692.23069318996204 605.68739537811302 539.48664126087192
        </DataArray>
        <DataArray type="Float64" Name="tau_xy" format="ascii">
          -8127.3944794712761 -6174.8237518863862 -2988.4116030777018 -958.22586479628796 356.16334531043577 1208.8180769665316 1753.7021716483082 2088.1729882089944 2276.0828359881539 2360.6347247558638 2371.8363644400506 2330.9737730678271 2253.3878730256242 2150.3266453637684 2030.1161504026099 1898.8956329811483 1761.2280165268428 1620.5127233797025 1479.2184110509033 1339.0927283980773 1201.3539449237715 1066.7918669070743 935.83714739645927 808.64134475249352 685.13844137674891 565.08867014472798 448.11244252356471 333.71922475350095 221.33364513343955 110.3192326006166 3.0596045043296272e-05 -110.31918120008609 -221.3336247715385 -333.71919583835023 -448.11239242868317 -565.08865559224876 -685.1384532089628 -808.64133899677086 -935.83712550590326 -1066.7918706599487 -1201.3539693846278 -1339.0927474431578 -1479.2184297244726 -1620.5127414326898 -1761.2280301149917 -1898.895625725816 -2030.1161139875878 -2150.3266077209119 -2253.3878213682192 -2330.9736905185719 -2371.8362668175241 -2360.6346420557356 -2276.0827952629488 -2088.1729419126787 -1753.7021097525608 -1208.8180634617204 -356.16337340555526 958.22582023425036 2988.4115304575394 6174.8236552485123 8127.3943725362951 -7448.7621567737961 -6366.7884772956413 -4444.7749030101477 -2954.5022764004007 -1801.7652028910722 -911.99162522736651 -227.88246230207272 294.34042062290411 688.26756678826632 979.88844618118003 1189.5119880320824 1333.1733821878563 1423.643927966179 1471.1181161865504 1483.818198961832 1468.4609731600856 1430.4922025907731 1374.3273280903204 1303.5899375756769 1221.2577778464633 1129.7459968025171 1031.0069824000964 926.63005586246663 817.90308694735006 705.85986704514357 591.32310374872907 474.94459998184175 357.24166367643073 238.62964324181397 119.45076506229586 6.2793216386580752e-06 -119.45076554727726 -238.62966290601614 -357.2416475313222 -474.94455053166115 -591.32308989953447 -705.85988854857226 -817.90310315603142 -926.63006172894768 -1031.0070118201527 -1129.7460488256256 -1221.2578185913048 -1303.589964209712 -1374.3273549287571 -1430.4922277762023 -1468.4609752055924 -1483.8181763354573 -1471.1180988193707 -1423.6438999693753 -1333.173325597674 -1189.5119116794485 -979.88837141381566 -688.2675065330468 -294.3403506838327 227.88254273378601 911.99167374445949 1801.7652175771088 2954.5022782695987 4444.7748906503457 6366.7884503224504 7448.7621197475946 -4620.2623453518081 -4614.7612946071094 -4432.9410223642108 -3995.9349323829611 -3441.377474508357 -2849.9990205388394 -2267.9174423397185 -1720.5576316003539 -1221.0551361689847 -775.28845995911502 -384.90263031708309 -49.12123485660095 234.23902126048137 468.30445535431858 656.49675257888919 802.17065562549215 908.81923656116533 979.9685113181115 1018.9558599800458 1028.8963570364799 1012.8102855687264 973.64383634031458 914.18574527989188 837.06300057562567 744.76735455577489 639.68129045195076 524.09552376140857 400.22058030134866 270.19728188712503 136.10943311294486 -2.7419647771864675e-05 -136.10950252972793 -270.19735947066806 -400.22061357306399 -524.09551585011252 -639.68128081985571 -744.76735360865769 -837.06299894780329 -914.18573801602201 -973.64384073467647 -1012.8102960987686 -1028.8963421746198 -1018.9558304489608 -979.96849841586982 -908.81922944003009 -802.17063403270186 -656.49672806638557 -468.30443908927754 -234.23900443086552 49.121263238394164 384.90267615032684 775.28851354662925 1221.0551953450222 1720.5576842596356 2267.9174887924678 2849.9990519917446 3441.3774826074882 3995.9349426776798 4432.9410443217512 4614.7613152156555 4620.2623587151247 -1600.8755079284738 -1736.8593102393868 -1954.8931664028701 -2052.4002227582682 -2023.1645135202461 -1886.5012286094488 -1669.0062114234081 -1396.7915356725771 -1092.6174187370016 -775.15726285473852 -459.14126093565841 -155.89830378833358 125.81697093999713 378.97565178617657 599.08138658300084 783.9150921975895 931.93184706074896 1042.4012036206914 1115.7617136475928 1153.5895388005947 1158.0387413385943 1131.4512414921733 1076.499870223088 996.19684503917802 893.79289825160959 772.64636593858006 636.11172777816603 487.4663845809626 329.87695576289013 166.39879048455475 -2.2802953111522584e-05 -166.39883365302705 -329.87699537407519 -487.46641474785571 -636.11174254140678 -772.64636201633152 -893.79287834622221 -996.19681861495849 -1076.4998455581222 -1131.4512216048106 -1158.0387031216835 -1153.589478637984 -1115.7616598379284 -1042.4011672732504 -931.931813276978 -783.91505335837996 -599.08134588511632 -378.97560612663233 -125.81693412874937 155.89833255095607 459.14129044432332 775.15728796379915 1092.6174326928556 1396.7915269709354 1669.0061873837528 1886.5011909890638 2023.1644795266557 2052.4002162447741 1954.8931767366205 1736.8593224018991 1600.8755171854123 -40.545571725218394 -172.2602105871631 -397.51500857336373 -543.65435503355889 -605.68308179456471 -582.89054436821175 -481.71712718347322 -314.28902612586512 -96.233724081978323 155.25492591623541 423.07141329740699 691.77517616657644 949.07524293032043 1186.1018265075124 1392.8170546814054 1560.083749128476 1684.3130749923196 1764.5703319161698 1801.34616441668 1795.4772958368253 1748.5679588886735 1664.2711953322337 1547.505255122137 1403.5900887932326 1237.6613852371656 1054.3633425399048 857.73839576856494 651.23798210514076 437.80084235350716 219.96573938826862 -1.3183955356765864e-05 -219.96575643150524 -437.8008480152119 -651.23798621273966 -857.73839991374723 -1054.3633497817559 -1237.6613919869728 -1403.5900890567657 -1547.5052631087817 -1664.2712105707556 -1748.5679550693249 -1795.4772816807199 -1801.3461605657624 -1764.570331702753 -1684.3130792925658 -1560.0837601190358 -1392.8170461317536 -1186.1018004675095 -949.07522283863875 -691.77516213534886 -423.07141312294937 -155.25494088239824 96.233704118119419 314.28899851027927 481.71709020523861 582.89050404648208 605.68306189421639 543.65435425321607 397.51500609132563 172.26020998686241 40.545571999803883 855.87818553435181 644.01755030057393 303.41576340144672 115.75160951139803 57.645736942107149 111.24867248827226 261.69963386096146 494.31584933152646 792.65208675881127 1137.2634343616494 1504.9882741282947 1869.0017903123721 2200.7663784501738 2476.8052518528443 2693.8362928740498 2850.7468489118 2936.7324466646255 2948.8640940419173 2887.6920379563308 2759.9150511811195 2580.5393965162962 2364.559074727521 2124.3724343688718 1869.2964891880097 1605.8912433165108 1338.5052596357023 1069.8140024973557 801.27609038279525 533.49641318256533 266.50903798389555 -8.7999938003235911e-06 -266.50906162891454 -533.49644161600361 -801.27611622560198 -1069.8140311495574 -1338.5052926541755 -1605.8912777101295 -1869.296523376951 -2124.3724702679669 -2364.5591071308277 -2580.5394234358719 -2759.9150707518747 -2887.6920613828306 -2948.8641279490821 -2936.7324844417799 -2850.7468928480585 -2693.8363182384755 -2476.805259961513 -2200.7663919315501 -1869.0018125890417 -1504.988312624027 -1137.2634822029893 -792.65212430415022 -494.31588295908273 -261.69967191720576 -111.24870653836183 -57.645759110497529 -115.75163136835731 -303.41580023530355 -644.01759333624932 -855.87822765983174 845.35212160639389 623.06316414866228 263.15738279962841 63.118895376444286 6.2402370589838156 79.460372299384957 272.13865210919147 575.09103979236625 979.14368292816926 1473.0288569070908 2040.2630666974337 2654.2922461777625 3270.8199499637235 3816.5005183402627 4183.4115075969039 4342.6001686264417 4334.2923577834399 4162.8168810616917 3866.5757570830051 3510.9391808207192 3134.5053519135417 2758.9075096463116 2395.1310072266992 2047.8454365100174 1718.0826108035362 1404.8461587263587 1106.0558573112328 819.08758323814095 541.07018826609647 269.03808954260029 -2.3187982733929857e-07 -269.03809801045583 -541.07020463622507 -819.08760200544771 -1106.0558768146011 -1404.8461770865479 -1718.0826320242818 -2047.8454667212336 -2395.1310409641737 -2758.9075394901906 -3134.5053891788398 -3510.9392127231663 -3866.5757870527577 -4162.8169292926505 -4334.2924043194034 -4342.600207582951 -4183.4115394300115 -3816.5005435597914 -3270.8199782065658 -2654.2922768408612 -2040.2630992283944 -1473.0288941765812 -979.14371435146234 -575.09106175593263 -272.13868660527902 -79.460415415314699 -6.2402724941158283 -63.118929223299702 -263.15742810452855 -623.06321816148215 -845.3521750678259 382.03592960191367 206.66558561264159 -100.00852477403618 -315.96437371370871 -437.63633899418505 -463.28741738126581 -390.87129559434436 -216.81000930437463 64.762280850294417 462.42319306085813 987.43623491529445 1652.6415529429078 2468.1316045466306 3426.4309911579135 4440.8986421833179 5031.7050713207645 4881.191356015217 4380.0903525302574 3865.7867625969529 3383.113557115546 2944.6261438943984 2548.7731735774446 2189.8097052221424 1861.2294814889556 1557.0019936543674 1271.9102089651535 1001.5458520238079 742.1858522355277 490.63935379899698 244.09824370428055 1.9580954742082213e-06 -244.0982413576385 -490.63934743594791 -742.18585097593484 -1001.5458434168795 -1271.9101892201695 -1557.0019741647916 -1861.2294617727973 -2189.8096901989402 -2548.7731602601953 -2944.6261369299195 -3383.1135469822075 -3865.7867550027026 -4380.0903629983968 -4881.1913695620478 -5031.7050976372302 -4440.8986868810498 -3426.4310312625962 -2468.1316392702329 -1652.6415843119819 -987.43626258161623 -462.42322747455796 -64.762311703517042 216.80998909214725 390.87126064837912 463.28737415030014 437.63630142530531 315.96433980366567 100.00849167459535 -206.66561628827333 -382.03595576301041 134.8589712805327 -3.1888692660182869 -269.51276221761816 -503.06387784552066 -684.36334374935223 -803.02288921081686 -850.83100773803551 -818.55230238633078 -693.6634500218255 -457.78974898638796 -83.109591515539975 472.97069526630281 1275.0614624712866 2414.5197761990139 3939.7022610873937 4961.0511914385106 4744.6183494620363 4056.141784594724 3492.6869295427418 3026.0334541013208 2632.7794194379567 2291.1439948496763 1985.1429686992219 1703.6134088167423 1438.9308619655603 1185.8996229951736 940.94036835636507 701.52846570867086 465.81446182563593 232.3679177818093 4.3438612706836466e-06 -232.36790923025052 -465.81444564833703 -701.52845954057682 -940.94035769340485 -1185.8995966118548 -1438.9308290906436 -1703.6133653931008 -1985.1429258240955 -2291.1439493807775 -2632.7793745477084 -3026.0334093265724 -3492.6868950069124 -4056.1417660437346 -4744.6183338950268 -4961.0512089033291 -3939.7023134363089 -2414.5198183861562 -1275.0614982794564 -472.97073790127962 83.109546338020294 457.78969882530828 693.66340534387291 818.5522647250483 850.83096266513007 803.02284690681972 684.36330822752291 503.06385024991971 269.51274257787964 3.188856869069113 -134.85897681017286
        </DataArray>
        <DataArray type="Float64" Name="von_mises_stress" format="ascii">
          37629.588605126119 35707.225100298558 32922.796798705494 31214.629194160472 30064.637760693513 29241.270323926517 28633.763780678812 28184.684640573669 27861.3136617938 27642.879479723317 27514.570723148663 27464.589382525774 27482.652029828379 27559.328993284689 27685.695392913451 27853.099770567314 28053.167467392464 28277.847357403971 28519.413083098458 28770.497691631783 29024.170868816433 29273.985109490146 29514.000568042924 29738.819212510338 29943.616236809514 30124.165601366152 30276.860320250453 30398.728440543415 30487.445596536421 30541.344659530943 30559.422591269595 30541.344583751641 30487.445448292572 30398.728235359889 30276.860098966241 30124.165394433974 29943.616036173647 29738.81900834605 29514.000374919284 29273.984949560578 29024.170726763161 28770.497554963586 28519.412972330872 28277.847283943473 28053.167428079039 27853.099755698706 27685.695405974449 27559.329059779655 27482.652117539776 27464.589463308097 27514.570801483431 27642.879567655425 27861.313766771818 28184.684695464897 28633.763804131871 29241.27039946798 30064.637855455414 31214.629268903012 32922.796869407444 35707.225157095192 37629.588644061922 24627.269518518846 24571.886045717045 24771.069469953891 25040.107766162859 25320.611796189343 25595.059523729404 25861.51097201939 26123.482705210143 26385.806993028462 26652.935983309304 26928.287167687231 27214.058973270843 27511.248442349668 27819.665465012749 28138.064008746805 28464.371827738989 28795.812366132104 29129.009976742036 29460.159205945391 29785.209495000421 30099.971018172269 30400.207023980238 30681.7578543747 30940.650843217263 31173.187057405194 31376.012382594792 31546.179018623123 31681.198969192388 31779.089199262085 31838.407470681959 31858.278099718289 31838.407464753145 31779.089178477487 31681.198924005257 31546.178953618855 31376.012303839318 31173.186967917303 30940.650746888976 30681.757749322474 30400.206929343643 30099.970939136023 29785.209402888144 29460.159105117393 29129.009897921427 28795.81230970841 28464.371772595197 28138.063960133331 27819.665458129082 27511.248461354677 27214.059004805429 26928.287222296956 26652.936070131251 26385.807114873136 26123.482817180993 25861.51105762356 25595.059616538605 25320.611888353957 25040.107822937076 24771.069488925052 24571.886044742449 24627.269508953974 10133.448307744451 11292.364300362962 13668.342804052068 15744.882743125358 17561.638768211651 19160.405525349172 20578.414381388786 21847.237285608353 22993.078996294469 24037.391640938888 24997.4896004045 25887.066355173036 26716.690338928704 27494.531376409832 28226.730174716969 28917.441804963491 29569.220318585994 30183.509206396742 30760.844464875765 31300.820933813855 31802.350426899164 32263.979787816887 32684.007739807359 33060.568639159908 33391.733279277891 33675.61782387265 33910.483470674619 34094.817038784036 34227.390535689352 34307.301915958524 34334.000705826315 34307.301959593031 34227.390625643857 34094.817150125084 33910.483577217878 33675.617902812468 33391.733342293133 33060.568707181541 32684.007795030484 32263.979816490446 31802.350436709807 31300.820909165806 30760.844403760271 30183.509127493377 29569.220219944236 28917.441676676441 28226.730032042935 27494.531252640609 26716.69023834186 25887.066269989173 24997.489534186858 24037.391619803926 22993.07902498819 21847.237344573903 20578.414444857182 19160.405581412739 17561.638807882751 15744.882752246524 13668.342789312279 11292.36429419983 10133.448309055611 4520.363062470582 5405.301091250456 7316.8375839920418 9334.1427052705003 11330.105794191861 13249.867413697293 15073.881899132179 16799.311850616839 18430.477235074999 19974.072915233388 21436.980242757389 22825.415585932355 24144.403556181038 25396.773621148674 26583.748260318083 27706.215849254477 28764.572495795612 29758.109081849034 30685.062372448549 31543.848706104633 32333.253147370866 33051.889681875975 33698.234543128339 34270.848569151458 34768.548593885847 35190.472736365329 35536.062959227522 35805.003307863619 35997.144572723882 36112.434583574519 36150.864332216624 36112.434593818907 35997.144609772287 35805.003358360445 35536.063018012923 35190.472792930057 34768.548643106544 34270.848629358414 33698.234612877 33051.88973970565 32333.253178930077 31543.848714479602 30685.062359240324 29758.109051621726 28764.57244260368 27706.215764654542 26583.748148738767 25396.773492991761 24144.403431307681 22825.415464496677 21436.98011391253 19974.072793444411 18430.477132605414 16799.311767940711 15073.881845858517 13249.867391446662 11330.105782234332 9334.142692389596 7316.8375748571052 5405.3010970689902 4520.3630775945376 752.07447292108293 1723.098759249556 3618.0385681645957 5412.8449633304153 7165.1800924149584 8899.53932130664 10626.705242495096 12351.727678900706 14076.049865146984 15797.558232641743 17510.351260676725 19205.275344981066 20872.115464003382 22502.993569517941 24088.754607748193 25616.901288668534 27074.870855930811 28452.118277507263 29742.128302021218 30939.062153930205 32036.134711572708 33027.866169254019 33911.066450877734 34684.731955967196 35349.484815901393 35906.941773220584 36359.174333121628 36708.301061403268 36956.20240977942 37104.332956731407 37153.606174425149 37104.332960228043 36956.20241337167 36708.30105911084 36359.174341952814 35906.941793856575 35349.484823482759 34684.731960324309 33911.066483147333 33027.866231491658 32036.134773867023 30939.062215256901 29742.128358520848 28452.118322275204 27074.870892843592 25616.901309040732 24088.754577691805 22502.993491477999 20872.115368609837 19205.275247295147 17510.351174484345 15797.558144405639 14076.049778449407 12351.727608561707 10626.705200228049 8899.5393142493886 7165.1800951991918 5412.844968896572 3618.0385884973798 1723.0987820880143 752.07449161709371 1866.7213082781598 1249.9258975748696 1190.1608852371135 2384.8500746081968 3732.6961285650273 5128.7208555013249 6587.1827940406192 8129.5903019637863 9771.6733341407999 11520.443938093033 13372.287447879684 15310.418270138376 17302.143032206917 19301.555269156765 21277.629109932055 23209.206182972379 25070.168918731291 26839.914638617174 28491.739795614096 29999.526319796558 31351.282934851457 32545.712842799163 33587.489313035898 34483.903830910887 35242.885993215801 35871.944187026071 36377.649232646603 36765.415358230282 37039.43244588629 37202.666510290379 37256.882664313394 37202.666517836995 37039.432454640904 36765.415364768451 36377.649252340379 35871.944227631808 35242.886038393997 34483.903871225943 33587.489369698764 32545.712919456088 31351.283009142073 29999.526386813795 28491.739865692231 26839.914706602125 25070.168980124952 23209.206246638048 21277.629138871391 19301.555257685741 17302.143001417237 15310.418223798004 13372.287415610799 11520.44391888376 9771.673302739413 8129.5902772756835 6587.1827930509035 5128.7208593751129 3732.6961166793581 2384.8500623766408 1190.1609237011928 1249.9259838757416 1866.7213892179291 2196.2561254269513 1697.0108469498002 800.28126432413467 326.56232542563748 990.16009114008966 1866.8135579290558 2876.0056640383073 4049.6007075194102 5418.2694859758403 7007.7744901074411 8838.8013961911583 10923.998961170297 13257.84490841391 15787.826092811412 18349.407567088627 20825.377416804935 23188.401272842188 25347.916071657008 27246.111217299396 28897.939381476524 30330.604890946026 31569.963418486459 32637.342422394366 33549.515000582331 34319.43274515168 34957.007631982771 35469.758076144244 35863.296528394312 36141.680277247644 36307.653617621552 36362.804741148808 36307.653624979117 36141.680297704166 35863.296558969079 35469.758112933676 34957.007676473069 34319.432796150017 33549.515055536358 32637.342479096184 31569.963471375355 30330.604938342552 28897.939413715325 27246.111250265931 25347.916128555029 23188.401332751218 20825.377471749638 18349.407608222831 15787.826111637285 13257.844913758034 10923.998954328452 8838.8013907156983 7007.7744920021069 5418.2694664760156 4049.6006686234532 2876.005644929357 1866.8135359715782 990.16004403611919 326.56232614838495 800.28135471569158 1697.0109553393356 2196.2562439746002 1263.0799533745183 1138.428688646683 1053.8030810476612 1026.3565330920949 964.73692793800853 867.091476065184 845.86137547563044 1107.4478138146449 1722.1979581712403 2653.2734552782799 3905.0706395262487 5529.6229070795971 7620.3726693041544 10323.456646784354 13825.415505103021 17530.480087195687 20566.289301482975 22965.935215499048 24997.329183704769 26747.370835076821 28266.566056142598 29587.015593447148 30730.702458003248 31713.404902019218 32546.792889742348 33239.646574064296 33798.604296431397 34228.63903237386 34533.367791664125 34715.252216058099 34775.72373550092 34715.252210227372 34533.367787524709 34228.639032373627 33798.604294833211 33239.6465696495 32546.792882771759 31713.404892943596 30730.702453598751 29587.015591531563 28266.566060657158 26747.370837866463 24997.329188445976 22965.935245099565 20566.289343313485 17530.480142466535 13825.415563796965 10323.456674183297 7620.3726749157258 5529.6228915585198 3905.0706030161209 2653.2734199801193 1722.1979003892106 1107.4477341082038 845.86131769232543 867.09144024715783 964.7369403425871 1026.3565843615945 1053.8031348158968 1138.4287424723684 1263.0800105559854 620.35211570463184 682.29271231482085 935.52691663705059 1168.7796691518085 1346.47685355114 1464.7500550779025 1523.7424813690111 1527.0755445255215 1497.611348020454 1519.5886556232249 1793.265974370591 2573.6079368114383 4063.6645128910841 6565.422944719614 10704.852439083934 15398.046232173889 18917.83498023104 21499.060306239582 23676.656615286705 25551.522357677561 27178.978293016229 28592.832106782847 29816.254369067887 30866.177774884534 31755.396226411205 32493.720822245719 33088.680874027872 33545.977559491839 33869.787325275072 34062.965211743096 34127.175532986053 34062.965196629142 33869.787305296588 33545.977530371958 33088.680842580172 32493.720792628388 31755.396195474201 30866.177732311589 29816.254325596066 28592.832073143236 27178.978276552753 25551.522343128268 23676.656608425161 21499.060323093996 18917.835004948698 15398.046291523899 10704.852518348929 6565.4229727591037 4063.6645014564874 2573.6078661100141 1793.2658192436654 1519.5884767261045 1497.6111899095363 1527.0754170128855 1523.742384645622 1464.7499938857347 1346.4768283010098 1168.7796874899984 935.52694267783397 682.29271663655481 620.35211292297038
        </DataArray>
        <DataArray type="Float64" Name="strain_2d" NumberOfComponents="3" format="ascii">
          0.043642365827699023 -0.15879255194632469 -0.10565612823312658 0.044315162668166957 -0.15515331773732285 -0.080272708774522999 0.044485096385284112 -0.14821653068249446 -0.038849350840010115 0.043110726071108441 -0.14212049014353467 -0.012456936242351743 0.041345911350997328 -0.13703723246729788 0.0046301234890356643 0.039682028341541761 -0.13294511840237011 0.015714635000564907 0.038316306064042731 -0.12975602140662204 0.022798128231428003 0.037311819298519004 -0.12736436267486756 0.027146248846716924 0.036670022235240338 -0.12566573874683346 0.029589076867845995 0.036364745236453715 -0.12456344246527341 0.030688251421826226 0.036358482993324934 -0.12397012556375761 0.030833872737720654 0.036610235716179995 -0.12380749945048609 0.030302659049881751 0.037079189427366516 -0.1240053297863659 0.02929404234933311 0.037726402997957653 -0.12450068686587656 0.027954246389728987 0.038515637865165417 -0.12523704117256032 0.026391509955233927 0.039413472078843201 -0.12616313582211441 0.024685643228754925 0.040389071382032016 -0.127232439600938 0.022895964214848952 0.041414346071549882 -0.12840275114261129 0.021066665403936129 0.042463686770328413 -0.12963563575707376 0.019229839343661743 0.043513532630774635 -0.13089601413551966 0.017408205469175 0.044542535777076786 -0.13215202430174705 0.015617601284009026 0.045531465509762975 -0.13337485659487927 0.013868294269791965 0.046462952245900378 -0.13453856462081426 0.012165882916153968 0.047321455826543596 -0.1356199741414929 0.010512337481782413 0.048093269627704154 -0.13659864206320488 0.0089067997378977359 0.048766513226003352 -0.13745683867584563 0.0073461527118814634 0.049331124889766605 -0.13817954268168972 0.0058254617528063404 0.049778855828648064 -0.13875444395868555 0.0043383499217955115 0.050103272613577665 -0.13917195147740047 0.0028773373867347135 0.050299768539279588 -0.1394252038750739 0.0014341500238080154 0.050365574964609222 -0.13951007948199559 3.9774858558681847e-10 0.050299768112238533 -0.13942520353492893 -0.0014341493556011189 0.050103271704828554 -0.1391719508092005 -0.00287733712203 0.049778854780172549 -0.13875444303218665 -0.0043383495458985521 0.049331123916453057 -0.13817954168525695 -0.0058254611015728808 0.04876651180548805 -0.13745683773860709 -0.0073461525226992327 0.04809326766922889 -0.13659864114413484 -0.0089067998917165131 0.047321454193190768 -0.13561997320688896 -0.010512337406958019 0.046462950893143368 -0.13453856374014572 -0.01216588263157674 0.045531464401766461 -0.13337485585171738 -0.013868294318579333 0.044542534967984562 -0.13215202362822015 -0.01561760160200016 0.043513531539871711 -0.13089601347865132 -0.017408205716761049 0.042463685464874529 -0.12963563520565749 -0.019229839586418138 0.041414345582215517 -0.12840275077927024 -0.021066665638624964 0.040389071684908129 -0.12723243942264348 -0.022895964391494886 0.039413472766136284 -0.12616313579154134 -0.024685643134435602 0.038515638958032103 -0.12523704132165592 -0.026391509481838639 0.037726404415503595 -0.12450068728339851 -0.027954245900371846 0.037079191050379545 -0.1240053303356233 -0.02929404167778684 0.036610237450627782 -0.12380750001862556 -0.030302657976741431 0.036358484842154398 -0.12397012615172093 -0.030833871468627809 0.036364746776763039 -0.12456344306024089 -0.030688250346724559 0.0366700234827088 -0.12566573934846084 -0.029589076338418327 0.037311820548238041 -0.12736436304999221 -0.027146248244864814 0.03831630732085263 -0.12975602164189318 -0.022798127426783287 0.039682029180184833 -0.1329451187985527 -0.015714634825002363 0.041345911770298484 -0.13703723291097838 -0.0046301238542722171 0.043110726094230847 -0.14212049049891498 0.012456935663045253 0.044485096161931498 -0.14821653108017657 0.038849349895948002 0.044315162691260096 -0.15515331823878281 0.080272707518230652 0.043642365970352502 -0.15879255247705487 0.10565612684297182 0.024528450537274794 -0.095292572724757538 -0.09683390803805933 0.028073479539054973 -0.099966597737419227 -0.082768250204843324 0.033838066358742307 -0.10740991931217198 -0.057782073739131905 0.037461491036531118 -0.11188913220319863 -0.038408529593205204 0.039776714408493646 -0.11471722786778245 -0.023422947637583937 0.04131009895961274 -0.11662967567238608 -0.011855891127955763 0.042392543165519173 -0.11805163733612684 -0.0029624720099269445 0.043231980961640937 -0.11923416380977217 0.0038264254680977533 0.043958620883622769 -0.12032666546860932 0.0089474783682474621 0.044652908315664874 -0.12141703018496385 0.012738549800355338 0.045362905998297627 -0.12255469747131162 0.015463655844417071 0.046115255003340391 -0.1237644761819086 0.017331253968442133 0.046922265983811329 -0.12505509533253398 0.018507371063560325 0.0477866594129948 -0.12642427558806169 0.019124535510425152 0.048704340174357486 -0.12786223285155079 0.019289636586503813 0.049666525432749492 -0.12935440782349583 0.019089992651081109 0.050661744582215062 -0.13088303656621322 0.018596398633680046 0.051676343455868606 -0.13242816261415796 0.017866255265174161 0.052695275467694536 -0.13396861483560032 0.016946669188483799 0.053703341301324078 -0.13548289649558923 0.015876351112004021 0.054685230726768522 -0.13694967230406166 0.014686697958432719 0.055625724463262353 -0.13834810392307145 0.01340309077120125 0.056510278298141974 -0.13965827738068437 0.012046190726212064 0.057325324940802336 -0.14086158426109868 0.010632740130315548 0.058058449288260608 -0.14194100559505404 0.009176178271586866 0.058698535126603196 -0.1428813314091644 0.0076872003487334761 0.059235909651189481 -0.14366934712761009 0.006174279799763943 0.059662474056010911 -0.14429399791079922 0.0046441416277935984 0.059971814875707907 -0.14474653059922149 0.0031021853621435811 0.060159291765370576 -0.14502060866477562 0.001552859945809846 0.060222097271546551 -0.14511239613645635 8.1631181333844186e-11 0.060159291734622533 -0.14502060863919616 -0.0015528599521146039 0.059971814785447684 -0.14474653050621766 -0.0031021856177782092 0.0596624739864349 -0.14429399770634579 -0.0046441414179071881 0.059235909681974383 -0.14366934683093946 -0.0061742791569115944 0.058698534559822796 -0.14288133108295425 -0.0076872001686939468 0.058058448077743241 -0.14194100525041417 -0.0091761785511314357 0.057325324075386326 -0.14086158386016118 -0.010632740341028407 0.056510277725096869 -0.13965827692224686 -0.012046190802476316 0.055625724008929123 -0.13834810349347651 -0.013403091153661981 0.054685230480313943 -0.13694967192127711 -0.014686698634733129 0.053703340782964501 -0.13548289606947664 -0.015876351641686961 0.052695274692630731 -0.13396861438682192 -0.01694666953472625 0.051676343136060746 -0.13242816224378259 -0.017866255614073838 0.050661744699976932 -0.1308830362813759 -0.018596398961090624 0.049666525675198248 -0.12935440755661676 -0.019089992677672696 0.048704340568657745 -0.1278622326290505 -0.019289636292360943 0.04778666008973876 -0.12642427554813604 -0.019124535284651811 0.046922266869664969 -0.12505509541629534 -0.018507370699601872 0.046115256081638155 -0.12376447633975303 -0.01733125323276976 0.045362907307372136 -0.12255469774172348 -0.015463654851832829 0.044652909601918228 -0.12141703059857926 -0.012738548828379603 0.043958622159274117 -0.12032666602987219 -0.008947477584929607 0.043231982174250748 -0.11923416431865576 -0.0038264245588898217 0.04239254423461343 -0.11805163770900436 0.0029624730555392175 0.041310099623245569 -0.11662967607149 0.011855891758677971 0.039776714645168187 -0.11471722827785746 0.023422947828502412 0.03746149096424254 -0.11188913246186261 0.03840852961750478 0.033838066048578183 -0.1074099194209143 0.057782073578454489 0.028073479343952545 -0.09996659782176516 0.082768249854191844 0.024528450459436357 -0.09529257284147287 0.09683390755671871 0.0052628008130789702 -0.027960401133068982 -0.060063410489573497 0.0098840458191742156 -0.03628881468030095 -0.059991896829892415 0.018598278696318225 -0.051623734210919314 -0.057628233290734743 0.026168527213493786 -0.064455338640448084 -0.05194715412097848 0.032548019789390717 -0.075130611075295339 -0.044737907168608634 0.037861822786532148 -0.084053413024430451 -0.037049987267004904 0.042285466808627943 -0.091588320194144479 -0.029482926750416336 0.045993384386689255 -0.098037331336577285 -0.022367249210804602 0.04913947700584749 -0.10364134859763377 -0.015873716770196798 0.05185186193799006 -0.10858876697337275 -0.01007874997946849 0.054233479224674877 -0.11302483392265425 -0.0050037341941220788 0.056364763883508431 -0.11705976489428259 -0.00063857605313581212 0.058306730115656354 -0.12077563861402738 0.0030451072763862572 0.060104094089202129 -0.124233268996729 0.0060879579196061401 0.061789303402313603 -0.12747638216402529 0.0085344577835255574 0.063384592334082931 -0.13053394679252095 0.010428218523131394 0.064902220313046793 -0.13342371383515092 0.011814650075295146 0.066348598641878712 -0.13615529947952273 0.012739590647135448 0.067726228500343433 -0.1387320085312847 0.013246426179740594 0.069032368107229472 -0.14115172575048007 0.013375652641474235 0.070261287577673082 -0.14340836353744632 0.01316653371239344 0.071406280703742692 -0.14549353823461392 0.012657369872424088 0.07245974393839405 -0.14739751576819771 0.011884414688638593 0.073413496026232247 -0.14910981910690224 0.01088181900748313 0.074259287398133478 -0.15061979731024361 0.0096819756092250721 0.074989301869475777 -0.15191718115288577 0.008315856775875357 0.075596546312564142 -0.15299257606219677 0.0068132418088983097 0.076075109371178215 -0.1538378570911148 0.0052028675439175316 0.076420312686247396 -0.15444645915272315 0.0035125646645326244 0.076628787186645383 -0.15481357411089194 0.0017694226304682829 0.07669850436738529 -0.15493627348277603 -3.5645542100686337e-10 0.076628787474590052 -0.15481357427063869 -0.001769423532886463 0.076420313299257872 -0.1544464594781409 -0.0035125656731186837 0.076075110131555199 -0.15383785749927198 -0.0052028679764498306 0.075596547171233028 -0.15299257643774478 -0.0068132417060514615 0.074989302238566244 -0.15191718147883476 -0.0083158566506581228 0.074259287317898409 -0.15061979763301961 -0.0096819755969125478 0.073413496238434198 -0.1491098194045139 -0.010881818986321439 0.072459744376684287 -0.14739751596731532 -0.011884414594208283 0.071406280984736281 -0.14549353832570033 -0.012657369929550792 0.070261287772047126 -0.14340836354799788 -0.013166533849283991 0.0690323681108332 -0.14115172563646949 -0.013375652448270055 0.067726228284745046 -0.13873200828240306 -0.013246425795836488 0.066348598396178349 -0.13615529914037089 -0.012739590479406305 0.064902220039728245 -0.13342371340115189 -0.011814649982720388 0.063384591949844277 -0.130533946237431 -0.010428218242425123 0.061789302959748646 -0.12747638154783236 -0.0085344574648630114 0.060104093858338647 -0.12423326843467006 -0.006087957708160608 0.058306730056730177 -0.12077563813593922 -0.0030451070576012519 0.056364763980375744 -0.11705976446406587 0.00063857642209912374 0.054233479501599957 -0.11302483354773843 0.005003734789954248 0.051851862483958441 -0.10858876676270408 0.010078750676106179 0.049139477785097641 -0.1036413485765347 0.015873717539485285 0.045993385042540247 -0.098037331470883893 0.022367249895375259 0.042285467298346334 -0.091588320365379131 0.02948292735430208 0.037861823101642024 -0.084053413195283172 0.037049987675892675 0.03254801989983902 -0.075130611240484091 0.044737907273897329 0.026168527164880016 -0.064455338650225166 0.051947154254809821 0.018598278403150953 -0.051623734013952934 0.057628233576182762 0.0098840455179147711 -0.036288814456395896 0.059991897097803518 0.0052628006443601084 -0.027960400983289856 0.060063410663296617 0.0042127736633600834 -0.016221365921687422 -0.020811381603070153 0.0068919520703828304 -0.020499813843255773 -0.022579171033112022 0.012384733969884593 -0.029534856461178132 -0.025413611163237308 0.018016131609541373 -0.03913891253022049 -0.026681202895857487 0.023558276311504086 -0.048706765601746846 -0.026301138675763197 0.028858216352822839 -0.057914418009218815 -0.024524515971922831 0.033838144893112709 -0.066616182176526026 -0.021697080748504304 0.03847410480758668 -0.07476920588113857 -0.018158289963743499 0.042774751664622808 -0.082385091489335177 -0.014204026443581019 0.046765503459390671 -0.089501007020174814 -0.010077044417111597 0.050478238617410423 -0.096163522499974771 -0.0059688363921635585 0.053945373251964295 -0.10242002313306563 -0.0020266779492483368 0.057196754683852866 -0.10831301372847654 0.0016356206222199621 0.060257153418134646 -0.113873569249406 0.004926683473220294 0.063141821390552522 -0.11912377193687 0.0077880580255790099 0.065859599006330038 -0.1240812861742846 0.010190896198568663 0.068420929567317823 -0.12875710953977171 0.012115114011789736 0.070829270694670238 -0.13315467884881702 0.013551215647068984 0.073078670965921549 -0.13727081724833745 0.014504902277418706 0.075165737926018994 -0.14109968464798811 0.014996664004407727 0.077088578291140644 -0.14463478881902322 0.015054503637401722 0.07884244516887523 -0.14786800330712799 0.014708866139398251 0.08042141089240408 -0.15078975684697654 0.013994498312900141 0.081820098198204863 -0.15339017339407793 0.012950558985509314 0.083034562419085356 -0.15566014409787546 0.011619307677270922 0.084062456353654974 -0.1575919635637516 0.010044402757201538 0.08490278645890878 -0.1591795465646717 0.0082694524611161575 0.085555501854453736 -0.16041836495397571 0.0063370629995525129 0.086021065173289918 -0.16130524539847071 0.0042884004249175711 0.086300082805520789 -0.16183813237710781 0.0021631842762992117 0.086393029668301188 -0.16201588312336881 -2.9643839043625581e-10 0.086300082924329696 -0.16183813239891398 -0.0021631848374893516 0.086021065496742349 -0.1613052455064766 -0.0042884009398629769 0.08555550210833815 -0.16041836514434246 -0.006337063391722123 0.084902786733487265 -0.15917954679425267 -0.0082694526530382867 0.084062456561406679 -0.15759196380249718 -0.010044402706212308 0.083034562499547812 -0.15566014433474862 -0.011619307418500887 0.081820098477390676 -0.15339017364554944 -0.012950558641994458 0.080421411348762711 -0.1507897571071081 -0.013994497992255587 0.078842445515866291 -0.14786800353035623 -0.014708865880862534 0.077088578510751238 -0.14463478894917736 -0.015054503140581883 0.075165738150633876 -0.14109968467312298 -0.014996663222293788 0.073078671061037659 -0.13727081719029194 -0.014504901577893067 0.070829270616777559 -0.13315467873350584 -0.013551215174552253 0.068420929373139691 -0.12875710933228737 -0.012115113572600712 0.06585959874069125 -0.12408128582515497 -0.010190895693658938 0.063141821082602148 -0.11912377145923517 -0.0077880574965065105 0.060257153098434518 -0.11387356868799507 -0.0049266828796462195 0.057196754356543866 -0.10831301317794788 -0.0016356201436737415 0.053945372934494709 -0.1024200225916979 0.0020266783231624287 0.050478238315055157 -0.096163521911417998 0.005968836775776201 0.046765503295443177 -0.08950100643169813 0.010077044743529389 0.042774751668863409 -0.082385090963785601 0.014204026625007121 0.038474104769066882 -0.074769205485402557 0.018158289850622157 0.033838144912183066 -0.066616181944984684 0.02169708043598878 0.028858216489739484 -0.057914417953508171 0.024524515482857823 0.023558276436974699 -0.048706765613759508 0.02630113823384652 0.018016131612744301 -0.039138912485183752 0.02668120281118206 0.012384733842323097 -0.029534856378889116 0.025413611297576064 0.0068919519812188088 -0.020499813809461698 0.022579171191224687 0.0042127736342494381 -0.016221365948383464 0.020811381723410356 0.0023033463205319425 -0.0031743182223617685 -0.00052709243242783903 0.0043933089835182021 -0.0075186086922872288 -0.0022393827376331202 0.0084835597717422308 -0.015919577618619951 -0.0051676951114537273 0.012474170373559329 -0.023945610856161599 -0.0070675066154362648 0.016477405847288924 -0.031864182750454065 -0.0078738800633293398 0.020531731237883471 -0.039754646885464894 -0.00757757707678675 0.024638045081230776 -0.047623122282511018 -0.0062623226533851505 0.028783495605883124 -0.055453813828540491 -0.0040857573396362451 0.032952315534938929 -0.063227303124288592 -0.0012510384130657178 0.037128393181669085 -0.070923577121338524 0.0020183140369110599 0.041293767896172728 -0.078519602279959633 0.0054999283728662902 0.045426255483684529 -0.085987852677413018 0.008993077290165491 0.049499241223256489 -0.093301301013653193 0.012337978158094164 0.053486880798634423 -0.100444353356161 0.015419323744597658 0.0573737694780488 -0.10739329311744944 0.018106621710858264 0.061140639029823717 -0.11410640935419236 0.020281088738670187 0.064738778778491129 -0.1205406222307413 0.021896069974900151 0.068128248375922795 -0.12665530100604752 0.022939414314910204 0.071301070497625282 -0.13241870882299567 0.023417500137416836 0.074240661194244106 -0.13780206826809846 0.023341204845878726 0.076918708994074297 -0.14277236606822416 0.022731383465552753 0.07931540738031935 -0.14729870050942201 0.021635525539319037 0.08142286496649527 -0.15135804399393829 0.020117568316587779 0.083243097295558705 -0.15493656104332829 0.018246671154312021 0.084784667921872239 -0.1580283312151031 0.016089598008083149 0.086059578922569796 -0.16063314639348994 0.013706723453018758 0.087080854410334446 -0.1627542896993244 0.011150599144991342 0.087860821522637994 -0.1643966667753457 0.0084660937673668273 0.088409961241030621 -0.16556538065983661 0.0056914109505955927 0.088736178463734799 -0.16626472182841412 0.0028595546120474915 0.088844366060543578 -0.16649750922675899 -1.7139141966554181e-10 0.088736178422776979 -0.1662647218536327 -0.0028595548336095679 0.088409961217602917 -0.16556538068212648 -0.0056914110241977536 0.087860821319753354 -0.16439666680846801 -0.0084660938207656126 0.087080854330239155 -0.16275428976035888 -0.011150599198878711 0.086059579066648004 -0.16063314646137228 -0.013706723547162826 0.084784667891031312 -0.15802833125675142 -0.016089598095830646 0.08324309725034322 -0.15493656107549739 -0.018246671157737954 0.081422865226799868 -0.15135804409140369 -0.020117568420414164 0.079315407891554029 -0.14729870069425935 -0.021635525737419819 0.076918709517543413 -0.14277236626539419 -0.022731383415901221 0.074240661777052463 -0.13780206845615028 -0.023341204661849361 0.071301070935856442 -0.1324187090113636 -0.023417500087354909 0.068128248639359595 -0.12665530117220916 -0.022939414312135788 0.064738778993929866 -0.12054062236407714 -0.021896070030803353 0.061140639209092379 -0.1141064094062465 -0.020281088881547459 0.057373769525619414 -0.10739329296258374 -0.018106621599712793 0.053486880619873223 -0.10044435302378019 -0.01541932340607762 0.049499240869204819 -0.093301300626176864 -0.012337977896902302 0.045426255055138934 -0.085987852288642558 -0.0089930771077595343 0.041293767541884352 -0.078519601925103072 -0.0054999283705983414 0.037128392849455086 -0.070923576749205991 -0.0020183142314711771 0.032952315307404424 -0.063227302741944158 0.0012510381535355524 0.028783495452758351 -0.055453813520348824 0.004085756980633631 0.024638045066712456 -0.047623122099914719 0.006262322172668101 0.020531731377224541 -0.039754646861683077 0.0075775765526042652 0.016477405962777875 -0.03186418276637501 0.0078738798046248115 0.01247417043185294 -0.02394561087338775 0.0070675066052918074 0.00848355988224366 -0.015919577701993322 0.0051676950791872314 0.0043933091282655472 -0.0075186087711341986 0.0022393827298292108 0.0023033464170607518 -0.0031743182822355945 0.00052709243599745065 0.00025548932241495408 0.0047535616337563364 0.011126416411946571 0.0012525898581115344 0.0016659310558554234 0.0083722281539074603 0.0033286598367786688 -0.0045044059157776789 0.0039444049242188068 0.0055812190033910272 -0.010671500210570513 0.0015047709236481741 0.0080390347389037789 -0.016886167733978177 0.00074939458024739279 0.010732323282340367 -0.023237070816121697 0.0014462327423475393 0.013686084846035082 -0.029805124537076875 0.0034020952401924986 0.016919227875646932 -0.036655691236674864 0.0064261060413098436 0.020446022573074672 -0.043839930533690577 0.010304477127864546 0.024276197566659878 -0.051394021602784161 0.014784424646701442 0.028411352068018064 -0.059331645543005365 0.019564847563667827 0.032836100785108291 -0.067627504815221964 0.024297023274060834 0.037503220311377143 -0.076193721724865618 0.028609962919852249 0.042316433782072053 -0.084873110011237166 0.032198468274086969 0.047132569000870261 -0.093544801380069736 0.035019871807362643 0.051824183767897589 -0.10212491636973678 0.0370597090358534 0.056369236922472414 -0.11049808759882401 0.038177521806640122 0.060736633380126685 -0.11855813053837921 0.038335233222544923 0.064777470365505158 -0.12618234096943162 0.037539996493432294 0.068365197168683542 -0.13323738665021184 0.03587889566535455 0.071466304106711259 -0.13963478284324987 0.033547012154711842 0.07409734436834052 -0.14533720530946723 0.030739267971457769 0.076298017998794834 -0.1503425804411182 0.027616841646795325 0.078115406804236842 -0.15466875896389554 0.024300854359444124 0.079595679042217107 -0.15834268582905303 0.020876586163114635 0.080780123367716367 -0.16139363378214819 0.017400568375264124 0.081703542913643429 -0.16384927846749311 0.01390758203246562 0.082393853400158867 -0.16573356468256306 0.010416589174976338 0.082872232274736932 -0.16706562883829912 0.006935453371373349 0.083153457357345834 -0.16785930640672733 0.0034646174937906413 0.083246240188062939 -0.16812293761672653 -1.1439991938781355e-10 0.083153457299591615 -0.16785930645130454 -0.0034646178011758879 0.082872232187229278 -0.16706562889055318 -0.006935453741008046 0.082393853272026529 -0.1657335647290076 -0.010416589510932824 0.081703543023442002 -0.16384927853230608 -0.013907582404944243 0.080780123773295312 -0.16139363389060657 -0.017400568804504281 0.079595679298284275 -0.15834268598189449 -0.02087658661023168 0.07811540684997556 -0.1546687591274627 -0.02430085480390036 0.076298018370092105 -0.15034258061819397 -0.027616842113483562 0.074097345075495313 -0.14533720551980761 -0.030739268392700754 0.071466304703613898 -0.13963478306479091 -0.033547012504666331 0.068365197698951746 -0.13323738685478775 -0.035878895919774369 0.064777470844048127 -0.12618234119170885 -0.037539996797976795 0.060736633742241371 -0.11855813075385331 -0.038335233663338061 0.0563692372769342 -0.11049808777326645 -0.038177522297743134 0.051824184100494122 -0.10212491654645034 -0.037059709607024753 0.047132569110864178 -0.09354480145717467 -0.035019872137100179 0.042316433692193213 -0.084873109953772077 -0.032198468379499669 0.037503220062780923 -0.07619372158694665 -0.028609963095110151 0.032836100414700087 -0.067627504603365168 -0.024297023563657538 0.028411351816160904 -0.059331645357512154 -0.01956484806411235 0.024276197395154714 -0.05139402146376966 -0.014784425268638858 0.020446022390210206 -0.043839930361409554 -0.01030447761595395 0.016919227764196375 -0.036655691102269489 -0.0064261064784680733 0.013686084878067906 -0.029805124506354828 -0.0034020957349236748 0.0107323233710967 -0.023237070812394203 -0.0014462331849987033 0.0080390348262481207 -0.016886167658271018 -0.00074939486843646783 0.0055812191436180941 -0.010671500103977024 -0.0015047712077886448 0.0033286600375461014 -0.0045044058777775446 -0.0039444054030589462 0.0012525900423367166 0.0016659311095565698 -0.0083722287133712395 0.00025548945854470217 0.004753561741572215 -0.011126416959577811 -0.0015558214802850216 0.0073903757165510644 0.010989577580883118 -0.0016756244001943513 0.0059624161320982125 0.0080998211339326082 -0.0016367165979499271 0.0029324561627477011 0.0034210459763951693 -0.0010873302184782026 -0.00045084755997522286 0.00082054563989377566 -0.0001046142023902216 -0.0041941721870248222 8.1123081766789522e-05 0.0012628438885861496 -0.0083131228116484438 0.0010329848398920043 0.0029897386891258879 -0.012849877404824829 0.0035378024774194885 0.0050716033022307309 -0.017873698809201411 0.0074761835173007612 0.0075250305867850115 -0.023481108547268356 0.012728867878066197 0.010389663518829832 -0.029797776786450625 0.019149375139792178 0.013730135248613586 -0.036979193340150165 0.02652341986706664 0.01763451053646951 -0.045202529550567708 0.03450579920031091 0.022201178955450186 -0.054629329380564945 0.042520659349528395 0.027491853326438921 -0.065275017367343383 0.049614506738423401 0.033403204065180242 -0.076654204197955184 0.054384349598759742 0.039647047410500937 -0.088174742146062524 0.056453802192143736 0.045629988898954935 -0.099513972990458208 0.056345800651184705 0.050700657587337904 -0.11020373497707925 0.054116619453802001 0.05470685899011276 -0.1198201396613495 0.050265484842079058 0.057827810941532373 -0.12825518017735912 0.045642209350669337 0.060255161740916253 -0.13556761626983971 0.040748569574876027 0.062150442249673712 -0.14186272232794975 0.035865797625402041 0.063637974268107064 -0.14724778426667379 0.031136703093947084 0.064809775768253391 -0.15181680937642411 0.026621990674630225 0.065732590118457071 -0.15564702983368217 0.022335073940445968 0.066454231643131412 -0.15879972611601673 0.018263000063442659 0.067008589093120158 -0.16132233070861784 0.014378726145046025 0.067419337429331885 -0.16325061886152453 0.010648138582095831 0.067702585622216677 -0.16461056594161155 0.0070339124474592535 0.067868693851176595 -0.16541976153116122 0.0034974951640538024 0.067923444200854763 -0.16568838311864115 -3.0144377120323862e-12 0.067868693927540968 -0.1654197615594952 -0.0034974952741359251 0.067702585771145518 -0.16461056602365018 -0.0070339126602709254 0.067419337642162902 -0.16325061898368987 -0.010648138826070817 0.067008589473435132 -0.16132233084456715 -0.014378726398589815 0.06645423213641409 -0.15879972627653821 -0.018263000302125118 0.065732590543633673 -0.15564703002441879 -0.02233507421631566 0.064809776097029426 -0.15181680958195487 -0.026621991067376033 0.063637974711418813 -0.14724778445968967 -0.031136703532534251 0.062150442844982959 -0.14186272248347104 -0.035865798013372474 0.060255162216109444 -0.13556761639103046 -0.040748570059324904 0.057827811276508975 -0.12825518023856097 -0.045642209765401148 0.054706859340153326 -0.11982013971747112 -0.050265485231685836 0.050700657908718659 -0.11020373510149983 -0.054116620080804451 0.045629989213252384 -0.099513973121905019 -0.056345801256152232 0.039647047660084381 -0.088174742273614992 -0.056453802698578345 0.033403204108408566 -0.076654204293633801 -0.054384350012590142 0.027491853242623137 -0.065275017376993608 -0.049614507066277284 0.022201178774967655 -0.05462932931167442 -0.042520659716685345 0.017634510178656512 -0.045202529417271591 -0.034505799598931186 0.013730134899952095 -0.036979193207512195 -0.026523420289969121 0.010389663242645423 -0.029797776679804044 -0.019149375624295549 0.0075250302055869418 -0.023481108360430783 -0.012728868286569009 0.0050716029233301117 -0.017873698558889352 -0.0074761838028271225 0.0029897384460719103 -0.012849877244705765 -0.0035378029258686262 0.0012628436862114709 -0.0083131226499816614 -0.001032985400399091 -0.00010461438855189264 -0.0041941719133113215 -8.112354242350607e-05 -0.0010873303389862241 -0.00045084724431774473 -0.00082054607990289605 -0.0016367166348336215 0.0029324564366981385 -0.0034210465653588713 -0.001675624389742391 0.0059624164134040748 -0.0080998218360992663 -0.0015558214903212359 0.007390376051193772 -0.010989578275881734 -0.0018388702445771214 0.0049103748672412175 0.0049664670848248767 -0.0023528477986858318 0.0048868644502921528 0.0026866526129643402 -0.0029930270571590671 0.004499590593506758 -0.0013001108220624699 -0.0029515172622832605 0.0035145274313180402 -0.0041075368582782126 -0.0023959638218756206 0.0020562438094885497 -0.0056892724069244043 -0.0014591361260822501 0.00018727730473152735 -0.006022736425956454 -0.00024537548282418297 -0.0020690705890574609 -0.005081326842726476 0.001168455152241476 -0.0047272717624704461 -0.0028185301209568696 0.0027346114079941329 -0.0078458778343004302 0.0008419096510538268 0.004439232646535513 -0.01154099466651093 0.0060115015097911544 0.0063122220478583945 -0.016010784565698665 0.012836671053898826 0.0084460783219923331 -0.02157975651104074 0.021484340188257796 0.011032703913936563 -0.028783624545992682 0.032085710859106199 0.014446481899873086 -0.038552524795111412 0.044543602885052873 0.019349742270958186 -0.052439221057225635 0.05773168234838312 0.024964703460771086 -0.069440778035022355 0.065412165927169919 0.029362846378099959 -0.085590512560977022 0.063455487628197804 0.032201664261066375 -0.098926145147636063 0.056941174582893342 0.034137863621413723 -0.10985061145065811 0.050255227913760379 0.035571032772137627 -0.11896161245768894 0.043980476242502085 0.036708875528653588 -0.12665832941371036 0.038280139870627172 0.03765970580310958 -0.13320845914869445 0.033134051256506772 0.03847861797227245 -0.13879260364196166 0.028467526167887846 0.0391921222718596 -0.14353485514049436 0.024195983259356419 0.03981146562509999 -0.14752212767904002 0.020241025917506775 0.040339963057645714 -0.15081629582247666 0.016534832716546995 0.040777069183208399 -0.1534618303605404 0.013020096076309499 0.0411206466559456 -0.15549063553209441 0.0096484160790618594 0.041368226287929223 -0.15692512563150909 0.0063783115993869596 0.04151769879741575 -0.15778016700154479 0.0031732771681556465 0.041567682434604396 -0.15806425867782853 2.5455241213501179e-11 0.041517698999385566 -0.15778016699556929 -0.0031732771376492995 0.04136822652404952 -0.15692512563719935 -0.0063783115166673211 0.04112064697494934 -0.15549063556301568 -0.0096484160626871523 0.040777069539877267 -0.15346183039053229 -0.013020095964419434 0.040339963372295326 -0.15081629584205755 -0.016534832459862203 0.039811465900245785 -0.14752212768522341 -0.020241025664142289 0.039192122644419049 -0.14353485514773853 -0.024195983003046363 0.038478618335500453 -0.13879260366644031 -0.02846752597258622 0.037659706191205969 -0.13320845918514651 -0.033134051083382535 0.036708875986280302 -0.12665832947543371 -0.03828013978008895 0.035571033166168879 -0.11896161251118734 -0.04398047611076869 0.034137863903919964 -0.1098506115021006 -0.050255227815035129 0.032201664500603577 -0.098926145267703339 -0.056941174718979144 0.029362846628875568 -0.085590512724001269 -0.063455487804306598 0.024964703650551673 -0.069440778205406742 -0.065412166269283978 0.019349742300436599 -0.052439221143083921 -0.057731682929453632 0.014446481766599835 -0.038552524728079164 -0.044543603406413751 0.011032703632610677 -0.028783624399149964 -0.032085711310513028 0.0084460777972598065 -0.021579756298482373 -0.021484340596055765 0.0063122214046356876 -0.016010784300312424 -0.012836671413561013 0.0044392320028883627 -0.011540994432471356 -0.0060115019571692517 0.0027346107216156216 -0.007845877552129607 -0.00084191005214572174 0.0011684544211388536 -0.0047272713611045498 0.0028185298581979135 -0.00024537608557351681 -0.0020690702501741202 0.0050813263884289285 -0.00145913657263762 0.00018727758703715111 0.006022735863953901 -0.0023959642427496971 0.0020562441516132888 0.0056892719185289674 -0.0029515176290258313 0.0035145278022868333 0.004107536417447653 -0.0029930272318132427 0.0044995908748370244 0.0013001103917697392 -0.0023528478295445883 0.0048868646356141528 -0.0026866530117475528 -0.0018388702719838996 0.0049103750474934552 -0.0049664674249191342 -0.0013473305774053814 0.0025812349331892576 0.0017531666266469249 -0.0017882761354360743 0.0030161000692479319 -4.1455300458237746e-05 -0.0022584739090121706 0.0035390598248355182 -0.0035036659088290359 -0.002006812033897752 0.0034540492313613102 -0.0065398304119917679 -0.0012314109455243889 0.0029073297048084895 -0.0088967234687415773 -0.00011181923015789142 0.001999709459467554 -0.010439297559740619 0.0011999876216736219 0.00079463189200829087 -0.011060803100594459 0.0025787517061068355 -0.00067861475660618668 -0.010641179931022298 0.003924344568245532 -0.0024298713666561405 -0.0090176248502837307 0.0051631014630701983 -0.0045224227212702908 -0.005951266736823042 0.0062561897309217213 -0.0071039155106951465 -0.0010804246897020196 0.0072243192013056855 -0.010475727587461174 0.0061486190384619352 0.008216399769863228 -0.015273042860880709 0.016575799012126725 0.0097213975996405765 -0.02304099298128922 0.03138875709058718 0.013008753917226203 -0.037655254320012148 0.051216129394136112 0.016871993707838023 -0.058209444397413115 0.064493665488700627 0.018698467537192773 -0.077268434817933093 0.061680038543006466 0.019118468301635071 -0.091702812230070291 0.052729843199731403 0.01944655809457857 -0.10296741921972154 0.045404930084055634 0.019895405219541938 -0.11224919797556127 0.039338434903317163 0.020485124904144 -0.12010643070732277 0.034226132452693431 0.021174713429940865 -0.12683876463787161 0.029784871933045791 0.021912531731333534 -0.13262118394304778 0.025806858593089878 0.022651710423574986 -0.13756439032433079 0.022146974314617644 0.023353952244696413 -0.14174296762078242 0.018706101205552279 0.023989417714883145 -0.14520950315445116 0.015416695098937254 0.024535511892096042 -0.14800206941866284 0.012232224788632742 0.024975559458193995 -0.15014839674420921 0.0091198700542127198 0.025297685510760955 -0.15166829794925774 0.0060555880037332661 0.025493973908912788 -0.15257511008430269 0.0030207829311635201 0.025559894902853666 -0.15287653997041273 5.6470196574398557e-11 0.025493974153804277 -0.15257511006750574 -0.0030207828199932561 0.025297685706096494 -0.15166829790385794 -0.0060555877934283797 0.024975559716382385 -0.15014839667037666 -0.0091198699740274967 0.024535512091294162 -0.14800206932546239 -0.012232224650014259 0.023989417844895486 -0.14520950306413349 -0.01541669475595411 0.023353952377286526 -0.1417429675320469 -0.018706100778178365 0.022651710729538737 -0.13756439023100248 -0.022146973750110308 0.021912532035954974 -0.1326211838510154 -0.025806858035713236 0.021174713738680406 -0.12683876459899496 -0.029784871341950105 0.020485125382534199 -0.12010643078429298 -0.034226131869120199 0.019895405728777044 -0.11224919807613665 -0.039338434321245432 0.019446558416888769 -0.10296741931371353 -0.045404929635089852 0.019118468520637789 -0.09170281239026018 -0.052729842958568543 0.018698467779123679 -0.077268435024950399 -0.061680038340635332 0.016871993929692197 -0.058209444641131314 -0.064493665715743276 0.013008753979535976 -0.037655254447332871 -0.051216130074672003 0.009721397436759021 -0.023040992881678542 -0.031388757639020028 0.0082163993910160139 -0.01527304267747534 -0.016575799477632928 0.0072243185772153454 -0.010475727308011374 -0.0061486195927166337 0.0062561889574205658 -0.0071039151095037625 0.0010804241023942636 0.0051631006619280318 -0.004522422409367689 0.005951266084729007 0.0039243438010399022 -0.002429871108113785 0.0090176242694703472 0.0025787508718102541 -0.0006786143846283665 0.010641179441425626 0.0011999869354677277 0.00079463224085641357 0.011060802514646688 -0.00011181968745264373 0.001999709711738097 0.010439297009788656 -0.0012314113871458687 0.0029073299547698554 0.0088967230069577977 -0.0020068124265661008 0.003454049537303161 0.0065398300532489555 -0.0022584740697852088 0.0035390600331849484 0.0035036656535124347 -0.0017882761282089778 0.0030161000949225532 4.1455139297898441e-05 -0.0013473305520585552 0.0025812349041369051 -0.001753166698532247
        </DataArray>
        <DataArray type="Float64" Name="strain_xx" format="ascii">
          0.043642365827699023 0.044315162668166957 0.044485096385284112 0.043110726071108441 0.041345911350997328 0.039682028341541761 0.038316306064042731 0.037311819298519004 0.036670022235240338 0.036364745236453715 0.036358482993324934 0.036610235716179995 0.037079189427366516 0.037726402997957653 0.038515637865165417 0.039413472078843201 0.040389071382032016 0.041414346071549882 0.042463686770328413 0.043513532630774635 0.044542535777076786 0.045531465509762975 0.046462952245900378 0.047321455826543596 0.048093269627704154 0.048766513226003352 0.049331124889766605 0.049778855828648064 0.050103272613577665 0.050299768539279588 0.050365574964609222 0.050299768112238533 0.050103271704828554 0.049778854780172549 0.049331123916453057 0.04876651180548805 0.04809326766922889 0.047321454193190768 0.046462950893143368 0.045531464401766461 0.044542534967984562 0.043513531539871711 0.042463685464874529 0.041414345582215517 0.040389071684908129 0.039413472766136284 0.038515638958032103 0.037726404415503595 0.037079191050379545 0.036610237450627782 0.036358484842154398 0.036364746776763039 0.0366700234827088 0.037311820548238041 0.03831630732085263 0.039682029180184833 0.041345911770298484 0.043110726094230847 0.044485096161931498 0.044315162691260096 0.043642365970352502 0.024528450537274794 0.028073479539054973 0.033838066358742307 0.037461491036531118 0.039776714408493646 0.04131009895961274 0.042392543165519173 0.043231980961640937 0.043958620883622769 0.044652908315664874 0.045362905998297627 0.046115255003340391 0.046922265983811329 0.0477866594129948 0.048704340174357486 0.049666525432749492 0.050661744582215062 0.051676343455868606 0.052695275467694536 0.053703341301324078 0.054685230726768522 0.055625724463262353 0.056510278298141974 0.057325324940802336 0.058058449288260608 0.058698535126603196 0.059235909651189481 0.059662474056010911 0.059971814875707907 0.060159291765370576 0.060222097271546551 0.060159291734622533 0.059971814785447684 0.0596624739864349 0.059235909681974383 0.058698534559822796 0.058058448077743241 0.057325324075386326 0.056510277725096869 0.055625724008929123 0.054685230480313943 0.053703340782964501 0.052695274692630731 0.051676343136060746 0.050661744699976932 0.049666525675198248 0.048704340568657745 0.04778666008973876 0.046922266869664969 0.046115256081638155 0.045362907307372136 0.044652909601918228 0.043958622159274117 0.043231982174250748 0.04239254423461343 0.041310099623245569 0.039776714645168187 0.03746149096424254 0.033838066048578183 0.028073479343952545 0.024528450459436357 0.0052628008130789702 0.0098840458191742156 0.018598278696318225 0.026168527213493786 0.032548019789390717 0.037861822786532148 0.042285466808627943 0.045993384386689255 0.04913947700584749 0.05185186193799006 0.054233479224674877 0.056364763883508431 0.058306730115656354 0.060104094089202129 0.061789303402313603 0.063384592334082931 0.064902220313046793 0.066348598641878712 0.067726228500343433 0.069032368107229472 0.070261287577673082 0.071406280703742692 0.07245974393839405 0.073413496026232247 0.074259287398133478 0.074989301869475777 0.075596546312564142 0.076075109371178215 0.076420312686247396 0.076628787186645383 0.07669850436738529 0.076628787474590052 0.076420313299257872 0.076075110131555199 0.075596547171233028 0.074989302238566244 0.074259287317898409 0.073413496238434198 0.072459744376684287 0.071406280984736281 0.070261287772047126 0.0690323681108332 0.067726228284745046 0.066348598396178349 0.064902220039728245 0.063384591949844277 0.061789302959748646 0.060104093858338647 0.058306730056730177 0.056364763980375744 0.054233479501599957 0.051851862483958441 0.049139477785097641 0.045993385042540247 0.042285467298346334 0.037861823101642024 0.03254801989983902 0.026168527164880016 0.018598278403150953 0.0098840455179147711 0.0052628006443601084 0.0042127736633600834 0.0068919520703828304 0.012384733969884593 0.018016131609541373 0.023558276311504086 0.028858216352822839 0.033838144893112709 0.03847410480758668 0.042774751664622808 0.046765503459390671 0.050478238617410423 0.053945373251964295 0.057196754683852866 0.060257153418134646 0.063141821390552522 0.065859599006330038 0.068420929567317823 0.070829270694670238 0.073078670965921549 0.075165737926018994 0.077088578291140644 0.07884244516887523 0.08042141089240408 0.081820098198204863 0.083034562419085356 0.084062456353654974 0.08490278645890878 0.085555501854453736 0.086021065173289918 0.086300082805520789 0.086393029668301188 0.086300082924329696 0.086021065496742349 0.08555550210833815 0.084902786733487265 0.084062456561406679 0.083034562499547812 0.081820098477390676 0.080421411348762711 0.078842445515866291 0.077088578510751238 0.075165738150633876 0.073078671061037659 0.070829270616777559 0.068420929373139691 0.06585959874069125 0.063141821082602148 0.060257153098434518 0.057196754356543866 0.053945372934494709 0.050478238315055157 0.046765503295443177 0.042774751668863409 0.038474104769066882 0.033838144912183066 0.028858216489739484 0.023558276436974699 0.018016131612744301 0.012384733842323097 0.0068919519812188088 0.0042127736342494381 0.0023033463205319425 0.0043933089835182021 0.0084835597717422308 0.012474170373559329 0.016477405847288924 0.020531731237883471 0.024638045081230776 0.028783495605883124 0.032952315534938929 0.037128393181669085 0.041293767896172728 0.045426255483684529 0.049499241223256489 0.053486880798634423 0.0573737694780488 0.061140639029823717 0.064738778778491129 0.068128248375922795 0.071301070497625282 0.074240661194244106 0.076918708994074297 0.07931540738031935 0.08142286496649527 0.083243097295558705 0.084784667921872239 0.086059578922569796 0.087080854410334446 0.087860821522637994 0.088409961241030621 0.088736178463734799 0.088844366060543578 0.088736178422776979 0.088409961217602917 0.087860821319753354 0.087080854330239155 0.086059579066648004 0.084784667891031312 0.08324309725034322 0.081422865226799868 0.079315407891554029 0.076918709517543413 0.074240661777052463 0.071301070935856442 0.068128248639359595 0.064738778993929866 0.061140639209092379 0.057373769525619414 0.053486880619873223 0.049499240869204819 0.045426255055138934 0.041293767541884352 0.037128392849455086 0.032952315307404424 0.028783495452758351 0.024638045066712456 0.020531731377224541 0.016477405962777875 0.01247417043185294 0.00848355988224366 0.0043933091282655472 0.0023033464170607518 0.00025548932241495408 0.0012525898581115344 0.0033286598367786688 0.0055812190033910272 0.0080390347389037789 0.010732323282340367 0.013686084846035082 0.016919227875646932 0.020446022573074672 0.024276197566659878 0.028411352068018064 0.032836100785108291 0.037503220311377143 0.042316433782072053 0.047132569000870261 0.051824183767897589 0.056369236922472414 0.060736633380126685 0.064777470365505158 0.068365197168683542 0.071466304106711259 0.07409734436834052 0.076298017998794834 0.078115406804236842 0.079595679042217107 0.080780123367716367 0.081703542913643429 0.082393853400158867 0.082872232274736932 0.083153457357345834 0.083246240188062939 0.083153457299591615 0.082872232187229278 0.082393853272026529 0.081703543023442002 0.080780123773295312 0.079595679298284275 0.07811540684997556 0.076298018370092105 0.074097345075495313 0.071466304703613898 0.068365197698951746 0.064777470844048127 0.060736633742241371 0.0563692372769342 0.051824184100494122 0.047132569110864178 0.042316433692193213 0.037503220062780923 0.032836100414700087 0.028411351816160904 0.024276197395154714 0.020446022390210206 0.016919227764196375 0.013686084878067906 0.0107323233710967 0.0080390348262481207 0.0055812191436180941 0.0033286600375461014 0.0012525900423367166 0.00025548945854470217 -0.0015558214802850216 -0.0016756244001943513 -0.0016367165979499271 -0.0010873302184782026 -0.0001046142023902216 0.0012628438885861496 0.0029897386891258879 0.0050716033022307309 0.0075250305867850115 0.010389663518829832 0.013730135248613586 0.01763451053646951 0.022201178955450186 0.027491853326438921 0.033403204065180242 0.039647047410500937 0.045629988898954935 0.050700657587337904 0.05470685899011276 0.057827810941532373 0.060255161740916253 0.062150442249673712 0.063637974268107064 0.064809775768253391 0.065732590118457071 0.066454231643131412 0.067008589093120158 0.067419337429331885 0.067702585622216677 0.067868693851176595 0.067923444200854763 0.067868693927540968 0.067702585771145518 0.067419337642162902 0.067008589473435132 0.06645423213641409 0.065732590543633673 0.064809776097029426 0.063637974711418813 0.062150442844982959 0.060255162216109444 0.057827811276508975 0.054706859340153326 0.050700657908718659 0.045629989213252384 0.039647047660084381 0.033403204108408566 0.027491853242623137 0.022201178774967655 0.017634510178656512 0.013730134899952095 0.010389663242645423 0.0075250302055869418 0.0050716029233301117 0.0029897384460719103 0.0012628436862114709 -0.00010461438855189264 -0.0010873303389862241 -0.0016367166348336215 -0.001675624389742391 -0.0015558214903212359 -0.0018388702445771214 -0.0023528477986858318 -0.0029930270571590671 -0.0029515172622832605 -0.0023959638218756206 -0.0014591361260822501 -0.00024537548282418297 0.001168455152241476 0.0027346114079941329 0.004439232646535513 0.0063122220478583945 0.0084460783219923331 0.011032703913936563 0.014446481899873086 0.019349742270958186 0.024964703460771086 0.029362846378099959 0.032201664261066375 0.034137863621413723 0.035571032772137627 0.036708875528653588 0.03765970580310958 0.03847861797227245 0.0391921222718596 0.03981146562509999 0.040339963057645714 0.040777069183208399 0.0411206466559456 0.041368226287929223 0.04151769879741575 0.041567682434604396 0.041517698999385566 0.04136822652404952 0.04112064697494934 0.040777069539877267 0.040339963372295326 0.039811465900245785 0.039192122644419049 0.038478618335500453 0.037659706191205969 0.036708875986280302 0.035571033166168879 0.034137863903919964 0.032201664500603577 0.029362846628875568 0.024964703650551673 0.019349742300436599 0.014446481766599835 0.011032703632610677 0.0084460777972598065 0.0063122214046356876 0.0044392320028883627 0.0027346107216156216 0.0011684544211388536 -0.00024537608557351681 -0.00145913657263762 -0.0023959642427496971 -0.0029515176290258313 -0.0029930272318132427 -0.0023528478295445883 -0.0018388702719838996 -0.0013473305774053814 -0.0017882761354360743 -0.0022584739090121706 -0.002006812033897752 -0.0012314109455243889 -0.00011181923015789142 0.0011999876216736219 0.0025787517061068355 0.003924344568245532 0.0051631014630701983 0.0062561897309217213 0.0072243192013056855 0.008216399769863228 0.0097213975996405765 0.013008753917226203 0.016871993707838023 0.018698467537192773 0.019118468301635071 0.01944655809457857 0.019895405219541938 0.020485124904144 0.021174713429940865 0.021912531731333534 0.022651710423574986 0.023353952244696413 0.023989417714883145 0.024535511892096042 0.024975559458193995 0.025297685510760955 0.025493973908912788 0.025559894902853666 0.025493974153804277 0.025297685706096494 0.024975559716382385 0.024535512091294162 0.023989417844895486 0.023353952377286526 0.022651710729538737 0.021912532035954974 0.021174713738680406 0.020485125382534199 0.019895405728777044 0.019446558416888769 0.019118468520637789 0.018698467779123679 0.016871993929692197 0.013008753979535976 0.009721397436759021 0.0082163993910160139 0.0072243185772153454 0.0062561889574205658 0.0051631006619280318 0.0039243438010399022 0.0025787508718102541 0.0011999869354677277 -0.00011181968745264373 -0.0012314113871458687 -0.0020068124265661008 -0.0022584740697852088 -0.0017882761282089778 -0.0013473305520585552
        </DataArray>
        <DataArray type="Float64" Name="strain_yy" format="ascii">
          -0.15879255194632469 -0.15515331773732285 -0.14821653068249446 -0.14212049014353467 -0.13703723246729788 -0.13294511840237011 -0.12975602140662204 -0.12736436267486756 -0.12566573874683346 -0.12456344246527341 -0.12397012556375761 -0.12380749945048609 -0.1240053297863659 -0.12450068686587656 -0.12523704117256032 -0.12616313582211441 -0.127232439600938 -0.12840275114261129 -0.12963563575707376 -0.13089601413551966 -0.13215202430174705 -0.13337485659487927 -0.13453856462081426 -0.1356199741414929 -0.13659864206320488 -0.13745683867584563 -0.13817954268168972 -0.13875444395868555 -0.13917195147740047 -0.1394252038750739 -0.13951007948199559 -0.13942520353492893 -0.1391719508092005 -0.13875444303218665 -0.13817954168525695 -0.13745683773860709 -0.13659864114413484 -0.13561997320688896 -0.13453856374014572 -0.13337485585171738 -0.13215202362822015 -0.13089601347865132 -0.12963563520565749 -0.12840275077927024 -0.12723243942264348 -0.12616313579154134 -0.12523704132165592 -0.12450068728339851 -0.1240053303356233 -0.12380750001862556 -0.12397012615172093 -0.12456344306024089 -0.12566573934846084 -0.12736436304999221 -0.12975602164189318 -0.1329451187985527 -0.13703723291097838 -0.14212049049891498 -0.14821653108017657 -0.15515331823878281 -0.15879255247705487 -0.095292572724757538 -0.099966597737419227 -0.10740991931217198 -0.11188913220319863 -0.11471722786778245 -0.11662967567238608 -0.11805163733612684 -0.11923416380977217 -0.12032666546860932 -0.12141703018496385 -0.12255469747131162 -0.1237644761819086 -0.12505509533253398 -0.12642427558806169 -0.12786223285155079 -0.12935440782349583 -0.13088303656621322 -0.13242816261415796 -0.13396861483560032 -0.13548289649558923 -0.13694967230406166 -0.13834810392307145 -0.13965827738068437 -0.14086158426109868 -0.14194100559505404 -0.1428813314091644 -0.14366934712761009 -0.14429399791079922 -0.14474653059922149 -0.14502060866477562 -0.14511239613645635 -0.14502060863919616 -0.14474653050621766 -0.14429399770634579 -0.14366934683093946 -0.14288133108295425 -0.14194100525041417 -0.14086158386016118 -0.13965827692224686 -0.13834810349347651 -0.13694967192127711 -0.13548289606947664 -0.13396861438682192 -0.13242816224378259 -0.1308830362813759 -0.12935440755661676 -0.1278622326290505 -0.12642427554813604 -0.12505509541629534 -0.12376447633975303 -0.12255469774172348 -0.12141703059857926 -0.12032666602987219 -0.11923416431865576 -0.11805163770900436 -0.11662967607149 -0.11471722827785746 -0.11188913246186261 -0.1074099194209143 -0.09996659782176516 -0.09529257284147287 -0.027960401133068982 -0.03628881468030095 -0.051623734210919314 -0.064455338640448084 -0.075130611075295339 -0.084053413024430451 -0.091588320194144479 -0.098037331336577285 -0.10364134859763377 -0.10858876697337275 -0.11302483392265425 -0.11705976489428259 -0.12077563861402738 -0.124233268996729 -0.12747638216402529 -0.13053394679252095 -0.13342371383515092 -0.13615529947952273 -0.1387320085312847 -0.14115172575048007 -0.14340836353744632 -0.14549353823461392 -0.14739751576819771 -0.14910981910690224 -0.15061979731024361 -0.15191718115288577 -0.15299257606219677 -0.1538378570911148 -0.15444645915272315 -0.15481357411089194 -0.15493627348277603 -0.15481357427063869 -0.1544464594781409 -0.15383785749927198 -0.15299257643774478 -0.15191718147883476 -0.15061979763301961 -0.1491098194045139 -0.14739751596731532 -0.14549353832570033 -0.14340836354799788 -0.14115172563646949 -0.13873200828240306 -0.13615529914037089 -0.13342371340115189 -0.130533946237431 -0.12747638154783236 -0.12423326843467006 -0.12077563813593922 -0.11705976446406587 -0.11302483354773843 -0.10858876676270408 -0.1036413485765347 -0.098037331470883893 -0.091588320365379131 -0.084053413195283172 -0.075130611240484091 -0.064455338650225166 -0.051623734013952934 -0.036288814456395896 -0.027960400983289856 -0.016221365921687422 -0.020499813843255773 -0.029534856461178132 -0.03913891253022049 -0.048706765601746846 -0.057914418009218815 -0.066616182176526026 -0.07476920588113857 -0.082385091489335177 -0.089501007020174814 -0.096163522499974771 -0.10242002313306563 -0.10831301372847654 -0.113873569249406 -0.11912377193687 -0.1240812861742846 -0.12875710953977171 -0.13315467884881702 -0.13727081724833745 -0.14109968464798811 -0.14463478881902322 -0.14786800330712799 -0.15078975684697654 -0.15339017339407793 -0.15566014409787546 -0.1575919635637516 -0.1591795465646717 -0.16041836495397571 -0.16130524539847071 -0.16183813237710781 -0.16201588312336881 -0.16183813239891398 -0.1613052455064766 -0.16041836514434246 -0.15917954679425267 -0.15759196380249718 -0.15566014433474862 -0.15339017364554944 -0.1507897571071081 -0.14786800353035623 -0.14463478894917736 -0.14109968467312298 -0.13727081719029194 -0.13315467873350584 -0.12875710933228737 -0.12408128582515497 -0.11912377145923517 -0.11387356868799507 -0.10831301317794788 -0.1024200225916979 -0.096163521911417998 -0.08950100643169813 -0.082385090963785601 -0.074769205485402557 -0.066616181944984684 -0.057914417953508171 -0.048706765613759508 -0.039138912485183752 -0.029534856378889116 -0.020499813809461698 -0.016221365948383464 -0.0031743182223617685 -0.0075186086922872288 -0.015919577618619951 -0.023945610856161599 -0.031864182750454065 -0.039754646885464894 -0.047623122282511018 -0.055453813828540491 -0.063227303124288592 -0.070923577121338524 -0.078519602279959633 -0.085987852677413018 -0.093301301013653193 -0.100444353356161 -0.10739329311744944 -0.11410640935419236 -0.1205406222307413 -0.12665530100604752 -0.13241870882299567 -0.13780206826809846 -0.14277236606822416 -0.14729870050942201 -0.15135804399393829 -0.15493656104332829 -0.1580283312151031 -0.16063314639348994 -0.1627542896993244 -0.1643966667753457 -0.16556538065983661 -0.16626472182841412 -0.16649750922675899 -0.1662647218536327 -0.16556538068212648 -0.16439666680846801 -0.16275428976035888 -0.16063314646137228 -0.15802833125675142 -0.15493656107549739 -0.15135804409140369 -0.14729870069425935 -0.14277236626539419 -0.13780206845615028 -0.1324187090113636 -0.12665530117220916 -0.12054062236407714 -0.1141064094062465 -0.10739329296258374 -0.10044435302378019 -0.093301300626176864 -0.085987852288642558 -0.078519601925103072 -0.070923576749205991 -0.063227302741944158 -0.055453813520348824 -0.047623122099914719 -0.039754646861683077 -0.03186418276637501 -0.02394561087338775 -0.015919577701993322 -0.0075186087711341986 -0.0031743182822355945 0.0047535616337563364 0.0016659310558554234 -0.0045044059157776789 -0.010671500210570513 -0.016886167733978177 -0.023237070816121697 -0.029805124537076875 -0.036655691236674864 -0.043839930533690577 -0.051394021602784161 -0.059331645543005365 -0.067627504815221964 -0.076193721724865618 -0.084873110011237166 -0.093544801380069736 -0.10212491636973678 -0.11049808759882401 -0.11855813053837921 -0.12618234096943162 -0.13323738665021184 -0.13963478284324987 -0.14533720530946723 -0.1503425804411182 -0.15466875896389554 -0.15834268582905303 -0.16139363378214819 -0.16384927846749311 -0.16573356468256306 -0.16706562883829912 -0.16785930640672733 -0.16812293761672653 -0.16785930645130454 -0.16706562889055318 -0.1657335647290076 -0.16384927853230608 -0.16139363389060657 -0.15834268598189449 -0.1546687591274627 -0.15034258061819397 -0.14533720551980761 -0.13963478306479091 -0.13323738685478775 -0.12618234119170885 -0.11855813075385331 -0.11049808777326645 -0.10212491654645034 -0.09354480145717467 -0.084873109953772077 -0.07619372158694665 -0.067627504603365168 -0.059331645357512154 -0.05139402146376966 -0.043839930361409554 -0.036655691102269489 -0.029805124506354828 -0.023237070812394203 -0.016886167658271018 -0.010671500103977024 -0.0045044058777775446 0.0016659311095565698 0.004753561741572215 0.0073903757165510644 0.0059624161320982125 0.0029324561627477011 -0.00045084755997522286 -0.0041941721870248222 -0.0083131228116484438 -0.012849877404824829 -0.017873698809201411 -0.023481108547268356 -0.029797776786450625 -0.036979193340150165 -0.045202529550567708 -0.054629329380564945 -0.065275017367343383 -0.076654204197955184 -0.088174742146062524 -0.099513972990458208 -0.11020373497707925 -0.1198201396613495 -0.12825518017735912 -0.13556761626983971 -0.14186272232794975 -0.14724778426667379 -0.15181680937642411 -0.15564702983368217 -0.15879972611601673 -0.16132233070861784 -0.16325061886152453 -0.16461056594161155 -0.16541976153116122 -0.16568838311864115 -0.1654197615594952 -0.16461056602365018 -0.16325061898368987 -0.16132233084456715 -0.15879972627653821 -0.15564703002441879 -0.15181680958195487 -0.14724778445968967 -0.14186272248347104 -0.13556761639103046 -0.12825518023856097 -0.11982013971747112 -0.11020373510149983 -0.099513973121905019 -0.088174742273614992 -0.076654204293633801 -0.065275017376993608 -0.05462932931167442 -0.045202529417271591 -0.036979193207512195 -0.029797776679804044 -0.023481108360430783 -0.017873698558889352 -0.012849877244705765 -0.0083131226499816614 -0.0041941719133113215 -0.00045084724431774473 0.0029324564366981385 0.0059624164134040748 0.007390376051193772 0.0049103748672412175 0.0048868644502921528 0.004499590593506758 0.0035145274313180402 0.0020562438094885497 0.00018727730473152735 -0.0020690705890574609 -0.0047272717624704461 -0.0078458778343004302 -0.01154099466651093 -0.016010784565698665 -0.02157975651104074 -0.028783624545992682 -0.038552524795111412 -0.052439221057225635 -0.069440778035022355 -0.085590512560977022 -0.098926145147636063 -0.10985061145065811 -0.11896161245768894 -0.12665832941371036 -0.13320845914869445 -0.13879260364196166 -0.14353485514049436 -0.14752212767904002 -0.15081629582247666 -0.1534618303605404 -0.15549063553209441 -0.15692512563150909 -0.15778016700154479 -0.15806425867782853 -0.15778016699556929 -0.15692512563719935 -0.15549063556301568 -0.15346183039053229 -0.15081629584205755 -0.14752212768522341 -0.14353485514773853 -0.13879260366644031 -0.13320845918514651 -0.12665832947543371 -0.11896161251118734 -0.1098506115021006 -0.098926145267703339 -0.085590512724001269 -0.069440778205406742 -0.052439221143083921 -0.038552524728079164 -0.028783624399149964 -0.021579756298482373 -0.016010784300312424 -0.011540994432471356 -0.007845877552129607 -0.0047272713611045498 -0.0020690702501741202 0.00018727758703715111 0.0020562441516132888 0.0035145278022868333 0.0044995908748370244 0.0048868646356141528 0.0049103750474934552 0.0025812349331892576 0.0030161000692479319 0.0035390598248355182 0.0034540492313613102 0.0029073297048084895 0.001999709459467554 0.00079463189200829087 -0.00067861475660618668 -0.0024298713666561405 -0.0045224227212702908 -0.0071039155106951465 -0.010475727587461174 -0.015273042860880709 -0.02304099298128922 -0.037655254320012148 -0.058209444397413115 -0.077268434817933093 -0.091702812230070291 -0.10296741921972154 -0.11224919797556127 -0.12010643070732277 -0.12683876463787161 -0.13262118394304778 -0.13756439032433079 -0.14174296762078242 -0.14520950315445116 -0.14800206941866284 -0.15014839674420921 -0.15166829794925774 -0.15257511008430269 -0.15287653997041273 -0.15257511006750574 -0.15166829790385794 -0.15014839667037666 -0.14800206932546239 -0.14520950306413349 -0.1417429675320469 -0.13756439023100248 -0.1326211838510154 -0.12683876459899496 -0.12010643078429298 -0.11224919807613665 -0.10296741931371353 -0.09170281239026018 -0.077268435024950399 -0.058209444641131314 -0.037655254447332871 -0.023040992881678542 -0.01527304267747534 -0.010475727308011374 -0.0071039151095037625 -0.004522422409367689 -0.002429871108113785 -0.0006786143846283665 0.00079463224085641357 0.001999709711738097 0.0029073299547698554 0.003454049537303161 0.0035390600331849484 0.0030161000949225532 0.0025812349041369051
        </DataArray>
        <DataArray type="Float64" Name="gamma_xy" format="ascii">
          -0.10565612823312658 -0.080272708774522999 -0.038849350840010115 -0.012456936242351743 0.0046301234890356643 0.015714635000564907 0.022798128231428003 0.027146248846716924 0.029589076867845995 0.030688251421826226 0.030833872737720654 0.030302659049881751 0.02929404234933311 0.027954246389728987 0.026391509955233927 0.024685643228754925 0.022895964214848952 0.021066665403936129 0.019229839343661743 0.017408205469175 0.015617601284009026 0.013868294269791965 0.012165882916153968 0.010512337481782413 0.0089067997378977359 0.0073461527118814634 0.0058254617528063404 0.0043383499217955115 0.0028773373867347135 0.0014341500238080154 3.9774858558681847e-10 -0.0014341493556011189 -0.00287733712203 -0.0043383495458985521 -0.0058254611015728808 -0.0073461525226992327 -0.0089067998917165131 -0.010512337406958019 -0.01216588263157674 -0.013868294318579333 -0.01561760160200016 -0.017408205716761049 -0.019229839586418138 -0.021066665638624964 -0.022895964391494886 -0.024685643134435602 -0.026391509481838639 -0.027954245900371846 -0.02929404167778684 -0.030302657976741431 -0.030833871468627809 -0.030688250346724559 -0.029589076338418327 -0.027146248244864814 -0.022798127426783287 -0.015714634825002363 -0.0046301238542722171 0.012456935663045253 0.038849349895948002 0.080272707518230652 0.10565612684297182 -0.09683390803805933 -0.082768250204843324 -0.057782073739131905 -0.038408529593205204 -0.023422947637583937 -0.011855891127955763 -0.0029624720099269445 0.0038264254680977533 0.0089474783682474621 0.012738549800355338 0.015463655844417071 0.017331253968442133 0.018507371063560325 0.019124535510425152 0.019289636586503813 0.019089992651081109 0.018596398633680046 0.017866255265174161 0.016946669188483799 0.015876351112004021 0.014686697958432719 0.01340309077120125 0.012046190726212064 0.010632740130315548 0.009176178271586866 0.0076872003487334761 0.006174279799763943 0.0046441416277935984 0.0031021853621435811 0.001552859945809846 8.1631181333844186e-11 -0.0015528599521146039 -0.0031021856177782092 -0.0046441414179071881 -0.0061742791569115944 -0.0076872001686939468 -0.0091761785511314357 -0.010632740341028407 -0.012046190802476316 -0.013403091153661981 -0.014686698634733129 -0.015876351641686961 -0.01694666953472625 -0.017866255614073838 -0.018596398961090624 -0.019089992677672696 -0.019289636292360943 -0.019124535284651811 -0.018507370699601872 -0.01733125323276976 -0.015463654851832829 -0.012738548828379603 -0.008947477584929607 -0.0038264245588898217 0.0029624730555392175 0.011855891758677971 0.023422947828502412 0.03840852961750478 0.057782073578454489 0.082768249854191844 0.09683390755671871 -0.060063410489573497 -0.059991896829892415 -0.057628233290734743 -0.05194715412097848 -0.044737907168608634 -0.037049987267004904 -0.029482926750416336 -0.022367249210804602 -0.015873716770196798 -0.01007874997946849 -0.0050037341941220788 -0.00063857605313581212 0.0030451072763862572 0.0060879579196061401 0.0085344577835255574 0.010428218523131394 0.011814650075295146 0.012739590647135448 0.013246426179740594 0.013375652641474235 0.01316653371239344 0.012657369872424088 0.011884414688638593 0.01088181900748313 0.0096819756092250721 0.008315856775875357 0.0068132418088983097 0.0052028675439175316 0.0035125646645326244 0.0017694226304682829 -3.5645542100686337e-10 -0.001769423532886463 -0.0035125656731186837 -0.0052028679764498306 -0.0068132417060514615 -0.0083158566506581228 -0.0096819755969125478 -0.010881818986321439 -0.011884414594208283 -0.012657369929550792 -0.013166533849283991 -0.013375652448270055 -0.013246425795836488 -0.012739590479406305 -0.011814649982720388 -0.010428218242425123 -0.0085344574648630114 -0.006087957708160608 -0.0030451070576012519 0.00063857642209912374 0.005003734789954248 0.010078750676106179 0.015873717539485285 0.022367249895375259 0.02948292735430208 0.037049987675892675 0.044737907273897329 0.051947154254809821 0.057628233576182762 0.059991897097803518 0.060063410663296617 -0.020811381603070153 -0.022579171033112022 -0.025413611163237308 -0.026681202895857487 -0.026301138675763197 -0.024524515971922831 -0.021697080748504304 -0.018158289963743499 -0.014204026443581019 -0.010077044417111597 -0.0059688363921635585 -0.0020266779492483368 0.0016356206222199621 0.004926683473220294 0.0077880580255790099 0.010190896198568663 0.012115114011789736 0.013551215647068984 0.014504902277418706 0.014996664004407727 0.015054503637401722 0.014708866139398251 0.013994498312900141 0.012950558985509314 0.011619307677270922 0.010044402757201538 0.0082694524611161575 0.0063370629995525129 0.0042884004249175711 0.0021631842762992117 -2.9643839043625581e-10 -0.0021631848374893516 -0.0042884009398629769 -0.006337063391722123 -0.0082694526530382867 -0.010044402706212308 -0.011619307418500887 -0.012950558641994458 -0.013994497992255587 -0.014708865880862534 -0.015054503140581883 -0.014996663222293788 -0.014504901577893067 -0.013551215174552253 -0.012115113572600712 -0.010190895693658938 -0.0077880574965065105 -0.0049266828796462195 -0.0016356201436737415 0.0020266783231624287 0.005968836775776201 0.010077044743529389 0.014204026625007121 0.018158289850622157 0.02169708043598878 0.024524515482857823 0.02630113823384652 0.02668120281118206 0.025413611297576064 0.022579171191224687 0.020811381723410356 -0.00052709243242783903 -0.0022393827376331202 -0.0051676951114537273 -0.0070675066154362648 -0.0078738800633293398 -0.00757757707678675 -0.0062623226533851505 -0.0040857573396362451 -0.0012510384130657178 0.0020183140369110599 0.0054999283728662902 0.008993077290165491 0.012337978158094164 0.015419323744597658 0.018106621710858264 0.020281088738670187 0.021896069974900151 0.022939414314910204 0.023417500137416836 0.023341204845878726 0.022731383465552753 0.021635525539319037 0.020117568316587779 0.018246671154312021 0.016089598008083149 0.013706723453018758 0.011150599144991342 0.0084660937673668273 0.0056914109505955927 0.0028595546120474915 -1.7139141966554181e-10 -0.0028595548336095679 -0.0056914110241977536 -0.0084660938207656126 -0.011150599198878711 -0.013706723547162826 -0.016089598095830646 -0.018246671157737954 -0.020117568420414164 -0.021635525737419819 -0.022731383415901221 -0.023341204661849361 -0.023417500087354909 -0.022939414312135788 -0.021896070030803353 -0.020281088881547459 -0.018106621599712793 -0.01541932340607762 -0.012337977896902302 -0.0089930771077595343 -0.0054999283705983414 -0.0020183142314711771 0.0012510381535355524 0.004085756980633631 0.006262322172668101 0.0075775765526042652 0.0078738798046248115 0.0070675066052918074 0.0051676950791872314 0.0022393827298292108 0.00052709243599745065 0.011126416411946571 0.0083722281539074603 0.0039444049242188068 0.0015047709236481741 0.00074939458024739279 0.0014462327423475393 0.0034020952401924986 0.0064261060413098436 0.010304477127864546 0.014784424646701442 0.019564847563667827 0.024297023274060834 0.028609962919852249 0.032198468274086969 0.035019871807362643 0.0370597090358534 0.038177521806640122 0.038335233222544923 0.037539996493432294 0.03587889566535455 0.033547012154711842 0.030739267971457769 0.027616841646795325 0.024300854359444124 0.020876586163114635 0.017400568375264124 0.01390758203246562 0.010416589174976338 0.006935453371373349 0.0034646174937906413 -1.1439991938781355e-10 -0.0034646178011758879 -0.006935453741008046 -0.010416589510932824 -0.013907582404944243 -0.017400568804504281 -0.02087658661023168 -0.02430085480390036 -0.027616842113483562 -0.030739268392700754 -0.033547012504666331 -0.035878895919774369 -0.037539996797976795 -0.038335233663338061 -0.038177522297743134 -0.037059709607024753 -0.035019872137100179 -0.032198468379499669 -0.028609963095110151 -0.024297023563657538 -0.01956484806411235 -0.014784425268638858 -0.01030447761595395 -0.0064261064784680733 -0.0034020957349236748 -0.0014462331849987033 -0.00074939486843646783 -0.0015047712077886448 -0.0039444054030589462 -0.0083722287133712395 -0.011126416959577811 0.010989577580883118 0.0080998211339326082 0.0034210459763951693 0.00082054563989377566 8.1123081766789522e-05 0.0010329848398920043 0.0035378024774194885 0.0074761835173007612 0.012728867878066197 0.019149375139792178 0.02652341986706664 0.03450579920031091 0.042520659349528395 0.049614506738423401 0.054384349598759742 0.056453802192143736 0.056345800651184705 0.054116619453802001 0.050265484842079058 0.045642209350669337 0.040748569574876027 0.035865797625402041 0.031136703093947084 0.026621990674630225 0.022335073940445968 0.018263000063442659 0.014378726145046025 0.010648138582095831 0.0070339124474592535 0.0034974951640538024 -3.0144377120323862e-12 -0.0034974952741359251 -0.0070339126602709254 -0.010648138826070817 -0.014378726398589815 -0.018263000302125118 -0.02233507421631566 -0.026621991067376033 -0.031136703532534251 -0.035865798013372474 -0.040748570059324904 -0.045642209765401148 -0.050265485231685836 -0.054116620080804451 -0.056345801256152232 -0.056453802698578345 -0.054384350012590142 -0.049614507066277284 -0.042520659716685345 -0.034505799598931186 -0.026523420289969121 -0.019149375624295549 -0.012728868286569009 -0.0074761838028271225 -0.0035378029258686262 -0.001032985400399091 -8.112354242350607e-05 -0.00082054607990289605 -0.0034210465653588713 -0.0080998218360992663 -0.010989578275881734 0.0049664670848248767 0.0026866526129643402 -0.0013001108220624699 -0.0041075368582782126 -0.0056892724069244043 -0.006022736425956454 -0.005081326842726476 -0.0028185301209568696 0.0008419096510538268 0.0060115015097911544 0.012836671053898826 0.021484340188257796 0.032085710859106199 0.044543602885052873 0.05773168234838312 0.065412165927169919 0.063455487628197804 0.056941174582893342 0.050255227913760379 0.043980476242502085 0.038280139870627172 0.033134051256506772 0.028467526167887846 0.024195983259356419 0.020241025917506775 0.016534832716546995 0.013020096076309499 0.0096484160790618594 0.0063783115993869596 0.0031732771681556465 2.5455241213501179e-11 -0.0031732771376492995 -0.0063783115166673211 -0.0096484160626871523 -0.013020095964419434 -0.016534832459862203 -0.020241025664142289 -0.024195983003046363 -0.02846752597258622 -0.033134051083382535 -0.03828013978008895 -0.04398047611076869 -0.050255227815035129 -0.056941174718979144 -0.063455487804306598 -0.065412166269283978 -0.057731682929453632 -0.044543603406413751 -0.032085711310513028 -0.021484340596055765 -0.012836671413561013 -0.0060115019571692517 -0.00084191005214572174 0.0028185298581979135 0.0050813263884289285 0.006022735863953901 0.0056892719185289674 0.004107536417447653 0.0013001103917697392 -0.0026866530117475528 -0.0049664674249191342 0.0017531666266469249 -4.1455300458237746e-05 -0.0035036659088290359 -0.0065398304119917679 -0.0088967234687415773 -0.010439297559740619 -0.011060803100594459 -0.010641179931022298 -0.0090176248502837307 -0.005951266736823042 -0.0010804246897020196 0.0061486190384619352 0.016575799012126725 0.03138875709058718 0.051216129394136112 0.064493665488700627 0.061680038543006466 0.052729843199731403 0.045404930084055634 0.039338434903317163 0.034226132452693431 0.029784871933045791 0.025806858593089878 0.022146974314617644 0.018706101205552279 0.015416695098937254 0.012232224788632742 0.0091198700542127198 0.0060555880037332661 0.0030207829311635201 5.6470196574398557e-11 -0.0030207828199932561 -0.0060555877934283797 -0.0091198699740274967 -0.012232224650014259 -0.01541669475595411 -0.018706100778178365 -0.022146973750110308 -0.025806858035713236 -0.029784871341950105 -0.034226131869120199 -0.039338434321245432 -0.045404929635089852 -0.052729842958568543 -0.061680038340635332 -0.064493665715743276 -0.051216130074672003 -0.031388757639020028 -0.016575799477632928 -0.0061486195927166337 0.0010804241023942636 0.005951266084729007 0.0090176242694703472 0.010641179441425626 0.011060802514646688 0.010439297009788656 0.0088967230069577977 0.0065398300532489555 0.0035036656535124347 4.1455139297898441e-05 -0.001753166698532247
        </DataArray>
        <DataArray type="Float64" Name="reaction_force" NumberOfComponents="3" format="ascii">
          -2.7299596623042018e-06 -322.04172927096641 0 -1.3160682173671917e-07 -182.33208568733428 0 -4.5172291806535359e-07 -154.56590752215126 0 2.3667955593168738e-06 -137.70382302065843 0 3.0437137920030571e-07 -127.19424894573083 0 3.4672410223532051e-06 -120.60432666388925 0 4.5056913086462986e-07 -116.55396334323878 0 4.0871839338252973e-07 -114.21735845874812 0 1.6854479093004605e-07 -113.07593978204063 0 1.2131772031451318e-06 -112.78939323860608 0 -1.6153013676758582e-08 -113.12502703198376 0 -7.6384221679360987e-07 -113.91724229618927 0 -1.4711478111461743e-07 -115.04378453913222 0 -1.6153151599023855e-06 -116.41324846666024 0 -1.6854849781627304e-07 -117.95270019505118 0 -1.9847551462630882e-06 -119.60329475043049 0 -6.7049494412381129e-07 -121.31757303872124 0 -4.4933865398108049e-06 -123.05538434842846 0 -4.4031269870806247e-07 -124.78173209347614 0 9.2520580781954053e-07 -126.4670005477407 0 2.0936097027107724e-07 -128.08559650911403 0 -1.4330003945982954e-06 -129.61453823439766 0 1.6295919428208536e-07 -131.03378126329622 0 -7.1381019643871847e-07 -132.32591529515676 0 -8.6123312692496284e-07 -133.47584021224864 0 3.3751270835773637e-06 -134.47058853538695 0 1.7144815856511315e-07 -135.29924789208823 0 -3.5308989083781792e-06 -135.95292758051636 0 -1.1524577057902659e-07 -136.42474285545001 0 4.6514145214151254e-06 -136.7097884296866 0 3.3504616265302309e-07 -136.80512905696187 0 4.4084887439280695e-07 -136.70978787167238 0 1.164553503942093e-06 -136.42474182608368 0 1.9568301638944383e-06 -135.95292747192894 0 -3.8658613595613993e-07 -135.29924688556969 0 -9.3426496674085527e-08 -134.47058737830045 0 6.1524497858792223e-07 -133.4758401457857 0 -7.7307701550079268e-07 -132.325915400242 0 2.6327380218927187e-07 -131.0337807801595 0 -1.6212650061216443e-08 -129.61453741361683 0 -4.2008499416968367e-07 -128.0855961197733 0 1.8787234943382935e-06 -126.46699991974216 0 5.0132462080682432e-07 -124.78173186044997 0 -2.1055230352842005e-06 -123.05538480826291 0 4.8292892263010175e-08 -121.31757267064444 0 -1.5582591337358894e-06 -119.60329515234373 0 -7.8818454452267362e-07 -117.95270015180647 0 -6.8507445810141335e-07 -116.41324839129236 0 -4.3867765780743985e-07 -115.04378517235091 0 4.3699811158734666e-07 -113.91724238656289 0 5.5875920099193929e-07 -113.12502702821683 0 1.988078164925414e-06 -112.78939210210567 0 5.9472928508318026e-07 -113.07593931626805 0 -2.4719516694476973e-06 -114.21735945315561 0 6.8509857265747422e-08 -116.55396256316862 0 1.8261184377166531e-07 -120.60432482847676 0 -8.0809605792789053e-07 -127.19424924589916 0 9.4024445839137976e-07 -137.70382209476247 0 1.799040538714685e-07 -154.56590740331458 0 -1.1728978569910877e-06 -182.33208595614872 0 1.8356108932240193e-07 -322.04173232161281 0 -5.9218133563625533e-07 1.4140515192791698e-07 0 3.4638524156828813e-07 -4.9477803696265131e-07 0 -6.0511367372674864e-07 -4.7174526685646673e-07 0 3.1258978360450378e-06 -7.2649151756068328e-07 0 1.0840961508023934e-06 3.2758912053763947e-07 0 3.6763150791909526e-06 -2.7481395594540199e-06 0 6.1210942369350284e-07 4.8035463410490838e-07 0 -1.3089270478522577e-06 2.4145626886732903e-06 0 -5.8036181916397867e-07 -1.3325928231250495e-07 0 1.025920556304231e-06 -6.2376345313642763e-07 0 -5.6643354978763384e-07 4.1108335168391958e-07 0 -2.1374768439278033e-06 8.5669168450235205e-07 0 1.9791651772555416e-07 1.6709250702301114e-07 0 -1.7653852716384328e-06 5.7945535344306388e-08 0 1.4820128235739047e-07 -2.1830612644133734e-07 0 -1.4176965673865629e-06 -1.6027320218074589e-07 0 4.4924747716599488e-07 6.7371612022765186e-08 0 -3.1761055856226884e-06 5.9623321075737068e-07 0 -1.0705237306102613e-06 -1.4070193048782377e-07 0 3.492593696513096e-06 -4.8735178478574407e-07 0 1.9312433687081232e-07 2.7613017680716843e-07 0 -6.0364062153347683e-06 1.0986341826582423e-07 0 1.5733188178834232e-06 5.289821253717421e-08 0 -5.1975699546351909e-06 8.6900775446825374e-08 0 2.6659319796905409e-07 -3.8053214118121589e-08 0 7.4124349674713966e-06 1.2453174515958763e-06 0 -1.5011432827534079e-06 -1.525691220008341e-07 0 1.01025035107557e-06 1.763388122399374e-06 0 8.1753566276755361e-07 2.6685917144900108e-08 0 -2.0252872590437505e-06 -1.1155571716905135e-07 0 -3.7826883712006208e-07 1.2958947514922416e-07 0 -8.491894860521994e-07 -1.1148130841374443e-08 0 -1.1702212760655922e-06 -2.3980084985602899e-07 0 1.6406727832488588e-07 -2.5198877986366996e-06 0 4.0385949014773261e-09 -5.1572733118950671e-07 0 5.4569274283852909e-06 3.1871024594286297e-06 0 7.9974005176779896e-08 -1.8838783242258967e-07 0 -3.3854631417326751e-06 -2.128352696976101e-06 0 -5.3596371828870645e-07 8.0977621201295276e-08 0 1.7349955641703999e-06 1.6990686718314401e-06 0 -9.2164874938629129e-07 -1.1654052623232226e-07 0 2.0342406625137729e-07 -1.0361599208124791e-06 0 -3.8979762466693423e-07 -4.1733576151036654e-08 0 -3.5059565262820667e-06 4.910297402339913e-07 0 -3.4524688348757934e-07 2.5008155935950695e-08 0 -2.5643201077544046e-07 -1.475955796210939e-06 0 2.3630235075221327e-07 -7.0529026140299941e-08 0 4.1678068821660931e-07 2.1455569874853306e-06 0 5.8222700947667229e-07 -5.5006769242276234e-07 0 -2.3301746472253631e-06 6.1689377504227536e-07 0 -2.9426779964927533e-07 -1.3253509951592486e-07 0 3.5683569981509851e-07 1.1732909891343997e-06 0 -6.7645246825497148e-08 2.700266824720895e-07 0 2.3799425135934578e-06 -3.2453334374835817e-07 0 -1.4402521653681069e-07 -1.9220512668860864e-07 0 3.9041218157594883e-06 7.1580675185620369e-07 0 6.713277308271185e-07 -2.355324165468815e-07 0 4.9909225721753255e-07 -5.435710754215418e-07 0 1.4157946295438337e-07 -1.5550165243097311e-07 0 -5.5461790252681816e-08 4.8724446146142374e-07 0 5.8930707532313804e-07 -5.0823973630746841e-07 0 -4.9446167852557536e-07 1.2876136731551279e-07 0 -7.2852059779866764e-07 2.5579588517318007e-07 0 -1.0354636380771837e-06 -3.6477476803212117e-07 0 5.9938978059906269e-07 1.7786838548217513e-07 0 -3.5608645562393978e-07 -1.0228783243575175e-06 0 2.7211684542398488e-06 -1.543421081158359e-06 0 7.317457328259738e-07 2.4241055902287585e-07 0 2.8261542009470172e-06 -2.0631508603380801e-06 0 6.1286653132857586e-07 -1.5634949129406734e-07 0 -4.7394027607322564e-07 -6.9077254019008567e-07 0 1.3766451882018545e-08 2.6055245585557419e-08 0 -1.3139653046122546e-06 1.4338405553143758e-06 0 1.8329590444175714e-07 -2.2365651562919364e-08 0 -1.7004996997401206e-06 1.3919071982404147e-06 0 -6.6357657494637438e-07 -2.8956782968284205e-07 0 2.9150812723108002e-06 -9.572172170391882e-07 0 -7.6437455251720949e-07 3.3049418076478257e-07 0 1.2434548922150644e-07 -7.6961327372670666e-08 0 5.9491607240804327e-07 6.2592123528353416e-08 0 2.3881133755313399e-06 1.3121239708063112e-06 0 -1.7127467794083914e-07 5.4110242947268838e-08 0 2.5101496107618948e-06 -1.9988046872008554e-07 0 -7.8882418389437531e-08 2.1129502721323004e-07 0 1.0391903217288925e-06 -9.7195146479251008e-08 0 2.2748215398468136e-07 -2.2821127113270032e-07 0 -1.2112402956803132e-06 2.7073864263923141e-07 0 -3.813210540271106e-07 7.2104538555090483e-08 0 2.1583634465580259e-07 1.1531634944510463e-06 0 -1.3904466011784815e-06 1.137069694653793e-07 0 -3.103727539142535e-06 -4.1199440666482681e-07 0 9.0371223054237648e-08 2.1046941218258726e-07 0 -8.8925175578129833e-07 1.3201334108687898e-06 0 8.8356809339584294e-07 1.2703934380003651e-08 0 -5.9057762741220002e-06 -1.07753194236936e-06 0 7.0163292214283779e-07 -2.047286047488078e-07 0 9.1708502505078957e-06 4.7529546148565261e-07 0 -3.6756973879263459e-07 3.7187275257905283e-07 0 -4.3737672446378926e-06 -9.850733202061334e-07 0 5.0258653812296996e-07 -3.1330691555510921e-07 0 6.7951719350639422e-07 -7.2709346047554048e-07 0 3.8497397864719367e-08 -8.0243884309534734e-08 0 2.0610350144957616e-06 -8.0066192813520094e-07 0 3.1089460873468942e-07 6.563795333545151e-09 0 1.9250454790203226e-06 1.5575336345443e-07 0 6.3310694102771757e-07 6.8662766188137832e-08 0 -4.0622765506080275e-07 -1.9680360607159016e-06 0 -2.705027641703124e-07 2.6701095714561808e-07 0 -1.1671166793163116e-06 6.0092020792026527e-07 0 -7.5055242776544766e-07 -2.4234089476359485e-07 0 -2.334600495583688e-07 6.0296834464251666e-07 0 -2.2913185225821038e-07 3.9216324331815251e-07 0 -2.6730997106766699e-06 -4.8795001931362447e-08 0 -7.9290259462140312e-07 3.7650935410760877e-07 0 7.5931874582694778e-07 1.904554026494395e-06 0 -4.4880514213406225e-07 1.8936785081272509e-07 0 -9.5004470327992193e-08 6.4809637523298083e-07 0 3.9209317331467786e-07 3.6069574848210323e-07 0 -1.0976153688793349e-06 4.7780704830251258e-07 0 2.6776140920194579e-06 -1.1833735119604986e-06 0 -1.6591866427556086e-06 7.8174211169639845e-07 0 -2.8148555241524189e-07 2.3785509487818828e-07 0 -7.7580690491170344e-08 -1.9847955602810433e-07 0 -2.4982447686060705e-07 -4.0273667666401796e-07 0 -6.4927088667238283e-07 5.6879225835072033e-08 0 1.1496803389075228e-06 2.144293396025647e-06 0 5.5965613132662789e-07 3.0294975625489324e-07 0 2.4565589480346356e-07 -8.8367023533453421e-07 0 -9.3799114599936422e-07 -3.7241955533135052e-07 0 1.0979618641122525e-06 -4.7660586474351875e-07 0 1.9324647473940421e-06 -8.4080644732637603e-07 0 -1.3114277190196144e-06 -2.3325484578395218e-07 0 -6.5912883593443908e-07 5.4385132105049303e-07 0 -5.5372182992902878e-07 3.3413587849742727e-07 0 -2.3811126230881535e-07 -1.5480459240948949e-08 0 -3.4035655423623426e-07 2.0675799442300509e-07 0 -7.9307318328707069e-07 6.4086056525865831e-07 0 -1.208407196723356e-08 -3.0720104856665185e-07 0 4.9260094305262709e-07 9.4486718777314333e-07 0 1.0211732064940039e-06 -2.9409324609987567e-08 0 1.9823737635930114e-08 3.8761677698349151e-08 0 -9.6444855922497184e-07 -4.8968561757015165e-08 0 -2.8030017301235235e-06 -3.0527718962597928e-07 0 1.4682171946860934e-06 -3.6088990409581787e-07 0 -1.3096855389251768e-06 -6.3793828202323342e-08 0 -1.4653445250375227e-06 5.0296282068537164e-07 0 -2.7784782768261283e-06 2.662030081494066e-07 0 1.0071050680976146e-06 2.2927199166466404e-07 0 -7.2471168614975814e-07 3.7329184825457498e-08 0 1.6092251063925223e-06 -3.275267969923911e-07 0 -1.9089846552258005e-06 4.1263170815126908e-07 0 -7.7050703452494843e-07 -1.4368385306260476e-07 0 5.8129251433436064e-07 5.9734753691611457e-07 0 -1.6342895823084922e-06 -6.2903751071601976e-07 0 2.3946002724566232e-06 2.8893820722158519e-07 0 3.3670274995551115e-06 -6.740960783201524e-07 0 -1.3973273700188263e-06 -6.053304516353883e-07 0 1.050662133769382e-06 -6.0975454910907884e-07 0 9.2099160315800276e-07 3.3283259633049366e-07 0 -9.7604174315990835e-07 8.027521854917176e-07 0 1.4433445157425938e-07 4.042145833295496e-07 0 1.7451246817573915e-06 6.7401564697957701e-07 0 1.1945726914045793e-06 -2.2927901484337937e-06 0 4.2791482145448657e-08 6.9508388857137144e-08 0 -2.2469273234746532e-07 1.008180766637055e-06 0 8.8757842742453709e-08 3.853367476310201e-07 0 -1.0872876975474087e-06 -7.4728672222477622e-07 0 -3.5321039891049809e-07 -6.7769562174660426e-07 0 2.6335543885469115e-07 3.6296329433860095e-09 0 9.5484924224999654e-07 -1.7294343146244168e-07 0 1.4737310117054877e-06 1.3463343566900225e-06 0 3.6476094196549709e-07 -5.7851281379242065e-07 0 6.0410244815771717e-07 5.3387646826933196e-09 0 -9.0670581949213575e-07 -1.0217580711030667e-06 0 -6.1720544498153336e-07 4.1635648228506841e-07 0 1.1086282667173037e-07 3.3586402352947148e-07 0 -8.146981864182349e-07 3.5361572907651273e-07 0 -1.1992571845826541e-07 7.4776845433351349e-07 0 -9.2032275756708747e-07 -1.1894903642841003e-06 0 7.2786363170195076e-07 3.669767806574461e-07 0 8.3513636890195018e-07 -1.2275066340276227e-07 0 2.1619878344391771e-07 -1.585112360053296e-07 0 -1.1322365741358114e-07 -1.1531455891864443e-07 0 8.8066322532453135e-07 -5.5634946771509438e-07 0 1.7902163019064388e-07 -5.1205422259118686e-07 0 -1.9322577472584224e-06 7.6156594738023094e-07 0 -4.0774960188843281e-07 -5.387419907197494e-07 0 2.2119866989931032e-07 4.0046204851239574e-07 0 1.2840864651954487e-06 -2.9058847662385781e-07 0 -2.2075854315096682e-06 1.2026250961221194e-06 0 1.0746045612771246e-06 -6.1654007891255302e-07 0 -5.7920630259966205e-07 3.477056034414135e-07 0 3.0157307152768823e-07 3.8901412608658246e-08 0 -1.2042868728148252e-06 -2.9302823857200689e-07 0 -3.2287218086435699e-07 -5.155865885566253e-07 0 -8.0213036749246755e-08 4.2480441865038231e-07 0 -2.2288029254345329e-07 1.4010809316412049e-07 0 -2.4658567765350342e-07 2.3617586487367119e-06 0 -3.5547716049913605e-07 4.4357184493460796e-07 0 4.4289027597840385e-07 4.3334048389565757e-08 0 -2.6208836989972978e-07 -4.2708413836808363e-07 0 1.787402967855993e-06 2.3450576532490854e-07 0 -1.1874062479706936e-06 -4.9046174782883321e-08 0 5.9966278816432223e-07 -1.2931383448829322e-06 0 -1.7758283486972169e-06 4.2354160489410017e-07 0 -7.6274207987477019e-07 1.7580686375343214e-07 0 -2.9089422652725668e-06 -1.3989133656403262e-07 0 6.1744495533581641e-07 4.3445277188142017e-09 0 1.9121789578836687e-06 -3.2816297417595361e-07 0 -4.1860092664262793e-06 2.6232802199033977e-07 0 5.2350651682894481e-08 -3.4425140168428565e-07 0 -4.0459834518995861e-07 -8.6097125851145345e-07 0 -4.9594808265508111e-07 5.6910555162704324e-07 0 6.777943189719229e-07 9.18285711308401e-07 0 -8.3004021834506233e-08 -4.6669322920031611e-07 0 1.9865872957009569e-07 -9.4755661863541723e-07 0 1.8557680672058432e-06 -1.8882979371402577e-07 0 -6.5885642057680196e-07 2.1263496028812274e-07 0 2.3230127465216915e-07 6.9523448780688092e-07 0 6.9947036237178869e-07 -1.3721669860498446e-07 0 1.17309447546587e-06 -3.8115530427984933e-07 0 -1.5015869821685413e-06 1.0035508330213768e-06 0 -7.9676235138667472e-07 -1.6745984398695189e-07 0 -7.3664149494602402e-07 -1.9315163449285116e-06 0 -5.6694524115603641e-07 1.5738850903021149e-07 0 3.5658927434069757e-06 4.0937162866699825e-08 0 -1.9062191368845991e-06 -7.7811411279751208e-07 0 1.7602752094176441e-06 9.5307746008278964e-07 0 -2.4239752374191893e-06 -2.3893447237081928e-07 0 2.0978915656985918e-06 4.2487518581109607e-07 0 -2.4024890278974359e-07 8.4134312578474862e-08 0 1.8660651659454404e-06 -7.5693116890544592e-08 0 -1.1428186887508516e-06 -2.6380502839641676e-07 0 1.8948747690268085e-06 5.29403134958693e-08 0 -5.073432618778206e-07 2.6096329524125988e-07 0 -1.6390198296230151e-06 -4.5835422809021664e-07 0 2.0850103549911291e-07 9.2814729825777738e-08 0 3.9404857962103994e-07 9.7755689022498028e-07 0 1.5132166963318487e-07 2.8148384127754661e-07 0 -1.0662406699187445e-06 -1.3444644323258059e-06 0 7.1102207354465423e-07 1.1404098316319877e-06 0 -4.2250460434295676e-07 2.8783235318843282e-07 0 -1.3083631895634047e-07 -3.1929770008399732e-07 0 -2.3931975906916731e-07 -2.4438247558894931e-07 0 5.8420518030330259e-07 4.8993440654245021e-08 0 1.2871284659094283e-07 4.2664660532304332e-08 0 -2.4133431366628001e-07 -3.5583348463554032e-07 0 1.5723770368283061e-07 -2.1133004842970737e-07 0 1.9467254105059319e-06 -2.6000004644578588e-07 0 -2.5650297566229531e-08 1.9457479242212117e-07 0 1.7228455554021545e-06 -2.9880395506427821e-07 0 -4.6366179039743982e-07 -1.4075219835243246e-07 0 8.9989426279583097e-07 -6.4212989149606291e-07 0 -5.554425119714203e-08 3.63985827195122e-07 0 -9.6787236417470457e-07 -5.9320826322453351e-07 0 -5.6948801944656441e-07 6.5479124006438072e-08 0 3.5516727088469523e-07 -1.9373064265787352e-07 0 4.5026488341878896e-07 6.2456880012965748e-07 0 3.4432178431433643e-07 1.1666090410176687e-06 0 -1.8898632235132505e-07 -3.1381388933456669e-07 0 -1.81825494122712e-06 6.1366185318601204e-08 0 1.2854100169866426e-07 4.4026298980657393e-07 0 -6.9167103056996268e-07 -1.2741000760150361e-07 0 -1.8235865057891054e-07 1.744884758634851e-07 0 -1.2751211799018111e-06 -9.4964532455903599e-07 0 8.0532345896465142e-07 -2.0427935926364494e-07 0 -5.4344347397424556e-06 1.8735724971152097e-07 0 -6.4145089554588656e-07 1.1228476560195996e-07 0 1.6478762930787127e-06 -7.8053641350168029e-07 0 -3.8471362083380056e-07 -1.6647555348683556e-07 0 -4.8401378743513751e-06 3.4650278400959694e-08 0 4.6298101876063958e-07 1.8251941496290246e-07 0 1.6333594216004657e-06 -5.6770467267275666e-08 0 4.5285538486888227e-08 -1.7338043157620828e-07 0 5.6364643226052412e-07 1.7842007564764012e-06 0 9.7378803540848863e-07 5.9645236727039741e-07 0 -1.1165855127187168e-06 -4.644560161410202e-07 0 3.2536256886069362e-07 1.8818993346379883e-07 0 -5.5875342150240094e-07 3.8395770072246524e-07 0 -1.557333104595178e-06 -4.2871751992947847e-07 0 2.5026115697938807e-06 -6.6376086785924084e-07 0 5.8537267459917471e-07 -4.0724329269532862e-07 0 -2.1549909079116318e-06 -2.165413561049113e-07 0 7.3829399293727394e-07 -2.3494796667662955e-08 0 2.6062487901818566e-06 -1.0554672334155035e-06 0 -3.8226224670308322e-07 -1.7270164141017274e-07 0 1.2508346002115578e-06 1.641347571833258e-06 0 1.4028728124084368e-07 2.1848448158683743e-07 0 9.6301728235909278e-07 6.3598257331824894e-07 0 1.4282720928694579e-06 8.0950649492415423e-08 0 1.5176998114788082e-06 -5.4206214084488546e-07 0 -4.3637082304072694e-08 1.6536053938728966e-07 0 1.8919627260776447e-06 8.9896903032665025e-08 0 1.2699708679596961e-08 -1.6260159228205235e-07 0 -9.7982455455252536e-07 6.0680592837552059e-07 0 -7.639584057676176e-08 -3.0290257550504452e-07 0 -1.3765567731643941e-06 -1.7102156212956479e-06 0 -3.1980883243561539e-07 2.5330704087561919e-07 0 -2.7191336844694737e-06 -6.3228338116087753e-07 0 -6.4265760542073922e-07 -3.2970441724538119e-07 0 -2.293057435781473e-06 -7.5440500736681194e-07 0 -1.1819160181276201e-07 4.5451325395429337e-07 0 6.4044063359996821e-07 1.0752369582548639e-06 0 1.1726101343218055e-07 2.2868374089931187e-07 0 -2.4672433316097059e-07 -9.5523640911195289e-08 0 1.7126202810122455e-07 3.8961354007611075e-08 0 2.6574658036979912e-07 -2.869075422824474e-08 0 8.1324425017540348e-07 -4.6558307883854828e-07 0 8.4596207815861984e-08 -2.2867905955316462e-07 0 4.0601375377292395e-07 -2.9482011949120377e-07 0 1.384540655857092e-07 6.9835625742235645e-07 0 6.8446367456057013e-07 -1.0168218292105945e-06 0 -8.6340803680439818e-07 1.9150634015616581e-07 0 1.0017026082549478e-06 1.4432612919422924e-07 0 6.4568837233047253e-07 -1.0191031236882117e-07 0 1.304702844076189e-11 2.9530612975412799e-07 0 2.1387492906720375e-06 1.0194801832815572e-07 0 9.7564735617114499e-07 1.4846284370384572e-08 0 -1.1237956888734832e-06 -2.1177146614958918e-08 0 1.6238569185698571e-06 -2.4641835893725284e-07 0 8.1263309442857479e-07 -1.4776868225574592e-07 0 4.3558005130924242e-07 8.5063831279737132e-07 0 6.1829924803968042e-07 -6.5864008914171526e-07 0 -1.8795912192427823e-07 -6.4050111740701857e-07 0 -1.1449682290125703e-06 3.6084220697842772e-07 0 1.7616733379271868e-06 -6.5830354123297688e-07 0 -8.550615530208143e-07 3.3075730918047082e-08 0 -2.8012957809332737e-06 -2.32073255408329e-07 0 8.3927952375607272e-07 -2.7483685750506846e-07 0 5.9481343453743439e-07 -1.0907320076075112e-06 0 -6.4519913628019842e-07 4.1034587165892029e-07 0 -3.9841161475799848e-08 3.0816948834455197e-07 0 -1.9788793472825905e-06 1.3375737164288297e-07 0 1.4295548594738212e-06 -6.370004466162399e-07 0 -1.9407354789559466e-06 -3.5063759660562568e-07 0 2.4563419620732189e-07 5.0550464141602168e-07 0 2.0824757126023415e-07 3.1211820201098719e-07 0 -1.0890845876091696e-06 -5.8835078616468472e-09 0 3.8791306634461455e-07 1.9017401265156825e-07 0 -5.0913759693157184e-08 3.5160146280721118e-07 0 1.532175794471619e-06 4.2108192396674236e-07 0 3.329878932835456e-07 -4.128633482540665e-07 0 4.8612175984846913e-07 8.8198173008764556e-07 0 1.3607420015323375e-06 -4.228932875590138e-07 0 -1.137066889430561e-07 -6.6722845672473456e-07 0 1.1758101733918692e-06 8.8630925693165567e-07 0 2.5791754067465814e-07 -8.9010403037261251e-07 0 8.3293947374286011e-07 1.4505871982077494e-07 0 9.2266280557595322e-07 2.5722081845218544e-07 0 -1.7479916594337767e-06 -1.3457889308420234e-07 0 1.1916963772581532e-06 -5.1055715097635048e-08 0 -6.616277605871508e-07 -4.4879122661780443e-07 0 8.9191484972554339e-07 9.1492482885510793e-08 0 -5.5755873931257178e-07 2.6031460832555549e-07 0 -3.6422817746468569e-07 3.4591210627547642e-07 0 -6.932921890435641e-07 -8.1855863711868432e-07 0 6.0643042652179577e-07 1.6517099057612966e-07 0 1.1257436953747503e-07 -4.054451445058821e-07 0 4.9248450214999423e-07 1.4209864848933276e-07 0 -6.238793435907555e-07 1.1851056664800053e-07 0 1.1137718566480819e-06 6.7708849944587374e-07 0 -2.2605941998162512e-06 -8.7430635649814316e-07 0 -2.0792289725328736e-07 -9.8018388569904853e-08 0 -8.5748472183535946e-07 2.3464300501118765e-07 0 -1.6784783229796741e-07 -2.8985941067217375e-07 0 -5.9309456992041873e-09 -1.3013567401325533e-07 0 3.7395278314357655e-07 6.1985286669114172e-07 0 3.6009562844766387e-07 5.2867921763917425e-07 0 1.0356886449168037e-07 3.6057060267717034e-08 0 -4.4249981996709508e-07 1.7858446394024452e-07 0 1.3244537512526213e-06 -1.2537985208479154e-07 0 -8.1722362475670411e-07 5.9944448934168648e-07 0 -1.9941409480886519e-08 -8.5452380013286725e-07 0 -2.5353326625855295e-07 2.0245099851430052e-07 0 -1.2867179572611817e-07 1.199746485093615e-06 0 1.5750279485691995e-06 -5.3732737289938806e-07 0 -1.2554384521343462e-06 -4.3169774953081842e-07 0 8.751034162005612e-07 -6.2260868537904199e-08 0 1.8510065384090925e-06 -1.595016857206584e-07 0 2.3457706177128002e-07 4.5433488746093676e-07 0 2.0086567103567837e-07 9.6008214167039758e-08 0 6.2369616514224724e-07 -2.307260148422662e-08 0 4.3736655058491329e-07 -3.3883708445456515e-07 0 -4.5810802831235024e-07 -3.8736833807266041e-07 0 -2.2750965632151584e-07 2.7868057821399206e-07 0 6.4265669975025345e-07 -1.8035606565149425e-07 0 1.1068433967232031e-06 -2.6194638493173682e-07 0 -2.5935974588089541e-06 2.351348182648497e-07 0 5.7119620214826287e-07 -3.6284183413004901e-07 0 -1.2542951664785942e-06 -1.5233482380880668e-07 0 9.6263305237443932e-07 -1.577815556787275e-07 0 -9.7018234991366386e-08 -1.537238715317934e-07 0 -1.1864352043799843e-06 7.1230996402980993e-07 0 -7.4120500249241808e-07 -5.9926612020731031e-07 0 5.4388870728206981e-07 5.8052492356667815e-07 0 7.3890994784651891e-07 -1.4686485997261337e-07 0 -1.9110650743000876e-06 6.793574712442285e-07 0 -1.6420591485765007e-07 8.5223551796128684e-08 0 -1.3251372334801394e-06 1.4502621731816499e-07 0 1.0179243395699284e-06 7.3929387108853068e-07 0 -5.0752157297541351e-07 -3.7252846621125791e-07 0 1.5434994567470204e-06 5.9527496603801375e-07 0 -6.5672809755547919e-07 -6.0680459642385158e-07 0 1.0415347250148092e-07 4.9815617825036718e-07 0 1.4284581326390168e-06 -1.5253344753116678e-07 0 2.0078934045632393e-06 1.1354206331923777e-06 0 9.4975807817179143e-08 -8.6353575064787915e-07 0 7.9741091609074008e-07 -3.1248424574949117e-07 0 1.5767615457289526e-06 6.2307680039016225e-07 0 4.0453174331729998e-07 -3.0862976884266791e-08 0 1.0546802028134602e-06 -9.8072526822135042e-07 0 3.7899265593160175e-07 8.0069414645992191e-07 0 8.8259089423206609e-07 -1.795537029574682e-07 0 5.6307549713401432e-08 4.6287931786607905e-07 0 -3.592386481230454e-07 -4.6997026620278258e-07 0 1.2359252573417728e-06 -1.1002110784644845e-07 0 -4.1769625824874955e-08 3.0914954929710844e-07 0 -3.8133599160596601e-07 4.6410285287040942e-07 0 -8.3848212186076477e-07 -6.7189574379178924e-07 0 1.9001458665182992e-07 -5.2953406027448878e-08 0 -5.357904811118524e-07 7.1988493880784283e-07 0 -7.8805208407156725e-07 -6.9031971150606292e-07 0 -5.5157604526031754e-07 -6.5836162355867735e-07 0 8.8442635959889651e-08 -1.4515654898705809e-07 0 -1.8267715119901649e-06 -3.6878590804538863e-08 0 -1.5834263142760541e-07 -4.9679951708013535e-07 0 -3.4010391951466872e-07 -2.3194777597895873e-08 0 -1.6775451609836099e-07 1.9083389628649324e-07 0 -4.5124958052208091e-07 2.3337684421252565e-07 0 -6.8534711449818438e-07 -1.7397393144118553e-08 0 -8.4058120898403234e-07 5.800082141958463e-07 0 1.0244200305539473e-07 1.8208644527816293e-08 0 1.3708686192677375e-07 4.2834421130761092e-08 0 -6.5410281478526408e-07 4.1178821376970603e-07 0 -2.1227051396950609e-07 -2.8584333414856862e-08 0 1.6374782234060868e-07 1.6266640081258883e-07 0 3.9282751369516749e-07 -4.8376563332478111e-07 0 2.4601304336379863e-07 3.5116149617885236e-08 0 -9.6728641984791501e-08 -2.9540375541225892e-08 0 1.9288287517125299e-06 1.814467928134539e-08 0 -2.2675915640159384e-07 9.5456371843814302e-08 0 7.0770915977092534e-07 1.5518967044769738e-07 0 5.7068852560176353e-07 5.9372177929617465e-07 0 1.7798162058879045e-07 -2.0998405148020538e-07 0 -9.0334793147160339e-07 -9.8676537163555622e-08 0 -7.2381682595618511e-08 4.4670849774774979e-07 0 6.0736782853321209e-07 4.0300875525645097e-07 0 -2.4921065456698428e-09 -2.1090187374284142e-08 0 -1.8986328473449984e-06 5.3592407311953139e-07 0 6.3433552877688669e-07 -2.6336050495956442e-07 0 -1.2530645429698017e-06 6.1584592003782745e-07 0 -8.4000414960724599e-07 -1.2562333040477824e-07 0 2.0995886591336483e-07 -2.0471753714446095e-07 0 4.3459993263220406e-07 7.1202890694621601e-07 0 -5.3398265512809443e-07 -4.6519335228367709e-07 0 1.2471720491423065e-07 1.6898695776035311e-08 0 9.4134517275358145e-07 1.6307370742651983e-07 0 -1.8711356070493219e-06 -6.9433895077963825e-08 0 4.1720310367515698e-07 -2.1173684672248783e-07 0 -1.1628354773063584e-06 -2.3191819309431594e-07 0 6.7305449308017257e-07 5.201360409046174e-08 0 4.326927211251837e-07 -3.9668145745963557e-07 0 -2.1433141980968242e-07 4.8059507662401302e-07 0 -1.3894754215514286e-07 -3.6804840419790708e-07 0 -8.164808173798179e-08 5.5135296861408278e-07 0 2.6841187543982951e-07 -6.9283476022974355e-07 0 2.9422431355477569e-07 -8.4917650156057789e-07 0 -3.3878122496315435e-07 6.2305360870595905e-07 0 -1.3452724374446484e-06 -5.2072613243581145e-07 0 2.2673066815694919e-06 7.3151994683939847e-07 0 2.9514869238256059e-07 -1.1458777748885041e-07 0 1.1902986508940179e-07 -7.5608775773616799e-07 0 -4.0790985187808046e-07 -1.0235571323846671e-07 0 1.1592846046640663e-06 -3.4121427283650974e-07 0 1.2400420003848887e-07 -8.3872023698944665e-07 0 8.7867947823390917e-08 4.2835078401657678e-07 0 -1.9501537385923687e-07 -2.0739580345138612e-07 0 1.0038659169460342e-06 -4.5334761351725326e-07 0 -1.1387281487048297e-06 -1.9584303161031966e-07 0 -1.6043018541518511e-07 -2.3343807291658152e-08 0 7.8525324989216858e-08 -1.403844985431251e-07 0 -1.0691234144192265e-06 -2.5221834281692917e-07 0 -1.2490868175542801e-07 -9.6333681424103085e-08 0 -3.3293277941901923e-07 -3.2888742005939923e-07 0 -2.869595067545311e-07 -5.7992662110061667e-07 0 2.6700274529406633e-07 -1.4830465106463622e-07 0 4.5054632611302901e-07 1.7922134365809922e-07 0 3.5217816648267599e-07 2.8322297748823177e-07 0
        </DataArray>
        <DataArray type="Float64" Name="reaction_force_magnitude" format="ascii">
          322.04172927096647 182.33208568733428 154.56590752215126 137.70382302065846 127.19424894573083 120.60432666388931 116.55396334323878 114.21735845874812 113.07593978204063 112.7893932386061 113.12502703198376 113.91724229618927 115.04378453913222 116.41324846666025 117.95270019505118 119.60329475043051 121.31757303872124 123.05538434842855 124.78173209347614 126.4670005477407 128.08559650911403 129.61453823439766 131.03378126329622 132.32591529515676 133.47584021224864 134.47058853538698 135.29924789208823 135.95292758051639 136.42474285545001 136.70978842968668 136.80512905696187 136.70978787167238 136.42474182608368 135.95292747192897 135.29924688556969 134.47058737830045 133.4758401457857 132.325915400242 131.0337807801595 129.61453741361683 128.0855961197733 126.46699991974218 124.78173186044997 123.05538480826293 121.31757267064444 119.60329515234373 117.95270015180647 116.41324839129236 115.04378517235091 113.91724238656289 113.12502702821683 112.78939210210568 113.07593931626805 114.21735945315564 116.55396256316862 120.60432482847676 127.19424924589916 137.70382209476247 154.56590740331458 182.33208595614872 322.04173232161281 6.0883014976896191e-07 6.0397685505070145e-07 7.6727189113935422e-07 3.2092097479720258e-06 1.1325100865242612e-06 4.589941568225342e-06 7.7808644833363631e-07 2.7465256223331354e-06 5.9546442166242525e-07 1.200663913556272e-06 6.998831962239878e-07 2.3027652725849068e-06 2.5901902225868397e-07 1.7663359936275548e-06 2.6385826675356629e-07 1.4267273939042852e-06 4.5427109730485506e-07 3.2315848639071333e-06 1.0797305640958358e-06 3.5264319773755542e-06 3.3696421773735723e-07 6.0374058971718364e-06 1.5742078400248553e-06 5.1982963726686188e-06 2.6929534030147432e-07 7.5163160991433785e-06 1.5088765663048065e-06 2.032275434597265e-06 8.1797108632924645e-07 2.0283572564215724e-06 3.9985090371989337e-07 8.4926265904186262e-07 1.1945385228397855e-06 2.5252232751848e-06 5.1574314380768012e-07 6.3194682565513154e-06 2.046602475052186e-07 3.9989055861267742e-06 5.4204656853196327e-07 2.4283829927114086e-06 9.2898768102694519e-07 1.0559397389190198e-06 3.9202535577987619e-07 3.5401753304001876e-06 3.4615143856584362e-07 1.4980663832150439e-06 2.466032126703161e-07 2.185662583432639e-06 8.0097612749160749e-07 2.4104505421720968e-06 3.2273687504548057e-07 1.2263537262333854e-06 2.7837077552244074e-07 2.4019675807999652e-06 2.4017925331689103e-07 3.9691997251703136e-06 7.1144672423302486e-07 7.3794484566898567e-07 2.1029861682668e-07 4.9039083943612288e-07 7.7819692789665763e-07 5.1095189719120313e-07 7.7212291527221161e-07 1.0978367716436377e-06 6.2522417710820189e-07 1.0830870834421685e-06 3.1284031693683801e-06 7.708532263893073e-07 3.4991054628353564e-06 6.324954929883958e-07 8.3772673800292951e-07 2.9468475018969702e-08 1.9448402401711594e-06 1.8465538431076328e-07 2.197522440688541e-06 7.2400510965378733e-07 3.0682183143924751e-06 8.3276338779707945e-07 1.4623558595875068e-07 5.9819972177960837e-07 2.7248403272772174e-06 1.7961885673712163e-07 2.5180951670228538e-06 2.2553940776725892e-07 1.0437257404481897e-06 3.2222432349764217e-07 1.241129512378892e-06 3.8807835642378862e-07 1.1731885494705983e-06 1.3950881784438545e-06 3.1309525752324769e-06 2.2905093630195574e-07 1.5917037750951609e-06 8.8365941720546189e-07 6.0032714820178354e-06 7.3089161921388254e-07 9.1831585030941066e-06 5.2287365298588826e-07 4.4833257026954083e-06 5.9224526307695177e-07 9.9519270321737313e-07 8.9000733769090327e-08 2.2110913265043399e-06 3.1096389042696951e-07 1.9313361195100014e-06 6.3681942043100469e-07 2.0095240341967456e-06 3.8008761708269153e-07 1.3127324325334805e-06 7.8870657160912974e-07 6.4658674544157857e-07 4.5419534908350924e-07 2.673545027754943e-06 8.7775498761777593e-07 2.0503392396382167e-06 4.8712035322639348e-07 6.5502271790559374e-07 5.3276493834808489e-07 1.1971044538417181e-06 2.9274545418487563e-06 1.834126779886868e-06 3.6852294688122996e-07 2.1310302132583708e-07 4.739294250930762e-07 6.517575704293271e-07 2.4330554966769085e-06 6.3639102770732631e-07 9.1718040944400976e-07 1.0092193592903386e-06 1.1969433592918128e-06 2.1074571126801895e-06 1.3320099418903314e-06 8.5453208352211985e-07 6.4672610140553292e-07 2.3861395151291585e-07 3.9823542317250744e-07 1.0196407887843319e-06 3.0743862645373575e-07 1.0655654328227178e-06 1.0215966063154582e-06 4.3536745765489757e-08 9.6569091506116732e-07 2.8195767167398374e-06 1.5119203860158083e-06 1.3112382938987248e-06 1.5492598800876593e-06 2.7912014574986315e-06 1.0328728209948128e-06 7.2567244406947045e-07 1.6422177826926975e-06 1.9530712584182387e-06 7.8378960179588136e-07 8.3350168990885177e-07 1.7511683610463822e-06 2.4119692685525156e-06 3.4338432849457406e-06 1.5228094873229655e-06 1.2147804449759827e-06 9.7928702139242372e-07 1.2637517777247086e-06 4.2921074460866381e-07 1.8707638138611018e-06 2.5853221423653644e-06 8.1624304381227276e-08 1.0329159124472086e-06 3.9542681209440846e-07 1.3193301264093816e-06 7.6421786267597128e-07 2.6338044993820382e-07 9.7038472056777413e-07 1.9961210621769458e-06 6.8390614890171929e-07 6.0412603840463989e-07 1.3660545373319343e-06 7.4451009506631211e-07 3.5368801031283417e-07 8.8813130718575314e-07 7.5732413090041107e-07 1.5039552203508619e-06 8.1514257887565674e-07 8.4410928204146205e-07 2.6808156576416688e-07 1.6160768576002042e-07 1.0416777076744396e-06 5.4244656045511102e-07 2.0769214462875919e-06 6.7564981344247699e-07 4.5749175278246104e-07 1.3165560044467217e-06 2.5139094174684308e-06 1.2389094527135947e-06 6.7555838210751903e-07 3.0407176352564084e-07 1.239424229485096e-06 6.0833870128043382e-07 4.3231114416520113e-07 2.6326014239596008e-07 2.3745964733626842e-06 5.6843644610037139e-07 4.4500520930215632e-07 5.0108998681105771e-07 1.8027208112935938e-06 1.1884187498439568e-06 1.4254130062952205e-06 1.8256379200468406e-06 7.8274103875707713e-07 2.9123040172232645e-06 6.1746023984605504e-07 1.9401338367734018e-06 4.1942209729254892e-06 3.4820915883017655e-07 9.5129981021402972e-07 7.5488120229740276e-07 1.1413385941182348e-06 4.740171281948807e-07 9.6815744399048539e-07 1.8653503183731982e-06 6.9231886387127085e-07 7.3301765002018785e-07 7.1280236406213789e-07 1.2334626116543659e-06 1.8060669255251663e-06 8.141701566228998e-07 2.0672194084814294e-06 5.8838596961877777e-07 3.5661277190793521e-06 2.0589154840254433e-06 2.0017306156943777e-06 2.4357228154509981e-06 2.1404831101756683e-06 2.5455474429821221e-07 1.8675997032286093e-06 1.1728715395837048e-06 1.8956141661971832e-06 5.7052522015771032e-07 1.7019032288310742e-06 2.2822632599425173e-07 1.0539884993336944e-06 3.1958003786365913e-07 1.7159410759049753e-06 1.3439073528895652e-06 5.1123145857134929e-07 3.4506399933487061e-07 3.4204786427619701e-07 5.8625595939005625e-07 1.3559966864222179e-07 4.2995315993797017e-07 2.6340858913245808e-07 1.9640111629166724e-06 1.9625821667218843e-07 1.748565300848388e-06 4.8455488565858243e-07 1.1055046276545375e-06 3.6819946529017183e-07 1.1351973206852628e-06 5.7324001951522979e-07 4.0456810577740201e-07 7.6995107074120994e-07 1.2163610260681544e-06 3.6632633972343102e-07 1.8192902022485018e-06 4.5864396792187231e-07 7.0330798699199307e-07 2.5239038343432028e-07 1.5898931617851005e-06 8.3082846014081389e-07 5.4376634393403866e-06 6.5120436115163335e-07 1.8233851403619877e-06 4.1918812001749466e-07 4.8402619024722117e-06 4.9765928160845141e-07 1.6343457058054615e-06 1.7919696997884666e-07 1.8711145448665028e-06 1.1419363223609208e-06 1.2093314674409606e-06 3.7586733334081938e-07 6.7795936602773026e-07 1.6152662661501163e-06 2.5891394630199904e-06 7.1309765643474418e-07 2.1658430164916275e-06 7.3866773685989448e-07 2.8118577199314633e-06 4.1946428000517128e-07 2.063639757479328e-06 2.5964589342451899e-07 1.1540693738622451e-06 1.4305642868892488e-06 1.6115967492831916e-06 1.710213522881508e-07 1.8940972546419091e-06 1.6309678235086497e-07 1.1525057884521587e-06 3.1238805147607553e-07 2.1953919971313615e-06 4.0797321757805879e-07 2.7916787544609724e-06 7.2229758448733233e-07 2.4139675471995942e-06 4.6962916514968109e-07 1.2515185662079091e-06 2.569949389051186e-07 2.6457071369797636e-07 1.7563789276648425e-07 2.6729086096690182e-07 9.3708794344188214e-07 2.4382500006140534e-07 5.0176296307079916e-07 7.1194872747844175e-07 1.2257312732210667e-06 8.8439138187707035e-07 1.0120465142240029e-06 6.5368125713522306e-07 2.9530613004234578e-07 2.1411776962202789e-06 9.7576030651146671e-07 1.1239952054476826e-06 1.6424473506351796e-06 8.259589152107752e-07 9.5567542622865466e-07 9.0338293494566351e-07 6.6751053393499727e-07 1.2004829627217722e-06 1.8806532115101373e-06 8.5570103624462785e-07 2.8108923935558936e-06 8.8313386144993985e-07 1.2423764865473472e-06 7.6463433080409957e-07 3.1073421391002908e-07 1.9833946923319079e-06 1.5650548441618605e-06 1.9721564145451894e-06 5.620241105500348e-07 3.7521303677025628e-07 1.0891004795851452e-06 4.320216454402258e-07 3.5526863015788947e-07 1.5889847865402205e-06 5.3041218067176072e-07 1.0070780196223971e-06 1.424941236471421e-06 6.7684785925174051e-07 1.4724379996368476e-06 9.2671821104002945e-07 8.4547631493441312e-07 9.5784612659784834e-07 1.7531646585286328e-06 1.1927895630052846e-06 7.9947786627816138e-07 8.9659521166772593e-07 6.1533360308982942e-07 5.0231200515932634e-07 1.0727032682855101e-06 6.285215337116995e-07 4.2078350000939389e-07 5.1257488307604643e-07 6.3503558149639314e-07 1.303432616111466e-06 2.4237775766880787e-06 2.2986851828826398e-07 8.8900921703981453e-07 3.3494980633274959e-07 1.3027075561219089e-07 7.2391868353155052e-07 6.3966442514078218e-07 1.0966595318167726e-07 4.7717764137869674e-07 1.3303750773807906e-06 1.0135029100415062e-06 8.5475644765371667e-07 3.2444648849874707e-07 1.2066267274968957e-06 1.6641615740188988e-06 1.3275875315953583e-06 8.7731545341284565e-07 1.8578659782075085e-06 5.1131847988644909e-07 2.2263107372547422e-07 6.2412278547766162e-07 5.5326311043861915e-07 5.999309918193959e-07 3.5975478925682032e-07 6.6748478945304325e-07 1.1374173435676826e-06 2.6042342753870491e-06 6.766973458965664e-07 1.2635118769510733e-06 9.754780432363045e-07 1.8177889481335096e-07 1.383840301136054e-06 9.5315514925331439e-07 7.955024278976517e-07 7.5336392143592905e-07 2.0282249115778439e-06 1.850044222579159e-07 1.3330496207062262e-06 1.2580641434036422e-06 6.2956779235690763e-07 1.6543103874938057e-06 8.941496588155432e-07 5.0892781783188897e-07 1.4365789533883232e-06 2.3066893892259391e-06 8.6874299808258704e-07 8.5645231796189433e-07 1.6954060490849965e-06 4.0570735104690013e-07 1.4401987300141885e-06 8.8585921535268369e-07 9.0066987227679426e-07 4.6629154298881923e-07 5.9154412973166045e-07 1.2408125909689534e-06 3.1195856371023916e-07 6.0067345249857542e-07 1.07447482948911e-06 1.9725518079476047e-07 8.9738830211477677e-07 1.047648505608324e-06 8.5888076068790217e-07 1.6997800907577945e-07 1.8271437238155521e-06 5.2142319578100299e-07 3.4089393332392425e-07 2.5408493391635662e-07 5.0802651046569551e-07 6.85567893530027e-07 1.0212670059449253e-06 1.0404767525294296e-07 1.4362310171604609e-07 7.7292950862911852e-07 2.1418644965928632e-07 2.3081097737025712e-07 6.2317143989599968e-07 2.485066628263797e-07 1.0113883510965818e-07 1.9289140942040781e-06 2.460317742437896e-07 7.2452473293693294e-07 8.235234935714525e-07 2.752648890495366e-07 9.0872137879584147e-07 4.5253462843789559e-07 7.2891133613801296e-07 2.1236915937051327e-08 1.9728206459702324e-06 6.8683354507566764e-07 1.396222384176445e-06 8.493457437930566e-07 2.9324391790814703e-07 8.3418359236497779e-07 7.081965341531789e-07 1.2585685170283417e-07 9.5536577723943021e-07 1.8724234365531563e-06 4.6785780102095774e-07 1.1857370684812205e-06 6.7506130511671853e-07 5.8700866229299942e-07 5.2622199231206143e-07 3.934031612780726e-07 5.5736568359655395e-07 7.4301072661148893e-07 8.9870388754552584e-07 7.0920273385616172e-07 1.4425372216860899e-06 2.3823939684513932e-06 3.166119223354826e-07 7.6539976886703289e-07 4.2055575051561568e-07 1.2084568567385716e-06 8.4783764811596987e-07 4.3727013438183743e-07 2.8468230596702689e-07 1.1014857411186452e-06 1.1554463595005392e-06 1.6211964017731085e-07 1.6085407702593931e-07 1.0984711956682084e-06 1.5774142434566571e-07 4.6798629326616078e-07 6.4703990941670817e-07 3.0542549913517627e-07 4.8488378194837826e-07 4.5193441551224982e-07
        </DataArray>
        <DataArray type="Float64" Name="contact_force" NumberOfComponents="3" format="ascii">
          -0 -0 0 -0 -0 0 -0 -0 0 -0 -0 0 -0 -0 0 -0 -0 0 -0 -0 0 -0 -0 0 -0 -0 0 -0 -0 0 -0 -0 0 -0 -0 0 -0 -0 0 -0 -0 0 -0 -0 0 -0 -0 0 -0 -0 0 -0 -0 0 -0 -0 0 -0 -0 0 -0 -0 0 -0 -0 0 -0 -0 0 -0 -0 0 -0 -0 0 -0 -0 0 -0 -0 0 -0 -0 0 -0 -0 0 -0 -0 0 -0 -0 0 -0 -0 0 -0 -0 0 -0 -0 0 -0 -0 0 -0 -0 0 -0 -0 0 -0 -0 0 -0 -0 0 -0 -0 0 -0 -0 0 -0 -0 0 -0 -0 0 -0 -0 0 -0 -0 0 -0 -0 0 -0 -0 0 -0 -0 0 -0 -0 0 -0 -0 0 -0 -0 0 -0 -0 0 -0 -0 0 -0 -0 0 -0 -0 0 -0 -0 0 -0 -0 0 -0 -0 0 -0 -0 0 -0 -0 0 -0 -0 0 -0 -0 0 -0 -0 0 -0 -0 0 -0 -0 0 -0 -0 0 -0 -0 0 -0 -0 0 -0 -0 0 -0 -0 0 -0 -0 0 -0 -0 0 -0 -0 0 -0 -0 0 -0 -0 0 -0 -0 0 -0 -0 0 -0 -0 0 -0 -0 0 -0 -0 0 -0 -0 0 -0 -0 0 -0 -0 0 -0 -0 0 -0 -0 0 -0 -0 0 -0 -0 0 -0 -0 0 -0 -0 0 -0 -0 0 -0 -0 0 -0 -0 0 -0 -0 0 -0 -0 0 -0 -0 0 -0 -0 0 -0 -0 0 -0 -0 0 -0 -0 0 -0 -0 0 -0 -0 0 -0 -0 0 -0 -0 0 -0 -0 0 -0 -0 0 -0 -0 0 -0 -0 0 -0 -0 0 -0 -0 0 -0 -0 0 -0 -0 0 -0 -0 0 -0 -0 0 -0 -0 0 -0 -0 0 -0 -0 0 -0 -0 0 -0 -0 0 -0 -0 0 -0 -0 0 -0 -0 0 -0 -0 0 -0 -0 0 -0 -0 0 -0 -0 0 -0 -0 0 -0 -0 0 -0 -0 0 -0 -0 0 -0 -0 0 -0 -0 0 -0 -0 0 -0 -0 0 -0 -0 0 -0 -0 0 -0 -0 0 -0 -0 0 -0 -0 0 -0 -0 0 -0 -0 0 -0 -0 0 -0 -0 0 -0 -0 0 -0 -0 0 -0 -0 0 -0 -0 0 -0 -0 0 -0 -0 0 -0 -0 0 -0 -0 0 -0 -0 0 -0 -0 0 -0 -0 0 -0 -0 0 -0 -0 0 -0 -0 0 -0 -0 0 -0 -0 0 -0 -0 0 -0 -0 0 -0 -0 0 -0 -0 0 -0 -0 0 -0 -0 0 -0 -0 0 -0 -0 0 -0 -0 0 -0 -0 0 -0 -0 0 -0 -0 0 -0 -0 0 -0 -0 0 -0 -0 0 -0 -0 0 -0 -0 0 -0 -0 0 -0 -0 0 -0 -0 0 -0 -0 0 -0 -0 0 -0 -0 0 -0 -0 0 -0 -0 0 -0 -0 0 -0 -0 0 -0 -0 0 -0 -0 0 -0 -0 0 -0 -0 0 -0 -0 0 -0 -0 0 -0 -0 0 -0 -0 0 -0 -0 0 -0 -0 0 -0 -0 0 -0 -0 0 -0 -0 0 -0 -0 0 -0 -0 0 -0 -0 0 -0 -0 0 -0 -0 0 -0 -0 0 -0 -0 0 -0 -0 0 -0 -0 0 -0 -0 0 -0 -0 0 -0 -0 0 -0 -0 0 -0 -0 0 -0 -0 0 -0 -0 0 -0 -0 0 -0 -0 0 -0 -0 0 -0 -0 0 -0 -0 0 -0 -0 0 -0 -0 0 -0 -0 0 -0 -0 0 -0 -0 0 -0 -0 0 -0 -0 0 -0 -0 0 -0 -0 0 -0 -0 0 -0 -0 0 -0 -0 0 -0 -0 0 -0 -0 0 -0 -0 0 -0 -0 0 -0 -0 0 -0 -0 0 -0 -0 0 -0 -0 0 -0 -0 0 -0 -0 0 -0 -0 0 -0 -0 0 -0 -0 0 -0 -0 0 -0 -0 0 -0 -0 0 -0 -0 0 -0 -0 0 -0 -0 0 -0 -0 0 -0 -0 0 -0 -0 0 -0 -0 0 -0 -0 0 -0 -0 0 -0 -0 0 -0 -0 0 -0 -0 0 -0 -0 0 -0 -0 0 -0 -0 0 -0 -0 0 -0 -0 0 -0 -0 0 -0 -0 0 -0 -0 0 -0 -0 0 -0 -0 0 -0 -0 0 -0 -0 0 -0 -0 0 -0 -0 0 -0 -0 0 -0 -0 0 -0 -0 0 -0 -0 0 -0 -0 0 -0 -0 0 -0 -0 0 -0 -0 0 -0 -0 0 -0 -0 0 -0 -0 0 -0 -0 0 -0 -0 0 -0 -0 0 -0 -0 0 -0 -0 0 -0 -0 0 -0 -0 0 -0 -0 0 -0 -0 0 -0 -0 0 -0 -0 0 -0 -0 0 -0 -0 0 -0 -0 0 -0 -0 0 -0 -0 0 -0 -0 0 -0 -0 0 -0 -0 0 -0 -0 0 -0 -0 0 -0 -0 0 -0 -0 0 -0 -0 0 -0 -0 0 -0 -0 0 -0 -0 0 -0 -0 0 -0 -0 0 -0 -0 0 -0 -0 0 -0 -0 0 -0 -0 0 -0 -0 0 -0 -0 0 -0 -0 0 -0 -0 0 -0 -0 0 -0 -0 0 -0 -0 0 -0 -0 0 -0 -0 0 -0 -0 0 -0 -0 0 -0 -0 0 -0 -0 0 -0 -0 0 -0 -0 0 -0 -0 0 -0 -0 0 -0 -0 0 -0 -0 0 -0 -0 0 -0 -0 0 -0 -0 0 -0 -0 0 -0 -0 0 -0 -0 0 -0 -0 0 -0 -0 0 -0 -0 0 -0 -0 0 -0 -0 0 -0 -0 0 -0 -0 0 -0 -0 0 -0 -0 0 -0 -0 0 -0 -0 0 -0 -0 0 -0 -0 0 -0 -0 0 -0 -0 0 -0 -0 0 -0 -0 0 -0 -0 0 -0 -0 0 -0 -0 0 -0 -0 0 -0 -0 0 -0 -0 0 -0 -0 0 -0 -0 0 -0 -0 0 -0 -0 0 -0 -0 0 -0 -0 0 -0 -0 0 -0 -0 0 -0 -0 0 -0 -0 0 -0 -0 0 -0 -0 0 -0 -0 0 -0 -0 0 -0 -0 0 -0 -0 0 -0 -0 0 -0 -0 0 -0 -0 0 -0 -0 0 -0 -0 0 -0 -0 0 -0 -0 0 -0 -0 0 -0 -0 0 -0 -0 0 -0 -0 0 -0 -0 0 -0 -0 0 -0 -0 0 -0 -0 0 -0 -0 0 -0 -0 0 -0 -0 0 -0 -0 0 -0 -0 0 -0 -0 0 -0 -0 0 -0 -0 0 -0 -0 0 -0 -0 0 -0 -0 0 -0 -0 0 -0 -0 0 -0 -0 0 -0 -0 0 -0 -0 0 -0 -0 0 -0 -0 0 -0 -0 0 -0 -0 0 -0 -0 0 -0 -0 0 -0 -0 0 -0 -0 0 -0 -0 0 -0 -0 0 -0 -0 0 -0 -0 0 -0 -0 0 -0 -0 0 -0 -0 0 -0 -0 0 -0 -0 0 -0 -0 0 -0 -0 0 -0 -0 0 -0 -0 0 -0 -0 0 -0 -0 0 -0 -0 0 -0 -0 0 -0 -0 0 -0 -0 0 -0 -0 0 -0 -0 0 -0 -0 0 -0 -0 0 -0 -0 0 -0 -0 0 -0 -0 0 -0 -0 0 -0 -0 0 -0 -0 0 -0 -0 0 -0 -0 0 -0 -0 0 -0 -0 0 -0 -0 0 -0 -0 0 -0 -0 0 -0 -0 0 -0 -0 0 -0 -0 0 -0 -0 0 -0 -0 0 -0 -0 0 -0 -0 0 -0 -0 0 -0 -0 0 -0 -0 0 -0 -0 0 -0 -0 0 -0 -0 0 -0 -0 0 -0 -0 0 -0 -0 0 -0 -0 0 -0 -0 0 -0 -0 0 -0 -0 0 -0 -0 0 -0 -0 0 -0 -0 0 -0 -0 0 -0 -0 0 -0 -0 0 -0 -0 0 -0 -0 0 -0 -0 0 -0 -0 0 -0 -0 0 -0 -0 0 -0 -0 0 -0 -0 0 -0 -0 0 -0 -0 0 -0 -0 0 -0 -0 0 -0 -0 0 -0 -0 0 -0 -0 0 -0 -0 0 -0 -0 0 -0 -0 0 -0 -0 0 -0 -0 0 -0 -3.5785563179779381 0 -0 -72.057562090593876 0 -0 -146.0543426468144 0 -0 -182.93501962151873 0 -0 -211.93735453846912 0 -0 -235.59794510764817 0 -0 -255.5402356368738 0 -0 -272.57168360691998 0 -0 -287.16527397257778 0 -0 -299.61834773400079 0 -0 -310.1306231427323 0 -0 -318.84241415843042 0 -0 -325.85490832225202 0 -0 -331.24150432443423 0 -0 -335.05443687651427 0 -0 -337.32875334997806 0 -0 -338.08465761920206 0 -0 -337.3287534328644 0 -0 -335.05443664078717 0 -0 -331.24150384460671 0 -0 -325.85490838017841 0 -0 -318.84241336615685 0 -0 -310.13062264933302 0 -0 -299.61834731063084 0 -0 -287.16527402066004 0 -0 -272.57168428080945 0 -0 -255.54023518040879 0 -0 -235.59794559168276 0 -0 -211.937354842079 0 -0 -182.93501992260653 0 -0 -146.05434352424265 0 -0 -72.05756439389279 0 -0 -3.5785567407804564 0 -0 -0 0 -0 -0 0 -0 -0 0 -0 -0 0 -0 -0 0 -0 -0 0 -0 -0 0 -0 -0 0 -0 -0 0 -0 -0 0 -0 -0 0 -0 -0 0 -0 -0 0 -0 -0 0
        </DataArray>
        <DataArray type="Float64" Name="contact_force_magnitude" format="ascii">
          0 0 0 0 0 0 0 0 0 0 0 0 0 0 0 0 0 0 0 0 0 0 0 0 0 0 0 0 0 0 0 0 0 0 0 0 0 0 0 0 0 0 0 0 0 0 0 0 0 0 0 0 0 0 0 0 0 0 0 0 0 0 0 0 0 0 0 0 0 0 0 0 0 0 0 0 0 0 0 0 0 0 0 0 0 0 0 0 0 0 0 0 0 0 0 0 0 0 0 0 0 0 0 0 0 0 0 0 0 0 0 0 0 0 0 0 0 0 0 0 0 0 0 0 0 0 0 0 0 0 0 0 0 0 0 0 0 0 0 0 0 0 0 0 0 0 0 0 0 0 0 0 0 0 0 0 0 0 0 0 0 0 0 0 0 0 0 0 0 0 0 0 0 0 0 0 0 0 0 0 0 0 0 0 0 0 0 0 0 0 0 0 0 0 0 0 0 0 0 0 0 0 0 0 0 0 0 0 0 0 0 0 0 0 0 0 0 0 0 0 0 0 0 0 0 0 0 0 0 0 0 0 0 0 0 0 0 0 0 0 0 0 0 0 0 0 0 0 0 0 0 0 0 0 0 0 0 0 0 0 0 0 0 0 0 0 0 0 0 0 0 0 0 0 0 0 0 0 0 0 0 0 0 0 0 0 0 0 0 0 0 0 0 0 0 0 0 0 0 0 0 0 0 0 0 0 0 0 0 0 0 0 0 0 0 0 0 0 0 0 0 0 0 0 0 0 0 0 0 0 0 0 0 0 0 0 0 0 0 0 0 0 0 0 0 0 0 0 0 0 0 0 0 0 0 0 0 0 0 0 0 0 0 0 0 0 0 0 0 0 0 0 0 0 0 0 0 0 0 0 0 0 0 0 0 0 0 0 0 0 0 0 0 0 0 0 0 0 0 0 0 0 0 0 0 0 0 0 0 0 0 0 0 0 0 0 0 0 0 0 0 0 0 0 0 0 0 0 0 0 0 0 0 0 0 0 0 0 0 0 0 0 0 0 0 0 0 0 0 0 0 0 0 0 0 0 0 0 0 0 0 0 0 0 0 0 0 0 0 0 0 0 0 0 0 0 0 0 0 0 0 0 0 0 0 0 0 0 0 0 0 0 0 0 0 0 0 0 0 0 0 0 3.5785563179779381 72.057562090593876 146.0543426468144 182.93501962151873 211.93735453846912 235.59794510764817 255.5402356368738 272.57168360691998 287.16527397257778 299.61834773400079 310.1306231427323 318.84241415843042 325.85490832225202 331.24150432443423 335.05443687651427 337.32875334997806 338.08465761920206 337.3287534328644 335.05443664078717 331.24150384460671 325.85490838017841 318.84241336615685 310.13062264933302 299.61834731063084 287.16527402066004 272.57168428080945 255.54023518040879 235.59794559168276 211.937354842079 182.93501992260653 146.05434352424265 72.05756439389279 3.5785567407804564 0 0 0 0 0 0 0 0 0 0 0 0 0 0
        </DataArray>
        <DataArray type="Float64" Name="rigid_plane_signed_distance" format="ascii">
          0.24349364905389026 0.24134507321515108 0.23926310178526838 0.23724836895290824 0.23530148842520854 0.23342305324083784 0.23161363558935022 0.2298737866368904 0.22820403635830366 0.22660489337570011 0.22507684480352347 0.22362035610017139 0.22223587092621222 0.22092381100924174 0.21968457601542091 0.21851854342773358 0.21742606843100143 0.21640748380369174 0.21546309981654904 0.21459320413808441 0.21379806174694838 0.21307791485121591 0.21243298281460771 0.21186346208966977 0.21136952615793186 0.2109513254770638 0.21060898743504403 0.21034261631135653 0.210152293245226 0.2100380762109022 0.20999999999999996 0.21003807621090209 0.21015229324522589 0.21034261631135642 0.2106089874350438 0.21095132547706347 0.21136952615793153 0.21186346208966933 0.21243298281460721 0.21307791485121536 0.21379806174694771 0.21459320413808375 0.21546309981654832 0.2164074838036909 0.2174260684310006 0.21851854342773258 0.21968457601541996 0.22092381100924086 0.22223587092621133 0.2236203561001705 0.22507684480352269 0.22660489337569933 0.22820403635830294 0.22987378663688973 0.23161363558934961 0.2334230532408374 0.23530148842520815 0.23724836895290796 0.23926310178526822 0.24134507321515103 0.24349364905389037 0.22463501272590108 0.2211777070015965 0.21807279896931064 0.21523117843260214 0.21259972512654043 0.21014474636974192 0.20784370129906071 0.20568081311690817 0.20364461389535266 0.20172650196216169 0.19991985591117742 0.19821946736690116 0.19662116149545245 0.1951215344593018 0.19371778316185198 0.19240756712899598 0.19118890721695153 0.19006011919670746 0.18901976135000723 0.1880665872373864 0.18719951448853628 0.18641760492029869 0.18572004434184586 0.18510612751775757 0.18457524792716851 0.18412689056882153 0.18376062666693288 0.1834761097401619 0.18327307272222557 0.1831513260379482 0.18311075637389387 0.18315132602652784 0.1832730726999505 0.18347610970760936 0.18376062663596332 0.18412689054052855 0.18457524789792859 0.18510612748799424 0.18572004431583672 0.18641760489927778 0.18719951446708416 0.18806658721835665 0.18901976133656456 0.19006011919020743 0.19118890721574083 0.19240756713351781 0.19371778317362129 0.19512153447795788 0.1966211615135397 0.1982194673865427 0.19991985592965167 0.20172650198040812 0.20364461391004185 0.20568081312638875 0.20784370131208135 0.21014474638563319 0.21259972514115766 0.21523117844813802 0.21807279898815582 0.22117770702198725 0.22463501274724162 0.20102216748141111 0.19785846599178769 0.19474546421537031 0.19174780020476864 0.18889022221959112 0.18618016377319471 0.18361748049008678 0.18119879976084347 0.17891950745641874 0.17677465906685663 0.17475938837265409 0.1728690818051718 0.17109945014201386 0.16944654573972315 0.16790669738793224 0.16647652422686587 0.16515292506124712 0.16393303226733424 0.16281418463489866 0.16179393611419629 0.1608700488661067 0.16004046779143405 0.1593033215937994 0.15865692682485733 0.15809978951901066 0.15763060600942597 0.15724826461746116 0.15695184855646793 0.15674063956172715 0.15661412152316451 0.15657198347063378 0.15661412152143894 0.15674063955262191 0.15695184854090902 0.15724826459936136 0.15763060598845977 0.15809978949636849 0.15865692680014981 0.15930332156858634 0.16004046776658287 0.16087004884474426 0.16179393609200832 0.1628141846183937 0.16393303225629696 0.16515292505512635 0.16647652422379347 0.16790669739138619 0.16944654574633877 0.17109945015333766 0.1728690818216741 0.1747593883955203 0.17677465909443119 0.1789195074862493 0.18119879979453615 0.18361748051825949 0.18618016379812308 0.18889022224066299 0.19174780021944138 0.19474546422257591 0.19785846599736778 0.20102216748182483 0.17606117770367699 0.17274615161834031 0.16958080371370815 0.16654334843505683 0.16363247392037641 0.16085153667445296 0.1582037487005854 0.15569099010324278 0.1533137593233731 0.15107142344031571 0.14896249354681435 0.1469848380556443 0.14513581947435361 0.14341242671098531 0.14181156176094939 0.14032992841195813 0.13896408234285468 0.13771057719758456 0.13656604998477834 0.13552719195557877 0.1345907518909048 0.13375364901321246 0.13301300688888684 0.13236616825027492 0.1318107150117323 0.13134449402493131 0.13096564308341216 0.13067261312116449 0.13046418498902246 0.13033948095604841 0.13029797187117831 0.13033948095310999 0.13046418498468071 0.13067261311521194 0.1309656430752098 0.13134449401429785 0.13181071500180253 0.1323661682401634 0.13301300687693199 0.13375364899818246 0.13459075186968156 0.13552719193644791 0.13656604996755806 0.13771057717935664 0.13896408232329011 0.14032992839692413 0.14181156175008458 0.14341242670599819 0.14513581947683379 0.14698483806026347 0.14896249355561783 0.15107142345364694 0.15331375934083685 0.15569099011930418 0.15820374871556386 0.16085153668453919 0.16363247392091476 0.16654334842902038 0.16958080370839296 0.17274615161180379 0.17606117769572524 0.14990734309821535 0.14653631708520892 0.14329416670542744 0.14018870704107861 0.13722040434680416 0.13438964792167452 0.13169753962589911 0.12914538439133194 0.12673415089487725 0.12446413932011541 0.12233485770881651 0.12034506636840052 0.11849289694159221 0.11677578690483133 0.11518997378009131 0.11373154245222429 0.11239637169073256 0.11117996632684954 0.11007745798234063 0.10908389941759086 0.10819464173724733 0.1074051809995685 0.1067111869250361 0.10610861273499766 0.1055938005314106 0.10516355199360543 0.10481516447544183 0.10454644222650057 0.10435569317678417 0.10424171945209328 0.10420380722991238 0.10424171944895734 0.10435569317408611 0.10454644222265859 0.10481516446981097 0.10516355198713537 0.10559380052215281 0.10610861272532324 0.10671118691455118 0.10740518098471813 0.10819464172157583 0.10908389940209985 0.11007745796470284 0.1111799663112293 0.11239637167611434 0.11373154243606096 0.11518997376293316 0.116775786892543 0.11849289693211441 0.1203450663651985 0.12233485770788391 0.12446413932120991 0.12673415089512088 0.12914538439132162 0.13169753962424963 0.13438964791708541 0.13722040433955074 0.14018870703661512 0.14329416669870115 0.14653631707784465 0.14990734309071579 0.12276998339414652 0.11934618181197675 0.11604748782981802 0.11287811424226796 0.10984516620244249 0.10695510497491659 0.10421348019064941 0.10162495523180648 0.099193164036621317 0.096920417517536855 0.094807347124836308 0.092852624295378355 0.091053047390925429 0.089404516657603739 0.087903654597668607 0.086543712814153018 0.085316870268976233 0.08421506129298896 0.083230463335175864 0.082355832023707831 0.081583258230374753 0.080905024235798928 0.080314189727771504 0.079804819887339729 0.079371998546760567 0.079011746450664208 0.078720911389489723 0.07849706198705475 0.078338398087547001 0.078243681743875484 0.078212189032841106 0.078243681743510332 0.078338398083437483 0.078497061982124874 0.078720911384586478 0.079011746443629016 0.079371998538042263 0.079804819877616978 0.080314189719493834 0.080905024228279721 0.081583258222449842 0.082355832017076289 0.083230463330348115 0.084215061284375767 0.085316870259607491 0.086543712801780567 0.087903654581603818 0.089404516643376397 0.09105304737973674 0.092852624286510893 0.094807347119470753 0.09692041750858793 0.099193164027784372 0.10162495522530009 0.10421348018350467 0.10695510496796752 0.10984516619645435 0.11287811423734083 0.11604748782574503 0.11934618180549342 0.12276998338618603 0.094941592327895841 0.091444411662402428 0.088052433677974079 0.084781906857260322 0.081646158687882858 0.078657478837518849 0.075827361607294794 0.073166524339903533 0.070684805553909019 0.068390861945637316 0.066291534999355431 0.064390679697651942 0.062687158402595602 0.061171993693075688 0.05982800650813451 0.058647956795536957 0.057619192239261555 0.056726840232449754 0.05595619801600793 0.055288430717719508 0.054708166591032559 0.054203901430212531 0.053767226253940231 0.053391993167522592 0.053073673174712302 0.052808904961777925 0.052595188509540466 0.05243068000287554 0.052314055858128802 0.052244424205308573 0.052221269840021289 0.052244424205804399 0.052314055858333125 0.052430680000867549 0.052595188507521415 0.052808904960454317 0.05307367317537029 0.053391993168249871 0.053767226252994529 0.054203901428150125 0.054708166591019222 0.055288430713737249 0.05595619801311319 0.056726840228295716 0.057619192230664473 0.058647956785337296 0.059828006497481143 0.061171993682593268 0.062687158392134984 0.064390679686819108 0.066291534987152248 0.068390861936194397 0.070684805544943149 0.073166524332098554 0.075827361600817253 0.078657478828527111 0.08164615867661297 0.084781906843513472 0.088052433660870094 0.091444411639905548 0.094941592300463437 0.066853030406740926 0.063197168872993884 0.059642049833690869 0.056204475514829821 0.052900468701167519 0.049745579815632268 0.046755290438490082 0.043945301044733029 0.041331802056331801 0.038931754243335656 0.036763139271171974 0.034845034979059997 0.03319700366348409 0.031835720811415349 0.030759375154610705 0.029895373444926043 0.029211010903283333 0.028672825416141107 0.028224771565455678 0.027841445431408776 0.027509256691651399 0.027220311197101651 0.026969614726757477 0.026753785385325135 0.026570412368649432 0.026417718414803018 0.026294372271330732 0.026199379479941304 0.026132016438486047 0.026091789869328905 0.02607841247832704 0.026091789869829213 0.026132016439326722 0.02619937948392552 0.026294372273361358 0.026417718418995345 0.026570412371667587 0.026753785389282858 0.026969614729551075 0.027220311200133906 0.027509256688788439 0.02784144542828125 0.028224771562135986 0.028672825412155684 0.029211010896301473 0.029895373437141284 0.030759375143803988 0.031835720798469649 0.03319700364738766 0.034845034962664556 0.036763139257545971 0.038931754226795137 0.041331802034793072 0.043945301023891964 0.046755290417883705 0.049745579787388888 0.052900468668515971 0.056204475479065083 0.059642049793187726 0.063197168825093436 0.066853030353284978 0.038852759983028687 0.034970266788052512 0.031203280392945121 0.027558007106844001 0.024045506270587422 0.020679380070840234 0.017474787088062063 0.014448204666598963 0.011617604984494101 0.009002976893715639 0.0066272861246681192 0.0045181836828955962 0.0027113735691528668 0.0012587766024748231 0.00025433527737420136 -0.00011735823846542592 -0.00016889529847591289 -0.00021126900297639695 -0.00024381319978711291 -0.00027067060540933441 -0.0002933770885521908 -0.00031280858040501347 -0.00032947722665990775 -0.00034371055963719477 -0.00035573069643791977 -0.00036569481531485704 -0.00037371682612430401 -0.00037987963430421989 -0.00038424236687251145 -0.00038684475429975884 -0.0003877097187205969 -0.0003868447544967818 -0.000384242366654311 -0.00037987963335922581 -0.00037371682682342533 -0.00036569481386161673 -0.00035573069610440877 -0.00034371055903208159 -0.00032947722650293609 -0.00031280858196865158 -0.00029337708708800092 -0.00027067060656399411 -0.00024381319996072404 -0.00021126900321476183 -0.00016889529941897796 -0.00011735824048760002 0.00025433526322284072 0.0012587765802462569 0.0027113735460967681 0.0045181836566790951 0.0066272860934082911 0.0090029768639693919 0.011617604951829438 0.014448204630295031 0.017474787046677501 0.020679380026813757 0.024045506221513163 0.027558007052136471 0.031203280337876851 0.034970266731824379 0.038852759925364994
        </DataArray>
        <DataArray type="Float64" Name="rigid_plane_penetration" format="ascii">
          0 0 0 0 0 0 0 0 0 0 0 0 0 0 0 0 0 0 0 0 0 0 0 0 0 0 0 0 0 0 0 0 0 0 0 0 0 0 0 0 0 0 0 0 0 0 0 0 0 0 0 0 0 0 0 0 0 0 0 0 0 0 0 0 0 0 0 0 0 0 0 0 0 0 0 0 0 0 0 0 0 0 0 0 0 0 0 0 0 0 0 0 0 0 0 0 0 0 0 0 0 0 0 0 0 0 0 0 0 0 0 0 0 0 0 0 0 0 0 0 0 0 0 0 0 0 0 0 0 0 0 0 0 0 0 0 0 0 0 0 0 0 0 0 0 0 0 0 0 0 0 0 0 0 0 0 0 0 0 0 0 0 0 0 0 0 0 0 0 0 0 0 0 0 0 0 0 0 0 0 0 0 0 0 0 0 0 0 0 0 0 0 0 0 0 0 0 0 0 0 0 0 0 0 0 0 0 0 0 0 0 0 0 0 0 0 0 0 0 0 0 0 0 0 0 0 0 0 0 0 0 0 0 0 0 0 0 0 0 0 0 0 0 0 0 0 0 0 0 0 0 0 0 0 0 0 0 0 0 0 0 0 0 0 0 0 0 0 0 0 0 0 0 0 0 0 0 0 0 0 0 0 0 0 0 0 0 0 0 0 0 0 0 0 0 0 0 0 0 0 0 0 0 0 0 0 0 0 0 0 0 0 0 0 0 0 0 0 0 0 0 0 0 0 0 0 0 0 0 0 0 0 0 0 0 0 0 0 0 0 0 0 0 0 0 0 0 0 0 0 0 0 0 0 0 0 0 0 0 0 0 0 0 0 0 0 0 0 0 0 0 0 0 0 0 0 0 0 0 0 0 0 0 0 0 0 0 0 0 0 0 0 0 0 0 0 0 0 0 0 0 0 0 0 0 0 0 0 0 0 0 0 0 0 0 0 0 0 0 0 0 0 0 0 0 0 0 0 0 0 0 0 0 0 0 0 0 0 0 0 0 0 0 0 0 0 0 0 0 0 0 0 0 0 0 0 0 0 0 0 0 0 0 0 0 0 0 0 0 0 0 0 0 0 0 0 0 0 0 0 0 0 0 0 0 0 0 0 0 0 0 0 0 0 0 0 0 0 0 0 0 0 0 0.00011735823846542592 0.00016889529847591289 0.00021126900297639695 0.00024381319978711291 0.00027067060540933441 0.0002933770885521908 0.00031280858040501347 0.00032947722665990775 0.00034371055963719477 0.00035573069643791977 0.00036569481531485704 0.00037371682612430401 0.00037987963430421989 0.00038424236687251145 0.00038684475429975884 0.0003877097187205969 0.0003868447544967818 0.000384242366654311 0.00037987963335922581 0.00037371682682342533 0.00036569481386161673 0.00035573069610440877 0.00034371055903208159 0.00032947722650293609 0.00031280858196865158 0.00029337708708800092 0.00027067060656399411 0.00024381319996072404 0.00021126900321476183 0.00016889529941897796 0.00011735824048760002 0 0 0 0 0 0 0 0 0 0 0 0 0 0 0
        </DataArray>
      </PointData>
      <CellData>
        <DataArray type="Int32" Name="element_id" format="ascii">
          1 2 3 4 5 6 7 8 9 10 11 12 13 14 15 16 17 18 19 20 21 22 23 24 25 26 27 28 29 30 31 32 33 34 35 36 37 38 39 40 41 42 43 44 45 46 47 48 49 50 51 52 53 54 55 56 57 58 59 60 61 62 63 64 65 66 67 68 69 70 71 72 73 74 75 76 77 78 79 80 81 82 83 84 85 86 87 88 89 90 91 92 93 94 95 96 97 98 99 100 101 102 103 104 105 106 107 108 109 110 111 112 113 114 115 116 117 118 119 120 121 122 123 124 125 126 127 128 129 130 131 132 133 134 135 136 137 138 139 140 141 142 143 144 145 146 147 148 149 150 151 152 153 154 155 156 157 158 159 160 161 162 163 164 165 166 167 168 169 170 171 172 173 174 175 176 177 178 179 180 181 182 183 184 185 186 187 188 189 190 191 192 193 194 195 196 197 198 199 200 201 202 203 204 205 206 207 208 209 210 211 212 213 214 215 216 217 218 219 220 221 222 223 224 225 226 227 228 229 230 231 232 233 234 235 236 237 238 239 240 241 242 243 244 245 246 247 248 249 250 251 252 253 254 255 256 257 258 259 260 261 262 263 264 265 266 267 268 269 270 271 272 273 274 275 276 277 278 279 280 281 282 283 284 285 286 287 288 289 290 291 292 293 294 295 296 297 298 299 300 301 302 303 304 305 306 307 308 309 310 311 312 313 314 315 316 317 318 319 320 321 322 323 324 325 326 327 328 329 330 331 332 333 334 335 336 337 338 339 340 341 342 343 344 345 346 347 348 349 350 351 352 353 354 355 356 357 358 359 360 361 362 363 364 365 366 367 368 369 370 371 372 373 374 375 376 377 378 379 380 381 382 383 384 385 386 387 388 389 390 391 392 393 394 395 396 397 398 399 400 401 402 403 404 405 406 407 408 409 410 411 412 413 414 415 416 417 418 419 420 421 422 423 424 425 426 427 428 429 430 431 432 433 434 435 436 437 438 439 440 441 442 443 444 445 446 447 448 449 450 451 452 453 454 455 456 457 458 459 460 461 462 463 464 465 466 467 468 469 470 471 472 473 474 475 476 477 478 479 480
        </DataArray>
        <DataArray type="Int32" Name="material_id" format="ascii">
          1 1 1 1 1 1 1 1 1 1 1 1 1 1 1 1 1 1 1 1 1 1 1 1 1 1 1 1 1 1 1 1 1 1 1 1 1 1 1 1 1 1 1 1 1 1 1 1 1 1 1 1 1 1 1 1 1 1 1 1 1 1 1 1 1 1 1 1 1 1 1 1 1 1 1 1 1 1 1 1 1 1 1 1 1 1 1 1 1 1 1 1 1 1 1 1 1 1 1 1 1 1 1 1 1 1 1 1 1 1 1 1 1 1 1 1 1 1 1 1 1 1 1 1 1 1 1 1 1 1 1 1 1 1 1 1 1 1 1 1 1 1 1 1 1 1 1 1 1 1 1 1 1 1 1 1 1 1 1 1 1 1 1 1 1 1 1 1 1 1 1 1 1 1 1 1 1 1 1 1 1 1 1 1 1 1 1 1 1 1 1 1 1 1 1 1 1 1 1 1 1 1 1 1 1 1 1 1 1 1 1 1 1 1 1 1 1 1 1 1 1 1 1 1 1 1 1 1 1 1 1 1 1 1 1 1 1 1 1 1 1 1 1 1 1 1 1 1 1 1 1 1 1 1 1 1 1 1 1 1 1 1 1 1 1 1 1 1 1 1 1 1 1 1 1 1 1 1 1 1 1 1 1 1 1 1 1 1 1 1 1 1 1 1 1 1 1 1 1 1 1 1 1 1 1 1 1 1 1 1 1 1 1 1 1 1 1 1 1 1 1 1 1 1 1 1 1 1 1 1 1 1 1 1 1 1 1 1 1 1 1 1 1 1 1 1 1 1 1 1 1 1 1 1 1 1 1 1 1 1 1 1 1 1 1 1 1 1 1 1 1 1 1 1 1 1 1 1 1 1 1 1 1 1 1 1 1 1 1 1 1 1 1 1 1 1 1 1 1 1 1 1 1 1 1 1 1 1 1 1 1 1 1 1 1 1 1 1 1 1 1 1 1 1 1 1 1 1 1 1 1 1 1 1 1 1 1 1 1 1 1 1 1 1 1 1 1 1 1 1 1 1 1 1 1 1 1 1 1 1 1 1 1 1 1 1 1 1 1 1 1 1 1 1 1 1 1 1 1 1
        </DataArray>
        <DataArray type="Int32" Name="candidate_contact_facet" format="ascii">
          0 0 0 0 0 0 0 0 0 0 0 0 0 0 0 0 0 0 0 0 0 0 0 0 0 0 0 0 0 0 0 0 0 0 0 0 0 0 0 0 0 0 0 0 0 0 0 0 0 0 0 0 0 0 0 0 0 0 0 0 0 0 0 0 0 0 0 0 0 0 0 0 0 0 0 0 0 0 0 0 0 0 0 0 0 0 0 0 0 0 0 0 0 0 0 0 0 0 0 0 0 0 0 0 0 0 0 0 0 0 0 0 0 0 0 0 0 0 0 0 0 0 0 0 0 0 0 0 0 0 0 0 0 0 0 0 0 0 0 0 0 0 0 0 0 0 0 0 0 0 0 0 0 0 0 0 0 0 0 0 0 0 0 0 0 0 0 0 0 0 0 0 0 0 0 0 0 0 0 0 0 0 0 0 0 0 0 0 0 0 0 0 0 0 0 0 0 0 0 0 0 0 0 0 0 0 0 0 0 0 0 0 0 0 0 0 0 0 0 0 0 0 0 0 0 0 0 0 0 0 0 0 0 0 0 0 0 0 0 0 0 0 0 0 0 0 0 0 0 0 0 0 0 0 0 0 0 0 0 0 0 0 0 0 0 0 0 0 0 0 0 0 0 0 0 0 0 0 0 0 0 0 0 0 0 0 0 0 0 0 0 0 0 0 0 0 0 0 0 0 0 0 0 0 0 0 0 0 0 0 0 0 0 0 0 0 0 0 0 0 0 0 0 0 0 0 0 0 0 0 0 0 0 0 0 0 0 0 0 0 0 0 0 0 0 0 0 0 0 0 0 0 0 0 0 0 0 0 0 0 0 0 0 0 0 0 0 0 0 0 0 0 0 0 0 0 0 0 0 0 0 0 0 0 0 0 0 0 0 0 0 0 0 0 0 0 0 0 0 0 0 0 0 0 0 0 0 0 0 0 0 0 0 0 0 0 0 0 0 0 1 1 1 1 1 1 1 1 1 1 1 1 1 1 1 1 1 1 1 1 1 1 1 1 1 1 1 1 1 1 1 1 1 1 1 1 1 1 1 1 1 1 1 1 1 1 1 1 1 1 1 1 1 1 1 1 1 1 1 1
        </DataArray>
        <DataArray type="Int32" Name="candidate_contact_surface_index" format="ascii">
          -1 -1 -1 -1 -1 -1 -1 -1 -1 -1 -1 -1 -1 -1 -1 -1 -1 -1 -1 -1 -1 -1 -1 -1 -1 -1 -1 -1 -1 -1 -1 -1 -1 -1 -1 -1 -1 -1 -1 -1 -1 -1 -1 -1 -1 -1 -1 -1 -1 -1 -1 -1 -1 -1 -1 -1 -1 -1 -1 -1 -1 -1 -1 -1 -1 -1 -1 -1 -1 -1 -1 -1 -1 -1 -1 -1 -1 -1 -1 -1 -1 -1 -1 -1 -1 -1 -1 -1 -1 -1 -1 -1 -1 -1 -1 -1 -1 -1 -1 -1 -1 -1 -1 -1 -1 -1 -1 -1 -1 -1 -1 -1 -1 -1 -1 -1 -1 -1 -1 -1 -1 -1 -1 -1 -1 -1 -1 -1 -1 -1 -1 -1 -1 -1 -1 -1 -1 -1 -1 -1 -1 -1 -1 -1 -1 -1 -1 -1 -1 -1 -1 -1 -1 -1 -1 -1 -1 -1 -1 -1 -1 -1 -1 -1 -1 -1 -1 -1 -1 -1 -1 -1 -1 -1 -1 -1 -1 -1 -1 -1 -1 -1 -1 -1 -1 -1 -1 -1 -1 -1 -1 -1 -1 -1 -1 -1 -1 -1 -1 -1 -1 -1 -1 -1 -1 -1 -1 -1 -1 -1 -1 -1 -1 -1 -1 -1 -1 -1 -1 -1 -1 -1 -1 -1 -1 -1 -1 -1 -1 -1 -1 -1 -1 -1 -1 -1 -1 -1 -1 -1 -1 -1 -1 -1 -1 -1 -1 -1 -1 -1 -1 -1 -1 -1 -1 -1 -1 -1 -1 -1 -1 -1 -1 -1 -1 -1 -1 -1 -1 -1 -1 -1 -1 -1 -1 -1 -1 -1 -1 -1 -1 -1 -1 -1 -1 -1 -1 -1 -1 -1 -1 -1 -1 -1 -1 -1 -1 -1 -1 -1 -1 -1 -1 -1 -1 -1 -1 -1 -1 -1 -1 -1 -1 -1 -1 -1 -1 -1 -1 -1 -1 -1 -1 -1 -1 -1 -1 -1 -1 -1 -1 -1 -1 -1 -1 -1 -1 -1 -1 -1 -1 -1 -1 -1 -1 -1 -1 -1 -1 -1 -1 -1 -1 -1 -1 -1 -1 -1 -1 -1 -1 -1 -1 -1 -1 -1 -1 -1 -1 -1 -1 -1 -1 -1 -1 -1 -1 -1 -1 -1 -1 -1 -1 -1 -1 -1 -1 -1 -1 -1 -1 -1 -1 -1 -1 -1 -1 -1 -1 -1 -1 -1 -1 -1 -1 -1 -1 -1 -1 -1 -1 -1 -1 -1 -1 -1 -1 -1 -1 -1 0 0 0 0 0 0 0 0 0 0 0 0 0 0 0 0 0 0 0 0 0 0 0 0 0 0 0 0 0 0 0 0 0 0 0 0 0 0 0 0 0 0 0 0 0 0 0 0 0 0 0 0 0 0 0 0 0 0 0 0
        </DataArray>
        <DataArray type="Int32" Name="active_contact_facet" format="ascii">
          0 0 0 0 0 0 0 0 0 0 0 0 0 0 0 0 0 0 0 0 0 0 0 0 0 0 0 0 0 0 0 0 0 0 0 0 0 0 0 0 0 0 0 0 0 0 0 0 0 0 0 0 0 0 0 0 0 0 0 0 0 0 0 0 0 0 0 0 0 0 0 0 0 0 0 0 0 0 0 0 0 0 0 0 0 0 0 0 0 0 0 0 0 0 0 0 0 0 0 0 0 0 0 0 0 0 0 0 0 0 0 0 0 0 0 0 0 0 0 0 0 0 0 0 0 0 0 0 0 0 0 0 0 0 0 0 0 0 0 0 0 0 0 0 0 0 0 0 0 0 0 0 0 0 0 0 0 0 0 0 0 0 0 0 0 0 0 0 0 0 0 0 0 0 0 0 0 0 0 0 0 0 0 0 0 0 0 0 0 0 0 0 0 0 0 0 0 0 0 0 0 0 0 0 0 0 0 0 0 0 0 0 0 0 0 0 0 0 0 0 0 0 0 0 0 0 0 0 0 0 0 0 0 0 0 0 0 0 0 0 0 0 0 0 0 0 0 0 0 0 0 0 0 0 0 0 0 0 0 0 0 0 0 0 0 0 0 0 0 0 0 0 0 0 0 0 0 0 0 0 0 0 0 0 0 0 0 0 0 0 0 0 0 0 0 0 0 0 0 0 0 0 0 0 0 0 0 0 0 0 0 0 0 0 0 0 0 0 0 0 0 0 0 0 0 0 0 0 0 0 0 0 0 0 0 0 0 0 0 0 0 0 0 0 0 0 0 0 0 0 0 0 0 0 0 0 0 0 0 0 0 0 0 0 0 0 0 0 0 0 0 0 0 0 0 0 0 0 0 0 0 0 0 0 0 0 0 0 0 0 0 0 0 0 0 0 0 0 0 0 0 0 0 0 0 0 0 0 0 0 0 0 0 0 0 0 0 0 0 0 0 0 0 0 0 0 0 0 0 0 0 0 0 0 1 1 1 1 1 1 1 1 1 1 1 1 1 1 1 1 1 1 1 1 1 1 1 1 1 1 1 1 1 1 1 1 0 0 0 0 0 0 0 0 0 0 0 0 0 0
        </DataArray>
        <DataArray type="Int32" Name="active_contact_surface_index" format="ascii">
          -1 -1 -1 -1 -1 -1 -1 -1 -1 -1 -1 -1 -1 -1 -1 -1 -1 -1 -1 -1 -1 -1 -1 -1 -1 -1 -1 -1 -1 -1 -1 -1 -1 -1 -1 -1 -1 -1 -1 -1 -1 -1 -1 -1 -1 -1 -1 -1 -1 -1 -1 -1 -1 -1 -1 -1 -1 -1 -1 -1 -1 -1 -1 -1 -1 -1 -1 -1 -1 -1 -1 -1 -1 -1 -1 -1 -1 -1 -1 -1 -1 -1 -1 -1 -1 -1 -1 -1 -1 -1 -1 -1 -1 -1 -1 -1 -1 -1 -1 -1 -1 -1 -1 -1 -1 -1 -1 -1 -1 -1 -1 -1 -1 -1 -1 -1 -1 -1 -1 -1 -1 -1 -1 -1 -1 -1 -1 -1 -1 -1 -1 -1 -1 -1 -1 -1 -1 -1 -1 -1 -1 -1 -1 -1 -1 -1 -1 -1 -1 -1 -1 -1 -1 -1 -1 -1 -1 -1 -1 -1 -1 -1 -1 -1 -1 -1 -1 -1 -1 -1 -1 -1 -1 -1 -1 -1 -1 -1 -1 -1 -1 -1 -1 -1 -1 -1 -1 -1 -1 -1 -1 -1 -1 -1 -1 -1 -1 -1 -1 -1 -1 -1 -1 -1 -1 -1 -1 -1 -1 -1 -1 -1 -1 -1 -1 -1 -1 -1 -1 -1 -1 -1 -1 -1 -1 -1 -1 -1 -1 -1 -1 -1 -1 -1 -1 -1 -1 -1 -1 -1 -1 -1 -1 -1 -1 -1 -1 -1 -1 -1 -1 -1 -1 -1 -1 -1 -1 -1 -1 -1 -1 -1 -1 -1 -1 -1 -1 -1 -1 -1 -1 -1 -1 -1 -1 -1 -1 -1 -1 -1 -1 -1 -1 -1 -1 -1 -1 -1 -1 -1 -1 -1 -1 -1 -1 -1 -1 -1 -1 -1 -1 -1 -1 -1 -1 -1 -1 -1 -1 -1 -1 -1 -1 -1 -1 -1 -1 -1 -1 -1 -1 -1 -1 -1 -1 -1 -1 -1 -1 -1 -1 -1 -1 -1 -1 -1 -1 -1 -1 -1 -1 -1 -1 -1 -1 -1 -1 -1 -1 -1 -1 -1 -1 -1 -1 -1 -1 -1 -1 -1 -1 -1 -1 -1 -1 -1 -1 -1 -1 -1 -1 -1 -1 -1 -1 -1 -1 -1 -1 -1 -1 -1 -1 -1 -1 -1 -1 -1 -1 -1 -1 -1 -1 -1 -1 -1 -1 -1 -1 -1 -1 -1 -1 -1 -1 -1 -1 -1 -1 -1 -1 -1 -1 -1 -1 -1 -1 -1 -1 -1 -1 -1 -1 -1 -1 -1 -1 -1 -1 -1 -1 -1 -1 -1 0 0 0 0 0 0 0 0 0 0 0 0 0 0 0 0 0 0 0 0 0 0 0 0 0 0 0 0 0 0 0 0 -1 -1 -1 -1 -1 -1 -1 -1 -1 -1 -1 -1 -1 -1
        </DataArray>
      </CellData>
      <Points>
        <DataArray type="Float64" NumberOfComponents="3" format="ascii">
          -0.12499999999999993 0.36349364905389026 0 -0.12120240506158432 0.36134507321515108 0 -0.11736789069647291 0.35926310178526838 0 -0.11349762493488716 0.35724836895290824 0 -0.10959278669726996 0.35530148842520853 0 -0.10565456543517562 0.35342305324083784 0 -0.10168416076895097 0.35161363558935022 0 -0.097682782122319622 0.34987378663689039 0 -0.09365164835397935 0.34820403635830366 0 -0.089591987386326566 0.34660489337570011 0 -0.085505035831418955 0.34507684480352346 0 -0.081392038614290993 0.34362035610017139 0 -0.077254248593738944 0.34223587092621222 0 -0.073092926180686441 0.34092381100924174 0 -0.068909338954252219 0.3396845760154209 0 -0.064704761275632891 0.33851854342773358 0 -0.060480473899919472 0.33742606843100142 0 -0.056237763585968846 0.33640748380369173 0 -0.051977922704442271 0.33546309981654904 0 -0.047702248844138699 0.33459320413808441 0 -0.043412044416734921 0.33379806174694837 0 -0.039108616260060104 0.33307791485121591 0 -0.03479327524001858 0.3324329828146077 0 -0.030467335851289142 0.33186346208966977 0 -0.02613211581691547 0.33136952615793186 0 -0.021788935686916699 0.3309513254770638 0 -0.017439118436033314 0.33060898743504402 0 -0.013083989060737997 0.33034261631135653 0 -0.0087248741756271106 0.33015229324522599 0 -0.0043631016093227965 0.3300380762109022 0 -1.7457406694215667e-15 0.32999999999999996 0 0.0043631016093190833 0.33003807621090209 0 0.0087248741756236221 0.33015229324522588 0 0.01308398906073429 0.33034261631135642 0 0.01743911843602983 0.3306089874350438 0 0.021788935686913001 0.33095132547706346 0 0.026132115816912001 0.33136952615793153 0 0.030467335851285457 0.33186346208966933 0 0.034793275240015117 0.3324329828146072 0 0.039108616260056434 0.33307791485121535 0 0.043412044416731473 0.33379806174694771 0 0.047702248844135049 0.33459320413808374 0 0.05197792270443885 0.33546309981654832 0 0.056237763585965224 0.3364074838036909 0 0.060480473899916079 0.33742606843100059 0 0.064704761275629297 0.33851854342773258 0 0.068909338954249069 0.33968457601541996 0 0.073092926180683415 0.34092381100924085 0 0.077254248593736252 0.34223587092621133 0 0.081392038614288523 0.3436203561001705 0 0.085505035831416706 0.34507684480352269 0 0.089591987386324554 0.34660489337569933 0 0.093651648353977657 0.34820403635830294 0 0.09768278212231804 0.34987378663688973 0 0.10168416076894971 0.3516136355893496 0 0.10565456543517457 0.35342305324083739 0 0.10959278669726921 0.35530148842520815 0 0.11349762493488652 0.35724836895290796 0 0.11736789069647266 0.35926310178526821 0 0.12120240506158418 0.36134507321515102 0 0.12500000000000008 0.36349364905389037 0 -0.14062499999999925 0.33643035518562769 0 -0.13635270569428171 0.33401320736704615 0 -0.1320388770335314 0.3316709895084281 0 -0.12768482805174744 0.329404415072023 0 -0.12329188503442812 0.32721417447836082 0 -0.11886138611457202 0.32510093489594377 0 -0.11439468086506929 0.32306534003802018 0 -0.10989312988760905 0.32110800996650291 0 -0.10535810439822627 0.31922954090309286 0 -0.10079098580961691 0.31743050504766385 0 -0.096193165310345871 0.31571145040396514 0 -0.091566043441076939 0.31407290061269405 0 -0.0869110296679559 0.31251535479199 0 -0.082229541953271854 0.31103928738539821 0 -0.077523006323533386 0.30964514801734982 0 -0.072792856435086664 0.30833336135620154 0 -0.068040533137409084 0.30710432698487794 0 -0.063267484034214658 0.30595841927915451 0 -0.05847516304249728 0.304895987293619 0 -0.053665029949655781 0.30391735465534625 0 -0.048838549968826556 0.30302281946531823 0 -0.043997193292567412 0.30221265420761922 0 -0.039142434645020714 0.301487105666435 0 -0.034275752832700124 0.30084639485087983 0 -0.029398630294029764 0.30029071692767467 0 -0.024512552647781172 0.29982024116169809 0 -0.019619008240537385 0.29943511086442587 0 -0.014719487693330176 0.29913544335027747 0 -0.0098154834475804534 0.29892132990088061 0 -0.0049084893104881224 0.29879283573726628 0 -1.963958253099253e-15 0.29875000000000135 0 0.0049084893104839452 0.29879283573726617 0 0.0098154834475765278 0.29892132990088049 0 0.014719487693326006 0.29913544335027725 0 0.019619008240533465 0.29943511086442559 0 0.024512552647777009 0.29982024116169775 0 0.029398630294025861 0.30029071692767428 0 0.034275752832695974 0.30084639485087927 0 0.039142434645016821 0.30148710566643444 0 0.043997193292563276 0.30221265420761861 0 0.048838549968822677 0.30302281946531751 0 0.053665029949651673 0.30391735465534553 0 0.058475163042493429 0.30489598729361816 0 0.063267484034210578 0.30595841927915357 0 0.068040533137405268 0.30710432698487694 0 0.072792856435082612 0.30833336135620049 0 0.077523006323529833 0.30964514801734871 0 0.082229541953268454 0.31103928738539721 0 0.086911029667952874 0.312515354791989 0 0.091566043441074149 0.31407290061269311 0 0.096193165310343345 0.31571145040396426 0 0.10079098580961464 0.31743050504766301 0 0.10535810439822436 0.31922954090309202 0 0.10989312988760727 0.32110800996650218 0 0.11439468086506788 0.32306534003801951 0 0.11886138611457082 0.32510093489594327 0 0.12329188503442728 0.32721417447836038 0 0.12768482805174672 0.32940441507202267 0 0.13203887703353112 0.33167098950842794 0 0.13635270569428157 0.33401320736704609 0 0.14062499999999942 0.33643035518562781 0 -0.15624999999999858 0.30936706131736513 0 -0.15150300632697911 0.30668134151894116 0 -0.14670986337058989 0.30407887723158783 0 -0.14187203116860775 0.30156046119113772 0 -0.13699098337158627 0.29912686053151305 0 -0.13206820679396841 0.29677881655104971 0 -0.12710520096118763 0.29451704448669019 0 -0.12210347765289849 0.29234223329611542 0 -0.1170645604424732 0.29025504544788205 0 -0.11198998423290725 0.28825611671962764 0 -0.10688129478927279 0.28634605600440682 0 -0.10174004826786287 0.28452544512521677 0 -0.096567810742172855 0.28279483865776783 0 -0.091366157725857267 0.28115476376155474 0 -0.086136673692814539 0.27960572001927869 0 -0.080880951594540423 0.27814817928466951 0 -0.07560059237489869 0.2767825855387544 0 -0.070297204482460462 0.2755093547546173 0 -0.064972403380552282 0.2743288747706889 0 -0.059627811055172862 0.27324150517260815 0 -0.05426505552091819 0.27224757718368808 0 -0.048885770325074712 0.27134739356402254 0 -0.043491594050022855 0.27054122851826229 0 -0.038084169814111099 0.26982932761208989 0 -0.032665144771144058 0.26921190769741749 0 -0.027236169608645642 0.26868915684633243 0 -0.021798898045041457 0.26826123429380772 0 -0.016354986325922357 0.26792827038919836 0 -0.010906092719533795 0.26769036655653522 0 -0.0054538770116534492 0.26754759526363037 0 -2.1821758367769398e-15 0.26750000000000268 0 0.005453877011648808 0.26754759526363026 0 0.010906092719529435 0.26769036655653505 0 0.016354986325917722 0.26792827038919814 0 0.021798898045037103 0.26826123429380744 0 0.027236169608641021 0.26868915684633199 0 0.032665144771139722 0.26921190769741704 0 0.038084169814106499 0.26982932761208928 0 0.043491594050018526 0.27054122851826168 0 0.048885770325070126 0.27134739356402182 0 0.054265055520913881 0.27224757718368731 0 0.059627811055168303 0.27324150517260731 0 0.064972403380548008 0.27432887477068801 0 0.070297204482455924 0.27550935475461624 0 0.075600592374894457 0.27678258553875335 0 0.080880951594535927 0.27814817928466834 0 0.086136673692810597 0.27960572001927753 0 0.091366157725853492 0.28115476376155363 0 0.096567810742169496 0.28279483865776672 0 0.10174004826785979 0.28452544512521571 0 0.10688129478926997 0.28634605600440588 0 0.11198998423290474 0.28825611671962664 0 0.11706456044247107 0.29025504544788117 0 0.1221034776528965 0.29234223329611464 0 0.12710520096118605 0.29451704448668947 0 0.13206820679396708 0.29677881655104915 0 0.13699098337158536 0.29912686053151261 0 0.14187203116860694 0.30156046119113733 0 0.14670986337058958 0.30407887723158761 0 0.15150300632697894 0.30668134151894111 0 0.15624999999999878 0.30936706131736524 0 -0.17187499999999881 0.28230376744910102 0 -0.16665330695967737 0.27934947567083468 0 -0.16138084970764921 0.276486764954746 0 -0.15605923428546883 0.27371650731025088 0 -0.15069008170874523 0.27103954658466373 0 -0.14527502747336554 0.26845669820615403 0 -0.13981572105730669 0.26596874893535855 0 -0.13431382541818862 0.26357645662572632 0 -0.12877101648672076 0.26128054999266959 0 -0.12318898265619824 0.25908172839158972 0 -0.1175694242682003 0.25698066160484684 0 -0.1119140530946494 0.25497798963773777 0 -0.10622459181639037 0.25307432252354395 0 -0.10050277349844321 0.25127024013770954 0 -0.094750341062096191 0.24956629202120589 0 -0.088969046753994654 0.24796299721313578 0 -0.083160651612388739 0.24646084409262917 0 -0.07732692493070667 0.2450602902300783 0 -0.071469643718607659 0.24376176224775711 0 -0.065590592160690284 0.24256565568986826 0 -0.05969156107301013 0.24147233490205622 0 -0.053774347357582297 0.24048213292042409 0 -0.047840753455025239 0.23959535137008781 0 -0.041892586795522296 0.23881226037329814 0 -0.035931659248258536 0.23813309846715852 0 -0.029959786569510267 0.23755807253096495 0 -0.023978787849545651 0.23708735772318776 0 -0.01799048495851463 0.23672109742811751 0 -0.0119967019914872 0.236459403212188 0 -0.0059992647128188064 0.23630235478999273 0 -2.4003934204546388e-15 0.23625000000000221 0 0.0059992647128137011 0.23630235478999259 0 0.011996701991482403 0.23645940321218786 0 0.017990484958509533 0.23672109742811728 0 0.023978787849540863 0.23708735772318745 0 0.029959786569505181 0.23755807253096448 0 0.035931659248253769 0.23813309846715808 0 0.041892586795517231 0.2388122603732975 0 0.047840753455020479 0.23959535137008711 0 0.053774347357577246 0.24048213292042331 0 0.059691561073005391 0.24147233490205533 0 0.065590592160685274 0.24256565568986735 0 0.071469643718602954 0.24376176224775611 0 0.077326924930701688 0.24506029023007717 0 0.083160651612384076 0.24646084409262797 0 0.088969046753989714 0.2479629972131345 0 0.094750341062091861 0.24956629202120459 0 0.10050277349843904 0.25127024013770832 0 0.10622459181638666 0.25307432252354273 0 0.111914053094646 0.2549779896377366 0 0.11756942426819721 0.25698066160484578 0 0.12318898265619546 0.25908172839158866 0 0.12877101648671846 0.26128054999266859 0 0.13431382541818643 0.26357645662572543 0 0.13981572105730494 0.26596874893535777 0 0.1452750274733641 0.26845669820615342 0 0.15069008170874421 0.27103954658466323 0 0.15605923428546795 0.27371650731025043 0 0.16138084970764888 0.27648676495474578 0 0.16665330695967717 0.27934947567083462 0 0.171874999999999 0.28230376744910113 0 -0.187499999999999 0.25524047358083696 0 -0.18180360759237563 0.25201760982272819 0 -0.17605183604470853 0.24889465267790417 0 -0.17024643740232992 0.24587255342936401 0 -0.16438918004590417 0.24295223263781443 0 -0.15848184815276267 0.24013457986125838 0 -0.15252624115342572 0.23742045338402692 0 -0.14652417318347874 0.23481067995533719 0 -0.14047747253096837 0.23230605453745715 0 -0.13438798107948921 0.22990734006355185 0 -0.12825755374712783 0.22761526720528688 0 -0.12208805792143591 0.22543053415025879 0 -0.11588137289060786 0.22335380638932004 0 -0.10963938927102915 0.22138571651386432 0 -0.10336400843137784 0.21952686402313309 0 -0.097057141913448872 0.21777781514160205 0 -0.090720710849878775 0.21613910264650393 0 -0.084356645378952863 0.21461122570553934 0 -0.077966884056663036 0.21319464972482532 0 -0.071553373266207712 0.21188980620712838 0 -0.06511806662510207 0.21069709262042433 0 -0.058662924390089875 0.20961687227682563 0 -0.052189912860027624 0.20864947422191332 0 -0.045701003776933494 0.20779519313450645 0 -0.039198173725373021 0.20705428923689959 0 -0.032683403530374897 0.20642698821559749 0 -0.026158677654049847 0.20591348115256783 0 -0.019625983591106903 0.20551392446703662 0 -0.013087311263440603 0.20522843986784081 0 -0.0065446524139841636 0.20505711431635504 0 -2.6186110041323378e-15 0.20500000000000176 0 0.0065446524139785942 0.20505711431635493 0 0.013087311263435372 0.20522843986784065 0 0.019625983591101341 0.20551392446703637 0 0.026158677654044622 0.2059134811525675 0 0.032683403530369345 0.20642698821559699 0 0.039198173725367817 0.20705428923689909 0 0.04570100377692797 0.20779519313450573 0 0.052189912860022426 0.20864947422191257 0 0.058662924390084373 0.20961687227682479 0 0.065118066625096907 0.21069709262042338 0 0.07155337326620223 0.21188980620712738 0 0.077966884056657901 0.21319464972482424 0 0.084356645378947437 0.21461122570553809 0 0.090720710849873695 0.21613910264650263 0 0.097057141913443487 0.21777781514160063 0 0.10336400843137311 0.21952686402313168 0 0.10963938927102461 0.22138571651386299 0 0.11588137289060382 0.2233538063893187 0 0.12208805792143221 0.22543053415025749 0 0.12825755374712444 0.22761526720528572 0 0.13438798107948619 0.22990734006355068 0 0.14047747253096582 0.23230605453745606 0 0.14652417318347635 0.23481067995533625 0 0.15252624115342384 0.23742045338402604 0 0.15848184815276109 0.24013457986125772 0 0.16438918004590303 0.24295223263781385 0 0.17024643740232898 0.24587255342936354 0 0.17605183604470814 0.24889465267790392 0 0.1818036075923754 0.25201760982272808 0 0.18749999999999922 0.25524047358083707 0 -0.20312499999999922 0.22817717971257284 0 -0.19695390822507389 0.22468574397462168 0 -0.19072282238176785 0.22130254040106231 0 -0.18443364051919103 0.21802859954847714 0 -0.1780882783830631 0.21486491869096508 0 -0.17168866883215983 0.21181246151636271 0 -0.16523676124954478 0.2088721578326953 0 -0.15873452094876886 0.20604490328494809 0 -0.15218392857521595 0.20333155908224471 0 -0.14558697950278018 0.20073295173551395 0 -0.13894568322605536 0.1982498728057269 0 -0.13226206274822244 0.19588307866277979 0 -0.12553815396482537 0.19363329025509615 0 -0.11877600504361507 0.19150119289001913 0 -0.1119776758006595 0.18948743602506027 0 -0.1051452370729031 0.18759263307006832 0 -0.098280770087368824 0.18581736120037867 0 -0.09138636582719907 0.1841621611810004 0 -0.084464124394718412 0.18262753720189351 0 -0.077516154371725127 0.1812139567243885 0 -0.070544572177194009 0.17992185033879243 0 -0.063551501422597467 0.1787516116332272 0 -0.056539072265030008 0.17770359707373887 0 -0.049509420758344691 0.17677812589571473 0 -0.042464688202487499 0.17597548000664062 0 -0.035407020491239519 0.17529590390023003 0 -0.02833856745855404 0.1747396045819479 0 -0.021261482223699175 0.17430675150595576 0 -0.014177920535394009 0.17399747652349365 0 -0.0070900401151495207 0.17381187384271737 0 -2.8368285878100364e-15 0.17375000000000135 0 0.0070900401151434873 0.17381187384271723 0 0.01417792053538834 0.17399747652349346 0 0.021261482223693152 0.17430675150595548 0 0.028338567458548382 0.17473960458194754 0 0.03540702049123351 0.17529590390022948 0 0.042464688202481865 0.17597548000664007 0 0.049509420758338703 0.17677812589571396 0 0.05653907226502438 0.17770359707373806 0 0.0635515014225915 0.17875161163322628 0 0.070544572177188417 0.17992185033879141 0 0.077516154371719201 0.18121395672438742 0 0.084464124394712861 0.18262753720189234 0 0.091386365827193186 0.18416216118099904 0 0.098280770087363301 0.18581736120037728 0 0.10514523707289726 0.18759263307006679 0 0.11197767580065437 0.18948743602505874 0 0.11877600504361016 0.19150119289001769 0 0.12553815396482099 0.19363329025509471 0 0.13226206274821842 0.1958830786627784 0 0.13894568322605169 0.19824987280572565 0 0.14558697950277691 0.20073295173551267 0 0.15218392857521321 0.20333155908224354 0 0.15873452094876631 0.20604490328494707 0 0.16523676124954273 0.20887215783269436 0 0.17168866883215811 0.21181246151636199 0 0.17808827838306188 0.21486491869096447 0 0.18443364051918998 0.21802859954847664 0 0.19072282238176744 0.22130254040106204 0 0.19695390822507364 0.2246857439746216 0 0.20312499999999947 0.22817717971257298 0 -0.21874999999999944 0.20111388584430875 0 -0.21210420885777212 0.1973538781265152 0 -0.20539380871882718 0.19371042812422049 0 -0.19862084363605212 0.19018464566759027 0 -0.19178737672022203 0.18677760474411575 0 -0.18489548951155696 0.18349034317146706 0 -0.17794728134566384 0.18032386228136366 0 -0.17094486871405898 0.177279126614559 0 -0.16389038461946354 0.17435706362703227 0 -0.15678597792607118 0.17155856340747605 0 -0.14963381270498285 0.16888447840616694 0 -0.14243606757500896 0.16633562317530079 0 -0.13519493503904287 0.16391277412087224 0 -0.127912620816201 0.16161666926617393 0 -0.12059134316994113 0.15944800802698747 0 -0.11323333223235733 0.15740745099853459 0 -0.10584082932485886 0.15549561975425344 0 -0.098416086275445278 0.15371309665646143 0 -0.090961364732773789 0.15206042467896172 0 -0.083478935477242555 0.15053810724164862 0 -0.075971077729285963 0.14914660805716057 0 -0.068440078455105038 0.14788635098962874 0 -0.060888231670032392 0.14675771992556438 0 -0.053317837739755888 0.14576105865692301 0 -0.045731202679601977 0.14489667077638166 0 -0.038130637452104148 0.14416481958486255 0 -0.030518457263058237 0.14356572801132794 0 -0.022896980856291448 0.1430995785448749 0 -0.015268529807347412 0.14276651317914646 0 -0.0076354278163148787 0.14256663336907971 0 -3.0550461714877354e-15 0.1425000000000009 0 0.0076354278163083805 0.14256663336907957 0 0.015268529807341308 0.14276651317914626 0 0.02289698085628496 0.14309957854487459 0 0.030518457263052141 0.14356572801132755 0 0.038130637452097674 0.14416481958486196 0 0.045731202679595906 0.14489667077638108 0 0.053317837739749442 0.14576105865692218 0 0.060888231670026334 0.14675771992556352 0 0.068440078455098613 0.14788635098962777 0 0.075971077729279926 0.14914660805715943 0 0.083478935477236171 0.15053810724164746 0 0.090961364732767808 0.15206042467896044 0 0.098416086275438935 0.15371309665645996 0 0.10584082932485292 0.15549561975425194 0 0.11323333223235103 0.15740745099853296 0 0.12059134316993562 0.1594480080269858 0 0.12791262081619573 0.16161666926617238 0 0.13519493503903818 0.16391277412087069 0 0.14243606757500463 0.16633562317529929 0 0.14963381270497894 0.16888447840616558 0 0.15678597792606766 0.17155856340747469 0 0.16389038461946057 0.17435706362703099 0 0.17094486871405623 0.17727912661455786 0 0.17794728134566162 0.18032386228136266 0 0.18489548951155513 0.18349034317146629 0 0.19178737672022073 0.18677760474411509 0 0.19862084363605101 0.19018464566758975 0 0.20539380871882673 0.19371042812422018 0 0.2121042088577719 0.19735387812651509 0 0.21874999999999969 0.20111388584430889 0 -0.23437499999999964 0.17405059197604464 0 -0.22725450949047038 0.17002201227840869 0 -0.2200647950558865 0.16611831584737863 0 -0.21280804675291323 0.16234069178670343 0 -0.20548647505738099 0.15869029079726643 0 -0.19810231019095412 0.15516822482657139 0 -0.19065780144178288 0.15177556673003204 0 -0.18315521647934913 0.14851334994416987 0 -0.17559684066371112 0.1453825681718198 0 -0.16798497634936216 0.14238417507943815 0 -0.16032194218391038 0.13951908400660695 0 -0.15261007240179547 0.13678816768782182 0 -0.14485171611326039 0.13419225798664836 0 -0.13704923658878695 0.13173214564232871 0 -0.12920501053922279 0.12940858002891464 0 -0.12132142739181155 0.12722226892700086 0 -0.11340088856234891 0.12517387830812818 0 -0.10544580672369148 0.12326403213192247 0 -0.097458605070829166 0.12149331215602992 0 -0.08944171658275997 0.11986225775890874 0 -0.081397583281377903 0.11837136577552868 0 -0.073328655487612623 0.1170210903460303 0 -0.065237391075034776 0.11581184277738991 0 -0.057126254721167086 0.1147439914181313 0 -0.048997717156716462 0.11381786154612271 0 -0.04085425441296877 0.11303373526949509 0 -0.03269834706756243 0.11239185144070801 0 -0.024532479488883721 0.11189240558379403 0 -0.016359139079300818 0.11153554983479927 0 -0.008180815517480235 0.11132139289544205 0 -3.2732637551654344e-15 0.11125000000000046 0 0.0081808155174732736 0.11132139289544189 0 0.016359139079294274 0.11153554983479906 0 0.024532479488876772 0.11189240558379371 0 0.032698347067555901 0.1123918514407076 0 0.040854254412961838 0.11303373526949446 0 0.048997717156709954 0.11381786154612208 0 0.057126254721160175 0.11474399141813041 0 0.065237391075028281 0.11581184277738898 0 0.07332865548760574 0.11702109034602926 0 0.081397583281371436 0.11837136577552747 0 0.089441716582753128 0.11986225775890749 0 0.097458605070822754 0.12149331215602856 0 0.1054458067236847 0.1232640321319209 0 0.11340088856234254 0.12517387830812657 0 0.12132142739180482 0.12722226892699909 0 0.12920501053921687 0.1294085800289129 0 0.13704923658878126 0.13173214564232705 0 0.14485171611325534 0.13419225798664669 0 0.15261007240179084 0.13678816768782021 0 0.16032194218390616 0.13951908400660548 0 0.16798497634935838 0.14238417507943668 0 0.17559684066370795 0.14538256817181847 0 0.18315521647934616 0.14851334994416868 0 0.19065780144178052 0.15177556673003095 0 0.19810231019095212 0.15516822482657056 0 0.20548647505737958 0.15869029079726571 0 0.21280804675291201 0.16234069178670285 0 0.22006479505588603 0.16611831584737832 0 0.22725450949047013 0.1700220122784086 0 0.23437499999999994 0.17405059197604481 0 -0.24999999999999986 0.14698729810778055 0 -0.24240481012316864 0.1426901464303022 0 -0.23473578139294582 0.1385262035705368 0 -0.22699524986977432 0.13449673790581657 0 -0.21918557339453992 0.13060297685041711 0 -0.21130913087035125 0.12684610648167571 0 -0.20336832153790194 0.12322727117870041 0 -0.19536556424463924 0.11974757327378077 0 -0.1873032967079587 0.11640807271660736 0 -0.17918397477265313 0.11320978675140025 0 -0.17101007166283791 0.11015368960704697 0 -0.16278407722858199 0.10724071220034281 0 -0.15450849718747789 0.10447174185242447 0 -0.14618585236137288 0.10184762201848352 0 -0.13781867790850444 0.099369152030841845 0 -0.12940952255126578 0.097037086855467136 0 -0.12096094779983894 0.094852136862002945 0 -0.11247552717193769 0.092814967607383503 0 -0.10395584540888454 0.090926199633098115 0 -0.095404497688277398 0.08918640827616886 0 -0.086824088833469842 0.087596123493896783 0 -0.078217232520120208 0.086155829702431852 0 -0.06958655048003716 0.084865965629215445 0 -0.060934671702578283 0.083726924179339579 0 -0.05226423163383094 0.082739052315863759 0 -0.043577871373833399 0.081902650954127632 0 -0.034878236872066627 0.081217974870088083 0 -0.026167978121475994 0.080685232622713154 0 -0.017449748351254221 0.080304586490452079 0 -0.008726203218645593 0.080076152421804381 0 -3.4914813388431334e-15 0.080000000000000016 0 0.0087262032186381667 0.080076152421804214 0 0.017449748351247244 0.080304586490451857 0 0.02616797812146858 0.080685232622712821 0 0.034878236872059661 0.081217974870087639 0 0.043577871373826002 0.081902650954126965 0 0.052264231633824001 0.082739052315863093 0 0.060934671702570914 0.083726924179338635 0 0.069586550480030235 0.084865965629214446 0 0.078217232520112867 0.086155829702430742 0 0.086824088833462945 0.087596123493895506 0 0.095404497688270098 0.089186408276167528 0 0.1039558454088777 0.090926199633096672 0 0.11247552717193045 0.092814967607381837 0 0.12096094779983216 0.094852136862001224 0 0.12940952255125859 0.097037086855465249 0 0.13781867790849814 0.099369152030839958 0 0.14618585236136683 0.10184762201848174 0 0.1545084971874725 0.10447174185242269 0 0.16278407722857705 0.10724071220034109 0 0.17101007166283341 0.11015368960704541 0 0.17918397477264911 0.1132097867513987 0 0.18730329670795531 0.11640807271660591 0 0.19536556424463608 0.1197475732737795 0 0.20336832153789941 0.12322727117869925 0 0.21130913087034914 0.12684610648167483 0 0.21918557339453842 0.13060297685041633 0 0.22699524986977304 0.13449673790581596 0 0.23473578139294532 0.13852620357053647 0 0.24240481012316836 0.14269014643030209 0 0.25000000000000017 0.14698729810778072 0
        </DataArray>
      </Points>
      <Cells>
        <DataArray type="Int32" Name="connectivity" format="ascii">
          1 0 61 62 2 1 62 63 3 2 63 64 4 3 64 65 5 4 65 66 6 5 66 67 7 6 67 68 8 7 68 69 9 8 69 70 10 9 70 71 11 10 71 72 12 11 72 73 13 12 73 74 14 13 74 75 15 14 75 76 16 15 76 77 17 16 77 78 18 17 78 79 19 18 79 80 20 19 80 81 21 20 81 82 22 21 82 83 23 22 83 84 24 23 84 85 25 24 85 86 26 25 86 87 27 26 87 88 28 27 88 89 29 28 89 90 30 29 90 91 31 30 91 92 32 31 92 93 33 32 93 94 34 33 94 95 35 34 95 96 36 35 96 97 37 36 97 98 38 37 98 99 39 38 99 100 40 39 100 101 41 40 101 102 42 41 102 103 43 42 103 104 44 43 104 105 45 44 105 106 46 45 106 107 47 46 107 108 48 47 108 109 49 48 109 110 50 49 110 111 51 50 111 112 52 51 112 113 53 52 113 114 54 53 114 115 55 54 115 116 56 55 116 117 57 56 117 118 58 57 118 119 59 58 119 120 60 59 120 121 62 61 122 123 63 62 123 124 64 63 124 125 65 64 125 126 66 65 126 127 67 66 127 128 68 67 128 129 69 68 129 130 70 69 130 131 71 70 131 132 72 71 132 133 73 72 133 134 74 73 134 135 75 74 135 136 76 75 136 137 77 76 137 138 78 77 138 139 79 78 139 140 80 79 140 141 81 80 141 142 82 81 142 143 83 82 143 144 84 83 144 145 85 84 145 146 86 85 146 147 87 86 147 148 88 87 148 149 89 88 149 150 90 89 150 151 91 90 151 152 92 91 152 153 93 92 153 154 94 93 154 155 95 94 155 156 96 95 156 157 97 96 157 158 98 97 158 159 99 98 159 160 100 99 160 161 101 100 161 162 102 101 162 163 103 102 163 164 104 103 164 165 105 104 165 166 106 105 166 167 107 106 167 168 108 107 168 169 109 108 169 170 110 109 170 171 111 110 171 172 112 111 172 173 113 112 173 174 114 113 174 175 115 114 175 176 116 115 176 177 117 116 177 178 118 117 178 179 119 118 179 180 120 119 180 181 121 120 181 182 123 122 183 184 124 123 184 185 125 124 185 186 126 125 186 187 127 126 187 188 128 127 188 189 129 128 189 190 130 129 190 191 131 130 191 192 132 131 192 193 133 132 193 194 134 133 194 195 135 134 195 196 136 135 196 197 137 136 197 198 138 137 198 199 139 138 199 200 140 139 200 201 141 140 201 202 142 141 202 203 143 142 203 204 144 143 204 205 145 144 205 206 146 145 206 207 147 146 207 208 148 147 208 209 149 148 209 210 150 149 210 211 151 150 211 212 152 151 212 213 153 152 213 214 154 153 214 215 155 154 215 216 156 155 216 217 157 156 217 218 158 157 218 219 159 158 219 220 160 159 220 221 161 160 221 222 162 161 222 223 163 162 223 224 164 163 224 225 165 164 225 226 166 165 226 227 167 166 227 228 168 167 228 229 169 168 229 230 170 169 230 231 171 170 231 232 172 171 232 233 173 172 233 234 174 173 234 235 175 174 235 236 176 175 236 237 177 176 237 238 178 177 238 239 179 178 239 240 180 179 240 241 181 180 241 242 182 181 242 243 184 183 244 245 185 184 245 246 186 185 246 247 187 186 247 248 188 187 248 249 189 188 249 250 190 189 250 251 191 190 251 252 192 191 252 253 193 192 253 254 194 193 254 255 195 194 255 256 196 195 256 257 197 196 257 258 198 197 258 259 199 198 259 260 200 199 260 261 201 200 261 262 202 201 262 263 203 202 263 264 204 203 264 265 205 204 265 266 206 205 266 267 207 206 267 268 208 207 268 269 209 208 269 270 210 209 270 271 211 210 271 272 212 211 272 273 213 212 273 274 214 213 274 275 215 214 275 276 216 215 276 277 217 216 277 278 218 217 278 279 219 218 279 280 220 219 280 281 221 220 281 282 222 221 282 283 223 222 283 284 224 223 284 285 225 224 285 286 226 225 286 287 227 226 287 288 228 227 288 289 229 228 289 290 230 229 290 291 231 230 291 292 232 231 292 293 233 232 293 294 234 233 294 295 235 234 295 296 236 235 296 297 237 236 297 298 238 237 298 299 239 238 299 300 240 239 300 301 241 240 301 302 242 241 302 303 243 242 303 304 245 244 305 306 246 245 306 307 247 246 307 308 248 247 308 309 249 248 309 310 250 249 310 311 251 250 311 312 252 251 312 313 253 252 313 314 254 253 314 315 255 254 315 316 256 255 316 317 257 256 317 318 258 257 318 319 259 258 319 320 260 259 320 321 261 260 321 322 262 261 322 323 263 262 323 324 264 263 324 325 265 264 325 326 266 265 326 327 267 266 327 328 268 267 328 329 269 268 329 330 270 269 330 331 271 270 331 332 272 271 332 333 273 272 333 334 274 273 334 335 275 274 335 336 276 275 336 337 277 276 337 338 278 277 338 339 279 278 339 340 280 279 340 341 281 280 341 342 282 281 342 343 283 282 343 344 284 283 344 345 285 284 345 346 286 285 346 347 287 286 347 348 288 287 348 349 289 288 349 350 290 289 350 351 291 290 351 352 292 291 352 353 293 292 353 354 294 293 354 355 295 294 355 356 296 295 356 357 297 296 357 358 298 297 358 359 299 298 359 360 300 299 360 361 301 300 361 362 302 301 362 363 303 302 363 364 304 303 364 365 306 305 366 367 307 306 367 368 308 307 368 369 309 308 369 370 310 309 370 371 311 310 371 372 312 311 372 373 313 312 373 374 314 313 374 375 315 314 375 376 316 315 376 377 317 316 377 378 318 317 378 379 319 318 379 380 320 319 380 381 321 320 381 382 322 321 382 383 323 322 383 384 324 323 384 385 325 324 385 386 326 325 386 387 327 326 387 388 328 327 388 389 329 328 389 390 330 329 390 391 331 330 391 392 332 331 392 393 333 332 393 394 334 333 394 395 335 334 395 396 336 335 396 397 337 336 397 398 338 337 398 399 339 338 399 400 340 339 400 401 341 340 401 402 342 341 402 403 343 342 403 404 344 343 404 405 345 344 405 406 346 345 406 407 347 346 407 408 348 347 408 409 349 348 409 410 350 349 410 411 351 350 411 412 352 351 412 413 353 352 413 414 354 353 414 415 355 354 415 416 356 355 416 417 357 356 417 418 358 357 418 419 359 358 419 420 360 359 420 421 361 360 421 422 362 361 422 423 363 362 423 424 364 363 424 425 365 364 425 426 367 366 427 428 368 367 428 429 369 368 429 430 370 369 430 431 371 370 431 432 372 371 432 433 373 372 433 434 374 373 434 435 375 374 435 436 376 375 436 437 377 376 437 438 378 377 438 439 379 378 439 440 380 379 440 441 381 380 441 442 382 381 442 443 383 382 443 444 384 383 444 445 385 384 445 446 386 385 446 447 387 386 447 448 388 387 448 449 389 388 449 450 390 389 450 451 391 390 451 452 392 391 452 453 393 392 453 454 394 393 454 455 395 394 455 456 396 395 456 457 397 396 457 458 398 397 458 459 399 398 459 460 400 399 460 461 401 400 461 462 402 401 462 463 403 402 463 464 404 403 464 465 405 404 465 466 406 405 466 467 407 406 467 468 408 407 468 469 409 408 469 470 410 409 470 471 411 410 471 472 412 411 472 473 413 412 473 474 414 413 474 475 415 414 475 476 416 415 476 477 417 416 477 478 418 417 478 479 419 418 479 480 420 419 480 481 421 420 481 482 422 421 482 483 423 422 483 484 424 423 484 485 425 424 485 486 426 425 486 487 428 427 488 489 429 428 489 490 430 429 490 491 431 430 491 492 432 431 492 493 433 432 493 494 434 433 494 495 435 434 495 496 436 435 496 497 437 436 497 498 438 437 498 499 439 438 499 500 440 439 500 501 441 440 501 502 442 441 502 503 443 442 503 504 444 443 504 505 445 444 505 506 446 445 506 507 447 446 507 508 448 447 508 509 449 448 509 510 450 449 510 511 451 450 511 512 452 451 512 513 453 452 513 514 454 453 514 515 455 454 515 516 456 455 516 517 457 456 517 518 458 457 518 519 459 458 519 520 460 459 520 521 461 460 521 522 462 461 522 523 463 462 523 524 464 463 524 525 465 464 525 526 466 465 526 527 467 466 527 528 468 467 528 529 469 468 529 530 470 469 530 531 471 470 531 532 472 471 532 533 473 472 533 534 474 473 534 535 475 474 535 536 476 475 536 537 477 476 537 538 478 477 538 539 479 478 539 540 480 479 540 541 481 480 541 542 482 481 542 543 483 482 543 544 484 483 544 545 485 484 545 546 486 485 546 547 487 486 547 548
        </DataArray>
        <DataArray type="Int32" Name="offsets" format="ascii">
          4 8 12 16 20 24 28 32 36 40 44 48 52 56 60 64 68 72 76 80 84 88 92 96 100 104 108 112 116 120 124 128 132 136 140 144 148 152 156 160 164 168 172 176 180 184 188 192 196 200 204 208 212 216 220 224 228 232 236 240 244 248 252 256 260 264 268 272 276 280 284 288 292 296 300 304 308 312 316 320 324 328 332 336 340 344 348 352 356 360 364 368 372 376 380 384 388 392 396 400 404 408 412 416 420 424 428 432 436 440 444 448 452 456 460 464 468 472 476 480 484 488 492 496 500 504 508 512 516 520 524 528 532 536 540 544 548 552 556 560 564 568 572 576 580 584 588 592 596 600 604 608 612 616 620 624 628 632 636 640 644 648 652 656 660 664 668 672 676 680 684 688 692 696 700 704 708 712 716 720 724 728 732 736 740 744 748 752 756 760 764 768 772 776 780 784 788 792 796 800 804 808 812 816 820 824 828 832 836 840 844 848 852 856 860 864 868 872 876 880 884 888 892 896 900 904 908 912 916 920 924 928 932 936 940 944 948 952 956 960 964 968 972 976 980 984 988 992 996 1000 1004 1008 1012 1016 1020 1024 1028 1032 1036 1040 1044 1048 1052 1056 1060 1064 1068 1072 1076 1080 1084 1088 1092 1096 1100 1104 1108 1112 1116 1120 1124 1128 1132 1136 1140 1144 1148 1152 1156 1160 1164 1168 1172 1176 1180 1184 1188 1192 1196 1200 1204 1208 1212 1216 1220 1224 1228 1232 1236 1240 1244 1248 1252 1256 1260 1264 1268 1272 1276 1280 1284 1288 1292 1296 1300 1304 1308 1312 1316 1320 1324 1328 1332 1336 1340 1344 1348 1352 1356 1360 1364 1368 1372 1376 1380 1384 1388 1392 1396 1400 1404 1408 1412 1416 1420 1424 1428 1432 1436 1440 1444 1448 1452 1456 1460 1464 1468 1472 1476 1480 1484 1488 1492 1496 1500 1504 1508 1512 1516 1520 1524 1528 1532 1536 1540 1544 1548 1552 1556 1560 1564 1568 1572 1576 1580 1584 1588 1592 1596 1600 1604 1608 1612 1616 1620 1624 1628 1632 1636 1640 1644 1648 1652 1656 1660 1664 1668 1672 1676 1680 1684 1688 1692 1696 1700 1704 1708 1712 1716 1720 1724 1728 1732 1736 1740 1744 1748 1752 1756 1760 1764 1768 1772 1776 1780 1784 1788 1792 1796 1800 1804 1808 1812 1816 1820 1824 1828 1832 1836 1840 1844 1848 1852 1856 1860 1864 1868 1872 1876 1880 1884 1888 1892 1896 1900 1904 1908 1912 1916 1920
        </DataArray>
        <DataArray type="UInt8" Name="types" format="ascii">
          9 9 9 9 9 9 9 9 9 9 9 9 9 9 9 9 9 9 9 9 9 9 9 9 9 9 9 9 9 9 9 9 9 9 9 9 9 9 9 9 9 9 9 9 9 9 9 9 9 9 9 9 9 9 9 9 9 9 9 9 9 9 9 9 9 9 9 9 9 9 9 9 9 9 9 9 9 9 9 9 9 9 9 9 9 9 9 9 9 9 9 9 9 9 9 9 9 9 9 9 9 9 9 9 9 9 9 9 9 9 9 9 9 9 9 9 9 9 9 9 9 9 9 9 9 9 9 9 9 9 9 9 9 9 9 9 9 9 9 9 9 9 9 9 9 9 9 9 9 9 9 9 9 9 9 9 9 9 9 9 9 9 9 9 9 9 9 9 9 9 9 9 9 9 9 9 9 9 9 9 9 9 9 9 9 9 9 9 9 9 9 9 9 9 9 9 9 9 9 9 9 9 9 9 9 9 9 9 9 9 9 9 9 9 9 9 9 9 9 9 9 9 9 9 9 9 9 9 9 9 9 9 9 9 9 9 9 9 9 9 9 9 9 9 9 9 9 9 9 9 9 9 9 9 9 9 9 9 9 9 9 9 9 9 9 9 9 9 9 9 9 9 9 9 9 9 9 9 9 9 9 9 9 9 9 9 9 9 9 9 9 9 9 9 9 9 9 9 9 9 9 9 9 9 9 9 9 9 9 9 9 9 9 9 9 9 9 9 9 9 9 9 9 9 9 9 9 9 9 9 9 9 9 9 9 9 9 9 9 9 9 9 9 9 9 9 9 9 9 9 9 9 9 9 9 9 9 9 9 9 9 9 9 9 9 9 9 9 9 9 9 9 9 9 9 9 9 9 9 9 9 9 9 9 9 9 9 9 9 9 9 9 9 9 9 9 9 9 9 9 9 9 9 9 9 9 9 9 9 9 9 9 9 9 9 9 9 9 9 9 9 9 9 9 9 9 9 9 9 9 9 9 9 9 9 9 9 9 9 9 9 9 9 9 9 9 9 9 9 9 9 9 9 9 9 9 9 9 9 9 9 9 9 9 9 9 9 9 9 9 9 9 9 9 9 9 9 9 9 9
        </DataArray>
      </Cells>
    </Piece>
  </UnstructuredGrid>
</VTKFile>
