contour,relative_angle_deg,radius_мм,sigma_rr_mpa,sigma_tt_mpa,tau_rt_mpa
inner,-30.000000000000068,249.99999999999994,0.3353581128694017,0.2017735697633791,0.1558768669869251
inner,-29.850000000000026,249.99999999999997,0.2596920547626437,0.17560721758801426,0.13239203849249098
inner,-29.700000000000088,249.99999999999997,0.16343011809327646,0.14376670721818124,0.09681033425011987
inner,-29.550000000000043,249.99999999999997,0.13216815985579766,0.13225472663129342,0.07760796068368286
inner,-29.400000000000105,249.99999999999997,0.11411036374980854,0.1227882736710866,0.06638700142555863
inner,-29.250000000000064,249.99999999999994,0.10222810059949514,0.11524535023070037,0.05884549730800584
inner,-29.100000000000122,249.99999999999994,0.09341085207399394,0.10892334733152872,0.05327738241034004
inner,-28.95000000000008,249.99999999999997,0.08645031260706507,0.10352861133350164,0.04889003303418839
inner,-28.800000000000143,249.99999999999994,0.08070645839383066,0.09882945376640415,0.045280794643571515
inner,-28.6500000000001,249.99999999999997,0.07582064994283375,0.09466541204067881,0.042220384891651454
inner,-28.50000000000006,249.99999999999997,0.0715694335072293,0.09091802298034965,0.03956693769894773
inner,-28.35000000000012,249.99999999999997,0.06780538977844817,0.08749958832702366,0.037226535479246245
inner,-28.200000000000077,249.99999999999994,0.06442593153461634,0.08434396764129128,0.03513377586254553
inner,-28.05000000000014,249.99999999999997,0.061356730760647626,0.08140063806436165,0.033241247759265
inner,-27.900000000000098,249.99999999999994,0.058542050891458586,0.07863049364073652,0.03151344691562049
inner,-27.750000000000156,249.99999999999997,0.0559388735314674,0.07600290995081319,0.029923050265961697
inner,-27.600000000000115,249.99999999999997,0.05351315497876169,0.07349364653140716,0.02844853272771382
inner,-27.450000000000177,249.99999999999997,0.05123735524037519,0.071083330839298,0.02707258637727318
inner,-27.300000000000132,249.99999999999997,0.04908875421452129,0.06875634656480031,0.025781039922179123
inner,-27.150000000000194,249.99999999999997,0.04704827310702646,0.06650000811529463,0.024562100858637352
inner,-27.000000000000153,249.99999999999994,0.045099629704860866,0.06430394013515357,0.023405811883556046
inner,-26.85000000000021,249.99999999999997,0.04322872015039929,0.062159605933539586,0.02230365315810059
inner,-26.70000000000017,249.99999999999994,0.041423157930904425,0.06005994539868656,0.021248246065954594
inner,-26.55000000000023,249.99999999999997,0.0396719242343299,0.05799909436493161,0.020233128995136282
inner,-26.40000000000019,249.99999999999994,0.037965098641332316,0.05597216524296176,0.01925258514216198
inner,-26.25000000000025,249.99999999999994,0.036293648736308894,0.053975074208002904,0.01830150849967356
inner,-26.100000000000207,249.99999999999997,0.03464926357152069,0.052004404099466287,0.017375298286435796
inner,-25.950000000000166,249.99999999999994,0.033024220222725845,0.050057294959963486,0.016469774851042458
inner,-25.800000000000228,249.99999999999994,0.03141127563457795,0.048131356145946026,0.015581111994097487
inner,-25.650000000000187,249.99999999999994,0.02980357801462396,0.04622459539640453,0.014705781992133678
inner,-25.500000000000245,249.99999999999994,0.028194593504550683,0.044335361333197945,0.013840510554316596
inner,-25.350000000000204,249.99999999999994,0.02657804491802472,0.042462296677527274,0.012982239628131676
inner,-25.200000000000266,249.99999999999997,0.024947860087630037,0.04060430005226396,0.012128096468881931
inner,-25.050000000000225,249.99999999999997,0.023298127945555948,0.03876049471632944,0.011275367754232175
inner,-24.900000000000283,249.99999999999997,0.02162306088255447,0.03693020293256487,0.010421477796048819
inner,-24.75000000000024,249.99999999999994,0.019916962232794752,0.03511292492044958,0.009563970111112987
inner,-24.600000000000303,249.99999999999994,0.018174197994390923,0.03330832157303647,0.00870049176658753
inner,-24.45000000000026,249.99999999999997,0.01638917206628796,0.031516200270946634,0.007828780035612465
inner,-24.30000000000032,249.99999999999997,0.014556304428675648,0.029736503254519382,0.006946650992894394
inner,-24.15000000000028,249.99999999999994,0.012670011815606034,0.02796929812825244,0.006051989749465622
inner,-24.000000000000288,249.99999999999997,0.010724690501711515,0.026214770133385388,0.005142742085861774
inner,-23.850000000000296,249.99999999999994,0.008714700907994404,0.024473215902023226,0.004216907285475336
inner,-23.70000000000031,249.99999999999997,0.006634353778907553,0.022745038451499472,0.00327253200592861
inner,-23.550000000000317,249.99999999999997,0.0044778977345982145,0.021030743220952983,0.0023077050561740855
inner,-23.400000000000276,249.99999999999997,0.0022395080362711435,0.019330934981199095,0.0013205529705736245
inner,-23.250000000000334,249.99999999999997,-8.67235668266398e-05,0.017646315478318863,0.0003092362882354963
inner,-23.100000000000293,249.99999999999997,-0.002506798012369666,0.01597768169650645,-0.0007280535374855242
inner,-22.950000000000355,249.99999999999997,-0.005026817209090923,0.014325924632724078,-0.0017930966600221256
inner,-22.800000000000313,250.0,-0.007652991496393088,0.01269202849445485,-0.0028876468436658588
inner,-22.65000000000037,249.99999999999997,-0.010391646327760459,0.011077070248428827,-0.004013432993276559
inner,-22.50000000000033,249.99999999999997,-0.013249228218734303,0.009482219447718269,-0.00517216024437528
inner,-22.35000000000034,249.99999999999997,-0.01623230998397228,0.007908738275441808,-0.0063655106418512904
inner,-22.20000000000035,249.99999999999997,-0.019347595278937296,0.006357981751398173,-0.007595143431606357
inner,-22.05000000000036,249.99999999999997,-0.022601922455296953,0.004831398045040066,-0.008862694983127674
inner,-21.900000000000368,250.0,-0.02600226772434138,0.00333052884679386,-0.010169778357940033
inner,-21.750000000000377,249.99999999999997,-0.029555747621728155,0.001857009748628709,-0.011517982535457438
inner,-21.600000000000385,249.99999999999994,-0.03326962075642485,0.00041257058805703874,-0.012908871304781829
inner,-21.450000000000447,249.99999999999997,-0.03715128881764323,-0.0010009642880785012,-0.014343981828422742
inner,-21.300000000000406,250.0,-0.04120829681465544,-0.0023816758917179605,-0.01582482288192388
inner,-21.150000000000464,250.0,-0.04544833251493833,-0.003727550639285088,-0.017352872772183264
inner,-21.000000000000423,249.99999999999997,-0.04987922503177971,-0.005036480613579308,-0.018929576934567496
inner,-20.850000000000485,249.99999999999997,-0.054508942525849445,-0.006306264103520719,-0.020556345208464503
inner,-20.70000000000039,250.0,-0.05934558896471281,-0.007534606464139734,-0.022234548790639193
inner,-20.550000000000402,250.00000000000003,-0.06439739988396731,-0.008719121344774126,-0.023965516864458143
inner,-20.40000000000046,250.0,-0.06967273709566671,-0.009857332346154745,-0.025750532901306716
inner,-20.25000000000042,250.00000000000003,-0.07518008227620898,-0.010946675152971465,-0.027590830633731467
inner,-20.100000000000428,250.00000000000003,-0.08092802937189314,-0.011984500198451918,-0.0294875896985007
inner,-19.95000000000044,249.99999999999997,-0.08692527575184258,-0.0129680759186981,-0.03144193094640178
inner,-19.800000000000498,250.0,-0.0931806120366092,-0.013894592650777622,-0.03345491141933699
inner,-19.650000000000457,250.0,-0.09970291053242833,-0.014761167232025038,-0.035527518994854686
inner,-19.500000000000465,250.00000000000003,-0.10650111219624889,-0.015564848358189503,-0.03766066669947021
inner,-19.350000000000477,250.0,-0.11358421205671919,-0.016302622753993783,-0.03985518669421747
inner,-19.200000000000486,250.00000000000003,-0.1209612430191028,-0.016971422211658985,-0.04211182393682378
inner,-19.050000000000495,250.00000000000006,-0.12864125797918788,-0.017568131548182,-0.044431229527748625
inner,-18.900000000000503,250.00000000000003,-0.13663331018094274,-0.01808959752889778,-0.046813953750729824
inner,-18.75000000000051,250.0,-0.14494643175855162,-0.018532638775872745,-0.04926043882845201
inner,-18.600000000000524,250.00000000000003,-0.1535896104503011,-0.018894056670787657,-0.05177101142619364
inner,-18.450000000000532,250.00000000000003,-0.1625717645274559,-0.019170647141176254,-0.05434587498642464
inner,-18.30000000000054,250.00000000000003,-0.17190171617035896,-0.019359213096558997,-0.05698510204355447
inner,-18.1500000000005,250.0,-0.181588163757715,-0.01945657703868564,-0.059688626781218695
inner,-18.000000000000508,250.00000000000003,-0.19163965390864315,-0.019459593132859727,-0.062456238216948984
inner,-17.850000000000517,250.00000000000003,-0.20206455435936707,-0.01936515784587053,-0.06528757444507424
inner,-17.70000000000053,249.99999999999997,-0.212871028819091,-0.019170219382040478,-0.06818211795738749
inner,-17.550000000000587,250.00000000000003,-0.22406701353300557,-0.018871786989453746,-0.07113919159980685
inner,-17.400000000000546,250.00000000000003,-0.23566019399322324,-0.018466941969980437,-0.07415795434775692
inner,-17.250000000000554,250.00000000000003,-0.24765797942221593,-0.017952851713545038,-0.07723739627789056
inner,-17.100000000000566,250.00000000000006,-0.26006747312864237,-0.017326785373041373,-0.08037633302833894
inner,-16.950000000000575,250.00000000000006,-0.2728954400435032,-0.016586131720911626,-0.08357339977525388
inner,-16.800000000000583,250.00000000000003,-0.2861482714849031,-0.015728417564262413,-0.08682704537683508
inner,-16.650000000000592,250.0,-0.29983194888839326,-0.014751324627814269,-0.09013552746793756
inner,-16.5000000000006,250.00000000000003,-0.31395200912985555,-0.013652707746024704,-0.09349690786709748
inner,-16.350000000000612,250.00000000000003,-0.3285135088618987,-0.012430612008921982,-0.09690904881884206
inner,-16.20000000000062,250.00000000000006,-0.34352098999589337,-0.01108328993616222,-0.1003696099236862
inner,-16.05000000000063,250.0,-0.3589784456227905,-0.009609217311927685,-0.10387604610753756
inner,-15.90000000000064,250.00000000000006,-0.37488928758154055,-0.00800710916847652,-0.10742560619828295
inner,-15.7500000000007,250.00000000000003,-0.3912563143732195,-0.006275935956144882,-0.111015332047127
inner,-15.600000000000659,250.00000000000006,-0.40808167940734724,-0.004414938037715105,-0.11464205878867854
inner,-15.450000000000667,250.00000000000006,-0.4253668614993652,-0.002423638398182859,-0.11830241630821972
inner,-15.300000000000626,250.00000000000006,-0.4431126379952556,-0.00030185657969812943,-0.12199283100583094
inner,-15.150000000000635,250.00000000000009,-0.46131905753195285,0.0019502800364380518,-0.1257095288970229
inner,-15.000000000000645,250.00000000000003,-0.47998541606539125,0.004332326608725783,-0.1294485398167013
inner,-14.850000000000653,250.00000000000006,-0.4991102356979426,0.006843510261520223,-0.13320570197223525
inner,-14.700000000000664,250.00000000000006,-0.5186912436257989,0.009482723757097305,-0.1369766682018706
inner,-14.550000000000672,250.00000000000003,-0.5387253562968433,0.012248519296539322,-0.1407569129090186
inner,-14.400000000000631,250.00000000000003,-0.5592086651381268,0.015139104266703667,-0.14454173997782038
inner,-14.25000000000064,250.00000000000003,-0.5801364251794409,0.018152338686956013,-0.1483262916002095
inner,-14.10000000000065,250.00000000000006,-0.6015030467795429,0.021285733803683926,-0.15210555788825608
inner,-13.95000000000071,250.0,-0.6233020900221506,0.02453645495443884,-0.15587438807810397
inner,-13.800000000000669,250.00000000000006,-0.6455262645657053,0.027901323960071396,-0.15962750185266816
inner,-13.650000000000627,250.00000000000009,-0.6681674304115466,0.03137682266914645,-0.1633595012179602
inner,-13.500000000000636,250.00000000000006,-0.6912166012565866,0.03495910206448424,-0.16706488417874207
inner,-13.350000000000646,250.00000000000003,-0.7146639548591108,0.038643989615112825,-0.17073805807570114
inner,-13.200000000000655,250.00000000000003,-0.7384988432799492,0.042427000305582815,-0.1743733539912094
inner,-13.050000000000614,250.00000000000003,-0.7627098079610908,0.04630334977680186,-0.1779650417523851
inner,-12.900000000000622,249.99999999999997,-0.7872845983907918,0.05026796686441104,-0.18150734472091
inner,-12.750000000000632,250.00000000000003,-0.8122101917936587,0.05431551135507497,-0.18499445598004793
inner,-12.600000000000641,250.00000000000006,-0.8374728192044846,0.05844039091941051,-0.18842055404096605
inner,-12.450000000000651,250.00000000000003,-0.8630579919391924,0.06263677836283443,-0.191779818406786
inner,-12.300000000000608,250.00000000000003,-0.8889505299908256,0.06689863427311615,-0.19506644648828056
inner,-12.150000000000619,250.0,-0.9151345971056124,0.07121972797634919,-0.19827466959582396
inner,-12.000000000000627,250.00000000000003,-0.9415937349981014,0.07559365891242284,-0.20139876860963696
inner,-11.850000000000637,250.00000000000003,-0.9683108990802046,0.08001388093523662,-0.20443309012675007
inner,-11.700000000000596,250.00000000000006,-0.9952684985229796,0.08447372657923458,-0.2073720621395692
inner,-11.550000000000605,250.00000000000003,-1.0224484374150609,0.08896643258935,-0.2102102095325253
inner,-11.400000000000613,250.00000000000003,-1.049832157809703,0.09348516502046267,-0.21294216885109357
inner,-11.250000000000675,250.00000000000003,-1.077400683036374,0.098023044671091,-0.21556270260695845
inner,-11.100000000000632,250.00000000000003,-1.1051346622503186,0.10257317334132882,-0.2180667132565412
inner,-10.95000000000059,250.00000000000006,-1.1330144166029574,0.1071286597473319,-0.22044925644496208
inner,-10.80000000000065,249.99999999999997,-1.1610199856188146,0.11168264533633503,-0.22270555358347288
inner,-10.65000000000061,250.00000000000003,-1.1891311739428714,0.11622832976763545,-0.22483100369280506
inner,-10.50000000000067,250.00000000000003,-1.2173275981902585,0.12075899592841013,-0.22682119446878898
inner,-10.350000000000628,249.99999999999997,-1.245588733667863,0.1252680343286377,-0.22867191252975244
inner,-10.200000000000587,250.0,-1.2738939607289053,0.1297489667419614,-0.23037915281120797
inner,-10.050000000000596,250.00000000000003,-1.3022226105388675,0.1341954689573845,-0.23193912708048764
inner,-9.900000000000606,250.00000000000003,-1.3305540100392186,0.13860139251526712,-0.2333482715501221
inner,-9.750000000000563,250.00000000000003,-1.3588675258959857,0.14296078531668746,-0.2346032535751411
inner,-9.600000000000573,250.0,-1.387142607246393,0.1472679109957334,-0.235700977426465
inner,-9.450000000000582,250.00000000000006,-1.4153588270617958,0.15151726696074252,-0.23663858913779637
inner,-9.300000000000592,249.99999999999997,-1.4434959219509076,0.15570360102527098,-0.23741348043020122
inner,-9.1500000000006,249.99999999999997,-1.4715338302585825,0.1598219265492941,-0.2380232917246906
inner,-9.00000000000056,249.99999999999997,-1.499452728316716,0.16386753603506993,-0.23846591425754463
inner,-8.85000000000062,249.99999999999997,-1.5272330647149834,0.16783601311603624,-0.23873949131310837
inner,-8.700000000000578,249.99999999999997,-1.5548555924702672,0.1717232428236528,-0.2388424185901242
inner,-8.550000000000587,250.0,-1.5823013991159114,0.17552542063009424,-0.23877334389233884
inner,-8.400000000000597,249.99999999999997,-1.6095519349233784,0.17923905945738175,-0.23853116585946532
inner,-8.250000000000556,249.99999999999994,-1.6365890381967172,0.18286099474991005,-0.23811503190081607
inner,-8.100000000000616,249.99999999999994,-1.6633949581274976,0.18638838833266796,-0.23752433559965538
inner,-7.950000000000574,250.0,-1.6899523758567034,0.18981873048692105,-0.23675871336773535
inner,-7.800000000000634,249.99999999999994,-1.716244422938051,0.19314984042136066,-0.23581804048736682
inner,-7.650000000000593,249.99999999999994,-1.7422546974242437,0.19637986511361552,-0.23470242657685736
inner,-7.500000000000552,249.99999999999997,-1.7679672777823583,0.19950727705587973,-0.2334122106775546
inner,-7.350000000000612,249.99999999999994,-1.7933667348292937,0.2025308701791419,-0.23194795567607093
inner,-7.2000000000005695,249.99999999999997,-1.8184381407191605,0.20544975412422545,-0.23031044227915418
inner,-7.050000000000528,250.0,-1.8431670757129301,0.20826334764990453,-0.22850066280589684
inner,-6.900000000000588,249.99999999999997,-1.8675396333627032,0.21097137058405416,-0.22651981453310796
inner,-6.750000000000547,249.99999999999997,-1.8915424235262215,0.21357383496624627,-0.22436929292209595
inner,-6.6000000000005565,250.0,-1.9151625738221048,0.21607103501711436,-0.22205068451186313
inner,-6.450000000000566,249.99999999999997,-1.938387728769613,0.2184635357827157,-0.21956575954126822
inner,-6.300000000000524,249.99999999999997,-1.9612060469263222,0.22075216116825935,-0.216916464598553
inner,-6.150000000000533,249.99999999999997,-1.9836061968311298,0.2229379811411302,-0.21410491512870183
inner,-6.000000000000543,249.99999999999997,-2.005577351559522,0.2250222986202977,-0.2111333880289427
inner,-5.850000000000552,249.99999999999997,-2.027109182160289,0.2270066355177206,-0.20800431406134953
inner,-5.700000000000511,250.0,-2.04819184915607,0.22889271798845112,-0.20472027025992318
inner,-5.55000000000052,249.99999999999994,-2.0688159928131533,0.2306824615842244,-0.20128397256688801
inner,-5.400000000000529,249.99999999999994,-2.0889727230225184,0.23237795627536267,-0.19769826856182074
inner,-5.250000000000538,249.99999999999997,-2.1086536083212994,0.23398145118146382,-0.19396613023413523
inner,-5.100000000000497,250.0,-2.127850663726717,0.23549533888002339,-0.19009064683442703
inner,-4.950000000000506,249.99999999999997,-2.14655633767954,0.23692213978198343,-0.18607501800646706
inner,-4.800000000000516,249.99999999999997,-2.164763498881083,0.2382644867566576,-0.18192254715210884
inner,-4.650000000000525,249.99999999999997,-2.1824654228458753,0.23952510977613636,-0.1776366349118447
inner,-4.500000000000535,249.99999999999997,-2.199655777707985,0.24070682048644682,-0.17322077281414988
inner,-4.350000000000493,250.0,-2.2163286095997776,0.24181249705479443,-0.16867853724429155
inner,-4.200000000000502,249.99999999999997,-2.2324783282658105,0.24284506952384166,-0.16401358370500194
inner,-4.050000000000511,250.0,-2.24809969273858,0.24380750538035642,-0.15922964121283273
inner,-3.900000000000521,250.0,-2.263187796577622,0.24470279526197258,-0.15433050692016517
inner,-3.750000000000479,249.99999999999997,-2.2777380531653684,0.24553393923670333,-0.14932004111202848
inner,-3.6000000000004886,250.0,-2.291746181545828,0.24630393360848235,-0.14420216241798453
inner,-3.450000000000498,250.00000000000003,-2.305208192357234,0.24701575807100568,-0.13898084321861215
inner,-3.300000000000507,250.00000000000003,-2.318120373771581,0.24767236324051733,-0.1336601053146076
inner,-3.1500000000005164,250.00000000000006,-2.3304792778804155,0.2482766588619838,-0.12824401592630358
inner,-3.0000000000004747,250.00000000000003,-2.3422817076675773,0.2488315025272479,-0.12273668385923103
inner,-2.850000000000484,250.00000000000006,-2.3535247041507192,0.24933968880078586,-0.11714225588860515
inner,-2.7000000000004936,250.0,-2.364205533907699,0.24980393893292482,-0.11146491342645998
inner,-2.550000000000503,250.00000000000003,-2.374321677279708,0.25022689118740027,-0.1057088694056287
inner,-2.4000000000004613,250.0,-2.383870817060171,0.2506110916680703,-0.09987836533433109
inner,-2.2500000000004707,250.00000000000003,-2.3928508275511224,0.2509589856320411,-0.0939776685617247
inner,-2.10000000000048,250.00000000000006,-2.4012597642592843,0.25127290942694197,-0.08801106978266411
inner,-1.9500000000004893,250.00000000000006,-2.4090958542638683,0.251555082977459,-0.0819828806763401
inner,-1.8000000000004988,250.00000000000006,-2.416357487027905,0.25180760273924246,-0.07589743171448449
inner,-1.650000000000457,250.00000000000006,-2.4230432058201403,0.2520324352157289,-0.06975907016509061
inner,-1.5000000000004665,250.00000000000006,-2.4291516998302303,0.25223141102654467,-0.06357215822418964
inner,-1.3500000000004757,250.00000000000006,-2.4346817968516064,0.2524062194576123,-0.05734107127832883
inner,-1.2000000000004851,250.00000000000006,-2.4396324565566383,0.2525584035167747,-0.05107019630564048
inner,-1.0500000000004945,250.00000000000003,-2.4440027644414246,0.25268935551206995,-0.04476393039505748
inner,-0.9000000000004529,250.00000000000003,-2.447791926410333,0.2528003131120576,-0.03842667935753658
inner,-0.7500000000004622,250.0,-2.4509992639579834,0.25289235587866166,-0.03206285643292062
inner,-0.6000000000004716,250.00000000000006,-2.453624210005985,0.2529664022890743,-0.025676881084500443
inner,-0.4500000000004809,250.00000000000003,-2.4556663053949284,0.2530232072276128,-0.01927317785426848
inner,-0.30000000000043936,249.99999999999997,-2.457125195991021,0.25306335993928,-0.012856175277225266
inner,-0.15000000000044866,249.99999999999994,-2.4580006304397592,0.2530872824437081,-0.006430304844854547
inner,-4.579998741307465e-13,249.99999999999997,-2.458292458572747,0.25309522840183674,-2.4732338204221865e-14
inner,0.14999999999958355,249.99999999999997,-2.458000630440343,0.2530872824431437,0.006430304844839563
inner,0.2999999999995233,250.0,-2.4571251959905673,0.25306335993907997,0.012856175277191165
inner,0.4499999999995649,250.0,-2.4556663053947836,0.25302320722645455,0.01927317785414752
inner,0.5999999999995556,250.00000000000006,-2.4536242100054317,0.25296640228820055,0.02567688108437393
inner,0.7499999999995463,250.00000000000003,-2.450999263956887,0.25289235587825587,0.03206285643288483
inner,0.899999999999537,250.00000000000006,-2.447791926409775,0.2528003131111399,0.03842667935745552
inner,1.0499999999995784,250.00000000000003,-2.444002764440793,0.25268935551164945,0.04476393039481276
inner,1.1999999999995692,250.00000000000003,-2.439632456556824,0.252558403515792,0.05107019630541369
inner,1.3499999999995598,250.00000000000009,-2.4346817968518035,0.25240621945646996,0.0573410712781562
inner,1.4999999999995506,250.00000000000006,-2.429151699830343,0.2522314110262512,0.06357215822398708
inner,1.6499999999995412,250.00000000000009,-2.42304320582155,0.25203243521566304,0.06975907016495213
inner,1.7999999999995826,250.00000000000006,-2.4163574870288884,0.25180760273979,0.075897431714434
inner,1.9499999999995734,250.00000000000003,-2.409095854262987,0.2515550829787726,0.0819828806762784
inner,2.099999999999564,250.00000000000006,-2.4012597642583713,0.2512729094276283,0.08801106978251869
inner,2.2499999999995546,250.00000000000003,-2.392850827550955,0.2509589856323072,0.0939776685615808
inner,2.3999999999995962,250.00000000000006,-2.383870817060005,0.25061109166883616,0.0998783653342827
inner,2.549999999999587,250.00000000000006,-2.37432167728052,0.2502268911872996,0.10570886940564404
inner,2.6999999999995774,250.00000000000009,-2.36420553390857,0.24980393893304376,0.11146491342633381
inner,2.8499999999995684,250.00000000000003,-2.353524704150883,0.24933968880221527,0.11714225588845362
inner,2.9999999999996096,250.0,-2.3422817076669746,0.24883150252927375,0.12273668385920189
inner,3.1499999999996007,250.0,-2.33047927787842,0.24827665886413533,0.12824401592626014
inner,3.2999999999995913,249.99999999999997,-2.31812037376958,0.2476723632418556,0.13366010531446232
inner,3.449999999999582,250.0,-2.3052081923562042,0.24701575807215276,0.13898084321852994
inner,3.5999999999996235,250.0,-2.2917461815458586,0.24630393360942954,0.14420216241811826
inner,3.749999999999614,249.99999999999997,-2.2777380531654723,0.24553393923744643,0.14932004111218072
inner,3.8999999999996047,250.00000000000003,-2.2631877965775,0.24470279526279184,0.15433050692025085
inner,4.049999999999596,249.99999999999997,-2.24809969273837,0.24380750538119045,0.1592296412129068
inner,4.199999999999586,250.0,-2.2324783282651697,0.24284506952461699,0.16401358370500604
inner,4.3499999999996275,250.00000000000003,-2.2163286095989587,0.24181249705505853,0.16867853724420545
inner,4.499999999999618,250.0,-2.1996557777071057,0.24070682048602568,0.17322077281408155
inner,4.649999999999609,249.99999999999997,-2.18246542284451,0.23952510977581448,0.1776366349118513
inner,4.799999999999599,249.99999999999997,-2.1647634988798425,0.23826448675647668,0.18192254715215259
inner,4.949999999999591,250.00000000000003,-2.1465563376784327,0.2369221397819918,0.18607501800647266
inner,5.099999999999632,249.99999999999997,-2.127850663724722,0.235495338880554,0.19009064683437096
inner,5.2499999999996225,249.99999999999991,-2.108653608318311,0.23398145118179794,0.19396613023397152
inner,5.399999999999613,249.99999999999994,-2.0889727230197304,0.23237795627447022,0.19769826856151398
inner,5.549999999999604,249.99999999999994,-2.0688159928103653,0.23068246158348318,0.2012839725665168
inner,5.699999999999646,249.99999999999997,-2.0481918491530102,0.2288927179886418,0.2047202702596248
inner,5.849999999999636,249.99999999999997,-2.027109182157931,0.22700663551791192,0.20800431406111003
inner,5.999999999999627,249.99999999999997,-2.005577351556941,0.2250222986212301,0.21113338802871867
inner,6.1499999999996176,249.99999999999994,-1.9836061968287348,0.2229379811415918,0.21410491512840732
inner,6.299999999999659,249.99999999999997,-1.9612060469230839,0.22075216116880408,0.216916464598151
inner,6.449999999999649,249.99999999999994,-1.9383877287654963,0.21846353578378594,0.219565759540766
inner,6.59999999999964,249.99999999999994,-1.91516257381881,0.2160710350177247,0.22205068451142687
inner,6.749999999999631,249.99999999999997,-1.891542423523931,0.21357383496609003,0.22436929292176605
inner,6.899999999999622,249.99999999999994,-1.8675396333600276,0.2109713705837953,0.22651981453276798
inner,7.049999999999663,249.99999999999994,-1.8431670757104714,0.2082633476489571,0.22850066280554315
inner,7.199999999999654,249.99999999999994,-1.8184381407185768,0.2054497541223129,0.2303104422789013
inner,7.349999999999644,249.99999999999997,-1.793366734829438,0.20253087017804128,0.23194795567596777
inner,7.499999999999635,249.99999999999997,-1.7679672777826654,0.19950727705530497,0.23341221067755094
inner,7.649999999999677,249.99999999999994,-1.7422546974256528,0.1963798651125065,0.2347024265770093
inner,7.799999999999668,249.99999999999997,-1.716244422940401,0.19314984042029837,0.23581804048769078
inner,7.949999999999658,249.99999999999997,-1.6899523758588755,0.18981873048639794,0.23675871336811216
inner,8.09999999999965,250.0,-1.6633949581296859,0.1863883883320127,0.2375243355998818
inner,8.249999999999691,250.00000000000003,-1.6365890381990278,0.18286099474940984,0.23811503190094374
inner,8.39999999999968,249.99999999999997,-1.6095519349255507,0.17923905945735133,0.2385311658596093
inner,8.549999999999672,249.99999999999997,-1.5823013991176533,0.175525420630533,0.2387733438925205
inner,8.699999999999662,249.99999999999997,-1.5548555924717375,0.1717232428238568,0.23884241859035105
inner,8.849999999999653,249.99999999999997,-1.5272330647160235,0.1678360131157397,0.23873949131337
inner,8.999999999999694,250.0,-1.499452728316927,0.16386753603516444,0.23846591425775074
inner,9.149999999999686,249.99999999999997,-1.4715338302591616,0.15982192654938948,0.23802329172488282
inner,9.299999999999676,249.99999999999997,-1.443495921952412,0.15570360102482927,0.23741348043045252
inner,9.449999999999667,249.99999999999997,-1.4153588270635444,0.15151726696008908,0.23663858913805022
inner,9.599999999999657,250.0,-1.387142607247765,0.14726791099520414,0.2357009774266356
inner,9.749999999999698,249.99999999999997,-1.3588675258971616,0.14296078531648151,0.23460325357519207
inner,9.89999999999969,250.0,-1.3305540100410032,0.13860139251525097,0.2333482715502668
inner,10.049999999999681,250.0,-1.302222610540467,0.13419546895813225,0.23193912708076161
inner,10.19999999999967,250.00000000000003,-1.2738939607299222,0.12974896674336714,0.23037915281148708
inner,10.349999999999712,250.0,-1.2455887336694165,0.12526803432957984,0.22867191253004626
inner,10.499999999999703,250.00000000000003,-1.2173275981922966,0.12075899592920489,0.22682119446915858
inner,10.649999999999693,250.0,-1.1891311739453723,0.1162283297681909,0.2248310036933084
inner,10.799999999999685,250.0,-1.1610199856221384,0.1116826453359086,0.22270555358400457
inner,10.949999999999676,250.00000000000003,-1.1330144166058058,0.10712865974724174,0.2204492564454344
inner,11.099999999999717,250.0,-1.1051346622524696,0.10257317334174051,0.21806671325697302
inner,11.249999999999707,250.00000000000003,-1.0774006830380296,0.09802304467181416,0.21556270260733854
inner,11.399999999999698,250.0,-1.0498321578118095,0.09348516502083626,0.21294216885150097
inner,11.549999999999688,250.0,-1.022448437417601,0.08896643258937847,0.2102102095329186
inner,11.699999999999731,250.0,-0.9952684985247375,0.0844737265798686,0.20737206213985174
inner,11.84999999999972,250.00000000000003,-0.9683108990817467,0.08001388093603193,0.20443309012696476
inner,11.999999999999712,250.00000000000003,-0.9415937349997182,0.07559365891355804,0.20139876860986894
inner,12.149999999999702,250.00000000000003,-0.9151345971072673,0.07121972797789533,0.19827466959606743
inner,12.299999999999693,250.0,-0.8889505299927025,0.06689863427497282,0.1950664464886429
inner,12.449999999999735,250.00000000000003,-0.8630579919413602,0.06263677836469346,0.19177981840740382
inner,12.599999999999724,250.00000000000006,-0.8374728192077193,0.05844039092052078,0.1884205540417389
inner,12.749999999999716,250.00000000000003,-0.8122101917977042,0.05431551135621743,0.1849944559810096
inner,12.899999999999707,250.00000000000006,-0.7872845983943889,0.05026796686612729,0.1815073447218972
inner,13.049999999999748,250.00000000000003,-0.7627098079645359,0.046303349778114705,0.17796504175325795
inner,13.199999999999738,250.00000000000003,-0.7384988432837646,0.042427000306337594,0.1743733539921785
inner,13.34999999999973,250.00000000000003,-0.7146639548639881,0.03864398961484736,0.17073805807676262
inner,13.49999999999972,250.00000000000003,-0.6912166012613076,0.03495910206402269,0.16706488417973503
inner,13.649999999999762,250.00000000000003,-0.6681674304154247,0.031376822668948194,0.16335950121863593
inner,13.799999999999752,250.00000000000003,-0.6455262645693235,0.027901323960281464,0.1596275018531804
inner,13.949999999999743,250.00000000000003,-0.6233020900253318,0.024536454955445916,0.15587438807870913
inner,14.099999999999733,250.00000000000006,-0.6015030467820458,0.021285733805120034,0.15210555788887037
inner,14.249999999999725,250.00000000000003,-0.5801364251811996,0.018152338688485613,0.1483262916007932
inner,14.399999999999766,250.00000000000006,-0.5592086651406417,0.015139104266932601,0.14454173997833228
inner,14.549999999999757,250.00000000000006,-0.5387253563006934,0.01224851929587519,0.14075691290962744
inner,14.699999999999747,250.00000000000006,-0.5186912436303741,0.00948272375697777,0.13697666820274398
inner,14.849999999999739,250.00000000000003,-0.4991102357023823,0.006843510262558176,0.1332057019733473
inner,14.99999999999978,250.00000000000006,-0.4799854160694533,0.004332326610402804,0.1294485398179414
inner,15.14999999999977,250.00000000000003,-0.4613190575356885,0.0019502800381947846,0.1257095288981602
inner,15.299999999999761,250.00000000000003,-0.44311263799827866,-0.00030185657747180007,0.12199283100682311
inner,15.44999999999975,250.00000000000006,-0.42536686150302866,-0.0024236383966035977,0.11830241630915818
inner,15.599999999999742,250.00000000000003,-0.4080816794119044,-0.0044149380362580835,0.11464205878974103
inner,15.749999999999783,250.00000000000003,-0.39125631437787045,-0.006275935953787024,0.11101533204840923
inner,15.899999999999775,250.00000000000006,-0.37488928758644263,-0.008007109166203168,0.1074256061995466
inner,16.049999999999766,250.00000000000006,-0.35897844562796966,-0.009609217309887851,0.10387604610876305
inner,16.199999999999754,250.00000000000006,-0.34352099000092534,-0.011083289933531821,0.1003696099250178
inner,16.3499999999998,250.00000000000003,-0.3285135088677879,-0.01243061200634808,0.09690904882022873
inner,16.499999999999787,250.00000000000006,-0.3139520091363811,-0.013652707743021002,0.09349690786855719
inner,16.64999999999978,250.00000000000003,-0.2998319488943083,-0.01475132462373437,0.09013552746954481
inner,16.79999999999977,250.00000000000006,-0.2861482714911031,-0.015728417560401633,0.0868270453785264
inner,16.94999999999976,250.00000000000003,-0.27289544004933197,-0.016586131716466078,0.08357339977703288
inner,17.099999999999802,250.00000000000003,-0.2600674731333882,-0.017326785368047624,0.080376333030059
inner,17.24999999999979,250.00000000000003,-0.24765797942733553,-0.01795285170994382,0.07723739627945507
inner,17.399999999999782,250.00000000000003,-0.23566019399870358,-0.01846694196714113,0.074157954349485
inner,17.549999999999773,250.00000000000003,-0.22406701353899988,-0.01887178698669611,0.0711391916018364
inner,17.699999999999815,250.00000000000003,-0.21287102882639786,-0.019170219379519453,0.0681821179595949
inner,17.849999999999806,250.0,-0.20206455436677576,-0.019365157842503714,0.06528757444732955
inner,17.999999999999797,250.00000000000006,-0.19163965391595325,-0.019459593129154868,0.06245623821918983
inner,18.149999999999785,250.00000000000003,-0.18158816376547754,-0.019456577035475042,0.05968862678345242
inner,18.29999999999983,250.00000000000003,-0.17190171617744376,-0.019359213092677054,0.05698510204578631
inner,18.449999999999818,250.00000000000003,-0.162571764533686,-0.019170647136640732,0.054345874988541425
inner,18.59999999999981,250.00000000000003,-0.15358961045633848,-0.01889405666594892,0.05177101142817771
inner,18.7499999999998,250.00000000000003,-0.14494643176417676,-0.01853263877021434,0.04926043883054267
inner,18.899999999999842,250.00000000000003,-0.13663331018703195,-0.018089597523357946,0.046813953752867704
inner,19.049999999999834,250.00000000000003,-0.12864125798543075,-0.017568131541964575,0.044431229529986384
inner,19.199999999999825,249.99999999999997,-0.1209612430259785,-0.016971422205096866,0.04211182393929195
inner,19.349999999999813,249.99999999999997,-0.11358421206463519,-0.016302622747682065,0.03985518669693191
inner,19.499999999999805,250.00000000000003,-0.10650111220467576,-0.015564848351677872,0.037660666702415545
inner,19.649999999999796,250.00000000000006,-0.09970291054121432,-0.014761167225291518,0.03552751899794005
inner,19.799999999999837,249.99999999999997,-0.09318061204580132,-0.013894592643963137,0.033454911422579996
inner,19.94999999999983,250.00000000000006,-0.08692527576229328,-0.012968075912690925,0.03144193094989899
inner,20.099999999999817,250.00000000000003,-0.08092802938245917,-0.011984500192414045,0.029487589702137433
inner,20.249999999999808,250.0,-0.07518008228608879,-0.010946675146531594,0.02759083063724507
inner,20.39999999999985,250.0,-0.06967273710537121,-0.00985733233975249,0.02575053290467851
inner,20.54999999999984,250.0,-0.06439739989288198,-0.008719121337815237,0.023965516867819777
inner,20.699999999999832,249.99999999999997,-0.059345588972995834,-0.007534606457227465,0.022234548793937367
inner,20.849999999999824,250.0,-0.05450894253512773,-0.006306264097831967,0.020556345211701476
inner,20.999999999999865,250.00000000000003,-0.04987922504134763,-0.005036480607362125,0.01892957693800819
inner,21.149999999999856,249.99999999999997,-0.04544833252470182,-0.003727550632565946,0.01735287277579475
inner,21.299999999999844,250.0,-0.041208296823782464,-0.0023816758842634365,0.015824822885402438
inner,21.449999999999836,249.99999999999997,-0.03715128882506816,-0.0010009642788934407,0.01434398183162654
inner,21.599999999999827,249.99999999999997,-0.0332696207634374,0.0004125705975246176,0.01290887130785143
inner,21.74999999999987,250.0,-0.029555747629384996,0.0018570097570457305,0.011517982538343359
inner,21.89999999999986,249.99999999999997,-0.026002267731607433,0.003330528854952922,0.010169778360601636
inner,22.04999999999985,249.99999999999997,-0.022601922461042007,0.004831398053604316,0.008862694985468654
inner,22.19999999999984,249.99999999999997,-0.019347595284631786,0.006357981759059217,0.007595143433814477
inner,22.34999999999988,250.0,-0.01623230999015426,0.00790873828228532,0.006365510644247273
inner,22.499999999999872,249.99999999999997,-0.01324922822521973,0.009482219454558136,0.005172160246989408
inner,22.649999999999864,249.99999999999997,-0.010391646334180472,0.01107707025596304,0.004013432996145519
inner,22.799999999999855,249.99999999999997,-0.007652991502941813,0.012692028502272653,0.0028876468466753564
inner,22.949999999999896,249.99999999999994,-0.0050268172161078315,0.014325924640297454,0.0017930966631184162
inner,23.099999999999888,250.0,-0.002506798019953401,0.015977681703788296,0.0007280535406436542
inner,23.249999999999876,249.99999999999997,-8.672357410743122e-05,0.017646315486255774,-0.00030923628507300346
inner,23.399999999999867,249.99999999999997,0.002239508029431218,0.019330934989937484,-0.0013205529674692718
inner,23.54999999999986,249.99999999999994,0.004477897727897106,0.02103074323006505,-0.00230770505292361
inner,23.6999999999999,249.99999999999997,0.006634353772833133,0.022745038460476784,-0.003272532002684342
inner,23.84999999999989,249.99999999999994,0.00871470090236593,0.024473215910062913,-0.004216907282661641
inner,23.999999999999883,249.99999999999997,0.010724690496609405,0.0262147701408729,-0.005142742083488518
inner,24.14999999999987,249.99999999999997,0.012670011811299758,0.027969298135555352,-0.006051989747458132
inner,24.299999999999912,249.99999999999997,0.014556304425139534,0.029736503261652156,-0.006946650991155135
inner,24.449999999999903,249.99999999999997,0.01638917206296643,0.03151620027755045,-0.00782878003403166
inner,24.599999999999895,249.99999999999997,0.018174197991563543,0.03330832157950137,-0.008700491765109116
inner,24.749999999999886,249.99999999999997,0.01991696222979214,0.035112924926043405,-0.009563970109797192
inner,24.899999999999878,249.99999999999997,0.02162306087877168,0.03693020293706324,-0.010421477794772224
inner,25.04999999999992,249.99999999999997,0.023298127942141582,0.0387604947216605,-0.011275367752913676
inner,25.199999999999907,249.99999999999997,0.0249478600847311,0.04060430005875351,-0.012128096467654463
inner,25.3499999999999,250.0,0.0265780449160001,0.042462296684810955,-0.012982239627166561
inner,25.49999999999989,249.99999999999997,0.028194593502983333,0.04433536134034304,-0.013840510553745178
inner,25.64999999999993,249.99999999999994,0.02980357801271353,0.04622459540328021,-0.014705781991776962
inner,25.799999999999923,249.99999999999997,0.03141127563357908,0.04813135615411333,-0.015581111993599711
inner,25.949999999999914,249.99999999999994,0.03302422022155076,0.05005729496761719,-0.01646977485042659
inner,26.099999999999902,249.99999999999994,0.03464926356983319,0.05200440410625592,-0.017375298285829517
inner,26.249999999999893,249.99999999999997,0.03629364873483354,0.05397507421501131,-0.018301508498949737
inner,26.399999999999935,249.99999999999997,0.03796509863937613,0.05597216524946655,-0.019252585141237812
inner,26.549999999999926,249.99999999999997,0.03967192423199592,0.05799909437116423,-0.020233128994069365
inner,26.699999999999918,249.99999999999997,0.04142315792871465,0.060059945405488493,-0.021248246064818867
inner,26.84999999999991,249.99999999999997,0.04322872014816963,0.06215960594065785,-0.0223036531570213
inner,26.99999999999995,249.99999999999994,0.04509962970305391,0.06430394014275263,-0.023405811882635325
inner,27.149999999999938,249.99999999999997,0.04704827310595243,0.06650000812385812,-0.024562100857904633
inner,27.29999999999993,249.99999999999994,0.04908875421295346,0.06875634657382211,-0.025781039921544874
inner,27.44999999999992,249.99999999999997,0.05123735523848749,0.07108333084920808,-0.02707258637653031
inner,27.599999999999913,249.99999999999997,0.053513154977317165,0.0734936465423288,-0.02844853272694375
inner,27.749999999999954,249.99999999999997,0.055938873530700955,0.07600290996238179,-0.029923050265305576
inner,27.899999999999945,249.99999999999994,0.05854205089031533,0.07863049365199187,-0.03151344691513476
inner,28.049999999999933,249.99999999999994,0.061356730759899746,0.08140063807640158,-0.0332412477589803
inner,28.199999999999925,249.99999999999997,0.06442593153491467,0.08434396765450855,-0.035133775862538345
inner,28.349999999999966,249.99999999999994,0.06780538977870389,0.08749958834014368,-0.03722653547971977
inner,28.499999999999957,249.99999999999994,0.07156943350746146,0.09091802299394007,-0.03956693769989991
inner,28.64999999999995,249.99999999999994,0.07582064994250307,0.09466541205498769,-0.04222038489273884
inner,28.79999999999994,249.99999999999997,0.08070645839320373,0.09882945378225164,-0.04528079464459013
inner,28.94999999999993,249.99999999999997,0.08645031260744097,0.10352861135227968,-0.04889003303528776
inner,29.09999999999997,249.99999999999997,0.09341085207557234,0.10892334735331816,-0.053277382411762685
inner,29.24999999999996,250.0,0.10222810060115825,0.11524535025464208,-0.05884549731015603
inner,29.399999999999952,249.99999999999994,0.11411036375093705,0.12278827369818202,-0.0663870014289952
inner,29.549999999999944,249.99999999999994,0.1321681598556719,0.13225472666429447,-0.0776079606891572
inner,29.699999999999935,249.99999999999997,0.1634301180901588,0.14376670726040036,-0.09681033426052518
inner,29.849999999999977,249.99999999999997,0.2596920547720721,0.17560721765685097,-0.1323920385159096
inner,29.999999999999964,249.99999999999997,0.3353581128931333,0.20177356985326492,-0.1558768670195942
mid,-30.000000000000068,274.9183921033229,0.02934811361954083,-7.3430872292203075e-06,0.0011071372064702673
mid,-29.830803015133508,274.9183921033229,0.029633460754177852,-1.1434660185740547e-05,0.0020620824822645753
mid,-29.66160603026695,274.91839210332296,0.03019038068731612,-1.746787387556757e-05,0.004030798055436359
mid,-29.49240904540039,274.9183921033229,0.03071502667115831,-1.728310463143881e-05,0.005949935826546844
mid,-29.32321206053393,274.9183921033229,0.031197598930862314,-6.418165080023658e-06,0.00782728917895907
mid,-29.15401507566737,274.9183921033229,0.031630003976496464,1.8438207439993963e-05,0.009668592531317828
mid,-28.98481809080081,274.9183921033229,0.03200581606041114,5.948461756953051e-05,0.011477803049935172
mid,-28.81562110593425,274.9183921033229,0.032320209826422294,0.00011786502590181106,0.013257385891372778
mid,-28.646424121067795,274.9183921033229,0.03256986526357792,0.00019374497342216496,0.015008591092542921
mid,-28.477227136201236,274.9183921033229,0.03275284867399791,0.00028640327845181777,0.016731712768330465
mid,-28.308030151334677,274.9183921033229,0.03286847473970991,0.00039433539188975936,0.018426324004511056
mid,-28.138833166468117,274.9183921033229,0.03291715545656181,0.0005153640863331459,0.02009148331471765
mid,-27.969636181601658,274.9183921033229,0.032900241805471526,0.0006467531497202053,0.021725910686974034
mid,-27.8004391967351,274.9183921033229,0.03281986367447219,0.0007853200741648489,0.02332813303314287
mid,-27.63124221186854,274.9183921033229,0.03267877285399258,0.0009275442561224029,0.024896600216413448
mid,-27.46204522700198,274.9183921033229,0.03248019309869829,0.0010696679169398392,0.026429773831675593
mid,-27.292848242135523,274.9183921033229,0.03222768032061482,0.0012077876431916645,0.027926191550195028
mid,-27.123651257268964,274.9183921033229,0.031924995095704956,0.0013379351734339592,0.029384510187317532
mid,-26.954454272402405,274.9183921033229,0.03157598884985352,0.0014561466947048216,0.030803530771346788
mid,-26.785257287535845,274.9183921033229,0.03118450436288635,0.0015585204570143984,0.03218220881795838
mid,-26.616060302669386,274.9183921033229,0.03075429061675723,0.001641262972133281,0.033519652817650084
mid,-26.446863317802826,274.91839210332296,0.030288931551283826,0.001700724428630289,0.03481511367256739
mid,-26.277666332936267,274.9183921033229,0.02979178794090777,0.0017334242052162406,0.03606796747317303
mid,-26.108469348069708,274.9183921033229,0.02926595132303383,0.0017360675106802975,0.037277693666248626
mid,-25.93927236320325,274.9183921033229,0.028714208770904776,0.0017055542885406321,0.03844385032715927
mid,-25.770075378336692,274.9183921033229,0.028139017233204465,0.0016389815517337345,0.03956604789961152
mid,-25.60087839347013,274.9183921033229,0.027542486110874786,0.0015336402631572505,0.040643922480423866
mid,-25.43168140860357,274.9183921033229,0.026926366805711106,0.0013870078466169267,0.041677109463917686
mid,-25.262484423737114,274.9183921033229,0.026292048027787736,0.0011967373181635786,0.04266521812341664
mid,-25.093287438870554,274.9183921033229,0.025640555721984534,0.0009606439093993099,0.04360780751759695
mid,-24.924090454003995,274.9183921033229,0.024972556610741777,0.0006766899712985462,0.0445043639540982
mid,-24.754893469137436,274.9183921033229,0.024288364443167593,0.0003429688358848274,0.045354280121739726
mid,-24.585696484270976,274.9183921033229,0.023587948137245192,-4.2311828827440445e-05,0.04615683589370362
mid,-24.416499499404367,274.9183921033229,0.022870941149482217,-0.0004808466748041987,0.04691118074981547
mid,-24.247302514537857,274.9183921033229,0.02213665146856933,-0.0009742489820267486,0.04761631770740069
mid,-24.078105529671298,274.9183921033229,0.021384071735667573,-0.0015240663320427797,0.048271088609349616
mid,-23.90890854480484,274.9183921033229,0.020611889100758268,-0.00213179539993524,0.04887416061130954
mid,-23.739711559938282,274.9183921033229,0.01981849446382872,-0.002798895706668931,0.04942401369578551
mid,-23.570514575071723,274.9183921033229,0.01900199082129317,-0.0035268022072082496,0.04991892903775917
mid,-23.401317590205164,274.91839210332296,0.018160200498454182,-0.0043169366344234066,0.05035697805053078
mid,-23.232120605338704,274.9183921033229,0.017290671094599395,-0.005170717529119118,0.05073601195797742
mid,-23.062923620472144,274.9183921033229,0.016390679989221498,-0.006089568934749046,0.05105365173942475
mid,-22.893726635605585,274.9183921033229,0.015457237274446776,-0.00707492773064735,0.05130727831947542
mid,-22.724529650739026,274.9183921033229,0.014487087026729354,-0.008128249588115647,0.051494022881926824
mid,-22.55533266587257,274.9183921033229,0.013476706828284075,-0.009251013543735614,0.051610757202813135
mid,-22.38613568100601,274.91839210332296,0.012422305447557864,-0.010444725165463613,0.051654083922162045
mid,-22.21693869613945,274.9183921033229,0.011319818597968018,-0.011710918317165135,0.05162032667165513
mid,-22.04774171127289,274.9183921033229,0.010164902688350026,-0.013051155482114173,0.05150552001018534
mid,-21.87854472640643,274.9183921033229,0.008952926486683447,-0.01446702660480071,0.051305399127407975
mid,-21.709347741539872,274.91839210332296,0.0076789605953561935,-0.01596014641033365,0.05101538928597063
mid,-21.540150756673313,274.91839210332296,0.0063377646221033715,-0.017532150132744895,0.050630594997413056
mid,-21.370953771806754,274.9183921033229,0.00492377192569126,-0.01918468757301848,0.050145788938305916
mid,-21.201756786940297,274.91839210332296,0.0034310718082100206,-0.020919415379516308,0.04955540063683976
mid,-21.032559802073735,274.91839210332296,0.0018533889890605983,-0.02273798744210741,0.04885350497561089
mid,-20.86336281720728,274.9183921033229,0.00018406019549196961,-0.024642043244085435,0.0480338105780551
mid,-20.69416583234092,274.91839210332296,-0.0015839923214748843,-0.026633194022292705,0.04708964817043558
mid,-20.524968847475176,274.9183921033229,-0.0034582905566273945,-0.02871300653932762,0.046013959045924924
mid,-20.355771862611316,274.91839210332296,-0.005446834017612898,-0.03088298427210036,0.044799283773848717
mid,-20.18657487775407,274.91839210332296,-0.007558136734907777,-0.03314454577499917,0.04343775134081891
mid,-20.017377892918244,274.91839210332296,-0.009801268276725204,-0.03549899996672869,0.04192106895088938
mid,-19.84818090815051,274.91839210332296,-0.012185899017901677,-0.03794751807667143,0.0402405127497866
mid,-19.678983923592085,274.91839210332296,-0.014722349930410349,-0.04049110193903399,0.0383869197983878
mid,-19.50978693966142,274.91839210332296,-0.01742164719338541,-0.04313054833773963,0.036350681675433955
mid,-19.340589957546882,274.918392103323,-0.02029558186659161,-0.04586640904735756,0.03412174016383008
mid,-19.17139298054006,274.91839210332296,-0.023356774882172544,-0.04869894622356945,0.03168958556661559
mid,-19.00219601749129,274.91839210332296,-0.0266187476046804,-0.05162808277385438,0.029043258319850884
mid,-18.8329990912506,274.91839210332296,-0.030095998152304453,-0.05465334723279182,0.026171354768326518
mid,-18.663802259893128,274.91839210332296,-0.03380408361224309,-0.057773812579835715,0.02306203828577448
mid,-18.49460566402632,274.918392103323,-0.03775970822130606,-0.06098802813516664,0.019703057562872807
mid,-18.32540963717545,274.918392103323,-0.04198081734138711,-0.0642939430455655,0.01608177510705628
mid,-18.1562149431979,274.91839210332296,-0.046486696514392994,-0.06768881878187696,0.012185211242376766
mid,-17.987023265414194,274.91839210332296,-0.05129807438227342,-0.07116912537547902,0.008000113925686904
mid,-17.81783825192686,274.918392103323,-0.056437223438427775,-0.07473041302993715,0.00351307164376631
mid,-17.648667394592405,274.91839210332296,-0.061928052216697824,-0.07836714278790992,-0.0012892973132171033
mid,-17.479525797143857,274.91839210332296,-0.06779616420665381,-0.08207245038105665,-0.006420023499529549
mid,-17.3104426048896,274.918392103323,-0.07406883761373832,-0.08583780907061744,-0.011891249387084841
mid,-17.141471633409136,274.91839210332296,-0.08077486240976231,-0.08965253656978597,-0.01771333844747714
mid,-16.972708982284882,274.918392103323,-0.08794401907366331,-0.09350312658012293,-0.023893506421515498
mid,-16.804314533884583,274.91839210332296,-0.09560599502834541,-0.09737245012031874,-0.030433917987699757
mid,-16.636537112665227,274.91839210332296,-0.10378838474555672,-0.10123903595512332,-0.03732944016108611
mid,-16.4697279612706,274.918392103323,-0.11251361837423281,-0.10507687837280759,-0.04456573290747552
mid,-16.30432709269947,274.918392103323,-0.12179522548101589,-0.10885645806722474,-0.05211902547173927
mid,-16.1407919847605,274.918392103323,-0.131635946595542,-0.11254713435473142,-0.05995853877758919
mid,-15.979507947019655,274.918392103323,-0.14202957600700122,-0.11612026189585603,-0.06805120877746726
mid,-15.820696460109103,274.91839210332296,-0.1529669697121249,-0.11955167880116575,-0.0763668256808602
mid,-15.664394231385417,274.918392103323,-0.16444326080856264,-0.12282247873683494,-0.08488108179334354
mid,-15.510491008624223,274.91839210332296,-0.17646134079838538,-0.12591841136351772,-0.0935762893631352
mid,-15.358760930948145,274.918392103323,-0.18903345213828243,-0.12882830145249852,-0.1024399101239154
mid,-15.208956757726508,274.918392103323,-0.20217871041608326,-0.131542400080313,-0.11146169009956103
mid,-15.060836381181465,274.918392103323,-0.21591855296689827,-0.13405148872427475,-0.12063194862281779
mid,-14.914158187932964,274.918392103323,-0.23027627936219952,-0.13634632890868342,-0.12994036035830608
mid,-14.768729976134862,274.918392103323,-0.24527443219156786,-0.13841757851097952,-0.13937498072177787
mid,-14.624370598412696,274.918392103323,-0.26093388462530726,-0.1402556293453388,-0.14892161789701325
mid,-14.480956012398442,274.91839210332296,-0.27727227657051134,-0.14185113411242578,-0.15856412285136356
mid,-14.338346420571563,274.91839210332296,-0.29430520378221,-0.14319498858954116,-0.16828481689318342
mid,-14.196444639878766,274.918392103323,-0.3120463269019996,-0.14427869330970947,-0.17806427919128962
mid,-14.055160594744681,274.91839210332296,-0.33050569641677896,-0.14509428616394032,-0.18788099667669983
mid,-13.914440516481724,274.91839210332296,-0.34968931001798964,-0.1456349402005021,-0.19771244820831152
mid,-13.774197090986396,274.918392103323,-0.3696018000255773,-0.1458945948956239,-0.20753503090507153
mid,-13.634404805866785,274.91839210332296,-0.3902439173209894,-0.14586868367637618,-0.21732419546214543
mid,-13.494999043916154,274.9183921033231,-0.41161342606486884,-0.14555365007633855,-0.22705496833635794
mid,-13.355946097525713,274.91839210332296,-0.43370637408939827,-0.14494739808979598,-0.23670191212533553
mid,-13.217214645918208,274.91839210332296,-0.45651450001565086,-0.14404920474215788,-0.24623913812004017
mid,-13.078775701352882,274.91839210332296,-0.4800270588729092,-0.14285977735706346,-0.25564091072521034
mid,-12.940602536527411,274.918392103323,-0.5042308463037145,-0.14138124699914345,-0.26488179659994593
mid,-12.802670597660159,274.91839210332296,-0.5291102295212509,-0.13961714876288778,-0.2739367905723088
mid,-12.664958362005276,274.918392103323,-0.5546468491286104,-0.1375723919660502,-0.28278101990605903
mid,-12.527466344081503,274.918392103323,-0.5808184912556684,-0.13525352072662739,-0.29139066523139784
mid,-12.390156581678413,274.918392103323,-0.6076027571493348,-0.1326679341101334,-0.29974304000148755
mid,-12.253021943236556,274.918392103323,-0.634975273363303,-0.12982450364432205,-0.3078161999533332
mid,-12.116057466594206,274.918392103323,-0.6629077669911463,-0.12673336836048707,-0.3155893929657395
mid,-11.979238499562658,274.91839210332296,-0.6913717827834343,-0.12340544479837082,-0.3230430811481522
mid,-11.842568776900661,274.91839210332296,-0.7203363910366734,-0.11985295846140173,-0.3301591849457859
mid,-11.70602934586566,274.918392103323,-0.7497694912304108,-0.11608874130333907,-0.336921087039057
mid,-11.569610762380206,274.91839210332296,-0.7796382146420618,-0.1121264608939252,-0.3433134831371505
mid,-11.433318950618728,274.91839210332296,-0.8099069640418757,-0.10798072631813714,-0.3493228485793163
mid,-11.297130516921364,274.91839210332296,-0.840541025450798,-0.10366622878689694,-0.3549372673049912
mid,-11.161041847749358,274.91839210332296,-0.871504667563577,-0.09919835469670335,-0.3601462235455495
mid,-11.02506211104827,274.91839210332296,-0.9027594463183051,-0.0945931402156288,-0.3649410675680717
mid,-10.889170876407297,274.91839210332296,-0.9342686559486029,-0.08986631595714434,-0.3693147981014995
mid,-10.753364271671696,274.91839210332296,-0.9659957414113317,-0.08503389250545881,-0.3732621128336374
mid,-10.617638588844102,274.918392103323,-0.997902719780578,-0.08011201779827899,-0.37677919124138004
mid,-10.481992924664596,274.91839210332296,-1.0299513668193978,-0.07511682539653898,-0.37986385250661214
mid,-10.3464263497982,274.9183921033229,-1.0621038330108106,-0.0700642513583156,-0.3825156324947917
mid,-10.210929220142129,274.91839210332296,-1.0943235491052734,-0.06496976475276875,-0.3847355333921521
mid,-10.075498515721236,274.91839210332296,-1.1265743298219348,-0.05984857177770233,-0.38652606780699883
mid,-9.940131348759857,274.91839210332296,-1.158820148928031,-0.054715488999470006,-0.3878911452124414
mid,-9.804824958627773,274.91839210332296,-1.1910257554995884,-0.04958482031273736,-0.3888360404218982
mid,-9.669576706936253,274.91839210332296,-1.2231567908960925,-0.04447028756227015,-0.3893673179992121
mid,-9.534384072783812,274.91839210332296,-1.2551798974202508,-0.0393849677875957,-0.38949275066766736
mid,-9.399244648150113,274.9183921033229,-1.2870628181167447,-0.034341237404236336,-0.3892212323278077
mid,-9.264156133438293,274.91839210332296,-1.3187744871680545,-0.029350723597112473,-0.3885626863423345
mid,-9.129116333163314,274.9183921033229,-1.350285110381381,-0.024424263153402938,-0.3875279697969787
mid,-8.994123151784969,274.91839210332296,-1.3815662353187341,-0.019571868926793287,-0.386128774499882
mid,-8.859174589682674,274.9183921033229,-1.4125908106842588,-0.014802704065242374,-0.38437752553161386
mid,-8.724268739270368,274.9183921033229,-1.4433332346641667,-0.010125064067923385,-0.3822872782004827
mid,-8.589403781248889,274.918392103323,-1.473769392007141,-0.005546366660059407,-0.379871614297629
mid,-8.454577980991804,274.91839210332296,-1.5038766797595562,-0.001073149406358137,-0.3771445385710666
mid,-8.319789685063078,274.91839210332296,-1.5336340216706883,0.0032889251155758595,-0.3741203763476136
mid,-8.185037317862644,274.91839210332296,-1.5630218714303963,0.007535056837286308,-0.37081367322987147
mid,-8.05031937839677,274.9183921033229,-1.5920222050355535,0.011661288765004815,-0.3672390977733193
mid,-7.915634437169841,274.91839210332296,-1.6206184834260633,0.015664479474158312,-0.36341134765890104
mid,-7.780981597100757,274.91839210332296,-1.6487954574723382,0.01954225299981894,-0.35934507531889365
mid,-7.646363340138367,274.91839210332296,-1.676539269522078,0.023292941094948606,-0.3550549081189619
mid,-7.511774284545636,274.91839210332296,-1.7038379706408522,0.0269157146501034,-0.35055500969207876
mid,-7.377213223604237,274.91839210332296,-1.7306809295604086,0.030410352976676686,-0.3458593517525677
mid,-7.242679009914568,274.9183921033229,-1.7570585632161,0.033777225745619185,-0.34098156331894125
mid,-7.1081705528639185,274.9183921033229,-1.782962502253118,0.0370172606967456,-0.3359348628520553
mid,-6.97368681619526,274.9183921033229,-1.8083854890119753,0.04013188823784619,-0.33073201071312475
mid,-6.839227652406881,274.9183921033229,-1.8333211347243767,0.04312296900270021,-0.325385304274045
mid,-6.704796224716949,274.9183921033229,-1.8577640544333427,0.0459927260830779,-0.31990662739644915
mid,-6.570386599816072,274.9183921033229,-1.8817103187015927,0.04874385347629502,-0.3143069756530972
mid,-6.435997911589138,274.91839210332296,-1.9051567680083819,0.05137927396672323,-0.30859691730307226
mid,-6.3016293387096525,274.9183921033229,-1.9281007638349064,0.05390213128577809,-0.3027864499938127
mid,-6.167280102675996,274.91839210332296,-1.9505401977527725,0.05631575176106707,-0.296884986129784
mid,-6.032954017326143,274.9183921033229,-1.972473463993634,0.0586235546244219,-0.2909015176896694
mid,-5.898647158376466,274.9183921033229,-1.9938999329012481,0.0608291554213106,-0.28484415276149044
mid,-5.764357297373262,274.9183921033229,-2.0148195596890237,0.06293621701837328,-0.278720458508639
mid,-5.63008379030133,274.91839210332296,-2.0352324894635863,0.06494840007819759,-0.27253750987488234
mid,-5.495826346604532,274.9183921033229,-2.0551389793557,0.06686934787938796,-0.2663018683694921
mid,-5.361589703876059,274.9183921033229,-2.0745395548968117,0.06870262125796331,-0.2600197658114315
mid,-5.227367376655154,274.91839210332296,-2.0934354874993897,0.07045183783571973,-0.2536964823942256
mid,-5.09315883636915,274.9183921033229,-2.1118281882225203,0.07212047924455467,-0.24733703416505665
mid,-4.958963584294961,274.9183921033229,-2.129718887293155,0.0737119184713063,-0.24094601997955623
mid,-4.824785553634441,274.91839210332296,-2.147108867658529,0.07522937754500879,-0.2345277953365799
mid,-4.690620910343727,274.9183921033229,-2.163999846766703,0.07667602666913625,-0.22808599779247227
mid,-4.556467844003868,274.9183921033229,-2.180393667206935,0.07805488966460047,-0.22162395905905036
mid,-4.422325949830914,274.9183921033229,-2.1962919447842624,0.07936883689813064,-0.21514474504788655
mid,-4.288198910429592,274.9183921033229,-2.211696212324871,0.08062056434721397,-0.20865127869925448
mid,-4.154083241616188,274.91839210332296,-2.2266082860139975,0.08181268255617317,-0.20214588559317007
mid,-4.0199772440894455,274.91839210332296,-2.241030018410691,0.08294764817568702,-0.19563068083467666
mid,-3.8858805924692543,274.91839210332296,-2.254962998291781,0.08402776505583874,-0.18910760795814924
mid,-3.751797578661088,274.91839210332296,-2.268408710271439,0.08505516490112469,-0.18257858200719232
mid,-3.6177231462681707,274.91839210332296,-2.2813688827936,0.08603190809232857,-0.17604490763081573
mid,-3.483656736501395,274.9183921033229,-2.2938451452300863,0.08695989736792138,-0.16950788064792877
mid,-3.349599347953,274.91839210332296,-2.3058388791272284,0.08784089751218457,-0.1629687097519115
mid,-3.2155524256562007,274.918392103323,-2.3173514593918254,0.088676548646451,-0.15642846452529616
mid,-3.081512310276122,274.918392103323,-2.3283843564954303,0.08946840508275722,-0.14988784471552588
mid,-2.9474787831443883,274.918392103323,-2.3389388755856166,0.09021789370226557,-0.14334757017877928
mid,-2.8134544310049514,274.91839210332296,-2.3490161590731526,0.09092631928912834,-0.13680837537664003
mid,-2.679436891927524,274.91839210332296,-2.358617416777641,0.09159491147399715,-0.13027066935491452
mid,-2.5454248538944224,274.91839210332296,-2.367743805253406,0.09222480217793444,-0.12373480536492251
mid,-2.411419018031954,274.91839210332296,-2.3763963165876976,0.0928170248162111,-0.1172011468821616
mid,-2.2774205358356676,274.918392103323,-2.3845758916642503,0.09337252494306843,-0.11067000051067998
mid,-2.1434265429121133,274.91839210332296,-2.392283494893035,0.0938921852903414,-0.10414142141140888
mid,-2.0094368949688377,274.91839210332296,-2.3995199715822766,0.09437680507852106,-0.09761552305741826
mid,-1.8754537051467284,274.918392103323,-2.4062860594000126,0.09482710254291762,-0.09109246838923934
mid,-1.741474470627918,274.9183921033231,-2.412582513226795,0.09524374468814262,-0.08457216256750286
mid,-1.6074986551762818,274.91839210332296,-2.418410016902038,0.09562733126431708,-0.07805455125762213
mid,-1.4735272071537882,274.91839210332296,-2.423769154045817,0.09597839752414454,-0.07153961220477793
mid,-1.3395595741645498,274.91839210332296,-2.428660479078532,0.09629742627728924,-0.06502722061917503
mid,-1.2055944813145196,274.91839210332296,-2.4330845080417425,0.0965848501907694,-0.05851718695178097
mid,-1.0716321310987234,274.918392103323,-2.4370416808674156,0.09684104918577562,-0.052009363541374955
mid,-0.937673046113338,274.91839210332296,-2.440532384371704,0.09706635425298103,-0.045503595137469155
mid,-0.8037156582882659,274.918392103323,-2.443556975084472,0.09726105555354567,-0.03899961147748107
mid,-0.6697598811106896,274.918392103323,-2.4461157509754523,0.09742539903879467,-0.032497192794429905
mid,-0.5358062751075717,274.918392103323,-2.4482089548267374,0.09755958788039852,-0.025996136195875527
mid,-0.4018536416379254,274.9183921033229,-2.449836793095653,0.09766378799041496,-0.01949614748387046
mid,-0.2679018083004204,274.9183921033229,-2.4509994243429087,0.097738126876246,-0.012996969729735876
mid,-0.1339507877801264,274.9183921033229,-2.4516969583187045,0.0977826943252438,-0.006498348980434997
mid,-4.0711099922733015e-13,274.9183921033229,-2.4519294620771617,0.09779754413889341,4.985881370198556e-13
mid,0.13395078777936306,274.9183921033229,-2.4516969583187227,0.09778269432505046,0.006498348981419968
mid,0.2679018082996062,274.91839210332296,-2.4509994243430344,0.09773812687587757,0.012996969730886751
mid,0.4018536416371621,274.91839210332296,-2.4498367930939713,0.09766378799146787,0.019496147484885148
mid,0.5358062751067575,274.91839210332296,-2.44820895482446,0.09755958788161324,0.02599613619701823
mid,0.6697598811098754,274.918392103323,-2.446115750973594,0.09742539903973706,0.03249719279570792
mid,0.8037156582874517,274.918392103323,-2.4435569750824757,0.09726105555448586,0.03899961147858265
mid,0.9376730461125238,274.91839210332296,-2.4405323843690674,0.09706635425427798,0.04550359513787736
mid,1.0716321310979093,274.91839210332296,-2.437041680864949,0.09684104918688023,0.052009363541194634
mid,1.2055944813137562,274.918392103323,-2.433084508039303,0.09658485019149497,0.0585171869518154
mid,1.3395595741637356,274.918392103323,-2.428660479076246,0.09629742627739968,0.06502722061911782
mid,1.473527207152974,274.918392103323,-2.423769154043506,0.09597839752400546,0.0715396122047956
mid,1.6074986551755184,274.91839210332296,-2.41841001689868,0.09562733126580998,0.07805455125724924
mid,1.7414744706271037,274.918392103323,-2.412582513223785,0.09524374468952661,0.08457216256693034
mid,1.8754537051459141,274.91839210332296,-2.406286059398331,0.09482710254294077,0.09109246838905215
mid,2.0094368949680743,274.918392103323,-2.399519971583626,0.09437680507644887,0.09761552305722063
mid,2.1434265429112993,274.91839210332296,-2.3922834948954605,0.09389218528794019,0.10414142141095947
mid,2.2774205358348536,274.91839210332296,-2.384575891664077,0.09337252494333025,0.11067000051029136
mid,2.41141901803114,274.91839210332296,-2.376396316585559,0.09281702481879281,0.11720114688249526
mid,2.5454248538936084,274.91839210332296,-2.3677438052543316,0.09222480217817043,0.12373480536530103
mid,2.67943689192671,274.91839210332296,-2.3586174167796905,0.09159491147322335,0.1302706693547707
mid,2.813454431004137,274.91839210332296,-2.349016159073491,0.09092631928973895,0.13680837537682494
mid,2.9474787831435743,274.918392103323,-2.3389388755867477,0.09021789370247706,0.1433475701789066
mid,3.0815123102753588,274.91839210332296,-2.328384356498318,0.08946840508222592,0.14988784471496913
mid,3.2155524256553867,274.91839210332296,-2.3173514593943065,0.08867654864640781,0.15642846452475825
mid,3.349599347952237,274.91839210332296,-2.305838879128958,0.08784089751199982,0.16296870975123873
mid,3.483656736500581,274.91839210332296,-2.2938451452311686,0.08695989736698129,0.16950788064699207
mid,3.6177231462673567,274.91839210332296,-2.28136888279184,0.08603190809320521,0.17604490763023467
mid,3.751797578660325,274.91839210332296,-2.2684087102684205,0.08505516490306553,0.1825785820072973
mid,3.88588059246844,274.91839210332296,-2.2549629982885735,0.08402776505749764,0.18910760795902906
mid,4.019977244088682,274.9183921033229,-2.241030018409926,0.08294764817498357,0.1956306808354647
mid,4.154083241615374,274.91839210332296,-2.2266082860154315,0.08181268255472088,0.2021458855933138
mid,4.288198910428777,274.91839210332296,-2.211696212325035,0.08062056434834357,0.20865127869912653
mid,4.4223259498301,274.9183921033229,-2.196291944784942,0.0793688368986755,0.21514474504802933
mid,4.556467844003055,274.91839210332296,-2.180393667207052,0.0780548896648455,0.22162395905984816
mid,4.690620910342912,274.91839210332296,-2.1639998467640664,0.07667602667180962,0.22808599779329758
mid,4.824785553633626,274.91839210332296,-2.1471088676568653,0.0752293775468089,0.23452779533723056
mid,4.958963584294198,274.91839210332296,-2.1297188872928405,0.0737119184727951,0.24094601997994766
mid,5.093158836368335,274.91839210332296,-2.1118281882222503,0.07212047924601939,0.2473370341654853
mid,5.22736737665434,274.9183921033229,-2.0934354874999355,0.07045183783496141,0.2536964823945611
mid,5.361589703875245,274.9183921033229,-2.0745395548970427,0.0687026212576699,0.2600197658112922
mid,5.495826346603718,274.9183921033229,-2.055138979356857,0.06686934787913136,0.26630186836988745
mid,5.630083790300516,274.9183921033229,-2.035232489466813,0.06494840007707402,0.2725375098755503
mid,5.764357297372448,274.9183921033229,-2.014819559693582,0.06293621701704089,0.2787204585092003
mid,5.898647158375653,274.91839210332296,-1.9938999329036835,0.060829155422638,0.28484415276229896
mid,6.032954017325278,274.9183921033229,-1.9724734639931996,0.058623554628166354,0.290901517690658
mid,6.167280102675232,274.9183921033229,-1.9505401977518737,0.056315751763981445,0.2968849861309832
mid,6.301629338708839,274.9183921033229,-1.9281007638332697,0.05390213128858995,0.30278644999508647
mid,6.435997911588375,274.9183921033229,-1.905156768006031,0.051379273969049746,0.30859691730466304
mid,6.570386599815207,274.9183921033229,-1.8817103186979638,0.048743853479406754,0.31430697565443433
mid,6.704796224716084,274.91839210332296,-1.8577640544300376,0.04599272608487026,0.31990662739752734
mid,6.839227652406067,274.91839210332296,-1.8333211347233602,0.04312296900208723,0.32538530427492307
mid,6.973686816194496,274.9183921033229,-1.808385489011401,0.04013188823790724,0.3307320107135966
mid,7.108170552863104,274.9183921033229,-1.7829625022506075,0.03701726069774552,0.3359348628525973
mid,7.242679009913703,274.9183921033229,-1.757058563214156,0.03377722574675664,0.3409815633186787
mid,7.377213223603423,274.91839210332296,-1.7306809295599015,0.030410352978138176,0.34585935175140836
mid,7.511774284544821,274.9183921033229,-1.7038379706408409,0.026915714651763897,0.35055500969093834
mid,7.646363340137604,274.91839210332296,-1.6765392695237171,0.023292941095884295,0.3550549081179657
mid,7.780981597099994,274.9183921033229,-1.6487954574750359,0.019542252999467352,0.359345075317842
mid,7.9156344371689755,274.91839210332296,-1.620618483427299,0.015664479473377624,0.36341134765800015
mid,8.050319378395956,274.91839210332296,-1.5920222050358215,0.011661288764498998,0.3672390977725333
mid,8.185037317861829,274.9183921033229,-1.563021871431035,0.007535056836493206,0.37081367322943326
mid,8.319789685062265,274.91839210332296,-1.5336340216705608,0.003288925115599556,0.3741203763476785
mid,8.454577980990988,274.91839210332296,-1.5038766797587806,-0.0010731494049180945,0.3771445385711467
mid,8.589403781248075,274.9183921033229,-1.4737693920057955,-0.00554636665821219,0.3798716142973203
mid,8.724268739269554,274.9183921033229,-1.44333323466139,-0.010125064065357688,0.3822872781994887
mid,8.859174589681809,274.9183921033229,-1.4125908106793181,-0.014802704061430437,0.384377525530349
mid,8.994123151784153,274.9183921033229,-1.3815662353128222,-0.019571868922699853,0.3861287744985792
mid,9.129116333162552,274.91839210332296,-1.3502851103773366,-0.024424263150652117,0.38752796979566184
mid,9.26415613343748,274.91839210332296,-1.3187744871655815,-0.029350723595356405,0.38856268634137514
mid,9.399244648149299,274.91839210332296,-1.2870628181145347,-0.0343412374025626,0.38922123232712513
mid,9.534384072782998,274.9183921033229,-1.2551798974194437,-0.03938496778670835,0.38949275066704775
mid,9.669576706935489,274.9183921033229,-1.223156790895239,-0.0444702875616865,0.3893673179989106
mid,9.804824958626908,274.9183921033229,-1.191025755498771,-0.04958482031146436,0.38883604042173947
mid,9.940131348759044,274.9183921033229,-1.1588201489282084,-0.054715488997851,0.38789114521216317
mid,10.075498515720422,274.91839210332296,-1.126574329821096,-0.05984857177587015,0.3865260678065796
mid,10.210929220141313,274.91839210332296,-1.0943235491042025,-0.06496976475175235,0.384735533391798
mid,10.346426349797387,274.91839210332296,-1.0621038330113315,-0.0700642513580706,0.38251563249451637
mid,10.481992924663832,274.9183921033229,-1.0299513668204312,-0.07511682539624354,0.37986385250608934
mid,10.61763858884334,274.91839210332296,-0.9979027197793823,-0.0801120177973906,0.3767791912407626
mid,10.75336427167088,274.91839210332296,-0.9659957414088415,-0.08503389250461754,0.3732621128328722
mid,10.889170876406483,274.91839210332296,-0.9342686559452812,-0.08986631595590193,0.36931479810038337
mid,11.025062111047456,274.91839210332296,-0.9027594463155244,-0.0945931402139597,0.36494106756676514
mid,11.161041847748542,274.91839210332296,-0.8715046675618077,-0.09919835469523922,0.36014622354438974
mid,11.297130516920602,274.91839210332296,-0.8405410254485525,-0.1036662287858119,0.35493726730372516
mid,11.433318950617915,274.91839210332296,-0.8099069640404191,-0.10798072631806846,0.3493228485775633
mid,11.569610762379392,274.91839210332296,-0.7796382146411274,-0.11212646089333453,0.3433134831355592
mid,11.706029345864847,274.91839210332296,-0.7497694912296425,-0.116088741302313,0.3369210870382389
mid,11.842568776899846,274.918392103323,-0.7203363910359698,-0.11985295845887618,0.330159184945389
mid,11.979238499561843,274.9183921033229,-0.6913717827839583,-0.12340544479666968,0.3230430811479934
mid,12.116057466593393,274.91839210332296,-0.6629077669918735,-0.1267333683599166,0.31558939296588895
mid,12.253021943235742,274.91839210332296,-0.6349752733624224,-0.12982450364335119,0.30781619995393955
mid,12.3901565816776,274.918392103323,-0.6076027571501055,-0.1326679341103144,0.2997430400019901
mid,12.52746634408069,274.918392103323,-0.5808184912568354,-0.1352535207268285,0.2913906652311986
mid,12.664958362004514,274.918392103323,-0.5546468491276666,-0.13757239196557644,0.282781019905307
mid,12.802670597659343,274.918392103323,-0.5291102295217917,-0.1396171487631805,0.27393679057109743
mid,12.940602536526596,274.91839210332296,-0.5042308463050378,-0.1413812469994175,0.2648817965981596
mid,13.078775701352068,274.918392103323,-0.4800270588725975,-0.14285977735669794,0.25564091072292083
mid,13.217214645917394,274.91839210332296,-0.45651450001432814,-0.1440492047414279,0.24623913811772977
mid,13.3559460975249,274.91839210332296,-0.43370637408852986,-0.14494739808830842,0.23670191212340475
mid,13.494999043915339,274.918392103323,-0.4116134260647262,-0.14555365007503132,0.2270549683350821
mid,13.63440480586597,274.91839210332296,-0.39024391732217745,-0.1458686836747661,0.21732419546145731
mid,13.774197090985583,274.91839210332296,-0.3696018000283289,-0.14589459489368362,0.2075350309046003
mid,13.914440516480859,274.91839210332296,-0.34968931002064463,-0.14563494020009313,0.19771244820796544
mid,14.055160594743917,274.91839210332296,-0.33050569642086186,-0.14509428616599548,0.18788099667677588
mid,14.196444639878003,274.91839210332296,-0.3120463269073699,-0.1442786933109994,0.17806427919202422
mid,14.338346420570799,274.918392103323,-0.2943052037892493,-0.1431949885897588,0.16828481689413172
mid,14.480956012397678,274.918392103323,-0.27727227657839576,-0.1418511341142937,0.15856412285163052
mid,14.624370598411932,274.91839210332296,-0.26093388463190065,-0.1402556293464897,0.14892161789630554
mid,14.768729976134098,274.918392103323,-0.24527443219752837,-0.13841757851114755,0.1393749807205644
mid,14.9141581879322,274.91839210332296,-0.2302762793700804,-0.136346328909463,0.12994036035663267
mid,15.060836381180703,274.91839210332296,-0.2159185529779316,-0.13405148872588626,0.12063194862062318
mid,15.208956757725744,274.918392103323,-0.20217871042721425,-0.1315424000813816,0.11146169009686199
mid,15.358760930947382,274.91839210332296,-0.18903345214672418,-0.12882830145173346,0.10243991012075299
mid,15.510491008623461,274.91839210332296,-0.1764613408044792,-0.12591841136296125,0.09357628935963057
mid,15.664394231384653,274.91839210332296,-0.16444326081430605,-0.1228224787366033,0.08488108178927807
mid,15.820696460108339,274.918392103323,-0.1529669697172434,-0.11955167880106546,0.07636682567649912
mid,15.979507947018943,274.918392103323,-0.14202957601224084,-0.11612026189650423,0.06805120877327644
mid,16.14079198475979,274.918392103323,-0.1316359466017473,-0.11254713435572776,0.05995853877366736
mid,16.304327092698706,274.918392103323,-0.12179522548705218,-0.10885645806820418,0.052119025468165235
mid,16.46972796126989,274.91839210332296,-0.11251361837993526,-0.10507687837113003,0.044565732903757184
mid,16.63653711266441,274.91839210332296,-0.10378838475096194,-0.10123903595149111,0.037329440157027396
mid,16.804314533883872,274.91839210332296,-0.09560599503397998,-0.09737245011633713,0.030433917984042765
mid,16.972708982284118,274.91839210332296,-0.08794401908085073,-0.09350312657585966,0.023893506418744184
mid,17.141471633408372,274.91839210332296,-0.08077486241648256,-0.08965253656597469,0.01771333844536145
mid,17.31044260488889,274.91839210332296,-0.07406883761833717,-0.08583780906708709,0.011891249385344733
mid,17.479525797143143,274.91839210332296,-0.06779616421151644,-0.08207245037797734,0.006420023497707068
mid,17.648667394591694,274.918392103323,-0.06192805222285604,-0.07836714278369762,0.0012892973105802438
mid,17.8178382519262,274.91839210332296,-0.05643722344463089,-0.07473041302462047,-0.003513071647238
mid,17.98702326541348,274.91839210332296,-0.05129807438935073,-0.07116912537013002,-0.008000113930022482
mid,18.156214943197238,274.91839210332296,-0.04648669652458374,-0.06768881877608653,-0.012185211247656487
mid,18.325409637174737,274.91839210332296,-0.04198081735283298,-0.06429394304031506,-0.016081775112065773
mid,18.49460566402571,274.91839210332296,-0.037759708231229164,-0.06098802813039357,-0.019703057566665044
mid,18.663802259892467,274.91839210332296,-0.03380408362139489,-0.05777381257482355,-0.023062038288712193
mid,18.832999091249935,274.91839210332296,-0.03009599815980905,-0.05465334722647955,-0.026171354770745132
mid,19.00219601749063,274.91839210332296,-0.026618747611127945,-0.05162808276651321,-0.029043258321441383
mid,19.171392980539398,274.918392103323,-0.023356774891991026,-0.04869894621813341,-0.03168958556719431
mid,19.34058995754627,274.91839210332296,-0.02029558187942053,-0.04586640904335895,-0.03412174016375209
mid,19.50978693966076,274.91839210332296,-0.01742164720507821,-0.04313054833314498,-0.03635068167548927
mid,19.678983923591474,274.91839210332296,-0.014722349940645616,-0.040491101934507556,-0.03838691979877658
mid,19.848180908149903,274.91839210332296,-0.012185899028703756,-0.0379475180718022,-0.04024051274991504
mid,20.017377892917583,274.91839210332296,-0.009801268288271235,-0.03549899996073111,-0.04192106895100622
mid,20.186574877753458,274.9183921033229,-0.007558136745014165,-0.03314454576859862,-0.04343775134114298
mid,20.355771862610755,274.91839210332296,-0.0054468340284976845,-0.0308829842667184,-0.044799283773587106
mid,20.524968847474568,274.91839210332296,-0.0034582905713521836,-0.02871300653480069,-0.04601395904482314
mid,20.69416583234031,274.91839210332296,-0.0015839923358005117,-0.026633194016375504,-0.0470896481684311
mid,20.863362817206667,274.91839210332296,0.00018406018434476493,-0.02464204323696517,-0.04803381057529919
mid,21.032559802073127,274.9183921033229,0.0018533889791945111,-0.02273798743497237,-0.04885350497268293
mid,21.201756786939686,274.9183921033229,0.003431071799284268,-0.0209194153728202,-0.04955540063298372
mid,21.370953771806192,274.91839210332296,0.004923771920063914,-0.019184687566133063,-0.05014578893253325
mid,21.54015075667275,274.91839210332296,0.006337764619147944,-0.017532150126204092,-0.05063059499067685
mid,21.709347741539315,274.9183921033229,0.0076789605935568515,-0.015960146404860178,-0.05101538927889007
mid,21.87854472640582,274.9183921033229,0.008952926484105922,-0.014467026601253881,-0.051305399120270774
mid,22.04774171127238,274.91839210332296,0.010164902683885702,-0.013051155479374157,-0.05150552000412103
mid,22.21693869613894,274.9183921033229,0.011319818594920619,-0.01171091831278306,-0.05162032666678783
mid,22.3861356810055,274.91839210332296,0.012422305444519943,-0.01044472516102097,-0.051654083918499766
mid,22.555332665872008,274.9183921033229,0.013476706821822476,-0.00925101354198106,-0.051610757199610724
mid,22.724529650738567,274.9183921033229,0.014487087020212914,-0.008128249588721024,-0.051494022878266474
mid,22.893726635605127,274.9183921033229,0.015457237269593836,-0.007074927730270145,-0.0513072783166211
mid,23.062923620471636,274.9183921033229,0.016390679985388016,-0.006089568933193165,-0.05105365173710538
mid,23.232120605338196,274.9183921033229,0.01729067109155902,-0.005170717528968135,-0.05073601195532783
mid,23.401317590204755,274.9183921033229,0.018160200494838588,-0.004316936635853821,-0.05035697804752676
mid,23.570514575071314,274.9183921033229,0.019001990818202738,-0.0035268022083698586,-0.04991892903443583
mid,23.739711559937824,274.9183921033229,0.019818494461497808,-0.0027988957078725757,-0.04942401369281635
mid,23.908908544804383,274.9183921033229,0.020611889100156582,-0.0021317953997743062,-0.04887416060837395
mid,24.078105529670943,274.91839210332296,0.021384071736451613,-0.0015240663309824473,-0.048271088605599116
mid,24.247302514537452,274.9183921033229,0.022136651470321442,-0.0009742489826644815,-0.04761631770268539
mid,24.41649949940401,274.91839210332296,0.022870941152505226,-0.00048084667646244514,-0.04691118074526186
mid,24.58569648427057,274.9183921033229,0.023587948140788153,-4.2311830978882664e-05,-0.04615683588977172
mid,24.75489346913708,274.9183921033229,0.02428836444773173,0.00034296883512013356,-0.04535428011826677
mid,24.92409045400364,274.9183921033229,0.024972556617062977,0.0006766899721495235,-0.04450436395057396
mid,25.0932874388702,274.9183921033229,0.02564055572945736,0.0009606439110204385,-0.04360780751454876
mid,25.262484423736705,274.9183921033229,0.02629204803567186,0.0011967373200949104,-0.04266521812161081
mid,25.431681408603264,274.9183921033229,0.026926366813829455,0.0013870078481082078,-0.041677109463294906
mid,25.600878393469827,274.9183921033229,0.027542486116769547,0.0015336402623532842,-0.0406439224804942
mid,25.770075378336387,274.9183921033229,0.02813901723899264,0.0016389815512185164,-0.039566047899178954
mid,25.939272363202893,274.9183921033229,0.028714208776924058,0.0017055542893574301,-0.038443850326377864
mid,26.108469348069452,274.9183921033229,0.029265951328471516,0.00173606751013323,-0.0372776936649474
mid,26.27766633293601,274.9183921033229,0.029791787947525444,0.001733424204452931,-0.03606796747304217
mid,26.44686331780252,274.9183921033229,0.030288931557164857,0.0017007244272505022,-0.03481511367483068
mid,26.61606030266908,274.9183921033229,0.030754290622034545,0.0016412629707606152,-0.03351965282014446
mid,26.78525728753564,274.9183921033229,0.031184504368390622,0.0015585204579544225,-0.03218220882055743
mid,26.9544542724022,274.9183921033229,0.031575988854638845,0.0014561466968809871,-0.030803530774242676
mid,27.12365125726871,274.9183921033229,0.03192499509908899,0.0013379351743336397,-0.029384510189618598
mid,27.292848242135268,274.9183921033229,0.032227680323349335,0.0012077876436844947,-0.027926191551922216
mid,27.462045227001777,274.9183921033229,0.032480193100067535,0.0010696679184208722,-0.026429773833772107
mid,27.631242211868337,274.9183921033229,0.03267877285254433,0.0009275442559670974,-0.024896600217577683
mid,27.800439196734896,274.9183921033229,0.03281986367227356,0.0007853200711389443,-0.023328133033011976
mid,27.969636181601455,274.9183921033229,0.032900241804592494,0.0006467531465530255,-0.021725910688210028
mid,28.138833166467965,274.9183921033229,0.032917155456311846,0.0005153640844606712,-0.020091483317332418
mid,28.308030151334524,274.9183921033229,0.032868474741023564,0.0003943353940648814,-0.018426324008356226
mid,28.477227136201083,274.9183921033229,0.03275284867537094,0.0002864032830473661,-0.01673171277278727
mid,28.646424121067593,274.9183921033229,0.03256986526288863,0.00019374497723487292,-0.015008591097068879
mid,28.815621105934152,274.91839210332296,0.032320209824489785,0.00011786502944650251,-0.013257385895531965
mid,28.98481809080071,274.9183921033229,0.03200581605503552,5.948461772540322e-05,-0.011477803052505526
mid,29.15401507566727,274.9183921033229,0.03163000397063133,1.843820705244026e-05,-0.009668592532524367
mid,29.32321206053378,274.9183921033229,0.031197598925867993,-6.41816386445955e-06,-0.007827289179741962
mid,29.492409045400287,274.9183921033229,0.03071502666814706,-1.7283101158211897e-05,-0.005949935827510349
mid,29.6616060302669,274.91839210332296,0.030190380684058583,-1.746787297641529e-05,-0.004030798056230331
mid,29.830803015133405,274.9183921033229,0.02963346074858926,-1.1434663375638546e-05,-0.0020620824823807922
mid,29.999999999999964,274.9183921033229,0.029348113615063856,-7.343089108201653e-06,-0.001107137206056548
outer,-30.000000000000068,298.7730695018225,-1.824594305281451e-05,-0.00010701943701093808,-0.0002489755343991544
outer,-30.000000000000068,298.6058480946258,-6.255490833467122e-05,-9.327928635230725e-05,-0.0002708725086927373
outer,-30.000000000000068,298.68956815628115,-4.023853893665244e-05,-0.00010013928528250679,-0.0002602984659557336
outer,-30.000000000000018,298.52190281823334,-8.516332310850413e-05,-8.646811180182706e-05,-0.0002806988854060829
outer,-29.708261952012435,298.52190281823334,-4.573007090614479e-05,-0.00016926018304606197,-0.0003318060997618917
outer,-29.70752503721737,298.6058480946258,-3.226831818031666e-05,-0.00018522902864811662,-0.00032247194875499575
outer,-29.706787559933932,298.6895681562812,-1.8841079657736968e-05,-0.0002014572065155727,-0.00031220145452901145
outer,-29.706049478737864,298.7730695018225,-5.465317621356668e-06,-0.00021791629779065,-0.0003009827936255567
outer,-29.4165239040248,298.5219028182333,3.7546740490524485e-05,-0.0002952565432052394,-0.00032862406373020646
outer,-29.41505007443467,298.60584809462586,3.5443424207190445e-05,-0.00033162898220097923,-0.0003229555352676029
outer,-29.413575119867794,298.68956815628115,3.366143952242875e-05,-0.00036882846522849687,-0.0003161141036726261
outer,-29.41209895747566,298.7730695018225,3.2194153825780656e-05,-0.00040685075987633476,-0.0003080746466538697
outer,-29.124785856037168,298.5219028182333,0.00010491895150025657,-0.0002886705344688861,-0.0001478264015238206
outer,-29.122575111652072,298.6058480946258,9.212914512092129e-05,-0.00034725321960273737,-0.00015098766988947413
outer,-29.12036267980166,298.68956815628115,7.984025894941578e-05,-0.00040735611617767186,-0.00015300763738510065
outer,-29.118148436213456,298.7730695018225,6.80414048762319e-05,-0.0004690132316210795,-0.00015386513250850058
outer,-28.833047808049635,298.52190281823334,0.00013745507628554725,-6.070111277733399e-05,0.0001474655868350063
outer,-28.830100148869374,298.60584809462586,0.00011780284392066747,-0.0001387316495319462,0.00013122800702730435
outer,-28.82715023973552,298.6895681562812,9.883178630477397e-05,-0.0002187964092932416,0.00011588745883027637
outer,-28.824197914951252,298.7730695018225,8.053771897520369e-05,-0.000300939225300199,0.0001014495074908146
outer,-28.541309760062003,298.52190281823334,0.0001439433933950185,0.00045624171479461713,0.0005086804376448523
outer,-28.537625186086675,298.60584809462586,0.00012049927367601283,0.0003646069544067699,0.0004760451317337017
outer,-28.533937799669385,298.68956815628115,9.793649933117614e-05,0.0002707202792753843,0.00044395861435955167
outer,-28.53024739368905,298.7730695018225,7.626111656983852e-05,0.00017455217341830987,0.00041241299338019475
outer,-28.24957171207437,298.52190281823334,0.00013507390320505078,0.0013095401861925307,0.0009038071753592278
outer,-28.24515022330408,298.60584809462586,0.00010995172307955148,0.0012113808770921096,0.0008525338691656845
outer,-28.24072535960325,298.6895681562812,8.587592408865739e-05,0.0011109767917349086,0.0008014534078591702
outer,-28.236296872426845,298.77306950182253,6.285527488188603e-05,0.0010083142198846582,0.0007505520735731086
outer,-27.957833664086735,298.5219028182333,0.00011714800284152917,0.0025280382340965514,0.001313717075687278
outer,-27.95267526052138,298.6058480946258,9.156716103877376e-05,0.002430414343953934,0.0012425098598885889
outer,-27.94751291953711,298.6895681562812,6.713421349379854e-05,0.002330672864760878,0.0011711750745668804
outer,-27.94234635116464,298.7730695018225,4.385469791174041e-05,0.0022288091816565136,0.0010996980221806148
outer,-27.666095616099103,298.52190281823334,9.30222829936397e-05,0.004126599756332472,0.0017274953445467803
outer,-27.660200297738683,298.6058480946258,6.761397736416031e-05,0.004036077465199191,0.0016357179441504333
outer,-27.654300479470976,298.68956815628115,4.340400204394827e-05,0.003943627087747246,0.0015435339619382037
outer,-27.648395829902437,298.7730695018225,2.0394149781114562e-05,0.003849249399993393,0.0014509292949118574
outer,-27.37435756811157,298.52190281823334,6.3932344325389e-05,0.006110980958026226,0.002139016436377428
outer,-27.367725334955985,298.6058480946258,3.901890073439466e-05,0.006033575177259167,0.0020264459077498926
outer,-27.361088039404837,298.6895681562812,1.532408059947343e-05,0.0059544699392330164,0.0019132256681726298
outer,-27.354445308640233,298.77306950182253,-7.152891310522203e-06,0.005873670144651948,0.0017993426788907073
outer,-27.082619520123938,298.5219028182333,3.0476898991426207e-05,0.008481383170431483,0.0025449181694164984
outer,-27.075250372173386,298.6058480946258,6.226042193146347e-06,0.008422612057487944,0.0024115843736068326
outer,-27.067875599338702,298.6895681562812,-1.680309532474779e-05,0.008362396855391209,0.002277387498687306
outer,-27.06049478737793,298.7730695018225,-3.8613136576732404e-05,0.008300745599463777,0.0021423158331142908
outer,-26.790881472136306,298.52190281823334,-7.020385065698888e-06,0.011234685226652753,0.0029434672522643457
outer,-26.782775409390688,298.6058480946258,-3.05243448743258e-05,0.011199638286760055,0.0027895537361183206
outer,-26.774663159272666,298.6895681562812,-5.2813865685129996e-05,0.011163421033387903,0.0026345880633874873
outer,-26.766544266115726,298.7730695018225,-7.3892988401064e-05,0.011126043741140382,0.0024785599441652503
outer,-26.499143424148674,298.52190281823334,-4.837736883819225e-05,0.014365831521495526,0.0033339052467788776
outer,-26.49030044660799,298.60584809462586,-7.109758148179327e-05,0.014359238047221936,0.003159685906363147
outer,-26.48145071920653,298.6895681562812,-9.261675274654674e-05,0.01435176152899931,0.002984244685739693
outer,-26.472593744853523,298.7730695018225,-0.00011293995569307443,0.01434341384656577,0.002807572673023461
outer,-26.207405376161038,298.52190281823334,-9.349025583000204e-05,0.017868717133220503,0.003716059420079366
outer,-26.19782548382539,298.60584809462586,-0.00011541728051981531,0.017895011021639443,0.0035218573192255433
outer,-26.188238279140393,298.68956815628115,-0.0001361599865702572,0.017920720134028737,0.0033262786852521673
outer,-26.17864322359132,298.77306950182253,-0.00015572416555547156,0.01794585750787821,0.0031293158772400117
outer,-25.91566732817351,298.52190281823334,-0.0001423018194528728,0.021736756617125548,0.004090108466159514
outer,-25.905350521042692,298.60584809462586,-0.00016344268043685592,0.02180013436201924,0.0038762691274315084
outer,-25.895025839074258,298.6895681562812,-0.00018341754418503553,0.021863235564179788,0.0036609100540774078
outer,-25.884692702329115,298.7730695018225,-0.00020223268276058255,0.02192607409660264,0.0034440247364572515
outer,-25.623929280185873,298.5219028182333,-0.00019478661368847565,0.025963248775034156,0.004456440158584601
outer,-25.612875558259994,298.6058480946258,-0.0002151590662511655,0.02606772013440826,0.004223314255200908
outer,-25.60181339900812,298.6895681562812,-0.0002343844073705824,0.02617223308191149,0.003988533812514449
outer,-25.59074218106691,298.7730695018225,-0.00025246920864189885,0.026276802102375957,0.003752093294794357
outer,-25.33219123219824,298.5219028182333,-0.0002509445977431201,0.03054160939186889,0.004815563498135772
outer,-25.3204005954774,298.6058480946258,-0.00027057425479059226,0.030691041514041503,0.004563495665063626
outer,-25.308600958941984,298.68956815628115,-0.00028907564822577315,0.03084084388341645,0.004309644289502248
outer,-25.296791659804708,298.7730695018225,-0.0003064555098346092,0.030991031454439617,0.004054004646127481
outer,-25.04045318421061,298.5219028182333,-0.00031079880470078446,0.03546551730729507,0.0051680531645489705
outer,-25.0279256326947,298.6058480946258,-0.0003297178343727586,0.03566367331672346,0.004897374866008532
outer,-25.01538851887585,298.6895681562812,-0.0003475270970658192,0.03586253991172912,0.00462478760332043
outer,-25.002841138542504,298.7730695018225,-0.0003642333754514254,0.03606213244524767,0.004350287291739947
outer,-24.748715136222973,298.5219028182333,-0.00037439497006559394,0.04072900205260574,0.005514513087546991
outer,-24.735450669912,298.6058480946258,-0.0003926416606588462,0.040979575045480575,0.005225538236073042
outer,-24.72217607880971,298.6895681562812,-0.000409796616715254,0.04123121220291654,0.004934530659795923
outer,-24.7088906172803,298.7730695018225,-0.00042586659270578767,0.04148392926020118,0.0046414867417037264
outer,-24.456977088235444,298.5219028182333,-0.00044180191475468034,0.046326490590671066,0.005855551274630418
outer,-24.442975707129403,298.6058480946258,-0.0004594207248707384,0.04663313383072325,0.0055485737673534145
outer,-24.428963638743575,298.6895681562812,-0.00047596539757691417,0.046941209965244535,0.005239439757510001
outer,-24.414940096018096,298.77306950182253,-0.0004914426003321693,0.047250735151127266,0.0049281459229407465
outer,-24.16523904024781,298.5219028182333,-0.0005131120930971615,0.052252824268216674,0.006191761222550465
outer,-24.150500744346704,298.6058480946258,-0.0005301539854602431,0.05261917821090174,0.005867053868079815
outer,-24.135751198677436,298.6895681562812,-0.0005461390362216656,0.052987351154445486,0.005540064747518746
outer,-24.120989574755892,298.7730695018225,-0.0005610737804560631,0.05335735977438933,0.0052107906567679715
outer,-23.873500992260176,298.5219028182333,-0.0005884421690873741,0.05850325279463677,0.0065237072495968156
outer,-23.858025781564006,298.6058480946258,-0.0006049651142044539,0.05893296946513337,0.0061815217686661435
outer,-23.8425387586113,298.68956815628115,-0.0006204484262232503,0.05936491114633963,0.005836926477385554
outer,-23.82703905349369,298.7730695018225,-0.000634898492749985,0.05979909516624682,0.005489918109814411
outer,-23.581762944272544,298.52190281823334,-0.0006679332627163546,0.06507340982771473,0.00685191228604228
outer,-23.565550818781308,298.60584809462586,-0.000684002888549945,0.06557017493120398,0.006492480170502251
outer,-23.549326318545162,298.68956815628115,-0.0006990503113405884,0.0660695937502934,0.006130506278142602
outer,-23.533088532231485,298.7730695018225,-0.0007130817677585312,0.06657168445653597,0.005765987098123078
outer,-23.29002489628491,298.5219028182333,-0.0007517509629092929,0.07195927305443127,0.007176847329620397
outer,-23.27307585599871,298.6058480946258,-0.0007674414047861983,0.07252682608997937,0.00680038142454068
outer,-23.256113878479027,298.68956815628115,-0.0007821276869965643,0.07309748730824613,0.006421236854189282
outer,-23.23913801096928,298.7730695018225,-0.0007958159049170355,0.07367127597217638,0.006039409678488844
outer,-22.99828684829738,298.5219028182333,-0.0008400853265765756,0.07915711067477002,0.007498922215063358
outer,-22.98060089321601,298.6058480946258,-0.0008554803025661722,0.07979926335455531,0.007105618955986558
outer,-22.962901438412892,298.6895681562812,-0.0008698902612051009,0.08044500779215627,0.0067094943437748245
outer,-22.945187489707077,298.7730695018225,-0.0008833211918018273,0.08109436463619418,0.006310543820532682
outer,-22.706548800309694,298.5219028182333,-0.0009331507906616167,0.0866634160005813,0.007818477606566905
outer,-22.688125930433312,298.6058480946258,-0.0009483450113481479,0.08738406921331154,0.007408519841563481
outer,-22.669688998346803,298.6895681562812,-0.0009625750700622826,0.08810883048109985,0.006995591471574757
outer,-22.651236968444874,298.7730695018225,-0.0009758469026342892,0.0888377221957338,0.006579687123306435
outer,-22.41481075232211,298.52190281823334,-0.0010311863437430582,0.09447483118182395,0.008135778168222373
outer,-22.395650967650667,298.60584809462586,-0.0010462874083124775,0.09527799073620347,0.007709338525194908
outer,-22.376476558280668,298.6895681562812,-0.0010604476286449338,0.0960858112942023,0.00727977179542591
outer,-22.35728644718267,298.77306950182253,-0.00107367297339123,0.09689831740289316,0.006847071586196039
outer,-22.12307270433448,298.5219028182333,-0.0011344562468290666,0.10258806090420479,0.008451006880710262
outer,-22.10317600486802,298.6058480946258,-0.001149587147164878,0.10347785239799275,0.008008251664263721
outer,-22.083264118214583,298.6895681562812,-0.0011638039255385084,0.10437289875910463,0.00756220506282973
outer,-22.063335925920466,298.77306950182253,-0.0011771127080708217,0.10527322716396305,0.007112859451245981
outer,-21.831334656346844,298.5219028182333,-0.0012432516244025686,0.1109997766234672,0.008764260413845797
outer,-21.81070104208532,298.60584809462586,-0.0012585540855462665,0.1119804597629177,0.00830535401243683
outer,-21.790051678148448,298.6895681562812,-0.0012729737412159742,0.11296703720325785,0.00784298358766258
outer,-21.769385404658262,298.7730695018225,-0.001286517037333311,0.11395953930477792,0.007377140052475573
outer,-21.539596608359314,298.52190281823334,-0.0013578934936297887,0.11970651126758561,0.009075545262730016
outer,-21.51822607930272,298.60584809462586,-0.0013735323945668135,0.12078249404472727,0.008600655063717523
outer,-21.49683923808231,298.6895681562812,-0.0013883258899290707,0.1218650612707273,0.008122119381622217
outer,-21.47543488339606,298.77306950182253,-0.001402280963905253,0.12295424713089742,0.00763992741387419
outer,-21.24785856037168,298.52190281823334,-0.0014787378563309236,0.12870454369731554,0.009384774132137598
outer,-21.225751116520023,298.60584809462586,-0.001494907002752184,0.12988039690611858,0.008894075961403278
outer,-21.20362679801612,298.68956815628127,-0.0015102760962325615,0.13106358118134775,0.008399541562255957
outer,-21.181484362133855,298.77306950182253,-0.0015248529535280414,0.13225413527500188,0.007901158129966647
outer,-20.956120512384047,298.52190281823334,-0.0016061837172818838,0.137989771247919,0.009691761675328692
outer,-20.933276153737324,298.6058480946258,-0.0016231132953360705,0.13927024382844994,0.009185445797150443
outer,-20.910414357949985,298.6895681562812,-0.00163929848126812,0.1405588570796531,0.00867509318971331
outer,-20.88753384087165,298.77306950182253,-0.0016547482996988883,0.14185565520127796,0.008160688716152754
outer,-20.664382464396414,298.5219028182334,-0.0017406850863026443,0.1475575670586985,0.00999621819083489
outer,-20.640801190954626,298.60584809462586,-0.0017586511378022487,0.14894760277169167,0.00947449593409963
outer,-20.6172019178839,298.6895681562812,-0.0017759417045573392,0.15034665924398127,0.008948526195611657
outer,-20.593583319609397,298.7730695018225,-0.0017925675006158076,0.15175478717611834,0.008418291122175812
outer,-20.37264441640878,298.52190281823334,-0.0018827682627418282,0.15740261688622337,0.010297739236426656
outer,-20.348326228171977,298.6058480946259,-0.0019021045501198472,0.15890737273381578,0.009760850349074555
outer,-20.32398947781776,298.6895681562812,-0.001920851137585916,0.16042210865657552,0.009219492446333064
outer,-20.299632798347194,298.77306950182253,-0.0019390210550205011,0.16194688311762934,0.008673644498413173
outer,-20.080906368421196,298.52190281823334,-0.0020330560642043347,0.1675187273415935,0.010595788244425329
outer,-20.05585126538933,298.60584809462586,-0.0020541686379757645,0.16914359400007117,0.010044009128173027
outer,-20.030777037751626,298.6895681562812,-0.0020747986367946544,0.17077948955030503,0.009487528120999164
outer,-20.00568227708504,298.7730695018225,-0.0020949621906913157,0.17242648176598613,0.008926320466436773
outer,-19.789168320433564,298.52190281823334,-0.0021923007761334504,0.17789859374200628,0.010889668113400024
outer,-19.76337630260663,298.60584809462586,-0.0022156855207177348,0.17964921789813135,0.010323321156310288
outer,-19.73756459768549,298.6895681562812,-0.002238721532575136,0.18141202144102694,0.009752027533374133
outer,-19.711731755822786,298.77306950182253,-0.0022614290014464564,0.18318708338246897,0.009175758109161804
outer,-19.497430272445982,298.5219028182334,-0.002361427983552322,0.18853351088612194,0.011178476394166574
outer,-19.470901339824035,298.60584809462586,-0.0023876912288989804,0.19041581888722747,0.01059794069496054
outer,-19.444352157619353,298.6895681562812,-0.0024137726667438214,0.19231157290690132,0.010012201186492792
outer,-19.417781234560582,298.77306950182253,-0.002439697718041492,0.19422086559483023,0.009421223582939252
outer,-19.20569222445835,298.52190281823334,-0.002541593571787716,0.19941300394104075,0.011461037020475823
outer,-19.178426377041337,298.60584809462586,-0.0025714756493508822,0.20143322530398108,0.010866760912115504
outer,-19.151139717553217,298.6895681562812,-0.0026013833189064556,0.20346829255296214,0.010267011237686398
outer,-19.123830713298428,298.77306950182253,-0.0026313486175310666,0.20551831498791304,0.009661747671961832
outer,-18.913954176470714,298.52190281823334,-0.002734256236460758,0.21052434880166587,0.011735799509598382
outer,-18.88595141425864,298.6058480946259,-0.0027686575334637392,0.21268903689452162,0.011128315417210495
outer,-18.85792727748708,298.6895681562812,-0.002803340625802765,0.21487012406126926,0.01051507560625721
outer,-18.829880192036224,298.77306950182253,-0.0028383457644061624,0.2170677400304392,0.009896032715951193
outer,-18.622216128483185,298.5219028182333,-0.0029412678495807504,0.22185194161290128,0.012000694224177669
outer,-18.59347645147599,298.60584809462586,-0.0029812763638030274,0.22416798720849077,0.011380636563145169
outer,-18.564714837421047,298.6895681562812,-0.003021880763569386,0.226502161654869,0.010754529676659103
outer,-18.53592967077402,298.77306950182253,-0.0030631313109457034,0.22885461981538374,0.010122318100323859
outer,-18.3304780804955,298.5219028182334,-0.00316498340167283,0.23337646553799604,0.012252929644727156
outer,-18.30100148869334,298.60584809462586,-0.0032119022295686583,0.23585109656584563,0.01162105667668259
outer,-18.27150239735486,298.6895681562812,-0.003259798400359365,0.2383457892422953,0.01098283201942777
outer,-18.241979149511767,298.77306950182253,-0.003308734114613958,0.24086072940040332,0.010338191036292119
outer,-18.038740032507917,298.5219028182334,-0.0034083918454505813,0.24507378859117468,0.012488714551805058
outer,-18.008526525910643,298.6058480946259,-0.0034637642115778744,0.24771454640642762,0.011845935387982412
outer,-17.97828995728872,298.6895681562812,-0.003520572018991329,0.2503775309368361,0.011196497624645335
outer,-17.948028628249613,298.77306950182253,-0.003578891378810116,0.25306296612246393,0.010540326507510675
outer,-17.747001984520285,298.5219028182334,-0.0036752680821013975,0.25691350971572685,0.012702884741537308
outer,-17.716051563127994,298.6058480946259,-0.003740896525893239,0.25972818830614663,0.012050293030671025
outer,-17.685077517222634,298.6895681562812,-0.0038085033792586223,0.2625675221006235,0.0113907390231454
outer,-17.65407810698736,298.7730695018226,-0.0038781805283519544,0.26543178175348864,0.010724137222656235
outer,-17.455263936532653,298.5219028182334,-0.003970344765120683,0.26885705078005484,0.012888410412604107
outer,-17.42357660034535,298.6058480946259,-0.004048300020075099,0.2718535803432914,0.012227326658795758
outer,-17.39186507715645,298.6895681562812,-0.004128867520424365,0.27487748844522086,0.011558992343246172
outer,-17.360127585725206,298.77306950182253,-0.004212156486957663,0.27792910263614673,0.01088331121073273
outer,-17.16352588854507,298.5219028182334,-0.004299500977006626,0.28085516952528533,0.013035756584066152
outer,-17.131101637562647,298.6058480946259,-0.004392114819320274,0.28404141972032515,0.012367781561548927
outer,-17.09865263709031,298.6895681562812,-0.004488067844656454,0.28725809565395966,0.01169230177728571
outer,-17.066177064462952,298.7730695018226,-0.004587487593685123,0.29050559354425465,0.01100921122233682
outer,-16.871787840557435,298.5219028182334,-0.0046699626668130975,0.29284474252719805,0.013132064990378667
outer,-16.83862667477995,298.60584809462586,-0.004779797738380928,0.29622821315587156,0.012459147347708824
outer,-16.805440197024225,298.6895681562812,-0.004893788597677071,0.29964550316266886,0.011778532255128565
outer,-16.7722265432007,298.77306950182265,-0.005012081147684276,0.30309709069282414,0.011090106557437099
outer,-16.580049792569852,298.52190281823334,-0.005090507623320029,0.3047446376047182,0.013160121625825708
outer,-16.546151711997304,298.6058480946259,-0.005220295966908831,0.3083319953877074,0.012484643487626665
outer,-16.512227756958037,298.6895681562812,-0.005355134932121482,0.3119569229942185,0.011801376053064042
outer,-16.478276021938495,298.7730695018226,-0.005495187468002448,0.31561999490853015,0.011110204005699884
outer,-16.28831174458222,298.5219028182334,-0.0055716658259089835,0.3164504610866222,0.01309706925116838
outer,-16.253676749214655,298.6058480946259,-0.0057242067203672545,0.32024687028350324,0.012421954442995667
outer,-16.21901531689195,298.68956815628127,-0.0058827491676162955,0.32408494670914095,0.011739114399613643
outer,-16.18432550067629,298.7730695018226,-0.006047469999890358,0.3279653761294285,0.011048440029550063
outer,-15.996573696594586,298.5219028182334,-0.0061259047321492385,0.3278279259002311,0.012912818092310027
outer,-15.961201786431955,298.6058480946259,-0.006303911586065365,0.3318361073657659,0.012241668457394744
outer,-15.925802876825815,298.68956815628127,-0.006488891176432553,0.3358903595685902,0.011563089142572675
outer,-15.890374979414087,298.7730695018226,-0.0066810286224000676,0.3399914940594919,0.010876990405069495
outer,-15.704835648607004,298.5219028182334,-0.0067677895114705774,0.33870453935566586,0.012568099361522755
outer,-15.668726823649308,298.6058480946259,-0.006973675146142687,0.3429234766702559,0.011905365419208613
outer,-15.63259043675968,298.6895681562812,-0.0071874720610829446,0.3471931082279259,0.011235830840619854
outer,-15.596424458151883,298.7730695018226,-0.007409365008927533,0.3515143839429506,0.010559444803394921
outer,-15.413097600619421,298.5219028182334,-0.007514111075803603,0.3488592512636075,0.012012092840507901
outer,-15.37625186086666,298.6058480946259,-0.007749700926473785,0.3532824427241642,0.011363285549607596
outer,-15.339377996693543,298.68956815628127,-0.007994034521336103,0.357761021910588,0.010708775737097956
outer,-15.30247393688968,298.77306950182253,-0.00824728385635632,0.36229608563732263,0.010048579700236093
outer,-15.12135955263179,298.5219028182334,-0.008383981692709597,0.35800962700220434,0.011179537484984556
outer,-15.083776898084013,298.6058480946259,-0.008650145664968259,0.36262275646728753,0.010551487682660815
outer,-15.046165556627457,298.6895681562812,-0.008925682179662331,0.36729579880409063,0.009919480458701571
outer,-15.008523415627527,298.77306950182253,-0.009210733572442086,0.37202999932514613,0.009283638845233214
outer,-14.829621504644207,298.52190281823334,-0.00939891164366946,0.36579600459556727,0.009987195391535794
outer,-14.791301935301364,298.6058480946259,-0.009695107985293806,0.37057386889037314,0.009388365825988038
outer,-14.75295311656132,298.68956815628127,-0.010000976641417351,0.37541564414536005,0.00878820183122335
outer,-14.714572894365324,298.7730695018226,-0.010316608007827313,0.38032271483824104,0.008186987793767697
outer,-14.537883456656726,298.5219028182334,-0.01058290330053293,0.37176194061209095,0.008329471129916138
outer,-14.498826972518767,298.60584809462586,-0.010906632745819461,0.37666441969943365,0.007770321308133377
outer,-14.459740676495336,298.68956815628127,-0.011239848666509018,0.381633758213106,0.007213634905117158
outer,-14.420622373103221,298.7730695018226,-0.011582560789084574,0.38667145404270387,0.006659932007374789
outer,-14.246145408669499,298.5219028182334,-0.011962635884480023,0.37533001290161094,0.006072865807524516
outer,-14.206352009736527,298.6058480946259,-0.012308813669383377,0.38029678849926035,0.0055662587878688025
outer,-14.166528236429606,298.6895681562812,-0.012663615716087422,0.38533157473197543,0.005067467035102011
outer,-14.126671851841476,298.7730695018226,-0.013026934429419976,0.3904359329135758,0.0045773468446223126
outer,-13.954407360683494,298.5219028182334,-0.013567860650851627,0.3757716757458675,0.0030487227617641832
outer,-13.913877046955458,298.6058480946259,-0.013928131118881113,0.3807152705733848,0.0026103384864614443
outer,-13.873315796365098,298.68956815628127,-0.014295260879554413,0.38572516549483554,0.002187156599604681
outer,-13.83272133058085,298.77306950182265,-0.014668978296998363,0.3908028990871782,0.0017805054550759092
outer,-13.66266931270156,298.5219028182334,-0.015432191130921872,0.3721692665560324,-0.0009566959489867577
outer,-13.62140208417851,298.6058480946259,-0.015794246794126162,0.37696574192382953,-0.0013080314358263484
outer,-13.580103356304711,298.68956815628127,-0.016160236064567856,0.38182241448700877,-0.0016341348702172964
outer,-13.538770809324447,298.7730695018226,-0.016529663417766273,0.38674065744963354,-0.001933020847243172
outer,-13.370931264733978,298.5219028182334,-0.017594326480473182,0.3633673776147557,-0.006216529265734766
outer,-13.328927121416013,298.6058480946259,-0.01794135259344027,0.3678436044019038,-0.006458812443564166
outer,-13.286890916258828,298.68956815628127,-0.018287956018786803,0.37236727083118926,-0.006662433340996532
outer,-13.244820288082549,298.7730695018226,-0.01863334106333431,0.3769393456945587,-0.006824493581615951
outer,-13.07919321681479,298.5219028182334,-0.020099526728766463,0.3479095229677513,-0.013085353060510584
outer,-13.036452158702065,298.6058480946259,-0.020410079430542644,0.3518251367077946,-0.013194194102775753
outer,-12.99367847626185,298.6895681562812,-0.02071422218921517,0.35576525950367,-0.013246627610507447
outer,-12.950869766889808,298.7730695018226,-0.021010768627486312,0.35973002967998974,-0.013238480150083998
outer,-12.787455169053663,298.52190281823334,-0.022994886793506544,0.3239563642372809,-0.022034509461964974
outer,-12.743977196147043,298.6058480946259,-0.02324329740640399,0.32697724682541207,-0.02198595472880415
outer,-12.70046603642451,298.6895681562812,-0.023477791917168145,0.3299836201108224,-0.02185795443424799
outer,-12.656919245857623,298.77306950182253,-0.023696741547433037,0.3329739141402854,-0.021644540752411262
outer,-12.495717121795877,298.5219028182334,-0.026306175613223057,0.2891857595135601,-0.03371287541612356
outer,-12.45150223409801,298.60584809462586,-0.026463704985760658,0.29084470500953236,-0.03349157223708264
outer,-12.407253597095805,298.6895681562812,-0.026599552279428885,0.2924233748976013,-0.033162064929857876
outer,-12.362968725336666,298.77306950182253,-0.02671199662779744,0.2939163244868141,-0.03271594035037182
outer,-12.20397907608308,298.5219028182334,-0.02971599105512597,0.2407510467206714,-0.049005833399049833
outer,-12.159027273602002,298.60584809462586,-0.029715046419386208,0.2404042488839983,-0.04861884339319327
outer,-12.114041159328165,298.6895681562812,-0.029682763348192785,0.23986821206969372,-0.04809034634411744
outer,-12.069018206384765,298.77306950182253,-0.02961813457793891,0.23912893084863993,-0.047409026863312366
outer,-11.912241035005035,298.5219028182334,-0.04701588323560471,0.17219389411915964,-0.07205656516802171
outer,-11.86655231776487,298.6058480946259,-0.04876205814362575,0.1685205838577107,-0.07198572113615279
outer,-11.820828726243525,298.6895681562812,-0.05074592341846751,0.16441857514973462,-0.07180199271070897
outer,-11.775067692140036,298.77306950182265,-0.05300705977028385,0.15984859491699746,-0.07150051680281841
outer,-11.62050300733677,298.5219028182334,-0.1210631867955683,0.07653129725724298,-0.11109821796062533
outer,-11.574077375407136,298.6058480946259,-0.13060937567371594,0.06788300118151247,-0.11251159988328066
outer,-11.527616306708047,298.6895681562812,-0.14124375824930488,0.058467883630514396,-0.11394540425276117
outer,-11.481117191514288,298.7730695018226,-0.15308720213171975,0.048221894056793974,-0.11540904631697493
outer,-11.328765017380011,298.5219028182334,-0.2779909290970913,-0.03383653734069324,-0.16472443457191754
outer,-11.281602470957083,298.6058480946259,-0.2993928870578579,-0.04655571281332644,-0.16765767698298767
outer,-11.234403925276428,298.6895681562812,-0.3224776665000022,-0.06006898941929272,-0.17061539317377955
outer,-11.187166729188831,298.77306950182253,-0.34733084850267737,-0.07440802780128154,-0.17359246321801952
outer,-11.037027130480805,298.52190281823334,-0.4847067797680811,-0.13043147596389362,-0.21563044425713704
outer,-10.98912767010029,298.6058480946259,-0.5142303533849357,-0.14391300358475234,-0.21808346509469512
outer,-10.941191647974337,298.6895681562812,-0.5450062964031284,-0.15789231984453306,-0.22032391655364428
outer,-10.893216371529476,298.77306950182253,-0.5769850947153848,-0.17236416863061427,-0.22232144467908477
outer,-10.745289515347988,298.52190281823334,-0.6906798170972206,-0.20104935988063316,-0.24840971435958784
outer,-10.696653142422916,298.6058480946259,-0.7220158299139725,-0.21369635242285764,-0.2486051747709142
outer,-10.647979645265716,298.68956815628115,-0.7538140973768264,-0.22672365675795692,-0.24840937625374496
outer,-10.599266289878807,298.77306950182253,-0.7859759090737847,-0.24014636774107442,-0.24780953036036468
outer,-10.453552600771676,298.5219028182334,-0.8726044661524404,-0.2553202179855062,-0.262053314467967
outer,-10.404179318944319,298.6058480946259,-0.9022825136161259,-0.2678983842495166,-0.26000385409762145
outer,-10.354768350400937,298.6895681562812,-0.9318988253113109,-0.280940051110725,-0.2576337306390388
outer,-10.305316919720054,298.7730695018225,-0.9613696441110363,-0.2944624342725368,-0.2549713911308369
outer,-10.16181742490502,298.5219028182334,-1.0287002229683195,-0.30454343474131984,-0.26400252126469775
outer,-10.111707243215122,298.60584809462586,-1.0555067756566925,-0.31772252936812845,-0.26078311010052935
outer,-10.061558812332228,298.6895681562812,-1.0819181307180892,-0.3313159634795937,-0.25745669374617736
outer,-10.011369315411416,298.77306950182253,-1.1078516114123738,-0.3452877426347134,-0.25407440362093175
outer,-9.87008645028159,298.5219028182334,-1.161588623213104,-0.35156859011422786,-0.2614356588295258
outer,-9.819239390571981,298.6058480946259,-1.1849511989678048,-0.3648943500959504,-0.25809472991472415
outer,-9.768353519209043,298.68956815628115,-1.20766521816392,-0.37837711236892846,-0.2548451503499887
outer,-9.717425977925684,298.77306950182253,-1.2296558712525845,-0.39193122942371433,-0.2517315855280338
outer,-9.578365316728325,298.5219028182333,-1.2737981025936218,-0.39434220195097014,-0.2584037487803323
outer,-9.526781430164002,298.6058480946258,-1.293578628018281,-0.4069120217591339,-0.2555277608088027
outer,-9.47515816952505,298.6895681562812,-1.312601376231644,-0.4193492827272706,-0.252846307856458
outer,-9.423492635125209,298.7730695018225,-1.330833011705665,-0.43157118428396846,-0.25037961480626403
outer,-9.286666452787612,298.52190281823334,-1.3687215564726773,-0.43083056287415294,-0.2563184798639029
outer,-9.2343458551513,298.60584809462586,-1.3853561852266039,-0.44205892740227126,-0.25404191260673986
outer,-9.181985321107401,298.6895681562812,-1.401306863300607,-0.4529941354547432,-0.2519651703221055
outer,-9.129581909557002,298.77306950182253,-1.4165929946866955,-0.4635966005946724,-0.2500843327956631
outer,-8.995016793676417,298.52190281823334,-1.4505852618151613,-0.46072678243281306,-0.25509188218443735
outer,-8.941959740790562,298.60584809462586,-1.4648924862219759,-0.4705496853389479,-0.2532824482458209
outer,-8.888862189359372,298.6895681562812,-1.4787020131752957,-0.480069332510856,-0.2516240697779668
outer,-8.83572115688563,298.77306950182253,-1.492061974327048,-0.48928755821591546,-0.25010148786840664
outer,-8.703471654388773,298.5219028182333,-1.5234139768020358,-0.48500494423144014,-0.25411747132436097
outer,-8.649678689665544,298.6058480946258,-1.5362295529663548,-0.49367429177645045,-0.2525751929929897
outer,-8.59584466467428,298.6895681562812,-1.5487363091840967,-0.5021056628007813,-0.2511289624332537
outer,-8.541966555549742,298.77306950182253,-1.5609792721011373,-0.5103169064245362,-0.2497644365440796
outer,-8.412142551064132,298.5219028182333,-1.5902055837026592,-0.504951715515317,-0.25285123578956226
outer,-8.357614797703032,298.6058480946258,-1.6021375624530765,-0.5127650854232901,-0.2514230853805925
outer,-8.303045423208369,298.68956815628115,-1.613888863360919,-0.5204070618328034,-0.25005331806666936
outer,-8.248431362410289,298.77306950182253,-1.625486951010264,-0.5278924295299215,-0.24873305891253927
outer,-8.121244673699838,298.5219028182333,-1.6527792504896273,-0.5215757634449922,-0.2509934164771068
outer,-8.065984373701491,298.60584809462574,-1.6641738054882216,-0.5287443512862731,-0.24959576240561607
outer,-8.010681893415398,298.6895681562812,-1.6754534097816767,-0.5357825004590934,-0.24823675733065453
outer,-7.955334126493089,298.7730695018225,-1.6866306149850478,-0.5426977825392137,-0.24691187087888178
outer,-7.831175361525723,298.52190281823334,-1.7120704781612985,-0.5355107898958551,-0.24844697187447795
outer,-7.775186822709828,298.60584809462586,-1.7230950522315405,-0.5421573560873927,-0.24704339859364538
outer,-7.719155547740136,298.6895681562812,-1.7340327038686003,-0.5486941768252722,-0.24566895248980522
outer,-7.663078389331688,298.7730695018225,-1.7448883737765355,-0.5551245189713255,-0.24432115410554212
outer,-7.542644151342762,298.52190281823334,-1.7684805535834969,-0.5471444831358971,-0.2452261870752735
outer,-7.485935370504316,298.60584809462586,-1.7792110208142464,-0.5533434478083946,-0.2438020413174066
outer,-7.429183303749941,298.6895681562812,-1.7898656373877224,-0.5594441716561557,-0.2424014814754309
outer,-7.372384763307843,298.7730695018225,-1.8004464309365646,-0.5654483922483752,-0.24102269410406688
outer,-7.2568315105459655,298.5219028182333,-1.822086365598781,-0.5567470927507854,-0.24139255101317159
outer,-7.199416621885451,298.6058480946258,-1.8325560441132223,-0.5625540072351568,-0.23994003757969962
outer,-7.141957908335773,298.68956815628115,-1.842953991107291,-0.5682711765353564,-0.2385065923426033
outer,-7.084452142432427,298.7730695018225,-1.8532811832676805,-0.5738999703257421,-0.23709053836128188
outer,-6.975574597055891,298.5219028182333,-1.8727288170240213,-0.5645381830711201,-0.2370261585658229
outer,-6.917477286400197,298.6058480946258,-1.8829486627747036,-0.5700018118072524,-0.2355381054847578
outer,-6.859335629961344,298.68956815628115,-1.8930977198149164,-0.5753833452720388,-0.2340646242728007
outer,-6.801146361913828,298.7730695018225,-1.903176554265868,-0.5806841520126459,-0.23260402367461558
outer,-6.701466758061531,298.52190281823334,-1.9200721924928676,-0.5707153940098466,-0.23221980351114707
outer,-6.642724194391306,298.6058480946258,-1.93003986069405,-0.5758808819585266,-0.2306880930325701
outer,-6.5839367924151375,298.6895681562811,-1.9399361454372535,-0.5809717229604443,-0.22916633576779144
outer,-6.525101250035966,298.7730695018224,-1.9497614800013598,-0.585989442800325,-0.22765281637146367
outer,-6.437756763301255,298.5219028182333,-1.963708105939816,-0.5754773646721568,-0.22708558820360197
outer,-6.378423006379235,298.6058480946258,-1.9734148207880837,-0.5803866727305408,-0.22550204474602092
outer,-6.319043959892442,298.6895681562812,-1.983048963122368,-0.5852287536352874,-0.22392395166690351
outer,-6.25961628851094,298.7730695018225,-1.9926109571374737,-0.5900053728415187,-0.22234962459464785
outer,-6.187822331310555,298.5219028182333,-2.003301202773565,-0.5790413529538627,-0.22175714828610643
outer,-6.127969002103553,298.60584809462586,-2.0127379994037815,-0.5837331362448696,-0.22011545241928665
outer,-6.06806998674124,298.6895681562812,-2.022100930267531,-0.5883650009678089,-0.21847518445583816
outer,-6.008121920687029,298.7730695018225,-2.0313904193597523,-0.5929389574963795,-0.21683477315063435
outer,-5.954508337268054,298.52190281823334,-2.0387183800561886,-0.5816466622995601,-0.21638152572980268
outer,-5.894221847623791,298.6058480946258,-2.0478805885342313,-0.5861560180069021,-0.21467887062035573
outer,-5.833889341192072,298.6895681562812,-2.0569676489071584,-0.5906123857685409,-0.21297440643304932
outer,-5.773507429087,298.7730695018225,-2.0659799123888867,-0.5950179454688289,-0.2112667570092306
outer,-5.739450050080925,298.52190281823334,-2.0700771907908346,-0.5835339045329282,-0.2110953352505301
outer,-5.678825313825751,298.6058480946258,-2.078966016832198,-0.5878918612772585,-0.2093329097695322
outer,-5.618154302598822,298.6895681562812,-2.087778308559853,-0.5922030327077734,-0.20756636898468972
outer,-5.557433608500477,298.77306950182253,-2.0965142302510595,-0.596469626031408,-0.20579459589228297
outer,-5.542918492991113,298.5219028182333,-2.0976931914351127,-0.5849118160556562,-0.2060026693787846
outer,-5.482051833036947,298.60584809462586,-2.1063147457013502,-0.5891446768935502,-0.20418497133929994
outer,-5.421138713450261,298.6895681562812,-2.114858138215952,-0.5933359281331652,-0.20236177107501302
outer,-5.364099635296533,298.52190281823334,-2.121998085523256,-0.5859427624271106,-0.20116836972543564
outer,-5.360175712732053,298.7730695018225,-2.1233232423126025,-0.5974876321229613,-0.2005322503909802
outer,-5.303083142302371,298.6058480946258,-2.1303614632490877,-0.5900718119121032,-0.1993019738605727
outer,-5.242020075307828,298.6895681562812,-2.138644775519178,-0.5941632350921269,-0.1974294904708777
outer,-5.201325867208467,298.52190281823334,-2.143453031179426,-0.5867359881663046,-0.19661508570158065
outer,-5.180907004391437,298.7730695018225,-2.146847545401637,-0.598218784071488,-0.1955504122844998
outer,-5.140242961710249,298.6058480946258,-2.151568383564154,-0.5907776031993729,-0.1947073603114773
outer,-5.0791134315188495,298.6895681562812,-2.15960154565905,-0.5947843540504199,-0.19279358662500992
outer,-5.052771724748447,298.52190281823334,-2.162481495186007,-0.5873577974360759,-0.1923411824890901
outer,-5.017933842979493,298.7730695018225,-2.167551680262644,-0.5987575496782863,-0.19087355027130404
outer,-4.991696336454172,298.6058480946258,-2.1703588179033306,-0.5913240481044758,-0.1903994126628448
outer,-4.930574329204588,298.68956815628115,-2.1781517332598557,-0.5952570745012538,-0.18845206855903124
outer,-4.916649641583125,298.5219028182333,-2.1794601512430165,-0.5878525146431592,-0.1883324790011014
outer,-4.869402269767553,298.77306950182253,-2.185859088553756,-0.5991576663542277,-0.186499185927816
outer,-4.855646406407804,298.6058480946258,-2.187108954889447,-0.5917521833208026,-0.1863633965738003
outer,-4.794596607351814,298.68956815628115,-2.194671227692017,-0.5956193412503985,-0.18438947937046876
outer,-4.791175701691986,298.52190281823334,-2.194710371361295,-0.5882465170137694,-0.18456341085838585
outer,-4.733496815238904,298.7730695018226,-2.2021456006217184,-0.5994542486017104,-0.18241095508816277
outer,-4.730299980736095,298.6058480946258,-2.20213960172309,-0.5920859994919557,-0.18257294209152294
outer,-4.674930811677063,298.52190281823334,-2.2084972380821926,-0.5885576986156807,-0.18101079309700935
outer,-4.669377793231426,298.6895681562812,-2.209480462586618,-0.5958929929299495,-0.1805785023547201
outer,-4.614230587987568,298.60584809462586,-2.2157153593507664,-0.5923417473332679,-0.17900403355374725
outer,-4.608405717169633,298.77306950182253,-2.2167314971613683,-0.5996672699233183,-0.17858044312493657
outer,-4.566577497167207,298.52190281823334,-2.2210368670852847,-0.5887975651167552,-0.17764852709835555
outer,-4.553484031706575,298.6895681562812,-2.22284369761962,-0.5960928603474493,-0.1769941738125835
outer,-4.506093800085294,298.6058480946258,-2.228051983653718,-0.592529888636043,-0.17562974563423278
outer,-4.492687730691106,298.7730695018225,-2.2298808340552703,-0.5998103990183724,-0.17498161523864897
outer,-4.465199910010433,298.5219028182333,-2.232506448191626,-0.5889772559926879,-0.17445929535388854
outer,-4.445563935687143,298.68956815628115,-2.2349764094158906,-0.5962285632145751,-0.17360865043357115
outer,-4.404969007262209,298.6058480946258,-2.239326381372069,-0.592660931488468,-0.1724320531872686
outer,-4.384984504001223,298.7730695018225,-2.241808870811973,-0.59989263940531,-0.17158562111496542
outer,-4.3697658762583815,298.52190281823334,-2.2430592177253588,-0.5891053696483001,-0.17142006916041264
outer,-4.344692130156046,298.6895681562812,-2.246055258415342,-0.5963101555650165,-0.17040313886134364
outer,-4.309818669161408,298.60584809462586,-2.249691510024,-0.5927431330609195,-0.16938725613368566
outer,-4.284365892930876,298.77306950182253,-2.252692039117086,-0.5999237842696417,-0.16837284986997655
outer,-4.279557859466068,298.52190281823334,-2.2528186756285895,-0.5891881622579075,-0.16851430770756182
outer,-4.249825704251939,298.6895681562812,-2.2562329293241676,-0.5963456991411881,-0.1673532371337971
outer,-4.21992151877143,298.60584809462586,-2.25927061012837,-0.5927825704146453,-0.16647827957089573
outer,-4.193910800182199,298.52190281823334,-2.2618834102658076,-0.5892306539432568,-0.16572604755002254
outer,-4.189783611716261,298.77306950182253,-2.2626827352186756,-0.599911847737934,-0.16531818301006543
outer,-4.160239657549197,298.6895681562812,-2.2656323821763196,-0.596341198790422,-0.16444132812340362
outer,-4.134609038909205,298.60584809462586,-2.2681620650218193,-0.5927842173182817,-0.16368871542576297
outer,-4.112427705395073,298.52190281823334,-2.2703382161172576,-0.5892398605051286,-0.16304668864897492
outer,-4.100508923460386,298.7730695018225,-2.2719035876640348,-0.5998628559110829,-0.16240346844379314
outer,-4.075262012493721,298.6895681562812,-2.2743517360903627,-0.5963016429201631,-0.16165056362858693
outer,-4.053482172544002,298.60584809462586,-2.276450401847226,-0.5927550588840729,-0.161009627718341
outer,-4.034463904566919,298.5219028182334,-2.27825683521832,-0.5892191940502166,-0.1604592539662072
outer,-4.015866387404378,298.7730695018225,-2.2804523551775633,-0.5997818493491404,-0.15961143547919227
outer,-3.9944916464602356,298.6895681562812,-2.282475162478441,-0.5962340105492591,-0.1589716849516474
outer,-3.9758928974109558,298.60584809462586,-2.2842090118218152,-0.5926984853936746,-0.15842370736243538
outer,-3.959831030791155,298.5219028182334,-2.285696833940152,-0.5891734342469976,-0.15795968979768915
outer,-3.9354528136371227,298.77306950182253,-2.288412733095999,-0.5996758021146257,-0.1569325280660228
outer,-3.91727718289844,298.6895681562812,-2.2900756030717213,-0.596141672577941,-0.15638707235579374
outer,-3.901651867259199,298.60584809462586,-2.2914951179060736,-0.5926192486637064,-0.1559267121095864
outer,-3.888051992648944,298.52190281823334,-2.292713306320173,-0.5891064573365304,-0.15553538418349247
outer,-3.858613468576008,298.77306950182253,-2.2958570964703995,-0.5995480489812658,-0.15434884915632618
outer,-3.8434282954656247,298.6895681562812,-2.29720985024779,-0.5960293446470587,-0.15389232395773678
outer,-3.830279510208577,298.60584809462586,-2.2983634102481743,-0.5925211887310416,-0.1535058263221386
outer,-3.818877915085559,298.52190281823334,-2.299350033203123,-0.589020867138711,-0.15317962818104972
outer,-3.785157044983708,298.77306950182253,-2.3028417151715077,-0.5994032453587781,-0.15185587687249263
outer,-3.7724629299269994,298.6895681562812,-2.3039321183888815,-0.5959008123056271,-0.15147445285018443
outer,-3.7615256572701945,298.60584809462586,-2.304857286564973,-0.5924068539093245,-0.15115422519593427
outer,-3.7520775458560713,298.5219028182334,-2.3056433718809415,-0.588919720652687,-0.15088650701860393
outer,-3.7145990042383463,298.77306950182253,-2.309420257802907,-0.599245088910201,-0.149440492508421
outer,-3.7041296223718456,298.6895681562812,-2.3102853608017133,-0.5957585387287709,-0.14912654919807955
outer,-3.6951578538882828,298.6058480946259,-2.3110127484524137,-0.5922792385695628,-0.14886591225648013
outer,-3.687436858340733,298.52190281823334,-2.3116258672394996,-0.5888056416645301,-0.14865038814854795
outer,-3.6466865864467555,298.77306950182253,-2.3156351724147286,-0.5990759119724213,-0.14709573427788342
outer,-3.6381947150157767,298.6895681562812,-2.3163051691862777,-0.5956054182009858,-0.14684256126693573
outer,-3.630960960690417,298.60584809462586,-2.3168619749385777,-0.592140874577769,-0.14663519496077806
outer,-3.6247585155261985,298.5219028182334,-2.3173265849837485,-0.588680865352512,-0.1464659543981515
outer,-3.581184929610671,298.7730695018226,-2.3215215874224624,-0.5988984586070125,-0.14481552069185843
outer,-3.5744419548844055,298.6895681562812,-2.322023309679641,-0.5954438508999454,-0.14461675761564693
outer,-3.56873661468206,298.60584809462586,-2.3224336657600606,-0.591993883895971,-0.14445671188885084
outer,-3.5638612282617506,298.5219028182333,-2.3227712447353244,-0.5885472531174862,-0.14432822719685084
outer,-3.517876666241815,298.77306950182253,-2.327110813135998,-0.5987149505450876,-0.1425941002472296
outer,-3.512671952218925,298.6895681562812,-2.327468079776806,-0.595275809258163,-0.14244374937096715
outer,-3.508302584166462,298.6058480946259,-2.327753188045327,-0.5918400037763493,-0.1423254528865012
outer,-3.504586086593428,298.5219028182334,-2.327978609459742,-0.5884057443199924,-0.142232882502536
outer,-3.4565613789762737,298.77306950182253,-2.332430716974136,-0.5985271725703022,-0.14042607095805795
outer,-3.452701532056782,298.68956815628115,-2.3326644708121336,-0.5951028760869085,-0.14031850835583837
outer,-3.449499132995701,298.60584809462586,-2.3328390073539187,-0.5916800555824439,-0.14023708203938742
outer,-3.4469368893925365,298.52190281823334,-2.3329658112602942,-0.5882589589520318,-0.14018074498876262
outer,-3.3970549488134516,298.7730695018226,-2.3375059022831612,-0.5983365239492746,-0.1383063976533657
outer,-3.394370131425883,298.6895681562812,-2.337630639229866,-0.5949257290660631,-0.13823669788465648
outer,-3.392330079792071,298.60584809462586,-2.337707997650757,-0.5915165429983879,-0.13819244477987713
outer,-3.390633348393,298.52190281823334,-2.3377536757145165,-0.5881077390143249,-0.13816360613833695
outer,-3.3391959852797544,298.7730695018226,-2.3423542161634274,-0.5981435152088609,-0.1362307511818985
outer,-3.3376815887142204,298.6895681562812,-2.342383201344666,-0.5947467359897549,-0.13619919253428547
outer,-3.336513679033742,298.6058480946259,-2.342380695682596,-0.5913501835704935,-0.13618329505190435
outer,-3.3356228087996236,298.52190281823334,-2.342355653039912,-0.5879525857967407,-0.13618006937305357
outer,-3.2829883465452054,298.7730695018226,-2.346992027278808,-0.5979503608272578,-0.13420004036164074
outer,-3.2823527000321335,298.6895681562812,-2.346942410423855,-0.5945664741470551,-0.13419771326318986
outer,-3.2819970021662708,298.60584809462586,-2.3468703277515246,-0.5911813504002663,-0.13420825061196534
outer,-3.28186863323791,298.5219028182334,-2.3467839266994606,-0.5877951881041359,-0.13422958002802843
outer,-3.2291888059837492,298.52190281823334,-2.351051146741645,-0.5876357436110041,-0.1323068387221582
outer,-3.228743221332708,298.6058480946259,-2.3511889007838205,-0.5910116260226891,-0.13226677114756022
outer,-3.228330262856931,298.6895681562812,-2.3513212748640453,-0.5943851728797714,-0.13223089379663086
outer,-3.228147369158004,298.7730695018226,-2.3514393170968444,-0.5977574839871251,-0.13220595408300667
outer,-3.1776109020658354,298.52190281823334,-2.355166427445365,-0.5874752961941475,-0.13041306079280945
outer,-3.176569374485176,298.6058480946259,-2.3553488803687572,-0.5908410965447192,-0.1303535409791649
outer,-3.17557725870372,298.6895681562812,-2.355531634570294,-0.5942042972937217,-0.13029820787214827
outer,-3.174619576402893,298.77306950182253,-2.3557088860978705,-0.5975649568311568,-0.13024714017416678
outer,-3.1269949867628974,298.5219028182334,-2.359140816618539,-0.5873144891792956,-0.12854424390071223
outer,-3.1255031800185433,298.60584809462586,-2.3593592434731936,-0.590670698322119,-0.12846979713514128
outer,-3.123909778478539,298.68956815628127,-2.35958578029783,-0.5940238138039551,-0.12839432140783244
outer,-3.1223677590109076,298.7730695018225,-2.3598124196757966,-0.597374118722348,-0.12832308320134678
outer,-3.077271331150534,298.5219028182334,-2.3629818347714564,-0.587153225761508,-0.1266984765710088
outer,-3.0754039756724785,298.6058480946259,-2.3632308996116183,-0.5905009815832342,-0.1266115204023841
outer,-3.073355684051993,298.6895681562812,-2.3634925627059906,-0.5938445456404254,-0.12652049020434417
outer,-3.071207060066609,298.77306950182253,-2.36376204631221,-0.5971848116963948,-0.1264284264818333
outer,-3.0284836754787188,298.5219028182334,-2.366695805317303,-0.5869927077794344,-0.12487756016830373
outer,-3.026201669992832,298.6058480946259,-2.3669712554045272,-0.5903317507577787,-0.1247767986223736
outer,-3.023773585069291,298.68956815628127,-2.367262763831206,-0.5936669471882554,-0.1246726744245998
outer,-3.021165485033588,298.7730695018226,-2.3675665034173345,-0.596997743231746,-0.12456444001537811
outer,-2.9804592961814715,298.52190281823334,-2.3702926499389334,-0.5868330458295989,-0.12307624680749436
outer,-2.9779402306407112,298.60584809462586,-2.37058655790218,-0.5901641279732835,-0.12296744780214344
outer,-2.975093027269597,298.6895681562812,-2.3709036847584795,-0.5934907214518336,-0.12284895697485895
outer,-2.9721009148664805,298.77306950182253,-2.3712364564220954,-0.5968132711778212,-0.12272705809686746
outer,-2.933171513239407,298.5219028182334,-2.373777141738185,-0.5866739127726498,-0.12129392896289182
outer,-2.9304460360376727,298.6058480946259,-2.374086616268911,-0.5899981474944184,-0.12117818562517255
outer,-2.927358205899092,298.6895681562812,-2.374421504135003,-0.5933169101412074,-0.12105116410131417
outer,-2.923942532200827,298.7730695018226,-2.374779108168817,-0.5966309961939784,-0.12091435328877707
outer,-2.88668801679817,298.52190281823334,-2.3771527555855547,-0.5865164017692353,-0.11953321926346804
outer,-2.883692267451385,298.6058480946259,-2.377476129784284,-0.5898334000290487,-0.1194084058065813
outer,-2.880394600681241,298.6895681562812,-2.377825925338457,-0.593145472938226,-0.11927397474876673
outer,-2.8767347600540334,298.77306950182253,-2.378200576191245,-0.5964518809645425,-0.11912815705088264
outer,-2.84085796199574,298.52190281823334,-2.380427361019806,-0.5863605903739351,-0.11778950100049251
outer,-2.837746966957445,298.6058480946259,-2.380758543462916,-0.5896709236528233,-0.11766073558691069
outer,-2.8341752540648164,298.68956815628127,-2.3811215807185016,-0.5929759200917032,-0.11751678039130888
outer,-2.8303021787155713,298.77306950182253,-2.3815104650570476,-0.5962758146140001,-0.1173631052341738
outer,-2.7956527593600127,298.52190281823334,-2.383606780999776,-0.5862063613748805,-0.11606190885355067
outer,-2.7924585054315405,298.60584809462586,-2.383941651012579,-0.5895107427934413,-0.11593052346477384
outer,-2.7887685603241126,298.68956815628127,-2.384311893291654,-0.592809237299047,-0.11578221967134938
outer,-2.7846176917017313,298.77306950182253,-2.3847133474687,-0.5961022303158321,-0.11561858370640055
outer,-2.7510450314508175,298.5219028182334,-2.386694562558236,-0.5860538413766037,-0.1143498604474003
outer,-2.7477981447610658,298.6058480946259,-2.387031209207853,-0.5893526767603628,-0.11421689349003611
outer,-2.7440221054738676,298.68956815628127,-2.3874045864234366,-0.59264539915758,-0.11406560297837501
outer,-2.739750045773842,298.77306950182265,-2.387812631799494,-0.5959320648943628,-0.11389723925400948
outer,-2.707028109184003,298.52190281823334,-2.3896933813147125,-0.5859032047967428,-0.11265347758260884
outer,-2.7037383651670215,298.6058480946259,-2.3900307325068,-0.5891968051534654,-0.11251925616318326
outer,-2.699907002647543,298.68956815628127,-2.3904053542560417,-0.592484163777217,-0.11236604060977384
outer,-2.695546041442965,298.77306950182253,-2.3908159751677793,-0.5957652466514011,-0.11219434076422445
outer,-2.6635951309549664,298.5219028182334,-2.3926067707890377,-0.5857548292410732,-0.1109727863819665
outer,-2.6602724628918155,298.6058480946259,-2.3929428748186847,-0.5890432596751709,-0.11083772987696575
outer,-2.656395589618613,298.6895681562812,-2.393317681627093,-0.5923255658682157,-0.11068293311855039
outer,-2.651976642966904,298.7730695018226,-2.3937290111171947,-0.5956014749848064,-0.11050898166589827
outer,-2.6206748909825315,298.5219028182334,-2.3954394751637618,-0.5856086857109145,-0.10930560568540185
outer,-2.61739354065637,298.6058480946259,-2.395771143490844,-0.5888923814038908,-0.10917233211274074
outer,-2.6134811279295316,298.6895681562812,-2.3961442030128373,-0.5921696966078026,-0.1090163929693655
outer,-2.609014045554866,298.7730695018226,-2.3965551966094387,-0.5954407421917921,-0.10884054986167904
outer,-2.5782450917353894,298.5219028182334,-2.3981951421103855,-0.5854647314627562,-0.10765131986595694
outer,-2.5750300224712896,298.6058480946259,-2.3985202395415635,-0.5887441051641854,-0.1075208588361398
outer,-2.571156684599672,298.6895681562812,-2.3988884014249767,-0.5920168632483295,-0.10736642671970995
outer,-2.5666514760209553,298.7730695018226,-2.3992971481103424,-0.5952831014899705,-0.10718914961491083
outer,-2.5362844117557373,298.5219028182334,-2.400876628134365,-0.5853230317234785,-0.10600942008351211
outer,-2.533159494877508,298.6058480946259,-2.401193775689522,-0.5885983510209485,-0.10588268185938746
outer,-2.5293503131486816,298.68956815628127,-2.4015549356610024,-0.5918669672109717,-0.10573080548014137
outer,-2.5248819656537367,298.77306950182253,-2.4019583255583346,-0.5951288293059839,-0.10555477457697049
outer,-2.4947724683461288,298.5219028182334,-2.403486628662033,-0.5851836365935442,-0.10437941345421438
outer,-2.491760525564102,298.6058480946259,-2.4037945846293503,-0.5884551544100005,-0.10425728062670449
outer,-2.4880394841013933,298.68956815628127,-2.4041473837131986,-0.591719893586867,-0.10410888678216351
outer,-2.483633197178704,298.7730695018226,-2.4045433457866916,-0.5949777964763818,-0.10393516927928337
outer,-2.4536897813612777,298.52190281823334,-2.4060276872872866,-0.5850465834729428,-0.10276082303799115
outer,-2.450812625861362,298.6058480946259,-2.4063253388634744,-0.5883145382402679,-0.10264415036322949
outer,-2.4472026542089846,298.6895681562812,-2.406668554255831,-0.5915756500704148,-0.1025001368313521
outer,-2.4428825250092223,298.7730695018226,-2.4070557513473596,-0.5948298552097738,-0.10232967543120429
outer,-2.4130177381035374,298.5219028182334,-2.408502205209048,-0.5849118993632045,-0.10115318796068626
outer,-2.4102962143440965,298.6058480946259,-2.408788560384922,-0.5881765153906393,-0.10104280234441473
outer,-2.406819228748668,298.6895681562812,-2.409121096545227,-0.5914342345219352,-0.10090403773430646
outer,-2.402608294868141,298.7730695018226,-2.409498325914708,-0.5946849875123479,-0.10073774468450422
outer,-2.3727385593175807,298.52190281823334,-2.4109124503103683,-0.5847796026523867,-0.09955606343823403
outer,-2.3701925815448326,298.6058480946259,-2.411186630700646,-0.5880410909073667,-0.09945276420070275
outer,-2.366869524938099,298.68956815628127,-2.411507511191873,-0.5912956376280465,-0.09932008810354395
outer,-2.362789805892422,298.77306950182253,-2.411873695104569,-0.5945431685777108,-0.0991588451348897
outer,-2.3328352662762377,298.5219028182334,-2.4132605649326306,-0.584649704169058,-0.09796902050013646
outer,-2.3304838557715017,298.6058480946259,-2.413521799702849,-0.5879082632339768,-0.09787357987057643
outer,-2.327334736466037,298.68956815628127,-2.413830160633496,-0.591159844665434,-0.09774780339302437
outer,-2.3234072738596705,298.7730695018226,-2.4141843388577544,-0.5944043694709383,-0.09759246220401888
outer,-2.293291648946556,298.5219028182334,-2.4155485721482135,-0.5845222078178666,-0.0963916455008132
outer,-2.2911529700222943,298.6058480946259,-2.415796192425805,-0.5877780245952362,-0.09630480911695671
outer,-2.2881968991331414,298.6895681562813,-2.4160912769556386,-0.5910268357783139,-0.09618671553872611
outer,-2.2844417955355922,298.77306950182265,-2.416432601326169,-0.5942685577429532,-0.0960380986474034
outer,-2.2540922352220787,298.5219028182334,-2.417778381397601,-0.5843971114021486,-0.09482353971047078
outer,-2.2521836299862246,298.6058480946259,-2.4180118144502942,-0.5876503614057105,-0.09474602696698142
outer,-2.249438857595634,298.6895681562812,-2.4182929670779076,-0.5908965857300508,-0.09463637219867557
outer,-2.245875314137851,298.7730695018226,-2.418620696268126,-0.5941356963901135,-0.09449527362029672
outer,-2.2152222612054215,298.52190281823334,-2.419951794481986,-0.5842744078707125,-0.09326431918038307
outer,-2.213560283115264,298.6058480946259,-2.42017055753463,-0.587525255331598,-0.09319682348332899
outer,-2.2110442332000715,298.6895681562812,-2.4204372176367093,-0.5907690645109316,-0.09309633629128439
outer,-2.207690585908339,298.7730695018226,-2.420750710637102,-0.5940057434846889,-0.09296352178167058
outer,-2.1766676425230296,298.5219028182334,-2.42207051207587,-0.584154086645219,-0.09171361480473494
outer,-2.1752680887525724,298.60584809462597,-2.422274206306134,-0.5874026848409124,-0.09165680390863677
outer,-2.1729973928954824,298.68956815628127,-2.4225259014616043,-0.5906442390046736,-0.09156618615140563
outer,-2.169871147782047,298.7730695018226,-2.4228246101651143,-0.593878653718478,-0.09144239329171178
outer,-2.1384149466523645,298.5219028182334,-2.4241361402718375,-0.5840361346352684,-0.09017107234230679
outer,-2.1372928892981,298.6058480946259,-2.4243244454340918,-0.587282626509303,-0.09012558887959875
outer,-2.13528341920705,298.68956815628127,-2.424560785434385,-0.5905220747808232,-0.09004551598188716
outer,-2.1324012861392103,298.7730695018226,-2.424844247758485,-0.5937543808497053,-0.08993145452547915
outer,-2.1004513662404634,298.5219028182334,-2.4261501964984786,-0.5839205367446824,-0.08863635223323107
outer,-2.099621182391859,298.6058480946259,-2.4263228663054455,-0.5871650556865596,-0.08860281439987054
outer,-2.097888081252248,298.6895681562813,-2.426543538176094,-0.5904025370868786,-0.08853393607542512
outer,-2.095266006624032,298.7730695018226,-2.426811372569803,-0.5936328793413229,-0.08843028868173827
outer,-2.0627646933914154,298.5219028182334,-2.4281141146272742,-0.5838072760551061,-0.08710912922088251
outer,-2.06224009409376,298.60584809462597,-2.428270972601595,-0.5870499465809045,-0.08708813150271609
outer,-2.0607978067803607,298.68956815628127,-2.4284757363548777,-0.5902855908999097,-0.087031072575644
outer,-2.0584510050115683,298.7730695018226,-2.428727637445165,-0.5935141045214279,-0.08693849574611073
outer,-2.025343294899258,298.5219028182334,-2.430029249419763,-0.5836963339386887,-0.08558909188826808
outer,-2.025137353037456,298.6058480946259,-2.4301701849631487,-0.5869372721861572,-0.08558120574646655
outer,-2.0239996552133857,298.6895681562812,-2.4303588696040666,-0.5901712005842671,-0.08553656692177763
outer,-2.0219426391031217,298.7730695018226,-2.430594604241799,-0.5933980118962104,-0.08545569189453837
outer,-1.9883012655343864,298.60584809462597,-2.432021845205629,-0.5868270043753293,-0.08408171671426429
outer,-1.988176088402568,298.5219028182334,-2.4318968806590284,-0.5835876902932735,-0.08407594222385065
outer,-1.987481291665991,298.6895681562812,-2.4321943447526757,-0.590059329737125,-0.08405007525117403
outer,-1.9857279016281733,298.77306950182265,-2.4324137479771983,-0.5932845565965544,-0.08398150874531014
outer,-1.9517206916044534,298.60584809462597,-2.4338272203925855,-0.586719114179507,-0.0825893576158773
outer,-1.95125251943587,298.5219028182334,-2.4337181750761827,-0.5834813178032946,-0.08256940366002316
outer,-1.9512309619209116,298.68956815628127,-2.433983489938516,-0.5899499413869684,-0.08257126792977453
outer,-1.9497943941304487,298.7730695018226,-2.434186460835626,-0.593173693388936,-0.08251559277184245
outer,-1.9153850219081479,298.6058480946259,-2.4355874653545935,-0.5866135659729931,-0.08110384360885387
outer,-1.9152374683355102,298.68956815628127,-2.4357275587902056,-0.589842998387857,-0.08109982923584363
outer,-1.9145659645364306,298.5219028182334,-2.435493857228079,-0.5833771561986,-0.08106939878068405
outer,-1.9141303018144649,298.7730695018226,-2.4359140564255526,-0.5930653770948675,-0.0810576049454686
outer,-1.8794901466542098,298.68956815628127,-2.437427693610797,-0.5897384574989644,-0.07963546597584248
outer,-1.8792875985465398,298.6058480946259,-2.4373032979825076,-0.5865102909946049,-0.07962509165845369
outer,-1.8787243693276665,298.77306950182265,-2.4375977742148427,-0.5929595630991644,-0.0796072205272505
outer,-1.878134748798941,298.5219028182334,-2.437224669600547,-0.5832753217259943,-0.07957662394754558
outer,-1.8439823045155237,298.6895681562812,-2.439084605067998,-0.5896362420065425,-0.07817808950240626
outer,-1.8435658774534736,298.7730695018226,-2.4392387434091134,-0.5928562012587663,-0.0781641379674313
outer,-1.8434468418887278,298.6058480946259,-2.438975453864275,-0.5864093999806395,-0.07815379433251635
outer,-1.8419191369784678,298.5219028182334,-2.438912145560332,-0.5831757524480499,-0.07808976248167157
outer,-1.8087324576359813,298.6895681562812,-2.4406990216497713,-0.5895364579251636,-0.07672838857896849
outer,-1.8086480993398542,298.77306950182253,-2.440837666932233,-0.5927552074130105,-0.07672826307162392
outer,-1.8078228101012495,298.6058480946259,-2.4406054488210236,-0.5863108266472357,-0.07668862094651384
outer,-1.8059102194519119,298.5219028182334,-2.4405575740849423,-0.5830783704679353,-0.07660851198080058
outer,-1.7739896461285272,298.77306950182253,-2.442395266034259,-0.5926566836329684,-0.07530028083209986
outer,-1.7737004574355328,298.68956815628127,-2.4422724412702426,-0.5894390354150689,-0.07528501854794346
outer,-1.7724065472384922,298.6058480946259,-2.4421945568965353,-0.5862144850530917,-0.07522926166155502
outer,-1.770099524567053,298.5219028182334,-2.442161876619074,-0.5829831528874305,-0.07513263871532076
outer,-1.7395501623237002,298.7730695018226,-2.443913020415869,-0.592560557292826,-0.073878832687754
outer,-1.7388773016109378,298.68956815628127,-2.4438061225364254,-0.5893438809325526,-0.073847662215529
outer,-1.7371895376030493,298.6058480946259,-2.443743689536664,-0.5861203469649452,-0.0737754758989755
outer,-1.734478999949742,298.5219028182334,-2.4437259241233655,-0.5828900772650755,-0.07366192086519906
outer,-1.7053205992266431,298.7730695018226,-2.445392172805375,-0.592466727634759,-0.07246359420609357
outer,-1.704254430386016,298.68956815628127,-2.44530096676158,-0.5892509614242739,-0.07241607223365965
outer,-1.7021636869555117,298.60584809462586,-2.44525370848868,-0.5860283849796487,-0.07232703527930753
outer,-1.6990409945513745,298.5219028182334,-2.4452504780961783,-0.5827991123785159,-0.07219616409443709
outer,-1.6712923529460688,298.7730695018226,-2.446833614414904,-0.5923751572850552,-0.07105431136640496
outer,-1.6698237076239377,298.68956815628127,-2.446757826477646,-0.5891602449725983,-0.07099001371489343
outer,-1.6673213044683575,298.6058480946259,-2.446725367671085,-0.5859385629481635,-0.07088373948371239
outer,-1.6637844193151174,298.5219028182334,-2.446735892210905,-0.5827102084541764,-0.0707354767151474
outer,-1.6374572454135792,298.77306950182253,-2.4482381886615445,-0.5922858101925651,-0.06965074280511688
outer,-1.6355774026880352,298.68956815628127,-2.448177447915093,-0.5890716907921866,-0.06956928034243216
outer,-1.6326612954226545,298.60584809462597,-2.4481590189232416,-0.5858508254260445,-0.06944569369865632
outer,-1.6287326293866577,298.5219028182334,-2.448182589317167,-0.5826234823815306,-0.0692807077030961
outer,-1.6038075061507924,298.77306950182253,-2.449606633883856,-0.5921986411241523,-0.06825267613412528
outer,-1.6015144151929506,298.6895681562812,-2.44956018063883,-0.5889852378342251,-0.06815397411968235
outer,-1.5982071363905423,298.60584809462597,-2.449555080098422,-0.5857652865617065,-0.06801374457139787
outer,-1.5938418170692819,298.5219028182334,-2.4495918211761665,-0.5825388626181885,-0.06783035756766426
outer,-1.5703420291011416,298.77306950182265,-2.450939296625619,-0.5921135834019176,-0.06686021006770927
outer,-1.5676583432299458,298.6895681562812,-2.450906437074114,-0.5889009979467947,-0.06674493925761214
outer,-1.5639147919133949,298.6058480946259,-2.4509147863315555,-0.5856818727834232,-0.0665863789862029
outer,-1.5591055875329278,298.5219028182334,-2.4509646030557812,-0.5824562711621969,-0.06638417921610065
outer,-1.5370845339746513,298.7730695018226,-2.452236583213431,-0.5920307470454174,-0.06547418629894157
outer,-1.533964923404544,298.6895681562812,-2.452217435058731,-0.5888188960994061,-0.06534064904829727
outer,-1.5297778339134132,298.6058480946259,-2.45223914054806,-0.5856005000147462,-0.0651633439687457
outer,-1.5245178766356569,298.5219028182334,-2.452301560234848,-0.5823756876984414,-0.06494200573941661
outer,-1.5039905292543334,298.77306950182265,-2.4534996935517723,-0.5919500562446893,-0.06409306466679343
outer,-1.5004276943661206,298.6895681562812,-2.453494164636021,-0.588738842470218,-0.0639408448388524
outer,-1.495790166720557,298.6058480946259,-2.4535287605027474,-0.5855211448154822,-0.06374446736143934
outer,-1.490072936429279,298.5219028182334,-2.4536030067454866,-0.5822970489332411,-0.06350376897593124
outer,-1.4710535202892574,298.77306950182265,-2.454729604574056,-0.5918714158363023,-0.0627165811546532
outer,-1.467040528892108,298.68956815628127,-2.4547372362045743,-0.5886608109514307,-0.06254534944484465
outer,-1.4619460125022474,298.60584809462597,-2.4547839589135143,-0.5854437398029054,-0.06232967804474966
outer,-1.4557989258110584,298.52190281823346,-2.4548690784898857,-0.5822204428443767,-0.06207051191562367
outer,-1.4382673482788844,298.7730695018226,-2.4559269198603757,-0.5917947974910448,-0.06134455379831693
outer,-1.4337976192428912,298.6895681562812,-2.4559469613966716,-0.5885847302059853,-0.06115408894125451
outer,-1.4282736765575446,298.6058480946259,-2.456004870660714,-0.5853683708021816,-0.060920019368193794
outer,-1.4216668704249293,298.5219028182334,-2.456100601952696,-0.5821458553949682,-0.06064124654771156
outer,-1.4056261755517803,298.7730695018226,-2.4570919502255895,-0.5917201258955574,-0.059976905943508706
outer,-1.4007274172310802,298.68956815628127,-2.457123474215911,-0.588510684102152,-0.059768106992825934
outer,-1.3947440338889325,298.6058480946259,-2.457192310358561,-0.5852950234161399,-0.05951449306210978
outer,-1.3876603168176718,298.5219028182334,-2.4572985205543247,-0.5820732096914392,-0.059215365424287764
outer,-1.3731586005542025,298.7730695018226,-2.458224828690953,-0.5916474830456242,-0.05861468142763178
outer,-1.3678006471026476,298.68956815628127,-2.458267577064009,-0.5884386582080183,-0.05838639498049657
outer,-1.3613405454993992,298.6058480946259,-2.4583472101363983,-0.5852236165104283,-0.058112484414947346
outer,-1.3537745100003953,298.52190281823334,-2.45846339414568,-0.582002469958438,-0.05779272446366386
outer,-1.3408351966521561,298.7730695018226,-2.459326344813073,-0.5915768547940602,-0.057256861173318026
outer,-1.3350006842517035,298.6895681562812,-2.4593801900827903,-0.588368567269851,-0.05700833096725983
outer,-1.3280584316783914,298.6058480946259,-2.4594701233529452,-0.58515411103647,-0.056713844810688196
outer,-1.3200073046951757,298.5219028182334,-2.459595366027319,-0.5819335762850174,-0.05637339493514928
outer,-1.308639253560646,298.77306950182253,-2.460397406028332,-0.5915081519586489,-0.05590281612698353
outer,-1.3023227242268973,298.6895681562812,-2.460461859880261,-0.5883003692084635,-0.05563376193473524
outer,-1.2948955359943144,298.6058480946259,-2.4605611945465777,-0.5850864434280912,-0.055318643796289216
outer,-1.2863936802083684,298.5219028182334,-2.4606945058972354,-0.5818666460542474,-0.05495862450491901
outer,-1.2765659420674238,298.7730695018226,-2.4614385521616087,-0.5914413297273908,-0.05455238906598639
outer,-1.2697645994345665,298.6895681562812,-2.461512732220754,-0.5882339968991762,-0.05426275586701277
outer,-1.2618870196155534,298.6058480946259,-2.461620490606101,-0.5850207305372654,-0.05392812996877955
outer,-1.252885752116815,298.5219028182334,-2.4617616748808966,-0.5818016234819451,-0.05354674864705334
outer,-1.2446130834075992,298.77306950182265,-2.4624499302918705,-0.5913763174507232,-0.05320564656631198
outer,-1.2373616530440537,298.68956815628127,-2.462532871331264,-0.588169566986692,-0.052896562310433826
outer,-1.228984749161567,298.6058480946259,-2.4626488590591102,-0.5849569170231829,-0.0525406263584528
outer,-1.2194796177834366,298.5219028182334,-2.462797619863147,-0.5817384381235946,-0.052137577347294024
outer,-1.2128162029003218,298.7730695018226,-2.463431602089168,-0.5913132318757445,-0.05186383910285166
outer,-1.2050655025271602,298.68956815628127,-2.4635231109376563,-0.5881070249199789,-0.05153349187492014
outer,-1.1961848017049146,298.60584809462586,-2.4636470396038814,-0.5848949279222848,-0.051155938632121686
outer,-1.1861715949621177,298.5219028182334,-2.463802514340249,-0.581677036765977,-0.050731099404150354
outer,-1.1811266686660278,298.7730695018226,-2.4643843871691824,-0.5912520195729102,-0.050525264887482275
outer,-1.1728722046507667,298.68956815628127,-2.4644841831633366,-0.5880462912349874,-0.05017334600976364
outer,-1.1634834758549844,298.6058480946259,-2.4646152064287703,-0.5848347070443518,-0.04977405339427574
outer,-1.152990723855769,298.5219028182334,-2.464776372527076,-0.5816174923451778,-0.0493283841279534
outer,-1.1495405171490238,298.7730695018226,-2.465309009705406,-0.5911925965772763,-0.04918972128108028
outer,-1.1407780388652107,298.68956815628127,-2.465416262779442,-0.5879873067924029,-0.048816109243438405
outer,-1.1309099627985697,298.6058480946259,-2.465553372428506,-0.584776326462514,-0.04839604107881468
outer,-1.1199086963793679,298.5219028182334,-2.4657197399566346,-0.5815597962716911,-0.04792845557548142
outer,-1.1180540086249229,298.77306950182265,-2.466205645038286,-0.5911349008382396,-0.047857190856234
outer,-1.1088123474562275,298.6895681562813,-2.46631936141799,-0.587930143023352,-0.0474628531707358
outer,-1.0984358072731508,298.6058480946259,-2.466462072816545,-0.5847197783607696,-0.047020917068996984
outer,-1.0869121455770276,298.5219028182334,-2.4666332781873725,-0.5815038871970837,-0.04653080036698243
outer,-1.0866966366023167,298.7730695018226,-2.467074303562197,-0.5910790033446567,-0.046528746388765294
outer,-1.0769465278715913,298.68956815628127,-2.4671940038775393,-0.5878747932059807,-0.04611258453104451
outer,-1.0660475728262973,298.6058480946259,-2.4673419621429984,-0.5846649984946487,-0.04564816223238419
outer,-1.0554396511185653,298.77306950182253,-2.467915499514752,-0.5910248987852191,-0.0452033860056998
outer,-1.0539980827869049,298.5219028182334,-2.467517211412608,-0.5814497043483464,-0.045135397760533
outer,-1.0451670741091987,298.6895681562812,-2.4680408374192253,-0.5878211902520492,-0.04476477852779783
outer,-1.0337422552577054,298.6058480946259,-2.4681932653454033,-0.584611922920886,-0.04427775361634157
outer,-1.0242694765648965,298.7730695018226,-2.46872987261304,-0.5909725172797038,-0.04388057935006184
outer,-1.0211936979672263,298.5219028182334,-2.468371539320615,-0.5813973095228897,-0.043743253627363615
outer,-1.0134709664184802,298.6895681562812,-2.468860087574796,-0.5877692670308587,-0.04341941010789969
outer,-1.0015471858898073,298.6058480946259,-2.46901598066341,-0.5845606129426327,-0.04291069828233517
outer,-0.9931830776278034,298.7730695018226,-2.469517648851566,-0.5909217884760757,-0.04256029937970565
outer,-0.9884732661719011,298.5219028182334,-2.4691966940273073,-0.581346701351806,-0.0423534834621833
outer,-0.9818856775939067,298.6895681562812,-2.469651751141905,-0.5877190845365012,-0.04207748757294714
outer,-0.9694365060290993,298.6058480946259,-2.4698105310398177,-0.5845110682049397,-0.04154610411760902
outer,-0.9622080686897212,298.7730695018226,-2.470278823576655,-0.5908727732403596,-0.04124355568301677
outer,-0.9558242408658668,298.5219028182334,-2.46999322578491,-0.5812978259675663,-0.04096560192469811
outer,-0.9503852150925802,298.68956815628127,-2.4704162418314026,-0.5876706436952629,-0.04073811125090078
outer,-0.9373976039094283,298.6058480946259,-2.4705774612767613,-0.5844632323893217,-0.040183480393977775
outer,-0.9313183232484881,298.7730695018226,-2.471013801224677,-0.5908254740569591,-0.039929441081169
outer,-0.9232442196536828,298.5219028182334,-2.4707613044622234,-0.5812506188274557,-0.03957961041616591
outer,-0.9189569018674374,298.68956815628127,-2.47115409880701,-0.5876238857696175,-0.03940078510695694
outer,-0.905428064644985,298.60584809462586,-2.4713169433150264,-0.5844170378153826,-0.03882282649292756
outer,-0.9005010989228497,298.77306950182253,-2.471723115145746,-0.5907798297866852,-0.038617454314468676
outer,-0.8907648911738282,298.5219028182334,-2.471500905769144,-0.5812051580572519,-0.038196659492106086
outer,-0.8875983105326818,298.6895681562812,-2.471865495936815,-0.5875787398950189,-0.0380655066038805
outer,-0.8735597416276427,298.6058480946259,-2.4720289502904995,-0.584372563000142,-0.03746529488879281
outer,-0.8697539558168449,298.7730695018226,-2.4724069409551905,-0.590735766310966,-0.03730759102617599
outer,-0.8583489222813484,298.5219028182334,-2.472212461656044,-0.5811614289586695,-0.036815456901336474
outer,-0.8563414593594798,298.6895681562812,-2.4725504037889685,-0.5875352851802383,-0.03673343018283286
outer,-0.841755107612558,298.6058480946259,-2.4727139049375872,-0.5843297945274493,-0.03610958454545039
outer,-0.8391090772157888,298.7730695018226,-2.473065246659952,-0.5906933635356432,-0.036001007678068284
outer,-0.8259921872417257,298.5219028182334,-2.4728963927360748,-0.5811193654002946,-0.035435817738383536
outer,-0.8251486268547584,298.6895681562812,-2.4732092358228526,-0.5874935097043388,-0.03540324607765298
outer,-0.8100100154148909,298.6058480946259,-2.4733722263367426,-0.584288662860566,-0.03475550677907398
outer,-0.8085285472195034,298.7730695018226,-2.473698436430813,-0.590652611257651,-0.034696385829582406
outer,-0.7940156443671725,298.6895681562812,-2.4738424094152425,-0.5874533404703608,-0.03407476190937819
outer,-0.7937020590099595,298.5219028182334,-2.473552765392415,-0.5810789507248603,-0.03405807493291014
outer,-0.7783318763227035,298.60584809462586,-2.474003981600354,-0.5842491497506456,-0.03340339363718631
outer,-0.7780081756923277,298.7730695018226,-2.4743069257496453,-0.5906134329434781,-0.03339352948506247
outer,-0.7629499615469556,298.6895681562812,-2.4744499923256362,-0.5874147576741932,-0.032748308924698905
outer,-0.7614892067710284,298.5219028182334,-2.4741816735228124,-0.5810402327790251,-0.03268263734726838
outer,-0.7475554506783192,298.7730695018226,-2.47489078290639,-0.5905758072571059,-0.03209276917507845
outer,-0.7467314149913749,298.6058480946259,-2.474609260274422,-0.5842113039861397,-0.03205365307855436
outer,-0.7319623585623791,298.6895681562812,-2.4750320697252848,-0.587377811212941,-0.03142429423509938
outer,-0.7293266123775731,298.52190281823334,-2.474783479981979,-0.5810031895960459,-0.031308553847715505
outer,-0.7171812079038821,298.7730695018226,-2.475450088710384,-0.5905397853847204,-0.03079451122401
outer,-0.715181472802745,298.60584809462586,-2.4751884190254665,-0.5841751037099889,-0.030705327080480335
outer,-0.7010255362170563,298.68956815628127,-2.47558899200841,-0.5873424794565328,-0.03010175299150967
outer,-0.6972126613234996,298.5219028182334,-2.4753584299012825,-0.5809677559226231,-0.029935769574919033
outer,-0.6868580074794955,298.77306950182253,-2.4759851872091416,-0.5905053460384,-0.02949778401678542
outer,-0.6836804268565494,298.60584809462586,-2.4757417039075795,-0.5841404804232779,-0.029358357714926772
outer,-0.670137863210394,298.6895681562812,-2.4761210060290875,-0.587308690599434,-0.02878062428954389
outer,-0.6651664524440092,298.5219028182334,-2.4759065391646633,-0.5809339647420124,-0.028565007717510665
outer,-0.6565842096971647,298.7730695018226,-2.47649632590208,-0.5904724140243824,-0.02820252376847797
outer,-0.6522474752855169,298.6058480946259,-2.476269129374104,-0.5841074671946547,-0.028013469001372523
outer,-0.6393186370482191,298.6895681562812,-2.4766281247973025,-0.587276477885836,-0.027461633045528733
outer,-0.6331705467824645,298.52190281823334,-2.4764280194736155,-0.5809018283387744,-0.02719568590771617
outer,-0.6263792115172871,298.7730695018226,-2.4769835163738554,-0.5904410228620323,-0.02690945635841107
outer,-0.6208650884654212,298.60584809462586,-2.4767709016860855,-0.5840760774338268,-0.026670073837091426
outer,-0.6085502373696604,298.68956815628127,-2.4771105491002157,-0.5872458559967627,-0.02614418747332654
outer,-0.6012152572537035,298.5219028182334,-2.476923141364994,-0.5808713043833735,-0.025827437896487667
outer,-0.5962253017680488,298.7730695018226,-2.4774469539017474,-0.5904111886386947,-0.025617985362380226
outer,-0.5895235289467882,298.60584809462586,-2.4772472895451645,-0.5840462669794222,-0.025327801424520863
outer,-0.5778228763223063,298.6895681562812,-2.477568545679559,-0.5872167789346102,-0.024827912301601633
outer,-0.5693057605178901,298.5219028182334,-2.477391996622052,-0.5808423696696536,-0.024460482545999425
outer,-0.5661126421529322,298.77306950182253,-2.4778869031146225,-0.5903828635094136,-0.024327731115021057
outer,-0.5582280003038388,298.60584809462586,-2.47769838497865,-0.5840180110819524,-0.023986869014420962
outer,-0.547141784415249,298.6895681562812,-2.478002206757135,-0.587189220397736,-0.023513023250776442
outer,-0.5374505584696887,298.52190281823334,-2.4778346580615382,-0.5808150579119377,-0.023095158992779877
outer,-0.5360464901376296,298.77306950182253,-2.4783034564034727,-0.5903560196177365,-0.023038907891256934
outer,-0.5269870486337723,298.6058480946259,-2.4781242579339744,-0.5839913443373477,-0.022647615275297232
outer,-0.5165155519817071,298.6895681562812,-2.478411599420158,-0.5871632159826409,-0.02219985857571043
outer,-0.5060354803279685,298.7730695018226,-2.4786966780127266,-0.5903306936684914,-0.021751853578775755
outer,-0.5056285022906847,298.52190281823334,-2.4782513450005395,-0.5807893588077103,-0.02173073039248297
outer,-0.4957794151626331,298.6058480946259,-2.478525123916506,-0.583966256647382,-0.021309297972614546
outer,-0.48592281020842065,298.6895681562812,-2.478796935265833,-0.5871387558712695,-0.020887670721936646
outer,-0.47605813378105716,298.77306950182253,-2.479066775514388,-0.590306876203767,-0.020465815378162333
outer,-0.4738385266197375,298.52190281823334,-2.4786422016995044,-0.5807652240173141,-0.02036715184940219
outer,-0.46460402899033165,298.6058480946258,-2.478901127576526,-0.5839426972379547,-0.019971868811468625
outer,-0.4553624826520263,298.6895681562812,-2.479158359272313,-0.5871157867907623,-0.01957640806854994
outer,-0.44611336850577943,298.7730695018226,-2.479413894165835,-0.5902845113855132,-0.01918073841928819
outer,-0.4420962335137965,298.52190281823334,-2.4790072608704516,-0.580742679959358,-0.019005017034562338
outer,-0.4334765732909894,298.60584809462586,-2.4792523003146707,-0.5839206929458333,-0.018635922151473215
outer,-0.4248503336657998,298.6895681562812,-2.4794959015418803,-0.5870943360724966,-0.01826666571995074
outer,-0.4162170301010266,298.77306950182253,-2.4797380627939605,-0.5902636271083217,-0.017897218598576046
outer,-0.4103831437946459,298.5219028182334,-2.4793466734623553,-0.5807217320036341,-0.017643706985494258
outer,-0.4023784728106374,298.60584809462586,-2.4795787898565016,-0.583900249934466,-0.017300834697741057
outer,-0.3943676918466882,298.6895681562812,-2.479809706511418,-0.5870744107702869,-0.016957816122784016
outer,-0.38635035093603853,298.7730695018226,-2.480039422465266,-0.5902442314184647,-0.01661462418232067
outer,-0.37869529824364745,298.52190281823334,-2.4796605757138033,-0.5807023464498908,-0.01628305866273696
outer,-0.37130574774624003,298.6058480946258,-2.479880731694089,-0.583881332853277,-0.015966439569294093
outer,-0.3639105567914832,298.6895681562812,-2.480099908871729,-0.5870559738510177,-0.015649688621295798
outer,-0.3565093099903862,298.77306950182253,-2.480318107011276,-0.5902262855559468,-0.015332780811210207
outer,-0.34703969894760334,298.52190281823334,-2.479949017069675,-0.5806845242615604,-0.01492335235638956
outer,-0.34026543658933034,298.60584809462586,-2.480158174609114,-0.5838639423360792,-0.014633016067663047
outer,-0.33348600342428464,298.68956815628115,-2.480366556740208,-0.5870390256430463,-0.0143425615851378
outer,-0.3267010186506591,298.7730695018226,-2.480574163890944,-0.5902097895590394,-0.014051965972687014
outer,-0.3154122673757021,298.5219028182334,-2.480212084705398,-0.5806682759236964,-0.013564477244445377
outer,-0.3092534396043133,298.60584809462586,-2.4804112041271256,-0.5838480893869568,-0.013300451229447095
outer,-0.3030899107884295,298.6895681562812,-2.4806097339452937,-0.5870235777251652,-0.013036319981808929
outer,-0.29692133472177307,298.77306950182253,-2.4808076752026396,-0.5901947556613252,-0.012772062638704704
outer,-0.28380359053942195,298.52190281823334,-2.48044988230002,-0.5806535885370474,-0.012206100519690084
outer,-0.27826029486324316,298.6058480946259,-2.4806399225681512,-0.5838337606266021,-0.011968408404503
outer,-0.2727127679792976,298.6895681562812,-2.480829541409912,-0.5870096162537751,-0.01173062339028097
outer,-0.26716069828228217,298.7730695018225,-2.481018740428525,-0.590181169564327,-0.011492726694468495
outer,-0.2522151635297862,298.52190281823334,-2.480662461611554,-0.5806404490167615,-0.010848287886267688
outer,-0.24728750523026627,298.60584809462586,-2.480844381054662,-0.5838209421827856,-0.010636950970182853
outer,-0.24235608564016317,298.6895681562812,-2.481026029615152,-0.5869971265657636,-0.010425532909467815
outer,-0.23742062776094944,298.77306950182253,-2.4812074093889263,-0.5901690157841296,-0.010214017002026761
outer,-0.22065084485752023,298.5219028182333,-2.4808498765347853,-0.5806288668804181,-0.009491205830056287
outer,-0.2163389492771641,298.60584809462586,-2.4810246327897536,-0.583809643868895,-0.009306244347812943
outer,-0.21202376241897758,298.6895681562812,-2.481199251052289,-0.5869861188132071,-0.009121212965541354
outer,-0.20770504189838443,298.77306950182253,-2.4813737338464397,-0.5901583048655067,-0.008936097061453499
outer,-0.18909905691301143,298.52190281823334,-2.4810122020073053,-0.5806188392378585,-0.008134460647859675
outer,-0.1854029892006727,298.6058480946258,-2.481180751668685,-0.583799862819564,-0.007975891181226484
outer,-0.18170410027307665,298.6895681562812,-2.4813492785479316,-0.5869765901821693,-0.007817262626743373
outer,-0.17800218236316037,298.7730695018225,-2.4815177855449986,-0.5901490340851733,-0.007658562448482398
outer,-0.1575591609416973,298.52190281823334,-2.4811494738135598,-0.5806103532641633,-0.006778032318427427
outer,-0.15447898292532347,298.60584809462586,-2.481312772680186,-0.5837915855196941,-0.0066458687237940075
outer,-0.1513964538034393,298.6895681562812,-2.481476146269952,-0.5869685264450878,-0.00651365646774762
outer,-0.14831140042995575,298.7730695018225,-2.4816395978061214,-0.5901411884698615,-0.006381385101178541
outer,-0.12603529551018341,298.52190281823334,-2.4812617277875724,-0.5806034137506364,-0.005422093200049329
outer,-0.12357109053465774,298.6058480946258,-2.481420731398818,-0.5837848168806569,-0.0053163481290928495
outer,-0.121105004626929,298.68956815628115,-2.4815798895323558,-0.5869619326660335,-0.0052105645041024004
outer,-0.11863689926671636,298.77306950182253,-2.4817392056708547,-0.5901347732628955,-0.005104733963301255
outer,-0.09451861063351945,298.52190281823334,-2.4813490075739906,-0.58059802076967,-0.004066350906012326
outer,-0.09267041603148037,298.60584809462586,-2.4815046710184916,-0.583779557053459,-0.003987033831301804
outer,-0.090820810699145,298.6895681562812,-2.4816605510688983,-0.5869568090938283,-0.003907688063322524
outer,-0.08896969074392366,298.7730695018225,-2.481816651407107,-0.5901297888347178,-0.0038283073300807015
outer,-0.06300783341143325,298.52190281823334,-2.481411331380704,-0.5805941680872166,-0.0027107647361359613
outer,-0.06177567989762455,298.60584809462586,-2.4815646091449275,-0.5837757994717817,-0.002657882589403925
outer,-0.060542585878784326,298.68956815628115,-2.481718147860288,-0.5869531488151136,-0.0026049814191520092
outer,-0.059308482091795164,298.7730695018225,-2.481871951352305,-0.5901262279106312,-0.002552057043383138
outer,-0.03150305750337242,298.5219028182334,-2.4814487174357325,-0.5805918566646269,-0.0013553587680568972
outer,-0.030886976279340856,298.6058480946258,-2.4816005638815875,-0.583773545114825,-0.0013289165213731366
outer,-0.030270424799409414,298.68956815628115,-2.4817526978843643,-0.5869509528388533,-0.001302464794059065
outer,-0.029653368431764953,298.7730695018225,-2.481905123360953,-0.5901240915449119,-0.00127600149465957
outer,-5.088887490341627e-14,298.7730695018225,-2.481916180478451,-0.5901233799767874,-3.747797244065148e-14
outer,-5.088887490341627e-14,298.5219028182333,-2.4814611790818044,-0.5805910866670135,3.2990268188007644e-14
outer,-5.088887490341627e-14,298.68956815628115,-2.4817642142868865,-0.5869502213731322,-2.0829659746454964e-14
outer,-5.088887490341627e-14,298.6058480946258,-2.4816125484714835,-0.5837727941641545,5.080319561474058e-14
outer,0.029653368431612284,298.7730695018225,-2.481905123361268,-0.5901240915458793,0.0012760014944797995
outer,0.030270424799307638,298.68956815628115,-2.4817526978840485,-0.5869509528391221,0.0013024647941097644
outer,0.030886976279239076,298.6058480946258,-2.4816005638813636,-0.583773545115047,0.0013289165217437965
outer,0.03150305750327064,298.5219028182333,-2.4814487174328113,-0.580591856662033,0.0013553587684824403
outer,0.059308482091693385,298.7730695018225,-2.4818719513514056,-0.59012622790979,0.0025520570429062644
outer,0.060542585878631656,298.68956815628115,-2.4817181478624,-0.5869531488170627,0.002604981419119758
outer,0.06177567989747188,298.60584809462586,-2.4815646091477124,-0.5837757994743401,0.002657882589711871
outer,0.06300783341133147,298.52190281823323,-2.481411331382038,-0.580594168088173,0.0027107647364545805
outer,0.088969690743771,298.77306950182253,-2.481816651406048,-0.5901297888329008,0.003828307329269173
outer,0.09082081069904321,298.6895681562812,-2.4816605510713474,-0.5869568090953088,0.003907688062954389
outer,0.09267041603132771,298.60584809462586,-2.4815046710212942,-0.5837795570554862,0.0039870338309593405
outer,0.09451861063336678,298.5219028182333,-2.4813490075769056,-0.5805980207717388,0.004066350905298218
outer,0.11863689926656369,298.77306950182253,-2.4817392056705128,-0.5901347732618937,0.005104733962227522
outer,0.12110500462682722,298.68956815628115,-2.4815798895322043,-0.5869619326652912,0.005210564503463742
outer,0.12357109053450507,298.6058480946258,-2.481420731399789,-0.5837848168812386,0.005316348128389763
outer,0.12603529551003073,298.52190281823334,-2.4812617277882363,-0.580603413751144,0.005422093198797816
outer,0.1483114004298031,298.7730695018225,-2.481639597806346,-0.5901411884702192,0.006381385099210855
outer,0.15139645380333752,298.6895681562812,-2.481476146269485,-0.5869685264445924,0.00651365646625068
outer,0.1544789829252217,298.60584809462586,-2.4813127726799693,-0.5837915855191183,0.0066458687223348
outer,0.15755916094159553,298.52190281823334,-2.4811494738122635,-0.5806103532626355,0.006778032316583938
outer,0.1780021823630077,298.7730695018225,-2.4815177855447588,-0.5901490340856635,0.007658562445447523
outer,0.18170410027297487,298.6895681562812,-2.48134927854831,-0.586976590182865,0.007817262623960344
outer,0.18540298920052004,298.6058480946258,-2.4811807516699287,-0.5837998628202657,0.007975891178431381
outer,0.18909905691290965,298.52190281823334,-2.4810122020087237,-0.5806188392382705,0.00813446064496374
outer,0.20770504189828265,298.77306950182253,-2.481373733844608,-0.5901583048657078,0.008936097058574354
outer,0.2120237624188758,298.6895681562812,-2.481199251052825,-0.5869861188153079,0.00912121296264675
outer,0.21633894927701142,298.60584809462586,-2.481024632792212,-0.5838096438721437,0.009306244344842042
outer,0.22065084485741845,298.52190281823334,-2.4808498765372513,-0.5806288668830758,0.009491205827353553
outer,0.23742062776079678,298.77306950182253,-2.481207409385878,-0.5901690157840156,0.0102140169996757
outer,0.24235608564001052,298.6895681562812,-2.4810260296148345,-0.5869971265680098,0.010425532907200918
outer,0.2472875052301136,298.60584809462586,-2.4808443810559146,-0.5838209421863798,0.01063695096796497
outer,0.2522151635296335,298.52190281823334,-2.480662461611187,-0.5806404490187788,0.010848287884461572
outer,0.26716069828212946,298.7730695018225,-2.4810187404282535,-0.5901811695663752,0.011492726692496645
outer,0.27271276797919586,298.6895681562812,-2.480829541410388,-0.5870096162564797,0.011730623388465615
outer,0.27826029486309045,298.6058480946258,-2.480639922568188,-0.5838337606291876,0.0119684084029031
outer,0.28380359053932014,298.52190281823334,-2.4804498822990184,-0.5806535885391078,0.012206100518365024
outer,0.2969213347216204,298.77306950182253,-2.4808076752028616,-0.5901947556627265,0.012772062636919277
outer,0.30308991078827685,298.68956815628115,-2.480609733946004,-0.5870235777271453,0.013036319980173107
outer,0.3092534396041606,298.6058480946259,-2.480411204128105,-0.5838480893897787,0.013300451228233241
outer,0.3154122673756003,298.5219028182334,-2.4802120847051903,-0.580668275926018,0.01356447724329051
outer,0.32670101865050644,298.7730695018226,-2.4805741638890733,-0.5902097895576774,0.014051965970826322
outer,0.333486003424132,298.6895681562812,-2.480366556737952,-0.5870390256415295,0.0143425615835315
outer,0.3402654365892286,298.60584809462586,-2.4801581746088663,-0.5838639423368862,0.01463301606670913
outer,0.3470396989474507,298.52190281823334,-2.4799490170688077,-0.5806845242623928,0.014923352355409491
outer,0.35650930999023356,298.77306950182253,-2.4803181070128515,-0.5902262855578734,0.015332780809461852
outer,0.3639105567913305,298.6895681562812,-2.4800999088713054,-0.5870559738513578,0.015649688619964616
outer,0.3713057477460874,298.60584809462586,-2.4798807316923934,-0.5838813328526516,0.01596643956866197
outer,0.37869529824349474,298.52190281823334,-2.4796605757129044,-0.5807023464502231,0.016283058662097526
outer,0.3863503509359367,298.77306950182253,-2.48003942247146,-0.5902442314248338,0.016614624180653043
outer,0.39436769184658643,298.6895681562812,-2.47980970651658,-0.5870744107759122,0.016957816121473183
outer,0.40237847281053557,298.60584809462586,-2.479578789856859,-0.5839002499356929,0.01730083469696339
outer,0.41038314379454416,298.52190281823334,-2.479346673461412,-0.5807217320036154,0.017643706984763884
outer,0.4162170301009248,298.77306950182253,-2.4797380627984857,-0.5902636271128244,0.017897218596814327
outer,0.4248503336656471,298.6895681562812,-2.479495901544477,-0.5870943360753128,0.018266665718392118
outer,0.4334765732908367,298.60584809462586,-2.4792523003160993,-0.5839206929475323,0.01863592215034212
outer,0.4420962335136947,298.52190281823334,-2.479007260873097,-0.580742679962122,0.019005017033659415
outer,0.4461133685056776,298.77306950182253,-2.479413894165888,-0.5902845113859116,0.019180738417768205
outer,0.4553624826518736,298.6895681562812,-2.4791583592719872,-0.5871157867911648,0.019576408067294954
outer,0.464604028990179,298.6058480946259,-2.4789011275782444,-0.5839426972403277,0.019971868810586105
outer,0.47383852661958487,298.5219028182334,-2.478642201703349,-0.5807652240214403,0.02036715184879365
outer,0.47605813378090445,298.7730695018226,-2.4790667755123956,-0.5903068762025232,0.020465815377542718
outer,0.485922810208268,298.6895681562812,-2.478796935263135,-0.5871387558701764,0.020887670721412576
outer,0.4957794151624804,298.6058480946259,-2.4785251239155515,-0.5839662566482324,0.021309297972276237
outer,0.5056285022905829,298.5219028182334,-2.4782513450001846,-0.5807893588088731,0.02173073039223123
outer,0.5060354803278667,298.77306950182253,-2.478696678013568,-0.5903306936696823,0.021751853578824778
outer,0.5165155519816053,298.6895681562812,-2.478411599417699,-0.5871632159814839,0.022199858575502163
outer,0.5269870486336197,298.6058480946259,-2.478124257929628,-0.5839913443345558,0.02264761527499511
outer,0.5360464901375278,298.7730695018226,-2.478303456406585,-0.5903560196201063,0.023038907891234073
outer,0.5374505584695869,298.52190281823334,-2.4778346580600648,-0.5808150579114075,0.023095158992346345
outer,0.5471417844150963,298.6895681562812,-2.4780022067594722,-0.5871892203994171,0.02351302325042201
outer,0.5582280003036861,298.60584809462586,-2.4776983849773466,-0.5840180110799148,0.023986869013815727
outer,0.5661126421528304,298.7730695018226,-2.4778869031160076,-0.5903828635087562,0.024327731114833127
outer,0.5693057605177374,298.52190281823334,-2.4773919966222264,-0.5808423696687092,0.02446048254530074
outer,0.5778228763222046,298.68956815628127,-2.47756854568333,-0.5872167789358392,0.02482791230121765
outer,0.5895235289466355,298.60584809462586,-2.4772472895492545,-0.5840462669808055,0.025327801423931963
outer,0.5962253017679471,298.77306950182253,-2.4774469539024007,-0.5904111886375578,0.025617985362412887
outer,0.6012152572535508,298.52190281823334,-2.476923141367107,-0.5808713043831591,0.025827437895983685
outer,0.6085502373695078,298.6895681562812,-2.4771105491053023,-0.5872458559993404,0.026144187473193643
outer,0.6208650884653194,298.6058480946259,-2.476770901690393,-0.5840760774355498,0.026670073836863935
outer,0.6263792115171345,298.77306950182253,-2.4769835163766314,-0.5904410228641778,0.026909456358795637
outer,0.6331705467823119,298.5219028182334,-2.4764280194736896,-0.5809018283368663,0.027195685907796585
outer,0.6393186370480665,298.68956815628127,-2.476628124802142,-0.5872764778896281,0.027461633045665748
outer,0.652247475285415,298.6058480946259,-2.476269129375732,-0.5841074671952603,0.02801346900151543
outer,0.656584209697012,298.7730695018226,-2.476496325905927,-0.5904724140280326,0.02820252376902261
outer,0.6651664524439075,298.5219028182334,-2.4759065391642907,-0.5809339647408179,0.028565007718084613
outer,0.6701378632102414,298.68956815628127,-2.4761210060300036,-0.5873086906002767,0.028780624289721574
outer,0.6836804268564476,298.60584809462586,-2.4757417039061864,-0.584140480421973,0.029358357715065623
outer,0.6868580074793429,298.7730695018226,-2.4759851872098078,-0.5905053460384648,0.02949778401732126
outer,0.6972126613233469,298.5219028182334,-2.475358429901861,-0.5809677559229348,0.029935769575330815
outer,0.7010255362169037,298.68956815628127,-2.4755889920075256,-0.5873424794554262,0.03010175299173516
outer,0.7151814728025924,298.60584809462586,-2.4751884190223503,-0.5841751037073063,0.03070532708044629
outer,0.7171812079037803,298.7730695018226,-2.475450088709448,-0.5905397853836606,0.03079451122449652
outer,0.7293266123774204,298.5219028182334,-2.4747834799804735,-0.5810031895948402,0.031308553847744766
outer,0.7319623585622773,298.6895681562812,-2.475032069724802,-0.5873778112126098,0.031424294235646716
outer,0.7467314149912732,298.60584809462586,-2.474609260272181,-0.58421130398467,0.03205365307867136
outer,0.7475554506781665,298.7730695018226,-2.4748907829088234,-0.5905758072606907,0.032092769175481255
outer,0.7614892067709267,298.5219028182334,-2.4741816735217697,-0.5810402327790134,0.032682637347320055
outer,0.7629499615468538,298.6895681562812,-2.4744499923287746,-0.5874147576784896,0.03274830892530354
outer,0.7780081756922259,298.7730695018226,-2.4743069257532406,-0.5906134329470047,0.03339352948534545
outer,0.7783318763225509,298.6058480946259,-2.4740039816010517,-0.5842491497525394,0.033403393637330546
outer,0.7937020590098068,298.5219028182334,-2.4735527653922627,-0.5810789507258012,0.03405807493303103
outer,0.7940156443670199,298.6895681562812,-2.473842409417447,-0.5874533404726309,0.03407476190976578
outer,0.8085285472193507,298.7730695018226,-2.473698436431845,-0.5906526112569273,0.03469638582963481
outer,0.8100100154147383,298.6058480946259,-2.4733722263374194,-0.5842886628613514,0.034755506778938156
outer,0.8251486268546566,298.6895681562812,-2.4732092358210287,-0.5874935097007516,0.03540324607787913
outer,0.8259921872415731,298.5219028182334,-2.472896392735654,-0.5811193653998109,0.03543581773815829
outer,0.8391090772156361,298.77306950182253,-2.4730652466593344,-0.5906933635326215,0.036001007677896865
outer,0.8417551076124562,298.6058480946259,-2.4727139049376095,-0.5843297945257081,0.03610958454525236
outer,0.8563414593593272,298.68956815628127,-2.4725504037900636,-0.5875352851787011,0.03673343018293293
outer,0.8583489222812466,298.5219028182334,-2.4722124616581396,-0.581161428959169,0.03681545690087814
outer,0.8697539558167431,298.7730695018226,-2.472406940955773,-0.5907357663092941,0.03730759102594866
outer,0.8735597416275409,298.6058480946259,-2.4720289502950186,-0.5843725630019583,0.03746529488880526
outer,0.88759831053258,298.68956815628127,-2.471865495939363,-0.587578739895202,0.03806550660406776
outer,0.8907648911737264,298.52190281823334,-2.471500905775368,-0.5812051580611947,0.038196659491882806
outer,0.900501098922697,298.7730695018226,-2.4717231151471895,-0.5907798297854264,0.038617454314273957
outer,0.9054280646448832,298.6058480946259,-2.471316943321055,-0.5844170378188274,0.03882282649311261
outer,0.9189569018672847,298.6895681562812,-2.471154098809525,-0.5876238857691017,0.0394007851072212
outer,0.9232442196535809,298.5219028182334,-2.4707613044687347,-0.5812506188314263,0.03957961041621404
outer,0.9313183232483863,298.77306950182253,-2.471013801226096,-0.5908254740546687,0.03992944108087343
outer,0.9373976039093265,298.6058480946259,-2.470577461280905,-0.5844632323901854,0.04018348039416842
outer,0.9503852150924784,298.68956815628127,-2.470416241833535,-0.587670643693693,0.04073811125101244
outer,0.955824240865765,298.52190281823334,-2.4699932257892185,-0.5812978259685606,0.040965601924791574
outer,0.9622080686895685,298.7730695018226,-2.4702788235794215,-0.5908727732392777,0.04124355568268099
outer,0.9694365060289974,298.6058480946259,-2.469810531043852,-0.584511068205205,0.0415461041177829
outer,0.9818856775938049,298.68956815628127,-2.4696517511438967,-0.5877190845347706,0.0420774875729886
outer,0.9884732661717994,298.5219028182334,-2.4691966940300913,-0.5813467013510528,0.04235348346237225
outer,0.9931830776277016,298.7730695018226,-2.469517648857278,-0.5909217884768319,0.04256029937945822
outer,1.0015471858897054,298.60584809462586,-2.4690159806680296,-0.584560612943079,0.04291069828252546
outer,1.0134709664183275,298.68956815628127,-2.4688600875832347,-0.5877692670339528,0.04341941010786412
outer,1.0211936979670735,298.5219028182334,-2.468371539323503,-0.581397309521317,0.04374325362767226
outer,1.0242694765647946,298.77306950182253,-2.468729872615867,-0.5909725172775276,0.04388057934984609
outer,1.0337422552576037,298.60584809462597,-2.468193265354077,-0.5846119229236747,0.0442777536164237
outer,1.045167074109046,298.68956815628127,-2.4680408374259,-0.5878211902533943,0.044764778527655785
outer,1.0539980827867523,298.5219028182334,-2.4675172114185395,-0.5814497043480792,0.0451353977608385
outer,1.0554396511184125,298.7730695018226,-2.4679154995150343,-0.5910248987812322,0.04520338600548511
outer,1.0660475728261447,298.6058480946259,-2.467341962151485,-0.5846649984972374,0.04564816223222687
outer,1.0769465278714387,298.6895681562812,-2.467194003881052,-0.5878747932048498,0.04611258453086675
outer,1.086696636602215,298.7730695018226,-2.4670743035653038,-0.5910790033434297,0.0465287463884949
outer,1.0869121455768749,298.5219028182334,-2.4666332781932914,-0.5815038871968654,0.046530800367165975
outer,1.0984358072730491,298.6058480946259,-2.466462072822335,-0.5847197783613781,0.04702091706855002
outer,1.1088123474560747,298.68956815628127,-2.4663193614228645,-0.5879301430234061,0.047462853170499995
outer,1.118054008624821,298.77306950182253,-2.466205645042384,-0.5911349008386013,0.047857190855702975
outer,1.119908696379215,298.5219028182334,-2.465719739961101,-0.5815597962706816,0.047928455575374174
outer,1.130909962798417,298.6058480946259,-2.46555337243295,-0.5847763264620559,0.04839604107819116
outer,1.140778038865058,298.6895681562812,-2.4654162627851246,-0.5879873067940543,0.04881610924301784
outer,1.149540517148922,298.77306950182265,-2.4653090097100745,-0.5911925965786994,0.049189721280342845
outer,1.1529907238556165,298.5219028182334,-2.46477637253221,-0.5816174923455855,0.04932838412755533
outer,1.1634834758548824,298.6058480946259,-2.464615206436124,-0.5848347070479377,0.04977405339359263
outer,1.1728722046506648,298.68956815628127,-2.4644841831711437,-0.5880462912394124,0.050173346009220555
outer,1.181126668665875,298.77306950182253,-2.4643843871746767,-0.5912520195741429,0.05052526488701399
outer,1.186171594961965,298.5219028182334,-2.4638025143471216,-0.5816770367696313,0.05073109940356739
outer,1.1961848017047618,298.60584809462597,-2.463647039613867,-0.5848949279290372,0.05115593863158657
outer,1.2050655025270585,298.68956815628127,-2.463523110946946,-0.5881070249248821,0.05153349187456414
outer,1.212816202900169,298.77306950182253,-2.463431602094935,-0.591313231876329,0.05186383910263842
outer,1.219479617783284,298.52190281823346,-2.4627976198728363,-0.5817384381302348,0.05213757734671923
outer,1.2289847491614143,298.60584809462597,-2.462648859067624,-0.5849569170273977,0.05254062635826491
outer,1.2373616530439009,298.6895681562812,-2.46253287134078,-0.5881695669910058,0.05289656231032297
outer,1.2446130834074465,298.77306950182265,-2.4624499302962803,-0.5913763174509515,0.0532056465658587
outer,1.2528857521166625,298.5219028182334,-2.461761674889359,-0.5818016234861766,0.05354674864674157
outer,1.2618870196154006,298.6058480946259,-2.4616204906161085,-0.5850207305423997,0.053928129968760924
outer,1.2697645994344646,298.6895681562812,-2.4615127322256645,-0.588233996899902,0.0542627558669385
outer,1.276565942067271,298.77306950182253,-2.4614385521675923,-0.591441329730079,0.054552389065377904
outer,1.2863936802082157,298.5219028182334,-2.460694505902263,-0.5818666460548959,0.05495862450477948
outer,1.2948955359941616,298.6058480946259,-2.4605611945542147,-0.5850864434314064,0.05531864379638703
outer,1.3023227242267446,298.68956815628127,-2.4604618598846755,-0.5883003692097254,0.05563376193449365
outer,1.3086392535604934,298.7730695018226,-2.4603974060369027,-0.591508151962135,0.055902816127030325
outer,1.3200073046950231,298.5219028182334,-2.459595366031284,-0.5819335762849022,0.056373394935033225
outer,1.328058431678239,298.6058480946259,-2.459470123353441,-0.5851541110335958,0.05671384481061113
outer,1.3350006842515507,298.6895681562812,-2.4593801900912817,-0.5883685672735868,0.0570083309673933
outer,1.3408351966520033,298.7730695018226,-2.4593263448238307,-0.5915768547982683,0.05725686117389902
outer,1.3537745100002427,298.5219028182334,-2.4584633941448186,-0.5820024699538968,0.057792724463532674
outer,1.3613405454992975,298.6058480946259,-2.4583472101396615,-0.5852236165095768,0.05811248441475166
outer,1.367800647102495,298.68956815628127,-2.458267577074964,-0.5884386582129383,0.05838639498127272
outer,1.37315860055405,298.7730695018226,-2.4582248287002018,-0.591647483049966,0.05861468142786368
outer,1.3876603168175192,298.5219028182334,-2.457298520554611,-0.582073209687875,0.059215365424074906
outer,1.3947440338887798,298.6058480946259,-2.4571923103669464,-0.5852950234196833,0.05951449306232135
outer,1.4007274172309785,298.68956815628127,-2.4571234742228514,-0.5885106841044518,0.05976810699368288
outer,1.4056261755516277,298.7730695018226,-2.457091950230881,-0.5917201258974757,0.059976905943376395
outer,1.4216668704248276,298.5219028182334,-2.4561006019554066,-0.5821458553938693,0.06064124654748368
outer,1.428273676557392,298.6058480946259,-2.456004870664881,-0.5853683708021922,0.060920019368863494
outer,1.4337976192427386,298.68956815628127,-2.4559469613964438,-0.5885847302025358,0.061154088941889825
outer,1.4382673482787316,298.77306950182253,-2.4559269198629874,-0.5917947974906835,0.06134455379821031
outer,1.4557989258109059,298.5219028182334,-2.4548690784910656,-0.5822204428421449,0.062070511915649246
outer,1.4619460125020947,298.6058480946259,-2.45478395891368,-0.5854437397997272,0.0623296780454516
outer,1.4670405288919555,298.6895681562812,-2.4547372362030537,-0.5886608109475004,0.06254534944524189
outer,1.4710535202891557,298.7730695018226,-2.4547296045730596,-0.5918714158332695,0.0627165811545928
outer,1.4900729364291265,298.52190281823346,-2.4536030067467953,-0.5822970489314739,0.06350376897623419
outer,1.4957901667204045,298.6058480946259,-2.4535287605020892,-0.5855211448125269,0.06374446736179523
outer,1.5004276943659678,298.68956815628127,-2.453494164634631,-0.5887388424670869,0.06394084483906391
outer,1.5039905292541809,298.7730695018226,-2.4534996935481526,-0.5919500562398626,0.06409306466661913
outer,1.5245178766355043,298.52190281823346,-2.452301560235562,-0.5823756876968355,0.06494200573959602
outer,1.5297778339133115,298.60584809462586,-2.4522391405477206,-0.5856005000127921,0.06516334396888997
outer,1.5339649234044423,298.68956815628127,-2.452217435052152,-0.5888188960922226,0.06534064904838041
outer,1.5370845339745496,298.7730695018226,-2.4522365832104303,-0.59203074704223,0.0654741862983571
outer,1.5591055875327753,298.5219028182334,-2.450964603056318,-0.5824562711613762,0.06638417921596508
outer,1.5639147919132421,298.60584809462597,-2.4509147863279956,-0.5856818727795947,0.06658637898617742
outer,1.5676583432298439,298.68956815628127,-2.45090643706766,-0.5889009979406193,0.06674493925751278
outer,1.57034202910104,298.7730695018226,-2.4509392966267427,-0.5921135834027261,0.0668602100670587
outer,1.59384181706918,298.5219028182334,-2.449591821174544,-0.582538862616514,0.06783035756725563
outer,1.5982071363903896,298.6058480946259,-2.449555080096457,-0.5857652865596582,0.0680137445713474
outer,1.6015144151927978,298.68956815628127,-2.449560180636102,-0.5889852378314088,0.06815397411941553
outer,1.6038075061506907,298.77306950182265,-2.449606633883032,-0.5921986411229176,0.06825267613354159
outer,1.628732629386505,298.5219028182334,-2.4481825893180886,-0.5826234823820073,0.06928070770277722
outer,1.6326612954225017,298.6058480946259,-2.4481590189242723,-0.5858508254261727,0.06944569369846745
outer,1.6355774026879333,298.68956815628127,-2.4481774479137655,-0.5890716907904014,0.0695692803419806
outer,1.6374572454134264,298.7730695018226,-2.448238188657288,-0.592285810187642,0.0696507428046691
outer,1.663784419314965,298.52190281823346,-2.4467358922147904,-0.5827102084565675,0.0707354767149663
outer,1.667321304468205,298.6058480946259,-2.446725367674814,-0.5859385629509049,0.07088373948302445
outer,1.669823707623785,298.6895681562812,-2.4467578264775365,-0.5891602449715236,0.07099001371440794
outer,1.671292352945916,298.77306950182265,-2.446833614412088,-0.5923751572809394,0.07105431136604135
outer,1.6990409945512217,298.5219028182334,-2.445250478098764,-0.5827991123800359,0.07219616409380457
outer,1.702163686955359,298.6058480946259,-2.4452537084923187,-0.5860283849819554,0.07232703527849263
outer,1.7042544303858633,298.68956815628127,-2.4453009667633867,-0.5892509614244245,0.07241607223319199
outer,1.7053205992264904,298.77306950182253,-2.445392172804273,-0.5924667276317305,0.07246359420564318
outer,1.7344789999495893,298.5219028182334,-2.4437259241266447,-0.5828900772668156,0.07366192086440285
outer,1.7371895376028965,298.60584809462597,-2.443743689538374,-0.5861203469649304,0.07377547589814372
outer,1.7388773016108359,298.68956815628127,-2.4438061225394274,-0.589343880932989,0.07384766221519555
outer,1.7395501623235983,298.7730695018226,-2.4439130204168182,-0.5925605572910827,0.07387883268721565
outer,1.7700995245669005,298.5219028182334,-2.4421618766219804,-0.5829831528882267,0.07513263871441582
outer,1.7724065472383395,298.6058480946259,-2.4421945568979515,-0.5862144850520278,0.07522926166094093
outer,1.7737004574353803,298.68956815628127,-2.442272441271948,-0.589439035413916,0.07528501854765324
outer,1.7739896461283746,298.7730695018226,-2.4423952660347332,-0.5926566836305871,0.07530028083155538
outer,1.8059102194517593,298.5219028182334,-2.4405575740837104,-0.5830783704644619,0.0766085119799208
outer,1.8078228101010967,298.6058480946259,-2.4406054488203193,-0.5863108266437017,0.07668862094605088
outer,1.8086480993397014,298.7730695018226,-2.4408376669342067,-0.5927552074112848,0.07672826307140426
outer,1.8087324576358286,298.68956815628127,-2.4406990216481863,-0.5895364579209583,0.07672838857869042
outer,1.841919136978315,298.5219028182334,-2.438912145556786,-0.5831757524418608,0.07808976248109403
outer,1.8434468418886258,298.6058480946259,-2.438975453864216,-0.5864093999777431,0.07815379433185801
outer,1.8435658774533719,298.77306950182253,-2.439238743412495,-0.5928562012585457,0.07816413796715399
outer,1.843982304515371,298.68956815628127,-2.4390846050669164,-0.5896362420020916,0.07817808950243976
outer,1.8781347487987885,298.5219028182334,-2.437224669599117,-0.5832753217218049,0.0795766239469601
outer,1.8787243693275137,298.7730695018226,-2.437597774218408,-0.5929595631000484,0.07960722052663217
outer,1.8792875985463873,298.6058480946259,-2.4373032979843274,-0.5865102909929869,0.07962509165797849
outer,1.879490146654057,298.6895681562813,-2.437427693610343,-0.5897384574952028,0.07963546597588317
outer,1.9141303018143632,298.7730695018226,-2.435914056432533,-0.5930653771001576,0.081057604944252
outer,1.9145659645362778,298.5219028182334,-2.4354938572305893,-0.5833771561979488,0.08106939878027335
outer,1.9152374683354083,298.68956815628127,-2.435727558790128,-0.589842998385521,0.08109982923539351
outer,1.915385021907995,298.6058480946259,-2.4355874653546468,-0.586613565969837,0.08110384360857478
outer,1.949794394130347,298.7730695018226,-2.4341864608388097,-0.5931736933914814,0.08251559277019566
outer,1.9512309619208097,298.6895681562812,-2.433983489941685,-0.589949941388742,0.08257126792873873
outer,1.9512525194357175,298.5219028182334,-2.4337181750772756,-0.5834813178014157,0.08256940365986187
outer,1.9517206916043515,298.6058480946259,-2.4338272203917217,-0.5867191141764736,0.08258935761528224
outer,1.9857279016280207,298.77306950182265,-2.432413747971611,-0.5932845565909272,0.08398150874380557
outer,1.9874812916658382,298.68956815628127,-2.432194344752752,-0.5900593297363992,0.0840500752498418
outer,1.9881760884024153,298.5219028182334,-2.431896880657832,-0.5835876902897926,0.08407594222353973
outer,1.9883012655342338,298.6058480946259,-2.4320218452047797,-0.5868270043734293,0.08408171671313831
outer,2.0219426391029693,298.7730695018226,-2.4305946042337956,-0.5933980118882144,0.08545569189332483
outer,2.0239996552132333,298.6895681562813,-2.430358869599748,-0.590171200579818,0.0855365669202357
outer,2.025137353037304,298.6058480946259,-2.430170184960025,-0.58693727218212,0.08558120574538386
outer,2.025343294899105,298.5219028182334,-2.430029249415184,-0.5836963339333785,0.08558909188732708
outer,2.0584510050114155,298.77306950182253,-2.4287276374413884,-0.5935141045174634,0.08693849574508146
outer,2.0607978067802084,298.68956815628127,-2.4284757363513423,-0.5902855908964172,0.08703107257422942
outer,2.062240094093607,298.6058480946259,-2.4282709725961884,-0.5870499465754349,0.08708813150131883
outer,2.0627646933912627,298.52190281823334,-2.428114114623619,-0.5838072760505143,0.0871091292200932
outer,2.0952660066238797,298.7730695018226,-2.42681137257111,-0.593632879342354,0.08843028868082539
outer,2.0978880812520955,298.68956815628127,-2.426543538173424,-0.5904025370843735,0.08853393607424918
outer,2.099621182391706,298.6058480946259,-2.426322866302924,-0.5871650556844962,0.08860281439833306
outer,2.1004513662403106,298.5219028182334,-2.426150196495913,-0.5839205367417649,0.08863635223218062
outer,2.1324012861390576,298.77306950182253,-2.424844247762703,-0.5937543808530443,0.08993145452496748
outer,2.135283419206897,298.6895681562812,-2.4245607854314737,-0.5905220747781805,0.09004551598091673
outer,2.1372928892979473,298.6058480946259,-2.4243244454319544,-0.5872826265074416,0.0901255888784119
outer,2.1384149466522118,298.5219028182334,-2.424136140269291,-0.5840361346336792,0.09017107234078804
outer,2.1698711477818944,298.7730695018226,-2.4228246101712814,-0.5938786537230026,0.09144239329179449
outer,2.17299739289533,298.6895681562812,-2.4225259014629077,-0.5906442390055199,0.09156618615079025
outer,2.17526808875242,298.6058480946259,-2.4222742063030016,-0.5874026848382823,0.09165680390749001
outer,2.176667642522877,298.5219028182334,-2.422070512072418,-0.5841540866422725,0.09171361480377002
outer,2.207690585908187,298.77306950182253,-2.4207507106395476,-0.5940057434861459,0.09296352178185874
outer,2.2110442331999187,298.6895681562812,-2.4204372176431987,-0.5907690645162171,0.09309633629109255
outer,2.213560283115111,298.6058480946259,-2.420170557535992,-0.5875252553327465,0.09319682348246786
outer,2.215222261205269,298.5219028182334,-2.419951794477695,-0.5842744078671213,0.09326431917943583
outer,2.245875314137699,298.7730695018226,-2.4186206962665078,-0.594135696388746,0.0944952736201632
outer,2.2494388575954813,298.68956815628127,-2.4182929670800832,-0.5908965857315052,0.09463637219861652
outer,2.252183629986072,298.6058480946259,-2.418011814452467,-0.5876503614072643,0.09474602696643067
outer,2.254092235221926,298.5219028182334,-2.417778381397377,-0.5843971114019854,0.09482353970963882
outer,2.2844417955354395,298.7730695018226,-2.416432601323365,-0.5942685577412724,0.0960380986470254
outer,2.2881968991329886,298.68956815628127,-2.416091276952563,-0.5910268357759539,0.09618671553826688
outer,2.2911529700221416,298.6058480946259,-2.4157961924259586,-0.5877780245950746,0.09630480911654302
outer,2.2932916489464037,298.5219028182334,-2.4155485721467307,-0.5845222078161378,0.09639164550024204
outer,2.3234072738595177,298.7730695018226,-2.414184338857117,-0.594404369471407,0.09759246220365295
outer,2.3273347364658337,298.68956815628127,-2.4138301606300807,-0.5911598446634826,0.09774780339234021
outer,2.330483855771349,298.6058480946259,-2.4135217997004537,-0.5879082632325545,0.0978735798698157
outer,2.332835266276085,298.5219028182334,-2.4132605649306913,-0.5846497041673993,0.09796902049950573
outer,2.362789805892269,298.77306950182253,-2.4118736951043376,-0.5945431685779725,0.09915884513469708
outer,2.3668695249379463,298.68956815628127,-2.4115075111902144,-0.5912956376272713,0.09932008810293992
outer,2.37019258154468,298.6058480946259,-2.411186630698,-0.5880410909060491,0.0994527641997385
outer,2.372738559317428,298.5219028182334,-2.4109124503086226,-0.5847796026516726,0.09955606343736735
outer,2.402608294867988,298.7730695018226,-2.409498325914064,-0.5946849875115939,0.10073774468458152
outer,2.4068192287485153,298.6895681562812,-2.409121096544872,-0.591434234521726,0.10090403773368238
outer,2.4102962143439437,298.6058480946259,-2.408788560382458,-0.5881765153884959,0.10104280234369954
outer,2.4130177381033846,298.5219028182334,-2.408502205206693,-0.5849118993617491,0.10115318795983222
outer,2.4428825250090695,298.77306950182253,-2.407055751348584,-0.594829855210685,0.10232967543137435
outer,2.447202654208883,298.68956815628127,-2.406668554253824,-0.5915756500684283,0.10250013683077216
outer,2.4508126258612095,298.6058480946259,-2.4063253388600545,-0.5883145382368791,0.10264415036243923
outer,2.453689781361125,298.52190281823346,-2.4060276872872,-0.5850465834725931,0.10276082303753878
outer,2.483633197178551,298.7730695018226,-2.4045433457875354,-0.5949777964774636,0.10393516927915186
outer,2.48803948410119,298.6895681562812,-2.4041473837107894,-0.5917198935843577,0.10410888678176426
outer,2.49176052556395,298.6058480946259,-2.403794584626354,-0.5884551544072211,0.10425728062582502
outer,2.494772468345925,298.5219028182334,-2.4034866286610708,-0.5851836365923785,0.10437941345376324
outer,2.5248819656535844,298.7730695018226,-2.401958325555503,-0.595128829303921,0.10555477457666648
outer,2.529350313148529,298.6895681562812,-2.401554935658519,-0.5918669672088203,0.10573080547950187
outer,2.533159494877355,298.60584809462586,-2.401193775688451,-0.5885983510196788,0.10588268185884761
outer,2.5362844117555845,298.5219028182334,-2.400876628131508,-0.5853230317209576,0.10600942008290531
outer,2.5666514760208026,298.77306950182253,-2.399297148105094,-0.5952831014857795,0.107189149614534
outer,2.571156684599519,298.68956815628127,-2.3988884014212806,-0.5920168632454115,0.10736642671892782
outer,2.575030022471137,298.60584809462586,-2.398520239536018,-0.5887441051591402,0.10752085883554888
outer,2.5782450917352366,298.52190281823334,-2.398195142108371,-0.5854647314607963,0.10765131986567367
outer,2.6090140455546624,298.7730695018226,-2.3965551966074043,-0.5954407421903009,0.1088405498615759
outer,2.613481127929379,298.68956815628127,-2.39614420300761,-0.5921696966037138,0.10901639296856651
outer,2.6173935406562174,298.6058480946259,-2.395771143483949,-0.588892381398342,0.10917233211197316
outer,2.6206748909823787,298.5219028182334,-2.3954394751568113,-0.5856086857047464,0.10930560568519804
outer,2.6519766429667513,298.77306950182253,-2.3937290111169904,-0.5956014749847144,0.11050898166593617
outer,2.6563955896184606,298.68956815628127,-2.393317681621996,-0.5923255658638528,0.11068293311803605
outer,2.660272462891663,298.6058480946259,-2.3929428748172,-0.5890432596744385,0.11083772987635818
outer,2.6635951309548136,298.5219028182334,-2.392606770781602,-0.5857548292351156,0.11097278638139763
outer,2.695546041442812,298.7730695018226,-2.3908159751640072,-0.5957652466488811,0.112194340763553
outer,2.699907002647391,298.68956815628127,-2.3904053542537524,-0.5924841637751659,0.1123660406095526
outer,2.7037383651668687,298.60584809462586,-2.3900307325062418,-0.5891968051530303,0.11251925616275091
outer,2.70702810918385,298.52190281823334,-2.3896933813171377,-0.5859032047993246,0.11265347758216515
outer,2.739750045773689,298.7730695018226,-2.3878126317928414,-0.5959320648898989,0.11389723925280282
outer,2.744022105473715,298.68956815628127,-2.3874045864194793,-0.5926453991548191,0.11406560297780724
outer,2.747798144760913,298.6058480946259,-2.3870312092054156,-0.5893526767583762,0.11421689348953218
outer,2.751045031450614,298.5219028182334,-2.3866945625635845,-0.5860538413812179,0.1143498604472058
outer,2.7846176917015786,298.7730695018226,-2.3847133474591216,-0.5961022303077618,0.11561858370554928
outer,2.78876856032396,298.68956815628127,-2.3843118932841096,-0.5928092372931241,0.11578221967041585
outer,2.792458505431337,298.6058480946259,-2.383941651010096,-0.5895107427917878,0.1159305234640526
outer,2.795652759359809,298.5219028182334,-2.3836067810002297,-0.586206361375381,0.1160619088529852
outer,2.8303021787154186,298.77306950182253,-2.3815104650497294,-0.5962758146070787,0.11736310523351158
outer,2.8341752540646636,298.68956815628127,-2.3811215807112864,-0.5929759200850949,0.11751678039047708
outer,2.8377469669572926,298.6058480946259,-2.3807585434574166,-0.5896709236479107,0.11766073558622966
outer,2.8408579619955874,298.5219028182334,-2.3804273610203124,-0.5863605903746281,0.11778950099957043
outer,2.876734760053881,298.77306950182265,-2.378200576187973,-0.5964518809604208,0.11912815705043092
outer,2.8803946006810883,298.6895681562812,-2.377825925331901,-0.5931454729314258,0.11927397474805343
outer,2.883692267451232,298.6058480946259,-2.3774761297810834,-0.5898334000254547,0.1194084058059048
outer,2.886688016798017,298.52190281823334,-2.3771527555843623,-0.5865164017677016,0.11953321926263435
outer,2.923942532200674,298.7730695018226,-2.3747791081678162,-0.5966309961907181,0.12091435328875857
outer,2.927358205898939,298.68956815628127,-2.3744215041318313,-0.5933169101365134,0.12105116410088548
outer,2.9304460360375204,298.6058480946259,-2.3740866162680683,-0.5899981474923216,0.12117818562446775
outer,2.9331715132392544,298.52190281823334,-2.373777141738306,-0.5866739127715932,0.12129392896224367
outer,2.9721009148663278,298.7730695018226,-2.371236456421906,-0.5968132711750762,0.12272705809679327
outer,2.9750930272694442,298.6895681562812,-2.370903684760317,-0.5934907214509243,0.12284895697473339
outer,2.9779402306405585,298.6058480946259,-2.3705865579007197,-0.5901641279698674,0.12296744780180505
outer,2.9804592961813188,298.5219028182334,-2.3702926499415997,-0.5868330458304231,0.12307624680694165
outer,3.0211654850333844,298.7730695018226,-2.3675665034152233,-0.5969977432270773,0.12456444001542522
outer,3.0237735850690877,298.6895681562812,-2.36726276383365,-0.5936669471880035,0.12467267442444488
outer,3.026201669992628,298.6058480946259,-2.3669712554063915,-0.5903317507570005,0.12477679862240375
outer,3.028483675478566,298.52190281823334,-2.366695805318341,-0.5869927077784023,0.12487756016792562
outer,3.071207060066456,298.77306950182253,-2.3637620463136466,-0.5971848116943822,0.12642842648228142
outer,3.0733556840517897,298.6895681562812,-2.3634925627060417,-0.5938445456378171,0.1265204902043937
outer,3.0754039756723257,298.60584809462586,-2.3632308996147198,-0.5905009815836573,0.1266115204023378
outer,3.0772713311503814,298.52190281823334,-2.3629818347740543,-0.5871532257614365,0.12669847657087877
outer,3.122367759010755,298.7730695018226,-2.3598124196796593,-0.5973741187223011,0.12832308320189098
outer,3.123909778478386,298.68956815628127,-2.3595857802955704,-0.5940238137985737,0.12839432140836401
outer,3.1255031800183395,298.60584809462586,-2.35935924347692,-0.5906706983228728,0.1284697971350397
outer,3.1269949867626936,298.5219028182334,-2.35914081662154,-0.5873144891793406,0.12854424390038718
outer,3.1746195764026894,298.7730695018225,-2.3557088860995696,-0.5975649568296953,0.13024714017432643
outer,3.1755772587035165,298.68956815628127,-2.3555316345702875,-0.594204297290223,0.13029820787282514
outer,3.1765693744849726,298.6058480946259,-2.355348880367759,-0.590841096540552,0.1303535409793959
outer,3.177610902065632,298.5219028182334,-2.355166427447409,-0.5874752961931371,0.13041306079223408
outer,3.2281473691578,298.77306950182253,-2.35143931709875,-0.5977574839863147,0.13220595408297148
outer,3.2283302628567276,298.68956815628127,-2.35132127486628,-0.5943851728788929,0.13223089379690062
outer,3.2287432213325045,298.60584809462586,-2.3511889007831424,-0.5910116260187112,0.13226677114797203
outer,3.2291888059835454,298.52190281823334,-2.3510511467443655,-0.5876357436104012,0.13230683872176296
outer,3.281868633237706,298.52190281823334,-2.346783926702164,-0.587795188103469,0.13422958002784757
outer,3.2819970021660674,298.60584809462586,-2.346870327751903,-0.5911813503976528,0.13420825061213773
outer,3.2823527000319297,298.6895681562812,-2.346942410425868,-0.5945664741464172,0.13419771326307278
outer,3.2829883465450527,298.77306950182253,-2.346992027277262,-0.5979503608235929,0.1342000403615436
outer,3.33562280879942,298.5219028182334,-2.342355653041526,-0.5879525857954085,0.1361800693727602
outer,3.336513679033539,298.6058480946259,-2.3423806956831577,-0.5913501835685144,0.13618329505167281
outer,3.337681588714017,298.68956815628127,-2.3423832013434707,-0.5947467359865464,0.1361991925338355
outer,3.3391959852795505,298.77306950182253,-2.3423542161566315,-0.5981435152003645,0.13623075118178932
outer,3.3906333483928477,298.5219028182334,-2.337753675716268,-0.5881077390135863,0.13816360613778222
outer,3.3923300797918676,298.6058480946259,-2.3377079976497472,-0.5915165429953015,0.1381924447792795
outer,3.3943701314256796,298.68956815628115,-2.3376306392224224,-0.5949257290568862,0.1382366978843096
outer,3.397054948813248,298.7730695018226,-2.337505902278746,-0.598336523942693,0.13830639765323594
outer,3.4469368893923327,298.5219028182334,-2.3329658112583003,-0.5882589589480095,0.14018074498803168
outer,3.449499132995497,298.6058480946259,-2.3328390073477445,-0.5916800555744324,0.1402370820387631
outer,3.452701532056629,298.6895681562812,-2.332664470806904,-0.5951028760796695,0.1403185083555035
outer,3.4565613789760192,298.77306950182253,-2.3324307169720777,-0.5985271725659373,0.1404260709578794
outer,3.5045860865931737,298.52190281823334,-2.32797860945515,-0.5884057443135636,0.14223288250174004
outer,3.5083025841662585,298.6058480946259,-2.3277531880405173,-0.591840003769757,0.14232545288573636
outer,3.5126719522186707,298.6895681562812,-2.327468079776035,-0.5952758092552989,0.14244374937053153
outer,3.5178766662416114,298.7730695018226,-2.327110813132884,-0.5987149505397229,0.14259410024729532
outer,3.563861228261496,298.52190281823334,-2.322771244733052,-0.5885472531136889,0.14432822719587038
outer,3.5687366146818564,298.60584809462586,-2.3224336657597315,-0.5919938838939428,0.14445671188805106
outer,3.574441954884202,298.68956815628127,-2.3220233096768292,-0.5954438508953801,0.14461675761552722
outer,3.581184929610467,298.7730695018226,-2.321521587421574,-0.5988984586042163,0.14481552069191253
outer,3.624758515525944,298.5219028182334,-2.317326584985325,-0.5886808653528388,0.14646595439723886
outer,3.6309609606902136,298.60584809462586,-2.3168619749401747,-0.5921408745779679,0.1466351949602362
outer,3.6381947150155733,298.6895681562812,-2.316305169183421,-0.5956054181970889,0.14684256126688922
outer,3.6466865864465516,298.77306950182253,-2.3156351724172093,-0.5990759119737765,0.14709573427763273
outer,3.6874368583405293,298.52190281823334,-2.3116258672423817,-0.5888056416665038,0.14865038814787285
outer,3.6951578538880283,298.60584809462586,-2.311012748453801,-0.5922792385702209,0.14886591225606932
outer,3.7041296223716422,298.6895681562812,-2.3102853608011946,-0.5957585387278027,0.1491265491978414
outer,3.714599004238092,298.77306950182253,-2.309420257804697,-0.5992450889114338,0.149440492508098
outer,3.752077545855868,298.5219028182334,-2.3056433718806546,-0.5889197206521329,0.15088650701793982
outer,3.76152565726994,298.6058480946259,-2.3048572865647716,-0.5924068539089149,0.15115422519556546
outer,3.772462929926796,298.6895681562812,-2.3039321183891093,-0.5959008123056033,0.15147445284995448
outer,3.7851570449835044,298.7730695018225,-2.302841715172087,-0.5994032453591204,0.15185587687209345
outer,3.8188779150853045,298.52190281823334,-2.2993500332023644,-0.5890208671378933,0.15317962818023034
outer,3.8302795102083738,298.60584809462586,-2.2983634102501287,-0.5925211887327302,0.15350582632175983
outer,3.8434282954653702,298.68956815628127,-2.2972098502489553,-0.5960293446480627,0.15389232395751587
outer,3.8586134685757534,298.7730695018225,-2.295857096467104,-0.5995480489781027,0.15434884915600897
outer,3.88805199264874,298.5219028182334,-2.292713306324159,-0.5891064573401854,0.15553538418261426
outer,3.9016518672589444,298.60584809462586,-2.2914951179101406,-0.5926192486675348,0.15592671210910813
outer,3.9172771828982365,298.6895681562812,-2.290075603069959,-0.5961416725762804,0.156387072355667
outer,3.9354528136368687,298.77306950182253,-2.2884127330971045,-0.599675802115404,0.15693252806603478
outer,3.9598310307909514,298.52190281823334,-2.2856968339446926,-0.5891734342514319,0.15795968979671782
outer,3.9758928974107013,298.6058480946259,-2.2842090118225946,-0.5926984853945073,0.15842370736214065
outer,3.994491646459981,298.6895681562812,-2.2824751624779926,-0.5962340105487631,0.15897168495160258
outer,4.015866387404124,298.77306950182253,-2.2804523551844125,-0.5997818493550516,0.15961143547934933
outer,4.034463904566613,298.52190281823334,-2.278256835220331,-0.5892191940524731,0.16045925396534053
outer,4.053482172543748,298.6058480946259,-2.276450401847291,-0.5927550588841128,0.16100962771825164
outer,4.0752620124934165,298.6895681562812,-2.274351736094594,-0.5963016429235881,0.16165056362882488
outer,4.1005089234600804,298.77306950182253,-2.271903587667989,-0.5998628559140773,0.16240346844396952
outer,4.112427705394819,298.52190281823334,-2.270338216119623,-0.5892398605073309,0.16304668864859767
outer,4.13460903890895,298.6058480946258,-2.268162065024734,-0.5927842173204505,0.16368871542599206
outer,4.160239657548943,298.6895681562812,-2.265632382180312,-0.5963411987934092,0.16444132812374557
outer,4.1897836117159555,298.77306950182253,-2.2626827352216936,-0.5999118477405321,0.16531818300989976
outer,4.193910800181945,298.52190281823334,-2.2618834102703795,-0.5892306539469268,0.16572604755006937
outer,4.219921518771124,298.6058480946258,-2.2592706101305207,-0.5927825704159515,0.1664782795712827
outer,4.249825704251685,298.6895681562812,-2.2562329293276204,-0.5963456991444733,0.16735323713361933
outer,4.279557859465763,298.52190281823334,-2.2528186756300856,-0.5891881622587585,0.1685143077078064
outer,4.284365892930571,298.7730695018225,-2.252692039118757,-0.5999237842721278,0.16837284986923728
outer,4.3098186691611025,298.60584809462586,-2.2496915100228074,-0.5927431330601222,0.1693872561334325
outer,4.344692130155741,298.68956815628115,-2.246055258418442,-0.5963101555691162,0.17040313886057518
outer,4.369765876258076,298.52190281823334,-2.2430592177246607,-0.5891053696480258,0.1714200691601597
outer,4.384984504000867,298.7730695018225,-2.241808870812819,-0.5998926394075548,0.17158562111425224
outer,4.404969007261903,298.60584809462586,-2.2393263813716704,-0.5926609314895536,0.17243205318627938
outer,4.445563935686787,298.6895681562812,-2.234976409415694,-0.5962285632160346,0.17360865043285925
outer,4.465199910010128,298.52190281823334,-2.232506448192636,-0.58897725599518,0.1744592953527585
outer,4.4926877306908,298.77306950182253,-2.229880834053527,-0.5998103990184177,0.17498161523819802
outer,4.506093800084988,298.60584809462586,-2.2280519836521244,-0.5925298886364099,0.1756297456333827
outer,4.55348403170627,298.68956815628115,-2.2228436976161436,-0.5960928603458749,0.1769941738121881
outer,4.5665774971668505,298.5219028182333,-2.2210368670831118,-0.588797565116827,0.1776485270972383
outer,4.608405717169277,298.77306950182253,-2.2167314971602248,-0.5996672699239939,0.17858044312452143
outer,4.614230587987212,298.60584809462586,-2.215715359346589,-0.5923417473310479,0.17900403355353334
outer,4.66937779323107,298.6895681562812,-2.2094804625850855,-0.5958929929301872,0.18057850235436684
outer,4.6749308116767585,298.5219028182333,-2.208497238078552,-0.588557698614111,0.18101079309673154
outer,4.7302999807357375,298.6058480946258,-2.2021396017220227,-0.5920859994926441,0.18257294209140912
outer,4.7334968152385475,298.7730695018225,-2.202145600620525,-0.5994542486024821,0.18241095508753222
outer,4.7911757016915795,298.52190281823334,-2.1947103713600447,-0.5882465170143991,0.18456341085849323
outer,4.794596607351407,298.68956815628115,-2.194671227691419,-0.5956193412517863,0.18438947937001626
outer,4.855646406407398,298.6058480946258,-2.1871089548909666,-0.5917521833243677,0.18636339657350212
outer,4.869402269767095,298.7730695018225,-2.185859088550144,-0.5991576663532417,0.18649918592706743
outer,4.916649641582717,298.52190281823334,-2.179460151242757,-0.5878525146453242,0.1883324790009975
outer,4.930574329204181,298.6895681562812,-2.178151733258474,-0.5952570745025252,0.1884520685583926
outer,4.991696336453714,298.6058480946258,-2.1703588179028532,-0.591324048106678,0.19039941266250066
outer,5.017933842979035,298.7730695018225,-2.1675516802630193,-0.5987575496812793,0.19087355027071412
outer,5.05277172474804,298.52190281823334,-2.162481495182413,-0.5873577974355232,0.1923411824890865
outer,5.079113431518341,298.6895681562812,-2.1596015456583535,-0.5947843540525707,0.19279358662437573
outer,5.14024296170974,298.6058480946258,-2.1515683835628323,-0.5907776032010182,0.19470736031107172
outer,5.180907004390928,298.77306950182253,-2.1468475454036033,-0.5982187840755022,0.19555041228446055
outer,5.201325867208009,298.5219028182333,-2.1434530311744022,-0.5867359881645691,0.19661508570162656
outer,5.242020075307319,298.68956815628115,-2.1386447755207723,-0.5941632350958278,0.19742949047086436
outer,5.303083142301862,298.60584809462586,-2.1303614632505923,-0.5900718119158412,0.19930197386075593
outer,5.360175712731544,298.77306950182253,-2.1233232423127975,-0.597487632124353,0.2005322503920265
outer,5.364099635296024,298.52190281823334,-2.121998085522479,-0.5859427624288543,0.20116836972583035
outer,5.421138713449752,298.6895681562812,-2.11485813821534,-0.5933359281339619,0.20236177107615216
outer,5.482051833036438,298.60584809462586,-2.1063147457023406,-0.5891446768959492,0.20418497134053268
outer,5.542918492990604,298.5219028182333,-2.0976931914361043,-0.58491181605805,0.20600266937993517
outer,5.557433608499918,298.77306950182253,-2.096514230250387,-0.5964696260323187,0.20579459589333807
outer,5.6181543025982625,298.6895681562812,-2.0877783085544976,-0.592203032704432,0.20756636898587086
outer,5.67882531382514,298.6058480946258,-2.0789660168299977,-0.5878918612767703,0.2093329097706455
outer,5.739450050080314,298.52190281823334,-2.0700771907898834,-0.5835339045334559,0.21109533525130378
outer,5.773507429086339,298.7730695018225,-2.065979912385218,-0.5950179454673428,0.21126675700979167
outer,5.83388934119141,298.68956815628115,-2.0569676489020434,-0.5906123857655193,0.21297440643366253
outer,5.894221847623129,298.6058480946258,-2.047880588532525,-0.5861560180067975,0.21467887062093532
outer,5.954508337267392,298.52190281823334,-2.0387183800543194,-0.581646662299103,0.2163815257302006
outer,6.008121920686317,298.7730695018225,-2.031390419356542,-0.5929389574950104,0.21683477315082633
outer,6.068069986740528,298.6895681562812,-2.0221009302646635,-0.5883650009666007,0.21847518445600786
outer,6.127969002102891,298.60584809462586,-2.0127379994035817,-0.5837331362459828,0.22011545241934527
outer,6.187822331309842,298.5219028182333,-2.003301202772901,-0.5790413529543863,0.22175714828619533
outer,6.259616288510177,298.7730695018224,-1.9926109571381532,-0.590005372843061,0.22234962459476162
outer,6.319043959891679,298.68956815628115,-1.9830489631256578,-0.5852287536390846,0.22392395166704904
outer,6.378423006378471,298.60584809462586,-1.973414820792663,-0.5803866727353784,0.22550204474601931
outer,6.437756763300441,298.5219028182333,-1.963708105942935,-0.5754773646754714,0.22708558820361896
outer,6.525101250035152,298.7730695018224,-1.949761480004468,-0.585989442803075,0.2276528163718618
outer,6.583936792414374,298.68956815628115,-1.939936145442325,-0.580971722964815,0.22916633576824805
outer,6.642724194390542,298.60584809462586,-1.9300398607013818,-0.5758808819648262,0.23068809303304882
outer,6.701466758060767,298.5219028182333,-1.9200721925000754,-0.5707153940159435,0.23221980351143812
outer,6.8011463619130135,298.77306950182253,-1.9031765542695125,-0.58068415201592,0.23260402367465985
outer,6.85933562996053,298.6895681562812,-1.8930977198159562,-0.5753833452728507,0.23406462427275854
outer,6.917477286399382,298.6058480946258,-1.8829486627782712,-0.5700018118103353,0.23553810548483528
outer,6.975574597055077,298.52190281823334,-1.8727288170279746,-0.5645381830745113,0.23702615856577824
outer,7.084452142431562,298.7730695018225,-1.853281183266814,-0.5738999703251234,0.23709053836090127
outer,7.141957908334908,298.6895681562812,-1.842953991106694,-0.5682711765349097,0.23850659234211546
outer,7.199416621884586,298.60584809462586,-1.832556044112195,-0.5625540072342309,0.2399400375791696
outer,7.2568315105451004,298.5219028182333,-1.822086365595854,-0.5567470927479753,0.24139255101271795
outer,7.372384763306978,298.7730695018225,-1.8004464309347665,-0.5654483922459279,0.24102269410404886
outer,7.429183303749126,298.68956815628115,-1.7898656373862796,-0.5594441716538634,0.24240148147525764
outer,7.485935370503451,298.60584809462586,-1.779211020812579,-0.553343447805631,0.24380204131695088
outer,7.5426441513418965,298.5219028182333,-1.7684805535794679,-0.5471444831306239,0.24522618707484325
outer,7.663078389330823,298.77306950182253,-1.7448883737774539,-0.5551245189685057,0.24432115410742075
outer,7.719155547739271,298.6895681562812,-1.7340327038685415,-0.548694176821385,0.24566895249122395
outer,7.775186822708963,298.6058480946258,-1.7230950522321502,-0.5421573560838895,0.24704339859458546
outer,7.831175361524858,298.52190281823334,-1.7120704781617464,-0.5355107898920105,0.24844697187524428
outer,7.955334126492173,298.7730695018225,-1.6866306149857242,-0.5426977825347029,0.24691187088105732
outer,8.010681893414533,298.6895681562812,-1.6754534097835088,-0.5357825004553896,0.24823675733245631
outer,8.065984373700626,298.6058480946258,-1.66417380549117,-0.5287443512834115,0.2495957624073868
outer,8.121244673698921,298.52190281823334,-1.6527792504958803,-0.5215757634451246,0.25099341647882106
outer,8.248431362409423,298.77306950182253,-1.62548695101152,-0.5278924295257044,0.24873305891346514
outer,8.303045423207504,298.68956815628115,-1.6138888633652786,-0.52040706183119,0.2500533180672803
outer,8.357614797702116,298.60584809462586,-1.6021375624586118,-0.5127650854225632,0.2514230853820334
outer,8.412142551063218,298.5219028182333,-1.5902055837096627,-0.5049517155158467,0.25285123579140756
outer,8.541966555548877,298.7730695018225,-1.5609792721024405,-0.5103169064193369,0.24976443654534353
outer,8.595844664673415,298.6895681562812,-1.5487363091894464,-0.5021056627994016,0.25112896243407834
outer,8.649678689664679,298.6058480946258,-1.536229552973148,-0.4936742917763849,0.2525751929941932
outer,8.703471654387908,298.52190281823334,-1.5234139768106414,-0.48500494423291074,0.25411747132612217
outer,8.835721156884764,298.7730695018225,-1.4920619743311054,-0.4892875582135528,0.25010148786966774
outer,8.888862189358507,298.6895681562812,-1.4787020131836968,-0.48006933251253836,0.25162406977914376
outer,8.941959740789647,298.6058480946258,-1.4648924862297066,-0.47054968533996155,0.25328244824651913
outer,8.995016793675603,298.5219028182333,-1.4505852618253872,-0.46072678243601317,0.25509188218557155
outer,9.129581909556137,298.7730695018225,-1.4165929946943836,-0.46359660059636926,0.2500843327965808
outer,9.181985321106536,298.6895681562812,-1.4013068633099757,-0.452994135457996,0.25196517032289706
outer,9.234345855150435,298.60584809462586,-1.3853561852348426,-0.442058927404485,0.25404191260680314
outer,9.286666452786747,298.5219028182333,-1.368721556482895,-0.43083056287820476,0.25631847986386347
outer,9.423492635124395,298.77306950182253,-1.3308330117139895,-0.4315711842857252,0.2503796148074774
outer,9.475158169524185,298.6895681562812,-1.3126013762356619,-0.4193492827250679,0.25284630785757695
outer,9.526781430163137,298.60584809462586,-1.2935786280224568,-0.40691202175716096,0.25552776080923856
outer,9.578365316727409,298.52190281823334,-1.2737981025983793,-0.39434220194967273,0.2584037487801093
outer,9.71742597792487,298.77306950182253,-1.2296558712581236,-0.39193122942243763,0.25173158552922953
outer,9.768353519208178,298.6895681562812,-1.2076652181664274,-0.37837711236514115,0.25484515035170335
outer,9.819239390571166,298.60584809462586,-1.184951198970767,-0.3648943500930404,0.25809472991608395
outer,9.870086450280725,298.5219028182334,-1.1615886232141863,-0.3515685901101918,0.261435658830432
outer,10.011369315410551,298.7730695018225,-1.1078516114082835,-0.3452877426293235,0.2540744036211679
outer,10.061558812331363,298.6895681562812,-1.081918130715534,-0.33131596347666953,0.25745669374662505
outer,10.111707243214308,298.6058480946259,-1.055506775657153,-0.31772252936904916,0.26078311010098143
outer,10.161817424904205,298.5219028182334,-1.0287002229678928,-0.30454343474257933,0.2640025212649321
outer,10.30531691971919,298.77306950182253,-0.9613696441072606,-0.2944624342735641,0.25497139113086176
outer,10.354768350400072,298.68956815628127,-0.9318988253082,-0.2809400511132532,0.2576337306389654
outer,10.404179318943504,298.6058480946259,-0.9022825136156009,-0.26789838425519513,0.2600038540978401
outer,10.453552600770863,298.5219028182333,-0.8726044661501798,-0.2553202179902436,0.26205331446800806
outer,10.599266289877942,298.77306950182253,-0.7859759090756036,-0.2401463677474966,0.24780953036154502
outer,10.64797964526485,298.6895681562812,-0.7538140973781984,-0.2267236567640461,0.24840937625500792
outer,10.69665314242205,298.6058480946259,-0.7220158299143955,-0.2136963524279472,0.24860517477246002
outer,10.745289515347123,298.52190281823334,-0.6906798170966753,-0.20104935988463,0.24840971436107673
outer,10.893216371528611,298.77306950182253,-0.5769850947118698,-0.17236416863172208,0.22232144467916096
outer,10.941191647973472,298.68956815628115,-0.5450062964005988,-0.15789231984641464,0.22032391655380107
outer,10.989127670099425,298.60584809462586,-0.5142303533825561,-0.14391300358656609,0.21808346509465254
outer,11.03702713047989,298.52190281823334,-0.4847067797668827,-0.13043147596636856,0.21563044425660383
outer,11.187166729187917,298.77306950182253,-0.34733084849943313,-0.07440802780144373,0.17359246321615257
outer,11.234403925275563,298.68956815628127,-0.32247766650029125,-0.060068989422094016,0.1706153931720618
outer,11.281602470956166,298.6058480946259,-0.2993928870591416,-0.046555712816155004,0.16765767698062817
outer,11.328765017379094,298.5219028182334,-0.27799092909763706,-0.033836537341678574,0.16472443456889674
outer,11.481117191513423,298.77306950182253,-0.1530872021376496,0.04822189405414184,0.11540904631496307
outer,11.527616306707131,298.68956815628127,-0.1412437582552721,0.05846788362893417,0.11394540425063068
outer,11.57407737540627,298.60584809462586,-0.13060937567819456,0.0678830011825542,0.11251159988040547
outer,11.620503007335854,298.5219028182334,-0.1210631867999067,0.07653129725943585,0.11109821795773267
outer,11.77506769213907,298.7730695018226,-0.05300705978212936,0.15984859491656447,0.07150051680351249
outer,11.820828726242558,298.68956815628127,-0.0507459234303435,0.1644185751493943,0.07180199271126342
outer,11.866552317763905,298.6058480946259,-0.04876205815609081,0.16852058385655938,0.07198572113596602
outer,11.91224103500412,298.5219028182334,-0.04701588324648906,0.17219389411898567,0.07205656516793948
outer,12.06901820638385,298.7730695018226,-0.02961813458955493,0.2391289308473134,0.04740902686510841
outer,12.11404115932725,298.6895681562812,-0.029682763362551382,0.23986821206542877,0.04809034634669585
outer,12.159027273601087,298.6058480946259,-0.029715046435623463,0.24040424887744083,0.04861884339617975
outer,12.203979076082163,298.52190281823334,-0.02971599106992033,0.24075104671471648,0.04900583340230982
outer,12.362968725335698,298.7730695018226,-0.026711996634519005,0.2939163244841532,0.03271594035140529
outer,12.407253597094838,298.6895681562812,-0.02659955228651245,0.29242337489429443,0.033162064931828716
outer,12.451502234097093,298.60584809462586,-0.02646370499311158,0.29084470500573256,0.033491572240240165
outer,12.49571712179486,298.5219028182334,-0.026306175623721256,0.28918575950670167,0.03371287542005011
outer,12.656919245856654,298.77306950182253,-0.023696741556881937,0.332973914133995,0.02164454075511956
outer,12.700466036423544,298.6895681562812,-0.023477791924190482,0.32998362010649934,0.021857954437411474
outer,12.743977196146128,298.6058480946259,-0.023243297410994387,0.32697724682310114,0.02198595473276023
outer,12.787455169052645,298.5219028182334,-0.02299488679993109,0.3239563642331468,0.022034509466453557
outer,12.950869766888841,298.7730695018226,-0.021010768639960077,0.35973002967167583,0.013238480155188331
outer,12.993678476260833,298.6895681562812,-0.02071422220061504,0.35576525949601856,0.013246627615843276
outer,13.036452158701097,298.6058480946259,-0.020410079440979653,0.35182513670080257,0.013194194107767995
outer,13.079193216813772,298.52190281823334,-0.020099526741057618,0.34790952295914596,0.013085353065314338
outer,13.24482028808158,298.77306950182253,-0.01863334106864504,0.3769393456894451,0.006824493585484495
outer,13.286890916257862,298.68956815628127,-0.018287956025378346,0.3723672708249998,0.006662433345106564
outer,13.328927121415045,298.6058480946259,-0.01794135260065234,0.3678436043953438,0.006458812446276496
outer,13.370931264733011,298.52190281823334,-0.017594326489885986,0.36336737760662624,0.006216529266965656
outer,13.53877080932343,298.77306950182253,-0.016529663418448116,0.3867406574470924,0.0019330208474439003
outer,13.580103356303693,298.6895681562812,-0.016160236064190432,0.3818224144863924,0.001634134870361223
outer,13.621402084177541,298.6058480946259,-0.01579424679303282,0.37696574192489957,0.0013080314347944239
outer,13.662669312700594,298.52190281823334,-0.015432191130774688,0.37216926655701316,0.000956695946906061
outer,13.832721330579883,298.7730695018226,-0.01466897829714503,0.3908028990908578,-0.0017805054557437916
outer,13.87331579636408,298.68956815628127,-0.01429526087673886,0.3857251655019045,-0.002187156600917131
outer,13.91387704695449,298.6058480946259,-0.013928131114104892,0.380715270582716,-0.002610338488555894
outer,13.954407360682477,298.5219028182334,-0.013567860647919264,0.3757716757538495,-0.0030487227638695547
outer,14.12667185184051,298.7730695018226,-0.013026934426044356,0.3904359329230657,-0.004577346846978275
outer,14.16652823642864,298.6895681562812,-0.012663615711540392,0.38533157474296925,-0.005067467037716586
outer,14.20635200973556,298.6058480946259,-0.012308813664115195,0.38029678851115456,-0.0055662587905242755
outer,14.246145408668532,298.5219028182334,-0.011962635881162385,0.37533001291188195,-0.006072865809991862
outer,14.420622373102304,298.7730695018226,-0.011582560785387948,0.3866714540523074,-0.00665993201175244
outer,14.45974067649437,298.6895681562812,-0.011239848660419223,0.38163375822501905,-0.0072136349098214925
outer,14.498826972517852,298.6058480946259,-0.010906632740621376,0.3766644197108231,-0.0077703213127750526
outer,14.53788345665576,298.5219028182334,-0.010582903297184795,0.3717619406221706,-0.00832947113426237
outer,14.714572894364355,298.7730695018226,-0.010316608003965673,0.38032271484928476,-0.008186987797640086
outer,14.752953116560352,298.68956815628127,-0.01000097663420229,0.37541564415924744,-0.008788201835424544
outer,14.791301935300398,298.6058480946259,-0.009695107979035118,0.37057386890291866,-0.009388365830383383
outer,14.829621504643239,298.5219028182334,-0.00939891163701509,0.3657960046079918,-0.00998719539641911
outer,15.00852341562656,298.77306950182253,-0.009210733568871109,0.37202999934052006,-0.009283638846416822
outer,15.04616555662654,298.68956815628127,-0.008925682179372549,0.36729579881622454,-0.009919480459324809
outer,15.083776898083045,298.6058480946259,-0.008650145666645292,0.36262275647737063,-0.010551487683295446
outer,15.121359552630873,298.5219028182334,-0.008383981692884679,0.35800962701333333,-0.011179537485585325
outer,15.302473936888815,298.7730695018225,-0.008247283853394717,0.36229608565167326,-0.010048579700971602
outer,15.339377996692626,298.68956815628127,-0.00799403452071426,0.3577610219224138,-0.010708775737240286
outer,15.376251860865745,298.6058480946259,-0.007749700924596606,0.35328244273687226,-0.011363285550041985
outer,15.413097600618505,298.5219028182334,-0.007514111073105442,0.3488592512768246,-0.01201209284016494
outer,15.596424458151018,298.7730695018226,-0.0074093649969158015,0.35151438395691287,-0.010559444807012833
outer,15.632590436758814,298.6895681562812,-0.007187472047128329,0.34719310824305016,-0.01123583084311737
outer,15.668726823648443,298.6058480946259,-0.0069736751286761725,0.3429234766876563,-0.011905365421929145
outer,15.704835648606139,298.5219028182334,-0.006767789491494536,0.33870453937470024,-0.012568099364903842
outer,15.890374979413274,298.7730695018226,-0.0066810286030706545,0.3399914940733238,-0.010876990410556911
outer,15.92580287682495,298.68956815628127,-0.00648889115636337,0.3358903595827816,-0.011563089146569422
outer,15.961201786431142,298.6058480946259,-0.006303911561326377,0.3318361073841724,-0.01224166846145415
outer,15.996573696593773,298.5219028182334,-0.00612590470449461,0.3278279259213165,-0.012912818097635781
outer,16.184325500675477,298.77306950182253,-0.006047469989152475,0.32796537614198185,-0.011048440032868354
outer,16.219015316891088,298.6895681562812,-0.005882749152865442,0.324084946725839,-0.01173911440314962
outer,16.25367674921379,298.6058480946259,-0.005724206700966482,0.32024687030525656,-0.01242195444701033
outer,16.288311744581407,298.5219028182334,-0.005571665806063324,0.31645046110943076,-0.013097069255086746
outer,16.47827602193768,298.7730695018226,-0.005495187461261611,0.31561999492575527,-0.0111102040073323
outer,16.512227756957223,298.6895681562812,-0.005355134919672891,0.3119569230167504,-0.011801376055641424
outer,16.546151711996487,298.6058480946259,-0.005220295953897662,0.30833199541051104,-0.012484643490597955
outer,16.58004979256904,298.52190281823334,-0.005090507612058169,0.30474463762556075,-0.013160121628790017
outer,16.772226543199935,298.77306950182253,-0.005012081137235447,0.30309709071317426,-0.011090106559764792
outer,16.80544019702341,298.68956815628127,-0.0048937885870408565,0.2996455031829196,-0.011778532256930707
outer,16.838626674779185,298.60584809462586,-0.004779797730426812,0.29622821317317044,-0.012459147349033445
outer,16.87178784055667,298.52190281823334,-0.004669962660920499,0.29284474254208637,-0.013132064992154496
outer,17.06617706446214,298.77306950182253,-0.004587487588047431,0.29050559356338707,-0.01100921122256951
outer,17.098652637089547,298.68956815628127,-0.00448806784045689,0.28725809567168054,-0.011692301776790481
outer,17.131101637561834,298.6058480946259,-0.00439211481741715,0.28404141973620867,-0.01236778156073462
outer,17.163525888544253,298.5219028182334,-0.004299500977175456,0.28085516953959355,-0.013035756583044414
outer,17.360127585724392,298.7730695018226,-0.004212156488624434,0.27792910264921983,-0.010883311209189478
outer,17.391865077155686,298.68956815628127,-0.0041288675228160834,0.2748774884575296,-0.011558992342174224
outer,17.423576600344532,298.6058480946259,-0.004048300025511958,0.2718535803528159,-0.012227326657801782
outer,17.45526393653194,298.52190281823334,-0.003970344772619851,0.26885705078751804,-0.012888410410794054
outer,17.654078106986596,298.7730695018226,-0.0038781805303495925,0.26543178175759496,-0.010724137223039415
outer,17.68507751722182,298.6895681562812,-0.0038085033823842956,0.26256752210373147,-0.011390739024616868
outer,17.71605156312723,298.6058480946259,-0.003740896529167495,0.25972818830934163,-0.01205029303208173
outer,17.74700198451952,298.5219028182334,-0.003675268086121543,0.25691350971847254,-0.012702884741125388
outer,17.9480286282488,298.7730695018226,-0.0035788913770252936,0.2530629661212669,-0.010540326510533597
outer,17.97828995728796,298.6895681562812,-0.003520572016693875,0.2503775309360036,-0.011196497628646537
outer,18.00852652590988,298.6058480946259,-0.003463764206907756,0.2477145464075272,-0.011845935392098057
outer,18.038740032507103,298.5219028182334,-0.0034083918410529324,0.24507378859176968,-0.012488714554620785
outer,18.241979149511057,298.77306950182253,-0.0033087341131902773,0.24086072939438563,-0.010338191040725683
outer,18.271502397354094,298.6895681562812,-0.0032597983969678973,0.23834578923797803,-0.010982832023866254
outer,18.301001488692577,298.6058480946259,-0.003211902225814474,0.23585109656145284,-0.011621056680176663
outer,18.33047808049479,298.5219028182334,-0.0031649833993057444,0.23337646553177735,-0.012252929647897232
outer,18.53592967077326,298.77306950182253,-0.0030631313134022176,0.2288546198054929,-0.01012231810378253
outer,18.564714837420283,298.6895681562812,-0.0030218807658048477,0.22650216164496859,-0.010754529680381694
outer,18.593476451475276,298.6058480946259,-0.0029812763658317587,0.2241679871989047,-0.011380636565836627
outer,18.62221612848237,298.5219028182334,-0.0029412678539421228,0.221851941601418,-0.012000694225991843
outer,18.829880192035514,298.77306950182253,-0.002838345768735741,0.21706774002095605,-0.009896032716613427
outer,18.857927277486418,298.6895681562812,-0.0028033406317157297,0.2148701240502734,-0.010515075608229174
outer,18.885951414257974,298.6058480946259,-0.0027686575383922066,0.2126890368845634,-0.011128315419625633
outer,18.913954176470053,298.5219028182334,-0.002734256241207593,0.2105243487922228,-0.01173579951140162
outer,19.123830713297718,298.77306950182253,-0.0026313486258893876,0.20551831497541267,-0.009661747671564178
outer,19.151139717552557,298.6895681562812,-0.002601383328098568,0.20346829254007576,-0.010267011237719156
outer,19.178426377040623,298.60584809462586,-0.0025714756546665746,0.2014332252948861,-0.010866760912938915
outer,19.20569222445769,298.5219028182334,-0.0025415935750435145,0.1994130039340715,-0.011461037021676834
outer,19.41778123455992,298.7730695018226,-0.002439697730860252,0.194220865577434,-0.009421223580783768
outer,19.44435215761869,298.6895681562812,-0.0024137726795162018,0.1923115728894232,-0.010012201183632115
outer,19.47090133982332,298.60584809462586,-0.002387691237462748,0.19041581887342773,-0.010597940692177135
outer,19.49743027244532,298.5219028182334,-0.0023614279917239245,0.18853351087231035,-0.011178476391948564
outer,19.711731755822175,298.77306950182253,-0.0022614290148430805,0.18318708335722303,-0.009175758103893927
outer,19.737564597684827,298.6895681562812,-0.002238721544322121,0.18141202141699742,-0.009752027528325762
outer,19.76337630260602,298.6058480946259,-0.0022156855291254884,0.17964921787719385,-0.010323321151158103
outer,19.789168320432953,298.5219028182334,-0.0021923007822616386,0.17789859372325798,-0.010889668108149779
outer,20.00568227708438,298.7730695018225,-0.0020949622029477824,0.17242648173638836,-0.008926320459240647
outer,20.030777037751015,298.6895681562812,-0.0020747986452029146,0.17077948952460273,-0.009487528115577522
outer,20.05585126538872,298.60584809462586,-0.0020541686429403558,0.1691435939780635,-0.010044009123558573
outer,20.08090636842059,298.52190281823334,-0.0020330560655856603,0.16751872732367845,-0.010595788239993499
outer,20.299632798346583,298.77306950182253,-0.0019390210438716485,0.16194688311009553,-0.008673644492543507
outer,20.323989477817154,298.6895681562812,-0.0019208511221826194,0.16042210865404272,-0.009219492441966542
outer,20.348326228171366,298.60584809462586,-0.0019021045342122872,0.15890737273243738,-0.009760850344962442
outer,20.37264441640817,298.52190281823334,-0.0018827682467313298,0.1574026168854003,-0.010297739233385832
outer,20.593583319608836,298.77306950182253,-0.0017925674755503024,0.1517547871865546,-0.008418291119764637
outer,20.61720191788329,298.6895681562812,-0.001775941681138038,0.15034665925367163,-0.008948526193016164
outer,20.640801190954065,298.60584809462586,-0.0017586511175784608,0.14894760277883923,-0.00947449593107768
outer,20.664382464395853,298.52190281823334,-0.0017406850661966997,0.1475575670662133,-0.009996218189383746
outer,20.88753384087104,298.77306950182253,-0.0016547482924512552,0.14185565520300703,-0.008160688715760457
outer,20.910414357949424,298.6895681562812,-0.001639298477884743,0.1405588570778899,-0.008675093189117751
outer,20.933276153736763,298.60584809462586,-0.0016231132905453471,0.1392702438283799,-0.00918544579703396
outer,20.956120512383485,298.52190281823334,-0.0016061837091729952,0.1379897712514618,-0.009691761677554984
outer,21.181484362133244,298.77306950182253,-0.0015248529621271698,0.13225413527139107,-0.007901158129589646
outer,21.203626798015563,298.6895681562812,-0.0015102761047531138,0.13106358117785832,-0.008399541563332787
outer,21.22575111651941,298.60584809462586,-0.0014949070070416001,0.12988039690684344,-0.008894075963886219
outer,21.247858560371068,298.5219028182333,-0.0014787378569778228,0.12870454370165635,-0.009384774136551519
outer,21.4754348833955,298.77306950182253,-0.0014022809690899182,0.12295424714099126,-0.007639927413956218
outer,21.49683923808175,298.6895681562812,-0.0013883258921989078,0.12186506128419708,-0.008122119382495189
outer,21.51822607930211,298.60584809462586,-0.0013735323954754478,0.12078249405979058,-0.008600655065600836
outer,21.539596608358703,298.52190281823334,-0.0013578934924952518,0.11970651128474719,-0.009075545265718844
outer,21.769385404657704,298.77306950182253,-0.0012865170333724828,0.11395953932336346,-0.007377140054067172
outer,21.790051678147886,298.6895681562812,-0.001272973737388005,0.11296703722204207,-0.007842983588732609
outer,21.81070104208481,298.60584809462586,-0.0012585540822328267,0.11198045978141799,-0.00830535401313831
outer,21.831334656346336,298.52190281823334,-0.001243251622023201,0.11099977664078808,-0.008764260414037967
outer,22.063335925919958,298.7730695018225,-0.0011771127053424174,0.10527322717518964,-0.007112859451429119
outer,22.08326411821402,298.68956815628115,-0.00116380392913756,0.10437289876376891,-0.007562205062115152
outer,22.10317600486751,298.60584809462586,-0.0011495871554821659,0.10347785239750146,-0.008008251662928331
outer,22.123072704333968,298.52190281823334,-0.0011344562560316324,0.10258806090221832,-0.008451006878098903
outer,22.35728644718216,298.77306950182253,-0.0010736729798765492,0.09689831740271966,-0.00684707158526849
outer,22.37647655828016,298.6895681562812,-0.001060447641406479,0.09608581128841447,-0.007279771792582983
outer,22.395650967650155,298.60584809462586,-0.0010462874240561339,0.095277990727791,-0.007709338521742392
outer,22.414810752321603,298.5219028182334,-0.0010311863555275275,0.09447483117733019,-0.00813577816542925
outer,22.651236968444366,298.7730695018225,-0.0009758469115306589,0.08883772219659489,-0.006579687124079126
outer,22.669688998346295,298.6895681562812,-0.00096257508038608,0.08810883048165832,-0.006995591470508204
outer,22.688125930432854,298.6058480946258,-0.0009483450191758447,0.08738406921738001,-0.007408519839178729
outer,22.706548800309236,298.52190281823334,-0.0009331507920148745,0.08666341601135136,-0.007818477604422357
outer,22.94518748970662,298.7730695018225,-0.0008833211869961229,0.08109436464871822,-0.00631054382224467
outer,22.962901438412484,298.68956815628115,-0.0008698902561513969,0.08044500780533227,-0.00670949434434541
outer,22.980600893215552,298.60584809462586,-0.0008554802964469976,0.07979926336913613,-0.007105618954877779
outer,22.998286848296868,298.52190281823334,-0.0008400853183626635,0.07915711069149894,-0.007498922212251485
outer,23.239138010968823,298.77306950182253,-0.0007958158983950719,0.0736712759916156,-0.006039409679820258
outer,23.25611387847862,298.68956815628115,-0.0007821276800434838,0.0730974873277857,-0.0064212368539471425
outer,23.2730758559982,298.6058480946258,-0.0007674413970862708,0.07252682610989719,-0.006800381422986973
outer,23.290024896284503,298.52190281823334,-0.0007517509550960567,0.07195927307445232,-0.007176847326518774
outer,23.533088532231076,298.7730695018225,-0.0007130817702956233,0.06657168446946732,-0.005765987098628328
outer,23.549326318544757,298.68956815628115,-0.0006990503140805807,0.06606959376277544,-0.0061305062769721475
outer,23.5655508187809,298.6058480946258,-0.0006840028895342444,0.06557017494507955,-0.006492480168302351
outer,23.581762944272135,298.52190281823334,-0.0006679332644938009,0.06507340984056213,-0.0068519122825891204
outer,23.82703905349328,298.7730695018225,-0.0006348984984738404,0.0597990951625849,-0.005489918109625619
outer,23.842538758610893,298.68956815628115,-0.0006204484334020807,0.059364911141175786,-0.005836926477472974
outer,23.858025781563597,298.6058480946258,-0.0006049651208641788,0.0589329694605296,-0.006181521767275103
outer,23.873500992259768,298.5219028182333,-0.0005884421759019022,0.05850325278975251,-0.0065237072461301095
outer,24.120989574755537,298.7730695018225,-0.0005610737734077255,0.05335735977910045,-0.005210790659234597
outer,24.13575119867708,298.6895681562812,-0.0005461390292950154,0.052987351159418314,-0.005540064751681586
outer,24.1505007443463,298.6058480946258,-0.0005301539794803391,0.052619178215382034,-0.005867053871171049
outer,24.165239040247403,298.52190281823334,-0.0005131120840756002,0.05225282427632623,-0.006191761223873642
outer,24.41494009601774,298.7730695018225,-0.0004914425868708071,0.047250735170486294,-0.004928145931067855
outer,24.428963638743166,298.68956815628115,-0.00047596538537548853,0.04694120998349418,-0.005239439765836473
outer,24.442975707128944,298.60584809462586,-0.00045942071330636394,0.04663313384807842,-0.00554857377541519
outer,24.456977088234986,298.5219028182333,-0.0004418019044349006,0.046326490606686754,-0.005855551282371731
outer,24.708890617279945,298.7730695018225,-0.0004258665947364307,0.04148392927332931,-0.004641486750196959
outer,24.722176078809355,298.6895681562812,-0.00040979662294864973,0.041231212211301195,-0.004934530666592057
outer,24.735450669911643,298.60584809462574,-0.0003926416654807703,0.04097957505409745,-0.005225538242343687
outer,24.748715136222668,298.5219028182333,-0.00037439497477731454,0.04072900206032885,-0.005514513094397443
outer,25.00284113854215,298.7730695018225,-0.0003642333775726817,0.03606213244192304,-0.004350287294720626
outer,25.01538851887549,298.68956815628115,-0.00034752710198035844,0.03586253990556304,-0.004624787605267687
outer,25.02792563269434,298.6058480946258,-0.0003297178356871759,0.03566367331388429,-0.004897374867493549
outer,25.04045318421025,298.5219028182333,-0.0003107988000881721,0.03546551731025213,-0.005168053167434625
outer,25.296791659804402,298.7730695018225,-0.0003064555079234123,0.030991031447855606,-0.004054004647431837
outer,25.30860095894163,298.68956815628115,-0.00028907564606583426,0.03084084387703341,-0.004309644291190294
outer,25.32040059547699,298.6058480946258,-0.00027057424717141614,0.030691041512729778,-0.004563495667373569
outer,25.332191232197886,298.52190281823334,-0.0002509445835912824,0.030541609396619797,-0.004815563502002932
outer,25.590742181066606,298.7730695018225,-0.0002524692171980616,0.02627680210594028,-0.0037520932992619084
outer,25.601813399007764,298.6895681562812,-0.0002343844146340448,0.026172233086754485,-0.00398853381668964
outer,25.612875558259688,298.60584809462586,-0.00021515907085975158,0.026067720141211573,-0.004223314259456117
outer,25.623929280185518,298.52190281823334,-0.00019478661700430937,0.02596324878225227,-0.004456440164098564
outer,25.88469270232881,298.7730695018225,-0.0002022326952388475,0.02192607409289711,-0.0034440247379576203
outer,25.895025839073902,298.68956815628115,-0.000183417556548578,0.02186323556069171,-0.003660910055396125
outer,25.905350521042386,298.6058480946258,-0.0001634426928947795,0.021800134358852447,-0.0038762691282314527
outer,25.91566732817315,298.5219028182333,-0.00014230183157296246,0.021736756614836185,-0.0040901084681876695
outer,26.178643223591063,298.7730695018225,-0.00015572416694463985,0.0179458574964503,-0.003129315870297615
outer,26.188238279140087,298.68956815628115,-0.00013615998840567183,0.017920720122449725,-0.0033262786789814897
outer,26.19782548382509,298.6058480946258,-0.00011541728214529805,0.017895011010805324,-0.00352185731419613
outer,26.207405376160786,298.5219028182333,-9.349025621611506e-05,0.017868717124116817,-0.003716059416158248
outer,26.472593744853267,298.7730695018225,-0.00011293994734036354,0.014343413843463881,-0.002807572667849044
outer,26.481450719206226,298.68956815628115,-9.261674411885357e-05,0.014351761527278396,-0.0029842446799718393
outer,26.490300446607733,298.6058480946258,-7.109757164465089e-05,0.014359238047164633,-0.003159685901418151
outer,26.499143424148418,298.5219028182333,-4.8377358127892414e-05,0.014365831522318072,-0.003333905242292891
outer,26.76654426611552,298.7730695018225,-7.389298149622966e-05,0.011126043756177359,-0.00247855994794763
outer,26.77466315927236,298.6895681562812,-5.28138599500275e-05,0.01116342104726497,-0.002634588067103541
outer,26.78277540939043,298.6058480946258,-3.052433810063308e-05,0.011199638301777913,-0.002789553739265255
outer,26.79088147213605,298.5219028182333,-7.020378133144531e-06,0.011234685241770712,-0.002943467253506013
outer,27.060494787377724,298.7730695018225,-3.861312409509819e-05,0.008300745628429512,-0.0021423158337922836
outer,27.0678755993385,298.6895681562812,-1.680308349567101e-05,0.008362396882529356,-0.0022773875008909243
outer,27.07525037217313,298.60584809462586,6.226051590542403e-06,0.008422612081025044,-0.0024115843763894453
outer,27.082619520123686,298.5219028182333,3.047690593157692e-05,0.008481383190664217,-0.0025449181696350163
outer,27.35444530863998,298.7730695018225,-7.152875217774409e-06,0.005873670179664214,-0.0017993426793818802
outer,27.361088039404635,298.68956815628115,1.5324096821216996e-05,0.005954469973364244,-0.0019132256680073616
outer,27.367725334955832,298.60584809462586,3.901891527772431e-05,0.006033575208247747,-0.00202644590839532
outer,27.374357568111318,298.5219028182333,6.393235964920587e-05,0.006110980988360373,-0.0021390164370109236
outer,27.648395829902185,298.7730695018225,2.0394160897221295e-05,0.0038492494343218575,-0.0014509292994085632
outer,27.654300479470823,298.68956815628115,4.340401440299912e-05,0.003943627122697752,-0.001543533963955809
outer,27.660200297738477,298.6058480946258,6.761399036558577e-05,0.00403607750010579,-0.0016357179452771036
outer,27.66609561609895,298.5219028182333,9.302229850128305e-05,0.004126599792650098,-0.0017274953463839214
outer,27.94234635116439,298.7730695018225,4.3854710678735117e-05,0.0022288092132526777,-0.001099698024190709
outer,27.94751291953696,298.68956815628115,6.713422531454821e-05,0.002330672894632694,-0.001171175076303611
outer,27.952675260521175,298.6058480946258,9.156717254355223e-05,0.002430414373190504,-0.0012425098604387616
outer,27.957833664086586,298.5219028182333,0.00011714801501796178,0.00252803826366629,-0.0013137170753588097
outer,28.236296872426642,298.7730695018225,6.285528432682815e-05,0.001008314255864131,-0.0007505520777382072
outer,28.240725359603097,298.68956815628115,8.587592939531853e-05,0.0011109768223725334,-0.0008014534140972987
outer,28.245150223303877,298.6058480946258,0.00010995172707699318,0.0012113809054588812,-0.0008525338762418317
outer,28.249571712074165,298.52190281823334,0.00013507390800836466,0.0013095402147348411,-0.000903807181142414
outer,28.530247393688846,298.7730695018225,7.626111352018223e-05,0.00017455220479478786,-0.0004124129973028294
outer,28.533937799669232,298.68956815628115,9.793649639746184e-05,0.00027072030980742137,-0.00044395862030415824
outer,28.537625186086522,298.6058480946258,0.00012049927190787516,0.00036460698486905476,-0.00047604513957130777
outer,28.5413097600618,298.5219028182333,0.0001439433930800737,0.0004562417455343477,-0.0005086804453298977
outer,28.8241979149511,298.7730695018225,8.053771886948338e-05,-0.00030093919052582847,-0.00010144950352737473
outer,28.827150239735367,298.6895681562812,9.883178738847517e-05,-0.00021879637440908552,-0.0001158874561396634
outer,28.83010014886922,298.6058480946258,0.00011780284486626277,-0.00013873161582853485,-0.0001312280058817511
outer,28.833047808049432,298.52190281823334,0.00013745507685559692,-6.0701080532102654e-05,-0.00014746558615056287
outer,29.118148436213303,298.7730695018225,6.804140119891135e-05,-0.0004690132071102719,0.00015386514339741795
outer,29.120362679801506,298.68956815628115,7.984025359869537e-05,-0.0004073560930933548,0.00015300764747930024
outer,29.12257511165192,298.60584809462586,9.212913698560375e-05,-0.0003472531990286131,0.000150987678909072
outer,29.124785856037064,298.5219028182333,0.00010491894284005897,-0.00028867051431645063,0.00014782640949366501
outer,29.412098957475507,298.7730695018225,3.219414510725031e-05,-0.00040685075101565336,0.00030807465449112507
outer,29.413575119867694,298.6895681562812,3.3661426755846686e-05,-0.00036882845854782756,0.00031611411126006056
outer,29.41505007443462,298.6058480946258,3.544340944620203e-05,-0.0003316289759398025,0.00032295554322944026
outer,29.4165239040247,298.52190281823334,3.7546726139239784e-05,-0.00029525653543972693,0.000328624070242176
outer,29.70604947873776,298.7730695018225,-5.465323474602643e-06,-0.00021791628853427876,0.0003009827894739648
outer,29.70678755993383,298.6895681562812,-1.8841090451739975e-05,-0.00020145720019644467,0.0003122014511461506
outer,29.707525037217266,298.6058480946258,-3.226833061320997e-05,-0.00018522902230526817,0.0003224719467586548
outer,29.708261952012332,298.5219028182333,-4.573008218231882e-05,-0.00016926017425232637,0.0003318060970651911
outer,29.999999999999964,298.6895681562812,-4.023855441731642e-05,-0.0001001392820049712,0.0002602984561325182
outer,29.999999999999964,298.7730695018225,-1.824595496607563e-05,-0.00010701943206928759,0.0002489755230985633
outer,29.999999999999964,298.6058480946258,-6.255492385640683e-05,-9.327928138191363e-05,0.000270872500295048
outer,29.999999999999964,298.52190281823334,-8.516333664794552e-05,-8.646810340805508e-05,0.00028069887681783705
