radius_мм,relative_angle_deg,sigma_rr_mpa,sigma_tt_mpa,radial_displacement_мм
249.99999999999997,-4.579998741307465e-13,-2.460573286339698,0.25338934589807505,9.999999999999938
250.00000000000003,-0.18750000000043363,-2.4601165910927256,0.2533762941933236,9.975195521729754
250.00000000000003,0.1874999999995685,-2.460116591091947,0.2533762941934041,10.025575618965993
250.41663769630975,-4.579998741307465e-13,-2.460354794934996,0.25490023503983605,9.927024272112702
250.41663769630975,0.18749969303985975,-2.4598974112345298,0.25488544327906826,9.952612541783292
250.4166376963098,-0.18749969304077574,-2.4598974112348757,0.2548854432792221,9.902232527024912
250.8331019374152,-4.579998741307465e-13,-2.459913889928531,0.25780030057179804,9.854015172247083
250.83310193741522,-0.18749793621203523,-2.459455169019202,0.2577821085026311,9.829236467815804
250.83310193741522,0.18749793621111924,-2.459455169018801,0.25778210850286204,9.879616010526783
251.24922002689036,-4.579998741307465e-13,-2.459466333508053,0.26045882786184843,9.781009347757173
251.24922002689036,-0.18749371214774344,-2.459006356378289,0.2604373942858425,9.75624411160876
251.24922002689038,0.18749371214682745,-2.459006356377593,0.2604373942865457,9.806622519343678
251.66482070309164,0.18748614821219087,-2.4585533014156664,0.26285517681317816,9.733668227377017
251.66482070309164,-4.579998741307465e-13,-2.459014450711774,0.26287969460956123,9.708043091451527
251.66482070309166,-0.18748614821305598,-2.4585533014156167,0.2628551768130333,9.683291852017573
252.07973483671594,-4.579998741307465e-13,-2.45856044398043,0.2650669771558995,9.635152201904456
252.07973483671594,0.18747445727687048,-2.458098209168351,0.26503953077682685,9.660788810973546
252.07973483671597,-0.18747445727778647,-2.4580982091681665,0.2650395307765457,9.610415576885337
252.49379611001342,-4.579998741307465e-13,-2.4581063910740713,0.2670249352749576,9.562371847991164
252.49379611001345,-0.18745791640144874,-2.4576431596491433,0.2669947141612015,9.537650535677665
252.49379611001345,0.18745791640058362,-2.4576431596487884,0.26699471416215764,9.588019325349935
252.90684167199825,-0.1874358562915245,-2.4571901056244805,0.26872515243035705,9.465031210831432
252.90684167199825,-4.579998741307465e-13,-2.4576542427936463,0.26875799636513803,9.489736438786966
252.90684167199828,0.1874358562906085,-2.4571901056247865,0.268725152430633,9.515394073108906
253.3187121450822,-4.579998741307465e-13,-2.457205821048116,0.27027073991881306,9.417279608850528
253.3187121450822,0.18740765537119455,-2.456740870715122,0.27023542298664643,9.442946588754983
253.31871214508223,-0.18740765537211057,-2.4567408707145617,0.2702354229868797,9.392591303864174
253.7292536061737,-4.579998741307465e-13,-2.4567628174562994,0.271567882184297,9.345033857558535
253.72925360617373,-0.18737273600455479,-2.456297148009118,0.2715302398359247,9.32036337531707
253.72925360617373,0.1873727360036388,-2.456297148009122,0.2715302398358535,9.370709277621936
254.13831711924055,-4.579998741307465e-13,-2.45632679323324,0.2726542586053426,9.27303062049967
254.13831711924058,-0.1873305620690132,-2.455860499965074,0.2726144360266825,9.248378916501109
254.13831711924058,0.18733056206814808,-2.4558604999649445,0.2726144360265516,9.298713486969156
254.54575946176718,-4.579998741307465e-13,-2.4558991804584602,0.27353480519448964,9.201300132476675
254.5457594617672,0.18728063717926818,-2.4554323596866454,0.27349294502947935,9.226989368811
254.5457594617672,-0.1872806371801333,-2.4554323596868524,0.2734929450294877,9.176668212805888
254.9514416304846,0.18722250359833756,-2.455014032098154,0.27417078432602776,9.155566135266001
254.9514416304846,-4.579998741307465e-13,-2.4554812832433814,0.2742145421183304,9.12987168300507
254.95144163048462,-0.18722250359920267,-2.4550140320986755,0.27417078432558867,9.105260599341122
255.35523356143196,0.18715574050565742,-2.4546066955686943,0.2746530395361311,9.084471221408421
255.35523356143196,-0.1871557405065734,-2.4546066955691965,0.27465303953553166,9.034183624252355
255.35523356143196,-4.579998741307465e-13,-2.4550742793504785,0.27469855782288466,9.058772779201188
255.75700990902993,-4.579998741307465e-13,-2.454679223437919,0.2749919911312728,8.988029884341245
255.75700990902993,-0.1870799635628474,-2.454211405162934,0.27494484652516354,8.963463787246429
255.75700990902996,0.18707996356193138,-2.454211405163187,0.2749448465252434,9.013731023675822
256.1566537447912,-0.18699482333121928,-2.453829096756962,0.2750513746577817,8.89312588566577
256.1566537447912,-4.579998741307465e-13,-2.4542970511705033,0.27510001448454563,8.917667763564134
256.15665374479124,0.1869948233303033,-2.453829096758046,0.2750513746572699,8.943370245519416
256.5540519693791,-4.579998741307465e-13,-2.453928582940142,0.2750278185500518,8.847710289926807
256.55405196937915,-0.18690000524826644,-2.453460590767822,0.27497781140904515,8.823193820439721
256.55405196937915,0.18690000524735043,-2.4534605907696623,0.27497781140792765,8.873412703347565
256.94910273447357,-4.579998741307465e-13,-2.453574527686512,0.2747805967227243,8.778179137425132
256.9491027344736,-0.18679522694235956,-2.453106595979535,0.2747293468751553,8.753689289738631
256.9491027344736,0.18679522694149445,-2.4531065959801825,0.27472934687511325,8.803880019459298
257.3417090071033,-0.18668023855477156,-2.452767715320442,0.2743111592390693,8.684632922714016
257.3417090071033,-4.579998741307465e-13,-2.453235488670363,0.2743635305753657,8.709094914950008
257.34170900710336,0.18668023855385554,-2.4527677153205,0.2743111592395431,8.73479275587081
257.7317811315221,-4.579998741307465e-13,-2.4529119689825887,0.27378177631822925,8.640476717297735
257.73178113152215,-0.18655482103729193,-2.452444451381955,0.2737284012404961,8.61604383084911
257.73178113152215,0.18655482103637594,-2.452444451383134,0.2737284012398862,8.666169965208622
258.1192369046974,-4.579998741307465e-13,-2.452604376459092,0.2730404516755686,8.572342115064265
258.11923690469746,-0.18641878486382235,-2.4521372113449966,0.2729861870575514,8.547939598054766
258.11923690469746,0.18641878486290636,-2.452137211345734,0.27298618705722855,8.59802918045918
258.5040016112294,-4.579998741307465e-13,-2.4523130298082867,0.27214462494673913,8.504707152699734
258.5040016112294,0.18627196866680915,-2.4518463131094532,0.27208958138591816,8.530386412863553
258.50400161122946,-0.18627196866767426,-2.451846313108709,0.2720895813863501,8.480336278930166
258.886005613649,-4.579998741307465e-13,-2.452038164471593,0.27109930468929616,8.437586776929976
258.88600561364905,-0.18611423884351616,-2.451571991162303,0.2710435891322818,8.4132488271828
258.88600561364905,0.18611423884260017,-2.4515719911627873,0.2710435891319852,8.463256580230297
259.2651881119964,-0.18594548669601904,-2.4513144018127884,0.2698531435175488,8.346690440958595
259.2651881119964,-4.579998741307465e-13,-2.4517799378405645,0.26990942781720534,8.370994181571646
259.26518811199645,0.18594548669510305,-2.451314401812817,0.26985314351754475,8.396652851499622
259.6414948060751,-4.579998741307465e-13,-2.4515384352018375,0.2685798502535902,8.304941224959503
259.64149480607523,-0.18576562780776565,-2.4510736291374906,0.2685230967461854,8.280672980293232
259.64149480607523,0.18576562780684966,-2.451073629138062,0.26852309674561275,8.330587064024776
260.0148780096389,-4.579998741307465e-13,-2.4513136764086534,0.2671153442050941,8.239438416771744
260.01487800963895,-0.18557460050067628,-2.4508496916643008,0.2670582172888229,8.215206954156468
260.01487800963895,0.18557460049981117,-2.4508496916641693,0.26705821728886187,8.265069710202942
260.38529231358376,-0.1853723667254445,-2.450642547541025,0.2654631818809026,8.150302287760988
260.38529231358376,-4.579998741307465e-13,-2.4511056210463806,0.26552059014658835,8.174495685579966
260.38529231358376,0.18537236672457938,-2.4506425475407525,0.2654631818809626,8.200110705023128
260.7527042315015,-0.18515890544435495,-2.4504520991084355,0.2637425626742768,8.08596663972719
260.7527042315015,-4.579998741307465e-13,-2.450914172983846,0.26380016397046335,8.110120694836816
260.7527042315015,0.18515890544348984,-2.4504520991086096,0.263742562673762,8.135717701452952
261.1170830616506,-4.579998741307465e-13,-2.450739186563342,0.261958537357981,8.046320453654193
261.11708306165065,-0.1849342158456792,-2.4502781990883142,0.2619008276240302,8.022207012158164
261.11708306165065,0.18493421584476322,-2.450278199087928,0.26190082762388245,8.071897701377289
261.4784031137669,-4.579998741307465e-13,-2.4505804721167457,0.2600000794405835,7.9831009337236765
261.47840311376694,-0.18469831483831464,-2.45012065610667,0.2599423421584591,7.959029367961921
261.47840311376694,0.18469831483744953,-2.450120656106865,0.25994234215765466,8.008656672247339
261.8366428706905,-0.18445123621389906,-2.4499792386037527,0.2578713564480657,7.896438785360642
261.8366428706905,-4.579998741307465e-13,-2.4504377998572497,0.2579290440661571,7.920467223740412
261.8366428706906,0.18445123621298304,-2.449979238603291,0.25787135644776094,7.945999701364732
262.1917909907919,-4.579998741307465e-13,-2.4503109047346676,0.2557495688330052,7.858422488715349
262.19179099079196,-0.18419302486954944,-2.449853679691561,0.2556920044542591,7.834438418136453
262.19179099079196,0.18419302486863345,-2.4498536796893116,0.25569200445554646,7.883929954575036
262.5438328852589,-0.18392374487283267,-2.4497436819163254,0.25340830785516416,7.773031848190156
262.5438328852589,-4.579998741307465e-13,-2.450199491191913,0.25346567901445277,7.796970323995445
262.5438328852589,0.18392374487191665,-2.4497436819151375,0.2534083078555041,7.822451030993394
262.8927661176186,-0.18364346686753216,-2.4496489209016086,0.25102416727134513,7.712220405421027
262.8927661176186,-4.579998741307465e-13,-2.450103236793074,0.2510812787740695,7.736112073042516
262.8927661176186,0.18364346686666705,-2.449648920901,0.25102416727128274,7.761564279500439
263.23858694286923,-0.18335227678251567,-2.4495690495468767,0.24854337059688802,7.652005524676957
263.23858694286923,-4.579998741307465e-13,-2.450021796423832,0.24860015949396352,7.675849185928622
263.2385869428693,0.18335227678165056,-2.4495690495457234,0.2485433705975382,7.701271158032393
263.5812957477881,-4.579998741307465e-13,-2.44995480573252,0.2460260001665302,7.616182276387128
263.58129574778815,-0.1830502706338946,-2.449503701478708,0.24596959339569407,7.592387803640057
263.58129574778815,0.18305027063297857,-2.4495037014779104,0.24596959339618513,7.641572290070108
263.9208983103386,-4.579998741307465e-13,-2.449901884089763,0.24336235782457513,7.557110910744106
263.92089831033866,-0.1827375519898929,-2.4494524940200737,0.24330638934065796,7.533366792113752
263.92089831033866,0.18273755198902777,-2.4494524940200066,0.24330638934062268,7.582467253244909
264.25740269521805,-4.579998741307465e-13,-2.4498626378025556,0.2406126695403667,7.498634156117597
264.2574026952181,-0.18241423340881407,-2.4494150314114442,0.24055719221469068,7.474941539934384
264.25740269521816,0.18241423340794896,-2.4494150314122285,0.24055719221398408,7.523955127636582
264.5908219593565,-4.579998741307465e-13,-2.4498366629901422,0.23778025404204922,7.440750117376974
264.59082195935656,-0.18208043268797133,-2.4493909076937244,0.2377253175312577,7.4171101344836226
264.59082195935656,0.18208043268710622,-2.4493909076937093,0.23772531753128967,7.466034032278004
264.9211703501741,-4.579998741307465e-13,-2.449823548205656,0.23486832550281803,7.383456604851475
264.9211703501742,-0.1817362753718475,-2.4493797093261,0.23481397632435605,7.359870367951858
264.9211703501742,0.1817362753709824,-2.449379709325486,0.23481397632491752,7.408701793092322
265.2484616897321,-4.579998741307465e-13,-2.4498228765920946,0.23187999288100328,7.326751419485257
265.24846168973215,-0.18138189578401967,-2.4493810173482777,0.23182627449095766,7.303220022307251
265.24846168973215,0.18138189578315456,-2.4493810173481534,0.23182627449106863,7.351956228139327
265.5727169337931,-0.18101742797260342,-2.4493944094716316,0.22876519767525225,7.247155566791521
265.5727169337931,-4.579998741307465e-13,-2.449834227954344,0.22881824479780588,7.270631048964686
265.5727169337931,0.1810174279717383,-2.4493944094715867,0.2287651976752662,7.295793842678377
265.8939575620575,-4.579998741307465e-13,-2.4498571807401506,0.22568596242433536,7.215091820379113
265.89395756205755,0.18064301159829926,-2.449419462054586,0.22563362415527255,7.240210982451944
265.8939575620576,-0.18064301159916438,-2.4494194620539242,0.22563362415595248,7.191673309621206
266.2122055388484,-4.0711099922733015e-13,-2.4498913136446667,0.2224859312224004,7.160129911416718
266.2122055388485,0.18025879141018633,-2.4494557517025446,0.2224343365862922,7.185203844797676
266.2122055388485,-0.18025879141105144,-2.4494557517022497,0.22243433658659145,7.136769409241524
266.5274853000133,-4.0711099922733015e-13,-2.4499362071452344,0.2192208330734156,7.1057410119921895
266.5274853000133,0.1798649141678105,-2.449502856821035,0.21917001412609535,7.130768139888736
266.5274853000133,-0.1798649141687265,-2.4495028568210238,0.2191700141260749,7.082439536392297
266.83982359605244,-4.0711099922733015e-13,-2.4499914449810656,0.21589324280184854,7.0519203572366695
266.8398235960525,0.17946152789958084,-2.449560359099893,0.21584322896353292,7.076899123601154
266.8398235960525,-0.17946152790044595,-2.449560359100245,0.21584322896326605,7.028678907175537
267.1492493376292,-4.0711099922733015e-13,-2.4500566150406518,0.21250564839523411,6.998662759820323
267.1492493376292,-0.17904878120610102,-2.449627844391624,0.2124564665368642,6.975482315449314
267.1492493376292,0.1790487812052359,-2.449627844390185,0.21245646653801398,7.023591629720584
267.4557868542361,-4.0711099922733015e-13,-2.450131310548218,0.20906044639990395,6.945963773731162
267.4557868542361,0.1786268318194234,-2.44970490389633,0.20901212093351812,6.970841234738549
267.4557868542362,-0.17862683182028852,-2.4497049038966847,0.20901212093336985,6.922845295323121
267.7594715851278,0.1781958246021093,-2.44979113518739,0.20551248901317862,6.918641560965899
267.7594715851278,-4.0711099922733015e-13,-2.4502151310573104,0.205559936050514,6.893817000087283
267.75947158512787,-0.17819582460297442,-2.4497911351868726,0.20551248901367775,6.870761430185144
268.060328306888,-4.0711099922733015e-13,-2.450307682974418,0.20200633662017314,6.842217833454402
268.06032830688804,0.17775592109534527,-2.4498861427012155,0.20195978776036175,6.866988026434039
268.06032830688804,-0.17775592109621036,-2.4498861427012866,0.2019597877601131,6.819226094661718
268.35839312604804,-4.0711099922733015e-13,-2.4504085807000884,0.19840177200672363,6.791159688757277
268.3583931260481,-0.1773072678859094,-2.449989538910771,0.19835613887562542,6.768232686128619
268.3583931260481,0.17730726788504428,-2.4499895389099753,0.19835613887657866,6.815874067905212
268.6536969379764,-4.0711099922733015e-13,-2.4505174467880346,0.19474828633928856,6.74063684418164
268.65369693797646,-0.17685001979602824,-2.45010094447036,0.1947035843733358,6.717775464213743
268.6536969379765,0.17685001979516313,-2.4501009444710307,0.19470358437290144,6.765293986607252
268.9462719102792,-4.0711099922733015e-13,-2.450633912195644,0.19104785626665122,6.690643331243064
268.9462719102793,-0.1763843302327088,-2.450219988463993,0.19100409886861336,6.667848442256241
268.9462719102793,0.1763843302318437,-2.4502199884650584,0.19100409886778089,6.715241837098341
269.23615137952794,-0.1759103507765563,-2.450346309337063,0.1872595726883666,6.618445408885263
269.23615137952794,0.17591035077574207,-2.450346309336308,0.1872595726891767,6.665711448736111
269.23615137952794,-4.0711099922733015e-13,-2.4507576172044647,0.1873023740612193,6.6411729563283615
269.52336975108386,-4.0711099922733015e-13,-2.4508882116509145,0.1835136536009659,6.592219321493342
269.5233697510839,-0.17542823080931855,-2.450479555130608,0.1834718178469573,6.569559948851051
269.5233697510839,0.17542823080850434,-2.4504795551300877,0.18347181784769834,6.616696446408477
269.807961205643,-4.0711099922733015e-13,-2.451025354351831,0.17968345481567408,6.543776048035431
269.80796120564304,0.17493811926013775,-2.450619382891976,0.17964259248742148,6.568190474311995
269.80796120564304,-0.17493811926095196,-2.450619382891263,0.17964259248751252,6.521185666333886
270.0899555657418,-4.0711099922733015e-13,-2.4511687141558394,0.17581346492339,6.495837480739267
270.08995556574183,-0.1744401717857671,-2.450765459734955,0.17577358211994626,6.473316888175074
270.08995556574183,0.17444017178490198,-2.4507654597354978,0.17577358212020858,6.520187901111046
270.36939388119316,-4.0711099922733015e-13,-2.4513179702290877,0.17190529194616166,6.448396040893453
270.3693938811932,0.17393452292249922,-2.4509174631487047,0.17186639314485422,6.472681169362662
270.3693938811933,-0.1739345229233643,-2.4509174631486825,0.17186639314406965,6.425946020781912
270.64630392270277,0.17342132936074212,-2.451075079845698,0.16792258879051547,6.425664968005948
270.64630392270277,-4.0711099922733015e-13,-2.451472810946628,0.16796050067026047,6.401446393225115
270.6463039227028,-0.17342132936160723,-2.4510750798450354,0.1679225887902334,6.37906771099272
270.9207235043247,-4.0711099922733015e-13,-2.4516329352040387,0.1639805837656873,6.3549814865230845
270.9207235043247,0.17290072786231156,-2.4512380071122917,0.16394366025294446,6.379132267549891
270.92072350432477,-0.17290072786317667,-2.4512380071110855,0.16394366025296367,6.332674892569454
271.1926869779569,-0.17237285936364127,-2.4514059524486207,0.1599310330922041,6.286761078248126
271.1926869779569,-4.0711099922733015e-13,-2.4517980520687006,0.15996696819527503,6.308994849065361
271.19268697795695,0.17237285936282704,-2.451405952448155,0.1599310330938679,6.333076618598759
271.46222769910753,-4.0711099922733015e-13,-2.4519678798631976,0.1559210420578857,6.263480170377991
271.4622276991076,-0.1718378645812741,-2.4515786326404747,0.1558860940724152,6.2413199421064816
271.4622276991076,0.17183786458045988,-2.451578632640346,0.1558860940737534,6.287491733040205
271.7293794672979,-4.0711099922733015e-13,-2.4521421468405418,0.15184413742122504,6.218431059065215
271.729379467298,-0.17129588109190938,-2.451755774440826,0.15181017399719807,6.196345077789513
271.729379467298,0.17129588109109517,-2.451755774442722,0.15181017399653454,6.242371241484721
271.9941764696976,-4.0711099922733015e-13,-2.452320591325287,0.14773752670391635,6.173841054440559
271.9941764696976,0.17074704316930397,-2.4519371147236755,0.1477045440884251,6.197708704864728
271.99417646969766,-0.1707470431701691,-2.451937114723918,0.14770454408730121,6.151830010151096
272.2566532270617,0.17019148164926415,-2.452122399743891,0.14357043061629468,6.153497625508878
272.2566532270617,-4.0711099922733015e-13,-2.4525029609887317,0.14360243730826433,6.129703637630018
272.25665322706175,-0.17019148165007839,-2.45212239974457,0.14357043061489733,6.107768206365821
272.51684132544204,-0.16962933082437567,-2.45231138457547,0.13940902701286176,6.064153625301388
272.51684132544204,-4.0711099922733015e-13,-2.452689012290085,0.1394400637398279,6.0860127818888845
272.5168413254421,0.16962933082356146,-2.4523113845745828,0.13940902701436636,6.1097319983682565
272.7747733765338,-4.0711099922733015e-13,-2.4528785117406513,0.13525153973396686,6.042762286928288
272.77477337653386,-0.16906072012000875,-2.4525038343912566,0.1352214660094336,6.0209800529744655
272.77477337653386,0.16906072011919454,-2.4525038343897667,0.13522146601129226,6.066405644235551
273.030485707274,-0.16848576762272893,-2.4526995235943687,0.1310088314767894,5.97824065595532
273.030485707274,-4.0711099922733015e-13,-2.4530712350371617,0.13103795010427466,5.999945331459295
273.03048570727407,0.1684857676219147,-2.452699523593956,0.13100883147730094,6.023511761409719
273.2840064670297,0.16790460664932777,-2.4528982345268107,0.12677218760379375,5.981044922074622
273.2840064670297,-4.0711099922733015e-13,-2.4532669657943282,0.1268003599353786,5.957556466023912
273.28400646702977,-0.167904606650142,-2.452898234527113,0.12677218760370207,5.935929970606396
273.53536983355576,-4.0711099922733015e-13,-2.453465497173793,0.12253977812885503,5.915589234275905
273.5353698335558,0.16731735391735836,-2.4530997591307235,0.122512542459257,5.938998689318208
273.5353698335558,-0.16731735391812166,-2.4530997591308346,0.12251254245951551,5.894041528655056
273.78460866529605,-4.0711099922733015e-13,-2.453666631106075,0.11825716606511341,5.874037405545139
273.7846086652961,-0.16672412574728776,-2.4533038981564825,0.11823085664989147,5.852569087561376
273.7846086652961,0.16672412574652443,-2.4533038981561197,0.11823085664976951,5.897366851854997
274.0317532571349,-0.16612504128198197,-2.4535104596870245,0.11392807488947733,5.81150683660733
274.0317532571349,-4.0711099922733015e-13,-2.4538701768305113,0.11395346918787663,5.832895181356843
274.03175325713494,0.16612504128121866,-2.4535104596866204,0.11392807488932165,5.8561436309800925
274.2768339684435,-4.0711099922733015e-13,-2.4540759514663746,0.10962960194121804,5.792156756850839
274.2768339684435,0.16552021640115958,-2.4537192597187887,0.10960511094319865,5.815323241166393
274.2768339684435,-0.16552021640197379,-2.4537192597187314,0.10960511094383288,5.770848959129814
274.51988119519484,-4.0711099922733015e-13,-2.454283780283772,0.10528643798034294,5.751816326511556
274.5198811951949,0.16490976367635515,-2.4539301224410335,0.10526283783783762,5.774899895782682
274.5198811951949,-0.1649097636771694,-2.453930122440414,0.10526283783899076,5.730589638250975
274.7609253433909,-4.0711099922733015e-13,-2.4544934965073586,0.10092481136402068,5.7118680895994025
274.76092534339097,-0.16429379233260005,-2.4541428800341567,0.1009020890544976,5.690723062308867
274.76092534339097,0.16429379233183672,-2.454142880035045,0.10090208905314488,5.734867812514923
274.99999680377374,-4.0711099922733015e-13,-2.454704941103472,0.09654551774046195,5.672306255291698
274.9999968037738,0.16367240822165474,-2.4543573724628516,0.09652365970606872,5.6952212184985935
274.9999968037738,-0.16367240822241808,-2.45435737246216,0.09652365970722039,5.651243429996816
275.23712592779066,-4.0711099922733015e-13,-2.454917961715474,0.09214933123891522,5.633125047541419
275.23712592779066,0.1630457138114748,-2.4545734463949986,0.09212832343459884,5.6559543551704925
275.23712592779066,-0.16304571381223815,-2.454573446395412,0.09212832343473677,5.61214495521987
275.47233967548374,-0.1624138171868246,-2.4547909544540913,0.08771684611774543,5.5734224193426325
275.47233967548374,-4.0711099922733015e-13,-2.4551324119194877,0.08773701819419297,5.594319258514867
275.4723396754838,0.16241381718606127,-2.4547909544535544,0.0877168461176731,5.61706203293671
275.70566572084107,-4.0711099922733015e-13,-2.455348153032329,0.08330930034157275,5.555883569405995
275.7056657208411,-0.16177682141630106,-2.4550097570405103,0.08328994908390998,5.535070493407868
275.7056657208411,0.16177682141553773,-2.455009757040703,0.08328994908317035,5.57853895053419
275.9371357029703,-4.0711099922733015e-13,-2.455565053044596,0.0788668646862846,5.517812017783821
275.93713570297035,0.1611348152397716,-2.4552297212760603,0.078848318969761,5.540379161090199
275.93713570297035,-0.16113481524053494,-2.455229721275279,0.0788483189708948,5.4970832066991795
276.1667728028704,-0.16048790740783062,-2.4554507195046122,0.07439264041779868,5.459455986628163
276.1667728028704,-4.0711099922733015e-13,-2.455782985163416,0.07441039620639855,5.480100041991195
276.16677280287047,0.16048790740706728,-2.4554507195047592,0.07439264041736719,5.502578121236153
276.39460658401345,-4.0711099922733015e-13,-2.456001829903472,0.06994053423074295,5.442742039624435
276.3946065840135,-0.15983618567493324,-2.4556726314278383,0.06992355246169392,5.422183222595253
276.3946065840135,0.1598361856741699,-2.455672631428316,0.0699235524609773,5.465130243952076
276.620664995582,-3.562221243239139e-13,-2.4562214736831427,0.06545788855072981,5.405732684509503
276.62066499558205,0.1591797387562658,-2.455895342687132,0.06544166463046149,5.428030218553659
276.62066499558205,-0.15917973875702912,-2.4558953426866115,0.0654416646311982,5.385259580079082
276.8449724666919,-3.562221243239139e-13,-2.456441806833591,0.06096308287630263,5.369067236601931
276.84497246669196,-0.15851866228062442,-2.456118742834649,0.06094760040265628,5.348680309762803
276.84497246669196,0.15851866227986108,-2.4561187428330427,0.06094760040387497,5.391273321418143
277.0675530556768,-3.562221243239139e-13,-2.4566627256775595,0.05645671317817082,5.332741024552475
277.06755305567685,0.15785305000531605,-2.4563427274475753,0.056441955547050074,5.35485489734074
277.06755305567685,-0.1578530500060285,-2.456342727448743,0.05644195554623486,5.3124407312489375
277.2884347294983,-3.562221243239139e-13,-2.456884133184781,0.051939325317633886,5.29674874906073
277.28843472949836,0.15718298078138013,-2.4565671988048825,0.05192527575768086,5.318769661075336
277.28843472949836,-0.15718298078209256,-2.456567198804038,0.05192527575862897,5.276535538105323
277.50764224147787,-3.562221243239139e-13,-2.457105937046579,0.04741145019213007,5.261085646297187
277.5076422414779,0.1565085397221392,-2.456792063920779,0.04739809179656456,5.283012863686738
277.5076422414779,-0.15650853972290255,-2.456792063918899,0.04739809179837362,5.24095995852727
277.7252002092877,-3.562221243239139e-13,-2.4573280489093676,0.042873619355913765,5.2257469847669995
277.7252002092877,0.15582980918681005,-2.4570172337840037,0.0428609351027708,5.2475797881655355
277.7252002092878,-0.1558298091875734,-2.4570172337834983,0.042860935103273434,5.2057092533760985
277.94113124515,-3.562221243239139e-13,-2.4575503847033677,0.03832635563703004,5.190728368668852
277.9411312451501,0.15514687472086358,-2.45724262368415,0.03831432841405609,5.212466053613014
277.9411312451501,-0.15514687472162692,-2.457242623684524,0.03831432841372017,5.170779018767661
278.15545873100154,-0.1544598164918344,-2.457468154504574,0.033758759322736566,5.136164736119907
278.15545873100154,-3.562221243239139e-13,-2.457772865917211,0.03377014668886701,5.156025286832957
278.15545873100154,0.15445981649112195,-2.457468154504693,0.0337587593226403,5.177667162987314
278.36820828206623,-0.15376870429793646,-2.45769375283179,0.02919467061494437,5.101861537876148
278.36820828206623,-3.562221243239139e-13,-2.4579954197015144,0.029205435327339737,5.121632877804981
278.3682082820663,0.15376870429717313,-2.4576937528323026,0.029194670614459652,5.143178267486364
278.57940390295164,-3.562221243239139e-13,-2.458217975088217,0.02463268774384147,5.0875465531226665
278.57940390295164,0.15307360979299564,-2.4579193471356264,0.024622528465824568,5.108994791526333
278.5794039029517,-0.15307360979370807,-2.45791934713586,0.024622528465673293,5.067864829199679
278.78906165599557,-3.562221243239139e-13,-2.4584404650175853,0.02005236884823461,5.053763015126498
278.78906165599557,0.15237462804333332,-2.4581448698000155,0.020042797783571084,5.075113453572187
278.7890616559956,-0.15237462804409665,-2.4581448698008197,0.020042797782839756,5.034171303012279
278.9972108276125,-3.562221243239139e-13,-2.458662827927398,0.01546489142177188,5.020276844648749
278.99721082761255,0.1516718072648354,-2.458370258763918,0.015455891383042616,5.041528843998653
278.99721082761255,-0.15167180726554785,-2.458370258762967,0.015455891383768126,5.000775536733274
279.20386759977265,-3.562221243239139e-13,-2.4588850058050653,0.010870656272840206,4.987084744001785
279.2038675997727,-0.15096523656163183,-2.458595455518486,0.010862210119641101,4.967674223967972
279.2038675997727,0.15096523656091937,-2.45859545551988,0.010862210118612915,5.008237680352482
279.40905912834717,-3.562221243239139e-13,-2.459106943004858,0.006270073592192066,4.954181662375988
279.4090591283472,-0.1502549648213416,-2.458820403946834,0.006262164249960694,4.934862310339002
279.4090591283472,0.15025496482062917,-2.458820403947642,0.006262164249450284,4.975234921392401
279.6127980530622,-3.562221243239139e-13,-2.4593285870090345,0.0016635508076358408,4.921564887985933
279.61279805306225,0.14954108821976542,-2.459045051054864,0.001656161277389851,4.942517871505803
279.61279805306225,-0.14954108822047787,-2.459045051054043,0.0016561612779661347,4.902337074392024
279.81511176197637,-3.562221243239139e-13,-2.4595498911022493,-0.0029485638398868324,4.889229355948686
279.8151117619764,0.14882364887243438,-2.459269349711605,-0.0029554504487595886,4.910081474362844
279.8151117619764,-0.1488236488731468,-2.459269349710739,-0.0029554504481037265,4.870093448481473
280.016019373514,0.14810271477467132,-2.4594932550253192,-0.007572328923624972,4.877922013717616
280.016019373514,-3.562221243239139e-13,-2.459770810794789,-0.0075659284579109466,4.857171337864063
280.01601937351404,-0.14810271477538375,-2.4594932550247792,-0.007572328923179401,4.838127698091411
280.2155393652927,-3.562221243239139e-13,-2.4599913024650024,-0.012188161189031474,4.825387217012535
280.2155393652928,0.14737835367183297,-2.4597167229499597,-0.012194092159161831,4.846035884940844
280.2155393652928,-0.14737835367249452,-2.459716722949876,-0.012194092158963407,4.806436200389898
280.413689250694,-3.562221243239139e-13,-2.4602113264409784,-0.016814908125758435,4.793873539238696
280.41368925069406,-0.1466506343670522,-2.459939713422642,-0.01682038610819161,4.77501549494569
280.41368925069406,0.14665063436639064,-2.4599397134217664,-0.01682038610766863,4.814419646088013
280.61049067322176,-3.562221243239139e-13,-2.4604308472905245,-0.021445858381440516,4.762626203807155
280.61049067322176,0.14591960787011587,-2.4601621906584787,-0.02145089972431378,4.783069206096899
280.6104906732218,-0.14591960787082833,-2.4601621906584814,-0.02145089972400522,4.7438614769900855
280.805962148903,0.14518533393499536,-2.4603841211122712,-0.026085327197374473,4.751980983743491
280.805962148903,-3.562221243239139e-13,-2.460649831809927,-0.026080706316067525,4.731641618621109
280.80596214890306,-0.14518533393570782,-2.460384121111266,-0.026085327196231252,4.712970549244201
281.00012203951803,-3.562221243239139e-13,-2.460868248886564,-0.03071914340710683,4.700916226280462
281.0001220395181,-0.1444478703368481,-2.4606054733351623,-0.030723359822644698,4.682339149347583
281.0001220395181,0.14444787033613568,-2.460605473335766,-0.030723359823357395,4.721151432191106
281.1929885499639,-0.1437072728989379,-2.4608262177496463,-0.03536468819678047,4.651963750354119
281.1929885499639,-3.562221243239139e-13,-2.4610860692633745,-0.03536086043786774,4.670446504581321
281.192988549964,0.14370727289827634,-2.4608262177484965,-0.035364688195923276,4.690577039493302
281.38457735001543,-3.562221243239139e-13,-2.4613032658378886,-0.040005549818115195,4.640229341364756
281.38457735001543,0.14296360479405246,-2.4610463269291323,-0.040009004524114586,4.660254704757694
281.3845773500155,-0.142963604794714,-2.461046326931589,-0.04000900452610141,4.621841234397352
281.5749067985961,-0.14221691645291418,-2.461265777134154,-0.04465603619945239,4.591968070265993
281.5749067985961,-3.562221243239139e-13,-2.4615198151496043,-0.04465293915046365,4.610261209533966
281.5749067985961,0.14221691645225262,-2.4612657771332613,-0.04465603619894577,4.6301809103227995
281.7639954774106,-3.562221243239139e-13,-2.461735696673646,-0.049302785470593996,4.580538558231865
281.7639954774107,-0.14146725481582834,-2.4614845475745004,-0.04930554003064682,4.562340703400299
281.7639954774107,0.14146725481516678,-2.4614845475736287,-0.049305540030196514,4.6003521142419155
281.95186095852694,-3.562221243239139e-13,-2.4619508899605433,-0.05395481820823361,4.551058006619125
281.95186095852694,-0.14071466824401946,-2.4617026175365266,-0.05395724522127439,4.532955749046718
281.95186095852694,0.1407146682433579,-2.461702617535432,-0.053957245220661997,4.570764944755631
282.1385155287611,-0.13995922410697903,-2.461919967714055,-0.05861086717398892,4.5038106581731485
282.1385155287611,-3.053332494204976e-13,-2.462165375976608,-0.058608752997118624,4.521817012020788
282.1385155287611,0.13995922410631748,-2.4619199677131425,-0.058610867173516275,4.5414168709335465
282.3239783065133,-3.053332494204976e-13,-2.462379139923412,-0.0632643597299869,4.492811969757302
282.32397830651337,-0.13920096007158358,-2.462136583081243,-0.06326617553466796,4.474901823486169
282.32397830651337,0.139200960070922,-2.4621365830798476,-0.06326617553365384,4.512304295603044
282.5082663322918,-0.13843991966069602,-2.4623524490817403,-0.06792293419204512,4.446225974036735
282.5082663322918,-3.053332494204976e-13,-2.462592167469453,-0.06792140254727033,4.464039612268222
282.5082663322918,0.13843991966003447,-2.4623524490802104,-0.06792293419088662,4.483423959509359
282.69139078885496,-3.053332494204976e-13,-2.4628044457411757,-0.0725796321290802,4.4354975952013405
282.691390788855,0.13767616851338255,-2.462567552607833,-0.07258089357246017,4.45477352971615
282.691390788855,-0.1376761685139932,-2.462567552609591,-0.07258089357368185,4.417780759251575
282.87337213132486,-0.13690973154595587,-2.4627818833112176,-0.0772398389818109,4.389562397147372
282.87337213132486,-3.053332494204976e-13,-2.463015964576921,-0.07723883404114615,4.407182137660245
282.87337213132486,0.1369097315453452,-2.4627818833105004,-0.07723983898173124,4.426349230934414
283.0542214705635,-3.053332494204976e-13,-2.4632267141776203,-0.081898779149146,4.379090923974364
283.05422147056356,-0.13614067058814455,-2.462995431179512,-0.08189954101719882,4.361568566259746
283.05422147056356,0.136140670587483,-2.4629954311796687,-0.08189954101800288,4.398148758313472
283.2339549229212,-0.13536902438882437,-2.463208189118395,-0.08655979332831239,4.333796177794026
283.2339549229212,-3.053332494204976e-13,-2.4634366876264835,-0.08655926137163986,4.351220868245899
283.23395492292127,0.1353690243881628,-2.4632081891187783,-0.08655979332938869,4.370169033470054
283.4125893437646,-3.053332494204976e-13,-2.4636458787536064,-0.09122008264425567,4.3235687810661725
283.41258934376464,-0.13459482616234977,-2.4634201507898217,-0.09122039757486383,4.3062420401157855
283.41258934376464,0.13459482616173912,-2.463420150789278,-0.09122039757518782,4.342406873694205
283.5901344280319,-3.053332494204976e-13,-2.4638542813193864,-0.0958810106884613,4.2961325903400125
283.59013442803194,0.13381813814973323,-2.4636313097587426,-0.0958811212001526,4.3148602176893505
283.59013442803194,-0.13381813815034388,-2.4636313097611158,-0.09588112120155119,4.278904075204584
283.7666062108169,-3.053332494204976e-13,-2.4640618924050073,-0.10054185471557252,4.268909251054829
283.766606210817,0.13303899318569812,-2.4638416629564963,-0.10054177313465411,4.287526027033704
283.76660621081703,-0.1330389931863088,-2.4638416629589392,-0.10054177313630476,4.2517792358165085
283.94201963264567,-3.053332494204976e-13,-2.464268710729866,-0.10520245049789767,4.24189589783675
283.9420196326457,-0.13225742668091184,-2.4640512089669415,-0.10520218886535579,4.224864653992412
283.9420196326457,0.13225742668030116,-2.464051208965554,-0.10520218886450937,4.260401443282722
284.11638770543476,-0.13147348060510886,-2.464259946404634,-0.10986218252936296,4.198157767368584
284.11638770543476,-3.053332494204976e-13,-2.464474735055543,-0.10986261246060795,4.215089971763136
284.1163877054348,0.1314734806044982,-2.4642599464058503,-0.109862182530808,4.233483915349986
284.28972332293296,-0.13068719562465778,-2.4644678747709214,-0.11452156465435098,4.171656040159049
284.28972332293296,-3.053332494204976e-13,-2.464679965020142,-0.11452215141651342,4.188488940349876
284.289723322933,0.1306871956240471,-2.4644678747718833,-0.11452156465547131,4.2067709183761455
284.4620392603923,-3.053332494204976e-13,-2.4648844014806475,-0.11918088613630161,4.162090297594711
284.4620392603924,-0.12989861111981266,-2.4646749947878916,-0.11918015371778459,4.145356963196635
284.4620392603924,0.12989861111920198,-2.4646749947877074,-0.1191801537177651,4.180259953775241
284.6333481743019,-3.053332494204976e-13,-2.4650880464459273,-0.12383864312890858,4.1358915640055445
284.63334817430194,-0.1291077652049668,-2.464881308343314,-0.1238377759384732,4.1192580539589745
284.63334817430194,0.12910776520435613,-2.4648813083433097,-0.12383777593851336,4.153948549265957
284.80366260218153,-3.053332494204976e-13,-2.4652909030326398,-0.12849525644511467,4.109890286614271
284.8036626021816,-0.12831469474890653,-2.465086818439578,-0.1284942650745266,4.093356856580011
284.8036626021816,0.12831469474829585,-2.465086818439517,-0.12849426507444078,4.127834258888647
284.97299496243363,-3.053332494204976e-13,-2.4654929754142665,-0.13315056747722284,4.084084038976836
284.9729949624337,0.12751943539394536,-2.4652915291417594,-0.13314946222272006,4.101914663008358
284.9729949624337,-0.12751943539455604,-2.4652915291404494,-0.13314946222147625,4.067650941847789
285.14135755425025,-3.053332494204976e-13,-2.4656942687604273,-0.13780442475162413,4.058470421160059
285.1413575542503,-0.12672202157938386,-2.465495445521689,-0.1378032156159844,4.042137907188996
285.1413575542503,0.1267220215788241,-2.4654954455232194,-0.13780321561758005,4.076187368304919
285.30876255757386,-0.12592248655560576,-2.4656985736159744,-0.1424553804363126,4.0168153766409
285.30876255757386,-3.053332494204976e-13,-2.46589478919798,-0.14245668374353881,4.033047059715851
285.3087625575739,0.12592248655504598,-2.4656985736178396,-0.14245538043830402,4.050650007750217
285.47522203310956,-3.053332494204976e-13,-2.4660945437580204,-0.14710720668090765,4.007811607643271
285.47522203310956,0.1251208624097769,-2.4659009203706543,-0.14710581861691147,4.025300240573542
285.4752220331096,-0.12512086241038758,-2.4659009203710887,-0.1471058186170444,3.9916810008111527
285.6407479223862,-3.053332494204976e-13,-2.4662935393180287,-0.15175584382807025,3.982761744339187
285.6407479223862,-0.12431718008599726,-2.4661024925789468,-0.15175438012966325,3.966732456826269
285.64074792238625,0.12431718008543748,-2.466102492576113,-0.1517543801273225,4.000135752215357
285.80534944363256,-3.053332494204976e-13,-2.46649178269413,-0.156402427435543,3.957895568611907
285.8053494436326,0.12351148219861063,-2.466303296954503,-0.15640089692842027,3.9751546491700416
285.8053494436326,-0.12351148219917041,-2.4663032969556244,-0.15640089692911452,3.94196783972975
285.9690374890598,-3.053332494204976e-13,-2.466689283346006,-0.16104682740423526,3.933210932628998
285.9690374890599,0.12270380178996708,-2.466503342892192,-0.16104523862765072,3.9503547899032423
285.9690374890599,-0.12270380179052685,-2.4665033428924845,-0.16104523862754297,3.917384999109473
286.1318263299121,-0.12189415347784502,-2.4667026409350226,-0.16568730439867627,3.8929812860984643
286.1318263299121,-3.053332494204976e-13,-2.466886051867239,-0.1656889431999765,3.9087051878038412
286.13182632991214,0.12189415347723435,-2.466702640932948,-0.16568730439706683,3.9257335294756834
286.2937247290085,0.12108257751605694,-2.4669011997487336,-0.170326946597578,3.9012890647785428
286.2937247290085,-0.12108257751661672,-2.4669011997502865,-0.17032694659887446,3.86875488677146
286.2937247290085,-3.053332494204976e-13,-2.4670820970023746,-0.17032862746858018,3.884376523744546
286.45474127705853,-2.5444437451708134e-13,-2.4672774299440046,-0.17496575366444775,3.8602231612627036
286.4547412770586,-0.12026911381491544,-2.4670990304651395,-0.17496403839461103,3.8447040184295425
286.4547412770586,0.12026911381435566,-2.4670990304664895,-0.17496403839583227,3.8770196238358925
286.6148920071394,-0.11945376304798566,-2.467296143822898,-0.17959846384549777,3.820825795184273
286.6148920071394,-2.5444437451708134e-13,-2.4674720614806507,-0.17960020613697347,3.8362422130583758
286.6148920071395,0.11945376304742589,-2.4672961438236225,-0.17959846384605813,3.8529223209407326
286.774178722062,-2.5444437451708134e-13,-2.4676660030655087,-0.1842318536284211,3.8124329303381264
286.77417872206206,-0.11863659681108014,-2.4674925512097685,-0.1842300914176841,3.7971194606976573
286.77417872206206,0.11863659681052037,-2.4674925512096824,-0.1842300914174254,3.828996418992302
286.9326208279909,-2.5444437451708134e-13,-2.4678592670418773,-0.188860588662303,3.788791938356922
286.93262082799095,0.11781759521870948,-2.4676882649318133,-0.18885881334200694,3.805238541862836
286.93262082799095,-0.11781759521926925,-2.467688264931702,-0.18885881334212093,3.773581644184911
287.090218971796,-2.5444437451708134e-13,-2.468051865691788,-0.19348629377261414,3.7653186710553954
287.09021897179605,-0.11699683356345762,-2.4678832972139557,-0.1934845118819467,3.750211771536569
287.09021897179605,0.11699683356289785,-2.467883297213692,-0.1934845118814966,3.7816481356730716
287.24699124815714,0.11617429527906203,-2.4680776616190707,-0.1981070861552355,3.7582220388575354
287.24699124815714,-0.11617429527962181,-2.4680776616191267,-0.1981070861555571,3.7270066856378
287.24699124815714,-2.5444437451708134e-13,-2.4682438126053903,-0.19810886836091232,3.7420099678169967
287.40294081417403,-2.5444437451708134e-13,-2.4684351203203034,-0.20272819727161207,3.7188648988472335
287.4029408141741,-0.1153500403639642,-2.4682713706325403,-0.20272642073574745,3.7039654505318484
287.4029408141741,0.11535004036345532,-2.4682713706326513,-0.20272642073541436,3.7349593315800798
287.55808032101737,-2.5444437451708134e-13,-2.4686258038715563,-0.20734418931970516,3.695881129158732
287.5580803210174,-0.1145240777134886,-2.4684644392614055,-0.20734242416251203,3.681085731487166
287.5580803210174,0.11452407771297972,-2.468464439261957,-0.20734242416243698,3.711857681499716
287.7124204596205,-2.5444437451708134e-13,-2.468815876748349,-0.21195674980608123,3.6730566236248996
287.71242045962055,-0.11369642493727238,-2.4686568809690574,-0.21195500146905197,3.658365492516868
287.71242045962055,0.11369642493676349,-2.468656880969914,-0.21195500146921062,3.688915057361031
287.86596504406054,0.11286713538288641,-2.46884870868119,-0.21656401376645956,3.6661304554764262
287.86596504406054,-2.5444437451708134e-13,-2.469005351930982,-0.21656574010386698,3.6503903696048936
287.86596504406054,-0.1128671353834462,-2.468848708679788,-0.21656401376578555,3.635803715599042
288.0187266719205,-2.5444437451708134e-13,-2.4691942455624663,-0.2211710845337067,3.627880062340463
288.0187266719205,-0.22407517646047406,-2.4685770025488476,-0.22116425265034684,3.600055401948386
288.01872667192055,-0.11203621397479627,-2.4690399385186432,-0.22116938510557907,3.6133980966768333
288.01872667192055,0.11203621397428737,-2.469039938521313,-0.22116938510743206,3.643501573111795
288.01872667192055,0.22407517645996516,-2.468577002553542,-0.22116425265296957,3.660262978218562
288.1707147047652,-0.22241014201878845,-2.4687746104091937,-0.22576601757771436,3.5778951145784874
288.1707147047652,0.22241014201827955,-2.4687746104121335,-0.22576601757886927,3.637655308928354
288.1707147047652,-0.11120368159291084,-2.469230586391593,-0.2257710548768085,3.5911468156179907
288.1707147047652,-2.5444437451708134e-13,-2.4693825735568593,-0.22577272274096233,3.6055238830259464
288.1707147047653,0.11120368159240195,-2.4692305863913155,-0.22577105487596627,3.6210265957456227
288.3219373630759,-0.11036956410190793,-2.4694206667080136,-0.23036891827119543,3.569048226071073
288.3219373630759,-2.5444437451708134e-13,-2.4695703503540116,-0.23037055017263727,3.5833201872816858
288.3219373630759,0.2207419374161687,-2.4689716016147742,-0.2303639893440518,3.615199677211992
288.32193736307596,-0.2207419374166776,-2.4689716016152072,-0.2303639893458228,3.555887716630705
288.32193736307596,0.11036956410139905,-2.469420666705327,-0.23036891826827352,3.5987038839760324
288.4724016000414,-2.5444437451708134e-13,-2.469757590177663,-0.23496444796273383,3.5612675221965246
288.47240160004145,-0.2190706261879859,-2.469167990235535,-0.23495804807705686,3.5340317527984784
288.47240160004145,0.219070626187477,-2.4691679902350256,-0.23495804807534962,3.5928946448340433
288.4724016000415,-0.10953389326932036,-2.4696101936514165,-0.23496285616892476,3.5471008723920625
288.4724016000415,0.10953389326881148,-2.4696101936502535,-0.23496285616758264,3.576531990694757
288.622115313518,-0.10869669459454558,-2.46979918302492,-0.2395527764694811,3.5253031662524212
288.622115313518,0.10869669459403669,-2.4697991830249166,-0.2395527764692335,3.554509334424789
288.622115313518,-2.5444437451708134e-13,-2.469944308853764,-0.239554324258202,3.5393643014019673
288.62211531351807,0.21739625933003237,-2.4693637919990326,-0.23954810092029033,3.5707386381404285
288.62211531351807,-0.21739625933054127,-2.469363791999476,-0.2395481009219478,3.5123256357248813
288.77108847854305,0.10785798072983009,-2.4699876516194594,-0.2441386165702395,3.532634034449619
288.77108847854305,-0.10785798073028809,-2.46998765161844,-0.24413861656969754,3.503653223535914
288.77108847854305,-2.5444437451708134e-13,-2.4701305231807096,-0.2441401167026253,3.517608641139158
288.7710884785431,-0.21571886214934566,-2.4695590236753415,-0.24413408453929852,3.4907674836215015
288.7710884785431,0.21571886214888766,-2.469559023676379,-0.24413408453891822,3.548729782142104
288.91932901391306,0.21403848047934715,-2.469753701454167,-0.24871592571713574,3.526866512295304
288.91932901391306,-2.5444437451708134e-13,-2.470316249394694,-0.2487217530407428,3.495998965058915
288.91932901391306,-0.10701777459470893,-2.4701756156578645,-0.24872030397673206,3.4821494662262333
288.9193290139131,0.10701777459420005,-2.4701756156595756,-0.24872030397766007,3.510904518910896
288.9193290139131,-0.21403848047980517,-2.4697537014521695,-0.24871592571662707,3.469355719628827
289.06684476588197,0.10617609840421155,-2.47036309120257,-0.2532977549757604,3.489319232205383
289.06684476588197,-0.10617609840472045,-2.4703630912009853,-0.2532977549750933,3.460790332750542
289.06684476588197,-2.5444437451708134e-13,-2.470501503572895,-0.25329914979520507,3.47453371318305
289.066844765882,0.2123551587545231,-2.4699478413359564,-0.25329354002760274,3.5051472801519523
289.0668447658821,-0.212355158755032,-2.46994784133293,-0.25329354002603816,3.4480887833598204
289.2136435084815,-2.5444437451708134e-13,-2.470686301994254,-0.25787222717078184,3.453211341819814
289.2136435084815,-0.2106689400284901,-2.470141459534405,-0.2578668467419687,3.426965130814097
289.21364350848154,0.2106689400280321,-2.4701414595345588,-0.25786684674101173,3.48357055327994
289.21364350848154,-0.10533297368748716,-2.4705500945114363,-0.25787088953748105,3.43957427789385
289.21364350848154,0.10533297368697828,-2.4705500945111836,-0.25787088953645837,3.467876634902304
289.35973294385155,-2.5444437451708134e-13,-2.470870661130848,-0.26244090897556993,3.432030323476691
289.3597329438516,-0.10448842129157046,-2.470736642047587,-0.26243963124406045,3.4184997727106547
289.3597329438516,0.10448842129111247,-2.470736642046652,-0.26243963124237446,3.4465752036580715
289.3597329438516,-0.20897986599664067,-2.4703345724742376,-0.2624357687593851,3.4059832342892102
289.35973294385167,0.20897986599618268,-2.4703345724716796,-0.26243576875608676,3.462134815180495
289.50512070258145,0.20728797702082444,-2.470527196747436,-0.26700023250233434,3.440838565202968
289.50512070258145,-2.5444437451708134e-13,-2.4710545976336955,-0.26700512253808256,3.4109891467704125
289.5051207025815,0.10364246139786969,-2.4709227504451396,-0.2670039071956061,3.4254134311282303
289.5051207025815,-0.20728797702133334,-2.470527196749106,-0.2670002325046113,3.3851415822894455
289.5051207025815,-0.10364246139832768,-2.4709227504443887,-0.2670039071959047,3.3975653044338974
289.64981434405934,0.10279511353229347,-2.4711084364933034,-0.2715636479264785,3.4043898258771494
289.64981434405934,-2.5444437451708134e-13,-2.4712381282997686,-0.27156479860765714,3.3900863163347146
289.6498143440594,-0.10279511353275146,-2.471108436492125,-0.27156364792655435,3.376769376381671
289.6498143440594,-0.20559331215199353,-2.4707193491185397,-0.2715601678525752,3.3644386794322
289.6498143440594,0.20559331215148463,-2.4707193491167634,-0.27156016785027803,3.419680318457216
289.7938213568314,-2.5444437451708134e-13,-2.4714212700671023,-0.27611987128181215,3.369320352725623
289.7938213568314,0.2038959091474031,-2.4709110464818758,-0.2761155080374595,3.3986586057235857
289.7938213568315,-0.2038959091478611,-2.470911046481528,-0.2761155080379329,3.343873046352034
289.7938213568315,-0.10194639657491973,-2.4712937171189933,-0.2761187873180627,3.3561105078613642
289.7938213568315,0.10194639657441085,-2.471293717120274,-0.27611878731808126,3.383502912285177
289.93714915896936,0.10109632877007169,-2.4714786081999205,-0.2806692415845085,3.362751230453739
289.93714915896936,-2.0355549961366507e-13,-2.471604038826808,-0.2806702569862147,3.3486897923245835
289.93714915896936,-0.10109632877052968,-2.4714786081985944,-0.28066924158434137,3.3355872340718213
289.93714915896936,0.20219580449951627,-2.4711023046618785,-0.28066616863911725,3.377771973360631
289.9371491589694,-0.2021958044999743,-2.471102304660014,-0.2806661686384291,3.32344321960249
290.07980249461616,0.20049306462940858,-2.4712931397709226,-0.285212060108701,3.357019361682143
290.07980249461616,0.10024494333062797,-2.4716631259120776,-0.28521492179430175,3.3421337121065258
290.07980249461616,-2.0355549961366507e-13,-2.471786450782842,-0.2852158669960782,3.3281935610173154
290.07980249461616,-0.20049306462986657,-2.471293139768855,-0.2852120601081252,3.3031481216501826
290.07980249461616,-0.10024494333108597,-2.471663125911139,-0.28521492179442537,3.3151984778130146
290.22179019233795,0.19878770545964913,-2.471483569806958,-0.2897531333092099,3.3363991210114925
290.22179019233795,-2.0355549961366507e-13,-2.471968523929856,-0.2897566529781889,3.3078300023591773
290.221790192338,-0.19878770546010713,-2.4714835698044157,-0.28975313330848806,3.2829860985400408
290.221790192338,-0.09939224821794952,-2.471847288252553,-0.2897557794149298,3.294942582727955
290.221790192338,0.09939224821749153,-2.4718472882528344,-0.289755779414158,3.3216487030257524
290.3631199966317,0.09853825670980892,-2.47203111320256,-0.2942917814891037,3.30129471201766
290.3631199966317,-0.09853825671026692,-2.4720311132008597,-0.2942917814887496,3.2748180540548386
290.3631199966317,-0.19707975354853116,-2.4716736127564336,-0.2942893546917468,3.2629556572896035
290.3631199966317,-2.0355549961366507e-13,-2.47215027624278,-0.29429258217258636,3.2875976221845593
290.3631199966318,0.19707975354807317,-2.4716736127602763,-0.2942893546934366,3.3159097655023126
290.50379905514154,-2.0355549961366507e-13,-2.4723317248579253,-0.2988236018608741,3.2674950176761186
290.5037990551416,-0.09768298463575047,-2.472214617886835,-0.29882287510577465,3.254823488045706
290.5037990551416,0.19536924054939278,-2.471863285744743,-0.29882067077435626,3.295549901373189
290.5037990551416,0.09768298463529246,-2.472214617889761,-0.29882287510705763,3.281070339587106
290.5037990551416,-0.1953692405498508,-2.4718632857403495,-0.29882067077232993,3.2430553956118446
290.6438336383587,-2.0355549961366507e-13,-2.472512884801981,-0.30334961793837345,3.2475209165738983
290.64383363835873,-0.19365620687710983,-2.472052603689677,-0.3033469866949145,3.223284040690319
290.64383363835873,0.09682645220079483,-2.4723978173178334,-0.30334896597620414,3.2609743174071624
290.64383363835873,0.19365620687665183,-2.4720526036919765,-0.30334698669495774,3.2753182666665404
290.64383363835873,-0.09682645220125283,-2.472397817316207,-0.30334896597619315,3.2349576109441314
290.78322666176257,-0.09596869944797279,-2.4725807282181407,-0.3078699720417468,3.2152196284044408
290.78322666176257,-2.0355549961366507e-13,-2.472693772831291,-0.3078705485302918,3.2276745285485213
290.78322666176257,0.09596869944756567,-2.472580728219426,-0.3078699720414165,3.2410058618910167
290.7832266617626,-0.19194073261128095,-2.472241583266214,-0.30786821986222934,3.2036407968892244
290.7832266617626,0.19194073261087383,-2.4722415832686804,-0.30786821986241836,3.255214087263971
290.92198948403785,-0.09510971361684807,-2.4727633702553615,-0.31238588940786294,3.1956075551417933
290.92198948403785,-2.0355549961366507e-13,-2.472874408590093,-0.3123863899196023,3.2079538656710604
290.92198948403785,0.09510971361644095,-2.4727633702569776,-0.3123858894078005,3.221162984325557
290.9219894840379,-0.19022279223469757,-2.4724302441869663,-0.3123843658443193,3.1841236834274422
290.9219894840379,0.19022279223423957,-2.4724302441896224,-0.3123843658446997,3.235235375528135
291.06012898834365,0.09424950827831317,-2.4729457583545016,-0.3168966548753458,3.201444344094481
291.06012898834365,-0.09424950827872028,-2.4729457583535215,-0.31689665487601304,3.176120046893452
291.06012898834365,-2.0355549961366507e-13,-2.4730548070157465,-0.31689707908038256,3.1883575843725436
291.0601289883437,-0.18850241288848316,-2.472618601334178,-0.31689536091570003,3.1647313576071094
291.0601289883437,0.18850241288807607,-2.472618601335883,-0.3168953609152979,3.2153807960540477
291.19764483724646,-2.0355549961366507e-13,-2.4732349841424828,-0.3214025167804439,3.168885368027181
291.19764483724646,0.18677971050935185,-2.4728066706097054,-0.3214011051971122,3.1956500536573498
291.19764483724646,0.09338814140278616,-2.473127908513424,-0.32140216905124,3.181849633826496
291.1976448372465,-0.09338814140319326,-2.4731279085110347,-0.321402169050507,3.156756780711995
291.1976448372465,-0.18677971050975894,-2.472806670608121,-0.32140110519745474,3.1454634930921825
291.334550434282,-0.09252558423031759,-2.4733098396592834,-0.325902418702089,3.1375155022039602
291.334550434282,-2.0355549961366507e-13,-2.4734149588860346,-0.3259026899538546,3.149534957605848
291.334550434282,0.09252558422991049,-2.473309839661886,-0.3259024187032725,3.1623765914005117
291.33455043428205,0.18505462757928764,-2.472994470981072,-0.32590158496171107,3.176040884668664
291.33455043428205,-0.18505462757969476,-2.472994470979889,-0.3259015849621908,3.12631784166796
291.4708489488925,-2.0355549961366507e-13,-2.4735947468973105,-0.3303975500084133,3.1303055488750213
291.4708489488925,0.09166187112341671,-2.4734915674345737,-0.3303973550814892,3.143024418457292
291.4708489488926,-0.18332723282453034,-2.4731820180410344,-0.33039675099058496,3.107293594897854
291.4708489488926,-0.09166187112382382,-2.473491567433475,-0.33039735508147605,3.1183954037767196
291.4708489488926,0.18332723282412325,-2.4731820180428405,-0.3303967509908574,3.1565524991179115
291.60654551578057,0.09079702346701363,-2.47367310902648,-0.33488691741911264,3.1237920399776233
291.60654551578057,-0.09079702346742073,-2.473673109026552,-0.3348869174200331,3.0993954046653895
291.60654551578057,-2.0355549961366507e-13,-2.473774365386806,-0.33488703632701267,3.1111960627991553
291.6065455157806,-0.18159756901086907,-2.473369328937724,-0.33488654206317564,3.0883896725743103
291.6065455157807,0.18159756901046198,-2.473369328938628,-0.33488654206283114,3.1371838282888445
291.7416494201553,-2.0355549961366507e-13,-2.473953830492385,-0.3393711055829378,3.0922048412164282
291.7416494201553,-0.08993103525876556,-2.473854480570178,-0.33937106224227964,3.0805138484356327
291.74164942015534,0.08993103525835844,-2.473854480571649,-0.33937106224299446,3.1046777979144253
291.74164942015534,-0.17986562413422894,-2.4735564197825863,-0.3393709142567454,3.0696044218324032
291.74164942015534,0.17986562413382182,-2.473556419782516,-0.3393709142559186,3.1179332160913
291.87616139190476,-2.0355549961366507e-13,-2.474133158795034,-0.3438497018990166,3.073331433351296
291.8761613919048,0.08906395448957863,-2.4740356986276044,-0.3438497335367451,3.0856812492668766
291.8761613919048,0.17813149417672752,-2.4737433070727732,-0.34384981114481794,3.0988002299527886
291.8761613919049,-0.17813149417708374,-2.473743307071189,-0.3438498111437327,3.0509373843095853
291.8761613919049,-0.08906395448998573,-2.4740356986246423,-0.3438497335343439,3.0617502791913815
292.01009302055036,-2.0355549961366507e-13,-2.4743123669226144,-0.34832278700765046,3.0545738681876147
292.01009302055036,0.17639513380370528,-2.4739300074113317,-0.34832319389353783,3.0797828958612357
292.0100930205504,-0.1763951338041124,-2.4739300074110098,-0.34832319389334715,3.032386598174846
292.0100930205504,-0.0881957584929373,-2.474216779814312,-0.3483228928897207,3.0431027297356072
292.0100930205504,0.0881957584925302,-2.4742167798140238,-0.34832289288952434,3.0668004207471458
292.1434443952811,-2.0355549961366507e-13,-2.4744914707534567,-0.35279030954468504,3.035931791454072
292.14344439528116,0.17465664474222675,-2.4741165365926676,-0.3527910106361608,3.060880878516834
292.14344439528116,-0.17465664474258297,-2.4741165365941518,-0.35279101063724494,3.0139517007946783
292.14344439528116,-0.08732649813227206,-2.4743977399923285,-0.3527904888153181,3.0245708402896825
292.14344439528116,0.08732649813186494,-2.4743977399916313,-0.35279048881513814,3.0480349662437063
292.2762256976335,0.08645615796123178,-2.474578596273765,-0.35725248777426494,3.0293831219322565
292.2762256976335,-2.0355549961366507e-13,-2.4746704874070167,-0.35725223609854695,3.0174034405902006
292.27622569763355,-0.17291599610045483,-2.474302911712799,-0.3572532274492262,2.9956309370037024
292.27622569763355,0.17291599610009858,-2.474302911711926,-0.3572532274492392,3.0420924144540202
292.27622569763355,-0.086456157961588,-2.4745785962732616,-0.3572524877730016,3.00615285117963
292.4084400418969,-2.0355549961366507e-13,-2.4748494319861387,-0.3617085195967566,2.9989880455956888
292.4084400418969,0.08558476780583694,-2.4747593637364647,-0.36170884256976077,3.010844122964803
292.4084400418969,-0.08558476780624406,-2.4747593637371836,-0.3617088425692675,2.987847989543571
292.40844004189694,0.17117324752671556,-2.4744891477794684,-0.36170979677389564,3.0234167462674986
292.40844004189694,-0.17117324752712268,-2.474489147780308,-0.36170979677334064,2.977423533369002
292.5400925868844,-2.0355549961366507e-13,-2.475028321708354,-0.3661591244922741,2.980684554367653
292.54009258688444,0.16942843067292226,-2.4746752619559373,-0.3661606826101302,3.0048528302227533
292.54009258688444,0.08471234349140812,-2.474940059584507,-0.3661595175430387,2.9924169203936994
292.54009258688444,-0.16942843067332938,-2.4746752619576626,-0.36616068261013013,2.9593284376514255
292.54009258688444,-0.08471234349176433,-2.4749400595859283,-0.36615951754294584,2.9696552021815488
292.6711922473682,-2.0355549961366507e-13,-2.4752071715184787,-0.37060401472208904,2.9624913980577845
292.67119224736825,-0.08383887504291157,-2.4751206987512524,-0.3706044765188526,2.9515729224142984
292.67119224736825,-0.16768152558865132,-2.474861269131139,-0.37060584844075845,2.9413440869980416
292.67119224736825,0.08383887504250445,-2.4751206987506063,-0.3706044765196856,2.9740999448593866
292.67119224736825,0.1676815255882442,-2.474861269130244,-0.37060584844148686,2.9863990981065855
292.8017380217474,-2.0355549961366507e-13,-2.4753859960394156,-0.37504311754618813,2.944408388034334
292.80173802174744,-0.1659326430308927,-2.475047183776789,-0.3750452211261939,2.923470283112247
292.80173802174744,0.08296441783909675,-2.4753012958187584,-0.3750436466582779,2.9558930164741404
292.80173802174744,0.16593264303053648,-2.47504718377769,-0.37504522112852007,2.968055381382544
292.80173802174744,-0.08296441783945298,-2.4753012958195595,-0.3750436466576276,2.9336009554738127
292.9317401397353,-2.0355549961366507e-13,-2.475564813452459,-0.37947643099734085,2.9264337819755015
292.9317401397353,-0.16418174243754916,-2.4752330240671663,-0.3794787982947133,2.9057052920630926
292.9317401397354,0.0820889515994748,-2.4754818689673375,-0.3794770258902381,2.937794390926878
292.9317401397354,-0.0820889515998819,-2.4754818689686244,-0.37947702589007926,2.9157375624985247
292.9317401397354,0.1641817424371929,-2.475233024068946,-0.3794787982979365,2.9498199352210954
293.061204123817,-0.08121248656125889,-2.475662432405336,-0.38390458945067807,2.897981659043738
293.061204123817,-2.0355549961366507e-13,-2.4757436379881437,-0.3839039304103143,2.9085664958576865
293.061204123817,0.16242884428223278,-2.4754188041461656,-0.38390655488784525,2.9316916821661136
293.06120412381705,-0.162428844282589,-2.475418804145818,-0.38390655488578396,2.8880480308929153
293.06120412381705,0.08121248656090267,-2.4756624324045524,-0.38390458945127015,2.9198029865235986
293.190130768395,-1.526666247102488e-13,-2.475922483387772,-0.3883255324636653,2.890806100859994
293.1901307683951,0.08033506446340245,-2.4758429998312104,-0.3883262539365436,2.9019183812240414
293.1901307683951,-0.08033506446375868,-2.4758429998314133,-0.3883262539353323,2.8803328118538207
293.1901307683951,-0.16067403204473335,-2.4756045375844336,-0.388328407236625,2.870498064257042
293.1901307683951,0.16067403204437714,-2.4756045375840112,-0.3883284072380435,2.91367020930339
293.3185276277193,-0.07945668059634367,-2.476023588022797,-0.3927420018407431,2.8627896646235165
293.3185276277193,0.07945668059598744,-2.476023588021216,-0.3927420018407327,2.8841392174571565
293.3185276277193,-1.526666247102488e-13,-2.4761013664423435,-0.39274121973785825,2.8731512392170706
293.31852762771933,0.15891729630165255,-2.475790241114467,-0.3927443375936833,2.895754160910378
293.31852762771933,-0.15891729630200876,-2.475790241115431,-0.39274433759294247,2.8530540389642476
293.4464007328441,-1.526666247102488e-13,-2.4762803031136347,-0.39715099697210354,2.8556007686142393
293.4464007328441,-0.07857733970200967,-2.476204212926722,-0.3971518378250709,2.845351075290549
293.44640073284415,-0.15715864654035597,-2.4759759306493896,-0.3971543503746297,2.835714814983474
293.44640073284415,0.15715864653999975,-2.4759759306487483,-0.39715435037530894,2.877942399505141
293.4464007328442,0.07857733970165345,-2.4762042129265414,-0.397151837826149,2.866464354435122
293.57375465769735,-1.526666247102488e-13,-2.476459306946862,-0.4015548170230527,2.8381537512330484
293.5737546576974,0.15539811078107238,-2.4761616195936593,-0.4015583981370923,2.860233994827881
293.5737546576974,-0.1553981107814286,-2.4761616195924137,-0.4015583981349634,2.818479454525384
293.5737546576974,-0.07769705579188885,-2.476384888054084,-0.4015557146697614,2.8280161051026345
293.5737546576974,0.07769705579153262,-2.4763848880562485,-0.4015557146725502,2.8488928571704135
293.70059199497354,-1.526666247102488e-13,-2.476638391170283,-0.4059526112969786,2.820809523533607
293.7005919949736,-0.07681585605417682,-2.476565626588797,-0.40595356371256436,2.81078408789973
293.7005919949736,0.07681585605387148,-2.476565626590993,-0.4059535637149651,2.8314240668083106
293.70059199497365,-0.15363574340075284,-2.4763473209972773,-0.40595641200757526,2.801347290874427
293.70059199497365,0.1536357434004475,-2.4763473209993916,-0.40595641201038124,2.8426282947737276
293.8269178724338,0.07593374958775352,-2.4767464437070488,-0.4103453555652706,2.814056977856081
293.8269178724338,-0.07593374958805886,-2.4767464437046938,-0.41034535556276447,2.7936540157441665
293.8269178724338,-1.526666247102488e-13,-2.476817570983554,-0.4103443504633936,2.803567077904344
293.82691787243385,-0.1518715625962412,-2.476533049956141,-0.4103483624171411,2.7843173175592613
293.8269178724339,0.151871562595885,-2.4765330499580798,-0.4103483624196825,2.825124297761299
293.9527384705454,-0.07505073738546093,-2.476927354645017,-0.4147310886952107,2.7766247426428503
293.9527384705454,-1.526666247102488e-13,-2.4769968616496567,-0.4147300330547352,2.7864252676516092
293.9527384705454,-0.15010557035174565,-2.476718821648921,-0.41473424766067324,2.76738839095464
293.95273847054546,0.15010557035144032,-2.476718821648396,-0.4147342476607766,2.8077208606987556
293.95273847054546,0.07505073738515561,-2.4769273546467527,-0.4147310886972374,2.7967904445872165
294.07805821219796,-1.526666247102488e-13,-2.4771762772357397,-0.4191096390371527,2.769383190158575
294.078058212198,-0.14833779180988166,-2.4769046500087817,-0.4191140474804441,2.7505596086972126
294.078058212198,0.14833779180957632,-2.4769046500060052,-0.41911404747840136,2.7904170879787187
294.078058212198,-0.2225170148450379,-2.476565070729125,-0.41911952993404683,2.74197554532446
294.0780582121981,0.07416683201761448,-2.4771083734412778,-0.4191107430188304,2.779623566981825
294.0780582121981,0.2225170148446817,-2.476565070726333,-0.41911952993229645,2.8017644555802645
294.0780582121981,-0.07416683201791982,-2.4771083734410673,-0.41911074301827433,2.759695365197934
294.20288148429273,0.07328204571250546,-2.4772895137093474,-0.4234842854548193,2.762555453378502
294.20288148429273,0.1465682514247383,-2.4770905485397687,-0.4234877286518231,2.7732120922773875
294.20288148429273,-1.526666247102488e-13,-2.477355831396771,-0.42348313538343435,2.75243995122274
294.2028814842928,-0.07328204571281079,-2.477289513711206,-0.42348428545631794,2.7428649884625687
294.2028814842928,-0.2198627848910763,-2.476758899500743,-0.42349344387791493,2.725334836600201
294.2028814842928,-0.14656825142504365,-2.4770905485424137,-0.4234877286536733,2.733830076892101
294.2028814842928,0.21986278489077096,-2.476758899497517,-0.42349344387591953,2.784410575627313
294.3272126379664,0.21720594791572714,-2.4769527260960182,-0.42786119614602847,2.7671547001705976
294.3272126379664,-1.526666247102488e-13,-2.4775355376175887,-0.42785049077650716,2.735594664999633
294.32721263796645,0.07239639035813127,-2.477470788901099,-0.4278516846475927,2.745585220418941
294.32721263796645,0.14479697297297198,-2.477276530582384,-0.42785525968886984,2.7561049945004403
294.32721263796645,-0.21720594791603248,-2.476952726100135,-0.42786119614864376,2.7087928329857114
294.32721263796645,-0.0723963903584366,-2.477470788902455,-0.42785168464882073,2.726132725884105
294.32721263796645,-0.1447969729732773,-2.477276530584789,-0.4278552596904774,2.717198910056188
294.45105598881526,0.2145465385805736,-2.477146563485755,-0.43222275675476307,2.7499959642417595
294.45105598881526,-0.21454653858087894,-2.4771465634899696,-0.43222275675736277,2.6923486601983417
294.45105598881526,-1.526666247102488e-13,-2.47771540921389,-0.4322116755792612,2.718846453946223
294.45105598881526,0.07150987750876008,-2.4776522122906623,-0.43221291091924,2.728711992992356
294.4510559888153,-0.07150987750906541,-2.477652212289189,-0.4322129109179926,2.709497699247121
294.4510559888153,-0.14302397956271182,-2.4774626092930774,-0.43221661079678525,2.7006652310611687
294.4510559888153,0.14302397956240648,-2.4774626092918526,-0.43221661079617846,2.7390949237289366
294.57441581711987,0.07062251838940901,-2.4778337969819813,-0.43656793624578644,2.7119349041794547
294.57441581711987,0.14124929364271993,-2.4776487976496173,-0.4365717538463979,2.722181017164616
294.57441581711987,-1.526666247102488e-13,-2.4778954593338725,-0.43656666180524945,2.7021944487640854
294.5744158171199,-0.07062251838971435,-2.4778337969802244,-0.4365679362443587,2.6929590386162063
294.5744158171199,-0.14124929364302524,-2.4776487976483637,-0.43657175384479524,2.684228171076355
294.5744158171199,0.21188459055888598,-2.4773404244467327,-0.436578097403332,2.7329335109047337
294.57441581712,-0.21188459055919132,-2.477340424447115,-0.4365780974024331,2.676001452252987
294.69729636807045,-0.13947293701567318,-2.4778351084497956,-0.44092066233689703,2.667886869511189
294.6972963680705,-1.526666247102488e-13,-2.4780757009423158,-0.44091542307314663,2.685637788342291
294.69729636807057,0.13947293701536784,-2.47783510845144,-0.4409206623387637,2.705362420075163
294.69729636807057,-0.20922013655210972,-2.477534321560631,-0.44092719143653064,2.659750351405162
294.69729636807057,-0.06973432390128931,-2.4780155558995154,-0.4409167342182156,2.676515882278328
294.69729636807057,0.06973432390098398,-2.4780155559008152,-0.44091673421906824,2.6952530951962745
294.6972963680706,0.2092201365518044,-2.477534321563336,-0.4409271914401886,2.7159664912027566
294.81970185199276,-1.526666247102488e-13,-2.47825614682285,-0.4452579345784728,2.6691756197000696
294.81970185199276,-0.137694930843354,-2.478021554308736,-0.4452633113695313,2.651640473957484
294.81970185199276,0.13769493084304865,-2.4780215543104736,-0.44526331137127145,2.6886382857390667
294.8197018519928,0.06884530462511405,-2.478197501788004,-0.445259280010201,2.6786657153377194
294.8197018519928,-0.0688453046253685,-2.4781975017861715,-0.4452592800090044,2.6601673766851386
294.8197018519928,-0.20655320830268947,-2.4777282672275667,-0.44527001383200093,2.6435945080937593
294.8197018519928,0.206553208302435,-2.477728267229598,-0.44527001383483467,2.6990940641050813
294.94163644457296,-0.1359152956597287,-2.4782081476414306,-0.4495996775958643,2.635488140131704
294.94163644457296,0.06795547082873153,-2.478379647196695,-0.44959555033661625,2.662171921920969
294.94163644457296,-0.06795547082898598,-2.4783796471957853,-0.44959555033623744,2.6439126763950944
294.94163644457296,0.13591529565942337,-2.478208147642633,-0.44959967759688535,2.6720077753903793
294.94163644457296,-1.526666247102488e-13,-2.478436809576916,-0.4495941730623141,2.652807097929343
294.941636444573,-0.20388383661060783,-2.4779222736384385,-0.44960654113667764,2.6275330808838
294.941636444573,0.2038838366103025,-2.4779222736395683,-0.4496065411383597,2.6823153964535447
295.0631042870848,-0.20121205134636214,-2.4781163527866754,-0.4539367514520752,2.6115652364087576
295.0631042870848,0.06706483246921169,-2.4785620044834054,-0.4539255234233727,2.6457708802286315
295.0631042870848,-1.526666247102488e-13,-2.4786177016065634,-0.45392411676512,2.6365313861369764
295.0631042870848,0.2012120513461077,-2.478116352787878,-0.4539367514534854,2.665629662908864
295.06310428708485,-0.13413405137914075,-2.4783949006680315,-0.4539297391947035,2.61942903181672
295.06310428708485,0.13413405137888632,-2.4783949006689916,-0.4539297391954068,2.6554700581632162
295.06310428708485,-0.06706483246946612,-2.478562004484174,-0.45392552342437076,2.6277509440152587
295.1841094866152,-1.526666247102488e-13,-2.478798835128326,-0.45824774540964275,2.6203476553869676
295.1841094866152,-0.0661733991991563,-2.4787445858204222,-0.4582491789847585,2.6116813501431344
295.1841094866152,0.19853788146531515,-2.478310516464292,-0.4582606243988394,2.649036045896714
295.1841094866153,0.13235121730562327,-2.4785818254177547,-0.4582534758447696,2.6390243110360676
295.1841094866153,-0.1323512173059286,-2.478581825418765,-0.4582534758459473,2.6034623208037275
295.1841094866153,-0.1985378814655696,-2.478310516464123,-0.4582606243986756,2.595690149312913
295.1841094866153,0.06617339919885096,-2.4787445858175756,-0.45824917898191164,2.629461763451747
295.3046561162912,-1.526666247102488e-13,-2.4789802221607005,-0.4625650401598019,2.6042550846424213
295.3046561162912,-0.19586135502306337,-2.4785047762421413,-0.46257814106799794,2.5799070021934565
295.3046561162912,-0.06528118037005769,-2.478927403172326,-0.46256649817235646,2.595703073308162
295.30465611629126,0.19586135502275803,-2.4785047762433163,-0.46257814106885364,2.6325337355536322
295.30465611629126,0.1305668121435349,-2.478768933710257,-0.4625708686781417,2.622669718775973
295.30465611629126,0.06528118036980324,-2.478927403173182,-0.4625664981728573,2.6132437526326795
295.30465611629126,-0.13056681214378935,-2.4787689337111765,-0.46257086867943303,2.5875871868337947
295.42474821550604,0.1931824991863782,-2.4786991434885217,-0.4668892840077302,2.6161219296728335
295.42474821550604,-1.526666247102488e-13,-2.4791618745167847,-0.4668759835839983,2.5882528607074637
295.4247482155061,-0.128780854005244,-2.478956237157061,-0.4668819002514472,2.5718028175394436
295.4247482155061,0.12878085400498954,-2.478956237158185,-0.46688190025189735,2.6064054738825098
295.4247482155061,0.06438818503840536,-2.479110468307266,-0.46687746355641907,2.5971160366077966
295.4247482155061,-0.06438818503865981,-2.4791104683048877,-0.4668774635546025,2.5798152999132697
295.4247482155061,-0.19318249918668354,-2.478699143485058,-0.4668892840049123,2.564214985542468
295.54438979014606,-1.526666247102488e-13,-2.479343803807128,-0.4711805596281423,2.572340178169011
295.54438979014606,-0.06349442197026604,-2.479293792776965,-0.47118205907874416,2.564017224176291
295.54438979014606,0.19050134025101706,-2.4788936293450807,-0.47119403717253633,2.599799833649721
295.5443897901461,0.0634944219700116,-2.4792937927786345,-0.47118205907977145,2.581077811950162
295.5443897901461,-0.19050134025127152,-2.4788936293413,-0.47119403716938024,2.5486132976888594
295.5443897901461,-0.1269933604207466,-2.479143747161937,-0.47118655451462665,2.556108408386021
295.5443897901461,0.12699336042049217,-2.479143747164382,-0.4711865545163691,2.5902307765317585
295.66358481281696,0.06259989964352271,-2.4794773879394607,-0.4754802700401796,2.5651282829120405
295.66358481281696,-0.06259989964377714,-2.4794773879360075,-0.4754802700376383,2.548308048071192
295.66358481281696,-1.526666247102488e-13,-2.479526021435034,-0.47547875358231523,2.556516239338527
295.663584812817,0.18781790365205392,-2.4790882447351414,-0.47549238589846965,2.583566660427427
295.663584812817,0.12520434834748811,-2.4793314749175717,-0.47548481678094595,2.5741448345200433
295.663584812817,-0.12520434834774255,-2.4793314749149777,-0.4754848167790071,2.540503162613132
295.6635848128171,-0.18781790365230835,-2.4790882447341818,-0.47549238589779397,2.5331011447401646
295.78233722307056,0.061704626255864224,-2.4796612649209653,-0.4797720830424834,2.549266661367361
295.78233722307056,-0.06170462625611867,-2.4796612649200442,-0.47977208304233,2.532686981269407
295.78233722307056,-1.526666247102488e-13,-2.479708538587362,-0.479770552042922,2.5407802541936175
295.7823372230706,-0.12341383417972664,-2.4795194313915636,-0.4797766736846161,2.524986291175857
295.7823372230706,0.12341383417947219,-2.4795194313924545,-0.47977667368485805,2.558146863207663
295.7823372230706,-0.1851322139792475,-2.4792830003628428,-0.4797843168736835,2.517677740524298
295.7823372230706,0.18513221397899307,-2.4792830003623876,-0.47978431687307294,2.5674216304421793
295.9006509276309,0.18244429498889866,-2.4794779066814883,-0.484069817856142,2.5513639715685525
295.9006509276309,-0.060808609726668204,-2.4798454346315935,-0.4840574857458328,2.5171532410809965
295.9006509276309,-1.0177774980683254e-13,-2.4798913662273674,-0.48405594265406554,2.525131440319672
295.900650927631,-0.12162183375519962,-2.479707627321509,-0.48406211291980905,2.5095570126859865
295.900650927631,0.12162183375494517,-2.4797076273226395,-0.4840621129201949,2.542236085462503
295.900650927631,-0.1824442949891531,-2.479477906680994,-0.48406981785582226,2.5023423065311605
295.90065092763103,0.060808609726413755,-2.4798454346311187,-0.48405748574473145,2.533492166754134
296.0185297747469,-0.11982836276096252,-2.4798960708147892,-0.4883410907134394,2.4942145567176115
296.0185297747469,0.11982836276070809,-2.4798960708143936,-0.4883410907125558,2.526411735073992
296.0185297747469,0.059911857898775366,-2.4800299053896846,-0.48833643433607066,2.517804029457263
296.0185297747469,-1.0177774980683254e-13,-2.480074512746457,-0.48833488159345134,2.5095690262641552
296.018529774747,-0.059911857899029815,-2.480029905390817,-0.4883364343376843,2.5017060557832638
296.018529774747,-0.17975417021156512,-2.4796729714466625,-0.48834884513822047,2.48709407519793
296.018529774747,0.17975417021131068,-2.479672971445548,-0.4883488451372171,2.535392922567271
296.135974093923,-1.0177774980683254e-13,-2.4802579880890923,-0.49260732458441825,2.4940927070404673
296.135974093923,0.11803348975348986,-2.4800847715520224,-0.4926135628973857,2.5106735199902794
296.135974093923,-0.17706194247829463,-2.4798682040038575,-0.4926213546837351,2.471932736101118
296.135974093923,-0.11803348975374431,-2.4800847715538175,-0.49261356289927793,2.478958612797726
296.13597409392304,0.1770619424780402,-2.479868204001586,-0.4926213546818288,2.519508200646357
296.13597409392304,-0.05901440505205141,-2.4802146870773383,-0.4926088845693142,2.48634511671541
296.13597409392304,0.05901440505184786,-2.4802146870768227,-0.49260888456837715,2.502201950026495
296.25299091633696,-1.0177774980683254e-13,-2.480441804653239,-0.4968732900603827,2.4787012967620505
296.25299091633696,-0.17436755986788058,-2.4800636163333976,-0.49688736516329796,2.4568571159649024
296.252990916337,-0.11623718011811801,-2.480273741747885,-0.4968795480132647,2.4637880021951597
296.252990916337,0.058116233877612423,-2.480399792043368,-0.49687485490082517,2.4866847408763375
296.252990916337,-0.05811623387786687,-2.480399792042969,-0.49687485490067335,2.471069240942421
296.252990916337,0.11623718011786356,-2.480273741748794,-0.49687954801417195,2.495020252179655
296.25299091633707,0.17436755986762614,-2.4800636163325436,-0.49688736516286663,2.5037086185804145
296.36958402367566,-1.0177774980683254e-13,-2.480625972844872,-0.5011327995486078,2.4633940421075913
296.3695840236757,-0.05721735122993541,-2.4805852306367733,-0.5011343668840198,2.45587767498665
296.3695840236757,-0.17167104294019175,-2.4802592183314935,-0.5011468983313777,2.441866465584376
296.3695840236757,0.17167104293993732,-2.4802592183336296,-0.5011468983337888,2.4879934326901805
296.3695840236757,0.11443944756084942,-2.480462991580106,-0.5011390676872715,2.479451183220162
296.3695840236757,-0.11443944756105298,-2.480462991578148,-0.5011390676851486,2.448701972804582
296.3695840236757,0.05721735122973186,-2.4805852306362817,-0.501134366883761,2.471251650370717
296.48575716589113,-1.0177774980683254e-13,-2.4808105007781793,-0.5053858237604155,2.448170197080755
296.48575716589113,0.056317763705490784,-2.480771010899458,-0.5053873912579543,2.4559019341586956
296.4857571658912,-0.056317763705745226,-2.4807710108998378,-0.5053873912578406,2.440769672724426
296.4857571658912,0.11264030527676228,-2.480652528870793,-0.5053920927394201,2.4639655719242715
296.4857571658912,-0.16897241148621694,-2.4804550174665043,-0.5053999251563261,2.426960043134177
296.4857571658912,0.1689724114859625,-2.4804550174675972,-0.5053999251576602,2.4723619064693394
296.4857571658912,-0.11264030527701673,-2.480652528870931,-0.5053920927390847,2.4336997798928053
296.60151158065236,-1.0177774980683254e-13,-2.4809953959486255,-0.509632310284292,2.433029347145014
296.60151158065236,0.16627174254545343,-2.480651020521114,-0.5096463935420742,2.456813643467072
296.60151158065236,-0.11083980462733643,-2.480842360801782,-0.5096385709002392,2.418781005460811
296.60151158065236,-0.05541749698631615,-2.480957140250249,-0.5096338756471586,2.4257448170285465
296.60151158065236,-0.166271742545657,-2.48065102052156,-0.5096463935423065,2.4121374314620523
296.60151158065236,-0.2217181483150772,-2.4803830574811805,-0.5096573393851306,2.4058137185715913
296.6015115806524,0.11083980462713289,-2.480842360800483,-0.5096385708995348,2.448563014093873
296.6015115806524,0.22171814831482275,-2.480383057480666,-0.5096573393845681,2.4653879795322218
296.6015115806524,0.05541749698611259,-2.4809571402476935,-0.5096338756453103,2.440635182013449
296.71685078308866,-1.0177774980683254e-13,-2.4811806689808256,-0.5138722511746922,2.4179707814133984
296.71685078308866,0.16356905920343573,-2.4808472375774246,-0.5138862959385563,2.4413479426765683
296.71685078308866,0.054516558766911166,-2.4811436292459588,-0.513873812144931,2.425450684835105
296.71685078308866,-0.054516558767114726,-2.481143629248687,-0.5138738121469526,2.4108023967313286
296.7168507830887,-0.21811472394142922,-2.4805877870594926,-0.5138972134296126,2.3911609654863835
296.7168507830887,-0.10903796100253813,-2.481032497752548,-0.5138784943971898,2.403944939566396
296.7168507830887,0.10903796100233457,-2.4810324977519747,-0.5138784943971407,2.4332428039224965
296.7168507830887,0.21811472394122566,-2.4805877870590596,-0.513897213428978,2.449767013875997
296.7168507830888,-0.1635690592036393,-2.4808472375758397,-0.5138862959369149,2.3973979233570017
296.8317807849612,0.05361493664947369,-2.48133048854285,-0.5181072361804329,2.4103474086016705
296.8317807849612,0.16086432426640118,-2.4810436788473247,-0.5181196680926823,2.425963771881785
296.8317807849612,-0.16086432426665564,-2.4810436788460755,-0.5181196680912278,2.3827404965952454
296.8317807849612,0.21450856422403985,-2.480792613087917,-0.5181305415772844,2.434227917348258
296.8317807849612,-1.0177774980683254e-13,-2.481366330575755,-0.5181056818132267,2.4029934668874766
296.83178078496127,-0.21450856422424341,-2.480792613085934,-0.5181305415757391,2.376590816727643
296.83178078496127,-0.05361493664967725,-2.481330488543048,-0.5181072361802004,2.3959413811421353
296.83178078496127,0.1072347496059997,-2.4812229502133807,-0.5181118987796355,2.4180039076489956
296.83178078496127,-0.10723474960620326,-2.4812229502121266,-0.5181118987779263,2.3891905551106642
296.94630487837713,0.10543018698398442,-2.481413722693602,-0.5223387466783723,2.4028456563124787
296.94630487837713,-1.0177774980683254e-13,-2.481552385593734,-0.5223325646976043,2.38809672937339
296.9463048783772,-0.21089970225289115,-2.4809975390237997,-0.5223572868703199,2.3621026056925754
296.9463048783772,0.2108997022526876,-2.480997539023982,-0.5223572868701398,2.418770032240419
296.9463048783772,-0.05271263890710989,-2.481517722908934,-0.5223341102806853,2.381161095708118
296.9463048783772,0.15815756255249788,-2.4812403484048873,-0.5223464728086386,2.4106604669957026
296.94630487837725,0.05271263890690634,-2.481517722910396,-0.522334110282312,2.3953246809832502
296.94630487837725,-0.15815756255270144,-2.481240348404048,-0.5223464728073939,2.3681644804198885
296.94630487837725,-0.10543018698418798,-2.4814137226918964,-0.5223387466760541,2.374517178686505
297.0604212946566,0.15544891795526114,-2.4814372537477563,-0.5265666579126951,2.39543804094591
297.06042129465663,-0.05180971350629926,-2.4817053404678795,-0.5265543818159772,2.3664615199500085
297.06042129465663,0.05180971350609571,-2.4817053404692255,-0.5265543818174407,2.3803824943890928
297.06042129465663,-0.20728832987731124,-2.4812025718273354,-0.5265773975469106,2.3476963068764767
297.06042129465663,-1.0177774980683254e-13,-2.4817388422368083,-0.5265528471406191,2.3732805538822954
297.0604212946567,-0.1554489179554647,-2.48143725374808,-0.5265666579125136,2.353669849093877
297.0604212946567,0.20728832987710769,-2.481202571828396,-0.5265773975476142,2.4033933845997524
297.0604212946567,0.10362436906833167,-2.481604823076208,-0.5265589856285818,2.387768051627725
297.0604212946567,-0.10362436906853521,-2.481604823077034,-0.5265589856286677,2.359924786231948
297.17413901993115,-0.05090612302275252,-2.4818933527278304,-0.5307680929821623,2.3518412498057697
297.1741390199312,0.05090612302254897,-2.4818933527283003,-0.5307680929827882,2.3655194347014525
297.1741390199312,-1.0177774980683254e-13,-2.481925712059511,-0.5307665712828114,2.358543530821932
297.1741390199312,0.1527382782067594,-2.4816344059881916,-0.530780266027338,2.3802950735789783
297.17413901993126,-0.15273827820696295,-2.481634405990834,-0.5307802660295164,2.3392552126280077
297.17413901993126,-0.10181722101163336,-2.4817962627280794,-0.530772657992015,2.345411980219512
297.17413901993126,0.1018172210114298,-2.4817962627270433,-0.5307726579913895,2.3727696759565844
297.17413901993126,0.20367429741311974,-2.4814077222624493,-0.5307909166047051,2.3880965527627085
297.17413901993126,-0.20367429741332327,-2.481407722261372,-0.5307909166037935,2.3333705388314185
297.28746065194747,-1.0177774980683254e-13,-2.482112998927195,-0.534973721869733,2.343885084448511
297.28746065194747,0.05000187991666158,-2.48208176346343,-0.5349752285629208,2.350734928613278
297.28746065194747,-0.05000187991686513,-2.4820817634628862,-0.5349752285625451,2.3372997086202423
297.28746065194747,0.10000876773366264,-2.4819880451473395,-0.5349797486642999,2.357849959954158
297.28746065194747,0.20005765469777645,-2.4816129927273893,-0.5349978293935036,2.372878979884705
297.28746065194747,0.1500256806863979,-2.481831808170803,-0.5349872822398813,2.3652310010375652
297.28746065194747,-0.20005765469798,-2.4816129927296986,-0.534997829395591,2.3191247313186127
297.2874606519475,-0.15002568068660146,-2.4818318081723634,-0.5349872822412889,2.3249199971199124
297.2874606519475,-0.1000087677338662,-2.481988045146717,-0.5349797486637418,2.3309781846079223
297.4003846733886,-1.0177774980683254e-13,-2.4823007107689072,-0.5391742520330909,2.3293051719405664
297.4003846733886,-0.04909702935210647,-2.482270580520305,-0.5391757417522239,2.3228368484237008
297.4003846733886,-0.14731126087812188,-2.482029467524966,-0.5391876602871221,2.310664149819451
297.4003846733886,0.09819909956018781,-2.482180177949009,-0.5391802110416656,2.3430088766114
297.4003846733886,0.04909702935190291,-2.4822705805206993,-0.5391757417519271,2.3360289402900327
297.4003846733886,0.14731126087791832,-2.4820294675261834,-0.5391876602880418,2.3502458069765475
297.40038467338866,-0.09819909956039137,-2.4821801779466037,-0.5391802110400015,2.316623348117889
297.40038467338866,-0.19643858236856912,-2.481818389918297,-0.539198090133895,2.304958831955724
297.40038467338866,0.19643858236841646,-2.4818183899168353,-0.5391980901327461,2.3577406621227612
297.512920263497,-0.09638813474652622,-2.482372669433529,-0.5433740675556092,2.302346061772355
297.512920263497,0.14459489616788437,-2.4822273920335256,-0.5433814228785439,2.335338057389239
297.512920263497,-1.0177774980683254e-13,-2.4824888561488843,-0.5433681839890788,2.314802371399495
297.51292026349705,-0.14459489616808793,-2.4822273920317244,-0.5433814228774717,2.296486269663883
297.51292026349705,0.192816916947328,-2.4820239213597515,-0.5433917219194029,2.3426801633749275
297.51292026349705,0.09638813474637355,-2.4823726694386297,-0.5433740675591863,2.3282449949873736
297.51292026349705,0.04819153045514287,-2.4824598124025274,-0.5433696548234562,2.3214000428268795
297.51292026349705,-0.19281691694753156,-2.482023921361441,-0.5433917219206894,2.2908714485626205
297.51292026349705,-0.048191530455295534,-2.482459812400932,-0.5433696548228043,2.3084512532936174
297.6250666697645,-0.04728542154621314,-2.4826494635507634,-0.5475569504782559,2.2941427818815705
297.6250666697645,-1.0177774980683254e-13,-2.4826774395975555,-0.5475555003826728,2.3003765457492333
297.6250666697645,0.047285421546009586,-2.48264946355165,-0.5475569504785035,2.3068481051717376
297.6250666697645,-0.18919281169963983,-2.4822295901513773,-0.5475787082751619,2.2768624374839366
297.6250666697646,-0.14187670150998977,-2.482425585416374,-0.5475685531486641,2.2823862120151612
297.6250666697646,0.18919281169943628,-2.482229590151122,-0.5475787082750432,2.3276973811704416
297.6250666697646,0.1418767015097862,-2.4824255854184054,-0.5475685531496687,2.320507638526266
297.6250666697646,-0.0945759499302548,-2.482565523787928,-0.5475613010807671,2.288146181702218
297.6250666697646,0.09457594993010213,-2.4825655237909925,-0.5475613010822652,2.3135581918055887
297.7368279747596,0.04637870174443085,-2.482839542335885,-0.5517376209515891,2.2923723694963574
297.7368279747596,-0.13915667426340725,-2.4826240555036416,-0.5517490439074946,2.268363224939148
297.7368279747596,-0.09276254335117826,-2.4827587491698497,-0.5517419040604894,2.2740229524669724
297.7368279747596,0.09276254335102559,-2.4827587491696246,-0.551741904059082,2.2989477111529646
297.7368279747596,-1.0177774980683254e-13,-2.4828664695541143,-0.5517361933807424,2.2860269366019934
297.7368279747596,0.1391566742632037,-2.482624055505616,-0.5517490439084701,2.305753797745522
297.73682797475965,0.18556626310419805,-2.482435403632222,-0.5517590425033935,2.312791567493962
297.73682797475965,-0.1855662631044016,-2.482435403629881,-0.5517590425013563,2.2629310516467727
297.73682797475965,-0.04637870174458352,-2.4828395423355527,-0.5517376209517568,2.2799106765957506
297.84820913951876,-0.09094789783414865,-2.4829523491887877,-0.5559158696240991,2.25997551162618
297.84820913951876,-0.13643478866630546,-2.482822805457623,-0.555922888547519,2.2544164503534296
297.84820913951876,0.1364347886661019,-2.482822805457466,-0.5559228885467655,2.291075670043972
297.84820913951876,-1.0177774980683254e-13,-2.4830559499935263,-0.5559102559111967,2.271752676646149
297.84820913951876,0.09094789783399598,-2.4829523491878884,-0.5559158696224176,2.284412685974646
297.8482091395188,-0.04547136246270548,-2.4830300526378237,-0.5559116592204144,2.265754071919262
297.8482091395188,-0.18193723681396362,-2.4826413643380603,-0.5559327183667243,2.249076438608027
297.8482091395188,0.18193723681381097,-2.482641364338197,-0.5559327183666081,2.2979618606768404
297.8482091395188,0.04547136246250193,-2.4830300526378486,-0.5559116592199117,2.277971967976374
297.9592086673055,0.17830590756469233,-2.48284747811392,-0.5600997219834475,2.2832082606936144
297.9592086673055,-0.044563447388627234,-2.483221001453586,-0.560079050248974,2.251672925267258
297.9592086673055,0.04456344738847457,-2.483221001452574,-0.5600790502476338,2.26364686976578
297.9592086673055,-1.0177774980683254e-13,-2.4832458879808272,-0.5600776728556791,2.2575537282854348
297.9592086673055,0.08913210075363397,-2.4831463306119423,-0.5600831829665137,2.26995309393645
297.9592086673056,0.22292156040885916,-2.4826231606712685,-0.5601121347943706,2.2901591907428767
297.9592086673056,-0.17830590756484502,-2.4828474781121144,-0.560099721981921,2.235298551388239
297.9592086673056,-0.22292156040906272,-2.482623160670958,-0.5601121347937342,2.230261582208321
297.9592086673056,0.1337111757764679,-2.4830218416551246,-0.5600900726412855,2.276473243360964
297.9592086673056,-0.13371117577667146,-2.4830218416558276,-0.5600900726422684,2.2405458409814294
297.95920866730563,-0.08913210075378664,-2.483146330614364,-0.5600831829692153,2.246003813368176
298.0698358542079,0.0436549115991258,-2.4834123927479874,-0.5642397888395615,2.249395653167503
298.06983585420795,0.08731506226522379,-2.48334069715148,-0.5642438390645621,2.255567508713134
298.06983585420795,0.1746720956806927,-2.483053747635829,-0.5642600490081857,2.26852933477858
298.06983585420795,-1.0177774980683254e-13,-2.4834362875719407,-0.5642384389648443,2.243428675389157
298.06983585420795,-0.17467209568084535,-2.483053747634865,-0.5642600490071572,2.221596005495928
298.069835854208,-0.08731506226537646,-2.483340697151934,-0.5642438390653051,2.2321064555080254
298.069835854208,-0.04365491159927847,-2.483412392748305,-0.5642397888401638,2.2376658270132066
298.069835854208,-0.2183795445648671,-2.4828383595515913,-0.5642722159734659,2.216644092151049
298.069835854208,-0.13098570083155367,-2.4832211673783586,-0.5642505914482555,2.226750003016693
298.069835854208,0.21837954456471445,-2.4828383595502346,-0.5642722159728735,2.275321295824819
298.069835854208,0.13098570083140101,-2.4832211673787086,-0.5642505914483852,2.261945087681598
298.18008592251334,-0.12825857421925,-2.483420787497106,-0.5684044316883526,2.213029301474555
298.18008592251334,-0.17103608166765155,-2.483260177190064,-0.5684136867150479,2.2079691634438023
298.18008592251334,0.12825857421909734,-2.483420787497242,-0.5684044316883262,2.2474916245526853
298.18008592251334,0.1710360816674989,-2.4832601771882157,-0.5684136867137045,2.253925520817964
298.18008592251334,-1.0177774980683254e-13,-2.4836271543917436,-0.5683925402578227,2.229377902344009
298.18008592251334,0.08549692263193934,-2.483535454092322,-0.5683978242436396,2.2412563374885006
298.18008592251334,-0.085496922632092,-2.48353545409058,-0.5683978242424024,2.2182838075412143
298.1800859225134,-0.04274582522746746,-2.483604232062194,-0.5683938610901291,2.2237331531098565
298.1800859225134,0.21383477621002617,-2.4830535457808245,-0.5684255939296429,2.260559072965038
298.1800859225134,0.04274582522731479,-2.483604232062898,-0.5683938610904554,2.235218712978621
298.1800859225134,-0.21383477621022973,-2.483053545784033,-0.5684255939316142,2.2031030140995926
298.28997023112527,-0.1255296066887674,-2.483620705436383,-0.572551590340064,2.1993820940027256
298.28997023112527,0.20928693995717546,-2.483268721455625,-0.5725722666478217,2.2458708182487563
298.28997023112527,0.1255296066886147,-2.483620705437099,-0.572551590340593,2.23311116077292
298.28997023112527,-5.088887490341627e-14,-2.483818492607273,-0.5725399731506671,2.215399737868728
298.28997023112527,0.04183612518625599,-2.483796523484572,-0.5725412634809356,2.2211143698317803
298.28997023112527,-0.08367755568270308,-2.483730605274595,-0.5725451351716351,2.204534216694553
298.28997023112527,-0.04183612518640866,-2.483796523483925,-0.5725412634804765,2.2098732411408375
298.28997023112527,0.0836775556825504,-2.483730605275117,-0.5725451351718124,2.2270178935883544
298.28997023112527,-0.2092869399573281,-2.483268721456738,-0.5725722666479706,2.1896367288745044
298.2899702311253,0.16739761320122495,-2.4834667696148656,-0.5725606325167982,2.2393951198634734
298.2899702311253,-0.16739761320137764,-2.48346676961514,-0.5725606325166788,2.1944163940776944
298.39948297000916,-0.08185711822547634,-2.483926154357928,-0.5766857590531526,2.1908581831054317
298.39948297000916,-0.2047364277766526,-2.4834838883238017,-0.5767122229517286,2.176245726191385
298.39948297000916,-0.04092588988166029,-2.4839892709436207,-0.5766819829865373,2.196086598752442
298.39948297000916,-5.088887490341627e-14,-2.4840103062422383,-0.5766807245454246,2.201494699135057
298.39948297000916,0.20473642777649995,-2.4834838883219135,-0.5767122229505958,2.2312571267181007
298.39948297000916,0.04092588988150763,-2.4839892709431073,-0.5766819829864469,2.2070831524404526
298.3994829700092,-0.12279903344522872,-2.4838209243983447,-0.5766920549884089,2.185808875246768
298.3994829700092,-0.16375700387555517,-2.4836735274787385,-0.5767008745387473,2.1809381885689754
298.3994829700092,0.08185711822532367,-2.483926154358468,-0.5766857590538441,2.2128527192839798
298.3994829700092,0.1637570038754025,-2.4836735274794255,-0.5767008745395769,2.2249387073505122
298.3994829700092,0.12279903344507605,-2.4838209244002956,-0.5766920549901247,2.2188042541874964
298.508635337918,-5.088887490341627e-14,-2.4842025996236936,-0.5808147923609482,2.187661143877643
298.508635337918,-0.20018292453777667,-2.4836990486890453,-0.5808454624899216,2.162928415969386
298.50863533791807,-0.040015056277936355,-2.4841824786859346,-0.5808160175941083,2.182371592541933
298.50863533791807,-0.08003548419202801,-2.484122105345419,-0.5808196940800588,2.1772540830214075
298.50863533791807,0.20018292453762399,-2.4836990486865194,-0.5808454624880387,2.2167163236260783
298.50863533791807,0.1601140015717366,-2.483880453821965,-0.5808344118075344,2.2105546134492493
298.50863533791807,0.1200666653917833,-2.4840214479894542,-0.5808258241749964,2.204569240673847
298.50863533791807,0.04001505627778369,-2.484182478686036,-0.5808160175952398,2.1931234104647372
298.50863533791807,0.08003548419187535,-2.4841221053456426,-0.5808196940813474,2.1987591569495852
298.50863533791807,-0.12006666539193597,-2.484021447988984,-0.5808258241743495,2.1723080318916677
298.50863533791807,-0.16011400157188926,-2.4838804538213544,-0.5808344118070321,2.16753294482668
298.6174226922706,0.11733270792056115,-2.4842222775566527,-0.5849528860330717,2.190406526519793
298.6174226922706,-0.1956267725269571,-2.48391420234124,-0.5849719745694743,2.1496851461024815
298.6174226922706,-0.07821279051444802,-2.4843184600762873,-0.5849469280293227,2.163722271993357
298.6174226922706,-5.088887490341627e-14,-2.4843953749768763,-0.5849421640836129,2.1738994422475715
298.6174226922707,-0.1173327079207138,-2.4842222775565306,-0.5849528860321773,2.1588799150362115
298.6174226922707,0.03910369284235047,-2.484376148844108,-0.5849433548677978,2.1792355242032273
298.6174226922707,0.07821279051429535,-2.484318460077177,-0.5849469280319136,2.1847375989293165
298.6174226922707,0.19562677252680444,-2.483914202339457,-0.5849719745680717,2.202248848843571
298.6174226922707,0.15646888013440774,-2.484087549309249,-0.5849612329658724,2.1962432602896382
298.6174226922707,-0.03910369284250314,-2.484376148841692,-0.5849433548640751,2.1687285844110895
298.6174226922707,-0.15646888013450952,-2.484087549307976,-0.5849612329646939,2.154201011397049
298.7258538971802,-0.07638894772444559,-2.4845152227555345,-0.5890674604224245,2.150261425569214
298.7258538971802,-0.15282146064001464,-2.4842948172044417,-0.5890813384599628,2.1409410815346237
298.7258538971802,-0.038191754840375604,-2.4845702858539527,-0.5890639940921789,2.155156242475808
298.7258538971802,0.1910677481019903,-2.4841293518400347,-0.5890917603421851,2.187853345815188
298.7258538971802,-5.088887490341627e-14,-2.48458863682332,-0.5890628389334961,2.1602082558765963
298.72585389718023,-0.11459702683322268,-2.484423416913806,-0.5890732404668317,2.1455232086080325
298.72585389718023,-0.19106774810214294,-2.4841293518400396,-0.5890917603418323,2.136514620119148
298.72585389718023,0.038191754840273824,-2.484570285857001,-0.589063994096569,2.165418149751842
298.72585389718023,0.11459702683307,-2.484423416914485,-0.5890732404686437,2.176314759596226
298.72585389718023,0.07638894772434382,-2.48451522275759,-0.5890674604261639,2.1707866967319864
298.7258538971803,0.152821460639862,-2.484294817204479,-0.5890813384605798,2.182003293054334
298.83392762920477,-0.0372792825598689,-2.484764889805674,-0.593177923063986,2.1416545146449977
298.83392762920477,-0.14917190422665308,-2.4845022560321612,-0.5931947170584242,2.127753099211762
298.83392762920477,-5.088887490341627e-14,-2.484782385348314,-0.5931768046303648,2.146587537266331
298.83392762920477,0.037279282559716236,-2.4847648898064003,-0.5931779230660056,2.151671245844789
298.8339276292048,-0.22386776187595583,-2.484151490435581,-0.593217159978257,2.119228560913481
298.8339276292048,-0.18650605267524176,-2.4843444947601365,-0.593204809164349,2.1234167839615057
298.8339276292048,-0.0745640363970735,-2.4847123931584414,-0.5931812792427116,2.136871488705248
298.8339276292048,-0.11185974298835225,-2.484624865316302,-0.5931868757878885,2.132237856251047
298.8339276292048,0.11185974298819958,-2.4846248653153666,-0.5931868757882853,2.1622939160226626
298.8339276292048,0.07456403639697172,-2.4847123931595747,-0.5931812792453061,2.1569064169643384
298.8339276292048,0.22386776187585408,-2.4841514904351563,-0.593217159978305,2.1793804064862714
298.8339276292048,0.18650605267508907,-2.484344494761319,-0.5932048091661376,2.173529814608118
298.8339276292048,0.1491719042265004,-2.4845022560305847,-0.5931947170580154,2.1678346990161685
298.9416482910194,0.18194164544818447,-2.4845596339560263,-0.5973111234841112,2.159277496600133
298.9416482910194,-5.088887490341627e-14,-2.4849766252926853,-0.5972840614471898,2.1330365177549204
298.9416482910195,-0.2183908409037804,-2.484375831330605,-0.5973230602908348,2.106286477255503
298.9416482910195,-0.18194164544828625,-2.4845596339541896,-0.5973111234815718,2.110390889962211
298.9416482910195,-0.1455201782543513,-2.4847098693235403,-0.597301370413439,2.114636310080096
298.9416482910195,0.07273804021099732,-2.484909975725233,-0.597288385108201,2.1430959912543686
298.9416482910195,0.03636626784003594,-2.484959965361195,-0.5972851421379499,2.1379940433444333
298.9416482910195,-0.03636626784013772,-2.484959965361081,-0.5972851421370479,2.128222633973731
298.9416482910195,-0.07273804021114999,-2.4849099757225575,-0.5972883851045501,2.12355169741442
298.9416482910195,-0.10912083190504233,-2.4848266268241885,-0.5972937930400544,2.119023098177055
298.9416482910195,0.10912083190488968,-2.4848266268240313,-0.5972937930412211,2.1483432294345355
298.9416482910195,0.2183908409036277,-2.4843758313307345,-0.5973230602914532,2.164966716169528
298.9416482910195,0.1455201782542495,-2.4847098693226126,-0.5973013704137424,2.153736715060285
299.0490199826994,-0.17737449566327715,-2.484774764449401,-0.6014106921853941,2.0974362311906303
299.0490199826994,0.07091094686164334,-2.4851079678546477,-0.601388765761373,2.129354693657675
299.0490199826994,-0.07091094686174512,-2.4851079678522465,-0.6013887657585522,2.110301329058073
299.0490199826994,-0.14186625811528497,-2.484917653130943,-0.6014012869260974,2.1015900007129895
299.0490199826994,0.2129106290826151,-2.484599944596651,-0.6014222042180818,2.1506242829191327
299.0490199826994,0.1418662581151832,-2.4849176531300707,-0.6014012869267533,2.139708621151751
299.0490199826994,0.10638027512640694,-2.4850286982822896,-0.601393980247765,2.1344619762116217
299.0490199826994,-0.1063802751265596,-2.48502869828119,-0.6013939802454605,2.1058782157234623
299.0490199826994,-5.088887490341627e-14,-2.4851713545108725,-0.6013845969200653,2.1195544705308764
299.04901998269946,0.17737449566317537,-2.484774764450633,-0.6014106921876889,2.1450956766033116
299.04901998269946,-0.03545270452871708,-2.4851555102612646,-0.6013856389002642,2.114859875107029
299.04901998269946,-0.21291062908276776,-2.4845999445953173,-0.6014222042163236,2.0934165354263716
299.04901998269946,0.0354527045286153,-2.485155510261041,-0.601385638900079,2.124385815242693
299.15604056559556,-5.088887490341627e-14,-2.4853665747523674,-0.6054783792671987,2.106141453585731
299.15604056559556,-0.069082849754371,-2.4853063709532295,-0.6054823897785672,2.0971204323745356
299.15604056559556,0.06908284975426923,-2.485306370952393,-0.6054823897780409,2.1156825980105145
299.15604056559556,0.17280483680381759,-2.4849898857962733,-0.6055034856981409,2.13098446458382
299.15604056559556,0.10363821275669398,-2.485231080652651,-0.6054874064156965,2.1206502405846406
299.15604056559556,-0.13821033060668744,-2.485125607802343,-0.6054944362207753,2.0886142171893103
299.1560405655956,-0.20742740657469788,-2.4848238287944002,-0.6055145631493032,2.080618785444864
299.1560405655956,-0.17280483680391936,-2.4849898857948127,-0.6055034856952759,2.0845528548701586
299.1560405655956,0.13821033060658566,-2.485125607802131,-0.6054944362224334,2.1257505135643657
299.1560405655956,0.20742740657454523,-2.484823828795541,-0.60551456315092,2.136353232043727
299.1560405655956,0.03453863932907548,-2.4853515261702976,-0.6054793816606653,2.1108466266295594
299.1560405655956,-0.03453863932922815,-2.485351526171546,-0.6054793816620831,2.10156629058582
299.1560405655957,-0.10363821275684665,-2.485231080653037,-0.6054874064148634,2.0928032554743674
299.26271829921046,-0.03362402990879345,-2.485548014987833,-0.6095663918593618,2.088340642750194
299.26271829921046,-5.088887490341627e-14,-2.4855622880026185,-0.609565429856918,2.0927962230821207
299.26271829921046,-0.10089451780383568,-2.485433775157191,-0.60957409356784,2.0797969950643855
299.26271829921046,0.2019409194370623,-2.485047482830099,-0.6096001610867314,2.1221523032461547
299.26271829921046,0.10089451780368303,-2.4854337751557973,-0.6095740935679055,2.106906766067786
299.26271829921046,0.1345522264129261,-2.485333733963331,-0.6095808408310671,2.111861133559083
299.2627182992105,-0.16823245723737665,-2.485204997843784,-0.6095895272008599,2.0717395578479953
299.2627182992105,-0.1345522264130279,-2.485333733964999,-0.609580840830691,2.0757077462602385
299.2627182992105,0.16823245723727487,-2.4852049978456394,-0.6095895272040817,2.1169426005318237
299.2627182992105,-0.06725366422510468,-2.485505186663982,-0.6095692788174323,2.084007776861274
299.2627182992105,0.03362402990869167,-2.4855480149901803,-0.6095663918616321,2.0973752284705944
299.2627182992105,0.0672536642250029,-2.4855051866649394,-0.6095692788188064,2.102078451062144
299.2627182992106,-0.20194091943716408,-2.4850474828268547,-0.6096001610828339,2.0678920352335948
299.36905243562995,-0.16365752824578034,-2.4854200930684778,-0.6136687938836964,2.058996223710035
299.36905243562995,-0.06542345879545997,-2.4857044100032644,-0.613649408906599,2.0709632437402044
299.36905243562995,0.06542345879535819,-2.4857044100031818,-0.6136494089075198,2.08854215244627
299.36905243562995,0.16365752824567856,-2.485420093069661,-0.6136687938860295,2.10297001406289
299.36905243562995,0.13089208256746152,-2.485542025187828,-0.6136604774482702,2.09804039921631
299.36905243562995,-5.088887490341627e-14,-2.4857584897532803,-0.6136457244849723,2.0795186663680574
299.36905243562995,0.09814929304666782,-2.4856367762112592,-0.613654018017063,2.093231460747767
299.36905243563,-0.19645137319501457,-2.4852708978242046,-0.6136789758031805,2.0552361722502055
299.36905243563,0.1964513731948619,-2.4852708978250786,-0.6136789758050692,2.108021439219663
299.36905243563,-0.032708910528958676,-2.4857449720859845,-0.6136466453497722,2.075182815115096
299.36905243563,-0.1308920825675633,-2.48554202518698,-0.6136604774458676,2.062870469182507
299.36905243563,0.03270891052880601,-2.485744972088981,-0.6136466453531088,2.0839715134866834
299.36905243563,-0.0981492930467696,-2.485636776211553,-0.6136540180157788,2.066859314962459
299.4750452421123,-0.15908009115679997,-2.4856351710496174,-0.6177412708153535,2.0463223746253365
299.4750452421123,0.03179328945626533,-2.485942398949064,-0.6177201249777458,2.070634994447972
299.4750452421123,-5.088887490341627e-14,-2.4859551815644254,-0.6177192458958144,2.0663082944337603
299.4750452421123,0.1590800911566982,-2.4856351710509488,-0.6177412708175491,2.0890662384579
299.47504524211234,-0.06359224999867256,-2.4859040422168195,-0.6177227631778016,2.0579863444572317
299.47504524211234,-0.03179328945636711,-2.485942398948518,-0.6177201249762624,2.0620923182294058
299.47504524211234,-0.09540256328471312,-2.4858400846666564,-0.6177271633620611,2.0539897288500977
299.47504524211234,0.2228719412983028,-2.4853270850656175,-0.6177625131547809,2.0989708866075203
299.47504524211234,-0.12722993213406797,-2.4857504817731453,-0.6177333303217213,2.0501019032118597
299.47504524211234,-0.19095881743793125,-2.485494072469095,-0.6177509933590295,2.042650724917337
299.47504524211234,0.09540256328461136,-2.4858400846671715,-0.617727163364295,2.0796238449709974
299.47504524211234,0.19095881743782947,-2.485494072468319,-0.6177509933590344,2.093960181724058
299.47504524211234,0.1272299321339662,-2.485750481776439,-0.6177333303260281,2.0842878366795956
299.47504524211234,0.06359224999857079,-2.485904042215686,-0.6177227631785036,2.0750732180516724
299.47504524211234,-0.22287194129840457,-2.4853270850672318,-0.6177625131556129,2.0390866103457395
299.5807023055771,-5.088887490341627e-14,-2.4861523607289366,-0.6217860101906048,2.053164207570234
299.5807023055772,0.12356569167035902,-2.4859590993205694,-0.6217994165911978,2.0706025441464666
299.5807023055772,0.03087714582851383,-2.486140292755344,-0.6217868469030334,2.057364769412313
299.5807023055772,0.06175999611049594,-2.486104080153814,-0.6217893579874322,2.061670744842749
299.5807023055772,0.21646081232952655,-2.4855593223908694,-0.6218272012625365,2.0848155414620666
299.5807023055772,-0.03087714582861561,-2.4861402927557323,-0.6217868469020905,2.0490682557565574
299.5807023055772,0.18546312701780474,-2.485717000222757,-0.6218162320103089,2.079967634754353
299.5807023055772,-0.061759996110597716,-2.4861040801538237,-0.6217893579849397,2.045076187187323
299.5807023055772,-0.0926542659332557,-2.4860436968506456,-0.6217935462987254,2.041187350552539
299.5807023055772,-0.21646081232962833,-2.4855593223933443,-0.6218272012645988,2.026653886551578
299.5807023055772,-0.1235656916704608,-2.4859590993205503,-0.6217994165899478,2.037401168962408
299.5807023055772,-0.18546312701790652,-2.4857170002228512,-0.6218162320099911,2.0301348308436524
299.5807023055772,-0.15450004167327935,-2.4858502264322375,-0.6218069756657942,2.033717139135457
299.5807023055772,0.09265426593315391,-2.4860436968503836,-0.6217935463006756,2.0660830157482946
299.5807023055772,0.15450004167317757,-2.4858502264329596,-0.6218069756673684,2.075230374241855
299.68602325736066,-0.08990449202893049,-2.4862476047613584,-0.6258531242496338,2.0284520186237516
299.68602325736066,-0.11989948255342579,-2.4861678690282742,-0.6258586942231762,2.0247681060951255
299.68602325736066,-0.14991753150788031,-2.48606524929642,-0.6258658669596241,2.0211803594899242
299.68602325736066,-5.088887490341627e-14,-2.4863500204260207,-0.625845974217342,2.0400862498976253
299.68602325736066,0.02996050999252137,-2.4863386465528157,-0.625846768037239,2.0441606873174836
299.68602325736066,0.05992675782385207,-2.486304516473644,-0.6258491504376084,2.048334588055947
299.68602325736066,0.0899044920288287,-2.486247604760248,-0.6258531242512559,2.052608836096186
299.68602325736066,0.11989948255332401,-2.4861678690279105,-0.6258586942244075,2.0569843938948678
299.68602325736066,0.14991753150777853,-2.4860652492975404,-0.6258658669617478,2.061462304435885
299.6860232573607,-0.17996448397788056,-2.4859396698442158,-0.6258746508665087,2.017688336350833
299.6860232573607,-0.21004623891137583,-2.485791034969426,-0.6258850620184074,2.014291665123082
299.6860232573607,-0.02996050999262315,-2.486338646551511,-0.6258467680346357,2.0361104684801887
299.6860232573607,-0.05992675782395385,-2.486304516473534,-0.6258491504347643,2.0322326108586632
299.6860232573607,0.17996448397777878,-2.4859396698452696,-0.6258746508677587,2.0660436935586928
299.6860232573607,0.21004623891132493,-2.485791034968504,-0.6258850620174986,2.0707297724562563
299.7910102223049,0.05809255228905513,-2.4865053492478335,-0.6299021204170346,2.0350642874557683
299.7910102223049,-0.11623133908104681,-2.4863767876845664,-0.6299111442170512,2.0122022553963803
299.7910102223049,-0.14533260353091773,-2.486280236043021,-0.6299179271791348,2.0087115812725678
299.7910102223049,0.14533260353086686,-2.4862802360423415,-0.6299179271800123,2.0477615861502527
299.7910102223049,-0.05809255228915691,-2.4865053492467832,-0.6299021204140386,2.019455150627087
299.7910102223049,0.02904339052362316,-2.4865374587140527,-0.6298998679993592,2.031022284791943
299.7910102223049,-0.029043390523724937,-2.4865374587103815,-0.629899867995039,2.0232184907245774
299.7910102223049,-5.088887490341627e-14,-2.4865481591238723,-0.6298991175040746,2.0270739562311104
299.7910102223049,0.11623133908099592,-2.486376787683068,-0.6299111442173952,2.043432935930665
299.791010222305,0.17446293975866903,-2.486162076740322,-0.629926233193873,2.05218792367712
299.791010222305,-0.2036282810533859,-2.486022216890001,-0.6299360792210801,2.0019995052062676
299.791010222305,0.20362828105328412,-2.486022216891339,-0.6299360792222285,2.0567131548806645
299.791010222305,-0.08715326729631823,-2.4864518060023353,-0.629905877607001,2.0157832703733796
299.791010222305,-0.1744629397587708,-2.486162076738823,-0.6299262331921047,2.005310793144218
299.791010222305,0.08715326729621645,-2.4864518059994243,-0.6299058776067558,2.039200850237972
299.89566840196926,-0.08440053557231923,-2.4866562959697873,-0.6339518390246923,2.0031802748254175
299.89566840196926,-5.088887490341627e-14,-2.4867467733069972,-0.6339454721882852,2.0141264828756826
299.89566840196926,0.08440053557221745,-2.4866562959653145,-0.6339518390220282,2.0258582121085724
299.89566840196926,-0.16895838205264702,-2.4863842150308773,-0.63397101680174,1.9930013933117077
299.89566840196926,-0.1407451641462498,-2.486495179092344,-0.6339631897090777,1.9963099877363122
299.89566840196926,0.16895838205254524,-2.4863842150315545,-0.6339710168032351,2.038399487034103
299.8956684019693,0.028125768699853008,-2.4867367256067663,-0.6339461789808987,2.017948716200335
299.8956684019693,-0.11256118637238004,-2.486585849981848,-0.6339567998863669,1.9997027924286126
299.8956684019693,-0.19720680774011276,-2.4862528605034298,-0.6339802895977991,1.9897766088620203
299.8956684019693,-0.028125768699954784,-2.4867367256047515,-0.633946178978951,2.010391481884808
299.8956684019693,-0.05625734206283431,-2.4867065745117363,-0.6339483003024456,2.0067429701272443
299.8956684019693,0.19720680774001098,-2.4862528605030687,-0.6339802895977673,2.042764855613833
299.8956684019693,0.05625734206278342,-2.4867065745115435,-0.6339483003030535,2.021858996616526
299.8956684019694,0.11256118637227826,-2.4865858499780513,-0.6339567998841679,2.029947325700051
299.8956684019694,0.14074516414614802,-2.486495179091195,-0.6339631897100035,2.0341273774966746
299.99999999999994,0.08164631797729237,-2.486758781283802,-0.6359729562799737,2.01258046121991
299.99999999999994,-5.088887490341627e-14,-2.4868461982794345,-0.635966956226686,2.0012433605960074
300.0,0.027207651561737645,-2.486836490536107,-0.6359676222649874,2.004939513909716
300.0,-0.05442114122583595,-2.486807359457649,-0.6359696213429638,1.9940956008579347
300.0,0.054421141225785064,-2.486807359456199,-0.6359696213418442,2.008718250820944
300.0,0.10888905258673347,-2.486690716903679,-0.6359776320409388,2.016527108260927
300.0,-0.16345085309361135,-2.4864958935693235,-0.635991035891659,1.9807596856134928
300.0,-0.1907818682407402,-2.486368969073452,-0.6359997746570084,1.9776225324109793
300.0,-0.13615524855116684,-2.4866031084451516,-0.6359836547318103,1.9839751213321324
300.0,-0.08164631797734326,-2.486758781288721,-0.635972956283633,1.990642565815236
300.0,-0.027207651561839425,-2.4868364905357545,-0.6359676222649719,1.9976289724361018
300.0,0.13615524855111594,-2.4866031084458866,-0.6359836547346839,2.0205592303909445
300.0,-0.10888905258678436,-2.486690716908184,-0.6359776320441363,1.9872692546795876
300.0,-0.21815755355259306,-2.4862222267242675,-0.636009891261035,1.9745629609652464
300.0,0.16345085309350957,-2.4864958935708876,-0.6359910358942502,2.024677943750802
300.0,0.21815755355254218,-2.486222226724019,-0.6360098912629739,2.0331805173453117
300.00000000000006,0.19078186824063842,-2.486368969072894,-0.6359997746570899,2.028884444235231
