contour,relative_angle_deg,radius_мм,sigma_rr_mpa,sigma_tt_mpa,tau_rt_mpa
inner,-30.000000000000068,249.99999999999994,0.33577499184117277,0.2020243780269871,0.15607062122752124
inner,-29.850000000000026,249.99999999999997,0.2600148798381088,0.17582544619265533,0.13255662120219763
inner,-29.700000000000088,249.99999999999997,0.16363333159456434,0.1439452330282028,0.09693074371106895
inner,-29.550000000000043,249.99999999999997,0.1323326284180415,0.13241879377002835,0.07770458197187871
inner,-29.400000000000105,249.99999999999997,0.11425254816017824,0.12294041152018759,0.06646977479471285
inner,-29.250000000000064,249.99999999999994,0.10235571279374338,0.11538794425490366,0.058919011168701255
inner,-29.100000000000122,249.99999999999994,0.09352772964483674,0.10905791434297366,0.053344101315422
inner,-28.95000000000008,249.99999999999997,0.08655878583523022,0.10365630608941237,0.04895143394404146
inner,-28.800000000000143,249.99999999999994,0.0808080582135907,0.09895114488497754,0.045337852261287684
inner,-28.6500000000001,249.99999999999997,0.0759164587659905,0.09478176981707484,0.042273787600410145
inner,-28.50000000000006,249.99999999999997,0.07166025400019396,0.0910295711103283,0.03961719654284648
inner,-28.35000000000012,249.99999999999997,0.06789183990972816,0.08760674181658547,0.03727404400705094
inner,-28.200000000000077,249.99999999999994,0.0645085007004699,0.08444705936897293,0.03517884575941442
inner,-28.05000000000014,249.99999999999997,0.06143581521789375,0.08149993802918315,0.033284131355330294
inner,-27.900000000000098,249.99999999999994,0.05861797710514119,0.07872622303492924,0.03155435210065278
inner,-27.750000000000156,249.99999999999997,0.056011914171931326,0.07609525161550768,0.029962150749639774
inner,-27.600000000000115,249.99999999999997,0.05358354022938576,0.07358275282987049,0.02848597531911913
inner,-27.450000000000177,249.99999999999997,0.051305281005204685,0.07116932966276254,0.027108496285245212
inner,-27.300000000000132,249.99999999999997,0.04915438821110875,0.06883934596927083,0.025815524701428796
inner,-27.150000000000194,249.99999999999997,0.04711175947645435,0.06658009994162313,0.024595253404623763
inner,-27.000000000000153,249.99999999999994,0.045161092558756416,0.06438120286582506,0.02343771274445068
inner,-26.85000000000021,249.99999999999997,0.04328826633813278,0.062234106968022215,0.022334372346572935
inner,-26.70000000000017,249.99999999999994,0.04148087922432041,0.06013174288293219,0.021277844497514162
inner,-26.55000000000023,249.99999999999997,0.039727899069300215,0.05806823867378244,0.02026165964380409
inner,-26.40000000000019,249.99999999999994,0.038019393520548436,0.05603870019424498,0.019280093978759384
inner,-26.25000000000025,249.99999999999994,0.03634631936470438,0.05403903806284448,0.018328035260976715
inner,-26.100000000000207,249.99999999999997,0.03470035578001099,0.052065830393109386,0.017400877110414707
inner,-25.950000000000166,249.99999999999994,0.03307377072210503,0.05011621319819758,0.016494434805243065
inner,-25.800000000000228,249.99999999999994,0.031459312630576816,0.048187792390837675,0.015604877518645602
inner,-25.650000000000187,249.99999999999994,0.029850121712814343,0.046278572767636444,0.014728673272215997
inner,-25.500000000000245,249.99999999999994,0.02823965651969341,0.04438690043745082,0.013862543835382176
inner,-25.350000000000204,249.99999999999994,0.0266216326034453,0.042511415976917905,0.013003427484136118
inner,-25.200000000000266,249.99999999999997,0.02498997080083487,0.04065101618800438,0.012148448030698563
inner,-25.050000000000225,249.99999999999997,0.02333875325653309,0.038804822794535086,0.0112948889043573
inner,-24.900000000000283,249.99999999999997,0.021662185731840533,0.03697215677680493,0.01044017133558725
inner,-24.75000000000024,249.99999999999994,0.019954565049556762,0.035152517300209754,0.009581835902964396
inner,-24.600000000000303,249.99999999999994,0.018210250775226824,0.03334556440782806,0.00871752685859795
inner,-24.45000000000026,249.99999999999997,0.016423640422611838,0.03155110481937922,0.007844978765610449
inner,-24.30000000000032,249.99999999999997,0.014589147604789422,0.02976908029049958,0.0069620050785277835
inner,-24.15000000000028,249.99999999999994,0.012701182678784253,0.027999558100981883,0.006066488366139436
inner,-24.000000000000288,249.99999999999997,0.0107541355129804,0.02624272332313805,0.005156371932430645
inner,-23.850000000000296,249.99999999999994,0.008742360068389743,0.024498872567244964,0.004229652640484207
inner,-23.70000000000031,249.99999999999997,0.006660160556005673,0.02276840896924812,0.003284374775414352
inner,-23.550000000000317,249.99999999999997,0.0045017789730861036,0.021051838225201486,0.002318624813906027
inner,-23.400000000000276,249.99999999999997,0.0022613838506136737,0.019349765497086325,0.001330526991747885
inner,-23.250000000000334,249.99999999999997,-6.693991584595573e-05,0.01766289305440507,0.0003182395775095017
inner,-23.100000000000293,249.99999999999997,-0.0024892002543881247,0.015992018536269678,-0.0007200482222333394
inner,-22.950000000000355,249.99999999999997,-0.0050115062140811805,0.014338033726369173,-0.0017861187885280282
inner,-22.800000000000313,250.0,-0.007640075437832032,0.012701923752240935,-0.002881728097853028
inner,-22.65000000000037,249.99999999999997,-0.010381240858863109,0.011084766633898971,-0.004008607254952529
inner,-22.50000000000033,249.99999999999997,-0.013241456659273287,0.009487733112837822,-0.005168463585203548
inner,-22.35000000000034,249.99999999999997,-0.01622730351679729,0.00791208669897542,-0.006362981315326926
inner,-22.20000000000035,249.99999999999997,-0.01934549315824378,0.006359183878628838,-0.007593821866812124
inner,-22.05000000000036,249.99999999999997,-0.022602872223476372,0.004830474431320603,-0.008862623779574037
inner,-21.900000000000368,250.0,-0.026006425437733967,0.0033275018044435327,-0.010171002281322221
inner,-21.750000000000377,249.99999999999997,-0.029563278085088573,0.0018519034967486197,-0.011520548513467533
inner,-21.600000000000385,249.99999999999994,-0.033280697764354744,0.0004054114075946317,-0.012912828423301798
inner,-21.450000000000447,249.99999999999997,-0.037166095404857866,-0.0010101478971588096,-0.014349381327142596
inner,-21.300000000000406,250.0,-0.041227025511163216,-0.0023928530482482113,-0.01583171814925526
inner,-21.150000000000464,250.0,-0.04547118560728855,-0.0037406879137964746,-0.01736131933920986
inner,-21.000000000000423,249.99999999999997,-0.049906414830580344,-0.005051541859872947,-0.01893963246680428
inner,-20.850000000000485,249.99999999999997,-0.054540691635512305,-0.006323210285166623,-0.020568069496100728
inner,-20.70000000000039,250.0,-0.05938213055745956,-0.007553395477755442,-0.022248003736118942
inner,-20.550000000000402,250.00000000000003,-0.06443897797419401,-0.00873970783889304,-0.023980766466639828
inner,-20.40000000000046,250.0,-0.06971960681621747,-0.009879667538015106,-0.025767643236719394
inner,-20.25000000000042,250.00000000000003,-0.07523251015550816,-0.010970706643960871,-0.027609869833986576
inner,-20.100000000000428,250.00000000000003,-0.08098629360687422,-0.012010171786348799,-0.02950862792279043
inner,-19.95000000000044,249.99999999999997,-0.08698966647797837,-0.012995327408803891,-0.03146504034926479
inner,-19.800000000000498,250.0,-0.09325143159463908,-0.013923359668628304,-0.03348016611263507
inner,-19.650000000000457,250.0,-0.09978047372566505,-0.014791381035728442,-0.035554995003489485
inner,-19.500000000000465,250.00000000000003,-0.10658574653839857,-0.015596435651642612,-0.03769044191020424
inner,-19.350000000000477,250.0,-0.11367625800927023,-0.01633550550466107,-0.03988734079662015
inner,-19.200000000000486,250.00000000000003,-0.12106105421418872,-0.01700551747355831,-0.042146438356099346
inner,-19.050000000000495,250.00000000000006,-0.12874920142420407,-0.01760335128983621,-0.04446838734820454
inner,-18.900000000000503,250.00000000000003,-0.13674976644325212,-0.018125848469096,-0.046853739629512225
inner,-18.75000000000051,250.0,-0.14507179512845797,-0.018569822231030424,-0.04930293889857023
inner,-18.600000000000524,250.00000000000003,-0.15372428907577695,-0.018932068413713646,-0.05181631318787148
inner,-18.450000000000532,250.00000000000003,-0.1627161805176489,-0.019209377273016172,-0.05439406718634354
inner,-18.30000000000054,250.00000000000003,-0.17205630566578198,-0.019398545936156832,-0.057036274540794636
inner,-18.1500000000005,250.0,-0.18175337696225963,-0.019496391029268,-0.05974287040015978
inner,-18.000000000000508,250.00000000000003,-0.19181595508261734,-0.0194997607686019,-0.06251364458689915
inner,-17.850000000000517,250.00000000000003,-0.20225242176914865,-0.01940554561750917,-0.06534823582650197
inner,-17.70000000000053,249.99999999999997,-0.21307095464417752,-0.019210687740997656,-0.06824612705637789
inner,-17.550000000000587,250.00000000000003,-0.22427950373131544,-0.018912190332589517,-0.0712066413705628
inner,-17.400000000000546,250.00000000000003,-0.23588576812160547,-0.018507128649429164,-0.07422893778242103
inner,-17.250000000000554,250.00000000000003,-0.2478971704074924,-0.01799266407623944,-0.07731200618261183
inner,-17.100000000000566,250.00000000000006,-0.2603208269810013,-0.01736605983329129,-0.08045466178379043
inner,-16.950000000000575,250.00000000000006,-0.273163515506063,-0.016624698868011066,-0.08365553908182118
inner,-16.800000000000583,250.00000000000003,-0.2864316396173148,-0.015766102309623702,-0.08691308598418722
inner,-16.650000000000592,250.0,-0.3001311925802103,-0.014787946394063757,-0.0902255588891864
inner,-16.5000000000006,250.00000000000003,-0.31426772253931773,-0.013688080697440232,-0.0935910180780378
inner,-16.350000000000612,250.00000000000003,-0.32884629677891686,-0.012464545324438544,-0.09700732394312282
inner,-16.20000000000062,250.00000000000006,-0.3438714671295415,-0.011115588127148702,-0.10047213390495507
inner,-16.05000000000063,250.0,-0.359347235811242,-0.009639680584021319,-0.1039829003697002
inner,-15.90000000000064,250.00000000000006,-0.3752770229235396,-0.008035533827248581,-0.10753686929491732
inner,-15.7500000000007,250.00000000000003,-0.3916636342833968,-0.006302114858266318,-0.11113107930169755
inner,-15.600000000000659,250.00000000000006,-0.4085092295951037,-0.004438661086261052,-0.11476236192710863
inner,-15.450000000000667,250.00000000000006,-0.4258152928711868,-0.0024446930785256417,-0.11842734308598424
inner,-15.300000000000626,250.00000000000006,-0.4435826054872395,-0.0003200285384931849,-0.12212244483100693
inner,-15.150000000000635,250.00000000000009,-0.4618112188704205,0.0019352063759005712,-0.12584388845161615
inner,-15.000000000000645,250.00000000000003,-0.48050043046229257,0.004320567394778871,-0.1295876986787504
inner,-14.850000000000653,250.00000000000006,-0.49964876248670637,0.0068352815273356165,-0.13334970824056502
inner,-14.700000000000664,250.00000000000006,-0.519253940839124,0.009478240708674635,-0.13712556412701335
inner,-14.550000000000672,250.00000000000003,-0.5393128791988347,0.012247995572898419,-0.14091073453197575
inner,-14.400000000000631,250.00000000000003,-0.559821664710417,0.015142751181666548,-0.14470051677918994
inner,-14.25000000000064,250.00000000000003,-0.5807755465722653,0.018160364453725552,-0.1484900461622953
inner,-14.10000000000065,250.00000000000006,-0.6021689277346639,0.02129834274927326,-0.15227430557306681
inner,-13.95000000000071,250.0,-0.62399535927588,0.024553846731252882,-0.15604813672412632
inner,-13.800000000000669,250.00000000000006,-0.6462475402434551,0.0279236927556449,-0.15980625149179395
inner,-13.650000000000627,250.00000000000009,-0.6689173184176666,0.03140435642275087,-0.16354324381496715
inner,-13.500000000000636,250.00000000000006,-0.69199569367067,0.034991981696792365,-0.1672536033962657
inner,-13.350000000000646,250.00000000000003,-0.7154728283488828,0.03868238827442515,-0.17093172906550091
inner,-13.200000000000655,250.00000000000003,-0.739338057538656,0.0424710826376946,-0.17457194321469682
inner,-13.050000000000614,250.00000000000003,-0.7635799041789932,0.04635327122503787,-0.17816850683133517
inner,-12.900000000000622,249.99999999999997,-0.788186097768773,0.05032387300194427,-0.1817156343189738
inner,-12.750000000000632,250.00000000000003,-0.8131435941071717,0.054377537257595435,-0.18520750971747144
inner,-12.600000000000641,250.00000000000006,-0.8384386014274178,0.05850866058291439,-0.1886383024425013
inner,-12.450000000000651,250.00000000000003,-0.8640566069334317,0.06271140416773736,-0.19200218288280824
inner,-12.300000000000608,250.00000000000003,-0.8899824052681302,0.06697971650250065,-0.19529333935092558
inner,-12.150000000000619,250.0,-0.9162001336729046,0.0713073543910484,-0.19850599410957293
inner,-12.000000000000627,250.00000000000003,-0.9426933062888679,0.07568790438340281,-0.20163441907492705
inner,-11.850000000000637,250.00000000000003,-0.9694448499750316,0.08011480713706765,-0.20467295199709667
inner,-11.700000000000596,250.00000000000006,-0.9964371444661371,0.0845813817489341,-0.2076160121717434
inner,-11.550000000000605,250.00000000000003,-1.0236520636325137,0.08908085135137397,-0.21045811596878586
inner,-11.400000000000613,250.00000000000003,-1.0510710186297851,0.09360636827834866,-0.21319389163162708
inner,-11.250000000000675,250.00000000000003,-1.0786750013160065,0.09815103956461661,-0.21581809361136073
inner,-11.100000000000632,250.00000000000003,-1.1064446289086693,0.10270795326978813,-0.21832561657301486
inner,-10.95000000000059,250.00000000000006,-1.134360190260447,0.1072702044622812,-0.22071150866553585
inner,-10.80000000000065,249.99999999999997,-1.162401692346554,0.11183092109837175,-0.22297098412323488
inner,-10.65000000000061,250.00000000000003,-1.1905489071201418,0.11638328956596158,-0.2250994351310249
inner,-10.50000000000067,250.00000000000003,-1.2187814184656023,0.12092057976464103,-0.22709244291028863
inner,-10.350000000000628,249.99999999999997,-1.2470786690260485,0.12543616955838865,-0.22894578798358012
inner,-10.200000000000587,250.0,-1.2754200066576327,0.1299235684749139,-0.2306554595850325
inner,-10.050000000000596,250.00000000000003,-1.3037847302944994,0.1343764405106266,-0.23221766418833822
inner,-9.900000000000606,250.00000000000003,-1.332152135007507,0.13878862591524427,-0.2336288331306145
inner,-9.750000000000563,250.00000000000003,-1.3605015560414486,0.1431541618492148,-0.23488562931855672
inner,-9.600000000000573,250.0,-1.3888124116487794,0.14746730179682319,-0.2359849530081364
inner,-9.450000000000582,250.00000000000006,-1.4170642445307968,0.1517225336471783,-0.23692394665571606
inner,-9.300000000000592,249.99999999999997,-1.4452367617155701,0.1559145963577083,-0.23769999884397158
inner,-9.1500000000006,249.99999999999997,-1.4733098727252978,0.16003849512389481,-0.2383107472944875
inner,-9.00000000000056,249.99999999999997,-1.5012637258909123,0.16408951499965221,-0.23875408098100784
inner,-8.85000000000062,249.99999999999997,-1.5290787426789931,0.16806323290505343,-0.23902814135754263
inner,-8.700000000000578,249.99999999999997,-1.5567356499081888,0.17195552790872842,-0.2391313227186557
inner,-8.550000000000587,250.0,-1.5842155098824404,0.17576259027974026,-0.2390622718824087
inner,-8.400000000000597,249.99999999999997,-1.6114997486501146,0.17948092850230013,-0.238819886911879
inner,-8.250000000000556,249.99999999999994,-1.6385701813294218,0.18310737434754923,-0.23840331503797477
inner,-8.100000000000616,249.99999999999994,-1.6654090349853483,0.18663908672815607,-0.23781195005165096
inner,-7.950000000000574,250.0,-1.6919989697071502,0.1900735537666046,-0.23704542894489591
inner,-7.800000000000634,249.99999999999994,-1.7183230970823233,0.19340859325342363,-0.2361036279383854
inner,-7.650000000000593,249.99999999999994,-1.7443649962888295,0.1966423514724144,-0.2349866579322402
inner,-7.500000000000552,249.99999999999997,-1.770108728011036,0.19977330092559145,-0.23369485957714972
inner,-7.350000000000612,249.99999999999994,-1.7955388463660011,0.20280023623513332,-0.23222879767976506
inner,-7.2000000000005695,249.99999999999997,-1.8206404078789515,0.20572226838802685,-0.2305892551608787
inner,-7.050000000000528,250.0,-1.8453989782384246,0.20853881811394412,-0.2287772268306363
inner,-6.900000000000588,249.99999999999997,-1.869800637458326,0.2112496078053754,-0.2267939127165159
inner,-6.750000000000547,249.99999999999997,-1.893831982866155,0.21385465262777628,-0.22464071127293622
inner,-6.6000000000005565,250.0,-1.9174801305322893,0.21635425045270354,-0.22231921225754953
inner,-6.450000000000566,249.99999999999997,-1.9407327143785487,0.21874897046339412,-0.21983118933607462
inner,-6.300000000000524,249.99999999999997,-1.963577883276663,0.22103964115295843,-0.2171785927152714
inner,-6.150000000000533,249.99999999999997,-1.9860042969551113,0.22322733748902607,-0.21436354163421298
inner,-6.000000000000543,249.99999999999997,-2.008001120518606,0.22531336776168354,-0.21138831694415128
inner,-5.850000000000552,249.99999999999997,-2.0295580178429447,0.22729925958592423,-0.20825535350599073
inner,-5.700000000000511,250.0,-2.0506651430322704,0.22918674511323292,-0.2049672325828654
inner,-5.55000000000052,249.99999999999994,-2.071313130646193,0.23097774614632902,-0.20152667446257672
inner,-5.400000000000529,249.99999999999994,-2.0914930855388216,0.23267435912194634,-0.1979365311737295
inner,-5.250000000000538,249.99999999999997,-2.11119657183795,0.23427883980255454,-0.19419977924572454
inner,-5.100000000000497,250.0,-2.1304156007332984,0.23579358755020963,-0.19031951254858043
inner,-4.950000000000506,249.99999999999997,-2.1491426173780015,0.23722112966681264,-0.18629893541432116
inner,-4.800000000000516,249.99999999999997,-2.1673704876853948,0.23856410598408712,-0.18214135599186101
inner,-4.650000000000525,249.99999999999997,-2.1850924848400948,0.23982525347618175,-0.1778501797183596
inner,-4.500000000000535,249.99999999999997,-2.2023022750646115,0.24100739079913922,-0.17342890295988345
inner,-4.350000000000493,250.0,-2.218993902959043,0.24211340310845586,-0.16888110697258862
inner,-4.200000000000502,249.99999999999997,-2.235161777077791,0.2431462273869268,-0.16421045215677194
inner,-4.050000000000511,250.0,-2.2508006555714677,0.24410883798753163,-0.15942067244689634
inner,-3.900000000000521,250.0,-2.265905631392406,0.24500423231580576,-0.15451556992783672
inner,-3.750000000000479,249.99999999999997,-2.2804721175582334,0.24583541708693435,-0.1494990098268465
inner,-3.6000000000004886,250.0,-2.294495832960445,0.2466053951114238,-0.14437491572123845
inner,-3.450000000000498,250.00000000000003,-2.307972788269605,0.24731715242999283,-0.1391472649412326
inner,-3.300000000000507,250.00000000000003,-2.3208992718481354,0.2479736458297917,-0.13382008423572897
inner,-3.1500000000005164,250.00000000000006,-2.333271836111499,0.24857779103513886,-0.128397445769036
inner,-3.0000000000004747,250.00000000000003,-2.3450872844784634,0.24913245141228346,-0.12288346328433401
inner,-2.850000000000484,250.00000000000006,-2.35634265849237,0.24964042708225534,-0.11728228848619499
inner,-2.7000000000004936,250.0,-2.3670352253287397,0.2501044446230713,-0.1115981077065277
inner,-2.550000000000503,250.00000000000003,-2.3771624659799695,0.2505271473898461,-0.10583513878738167
inner,-2.4000000000004613,250.0,-2.3867220639289526,0.25091108633138076,-0.09999762813438552
inner,-2.2500000000004707,250.00000000000003,-2.3957118941909306,0.2512587112962045,-0.0940898479822311
inner,-2.10000000000048,250.00000000000006,-2.404130012996842,0.251572362964424,-0.08811609389904954
inner,-1.9500000000004893,250.00000000000006,-2.4119746481487576,0.2518542653291761,-0.082080682424919
inner,-1.8000000000004988,250.00000000000006,-2.4192441898208172,0.25210651864562705,-0.0759879488801397
inner,-1.650000000000457,250.00000000000006,-2.425937181972186,0.25233109294389283,-0.06984224536946773
inner,-1.5000000000004665,250.00000000000006,-2.4320523144544866,0.2525298220955345,-0.0636479389144746
inner,-1.3500000000004757,250.00000000000006,-2.437588415687015,0.2527043983613379,-0.057409409716114274
inner,-1.2000000000004851,250.00000000000006,-2.4425444459250207,0.25285636744370077,-0.051131049556762204
inner,-1.0500000000004945,250.00000000000003,-2.4469194911989027,0.25298712406414214,-0.04481726032047773
inner,-0.9000000000004529,250.00000000000003,-2.4507127578945873,0.2530979080238539,-0.038472452604864524
inner,-0.7500000000004622,250.0,-2.4539235679328897,0.2531898007335977,-0.03210104442858962
inner,-0.6000000000004716,250.00000000000006,-2.456551354601829,0.2532637222345628,-0.025707460027378694
inner,-0.4500000000004809,250.00000000000003,-2.4585956590447418,0.25332042869231836,-0.019296128710345396
inner,-0.30000000000043936,249.99999999999997,-2.4600561273658887,0.25336051034865303,-0.012871483774907499
inner,-0.15000000000044866,249.99999999999994,-2.4609325083818,0.2533843899347358,-0.006437961471557598
inner,-4.579998741307465e-13,249.99999999999997,-2.4612246520258165,0.2533923215392738,-1.950544058082376e-14
inner,0.14999999999958355,249.99999999999997,-2.4609325083829225,0.2533843899341092,0.0064379614714614695
inner,0.2999999999995233,250.0,-2.4600561273674777,0.2533605103481958,0.012871483774762297
inner,0.4499999999995649,250.0,-2.458595659047186,0.2533204286911594,0.01929612871022631
inner,0.5999999999995556,250.00000000000006,-2.456551354603149,0.2532637222341851,0.025707460027245492
inner,0.7499999999995463,250.00000000000003,-2.453923567933011,0.2531898007342674,0.03210104442844015
inner,0.899999999999537,250.00000000000006,-2.450712757894708,0.2530979080245296,0.038472452604717246
inner,1.0499999999995784,250.00000000000003,-2.4469194911986056,0.2529871240652324,0.044817260320264216
inner,1.1999999999995692,250.00000000000003,-2.44254444592639,0.25285636744348516,0.05113104955658372
inner,1.3499999999995598,250.00000000000009,-2.4375884156895147,0.2527043983606521,0.05740940971601215
inner,1.4999999999995506,250.00000000000006,-2.432052314457381,0.2525298220953699,0.06364793891446084
inner,1.6499999999995412,250.00000000000009,-2.425937181976174,0.2523310929433117,0.06984224536955716
inner,1.7999999999995826,250.00000000000006,-2.419244189824272,0.25210651864551503,0.07598794888017488
inner,1.9499999999995734,250.00000000000003,-2.411974648150534,0.25185426533022315,0.08208068242488595
inner,2.099999999999564,250.00000000000006,-2.404130012997765,0.251572362965515,0.08811609389897554
inner,2.2499999999995546,250.00000000000003,-2.3957118941915,0.25125871129690386,0.09408984798211699
inner,2.3999999999995962,250.00000000000006,-2.3867220639290476,0.2509110863321395,0.09999762813424265
inner,2.549999999999587,250.00000000000006,-2.3771624659806747,0.25052714738997867,0.10583513878721432
inner,2.6999999999995774,250.00000000000009,-2.367035225328878,0.25010444462395254,0.11159810770634726
inner,2.8499999999995684,250.00000000000003,-2.3563426584914913,0.24964042708403303,0.11728228848607415
inner,2.9999999999996096,250.0,-2.3450872844769832,0.24913245141449508,0.12288346328427642
inner,3.1499999999996007,250.0,-2.3332718361092826,0.24857779103781547,0.12839744576901999
inner,3.2999999999995913,249.99999999999997,-2.3208992718464696,0.2479736458314156,0.13382008423574393
inner,3.449999999999582,250.0,-2.3079727882685956,0.2473171524312387,0.13914726494128188
inner,3.5999999999996235,250.0,-2.2944958329603793,0.24660539511252855,0.1443749157213642
inner,3.749999999999614,249.99999999999997,-2.2804721175582716,0.2458354170881825,0.14949900982694758
inner,3.8999999999996047,250.00000000000003,-2.265905631391938,0.24500423231774887,0.15451556992787782
inner,4.049999999999596,249.99999999999997,-2.2508006555711852,0.24410883798938812,0.15942067244701255
inner,4.199999999999586,250.0,-2.2351617770778094,0.24314622738801583,0.16421045215687743
inner,4.3499999999996275,250.00000000000003,-2.2189939029589874,0.2421134031090674,0.16888110697258782
inner,4.499999999999618,250.0,-2.20230227506452,0.24100739079937766,0.17342890295983757
inner,4.649999999999609,249.99999999999997,-2.1850924848396263,0.239825253476685,0.17785017971833414
inner,4.799999999999599,249.99999999999997,-2.167370487684278,0.2385641059851334,0.18214135599184317
inner,4.949999999999591,250.00000000000003,-2.1491426173758117,0.2372211296683618,0.18629893541422107
inner,5.099999999999632,249.99999999999997,-2.1304156007301143,0.2357935875519687,0.19031951254837998
inner,5.2499999999996225,249.99999999999991,-2.1111965718348658,0.234278839803462,0.19419977924549986
inner,5.399999999999613,249.99999999999994,-2.0914930855360865,0.23267435912171422,0.19793653117354904
inner,5.549999999999604,249.99999999999994,-2.071313130642706,0.2309777461466248,0.20152667446241088
inner,5.699999999999646,249.99999999999997,-2.0506651430290392,0.22918674511371728,0.20496723258280605
inner,5.849999999999636,249.99999999999997,-2.0295580178413584,0.22729925958547145,0.2082553535060086
inner,5.999999999999627,249.99999999999997,-2.008001120517132,0.225313367761676,0.21138831694414884
inner,6.1499999999996176,249.99999999999994,-1.98600429695398,0.22322733748856685,0.21436354163412344
inner,6.299999999999659,249.99999999999997,-1.9635778832752542,0.22103964115261537,0.21717859271506806
inner,6.449999999999649,249.99999999999994,-1.9407327143775635,0.21874897046339323,0.21983118933582205
inner,6.59999999999964,249.99999999999994,-1.9174801305322344,0.21635425045278714,0.2223192122574884
inner,6.749999999999631,249.99999999999997,-1.8938319828659906,0.21385465262781475,0.22464071127296936
inner,6.899999999999622,249.99999999999994,-1.8698006374576894,0.21124960780498095,0.2267939127164129
inner,7.049999999999663,249.99999999999994,-1.8453989782381128,0.2085388181126721,0.2287772268304973
inner,7.199999999999654,249.99999999999994,-1.820640407880139,0.2057222683859221,0.23058925516088755
inner,7.349999999999644,249.99999999999997,-1.7955388463674509,0.2028002362338906,0.2322287976799574
inner,7.499999999999635,249.99999999999997,-1.7701087280124566,0.1997733009248014,0.23369485957736785
inner,7.649999999999677,249.99999999999994,-1.7443649962914314,0.1966423514709329,0.23498665793253104
inner,7.799999999999668,249.99999999999997,-1.7183230970848462,0.19340859325291193,0.23610362793882203
inner,7.949999999999658,249.99999999999997,-1.6919989697097413,0.1900735537667325,0.23704542894548275
inner,8.09999999999965,250.0,-1.66540903498962,0.1866390867269978,0.23781195005232428
inner,8.249999999999691,250.00000000000003,-1.6385701813339335,0.1831073743464068,0.23840331503861276
inner,8.39999999999968,249.99999999999997,-1.6114997486547125,0.17948092850145286,0.23881988691247583
inner,8.549999999999672,249.99999999999997,-1.5842155098870305,0.17576259027948576,0.23906227188307336
inner,8.699999999999662,249.99999999999997,-1.556735649913163,0.17195552790886742,0.23913132271938167
inner,8.849999999999653,249.99999999999997,-1.529078742685227,0.1680632329048367,0.23902814135836994
inner,8.999999999999694,250.0,-1.5012637258965795,0.16408951500016936,0.23875408098190837
inner,9.149999999999686,249.99999999999997,-1.4733098727296712,0.160038495124858,0.23831074729528912
inner,9.299999999999676,249.99999999999997,-1.4452367617204631,0.15591459635769556,0.2376999988446211
inner,9.449999999999667,249.99999999999997,-1.41706424453634,0.15172253364690044,0.23692394665644145
inner,9.599999999999657,250.0,-1.3888124116539764,0.14746730179663092,0.23598495300883968
inner,9.749999999999698,249.99999999999997,-1.3605015560460836,0.14315416184922175,0.2348856293189691
inner,9.89999999999969,250.0,-1.332152135011795,0.13878862591628702,0.2336288331309635
inner,10.049999999999681,250.0,-1.3037847302980448,0.13437644051321307,0.23221766418880424
inner,10.19999999999967,250.00000000000003,-1.2754200066600268,0.12992356847903874,0.2306554595855617
inner,10.349999999999712,250.0,-1.2470786690291973,0.12543616956219192,0.22894578798414933
inner,10.499999999999703,250.00000000000003,-1.2187814184700823,0.12092057976754378,0.22709244291094932
inner,10.649999999999693,250.0,-1.190548907124962,0.116383289568595,0.2250994351316947
inner,10.799999999999685,250.0,-1.162401692351403,0.11183092110068507,0.2229709841238111
inner,10.949999999999676,250.00000000000003,-1.1343601902638092,0.10727020446542705,0.22071150866604777
inner,11.099999999999717,250.0,-1.1064446289110208,0.10270795327340954,0.2183256165734583
inner,11.249999999999707,250.00000000000003,-1.0786750013186541,0.0981510395685129,0.2158180936118031
inner,11.399999999999698,250.0,-1.051071018633144,0.09360636828246227,0.21319389163222235
inner,11.549999999999688,250.0,-1.0236520636364628,0.08908085135525193,0.21045811596937203
inner,11.699999999999731,250.0,-0.996437144469684,0.08458138175313737,0.2076160121721846
inner,11.84999999999972,250.00000000000003,-0.9694448499776916,0.08011480714177194,0.20467295199737992
inner,11.999999999999712,250.00000000000003,-0.9426933062905983,0.07568790438889436,0.2016344190750847
inner,12.149999999999702,250.00000000000003,-0.9162001336733526,0.0713073543974265,0.19850599410962155
inner,12.299999999999693,250.0,-0.8899824052676026,0.06697971650881757,0.1952933393508004
inner,12.449999999999735,250.00000000000003,-0.8640566069326726,0.06271140417337355,0.19200218288252754
inner,12.599999999999724,250.00000000000006,-0.8384386014272177,0.058508660587816216,0.1886383024422404
inner,12.749999999999716,250.00000000000003,-0.81314359410774,0.054377537262134415,0.1852075097174996
inner,12.899999999999707,250.00000000000006,-0.78818609776947,0.050323873006629716,0.1817156343192054
inner,13.049999999999748,250.00000000000003,-0.7635799041797469,0.04635327122961845,0.17816850683164137
inner,13.199999999999738,250.00000000000003,-0.7393380575397108,0.04247108264167155,0.1745719432150264
inner,13.34999999999973,250.00000000000003,-0.7154728283507954,0.03868238827744358,0.1709317290656826
inner,13.49999999999972,250.00000000000003,-0.6919956936721775,0.03499198170053901,0.1672536033963211
inner,13.649999999999762,250.00000000000003,-0.6689173184184992,0.031404356427193796,0.16354324381489424
inner,13.799999999999752,250.00000000000003,-0.6462475402440002,0.027923692760241068,0.1598062514916504
inner,13.949999999999743,250.00000000000003,-0.6239953592765429,0.02455384673618157,0.1560481367240545
inner,14.099999999999733,250.00000000000006,-0.6021689277357429,0.021298342754729624,0.15227430557321253
inner,14.249999999999725,250.00000000000003,-0.580775546574136,0.018160364459327564,0.1484900461627267
inner,14.399999999999766,250.00000000000006,-0.5598216647135142,0.01514275118671842,0.1447005167798576
inner,14.549999999999757,250.00000000000006,-0.5393128792022702,0.012247995577717734,0.1409107345327323
inner,14.699999999999747,250.00000000000006,-0.5192539408417909,0.009478240713799126,0.13712556412768226
inner,14.849999999999739,250.00000000000003,-0.49964876248790363,0.006835281533120975,0.1333497082411565
inner,14.99999999999978,250.00000000000006,-0.48050043046322266,0.004320567400153928,0.12958769867931758
inner,15.14999999999977,250.00000000000003,-0.4618112188719604,0.0019352063804885392,0.1258438884521929
inner,15.299999999999761,250.00000000000003,-0.44358260548857376,-0.000320028534000749,0.12212244483155997
inner,15.44999999999975,250.00000000000006,-0.4258152928722205,-0.002444693074412678,0.11842734308637089
inner,15.599999999999742,250.00000000000003,-0.4085092295963942,-0.00443866108270922,0.11476236192735438
inner,15.749999999999783,250.00000000000003,-0.39166363428419704,-0.006302114854239777,0.1111310793018897
inner,15.899999999999775,250.00000000000006,-0.375277022924067,-0.008035533822997315,0.10753686929501625
inner,16.049999999999766,250.00000000000006,-0.35934723581229183,-0.009639680579662715,0.10398290036987203
inner,16.199999999999754,250.00000000000006,-0.3438714671299701,-0.011115588121287904,0.10047213390525142
inner,16.3499999999998,250.00000000000003,-0.3288462967792717,-0.0124645453184197,0.09700732394336221
inner,16.499999999999787,250.00000000000006,-0.3142677225402507,-0.013688080692139707,0.09359101807811764
inner,16.64999999999978,250.00000000000003,-0.3001311925804248,-0.014787946388210661,0.09022555888920501
inner,16.79999999999977,250.00000000000006,-0.28643163961747764,-0.01576610230401835,0.0869130859840753
inner,16.94999999999976,250.00000000000003,-0.27316351550567614,-0.01662469886190864,0.08365553908166509
inner,17.099999999999802,250.00000000000003,-0.26032082698020387,-0.017366059826842747,0.08045466178359721
inner,17.24999999999979,250.00000000000003,-0.24789717040765033,-0.01799266407060295,0.07731200618243253
inner,17.399999999999782,250.00000000000003,-0.23588576812110773,-0.01850712864324141,0.0742289377824015
inner,17.549999999999773,250.00000000000003,-0.22427950373054029,-0.018912190326298563,0.07120664137054432
inner,17.699999999999815,250.00000000000003,-0.21307095464457582,-0.019210687735342267,0.06824612705665421
inner,17.849999999999806,250.0,-0.20225242177019254,-0.019405545612169568,0.06534823582709941
inner,17.999999999999797,250.00000000000006,-0.19181595508410224,-0.019499760763802925,0.06251364458756194
inner,18.149999999999785,250.00000000000003,-0.18175337696415111,-0.019496391025082507,0.05974287040079685
inner,18.29999999999983,250.00000000000003,-0.17205630566745858,-0.01939854593190852,0.057036274541296596
inner,18.449999999999818,250.00000000000003,-0.16271618051834752,-0.019209377267749794,0.05439406718665503
inner,18.59999999999981,250.00000000000003,-0.15372428907531102,-0.018932068407216198,0.051816313187921334
inner,18.7499999999998,250.00000000000003,-0.1450717951275394,-0.01856982222392264,0.049302938898356206
inner,18.899999999999842,250.00000000000003,-0.13674976644178813,-0.018125848461257872,0.046853739629137074
inner,19.049999999999834,250.00000000000003,-0.1287492014218186,-0.01760335128136061,0.044468387347719504
inner,19.199999999999825,249.99999999999997,-0.1210610542118332,-0.01700551746561899,0.042146438355452794
inner,19.349999999999813,249.99999999999997,-0.11367625800682608,-0.016335505497194924,0.03988734079586547
inner,19.499999999999805,250.00000000000003,-0.10658574653565386,-0.015596435644569131,0.03769044190928361
inner,19.649999999999796,250.00000000000006,-0.09978047372277925,-0.014791381028738466,0.03555499500253694
inner,19.799999999999837,249.99999999999997,-0.09325143159171675,-0.013923359661696218,0.03348016611182217
inner,19.94999999999983,250.00000000000006,-0.08698966647555666,-0.012995327402613274,0.031465040348550445
inner,20.099999999999817,250.00000000000003,-0.08098629360519981,-0.012010171780642976,0.02950862792224922
inner,20.249999999999808,250.0,-0.07523251015443956,-0.010970706637732116,0.027609869833742414
inner,20.39999999999985,250.0,-0.0697196068159718,-0.009879667531643732,0.02576764323677611
inner,20.54999999999984,250.0,-0.06443897797378145,-0.008739707832518637,0.023980766466755427
inner,20.699999999999832,249.99999999999997,-0.05938213055644352,-0.007553395471430802,0.02224800373604074
inner,20.849999999999824,250.0,-0.05454069163512887,-0.006323210279598757,0.020568069495852253
inner,20.999999999999865,250.00000000000003,-0.0499064148296078,-0.005051541853515272,0.018939632466408403
inner,21.149999999999856,249.99999999999997,-0.04547118560503327,-0.0037406879067098703,0.017361319338475255
inner,21.299999999999844,250.0,-0.041227025507260165,-0.002392853040742305,0.015831718148068677
inner,21.449999999999836,249.99999999999997,-0.037166095399962344,-0.0010101478896636673,0.014349381325546416
inner,21.599999999999827,249.99999999999997,-0.03328069775948108,0.00040541141420363217,0.012912828421541792
inner,21.74999999999987,250.0,-0.029563278080947105,0.0018519035019786045,0.011520548511555215
inner,21.89999999999986,249.99999999999997,-0.02600642543379265,0.003327501809569748,0.0101710022793768
inner,22.04999999999985,249.99999999999997,-0.022602872218344124,0.0048304744373798,0.008862623777524167
inner,22.19999999999984,249.99999999999997,-0.019345493152849728,0.0063591838840990015,0.007593821864485194
inner,22.34999999999988,250.0,-0.01622730351049331,0.00791208670429457,0.006362981312854983
inner,22.499999999999872,249.99999999999997,-0.01324145665226726,0.009487733117827139,0.005168463582472587
inner,22.649999999999864,249.99999999999997,-0.0103812408522202,0.011084766638097137,0.004008607252076385
inner,22.799999999999855,249.99999999999997,-0.007640075430908917,0.012701923756460226,0.002881728094936072
inner,22.949999999999896,249.99999999999994,-0.005011506207109219,0.0143380337303213,0.0017861187855965459
inner,23.099999999999888,250.0,-0.0024892002477844974,0.01599201853982379,0.000720048219422089
inner,23.249999999999876,249.99999999999997,-6.693990940071469e-05,0.017662893058084744,-0.0003182395801365999
inner,23.399999999999867,249.99999999999997,0.002261383857417344,0.019349765501253745,-0.001330526994342948
inner,23.54999999999986,249.99999999999994,0.00450177898034527,0.021051838229588202,-0.0023186248166210555
inner,23.6999999999999,249.99999999999997,0.006660160563490107,0.02276840897325256,-0.003284374778328646
inner,23.84999999999989,249.99999999999994,0.008742360076168505,0.024498872570651076,-0.004229652643735281
inner,23.999999999999883,249.99999999999997,0.010754135521400879,0.0262427233260387,-0.005156371936020113
inner,24.14999999999987,249.99999999999997,0.012701182688482873,0.02799955810352071,-0.006066488370186749
inner,24.299999999999912,249.99999999999997,0.014589147615425731,0.029769080292207078,-0.0069620050831667455
inner,24.449999999999903,249.99999999999997,0.016423640434232084,0.031551104820733124,-0.007844978770653965
inner,24.599999999999895,249.99999999999997,0.01821025078743975,0.03334556440905199,-0.008717526863807109
inner,24.749999999999886,249.99999999999997,0.019954565060964286,0.03515251730034982,-0.009581835908146614
inner,24.899999999999878,249.99999999999997,0.021662185742595836,0.036972156776011705,-0.010440171340691437
inner,25.04999999999992,249.99999999999997,0.02333875326798541,0.03880482279410796,-0.011294888909507875
inner,25.199999999999907,249.99999999999997,0.024989970812769824,0.04065101618756601,-0.012148448036109786
inner,25.3499999999999,250.0,0.026621632615492906,0.042511415975933275,-0.013003427489984804
inner,25.49999999999989,249.99999999999997,0.028239656532280315,0.04438690043672322,-0.013862543841552576
inner,25.64999999999993,249.99999999999994,0.029850121725586203,0.046278572767237125,-0.014728673278405801
inner,25.799999999999923,249.99999999999997,0.03145931264302293,0.04818779239017848,-0.015604877524739318
inner,25.949999999999914,249.99999999999994,0.03307377073397151,0.0501162131969482,-0.01649443481123606
inner,26.099999999999902,249.99999999999994,0.034700355791732154,0.052065830391922974,-0.017400877116180588
inner,26.249999999999893,249.99999999999997,0.03634631937615228,0.05403903806153858,-0.01832803526640648
inner,26.399999999999935,249.99999999999997,0.0380193935314411,0.0560387001920081,-0.01928009398398555
inner,26.549999999999926,249.99999999999997,0.039727899080175204,0.05806823867109144,-0.020261659649061965
inner,26.699999999999918,249.99999999999997,0.04148087923630567,0.06013174288105893,-0.021277844502882955
inner,26.84999999999991,249.99999999999997,0.0432882663503697,0.06223410696554452,-0.022334372352237453
inner,26.99999999999995,249.99999999999994,0.045161092570455294,0.06438120286199842,-0.02343771275034215
inner,27.149999999999938,249.99999999999997,0.047111759488299945,0.06658009993769871,-0.024595253410543538
inner,27.29999999999993,249.99999999999994,0.0491543882224932,0.06883934596480597,-0.025815524707355493
inner,27.44999999999992,249.99999999999997,0.05130528101679664,0.0711693296582115,-0.02710849629114179
inner,27.599999999999913,249.99999999999997,0.05358354024186446,0.07358275282494997,-0.028485975325235537
inner,27.749999999999954,249.99999999999997,0.05601191418520074,0.07609525160913333,-0.029962150756219063
inner,27.899999999999945,249.99999999999994,0.05861797711877391,0.07872622302667616,-0.03155435210759469
inner,28.049999999999933,249.99999999999994,0.061435815232285536,0.08149993801969022,-0.033284131362467426
inner,28.199999999999925,249.99999999999997,0.06450850071599588,0.08444705935805534,-0.03517884576680828
inner,28.349999999999966,249.99999999999994,0.06789183992571807,0.08760674180294327,-0.03727404401487951
inner,28.499999999999957,249.99999999999994,0.07166025401656002,0.09102957109391717,-0.03961719655109757
inner,28.64999999999995,249.99999999999994,0.07591645878289474,0.09478176979795416,-0.042273787608806714
inner,28.79999999999994,249.99999999999997,0.08080805823064727,0.09895114486191717,-0.04533785226965066
inner,28.94999999999993,249.99999999999997,0.08655878585274242,0.10365630606158675,-0.04895143395229042
inner,29.09999999999997,249.99999999999997,0.09352772966481161,0.10905791431021462,-0.05334410132355859
inner,29.24999999999996,250.0,0.10235571281742176,0.11538794421464785,-0.05891901117673965
inner,29.399999999999952,249.99999999999994,0.11425254818879083,0.12294041146792886,-0.0664697748016377
inner,29.549999999999944,249.99999999999994,0.13233262845393753,0.13241879369818418,-0.07770458197473837
inner,29.699999999999935,249.99999999999997,0.16363333164221466,0.1439452329237888,-0.09693074370125851
inner,29.849999999999977,249.99999999999997,0.26001487986386806,0.1758254460072321,-0.1325566211572348
inner,29.999999999999964,249.99999999999997,0.3357749918378629,0.20202437778051058,-0.15607062115738626
mid,-30.000000000000068,274.9183921033229,0.02938015465612369,-7.348130156950225e-06,0.0011084632193134394
mid,-29.830803015133508,274.9183921033229,0.02966606969600776,-1.1435878491880547e-05,0.002064562862217149
mid,-29.66160603026695,274.91839210332296,0.030224093089395707,-1.7450951841829765e-05,0.004035653384775472
mid,-29.49240904540039,274.9183921033229,0.030749773494146725,-1.7225418614201515e-05,0.005957117701050748
mid,-29.32321206053393,274.9183921033229,0.03123330189872052,-6.292958649520633e-06,0.007836757959604135
mid,-29.15401507566737,274.9183921033229,0.03166657743807616,1.8660559122747437e-05,0.009680314895827082
mid,-28.98481809080081,274.9183921033229,0.03204316883663894,5.9835385748548825e-05,0.011491749893111544
mid,-28.81562110593425,274.9183921033229,0.032358246989397266,0.00011837595658880252,0.013273530581823142
mid,-28.646424121067795,274.9183921033229,0.03260848981563117,0.00019444719350838677,0.015026908066882533
mid,-28.477227136201236,274.9183921033229,0.03279196310666621,0.00028732631019843255,0.016752176441679905
mid,-28.308030151334677,274.9183921033229,0.0329079824353266,0.0003955062806825565,0.018448907967300573
mid,-28.138833166468117,274.9183921033229,0.032956961915292515,0.0005168066567796954,0.020116159779772474
mid,-27.969636181601658,274.9183921033229,0.03294025569375088,0.0006484873922131974,0.021752650148554674
mid,-27.8004391967351,274.9183921033229,0.03285999768687228,0.0007873616593248962,0.02335690409798226
mid,-27.63124221186854,274.9183921033229,0.032718944391252565,0.0009299041811747335,0.02492736957611668
mid,-27.46204522700198,274.9183921033229,0.03252032477151089,0.0010723522700073183,0.02646250633615416
mid,-27.292848242135523,274.9183921033229,0.03226770028569833,0.0012107974691293439,0.027960850354704494
mid,-27.123651257268964,274.9183921033229,0.03196483724807138,0.001341266438673183,0.029421056952046998
mid,-26.954454272402405,274.9183921033229,0.031615592882085444,0.0014597903355746253,0.03084192588609118
mid,-26.785257287535845,274.9183921033229,0.03122381570357817,0.0015624624912330114,0.03222241163355601
mid,-26.616060302669386,274.9183921033229,0.030793260268200014,0.0016454846595648108,0.03356162187436888
mid,-26.446863317802826,274.91839210332296,0.03032751585469404,0.0017052024829440973,0.03485880691287921
mid,-26.277666332936267,274.9183921033229,0.029829948270689535,0.0017381310273317414,0.03611334242833972
mid,-26.108469348069708,274.9183921033229,0.029303653721767943,0.0017409714317564752,0.03732470761713582
mid,-25.93927236320325,274.9183921033229,0.028751423558577203,0.0017106198370327695,0.03849246043126903
mid,-25.770075378336692,274.9183921033229,0.028175718582588646,0.0016441697141129988,0.03961621128435811
mid,-25.60087839347013,274.9183921033229,0.027578651604956914,0.001538908731734439,0.040695596304380625
mid,-25.43168140860357,274.9183921033229,0.026961976993497228,0.0013923112648418032,0.04173025094306859
mid,-25.262484423737114,274.9183921033229,0.026327085966977262,0.0012020275006678453,0.04271978452566897
mid,-25.093287438870554,274.9183921033229,0.025675006534278597,0.0009658700479048613,0.04366375612951399
mid,-24.924090454003995,274.9183921033229,0.02500640705029113,0.0006817988245639874,0.0445616520197432
mid,-24.754893469137436,274.9183921033229,0.024321602467750864,0.0003479048861905563,0.04541286475204271
mid,-24.585696484270976,274.9183921033229,0.02362056250204925,-3.760623197867838e-05,0.046216673956892655
mid,-24.416499499404367,274.9183921033229,0.022902921011754306,-0.0004764312005756943,0.046972228742259224
mid,-24.247302514537857,274.9183921033229,0.022167986007631056,-0.0009701852300194186,0.0476785316022067
mid,-24.078105529671298,274.9183921033229,0.021414749800835527,-0.0015204177625944629,0.048334423685690985
mid,-23.90890854480484,274.9183921033229,0.02064189887075775,-0.0021286272855389615,0.04893857127268011
mid,-23.739711559938282,274.9183921033229,0.019847823121591227,-0.002796275103344282,0.04948945327256701
mid,-23.570514575071723,274.9183921033229,0.01903062424854427,-0.0035247979518843314,0.04998534957161606
mid,-23.401317590205164,274.91839210332296,0.018188122984229428,-0.004315619355974715,0.050424330072751225
mid,-23.232120605338704,274.9183921033229,0.017317865064647654,-0.00517015967681243,0.050804244251076144
mid,-23.062923620472144,274.9183921033229,0.016417125738817016,-0.006089844826150825,0.051122711087175365
mid,-22.893726635605585,274.9183921033229,0.015482912718312439,-0.007076113614350756,0.051377109246483074
mid,-22.724529650739026,274.9183921033229,0.01451196746389347,-0.008130423718491521,0.05156456738101936
mid,-22.55533266587257,274.9183921033229,0.013500764709505082,-0.009254256269797374,0.05168195445027173
mid,-22.38613568100601,274.91839210332296,0.012445510155837593,-0.010449119035763184,0.051725869975723066
mid,-22.21693869613945,274.9183921033229,0.011342136233167037,-0.011716548192971743,0.05169263415915644
mid,-22.04774171127289,274.9183921033229,0.010186295856895115,-0.013058108663035264,0.05157827780421304
mid,-21.87854472640643,274.9183921033229,0.008973354097654086,-0.014475392962213916,0.05137853200270821
mid,-21.709347741539872,274.91839210332296,0.007698377657006542,-0.015970018535325863,0.05108881755830704
mid,-21.540150756673313,274.91839210332296,0.006356122037467323,-0.01754362349012313,0.050704234145586884
mid,-21.370953771806754,274.9183921033229,0.004941016290777485,-0.019197860662473906,0.05021954920649052
mid,-21.201756786940297,274.91839210332296,0.003447145205317227,-0.020934389910619848,0.04962918661257028
mid,-21.032559802073735,274.91839210332296,0.0018682287751862793,-0.022754868511435752,0.04892721514488997
mid,-20.86336281720728,274.9183921033229,0.00019759878441410333,-0.02466093952066197,0.04810733685369149
mid,-20.69416583234092,274.91839210332296,-0.00157182768578637,-0.02665421793872678,0.047162875391433406
mid,-20.524968847475176,274.9183921033229,-0.0034475780383695018,-0.028736274489769648,0.04608676444355846
mid,-20.355771862611316,274.91839210332296,-0.005437657444453126,-0.030908616811215622,0.04487153640264005
mid,-20.18657487775407,274.91839210332296,-0.007550585870504785,-0.03317266782294488,0.0435093114702286
mid,-20.017377892918244,274.91839210332296,-0.009795439108019926,-0.035529741014360204,0.04199178741325766
mid,-19.84818090815051,274.91839210332296,-0.012181894072813037,-0.03798101239030209,0.04031023024107144
mid,-19.678983923592085,274.91839210332296,-0.014720278633032411,-0.040527488765342096,0.038455466125661794
mid,-19.50978693966142,274.91839210332296,-0.0174216262451192,-0.04316997209694188,0.03641787494721034
mid,-19.340589957546882,274.918392103323,-0.02029773566965022,-0.04590901952374772,0.03418738591581634
mid,-19.17139298054006,274.91839210332296,-0.02336123601909635,-0.0487448987517097,0.03175347581621992
mid,-19.00219601749129,274.91839210332296,-0.026625657365341608,-0.05167753839721691,0.029105170543595474
mid,-18.8329990912506,274.91839210332296,-0.030105507130018576,-0.05470647284853537,0.026231050791764746
mid,-18.663802259893128,274.91839210332296,-0.03381635237217741,-0.05783078106604434,0.02311926307541742
mid,-18.49460566402632,274.918392103323,-0.03777490803908513,-0.061049018435617136,0.01975753790656437
mid,-18.32540963717545,274.918392103323,-0.041999131042140286,-0.0643591402221809,0.016133218162512848
mid,-18.1562149431979,274.91839210332296,-0.046508319411622624,-0.06775841401832701,0.012233302925395342
mid,-17.987023265414194,274.91839210332296,-0.05132321534304172,-0.07124331590642813,0.008044517106323089
mid,-17.81783825192686,274.918392103323,-0.0564661061214257,-0.07480940194339551,0.0035534241190947227
mid,-17.648667394592405,274.91839210332296,-0.06196091656387502,-0.07845113861863158,-0.0012533850804994726
mid,-17.479525797143857,274.91839210332296,-0.06783326831967121,-0.08216166633993943,-0.0063889708217966515
mid,-17.3104426048896,274.918392103323,-0.07411046019491321,-0.08593246164763858,-0.011865507795680581
mid,-17.141471633409136,274.91839210332296,-0.08082130600356814,-0.08975284310636943,-0.017693393733104777
mid,-16.972708982284882,274.918392103323,-0.08799561424922739,-0.09360930127404242,-0.023879879567903703
mid,-16.804314533884583,274.91839210332296,-0.09566310550095189,-0.09748469788926649,-0.030427163989152007
mid,-16.636537112665227,274.91839210332296,-0.10385141297501237,-0.10135754380858279,-0.037330143618692385
mid,-16.4697279612706,274.918392103323,-0.11258301051044717,-0.10520180467519448,-0.044574499811622516
mid,-16.30432709269947,274.918392103323,-0.12187147386414464,-0.1089879214058248,-0.052136472155456026
mid,-16.1407919847605,274.918392103323,-0.13171958944476586,-0.1126852046827932,-0.05998528073780792
mid,-15.979507947019655,274.918392103323,-0.14212119572433463,-0.11626495622698778,-0.06808785262172909
mid,-15.820696460109103,274.91839210332296,-0.15306719306805489,-0.11970296178694287,-0.07641396603434664
mid,-15.664394231385417,274.918392103323,-0.16455276336608138,-0.12298026611255765,-0.084939301973224
mid,-15.510491008624223,274.91839210332296,-0.17658085338928592,-0.1260825740679125,-0.09364616377470858
mid,-15.358760930948145,274.918392103323,-0.18916376921114947,-0.12899866847560681,-0.10252200579442688
mid,-15.208956757726508,274.918392103323,-0.20232069672993608,-0.13171875916884165,-0.11155656506453883
mid,-15.060836381181465,274.918392103323,-0.21607314543098685,-0.13423358605932342,-0.12074014839085004
mid,-14.914158187932964,274.918392103323,-0.23044448858132463,-0.13653386827795108,-0.13006241285495435
mid,-14.768729976134862,274.918392103323,-0.24545734076225215,-0.13861022050185645,-0.1395113897629137
mid,-14.624370598412696,274.918392103323,-0.26113264393612434,-0.14045299072561984,-0.1490728557808807
mid,-14.480956012398442,274.91839210332296,-0.27748810066119056,-0.1420527883817207,-0.1587306232576819
mid,-14.338346420571563,274.91839210332296,-0.29453936381348444,-0.14340046724952576,-0.16846696877340567
mid,-14.196444639878766,274.918392103323,-0.31230014546426765,-0.14448748793690983,-0.17826242034238976
mid,-14.055160594744681,274.91839210332296,-0.330780539088724,-0.14530585088496217,-0.18809540712906364
mid,-13.914440516481724,274.91839210332296,-0.3499865752117046,-0.14584869556479388,-0.19794334558332632
mid,-13.774197090986396,274.918392103323,-0.369922912334035,-0.14610993174376508,-0.2077825663711285
mid,-13.634404805866785,274.91839210332296,-0.3905903171908403,-0.14608496817355054,-0.2175884499862143
mid,-13.494999043916154,274.9183921033231,-0.41198656007728846,-0.14577022858226435,-0.2273359507580765
mid,-13.355946097525713,274.91839210332296,-0.43410768749159506,-0.14516360268034276,-0.23699955737527523
mid,-13.217214645918208,274.91839210332296,-0.4569454253142854,-0.1442643588025096,-0.2465533061160523
mid,-13.078775701352882,274.91839210332296,-0.48048900710680653,-0.14307320133082205,-0.2559713867968938
mid,-12.940602536527411,274.918392103323,-0.5047251986031691,-0.14159226408232628,-0.2652282926585782
mid,-12.802670597660159,274.91839210332296,-0.5296383290302463,-0.13982509046212127,-0.2742989469473821
mid,-12.664958362005276,274.918392103323,-0.5552099930051514,-0.13777660349235338,-0.2831584071157761
mid,-12.527466344081503,274.918392103323,-0.5814179210851108,-0.13545336654806978,-0.2917827875223704
mid,-12.390156581678413,274.918392103323,-0.6082396551965656,-0.13286280209871093,-0.3001493396753192
mid,-12.253021943236556,274.918392103323,-0.6356507570669145,-0.13001380983906174,-0.30823606093139316
mid,-12.116057466594206,274.918392103323,-0.6636228806761965,-0.12691656116982294,-0.31602214542996776
mid,-11.979238499562658,274.91839210332296,-0.6921274954600353,-0.12358200810845127,-0.3234880065125745
mid,-11.842568776900661,274.91839210332296,-0.7211335913420527,-0.12002241520760396,-0.33061552103785374
mid,-11.70602934586566,274.918392103323,-0.7506089845789918,-0.11625065565280399,-0.3373880335960159
mid,-11.569610762380206,274.91839210332296,-0.7805207215663186,-0.1122804404789837,-0.34379020695119866
mid,-11.433318950618728,274.91839210332296,-0.810833115947778,-0.10812642429331376,-0.3498084892707993
mid,-11.297130516921364,274.91839210332296,-0.841511366010243,-0.1038033442135942,-0.35543094294849076
mid,-11.161041847749358,274.91839210332296,-0.872519651739299,-0.09932663371247705,-0.36064703575696805
mid,-11.02506211104827,274.91839210332296,-0.9038194372247866,-0.0947123768215258,-0.3654481071623343
mid,-10.889170876407297,274.91839210332296,-0.935373928416068,-0.0899763509987846,-0.3698271503809365
mid,-10.753364271671696,274.91839210332296,-0.9671464834940079,-0.08513461341129891,-0.3737788626814593
mid,-10.617638588844102,274.918392103323,-0.9990990322227862,-0.08020335798228552,-0.3772994278509578
mid,-10.481992924664596,274.91839210332296,-1.0311932644517994,-0.0751987631883477,-0.38038667414433663
mid,-10.3464263497982,274.9183921033229,-1.063391247258537,-0.07013680844440806,-0.3830401511286641
mid,-10.210929220142129,274.91839210332296,-1.0956563318688928,-0.06503300408837431,-0.38526087878281884
mid,-10.075498515721236,274.91839210332296,-1.1279522562099207,-0.059902595727903456,-0.387051391494046
mid,-9.940131348759857,274.91839210332296,-1.160242919851653,-0.05476043719508376,-0.38841562417162767
mid,-9.804824958627773,274.91839210332296,-1.1924930012396007,-0.04962086721120695,-0.3893588804542014
mid,-9.669576706936253,274.91839210332296,-1.2246680749326522,-0.04449763983091996,-0.3898877568097048
mid,-9.534384072783812,274.91839210332296,-1.2567347204985588,-0.03940386154172331,-0.3900100606252944
mid,-9.399244648150113,274.9183921033229,-1.2886606225218724,-0.034351935322283374,-0.38973472289281497
mid,-9.264156133438293,274.91839210332296,-1.3204146611735552,-0.02935351193445271,-0.3890717061531535
mid,-9.129116333163314,274.9183921033229,-1.351966992847991,-0.024419448688135094,-0.38803190841121604
mid,-8.994123151784969,274.91839210332296,-1.383289120409802,-0.019559775862130833,-0.38662706378135375
mid,-8.859174589682674,274.9183921033229,-1.4143539526552467,-0.014783670912052231,-0.38486964068026497
mid,-8.724268739270368,274.9183921033229,-1.4451358527006486,-0.01009944054154402,-0.38277273842520787
mid,-8.589403781248889,274.918392103323,-1.4756106750691311,-0.005514510615271091,-0.380349983134295
mid,-8.454577980991804,274.91839210332296,-1.50575579138928,-0.0010354238374986821,-0.37761542385113056
mid,-8.319789685063078,274.91839210332296,-1.535550104733164,0.003332154980547175,-0.3745834298253502
mid,-8.185037317862644,274.91839210332296,-1.5649740527453622,0.007583426324508244,-0.37126858988135353
mid,-8.05031937839677,274.9183921033229,-1.5940095998596897,0.011714436397362055,-0.3676856147840961
mid,-7.915634437169841,274.91839210332296,-1.6226401997267632,0.01572204944767678,-0.36384924312241135
mid,-7.780981597100757,274.91839210332296,-1.6508505997741556,0.019603897452978365,-0.3597741667189095
mid,-7.646363340138367,274.91839210332296,-1.6786269427488671,0.02335832216451318,-0.3554750506234181
mid,-7.511774284545636,274.91839210332296,-1.7059572842793538,0.026984506490165344,-0.3509660937509703
mid,-7.377213223604237,274.91839210332296,-1.7328310008372774,0.03048224332021824,-0.34626130103675423
mid,-7.242679009914568,274.9183921033229,-1.7592385197974845,0.03385191729297311,-0.34137433238133225
mid,-7.1081705528639185,274.9183921033229,-1.7851714848571183,0.037094472278691726,-0.3363184346387127
mid,-6.97368681619526,274.9183921033229,-1.8106226536414969,0.04021135573287973,-0.3311063939984321
mid,-6.839227652406881,274.9183921033229,-1.8355856543685103,0.04320444600173632,-0.3257505311125711
mid,-6.704796224716949,274.9183921033229,-1.8600551207155787,0.04607598430794438,-0.3202627505848452
mid,-6.570386599816072,274.9183921033229,-1.8840271436998104,0.04882868311757249,-0.3146540656483968
mid,-6.435997911589138,274.91839210332296,-1.907498585042236,0.05146548361376592,-0.30893505986079534
mid,-6.3016293387096525,274.9183921033229,-1.930466827824941,0.05398954773591308,-0.303115743684528
mid,-6.167280102675996,274.91839210332296,-1.9529297853446852,0.056404219650207366,-0.29720553994982424
mid,-6.032954017326143,274.9183921033229,-1.9748858734930448,0.0587129358475414,-0.29121344894801654
mid,-5.898647158376466,274.9183921033229,-1.9963344844975204,0.060919328528900155,-0.28514758451372335
mid,-5.764357297373262,274.9183921033229,-2.0172755950667756,0.06302707637791319,-0.279015517605668
mid,-5.63008379030133,274.91839210332296,-2.0377093709058727,0.06503985494959018,-0.27282432520683836
mid,-5.495826346604532,274.9183921033229,-2.0576360886449727,0.06696132142616194,-0.26658056923251816
mid,-5.361589703876059,274.9183921033229,-2.077056292313121,0.06879504943727005,-0.2602904806141187
mid,-5.227367376655154,274.91839210332296,-2.0959712712041743,0.0705446683810418,-0.25395933678031396
mid,-5.09315883636915,274.9183921033229,-2.1143824529532242,0.07221367047323432,-0.24759215015620673
mid,-4.958963584294961,274.9183921033229,-2.132291082746309,0.07380543815906485,-0.2411935150490938
mid,-4.824785553634441,274.91839210332296,-2.149698457103036,0.07532320175330352,-0.23476778182554883
mid,-4.690620910343727,274.9183921033229,-2.16660630604583,0.07677013868367018,-0.2283185819008065
mid,-4.556467844003868,274.9183921033229,-2.1830164834456887,0.0781492788952442,-0.22184924047558924
mid,-4.422325949830914,274.9183921033229,-2.198930614804429,0.07946349784946453,-0.21536281672172414
mid,-4.288198910429592,274.9183921033229,-2.2143502412710103,0.08071549561337299,-0.20886222685681244
mid,-4.154083241616188,274.91839210332296,-2.2292771864110175,0.08190788595258679,-0.20234978932510517
mid,-4.0199772440894455,274.91839210332296,-2.243713309050839,0.08304312788465877,-0.19582761223085157
mid,-3.8858805924692543,274.91839210332296,-2.257660202916808,0.08412352686659288,-0.18929763233112307
mid,-3.751797578661088,274.91839210332296,-2.271119356511936,0.08515121549366172,-0.1827617583491507
mid,-3.6177231462681707,274.91839210332296,-2.2840925015545555,0.08612825448522994,-0.17622128844427223
mid,-3.483656736501395,274.9183921033229,-2.2965812698298507,0.08705654637258191,-0.16967751251120944
mid,-3.349599347953,274.91839210332296,-2.308587044389929,0.08793785528906745,-0.1631316337905786
mid,-3.2155524256562007,274.918392103323,-2.3201112010799165,0.08877382033354125,-0.15658471685031525
mid,-3.081512310276122,274.918392103323,-2.331155210941076,0.08956599452775657,-0.15003745659744308
mid,-2.9474787831443883,274.918392103323,-2.341720379146274,0.09031580322758037,-0.14349056865269494
mid,-2.8134544310049514,274.91839210332296,-2.3518078476756497,0.09102454951988857,-0.13694478381706066
mid,-2.679436891927524,274.91839210332296,-2.361418825771626,0.0916934612538994,-0.13040050764963076
mid,-2.5454248538944224,274.91839210332296,-2.370554469210229,0.09232366851436909,-0.12385809036597481
mid,-2.411419018031954,274.91839210332296,-2.3792157690497215,0.0929162028664523,-0.11731789288281236
mid,-2.2774205358356676,274.918392103323,-2.387403665061185,0.0934720080376474,-0.11078021962251781
mid,-2.1434265429121133,274.91839210332296,-2.3951191205793725,0.09399196500649103,-0.10424512367842356
mid,-2.0094368949688377,274.91839210332296,-2.4023629797666644,0.0944768713163041,-0.09771271687733385
mid,-1.8754537051467284,274.918392103323,-2.409135979116863,0.09492744361617192,-0.09118316088696576
mid,-1.741474470627918,274.9183921033231,-2.415438872456589,0.09534434745171176,-0.08465635958344865
mid,-1.6074986551762818,274.91839210332296,-2.4212723426181633,0.09572818123039277,-0.07813225763870196
mid,-1.4735272071537882,274.91839210332296,-2.4266369722440424,0.09607947898328327,-0.07161083204327115
mid,-1.3395595741645498,274.91839210332296,-2.431533314885483,0.09639872242651053,-0.06509195731556755
mid,-1.2055944813145196,274.91839210332296,-2.4359618858174414,0.09668634325795203,-0.05857544329074452
mid,-1.0716321310987234,274.918392103323,-2.439923124267344,0.09694272054774496,-0.052061141858459115
mid,-0.937673046113338,274.91839210332296,-2.4434174164325118,0.09716818454609215,-0.045548897412323555
mid,-0.8037156582882659,274.918392103323,-2.446445118328568,0.09736302478480872,-0.039038439283999554
mid,-0.6697598811106896,274.918392103323,-2.4490065274814037,0.09752748668603284,-0.03252954742149856
mid,-0.5358062751075717,274.918392103323,-2.4511018862997966,0.09766177298368883,-0.02602201871681811
mid,-0.4018536416379254,274.9183921033229,-2.4527314009513366,0.09776604924227587,-0.01951555869125812
mid,-0.2679018083004204,274.9183921033229,-2.4538952297731895,0.09784044270548771,-0.013009910207420376
mid,-0.1339507877801264,274.9183921033229,-2.454593482355876,0.0978850429745563,-0.006504819125786229
mid,-4.0711099922733015e-13,274.9183921033229,-2.4548262256607245,0.09789990373990534,-8.285603030870424e-14
mid,0.13395078777936306,274.9183921033229,-2.4545934823568922,0.09788504297352497,0.006504819125963129
mid,0.2679018082996062,274.91839210332296,-2.4538952297743704,0.09784044270453926,0.013009910207530345
mid,0.4018536416371621,274.91839210332296,-2.452731400951076,0.09776604924269611,0.019515558690713523
mid,0.5358062751067575,274.91839210332296,-2.4511018862994547,0.09766177298389052,0.026022018716483675
mid,0.6697598811098754,274.918392103323,-2.449006527480975,0.09752748668620732,0.03252954742140641
mid,0.8037156582874517,274.918392103323,-2.446445118327512,0.09736302478546971,0.0390384392839072
mid,0.9376730461125238,274.91839210332296,-2.4434174164307225,0.09716818454711579,0.04554889741264663
mid,1.0716321310979093,274.91839210332296,-2.4399231242653316,0.09694272054863785,0.052061141858510115
mid,1.2055944813137562,274.918392103323,-2.435961885815676,0.09668634325882657,0.05857544328982229
mid,1.3395595741637356,274.918392103323,-2.431533314884454,0.09639872242726695,0.06509195731452988
mid,1.473527207152974,274.918392103323,-2.4266369722438017,0.0960794789837284,0.07161083204273874
mid,1.6074986551755184,274.91839210332296,-2.4212723426176135,0.0957281812315486,0.07813225763829734
mid,1.7414744706271037,274.918392103323,-2.4154388724557228,0.09534434745290779,0.08465635958311245
mid,1.8754537051459141,274.91839210332296,-2.40913597911665,0.09492744361638225,0.09118316088638492
mid,2.0094368949680743,274.918392103323,-2.4023629797685477,0.09447687131434736,0.09771271687628298
mid,2.1434265429112993,274.91839210332296,-2.395119120580719,0.09399196500435601,0.10424512367720157
mid,2.2774205358348536,274.91839210332296,-2.3874036650587285,0.0934720080382696,0.11078021962215183
mid,2.41141901803114,274.91839210332296,-2.379215769044703,0.09291620286982098,0.11731789288336018
mid,2.5454248538936084,274.91839210332296,-2.370554469207633,0.09232366851617262,0.12385809036613116
mid,2.67943689192671,274.91839210332296,-2.3614188257701096,0.09169346125460828,0.13040050764965613
mid,2.813454431004137,274.91839210332296,-2.3518078476729243,0.09102454952172721,0.1369447838173667
mid,2.9474787831435743,274.918392103323,-2.3417203791439003,0.0903158032291307,0.14349056865303572
mid,3.0815123102753588,274.91839210332296,-2.331155210940308,0.08956599452776892,0.15003745659827863
mid,3.2155524256553867,274.91839210332296,-2.320111201079192,0.08877382033400176,0.15658471685108025
mid,3.349599347952237,274.91839210332296,-2.3085870443889958,0.08793785528970492,0.16313163379068363
mid,3.483656736500581,274.91839210332296,-2.2965812698285664,0.08705654637219969,0.1696775125109419
mid,3.6177231462673567,274.91839210332296,-2.284092501549696,0.08612825448650531,0.17622128844406992
mid,3.751797578660325,274.91839210332296,-2.271119356505516,0.08515121549542033,0.18276175834958167
mid,3.88588059246844,274.91839210332296,-2.2576602029107007,0.08412352686837117,0.18929763233196148
mid,4.019977244088682,274.9183921033229,-2.2437133090475747,0.08304312788468751,0.1958276122314622
mid,4.154083241615374,274.91839210332296,-2.229277186409081,0.08190788595194987,0.20234978932575234
mid,4.288198910428777,274.91839210332296,-2.2143502412671006,0.0807154956150958,0.20886222685738082
mid,4.4223259498301,274.9183921033229,-2.1989306148014824,0.07946349785022044,0.2153628167223998
mid,4.556467844003055,274.91839210332296,-2.183016483442513,0.07814927889590567,0.22184924047660673
mid,4.690620910342912,274.91839210332296,-2.1666063060398386,0.07677013868649982,0.22831858190149965
mid,4.824785553633626,274.91839210332296,-2.149698457097437,0.0753232017548453,0.23476778182613833
mid,4.958963584294198,274.91839210332296,-2.132291082742656,0.0738054381601838,0.24119351504925024
mid,5.093158836368335,274.91839210332296,-2.114382452951038,0.0722136704747274,0.2475921501560355
mid,5.22736737665434,274.9183921033229,-2.095971271203404,0.07054466838081035,0.25395933678030147
mid,5.361589703875245,274.9183921033229,-2.0770562923119584,0.06879504943713524,0.26029048061404286
mid,5.495826346603718,274.9183921033229,-2.057636088644197,0.0669613214254881,0.26658056923258994
mid,5.630083790300516,274.9183921033229,-2.0377093709057488,0.06503985494824419,0.2728243252069046
mid,5.764357297372448,274.9183921033229,-2.0172755950674084,0.06302707637617609,0.2790155176054381
mid,5.898647158375653,274.91839210332296,-1.9963344844968154,0.06091932852895217,0.28514758451330874
mid,6.032954017325278,274.9183921033229,-1.97488587349083,0.0587129358497077,0.29121344894748646
mid,6.167280102675232,274.9183921033229,-1.9529297853431493,0.0564042196511002,0.29720553994948
mid,6.301629338708839,274.9183921033229,-1.9304668278233295,0.053989547736945004,0.30311574368403504
mid,6.435997911588375,274.9183921033229,-1.9074985850412258,0.051465483614967035,0.308935059860492
mid,6.570386599815207,274.9183921033229,-1.884027143698374,0.04882868311949977,0.31465406564833986
mid,6.704796224716084,274.91839210332296,-1.8600551207150011,0.04607598430900013,0.32026275058468495
mid,6.839227652406067,274.91839210332296,-1.8355856543701436,0.043204446000599944,0.32575053111243124
mid,6.973686816194496,274.9183921033229,-1.8106226536432197,0.040211355731904166,0.331106393997957
mid,7.108170552863104,274.9183921033229,-1.7851714848576317,0.0370944722785697,0.33631843463796984
mid,7.242679009913703,274.9183921033229,-1.7592385197997649,0.033851917291789664,0.34137433237993314
mid,7.377213223603423,274.91839210332296,-1.732831000840923,0.03048224331842789,0.3462613010344264
mid,7.511774284544821,274.9183921033229,-1.7059572842815283,0.02698450648981809,0.35096609374832394
mid,7.646363340137604,274.91839210332296,-1.6786269427517437,0.023358322164113307,0.3554750506205516
mid,7.780981597099994,274.9183921033229,-1.6508505997786036,0.01960389745135216,0.35977416671562495
mid,7.9156344371689755,274.91839210332296,-1.6226401997295552,0.01572204944576694,0.36384924311958855
mid,8.050319378395956,274.91839210332296,-1.5940095998611228,0.011714436395883543,0.3676856147819455
mid,8.185037317861829,274.9183921033229,-1.5649740527472684,0.00758342632291957,0.37126858987952327
mid,8.319789685062265,274.91839210332296,-1.5355501047342075,0.0033321549799315286,0.3745834298235846
mid,8.454577980990988,274.91839210332296,-1.5057557913899289,-0.0010354238363953425,0.37761542384881575
mid,8.589403781248075,274.9183921033229,-1.475610675069139,-0.005514510613020891,0.3803499831316475
mid,8.724268739269554,274.9183921033229,-1.4451358527001366,-0.010099440538696554,0.3827727384226617
mid,8.859174589681809,274.9183921033229,-1.4143539526544457,-0.014783670908813488,0.3848696406782416
mid,8.994123151784153,274.9183921033229,-1.3832891204093394,-0.019559775859619245,0.386627063780021
mid,9.129116333162552,274.91839210332296,-1.351966992848875,-0.024419448686996074,0.38803190840992324
mid,9.26415613343748,274.91839210332296,-1.3204146611739391,-0.029353511932746823,0.3890717061513662
mid,9.399244648149299,274.91839210332296,-1.2886606225222728,-0.03435193532039744,0.38973472289099914
mid,9.534384072782998,274.9183921033229,-1.2567347204998616,-0.03940386154049159,0.39001006062390775
mid,9.669576706935489,274.9183921033229,-1.2246680749326877,-0.0444976398300979,0.38988775680861587
mid,9.804824958626908,274.9183921033229,-1.192493001238581,-0.04962086721093143,0.3893588804530561
mid,9.940131348759044,274.9183921033229,-1.1602429198510376,-0.05476043719489018,0.38841562417023145
mid,10.075498515720422,274.91839210332296,-1.1279522562102782,-0.059902595727348226,0.3870513914922958
mid,10.210929220141313,274.91839210332296,-1.0956563318706698,-0.06503300408854507,0.38526087878092374
mid,10.346426349797387,274.91839210332296,-1.0633912472617904,-0.07013680844549042,0.3830401511269076
mid,10.481992924663832,274.9183921033229,-1.0311932644564505,-0.07519876318954638,0.3803866741424853
mid,10.61763858884334,274.91839210332296,-0.9990990322263809,-0.08020335798233996,0.3772994278490186
mid,10.75336427167088,274.91839210332296,-0.9671464834958823,-0.08513461341004737,0.3737788626795785
mid,10.889170876406483,274.91839210332296,-0.9353739284185719,-0.08997635099696506,0.36982715037878494
mid,11.025062111047456,274.91839210332296,-0.9038194372290416,-0.09471237681999928,0.36544810716000997
mid,11.161041847748542,274.91839210332296,-0.8725196517413566,-0.09932663371129749,0.3606470357550779
mid,11.297130516920602,274.91839210332296,-0.8415113660088942,-0.1038033442114485,0.3554309429465125
mid,11.433318950617915,274.91839210332296,-0.8108331159459096,-0.10812642429202987,0.34980848926840574
mid,11.569610762379392,274.91839210332296,-0.7805207215657006,-0.11228044047956925,0.3437902069489961
mid,11.706029345864847,274.91839210332296,-0.750608984578907,-0.11625065565300374,0.3373880335945642
mid,11.842568776899846,274.918392103323,-0.7211335913404481,-0.12002241520671712,0.3306155210370214
mid,11.979238499561843,274.9183921033229,-0.6921274954608294,-0.12358200810855899,0.3234880065118176
mid,12.116057466593393,274.91839210332296,-0.6636228806785419,-0.12691656116947697,0.31602214542952917
mid,12.253021943235742,274.91839210332296,-0.6356507570673642,-0.1300138098378606,0.3082360609312002
mid,12.3901565816776,274.918392103323,-0.6082396551987501,-0.13286280209886447,0.3001493396744911
mid,12.52746634408069,274.918392103323,-0.5814179210880073,-0.13545336654824922,0.2917827875208362
mid,12.664958362004514,274.918392103323,-0.5552099930069779,-0.13777660349205165,0.28315840711380613
mid,12.802670597659343,274.918392103323,-0.5296383290324699,-0.13982509046194885,0.2742989469452999
mid,12.940602536526596,274.91839210332296,-0.5047251986054087,-0.1415922640827293,0.2652282926567666
mid,13.078775701352068,274.918392103323,-0.4804890071079272,-0.14307320133086543,0.2559713867949504
mid,13.217214645917394,274.91839210332296,-0.4569454253124128,-0.1442643587997895,0.24655330611397974
mid,13.3559460975249,274.91839210332296,-0.4341076874888009,-0.1451636026755339,0.23699955737347753
mid,13.494999043915339,274.918392103323,-0.411986560076025,-0.14577022857804736,0.2273359507565804
mid,13.63440480586597,274.91839210332296,-0.39059031719100873,-0.1460849681707028,0.21758844998509708
mid,13.774197090985583,274.91839210332296,-0.3699229123343739,-0.14610993174144504,0.2077825663702929
mid,13.914440516480859,274.91839210332296,-0.34998657521144755,-0.14584869556270613,0.19794334558258905
mid,14.055160594743917,274.91839210332296,-0.33078053909137567,-0.14530585088448505,0.18809540712867534
mid,14.196444639878003,274.91839210332296,-0.31230014547111007,-0.14448748793704125,0.17826242034211398
mid,14.338346420570799,274.918392103323,-0.29453936382007534,-0.14340046724998667,0.16846696877251605
mid,14.480956012397678,274.918392103323,-0.27748810066499086,-0.1420527883821785,0.1587306232560291
mid,14.624370598411932,274.91839210332296,-0.2611326439399221,-0.14045299072556672,0.14907285577918367
mid,14.768729976134098,274.918392103323,-0.24545734076782372,-0.13861022050191724,0.13951138976179983
mid,14.9141581879322,274.91839210332296,-0.23044448858727096,-0.13653386827771663,0.13006241285403763
mid,15.060836381180703,274.91839210332296,-0.21607314543574052,-0.13423358605956692,0.12074014838997496
mid,15.208956757725744,274.918392103323,-0.20232069673363048,-0.13171875916869688,0.11155656506387074
mid,15.358760930947382,274.91839210332296,-0.18916376921493322,-0.12899866847402208,0.10252200579347721
mid,15.510491008623461,274.91839210332296,-0.1765808533936878,-0.1260825740655857,0.0936461637729058
mid,15.664394231384653,274.91839210332296,-0.1645527633706688,-0.12298026611070137,0.08493930197082794
mid,15.820696460108339,274.918392103323,-0.15306719307189742,-0.11970296178579701,0.07641396603218939
mid,15.979507947018943,274.918392103323,-0.14212119572702364,-0.11626495622593663,0.0680878526203145
mid,16.14079198475979,274.918392103323,-0.13171958944851825,-0.11268520468186151,0.059985280736870594
mid,16.304327092698706,274.918392103323,-0.12187147386894309,-0.10898792140521273,0.05213647215457625
mid,16.46972796126989,274.91839210332296,-0.11258301051420912,-0.1052018046735668,0.04457449981042076
mid,16.63653711266441,274.91839210332296,-0.10385141297756338,-0.10135754380495612,0.037330143616954164
mid,16.804314533883872,274.91839210332296,-0.09566310550256343,-0.09748469788413044,0.030427163987251208
mid,16.972708982284118,274.91839210332296,-0.08799561425071402,-0.09360930126906655,0.02387987956635356
mid,17.141471633408372,274.91839210332296,-0.08082130600473911,-0.08975284310240506,0.017693393731827496
mid,17.31044260488889,274.91839210332296,-0.07411046019610823,-0.08593246164412852,0.011865507794424596
mid,17.479525797143143,274.91839210332296,-0.06783326832070079,-0.08216166633533782,0.0063889708207746495
mid,17.648667394591694,274.918392103323,-0.061960916567242286,-0.07845113861341456,0.0012533850795961319
mid,17.8178382519262,274.91839210332296,-0.056466106126468095,-0.07480940193830848,-0.0035534241199296542
mid,17.98702326541348,274.91839210332296,-0.05132321534850579,-0.07124331590226143,-0.00804451710730758
mid,18.156214943197238,274.91839210332296,-0.046508319420064115,-0.06775841401509103,-0.012233302927059186
mid,18.325409637174737,274.91839210332296,-0.04199913104918781,-0.06435914021804745,-0.016133218164234107
mid,18.49460566402571,274.91839210332296,-0.03777490804261149,-0.06104901843160617,-0.01975753790744474
mid,18.663802259892467,274.91839210332296,-0.03381635237470401,-0.05783078106342918,-0.023119263075155917
mid,18.832999091249935,274.91839210332296,-0.03010550713203386,-0.0547064728460072,-0.026231050790989512
mid,19.00219601749063,274.91839210332296,-0.026625657366928644,-0.05167753839310303,-0.029105170543181656
mid,19.171392980539398,274.918392103323,-0.023361236022997205,-0.04874489874829448,-0.03175347581622056
mid,19.34058995754627,274.91839210332296,-0.02029773567450529,-0.04590901952043015,-0.03418738591583581
mid,19.50978693966076,274.91839210332296,-0.017421626247023807,-0.0431699720933162,-0.03641787494673601
mid,19.678983923591474,274.91839210332296,-0.01472027863492483,-0.04052748876375653,-0.038455466124320485
mid,19.848180908149903,274.91839210332296,-0.012181894076992418,-0.037981012390740296,-0.0403102302387937
mid,20.017377892917583,274.91839210332296,-0.00979543911339456,-0.03552974101518468,-0.041991787410450954
mid,20.186574877753458,274.9183921033229,-0.007550585875903355,-0.033172667821789154,-0.04350931146711015
mid,20.355771862610755,274.91839210332296,-0.005437657451852644,-0.03090861681052434,-0.044871536399045675
mid,20.524968847474568,274.91839210332296,-0.003447578046296123,-0.028736274490133617,-0.04608676443954285
mid,20.69416583234031,274.91839210332296,-0.0015718276892719325,-0.02665421793874596,-0.04716287538705291
mid,20.863362817206667,274.91839210332296,0.00019759878343288129,-0.024660939521333927,-0.048107336849356745
mid,21.032559802073127,274.9183921033229,0.0018682287738153933,-0.022754868512301366,-0.048927215140972556
mid,21.201756786939686,274.9183921033229,0.0034471452052920286,-0.02093438990964168,-0.04962918660846622
mid,21.370953771806192,274.91839210332296,0.004941016291104813,-0.019197860661998176,-0.050219549201735686
mid,21.54015075667275,274.91839210332296,0.006356122038813326,-0.01754362349050749,-0.05070423414058774
mid,21.709347741539315,274.9183921033229,0.007698377661032388,-0.015970018536130125,-0.051088817552984625
mid,21.87854472640582,274.9183921033229,0.008973354102615946,-0.014475392962585341,-0.05137853199769908
mid,22.04774171127238,274.91839210332296,0.010186295861778345,-0.013058108661479977,-0.05157827780007564
mid,22.21693869613894,274.9183921033229,0.01134213623949808,-0.011716548190870844,-0.051692634154930736
mid,22.3861356810055,274.91839210332296,0.012445510164283535,-0.010449119032692005,-0.05172586997117104
mid,22.555332665872008,274.9183921033229,0.013500764716427784,-0.009254256267129318,-0.05168195444626693
mid,22.724529650738567,274.9183921033229,0.014511967469763177,-0.008130423716512358,-0.051564567377905664
mid,22.893726635605127,274.9183921033229,0.015482912725791432,-0.007076113613379467,-0.051377109243506136
mid,23.062923620471636,274.9183921033229,0.016417125747374726,-0.0060898448264989635,-0.051122711083737254
mid,23.232120605338196,274.9183921033229,0.01731786507344441,-0.0051701596777879374,-0.05080424424727269
mid,23.401317590204755,274.9183921033229,0.018188122991600116,-0.0043156193580113356,-0.05042433006918566
mid,23.570514575071314,274.9183921033229,0.019030624255256933,-0.0035247979555887744,-0.049985349567903556
mid,23.739711559937824,274.9183921033229,0.019847823128802507,-0.0027962751089186423,-0.04948945326940833
mid,23.908908544804383,274.9183921033229,0.02064189887885025,-0.0021286272913153235,-0.048938571271024064
mid,24.078105529670943,274.91839210332296,0.021414749810921858,-0.0015204177666034678,-0.04833442368465581
mid,24.247302514537452,274.9183921033229,0.02216798601766069,-0.0009701852333255136,-0.04767853160214336
mid,24.41649949940401,274.91839210332296,0.02290292102166051,-0.00047643120378266027,-0.04697222874329053
mid,24.58569648427057,274.9183921033229,0.023620562513802346,-3.760623606775468e-05,-0.04621667395689302
mid,24.75489346913708,274.9183921033229,0.024321602481260765,0.0003479048816877675,-0.045412864751364544
mid,24.92409045400364,274.9183921033229,0.025006407064996197,0.0006817988189943575,-0.044561652019856235
mid,25.0932874388702,274.9183921033229,0.025675006550554772,0.0009658700411564955,-0.043663756130557445
mid,25.262484423736705,274.9183921033229,0.026327085984097113,0.001202027492908122,-0.042719784527023366
mid,25.431681408603264,274.9183921033229,0.02696197701274492,0.001392311257176853,-0.04173025094511439
mid,25.600878393469827,274.9183921033229,0.027578651627404704,0.0015389087263423043,-0.040695596307452654
mid,25.770075378336387,274.9183921033229,0.02817571860550072,0.0016441697105818252,-0.03961621128785216
mid,25.939272363202893,274.9183921033229,0.028751423580744506,0.001710619834495197,-0.038492460435065406
mid,26.108469348069452,274.9183921033229,0.02930365374281029,0.0017409714270330227,-0.037324707621109884
mid,26.27766633293601,274.9183921033229,0.029829948289731997,0.0017381310203597178,-0.03611334243401831
mid,26.44686331780252,274.9183921033229,0.030327515873186744,0.001705202478177575,-0.034858806921248944
mid,26.61606030266908,274.9183921033229,0.030793260286451192,0.0016454846570608085,-0.03356162188344673
mid,26.78525728753564,274.9183921033229,0.03122381572228187,0.0015624624897639609,-0.032222411642049247
mid,26.9544542724022,274.9183921033229,0.031615592901430026,0.0014597903345190798,-0.03084192589542959
mid,27.12365125726871,274.9183921033229,0.03196483726681509,0.0013412664366854233,-0.029421056962185835
mid,27.292848242135268,274.9183921033229,0.03226770030494846,0.001210797469856498,-0.02796085036461686
mid,27.462045227001777,274.9183921033229,0.032520324789113424,0.001072352272727755,-0.026462506346187062
mid,27.631242211868337,274.9183921033229,0.032718944405117384,0.0009299041823156414,-0.024927369586309603
mid,27.800439196734896,274.9183921033229,0.032859997699741496,0.0007873616601848196,-0.023356904105899003
mid,27.969636181601455,274.9183921033229,0.03294025570763578,0.0006484873951711212,-0.021752650154006424
mid,28.138833166467965,274.9183921033229,0.03295696192799323,0.0005168066608717894,-0.02011615978516979
mid,28.308030151334524,274.9183921033229,0.032907982446901594,0.0003955062850230979,-0.018448907973659834
mid,28.477227136201083,274.9183921033229,0.03279196311650486,0.0002873263131271879,-0.01675217644884938
mid,28.646424121067593,274.9183921033229,0.032608489823291786,0.00019444719485536225,-0.015026908073939716
mid,28.815621105934152,274.91839210332296,0.03235824699703944,0.00011837595764137288,-0.013273530588238403
mid,28.98481809080071,274.9183921033229,0.03204316884493348,5.9835387003590035e-05,-0.011491749898603455
mid,29.15401507566727,274.9183921033229,0.031666577444187466,1.8660559061259296e-05,-0.009680314900114093
mid,29.32321206053378,274.9183921033229,0.03123330190164706,-6.29295986141927e-06,-0.007836757963973325
mid,29.492409045400287,274.9183921033229,0.030749773498412306,-1.7225416357798118e-05,-0.005957117705049631
mid,29.6616060302669,274.91839210332296,0.030224093094267226,-1.7450949293926904e-05,-0.004035653387643407
mid,29.830803015133405,274.9183921033229,0.029666069700330797,-1.1435878340041936e-05,-0.00206456286485298
mid,29.999999999999964,274.9183921033229,0.029380154660815266,-7.3481304426713245e-06,-0.0011084632217736754
outer,-30.000000000000068,298.7730695018225,-1.825792822873545e-05,-0.00010715604753100766,-0.000249265717368001
outer,-30.000000000000068,298.6058480946258,-6.262170816729321e-05,-9.340156748310671e-05,-0.0002711914777170876
outer,-30.000000000000068,298.68956815628115,-4.027764764860477e-05,-0.0001002687718015703,-0.00026060343351332765
outer,-30.000000000000018,298.52190281823334,-8.525835074758563e-05,-8.658315137719421e-05,-0.0002810310641605006
outer,-29.708261952012435,298.52190281823334,-4.578738784797036e-05,-0.00016949859807602693,-0.0003322262778082435
outer,-29.70752503721737,298.6058480946258,-3.230729908219003e-05,-0.00018548493472498988,-0.00032287842645723223
outer,-29.706787559933932,298.6895681562812,-1.8861912812034843e-05,-0.00020173074674087655,-0.0003125931991725257
outer,-29.706049478737864,298.7730695018225,-5.468207228855531e-06,-0.00021820756883295344,-0.00030135876614362857
outer,-29.4165239040248,298.5219028182333,3.757933192081916e-05,-0.00029571495963428174,-0.0003290972547351343
outer,-29.41505007443467,298.60584809462586,3.5477022843141725e-05,-0.00033212846215244967,-0.0003234172156922365
outer,-29.413575119867794,298.68956815628115,3.3696328195106776e-05,-0.00036936973618811056,-0.00031656290364933586
outer,-29.41209895747566,298.7730695018225,3.2230608504209e-05,-0.0004074345302490551,-0.0003085091687006047
outer,-29.124785856037168,298.5219028182333,0.00010503554409633023,-0.0002892319470295952,-0.00014814030650918465
outer,-29.122575111652072,298.6058480946258,9.223402116653219e-05,-0.0003478828096565565,-0.0001512983974867974
outer,-29.12036267980166,298.68956815628115,7.99339163980368e-05,-0.000408055438824964,-0.00015331377445410222
outer,-29.118148436213456,298.7730695018225,6.81243253576629e-05,-0.0004697838750706873,-0.00015416523964863037
outer,-28.833047808049635,298.52190281823334,0.00013761828737369485,-6.114042835079308e-05,0.00014745622027261858
outer,-28.830100148869374,298.60584809462586,0.00011794559484636979,-0.00013926445122780208,0.00013120829071750444
outer,-28.82715023973552,298.6895681562812,9.895478090425595e-05,-0.00021942493538035072,0.00011585858183896954
outer,-28.824197914951252,298.7730695018225,8.064164898345463e-05,-0.00030166576855583915,0.00010141266828646992
outer,-28.541309760062003,298.52190281823334,0.00014412242915785216,0.00045623531600181856,0.0005090651747749677
outer,-28.537625186086675,298.60584809462586,0.00012065259326851131,0.00036448757256418257,0.0004764017232564518
outer,-28.533937799669385,298.68956815628115,9.806504893990122e-05,0.0002704853278639003,0.0004442878728450771
outer,-28.53024739368905,298.7730695018225,7.636584474029619e-05,0.00017419902612483585,0.0004127157269671756
outer,-28.24957171207437,298.52190281823334,0.00013524969300058036,0.0013103411332781013,0.0009046368704986427
outer,-28.24515022330408,298.60584809462586,0.00011009910657399855,0.0012120570621726016,0.0008533145532540632
outer,-28.24072535960325,298.6895681562812,8.599606283777336e-05,0.0011115255598942633,0.0008021854873842057
outer,-28.236296872426845,298.77306950182253,6.294933940804537e-05,0.001008732896478606,0.0007512359434114389
outer,-27.957833664086735,298.5219028182333,0.00011730896807568688,0.0025300629049155184,0.0013150183471490153
outer,-27.95267526052138,298.6058480946258,9.169859777400573e-05,0.0024323104971067334,0.001243739311680001
outer,-27.94751291953711,298.6895681562812,6.723742736563718e-05,0.002332437935343252,0.0011723327370515297
outer,-27.94234635116464,298.7730695018225,4.3931002458751176e-05,0.002230440597713164,0.0011007839111963611
outer,-27.666095616099103,298.52190281823334,9.316041304929107e-05,0.004130289262138397,0.0017292802921593951
outer,-27.660200297738683,298.6058480946258,6.772232249327393e-05,0.004039642344226768,0.0016374071461755647
outer,-27.654300479470976,298.68956815628115,4.348394753232211e-05,0.0039470649484091395,0.0015451271146894228
outer,-27.648395829902437,298.7730695018225,2.0447085728381685e-05,0.0038525578514101424,0.0014524260788301515
outer,-27.37435756811157,298.52190281823334,6.40412437724982e-05,0.006116789359423926,0.00214128850780027
outer,-27.367725334955985,298.6058480946258,3.909823814184175e-05,0.006039269963904842,0.002028597730357361
outer,-27.361088039404837,298.6895681562812,1.537528480195262e-05,0.0059600489513602865,0.0019152566421541321
outer,-27.354445308640233,298.77306950182253,-7.128391192414742e-06,0.005879131226868024,0.0018012521887923773
outer,-27.082619520123938,298.5219028182333,3.0551005481413256e-05,0.00848976995412253,0.0025476756666378327
outer,-27.075250372173386,298.6058480946258,6.271084978865492e-06,0.008430902846762461,0.002414196890755332
outer,-27.067875599338702,298.6895681562812,-1.678566632010766e-05,0.008370589763096039,0.002279854171794507
outer,-27.06049478737793,298.7730695018225,-3.862187471346482e-05,0.008308838745396122,0.0021446357834349087
outer,-26.790881472136306,298.52190281823334,-6.986153697184812e-06,0.011246110538248684,0.002946705486006721
outer,-26.782775409390688,298.6058480946258,-3.05185190658825e-05,0.011210991370103573,0.0027926222533487307
outer,-26.774663159272666,298.6895681562812,-5.283499170454908e-05,0.011174700298959644,0.002637485764485516
outer,-26.766544266115726,298.7730695018225,-7.39396169246757e-05,0.011137247610444326,0.0024812857156768092
outer,-26.499143424148674,298.52190281823334,-4.838780934349977e-05,0.014380753152091601,0.003337617887123926
outer,-26.49030044660799,298.60584809462586,-7.113567579401705e-05,0.014374116962833514,0.0031632042291960764
outer,-26.48145071920653,298.6895681562812,-9.268105067507162e-05,0.014366596460431348,0.0029875673796211748
outer,-26.472593744853523,298.7730695018225,-0.00011302901255207196,0.01435820353822557,0.0028106984149094414
outer,-26.207405376161038,298.52190281823334,-9.354997996168912e-05,0.01788758872205518,0.0037202393607501526
outer,-26.19782548382539,298.60584809462586,-0.00011550385431115164,0.017913874817491005,0.0035258185640028596
outer,-26.188238279140393,298.68956815628115,-0.0001362719701002834,0.017939575203234463,0.0033300197300085745
outer,-26.17864322359132,298.77306950182253,-0.00015586012596222922,0.01796470293161903,0.0031328352077796356
outer,-25.91566732817351,298.52190281823334,-0.0001424153239986542,0.021760026640867118,0.004094748382024432
outer,-25.905350521042692,298.60584809462586,-0.00016358220631239144,0.02182343664231598,0.003880666242317792
outer,-25.895025839074258,298.6895681562812,-0.00018358166268472344,0.021886569519293603,0.0036650626851935726
outer,-25.884692702329115,298.7730695018225,-0.0002024199746646499,0.021949439158965092,0.0034479311915110553
outer,-25.623929280185873,298.5219028182333,-0.00019495829692848209,0.02599136007491743,0.004461532861967543
outer,-25.612875558259994,298.6058480946258,-0.00021535593615459175,0.026095908641693987,0.004228140349787093
outer,-25.60181339900812,298.6895681562812,-0.00023460505024577513,0.026200498577250386,0.003993091446670085
outer,-25.59074218106691,298.7730695018225,-0.00025271222003617373,0.02630514438215907,0.0037563806086977364
outer,-25.33219123219824,298.5219028182333,-0.00025117881069063736,0.030574999061398767,0.004821102180201115
outer,-25.3204005954774,298.6058480946258,-0.0002708328262397818,0.030724558065917056,0.004568744231216549
outer,-25.308600958941984,298.68956815628115,-0.00028935718127862456,0.030874487472241516,0.004314600727839745
outer,-25.296791659804708,298.7730695018225,-0.00030675861458209774,0.031024802254017592,0.004058666938527487
outer,-25.04045318421061,298.5219028182333,-0.00031109990463745914,0.0355046168447413,0.005174031558535116
outer,-25.0279256326947,298.6058480946258,-0.0003300424800524709,0.03570295400463164,0.004903039932199666
outer,-25.01538851887585,298.6895681562812,-0.0003478739065079506,0.03590200229405589,0.004630137174540165
outer,-25.002841138542504,298.7730695018225,-0.0003646009745205056,0.036101777084626016,0.004355319196331229
outer,-24.748715136222973,298.5219028182333,-0.00037476731107674056,0.04077423768716616,0.005520925566010013
outer,-24.735450669912,298.6058480946258,-0.0003930367595144889,0.04102505059604309,0.005231614454678871
outer,-24.72217607880971,298.6895681562812,-0.00041021310879436716,0.04127692861390252,0.00494026829827683
outer,-24.7088906172803,298.7730695018225,-0.00042630311840463793,0.04152988749810578,0.004646883477026108
outer,-24.456977088235444,298.5219028182333,-0.00044224990239514,0.04637828372775754,0.005862392909729902
outer,-24.442975707129403,298.6058480946258,-0.0004598907197306233,0.046685230082627,0.005555056466894555
outer,-24.428963638743575,298.6895681562812,-0.00047645604891123974,0.046993610695992644,0.005245561050728749
outer,-24.414940096018096,298.77306950182253,-0.0004919525608233239,0.0473034417489527,0.00493390333667738
outer,-24.16523904024781,298.5219028182333,-0.0005136402212877617,0.05231159198901016,0.00619902781206764
outer,-24.150500744346704,298.6058480946258,-0.0005307034134880255,0.05267831665381151,0.005873939080185492
outer,-24.135751198677436,298.6895681562812,-0.0005467084237226298,0.05304686212436834,0.005546565960038236
outer,-24.120989574755892,298.7730695018225,-0.0005616617958720781,0.05341724509516563,0.005216905243524098
outer,-23.873500992260176,298.5219028182333,-0.0005890550161840175,0.05856940838857729,0.006531395317777005
outer,-23.858025781564006,298.6058480946258,-0.0006055985974046316,0.05899956780548399,0.00618880622344342
outer,-23.8425387586113,298.68956815628115,-0.0006211012199843179,0.05943195449348654,0.00584380454157799
outer,-23.82703905349369,298.7730695018225,-0.0006355692799104237,0.05986658580082807,0.005496387001098391
outer,-23.581762944272544,298.52190281823334,-0.0006686355283666394,0.06514736336721333,0.0068600190635969525
outer,-23.565550818781308,298.60584809462586,-0.0006847251839349477,0.06564464767754219,0.006500161274697304
outer,-23.549326318545162,298.68956815628115,-0.0006997913228484268,0.06614458844518832,0.006137758772723212
outer,-23.533088532231485,298.7730695018225,-0.0007138401878399245,0.06664720386479986,0.005772808042460073
outer,-23.29002489628491,298.5219028182333,-0.0007525475163449695,0.07204143191640723,0.007185370711423809
outer,-23.27307585599871,298.6058480946258,-0.0007682574421210737,0.07260958510870419,0.0068084572228065965
outer,-23.256113878479027,298.68956815628115,-0.0007829619040043492,0.07318084973503175,0.006428861968074139
outer,-23.23913801096928,298.7730695018225,-0.0007966670038024731,0.07375524508145595,0.006046581002536824
outer,-22.99828684829738,298.5219028182333,-0.0008409812223275533,0.07924788004735726,0.007507860710591476
outer,-22.98060089321601,298.6058480946258,-0.0008563951998815655,0.07989071839712622,0.007114088078498823
outer,-22.962901438412892,298.6895681562812,-0.0008708228653377531,0.0805371522934559,0.006717490822270765
outer,-22.945187489707077,298.7730695018225,-0.000884270213423851,0.0811872024106456,0.006318064378094387
outer,-22.706548800309694,298.5219028182333,-0.0009341512677879631,0.08676319934802072,0.007827830268338835
outer,-22.688125930433312,298.6058480946258,-0.0009493640763024412,0.08748462839326987,0.007417381436507088
outer,-22.669688998346803,298.6895681562812,-0.000963611433586694,0.088210169856353,0.007003958551067772
outer,-22.651236968444874,298.7730695018225,-0.0009768992847966201,0.08893984615208705,0.006587556232681344
outer,-22.41481075232211,298.52190281823334,-0.0010322968362586372,0.09458403064338682,0.00814554451309625
outer,-22.395650967650667,298.60584809462586,-0.0010474161442817105,0.09538806094828678,0.007718592182170594
outer,-22.376476558280668,298.6895681562812,-0.0010615933294857577,0.09619675722341048,0.007288509129854345
outer,-22.35728644718267,298.77306950182253,-0.001074834369319294,0.09701014404117625,0.006855288957600823
outer,-22.12307270433448,298.5219028182333,-0.0011356824103893257,0.10270707761145847,0.00846118681089185
outer,-22.10317600486802,298.6058480946258,-0.001150831286449789,0.10359783963860714,0.008017897336258545
outer,-22.083264118214583,298.6895681562812,-0.001165064771481275,0.10449386214371266,0.00757131264875208
outer,-22.063335925920466,298.77306950182253,-0.00117838899710649,0.10539517233389699,0.0071214251168934505
outer,-21.831334656346844,298.5219028182333,-0.001244599312575364,0.11112901097117465,0.008774854129218485
outer,-21.81070104208532,298.60584809462586,-0.0012599195531583333,0.112110769422212,0.008315391935032598
outer,-21.790051678148448,298.6895681562812,-0.0012743557268118343,0.11309842847289207,0.007852461687877212
outer,-21.769385404658262,298.7730695018225,-0.0012879142856326888,0.11409201851556593,0.0073860542928568425
outer,-21.539596608359314,298.52190281823334,-0.0013593687248998135,0.11984636312221664,0.009086553187654528
outer,-21.51822607930272,298.60584809462586,-0.0013750252840048771,0.12092353111514137,0.00861108568273708
outer,-21.49683923808231,298.6895681562812,-0.0013898351846758708,0.12200729058717044,0.00813196845434563
outer,-21.47543488339606,298.77306950182253,-0.0014038054176167547,0.12309767575829593,0.007649190689162463
outer,-21.24785856037168,298.52190281823334,-0.001480346819228713,0.12885541252938426,0.009396196856027925
outer,-21.225751116520023,298.60584809462586,-0.0014965335803926033,0.13003256612055042,0.00890489987508774
outer,-21.20362679801612,298.68956815628127,-0.001511919044023237,0.13121705858812474,0.008409762206120077
outer,-21.181484362133855,298.77306950182253,-0.0015265110321330197,0.13240892872361465,0.007910771031304813
outer,-20.956120512384047,298.52190281823334,-0.0016079326958193321,0.13815205626682198,0.00970359992312067
outer,-20.933276153737324,298.6058480946258,-0.001624879919558557,0.13943394981111415,0.00919666373238329
outer,-20.910414357949985,298.6895681562812,-0.0016410815144013782,0.140723992667443,0.008685686123649318
outer,-20.88753384087165,298.77306950182253,-0.001656546511699955,0.14202222907743767,0.008170651947432606
outer,-20.664382464396414,298.5219028182334,-0.0017425803819378569,0.1477316673551734,0.010008472842929682
outer,-20.640801190954626,298.60584809462586,-0.0017605641910714356,0.1491232501843117,0.009486108768618613
outer,-20.6172019178839,298.6895681562812,-0.0017778712891549572,0.1505238632978254,0.00895949228489007
outer,-20.593583319609397,298.7730695018225,-0.0017945124006682259,0.1519335574385697,0.008428605524935191
outer,-20.37264441640878,298.52190281823334,-0.0018848161119224063,0.15758893163880736,0.01031041141091353
outer,-20.348326228171977,298.6058480946259,-0.0019041703611787433,0.15909536649896364,0.009772859194420391
outer,-20.32398947781776,298.6895681562812,-0.0019229337056662563,0.16061179189111763,0.009230832784245996
outer,-20.299632798347194,298.77306950182253,-0.0019411191818319712,0.16213826632892375,0.008684311136513322
outer,-20.080906368421196,298.52190281823334,-0.0020352625002949196,0.16771765616041542,0.010608879468162448
outer,-20.05585126538933,298.60584809462586,-0.0020563933613751487,0.16934433966182508,0.010056415500702763
outer,-20.030777037751626,298.6895681562812,-0.0020770404673159312,0.17098206350539577,0.009499244200569808
outer,-20.00568227708504,298.7730695018225,-0.0020972199532084818,0.17263089552192476,0.008937340796723807
outer,-19.789168320433564,298.52190281823334,-0.002194671492092945,0.17811053722955814,0.010903180616321076
outer,-19.76337630260663,298.60584809462586,-0.002218075008568958,0.1798631222323912,0.010336127268206458
outer,-19.73756459768549,298.6895681562812,-0.0022411286470910077,0.18162789912875532,0.009764121536191446
outer,-19.711731755822786,298.77306950182253,-0.0022638526064712797,0.1834049469901177,0.009187134266246656
outer,-19.497430272445982,298.5219028182334,-0.002363968150006654,0.18875887157045199,0.011192413561513362
outer,-19.470901339824035,298.60584809462586,-0.0023902508813717013,0.19064329088879595,0.010611149905198722
outer,-19.444352157619353,298.6895681562812,-0.0024163507147455174,0.19254116985612016,0.010024676425405582
outer,-19.417781234560582,298.77306950182253,-0.0024422930812148316,0.19445260118807345,0.009432958815470759
outer,-19.20569222445835,298.52190281823334,-0.002544307669137498,0.1996521876830065,0.011475404035243747
outer,-19.178426377041337,298.60584809462586,-0.0025742102865142363,0.20167467768157904,0.01088037836348979
outer,-19.151139717553217,298.6895681562812,-0.0026041374895288405,0.20371202839748043,0.01027987278850443
outer,-19.123830713298428,298.77306950182253,-0.002634121328162438,0.2057643492026139,0.009673846961500566
outer,-18.913954176470714,298.52190281823334,-0.0027371479246410396,0.2107777668802045,0.011750604230100756
outer,-18.88595141425864,298.6058480946259,-0.0027715713138282624,0.21294488829269692,0.011142348900876224
outer,-18.85792727748708,298.6895681562812,-0.0028062756202797134,0.2151284249016205,0.010528331157528645
outer,-18.829880192036224,298.77306950182253,-0.0028413011149932277,0.2173285065121188,0.009908503608938267
outer,-18.622216128483185,298.5219028182333,-0.002944339788251517,0.22212001372785098,0.012015948367534446
outer,-18.59347645147599,298.60584809462586,-0.002984372682207595,0.22443866538832835,0.011395097684245833
outer,-18.564714837421047,298.6895681562812,-0.0030250007706694518,0.226775463429445,0.010768190673563056
outer,-18.53592967077402,298.77306950182253,-0.00306627434662899,0.2291305627968514,0.010135171830212453
outer,-18.3304780804955,298.5219028182334,-0.00316823715472786,0.2336596239260316,0.012268650302417389
outer,-18.30100148869334,298.60584809462586,-0.003215183714453805,0.23613704277111605,0.011635962348587742
outer,-18.27150239735486,298.6895681562812,-0.0032631071970714715,0.2386345423497912,0.010996915129494883
outer,-18.241979149511767,298.77306950182253,-0.0033120698464675913,0.2411523085869102,0.01035144395551399
outer,-18.038740032507917,298.5219028182334,-0.0034118279606175847,0.24537248354007624,0.012504926073027126
outer,-18.008526525910643,298.6058480946259,-0.003467232920453936,0.24801622121363406,0.011861309686231045
outer,-17.97828995728872,298.6895681562812,-0.0035240732850945963,0.25068220643946526,0.01121102655657892
outer,-17.948028628249613,298.77306950182253,-0.003582425225585724,0.2533706632629928,0.010554001860097029
outer,-17.747001984520285,298.5219028182334,-0.003678886288099363,0.2572282168115788,0.012719621057654854
outer,-17.716051563127994,298.6058480946259,-0.003744554282031104,0.26004607931297985,0.012066169475131422
outer,-17.685077517222634,298.6895681562812,-0.0038122011748141296,0.26288861987694967,0.011405746762914351
outer,-17.65407810698736,298.7730695018226,-0.0038819189425758557,0.26575610927582133,0.010738267327053234
outer,-17.455263936532653,298.5219028182334,-0.0039741444029872675,0.26918828022852487,0.01290571781546726
outer,-17.42357660034535,298.6058480946259,-0.004052149002395956,0.2721882120566788,0.012243750939857745
outer,-17.39186507715645,298.6895681562812,-0.004132767051680225,0.27521554765843004,0.011574523815385346
outer,-17.360127585725206,298.77306950182253,-0.004216107896138674,0.27827061472557224,0.010897940050841298
outer,-17.16352588854507,298.5219028182334,-0.004303481737880428,0.28120347786639327,0.013053696991386393
outer,-17.131101637562647,298.6058480946259,-0.004396158489078726,0.28439336597198467,0.012384814739278924
outer,-17.09865263709031,298.6895681562812,-0.004492176578681589,0.28761370790463814,0.011708416965986665
outer,-17.066177064462952,298.7730695018226,-0.004591663707511837,0.2908649000658679,0.011024397477909315
outer,-16.871787840557435,298.5219028182334,-0.004674125668010301,0.2932107471616549,0.013150719714703663
outer,-16.83862667477995,298.60584809462586,-0.004784042112563891,0.2965981124999656,0.012476869537415627
outer,-16.805440197024225,298.6895681562812,-0.004898117729199812,0.30001932880093624,0.011795309797535
outer,-16.7722265432007,298.77306950182265,-0.0050164986234622205,0.30347487445404014,0.011105927090280368
outer,-16.580049792569852,298.52190281823334,-0.005094856897703552,0.30512903450590884,0.01317959566687088
outer,-16.546151711997304,298.6058480946259,-0.005224751298701369,0.3087205698813802,0.012503158054923108
outer,-16.512227756958037,298.6895681562812,-0.005359701260655325,0.3123497110087312,0.011818917322199446
outer,-16.478276021938495,298.7730695018226,-0.0054998699846023,0.3160170327018875,0.011126757816974586
outer,-16.28831174458222,298.5219028182334,-0.005576210187195632,0.31685404619341395,0.013117496155326841
outer,-16.253676749214655,298.6058480946259,-0.0057288895530563586,0.32065494816107787,0.012441392748908736
outer,-16.21901531689195,298.68956815628127,-0.005887577340619558,0.32449755873161873,0.011757548121359304
outer,-16.18432550067629,298.7730695018226,-0.006052450683816497,0.32838256412458416,0.011065852733891407
outer,-15.996573696594586,298.5219028182334,-0.006130659947594312,0.3282516207444601,0.012934365496199904
outer,-15.961201786431955,298.6058480946259,-0.0063088470859231915,0.3322646502059444,0.012262195278819416
outer,-15.925802876825815,298.68956815628127,-0.0064940161668094395,0.3363237986525351,0.01158257667620026
outer,-15.890374979414087,298.7730695018226,-0.006686352672998025,0.34042987824732507,0.010895419353185845
outer,-15.704835648607004,298.5219028182334,-0.006772780601127133,0.33914942167360296,0.012590975484524425
outer,-15.668726823649308,298.6058480946259,-0.006978899493845704,0.34337361189112064,0.011927185326212897
outer,-15.63259043675968,298.6895681562812,-0.007192941652710345,0.3476485532937889,0.011256572417182933
outer,-15.596424458151883,298.7730695018226,-0.007415092264252701,0.3519751966140655,0.010579085160144733
outer,-15.413097600619421,298.5219028182334,-0.00751937437039607,0.34932659188347637,0.012036554459442322
outer,-15.37625186086666,298.6058480946259,-0.007755263402692156,0.35375550279458345,0.011386650785577324
outer,-15.339377996693543,298.68956815628127,-0.007999911413020394,0.35823986937737107,0.01073101822614117
outer,-15.30247393688968,298.77306950182253,-0.008253490896721831,0.36278078954239706,0.010069672073414651
outer,-15.12135955263179,298.5219028182334,-0.008389566070942205,0.3585009349689382,0.011205900503819324
outer,-15.083776898084013,298.6058480946259,-0.008656109790117439,0.363120327046699,0.010576708716767663
outer,-15.046165556627457,298.6895681562812,-0.008932045009656026,0.3677997138913676,0.009943527871549576
outer,-15.008523415627527,298.77306950182253,-0.00921751463424033,0.3725403422676572,0.009306479703326362
outer,-14.829621504644207,298.52190281823334,-0.009404877936552418,0.3663130840769891,0.010015850068988627
outer,-14.791301935301364,298.6058480946259,-0.009701550633612568,0.3710978498792249,0.009415826738640248
outer,-14.75295311656132,298.68956815628127,-0.010007918810681478,0.37594662627953784,0.008814430815760346
outer,-14.714572894365324,298.7730695018226,-0.010324073509759994,0.3808607996657787,0.008211945017009836
outer,-14.537883456656726,298.5219028182334,-0.010589320335675542,0.37230696574250005,0.00836090584188752
outer,-14.498826972518767,298.60584809462586,-0.010913639628325797,0.3772171061660896,0.00780050405786771
outer,-14.459740676495336,298.68956815628127,-0.011247473250633043,0.38219422842029854,0.007242519455112589
outer,-14.420622373103221,298.7730695018226,-0.011590831668472815,0.38723983290536645,0.006687469960375836
outer,-14.246145408669499,298.5219028182334,-0.011969570730398449,0.37590563131588645,0.006107706578274794
outer,-14.206352009736527,298.6058480946259,-0.012316468485965605,0.3808809838378924,0.005599783991322202
outer,-14.166528236429606,298.6895681562812,-0.012672023508133054,0.3859244991332228,0.005099620422520101
outer,-14.126671851841476,298.7730695018226,-0.013036129084940604,0.3910377418330867,0.00460806933328918
outer,-13.954407360683494,298.5219028182334,-0.013575360455128457,0.37638115923533955,0.0030878018999291185
outer,-13.913877046955458,298.6058480946259,-0.013936495382435167,0.3813344533336451,0.002648036871727058
outer,-13.873315796365098,298.68956815628127,-0.014304528141462318,0.38635423972458094,0.0022234055099873556
outer,-13.83272133058085,298.77306950182265,-0.014679188226394246,0.39144206147342075,0.0018152323537331816
outer,-13.66266931270156,298.5219028182334,-0.015440251363364785,0.37281674031694806,-0.000912216015002687
outer,-13.62140208417851,298.6058480946259,-0.015803323666951207,0.3776243238545828,-0.0012649887959060024
outer,-13.580103356304711,298.68956815628127,-0.016170373621423,0.38249235355164035,-0.00159261382201209
outer,-13.538770809324447,298.7730695018226,-0.016540907233231372,0.38742220905003816,-0.0018931110189092937
outer,-13.370931264733978,298.5219028182334,-0.01760286374023592,0.36405817273257246,-0.0061649299788615886
outer,-13.328927121416013,298.6058480946259,-0.017951052484781817,0.3685473355693778,-0.006408673833001657
outer,-13.286890916258828,298.68956815628127,-0.01829886674087605,0.37308427351731077,-0.006613858907508999
outer,-13.244820288082549,298.7730695018226,-0.018645512914789934,0.3776699656470936,-0.006777594632719555
outer,-13.07919321681479,298.5219028182334,-0.02010834702339515,0.348650722488548,-0.013023921955302692
outer,-13.036452158702065,298.6058480946259,-0.02042016482552798,0.3525817532017508,-0.013134153155085107
outer,-12.99367847626185,298.6895681562812,-0.020725617532660754,0.356537773958324,-0.013188101899065954
outer,-12.950869766889808,298.7730695018226,-0.02102352116626279,0.3605189422516471,-0.01318160673865762
outer,-12.787455169053663,298.52190281823334,-0.023004299260269513,0.3247574101982059,-0.021958784081118128
outer,-12.743977196147043,298.6058480946259,-0.023254014362192196,0.32779724552090733,-0.021911314684908763
outer,-12.70046603642451,298.6895681562812,-0.02348983124012053,0.3308233269351414,-0.021784539820386632
outer,-12.656919245857623,298.77306950182253,-0.023710119249113357,0.3338341304284829,-0.02157251019679276
outer,-12.495717121795877,298.5219028182334,-0.02631799095123589,0.2900588625867526,-0.03361497952926367
outer,-12.45150223409801,298.60584809462586,-0.026476717892039335,0.2917419636607764,-0.033393832121429295
outer,-12.407253597095805,298.6895681562812,-0.026613662661962918,0.29334609106942017,-0.03306457556814471
outer,-12.362968725336666,298.77306950182253,-0.026727067239326448,0.29486593239610764,-0.03261881545790713
outer,-12.20397907608308,298.5219028182334,-0.029763498564066335,0.2417035548598891,-0.048876756058971946
outer,-12.159027273602002,298.60584809462586,-0.029767437725652386,0.24138716995755252,-0.04848824824673005
outer,-12.114041159328165,298.6895681562812,-0.029740235590410134,0.24088357985512573,-0.04795817872799265
outer,-12.069018206384765,298.77306950182253,-0.02968084755945712,0.24017904483020444,-0.047275224673557235
outer,-11.912241035005035,298.5219028182334,-0.0455648876649377,0.1735587319719749,-0.0715699069913102
outer,-11.86655231776487,298.6058480946259,-0.047101774798630855,0.16997190653765576,-0.07144881346206364
outer,-11.820828726243525,298.6895681562812,-0.04884642519980795,0.16596631943894483,-0.07120782797718786
outer,-11.775067692140036,298.77306950182265,-0.0508342407904432,0.1615040418538917,-0.07084106638871512
outer,-11.62050300733677,298.5219028182334,-0.11758282510771728,0.07772169202612411,-0.11037737787881494
outer,-11.574077375407136,298.6058480946259,-0.12685052593260596,0.06908474065793943,-0.11175120049137167
outer,-11.527616306708047,298.6895681562812,-0.13719848084320957,0.05967223391502578,-0.11314619773550919
outer,-11.481117191514288,298.7730695018226,-0.1487510244681171,0.04941748447514305,-0.1145727680254402
outer,-11.328765017380011,298.5219028182334,-0.27547491111477246,-0.034132609455023714,-0.16470758680622072
outer,-11.281602470957083,298.6058480946259,-0.29699698974845085,-0.04702191749560445,-0.16771922729170236
outer,-11.234403925276428,298.6895681562812,-0.32025566277674516,-0.060729165632145234,-0.17076945702760216
outer,-11.187166729188831,298.77306950182253,-0.34534462274589167,-0.07528811498947766,-0.17385467538422592
outer,-11.037027130480805,298.52190281823334,-0.48489951297216305,-0.13180097586414607,-0.21654451376010408
outer,-10.98912767010029,298.6058480946259,-0.5147654051355042,-0.14541100604786075,-0.21909874131824753
outer,-10.941191647974337,298.6895681562812,-0.5459113596721289,-0.15951427202884336,-0.22144091678059685
outer,-10.893216371529476,298.77306950182253,-0.5782839330345146,-0.17410202007078418,-0.22353859783069058
outer,-10.745289515347988,298.52190281823334,-0.6924847731127317,-0.20222237537875004,-0.24957767440412792
outer,-10.696653142422916,298.6058480946259,-0.7240429742256996,-0.21486001590149,-0.24978739600252142
outer,-10.647979645265716,298.68956815628115,-0.756051118429294,-0.2278653186937276,-0.24959324870757996
outer,-10.599266289878807,298.77306950182253,-0.7884061618402054,-0.241253442070718,-0.24898086674926706
outer,-10.453552600771676,298.5219028182334,-0.8748518797688921,-0.25600172202692967,-0.26295339292801917
outer,-10.404179318944319,298.6058480946259,-0.9046328939608269,-0.2685577970208971,-0.26085490813225715
outer,-10.354768350400937,298.6895681562812,-0.9343421422992876,-0.2815826111777904,-0.25842741106451317
outer,-10.305316919720054,298.7730695018225,-0.9638966296831932,-0.2950964202968055,-0.25570018060221744
outer,-10.16181742490502,298.5219028182334,-1.0310944127219162,-0.3051061987742408,-0.26456980311331246
outer,-10.111707243215122,298.60584809462586,-1.0579693503572885,-0.3183190713514122,-0.26129471837145746
outer,-10.061558812332228,298.6895681562812,-1.084445453838959,-0.33195758258212577,-0.2579123894209473
outer,-10.011369315411416,298.77306950182253,-1.1104399546217052,-0.34598600015935543,-0.25447539635954275
outer,-9.87008645028159,298.5219028182334,-1.1640798706538111,-0.35226955667924265,-0.26178568185443285
outer,-9.819239390571981,298.6058480946259,-1.1874851819185188,-0.36565619592170057,-0.2584077778700151
outer,-9.768353519209043,298.68956815628115,-1.2102345954244007,-0.37920293949619166,-0.25512547588079726
outer,-9.717425977925684,298.77306950182253,-1.2322515337661182,-0.39282164135460795,-0.2519844480705693
outer,-9.578365316728325,298.5219028182333,-1.2762907225378797,-0.3951960198169109,-0.25865546395844746
outer,-9.526781430164002,298.6058480946258,-1.2960784365480293,-0.40781399496716914,-0.2557646242383782
outer,-9.47515816952505,298.6895681562812,-1.3150980970452746,-0.42029368725792626,-0.2530734639519914
outer,-9.423492635125209,298.7730695018225,-1.3333155007355442,-0.43254999029425867,-0.25060236779128553
outer,-9.286666452787612,298.52190281823334,-1.3711266399850226,-0.4317523017661562,-0.25655128709294206
outer,-9.2343458551513,298.60584809462586,-1.3877410305846003,-0.4430015466971699,-0.2542753405990357
outer,-9.181985321107401,298.6895681562812,-1.4036640622940726,-0.45394955134436615,-0.25220261025404367
outer,-9.129581909557002,298.77306950182253,-1.4189161546596092,-0.46455646853620064,-0.2503286071487511
outer,-8.995016793676417,298.52190281823334,-1.4528742166927902,-0.4616393091292522,-0.2553410260702487
outer,-8.941959740790562,298.60584809462586,-1.4671530161974482,-0.47146314109212517,-0.2535380897999958
outer,-8.888862189359372,298.6895681562812,-1.4809324323526147,-0.480978803999276,-0.2518871499026898
outer,-8.83572115688563,298.77306950182253,-1.4942622930178673,-0.49018932174750907,-0.2503722864600485
outer,-8.703471654388773,298.5219028182333,-1.5256129213975465,-0.4858763429788822,-0.25438685307663195
outer,-8.649678689665544,298.6058480946258,-1.5384071540238144,-0.4945403245760575,-0.2528503608033147
outer,-8.59584466467428,298.6895681562812,-1.550894814238866,-0.5029653474311664,-0.25140941009056056
outer,-8.541966555549742,298.77306950182253,-1.5631218582988426,-0.5111703224822886,-0.2500493544332248
outer,-8.412142551064132,298.5219028182333,-1.5923614673005435,-0.5057845135584262,-0.253132191294614
outer,-8.357614797703032,298.6058480946258,-1.6042837302184356,-0.5135943959411261,-0.2517071114143504
outer,-8.303045423208369,298.68956815628115,-1.6160282442048348,-0.5212336695043639,-0.25033966931041746
outer,-8.248431362410289,298.77306950182253,-1.6276224604106952,-0.5287174288528833,-0.24902100131764707
outer,-8.121244673699838,298.5219028182333,-1.6549321460283977,-0.5223831458034567,-0.25127734953449016
outer,-8.065984373701491,298.60584809462574,-1.666325926768859,-0.5295515421826774,-0.24988069493200285
outer,-8.010681893415398,298.6895681562812,-1.6776066795832278,-0.5365902734779361,-0.2485222353941343
outer,-7.955334126493089,298.7730695018225,-1.688786617128528,-0.5435068090320534,-0.24719753882774104
outer,-7.831175361525723,298.52190281823334,-1.714245687345158,-0.5363031800440727,-0.24872936690623443
outer,-7.775186822709828,298.60584809462586,-1.7252745244574021,-0.5429515376802767,-0.2473258428307577
outer,-7.719155547740136,298.6895681562812,-1.7362173618743355,-0.5494904785162994,-0.24595127141856693
outer,-7.663078389331688,298.7730695018225,-1.7470789019117565,-0.5559231449797069,-0.24460323611223125
outer,-7.542644151342762,298.52190281823334,-1.7706929774018214,-0.5479275343950235,-0.24550587083787562
outer,-7.485935370504316,298.60584809462586,-1.7814304225414843,-0.5541291018873464,-0.24408152390204313
outer,-7.429183303749941,298.6895681562812,-1.7920924540635752,-0.560232501149753,-0.24268072049229028
outer,-7.372384763307843,298.7730695018225,-1.802681007814974,-0.5662394217168661,-0.24130166853191248
outer,-7.2568315105459655,298.5219028182333,-1.8243460803574258,-0.5575235152808369,-0.2416699081224541
outer,-7.199416621885451,298.6058480946258,-1.8348245902146993,-0.563333339478673,-0.24021720823651038
outer,-7.141957908335773,298.68956815628115,-1.8452316638369237,-0.5690534211820174,-0.23878356988280114
outer,-7.084452142432427,298.7730695018225,-1.8555682575578583,-0.5746851242908119,-0.23736731846678433
outer,-6.975574597055891,298.5219028182333,-1.8750431148393518,-0.5653088287545228,-0.23730164791179395
outer,-6.917477286400197,298.6058480946258,-1.8852733377657627,-0.57077545188765,-0.2358134200153183
outer,-6.859335629961344,298.68956815628115,-1.8954330441043732,-0.5761599751501018,-0.23433974853942038
outer,-6.801146361913828,298.7730695018225,-1.9055228020254562,-0.581463774145752,-0.23287893778037383
outer,-6.701466758061531,298.52190281823334,-1.9224442913116804,-0.571479139626388,-0.23249285255742433
outer,-6.642724194391306,298.6058480946258,-1.9324234305024632,-0.5766474452944753,-0.2309607983893061
outer,-6.5839367924151375,298.6895681562811,-1.942331416864954,-0.5817410869970876,-0.22943864801539654
outer,-6.525101250035966,298.7730695018224,-1.9521686839586827,-0.58676159964667,-0.2279246786606196
outer,-6.437756763301255,298.5219028182333,-1.9661349691465528,-0.5762310937923211,-0.2273540535921441
outer,-6.378423006379235,298.6058480946258,-1.9758533602772475,-0.581142698616214,-0.2257697172556234
outer,-6.319043959892442,298.6895681562812,-1.9854992775376148,-0.5859870241234624,-0.22419073467001074
outer,-6.25961628851094,298.7730695018225,-1.9950731270905342,-0.5907658421249796,-0.22261541388670592
outer,-6.187822331310555,298.5219028182333,-2.0057733212577222,-0.5797811053498846,-0.22201772832090702
outer,-6.127969002103553,298.60584809462586,-2.0152208269503245,-0.5844743981063629,-0.22037454619480643
outer,-6.06806998674124,298.6895681562812,-2.0245943376557523,-0.5891076755493764,-0.21873265606832504
outer,-6.008121920687029,298.7730695018225,-2.033894233281655,-0.5936829491376845,-0.21709048353743177
outer,-5.954508337268054,298.52190281823334,-2.041222494882703,-0.5823696146241956,-0.2166309994288423
outer,-5.894221847623791,298.6058480946258,-2.050393416089853,-0.5868796810287107,-0.21492610197915663
outer,-5.833889341192072,298.6895681562812,-2.0594887943531086,-0.5913366338465473,-0.21321925409283937
outer,-5.773507429087,298.7730695018225,-2.0685089161604573,-0.5957426481495266,-0.21150908637797455
outer,-5.739450050080925,298.52190281823334,-2.072600403093853,-0.5842398521018831,-0.21133186039949972
outer,-5.678825313825751,298.6058480946258,-2.08149546099566,-0.5885980014364368,-0.2095666211064594
outer,-5.618154302598822,298.6895681562812,-2.0903133809046643,-0.5929092452535868,-0.20779717186633923
outer,-5.557433608500477,298.77306950182253,-2.099054261475578,-0.5971757810401944,-0.20602241680481226
outer,-5.542918492991113,298.5219028182333,-2.1002259326923864,-0.5856031574992158,-0.20622634943118368
outer,-5.482051833036947,298.60584809462586,-2.1088513816997665,-0.5898361111781902,-0.20440563209215232
outer,-5.421138713450261,298.6895681562812,-2.117397977682375,-0.5940273647315767,-0.20257941178716057
outer,-5.364099635296533,298.52190281823334,-2.1245348484710167,-0.5866232906856458,-0.20138093805173884
outer,-5.360175712732053,298.7730695018225,-2.125865548450419,-0.5981789640442753,-0.20074690480970941
outer,-5.303083142302371,298.6058480946258,-2.132900342945208,-0.59075267933204,-0.19951171997202677
outer,-5.242020075307828,298.6895681562812,-2.1411851214103153,-0.5948443775675003,-0.1976365279886468
outer,-5.201325867208467,298.52190281823334,-2.145991670172578,-0.587409574558704,-0.19681916077804543
outer,-5.180907004391437,298.7730695018225,-2.1493886951748613,-0.5989001115308369,-0.19575489539743912
outer,-5.140242961710249,298.6058480946258,-2.1541081002125737,-0.5914519566651855,-0.19490913370802626
outer,-5.0791134315188495,298.6895681562812,-2.1621418435681066,-0.5954594202945673,-0.19299327778697106
outer,-5.052771724748447,298.52190281823334,-2.1650221671873227,-0.5880276053044412,-0.1925395743506866
outer,-5.017933842979493,298.7730695018225,-2.170092095905345,-0.5994332416696183,-0.19107141593012245
outer,-4.991696336454172,298.6058480946258,-2.1729002854868287,-0.5919950775227694,-0.19059621369647678
outer,-4.930574329204588,298.68956815628115,-2.1806937382754876,-0.5959292621302287,-0.18864757233184432
outer,-4.916649641583125,298.5219028182333,-2.1820043100142623,-0.5885206970357308,-0.18852769883111833
outer,-4.869402269767553,298.77306950182253,-2.188401452545101,-0.599830913969499,-0.18669371012843916
outer,-4.855646406407804,298.6058480946258,-2.189654267668226,-0.5924219468782724,-0.18655777885872318
outer,-4.794596607351814,298.68956815628115,-2.1972177052753574,-0.5962905929561381,-0.18458334237197146
outer,-4.791175701691986,298.52190281823334,-2.1972599796714025,-0.5889142501423676,-0.18475739855324672
outer,-4.733496815238904,298.7730695018226,-2.204693366256532,-0.6001268613090723,-0.18260461817056153
outer,-4.730299980736095,298.6058480946258,-2.2046911661980593,-0.5927555123790001,-0.1827667576987944
outer,-4.674930811677063,298.52190281823334,-2.211054265435689,-0.5892254149295979,-0.18120484961445005
outer,-4.669377793231426,298.6895681562812,-2.212034241148202,-0.5965641507374023,-0.18077243315787883
outer,-4.614230587987568,298.60584809462586,-2.218275399362558,-0.5930112870901696,-0.1791984110867919
outer,-4.608405717169633,298.77306950182253,-2.219287872722779,-0.6003399107211898,-0.1787747488651644
outer,-4.566577497167207,298.52190281823334,-2.223603062964574,-0.589465251148842,-0.17784337171556064
outer,-4.553484031706575,298.6895681562812,-2.2254072109906633,-0.5967640570855738,-0.1771890825894091
outer,-4.506093800085294,298.6058480946258,-2.230622369702996,-0.5931993444296495,-0.17582520009356603
outer,-4.492687730691106,298.7730695018225,-2.232448406505734,-0.6004830778138731,-0.17517721130776126
outer,-4.465199910010433,298.5219028182333,-2.235083279300021,-0.5896447032341718,-0.17465519626065973
outer,-4.445563935687143,298.68956815628115,-2.237551606221661,-0.5968996208013493,-0.1738048206079609
outer,-4.404969007262209,298.6058480946258,-2.2419086169057567,-0.5933300651263128,-0.17262865499940336
outer,-4.384984504001223,298.7730695018225,-2.244389618437186,-0.6005651506470653,-0.17178253967858106
outer,-4.3697658762583815,298.52190281823334,-2.245647861453481,-0.5897723221639039,-0.1716169611067608
outer,-4.344692130156046,298.6895681562812,-2.248643637901957,-0.5969808398367152,-0.1706004332163624
outer,-4.309818669161408,298.60584809462586,-2.252286740620425,-0.5934117050107637,-0.1695847665335469
outer,-4.284365892930876,298.77306950182253,-2.255287408118846,-0.6005959323554289,-0.16857074482460627
outer,-4.279557859466068,298.52190281823334,-2.255420014025744,-0.5898543927948903,-0.168711901852641
outer,-4.249825704251939,298.6895681562812,-2.258835556571079,-0.5970158105537855,-0.1675512449762938
outer,-4.21992151877143,298.60584809462586,-2.2618796176263407,-0.593450391129347,-0.16667626616049877
outer,-4.193910800182199,298.52190281823334,-2.2644980055904433,-0.5898959858773456,-0.16592390742559604
outer,-4.189783611716261,298.77306950182253,-2.265293648349129,-0.6005834898331363,-0.1655164806605866
outer,-4.160239657549197,298.6895681562812,-2.2682498813586,-0.5970105970120614,-0.16463948281476665
outer,-4.134609038909205,298.60584809462586,-2.2707852544576825,-0.5934511575923439,-0.1638866319585217
outer,-4.112427705395073,298.52190281823334,-2.272966338330113,-0.5899041911533683,-0.16324430734112066
outer,-4.100508923460386,298.7730695018225,-2.2745304421752106,-0.6005339040336725,-0.16260148396009516
outer,-4.075262012493721,298.6895681562812,-2.2769843008517965,-0.596970251612556,-0.16184822584191944
outer,-4.053482172544002,298.60584809462586,-2.2790878593556267,-0.5934210728526982,-0.16120689556340012
outer,-4.034463904566919,298.5219028182334,-2.280898510534645,-0.5898824975073356,-0.16065610063523156
outer,-4.015866387404378,298.7730695018225,-2.2830950765116502,-0.6004522797270464,-0.15980846030351264
outer,-3.9944916464602356,298.6895681562812,-2.2851226568047704,-0.596901843913237,-0.15916822778166867
outer,-3.9758928974109558,298.60584809462586,-2.2868605800995874,-0.5933636082884962,-0.15861976193398108
outer,-3.959831030791155,298.5219028182334,-2.2883518993347347,-0.5898357621164547,-0.1581552654453863
outer,-3.9354528136371227,298.77306950182253,-2.291070931400789,-0.6003456878906174,-0.15712791710511342
outer,-3.91727718289844,298.6895681562812,-2.2927376656525165,-0.5968088258758297,-0.15658192425316797
outer,-3.901651867259199,298.60584809462586,-2.2941604634382986,-0.5932835870228749,-0.15612105311355315
outer,-3.888051992648944,298.52190281823334,-2.2953814657430303,-0.5897679178922868,-0.15572923570812483
outer,-3.858613468576008,298.77306950182253,-2.298530194819216,-0.6002175380480469,-0.15454205457501327
outer,-3.8434282954656247,298.6895681562812,-2.2998859661816153,-0.5966959695745546,-0.15408500838800895
outer,-3.830279510208577,298.60584809462586,-2.301042079725236,-0.5931848895485299,-0.15369802204434554
outer,-3.818877915085559,298.52190281823334,-2.3020308698054333,-0.5896815913095838,-0.15337136186478934
outer,-3.785157044983708,298.77306950182253,-2.3055290111673794,-0.6000725160623209,-0.15204647089489337
outer,-3.7724629299269994,298.6895681562812,-2.3066216675141233,-0.5965670761845194,-0.15166457924185936
outer,-3.7615256572701945,298.60584809462586,-2.3075487112748063,-0.5930700639995571,-0.15134391635440902
outer,-3.7520775458560713,298.5219028182334,-2.308336364038647,-0.5895798433281493,-0.1510757896038463
outer,-3.7145990042383463,298.77306950182253,-2.312120955897014,-0.5999143026768612,-0.14962814256756213
outer,-3.7041296223718456,298.6895681562812,-2.3129876134059826,-0.5964245824920446,-0.14931380683402115
outer,-3.6951578538882828,298.6058480946259,-2.313716262029589,-0.5929420903730097,-0.1490528076605547
outer,-3.687436858340733,298.52190281823334,-2.3143304096069692,-0.5894652898523097,-0.14883694527398547
outer,-3.6466865864467555,298.77306950182253,-2.3183483751131337,-0.5997451788235891,-0.14728018884982014
outer,-3.6381947150157767,298.6895681562812,-2.3190193102412926,-0.596271352817599,-0.14702671123657085
outer,-3.630960960690417,298.60584809462586,-2.3195768417369407,-0.5928034820043298,-0.1468190672430747
outer,-3.6247585155261985,298.5219028182334,-2.3200420158553943,-0.5893401555769398,-0.14664956881308316
outer,-3.581184929610671,298.7730695018226,-2.324246333784093,-0.5995678505769997,-0.14499660056101035
outer,-3.5744419548844055,298.6895681562812,-2.3247484786877193,-0.5961097638196297,-0.1447976274273688
outer,-3.56873661468206,298.60584809462586,-2.3251591166556356,-0.5926563460857958,-0.1446373942587043
outer,-3.5638612282617506,298.5219028182333,-2.3254968755989283,-0.5892062920803123,-0.14450873646813164
outer,-3.517876666241815,298.77306950182253,-2.329846132878737,-0.5993845191102808,-0.142771693468703
outer,-3.512671952218925,298.6895681562812,-2.330203414863127,-0.5959417736811579,-0.14262122862833088
outer,-3.508302584166462,298.6058480946259,-2.3304884543903035,-0.5925024083402749,-0.14250283498903293
outer,-3.504586086593428,298.5219028182334,-2.3307137405188185,-0.5890646247563146,-0.14241017530640238
outer,-3.4565613789762737,298.77306950182253,-2.335175679273442,-0.5991969599944367,-0.1406001271422918
outer,-3.452701532056782,298.68956815628115,-2.3354091433975666,-0.5957689544006708,-0.14049254229576696
outer,-3.449499132995701,298.60584809462586,-2.335583335966687,-0.5923424742212867,-0.1404111038275327
outer,-3.4469368893925365,298.52190281823334,-2.3357097612369833,-0.5889177656529451,-0.14035476265858549
outer,-3.3970549488134516,298.7730695018226,-2.3402596449303306,-0.5990065635319516,-0.13847691832211143
outer,-3.394370131425883,298.6895681562812,-2.3403838640500423,-0.5955919665440442,-0.1384072783209492
outer,-3.392330079792071,298.60584809462586,-2.340460675296037,-0.5921790362659742,-0.13836309522379298
outer,-3.390633348393,298.52190281823334,-2.340505801044429,-0.5887665420047888,-0.138334322618167
outer,-3.3391959852797544,298.7730695018226,-2.345115945471547,-0.5988138217256042,-0.13639777741845502
outer,-3.3376815887142204,298.6895681562812,-2.345144252070381,-0.595413163757826,-0.1363663537482233
outer,-3.336513679033742,298.6058480946259,-2.3451410620795183,-0.5920127942232394,-0.13635058983884418
outer,-3.3356228087996236,298.52190281823334,-2.3451153362535013,-0.5886114315098994,-0.13634748981413503
outer,-3.2829883465452054,298.7730695018226,-2.349761022326153,-0.5986209320900779,-0.1343636464272792
outer,-3.2823527000321335,298.6895681562812,-2.3497106255183087,-0.5952331035034905,-0.13436150823986287
outer,-3.2819970021662708,298.60584809462586,-2.349637760452661,-0.5918440962446856,-0.13437223017728656
outer,-3.28186863323791,298.5219028182334,-2.3495505878922223,-0.5884541071660391,-0.1343937361001602
outer,-3.2291888059837492,298.52190281823334,-2.353824244509446,-0.5882947481922803,-0.13246777540513127
outer,-3.228743221332708,298.6058480946259,-2.3539628236706838,-0.5916745093523617,-0.1324274960390969
outer,-3.228330262856931,298.6895681562812,-2.354096040031954,-0.595051990980569,-0.1323913927464636
outer,-3.228147369158004,298.7730695018226,-2.354214929305016,-0.5984282976593982,-0.1323662235347297
outer,-3.1776109020658354,298.52190281823334,-2.357945455848361,-0.5881343835229405,-0.1305708392761415
outer,-3.176569374485176,298.6058480946259,-2.358128763173942,-0.5915041034872663,-0.13051107926061728
outer,-3.17557725870372,298.6895681562812,-2.3583123889867292,-0.5948712783111928,-0.13045549443092952
outer,-3.174619576402893,298.77306950182253,-2.3584905215128935,-0.5982359700632068,-0.1304041661393468
outer,-3.1269949867628974,298.5219028182334,-2.3619253109203333,-0.5879736459029301,-0.12869893124486542
outer,-3.1255031800185433,298.60584809462586,-2.3621445969047823,-0.591333803033337,-0.1286242279889187
outer,-3.123909778478539,298.68956815628127,-2.3623720146780407,-0.5946909196645813,-0.12854848106838834
outer,-3.1223677590109076,298.7730695018225,-2.362599543461443,-0.5980452803654185,-0.12847696597301772
outer,-3.077271331150534,298.5219028182334,-2.3657713638100333,-0.5878124276845971,-0.1268501447274223
outer,-3.0754039756724785,298.6058480946259,-2.3660212787709067,-0.5911641507712051,-0.12676292440165765
outer,-3.073355684051993,298.6895681562812,-2.3662838121326577,-0.5945117302029581,-0.12667161476864777
outer,-3.071207060066609,298.77306950182253,-2.3665541785151127,-0.5978560631775552,-0.12657926304089687
outer,-3.0284836754787188,298.5219028182334,-2.3694899734545274,-0.5876519267445313,-0.1250262890704699
outer,-3.026201669992832,298.6058480946259,-2.3697662522988043,-0.590994944396412,-0.12492525779954139
outer,-3.023773585069291,298.68956815628127,-2.3700586091476197,-0.5943341607197077,-0.12482085313207653
outer,-3.021165485033588,298.7730695018226,-2.3703632091559683,-0.5976690221888811,-0.12471232939497973
outer,-2.9804592961814715,298.52190281823334,-2.3730911024710797,-0.5874922514339175,-0.12322211365793823
outer,-2.9779402306407112,298.60584809462586,-2.373385803011414,-0.5908273060341948,-0.12311304953227481
outer,-2.975093027269597,298.6895681562812,-2.3737037463710977,-0.5941579124321471,-0.12299427790010539
outer,-2.9721009148664805,298.77306950182253,-2.3740373466339273,-0.5974845162200817,-0.12287209373328661
outer,-2.933171513239407,298.5219028182334,-2.376579558166293,-0.5873330725023761,-0.1214370129503217
outer,-2.9304460360376727,298.6058480946259,-2.376889783679245,-0.5906612712966074,-0.12132101254507507
outer,-2.927358205899092,298.6895681562812,-2.3772254438462443,-0.593984031475668,-0.12119371885765207
outer,-2.923942532200827,298.7730695018226,-2.3775838363533928,-0.5973021498926078,-0.12105662597966471
outer,-2.88668801679817,298.52190281823334,-2.379958849007302,-0.5871754844090317,-0.11967360466188243
outer,-2.883692267451385,298.6058480946259,-2.3802829302625845,-0.5904964317437,-0.1195485408488829
outer,-2.880394600681241,298.6895681562812,-2.380633450681615,-0.5938124820819543,-0.11941384876317795
outer,-2.8767347600540334,298.77306950182253,-2.381008840438982,-0.5971228946327551,-0.11926776019667813
outer,-2.84085796199574,298.52190281823334,-2.3832368800689236,-0.5870195645701265,-0.11792726610594113
outer,-2.837746966957445,298.6058480946259,-2.3835687212568573,-0.5903338280403778,-0.11779826485519368
outer,-2.8341752540648164,298.68956815628127,-2.383932436732869,-0.5936427772828562,-0.11765405788900295
outer,-2.8303021787155713,298.77306950182253,-2.3843220100011093,-0.5969466460157735,-0.11750012490109384
outer,-2.7956527593600127,298.52190281823334,-2.3864195035788405,-0.5868651948576475,-0.11619712919811995
outer,-2.7924585054315405,298.60584809462586,-2.3867549838443307,-0.5901734851243646,-0.11606552525347172
outer,-2.7887685603241126,298.68956815628127,-2.387125856303513,-0.5934759056820375,-0.11591698621190538
outer,-2.7846176917017313,298.77306950182253,-2.3875279534720053,-0.596772840320822,-0.11575310320472416
outer,-2.7510450314508175,298.5219028182334,-2.389510290612507,-0.5867125017258793,-0.11448260863690318
outer,-2.7477981447610658,298.6058480946259,-2.3898475016602108,-0.5900152222677533,-0.11434944186986357
outer,-2.7440221054738676,298.68956815628127,-2.3902214625452145,-0.5933118425247872,-0.11419793468622502
outer,-2.739750045773842,298.77306950182265,-2.3906301060332917,-0.5966024166896902,-0.11402934144307583
outer,-2.707028109184003,298.52190281823334,-2.3925119373150063,-0.586561660167702,-0.1127838235730236
outer,-2.7037383651670215,298.6058480946259,-2.3928498106481766,-0.5898591199158789,-0.11264942113243008
outer,-2.699907002647543,298.68956815628127,-2.3932249731714537,-0.5931503466645872,-0.11249600829310308
outer,-2.695546041442965,298.77306950182253,-2.393636149786538,-0.5964353040806235,-0.11232409777823096
outer,-2.6635951309549664,298.5219028182334,-2.39542799591994,-0.5864130491313211,-0.11110079685318408
outer,-2.6602724628918155,298.6058480946259,-2.395764582908739,-0.5897053114785884,-0.11096557803017543
outer,-2.656395589618613,298.6895681562812,-2.3961398916690047,-0.5929914547036499,-0.11081060281541781
outer,-2.651976642966904,298.7730695018226,-2.396551738359438,-0.5962712035854278,-0.11063645972450864
outer,-2.6206748909825315,298.5219028182334,-2.398263228359963,-0.586266641078156,-0.10943134117732475
outer,-2.61739354065637,298.6058480946259,-2.3985953422063466,-0.5895541403659892,-0.10929792631875081
outer,-2.6134811279295316,298.6895681562812,-2.398968868302653,-0.5928352605984734,-0.1091418269710083
outer,-2.609014045554866,298.7730695018226,-2.39938034471555,-0.5961101105176198,-0.10896581019861037
outer,-2.5782450917353894,298.5219028182334,-2.4010212973368734,-0.5861223953132111,-0.10777483687294473
outer,-2.5750300224712896,298.6058480946259,-2.401346805079619,-0.5894055436786272,-0.10764425561348323
outer,-2.571156684599672,298.6895681562812,-2.401715400116695,-0.5926820747178847,-0.10748968345975904
outer,-2.5666514760209553,298.7730695018226,-2.402124598797488,-0.5959520817675047,-0.107312249724257
outer,-2.5362844117557373,298.5219028182334,-2.4037050722714373,-0.5859803796395265,-0.10613077146015257
outer,-2.533159494877508,298.6058480946259,-2.404022597368025,-0.5892594442752149,-0.10600393367137549
outer,-2.5293503131486816,298.68956815628127,-2.4043841591291244,-0.5925318013391284,-0.10585193707985224
outer,-2.5248819656537367,298.77306950182253,-2.4047879720953236,-0.5957973973513927,-0.105675768188632
outer,-2.4947724683461288,298.5219028182334,-2.406317260663177,-0.5858406470965658,-0.1044986487223378
outer,-2.491760525564102,298.6058480946259,-2.406625563304142,-0.5891158808701208,-0.1043764364476128
outer,-2.4880394841013933,298.68956815628127,-2.406978734753054,-0.5923843289643179,-0.10422794153994232
outer,-2.483633197178704,298.7730695018226,-2.407375092430247,-0.5956459313426512,-0.10405410405133134
outer,-2.4536897813612777,298.52190281823334,-2.408860417448038,-0.5857032380601904,-0.10287798861046685
outer,-2.450812625861362,298.6058480946259,-2.409158386603201,-0.5889748798633883,-0.1027612560756898
outer,-2.4472026542089846,298.6895681562812,-2.409501946367777,-0.5922396692013464,-0.10261715993258413
outer,-2.4428825250092223,298.7730695018226,-2.409889512700056,-0.5954975399895563,-0.10244659567999309
outer,-2.4130177381035374,298.5219028182334,-2.4113369538272007,-0.5855681821019455,-0.10126832715786492
outer,-2.4102962143440965,298.6058480946259,-2.411623599664096,-0.5888364572574991,-0.10115790087809536
outer,-2.406819228748668,298.6895681562812,-2.4119564539751126,-0.592097823707722,-0.10101907161153251
outer,-2.402608294868141,298.7730695018226,-2.4123340273023675,-0.5953522097868424,-0.1008526921722444
outer,-2.3727385593175807,298.52190281823334,-2.4137491456278637,-0.5854354996190008,-0.09966921638378201
outer,-2.3701925815448326,298.6058480946259,-2.414023592377659,-0.5887006203770949,-0.0995658953766963
outer,-2.366869524938099,298.68956815628127,-2.4143447673970706,-0.5919587859561721,-0.0994331723131742
outer,-2.362789805892422,298.77306950182253,-2.414711272242022,-0.5952099195557871,-0.09927185914776061
outer,-2.3328352662762377,298.5219028182334,-2.416099141138628,-0.5853052032251995,-0.09808022415151571
outer,-2.3304838557715017,298.6058480946259,-2.4163606204126924,-0.5885673692989241,-0.09798478025227361
outer,-2.327334736466037,298.68956815628127,-2.416669255119785,-0.5918225427770333,-0.09785897424140136
outer,-2.3234072738596705,298.7730695018226,-2.4170237345348826,-0.5950706421091408,-0.09770357897848096
outer,-2.293291648946556,298.5219028182334,-2.4183889683561115,-0.5851772988982077,-0.09650093397699377
outer,-2.2911529700222943,298.6058480946259,-2.418636812867933,-0.5884366979973199,-0.09641411222324073
outer,-2.2881968991331414,298.6895681562813,-2.418932152452565,-0.5916890755304682,-0.09629600604060626
outer,-2.2844417955355922,298.77306950182265,-2.4192737610352726,-0.5949343455257129,-0.09614735089702922
outer,-2.2540922352220787,298.5219028182334,-2.4206205417426423,-0.5850517869786899,-0.09493094480948021
outer,-2.2521836299862246,298.6058480946259,-2.420854179368188,-0.5883085953239737,-0.09485346386944558
outer,-2.249438857595634,298.6895681562812,-2.421135568962273,-0.5915583610137052,-0.09474381266586382
outer,-2.245875314137851,298.7730695018226,-2.421463566301458,-0.5948009939805454,-0.09460269092879153
outer,-2.2152222612054215,298.52190281823334,-2.422795668641433,-0.5849286630961009,-0.09336987081109184
outer,-2.213560283115264,298.6058480946259,-2.4230146167341786,-0.5881830458855045,-0.0933024234440436
outer,-2.2110442332000715,298.6895681562812,-2.4232814954331783,-0.5914303722984462,-0.09320195522122371
outer,-2.207690585908339,298.7730695018226,-2.423595239799041,-0.5946705484666236,-0.09306913174206176
outer,-2.1766676425230296,298.5219028182334,-2.4249160553462916,-0.5848079189732874,-0.09181734113524687
outer,-2.1752680887525724,298.60584809462597,-2.4251199153776346,-0.5880600308700078,-0.09176059469090865
outer,-2.1729973928954824,298.68956815628127,-2.4253718105343376,-0.5913050795294127,-0.09167001081229717
outer,-2.169871147782047,298.7730695018226,-2.4256707528374544,-0.5945429675685893,-0.09154622252503898
outer,-2.1384149466523645,298.5219028182334,-2.426983312875137,-0.5846895431433011,-0.09027299969260297
outer,-2.1372928892981,298.6058480946259,-2.4271717653738745,-0.5879395287534286,-0.09022759665014422
outer,-2.13528341920705,298.68956815628127,-2.427408287241561,-0.5911824506525778,-0.09014757239909642
outer,-2.1324012861392103,298.7730695018226,-2.427691965333416,-0.594418208205341,-0.09003352889087034
outer,-2.1004513662404634,298.5219028182334,-2.4289989624063573,-0.5845735215500228,-0.08873650489641834
outer,-2.099621182391859,298.6058480946259,-2.4291717622186666,-0.5878215159083352,-0.08870306343511815
outer,-2.097888081252248,298.6895681562813,-2.4293925989437986,-0.5910624520319943,-0.08863424861312054
outer,-2.095266006624032,298.7730695018226,-2.4296606323056538,-0.5942962262646533,-0.08853063274829151
outer,-2.0627646933914154,298.5219028182334,-2.4309644403981556,-0.5844598380565416,-0.08720752938975712
outer,-2.06224009409376,298.60584809462597,-2.43112141221795,-0.5877059670878623,-0.08718664398062023
outer,-2.0607978067803607,298.68956815628127,-2.431326325139956,-0.5909450489160594,-0.0871296635293941
outer,-2.0584510050115683,298.7730695018226,-2.4315784099460362,-0.5941769770747635,-0.08703713210669464
outer,-2.025343294899258,298.5219028182334,-2.432881103401545,-0.5843484748651727,-0.08568575975895554
outer,-2.025137353037456,298.6058480946259,-2.4330221375620584,-0.5875928558316128,-0.08567800176971967
outer,-2.0239996552133857,298.6895681562812,-2.4332109567763314,-0.5908302058094328,-0.08563345640761585
outer,-2.0219426391031217,298.7730695018226,-2.4334468612285174,-0.594060415724581,-0.08555264083000547
outer,-1.9883012655343864,298.60584809462597,-2.434875281143148,-0.5874821548287483,-0.08417681454641465
outer,-1.988176088402568,298.5219028182334,-2.4347502326394217,-0.5842394128981836,-0.084170896236672
outer,-1.987481291665991,298.6895681562812,-2.4350479013100954,-0.5907178868085571,-0.08414528141441018
outer,-1.9857279016281733,298.77306950182265,-2.435267461225108,-0.593946497360527,-0.08407678836684761
outer,-1.9517206916044534,298.60584809462597,-2.436682111107804,-0.5873738362139835,-0.0826827740165284
outer,-1.95125251943587,298.5219028182334,-2.4365729962367655,-0.584132626034471,-0.0826626607985862
outer,-1.9512309619209116,298.68956815628127,-2.4368384875249576,-0.5906080558991198,-0.08266480733173506
outer,-1.9497943941304487,298.7730695018226,-2.437041602179691,-0.593835177467988,-0.08260921946604925
outer,-1.9153850219081479,298.6058480946259,-2.438443783583954,-0.5872678656094358,-0.08119559415972033
outer,-1.9152374683355102,298.68956815628127,-2.438583970069825,-0.5905006771791345,-0.08119171724881605
outer,-1.9145659645364306,298.5219028182334,-2.438350120046773,-0.584028055303751,-0.08116097503962827
outer,-1.9141303018144649,298.7730695018226,-2.4387705983175265,-0.5937264120950904,-0.08114959387595133
outer,-1.8794901466542098,298.68956815628127,-2.4402854926714794,-0.590395708687318,-0.07972571708664287
outer,-1.8792875985465398,298.6058480946259,-2.440161017799485,-0.5871641755200164,-0.07971519120107476
outer,-1.8787243693276665,298.77306950182265,-2.4404556903663934,-0.5936201580046192,-0.07969758602011529
outer,-1.878134748798941,298.5219028182334,-2.4400823479053404,-0.583925818254143,-0.07966653538706472
outer,-1.8439823045155237,298.6895681562812,-2.44194376751106,-0.5902930748765346,-0.07826671767937897
outer,-1.8435658774534736,298.7730695018226,-2.442098009251129,-0.593516366282176,-0.078252893731544
outer,-1.8434468418887278,298.6058480946259,-2.441834550797837,-0.5870628778622318,-0.07824225796512231
outer,-1.8419191369784678,298.5219028182334,-2.4417712154250073,-0.5838258537382812,-0.07817802295070767
outer,-1.8087324576359813,298.6895681562812,-2.4435595247100337,-0.5901928827494062,-0.07681540818624258
outer,-1.8086480993398542,298.77306950182253,-2.443698259664938,-0.5934149537413679,-0.07681542246069036
outer,-1.8078228101012495,298.6058480946259,-2.4434659007379915,-0.5869639069426681,-0.07677546166032637
outer,-1.8059102194519119,298.5219028182334,-2.4434180138293393,-0.583728084466234,-0.07669513432591234
outer,-1.7739896461285272,298.77306950182253,-2.4452571647018533,-0.5933160231764891,-0.07538585766266567
outer,-1.7737004574355328,298.68956815628127,-2.445134264636818,-0.5900950628006543,-0.07537044188107639
outer,-1.7724065472384922,298.6058480946259,-2.445056343906701,-0.5868671771712286,-0.07531449147321459
outer,-1.770099524567053,298.5219028182334,-2.4450236662478946,-0.5836324879444714,-0.07521763471122614
outer,-1.7395501623237002,298.7730695018226,-2.446776206606789,-0.5932195019826345,-0.07396283866632712
outer,-1.7388773016109378,298.68956815628127,-2.446669248075036,-0.5899995215322166,-0.07393150055051728
outer,-1.7371895376030493,298.6058480946259,-2.4466067932201243,-0.586772660443358,-0.07385910571147605
outer,-1.734478999949742,298.5219028182334,-2.446589044732592,-0.5835390418984394,-0.07374530108843053
outer,-1.7053205992266431,298.7730695018226,-2.448256630060353,-0.5931252890893798,-0.07254603989143987
outer,-1.704254430386016,298.68956815628127,-2.448165377399658,-0.5899062257077334,-0.07249833562648982
outer,-1.7021636869555117,298.60584809462586,-2.448118110995648,-0.5866803292748043,-0.07240907473497256
outer,-1.6990409945513745,298.5219028182334,-2.4481149109852556,-0.5834477151882727,-0.0722779378949047
outer,-1.6712923529460688,298.7730695018226,-2.449699326600836,-0.5930333466037645,-0.07113520593155195
outer,-1.6698237076239377,298.68956815628127,-2.449623504919326,-0.5898151430943964,-0.07107071087716993
outer,-1.6673213044683575,298.6058480946259,-2.4495910506483094,-0.586590147471806,-0.0709641970066088
outer,-1.6637844193151174,298.5219028182334,-2.4496016179354765,-0.5833584583225282,-0.070815652681129
outer,-1.6374572454135792,298.77306950182253,-2.451105138286492,-0.5929436379866153,-0.06973009401352312
outer,-1.6355774026880352,298.68956815628127,-2.4510443755103584,-0.5897262328342835,-0.06964841883432663
outer,-1.6326612954226545,298.60584809462597,-2.451025962759033,-0.5865020599280951,-0.06952457711603113
outer,-1.6287326293866577,298.5219028182334,-2.4510495876722413,-0.5832713888705574,-0.06935929486902245
outer,-1.6038075061507924,298.77306950182253,-2.4524748012280333,-0.5928561180778397,-0.06833049079382919
outer,-1.6015144151929506,298.6895681562812,-2.4524283371487776,-0.5896394344225266,-0.06823156119223814
outer,-1.5982071363905423,298.60584809462597,-2.4524232644780763,-0.5864161816524809,-0.06809106246273869
outer,-1.5938418170692819,298.5219028182334,-2.452460072782158,-0.583186435846536,-0.06790736305018533
outer,-1.5703420291011416,298.77306950182265,-2.453808660531962,-0.5927707211485749,-0.06693649514133046
outer,-1.5676583432299458,298.6895681562812,-2.453775802089728,-0.5895548608446745,-0.06682098332151828
outer,-1.5639147919133949,298.6058480946259,-2.4537841923715233,-0.5863324397414499,-0.06666213829850552
outer,-1.5591055875329278,298.5219028182334,-2.4538340902011684,-0.5831035217602321,-0.06645960984068097
outer,-1.5370845339746513,298.7730695018226,-2.4551071236062483,-0.5926875586882175,-0.0655489503944486
outer,-1.533964923404544,298.6895681562812,-2.4550879906461165,-0.5894724377992691,-0.06541515715041249
outer,-1.5297778339134132,298.6058480946259,-2.4551097517164466,-0.5862507505028918,-0.06523755147273733
outer,-1.5245178766356569,298.5219028182334,-2.455172266824721,-0.5830226264938083,-0.06501586790220827
outer,-1.5039905292543334,298.77306950182265,-2.456371394267858,-0.59260655550596,-0.06416631518280347
outer,-1.5004276943661206,298.6895681562812,-2.456365895943963,-0.5893920755463492,-0.06401382382044254
outer,-1.495790166720557,298.6058480946259,-2.456400562080196,-0.5861710903564623,-0.06381712928976434
outer,-1.490072936429279,298.5219028182334,-2.4564749174609237,-0.5829436865231796,-0.06357606838743955
outer,-1.4710535202892574,298.77306950182265,-2.4576024529820875,-0.5925276159424866,-0.06278832501198915
outer,-1.467040528892108,298.68956815628127,-2.4576101300029016,-0.5893137473428609,-0.06261680533180843
outer,-1.4619460125022474,298.60584809462597,-2.45765693649923,-0.5860933913413403,-0.062400799746564296
outer,-1.4557989258110584,298.52190281823346,-2.457742177581876,-0.5828667895951082,-0.062141254707825874
outer,-1.4382673482788844,298.7730695018226,-2.4588009040267402,-0.5924507103916794,-0.06141479664284536
outer,-1.4337976192428912,298.6895681562812,-2.458821003842134,-0.5892373809215217,-0.06122402661757133
outer,-1.4282736765575446,298.6058480946259,-2.458879008754727,-0.5860177389136426,-0.060989606532459065
outer,-1.4216668704249293,298.5219028182334,-2.4589748733884846,-0.582791921389312,-0.060710437013236744
outer,-1.4056261755517803,298.7730695018226,-2.459967056146411,-0.5923757623705413,-0.06004565204509165
outer,-1.4007274172310802,298.68956815628127,-2.4599986495658173,-0.589163059789875,-0.05983653168145546
outer,-1.3947440338889325,298.6058480946259,-2.460067592867449,-0.5859441184794335,-0.059582549627021884
outer,-1.3876603168176718,298.5219028182334,-2.4601739484052514,-0.58271900491862,-0.05928300671657875
outer,-1.3731586005542025,298.7730695018226,-2.4611010398002935,-0.5923028537781033,-0.058681935577563925
outer,-1.3678006471026476,298.68956815628127,-2.4611438689416105,-0.5890907695540194,-0.0584533103624484
outer,-1.3613405454993992,298.6058480946259,-2.4612236212253302,-0.5858724489291147,-0.058179013342343426
outer,-1.3537745100003953,298.52190281823334,-2.461339962623931,-0.582648004479835,-0.057858819234098156
outer,-1.3408351966521561,298.7730695018226,-2.4622036444326536,-0.5922319708917548,-0.05732262697354302
outer,-1.3350006842517035,298.6895681562812,-2.462257582839045,-0.5890204251266833,-0.05707373994724195
outer,-1.3280584316783914,298.6058480946259,-2.4623476475672716,-0.5858026912834867,-0.05677884865676996
outer,-1.3200073046951757,298.5219028182334,-2.4624730591190263,-0.5825788601676607,-0.0564379455165903
outer,-1.308639253560646,298.77306950182253,-2.4632757790050603,-0.5921630247745269,-0.05596709657894228
outer,-1.3023227242268973,298.6895681562812,-2.4633403385167525,-0.5889519844190984,-0.055697667054960834
outer,-1.2948955359943144,298.6058480946259,-2.4634398161997173,-0.5857347818786584,-0.05538212481494585
outer,-1.2863936802083684,298.5219028182334,-2.4635733070257952,-0.5825116894351888,-0.05502163428878757
outer,-1.2765659420674238,298.7730695018226,-2.4643179840823395,-0.5920959703821299,-0.054615186739426086
outer,-1.2697645994345665,298.6895681562812,-2.464392281334851,-0.5888853800505939,-0.054325159332910725
outer,-1.2618870196155534,298.6058480946259,-2.4645001933155455,-0.5856688375588407,-0.05399009149430057
outer,-1.252885752116815,298.5219028182334,-2.4646415676451685,-0.5824464362577738,-0.053608218738103466
outer,-1.2446130834075992,298.77306950182265,-2.4653304058782264,-0.5920307366138784,-0.05326696361735484
outer,-1.2373616530440537,298.68956815628127,-2.465413474625962,-0.5888207285985946,-0.05295746743522442
outer,-1.228984749161567,298.6058480946259,-2.465529626593686,-0.5856048027205302,-0.05260106947662972
outer,-1.2194796177834366,298.5219028182334,-2.465678588005103,-0.5823830299712923,-0.05219750834106847
outer,-1.2128162029003218,298.7730695018226,-2.4663131049914155,-0.5919674401534898,-0.05192367886719273
outer,-1.2050655025271602,298.68956815628127,-2.4664047523298356,-0.588757975258114,-0.05159289978104444
outer,-1.1961848017049146,298.60584809462586,-2.466528855926111,-0.5855426021492162,-0.05121486395954964
outer,-1.1861715949621177,298.5219028182334,-2.466684541092507,-0.5823214172134291,-0.050789491521189334
outer,-1.1811266686660278,298.7730695018226,-2.467266901499509,-0.5919060273632288,-0.05058362859084249
outer,-1.1728722046507667,298.68956815628127,-2.467366846857268,-0.5886970402796076,-0.05023125738002206
outer,-1.1634834758549844,298.6058480946259,-2.467498054963121,-0.5854821794543899,-0.04983146119598208
outer,-1.152990723855769,298.5219028182334,-2.4676594402960923,-0.582261670887886,-0.0493852385112923
outer,-1.1495405171490238,298.7730695018226,-2.4681925199547075,-0.5918464139322565,-0.0492466097066289
outer,-1.1407780388652107,298.68956815628127,-2.468299932349808,-0.5886378642606377,-0.048872524416603294
outer,-1.1309099627985697,298.6058480946259,-2.468437235704987,-0.5854236066410018,-0.048451932582820254
outer,-1.1199086963793679,298.5219028182334,-2.4686038308790366,-0.5822037822105255,-0.047983771975037295
outer,-1.1180540086249229,298.77306950182265,-2.4690901348439227,-0.59178853746867,-0.047912604435208984
outer,-1.1088123474562275,298.6895681562813,-2.469204019454962,-0.5885805185380708,-0.047517773497428785
outer,-1.0984358072731508,298.6058480946259,-2.4693469331045055,-0.5853668756831949,-0.047075292154161126
outer,-1.0869121455770276,298.5219028182334,-2.469518374304582,-0.5821476895726289,-0.046584577736666154
outer,-1.0866966366023167,298.7730695018226,-2.4699597554999118,-0.591732468864706,-0.04658268663831637
outer,-1.0769465278715913,298.68956815628127,-2.470079632776231,-0.5885249961772339,-0.046166010066008
outer,-1.0660475728262973,298.6058480946259,-2.470227801663399,-0.5853119220480624,-0.04570102001703433
outer,-1.0554396511185653,298.77306950182253,-2.470801896135788,-0.5916782026037483,-0.04525585320872113
outer,-1.0539980827869049,298.5219028182334,-2.4704032941615193,-0.5820933319796583,-0.04518763479469742
outer,-1.0451670741091987,298.6895681562812,-2.470927419591865,-0.5884712297671212,-0.04481670859146762
outer,-1.0337422552577054,298.6058480946259,-2.4710800657272936,-0.5852586815288972,-0.044329092986921385
outer,-1.0242694765648965,298.7730695018226,-2.4716171965447793,-0.591625668433418,-0.0439315730604231
outer,-1.0211936979672263,298.5219028182334,-2.4712585892769945,-0.5820407711259291,-0.04379394998355789
outer,-1.0134709664184802,298.6895681562812,-2.4717476048326423,-0.5884191518664307,-0.04346984380746566
outer,-1.0015471858898073,298.6058480946259,-2.471903722692246,-0.5852072152897054,-0.04296051912000603
outer,-0.9931830776278034,298.7730695018226,-2.47240588206701,-0.5915747956416542,-0.04260981894782748
outer,-0.9884732661719011,298.5219028182334,-2.472084691400747,-0.5819900053940056,-0.04240263757890992
outer,-0.9818856775939067,298.6895681562812,-2.4725401844788713,-0.5883688232978864,-0.04212642503960326
outer,-0.9694365060290993,298.6058480946259,-2.472699195161946,-0.5851575226991556,-0.04159440509816003
outer,-0.9622080686897212,298.7730695018226,-2.4731679472885983,-0.5915256448998755,-0.041291601514418366
outer,-0.9558242408658668,298.5219028182334,-2.472882150475706,-0.5819409806029412,-0.041013211516734135
outer,-0.9503852150925802,298.68956815628127,-2.473305571937968,-0.5883202446878252,-0.04078555141825984
outer,-0.9373976039094283,298.6058480946259,-2.4734670276281276,-0.5851095470987596,-0.04023025948313113
outer,-0.9313183232484881,298.7730695018226,-2.473903796380856,-0.5914782183692552,-0.039976012383006396
outer,-0.9232442196536828,298.5219028182334,-2.4736511355749453,-0.5818936319402106,-0.039625673026311245
outer,-0.9189569018674374,298.68956815628127,-2.474044306043642,-0.5882733569360553,-0.03944672620946629
outer,-0.905428064644985,298.60584809462586,-2.474207391257158,-0.5850632205145434,-0.038868081510184824
outer,-0.9005010989228497,298.77306950182253,-2.474613962304452,-0.5914324545274825,-0.03866254960413168
outer,-0.8907648911738282,298.5219028182334,-2.474391621461496,-0.5818480374102025,-0.03824117387121684
outer,-0.8875983105326818,298.6895681562812,-2.474756559918927,-0.5882280888628874,-0.03810994675727562
outer,-0.8735597416276427,298.6058480946259,-2.474920258289823,-0.585018621318579,-0.03750902488600406
outer,-0.8697539558168449,298.7730695018226,-2.475298619989998,-0.5913882789265964,-0.03735120873502368
outer,-0.8583489222813484,298.5219028182334,-2.475104039636922,-0.581804182038092,-0.03685842016981952
outer,-0.8563414593594798,298.6895681562812,-2.4754423033079314,-0.5881845194089421,-0.03677636875390981
outer,-0.841755107612558,298.6058480946259,-2.4756060510171722,-0.5849757358006188,-0.03615178694790014
outer,-0.8391090772157888,298.7730695018226,-2.4759577367204937,-0.5913457712825922,-0.036043147497413164
outer,-0.8259921872417257,298.5219028182334,-2.4757888101428605,-0.5817619993925037,-0.03547722673863385
outer,-0.8251486268547584,298.6895681562812,-2.476101949210534,-0.5881426363472123,-0.03544468080648096
outer,-0.8100100154148909,298.6058480946259,-2.476265187953408,-0.5849344941108392,-0.03479617875760942
outer,-0.8085285472195034,298.7730695018226,-2.4765917161383775,-0.5913049210764046,-0.034737045820413724
outer,-0.7940156443671725,298.6895681562812,-2.476735914434245,-0.5881023663592243,-0.03411469031132139
outer,-0.7937020590099595,298.5219028182334,-2.476445998441942,-0.5817214726019745,-0.034097926846996016
outer,-0.7783318763227035,298.60584809462586,-2.476897735356941,-0.5848948777657215,-0.03344253272971886
outer,-0.7780081756923277,298.7730695018226,-2.477200973151488,-0.5912656514501954,-0.03343270752594501
outer,-0.7629499615469556,298.6895681562812,-2.477344265980804,-0.5880636893836146,-0.03278672890887875
outer,-0.7614892067710284,298.5219028182334,-2.477075697614715,-0.5816826493371102,-0.03272092981265693
outer,-0.7475554506783192,298.7730695018226,-2.477785575444242,-0.591227940786383,-0.032130463561262264
outer,-0.7467314149913749,298.6058480946259,-2.477503782007896,-0.5848569353541168,-0.03209125729102171
outer,-0.7319623585623791,298.6895681562812,-2.4779270883060702,-0.5880266550952894,-0.03146120418391719
outer,-0.7293266123775731,298.52190281823334,-2.4776782700022033,-0.5816455073495356,-0.03134528338442367
outer,-0.7171812079038821,298.7730695018226,-2.478345603143836,-0.5911918400264362,-0.030830720718113547
outer,-0.715181472802745,298.60584809462586,-2.4780836840910667,-0.5848206447204151,-0.030741393303609987
outer,-0.7010255362170563,298.68956815628127,-2.478484731344664,-0.5879912415518379,-0.030137150172630127
outer,-0.6972126613234996,298.5219028182334,-2.478253960074846,-0.581609981080334,-0.02997093264476337
outer,-0.6868580074794955,298.77306950182253,-2.4788813998430927,-0.5911573275592245,-0.029532506268025987
outer,-0.6836804268565494,298.60584809462586,-2.47863768706454,-0.5847859370363488,-0.02939288278094015
outer,-0.670137863210394,298.6895681562812,-2.479017441434172,-0.5879573765951527,-0.028814505906762412
outer,-0.6651664524440092,298.5219028182334,-2.4788027827870223,-0.5815761033266731,-0.028598601637608863
outer,-0.6565842096971647,298.7730695018226,-2.4793932126308142,-0.5911243278133436,-0.028235756349690198
outer,-0.6522474752855169,298.6058480946259,-2.479165804484802,-0.5847528451700872,-0.028046450600054708
outer,-0.6393186370482191,298.6895681562812,-2.4795252307040268,-0.5879250932566362,-0.027493997158956052
outer,-0.6331705467824645,298.52190281823334,-2.479324949126339,-0.5815438861620438,-0.027227707367542486
outer,-0.6263792115172871,298.7730695018226,-2.4798810522000565,-0.5910928740896242,-0.026941197694499104
outer,-0.6208650884654212,298.60584809462586,-2.4796682419092515,-0.5847213823149529,-0.02670150904117146
outer,-0.6085502373696604,298.68956815628127,-2.480008299234297,-0.5878944060015824,-0.026175031543794677
outer,-0.6012152572537035,298.5219028182334,-2.4798207290614607,-0.5815132869846257,-0.02585788324226503
outer,-0.5962253017680488,298.7730695018226,-2.4803451131014764,-0.5910629822685084,-0.02564823330984914
outer,-0.5895235289467882,298.60584809462586,-2.480145267549815,-0.584691504017681,-0.025357686961621544
outer,-0.5778228763223063,298.6895681562812,-2.4804669133847166,-0.5878652685193122,-0.024857233439042097
outer,-0.5693057605178901,298.5219028182334,-2.4802902135930687,-0.5814842823520026,-0.02448934845599338
outer,-0.5661126421529322,298.77306950182253,-2.480785659737828,-0.5910346041637127,-0.02435648316501093
outer,-0.5582280003038388,298.60584809462586,-2.4805969727058783,-0.5846631852754426,-0.024015201932176298
outer,-0.547141784415249,298.6895681562812,-2.4809011646976913,-0.5878376542390786,-0.02354081886509914
outer,-0.5374505584696887,298.52190281823334,-2.480733474694259,-0.5814569058222383,-0.023122442672933872
outer,-0.5360464901376296,298.77306950182253,-2.4812027838506636,-0.5910077116353969,-0.02306616180391545
outer,-0.5269870486337723,298.6058480946259,-2.481023426484487,-0.5846364605245735,-0.022674393160770433
outer,-0.5165155519817071,298.6895681562812,-2.481311119398992,-0.5878115986023019,-0.022226126636985196
outer,-0.5060354803279685,298.7730695018226,-2.4815965487645286,-0.5909823412485484,-0.02177760771161183
outer,-0.5056285022906847,298.52190281823334,-2.4811507311612417,-0.5814311468653267,-0.021756428315213162
outer,-0.4957794151626331,298.6058480946259,-2.481424843949054,-0.5846113194218802,-0.02133451766607567
outer,-0.48592281020842065,298.6895681562812,-2.481696988749849,-0.5877870915241147,-0.0209124084350229
outer,-0.47605813378105716,298.77306950182253,-2.481967161871802,-0.5909584832492294,-0.02049006729528097
outer,-0.4738385266197375,298.52190281823334,-2.481542126606286,-0.581406956898134,-0.020391260574103662
outer,-0.46460402899033165,298.6058480946258,-2.481801369151867,-0.5845877109369413,-0.019995527217649165
outer,-0.4553624826520263,298.6895681562812,-2.4820589171728975,-0.5877640794639927,-0.019599612672968905
outer,-0.44611336850577943,298.7730695018226,-2.482314767901534,-0.5909360815248251,-0.019203485679951605
outer,-0.4420962335137965,298.52190281823334,-2.4819076929112116,-0.5813843622083967,-0.019027534031562262
outer,-0.4334765732909894,298.60584809462586,-2.482153032665316,-0.5845656617772712,-0.018658017101659798
outer,-0.4248503336657998,298.6895681562812,-2.4823969339201835,-0.5877425896331768,-0.01828833541005093
outer,-0.4162170301010266,298.77306950182253,-2.482639394771291,-0.59091516386791,-0.01791845976640928
outer,-0.4103831437946459,298.5219028182334,-2.482247580531448,-0.5813633679743387,-0.017664629195669357
outer,-0.4023784728106374,298.60584809462586,-2.4824799818001564,-0.5845451778954125,-0.017321363477991947
outer,-0.3943676918466882,298.6895681562812,-2.4827111831195725,-0.5877226288507497,-0.01697794852704472
outer,-0.38635035093603853,298.7730695018226,-2.4829411833881894,-0.5908957380548013,-0.0166343572247599
outer,-0.37869529824364745,298.52190281823334,-2.4825619252007565,-0.5813439402773871,-0.016302383018940936
outer,-0.37130574774624003,298.6058480946258,-2.482782351598193,-0.5845262237070973,-0.015985399421351403
outer,-0.3639105567914832,298.6895681562812,-2.483001799064971,-0.5877041598354403,-0.015668281277718257
outer,-0.3565093099903862,298.77306950182253,-2.483220267235518,-0.5908777650665858,-0.015351003544701326
outer,-0.34703969894760334,298.52190281823334,-2.482850775693264,-0.581326079944391,-0.014941076372218014
outer,-0.34026543658933034,298.60584809462586,-2.483060190176164,-0.5845087997113012,-0.014650404813810441
outer,-0.33348600342428464,298.68956815628115,-2.483268829192961,-0.5876871827881435,-0.014359612622198755
outer,-0.3267010186506591,298.7730695018226,-2.483476693045672,-0.5908612448326394,-0.01406867683115295
outer,-0.3154122673757021,298.5219028182334,-2.4831142186974837,-0.5813097973130077,-0.013580598549399619
outer,-0.3092534396043133,298.60584809462586,-2.4833135826277575,-0.5844929167529999,-0.013316266791670651
outer,-0.3030899107884295,298.6895681562812,-2.4835123569674034,-0.5876717091150152,-0.013051827610546645
outer,-0.29692133472177307,298.77306950182253,-2.4837105426404094,-0.5908461893938521,-0.012787260119219174
outer,-0.28380359053942195,298.52190281823334,-2.4833523574773655,-0.5812950793233954,-0.012220616561437013
outer,-0.27826029486324316,298.6058480946259,-2.4835426309045614,-0.5844785612815931,-0.011982648479429089
outer,-0.2727127679792976,298.6895681562812,-2.483732482993758,-0.587657724792349,-0.011744585542451384
outer,-0.26716069828228217,298.7730695018225,-2.4839219152376204,-0.5908325842623126,-0.011506408945519969
outer,-0.2522151635297862,298.52190281823334,-2.4835652432576225,-0.5812819127771656,-0.010861196499242607
outer,-0.24728750523026627,298.60584809462586,-2.483747385598421,-0.5844657193160746,-0.010649613638406975
outer,-0.24235608564016317,298.6895681562812,-2.483929257207483,-0.5876452150580037,-0.010437947909450553
outer,-0.23742062776094944,298.77306950182253,-2.484110860072186,-0.590820413874589,-0.010226182591317813
outer,-0.22065084485752023,298.5219028182333,-2.483752929538886,-0.5812703070823011,-0.009502505348870751
outer,-0.2163389492771641,298.60584809462586,-2.483927899561164,-0.5844544005491171,-0.009317328175281697
outer,-0.21202376241897758,298.6895681562812,-2.4841027318002307,-0.5876341899302964,-0.009132079610150026
outer,-0.20770504189838443,298.77306950182253,-2.4842774286730496,-0.5908096886226724,-0.008946745017798395
outer,-0.18909905691301143,298.52190281823334,-2.483915490963005,-0.5812602592318522,-0.008144149187278661
outer,-0.1854029892006727,298.6058480946258,-2.4840842464331163,-0.5844446019894091,-0.007985394466096947
outer,-0.18170410027307665,298.6895681562812,-2.484252979388491,-0.5876246464589695,-0.00782657938614598
outer,-0.17800218236316037,298.7730695018225,-2.484421692627029,-0.590800405636295,-0.00766769139880948
outer,-0.1575591609416973,298.52190281823334,-2.484052962944293,-0.5812517563163367,-0.006786108307460568
outer,-0.15447898292532347,298.60584809462586,-2.484216460836312,-0.5844363100404784,-0.006653790067615156
outer,-0.1513964538034393,298.6895681562812,-2.484380033764604,-0.5876165703422348,-0.006521422113633644
outer,-0.14831140042995575,298.7730695018225,-2.484543684853908,-0.5907925498833787,-0.006388993986079827
outer,-0.12603529551018341,298.52190281823334,-2.4841653810577426,-0.5812448030503989,-0.005428555593423488
outer,-0.12357109053465774,298.6058480946258,-2.4843245781163708,-0.584429529529931,-0.005322686636643265
outer,-0.121105004626929,298.68956815628115,-2.484483930048869,-0.5876099665519492,-0.005216778290354921
outer,-0.11863689926671636,298.77306950182253,-2.4846434402405757,-0.5907861265002089,-0.005110822185744565
outer,-0.09451861063351945,298.52190281823334,-2.484252788754944,-0.5812393994372389,-0.004071198603436655
outer,-0.09267041603148037,298.60584809462586,-2.484408641295732,-0.5844242605345554,-0.003991788511711436
outer,-0.090820810699145,298.6895681562812,-2.4845647108272293,-0.5876048352582649,-0.003912349102413928
outer,-0.08896969074392366,298.7730695018225,-2.4847210009354876,-0.5907811357752943,-0.0038328740980247793
outer,-0.06300783341143325,298.52190281823334,-2.484315204046759,-0.5812355391950971,-0.002713996928225085
outer,-0.06177567989762455,298.60584809462586,-2.48446866778758,-0.5844204964411887,-0.0026610527207568966
outer,-0.060542585878784326,298.68956815628115,-2.484622392887359,-0.5876011695037949,-0.002608089074657417
outer,-0.059308482091795164,298.7730695018225,-2.4847763830773464,-0.5907775703969942,-0.0025551018044600764
outer,-0.03150305750337242,298.5219028182334,-2.48435264504082,-0.5812332232507,-0.0013569750042379124
outer,-0.030886976279340856,298.6058480946258,-2.4845046755876163,-0.5844182381921024,-0.0013305017128903598
outer,-0.030270424799409414,298.68956815628115,-2.484656994112842,-0.5875989702578505,-0.001304018733774334
outer,-0.029653368431764953,298.7730695018225,-2.484809604440048,-0.590775431375245,-0.0012775239741690673
outer,-5.088887490341627e-14,298.7730695018225,-2.4848206780187874,-0.5907747189241953,3.800867679579896e-13
outer,-5.088887490341627e-14,298.5219028182333,-2.4843651250104117,-0.581232451749167,-1.9867863852583054e-13
outer,-5.088887490341627e-14,298.68956815628115,-2.4846685275922082,-0.587598237704663,1.9547393012642112e-13
outer,-5.088887490341627e-14,298.6058480946258,-2.4845166778752734,-0.5844174859468315,-2.6367033747970682e-14
outer,0.029653368431612284,298.7730695018225,-2.484809604441188,-0.5907754313768496,0.0012775239744450308
outer,0.030270424799307638,298.68956815628115,-2.4846569941133634,-0.5875989702586887,0.00130401873379136
outer,0.030886976279239076,298.6058480946258,-2.484504675588155,-0.5844182381929692,0.0013305017127186857
outer,0.03150305750327064,298.5219028182333,-2.484352645038505,-0.5812332232490237,0.0013569750037969804
outer,0.059308482091693385,298.7730695018225,-2.4847763830769583,-0.5907775703970037,0.0025551018042299194
outer,0.060542585878631656,298.68956815628115,-2.4846223928897535,-0.5876011695061305,0.002608089074184223
outer,0.06177567989747188,298.60584809462586,-2.4844686677906993,-0.5844204964439255,0.002661052720291767
outer,0.06300783341133147,298.52190281823323,-2.4843152040486136,-0.5812355391965862,0.002713996927541355
outer,0.088969690743771,298.77306950182253,-2.484721000934377,-0.5907811357742743,0.0038328740978190367
outer,0.09082081069904321,298.6895681562812,-2.4845647108285225,-0.5876048352591303,0.00391234910196011
outer,0.09267041603132771,298.60584809462586,-2.484408641298404,-0.5844242605364863,0.003991788511152042
outer,0.09451861063336678,298.5219028182333,-2.484252788758913,-0.5812393994402063,0.004071198602540031
outer,0.11863689926656369,298.77306950182253,-2.4846434402412116,-0.5907861265002178,0.005110822184826875
outer,0.12110500462682722,298.68956815628115,-2.484483930049225,-0.5876099665513906,0.005216778289395013
outer,0.12357109053450507,298.6058480946258,-2.4843245781184584,-0.5844295295311767,0.005322686635612813
outer,0.12603529551003073,298.52190281823334,-2.4841653810596602,-0.5812448030516949,0.005428555592065664
outer,0.1483114004298031,298.7730695018225,-2.484543684856199,-0.5907925498848106,0.006388993984202418
outer,0.15139645380333752,298.6895681562812,-2.4843800337667545,-0.58761657034304,0.006521422112011871
outer,0.1544789829252217,298.60584809462586,-2.484216460838572,-0.5844363100414143,0.006653790066167233
outer,0.15755916094159553,298.52190281823334,-2.48405296294478,-0.5812517563160624,0.006786108305827981
outer,0.1780021823630077,298.7730695018225,-2.4844216926285476,-0.5908004056379593,0.007667691397034713
outer,0.18170410027297487,298.6895681562812,-2.4842529793907424,-0.5876246464607693,0.007826579384554059
outer,0.18540298920052004,298.6058480946258,-2.484084246436183,-0.5844446019913808,0.007985394464759649
outer,0.18909905691290965,298.52190281823334,-2.483915490965871,-0.58126025923363,0.008144149185861307
outer,0.20770504189828265,298.77306950182253,-2.4842774286728972,-0.590809688624252,0.008946745016246746
outer,0.2120237624188758,298.6895681562812,-2.4841027318020936,-0.5876341899335157,0.009132079608447748
outer,0.21633894927701142,298.60584809462586,-2.4839278995648253,-0.5844544005532706,0.009317328173711338
outer,0.22065084485741845,298.52190281823334,-2.4837529295431704,-0.5812703070864663,0.009502505347545613
outer,0.23742062776079678,298.77306950182253,-2.4841108600707624,-0.5908204138757112,0.010226182589824802
outer,0.24235608564001052,298.6895681562812,-2.48392925720765,-0.5876452150605993,0.010437947907901887
outer,0.2472875052301136,298.60584809462586,-2.483747385598959,-0.5844657193189376,0.010649613637102436
outer,0.2522151635296335,298.52190281823334,-2.4835652432579214,-0.5812819127795681,0.010861196498494239
outer,0.26716069828212946,298.7730695018225,-2.4839219152387786,-0.5908325842652621,0.011506408944214525
outer,0.27271276797919586,298.6895681562812,-2.4837324829946783,-0.5876577247951661,0.011744585541264736
outer,0.27826029486309045,298.6058480946258,-2.4835426309034863,-0.5844785612829683,0.011982648478615542
outer,0.28380359053932014,298.52190281823334,-2.4833523574759653,-0.5812950793246706,0.012220616560982988
outer,0.2969213347216204,298.77306950182253,-2.4837105426425716,-0.5908461893962701,0.012787260117941842
outer,0.30308991078827685,298.68956815628115,-2.483512356969193,-0.5876717091175063,0.013051827609379806
outer,0.3092534396041606,298.6058480946259,-2.4833135826291133,-0.5844929167556778,0.01331626679081937
outer,0.3154122673756003,298.5219028182334,-2.4831142186981894,-0.5813097973154013,0.013580598548480458
outer,0.32670101865050644,298.7730695018226,-2.4834766930455205,-0.5908612448323457,0.014068676829986436
outer,0.333486003424132,298.6895681562812,-2.4832688291911262,-0.5876871827869122,0.014359612621074932
outer,0.3402654365892286,298.60584809462586,-2.4830601901765474,-0.584508799712472,0.014650404812874149
outer,0.3470396989474507,298.52190281823334,-2.4828507756933766,-0.5813260799456285,0.014941076371126594
outer,0.35650930999023356,298.77306950182253,-2.4832202672373747,-0.5908777650687103,0.015351003543828883
outer,0.3639105567913305,298.6895681562812,-2.483001799063865,-0.5877041598352939,0.01566828127698181
outer,0.3713057477460874,298.60584809462586,-2.482782351596619,-0.5845262237068023,0.015985399420789918
outer,0.37869529824349474,298.52190281823334,-2.482561925200793,-0.5813439402788092,0.016302383018453055
outer,0.3863503509359367,298.77306950182253,-2.48294118339285,-0.5908957380604513,0.016634357224126553
outer,0.39436769184658643,298.6895681562812,-2.4827111831231394,-0.5877226288550776,0.016977948526577216
outer,0.40237847281053557,298.60584809462586,-2.4824799817996603,-0.5845451778959531,0.017321363477746054
outer,0.41038314379454416,298.52190281823334,-2.482247580530631,-0.5813633679746412,0.017664629195492942
outer,0.4162170301009248,298.77306950182253,-2.482639394774605,-0.5909151638722598,0.017918459765450454
outer,0.4248503336656471,298.6895681562812,-2.4823969339216854,-0.5877425896353294,0.01828833540908199
outer,0.4334765732908367,298.60584809462586,-2.4821530326653325,-0.5845656617775061,0.018658017100912087
outer,0.4420962335136947,298.52190281823334,-2.481907692912712,-0.581384362209678,0.019027534030750016
outer,0.4461133685056776,298.77306950182253,-2.482314767902559,-0.5909360815257603,0.01920348567870772
outer,0.4553624826518736,298.6895681562812,-2.4820589171732466,-0.5877640794646742,0.019599612671582285
outer,0.464604028990179,298.6058480946259,-2.4818013691535095,-0.5845877109387818,0.01999552721649222
outer,0.47383852661958487,298.5219028182334,-2.481542126609173,-0.5814069569007688,0.020391260573005693
outer,0.47605813378090445,298.7730695018226,-2.4819671618716517,-0.5909584832485282,0.0204900672946358
outer,0.485922810208268,298.6895681562812,-2.4816969887484825,-0.5877870915231163,0.020912408434146497
outer,0.4957794151624804,298.6058480946259,-2.481424843949176,-0.5846113194226475,0.021334517665242716
outer,0.5056285022905829,298.5219028182334,-2.481150731160823,-0.5814311468653742,0.021756428314394817
outer,0.5060354803278667,298.77306950182253,-2.4815965487667606,-0.5909823412495986,0.021777607711532882
outer,0.5165155519816053,298.6895681562812,-2.48131111939706,-0.5878115986000794,0.022226126636613972
outer,0.5269870486336197,298.6058480946259,-2.4810234264808337,-0.5846364605209757,0.022674393160044173
outer,0.5360464901375278,298.7730695018226,-2.4812027838538766,-0.59100771163708,0.023066161803891407
outer,0.5374505584695869,298.52190281823334,-2.4807334746935825,-0.5814569058211808,0.02312244267201162
outer,0.5471417844150963,298.6895681562812,-2.4809011646999033,-0.5878376542398203,0.02354081886480801
outer,0.5582280003036861,298.60584809462586,-2.480596972704899,-0.5846631852731213,0.024015201931240505
outer,0.5661126421528304,298.7730695018226,-2.4807856597380753,-0.5910346041633743,0.024356483164848335
outer,0.5693057605177374,298.52190281823334,-2.480290213593715,-0.5814842823510944,0.024489348454838848
outer,0.5778228763222046,298.68956815628127,-2.480466913387644,-0.5878652685210604,0.024857233438782256
outer,0.5895235289466355,298.60584809462586,-2.4801452675531834,-0.5846915040195539,0.025357686960694244
outer,0.5962253017679471,298.77306950182253,-2.480345113100464,-0.5910629822675733,0.025648233309481232
outer,0.6012152572535508,298.52190281823334,-2.4798207290622747,-0.5815132869839843,0.025857883241144578
outer,0.6085502373695078,298.6895681562812,-2.4800082992372667,-0.5878944060037664,0.026175031543385758
outer,0.6208650884653194,298.6058480946259,-2.479668241911904,-0.5847213823165063,0.026701509040311534
outer,0.6263792115171345,298.77306950182253,-2.479881052201091,-0.5910928740915729,0.026941197694115217
outer,0.6331705467823119,298.5219028182334,-2.479324949124778,-0.5815438861596043,0.0272277073666313
outer,0.6393186370480665,298.68956815628127,-2.4795252307076407,-0.5879250932605535,0.027493997158476353
outer,0.652247475285415,298.6058480946259,-2.479165804485759,-0.5847528451709451,0.028046450599395617
outer,0.656584209697012,298.7730695018226,-2.4793932126333726,-0.5911243278172873,0.028235756349461183
outer,0.6651664524439075,298.5219028182334,-2.478802782786004,-0.5815761033253776,0.0285986016369932
outer,0.6701378632102414,298.68956815628127,-2.479017441435717,-0.5879573765978401,0.02881450590622638
outer,0.6836804268564476,298.60584809462586,-2.478637687064285,-0.5847859370367338,0.029392882780056313
outer,0.6868580074793429,298.7730695018226,-2.4788813998428534,-0.5911573275594811,0.029532506267877817
outer,0.6972126613233469,298.5219028182334,-2.4782539600758886,-0.581609981081089,0.029970932643861244
outer,0.7010255362169037,298.68956815628127,-2.4784847313434835,-0.5879912415512721,0.030137150172045032
outer,0.7151814728025924,298.60584809462586,-2.4780836840876908,-0.5848206447178261,0.03074139330230567
outer,0.7171812079037803,298.7730695018226,-2.4783456031426825,-0.5911918400256676,0.03083072071789114
outer,0.7293266123774204,298.5219028182334,-2.4776782700007196,-0.5816455073482629,0.03134528338298931
outer,0.7319623585622773,298.6895681562812,-2.477927088304366,-0.5880266550938785,0.03146120418351917
outer,0.7467314149912732,298.60584809462586,-2.4775037820039665,-0.5848569353507931,0.03209125728978337
outer,0.7475554506781665,298.7730695018226,-2.4777855754466382,-0.591227940789784,0.032130463560903516
outer,0.7614892067709267,298.5219028182334,-2.477075697612909,-0.5816826493359325,0.03272092981118454
outer,0.7629499615468538,298.6895681562812,-2.47734426598307,-0.5880636893865506,0.032786728908438895
outer,0.7780081756922259,298.7730695018226,-2.477200973153487,-0.5912656514525484,0.03343270752560122
outer,0.7783318763225509,298.6058480946259,-2.4768977353566664,-0.5848948777660209,0.03344253272854904
outer,0.7937020590098068,298.5219028182334,-2.476445998441524,-0.5817214726021379,0.03409792684569779
outer,0.7940156443670199,298.6895681562812,-2.4767359144353147,-0.5881023663607707,0.034114690310798196
outer,0.8085285472193507,298.7730695018226,-2.4765917161366904,-0.5913049210745716,0.03473704582000416
outer,0.8100100154147383,298.6058480946259,-2.4762651879529174,-0.5849344941110636,0.03479617875639637
outer,0.8251486268546566,298.6895681562812,-2.4761019492067486,-0.5881426363432268,0.03544468080606735
outer,0.8259921872415731,298.5219028182334,-2.4757888101406063,-0.5817619993910795,0.035477226737310005
outer,0.8391090772156361,298.77306950182253,-2.4759577367170267,-0.5913457712780181,0.0360431474968475
outer,0.8417551076124562,298.6058480946259,-2.4756060510147653,-0.5849757357981412,0.03615178694681581
outer,0.8563414593593272,298.68956815628127,-2.475442303305737,-0.5881845194054008,0.03677636875350962
outer,0.8583489222812466,298.5219028182334,-2.4751040396353607,-0.5818041820366838,0.036858420168421745
outer,0.8697539558167431,298.7730695018226,-2.475298619987897,-0.5913882789228813,0.0373512087342005
outer,0.8735597416275409,298.6058480946259,-2.47492025829023,-0.5850186213176857,0.03750902488509446
outer,0.88759831053258,298.68956815628127,-2.474756559918089,-0.5882280888604263,0.0381099467569439
outer,0.8907648911737264,298.52190281823334,-2.4743916214633166,-0.5818480374112439,0.03824117386995697
outer,0.900501098922697,298.7730695018226,-2.4746139623034886,-0.5914324545250786,0.03866254960304639
outer,0.9054280646448832,298.6058480946259,-2.474207391259549,-0.585063220515666,0.038868081509366784
outer,0.9189569018672847,298.6895681562812,-2.4740443060439836,-0.5882733569347884,0.03944672620908301
outer,0.9232442196535809,298.5219028182334,-2.473651135577583,-0.581893631942293,0.039625673025141465
outer,0.9313183232483863,298.77306950182253,-2.473903796379225,-0.5914782183658484,0.039976012381720084
outer,0.9373976039093265,298.6058480946259,-2.4734670276290776,-0.5851095470984061,0.040230259482297005
outer,0.9503852150924784,298.68956815628127,-2.4733055719377113,-0.5883202446858371,0.04078555141754247
outer,0.955824240865765,298.52190281823334,-2.472882150475974,-0.581940980602637,0.0410132115155471
outer,0.9622080686895685,298.7730695018226,-2.4731679472881782,-0.5915256448980641,0.04129160151285628
outer,0.9694365060289974,298.6058480946259,-2.4726991951616166,-0.585157522697414,0.04159440509722723
outer,0.9818856775938049,298.68956815628127,-2.4725401844768626,-0.5883688232947266,0.04212642503840097
outer,0.9884732661717994,298.5219028182334,-2.472084691399016,-0.5819900053916628,0.04240263757783312
outer,0.9931830776277016,298.7730695018226,-2.4724058820690136,-0.5915747956414984,0.04260981894614635
outer,1.0015471858897054,298.60584809462586,-2.471903722691488,-0.5852072152876517,0.04296051911889829
outer,1.0134709664183275,298.68956815628127,-2.4717476048357274,-0.5884191518675099,0.043469843805835004
outer,1.0211936979670735,298.5219028182334,-2.4712585892755605,-0.5820407711234875,0.04379394998261313
outer,1.0242694765647946,298.77306950182253,-2.471617196544167,-0.591625668430087,0.0439315730588533
outer,1.0337422552576037,298.60584809462597,-2.4710800657305474,-0.5852586815301618,0.04432909298555024
outer,1.045167074109046,298.68956815628127,-2.4709274195944433,-0.5884712297673163,0.04481670858979208
outer,1.0539980827867523,298.5219028182334,-2.470403294162465,-0.5820933319789727,0.04518763479378411
outer,1.0554396511184125,298.7730695018226,-2.4708018961328144,-0.5916782025988386,0.045255853207317225
outer,1.0660475728261447,298.6058480946259,-2.470227801668557,-0.585311922050984,0.04570102001564141
outer,1.0769465278714387,298.6895681562812,-2.4700796327762466,-0.5885249961754947,0.0461660100643929
outer,1.086696636602215,298.7730695018226,-2.4699597554986155,-0.591732468862183,0.04658268663696567
outer,1.0869121455768749,298.5219028182334,-2.4695183743067335,-0.5821476895729475,0.046584577735758984
outer,1.0984358072730491,298.6058480946259,-2.469346933106932,-0.5853668756836228,0.047075292152794344
outer,1.1088123474560747,298.68956815628127,-2.4692040194559404,-0.5885805185379983,0.04751777349586658
outer,1.118054008624821,298.77306950182253,-2.4690901348440533,-0.5917885374681668,0.047912604433792715
outer,1.119908696379215,298.5219028182334,-2.4686038308797116,-0.5822037822090131,0.047983771974158124
outer,1.130909962798417,298.6058480946259,-2.468437235704779,-0.5854236066400024,0.04845193258124744
outer,1.140778038865058,298.6895681562812,-2.468299932351456,-0.5886378642617809,0.048872524415176984
outer,1.149540517148922,298.77306950182265,-2.468192519956554,-0.5918464139338959,0.04924660970525896
outer,1.1529907238556165,298.5219028182334,-2.4676594402959506,-0.5822616708869393,0.04938523851020621
outer,1.1634834758548824,298.6058480946259,-2.4674980549659202,-0.5854821794571041,0.04983146119445664
outer,1.1728722046506648,298.68956815628127,-2.4673668468594663,-0.5886970402819622,0.05023125737878546
outer,1.181126668665875,298.77306950182253,-2.4672669015009014,-0.5919060273648573,0.05058362858980922
outer,1.186171594961965,298.5219028182334,-2.4666845410951965,-0.5823214172164798,0.050789491520035424
outer,1.1961848017047618,298.60584809462597,-2.4665288559306084,-0.5855426021542435,0.05121486395828695
outer,1.2050655025270585,298.68956815628127,-2.4664047523328056,-0.5887579752617119,0.051592899780138556
outer,1.212816202900169,298.77306950182253,-2.4663131049911904,-0.5919674401539453,0.05192367886643884
outer,1.219479617783284,298.52190281823346,-2.465678588010779,-0.5823830299778002,0.052197508340033116
outer,1.2289847491614143,298.60584809462597,-2.4655296265964295,-0.5856048027244682,0.05260106947562955
outer,1.2373616530439009,298.6895681562812,-2.465413474629934,-0.5888207286032975,0.052957467434559376
outer,1.2446130834074465,298.77306950182265,-2.4653304058766263,-0.5920307366134496,0.05326696361655524
outer,1.2528857521166625,298.5219028182334,-2.4646415676485147,-0.5824464362625252,0.05360821873715103
outer,1.2618870196154006,298.6058480946259,-2.464500193320654,-0.5856688375648714,0.053990091493557164
outer,1.2697645994344646,298.6895681562812,-2.464392281334105,-0.588885380050995,0.054325159332416655
outer,1.276565942067271,298.77306950182253,-2.464317984082185,-0.5920959703838596,0.0546151867383807
outer,1.2863936802082157,298.5219028182334,-2.463573307025671,-0.5825116894364599,0.05502163428797412
outer,1.2948955359941616,298.6058480946259,-2.4634398162025004,-0.5857347818823444,0.05538212481451428
outer,1.3023227242267446,298.68956815628127,-2.4633403385155477,-0.5889519844196283,0.05569766705437133
outer,1.3086392535604934,298.7730695018226,-2.4632757790078132,-0.5921630247784946,0.05596709657810579
outer,1.3200073046950231,298.5219028182334,-2.4624730591184325,-0.5825788601682695,0.05643794551603558
outer,1.328058431678239,298.6058480946259,-2.4623476475632,-0.585802691280875,0.05677884865634894
outer,1.3350006842515507,298.6895681562812,-2.4622575828424527,-0.5890204251312045,0.05707373994660121
outer,1.3408351966520033,298.7730695018226,-2.462203644437564,-0.5922319708965967,0.05732262697310911
outer,1.3537745100002427,298.5219028182334,-2.461339962618703,-0.5826480044759871,0.057858819233756346
outer,1.3613405454992975,298.6058480946259,-2.4612236212241037,-0.5858724489290588,0.058179013341679665
outer,1.367800647102495,298.68956815628127,-2.4611438689465768,-0.5890907695590397,0.05845331036212866
outer,1.37315860055405,298.7730695018226,-2.4611010398032365,-0.5923028537813859,0.0586819355771173
outer,1.3876603168175192,298.5219028182334,-2.460173948401059,-0.5827190049157971,0.05928300671626206
outer,1.3947440338887798,298.6058480946259,-2.460067592871359,-0.585944118483908,0.059582549626424466
outer,1.4007274172309785,298.68956815628127,-2.459998649567015,-0.5891630597916666,0.059836531681337
outer,1.4056261755516277,298.7730695018226,-2.4599670561457128,-0.592375762371596,0.06004565204449179
outer,1.4216668704248276,298.5219028182334,-2.4589748733880774,-0.5827919213899383,0.06071043701288814
outer,1.428273676557392,298.6058480946259,-2.458879008755156,-0.5860177389151009,0.06098960653208845
outer,1.4337976192427386,298.68956815628127,-2.458821003836561,-0.5892373809182442,0.061224026617287756
outer,1.4382673482787316,298.77306950182253,-2.458800904024466,-0.5924507103917703,0.06141479664243741
outer,1.4557989258109059,298.5219028182334,-2.4577421775808035,-0.5828667895955942,0.06214125470737253
outer,1.4619460125020947,298.6058480946259,-2.4576569364949665,-0.5860933913396814,0.062400799746245864
outer,1.4670405288919555,298.6895681562812,-2.457610129996537,-0.5893137473397813,0.0626168053314967
outer,1.4710535202891557,298.7730695018226,-2.4576024529773597,-0.5925276159407806,0.0627883250118957
outer,1.4900729364291265,298.52190281823346,-2.4564749174591456,-0.5829436865245576,0.06357606838689867
outer,1.4957901667204045,298.6058480946259,-2.4564005620750433,-0.5861710903551203,0.06381712928959299
outer,1.5004276943659678,298.68956815628127,-2.4563658959385166,-0.5893920755446078,0.0640138238203369
outer,1.5039905292541809,298.7730695018226,-2.456371394260089,-0.5926065555027556,0.06416631518257218
outer,1.5245178766355043,298.52190281823346,-2.4551722668214295,-0.5830226264946766,0.06501586790173443
outer,1.5297778339133115,298.60584809462586,-2.455109751712096,-0.5862507505027016,0.06523755147282222
outer,1.5339649234044423,298.68956815628127,-2.4550879906346466,-0.5894724377930733,0.06541515715027577
outer,1.5370845339745496,298.7730695018226,-2.455107123598413,-0.592687558686211,0.06554895039381528
outer,1.5591055875327753,298.5219028182334,-2.453834090197571,-0.5831035217611712,0.06645960984029156
outer,1.5639147919132421,298.60584809462597,-2.453784192363268,-0.5863324397386177,0.06666213829849717
outer,1.5676583432298439,298.68956815628127,-2.453775802077518,-0.5895548608387609,0.06682098332121779
outer,1.57034202910104,298.7730695018226,-2.453808660527573,-0.5927707211498127,0.06693649514050112
outer,1.59384181706918,298.5219028182334,-2.4524600727760846,-0.5831864358457726,0.067907363049726
outer,1.5982071363903896,298.6058480946259,-2.452423264470702,-0.5864161816508281,0.06809106246247505
outer,1.6015144151927978,298.68956815628127,-2.4524283371401805,-0.5896394344195403,0.06823156119188864
outer,1.6038075061506907,298.77306950182265,-2.4524748012219875,-0.5928561180771986,0.06833049079269654
outer,1.628732629386505,298.5219028182334,-2.451049587667679,-0.5832713888709028,0.0693592948684218
outer,1.6326612954225017,298.6058480946259,-2.451025962754263,-0.5865020599279506,0.06952457711558988
outer,1.6355774026879333,298.68956815628127,-2.45104437550358,-0.5897262328320546,0.06964841883370454
outer,1.6374572454134264,298.7730695018226,-2.451105138276738,-0.5929436379811837,0.0697300940125513
outer,1.663784419314965,298.52190281823346,-2.4496016179331708,-0.583358458323887,0.0708156526803738
outer,1.667321304468205,298.6058480946259,-2.4495910506463385,-0.5865901474730945,0.07096419700594025
outer,1.669823707623785,298.6895681562812,-2.449623504913634,-0.589815143092217,0.07107071087621433
outer,1.671292352945916,298.77306950182265,-2.449699326592735,-0.5930333465986909,0.07113520593086664
outer,1.6990409945512217,298.5219028182334,-2.44811491098257,-0.5834477151882462,0.072277937893993
outer,1.702163686955359,298.6058480946259,-2.4481181109942867,-0.5866803292759701,0.07240907473398114
outer,1.7042544303858633,298.68956815628127,-2.4481653773964527,-0.5899062257073072,0.07249833562542095
outer,1.7053205992264904,298.77306950182253,-2.4482566300551465,-0.5931252890868166,0.07254603989071756
outer,1.7344789999495893,298.5219028182334,-2.4465890447324257,-0.5835390419003752,0.07374530108735938
outer,1.7371895376028965,298.60584809462597,-2.446606793218236,-0.5867726604441367,0.07385910571025332
outer,1.7388773016108359,298.68956815628127,-2.4466692480747225,-0.5899995215339323,0.07393150054964788
outer,1.7395501623235983,298.7730695018226,-2.4467762066035585,-0.5932195019810244,0.07396283866588338
outer,1.7700995245669005,298.5219028182334,-2.4450236662481184,-0.5836324879469951,0.0752176347099965
outer,1.7724065472383395,298.6058480946259,-2.445056343905954,-0.5868671771724813,0.07531449147238825
outer,1.7737004574353803,298.68956815628127,-2.4451342646359837,-0.5900950628010887,0.07537044188055986
outer,1.7739896461283746,298.7730695018226,-2.4452571646978907,-0.5933160231743665,0.07538585766233206
outer,1.8059102194517593,298.5219028182334,-2.443418013825855,-0.5837280844648819,0.07669513432495201
outer,1.8078228101010967,298.6058480946259,-2.4434659007359296,-0.5869639069418588,0.0767754616600366
outer,1.8086480993397014,298.7730695018226,-2.443698259661613,-0.5934149537402423,0.07681542246047068
outer,1.8087324576358286,298.68956815628127,-2.4435595247056074,-0.5901928827470608,0.07681540818565956
outer,1.841919136978315,298.5219028182334,-2.4417712154191786,-0.5838258537342126,0.0781780229503233
outer,1.8434468418886258,298.6058480946259,-2.4418345507958117,-0.5870628778622238,0.07824225796460504
outer,1.8435658774533719,298.77306950182253,-2.442098009249084,-0.5935163662819861,0.07825289373150394
outer,1.843982304515371,298.68956815628127,-2.4419437675055797,-0.5902930748734316,0.0782667176789873
outer,1.8781347487987885,298.5219028182334,-2.4400823479006,-0.5839258182518651,0.07966653538673561
outer,1.8787243693275137,298.7730695018226,-2.440455690364249,-0.5936201580048711,0.07969758601972905
outer,1.8792875985463873,298.6058480946259,-2.440161017798043,-0.5871641755206957,0.07971519120068808
outer,1.879490146654057,298.6895681562813,-2.4402854926658475,-0.590395708683537,0.07972571708665005
outer,1.9141303018143632,298.7730695018226,-2.438770598319975,-0.5937264121001397,0.08114959387504293
outer,1.9145659645362778,298.5219028182334,-2.438350120045855,-0.5840280553050453,0.08116097503950827
outer,1.9152374683354083,298.68956815628127,-2.4385839700654985,-0.5905006771771019,0.08119171724852497
outer,1.915385021907995,298.6058480946259,-2.4384437835792543,-0.5872678656063879,0.0811955941598061
outer,1.949794394130347,298.7730695018226,-2.4370416021802734,-0.5938351774711197,0.08260921946496225
outer,1.9512309619208097,298.6895681562812,-2.4368384875248825,-0.5906080559014744,0.08266480733106808
outer,1.9512525194357175,298.5219028182334,-2.4365729962342493,-0.5841326260332856,0.0826626607989786
outer,1.9517206916043515,298.6058480946259,-2.4366821111029355,-0.5873738362111965,0.08268277401627167
outer,1.9857279016280207,298.77306950182265,-2.435267461219048,-0.5939464973568537,0.08407678836591387
outer,1.9874812916658382,298.68956815628127,-2.4350479013077906,-0.5907178868084109,0.08414528141370628
outer,1.9881760884024153,298.5219028182334,-2.434750232634938,-0.5842394128952881,0.08417089623679798
outer,1.9883012655342338,298.6058480946259,-2.4348752811397953,-0.5874821548277891,0.08417681454576911
outer,2.0219426391029693,298.7730695018226,-2.4334468612208586,-0.5940604157194379,0.08555264082897512
outer,2.0239996552132333,298.6895681562813,-2.433210956771728,-0.5908302058068656,0.08563345640689005
outer,2.025137353037304,298.6058480946259,-2.4330221375568475,-0.5875928558283674,0.08567800176926123
outer,2.025343294899105,298.5219028182334,-2.4328811033946898,-0.5843484748607464,0.08568575975855602
outer,2.0584510050114155,298.77306950182253,-2.4315784099420297,-0.5941769770735902,0.08703713210536915
outer,2.0607978067802084,298.68956815628127,-2.431326325136631,-0.5909450489151749,0.08712966352855991
outer,2.062240094093607,298.6058480946259,-2.431121412212157,-0.587705967084269,0.08718664398006586
outer,2.0627646933912627,298.52190281823334,-2.4309644403916666,-0.58445983805197,0.08720752938942442
outer,2.0952660066238797,298.7730695018226,-2.429660632306144,-0.5942962262678204,0.08853063274694467
outer,2.0978880812520955,298.68956815628127,-2.4293925989400424,-0.5910624520312627,0.08863424861221332
outer,2.099621182391706,298.6058480946259,-2.429171762215059,-0.587821515907706,0.08870306343425101
outer,2.1004513662403106,298.5219028182334,-2.428998962401886,-0.5845735215477478,0.08873650489572812
outer,2.1324012861390576,298.77306950182253,-2.4276919653354434,-0.5944182082098051,0.09003352888972596
outer,2.135283419206897,298.6895681562812,-2.4274082872377822,-0.5911824506519159,0.09014757239817885
outer,2.1372928892979473,298.6058480946259,-2.4271717653692573,-0.5879395287520508,0.09022759664935402
outer,2.1384149466522118,298.5219028182334,-2.4269833128699587,-0.58468954314166,0.09027299969140246
outer,2.1698711477818944,298.7730695018226,-2.4256707528413273,-0.5945429675741611,0.09154622252429792
outer,2.17299739289533,298.6895681562812,-2.4253718105340645,-0.591305079531889,0.0916700108113186
outer,2.17526808875242,298.6058480946259,-2.4251199153730436,-0.5880600308685222,0.09176059469016667
outer,2.176667642522877,298.5219028182334,-2.4249160553386613,-0.5848079189691693,0.09181734113431217
outer,2.207690585908187,298.77306950182253,-2.423595239799329,-0.5946705484689117,0.09306913174132658
outer,2.2110442331999187,298.6895681562812,-2.423281495437674,-0.5914303723047368,0.09320195522054704
outer,2.213560283115111,298.6058480946259,-2.423014616734117,-0.588183045887966,0.09330242344328743
outer,2.215222261205269,298.5219028182334,-2.4227956686346537,-0.5849286630923876,0.09336987081022338
outer,2.245875314137699,298.7730695018226,-2.4214635662991433,-0.5948009939803072,0.09460269092813045
outer,2.2494388575954813,298.68956815628127,-2.421135568963514,-0.591558361016695,0.0947438126653667
outer,2.252183629986072,298.6058480946259,-2.420854179369554,-0.5883085953272917,0.09485346386877697
outer,2.254092235221926,298.5219028182334,-2.420620541740241,-0.5850517869785713,0.09493094480857907
outer,2.2844417955354395,298.7730695018226,-2.419273761033958,-0.5949343455256084,0.09614735089674295
outer,2.2881968991329886,298.68956815628127,-2.4189321524504575,-0.5916890755301374,0.09629600604000005
outer,2.2911529700221416,298.6058480946259,-2.4186368128682036,-0.5884366979990104,0.09641411222262616
outer,2.2932916489464037,298.5219028182334,-2.418388968353168,-0.5851772988968978,0.09650093397614902
outer,2.3234072738595177,298.7730695018226,-2.4170237345376107,-0.5950706421121257,0.0977035789783778
outer,2.3273347364658337,298.68956815628127,-2.4166692551187823,-0.5918225427768828,0.09785897424102129
outer,2.330483855771349,298.6058480946259,-2.4163606204105497,-0.5885673692978411,0.09798478025152825
outer,2.332835266276085,298.5219028182334,-2.416099141136624,-0.5853052032239311,0.09808022415061529
outer,2.362789805892269,298.77306950182253,-2.414711272245972,-0.5952099195591665,0.09927185914774506
outer,2.3668695249379463,298.68956815628127,-2.414344767398706,-0.5919587859574925,0.09943317231297534
outer,2.37019258154468,298.6058480946259,-2.414023592376165,-0.5887006203757855,0.09956589537597131
outer,2.372738559317428,298.5219028182334,-2.413749145625549,-0.5854354996168185,0.09966921638263145
outer,2.402608294867988,298.7730695018226,-2.4123340273054876,-0.5953522097884829,0.10085269217241138
outer,2.4068192287485153,298.6895681562812,-2.4119564539785316,-0.5920978237094691,0.101019071611317
outer,2.4102962143439437,298.6058480946259,-2.4116235996635793,-0.5888364572557515,0.10115790087761725
outer,2.4130177381033846,298.5219028182334,-2.411336953824881,-0.5855681820989952,0.1012683271566763
outer,2.4428825250090695,298.77306950182253,-2.4098895127049835,-0.595497539991971,0.10244659568044008
outer,2.447202654208883,298.68956815628127,-2.409501946368891,-0.5922396692003177,0.10261715993215284
outer,2.4508126258612095,298.6058480946259,-2.4091583866025443,-0.5889748798601665,0.10276125607540602
outer,2.453689781361125,298.52190281823346,-2.408860417448326,-0.5857032380582505,0.10287798860971596
outer,2.483633197178551,298.7730695018226,-2.407375092434498,-0.595645931344325,0.10405410405162813
outer,2.48803948410119,298.6895681562812,-2.4069787347537224,-0.5923843289624328,0.10422794153956938
outer,2.49176052556395,298.6058480946259,-2.4066255633040647,-0.5891158808673449,0.10437643644701665
outer,2.494772468345925,298.5219028182334,-2.4063172606630467,-0.585840647093162,0.1044986487219257
outer,2.5248819656535844,298.7730695018226,-2.4047879720966576,-0.5957973973503545,0.10567576818864405
outer,2.529350313148529,298.6895681562812,-2.4043841591298656,-0.5925318013370602,0.1058519370794897
outer,2.533159494877355,298.60584809462586,-2.404022597369696,-0.5892594442739464,0.10600393367069473
outer,2.5362844117555845,298.5219028182334,-2.4037050722708795,-0.5859803796358358,0.10613077145941513
outer,2.5666514760208026,298.77306950182253,-2.4021245987974758,-0.5959520817649182,0.1073122497242211
outer,2.571156684599519,298.68956815628127,-2.401715400116219,-0.5926820747145617,0.10748968345929273
outer,2.575030022471137,298.60584809462586,-2.4013468050773485,-0.5894055436734121,0.10764425561291717
outer,2.5782450917352366,298.52190281823334,-2.4010212973381235,-0.586122395311305,0.10777483687204939
outer,2.6090140455546624,298.7730695018226,-2.3993803447187916,-0.5961101105177904,0.1089658101985628
outer,2.613481127929379,298.68956815628127,-2.398968868301103,-0.5928352605941004,0.10914182697041133
outer,2.6173935406562174,298.6058480946259,-2.3985953422031425,-0.5895541403599207,0.10929792631813373
outer,2.6206748909823787,298.5219028182334,-2.398263228357337,-0.5862666410723829,0.10943134117668812
outer,2.6519766429667513,298.77306950182253,-2.39655173836423,-0.5962712035870823,0.11063645972415484
outer,2.6563955896184606,298.68956815628127,-2.396139891667526,-0.5929914546991294,0.11081060281475907
outer,2.660272462891663,298.6058480946259,-2.3957645829108385,-0.5897053114771762,0.11096557802958759
outer,2.6635951309548136,298.5219028182334,-2.3954279959170077,-0.586413049125276,0.11110079685233332
outer,2.695546041442812,298.7730695018226,-2.393636149787465,-0.5964353040792949,0.11232409777731933
outer,2.699907002647391,298.68956815628127,-2.393224973172899,-0.5931503466628968,0.11249600829234685
outer,2.7037383651668687,298.60584809462586,-2.3928498106504783,-0.5898591199145606,0.11264942113175612
outer,2.70702810918385,298.52190281823334,-2.392511937321217,-0.5865616601699022,0.11278382357211116
outer,2.739750045773689,298.7730695018226,-2.3906301060326305,-0.5966024166869917,0.11402934144203866
outer,2.744022105473715,298.68956815628127,-2.390221462545142,-0.5933118425223755,0.11419793468515688
outer,2.747798144760913,298.6058480946259,-2.389847501660262,-0.5900152222648342,0.11434944186890529
outer,2.751045031450614,298.5219028182334,-2.3895102906211654,-0.5867125017302919,0.11448260863615499
outer,2.7846176917015786,298.7730695018226,-2.3875279534686396,-0.5967728403149991,0.11575310320390687
outer,2.78876856032396,298.68956815628127,-2.3871258563005306,-0.5934759056767428,0.11591698621088452
outer,2.792458505431337,298.6058480946259,-2.3867549838451882,-0.5901734851226033,0.11606552525227867
outer,2.795652759359809,298.5219028182334,-2.386419503582729,-0.5868651948581456,0.11619712919708966
outer,2.8303021787154186,298.77306950182253,-2.3843220099990106,-0.596946646010293,0.11750012490055509
outer,2.8341752540646636,298.68956815628127,-2.3839324367304346,-0.5936427772773667,0.1176540578882389
outer,2.8377469669572926,298.6058480946259,-2.383568721255016,-0.5903338280357341,0.11779826485418743
outer,2.8408579619955874,298.5219028182334,-2.3832368800731167,-0.587019564571181,0.1179272661046514
outer,2.876734760053881,298.77306950182265,-2.3810088404412433,-0.5971228946304324,0.11926776019647911
outer,2.8803946006810883,298.6895681562812,-2.3806334506794125,-0.5938124820759372,0.11941384876272029
outer,2.883692267451232,298.6058480946259,-2.3802829302623674,-0.5904964317397706,0.11954854084816918
outer,2.886688016798017,298.52190281823334,-2.37995884900897,-0.5871754844073167,0.11967360466085045
outer,2.923942532200674,298.7730695018226,-2.3775838363573927,-0.5973021498909883,0.12105662597980126
outer,2.927358205898939,298.68956815628127,-2.3772254438472507,-0.5939840314717847,0.12119371885749593
outer,2.9304460360375204,298.6058480946259,-2.3768897836813894,-0.5906612712941948,0.12132101254451567
outer,2.9331715132392544,298.52190281823334,-2.3765795581688614,-0.5873330725005369,0.12143701294966418
outer,2.9721009148663278,298.7730695018226,-2.374037346637327,-0.5974845162175236,0.12287209373350992
outer,2.9750930272694442,298.6895681562812,-2.3737037463753357,-0.5941579124304806,0.1229942779002682
outer,2.9779402306405585,298.6058480946259,-2.3733858030128365,-0.5908273060305513,0.12311304953202709
outer,2.9804592961813188,298.5219028182334,-2.3730911024768084,-0.5874922514344594,0.12322211365728733
outer,3.0211654850333844,298.7730695018226,-2.3703632091567193,-0.5976690221840965,0.12471232939511523
outer,3.0237735850690877,298.6895681562812,-2.3700586091508287,-0.5943341607169851,0.1248208531323333
outer,3.026201669992628,298.6058480946259,-2.3697662523023677,-0.5909949443940891,0.12492525779981507
outer,3.028483675478566,298.52190281823334,-2.369489973458064,-0.5876519267429253,0.12502628906986155
outer,3.071207060066456,298.77306950182253,-2.366554178519883,-0.5978560631762735,0.12657926304125955
outer,3.0733556840517897,298.6895681562812,-2.366283812133537,-0.5945117301982984,0.12667161476888755
outer,3.0754039756723257,298.60584809462586,-2.366021278775351,-0.5911641507696943,0.12676292440192413
outer,3.0772713311503814,298.52190281823334,-2.365771363814159,-0.587812427682859,0.1268501447274017
outer,3.122367759010755,298.7730695018226,-2.3625995434697242,-0.5980452803669719,0.1284769659735866
outer,3.123909778478386,298.68956815628127,-2.362372014678911,-0.594690919659611,0.12854848106890557
outer,3.1255031800183395,298.60584809462586,-2.3621445969105963,-0.5913338030332141,0.12862422798898204
outer,3.1269949867626936,298.5219028182334,-2.3619253109261646,-0.5879736459026667,0.12869893124495477
outer,3.1746195764026894,298.7730695018225,-2.3584905215198244,-0.598235970063335,0.13040416613971745
outer,3.1755772587035165,298.68956815628127,-2.3583123889917874,-0.5948712783094491,0.13045549443159052
outer,3.1765693744849726,298.6058480946259,-2.358128763177284,-0.5915041034843761,0.13051107926093164
outer,3.177610902065632,298.5219028182334,-2.3579454558545487,-0.5881343835231062,0.13057083927611035
outer,3.2281473691578,298.77306950182253,-2.354214929313205,-0.5984282976602727,0.13236622353503436
outer,3.2283302628567276,298.68956815628127,-2.3540960400388204,-0.5950519909802066,0.13239139274674674
outer,3.2287432213325045,298.60584809462586,-2.353962823676741,-0.5916745093511141,0.13242749603977422
outer,3.2291888059835454,298.52190281823334,-2.353824244516881,-0.5882947481929315,0.13246777540544083
outer,3.281868633237706,298.52190281823334,-2.3495505879012604,-0.5884541071672504,0.13439373610087268
outer,3.2819970021660674,298.60584809462586,-2.3496377604596863,-0.5918440962440886,0.1343722301777355
outer,3.2823527000319297,298.6895681562812,-2.3497106255252715,-0.595233103502983,0.13436150823995605
outer,3.2829883465450527,298.77306950182253,-2.349761022332928,-0.5986209320890707,0.13436364642782034
outer,3.33562280879942,298.5219028182334,-2.3451153362617427,-0.5886114315102718,0.13634748981464181
outer,3.336513679033539,298.6058480946259,-2.3451410620866584,-0.592012794222835,0.13635058983898124
outer,3.337681588714017,298.68956815628127,-2.345144252076773,-0.5954131637564712,0.13636635374849088
outer,3.3391959852795505,298.77306950182253,-2.345115945473848,-0.5988138217200143,0.13639777741918646
outer,3.3906333483928477,298.5219028182334,-2.340505801052693,-0.5887665420053807,0.13833432261831882
outer,3.3923300797918676,298.6058480946259,-2.3404606753028037,-0.592179036264941,0.13836309522402646
outer,3.3943701314256796,298.68956815628115,-2.3403838640523538,-0.5955919665384103,0.13840727832156896
outer,3.397054948813248,298.7730695018226,-2.340259644934417,-0.5990065635274636,0.13847691832300393
outer,3.4469368893923327,298.5219028182334,-2.335709761243197,-0.5889177656512615,0.1403547626588203
outer,3.449499132995497,298.6058480946259,-2.3355833359690803,-0.592342474215645,0.14041110382801064
outer,3.452701532056629,298.6895681562812,-2.3354091434027042,-0.5957689543970532,0.1404925422966916
outer,3.4565613789760192,298.77306950182253,-2.3351756792797005,-0.5991969599915183,0.14060012714326992
outer,3.5045860865931737,298.52190281823334,-2.330713740522725,-0.5890646247519936,0.14241017530685343
outer,3.5083025841662585,298.6058480946259,-2.330488454395433,-0.5925024083366691,0.14250283498965233
outer,3.5126719522186707,298.6895681562812,-2.330203414872441,-0.5959417736810912,0.1426212286292974
outer,3.5178766662416114,298.7730695018226,-2.3298461328836257,-0.5993845191063025,0.14277169346952323
outer,3.563861228261496,298.52190281823334,-2.325496875605545,-0.5892062920782211,0.1445087364687118
outer,3.5687366146818564,298.60584809462586,-2.325159116665452,-0.5926563460864679,0.14463739425936709
outer,3.574441954884202,298.68956815628127,-2.3247484786936963,-0.5961097638170272,0.14479762742801985
outer,3.581184929610467,298.7730695018226,-2.3242463337898425,-0.5995678505744473,0.14499660056161667
outer,3.624758515525944,298.5219028182334,-2.320042015866174,-0.5893401555789759,0.14664956881354224
outer,3.6309609606902136,298.60584809462586,-2.3195768417470406,-0.5928034820060645,0.14681906724347826
outer,3.6381947150155733,298.6895681562812,-2.319019310245176,-0.5962713528138539,0.1470267112369928
outer,3.6466865864465516,298.77306950182253,-2.3183483751219955,-0.5997451788246931,0.14728018885014155
outer,3.6874368583405293,298.52190281823334,-2.3143304096174737,-0.5894652898550202,0.14883694527414496
outer,3.6951578538880283,298.60584809462586,-2.3137162620381377,-0.5929420903741509,0.14905280766076043
outer,3.7041296223716422,298.6895681562812,-2.3129876134115777,-0.5964245824906135,0.14931380683432643
outer,3.714599004238092,298.77306950182253,-2.312120955905641,-0.5999143026783255,0.14962814256773926
outer,3.752077545855868,298.5219028182334,-2.308336364045216,-0.5895798433279482,0.15107578960389614
outer,3.76152565726994,298.6058480946259,-2.3075487112810977,-0.5930700639992467,0.15134391635452085
outer,3.772462929926796,298.6895681562812,-2.3066216675206337,-0.5965670761844897,0.1516645792421369
outer,3.7851570449835044,298.7730695018225,-2.30552901117567,-0.6000725160634278,0.1520464708954357
outer,3.8188779150853045,298.52190281823334,-2.3020308698115817,-0.5896815913094149,0.1533713618646677
outer,3.8302795102083738,298.60584809462586,-2.3010420797336675,-0.593184889550586,0.15369802204432775
outer,3.8434282954653702,298.68956815628127,-2.2998859661896147,-0.5966959695756919,0.15408500838861625
outer,3.8586134685757534,298.7730695018225,-2.298530194823423,-0.6002175380454092,0.1545420545758113
outer,3.88805199264874,298.5219028182334,-2.2953814657538536,-0.5897679178967031,0.15572923570773073
outer,3.9016518672589444,298.60584809462586,-2.2941604634492117,-0.5932835870268266,0.15612105311386157
outer,3.9172771828982365,298.6895681562812,-2.2927376656574214,-0.5968088258740539,0.15658192425400805
outer,3.9354528136368687,298.77306950182253,-2.2910709314068964,-0.6003456878902768,0.15712791710578125
outer,3.9598310307909514,298.52190281823334,-2.2883518993452707,-0.5898357621202311,0.15815526544541433
outer,3.9758928974107013,298.6058480946259,-2.286860580106535,-0.5933636082889019,0.15861976193445881
outer,3.994491646459981,298.6895681562812,-2.285122656808445,-0.596901843911089,0.1591682277821972
outer,4.015866387404124,298.77306950182253,-2.2830950765228004,-0.6004522797320513,0.15980846030403997
outer,4.034463904566613,298.52190281823334,-2.280898510541582,-0.5898824975081788,0.16065610063535143
outer,4.053482172543748,298.6058480946259,-2.2790878593595867,-0.5934210728512858,0.16120689556363071
outer,4.0752620124934165,298.6895681562812,-2.2769843008584894,-0.5969702516138093,0.16184822584230757
outer,4.1005089234600804,298.77306950182253,-2.274530442183158,-0.6005339040361134,0.1626014839605171
outer,4.112427705394819,298.52190281823334,-2.272966338335428,-0.5899041911535718,0.16324430734093642
outer,4.13460903890895,298.6058480946258,-2.2707852544629428,-0.5934511575924815,0.16388663195879258
outer,4.160239657548943,298.6895681562812,-2.268249881364971,-0.5970105970130299,0.16463948281529983
outer,4.1897836117159555,298.77306950182253,-2.265293648355102,-0.6005834898340554,0.1655164806609287
outer,4.193910800181945,298.52190281823334,-2.264498005597242,-0.5898959858789395,0.1659239074255783
outer,4.219921518771124,298.6058480946258,-2.2618796176316764,-0.5934503911294026,0.16667626616103864
outer,4.249825704251685,298.6895681562812,-2.2588355565774347,-0.5970158105553703,0.16755124497658816
outer,4.279557859465763,298.52190281823334,-2.2554200140311127,-0.5898543927952529,0.16871190185300688
outer,4.284365892930571,298.7730695018225,-2.255287408124024,-0.6005959323566625,0.16857074482457696
outer,4.3098186691611025,298.60584809462586,-2.2522867406230755,-0.5934117050093055,0.16958476653371968
outer,4.344692130155741,298.68956815628115,-2.2486436379090406,-0.5969808398400515,0.17060043321633334
outer,4.369765876258076,298.52190281823334,-2.245647861457239,-0.5897723221638347,0.17161696110690777
outer,4.384984504000867,298.7730695018225,-2.244389618443261,-0.6005651506496776,0.17178253967858065
outer,4.404969007261903,298.60584809462586,-2.241908616909613,-0.5933300651269272,0.17262865499927474
outer,4.445563935686787,298.6895681562812,-2.2375516062254257,-0.5968996208018942,0.17380482060798627
outer,4.465199910010128,298.52190281823334,-2.2350832793057895,-0.5896447032367397,0.17465519626057696
outer,4.4926877306908,298.77306950182253,-2.2324484065077836,-0.6004830778130829,0.17517721130780428
outer,4.506093800084988,298.60584809462586,-2.2306223697050753,-0.5931993444286854,0.17582520009378755
outer,4.55348403170627,298.68956815628115,-2.2254072109894834,-0.5967640570818722,0.17718908258938038
outer,4.5665774971668505,298.5219028182333,-2.2236030629671233,-0.5894652511485913,0.17784337171599696
outer,4.608405717169277,298.77306950182253,-2.219287872723483,-0.6003399107194735,0.17877474886517788
outer,4.614230587987212,298.60584809462586,-2.2182753993600524,-0.5930112870854428,0.17919841108712836
outer,4.66937779323107,298.6895681562812,-2.212034241148394,-0.5965641507354278,0.18077243315784355
outer,4.6749308116767585,298.5219028182333,-2.2110542654346474,-0.5892254149265027,0.18120484961514113
outer,4.7302999807357375,298.6058480946258,-2.204691166198262,-0.592755512377214,0.18276675769920703
outer,4.7334968152385475,298.7730695018225,-2.204693366257233,-0.6001268613075127,0.18260461817092621
outer,4.7911757016915795,298.52190281823334,-2.1972599796703403,-0.5889142501394448,0.1847573985539962
outer,4.794596607351407,298.68956815628115,-2.1972177052761723,-0.5962905929549736,0.184583342372305
outer,4.855646406407398,298.6058480946258,-2.189654267670565,-0.592421946878723,0.18655777885925234
outer,4.869402269767095,298.7730695018225,-2.188401452542811,-0.5998309139657358,0.18669371012911073
outer,4.916649641582717,298.52190281823334,-2.182004310013539,-0.5885206970334365,0.18852769883174872
outer,4.930574329204181,298.6895681562812,-2.180693738274956,-0.5959292621283525,0.1886475723323263
outer,4.991696336453714,298.6058480946258,-2.172900285487651,-0.5919950775222663,0.19059621369696134
outer,5.017933842979035,298.7730695018225,-2.170092095905583,-0.5994332416687767,0.19107141593083748
outer,5.05277172474804,298.52190281823334,-2.1650221671847154,-0.588027605300802,0.19253957435124766
outer,5.079113431518341,298.6895681562812,-2.16214184356884,-0.5954594202941936,0.19299327778737999
outer,5.14024296170974,298.6058480946258,-2.1541081002137976,-0.5914519566651083,0.19490913370826177
outer,5.180907004390928,298.77306950182253,-2.149388695175849,-0.5989001115302748,0.19575489539820598
outer,5.201325867208009,298.5219028182333,-2.1459916701696087,-0.5874095745544927,0.1968191607784695
outer,5.242020075307319,298.68956815628115,-2.141185121413561,-0.5948443775686993,0.19763652798922687
outer,5.303083142301862,298.60584809462586,-2.1329003429492785,-0.5907526793337199,0.19951171997235786
outer,5.360175712731544,298.77306950182253,-2.125865548450703,-0.5981789640413978,0.2007469048109935
outer,5.364099635296024,298.52190281823334,-2.124534848472216,-0.586623290684433,0.20138093805201426
outer,5.421138713449752,298.6895681562812,-2.117397977683812,-0.5940273647295149,0.20257941178832597
outer,5.482051833036438,298.60584809462586,-2.108851381703268,-0.5898361111778266,0.2044056320931804
outer,5.542918492990604,298.5219028182333,-2.1002259326957473,-0.5856031574984867,0.2062263494318795
outer,5.557433608499918,298.77306950182253,-2.0990542614766508,-0.5971757810372903,0.20602241680585803
outer,5.6181543025982625,298.6895681562812,-2.090313380901929,-0.5929092452469896,0.20779717186736266
outer,5.67882531382514,298.6058480946258,-2.081495460995568,-0.5885980014320438,0.2095666211071998
outer,5.739450050080314,298.52190281823334,-2.0726004030963296,-0.5842398520996551,0.2113318603998976
outer,5.773507429086339,298.7730695018225,-2.0685089161602006,-0.5957426481452577,0.21150908637860683
outer,5.83388934119141,298.68956815628115,-2.0594887943507585,-0.591336633840294,0.21321925409322973
outer,5.894221847623129,298.6058480946258,-2.050393416090368,-0.5868796810250914,0.21492610197925466
outer,5.954508337267392,298.52190281823334,-2.041222494885772,-0.582369614623109,0.216630999428912
outer,6.008121920686317,298.7730695018225,-2.0338942332815484,-0.5936829491341952,0.2170904835378249
outer,6.068069986740528,298.6895681562812,-2.0245943376555946,-0.5891076755461598,0.21873265606830244
outer,6.127969002102891,298.60584809462586,-2.015220826953704,-0.5844743981068579,0.2203745461946314
outer,6.187822331309842,298.5219028182333,-2.0057733212621423,-0.5797811053518317,0.22201772832096342
outer,6.259616288510177,298.7730695018224,-1.995073127093023,-0.5907658421253407,0.22261541388690592
outer,6.319043959891679,298.68956815628115,-1.9854992775428315,-0.58598702412665,0.22419073467014436
outer,6.378423006378471,298.60584809462586,-1.9758533602844535,-0.5811426986215488,0.22576971725575729
outer,6.437756763300441,298.5219028182333,-1.9661349691519954,-0.5762310937963082,0.22735405359258226
outer,6.525101250035152,298.7730695018224,-1.9521686839630765,-0.5867615996493405,0.2279246786608592
outer,6.583936792414374,298.68956815628115,-1.9423314168716055,-0.5817410870018641,0.22943864801592875
outer,6.642724194390542,298.60584809462586,-1.9324234305107686,-0.5766474453007783,0.23096079839018988
outer,6.701466758060767,298.5219028182333,-1.9224442913192399,-0.5714791396320541,0.23249285255848726
outer,6.8011463619130135,298.77306950182253,-1.905522802028579,-0.5814637741480323,0.23287893777999502
outer,6.85933562996053,298.6895681562812,-1.8954330441065617,-0.5761599751515922,0.23433974853939446
outer,6.917477286399382,298.6058480946258,-1.8852733377701334,-0.5707754518912087,0.23581342001584685
outer,6.975574597055077,298.52190281823334,-1.8750431148424649,-0.56530882875697,0.23730164791240838
outer,7.084452142431562,298.7730695018225,-1.8555682575566486,-0.5746851242900165,0.23736731846622372
outer,7.141957908334908,298.6895681562812,-1.845231663836585,-0.5690534211822508,0.23878356988245247
outer,7.199416621884586,298.60584809462586,-1.8348245902132148,-0.563333339477972,0.24021720823634274
outer,7.2568315105451004,298.5219028182333,-1.8243460803516236,-0.5575235152761614,0.24166990812227057
outer,7.372384763306978,298.7730695018225,-1.8026810078124305,-0.5662394217147972,0.24130166853220147
outer,7.429183303749126,298.68956815628115,-1.7920924540609446,-0.5602325011477138,0.2426807204926007
outer,7.485935370503451,298.60584809462586,-1.7814304225371924,-0.5541291018837945,0.24408152390198154
outer,7.5426441513418965,298.5219028182333,-1.7706929773931877,-0.5479275343874325,0.24550587083768144
outer,7.663078389330823,298.77306950182253,-1.747078901908536,-0.555923144976114,0.2446032361139655
outer,7.719155547739271,298.6895681562812,-1.7362173618714363,-0.5494904785131325,0.24595127142014733
outer,7.775186822708963,298.6058480946258,-1.7252745244554815,-0.5429515376781476,0.24732584283172676
outer,7.831175361524858,298.52190281823334,-1.714245687342146,-0.5363031800410981,0.24872936690684588
outer,7.955334126492173,298.7730695018225,-1.6887866171277033,-0.5435068090305945,0.24719753882963125
outer,8.010681893414533,298.6895681562812,-1.677606679584358,-0.5365902734782416,0.2485222353961948
outer,8.065984373700626,298.6058480946258,-1.6663259267718946,-0.5295515421847321,0.24988069493401432
outer,8.121244673698921,298.52190281823334,-1.6549321460345963,-0.5223831458085426,0.2512773495362875
outer,8.248431362409423,298.77306950182253,-1.627622460413895,-0.528717428855855,0.249021001318447
outer,8.303045423207504,298.68956815628115,-1.6160282442102418,-0.5212336695092175,0.25033966931138
outer,8.357614797702116,298.60584809462586,-1.6042837302245125,-0.5135943959464045,0.2517071114158137
outer,8.412142551063218,298.5219028182333,-1.5923614673084672,-0.505784513565213,0.25313219129638204
outer,8.541966555548877,298.7730695018225,-1.5631218583010218,-0.5111703224835428,0.2500493544345072
outer,8.595844664673415,298.6895681562812,-1.5508948142433339,-0.5029653474345246,0.2514094100917015
outer,8.649678689664679,298.6058480946258,-1.5384071540303421,-0.4945403245813249,0.2528503608044561
outer,8.703471654387908,298.52190281823334,-1.5256129214059335,-0.48587634298571103,0.2543868530776199
outer,8.835721156884764,298.7730695018225,-1.494262293019432,-0.4901893217476174,0.25037228646095516
outer,8.888862189358507,298.6895681562812,-1.480932432355959,-0.4809788040007537,0.25188714990386785
outer,8.941959740789647,298.6058480946258,-1.4671530162009168,-0.471463141093468,0.25353808980114095
outer,8.995016793675603,298.5219028182333,-1.4528742166970827,-0.46163930913115536,0.2553410260711423
outer,9.129581909556137,298.7730695018225,-1.4189161546618545,-0.4645564685367244,0.25032860714822397
outer,9.181985321106536,298.6895681562812,-1.4036640622958623,-0.4539495513442021,0.2522026102537368
outer,9.234345855150435,298.60584809462586,-1.3877410305864517,-0.443001546696832,0.2542753405992817
outer,9.286666452786747,298.5219028182333,-1.3711266399898694,-0.4317523017685884,0.2565512870934634
outer,9.423492635124395,298.77306950182253,-1.3333155007350646,-0.4325499902933003,0.250602367789833
outer,9.475158169524185,298.6895681562812,-1.3150980970415351,-0.4202936872542626,0.2530734639505297
outer,9.526781430163137,298.60584809462586,-1.296078436548107,-0.4078139949673699,0.2557646242373688
outer,9.578365316727409,298.52190281823334,-1.2762907225440132,-0.3951960198229777,0.2586554639575666
outer,9.71742597792487,298.77306950182253,-1.2322515337626994,-0.39282164135297487,0.25198444806906994
outer,9.768353519208178,298.6895681562812,-1.2102345954185003,-0.3792029394928048,0.2551254758796425
outer,9.819239390571166,298.60584809462586,-1.1874851819157208,-0.3656561959216816,0.2584077778689182
outer,9.870086450280725,298.5219028182334,-1.164079870652436,-0.3522695566809923,0.26178568185301404
outer,10.011369315410551,298.7730695018225,-1.110439954616797,-0.3459860001575857,0.2544753963596717
outer,10.061558812331363,298.6895681562812,-1.084445453834414,-0.3319575825812487,0.2579123894211286
outer,10.111707243214308,298.6058480946259,-1.0579693503548449,-0.31831907135297305,0.2612947183714217
outer,10.161817424904205,298.5219028182334,-1.031094412719238,-0.30510619877608286,0.26456980311309264
outer,10.30531691971919,298.77306950182253,-0.9638966296793477,-0.29509642029863936,0.25570018060193933
outer,10.354768350400072,298.68956815628127,-0.9343421422947895,-0.28158261117918504,0.258427411064607
outer,10.404179318943504,298.6058480946259,-0.9046328939549869,-0.26855779702130883,0.2608549081322041
outer,10.453552600770863,298.5219028182333,-0.8748518797628112,-0.25600172202734717,0.26295339292780107
outer,10.599266289877942,298.77306950182253,-0.7884061618376222,-0.24125344207264066,0.24898086674948472
outer,10.64797964526485,298.6895681562812,-0.7560511184243437,-0.22786531869344034,0.24959324870870897
outer,10.69665314242205,298.6058480946259,-0.7240429742185798,-0.21486001589916398,0.2497873960037471
outer,10.745289515347123,298.52190281823334,-0.6924847731058068,-0.202222375376636,0.24957767440507095
outer,10.893216371528611,298.77306950182253,-0.5782839330300119,-0.1741020200719129,0.22353859783095514
outer,10.941191647973472,298.68956815628115,-0.5459113596643043,-0.15951427202712726,0.22144091678084216
outer,10.989127670099425,298.60584809462586,-0.5147654051249118,-0.1454110060435784,0.21909874131815021
outer,11.03702713047989,298.52190281823334,-0.48489951296295536,-0.1318009758609963,0.21654451376003064
outer,11.187166729187917,298.77306950182253,-0.3453446227375745,-0.07528811498930686,0.17385467538284216
outer,11.234403925275563,298.68956815628127,-0.32025566276631523,-0.060729165629713436,0.17076945702598834
outer,11.281602470956166,298.6058480946259,-0.296996989735563,-0.04702191749080299,0.16771922728971317
outer,11.328765017379094,298.5219028182334,-0.275474911102388,-0.034132609450524765,0.16470758680402173
outer,11.481117191513423,298.77306950182253,-0.14875102445774832,0.04941748448084362,0.11457276802342287
outer,11.527616306707131,298.68956815628127,-0.13719848083497413,0.05967223391949603,0.11314619773402484
outer,11.57407737540627,298.60584809462586,-0.12685052592601315,0.06908474066155329,0.11175120049026921
outer,11.620503007335854,298.5219028182334,-0.11758282510212488,0.07772169202946924,0.11037737787761509
outer,11.77506769213907,298.7730695018226,-0.050834240782028965,0.1615040418629934,0.07084106638761467
outer,11.820828726242558,298.68956815628127,-0.04884642519455655,0.16596631944535792,0.07120782797602122
outer,11.866552317763905,298.6058480946259,-0.04710177479630813,0.16997190654174518,0.07144881346109322
outer,11.91224103500412,298.5219028182334,-0.04556488766361792,0.1735587319752791,0.07156990699075835
outer,12.06901820638385,298.7730695018226,-0.029680847554061175,0.24017904483797692,0.0472752246736942
outer,12.11404115932725,298.6895681562812,-0.029740235587167103,0.24088357986054662,0.04795817872780513
outer,12.159027273601087,298.6058480946259,-0.029767437727178575,0.24138716995804313,0.04848824824659438
outer,12.203979076082163,298.52190281823334,-0.029763498569612044,0.2417035548559423,0.04887675605922488
outer,12.362968725335698,298.7730695018226,-0.02672706723374954,0.2948659324000704,0.03261881545642712
outer,12.407253597094838,298.6895681562812,-0.02661366265698409,0.29334609107271037,0.03306457556688203
outer,12.451502234097093,298.60584809462586,-0.026476717891804447,0.2917419636596695,0.03339383212098803
outer,12.49571712179486,298.5219028182334,-0.026317990957043888,0.2900588625800384,0.03361497952925018
outer,12.656919245856654,298.77306950182253,-0.023710119247769525,0.33383413043016896,0.02157251019630188
outer,12.700466036423544,298.6895681562812,-0.023489831235565764,0.33082332693984506,0.02178453981933577
outer,12.743977196146128,298.6058480946259,-0.02325401435794056,0.32779724552562184,0.02191131468423113
outer,12.787455169052645,298.5219028182334,-0.023004299257383676,0.32475741020204946,0.02195878408056503
outer,12.950869766888841,298.7730695018226,-0.021023521173171557,0.360518942255024,0.013181606741768673
outer,12.993678476260833,298.6895681562812,-0.020725617535637758,0.35653777396574704,0.013188101901790497
outer,13.036452158701097,298.6058480946259,-0.02042016482653196,0.35258175321129986,0.013134153157694783
outer,13.079193216813772,298.52190281823334,-0.02010834702482413,0.3486507224980436,0.013023921957031094
outer,13.24482028808158,298.77306950182253,-0.018645512920653137,0.37766996565466165,0.006777594635389128
outer,13.286890916257862,298.68956815628127,-0.018298866746107697,0.3730842735256872,0.0066138589102889556
outer,13.328927121415045,298.6058480946259,-0.017951052488556163,0.3685473355792476,0.0064086738359960815
outer,13.370931264733011,298.52190281823334,-0.017602863746952087,0.36405817273962643,0.006164929980745415
outer,13.53877080932343,298.77306950182253,-0.01654090723578258,0.38742220905589686,0.0018931110188779576
outer,13.580103356303693,298.6895681562812,-0.0161703736252538,0.382492353556042,0.0015926138220168362
outer,13.621402084177541,298.6058480946259,-0.015803323669267365,0.3776243238601454,0.0012649887960141798
outer,13.662669312700594,298.52190281823334,-0.015440251368242012,0.3728167403199651,0.0009122160147271852
outer,13.832721330579883,298.7730695018226,-0.014679188232040796,0.39144206147617616,-0.001815232351847551
outer,13.87331579636408,298.68956815628127,-0.01430452814813818,0.3863542397260472,-0.002223405507877557
outer,13.91387704695449,298.6058480946259,-0.013936495387794255,0.38133445333583693,-0.0026480368693584527
outer,13.954407360682477,298.5219028182334,-0.013575360463371718,0.3763811592343116,-0.003087801898076087
outer,14.12667185184051,298.7730695018226,-0.01303612909215525,0.3910377418306725,-0.004608069331060241
outer,14.16652823642864,298.6895681562812,-0.012672023515539386,0.3859244991306087,-0.005099620420092946
outer,14.20635200973556,298.6058480946259,-0.012316468494889946,0.38088098383388763,-0.005599783987896567
outer,14.246145408668532,298.5219028182334,-0.011969570743081318,0.37590563130831983,-0.006107706574560404
outer,14.420622373102304,298.7730695018226,-0.011590831668201178,0.38723983290185965,-0.006687469961481493
outer,14.45974067649437,298.6895681562812,-0.011247473247934375,0.38219422841939665,-0.007242519455902555
outer,14.498826972517852,298.6058480946259,-0.010913639627164462,0.37721710616419624,-0.007800504057941748
outer,14.53788345665576,298.5219028182334,-0.010589320338230117,0.37230696573782873,-0.008360905841150512
outer,14.714572894364355,298.7730695018226,-0.01032407350542807,0.38086079966701536,-0.008211945017362263
outer,14.752953116560352,298.68956815628127,-0.010007918804745733,0.3759466262824187,-0.008814430815560909
outer,14.791301935300398,298.6058480946259,-0.009701550626550988,0.3710978498833371,-0.00941582673871695
outer,14.829621504643239,298.5219028182334,-0.009404877928795137,0.3663130840820908,-0.01001585006911107
outer,15.00852341562656,298.77306950182253,-0.009217514633838748,0.3725403422708019,-0.009306479700507422
outer,15.04616555662654,298.68956815628127,-0.008932045010916191,0.3677997138930728,-0.009943527867715019
outer,15.083776898083045,298.6058480946259,-0.008656109790611995,0.3631203270491314,-0.010576708713627342
outer,15.121359552630873,298.5219028182334,-0.008389566069753475,0.3585009349729724,-0.011205900500946553
outer,15.302473936888815,298.7730695018225,-0.008253490892837397,0.3627807895497962,-0.010069672070531804
outer,15.339377996692626,298.68956815628127,-0.007999911412675302,0.35823986938181207,-0.01073101822126235
outer,15.376251860865745,298.6058480946259,-0.007755263402102586,0.3537555027992959,-0.011386650780617777
outer,15.413097600618505,298.5219028182334,-0.0075193743697548054,0.34932659188818754,-0.012036554455038567
outer,15.596424458151018,298.7730695018226,-0.007415092248780147,0.351975196624457,-0.01057908516110627
outer,15.632590436758814,298.6895681562812,-0.007192941640250181,0.3476485533014796,-0.011256572415931365
outer,15.668726823648443,298.6058480946259,-0.006978899480571267,0.34337361189976556,-0.011927185324122166
outer,15.704835648606139,298.5219028182334,-0.006772780587469607,0.3391494216828298,-0.012590975482883404
outer,15.890374979413274,298.7730695018226,-0.00668635265501432,0.34042987825661175,-0.010895419353578226
outer,15.92580287682495,298.68956815628127,-0.006494016150890063,0.3363237986592722,-0.011582576675785008
outer,15.961201786431142,298.6058480946259,-0.00630884707041994,0.33226465021202733,-0.012262195278643515
outer,15.996573696593773,298.5219028182334,-0.006130659932120093,0.3282516207505079,-0.012934365496960781
outer,16.184325500675477,298.77306950182253,-0.006052450677926514,0.3283825641296375,-0.011065852730018505
outer,16.219015316891088,298.6895681562812,-0.005887577334809269,0.3244975587365361,-0.011757548117498587
outer,16.25367674921379,298.6058480946259,-0.005728889547066053,0.3206549481661958,-0.012441392745787955
outer,16.288311744581407,298.5219028182334,-0.0055762101785449755,0.31685404620091245,-0.013117496153662062
outer,16.47827602193768,298.7730695018226,-0.005499869975132833,0.316017032705449,-0.011126757816301291
outer,16.512227756957223,298.6895681562812,-0.005359701250082241,0.312349711013154,-0.011818917322040323
outer,16.546151711996487,298.6058480946259,-0.005224751287528931,0.30872056988626795,-0.0125031580555732
outer,16.58004979256904,298.52190281823334,-0.005094856882501983,0.30512903451437845,-0.013179595668266333
outer,16.772226543199935,298.77306950182253,-0.005016498601838337,0.30347487446186516,-0.011105927094086351
outer,16.80544019702341,298.68956815628127,-0.0048981177082551425,0.30001932880788973,-0.011795309801544945
outer,16.838626674779185,298.60584809462586,-0.004784042091032718,0.2965981125071365,-0.012476869542716026
outer,16.87178784055667,298.52190281823334,-0.004674125646275236,0.2932107471687781,-0.01315071972043362
outer,17.06617706446214,298.77306950182253,-0.00459166368997109,0.29086490007487625,-0.011024397482806078
outer,17.098652637089547,298.68956815628127,-0.004492176563449905,0.28761370791167573,-0.011708416969716709
outer,17.131101637561834,298.6058480946259,-0.004396158475758513,0.28439336597714504,-0.012384814743572808
outer,17.163525888544253,298.5219028182334,-0.004303481726882018,0.281203477869162,-0.013053696996485536
outer,17.360127585724392,298.7730695018226,-0.004216107888415026,0.2782706147313595,-0.010897940058002722
outer,17.391865077155686,298.68956815628127,-0.004132767046147984,0.27521554766267475,-0.011574523820872533
outer,17.423576600344532,298.6058480946259,-0.004052149001773232,0.27218821205693267,-0.012243750944686917
outer,17.45526393653194,298.52190281823334,-0.003974144402166993,0.2691882802294185,-0.012905717820530432
outer,17.654078106986596,298.7730695018226,-0.003881918933779205,0.26575610928457294,-0.010738267336597017
outer,17.68507751722182,298.6895681562812,-0.0038122011674668124,0.2628886198846344,-0.01140574677121324
outer,17.71605156312723,298.6058480946259,-0.003744554277993861,0.26004607931814117,-0.012066169482998164
outer,17.74700198451952,298.5219028182334,-0.0036788862844108344,0.2572282168168889,-0.012719621064792921
outer,17.9480286282488,298.7730695018226,-0.003582425221191815,0.2533706632673349,-0.01055400186815078
outer,17.97828995728796,298.6895681562812,-0.0035240732814271203,0.2506822064425841,-0.0112110265646563
outer,18.00852652590988,298.6058480946259,-0.003467232918256069,0.2480162212150054,-0.011861309694358169
outer,18.038740032507103,298.5219028182334,-0.0034118279576900792,0.24537248354175487,-0.012504926081006257
outer,18.241979149511057,298.77306950182253,-0.003312069844986873,0.2411523085855038,-0.010351443960148615
outer,18.271502397354094,298.6895681562812,-0.003263107193864627,0.23863454234962816,-0.010996915134846075
outer,18.301001488692577,298.6058480946259,-0.0032151837102051897,0.23613704277167158,-0.01163596235413937
outer,18.33047808049479,298.5219028182334,-0.0031682371489716865,0.2336596239277457,-0.012268650308523282
outer,18.53592967077326,298.77306950182253,-0.0030662743461287723,0.22913056279245564,-0.010135171831878204
outer,18.564714837420283,298.6895681562812,-0.003025000769299145,0.22677546342549806,-0.010768190675573656
outer,18.593476451475276,298.6058480946259,-0.002984372678944365,0.22443866538589607,-0.011395097687323275
outer,18.62221612848237,298.5219028182334,-0.0029443397850134403,0.22212001372521262,-0.012015948371103397
outer,18.829880192035514,298.77306950182253,-0.0028413011223872367,0.2173285064999751,-0.009908503606400887
outer,18.857927277486418,298.6895681562812,-0.002806275628527151,0.21512842488847456,-0.01052833115533184
outer,18.885951414257974,298.6058480946259,-0.0027715713202092415,0.21294488828111718,-0.011142348899747072
outer,18.913954176470053,298.5219028182334,-0.002737147929107356,0.2107777668701689,-0.011750604229430438
outer,19.123830713297718,298.77306950182253,-0.002634121329997803,0.205764349183702,-0.009673846959094838
outer,19.151139717552557,298.6895681562812,-0.0026041374901201453,0.2037120283799963,-0.010279872785917993
outer,19.178426377040623,298.60584809462586,-0.002574210286018931,0.20167467766500072,-0.010880378360394384
outer,19.20569222445769,298.5219028182334,-0.0025443076670057865,0.19965218766763235,-0.011475404032654235
outer,19.41778123455992,298.7730695018226,-0.002442293074910243,0.19445260116588095,-0.009432958813361161
outer,19.44435215761869,298.6895681562812,-0.0024163507078377097,0.19254116983413655,-0.01002467642208145
outer,19.47090133982332,298.60584809462586,-0.002390250874202249,0.19064329086667675,-0.010611149901233727
outer,19.49743027244532,298.5219028182334,-0.0023639681406936175,0.18875887155024001,-0.011192413558765782
outer,19.711731755822175,298.77306950182253,-0.0022638526062819173,0.18340494696044968,-0.009187134261965574
outer,19.737564597684827,298.6895681562812,-0.0022411286472744027,0.18162789909894178,-0.009764121531897603
outer,19.76337630260602,298.6058480946259,-0.002218075006186891,0.17986312220569495,-0.01033612726475442
outer,19.789168320432953,298.5219028182334,-0.002194671484433121,0.17811053720873624,-0.01090318061463559
outer,20.00568227708438,298.7730695018225,-0.0020972199565522376,0.17263089549410846,-0.008937340793354377
outer,20.030777037751015,298.6895681562812,-0.002077040468386547,0.17098206348102343,-0.00949924419928691
outer,20.05585126538872,298.60584809462586,-0.0020563933594627687,0.16934433964166828,-0.010056415500962548
outer,20.08090636842059,298.52190281823334,-0.0020352624922889834,0.167717656147382,-0.010608879469996675
outer,20.299632798346583,298.77306950182253,-0.0019411191758380505,0.1621382663213675,-0.00868431113543118
outer,20.323989477817154,298.6895681562812,-0.0019229336980049125,0.16061179188623756,-0.00923083278465104
outer,20.348326228171366,298.60584809462586,-0.0019041703534233706,0.15909536649473327,-0.009772859195612965
outer,20.37264441640817,298.52190281823334,-0.0018848161030748378,0.15758893163577561,-0.010310411413264657
outer,20.593583319608836,298.77306950182253,-0.0017945123891597442,0.15193355743302267,-0.008428605526748734
outer,20.61720191788329,298.6895681562812,-0.0017778712792139717,0.15052386329108053,-0.008959492286810068
outer,20.640801190954065,298.60584809462586,-0.001760564180662172,0.14912325017810651,-0.009486108770223461
outer,20.664382464395853,298.52190281823334,-0.0017425803719590613,0.14773166734855317,-0.010008472844874147
outer,20.88753384087104,298.77306950182253,-0.0016565464973813532,0.14202222906411607,-0.008170651950708235
outer,20.910414357949424,298.6895681562812,-0.0016410815030077214,0.14072399265095636,-0.008685686126398112
outer,20.933276153736763,298.60584809462586,-0.0016248799055954902,0.13943394979669163,-0.00919666373582461
outer,20.956120512383485,298.52190281823334,-0.0016079326793866575,0.1381520562547338,-0.009703599927654159
outer,21.181484362133244,298.77306950182253,-0.0015265110176238966,0.13240892871605386,-0.007910771033975729
outer,21.203626798015563,298.6895681562812,-0.0015119190326178047,0.13121705857763022,-0.008409762207707196
outer,21.22575111651941,298.60584809462586,-0.0014965335690616671,0.130032566109827,-0.008904899877833862
outer,21.247858560371068,298.5219028182333,-0.0014803468087981261,0.1288554125173087,-0.00939619686007431
outer,21.4754348833955,298.77306950182253,-0.0014038054064581806,0.12309767575841982,-0.007649190692742013
outer,21.49683923808175,298.6895681562812,-0.0013898351753652352,0.12200729058565746,-0.008131968457622644
outer,21.51822607930211,298.60584809462586,-0.0013750252757219264,0.12092353111291929,-0.008611085686407352
outer,21.539596608358703,298.52190281823334,-0.0013593687163152082,0.11984636312047092,-0.009086553191213778
outer,21.769385404657704,298.77306950182253,-0.0012879142726534912,0.11409201851955694,-0.007386054298622175
outer,21.790051678147886,298.6895681562812,-0.0012743557117995685,0.1130984284785063,-0.007852461694058618
outer,21.81070104208481,298.60584809462586,-0.0012599195367602456,0.11211076942887552,-0.008315391941637228
outer,21.831334656346336,298.52190281823334,-0.0012445992928958871,0.11112901098074594,-0.008774854135983272
outer,22.063335925919958,298.7730695018225,-0.001178388983804242,0.10539517233476194,-0.007121425123901105
outer,22.08326411821402,298.68956815628115,-0.0011650647584751338,0.10449386214349494,-0.007571312654774103
outer,22.10317600486751,298.60584809462586,-0.0011508312754963008,0.10359783963542163,-0.008017897342992093
outer,22.123072704333968,298.52190281823334,-0.0011356823965094423,0.10270707761015258,-0.008461186819486516
outer,22.35728644718216,298.77306950182253,-0.001074834367646809,0.09701014402898106,-0.006855288964914302
outer,22.37647655828016,298.6895681562812,-0.001061593331384978,0.09619675720757825,-0.007288509135451978
outer,22.395650967650155,298.60584809462586,-0.0010474161463574876,0.09538806093218083,-0.00771859218792971
outer,22.414810752321603,298.5219028182334,-0.001032296831452683,0.09458403063334851,-0.008145544521711977
outer,22.651236968444366,298.7730695018225,-0.0009768992857592772,0.08893984614230088,-0.0065875562393829246
outer,22.669688998346295,298.6895681562812,-0.0009636114328361346,0.0882101698483922,-0.007003958556988148
outer,22.688125930432854,298.6058480946258,-0.0009493640722082614,0.08748462838864947,-0.007417381440688101
outer,22.706548800309236,298.52190281823334,-0.0009341512561487179,0.08676319934996428,-0.00782783027384511
outer,22.94518748970662,298.7730695018225,-0.000884270205162966,0.08118720241466673,-0.006318064381915671
outer,22.962901438412484,298.68956815628115,-0.0008708228565162748,0.0805371522976506,-0.006717490825705524
outer,22.980600893215552,298.60584809462586,-0.000856395191220289,0.0798907184009731,-0.0071140880796691335
outer,22.998286848296868,298.52190281823334,-0.0008409812108351143,0.07924788005378056,-0.007507860711651895
outer,23.239138010968823,298.77306950182253,-0.0007966669990171447,0.07375524507881209,-0.006046581002729173
outer,23.25611387847862,298.68956815628115,-0.0007829618999853558,0.07318084973164272,-0.006428861968800291
outer,23.2730758559982,298.6058480946258,-0.0007682574361527368,0.072609585107631,-0.006808457223001094
outer,23.290024896284503,298.52190281823334,-0.0007525475077347979,0.07204143191859805,-0.0071853707117477995
outer,23.533088532231076,298.7730695018225,-0.0007138401796668234,0.06664720385741003,-0.005772808041208883
outer,23.549326318544757,298.68956815628115,-0.000699791315278555,0.06614458843806105,-0.006137758772218182
outer,23.5655508187809,298.6058480946258,-0.000684725175154402,0.0656446476721623,-0.006500161274804116
outer,23.581762944272135,298.52190281823334,-0.0006686355193555142,0.06514736336249663,-0.006860019063533642
outer,23.82703905349328,298.7730695018225,-0.0006355692686062162,0.05986658579271022,-0.005496387000611518
outer,23.842538758610893,298.68956815628115,-0.0006211012120137215,0.05943195448287705,-0.005843804541806771
outer,23.858025781563597,298.6058480946258,-0.0006055985909476022,0.058999567794203456,-0.006188806224573502
outer,23.873500992259768,298.5219028182333,-0.0005890550094722995,0.058569408378276996,-0.0065313953179184266
outer,24.120989574755537,298.7730695018225,-0.0005616617793003584,0.053417245103605675,-0.00521690524648406
outer,24.13575119867708,298.6895681562812,-0.0005467084070535783,0.05304686213384691,-0.005546565964423367
outer,24.1505007443463,298.6058480946258,-0.0005307033955711388,0.05267831666538607,-0.005873939085276062
outer,24.165239040247403,298.52190281823334,-0.0005136402010424423,0.05231159200351494,-0.006199027816472684
outer,24.41494009601774,298.7730695018225,-0.0004919525466887502,0.04730344178049019,-0.004933903345095678
outer,24.428963638743166,298.68956815628115,-0.00047645603659641697,0.046993610726421164,-0.005245561060299919
outer,24.442975707128944,298.60584809462586,-0.00045989070731616843,0.046685230113378856,-0.005555056476001876
outer,24.456977088234986,298.5219028182333,-0.0004422498896497033,0.04637828375880011,-0.005862392918884431
outer,24.708890617279945,298.7730695018225,-0.0004263031166463153,0.041529887517289206,-0.004646883484956243
outer,24.722176078809355,298.6895681562812,-0.00041021311108939765,0.04127692862922702,-0.004940268306989759
outer,24.735450669911643,298.60584809462574,-0.0003930367632360935,0.041025050609840005,-0.005231614462760125
outer,24.748715136222668,298.5219028182333,-0.00037476731268138407,0.04077423770300017,-0.005520925574901909
outer,25.00284113854215,298.7730695018225,-0.00036460097205019346,0.03610177709250375,-0.004355319199574496
outer,25.01538851887549,298.68956815628115,-0.0003478739043203897,0.03590200230139158,-0.004630137179074069
outer,25.02792563269434,298.6058480946258,-0.000330042475860378,0.03570295401356428,-0.0049030399370735825
outer,25.04045318421025,298.5219028182333,-0.00031109989445402345,0.035504616859185524,-0.005174031565122578
outer,25.296791659804402,298.7730695018225,-0.00030675860646641427,0.0310248022778304,-0.004058666938835418
outer,25.30860095894163,298.68956815628115,-0.00028935717372366443,0.030874487494293903,-0.004314600728741908
outer,25.32040059547699,298.6058480946258,-0.0002708328178691148,0.030724558086920963,-0.004568744232781427
outer,25.332191232197886,298.52190281823334,-0.000251178798241318,0.030574999084477188,-0.004821102184614713
outer,25.590742181066606,298.7730695018225,-0.0002527122113832655,0.026305144411370288,-0.003756380607949688
outer,25.601813399007764,298.6895681562812,-0.00023460504246635393,0.026200498604391394,-0.003993091444743102
outer,25.612875558259688,298.60584809462586,-0.00021535592797255337,0.026095908667605965,-0.0042281403477459276
outer,25.623929280185518,298.52190281823334,-0.00019495828821932022,0.02599136009969595,-0.004461532862559391
outer,25.88469270232881,298.7730695018225,-0.00020241997830835502,0.021949439175395206,-0.0034479311913411556
outer,25.895025839073902,298.68956815628115,-0.00018358166630470102,0.021886569534743414,-0.0036650626843306813
outer,25.905350521042386,298.6058480946258,-0.00016358221030785165,0.021823436656678623,-0.003880666241168597
outer,25.91566732817315,298.5219028182333,-0.00014241532753368064,0.02176002665516292,-0.004094748382003849
outer,26.178643223591063,298.7730695018225,-0.00015586013175129896,0.017964702941037775,-0.003132835206862467
outer,26.188238279140087,298.68956815628115,-0.0001362719768633917,0.017939575211149292,-0.0033300197287662427
outer,26.19782548382509,298.6058480946258,-0.00011550386118726504,0.017913874824603302,-0.0035258185631833827
outer,26.207405376160786,298.5219028182333,-9.354998242623678e-05,0.017887588732791376,-0.0037202393610937753
outer,26.472593744853267,298.7730695018225,-0.00011302900444293273,0.014358203544571936,-0.0028106984132220303
outer,26.481450719206226,298.68956815628115,-9.268104279342836e-05,0.014366596466611141,-0.0029875673768565373
outer,26.490300446607733,298.6058480946258,-7.113566616151132e-05,0.014374116970593463,-0.0031632042265433875
outer,26.499143424148418,298.5219028182333,-4.8387798172461714e-05,0.014380753160978199,-0.0033376178856464145
outer,26.76654426611552,298.7730695018225,-7.393960737699535e-05,0.011137247614378409,-0.0024812857174977207
outer,26.77466315927236,298.6895681562812,-5.283498454740961e-05,0.011174700300247586,-0.002637485766563652
outer,26.78277540939043,298.6058480946258,-3.0518510673540125e-05,0.011210991372641636,-0.0027926222560883873
outer,26.79088147213605,298.5219028182333,-6.986145054004023e-06,0.011246110541428822,-0.002946705489001598
outer,27.060494787377724,298.7730695018225,-3.86218699412761e-05,0.008308838745305018,-0.00214463578705547
outer,27.0678755993385,298.6895681562812,-1.6785659949623225e-05,0.00837058976452772,-0.002279854176730819
outer,27.07525037217313,298.60584809462586,6.27109590205753e-06,0.008430902852341538,-0.0024141968976961496
outer,27.082619520123686,298.5219028182333,3.0551019059207526e-05,0.008489769962137864,-0.0025476756737663276
outer,27.35444530863998,298.7730695018225,-7.1283749921162605e-06,0.00587913123657378,-0.001801252195026799
outer,27.361088039404635,298.68956815628115,1.5375300280482534e-05,0.0059600489598769495,-0.0019152566483747605
outer,27.367725334955832,298.60584809462586,3.909825509025447e-05,0.006039269973131001,-0.0020285977385175805
outer,27.374357568111318,298.5219028182333,6.404126272290195e-05,0.0061167893698189655,-0.002141288517290751
outer,27.648395829902185,298.7730695018225,2.0447104456757306e-05,0.003852557868596184,-0.0014524260884778092
outer,27.654300479470823,298.68956815628115,4.3483964416691015e-05,0.003947064963438769,-0.0015451271233332677
outer,27.660200297738477,298.6058480946258,6.772233678816646e-05,0.004039642356573992,-0.001637407156456742
outer,27.66609561609895,298.5219028182333,9.316042747089387e-05,0.00413028927431503,-0.00172928030465136
outer,27.94234635116439,298.7730695018225,4.393101479796568e-05,0.002230440610996992,-0.0011007839214202948
outer,27.94751291953696,298.68956815628115,6.723744087467612e-05,0.002332437950832487,-0.0011723327469932534
outer,27.952675260521175,298.6058480946258,9.169861048360624e-05,0.0024323105128728154,-0.0012437393218391777
outer,27.957833664086586,298.5219028182333,0.00011730898026243871,0.002530062920486252,-0.0013150183574781736
outer,28.236296872426642,298.7730695018225,6.294934918256478e-05,0.0010087329102383027,-0.0007512359526750823
outer,28.240725359603097,298.68956815628115,8.599606977366967e-05,0.0011115255711458705,-0.0008021854974671462
outer,28.245150223303877,298.6058480946258,0.00011009911269252621,0.0012120570727974112,-0.0008533145618627313
outer,28.249571712074165,298.52190281823334,0.00013524969975868572,0.0013103411446414733,-0.0009046368772688571
outer,28.530247393688846,298.7730695018225,7.636584493664439e-05,0.00017419903470855763,-0.0004127157361287189
outer,28.533937799669232,298.68956815628115,9.806504700663257e-05,0.00027048533296713303,-0.00044428788200481643
outer,28.537625186086522,298.6058480946258,0.00012065259191591809,0.00036448757663614555,-0.0004764017319258897
outer,28.5413097600618,298.5219028182333,0.0001441224301693485,0.00045623532149198997,-0.000509065183785687
outer,28.8241979149511,298.7730695018225,8.064164382965517e-05,-0.00030166576109479944,-0.00010141267544912436
outer,28.827150239735367,298.6895681562812,9.895477703667421e-05,-0.00021942492768732658,-0.0001158585880476177
outer,28.83010014886922,298.6058480946258,0.00011794559181431768,-0.0001392644436410204,-0.00013120829743724826
outer,28.833047808049432,298.52190281823334,0.00013761828517152875,-6.114042105458654e-05,-0.00014745622837013055
outer,29.118148436213303,298.7730695018225,6.812431921935267e-05,-0.000469783862930539,0.00015416523784835603
outer,29.120362679801506,298.68956815628115,7.9933912793869e-05,-0.00040805542407316156,0.00015331377265942047
outer,29.12257511165192,298.60584809462586,9.223401676482383e-05,-0.0003478827952771283,0.00015129839605721013
outer,29.124785856037064,298.5219028182333,0.00010503553808057146,-0.00028923193403856647,0.00014814030524426042
outer,29.412098957475507,298.7730695018225,3.2230594360233835e-05,-0.000407434523195553,0.0003085091725943623
outer,29.413575119867694,298.6895681562812,3.3696312438994e-05,-0.00036936973063229813,0.00031656290644958883
outer,29.41505007443462,298.6058480946258,3.547700754913597e-05,-0.00033212845589142254,0.0003234172181375368
outer,29.4165239040247,298.52190281823334,3.7579318593937704e-05,-0.00029571495066015404,0.00032909725674307643
outer,29.70604947873776,298.7730695018225,-5.4682239215677665e-06,-0.00021820756841152742,0.00030135876815914073
outer,29.70678755993383,298.6895681562812,-1.8861931446965572e-05,-0.0002017307469980864,0.00031259320008265683
outer,29.707525037217266,298.6058480946258,-3.2307318314572184e-05,-0.0001854849345861527,0.00032287842649374984
outer,29.708261952012332,298.5219028182333,-4.5787406689519586e-05,-0.00016949859680202704,0.0003322262767931308
outer,29.999999999999964,298.6895681562812,-4.027766501724016e-05,-0.00010026877142167542,0.00026060342867350765
outer,29.999999999999964,298.7730695018225,-1.825794539204076e-05,-0.00010715604932519919,0.00024926571325172746
outer,29.999999999999964,298.6058480946258,-6.262172751081245e-05,-9.340156705241324e-05,0.00027119147285110896
outer,29.999999999999964,298.52190281823334,-8.525837082215039e-05,-8.658315044259276e-05,0.0002810310588091901
