radius_мм,relative_angle_deg,sigma_rr_mpa,sigma_tt_mpa,radial_displacement_мм
249.99999999999994,-0.15000000000044866,-2.4610871691741867,0.25340047307943303,9.98008646483003
249.99999999999997,-4.579998741307465e-13,-2.4613793295689246,0.25340840382129104,9.999999999999938
249.99999999999997,0.14999999999958355,-2.4610871691752307,0.25340047307873187,10.02040727550185
250.36108906245173,-0.14999995116483808,-2.460898726976835,0.25472194127920583,9.916829737469675
250.36108906245173,-4.579998741307465e-13,-2.4611912731790797,0.25473084356494613,9.936736237555811
250.36108906245175,0.1499999511639221,-2.4608987269773794,0.2547219412790126,9.957150535014234
250.72204634796392,0.1499996095284322,-2.4605186312629406,0.25727299707148366,9.893868406619175
250.72204634796392,-0.1499996095293482,-2.4605186312623513,0.2572729970716416,9.853547700907873
250.72204634796392,-4.579998741307465e-13,-2.460811931211758,0.2572838039750537,9.87344706993251
251.0827407001136,-0.14999868336042518,-2.4601329052480323,0.2596414723639633,9.790267569068916
251.0827407001136,-4.579998741307465e-13,-2.460426922910586,0.25965410725898147,9.810159678073136
251.08274070011362,0.1499986833595092,-2.4601329052490306,0.2596414723633601,9.830588025821557
251.44304194038367,-0.14999688304546172,-2.4597431014459232,0.2618298045261076,9.72701633495081
251.44304194038367,-4.579998741307465e-13,-2.460037800182011,0.2618441914246991,9.746901022395285
251.44304194038367,0.14999688304454573,-2.4597431014464046,0.26182980452571775,9.767336307770154
251.80282077206346,0.14999392213057391,-2.4593507062414566,0.26384057981806863,9.704139953621004
251.80282077206346,-4.579998741307465e-13,-2.4596460488331413,0.26385664343531706,9.683697849005036
251.80282077206348,-0.1499939221314899,-2.459350706242052,0.2638405798177645,9.66382077670951
252.1619503778108,0.14998951832097462,-2.458957136603507,0.265676527064866,9.641025159941567
252.1619503778108,-0.14998951832183974,-2.4589571366045213,0.2656765270643082,9.600707166795186
252.1619503778108,-4.579998741307465e-13,-2.459253085284809,0.2656941928854401,9.620576398922513
252.52030648064007,0.1499833944312725,-2.45856373787773,0.26734050754495114,9.578017598289218
252.52030648064007,-4.579998741307465e-13,-2.458860254366414,0.26735970188991937,9.557562387516796
252.5203064806401,-0.1499833944321885,-2.458563737878091,0.26734050754493915,9.537701251273708
252.87776655467763,0.14997527932279406,-2.4581717821962923,0.26883550382337146,9.51514254523168
252.87776655467763,-4.579998741307465e-13,-2.458468827730269,0.268856153912355,9.494681134402958
252.87776655467766,-0.14997527932365917,-2.458171782196135,0.26883550382374444,9.474828379596202
253.23421165164513,-4.579998741307465e-13,-2.458080001771771,0.2701866461518689,9.431957234108072
253.23421165164513,0.14996490873765236,-2.457782466395017,0.27016461213721216,9.452424553176813
253.23421165164515,-0.14996490873856835,-2.457782466394392,0.27016461213798304,9.412113175204288
253.58952737853593,-4.579998741307465e-13,-2.4576948971222414,0.2713543778369731,9.369414376384263
253.58952737853596,0.14995202604889993,-2.4573969115063345,0.271331030690947,9.389887270821754
253.58952737853596,-0.14995202604976504,-2.4573969115059593,0.2713310306914322,9.349579355777676
253.94360007474253,-0.14993638313418897,-2.45701616234132,0.2723380480873647,9.287250399358745
253.94360007474253,-4.579998741307465e-13,-2.4573145582345592,0.2723626386523632,9.307076012514406
253.94360007474253,0.14993638313327298,-2.4570161623411906,0.27233804808751544,9.327554109512171
254.2963244640667,-4.579998741307465e-13,-2.456939952910737,0.2732147995234069,9.244964002491233
254.29632446406674,-0.14991774072293526,-2.4566411870131897,0.27318903411387874,9.225148191657222
254.29632446406677,0.14991774072201924,-2.4566411870133003,0.27318903411402273,9.265446890641183
254.64759526118456,-4.579998741307465e-13,-2.456571973443361,0.27391429963555325,9.183100087796744
254.6475952611846,-0.14989586935165491,-2.456272878081457,0.2738874267643572,9.163294498543738
254.6475952611846,0.1498958693507898,-2.4562728780816903,0.2738874267646101,9.203587318398304
254.9973147744092,-4.579998741307465e-13,-2.4562114368224206,0.27446463627758466,9.121504548638827
254.99731477440923,0.1498705494818741,-2.4559120527567266,0.2744367220844546,9.141995637194174
254.99731477440923,-0.14987054948279008,-2.4559120527558806,0.27443672208458636,9.101709623441716
255.3453894236964,-0.1498415720792442,-2.455559454323957,0.27484046317117056,9.040413017045935
255.3453894236964,-4.579998741307465e-13,-2.455859086164832,0.27486935383601274,9.060196813804613
255.34538942369642,0.1498415720783282,-2.4555594543249546,0.27484046317094263,9.080691241533431
255.69172951189955,-4.579998741307465e-13,-2.4555155933037005,0.27513203155677735,8.999195498584854
255.69172951189955,-0.14980873899592106,-2.455215754741978,0.27510222793812467,8.97942331520318
255.69172951189955,0.14980873899505595,-2.4552157547418196,0.27510222793900113,9.019692714000522
256.03624984220113,-4.579998741307465e-13,-2.4551815598411024,0.27525627434091815,8.93851829436603
256.0362498422012,-0.14977186322709563,-2.4548815556845907,0.27522561991598093,8.918758228497117
256.0362498422012,0.1497718632262305,-2.4548815556842065,0.2752256199171251,8.959017714911043
256.3788725183539,-0.14973076876616426,-2.4545573902278877,0.27521425806822325,8.858434048276596
256.3788725183539,-4.579998741307465e-13,-2.454857518828892,0.27524570256088077,8.878181474569107
256.3788725183539,0.14973076876524827,-2.454557390228454,0.27521425806850086,8.898682488302413
256.7195235034939,-4.579998741307465e-13,-2.4545439380737792,0.2751039415419194,8.81820050060808
256.719523503494,-0.14968529104196596,-2.454243726156119,0.2750717662779779,8.798466252495574
256.71952350349403,0.14968529104104994,-2.4542437261575984,0.27507176627737384,8.838702467891073
257.0581336326452,-0.14963527687267703,-2.4539409691120846,0.2748017645580091,8.73886932791517
257.0581336326452,-4.579998741307465e-13,-2.4542412232881645,0.2748346127658849,8.7585898440538
257.05813363264525,0.14963527687176104,-2.4539409691126255,0.27480176455812444,8.779092099262138
257.39463784604703,-0.14958058457298312,-2.453649464610312,0.27440786010690554,8.679656906104247
257.39463784604703,-4.579998741307465e-13,-2.4539497201041933,0.274441324924322,8.699363122654884
257.3946378460471,0.1495805845720671,-2.453649464610369,0.27440786010729823,8.719864975898785
257.7289790675267,-4.579998741307465e-13,-2.453669716357478,0.2739276640188741,8.640532419469116
257.72897906752684,-0.1495210832060635,-2.453369500321328,0.273893637413006,8.620841082760522
257.72897906752684,0.1495210832051475,-2.4533695003219393,0.27389363741279515,8.661033158302267
258.0611045946872,-0.14945665291426716,-2.453101310938279,0.2732626535899284,8.562433055469597
258.0611045946872,0.14945665291335114,-2.4531013109389077,0.27326265358969287,8.60260781183985
258.0611045946872,-4.579998741307465e-13,-2.453401446947869,0.2732971886937707,8.582108920733782
258.3909610510459,-4.579998741307465e-13,-2.453145096382947,0.272553422155648,8.524103806000408
258.39096105104596,-0.1493871858440179,-2.4528450807206412,0.2725184303002073,8.504444013619564
258.39096105104596,0.1493871858431528,-2.4528450807218736,0.2725184302994175,8.544600096908065
258.7185097289765,-4.579998741307465e-13,-2.452900800845325,0.2716998436171176,8.466525552932708
258.7185097289765,-0.14931258272338505,-2.452600945560295,0.27166444520383254,8.446882443979037
258.7185097289766,0.14931258272251996,-2.452600945561442,0.2716644452030679,8.48701847359072
259.0437064042651,-4.579998741307465e-13,-2.452668652775902,0.2707398862276424,8.409383490258989
259.04370640426515,-0.14923275681742112,-2.452368997567274,0.2707041298926127,8.389757682710973
259.04370640426515,0.1492327568165051,-2.4523689975686667,0.2707041298915524,8.429872254736013
259.36651856211023,-0.14914762978041315,-2.452149287213821,0.26964086085836836,8.333076891527803
259.36651856211023,-4.579998741307465e-13,-2.452448703012969,0.2696769280400701,8.352684773014671
259.36651856211023,0.14914762977949717,-2.4521492872147705,0.26964086085765704,8.373168580996651
259.68691560852835,-0.14905713346406638,-2.451941826537873,0.2684779552670135,8.276846782098588
259.68691560852835,-4.579998741307465e-13,-2.4522409639971556,0.2685142877796781,8.296436107388285
259.6869156085284,0.14905713346315036,-2.4519418265380972,0.2684779552668762,8.31691414572309
260.0048706115035,-4.579998741307465e-13,-2.4520454135801923,0.2672552242708538,8.240643448578247
260.0048706115035,0.14896120917946265,-2.45174659295429,0.26721867038881886,8.261114892759638
260.0048706115036,-0.14896120918037864,-2.4517465929548763,0.2672186703883667,8.22107331404325
260.32036104622546,-0.14885980706395213,-2.4515635315422264,0.265866197269939,8.165761568535183
260.32036104622546,-4.579998741307465e-13,-2.451861997306514,0.2659029301092276,8.185311874292939
260.32036104622546,0.14885980706303611,-2.4515635315414332,0.2658661972704294,8.205775889875573
260.63336868349967,-4.579998741307465e-13,-2.4516906311406523,0.26446052712012247,8.130445609002662
260.6333686834997,-0.14875288561155067,-2.451392557770899,0.26442365619687863,8.110915772613371
260.6333686834997,0.14875288561063468,-2.4513925577702023,0.2644236561971488,8.150901352953607
260.94387946768126,-4.579998741307465e-13,-2.4515312049623783,0.26293107028063145,8.07604805015735
260.9438794676813,-0.14864041120354088,-2.4512335609971707,0.2628941006206747,8.0565393254619
260.9438794676813,0.1486404112026249,-2.4512335609960845,0.2628941006211116,8.096494672140686
261.2518778257766,-0.14852235980205378,-2.451086406545043,0.26128051123769175,8.002635799088127
261.2518778257766,-4.579998741307465e-13,-2.451383584645942,0.26131754179725475,8.022122769202277
261.25187782577666,0.14852235980118866,-2.4510864065452944,0.2612805112366568,8.042559412982651
261.5573606234827,-0.148398711193672,-2.4509509377184595,0.2595857888168757,7.949206500148509
261.5573606234827,-4.579998741307465e-13,-2.4512476140614394,0.25962284393603335,7.968671072363562
261.55736062348274,0.14839871119275602,-2.4509509377188676,0.259585788815513,7.989096876702469
261.86031882543926,-0.1482694555263603,-2.450826978906133,0.25781275963325595,7.896253684296735
261.86031882543926,-4.579998741307465e-13,-2.4511231181896864,0.25784980444680033,7.9156952162271415
261.86031882543926,0.1482694555254952,-2.4508269789055146,0.2578127596328402,7.936109316305554
262.1607538683808,-4.579998741307465e-13,-2.451009905183181,0.2560011740088524,7.863195547076392
262.1607538683809,-0.1481345862694985,-2.450714337651166,0.2559641729125896,7.843777696775819
262.1607538683809,0.14813458626863338,-2.450714337650495,0.25596417291237783,7.8835970752793845
262.4586637675904,-4.579998741307465e-13,-2.4509077687163474,0.2540796312534879,7.811172935200344
262.4586637675904,0.1479941055825559,-2.450612807002121,0.25404270585140637,7.831561022360381
262.45866376759045,-0.14799410558347192,-2.4506128070025364,0.2540427058516542,7.791779405741465
262.7540508682784,-4.579998741307465e-13,-2.450816489608417,0.2520877777255448,7.759627423492518
262.75405086827845,-0.14784802060870222,-2.4505221671383106,0.2520509585859324,7.740258851502539
262.75405086827845,0.1478480206077862,-2.450522167137654,0.2520509585861735,7.780001199776737
263.0469224609492,-4.579998741307465e-13,-2.450735837348626,0.2500281296587883,7.708558125604834
263.04692246094925,-0.1476963424603883,-2.4504421868933233,0.2499914459684034,7.689215144815467
263.04692246094925,0.1476963424595232,-2.45044218689332,0.24999144596837247,7.728916721272705
263.3372862411449,-0.14753908796880424,-2.450372626182631,0.24786661296054724,7.638647263289557
263.3372862411449,-4.579998741307465e-13,-2.4506655725161455,0.24790313337304482,7.657964022672672
263.33728624114497,0.14753908796793913,-2.450372626182016,0.24786661296136503,7.678306568981566
263.625149147439,-4.579998741307465e-13,-2.450605448138967,0.24571516405433336,7.607844168511507
263.62514914743906,-0.14737628010478104,-2.4503132373588117,0.2456788334168107,7.588554256504851
263.62514914743906,0.14737628010391593,-2.450313237358098,0.24567883341789426,7.628169798658058
263.9105248644104,-4.579998741307465e-13,-2.450555210688967,0.2434665084400711,7.558196386873991
263.91052486441043,0.14720794335925133,-2.450263766214051,0.24343039277469908,7.5785042364404855
263.9105248644105,-0.14720794336011644,-2.4502637662131193,0.2434303927750063,7.538933944016207
264.19342898348225,-0.1470341057575327,-2.4502239539064306,0.24112350832260682,7.489783763044564
264.19342898348225,-4.579998741307465e-13,-2.4505146020119515,0.24115938509235318,7.509018119502624
264.1934289834823,0.14703410575661668,-2.4502239539081687,0.24112350832163465,7.529307327082396
264.47387059019127,-4.579998741307465e-13,-2.450483360480336,0.23879594654979858,7.460307890611937
264.4738705901913,-0.1468548038924411,-2.45019353811424,0.23876033135503721,7.441102232139949
264.4738705901913,0.14685480389157599,-2.4501935381154087,0.23876033135455457,7.480577598970861
264.75187264799274,-4.579998741307465e-13,-2.450461221841285,0.23637826670718246,7.412061768547315
264.7518726479928,0.146670069746464,-2.4501722538889275,0.23634293455554964,7.432311124345674
264.7518726479928,-0.1466700697473291,-2.450172253889,0.236342934555008,7.392885414945191
265.02744644649954,-4.579998741307465e-13,-2.4504479204607463,0.23390835812400948,7.364277806984156
265.0274464464996,-0.146479946692851,-2.45015983489659,0.2338733292959514,7.345131358821304
265.0274464464996,0.14647994669198589,-2.450159834895256,0.23387332929761662,7.384505962226068
265.3006142000731,0.14628447431581879,-2.4501560142122933,0.2313534513539291,7.337158236868161
265.3006142000731,-0.1462844743166839,-2.4501560142133534,0.23135345135250926,7.297836177383066
265.3006142000731,-4.579998741307465e-13,-2.450443190116386,0.23138815772390423,7.3169521250626355
265.5713959008471,-4.579998741307465e-13,-2.450446764920731,0.22881953003112898,7.270081192454802
265.5713959008471,-0.14608369674329902,-2.4501605252540313,0.22878516412901362,7.250996334230774
265.57139590084716,0.1460836967424339,-2.4501605252542045,0.22878516412926325,7.290264423733034
265.8398119372517,-0.14587766068176264,-2.450173102539593,0.2261702745973405,7.204608191043408
265.8398119372517,-4.579998741307465e-13,-2.4504583800892967,0.22620428311215346,7.223661377156439
265.83981193725174,0.14587766068084662,-2.4501731025399516,0.22617027459749645,7.243820897055289
266.10588410148733,-4.579998741307465e-13,-2.450477772585228,0.22354415916513756,7.177688773823218
266.1058841014874,-0.1456664143716748,-2.450193482336925,0.2235105238969049,7.158667836067266
266.1058841014874,0.14566641437080968,-2.450193482337118,0.22351052389740603,7.197823758048234
266.3696354972071,-4.579998741307465e-13,-2.4505046816996856,0.22084083962999107,7.132159222755956
266.3696354972072,0.14545000728898083,-2.450221403244432,0.22080759243998624,7.152268853842904
266.36963549720724,-0.14545000728984595,-2.4502214032437135,0.22080759244000386,7.113171103133851
266.63108798131134,-4.579998741307465e-13,-2.450538849467598,0.21809595469496193,7.08706875381752
266.63108798131134,-0.14522849199496762,-2.45025660660492,0.21806310941380483,7.0681140152885815
266.6310879813114,0.1452284919941025,-2.4502566066043343,0.21806310941468812,7.107152221612716
266.8902640800386,-0.14500192241800078,-2.4502988372773467,0.2152786323421754,7.023492455848628
266.8902640800386,-4.579998741307465e-13,-2.4505800214281,0.21531106285113125,7.042413257236639
266.89026408003866,0.14500192241713566,-2.450298837275174,0.21527863234444408,7.0624697591717585
267.14719372530294,0.1447703474374044,-2.4503478438286503,0.2124556645334427,7.018216067474971
267.14719372530294,-4.579998741307465e-13,-2.4506279468283036,0.2124876683389394,6.998187326888908
267.147193725303,-0.14477034743826953,-2.4503478438292774,0.21245566453240705,6.979301012630002
267.401892812506,-0.14453382990999727,-2.4504033787057957,0.20959566871880358,6.9355366684584006
267.401892812506,-4.579998741307465e-13,-2.4506823787886254,0.20962723480538936,6.954387953650585
267.40189281250605,0.14453382990913216,-2.450403378706321,0.20959566871882604,6.974388146243482
267.65439443828706,-4.0711099922733015e-13,-2.4507430753071584,0.20673114798898196,6.911009151317675
267.6543944382871,-0.14429241812692986,-2.450465199249923,0.20670002976323956,6.892193431325929
267.6543944382871,0.14429241812606475,-2.4504651992500066,0.20670002976355667,6.930980016451018
267.9047217386784,-0.14404617039275658,-2.450533067133833,0.20377009719781466,6.849267006177311
267.9047217386784,-4.0711099922733015e-13,-2.4508097987176445,0.20380075826839578,6.868046632049748
267.90472173867846,0.14404617039189146,-2.4505330671329406,0.20377009719897746,6.887987398714542
268.1528964309452,-4.0711099922733015e-13,-2.4508823158484443,0.20083738351452712,6.825496335563232
268.15289643094525,-0.143795147483959,-2.450606748526493,0.20080718807214362,6.806753325228775
268.15289643094525,0.14379514748309388,-2.4506067485266922,0.2008071880723461,6.845406241587273
268.3989481319465,-4.0711099922733015e-13,-2.450960399199694,0.19784226635970695,6.783352834037412
268.3989481319465,0.14353940288744169,-2.450686015294869,0.1978125442263828,6.803231125254937
268.39894813194655,-0.1435394028883068,-2.4506860152946515,0.19781254422609723,6.764646954288337
268.6429023546195,-4.0711099922733015e-13,-2.4510438264854257,0.19481660410587157,6.741611393137055
268.64290235461954,-0.14327899453891652,-2.4507706445234776,0.19478736219878642,6.722943152055196
268.64290235461954,0.14327899453805143,-2.4507706445232156,0.19478736219956286,6.761457323989402
268.88478515718185,-4.0711099922733015e-13,-2.4511323804707295,0.19176156057411423,6.70026717545334
268.8847851571819,0.14301398009074615,-2.4508604183520477,0.19173280507706814,6.720080009007153
268.8847851571819,-0.14301398009156036,-2.4508604183509033,0.1917328050777017,6.681637074247731
269.1246222897052,-4.0711099922733015e-13,-2.4512258489645986,0.18867826695263334,6.6593153878608
269.12462228970526,-0.14274441768662519,-2.4509551239702754,0.18865000333717838,6.640723920845322
269.12462228970526,0.14274441768581095,-2.450955123971149,0.18865000333657841,6.679094395915977
269.36243675261613,0.1424703687123786,-2.4510545541703372,0.18554004153748954,6.63849616218316
269.36243675261613,-0.1424703687131928,-2.4510545541702564,0.18554004153755702,6.600199352813629
269.36243675261613,-4.0711099922733015e-13,-2.4513240253657806,0.18556780848468954,6.618751698639522
269.5982589555014,-4.0711099922733015e-13,-2.451426709397425,0.18243120462384727,6.578570506094418
269.5982589555015,0.14219188593646181,-2.451158508086416,0.18240393848029282,6.598279714253236
269.5982589555015,-0.14219188593732693,-2.4511585080867917,0.18240393848005085,6.5600577624134555
269.83211508406714,-4.0711099922733015e-13,-2.4515337055298083,0.17926945863972213,6.538766925305282
269.83211508406714,-0.1419090265615834,-2.4512667896049902,0.17924269680183116,6.520294258077441
269.83211508406714,0.1419090265607183,-2.4512667896049645,0.17924269680169477,6.558440175935147
270.0640254810039,-4.0711099922733015e-13,-2.4516448234038513,0.17608354857521638,6.499337060464475
270.0640254810039,0.1416218547421775,-2.4513792077840053,0.17605729393522124,6.518973661070633
270.06402548100397,-0.14162185474299172,-2.451379207783925,0.17605729393551317,6.4809049364016555
270.29402249456473,-4.0711099922733015e-13,-2.451759878978696,0.17287439166529506,6.4602749707618665
270.2940224945648,-0.14133041945262861,-2.451495578026396,0.1728486465353198,6.441883851154257
270.2940224945648,0.1413304194518144,-2.451495578025924,0.17284864653544552,6.479874236591469
270.52212740707466,-4.0711099922733015e-13,-2.45187869297322,0.16964288929179894,6.4215765944033665
270.5221274070747,-0.1410347828728317,-2.4516157204914135,0.169617655423705,6.403226933279896
270.5221274070747,0.14103478287201746,-2.4516157204911315,0.16961765542357451,6.441137850157175
270.74836586371396,-0.1407350012294466,-2.4517394608327017,0.1663651880406773,6.364929371029913
270.74836586371396,-4.0711099922733015e-13,-2.4520010915880053,0.16638990943055562,6.383237126037615
270.74836586371396,0.14073500122863236,-2.451739460832451,0.166365188040557,6.4027597051328655
270.9727652896358,-0.14043112759819584,-2.4518666307290746,0.16309206152941016,6.326986051460585
270.9727652896358,-4.0711099922733015e-13,-2.452126907026439,0.16311626973809118,6.345251458659973
270.97276528963584,0.14043112759738163,-2.451866630728559,0.1630920615295654,6.364734702841746
271.19534977848576,-4.0711099922733015e-13,-2.4522559762417657,0.1598227715251143,6.307615049930512
271.19534977848576,0.1401232186963081,-2.45199706660838,0.15979907671060478,6.327058309758559
271.1953497784858,-0.1401232186971223,-2.451997066609586,0.15979907670994165,6.289392425800555
271.41614356374606,-4.0711099922733015e-13,-2.452388141093483,0.15651019462978547,6.270323333843105
271.4161435637461,-0.1398113303291342,-2.4521306098178344,0.15648701294951767,6.252143921756783
271.4161435637462,0.13981133032832,-2.452130609817783,0.15648701294887052,6.28972596859026
271.6351709934395,-4.0711099922733015e-13,-2.452523248733596,0.1531792860312987,6.233371725870686
271.63517099343954,-0.1394955173134069,-2.4522671070053135,0.15315661677551426,6.215235948666037
271.63517099343954,0.1394955173125927,-2.452267107005096,0.15315661677469428,6.252733103409306
271.85245650588035,-4.0711099922733015e-13,-2.4526611515404326,0.14983076075174984,6.196755627876767
271.8524565058804,-0.1391758334229932,-2.4524064100597096,0.14980860278180297,6.17866390241208
271.8524565058804,0.13917583342217899,-2.4524064100575194,0.1498086027824833,6.216075124553843
272.0680246064571,-4.0711099922733015e-13,-2.452801707053418,0.14646530273952071,6.1604704327978395
272.0680246064571,0.1388523313274715,-2.452548376039295,0.14644365451049104,6.17974743330007
272.0680246064571,-0.1388523313283366,-2.452548376041052,0.14644365451038996,6.142423170113073
272.2818998454277,-4.0711099922733015e-13,-2.452944777523963,0.14308357383898512,6.1245115291020635
272.28189984542774,0.1385250625454665,-2.4526928667333983,0.1430624334145041,6.143745426311476
272.28189984542774,-0.13852506254628072,-2.4526928667359895,0.14306243341365169,6.106509134584551
272.4941047882329,0.13819408055624954,-2.4528397477390667,0.13966559776343482,6.108064837388636
272.4941047882329,-4.0711099922733015e-13,-2.453090229016454,0.1396862326937445,6.0888746421293725
272.49410478823296,-0.13819408055706378,-2.452839747742155,0.139665597761979,6.070917515251385
272.7046596600959,-4.0711099922733015e-13,-2.4532379329665877,0.13627390023294006,6.053555892346339
272.70465966009596,-0.1378594415989483,-2.4529888900412637,0.13625376813282486,6.035644426296945
272.70465966009596,0.1378594415980832,-2.45298889003968,0.13625376813321918,6.0727017958319855
272.91359389475497,-4.0711099922733015e-13,-2.4533877656784107,0.13284716420956522,6.018549859820778
272.913593894755,0.1375211860802454,-2.4531401695079693,0.13282753194354435,6.037650888451386
272.913593894755,-0.13752118608105962,-2.4531401695091546,0.13282753194314345,6.000684443668937
273.12092255500215,0.1371793763779426,-2.4532934660390042,0.12938746647475471,6.002909117843874
273.12092255500215,-4.0711099922733015e-13,-2.4535396074782043,0.12940660222651434,5.983853537492722
273.1209225550022,-0.13717937637875682,-2.4532934660414303,0.12938746647295785,5.966034553197641
273.3266762135601,-4.0711099922733015e-13,-2.45369334285652,0.12595277335195873,5.949461325869957
273.3266762135602,0.1368340483107852,-2.4534486637070994,0.1259341304954519,5.968470890648598
273.3266762135602,-0.13683404831159943,-2.4534486637078454,0.1259341304950566,5.931689151893788
273.53086722349354,-4.0711099922733015e-13,-2.4538488599726858,0.12248622917319624,5.915370676804798
273.53086722349354,-0.13648526689592638,-2.453605650252462,0.1224680753021975,5.8976456841532405
273.53086722349354,0.13648526689511217,-2.453605650252943,0.12246807530149416,5.9343336687381205
273.7335248366798,-4.0711099922733015e-13,-2.4540060526903753,0.11900746899067852,5.8815762232100415
273.7335248366798,-0.13613306744530917,-2.4537643191529406,0.11898979992718418,5.863898779456665
273.7335248366798,0.13613306744454584,-2.4537643191509932,0.11898979992862047,5.9004920910855505
273.9346693111679,-4.0711099922733015e-13,-2.454164818374813,0.11551697998809697,5.848074106325117
273.93466931116797,-0.13577749915743267,-2.4539245673845382,0.1154997913044093,5.830444573728527
273.93466931116797,0.13577749915661846,-2.4539245673832504,0.11549979130509892,5.866942306839871
274.13431942225253,-4.0711099922733015e-13,-2.454325056539684,0.11201527215813056,5.814860718450607
274.13431942225253,0.13541861278911518,-2.4540862940720145,0.11199855917844334,5.833680716422065
274.1343194222526,-0.13541861278992942,-2.454086294074072,0.11199855917714055,5.7972794537459205
274.33249530808314,-4.0711099922733015e-13,-2.4544866714473197,0.10850281820726745,5.781932229350799
274.33249530808314,-0.1350564555909315,-2.4542494031106714,0.10848657602400709,5.764399584222617
274.3324953080832,0.13505645559011725,-2.4542494031064948,0.1084865760272984,5.800703497246372
274.52921947104585,-4.0711099922733015e-13,-2.4546495719208963,0.10498005405333395,5.749284421935395
274.5292194710459,0.13469106917344237,-2.454413802957438,0.10496427755705955,5.768006439111127
274.5292194710459,-0.13469106917425658,-2.454413802959745,0.10496427755537399,5.731800743770947
274.72451179986473,0.134322498589841,-2.45457940527699,0.10143209134830064,5.735585772805263
274.72451179986473,-4.0711099922733015e-13,-2.4548136699608243,0.10144740747692566,5.716913519646683
274.7245117998648,-0.13432249859060433,-2.4545794052771317,0.10143209134858905,5.699479151070053
274.9183921033229,-0.1339507877801264,-2.4547461248814733,0.0978904372284969,5.667431044015007
274.9183921033229,0.13395078777936306,-2.4547461248816895,0.09789043722773752,5.703437748035149
274.9183921033229,-4.0711099922733015e-13,-2.4549788807290795,0.0979052984895257,5.684815764997788
275.1108801018788,-4.0711099922733015e-13,-2.45514512219298,0.09435414304522993,5.652987421239047
275.1108801018789,-0.13357597956006062,-2.454913879402164,0.0943397309734692,5.635652681383748
275.1108801018789,0.13357597955924638,-2.4549138794017935,0.09433973097310486,5.671558635088184
275.3019923799605,-0.13319812167048184,-2.4550825894786406,0.09078038085424794,5.604140845308788
275.3019923799605,-4.0711099922733015e-13,-2.4553123153260366,0.09079434957932131,5.621425275635104
275.30199237996055,0.1331981216696676,-2.4550825894794417,0.09078038085282994,5.639945228929611
275.4917493797304,-4.0711099922733015e-13,-2.4554803855345146,0.08722628709832421,5.590125483726616
275.49174937973044,0.13281725306412667,-2.4552521802061293,0.08721275572638075,5.6085936916053125
275.49174937973044,-0.1328172530649409,-2.4552521802049863,0.08721275572793544,5.572891687365117
275.6801714068265,-0.13243341149280524,-2.4554225805224634,0.08363719357074034,5.541901389413814
275.6801714068265,0.1324334114920419,-2.4554225805225887,0.08363719357034383,5.577500215123526
275.6801714068265,-4.0711099922733015e-13,-2.455649262052682,0.08365029371782601,5.559084231188208
275.86727777062595,-4.0711099922733015e-13,-2.4558188747260594,0.08006674133329664,5.528297875376771
275.867277770626,-0.13204663527573854,-2.455593719968597,0.08005406614920459,5.51116630491409
275.867277770626,0.13204663527492433,-2.4555937199685194,0.08005406614917814,5.546661163244473
276.0530790254181,-0.13165697981213337,-2.4557655309106563,0.07646374058671972,5.48068423027842
276.0530790254181,-4.0711099922733015e-13,-2.455989156228205,0.07647599719208444,5.497764218868921
276.0530790254182,0.13165697981137003,-2.455765530908949,0.07646374058828734,5.516074347271989
276.23760154618924,-4.0711099922733015e-13,-2.456160044006904,0.07287837244957573,5.467478469669307
276.2376015461893,0.13126446621303586,-2.455937950523352,0.07286652793672861,5.485734979255926
276.2376015461893,-0.1312644662137992,-2.45593795052509,0.0728665279350875,5.450450371881722
276.42085704831385,-0.13086914511124817,-2.4561109179288305,0.06926274161314828,5.420462347455238
276.42085704831385,0.13086914511043396,-2.456110917928733,0.06926274161327825,5.455640690537205
276.42085704831385,-4.0711099922733015e-13,-2.4563314774560254,0.06927418062501975,5.437438251052813
276.60286682184574,-4.0711099922733015e-13,-2.456503397732944,0.06566374371742463,5.407639621648473
276.6028668218458,0.13047104545455054,-2.45628437401016,0.0656527035288538,5.425787544841611
276.6028668218458,-0.13047104545531388,-2.45628437401003,0.06565270352895526,5.390716212942633
276.7836426187424,-4.0711099922733015e-13,-2.456675749108731,0.0620473618011919,5.378080208769943
276.7836426187425,0.1300702157169372,-2.4564582627751754,0.062036713674336795,5.396173177244658
276.7836426187425,-0.13007021571770053,-2.4564582627750555,0.06203671367441625,5.36120959039
276.9632069906605,-4.0711099922733015e-13,-2.4568484786599485,0.0584253162697608,5.348755879608741
276.9632069906606,0.12966667928500125,-2.456632531050745,0.05841505337660213,5.366793459254518
276.9632069906606,-0.12966667928576459,-2.4566325310500963,0.058415053377212395,5.331938345018936
277.1415711045627,-4.0711099922733015e-13,-2.4570215345189284,0.05479790383835859,5.319664368625199
277.14157110456273,0.12926048366951237,-2.4568071267175906,0.05478801927970753,5.337646132949315
277.14157110456273,-0.1292604836702757,-2.456807126716237,0.0547880192811123,5.302900206136456
277.31875215289244,-4.0711099922733015e-13,-2.4571948679130515,0.05116540044648652,5.290802431788235
277.3187521528925,0.12885166175664256,-2.4569820007620087,0.051155887267927455,5.308727959902267
277.3187521528925,-0.1288516617574059,-2.4569820007606515,0.05115588726949416,5.274091926475805
277.49476784547903,-4.0711099922733015e-13,-2.4573684333282557,0.04752804690843844,5.262166748546672
277.4947678454791,0.12844024383743488,-2.457157107440571,0.04751889811628087,5.28003562479972
277.4947678454791,-0.12844024383819821,-2.4571571074407363,0.04751889811654645,5.245510182581007
277.66963297410933,0.1280262656925697,-2.457332402054838,0.04387730636500887,5.2515662951382405
277.66963297410933,-3.562221243239139e-13,-2.457542186289377,0.04388609780834235,5.233754480412839
277.6696329741094,-0.12802626569333303,-2.4573324020555507,0.04387730636485286,5.2171521323306145
277.84336222808633,-3.562221243239139e-13,-2.457716083874423,0.040239811064450105,5.205562811541137
277.8433622280864,0.12760976221659942,-2.457507841462247,0.04023136989420288,5.223317160927134
277.8433622280864,-0.12760976221736275,-2.4575078414622276,0.04023136989492005,5.189014956354121
278.0159701917225,-3.562221243239139e-13,-2.4578900852766754,0.036589433971847676,5.177588949218806
278.01597019172254,0.12719076741916982,-2.4576833846352035,0.03658133597537361,5.1952854351788815
278.01597019172254,-0.12719076741993315,-2.4576833846356254,0.036581335975960604,5.161095858522083
278.18747134198816,-3.562221243239139e-13,-2.458064151741264,0.0329352034879059,5.149830124321632
278.1874713419882,0.126769314426852,-2.4578589926105923,0.03292744154455009,5.167468354364812
278.1874713419882,-0.12676931442756445,-2.4578589926110643,0.03292744154522171,5.1333920664012656
278.35788004631075,-3.562221243239139e-13,-2.4582382464879,0.029277346526046383,5.122283591736
278.3578800463108,-0.126345435486552,-2.4580346284050667,0.029269913503487007,5.105900831675882
278.3578800463108,0.12634543548583957,-2.4580346284048007,0.029269913502591033,5.1398631788370475
278.5272105605196,-3.562221243239139e-13,-2.4584123346414457,0.025616080238061674,5.094946630748384
278.5272105605196,0.12591916196576522,-2.458210256946796,0.025608968994857345,5.112467193218293
278.5272105605197,-0.12591916196647768,-2.4582102569477087,0.025608968995212516,5.078619430536335
278.6954770269317,-3.562221243239139e-13,-2.458586383177397,0.021951612278596364,5.067816545403552
278.6954770269317,-0.12549052436458613,-2.458385845025088,0.021944815675046272,5.051545164036545
278.69547702693177,0.1254905243638737,-2.458385845025197,0.021944815673830737,5.085277706760252
278.8626934725736,0.1250595523101615,-2.4585613612266033,0.018277651965251263,5.058292053672148
278.8626934725736,-0.12505955231087396,-2.458561361225597,0.01827765196702729,5.024675358421055
278.8626934725736,-3.562221243239139e-13,-2.4587603608654587,0.01828414106716105,5.0408906648326015
279.0288738075353,0.12462627457312742,-2.4587367758621053,0.014607667341295497,5.031507593420208
279.0288738075353,-3.562221243239139e-13,-2.4589342381894843,0.014613856067674957,5.0141663435519614
279.0288738075353,-0.12462627457383986,-2.458736775861988,0.014607667341956378,4.998007365423026
279.19403182345155,-3.562221243239139e-13,-2.459107986802671,0.010940947548564207,4.987640961734457
279.19403182345155,-0.12419071906669331,-2.458912060414231,0.01093505208450609,4.971538562534275
279.1940318234516,0.12419071906598086,-2.458912060412033,0.010935052086194082,5.004921710999435
279.35817950081565,-3.562221243239139e-13,-2.4592815784511797,0.007265628160647977,4.961312196554191
279.3581795008157,-0.1237529173905605,-2.459087186443453,0.007260018868986362,4.9452666237604745
279.3581795008157,0.12375291738979717,-2.4590871864410166,0.007260018870977179,4.978532088910043
279.52132665207273,0.12331290605836186,-2.4592621280327123,0.003582758596429979,4.952336762707138
279.52132665207273,-3.562221243239139e-13,-2.459454987384209,0.0035880887853402747,4.935178077563807
279.5213266520728,-0.1233129060590743,-2.459262128033507,0.0035827585959581415,4.919189574841699
279.6834912509384,-3.562221243239139e-13,-2.459628190865041,-9.152349873606312e-05,4.9092353331739895
279.68349125093846,-0.12287069848730546,-2.459436862304304,-9.658162299472263e-05,4.893304143363367
279.6834912509385,0.12287069848659302,-2.4594368623044542,-9.658162333184725e-05,4.926332463582137
279.84468309770403,-3.562221243239139e-13,-2.459801165468316,-0.0037730290925589377,4.8834820073901195
279.8446830977041,0.12242632903394653,-2.4596113656713356,-0.0037778221563826084,4.900517241225786
279.8446830977041,-0.12242632903465897,-2.4596113656721665,-0.0037778221571644764,4.86760836978023
280.00491267135254,-3.562221243239139e-13,-2.459973889619338,-0.00745625556201092,4.857916039866595
280.0049126713526,0.12197982941284256,-2.459785616410787,-0.007460790536763519,4.874889040602942
280.0049126713526,-0.12197982941355501,-2.4597856164126477,-0.007460790538797357,4.842100190532742
280.1641967113433,-0.12153121277159241,-2.459959594206316,-0.011145331277467209,4.816776552070512
280.1641967113433,-3.562221243239139e-13,-2.4601463431425654,-0.011141047465394719,4.832534377873264
280.16419671134344,0.12153121277087997,-2.4599595942066785,-0.0111453312771962,4.849444811697326
280.32254016992914,-3.562221243239139e-13,-2.4603185064992594,-0.014827236826773171,4.807335853171755
280.3225401699292,0.12108052438378897,-2.460133279368174,-0.014831276357416458,4.824183393456497
280.3225401699292,-0.12108052438450141,-2.4601332793655546,-0.01483127635583557,4.7916362811707405
280.47996146591794,0.12062777039299163,-2.460306654386514,-0.01851848423658373,4.7991014806964865
280.47996146591794,-3.562221243239139e-13,-2.4604903623062837,-0.018514682156790273,4.782317158860125
280.479961465918,-0.12062777039370408,-2.460306654383749,-0.018518484235102557,4.766676070998658
280.63646687272677,-3.562221243239139e-13,-2.4606618932489184,-0.022203228674630746,4.757476926021152
280.6364668727268,-0.12017299059603083,-2.460479701806941,-0.022206800083373134,4.741894548346338
280.6364668727268,0.12017299059531839,-2.4604797018103435,-0.02220680008522915,4.774197710906951
280.7920697327006,-3.562221243239139e-13,-2.460833084309421,-0.02589274297828515,4.732812667459919
280.79206973270067,0.11971620354887322,-2.4606524064961532,-0.025896090441351726,4.749469600326538
280.79206973270067,-0.11971620354958566,-2.4606524064918838,-0.025896090438715286,4.717289224463941
280.9467834400659,-3.562221243239139e-13,-2.461003920542407,-0.02958308792942369,4.708321895280649
280.94678344006593,-0.11925742642483474,-2.4608247533778194,-0.029586218107850375,4.692857610069654
280.946783440066,0.11925742642412229,-2.4608247533807037,-0.029586218109451935,4.724914664288928
281.1006122622181,-3.562221243239139e-13,-2.461174386727409,-0.03327409389787977,4.684003571110996
281.10061226221814,0.11879670261416193,-2.4609967271088418,-0.033277013404531645,4.700531871311407
281.10061226221814,-0.11879670261487438,-2.4609967271075477,-0.033277013403968415,4.668598662016467
281.25357176671895,-3.562221243239139e-13,-2.461344471337652,-0.036965650734087044,4.659854873796856
281.253571766719,0.11833404099111124,-2.4611683160467073,-0.03696836610682031,4.676318402292748
281.253571766719,-0.11833404099182368,-2.461168316047168,-0.03696836610749349,4.644509558818318
281.4056726240851,-3.562221243239139e-13,-2.4615141636515765,-0.04065765962504751,4.6358737634326435
281.4056726240852,0.11786946393360738,-2.4613395093697457,-0.040660177333410395,4.652272221260531
281.4056726240852,-0.11786946393431982,-2.4613395093709465,-0.04066017733458203,4.620588258487309
281.55692456985,-3.562221243239139e-13,-2.4616834516032493,-0.044349975231531835,4.612058352864597
281.55692456985,-0.11740299576775393,-2.4615102948997056,-0.04435230168099214,4.596832871528903
281.5569245698501,0.11740299576704148,-2.461510294897805,-0.04435230167922809,4.628391445258978
281.7073350945776,-3.562221243239139e-13,-2.4618523238670784,-0.04804244893879885,4.588407112642343
281.7073350945776,0.1169346669925767,-2.4616806611900843,-0.04804459046188371,4.604674549894227
281.70733509457773,-0.11693466699323825,-2.461680661191143,-0.048044590462978404,4.573241865350356
281.85691537702405,-3.562221243239139e-13,-2.462020771544903,-0.05173496844909413,4.564917937653013
281.85691537702405,0.11646449587372135,-2.46185059924311,-0.05173693130291418,4.581119433387339
281.85691537702405,-0.1164644958743829,-2.4618505992427644,-0.051736931303048385,4.549813133263472
282.00567620793356,-0.1159925008776919,-2.462020101243427,-0.05542922844300839,4.526544635662824
282.00567620793356,-3.562221243239139e-13,-2.4621887869126104,-0.055427438077770355,4.541588789901297
282.00567620793356,0.11599250087697946,-2.4620201012444305,-0.055429228442981905,4.55772406109681
282.1536269865463,-3.562221243239139e-13,-2.462356362292827,-0.05911974938594719,4.518417855232611
282.1536269865463,-0.11551870395118079,-2.4621891594220955,-0.05912137336681582,4.503434556328312
282.1536269865463,0.11551870395051922,-2.4621891594247005,-0.05912137336776268,4.534486622702256
282.3007770301982,-3.562221243239139e-13,-2.462523490515948,-0.06281179077181509,4.4954033372563655
282.3007770301983,0.11504312647097589,-2.4623577665179393,-0.06281325439345907,4.511405325559582
282.3007770301983,-0.11504312647168834,-2.4623577665152068,-0.06281325439269034,4.480481096869667
282.4471355742352,-3.562221243239139e-13,-2.4626901651875954,-0.0665034553246402,4.472543457345894
282.4471355742352,-0.11456578925006729,-2.462525916036684,-0.0665047645268867,4.457682476725754
282.44713557423523,0.11456578924940573,-2.4625259160385706,-0.06650476452680422,4.48847839470172
282.59271177196007,-3.562221243239139e-13,-2.4628563806705928,-0.07019464071520458,4.44983645463089
282.59271177196007,0.11408671253683296,-2.4626936022638453,-0.07019580135620127,4.465704072831857
282.5927117719601,-0.11408671253749451,-2.4626936022626023,-0.07019580135687244,4.435036933156137
282.73751469461075,0.11360591603061082,-2.462860820201191,-0.07388626693041088,4.443080620309612
282.73751469461075,-3.562221243239139e-13,-2.463022132054508,-0.07388524907616772,4.427280585982749
282.73751469461075,-0.11360591603127237,-2.4628608201987174,-0.07388626693001553,4.412542721225737
282.88155333136854,-3.562221243239139e-13,-2.4631874151292106,-0.07757518688775908,4.404874125993007
282.88155333136854,-0.11312341888088451,-2.4630275655564513,-0.07757606764159668,4.390198113782468
282.8815533313686,0.11312341888022295,-2.463027565558099,-0.07757606764104821,4.420606315130357
283.02483658939514,-0.11263923969461134,-2.4631938337724644,-0.08126509598193883,4.3680014014283275
283.02483658939514,-3.053332494204976e-13,-2.4633522254159637,-0.08126434672912418,4.382615366945294
283.02483658939514,0.11263923969394979,-2.4631938337733046,-0.08126509598048176,4.398279452898114
283.16737050633367,-3.053332494204976e-13,-2.463516558850067,-0.0849526157190762,4.360503050943057
283.16737050633367,-0.22430736101483245,-2.462888792693277,-0.08495509365058317,4.332443578236151
283.1673705063337,-0.11215340608796241,-2.4633596206976307,-0.08495323898379095,4.345951323424216
283.1673705063337,0.11215340608735175,-2.4633596207011927,-0.08495323898475361,4.376098780296938
283.1673705063337,0.2243073610141709,-2.462888792695325,-0.08495509364901818,4.392738523998747
283.3091651572955,-3.053332494204976e-13,-2.4636804135291843,-0.08863991672554242,4.338535297597231
283.3091651572956,0.11166593125235187,-2.4635249243686106,-0.08864041942822702,4.354062419482409
283.3091651572956,0.22333241841339918,-2.46305844359364,-0.08864191215505927,4.370627378547358
283.3091651572956,-0.11166593125301343,-2.4635249243627793,-0.08864041942521535,4.324045998379648
283.30916515729564,-0.22333241841406073,-2.4630584435891794,-0.08864191215428524,4.310594500924722
283.45023001768874,-0.1111768295064842,-2.463689743823855,-0.09232657874509118,4.302283643528037
283.45023001768874,-3.053332494204976e-13,-2.4638437885704394,-0.09232619128047331,4.316710325294548
283.4502300176888,-0.2223542220138428,-2.4632275965775072,-0.09232772553957125,4.288888523925715
283.4502300176888,0.11117682950582265,-2.4636897438269134,-0.0923265787456346,4.332168591536379
283.4502300176888,0.22235422201318125,-2.4632275965805692,-0.09232772553946093,4.348658458757711
283.5905736772244,-3.053332494204976e-13,-2.464006682428296,-0.09601135880747799,4.29502649477969
283.5905736772245,-0.11068611737784469,-2.46385407746947,-0.09601163627597412,4.280662618170046
283.5905736772245,-0.22137280487266045,-2.4633962498524267,-0.09601245286937274,4.267324006651211
283.5905736772245,0.11068611737718312,-2.4638540774693527,-0.09601163627390034,4.310415660202703
283.5905736772245,0.2213728048719989,-2.4633962498521513,-0.09601245286680758,4.3268301329280625
283.73020278689216,-0.1101938174621624,-2.464017922529067,-0.09969547703200432,4.2591815846687355
283.73020278689216,0.11019381746150085,-2.464017922530095,-0.09969547703143931,4.288802293918083
283.73020278689216,-3.053332494204976e-13,-2.4641690924151773,-0.09969530441562634,4.273482470642812
283.7302027868922,-0.22038821218054705,-2.463564400398675,-0.09969597887699516,4.245899610856993
283.7302027868922,0.2203882121798855,-2.463564400399849,-0.09969597887638473,4.305141074961331
283.869122705848,0.10969995638948384,-2.46418127816798,-0.10337800996216932,4.26732736393236
283.869122705848,0.2194004971975955,-2.4637320471714887,-0.10337821223643665,4.283590162176299
283.869122705848,-3.053332494204976e-13,-2.464331017762328,-0.10337793714258403,4.252077119724636
283.869122705848,-0.1096999563900945,-2.4641812781674544,-0.10337800996276048,4.237839407115481
283.869122705848,-0.21940049719825705,-2.463732047171694,-0.10337821223783818,4.224614199545247
284.00734610047397,-0.10920453406510477,-2.464344145790757,-0.10705919281685176,4.216633831690856
284.007346100474,-3.053332494204976e-13,-2.464492459922987,-0.10705921483499206,4.230808187543066
284.0073461004741,0.10920453406449411,-2.4643441457942403,-0.10705919281937015,4.245988616400117
284.0073461004741,-0.2184096597327181,-2.4638991914445856,-0.10705911041370507,4.203465520858859
284.0073461004741,0.2184096597320565,-2.46389919144497,-0.10705911041326535,4.262175142663878
284.1448788916374,-0.10870757357608644,-2.4645065246009485,-0.11073893654263739,4.195563645933579
284.1448788916374,0.10870757357542489,-2.46450652460603,-0.11073893654690743,4.224784845066523
284.1448788916374,-3.053332494204976e-13,-2.46465341816429,-0.11073904853399323,4.209674463946973
284.14487889163746,-0.2174157459614112,-2.4640658322170417,-0.11073858406817219,4.182452361612881
284.1448788916375,0.21741574596074964,-2.4640658322199767,-0.11073858407044856,4.240894815651697
284.28172538152495,-3.053332494204976e-13,-2.4648138930661965,-0.11441735177443055,4.188674989878066
284.281725381525,0.10820910342727233,-2.464668415115203,-0.11441715458390869,4.20371509552739
284.281725381525,-0.108209103427883,-2.4646684151127674,-0.11441715458196398,4.174627887777248
284.281725381525,0.21641881289305656,-2.4642319698094655,-0.11441654636490552,4.219748233035804
284.281725381525,-0.2164188128936672,-2.4642319698066975,-0.11441654636254896,4.161573758379099
284.41789935157186,-3.053332494204976e-13,-2.4649738860013475,-0.11809406467099369,4.1678073562061675
284.4178993515719,0.2154188470141134,-2.464397605398376,-0.11809293701568387,4.198732986207165
284.4178993515719,-0.10770911686311342,-2.464829818648927,-0.11809378694777391,4.153824149584266
284.4178993515719,-0.21541884701472405,-2.464397605396691,-0.11809293701420197,4.140827306181403
284.4178993515719,0.10770911686245187,-2.4648298186512054,-0.11809378694972984,4.182776958328678
284.5534005561423,0.10720765781164984,-2.4649907361326076,-0.1217687511499474,4.161970185857876
284.5534005561423,0.21441593618447868,-2.4645627397163286,-0.12176767325742156,4.177848836194868
284.5534005561423,-0.21441593618514024,-2.464562739714477,-0.12176767325570577,4.120212742431694
284.5534005561423,-3.053332494204976e-13,-2.465133397954297,-0.1217691048222137,4.14707130850199
284.5534005561423,-0.1072076578123114,-2.4649907361316425,-0.12176875114879611,4.133152171933349
284.6882431979526,0.10670471630670257,-2.4651511696544515,-0.12544198361033765,4.141292314207716
284.6882431979526,-3.053332494204976e-13,-2.465292431064383,-0.12544240875271498,4.1264643836487185
284.68824319795266,-0.10670471630731324,-2.465151169655342,-0.12544198361035183,4.112609493596729
284.68824319795266,-0.21341006046869015,-2.4647273747167824,-0.1254406912115799,4.099727608889982
284.68824319795266,0.21341006046802857,-2.464727374718611,-0.12544069121343507,4.157093319399911
284.82242868813,-3.053332494204976e-13,-2.4654509876931088,-0.12911391593259686,4.105986079354502
284.82242868813,0.21240129349984552,-2.46489151255813,-0.12911192998397977,4.136465946842454
284.82242868813,-0.10620032916596547,-2.465311121527854,-0.12911342370882492,4.092195608187913
284.82242868813,0.10620032916535481,-2.4653111215263395,-0.1291134237086129,4.120742846888512
284.82242868813006,-0.21240129350045617,-2.464891512557565,-0.12911192998304255,4.079371396783086
284.9559693158159,0.10569449184338271,-2.4654705938229955,-0.13278299805220292,4.100319624184714
284.9559693158159,-3.053332494204976e-13,-2.465609069967214,-0.13278355307225717,4.085634235942873
284.95596931581593,-0.21138962619193974,-2.4650551551606377,-0.13278131587332406,4.059141949942957
284.95596931581593,-0.10569449184399338,-2.4654705938255264,-0.13278299805322988,4.071908357212872
284.95596931581593,0.21138962619132906,-2.4650551551613185,-0.1327813158745607,4.115964559911315
285.0888658416496,-0.21037513526397195,-2.465218305358802,-0.1364487869468643,4.039038863619135
285.0888658416496,-3.053332494204976e-13,-2.465766680925473,-0.1364512586079147,4.065408455562518
285.08886584164964,0.10518724270137994,-2.4656295895311886,-0.13645064498404072,4.080022254253771
285.08886584164964,0.2103751352633613,-2.4652183053576975,-0.13644878694652773,4.0955887744788635
285.08886584164964,-0.10518724270199062,-2.4656295895342595,-0.1364506449856036,4.051747338517567
285.22113223364767,-3.053332494204976e-13,-2.4659238236287235,-0.14011697192637218,4.045306333302978
285.22113223364767,0.10467856918353441,-2.465788111677297,-0.14011630379562023,4.059848331002426
285.22113223364767,0.2093577956042671,-2.4653809660542763,-0.14011428219057673,4.075336184278564
285.2211322336477,-0.20935779560487774,-2.465380966057054,-0.14011428219247463,4.019059738295267
285.2211322336477,-0.10467856918414507,-2.4657881116790916,-0.14011630379617362,4.031710149383787
285.3527670874375,-0.10416851705690841,-2.4659461627775445,-0.14377989515251283,4.011796721107555
285.3527670874375,-3.053332494204976e-13,-2.466080500651029,-0.14378061378683138,4.025327805719424
285.3527670874375,0.10416851705629775,-2.4659461627768398,-0.1437798951528791,4.039797798028935
285.35276708743754,-0.20833769874700062,-2.465543139600655,-0.14377772200086816,3.999204501792542
285.35276708743754,0.20833769874638997,-2.4655431395984753,-0.1437777219994475,4.055206741735769
285.48378321403607,-0.1036570767003495,-2.4661037481258963,-0.14744138724573863,3.992004836120175
285.48378321403607,0.10365707669973882,-2.4661037481247288,-0.14744138724569986,4.019868435178717
285.48378321403607,-3.053332494204976e-13,-2.4662367173242252,-0.14744215248597708,4.005470653438241
285.4837832140361,0.2073148254499694,-2.465704831193141,-0.1474390742595443,4.035198226939046
285.4837832140361,-0.20731482545058008,-2.4657048311953784,-0.1474390742610944,3.979470939371302
285.6141865097547,-3.053332494204976e-13,-2.466392476802448,-0.1511015282621631,3.985733711992971
285.6141865097547,0.10314426445096761,-2.4662608708378757,-0.15110072022148022,4.000059080862394
285.6141865097547,0.20628920838912357,-2.465866043826779,-0.15109827882980897,4.015309482538889
285.6141865097547,-0.10314426445157827,-2.466260870838558,-0.15110072022110643,3.972333328440775
285.61418650975475,-0.20628920838968334,-2.4658660438281315,-0.1510982788305496,3.9598578848991495
285.74397798033425,-0.10263011555287083,-2.466417533859813,-0.15475779956307406,3.952781771643071
285.74397798033425,-3.053332494204976e-13,-2.4665477820868205,-0.15475864669222936,3.966116558889082
285.74397798033425,0.10263011555231105,-2.466417533859387,-0.15475779956360808,3.980369318126993
285.7439779803343,-0.20526091804835378,-2.46602678026926,-0.15475524091340495,3.940364909628078
285.7439779803343,0.20526091804779398,-2.4660267802684634,-0.1547552409132432,3.9955400987335854
285.87316967911795,0.10211462102702254,-2.4665737436747004,-0.15841261105868482,3.9607970567026345
285.87316967911795,-0.1021146210276332,-2.4665737436741635,-0.15841261105734866,3.9333480778701677
285.87316967911795,-0.20422993647340335,-2.4661870469368874,-0.15840994599575786,3.9209899284016716
285.87316967911795,-3.053332494204976e-13,-2.4667026396843372,-0.15841349366214075,3.9466171045652603
285.873169679118,0.20422993647279267,-2.4661870469374416,-0.158409945996974,3.975887985540795
286.0017673097557,-3.053332494204976e-13,-2.4668570540172663,-0.16206602358766864,3.9272342243830587
286.00176730975573,0.10159779625550117,-2.466729504666788,-0.16206510902373703,3.941341174676083
286.00176730975573,0.20319629442451076,-2.4663468481094526,-0.16206234811096543,3.956352025088722
286.00176730975573,-0.10159779625606094,-2.4667295046652815,-0.1620651090215131,3.914031121074542
286.00176730975573,-0.2031962944251214,-2.4663468481074893,-0.16206234810825376,3.901731815079645
286.1297732637881,-3.053332494204976e-13,-2.4670110282402717,-0.1657161396206023,3.9079672951264732
286.12977326378814,-0.10107966954814403,-2.466884819938703,-0.16571519651902608,3.8948302749767474
286.12977326378814,-0.20216004852303,-2.466506186725425,-0.16571235003647053,3.8825899418023413
286.12977326378814,0.2021600485224193,-2.4665061867244096,-0.16571235003656357,3.936931604737152
286.12977326378814,0.10107966954758425,-2.466884819937172,-0.16571519651857694,3.922001053377755
286.2571950648626,0.20112121310461153,-2.4666650684168494,-0.16935990709244214,3.917625335211288
286.2571950648626,-3.053332494204976e-13,-2.4671645681181174,-0.1693637974635646,3.8888149232280376
286.2571950648626,-0.2011212131052222,-2.4666650684179525,-0.1693599070924438,3.8635629154408226
286.2571950648626,-0.1005602480730054,-2.467039695222831,-0.16936282915305392,3.875744145637149
286.25719506486263,0.10056024807244562,-2.4670396952210205,-0.16936282915251602,3.9027753007951094
286.3840401438269,-0.10003953864344406,-2.467194136998305,-0.17300798781832594,3.856771357902583
286.3840401438269,-3.053332494204976e-13,-2.467317680157079,-0.17300897810865676,3.8697757338669723
286.3840401438269,0.2000798017965837,-2.466823499594861,-0.17300499988477075,3.898431845854892
286.3840401438269,-0.20007980179719434,-2.4668234995935308,-0.17300499988257534,3.844649361676341
286.38404014382695,0.1000395386428334,-2.4671941369985535,-0.1730079878197679,3.8836625436062997
286.51031401373194,0.19903584267449137,-2.4669814857293924,-0.17664758451782378,3.8793500601665567
286.51031401373194,-3.053332494204976e-13,-2.467470369951747,-0.17665163803115003,3.8508486442578165
286.51031401373194,-0.09951755529756327,-2.4673481508324926,-0.1766506289009461,3.837910827728452
286.510314013732,-0.19903584267505114,-2.466981485728276,-0.1766475845159096,3.8258481964605333
286.510314013732,0.09951755529695261,-2.467348150833449,-0.17665062890289362,3.864661701540243
286.6360221420342,-3.053332494204976e-13,-2.4676226428854706,-0.18029172230787904,3.8320325816392256
286.6360221420343,0.09899431175149237,-2.4675017420719025,-0.1802906973835722,3.8457717042994113
286.6360221420343,-0.19798936317196725,-2.4671390320579687,-0.18028760568945656,3.807158345826147
286.6360221420343,0.19798936317140747,-2.46713903205927,-0.18028760569138497,3.8603789115531324
286.6360221420343,-0.09899431175205216,-2.467501742070809,-0.18029069738189302,3.819161481130104
286.7611699020152,-0.19694039049522166,-2.46729614324109,-0.18392499492678838,3.7885787530740975
286.7611699020152,-3.053332494204976e-13,-2.467774503772168,-0.1839291628346158,3.8133264905110886
286.76116990201524,0.09846982161011762,-2.467654915490164,-0.18392812506578096,3.8269914988264664
286.76116990201524,-0.0984698216106774,-2.4676549154897804,-0.1839281250652308,3.800522261393483
286.7611699020153,0.19694039049461098,-2.46729614324237,-0.1839249949285429,3.8415173506289073
286.88576063003245,-3.053332494204976e-13,-2.4679259581486397,-0.18756389789690725,3.7947296223443474
286.88576063003245,0.19588896809882464,-2.467452824661115,-0.18755969014623994,3.822764637367531
286.88576063003245,-0.09794410660090216,-2.46780767658529,-0.18756285014220678,3.7819924177348523
286.8857606300325,-0.19588896809938441,-2.467452824657955,-0.18755969014287133,3.7701086664972405
286.8857606300325,0.0979441066002915,-2.4678076765859913,-0.18756285014261775,3.808320340178127
287.0098022282531,0.09741716871868988,-2.467960032440186,-0.191194846792358,3.7897568020063646
287.0098022282531,0.19483509997699308,-2.46760908332712,-0.19119166524009854,3.8041193472620667
287.0098022282531,-2.5444437451708134e-13,-2.468077013119234,-0.19119590176761445,3.77624054999836
287.00980222825314,-0.19483509997755288,-2.467609083326009,-0.19119166523868383,3.751746660515359
287.00980222825314,-0.09741716871924966,-2.4679600324393927,-0.1911948467921774,3.7635705232694465
287.13329997769915,-2.5444437451708134e-13,-2.4682276754718564,-0.19482514680174487,3.757858241513684
287.1332999776992,0.19377881103026418,-2.4677649259415184,-0.19482089220930682,3.7855804540659443
287.1332999776992,-0.0968890204163447,-2.4681119898211263,-0.19482408728378398,3.7452555449559672
287.1332999776992,0.09688902041578493,-2.4681119898195103,-0.19482408728159187,3.7712998546166037
287.1332999776992,-0.19377881103082398,-2.4677649259453855,-0.194820892212502,3.7334917021883913
287.2562591148509,-2.5444437451708134e-13,-2.468377951588353,-0.19845158873383725,3.739581674691072
287.2562591148509,0.09635967383915818,-2.468263555073185,-0.19845052725110077,3.752948478026848
287.2562591148509,-0.09635967383971795,-2.4682635550757497,-0.19845052725426757,3.7270464595470605
287.25625911485093,0.19272012555349569,-2.467920358762688,-0.19844732641956883,3.767146941183571
287.25625911485093,-0.19272012555405546,-2.467920358765437,-0.1984473264217514,3.7153427683901845
287.37868483186224,-2.5444437451708134e-13,-2.468527848013194,-0.20207518521982404,3.7214098370375632
287.3786848318623,0.09582914083691015,-2.468414734717815,-0.20207412426722343,3.7347016619142974
287.3786848318623,-0.09582914083746992,-2.4684147347196745,-0.20207412426977708,3.7089422535351075
287.3786848318623,-0.19165906724309217,-2.4680753882190913,-0.20207092516302944,3.6972988457541245
287.37868483186236,0.1916590672425324,-2.4680753882190496,-0.20207092516337755,3.7488178016178226
287.5005822767801,-2.5444437451708134e-13,-2.4686773714498544,-0.20569589579882103,3.703341725711788
287.50058227678016,0.19059565920158508,-2.4682300209121744,-0.2056916476279949,3.7305920379166793
287.50058227678016,-0.09529743296162967,-2.468565535435124,-0.20569483778532266,3.6909419230971237
287.50058227678016,-0.19059565920214488,-2.468230020913623,-0.2056916476288828,3.6793589306176675
287.50058227678016,0.09529743296112078,-2.468565535433092,-0.20569483778281852,3.716558405561217
287.621956553767,0.09476456147166608,-2.4687159640484158,-0.20931262909013212,3.698517717799889
287.621956553767,-2.5444437451708134e-13,-2.4688265287535778,-0.20931368185164673,3.685376347468303
287.621956553767,-0.18952992395076204,-2.4683842635972613,-0.20930945484303073,3.661522028966139
287.621956553767,-0.09476456147217498,-2.468715964050484,-0.20931262909235437,3.6730444740386603
287.62195655376706,0.18952992395025314,-2.468384263595009,-0.20930945484143498,3.7124686621187877
287.74281272332763,0.09423053733978039,-2.4688660275398537,-0.2129274612841922,3.680578616956509
287.74281272332763,-2.5444437451708134e-13,-2.468975326927392,-0.21292850656286452,3.667512718601009
287.74281272332763,0.18846188343075074,-2.4685381231666486,-0.21292430963385017,3.694446695698337
287.74281272332763,-0.09423053734034016,-2.468866027540066,-0.2129274612844915,3.6552489217367894
287.7428127233277,-0.1884618834313105,-2.468538123167891,-0.21292430963449385,3.643787156375555
287.86315580253836,-0.18739155901584556,-2.4686916066715296,-0.21653617660269356,3.6261533379546935
287.86315580253836,-2.5444437451708134e-13,-2.4691237731097946,-0.21654033487586033,3.6497498648857807
287.8631558025384,0.18739155901533666,-2.4686916066699607,-0.216536176601763,3.6765251695089938
287.8631558025384,0.09369537125166942,-2.4690157330203086,-0.2165392992202263,3.662740130794559
287.8631558025384,-0.0936953712522292,-2.4690157330205893,-0.21653929922052076,3.637554291082502
287.98299076528025,-2.5444437451708134e-13,-2.46927187381185,-0.2201491189302227,3.6320868215223183
287.98299076528025,0.18631897151333698,-2.468844720504367,-0.22014500753914096,3.6587031237271073
287.98299076528025,-0.09315907361258143,-2.4691650869749977,-0.2201480949535493,3.6199596164220162
287.98299076528025,-0.18631897151384588,-2.4688447205039967,-0.22014500753825142,3.608619608286227
287.9829907652803,0.09315907361207254,-2.4691650869739448,-0.22014809495239746,3.6450012964571035
288.102320633383,-2.5444437451708134e-13,-2.46941963562189,-0.22375480558073924,3.614522913874081
288.102320633383,0.09262166317262414,-2.4693140959606086,-0.22375379525327044,3.627361442426173
288.102320633383,-0.09262166317313304,-2.469314095960276,-0.2237537952533983,3.6024642211967963
288.10232063338304,0.18524415842776606,-2.4689974711342737,-0.2237507489618582,3.640979891149847
288.10232063338304,-0.18524415842832584,-2.468997471133361,-0.22375074896040878,3.5911852900863908
288.2211512845019,0.09208314544972918,-2.4694627678319363,-0.22735637416126042,3.6098194773026075
288.2211512845019,-0.09208314545023806,-2.4694627678314425,-0.22735637416140994,3.5850670125248767
288.2211512845019,-2.5444437451708134e-13,-2.4695670664135334,-0.2273573689527258,3.5970570492980927
288.22115128450196,-0.18416713079189176,-2.4691498663574936,-0.22735337465750757,3.573849291239087
288.22115128450196,0.18416713079138286,-2.469149866356744,-0.22735337465750458,3.623354382626757
288.3394880669454,-2.5444437451708134e-13,-2.4697141743283217,-0.23095679549524903,3.5796882166253665
288.3394880669455,-0.18308790332623712,-2.4693019142483577,-0.23095287073875095,3.5566106006406457
288.3394880669455,0.18308790332567734,-2.469301914246834,-0.23095287073815524,3.6058255910113823
288.3394880669455,-0.09154352780471782,-2.469611110713073,-0.230955818041961,3.567766978758939
288.3394880669455,0.09154352780420894,-2.4696111107134104,-0.2309558180417749,3.592374391417729
288.4573357897524,-2.5444437451708134e-13,-2.46986096718276,-0.23455306213064117,3.5624154870853513
288.4573357897524,0.18200649467969193,-2.4694536225552937,-0.2345492138063469,3.588392592121334
288.45733578975245,0.09100281956058463,-2.469759132406007,-0.23455210373810229,3.5750252577746298
288.45733578975245,-0.09100281956109352,-2.469759132406942,-0.23455210373911434,3.55056319039559
288.4573357897525,-0.1820064946802008,-2.469453622557373,-0.23454921380726163,3.539468289095753
288.57469921992674,0.18092292297444607,-2.4696049990093023,-0.2381423782665936,3.5710544708142797
288.57469921992674,-0.18092292297495496,-2.4696049990118296,-0.23814237826781015,3.522421436591079
288.57469921992674,-2.5444437451708134e-13,-2.4700074527875047,-0.23814614359387373,3.545237941042113
288.5746992199268,-0.09046102978007846,-2.469906840699466,-0.238145205902482,3.5334547270956307
288.5746992199268,0.09046102977951868,-2.4699068406969116,-0.23814520590021598,3.5577711584696767
288.6915830826859,0.08991816726132598,-2.4700542417616567,-0.2417350681772739,3.5406111846311683
288.6915830826859,-2.5444437451708134e-13,-2.470153637344902,-0.24173598361331272,3.5281546679324403
288.6915830826859,0.17983720581041696,-2.469756049689752,-0.24173230751707003,3.5538103209274685
288.69158308268595,-0.08991816726183487,-2.470054241763539,-0.24173506817885715,3.5164406776218
288.69158308268595,-0.17983720581092585,-2.469756049691636,-0.24173230751779665,3.5054691322327667
288.8079878720859,0.17874939954428554,-2.4699067810560984,-0.24531893811410724,3.536659862082189
288.8079878720859,-0.17874939954479444,-2.4699067810561397,-0.24531893811330469,3.4886110804931887
288.8079878720859,-2.5444437451708134e-13,-2.470299527442596,-0.24532251904938435,3.5111653772511695
288.80798787208596,0.08937426018449969,-2.4702013421556197,-0.24532162735349688,3.5235450501791905
288.80798787208596,-0.08937426018495769,-2.470201342154484,-0.24532162735232696,3.4995207483196675
288.92392133203987,0.08882930256929167,-2.470348151200251,-0.24890488311722173,3.5065714078077512
288.92392133203987,-0.08882930256980055,-2.4703481512006302,-0.24890488311749145,3.482693593490622
288.92392133203987,-2.5444437451708134e-13,-2.4704451324162253,-0.2489057496747868,3.494268722097096
288.9239213320399,-0.1776594922172171,-2.470057202406779,-0.24890226950978211,3.47184593767415
288.9239213320399,0.1776594922167082,-2.470057202405882,-0.24890226950967775,3.5196017473655266
289.03938876713386,-2.5444437451708134e-13,-2.470590461354029,-0.25248568723252296,3.4774637158068487
289.0393887671339,-0.08828329921279258,-2.470494677983806,-0.25248484714088637,3.465958226296099
289.0393887671339,0.0882832992122837,-2.470494677981859,-0.2524848471391336,3.4896892719676575
289.0393887671339,0.17656749342064498,-2.470207322804687,-0.2524823131432462,3.5026349932814114
289.0393887671339,-0.17656749342115388,-2.4702073228056354,-0.25248231314356084,3.4551727177009455
289.1543943464388,0.17547342254429923,-2.4703571478921695,-0.2560590053391321,3.4857587861600945
289.1543943464388,-2.5444437451708134e-13,-2.4707355200216505,-0.256062268358046,3.460749540107205
289.15439434643883,-0.17547342254475723,-2.4703571478931425,-0.25605900533967596,3.4385906016921823
289.1543943464389,-0.0877362598081118,-2.4706409282369237,-0.25606145597918833,3.4493138276593958
289.1543943464389,0.08773625980760291,-2.470640928236752,-0.25606145597892466,3.472897826188016
289.26893694172054,-2.5444437451708134e-13,-2.470880315334621,-0.2596354291742309,3.4441261475351084
289.2689369417206,0.17437734902767807,-2.470506684442079,-0.25963228192646703,3.468973090537957
289.2689369417206,-0.17437734902818697,-2.4705066844438823,-0.259632281927903,3.422099535518458
289.2689369417206,-0.0871882190760162,-2.4707869088412493,-0.2596346456830393,3.4327603461175955
289.2689369417206,0.0871882190755582,-2.4707869088408385,-0.2596346456823603,3.4561970283389134
289.3830267187461,0.0866391574231185,-2.4709326303806662,-0.2632044438981512,3.439585191232945
289.3830267187461,-2.5444437451708134e-13,-2.4710248578739114,-0.26320519740220805,3.427591853245145
289.3830267187461,-0.1732792336856354,-2.4706559430507564,-0.2632021703295162,3.4056978407664613
289.3830267187462,0.1732792336851265,-2.4706559430509345,-0.2632021703298569,3.4522762174684245
289.3830267187462,-0.0866391574235765,-2.470932630380164,-0.2632044438980176,3.4162960997499763
289.4966679948303,0.17217909198116294,-2.4708049301024055,-0.26676863990130173,3.4356673393768373
289.4966679948303,-2.5444437451708134e-13,-2.4711691541090453,-0.2667715426927147,3.4111458256836937
289.4966679948304,0.08608908258259393,-2.471078099303144,-0.2667708202013241,3.423061484830835
289.4966679948304,-0.17217909198162093,-2.470804930102257,-0.2667686399010368,3.38938468570457
289.4966679948304,-0.08608908258310281,-2.4710780993023143,-0.26677082020069526,3.3999202564388
289.609857873301,-2.5444437451708134e-13,-2.4713132107077764,-0.2703343917187036,3.394788277813492
289.609857873301,-0.08553803709474299,-2.471223322236622,-0.27033370119523054,3.38363302413737
289.60985787330105,0.17107700899557418,-2.470953652112001,-0.27033161704060776,3.41914668349311
289.60985787330105,-0.1710770089960322,-2.4709536521113633,-0.27033161703993003,3.373160274692871
289.60985787330105,0.085538037094285,-2.471223322240232,-0.2703337011986792,3.4066261285209536
289.72260780999534,-2.5444437451708134e-13,-2.471457037628082,-0.2738937604214332,3.378517349689333
289.72260780999534,-0.08498599341611483,-2.471368309143437,-0.27389310275227,3.367432546829911
289.7226078099954,-0.16997292964430832,-2.4711021190366838,-0.2738911173962145,3.3570227561003443
289.7226078099954,0.16997292964379945,-2.4711021190390587,-0.27389111739852273,3.40271238337927
289.7226078099954,0.08498599341560595,-2.4713683091482253,-0.2738931027571426,3.3902772588839585
289.8349188704318,-2.5444437451708134e-13,-2.4716006419024836,-0.2774496244944701,3.362332686204727
289.8349188704318,-0.16886689903475519,-2.4712503378282564,-0.2774471163914505,3.340971771018162
289.8349188704318,0.16886689903429716,-2.471250337830534,-0.2774471163937775,3.3863640922518567
289.83491887043186,0.08443297410101502,-2.4715130670372716,-0.2774490005007272,3.374014524409839
289.83491887043186,-0.08443297410147302,-2.47151306703398,-0.27744900049687676,3.351318466943669
289.94679323882025,0.1677589510574805,-2.471398316825555,-0.2809995821160947,3.370101300896137
289.94679323882025,-2.5444437451708134e-13,-2.4717440319556623,-0.28100195229373737,3.3462337714979578
289.94679323882025,0.08387899609579512,-2.4716576043136036,-0.28100136272147813,3.3578374120373975
289.94679323882025,-0.1677589510579385,-2.4713983168251135,-0.28099958211531334,3.325006801121658
289.9467932388203,-0.08387899609625313,-2.4716576043116985,-0.2810013627187413,3.3352902668624442
290.05823989508576,-0.16664905137765865,-2.4715460633375166,-0.2845484935630381,3.3091263615222712
290.05823989508576,-2.5444437451708134e-13,-2.471887215156391,-0.28455072309791646,3.3302191149074347
290.0582398950858,0.08332404223177009,-2.4718019283296817,-0.2845501686257833,3.3417444290871248
290.0582398950858,-0.08332404223222808,-2.4718019283302888,-0.28455016862532173,3.3193464585216477
290.0582398950859,0.16664905137720065,-2.471546063335199,-0.28454849356141043,3.3539225151938505
290.16925434459404,-2.5444437451708134e-13,-2.4720301991883518,-0.2880958970787177,3.3142891645242845
290.16925434459404,-0.1655372991032055,-2.4716935849358537,-0.2880938106646691,3.2933308899338662
290.1692543445941,-0.0827681620644245,-2.471946046744426,-0.28809537832732884,3.303487484087887
290.1692543445941,0.1655372991027475,-2.471693584930533,-0.2880938106604019,3.3378281994999353
290.1692543445941,0.0827681620639665,-2.471946046742103,-0.2880953783261374,3.3257360310463024
290.2798494853285,-2.5444437451708134e-13,-2.4721729925133777,-0.29163746556957193,3.298441873625346
290.27984948532855,-0.08221131789395673,-2.472089968004455,-0.29163698308515545,3.2877113020504622
290.27984948532855,0.08221131789349874,-2.472089968002476,-0.2916369830840422,3.3098101662705597
290.27984948532855,-0.1644236188374693,-2.4718408900431417,-0.29163552446753865,3.2776183503492446
290.27984948532855,0.16442361883701131,-2.4718408900390405,-0.29163552446454777,3.3218162975401273
290.3900205875882,-2.0355549961366507e-13,-2.472315603040445,-0.29517540897987304,3.282677725810815
290.39002058758825,-0.16330811141807883,-2.471987986482184,-0.2951736151549417,3.2619892157515986
290.39002058758825,0.16330811141762083,-2.471987986480701,-0.29517361515455715,3.3058873094032437
290.39002058758825,0.08165356013958827,-2.4722336999971506,-0.29517496325160786,3.2939673258705193
290.39002058758825,-0.08165356014004628,-2.472233699998663,-0.2951749632525401,3.272018389967032
290.4997791546346,-0.08109485694814031,-2.472377250553482,-0.2987092942216482,3.2564069135703875
290.4997791546346,-2.0355549961366507e-13,-2.4724580386032255,-0.29870970276285647,3.2669948823520767
290.4997791546346,0.16219071313592845,-2.472134882040885,-0.2987080579218986,3.290039388518228
290.49977915463467,0.0810948569476823,-2.472377250552237,-0.2987092942209397,3.2782056670163007
290.49977915463467,-0.16219071313638644,-2.4721348820431537,-0.2987080579227238,3.2464416566950027
290.60912096335414,-0.1610715192613022,-2.4722815848604554,-0.3022388373583504,3.2309760754373085
290.60912096335414,-2.0355549961366507e-13,-2.472600307433413,-0.3022403317389659,3.2513937554812564
290.60912096335414,0.08053525595256664,-2.4725206278720577,-0.3022399607513956,3.2625256090498005
290.60912096335414,0.1610715192608442,-2.4722815848570385,-0.30223883735682827,3.2742729627516716
290.60912096335426,-0.08053525595302463,-2.4725206278735374,-0.30223996075213744,3.2408772793979055
290.71805791886914,-2.0355549961366507e-13,-2.4727424170559202,-0.3057672713442002,3.235872457035172
290.7180579188692,0.15995045968597113,-2.4724281024020955,-0.30576592863840985,3.258586135135028
290.7180579188692,-0.15995045968642913,-2.4724281024040553,-0.3057659286383106,3.2155905938548472
290.7180579188692,-0.07997472210122088,-2.472663839468788,-0.3057669382141843,3.225427604151992
290.71805791886925,0.07997472210081377,-2.4726638394689133,-0.30576693821504475,3.246925259250824
290.8265840082344,0.07941331201901927,-2.472806892712324,-0.3092901926798278,3.2314052943658518
290.8265840082344,-2.0355549961366507e-13,-2.4728843748691545,-0.3092904876994234,3.2204316553900925
290.8265840082344,0.15882764766383878,-2.4725744419613536,-0.3092892976774589,3.2429795923036377
290.8265840082344,-0.07941331201947727,-2.4728068927109073,-0.3092901926778585,3.210058549357527
290.8265840082345,-0.15882764766429677,-2.4725744419613567,-0.30928929767553853,3.200285868140113
290.934711521706,-2.0355549961366507e-13,-2.4730261898401498,-0.31280997943042166,3.2050694148430194
290.93471152170605,-0.0788509876112116,-2.472949796561626,-0.3128097227088617,3.194768184561516
290.93471152170605,0.15770300700199522,-2.472720612470558,-0.3128089428500224,3.2274513888329057
290.93471152170605,0.0788509876108045,-2.4729497965613305,-0.3128097227091373,3.2159637737013353
290.9347115217061,-0.1577030070024532,-2.4727206124715715,-0.31280894284920496,3.1850599733493805
291.04243780490674,-2.0355549961366507e-13,-2.4731678690312857,-0.3163257244922214,3.1897859277613714
291.0424378049068,-0.0782877878174052,-2.4730925580587555,-0.31632550620856026,3.179556697533067
291.0424378049068,0.07828778781694719,-2.473092558058365,-0.3163255062088402,3.2006008954939054
291.04243780490685,-0.1565766155820977,-2.472866620908581,-0.3163248419089514,3.1699130939243836
291.04243780490685,0.15657661558163968,-2.4728666209075065,-0.3163248419095969,3.212001730099452
291.149769088862,-0.07772370510273875,-2.473235186224579,-0.3198375338335808,3.164423021320687
291.149769088862,-2.0355549961366507e-13,-2.4733094214792035,-0.31983771359746893,3.1745801258544692
291.149769088862,0.07772370510228076,-2.473235186224659,-0.31983753383452473,3.1853155907665736
291.14976908886206,0.1554484583324899,-2.473012476250714,-0.3198369853436172,3.1966295470927535
291.14976908886206,-0.1554484583329479,-2.47301247625168,-0.3198369853429886,3.1548441649055325
291.2567099879545,-2.0355549961366507e-13,-2.473450853895211,-0.32334592654968114,3.1594511738194004
291.25670998795454,0.07715873986083774,-2.4733776877570284,-0.3233457853388293,3.170107024645914
291.25670998795454,0.15431853604256007,-2.473158185143516,-0.32334535274299364,3.181334006122021
291.25670998795454,-0.07715873986129575,-2.47337768775673,-0.3233457853375247,3.1493663209450267
291.25670998795454,-0.15431853604301807,-2.473158185143092,-0.3233453527412816,3.1398523523901707
291.3632580487714,-2.0355549961366507e-13,-2.4735921734275035,-0.32685031525370073,3.144399237253587
291.36325804877146,-0.07659292966041406,-2.473520069770485,-0.3268502125743896,3.1343867575697373
291.36325804877146,0.15318692384606802,-2.4733037546114542,-0.32684989581738844,3.166115285344361
291.36325804877146,0.07659292966000696,-2.4735200697699478,-0.3268502125749629,3.1549753683938992
291.36325804877146,-0.15318692384652602,-2.4733037546104137,-0.3268498958152078,3.1249378143389253
291.4694228353545,-0.07602624807406075,-2.473662342043592,-0.33035083846856317,3.11948280393174
291.4694228353545,0.07602624807365363,-2.4736623420428683,-0.33035083846892455,3.139919087643978
291.4694228353545,-2.0355549961366507e-13,-2.4737333898581255,-0.3303509026879281,3.1294227851455907
291.4694228353546,-0.15205356889160934,-2.4734491944216486,-0.330350637329629,3.110099027630156
291.4694228353546,0.15205356889120222,-2.4734491944211903,-0.3303506373303982,3.15097184743135
291.5752053899094,-0.07545871351418695,-2.473804510765785,-0.33384763727221833,3.1046541337699742
291.5752053899094,-0.15091850800201773,-2.473594510698643,-0.33384755139181294,3.095335664984945
291.5752053899094,0.07545871351377985,-2.4738045107641264,-0.3338476372716343,3.1249378610843257
291.5752053899094,-2.0355549961366507e-13,-2.4738745093982204,-0.3338476631515399,3.11452149322338
291.57520538990946,0.1509185080016106,-2.473594510699248,-0.3338475513934838,3.1359033750024947
291.6806057600949,0.07489034970208196,-2.4739465832031846,-0.3373405626138629,3.110031508249756
291.6806057600949,-2.0355549961366507e-13,-2.474015539346766,-0.3373405503219715,3.0996951773176353
291.680605760095,-0.22467703149062754,-2.4733949093594183,-0.3373406122973465,3.071935828142446
291.680605760095,0.14978178862053323,-2.473739710623373,-0.3373405914941232,3.12090969232838
291.680605760095,0.22467703149022042,-2.473394909360409,-0.3373406122988036,3.1323301426779153
291.680605760095,-0.07489034970253995,-2.4739465832056164,-0.33734056261526396,3.089900560242693
291.680605760095,-0.14978178862094035,-2.473739710623333,-0.3373405914930978,3.0806475379208456
291.7856316657267,-2.0355549961366507e-13,-2.4741564896675947,-0.3408295972788673,3.0849425758601297
291.7856316657267,-0.2229694438672661,-2.47354518187268,-0.34083000230906574,3.0573799896650193
291.7856316657267,0.22296944386680811,-2.4735451818700156,-0.34083000230715366,3.117315298396707
291.7856316657267,-0.07432113871575266,-2.4740885693254544,-0.34082964753050465,3.0752208244365664
291.7856316657267,-0.1486433749019484,-2.473884804154637,-0.34082979052631357,3.066033390671113
291.7856316657268,0.14864337490154128,-2.4738848041512815,-0.34082979052404627,3.1059895340065986
291.7856316657268,0.07432113871534556,-2.474088569324851,-0.3408296475305296,3.095198765409031
291.89028589286005,0.07375108877441394,-2.4742304749435178,-0.34431486426993657,3.080439069733762
291.89028589286005,-2.0355549961366507e-13,-2.474297366200137,-0.3443147763182964,3.070263124505462
291.89028589286005,-0.07375108877482105,-2.474230474943835,-0.34431486427009195,3.0606143613133496
291.8902858928601,-0.2212593394481361,-2.4736953201535496,-0.3443155220535368,3.0428977279549465
291.8902858928601,-0.14750328328672843,-2.4740297970370997,-0.34431512060142233,3.051492658328736
291.8902858928601,0.14750328328632134,-2.4740297970332352,-0.3443151205984044,3.091142339549815
291.8902858928601,0.22125933944767812,-2.4736953201507554,-0.3443155220513949,3.102373354305601
291.99456599732093,-2.0355549961366507e-13,-2.474438175141519,-0.3477960214537697,3.055656992696781
291.994565997321,0.14636158710335037,-2.4741746953177555,-0.34779651556255914,3.0763682906139627
291.994565997321,0.21954682822343402,-2.473845330070524,-0.3477971051701545,3.0875044999343055
291.994565997321,0.07318023654375459,-2.4743723062187666,-0.3477961468034701,3.0657525961841814
291.994565997321,-0.07318023654416171,-2.474372306220645,-0.34779614680542054,3.046081335977682
291.994565997321,-0.21954682822384114,-2.473845330070008,-0.3477971051694655,3.0284892029758863
291.994565997321,-0.14636158710375746,-2.474174695318189,-0.3477965155628036,3.0370255028385653
292.0984800136769,-2.0355549961366507e-13,-2.474578926287818,-0.35127335708969964,3.0411228828482546
292.0984800136769,0.07260856120666256,-2.4745140729443453,-0.3512735194945216,3.0511380445983844
292.0984800136769,0.14521824471942205,-2.474319508784116,-0.35127399964926054,3.061666084904349
292.098480013677,-0.14521824471982914,-2.4743195087828576,-0.3512739996482799,3.0226306330970614
292.098480013677,-0.2178318477456912,-2.4739952213865455,-0.3512747756791977,3.014153127530005
292.098480013677,0.2178318477452841,-2.4739952213872525,-0.3512747756797785,3.072707431298712
292.098480013677,-0.07260856120706968,-2.4745140729457984,-0.3512735194963468,3.031620453863266
292.2020309032078,0.07203606923213164,-2.4746557835494207,-0.3547470084577357,3.0365948326604815
292.20203090320786,-0.14407326907282922,-2.47446424583246,-0.3547475988504818,3.0083074653600326
292.20203090320786,-2.0355549961366507e-13,-2.4747196280758166,-0.35474680937996916,3.0266602113812016
292.2020309032079,-0.21611441742031146,-2.4741450024613663,-0.3547485593742157,2.9998889189701012
292.2020309032079,0.21611441741990434,-2.474145002462908,-0.35474855937534894,3.0579815709683897
292.2020309032079,0.14407326907242213,-2.4744642458359047,-0.354747598853278,3.0470351421546034
292.2020309032079,-0.07203606923253875,-2.474655783545846,-0.354747008455134,3.0172311309153192
292.3052213713195,0.07146276823456238,-2.474797443431308,-0.3582165632290948,3.0221224157664945
292.3052213713195,-2.0355549961366507e-13,-2.474860285936664,-0.35821632790492053,3.012268432270075
292.3052213713195,-0.0714627682349695,-2.4747974434284883,-0.358216563227215,3.0029128204831044
292.30522137131953,0.2143945600898858,-2.4742946784471944,-0.3582184054586413,3.0433263795712175
292.30522137131953,0.14292667539115175,-2.474608911778812,-0.3582172625865685,3.0324749199786902
292.30522137131953,-0.142926675391508,-2.474608911776016,-0.35821726258454173,2.9940554531477925
292.30522137131953,-0.2143945600902929,-2.4742946784472455,-0.3582184054591328,2.9856960317836876
292.4080503651864,-0.14177852046505093,-2.474753512758567,-0.36168293790351097,2.9798745696326336
292.4080503651864,-2.0355549961366507e-13,-2.4750009061488267,-0.3616818598665931,2.9979475242207765
292.4080503651864,0.14177852046464381,-2.474753512758257,-0.36168293790247014,3.017985406814123
292.40805036518645,-0.07088868660913278,-2.474939058834434,-0.3616821309734839,2.9886654979809206
292.40805036518645,0.21267236093730196,-2.4744442553277675,-0.36168426080393895,3.0287418519843397
292.40805036518645,-0.21267236093770905,-2.474444255328932,-0.3616842608057092,2.9715744379504407
292.40805036518645,0.07088868660877655,-2.47493905883275,-0.3616821309713261,3.0077207769634717
292.51052410362416,-2.0355549961366507e-13,-2.4751414976947688,-0.365143418801755,2.983696454102492
292.51052410362416,-0.21094778293398253,-2.4745937420039787,-0.36514613861851875,2.957523111729371
292.5105241036242,0.21094778293357544,-2.474593742004769,-0.3651461386183328,3.0142269525135386
292.5105241036242,0.1406287796068577,-2.474898057725119,-0.36514463819632953,3.0035655672849124
292.5105241036242,-0.14062877960726483,-2.474898057725848,-0.3651446381978121,2.9657637860742447
292.5105241036242,-0.07031381201193197,-2.4750806387336803,-0.36514372519124394,2.9744881322051056
292.5105241036242,0.07031381201152487,-2.475080638733602,-0.36514372519078026,2.993388881729812
292.61264572047116,0.06973814889746678,-2.4752221912534518,-0.3686013655444487,2.9791261305229626
292.61264572047116,-2.0355549961366507e-13,-2.4752820687084123,-0.3686010244050563,2.9695146214025017
292.6126457204712,-0.20922083944263367,-2.474743146498515,-0.3686040582724809,2.9435414541541283
292.6126457204712,-0.13947746172721412,-2.4750425547632813,-0.36860238301986453,2.951722502248188
292.6126457204712,-0.06973814889787389,-2.475222191253239,-0.36860136554453043,2.9603801224156467
292.6126457204712,0.1394774617268579,-2.4750425547611687,-0.36860238301731907,2.989214803561491
292.6126457204712,0.20922083944227746,-2.474743146499306,-0.368604058272374,2.999781085784859
292.71441784241006,0.06916170430061523,-2.475363723515023,-0.37205503875583285,2.96493199649865
292.71441784241006,-2.0355549961366507e-13,-2.4754226263359596,-0.3720546634363042,2.9554014979458927
292.71441784241006,0.13832458089246674,-2.4751870109259055,-0.37205615898622196,2.9749325909007034
292.71441784241006,-0.06916170430097146,-2.475363723514138,-0.3720550387552948,2.9463409398775386
292.7144178424101,0.20749155156463264,-2.4748924757660893,-0.3720580062153294,2.985403729926482
292.71441784241017,-0.20749155156498886,-2.4748924757681894,-0.3720580062178307,2.929628937680579
292.71441784241017,-0.13832458089287386,-2.4751870109272622,-0.37205615898770644,2.937750189629725
292.8158430774916,-2.0355549961366507e-13,-2.475563177392076,-0.37550431610286106,2.941356559798936
292.81584307749165,0.20575993998396622,-2.4750417364214545,-0.3755079623647727,2.9710943672236865
292.81584307749165,0.0685844851154459,-2.4755052423151125,-0.37550472500432064,2.9508059570319536
292.81584307749165,0.1371701508928391,-2.475331432950087,-0.3755059461858994,2.9607184087507306
292.81584307749165,-0.06858448511585301,-2.4755052423142514,-0.37550472500366666,2.9323700601125275
292.81584307749165,-0.20575993998432246,-2.4750417364246444,-0.37550796236809786,2.9157850390340236
292.81584307749165,-0.13717015089324622,-2.475331432950575,-0.37550594618632427,2.923846323960416
292.91692363736377,0.06800650026471232,-2.475646753473518,-0.3789503871097859,2.93674754621076
292.9169236373638,0.13601418957312586,-2.475475826564512,-0.3789517073357148,2.946571793575266
292.9169236373638,-2.0355549961366507e-13,-2.4757037277322556,-0.3789499452636653,2.9273793394580117
292.9169236373638,-0.13601418957353298,-2.475475826564431,-0.37895170733559713,2.91001043690701
292.9169236373639,0.20402603146747017,-2.475190934052813,-0.3789538892764969,2.956852537300126
292.9169236373639,-0.2040260314678773,-2.4751909340539,-0.3789538892779325,2.9020092906427717
292.9169236373639,-0.06800650026511944,-2.475646753474864,-0.37895038711093626,2.9184670148100125
293.0176603632448,-2.0355549961366507e-13,-2.4758442841809494,-0.38239152361650147,2.913469559864115
293.01766036324483,-0.13485673015846988,-2.47562019849204,-0.38239341501987395,2.8962422486891963
293.01766036324483,0.13485673015811367,-2.4756201984920727,-0.3823934150198634,2.9324924745250454
293.01766036324483,0.20228987585138303,-2.4753400752572063,-0.3823957593929459,2.942677973719217
293.01766036324483,-0.06742776636129126,-2.475788263791778,-0.3823919977435809,2.904631525114268
293.01766036324483,-0.20228987585179012,-2.4753400752567565,-0.3823957593931766,2.888301412673847
293.01766036324483,0.06742776636088416,-2.475788263790279,-0.38239199774237764,2.9227564896448577
293.11805819824497,0.06684827623076738,-2.4759297814531083,-0.38582956865481505,2.908831944695062
293.11805819824497,-0.0668482762311236,-2.475929781454049,-0.38582956865556783,2.8908627503142905
293.11805819824497,-2.0355549961366507e-13,-2.4759848549350374,-0.38582906293888436,2.8996263790519
293.118058198245,0.20055145161658067,-2.4754891681099322,-0.38583358423079944,2.928569834234978
293.118058198245,0.13369775830136357,-2.475764556880139,-0.3858310809044738,2.91847960886735
293.118058198245,-0.1336977583017707,-2.4757645568805144,-0.3858310809049943,2.882540920430554
293.118058198245,-0.20055145161693688,-2.4754891681090747,-0.3858335842308656,2.874660568665465
293.2181196740732,0.06626803622015379,-2.476071313762304,-0.38926310647148454,2.8949734059180927
293.2181196740732,-0.06626803622051002,-2.476071313762467,-0.3892631064714956,2.8771601832609943
293.2181196740732,-2.0355549961366507e-13,-2.4761254473139296,-0.38926256988366437,2.8858492903548134
293.21811967407325,-0.19881077780043854,-2.47563821976525,-0.3892673701914258,2.8610862527256127
293.21811967407325,0.13253728669461187,-2.475908908975134,-0.3892647115309213,2.9045326931230333
293.21811967407325,-0.132537286695019,-2.4759089089743394,-0.38926471153052117,2.8689059452402965
293.21811967407325,0.19881077780008233,-2.475638219767626,-0.38926737019262503,2.914527618072879
293.31784730437255,-1.526666247102488e-13,-2.4762660681231154,-0.39269203161442434,2.8721377912087647
293.3178473043726,0.0656870525431857,-2.476212867497752,-0.39269259832706604,2.8811803719526483
293.3178473043726,-0.1970678730441622,-2.475787236827786,-0.39269710420382253,2.847577963092494
293.3178473043726,0.19706787304380596,-2.475787236830345,-0.39269710420516957,2.900550828482372
293.3178473043726,0.1313753277659396,-2.4760532614879924,-0.3926942939547359,2.8906512278687178
293.3178473043726,-0.13137532776629582,-2.476053261487025,-0.392694293954193,2.8553368203542333
293.3178473043726,-0.06568705254354192,-2.4762128674973836,-0.39269259832645564,2.8635233209226856
293.4172435848289,-0.13021189368313116,-2.4761976210886023,-0.3961198159464229,2.841833047108
293.4172435848289,0.06510533128362808,-2.4763544494005223,-0.3961180320687371,2.8674523454930037
293.4172435848289,-1.526666247102488e-13,-2.476406724126926,-0.3961174360037537,2.8584913831254837
293.4172435848289,-0.06510533128398431,-2.4763544493982352,-0.39611803206628965,2.8499516643582723
293.41724358482895,-0.19532275559879217,-2.475936225852512,-0.3961227739141363,2.834135202107871
293.41724358482895,0.13021189368277494,-2.47619762108924,-0.396119815946734,2.876834717710774
293.41724358482895,0.19532275559843595,-2.475936225851832,-0.3961227739125007,2.88663897271134
293.51631099327926,0.1290469963546413,-2.476341994394054,-0.39954126596793704,2.863082671259295
293.51631099327926,-1.526666247102488e-13,-2.4765474220274193,-0.39953877160184076,2.8449095716659016
293.51631099327926,0.19357544332800292,-2.4760851933337826,-0.3995443676590598,2.8727915619805153
293.51631099327926,-0.06452287839664976,-2.476496066149926,-0.39953939622326307,2.8364447186904624
293.51631099327926,-0.12904699635499753,-2.476341994395689,-0.39954126596970546,2.8283941309102514
293.5163109932793,0.06452287839629355,-2.4764960661515083,-0.39953939622503465,2.853788833262543
293.5163109932794,-0.19357544332835913,-2.476085193333507,-0.39954436765980084,2.8207574761903005
293.61505198982024,-0.12788064743646504,-2.4764863879749424,-0.4029586331700654,2.8150195812158545
293.61505198982024,0.06393969970851801,-2.4766377243945423,-0.40295668001543433,2.840189345987456
293.61505198982024,-0.06393969970887424,-2.4766377243961695,-0.4029566800167215,2.8230019930789783
293.61505198982024,0.1918259537140567,-2.476234145722819,-0.4029618744754844,2.859008111457891
293.61505198982024,-1.526666247102488e-13,-2.4766881684937125,-0.4029560276519683,2.8313918664135085
293.6150519898203,0.1278806474361597,-2.476486387971457,-0.40295863316661645,2.8493946011020026
293.6150519898203,-0.1918259537144129,-2.4762341457210804,-0.40296187447479215,2.807444295808436
293.713469016916,-0.12671285833010215,-2.476630808343227,-0.4063719073655281,2.8017089114990665
293.713469016916,-1.526666247102488e-13,-2.4768289701361144,-0.4063691940554936,2.817937780947699
293.713469016916,0.12671285832974594,-2.4766308083416693,-0.4063719073640152,2.8357700237783057
293.71346901691606,-0.19007430386029728,-2.476383089422179,-0.4063752840788003,2.794195175454237
293.71346901691606,0.06335580092153484,-2.4767794307191386,-0.4063698733229278,2.8266533983702544
293.71346901691606,0.19007430385994104,-2.476383089422756,-0.40637528407854406,2.8452881402331704
293.71346901691606,-0.06335580092189107,-2.4767794307197932,-0.40636987332340035,2.809623000693833
293.81156449950623,0.12554364018856198,-2.476775261969713,-0.40978107903700717,2.8222084597531896
293.81156449950623,-0.06277118761235759,-2.4769211916639247,-0.4097789666857589,2.7963072586885502
293.81156449950623,-1.526666247102488e-13,-2.476969833520767,-0.40977826137405876,2.8045468328171665
293.81156449950623,-0.1883205104953736,-2.4765320307839067,-0.4097845868504379,2.781009633616356
293.81156449950623,0.18832051049501738,-2.4765320307842673,-0.4097845868500954,2.8316311712921785
293.8115644995063,-0.12554364018886732,-2.476775261971779,-0.4097810790388084,2.7884616392268082
293.8115644995063,0.06277118761200136,-2.476921191662818,-0.4097789666849055,2.813180509063507
293.90934084511366,-1.526666247102488e-13,-2.4771107651612323,-0.41318322081050907,2.791218543513328
293.90934084511366,0.12437300391921333,-2.4769197552773012,-0.4131861393179308,2.808709433391267
293.90934084511366,-0.12437300391956954,-2.4769197552795554,-0.41318613931987636,2.775277285831836
293.9093408451137,0.1865645899789394,-2.4766809761017674,-0.4131897738229679,2.8180367314913393
293.9093408451137,-0.18656458997924474,-2.4766809761014428,-0.41318977382318023,2.7678871927534097
293.9093408451137,0.0621858652332712,-2.4770630137191163,-0.41318395128921803,2.799770200643408
293.9093408451137,-0.06218586523362742,-2.477063013721135,-0.41318395129078683,2.7830542881733886
294.00680044395193,-1.526666247102488e-13,-2.47725177151086,-0.41658406419045035,2.777952438443698
294.00680044395193,-0.12320096018500569,-2.4770642946224557,-0.41658707996476413,2.7621553766860156
294.006800443952,0.18480655830572432,-2.4768299316175435,-0.416590836673592,2.804504351532092
294.006800443952,0.12320096018464947,-2.4770642946243235,-0.4165870799666235,2.7952724729307104
294.006800443952,0.06159983911681911,-2.477204903317775,-0.4165848189447488,2.7864219995834296
294.006800443952,-0.18480655830608053,-2.4768299316154962,-0.4165908366720266,2.7548273792672915
294.006800443952,-0.061599839117124446,-2.4772049033180457,-0.4165848189446442,2.769863614188716
294.1039456690326,0.06101311447366588,-2.477346866837731,-0.4199815620824748,2.773135436228036
294.1039456690326,-1.526666247102488e-13,-2.477392858979812,-0.4199807839668803,2.7647480469053534
294.10394566903267,-0.06101311447397122,-2.477346866837761,-0.41998156208223925,2.7567347656782064
294.10394566903267,0.18304643110807822,-2.476978903511347,-0.4199877677013358,2.791033565935391
294.10394566903267,0.12202751940681023,-2.4772088863093686,-0.41998389335980796,2.781897110457359
294.10394566903267,-0.18304643110843444,-2.476978903509248,-0.4199877676995723,2.7418297234765556
294.10394566903267,-0.12202751940716644,-2.4772088863090533,-0.4199838933592895,2.7490954410736026
294.20077887627247,0.060425696395752335,-2.4774889106098232,-0.42337417374701003,2.7599100447663627
294.20077887627247,-1.526666247102488e-13,-2.477534033915381,-0.4233733731914638,2.751604902058385
294.20077887627247,-0.06042569639605767,-2.4774889106099223,-0.4233741737470266,2.7436672754622786
294.20077887627247,-0.18128422366177271,-2.4771278979113363,-0.42338055982770256,2.72889375958979
294.20077887627247,0.18128422366146738,-2.4771278979115,-0.4233805598278682,2.7776239130162184
294.2007788762725,0.12085269176957723,-2.4773535365932235,-0.4233765725013958,2.768582881878724
294.2007788762725,-0.12085269176988257,-2.4773535365938724,-0.42337657250182054,2.73609701216457
294.29730240460026,0.05983758985736421,-2.4776310408996394,-0.4267626475698448,2.746745363205996
294.29730240460026,0.11967648722126754,-2.4774982516683175,-0.4267651109837245,2.7553293268980434
294.29730240460026,-1.526666247102488e-13,-2.4776753026096943,-0.4267618255107382,2.738522540899418
294.29730240460026,-0.05983758985766955,-2.4776310408986975,-0.42676264756904053,2.7306606802113644
294.2973024046003,0.17951995088808748,-2.477276920889043,-0.42676920658089035,2.7642749348580278
294.2973024046003,-0.11967648722157287,-2.477498251666642,-0.4267651109822865,2.723159626987907
294.2973024046004,-0.17951995088844372,-2.4772769208884244,-0.42676920658009876,2.716019025678997
294.3935185760632,-0.17775362736164718,-2.477425978447266,-0.43015370207338516,2.70320506365318
294.3935185760632,0.17775362736134184,-2.4774259784487294,-0.4301537020750382,2.750986177287483
294.3935185760632,-1.526666247102488e-13,-2.4778166713037413,-0.43014613515883904,2.7255005042351725
294.39351857606323,0.05924879971630263,-2.4777732639151093,-0.43014697776561633,2.7336409333467198
294.39351857606323,-0.11849891547794136,-2.4776430376605725,-0.43014950297914106,2.710282826405048
294.39351857606323,-0.059248799716607965,-2.4777732639153087,-0.4301469777658788,2.7177145204194413
294.3935185760633,0.11849891547763602,-2.477643037661474,-0.43014950297966087,2.7421359889884744
294.48942969593355,-1.526666247102488e-13,-2.4779581461805025,-0.4335262969406709,2.712538336656
294.4894296959336,-0.05865933071586873,-2.4779155858190056,-0.4335271591330816,2.7048283403773614
294.4894296959336,0.11731998602436898,-2.477787900659274,-0.4335297432549678,2.7290024153672032
294.4894296959336,-0.1173199860247252,-2.4777879006581007,-0.43352974325418037,2.697466155083263
294.4894296959336,-0.1759852673097599,-2.4775750765437636,-0.4335340410144351,2.6904514192316573
294.4894296959336,0.058659330715563396,-2.477915585818706,-0.43352715913279166,2.7205963007543454
294.48942969593367,0.17598526730945457,-2.47757507654499,-0.43353404101583254,2.7377571898488173
294.58503805281447,0.0580691874843039,-2.4780580127029315,-0.436903187020271,2.7076110147345838
294.5850380528145,-0.11613970812034097,-2.4779328466762127,-0.43690582712846854,2.684709161469175
294.5850380528145,0.11613970811998474,-2.477932846678293,-0.4369058271301603,2.715928156969649
294.5850380528145,0.17421488461989781,-2.477724221064978,-0.4369102186736733,2.7245875257787056
294.5850380528145,-1.526666247102488e-13,-2.478099733356784,-0.4369023062138905,2.69963558650957
294.5850380528146,-0.17421488462020315,-2.477724221064557,-0.43691021867285185,2.6777576419177795
294.5850380528146,-0.05806918748460923,-2.478058012699081,-0.43690318701690517,2.6920016881464788
294.6803459187462,-1.526666247102488e-13,-2.4782414388917595,-0.4402741588862981,2.6867918058745186
294.68034591874624,0.17244249284315766,-2.47787341783096,-0.4402822308753667,2.7114767419807335
294.68034591874624,-0.1149580907986326,-2.478077881666362,-0.4402777504716533,2.6720113977622373
294.68034591874624,-0.172442492843463,-2.4778734178311725,-0.4402822308746896,2.6651232849724287
294.68034591874624,0.11495809079832726,-2.478077881669093,-0.44027775047389245,2.7029127684237046
294.68034591874624,0.057478374539573336,-2.478200550596239,-0.44027505732264666,2.694684628306909
294.68034591874624,-0.05747837453987867,-2.4782005505932476,-0.440275057320698,2.6792341155320787
294.775355549311,0.056886896287381396,-2.4783432052582484,-0.44364276306429024,2.6818166981786233
294.775355549311,-0.11377514287161948,-2.478223011309137,-0.4436455062869368,2.6593724198883244
294.775355549311,-0.056886896287686735,-2.478343205259059,-0.44364276306630474,2.66652517805706
294.775355549311,-1.526666247102488e-13,-2.4783832685676574,-0.4436418479853212,2.6740065505341795
294.77535554931103,-0.17066810519726314,-2.478022672384075,-0.443650070580714,2.6525479053876757
294.77535554931103,0.1706681051969578,-2.4780226723830747,-0.44365007058095796,2.6984243990002956
294.77535554931103,0.11377514287131416,-2.4782230113081956,-0.443645506285672,2.6899558080240196
294.8700688034115,-0.05629475940709647,-2.478485981246089,-0.4470062775475518,2.6538744856984104
294.8700688034115,0.11259087769712238,-2.4783682400549667,-0.44700906784519506,2.6770568894679507
294.8700688034115,-1.526666247102488e-13,-2.478525226972992,-0.4470053468177595,2.6612794310208128
294.8700688034115,0.056294759406791135,-2.4784859812461466,-0.44700627754636785,2.6690068361220787
294.8700688034116,0.16889174171813115,-2.478171989013571,-0.4470137110302242,2.6854301131443075
294.8700688034116,-0.1688917417184365,-2.478171989014959,-0.4470137110302579,2.640031114084171
294.8700688034116,-0.1125908776974277,-2.4783682400571245,-0.4470090678476542,2.646791837953922
294.9644860275699,-0.22282627485057457,-2.478052264352324,-0.45037971956737316,2.621191712851517
294.9644860275699,0.05570197992174236,-2.4786288840727586,-0.45036557961585943,2.656254859186096
294.9644860275699,0.11140532732332624,-2.4785135733267794,-0.4503684139865699,2.6642158331276575
294.9644860275699,0.22282627485026923,-2.4780522643505787,-0.45037971956771294,2.681088537225042
294.9644860275699,0.1671134504770723,-2.478321372982549,-0.4503731310369747,2.672493708887919
294.9644860275699,-0.11140532732363158,-2.4785135733254045,-0.45036841398573857,2.634269463716584
294.9644860275699,-1.526666247102488e-13,-2.4786673196582254,-0.45036463424053674,2.648610261839613
294.9644860275699,-0.055701979922047694,-2.478628884070787,-0.45036557961516305,2.6412818511975997
294.96448602756993,-0.16711345047737763,-2.4783213729838414,-0.4503731310368139,2.6275727226151933
295.05861145697594,-1.526666247102488e-13,-2.478809553595202,-0.45371972767014146,2.6359983368431448
295.05861145697594,-0.055108549277153654,-2.4787719206878553,-0.45372068668481713,2.628746569815139
295.05861145697594,0.05510854927684832,-2.4787719206916834,-0.4537206866873347,2.6435600603314544
295.05861145697594,-0.16533320580863875,-2.478470831078261,-0.45372834798272244,2.6151720306051764
295.058611456976,0.1653332058083334,-2.4784708310757946,-0.4537283479818276,2.65961447895688
295.058611456976,0.11021847463930491,-2.4786590180130723,-0.4537235621103876,2.6514319315883714
295.058611456976,0.22045266778233244,-2.4782073410971748,-0.4537350337005643,2.668107753535514
295.058611456976,-0.11021847463961025,-2.4786590180101546,-0.45372356210806375,2.621804594360854
295.05861145697605,-0.2204526677825869,-2.478207341101904,-0.45373503370292106,2.608848963524928
295.1524472849189,-1.526666247102488e-13,-2.478951934889251,-0.45707064342812953,2.62344322591005
295.1524472849189,0.10903032759960019,-2.478804580127798,-0.4570745285288238,2.638704757093544
295.1524472849189,0.16355101964362542,-2.478620369192077,-0.45707937816497934,2.6467919977486436
295.1524472849189,0.21807647211025172,-2.4783624455031075,-0.45708615396083896,2.6551837836750583
295.1524472849189,-0.16355101964393076,-2.478620369193404,-0.45707937816501054,2.602828609243931
295.1524472849189,-0.10903032759990552,-2.478804580125379,-0.45707452852701297,2.6093967999918646
295.15244728491894,0.054514471449430814,-2.478915097184975,-0.45707161507960864,2.6309220102952753
295.15244728491894,-0.054514471449736146,-2.4789150971811074,-0.45707161507685934,2.616268211219012
295.15244728491894,-0.21807647211055706,-2.478362445506605,-0.45708615396205066,2.59656372395564
295.2459956887331,0.05391975031223498,-2.479058419209862,-0.46041836380767387,2.6183402833781377
295.2459956887331,-1.526666247102488e-13,-2.4790944692282078,-0.4604173805340868,2.6109445024982474
295.2459956887331,-0.21569770332444793,-2.478517582805039,-0.46043307932879995,2.5843355706724993
295.2459956887331,-0.16176690360098026,-2.478769992764447,-0.46042622058327126,2.590542033326672
295.2459956887331,-0.05391975031248943,-2.479058419208081,-0.4604183638066875,2.6038463486687693
295.24599568873316,0.2156977033241935,-2.478517582806887,-0.46043307933235345,2.642316208337071
295.24599568873316,-0.10784089394990594,-2.478950265244196,-0.46042131225107663,2.5970456543149316
295.24599568873316,0.10784089394960061,-2.4789502652433035,-0.46042131224978283,2.6260338854305876
295.2459956887332,0.16176690360072582,-2.478769992765362,-0.46042622058509614,2.634025843181615
295.33925882990223,0.05332438963454892,-2.4792018923172723,-0.46376093163253534,2.6058144574182642
295.33925882990223,-1.526666247102488e-13,-2.4792371621862377,-0.4637599377452904,2.5985017436189763
295.33925882990223,-0.21331637650105562,-2.4786727581194974,-0.4637758085462914,2.572164083785401
295.33925882990223,-0.10665018122828944,-2.4790960788249183,-0.46376391203130457,2.58475073460958
295.33925882990223,-0.05332438963480336,-2.479201892315569,-0.4637609316315736,2.591480558989401
295.33925882990223,0.15998086898734615,-2.4789197071089566,-0.4637688739854201,2.6213155966702844
295.3392588299023,0.1066501812279841,-2.4790960788248566,-0.46376391203094763,2.6134188959055495
295.3392588299023,-0.1599808689876515,-2.4789197071084126,-0.4637688739839957,2.5783118812279278
295.3392588299023,0.21331637650075028,-2.478672758120739,-0.46377580854903916,2.629504611684905
295.43223877332383,0.21093250838536434,-2.478827974048812,-0.46711430516636576,2.61674859241075
295.43223877332383,-1.526666247102488e-13,-2.479380016979336,-0.4670982786549084,2.586114540573022
295.43223877332383,-0.2109325083856188,-2.4788279740496746,-0.4671143051657728,2.560048857484533
295.4322387733239,0.05272839360294947,-2.4793455196846232,-0.4670992821448331,2.593344124600466
295.4322387733239,0.1054581978077517,-2.479242023935758,-0.46710229145633736,2.600859382229892
295.4322387733239,-0.10545819780800615,-2.4792420239339257,-0.4671022914545838,2.572511632336449
295.4322387733239,-0.05272839360320391,-2.4793455196827523,-0.46709928214354957,2.579170433240345
295.4322387733239,-0.15819292836316606,-2.479069515096093,-0.4671073019381977,2.5661377454520276
295.4322387733239,0.15819292836286075,-2.4790695150961968,-0.46710730193918837,2.608660854095264
295.52493381534805,0.052131790515315066,-2.479489305984935,-0.4704333795405301,2.580929382818762
295.52493381534805,-1.526666247102488e-13,-2.4795230383234537,-0.4704323674602725,2.573782987010152
295.52493381534805,-0.05213179051556951,-2.4794893059832894,-0.47043337953908215,2.566916061708978
295.5249338153481,0.20854621216384994,-2.478983234726224,-0.47044853345519205,2.604048266431336
295.5249338153481,0.15640316661851314,-2.479219421114864,-0.4704414686838613,2.596061724484266
295.5249338153481,-0.10426500028445675,-2.4793881051361715,-0.4704364147315039,2.560328435302403
295.5249338153481,-0.2085462121641044,-2.478983234725133,-0.47044853345311793,2.547989977261033
295.52493381534816,0.10426500028420231,-2.479388105137318,-0.47043641473310127,2.5883554474236825
295.52493381534816,-0.15640316661881848,-2.479219421113597,-0.47044146868183806,2.554019712207142
295.6173497710729,-0.15461152319145335,-2.4793694325630606,-0.4737714073455547,2.541956885418842
295.6173497710729,-1.526666247102488e-13,-2.479666233787459,-0.4737622372703142,2.561506176965263
295.6173497710729,0.10307054828108478,-2.4795343299255608,-0.4737663149808853,2.575906180873515
295.61734977107295,-0.10307054828133923,-2.4795343299247348,-0.4737663149791996,2.548200243747248
295.61734977107295,-0.05153456018357105,-2.479633258768252,-0.47376325693032556,2.554716541338137
295.61734977107295,-0.2061574070874197,-2.479138547427777,-0.47377852656459946,2.535986551114757
295.61734977107295,0.20615740708716526,-2.4791385474303853,-0.4737785265678206,2.5914027200416734
295.61734977107295,0.15461152319119892,-2.4793694325653917,-0.4737714073485814,2.583517295483509
295.61734977107295,0.051534560183316605,-2.4796332587697627,-0.4737632569319719,2.5685693235892657
295.7094887419818,-1.526666247102488e-13,-2.4798096093457502,-0.47708792222716595,2.5492837009718308
295.70948874198183,0.2037661066333815,-2.479293917758851,-0.47710431868545145,2.578811550605051
295.70948874198183,0.1528180081896877,-2.479519555215735,-0.4770971521024091,2.5710271618080753
295.70948874198183,-0.05093670597696804,-2.4797773839954913,-0.47708894846822447,2.5425714625220732
295.70948874198183,0.10187484853771461,-2.479680704189749,-0.47709202635973774,2.5635111752732933
295.70948874198183,0.0509367059767136,-2.4797773839962636,-0.477088948469436,2.5562635382120495
295.70948874198183,-0.20376610663363592,-2.479293917756635,-0.4771043186825662,2.5240381727852195
295.70948874198183,-0.10187484853801994,-2.479680704190491,-0.4770920263592905,2.5361266485532745
295.70948874198183,-0.15281800818994215,-2.4795195552134053,-0.4770971520992512,2.5299488570845288
295.8013528142011,0.050338231167915144,-2.4799216852119543,-0.48041043045221193,2.5440116214022637
295.8013528142011,-1.0177774980683254e-13,-2.4799531685857072,-0.480409398630736,2.537115152993048
295.8013528142011,-0.050338231168169593,-2.479921685212237,-0.4804104304515689,2.5304804190962757
295.8013528142011,-0.20137232389193144,-2.4794493487121807,-0.4804258861416875,2.512144439469757
295.80135281420115,0.10067790759906266,-2.4798272313667415,-0.48041352517478864,2.551170026714514
295.80135281420115,0.15102263143100325,-2.4796697923211966,-0.48041867926269344,2.558590921549923
295.80135281420115,-0.10067790759931709,-2.4798272313690264,-0.48041352517544245,2.5241072440525376
295.80135281420115,-0.1510226314312577,-2.4796697923225413,-0.4804186792627269,2.517995222656963
295.8013528142012,0.201372323891677,-2.47944934871051,-0.48042588614101206,2.566274358838032
295.89294128361973,0.14922545700454373,-2.479820146839988,-0.48373594501709466,2.546208551072125
295.89294128361973,0.04973915712063071,-2.4800661657022527,-0.4837276590216121,2.5318135405921507
295.89294128361973,-1.0177774980683254e-13,-2.4800969148377017,-0.48372662262030713,2.5250004971912317
295.89294128361973,0.1989761443125641,-2.479604842964163,-0.4837431851696501,2.5537911267643523
295.89294128361973,-0.049739157120885155,-2.4800661657041694,-0.4837276590220223,2.5184433727502853
295.89294128361973,-0.0994797681922934,-2.4799739146193347,-0.4837307675829843,2.5121419902588995
295.89294128361973,0.09947976819198807,-2.479973914616562,-0.48373076758231087,2.5388827066963655
295.8929412836198,-0.19897614431281854,-2.4796048429667334,-0.48374318517120013,2.500305310221805
295.8929412836198,-0.14922545700479817,-2.4798201468436285,-0.4837359450191795,2.5060959412713357
295.9842566881428,-1.0177774980683254e-13,-2.480240854404859,-0.48703959952328696,2.5129392690913503
295.9842566881428,-0.04913948396116649,-2.480210831749641,-0.48704063951710325,2.5064598592847416
295.98425668814286,0.04913948396091204,-2.480210831747373,-0.48704063951657234,2.5196688316162312
295.98425668814286,-0.19657756840075868,-2.4797604064103407,-0.4870562212472842,2.488520325179228
295.98425668814286,-0.09828043056915411,-2.4801207601478485,-0.48704375895235297,2.500230423833762
295.98425668814286,0.09828043056889968,-2.4801207601442954,-0.48704375895108093,2.5266487519481835
295.98425668814286,0.19657756840050425,-2.4797604064084235,-0.4870562212464682,2.541361394658308
295.9842566881429,0.14742648528861702,-2.4799706248484568,-0.4870489547816468,2.5338795885839476
295.9842566881429,-0.14742648528887148,-2.479970624851343,-0.4870489547831507,2.494250551034876
296.07530315865944,-0.09707987344766286,-2.480267774643571,-0.49035254432114456,2.4883718759096833
296.07530315865944,-1.0177774980683254e-13,-2.48038499405863,-0.4903483743503454,2.500930796000991
296.07530315865944,0.09707987344740843,-2.4802677746403443,-0.4903525443198591,2.514467487881822
296.0753031586595,-0.1456256843607337,-2.480121232929144,-0.4903577536239327,2.482458385715756
296.0753031586595,-0.1941765535929584,-2.479916045479066,-0.49036503948454685,2.4767888212277005
296.0753031586595,0.14562568436047926,-2.4801212329261113,-0.49035775362212425,2.5216033592729405
296.0753031586595,0.19417655359270397,-2.4799160454755014,-0.4903650394825157,2.5289844879653707
296.0753031586595,0.04853920104764095,-2.4803556901001125,-0.49034941695626827,2.5075768205930546
296.0753031586595,-0.04853920104789539,-2.4803556901018173,-0.4903494169562853,2.4945292076785486
296.16608272316125,-1.0177774980683254e-13,-2.480529336020446,-0.4936529236022853,2.48897468493762
296.16608272316125,-0.09587810261968606,-2.4804149601615983,-0.4936571001997421,2.476565953950784
296.16608272316125,-0.14382306290793004,-2.4802719729301224,-0.493662318069373,2.4707190539201362
296.1660827231613,0.1917731114724381,-2.480071761739882,-0.49366961643460194,2.5166600201604625
296.1660827231613,0.09587810261943161,-2.4804149601602914,-0.4936571001997208,2.5023385235183904
296.1660827231613,-0.19177311147269255,-2.4800717617423347,-0.4936696164351806,2.4651104087276634
296.1660827231613,0.047938311276648854,-2.4805007429386685,-0.4936539678425196,2.4955371152355963
296.1660827231613,-0.047938311276903296,-2.4805007429407637,-0.4936539678431133,2.4826510248662768
296.1660827231613,0.1438230629076756,-2.4802719729303995,-0.49366231807052624,2.509379474080871
296.2565924632866,0.14201872784676534,-2.4804228479964694,-0.4969625985009736,2.4972082099316077
296.2565924632866,-0.047336850288061075,-2.4806459937322374,-0.49695424244503833,2.4708255649518107
296.2565924632866,-1.0177774980683254e-13,-2.480673883798681,-0.49695319753460176,2.4770711943377286
296.2565924632866,0.09467518936394767,-2.480562320046447,-0.49695737689887515,2.490262128704511
296.2565924632866,0.04733685028785752,-2.480645993731359,-0.49695424244539554,2.483549979227961
296.25659246328667,-0.1420187278469689,-2.4804228479951473,-0.49696259849893704,2.459032803831812
296.25659246328667,-0.0946751893642021,-2.480562320045815,-0.49695737689742114,2.464812908643376
296.25659246328667,-0.1893673845920657,-2.480227558051449,-0.49696990257197865,2.4534853342753804
296.25659246328667,0.18936738459181127,-2.4802275580501645,-0.49696990257271384,2.5043882761593244
296.3468383493056,0.046734794630808284,-2.4807914501248027,-0.5002502796966476,2.471614499163175
296.34683834930564,-0.1869592791543321,-2.4803834417773825,-0.5002659370118234,2.441912702903042
296.34683834930564,-1.0177774980683254e-13,-2.4808186450595193,-0.5002492350676868,2.4652194137673606
296.34683834930564,-0.09347108678090435,-2.4807098618945864,-0.5002534133889348,2.4531118365721314
296.3468383493057,0.09347108678070079,-2.480709861893512,-0.5002534133889915,2.4782373874178707
296.3468383493057,-0.1402126088287642,-2.4805738656256486,-0.5002586339444013,2.447398736080673
296.3468383493057,0.14021260882850978,-2.480573865627332,-0.500258633946759,2.485088648545186
296.34683834930576,-0.046734794631011836,-2.4807914501271124,-0.5002502796974194,2.4590519208317443
296.34683834930576,0.18695927915407767,-2.480383441776324,-0.5002659370125454,2.4921683357820497
296.4368231306959,-0.13840469853661538,-2.480725028971789,-0.5035504421464329,2.4358163701290763
296.4368231306959,-1.0177774980683254e-13,-2.480963623261905,-0.5035410538985418,2.4534188591992048
296.4368231306959,0.13840469853641182,-2.4807250289723384,-0.503550442147956,2.473020307417601
296.436823130696,0.18454878540399267,-2.4805394158326703,-0.5035577375339387,2.4799997181464124
296.436823130696,0.09226578999173789,-2.480857589025765,-0.5035452273886222,2.4662638160896586
296.436823130696,-0.04613214186680448,-2.4809371155510433,-0.5035420973031998,2.447329609085103
296.436823130696,0.046132141866600924,-2.4809371155465008,-0.5035420973005664,2.459730190964639
296.436823130696,-0.18454878540419623,-2.480539415834671,-0.5035577375343973,2.4303920363497804
296.436823130696,-0.09226578999199234,-2.480857589029896,-0.5035452273909995,2.4414622554792693
296.5265448610277,-0.09105935685307884,-2.4810055037963608,-0.506832771124374,2.4298642916459468
296.5265448610277,-0.04552892092352527,-2.4810829924837967,-0.5068296474480156,2.4356587586214298
296.5265448610277,-1.0177774980683254e-13,-2.481108820935473,-0.5068286062054618,2.4416696630109826
296.52654486102773,0.13659508375223678,-2.48087634016408,-0.5068379753962179,2.4610033343690603
296.52654486102773,0.04552892092327082,-2.4810829924778806,-0.5068296474440344,2.447897191317966
296.52654486102773,-0.18213601904825266,-2.48069548204912,-0.5068452565221264,2.418923458159045
296.52654486102773,0.0910593568528244,-2.481005503790347,-0.5068327711204569,2.4543415565530204
296.52654486102773,-0.13659508375244034,-2.4808763401663274,-0.5068379753970169,2.424285830469457
296.52654486102773,0.1821360190480491,-2.4806954820478846,-0.5068452565221957,2.467882577899148
296.61600683967157,-1.0177774980683254e-13,-2.4812542447033623,-0.5101119081886919,2.4299712704828766
296.61600683967157,0.13478374550639313,-2.4810278056208133,-0.5101212500554307,2.4490371744437414
296.61600683967157,0.044925125477519055,-2.481229087521257,-0.5101129463474224,2.436114944910531
296.61600683967157,0.08985177471736246,-2.481153612721837,-0.5101160608597134,2.442470053416673
296.61600683967157,-0.08985177471756602,-2.4811536127268092,-0.5101160608626849,2.418317393080217
296.61600683967157,-0.22466453130031733,-2.4806251092027636,-0.5101378403316905,2.402416899400894
296.61600683967157,-0.04492512547772261,-2.481229087525857,-0.5101129463502428,2.4240388158278368
296.61600683967157,-0.1347837455066476,-2.4810278056211836,-0.5101212500544516,2.412806567244738
296.6160068396716,-0.1797209547942726,-2.4808516466646333,-0.5101285104531047,2.4075064211223838
296.6160068396716,0.17972095479406905,-2.48085164666524,-0.5101285104547506,2.455816361034063
296.6160068396717,0.2246645313000629,-2.4806251092042904,-0.5101378403337359,2.462807853839826
296.70521339686053,-1.0177774980683254e-13,-2.481399898059274,-0.5133909767903185,2.4183229947058567
296.70521339686053,0.13297064286789018,-2.4811794285270588,-0.5134002831314799,2.4371211372635453
296.70521339686053,-0.17730353806872132,-2.481007912633243,-0.5134075163907943,2.3961402492773685
296.70521339686053,0.04432074188522404,-2.4813754041382494,-0.5133920109619842,2.424382763225272
296.7052133968606,0.17730353806851776,-2.48100791263567,-0.5134075163940354,2.4438003769200027
296.7052133968606,-0.04432074188542759,-2.481375404138664,-0.5133920109610284,2.4124690958548585
296.7052133968606,-0.08864301629756689,-2.4813019191823367,-0.5133951135808136,2.406820877443681
296.7052133968606,-0.13297064286809374,-2.4811794285262887,-0.5134002831295539,2.4013779010789023
296.7052133968606,0.08864301629736333,-2.481301919179912,-0.5133951135799828,2.430648617007167
296.7052133968606,-0.22164283711152497,-2.4807873450851643,-0.5134168121170312,2.391107865442096
296.7052133968606,0.2216428371113214,-2.48078734508794,-0.5134168121200041,2.4506865773852438
296.7941617153855,-1.0177774980683254e-13,-2.481545783563609,-0.5166657743641688,2.4067250831548876
296.79416171538554,-0.17488390737931,-2.481164281817166,-0.5166822369311818,2.3848251784960004
296.79416171538554,-0.13115587971995402,-2.4813312110438845,-0.5166750371069346,2.390000069429601
296.79416171538554,0.13115587971969958,-2.4813312110461063,-0.5166750371101374,2.4252554882107664
296.79416171538554,0.08743315084953246,-2.4814504255431444,-0.5166698916887466,2.4188775058611944
296.79416171538554,0.043715804775043804,-2.481521944840175,-0.5166668036513682,2.4127008988297165
296.79416171538554,0.21861837553793068,-2.480949611701423,-0.5166914903814276,2.4386159793448647
296.79416171538554,-0.08743315084978691,-2.48145042554475,-0.5166698916891214,2.3953749846563435
296.79416171538554,-0.21861837553813424,-2.480949611699788,-0.5166914903796325,2.3798502539466053
296.79416171538554,-0.043715804775247356,-2.4815219448402037,-0.5166668036504642,2.4009498419616495
296.7941617153856,0.17488390737905557,-2.4811642818230184,-0.5166822369374536,2.4318348986613962
296.8828561298635,-0.043110300168873086,-2.4816687166724996,-0.5199373517409748,2.3894803709419783
296.8828561298635,-0.1724620068156023,-2.4813207609481025,-0.5199526997093378,2.3735605345386945
296.8828561298635,-1.0177774980683254e-13,-2.481691908280541,-0.5199363282135716,2.3951768505229616
296.8828561298635,0.04311030016866953,-2.4816687166738323,-0.5199373517427187,2.401068664760213
296.88285612986357,0.12933941412826883,-2.4814831600538865,-0.5199455394797083,2.413439538341469
296.88285612986357,-0.12933941412847239,-2.4814831600540432,-0.5199455394787397,2.378672394624451
296.88285612986357,0.08622215041765928,-2.481599138797155,-0.519940422576042,2.4071560318028187
296.88285612986357,0.17246200681539875,-2.481320760946112,-0.5199526997082834,2.41991923699061
296.88285612986357,-0.21559107669399524,-2.481111915568775,-0.5199619029222717,2.3686433945513046
296.88285612986357,-0.08622215041786284,-2.4815991387963257,-0.5199404225744241,2.383979034056941
296.8828561298636,0.2155910766937917,-2.4811119155669723,-0.5199619029207789,2.426595370571741
296.9713006900294,-1.0177774980683254e-13,-2.481838273560797,-0.5232026370127938,2.3836776516126332
296.9713006900294,0.08500999009698286,-2.4817480601188473,-0.5232067049356568,2.395483547212013
296.9713006900294,-0.08500999009723731,-2.4817480601183695,-0.5232067049346204,2.3726323847198483
296.9713006900294,0.04250421561369531,-2.481815720945302,-0.5232036539141498,2.3894854143768502
296.97130069002947,0.17003778657031546,-2.4814773506868684,-0.5232189034850482,2.408052743714775
296.97130069002947,-0.1700377865705699,-2.481477350693207,-0.5232189034901437,2.3623456826000133
296.97130069002947,-0.21256087832176024,-2.4812742569846113,-0.5232280485713462,2.357486656203779
296.97130069002947,-0.1275212087374489,-2.4816352765236918,-0.5232117889704796,2.3673942385669418
296.97130069002947,-0.04250421561389886,-2.48181572094534,-0.5232036539140227,2.378060039503191
296.97130069002947,0.12752120873724535,-2.4816352765210934,-0.5232117889690137,2.4016726395179697
296.97130069002947,0.2125608783215567,-2.481274256982245,-0.523228048569378,2.4146241032802793
297.0594899180383,0.12570142196105047,-2.481787563388909,-0.5264737420179239,2.3899554113719423
297.0594899180383,-1.0177774980683254e-13,-2.4819848827141273,-0.5264646569877123,2.3722280801952254
297.0594899180383,-0.12570142196125403,-2.4817875633900233,-0.5264737420183019,2.3561661783057732
297.0594899180383,-0.20952804443275955,-2.481436638230434,-0.5264898841472682,2.3463806098820434
297.0594899180383,-0.04189760391659062,-2.4819629609270875,-0.5264656664188373,2.366689434826979
297.05948991803837,0.04189760391638707,-2.4819629609261655,-0.5264656664178542,2.3779517490559248
297.05948991803837,0.08379677549922085,-2.4818971926541966,-0.5264686950884419,2.3838606620852603
297.05948991803837,-0.16761145785853893,-2.4816340537005517,-0.5264808048745655,2.351181196185524
297.05948991803837,0.16761145785833537,-2.481634053697813,-0.5264808048728201,2.396236049115768
297.05948991803837,0.209528044432556,-2.481436638228105,-0.5264898841454451,2.4027028194175495
297.05948991803837,-0.08379677549942441,-2.4818971926556053,-0.5264686950895158,2.3613356182524443
297.14743278374914,-0.12387991415745633,-2.4819400268694483,-0.529731435563094,2.3449869511956014
297.14743278374914,0.12387991415725277,-2.4819400268695015,-0.5297314355636252,2.3782865537218547
297.14743278374914,-1.0177774980683254e-13,-2.482131742144583,-0.5297224249158059,2.360826854097916
297.1474327837492,-0.20649234230056554,-2.481599065169366,-0.5297474468675145,2.3353240068002594
297.1474327837492,-0.04129041852813116,-2.482110442996346,-0.5297234260467354,2.3553672810811555
297.1474327837492,-0.08258241352775661,-2.4820465427256466,-0.5297264298862959,2.3500874653318444
297.1474327837492,-0.1651828344937568,-2.4817908760349696,-0.5297384409267449,2.3400658194956248
297.1474327837492,0.08258241352755306,-2.482046542726415,-0.5297264298868716,2.3722860820748766
297.1474327837492,0.206492342300362,-2.481599065164025,-0.5297474468630845,2.390830207641836
297.1474327837492,0.0412904185279276,-2.4821104429974863,-0.5297234260475768,2.3664663804527315
297.1474327837492,0.16518283449355325,-2.4817908760314396,-0.5297384409243743,2.384467847347347
297.23512754002206,-1.0177774980683254e-13,-2.4822788534206808,-0.532975939819021,2.3494740841095445
297.23512754002206,-0.04068268640023551,-2.4822581686822547,-0.5329769318360672,2.344093685827152
297.23512754002206,-0.16275202427748592,-2.4819478185541883,-0.5329918108583788,2.328999655149478
297.2351275400221,-0.08136695808505333,-2.4821961117252607,-0.5329799083990727,2.338888031082044
297.2351275400221,-0.1220567661787583,-2.482092668130371,-0.5329848687324215,2.333856660712987
297.2351275400221,0.08136695808490067,-2.482196111728469,-0.5329799084018555,2.360759926794354
297.2351275400221,-0.2034539066734739,-2.4817615382646534,-0.5330007360573032,2.324316949510191
297.2351275400221,0.12205676617855474,-2.4820926681315316,-0.5329848687339811,2.3666661917782887
297.2351275400221,0.04068268640003195,-2.4822581686871374,-0.5329769318403096,2.3550294233734537
297.2351275400221,0.16275202427728236,-2.4819478185524746,-0.5329918108576225,2.372748270007093
297.2351275400221,0.20345390667327035,-2.4817615382586493,-0.5330007360524064,2.37900640672761
297.32257543539146,-0.08015042171735601,-2.4823459048238874,-0.5362291249051792,2.327737037416271
297.32257543539146,-0.16031905230068955,-2.4821048860693575,-0.5362409092501491,2.3179824270408087
297.32257543539146,0.08015042171715245,-2.4823459048251117,-0.5362291249062529,2.349281921529478
297.32257543539146,-1.0177774980683254e-13,-2.4824262218370228,-0.5362251958795499,2.3381694926073027
297.32257543539146,-0.040074413805873496,-2.4824061432491593,-0.5362261779936127,2.332868370904621
297.3225754353915,0.20041276891409462,-2.481924062051443,-0.5362497465200797,2.3672311509077786
297.3225754353915,0.04007441380566994,-2.48240614325156,-0.5362261779955687,2.343640601343982
297.3225754353915,-0.20041276891429818,-2.481924062056847,-0.536249746524612,2.3133591638124047
297.3225754353915,-0.12023199684381496,-2.4822454921938624,-0.5362340359307549,2.3227750294558858
297.3225754353915,0.16031905230048601,-2.4821048860663844,-0.5362409092479559,2.3610770477342653
297.32257543539157,0.1202319968436114,-2.4822454921942865,-0.5362340359315004,2.355094053198159
297.40978161468837,-0.11840554288167393,-2.482398500392198,-0.5394789370510394,2.311741288253796
297.4097816146884,0.11840554288152126,-2.4823985003892726,-0.5394789370483962,2.3435693518038176
297.4097816146884,0.03946557965404915,-2.482554368347918,-0.5394711643152359,2.3322991322971163
297.4097816146884,-1.0177774980683254e-13,-2.482573849091424,-0.5394701928877474,2.3269123001638055
297.4097816146885,-0.03946557965420182,-2.4825543683504283,-0.5394711643175205,2.321690559915663
297.4097816146885,-0.15788383420401472,-2.4822620796323,-0.5394857360788271,2.3070133701967386
297.4097816146885,0.078932762242978,-2.482495923550411,-0.5394740792346928,2.3378512819628967
297.4097816146885,-0.19736882357655694,-2.482086637229145,-0.5394944783478963,2.3024498893209158
297.4097816146885,-0.07893276224318155,-2.4824959235515798,-0.5394740792357534,2.3166337113556414
297.4097816146885,0.19736882357635338,-2.4820866372241115,-0.539494478343258,2.355503651453786
297.4097816146885,0.15788383420381116,-2.482262079626014,-0.5394857360733158,2.3494533928807884
297.49674117757405,-1.0177774980683254e-13,-2.4827217390391443,-0.5427109134073618,2.3157030249712505
297.49674117757405,-0.07771407749191377,-2.482646171620283,-0.542714754066093,2.3055785598439913
297.49674117757405,0.038856232860115913,-2.48270284780264,-0.5427118733971709,2.3210055414743893
297.49674117757405,-0.038856232860319466,-2.482702847802542,-0.5427118733968056,2.310560764953199
297.49674117757405,0.0777140774917102,-2.482646171619217,-0.5427147540651946,2.32646854133563
297.4967411775741,-0.15544656563808673,-2.482419402500744,-0.5427262743324923,2.2960929841140842
297.4967411775741,-0.11657755103361199,-2.482551696246445,-0.542719554897113,2.30075593985178
297.4967411775741,0.15544656563788317,-2.4824194024961277,-0.5427262743283604,2.337877857536241
297.4967411775741,-0.19432231521732343,-2.4822492667069502,-0.5427349147591778,2.2915896232347293
297.4967411775741,0.19432231521711987,-2.4822492667036804,-0.5427349147556885,2.3438244713044933
297.4967411775741,0.11657755103345932,-2.482551696242289,-0.5427195548932728,2.332092629785542
297.58346332545443,0.07649426761886763,-2.4827966524880973,-0.5459511625081762,2.315132387138746
297.58346332545443,0.03824632350137506,-2.482851585167067,-0.5459483183022701,2.3097585228357977
297.58346332545443,-1.0177774980683254e-13,-2.482869895266145,-0.5459473704859256,2.304540367619096
297.58346332545443,0.11474787153560408,-2.4827050830476054,-0.5459559026551718,2.320662568326437
297.58346332545443,-0.07649426761907117,-2.4827966524865173,-0.54595116250661,2.2945702972110147
297.5834633254545,-0.11474787153580764,-2.4827050830493667,-0.5459559026567229,2.2898177056898255
297.5834633254545,0.153007046922034,-2.482576857741651,-0.5459625373106387,2.3263491167365733
297.5834633254545,-0.1530070469221867,-2.48257685774342,-0.5459625373122383,2.285219997502927
297.5834633254545,0.191272994241882,-2.4824119532726128,-0.5459710692070006,2.332192279509773
297.5834633254545,-0.03824632350152773,-2.48285158516529,-0.5459483183005183,2.299477693396647
297.5834633254545,-0.19127299424203464,-2.4824119532721087,-0.545971069207324,2.2807771016938347
297.6699423860157,-0.11291666736542963,-2.4828586629964584,-0.5491879741269745,2.278927185966715
297.6699423860157,-0.0376359059051101,-2.48300058296058,-0.5491804926386501,2.288441956123234
297.6699423860157,-0.07527344127830483,-2.482947368548748,-0.5491832982364714,2.283609528503981
297.6699423860157,0.11291666736527696,-2.48285866299684,-0.5491879741272865,2.309279811434835
297.6699423860157,0.15056549535440578,-2.4827344472647788,-0.5491945189745027,2.314867825225405
297.6699423860157,-1.0177774980683254e-13,-2.48301832033491,-0.5491795577097544,2.29342494579573
297.66994238601575,0.03763590590495744,-2.483000582959231,-0.5491804926371989,2.298558701862002
297.66994238601575,0.18822113226649823,-2.4825746984514745,-0.5492029358510246,2.320607742529549
297.66994238601575,0.07527344127810129,-2.482947368551164,-0.5491832982387549,2.3038434536263277
297.66994238601575,-0.18822113226665088,-2.4825746984524337,-0.5492029358527799,2.2700129181447246
297.66994238601575,-0.15056549535460934,-2.4827344472663304,-0.5491945189760683,2.2743950066951006
297.7561861779466,-1.0177774980683254e-13,-2.4831670180811662,-0.5524074779489786,2.2823556425587017
297.7561861779466,0.0740515168282874,-2.4830983235217112,-0.552411164214028,2.2926006133592622
297.7561861779466,-0.18516652520210264,-2.482737505287024,-0.552430518085931,2.259295986049037
297.7561861779466,0.03702493924999582,-2.4831498449870355,-0.5524083992965111,2.2874049562431553
297.7561861779466,0.11108381606318407,-2.4830124396430033,-0.5524157723692741,2.2979432267807063
297.7561861779466,-0.037024939250199375,-2.4831498449890286,-0.5524083992986893,2.27745244179593
297.75618617794663,0.22222658627091615,-2.482548385434341,-0.552440658778183,2.314855253827755
297.75618617794663,0.18516652520189908,-2.482737505284503,-0.552430518082691,2.3090697189673985
297.75618617794663,-0.11108381606333674,-2.4830124396427213,-0.5524157723692087,2.268083281269666
297.75618617794663,-0.22222658627111969,-2.4825483854344803,-0.5524406587797414,2.255119627953595
297.75618617794663,0.1481217476597226,-2.4828921743961936,-0.5524222225257587,2.303432846020234
297.75618617794663,-0.1481217476598753,-2.482892174394489,-0.5524222225246909,2.2636169185963055
297.75618617794663,-0.07405151682849095,-2.483098323522908,-0.5524111642151438,2.2726951482291975
297.84219128136226,-0.18210936524259197,-2.482900375111818,-0.5556538181252445,2.248626618240336
297.84219128136226,-0.0364134619784552,-2.483299373580034,-0.5556320399869374,2.2665094737572384
297.84219128136226,-1.0177774980683254e-13,-2.4833159908769433,-0.5556311328901883,2.271332785994005
297.8421912813623,-0.145675957597397,-2.483050040840607,-0.5556456499870186,2.2528860473973524
297.8421912813623,0.18210936524243931,-2.48290037511013,-0.5556538181227479,2.2975785733214993
297.8421912813623,0.2185581391364784,-2.4827173712600312,-0.5556638035207567,2.3032566897883022
297.8421912813623,-0.10924943295150549,-2.483166414983733,-0.5556392992566529,2.25728630799349
297.8421912813623,-0.07282857115249082,-2.483249519606069,-0.5556347622047134,2.261827475832029
297.8421912813623,0.14567595759724433,-2.4830500408398106,-0.555645649985691,2.292044534644122
297.8421912813623,0.07282857115228727,-2.483249519604498,-0.555634762203237,2.2814042064495283
297.8421912813624,0.10924943295135282,-2.4831664149825086,-0.5556392992554782,2.2866531617584123
297.8421912813624,0.03641346197830254,-2.483299373579356,-0.5556320399859549,2.2762976196550935
297.8421912813624,-0.21855813913668196,-2.482717371259114,-0.5556638035210159,2.244507156160971
297.9279631404055,0.21488648134124635,-2.4828863286963654,-0.5588826549851823,2.2917044542048806
297.9279631404055,-0.1432280269555134,-2.483208049168038,-0.5588647973137517,2.242201601063515
297.9279631404055,-1.0177774980683254e-13,-2.4834652418527385,-0.5588505181350031,2.260355567934063
297.9279631404055,0.14322802695536074,-2.4832080491647277,-0.5588647973105492,2.2807020726636047
297.92796314040555,0.07160455514228575,-2.4834009597804356,-0.5588540878880511,2.270253418862785
297.92796314040555,0.0358014495356901,-2.4834491718256535,-0.558851410323888,2.2652358808134516
297.92796314040555,-0.03580144953584277,-2.483449171827311,-0.55885141032573,2.255612247323039
297.92796314040555,-0.10741344436966346,-2.4833205918257586,-0.5588585505823211,2.246535469520586
297.92796314040555,-0.07160455514243841,-2.4834009597820357,-0.5588540878895616,2.251005710478441
297.92796314040555,0.17904952962664689,-2.483063310183044,-0.5588728321296507,2.286133485509501
297.92796314040555,0.10741344436951081,-2.4833205918248322,-0.5588585505816438,2.275408799950567
297.92796314040555,-0.21488648134139904,-2.4828863286931955,-0.5588826549832875,2.2339418761031262
297.92796314040555,-0.17904952962679954,-2.483063310184604,-0.5588728321316928,2.2380040276330857
298.0134999309984,0.10557593144897703,-2.483474972423966,-0.5620735289081568,2.264210279579642
298.0134999309984,-0.03518892896684754,-2.4835992423029656,-0.5620665126934778,2.2447608831737296
298.0134999309984,-0.1055759314491297,-2.483474972424152,-0.5620735289081988,2.2358308822645103
298.0134999309984,0.07037952288689751,-2.483552646506975,-0.5620691437193996,2.259148383310028
298.0134999309984,-1.0177774980683254e-13,-2.4836147736168437,-0.5620656360358205,2.249424112318775
298.0134999309985,0.14077806390687395,-2.483366201349103,-0.562079667222854,2.2694056045634277
298.0134999309985,0.03518892896669487,-2.4835992423019646,-0.5620665126924381,2.2542198676683456
298.0134999309985,-0.07037952288705018,-2.483552646509822,-0.5620691437220571,2.2402299703399637
298.0134999309985,-0.1407780639070266,-2.483366201348977,-0.5620796672224011,2.2315636950011486
298.0134999309985,-0.1759871535672293,-2.4832263121259857,-0.5620875630355431,2.227428329377428
298.0134999309985,0.21121177513376188,-2.4830552589274912,-0.5620972163580279,2.2801987063390743
298.0134999309985,0.17598715356702574,-2.48322631212582,-0.562087563035363,2.2747346070292487
298.01349993099853,-0.21121177513396544,-2.483055258925291,-0.5620972163569641,2.2234239034251453
298.09880619753886,0.13832599404746526,-2.4835244992399925,-0.5652902559443471,2.2581544340108524
298.09880619753886,0.06915343718238567,-2.4837045820814865,-0.5652799256576057,2.248088405977893
298.09880619753886,0.10373683838531664,-2.483629558892605,-0.5652842303069588,2.253056905365772
298.09880619753886,-5.088887490341627e-14,-2.4837645886100344,-0.5652764824604766,2.238537729508376
298.09880619753886,0.03457588166934662,-2.4837495874127566,-0.5652773429818048,2.243248888286505
298.09880619753886,-0.13832599404761792,-2.4835244992378778,-0.5652902559417458,2.2209716528767296
298.09880619753886,-0.2075339089151294,-2.4832241630436953,-0.5653074842973936,2.2129525709248368
298.09880619753886,-0.03457588166949929,-2.483749587413182,-0.5652773429823025,2.233954694376308
298.09880619753886,-0.06915343718258923,-2.4837045820820625,-0.5652799256582198,2.229499571603707
298.09880619753886,0.17292214406074743,-2.48338938244182,-0.5652980072537644,2.2633812409089367
298.0988061975389,0.20753390891497672,-2.483224163046742,-0.5653074842994413,2.2687387489938744
298.0988061975389,-0.1729221440609001,-2.4833893824403215,-0.5652980072519914,2.216898851499136
298.0988061975389,-0.10373683838546931,-2.483629558891338,-0.5652842303058093,2.2251718659454784
298.18388025084585,0.06792634999809774,-2.4838567692275926,-0.5684864367847254,2.237073602712304
298.1838802508459,0.10189624313092242,-2.4837843537689266,-0.5684906579918234,2.2419487984829156
298.1838802508459,-0.033962333628624435,-2.483900209996642,-0.5684839041990745,2.223193785197981
298.1838802508459,-5.088887490341627e-14,-2.4839146897145676,-0.5684830603955877,2.227696526895339
298.1838802508459,0.033962333628471765,-2.483900209997041,-0.5684839041991421,2.232323053919983
298.18388025084596,-0.10189624313107509,-2.4837843537687583,-0.5684906579917611,2.214558520783006
298.18388025084596,-0.16985463102222428,-2.483552523066216,-0.568504168412928,2.2064156931078793
298.18388025084596,0.1698546310220716,-2.483552523066286,-0.5685041684134857,2.2520735211817824
298.18388025084596,0.13587192131135145,-2.4836829451107105,-0.5684965668688573,2.2469486882422216
298.18388025084596,-0.1358719213115041,-2.483682945110574,-0.5684965668679475,2.210425573987537
298.18388025084596,-0.06792634999825041,-2.483856769226171,-0.5684864367837039,2.2188146161457962
298.18388025084596,-0.2038530385760892,-2.4833930425727813,-0.568513462724093,2.202527978258994
298.18388025084596,0.2038530385759365,-2.483393042574946,-0.5685134627253979,2.2573247237337286
298.26872718358004,-0.03334826184647174,-2.48405111171938,-0.5716861924303305,2.2124774026026985
298.26872718358004,0.13341575371220937,-2.483841540024392,-0.571698596382731,2.2357876016507388
298.26872718358004,-0.13341575371236203,-2.48384154002406,-0.571698596381878,2.199924717452121
298.26872718358004,-5.088887490341627e-14,-2.4840650786328284,-0.5716853659044407,2.2168997481605013
298.26872718358004,-0.10005407669462711,-2.483939358395857,-0.5716928082073061,2.20399010145998
298.2687271835801,-0.06669821533904012,-2.4840092094889115,-0.5716886732458069,2.2081743545976162
298.2687271835801,0.06669821533888745,-2.4840092094905506,-0.5716886732467574,2.226103211781005
298.2687271835801,-0.2001690261462656,-2.4835618977783636,-0.5717151484354791,2.1921493945692445
298.2687271835801,0.20016902614611293,-2.483561897778569,-0.5717151484348373,2.245955862616718
298.2687271835801,0.16678449947104587,-2.483715734707393,-0.5717060430891128,2.2408106808809483
298.2687271835801,0.03334826184631907,-2.484051111718385,-0.571686192428817,2.221441605350827
298.2687271835801,-0.16678449947119853,-2.4837157347072947,-0.5717060430889327,2.1959781181418934
298.2687271835801,0.10005407669447444,-2.483939358396518,-0.5716928082078113,2.230885195069164
298.3533440071469,-0.06546910379235697,-2.484161905913564,-0.5748866387370477,2.1975790525059167
298.3533440071469,0.1637119258645386,-2.483879019646486,-0.5749036355853814,2.2295930270590647
298.3533440071469,-5.088887490341627e-14,-2.484215758551447,-0.5748834025619132,2.206147666756763
298.3533440071469,0.0654691037922043,-2.484161905915765,-0.574886638738176,2.2151775177051953
298.353344007147,-0.03273370161702038,-2.4842022957323064,-0.574884211280497,2.2018058156949962
298.353344007147,0.09821044495511139,-2.4840945756406576,-0.5748906847954596,2.21986638636555
298.353344007147,-0.16371192586469124,-2.4838790196457934,-0.5749036355851384,2.1855863862193794
298.353344007147,0.03273370161686772,-2.4842022957306344,-0.5748842112779542,2.210604821170836
298.353344007147,0.13095763241903488,-2.4840002865926967,-0.5748963485307954,2.224671472987813
298.353344007147,0.19648208336541245,-2.483730730536457,-0.5749125460529042,2.2346324817872194
298.353344007147,-0.09821044495526406,-2.4840945756381045,-0.5748906847935739,2.1934668707560876
298.353344007147,-0.13095763241918754,-2.484000286590486,-0.5748963485287792,2.189469344073912
298.353344007147,-0.19648208336551423,-2.483730730537329,-0.5749125460546963,2.1818170790798828
298.43773778406387,0.12849740635532791,-2.4841591850223477,-0.5780898197537567,2.213599280977842
298.43773778406387,-0.1284974063554806,-2.484159185023147,-0.5780898197550874,2.1790584731863687
298.43773778406387,-0.16063672136177187,-2.4840423777116696,-0.578096942506188,2.175239523038185
298.43773778406387,-0.03211861516937699,-2.484353762882149,-0.5780779569294302,2.191178026431597
298.43773778406387,-5.088887490341627e-14,-2.4843667303623245,-0.5780771665330062,2.195439279421077
298.4377377840639,-0.09636523460310462,-2.4842500060014383,-0.5780842840698579,2.182987841926441
298.4377377840639,0.03211861516922432,-2.484353762879402,-0.5780779569260693,2.1998116931836855
298.4377377840639,0.09636523460300284,-2.4842500060031565,-0.5780842840702044,2.2088913551693037
298.4377377840639,0.06423893981666862,-2.4843148592182875,-0.5780803294878502,2.204295507641886
298.4377377840639,-0.19279198363381736,-2.483899540210086,-0.578105652380906,2.1715300641385555
298.4377377840639,0.22495907610347476,-2.4837306367221377,-0.5781159447470693,2.2284008425345547
298.4377377840639,0.1606367213616701,-2.484042377710253,-0.5780969425042811,2.2184195346547457
298.4377377840639,0.1927919836336647,-2.483899540209064,-0.5781056523787662,2.2233535526854014
298.4377377840639,-0.22495907610362742,-2.483730636722588,-0.5781159447484757,2.167930713379706
298.4377377840639,-0.06423893981682127,-2.484314859216768,-0.578080329487656,2.187027717333532
298.52190281823323,0.06300783341133147,-2.4844680715774485,-0.5812697357477108,2.1934578154276085
298.5219028182333,-0.22065084485752023,-2.483905753844226,-0.581304507681852,2.157745775195574
298.5219028182333,-5.088887490341627e-14,-2.484517996402987,-0.5812666479479321,2.184775203380309
298.5219028182333,0.09451861063336678,-2.4844056514623616,-0.5812735964337287,2.197960744990528
298.5219028182333,0.03150305750327064,-2.4845055154646,-0.5812674195353279,2.1890628464647524
298.52190281823334,0.12603529551003073,-2.4843182370176695,-0.5812790006695256,2.202571679717239
298.52190281823334,-0.1575591609416973,-2.4842058102482425,-0.5812859547418417,2.164938120276113
298.52190281823334,-0.12603529551018341,-2.4843182370165318,-0.5812790006694076,2.1686926997507063
298.52190281823334,-0.06300783341143325,-2.4844680715763356,-0.5812697357478517,2.176520953348499
298.52190281823334,-0.09451861063351945,-2.4844056514592725,-0.5812735964324278,2.17255361412907
298.52190281823334,-0.18909905691301143,-2.4840683277116185,-0.5812944586491221,2.1612889390538106
298.52190281823334,0.15755916094159553,-2.484205810248341,-0.581285954740967,2.2072908692635673
298.52190281823334,0.18909905691290965,-2.484068327713856,-0.5812944586495651,2.212119753318531
298.52190281823334,0.22065084485741845,-2.483905753847809,-0.5813045076839926,2.217057835941224
298.5219028182334,-0.03150305750337242,-2.4845055154681837,-0.5812674195388984,2.1805946451035436
298.6058480946258,-0.12357109053465774,-2.4844774443153064,-0.584463902298918,2.1583708102789525
298.6058480946258,-5.088887490341627e-14,-2.4846695589830743,-0.5844518574796606,2.1741541954498174
298.6058480946258,0.030886976279239076,-2.484657555761992,-0.5844526098015841,2.1783570308922924
298.6058480946258,-0.030886976279340856,-2.4846575557626474,-0.5844526098023054,2.1700544356583333
298.6058480946258,0.18540298920052004,-2.4842370940762315,-0.5844789763283185,2.200929801811459
298.6058480946258,-0.1854029892006727,-2.484237094073606,-0.5844789763276824,2.1510925063520943
298.6058480946258,0.12357109053450507,-2.4844774443169535,-0.5844639022991325,2.191587399445117
298.60584809462586,0.1544789829252217,-2.4843693186765354,-0.584470683513152,2.1962057549695038
298.60584809462586,0.21633894927701142,-2.484080735179807,-0.5844887759235887,2.205759040589731
298.60584809462586,-0.2163389492771641,-2.484080735176422,-0.584488775921443,2.147606033575588
298.60584809462586,-0.15447898292532347,-2.484369318674772,-0.5844706835129937,2.1546809723556306
298.60584809462586,0.09267041603132771,-2.4845615140133637,-0.5844586327606796,2.1870732924191985
298.60584809462586,-0.09267041603148037,-2.4845615140114305,-0.5844586327602738,2.1621629661599604
298.60584809462586,-0.06177567989762455,-2.4846215451641163,-0.58445486828194,2.16605753182525
298.60584809462586,0.06177567989747188,-2.484621545165927,-0.5844548682827216,2.1826631841987068
298.68956815628115,0.030270424799307638,-2.4848098840621273,-0.5876335170676582,2.1676948406687324
298.68956815628115,0.060542585878631656,-2.4847752801378977,-0.5876357165111485,2.1719122166541607
298.68956815628115,-0.060542585878784326,-2.484775280136818,-0.5876357165108386,2.1556380268070012
298.68956815628115,-0.121105004626929,-2.4846368065112663,-0.587644514351248,2.14809336981809
298.68956815628115,-0.030270424799409414,-2.4848098840623667,-0.5876335170679282,2.159557977970433
298.68956815628115,-5.088887490341627e-14,-2.484821418442038,-0.5876327844488293,2.1635768422238697
298.68956815628115,0.12110500462682722,-2.4846368065115967,-0.5876445143496669,2.180647062518263
298.6895681562812,-0.18170410027307665,-2.484405837939127,-0.5876591955998797,2.1409413256411405
298.6895681562812,-0.1513964538034393,-2.4845329021582434,-0.5876511187424007,2.144468641159199
298.6895681562812,-0.21202376241897758,-2.484255578741167,-0.5876687399594712,2.137512046742699
298.6895681562812,-0.090820810699145,-2.4847175935791714,-0.5876393825936421,2.1518164671197604
298.6895681562812,0.15139645380333752,-2.4845329021598808,-0.5876511187422102,2.1851648252910922
298.6895681562812,0.09082081069904321,-2.484717593580335,-0.5876393825932359,2.176229609538993
298.6895681562812,0.2120237624188758,-2.4842555787435288,-0.5876687399611493,2.1945051149877752
298.6895681562812,0.18170410027297487,-2.4844058379416323,-0.587659195600788,2.189784343732816
298.7730695018225,-5.088887490341627e-14,-2.4849735786331637,-0.5908094407694587,2.1530422189914966
298.7730695018225,-0.14831140042995575,-2.484696563818863,-0.5908272731053933,2.1343002292057096
298.7730695018225,-0.029653368431764953,-2.4849625041862864,-0.5908101532752377,2.1491043521418596
298.7730695018225,-0.08896969074392366,-2.484873893743747,-0.5908158581115933,2.141513207686116
298.7730695018225,-0.059308482091795164,-2.4849292802205256,-0.5908122924603328,2.1452615235253663
298.7730695018225,0.059308482091693385,-2.484929280219865,-0.5908122924590224,2.1612039794074036
298.7730695018225,0.029653368431612284,-2.484962504187055,-0.5908101532760366,2.1570753465868697
298.7730695018225,0.1483114004298031,-2.4846965638200325,-0.5908272731047683,2.1741671362068513
298.7730695018225,0.1780021823630077,-2.4845745621041093,-0.5908351294763549,2.178682432150999
298.7730695018225,-0.17800218236316037,-2.4845745621014954,-0.590835129475117,2.1308345058344096
298.77306950182253,0.088969690743771,-2.484873893742929,-0.5908158581091859,2.1654287591010797
298.77306950182253,-0.20770504189838443,-2.4844302869489954,-0.5908444132051603,2.1274629303210864
298.77306950182253,-0.11863689926671636,-2.4847963269848656,-0.5908208492227796,2.137859474808176
298.77306950182253,0.20770504189828265,-2.484430286950621,-0.5908444132064127,2.183295109611407
298.77306950182253,0.11863689926656369,-2.48479632698492,-0.590820849220727,2.169749728142828
298.85635134905044,-0.0580734061431285,-2.4850835439455903,-0.5939845922311595,2.1349280147565968
298.85635134905044,-5.088887490341627e-14,-2.4851260383045797,-0.5939818224884071,2.1425503222654663
298.85635134905044,-0.0871171125742004,-2.485030412765771,-0.5939880554845437,2.1312531797555763
298.85635134905044,-0.029035825979694077,-2.4851154148284222,-0.5939825144851457,2.1386935524876365
298.85635134905044,0.05807340614297584,-2.485083543946385,-0.5939845922310587,2.1505384753436214
298.8563513490505,0.029035825979592297,-2.4851154148318564,-0.5939825144882162,2.1464985480161825
298.8563513490505,0.1161668496633496,-2.484956003631266,-0.5939929031921729,2.1588954082126266
298.8563513490505,-0.1742973482778704,-2.4847432634044893,-0.5940067745444697,2.1207720401447996
298.8563513490505,-0.11616684966350227,-2.4849560036289544,-0.5939929031920118,2.127669116925221
298.8563513490505,-0.14522391681443586,-2.484860301075084,-0.5939991430186273,2.1241757286098464
298.8563513490505,0.08711711257404774,-2.485030412768108,-0.5939880554850846,2.154670748165397
298.8563513490505,0.14522391681433408,-2.4848603010753916,-0.5939991430172709,2.1632127051038292
298.85635134905056,-0.20338291931798447,-2.4846048559599456,-0.5940157924542997,2.117458679281506
298.85635134905056,0.17429734827776863,-2.4847432634034545,-0.5940067745421843,2.167624090605599
298.85635134905056,0.2033829193178827,-2.4846048559587683,-0.594015792452902,2.17212905481252
298.9394140424352,0.028417807941673458,-2.4852686197266673,-0.5971506005733157,2.1359643009033147
298.9394140424352,-5.088887490341627e-14,-2.4852788012134965,-0.5971499294360351,2.132101006281123
298.9394140424352,-0.19905746815612238,-2.484779288096031,-0.5971828793468292,2.1074991526960973
298.9394140424352,0.11369489780931051,-2.4851158397427904,-0.5971606766849273,2.1480839674116203
298.9394140424352,0.142134055445599,-2.4850241169584013,-0.5971667292363518,2.152301400780046
298.9394140424352,0.17058966100129858,-2.484911944557617,-0.5971741319687451,2.1566091926096087
298.9394140424352,0.08526310768464192,-2.48518715416027,-0.5971559748911134,2.1439554379027754
298.9394140424352,-0.08526310768474368,-2.485187154156555,-0.5971559748892936,2.1210362360325465
298.9394140424352,-0.1421340554457008,-2.4850241169559206,-0.5971667292357897,2.1140949940582674
298.9394140424352,0.05683737902948325,-2.4852380749705616,-0.5971526158164301,2.139915562721279
298.9394140424352,0.19905746815596972,-2.4847792880976223,-0.5971828793475686,2.1610068294203852
298.93941404243526,-0.11369489780941229,-2.4851158397429356,-0.5971606766869691,2.1175221495643632
298.93941404243526,-0.028417807941775237,-2.4852686197233598,-0.5971506005707569,2.128325432132306
298.93941404243526,-0.05683737902958503,-2.4852380749654936,-0.597152615812697,2.1246373531149287
298.9394140424353,-0.17058966100140036,-2.4849119445533145,-0.5971741319665095,2.1107537851511595
299.0222630460905,-0.19472849377572657,-2.48495357930863,-0.6003456756078895,2.097583597533607
299.0222630460905,-0.22259095624791062,-2.484806910051213,-0.6003554674328465,2.0944711455118954
299.0222630460905,0.1947284937756248,-2.4849535793125566,-0.6003456756103243,2.149927628090434
299.0222630460905,0.13904167728587893,-2.4851880086681732,-0.6003300331928109,2.141432420912804
299.0222630460905,0.05560034513232157,-2.4853928715724622,-0.6003163643848248,2.1293344465358324
299.0222630460905,0.11122093247128922,-2.4852758329889726,-0.6003241710239322,2.137314605485229
299.0222630460905,-5.088887490341627e-14,-2.4854318658526653,-0.6003137627390691,2.121693482767832
299.0222630460905,-0.02779928650840874,-2.4854221173095707,-0.600314412668378,2.1179992067282645
299.0222630460905,-0.111220932471391,-2.4852758329916105,-0.6003241710281781,2.1074178023699894
299.0222630460905,-0.1390416772859807,-2.485188008664231,-0.600330033191236,2.1040572606001438
299.02226304609053,0.027799286508306965,-2.4854221173126256,-0.6003144126704277,2.1254718134252593
299.02226304609053,0.08340759264889178,-2.485344115944896,-0.6003196175609968,2.133282030498085
299.02226304609053,-0.08340759264899356,-2.4853441159471075,-0.6003196175644163,2.1108616011269965
299.02226304609053,-0.16687895369498093,-2.485080602179655,-0.6003372033090247,2.100778981677344
299.02226304609053,0.16687895369482825,-2.4850806021866383,-0.6003372033132556,2.145636934143512
299.02226304609053,0.22259095624780884,-2.4848069100536625,-0.6003554674347018,2.154304715378968
299.02226304609053,-0.05560034513242335,-2.485392871569717,-0.6003163643831785,2.1143887585463443
299.10489283699724,-0.05436241263757485,-2.48554793367291,-0.603475803542633,2.1041828110811114
299.10489283699724,-5.088887490341627e-14,-2.4855852323267325,-0.6034732878871998,2.1113283445866586
299.10489283699724,-0.02718031577294195,-2.4855759076429336,-0.6034739162940738,2.1077154622936716
299.1048928369973,0.08155072974266651,-2.4855012978270885,-0.6034789492579665,2.122651144470045
299.1048928369973,-0.21764018650703248,-2.484987424517667,-0.6035136185558696,2.084656277516636
299.1048928369973,0.02718031577284017,-2.4855759076466923,-0.6034739162966479,2.115021686140839
299.1048928369973,0.19039637477155363,-2.4851277275647,-0.6035041482638531,2.138892115521308
299.1048928369973,0.13594705278206398,-2.48535197520516,-0.6034890211455642,2.130606405400443
299.1048928369973,0.16316555088195453,-2.4852492348202273,-0.6034959551872568,2.134707967078022
299.1048928369973,0.05436241263747308,-2.4855479336736623,-0.6034758035424325,2.118795735898683
299.1048928369973,-0.1631655508820563,-2.4852492348185287,-0.6034959551878596,2.0908481943568606
299.1048928369973,-0.0815507297427683,-2.485501297827682,-0.6034789492595827,2.1007298499365117
299.1048928369973,-0.1903963747716554,-2.485127727562081,-0.6035041482627576,2.087712576718902
299.1048928369973,0.21764018650693073,-2.4849874245195482,-0.6035136185562868,2.14315906202184
299.1048928369973,-0.13594705278216576,-2.485351975203505,-0.6034890211461428,2.0940630954342017
299.10489283699735,-0.10874517001254827,-2.485435982761841,-0.603483352186428,2.097356645962374
299.10489283699735,0.1087451700123956,-2.4854359827616506,-0.6034833521846482,2.126587951214384
299.18731081531746,0.05312349628195097,-2.4857032657878353,-0.6066309702185676,2.1082983910970423
299.18731081531746,-5.088887490341627e-14,-2.48573890523737,-0.6066285416680921,2.1010045629154273
299.18731081531746,0.1328499687907834,-2.4855160205576037,-0.6066437307144108,2.119822300330549
299.18731081531746,-0.10626743991367874,-2.4855962932728595,-0.6066382574906332,2.087337676712527
299.18731081531746,-0.13284996879088518,-2.4855160205596647,-0.6066437307181695,2.084111501939833
299.18731081531746,0.02656085310342346,-2.4857299953087986,-0.6066291482754947,2.1046128846402694
299.1873108153175,-0.07969239107397949,-2.4856587041938916,-0.606634007073715,2.090639972107691
299.1873108153175,0.07969239107387771,-2.4856587041929283,-0.6066340070718577,2.112061735087613
299.1873108153175,-0.02656085310352524,-2.4857299953028473,-0.6066291482706689,2.097473175878411
299.1873108153175,-0.05312349628205274,-2.485703265784325,-0.6066309702162503,2.094018493925434
299.1873108153175,-0.15944919680063718,-2.485417846175867,-0.6066504255762742,2.08096043386057
299.1873108153175,-0.18606081276737227,-2.485301736236579,-0.6066583357177632,2.0778851084980516
299.1873108153175,0.21268548208633506,-2.485167662975649,-0.6066674801960819,2.1320564995047406
299.1873108153175,0.1594491968005354,-2.485417846175058,-0.6066504255735459,2.123821233337733
299.1873108153175,0.10626743991357696,-2.485596293269721,-0.606638257486419,2.1159029551347786
299.1873108153175,0.1860608127672705,-2.485301736236934,-0.6066583357164615,2.1278992297602106
299.1873108153175,-0.21268548208643684,-2.4851676629756665,-0.6066674801982662,2.074885558455311
299.2695168658199,-5.088887490341627e-14,-2.48589288042184,-0.6097795189952896,2.090722053561936
299.2695168658199,-0.07783261685618655,-2.485816330304639,-0.6097847859635336,2.0805918808048283
299.2695168658199,0.025940911905000707,-2.485884376069405,-0.6097801035234466,2.0942453268398356
299.2695168658199,0.07783261685613566,-2.485816330301697,-0.6097847859600726,2.101513726325213
299.2695168658199,-0.20772695020384327,-2.4853476171442317,-0.6098170476129726,2.0651589093650293
299.2695168658199,0.051883622875286764,-2.485858863491765,-0.6097818593437461,2.0978423327693743
299.2695168658199,-0.15572997187107418,-2.485586429769508,-0.6098006095653828,2.0711156162336373
299.2695168658199,0.20772695020374152,-2.4853476171421467,-0.6098170476081933,2.1209969776942743
299.2695168658199,-0.025940911905102487,-2.4858843760662426,-0.6097801035207362,2.087272261795451
299.26951686582,0.18172190158262463,-2.485475598010113,-0.6098082331338176,2.1169489142660276
299.26951686582,0.1557299718709724,-2.485586429770338,-0.6098006095640593,2.1129766705889486
299.26951686582,0.1037877957918099,-2.485756759325525,-0.6097888819273779,2.1052595451706537
299.26951686582,-0.12975049233166766,-2.4856801389575103,-0.609794156944888,2.074202394587965
299.26951686582,-0.10378779579191166,-2.4857567593272636,-0.6097888819301227,2.077360808131024
299.26951686582,-0.18172190158272641,-2.4854755980092165,-0.6098082331351384,2.06810111110478
299.26951686582,0.12975049233156588,-2.485680138955735,-0.6097941569414556,2.1090800381914248
299.26951686582,-0.051883622875388544,-2.4858588634908485,-0.609781859343318,2.0838957205111384
299.3515089404358,-0.025320520255661304,-2.486039051424526,-0.6129267504136456,2.0771128735196753
299.3515089404358,0.10130634995370154,-2.4859173819187417,-0.612935194457581,2.0946578988140767
299.3515089404358,0.12664876378406997,-2.485844331089453,-0.6129402691288622,2.0983798033385312
299.3515089404358,0.20276481543796343,-2.4855272864088316,-0.6129622916288479,2.109980705658155
299.3515089404358,-0.12664876378417175,-2.4858443310876983,-0.6129402691291029,2.0643359199971134
299.3515089404358,-5.088887490341627e-14,-2.4860471594063256,-0.6129261881999896,2.0804809734316754
299.3515089404358,-0.15200804454220962,-2.485754985934117,-0.6129464768894144,2.0613138880976427
299.3515089404358,0.025320520255610414,-2.4860390514238624,-0.6129267504128237,2.083919173761994
299.3515089404358,-0.10130634995380332,-2.4859173819170133,-0.612935194457014,2.067426187520213
299.3515089404358,-0.20276481543801433,-2.4855272864078533,-0.6129622916312631,2.055476478936825
299.35150894043585,0.0759714913211641,-2.485974177382476,-0.6129312546030784,2.091007289498457
299.35150894043585,-0.05064284857325215,-2.486014728182255,-0.6129284394077865,2.0738146415689966
299.35150894043585,0.17737983773294524,-2.4856493127747856,-0.6129538107589062,2.106041369181219
299.35150894043585,-0.17737983773304702,-2.485649312772761,-0.6129538107593924,2.0583607318513204
299.35150894043585,0.05064284857315037,-2.486014728181465,-0.6129284394070008,2.0874277267415895
299.35150894043585,-0.07597149132126586,-2.4859741773828947,-0.6129312546038909,2.070585724701112
299.35150894043585,0.15200804454210784,-2.4857549859365387,-0.6129464768893514,2.102174470736901
299.4332932183224,0.02469964388958489,-2.4861940228707438,-0.6160691218172822,2.073633550925453
299.4332932183224,-5.088887490341627e-14,-2.4862017437266575,-0.6160685821323524,2.070280452476598
299.4332932183224,0.04940110484491885,-2.4861708612382825,-0.6160707433451049,2.077053694443593
299.4332932183224,-0.14828320924410782,-2.4859235148499894,-0.6160880612094269,2.051554413228965
299.4332932183224,-0.0741089116752677,-2.4861322466268567,-0.6160734460465551,2.0606206491132877
299.4332932183224,-0.12354461183329005,-2.4860085975362587,-0.616082100686317,2.054511235447192
299.4332932183224,-0.02469964388968667,-2.4861940228715222,-0.6160691218185552,2.0669941457805794
299.4332932183224,-0.09882296534370555,-2.4860781619686443,-0.6160772282807678,2.057532966006296
299.4332932183224,0.14828320924400604,-2.4859235148517764,-0.6160880612082794,2.0914137423036356
299.4332932183224,0.09882296534365466,-2.486078161972187,-0.6160772282829732,2.084097130351116
299.4332932183224,0.12354461183318827,-2.4860085975382256,-0.6160821006860494,2.0877207070036436
299.43329321832243,0.07410891167516592,-2.4861322466296394,-0.6160734460485544,2.080541542293006
299.43329321832243,-0.049401104845020624,-2.486170861238866,-0.6160707433461121,2.0637743969501963
299.43329321832243,0.22258871854225315,-2.4855748212262148,-0.6161124944812041,2.102909052850042
299.43329321832243,0.17303438139682684,-2.4858228801970896,-0.6160951025450674,2.0951757006634586
299.43329321832243,0.19779880371968797,-2.485706669863387,-0.6161032465573416,2.099006787535857
299.43329321832243,-0.19779880371978975,-2.485706669861152,-0.6161032465586042,2.045837444972014
299.43329321832243,-0.22258871854235493,-2.485574821226935,-0.6161124944851339,2.0430760844865348
299.43329321832243,-0.1730343813968777,-2.485822880193914,-0.6160951025446983,2.048663141354324
299.51486820053367,-0.14455560818328697,-2.4860920097496613,-0.6192253407350359,2.0418372743014648
299.51486820053367,-0.12043815498918713,-2.4861729322050707,-0.6192196297274992,2.044728423170124
299.51486820053367,0.09633773677217233,-2.4862390939509047,-0.6192149614230067,2.073577347717693
299.51486820053367,0.04815843909780294,-2.486327257885159,-0.6192087490653346,2.066720333482983
299.51486820053367,0.12043815498908535,-2.486172932203137,-0.6192196297232798,2.077102863277038
299.51486820053367,0.21699812971892163,-2.485760347304353,-0.6192487537486336,2.0918666250182087
299.51486820053367,0.1928291046410672,-2.485885758962132,-0.6192398909066901,2.08807535984026
299.51486820053367,-5.088887490341627e-14,-2.486356628869308,-0.6192066786722802,2.0601205806137197
299.51486820053367,-0.04815843909785383,-2.486327257886204,-0.6192087490672701,2.053775071518899
299.5148682005337,-0.02407830651091117,-2.4863492858264546,-0.619207195621762,2.0569161656389774
299.5148682005337,-0.09633773677227411,-2.4862390939505414,-0.6192149614241927,2.047681226038468
299.5148682005337,-0.07224494902760872,-2.486290532955653,-0.6192113382480714,2.0506967373681864
299.5148682005337,-0.19282910464116898,-2.4858857589565226,-0.6192398909044368,2.036241893011226
299.5148682005337,0.07224494902750694,-2.486290532957038,-0.619211338247993,2.070116587150787
299.5148682005337,0.024078306510809395,-2.48634928582561,-0.6192071956205325,2.063388551762769
299.5148682005337,0.1445556081831852,-2.486092009749689,-0.6192253407318384,2.0806946061926146
299.5148682005337,-0.2169981297190234,-2.485760347303348,-0.6192487537505034,2.0335364278033774
299.5148682005337,-0.1686856984748005,-2.48599629267204,-0.6192320868361898,2.0390084233901336
299.5148682005337,0.16868569847474962,-2.485996292675624,-0.6192320868367684,2.084352037089985
299.59623397637296,0.16433387091724172,-2.4861695501819097,-0.6223647486392411,2.0735702952697648
299.59623397637296,-5.088887490341627e-14,-2.486511816340365,-0.6223404609567597,2.050001249234719
299.59623397637296,-0.07037963850448752,-2.486449037607948,-0.622344914690839,2.0408138787804835
299.59623397637296,0.07037963850438574,-2.48644903760739,-0.6223449146882986,2.059732322829051
299.59623397637296,0.023456519828254266,-2.4865048417647997,-0.62234095500184,2.0531840695331454
299.596233976373,-0.16433387091729262,-2.4861695501813026,-0.6223647486412028,2.02939647273288
299.596233976373,0.11732945179259267,-2.4863373358103096,-0.6223528403449083,2.0665261787662663
299.596233976373,0.18785581185554384,-2.486064553174124,-0.6223722102662901,2.077186345366289
299.596233976373,-0.1408253116060376,-2.486260471041667,-0.6223582999635856,2.032162363842588
299.596233976373,0.04691487474969243,-2.486483919514312,-0.6223424398711646,2.0564275395742686
299.596233976373,-0.04691487474974332,-2.4864839195143946,-0.6223424398724451,2.043816554694574
299.596233976373,-0.023456519828356046,-2.486504841763357,-0.6223409550006574,2.046878823206595
299.596233976373,-0.11732945179269445,-2.4863373358124523,-0.6223528403494824,2.034987374035138
299.596233976373,0.09385071107315124,-2.4864001788629997,-0.6223483776322302,2.063098453301713
299.596233976373,0.21140349820861204,-2.4859454202229627,-0.6223806850950576,2.0808671751779353
299.596233976373,0.1408253116059358,-2.486260471039188,-0.6223582999581809,2.070016973817735
299.596233976373,-0.21140349820866294,-2.4859454202207827,-0.6223806850953667,2.024040836357099
299.596233976373,-0.093850711073253,-2.4864001788650554,-0.6223483776360379,2.0378708574143247
299.596233976373,-0.18785581185564562,-2.486064553167901,-0.6223722102632998,2.026689720665792
299.67739537612334,-0.13709217134792462,-2.4864288968772676,-0.6254869720321874,2.0225290120429302
299.67739537612334,0.09136178946395718,-2.4865614157079023,-0.625477509729095,2.052659740071458
299.67739537612334,0.02283425914514141,-2.4866606903628505,-0.6254704325106257,2.0430194041364445
299.67739537612334,-5.088887490341627e-14,-2.486667305851508,-0.6254699615037849,2.039921761357111
299.67739537612334,-0.06851290601724909,-2.4866077599183587,-0.6254742080634101,2.030971388140323
299.67739537612334,0.13709217134782284,-2.486428896876584,-0.6254869720291408,2.059380135546144
299.67739537612334,0.0685129060171982,-2.486607759920978,-0.6254742080636272,2.04938804420301
299.67739537612334,0.20580460179706256,-2.486130036128675,-0.625508322447499,2.069909992828064
299.67739537612334,-0.022834259145192295,-2.4866606903604196,-0.6254704325088585,2.0368814250219462
299.67739537612334,-0.20580460179716434,-2.4861300361272023,-0.6255083224484372,2.0145886593654287
299.67739537612334,-0.045670362407285565,-2.4866408456624467,-0.6254718483635922,2.0338981569402583
299.67739537612334,0.045670362407183786,-2.486640845664041,-0.6254718483634985,2.046174609903397
299.6773953761234,-0.1599787258732678,-2.4863426502059927,-0.6254931213050833,2.019826625511569
299.6773953761234,0.15997872587316603,-2.4863426502066197,-0.6254931213037286,2.0628297648747864
299.6773953761234,-0.09136178946405894,-2.486561415706901,-0.6254775097299593,2.0281011796542603
299.6773953761234,-0.1142183787685726,-2.486501806932052,-0.6254817655192257,2.025287412697674
299.6773953761234,-0.18287872782802664,-2.4862430492788414,-0.6255002383034396,2.0171802704098907
299.6773953761234,0.18287872782797573,-2.4862430492818146,-0.6255002383033538,2.0663390334990694
299.6773953761234,0.11421837876852171,-2.4865018069316425,-0.6254817655165246,2.0559899449382395
299.7583514814285,-0.044424940311892494,-2.4867980299964145,-0.628596942992493,2.024019893168803
299.7583514814286,-0.0888710484243607,-2.4867227972906,-0.6286023261913868,2.0183722062810157
299.7583514814286,0.08887104842425891,-2.486722797292538,-0.6286023261917701,2.042261242108945
299.7583514814286,-0.022211543582304004,-2.4868168254275025,-0.6285955965033947,2.026923987629931
299.7583514814286,-0.06664480892701903,-2.486766693155647,-0.6285991867258852,2.021169279352994
299.7583514814286,-5.088887490341627e-14,-2.4868230912854754,-0.628595148644189,2.0298821357832058
299.7583514814286,0.1556203971677448,-2.4865155834165384,-0.6286171735421167,2.0521304980125104
299.7583514814286,0.022211543582202228,-2.4868168254280762,-0.6285955965027508,2.032894577257382
299.7583514814286,0.04442494031179072,-2.4867980299994112,-0.6285969429934108,2.035961569662881
299.75835148142863,-0.1778980054944442,-2.4864212368153344,-0.6286239438642999,2.007713560497712
299.75835148142863,-0.2225270572050278,-2.4861943718840176,-0.6286402297211344,2.002698617414018
299.75835148142863,0.13335630212102143,-2.4865972787630737,-0.6286113254157516,2.0487841368524666
299.75835148142863,0.17789800549434243,-2.486421236816772,-0.6286239438628882,2.0555334836119057
299.75835148142863,-0.11110503151411756,-2.4866663378262843,-0.6286063738687359,2.0156285529260143
299.75835148142863,-0.13335630212112318,-2.4865972787614843,-0.628611325415611,2.0129372335380036
299.75835148142863,0.06664480892691725,-2.486766693161424,-0.6285991867292239,2.0390837805973954
299.75835148142863,0.11110503151406667,-2.4866663378253264,-0.628606373866152,2.045494201260538
299.7583514814287,0.20020161252749855,-2.4863141836625555,-0.6286316346986224,2.0589951452274957
299.7583514814287,-0.20020161252754942,-2.486314183658918,-0.6286316346976555,2.0051799178282383
299.7583514814287,-0.1556203971677957,-2.486515583415231,-0.6286171735421223,2.0102988978546175
299.7583514814287,0.22252705720492602,-2.4861943718850803,-0.6286402297200749,2.062515010982881
299.8391016503971,-0.12961780643740423,-2.486765616201365,-0.6317313368828941,2.0033870093339647
299.8391016503971,0.12961780643730245,-2.4867656162027036,-0.6317313368831212,2.038228986302465
299.8391016503971,0.15125900439293832,-2.486688347614631,-0.6317368811882041,2.041472509484481
299.8391016503971,-0.10798949545918071,-2.4868309268464275,-0.6317266402693033,2.006010774691914
299.8391016503971,-0.04317864263783539,-2.486955471791638,-0.6317176980009657,2.0141817438738543
299.8391016503971,-5.088887490341627e-14,-2.4869791728527644,-0.6317159973975756,2.019882356386393
299.8391016503971,0.04317864263773361,-2.4869554717909543,-0.631717697998677,2.0257884085327693
299.8391016503971,0.02158839022680136,-2.486973246601983,-0.6317164213481812,2.022809575369099
299.8391016503971,0.06477539849400835,-2.4869258374798275,-0.6317198263291852,2.028819525503039
299.8391016503971,0.10798949545912982,-2.4868309268459465,-0.6317266402674485,2.035038950671194
299.8391016503971,-0.17291378152526676,-2.4865991128224576,-0.6317433034086304,1.9982895758383064
299.8391016503971,-0.15125900439298923,-2.4866883476154205,-0.6317368811899997,2.0008132724104395
299.83910165039714,0.08637855629974922,-2.4868843226528794,-0.6317228018732264,2.031902957322754
299.83910165039714,-0.08637855629980011,-2.4868843226543595,-0.6317228018756508,2.0086839168303015
299.83910165039714,-0.19459468414533798,-2.486497860412765,-0.6317505998063826,1.9958145995120986
299.83910165039714,0.1945946841452362,-2.48649786041465,-0.631750599805493,2.0481226614834753
299.83910165039714,0.1729137815252159,-2.4865991128205094,-0.6317433034040305,2.0447697173607935
299.83910165039714,-0.2162975308997402,-2.4863845313676425,-0.6317587523555622,1.99338899193009
299.83910165039714,-0.021588390226852248,-2.4869732466031005,-0.6317164213508146,2.01700649291052
299.83910165039714,-0.06477539849405924,-2.4869258374798284,-0.6317198263306152,2.0114075321297262
299.83910165039714,0.21629753089968928,-2.4863845313698953,-0.6317587523553201,2.0515308655270665
299.9196508052137,0.083884209156822,-2.4870459969046337,-0.6348389904683085,2.021584170747304
299.91965080521373,-0.06290459676658758,-2.487085189091124,-0.6348361689111333,2.0016854545490914
299.91965080521373,-0.1468943656846808,-2.486860949403818,-0.6348523024678165,1.9913690792586838
299.91965080521373,-0.2100633683167376,-2.486574041289079,-0.6348729805907393,1.984122913356582
299.91965080521373,-0.16792584808518946,-2.486776676890593,-0.6348583661717566,1.988907653034286
299.91965080521373,-5.088887490341627e-14,-2.4871355493383045,-0.6348325522762316,2.009921718955173
299.91965080521373,0.020964773094214174,-2.4871299557820064,-0.6348329549596745,2.0127636909648357
299.91965080521373,0.14689436568457903,-2.4868609494016907,-0.6348523024648096,2.0308550804906784
299.91965080521373,0.18898358284907488,-2.4866810536929997,-0.6348652520071559,2.037291822278745
299.91965080521373,-0.02096477309431595,-2.487129955780542,-0.6348329549597739,2.0071282403417703
299.9196508052138,0.10487164069011311,-2.4869955733830724,-0.634842610418381,2.024623476530439
299.9196508052138,0.04193141741607209,-2.4871131713181307,-0.6348341589437793,2.0156544161179815
299.9196508052138,-0.04193141741612298,-2.487113171320406,-0.6348341589469783,2.004383012629759
299.9196508052138,-0.12587652840658728,-2.4869339001822057,-0.6348470432111596,1.993877663418665
299.9196508052138,-0.08388420915692378,-2.4870459969099423,-0.6348389904741861,1.9990356242732603
299.9196508052138,-0.104871640690164,-2.486995573385692,-0.6348426104227194,1.9964333962747733
299.9196508052138,-0.18898358284912578,-2.486681053692931,-0.634865252009968,1.9864920479331756
299.9196508052138,0.16792584808513858,-2.4867766768889066,-0.6348583661673614,2.034047015490655
299.9196508052138,0.12587652840653638,-2.486933900181851,-0.6348470432093531,2.027713965983881
299.9196508052138,0.06290459676653669,-2.4870851890865735,-0.6348361689059882,2.0185945660450666
299.91965080521385,0.2100633683166867,-2.4865740412912363,-0.634872980590136,2.0405890200447847
299.99999999999994,-5.088887490341627e-14,-2.4872138102419656,-0.6363897631992658,2.0000000000000604
299.99999999999994,-0.02034069581042567,-2.487208391780842,-0.6363901473525374,1.9972890062345252
299.99999999999994,-0.0406832718985726,-2.487192123324813,-0.6363912850621272,1.9946234760648311
299.99999999999994,-0.06103241462189752,-2.4871650010919866,-0.6363931859847795,1.9920028241019263
299.99999999999994,0.06103241462184663,-2.4871650010892434,-0.6363931859814521,2.008408682638737
299.99999999999994,0.04068327189852171,-2.4871921233242347,-0.6363912850608598,2.005559370996301
299.99999999999994,0.02034069581037478,-2.487208391784854,-0.6363901473550448,2.0027567013301284
300.0,-0.203824605703097,-2.4866695921948803,-0.636428071680241,1.9749001806653572
300.0,-0.08138802149845038,-2.4871270251180055,-0.6363958691710322,1.9894271075836873
300.0,0.10175148533500775,-2.487078149770753,-0.6363992894608654,2.0142475646178224
300.0,-0.22430139156650455,-2.4865547603768228,-0.6364361797684497,1.9726322813365025
300.0,0.0813880214983486,-2.487127025112335,-0.6363958691647603,2.0113046652559716
300.0,-0.12213248978147809,-2.487018370442158,-0.6364034800066781,1.9844089791578334
300.0,-0.14252650641998194,-2.486947680172192,-0.6364084825176723,1.981966104933104
300.0,-0.16293423417537498,-2.486865993520789,-0.6364142181897083,1.9795675821998429
300.0,-0.18336834126341434,-2.4867733018344182,-0.6364207275512563,1.9772120572692526
300.0,-0.10175148533505864,-2.4870781497748933,-0.6363992894670407,1.9868961985789502
300.0,0.1221324897814272,-2.4870183704414326,-0.6364034800043015,2.017238865113649
300.0,0.14252650641988016,-2.486947680169943,-0.6364084825147337,2.0202780043926616
300.0,0.16293423417532407,-2.4868659935207673,-0.6364142181869319,2.023365175920721
300.0,0.18336834126331256,-2.4867733018346314,-0.6364207275485109,2.026502430574015
300.0,0.2038246057029952,-2.486669592195387,-0.6364280716780653,2.029689283269611
300.0,0.22430139156645365,-2.4865547603743536,-0.6364361797648966,2.032925622489927
