contour,relative_angle_deg,radius_мм,sigma_rr_mpa,sigma_tt_mpa,tau_rt_mpa
inner,-30.000000000000068,249.99999999999994,0.33579707834805783,0.20203766587353236,0.1560808861648964
inner,-29.850000000000026,249.99999999999997,0.2600319834230358,0.17583700663120347,0.13256534112747392
inner,-29.700000000000088,249.99999999999997,0.16364409928229404,0.14395468697704017,0.096937124677451
inner,-29.550000000000043,249.99999999999997,0.13234134619088342,0.13242747809315744,0.07770970459303674
inner,-29.400000000000105,249.99999999999997,0.11426008924517231,0.12294845991454559,0.06647416616790341
inner,-29.250000000000064,249.99999999999994,0.1023624866196686,0.11539548297468896,0.05892291474273596
inner,-29.100000000000122,249.99999999999994,0.09353394019078819,0.1090650237325796,0.05334764794025193
inner,-28.95000000000008,249.99999999999997,0.08656455709480887,0.10366304738083496,0.04895470209085713
inner,-28.800000000000143,249.99999999999994,0.08081347174147455,0.09895756419482298,0.045340893749897034
inner,-28.6500000000001,249.99999999999997,0.07592157228967997,0.09478790278260735,0.04227663904984098
inner,-28.50000000000006,249.99999999999997,0.0716651103780033,0.09103544561705307,0.039619885152725076
inner,-28.35000000000012,249.99999999999997,0.06789647217917041,0.08761237999865393,0.03727659073389093
inner,-28.200000000000077,249.99999999999994,0.06451293506267133,0.08445247901196397,0.03518126720906756
inner,-28.05000000000014,249.99999999999997,0.06144007292183466,0.08150515358549615,0.03328644097892701
inner,-27.900000000000098,249.99999999999994,0.05862207568955595,0.07873124636571951,0.03155656098748179
inner,-27.750000000000156,249.99999999999997,0.05601586831816647,0.07610009254291505,0.02996426817325474
inner,-27.600000000000115,249.99999999999997,0.05358736236476462,0.0735874195536448,0.028488009124461602
inner,-27.450000000000177,249.99999999999997,0.05130898173943248,0.0711738290766435,0.02711045317061845
inner,-27.300000000000132,249.99999999999997,0.04915797666120267,0.06884368390504596,0.025817410429009847
inner,-27.150000000000194,249.99999999999997,0.04711524351475807,0.06658428136135532,0.024597072960269133
inner,-27.000000000000153,249.99999999999994,0.045164479002107946,0.06438523201278687,0.023439470460677764
inner,-26.85000000000021,249.99999999999997,0.043291561095190466,0.0622379874870814,0.022336071998994338
inner,-26.70000000000017,249.99999999999994,0.04148408741252006,0.06013547791659997,0.021279489381883693
inner,-26.55000000000023,249.99999999999997,0.039731025109486284,0.058071830942312455,0.020263252637267692
inner,-26.40000000000019,249.99999999999994,0.03802244121013053,0.056042152057943814,0.01928163759000212
inner,-26.25000000000025,249.99999999999994,0.03634929193948935,0.05404235157501984,0.018329531671462798
inner,-26.100000000000207,249.99999999999997,0.034703255964916684,0.052069007346259306,0.01740232820776353
inner,-25.950000000000166,249.99999999999994,0.03307660076989413,0.05011925515922094,0.016495842211622154
inner,-25.800000000000228,249.99999999999994,0.03146207435644871,0.048190700733044683,0.015606242614267967
inner,-25.650000000000187,249.99999999999994,0.029852816520536778,0.04628134869661425,0.014729997215071686
inner,-25.500000000000245,249.99999999999994,0.028242285423480076,0.04438954501345909,0.013863827578303881
inner,-25.350000000000204,249.99999999999994,0.02662419624762174,0.0425139301369038,0.013004671788604838
inner,-25.200000000000266,249.99999999999997,0.024992469472029686,0.04065340076087441,0.012149653478902187
inner,-25.050000000000225,249.99999999999997,0.023341186895587736,0.03880707851629386,0.011296055909757229
inner,-24.900000000000283,249.99999999999997,0.021664553943583548,0.03697428430496416,0.010441300151670774
inner,-24.75000000000024,249.99999999999994,0.019956867107846304,0.035154517224444744,0.009582926630897687
inner,-24.600000000000303,249.99999999999994,0.018212485628077917,0.03334743726315063,0.008718579453010621
inner,-24.45000000000026,249.99999999999997,0.01642580669384241,0.031552851095563425,0.007845993040177336
inner,-24.30000000000032,249.99999999999997,0.014591243595085481,0.029770700439879786,0.006962980710969787
inner,-24.15000000000028,249.99999999999994,0.012703206366218635,0.028001052549009253,0.00606742490179919
inner,-24.000000000000288,249.99999999999997,0.010756084550749112,0.026244092476605044,0.00515726878776986
inner,-23.850000000000296,249.99999999999994,0.008744231781337826,0.024500116820862953,0.00423050910577653
inner,-23.70000000000031,249.99999999999997,0.0066619519372962685,0.022769528714221384,0.0032851900168654287
inner,-23.550000000000317,249.99999999999997,0.004503486679010338,0.021052833856376386,0.0023193978757498354
inner,-23.400000000000276,249.99999999999997,0.002263004194476263,0.019350637419570133,0.0013312567979910936
inner,-23.250000000000334,249.99999999999997,-6.541096965599017e-05,0.01766364169207736,0.0003189249328627913
inner,-23.100000000000293,249.99999999999997,-0.002487767098727057,0.015992644339168385,-0.000719408631684345
inner,-22.950000000000355,249.99999999999997,-0.0050101736077500705,0.014338537177305839,-0.00178552639439026
inner,-22.800000000000313,250.0,-0.007638848514631542,0.012702305373679576,-0.002881184449017311
inner,-22.65000000000037,249.99999999999997,-0.010380125137684076,0.01108502699533993,-0.004008114017393257
inner,-22.50000000000033,249.99999999999997,-0.013240458054514351,0.009487872838382828,-0.005168022541716579
inner,-22.35000000000034,249.99999999999997,-0.01622642834887569,0.007912106476035219,-0.006362594365731408
inner,-22.20000000000035,249.99999999999997,-0.01934474816626923,0.006359084464969361,-0.007593491027892954
inner,-22.05000000000036,249.99999999999997,-0.022602264577412153,0.004830256663136438,-0.008862351185371965
inner,-21.900000000000368,250.0,-0.026005962751515146,0.003327166604237644,-0.01017079018328667
inner,-21.750000000000377,249.99999999999997,-0.029562968429422312,0.0018514518835736923,-0.011520399281132897
inner,-21.600000000000385,249.99999999999994,-0.033280549682108855,0.0004048445049973715,-0.012912744544481432
inner,-21.450000000000447,249.99999999999997,-0.037166117925301716,-0.0010108288525237348,-0.01434936540828883
inner,-21.300000000000406,250.0,-0.04122722816550012,-0.002393646696909121,-0.015831772916275737
inner,-21.150000000000464,250.0,-0.045471578444384174,-0.0037415927643773216,-0.017361447637340138
inner,-21.000000000000423,249.99999999999997,-0.0499070084308156,-0.005052556277639626,-0.0189398372609487
inner,-20.850000000000485,249.99999999999997,-0.05454149712880143,-0.0063243324827939595,-0.02056835387102954
inner,-20.70000000000039,250.0,-0.0593831596394178,-0.007554623504309691,-0.022248370896547097
inner,-20.550000000000402,250.00000000000003,-0.0644402429239238,-0.00874103956998406,-0.023981219737456174
inner,-20.40000000000046,250.0,-0.06972112051269182,-0.009881100663675325,-0.02576818606271154
inner,-20.25000000000042,250.00000000000003,-0.07523428609409738,-0.01097223865655224,-0.02761050577942267
inner,-20.100000000000428,250.00000000000003,-0.08098834591838036,-0.012011799970294248,-0.0295093606712389
inner,-19.95000000000044,249.99999999999997,-0.08699200994603644,-0.012997048829338526,-0.03146587370246118
inner,-19.800000000000498,250.0,-0.09325408167116801,-0.013925171158722199,-0.03348110398942325
inner,-19.650000000000457,250.0,-0.09978344654881006,-0.014793279184643524,-0.03555604143844189
inner,-19.500000000000465,250.00000000000003,-0.10658905894961758,-0.015598416793584414,-0.037691601051793824
inner,-19.350000000000477,250.0,-0.11367992756859865,-0.016337565706322298,-0.039888616905151164
inner,-19.200000000000486,250.00000000000003,-0.12106509921611598,-0.01700765252270934,-0.04214783580095923
inner,-19.050000000000495,250.00000000000006,-0.12875364091276237,-0.017605556683705066,-0.04446991060491342
inner,-18.900000000000503,250.00000000000003,-0.13675462022645807,-0.018128119403318578,-0.046855393276224636
inner,-18.75000000000051,250.0,-0.14507708379064851,-0.018572153588864892,-0.04930472761166919
inner,-18.600000000000524,250.00000000000003,-0.15373003398855606,-0.018934454756108735,-0.05181824173696177
inner,-18.450000000000532,250.00000000000003,-0.16272240385011477,-0.01921181282919143,-0.05439614042886371
inner,-18.30000000000054,250.00000000000003,-0.17206303039295934,-0.01940102459541481,-0.05703849741562859
inner,-18.1500000000005,250.0,-0.18176062687032807,-0.019498906333292678,-0.05974524792049224
inner,-18.000000000000508,250.00000000000003,-0.19182375477320185,-0.0195023059052124,-0.06251618183225513
inner,-17.850000000000517,250.00000000000003,-0.20226079666108654,-0.01940811341484782,-0.06535093793430037
inner,-17.70000000000053,249.99999999999997,-0.21307993097266334,-0.019213270663340623,-0.06824899921242204
inner,-17.550000000000587,250.00000000000003,-0.224289108544425,-0.018914780477274087,-0.07120968879884113
inner,-17.400000000000546,250.00000000000003,-0.23589602927504608,-0.018509717745588343,-0.0742321657342657
inner,-17.250000000000554,250.00000000000003,-0.24790811655549946,-0.017995243485580584,-0.07731541992436367
inner,-17.100000000000566,250.00000000000006,-0.26033248756236477,-0.01736862055094434,-0.08045826658402565
inner,-16.950000000000575,250.00000000000006,-0.2731759207301974,-0.01662723152795859,-0.08365934019781295
inner,-16.800000000000583,250.00000000000003,-0.2864448204446344,-0.015768597191016403,-0.08691708864710129
inner,-16.650000000000592,250.0,-0.3001451806969886,-0.014790393429936,-0.09022976828805299
inner,-16.5000000000006,250.00000000000003,-0.3142825503292116,-0.013690469487118068,-0.09359543934299379
inner,-16.350000000000612,250.00000000000003,-0.32886199728983356,-0.012466865147428455,-0.09701196212771354
inner,-16.20000000000062,250.00000000000006,-0.34388807403634253,-0.011117827960773128,-0.10047699396740527
inner,-16.05000000000063,250.0,-0.3593647833735791,-0.009641829123004615,-0.10398798715379724
inner,-15.90000000000064,250.00000000000006,-0.37529554593899794,-0.008037579505509857,-0.10754218751002595
inner,-15.7500000000007,250.00000000000003,-0.391683168035732,-0.006304045875396013,-0.11113663350166741
inner,-15.600000000000659,250.00000000000006,-0.4085298097966184,-0.004440465435596154,-0.11476815648887455
inner,-15.450000000000667,250.00000000000006,-0.4258369556022039,-0.0024463585780034845,-0.11843338218788443
inner,-15.300000000000626,250.00000000000006,-0.4436053871304361,-0.0003215428637517413,-0.12212873243072372
inner,-15.150000000000635,250.00000000000009,-0.4618351560407783,0.0019338556548816567,-0.12585042826377837
inner,-15.000000000000645,250.00000000000003,-0.4805255599320928,0.004319392776113915,-0.12959449415244487
inner,-14.850000000000653,250.00000000000006,-0.4996751211078461,0.0068342955367766915,-0.1333567625369947
inner,-14.700000000000664,250.00000000000006,-0.5192815654622495,0.009477455855878086,-0.1371328800972708
inner,-14.550000000000672,250.00000000000003,-0.5393418065868978,0.012247424308901321,-0.14091831469533375
inner,-14.400000000000631,250.00000000000003,-0.5598519314514719,0.015142405853361095,-0.14470836330185488
inner,-14.25000000000064,250.00000000000003,-0.5808071889895796,0.018160257257549065,-0.1484981608370827
inner,-14.10000000000065,250.00000000000006,-0.6022019817954412,0.021298485683244488,-0.15228268979964454
inner,-13.95000000000071,250.0,-0.6240298604973002,0.024554251547749314,-0.15605679149023463
inner,-13.800000000000669,250.00000000000006,-0.6462835235987623,0.02792437091377607,-0.1598151773559002
inner,-13.650000000000627,250.00000000000009,-0.6689548182418065,0.031405319040680904,-0.16355244089011567
inner,-13.500000000000636,250.00000000000006,-0.6920347435654891,0.034993239505187526,-0.1672630713352907
inner,-13.350000000000646,250.00000000000003,-0.7155134610905135,0.038683951570190986,-0.1709414670479331
inner,-13.200000000000655,250.00000000000003,-0.7393803049851393,0.042472961239656284,-0.17458194993509
inner,-13.050000000000614,250.00000000000003,-0.7636237971791346,0.046355474431134906,-0.17817878048935992
inner,-12.900000000000622,249.99999999999997,-0.7882316660742084,0.05032640954888253,-0.18172617261177235
inner,-12.750000000000632,250.00000000000003,-0.8131908662883743,0.05438041528154263,-0.18521830983353368
inner,-12.600000000000641,250.00000000000006,-0.8384876047916751,0.058511887583944946,-0.18864936105761512
inner,-12.450000000000651,250.00000000000003,-0.8641073674478625,0.06271498697721854,-0.19201349615830432
inner,-12.300000000000608,250.00000000000003,-0.8900349474875516,0.06698366125190199,-0.19530490293354852
inner,-12.150000000000619,250.0,-0.9162544806691051,0.0713116664861514,-0.19851780313320333
inner,-12.000000000000627,250.00000000000003,-0.9427494795868998,0.07569258848188945,-0.20164646816483706
inner,-11.850000000000637,250.00000000000003,-0.9695028694966549,0.08011986712904041,-0.20468523527611174
inner,-11.700000000000596,250.00000000000006,-0.9964970284769837,0.08458682074119582,-0.20762852326792103
inner,-11.550000000000605,250.00000000000003,-1.0237138286950853,0.08908667165620537,-0.21047084802534297
inner,-11.400000000000613,250.00000000000003,-1.0511346795642484,0.09361257140583142,-0.21320683731873816
inner,-11.250000000000675,250.00000000000003,-1.078740571166366,0.09815762621883937,-0.21583124513957339
inner,-11.100000000000632,250.00000000000003,-1.1065121189139338,0.1027149233506324,-0.2183389657082619
inner,-10.95000000000059,250.00000000000006,-1.134429609834326,0.10727755706893397,-0.22072504674555848
inner,-10.80000000000065,249.99999999999997,-1.162473049061938,0.11183865453837574,-0.22298470207571225
inner,-10.65000000000061,250.00000000000003,-1.1906222067005872,0.11639140136812859,-0.22511332349304813
inner,-10.50000000000067,250.00000000000003,-1.2188566647842698,0.12092906669365139,-0.22710649184870066
inner,-10.350000000000628,249.99999999999997,-1.2471558641080691,0.1254450276361592,-0.22895998731660241
inner,-10.200000000000587,250.0,-1.2754991506907187,0.1299327930036,-0.23066979880464322
inner,-10.050000000000596,250.00000000000003,-1.3038658216451804,0.13438602609817646,-0.23223213248345168
inner,-9.900000000000606,250.00000000000003,-1.3322351702423847,0.13879856650503614,-0.23364341941121616
inner,-9.750000000000563,250.00000000000003,-1.3605865299536313,0.14316445075290943,-0.2349003222401097
inner,-9.600000000000573,250.0,-1.388899317289132,0.14747793172944526,-0.23599974099619597
inner,-9.450000000000582,250.00000000000006,-1.4171530732448296,0.151733496762557,-0.23693881793070742
inner,-9.300000000000592,249.99999999999997,-1.4453275031836705,0.15592588428883664,-0.2377149414468191
inner,-9.1500000000006,249.99999999999997,-1.4734025150093377,0.1600500990232876,-0.23832574911164234
inner,-9.00000000000056,249.99999999999997,-1.50135825548121,0.16410142558091798,-0.2387691297688977
inner,-8.85000000000062,249.99999999999997,-1.5291751445442348,0.1680754404871923,-0.23904322476745626
inner,-8.700000000000578,249.99999999999997,-1.556833907551917,0.1719680224598378,-0.23914642832112226
inner,-8.550000000000587,250.0,-1.5843156054002865,0.17577536146195027,-0.2390773871911674
inner,-8.400000000000597,249.99999999999997,-1.6116016627889909,0.17949396571624077,-0.2388349994070629
inner,-8.250000000000556,249.99999999999994,-1.638673893547124,0.18312066677796118,-0.2384184121885689
inner,-8.100000000000616,249.99999999999994,-1.6655145235127884,0.18665262338866093,-0.23782701933753733
inner,-7.950000000000574,250.0,-1.6921062116119117,0.19008732354345384,-0.23706045787788435
inner,-7.800000000000634,249.99999999999994,-1.7184320683312788,0.19342258494971798,-0.23611860408257407
inner,-7.650000000000593,249.99999999999994,-1.7444756718122307,0.1966565538504825,-0.2350015689233732
inner,-7.500000000000552,249.99999999999997,-1.7702210817663304,0.19978770274801197,-0.23370969314092055
inner,-7.350000000000612,249.99999999999994,-1.7956528514007348,0.2028148263044746,-0.23224354164932454
inner,-7.2000000000005695,249.99999999999997,-1.820756036392707,0.20573703558552323,-0.23060389749335028
inner,-7.050000000000528,250.0,-1.8455162016439355,0.2085537514363379,-0.22879175562251503
inner,-6.900000000000588,249.99999999999997,-1.869919426441698,0.21126469639892795,-0.22680831621808586
inner,-6.750000000000547,249.99999999999997,-1.8939523074451825,0.2138698858210047,-0.22465497790183608
inner,-6.6000000000005565,250.0,-1.917601960112451,0.2163696177874681,-0.22233333061101
inner,-6.450000000000566,249.99999999999997,-1.940856017807381,0.21876446172313943,-0.21984514820237278
inner,-6.300000000000524,249.99999999999997,-1.9637026288963872,0.22105524638877624,-0.21719238108426167
inner,-6.150000000000533,249.99999999999997,-1.9861304526534829,0.22324304704290418,-0.21437714870693672
inner,-6.000000000000543,249.99999999999997,-2.0081286537760854,0.22532917228829952,-0.2114017321413281
inner,-5.850000000000552,249.99999999999997,-2.0296868957771417,0.22731515007249234,-0.20826856647577108
inner,-5.700000000000511,250.0,-2.050795332441933,0.22920271289564617,-0.20498023320777836
inner,-5.55000000000052,249.99999999999994,-2.071444598051984,0.23099378292373937,-0.20153945286571154
inner,-5.400000000000529,249.99999999999994,-2.091625797221025,0.23269045696883936,-0.1979490777240536
inner,-5.250000000000538,249.99999999999997,-2.111330493870455,0.23429499117883656,-0.19421208456262046
inner,-5.100000000000497,250.0,-2.1305506990160263,0.2358097853094175,-0.19033156750600982
inner,-4.950000000000506,249.99999999999997,-2.1492788576681208,0.23723736706179396,-0.18631073114426047
inner,-4.800000000000516,249.99999999999997,-2.1675078356242907,0.2385803766710284,-0.18215288388699358
inner,-4.650000000000525,249.99999999999997,-2.1852309059780053,0.23984155151613318,-0.1778614314342472
inner,-4.500000000000535,249.99999999999997,-2.202441734884059,0.24102371065813877,-0.17343987041700298
inner,-4.350000000000493,250.0,-2.2191343668950503,0.2421297396569748,-0.16889178235774333
inner,-4.200000000000502,249.99999999999997,-2.235303210537045,0.24316257589578227,-0.1642208279241299
inner,-4.050000000000511,250.0,-2.2509430239490844,0.24412519412292333,-0.15943074131862425
inner,-3.900000000000521,250.0,-2.266048900084269,0.24502059213448618,-0.1545253248943011
inner,-3.750000000000479,249.99999999999997,-2.280616251973953,0.2458517770287342,-0.14950844414702172
inner,-3.6000000000004886,250.0,-2.294640798535293,0.24662175199035358,-0.14438402292240665
inner,-3.450000000000498,250.00000000000003,-2.3081185504725585,0.2473335034253746,-0.13915603881863892
inner,-3.300000000000507,250.00000000000003,-2.3210457961904547,0.2479899884754265,-0.13382851885224364
inner,-3.1500000000005164,250.00000000000006,-2.3334190881532835,0.24859412320802354,-0.12840553545443473
inner,-3.0000000000004747,250.00000000000003,-2.345235229833338,0.24914877132033,-0.12289120263466961
inner,-2.850000000000484,250.00000000000006,-2.3564912628311334,0.24965673325181745,-0.11728967236299477
inner,-2.7000000000004936,250.0,-2.3671844543813396,0.2501207358862285,-0.11160513123574031
inner,-2.550000000000503,250.00000000000003,-2.377312285537211,0.2505434228701903,-0.10584179735851422
inner,-2.4000000000004613,250.0,-2.3868724398442023,0.2509273454297271,-0.10000391739979425
inner,-2.2500000000004707,250.00000000000003,-2.395862792380188,0.25127495367565,-0.09409576385591159
inner,-2.10000000000048,250.00000000000006,-2.404281399436629,0.25158858853592503,-0.08812163255571002
inner,-1.9500000000004893,250.00000000000006,-2.412126488875243,0.2518704742357783,-0.08208584029901073
inner,-1.8000000000004988,250.00000000000006,-2.419396450928038,0.2521227112472227,-0.0759927226651138
inner,-1.650000000000457,250.00000000000006,-2.4260898296103655,0.25234726980150646,-0.0698466320168291
inner,-1.5000000000004665,250.00000000000006,-2.4322053148255764,0.25254598395616273,-0.06365193563276379
inner,-1.3500000000004757,250.00000000000006,-2.4377417350415125,0.2527205461413073,-0.057413013970374925
inner,-1.2000000000004851,250.00000000000006,-2.4426980505592515,0.25287250221222146,-0.05113425906772603
inner,-1.0500000000004945,250.00000000000003,-2.4470733474500754,0.25300324702842186,-0.04482007306382521
inner,-0.9000000000004529,250.00000000000003,-2.4508668321373466,0.2531140205122377,-0.038474866810645006
inner,-0.7500000000004622,250.0,-2.4540778265745797,0.2532059041793881,-0.03210305858075677
inner,-0.6000000000004716,250.00000000000006,-2.4567057640774745,0.2532798181603728,-0.025709072863356275
inner,-0.4500000000004809,250.00000000000003,-2.4587501858117715,0.2533365186939612,-0.019297339220418267
inner,-0.30000000000043936,249.99999999999997,-2.460210737899317,0.2533765960784621,-0.012872291202056536
inner,-0.15000000000044866,249.99999999999994,-2.461087169169904,0.25340047308533176,-0.006438365311287347
inner,-4.579998741307465e-13,249.99999999999997,-2.4613793295643287,0.2534084038276646,-4.598492032868071e-14
inner,0.14999999999958355,249.99999999999997,-2.461087169169687,0.25340047308536545,0.006438365311142022
inner,0.2999999999995233,250.0,-2.4602107378986156,0.2533765960788743,0.012872291201874313
inner,0.4499999999995649,250.0,-2.4587501858115757,0.2533365186938561,0.019297339220234553
inner,0.5999999999995556,250.00000000000006,-2.4567057640765997,0.2532798181610679,0.02570907286319979
inner,0.7499999999995463,250.00000000000003,-2.4540778265729846,0.2532059041807427,0.03210305858064633
inner,0.899999999999537,250.00000000000006,-2.4508668321357105,0.2531140205134868,0.038474866810487646
inner,1.0499999999995784,250.00000000000003,-2.447073347447727,0.25300324703010335,0.04482007306361843
inner,1.1999999999995692,250.00000000000003,-2.442698050558193,0.2528725022126488,0.05113425906753242
inner,1.3499999999995598,250.00000000000009,-2.4377417350417483,0.2527205461414997,0.05741301397024154
inner,1.4999999999995506,250.00000000000006,-2.432205314826407,0.25254598395738453,0.06365193563272543
inner,1.6499999999995412,250.00000000000009,-2.426089829612477,0.2523472698027109,0.06984663201684134
inner,1.7999999999995826,250.00000000000006,-2.419396450929637,0.2521227112488778,0.07599272266513277
inner,1.9499999999995734,250.00000000000003,-2.412126488874888,0.25187047423833797,0.08208584029898591
inner,2.099999999999564,250.00000000000006,-2.4042813994363015,0.25158858853781463,0.08812163255561366
inner,2.2499999999995546,250.00000000000003,-2.395862792380539,0.25127495367696306,0.09409576385582832
inner,2.3999999999995962,250.00000000000006,-2.386872439844517,0.2509273454312084,0.10000391739978665
inner,2.549999999999587,250.00000000000006,-2.3773122855385886,0.25054342287027775,0.1058417973585438
inner,2.6999999999995774,250.00000000000009,-2.36718445438277,0.2501207358861428,0.11160513123559802
inner,2.8499999999995684,250.00000000000003,-2.3564912628323316,0.24965673325260504,0.11728967236280043
inner,2.9999999999996096,250.0,-2.3452352298345245,0.24914877132161642,0.12289120263462128
inner,3.1499999999996007,250.0,-2.3334190881532146,0.24859412321006652,0.1284055354544189
inner,3.2999999999995913,249.99999999999997,-2.321045796189926,0.2479899884769298,0.13382851885215477
inner,3.449999999999582,250.0,-2.308118550471116,0.24733350342690694,0.13915603881857286
inner,3.5999999999996235,250.0,-2.2946407985330297,0.24662175199197953,0.1443840229223356
inner,3.749999999999614,249.99999999999997,-2.2806162519715927,0.24585177703009795,0.14950844414694112
inner,3.8999999999996047,250.00000000000003,-2.266048900081773,0.24502059213590444,0.1545253248942977
inner,4.049999999999596,249.99999999999997,-2.2509430239475696,0.2441251941236763,0.15943074131863533
inner,4.199999999999586,250.0,-2.235303210536833,0.24316257589564172,0.16422082792418108
inner,4.3499999999996275,250.00000000000003,-2.2191343668948216,0.24212973965663084,0.16889178235770427
inner,4.499999999999618,250.0,-2.202441734883237,0.2410237106578163,0.17343987041683756
inner,4.649999999999609,249.99999999999997,-2.1852309059763355,0.23984155151610162,0.17786143143409486
inner,4.799999999999599,249.99999999999997,-2.167507835622187,0.2385803766711845,0.18215288388686363
inner,4.949999999999591,250.00000000000003,-2.149278857665427,0.237237367062254,0.18631073114413688
inner,5.099999999999632,249.99999999999997,-2.1305506990123657,0.23580978531022176,0.19033156750578845
inner,5.2499999999996225,249.99999999999991,-2.1113304938671154,0.23429499117901786,0.19421208456227051
inner,5.399999999999613,249.99999999999994,-2.091625797218401,0.2326904569681741,0.19794907772374984
inner,5.549999999999604,249.99999999999994,-2.071444598048585,0.23099378292358935,0.20153945286544267
inner,5.699999999999646,249.99999999999997,-2.0507953324377355,0.22920271289598595,0.20498023320750985
inner,5.849999999999636,249.99999999999997,-2.029686895773021,0.22731515007259592,0.20826856647549719
inner,5.999999999999627,249.99999999999997,-2.0081286537714833,0.225329172288901,0.21140173214103639
inner,6.1499999999996176,249.99999999999994,-1.986130452650023,0.22324304704218884,0.21437714870662813
inner,6.299999999999659,249.99999999999997,-1.963702628893077,0.22105524638787624,0.2171923810838801
inner,6.449999999999649,249.99999999999994,-1.940856017804098,0.21876446172280978,0.21984514820191076
inner,6.59999999999964,249.99999999999994,-1.917601960109842,0.21636961778694064,0.22233333061060226
inner,6.749999999999631,249.99999999999997,-1.8939523074423872,0.21386988582016833,0.22465497790139147
inner,6.899999999999622,249.99999999999994,-1.869919426438432,0.2112646963976072,0.22680831621752537
inner,7.049999999999663,249.99999999999994,-1.8455162016408535,0.20855375143435248,0.22879175562194812
inner,7.199999999999654,249.99999999999994,-1.82075603639092,0.2057370355828636,0.23060389749294966
inner,7.349999999999644,249.99999999999997,-1.7956528513991825,0.20281482630239425,0.2322435416491066
inner,7.499999999999635,249.99999999999997,-1.7702210817648671,0.19978770274593294,0.23370969314073262
inner,7.649999999999677,249.99999999999994,-1.74447567181174,0.19665655384775957,0.2350015689232304
inner,7.799999999999668,249.99999999999997,-1.718432068330917,0.1934225849479973,0.23611860408259555
inner,7.949999999999658,249.99999999999997,-1.6921062116122012,0.1900873235423236,0.23706045787808416
inner,8.09999999999965,250.0,-1.6655145235147408,0.18665262338656774,0.23782701933779588
inner,8.249999999999691,250.00000000000003,-1.6386738935488088,0.18312066677606684,0.23841841218875554
inner,8.39999999999968,249.99999999999997,-1.6116016627900993,0.179493965714637,0.23883499940712027
inner,8.549999999999672,249.99999999999997,-1.5843156054007232,0.17577536146074416,0.23907738719121166
inner,8.699999999999662,249.99999999999997,-1.5568339075513338,0.17196802245884496,0.23914642832105595
inner,8.849999999999653,249.99999999999997,-1.5291751445431554,0.16807544048564094,0.23904322476723486
inner,8.999999999999694,250.0,-1.5013582554794163,0.16410142557958893,0.23876912976861028
inner,9.149999999999686,249.99999999999997,-1.473402515007698,0.16005009902207898,0.23832574911137236
inner,9.299999999999676,249.99999999999997,-1.445327503182698,0.1559258842870772,0.23771494144658953
inner,9.449999999999667,249.99999999999997,-1.4171530732438415,0.15173349676056053,0.23693881793043298
inner,9.599999999999657,250.0,-1.3888993172885589,0.14747793172719356,0.23599974099585405
inner,9.749999999999698,249.99999999999997,-1.3605865299531876,0.14316445075088166,0.23490032223972918
inner,9.89999999999969,250.0,-1.3322351702415556,0.13879856650324415,0.2336434194107214
inner,10.049999999999681,250.0,-1.3038658216428556,0.13438602609733877,0.23223213248285102
inner,10.19999999999967,250.00000000000003,-1.2754991506867086,0.1299327930040229,0.23066979880409574
inner,10.349999999999712,250.0,-1.2471558641051306,0.1254450276357585,0.2289599873162067
inner,10.499999999999703,250.00000000000003,-1.2188566647830097,0.12092906669201757,0.22710649184852238
inner,10.649999999999693,250.0,-1.1906222067001617,0.11639140136564809,0.22511332349288743
inner,10.799999999999685,250.0,-1.1624730490620574,0.11183865453529962,0.2229847020753907
inner,10.949999999999676,250.00000000000003,-1.1344296098339175,0.1072775570664355,0.2207250467451642
inner,11.099999999999717,250.0,-1.1065121189129727,0.10271492334868214,0.21833896570792946
inner,11.249999999999707,250.00000000000003,-1.0787405711651439,0.09815762621728391,0.21583124513933563
inner,11.399999999999698,250.0,-1.0511346795635848,0.0936125714040921,0.2132068373186021
inner,11.549999999999688,250.0,-1.02371382869499,0.08908667165425169,0.21047084802523325
inner,11.699999999999731,250.0,-0.9964970284765363,0.08458682073980525,0.2076285232677219
inner,11.84999999999972,250.00000000000003,-0.9695028694966658,0.08011986712777389,0.20468523527593058
inner,11.999999999999712,250.00000000000003,-0.9427494795863728,0.07569258848150562,0.20164646816479603
inner,12.149999999999702,250.00000000000003,-0.9162544806668333,0.0713116664864806,0.19851780313300946
inner,12.299999999999693,250.0,-0.8900349474858286,0.06698366125104108,0.19530490293316077
inner,12.449999999999735,250.00000000000003,-0.8641073674473114,0.06271498697574172,0.19201349615807256
inner,12.599999999999724,250.00000000000006,-0.8384876047910239,0.05851188758256358,0.18864936105751634
inner,12.749999999999716,250.00000000000003,-0.8131908662875262,0.054380415279956,0.1852183098333986
inner,12.899999999999707,250.00000000000006,-0.7882316660734114,0.050326409547347406,0.1817261726115789
inner,13.049999999999748,250.00000000000003,-0.7636237971783817,0.04635547442957938,0.1781787804891577
inner,13.199999999999738,250.00000000000003,-0.7393803049845231,0.04247296123766112,0.17458194993489606
inner,13.34999999999973,250.00000000000003,-0.7155134610903476,0.03868395156741045,0.1709414670477619
inner,13.49999999999972,250.00000000000003,-0.692034743565092,0.034993239502310265,0.16726307133501758
inner,13.649999999999762,250.00000000000003,-0.6689548182408676,0.031405319038391964,0.16355244088960044
inner,13.799999999999752,250.00000000000003,-0.6462835235980403,0.027924370912147486,0.1598151773553232
inner,13.949999999999743,250.00000000000003,-0.6240298604973548,0.02455425154656233,0.15605679148985369
inner,14.099999999999733,250.00000000000006,-0.6022019817950629,0.02129848568304235,0.15228268979943818
inner,14.249999999999725,250.00000000000003,-0.5808071889891723,0.018160257257390056,0.1484981608369011
inner,14.399999999999766,250.00000000000006,-0.5598519314518007,0.015142405852468213,0.14470836330168776
inner,14.549999999999757,250.00000000000006,-0.5393418065871146,0.01224742430789491,0.14091831469523558
inner,14.699999999999747,250.00000000000006,-0.5192815654626484,0.009477455854531544,0.13713288009727442
inner,14.849999999999739,250.00000000000003,-0.49967512110835755,0.0068342955354912405,0.13335676253714088
inner,14.99999999999978,250.00000000000006,-0.48052555993240537,0.00431939277504787,0.12959449415269442
inner,15.14999999999977,250.00000000000003,-0.46183515604097086,0.0019338556538564932,0.12585042826393222
inner,15.299999999999761,250.00000000000003,-0.4436053871302891,-0.0003215428645338171,0.12212873243070069
inner,15.44999999999975,250.00000000000006,-0.42583695560200324,-0.002446358579026503,0.11843338218765125
inner,15.599999999999742,250.00000000000003,-0.40852980979649334,-0.004440465436846657,0.1147681564886685
inner,15.749999999999783,250.00000000000003,-0.3916831680352985,-0.006304045876537752,0.11113663350168437
inner,15.899999999999775,250.00000000000006,-0.37529554593925857,-0.008037579507436256,0.10754218751018332
inner,16.049999999999766,250.00000000000006,-0.3593647833747305,-0.009641829125538078,0.10398798715424643
inner,16.199999999999754,250.00000000000006,-0.3438880740373762,-0.011117827963181262,0.10047699396802151
inner,16.3499999999998,250.00000000000003,-0.32886199729191795,-0.01246686515046645,0.0970119621283198
inner,16.499999999999787,250.00000000000006,-0.3142825503324666,-0.013690469489887384,0.09359543934378446
inner,16.64999999999978,250.00000000000003,-0.3001451807005464,-0.014790393431662163,0.09022976828911144
inner,16.79999999999977,250.00000000000006,-0.28644482044899044,-0.015768597192775582,0.08691708864833936
inner,16.94999999999976,250.00000000000003,-0.2731759207346076,-0.016627231529805515,0.08365934019913476
inner,17.099999999999802,250.00000000000003,-0.26033248756611815,-0.017368620552623032,0.0804582665850823
inner,17.24999999999979,250.00000000000003,-0.24790811655920583,-0.017995243486977123,0.07731541992526368
inner,17.399999999999782,250.00000000000003,-0.23589602927862965,-0.01850971774661933,0.07423216573543806
inner,17.549999999999773,250.00000000000003,-0.22428910854767328,-0.018914780478531946,0.07120968880018812
inner,17.699999999999815,250.00000000000003,-0.21307993097657119,-0.01921327066575525,0.06824899921385086
inner,17.849999999999806,250.0,-0.20226079666566432,-0.019408113417749152,0.0653509379358054
inner,17.999999999999797,250.00000000000006,-0.1918237547780691,-0.01950230590791415,0.06251618183377329
inner,18.149999999999785,250.00000000000003,-0.18176062687541472,-0.01949890633594736,0.05974524792201189
inner,18.29999999999983,250.00000000000003,-0.17206303039821685,-0.01940102459786901,0.05703849741721959
inner,18.449999999999818,250.00000000000003,-0.16272240385577108,-0.01921181283120524,0.05439614043065282
inner,18.59999999999981,250.00000000000003,-0.15373003399432575,-0.018934454757399664,0.051818241738963676
inner,18.7499999999998,250.00000000000003,-0.1450770837967247,-0.018572153590386414,0.049304727613736644
inner,18.899999999999842,250.00000000000003,-0.13675462023158186,-0.01812811940487141,0.04685539327804258
inner,19.049999999999834,250.00000000000003,-0.1287536409162751,-0.01760555668496443,0.04446991060631884
inner,19.199999999999825,249.99999999999997,-0.12106509921874299,-0.017007652523925693,0.04214783580216496
inner,19.349999999999813,249.99999999999997,-0.11367992757060136,-0.016337565707649212,0.039888616906374255
inner,19.499999999999805,250.00000000000003,-0.10658905895240285,-0.015598416796286567,0.03769160105312193
inner,19.649999999999796,250.00000000000006,-0.09978344655321983,-0.014793279188897243,0.03555604143999626
inner,19.799999999999837,249.99999999999997,-0.09325408167632586,-0.013925171163425567,0.03348110399125848
inner,19.94999999999983,250.00000000000006,-0.08699200995102539,-0.012997048833956654,0.031465873704494586
inner,20.099999999999817,250.00000000000003,-0.08098834592341685,-0.012011799975248568,0.029509360673298426
inner,20.249999999999808,250.0,-0.07523428609878421,-0.01097223866142197,0.02761050578138207
inner,20.39999999999985,250.0,-0.06972112051659868,-0.009881100668550052,0.0257681860643805
inner,20.54999999999984,250.0,-0.06444024292701311,-0.008741039575352876,0.02398121973882447
inner,20.699999999999832,249.99999999999997,-0.05938315964239209,-0.007554623510738739,0.022248370897807058
inner,20.849999999999824,250.0,-0.05454149713263189,-0.006324332490356862,0.020568353872294373
inner,20.999999999999865,250.00000000000003,-0.049907008434128625,-0.0050525562843306395,0.018939837262287852
inner,21.149999999999856,249.99999999999997,-0.04547157844673936,-0.00374159277043144,0.017361447638662687
inner,21.299999999999844,250.0,-0.041227228167451356,-0.002393646703595295,0.015831772917387323
inner,21.449999999999836,249.99999999999997,-0.03716611792638591,-0.0010108288592009839,0.014349365409013552
inner,21.599999999999827,249.99999999999997,-0.03328054968318523,0.0004048444979647171,0.012912744544901128
inner,21.74999999999987,250.0,-0.02956296843101338,0.0018514518762220485,0.011520399281653325
inner,21.89999999999986,249.99999999999997,-0.026005962753276966,0.0033271665967408268,0.010170790184175667
inner,22.04999999999985,249.99999999999997,-0.02260226457916062,0.0048302566547173496,0.008862351186292174
inner,22.19999999999984,249.99999999999997,-0.01934474816784515,0.006359084455736986,0.007593491028616437
inner,22.34999999999988,250.0,-0.016226428350347596,0.007912106466363823,0.00636259436657486
inner,22.499999999999872,249.99999999999997,-0.013240458056428749,0.009487872827846088,0.0051680225427344715
inner,22.649999999999864,249.99999999999997,-0.010380125139597206,0.011085026984288817,0.004008114018403426
inner,22.799999999999855,249.99999999999997,-0.007638848515492109,0.012702305362711356,0.0028811844497560486
inner,22.949999999999896,249.99999999999994,-0.005010173607814164,0.014338537166143157,0.0017855263948210569
inner,23.099999999999888,250.0,-0.0024877670986598903,0.015992644327525576,0.0007194086320988623
inner,23.249999999999876,249.99999999999997,-6.541096947668915e-05,0.017663641679947373,-0.0003189249324492254
inner,23.399999999999867,249.99999999999997,0.0022630041945660533,0.01935063740685118,-0.0013312567975848643
inner,23.54999999999986,249.99999999999994,0.004503486678271959,0.021052833842776966,-0.0023193978751054668
inner,23.6999999999999,249.99999999999997,0.0066619519366776766,0.02276952870047457,-0.0032851900160424915
inner,23.84999999999989,249.99999999999994,0.00874423178082762,0.024500116806322997,-0.004230509105228157
inner,23.999999999999883,249.99999999999997,0.010756084550660686,0.026244092461386023,-0.005157268787605492
inner,24.14999999999987,249.99999999999997,0.012703206367662968,0.028001052533812337,-0.006067424902013694
inner,24.299999999999912,249.99999999999997,0.014591243597192743,0.029770700423348364,-0.006962980711593986
inner,24.449999999999903,249.99999999999997,0.01642580669629847,0.0315528510777257,-0.007845993041144028
inner,24.599999999999895,249.99999999999997,0.018212485631325402,0.03334743724493855,-0.008718579454166722
inner,24.749999999999886,249.99999999999997,0.019956867111208178,0.03515451720466888,-0.009582926632152516
inner,24.899999999999878,249.99999999999997,0.021664553946606015,0.03697428428314198,-0.010441300152921463
inner,25.04999999999992,249.99999999999997,0.02334118689809258,0.03880707849367222,-0.011296055910723166
inner,25.199999999999907,249.99999999999997,0.024992469473512576,0.04065340073791569,-0.012149653479507508
inner,25.3499999999999,250.0,0.026624196249373122,0.04251393011419285,-0.013004671789069179
inner,25.49999999999989,249.99999999999997,0.028242285425668638,0.04438954498992915,-0.013863827579069494
inner,25.64999999999993,249.99999999999994,0.029852816522516132,0.046281348671613334,-0.014729997216120633
inner,25.799999999999923,249.99999999999997,0.031462074358603716,0.04819070070731814,-0.015606242615162299
inner,25.949999999999914,249.99999999999994,0.03307660077111411,0.050119255131569805,-0.016495842212299987
inner,26.099999999999902,249.99999999999994,0.03470325596591642,0.05206900731728888,-0.017402328208263165
inner,26.249999999999893,249.99999999999997,0.036349291941447814,0.054042351545429426,-0.018329531671919266
inner,26.399999999999935,249.99999999999997,0.03802244121143745,0.056042152026356304,-0.019281637590642667
inner,26.549999999999926,249.99999999999997,0.039731025111283645,0.05807183091077272,-0.020263252637860395
inner,26.699999999999918,249.99999999999997,0.04148408741547359,0.06013547788529287,-0.02127948938244588
inner,26.84999999999991,249.99999999999997,0.043291561097996124,0.06223798745376256,-0.022336071999825645
inner,26.99999999999995,249.99999999999994,0.04516447900531523,0.06438523197800466,-0.023439470461589618
inner,27.149999999999938,249.99999999999997,0.04711524351746095,0.06658428132470932,-0.024597072960998285
inner,27.29999999999993,249.99999999999994,0.04915797666219399,0.06884368386607637,-0.025817410429318285
inner,27.44999999999992,249.99999999999997,0.0513089817397442,0.07117382903642155,-0.027110453170340262
inner,27.599999999999913,249.99999999999997,0.05358736236547567,0.07358741951211273,-0.028488009123764098
inner,27.749999999999954,249.99999999999997,0.056015868318495955,0.07610009249837095,-0.0299642681724862
inner,27.899999999999945,249.99999999999994,0.05862207568926515,0.07873124631800657,-0.03155656098657605
inner,28.049999999999933,249.99999999999994,0.061440072922009176,0.0815051535353697,-0.033286440977797246
inner,28.199999999999925,249.99999999999997,0.06451293506306169,0.0844524789580647,-0.03518126720783961
inner,28.349999999999966,249.99999999999994,0.06789647217994049,0.08761237993994231,-0.03727659073256753
inner,28.499999999999957,249.99999999999994,0.07166511037930447,0.09103544555219374,-0.03961988515145958
inner,28.64999999999995,249.99999999999994,0.07592157229177238,0.09478790271041393,-0.04227663904854473
inner,28.79999999999994,249.99999999999997,0.08081347174434618,0.09895756411374018,-0.04534089374807436
inner,28.94999999999993,249.99999999999997,0.08656455709747164,0.10366304728786875,-0.04895470208791927
inner,29.09999999999997,249.99999999999997,0.09353394019481402,0.10906502362633862,-0.053347647935624666
inner,29.24999999999996,250.0,0.10236248662640189,0.11539548285093397,-0.0589229147354491
inner,29.399999999999952,249.99999999999994,0.11426008925550296,0.12294845976438687,-0.06647416615527904
inner,29.549999999999944,249.99999999999994,0.13234134620727106,0.13242747790232517,-0.07770970456800844
inner,29.699999999999935,249.99999999999997,0.16364409930860782,0.1439546867202845,-0.09693712462029563
inner,29.849999999999977,249.99999999999997,0.260031983370528,0.17583700620772863,-0.13256534098902406
inner,29.999999999999964,249.99999999999997,0.3357970782111523,0.2020376653234694,-0.1560808859691143
mid,-30.000000000000068,274.9183921033229,0.02938174555230679,-7.348299486948165e-06,0.0011085322605935933
mid,-29.830803015133508,274.9183921033229,0.02966769580154243,-1.143563242744089e-05,0.0020646922716377036
mid,-29.66160603026695,274.91839210332296,0.030225787536094326,-1.7449130061374107e-05,0.004035906873095979
mid,-29.49240904540039,274.9183921033229,0.030751531932290507,-1.7220464344849112e-05,0.005957493023597946
mid,-29.32321206053393,274.9183921033229,0.031235119558246455,-6.283131589590943e-06,0.007837253312914832
mid,-29.15401507566737,274.9183921033229,0.03166844922172099,1.8677121225477503e-05,0.009680928790627492
mid,-28.98481809080081,274.9183921033229,0.032045089414647905,5.9860608000259635e-05,0.011492481048391347
mid,-28.81562110593425,274.9183921033229,0.032360210886541306,0.00011841176502730769,0.01327437783207401
mid,-28.646424121067795,274.9183921033229,0.032610491496777895,0.00019449546108106681,0.015027870290433587
mid,-28.477227136201236,274.9183921033229,0.03279399705553551,0.0002873888101155961,0.016753252508094483
mid,-28.308030151334677,274.9183921033229,0.03291004322264257,0.00039558463931374565,0.018450096694901864
mid,-28.138833166468117,274.9183921033229,0.03295904426466071,0.0005169023171297711,0.02011745990689318
mid,-27.969636181601658,274.9183921033229,0.032942354531016696,0.0006486015825223411,0.021754060321215213
mid,-27.8004391967351,274.9183921033229,0.03286210818370973,0.0007874953719631023,0.023358422862358202
mid,-27.63124221186854,274.9183921033229,0.032721062002038045,0.0009300581558870741,0.02492899537515925
mid,-27.46204522700198,274.9183921033229,0.03252244525320958,0.0010725269758520843,0.02646423751578123
mid,-27.292848242135523,274.9183921033229,0.03226981971555173,0.0012109931037161238,0.027962685175373744
mid,-27.123651257268964,274.9183921033229,0.031966952032767476,0.0013414829302448436,0.029422993599276085
mid,-26.954454272402405,274.9183921033229,0.031617699758442176,0.0014600273417418718,0.030843962481749823
mid,-26.785257287535845,274.9183921033229,0.031225911737192177,0.0015627194077144453,0.032224546250854844
mid,-26.616060302669386,274.9183921033229,0.030795342844328596,0.0016457606318827957,0.033563852551881206
mid,-26.446863317802826,274.91839210332296,0.03032958266003997,0.0017054964122386763,0.034861131664354415
mid,-26.277666332936267,274.9183921033229,0.02983199727613864,0.0017384415842533613,0.03611575925399587
mid,-26.108469348069708,274.9183921033229,0.029305683169327294,0.001741297079021157,0.03732721451513772
mid,-25.93927236320325,274.9183921033229,0.028753431935812118,0.001710958835124279,0.03849505540308833
mid,-25.770075378336692,274.9183921033229,0.028177704597569804,0.0016445201340836782,0.039618892340852155
mid,-25.60087839347013,274.9183921033229,0.027580614165726082,0.001539268473846625,0.04069836146872305
mid,-25.43168140860357,274.9183921033229,0.026963915180969588,0.0013926780671394967,0.0417330982526362
mid,-25.262484423737114,274.9183921033229,0.02632899901528415,0.0012023989565925538,0.04272271203448634
mid,-25.093287438870554,274.9183921033229,0.02567689380829754,0.0009662436171988878,0.043666761905807386
mid,-24.924090454003995,274.9183921033229,0.025008268017763652,0.0006821718382315906,0.04456473414355959
mid,-24.754893469137436,274.9183921033229,0.024323436679397403,0.0003482745567406475,0.045416021312043094
mid,-24.585696484270976,274.9183921033229,0.02362236957088994,-3.724280251378789e-05,0.04621990304449694
mid,-24.416499499404367,274.9183921033229,0.022904700590767022,-0.0004760770144779901,0.04697552844458021
mid,-24.247302514537857,274.9183921033229,0.022169737771969313,-0.0009698433894481211,0.04768189999503926
mid,-24.078105529671298,274.9183921033229,0.02141647342844765,-0.001520091468162732,0.04833785882637716
mid,-23.90890854480484,274.9183921033229,0.020643594027347324,-0.0021283198288626452,0.04894207119050327
mid,-23.739711559938282,274.9183921033229,0.01984948944192569,-0.00279598986874547,0.04949301595831636
mid,-23.570514575071723,274.9183921033229,0.019032261320236808,-0.0035245384185787314,0.04998897296906811
mid,-23.401317590205164,274.91839210332296,0.018189730337522792,-0.0043153890962373855,0.05042801206695699
mid,-23.232120605338704,274.9183921033229,0.017319442156396726,-0.005169962362531574,0.05080798265506855
mid,-23.062923620472144,274.9183921033229,0.01641867194151717,-0.006089684227382163,0.051126503631702874
mid,-22.893726635605585,274.9183921033229,0.015484427306958825,-0.007075993604691872,0.05138095356699854
mid,-22.724529650739026,274.9183921033229,0.014513449606628964,-0.00813034828235382,0.05156846100272698
mid,-22.55533266587257,274.9183921033229,0.013502213460476382,-0.009254229505421995,0.05168589477392574
mid,-22.38613568100601,274.91839210332296,0.012446924440940529,-0.010449145164107502,0.051729854263843175
mid,-22.21693869613945,274.9183921033229,0.011343514841396986,-0.011716631564926971,0.05169665952050471
mid,-22.04774171127289,274.9183921033229,0.010187637436320958,-0.013058253765953882,0.051582341175765406
mid,-21.87854472640643,274.9183921033229,0.008974657143502162,-0.01447560443174492,0.05138263013336162
mid,-21.709347741539872,274.91839210332296,0.00769964050644522,-0.015970301164464004,0.0510929469907242
mid,-21.540150756673313,274.91839210332296,0.006357342863696311,-0.01754398224041414,0.05070839119605075
mid,-21.370953771806754,274.9183921033229,0.004942193094576209,-0.01919830067641759,0.05022372994428676
mid,-21.201756786940297,274.91839210332296,0.0034482758094861697,-0.020934916521250693,0.04963338683848349
mid,-21.032559802073735,274.91839210332296,0.0018693108184268808,-0.02275548725618846,0.048931430367996964
mid,-20.86336281720728,274.9183921033229,0.00019862971400735896,-0.024661656159849138,0.04811156226628699
mid,-20.69416583234092,274.91839210332296,-0.0015708506191333127,-0.02665503846590663,0.047167105842436295
mid,-20.524968847475176,274.9183921033229,-0.0034466577846469053,-0.028737205146162702,0.04609099440801008
mid,-20.355771862611316,274.91839210332296,-0.005436797162056186,-0.030909664106031784,0.04487575995099152
mid,-20.18657487775407,274.91839210332296,-0.007549788929922606,-0.03317383854744946,0.043513522235678226
mid,-20.017377892918244,274.91839210332296,-0.009794709102313535,-0.0355310422624354,0.04199597855309464
mid,-19.84818090815051,274.91839210332296,-0.012181234829644182,-0.03798245157565164,0.04031439439730778
mid,-19.678983923592085,274.91839210332296,-0.01471969421688292,-0.04052907363982751,0.03845959538263089
mid,-19.50978693966142,274.91839210332296,-0.01742112096598604,-0.04317171077473289,0.036421960782237514
mid,-19.340589957546882,274.918392103323,-0.02029731409661139,-0.04591092049691172,0.03419141914727642
mid,-19.17139298054006,274.91839210332296,-0.023360902994814435,-0.04874697091211831,0.03175744654637467
mid,-19.00219601749129,274.91839210332296,-0.026625418023220083,-0.05167979106067627,0.029109068095018183
mid,-18.8329990912506,274.91839210332296,-0.030105366907530975,-0.054708915771252656,0.02623486363787932
mid,-18.663802259893128,274.91839210332296,-0.033816317031500176,-0.057833424464592345,0.023122978763496817
mid,-18.49460566402632,274.918392103323,-0.03777498369863026,-0.06105187301166651,0.01976114297182455
mid,-18.32540963717545,274.918392103323,-0.04199932420321791,-0.06436221718489941,0.01613669803023666
mid,-18.1562149431979,274.91839210332296,-0.04650863698673013,-0.0677617250970565,0.012236641802286372
mid,-17.987023265414194,274.91839210332296,-0.051323664698641615,-0.07124687336312152,0.008047697856688496
mid,-17.81783825192686,274.918392103323,-0.0564666951307907,-0.07481321858897515,0.0035564281184516
mid,-17.648667394592405,274.91839210332296,-0.0619616536717583,-0.0784552278108459,-0.0012505781133091143
mid,-17.479525797143857,274.91839210332296,-0.0678341626396363,-0.08216604195859992,-0.0063863830125423
mid,-17.3104426048896,274.918392103323,-0.07411152164721325,-0.08593713803507169,-0.011863163317403752
mid,-17.141471633409136,274.91839210332296,-0.08082254551504955,-0.08975783494273373,-0.01769131900181933
mid,-16.972708982284882,274.918392103323,-0.08799704403898101,-0.09361462335729749,-0.02387810339149666
mid,-16.804314533884583,274.91839210332296,-0.0956647394598404,-0.09749036477919983,-0.030425717609977317
mid,-16.636537112665227,274.91839210332296,-0.10385326713528728,-0.10136356930311388,-0.03732906057602872
mid,-16.4697279612706,274.918392103323,-0.11258510354119981,-0.10520820113720193,-0.044573815572377176
mid,-16.30432709269947,274.918392103323,-0.12187382747882297,-0.1089946990392916,-0.05213622354266796
mid,-16.1407919847605,274.918392103323,-0.13172222864869587,-0.11269237091910271,-0.05998550528697565
mid,-15.979507947019655,274.918392103323,-0.14212414890689942,-0.11627251536404967,-0.06808858804498395
mid,-15.820696460109103,274.91839210332296,-0.1530704920739426,-0.11971091492256641,-0.07641524991471764
mid,-15.664394231385417,274.918392103323,-0.1645564436886371,-0.12298861127163317,-0.08494117165780779
mid,-15.510491008624223,274.91839210332296,-0.1765849544296139,-0.12609130639592517,-0.09364865637954486
mid,-15.358760930948145,274.918392103323,-0.18916833463431434,-0.1290077803807652,-0.10252515818727632
mid,-15.208956757726508,274.918392103323,-0.20232577476422267,-0.1317282403440364,-0.11156041369428506
mid,-15.060836381181465,274.918392103323,-0.2160787889337873,-0.1342434234552982,-0.12074472902434262
mid,-14.914158187932964,274.918392103323,-0.2304507550958343,-0.1365440460545857,-0.13006776023725602
mid,-14.768729976134862,274.918392103323,-0.24546429240832984,-0.13862071997963016,-0.13951753719657867
mid,-14.624370598412696,274.918392103323,-0.26114034721946977,-0.14046379035334133,-0.14907983465823593
mid,-14.480956012398442,274.91839210332296,-0.27749662611085846,-0.1420638637741763,-0.15873846260935062
mid,-14.338346420571563,274.91839210332296,-0.29454878563255316,-0.1434117912767345,-0.16847569487889325
mid,-14.196444639878766,274.918392103323,-0.31231054116932766,-0.14449903085764082,-0.17827205632351423
mid,-14.055160594744681,274.91839210332296,-0.3307919890004193,-0.14531758051399993,-0.18810597253850492
mid,-13.914440516481724,274.91839210332296,-0.3499991618340344,-0.14586057752242249,-0.19795485610741087
mid,-13.774197090986396,274.918392103323,-0.3699367199198342,-0.14612192971089372,-0.2077950335778207
mid,-13.634404805866785,274.91839210332296,-0.3906054311118173,-0.1460970442106586,-0.2176018810887606
mid,-13.494999043916154,274.9183921033231,-0.41200306620610067,-0.14578234344476632,-0.22735034849645824
mid,-13.355946097525713,274.91839210332296,-0.4341256717252554,-0.14517571617273228,-0.23701491990678086
mid,-13.217214645918208,274.91839210332296,-0.4569649728840059,-0.14427643013945024,-0.2465696269519877
mid,-13.078775701352882,274.91839210332296,-0.480510202026721,-0.14308518949899612,-0.25598865483238464
mid,-12.940602536527411,274.918392103323,-0.5047481231376009,-0.14160412820294754,-0.26524649224962055
mid,-12.802670597660159,274.91839210332296,-0.5296630631957411,-0.13983679014542422,-0.2743180580308039
mid,-12.664958362005276,274.918392103323,-0.5552366140862709,-0.1377880991752009,-0.283178405328955
mid,-12.527466344081503,274.918392103323,-0.5814465030491056,-0.13546461984164565,-0.29180364442617124
mid,-12.390156581678413,274.918392103323,-0.6082702684435196,-0.13287377605466485,-0.3001710230296104
mid,-12.253021943236556,274.918392103323,-0.635683468099898,-0.13002446924126532,-0.3082585349214026
mid,-12.116057466594206,274.918392103323,-0.6636577516142081,-0.12692687279361048,-0.31604537095872914
mid,-11.979238499562658,274.91839210332296,-0.6921645838915512,-0.12359194091576184,-0.3235119415159833
mid,-11.842568776900661,274.91839210332296,-0.7211729500321822,-0.12003194056323796,-0.3306401208061037
mid,-11.70602934586566,274.918392103323,-0.7506506612985236,-0.11625974746043452,-0.33741325111807674
mid,-11.569610762380206,274.91839210332296,-0.7805647589904241,-0.11228907531178627,-0.34381599323529966
mid,-11.433318950618728,274.91839210332296,-0.8108795514215268,-0.10813458151497074,-0.3498347936989086
mid,-11.297130516921364,274.91839210332296,-0.8415602316234767,-0.10381100600425568,-0.3554577136273716
mid,-11.161041847749358,274.91839210332296,-0.8725709742799319,-0.09933378513303252,-0.3606742198308507
mid,-11.02506211104827,274.91839210332296,-0.9038732380111513,-0.0947190058541811,-0.36547565115724134
mid,-10.889170876407297,274.91839210332296,-0.9354302235015926,-0.08998244848334966,-0.36985500053179093
mid,-10.753364271671696,274.91839210332296,-0.9672052837665913,-0.08514017302261248,-0.3738069652406236
mid,-10.617638588844102,274.918392103323,-0.9991603433904154,-0.08020837618867854,-0.3773277293770555
mid,-10.481992924664596,274.91839210332296,-1.031257087134818,-0.0752032391806634,-0.38041512179202286
mid,-10.3464263497982,274.9183921033229,-1.0634575771446557,-0.07014074403348725,-0.38306869292767964
mid,-10.210929220142129,274.91839210332296,-1.0957251599509203,-0.06503640357539389,-0.3852894638861434
mid,-10.075498515721236,274.91839210332296,-1.1280235689562845,-0.05990546578735041,-0.38707997041801256
mid,-9.940131348759857,274.91839210332296,-1.1603166993715168,-0.05476278673484636,-0.388444149014172
mid,-9.804824958627773,274.91839210332296,-1.1925692255067482,-0.04962270721901824,-0.3893873050976166
mid,-9.669576706936253,274.91839210332296,-1.2247467180214064,-0.044498983213530255,-0.38991603710556055
mid,-9.534384072783812,274.91839210332296,-1.2568157528317665,-0.03940472295082934,-0.3900381545572855
mid,-9.399244648150113,274.9183921033229,-1.288744011134711,-0.034352330973079825,-0.3897625907192177
mid,-9.264156133438293,274.91839210332296,-1.3205003699884623,-0.029353459420206972,-0.38909931052903385
mid,-9.129116333163314,274.9183921033229,-1.3520549829541422,-0.024418966792400902,-0.388059214489027
mid,-8.994123151784969,274.91839210332296,-1.383379350352335,-0.019558884365968685,-0.386654039288264
mid,-8.859174589682674,274.9183921033229,-1.414446378728713,-0.014782390401448346,-0.3848962559741015
mid,-8.724268739270368,274.9183921033229,-1.4452304292412401,-0.010097792216138962,-0.382798966529565
mid,-8.589403781248889,274.918392103323,-1.4757073547493125,-0.005512516100154567,-0.38037579975062047
mid,-8.454577980991804,274.91839210332296,-1.5058545255104236,-0.0010331050006006856,-0.3776408073490414
mid,-8.319789685063078,274.91839210332296,-1.5356508435106098,0.0033347762058085,-0.37460836121293406
mid,-8.185037317862644,274.91839210332296,-1.565076745587663,0.007586328108615287,-0.37129305275421154
mid,-8.05031937839677,274.9183921033229,-1.5941141956359164,0.011717597175325487,-0.367709595255989
mid,-7.915634437169841,274.91839210332296,-1.622746647022348,0.01572544806573859,-0.3638727297392621
mid,-7.780981597100757,274.91839210332296,-1.650958847121462,0.01960751330410708,-0.3597971503589331
mid,-7.646363340138367,274.91839210332296,-1.6787369388526037,0.023362135311738752,-0.35549752438520243
mid,-7.511774284545636,274.91839210332296,-1.7060689782595209,0.026988497781548108,-0.3509880528033215
mid,-7.377213223604237,274.91839210332296,-1.732944342413584,0.030486394479813172,-0.34628274248717383
mid,-7.242679009914568,274.9183921033229,-1.7593534594444442,0.03385621100164414,-0.3413952551288646
mid,-7.1081705528639185,274.9183921033229,-1.7852879739546836,0.037098892236965886,-0.33633883921810453
mid,-6.97368681619526,274.9183921033229,-1.8107406446022936,0.040215886709247306,-0.3311262824209288
mid,-6.839227652406881,274.9183921033229,-1.8357051007286942,0.043209073867989105,-0.3257699067090696
mid,-6.704796224716949,274.9183921033229,-1.86017597722453,0.04608069605721049,-0.32028161784917586
mid,-6.570386599816072,274.9183921033229,-1.884149366416779,0.04883346687678694,-0.31467243005253426
mid,-6.435997911589138,274.91839210332296,-1.9076221313732555,0.05147032863336837,-0.3089529277109508
mid,-6.3016293387096525,274.9183921033229,-1.9305916565367467,0.05399444437095907,-0.3031331219724909
mid,-6.167280102675996,274.91839210332296,-1.9530558565625034,0.0564091593326039,-0.2972224362104702
mid,-6.032954017326143,274.9183921033229,-1.9750131486884674,0.058717911044990426,-0.2912298711323675
mid,-5.898647158376466,274.9183921033229,-1.9964629264898994,0.06092433270189225,-0.28516354084047274
mid,-5.764357297373262,274.9183921033229,-2.0174051679910163,0.06303210392481519,-0.2790310164473856
mid,-5.63008379030133,274.91839210332296,-2.037840040151877,0.065044901147038,-0.2728393749881261
mid,-5.495826346604532,274.9183921033229,-2.057767820786779,0.06696638236502724,-0.2665951783368825
mid,-5.361589703876059,274.9183921033229,-2.077189055042846,0.06880012195430724,-0.2603046573096915
mid,-5.227367376655154,274.91839210332296,-2.0961050332876323,0.07054974999461514,-0.2539730891154663
mid,-5.09315883636915,274.9183921033229,-2.114517184148332,0.07221875930938043,-0.24760548591181758
mid,-4.958963584294961,274.9183921033229,-2.1324267537022634,0.07381053288417476,-0.2412064416895525
mid,-4.824785553634441,274.91839210332296,-2.1498350392779675,0.07532830150380262,-0.23478030646650946
mid,-4.690620910343727,274.9183921033229,-2.166743771643926,0.0767752430011071,-0.22833071125619409
mid,-4.556467844003868,274.9183921033229,-2.183154805336952,0.07815438766102834,-0.22186098084036296
mid,-4.422325949830914,274.9183921033229,-2.1990697664305894,0.07946861122616163,-0.21537417396126346
mid,-4.288198910429592,274.9183921033229,-2.2144901965645825,0.08072061398559364,-0.20887320641068866
mid,-4.154083241616188,274.91839210332296,-2.2294179197382538,0.08191300987530088,-0.20236039618828053
mid,-4.0199772440894455,274.91839210332296,-2.2438547951445127,0.08304825803465393,-0.1958378509642988
mid,-3.8858805924692543,274.91839210332296,-2.2578024168011916,0.08412866399939202,-0.18930750707716767
mid,-3.751797578661088,274.91839210332296,-2.271262273441517,0.0851563604035007,-0.1827712728587355
mid,-3.6177231462681707,274.91839210332296,-2.2842360969751994,0.08613340797278213,-0.1762304460725211
mid,-3.483656736501395,274.9183921033229,-2.2967255193290925,0.08706170921454302,-0.1696863162511744
mid,-3.349599347953,274.91839210332296,-2.308731923646488,0.08794302821443906,-0.16314008630041846
mid,-3.2155524256562007,274.918392103323,-2.3202566858301616,0.08877900400199656,-0.15659282048071568
mid,-3.081512310276122,274.918392103323,-2.3313012769563426,0.08957118951596157,-0.1500452134040093
mid,-2.9474787831443883,274.918392103323,-2.341867002202815,0.09032101001674689,-0.14349798043088083
mid,-2.8134544310049514,274.91839210332296,-2.351955003529568,0.09102976848484533,-0.1369518521365332
mid,-2.679436891927524,274.91839210332296,-2.361566490149123,0.0916986926607987,-0.13040723386471056
mid,-2.5454248538944224,274.91839210332296,-2.370702617794704,0.0923289125178414,-0.12386447564270879
mid,-2.411419018031954,274.91839210332296,-2.379364377467663,0.09292145950887098,-0.11732393822665296
mid,-2.2774205358356676,274.918392103323,-2.3875527088784105,0.0934772772511694,-0.11078592589930239
mid,-2.1434265429121133,274.91839210332296,-2.3952685753021705,0.09399724661740419,-0.10425049162340688
mid,-2.0094368949688377,274.91839210332296,-2.40251282083695,0.09448216505035317,-0.097717747119293
mid,-1.8754537051467284,274.918392103323,-2.4092861819109586,0.09493274910347477,-0.09118785396911197
mid,-1.741474470627918,274.9183921033231,-2.415589412291698,0.09534966423432294,-0.08466071596466308
mid,-1.6074986551762818,274.91839210332296,-2.4214231947550324,0.09573350876956427,-0.07813627770934821
mid,-1.4735272071537882,274.91839210332296,-2.4267881118878334,0.09608481666655513,-0.07161451613916718
mid,-1.3395595741645498,274.91839210332296,-2.431684717191883,0.09640406957524073,-0.06509530572282879
mid,-1.2055944813145196,274.91839210332296,-2.436113525898609,0.09669169913490376,-0.05857845625081525
mid,-1.0716321310987234,274.918392103323,-2.4400749771957995,0.09694808436359045,-0.05206381957793135
mid,-0.937673046113338,274.91839210332296,-2.4435694572453848,0.09717355546637367,-0.0455512400676716
mid,-0.8037156582882659,274.918392103323,-2.4465973220330044,0.09736840193636555,-0.0390404470198056
mid,-0.6697598811106896,274.918392103323,-2.449158869059611,0.09753286916246641,-0.03253122035824306
mid,-0.5358062751075717,274.918392103323,-2.4512543407115617,0.09766715985235735,-0.026023356954079965
mid,-0.4018536416379254,274.9183921033229,-2.4528839431383895,0.09777143954963773,-0.019516562304235357
mid,-0.2679018083004204,274.9183921033229,-2.4540478346653174,0.09784583548068113,-0.013010579251800145
mid,-0.1339507877801264,274.9183921033229,-2.454746124874519,0.09789043723481923,-0.0065051536387517005
mid,-4.0711099922733015e-13,274.9183921033229,-2.4549788807221167,0.09790529849586574,3.434836144448712e-13
mid,0.13395078777936306,274.9183921033229,-2.4547461248755207,0.09789043723358239,0.006505153639096444
mid,0.2679018082996062,274.91839210332296,-2.454047834665661,0.0978458354796262,0.013010579251538089
mid,0.4018536416371621,274.91839210332296,-2.4528839431358564,0.09777143955051847,0.019516562303320863
mid,0.5358062751067575,274.91839210332296,-2.4512543407083047,0.09766715985343062,0.026023356953733912
mid,0.6697598811098754,274.918392103323,-2.449158869056863,0.0975328691632045,0.032531220359050546
mid,0.8037156582874517,274.918392103323,-2.446597322030302,0.09736840193688534,0.03904044702085466
mid,0.9376730461125238,274.91839210332296,-2.443569457241961,0.09717355546721657,0.045551240068847976
mid,1.0716321310979093,274.91839210332296,-2.440074977192439,0.09694808436464615,0.05206381957908065
mid,1.2055944813137562,274.918392103323,-2.436113525896119,0.09669169913583167,0.05857845625160434
mid,1.3395595741637356,274.918392103323,-2.431684717190703,0.09640406957565682,0.06509530572297104
mid,1.473527207152974,274.918392103323,-2.4267881118873413,0.09608481666663943,0.07161451613874434
mid,1.6074986551755184,274.91839210332296,-2.4214231947542624,0.0957335087703265,0.07813627770856513
mid,1.7414744706271037,274.918392103323,-2.415589412290988,0.09534966423486516,0.0846607159644347
mid,1.8754537051459141,274.91839210332296,-2.4092861819106375,0.09493274910294387,0.09118785396997763
mid,2.0094368949680743,274.918392103323,-2.4025128208395077,0.09448216504718497,0.09771774712039025
mid,2.1434265429112993,274.91839210332296,-2.395268575306012,0.0939972466137129,0.10425049162409403
mid,2.2774205358348536,274.91839210332296,-2.387552708879738,0.0934772772502358,0.11078592590020776
mid,2.41141901803114,274.91839210332296,-2.379364377466966,0.09292145951052047,0.11732393822857994
mid,2.5454248538936084,274.91839210332296,-2.370702617796807,0.09232891251768204,0.12386447564540594
mid,2.67943689192671,274.91839210332296,-2.361566490153187,0.0916986926594787,0.13040723386722092
mid,2.813454431004137,274.91839210332296,-2.3519550035331287,0.09102976848406992,0.13695185213880814
mid,2.9474787831435743,274.918392103323,-2.341867002205811,0.0903210100156596,0.14349798043337939
mid,3.0815123102753588,274.91839210332296,-2.331301276959913,0.08957118951396134,0.15004521340619548
mid,3.2155524256553867,274.91839210332296,-2.320256685832864,0.08877900400039362,0.15659282048240494
mid,3.349599347952237,274.91839210332296,-2.3087319236487005,0.08794302821294495,0.16314008630160365
mid,3.483656736500581,274.91839210332296,-2.29672551933209,0.0870617092117728,0.1696863162521883
mid,3.6177231462673567,274.91839210332296,-2.284236096975511,0.0861334079713271,0.17623044607393448
mid,3.751797578660325,274.91839210332296,-2.2712622734405947,0.08515636040270763,0.1827712728605122
mid,3.88588059246844,274.91839210332296,-2.2578024168007302,0.0841286639985978,0.18930750707894894
mid,4.019977244088682,274.9183921033229,-2.2438547951464747,0.08304825803205124,0.1958378509654595
mid,4.154083241615374,274.91839210332296,-2.2294179197411665,0.08191300987200181,0.20236039618902898
mid,4.288198910428777,274.91839210332296,-2.2144901965651127,0.08072061398480179,0.20887320641126234
mid,4.4223259498301,274.9183921033229,-2.1990697664312746,0.07946861122505514,0.21537417396192046
mid,4.556467844003055,274.91839210332296,-2.1831548053367085,0.07815438766015749,0.2218609808414908
mid,4.690620910342912,274.91839210332296,-2.16674377164083,0.07677524300201105,0.22833071125749582
mid,4.824785553633626,274.91839210332296,-2.1498350392754935,0.07532830150340915,0.2347803064678072
mid,4.958963584294198,274.91839210332296,-2.1324267537004555,0.07381053288393107,0.24120644169057912
mid,5.093158836368335,274.91839210332296,-2.1145171841469352,0.07221875930942025,0.24760548591263004
mid,5.22736737665434,274.9183921033229,-2.096105033287805,0.0705497499927433,0.25397308911635874
mid,5.361589703875245,274.9183921033229,-2.077189055042498,0.06880012195274544,0.260304657310899
mid,5.495826346603718,274.9183921033229,-2.057767820786593,0.06696638236327997,0.2665951783386887
mid,5.630083790300516,274.9183921033229,-2.037840040154217,0.06504490114442767,0.272839374989922
mid,5.764357297372448,274.9183921033229,-2.0174051679962246,0.06303210392127807,0.2790310164487696
mid,5.898647158375653,274.91839210332296,-1.9964629264939973,0.06092433269971151,0.2851635408415347
mid,6.032954017325278,274.9183921033229,-1.9750131486908935,0.05871791104508403,0.2912298711328576
mid,6.167280102675232,274.9183921033229,-1.953055856565274,0.05640915933217791,0.2972224362111361
mid,6.301629338708839,274.9183921033229,-1.93059165653954,0.053994444370098794,0.3031331219735297
mid,6.435997911588375,274.9183921033229,-1.9076221313765866,0.05147032863208322,0.3089529277118415
mid,6.570386599815207,274.9183921033229,-1.8841493664192082,0.04883346687667538,0.31467243005301143
mid,6.704796224716084,274.91839210332296,-1.8601759772278057,0.046080696056317316,0.32028161784963993
mid,6.839227652406067,274.91839210332296,-1.835705100733553,0.04320907386542314,0.3257699067099775
mid,6.973686816194496,274.9183921033229,-1.8107406446066212,0.040215886707598916,0.33112628242192066
mid,7.108170552863104,274.9183921033229,-1.785287973957843,0.03709889223662431,0.3363388392189811
mid,7.242679009913703,274.9183921033229,-1.7593534594480902,0.033856211000734146,0.3413952551297987
mid,7.377213223603423,274.91839210332296,-1.7329443424167998,0.030486394478532467,0.34628274248807034
mid,7.511774284544821,274.9183921033229,-1.7060689782613987,0.026988497780988923,0.3509880528036782
mid,7.646363340137604,274.91839210332296,-1.6787369388551612,0.023362135310564174,0.35549752438508236
mid,7.780981597099994,274.9183921033229,-1.6509588471250622,0.01960751330230917,0.359797150358447
mid,7.9156344371689755,274.91839210332296,-1.622746647025268,0.015725448063662724,0.36387272973918916
mid,8.050319378395956,274.91839210332296,-1.5941141956380047,0.011717597173245359,0.3677095952568374
mid,8.185037317861829,274.9183921033229,-1.5650767455911923,0.007586328106272973,0.3712930527555224
mid,8.319789685062265,274.91839210332296,-1.5356508435137968,0.003334776204170581,0.37460836121447927
mid,8.454577980990988,274.91839210332296,-1.505854525511709,-0.0010331050012230628,0.37764080735043926
mid,8.589403781248075,274.9183921033229,-1.4757073547495363,-0.0055125161013127935,0.3803757997518376
mid,8.724268739269554,274.9183921033229,-1.4452304292397542,-0.010097792216599136,0.38279896653050194
mid,8.859174589681809,274.9183921033229,-1.4144463787250752,-0.014782390399701709,0.3848962559747652
mid,8.994123151784153,274.9183921033229,-1.3833793503491953,-0.019558884364112065,0.38665403928915
mid,9.129116333162552,274.91839210332296,-1.352054982952245,-0.024418966792944155,0.3880592144906562
mid,9.26415613343748,274.91839210332296,-1.3205003699859859,-0.029353459420936825,0.3890993105308381
mid,9.399244648149299,274.91839210332296,-1.288744011133257,-0.03435233097294997,0.3897625907205926
mid,9.534384072782998,274.9183921033229,-1.2568157528309274,-0.039404722951873875,0.390038154558878
mid,9.669576706935489,274.9183921033229,-1.2247467180190146,-0.04449898321460739,0.3899160371073018
mid,9.804824958626908,274.9183921033229,-1.1925692255040306,-0.04962270722003648,0.38938730509907354
mid,9.940131348759044,274.9183921033229,-1.1603166993690104,-0.05476278673640777,0.3884441490152724
mid,10.075498515720422,274.91839210332296,-1.1280235689552662,-0.05990546578865123,0.3870799704184039
mid,10.210929220141313,274.91839210332296,-1.0957251599516602,-0.06503640357711975,0.38528946388632324
mid,10.346426349797387,274.91839210332296,-1.0634575771462178,-0.07014074403549025,0.38306869292804824
mid,10.481992924663832,274.9183921033229,-1.0312570871368887,-0.07520323918241355,0.3804151217921925
mid,10.61763858884334,274.91839210332296,-0.9991603433908947,-0.08020837618921342,0.3773277293769902
mid,10.75336427167088,274.91839210332296,-0.9672052837664582,-0.08514017302228417,0.37380696524043544
mid,10.889170876406483,274.91839210332296,-0.9354302235016277,-0.0899824484833005,0.3698550005317829
mid,11.025062111047456,274.91839210332296,-0.9038732380114903,-0.0947190058540588,0.3654756511574795
mid,11.161041847748542,274.91839210332296,-0.8725709742788925,-0.0993337851328967,0.36067421983161135
mid,11.297130516920602,274.91839210332296,-0.8415602316199596,-0.10381100600355819,0.35545771362869993
mid,11.433318950617915,274.91839210332296,-0.8108795514183393,-0.1081345815142703,0.349834793700327
mid,11.569610762379392,274.91839210332296,-0.7805647589895394,-0.11228907531262719,0.3438159932366079
mid,11.706029345864847,274.91839210332296,-0.7506506612987922,-0.11625974746200081,0.3374132511194453
mid,11.842568776899846,274.918392103323,-0.721172950031213,-0.12003194056402469,0.3306401208075975
mid,11.979238499561843,274.9183921033229,-0.6921645838909123,-0.12359194091697237,0.32351194151722873
mid,12.116057466593393,274.91839210332296,-0.6636577516136261,-0.1269268727943981,0.31604537095971424
mid,12.253021943235742,274.91839210332296,-0.6356834680969756,-0.13002446924078495,0.308258534922513
mid,12.3901565816776,274.918392103323,-0.608270268440541,-0.1328737760539817,0.3001710230307652
mid,12.52746634408069,274.918392103323,-0.581446503046601,-0.1354646198412049,0.2918036444274219
mid,12.664958362004514,274.918392103323,-0.5552366140837973,-0.1377880991755252,0.2831784053298938
mid,12.802670597659343,274.918392103323,-0.5296630631950779,-0.13983679014648698,0.27431805803103876
mid,12.940602536526596,274.91839210332296,-0.5047481231359686,-0.14160412820442295,0.26524649225008323
mid,13.078775701352068,274.918392103323,-0.4805102020246428,-0.14308518949987875,0.25598865483323296
mid,13.217214645917394,274.91839210332296,-0.4569649728837565,-0.14427643014037256,0.2465696269526581
mid,13.3559460975249,274.91839210332296,-0.434125671725419,-0.14517571617311092,0.23701491990680057
mid,13.494999043915339,274.918392103323,-0.41200306620591753,-0.14578234344383112,0.22735034849580882
mid,13.63440480586597,274.91839210332296,-0.3906054311124053,-0.1460970442101841,0.21760188108798195
mid,13.774197090985583,274.91839210332296,-0.3699367199213772,-0.14612192971180266,0.20779503357743018
mid,13.914440516480859,274.91839210332296,-0.3499991618359347,-0.14586057752411705,0.1979548561074655
mid,14.055160594743917,274.91839210332296,-0.33079198900334983,-0.14531758051574345,0.1881059725387334
mid,14.196444639878003,274.91839210332296,-0.31231054117267076,-0.1444990308578847,0.17827205632368948
mid,14.338346420570799,274.918392103323,-0.29454878563633674,-0.14341179127703502,0.16847569487888023
mid,14.480956012397678,274.918392103323,-0.27749662611520826,-0.14206386377502636,0.1587384626093048
mid,14.624370598411932,274.91839210332296,-0.26114034722485213,-0.14046379035349296,0.14907983465830107
mid,14.768729976134098,274.918392103323,-0.24546429241357348,-0.13862071998075928,0.13951753719670168
mid,14.9141581879322,274.91839210332296,-0.23045075509958193,-0.13654404605520665,0.13006776023697098
mid,15.060836381180703,274.91839210332296,-0.2160787889366217,-0.13424342345533047,0.1207447290233452
mid,15.208956757725744,274.918392103323,-0.20232577476741834,-0.1317282403450417,0.11156041369289017
mid,15.358760930947382,274.91839210332296,-0.18916833463757593,-0.12900778038145977,0.10252515818571475
mid,15.510491008623461,274.91839210332296,-0.17658495443184763,-0.12609130639705024,0.0936486563776792
mid,15.664394231384653,274.91839210332296,-0.1645564436915131,-0.12298861127311062,0.08494117165552323
mid,15.820696460108339,274.918392103323,-0.15307049207793857,-0.11971091492252955,0.07641524991253063
mid,15.979507947018943,274.918392103323,-0.14212414891062444,-0.11627251536232028,0.06808858804348461
mid,16.14079198475979,274.918392103323,-0.1317222286529512,-0.1126923709174392,0.059985505285954664
mid,16.304327092698706,274.918392103323,-0.12187382748461002,-0.10899469903800144,0.05213622354176954
mid,16.46972796126989,274.91839210332296,-0.11258510354863427,-0.10520820113356187,0.0445738155713891
mid,16.63653711266441,274.91839210332296,-0.10385326714324356,-0.10136356929749382,0.03732906057506461
mid,16.804314533883872,274.91839210332296,-0.09566473946702703,-0.09749036477400821,0.030425717609440524
mid,16.972708982284118,274.91839210332296,-0.08799704404640828,-0.09361462335204115,0.023878103391464563
mid,17.141471633408372,274.91839210332296,-0.08082254552168357,-0.08975783493607327,0.01769131900236215
mid,17.31044260488889,274.91839210332296,-0.07411152165263775,-0.08593713802927225,0.011863163318381652
mid,17.479525797143143,274.91839210332296,-0.06783416264402732,-0.08216604195388717,0.006386383013803655
mid,17.648667394591694,274.918392103323,-0.06196165367575143,-0.07845522780588396,0.0012505781148707098
mid,17.8178382519262,274.91839210332296,-0.05646669513520041,-0.07481321858361378,-0.00355642811708725
mid,17.98702326541348,274.91839210332296,-0.05132366470297055,-0.0712468733574451,-0.008047697855988746
mid,18.156214943197238,274.91839210332296,-0.046508636993069306,-0.06776172509138051,-0.012236641801996502
mid,18.325409637174737,274.91839210332296,-0.04199932421213514,-0.06436221718084695,-0.016136698029156855
mid,18.49460566402571,274.91839210332296,-0.037774983708024956,-0.06105187300954569,-0.019761142969211755
mid,18.663802259892467,274.91839210332296,-0.03381631703983742,-0.05783342446117393,-0.02312297875965824
mid,18.832999091249935,274.91839210332296,-0.030105366913530343,-0.05470891576510508,-0.026234863633279773
mid,19.00219601749063,274.91839210332296,-0.026625418028065985,-0.05167979105439992,-0.029109068090084705
mid,19.171392980539398,274.918392103323,-0.02336090300206712,-0.048746970908773626,-0.031757446541143826
mid,19.34058995754627,274.91839210332296,-0.020297314105125627,-0.045910920494119725,-0.034191419141671155
mid,19.50978693966076,274.91839210332296,-0.01742112097364934,-0.04317171077235937,-0.036421960776386944
mid,19.678983923591474,274.91839210332296,-0.014719694224701929,-0.04052907364012214,-0.03845959537616581
mid,19.848180908149903,274.91839210332296,-0.012181234839748383,-0.03798245157502747,-0.04031439439028214
mid,20.017377892917583,274.91839210332296,-0.009794709113136322,-0.03553104226028535,-0.041995978545372625
mid,20.186574877753458,274.9183921033229,-0.007549788938034468,-0.03317383854417042,-0.04351352222790472
mid,20.355771862610755,274.91839210332296,-0.005436797169375816,-0.03090966410178517,-0.044875759943911395
mid,20.524968847474568,274.91839210332296,-0.0034466577927533305,-0.02873720514326748,-0.04609099440109141
mid,20.69416583234031,274.91839210332296,-0.001570850625797468,-0.02665503846511186,-0.047167105835347986
mid,20.863362817206667,274.91839210332296,0.0001986297086989837,-0.02466165616115616,-0.04811156225912716
mid,21.032559802073127,274.9183921033229,0.00186931081351625,-0.022755487257196356,-0.04893143036073257
mid,21.201756786939686,274.9183921033229,0.00344827580637869,-0.020934916519864347,-0.04963338683070158
mid,21.370953771806192,274.91839210332296,0.004942193091867438,-0.01919830067553331,-0.05022372993612996
mid,21.54015075667275,274.91839210332296,0.006357342861102282,-0.017543982240743935,-0.0507083911884222
mid,21.709347741539315,274.9183921033229,0.007699640504470393,-0.015970301165245962,-0.051092946983457094
mid,21.87854472640582,274.9183921033229,0.008974657141802442,-0.01447560443108073,-0.05138263012581429
mid,22.04774171127238,274.91839210332296,0.010187637434517342,-0.013058253763912588,-0.051582341168204385
mid,22.21693869613894,274.9183921033229,0.011343514840644324,-0.011716631564387951,-0.05169665951281488
mid,22.3861356810055,274.91839210332296,0.012446924441367968,-0.010449145163839178,-0.051729854256169425
mid,22.555332665872008,274.9183921033229,0.013502213459615182,-0.009254229504972917,-0.05168589476625465
mid,22.724529650738567,274.9183921033229,0.014513449603979989,-0.008130348281031291,-0.05156846099575309
mid,22.893726635605127,274.9183921033229,0.015484427302599798,-0.007075993603736456,-0.051380953560347886
mid,23.062923620471636,274.9183921033229,0.01641867193684835,-0.006089684227957946,-0.05112650362394289
mid,23.232120605338196,274.9183921033229,0.01731944215286948,-0.005169962364587551,-0.05080798264618157
mid,23.401317590204755,274.9183921033229,0.01818973033238595,-0.004315389100231437,-0.05042801205851623
mid,23.570514575071314,274.9183921033229,0.019032261316365925,-0.0035245384205817923,-0.049988972961793686
mid,23.739711559937824,274.9183921033229,0.019849489440602917,-0.0027959898702358023,-0.049493015951301345
mid,23.908908544804383,274.9183921033229,0.02064359402739204,-0.0021283198318531003,-0.048942071183792665
mid,24.078105529670943,274.91839210332296,0.021416473430282464,-0.0015200914737988416,-0.048337858819621424
mid,24.247302514537452,274.9183921033229,0.022169737772898948,-0.0009698433976469689,-0.0476818999888448
mid,24.41649949940401,274.91839210332296,0.02290470059233841,-0.0004760770189303175,-0.046975528440008185
mid,24.58569648427057,274.9183921033229,0.02362236957304566,-3.7242806254802335e-05,-0.046219903040521114
mid,24.75489346913708,274.9183921033229,0.024323436681121555,0.00034827455292711466,-0.0454160213093083
mid,24.92409045400364,274.9183921033229,0.025008268020107256,0.000682171838137683,-0.04456473414260896
mid,25.0932874388702,274.9183921033229,0.025676893812541193,0.0009662436203044002,-0.04366676190477206
mid,25.262484423736705,274.9183921033229,0.026328999019304834,0.0012023989590446062,-0.04272271203261598
mid,25.431681408603264,274.9183921033229,0.02696391518292659,0.0013926780670594687,-0.04173309825156975
mid,25.600878393469827,274.9183921033229,0.02758061416684359,0.0015392684721930762,-0.04069836146895652
mid,25.770075378336387,274.9183921033229,0.028177704599179794,0.0016445201332594087,-0.03961889234242351
mid,25.939272363202893,274.9183921033229,0.02875343193880319,0.0017109588350458487,-0.03849505540443285
mid,26.108469348069452,274.9183921033229,0.029305683174358197,0.001741297078039659,-0.0373272145151943
mid,26.27766633293601,274.9183921033229,0.029831997283906318,0.0017384415855546918,-0.036115759255865645
mid,26.44686331780252,274.9183921033229,0.03032958266664403,0.0017054964131045973,-0.03486113166889489
mid,26.61606030266908,274.9183921033229,0.030795342849280864,0.001645760631978935,-0.033563852557227714
mid,26.78525728753564,274.9183921033229,0.031225911743601883,0.0015627194099735557,-0.0322245462551046
mid,26.9544542724022,274.9183921033229,0.031617699763072174,0.0014600273411745097,-0.030843962484975184
mid,27.12365125726871,274.9183921033229,0.03196695203642831,0.0013414829264216336,-0.029422993602604926
mid,27.292848242135268,274.9183921033229,0.03226981972086828,0.001210993099770817,-0.027962685179255327
mid,27.462045227001777,274.9183921033229,0.03252244525894726,0.0010725269722157082,-0.026464237520717793
mid,27.631242211868337,274.9183921033229,0.032721062007781354,0.0009300581532877908,-0.024928995381258066
mid,27.800439196734896,274.9183921033229,0.032862108188041896,0.0007874953694196017,-0.023358422869384197
mid,27.969636181601455,274.9183921033229,0.032942354533870094,0.0006486015803119382,-0.02175406032879768
mid,28.138833166467965,274.9183921033229,0.03295904426734656,0.0005169023165393306,-0.02011745991388458
mid,28.308030151334524,274.9183921033229,0.032910043223852534,0.0003955846389587449,-0.01845009670129549
mid,28.477227136201083,274.9183921033229,0.03279399705433891,0.00028738881000937074,-0.01675325251560961
mid,28.646424121067593,274.9183921033229,0.03261049149567013,0.00019449546277813118,-0.015027870298089151
mid,28.815621105934152,274.91839210332296,0.0323602108848696,0.00011841176503434806,-0.013274377837569011
mid,28.98481809080071,274.9183921033229,0.03204508941334194,5.986060787159259e-05,-0.01149248105254904
mid,29.15401507566727,274.9183921033229,0.031668449221495,1.867712256808495e-05,-0.00968092879449032
mid,29.32321206053378,274.9183921033229,0.03123511955776794,-6.283130841019599e-06,-0.00783725331612418
mid,29.492409045400287,274.9183921033229,0.03075153193516036,-1.722046153265072e-05,-0.005957493026437019
mid,29.6616060302669,274.91839210332296,0.030225787542578802,-1.7449126944100307e-05,-0.00403590687527979
mid,29.830803015133405,274.9183921033229,0.029667695809527002,-1.1435631599512885e-05,-0.00206469227302145
mid,29.999999999999964,274.9183921033229,0.02938174556090524,-7.348299613114603e-06,-0.0011085322619316619
outer,-30.000000000000068,298.7730695018225,-1.825831410548907e-05,-0.00010716337318894747,-0.00024928062919818487
outer,-30.000000000000068,298.6058480946258,-6.262498951957598e-05,-9.34081979517998e-05,-0.00027120795127956454
outer,-30.000000000000068,298.68956815628115,-4.0279461464003184e-05,-0.00010027575069235294,-0.00026061914475566375
outer,-30.000000000000018,298.52190281823334,-8.526313481850936e-05,-8.658943212452467e-05,-0.0002810482627942954
outer,-29.708261952012435,298.52190281823334,-4.5790440202305414e-05,-0.00016951190303146876,-0.00033224872308745357
outer,-29.70752503721737,298.6058480946258,-3.2309340600509065e-05,-0.00018549910863428169,-0.00032290009519543643
outer,-29.706787559933932,298.6895681562812,-1.8862958867408214e-05,-0.00020174579489971062,-0.00031261404030565547
outer,-29.706049478737864,298.7730695018225,-5.468274142151507e-06,-0.00021822349373470186,-0.0003013787286828925
outer,-29.4165239040248,298.5219028182333,3.758072344274815e-05,-0.0002957414396992025,-0.0003291238758041987
outer,-29.41505007443467,298.60584809462586,3.5478552661330465e-05,-0.00033215702011136887,-0.0003234431201817288
outer,-29.413575119867794,298.68956815628115,3.3698008588567494e-05,-0.0003694004031294076,-0.0003165880205815936
outer,-29.41209895747566,298.7730695018225,3.2232453092436656e-05,-0.0004074673343767246,-0.00030853342701343426
outer,-29.124785856037168,298.5219028182333,0.00010504139480973148,-0.00028926655106230315,-0.0001481600578888271
outer,-29.122575111652072,298.6058480946258,9.223935221782143e-05,-0.00034792091341980045,-0.00015131781007270454
outer,-29.12036267980166,298.68956815628115,7.993874992952125e-05,-0.00040809711804602175,-0.000153332773901995
outer,-29.118148436213456,298.7730695018225,6.812868410726371e-05,-0.0004698292054470302,-0.00015418374935071018
outer,-28.833047808049635,298.52190281823334,0.00013762675335675273,-6.117243575782742e-05,0.00014745110923942458
outer,-28.830100148869374,298.60584809462586,0.00011795307153973795,-0.0001393013277380048,0.00013120286711092828
outer,-28.82715023973552,298.6895681562812,9.896130236826766e-05,-0.00021946679241600177,0.00011585290954677031
outer,-28.824197914951252,298.7730695018225,8.064724925324141e-05,-0.0003017127197601124,0.00010140681382491703
outer,-28.541309760062003,298.52190281823334,0.00014413191936616098,0.0004562212110371113,0.0005090796239781631
outer,-28.537625186086675,298.60584809462586,0.00012066080418090793,0.00036446750451540086,0.0004764149790850397
outer,-28.533937799669385,298.68956815628115,9.807202642097803e-05,0.00027045916429736816,0.0004442999812319452
outer,-28.53024739368905,298.7730695018225,7.637163540800179e-05,0.00017416663292755982,0.00041272673362167174
outer,-28.24957171207437,298.52190281823334,0.00013525920036204346,0.0013103637297691574,0.0009046737829942209
outer,-28.24515022330408,298.60584809462586,0.00011010717799927062,0.0012120729833262063,0.0008533492227365112
outer,-28.24072535960325,298.6895681562812,8.600275452552838e-05,0.001111534666500311,0.0008022179389971564
outer,-28.236296872426845,298.77306950182253,6.295470957669704e-05,0.0010087350497635125,0.0007512662014430487
outer,-27.957833664086735,298.5219028182333,0.00011731786532103447,0.002530143355731278,0.0013150793372105327
outer,-27.95267526052138,298.6058480946258,9.170598554003703e-05,0.002432383967457396,0.0012437968972706217
outer,-27.94751291953711,298.6895681562812,6.724337126453326e-05,0.0023325042902406935,0.0011723869245138148
outer,-27.94234635116464,298.7730695018225,4.393557018130814e-05,0.002230499703492702,0.0011008347059046262
outer,-27.666095616099103,298.52190281823334,9.316827852694004e-05,0.004130450194328009,0.0017293661787521782
outer,-27.660200297738683,298.6058480946258,6.772865225285023e-05,0.004039796383220779,0.0016374883988717623
outer,-27.654300479470976,298.68956815628115,4.348881446458166e-05,0.003947211969262862,0.0015452037234570974
outer,-27.648395829902437,298.7730695018225,2.0450562070339472e-05,0.0038526977283795537,0.0014524980317627949
outer,-27.37435756811157,298.52190281823334,6.404773411927082e-05,0.006117054224417731,0.00214139962523978
outer,-27.367725334955985,298.6058480946258,3.910319398555762e-05,0.00603952839103775,0.0020287029475422958
outer,-27.361088039404837,298.6895681562812,1.537878234703343e-05,0.005960300827326654,0.0019153559329656625
outer,-27.354445308640233,298.77306950182253,-7.126277899920184e-06,0.005879376436382049,0.001801345525720554
outer,-27.082619520123938,298.5219028182333,3.055581314235535e-05,0.008490162601866075,0.0025478120455452277
outer,-27.075250372173386,298.6058480946258,6.274377625956236e-06,0.008431289857036877,0.002414326085868667
outer,-27.067875599338702,298.6895681562812,-1.678381283000841e-05,0.008370971034566596,0.002279976142142392
outer,-27.06049478737793,298.7730695018225,-3.86213839375215e-05,0.008309214177697942,0.0021447504875458986
outer,-26.790881472136306,298.52190281823334,-6.983298360707137e-06,0.01124665497934527,0.002946866980737299
outer,-26.782775409390688,298.6058480946258,-3.051715134000897e-05,0.011211531294116586,0.0027927752738645855
outer,-26.774663159272666,298.6895681562812,-5.283503479436118e-05,0.011175235619478417,0.0026376302586493677
outer,-26.766544266115726,298.7730695018225,-7.394099308148921e-05,0.011137778243061783,0.002481421630042063
outer,-26.499143424148674,298.52190281823334,-4.8387165046751e-05,0.014381473359114,0.003337804258654972
outer,-26.49030044660799,298.60584809462586,-7.113648521719224e-05,0.014374834077416394,0.003163380836404656
outer,-26.48145071920653,298.6895681562812,-9.268323505377297e-05,0.014367310413454008,0.00298773416058123
outer,-26.472593744853523,298.7730695018225,-0.0001130324945008811,0.014358914260388506,0.0028108553059096033
outer,-26.207405376161038,298.52190281823334,-9.355179162602416e-05,0.017888508526690213,0.0037204503146897774
outer,-26.19782548382539,298.60584809462586,-0.00011550708111090525,0.017914793238557998,0.0035260184730978314
outer,-26.188238279140393,298.68956815628115,-0.00013627653279957817,0.017940492189920422,0.0033302085205785745
outer,-26.17864322359132,298.77306950182253,-0.00015586594844392131,0.017965618430896817,0.003133012805618444
outer,-25.91566732817351,298.52190281823334,-0.0001424198149016665,0.021761169688489457,0.004094983593761397
outer,-25.905350521042692,298.60584809462586,-0.00016358806953729703,0.021824580285458854,0.003880889140843027
outer,-25.895025839074258,298.6895681562812,-0.00018358882482479022,0.02188771371991471,0.003665273186009896
outer,-25.884692702329115,298.7730695018225,-0.00020242836273670628,0.021950583879888564,0.0034481292103119942
outer,-25.623929280185873,298.5219028182333,-0.0001949656977495648,0.025992749771818993,0.004461792009700033
outer,-25.612875558259994,298.6058480946258,-0.0002153646678488448,0.026097301170187104,0.004228385926515575
outer,-25.60181339900812,298.6895681562812,-0.00023461504134375706,0.026201893916327774,0.003993323359900868
outer,-25.59074218106691,298.7730695018225,-0.0002527233959603893,0.02630654251494271,0.0037565987645506362
outer,-25.33219123219824,298.5219028182333,-0.00025118935628616265,0.030576658563710307,0.0048213849608792015
outer,-25.3204005954774,298.6058480946258,-0.0002708446617159105,0.030726222883937348,0.004569012196013597
outer,-25.308600958941984,298.68956815628115,-0.00028937023297579204,0.03087615760656979,0.004314853775620784
outer,-25.296791659804708,298.7730695018225,-0.00030677280813548244,0.03102647770684375,0.004058904965384894
outer,-25.04045318421061,298.5219028182333,-0.0003111138139747331,0.03550656907322113,0.005174337688502596
outer,-25.0279256326947,298.6058480946258,-0.0003300576381351523,0.03570491427331738,0.004903330013981161
outer,-25.01538851887585,298.6895681562812,-0.00034789024062004126,0.03590397062278032,0.004630411097762172
outer,-25.002841138542504,298.7730695018225,-0.0003646184122493238,0.036103753494379436,0.004355576848725934
outer,-24.748715136222973,298.5219028182333,-0.000374784809248142,0.04077650534145432,0.005521254792353163
outer,-24.735450669912,298.6058480946258,-0.0003930554687111166,0.041027329249081826,0.0052319264120356925
outer,-24.72217607880971,298.6895681562812,-0.0004102329566219153,0.04127921830673239,0.004940562868848046
outer,-24.7088906172803,298.7730695018225,-0.0004263240315732046,0.04153218827416087,0.004647160541360804
outer,-24.456977088235444,298.5219028182333,-0.00044227121651371076,0.04638088929770261,0.005862745017231682
outer,-24.442975707129403,298.6058480946258,-0.00045991320642518527,0.04668784984600649,0.005555390096342859
outer,-24.428963638743575,298.6895681562812,-0.0004764796364023806,0.04699624471507613,0.005245876077079083
outer,-24.414940096018096,298.77306950182253,-0.0004919771769689926,0.04730609008777677,0.004934199632940412
outer,-24.16523904024781,298.5219028182333,-0.0005136655798809592,0.05231455778494623,0.006199402624828309
outer,-24.150500744346704,298.6058480946258,-0.0005307299055395745,0.05268130007162476,0.00587429421554489
outer,-24.135751198677436,298.6895681562812,-0.0005467359780321028,0.05304986324812819,0.005546901284254859
outer,-24.120989574755892,298.7730695018225,-0.000561690340368376,0.05342026401106846,0.005217220621750479
outer,-23.873500992260176,298.5219028182333,-0.0005890846499874217,0.058572756583035485,0.006531792698623353
outer,-23.858025781564006,298.6058480946258,-0.0006056293301820032,0.05900293727823512,0.006189182735593383
outer,-23.8425387586113,298.68956815628115,-0.0006211329810856016,0.05943534535176678,0.005844160041962745
outer,-23.82703905349369,298.7730695018225,-0.0006356019960068147,0.05986999815565629,0.005496721346660589
outer,-23.581762944272544,298.52190281823334,-0.000668669678074555,0.06515111600793859,0.006860438912625038
outer,-23.565550818781308,298.60584809462586,-0.0006847604021150595,0.06564842548350326,0.006500559070078477
outer,-23.549326318545162,298.68956815628115,-0.0006998275373908298,0.06614839154973322,0.006138134362917129
outer,-23.533088532231485,298.7730695018225,-0.0007138773256024772,0.06665103240395222,0.005773161276704384
outer,-23.29002489628491,298.5219028182333,-0.0007525864306881618,0.07204561095740983,0.007185812966592885
outer,-23.27307585599871,298.6058480946258,-0.0007682973933608311,0.07261379344078854,0.006808876243650418
outer,-23.256113878479027,298.68956815628115,-0.0007830028178449563,0.07318508751954647,0.006429257595874741
outer,-23.23913801096928,298.7730695018225,-0.00079670880936673,0.0737595124783497,0.006046953078697629
outer,-22.99828684829738,298.5219028182333,-0.0008410251480716578,0.07925250740554357,0.007508325344007631
outer,-22.98060089321601,298.6058480946258,-0.0008564401347786431,0.07989537940947943,0.00711452830068552
outer,-22.962901438412892,298.6895681562812,-0.0008708687380298771,0.0805418471457758,0.006717906466525134
outer,-22.945187489707077,298.7730695018225,-0.0008843169534164461,0.08119193128946244,0.0063184552768648684
outer,-22.706548800309694,298.5219028182333,-0.0009342004757111749,0.08676829691407582,0.007828317286270207
outer,-22.688125930433312,298.6058480946258,-0.0009494142715702689,0.08748976421656483,0.007417842868594447
outer,-22.669688998346803,298.6895681562812,-0.0009636625442456352,0.08821534415196537,0.007004394221449765
outer,-22.651236968444874,298.7730695018225,-0.0009769512387136081,0.08894505913697842,0.006587965964342132
outer,-22.41481075232211,298.52190281823334,-0.001032351608914503,0.09458962030250703,0.00814605395257989
outer,-22.395650967650667,298.60584809462586,-0.0010474718798735468,0.09539369372014818,0.007719074862275761
outer,-22.376476558280668,298.6895681562812,-0.0010616499543743933,0.09620243335512191,0.007288964864540764
outer,-22.35728644718267,298.77306950182253,-0.001074891814439774,0.09701586377715943,0.006855717560111413
outer,-22.12307270433448,298.5219028182333,-0.0011357430210711256,0.10271318128354168,0.008461718731025296
outer,-22.10317600486802,298.6058480946258,-0.0011508928374191207,0.1036039915318937,0.008018401322446172
outer,-22.083264118214583,298.6895681562812,-0.0011651271922717213,0.10450006253421211,0.007571788504163242
outer,-22.063335925920466,298.77306950182253,-0.0011784522187411432,0.10540142149794826,0.007121872644298956
outer,-21.831334656346844,298.5219028182333,-0.0012446660460272985,0.11113565061081954,0.008775408608350837
outer,-21.81070104208532,298.60584809462586,-0.0012599872090063823,0.11211746264804061,0.008315917302339007
outer,-21.790051678148448,298.6895681562812,-0.0012744242349231327,0.11310517559447814,0.007852957736382362
outer,-21.769385404658262,298.7730695018225,-0.0012879835746781726,0.11409881984547873,0.007386520813968591
outer,-21.539596608359314,298.52190281823334,-0.0013594418709754197,0.11985356074314304,0.009087130321397949
outer,-21.51822607930272,298.60584809462586,-0.0013750993346270113,0.12093078795337153,0.00861163252346684
outer,-21.49683923808231,298.6895681562812,-0.0013899100687016289,0.12201460698877406,0.008132484784072518
outer,-21.47543488339606,298.77306950182253,-0.0014038810640582822,0.1231050520713149,0.0076496762889477
outer,-21.24785856037168,298.52190281823334,-0.0014804266693958928,0.1288631902323139,0.009396796757790135
outer,-21.225751116520023,298.60584809462586,-0.001496614317821894,0.13004040894411933,0.008905468298016958
outer,-21.20362679801612,298.68956815628127,-0.0015120005975225448,0.13122496691596072,0.008410298919957461
outer,-21.181484362133855,298.77306950182253,-0.0015265933297895565,0.1324169029421185,0.007911275807385404
outer,-20.956120512384047,298.52190281823334,-0.0016080195523102275,0.1381604362616769,0.00970422272178988
outer,-20.933276153737324,298.6058480946258,-0.001624967646813233,0.1394424011066731,0.009197253861333299
outer,-20.910414357949985,298.6895681562812,-0.0016411700412338262,0.1407325156871865,0.008686243340289876
outer,-20.88753384087165,298.77306950182253,-0.0016566357647585933,0.14203082424860447,0.008171176010029056
outer,-20.664382464396414,298.5219028182334,-0.0017426745294391657,0.14774067197976548,0.010009118684181272
outer,-20.640801190954626,298.60584809462586,-0.0017606591923062381,0.14913233257283848,0.009486720743394232
outer,-20.6172019178839,298.6895681562812,-0.0017779670730327934,0.1505330239149546,0.008960070138431121
outer,-20.593583319609397,298.7730695018225,-0.0017946088922123904,0.1519427967548206,0.008429149000821458
outer,-20.37264441640878,298.52190281823334,-0.0018849178148633919,0.15759858337954621,0.010311080471165544
outer,-20.348326228171977,298.6058480946259,-0.0019042728976238626,0.1591051027609341,0.009773493182524705
outer,-20.32398947781776,298.6895681562812,-0.0019230370010908451,0.1606216131852372,0.009231431433838165
outer,-20.299632798347194,298.77306950182253,-0.0019412231620371742,0.1621481731684465,0.00868487417824524
outer,-20.080906368421196,298.52190281823334,-0.002035371990531755,0.16772797772887496,0.010609571969672126
outer,-20.05585126538933,298.60584809462586,-0.002056503664411652,0.1693547528087365,0.010057071714401462
outer,-20.030777037751626,298.6895681562812,-0.002077151505874786,0.17099256878922295,0.009499863847844542
outer,-20.00568227708504,298.7730695018225,-0.0020973316508216197,0.17264149350310445,0.008937923596598368
outer,-19.789168320433564,298.52190281823334,-0.002194788957882006,0.17812155161996923,0.010903896850426469
outer,-19.76337630260663,298.60584809462586,-0.0022181932675355287,0.17987423556749868,0.010336805989752111
outer,-19.73756459768549,298.6895681562812,-0.002241247620726833,0.18163911201585567,0.009764762451649138
outer,-19.711731755822786,298.77306950182253,-0.002263972215442542,0.18341626003950415,0.009187737081233605
outer,-19.497430272445982,298.5219028182334,-0.002364093735484317,0.18877060214454913,0.011193153925179881
outer,-19.470901339824035,298.60584809462586,-0.0023903772366371603,0.19065512810401977,0.010611851520008708
outer,-19.444352157619353,298.6895681562812,-0.0024164777622878095,0.1925531143686188,0.010025338981652289
outer,-19.417781234560582,298.77306950182253,-0.002442420745126489,0.1944646536548365,0.009433582001816022
outer,-19.20569222445835,298.52190281823334,-0.002544441431430955,0.19966465834457497,0.011476169087731199
outer,-19.178426377041337,298.60584809462586,-0.002574344802002415,0.20168726302641232,0.010881103413709695
outer,-19.151139717553217,298.6895681562812,-0.002604272680945381,0.20372472913427486,0.01028055751020715
outer,-19.123830713298428,298.77306950182253,-0.002634257120686677,0.20577716604059973,0.009674491025440518
outer,-18.913954176470714,298.52190281823334,-0.0027372898019606892,0.2107910022832291,0.011751394771166206
outer,-18.88595141425864,298.6058480946259,-0.0027717139416415515,0.21295824679667125,0.011143098166259205
outer,-18.85792727748708,298.6895681562812,-0.0028064189222520436,0.2151419072720864,0.010529038801515907
outer,-18.829880192036224,298.77306950182253,-0.0028414450186303383,0.21734211351377108,0.009909169283467835
outer,-18.622216128483185,298.5219028182333,-0.002944489603753306,0.22213403956242544,0.0120167655266534
outer,-18.59347645147599,298.60584809462586,-0.0029845232688856804,0.2244528231601381,0.01139587226997784
outer,-18.564714837421047,298.6895681562812,-0.0030251520598784665,0.2267897539610817,0.010768922316703768
outer,-18.53592967077402,298.77306950182253,-0.003066426271809676,0.22914498691184457,0.010135860160012111
outer,-18.3304780804955,298.5219028182334,-0.0031683946070348787,0.2336744673086542,0.012269495669136182
outer,-18.30100148869334,298.60584809462586,-0.0032153420056651658,0.23615202740330485,0.011636763809250175
outer,-18.27150239735486,298.6895681562812,-0.0032632662684479036,0.23864966911849503,0.010997672288259625
outer,-18.241979149511767,298.77306950182253,-0.003312229640654779,0.24116757838145947,0.01035215641404423
outer,-18.038740032507917,298.5219028182334,-0.0034119925904290624,0.2453881735451228,0.012505801869365882
outer,-18.008526525910643,298.6058480946259,-0.0034673985278752123,0.2480320623445642,0.011862140199024478
outer,-17.97828995728872,298.6895681562812,-0.0035242398229996044,0.25069819966067014,0.011211811356773384
outer,-17.948028628249613,298.77306950182253,-0.003582592653243233,0.25338680953715165,0.010554740515115069
outer,-17.747001984520285,298.5219028182334,-0.003679057480985584,0.25724478517228333,0.012720530334544546
outer,-17.716051563127994,298.6058480946259,-0.00374472669104238,0.26006280936467874,0.012067032032760439
outer,-17.685077517222634,298.6895681562812,-0.003812374778892777,0.262905512668152,0.011406562128873927
outer,-17.65407810698736,298.7730695018226,-0.0038820937278266285,0.26577316585393684,0.010739035024572893
outer,-17.455263936532653,298.5219028182334,-0.003974321395276155,0.26920576221777104,0.012906664705938514
outer,-17.42357660034535,298.6058480946259,-0.004052327604622062,0.27220586714629824,0.012244649596184168
outer,-17.39186507715645,298.6895681562812,-0.004132947279034141,0.275233377000489,0.011575373709521254
outer,-17.360127585725206,298.77306950182253,-0.0042162897729050575,0.2782886194713351,0.010898740648090391
outer,-17.16352588854507,298.5219028182334,-0.0043036636316551025,0.28122191343077835,0.01305468701360226
outer,-17.131101637562647,298.6058480946259,-0.004396342601474729,0.2844119871109541,0.01238575490733572
outer,-17.09865263709031,298.6895681562812,-0.004492362974286582,0.2876325159015992,0.011709306679671475
outer,-17.066177064462952,298.7730695018226,-0.004591852462745384,0.2908838962040375,0.01102523612633656
outer,-16.871787840557435,298.5219028182334,-0.004674311486624096,0.2932301823323707,0.013151760133385634
outer,-16.83862667477995,298.60584809462586,-0.00478423104477424,0.29661774707988503,0.012477858342910472
outer,-16.805440197024225,298.6895681562812,-0.004898309910204637,0.3000391642394159,0.011796246294941776
outer,-16.7722265432007,298.77306950182265,-0.005016694199417651,0.3034949122058597,0.011106810569729078
outer,-16.580049792569852,298.52190281823334,-0.005095045641626175,0.30514952316555366,0.013180695921665903
outer,-16.546151711997304,298.6058480946259,-0.005224944432139077,0.30874127352298536,0.012504204755360918
outer,-16.512227756958037,298.6895681562812,-0.005359899008300778,0.3123706313028747,0.011819909650517074
outer,-16.478276021938495,298.7730695018226,-0.005500072585076371,0.3160381713284766,0.011127694933767779
outer,-16.28831174458222,298.5219028182334,-0.005576400920086259,0.3168756522520199,0.013118668360264832
outer,-16.253676749214655,298.6058480946259,-0.005729086439610974,0.3206767870050433,0.012442509221974207
outer,-16.21901531689195,298.68956815628127,-0.0058877807195979945,0.3245196323248513,0.01175860788546701
outer,-16.18432550067629,298.7730695018226,-0.006052660913084179,0.32840487444474076,0.011066854781432114
outer,-15.996573696594586,298.5219028182334,-0.006130851901796908,0.32827442077773594,0.012935625039978721
outer,-15.961201786431955,298.6058480946259,-0.006309047566555155,0.33228770369051086,0.012263396611211813
outer,-15.925802876825815,298.68956815628127,-0.006494225659530173,0.33634710793875927,0.011583718613227878
outer,-15.890374979414087,298.7730695018226,-0.0066865716826735935,0.3404534457114389,0.01089650067038471
outer,-15.704835648607004,298.5219028182334,-0.006772973288476376,0.33917350817503866,0.012592341744861887
outer,-15.668726823649308,298.6058480946259,-0.006979103832082764,0.3433979761678849,0.011928490513015824
outer,-15.63259043675968,298.6895681562812,-0.007193158305725818,0.34767319821104303,0.011257815081599162
outer,-15.596424458151883,298.7730695018226,-0.007415321918297482,0.35200012507612366,0.010580263798328715
outer,-15.413097600619421,298.5219028182334,-0.007519567677076795,0.3493520772206198,0.012038051702285599
outer,-15.37625186086666,298.6058480946259,-0.007755472382685209,0.3537812949063389,0.011388083618742786
outer,-15.339377996693543,298.68956815628127,-0.008000136943500873,0.35826597181256925,0.01073238486180994
outer,-15.30247393688968,298.77306950182253,-0.008253733883061956,0.36280720590467297,0.010070970650404187
outer,-15.12135955263179,298.5219028182334,-0.008389760264670941,0.35852795630704976,0.011207559048048682
outer,-15.083776898084013,298.6058480946259,-0.008656324715751819,0.3631476901436571,0.010578298944340814
outer,-15.046165556627457,298.6895681562812,-0.00893228180039897,0.36782742319780165,0.009945047563330409
outer,-15.008523415627527,298.77306950182253,-0.00921777445946649,0.37256840230927374,0.009307926543064365
outer,-14.829621504644207,298.52190281823334,-0.009405073549666507,0.3663418096049389,0.010017707890918534
outer,-14.791301935301364,298.6058480946259,-0.009701773219076351,0.37112695981964117,0.009417611670122325
outer,-14.75295311656132,298.68956815628127,-0.010008169801385115,0.3759761262772086,0.008816140092829591
outer,-14.714572894365324,298.7730695018226,-0.01032435438652031,0.380890695466183,0.008213575745666862
outer,-14.537883456656726,298.5219028182334,-0.010589517807252008,0.37233760273199573,0.008363010946167176
outer,-14.498826972518767,298.60584809462586,-0.01091387160994043,0.3772481801383672,0.0078025309640447765
outer,-14.459740676495336,298.68956815628127,-0.011247741525255275,0.38222574660978215,0.007244464709801279
outer,-14.420622373103221,298.7730695018226,-0.011591138076428989,0.38727180268791395,0.006689329936969371
outer,-14.246145408669499,298.5219028182334,-0.011969769585817157,0.37593843698685087,0.0061101206944418895
outer,-14.206352009736527,298.6058480946259,-0.01231671073550289,0.38091429208273003,0.00560211388581984
outer,-14.166528236429606,298.6895681562812,-0.012672311338610173,0.38595831933640745,0.005101861768645799
outer,-14.126671851841476,298.7730695018226,-0.013036464752984644,0.3910720835798134,0.004610217572914285
outer,-13.954407360683494,298.5219028182334,-0.013575557884983692,0.3764164558972933,0.00309060655295737
outer,-13.913877046955458,298.6058480946259,-0.013936746357037996,0.3813703356759738,0.002650750783353681
outer,-13.873315796365098,298.68956815628127,-0.014304835301438307,0.38639072012612,0.0022260232453040624
outer,-13.83272133058085,298.77306950182265,-0.01467955430421811,0.3914791526021009,0.0018177481623628533
outer,-13.66266931270156,298.5219028182334,-0.015440439764867163,0.3728549373940987,-0.0009089090259693233
outer,-13.62140208417851,298.6058480946259,-0.01580357662859868,0.37766321414176907,-0.0012617788685348325
outer,-13.580103356304711,298.68956815628127,-0.016170694264671735,0.3825319537846281,-0.001589507796916273
outer,-13.538770809324447,298.7730695018226,-0.016541298810786496,0.38746253640046757,-0.0018901161821468643
outer,-13.370931264733978,298.5219028182334,-0.017603028717253152,0.3640997992257886,-0.006160960057725026
outer,-13.328927121416013,298.6058480946259,-0.017951292985761688,0.3685897984123521,-0.006404805317645895
outer,-13.286890916258828,298.68956815628127,-0.01829918630585273,0.37312759620403413,-0.006610100398648552
outer,-13.244820288082549,298.7730695018226,-0.01864591526508606,0.377714172407942,-0.006773955385800806
outer,-13.07919321681479,298.5219028182334,-0.020108464893915108,0.348696475452549,-0.013019044578742922
outer,-13.036452158702065,298.6058480946259,-0.0204203664016975,0.3526285405797807,-0.013129374987128212
outer,-12.99367847626185,298.6895681562812,-0.020725906230386053,0.35658563072375704,-0.013183433575287618
outer,-12.950869766889808,298.7730695018226,-0.02102390060998077,0.3605679048138567,-0.013177059894960666
outer,-12.787455169053663,298.52190281823334,-0.023004386673823554,0.3248082083730327,-0.021952611258512625
outer,-12.743977196147043,298.6058480946259,-0.023254189811329422,0.3278493635910226,-0.021905221657902492
outer,-12.70046603642451,298.6895681562812,-0.02349009623927801,0.33087682155315434,-0.021778538856043826
outer,-12.656919245857623,298.77306950182253,-0.023710475189842553,0.3338890617876885,-0.021566615097130516
outer,-12.495717121795877,298.5219028182334,-0.026318178832135018,0.2901158864336942,-0.033606848636211155
outer,-12.45150223409801,298.60584809462586,-0.02647698777687397,0.29180072911159866,-0.03338571417541635
outer,-12.407253597095805,298.6895681562812,-0.026614007091316012,0.2934066977459648,-0.0330564798599043
outer,-12.362968725336666,298.77306950182253,-0.026727475839760637,0.2949284902290576,-0.03261075283021143
outer,-12.20397907608308,298.5219028182334,-0.02976644652085466,0.24176764167074724,-0.0488659243392826
outer,-12.159027273602002,298.60584809462586,-0.029770770623426233,0.24145350545394212,-0.04847730909856601
outer,-12.114041159328165,298.6895681562812,-0.02974397147829097,0.24095231986856477,-0.04794713083354483
outer,-12.069018206384765,298.77306950182253,-0.029685001925945066,0.24025036555211485,-0.04726406624539708
outer,-11.912241035005035,298.5219028182334,-0.04544619576401148,0.1736571931315209,-0.07152994495536344
outer,-11.86655231776487,298.6058480946259,-0.04696611677100308,0.17007716509536,-0.07140482487040938
outer,-11.820828726243525,298.6895681562812,-0.04869138014775991,0.16607916732314482,-0.07115925192162183
outer,-11.775067692140036,298.77306950182265,-0.05065705027119154,0.16162537759868492,-0.0707872599058089
outer,-11.62050300733677,298.5219028182334,-0.11731733781983653,0.07780368041260081,-0.11032188063491746
outer,-11.574077375407136,298.6058480946259,-0.12656501164937736,0.06916689249081057,-0.11169311494476508
outer,-11.527616306708047,298.6895681562812,-0.13689265810442103,0.059753742204691665,-0.1130856744812196
outer,-11.481117191514288,298.7730695018226,-0.14842494300234135,0.04949731417364106,-0.11451004999010261
outer,-11.328765017380011,298.5219028182334,-0.27530414295202715,-0.03416428124216059,-0.1647094315572012
outer,-11.281602470957083,298.6058480946259,-0.29683826465020424,-0.04706683294085885,-0.16772767910686542
outer,-11.234403925276428,298.6895681562812,-0.32011328149082974,-0.0607890820786504,-0.1707856214718893
outer,-11.187166729188831,298.77306950182253,-0.34522347866063385,-0.07536491946870838,-0.17387976411216255
outer,-11.037027130480805,298.52190281823334,-0.48492424378898763,-0.13189840523986968,-0.21661069697076613
outer,-10.98912767010029,298.6058480946259,-0.5148146518474941,-0.14551619446340777,-0.21917191370004835
outer,-10.941191647974337,298.6895681562812,-0.5459866086688238,-0.15962655709975668,-0.22152094478659842
outer,-10.893216371529476,298.77306950182253,-0.5783862610252134,-0.17422043912218127,-0.22362516365828738
outer,-10.745289515347988,298.52190281823334,-0.6926025016948923,-0.20229235583162883,-0.24965357508056168
outer,-10.696653142422916,298.6058480946259,-0.724173739294842,-0.2149276849894459,-0.2498633556105141
outer,-10.647979645265716,298.68956815628115,-0.7561937102487877,-0.22792977462368563,-0.24966829374430308
outer,-10.599266289878807,298.77306950182253,-0.788559098694907,-0.24131383968145304,-0.2490539291743583
outer,-10.453552600771676,298.5219028182334,-0.8749863448993757,-0.2560357639213413,-0.2630063607303529
outer,-10.404179318944319,298.6058480946259,-0.9047728331075003,-0.2685901351978047,-0.260904040564782
outer,-10.354768350400937,298.6895681562812,-0.934486965764992,-0.2816138017202331,-0.25847220596313825
outer,-10.305316919720054,298.7730695018225,-0.9640458527732358,-0.29512725051844474,-0.2557402165091015
outer,-10.16181742490502,298.5219028182334,-1.031234424518972,-0.30513540436089664,-0.26459993570437845
outer,-10.111707243215122,298.60584809462586,-1.0581133289782363,-0.31835090552608786,-0.2613211114947239
outer,-10.061558812332228,298.6895681562812,-1.0845932113348915,-0.3319928450911488,-0.2579351033429288
outer,-10.011369315411416,298.77306950182253,-1.110591278181003,-0.34602547396433375,-0.2544945919538298
outer,-9.87008645028159,298.5219028182334,-1.1642237969702502,-0.3523096789492778,-0.26180226774142235
outer,-9.819239390571981,298.6058480946259,-1.1876313627127895,-0.3657004349463152,-0.258422096303063
outer,-9.768353519209043,298.68956815628115,-1.210382494526323,-0.3792514145144201,-0.2551378520404674
outer,-9.717425977925684,298.77306950182253,-1.2324004811696216,-0.392874278586724,-0.2519952702412692
outer,-9.578365316728325,298.5219028182333,-1.2764319534433024,-0.3952459903859994,-0.25866658890562466
outer,-9.526781430164002,298.6058480946258,-1.2962194889372933,-0.40786687836313673,-0.2557750031076642
outer,-9.47515816952505,298.6895681562812,-1.3152382634622897,-0.4203490173919147,-0.2530834491117644
outer,-9.423492635125209,298.7730695018225,-1.3334540276111153,-0.4326071510815345,-0.2506123137696912
outer,-9.286666452787612,298.52190281823334,-1.3712597191585985,-0.4318056894464693,-0.25656199466486973
outer,-9.2343458551513,298.60584809462586,-1.3878722366396525,-0.4430559109768536,-0.2542862774646199
outer,-9.181985321107401,298.6895681562812,-1.4037929398013438,-0.45400433410271374,-0.25221398414767554
outer,-9.129581909557002,298.77306950182253,-1.4190423355997182,-0.4646111158270054,-0.25034058026744666
outer,-8.995016793676417,298.52190281823334,-1.452998104987008,-0.4616911099552737,-0.25535328244921623
outer,-8.941959740790562,298.60584809462586,-1.4672747196117628,-0.4715146780237498,-0.25355087266548887
outer,-8.888862189359372,298.6895681562812,-1.4810519044414545,-0.4810297856282129,-0.25190049601484565
outer,-8.83572115688563,298.77306950182253,-1.4943796067207702,-0.49023955046633216,-0.25038618771928794
outer,-8.703471654388773,298.5219028182333,-1.5257301073064053,-0.48592491765464985,-0.25440061960646115
outer,-8.649678689665544,298.6058480946258,-1.5385228135455136,-0.49458836597144684,-0.25286453860857094
outer,-8.59584466467428,298.6895681562812,-1.5510091429912367,-0.5030128327257788,-0.25142394956193925
outer,-8.541966555549742,298.77306950182253,-1.5632351053434541,-0.5112172977865858,-0.25006418945267656
outer,-8.412142551064132,298.5219028182333,-1.5924754406946755,-0.505830408524617,-0.2531467599816064
outer,-8.357614797703032,298.6058480946258,-1.6043970230508124,-0.5136399764278345,-0.25172188655684113
outer,-8.303045423208369,298.68956815628115,-1.616141063392179,-0.5212790084607306,-0.250354597296365
outer,-8.248431362410289,298.77306950182253,-1.6277350023254933,-0.5287626123802319,-0.24903603240808883
outer,-8.121244673699838,298.5219028182333,-1.655045607642163,-0.5224273774125614,-0.2512921322416606
outer,-8.065984373701491,298.60584809462574,-1.6664392942445558,-0.5295957049658561,-0.24989554763319122
outer,-8.010681893415398,298.6895681562812,-1.6777200749339387,-0.5366344223598504,-0.248537129150353
outer,-7.955334126493089,298.7730695018225,-1.6889001364956673,-0.5435509882908345,-0.2472124521340791
outer,-7.831175361525723,298.52190281823334,-1.714360216384697,-0.5363464408243702,-0.248744083143641
outer,-7.775186822709828,298.60584809462586,-1.725389263498118,-0.5429948590182363,-0.24734057218233488
outer,-7.719155547740136,298.6895681562812,-1.7363323645919568,-0.5495338811248288,-0.24596600372894584
outer,-7.663078389331688,298.7730695018225,-1.7471942067330233,-0.5559666410033025,-0.24461796519357806
outer,-7.542644151342762,298.52190281823334,-1.7708094463821251,-0.5479701699677179,-0.24552045624101576
outer,-7.485935370504316,298.60584809462586,-1.7815472552911753,-0.5541718472522641,-0.2440961089407385
outer,-7.429183303749941,298.6895681562812,-1.7922096746657257,-0.5602753608042965,-0.2426953027847599
outer,-7.372384763307843,298.7730695018225,-1.8027986351662442,-0.5662823974150359,-0.2413162468624488
outer,-7.2568315105459655,298.5219028182333,-1.8244650583398565,-0.5575656908245606,-0.24168439047352502
outer,-7.199416621885451,298.6058480946258,-1.8349440339069805,-0.5633756443415134,-0.24023169156103724
outer,-7.141957908335773,298.68956815628115,-1.8453515893284553,-0.5690958560750261,-0.23879805363968343
outer,-7.084452142432427,298.7730695018225,-1.8556886798631615,-0.5747276896689367,-0.2373818022068951
outer,-6.975574597055891,298.5219028182333,-1.875165013787069,-0.5653506101611213,-0.23731605956006196
outer,-6.917477286400197,298.6058480946258,-1.8853957876500143,-0.570817370745384,-0.2358278336071695
outer,-6.859335629961344,298.68956815628115,-1.8955560599319814,-0.5762020319479871,-0.23435416299287468
outer,-6.801146361913828,298.7730695018225,-1.9056463989556145,-0.5815059697727505,-0.23289335176436826
outer,-6.701466758061531,298.52190281823334,-1.9225693029426596,-0.5715204857061715,-0.23250716815017358
outer,-6.642724194391306,298.6058480946258,-1.9325490547678565,-0.5766889228667166,-0.23097510685255268
outer,-6.5839367924151375,298.6895681562811,-1.9424576668478524,-0.5817826959273427,-0.2294529463811643
outer,-6.525101250035966,298.7730695018224,-1.9522955728338856,-0.5868033403049376,-0.22793896355094134
outer,-6.437756763301255,298.5219028182333,-1.966262939844317,-0.5762718477925093,-0.22736815733850513
outer,-6.378423006379235,298.6058480946258,-1.9759819571052946,-0.5811835584067254,-0.22578378890400103
outer,-6.319043959892442,298.6895681562812,-1.9856285065908301,-0.5860279875685714,-0.22420476858058058
outer,-6.25961628851094,298.7730695018225,-1.9952029935386448,-0.5908069074378941,-0.22262940398959968
outer,-6.187822331310555,298.5219028182333,-2.0059037338042502,-0.5798210553382227,-0.22203143482179977
outer,-6.127969002103553,298.60584809462586,-2.0153518140443034,-0.5845144122751387,-0.22038818142813454
outer,-6.06806998674124,298.6895681562812,-2.024725892866144,-0.5891477491863013,-0.21874621210628506
outer,-6.008121920687029,298.7730695018225,-2.0340263477670604,-0.5937230775956401,-0.21710395225617712
outer,-5.954508337268054,298.52190281823334,-2.0413546129737186,-0.5824086040611168,-0.2166441221758132
outer,-5.894221847623791,298.6058480946258,-2.050525997889647,-0.5869186910275176,-0.21493910989335588
outer,-5.833889341192072,298.6895681562812,-2.05962181822909,-0.5913756578933924,-0.213232138751842
outer,-5.773507429087,298.7730695018225,-2.0686423567749563,-0.5957816794487422,-0.21152183969378618
outer,-5.739450050080925,298.52190281823334,-2.0727335048558717,-0.5842778696478695,-0.2113442877825081
outer,-5.678825313825751,298.6058480946258,-2.0816288871595496,-0.5886360114995481,-0.2095789000551479
outer,-5.618154302598822,298.6895681562812,-2.090447097867544,-0.592947241717356,-0.20780929650370217
outer,-5.557433608500477,298.77306950182253,-2.099188231907995,-0.597213757311851,-0.20603438243141908
outer,-5.542918492991113,298.5219028182333,-2.1003594880246608,-0.5856403424271758,-0.20623808132177415
outer,-5.482051833036947,298.60584809462586,-2.108985131202909,-0.5898732851358959,-0.2044172030390789
outer,-5.421138713450261,298.6895681562812,-2.117531883104161,-0.5940645236172911,-0.20259082133987982
outer,-5.364099635296533,298.52190281823334,-2.12466855851138,-0.5866598614910427,-0.20139206825695982
outer,-5.360175712732053,298.7730695018225,-2.1259995690577873,-0.5982161029504371,-0.20075815451024392
outer,-5.303083142302371,298.6058480946258,-2.133034148685418,-0.5907892551378642,-0.19952269979843573
outer,-5.242020075307828,298.6895681562812,-2.1413189868343303,-0.5948809557434437,-0.19764736352187257
outer,-5.201325867208467,298.52190281823334,-2.146125423135331,-0.5874457519046572,-0.19682983373635243
outer,-5.180907004391437,298.7730695018225,-2.1495225835298406,-0.5989366879686623,-0.19576559504105315
outer,-5.140242961710249,298.6058480946258,-2.1542418913834678,-0.5914881645745421,-0.1949196851941022
outer,-5.0791134315188495,298.6895681562812,-2.162275645382576,-0.5954956565478056,-0.19300371990586548
outer,-5.052771724748447,298.52190281823334,-2.165155981487913,-0.5880635696488823,-0.1925499464377939
outer,-5.017933842979493,298.7730695018225,-2.1702258825616925,-0.5994695021683418,-0.1910817629278619
outer,-4.991696336454172,298.6058480946258,-2.1730341239892352,-0.5920310995767468,-0.19060650434822995
outer,-4.930574329204588,298.68956815628115,-2.180827587276779,-0.5959653392870791,-0.1886577980353359
outer,-4.916649641583125,298.5219028182333,-2.1821382788851804,-0.5885565714301456,-0.18853791057417385
outer,-4.869402269767553,298.77306950182253,-2.188535303038387,-0.5998670417192047,-0.18670388883736
outer,-4.855646406407804,298.6058480946258,-2.189788284048176,-0.59245790054709,-0.18656795192269648
outer,-4.794596607351814,298.68956815628115,-2.1973517711380457,-0.5963266215165561,-0.1845934947885434
outer,-4.791175701691986,298.52190281823334,-2.197394222138249,-0.5889500995407145,-0.18476755766414316
outer,-4.733496815238904,298.7730695018226,-2.2048274900996825,-0.6001629583836868,-0.1826147681032386
outer,-4.730299980736095,298.6058480946258,-2.2048255035998814,-0.5927914520925744,-0.18277691555473607
outer,-4.674930811677063,298.52190281823334,-2.21118889449496,-0.5892612593288695,-0.18121502623223454
outer,-4.669377793231426,298.6895681562812,-2.2121686889387147,-0.5966001733637606,-0.18078260587793538
outer,-4.614230587987568,298.60584809462586,-2.218410182548995,-0.5930472225985641,-0.17920861336029764
outer,-4.608405717169633,298.77306950182253,-2.219422453135451,-0.6003760070177495,-0.1787849509393341
outer,-4.566577497167207,298.52190281823334,-2.2237381745801947,-0.5895010853024794,-0.17785360248255327
outer,-4.553484031706575,298.6895681562812,-2.2255421740090497,-0.5968000738331074,-0.17719932194905727
outer,-4.506093800085294,298.6058480946258,-2.2307576995204133,-0.593235264745428,-0.1758354714617654
outer,-4.492687730691106,298.7730695018225,-2.2325835815496613,-0.6005191651640843,-0.1751874959853769
outer,-4.465199910010433,298.5219028182333,-2.2352189529692246,-0.5896805132051252,-0.17466549304366652
outer,-4.445563935687143,298.68956815628115,-2.2376871880815914,-0.5969356172068239,-0.17381513794187642
outer,-4.404969007262209,298.6058480946258,-2.2420445746983004,-0.5933659554955508,-0.17263899635407803
outer,-4.384984504001223,298.7730695018225,-2.2445254925406912,-0.6006012141777899,-0.1717929041612728
outer,-4.3697658762583815,298.52190281823334,-2.2457841619943757,-0.5898080936314477,-0.17162731825976096
outer,-4.344692130156046,298.6895681562812,-2.248779920250648,-0.5970168027160482,-0.1706108181670949
outer,-4.309818669161408,298.60584809462586,-2.252423390068157,-0.5934475529242065,-0.1695951629099587
outer,-4.284365892930876,298.77306950182253,-2.2554240614166385,-0.6006319628195056,-0.16858116776641488
outer,-4.279557859466068,298.52190281823334,-2.2555569905612263,-0.5898901138162934,-0.16872230203879307
outer,-4.249825704251939,298.6895681562812,-2.258972599524715,-0.5970517305117221,-0.16756167347346246
outer,-4.21992151877143,298.60584809462586,-2.2620170024079314,-0.5934861869800431,-0.16668669245520376
outer,-4.193910800182199,298.52190281823334,-2.26463568862273,-0.5899316469980241,-0.16593432534656744
outer,-4.189783611716261,298.77306950182253,-2.265431133946968,-0.6006194815930999,-0.1655269294277012
outer,-4.160239657549197,298.6895681562812,-2.2683877195541,-0.5970464670619131,-0.16464992243778037
outer,-4.134609038909205,298.60584809462586,-2.2709233955798065,-0.5934868943168717,-0.16389705678448258
outer,-4.112427705395073,298.52190281823334,-2.2731047408265144,-0.5899397867627458,-0.16325471389048538
outer,-4.100508923460386,298.7730695018225,-2.274668781036969,-0.600569852368026,-0.16261191954858886
outer,-4.075262012493721,298.6895681562812,-2.277122942262899,-0.5970060671594977,-0.16185863996224886
outer,-4.053482172544002,298.60584809462586,-2.2792267586931505,-0.5934567479070436,-0.1612172858741277
outer,-4.034463904566919,298.5219028182334,-2.281037631701835,-0.5899180267346097,-0.16066646581559646
outer,-4.015866387404378,298.7730695018225,-2.283234259888326,-0.6004881823682036,-0.15981884210620736
outer,-3.9944916464602356,298.6895681562812,-2.285262090103339,-0.5969376058103727,-0.1591785807909106
outer,-3.9758928974109558,298.60584809462586,-2.287000226595189,-0.5933992245918239,-0.15863008615433372
outer,-3.959831030791155,298.5219028182334,-2.288491729032452,-0.5898712292373779,-0.1581655617080929
outer,-3.9354528136371227,298.77306950182253,-2.2912109334208215,-0.6003815494060182,-0.1571382088072767
outer,-3.91727718289844,298.6895681562812,-2.2928778689717584,-0.5968445410759722,-0.15659218468082758
outer,-3.901651867259199,298.60584809462586,-2.2943008383043737,-0.5933191524805453,-0.15613128411466032
outer,-3.888051992648944,298.52190281823334,-2.2955219879677498,-0.5898033307654684,-0.15573943869932144
outer,-3.858613468576008,298.77306950182253,-2.298670983102744,-0.6002533693735961,-0.15455222676945787
outer,-3.8434282954656247,298.6895681562812,-2.30002691204537,-0.59673164913204,-0.15409515104056243
outer,-3.830279510208577,298.60584809462586,-2.3011831592197294,-0.5932204144134435,-0.15370813709068676
outer,-3.818877915085559,298.52190281823334,-2.30217206267989,-0.5897169587308916,-0.15338145079286114
outer,-3.785157044983708,298.77306950182253,-2.3056705496867194,-0.6001083302396661,-0.15205650176208146
outer,-3.7724629299269994,298.6895681562812,-2.3067633239561833,-0.5966027314499409,-0.151674584038782
outer,-3.7615256572701945,298.60584809462586,-2.307690465589339,-0.5931055576891938,-0.151353896751552
outer,-3.7520775458560713,298.5219028182334,-2.3084781997982553,-0.5896151735692147,-0.15108574694988156
outer,-3.7145990042383463,298.77306950182253,-2.312263203666697,-0.5999501102102247,-0.14963801542489474
outer,-3.7041296223718456,298.6895681562812,-2.3131299418298887,-0.5964602219570033,-0.14932365779065132
outer,-3.6951578538882828,298.6058480946259,-2.3138586553133806,-0.5929775605186774,-0.1490626381891277
outer,-3.687436858340733,298.52190281823334,-2.3144728553687903,-0.5895005901170435,-0.14884675656987667
outer,-3.6466865864467555,298.77306950182253,-2.3184912838098115,-0.5997809855555988,-0.14728989077627092
outer,-3.6381947150157767,298.6895681562812,-2.3191622661855438,-0.5963069822956053,-0.14703639586024703
outer,-3.630960960690417,298.60584809462586,-2.3197198336584735,-0.5928389346956482,-0.14682873593209794
outer,-3.6247585155261985,298.5219028182334,-2.320185035318373,-0.5893754322482982,-0.14665922260239533
outer,-3.581184929610671,298.7730695018226,-2.3243898502748777,-0.5996036595918655,-0.14500612209405306
outer,-3.5744419548844055,298.6895681562812,-2.3248920146482153,-0.5961453876578793,-0.144807136637511
outer,-3.56873661468206,298.60584809462586,-2.325302664922311,-0.5926917866210176,-0.14464689237863318
outer,-3.5638612282617506,298.5219028182333,-2.325640431081732,-0.5892415510757224,-0.144518224294922
outer,-3.517876666241815,298.77306950182253,-2.329990203499212,-0.5994203327522412,-0.1427810287492154
outer,-3.512671952218925,298.6895681562812,-2.330347483553688,-0.5959773958091072,-0.14263055677117165
outer,-3.508302584166462,298.6058480946259,-2.330632517130845,-0.5925378416563669,-0.14251215696268144
outer,-3.504586086593428,298.5219028182334,-2.3308577941400808,-0.5890998714085057,-0.14241949157766284
outer,-3.4565613789762737,298.77306950182253,-2.3353202533748525,-0.5992327807770289,-0.1406092738463208
outer,-3.452701532056782,298.68956815628115,-2.3355537001080884,-0.5958045785724084,-0.14050168689583054
outer,-3.449499132995701,298.60584809462586,-2.335727872787462,-0.5923779046188649,-0.1404202469212564
outer,-3.4469368893925365,298.52190281823334,-2.3358542765852253,-0.5889530049413898,-0.1403639046943853
outer,-3.3970549488134516,298.7730695018226,-2.3404046766726885,-0.5990423939134955,-0.1384858771425959
outer,-3.394370131425883,298.6895681562812,-2.3405288672016167,-0.5956275957686468,-0.13841623953594695
outer,-3.392330079792071,298.60584809462586,-2.3406056484643667,-0.5922144674505148,-0.13837205938521893
outer,-3.390633348393,298.52190281823334,-2.34065074403642,-0.588801778033598,-0.13834328950588098
outer,-3.3391959852797544,298.7730695018226,-2.345261393472207,-0.5988496631697725,-0.1364065512373623
outer,-3.3376815887142204,298.6895681562812,-2.3452896636429728,-0.5954488001330183,-0.13637513398479653
outer,-3.336513679033742,298.6058480946259,-2.3452864368748627,-0.5920482287513327,-0.13635937639381573
outer,-3.3356228087996236,298.52190281823334,-2.3452606743025344,-0.5886466669459093,-0.13635628224563354
outer,-3.2829883465452054,298.7730695018226,-2.349906849159234,-0.598656784766989,-0.13437223974628854
outer,-3.2823527000321335,298.6895681562812,-2.3498564108788136,-0.5952687477407453,-0.13437011075759525
outer,-3.2819970021662708,298.60584809462586,-2.349783504124267,-0.5918795351133763,-0.13438084164808511
outer,-3.28186863323791,298.5219028182334,-2.349696290405301,-0.5884893436751734,-0.13440235608751264
outer,-3.2291888059837492,298.52190281823334,-2.3539702829679823,-0.5883299863917486,-0.13247622559451552
outer,-3.228743221332708,298.6058480946259,-2.354108905881374,-0.5917099526148107,-0.13243593590608915
outer,-3.228330262856931,298.6895681562812,-2.3542421668708338,-0.5950876422848868,-0.13239982155428448
outer,-3.228147369158004,298.7730695018226,-2.3543611009901704,-0.5984641602437619,-0.13237464110816954
outer,-3.1776109020658354,298.52190281823334,-2.358091803684161,-0.5881696232210429,-0.1305791231114734
outer,-3.176569374485176,298.6058480946259,-2.35827515609417,-0.5915395503418033,-0.13051935133857065
outer,-3.17557725870372,298.6895681562812,-2.3584588278399843,-0.5949069351909114,-0.13046375415619502
outer,-3.174619576402893,298.77306950182253,-2.3586370067642206,-0.5982718400450304,-0.13041241306953522
outer,-3.1269949867628974,298.5219028182334,-2.362071943748316,-0.5880088863136806,-0.12870705241702252
outer,-3.1255031800185433,298.60584809462586,-2.3622912749518705,-0.5913692520523286,-0.12863233662137108
outer,-3.123909778478539,298.68956815628127,-2.3625187389758913,-0.5947265800565975,-0.1285565763965665
outer,-3.1223677590109076,298.7730695018225,-2.362746314345891,-0.5980811549648652,-0.12848504771005215
outer,-3.077271331150534,298.5219028182334,-2.365918258931676,-0.5878476674093135,-0.12685810711508982
outer,-3.0754039756724785,298.6058480946259,-2.3661682186216373,-0.5911996000764377,-0.12677087392635944
outer,-3.073355684051993,298.6895681562812,-2.3664307976570518,-0.5945473915932646,-0.1266795506466451
outer,-3.071207060066609,298.77306950182253,-2.366701210210859,-0.5978919393071431,-0.12658718483294662
outer,-3.0284836754787188,298.5219028182334,-2.369637109954568,-0.5876871641819243,-0.12503409692227116
outer,-3.026201669992832,298.6058480946259,-2.3699134324061504,-0.5910303917180314,-0.12493305255585943
outer,-3.023773585069291,298.68956815628127,-2.370205833844607,-0.594369820302112,-0.12482863426767218
outer,-3.021165485033588,298.7730695018226,-2.3705104789835154,-0.5977048964139298,-0.12472009648029037
outer,-2.9804592961814715,298.52190281823334,-2.3732384616055096,-0.587527484939278,-0.12322977107253175
outer,-2.9779402306407112,298.60584809462586,-2.373533203791754,-0.5908627491686053,-0.1231206941155451
outer,-2.975093027269597,298.6895681562812,-2.373851190058321,-0.5941935673162,-0.12300190887944748
outer,-2.9721009148664805,298.77306950182253,-2.374184833881541,-0.5975203850330569,-0.12287971093342942
outer,-2.933171513239407,298.5219028182334,-2.3767271231231897,-0.5873683004266438,-0.12144452415362908
outer,-2.9304460360376727,298.6058480946259,-2.3770373879670235,-0.5906967082506515,-0.12132851133267239
outer,-2.927358205899092,298.6895681562812,-2.3773730885950166,-0.594019679177517,-0.12120120448167951
outer,-2.923942532200827,298.7730695018226,-2.377731522460107,-0.5973380101519853,-0.12106409797841582
outer,-2.88668801679817,298.52190281823334,-2.380106604880239,-0.5872107052311877,-0.11968097416553575
outer,-2.883692267451385,298.6058480946259,-2.380430723027985,-0.5905318606833296,-0.11955589827600946
outer,-2.880394600681241,298.6895681562812,-2.380781281247646,-0.5938481205469842,-0.11942119358096354
outer,-2.8767347600540334,298.77306950182253,-2.3811567095427266,-0.5971587439648153,-0.11927509192312032
outer,-2.84085796199574,298.52190281823334,-2.3833848138844536,-0.5870547767536004,-0.11793449810320675
outer,-2.837746966957445,298.6058480946259,-2.3837166893524557,-0.590369247281546,-0.11780548553415063
outer,-2.8341752540648164,298.68956815628127,-2.384080440068535,-0.593678404664734,-0.11766126642708036
outer,-2.8303021787155713,298.77306950182253,-2.384470049080911,-0.5969824825463832,-0.11750732099205284
outer,-2.7956527593600127,298.52190281823334,-2.386567603894297,-0.5869003967791677,-0.11620422771291294
outer,-2.7924585054315405,298.60584809462586,-2.386903115876964,-0.5902088929505555,-0.11607261336277477
outer,-2.7887685603241126,298.68956815628127,-2.387274021033266,-0.5935115202162882,-0.1159240630484959
outer,-2.7846176917017313,298.77306950182253,-2.3876761514954254,-0.5968086622672409,-0.11576016815296429
outer,-2.7510450314508175,298.5219028182334,-2.389658547205872,-0.5867476917209988,-0.11448957751143049
outer,-2.7477981447610658,298.6058480946259,-2.3899957875814755,-0.5900506169017605,-0.11435640133017924
outer,-2.7440221054738676,298.68956815628127,-2.3903697787579894,-0.5933474423798928,-0.1142048838572888
outer,-2.739750045773842,298.77306950182265,-2.3907784532375853,-0.5966382222275659,-0.11403627965559612
outer,-2.707028109184003,298.52190281823334,-2.3926603410092215,-0.5865968365942014,-0.1127906664900293
outer,-2.7037383651670215,298.6058480946259,-2.3929982414761186,-0.5898944996016875,-0.1126562556230244
outer,-2.699907002647543,298.68956815628127,-2.3933734320869906,-0.5931859299957379,-0.11250283351581025
outer,-2.695546041442965,298.77306950182253,-2.393784637545107,-0.5964710913192096,-0.11233091303954891
outer,-2.6635951309549664,298.5219028182334,-2.3955765385070427,-0.586448210425755,-0.11110751731178978
outer,-2.6602724628918155,298.6058480946259,-2.3959131505942035,-0.5897406745604733,-0.11097229103950111
outer,-2.656395589618613,298.6895681562812,-2.396288485434311,-0.5930270197691361,-0.11081730753893135
outer,-2.651976642966904,298.7730695018226,-2.396700359001152,-0.5963069707120304,-0.1106431554806173
outer,-2.6206748909825315,298.5219028182334,-2.398411902550221,-0.5863017857587072,-0.10943794234634563
outer,-2.61739354065637,298.6058480946259,-2.398744039560971,-0.5895894853262744,-0.10930452113554896
outer,-2.6134811279295316,298.6895681562812,-2.39911758990233,-0.5928708058337867,-0.10914841444811575
outer,-2.609014045554866,298.7730695018226,-2.399529091406515,-0.5961458559196765,-0.10897238963543765
outer,-2.5782450917353894,298.5219028182334,-2.401170096588964,-0.5861575219994724,-0.10778132169914294
outer,-2.5750300224712896,298.6058480946259,-2.4014956257027666,-0.5894408691156447,-0.1076507351854847
outer,-2.571156684599672,298.6895681562812,-2.4018642432806914,-0.5927175987363126,-0.10749615674133906
outer,-2.5666514760209553,298.7730695018226,-2.4022734654632414,-0.5959878040687621,-0.10731871584399096
outer,-2.5362844117557373,298.5219028182334,-2.403853990671772,-0.5860154870871706,-0.10613714269327287
outer,-2.533159494877508,298.6058480946259,-2.4041715354791924,-0.5892947489207304,-0.10601030072202353
outer,-2.5293503131486816,298.68956815628127,-2.404533118215374,-0.5925673028807326,-0.10585829887195737
outer,-2.5248819656537367,298.77306950182253,-2.40493695325211,-0.5958330953535497,-0.10568212379075799
outer,-2.4947724683461288,298.5219028182334,-2.4064662929215803,-0.585875734239035,-0.10450490894444628
outer,-2.491760525564102,298.6058480946259,-2.406774613675013,-0.5891511636373146,-0.10438269351744392
outer,-2.4880394841013933,298.68956815628127,-2.4071278046108278,-0.5924198069291327,-0.10423419433511097
outer,-2.483633197178704,298.7730695018226,-2.4075241830197673,-0.5956816039605571,-0.10406035158962806
outer,-2.4536897813612777,298.52190281823334,-2.409009558924814,-0.585738304022876,-0.10288414025965374
outer,-2.450812625861362,298.6058480946259,-2.4093075446337746,-0.5890101398942257,-0.10276740556518485
outer,-2.4472026542089846,298.6895681562812,-2.409651122392927,-0.5922751227338123,-0.10262330607631076
outer,-2.4428825250092223,298.7730695018226,-2.410038708083649,-0.5955331863500152,-0.10245273742841546
outer,-2.4130177381035374,298.5219028182334,-2.4114862004764173,-0.5856032261579563,-0.10127437252245242
outer,-2.4102962143440965,298.6058480946259,-2.4117728614155154,-0.5888716939013242,-0.10116394506059406
outer,-2.406819228748668,298.6895681562812,-2.412105732270461,-0.592133252231002,-0.10102511334812984
outer,-2.402608294868141,298.7730695018226,-2.4124833235231105,-0.5953878293598798,-0.10085873032131135
outer,-2.3727385593175807,298.52190281823334,-2.4138984938238717,-0.5854705211185153,-0.09967515757496187
outer,-2.3701925815448326,298.6058480946259,-2.4141729544142616,-0.58873583308858,-0.09957183636426506
outer,-2.366869524938099,298.68956815628127,-2.4144941447086143,-0.5919941890650675,-0.09943911176158102
outer,-2.362789805892422,298.77306950182253,-2.4148606661714176,-0.5952455121022067,-0.09927779581964351
outer,-2.3328352662762377,298.5219028182334,-2.416248587490787,-0.5853402015665975,-0.098086063090609
outer,-2.3304838557715017,298.6058480946259,-2.4165100795303855,-0.5886025575504514,-0.0979906199562392
outer,-2.327334736466037,298.68956815628127,-2.4168187284937592,-0.5918579200721374,-0.0978648133230643
outer,-2.3234072738596705,298.7730695018226,-2.417173223531428,-0.5951062074311835,-0.09770941613071346
outer,-2.293291648946556,298.5219028182334,-2.4185385096407788,-0.585212273569812,-0.09650667242083152
outer,-2.2911529700222943,298.6058480946259,-2.4187863659355564,-0.5884718613009139,-0.09641985236325687
outer,-2.2881968991331414,298.6895681562813,-2.419081718912961,-0.5917244265725181,-0.09630174645028776
outer,-2.2844417955355922,298.77306950182265,-2.4194233423866773,-0.5949698832856171,-0.09615309022686189
outer,-2.2540922352220787,298.5219028182334,-2.42077017496973,-0.5850867376265253,-0.09493658440036737
outer,-2.2521836299862246,298.6058480946259,-2.4210038233838707,-0.5883437333321103,-0.09485910603351716
outer,-2.249438857595634,298.6895681562812,-2.421285225495446,-0.591593685444704,-0.09474945593095013
outer,-2.245875314137851,298.7730695018226,-2.4216132370205767,-0.5948365038001641,-0.09460833390400615
outer,-2.2152222612054215,298.52190281823334,-2.4229453911511096,-0.5849635895472272,-0.09337541311487857
outer,-2.213560283115264,298.6058480946259,-2.4231643489904773,-0.5882181584620323,-0.09330796915192201
outer,-2.2110442332000715,298.6895681562812,-2.4234312392338317,-0.5914656699931528,-0.0932075027994865
outer,-2.207690585908339,298.7730695018226,-2.4237449969205995,-0.594706030184073,-0.09307467973667741
outer,-2.1766676425230296,298.5219028182334,-2.4250658648379657,-0.5848428211972336,-0.09182278764618748
outer,-2.1752680887525724,298.60584809462597,-2.4252697335650293,-0.5880951180691885,-0.09176604541600064
outer,-2.1729973928954824,298.68956815628127,-2.425521639229942,-0.5913403506210936,-0.09167546414581293
outer,-2.169871147782047,298.7730695018226,-2.4258205938391364,-0.5945784213705877,-0.09155167693013108
outer,-2.1384149466523645,298.5219028182334,-2.427133207349267,-0.584724421186794,-0.0902783518133053
outer,-2.1372928892981,298.6058480946259,-2.4273216675435765,-0.5879745907324955,-0.09023295379661223
outer,-2.13528341920705,298.68956815628127,-2.427558198913025,-0.5912176954285129,-0.09015293289592731
outer,-2.1324012861392103,298.7730695018226,-2.4278418882816504,-0.5944536345263273,-0.09003889111656768
outer,-2.1004513662404634,298.5219028182334,-2.429148940059527,-0.5846083754880627,-0.08874176391412368
outer,-2.099621182391859,298.6058480946259,-2.4293217466539616,-0.5878565528452722,-0.08870832830059866
outer,-2.097888081252248,298.6895681562813,-2.4295425919710274,-0.5910976708022297,-0.08863951759151044
outer,-2.095266006624032,298.7730695018226,-2.4298106356880216,-0.5943316255860834,-0.0885359041471716
outer,-2.0627646933914154,298.5219028182334,-2.43111449953324,-0.5844946679789805,-0.08721269646793547
outer,-2.06224009409376,298.60584809462597,-2.4312714773078037,-0.5877409791518344,-0.0871918177340101
outer,-2.0607978067803607,298.68956815628127,-2.431476398017142,-0.5909802419472683,-0.08713484217503935
outer,-2.0584510050115683,298.7730695018226,-2.4317284923955977,-0.5942123497929146,-0.08704231389755723
outer,-2.025343294899258,298.5219028182334,-2.4330312423844416,-0.5843832808949794,-0.08569083594629047
outer,-2.025137353037456,298.6058480946259,-2.433172281729138,-0.5876278431973151,-0.08568308545486816
outer,-2.0239996552133857,298.6895681562812,-2.4333611080016007,-0.5908653733379264,-0.08563854576694623
outer,-2.0219426391031217,298.7730695018226,-2.433597021343582,-0.5940957621475569,-0.08555773407266197
outer,-1.9883012655343864,298.60584809462597,-2.43502550283264,-0.5875171177123337,-0.08418180910375954
outer,-1.988176088402568,298.5219028182334,-2.434900449889361,-0.5842741952136509,-0.08417588248643619
outer,-1.987481291665991,298.6895681562812,-2.4351981293607556,-0.5907530290882602,-0.08415028241742348
outer,-1.9857279016281733,298.77306950182265,-2.4354176975249224,-0.5939818177775753,-0.08408179398450591
outer,-1.9517206916044534,298.60584809462597,-2.4368324088074265,-0.5874087749000277,-0.0826876803095119
outer,-1.95125251943587,298.5219028182334,-2.4367232902359124,-0.58416738488388,-0.08266755799011971
outer,-1.9512309619209116,298.68956815628127,-2.436988790887751,-0.5906431732466305,-0.08266972082528001
outer,-1.9497943941304487,298.7730695018226,-2.4371919131453423,-0.5938704722197763,-0.08261413828815856
outer,-1.9153850219081479,298.6058480946259,-2.4385941558492026,-0.5873027804607662,-0.08120041299632019
outer,-1.9152374683355102,298.68956815628127,-2.438734347284433,-0.5905357699944582,-0.08119654402535663
outer,-1.9145659645364306,298.5219028182334,-2.4385004893435114,-0.5840627910120173,-0.08116578400567477
outer,-1.9141303018144649,298.7730695018226,-2.438920982459709,-0.5937616816132149,-0.08115442667697195
outer,-1.8794901466542098,298.68956815628127,-2.440435942360934,-0.5904307774509141,-0.07973045790182426
outer,-1.8792875985465398,298.6058480946259,-2.4403114632604037,-0.5871990669746731,-0.07971992335774702
outer,-1.8787243693276665,298.77306950182265,-2.4406061462766795,-0.5936554028139215,-0.07970233354353021
outer,-1.878134748798941,298.5219028182334,-2.4402327911243606,-0.583960531221001,-0.07967125697035064
outer,-1.8439823045155237,298.6895681562812,-2.4420942883874126,-0.5903281201369339,-0.07827137326970428
outer,-1.8435658774534736,298.7730695018226,-2.442248535627535,-0.5935515869825594,-0.07825755669963722
outer,-1.8434468418887278,298.6058480946259,-2.441985068169529,-0.5870977464235378,-0.07824690423936828
outer,-1.8419191369784678,298.5219028182334,-2.4419217313168797,-0.5838605444062916,-0.0781826578837614
outer,-1.8087324576359813,298.6895681562812,-2.443710115583715,-0.5902279051084076,-0.0768199793166167
outer,-1.8086480993398542,298.77306950182253,-2.443848855309389,-0.5934501509858002,-0.07682000158476171
outer,-1.8078228101012495,298.6058480946259,-2.4436164888724425,-0.5869987531467009,-0.07678002274475226
outer,-1.8059102194519119,298.5219028182334,-2.4435686012782014,-0.5837627533095193,-0.07669968329337348
outer,-1.7739896461285272,298.77306950182253,-2.4454078285279506,-0.5933511976546637,-0.07539035368476596
outer,-1.7737004574355328,298.68956815628127,-2.4452849244674275,-0.5901300628777607,-0.07537492921309027
outer,-1.7724065472384922,298.6058480946259,-2.44520700179699,-0.5869020015705427,-0.07531896801309178
outer,-1.770099524567053,298.5219028182334,-2.4451743242542046,-0.5836671354580205,-0.07522209834319499
outer,-1.7395501623237002,298.7730695018226,-2.4469269376941525,-0.5932546543853621,-0.07396725222268047
outer,-1.7388773016109378,298.68956815628127,-2.446819975971867,-0.5900344999461169,-0.07393590469424925
outer,-1.7371895376030493,298.6058480946259,-2.446757519970221,-0.5868074635925085,-0.07386349829261445
outer,-1.734478999949742,298.5219028182334,-2.446739772370302,-0.5835736685756246,-0.07374967994680813
outer,-1.7053205992266431,298.7730695018226,-2.4484074276428394,-0.5931604200856615,-0.07255037155718284
outer,-1.704254430386016,298.68956815628127,-2.448316172563693,-0.5899411830562231,-0.07250265712201175
outer,-1.7021636869555117,298.60584809462586,-2.448268905747882,-0.5867151117083015,-0.07241338386572882
outer,-1.6990409945513745,298.5219028182334,-2.4482657073268226,-0.5834823215117134,-0.0722822324648365
outer,-1.6712923529460688,298.7730695018226,-2.4498501899571044,-0.593068456813763,-0.07113945619397971
outer,-1.6698237076239377,298.68956815628127,-2.4497743665277203,-0.5898500799353205,-0.07107495017453658
outer,-1.6673213044683575,298.6058480946259,-2.449741912482389,-0.586624909702402,-0.0709684231138301
outer,-1.6637844193151174,298.5219028182334,-2.449752481972198,-0.5833930447787752,-0.07081986339587418
outer,-1.6374572454135792,298.77306950182253,-2.4512560665690732,-0.5929787279717795,-0.06973426325614025
outer,-1.6355774026880352,298.68956815628127,-2.4511953025949884,-0.5897611496995597,-0.06965257630104922
outer,-1.6326612954226545,298.60584809462597,-2.4511768906219937,-0.5865368024785784,-0.06952872058425998
outer,-1.6287326293866577,298.5219028182334,-2.451200518307924,-0.5833059559842066,-0.06936342218373764
outer,-1.6038075061507924,298.77306950182253,-2.4526257933454896,-0.592891188382419,-0.06833457932753885
outer,-1.6015144151929506,298.6895681562812,-2.452579328567588,-0.5896743318740316,-0.06823563717475585
outer,-1.5982071363905423,298.60584809462597,-2.4525742572321136,-0.5864509051051372,-0.06809512372295967
outer,-1.5938418170692819,298.5219028182334,-2.452611068954234,-0.5832209841899463,-0.06791140733222942
outer,-1.5703420291011416,298.77306950182265,-2.453959715220182,-0.5928057723887873,-0.06694050329541484
outer,-1.5676583432299458,298.6895681562812,-2.453926856664449,-0.5895897395362623,-0.0668249782488074
outer,-1.5639147919133949,298.6058480946259,-2.4539352489728197,-0.5863671447417603,-0.06666611771938682
outer,-1.5591055875329278,298.5219028182334,-2.453985150971869,-0.5831380519502324,-0.06646357146016788
outer,-1.5370845339746513,298.7730695018226,-2.455258239688709,-0.5927225916138659,-0.06555287862715066
outer,-1.533964923404544,298.6895681562812,-2.4552391074009923,-0.5895072984618266,-0.06541907141462484
outer,-1.5297778339134132,298.6058480946259,-2.4552608713181066,-0.5862854377339757,-0.06524144943489242
outer,-1.5245178766356569,298.5219028182334,-2.455323391395597,-0.5830571391583952,-0.06501974721533597
outer,-1.5039905292543334,298.77306950182265,-2.456522570922612,-0.5926415709414058,-0.06417016393130101
outer,-1.5004276943661206,298.6895681562812,-2.456517074177398,-0.589426918923366,-0.06401765782107628
outer,-1.495790166720557,298.6058480946259,-2.456551743996517,-0.586205760484792,-0.06382094614626896
outer,-1.490072936429279,298.5219028182334,-2.456626105098972,-0.5829781822630369,-0.06357986570642585
outer,-1.4710535202892574,298.77306950182265,-2.4577536897109984,-0.5925626146712325,-0.06279209469183553
outer,-1.467040528892108,298.68956815628127,-2.4577613691533537,-0.5893485741146268,-0.0626205594105546
outer,-1.4619460125022474,298.60584809462597,-2.4578081800601868,-0.5861280449744227,-0.062404535784571044
outer,-1.4557989258110584,298.52190281823346,-2.4578934275053257,-0.5829012689797489,-0.06214497035088609
outer,-1.4382673482788844,298.7730695018226,-2.4589522003711917,-0.5924856930706799,-0.06141848756300948
outer,-1.4337976192428912,298.6895681562812,-2.4589723032640376,-0.5892721916782999,-0.06122770102274914
outer,-1.4282736765575446,298.6058480946259,-2.459030313172166,-0.5860523766185487,-0.06099326203641133
outer,-1.4216668704249293,298.5219028182334,-2.4591261847593877,-0.5828263849670675,-0.06071407119396728
outer,-1.4056261755517803,298.7730695018226,-2.4601184114075045,-0.5924107295476927,-0.060049264397438656
outer,-1.4007274172310802,298.68956815628127,-2.4601500084136583,-0.5891978550871564,-0.0598401266598117
outer,-1.3947440338889325,298.6058480946259,-2.4602189572718194,-0.5859787408152267,-0.059586124787241006
outer,-1.3876603168176718,298.5219028182334,-2.460325320379584,-0.5827534532418311,-0.059286559593182554
outer,-1.3731586005542025,298.7730695018226,-2.4612524530183593,-0.5923378060010016,-0.05868546957486172
outer,-1.3678006471026476,298.68956815628127,-2.4612952862995208,-0.589125549970093,-0.05845682609058569
outer,-1.3613405454993992,298.6058480946259,-2.4613750447708984,-0.5859070564749786,-0.05818250831043941
outer,-1.3537745100003953,298.52190281823334,-2.4614913943833967,-0.5826824381138573,-0.05786229094574266
outer,-1.3408351966521561,298.7730695018226,-2.46235511465639,-0.5922669087764069,-0.057326082797588954
outer,-1.3350006842517035,298.6895681562812,-2.4624090578807905,-0.5890551912764155,-0.057077176582408136
outer,-1.3280584316783914,298.6058480946259,-2.4624991294655967,-0.5858372846310727,-0.05678226357145454
outer,-1.3200073046951757,298.5219028182334,-2.4626245498469523,-0.5826132796775227,-0.05644133618656935
outer,-1.308639253560646,298.77306950182253,-2.4634273054723197,-0.592197948978571,-0.05597047440591402
outer,-1.3023227242268973,298.6895681562812,-2.463491870501907,-0.5889867369173222,-0.05570102473985359
outer,-1.2948955359943144,298.6058480946259,-2.4635913556587394,-0.5857693616079974,-0.05538545979546823
outer,-1.2863936802083684,298.5219028182334,-2.4637248558695863,-0.5825460953853038,-0.05502494409249124
outer,-1.2765659420674238,298.7730695018226,-2.46446956611613,-0.5921308815343584,-0.054618486714749115
outer,-1.2697645994345665,298.6895681562812,-2.464543869488259,-0.5889201194829861,-0.054328438181294667
outer,-1.2618870196155534,298.6058480946259,-2.4646517894876623,-0.5857034042434424,-0.05399334671129119
outer,-1.252885752116815,298.5219028182334,-2.464793173753661,-0.5824808291979631,-0.05361144773062069
outer,-1.2446130834075992,298.77306950182265,-2.4654820426960695,-0.592065635293617,-0.05327018584450176
outer,-1.2373616530440537,298.68956815628127,-2.465565118089518,-0.5888554555414595,-0.05296066761394617
outer,-1.228984749161567,298.6058480946259,-2.4656812786315148,-0.5856393569201287,-0.052604244984296715
outer,-1.2194796177834366,298.5219028182334,-2.4658302505392338,-0.5824174104398578,-0.05220065655247726
outer,-1.2128162029003218,298.7730695018226,-2.4664647957072816,-0.5920023269373033,-0.05192682351227097
outer,-1.2050655025271602,298.68956815628127,-2.4665564502611526,-0.5887926902805339,-0.051596021347919255
outer,-1.1961848017049146,298.60584809462586,-2.4666805630050477,-0.5855771444114696,-0.051217959789998685
outer,-1.1861715949621177,298.5219028182334,-2.4668362591901807,-0.5823557857413123,-0.05079255896065555
outer,-1.1811266686660278,298.7730695018226,-2.4674186452881806,-0.5919409028315855,-0.0505866957217472
outer,-1.1728722046507667,298.68956815628127,-2.4675185984533416,-0.5887317439371338,-0.05023430037189856
outer,-1.1634834758549844,298.6058480946259,-2.4676498162336133,-0.585516710315689,-0.049834477360368126
outer,-1.152990723855769,298.5219028182334,-2.4678112130459136,-0.5822960280028762,-0.04938822523440101
outer,-1.1495405171490238,298.7730695018226,-2.4683443160441643,-0.5918812786451363,-0.04924959936627881
outer,-1.1407780388652107,298.68956815628127,-2.4684517367696013,-0.5886725570909291,-0.04887548884709589
outer,-1.1309099627985697,298.6058480946259,-2.46858905025808,-0.5854581266321859,-0.048454869140393965
outer,-1.1199086963793679,298.5219028182334,-2.4687556573525855,-0.5822381284293149,-0.047986677964912586
outer,-1.1180540086249229,298.77306950182265,-2.4692419823885627,-0.591823391958206,-0.04791551663856837
outer,-1.1088123474562275,298.6895681562813,-2.469355875785555,-0.5886152010725023,-0.04752065943148656
outer,-1.0984358072731508,298.6058480946259,-2.469498800016046,-0.5854013853243101,-0.04707814909527156
outer,-1.0869121455770276,298.5219028182334,-2.469670253570038,-0.5821820253987371,-0.04658740293547188
outer,-1.0866966366023167,298.7730695018226,-2.4701116535741536,-0.5917673136606437,-0.04658552145908845
outer,-1.0769465278715913,298.68956815628127,-2.4702315400980495,-0.5885596689374291,-0.04616881750441647
outer,-1.0660475728262973,298.6058480946259,-2.470379720012408,-0.5853464218449178,-0.04570379729320902
outer,-1.0554396511185653,298.77306950182253,-2.470953843832603,-0.5917130382297686,-0.04525861066229489
outer,-1.0539980827869049,298.5219028182334,-2.470555225255831,-0.5821276579047873,-0.045190379130859555
outer,-1.0451670741091987,298.6895681562812,-2.471079376997298,-0.5885058932587415,-0.044819437497231426
outer,-1.0337422552577054,298.6058480946259,-2.4712320345591716,-0.585293171971803,-0.04433179053685958
outer,-1.0242694765648965,298.7730695018226,-2.4717691929720744,-0.591660495391215,-0.043934253122172334
outer,-1.0211936979672263,298.5219028182334,-2.4714105711901317,-0.5820750876354952,-0.04379661343613535
outer,-1.0134709664184802,298.6895681562812,-2.4718996113743397,-0.5884538065755772,-0.04347249413082357
outer,-1.0015471858898073,298.6058480946259,-2.472055741006555,-0.5852416968612063,-0.042963136934846505
outer,-0.9931830776278034,298.7730695018226,-2.4725579262808393,-0.5916096144101878,-0.042612421580366586
outer,-0.9884732661719011,298.5219028182334,-2.4722367231048685,-0.5820243129597575,-0.04240522006275782
outer,-0.9818856775939067,298.6895681562812,-2.4726922391659785,-0.5884034697020676,-0.04212899678523335
outer,-0.9694365060290993,298.6058480946259,-2.472851261944535,-0.5851919958672926,-0.04159694310542275
outer,-0.9622080686897212,298.7730695018226,-2.473320038310017,-0.5915604559501818,-0.041294126737781975
outer,-0.9558242408658668,298.5219028182334,-2.4730342309253626,-0.5819752796791346,-0.04101571290809513
outer,-0.9503852150925802,298.68956815628127,-2.4734576737711467,-0.5883548832487692,-0.04078804452744519
outer,-0.9373976039094283,298.6058480946259,-2.4736191418445954,-0.5851440123122374,-0.040232717572172436
outer,-0.9313183232484881,298.7730695018226,-2.4740559332268255,-0.5915130221535629,-0.039978460152598205
outer,-0.9232442196536828,298.5219028182334,-2.4738032636798764,-0.5819279229662502,-0.03962809319265887
outer,-0.9189569018674374,298.68956815628127,-2.4741964539976107,-0.5883079880942907,-0.039449140585344836
outer,-0.905428064644985,298.60584809462586,-2.4743595518288917,-0.585097678205977,-0.03887045956320531
outer,-0.9005010989228497,298.77306950182253,-2.474766143955781,-0.5914672514766766,-0.03866491983733402
outer,-0.8907648911738282,298.5219028182334,-2.474543796082926,-0.5818823208190391,-0.03824351274306846
outer,-0.8875983105326818,298.6895681562812,-2.4749087529265235,-0.5882627130427881,-0.0381122822980827
outer,-0.8735597416276427,298.6058480946259,-2.475072464095735,-0.5850530719135554,-0.037511322849653084
outer,-0.8697539558168449,298.7730695018226,-2.4754508453912303,-0.5914230694550988,-0.037353501347910927
outer,-0.8583489222813484,298.5219028182334,-2.4752562596126446,-0.5818384582475974,-0.03686067759124016
outer,-0.8563414593594798,298.6895681562812,-2.47559454026738,-0.5882191370260331,-0.03677862542312456
outer,-0.841755107612558,298.6058480946259,-2.475758300911581,-0.585010179708475,-0.03615400468217259
outer,-0.8391090772157888,298.7730695018226,-2.476110004792656,-0.5913805557928915,-0.036045362470629685
outer,-0.8259921872417257,298.5219028182334,-2.475941074278005,-0.58179626880556,-0.035479402539485325
outer,-0.8251486268547584,298.6895681562812,-2.476254228991205,-0.5881772477998953,-0.03544685848006551
outer,-0.8100100154148909,298.6058480946259,-2.4764174807551957,-0.5849689317244137,-0.034798316109873606
outer,-0.8085285472195034,298.7730695018226,-2.4767440257632187,-0.5913396999547383,-0.03473918304556803
outer,-0.7940156443671725,298.6895681562812,-2.4768882358671727,-0.5881369720297398,-0.034116788855168875
outer,-0.7937020590099595,298.5219028182334,-2.476598305491556,-0.581755735609099,-0.03410002087548188
outer,-0.7783318763227035,298.60584809462586,-2.4770500698406113,-0.5849293094642181,-0.03344458956744792
outer,-0.7780081756923277,298.7730695018226,-2.477353323169416,-0.5913004250673775,-0.03343476688913414
outer,-0.7629499615469556,298.6895681562812,-2.4774966278634207,-0.5880982896396395,-0.032788748210795235
outer,-0.7614892067710284,298.5219028182334,-2.477228046290769,-0.581716906317895,-0.03272294194051323
outer,-0.7475554506783192,298.7730695018226,-2.4779379646804127,-0.5912627094973205,-0.0321324449716632
outer,-0.7467314149913749,298.6058480946259,-2.4776561569091116,-0.5848913615056301,-0.032093233505472434
outer,-0.7319623585623791,298.6895681562812,-2.478079489398726,-0.588061250291721,-0.03146314415506403
outer,-0.7293266123775731,298.52190281823334,-2.477830658989637,-0.5816797586704019,-0.03134721342507421
outer,-0.7171812079038821,298.7730695018226,-2.4784980303838986,-0.5912266041714094,-0.030832624106622943
outer,-0.715181472802745,298.60584809462586,-2.478236098118186,-0.5848550656791215,-0.0307432887282085
outer,-0.7010255362170563,298.68956815628127,-2.4786371703777488,-0.5880258320286547,-0.030139010666899804
outer,-0.6972126613234996,298.5219028182334,-2.478406388024745,-0.581644227090351,-0.029972780408733024
outer,-0.6868580074794955,298.77306950182253,-2.4790338638379397,-0.5911920874624789,-0.029534331509501337
outer,-0.6836804268565494,298.60584809462586,-2.478790138897386,-0.5848203531372954,-0.029394697245995288
outer,-0.670137863210394,298.6895681562812,-2.479169917117719,-0.587991962671532,-0.02881628677419662
outer,-0.6651664524440092,298.5219028182334,-2.4789552483010433,-0.5816103443639878,-0.028600366979112505
outer,-0.6565842096971647,298.7730695018226,-2.479545712123787,-0.5911590837764003,-0.028237503313468557
outer,-0.6522474752855169,298.6058480946259,-2.479318292754553,-0.5847872567360228,-0.028048183978976786
outer,-0.6393186370482191,298.6895681562812,-2.4796777416996036,-0.5879596752392632,-0.027495698291769823
outer,-0.6331705467824645,298.52190281823334,-2.4794774507636874,-0.5815781225540706,-0.02722939010864274
outer,-0.6263792115172871,298.7730695018226,-2.480033585882622,-0.5911276264021343,-0.02694286629090048
outer,-0.6208650884654212,298.60584809462586,-2.4798207652028,-0.5847557896584009,-0.02670316117684945
outer,-0.6085502373696604,298.68956815628127,-2.480160844155804,-0.5879289841887216,-0.026176652806258208
outer,-0.6012152572537035,298.5219028182334,-2.479973265354053,-0.581547519043991,-0.025859483187374507
outer,-0.5962253017680488,298.7730695018226,-2.480497679611747,-0.5910977312141441,-0.02564982342552117
outer,-0.5895235289467882,298.60584809462586,-2.4802978244342655,-0.5847259074350035,-0.025359257679217137
outer,-0.5778228763223063,298.6895681562812,-2.4806194908360872,-0.5878998431895436,-0.024858774677106295
outer,-0.5693057605178901,298.5219028182334,-2.480442783032801,-0.5815185103784973,-0.024490865425367193
outer,-0.5661126421529322,298.77306950182253,-2.480938257720967,-0.5910693500029234,-0.02435799466649277
outer,-0.5582280003038388,298.60584809462586,-2.480749561711168,-0.5846975850486493,-0.02401669107082243
outer,-0.547141784415249,298.6895681562812,-2.4810537732482265,-0.5878722256556065,-0.023542279936096956
outer,-0.5374505584696887,298.52190281823334,-2.4808860757204765,-0.5814911301078731,-0.023123876516628436
outer,-0.5360464901376296,298.77306950182253,-2.4813554119167196,-0.5910424546119859,-0.023067594565447182
outer,-0.5269870486337723,298.6058480946259,-2.481176046085847,-0.5846708569302015,-0.02267580059142252
outer,-0.5165155519817071,298.6895681562812,-2.4814637575566305,-0.587846167025246,-0.02222750743336488
outer,-0.5060354803279685,298.7730695018226,-2.481749205449286,-0.591017081605268,-0.021778961648363862
outer,-0.5056285022906847,298.52190281823334,-2.4813033621914653,-0.581465367689123,-0.021757778844722415
outer,-0.4957794151626331,298.6058480946259,-2.481577492606949,-0.584645712721012,-0.021335843220033318
outer,-0.48592281020842065,298.6895681562812,-2.4818496550186064,-0.5878216571942888,-0.020913708807662055
outer,-0.47605813378105716,298.77306950182253,-2.4821198457272047,-0.5909932212062264,-0.020491342277241698
outer,-0.4738385266197375,298.52190281823334,-2.481694786025721,-0.5814411745255874,-0.02039252760344485
outer,-0.46460402899033165,298.6058480946258,-2.4819540452959066,-0.5846221013755999,-0.01999677072641538
outer,-0.4553624826520263,298.6895681562812,-2.482211610028912,-0.5877986426085846,-0.01960083246969802
outer,-0.44611336850577943,298.7730695018226,-2.482467477451005,-0.5909708172896101,-0.01920468156967531
outer,-0.4420962335137965,298.52190281823334,-2.4820603790528604,-0.5814185768997853,-0.019028717425745474
outer,-0.4334765732909894,298.60584809462586,-2.4823057346700153,-0.5846000495972788,-0.01865917845020911
outer,-0.4248503336657998,298.6895681562812,-2.482549651778059,-0.5877771504766529,-0.018289474536238248
outer,-0.4162170301010266,298.77306950182253,-2.482792128465523,-0.5909498976477634,-0.017919576490824526
outer,-0.4103831437946459,298.5219028182334,-2.4824002917067864,-0.5813975799789554,-0.017665728791418277
outer,-0.4023784728106374,298.60584809462586,-2.4826327080264203,-0.5845795633258973,-0.017322442521611532
outer,-0.3943676918466882,298.6895681562812,-2.4828639243905952,-0.5877571876007048,-0.016979006856514045
outer,-0.38635035093603853,298.7730695018226,-2.4830939396918987,-0.5909304700356341,-0.016635394675972345
outer,-0.37869529824364745,298.52190281823334,-2.4827146596965464,-0.5813781498317598,-0.016303398649729812
outer,-0.37130574774624003,298.6058480946258,-2.4829351003848052,-0.5845606069637007,-0.015986396009175865
outer,-0.3639105567914832,298.6895681562812,-2.4831545621416033,-0.587738716686714,-0.01566925867421804
outer,-0.3565093099903862,298.77306950182253,-2.4833730445957536,-0.5909124954217166,-0.015351961599537643
outer,-0.34703969894760334,298.52190281823334,-2.4830035317542407,-0.5813602872781919,-0.014942007905177551
outer,-0.34026543658933034,298.60584809462586,-2.4832129598180246,-0.5845431810037266,-0.014651318829923552
outer,-0.33348600342428464,298.68956815628115,-2.4834216124190776,-0.5877217379310048,-0.01436050898691182
outer,-0.3267010186506591,298.7730695018226,-2.4836294898530316,-0.5908959737333976,-0.014069555408354566
outer,-0.3154122673757021,298.5219028182334,-2.483266994545385,-0.5813440026473143,-0.013581445858218376
outer,-0.3092534396043133,298.60584809462586,-2.483466371402111,-0.584527296281762,-0.01331709812564435
outer,-0.3030899107884295,298.6895681562812,-2.4836651586752767,-0.5877062627285367,-0.013052642849110258
outer,-0.29692133472177307,298.77306950182253,-2.483863357281328,-0.5908809169963171,-0.012788059140667808
outer,-0.28380359053942195,298.52190281823334,-2.4835051513139894,-0.5813292828712828,-0.012221379507251807
outer,-0.27826029486324316,298.6058480946259,-2.483695437071454,-0.5845129392378063,-0.011983397004585743
outer,-0.2727127679792976,298.6895681562812,-2.483885301502087,-0.5876922770450951,-0.011745319539203538
outer,-0.26716069828228217,298.7730695018225,-2.4840747460905965,-0.5908673107120082,-0.011507128304808743
outer,-0.2522151635297862,298.52190281823334,-2.483718053251591,-0.5813161147473275,-0.010861874966613226
outer,-0.24728750523026627,298.60584809462586,-2.483900207382552,-0.5845000958875403,-0.010650279253073571
outer,-0.24235608564016317,298.6895681562812,-2.484082090795771,-0.5876797661173399,-0.010438600576504864
outer,-0.23742062776094944,298.77306950182253,-2.4842637054706387,-0.5908551393198748,-0.010226822214687306
outer,-0.22065084485752023,298.5219028182333,-2.483905753839853,-0.5813045076756489,-0.009503099249360132
outer,-0.2163389492771641,298.60584809462586,-2.4840807351719083,-0.5844887759149103,-0.009317910804113823
outer,-0.21202376241897758,298.6895681562812,-2.484255578736804,-0.5876687399528415,-0.009132650885302246
outer,-0.20770504189838443,298.77306950182253,-2.4844302869449213,-0.5908444131987456,-0.00894730485669021
outer,-0.18909905691301143,298.52190281823334,-2.4840683277072513,-0.5812944586430252,-0.008144658417773665
outer,-0.1854029892006727,298.6058480946258,-2.4842370940688427,-0.584478976321027,-0.007985894014702354
outer,-0.18170410027307665,298.6895681562812,-2.48440583793454,-0.5876591955932556,-0.007827069182697205
outer,-0.17800218236316037,298.7730695018225,-2.4845745620968955,-0.59083512946862,-0.007668171372729017
outer,-0.1575591609416973,298.52190281823334,-2.4842058102438385,-0.5812859547355784,-0.00678653278444975
outer,-0.15447898292532347,298.60584809462586,-2.4843693186699105,-0.5844706835063184,-0.006654206462011053
outer,-0.1513964538034393,298.6895681562812,-2.484532902153538,-0.5876511187359162,-0.006521830367455149
outer,-0.14831140042995575,298.7730695018225,-2.484696563813472,-0.5908272730983632,-0.006389394041092372
outer,-0.12603529551018341,298.52190281823334,-2.4843182370122405,-0.5812790006632891,-0.005428895261233821
outer,-0.12357109053465774,298.6058480946258,-2.4844774443109388,-0.5844639022928807,-0.005323019829450069
outer,-0.121105004626929,298.68956815628115,-2.4846368065062814,-0.5876445143446808,-0.005217104962351176
outer,-0.11863689926671636,298.77306950182253,-2.48479632697904,-0.5908208492153086,-0.00511114229106539
outer,-0.09451861063351945,298.52190281823334,-2.48440565145523,-0.5812735964268412,-0.004071453402139352
outer,-0.09267041603148037,298.60584809462586,-2.4845615140072312,-0.5844586327547109,-0.003992038448533573
outer,-0.090820810699145,298.6895681562812,-2.484717593574111,-0.5876393825873797,-0.003912594143127402
outer,-0.08896969074392366,298.7730695018225,-2.4848738937385875,-0.5908158581051443,-0.0038331142081823645
outer,-0.06300783341143325,298.52190281823334,-2.4844680715720275,-0.5812697357423569,-0.002714166815261018
outer,-0.06177567989762455,298.60584809462586,-2.484621545159353,-0.584454868276127,-0.0026612193639330033
outer,-0.060542585878784326,298.68956815628115,-2.484775280131586,-0.5876357165047694,-0.002608252451336503
outer,-0.059308482091795164,298.7730695018225,-2.484929280215692,-0.5908122924547315,-0.002555261891578396
outer,-0.03150305750337242,298.5219028182334,-2.4845055154632627,-0.5812674195332135,-0.0013570599555460287
outer,-0.030886976279340856,298.6058480946258,-2.484657555757793,-0.5844526097967581,-0.0013305850414417376
outer,-0.030270424799409414,298.68956815628115,-2.484809884057432,-0.5876335170624752,-0.001304100428424655
outer,-0.029653368431764953,298.7730695018225,-2.484962504181346,-0.590810153269914,-0.0012776040232922773
outer,-5.088887490341627e-14,298.7730695018225,-2.4849735786282627,-0.5908094407641477,-2.3010958251104555e-13
outer,-5.088887490341627e-14,298.5219028182333,-2.484517996397957,-0.5812666479424801,-7.295885721318255e-13
outer,-5.088887490341627e-14,298.68956815628115,-2.4848214184375994,-0.587632784443917,-4.2313047612631147e-13
outer,-5.088887490341627e-14,298.6058480946258,-2.484669558978701,-0.5844518574747629,-5.128370041317759e-13
outer,0.029653368431612284,298.7730695018225,-2.4849625041823056,-0.5908101532705908,0.001277604022989945
outer,0.030270424799307638,298.68956815628115,-2.4848098840575332,-0.5876335170623809,0.001304100427831474
outer,0.030886976279239076,298.6058480946258,-2.484657555757231,-0.5844526097963557,0.001330585040850523
outer,0.03150305750327064,298.5219028182333,-2.484505515459041,-0.5812674195297245,0.0013570599545481583
outer,0.059308482091693385,298.7730695018225,-2.484929280214794,-0.5908122924533729,0.0025552618914434356
outer,0.060542585878631656,298.68956815628115,-2.484775280133147,-0.5876357165058382,0.0026082524510138054
outer,0.06177567989747188,298.60584809462586,-2.4846215451606524,-0.5844548682772636,0.002661219363680434
outer,0.06300783341133147,298.52190281823323,-2.484468071571415,-0.581269735742019,0.0027141668145764866
outer,0.088969690743771,298.77306950182253,-2.4848738937370105,-0.5908158581033524,0.003833114208304185
outer,0.09082081069904321,298.6895681562812,-2.484717593575359,-0.587639382588409,0.003912594143170073
outer,0.09267041603132771,298.60584809462586,-2.4845615140082558,-0.584458632755887,0.003992038448389055
outer,0.09451861063336678,298.5219028182333,-2.4844056514569375,-0.581273596428846,0.004071453401371415
outer,0.11863689926656369,298.77306950182253,-2.48479632697912,-0.5908208492152448,0.005111142290798464
outer,0.12110500462682722,298.68956815628115,-2.484636806506167,-0.587644514344744,0.005217104962192507
outer,0.12357109053450507,298.6058480946258,-2.4844774443115654,-0.5844639022942002,0.005323019829078598
outer,0.12603529551003073,298.52190281823334,-2.484318237011847,-0.581279000664193,0.005428895260241748
outer,0.1483114004298031,298.7730695018225,-2.484696563814352,-0.5908272730989867,0.006389394039409061
outer,0.15139645380333752,298.6895681562812,-2.484532902154057,-0.5876511187362647,0.00652183036605097
outer,0.1544789829252217,298.60584809462586,-2.484369318670503,-0.5844706835069877,0.006654206460547827
outer,0.15755916094159553,298.52190281823334,-2.484205810242317,-0.5812859547349372,0.006786532782590889
outer,0.1780021823630077,298.7730695018225,-2.4845745620979374,-0.5908351294700848,0.007668171370525079
outer,0.18170410027297487,298.6895681562812,-2.484405837935607,-0.5876591955945462,0.007827069180672207
outer,0.18540298920052004,298.6058480946258,-2.4842370940702283,-0.5844789763221996,0.007985894012642882
outer,0.18909905691290965,298.52190281823334,-2.4840683277086844,-0.5812944586443459,0.008144658415586523
outer,0.20770504189828265,298.77306950182253,-2.484430286944642,-0.5908444132003176,0.008947304854868117
outer,0.2120237624188758,298.6895681562812,-2.4842555787376654,-0.5876687399553271,0.009132650883302893
outer,0.21633894927701142,298.60584809462586,-2.484080735174316,-0.5844887759182591,0.009317910802004451
outer,0.22065084485741845,298.52190281823334,-2.4839057538429796,-0.5813045076792447,0.00950309924746233
outer,0.23742062776079678,298.77306950182253,-2.4842637054692736,-0.5908551393216223,0.010226822213306092
outer,0.24235608564001052,298.6895681562812,-2.484082090795492,-0.5876797661200807,0.010438600574999981
outer,0.2472875052301136,298.60584809462586,-2.48390020738303,-0.5845000958909471,0.010650279251497488
outer,0.2522151635296335,298.52190281823334,-2.4837180532512377,-0.5813161147497379,0.010861874965416813
outer,0.26716069828212946,298.7730695018225,-2.4840747460927597,-0.5908673107165531,0.011507128303816394
outer,0.27271276797919586,298.6895681562812,-2.4838853015036184,-0.5876922770494967,0.011745319538336251
outer,0.27826029486309045,298.6058480946258,-2.483695437071671,-0.5845129392416563,0.011983397003750331
outer,0.28380359053932014,298.52190281823334,-2.4835051513129165,-0.5813292828743672,0.012221379506628235
outer,0.2969213347216204,298.77306950182253,-2.4838633572846587,-0.59088091699946,0.01278805913946361
outer,0.30308991078827685,298.68956815628115,-2.4836651586786673,-0.5877062627324505,0.013052642847967512
outer,0.3092534396041606,298.6058480946259,-2.483466371404973,-0.5845272962861652,0.013317098124593842
outer,0.3154122673756003,298.5219028182334,-2.4832669945460055,-0.5813440026505403,0.013581445857108085
outer,0.32670101865050644,298.7730695018226,-2.4836294898535565,-0.5908959737330841,0.01406955540703075
outer,0.333486003424132,298.6895681562812,-2.483421612418981,-0.5877217379305514,0.014360508985560811
outer,0.3402654365892286,298.60584809462586,-2.483212959819386,-0.5845431810050676,0.01465131882869578
outer,0.3470396989474507,298.52190281823334,-2.483003531753892,-0.5813602872785866,0.014942007903925386
outer,0.35650930999023356,298.77306950182253,-2.4833730445977142,-0.5909124954233722,0.015351961598328905
outer,0.3639105567913305,298.6895681562812,-2.4831545621414715,-0.5877387166865866,0.015669258673181377
outer,0.3713057477460874,298.60584809462586,-2.482935100384026,-0.5845606069631498,0.01598639600834105
outer,0.37869529824349474,298.52190281823334,-2.4827146596970735,-0.5813781498325938,0.016303398649050633
outer,0.3863503509359367,298.77306950182253,-2.4830939396976213,-0.5909304700415051,0.01663539467461438
outer,0.39436769184658643,298.6895681562812,-2.4828639243962405,-0.5877571876059453,0.016979006855475424
outer,0.40237847281053557,298.60584809462586,-2.482632708027434,-0.584579563326648,0.01732244252086202
outer,0.41038314379454416,298.52190281823334,-2.482400291707526,-0.5813975799794479,0.017665728790828138
outer,0.4162170301009248,298.77306950182253,-2.4827921284693395,-0.5909498976532341,0.01791957648932696
outer,0.4248503336656471,298.6895681562812,-2.4825496517812113,-0.5877771504805134,0.01828947453507243
outer,0.4334765732908367,298.60584809462586,-2.482305734671205,-0.5846000495986513,0.01865917844952599
outer,0.4420962335136947,298.52190281823334,-2.482060379055794,-0.5814185769026228,0.019028717425265934
outer,0.4461133685056776,298.77306950182253,-2.4824674774523303,-0.5909708172930914,0.019204681568126138
outer,0.4553624826518736,298.6895681562812,-2.482211610030111,-0.587798642611544,0.01960083246850934
outer,0.464604028990179,298.6058480946259,-2.481954045298284,-0.5846221013792148,0.01999677072606212
outer,0.47383852661958487,298.5219028182334,-2.481694786029969,-0.581441174530608,0.020392527603450835
outer,0.47605813378090445,298.7730695018226,-2.4821198457277367,-0.5909932212080988,0.020491342276316923
outer,0.485922810208268,298.6895681562812,-2.4818496550182156,-0.5878216571958554,0.020913708806935615
outer,0.4957794151624804,298.6058480946259,-2.4815774926080856,-0.5846457127240956,0.0213358432200684
outer,0.5056285022905829,298.5219028182334,-2.4813033621926146,-0.5814653676918666,0.021757778845081954
outer,0.5060354803278667,298.77306950182253,-2.481749205451387,-0.5910170816078026,0.021778961648255286
outer,0.5165155519816053,298.6895681562812,-2.4814637575552565,-0.5878461670253368,0.02222750743325333
outer,0.5269870486336197,298.6058480946259,-2.4811760460834513,-0.5846708569296867,0.022675800591520783
outer,0.5360464901375278,298.7730695018226,-2.4813554119205916,-0.5910424546163755,0.023067594565603047
outer,0.5374505584695869,298.52190281823334,-2.4808860757204236,-0.581491130109168,0.023123876516817715
outer,0.5471417844150963,298.6895681562812,-2.48105377325098,-0.5878722256593111,0.02354227993629134
outer,0.5582280003036861,298.60584809462586,-2.4807495617102715,-0.5846975850490759,0.024016691070818275
outer,0.5661126421528304,298.7730695018226,-2.4809382577223924,-0.5910693500050587,0.024357994666733683
outer,0.5693057605177374,298.52190281823334,-2.48044278303267,-0.5815185103794599,0.024490865425304403
outer,0.5778228763222046,298.68956815628127,-2.4806194908393406,-0.5878998431935331,0.02485877467744732
outer,0.5895235289466355,298.60584809462586,-2.4802978244369553,-0.5847259074386365,0.02535925767915887
outer,0.5962253017679471,298.77306950182253,-2.4804976796120983,-0.5910977312147327,0.02564982342557286
outer,0.6012152572535508,298.52190281823334,-2.4799732653544906,-0.5815475190457681,0.02585948318717891
outer,0.6085502373695078,298.6895681562812,-2.4801608441591414,-0.5879289841919937,0.026176652806362135
outer,0.6208650884653194,298.6058480946259,-2.47982076520549,-0.5847557896612782,0.026703161176546166
outer,0.6263792115171345,298.77306950182253,-2.4800335858850584,-0.5911276264055556,0.026942866290723125
outer,0.6331705467823119,298.5219028182334,-2.4794774507628183,-0.5815781225541419,0.027229390108319148
outer,0.6393186370480665,298.68956815628127,-2.479677741702839,-0.5879596752434811,0.02749569829169028
outer,0.652247475285415,298.6058480946259,-2.479318292754773,-0.5847872567374831,0.028048183978705572
outer,0.656584209697012,298.7730695018226,-2.4795457121266233,-0.5911590837811139,0.028237503313225637
outer,0.6651664524439075,298.5219028182334,-2.47895524829965,-0.5816103443641119,0.028600366978995928
outer,0.6701378632102414,298.68956815628127,-2.4791699171177046,-0.5879919626737053,0.028816286774083225
outer,0.6836804268564476,298.60584809462586,-2.47879013889496,-0.5848203531373024,0.029394697245711962
outer,0.6868580074793429,298.7730695018226,-2.47903386383728,-0.5911920874640028,0.029534331509190385
outer,0.6972126613233469,298.5219028182334,-2.478406388024393,-0.5816442270921247,0.029972780408504512
outer,0.7010255362169037,298.68956815628127,-2.4786371703757015,-0.5880258320290015,0.030139010666697226
outer,0.7151814728025924,298.60584809462586,-2.478236098113632,-0.5848550656772626,0.030743288727740327
outer,0.7171812079037803,298.7730695018226,-2.478498030381783,-0.5912266041719088,0.030832624106315838
outer,0.7293266123774204,298.5219028182334,-2.477830658987582,-0.5816797586708199,0.03134721342456247
outer,0.7319623585622773,298.6895681562812,-2.478079489396583,-0.5880612502924438,0.0314631441549113
outer,0.7467314149912732,298.60584809462586,-2.4776561569045836,-0.5848913615042522,0.03209323350502616
outer,0.7475554506781665,298.7730695018226,-2.477937964682122,-0.5912627095019802,0.032132444971483105
outer,0.7614892067709267,298.5219028182334,-2.477228046288187,-0.5817169063183496,0.03272294194005689
outer,0.7629499615468538,298.6895681562812,-2.477496627865109,-0.5880982896445317,0.03278874821071433
outer,0.7780081756922259,298.7730695018226,-2.4773533231715823,-0.5913004250727109,0.03343476688914258
outer,0.7783318763225509,298.6058480946259,-2.4770500698386306,-0.5849293094657119,0.03344458956705992
outer,0.7937020590098068,298.5219028182334,-2.4765983054891443,-0.581755735610028,0.03410002087517512
outer,0.7940156443670199,298.6895681562812,-2.476888235867389,-0.5881369720334585,0.03411678885512601
outer,0.8085285472193507,298.7730695018226,-2.4767440257610294,-0.5913396999557078,0.03473918304575347
outer,0.8100100154147383,298.6058480946259,-2.476417480752584,-0.5849689317255861,0.03479831610956988
outer,0.8251486268546566,298.6895681562812,-2.476254228986174,-0.5881772477981393,0.03544685848024495
outer,0.8259921872415731,298.5219028182334,-2.47594107427446,-0.5817962688058042,0.03547940253918165
outer,0.8391090772156361,298.77306950182253,-2.476110004786967,-0.5913805557909285,0.0360453624707082
outer,0.8417551076124562,298.6058480946259,-2.475758300907746,-0.5850101797079141,0.036154004682124624
outer,0.8563414593593272,298.68956815628127,-2.4755945402636916,-0.5882191370255963,0.03677862542334352
outer,0.8583489222812466,298.5219028182334,-2.47525625961118,-0.5818384582493771,0.03686067759092592
outer,0.8697539558167431,298.7730695018226,-2.475450845386562,-0.5914230694538668,0.037353501347585
outer,0.8735597416275409,298.6058480946259,-2.475072464095226,-0.58505307191609,0.03751132284964115
outer,0.88759831053258,298.68956815628127,-2.4749087529243248,-0.5882627130434919,0.03811228229822669
outer,0.8907648911737264,298.52190281823334,-2.474543796084316,-0.5818823208233934,0.038243512742621354
outer,0.900501098922697,298.7730695018226,-2.4747661439532274,-0.5914672514759557,0.03866491983678916
outer,0.9054280646448832,298.6058480946259,-2.4743595518306365,-0.5850976782103069,0.038870459563076776
outer,0.9189569018672847,298.6895681562812,-2.474196453996877,-0.5883079880952253,0.039449140585461916
outer,0.9232442196535809,298.5219028182334,-2.473803263681617,-0.5819279229704815,0.039628093192130745
outer,0.9313183232483863,298.77306950182253,-2.4740559332241556,-0.5915130221519455,0.03997846015194084
outer,0.9373976039093265,298.6058480946259,-2.4736191418453655,-0.5851440123145027,0.04023271757197564
outer,0.9503852150924784,298.68956815628127,-2.473457673769849,-0.5883548832482558,0.04078804452749644
outer,0.955824240865765,298.52190281823334,-2.473034230926095,-0.5819752796813361,0.04101571290760543
outer,0.9622080686895685,298.7730695018226,-2.473320038308475,-0.5915604559496622,0.04129412673685725
outer,0.9694365060289974,298.6058480946259,-2.4728512619442125,-0.5851919958675813,0.04159694310527363
outer,0.9818856775938049,298.68956815628127,-2.4726922391638912,-0.5884034697003383,0.042128996784862795
outer,0.9884732661717994,298.5219028182334,-2.472236723104061,-0.5820243129596735,0.04240522006240225
outer,0.9931830776277016,298.7730695018226,-2.472557926281611,-0.5916096144112324,0.04261242157939857
outer,1.0015471858897054,298.60584809462586,-2.4720557410068835,-0.5852416968608128,0.042963136934603574
outer,1.0134709664183275,298.68956815628127,-2.471899611376613,-0.5884538065777383,0.043472494129893416
outer,1.0211936979670735,298.5219028182334,-2.471410571189527,-0.5820750876338266,0.04379661343600304
outer,1.0242694765647946,298.77306950182253,-2.4717691929701537,-0.5916604953887716,0.04393425312146967
outer,1.0337422552576037,298.60584809462597,-2.4712320345624423,-0.5852931719741804,0.04433179053614471
outer,1.045167074109046,298.68956815628127,-2.4710793769987305,-0.5885058932595925,0.04481943749636596
outer,1.0539980827867523,298.5219028182334,-2.4705552252574865,-0.5821276579052401,0.04519037913068638
outer,1.0554396511184125,298.7730695018226,-2.4709538438294363,-0.591713038226003,0.04525861066169732
outer,1.0660475728261447,298.6058480946259,-2.470379720016448,-0.5853464218481911,0.04570379729228313
outer,1.0769465278714387,298.6895681562812,-2.4702315400985726,-0.5885596689369827,0.04616881750371389
outer,1.086696636602215,298.7730695018226,-2.470111653574054,-0.5917673136595701,0.046585521458397346
outer,1.0869121455768749,298.5219028182334,-2.4696702535723984,-0.5821820254001542,0.04658740293510776
outer,1.0984358072730491,298.6058480946259,-2.4694988000187412,-0.5854013853255046,0.047078149094294294
outer,1.1088123474560747,298.68956815628127,-2.469355875787211,-0.5886152010727443,0.04752065943068408
outer,1.118054008624821,298.77306950182253,-2.4692419823905176,-0.5918233919584946,0.0479155166378475
outer,1.119908696379215,298.5219028182334,-2.4687556573541927,-0.5822381284289156,0.04798667796440996
outer,1.130909962798417,298.6058480946259,-2.46858905025817,-0.585458126630721,0.048454869139149356
outer,1.140778038865058,298.6895681562812,-2.4684517367730865,-0.5886725570926985,0.048875488846381876
outer,1.149540517148922,298.77306950182265,-2.4683443160473266,-0.5918812786468657,0.04924959936566118
outer,1.1529907238556165,298.5219028182334,-2.4678112130472054,-0.5822960280023717,0.049388225233683025
outer,1.1634834758548824,298.6058480946259,-2.4676498162371256,-0.5855167103180763,0.0498344773592089
outer,1.1728722046506648,298.68956815628127,-2.467518598457957,-0.5887317439406908,0.05023430037146799
outer,1.181126668665875,298.77306950182253,-2.467418645290318,-0.5919409028332246,0.050586695721463196
outer,1.186171594961965,298.5219028182334,-2.4668362591936948,-0.5823557857442694,0.05079255895988183
outer,1.1961848017047618,298.60584809462597,-2.4666805630107893,-0.5855771444167388,0.05121795978936023
outer,1.2050655025270585,298.68956815628127,-2.466556450264965,-0.5887926902842334,0.051596021347805374
outer,1.212816202900169,298.77306950182253,-2.466464795707549,-0.5920023269379892,0.05192682351217777
outer,1.219479617783284,298.52190281823346,-2.4658302505455207,-0.5824174104462516,0.05220065655197177
outer,1.2289847491614143,298.60584809462597,-2.4656812786341042,-0.585639356923107,0.052604244984053125
outer,1.2373616530439009,298.6895681562812,-2.465565118093435,-0.5888554555457989,0.052960667614050924
outer,1.2446130834074465,298.77306950182265,-2.4654820426951827,-0.59206563529403,0.05327018584436954
outer,1.2528857521166625,298.5219028182334,-2.4647931737572146,-0.5824808292021572,0.05361144773038499
outer,1.2618870196154006,298.6058480946259,-2.464651789492074,-0.5857034042487304,0.05399334671115722
outer,1.2697645994344646,298.6895681562812,-2.464543869487349,-0.58892011948353,0.054328438181516094
outer,1.276565942067271,298.77306950182253,-2.4644695661176983,-0.592130881537201,0.05461848671481402
outer,1.2863936802082157,298.5219028182334,-2.463724855868751,-0.5825460953860198,0.05502494409223169
outer,1.2948955359941616,298.6058480946259,-2.4635913556609497,-0.5857693616118743,0.055385459795555925
outer,1.3023227242267446,298.68956815628127,-2.4634918705000732,-0.5889867369173208,0.05570102474020737
outer,1.3086392535604934,298.7730695018226,-2.4634273054763245,-0.592197948982927,0.055970474406367085
outer,1.3200073046950231,298.5219028182334,-2.4626245498452253,-0.5826132796782718,0.05644133618630143
outer,1.328058431678239,298.6058480946259,-2.462499129461207,-0.5858372846288951,0.05678226357183376
outer,1.3350006842515507,298.6895681562812,-2.46240905788371,-0.5890551912801008,0.05707717658297244
outer,1.3408351966520033,298.7730695018226,-2.462355114661987,-0.5922669087818326,0.05732608279820056
outer,1.3537745100002427,298.5219028182334,-2.4614913943781604,-0.5826824381112011,0.05786229094576196
outer,1.3613405454992975,298.6058480946259,-2.4613750447697047,-0.5859070564750634,0.05818250831088107
outer,1.367800647102495,298.68956815628127,-2.461295286304773,-0.5891255499753703,0.058456826091197345
outer,1.37315860055405,298.7730695018226,-2.4612524530222886,-0.5923378060052658,0.058685469575389476
outer,1.3876603168175192,298.5219028182334,-2.46032532037515,-0.582753453238907,0.059286559593406965
outer,1.3947440338887798,298.6058480946259,-2.460218957275124,-0.5859787408186947,0.059586124787648465
outer,1.4007274172309785,298.68956815628127,-2.460150008414591,-0.5891978550888187,0.05984012666022118
outer,1.4056261755516277,298.7730695018226,-2.4601184114083665,-0.5924107295499765,0.060049264397680144
outer,1.4216668704248276,298.5219028182334,-2.459126184757853,-0.582826384966001,0.06071407119417481
outer,1.428273676557392,298.6058480946259,-2.459030313171602,-0.5860523766188575,0.06099326203658316
outer,1.4337976192427386,298.68956815628127,-2.4589723032587307,-0.5892721916750222,0.061227701022930806
outer,1.4382673482787316,298.77306950182253,-2.4589522003703186,-0.5924856930712904,0.06141848756316076
outer,1.4557989258109059,298.5219028182334,-2.457893427503645,-0.58290126897919,0.06214497035087643
outer,1.4619460125020947,298.6058480946259,-2.4578081800563982,-0.5861280449728037,0.06240453578448678
outer,1.4670405288919555,298.6895681562812,-2.45776136914874,-0.5893485741118277,0.06262055941090339
outer,1.4710535202891557,298.7730695018226,-2.45775368970629,-0.5925626146678793,0.06279209469199348
outer,1.4900729364291265,298.52190281823346,-2.456626105097691,-0.5829781822639354,0.06357986570619338
outer,1.4957901667204045,298.6058480946259,-2.4565517439934856,-0.586205760483769,0.0638209461463485
outer,1.5004276943659678,298.68956815628127,-2.456517074174416,-0.5894269189216601,0.06401765782160183
outer,1.5039905292541809,298.7730695018226,-2.456522570915591,-0.5926415709365762,0.06417016393123058
outer,1.5245178766355043,298.52190281823346,-2.4553233913936565,-0.5830571391585504,0.06501974721512188
outer,1.5297778339133115,298.60584809462586,-2.45526087131689,-0.5862854377341841,0.06524144943526017
outer,1.5339649234044423,298.68956815628127,-2.4552391073929694,-0.5895072984565366,0.06541907141494008
outer,1.5370845339745496,298.7730695018226,-2.455258239683884,-0.5927225916126269,0.06555287862674054
outer,1.5591055875327753,298.5219028182334,-2.4539851509701407,-0.5831380519504096,0.06646357146016947
outer,1.5639147919132421,298.60584809462597,-2.4539352489682424,-0.586367144740197,0.06666611771959155
outer,1.5676583432298439,298.68956815628127,-2.4539268566565315,-0.5895897395328132,0.06682497824881709
outer,1.57034202910104,298.7730695018226,-2.453959715219372,-0.5928057723920085,0.06694050329492286
outer,1.59384181706918,298.5219028182334,-2.4526110689509406,-0.5832209841899371,0.06791140733212689
outer,1.5982071363903896,298.6058480946259,-2.452574257228142,-0.586450905105628,0.0680951237228516
outer,1.6015144151927978,298.68956815628127,-2.45257932856263,-0.5896743318733255,0.06823563717489824
outer,1.6038075061506907,298.77306950182265,-2.452625793341558,-0.5928911883823734,0.06833457932693414
outer,1.628732629386505,298.5219028182334,-2.4512005183059644,-0.5833059559863971,0.06936342218332597
outer,1.6326612954225017,298.6058480946259,-2.4511768906199616,-0.5865368024801703,0.06952872058431907
outer,1.6355774026879333,298.68956815628127,-2.45119530259058,-0.5897611496981989,0.06965257630122533
outer,1.6374572454134264,298.7730695018226,-2.451256066561063,-0.592978727967446,0.06973426325540623
outer,1.663784419314965,298.52190281823346,-2.4497524819717693,-0.5833930447813235,0.07081986339556441
outer,1.667321304468205,298.6058480946259,-2.4497419124830473,-0.5866249097050592,0.07096842311415669
outer,1.669823707623785,298.6895681562812,-2.4497743665230725,-0.5898500799336498,0.07107495017412788
outer,1.671292352945916,298.77306950182265,-2.4498501899506606,-0.5930684568098278,0.07113945619362294
outer,1.6990409945512217,298.5219028182334,-2.448265707326158,-0.5834823215128869,0.0722822324646851
outer,1.702163686955359,298.6058480946259,-2.448268905747487,-0.58671511170988,0.07241338386575452
outer,1.7042544303858633,298.68956815628127,-2.448316172561414,-0.5899411830561565,0.07250265712150146
outer,1.7053205992264904,298.77306950182253,-2.44840742763807,-0.5931604200820643,0.07255037155722587
outer,1.7344789999495893,298.5219028182334,-2.446739772371078,-0.5835736685779321,0.07374967994667085
outer,1.7371895376028965,298.60584809462597,-2.446757519968691,-0.5868074635927669,0.07386349829234545
outer,1.7388773016108359,298.68956815628127,-2.4468199759725406,-0.5900344999473606,0.07393590469424939
outer,1.7395501623235983,298.7730695018226,-2.446926937691697,-0.5932546543834398,0.07396725222270886
outer,1.7700995245669005,298.5219028182334,-2.445174324255574,-0.5836671354605668,0.07522209834311858
outer,1.7724065472383395,298.6058480946259,-2.445207001797822,-0.5869020015719804,0.07531896801314056
outer,1.7737004574353803,298.68956815628127,-2.4452849244677717,-0.5901300628782836,0.07537492921335211
outer,1.7739896461283746,298.7730695018226,-2.4454078285257874,-0.5933511976530561,0.07539035368476468
outer,1.8059102194517593,298.5219028182334,-2.443568601277538,-0.583762753309588,0.07669968329354718
outer,1.8078228101010967,298.6058480946259,-2.4436164888724274,-0.5869987531469723,0.07678002274514331
outer,1.8086480993397014,298.7730695018226,-2.4438488553093523,-0.5934501509858713,0.07682000158492859
outer,1.8087324576358286,298.68956815628127,-2.443710115581893,-0.5902279051070389,0.07681997931693325
outer,1.841919136978315,298.5219028182334,-2.4419217313130925,-0.5838605444029127,0.07818265788417644
outer,1.8434468418886258,298.6058480946259,-2.441985068170371,-0.5870977464244135,0.07824690423978649
outer,1.8435658774533719,298.77306950182253,-2.4422485356292865,-0.5935515869844801,0.07825755669972514
outer,1.843982304515371,298.68956815628127,-2.4420942883855092,-0.5903281201352684,0.07827137327015388
outer,1.8781347487987885,298.5219028182334,-2.44023279112085,-0.5839605312176636,0.07967125697076521
outer,1.8787243693275137,298.7730695018226,-2.4406061462775286,-0.5936554028148878,0.07970233354349288
outer,1.8792875985463873,298.6058480946259,-2.4403114632615703,-0.5871990669757976,0.07971992335810185
outer,1.879490146654057,298.6895681562813,-2.4404359423587803,-0.5904307774489652,0.0797304579022251
outer,1.9141303018143632,298.7730695018226,-2.4389209824638467,-0.5937616816174641,0.08115442667647346
outer,1.9145659645362778,298.5219028182334,-2.438500489344047,-0.5840627910125511,0.08116578400601311
outer,1.9152374683354083,298.68956815628127,-2.4387343472820744,-0.5905357699920569,0.08119654402567676
outer,1.915385021907995,298.6058480946259,-2.4385941558471975,-0.5873027804587595,0.08120041299678589
outer,1.949794394130347,298.7730695018226,-2.437191913145769,-0.5938704722219068,0.08261413828698028
outer,1.9512309619208097,298.6895681562812,-2.4369887908888757,-0.5906431732480389,0.08266972082526527
outer,1.9512525194357175,298.5219028182334,-2.436723290235467,-0.5841673848832649,0.0826675579905219
outer,1.9517206916043515,298.6058480946259,-2.436832408805213,-0.5874087748975352,0.08268768031003489
outer,1.9857279016280207,298.77306950182265,-2.435417697516577,-0.5939818177722838,0.08408179398318755
outer,1.9874812916658382,298.68956815628127,-2.4351981293587275,-0.5907530290881149,0.08415028241684437
outer,1.9881760884024153,298.5219028182334,-2.4349004498873956,-0.584274195211242,0.08417588248695752
outer,1.9883012655342338,298.6058480946259,-2.435025502831232,-0.5875171177114961,0.08418180910380726
outer,2.0219426391029693,298.7730695018226,-2.4335970213339655,-0.5940957621409233,0.08555773407165364
outer,2.0239996552132333,298.6895681562813,-2.4333611079955784,-0.5908653733348407,0.08563854576607402
outer,2.025137353037304,298.6058480946259,-2.4331722817241226,-0.5876278431943509,0.0856830854544084
outer,2.025343294899105,298.5219028182334,-2.4330312423798612,-0.5843832808912178,0.08569083594635687
outer,2.0584510050114155,298.77306950182253,-2.4317284923905054,-0.5942123497903228,0.08704231389691498
outer,2.0607978067802084,298.68956815628127,-2.4314763980127023,-0.5909802419458291,0.08713484217429589
outer,2.062240094093607,298.6058480946259,-2.4312714773007427,-0.5877409791479066,0.08719181773325418
outer,2.0627646933912627,298.52190281823334,-2.431114499527718,-0.5844946679755973,0.08721269646750607
outer,2.0952660066238797,298.7730695018226,-2.4298106356879923,-0.5943316255883568,0.08853590414684921
outer,2.0978880812520955,298.68956815628127,-2.4295425919671523,-0.5910976708013428,0.08863951759116734
outer,2.099621182391706,298.6058480946259,-2.429321746650558,-0.5878565528452989,0.08870832829986226
outer,2.1004513662403106,298.5219028182334,-2.429148940054959,-0.5846083754866382,0.0887417639133187
outer,2.1324012861390576,298.77306950182253,-2.4278418882838673,-0.5944536345309535,0.09003889111650759
outer,2.135283419206897,298.6895681562812,-2.427558198909601,-0.591217695428141,0.09015293289597556
outer,2.1372928892979473,298.6058480946259,-2.4273216675404967,-0.5879745907328197,0.09023295379629225
outer,2.1384149466522118,298.5219028182334,-2.4271332073456504,-0.584724421187093,0.09027835181237887
outer,2.1698711477818944,298.7730695018226,-2.425820593843031,-0.5945784213762187,0.09155167693068605
outer,2.17299739289533,298.6895681562812,-2.4255216392300802,-0.5913403506240061,0.09167546414602162
outer,2.17526808875242,298.6058480946259,-2.425269733561601,-0.5880951180692093,0.09176604541603511
outer,2.176667642522877,298.5219028182334,-2.4250658648328676,-0.5848428211961032,0.09182278764571078
outer,2.207690585908187,298.77306950182253,-2.4237449969211005,-0.594706030186213,0.09307467973749042
outer,2.2110442331999187,298.6895681562812,-2.4234312392392034,-0.5914656700003167,0.09320750279997506
outer,2.213560283115111,298.6058480946259,-2.423164348991191,-0.5882181584653536,0.09330796915223907
outer,2.215222261205269,298.5219028182334,-2.4229453911455026,-0.5849635895455648,0.09337541311469819
outer,2.245875314137699,298.7730695018226,-2.4216132370177346,-0.5948365037993238,0.09460833390456587
outer,2.2494388575954813,298.68956815628127,-2.4212852254973263,-0.5915936854478223,0.0947494559317599
outer,2.252183629986072,298.6058480946259,-2.4210038233868034,-0.5883437333367162,0.09485910603386963
outer,2.254092235221926,298.5219028182334,-2.4207701749688413,-0.5850867376280936,0.09493658440070687
outer,2.2844417955354395,298.7730695018226,-2.4194233423829554,-0.5949698832839769,0.0961530902273124
outer,2.2881968991329886,298.68956815628127,-2.4190817189098084,-0.5917244265710929,0.09630174645073705
outer,2.2911529700221416,298.6058480946259,-2.418786365937315,-0.5884718613036586,0.09641985236368317
outer,2.2932916489464037,298.5219028182334,-2.4185385096396854,-0.5852122735700132,0.09650667242140964
outer,2.3234072738595177,298.7730695018226,-2.417173223529601,-0.5951062074316944,0.09770941613078413
outer,2.3273347364658337,298.68956815628127,-2.4168187284903047,-0.5918579200708314,0.09786481332311944
outer,2.330483855771349,298.6058480946259,-2.4165100795281282,-0.5886025575497248,0.09799061995643987
outer,2.332835266276085,298.5219028182334,-2.4162485874895876,-0.5853402015663512,0.09808606309095849
outer,2.362789805892269,298.77306950182253,-2.4148606661699934,-0.5952455121029746,0.09927779581950166
outer,2.3668695249379463,298.68956815628127,-2.4144941447066848,-0.5919941890650722,0.09943911176145342
outer,2.37019258154468,298.6058480946259,-2.414172954410843,-0.5887358330871906,0.09957183636418877
outer,2.372738559317428,298.5219028182334,-2.413898493821425,-0.5854705211175207,0.09967515757491127
outer,2.402608294867988,298.7730695018226,-2.4124833235209473,-0.5953878293591152,0.10085873032140885
outer,2.4068192287485153,298.6895681562812,-2.412105732269986,-0.592133252232045,0.10102511334767833
outer,2.4102962143439437,298.6058480946259,-2.4117728614125786,-0.5888716938996639,0.10116394506060998
outer,2.4130177381033846,298.5219028182334,-2.4114862004716553,-0.5856032261548962,0.10127437252215496
outer,2.4428825250090695,298.77306950182253,-2.4100387080847123,-0.595533186351175,0.1024527374289328
outer,2.447202654208883,298.68956815628127,-2.4096511223910997,-0.5922751227329252,0.10262330607593723
outer,2.4508126258612095,298.6058480946259,-2.4093075446304284,-0.5890101398919233,0.10276740556489895
outer,2.453689781361125,298.52190281823346,-2.4090095589223153,-0.5857383040210374,0.10288414025956116
outer,2.483633197178551,298.7730695018226,-2.4075241830215406,-0.5956816039620807,0.10406035159002801
outer,2.48803948410119,298.6895681562812,-2.407127804610386,-0.5924198069284108,0.10423419433523108
outer,2.49176052556395,298.6058480946259,-2.406774613672671,-0.5891511636355067,0.10438269351709108
outer,2.494772468345925,298.5219028182334,-2.4064662929190646,-0.5858757342370308,0.10450490894425438
outer,2.5248819656535844,298.7730695018226,-2.404936953251524,-0.5958330953528259,0.10568212379086804
outer,2.529350313148529,298.6895681562812,-2.404533118215791,-0.5925673028804613,0.10585829887204887
outer,2.533159494877355,298.60584809462586,-2.4041715354803097,-0.589294748920854,0.10601030072204053
outer,2.5362844117555845,298.5219028182334,-2.4038539906693246,-0.5860154870847781,0.10613714269312459
outer,2.5666514760208026,298.77306950182253,-2.4022734654607145,-0.5959878040663856,0.10731871584398994
outer,2.571156684599519,298.68956815628127,-2.4018642432804422,-0.5927175987356246,0.10749615674118931
outer,2.575030022471137,298.60584809462586,-2.401495625699932,-0.5894408691120425,0.10765073518524489
outer,2.5782450917352366,298.52190281823334,-2.401170096589447,-0.5861575219985771,0.10778132169947767
outer,2.6090140455546624,298.7730695018226,-2.3995290914065897,-0.5961458559200533,0.10897238963518706
outer,2.613481127929379,298.68956815628127,-2.399117589900568,-0.5928708058322572,0.10914841444762613
outer,2.6173935406562174,298.6058480946259,-2.3987440395572466,-0.5895894853226028,0.10930452113499317
outer,2.6206748909823787,298.5219028182334,-2.398411902546249,-0.5863017857538909,0.10943794234642117
outer,2.6519766429667513,298.77306950182253,-2.396700359003742,-0.5963069707144539,0.11064315548018608
outer,2.6563955896184606,298.68956815628127,-2.3962884854316595,-0.5930270197668741,0.11081730753824738
outer,2.660272462891663,298.6058480946259,-2.395913150595767,-0.5897406745620187,0.11097229103881068
outer,2.6635951309548136,298.5219028182334,-2.3955765385029095,-0.5864482104218598,0.11110751731105203
outer,2.695546041442812,298.7730695018226,-2.3937846375441727,-0.5964710913184458,0.11233091303870729
outer,2.699907002647391,298.68956815628127,-2.393373432087115,-0.5931859299954525,0.11250283351528093
outer,2.7037383651668687,298.60584809462586,-2.3929982414771835,-0.5898944996024909,0.11265625562227637
outer,2.70702810918385,298.52190281823334,-2.3926603410136558,-0.5865968365983089,0.11279066648901999
outer,2.739750045773689,298.7730695018226,-2.3907784532347875,-0.5966382222254836,0.11403627965429435
outer,2.744022105473715,298.68956815628127,-2.3903697787561837,-0.5933474423781285,0.11420488385656624
outer,2.747798144760913,298.6058480946259,-2.389995787580408,-0.5900506169003374,0.11435640132952657
outer,2.751045031450614,298.5219028182334,-2.3896585472121927,-0.5867476917262797,0.11448957751068754
outer,2.7846176917015786,298.7730695018226,-2.3876761514897358,-0.5968086622622182,0.11576016815181453
outer,2.78876856032396,298.68956815628127,-2.3872740210286643,-0.5935115202123894,0.11592406304751403
outer,2.792458505431337,298.6058480946259,-2.3869031158767466,-0.5902088929503744,0.11607261336201012
outer,2.795652759359809,298.5219028182334,-2.386567603897247,-0.5869003967814965,0.11620422771212967
outer,2.8303021787154186,298.77306950182253,-2.3844700490771658,-0.5969824825423584,0.11750732099142004
outer,2.8341752540646636,298.68956815628127,-2.3840804400641797,-0.5936784046606555,0.1176612664262692
outer,2.8377469669572926,298.6058480946259,-2.3837166893490935,-0.5903692472784838,0.11780548553342375
outer,2.8408579619955874,298.5219028182334,-2.3833848138884894,-0.5870547767573099,0.11793449810227868
outer,2.876734760053881,298.77306950182265,-2.3811567095431676,-0.5971587439635289,0.11927509192307659
outer,2.8803946006810883,298.6895681562812,-2.3807812812431837,-0.5938481205418699,0.11942119358051143
outer,2.883692267451232,298.6058480946259,-2.380430723026015,-0.5905318606808635,0.11955589827539628
outer,2.886688016798017,298.52190281823334,-2.3801066048812776,-0.587210705231609,0.11968097416481065
outer,2.923942532200674,298.7730695018226,-2.3777315224629496,-0.5973380101518342,0.12106409797881135
outer,2.927358205898939,298.68956815628127,-2.377373088594473,-0.5940196791747757,0.12120120448168295
outer,2.9304460360375204,298.6058480946259,-2.377037387967191,-0.5906967082491323,0.121328511332216
outer,2.9331715132392544,298.52190281823334,-2.3767271231249576,-0.5873683004269104,0.12144452415296111
outer,2.9721009148663278,298.7730695018226,-2.3741848338841693,-0.5975203850328451,0.12287971093370872
outer,2.9750930272694442,298.6895681562812,-2.373851190062933,-0.5941935673175324,0.12300190887981463
outer,2.9779402306405585,298.6058480946259,-2.3735332037917884,-0.5908627491659999,0.12312069411547567
outer,2.9804592961813188,298.5219028182334,-2.3732384616102817,-0.5875274849414406,0.12322977107201755
outer,3.0211654850333844,298.7730695018226,-2.3705104789823546,-0.5977048964107953,0.12472009648036651
outer,3.0237735850690877,298.6895681562812,-2.3702058338482326,-0.5943698203029424,0.1248286342679365
outer,3.026201669992628,298.6058480946259,-2.3699134324097932,-0.5910303917186027,0.12493305255599799
outer,3.028483675478566,298.52190281823334,-2.369637109956812,-0.5876871641811818,0.12503409692209883
outer,3.071207060066456,298.77306950182253,-2.3667012102116898,-0.5978919393056099,0.12658718483312534
outer,3.0733556840517897,298.6895681562812,-2.3664307976565486,-0.5945473915904564,0.1266795506467665
outer,3.0754039756723257,298.60584809462586,-2.366168218624601,-0.5911996000765937,0.1267708739264223
outer,3.0772713311503814,298.52190281823334,-2.3659182589345384,-0.5878476674091431,0.12685810711503942
outer,3.122367759010755,298.7730695018226,-2.362746314347984,-0.59808115496423,0.12848504771011718
outer,3.123909778478386,298.68956815628127,-2.362518738972646,-0.5947265800508326,0.12855657639673343
outer,3.1255031800183395,298.60584809462586,-2.3622912749550884,-0.5913692520524689,0.12863233662139392
outer,3.1269949867626936,298.5219028182334,-2.362071943751476,-0.5880088863136469,0.12870705241692573
outer,3.1746195764026894,298.7730695018225,-2.35863700676495,-0.5982718400427873,0.13041241306955237
outer,3.1755772587035165,298.68956815628127,-2.3584588278393768,-0.5949069351873224,0.13046375415624126
outer,3.1765693744849726,298.6058480946259,-2.3582751560949777,-0.5915395503393753,0.1305193513386247
outer,3.177610902065632,298.5219028182334,-2.3580918036877394,-0.588169623221047,0.13057912311131734
outer,3.2281473691578,298.77306950182253,-2.3543611009927647,-0.5984641602429376,0.1323746411081272
outer,3.2283302628567276,298.68956815628127,-2.354242166873674,-0.5950876422841573,0.132399821554257
outer,3.2287432213325045,298.60584809462586,-2.35410890588354,-0.5917099526133165,0.13243593590608915
outer,3.2291888059835454,298.52190281823334,-2.353970282974321,-0.5883299863940877,0.13247622559424205
outer,3.281868633237706,298.52190281823334,-2.3496962904123833,-0.5884893436776535,0.13440235608732454
outer,3.2819970021660674,298.60584809462586,-2.3497835041271924,-0.591879535112153,0.1343808416479368
outer,3.2823527000319297,298.6895681562812,-2.349856410881759,-0.5952687477397225,0.13437011075749644
outer,3.2829883465450527,298.77306950182253,-2.349906849159798,-0.598656784764333,0.13437223974580928
outer,3.33562280879942,298.5219028182334,-2.3452606743072613,-0.5886466669458554,0.13635628224540036
outer,3.336513679033539,298.6058480946259,-2.3452864368769997,-0.5920482287491173,0.13635937639348464
outer,3.337681588714017,298.68956815628127,-2.3452896636430607,-0.595448800129283,0.13637513398424853
outer,3.3391959852795505,298.77306950182253,-2.3452613934680007,-0.5988496631621192,0.13640655123691894
outer,3.3906333483928477,298.5219028182334,-2.340650744040154,-0.5888017780326795,0.138343289505433
outer,3.3923300797918676,298.6058480946259,-2.3406056484650604,-0.5922144674469639,0.13837205938467784
outer,3.3943701314256796,298.68956815628115,-2.3405288671966598,-0.5956275957599171,0.1384162395353487
outer,3.397054948813248,298.7730695018226,-2.3404046766710387,-0.5990423939074175,0.13848587714242638
outer,3.4469368893923327,298.5219028182334,-2.335854276586156,-0.5889530049379893,0.14036390469383292
outer,3.449499132995497,298.6058480946259,-2.3357278727838193,-0.592377904611195,0.14042024692069788
outer,3.452701532056629,298.6895681562812,-2.335553700106333,-0.595804578566143,0.14050168689554532
outer,3.4565613789760192,298.77306950182253,-2.335320253375166,-0.5992327807724538,0.1406092738463175
outer,3.5045860865931737,298.52190281823334,-2.3308577941388084,-0.5890998714030343,0.14241949157722825
outer,3.5083025841662585,298.6058480946259,-2.3306325171296334,-0.5925378416506354,0.14251215696230618
outer,3.5126719522186707,298.6895681562812,-2.330347483556957,-0.5959773958073279,0.14263055677098635
outer,3.5178766662416114,298.7730695018226,-2.329990203497937,-0.5994203327462694,0.14278102874929438
outer,3.563861228261496,298.52190281823334,-2.3256404310832886,-0.5892415510725653,0.14451822429471503
outer,3.5687366146818564,298.60584809462586,-2.3253026649265225,-0.5926917866201062,0.14464689237840464
outer,3.574441954884202,298.68956815628127,-2.324892014648736,-0.5961453876535779,0.14480713663738803
outer,3.581184929610467,298.7730695018226,-2.3243898502754123,-0.5996036595877564,0.14500612209382516
outer,3.624758515525944,298.5219028182334,-2.32018503532428,-0.5893754322488225,0.14665922260225994
outer,3.6309609606902136,298.60584809462586,-2.31971983366345,-0.5928389346954522,0.1468287359318725
outer,3.6381947150155733,298.6895681562812,-2.319162266184091,-0.5963069822894898,0.1470363958600562
outer,3.6466865864465516,298.77306950182253,-2.3184912838140685,-0.5997809855548514,0.14728989077573876
outer,3.6874368583405293,298.52190281823334,-2.3144728553747593,-0.5895005901176757,0.14884675656957913
outer,3.6951578538880283,298.60584809462586,-2.313858655316589,-0.5929775605167366,0.1490626381889167
outer,3.7041296223716422,298.6895681562812,-2.313129941830651,-0.5964602219527766,0.14932365779028395
outer,3.714599004238092,298.77306950182253,-2.312263203671565,-0.5999501102094165,0.14963801542455948
outer,3.752077545855868,298.5219028182334,-2.3084781998013524,-0.5896151735670195,0.15108574694961316
outer,3.76152565726994,298.6058480946259,-2.307690465591411,-0.5931055576859158,0.15135389675133054
outer,3.772462929926796,298.6895681562812,-2.30676332395957,-0.5966027314475884,0.1516745840385531
outer,3.7851570449835044,298.7730695018225,-2.3056705496916243,-0.600108330238279,0.15205650176199606
outer,3.8188779150853045,298.52190281823334,-2.3021720626836943,-0.5897169587289127,0.15338145079260437
outer,3.8302795102083738,298.60584809462586,-2.3011831592248955,-0.5932204144125891,0.1537081370904339
outer,3.8434282954653702,298.68956815628127,-2.3000269120514942,-0.5967316491316542,0.154095151040582
outer,3.8586134685757534,298.7730695018225,-2.2986709831044507,-0.6002533693689296,0.1545522267695151
outer,3.88805199264874,298.5219028182334,-2.2955219879759503,-0.5898033307672359,0.15573943869891052
outer,3.9016518672589444,298.60584809462586,-2.2943008383123757,-0.5933191524817408,0.1561312841145732
outer,3.9172771828982365,298.6895681562812,-2.2928778689752067,-0.5968445410728369,0.15659218468094477
outer,3.9354528136368687,298.77306950182253,-2.291210933426154,-0.600381549404426,0.1571382088075451
outer,3.9598310307909514,298.52190281823334,-2.2884917290406075,-0.5898712292385919,0.15816556170785193
outer,3.9758928974107013,298.6058480946259,-2.2870002266002385,-0.5933992245901333,0.1586300861542651
outer,3.994491646459981,298.6895681562812,-2.2852620901065555,-0.5969376058069708,0.15917858079104405
outer,4.015866387404124,298.77306950182253,-2.283234259898731,-0.6004881823711526,0.1598188421064968
outer,4.034463904566613,298.52190281823334,-2.2810376317073944,-0.5899180267335433,0.16066646581528207
outer,4.053482172543748,298.6058480946259,-2.27922675869624,-0.5934567479037376,0.16121728587400233
outer,4.0752620124934165,298.6895681562812,-2.2771229422694543,-0.5970060671588285,0.161858639962671
outer,4.1005089234600804,298.77306950182253,-2.274668781043195,-0.6005698523671456,0.16261191954863896
outer,4.112427705394819,298.52190281823334,-2.2731047408311778,-0.5899397867610449,0.16325471389013763
outer,4.13460903890895,298.6058480946258,-2.270923395584991,-0.593486894315025,0.1638970567848994
outer,4.160239657548943,298.6895681562812,-2.268387719559518,-0.5970464670601834,0.16464992243809107
outer,4.1897836117159555,298.77306950182253,-2.265431133950882,-0.600619481590506,0.16552692942745106
outer,4.193910800181945,298.52190281823334,-2.2646356886287893,-0.5899316469971115,0.1659343253466694
outer,4.219921518771124,298.6058480946258,-2.262017002412174,-0.5934861869773056,0.16668669245572373
outer,4.249825704251685,298.6895681562812,-2.2589725995291965,-0.5970517305100177,0.16756167347320625
outer,4.279557859465763,298.52190281823334,-2.2555569905647523,-0.5898901138133292,0.1687223020391523
outer,4.284365892930571,298.7730695018225,-2.2554240614210164,-0.6006319628180699,0.1685811677659804
outer,4.3098186691611025,298.60584809462586,-2.2524233900685764,-0.5934475529192197,0.16959516290981266
outer,4.344692130155741,298.68956815628115,-2.248779920256806,-0.5970168027167205,0.17061081816672102
outer,4.369765876258076,298.52190281823334,-2.245784161995949,-0.5898080936279981,0.17162731825972954
outer,4.384984504000867,298.7730695018225,-2.244525492546148,-0.6006012141774315,0.17179290416128828
outer,4.404969007261903,298.60584809462586,-2.242044574701102,-0.5933659554935723,0.17263899635380175
outer,4.445563935686787,298.6895681562812,-2.2376871880858946,-0.5969356172057549,0.17381513794212672
outer,4.465199910010128,298.52190281823334,-2.235218952974066,-0.5896805132053372,0.17466549304338366
outer,4.4926877306908,298.77306950182253,-2.2325835815528863,-0.6005191651617311,0.1751874959860218
outer,4.506093800084988,298.60584809462586,-2.2307576995228104,-0.5932352647429306,0.17583547146217976
outer,4.55348403170627,298.68956815628115,-2.2255421740105286,-0.5968000738295262,0.1771993219497392
outer,4.5665774971668505,298.5219028182333,-2.2237381745824103,-0.5895010853002405,0.17785360248275944
outer,4.608405717169277,298.77306950182253,-2.2194224531395124,-0.6003760070168297,0.17878495094006908
outer,4.614230587987212,298.60584809462586,-2.2184101825484017,-0.5930472225934249,0.17920861336118643
outer,4.66937779323107,298.6895681562812,-2.212168688942516,-0.5966001733630216,0.18078260587855033
outer,4.6749308116767585,298.5219028182333,-2.2111888944952076,-0.5892612593249555,0.18121502623307761
outer,4.7302999807357375,298.6058480946258,-2.204825503603584,-0.592791452092171,0.18277691555552825
outer,4.7334968152385475,298.7730695018225,-2.2048274901040057,-0.6001629583841883,0.18261476810364524
outer,4.7911757016915795,298.52190281823334,-2.1973942221414116,-0.5889500995402285,0.1847675576650208
outer,4.794596607351407,298.68956815628115,-2.197351771141996,-0.5963266215172113,0.1845934947888862
outer,4.855646406407398,298.6058480946258,-2.1897882840538325,-0.5924579005497804,0.18656795192307207
outer,4.869402269767095,298.7730695018225,-2.188535303040085,-0.5998670417185042,0.18670388883782463
outer,4.916649641582717,298.52190281823334,-2.182138278888547,-0.5885565714310842,0.1885379105745765
outer,4.930574329204181,298.6895681562812,-2.180827587279262,-0.5959653392876423,0.18865779803546467
outer,4.991696336453714,298.6058480946258,-2.173034123991458,-0.5920310995773893,0.19060650434826718
outer,5.017933842979035,298.7730695018225,-2.170225882565732,-0.599469502170948,0.19108176292838466
outer,5.05277172474804,298.52190281823334,-2.1651559814860812,-0.5880635696460668,0.19254994643798112
outer,5.079113431518341,298.6895681562812,-2.162275645385268,-0.5954956565495522,0.19300371990600995
outer,5.14024296170974,298.6058480946258,-2.1542418913847756,-0.5914881645754313,0.19491968519396086
outer,5.180907004390928,298.77306950182253,-2.149522583531154,-0.5989366879702955,0.1957655950409057
outer,5.201325867208009,298.5219028182333,-2.146125423131635,-0.5874457519013603,0.1968298337362921
outer,5.242020075307319,298.68956815628115,-2.1413189868366582,-0.5948809557462489,0.19764736352161286
outer,5.303083142301862,298.60584809462586,-2.1330341486877726,-0.5907892551410172,0.19952269979811849
outer,5.360175712731544,298.77306950182253,-2.1259995690548563,-0.5982161029488572,0.20075815451013346
outer,5.364099635296024,298.52190281823334,-2.124668558510744,-0.5866598614917482,0.2013920682566151
outer,5.421138713449752,298.6895681562812,-2.1175318831017216,-0.5940645236163608,0.20259082133965745
outer,5.482051833036438,298.60584809462586,-2.108985131203292,-0.5898732851377042,0.20441720303907268
outer,5.542918492990604,298.5219028182333,-2.10035948802556,-0.5856403424295455,0.20623808132172944
outer,5.557433608499918,298.77306950182253,-2.099188231906198,-0.5972137573117593,0.20603438243140193
outer,5.6181543025982625,298.6895681562812,-2.090447097861252,-0.5929472417131993,0.20780929650363011
outer,5.67882531382514,298.6058480946258,-2.0816288871576836,-0.5886360114995236,0.20957890005516955
outer,5.739450050080314,298.52190281823334,-2.0727335048575903,-0.5842778696511246,0.21134428778247372
outer,5.773507429086339,298.7730695018225,-2.068642356772789,-0.5957816794490024,0.2115218396934202
outer,5.83388934119141,298.68956815628115,-2.059621818225332,-0.5913756578921952,0.21323213875147923
outer,5.894221847623129,298.6058480946258,-2.050525997889416,-0.5869186910295623,0.21493910989292817
outer,5.954508337267392,298.52190281823334,-2.0413546129749727,-0.5824086040645161,0.21664412217531295
outer,6.008121920686317,298.7730695018225,-2.0340263477652254,-0.5937230775966744,0.2171039522557668
outer,6.068069986740528,298.6895681562812,-2.0247258928646445,-0.5891477491877439,0.21874621210582068
outer,6.127969002102891,298.60584809462586,-2.0153518140453603,-0.5845144122790171,0.22038818142745062
outer,6.187822331309842,298.5219028182333,-2.00590373380478,-0.5798210553416732,0.22203143482105098
outer,6.259616288510177,298.7730695018224,-1.9952029935402473,-0.5908069074417985,0.22262940398957187
outer,6.319043959891679,298.68956815628115,-1.9856285065947874,-0.5860279875745574,0.22420476858051414
outer,6.378423006378471,298.60584809462586,-1.9759819571110755,-0.5811835584143087,0.2257837889038341
outer,6.437756763300441,298.5219028182333,-1.966262939847709,-0.5762718477977989,0.22736815733841675
outer,6.525101250035152,298.7730695018224,-1.9522955728384805,-0.5868033403101525,0.2279389635513483
outer,6.583936792414374,298.68956815628115,-1.9424576668545548,-0.5817826959341977,0.22945294638167724
outer,6.642724194390542,298.60584809462586,-1.932549054776582,-0.576688922875177,0.23097510685319195
outer,6.701466758060767,298.5219028182333,-1.9225693029494868,-0.5715204857126527,0.23250716815074618
outer,6.8011463619130135,298.77306950182253,-1.9056463989578387,-0.5815059697749875,0.2328933517641768
outer,6.85933562996053,298.6895681562812,-1.8955560599328467,-0.5762020319487401,0.23435416299296347
outer,6.917477286399382,298.6058480946258,-1.8853957876528231,-0.5708173707477209,0.23582783360746934
outer,6.975574597055077,298.52190281823334,-1.8751650137890665,-0.5653506101625284,0.23731605956029783
outer,7.084452142431562,298.7730695018225,-1.8556886798625958,-0.5747276896679667,0.2373818022064905
outer,7.141957908334908,298.6895681562812,-1.8453515893289034,-0.5690958560748673,0.23879805363935594
outer,7.199416621884586,298.60584809462586,-1.8349440339068335,-0.5633756443406042,0.24023169156090363
outer,7.2568315105451004,298.5219028182333,-1.8244650583381494,-0.5575656908220473,0.24168439047371515
outer,7.372384763306978,298.7730695018225,-1.8027986351650074,-0.5662823974129337,0.24131624686215408
outer,7.429183303749126,298.68956815628115,-1.792209674666035,-0.5602753608034834,0.24269530278418777
outer,7.485935370503451,298.60584809462586,-1.781547255290932,-0.5541718472506858,0.24409610894030154
outer,7.5426441513418965,298.5219028182333,-1.7708094463795632,-0.5479701699637265,0.2455204562408485
outer,7.663078389330823,298.77306950182253,-1.7471942067317177,-0.5559666409998997,0.24461796519392584
outer,7.719155547739271,298.6895681562812,-1.736332364591023,-0.5495338811216697,0.24596600372901434
outer,7.775186822708963,298.6058480946258,-1.7253892634967165,-0.5429948590144711,0.24734057218220268
outer,7.831175361524858,298.52190281823334,-1.7143602163812548,-0.5363464408184727,0.24874408314328328
outer,7.955334126492173,298.7730695018225,-1.688900136496099,-0.5435509882883172,0.2472124521345916
outer,8.010681893414533,298.6895681562812,-1.6777200749344607,-0.536634422357283,0.24853712915079582
outer,8.065984373700626,298.6058480946258,-1.666439294243171,-0.5295957049613172,0.24989554763309219
outer,8.121244673698921,298.52190281823334,-1.6550456076417284,-0.5224273774086451,0.25129213224118546
outer,8.248431362409423,298.77306950182253,-1.6277350023245098,-0.5287626123763315,0.24903603240732933
outer,8.303045423207504,298.68956815628115,-1.6161410633932527,-0.5212790084582517,0.2503545972955996
outer,8.357614797702116,298.60584809462586,-1.6043970230503102,-0.5136399764234575,0.2517218865559058
outer,8.412142551063218,298.5219028182333,-1.5924754406953405,-0.5058304085210202,0.2531467599808608
outer,8.541966555548877,298.7730695018225,-1.5632351053429465,-0.5112172977808686,0.2500641894518265
outer,8.595844664673415,298.6895681562812,-1.5510091429946469,-0.5030128327233638,0.2514239495610007
outer,8.649678689664679,298.6058480946258,-1.5385228135492834,-0.49458836596908184,0.25286453860760344
outer,8.703471654387908,298.52190281823334,-1.5257301073126728,-0.48592491765435275,0.25440061960604476
outer,8.835721156884764,298.7730695018225,-1.4943796067268176,-0.490239550464461,0.25038618771867543
outer,8.888862189358507,298.6895681562812,-1.4810519044513164,-0.48102978562963405,0.25190049601449566
outer,8.941959740789647,298.6058480946258,-1.4672747196197637,-0.471514678023251,0.25355087266510046
outer,8.995016793675603,298.5219028182333,-1.4529981049957652,-0.46169110995529694,0.2553532824495429
outer,9.129581909556137,298.7730695018225,-1.4190423356086161,-0.4646111158269589,0.25034058026740397
outer,9.181985321106536,298.6895681562812,-1.4037929398121936,-0.4540043341045958,0.2522139841476807
outer,9.234345855150435,298.60584809462586,-1.3878722366482774,-0.4430559109767809,0.25428627746440463
outer,9.286666452786747,298.5219028182333,-1.3712597191676597,-0.43180568944695863,0.25656199466513346
outer,9.423492635124395,298.77306950182253,-1.333454027616962,-0.4326071510797384,0.2506123137698891
outer,9.475158169524185,298.6895681562812,-1.3152382634647573,-0.4203490173872292,0.25308344911190883
outer,9.526781430163137,298.60584809462586,-1.296219488941678,-0.4078668783605141,0.25577500310769086
outer,9.578365316727409,298.52190281823334,-1.2764319534505066,-0.39524599038627456,0.2586665889056023
outer,9.71742597792487,298.77306950182253,-1.2324004811741058,-0.39287427858403157,0.2519952702415323
outer,9.768353519208178,298.6895681562812,-1.210382494527791,-0.3792514145091274,0.25513785204116507
outer,9.819239390571166,298.60584809462586,-1.187631362718078,-0.36570043494486304,0.25842209630421853
outer,9.870086450280725,298.5219028182334,-1.1642237969756617,-0.3523096789482773,0.26180226774238025
outer,10.011369315410551,298.7730695018225,-1.1105912781840617,-0.34602547396126965,0.2544945919545082
outer,10.061558812331363,298.6895681562812,-1.0845932113393089,-0.33199284508979787,0.25793510334393877
outer,10.111707243214308,298.6058480946259,-1.0581133289846922,-0.3183509055270577,0.2613211114961917
outer,10.161817424904205,298.5219028182334,-1.0312344245232725,-0.3051354043602253,0.2645999357056209
outer,10.30531691971919,298.77306950182253,-0.9640458527780609,-0.2951272505183503,0.2557402165097283
outer,10.354768350400072,298.68956815628127,-0.9344869657695677,-0.2816138017200587,0.258472205964313
outer,10.404179318943504,298.6058480946259,-0.904772833109528,-0.2685901351954022,0.26090404056645594
outer,10.453552600770863,298.5219028182333,-0.8749863448987686,-0.2560357639165651,0.2630063607318218
outer,10.599266289877942,298.77306950182253,-0.7885590987003874,-0.24131383968029757,0.24905392917628588
outer,10.64797964526485,298.6895681562812,-0.7561937102518954,-0.22792977462051436,0.2496682937468217
outer,10.69665314242205,298.6058480946259,-0.7241737392952108,-0.21492768498387815,0.24986335561353046
outer,10.745289515347123,298.52190281823334,-0.6926025016945759,-0.20229235582549351,0.2496535750831332
outer,10.893216371528611,298.77306950182253,-0.5783862610283395,-0.17422043912074575,0.22362516366064206
outer,10.941191647973472,298.68956815628115,-0.5459866086695244,-0.15962655709656326,0.2215209447888017
outer,10.989127670099425,298.60584809462586,-0.5148146518470064,-0.14551619445940106,0.21917191370211625
outer,11.03702713047989,298.52190281823334,-0.48492424378805826,-0.1318984052355956,0.21661069697196916
outer,11.187166729187917,298.77306950182253,-0.34522347866174546,-0.07536491947011353,0.1738797641123621
outer,11.234403925275563,298.68956815628127,-0.3201132814905454,-0.06078908207851704,0.17078562147148768
outer,11.281602470956166,298.6058480946259,-0.29683826464909824,-0.047066832939634186,0.16772767910629072
outer,11.328765017379094,298.5219028182334,-0.2753041429494958,-0.03416428123940361,0.16470943155607704
outer,11.481117191513423,298.77306950182253,-0.1484249430029875,0.04949731417583231,0.1145100499897084
outer,11.527616306707131,298.68956815628127,-0.1368926581047728,0.059753742207962174,0.11308567448064627
outer,11.57407737540627,298.60584809462586,-0.12656501164849263,0.06916689249594038,0.1116931149445207
outer,11.620503007335854,298.5219028182334,-0.1173173378183958,0.07780368041889131,0.11032188063498308
outer,11.77506769213907,298.7730695018226,-0.050657050271983806,0.16162537760738044,0.07078725990728213
outer,11.820828726242558,298.68956815628127,-0.048691380148716816,0.16607916733179703,0.07115925192308405
outer,11.866552317763905,298.6058480946259,-0.0469661167705035,0.170077165105455,0.07140482487173067
outer,11.91224103500412,298.5219028182334,-0.045446195761073754,0.1736571931440548,0.07152994495678838
outer,12.06901820638385,298.7730695018226,-0.029685001922427096,0.24025036556541524,0.04726406624823362
outer,12.11404115932725,298.6895681562812,-0.029743971474817034,0.2409523198813649,0.047947130836399746
outer,12.159027273601087,298.6058480946259,-0.029770770620358045,0.24145350546581,0.048477309101052794
outer,12.203979076082163,298.52190281823334,-0.029766446517527117,0.24176764168222797,0.04886592434115193
outer,12.362968725335698,298.7730695018226,-0.02672747583867121,0.294928490238966,0.03261075283372321
outer,12.407253597094838,298.6895681562812,-0.02661400709210099,0.29340669775398887,0.033056479863971505
outer,12.451502234097093,298.60584809462586,-0.026476987778970763,0.2918007291182913,0.03338571417966255
outer,12.49571712179486,298.5219028182334,-0.026318178836091832,0.29011588643859637,0.033606848640012295
outer,12.656919245856654,298.77306950182253,-0.023710475194947407,0.33388906179269445,0.021566615099625278
outer,12.700466036423544,298.6895681562812,-0.023490096245182335,0.33087682155813414,0.0217785388592254
outer,12.743977196146128,298.6058480946259,-0.023254189818956432,0.32784936359517186,0.021905221661875744
outer,12.787455169052645,298.5219028182334,-0.023004386681978573,0.32480820837729824,0.021952611262728634
outer,12.950869766888841,298.7730695018226,-0.02102390061595627,0.3605679048209368,0.013177059895765009
outer,12.993678476260833,298.6895681562812,-0.02072590623537736,0.356585630732231,0.013183433575966241
outer,13.036452158701097,298.6058480946259,-0.020420366408375877,0.3526285405873089,0.01312937498827152
outer,13.079193216813772,298.52190281823334,-0.02010846490341046,0.348696475458272,0.013019044580262554
outer,13.24482028808158,298.77306950182253,-0.018645915275588364,0.3777141724151559,0.006773955386850369
outer,13.286890916257862,298.68956815628127,-0.018299186317013647,0.37312759621057856,0.006610100399369198
outer,13.328927121415045,298.6058480946259,-0.017951292994427236,0.36858979842114503,0.006404805317528087
outer,13.370931264733011,298.52190281823334,-0.01760302872852771,0.36409979923236274,0.006160960056910372
outer,13.53877080932343,298.77306950182253,-0.016541298818603372,0.38746253640950945,0.0018901161821765072
outer,13.580103356303693,298.6895681562812,-0.016170694273584862,0.3825319537924934,0.0015895077970649318
outer,13.621402084177541,298.6058480946259,-0.01580357663503737,0.3776632141515839,0.0012617788679848002
outer,13.662669312700594,298.52190281823334,-0.015440439773827065,0.37285493740091,0.000908909024968263
outer,13.832721330579883,298.7730695018226,-0.014679554312607816,0.39147915260836136,-0.0018177481626444059
outer,13.87331579636408,298.68956815628127,-0.014304835311407905,0.38639072013041487,-0.00222602324569815
outer,13.91387704695449,298.6058480946259,-0.0139367463670192,0.38137033567977285,-0.002650750783424513
outer,13.954407360682477,298.5219028182334,-0.013575557895988674,0.37641645589966294,-0.003090606552563463
outer,14.12667185184051,298.7730695018226,-0.013036464758588634,0.3910720835843743,-0.004610217575022779
outer,14.16652823642864,298.6895681562812,-0.012672311344066524,0.3859583193413497,-0.005101861770558491
outer,14.20635200973556,298.6058480946259,-0.012316710738916485,0.38091429208986055,-0.005602113887006058
outer,14.246145408668532,298.5219028182334,-0.011969769589720923,0.3759384369939712,-0.006110120695169877
outer,14.420622373102304,298.7730695018226,-0.011591138070711826,0.3872718027000801,-0.006689329941059988
outer,14.45974067649437,298.6895681562812,-0.011247741518078877,0.38222574662328135,-0.007244464713509549
outer,14.498826972517852,298.6058480946259,-0.01091387159966093,0.3772481801547297,-0.007802530967811361
outer,14.53788345665576,298.5219028182334,-0.010589517800084935,0.3723376027455026,-0.00836301094975897
outer,14.714572894364355,298.7730695018226,-0.010324354380916487,0.38089069547432197,-0.008213575749427812
outer,14.752953116560352,298.68956815628127,-0.010008169796626248,0.3759761262838245,-0.00881614009638465
outer,14.791301935300398,298.6058480946259,-0.00970177321078753,0.37112695982883287,-0.009417611674487514
outer,14.829621504643239,298.5219028182334,-0.009405073538790706,0.3663418096157054,-0.010017707895127487
outer,15.00852341562656,298.77306950182253,-0.009217774451638926,0.3725684023156477,-0.009307926547339918
outer,15.04616555662654,298.68956815628127,-0.008932281792931374,0.36782742320396683,-0.009945047566520412
outer,15.083776898083045,298.6058480946259,-0.008656324706522285,0.3631476901513452,-0.010578298947284029
outer,15.121359552630873,298.5219028182334,-0.008389760252743128,0.35852795631671935,-0.011207559049965052
outer,15.302473936888815,298.7730695018225,-0.008253733870448095,0.36280720591241794,-0.010070970656455819
outer,15.339377996692626,298.68956815628127,-0.008000136930738831,0.3582659718200887,-0.010732384866287067
outer,15.376251860865745,298.6058480946259,-0.0077554723694800085,0.35378129491370225,-0.011388083621797024
outer,15.413097600618505,298.5219028182334,-0.0075195676642801496,0.3493520772270917,-0.012038051704613237
outer,15.596424458151018,298.7730695018226,-0.0074153219007650414,0.35200012508251044,-0.01058026380465539
outer,15.632590436758814,298.6895681562812,-0.00719315828855667,0.3476731982162251,-0.011257815087205511
outer,15.668726823648443,298.6058480946259,-0.006979103812468163,0.3433979761748442,-0.011928490517625054
outer,15.704835648606139,298.5219028182334,-0.0067729732646479995,0.3391735081857839,-0.012592341749934857
outer,15.890374979413274,298.7730695018226,-0.006686571658016498,0.3404534457257862,-0.010896500673004128
outer,15.92580287682495,298.68956815628127,-0.006494225634494033,0.33634710795320377,-0.011583718615908303
outer,15.961201786431142,298.6058480946259,-0.0063090475415230815,0.3322877037047066,-0.012263396613727467
outer,15.996573696593773,298.5219028182334,-0.006130851875309672,0.3282744207929907,-0.012935625043556526
outer,16.184325500675477,298.77306950182253,-0.0060526608957415795,0.32840487446025196,-0.011066854780908783
outer,16.219015316891088,298.6895681562812,-0.005887780703392104,0.32451963233953096,-0.011758607884101421
outer,16.25367674921379,298.6058480946259,-0.005729086425594651,0.32067678701767316,-0.012442509220469522
outer,16.288311744581407,298.5219028182334,-0.005576400905065643,0.31687565226576875,-0.013118668359888744
outer,16.47827602193768,298.7730695018226,-0.005500072571158074,0.31603817134181306,-0.011127694933729892
outer,16.512227756957223,298.6895681562812,-0.0053598989976468,0.31237063131320103,-0.011819909649293608
outer,16.546151711996487,298.6058480946259,-0.0052249444240753395,0.30874127353106423,-0.012504204754303513
outer,16.58004979256904,298.52190281823334,-0.005095045630458733,0.30514952317682775,-0.013180695922380817
outer,16.772226543199935,298.77306950182253,-0.005016694185256479,0.30349491221636465,-0.011106810569571371
outer,16.80544019702341,298.68956815628127,-0.004898309899107396,0.3000391642466239,-0.011796246294798626
outer,16.838626674779185,298.60584809462586,-0.0047842310356638745,0.2966177470850753,-0.012477858343873272
outer,16.87178784055667,298.52190281823334,-0.004674311477016607,0.2932301823378977,-0.013151760136392743
outer,17.06617706446214,298.77306950182253,-0.004591852457586899,0.2908838962105482,-0.01102523612390939
outer,17.098652637089547,298.68956815628127,-0.004492362968537118,0.28763251590902,-0.011709306678046913
outer,17.131101637561834,298.6058480946259,-0.0043963425951506555,0.28441198711944116,-0.012385754907250995
outer,17.163525888544253,298.5219028182334,-0.004303663629084249,0.2812219134361087,-0.013054687013988167
outer,17.360127585724392,298.7730695018226,-0.004216289774454235,0.27828861947363803,-0.010898740649007102
outer,17.391865077155686,298.68956815628127,-0.004132947279739653,0.2752333770045872,-0.01157537371158017
outer,17.423576600344532,298.6058480946259,-0.00405232760738284,0.2722058671493194,-0.012244649598719223
outer,17.45526393653194,298.52190281823334,-0.003974321401354924,0.26920576221838544,-0.012906664707328
outer,17.654078106986596,298.7730695018226,-0.0038820937343354983,0.2657731658518733,-0.01073903503032863
outer,17.68507751722182,298.6895681562812,-0.0038123747838482713,0.2629055126680999,-0.011406562135743356
outer,17.71605156312723,298.6058480946259,-0.003744726696449263,0.2600628093648498,-0.01206703203932663
outer,17.74700198451952,298.5219028182334,-0.003679057487110296,0.2572447851725362,-0.012720530339390544
outer,17.9480286282488,298.7730695018226,-0.003582592655440274,0.2533868095390351,-0.010554740521725642
outer,17.97828995728796,298.6895681562812,-0.003524239821378783,0.25069819966608525,-0.011211811364354604
outer,18.00852652590988,298.6058480946259,-0.003467398527138732,0.24803206234900474,-0.011862140206221033
outer,18.038740032507103,298.5219028182334,-0.0034119925919064917,0.24538817354721992,-0.01250580187516847
outer,18.241979149511057,298.77306950182253,-0.003312229639647314,0.24116757838324615,-0.010352156418300756
outer,18.271502397354094,298.6895681562812,-0.003263266265436063,0.2386496691213495,-0.010997672292696839
outer,18.301001488692577,298.6058480946259,-0.003215342002487201,0.2361520274053868,-0.011636763813141979
outer,18.33047808049479,298.5219028182334,-0.0031683946016850886,0.23367446731195635,-0.012269495672502427
outer,18.53592967077326,298.77306950182253,-0.003066426271441304,0.2291449869075443,-0.010135860159936762
outer,18.564714837420283,298.6895681562812,-0.0030251520589983094,0.2267897539565754,-0.01076892231613822
outer,18.593476451475276,298.6058480946259,-0.0029845232624720885,0.2244528231602577,-0.011395872269945415
outer,18.62221612848237,298.5219028182334,-0.002944489592746645,0.22213403956662076,-0.012016765526708897
outer,18.829880192035514,298.77306950182253,-0.0028414450127457885,0.21734211351025098,-0.009909169280322018
outer,18.857927277486418,298.6895681562812,-0.0028064189162381736,0.21514190726885035,-0.010529038798035482
outer,18.885951414257974,298.6058480946259,-0.0027717139330690477,0.21295824679591235,-0.011143098163968655
outer,18.913954176470053,298.5219028182334,-0.0027372897911928998,0.2107910022846831,-0.011751394769580911
outer,19.123830713297718,298.77306950182253,-0.0026342571169782475,0.20577716603566504,-0.009674491020405393
outer,19.151139717552557,298.6895681562812,-0.0026042726769455737,0.20372472912970818,-0.010280557504712809
outer,19.178426377040623,298.60584809462586,-0.002574344797131034,0.20168726302269047,-0.010881103409059394
outer,19.20569222445769,298.5219028182334,-0.0025444414255047856,0.19966465834195876,-0.011476169084306313
outer,19.41778123455992,298.7730695018226,-0.0024424207490542776,0.19446465364540294,-0.009433581993461032
outer,19.44435215761869,298.6895681562812,-0.002416477765512924,0.19255311435975003,-0.01002533897335496
outer,19.47090133982332,298.60584809462586,-0.002390377237651835,0.1906551280974117,-0.010611851513237784
outer,19.49743027244532,298.5219028182334,-0.002364093736859134,0.18877060213798896,-0.011193153918996814
outer,19.711731755822175,298.77306950182253,-0.002263972224005033,0.18341626002738418,-0.009187737069317463
outer,19.737564597684827,298.6895681562812,-0.0022412476262708633,0.1816391120065777,-0.009764762441961304
outer,19.76337630260602,298.6058480946259,-0.002218193270749007,0.17987423556064697,-0.01033680598223987
outer,19.789168320432953,298.5219028182334,-0.002194788961616574,0.17812155161288998,-0.01090389684307836
outer,20.00568227708438,298.7730695018225,-0.002097331656903796,0.17264149349459054,-0.00893792358565245
outer,20.030777037751015,298.6895681562812,-0.0020771515066117796,0.1709925687864149,-0.009499863839650985
outer,20.05585126538872,298.60584809462586,-0.0020565036610606865,0.1693547528101705,-0.010057071707912382
outer,20.08090636842059,298.52190281823334,-0.002035371983794769,0.16772797773418932,-0.010609571964466574
outer,20.299632798346583,298.77306950182253,-0.001941223149065023,0.16214817317568317,-0.008684874172843401
outer,20.323989477817154,298.6895681562812,-0.0019230369870633299,0.16062161319415452,-0.009231431428778199
outer,20.348326228171366,298.60584809462586,-0.001904272883001372,0.15910510277081583,-0.009773493179204396
outer,20.37264441640817,298.52190281823334,-0.001884917800024588,0.1575985833900736,-0.010311080469948185
outer,20.593583319608836,298.77306950182253,-0.0017946088763823378,0.15194279676203842,-0.008429148999406548
outer,20.61720191788329,298.6895681562812,-0.0017779670614374021,0.15053302391858644,-0.008960070135699091
outer,20.640801190954065,298.60584809462586,-0.0017606591826899443,0.14913233257497727,-0.009486720742190188
outer,20.664382464395853,298.52190281823334,-0.0017426745229481705,0.14774067197911164,-0.010009118684011269
outer,20.88753384087104,298.77306950182253,-0.0016566357677815155,0.14203082424094912,-0.008171176009043851
outer,20.910414357949424,298.6895681562812,-0.0016411700475948351,0.14073251567686548,-0.008686243339522878
outer,20.933276153736763,298.60584809462586,-0.0016249676520948345,0.1394424010980377,-0.009197253860774975
outer,20.956120512383485,298.52190281823334,-0.0016080195576971476,0.13816043625340124,-0.009704222721108755
outer,21.181484362133244,298.77306950182253,-0.0015265933374983692,0.1324169029322231,-0.0079112758042485
outer,21.203626798015563,298.6895681562812,-0.0015120006061433225,0.13122496690467994,-0.008410298919126463
outer,21.22575111651941,298.60584809462586,-0.0014966143255185985,0.13004040893330357,-0.00890546829791639
outer,21.247858560371068,298.5219028182333,-0.0014804266762990306,0.12886319022211368,-0.00939679675786385
outer,21.4754348833955,298.77306950182253,-0.0014038810534583585,0.12310505207147182,-0.007649676284487195
outer,21.49683923808175,298.6895681562812,-0.0013899100566515388,0.12201460699007478,-0.008132484781308569
outer,21.51822607930211,298.60584809462586,-0.0013750993201703879,0.1209307879564833,-0.008611632522979092
outer,21.539596608358703,298.52190281823334,-0.001359441854706482,0.11985356074771622,-0.009087130321566828
outer,21.769385404657704,298.77306950182253,-0.0012879835495585266,0.11409881985682524,-0.007386520811452694
outer,21.790051678147886,298.6895681562812,-0.001274424208988479,0.11310517560706047,-0.007852957734547208
outer,21.81070104208481,298.60584809462586,-0.0012599871824091266,0.11211746266133306,-0.008315917301877376
outer,21.831334656346336,298.52190281823334,-0.001244666019476516,0.11113565062378496,-0.008775408607570818
outer,22.063335925919958,298.7730695018225,-0.001178452197401949,0.10540142150588283,-0.0071218726449469374
outer,22.08326411821402,298.68956815628115,-0.001165127174681025,0.10450006253857477,-0.007571788505034389
outer,22.10317600486751,298.60584809462586,-0.001150892822493449,0.10360399153364774,-0.008018401323768461
outer,22.123072704333968,298.52190281823334,-0.001135743005896906,0.1027131812858711,-0.008461718732863166
outer,22.35728644718216,298.77306950182253,-0.0010748918046055642,0.09701586378365613,-0.006855717565620787
outer,22.37647655828016,298.6895681562812,-0.0010616499470465987,0.09620243336004872,-0.0072889648691787726
outer,22.395650967650155,298.60584809462586,-0.0010474718710825545,0.09539369372717418,-0.007719074867544518
outer,22.414810752321603,298.5219028182334,-0.001032351596214523,0.09458962031404587,-0.008146053960918123
outer,22.651236968444366,298.7730695018225,-0.000976951232233167,0.0889450591611504,-0.00658796597339777
outer,22.669688998346295,298.6895681562812,-0.0009636625381754978,0.08821534417615146,-0.007004394228962048
outer,22.688125930432854,298.6058480946258,-0.000949414265626003,0.08748976424069646,-0.00741784287519202
outer,22.706548800309236,298.52190281823334,-0.0009342004693178967,0.08676829693796335,-0.00782831729409526
outer,22.94518748970662,298.7730695018225,-0.0008843169545672061,0.08119193130345047,-0.006318455282563584
outer,22.962901438412484,298.68956815628115,-0.0008708687402383571,0.08054184715755676,-0.006717906471362778
outer,22.980600893215552,298.60584809462586,-0.0008564401383351905,0.07989537941907301,-0.007114528303599332
outer,22.998286848296868,298.52190281823334,-0.0008410251516851215,0.07925250741417254,-0.007508325345197655
outer,23.239138010968823,298.77306950182253,-0.0007967088110476875,0.07375951247546449,-0.006046953076806576
outer,23.25611387847862,298.68956815628115,-0.0007830028182785609,0.07318508751666504,-0.0064292575935314695
outer,23.2730758559982,298.6058480946258,-0.0007682973901042417,0.07261379344051788,-0.006808876240820501
outer,23.290024896284503,298.52190281823334,-0.0007525864244806932,0.0720456109595701,-0.007185812963251733
outer,23.533088532231076,298.7730695018225,-0.0007138773183642776,0.06665103240456399,-0.005773161270627051
outer,23.549326318544757,298.68956815628115,-0.0006998275314048091,0.06614839154880225,-0.0061381343546728
outer,23.5655508187809,298.6058480946258,-0.0006847603937913532,0.06564842548406585,-0.0065005590619714206
outer,23.581762944272135,298.52190281823334,-0.0006686696679255519,0.06515111600968836,-0.006860438906469389
outer,23.82703905349328,298.7730695018225,-0.0006356019883248902,0.05986999815245201,-0.005496721339991266
outer,23.842538758610893,298.68956815628115,-0.0006211329752724842,0.05943534534709515,-0.005844160033474002
outer,23.858025781563597,298.6058480946258,-0.000605629322050872,0.05900293727646297,-0.006189182727160266
outer,23.873500992259768,298.5219028182333,-0.0005890846394415485,0.058572756584213306,-0.006531792692204309
outer,24.120989574755537,298.7730695018225,-0.0005616903201221303,0.05342026403200194,-0.005217220617087497
outer,24.13575119867708,298.6895681562812,-0.0005467359580087552,0.05304986326914224,-0.0055469012817010496
outer,24.1505007443463,298.6058480946258,-0.000530729885091074,0.05268130009393429,-0.005874294214770466
outer,24.165239040247403,298.52190281823334,-0.000513665557694578,0.052314557809906626,-0.006199402625368139
outer,24.41494009601774,298.7730695018225,-0.0004919771565124985,0.04730609013595528,-0.004934199633374986
outer,24.428963638743166,298.68956815628115,-0.00047647961730009833,0.046996244761982095,-0.0052458760807000855
outer,24.442975707128944,298.60584809462586,-0.0004599131899248217,0.04668784989020035,-0.005555390102542884
outer,24.456977088234986,298.5219028182333,-0.00044227120095172504,0.04638088934052885,-0.0058627450242054215
outer,24.708890617279945,298.7730695018225,-0.00042632402934377964,0.04153218831295154,-0.0046471605422553856
outer,24.722176078809355,298.6895681562812,-0.0004102329573822793,0.04127921834206136,-0.004940562870604636
outer,24.735450669911643,298.60584809462574,-0.00039305547111349176,0.041027329281756154,-0.005231926415005455
outer,24.748715136222668,298.5219028182333,-0.00037478481193244095,0.0407765053725425,-0.00552125479562714
outer,25.00284113854215,298.7730695018225,-0.0003646184178903878,0.03610375350612432,-0.0043555768415911075
outer,25.01538851887549,298.68956815628115,-0.0003478902478782943,0.03590397063270312,-0.004630411090308196
outer,25.02792563269434,298.6058480946258,-0.0003300576411605395,0.035704914287179555,-0.004903330007615421
outer,25.04045318421025,298.5219028182333,-0.00031111381131121614,0.035506569092777975,-0.005174337683962225
outer,25.296791659804402,298.7730695018225,-0.00030677280755444375,0.03102647770952993,-0.004058904953174
outer,25.30860095894163,298.68956815628115,-0.0002893702324199311,0.0308761576096567,-0.004314853762985068
outer,25.32040059547699,298.6058480946258,-0.000270844657899047,0.03072622289073052,-0.004569012186172
outer,25.332191232197886,298.52190281823334,-0.0002511893466963077,0.030576658576724626,-0.004821384955026315
outer,25.590742181066606,298.7730695018225,-0.00025272339771565885,0.02630654252744332,-0.003756598758683777
outer,25.601813399007764,298.6895681562812,-0.00023461504140809275,0.026201893931560985,-0.0039933233536371526
outer,25.612875558259688,298.60584809462586,-0.00021536466785459195,0.026097301186254796,-0.004228385921526204
outer,25.623929280185518,298.52190281823334,-0.00019496569612675527,0.02599274978922403,-0.00446179200778731
outer,25.88469270232881,298.7730695018225,-0.00020242837554459124,0.02195058388905368,-0.003448129212527533
outer,25.895025839073902,298.68956815628115,-0.00018358883571376744,0.021887713731160767,-0.0036652731892787495
outer,25.905350521042386,298.6058480946258,-0.00016358808033213948,0.02182458029714489,-0.0038808891424445425
outer,25.91566732817315,298.5219028182333,-0.00014241982170005822,0.021761169703953753,-0.004094983596108534
outer,26.178643223591063,298.7730695018225,-0.00015586596039642107,0.017965618431986442,-0.003133012807312621
outer,26.188238279140087,298.68956815628115,-0.00013627654106339055,0.017940492193457325,-0.0033302085246222695
outer,26.19782548382509,298.6058480946258,-0.0001155070867006067,0.017914793244021066,-0.0035260184772925715
outer,26.207405376160786,298.5219028182333,-9.355179307248343e-05,0.0178885085358325,-0.0037204503188951374
outer,26.472593744853267,298.7730695018225,-0.00011303249674865685,0.01435891426049882,-0.0028108553035810988
outer,26.481450719206226,298.68956815628115,-9.268323294307854e-05,0.01436731041634471,-0.0029877341605491514
outer,26.490300446607733,298.6058480946258,-7.113647962796524e-05,0.014374834082295134,-0.0031633808395292616
outer,26.499143424148418,298.5219028182333,-4.838715912545109e-05,0.014381473363313711,-0.003337804262039012
outer,26.76654426611552,298.7730695018225,-7.394099321339585e-05,0.011137778255820987,-0.0024814216281119268
outer,26.77466315927236,298.6895681562812,-5.283503188567226e-05,0.011175235633961188,-0.0026376302578411267
outer,26.78277540939043,298.6058480946258,-3.0517146615755865e-05,0.01121153130871063,-0.002792775275485502
outer,26.79088147213605,298.5219028182333,-6.983295116491477e-06,0.011246654990738705,-0.0029468669826162395
outer,27.060494787377724,298.7730695018225,-3.8621383724611515e-05,0.008309214191490947,-0.0021447504807314242
outer,27.0678755993385,298.6895681562812,-1.6783807429570502e-05,0.00837097105284937,-0.002279976134852109
outer,27.07525037217313,298.60584809462586,6.274385063735795e-06,0.008431289876580459,-0.0024143260788211753
outer,27.082619520123686,298.5219028182333,3.055581964665592e-05,0.008490162619620427,-0.0025478120379100054
outer,27.35444530863998,298.7730695018225,-7.126272304913955e-06,0.005879376450568269,-0.001801345517981391
outer,27.361088039404635,298.68956815628115,1.5378790195246395e-05,0.0059603008429247656,-0.0019153559254300497
outer,27.367725334955832,298.60584809462586,3.910320222846571e-05,0.006039528406956762,-0.0020287029407361143
outer,27.374357568111318,298.5219028182333,6.404774201186495e-05,0.006117054240414729,-0.002141399618045026
outer,27.648395829902185,298.7730695018225,2.0450567500850114e-05,0.0038526977559176284,-0.0014524980337895996
outer,27.654300479470823,298.68956815628115,4.348882037543203e-05,0.003947211996997847,-0.0015452037265368582
outer,27.660200297738477,298.6058480946258,6.772865516192599e-05,0.004039796407930299,-0.0016374884032923022
outer,27.66609561609895,298.5219028182333,9.316827947559352e-05,0.004130450217078514,-0.0017293661846768272
outer,27.94234635116439,298.7730695018225,4.393556982479688e-05,0.0022304997264898686,-0.0011008347096446757
outer,27.94751291953696,298.68956815628115,6.724336781366714e-05,0.002332504310655144,-0.001172386927657497
outer,27.952675260521175,298.6058480946258,9.170597630978983e-05,0.0024323839823278634,-0.0012437968996408429
outer,27.957833664086586,298.5219028182333,0.00011731785552181618,0.0025301433695670804,-0.001315079342346081
outer,28.236296872426642,298.7730695018225,6.295470382618662e-05,0.001008735067712424,-0.0007512662046755632
outer,28.240725359603097,298.68956815628115,8.600274523216293e-05,0.0011115346813198044,-0.0008022179406916645
outer,28.245150223303877,298.6058480946258,0.00011010716815796132,0.0012120729981330322,-0.0008533492228597792
outer,28.249571712074165,298.52190281823334,0.00013525919674745534,0.0013103637506848918,-0.0009046737845864188
outer,28.530247393688846,298.7730695018225,7.637163125075373e-05,0.00017416665555304887,-0.0004127267318766997
outer,28.533937799669232,298.68956815628115,9.807202254515031e-05,0.00027045918643019314,-0.0004442999791382011
outer,28.537625186086522,298.6058480946258,0.00012066080291381489,0.00036446752869222736,-0.00047641497690955004
outer,28.5413097600618,298.5219028182333,0.00014413192265149625,0.0004562212391444763,-0.0005090796217347566
outer,28.8241979149511,298.7730695018225,8.064724324935869e-05,-0.0003017127023420149,-0.00010140680009190478
outer,28.827150239735367,298.6895681562812,9.896129863097369e-05,-0.0002194667742557868,-0.00011585289618966474
outer,28.83010014886922,298.6058480946258,0.00011795306999719225,-0.00013930130885188776,-0.00013120285439013456
outer,28.833047808049432,298.52190281823334,0.00013762674978047364,-6.117242016046662e-05,-0.0001474510960530023
outer,29.118148436213303,298.7730695018225,6.812867137451738e-05,-0.0004698291959763153,0.0001541837635947883
outer,29.120362679801506,298.68956815628115,7.99387378041108e-05,-0.00040809710894647695,0.00015333278882834482
outer,29.12257511165192,298.60584809462586,9.223934099371597e-05,-0.00034792090437451445,0.00015131782390101505
outer,29.124785856037064,298.5219028182333,0.00010504138143312761,-0.00028926654468542723,0.00014816007131475758
outer,29.412098957475507,298.7730695018225,3.2232439261024404e-05,-0.00040746732987623815,0.00030853343920031034
outer,29.413575119867694,298.6895681562812,3.369799203606583e-05,-0.0003694004010392811,0.0003165880333015629
outer,29.41505007443462,298.6058480946258,3.547853697976426e-05,-0.00033215701680063415,0.0003234431313890988
outer,29.4165239040247,298.52190281823334,3.758070905124941e-05,-0.0002957414347249222,0.0003291238851251135
outer,29.70604947873776,298.7730695018225,-5.468286795635833e-06,-0.00021822349078234795,0.00030137873523102145
outer,29.70678755993383,298.6895681562812,-1.8862976456343134e-05,-0.00020174579551643943,0.00031261404632981955
outer,29.707525037217266,298.6058480946258,-3.230935921652467e-05,-0.0001854991092941069,0.0003229001000273357
outer,29.708261952012332,298.5219028182333,-4.5790455309470716e-05,-0.00016951189950317153,0.0003322487256837831
outer,29.999999999999964,298.6895681562812,-4.0279481207519766e-05,-0.0001002757510438074,0.00026061914260842113
outer,29.999999999999964,298.7730695018225,-1.8258326880835524e-05,-0.00010716336797043792,0.0002492806275719457
outer,29.999999999999964,298.6058480946258,-6.26250132107513e-05,-9.34082014502278e-05,0.0002712079481518682
outer,29.999999999999964,298.52190281823334,-8.526315585473046e-05,-8.658943231727106e-05,0.0002810482574439803
