radius_мм,relative_angle_deg,sigma_rr_mpa,sigma_tt_mpa,radial_displacement_мм
249.99999999999994,-0.15000000000044866,-2.4607005975444585,0.2533603875315456,9.980089512571126
249.99999999999997,-4.579998741307465e-13,-2.4609927161010416,0.2533683204007483,9.999999999999938
249.99999999999997,0.14999999999958355,-2.460700597545448,0.25336038753158874,10.020404139379776
250.36108906245173,-0.14999995116483808,-2.4605121861641206,0.2546816494131609,9.916842727216148
250.36108906245173,-4.579998741307465e-13,-2.460804690472389,0.2546905536780423,9.93674618049787
250.36108906245175,0.1499999511639221,-2.460512186165253,0.2546816494130234,9.957157340899537
250.72204634796392,0.1499996095284322,-2.460132153599264,0.25723230780621387,9.89388515838613
250.72204634796392,-0.1499996095293482,-2.4601321535985856,0.2572323078061462,9.853570636521933
250.72204634796392,-4.579998741307465e-13,-2.4604254115452426,0.25724311639897957,9.873466959693397
251.0827407001136,-0.14999868336042518,-2.459746493626326,0.259600415980294,9.790300450054074
251.0827407001136,-4.579998741307465e-13,-2.4600404691845608,0.25961305228715176,9.810189514175965
251.08274070011362,0.1499986833595092,-2.459746493626681,0.25960041598029043,9.830614722997794
251.44304194038367,-0.14999688304546172,-2.459356758493849,0.26178841090315635,9.727059156487861
251.44304194038367,-4.579998741307465e-13,-2.4596514150319972,0.26180279894758635,9.74694080004543
251.44304194038367,0.14999688304454573,-2.459356758493743,0.2617884109030958,9.767372945572506
251.80282077206346,0.14999392213057391,-2.4589644343297907,0.2637988784041041,9.704186522990694
251.80282077206346,-4.579998741307465e-13,-2.4592597346387173,0.2638149429123164,9.683747559125353
251.80282077206348,-0.1499939221314899,-2.458964434331042,0.26379887840367444,9.663873529691832
252.1619503778108,0.14998951832097462,-2.4585709378543963,0.26563454685303284,9.641081647625388
252.1619503778108,-0.14998951832183974,-2.458570937855762,0.26563454685287347,9.600769837910072
252.1619503778108,-4.579998741307465e-13,-2.4588668441748642,0.265652213321859,9.62063602823456
252.52030648064007,0.1499833944312725,-2.458177614171721,0.26729827705013987,9.578083986924137
252.52030648064007,-4.579998741307465e-13,-2.4584740882296865,0.26731747181166704,9.557631918625619
252.5203064806401,-0.1499833944321885,-2.458177614172845,0.267298277050307,9.537773823087207
252.87776655467763,0.14997527932279406,-2.4577857351831103,0.2687930510588925,9.515218813409318
252.87776655467763,-4.579998741307465e-13,-2.458082738224973,0.26881370134348254,9.494760545861627
252.87776655467766,-0.14997527932365917,-2.4577857351840144,0.26879305105934714,9.47491083061784
253.23421165164513,-4.579998741307465e-13,-2.457693990332569,0.27014399859633403,9.432046500534279
253.23421165164513,0.14996490873765236,-2.457396497502088,0.2701219645954091,9.452510675559886
253.23421165164515,-0.14996490873856835,-2.457396497502577,0.27012196459629806,9.412205480003792
253.58952737853593,-4.579998741307465e-13,-2.457308964972926,0.2713115622575332,9.36951346860535
253.58952737853596,0.14995202604889993,-2.45701102194994,0.2712882153235511,9.389983218288902
253.58952737853596,-0.14995202604976504,-2.4570110219505557,0.2712882153241272,9.349681485130121
253.94360007474253,-0.14993638313418897,-2.4566303531377076,0.2722950912886794,9.287362320285279
253.94360007474253,-4.579998741307465e-13,-2.4569287063987617,0.27231968145357904,9.30718489760788
253.94360007474253,0.14993638313327298,-2.4566303531367084,0.2722950912888781,9.327659849198326
254.2963244640667,-4.579998741307465e-13,-2.4565541822203936,0.273171726538596,9.245082644037982
254.29632446406674,-0.14991774072293526,-2.456255458985082,0.2731459617070157,9.225269867678428
254.29632446406677,0.14991774072201924,-2.456255458984735,0.27314596170704375,9.265562386190574
254.64759526118456,-4.579998741307465e-13,-2.4561862845490063,0.27387113611416125,9.183228445903032
254.6475952611846,-0.14989586935165491,-2.455887231872039,0.27384426398814604,9.163425889701838
254.6475952611846,0.1498958693507898,-2.4558872318720137,0.27384426398825074,9.203712529986253
254.9973147744092,-4.579998741307465e-13,-2.455825830204419,0.27442140687373984,9.121642580169343
254.99731477440923,0.1498705494818741,-2.45552648883854,0.2743934935828245,9.142130521759896
254.99731477440923,-0.14987054948279008,-2.4555264888380335,0.2743934935829582,9.101850686533759
255.3453894236964,-0.1498415720792442,-2.4551739730100888,0.27479719298482086,9.040563705761329
255.3453894236964,-4.579998741307465e-13,-2.4554735621441073,0.2748260825993849,9.060344472519786
255.34538942369642,0.1498415720783282,-2.455173973011165,0.27479719298424904,9.08083575291712
255.69172951189955,-4.579998741307465e-13,-2.45513015205155,0.27508874192630106,8.999352735272284
255.69172951189955,-0.14980873899592106,-2.454830356196179,0.2750589394960666,8.979583580255342
255.69172951189955,0.14980873899505595,-2.454830356196343,0.27505893949638655,9.019846803074541
256.03624984220113,-4.579998741307465e-13,-2.4547962013893403,0.27521298913977654,8.938685056989309
256.0362498422012,-0.14977186322709563,-2.4544962399310233,0.27518233603216874,8.91892801777248
256.0362498422012,0.1497718632262305,-2.4544962399309607,0.2751823360327723,8.95918132972849
256.3788725183539,-0.14973076876616426,-2.454172157161535,0.27517100093766633,8.858613307061212
256.3788725183539,-4.579998741307465e-13,-2.4544722430799086,0.27520244399320326,8.878357708494205
256.3788725183539,0.14973076876524827,-2.454172157162281,0.2751710009376937,8.898855574323266
256.7195235034939,-4.579998741307465e-13,-2.454158744810579,0.275060731191169,8.818386148734612
256.719523503494,-0.14968529104196596,-2.45385857555292,0.27502855747506605,8.798654923606566
256.71952350349403,0.14968529104104994,-2.4538585755544857,0.27502855747460564,8.838884968113147
257.0581336326452,-0.14963527687267703,-2.4535559006373324,0.2747586250375156,8.739067351860074
257.0581336326452,-4.579998741307465e-13,-2.4538561121837823,0.27479147159481226,8.758784846974153
257.05813363264525,0.14963527687176104,-2.453555900638084,0.2747586250379347,8.77928395437998
257.39463784604703,-0.14958058457298312,-2.453264477829051,0.27436481020465875,8.679864221218981
257.39463784604703,-4.579998741307465e-13,-2.4535646907308775,0.2743982732766503,8.699567418791982
257.3946378460471,0.1495805845720671,-2.453264477829272,0.2743648102054375,8.720066124441166
257.7289790675267,-4.579998741307465e-13,-2.4532847681945262,0.273884721624118,8.640745945320951
257.72897906752684,-0.1495210832060635,-2.4529845947064053,0.2738506968503002,8.621057625454064
257.72897906752684,0.1495210832051475,-2.452984594707311,0.2738506968502615,8.661243536876434
258.0611045946872,-0.14945665291426716,-2.452716485878443,0.2732198414777887,8.562658760368539
258.0611045946872,0.14945665291335114,-2.4527164858793546,0.27321984147771267,8.602827355275588
258.0611045946872,-4.579998741307465e-13,-2.4530165793910377,0.2732543746704505,8.582331611017734
258.3909610510459,-4.579998741307465e-13,-2.4527603087532084,0.2725107550162857,8.524335593657884
258.39096105104596,-0.1493871858440179,-2.4524603355294876,0.27247576514435345,8.504678813572953
258.39096105104596,0.1493871858431528,-2.4524603355308208,0.27247576514393973,8.544828738262082
258.7185097289765,-4.579998741307465e-13,-2.452516092395588,0.27165734127659763,8.466766369556389
258.7185097289765,-0.14931258272338505,-2.452216279484412,0.27162194491193953,8.44712627048579
258.7185097289766,0.14931258272251996,-2.4522162794862115,0.27162194491106584,8.487256144573658
259.0437064042651,-4.579998741307465e-13,-2.452284022698339,0.27069756601061806,8.409633265962752
259.04370640426515,-0.14923275681742112,-2.4519844097925803,0.2706618117825373,8.390010465789986
259.04370640426515,0.1492327568165051,-2.451984409794945,0.270661811781117,8.43011888558209
259.36651856211023,-0.14914762978041315,-2.451764776872544,0.26959874166742437,8.333338560062222
259.36651856211023,-4.579998741307465e-13,-2.452064150445943,0.26963480669043255,8.352943436777718
259.36651856211023,0.14914762977949717,-2.4517647768738704,0.2695987416669497,8.373424100807544
259.68691560852835,-0.14905713346406638,-2.451557392715266,0.26843605116186275,8.277117263909476
259.68691560852835,-4.579998741307465e-13,-2.451856488031996,0.2684723814703541,8.296703587128624
259.6869156085284,0.14905713346315036,-2.4515573927156167,0.26843605116224845,8.317178482541218
260.0048706115035,-4.579998741307465e-13,-2.451661013267628,0.2672135486133004,8.240919671273458
260.0048706115035,0.14896120917946265,-2.4513622346950448,0.2671769969758849,8.261387973688674
260.0048706115036,-0.14896120918037864,-2.4513622346948316,0.26717699697533254,8.22135253601052
260.32036104622546,-0.14885980706395213,-2.451179247853814,0.26582476960561485,8.16604945673815
260.32036104622546,-4.579998741307465e-13,-2.4514776716613946,0.2658615001655805,8.185596766120602
260.32036104622546,0.14885980706303611,-2.451179247854195,0.26582476960614543,8.206057641220648
260.63336868349967,-4.579998741307465e-13,-2.451306379147375,0.2644193574152528,8.130739095476839
260.6333686834997,-0.14875288561155067,-2.451008347633474,0.2643824888004611,8.11121225246737
260.6333686834997,0.14875288561063468,-2.451008347634518,0.2643824888005394,8.151191700357586
260.94387946768126,-4.579998741307465e-13,-2.451147025580501,0.2628901748127296,8.076350056260768
260.9438794676813,-0.14864041120354088,-2.4508494233648914,0.2628532074854368,8.056844321850596
260.9438794676813,0.1486404112026249,-2.45084942336582,0.26285320748568086,8.096793540716156
261.2518778257766,-0.14852235980205378,-2.45070234035175,0.261239905843116,8.002949236338996
261.2518778257766,-4.579998741307465e-13,-2.4509994768145105,0.2612769340504784,8.022433219361607
261.25187782577666,0.14852235980118866,-2.4507023403539403,0.2612399058420893,8.042866727287002
261.5573606234827,-0.148398711193672,-2.4505669418817497,0.2595454841427435,7.949528302389952
261.5573606234827,-4.579998741307465e-13,-2.4508635767030125,0.25958253689463723,7.968989890806529
261.55736062348274,0.14839871119275602,-2.450566941883865,0.25954548414159634,7.989412561094844
261.86031882543926,-0.1482694555263603,-2.4504430523309075,0.25777276817271155,7.896583775311699
261.86031882543926,-4.579998741307465e-13,-2.4507391502139866,0.25780981060817904,7.916022326835942
261.86031882543926,0.1482694555254952,-2.450443052331444,0.2577727681728442,7.936433294800058
262.1607538683808,-4.579998741307465e-13,-2.4506260054910363,0.25596150539638424,7.863530873688833
262.1607538683809,-0.1481345862694985,-2.4503304792335525,0.25592450668499156,7.844116000302965
262.1607538683809,0.14813458626863338,-2.4503304792338625,0.25592450668517425,7.8839292718461085
262.4586637675904,-4.579998741307465e-13,-2.450523936203064,0.2540402994283653,7.811516401529791
262.4586637675904,0.1479941055825559,-2.450229015633283,0.254003376414873,7.831901360845135
262.45866376759045,-0.14799410558347192,-2.4502290156331523,0.2540033764146138,7.792125845395264
262.7540508682784,-4.579998741307465e-13,-2.4504327231663225,0.2520487938003637,7.759978953259227
262.75405086827845,-0.14784802060870222,-2.4501384417045666,0.25201197704910855,7.74061335090469
262.75405086827845,0.1478480206077862,-2.4501384417045307,0.25201197704954686,7.78034960403227
263.0469224609492,-4.579998741307465e-13,-2.450352135869009,0.24998950431323408,7.708917642683036
263.04692246094925,-0.1476963424603883,-2.4500585262828123,0.2499528230078185,7.689577627742023
263.04692246094925,0.1476963424595232,-2.450058526283186,0.24995282300795102,7.729273115305656
263.3372862411449,-0.14753908796880424,-2.4499890292851596,0.2478283588307536,7.639017653693306
263.3372862411449,-4.579998741307465e-13,-2.4502819348923968,0.24786487686510217,7.658331451112849
263.33728624114497,0.14753908796793913,-2.449989029284131,0.24782835883229645,7.67867087697463
263.625149147439,-4.579998741307465e-13,-2.450221873269252,0.24567728623204244,7.608219432530528
263.62514914743906,-0.14737628010478104,-2.4499297030678338,0.24564095796380966,7.588932478505552
263.62514914743906,0.14737628010391593,-2.4499297030671814,0.2456409579650359,7.628541944959941
263.9105248644104,-4.579998741307465e-13,-2.45017169747773,0.24342901875753895,7.558579411048767
263.91052486441043,0.14720794335925133,-2.449880293430098,0.24339290545013317,7.578884145759519
263.9105248644105,-0.14720794336011644,-2.4498802934295645,0.24339290545019196,7.53931992209426
264.19342898348225,-0.1470341057575327,-2.449840541538546,0.2410864181959349,7.490177422101944
264.19342898348225,-4.579998741307465e-13,-2.4501311493705495,0.24112229262228707,7.509408828831006
264.1934289834823,0.14703410575661668,-2.4498405415389666,0.2410864181957163,7.529694924547345
264.47387059019127,-4.579998741307465e-13,-2.4500999673301513,0.23875925999323394,7.460706210344709
264.4738705901913,-0.1468548038924411,-2.4498101850794534,0.2387236471258798,7.441503497332365
264.4738705901913,0.14685480389157599,-2.4498101850795955,0.23872364712571592,7.480972809962709
264.75187264799274,-4.579998741307465e-13,-2.4500778871145457,0.2363419944078399,7.412467624572927
264.7518726479928,0.146670069746464,-2.449788959115437,0.2363066645656963,7.432713874882416
264.7518726479928,-0.1466700697473291,-2.449788959116245,0.23630666456507313,7.393294212066689
265.02744644649954,-4.579998741307465e-13,-2.4500646431005726,0.23387250807973495,7.364691125519485
265.0274464464996,-0.146479946692851,-2.449776597325746,0.23383748154131348,7.345547613995274
265.0274464464996,0.14647994669198589,-2.449776597324005,0.23383748154295647,7.3849161786532465
265.3006142000731,0.14628447431581879,-2.4497728327959587,0.2313180334974645,7.337575846161922
265.3006142000731,-0.1462844743166839,-2.4497728327972332,0.23131803349591723,7.29825981736513
265.3006142000731,-4.579998741307465e-13,-2.450059969078475,0.23135273759915678,7.317372832955983
265.5713959008471,-4.579998741307465e-13,-2.450063599174046,0.22878454716976926,7.270509217131862
265.5713959008471,-0.14608369674329902,-2.4497773989589002,0.22875018351282142,7.251427286354812
265.57139590084716,0.1460836967424339,-2.449777398959666,0.2287501835128382,7.290689353445962
265.8398119372517,-0.14587766068176264,-2.4497900303466773,0.22613573825250444,7.205046383238126
265.8398119372517,-4.579998741307465e-13,-2.4500752686181957,0.226169744545904,7.224096646636814
265.83981193725174,0.14587766068084662,-2.449790030348518,0.22613573825186564,7.244253075332856
266.10588410148733,-4.579998741307465e-13,-2.450094714388467,0.223510071626544,7.178131216763624
266.1058841014874,-0.1456664143716748,-2.44981046324318,0.22347643855433985,7.159113196899434
266.1058841014874,0.14566641437080968,-2.449810463244471,0.22347643855435406,7.1982631136720014
266.3696354972071,-4.579998741307465e-13,-2.4501216757907,0.2208072095630625,7.132608768490417
266.3696354972072,0.14545000728898083,-2.449838436261696,0.22077396454242712,7.152715316270646
266.36963549720724,-0.14545000728984595,-2.449838436260868,0.22077396454226167,7.113623561848472
266.63108798131134,-4.579998741307465e-13,-2.45015589487581,0.21806278826318962,7.087525332328194
266.63108798131134,-0.14522849199496762,-2.449873690759538,0.21802994512412893,7.068573501779796
266.6310879813114,0.1452284919941025,-2.4498736907588734,0.21802994512511356,7.107605720949175
266.8902640800386,-0.14500192241800078,-2.4499159716126107,0.21524593755588253,7.0239589006818886
266.8902640800386,-4.579998741307465e-13,-2.4501971171986545,0.21527836595063768,7.042876799175973
266.89026408003866,0.14500192241713566,-2.449915971610011,0.21524593755827637,7.06293022619075
267.14719372530294,0.1447703474374044,-2.4499650274029654,0.2124234448882356,7.018683433821878
267.14719372530294,-4.579998741307465e-13,-2.450245092022559,0.2124554466076618,6.998657763782026
267.147193725303,-0.14477034743826953,-2.449965027404901,0.21242344488655548,6.979774347244329
267.401892812506,-0.14453382990999727,-2.450020610597155,0.20956392960001352,6.936016824793196
267.401892812506,-4.579998741307465e-13,-2.4502995724844188,0.20959549362999463,6.954865217521803
267.40189281250605,0.14453382990913216,-2.450020610596559,0.20956392960038142,6.9748623440614725
267.65439443828706,-4.0711099922733015e-13,-2.450360316598509,0.20669989251891652,6.911493175154743
267.6543944382871,-0.14429241812692986,-2.450082478549016,0.2066687763206811,6.892680342284894
267.6543944382871,0.14429241812606475,-2.4500824785484387,0.20666877632101466,6.931460978845561
267.9047217386784,-0.14404617039275658,-2.4501503929494053,0.2037393343491986,6.849760605364002
267.9047217386784,-4.0711099922733015e-13,-2.450427086714691,0.20376999342191143,6.868537349539196
267.90472173867846,0.14404617039189146,-2.450150392947852,0.20373933435055602,6.888475059488552
268.1528964309452,-4.0711099922733015e-13,-2.45049964967773,0.20080711398400947,6.825993681055031
268.15289643094525,-0.143795147483959,-2.450224119983815,0.20077692050949517,6.807253546911313
268.15289643094525,0.14379514748309388,-2.4502241199832366,0.2007769205100821,6.845900535205725
268.3989481319465,-4.0711099922733015e-13,-2.450577778003791,0.19781249662523895,6.783856742758034
268.3989481319465,0.14353940288744169,-2.450303431534264,0.19778277643024056,6.803731987058041
268.39894813194655,-0.1435394028883068,-2.4503034315348913,0.19778277642942227,6.765153733612274
268.6429023546195,-4.0711099922733015e-13,-2.450661249423217,0.19478733844273402,6.742121801081378
268.64290235461954,-0.14327899453891652,-2.450388104703383,0.19475809844408787,6.723456424935534
268.64290235461954,0.14327899453805143,-2.4503881047031353,0.19475809844484765,6.761964690084426
268.88478515718185,-4.0711099922733015e-13,-2.45074984671644,0.19173280305932072,6.700784019400634
268.8847851571819,0.14301398009074615,-2.450477921645295,0.1917040494411608,6.720593816284392
268.8847851571819,-0.14301398009156036,-2.4504779216438046,0.19170404944178798,6.682156777384891
269.1246222897052,-4.0711099922733015e-13,-2.450843357708146,0.18865002147012622,6.659838605367712
269.12462228970526,-0.14274441768662519,-2.4505726695655827,0.18862175970368955,6.641249991718141
269.12462228970526,0.14274441768581095,-2.450572669566274,0.1886217597038249,6.679614582041755
269.36243675261613,0.1424703687123786,-2.450672141272653,0.18551231360620088,6.639022665527815
269.36243675261613,-0.1424703687131928,-2.450672141271822,0.18551231360634687,6.6007317296074834
269.36243675261613,-4.0711099922733015e-13,-2.4509415758126964,0.1855400787334117,6.61928122796816
269.5982589555014,-4.0711099922733015e-13,-2.4510443007680185,0.18240399412989744,6.579106286409768
269.5982589555015,0.14219188593646181,-2.4507761359149924,0.1823767297769914,6.598812474088732
269.5982589555015,-0.14219188593732693,-2.4507761359148064,0.18237672977674352,6.560596384217529
269.83211508406714,-4.0711099922733015e-13,-2.4511513370599083,0.17924277075816145,6.539308896563439
269.83211508406714,-0.1419090265615834,-2.4508844573942214,0.17921601068197043,6.520839064773021
269.83211508406714,0.1419090265607183,-2.4508844573939697,0.17921601068247064,6.558979132323207
270.0640254810039,-4.0711099922733015e-13,-2.451262494343576,0.17605738649530636,6.499885163258595
270.0640254810039,0.1416218547421775,-2.4509969147831447,0.1760311335893854,6.519518754708544
270.06402548100397,-0.14162185474299172,-2.4509969147829676,0.17603113358937197,6.481455868508248
270.29402249456473,-4.0711099922733015e-13,-2.451377588592309,0.17284875842105163,6.460829146639944
270.2940224945648,-0.14133041945262861,-2.451113323499026,0.17282301499713437,6.442440850147028
270.2940224945648,0.1413304194518144,-2.4511133234989346,0.17282301499729835,6.480425409130164
270.52212740707466,-4.0711099922733015e-13,-2.451496440539743,0.1696177877639562,6.422136785575765
270.5221274070747,-0.1410347828728317,-2.4512335037158888,0.16959255557485212,6.40378994129747
270.5221274070747,0.14103478287201746,-2.4512335037159887,0.16959255557473726,6.44169504390848
270.74836586371396,-0.1407350012294466,-2.4513572811009405,0.16634062261594854,6.365498330989577
270.74836586371396,-4.0711099922733015e-13,-2.4516188763995967,0.16636534235363862,6.383803275492388
270.74836586371396,0.14073500122863236,-2.451357281101211,0.16634062261567037,6.403322863184957
270.9727652896358,-0.14043112759819584,-2.4514844873462054,0.1630680331258996,6.32756090710476
270.9727652896358,-4.0711099922733015e-13,-2.451744728388882,0.16309223970854653,6.345823510209413
270.97276528963584,0.14043112759738163,-2.4514844873459776,0.1630680331261127,6.365303769105742
271.19534977848576,-4.0711099922733015e-13,-2.4518738334733534,0.1597992810049115,6.308192948123039
271.19534977848576,0.1401232186963081,-2.4516149588921876,0.15977558779127365,6.327633228880354
271.1953497784858,-0.1401232186971223,-2.4516149588932064,0.1597755877903107,6.289973121608777
271.41614356374606,-4.0711099922733015e-13,-2.4520060335251896,0.15648724594972876,6.270907023966616
271.4161435637461,-0.1398113303291342,-2.4517485370985006,0.15646406584515027,6.252730402949025
271.4161435637462,0.13981133032832,-2.451748537099263,0.15646406584447636,6.290306685953878
271.6351709934395,-4.0711099922733015e-13,-2.4521411757089973,0.15315688139661765,6.233961153955069
271.63517099343954,-0.1394955173134069,-2.4518850686263143,0.15313421369225616,6.215828161205201
271.63517099343954,0.1394955173125927,-2.4518850686271483,0.15313421369138597,6.253319565139434
271.85245650588035,-4.0711099922733015e-13,-2.452279112415144,0.14980890224794818,6.1973507406956365
271.8524565058804,-0.1391758334229932,-2.4520244053764,0.14978674580584767,6.17926179300571
271.8524565058804,0.13917583342217899,-2.4520244053750995,0.1497867458067446,6.216667277517602
272.0680246064571,-4.0711099922733015e-13,-2.4524197011950073,0.14644399233758115,6.161071177869527
272.0680246064571,0.1388523313274715,-2.4521664044198728,0.14642234561383988,6.18034522510801
272.0680246064571,-0.1388523313283366,-2.4521664044208102,0.14642234561343584,6.143026686214313
272.2818998454277,-4.0711099922733015e-13,-2.4525628043111287,0.14306281339971788,6.125117854689896
272.28189984542774,0.1385250625454665,-2.452310927555811,0.1430416744580542,6.144348805317892
272.28189984542774,-0.13852506254628072,-2.4523109275574595,0.14304167445721516,6.107118224392415
272.4941047882329,0.13819408055624954,-2.452457840392103,0.13964539049972235,6.108673752638844
272.4941047882329,-4.0711099922733015e-13,-2.4527082878386848,0.13966602396862496,6.089486497188983
272.49410478823296,-0.13819408055706378,-2.452457840394705,0.1396453904982872,6.071532127658098
272.7046596600959,-4.0711099922733015e-13,-2.452856023224235,0.13625424487032478,6.054173226463977
272.70465966009596,-0.1378594415989483,-2.452607013925347,0.1362341142106886,6.036264510826309
272.70465966009596,0.1378594415980832,-2.452607013923289,0.136234114211485,6.073316197000564
272.91359389475497,-4.0711099922733015e-13,-2.453005886783125,0.1328280637596806,6.019172623451836
272.913593894755,0.1375211860802454,-2.452758324033415,0.13280843291506256,6.038270726081025
272.913593894755,-0.13752118608105962,-2.4527583240357393,0.13280843291399144,6.0013099507145435
273.12092255500215,0.1371793763779426,-2.4529116506270077,0.1293689237960813,6.003534342970247
273.12092255500215,-4.0711099922733015e-13,-2.453157758850007,0.12938805814575027,5.984481681587036
273.1209225550022,-0.13717937637875682,-2.45291165063058,0.12936892379382875,5.96666543364863
273.3266762135601,-4.0711099922733015e-13,-2.453311523925998,0.12593478700404945,5.950094802273442
273.3266762135602,0.1368340483107852,-2.4530668777886415,0.12591614553080616,5.969101455202514
273.3266762135602,-0.13683404831159943,-2.4530668777907674,0.12591614552980732,5.932325357535918
273.53086722349354,-4.0711099922733015e-13,-2.4534670701813495,0.12246880183003878,5.916009437785871
273.53086722349354,-0.13648526689592638,-2.453223893269412,0.1224506493245369,5.898287167195927
273.53086722349354,0.13648526689511217,-2.453223893269248,0.12245064932388365,5.9349695250713586
273.7335248366798,-4.0711099922733015e-13,-2.453624291487568,0.11899060184386637,5.8822202218962305
273.7335248366798,-0.13613306744530917,-2.4533825905533084,0.11897293412932379,5.864545492968973
273.7335248366798,0.13613306744454584,-2.4533825905514095,0.11897293413037607,5.901133192408072
273.9346693111679,-4.0711099922733015e-13,-2.4537830852192855,0.11550067414941946,5.848723296468762
273.93466931116797,-0.13577749915743267,-2.4535428666276196,0.11548348679832786,5.831096471405158
273.93466931116797,0.13577749915661846,-2.4535428666269627,0.11548348679827009,5.867588606985263
274.13431942225253,-4.0711099922733015e-13,-2.4539433508990394,0.11199952865603391,5.815515054389542
274.13431942225253,0.13541861278911518,-2.453704620626065,0.11198281699271388,5.834332169808176
274.1343194222526,-0.13541861278992942,-2.453704620627461,0.11198281699208194,5.797936489867938
274.33249530808314,-4.0711099922733015e-13,-2.454104992797351,0.10848763799371017,5.782591666042418
274.33249530808314,-0.1350564555909315,-2.453867756450388,0.10847139711256928,5.765061713691438
274.3324953080832,0.13505645559011725,-2.453867756446249,0.10847139711579545,5.801360058909465
274.52921947104585,-4.0711099922733015e-13,-2.454267919746006,0.10496543800955178,5.749948915016129
274.5292194710459,0.13469106917344237,-2.454032182567966,0.10494966280120172,5.7686680647654605
274.5292194710459,-0.13469106917425658,-2.4540321825700415,0.10494966279974685,5.7324679221677
274.72451179986473,0.134322498589841,-2.4541978106500473,0.10141804156190214,5.736252418774322
274.72451179986473,-4.0711099922733015e-13,-2.454432043752852,0.10143335641577969,5.717583025363316
274.7245117998648,-0.13432249859060433,-2.4541978106503115,0.10141804156198535,5.700151334586959
274.9183921033229,-0.1339507877801264,-2.454364555516663,0.09787695315756995,5.6681081894519645
274.9183921033229,0.13395078777936306,-2.4543645555172153,0.09787695315682363,5.704109371248289
274.9183921033229,-4.0711099922733015e-13,-2.454597279987357,0.09789181315669683,5.6854902402040555
275.1108801018788,-4.0711099922733015e-13,-2.454763546424369,0.0943412241199133,5.653666823391981
275.1108801018789,-0.13357597956006062,-2.4545323348064385,0.0943268132980406,5.636334746144671
275.1108801018789,0.13357597955924638,-2.4545323348070314,0.0943268132972771,5.672235193076999
275.3019923799605,-0.13319812167048184,-2.454701069167296,0.09076803018826844,5.604827787320148
275.3019923799605,-4.0711099922733015e-13,-2.454930764045583,0.09078199767487183,5.622109562713495
275.30199237996055,0.1331981216696676,-2.45470106916896,0.09076803018652027,5.640626679746298
275.4917493797304,-4.0711099922733015e-13,-2.455098858263725,0.087214502770198,5.590814614328358
275.49174937973044,0.13281725306412667,-2.454870683701521,0.08720097262569997,5.609279993920202
275.49174937973044,-0.1328172530649409,-2.45487068369962,0.08720097262764548,5.573583465173122
275.6801714068265,-0.13243341149280524,-2.4550411073517826,0.08362597853894194,5.542597962179264
275.6801714068265,0.1324334114920419,-2.455041107351837,0.08362597853870267,5.578191328219986
275.6801714068265,-4.0711099922733015e-13,-2.455267758319387,0.08363907746877625,5.559778164525186
275.86727777062595,-4.0711099922733015e-13,-2.455437394065391,0.08005609360706126,5.528996571247837
275.867277770626,-0.13204663527573854,-2.455212269667181,0.08004341963085554,5.511867632385365
275.867277770626,0.13204663527492433,-2.45521226966726,0.08004341963058474,5.547357046991877
276.0530790254181,-0.13165697981213337,-2.455384103019997,0.0764536629687527,5.481390272567878
276.0530790254181,-4.0711099922733015e-13,-2.455607698181853,0.07646591837469975,5.498467637435915
276.0530790254182,0.13165697981137003,-2.4553841030187784,0.07645366296962201,5.5167749619013975
276.23760154618924,-4.0711099922733015e-13,-2.455778608122151,0.07286886287943706,5.468186571857976
276.2376015461893,0.13126446621303586,-2.4555565445916443,0.072857019557071,5.4864402857617005
276.2376015461893,-0.1312644662137992,-2.4555565445931413,0.07285701955609347,5.451161089865886
276.42085704831385,-0.13086914511124817,-2.455729533509101,0.06925380276371264,5.421177702401424
276.42085704831385,0.13086914511043396,-2.4557295335091074,0.06925380276315071,5.456350650302402
276.42085704831385,-4.0711099922733015e-13,-2.455950063285894,0.06926524059245084,5.438150998178821
276.60286682184574,-4.0711099922733015e-13,-2.4561220048368186,0.0656553734627186,5.408356975658929
276.6028668218458,0.13047104545455054,-2.4559030106616846,0.06564433444957828,5.426502119879983
276.6028668218458,-0.13047104545531388,-2.455903010662425,0.06564433444947995,5.391436166750046
276.7836426187424,-4.0711099922733015e-13,-2.4562943770525427,0.062039561517937034,5.378802132000465
276.7836426187425,0.1300702157169372,-2.4560769200641333,0.06202891455993174,5.396892329957301
276.7836426187425,-0.13007021571770053,-2.4560769200651076,0.062028914559497605,5.361934105347186
276.9632069906605,-4.0711099922733015e-13,-2.456467127014728,0.05841808610922142,5.349482335055122
276.9632069906606,0.12966667928500125,-2.4562512085488772,0.058407824378455285,5.367517152702069
276.9632069906606,-0.12966667928576459,-2.456251208548999,0.05840782437859951,5.332667384074953
277.1415711045627,-4.0711099922733015e-13,-2.4566402028604353,0.05479124390742674,5.320395319654392
277.14157110456273,0.12926048366951237,-2.4564258240008248,0.054781360505279625,5.338374330562422
277.14157110456273,-0.1292604836702757,-2.4564258240000636,0.05478136050606473,5.3036337326123295
277.31875215289244,-4.0711099922733015e-13,-2.456813555822661,0.05115931081022416,5.291537842289183
277.3187521528925,0.12885166175664256,-2.456600717411872,0.051149798782769824,5.309460625632742
277.3187521528925,-0.1288516617574059,-2.4566007174108817,0.051149798783688534,5.274829904215081
277.49476784547903,-4.0711099922733015e-13,-2.456987140392881,0.04752252759587923,5.2629065829417225
277.4947678454791,0.12844024383743488,-2.4567758430443845,0.04751337994966624,5.280772723131997
277.4947678454791,-0.12844024383819821,-2.4567758430448117,0.04751337994919954,5.2462525759611
277.66963297410933,0.1280262656925697,-2.456951156204663,0.043872358508745816,5.252307791014378
277.66963297410933,-3.562221243239139e-13,-2.4571609121004356,0.04388114881128552,5.234498703582846
277.6696329741094,-0.12802626569333303,-2.4569511562046733,0.04387235850858131,5.217898906188038
277.84336222808633,-3.562221243239139e-13,-2.4573348280282823,0.04023543233653896,5.206311388821593
277.8433622280864,0.12760976221659942,-2.45712661375439,0.040226992302571644,5.224063019742954
277.8433622280864,-0.12760976221736275,-2.457126613753165,0.04022699230358572,5.189766075980594
278.0159701917225,-3.562221243239139e-13,-2.4575088473752915,0.036585625429669824,5.178341846395882
278.01597019172254,0.12719076741916982,-2.4573021746713994,0.036577528565703454,5.19603562278004
278.01597019172254,-0.12719076741993315,-2.457302174670821,0.03657752856627181,5.161851289660549
278.18747134198816,-3.562221243239139e-13,-2.4576829313901136,0.03293196501455263,5.150587307628156
278.1874713419882,0.126769314426852,-2.4574777999965867,0.0329242042001576,5.168222837042791
278.1874713419882,-0.12676931442756445,-2.4574777999957105,0.032924204201148395,5.134151775241871
278.35788004631075,-3.562221243239139e-13,-2.4578570432966216,0.029274677972195375,5.123045027847376
278.3578800463108,-0.126345435486552,-2.4576534527500384,0.029267246075203205,5.1066647848518665
278.3578800463108,0.12634543548583957,-2.457653452750465,0.029267246074370167,5.140621923325105
278.5272105605196,-3.562221243239139e-13,-2.458031148225193,0.025613981422441263,5.09571228677846
278.5272105605196,0.12591916196576522,-2.4578290978677964,0.02560687130147315,5.113230166687333
278.5272105605197,-0.12591916196647768,-2.4578290978683417,0.025606871301735654,5.079387595119875
278.6954770269317,-3.562221243239139e-13,-2.4582052131561927,0.021950082990067437,5.068586388900412
278.6954770269317,-0.12549052436458613,-2.4580047021406424,0.02194328750629545,5.05231750753456
278.69547702693177,0.1254905243638737,-2.458004702141253,0.021943287504822405,5.086044876814652
278.8626934725736,0.1250595523101615,-2.458180234160589,0.018276693083288845,5.059063388345543
278.8626934725736,-0.12505955231087396,-2.4581802341599697,0.01827669308474969,5.025451848770939
278.8626934725736,-3.562221243239139e-13,-2.4583792068622645,0.018283181067922278,5.041664663774336
279.0288738075353,0.12462627457312742,-2.4583556642423017,0.014607277481651325,5.0322830611712375
279.0288738075353,-3.562221243239139e-13,-2.4585530998319722,0.014613465093131547,5.014944466342392
279.0288738075353,-0.12462627457383986,-2.4583556642431916,0.014607277481646384,4.998787970988362
279.19403182345155,-3.562221243239139e-13,-2.4587268637231876,0.010941125307265074,4.9884231771988095
279.19403182345155,-0.12419071906669331,-2.458530963874103,0.010935230955514628,4.972323252100489
279.1940318234516,0.12419071906598086,-2.4585309638709547,0.01093523095769662,5.005701280707436
279.35817950081565,-3.562221243239139e-13,-2.4589004702847825,0.007266374332544023,4.96209847389293
279.3581795008157,-0.1237529173905605,-2.4587061046174385,0.007260766151186759,4.946055366488752
279.3581795008157,0.12375291738979717,-2.4587061046142757,0.007260766153542936,4.979315729828805
279.52132665207273,0.12331290605836186,-2.458881060560393,0.0035840739432324506,4.953124444410102
279.52132665207273,-3.562221243239139e-13,-2.4590738937706558,0.003589403023431959,4.935968386297952
279.5213266520728,-0.1233129060590743,-2.4588810605616223,0.0035840739423983487,4.919982340214393
279.6834912509384,-3.562221243239139e-13,-2.4592471114474694,-8.96415601812948e-05,4.910029643345478
279.68349125093846,-0.12287069848730546,-2.4590558088295276,-9.469857752433274e-05,4.89410090138391
279.6834912509385,0.12287069848659302,-2.459055808830046,-9.46985779849534e-05,4.927124156163266
279.84468309770403,-3.562221243239139e-13,-2.45942009989259,-0.003770579842464424,4.884280289358535
279.8446830977041,0.12242632903394653,-2.459230325841082,-0.003775371801488219,4.901312915095857
279.8446830977041,-0.12242632903465897,-2.4592303258413106,-0.0037753718019736646,4.8684090907702755
280.00491267135254,-3.562221243239139e-13,-2.4595928375371114,-0.007453239414108154,4.858718264324955
280.0049126713526,0.12197982941284256,-2.4594045898756614,-0.007457773285205346,4.875688666505379
280.0049126713526,-0.12197982941355501,-2.459404589877622,-0.007457773287458421,4.842904845147896
280.1641967113433,-0.12153121277159241,-2.459578580621874,-0.01114174756306714,4.817585111452664
280.1641967113433,-3.562221243239139e-13,-2.4597653042090357,-0.011137464853468487,4.833340516000718
280.16419671134344,0.12153121277087997,-2.4595785806223898,-0.011141747562963506,4.850248360861302
280.32254016992914,-3.562221243239139e-13,-2.459937480371056,-0.0148230882047708,4.808145876342691
280.3225401699292,0.12108052438378897,-2.4597522783917927,-0.014827126634588189,4.824990837305339
280.3225401699292,-0.12108052438450141,-2.4597522783890406,-0.014827126632673309,4.7924487166578125
280.47996146591794,0.12062777039299163,-2.459925665678923,-0.01851376897739571,4.799912791177976
280.47996146591794,-3.562221243239139e-13,-2.460109348644164,-0.018509967997052592,4.783131038973605
280.479961465918,-0.12062777039370408,-2.459925665676241,-0.018513768975492388,4.767492354453265
280.63646687272677,-3.562221243239139e-13,-2.4602808917181376,-0.02219794947018715,4.758294635201813
280.6364668727268,-0.12017299059603083,-2.4600987250340367,-0.022201519780457788,4.742714651857357
280.6364668727268,0.12017299059531839,-2.4600987250363886,-0.022201519782094094,4.775012860193485
280.7920697327006,-3.562221243239139e-13,-2.4604520945780566,-0.025886899237985053,4.733634178230073
280.79206973270067,0.11971620354887322,-2.4602714413243807,-0.025890245603318335,4.750288560987689
280.79206973270067,-0.11971620354958566,-2.4602714413218356,-0.025890245601445996,4.718113120518188
280.9467834400659,-3.562221243239139e-13,-2.4606229422820793,-0.029576680179139534,4.709147180560059
280.94678344006593,-0.11925742642483474,-2.4604437994822033,-0.029579809261961992,4.693685271551663
280.946783440066,0.11925742642412229,-2.4604437994835155,-0.029579809262885053,4.725737409291264
281.1006122622181,-3.562221243239139e-13,-2.460793419613101,-0.033267122685435795,4.684832603993205
281.10061226221814,0.11879670261416193,-2.460615784161081,-0.033270041096898614,4.701358373794242
281.10061226221814,-0.11879670261487438,-2.4606157841610448,-0.03327004109690747,4.669430061985294
281.25357176671895,-3.562221243239139e-13,-2.4609635150472977,-0.03695811661963029,4.660687627823641
281.253571766719,0.11833404099111124,-2.4607873837268595,-0.03696083089860922,4.6771486358433485
281.253571766719,-0.11833404099182368,-2.4607873837270007,-0.03696083089861427,4.645344670781352
281.4056726240851,-3.562221243239139e-13,-2.4611332178653855,-0.04064956317868794,4.636710212473329
281.4056726240852,0.11786946393360738,-2.4609585873584128,-0.04065207979496003,4.653106159793132
281.4056726240852,-0.11786946393431982,-2.4609585873585913,-0.0406520797948244,4.621427056279822
281.55692456985,-3.562221243239139e-13,-2.4613025160058664,-0.0443413170424537,4.61289847109224
281.55692456985,-0.11740299576775393,-2.461129382881075,-0.044343642400347355,4.5976753292902846
281.5569245698501,0.11740299576704148,-2.4611293828789966,-0.044343642399008225,4.6292290629909285
281.7073350945776,-3.562221243239139e-13,-2.461471398146429,-0.04803322961457548,4.589250874478352
281.7073350945776,0.1169346669925767,-2.4612997588518306,-0.04803537004744852,4.605515821290485
281.70733509457773,-0.11693466699323825,-2.4612997588535257,-0.04803537004824899,4.574087957468844
281.85691537702405,-3.562221243239139e-13,-2.4616398553902816,-0.05172518860839419,4.565765317855565
281.85691537702405,0.11646449587372135,-2.461469706275556,-0.051727150373567746,4.581964333249147
281.85691537702405,-0.1164644958743829,-2.4614697062756297,-0.051727150372908336,4.55066283446436
282.00567620793356,-0.1159925008776919,-2.4616392173409825,-0.05541888762771343,4.527397920997833
282.00567620793356,-3.562221243239139e-13,-2.4618078800170315,-0.05541709835001081,4.542439763554726
282.00567620793356,0.11599250087697946,-2.4616392173401773,-0.05541888762752592,4.558572564551086
282.1536269865463,-3.562221243239139e-13,-2.4619754643524194,-0.059108850412584485,4.519272397712669
282.1536269865463,-0.11551870395118079,-2.461808284280806,-0.059110473307924974,4.504291401140916
282.1536269865463,0.11551870395051922,-2.4618082842804987,-0.05911047330793302,4.535338705166772
282.3007770301982,-3.562221243239139e-13,-2.462142601230013,-0.06280033320682565,4.496261424227227
282.3007770301983,0.11504312647097589,-2.461976899833873,-0.0628017957436729,4.512260962739974
282.3007770301983,-0.11504312647168834,-2.461976899833411,-0.06280179574321682,4.481341476792094
282.4471355742352,-3.562221243239139e-13,-2.462309284258183,-0.06649143983343156,4.473405064757158
282.4471355742352,-0.11456578925006729,-2.462145057516148,-0.06649274795190725,4.458546367675994
282.44713557423523,0.11456578924940573,-2.46214505751694,-0.06649274795248462,4.48933756258852
282.59271177196007,-3.562221243239139e-13,-2.4624755078022567,-0.07018206797369846,4.450701558714606
282.59271177196007,0.11408671253683296,-2.4623127516091703,-0.07018322753308893,4.4665667476975175
282.5927117719601,-0.11408671253749451,-2.462312751608843,-0.07018322753304279,4.4359043113349355
282.73751469461075,0.11360591603061082,-2.462479977121173,-0.07387313654476575,4.443946778705548
282.73751469461075,-3.562221243239139e-13,-2.4626412669551336,-0.07387211977092739,4.428149163250437
282.73751469461075,-0.11360591603127237,-2.46247997712063,-0.07387313654457647,4.413413563113613
282.88155333136854,-3.562221243239139e-13,-2.462806557510047,-0.0775615017153258,4.405746153232685
282.88155333136854,-0.11312341888088451,-2.4626467297650194,-0.07756238139064295,4.391072396136725
282.8815533313686,0.11312341888022295,-2.462646729764633,-0.07756238138982667,4.421475933883986
283.02483658939514,-0.11263923969461134,-2.462813004979554,-0.08125085457141827,4.368879101280097
283.02483658939514,-3.053332494204976e-13,-2.4629713749891615,-0.08125010639578922,4.3834908212185155
283.02483658939514,0.11263923969394979,-2.46281300497944,-0.08125085457059246,4.399152509109911
283.16737050633367,-3.053332494204976e-13,-2.463135715331437,-0.08493782094432356,4.361381909515437
283.16737050633367,-0.22430736101483245,-2.4625080349401056,-0.0849402945753325,4.333326757249637
283.1673705063337,-0.11215340608796241,-2.462978798619834,-0.08493844313373722,4.346832418009143
283.1673705063337,0.11215340608735175,-2.4629787986226392,-0.08493844313538793,4.376975251270749
283.1673705063337,0.2243073610141709,-2.4625080349403707,-0.08494029457494379,4.393612455784958
283.3091651572955,-3.053332494204976e-13,-2.4632995766381214,-0.08862456823658264,4.339417538034044
283.3091651572956,0.11166593125235187,-2.463144108724186,-0.08862506986585732,4.354942282821384
283.3091651572956,0.22333241841339918,-2.4626776916940205,-0.08862655937290588,4.371504714104097
283.3091651572956,-0.11166593125301343,-2.4631441087196837,-0.08862506986275916,4.324930465233224
283.30916515729564,-0.22333241841406073,-2.462677691692306,-0.08862655937189179,4.311481043516224
283.45023001768874,-0.1111768295064842,-2.463308934335986,-0.09231067619985305,4.303171460470179
283.45023001768874,-3.053332494204976e-13,-2.463462958027443,-0.09231028980712325,4.317595925445303
283.4502300176888,-0.2223542220138428,-2.4628468502585603,-0.09231181978004398,4.289778407893449
283.4502300176888,0.11117682950582265,-2.4633089343381256,-0.09231067620075216,4.33305182512751
283.4502300176888,0.22235422201318125,-2.4628468502597025,-0.09231181978075301,4.349539176017333
283.5905736772244,-3.053332494204976e-13,-2.463625857957272,-0.09599490508763339,4.295915432755988
283.5905736772245,-0.11068611737784469,-2.463473273861654,-0.09599518148649155,4.281553763283011
283.5905736772245,-0.22137280487266045,-2.463015508837499,-0.09599599487163916,4.268217210055779
283.5905736772245,0.11068611737718312,-2.4634732738609437,-0.09599518148488408,4.31130224219463
283.5905736772245,0.2213728048719989,-2.4630155088357797,-0.09599599487011157,4.32771421008394
283.73020278689216,-0.1101938174621624,-2.4636371245280877,-0.09967847074863728,4.260076036250246
283.73020278689216,0.11019381746150085,-2.463637124528782,-0.09967847074859279,4.2896922026739865
283.73020278689216,-3.053332494204976e-13,-2.4637882737426704,-0.09967829919963454,4.274374724771362
283.7302027868922,-0.22038821218054705,-2.463183664416069,-0.09967896939206901,4.246796111974619
283.7302027868922,0.2203882121798855,-2.463183664415434,-0.09967896939204075,4.306028490420605
283.869122705848,0.10969995638948384,-2.463800485502329,-0.10336045294412433,4.268220577998535
283.869122705848,0.2194004971975955,-2.463351315948731,-0.10336065202338822,4.284480894528368
283.869122705848,-3.053332494204976e-13,-2.4639502046168054,-0.1033603811891386,4.252972668515913
283.869122705848,-0.1096999563900945,-2.463800485502347,-0.10336045294439249,4.238737143647482
283.869122705848,-0.21940049719825705,-2.463351315951118,-0.1033606520245441,4.225513976836603
284.00734610047397,-0.10920453406510477,-2.4639633581940488,-0.1070410858247802,4.217534832011351
284.007346100474,-3.053332494204976e-13,-2.464111652036171,-0.10704110890500565,4.231707009863703
284.0073461004741,0.10920453406449411,-2.463963358195913,-0.10704108582677099,4.246885114678939
284.0073461004741,-0.2184096597327181,-2.4635184647190775,-0.10704100023313153,4.204368553140448
284.0073461004741,0.2184096597320565,-2.4635184647166044,-0.10704100023232693,4.263069170853974
284.1448788916374,-0.10870757357608644,-2.4641257418059475,-0.11072028034517102,4.196467889076153
284.1448788916374,0.10870757357542489,-2.4641257418097053,-0.11072028034928671,4.225684606654993
284.1448788916374,-3.053332494204976e-13,-2.464272615270461,-0.11072039339693944,4.210576538858807
284.14487889163746,-0.2174157459614112,-2.463685109721042,-0.11071992468888553,4.183358627896964
284.1448788916375,0.21741574596074964,-2.4636851097213106,-0.11071992469087878,4.241792118818905
284.28172538152495,-3.053332494204976e-13,-2.464433094900943,-0.11439814820707181,4.189580296599304
284.281725381525,0.10820910342727233,-2.4642876368573883,-0.11439794995847043,4.20461809967819
284.281725381525,-0.108209103427883,-2.4642876368554067,-0.11439794995582563,4.175535352932346
284.281725381525,0.21641881289305656,-2.4638512512787942,-0.11439733856461622,4.220648790473977
284.281725381525,-0.2164188128936672,-2.463851251277627,-0.1143973385616266,4.16248323783506
284.41789935157186,-3.053332494204976e-13,-2.46459309230368,-0.1180743134551848,4.168715874334357
284.4178993515719,0.2154188470141134,-2.4640168905768296,-0.11807318157700794,4.199636777589485
284.4178993515719,-0.10770911686311342,-2.4644490446699567,-0.11807403467603754,4.154734816321454
284.4178993515719,-0.21541884701472405,-2.464016890576477,-0.11807318157464952,4.141739978357394
284.4178993515719,0.10770911686245187,-2.464449044671369,-0.11807403467830899,4.18368318467389
284.5534005561423,0.10720765781164984,-2.4646099661716825,-0.12174845202101744,4.162879614076105
284.5534005561423,0.21441593618447868,-2.464182028345319,-0.12174737096818117,4.178755841239772
284.5534005561423,-0.21441593618514024,-2.4641820283458475,-0.12174737096666688,4.121128586924736
284.5534005561423,-3.053332494204976e-13,-2.4647526084649822,-0.12174880674672128,4.1479830176822245
284.5534005561423,-0.1072076578123114,-2.4646099661720933,-0.12174845202018211,4.134066019870529
284.6882431979526,0.10670471630670257,-2.4647704034563827,-0.12542113841767458,4.142204924364965
284.6882431979526,-3.053332494204976e-13,-2.464911645526705,-0.12542156461113066,4.127379263913348
284.68824319795266,-0.10670471630731324,-2.4647704034578166,-0.12542113841754018,4.113526502738791
284.68824319795266,-0.21341006046869015,-2.464346666543453,-0.1254198428656928,4.100646605683681
284.68824319795266,0.21341006046802857,-2.464346666543272,-0.12541984286741525,4.158003518213236
284.82242868813,-3.053332494204976e-13,-2.4650702058535683,-0.12909252652365816,4.106904110821203
284.82242868813,0.21240129349984552,-2.4645108073276347,-0.12909053638077408,4.137379319613392
284.82242868813,-0.10620032916596547,-2.464930358839911,-0.12909203325108967,4.0931157586257205
284.82242868813,0.10620032916535481,-2.4649303588383433,-0.1290920332511967,4.121658619135234
284.82242868813006,-0.21240129350045617,-2.46451080732781,-0.1290905363791654,4.080293525947443
284.9559693158159,0.10569449184338271,-2.46508983439327,-0.1327610631340311,4.101238539011567
284.9559693158159,-3.053332494204976e-13,-2.4652282915734287,-0.13276161919984794,4.086555399069512
284.95596931581593,-0.21138962619193974,-2.464674452624872,-0.13275937781618466,4.060067191887688
284.95596931581593,-0.10569449184399338,-2.465089834395449,-0.13276106313458635,4.072831629377299
284.95596931581593,0.21138962619132906,-2.4646744526251996,-0.13275937781815653,4.116881087169148
285.0888658416496,-0.21037513526397195,-2.464837605269125,-0.13642630524498336,4.039967198823986
285.0888658416496,-3.053332494204976e-13,-2.4653859057278997,-0.1364287810809359,4.0663327308758666
285.08886584164964,0.10518724270137994,-2.465248833110382,-0.13642816641379454,4.080944292219415
285.08886584164964,0.2103751352633613,-2.4648376052682077,-0.13642630524581836,4.096508436819744
285.08886584164964,-0.10518724270199062,-2.4652488331128675,-0.13642816641478617,4.052673712909074
285.22113223364767,-3.053332494204976e-13,-2.4655430513802257,-0.14009395155820648,4.046233701707369
285.22113223364767,0.10467856918353441,-2.4654073580186724,-0.14009328238668672,4.060773473043281
285.22113223364767,0.2093577956042671,-2.4650002681663907,-0.14009125765917013,4.076258962676476
285.2211322336477,-0.20935779560487774,-2.46500026816813,-0.14009125765902977,4.019991147616774
285.2211322336477,-0.10467856918414507,-2.465407358019744,-0.1400932823864846,4.0326396068800765
285.3527670874375,-0.10416851705690841,-2.4655654116355645,-0.14375633172423546,4.012729242604263
285.3527670874375,-3.053332494204976e-13,-2.4656997311064535,-0.14375705139773354,4.026258248136301
285.3527670874375,0.10416851705629775,-2.465565411635432,-0.1437563317252887,4.040726025097473
285.35276708743754,-0.20833769874700062,-2.4651624436699024,-0.1437541554567147,4.000138966105765
285.35276708743754,0.20833769874638997,-2.465162443667618,-0.14375415545636924,4.056132617179444
285.48378321403607,-0.1036570767003495,-2.4657229992590954,-0.14741728261971548,3.992940402861345
285.48378321403607,0.10365707669973882,-2.4657229992576135,-0.14741728261951717,4.020799728576213
285.48378321403607,-3.053332494204976e-13,-2.465855950240249,-0.14741804889608373,4.006404151137718
285.4837832140361,0.2073148254499694,-2.4653241369778707,-0.14741496652478372,4.0361271807660275
285.4837832140361,-0.20731482545058008,-2.465324136982078,-0.14741496652697395,3.9804084398993185
285.6141865097547,-3.053332494204976e-13,-2.4660117119378344,-0.1510768842958639,3.9866702464313515
285.6141865097547,0.10314426445096761,-2.4658801240042236,-0.15107607522096725,4.000993422075896
285.6141865097547,0.20628920838912357,-2.465485351088355,-0.1510736307279071,4.016241496271877
285.6141865097547,-0.10314426445157827,-2.4658801240058654,-0.1510760752214327,3.9732719218568966
285.61418650975475,-0.20628920838968334,-2.4654853510920614,-0.15107363072980126,3.9607984030515433
285.74397798033425,-0.10263011555287083,-2.46603678882208,-0.15473261502315452,3.9537233732371253
285.74397798033425,-3.053332494204976e-13,-2.46616701920249,-0.1547334631836553,3.9670561115945464
285.74397798033425,0.10263011555231105,-2.466036788820847,-0.15473261502295374,3.981306688714589
285.7439779803343,-0.20526091804835378,-2.4656460887731284,-0.15473005327943795,3.941308426887338
285.7439779803343,0.20526091804779398,-2.4656460887706,-0.1547300532784608,3.996475153965274
285.87316967911795,0.10211462102702254,-2.4661930001949592,-0.15838688780971533,3.9617374385507493
285.87316967911795,-0.1021146210276332,-2.46619300019451,-0.1583868878084288,3.9342926694731037
285.87316967911795,-0.20422993647340335,-2.4658063564460417,-0.158384219659978,3.9219364265778696
285.87316967911795,-3.053332494204976e-13,-2.4663218785426704,-0.15838777144260285,3.947559657394204
285.873169679118,0.20422993647279267,-2.4658063564459094,-0.15838421966108976,3.976826064192198
286.0017673097557,-3.053332494204976e-13,-2.4664762943827787,-0.1620397634907863,3.928179759371482
286.00176730975573,0.10159779625550117,-2.4663487625109393,-0.16203884789986775,3.942284549850331
286.00176730975573,0.20319629442451076,-2.465966158391374,-0.16203608390720284,3.957293109259468
286.00176730975573,-0.10159779625606094,-2.466348762509335,-0.16203884789750908,3.914978684697131
286.00176730975573,-0.2031962944251214,-2.465966158389402,-0.16203608390425236,3.9026812761627325
286.1297732637881,-3.053332494204976e-13,-2.4666302698793023,-0.1656893424897187,3.9089157944126756
286.12977326378814,-0.10107966954814403,-2.466504078873624,-0.16568839836327665,3.895780792732553
286.12977326378814,-0.20216004852303,-2.46612549754981,-0.16568554880791544,3.88354234788533
286.12977326378814,0.2021600485224193,-2.466125497549238,-0.16568554880832664,3.937875676627599
286.12977326378814,0.10107966954758425,-2.466504078872339,-0.16568839836312083,3.9229474040453747
286.2571950648626,0.20112121310461153,-2.466284379555399,-0.16933256968483731,3.918572377241866
286.2571950648626,-3.053332494204976e-13,-2.4667838107986935,-0.1693364641438901,3.8897663691710065
286.2571950648626,-0.2011212131052222,-2.4662843795558747,-0.1693325696846204,3.864518248837389
286.2571950648626,-0.1005602480730054,-2.4666589550178,-0.16933549481120214,3.8766975998604747
286.25719506486263,0.10056024807244562,-2.4666589550157783,-0.16933549481047772,3.9037246093437834
286.3840401438269,-0.10003953864344406,-2.4668133974241298,-0.17298011813421924,3.8577277311454496
286.3840401438269,-3.053332494204976e-13,-2.4669369236501475,-0.17298110944478348,3.8707301090433393
286.3840401438269,0.2000798017965837,-2.466442810819916,-0.1729771271413634,3.899381840663083
286.3840401438269,-0.20007980179719434,-2.466442810818063,-0.17297712713925698,3.8456076049177756
286.38404014382695,0.1000395386428334,-2.4668133974242377,-0.17298011813541744,3.88461479264115
286.51031401373194,0.19903584267449137,-2.466600796816089,-0.17661917728465915,3.8803029905615047
286.51031401373194,-3.053332494204976e-13,-2.4670896140306646,-0.17662323487034448,3.851805931416789
286.51031401373194,-0.09951755529756327,-2.466967411662891,-0.17662222472134995,3.8388701027156698
286.510314013732,-0.19903584267505114,-2.4666007968151593,-0.17661917728362428,3.8268093322509453
286.510314013732,0.09951755529695261,-2.46696741166398,-0.17662222472338251,3.8656168738385936
286.6360221420342,-3.053332494204976e-13,-2.467241887324283,-0.180262785500227,3.832992763700915
286.6360221420343,0.09899431175149237,-2.467121003081672,-0.1802617595586785,3.846729782809119
286.6360221420343,-0.19798936317196725,-2.466758342784282,-0.18025866481803368,3.8081223570407743
286.6360221420343,0.19798936317140747,-2.466758342784926,-0.18025866481862549,3.86133476051398
286.6360221420343,-0.09899431175205216,-2.4671210030816915,-0.18026175955776116,3.820123640757569
286.7611699020152,-0.19694039049522166,-2.466915453385517,-0.18389552127158368,3.789545622756513
286.7611699020152,-3.053332494204976e-13,-2.467393748346087,-0.18389969323551036,3.814289550563716
286.76116990201524,0.09846982161011762,-2.467274176455552,-0.18389865445112843,3.8279524666631395
286.76116990201524,-0.0984698216106774,-2.4672741764571713,-0.18389865445196796,3.8014872887254008
286.7611699020153,0.19694039049461098,-2.4669154533859947,-0.1838955212718766,3.8424761013020112
286.88576063003245,-3.053332494204976e-13,-2.467545202634435,-0.18753389636655432,3.7956955435968887
286.88576063003245,0.19588896809882464,-2.4670721340027195,-0.18752968456545552,3.82372627301874
286.88576063003245,-0.09794410660090216,-2.4674269372861297,-0.18753284759949895,3.7829602959565403
286.8857606300325,-0.19588896809938441,-2.4670721340001083,-0.1875296845634209,3.7710783778122963
286.8857606300325,0.0979441066002915,-2.467426937284981,-0.18753284759852404,3.8092841805775786
287.0098022282531,0.09741716871868988,-2.467579292652761,-0.19116431317920085,3.790723498429327
287.0098022282531,0.19483509997699308,-2.4672283916487334,-0.19116112859496429,3.8050838513818874
287.0098022282531,-2.5444437451708134e-13,-2.4676962572956844,-0.19116536916621882,3.7772093158848183
287.00980222825314,-0.19483509997755288,-2.4672283916472613,-0.1911611285943118,3.7527191968527362
287.00980222825314,-0.09741716871924966,-2.4675792926524602,-0.19116431317949342,3.7645412357912287
287.13329997769915,-2.5444437451708134e-13,-2.4678469191201726,-0.19479408399032602,3.7588298356321745
287.1332999776992,0.19377881103026418,-2.4673842330275946,-0.19478982536025888,3.7865478103081514
287.1332999776992,-0.0968890204163447,-2.4677312493279073,-0.19479302346153957,3.7462290753524448
287.1332999776992,0.09688902041578493,-2.467731249327614,-0.19479302346019123,3.772269390687572
287.1332999776992,-0.19377881103082398,-2.4673842330294566,-0.19478982536303532,3.7344670471020636
287.2562591148509,-2.5444437451708134e-13,-2.467997194490309,-0.1984199965751022,3.740556080802187
287.2562591148509,0.09635967383915818,-2.4678828136588655,-0.19841893408350283,3.7539208375324717
287.2562591148509,-0.09635967383971795,-2.467882813659511,-0.19841893408551847,3.7280227915554884
287.25625911485093,0.19272012555349569,-2.467539664398448,-0.1984157302286931,3.7681171333635946
287.25625911485093,-0.19272012555405546,-2.4675396643977785,-0.1984157302293842,3.7163209055967883
287.37868483186224,-2.5444437451708134e-13,-2.468147089951211,-0.2020430645780108,3.722387039062768
287.3786848318623,0.09582914083691015,-2.468033992164789,-0.20204200261789237,3.735676828801778
287.3786848318623,-0.09582914083746992,-2.4680339921651364,-0.20204200261974298,3.7099213710537784
287.3786848318623,-0.19165906724309217,-2.4676946921881835,-0.20203880049349862,3.6982797591313217
287.37868483186236,0.1916590672425324,-2.4676946921909155,-0.2020388004946761,3.7497908137111526
287.5005822767801,-2.5444437451708134e-13,-2.4682966122091416,-0.20566324754138127,3.7043217077318222
287.50058227678016,0.19059565920158508,-2.467849323008405,-0.20565899534784135,3.731567854057277
287.50058227678016,-0.09529743296162967,-2.4681847915281816,-0.20566218852105328,3.6919238101837557
287.50058227678016,-0.19059565920214488,-2.4678493230076506,-0.2056589953483641,3.6803426042025453
287.50058227678016,0.09529743296112078,-2.4681847915273245,-0.20566218851895043,3.717536363936708
287.621956553767,0.09476456147166608,-2.4683352185767413,-0.20927945308017298,3.699498451926913
287.621956553767,-2.5444437451708134e-13,-2.468445768120483,-0.20928050684761507,3.6863590937215847
287.621956553767,-0.18952992395076204,-2.468003563605321,-0.20927627581894703,3.662508446953618
287.621956553767,-0.09476456147217498,-2.468335218577885,-0.2092794530822375,3.6740291149088047
287.62195655376706,0.18952992395025314,-2.4680035636050426,-0.2092762758176886,3.713447266597516
287.74281272332763,0.09423053733978039,-2.4684852802907318,-0.2128937593984169,3.681562111254387
287.74281272332763,-2.5444437451708134e-13,-2.468594564689251,-0.21289480568255612,3.6684982134820623
287.74281272332763,0.18846188343075074,-2.468157420881455,-0.21289060473597726,3.6954280729613975
287.74281272332763,-0.09423053734034016,-2.468485280289973,-0.21289375939854022,3.6562363007622514
287.7428127233277,-0.1884618834313105,-2.4681574208812744,-0.2128906047366339,3.6447763031167897
287.86315580253836,-0.18739155901584556,-2.4683109018826204,-0.2165019467021233,3.6271451979555063
287.86315580253836,-2.5444437451708134e-13,-2.46874300905554,-0.21650610899118794,3.6507380929436652
287.8631558025384,0.18739155901533666,-2.4683109018820217,-0.21650194670075942,3.6775093041563705
287.8631558025384,0.09369537125166942,-2.4686349837832133,-0.21650507233007193,3.6637263698368474
287.8631558025384,-0.0936953712522292,-2.4686349837829873,-0.21650507233059638,3.6385443927897625
287.98299076528025,-2.5444437451708134e-13,-2.468891107731244,-0.22011436891609004,3.6330777674590755
287.98299076528025,0.18631897151333698,-2.4684640130080973,-0.22011025350987376,3.6596900005110293
287.98299076528025,-0.09315907361258143,-2.4687843355407013,-0.2201133439344417,3.6209524254906738
287.98299076528025,-0.18631897151384588,-2.468464013006568,-0.2201102535093146,3.6096141662055463
287.9829907652803,0.09315907361207254,-2.468784335539954,-0.22011334393296123,3.6459902649700524
288.102320633383,-2.5444437451708134e-13,-2.4690388673059145,-0.22371953231633482,3.615516562499982
288.102320633383,0.09262166317262414,-2.468933342122012,-0.22371852098377312,3.6283531252437915
288.102320633383,-0.09262166317313304,-2.468933342121287,-0.2237185209840641,3.603459722414982
288.10232063338304,0.18524415842776606,-2.4686167607245726,-0.22371547168259814,3.641969494929654
288.10232063338304,-0.18524415842832584,-2.468616760722406,-0.2237154716814868,3.592182530691804
288.2211512845019,0.09208314544972918,-2.4690820113807916,-0.22732057751993404,3.6108138594311696
288.2211512845019,-0.09208314545023806,-2.469082011380364,-0.22732057752060045,3.5860651908532115
288.2211512845019,-2.5444437451708134e-13,-2.4691862956535413,-0.22732157331684505,3.598053385595864
288.22115128450196,-0.18416713079189176,-2.4687691528288007,-0.22731757500683275,3.5748491994705756
288.22115128450196,0.18416713079138286,-2.468769152829266,-0.2273175750063736,3.624346698433724
288.3394880669454,-2.5444437451708134e-13,-2.4693334009172174,-0.23092047836564786,3.5806872257375537
288.3394880669455,-0.18308790332623712,-2.468921197399052,-0.23091654959325147,3.5576131615980167
288.3394880669455,0.18308790332567734,-2.468921197399006,-0.2309165495924416,3.6068206040360087
288.3394880669455,-0.09154352780471782,-2.4692303514436253,-0.23091949990705737,3.5687678193179475
288.3394880669455,0.09154352780420894,-2.469230351444056,-0.2309194999064867,3.5933714580231064
288.4573357897524,-2.5444437451708134e-13,-2.469480190914844,-0.2345162243853097,3.5634171543015483
288.4573357897524,0.18200649467969193,-2.469072902185131,-0.2345123720429005,3.5893902877004824
288.45733578975245,0.09100281956058463,-2.4693783701139775,-0.23451526498681766,3.576024994169468
288.45733578975245,-0.09100281956109352,-2.4693783701140113,-0.23451526498758232,3.551566678452958
288.4573357897525,-0.1820064946802008,-2.469072902185347,-0.2345123720436433,3.540473488025947
288.57469921992674,0.18092292297444607,-2.4692242749159687,-0.2381050167627379,3.572054834429695
288.57469921992674,-0.18092292297495496,-2.469224274915779,-0.23810501676285242,3.523429258886666
288.57469921992674,-2.5444437451708134e-13,-2.4696266734578876,-0.23810878611103636,3.546242251797461
288.5746992199268,-0.09046102978007846,-2.469526075179061,-0.23810784741213079,3.5344608480647106
288.5746992199268,0.09046102977951868,-2.4695260751779053,-0.23810784741061602,3.558773550111913
288.6915830826859,0.08991816726132598,-2.4696734728122576,-0.2416971908318772,3.541616217122549
288.6915830826859,-2.5444437451708134e-13,-2.4697728547494586,-0.24169810727598195,3.529161607806146
288.6915830826859,0.17983720581041696,-2.4693753216730525,-0.24169442715457606,3.554813338204304
288.69158308268595,-0.08991816726183487,-2.46967347281315,-0.24169719083284807,3.517449417060113
288.69158308268595,-0.17983720581092585,-2.4693753216724224,-0.24169442715406506,3.506479563430447
288.8079878720859,0.17874939954428554,-2.4695260489169066,-0.2452805397807644,3.537665518692615
288.8079878720859,-0.17874939954479444,-2.469526048915863,-0.245280539779656,3.489624106179001
288.8079878720859,-2.5444437451708134e-13,-2.469918741377255,-0.2452841247459569,3.512174931870989
288.80798787208596,0.08937426018449969,-2.469820569573036,-0.245283232040587,3.524552709169341
288.80798787208596,-0.08937426018495769,-2.4698205695719766,-0.24528323203949692,3.5005320918337715
288.92392133203987,0.08882930256929167,-2.4699673747825126,-0.24886597072212374,3.5075816791574113
288.92392133203987,-0.08882930256980055,-2.469967374783598,-0.24886597072275055,3.483707526897942
288.92392133203987,-2.5444437451708134e-13,-2.470064342677861,-0.24886683829084227,3.4952808773018313
288.9239213320399,-0.1776594922172171,-2.469676465946168,-0.2488633540901181,3.472861543644696
288.9239213320399,0.1776594922167082,-2.4696764659454677,-0.24886335408984436,3.520610029192768
289.03938876713386,-2.5444437451708134e-13,-2.470209667739876,-0.25244625964847667,3.478478457590831
289.0393887671339,-0.08828329921279258,-2.4701138975299357,-0.252445418543815,3.4669747355696185
289.0393887671339,0.0882832992122837,-2.4701138975277366,-0.2524454185423761,3.4907021416929247
289.0393887671339,0.17656749342064498,-2.4698265818251883,-0.2524428815166369,3.5036458863637545
289.0393887671339,-0.17656749342115388,-2.469826581825612,-0.25244288151655186,3.4561908899082803
289.1543943464388,0.17547342254429923,-2.469976402197052,-0.2560190583920099,3.4867722766646634
289.1543943464388,-2.5444437451708134e-13,-2.4703547223298843,-0.25602232546064396,3.461766854594302
289.15439434643883,-0.17547342254475723,-2.4699764021981396,-0.2560190583926335,3.4396113262180044
289.1543943464389,-0.0877362598081118,-2.4702601435465286,-0.2560215120672035,3.4503328989017588
289.1543943464389,0.08773625980760291,-2.470260143545681,-0.2560215120670189,3.473913280434245
289.26893694172054,-2.5444437451708134e-13,-2.4704995133637606,-0.25959497185624225,3.4451460208599887
289.2689369417206,0.17437734902767807,-2.4701259338343307,-0.25959182055037233,3.469989164640855
289.2689369417206,-0.17437734902818697,-2.470125933836739,-0.25959182055243285,3.423122798456303
289.2689369417206,-0.0871882190760162,-2.4704061197140375,-0.25959418734871975,3.433781965442864
289.2689369417206,0.0871882190755582,-2.470406119712318,-0.25959418734759676,3.457215053261451
289.3830267187461,0.0866391574231185,-2.4705518366156323,-0.26316347202687673,3.440605773250264
289.3830267187461,-2.5444437451708134e-13,-2.4706440514232684,-0.26316422654980554,3.4286142718052415
289.3830267187461,-0.1732792336856354,-2.4702751873339874,-0.263161195409707,3.4067236284716604
289.3830267187462,0.1732792336851265,-2.4702751873352513,-0.2631611954107131,3.453294861609155
289.3830267187462,-0.0866391574235765,-2.4705518366155967,-0.2631634720265658,3.417320253534532
289.4966679948303,0.17217909198116294,-2.4704241690832394,-0.2667271523257437,3.4366885401256604
289.4966679948303,-2.5444437451708134e-13,-2.4707883429785067,-0.26673005919354315,3.4121707760077897
289.4966679948304,0.08608908258259393,-2.470697300702855,-0.2667293356810579,3.424084610492529
289.4966679948304,-0.17217909198162093,-2.470424169081239,-0.26672715232444527,3.3904129846638438
289.4966679948304,-0.08608908258310281,-2.470697300701454,-0.26672933567973145,3.400946931190474
289.609857873301,-2.5444437451708134e-13,-2.4709323946981536,-0.27029239646877007,3.395815746400849
289.609857873301,-0.08553803709474299,-2.47084251860139,-0.2702917049205251,3.3846622063352436
289.60985787330105,0.17107700899557418,-2.4705728855939184,-0.27028961770287696,3.4201704273885976
289.60985787330105,-0.1710770089960322,-2.4705728855916256,-0.2702896177016352,3.374191071364759
289.60985787330105,0.085538037094285,-2.470842518606104,-0.2702917049246679,3.407651784346112
289.72260780999534,-2.5444437451708134e-13,-2.471076216539358,-0.2738512543108823,3.379547323328734
289.72260780999534,-0.08498599341611483,-2.470987500275671,-0.2738505956143064,3.3684642232419937
289.7226078099954,-0.16997292964430832,-2.4707213468235123,-0.2738486071858964,3.358056037231643
289.7226078099954,0.16997292964379945,-2.470721346827609,-0.2738486071885769,3.4037386572505164
289.7226078099954,0.08498599341560595,-2.4709875002815793,-0.2738505956195184,3.391305431681738
289.8349188704318,-2.5444437451708134e-13,-2.4712198155341754,-0.277406608413587,3.36336515174276
289.8349188704318,-0.16886689903475519,-2.470869559726003,-0.27740409619832246,3.3420075234140616
289.8349188704318,0.16886689903429716,-2.4708695597297,-0.27740409620053685,3.387392882984497
289.83491887043186,0.08443297410101502,-2.471132252738557,-0.2774059833893106,3.3750452010466407
289.83491887043186,-0.08443297410147302,-2.47113225273442,-0.2774059833856292,3.3523526243961426
289.94679323882025,0.1677589510574805,-2.4710175326404893,-0.2809560528313745,3.3711325954572766
289.94679323882025,-2.5444437451708134e-13,-2.471363200108262,-0.28095842713559266,3.34726871586368
289.94679323882025,0.08387899609579512,-2.471276784383909,-0.280957836528455,3.3588705794616676
289.94679323882025,-0.1677589510579385,-2.47101753263945,-0.2809560528315802,3.3260450116702134
289.9467932388203,-0.08387899609625313,-2.471276784382151,-0.28095783652700423,3.3363268922642364
290.05823989508576,-0.16664905137765865,-2.471165272874448,-0.2845044560814961,3.310167017343162
290.05823989508576,-2.5444437451708134e-13,-2.4715063776300603,-0.2845066897554486,3.331256525262414
290.0582398950858,0.08332404223177009,-2.471421102571917,-0.2845061342451508,3.3427800744801317
290.0582398950858,-0.08332404223222808,-2.471421102572174,-0.28450613424578275,3.3203855390137944
290.0582398950859,0.16664905137720065,-2.4711652728729527,-0.28450445607895036,3.3549563007836296
290.16925434459404,-2.5444437451708134e-13,-2.4716493557836534,-0.28805135644843477,3.315329027964001
290.16925434459404,-0.1655372991032055,-2.4713127880001386,-0.28804926588025764,3.294373978082295
290.1692543445941,-0.0827681620644245,-2.471565214959094,-0.28805083665585485,3.3045290067462543
290.1692543445941,0.1655372991027475,-2.4713127879969266,-0.28804926587601803,3.3388644632499282
290.1692543445941,0.0827681620639665,-2.4715652149589498,-0.28805083665498127,3.3267741415220935
290.2798494853285,-2.5444437451708134e-13,-2.471792143030634,-0.29159241854656925,3.2994841775633073
290.27984948532855,-0.08221131789395673,-2.4717091299940437,-0.29159193501706254,3.2887552542681426
290.27984948532855,0.08221131789349874,-2.471709129993933,-0.29159193501591824,3.3108507292619658
290.27984948532855,-0.1644236188374693,-2.4714600864402474,-0.29159047327463605,3.2786638581967984
290.27984948532855,0.16442361883701131,-2.471460086438399,-0.2915904732715616,3.3228550269014034
290.3900205875882,-2.0355549961366507e-13,-2.471934747279433,-0.2951298564591647,3.2837224575888397
290.39002058758825,-0.16330811141807883,-2.471607176017451,-0.295128058448234,3.2630371305998254
290.39002058758825,0.16330811141762083,-2.4716071760185603,-0.29512805844790996,3.3069284917526782
290.39002058758825,0.08165356013958827,-2.471852855564304,-0.29512940968144086,3.2950103287375416
290.39002058758825,-0.08165356014004628,-2.471852855564211,-0.29512940968261725,3.273064759066358
290.4997791546346,-0.08109485694814031,-2.4719963994975633,-0.2986632360474874,3.2574556871589198
290.4997791546346,-2.0355549961366507e-13,-2.4720771763652394,-0.2986636456421361,3.2680420295978894
290.4997791546346,0.16219071313592845,-2.471754064523506,-0.29866199659851017,3.291083011519806
290.49977915463467,0.0810948569476823,-2.4719963994983183,-0.2986632360467958,3.279251097405474
290.49977915463467,-0.16219071313638644,-2.4717540645223415,-0.2986619965986088,3.2474919661299335
290.60912096335414,-0.1610715192613022,-2.471900760088733,-0.30219227231284695,3.2320287669856977
290.60912096335414,-2.0355549961366507e-13,-2.4722194385188794,-0.30219377091518407,3.252443305761755
290.60912096335414,0.08053525595256664,-2.4721397699982264,-0.30219339886958496,3.2635734545457384
290.60912096335414,0.1610715192608442,-2.471900760088726,-0.3021922723119091,3.2753190140061745
290.60912096335426,-0.08053525595302463,-2.472139769997239,-0.3021933988699966,3.241928445023246
290.71805791886914,-2.0355549961366507e-13,-2.4723615412630555,-0.3057202077137529,3.2369243982106926
290.7180579188692,0.15995045968597113,-2.4720472701870917,-0.3057188607686354,3.259634602538032
290.7180579188692,-0.15995045968642913,-2.4720472701861307,-0.3057188607684895,3.2166456553353546
290.7180579188692,-0.07997472210122088,-2.4722829745720594,-0.30571987352075386,3.2264811496544445
290.71805791886925,0.07997472210081377,-2.472282974574777,-0.30571987352202995,3.247975507732286
290.8265840082344,0.07941331201901927,-2.4724260205982036,-0.30924262607564007,3.2324579336099153
290.8265840082344,-2.0355549961366507e-13,-2.4725034919973163,-0.3092429221627289,3.2214859752205607
290.8265840082344,0.15882764766383878,-2.472193602104487,-0.3092417278829476,3.2440304636475257
290.8265840082344,-0.07941331201947727,-2.4724260205952793,-0.3092426260741054,3.2111144624780414
290.8265840082345,-0.15882764766429677,-2.472193602102227,-0.30924172788151044,3.201343287272879
290.934711521706,-2.0355549961366507e-13,-2.4726452996882804,-0.31276191288598343,3.20612610138905
290.93471152170605,-0.0788509876112116,-2.472568917026929,-0.3127616550927313,3.1958264533409197
290.93471152170605,0.15770300700199522,-2.4723397647761143,-0.3127608720288882,3.228504652212243
290.93471152170605,0.0788509876108045,-2.4725689170274747,-0.31276165509214277,3.2170187917865283
290.9347115217061,-0.1577030070024532,-2.4723397647752026,-0.3127608720287158,3.1861197381535806
291.04243780490674,-2.0355549961366507e-13,-2.4727869713975053,-0.3162771578390572,3.1908449690563847
291.0424378049068,-0.0782877878174052,-2.4727116709037014,-0.3162769384784691,3.1806173099857094
291.0424378049068,0.07828778781694719,-2.472711670904929,-0.3162769384785469,3.2016582804706673
291.04243780490685,-0.1565766155820977,-2.472485765178022,-0.3162762709604439,3.1709751923932363
291.04243780490685,0.15657661558163968,-2.4724857651793744,-0.31627627096093486,3.2130573735796366
291.149769088862,-0.07772370510273875,-2.472854291248377,-0.31978846688811907,3.165485965627695
291.149769088862,-2.0355549961366507e-13,-2.4729285161609695,-0.31978864773384624,3.175641510098865
291.149769088862,0.07772370510228076,-2.472854291250045,-0.3197884668887056,3.1863753308524245
291.14976908886206,0.1554484583324899,-2.4726316122909813,-0.31978791516471117,3.1976875589062828
291.14976908886206,-0.1554484583329479,-2.472631612289668,-0.3197879151643599,3.155908585198732
291.2567099879545,-2.0355549961366507e-13,-2.4730699406898715,-0.3232963623748603,3.160514889344629
291.25670998795454,0.07715873986083774,-2.4729967847600203,-0.32329622007680503,3.171169108189363
291.25670998795454,0.15431853604256007,-2.4727773127548724,-0.3232957842329463,3.1823943746322025
291.25670998795454,-0.07715873986129575,-2.472996784758414,-0.32329622007615455,3.150431585418524
291.25670998795454,-0.15431853604301807,-2.472777312752406,-0.3232957842315932,3.1409190827982583
291.3632580487714,-2.0355549961366507e-13,-2.4732112521315246,-0.3268002536713774,3.1454652723678613
291.36325804877146,-0.07659292966041406,-2.4731391585472657,-0.32680014990029493,3.1354543304993006
291.36325804877146,0.15318692384606802,-2.472922873595622,-0.32679982987986705,3.1671779988893607
291.36325804877146,0.07659292966000696,-2.4731391585486295,-0.32680014990075745,3.156039783719355
291.36325804877146,-0.15318692384652602,-2.4729228735926245,-0.32679982987800754,3.1260068431303947
291.4694228353545,-0.07602624807406075,-2.473281422392619,-0.33030027928036876,3.1205526738445464
291.4694228353545,0.07602624807365363,-2.4732814223932698,-0.3303002792802237,3.1409858233145402
291.4694228353545,-2.0355549961366507e-13,-2.47335246026699,-0.33030034459644764,3.130491128395296
291.4694228353546,-0.15205356889160934,-2.4730683045775326,-0.330300074863301,3.1111703433104734
291.4694228353546,0.15205356889120222,-2.4730683045784576,-0.33030007486330537,3.152036894588485
291.5752053899094,-0.07545871351418695,-2.4734235824830626,-0.33379658246954397,3.105726289245681
291.5752053899094,-0.15091850800201773,-2.473213611828088,-0.3337964932960234,3.0964092561122305
291.5752053899094,0.07545871351377985,-2.4734235824826056,-0.33379658246860117,3.1260069057148216
291.5752053899094,-2.0355549961366507e-13,-2.473493571306603,-0.33379660945059886,3.115592133207076
291.57520538990946,0.1509185080016106,-2.473213611829886,-0.3337964932969342,3.136970744400214
291.6806057600949,0.07489034970208196,-2.4735656460845608,-0.3372890131005222,3.1111028504849734
291.6806057600949,-2.0355549961366507e-13,-2.4736345925480605,-0.33728900191537736,3.100768102664409
291.680605760095,-0.22467703149062754,-2.4730140495759776,-0.3372890540043009,3.0730130300844376
291.680605760095,0.14978178862053323,-2.473358802526155,-0.3372890386723047,3.1219793726243865
291.680605760095,0.22467703149022042,-2.4730140495771327,-0.33728905400481224,3.133398082152498
291.680605760095,-0.07489034970253995,-2.4735656460857536,-0.33728901310182624,3.090974989891899
291.680605760095,-0.14978178862094035,-2.4733588025250914,-0.33728903867185983,3.081723393084426
291.7856316657267,-2.0355549961366507e-13,-2.473775533955869,-0.34077755506538643,3.086017775395626
291.7856316657267,-0.2229694438672661,-2.473164312014185,-0.34077795016434487,3.0584594353196093
291.7856316657267,0.22296944386680811,-2.473164312011994,-0.3407779501618384,3.118385551980016
291.7856316657267,-0.07432113871575266,-2.4737076231641066,-0.3407776042053341,3.076297517066025
291.7856316657267,-0.1486433749019484,-2.4735038866275354,-0.34077774387807286,3.067111498655992
291.7856316657268,0.14864337490154128,-2.4735038866243544,-0.34077774387491216,3.1070615140557525
291.7856316657268,0.07432113871534556,-2.4737076231634516,-0.34077760420471914,3.096272394090656
291.89028589286005,0.07375108877441394,-2.4738495195341548,-0.3442623280325251,3.0815149737923093
291.89028589286005,-2.0355549961366507e-13,-2.47391640136882,-0.3442622411985526,3.071340587144389
291.89028589286005,-0.07375108877482105,-2.473849519535228,-0.34426232803340157,3.061693305818983
291.8902858928601,-0.2212593394481361,-2.4733144400238993,-0.3442629769572156,3.0439794061715735
291.8902858928601,-0.14750328328672843,-2.4736488698788843,-0.34426258102632856,3.0525730080090843
291.8902858928601,0.14750328328632134,-2.4736488698745447,-0.3442625810223407,3.092216608295468
291.8902858928601,0.22125933944767812,-2.473314440021744,-0.3442629769548238,3.1034459109508377
291.99456599732093,-2.0355549961366507e-13,-2.474057200981263,-0.34774299433393746,3.056736707329728
291.994565997321,0.14636158710335037,-2.4737937583242338,-0.3477434839673333,3.0774448369735015
291.994565997321,0.21954682822343402,-2.473464439472927,-0.34774406802960145,3.0885793485675306
291.994565997321,0.07318023654375459,-2.4739913413539654,-0.3477431185613369,3.066830764525212
291.994565997321,-0.07318023654416171,-2.473991341356935,-0.3477431185637575,3.0471625212319706
291.994565997321,-0.21954682822384114,-2.4734644394727687,-0.34774406802988705,3.02957310258138
291.994565997321,-0.14636158710375746,-2.4737937583255403,-0.3477434839683932,3.038108083065614
292.0984800136769,-2.0355549961366507e-13,-2.4741979425883636,-0.3512198388709248,3.042204838567839
292.0984800136769,0.07260856120666256,-2.4741330984149568,-0.3512200001486804,3.052218466329885
292.0984800136769,0.14521824471942205,-2.473938561750491,-0.3512204769363415,3.0627448979979213
292.098480013677,-0.14521824471982914,-2.473938561750808,-0.35122047693635083,3.023715432923086
292.098480013677,-0.2178318477456912,-2.473614320122884,-0.35122124739838906,3.015239237551659
292.098480013677,0.2178318477452841,-2.473614320122538,-0.3512212473976414,3.0737845610490253
292.098480013677,-0.07260856120706968,-2.4741330984182213,-0.35122000015123245,3.0327038689402555
292.2020309032078,0.07203606923213164,-2.4742747991459297,-0.3546929989041732,3.0376774969821696
292.20203090320786,-0.14407326907282922,-2.474083288554206,-0.35469358591655376,3.009394473929274
292.20203090320786,-2.0355549961366507e-13,-2.4743386346256036,-0.35469280095750133,3.027744397371965
292.2020309032079,-0.21611441742031146,-2.473764090331118,-0.35469454084838736,3.000977228527032
292.2020309032079,0.21611441741990434,-2.473764090331764,-0.354694540848725,3.0590609710559127
292.2020309032079,0.14407326907242213,-2.474083288556471,-0.3546935859190556,3.0481162111937907
292.2020309032079,-0.07203606923253875,-2.474274799143645,-0.35469299890166267,3.0183167649810603
292.3052213713195,0.07146276823456238,-2.474416448943419,-0.35816206436899956,3.0232073119639735
292.3052213713195,-2.0355549961366507e-13,-2.4744792825239585,-0.3581618301797106,3.0133548378026576
292.3052213713195,-0.0714627682349695,-2.4744164489408362,-0.3581620643663293,3.0040006627898492
292.30522137131953,0.2143945600898858,-2.4739137552491224,-0.35816389758966943,3.044408039301194
292.30522137131953,0.14292667539115175,-2.474227944047075,-0.3581627603327228,3.033558234260633
292.30522137131953,-0.142926675391508,-2.4742279440444435,-0.3581627603299467,2.9951446596906837
292.30522137131953,-0.2143945600902929,-2.4739137552498027,-0.35816389759040246,2.986786530081073
292.4080503651864,-0.14177852046505093,-2.4743725343663403,-0.3616279472358742,2.980965963385613
292.4080503651864,-2.0355549961366507e-13,-2.47461989256134,-0.36162687374540864,2.999036138570946
292.4080503651864,0.14177852046464381,-2.4743725343657603,-0.36162794723542036,3.019070955639624
292.40805036518645,-0.07088868660913278,-2.474558054050416,-0.3616271437123347,2.98975553778656
292.40805036518645,0.21267236093730196,-2.4740633208607976,-0.36162926450027283,3.0298257606647176
292.40805036518645,-0.21267236093770905,-2.474063320862959,-0.3616292645023623,2.972667114199676
292.40805036518645,0.07088868660877655,-2.4745580540487397,-0.36162714371093807,3.0088078943268117
292.51052410362416,-2.0355549961366507e-13,-2.4747604737189053,-0.3650879451872803,2.9847872667071673
292.51052410362416,-0.21094778293398253,-2.4742127960665146,-0.3650906547849689,2.958617955301911
292.5105241036242,0.21094778293357544,-2.4742127960659834,-0.3650906547844051,3.015313099613853
292.5105241036242,0.1406287796068577,-2.4745170684626334,-0.3650891600192144,3.0046533401162874
292.5105241036242,-0.14062877960726483,-2.474517068463803,-0.36508916002044306,2.966857356434243
292.5105241036242,-0.07031381201193197,-2.474699623440726,-0.36508825043265036,2.975580358928389
292.5105241036242,0.07031381201152487,-2.4746996234408294,-0.3650882504327252,2.9944782097104494
292.61264572047116,0.06973814889746678,-2.474841165238502,-0.3685454041870248,2.9802176586665956
292.61264572047116,-2.0355549961366507e-13,-2.4749010341299416,-0.36854506419556476,2.9706076217930035
292.6126457204712,-0.20922083944263367,-2.4743621888847898,-0.36854808780815373,2.9446384545156485
292.6126457204712,-0.13947746172721412,-2.4746615544213175,-0.36854641823159345,2.9528182387065245
292.6126457204712,-0.06973814889787389,-2.4748411652380957,-0.3685454041868281,2.961474525569771
292.6126457204712,0.1394774617268579,-2.4746615544187005,-0.36854641822898865,2.990304789955074
292.6126457204712,0.20922083944227746,-2.474362188883845,-0.36854808780736675,3.000869460868312
292.71441784241006,0.06916170430061523,-2.4749826865627362,-0.371998591696655,2.9660257144340023
292.71441784241006,-2.0355549961366507e-13,-2.4750415809381052,-0.3719982175286225,2.9564966757367577
292.71441784241006,0.13832458089246674,-2.474805999292092,-0.3719997084853381,2.9760247804955395
292.71441784241006,-0.06916170430097146,-2.4749826865619613,-0.37199859169630667,2.9474375090590086
292.7144178424101,0.20749155156463264,-2.4745115062682244,-0.372001550018845,2.9864943226385856
292.71441784241017,-0.20749155156498886,-2.474511506272203,-0.3720015500221897,2.9307280843799326
292.71441784241017,-0.13832458089287386,-2.4748059992942943,-0.37199970848743447,2.938848081761013
292.8158430774916,-2.0355549961366507e-13,-2.4751821209576628,-0.37544738539528644,2.9424539046872353
292.81584307749165,0.20575993998396622,-2.4746607548346535,-0.37545102133777414,2.9721871672915867
292.81584307749165,0.0685844851154459,-2.4751241942091236,-0.37544779314162813,2.9519018544700857
292.81584307749165,0.1371701508928391,-2.4749504098116955,-0.37544901087132654,2.9618127912679095
292.81584307749165,-0.06858448511585301,-2.475124194208265,-0.3754477931413167,2.933468785000474
292.81584307749165,-0.20575993998432246,-2.4746607548387316,-0.3754510213410722,2.916886321702557
292.81584307749165,-0.13717015089324622,-2.4749504098125183,-0.3754490108720434,2.9249463614218763
292.91692363736377,0.06800650026471232,-2.475265693996211,-0.3788929713448553,2.937845612936291
292.9169236373638,0.13601418957312586,-2.4750947917064936,-0.37889428810877307,2.947668358809094
292.9169236373638,-2.0355549961366507e-13,-2.475322660042748,-0.3788925306574973,2.9284788412146123
292.9169236373638,-0.13601418957353298,-2.475094791706919,-0.3788942881091716,2.9111126094298183
292.9169236373639,0.20402603146747017,-2.474809940167862,-0.3788964643218917,2.957947534523732
292.9169236373639,-0.2040260314678773,-2.474809940169405,-0.37889646432286705,2.903112698985693
292.9169236373639,-0.06800650026511944,-2.475265693997375,-0.3788929713463913,2.9195678851574907
293.0176603632448,-2.0355549961366507e-13,-2.4754632050147327,-0.38233362601298265,2.9145712083042623
293.01766036324483,-0.13485673015846988,-2.475239151700243,-0.38233551278569244,2.8973465460493424
293.01766036324483,0.13485673015811367,-2.4752391516992294,-0.3823355127846067,2.9335912123132766
293.01766036324483,0.20228987585138303,-2.4749590688636705,-0.38233785141557036,2.9437751579412503
293.01766036324483,-0.06742776636129126,-2.4754071927234587,-0.3823340989793228,2.905734530718988
293.01766036324483,-0.20228987585179012,-2.4749590688646914,-0.38233785141618104,2.889406936441231
293.01766036324483,0.06742776636088416,-2.4754071927221433,-0.3823340989776298,2.923856715486374
293.11805819824497,0.06684827623076738,-2.4755486985736215,-0.3857711877890551,2.9099343196127885
293.11805819824497,-0.0668482762311236,-2.47554869857415,-0.38577118779014535,2.8919678811053
293.11805819824497,-2.0355549961366507e-13,-2.475603764070277,-0.38577068323616387,2.9007301641223626
293.118058198245,0.20055145161658067,-2.475108148997516,-0.38577519413327627,2.929669195429781
293.118058198245,0.13369775830136357,-2.475383497936585,-0.3857726965619484,2.919580509179398
293.118058198245,-0.1336977583017707,-2.475383497937098,-0.3857726965628402,2.883647332535103
293.118058198245,-0.20055145161693688,-2.4751081489979465,-0.3857751941336094,2.875768197738116
293.2181196740732,0.06626803622015379,-2.4756902188506524,-0.38920424440113266,2.8960779199518303
293.2181196740732,-0.06626803622051002,-2.4756902188494556,-0.3892042444006512,2.8782674292471784
293.2181196740732,-2.0355549961366507e-13,-2.4757443445292817,-0.38920370897824197,2.886955202082115
293.21811967407325,-0.19881077780043854,-2.4752571877215632,-0.3892084988720464,2.8621959770640397
293.21811967407325,0.13253728669461187,-2.4755278376620677,-0.389205845977564,2.905635746007612
293.21811967407325,-0.132537286695019,-2.475527837660443,-0.38920584597677216,2.8700144620761363
293.21811967407325,0.19881077780008233,-2.4752571877234155,-0.3892084988734511,2.9156291462937065
293.31784730437255,-1.526666247102488e-13,-2.4758849531945772,-0.3926326904009806,2.8732458196985218
293.3178473043726,0.0656870525431857,-2.4758317603310958,-0.39263325594735177,2.8822870152211135
293.3178473043726,-0.1970678730441622,-2.4754061916375263,-0.39263775256085093,2.8486897727362432
293.3178473043726,0.19706787304380596,-2.475406191639753,-0.3926377525622953,2.9016545138607497
293.3178473043726,0.1313753277659396,-2.475672177585707,-0.39263494808685423,2.891756423453186
293.3178473043726,-0.13137532776629582,-2.475672177583343,-0.39263494808543553,2.856447431987406
293.3178473043726,-0.06568705254354192,-2.4758317603288265,-0.39263325594569715,2.864632672192104
293.4172435848289,-0.13021189368313116,-2.4758165243746673,-0.3960599906588276,2.8429457436830408
293.4172435848289,0.06510533128362808,-2.475973329753829,-0.3960582102732898,2.8685611081931826
293.4172435848289,-1.526666247102488e-13,-2.476025596828631,-0.39605761537561,2.859601518561752
293.4172435848289,-0.06510533128398431,-2.475973329750511,-0.3960582102704534,2.8510631110775013
293.41724358482895,-0.19532275559879217,-2.4755551672998304,-0.396062942845217,2.835249087174875
293.41724358482895,0.13021189368277494,-2.4758165243766665,-0.39605999066002395,2.8779420462004834
293.41724358482895,0.19532275559843595,-2.4755551672992446,-0.39606294284387183,2.8877448054564208
293.51631099327926,0.1290469963546413,-2.4759608846478915,-0.39948096215637374,2.864192122936947
293.51631099327926,-1.526666247102488e-13,-2.4761662821330717,-0.39947847245212736,2.846021804310522
293.51631099327926,0.19357544332800292,-2.475704121201379,-0.39948405806121606,2.873899532378444
293.51631099327926,-0.06452287839664976,-2.4761149337974016,-0.3994790959055425,2.8375582511039394
293.51631099327926,-0.12904699635499753,-2.475960884649058,-0.3994809621579923,2.8295089026495344
293.5163109932793,0.06452287839629355,-2.4761149337991015,-0.3994790959070819,2.8548997056690393
293.5163109932794,-0.19357544332835913,-2.475704121201271,-0.3994840580620772,2.8218734268762136
293.61505198982024,-0.12788064743646504,-2.4761052649720225,-0.40289785172810366,2.816136418418946
293.61505198982024,0.06393969970851801,-2.47625657911079,-0.40289590206827064,2.8413023184518416
293.61505198982024,-0.06393969970887424,-2.476256579112455,-0.40289590206973236,2.8241176015083505
293.61505198982024,0.1918259537140567,-2.4758530597922683,-0.4029010872449295,2.8601182098711653
293.61505198982024,-1.526666247102488e-13,-2.4763070157766855,-0.4028952508735281,2.832506186605461
293.6150519898203,0.1278806474361597,-2.47610526496883,-0.40289785172468734,2.8505061663270106
293.6150519898203,-0.1918259537144129,-2.4758530597910258,-0.4029010872447525,2.808562302385989
293.713469016916,-0.12671285833010215,-2.476249671859291,-0.40631064918616655,2.8028278045420767
293.713469016916,-1.526666247102488e-13,-2.476447804368053,-0.40630794053931213,2.8190541791024546
293.713469016916,0.12671285832974594,-2.4762496718582248,-0.4063106491848939,2.8368836929861527
293.71346901691606,-0.19007430386029728,-2.476001989473924,-0.40631402011115597,2.795315228272586
293.71346901691606,0.06335580092153484,-2.4763982722769304,-0.40630861863824796,2.827768461320428
293.71346901691606,0.19007430385994104,-2.4760019894742777,-0.40631402011076095,2.8464003571000096
293.71346901691606,-0.06335580092189107,-2.476398272277457,-0.4063086186386761,2.8107406755373097
293.81156449950623,0.12554364018856198,-2.4763941117787023,-0.40971934501153734,2.8233242234548013
293.81156449950623,-0.06277118761235759,-2.4765400198334295,-0.4097172361525316,2.7974269904202633
293.81156449950623,-1.526666247102488e-13,-2.4765886544709805,-0.40971653200854846,2.8056652994260523
293.81156449950623,-0.1883205104953736,-2.476150916595822,-0.40972284703880596,2.782131723100442
293.81156449950623,0.18832051049501738,-2.476150916596223,-0.40972284703877776,2.8327454971259005
293.8115644995063,-0.12554364018886732,-2.476394111780485,-0.40971934501314344,2.7895825785617467
293.8115644995063,0.06277118761200136,-2.4765400198326395,-0.4097172361519215,2.8142976530030563
293.90934084511366,-1.526666247102488e-13,-2.4767295725988476,-0.4131210164833934,2.792339069142883
293.90934084511366,0.12437300391921333,-2.476538591150431,-0.41312393033508027,2.809827282172382
293.90934084511366,-0.12437300391956954,-2.4765385911534925,-0.413123930337584,2.7764002619859713
293.9093408451137,0.1865645899789394,-2.4762998474504623,-0.4131275590596526,2.819153156879732
293.9093408451137,-0.18656458997924474,-2.4762998474510187,-0.41312755906021287,2.76901130940332
293.9093408451137,0.0621858652332712,-2.4766818282702046,-0.4131217457955212,2.8008894161509823
293.9093408451137,-0.06218586523362742,-2.476681828272349,-0.4131217457971704,2.7841760673427567
294.00680044395193,-1.526666247102488e-13,-2.476870565203498,-0.4165213857872625,2.7790750137350466
294.00680044395193,-0.12320096018500569,-2.476683116332506,-0.41652439691335214,2.7632803802612433
294.006800443952,0.18480655830572432,-2.4764487882781743,-0.41652814784845443,2.805622867136798
294.006800443952,0.12320096018464947,-2.4766831163330667,-0.41652439691441184,2.7963923974512523
294.006800443952,0.06159983911681911,-2.476823704018831,-0.4165221393765996,2.7875432773121096
294.006800443952,-0.18480655830608053,-2.476448788277623,-0.41652814784760117,2.7559535136576234
294.006800443952,-0.061599839117124446,-2.476823704019745,-0.41652213937691607,2.7709874314198046
294.1039456690326,0.06101311447366588,-2.4769656534567472,-0.41991840932443025,2.774258766904703
294.1039456690326,-1.526666247102488e-13,-2.4770116386939076,-0.41991763237091373,2.765872662573579
294.10394566903267,-0.06101311447397122,-2.4769656534570172,-0.41991840932407193,2.7578606116690976
294.10394566903267,0.18304643110807822,-2.476597745258371,-0.4199246057032235,2.792154162491291
294.10394566903267,0.12202751940681023,-2.476827693624352,-0.4199207371246034,2.7830191014508125
294.10394566903267,-0.18304643110843444,-2.4765977452580508,-0.4199246057023036,2.74295786625579
294.10394566903267,-0.12202751940716644,-2.476827693624996,-0.419920737124378,2.750222462745813
294.20077887627247,0.060425696395752335,-2.477107682912352,-0.4233105486801471,2.76103541919108
294.20077887627247,-1.526666247102488e-13,-2.477152799416699,-0.42330974928410053,2.7527315488918975
294.20077887627247,-0.06042569639605767,-2.47710768291317,-0.42331054868020374,2.744795140984449
294.20077887627247,-0.18128422366177271,-2.4767467245196686,-0.4233169255442442,2.7300239014796626
294.20077887627247,0.18128422366146738,-2.4767467245174437,-0.4233169255429941,2.778746581330814
294.2007788762725,0.12085269176957723,-2.4769723292818626,-0.4233129439655468,2.769706930151524
294.2007788762725,-0.12085269176988257,-2.4769723292844628,-0.42331294396689545,2.7372260426830186
294.29730240460026,0.05983758985736421,-2.4772497986499578,-0.42669855107252636,2.747872772251393
294.29730240460026,0.11967648722126754,-2.477117029497803,-0.42670101102795877,2.7564554233289584
294.29730240460026,-1.526666247102488e-13,-2.477294053662255,-0.4266977301702087,2.7396512097593386
294.29730240460026,-0.05983758985766955,-2.477249798650867,-0.42669855107249205,2.731790556109056
294.2973024046003,0.17951995088808748,-2.476895732125527,-0.426705100893485,2.765399665810838
294.2973024046003,-0.11967648722157287,-2.4771170294987046,-0.4267010110277511,2.72429065717459
294.2973024046004,-0.17951995088844372,-2.4768957321275,-0.4267051008943557,2.7171511574738756
294.3935185760632,-0.17775362736164718,-2.4770447740873185,-0.4300891258666851,2.704339176219443
294.3935185760632,0.17775362736134184,-2.4770447740866635,-0.4300891258670322,2.752112961829436
294.3935185760632,-1.526666247102488e-13,-2.477435407669844,-0.43008156925988816,2.7266311860547128
294.39351857606323,0.05924879971630263,-2.4773920068777495,-0.4300824107145346,2.7347703679573776
294.39351857606323,-0.11849891547794136,-2.477261800400327,-0.4300849324832917,2.711415847154086
294.39351857606323,-0.059248799716607965,-2.4773920068792883,-0.4300824107150156,2.718846397609048
294.3935185760633,0.11849891547763602,-2.4772618003992286,-0.43008493248314367,2.743264124527989
294.48942969593355,-1.526666247102488e-13,-2.477576867622445,-0.43346126135586893,2.7136710224398506
294.4894296959336,-0.05865933071586873,-2.4775343137579124,-0.433462122401427,2.7059622098468146
294.4894296959336,0.11731998602436898,-2.477406648070984,-0.43346470309326607,2.730132581036918
294.4894296959336,-0.1173199860247252,-2.4774066480709824,-0.43346470309253404,2.6986011573602826
294.4894296959336,-0.1759852673097599,-2.477193856353352,-0.43346899516471926,2.6915875035070727
294.4894296959336,0.058659330715563396,-2.477534313757381,-0.4334621224017113,2.721727751946178
294.48942969593367,0.17598526730945457,-2.477193856353486,-0.4334689951656822,2.738886019001644
294.58503805281447,0.0580691874843039,-2.4776767253795207,-0.43683768147892144,2.7087444735942348
294.5850380528145,-0.11613970812034097,-2.477551578525915,-0.43684031817253294,2.6858461363106945
294.5850380528145,0.11613970811998474,-2.477551578527836,-0.4368403181749047,2.717060343861674
294.5850380528145,0.17421488461989781,-2.4773429848120805,-0.4368447040568622,2.725718390634346
294.5850380528145,-1.526666247102488e-13,-2.477718439636206,-0.43683680181271684,2.700770267333287
294.5850380528146,-0.17421488462020315,-2.4773429848116004,-0.43684470405552156,2.6788956889108944
294.5850380528146,-0.05806918748460923,-2.477676725375111,-0.4368376814745016,2.693137540954629
294.6803459187462,-1.526666247102488e-13,-2.477860129770033,-0.44020818653522137,2.6879284728839177
294.68034591874624,0.17244249284315766,-2.47749216528307,-0.4402162483634001,2.71260963370073
294.68034591874624,-0.1149580907986326,-2.477696597716805,-0.440211773590426,2.6731503362750555
294.68034591874624,-0.172442492843463,-2.477492165282889,-0.44021624836216666,2.666263285761959
294.68034591874624,0.11495809079832726,-2.4776965977195027,-0.4402117735933152,2.7040469677000587
294.68034591874624,0.057478374539573336,-2.477819247772068,-0.4402090838376034,2.6958200859911448
294.68034591874624,-0.05747837453987867,-2.4778192477683714,-0.44020908383448704,2.6803719428080877
294.775355549311,0.056886896287381396,-2.477961886693916,-0.44357632249877677,2.6829541459137354
294.775355549311,-0.11377514287161948,-2.4778417113231006,-0.4435790623457874,2.66051331324891
294.775355549311,-0.056886896287686735,-2.477961886694508,-0.44357632250001144,2.6676649709997893
294.775355549311,-1.526666247102488e-13,-2.478001943804836,-0.44357540854701644,2.675145194944728
294.77535554931103,-0.17066810519726314,-2.477641403306233,-0.4435836210416977,2.6536898511218974
294.77535554931103,0.1706681051969578,-2.477641403306303,-0.44358362104285787,2.6995593088152097
294.77535554931103,0.11377514287131416,-2.4778417113226934,-0.443579062345651,2.69109201091603
294.8700688034115,-0.05629475940709647,-2.478104646701055,-0.44693937076284335,2.6550162355679676
294.8700688034115,0.11259087769712238,-2.477986923795031,-0.44694215770975454,2.6781950872676505
294.8700688034115,-1.526666247102488e-13,-2.47814388632742,-0.4469384411530595,2.6624200441091364
294.8700688034115,0.056294759406791135,-2.478104646701123,-0.4469393707622352,2.67014626519533
294.8700688034116,0.16889174171813115,-2.477790703173288,-0.4469467953344241,2.68656703234506
294.8700688034116,-0.1688917417184365,-2.4777907031728965,-0.44694679533305653,2.6411749959725457
294.8700688034116,-0.1125908776974277,-2.4779869237962844,-0.44694215771078344,2.6479346774000057
294.9644860275699,-0.22282627485057457,-2.4776710033016744,-0.45031233090385253,2.622338508394307
294.9644860275699,0.05570197992174236,-2.4782475333066256,-0.45029820747387184,2.6573962609139308
294.9644860275699,0.11140532732332624,-2.478132240553159,-0.45030103851803555,2.6653560171557813
294.9644860275699,0.22282627485026923,-2.477671003300994,-0.45031233090495765,2.6822261465988286
294.9644860275699,0.1671134504770723,-2.477940070142504,-0.4503057500494801,2.673632628793557
294.9644860275699,-0.11140532732363158,-2.478132240551728,-0.4503010385166104,2.635414240515909
294.9644860275699,-1.526666247102488e-13,-2.478285962888849,-0.4502972632095381,2.6497528349118933
294.9644860275699,-0.055701979922047694,-2.4782475333046783,-0.45029820747271965,2.6424255492839395
294.96448602756993,-0.16711345047737763,-2.4779400701425383,-0.45030575004852275,2.6287185318972925
295.05861145697594,-1.526666247102488e-13,-2.4784281804602517,-0.45365189212538604,2.6371428613156307
295.05861145697594,-0.055108549277153654,-2.4783905534595583,-0.45365285003807587,2.6298922075180715
295.05861145697594,0.05510854927684832,-2.4783905534630213,-0.45365285004058786,2.644703426140525
295.05861145697594,-0.16533320580863875,-2.478089511001053,-0.453660502562403,2.616319758629837
295.058611456976,0.1653332058083334,-2.4780895109992946,-0.4536605025618946,2.660755390996778
295.058611456976,0.11021847463930491,-2.4782776684868626,-0.4536557221649482,2.6525740932759514
295.058611456976,0.22045266778233244,-2.477826062136208,-0.45366718066601697,2.6692473704147544
295.058611456976,-0.11021847463961025,-2.4782776684838828,-0.4536557221620572,2.6229512998907607
295.05861145697605,-0.2204526677825869,-2.477826062140227,-0.45366718066777517,2.6099976687200526
295.1524472849189,-1.526666247102488e-13,-2.478570545146896,-0.4570023442149964,2.6245896932663255
295.1524472849189,0.10903032759960019,-2.4784232136088833,-0.45700622495463544,2.639848887938626
295.1524472849189,0.16355101964362542,-2.4782390316421408,-0.4570110691648715,2.6479348934189146
295.1524472849189,0.21807647211025172,-2.477981148397702,-0.45701783741192215,2.6563253995477893
295.1524472849189,-0.16355101964393076,-2.478239031643114,-0.457011069164515,2.603978247427214
295.1524472849189,-0.10903032759990552,-2.4784232136065514,-0.4570062249524383,2.61054542569704
295.15244728491894,0.054514471449430814,-2.4785337132522316,-0.4570033147741241,2.632067331679451
295.15244728491894,-0.054514471449736146,-2.4785337132490186,-0.45700331477176254,2.6174157800057256
295.15244728491894,-0.21807647211055706,-2.477981148400659,-0.45701783741238383,2.5977143301844
295.2459956887331,0.05391975031223498,-2.478677018331303,-0.46034960068448094,2.619487551897915
295.2459956887331,-1.526666247102488e-13,-2.4787130626357055,-0.4603486184922108,2.612092904288638
295.2459956887331,-0.21569770332444793,-2.4781362673215686,-0.4603643001172805,2.58548806938264
295.2459956887331,-0.16176690360098026,-2.4783886375036315,-0.4603574488496339,2.5916935731512716
295.2459956887331,-0.05391975031248943,-2.478677018329942,-0.4603496006836515,2.60499584007324
295.24599568873316,0.2156977033241935,-2.478136267323598,-0.46036430012159,2.643459814757132
295.24599568873316,-0.10784089394990594,-2.4785688814925906,-0.4603525458911193,2.598196191706812
295.24599568873316,0.10784089394960061,-2.478568881491102,-0.4603525458897087,2.6271799769976507
295.2459956887332,0.16176690360072582,-2.4783886375043864,-0.4603574488516341,2.6351707140445235
295.33925882990223,0.05332438963454892,-2.47882047425087,-0.46369170652712227,2.606963664700182
295.33925882990223,-1.526666247102488e-13,-2.478855738500647,-0.46369071370891485,2.5996520714599662
295.33925882990223,-0.21331637650105562,-2.478291424025135,-0.4637065675206709,2.5733184664905107
295.33925882990223,-0.10665018122828944,-2.4787146775989943,-0.46369468372275663,2.5859031752657597
295.33925882990223,-0.05332438963480336,-2.4788204742489603,-0.4636917065256192,2.592631964611801
295.33925882990223,0.15998086898734615,-2.478538333898926,-0.4636996403600077,2.6224624343536695
295.3392588299023,0.1066501812279841,-2.478714677599047,-0.463694683722928,2.6145669398249196
295.3392588299023,-0.1599808689876515,-2.478538333898718,-0.46369964035845396,2.5794653142425807
295.3392588299023,0.21331637650075028,-2.4782914240253273,-0.4637065675233327,2.6306502002713614
295.43223877332383,0.21093250838536434,-2.478446621107033,-0.4670446031720959,2.6178961548456066
295.43223877332383,-1.526666247102488e-13,-2.4789985759582667,-0.46702859345768866,2.5872667861450025
295.43223877332383,-0.2109325083856188,-2.478446621108886,-0.4670446031712724,2.561205115761827
295.4322387733239,0.05272839360294947,-2.4789640841879312,-0.46702959589114423,2.5944952623348434
295.4322387733239,0.1054581978077517,-2.478860604995968,-0.46703260203718744,2.6020093701954727
295.4322387733239,-0.10545819780800615,-2.4788606049935065,-0.46703260203446234,2.573665967898445
295.4322387733239,-0.05272839360320391,-2.4789640841858693,-0.46702959588915377,2.580323744744799
295.4322387733239,-0.15819292836316606,-2.4786881236995932,-0.46703760726151333,2.567293063269288
295.4322387733239,0.15819292836286075,-2.4786881236997194,-0.4670376072630778,2.6098096502902615
295.52493381534805,0.052131790515315066,-2.4791078528154613,-0.4703632329710721,2.5820824426813607
295.52493381534805,-1.526666247102488e-13,-2.479141579724328,-0.4703622219342688,2.5749371419795875
295.52493381534805,-0.05213179051556951,-2.4791078528141774,-0.47036323296923166,2.5680712707462154
295.5249338153481,0.20854621216384994,-2.478601862702705,-0.47037837133670796,2.6051977943794427
295.5249338153481,0.15640316661851314,-2.47883801129286,-0.47037131379559055,2.5972124708658315
295.5249338153481,-0.10426500028445675,-2.4790066682413006,-0.4703662650357425,2.5614846573987506
295.5249338153481,-0.2085462121641044,-2.4786018627027744,-0.4703783713343547,2.5491481026752467
295.52493381534816,0.10426500028420231,-2.4790066682420804,-0.47036626503738127,2.589507371114058
295.52493381534816,-0.15640316661881848,-2.4788380112924107,-0.47037131379369135,2.5551769064268823
295.6173497710729,-0.15461152319145335,-2.478988004078509,-0.4737007930741202,2.5431159477802994
295.6173497710729,-1.526666247102488e-13,-2.479284757368492,-0.4736916322374224,2.56266223313942
295.6173497710729,0.10307054828108478,-2.479152874834376,-0.47369570583322484,2.577060032108825
295.61734977107295,-0.10307054828133923,-2.4791528748344676,-0.473695705831876,2.5493583441463663
295.61734977107295,-0.05153456018357105,-2.479251787685411,-0.4736926508675342,2.5558736396992487
295.61734977107295,-0.2061574070874197,-2.4787571560896553,-0.47370790515656036,2.537146535369427
295.61734977107295,0.20615740708716526,-2.4787571560904804,-0.47370790515946126,2.592554205310013
295.61734977107295,0.15461152319119892,-2.4789880040796675,-0.47370079307681306,2.5846699838684617
295.61734977107295,0.051534560183316605,-2.479251787686008,-0.4736926508691735,2.569724297397037
295.7094887419818,-1.526666247102488e-13,-2.4794281148641213,-0.47701685849657766,2.550441650221874
295.70948874198183,0.2037661066333815,-2.4789125068677684,-0.4770332388101306,2.579964985063612
295.70948874198183,0.1528180081896877,-2.4791381078282786,-0.4770260792643536,2.572181784076581
295.70948874198183,-0.05093670597696804,-2.4793958947571375,-0.4770178837230231,2.543730442062074
295.70948874198183,0.10187484853771461,-2.47929923066242,-0.4770209585732353,2.5646669459372786
295.70948874198183,0.0509367059767136,-2.4793958947561014,-0.47701788372339315,2.5574204178457314
295.70948874198183,-0.20376610663363592,-2.4789125068670117,-0.4770332388074487,2.5252000076474515
295.70948874198183,-0.10187484853801994,-2.479299230664143,-0.47702095857301513,2.537286619087463
295.70948874198183,-0.15281800818994215,-2.47913810782697,-0.47702607926121116,2.531109779390703
295.8013528142011,0.050338231167915144,-2.4795401775747683,-0.48033890782993693,2.545170398805808
295.8013528142011,-1.0177774980683254e-13,-2.479571655800054,-0.48033787700845404,2.538274987253462
295.8013528142011,-0.050338231168169593,-2.479540177577032,-0.4803389078304772,2.531641271733533
295.8013528142011,-0.20137232389193144,-2.4790679180355073,-0.4803543486175448,2.513308116769639
295.80135281420115,0.10067790759906266,-2.4794457391635687,-0.480341999558491,2.5523277087539475
295.80135281420115,0.15102263143100325,-2.479288325794239,-0.48034714867131245,2.559747469644924
295.80135281420115,-0.10067790759931709,-2.479445739167054,-0.4803419995595738,2.5252690766173984
295.80135281420115,-0.1510226314312577,-2.4792883257965057,-0.4803471486711874,2.519157996774035
295.8013528142012,0.201372323891677,-2.4790679180331727,-0.48035434861734017,2.567429734419251
295.89294128361973,0.14922545700454373,-2.4794386609370385,-0.4836639574845289,2.5473670169406923
295.89294128361973,0.04973915712063071,-2.4796846394293004,-0.4836556793297054,2.5329742077149273
295.89294128361973,-1.0177774980683254e-13,-2.4797153835082746,-0.4836546439116535,2.5261622084024085
295.89294128361973,0.1989761443125641,-2.479223392266492,-0.48367119081504784,2.554948435404013
295.89294128361973,-0.049739157120885155,-2.4796846394320253,-0.48365567933048054,2.5196060904094697
295.89294128361973,-0.0994797681922934,-2.4795924035031085,-0.4836587849455867,2.51330567675662
295.89294128361973,0.09947976819198807,-2.4795924034995998,-0.483658784944793,2.540042292062847
295.8929412836198,-0.19897614431281854,-2.4792233922685787,-0.4836711908150783,2.501470821796295
295.8929412836198,-0.14922545700479817,-2.479438660940905,-0.48366395748577046,2.5072605590722645
295.9842566881428,-1.0177774980683254e-13,-2.479859304291513,-0.4869671645239772,2.514102849265937
295.9842566881428,-0.04913948396116649,-2.479829286601021,-0.48696820355188103,2.5076244339627394
295.98425668814286,0.04913948396091204,-2.4798292865982843,-0.4869682035510404,2.5208313804798226
295.98425668814286,-0.19657756840075868,-2.479378935457902,-0.48698377086881234,2.489687662936981
295.98425668814286,-0.09828043056915411,-2.4797392298786556,-0.4869713200923805,2.501395956238647
295.98425668814286,0.09828043056889968,-2.4797392298741334,-0.48697132009062816,2.5278102326654146
295.98425668814286,0.19657756840050425,-2.4793789354567495,-0.48698377086973305,2.542520628363866
295.9842566881429,0.14742648528861702,-2.4795891193325192,-0.4869765111106733,2.535039964245083
295.9842566881429,-0.14742648528887148,-2.4795891193360386,-0.4869765111116149,2.4954170044645605
296.07530315865944,-0.09707987344766286,-2.4798862249833493,-0.49027965002322244,2.489539246299967
296.07530315865944,-1.0177774980683254e-13,-2.480003424922189,-0.49027548384188857,2.5020962372561084
296.07530315865944,0.09707987344740843,-2.4798862249789235,-0.49027965002105955,2.5156308560783134
296.0753031586595,-0.1456256843607337,-2.47973970756529,-0.4902848546030728,2.483626666822659
296.0753031586595,-0.1941765535929584,-2.4795345540396627,-0.49029213387860765,2.477957977180522
296.0753031586595,0.14562568436047926,-2.479739707560828,-0.49028485460112153,2.522765636850529
296.0753031586595,0.19417655359270397,-2.4795345540358436,-0.49029213387733583,2.53014563884919
296.0753031586595,0.04853920104764095,-2.4799741258355135,-0.4902765254989699,2.508741243323714
296.0753031586595,-0.04853920104789539,-2.4799741258378987,-0.49027652549978784,2.4956956314764787
296.16608272316125,-1.0177774980683254e-13,-2.480147747623564,-0.49357957836119404,2.4901419794514816
296.16608272316125,-0.09587810261968606,-2.480033390874191,-0.49358375124351556,2.4777351544657624
296.16608272316125,-0.14382306290793004,-2.479890427482746,-0.49358896448230427,2.471889154813657
296.1660827231613,0.1917731114724381,-2.479690249580199,-0.4935962563897587,2.517823080395162
296.1660827231613,0.09587810261943161,-2.4800333908724257,-0.49358375124316073,2.5035037713834716
296.1660827231613,-0.19177311147269255,-2.4796902495832898,-0.4935962563901446,2.4662813749480894
296.1660827231613,0.047938311276648854,-2.4801191593222733,-0.4935806216715662,2.496703404020569
296.1660827231613,-0.047938311276903296,-2.480119159324426,-0.4935806216725309,2.483819289946369
296.1660827231613,0.1438230629076756,-2.4798904274816156,-0.4935889644831661,2.5105436457593706
296.2565924632866,0.14201872784676534,-2.4800412822316416,-0.4968887911289687,2.498374267852772
296.2565924632866,-0.047336850288061075,-2.4802643905284736,-0.4968804423360551,2.4719956634370055
296.2565924632866,-1.0177774980683254e-13,-2.4802922759054624,-0.4968793983353199,2.4782403342485835
296.2565924632866,0.09467518936394767,-2.4801807308969774,-0.49688357406159966,2.4914292483858436
296.2565924632866,0.04733685028785752,-2.4802643905270623,-0.4968804423356035,2.4847181262137377
296.25659246328667,-0.1420187278469689,-2.480041282231904,-0.49688879112756373,2.460204716583055
296.25659246328667,-0.0946751893642021,-2.4801807308975783,-0.4968835740612378,2.4659839313836116
296.25659246328667,-0.1893673845920657,-2.479846024942515,-0.49689608887503894,2.454658102797969
296.25659246328667,0.18936738459181127,-2.479846024940232,-0.4968960888754239,2.5055532378736625
296.3468383493056,0.046734794630808284,-2.4804098270989074,-0.5001760264092188,2.47278449663788
296.34683834930564,-0.1869592791543321,-2.480001887488852,-0.5001916704348511,2.443087265901272
296.34683834930564,-1.0177774980683254e-13,-2.4804370174355084,-0.5001749826704008,2.466390391354628
296.34683834930564,-0.09347108678090435,-2.480328252651667,-0.5001791574351977,2.454284673778307
296.3468383493057,0.09347108678070079,-2.4803282526494734,-0.5001791574341498,2.4794063712051706
296.3468383493057,-0.1402126088287642,-2.480192279314745,-0.5001843735553124,2.448572452900282
296.3468383493057,0.14021260882850978,-2.480192279314368,-0.5001843735565898,2.486256584993208
296.34683834930576,-0.046734794631011836,-2.480409827101188,-0.5001760264103732,2.460223844985649
296.34683834930576,0.18695927915407767,-2.4800018874860097,-0.5001916704346455,2.4933351912475765
296.4368231306959,-0.13840469853661538,-2.480343421882925,-0.5034757294937326,2.4369918833022606
296.4368231306959,-1.0177774980683254e-13,-2.4805819756744967,-0.5034663490510739,2.4545916668173313
296.4368231306959,0.13840469853641182,-2.480343421881971,-0.5034757294947605,2.4741901147515453
296.436823130696,0.18454878540399267,-2.4801578401349635,-0.5034830188359313,2.481168459709361
296.436823130696,0.09226578999173789,-2.480475959456381,-0.5034705190675661,2.467434656347629
296.436823130696,-0.04613214186680448,-2.480555472470522,-0.5034673915865234,2.448503351246268
296.436823130696,0.046132141866600924,-2.4805554724669636,-0.5034673915842651,2.460902031291436
296.436823130696,-0.18454878540419623,-2.4801578401385,-0.5034830188367948,2.431568386071409
296.436823130696,-0.09226578999199234,-2.4804759594603167,-0.5034705190699325,2.44263689946686
296.5265448610277,-0.09105935685307884,-2.4806238536716982,-0.5067576111837159,2.4310407347107543
296.5265448610277,-0.04552892092352527,-2.480701329119313,-0.5067544900471754,2.4368343111083037
296.5265448610277,-1.0177774980683254e-13,-2.4807271531540427,-0.5067534496517746,2.4428442929937737
296.52654486102773,0.13659508375223678,-2.4804947120684155,-0.5067628112305849,2.4621750049250637
296.52654486102773,0.04552892092327082,-2.4807013291132454,-0.5067544900425931,2.449070866838728
296.52654486102773,-0.18213601904825266,-2.4803138847206463,-0.5067700864606661,2.420101586832691
296.52654486102773,0.0910593568528244,-2.480623853665142,-0.5067576111792412,2.4555142456243124
296.52654486102773,-0.13659508375244034,-2.480494712072181,-0.5067628112318664,2.4254631322620814
296.52654486102773,0.1821360190480491,-2.480313884717483,-0.50677008646021,2.4690531978818426
296.61600683967157,-1.0177774980683254e-13,-2.480872556500162,-0.5100363006609218,2.4311477152499785
296.61600683967157,0.13478374550639313,-2.4806461562936533,-0.5100456351147579,2.4502107006438836
296.61600683967157,0.044925125477519055,-2.4808474036439585,-0.5100373379935932,2.4372904480530706
296.61600683967157,0.08985177471736246,-2.480771941813715,-0.5100404500327215,2.4436445837299137
296.61600683967157,-0.08985177471756602,-2.480771941820279,-0.5100404500370477,2.4194956276034936
296.61600683967157,-0.22466453130031733,-2.480243528641997,-0.5100622122919864,2.4035975854821787
296.61600683967157,-0.04492512547772261,-2.48084740364993,-0.5100373379979211,2.425216171044545
296.61600683967157,-0.1347837455066476,-2.4806461562961784,-0.5100456351148618,2.4139856500078296
296.6160068396716,-0.1797209547942726,-2.4804700274798384,-0.5100528897704938,2.408686321061477
296.6160068396716,0.17972095479406905,-2.4804700274779012,-0.5100528897712131,2.456988851844682
296.6160068396717,0.2246645313000629,-2.4802435286400923,-0.5100622122926993,2.463979277969176
296.70521339686053,-1.0177774980683254e-13,-2.481018189208843,-0.5133149190068157,2.4195012467832178
296.70521339686053,0.13297064286789018,-2.480797757745612,-0.5133242181404406,2.4382965116368007
296.70521339686053,-0.17730353806872132,-2.4806262713709644,-0.5133314458164995,2.3973219129000753
296.70521339686053,0.04432074188522404,-2.4809936995235127,-0.5133159523751627,2.4255600865239524
296.7052133968606,0.17730353806851776,-2.4806262713706744,-0.5133314458186544,2.444974731073709
296.7052133968606,-0.04432074188542759,-2.4809936995261004,-0.5133159523761885,2.4136482463115136
296.7052133968606,-0.08864301629756689,-2.4809202272702606,-0.513319052591791,2.408000895912308
296.7052133968606,-0.13297064286809374,-2.4807977577480895,-0.5133242181405756,2.4025587572686917
296.7052133968606,0.08864301629736333,-2.4809202272648343,-0.5133190525885214,2.431824981097732
296.7052133968606,-0.22164283711152497,-2.4804057416487293,-0.5133407343857778,2.392290306239096
296.7052133968606,0.2216428371113214,-2.4804057416484566,-0.5133407343878076,2.4518598808011456
296.7941617153855,-1.0177774980683254e-13,-2.481164053843466,-0.5165892670365443,2.4079051350297047
296.79416171538554,-0.17488390737931,-2.4807826182590453,-0.516605717187785,2.386008598183654
296.79416171538554,-0.13115587971995402,-2.4809495185917716,-0.5165985227858746,2.3911826914651795
296.79416171538554,0.13115587971969958,-2.4809495185908417,-0.516598522787106,2.4264327032446884
296.79416171538554,0.08743315084953246,-2.481068712400269,-0.5165933812478807,2.420055696224047
296.79416171538554,0.043715804775043804,-2.481140219266321,-0.5165902955444662,2.4138800347793765
296.79416171538554,0.21861837553793068,-2.4805679851704387,-0.5166149636867214,2.4397911544974673
296.79416171538554,-0.08743315084978691,-2.4810687124049147,-0.5165933812504999,2.396556779519638
296.79416171538554,-0.21861837553813424,-2.4805679851716778,-0.516614963685617,2.3810344417953555
296.79416171538554,-0.043715804775247356,-2.481140219268055,-0.5165902955448493,2.4021307801302703
296.7941617153856,0.17488390737905557,-2.4807826182619332,-0.5166057171927203,2.433011108630806
296.8828561298635,-0.043110300168873086,-2.4812869699215185,-0.5198603948116334,2.3906630894001664
296.8828561298635,-0.1724620068156023,-2.480939074878747,-0.5198757315037278,2.374745702776928
296.8828561298635,-1.0177774980683254e-13,-2.481310157471216,-0.5198593720380271,2.396358694788321
296.8828561298635,0.04311030016866953,-2.481286969921877,-0.519860394812754,2.4022496059618508
296.88285612986357,0.12933941412826883,-2.4811014457079588,-0.519868576527121,2.414618586630119
296.88285612986357,-0.12933941412847239,-2.4811014457102907,-0.5198685765274039,2.3798567750296953
296.88285612986357,0.08622215041765928,-2.48121740420873,-0.5198634633852224,2.40833604103928
296.88285612986357,0.17246200681539875,-2.4809390748730618,-0.5198757315005719,2.4210972953549468
296.88285612986357,-0.21559107669399524,-2.480730265736473,-0.5198849279787926,2.369829321891609
296.88285612986357,-0.08622215041786284,-2.48121740420973,-0.5198634633847805,2.3851625978694315
296.8828561298636,0.2155910766937917,-2.48073026573094,-0.519884927976092,2.4277724100178437
296.9713006900294,-1.0177774980683254e-13,-2.481456501446732,-0.5231252326737335,2.3848612809612466
296.9713006900294,0.08500999009698286,-2.4813663038696117,-0.5231292976806912,2.3966653680234207
296.9713006900294,-0.08500999009723731,-2.481366303871033,-0.5231292976809392,2.3738177101350564
296.9713006900294,0.04250421561369531,-2.48143395279942,-0.5231262488454013,2.390668153531313
296.97130069002947,0.17003778657031546,-2.4810956418913213,-0.5231414875095114,2.4092326431534445
296.97130069002947,-0.1700377865705699,-2.4810956419009194,-0.5231414875165649,2.36353259197259
296.97130069002947,-0.21256087832176024,-2.480892583638161,-0.5231506260779908,2.358674315573052
296.97130069002947,-0.1275212087374489,-2.4812535400758566,-0.5231343780793194,2.368580369964317
296.97130069002947,-0.04250421561389886,-2.4814339528005736,-0.5231262488461551,2.379244530927886
296.97130069002947,0.12752120873724535,-2.481253540071038,-0.5231343780764196,2.4028535137555416
296.97130069002947,0.2125608783215567,-2.480892583632582,-0.5231506260752924,2.4158029996768584
297.0594899180383,0.12570142196105047,-2.481405804625156,-0.526395883867622,2.3911381041559245
297.0594899180383,-1.0177774980683254e-13,-2.4816030890832543,-0.5263868051621712,2.3734134872270007
297.0594899180383,-0.12570142196125403,-2.4814058046277956,-0.5263958838689052,2.3573540532275663
297.0594899180383,-0.20952804443275955,-2.481054941162793,-0.5264120147951042,2.3475699937285928
297.0594899180383,-0.04189760391659062,-2.4815811711764244,-0.5263878138896039,2.3678756918033295
297.05948991803837,0.04189760391638707,-2.481581171175147,-0.5263878138885641,2.379136278770092
297.05948991803837,0.08379677549922085,-2.481515414533675,-0.5263908404491717,2.3850442870776885
297.05948991803837,-0.16761145785853893,-2.481252321976018,-0.5264029418183689,2.3523698391866392
297.05948991803837,0.16761145785833537,-2.4812523219715703,-0.526402941815717,2.397417782209892
297.05948991803837,0.209528044432556,-2.4810549411582863,-0.5264120147932557,2.4038835653215878
297.05948991803837,-0.08379677549942441,-2.4815154145366156,-0.5263908404509693,2.362522697832977
297.14743278374914,-0.12387991415745633,-2.4815582455861827,-0.5296531308185481,2.3461765623694846
297.14743278374914,0.12387991415725277,-2.4815582455857252,-0.5296531308189475,2.3794710578508727
297.14743278374914,-1.0177774980683254e-13,-2.4817499267886984,-0.5296441262622198,2.362014031611103
297.1474327837492,-0.20649234230056554,-2.4812173441787433,-0.5296691313294651,2.3365151077657242
297.1474327837492,-0.04129041852813116,-2.481728631432438,-0.5296451267157325,2.356555296391688
297.1474327837492,-0.08258241352775661,-2.481664742528021,-0.529648128523959,2.3512762918366965
297.1474327837492,-0.1651828344937568,-2.481409121173758,-0.5296601314552732,2.3412561888138357
297.1474327837492,0.08258241352755306,-2.4816647425274967,-0.5296481285242705,2.3734715040546255
297.1474327837492,0.206492342300362,-2.4812173441721628,-0.5296691313256949,2.392012795813238
297.1474327837492,0.0412904185279276,-2.4817286314332025,-0.5296451267167396,2.367652693532778
297.1474327837492,0.16518283449355325,-2.4814091211695053,-0.5296601314526062,2.385651406880089
297.23512754002206,-1.0177774980683254e-13,-2.4818970161364216,-0.5328971949819628,2.350663024884379
297.23512754002206,-0.04068268640023551,-2.481876335101817,-0.5328981863482711,2.3452834522368735
297.23512754002206,-0.16275202427748592,-2.481566040356909,-0.5329130556246864,2.3301917434566772
297.2351275400221,-0.08136695808505333,-2.4818142892460524,-0.5329011609593166,2.3400785972530884
297.2351275400221,-0.1220567661787583,-2.4817108641251364,-0.5329061180425005,2.3350480008497994
297.2351275400221,0.08136695808490067,-2.481814289247123,-0.5329011609612256,2.3619471385483832
297.2351275400221,-0.2034539066734739,-2.481379793153643,-0.5329219749911189,2.325509760219612
297.2351275400221,0.12205676617855474,-2.481710864125562,-0.5329061180437581,2.367852500030798
297.2351275400221,0.04068268640003195,-2.481876335105178,-0.5328981863517872,2.3562175126069307
297.2351275400221,0.16275202427728236,-2.481566040355145,-0.5329130556243069,2.3739336487405143
297.2351275400221,0.20345390667327035,-2.4813797931476778,-0.532921974987924,2.3801908299041243
297.32257543539146,-0.08015042171735601,-2.4819640598643087,-0.5361499320201036,2.32892933603766
297.32257543539146,-0.16031905230068955,-2.4817230843418487,-0.5361617088934412,2.3191762270509186
297.32257543539146,0.08015042171715245,-2.4819640598637487,-0.5361499320207492,2.3504709158865045
297.32257543539146,-1.0177774980683254e-13,-2.482044362425047,-0.5361460054891902,2.3393601894662033
297.32257543539146,-0.040074413805873496,-2.4820242874525533,-0.5361469869794195,2.334059881220818
297.3225754353915,0.20041276891409462,-2.481542292627073,-0.5361705405703334,2.3684174018676507
297.3225754353915,0.04007441380566994,-2.48202428745337,-0.5361469869805542,2.3448304595604568
297.3225754353915,-0.20041276891429818,-2.4815422926327453,-0.5361705405734878,2.3145536769326123
297.3225754353915,-0.12023199684381496,-2.481863665270306,-0.5361548399308995,2.3239680913086613
297.3225754353915,0.16031905230048601,-2.4817230843382188,-0.5361617088913696,2.3622642384714223
297.32257543539157,0.1202319968436114,-2.481863665269435,-0.5361548399310968,2.356282158394043
297.40978161468837,-0.11840554288167393,-2.482016650358717,-0.5393992963605507,2.312936064694077
297.4097816146884,0.11840554288152126,-2.4820166503552663,-0.5393992963583862,2.344759246884077
297.4097816146884,0.03946557965404915,-2.482172490141126,-0.5393915283905293,2.333490752446614
297.4097816146884,-1.0177774980683254e-13,-2.4821919673581077,-0.5393905575595828,2.3281047460492448
297.4097816146885,-0.03946557965420182,-2.4821724901443774,-0.5393915283931612,2.3228838070652107
297.4097816146885,-0.15788383420401472,-2.4818802541856657,-0.539406091222469,2.3082088747415725
297.4097816146885,0.078932762242978,-2.4821140559179313,-0.5393944415230114,2.3390420518724566
297.4097816146885,-0.19736882357655694,-2.481704843305885,-0.539414828140045,2.3036460976359616
297.4097816146885,-0.07893276224318155,-2.4821140559191694,-0.5393944415230082,2.317827735330611
297.4097816146885,0.19736882357635338,-2.481704843299912,-0.5394148281362761,2.356691723096837
297.4097816146885,0.15788383420381116,-2.4818802541781952,-0.5394060912169638,2.350642388546108
297.49674117757405,-1.0177774980683254e-13,-2.482339834795915,-0.542630833743318,2.3168972127440415
297.49674117757405,-0.07771407749191377,-2.4822642811276867,-0.5426346721292217,2.3067743019958575
297.49674117757405,0.038856232860115913,-2.4823209469990064,-0.5426317931650646,2.3221989164241954
297.49674117757405,-0.038856232860319466,-2.482320946998446,-0.5426317931641684,2.3117557417822536
297.49674117757405,0.0777140774917102,-2.4822642811272746,-0.5426346721297343,2.327661079663305
297.4967411775741,-0.15544656563808673,-2.4820375531504477,-0.5426461855848058,2.297290185946744
297.4967411775741,-0.11657755103361199,-2.482169822917077,-0.5426394701217401,2.301952423671862
297.4967411775741,0.15544656563788317,-2.482037553144879,-0.5426461855812912,2.339068650967371
297.4967411775741,-0.19432231521732343,-2.481867448102357,-0.5426548209068555,2.292787519450355
297.4967411775741,0.19432231521711987,-2.4818674480986465,-0.5426548209048129,2.3450143564421504
297.4967411775741,0.11657755103345932,-2.4821698229126055,-0.5426394701187829,2.33328430760588
297.58346332545443,0.07649426761886763,-2.482414738954283,-0.5458706369332526,2.316326686952795
297.58346332545443,0.03824632350137506,-2.4824696615839152,-0.5458677943467428,2.3109536456548847
297.58346332545443,-1.0177774980683254e-13,-2.4824879683301795,-0.5458668470695173,2.3057362903407146
297.58346332545443,0.11474787153560408,-2.4823231862417323,-0.5458753743826461,2.321856021946215
297.58346332545443,-0.07649426761907117,-2.482414738952349,-0.54587063693085,2.2957677505616587
297.5834633254545,-0.11474787153580764,-2.4823231862436197,-0.5458753743831775,2.2910158898794863
297.5834633254545,0.153007046922034,-2.482194984309029,-0.5458820052627259,2.32754170097577
297.5834633254545,-0.1530070469221867,-2.482194984310403,-0.5458820052622273,2.286418889572891
297.5834633254545,0.191272994241882,-2.4820301098104207,-0.5458905323050347,2.333383971159007
297.5834633254545,-0.03824632350152773,-2.4824696615807067,-0.545867794343447,2.3006743929509876
297.5834633254545,-0.19127299424203464,-2.4820301098098123,-0.5458905323034218,2.2819766787110383
297.6699423860157,-0.11291666736542963,-2.4824767425405354,-0.5491070029254952,2.2801270634210704
297.6699423860157,-0.0376359059051101,-2.4826186364200797,-0.5490995255254859,2.2896403713523084
297.6699423860157,-0.07527344127830483,-2.4825654317981583,-0.5491023295907133,2.284808685979854
297.6699423860157,0.11291666736527696,-2.482476742541617,-0.5491070029272738,2.3104750338120255
297.6699423860157,0.15056549535440578,-2.4823525495783247,-0.5491135441975121,2.316062193211926
297.6699423860157,-1.0177774980683254e-13,-2.4826363705295704,-0.5490985911082252,2.29462259643027
297.66994238601575,0.03763590590495744,-2.4826186364197844,-0.5490995255254418,2.299755565520772
297.66994238601575,0.18822113226649823,-2.482192829961929,-0.5491219564728748,2.3218012336025753
297.66994238601575,0.07527344127810129,-2.4825654318008765,-0.549102329593628,2.3050395078951076
297.66994238601575,-0.18822113226665088,-2.4821928299628953,-0.5491219564730809,2.2712141687709466
297.66994238601575,-0.15056549535460934,-2.4823525495788052,-0.5491135441965019,2.2755955818578126
297.7561861779466,-1.0177774980683254e-13,-2.482785045236346,-0.5523260687112873,2.2835550142423857
297.7561861779466,0.0740515168282874,-2.482716363386675,-0.5523297530492385,2.2937984152248654
297.7561861779466,-0.18516652520210264,-2.482355611607433,-0.5523490967866863,2.2604989032592044
297.7561861779466,0.03702493924999582,-2.4827678753215663,-0.5523269895776772,2.2886035538849576
297.7561861779466,0.11108381606318407,-2.4826304953710783,-0.552334358793207,2.2991402110477677
297.7561861779466,-0.037024939250199375,-2.4827678753228652,-0.5523269895787098,2.278652565820447
297.75618617794663,0.22222658627091615,-2.482166526391607,-0.5523592321664851,2.316049654106821
297.75618617794663,0.18516652520189908,-2.4823556116044965,-0.5523490967841729,2.310265002552331
297.75618617794663,-0.11108381606333674,-2.482630495369418,-0.5523343587912656,2.2692848450532717
297.75618617794663,-0.22222658627111969,-2.4821665263915706,-0.5523592321674841,2.256323189678949
297.75618617794663,0.1481217476597226,-2.4825102522899756,-0.5523408055725268,2.3046289908685496
297.75618617794663,-0.1481217476598753,-2.4825102522878715,-0.552340805569785,2.264819169875683
297.75618617794663,-0.07405151682849095,-2.4827163633864653,-0.5523297530487237,2.273896002927122
297.84219128136226,-0.18210936524259197,-2.482518456087729,-0.555571955443425,2.2498311949591363
297.84219128136226,-0.0364134619784552,-2.482917380626361,-0.5555501881911539,2.2677112996460043
297.84219128136226,-1.0177774980683254e-13,-2.482933994830778,-0.555549281547315,2.272533871810414
297.8421912813623,-0.145675957597397,-2.482668094156949,-0.555563791390789,2.2540899677668476
297.8421912813623,0.18210936524243931,-2.4825184560858857,-0.5555719554414312,2.2987756424482946
297.8421912813623,0.2185581391364784,-2.4823354859402524,-0.5555819358394258,2.3044528918999876
297.8421912813623,-0.10924943295150549,-2.4827844467331093,-0.5555574438346469,2.2584895511200767
297.8421912813623,-0.07282857115249082,-2.4828675359228694,-0.5555529090493541,2.2630300207975225
297.8421912813623,0.14567595759724433,-2.4826680941567556,-0.5555637913909588,2.2932424494118897
297.8421912813623,0.07282857115228727,-2.4828675359227783,-0.5555529090496761,2.282603748999573
297.8421912813624,0.10924943295135282,-2.4827844467338216,-0.5555574438358475,2.287851900992231
297.8421912813624,0.03641346197830254,-2.482917380625813,-0.5555501881907636,2.2774979443697845
297.8421912813624,-0.21855813913668196,-2.4823354859394526,-0.5555819358398697,2.2457123684853895
297.9279631404055,0.21488648134124635,-2.4825044169559862,-0.558800346753561,2.2929024512689167
297.9279631404055,-0.1432280269555134,-2.482826077757109,-0.5587824975906787,2.243407183618018
297.9279631404055,-1.0177774980683254e-13,-2.483083222449693,-0.5587682251984869,2.261558361090689
297.9279631404055,0.14322802695536074,-2.4828260777546682,-0.5587824975885901,2.281901750533968
297.92796314040555,0.07160455514228575,-2.483018952397741,-0.5587717932578088,2.2714546953097026
297.92796314040555,0.0358014495356901,-2.483067155428663,-0.5587691169638599,2.2664379258152714
297.92796314040555,-0.03580144953584277,-2.483067155430745,-0.558769116965521,2.256815768268229
297.92796314040555,-0.10741344436966346,-2.482938599446024,-0.5587762538300497,2.2477403851260225
297.92796314040555,-0.07160455514243841,-2.483018952398288,-0.5587717932576975,2.252209938879804
297.92796314040555,0.17904952962664689,-2.482681365667629,-0.5587905285820577,2.287332333333851
297.92796314040555,0.10741344436951081,-2.4829385994469964,-0.5587762538316402,2.276609287353203
297.92796314040555,-0.21488648134139904,-2.482504416952615,-0.5588003467518216,2.235148732013943
297.92796314040555,-0.17904952962679954,-2.482681365668118,-0.5587905285831682,2.2392102569058867
298.0134999309984,0.10557593144897703,-2.483092955771581,-0.561990791318945,2.2654125083297907
298.0134999309984,-0.03518892896684754,-2.48321720231501,-0.5619837782590037,2.245966092346847
298.0134999309984,-0.1055759314491297,-2.483092955770469,-0.561990791317422,2.237037463464648
298.0134999309984,0.07037952288689751,-2.4831706152767583,-0.5619864081037347,2.2603513868437273
298.0134999309984,-1.0177774980683254e-13,-2.4832327307084205,-0.5619829019960312,2.2506286060019347
298.0134999309985,0.14077806390687395,-2.4829842050696427,-0.5619969268663545,2.2706070386952146
298.0134999309985,0.03518892896669487,-2.4832172023141497,-0.5619837782588574,2.255423626149745
298.0134999309985,-0.07037952288705018,-2.483170615278267,-0.5619864081043767,2.2414358753252053
298.0134999309985,-0.1407780639070266,-2.482984205068144,-0.5619969268648759,2.2327709328156913
298.0134999309985,-0.1759871535672293,-2.4828443419775565,-0.5620048191142505,2.228636204229795
298.0134999309985,0.21121177513376188,-2.482673320631243,-0.5620144680729238,2.2813984914486367
298.0134999309985,0.17598715356702574,-2.4828443419795123,-0.562004819115346,2.27593522668146
298.01349993099853,-0.21121177513396544,-2.4826733206284084,-0.562014468071701,2.224632395889828
298.09880619753886,0.13832599404746526,-2.483142477958231,-0.5652070754259421,2.2593576176691363
298.09880619753886,0.06915343718238567,-2.4833225268654133,-0.5651967495271392,2.2492931298941583
298.09880619753886,0.10373683838531664,-2.4832475178296445,-0.5652010523499738,2.2542608687482284
298.09880619753886,-5.088887490341627e-14,-2.4833825220573607,-0.5651933077884257,2.2397439170096236
298.09880619753886,0.03457588166934662,-2.4833675236954367,-0.5651941679457321,2.2444543535455264
298.09880619753886,-0.13832599404761792,-2.4831424779546585,-0.5652070754223848,2.222180539129525
298.09880619753886,-0.2075339089151294,-2.4828421980643824,-0.565224296432461,2.2141626930126206
298.09880619753886,-0.03457588166949929,-2.483367523695614,-0.5651941679451942,2.2351615850536786
298.09880619753886,-0.06915343718258923,-2.4833225268649266,-0.5651967495261658,2.230707146425184
298.09880619753886,0.17292214406074743,-2.4830073865348723,-0.565214823434759,2.264583625625659
298.0988061975389,0.20753390891497672,-2.4828421980683797,-0.5652242964349117,2.2699403153485087
298.0988061975389,-0.1729221440609001,-2.4830073865314084,-0.5652148234320046,2.218108365059135
298.0988061975389,-0.10373683838546931,-2.483247517827149,-0.5652010523474605,2.2263801059599606
298.18388025084585,0.06792634999809774,-2.4834746898978874,-0.568402820589223,2.238280040286721
298.1838802508459,0.10189624313092242,-2.4834022881696742,-0.568407040117192,2.2431544897614497
298.1838802508459,-0.033962333628624435,-2.4835181224196474,-0.5684002890084322,2.224402350637508
298.1838802508459,-5.088887490341627e-14,-2.4835325993874537,-0.5683994455404409,2.228904401487325
298.1838802508459,0.033962333628471765,-2.4835181224205627,-0.5684002890096339,2.2335302192351736
298.18388025084596,-0.10189624313107509,-2.483402288167764,-0.5684070401153926,2.215768412813673
298.18388025084596,-0.16985463102222428,-2.4831705012764695,-0.5684205451439756,2.2076268384859277
298.18388025084596,0.1698546310220716,-2.4831705012782446,-0.5684205451453824,2.253277664176666
298.18388025084596,0.13587192131135145,-2.4833008987026175,-0.5684129466379528,2.248153614670125
298.18388025084596,-0.1358719213115041,-2.483300898701035,-0.5684129466360399,2.2116361018391233
298.18388025084596,-0.06792634999825041,-2.4834746898954942,-0.5684028205869571,2.2200238540378088
298.18388025084596,-0.2038530385760892,-2.4830110507944925,-0.5684298357296363,2.203739723021383
298.18388025084596,0.2038530385759365,-2.483011050798144,-0.5684298357318297,2.258528064508816
298.26872718358004,-0.03334826184647174,-2.483669000162604,-0.571602137513199,2.2136876361771347
298.26872718358004,0.13341575371220937,-2.4834594683756195,-0.5716145368657801,2.236994264208124
298.26872718358004,-0.13341575371236203,-2.483459468374217,-0.5716145368640545,2.2011368801759894
298.26872718358004,-5.088887490341627e-14,-2.4836829644103156,-0.5716013112933336,2.21810930323124
298.26872718358004,-0.10005407669462711,-2.483557268142084,-0.5716087508405843,2.205201638822317
298.2687271835801,-0.06669821533904012,-2.4836271059259136,-0.5716046174113538,2.2093852489087373
298.2687271835801,0.06669821533888745,-2.4836271059279422,-0.5716046174129926,2.2273113564053326
298.2687271835801,-0.2001690261462656,-2.4831798790950717,-0.5716310827380577,2.1933627551691113
298.2687271835801,0.20016902614611293,-2.483179879096449,-0.5716310827380913,2.247160971104702
298.2687271835801,0.16678449947104587,-2.483333686927307,-0.5716219807980426,2.242016575484572
298.2687271835801,0.03334826184631907,-2.483669000161928,-0.5716021375125362,2.222650464116529
298.2687271835801,-0.16678449947119853,-2.4833336869256106,-0.5716219807967822,2.197190888560599
298.2687271835801,0.10005407669447444,-2.4835572681433074,-0.5716087508417449,2.232092607624037
298.3533440071469,-0.06546910379235697,-2.483779778008419,-0.5748021436672096,2.1987915965408593
298.3533440071469,0.1637119258645386,-2.4834969457740423,-0.5748191346725173,2.2308006665517506
298.3533440071469,-5.088887490341627e-14,-2.4838336203227773,-0.5747989085984611,2.2073588956492003
298.3533440071469,0.0654691037922043,-2.4837797780103585,-0.5748021436686006,2.2163873627244235
298.353344007147,-0.03273370161702038,-2.483820160085307,-0.5747997170401984,2.2030177107326954
298.353344007147,0.09821044495511139,-2.4837124606263,-0.5748061883404125,2.221075513529217
298.353344007147,-0.16371192586469124,-2.4834969457720284,-0.574819134670982,2.186800774858363
298.353344007147,0.03273370161686772,-2.483820160083626,-0.5747997170383109,2.2118153667355402
298.353344007147,0.13095763241903488,-2.483618189599502,-0.5748118501299637,2.2258798649855716
298.353344007147,0.19648208336541245,-2.483348684853539,-0.5748280420537986,2.235839351228873
298.353344007147,-0.09821044495526406,-2.483712460623931,-0.5748061883383251,2.1946800467221346
298.353344007147,-0.13095763241918754,-2.483618189596611,-0.574811850127009,2.190683134900398
298.353344007147,-0.19648208336551423,-2.4833486848528015,-0.5748280420543298,2.183032048637163
298.43773778406387,0.12849740635532791,-2.4837770625916167,-0.5780048828459379,2.214809395883082
298.43773778406387,-0.1284974063554806,-2.4837770625920976,-0.5780048828464632,2.180273885495803
298.43773778406387,-0.16063672136177187,-2.483660277657107,-0.5780120033464515,2.176455523226043
298.43773778406387,-0.03211861516937699,-2.4839716030446115,-0.577993023745372,2.1923915764136312
298.43773778406387,-5.088887490341627e-14,-2.4839845680263535,-0.5779922335963765,2.1966521756316797
298.4377377840639,-0.09636523460310462,-2.483867866130001,-0.5779993489036772,2.184202649919188
298.4377377840639,0.03211861516922432,-2.4839716030417853,-0.5779930237425366,2.201023919050158
298.4377377840639,0.09636523460300284,-2.483867866131998,-0.5779993489051131,2.2101021904298417
298.4377377840639,0.06423893981666862,-2.483932706872029,-0.5779953955620978,2.2055070465559776
298.4377377840639,-0.19279198363381736,-2.4835174674404863,-0.5780207104527496,2.1727466359211096
298.4377377840639,0.22495907610347476,-2.483348596112798,-0.5780309995255807,2.2296086954521477
298.4377377840639,0.1606367213616701,-2.483660277656419,-0.5780120033454321,2.219628912473578
298.4377377840639,0.1927919836336647,-2.483517467441361,-0.578020710452428,2.2245621764787638
298.4377377840639,-0.22495907610362742,-2.4833485961124544,-0.5780309995257207,2.1691478403918367
298.4377377840639,-0.06423893981682127,-2.4839327068708204,-0.5779953955613985,2.1882419045488715
298.52190281823323,0.06300783341133147,-2.4840858947031648,-0.5811843633213537,2.19467104163503
298.5219028182333,-0.22065084485752023,-2.483523685024446,-0.5812191252526293,2.158964488822081
298.5219028182333,-5.088887490341627e-14,-2.4841358098698496,-0.5811812763940983,2.185989760306609
298.5219028182333,0.09451861063336678,-2.4840234866493085,-0.5811882229125382,2.1991732817330196
298.5219028182333,0.03150305750327064,-2.4841233313473223,-0.5811820477638593,2.1902767460356123
298.52190281823334,0.12603529551003073,-2.483936089068135,-0.5811936256072666,2.203783510892431
298.52190281823334,-0.1575591609416973,-2.4838236839356758,-0.5812005776873548,2.1661557252463552
298.52190281823334,-0.12603529551018341,-2.483936089067111,-0.581193625606785,2.169909726827848
298.52190281823334,-0.06300783341143325,-2.4840858947024294,-0.5811843633206774,2.177736777103844
298.52190281823334,-0.09451861063351945,-2.484023486646384,-0.5811882229102188,2.173770047475314
298.52190281823334,-0.18909905691301143,-2.483686227785747,-0.5812090791427704,2.1625071062347447
298.52190281823334,0.15755916094159553,-2.4838236839358934,-0.5812005776866566,2.2085019787391986
298.52190281823334,0.18909905691290965,-2.4836862277887426,-0.5812090791443537,2.21333012475329
298.52190281823334,0.22065084485741845,-2.483523685028342,-0.5812191252563333,2.2182674530821402
298.5219028182334,-0.03150305750337242,-2.4841233313509044,-0.581182047766902,2.181809843413108
298.6058480946258,-0.12357109053465774,-2.4840952707774635,-0.5843780894055574,2.1595894455945093
298.6058480946258,-5.088887490341627e-14,-2.4842873481752497,-0.5843660476380866,2.17537040667994
298.6058480946258,0.030886976279239076,-2.4842753472876278,-0.5843667997709009,2.1795725977618106
298.6058480946258,-0.030886976279340856,-2.4842753472882104,-0.5843667997709665,2.1712712758681167
298.6058480946258,0.18540298920052004,-2.4838549669342145,-0.5843931595633347,2.202141914373631
298.6058480946258,-0.1854029892006727,-2.4838549669315797,-0.5843931595617886,2.1523122622878983
298.6058480946258,0.12357109053450507,-2.484095270779315,-0.5843780894066247,2.1928009404473103
298.60584809462586,0.1544789829252217,-2.4839871660408885,-0.5843848688854127,2.1974185896280525
298.60584809462586,0.21633894927701142,-2.4836986380973918,-0.5844029566052454,2.20697041539066
298.60584809462586,-0.2163389492771641,-2.483698638094383,-0.5844029566016339,2.1488263271020394
298.60584809462586,-0.15447898292532347,-2.483987166038963,-0.5843848688848432,2.155900175526449
298.60584809462586,0.09267041603132771,-2.484179324184973,-0.5843728212091999,2.1882875242223645
298.60584809462586,-0.09267041603148037,-2.484179324183313,-0.5843728212078638,2.1633810183736677
298.60584809462586,-0.06177567989762455,-2.484239343686032,-0.5843690576813262,2.1672749856685627
298.60584809462586,0.06177567989747188,-2.4842393436876153,-0.5843690576831029,2.1838780912905933
298.68956815628115,0.030270424799307638,-2.4844276511649306,-0.5875472690802528,2.168912068335463
298.68956815628115,0.060542585878631656,-2.4843930539915626,-0.5875494680396719,2.1731287981246066
298.68956815628115,-0.060542585878784326,-2.4843930539902845,-0.587549468038267,2.1568571041936053
298.68956815628115,-0.121105004626929,-2.484254607329345,-0.5875582639251392,2.1493136067514533
298.68956815628115,-0.030270424799409414,-2.4844276511649723,-0.5875472690798964,2.1607764535596
298.68956815628115,-5.088887490341627e-14,-2.484439183293264,-0.5875465366225393,2.1647947012513917
298.68956815628115,0.12110500462682722,-2.4842546073291034,-0.5875582639240312,2.181862306804406
298.6895681562812,-0.18170410027307665,-2.484023683535597,-0.5875729418665094,2.1421626635977478
298.6895681562812,-0.1513964538034393,-2.484150723148744,-0.5875648668359479,2.145689435857905
298.6895681562812,-0.21202376241897758,-2.483873453359415,-0.5875824840369981,2.1387339133642658
298.6895681562812,-0.090820810699145,-2.4843353786746065,-0.5875531333108094,2.1530361316229945
298.6895681562812,0.15139645380333752,-2.4841507231501234,-0.5875648668361981,2.1863793785568157
298.6895681562812,0.09082081069904321,-2.4843353786754596,-0.5875531333112546,2.1774455298830575
298.6895681562812,0.2120237624188758,-2.48387345336017,-0.5875824840392169,2.1957182407796245
298.6895681562812,0.18170410027297487,-2.4840236835373664,-0.5875729418679817,2.1909981908046765
298.7730695018225,-5.088887490341627e-14,-2.48459131908879,-0.5907227552312905,2.1542617194506732
298.7730695018225,-0.14831140042995575,-2.4843143583973024,-0.5907405841838907,2.1355226088959376
298.7730695018225,-0.029653368431764953,-2.4845802468125164,-0.5907234676035082,2.1503244567295114
298.7730695018225,-0.08896969074392366,-2.4844916537148856,-0.5907291713686428,2.1427344780391993
298.7730695018225,-0.059308482091795164,-2.484547029354503,-0.5907256063879768,2.14648221804971
298.7730695018225,0.059308482091693385,-2.484547029353445,-0.5907256063870315,2.162422228892484
298.7730695018225,0.029653368431612284,-2.484580246813115,-0.5907234676043497,2.158294228690725
298.7730695018225,0.1483114004298031,-2.4843143583990397,-0.5907405841847281,2.175383401647466
298.7730695018225,0.1780021823630077,-2.484192380405571,-0.5907484390357283,2.1798980072586756
298.7730695018225,-0.17800218236316037,-2.4841923804044783,-0.5907484390344938,2.132057419213042
298.77306950182253,0.088969690743771,-2.484491653712723,-0.5907291713662001,2.16664636160881
298.77306950182253,-0.20770504189838443,-2.4840481332439723,-0.5907577209342421,2.1286863633671134
298.77306950182253,-0.11863689926671636,-2.484414102115162,-0.5907341615303269,2.139081306876061
298.77306950182253,0.20770504189828265,-2.4840481332429847,-0.5907577209352337,2.184509979869248
298.77306950182253,0.11863689926656369,-2.4844141021148145,-0.5907341615291387,2.170966669312905
298.85635134905044,-0.0580734061431285,-2.4847012683231866,-0.593897468802636,2.1361503200106626
298.85635134905044,-5.088887490341627e-14,-2.484743754324347,-0.5938946994833564,2.1437714577875435
298.85635134905044,-0.0871171125742004,-2.484648147578654,-0.5939009315227137,2.1324760495164705
298.85635134905044,-0.029035825979694077,-2.4847331329388846,-0.5938953913742838,2.1399152796901966
298.85635134905044,0.05807340614297584,-2.484701268322065,-0.5938974688014966,2.1517583864753993
298.8563513490505,0.029035825979592297,-2.4847331329416784,-0.5938953913768307,2.1477190781936244
298.8563513490505,0.1161668496633496,-2.484573753044714,-0.5939057784720844,2.160114039861146
298.8563513490505,-0.1742973482778704,-2.484361054396192,-0.593919647625597,2.121996522343957
298.8563513490505,-0.11616684966350227,-2.484573753043111,-0.5939057784710632,2.1288925376419763
298.8563513490505,-0.14522391681443586,-2.484478069218926,-0.5939120173163975,2.1253996867527203
298.8563513490505,0.08711711257404774,-2.484648147578419,-0.5939009315224043,2.155890026454878
298.8563513490505,0.14522391681433408,-2.4844780692196924,-0.5939120173166387,2.1644306762806638
298.85635134905056,-0.20338291931798447,-2.4842226739233446,-0.5939286640566629,2.118683672078257
298.85635134905056,0.17429734827776863,-2.484361054393922,-0.5939196476238402,2.168841387267843
298.85635134905056,0.2033829193178827,-2.4842226739208435,-0.5939286640561946,2.173345663002919
298.9394140424352,0.028417807941673458,-2.4848863132953114,-0.5970630402375843,2.137186472809482
298.9394140424352,-5.088887490341627e-14,-2.4848964927709627,-0.5970623691793112,2.1333237705162906
298.9394140424352,-0.19905746815612238,-2.484397077737609,-0.5970953150125172,2.108725698587703
298.9394140424352,0.11369489780931051,-2.484733563425661,-0.5970731151429189,2.1493042831503257
298.9394140424352,0.142134055445599,-2.484641858658696,-0.5970791669563283,2.1535210712709394
298.9394140424352,0.17058966100129858,-2.4845297082338904,-0.5970865687698901,2.1578282043609174
298.9394140424352,0.08526310768464192,-2.4848048637917497,-0.5970684139204611,2.145176385609909
298.9394140424352,-0.08526310768474368,-2.4848048637903983,-0.5970684139188878,2.1222606987783275
298.9394140424352,-0.1421340554457008,-2.484641858657113,-0.5970791669549921,2.115320524133581
298.9394140424352,0.05683737902948325,-2.484855774565912,-0.5970650552434299,2.1411371291501142
298.9394140424352,0.19905746815596972,-2.4843970777390836,-0.5970953150150637,2.1622251690247376
298.93941404243526,-0.11369489780941229,-2.4847335634275782,-0.5970731151446942,2.118747152463298
298.93941404243526,-0.028417807941775237,-2.4848863132917516,-0.59706304023464,2.129548775585308
298.93941404243526,-0.05683737902958503,-2.4848557745624116,-0.5970650552402308,2.1258612627098628
298.9394140424353,-0.17058966100140036,-2.484529708230414,-0.5970865687663997,2.1119798295876806
299.0222630460905,-0.19472849377572657,-2.4845713406571983,-0.6002576754923041,2.0988116899772953
299.0222630460905,-0.22259095624791062,-2.4844247000648396,-0.6002674663868597,2.0956997178371783
299.0222630460905,0.1947284937756248,-2.4845713406608816,-0.6002576754962358,2.151147692711264
299.0222630460905,0.13904167728587893,-2.4848057239323755,-0.6002420345022476,2.1426537844164075
299.0222630460905,0.05560034513232157,-2.4850105463793155,-0.6002283668502436,2.1305576620319844
299.0222630460905,0.11122093247128922,-2.484893530943897,-0.6002361728343752,2.13853659904648
299.0222630460905,-5.088887490341627e-14,-2.485049532937058,-0.6002257654158472,2.122917869485187
299.0222630460905,-0.02779928650840874,-2.4850397863265563,-0.6002264152917786,2.1192241601855386
299.0222630460905,-0.111220932471391,-2.484893530947971,-0.6002361728378909,2.1086443811004467
299.0222630460905,-0.1390416772859807,-2.484805723929319,-0.6002420344994904,2.1052843562027683
299.02226304609053,0.027799286508306965,-2.4850397863294442,-0.6002264152940021,2.1266956208347363
299.02226304609053,0.08340759264889178,-2.484961800392351,-0.6002316197613288,2.134504641379072
299.02226304609053,-0.08340759264899356,-2.4849618003960856,-0.6002316197643172,2.112087650551602
299.02226304609053,-0.16687895369498093,-2.484698338554214,-0.6002492039915408,2.102006581882235
299.02226304609053,0.16687895369482825,-2.484698338560287,-0.600249203997204,2.1468576546394234
299.02226304609053,0.22259095624780884,-2.4844247000676143,-0.6002674663897547,2.1555241112366725
299.02226304609053,-0.05560034513242335,-2.485010546377776,-0.6002283668487649,2.1156142662109
299.10489283699724,-0.05436241263757485,-2.485165583700121,-0.603387369201284,2.1054099104493655
299.10489283699724,-5.088887490341627e-14,-2.4852028749420194,-0.603384853654851,2.112554347458694
299.10489283699724,-0.02718031577294195,-2.4851935521137305,-0.6033854820336808,2.1089420194134836
299.1048928369973,0.08155072974266651,-2.4851189571004815,-0.6033905147803177,2.1238754121804706
299.1048928369973,-0.21764018650703248,-2.484605185128015,-0.603425182237664,2.0858863810014796
299.1048928369973,0.02718031577284017,-2.4851935521170225,-0.6033854820362045,2.1162471227304183
299.1048928369973,0.19039637477155363,-2.484745460667258,-0.6034157124910902,2.140113898653152
299.1048928369973,0.13594705278206398,-2.4849696640587444,-0.6034005861841687,2.131829455511328
299.1048928369973,0.16316555088195453,-2.484866943919616,-0.6034075198894998,2.135930389868168
299.1048928369973,0.05436241263747308,-2.485165583699432,-0.6033873692004295,2.1200205941332744
299.1048928369973,-0.1631655508820563,-2.4848669439187403,-0.6034075198885888,2.0920773437686004
299.1048928369973,-0.0815507297427683,-2.4851189571025816,-0.6033905147820576,2.101957479639965
299.1048928369973,-0.1903963747716554,-2.4847454606652106,-0.6034157124889968,2.0889422090795238
299.1048928369973,0.21764018650693073,-2.4846051851305777,-0.6034251822396024,2.144380193137048
299.1048928369973,-0.13594705278216576,-2.484969664057489,-0.6034005861832106,2.095291750066083
299.10489283699735,-0.10874517001254827,-2.485053655009026,-0.6033949174937355,2.0985847940803843
299.10489283699735,0.1087451700123956,-2.485053655007949,-0.6033949174927641,2.1278116162283087
299.18731081531746,0.05312349628195097,-2.4853208910558013,-0.6065420991850792,2.1095248858988227
299.18731081531746,-5.088887490341627e-14,-2.485356523402178,-0.60653967064462,2.1022321757706446
299.18731081531746,0.1328499687907834,-2.485133683043361,-0.6065548595811859,2.1210470308027944
299.18731081531746,-0.10626743991367874,-2.4852139398478252,-0.6065493864013396,2.0885673879261377
299.18731081531746,-0.13284996879088518,-2.4851336830454445,-0.606554859583562,2.0853417092536435
299.18731081531746,0.02656085310342346,-2.4853476152533145,-0.6065402772487454,2.1058399442436038
299.1873108153175,-0.07969239107397949,-2.485276338319959,-0.6065451360317863,2.0918691758431063
299.1873108153175,0.07969239107387771,-2.485276338317322,-0.6065451360290648,2.1132876534414318
299.1873108153175,-0.02656085310352524,-2.4853476152476452,-0.6065402772439594,2.0987013304741344
299.1873108153175,-0.05312349628205274,-2.4853208910533886,-0.606542099183303,2.0952471787855775
299.1873108153175,-0.15944919680063718,-2.4850355280434813,-0.6065615543912778,2.0821911260672814
299.1873108153175,-0.18606081276737227,-2.4849194411621207,-0.6065694643663483,2.0791162742888107
299.1873108153175,0.21268548208633506,-2.4847853942599305,-0.6065786086782831,2.1332793594676485
299.1873108153175,0.1594491968005354,-2.485035528042545,-0.606561554390308,2.1250453521319352
299.1873108153175,0.10626743991357696,-2.4852139398440447,-0.6065493863973791,2.1171282853905438
299.1873108153175,0.1860608127672705,-2.4849194411623974,-0.6065694643660468,2.1291227250582545
299.1873108153175,-0.21268548208643684,-2.484785394259417,-0.6065786086790192,2.0761171865276298
299.2695168658199,-5.088887490341627e-14,-2.4855104741734717,-0.6096902112663389,2.091951270237356
299.2695168658199,-0.07783261685618655,-2.4854339393230833,-0.6096954784362593,2.0818226523341745
299.2695168658199,0.025940911905000707,-2.4855019715266624,-0.6096907958145328,2.09547400329877
299.2695168658199,0.07783261685613566,-2.4854339393193934,-0.6096954784321378,2.1027412891435753
299.2695168658199,-0.20772695020384327,-2.484965319202324,-0.6097277409227924,2.0663920554595503
299.2695168658199,0.051883622875286764,-2.485476464042836,-0.6096925517005466,2.0990704579748254
299.2695168658199,-0.15572997187107418,-2.485204084460779,-0.6097113025576947,2.072347844831671
299.2695168658199,0.20772695020374152,-2.484965319201894,-0.6097277409204535,2.122221560097464
299.2695168658199,-0.025940911905102487,-2.4855019715233633,-0.6096907958116301,2.088502007689206
299.26951686582,0.18172190158262463,-2.4850932748515495,-0.6097189262482016,2.118174115389352
299.26951686582,0.1557299718709724,-2.4852040844610013,-0.6097113025568683,2.114202479101934
299.26951686582,0.1037877957918099,-2.485374380284598,-0.6096995745109421,2.1064865344639654
299.26951686582,-0.12975049233166766,-2.4852977751389815,-0.6097048497026939,2.0754341482447094
299.26951686582,-0.10378779579191166,-2.485374380286995,-0.6096995745141581,2.0785920761570313
299.26951686582,-0.18172190158272641,-2.485093274849596,-0.6097189262479349,2.0693338038466473
299.26951686582,0.12975049233156588,-2.485297775135965,-0.6097048496988339,2.110306442784681
299.26951686582,-0.051883622875388544,-2.485476464042193,-0.6096925517002558,2.085125984660194
299.3515089404358,-0.025320520255661304,-2.485656622449896,-0.612837006074676,2.0783442045047673
299.3515089404358,0.10130634995370154,-2.485534977340605,-0.6128454507506734,2.09588654090806
299.3515089404358,0.12664876378406997,-2.4854619410479133,-0.6128505258052662,2.0996078757784025
299.3515089404358,0.20276481543796343,-2.485144959372565,-0.6128725497600139,2.111207004055742
299.3515089404358,-0.12664876378417175,-2.485461941047452,-0.6128505258067453,2.0655692136295363
299.3515089404358,-5.088887490341627e-14,-2.4856647287990996,-0.6128364438202976,2.0817117877349753
299.3515089404358,-0.15200804454220962,-2.4853726135153584,-0.6128567340919865,2.062547646655358
299.3515089404358,0.025320520255610414,-2.485656622450334,-0.6128370060749438,2.0851494608884047
299.3515089404358,-0.10130634995380332,-2.4855349773389537,-0.6128454507507619,2.068659006047461
299.3515089404358,-0.20276481543801433,-2.4851449593700483,-0.6128725497598793,2.0567111364590684
299.35150894043585,0.0759714913211641,-2.48559176135198,-0.6128415106401695,2.0922364905708943
299.35150894043585,-0.05064284857325215,-2.4856323040750437,-0.6128386952052028,2.075046478775531
299.35150894043585,0.17737983773294524,-2.485266961651627,-0.6128640683427014,2.1072682697526157
299.35150894043585,-0.17737983773304702,-2.485266961649802,-0.6128640683429848,2.059594945037074
299.35150894043585,0.05064284857315037,-2.485632304075138,-0.6128386952048614,2.0886574761564125
299.35150894043585,-0.07597149132126586,-2.485591761351703,-0.6128415106409919,2.0718180577582133
299.35150894043585,0.15200804454210784,-2.48537261351619,-0.6128567340908165,2.10340196264846
299.4332932183224,0.02469964388958489,-2.4858115695407625,-0.6159789408611993,2.0748654426625324
299.4332932183224,-5.088887490341627e-14,-2.48581928883211,-0.6159784011148512,2.071512858346084
299.4332932183224,0.04940110484491885,-2.485788412551943,-0.6159805625924498,2.0782850620053415
299.4332932183224,-0.14828320924410782,-2.4855411153904474,-0.615997882617352,2.052789695439959
299.4332932183224,-0.0741089116752677,-2.4857498056187297,-0.6159832656582496,2.061854537560168
299.4332932183224,-0.12354461183329005,-2.485626181380702,-0.6159919212650667,2.0557460628138053
299.4332932183224,-0.02469964388968667,-2.4858115695405507,-0.6159789408614589,2.0682270557802163
299.4332932183224,-0.09882296534370555,-2.4856957319544226,-0.6159870482771655,2.058767328850969
299.4332932183224,0.14828320924400604,-2.485541115391967,-0.615997882616094,2.0926429114272733
299.4332932183224,0.09882296534365466,-2.4856957319587067,-0.6159870482788501,2.085327419141885
299.4332932183224,0.12354461183318827,-2.4856261813831892,-0.6159919212646906,2.0889504411485555
299.43329321832243,0.07410891167516592,-2.4857498056226164,-0.6159832656602218,2.0817723755414885
299.43329321832243,-0.049401104845020624,-2.4857884125512957,-0.6159805625927652,2.0650078011118
299.43329321832243,0.22258871854225315,-2.4851924907859178,-0.6160223185624767,2.104136464630655
299.43329321832243,0.17303438139682684,-2.485440501263213,-0.6160049245569829,2.096404294439757
299.43329321832243,0.19779880371968797,-2.4853243138966072,-0.6160130694425371,2.1002347956150347
299.43329321832243,-0.19779880371978975,-2.4853243138939725,-0.6160130694420743,2.047073607449279
299.43329321832243,-0.22258871854235493,-2.4851924907856047,-0.6160223185639572,2.044312672642449
299.43329321832243,-0.1730343813968777,-2.485440501260783,-0.6160049245568338,2.0498988686008923
299.51486820053367,-0.14455560818328697,-2.4857095833145,-0.6191347263212836,2.043074073840998
299.51486820053367,-0.12043815498918713,-2.4857904900728744,-0.6191290141489764,2.0459647780103283
299.51486820053367,0.09633773677217233,-2.485856638632445,-0.6191243450763455,2.0748092770792983
299.51486820053367,0.04815843909780294,-2.4859447847166867,-0.6191181317344698,2.0679533131085512
299.51486820053367,0.12043815498908535,-2.4857904900721537,-0.6191290141450314,2.0783342529614224
299.51486820053367,0.21699812971892163,-2.4853779865032677,-0.6191581430152525,2.0930957570455266
299.51486820053367,0.1928291046410672,-2.4855033742827985,-0.6191492784263973,2.0893050712596937
299.51486820053367,-5.088887490341627e-14,-2.4859741497777805,-0.6191160609945613,2.061354571968322
299.51486820053367,-0.04815843909785383,-2.4859447847161236,-0.6191181317354073,2.0550100365144504
299.5148682005337,-0.02407830651091117,-2.485966808234045,-0.6191165780217021,2.0581506485574548
299.5148682005337,-0.09633773677227411,-2.485856638630767,-0.6191243450776497,2.0489171269985924
299.5148682005337,-0.07224494902760872,-2.48590806705528,-0.6191207214119019,2.0519321750484667
299.5148682005337,-0.19282910464116898,-2.4855033742780908,-0.6191492784239084,2.0374795539501025
299.5148682005337,0.07224494902750694,-2.485908067058345,-0.6191207214122985,2.071349046475953
299.5148682005337,0.024078306510809395,-2.4859668082339312,-0.6191165780210962,2.064622042033818
299.5148682005337,0.1445556081831852,-2.4857095833149603,-0.6191347263184818,2.0819254463176353
299.5148682005337,-0.2169981297190234,-2.4853779865010215,-0.619158143014855,2.03477450573118
299.5148682005337,-0.1686856984748005,-2.4856138861238155,-0.6191414731935795,2.040245658296081
299.5148682005337,0.16868569847474962,-2.4856138861267096,-0.6191414731940332,2.0855823178028094
299.59623397637296,0.16433387091724172,-2.4857871162651053,-0.6222736992143869,2.0748022566587427
299.59623397637296,-5.088887490341627e-14,-2.4861293131611584,-0.6222494065601499,2.051236820004689
299.59623397637296,-0.07037963850448752,-2.486066546908456,-0.6222538613543203,2.0420508595494145
299.59623397637296,0.07037963850438574,-2.486066546909942,-0.6222538613526182,2.060966402141722
299.59623397637296,0.023456519828254266,-2.486122340027182,-0.6222499006958513,2.0544191522725477
299.596233976373,-0.16433387091729262,-2.485787116265132,-0.6222736992167497,2.0306352089081505
299.596233976373,0.11732945179259267,-2.4859548678774273,-0.6222617885011112,2.0677592178321933
299.596233976373,0.18785581185554384,-2.485682140079862,-0.6222811622325725,2.0784177537882464
299.596233976373,-0.1408253116060376,-2.485878017668638,-0.622267249685259,2.033400674397161
299.596233976373,0.04691487474969243,-2.486101421982668,-0.6222513858951604,2.057662125191059
299.596233976373,-0.04691487474974332,-2.48610142198114,-0.6222513858957806,2.0450530744144317
299.596233976373,-0.023456519828356046,-2.486122340025263,-0.6222499006945562,2.048114872959775
299.596233976373,-0.11732945179269445,-2.4859548678783305,-0.6222617885051851,2.036225250098383
299.596233976373,0.09385071107315124,-2.4860176984026277,-0.6222573248544653,2.064332017118104
299.596233976373,0.21140349820861204,-2.4855630290461805,-0.622289639471579,2.082098021041326
299.596233976373,0.1408253116059358,-2.4858780176659794,-0.6222672496797275,2.071249478741787
299.596233976373,-0.21140349820866294,-2.485563029043425,-0.6222896394709311,2.0252803974794147
299.596233976373,-0.093850711073253,-2.486017698402694,-0.6222573248575004,2.0391082902997546
299.596233976373,-0.18785581185564562,-2.485682140074623,-0.6222811622300906,2.0279288735803376
299.67739537612334,-0.13709217134792462,-2.4860464165365763,-0.6253954858389582,2.0237688273981025
299.67739537612334,0.09136178946395718,-2.4861789103135234,-0.6253860203806787,2.053894932331633
299.67739537612334,0.02283425914514141,-2.486278164619943,-0.6253789413899332,2.044256073382038
299.67739537612334,-5.088887490341627e-14,-2.4862847787113886,-0.6253784702822753,2.0411589055755934
299.67739537612334,-0.06851290601724909,-2.4862252445097868,-0.6253827181373237,2.032209905954276
299.67739537612334,0.13709217134782284,-2.486046416535613,-0.6253954858357059,2.0606142991720486
299.67739537612334,0.0685129060171982,-2.486225244514566,-0.6253827181387084,2.050623737518183
299.67739537612334,0.20580460179706256,-2.485747614445498,-0.6254168418693774,2.071142546221202
299.67739537612334,-0.022834259145192295,-2.486278164617023,-0.6253789413878555,2.0381190356281262
299.67739537612334,-0.20580460179716434,-2.4857476144441333,-0.6254168418702141,2.0158296972000276
299.67739537612334,-0.045670362407285565,-2.486258323910889,-0.6253803576286611,2.0351362253763057
299.67739537612334,0.045670362407183786,-2.486258323914379,-0.625380357629745,2.047410795542373
299.6773953761234,-0.1599787258732678,-2.485960189238867,-0.625401635920648,2.0210668566654832
299.6773953761234,0.15997872587316603,-2.485960189239581,-0.6254016359188947,2.064063400786036
299.6773953761234,-0.09136178946405894,-2.486178910310686,-0.6253860203805762,2.029340138375824
299.6773953761234,-0.1142183787685726,-2.486119313421797,-0.6253902772323012,2.026526803830888
299.6773953761234,-0.18287872782802664,-2.485860608192422,-0.6254087544211175,2.018420908906597
299.6773953761234,0.18287872782797573,-2.485860608195336,-0.6254087544209492,2.067572132686392
299.6773953761234,0.11421837876852171,-2.486119313422123,-0.625390277230131,2.0572246273303496
299.7583514814285,-0.044424940311892494,-2.48641548419301,-0.6285050153336694,2.025259504304056
299.7583514814286,-0.0888710484243607,-2.486340267207476,-0.6285104000557723,2.019612684742537
299.7583514814286,0.08887104842425891,-2.4863402672098522,-0.6285104000559226,2.0434980567917425
299.7583514814286,-0.022211543582304004,-2.4864342758341493,-0.6285036684021271,2.0281631530988053
299.7583514814286,-0.06664480892701903,-2.4863841531382174,-0.628507260136445,2.0224093281600712
299.7583514814286,-5.088887490341627e-14,-2.4864405403533363,-0.62850322048126,2.0311208474741993
299.7583514814286,0.1556203971677448,-2.4861330958043135,-0.6285252519694401,2.0533658022814194
299.7583514814286,0.022211543582202228,-2.48643427583424,-0.6285036684016033,2.034132827037617
299.7583514814286,0.04442494031179072,-2.4864154841966246,-0.6285050153352658,2.0371993493445695
299.75835148142863,-0.1778980054944442,-2.486038768381738,-0.6285320236807344,2.008955678167101
299.75835148142863,-0.2225270572050278,-2.4858119472497946,-0.6285483157277633,2.003941507947391
299.75835148142863,0.13335630212102143,-2.48621477130459,-0.6285194033133877,2.050019953070576
299.75835148142863,0.17789800549434243,-2.4860387683834806,-0.6285320236794488,2.0567682673051637
299.75835148142863,-0.11110503151411756,-2.486283819046676,-0.6285144488812237,2.0168694529644204
299.75835148142863,-0.13335630212112318,-2.4862147713030134,-0.6285194033134631,2.0141785474716007
299.75835148142863,0.06664480892691725,-2.4863841531452118,-0.628507260140545,2.040321081919432
299.75835148142863,0.11110503151406667,-2.486283819045798,-0.6285144488785146,2.04673052090783
299.7583514814287,0.20020161252749855,-2.4859317310868128,-0.6285397191379275,2.0602293998267305
299.7583514814287,-0.20020161252754942,-2.485931731082627,-0.6285397191358956,2.0064224258826586
299.7583514814287,-0.1556203971677957,-2.486133095803176,-0.62852525197062,2.011540617691283
299.7583514814287,0.22252705720492602,-2.4858119472516185,-0.6285483157277524,2.0637487276829765
299.8391016503971,-0.12961780643740423,-2.4863830810295897,-0.6316389787678695,2.004629815621635
299.8391016503971,0.12961780643730245,-2.4863830810311462,-0.6316389787681014,2.0394664489967287
299.8391016503971,0.15125900439293832,-2.4863058342108513,-0.6316445236118242,2.042709475944769
299.8391016503971,-0.10798949545918071,-2.486448383082394,-0.6316342779606299,2.0072531774617133
299.8391016503971,-0.04317864263783539,-2.4865729020615572,-0.6316253330784827,2.0154228916872126
299.8391016503971,-5.088887490341627e-14,-2.48659659827935,-0.6316236321270661,2.021122629570012
299.8391016503971,0.04317864263773361,-2.4865729020613307,-0.6316253330770629,2.027027776272171
299.8391016503971,0.02158839022680136,-2.4865906734176,-0.6316240561374263,2.024049399708224
299.8391016503971,0.06477539849400835,-2.4865432728158043,-0.6316274629242536,2.03005842883121
299.8391016503971,0.10798949545912982,-2.486448383081796,-0.6316342779581984,2.03627690149011
299.8391016503971,-0.17291378152526676,-2.486216618082423,-0.631650946140675,1.9995331662553557
299.8391016503971,-0.15125900439298923,-2.486305834211065,-0.6316445236140479,2.00205647463722
299.83910165039714,0.08637855629974922,-2.4865017684778925,-0.6316304390076023,2.0331413884032337
299.83910165039714,-0.08637855629980011,-2.4865017684788997,-0.6316304390103624,2.009925908934641
299.83910165039714,-0.19459468414533798,-2.4861153758147694,-0.6316582489226279,1.9970585712876399
299.83910165039714,0.1945946841452362,-2.486115375817626,-0.6316582489239225,2.0493586109525785
299.83910165039714,0.1729137815252159,-2.4862166180814906,-0.6316509461371139,2.0460061792793742
299.83910165039714,-0.2162975308997402,-2.4860020760084933,-0.6316664038180275,1.9946333375704108
299.83910165039714,-0.021588390226852248,-2.486590673419921,-0.6316240561397708,2.018247207248278
299.83910165039714,-0.06477539849405924,-2.486543272814739,-0.631627462925039,2.0126491058750453
299.83910165039714,0.21629753089968928,-2.486002076010919,-0.6316664038191884,2.052766294149448
299.9196508052137,0.083884209156822,-2.4866634184813026,-0.6347461901731886,2.0228242123119955
299.91965080521373,-0.06290459676658758,-2.486702598985934,-0.6347433675538506,2.0029285472790552
299.91965080521373,-0.1468943656846808,-2.486478408377015,-0.6347595059209563,1.9926137576975023
299.91965080521373,-0.2100633683167376,-2.486191548813125,-0.6347801908350422,1.9853687076338948
299.91965080521373,-0.16792584808518946,-2.4863941618475276,-0.634765576414367,1.990152709851316
299.91965080521373,-5.088887490341627e-14,-2.486752951139242,-0.6347397495017932,2.011163547754717
299.91965080521373,0.020964773094214174,-2.4867473592180445,-0.6347401524388095,2.014005083991606
299.91965080521373,0.14689436568457903,-2.4864784083773466,-0.6347595059194103,2.032093703098123
299.91965080521373,0.18898358284907488,-2.4862985358533765,-0.6347724655347423,2.0385294603803645
299.91965080521373,-0.02096477309431595,-2.4867473592191245,-0.6347401524396378,2.0083704976580394
299.9196508052138,0.10487164069011311,-2.486613007738052,-0.6347498131531422,2.0258630525312955
299.9196508052138,0.04193141741607209,-2.486730578484744,-0.6347413570303011,2.016895366032308
299.9196508052138,-0.04193141741612298,-2.4867305784865428,-0.6347413570329686,2.005625691200199
299.9196508052138,-0.12587652840658728,-2.486551334945578,-0.6347542469833236,1.9951219559355093
299.9196508052138,-0.08388420915692378,-2.486663418485293,-0.634746190178741,2.000279124030465
299.9196508052138,-0.104871640690164,-2.486613007740441,-0.6347498131577314,1.9976772956906812
299.9196508052138,-0.18898358284912578,-2.486298535852476,-0.6347724655349376,1.987737477020375
299.9196508052138,0.16792584808513858,-2.4863941618483185,-0.6347655764126963,2.035285149439857
299.9196508052138,0.12587652840653638,-2.486551334945874,-0.6347542469820658,2.0289530691441313
299.9196508052138,0.06290459676653669,-2.4867025989831415,-0.63474336754967,2.019835065483128
299.91965080521385,0.2100633683166867,-2.4861915488147424,-0.6347801908361056,2.0418261543107423
299.99999999999994,-5.088887490341627e-14,-2.4868312002132527,-0.6362967415322175,2.0012433785655457
299.99999999999994,-0.02034069581042567,-2.486825783543665,-0.6362971260944723,1.9985328006679917
299.99999999999994,-0.0406832718985726,-2.486809519325464,-0.6362982649155237,1.9958676795002346
299.99999999999994,-0.06103241462189752,-2.486782397905932,-0.6363001651635847,1.9932474298843361
299.99999999999994,0.06103241462184663,-2.4867823979044337,-0.6363001651606006,2.0096507723114008
299.99999999999994,0.04068327189852171,-2.4868095193237028,-0.636298264912799,2.0068018972313704
299.99999999999994,0.02034069581037478,-2.4868257835434626,-0.6362971260945101,2.0039996572022045
300.0,-0.203824605703097,-2.48628707788696,-0.6363350579885846,1.976147417127807
300.0,-0.08138802149845038,-2.486744434233471,-0.6363028497384259,1.990672109038475
300.0,0.10175148533500775,-2.486695574646996,-0.6363062761718274,2.0154887598382842
300.0,-0.22430139156650455,-2.486172311109723,-0.6363431821102488,1.9738798667793886
300.0,0.0813880214983486,-2.486744434229126,-0.6363028497324434,2.0125463114254787
300.0,-0.12213248978147809,-2.4866357891860753,-0.636310463791596,1.9856547517931962
300.0,-0.14252650641998194,-2.4865651240326603,-0.6363154649199874,1.9832122534426035
300.0,-0.16293423417537498,-2.4864834709111183,-0.6363212148352987,1.9808140990972676
300.0,-0.18336834126341434,-2.4863907670648544,-0.6363277234297922,1.9784589372720547
300.0,-0.10175148533505864,-2.486695574650372,-0.63630627617775,1.9881415885837794
300.0,0.1221324897814272,-2.4866357891865456,-0.6363104637902812,2.018479602743058
300.0,0.14252650641988016,-2.4865651240338953,-0.6363154649194309,2.0215182771387115
300.0,0.16293423417532407,-2.4864834709146573,-0.6363212148363266,2.024604975732738
300.0,0.18336834126331256,-2.4863907670660854,-0.6363277234299602,2.0277417510828526
300.0,0.2038246057029952,-2.486287077886629,-0.6363350579881463,2.030928116917033
300.0,0.22430139156645365,-2.486172311108621,-0.6363431821078703,2.034163960951762
