<?xml version="1.0"?>
<VTKFile type="UnstructuredGrid" version="0.1" byte_order="LittleEndian">
  <UnstructuredGrid>
    <Piece NumberOfPoints="549" NumberOfCells="480">
      <PointData Vectors="displacement">
        <DataArray type="Float64" Name="displacement" NumberOfComponents="3" format="ascii">
          0 -0.12 0 0.00014611179460921088 -0.12 0 9.5849778790251035e-05 -0.12 0 -9.5855483450852491e-06 -0.12 0 -0.00010681972755603755 -0.12 0 -0.00016566712515217355 -0.12 0 -0.00017239882540477259 -0.12 0 -0.00012240555581340633 -0.12 0 -1.8043974089062788e-05 -0.12 0 0.00012773542864730604 -0.12 0 0.00028789649044731204 -0.12 0 0.0004365147015854836 -0.12 0 0.00056472426773148093 -0.12 0 0.00067452258646910114 -0.12 0 0.00077007277066577589 -0.12 0 0.00085490229932403718 -0.12 0 0.00093158833905794851 -0.12 0 0.0010019897819910743 -0.12 0 0.0010674481921750243 -0.12 0 0.001128960348949714 -0.12 0 0.0011872858077854303 -0.12 0 0.0012430125352683315 -0.12 0 0.0012966145464068158 -0.12 0 0.0013484725268441359 -0.12 0 0.0013989086202393114 -0.12 0 0.0014481941448914245 -0.12 0 0.0014965657586846147 -0.12 0 0.0015442334761822188 -0.12 0 0.0015913884081443714 -0.12 0 0.001638208958556972 -0.12 0 0.0016848642830102297 -0.12 0 0.001731519607386869 -0.12 0 0.0017783401575006859 -0.12 0 0.0018254950891280273 -0.12 0 0.0018731628061802487 -0.12 0 0.0019215344196474762 -0.12 0 0.0019708199442477585 -0.12 0 0.0020212560377847379 -0.12 0 0.0020731140184401088 -0.12 0 0.0021267160297788147 -0.12 0 0.0021824427574551942 -0.12 0 0.0022407682164368552 -0.12 0 0.0023022803731977512 -0.12 0 0.0023677387833175986 -0.12 0 0.002438140226202559 -0.12 0 0.0025148262659440541 -0.12 0 0.0025996557945639496 -0.12 0 0.0026952059786770248 -0.12 0 0.0028050042969671907 -0.12 0 0.0029332138625379756 -0.12 0 0.0030818320731139494 -0.12 0 0.0032419931341995398 -0.12 0 0.0033877725361301961 -0.12 0 0.0034921341171502973 -0.12 0 0.003542127386234723 -0.12 0 0.0035353956860187741 -0.12 0 0.0034765482882763666 -0.12 0 0.0033793141088782576 -0.12 0 0.0032738787821682278 -0.12 0 0.0032236167667275906 -0.12 0 0.0033697285618146623 -0.12 0 -0.0044919803561601097 -0.10962755542592317 0 -0.0048413582514172703 -0.11116494059158717 0 -0.0048862553933289987 -0.11211828406089359 0 -0.00476264374961819 -0.11271048442167157 0 -0.0045244742411890597 -0.11306049234745012 0 -0.004197185046460483 -0.11324189109350939 0 -0.0037945675245316529 -0.1133048203497114 0 -0.0033264464924186638 -0.11328621180484098 0 -0.0028065733005271745 -0.11321591825336012 0 -0.0022674642537695534 -0.11312197180926807 0 -0.0017658680436709576 -0.11303088602610921 0 -0.0013433153167910076 -0.11295741820047545 0 -0.00099944383370753815 -0.11290198416472834 0 -0.00071576207561404248 -0.11286000843851174 0 -0.00047514217932184119 -0.11282741863181961 0 -0.00026545943655444055 -0.11280145045422395 0 -7.8563012969067646e-05 -0.11278031077544701 0 9.1129953901623829e-05 -0.11276281460852385 0 0.0002475152129346691 -0.11274815989328368 0 0.00039341301646462617 -0.11273578524881349 0 0.00053092856327025581 -0.11272528689121988 0 0.00066166603560524628 -0.11271636849634784 0 0.00078689887941250469 -0.11270880720856834 0 0.00090763945543203769 -0.1127024345659618 0 0.0010247339710209441 -0.11269712080023432 0 0.0011388894587985345 -0.11269276649717809 0 0.0012507175561698735 -0.11268929548275219 0 0.0013607574669222255 -0.11268665035453249 0 0.0014694970849587932 -0.11268478923324968 0 0.0015773897638156863 -0.11268368358463635 0 0.0016848642820979256 -0.11268331684705682 0 0.0017923388004732488 -0.11268368358377348 0 0.0019002314795789818 -0.11268478923162872 0 0.0020089710978889864 -0.11268665035215543 0 0.0021190110089997103 -0.11268929547975767 0 0.0022308391065716895 -0.11269276649361644 0 0.0023449945944088329 -0.11269712079658697 0 0.0024620891099302275 -0.11270243456219566 0 0.0025828296856350054 -0.11270880720441737 0 0.0027080625292470678 -0.11271636849181596 0 0.002838800001505922 -0.11272528688664686 0 0.0029763155483178887 -0.1127357852443466 0 0.0031222133518605251 -0.11274815988880831 0 0.0032785986108984423 -0.11276281460415032 0 0.0034482915778677801 -0.11278031077170145 0 0.0036351880014844013 -0.11280145045108607 0 0.0038448707443185836 -0.1128274186293587 0 0.0040854906406133 -0.11286000843660575 0 0.0043691723987709687 -0.11290198416354789 0 0.0047130438819063319 -0.11295741819996148 0 0.0051355966087111675 -0.11303088602582989 0 0.0056371928187010584 -0.11312197180900146 0 0.0061763018652128479 -0.11321591825267767 0 0.0066961750569703446 -0.11328621180408288 0 0.0071642960888379445 -0.113304820348559 0 0.007566913610402709 -0.11324189109189969 0 0.0078942028046658837 -0.11306049234549 0 0.0081323723127254381 -0.11271048441924947 0 0.0082559839560550439 -0.11211828405771042 0 0.0082110868140137655 -0.11116494058802159 0 0.0078617089186605212 -0.10962755542151804 0 -0.0071499883834951795 -0.10687230460133074 0 -0.0073562318779814466 -0.10738445958130183 0 -0.0073697125562958181 -0.10787367010105585 0 -0.007195700487784327 -0.10819638888514696 0 -0.0068690684607950955 -0.108336995065635 0 -0.0064171313288834747 -0.10831415951643969 0 -0.0058587932255560098 -0.10815777244133265 0 -0.0052088858246490928 -0.10790236384105022 0 -0.0044876525803293904 -0.10758730489972093 0 -0.003741028099328976 -0.10726166051117933 0 -0.0030478439850726 -0.10697782973607965 0 -0.0024650855308490901 -0.10676052140109198 0 -0.0019916440389422408 -0.10660112321270578 0 -0.0016016007523265128 -0.10648245503331058 0 -0.0012711238543482481 -0.10639134583932683 0 -0.00098339250513287263 -0.10631932101507401 0 -0.00072711782773485028 -0.10626103419974328 0 -0.00049457695947886186 -0.10621301417138432 0 -0.00028038544760646813 -0.10617293959518144 0 -8.0648168298168578e-05 -0.10613920044163694 0 0.00010754059871151276 -0.10611064684921334 0 0.00028639395752495626 -0.10608643965149013 0 0.00045766776203525047 -0.10606595073357404 0 0.00062275741907204859 -0.10604870700880886 0 0.00078282873644515947 -0.10603434526300196 0 0.00093885550395464846 -0.10602258793717652 0 0.0010916798397851424 -0.10601322282074413 0 0.0012420439344815288 -0.10600609027120993 0 0.001390619190115284 -0.10600107397613602 0 0.0015380293486223445 -0.10599809476638856 0 0.0016848642825064921 -0.10599710671967053 0 0.0018316992162960479 -0.1059980947654479 0 0.0019791093747120814 -0.10600107397448491 0 0.0021276846302876549 -0.10600609026902952 0 0.0022780487248494465 -0.10601322281823808 0 0.0024308730606429686 -0.10602258793428965 0 0.0025868998281733243 -0.1060343452601144 0 0.0027469711456321005 -0.1060487070059357 0 0.0029120608027116942 -0.10606595073049696 0 0.0030833346072151155 -0.10608643964807699 0 0.0032621879660892101 -0.10611064684602539 0 0.0034503767332403706 -0.10613920043858839 0 0.0036501140125065131 -0.10617293959205115 0 0.0038643055243759304 -0.10621301416823199 0 0.0040968463926741366 -0.10626103419666785 0 0.0043531210701844604 -0.10631932101222687 0 0.0046408524196945092 -0.10639134583657803 0 0.0049713293180282227 -0.10648245503082164 0 0.005361372604792804 -0.10660112321047206 0 0.0058348140967846521 -0.10676052139904703 0 0.0064175725509848514 -0.10697782973452297 0 0.0071107566652585307 -0.10726166050970447 0 0.0078573811461891425 -0.10758730489838328 0 0.0085786143903687148 -0.10790236383929847 0 0.0092285217912322828 -0.10815777243901893 0 0.0097868598946474119 -0.1083141595133833 0 0.010238797026703826 -0.10833699506215484 0 0.010565429053707101 -0.10819638888076302 0 0.010739441122430372 -0.10787367009631697 0 0.010725960443818657 -0.10738445957560094 0 0.010519716949071747 -0.10687230459490102 0 -0.008222286988879543 -0.10614418113422766 0 -0.0082837954836682513 -0.10628276443071 0 -0.0082048581218915843 -0.10627591227439304 0 -0.0079962599799278632 -0.10615314205589664 0 -0.007660908998103841 -0.10588865794829661 0 -0.007204039947205588 -0.10547407460641478 0 -0.0066303967914904515 -0.10492254546860694 0 -0.0059466232918652089 -0.10426651502270054 0 -0.0051706538637213036 -0.10355830603591863 0 -0.0043536214620481326 -0.10287585955994316 0 -0.0035869828614532588 -0.10230506249241389 0 -0.0029389298817345979 -0.10187904501981922 0 -0.0024111816589136052 -0.10157163307728767 0 -0.0019760217048518983 -0.10134530471125479 0 -0.0016072575403692218 -0.10117292763550019 0 -0.0012862387158296689 -0.10103748326939385 0 -0.0010003968387350271 -0.10092839431183276 0 -0.00074111401798628983 -0.1008388642102885 0 -0.00050237339808209428 -0.10076438212050223 0 -0.00027981850219372349 -0.10070183829063516 0 -7.0197563481735344e-05 -0.10064902270101266 0 0.00012896711757814659 -0.10060432892511754 0 0.00031964172511778885 -0.10056655881624928 0 0.00050338919441186261 -0.10053481242780665 0 0.00068151531332243543 -0.10050840062083045 0 0.00085511091256378936 -0.10048679781189843 0 0.0010251193244788595 -0.10046960286441883 0 0.0011923719462013139 -0.10045651442954148 0 0.0013576208596112714 -0.1004473131969373 0 0.0015215647272488755 -0.10044185001509787 0 0.0016848642811899972 -0.1004400384113146 0 0.0018481638352149114 -0.10044185001487263 0 0.0020121077030692911 -0.10044731319646097 0 0.0021773566166201595 -0.10045651442853315 0 0.0023446092386040689 -0.100469602862976 0 0.0025146176506735418 -0.1004867978102772 0 0.0026882132501092086 -0.10050840061883802 0 0.0028663393690213854 -0.1005348124254687 0 0.0030500868383455102 -0.10056655881374295 0 0.0032407614460627466 -0.10060432892275412 0 0.003439926127205264 -0.10064902269848423 0 0.0036495470659323975 -0.10070183828834008 0 0.0038721019619113867 -0.1007643821185073 0 0.0041108425818708674 -0.10083886420862682 0 0.0043701254026508388 -0.10092839431047056 0 0.004655967279605734 -0.10103748326825245 0 0.004976986104075278 -0.10117292763462617 0 0.0053457502683768934 -0.10134530471044204 0 0.0057809102225306868 -0.10157163307629628 0 0.0063086584451556406 -0.10187904501889261 0 0.0069567114251609698 -0.10230506249139619 0 0.0077233500260920195 -0.10287585955894979 0 0.0085403824278832453 -0.10355830603433723 0 0.0093163518565702562 -0.10426651502049609 0 0.010000125356789093 -0.10492254546533775 0 0.01057376851292686 -0.10547407460211754 0 0.011030637564407461 -0.10588865794318181 0 0.011365988546977656 -0.10615314205017816 0 0.011574586689317441 -0.10627591226823185 0 0.011653524051415474 -0.10628276442446627 0 0.011592015556466191 -0.10614418112766273 0 -0.0083725461877500566 -0.10642565318052344 0 -0.0082962566931228769 -0.10617537832389085 0 -0.0081352073626288247 -0.10586041044698707 0 -0.0078994806086159167 -0.1054167206966645 0 -0.0075801536913789325 -0.10480686433924075 0 -0.0071609792701867727 -0.10400743059971486 0 -0.0066260277567771458 -0.10302498230406711 0 -0.0059670823702737113 -0.10190251639094497 0 -0.0051964385510928773 -0.10072263509517065 0 -0.0043697719436911458 -0.099611198302319584 0 -0.0035888433939997178 -0.098700151191797911 0 -0.0029291297962502293 -0.09803120237857213 0 -0.002393795749038803 -0.097554390773216898 0 -0.0019541878124978772 -0.097206518305985576 0 -0.0015830595297310389 -0.09694336056578437 0 -0.0012610416615541481 -0.096737658131785934 0 -0.00097511480768854323 -0.096572659201444894 0 -0.00071637705198930558 -0.096437688887646256 0 -0.00047862795891285111 -0.096325706552958093 0 -0.00025738861550693204 -0.096231883143142349 0 -4.9323159239232689e-05 -0.096152801192074824 0 0.00014810561981371182 -0.096085985146438138 0 0.00033690687451966848 -0.096029594267811255 0 0.00051867560000888905 -0.095982249256982885 0 0.00069474174026106547 -0.095942896285248117 0 0.00086621497574505368 -0.095910733014438768 0 0.0010340536012937471 -0.095885148013421462 0 0.0011991012469900479 -0.09586568250982154 0 0.0013621202857325308 -0.095852002950374271 0 0.0015238183299380282 -0.095843882652550463 0 0.0016848642844054702 -0.095841190250083794 0 0.001845910238413604 -0.095843882653029178 0 0.0020076082820965117 -0.095852002951294479 0 0.0021706273207334364 -0.095865682510755862 0 0.0023356749659661606 -0.095885148014213523 0 0.0025035135911113168 -0.095910733015275987 0 0.0026749868263718554 -0.095942896286321466 0 0.0028510529665250529 -0.095982249257982308 0 0.0030328216918189699 -0.096029594268671026 0 0.0032216229464759978 -0.096085985147579517 0 0.0034190517253762974 -0.096152801193552531 0 0.0036271171812883233 -0.096231883144522787 0 0.0038483565245437555 -0.096325706554507118 0 0.004086105617598779 -0.096437688889222495 0 0.004344843373033782 -0.096572659203003605 0 0.004630770226876405 -0.096737658133241519 0 0.0049527880947850614 -0.096943360567535067 0 0.0053239163773026125 -0.097206518307164841 0 0.005763524313627792 -0.097554390773877564 0 0.0062988583603552223 -0.098031202378875026 0 0.0069585719576036832 -0.098700151191406835 0 0.007739500507478298 -0.099611198301382084 0 0.0085661671153570429 -0.10072263509322971 0 0.0093368109348621227 -0.10190251638786577 0 0.0099957563218208614 -0.1030249822997778 0 0.01053070783548486 -0.10400743059413918 0 0.010949882257178975 -0.10480686433314175 0 0.011269209174692403 -0.10541672069002886 0 0.011504935929286956 -0.10586041044013302 0 0.011665985260387111 -0.10617537831708213 0 0.01174227475552375 -0.10642565317383447 0 -0.007955479272613265 -0.10705992671182347 0 -0.0077417031358315387 -0.10654529559687273 0 -0.0075175512570569781 -0.10601980081926285 0 -0.0072656643914038727 -0.10537804412310463 0 -0.0069669821543395559 -0.10453198428259695 0 -0.0065928801174719486 -0.10341991136822314 0 -0.0061077351698759219 -0.10202616285618797 0 -0.0054837551243430782 -0.1004081157906194 0 -0.0047287010455855137 -0.098704949290437743 0 -0.0039110662781389428 -0.097120335251406995 0 -0.0031463050728451573 -0.095844477802380063 0 -0.0025113731504533793 -0.09492265786683067 0 -0.002004573532784595 -0.094273361287392304 0 -0.0015938001509128296 -0.093803505898850337 0 -0.0012504975985734011 -0.09345012753487858 0 -0.00095496667236047851 -0.093175082941704623 0 -0.00069420753562314888 -0.092955184701469254 0 -0.00045945107020246335 -0.092775769687898871 0 -0.00024464876822692872 -0.092627220881058389 0 -4.5467111364362885e-05 -0.09250297134896987 0 0.00014129923776450909 -0.092398390351618898 0 0.00031807479205779587 -0.092310133121601898 0 0.00048676860246573664 -0.092235718831673474 0 0.00064889038252842002 -0.092173292185926223 0 0.00080569294071200699 -0.092121438226621652 0 0.00095821826712022952 -0.092079081150796938 0 0.0011073631736626312 -0.092045402114593985 0 0.0012539150000545082 -0.092019787305124723 0 0.0013985835512333852 -0.09200179078369454 0 0.0015420263498809087 -0.091991109659901371 0 0.0016848642814745367 -0.091987568466666877 0 0.0018277022132960577 -0.091991109660279957 0 0.0019711450121666953 -0.092001790784597665 0 0.0021158135635993124 -0.092019787305987269 0 0.002262365390407437 -0.092045402115677161 0 0.0024115102973223169 -0.092079081152290382 0 0.0025640356238650179 -0.092121438228489574 0 0.002720838182060926 -0.092173292188218958 0 0.0028829599621566422 -0.092235718834541139 0 0.0030516537724018843 -0.092310133124977989 0 0.0032284293266629459 -0.092398390355524884 0 0.003415195675719373 -0.092502971353361954 0 0.0036143773323837206 -0.092627220885622627 0 0.0038291796342496435 -0.092775769692178198 0 0.0040639360993482958 -0.092955184705340727 0 0.0043246952356994842 -0.093175082945323992 0 0.0046202261619754633 -0.093450127538281941 0 0.0049635287144952338 -0.093803505901448744 0 0.0053743020964370425 -0.094273361289480315 0 0.0058811017145830279 -0.094922657867915219 0 0.0065160336375091011 -0.095844477802148359 0 0.0072807948434692304 -0.097120335250244577 0 0.008098429611148341 -0.098704949287793706 0 0.0088534836900082542 -0.10040811578685135 0 0.0094774637357638337 -0.10202616285129291 0 0.0099626086834639672 -0.10341991136218266 0 0.010336710720416514 -0.10453198427563336 0 0.010635392957786718 -0.10537804411572486 0 0.010887279823633111 -0.10601980081173959 0 0.011111431702806849 -0.10654529558929791 0 0.011325207839981425 -0.10705992670441027 0 -0.007242515389393642 -0.10772060793145616 0 -0.0069228005807533731 -0.10706319573354844 0 -0.0066302214249805112 -0.10642976322256746 0 -0.0063303745400863183 -0.10569334969796307 0 -0.0060053941203409428 -0.10473299880162303 0 -0.0056353473968266026 -0.10342200897266551 0 -0.0051710319978848091 -0.10167427396117557 0 -0.0045563676690241889 -0.099539934454325241 0 -0.0037970205624957439 -0.097262161107203857 0 -0.0029935002840923495 -0.095176855435189278 0 -0.002278790307015529 -0.093535129554334059 0 -0.0017128689850429612 -0.092367880188517562 0 -0.0012760108965357271 -0.091553452870513627 0 -0.00093000200515220958 -0.090967587807351494 0 -0.00064554038855818346 -0.090528693865085746 0 -0.00040363713701314886 -0.090188044246177296 0 -0.00019219747133602283 -0.089916260872642276 0 -3.2588207633406556e-06 -0.089694868306971834 0 0.00016857817622855747 -0.089511796484061698 0 0.00032712944634770441 -0.089358828161998527 0 0.00047518609240075859 -0.089230182588072346 0 0.00061484067700445615 -0.089121692188606147 0 0.00074772667080840881 -0.08903027081669844 0 0.00087512801435397848 -0.088953613359149503 0 0.00099810267568595538 -0.088889963778932948 0 0.0011175262981043966 -0.088837988098727519 0 0.0012341487930804841 -0.088796671719265211 0 0.0013486258625715212 -0.088765254535217109 0 0.0014615465737184456 -0.088743184582857682 0 0.0015734550543271279 -0.088730087086473397 0 0.0016848642814106364 -0.088725744980441709 0 0.0017962735083984454 -0.088730087086906023 0 0.0019081819889232791 -0.088743184583375781 0 0.0020211026999388763 -0.088765254536324639 0 0.0021355797691301149 -0.088796671720682674 0 0.0022522022639807526 -0.088837988100697943 0 0.0023716258865132019 -0.088889963781412729 0 0.0024946005480974542 -0.088953613362089193 0 0.0026220018920829063 -0.089030270819978899 0 0.0027548878863024352 -0.089121692192178317 0 0.0028945424713603713 -0.08923018259186094 0 0.0030425991179305876 -0.089358828165753135 0 0.0032011503884587906 -0.089511796487601242 0 0.0033729873857127595 -0.089694868310709414 0 0.0035619260368792548 -0.089916260876346424 0 0.0037733657031165575 -0.090188044249423491 0 0.00401526895475694 -0.090528693867731103 0 0.0042997305716365956 -0.09096758780941118 0 0.0046457394631523171 -0.091553452871751387 0 0.0050825975519862765 -0.092367880189115445 0 0.0056485188741439542 -0.093535129554019852 0 0.0063632288511453524 -0.09517685543400764 0 0.0071667491296645534 -0.09726216110455041 0 0.0079260962360491478 -0.099539934450572076 0 0.0085407605645589357 -0.10167427395611295 0 0.0090050759634509245 -0.10342200896619971 0 0.0093751226866548836 -0.10473299879405999 0 0.0097001031065017153 -0.10569334968974611 0 0.0099999499912798179 -0.10642976321461672 0 0.010292529147236506 -0.10706319572591297 0 0.010612243956063822 -0.10772060792445735 0 -0.0064554365837374604 -0.10826994728261839 0 -0.0060633795712315116 -0.10755836511117689 0 -0.0056886041129016861 -0.10687740852554968 0 -0.0052859115229747016 -0.10611811715891657 0 -0.00483372258398726 -0.10514711515601473 0 -0.0043367548797764149 -0.10379948625015299 0 -0.0038029977096870294 -0.10183362802264789 0 -0.0031269773067539685 -0.099162810887943695 0 -0.0023264026476763093 -0.096251476744927775 0 -0.0015805931059828429 -0.093664552334940712 0 -0.00099640739620326479 -0.0916723030044473 0 -0.00056880760757422482 -0.090269758242841974 0 -0.00025442717161597517 -0.089296677599111432 0 -1.31753619886319e-05 -0.08859902138038557 0 0.00018086019956063757 -0.088077530776207127 0 0.00034323411641093524 -0.087673400752960415 0 0.00048342528789966976 -0.087351341455543005 0 0.00060748797953637333 -0.087089227631746716 0 0.0007194409551786314 -0.086872635837900877 0 0.00082207656893181196 -0.086691762766880662 0 0.00091740912581847239 -0.086539720754545982 0 0.0010069322463209789 -0.086411549269906685 0 0.0010917995384524533 -0.086303578153569108 0 0.0011729108869677678 -0.086213067926794645 0 0.0012510014361951035 -0.086137932921415236 0 0.0013266759444422523 -0.086076589491965241 0 0.0014004491751768049 -0.086027833629753442 0 0.0014727689635563599 -0.085990763617761284 0 0.0015440358957380601 -0.085964724823383867 0 0.0016146186982032497 -0.085949272843102525 0 0.0016848642810114599 -0.085944150312210393 0 0.0017551098641300322 -0.085949272843373919 0 0.0018256926668030499 -0.085964724824175234 0 0.0018969595992842443 -0.085990763618906133 0 0.0019692793880843164 -0.08602783363140741 0 0.0020430526194321124 -0.086076589493970249 0 0.0021187271277048952 -0.086137932923917096 0 0.002196817677377433 -0.086213067929093459 0 0.0022779290263402622 -0.086303578155941668 0 0.0023627963189781819 -0.086411549272097266 0 0.0024523194399625665 -0.086539720756593289 0 0.0025476519972594531 -0.086691762769067371 0 0.0026502876114153887 -0.086872635840107515 0 0.0027622405877210372 -0.087089227633792468 0 0.002886303280087643 -0.087351341457198473 0 0.0030264944519792537 -0.087673400754750677 0 0.0031888683693608055 -0.088077530777802476 0 0.0033829039310784522 -0.08859902138160293 0 0.003624155740906927 -0.089296677599940699 0 0.0039385361770199702 -0.090269758243418846 0 0.0043661359658431417 -0.091672303004024194 0 0.0049503216754745701 -0.093664552334026527 0 0.0056961312168021319 -0.096251476742613251 0 0.0064967058753332878 -0.099162810884598537 0 0.0071727262776656127 -0.10183362801796722 0 0.0077064834471380402 -0.10379948624344547 0 0.0082034511508343941 -0.10514711514796625 0 0.0086556400895657255 -0.10611811715063642 0 0.0090583326793376821 -0.10687740851734552 0 0.0094331081375344447 -0.1075583651039404 0 0.0098251651501263457 -0.10826994727547312 0 -0.0057318339367611378 -0.10870173665563423 0 -0.0053044525534670433 -0.107959098918279 0 -0.0048576035446682049 -0.1072436951894974 0 -0.0043157939987243437 -0.10647984128122902 0 -0.0036351512312407241 -0.10554257728087922 0 -0.0027995536242631049 -0.10426398189326946 0 -0.0018548490781247642 -0.10238776107792309 0 -0.00090216715772283918 -0.099256637574587567 0 -0.00016333844424597851 -0.095654459776486081 0 0.00032068189618078232 -0.092569777411714543 0 0.00063575702723790077 -0.090219181700326362 0 0.00084034766119536232 -0.088576606168676519 0 0.00097886550399014171 -0.087441355749173708 0 0.0010791321563947988 -0.086629460759958712 0 0.0011563617131261632 -0.086023611009794582 0 0.0012188609349925725 -0.085554693390851866 0 0.0012713921796011904 -0.085181361600523017 0 0.0013168650094257908 -0.084877749055828802 0 0.0013571484717230979 -0.084627019572197856 0 0.0013935066897594595 -0.084417744027202035 0 0.0014268311099817101 -0.084241900467447201 0 0.0014577706053120123 -0.084093716076444475 0 0.0014868172304748461 -0.083968922717647609 0 0.0015143496940228614 -0.083864336316409147 0 0.0015406725817394456 -0.083777533954248681 0 0.0015660336539744105 -0.08370667662943726 0 0.0015906413807486313 -0.083650366671289847 0 0.001614675382565699 -0.083607557607892319 0 0.0016382949769933059 -0.083577489882368114 0 0.0016616457910525648 -0.083559647945406282 0 0.001684864282840329 -0.083553733260317758 0 0.0017080827736137671 -0.083559647945440241 0 0.0017314335867009731 -0.083577489882141781 0 0.0017550531802709691 -0.083607557608275471 0 0.0017790871827537739 -0.083650366671379969 0 0.0018036949103539376 -0.083706676629680968 0 0.0018290559834024753 -0.083777533954489725 0 0.0018553788710058904 -0.083864336316819457 0 0.001882911334303892 -0.083968922718055686 0 0.0019119579609933272 -0.084093716076472202 0 0.0019428974565389176 -0.084241900467833822 0 0.0019762218772155092 -0.084417744027816044 0 0.0020125800959766892 -0.084627019572907802 0 0.0020528635583915533 -0.08487774905642391 0 0.0020983363885673451 -0.085181361601216546 0 0.0021508676333505793 -0.085554693391806047 0 0.0022133668554831874 -0.086023611010752135 0 0.0022905964130135225 -0.08662946076056717 0 0.0023908630658772507 -0.087441355749475036 0 0.0025293809092457793 -0.088576606168568189 0 0.0027339715434449002 -0.090219181700148393 0 0.0030490466747018167 -0.092569777410923856 0 0.0035330670144003008 -0.095654459775068201 0 0.0042718957275675977 -0.099256637572335979 0 0.0052245776475706275 -0.10238776107272883 0 0.006169282193344108 -0.10426398188615282 0 0.0070048797992424234 -0.10554257727270913 0 0.0076855225655680839 -0.10647984127303042 0 0.0082273321109254376 -0.10724369518173267 0 0.0086741811196467955 -0.10795909891108556 0 0.0091015625029435172 -0.10870173664847596 0
        </DataArray>
        <DataArray type="Float64" Name="displacement_magnitude" format="ascii">
          0.12 0.12000008895270255 0.12000003827991096 0.12000000038284474 0.12000004754354972 0.12000011435659699 0.12000012383891527 0.12000006242965082 0.12000000135660416 0.12000006798472962 0.12000034535112476 0.12000079393522653 0.12000132879888691 0.12000189573802431 0.12000247085819575 0.12000304520278388 0.12000361601565791 0.12000418319176717 0.12000474759626378 0.12000531051361644 0.12000587338788618 0.12000643766133064 0.12000700483422605 0.12000757633647824 0.12000815366185658 0.12000873829134817 0.12000933175828481 0.12000993565963179 0.12001055169053085 0.1200111816815079 0.1200118276156653 0.12001249168378583 0.12001317633375003 0.12001388433144071 0.12001461885494807 0.12001538357446469 0.12001618278904159 0.12001702160931291 0.12001790617126035 0.12001884402489185 0.12001984442745112 0.12002091918578107 0.12002208336350778 0.12002335683918371 0.12002476630996882 0.12002634857041966 0.12002815590622981 0.12003026341413858 0.12003277906099652 0.12003584357833866 0.12003956718068787 0.12004378584284235 0.1200478113201426 0.12005080174947673 0.12005226639435139 0.12005206796493229 0.12005034938724968 0.12004757291943251 0.1200446512022936 0.12004329096229713 0.12004730347067488 0.10971954609906107 0.11127031394963201 0.11222470811959398 0.11281106361547012 0.11315098672573302 0.11331964640232722 0.11336834239406786 0.11333503885100238 0.11325069977551024 0.11314469452943413 0.11304467915737984 0.1129654054237731 0.11290640777347097 0.11286227810960502 0.11282841909381894 0.11280176281108907 0.11278033813902764 0.11276285143213086 0.11274843157712704 0.11273647169158753 0.11272653720330066 0.11271831053092993 0.11271155412035026 0.11270608930521882 0.11270177956169979 0.11269852124134934 0.11269623600992336 0.1126948660277319 0.11269437051700766 0.11269472349968046 0.11269591236288604 0.11269793709018662 0.11270081012953088 0.11270455683982385 0.11270921667450447 0.11271484491008346 0.11272151540628046 0.1127293246632447 0.1127383973215316 0.1127488950218367 0.11276102646360306 0.11277506696474446 0.11279138165004815 0.11281046745006139 0.11283301472781604 0.11286000981603254 0.11289291131689835 0.11293393085377512 0.11298649342074565 0.11305569914442069 0.11314749466210709 0.11326234347227562 0.11338426191728385 0.11348393959196658 0.11353109465105923 0.11349442312138941 0.11333575502605432 0.11300349011183089 0.11242184347860552 0.1114677799303711 0.109909086861914 0.10711121241347114 0.10763612919002093 0.10812511902529336 0.10843540322835458 0.10855454205776244 0.1085040862191138 0.10831633855301294 0.10802801772697956 0.1076808581005336 0.10732687970334112 0.10702123811654858 0.10678897684923955 0.10661972667470281 0.10649449917667514 0.10639893902364037 0.10632386882504562 0.10626352191384596 0.10621416565477287 0.10617330982069494 0.10613923108124079 0.10611070134410967 0.10608682622940591 0.10606693813247067 0.10605053552454695 0.1060372349516155 0.10602674475128261 0.10601884350299874 0.10601336636350669 0.10601019529189719 0.1060092525602436 0.10601049665288663 0.1060139199158481 0.1060195479978164 0.10602744086325765 0.10603769574213777 0.10605045165448915 0.10606589661838602 0.10608427832674233 0.10610591879100288 0.1061312377648783 0.10616078016107462 0.10619526811183316 0.10623566460432032 0.10628328766032208 0.10633998090516371 0.10640840043696094 0.10649251607554276 0.1065984396911101 0.10673585988758262 0.10691984841431648 0.10717015112500188 0.10749710077788896 0.10787384582823667 0.10824284155068632 0.10855076855288429 0.10875541263628262 0.10881974758127039 0.10871102454639188 0.10840693841111454 0.1079188045976522 0.10738879799175466 0.1064621678906795 0.10660509970282396 0.10659216306349568 0.10645388551859424 0.10616542473314269 0.10571981179344052 0.105131834898971 0.10443595397924219 0.10368731074923004 0.10296793918512673 0.10236792592225882 0.10192142622137949 0.10160024824270579 0.10136456702810469 0.10118569347066428 0.10104567004798939 0.1009333521300058 0.10084158757778786 0.10076563443534552 0.10070222705336462 0.10064904718062104 0.10060441158811408 0.10056706679114472 0.10053607268326786 0.10051071116293847 0.10049043610793089 0.10047483251722023 0.10046359062959458 0.10045648741063001 0.10045337422742266 0.10045416907083739 0.10045885199409739 0.1004674639164176 0.10048010834471681 0.10049695663016797 0.10051825623284862 0.10054434387589838 0.10057566510246192 0.100612801279755 0.10065651261964119 0.10070778947986408 0.10076794841832123 0.10083875186319985 0.10092262165450717 0.10102296161826142 0.10114470355135335 0.10129526976538175 0.10148619528184213 0.10173600920414917 0.10207418373584567 0.10254131677144314 0.103165365387897 0.10390986902463087 0.10468190180940905 0.10539802205960681 0.10600275936850899 0.10646164964946521 0.10675989538574554 0.10690435250949064 0.10691973922771937 0.10677528745886582 0.10675448086411674 0.10649900862139298 0.10617253928788527 0.10571228309106029 0.10508062401132257 0.10425365818072067 0.1032378381340239 0.10207707342405757 0.10085659221949841 0.09970699942363076 0.098765376737956212 0.098074953179452737 0.09758375590856104 0.097226159294597381 0.096956285176683352 0.096745877053724949 0.096577582047422325 0.096440349616076504 0.096326895660815551 0.096232227357444008 0.096152813842636464 0.096086099290355997 0.096030185262148404 0.095983650674516627 0.095945411634363931 0.095914644532267113 0.09589072362020265 0.095873181478839206 0.095861680776373623 0.095855995452650319 0.095855998853538751 0.095861656707027065 0.095873025198902062 0.095890253447462312 0.095913591254077626 0.095943401481438165 0.095980179736907659 0.096024583704587732 0.096077473857402937 0.096139978137037937 0.096213570207469359 0.096300214499179013 0.096402549712987437 0.096524215083121187 0.096670347932939979 0.096848430725531301 0.097069795858644711 0.09735220227089722 0.097724497296103732 0.098233356129635366 0.098945144241118346 0.099911414238526924 0.1010862425811353 0.10232936472299929 0.10350875384388875 0.10453918608020162 0.10537731602575415 0.10601735743010447 0.10648375486096656 0.10681435377734157 0.10707147458549132 0.10735510028870539 0.10682618584068389 0.10628599034048959 0.10562822568925173 0.10476389921340262 0.10362984191657577 0.10220881731075225 0.10055775100352131 0.09881815434426211 0.097199053281282963 0.095896106077474993 0.094955873813072827 0.094294670917669243 0.093817044921680942 0.093458493891829378 0.093179976618042004 0.092957776904284778 0.092776907344812712 0.092627543965972531 0.092502982522978991 0.092398498391720263 0.092310681118174004 0.092237003269121182 0.092175576218001834 0.092124961449413817 0.092084066851016583 0.092052063005864715 0.092028330195151081 0.092012420592855193 0.092004033073141561 0.09200299734278615 0.092009264489561801 0.092022904324042434 0.092044108572330946 0.092073201029378895 0.092110653931910452 0.092157113995425602 0.092213441282861505 0.092280763364137416 0.092360561216883977 0.092454774328907488 0.092565994137719668 0.092697711797512961 0.092854757867582863 0.09304397852748772 0.093275393704608328 0.093564271101254051 0.093934734452718549 0.094426425177704637 0.095104670411534253 0.096065720314437136 0.097392861610451659 0.099036617349708853 0.10079768791651418 0.10246540989534596 0.10389866042419195 0.10504181703073702 0.10591337859317961 0.10657734762189866 0.10712312507902767 0.10765727211188511 0.10796380598278341 0.10728677946774703 0.10663608364787242 0.10588275502740604 0.10490503227453579 0.10357542700961955 0.10180568529043618 0.099644162084422658 0.097336248892155766 0.09522391955008877 0.093562884446822203 0.0923837605354981 0.09156234453268132 0.090972341594672559 0.090530995439748005 0.090188947481877238 0.089916466285019495 0.089694868366172062 0.089511955226134907 0.089359426946239134 0.089231447856252671 0.089123813022215115 0.089033410677502992 0.088957918021335056 0.088895567209907739 0.088845016711443126 0.088805247770964615 0.0887754988970441 0.088755219160871313 0.088744037068307524 0.088741740967715699 0.088748267323744981 0.088763697357095009 0.088788260873959024 0.088822348593251027 0.088866532197546838 0.088921596198035302 0.088988585571783421 0.08906887231912658 0.089164260925908387 0.08927711835344683 0.089410612236741932 0.08956901849550028 0.089758266723347996 0.089986783957842306 0.090266946410440987 0.090617695833520348 0.09106914798575641 0.091671247552869553 0.092507610976104243 0.093705529325429013 0.095389331121032803 0.097525844143053014 0.099855002638662524 0.10203236043297162 0.10381330999304576 0.10515176632746787 0.10613753421347095 0.10689851962374165 0.10755679446363145 0.10824208559242415 0.10846222451188996 0.10772913476499317 0.10702869087254391 0.1062496854112155 0.10525816215216362 0.10389004181673508 0.10190461514492316 0.099212101329802696 0.096279587269880257 0.093677887671912888 0.091677717935376227 0.090271550309693749 0.08929704005970919 0.088599022360024843 0.08807771646702417 0.087674072616982207 0.087352679146617179 0.087091346361963404 0.086875614833579903 0.086695660453763798 0.086544583353199714 0.086417415836011841 0.086310483884296324 0.086221046162168982 0.086147016736318804 0.086086812739407784 0.086039231847575157 0.086003374794165574 0.085978590130377439 0.085964437390113058 0.085960663913985921 0.085967190909904109 0.085984109391269437 0.086011684575317479 0.086050370252669137 0.086100832300966976 0.086163986055932396 0.086241052229516085 0.086333635178693677 0.086443846825838749 0.086574460086475624 0.086729189219705016 0.08691305357787836 0.08713302211512565 0.087399013730114397 0.087725622645672782 0.088135238749275827 0.088663581186328361 0.089370191536228119 0.090355638011930278 0.091776218495500522 0.093795277325802853 0.096419877027368414 0.099375400626942098 0.10208592360142525 0.10408517296677869 0.1054666413361296 0.10647053532764965 0.10726058848576731 0.10797122502299843 0.10871483501924191 0.10885275133054498 0.10808933460864088 0.10735365140550647 0.10656726831966346 0.10560516059153716 0.10430156001103315 0.10240456085376512 0.099260737495716317 0.09565459923379932 0.092570332866058744 0.090221421700581644 0.088580592369618419 0.087446834550648292 0.086636181805133772 0.086031382783121849 0.085563375244210205 0.085190849286724504 0.084887963918551468 0.084637901047033642 0.084429244741005521 0.084253982940770772 0.0841063504063954 0.083982085041031898 0.083878007610979702 0.08379169927540206 0.083721324486361048 0.08366548860936264 0.083623147906235248 0.083593545357694851 0.083576167844040108 0.083570719210665653 0.083577103991029925 0.083595422585597753 0.083625976232787141 0.083669283464483879 0.083726107205074424 0.083797497822346093 0.083884857612179189 0.083990031179442121 0.084115448443166041 0.084264302316930426 0.08444087256568264 0.084650947546002345 0.084902570830774265 0.085207202628866968 0.085581725811893605 0.086052080998463634 0.086659738654082941 0.087474035699206351 0.088612713129243972 0.090260596868427356 0.092619978274303752 0.095719685735946622 0.099348523870630659 0.10252097263039256 0.1044463401059947 0.1057747794059038 0.10675684453296477 0.10755881716482316 0.10830701018766048 0.10908210664627635
        </DataArray>
        <DataArray type="Float64" Name="stress_2d" NumberOfComponents="3" format="ascii">
          -4480.5866838356142 -27274.31798894102 -5502.1879110652417 -3862.0134737582439 -26837.773664978158 -3840.8796282593685 -3006.0387194079949 -26165.843239674134 -1278.9436172220735 -2651.2419729576905 -25856.030815063939 114.14702106397766 -2449.8996917429567 -25831.247605829412 862.24460755791233 -2283.7814518839741 -26022.472837949608 1230.5823537762808 -2111.2814220407881 -26369.037525773721 1368.1046442533825 -1922.7634092926282 -26815.302798561734 1363.9903625009285 -1725.3595964620135 -27304.890422183365 1275.867900931285 -1536.6545922271823 -27777.142109994929 1146.3603114619395 -1375.4245653358798 -28179.356338323283 1009.3066927119221 -1250.2292549564038 -28489.106987151041 886.08780524908354 -1157.4001920982341 -28716.53529157041 783.19959141757772 -1088.3380621063936 -28884.318267755461 698.10875060550984 -1035.5661506685317 -29011.723673865548 626.31679318132103 -994.04657641737913 -29111.502657514229 564.16753246877192 -960.57196214568842 -29191.670943460522 509.10324993137738 -933.07329609922044 -29257.352308946702 459.3670378930542 -910.17361881049692 -29311.933942465068 413.73066480616308 -890.92534196550582 -29357.734776560006 371.31111426776147 -874.65596038421108 -29396.393906422447 331.45396089604606 -860.87602151327815 -29429.100348393535 293.66060717093399 -849.22183838126671 -29456.735274940838 257.54079462404303 -839.41910047004444 -29479.961874707304 222.78177908525123 -831.25866795539298 -29499.284765478689 189.1265426637064 -824.58048770475057 -29515.089553933911 156.35909147394585 -819.26260098034845 -29527.669753242386 124.29395468091954 -815.21331563773538 -29537.24580142078 92.76779167589126 -812.36589595389637 -29543.977984595916 61.633176858032925 -810.67497449245616 -29547.975231608962 30.753682072891046 -810.11421403790359 -29549.300745110741 1.2829422456839268e-05 -810.67497768715225 -29547.9752360075 -30.753658117254858 -812.36590428502632 -29543.977994038032 -61.63315511473003 -815.21332701015058 -29537.245814850838 -92.7677728761943 -819.26261637250673 -29527.669770826273 -124.29393956602613 -824.58049982837247 -29515.089572279496 -156.35908400409221 -831.25867182401726 -29499.284781486713 -189.12654113290449 -839.41910885499442 -29479.961892917992 -222.78177378372393 -849.22185026367174 -29456.735295481885 -257.54078582781631 -860.87602584978583 -29429.100367338095 -293.6606017713209 -874.65596008198509 -29396.393924487405 -331.45396042819908 -890.92534616703165 -29357.734796437668 -371.31111401266458 -910.17363029105059 -29311.933965270866 -413.73066445599602 -933.07330628659929 -29257.352331586095 -459.36704283283564 -960.57196892390732 -29191.670963642726 -509.10325852965201 -994.04658269515289 -29111.502675032003 -564.16754047743063 -1035.5661581118318 -29011.723689207163 -626.31680004194322 -1088.3380750158485 -28884.31828288619 -698.10875701712962 -1157.4002086257592 -28716.535305618741 -783.19959813771129 -1250.2292696746017 -28489.106997256233 -886.08781022212861 -1375.4245782442736 -28179.35634551142 -1009.3066961030269 -1536.6546048739021 -27777.142116353483 -1146.3603142206343 -1725.3596073019683 -27304.890428501269 -1275.867904227943 -1922.7634169013677 -26815.30280431392 -1363.9903663591958 -2111.2814256867418 -26369.037530349829 -1368.1046472151124 -2283.7814550841849 -26022.472843779353 -1230.582356253542 -2449.8996970004373 -25831.247613782405 -862.24460952712366 -2651.2419747349613 -25856.030822193097 -114.14702097221064 -3006.0387181359997 -26165.843247502355 1278.9436190295021 -3862.0134723221745 -26837.773674141448 3840.8796317788574 -4480.5866819931598 -27274.317997599297 5502.1879161112338 -2505.6689504797973 -15990.319781329395 -4661.5122666516818 -2006.3894419066457 -17343.639754186977 -3728.070747476771 -1191.7566745127442 -19594.083716012945 -2105.4723593606241 -678.42681651917064 -21187.607238989396 -928.87601706971918 -342.24025698705879 -22484.817900060334 -106.79939686164047 -92.033508581559545 -23636.839275502272 447.24437673685418 122.61286462390262 -24706.778629920726 797.97832607124633 324.40502621266819 -25711.298547900908 992.38518410020447 517.11354291639623 -26634.339218111931 1066.5476299631259 691.84353077089895 -27435.023238908412 1053.9045765452533 836.47178901175994 -28073.539128334323 990.24774315182106 946.32345552879633 -28545.313862930409 907.84008416898951 1026.358007257239 -28882.784519822701 825.92459035528123 1085.0792735311884 -29127.635515561022 751.02280035691933 1129.4713963752633 -29311.498099081371 683.60920900468614 1164.1069876790584 -29454.354886926238 622.55930596535973 1191.8458183775413 -29568.456398334049 566.63692465855127 1214.5092691456257 -29661.510147039444 514.8138837439401 1233.2978399601516 -29738.55523474377 466.28701856647018 1249.0312758498712 -29803.013053876752 420.43385131468949 1262.2876824980992 -29857.286288950505 376.76642995705504 1273.4855620348378 -29903.108780776478 334.89628848675568 1282.9344778607106 -29941.759950018026 294.50815186762765 1290.8670289233221 -29974.199293066435 255.34165301351644 1297.4599650376651 -30001.154716300382 217.17713845733658 1302.8481916234246 -30023.181082474694 179.82583962735322 1307.1342596778697 -30040.699880236072 143.12259009784395 1310.3951259623218 -30054.02714140655 106.91954132411273 1312.6867152999216 -30063.392365861066 71.081441973180546 1314.0470089862479 -30068.951367243259 35.48182082844999 1314.4980343339776 -30070.794500960536 1.6380860341058678e-05 1314.0470105766872 -30068.951367928159 -35.481790742734965 1312.6867187659336 -30063.392366825454 -71.081415768738907 1310.3951294059966 -30054.027143159517 -106.91951935662865 1307.134260331632 -30040.699883722518 -143.12257170239386 1302.8481911524618 -30023.181087309167 -179.82582963400853 1297.4599658836596 -30001.154721171322 -217.17713605349195 1290.8670215589286 -29974.199300969085 -255.34164643444615 1282.934465406654 -29941.759959791132 -294.50814090021339 1273.4855578336201 -29903.10878797789 -334.8962831658809 1262.2876861684122 -29857.286293605765 -376.76643169136327 1249.0312772960665 -29803.013059075609 -420.43385202603992 1233.2978355229345 -29738.55524239465 -466.28701850754669 1214.5092668750876 -29661.510155118645 -514.81388906861241 1191.8458185325585 -29568.456406448553 -566.63693405500521 1164.1069892722001 -29454.354894371463 -622.55931473341241 1129.471398316196 -29311.498106074956 -683.60921660788108 1085.079270268548 -29127.635524564739 -751.02280774974406 1026.3579995576524 -28882.784530361259 -825.92459745141139 946.32344667912969 -28545.313872792034 -907.84008941651643 836.47178037890194 -28073.539136460382 -990.24774642265834 691.84352249913798 -27435.023245376044 -1053.9045785049811 517.1135357174478 -26634.339223636947 -1066.5476318455349 324.40502114699223 -25711.298552584125 -992.38518578231378 122.61286192098794 -24706.778633775593 -797.97832685780509 -92.033510775938112 -23636.839280287342 -447.2443776986072 -342.24025971097922 -22484.817905799515 106.79939594013763 -678.42681616419702 -21187.607243539431 928.87601718759663 -1191.7566719944198 -19594.083720502342 2105.4723600805801 -2006.3894392166678 -17343.639758897491 3728.0707494008229 -2505.6689472788594 -15990.319785512362 4661.5122696534927 -245.80171293667155 -3455.8599962563576 -2090.7994184880804 102.8745544363523 -5767.6378438131251 -2137.9434557960249 776.77943456138382 -9992.778321791644 -1965.5852432100694 1367.7268616969668 -13489.446059436967 -1419.6250246456668 1848.4274914903506 -16425.59324725009 -752.63341177064933 2244.9385791411223 -18970.217461262539 -108.16884817592032 2586.0598497357805 -21230.804078626392 435.80014279176703 2886.6975818554361 -23255.988839443311 839.21144986208071 3147.0681168956307 -25039.910545359184 1087.9502953189856 3358.810374030505 -26533.392545720104 1192.9074427067726 3516.1784449759398 -27690.649377856043 1191.2600980523357 3624.3500101890968 -28526.467027133553 1132.0852791715365 3696.5699928280133 -29113.995308579528 1052.6189770986259 3745.8538995671402 -29534.776757835753 970.64131929861583 3780.9883260691358 -29847.706037014406 892.01832001166576 3807.130780434285 -30089.047432132102 818.00647412811554 3827.2692821503506 -30280.683897912524 748.43283042651558 3843.1995279925654 -30436.231152681656 682.75957930312609 3856.0515464136852 -30564.516802826514 620.41377108286883 3866.5678949569128 -30671.494724147335 560.87876892824659 3875.2555042308513 -30761.32322947184 503.71014506248127 3882.4712503419887 -30836.989342854169 448.53089869193781 3888.472814887255 -30900.688657289895 395.02032510610206 3893.4498285041527 -30954.062317438798 342.90387470105117 3897.5437847315434 -30998.351829202409 291.94307148086892 3900.8610407546139 -31034.501309706291 241.92810081088689 3903.4814005149192 -31063.226501802921 192.67190480789432 3905.4641061078223 -31085.063193598078 144.00440305426432 3906.851840202738 -31100.399963464071 95.768052047143939 3907.6734145480159 -31109.500371188889 47.814157975805344 3907.945462764982 -31112.517162984139 1.7206827360283228e-05 3907.6734208273037 -31109.500366235094 -47.814126567476364 3906.8518532530416 -31100.399953888518 -95.768024274417229 3905.4641207851873 -31085.063182414451 -144.00437943313966 3903.4814149292279 -31063.226490081997 -192.6718858184876 3900.861053726007 -31034.501298493975 -241.92808862618341 3897.5437939217204 -30998.351820320244 -291.94306521775474 3893.4498288886471 -30954.06231245966 -342.90386625978789 3888.4728131151924 -30900.688652406949 -395.02031472947385 3882.4712540745159 -30836.989335533057 -448.53089426603321 3875.2555127875885 -30761.323220866365 -503.71014752792155 3866.5679020823795 -30671.494715783127 -560.87877081539659 3856.0515502606804 -30564.516794959327 -620.41377195583436 3843.1995339756972 -30436.231144196496 -682.75958337469797 3827.2692881769353 -30280.683890491418 -748.43283693327021 3807.1307888193151 -30089.047424580622 -818.00647979441555 3780.9883368409332 -29847.706029275912 -892.0183240937223 3745.8539070277002 -29534.776752866717 -970.6413222474232 3696.5699951653069 -29113.995307583507 -1052.6189790853841 3624.3500092348536 -28526.46702906959 -1132.0852803943917 3516.1784444085433 -27690.649379965751 -1191.2600978861105 3358.8103724524681 -26533.392547751286 -1192.9074410509097 3147.0681151289446 -25039.91054728585 -1087.9502927391845 2886.6975819357135 -23255.988840689482 -839.21144635836743 2586.0598506913975 -21230.804079858772 -435.80013877120376 2244.9385806874343 -18970.217463733512 108.16885128289653 1848.4274945125921 -16425.59324965463 752.63341419255403 1367.7268664713397 -13489.446060960443 1419.6250262978117 776.77943931732307 -9992.7783226731935 1965.5852436181051 102.87455875705245 -5767.6378426758647 2137.9434558219923 -245.80170838211825 -3455.8599939276432 2090.7994183641745 298.57002177607558 -906.48446074377307 86.681020128483453 414.1559340428397 -2411.1496579637846 -171.49723038441684 674.77098129158594 -5518.2736865661609 -462.59424953635744 1006.5658769480833 -8719.2093203446275 -336.03754825546821 1407.7120488452015 -11880.460474148929 89.957773062438434 1851.2206368060624 -14964.010521794837 645.4706122445632 2308.7483480822025 -17948.351015424603 1179.5002240316417 2744.4425010472332 -20781.127956300061 1583.9998441852963 3116.8659695371061 -23361.578412550341 1804.1805659039742 3394.1023830303893 -25553.108088313194 1844.3286467229166 3571.9361123256585 -27253.600790695258 1759.8793103030205 3673.1160945620013 -28474.434344432309 1621.2353701167744 3727.6110525902095 -29325.011237035069 1475.2179665707449 3757.3008411334968 -29928.871079314893 1339.4979935030103 3774.1641417515766 -30374.618819969841 1216.9808303660523 3784.1168158186611 -30716.31931398459 1106.2139835377461 3790.1354857311881 -30986.3150410573 1005.0833142660219 3793.8034447603104 -31204.582402650994 911.71606574441319 3796.0141261522995 -31383.993821700824 824.61238269417504 3797.2986227384094 -31533.186499960517 742.59599397095462 3797.9870193555039 -31658.166358242775 664.73937589944319 3798.2920126704657 -31763.231348466594 590.30204346988057 3798.3548341399246 -31851.530369144628 518.68247964244551 3798.2715306543196 -31925.410559997836 449.3839253342037 3798.1086115324761 -31986.643208119516 381.9876150804277 3797.9127817679123 -32036.572559543671 316.13405929974533 3797.7169829136574 -32076.215946122455 251.50911047709155 3797.5443665795974 -32106.333839151681 187.83193206639618 3797.4108785844101 -32127.477139109378 124.84592624744923 3797.3269000592204 -32140.019199188373 62.311441671511879 3797.2982721677154 -32144.176283484809 2.0695816029814296e-06 3797.3268935779943 -32140.019197285117 -62.311438012410036 3797.4108825431081 -32127.477128815695 -124.84591916888195 3797.5443735937024 -32106.333825124999 -187.83192227357935 3797.7169866901759 -32076.21593230703 -251.50910468795234 3797.9127902636355 -32036.572542653768 -316.13405704127717 3798.1086224331739 -31986.643189192975 -381.9876124800806 3798.2715374468439 -31925.410542397054 -449.38392195672623 3798.3548453932599 -31851.530349496916 -518.68248015925792 3798.2920266879578 -31763.231326907808 -590.30204762514097 3797.9870271014915 -31658.166338998133 -664.73938096147049 3797.2986289848386 -31533.186481810139 -742.59600013603233 3796.0141354493148 -31383.993802298144 -824.61238883341696 3793.8034526045976 -31204.582383882258 -911.71607140223284 3790.1354905556564 -30986.315024109335 -1005.0833191665517 3784.116820948404 -30716.319297663693 -1106.2139883419759 3774.1641466715305 -30374.618803985646 -1216.980832837364 3757.3008468045182 -29928.871063997387 -1339.4979921563663 3727.611054600879 -29325.011225880437 -1475.2179650027153 3673.1160941760172 -28474.434337092662 -1621.2353685075118 3571.9361162110408 -27253.600784379276 -1759.8793075047588 3394.1023868915727 -25553.108084273805 -1844.3286426339805 3116.8659730467448 -23361.578410427632 -1804.1805604095537 2744.4425062299847 -20781.127954787749 -1583.9998375814973 2308.7483528325347 -17948.351014895779 -1179.5002167168693 1851.2206413007571 -14964.010523055975 -645.47060574081218 1407.712054522668 -11880.460475536996 -89.957767436133324 1006.5658823667542 -8719.2093216833946 336.03755287200062 674.77098567450491 -5518.2736880567136 462.59425237046651 414.15593749480183 -2411.1496576035861 171.49723151336391 298.57002475309264 -906.48445900575211 -86.681019889006564 439.14966331159388 879.90255651401822 644.59552759088183 266.96038620248402 -404.16465712059085 395.18279666827618 53.200421404139291 -2949.7657828773031 152.24016790448673 76.406523720375731 -5587.4914752707036 362.07538982449279 295.46917489798625 -8492.9871141209042 896.17901636416036 672.17557189968841 -11701.852801414632 1586.510934791017 1148.9977409718147 -15155.715883119185 2230.2613063378276 1633.1510564926971 -18685.116483159225 2652.229264001001 2016.7675714954987 -22024.312871791437 2774.3419275425667 2237.8412163565936 -24884.823379077032 2642.5308696845673 2313.8470665761888 -27084.161643188399 2380.3967620681283 2306.8369422153328 -28637.12406787269 2100.2748126357278 2269.430659935867 -29700.936075187696 1853.6546450504779 2226.8778239228086 -30445.976022869585 1647.1071098385282 2187.2445911782124 -30990.496014934768 1472.9077811834886 2152.316113892703 -31404.866985635195 1322.7827008925717 2122.0202741399712 -31730.472664363384 1190.5183389265471 2095.8368855498384 -31992.560808241804 1071.7307729106246 2073.2080244022345 -32207.251209560636 963.31925221468168 2053.6445123271069 -32385.28244510974 863.04315499601057 2036.7427180788654 -32534.078558010748 769.23893191430489 2022.1767946233056 -32658.927224822532 680.63919331193449 2009.6855928889054 -32763.687225758818 596.25310698941735 1999.0605529506875 -32851.225398787923 515.28798109588433 1990.1354305092107 -32923.699238254674 437.09377933101069 1982.7785548263439 -32982.742325614025 361.12546873065401 1976.8867974375692 -33029.588620678565 286.91610979216711 1972.3809626244479 -33065.159100968245 214.05539569381 1969.2024961227801 -33090.120135305981 142.17372287939037 1967.3111034530341 -33104.922935498398 70.929658500067475 1966.6832093620762 -33109.828708641056 -4.6569159657394721e-06 1967.3110854937784 -33104.922940987424 -70.929668126366735 1969.2024919385572 -33090.120132313299 -142.17372534949152 1972.3809653586989 -33065.159092489535 -214.05539111024581 1976.8867942366967 -33029.588612532883 -286.91610945523365 1982.7785550765814 -32982.742313667841 -361.12547294942112 1990.1354340292728 -32923.69922194993 -437.09378204480106 1999.0605553556766 -32851.225379731899 -515.28798246337533 2009.6855981176839 -32763.687203342553 -596.25311331456646 2022.1768020857644 -32658.927199720692 -680.63920275198893 2036.7427184819007 -32534.078533574269 -769.23893859639418 2053.6445120617213 -32385.282419685209 -863.04316058891197 2073.2080321896733 -32207.251180999803 -963.31925605073661 2095.8368892054482 -31992.560782979766 -1071.7307735634747 2122.0202725401855 -31730.472643675439 -1190.5183383672697 2152.3161143625739 -31404.866966741145 -1322.7827017747607 2187.2445924644821 -30990.495997102917 -1472.9077792663929 2226.8778274277042 -30445.976005245782 -1647.1071040739432 2269.4306623759735 -29700.936060863485 -1853.6546411433703 2306.8369440574816 -28637.124057230452 -2100.2748092395541 2313.847073400826 -27084.161634888558 -2380.3967592972513 2237.8412255263183 -24884.823373278763 -2642.5308668245007 2016.7675789543441 -22024.312868821089 -2774.3419234166272 1633.1510638800614 -18685.116481314923 -2652.2292589979256 1148.9977474937284 -15155.715881286082 -2230.2613003223205 672.17557721190997 -11701.852800997873 -1586.5109292403577 295.46917983466227 -8492.9871152812302 -896.17901157601659 76.406527627258711 -5587.491477320521 -362.07538551259506 53.200424960738395 -2949.7657857252161 -152.2401644423509 266.96038867967019 -404.16466051417535 -395.18279410779678 439.14966478450697 879.902553049988 -644.5955254888172 149.13061161818399 1385.0583435481485 598.13705762431141 -136.71104402460685 612.45999837698753 328.53826120187267 -549.41450130925045 -1054.0901848968604 98.190782160397163 -697.59840901534471 -3020.539680345611 416.72017174179473 -654.2203501322424 -5462.7832332029448 1158.0372584847446 -429.71442787589012 -8590.1489164268914 2145.5176708631238 -47.382016429733596 -12452.193114922364 3071.1511961202964 351.42183828808868 -16767.409888481936 3593.9805252730293 559.54022605816408 -20972.288956429009 3580.9631186627503 496.87274526286626 -24522.332541049331 3199.5395013702728 270.07187109469413 -27162.16154024471 2719.5686025786167 22.080207947469262 -28965.507845162305 2300.9216501058554 -183.81319264080463 -30172.148419092897 1975.280594802211 -343.49121798055694 -31005.343252594143 1722.8821796958086 -467.44066545300393 -31608.978589713573 1520.6631488360351 -565.5147735785896 -32065.711720504496 1352.5634981606977 -644.6916518521366 -32423.178647589488 1208.3591317611733 -709.69349783464497 -32710.077756246345 1081.4729755072128 -763.74258553201116 -32944.575655625733 967.52796178927372 -809.08830452711823 -33138.69958011277 863.49833130394688 -847.34059859029264 -33300.725488691372 767.21393701658599 -879.67721291260227 -33436.526225782312 677.06705890929106 -906.97598477069243 -33550.375067918721 591.83004155463345 -929.90022862844637 -33645.439294880794 510.54018868183323 -948.95610425711425 -33724.097881882917 432.42185076296357 -964.53110805059305 -33788.149288948203 356.83454845340952 -976.92060831056824 -33838.950285822662 283.23672628786738 -986.34664297981453 -33877.51247968898 211.15793658714671 -992.97076911521253 -33904.567242939302 140.1784362875382 -996.90282004590097 -33920.609511735762 69.913318017815286 -998.20654275302434 -33925.925693592515 -2.5726560437533408e-06 -996.90282476598065 -33920.609514548865 -69.913323051613403 -992.97076853159297 -33904.567243739657 -140.17843674113422 -986.34663826053588 -33877.512477171877 -211.15793292106352 -976.92060367302906 -33838.950281299622 -283.2367263025107 -964.53110152150066 -33788.149281975639 -356.83455222149956 -948.95609759609897 -33724.097873116327 -432.4218540574812 -929.900219268873 -33645.439283051412 -510.54019178346414 -906.97597667065816 -33550.375055379205 -591.83004660880874 -879.67720596260983 -33436.526213742924 -677.06706549184753 -847.34059203222114 -33300.725476943757 -767.21394174333068 -809.08830209503503 -33138.699570194272 -863.49833276106017 -763.74258274024373 -32944.575645614277 -967.527960541271 -709.69349584541135 -32710.077745786853 -1081.4729720459582 -644.69165151011077 -32423.178637475401 -1208.3591280854098 -565.51477123584448 -32065.711711486056 -1352.5634962477507 -467.44065917950775 -31608.978580580348 -1520.6631450759096 -343.49121095701526 -31005.343243708114 -1722.882174581538 -183.81318482013268 -30172.148410980684 -1975.2805917167004 22.080218457427407 -28965.507836349745 -2300.9216473725473 270.07188237755838 -27162.161532146554 -2719.5686014634825 496.87275643516034 -24522.332533966477 -3199.539500364911 559.54023408081355 -20972.28895130262 -3580.9631167667658 351.42184463442567 -16767.409884433731 -3593.9805231422843 -47.382010445224751 -12452.193110614458 -3071.1511927068236 -429.71442372304898 -8590.1489141906422 -2145.5176671975869 -654.22034729872871 -5462.7832344185108 -1158.0372552856893 -697.59840740135223 -3020.5396842963842 -416.72016936676641 -549.41449995178266 -1054.090189154012 -98.190780232677241 -136.71104250003211 612.45999494178125 -328.53825934841888 149.1306124183719 1385.0583400246328 -598.13705608358191 -101.83066509330959 1149.7637243879149 243.47923421750497 -341.2722132283177 866.41967231895433 1.6441761373461645 -665.30794747988421 115.37868723671984 -241.50263626980706 -775.98388001714341 -1016.1788125886681 0.86313648669862175 -825.23159552137759 -2676.9840505694342 746.91246363793243 -873.36601335501189 -5328.3354773977344 1976.0596387973951 -826.89185597183291 -9467.7351630284666 3339.8106407736595 -797.10733301139658 -14781.995781525071 4090.8093020718616 -1158.8732288378314 -20078.10821715276 3905.4128687219882 -1885.4756137127479 -24339.087018665225 3254.2193710267043 -2613.2793536765057 -27324.22072380648 2632.7482500142096 -3157.8560536849218 -29290.389285172307 2171.5205454100496 -3534.9856027669766 -30585.609162158402 1840.8542607792474 -3798.8776602406006 -31473.412211309365 1595.1646528602166 -3990.9784714477091 -32114.27938025603 1402.794337904171 -4136.4714822644246 -32598.202691547755 1245.0092461711042 -4250.2636929310102 -32976.485243704083 1110.761711889515 -4341.4628211280497 -33279.848114652181 993.25455007310802 -4415.8788904765661 -33527.666748859228 888.09330606439153 -4477.3757970795295 -33732.737603568341 792.30147004805417 -4528.6184844082136 -33903.851014259359 703.77628143086076 -4571.5004360961102 -34047.237193752029 620.97800621785734 -4607.3999932595643 -34167.425284683151 542.74175144180219 -4637.3387352419268 -34267.769854910017 468.16085735894967 -4662.0838621425719 -34350.78919123426 396.50934934115037 -4682.2150079501789 -34418.38625957918 327.19084131910176 -4698.1693145294466 -34471.996203019757 259.70320973601889 -4710.2725539460534 -34512.688789895183 193.6117899662629 -4718.7601817696732 -34541.237296726707 128.52986556563337 -4723.7914510531982 -34558.164936339635 64.103561042000507 -4725.4584837319271 -34563.774455282502 -5.2644234678211888e-06 -4723.7914428039412 -34558.164933379499 -64.103570396770962 -4718.7601742443476 -34541.237293818842 -128.52987482230651 -4710.272546242325 -34512.688785689577 -193.61179976723298 -4698.1693005318848 -34471.996195233041 -259.7032210941544 -4682.2149920330794 -34418.386250950847 -327.19085480151011 -4662.0838441563747 -34350.789182362903 -396.50936003914848 -4637.3387067357753 -34267.769843830276 -468.16086605445031 -4607.3999646817501 -34167.425276792652 -542.74175981460962 -4571.5004105217313 -34047.23719050848 -620.97801345528023 -4528.6184593691032 -33903.851014310298 -703.77628807746851 -4477.375777629557 -33732.7376073618 -792.30147417194144 -4415.8788755595815 -33527.666754885948 -888.09330939725055 -4341.462802175929 -33279.848118570124 -993.25455326768724 -4250.2636739742957 -32976.485246433309 -1110.761714531403 -4136.4714699700962 -32598.20269548181 -1245.0092493350735 -3990.9784607231118 -32114.279382829096 -1402.7943402489711 -3798.8776506841623 -31473.412212531373 -1595.1646551313875 -3534.9855919871579 -30585.609160911899 -1840.8542641107474 -3157.8560400289748 -29290.389279624243 -2171.520548260738 -2613.2793425863792 -27324.220716924341 -2632.7482529365207 -1885.4756045604872 -24339.087010358526 -3254.2193731305256 -1158.8732213801145 -20078.10820800285 -3905.4128695389313 -797.10732815499 -14781.995773262868 -4090.8093025243625 -826.89185182309927 -9467.7351553315457 -3339.8106388778233 -873.3660117464924 -5328.3354736879464 -1976.0596356357842 -825.23159547047067 -2676.9840513052532 -746.91246110031079 -775.98388090548815 -1016.1788163158047 -0.86313549713413806 -665.30794910168538 115.37868284989162 241.50263601648072 -341.27221346977223 866.41967020297113 -1.6441763664439666 -101.83066517062355 1149.763723336172 -243.47923422309808 -101.1720602235025 585.05131845327787 -25.685572295038032 -134.83999252008422 617.30057015828686 -239.11261277674785 -46.604331301150921 527.42619332578556 -556.43288941103094 219.74048439679743 154.89958638449914 -595.82188871493133 402.58082299861798 -562.56111450402409 -238.77199257620549 257.19713356548999 -2049.9873643784854 706.03790819486358 -428.79078844460105 -5841.6014557496574 2342.5931574125507 -1886.1388897006277 -12350.631757994761 3566.9315321035065 -3832.1245674253687 -19091.624587751226 3445.706536995825 -5512.1201602659175 -24072.477985780828 2789.3009225578144 -6628.2595390947345 -27335.248922408944 2284.3162501299867 -7316.0420133643365 -29449.877564444032 1924.3473857526653 -7743.0798788544034 -30834.377528215158 1661.8186842096582 -8022.3249178951737 -31781.226444042859 1460.6425913631392 -8216.7218799016355 -32463.806376677669 1298.4720100367201 -8359.4432080974075 -32978.778745303782 1162.1380218746185 -8468.5551430340165 -33381.074795834676 1043.7559185349996 -8554.5009421230079 -33703.535061780713 938.37842187765875 -8623.6843181191853 -33966.849771467496 842.74510738223523 -8680.2376929025922 -34184.672675348731 754.60784174772039 -8726.9452204814443 -34366.377376734483 672.35205715107941 -8765.747909743146 -34518.604124880178 594.77756432734009 -8798.0370473363182 -34646.178196865163 520.9636173057354 -8824.8307636957616 -34752.672302042694 450.1844345500084 -8846.8854392311805 -34840.76764944617 381.85190603287367 -8864.7676988879466 -34912.489921056025 315.47766277488466 -8878.9017174855617 -34969.366457812153 250.64657362618286 -8889.6017824431983 -35012.535580400559 186.99615012275564 -8897.0939798364379 -35042.819997697392 124.20149904483254 -8901.530741127448 -35060.776331241097 61.963577582922049 -8903.0000810008914 -35066.72665059616 -6.6948818711054514e-06 -8901.5307572168749 -35060.776340695178 -61.963589355315413 -8897.0939956181192 -35042.820009045769 -124.20151217647367 -8889.6017749325201 -35012.535583374847 -186.99616285293541 -8878.9016813937742 -34969.366451146387 -250.64658516665656 -8864.7676677351028 -34912.489919775413 -315.47767765607637 -8846.8854210837908 -34840.767656057636 -381.85191752164036 -8824.8307455692302 -34752.672310434529 -450.18444171580569 -8798.0370093246856 -34646.178198822308 -520.96362145828778 -8765.7478677854233 -34518.60412729266 -594.77756820845639 -8726.9451936852729 -34366.377386098771 -672.35206426591185 -8680.2376642018698 -34184.672682188801 -754.60784760926674 -8623.6842917546746 -33966.849778076292 -842.74511143579332 -8554.5009144510786 -33703.535067624107 -938.37842413155795 -8468.5551187713045 -33381.074802142539 -1043.7559209251788 -8359.4431926311754 -32978.778751966791 -1162.1380238504371 -8216.7218655697179 -32463.806379725891 -1298.4720094836721 -8022.3249062556333 -31781.226445519693 -1460.6425910876519 -7743.0798689220519 -30834.377528462486 -1661.8186858921786 -7316.0420034063527 -29449.877561709036 -1924.3473881101363 -6628.259531443704 -27335.248917107197 -2284.3162532257088 -5512.1201550171918 -24072.477977551054 -2789.3009257205954 -3832.1245624364442 -19091.624575608766 -3445.7065393300409 -1886.1388849512564 -12350.631745123996 -3566.9315331507996 -428.79078498676637 -5841.601446643851 -2342.5931560416193 257.19713392943964 -2049.9873607631525 -706.03790697002773 402.58082065952232 -562.56111464790752 238.77199206337167 219.74048155485372 154.89958486857813 595.82188714016809 -46.604334061023522 527.42619077850145 556.43288710019476 -134.83999393628008 617.30056810436633 239.11261133482532 -101.17206071637857 585.05131763396832 25.685572241406806 -20.728641345691585 273.31625950638261 -97.122297963221101 77.31893012021186 398.48163497670788 -297.17206463195231 450.68585077359796 542.13128623823013 -663.97839192237825 1015.5052337780232 497.35020306634885 -888.80458899167479 1440.2340794580746 241.13098587781363 -838.31345980212541 1369.6248443405811 -458.68783810555692 -250.8446685224543 205.32676823280514 -3820.3006567128891 1402.5969832115791 -2454.4582496861208 -10959.431294538384 2946.1037769532577 -5561.7749804719861 -18530.108658894889 2983.5176189529839 -7744.3003635250461 -23874.135711183866 2448.4716160944872 -8957.6272837406104 -27271.680935341348 2089.9068993456203 -9645.4770531347513 -29473.199486429978 1814.8399006048578 -10050.477931191092 -30911.027024909978 1599.0283146015111 -10306.242106814396 -31893.504331240965 1424.1562152375232 -10479.996755386343 -32601.117232608944 1277.6927251070156 -10605.372604064301 -33134.592457293882 1151.1852442244892 -10700.010746127784 -33551.095210210529 1039.14156602496 -10773.837340832921 -33884.778275337027 937.90585127967825 -10832.817616945704 -34157.145502117826 844.96161733426129 -10880.740076126334 -34382.379296386694 758.51413446223864 -10920.125749855066 -34570.211515331932 677.23892233698734 -10952.71429212598 -34727.533088560129 600.12910677214165 -10979.742430864679 -34859.349557488502 526.39741904219795 -11002.109057448914 -34969.365882994753 455.41319776210196 -11020.477972077279 -35060.361628636594 386.65807769743674 -11035.344354651217 -35134.436360312277 319.69630711555419 -11047.077332274941 -35193.172735741813 254.1535976248914 -11055.949579696888 -35237.750110951747 189.70015109625689 -11062.15672329243 -35269.020715624851 126.03814926363269 -11065.830463659009 -35287.561101154177 62.891879092760703 -11067.046797256804 -35293.704858341909 -9.0345902510335918e-06 -11065.83050500348 -35287.561123703126 -62.891894025664655 -11062.156763290815 -35269.02074277377 -126.03816370329695 -11055.949573179685 -35237.750121624529 -189.70016131098259 -11047.077276985561 -35193.172730429003 -254.1536034172496 -11035.344309391658 -35134.436364923138 -319.69631634740176 -11020.477956491333 -35060.361648323647 -386.65808448907489 -11002.109057826761 -34969.365908742475 -455.41320044193355 -10979.742393229442 -34859.34956641293 -526.39741670801959 -10952.71424388022 -34727.53309298004 -600.12910626472581 -10920.125728613966 -34570.211529303589 -677.23892849238473 -10880.740046894058 -34382.379304439717 -758.51413989963373 -10832.817590535829 -34157.145509805705 -844.96161937241686 -10773.837317357444 -33884.778281744846 -937.90585005216735 -10700.010726948141 -33551.095215508583 -1039.1415662707532 -10605.372591021263 -33134.592462336863 -1151.1852440612222 -10479.99673857577 -32601.117233110657 -1277.692720749538 -10306.242092805802 -31893.504331405915 -1424.1562112279635 -10050.477921649792 -30911.027027033218 -1599.0283133092967 -9645.4770450396754 -29473.199486782141 -1814.8399008019283 -8957.6272771541117 -27271.680931118091 -2089.9069008904253 -7744.3003603453362 -23874.13570320412 -2448.4716182164302 -5561.7749772872576 -18530.108645231099 -2983.5176210863615 -2454.4582442999085 -10959.431279010741 -2946.1037771932833 205.32677160575173 -3820.3006485567371 -1402.5969814884281 1369.624844240901 -458.68783597620455 250.84466822596471 1440.234075591834 241.13098545877861 838.31345705804392 1015.5052290608581 497.3502020853665 888.80458606204354 450.68584711780557 542.13128473026086 663.97838922315634 77.318928071917341 398.48163320573008 297.17206332682616 -20.72864211791747 273.31625896323811 97.122298428870195
        </DataArray>
        <DataArray type="Float64" Name="sigma_xx" format="ascii">
          -4480.5866838356142 -3862.0134737582439 -3006.0387194079949 -2651.2419729576905 -2449.8996917429567 -2283.7814518839741 -2111.2814220407881 -1922.7634092926282 -1725.3595964620135 -1536.6545922271823 -1375.4245653358798 -1250.2292549564038 -1157.4001920982341 -1088.3380621063936 -1035.5661506685317 -994.04657641737913 -960.57196214568842 -933.07329609922044 -910.17361881049692 -890.92534196550582 -874.65596038421108 -860.87602151327815 -849.22183838126671 -839.41910047004444 -831.25866795539298 -824.58048770475057 -819.26260098034845 -815.21331563773538 -812.36589595389637 -810.67497449245616 -810.11421403790359 -810.67497768715225 -812.36590428502632 -815.21332701015058 -819.26261637250673 -824.58049982837247 -831.25867182401726 -839.41910885499442 -849.22185026367174 -860.87602584978583 -874.65596008198509 -890.92534616703165 -910.17363029105059 -933.07330628659929 -960.57196892390732 -994.04658269515289 -1035.5661581118318 -1088.3380750158485 -1157.4002086257592 -1250.2292696746017 -1375.4245782442736 -1536.6546048739021 -1725.3596073019683 -1922.7634169013677 -2111.2814256867418 -2283.7814550841849 -2449.8996970004373 -2651.2419747349613 -3006.0387181359997 -3862.0134723221745 -4480.5866819931598 -2505.6689504797973 -2006.3894419066457 -1191.7566745127442 -678.42681651917064 -342.24025698705879 -92.033508581559545 122.61286462390262 324.40502621266819 517.11354291639623 691.84353077089895 836.47178901175994 946.32345552879633 1026.358007257239 1085.0792735311884 1129.4713963752633 1164.1069876790584 1191.8458183775413 1214.5092691456257 1233.2978399601516 1249.0312758498712 1262.2876824980992 1273.4855620348378 1282.9344778607106 1290.8670289233221 1297.4599650376651 1302.8481916234246 1307.1342596778697 1310.3951259623218 1312.6867152999216 1314.0470089862479 1314.4980343339776 1314.0470105766872 1312.6867187659336 1310.3951294059966 1307.134260331632 1302.8481911524618 1297.4599658836596 1290.8670215589286 1282.934465406654 1273.4855578336201 1262.2876861684122 1249.0312772960665 1233.2978355229345 1214.5092668750876 1191.8458185325585 1164.1069892722001 1129.471398316196 1085.079270268548 1026.3579995576524 946.32344667912969 836.47178037890194 691.84352249913798 517.1135357174478 324.40502114699223 122.61286192098794 -92.033510775938112 -342.24025971097922 -678.42681616419702 -1191.7566719944198 -2006.3894392166678 -2505.6689472788594 -245.80171293667155 102.8745544363523 776.77943456138382 1367.7268616969668 1848.4274914903506 2244.9385791411223 2586.0598497357805 2886.6975818554361 3147.0681168956307 3358.810374030505 3516.1784449759398 3624.3500101890968 3696.5699928280133 3745.8538995671402 3780.9883260691358 3807.130780434285 3827.2692821503506 3843.1995279925654 3856.0515464136852 3866.5678949569128 3875.2555042308513 3882.4712503419887 3888.472814887255 3893.4498285041527 3897.5437847315434 3900.8610407546139 3903.4814005149192 3905.4641061078223 3906.851840202738 3907.6734145480159 3907.945462764982 3907.6734208273037 3906.8518532530416 3905.4641207851873 3903.4814149292279 3900.861053726007 3897.5437939217204 3893.4498288886471 3888.4728131151924 3882.4712540745159 3875.2555127875885 3866.5679020823795 3856.0515502606804 3843.1995339756972 3827.2692881769353 3807.1307888193151 3780.9883368409332 3745.8539070277002 3696.5699951653069 3624.3500092348536 3516.1784444085433 3358.8103724524681 3147.0681151289446 2886.6975819357135 2586.0598506913975 2244.9385806874343 1848.4274945125921 1367.7268664713397 776.77943931732307 102.87455875705245 -245.80170838211825 298.57002177607558 414.1559340428397 674.77098129158594 1006.5658769480833 1407.7120488452015 1851.2206368060624 2308.7483480822025 2744.4425010472332 3116.8659695371061 3394.1023830303893 3571.9361123256585 3673.1160945620013 3727.6110525902095 3757.3008411334968 3774.1641417515766 3784.1168158186611 3790.1354857311881 3793.8034447603104 3796.0141261522995 3797.2986227384094 3797.9870193555039 3798.2920126704657 3798.3548341399246 3798.2715306543196 3798.1086115324761 3797.9127817679123 3797.7169829136574 3797.5443665795974 3797.4108785844101 3797.3269000592204 3797.2982721677154 3797.3268935779943 3797.4108825431081 3797.5443735937024 3797.7169866901759 3797.9127902636355 3798.1086224331739 3798.2715374468439 3798.3548453932599 3798.2920266879578 3797.9870271014915 3797.2986289848386 3796.0141354493148 3793.8034526045976 3790.1354905556564 3784.116820948404 3774.1641466715305 3757.3008468045182 3727.611054600879 3673.1160941760172 3571.9361162110408 3394.1023868915727 3116.8659730467448 2744.4425062299847 2308.7483528325347 1851.2206413007571 1407.712054522668 1006.5658823667542 674.77098567450491 414.15593749480183 298.57002475309264 439.14966331159388 266.96038620248402 53.200421404139291 76.406523720375731 295.46917489798625 672.17557189968841 1148.9977409718147 1633.1510564926971 2016.7675714954987 2237.8412163565936 2313.8470665761888 2306.8369422153328 2269.430659935867 2226.8778239228086 2187.2445911782124 2152.316113892703 2122.0202741399712 2095.8368855498384 2073.2080244022345 2053.6445123271069 2036.7427180788654 2022.1767946233056 2009.6855928889054 1999.0605529506875 1990.1354305092107 1982.7785548263439 1976.8867974375692 1972.3809626244479 1969.2024961227801 1967.3111034530341 1966.6832093620762 1967.3110854937784 1969.2024919385572 1972.3809653586989 1976.8867942366967 1982.7785550765814 1990.1354340292728 1999.0605553556766 2009.6855981176839 2022.1768020857644 2036.7427184819007 2053.6445120617213 2073.2080321896733 2095.8368892054482 2122.0202725401855 2152.3161143625739 2187.2445924644821 2226.8778274277042 2269.4306623759735 2306.8369440574816 2313.847073400826 2237.8412255263183 2016.7675789543441 1633.1510638800614 1148.9977474937284 672.17557721190997 295.46917983466227 76.406527627258711 53.200424960738395 266.96038867967019 439.14966478450697 149.13061161818399 -136.71104402460685 -549.41450130925045 -697.59840901534471 -654.2203501322424 -429.71442787589012 -47.382016429733596 351.42183828808868 559.54022605816408 496.87274526286626 270.07187109469413 22.080207947469262 -183.81319264080463 -343.49121798055694 -467.44066545300393 -565.5147735785896 -644.6916518521366 -709.69349783464497 -763.74258553201116 -809.08830452711823 -847.34059859029264 -879.67721291260227 -906.97598477069243 -929.90022862844637 -948.95610425711425 -964.53110805059305 -976.92060831056824 -986.34664297981453 -992.97076911521253 -996.90282004590097 -998.20654275302434 -996.90282476598065 -992.97076853159297 -986.34663826053588 -976.92060367302906 -964.53110152150066 -948.95609759609897 -929.900219268873 -906.97597667065816 -879.67720596260983 -847.34059203222114 -809.08830209503503 -763.74258274024373 -709.69349584541135 -644.69165151011077 -565.51477123584448 -467.44065917950775 -343.49121095701526 -183.81318482013268 22.080218457427407 270.07188237755838 496.87275643516034 559.54023408081355 351.42184463442567 -47.382010445224751 -429.71442372304898 -654.22034729872871 -697.59840740135223 -549.41449995178266 -136.71104250003211 149.1306124183719 -101.83066509330959 -341.2722132283177 -665.30794747988421 -775.98388001714341 -825.23159552137759 -873.36601335501189 -826.89185597183291 -797.10733301139658 -1158.8732288378314 -1885.4756137127479 -2613.2793536765057 -3157.8560536849218 -3534.9856027669766 -3798.8776602406006 -3990.9784714477091 -4136.4714822644246 -4250.2636929310102 -4341.4628211280497 -4415.8788904765661 -4477.3757970795295 -4528.6184844082136 -4571.5004360961102 -4607.3999932595643 -4637.3387352419268 -4662.0838621425719 -4682.2150079501789 -4698.1693145294466 -4710.2725539460534 -4718.7601817696732 -4723.7914510531982 -4725.4584837319271 -4723.7914428039412 -4718.7601742443476 -4710.272546242325 -4698.1693005318848 -4682.2149920330794 -4662.0838441563747 -4637.3387067357753 -4607.3999646817501 -4571.5004105217313 -4528.6184593691032 -4477.375777629557 -4415.8788755595815 -4341.462802175929 -4250.2636739742957 -4136.4714699700962 -3990.9784607231118 -3798.8776506841623 -3534.9855919871579 -3157.8560400289748 -2613.2793425863792 -1885.4756045604872 -1158.8732213801145 -797.10732815499 -826.89185182309927 -873.3660117464924 -825.23159547047067 -775.98388090548815 -665.30794910168538 -341.27221346977223 -101.83066517062355 -101.1720602235025 -134.83999252008422 -46.604331301150921 219.74048439679743 402.58082299861798 257.19713356548999 -428.79078844460105 -1886.1388897006277 -3832.1245674253687 -5512.1201602659175 -6628.2595390947345 -7316.0420133643365 -7743.0798788544034 -8022.3249178951737 -8216.7218799016355 -8359.4432080974075 -8468.5551430340165 -8554.5009421230079 -8623.6843181191853 -8680.2376929025922 -8726.9452204814443 -8765.747909743146 -8798.0370473363182 -8824.8307636957616 -8846.8854392311805 -8864.7676988879466 -8878.9017174855617 -8889.6017824431983 -8897.0939798364379 -8901.530741127448 -8903.0000810008914 -8901.5307572168749 -8897.0939956181192 -8889.6017749325201 -8878.9016813937742 -8864.7676677351028 -8846.8854210837908 -8824.8307455692302 -8798.0370093246856 -8765.7478677854233 -8726.9451936852729 -8680.2376642018698 -8623.6842917546746 -8554.5009144510786 -8468.5551187713045 -8359.4431926311754 -8216.7218655697179 -8022.3249062556333 -7743.0798689220519 -7316.0420034063527 -6628.259531443704 -5512.1201550171918 -3832.1245624364442 -1886.1388849512564 -428.79078498676637 257.19713392943964 402.58082065952232 219.74048155485372 -46.604334061023522 -134.83999393628008 -101.17206071637857 -20.728641345691585 77.31893012021186 450.68585077359796 1015.5052337780232 1440.2340794580746 1369.6248443405811 205.32676823280514 -2454.4582496861208 -5561.7749804719861 -7744.3003635250461 -8957.6272837406104 -9645.4770531347513 -10050.477931191092 -10306.242106814396 -10479.996755386343 -10605.372604064301 -10700.010746127784 -10773.837340832921 -10832.817616945704 -10880.740076126334 -10920.125749855066 -10952.71429212598 -10979.742430864679 -11002.109057448914 -11020.477972077279 -11035.344354651217 -11047.077332274941 -11055.949579696888 -11062.15672329243 -11065.830463659009 -11067.046797256804 -11065.83050500348 -11062.156763290815 -11055.949573179685 -11047.077276985561 -11035.344309391658 -11020.477956491333 -11002.109057826761 -10979.742393229442 -10952.71424388022 -10920.125728613966 -10880.740046894058 -10832.817590535829 -10773.837317357444 -10700.010726948141 -10605.372591021263 -10479.99673857577 -10306.242092805802 -10050.477921649792 -9645.4770450396754 -8957.6272771541117 -7744.3003603453362 -5561.7749772872576 -2454.4582442999085 205.32677160575173 1369.624844240901 1440.234075591834 1015.5052290608581 450.68584711780557 77.318928071917341 -20.72864211791747
        </DataArray>
        <DataArray type="Float64" Name="sigma_yy" format="ascii">
          -27274.31798894102 -26837.773664978158 -26165.843239674134 -25856.030815063939 -25831.247605829412 -26022.472837949608 -26369.037525773721 -26815.302798561734 -27304.890422183365 -27777.142109994929 -28179.356338323283 -28489.106987151041 -28716.53529157041 -28884.318267755461 -29011.723673865548 -29111.502657514229 -29191.670943460522 -29257.352308946702 -29311.933942465068 -29357.734776560006 -29396.393906422447 -29429.100348393535 -29456.735274940838 -29479.961874707304 -29499.284765478689 -29515.089553933911 -29527.669753242386 -29537.24580142078 -29543.977984595916 -29547.975231608962 -29549.300745110741 -29547.9752360075 -29543.977994038032 -29537.245814850838 -29527.669770826273 -29515.089572279496 -29499.284781486713 -29479.961892917992 -29456.735295481885 -29429.100367338095 -29396.393924487405 -29357.734796437668 -29311.933965270866 -29257.352331586095 -29191.670963642726 -29111.502675032003 -29011.723689207163 -28884.31828288619 -28716.535305618741 -28489.106997256233 -28179.35634551142 -27777.142116353483 -27304.890428501269 -26815.30280431392 -26369.037530349829 -26022.472843779353 -25831.247613782405 -25856.030822193097 -26165.843247502355 -26837.773674141448 -27274.317997599297 -15990.319781329395 -17343.639754186977 -19594.083716012945 -21187.607238989396 -22484.817900060334 -23636.839275502272 -24706.778629920726 -25711.298547900908 -26634.339218111931 -27435.023238908412 -28073.539128334323 -28545.313862930409 -28882.784519822701 -29127.635515561022 -29311.498099081371 -29454.354886926238 -29568.456398334049 -29661.510147039444 -29738.55523474377 -29803.013053876752 -29857.286288950505 -29903.108780776478 -29941.759950018026 -29974.199293066435 -30001.154716300382 -30023.181082474694 -30040.699880236072 -30054.02714140655 -30063.392365861066 -30068.951367243259 -30070.794500960536 -30068.951367928159 -30063.392366825454 -30054.027143159517 -30040.699883722518 -30023.181087309167 -30001.154721171322 -29974.199300969085 -29941.759959791132 -29903.10878797789 -29857.286293605765 -29803.013059075609 -29738.55524239465 -29661.510155118645 -29568.456406448553 -29454.354894371463 -29311.498106074956 -29127.635524564739 -28882.784530361259 -28545.313872792034 -28073.539136460382 -27435.023245376044 -26634.339223636947 -25711.298552584125 -24706.778633775593 -23636.839280287342 -22484.817905799515 -21187.607243539431 -19594.083720502342 -17343.639758897491 -15990.319785512362 -3455.8599962563576 -5767.6378438131251 -9992.778321791644 -13489.446059436967 -16425.59324725009 -18970.217461262539 -21230.804078626392 -23255.988839443311 -25039.910545359184 -26533.392545720104 -27690.649377856043 -28526.467027133553 -29113.995308579528 -29534.776757835753 -29847.706037014406 -30089.047432132102 -30280.683897912524 -30436.231152681656 -30564.516802826514 -30671.494724147335 -30761.32322947184 -30836.989342854169 -30900.688657289895 -30954.062317438798 -30998.351829202409 -31034.501309706291 -31063.226501802921 -31085.063193598078 -31100.399963464071 -31109.500371188889 -31112.517162984139 -31109.500366235094 -31100.399953888518 -31085.063182414451 -31063.226490081997 -31034.501298493975 -30998.351820320244 -30954.06231245966 -30900.688652406949 -30836.989335533057 -30761.323220866365 -30671.494715783127 -30564.516794959327 -30436.231144196496 -30280.683890491418 -30089.047424580622 -29847.706029275912 -29534.776752866717 -29113.995307583507 -28526.46702906959 -27690.649379965751 -26533.392547751286 -25039.91054728585 -23255.988840689482 -21230.804079858772 -18970.217463733512 -16425.59324965463 -13489.446060960443 -9992.7783226731935 -5767.6378426758647 -3455.8599939276432 -906.48446074377307 -2411.1496579637846 -5518.2736865661609 -8719.2093203446275 -11880.460474148929 -14964.010521794837 -17948.351015424603 -20781.127956300061 -23361.578412550341 -25553.108088313194 -27253.600790695258 -28474.434344432309 -29325.011237035069 -29928.871079314893 -30374.618819969841 -30716.31931398459 -30986.3150410573 -31204.582402650994 -31383.993821700824 -31533.186499960517 -31658.166358242775 -31763.231348466594 -31851.530369144628 -31925.410559997836 -31986.643208119516 -32036.572559543671 -32076.215946122455 -32106.333839151681 -32127.477139109378 -32140.019199188373 -32144.176283484809 -32140.019197285117 -32127.477128815695 -32106.333825124999 -32076.21593230703 -32036.572542653768 -31986.643189192975 -31925.410542397054 -31851.530349496916 -31763.231326907808 -31658.166338998133 -31533.186481810139 -31383.993802298144 -31204.582383882258 -30986.315024109335 -30716.319297663693 -30374.618803985646 -29928.871063997387 -29325.011225880437 -28474.434337092662 -27253.600784379276 -25553.108084273805 -23361.578410427632 -20781.127954787749 -17948.351014895779 -14964.010523055975 -11880.460475536996 -8719.2093216833946 -5518.2736880567136 -2411.1496576035861 -906.48445900575211 879.90255651401822 -404.16465712059085 -2949.7657828773031 -5587.4914752707036 -8492.9871141209042 -11701.852801414632 -15155.715883119185 -18685.116483159225 -22024.312871791437 -24884.823379077032 -27084.161643188399 -28637.12406787269 -29700.936075187696 -30445.976022869585 -30990.496014934768 -31404.866985635195 -31730.472664363384 -31992.560808241804 -32207.251209560636 -32385.28244510974 -32534.078558010748 -32658.927224822532 -32763.687225758818 -32851.225398787923 -32923.699238254674 -32982.742325614025 -33029.588620678565 -33065.159100968245 -33090.120135305981 -33104.922935498398 -33109.828708641056 -33104.922940987424 -33090.120132313299 -33065.159092489535 -33029.588612532883 -32982.742313667841 -32923.69922194993 -32851.225379731899 -32763.687203342553 -32658.927199720692 -32534.078533574269 -32385.282419685209 -32207.251180999803 -31992.560782979766 -31730.472643675439 -31404.866966741145 -30990.495997102917 -30445.976005245782 -29700.936060863485 -28637.124057230452 -27084.161634888558 -24884.823373278763 -22024.312868821089 -18685.116481314923 -15155.715881286082 -11701.852800997873 -8492.9871152812302 -5587.491477320521 -2949.7657857252161 -404.16466051417535 879.902553049988 1385.0583435481485 612.45999837698753 -1054.0901848968604 -3020.539680345611 -5462.7832332029448 -8590.1489164268914 -12452.193114922364 -16767.409888481936 -20972.288956429009 -24522.332541049331 -27162.16154024471 -28965.507845162305 -30172.148419092897 -31005.343252594143 -31608.978589713573 -32065.711720504496 -32423.178647589488 -32710.077756246345 -32944.575655625733 -33138.69958011277 -33300.725488691372 -33436.526225782312 -33550.375067918721 -33645.439294880794 -33724.097881882917 -33788.149288948203 -33838.950285822662 -33877.51247968898 -33904.567242939302 -33920.609511735762 -33925.925693592515 -33920.609514548865 -33904.567243739657 -33877.512477171877 -33838.950281299622 -33788.149281975639 -33724.097873116327 -33645.439283051412 -33550.375055379205 -33436.526213742924 -33300.725476943757 -33138.699570194272 -32944.575645614277 -32710.077745786853 -32423.178637475401 -32065.711711486056 -31608.978580580348 -31005.343243708114 -30172.148410980684 -28965.507836349745 -27162.161532146554 -24522.332533966477 -20972.28895130262 -16767.409884433731 -12452.193110614458 -8590.1489141906422 -5462.7832344185108 -3020.5396842963842 -1054.090189154012 612.45999494178125 1385.0583400246328 1149.7637243879149 866.41967231895433 115.37868723671984 -1016.1788125886681 -2676.9840505694342 -5328.3354773977344 -9467.7351630284666 -14781.995781525071 -20078.10821715276 -24339.087018665225 -27324.22072380648 -29290.389285172307 -30585.609162158402 -31473.412211309365 -32114.27938025603 -32598.202691547755 -32976.485243704083 -33279.848114652181 -33527.666748859228 -33732.737603568341 -33903.851014259359 -34047.237193752029 -34167.425284683151 -34267.769854910017 -34350.78919123426 -34418.38625957918 -34471.996203019757 -34512.688789895183 -34541.237296726707 -34558.164936339635 -34563.774455282502 -34558.164933379499 -34541.237293818842 -34512.688785689577 -34471.996195233041 -34418.386250950847 -34350.789182362903 -34267.769843830276 -34167.425276792652 -34047.23719050848 -33903.851014310298 -33732.7376073618 -33527.666754885948 -33279.848118570124 -32976.485246433309 -32598.20269548181 -32114.279382829096 -31473.412212531373 -30585.609160911899 -29290.389279624243 -27324.220716924341 -24339.087010358526 -20078.10820800285 -14781.995773262868 -9467.7351553315457 -5328.3354736879464 -2676.9840513052532 -1016.1788163158047 115.37868284989162 866.41967020297113 1149.763723336172 585.05131845327787 617.30057015828686 527.42619332578556 154.89958638449914 -562.56111450402409 -2049.9873643784854 -5841.6014557496574 -12350.631757994761 -19091.624587751226 -24072.477985780828 -27335.248922408944 -29449.877564444032 -30834.377528215158 -31781.226444042859 -32463.806376677669 -32978.778745303782 -33381.074795834676 -33703.535061780713 -33966.849771467496 -34184.672675348731 -34366.377376734483 -34518.604124880178 -34646.178196865163 -34752.672302042694 -34840.76764944617 -34912.489921056025 -34969.366457812153 -35012.535580400559 -35042.819997697392 -35060.776331241097 -35066.72665059616 -35060.776340695178 -35042.820009045769 -35012.535583374847 -34969.366451146387 -34912.489919775413 -34840.767656057636 -34752.672310434529 -34646.178198822308 -34518.60412729266 -34366.377386098771 -34184.672682188801 -33966.849778076292 -33703.535067624107 -33381.074802142539 -32978.778751966791 -32463.806379725891 -31781.226445519693 -30834.377528462486 -29449.877561709036 -27335.248917107197 -24072.477977551054 -19091.624575608766 -12350.631745123996 -5841.601446643851 -2049.9873607631525 -562.56111464790752 154.89958486857813 527.42619077850145 617.30056810436633 585.05131763396832 273.31625950638261 398.48163497670788 542.13128623823013 497.35020306634885 241.13098587781363 -458.68783810555692 -3820.3006567128891 -10959.431294538384 -18530.108658894889 -23874.135711183866 -27271.680935341348 -29473.199486429978 -30911.027024909978 -31893.504331240965 -32601.117232608944 -33134.592457293882 -33551.095210210529 -33884.778275337027 -34157.145502117826 -34382.379296386694 -34570.211515331932 -34727.533088560129 -34859.349557488502 -34969.365882994753 -35060.361628636594 -35134.436360312277 -35193.172735741813 -35237.750110951747 -35269.020715624851 -35287.561101154177 -35293.704858341909 -35287.561123703126 -35269.02074277377 -35237.750121624529 -35193.172730429003 -35134.436364923138 -35060.361648323647 -34969.365908742475 -34859.34956641293 -34727.53309298004 -34570.211529303589 -34382.379304439717 -34157.145509805705 -33884.778281744846 -33551.095215508583 -33134.592462336863 -32601.117233110657 -31893.504331405915 -30911.027027033218 -29473.199486782141 -27271.680931118091 -23874.13570320412 -18530.108645231099 -10959.431279010741 -3820.3006485567371 -458.68783597620455 241.13098545877861 497.3502020853665 542.13128473026086 398.48163320573008 273.31625896323811
        </DataArray>
        <DataArray type="Float64" Name="tau_xy" format="ascii">
          -5502.1879110652417 -3840.8796282593685 -1278.9436172220735 114.14702106397766 862.24460755791233 1230.5823537762808 1368.1046442533825 1363.9903625009285 1275.867900931285 1146.3603114619395 1009.3066927119221 886.08780524908354 783.19959141757772 698.10875060550984 626.31679318132103 564.16753246877192 509.10324993137738 459.3670378930542 413.73066480616308 371.31111426776147 331.45396089604606 293.66060717093399 257.54079462404303 222.78177908525123 189.1265426637064 156.35909147394585 124.29395468091954 92.76779167589126 61.633176858032925 30.753682072891046 1.2829422456839268e-05 -30.753658117254858 -61.63315511473003 -92.7677728761943 -124.29393956602613 -156.35908400409221 -189.12654113290449 -222.78177378372393 -257.54078582781631 -293.6606017713209 -331.45396042819908 -371.31111401266458 -413.73066445599602 -459.36704283283564 -509.10325852965201 -564.16754047743063 -626.31680004194322 -698.10875701712962 -783.19959813771129 -886.08781022212861 -1009.3066961030269 -1146.3603142206343 -1275.867904227943 -1363.9903663591958 -1368.1046472151124 -1230.582356253542 -862.24460952712366 -114.14702097221064 1278.9436190295021 3840.8796317788574 5502.1879161112338 -4661.5122666516818 -3728.070747476771 -2105.4723593606241 -928.87601706971918 -106.79939686164047 447.24437673685418 797.97832607124633 992.38518410020447 1066.5476299631259 1053.9045765452533 990.24774315182106 907.84008416898951 825.92459035528123 751.02280035691933 683.60920900468614 622.55930596535973 566.63692465855127 514.8138837439401 466.28701856647018 420.43385131468949 376.76642995705504 334.89628848675568 294.50815186762765 255.34165301351644 217.17713845733658 179.82583962735322 143.12259009784395 106.91954132411273 71.081441973180546 35.48182082844999 1.6380860341058678e-05 -35.481790742734965 -71.081415768738907 -106.91951935662865 -143.12257170239386 -179.82582963400853 -217.17713605349195 -255.34164643444615 -294.50814090021339 -334.8962831658809 -376.76643169136327 -420.43385202603992 -466.28701850754669 -514.81388906861241 -566.63693405500521 -622.55931473341241 -683.60921660788108 -751.02280774974406 -825.92459745141139 -907.84008941651643 -990.24774642265834 -1053.9045785049811 -1066.5476318455349 -992.38518578231378 -797.97832685780509 -447.2443776986072 106.79939594013763 928.87601718759663 2105.4723600805801 3728.0707494008229 4661.5122696534927 -2090.7994184880804 -2137.9434557960249 -1965.5852432100694 -1419.6250246456668 -752.63341177064933 -108.16884817592032 435.80014279176703 839.21144986208071 1087.9502953189856 1192.9074427067726 1191.2600980523357 1132.0852791715365 1052.6189770986259 970.64131929861583 892.01832001166576 818.00647412811554 748.43283042651558 682.75957930312609 620.41377108286883 560.87876892824659 503.71014506248127 448.53089869193781 395.02032510610206 342.90387470105117 291.94307148086892 241.92810081088689 192.67190480789432 144.00440305426432 95.768052047143939 47.814157975805344 1.7206827360283228e-05 -47.814126567476364 -95.768024274417229 -144.00437943313966 -192.6718858184876 -241.92808862618341 -291.94306521775474 -342.90386625978789 -395.02031472947385 -448.53089426603321 -503.71014752792155 -560.87877081539659 -620.41377195583436 -682.75958337469797 -748.43283693327021 -818.00647979441555 -892.0183240937223 -970.6413222474232 -1052.6189790853841 -1132.0852803943917 -1191.2600978861105 -1192.9074410509097 -1087.9502927391845 -839.21144635836743 -435.80013877120376 108.16885128289653 752.63341419255403 1419.6250262978117 1965.5852436181051 2137.9434558219923 2090.7994183641745 86.681020128483453 -171.49723038441684 -462.59424953635744 -336.03754825546821 89.957773062438434 645.4706122445632 1179.5002240316417 1583.9998441852963 1804.1805659039742 1844.3286467229166 1759.8793103030205 1621.2353701167744 1475.2179665707449 1339.4979935030103 1216.9808303660523 1106.2139835377461 1005.0833142660219 911.71606574441319 824.61238269417504 742.59599397095462 664.73937589944319 590.30204346988057 518.68247964244551 449.3839253342037 381.9876150804277 316.13405929974533 251.50911047709155 187.83193206639618 124.84592624744923 62.311441671511879 2.0695816029814296e-06 -62.311438012410036 -124.84591916888195 -187.83192227357935 -251.50910468795234 -316.13405704127717 -381.9876124800806 -449.38392195672623 -518.68248015925792 -590.30204762514097 -664.73938096147049 -742.59600013603233 -824.61238883341696 -911.71607140223284 -1005.0833191665517 -1106.2139883419759 -1216.980832837364 -1339.4979921563663 -1475.2179650027153 -1621.2353685075118 -1759.8793075047588 -1844.3286426339805 -1804.1805604095537 -1583.9998375814973 -1179.5002167168693 -645.47060574081218 -89.957767436133324 336.03755287200062 462.59425237046651 171.49723151336391 -86.681019889006564 644.59552759088183 395.18279666827618 152.24016790448673 362.07538982449279 896.17901636416036 1586.510934791017 2230.2613063378276 2652.229264001001 2774.3419275425667 2642.5308696845673 2380.3967620681283 2100.2748126357278 1853.6546450504779 1647.1071098385282 1472.9077811834886 1322.7827008925717 1190.5183389265471 1071.7307729106246 963.31925221468168 863.04315499601057 769.23893191430489 680.63919331193449 596.25310698941735 515.28798109588433 437.09377933101069 361.12546873065401 286.91610979216711 214.05539569381 142.17372287939037 70.929658500067475 -4.6569159657394721e-06 -70.929668126366735 -142.17372534949152 -214.05539111024581 -286.91610945523365 -361.12547294942112 -437.09378204480106 -515.28798246337533 -596.25311331456646 -680.63920275198893 -769.23893859639418 -863.04316058891197 -963.31925605073661 -1071.7307735634747 -1190.5183383672697 -1322.7827017747607 -1472.9077792663929 -1647.1071040739432 -1853.6546411433703 -2100.2748092395541 -2380.3967592972513 -2642.5308668245007 -2774.3419234166272 -2652.2292589979256 -2230.2613003223205 -1586.5109292403577 -896.17901157601659 -362.07538551259506 -152.2401644423509 -395.18279410779678 -644.5955254888172 598.13705762431141 328.53826120187267 98.190782160397163 416.72017174179473 1158.0372584847446 2145.5176708631238 3071.1511961202964 3593.9805252730293 3580.9631186627503 3199.5395013702728 2719.5686025786167 2300.9216501058554 1975.280594802211 1722.8821796958086 1520.6631488360351 1352.5634981606977 1208.3591317611733 1081.4729755072128 967.52796178927372 863.49833130394688 767.21393701658599 677.06705890929106 591.83004155463345 510.54018868183323 432.42185076296357 356.83454845340952 283.23672628786738 211.15793658714671 140.1784362875382 69.913318017815286 -2.5726560437533408e-06 -69.913323051613403 -140.17843674113422 -211.15793292106352 -283.2367263025107 -356.83455222149956 -432.4218540574812 -510.54019178346414 -591.83004660880874 -677.06706549184753 -767.21394174333068 -863.49833276106017 -967.527960541271 -1081.4729720459582 -1208.3591280854098 -1352.5634962477507 -1520.6631450759096 -1722.882174581538 -1975.2805917167004 -2300.9216473725473 -2719.5686014634825 -3199.539500364911 -3580.9631167667658 -3593.9805231422843 -3071.1511927068236 -2145.5176671975869 -1158.0372552856893 -416.72016936676641 -98.190780232677241 -328.53825934841888 -598.13705608358191 243.47923421750497 1.6441761373461645 -241.50263626980706 0.86313648669862175 746.91246363793243 1976.0596387973951 3339.8106407736595 4090.8093020718616 3905.4128687219882 3254.2193710267043 2632.7482500142096 2171.5205454100496 1840.8542607792474 1595.1646528602166 1402.794337904171 1245.0092461711042 1110.761711889515 993.25455007310802 888.09330606439153 792.30147004805417 703.77628143086076 620.97800621785734 542.74175144180219 468.16085735894967 396.50934934115037 327.19084131910176 259.70320973601889 193.6117899662629 128.52986556563337 64.103561042000507 -5.2644234678211888e-06 -64.103570396770962 -128.52987482230651 -193.61179976723298 -259.7032210941544 -327.19085480151011 -396.50936003914848 -468.16086605445031 -542.74175981460962 -620.97801345528023 -703.77628807746851 -792.30147417194144 -888.09330939725055 -993.25455326768724 -1110.761714531403 -1245.0092493350735 -1402.7943402489711 -1595.1646551313875 -1840.8542641107474 -2171.520548260738 -2632.7482529365207 -3254.2193731305256 -3905.4128695389313 -4090.8093025243625 -3339.8106388778233 -1976.0596356357842 -746.91246110031079 -0.86313549713413806 241.50263601648072 -1.6441763664439666 -243.47923422309808 -25.685572295038032 -239.11261277674785 -556.43288941103094 -595.82188871493133 -238.77199257620549 706.03790819486358 2342.5931574125507 3566.9315321035065 3445.706536995825 2789.3009225578144 2284.3162501299867 1924.3473857526653 1661.8186842096582 1460.6425913631392 1298.4720100367201 1162.1380218746185 1043.7559185349996 938.37842187765875 842.74510738223523 754.60784174772039 672.35205715107941 594.77756432734009 520.9636173057354 450.1844345500084 381.85190603287367 315.47766277488466 250.64657362618286 186.99615012275564 124.20149904483254 61.963577582922049 -6.6948818711054514e-06 -61.963589355315413 -124.20151217647367 -186.99616285293541 -250.64658516665656 -315.47767765607637 -381.85191752164036 -450.18444171580569 -520.96362145828778 -594.77756820845639 -672.35206426591185 -754.60784760926674 -842.74511143579332 -938.37842413155795 -1043.7559209251788 -1162.1380238504371 -1298.4720094836721 -1460.6425910876519 -1661.8186858921786 -1924.3473881101363 -2284.3162532257088 -2789.3009257205954 -3445.7065393300409 -3566.9315331507996 -2342.5931560416193 -706.03790697002773 238.77199206337167 595.82188714016809 556.43288710019476 239.11261133482532 25.685572241406806 -97.122297963221101 -297.17206463195231 -663.97839192237825 -888.80458899167479 -838.31345980212541 -250.8446685224543 1402.5969832115791 2946.1037769532577 2983.5176189529839 2448.4716160944872 2089.9068993456203 1814.8399006048578 1599.0283146015111 1424.1562152375232 1277.6927251070156 1151.1852442244892 1039.14156602496 937.90585127967825 844.96161733426129 758.51413446223864 677.23892233698734 600.12910677214165 526.39741904219795 455.41319776210196 386.65807769743674 319.69630711555419 254.1535976248914 189.70015109625689 126.03814926363269 62.891879092760703 -9.0345902510335918e-06 -62.891894025664655 -126.03816370329695 -189.70016131098259 -254.1536034172496 -319.69631634740176 -386.65808448907489 -455.41320044193355 -526.39741670801959 -600.12910626472581 -677.23892849238473 -758.51413989963373 -844.96161937241686 -937.90585005216735 -1039.1415662707532 -1151.1852440612222 -1277.692720749538 -1424.1562112279635 -1599.0283133092967 -1814.8399008019283 -2089.9069008904253 -2448.4716182164302 -2983.5176210863615 -2946.1037771932833 -1402.5969814884281 250.84466822596471 838.31345705804392 888.80458606204354 663.97838922315634 297.17206332682616 97.122298428870195
        </DataArray>
        <DataArray type="Float64" Name="sigma_zz" format="ascii">
          -9526.4714018329742 -9209.9361416209049 -8751.5645877246243 -8552.1818364064748 -8484.3441892716965 -8491.8762869500606 -8544.0956843443382 -8621.4198623562934 -8709.0750055935987 -8794.1390106666186 -8866.4342710977344 -8921.8008726322187 -8962.1806451005777 -8991.7968989585424 -9014.1869473602092 -9031.6647701794664 -9045.672871681847 -9057.1276815137608 -9066.6322683826547 -9074.5980355576394 -9081.314960041982 -9086.9929109720288 -9091.787133996615 -9095.8142925531884 -9099.1630300302095 -9101.901012491584 -9104.0797062668044 -9105.7377351175383 -9106.9031641649271 -9107.5950618304105 -9107.8244877445777 -9107.59506410838 -9106.9031694969017 -9105.7377425582818 -9104.0797161596183 -9101.9010216323441 -9099.1630359932024 -9095.8143005318816 -9091.7871437236518 -9086.9929179563478 -9081.3149653708024 -9074.5980427813938 -9066.6322786685596 -9057.127691361793 -9045.6728797699743 -9031.6647773181303 -9014.1869541956839 -8991.7969073705954 -8962.1806542733357 -8921.800880079234 -8866.4342771266929 -8794.1390163682008 -8709.0750107409567 -8621.419866364573 -8544.095686810957 -8491.876289659047 -8484.3441932348378 -8552.1818390784028 -8751.5645896914903 -9209.9361439390705 -9526.471403877722 -5548.7966195427489 -5805.0087588280767 -6235.7521171576964 -6559.8102166525596 -6848.1174471142058 -7118.661835225138 -7375.2497295890344 -7616.0680565064586 -7835.1677025586478 -8022.9539124412395 -8171.1202017967553 -8279.6971222204702 -8356.9279537696239 -8412.766872608936 -8454.6080108118185 -8487.07436977414 -8512.9831739869387 -8534.100263368131 -8551.5772184350699 -8566.1945334080483 -8578.4995819357064 -8588.8869656224779 -8597.6476416471796 -8604.9996792429192 -8611.1084253787994 -8616.0998672553669 -8620.069686167446 -8623.0896046332546 -8625.2116951683292 -8626.4713074770898 -8626.8889399879536 -8626.4713072054274 -8625.2116944178415 -8623.0896041260421 -8620.0696870172505 -8616.0998688469972 -8611.1084265862846 -8604.9996838230327 -8597.6476483153292 -8588.8869690432657 -8578.4995822311903 -8566.1945345338481 -8551.5772220614999 -8534.1002664730531 -8512.9831763747843 -8487.0743715297649 -8454.6080123276133 -8412.7668762888443 -8356.9279592410676 -8279.6971278338569 -8171.1202068244302 -8022.9539168630581 -7835.167706375837 -7616.068059431127 -7375.2497315563687 -7118.6618373189722 -6848.1174496531366 -6559.8102179110765 -6235.752117749018 -5805.0087594342385 -5548.796619837357 -1110.4985127579068 -1699.428986813029 -2764.7996661690731 -3636.5157593219938 -4373.1497267279146 -5017.583664636416 -5593.423268667173 -6110.7873772763523 -6567.8527285390555 -6952.3746515068678 -7252.3412798640184 -7470.6351050833237 -7625.227594725442 -7736.6768574805701 -7820.0153132835685 -7884.5749955093306 -7936.0243847286383 -7977.9094874067132 -8012.5395769238357 -8041.4780487571134 -8065.8203175722829 -8086.3554277536405 -8103.6647527207779 -8118.18374668038 -8130.242413341246 -8140.0920806854892 -8147.9235303863861 -8153.8797262470634 -8158.0644369783868 -8160.5480869922485 -8161.3715100657328 -8160.5480836223232 -8158.0644301906286 -8153.8797184887644 -8147.9235225458169 -8140.0920734303763 -8130.2424079195434 -8118.1837450712901 -8103.6647517875126 -8086.3554244375482 -8065.8203124236188 -8041.4780441102102 -8012.539573409581 -7977.9094830662261 -7936.0243806943308 -7884.5749907283789 -7820.0153077304813 -7736.6768537516919 -7625.2275937254472 -7470.6351059504077 -7252.3412806671504 -6952.374652589634 -6567.8527296470602 -6110.7873776261204 -5593.4232687502026 -5017.5836649138146 -4373.1497265426042 -3636.5157583467249 -2764.7996650067566 -1699.4289851756407 -1110.4985106929266 -182.37433169030894 -599.09811717628247 -1453.0508115823702 -2313.7930330189592 -3141.8245275911127 -3933.8369654966259 -4691.8808002027117 -5411.0056365758392 -6073.4137329039604 -6647.7017115848303 -7104.4994035108675 -7440.3954749610803 -7679.2200553334442 -7851.4710714544062 -7980.1364034654662 -8079.6607494497639 -8158.8538665978194 -8223.233687367192 -8276.3939086645441 -8320.7663631666182 -8358.0538016661667 -8389.4818007388239 -8415.9526605013962 -8438.1417088030412 -8456.5603789760971 -8471.5979333327141 -8483.5496889626247 -8492.6368417716112 -8499.0198781574763 -8502.8076897387309 -8504.0634033951137 -8502.8076911121225 -8499.0198738817617 -8492.6368354593742 -8483.5496836850416 -8471.5979257170256 -8456.5603700279262 -8438.1417014850485 -8415.9526512310822 -8389.48179006594 -8358.053793568979 -8320.7663558475761 -8276.3939000546343 -8223.2336793832837 -8158.8538600660904 -8079.6607430145732 -7980.136397194221 -7851.4710651578471 -7679.2200513838543 -7440.3954728749804 -7104.4994004504588 -6647.701709214658 -6073.4137312142557 -5411.0056345673202 -4691.8807986189649 -3933.8369645265584 -3141.8245263042932 -2313.7930317949881 -1453.0508107146602 -599.09811603263427 -182.37433027579752 395.71566594768296 -41.161281275431982 -868.96960844194757 -1653.3254854650954 -2459.2553817668713 -3308.9031688544774 -4202.0154426442041 -5115.5896279999497 -6002.2635900887708 -6794.0946488161189 -7431.0943729836508 -7899.0861376971934 -8229.4516245755349 -8465.7294596840184 -8640.9754271269521 -8775.7652615227325 -8882.5357170670086 -8969.0171768075743 -9040.212955547504 -9099.4913798347734 -9149.2007519795498 -9191.0251290597516 -9226.2004898609575 -9255.6494537511553 -9280.069142323624 -9299.989131236287 -9315.8105469722832 -9327.833441503124 -9336.2752917549442 -9341.283549613594 -9342.9436497836778 -9341.283556648079 -9336.2752921124065 -9327.833438139236 -9315.8105454888409 -9299.9891275773625 -9280.0691363761816 -9255.6494473128514 -9226.2004815674445 -9191.0251192904634 -9149.200744527694 -9099.4913722870315 -9040.2129446430245 -8969.017168132279 -8882.5357113405607 -8775.7652557135571 -8640.9754213915166 -8465.7294533454096 -8229.4516195462402 -7899.0861339518779 -7431.0943684463073 -6794.0946443257217 -6002.2635869600135 -5115.5896252304501 -4202.0154401376994 -3308.903167135783 -2459.2553806339661 -1653.3254849079758 -868.96960822934182 -41.161281550351482 395.71566535034782 460.25668654989897 142.72468630571396 -481.05140586183245 -1115.4414268082849 -1835.1010750005528 -2705.9590032908295 -3749.8725394056228 -4924.7964150581456 -6123.824619111243 -7207.6379387359275 -8067.626900744991 -8683.0282911644354 -9106.7884835200948 -9404.6503411723934 -9622.9257765499569 -9789.3679482249099 -9920.3610898324696 -10025.93137622428 -10112.495472347306 -10184.33636539195 -10244.419826184483 -10294.861031608458 -10337.205315806808 -10372.601857052754 -10401.916195841992 -10425.804119099621 -10444.76126823995 -10459.15773680062 -10469.261403616338 -10475.25369953448 -10477.239670903644 -10475.253701794436 -10469.261403681357 -10459.157734629705 -10444.761265491778 -10425.804115049123 -10401.91619121371 -10372.601850696066 -10337.205309614941 -10294.861025911643 -10244.419820692776 -10184.336361686775 -10112.495468506339 -10025.931372489664 -9920.3610866956369 -9789.3679448165531 -9622.9257719279412 -9404.6503363995216 -9106.788478740229 -8683.0282853676799 -8067.626894930685 -7207.6379332593824 -6123.8246151665317 -4924.7964119397839 -3749.8725363178983 -2705.9590013741031 -1835.1010745151686 -1115.4414275093191 -481.05140673173753 142.72468573252448 460.25668573290062 314.37991778838108 157.54423772719073 -164.97877807294901 -537.64880778174256 -1050.6646938272418 -1860.5104472258208 -3088.3881057000845 -4673.7309343609322 -6371.0944337971659 -7867.3687897133786 -8981.2500232448801 -9734.4736016571514 -10236.178429477597 -10581.686961464973 -10831.577355511103 -11020.402252143635 -11168.024680990509 -11286.39328073405 -11383.06369180072 -11463.03402019434 -11529.740849600254 -11585.621288954422 -11632.447583382795 -11671.532577045562 -11703.861916013029 -11730.180380258787 -11751.049655264742 -11766.88840315235 -11777.999243548893 -11784.58691621783 -11786.769881704309 -11784.586912855013 -11777.999240418936 -11766.888399579551 -11751.049648729459 -11730.180372895158 -11703.861907955763 -11671.532565169795 -11632.447572442303 -11585.621280309044 -11529.740842103802 -11463.034015497389 -11383.06368913364 -11286.393276223796 -11168.024676122262 -11020.402249635554 -10831.577353065644 -10581.686958964641 -10236.178425869701 -9734.4735958959482 -8981.2500178532009 -7867.3687844756905 -6371.0944288148785 -4673.7309304253495 -3088.3881021463881 -1860.5104456303284 -1050.6646940327155 -537.64880916638697 -164.97877987553784 157.54423701995938 314.37991744966405 145.16377746893235 144.73817329146053 144.24655860739014 112.39202123438878 -47.994087451621752 -537.83706924389764 -1881.1176732582744 -4271.031194308609 -6877.1247465529668 -8875.3794438140085 -10189.052538451086 -11029.775873342491 -11573.237222120848 -11941.065408581391 -12204.158476973769 -12401.466586020335 -12554.888981660586 -12677.410801171094 -12777.160226875983 -12859.473110475376 -12927.996779164756 -12985.305610386977 -13033.264573260421 -13073.250919721515 -13106.295926603185 -13133.177285983169 -13154.480452589292 -13170.641208853105 -13181.974193260125 -13188.692121710541 -13190.918019479093 -13188.692129373594 -13181.974201399144 -13170.641207492186 -13154.480439762026 -13133.177276253133 -13106.295923142405 -13073.250916801104 -13033.264562444077 -12985.305598523402 -12927.996773935191 -12859.47310391718 -12777.160220949268 -12677.410794622534 -12554.888976274133 -12401.466583379368 -12204.158473588663 -11941.065405532578 -11573.237219215342 -11029.775869534596 -10189.052534565253 -8875.3794397704587 -6877.1247414135523 -4271.0311890225685 -1881.1176694891819 -537.83706805011298 -47.994088196515477 112.39201992702937 144.24655701524313 144.73817225042563 145.1637770752767 75.776285448207176 142.74016952907567 297.84514110354792 453.85663105331082 504.40951960076558 273.2811018705068 -1084.4921665440233 -4024.1668632673445 -7227.56509181005 -9485.5308224126584 -10868.792465724568 -11735.602961869399 -12288.451486830299 -12659.923931416586 -12924.334196398562 -13121.989518407432 -13275.331786901472 -13397.584684850961 -13496.988935719035 -13578.935811753885 -13647.101179556077 -13704.07421420581 -13751.727596505931 -13791.442482133076 -13824.251880214139 -13850.934214489023 -13872.075020405004 -13888.109907194566 -13899.353231675161 -13906.017469443932 -13908.22549667959 -13906.017488611958 -13899.353251819353 -13888.10990844124 -13872.075002224346 -13850.934202294415 -13824.25188144447 -13791.442489970746 -13751.727587892688 -13704.074201058054 -13647.101177375243 -13578.93580540011 -13496.988930102438 -13397.584679730664 -13275.331782736994 -13121.989516007417 -12924.334191505906 -12659.923927263493 -12288.451484604882 -11735.602959546524 -10868.792462481642 -9485.5308190648211 -7227.5650867554941 -4024.1668569931885 -1084.4921630852937 273.2811024794085 504.40951831518294 453.85662934386664 297.8451395544194 142.74016838329399 75.776285053596069
        </DataArray>
        <DataArray type="Float64" Name="von_mises_stress" format="ascii">
          22821.542769149273 21860.24504538357 21005.462319886919 20890.005782783657 21076.975629775112 21429.812449185265 21894.961110693876 22435.35948088202 23007.130009970922 23552.850397619557 24017.359801581315 24376.216373398998 24640.773754582169 24836.643478464688 24985.784869207026 25102.830939068423 25197.025235460154 25274.297465078726 25338.578151083275 25392.563929790907 25438.164147260843 25476.765832605353 25509.398111520979 25536.836285534286 25559.670799764321 25578.353162105908 25593.227229269451 25604.551375749747 25612.513551121585 25617.241510574309 25618.809396951299 25617.241511860826 25612.513552741941 25604.551378452601 25593.227232457153 25578.353168648802 25559.670810885578 25536.836294923556 25509.398120078036 25476.7658458113 25438.164163533271 25392.563944107602 25338.578162222664 25274.297477382544 25197.025248535345 25102.830950192263 24985.784877451679 24836.643482223346 24640.773754626127 24376.216371286653 24017.359798210084 23552.850393714238 23007.130007614618 22435.359480725387 21894.961112449764 21429.81245227376 21076.975632968486 20890.005787727005 21005.462328106427 21860.245056027965 22821.542781044289 14671.401085975751 15267.479001011283 16869.063945710161 18362.549686222919 19712.87676132952 20949.722377473521 22101.121418916417 23176.014649146633 24157.772887736741 25005.609904877874 25679.907198024022 26177.436763522848 26533.060118232603 26790.923936265011 26984.449182488064 27134.736427526994 27254.718081113839 27352.528321967613 27433.483571678436 27501.192368271422 27558.188071128599 27606.298297855366 27646.871302881518 27680.917960918749 27709.205007569319 27732.316805731989 27750.697160718173 27764.678797833949 27774.503318886524 27780.334738385463 27782.268159809617 27780.334740160502 27774.503322335426 27764.678801912949 27750.697164058533 27732.316809454089 27709.205012522696 27680.917961825442 27646.871301181734 27606.298300675888 27558.188078291736 27501.192374087175 27433.483574898968 27352.528327616514 27254.71808903127 27134.736436023621 26984.449190836211 26790.923942256068 26533.060122061335 26177.436765712959 25679.907198685498 25005.609904234214 24157.772887125273 23176.01464946763 22101.121420264015 20949.722380035037 19712.876764246725 18362.54969054944 16869.063951810385 15267.479008098915 14671.401093976519 4625.0161338264015 6390.8665491489182 10098.291546846947 13321.979548494719 16144.78234868198 18675.830209405514 20973.961960592744 23049.711248038773 24871.712729503804 26380.094416065909 27532.400562463346 28353.231661320755 28923.446147867016 29327.963756722485 29626.55657282599 29855.487645559624 30036.413459305331 30182.703341689277 30302.971281867816 30402.997322367879 30486.801029654715 30557.259197073006 30616.479750508777 30666.034080137226 30707.108169956657 30740.602172146562 30767.197364919306 30787.403050601122 30801.588207017248 30810.002906972361 30812.791998564699 30810.002907559297 30801.588208921068 30787.403052334477 30767.197365935481 30740.602172504376 30707.108169402542 30666.03407574887 30616.479744325836 30557.259193430054 30486.80102912998 30402.997320870643 30302.971278083602 30182.70333932446 30036.413458130322 29855.487646173988 29626.556575125556 29327.963758698566 28923.446149107909 28353.231662403748 27532.400563846903 26380.094416353204 24871.712729431281 23049.711248825621 20973.961962215391 18675.830212915258 16144.782353605246 13321.979554172269 10098.29155145295 6390.8665511746449 4625.0161345966553 1061.338977771308 2496.9014845587499 5508.6942872983391 8582.6095010851386 11697.993944973354 14838.857990573788 17936.557784770375 20871.736784832145 23494.470636527276 25657.382005563941 27283.413812381983 28418.095947370748 29190.662208320311 29729.605482810948 30122.267974258168 30420.304719844393 30653.988290819438 30841.740703467978 30995.298693521483 31122.466318372593 31228.62994556826 31317.62028975521 31392.229247116251 31454.528645674749 31506.076080938878 31548.049911676841 31581.33956136413 31606.608448538052 31624.336356701784 31634.848030465451 31638.331413737724 31634.848023464285 31624.336350709887 31606.608441635133 31581.339552043173 31548.049903549017 31506.076072939995 31454.528635451072 31392.22923888763 31317.620282297048 31228.629935136891 31122.466307809118 30995.298684387151 30841.740693726049 30653.98828021338 30420.304710089735 30122.267964411883 29729.60547369214 29190.662199855498 28418.09594029795 27283.413809426685 25657.382004258445 23494.470636239676 20871.736786200039 17936.55778671895 14838.857994502614 11697.993950709448 8582.6095072238677 5508.6942928629542 2496.9014872932203 1061.3389786596817 1209.0506472291836 898.3696047048544 2677.4034735064829 5066.3580079490266 7938.8352710373292 11280.719643170669 14904.780688789069 18502.911610409155 21738.977800507153 24355.56489392398 26262.593030356169 27551.975717105019 28407.496688144711 28993.58755812579 29415.392526595777 29732.829241478656 29980.191434967375 30178.013977045808 30339.22853767058 30472.35843078652 30583.246199740792 30676.024191818375 30753.690686626014 30818.462507494372 30872.001168826719 30915.560528550788 30950.085057758348 30976.278077144536 30994.647573759972 31005.537057689035 31009.145210952403 31005.537048117651 30994.647567753251 30976.278071726105 30950.08504792528 30915.560518288345 30872.001157303552 30818.462492581537 30753.690671312605 30676.024176189047 30583.246178878944 30472.358408484539 30339.228518987908 30178.01395766484 29980.191415271842 29732.829225238875 29415.392511562612 28993.587544387832 28407.496676701379 27551.975708438498 26262.593027793631 24355.564895252202 21738.97780226641 18502.911612482581 14904.780689621539 11280.719644632129 7938.8352743219493 5066.3580119381904 2677.4034782726903 898.36960462078332 1209.0506424303949 1520.8850278807208 868.22150860432146 568.15186302139023 2262.9607268375012 4781.3772011829333 8185.8764893811549 12245.610966335265 16410.980298622952 20071.169720738591 22875.107489745671 24809.496409117073 26069.173314625838 26889.398724033963 27446.799878424496 27846.717119655816 28147.414934969365 28381.753540316106 28569.256908988093 28722.166920870499 28848.532096412993 28953.861771692784 29042.049607073412 29115.919663188437 29177.559703923638 29228.534547385159 29270.025236408015 29302.921521041168 29327.886090084834 29345.397649307542 29355.77995989941 29359.220303950366 29355.779958689727 29345.39765048847 29327.886091513858 29302.921520702534 29270.025235531612 29228.534545028524 29177.559701005132 29115.919658786603 29042.049602357278 28953.861766842358 28848.532089670156 28722.166914076548 28569.256900896889 28381.753531153128 28147.414928563605 27846.717115931369 27446.799875174056 26889.398722390652 26069.173314459538 24809.496410551073 22875.107491911444 20071.169721519145 16410.9802986051 12245.610964620573 8185.8764876503201 4781.3772018298041 2262.960729963203 568.15186608976842 868.22150324860991 1520.8850233178086 1181.7949683390893 1051.1560644878712 802.60274971215767 414.42288053302343 2176.2342769941774 5304.5210752369812 9679.891991128683 14373.424403388215 18227.73199469264 20914.168341058557 22685.176085451294 23842.064073425678 24607.661589974465 25135.809616645216 25519.347996185621 25810.466929281232 26039.037263991238 26223.020283943832 26373.78963330471 26498.884529794068 26603.501767073321 26691.335859272993 26765.080053343307 26826.734035185804 26877.802135511916 26919.423337970627 26952.457914403116 26977.547971682561 26995.158117958694 27005.602986216178 27009.06473780633 27005.602990012954 26995.158121309778 26977.547974099289 26952.45791861082 26919.423343074723 26877.802141977092 26826.734047780446 26765.080068875064 26691.335876605568 26603.501786934936 26498.884548506885 26373.789650468265 26223.020302372748 26039.037281344263 25810.46694268467 25519.348007101882 25135.809625510105 24607.661597914928 23842.064079824246 22685.176088957851 20914.168341845783 18227.731993126483 14373.424400720512 9679.8919862869388 5304.5210701313908 2176.2342749274976 414.4228825592217 802.60274763101745 1051.1560628265768 1181.794967528514 603.75632950396709 777.89576592585399 1088.6843207181621 1036.2329048347024 933.10458187065296 2369.8855851195058 6325.3324299501392 11331.62104229047 15207.822568770634 17796.508049801039 19580.083132176045 20799.246607291188 21626.829475581162 22206.696955578449 22631.728475688025 22956.249690151293 23212.047882115559 23418.513281760792 23588.044177216998 23728.916398562687 23846.863754722588 23945.978550134707 24029.253077520414 24098.914376820652 24156.641078576846 24203.706009172838 24241.071733077191 24269.45738867826 24289.383718036297 24301.203541445437 24305.121183825893 24301.203538026872 24289.383716621796 24269.457397108563 24241.071754094733 24203.706031519327 24156.641098268577 24098.914397916298 24029.253107428736 23945.978583353317 23846.863783223329 23728.916426192405 23588.044202794707 23418.513307450143 23212.047905750729 22956.249707616578 22631.728488747027 22206.696965320345 21626.82948342973 20799.246612812898 19580.083134224195 17796.508048060168 15207.822563940941 11331.621036769018 6325.3324243039042 2369.8855815303627 933.10457979105706 1036.2329019930385 1088.6843171652283 777.89576404763659 603.75632917679047 309.34939028018687 592.7463769149241 1169.7440105731441 1631.8190867980511 1816.5280294421063 1651.9705932451106 4310.3147754977899 9353.4381150552708 13268.539679848298 15909.203343153838 17808.960227099444 19129.707222841007 20028.887925994091 20659.739216971295 21122.139327565474 21475.040734272887 21753.043617056646 21977.292218704064 22161.316638091612 22314.150546664598 22442.052192025843 22549.487166391875 22639.719616029233 22715.178046327019 22777.692359084493 22828.649540874088 22869.098225174061 22899.821645243112 22921.386851971398 22934.17796334398 22938.417390252522 22934.177953744314 22921.386847461039 22899.82165944724 22869.09826004121 22828.649577457869 22777.692387682935 22715.178068679354 22639.719650373332 22549.487204445733 22442.052219824858 22314.150574952771 22161.316663719819 21977.292240728195 21753.043635247279 21475.040747825231 21122.139339042464 20659.739226118429 20028.887934189432 19129.707228830353 17808.960228586373 15909.203339596461 13268.539672382249 9353.4381071662483 4310.3147700783929 1651.9705913045862 1816.5280237776894 1631.8190809099171 1169.744005927311 592.74637494202 309.34939083911809
        </DataArray>
        <DataArray type="Float64" Name="strain_2d" NumberOfComponents="3" format="ascii">
          0.032798250666982949 -0.11536100281620219 -0.071528442843848128 0.034761497341107395 -0.11458094390182202 -0.049931435167371786 0.037345918144058174 -0.11319281123767172 -0.016626267023886955 0.038356109112417186 -0.11247501836127341 0.0014839112738317091 0.039223889233936896 -0.11275487220762505 0.011209179898252857 0.040352616427929658 -0.11394887758149697 0.015997570599091647 0.041813292704973165 -0.11586212196929088 0.01778536037529397 0.04354126694491392 -0.11826023908533526 0.017731874712512068 0.045394150159355391 -0.12087280020783336 0.016586282712106701 0.047173648719856423 -0.12338952014563391 0.014902684049005212 0.048691563087452136 -0.12553399343696597 0.013120987005254985 0.04986521551489289 -0.12718748974437225 0.011519141468238084 0.050731072944515329 -0.12840330520205379 0.010181594688428507 0.051372482439539055 -0.12930138889717988 0.0090754137578716258 0.051861035178495996 -0.12998398872228462 0.008142118311357173 0.052244518259453671 -0.13051894626767585 0.0073341779220940338 0.05255315591198513 -0.13094898746656128 0.0066183422491079046 0.052806353505194609 -0.131301460078314 0.0059717714926097037 0.053016981222219116 -0.13159446088153559 0.0053784986424801184 0.053193872508348963 -0.13184038881651527 0.0048270444854808976 0.053343283497775604 -0.13204801315147291 0.0043089014916485981 0.053469759781481968 -0.13222369834323966 0.0038175878932221411 0.053576674421499874 -0.13237216291613735 0.0033480303301125589 0.053666568748540533 -0.13249695928400163 0.0028961631281082655 0.053741378353486399 -0.13260079128041502 0.0024586450546281828 0.053802583411114512 -0.13268572551937502 0.0020326681891612956 0.053851311184362052 -0.13275333530534117 0.0016158214108519537 0.053888408726618819 -0.13280480243097095 0.0012059812917865863 0.053914492243371803 -0.13284098633280131 0.00080123129915442791 0.053929980567696795 -0.13286247110356048 0.00039979786694758351 0.053935116779093475 -0.13286959567287993 1.667824919376849e-10 0.053929980561738075 -0.13286247111734417 -0.0003997975555243131 0.053914492223877286 -0.13284098635951724 -0.00080123101649149037 0.053888408701062943 -0.13280480246990151 -0.0012059810473905258 0.053851311148616327 -0.13275333535533315 -0.0016158212143583396 0.053802583391725924 -0.13268572557920638 -0.0020326680920531985 0.053741378367099815 -0.13260079134570771 -0.0024586450347277577 0.053666568745899854 -0.13249695935050959 -0.0028961630591884105 0.053576674407489963 -0.1323721629864284 -0.0033480302157616114 0.053469759798692756 -0.13222369842098125 -0.0038175878230271715 0.053343283534377395 -0.1320480132342578 -0.0043089014855665873 0.053193872527993451 -0.13184038889876565 -0.0048270444821646389 0.053016981214453904 -0.13159446096291488 -0.0053784986379279472 0.052806353502988859 -0.13130146016145786 -0.0059717715568268631 0.052553155920499542 -0.13094898754517278 -0.0066183423608854753 0.052244518265049458 -0.13051894633514005 -0.007334178026206597 0.051861035174545128 -0.1299839887775745 -0.0081421184005452604 0.05137248241030596 -0.12930138894085125 -0.0090754138412226827 0.050731072896709334 -0.12840330523374505 -0.010181594775790245 0.04986521546763021 -0.12718748976165037 -0.011519141532887668 0.048691563042735822 -0.12553399344450061 -0.013120987049339347 0.047173648674713034 -0.12338952014990423 -0.014902684084868245 0.04539415012235351 -0.12087280021544192 -0.016586282754963256 0.043541266921510911 -0.11826023909667066 -0.017731874762669544 0.041813292697307484 -0.11586212198300257 -0.017785360413796459 0.040352616424736691 -0.11394887760178188 -0.015997570631296046 0.039223889225523695 -0.11275487223355907 -0.011209179923852607 0.038356109118232465 -0.1124750183902454 -0.0014839112726387381 0.037345918165110792 -0.11319281127577051 0.016626267047383524 0.03476149736550993 -0.11458094394631535 0.049931435213125139 0.032798250692249745 -0.11536100285919013 0.07152844290944603 0.019780329848909248 -0.067869900551613155 -0.060599659466471854 0.024691025559989359 -0.07500110146983277 -0.048464919717198011 0.032785970377192247 -0.086829155392559032 -0.02737114067168811 0.038228992100867089 -0.095080680645189347 -0.012075388221906347 0.042288201735826522 -0.10163855294414974 -0.0013883921592013266 0.045673084123183334 -0.10736815336180129 0.0058141768975791029 0.048736106862384165 -0.1126549378521559 0.010373718238926202 0.051613075037674414 -0.11761899819406384 0.012901007393302657 0.054289828095587855 -0.12219461485109624 0.013865119189520636 0.056646183380878984 -0.1261784506220365 0.013700759495088291 0.058549347940255431 -0.12936572302249411 0.012873220660973671 0.059969133755370316 -0.13172650881461451 0.011801921094196862 0.060991358746674697 -0.13341806767934489 0.010737019674618653 0.0617359999499109 -0.13464664617918845 0.0097632964046399477 0.062296516146716122 -0.13556978557375199 0.0088869197170609194 0.062732678823445881 -0.13628732336148855 0.0080932709775496745 0.063081388450369202 -0.13686057595825613 0.0073662800205611658 0.063365961961339506 -0.13732816424386343 0.0066925804886712216 0.063601687879569033 -0.13771535710600646 0.0060617312413641109 0.063798967760176573 -0.13803932038304645 0.005465640067090962 0.063965117218819839 -0.13831211359559609 0.004897963589441715 0.06410542142977263 -0.13854244179850089 0.0043536517503278234 0.06422378377680138 -0.13873673000441039 0.0038286059742791588 0.064323133603080659 -0.13889979748985276 0.0033194414891757132 0.064405694537707114 -0.13903530089099017 0.0028233027999453753 0.064473162382712237 -0.13914602789892552 0.0023377359151555916 0.06452682564799464 -0.13923409626144598 0.0018605936712719714 0.06456765074887133 -0.13930109398902632 0.0013899540372134655 0.064596339668043706 -0.1393481743595027 0.00092405874565134694 0.064613369057011774 -0.13937612038848002 0.00046126367076984977 0.064619015333092639 -0.13938538614632168 2.1295118443685583e-10 0.064613369065583834 -0.13937612039469766 -0.00046126327965555452 0.064596339685694629 -0.13934817437064936 -0.00092405840499360588 0.06456765076795834 -0.13930109400371748 -0.0013899537516361723 0.064526825657767836 -0.13923409627858413 -0.00186059343213112 0.064473162389996577 -0.139146027920004 -0.0023377357852421106 0.064405694551054715 -0.13903530091480262 -0.0028233027686953944 0.064323133584982831 -0.13889979751144921 -0.0033194414036477994 0.064223783739192991 -0.13873673002459264 -0.003828605831702774 0.064105421424699854 -0.13854244182307496 -0.0043536516811564516 0.063965117244597511 -0.13831211362393464 -0.0048979636119877218 0.063798967776894533 -0.13803932040952133 -0.0054656400763385187 0.063601687874298915 -0.13771535713216537 -0.0060617312405981064 0.063365961966763001 -0.13732816427619626 -0.0066925805578919601 0.063081388466897814 -0.13686057599547941 -0.0073662801427150666 0.062732678845212858 -0.13628732339847094 -0.0080932710915343591 0.06229651616918485 -0.13556978560935762 -0.0088869198159024516 0.061735999952623133 -0.13464664621379321 -0.009763296500746671 0.060991358732191775 -0.13341806771228115 -0.010737019766868347 0.059969133734334504 -0.13172650884222806 -0.011801921162414712 0.058549347916821745 -0.12936572304263358 -0.012873220703494555 0.056646183355854356 -0.12617845063533431 -0.013700759520564753 0.054289828073606425 -0.12219461486219711 -0.013865119213991948 0.051613075023757858 -0.1176189982054944 -0.012901007415170078 0.0487361068576029 -0.11265493786442486 -0.010373718249151466 0.045673084122529795 -0.10736815337929431 -0.0058141769100818943 0.042288201734624095 -0.10163855296495138 0.0013883921472217882 0.038228992111354797 -0.095080680666584233 0.012075388223438753 0.032785970397404954 -0.086829155417896528 0.027371140681047536 0.024691025581414266 -0.075001101496511069 0.048464919742210698 0.019780329871630292 -0.067869900576887465 0.060599659505495396 0.0056205291988380415 -0.015244849642739918 -0.027180392440345043 0.011714973018120996 -0.026443357570500599 -0.027793264925348317 0.023020264154747998 -0.04698186126154668 -0.025552608161730897 0.032527577036623283 -0.06404404695074728 -0.018455125320393669 0.040440251918418768 -0.078340882883394095 -0.0097842343530184384 0.04720639458455405 -0.090692119678069727 -0.0014061950262869638 0.053166640269619259 -0.10164297526473487 0.0056654018562929702 0.058483652234356698 -0.11144380950408517 0.010909748848207047 0.063146985495325519 -0.12006837580933076 0.014143353839146812 0.067022702665993 -0.12727661631238596 0.015507796755188041 0.069995378211459791 -0.13284900263694804 0.015486381274680362 0.072117403249270809 -0.13686290749332641 0.014717108629229973 0.073591684319097544 -0.13967699014005147 0.013684046702282135 0.074636449920810199 -0.1416876493523086 0.012618337150882005 0.075406523655792659 -0.14317998970425033 0.011596238160151654 0.075996087543633586 -0.14432907083804791 0.0106340841636655 0.076461408834713515 -0.14524028683569515 0.0097296267955447012 0.076837208600095408 -0.14597909082428703 0.0088758745309406376 0.077145842301693968 -0.14658785196836732 0.0080653790240772932 0.077402298634141248 -0.14709510839003634 0.0072914239960672035 0.077616992841720453 -0.147520768927347 0.006548231885812255 0.077797373407621662 -0.14787912044815332 0.0058309016829951911 0.077948894189452306 -0.14818065537969916 0.0051352642263793264 0.078075618238699546 -0.1484332107099296 0.004457750371113664 0.07818061028747321 -0.14864271120309747 0.0037952599292512953 0.078266195289360754 -0.14881365998863511 0.003145065310541529 0.078334132050858568 -0.14894946931420738 0.0025047347625026259 0.078385734910306828 -0.14905269253778147 0.0018720572397054357 0.078421955801677379 -0.14912518092215685 0.001244984676612871 0.078443439760011793 -0.14916818984727806 0.00062158405368546938 0.07845056032339974 -0.14918244674396955 2.2368875568295424e-10 0.078443439778922652 -0.14916818983698288 -0.00062158364537719276 0.078421955842383942 -0.14912518090403615 -0.0012449843155674239 0.07838573495528077 -0.14905269251551687 -0.0018720569326308154 0.078334132093587874 -0.14894946928898506 -0.0025047345156403384 0.078266195326516574 -0.14881365996291329 -0.0031450651521403835 0.078180610311968296 -0.14864271118060446 -0.0037952598478308112 0.078075618230739677 -0.14843321068802431 -0.0044577502613772418 0.077948894171867678 -0.14818065535402625 -0.0051352640914831601 0.077797373410328496 -0.1478791204221207 -0.0058309016254584319 0.077616992863872941 -0.14752076890487775 -0.006548231917862979 0.077402298650251916 -0.14709510836587386 -0.0072914240206001547 0.077145842303856779 -0.14658785194007326 -0.0080653790354258455 0.076837208610772589 -0.14597909079734667 -0.0088758745838710719 0.076461408847663309 -0.14524028681368095 -0.0097296268801325119 0.075996087567060083 -0.14432907082003948 -0.010634084237327399 0.075406523689714261 -0.14317998969004522 -0.011596238213218387 0.07463644994506613 -0.14168764934424755 -0.012618337189216499 0.07359168432778998 -0.13967699014007728 -0.013684046728109989 0.072117403248704276 -0.13686290750027458 -0.01471710864512709 0.069995378212992079 -0.13284900264544081 -0.015486381272519435 0.067022702662773728 -0.12727661631855067 -0.015507796733661823 0.063146985491044097 -0.12006837581465203 -0.014143353805609396 0.058483652237151976 -0.11144380950991178 -0.010909748802658775 0.053166640276370462 -0.10164297527220564 -0.0056654018040256477 0.047206394596408165 -0.090692119692327974 0.0014061950666776546 0.040440251936858823 -0.078340882900228129 0.0097842343845031994 0.03252757706131746 -0.064044046966989121 0.018455125341871548 0.023020264178106549 -0.04698186127483181 0.025552608167035362 0.011714973035562525 -0.026443357573751432 0.027793264925685894 0.0056205292150202655 -0.015244849641025644 0.027180392438734265 0.0031261382975315013 -0.0047067158388475151 0.0011268532616702845 0.0065861513329243003 -0.011778335015118758 -0.0022294639949974196 0.013830841653680729 -0.026423948687394623 -0.0060137252439726452 0.021582332914785802 -0.04163520586761682 -0.0043684881273210853 0.02957198774683608 -0.05680113365262577 0.0011694510498116994 0.037602874414967513 -0.071696128115938326 0.0083911179591793211 0.045504089463851996 -0.086167056398942232 0.01533350291241134 0.053010412894550024 -0.099905795078207377 0.02059199797440885 0.059736818065866983 -0.11237307041770139 0.02345434735675166 0.065271726614998984 -0.12288514144873428 0.023976272407397914 0.069396830852937491 -0.13096915901669845 0.022878431033939262 0.072237825201900113 -0.1367212526515629 0.021076059811518062 0.07414440220150384 -0.14069764268106047 0.019177833565419682 0.075457017431821441 -0.14350310005109307 0.017413473915539129 0.076402953543910843 -0.14556413570727833 0.015820750794758677 0.077114554174244843 -0.14713828066947626 0.014380781785990695 0.077668430790138632 -0.14837849763398653 0.013066083085458284 0.078110741358828839 -0.14937876664934463 0.011852308854677369 0.07847065222630957 -0.15019939943473573 0.010719960975024274 0.078767422408382748 -0.15088073088916024 0.0096537479216224076 0.079014265336640938 -0.15145073161774786 0.0086416118866927596 0.07922052978716046 -0.15192937206023041 0.0076739265651084463 0.079392998715168667 -0.1523312551061809 0.0067428722353517915 0.079536686056472933 -0.15266724753276606 0.0058419910293446469 0.079655348438305809 -0.15294553838943212 0.0049658389960455596 0.079751819648154157 -0.15317233507037112 0.0041097427708966889 0.079828233367195911 -0.15335233067153881 0.00326961843620219 0.079886177854282925 -0.15348903048297033 0.0024418151168631498 0.079926799918822344 -0.15358497219618725 0.0016229970412168396 0.079950874833686777 -0.15364187481142255 0.00081004874172965421 0.079958850891158478 -0.15366073372058292 2.690456084102847e-11 0.079950874800485849 -0.15364187479012437 -0.00081004869416133047 0.079926799916761743 -0.15358497215707045 -0.0016229969491954651 0.079886177858845081 -0.15348903043282647 -0.002441814989556531 0.079828233357438994 -0.15335233061604281 -0.00326961836094338 0.079751819653874373 -0.1531723350100887 -0.0041097427415366025 0.079655348450997226 -0.15294553832457269 -0.0049658389622410466 0.079536686053057387 -0.15266724746592791 -0.0058419909854374409 0.079392998728058314 -0.15233125503872783 -0.0067428722420703538 0.079220529808900431 -0.15192937198947204 -0.0076739266191268316 0.079014265334358139 -0.1514507315452894 -0.008641611952499113 0.078767422401410783 -0.15088073081875655 -0.0096537480017684189 0.078470652230775761 -0.15019939936458271 -0.010719961054834418 0.078110741357921315 -0.14937876657924323 -0.011852308928229024 0.077668430779041425 -0.14837849756628096 -0.013066083149165169 0.077114554165759436 -0.14713828060521919 -0.014380781848445684 0.076402953535127452 -0.14556413564414417 -0.015820750826885732 0.075457017427755457 -0.14350309999245689 -0.017413473898032758 0.074144402188900838 -0.14069764263422768 -0.019177833545035296 0.072237825185831564 -0.13672125261741483 -0.021076059790597651 0.069396830858299827 -0.13096915899553721 -0.022878430997561858 0.065271726624690565 -0.12288514143788437 -0.023976272354241747 0.059736818077696568 -0.11237307041488687 -0.023454347285324195 0.053010412915182541 -0.099905795081432727 -0.020591997888559463 0.045504089484434795 -0.086167056405799233 -0.015333502817319298 0.03760287443787759 -0.071696128130441156 -0.0083911178746305555 0.029571987775375279 -0.056801133670012528 -0.001169450976669733 0.021582332942051349 -0.041635205884274606 0.0043684881873360072 0.013830841676529586 -0.02642394870272333 0.0060137252808160633 0.0065861513479283399 -0.011778335020211177 0.0022294640096737301 0.0031261383076877877 -0.0047067158367447024 -0.0011268532585570852 0.00028232098286541641 0.0031472147886811748 0.0083797418586814623 0.0020027908386064542 -0.0023595219429935321 0.0051373763566875891 0.0059941051939995738 -0.013525175133829798 0.0019791221827583274 0.011243258059705582 -0.025572078933736433 0.004706980067718405 0.017905709618321601 -0.039219256260301191 0.011650327212734084 0.025877011814902109 -0.054554172611640951 0.020624642152283216 0.034781585693504161 -0.071199052863087323 0.028993396982391752 0.043866814449202249 -0.088201924558535219 0.034478980432013008 0.052123702550297815 -0.10414332033106724 0.036066445058053356 0.05870758312362271 -0.11758973674669584 0.034352901305899367 0.063342119357139029 -0.12774493725633077 0.030945157906885658 0.066338500019431493 -0.13479724654614061 0.02730357256426446 0.068242734849324194 -0.13956464892897893 0.024097510385656211 0.069501947343444448 -0.14287160266070606 0.021412392427900863 0.070383430118983653 -0.14527188382075071 0.019147801155385349 0.071032528940200415 -0.14708916120673091 0.017196175111603432 0.07152961394284546 -0.14851159015742632 0.015476738406045109 0.071921551405323275 -0.14965303360432239 0.013932500047838118 0.072237236369673399 -0.15058574865108523 0.012523150278790859 0.072495383299052321 -0.15135764192428716 0.011219561014948136 0.072708632555379779 -0.15200170573920269 0.010000106114885962 0.072885812503939967 -0.15254136362245793 0.0088483095130551474 0.073033259537874207 -0.15299366378333598 0.0077512903908624241 0.073155615043562064 -0.15337124364273888 0.0066987437542464952 0.073256329723413505 -0.15368359562355172 0.0056822191313031381 0.073337989959407213 -0.15393789576345518 0.0046946310934985018 0.073402532738664136 -0.15413955747909072 0.0037299094272981721 0.073451393626829314 -0.15429261678652317 0.0027827201440195292 0.073485605621205291 -0.15439999148308159 0.0018482583974320744 0.073505865244933175 -0.15446365600825113 0.00092208556050087705 0.073512574584447501 -0.15448475288257285 -6.0539907559709755e-11 0.073505865173922158 -0.15446365599820563 -0.0009220856856427675 0.073485605596331383 -0.15439999146130573 -0.0018482584295433893 0.073451393622736658 -0.15429261675327682 -0.0027827200844331951 0.073402532708216089 -0.15413955743578617 -0.003729909422918037 0.073337989937250742 -0.15393789570958802 -0.0046946311483424732 0.073256329707635542 -0.15368359555622926 -0.0056822191665824133 0.073155615017345521 -0.15337124356072371 -0.0066987437720238789 0.073033259517953433 -0.15299366369153811 -0.0077512904730893638 0.072885812488945573 -0.15254136352279637 -0.008848309635775856 0.072708632509562471 -0.15200170562880261 -0.010000106201753123 0.072495383248266973 -0.15135764180808803 -0.011219561087655852 0.07223723634941262 -0.15058574853631895 -0.012523150328659572 0.071921551372695333 -0.14965303349650855 -0.013932500056325171 0.071529613895224942 -0.14851159006017661 -0.015476738398774503 0.071032528905494927 -0.14708916112167919 -0.017196175123071887 0.070383430090064064 -0.14527188374212399 -0.019147801130463105 0.069501947325025321 -0.14287160258735235 -0.021412392352961256 0.068242734832494462 -0.13956464886856201 -0.024097510334863809 0.066338500007060916 -0.13479724650131064 -0.0273035725201142 0.063342119372006456 -0.12774493723187452 -0.030945157870864257 0.058707583154038331 -0.11758973673819469 -0.034352901268718497 0.052123702578443384 -0.10414332033209692 -0.036066445004416144 0.04386681447921837 -0.088201924564549006 -0.034478980366973028 0.034781585719604324 -0.071199052867464446 -0.028993396904190158 0.025877011838260043 -0.05455417262010355 -0.020624642080124645 0.017905709643046115 -0.039219256275207184 -0.011650327150488216 0.01124325808147904 -0.025572078950681521 -0.0047069800116637354 0.0059941052157355297 -0.01352517515372317 -0.0019791221377505617 0.0020027908564951413 -0.0023595219632648549 -0.0051373763234013577 0.00028232099632203038 0.0031472147700476565 -0.0083797418313546219 -0.0020223194870561522 0.0060112107704886168 0.0077757817491160477 -0.001816332247147087 0.0030532795284632769 0.0042709973956243435 -0.00044436012040821159 -0.0037247520637276764 0.001276480168085163 0.0027159796156541235 -0.012383138647992608 0.005417362232643331 0.0076757247116440389 -0.023579934028315527 0.015054484360301677 0.014795589740197139 -0.038247234435384372 0.027891729721220608 0.024066188399343321 -0.056565083740858765 0.039924965549563846 0.034295418646750571 -0.076976987577254574 0.04672174682854937 0.043441871493601208 -0.096515018192565402 0.04655252054261573 0.050079319445992226 -0.11254551491503703 0.041594013517813541 0.054195042016958038 -0.12411447515674807 0.035354391833522014 0.056583205244227469 -0.13183611710098603 0.029911981451376121 0.057999339390715478 -0.13692483958122309 0.025678647732428742 0.05889753430074704 -0.14040450392424125 0.022397468336045511 0.059510653222130297 -0.14290934328556337 0.019768620934868454 0.059955045635201175 -0.14479623451981721 0.017583325476089064 0.060291851346872274 -0.14626831412542052 0.015708668712895252 0.060555546209532726 -0.14744695147014331 0.014059148681593765 0.060766893764299536 -0.14840852119130965 0.012577863503260556 0.060939112395621518 -0.1492033608956852 0.011225478306951309 0.061081014979362337 -0.14986598680629468 0.0099737811812156164 0.06119869482152316 -0.15042082376212992 0.0088018717658207846 0.061296490651734849 -0.15088560338872731 0.0076937905402102331 0.061377560584758122 -0.15127344334588216 0.0066370224528638309 0.061444240595301819 -0.15159418095926591 0.0056214840599185254 0.061498274571818792 -0.15185524360401567 0.0046388491298943223 0.061540964289541096 -0.15206222861428748 0.0036820774417422753 0.061573272109835341 -0.15221930582877419 0.002745053175632907 0.061595889124257411 -0.15232948795559914 0.0018223196717379962 0.061609280716675874 -0.15239481277930822 0.00090887313423159864 0.061613715332979137 -0.15241645914747753 -3.3444528559339187e-11 0.061609280700685068 -0.15239481278290365 -0.00090887319967097413 0.061595889128473573 -0.15232948796037882 -0.0018223196776347447 0.061573272126399708 -0.15221930582652399 -0.002745053127973825 0.061540964301821988 -0.15206222860275087 -0.0036820774419326387 0.061498274587929655 -0.15185524358502223 -0.0046388491788794933 0.061444240608514569 -0.15159418093236687 -0.0056214841027472538 0.061377560604276862 -0.15127344331030959 -0.006637022493185033 0.061296490664137955 -0.15088560334746759 -0.007693790605914512 0.061198694829668839 -0.15042082372090326 -0.0088018718513940171 0.061081014986293723 -0.14986598676563129 -0.0099737812426632984 0.060939112387346416 -0.14920336085529862 -0.01122547832589378 0.06076689375747972 -0.14840852115120146 -0.01257786348703652 0.060555546198187732 -0.14744695142643161 -0.014059148636597454 0.060291851328706014 -0.14626831408006832 -0.015708668665110323 0.059955045628274715 -0.14479623448335163 -0.017583325451220756 0.059510653232864905 -0.14290934325624052 -0.019768620885986819 0.058897534315376393 -0.14040450389750572 -0.022397468269559989 0.057999339410480716 -0.13692483955956283 -0.025678647692317102 0.056583205274863289 -0.13183611708138332 -0.029911981415843114 0.05419504205250366 -0.12411447514190305 -0.035354391819025263 0.050079319483014605 -0.11254551490459602 -0.041594013504743836 0.043441871520107804 -0.096515018184884491 -0.046552520517967946 0.034295418667732412 -0.076976987571210603 -0.046721746800849687 0.024066188418172419 -0.056565083732927589 -0.039924965505188703 0.014795589754731876 -0.038247234433307471 -0.027891729673568622 0.0076757247269068785 -0.023579934039371697 -0.015054484318713958 0.0027159796307017962 -0.01238313866911591 -0.0054173622017679628 -0.00044436010593028763 -0.003724752085744778 -0.001276480143024804 -0.001816332233511619 0.003053279509860167 -0.0042709973715294447 -0.0020223194765444409 0.0060112107528962526 -0.0077757817290865627 -0.0027053687887309925 0.0054299947428969667 0.0031652300448275642 -0.0032423069312108054 0.0046076903248464607 2.1374289785500286e-05 -0.0032521396011450767 0.0018223235245128494 -0.0031395342715074912 -0.0015491779695300998 -0.0031104450312450095 1.1220774327081828e-05 0.001465315138988129 -0.010571075818824239 0.0097098620272931205 0.0064164388201602782 -0.022540862696117415 0.025688775304366133 0.014699725623233666 -0.041465755872634444 0.04341753833005757 0.025198053408772028 -0.065703721506566851 0.053180520926934191 0.033879437832235737 -0.089095589591811269 0.050770367293385833 0.038882305644004175 -0.10706616848818688 0.042304851823347145 0.041391809352194539 -0.1192293095536503 0.034225727250184718 0.042748014061819599 -0.1271134519428484 0.028229767090330642 0.043557753373619133 -0.1322712997624251 0.023931105390130207 0.044088260457958522 -0.1357962141239884 0.020737140487182813 0.04446389274641218 -0.13833756316084189 0.018236326392754219 0.044745550004214991 -0.14025570285612665 0.016185120200224352 0.044965446422386868 -0.14175499365763811 0.014439902254563694 0.045142047987439107 -0.1429574564204677 0.012912309150950402 0.045286701208607109 -0.14393991987088017 0.011545212978837089 0.045406778450246404 -0.14475307329193088 0.010299919110624703 0.045507295373748383 -0.14543171607028407 0.0091490916586011873 0.045591785543579164 -0.14600050338118431 0.0080727140808321447 0.045662809335801122 -0.14647735505845219 0.0070556427687434274 0.045722259971723765 -0.14687554230611882 0.0060860911456663454 0.045771557350158108 -0.14720502728893786 0.0051546215414349532 0.045811774920006085 -0.14747333821558242 0.0042534809371483212 0.045843722214779545 -0.14768615256040746 0.0033761417265682448 0.045868003019841057 -0.14784770251382826 0.0025169532695614172 0.045885053901565061 -0.14796104734565563 0.0016708882523532337 0.045895170523570228 -0.1480282571307916 0.00083334629354600662 0.045898524086820602 -0.14805052972825811 -6.8437505066232945e-11 0.045895170555332085 -0.148028257133409 -0.00083334641515802233 0.04588505393013495 -0.14796104734709925 -0.0016708883726899845 0.045868003046692085 -0.14784770250971502 -0.0025169533969740285 0.045843722263284349 -0.14768615255227313 -0.0033761418742240062 0.045811774975603625 -0.1474733382073618 -0.0042534811124196308 0.045771557414696157 -0.14720502728364626 -0.0051546216805089294 0.045722260079821254 -0.14687554231129302 -0.0060860912587078521 0.045662809450443709 -0.14647735507827714 -0.0070556428775899235 0.045591785653617642 -0.1460005034162962 -0.008072714174918642 0.045507295487775663 -0.14543171611934211 -0.0091490917450070906 0.045406778546141016 -0.14475307334711851 -0.010299919164235238 0.045286701288231493 -0.14393991992738986 -0.011545213022164255 0.045142048081311267 -0.14295745647525102 -0.012912309192479932 0.0449654465139619 -0.14175499370702169 -0.014439902288908235 0.044745550067825587 -0.14025570289800054 -0.016185120241355953 0.04446389280022657 -0.1383375631934623 -0.018236326423236623 0.044088260503823244 -0.13579621414818363 -0.020737140516708032 0.043557753420236628 -0.13227129977777419 -0.023931105433439712 0.042748014113135439 -0.12711345194423382 -0.028229767127389588 0.041391809389234438 -0.1192293095439623 -0.034225727288174759 0.038882305669448905 -0.10706616846823833 -0.042304851850696823 0.033879437848326026 -0.089095589564721731 -0.050770367304006102 0.025198053414757386 -0.065703721478443819 -0.053180520932816701 0.014699725627101409 -0.041465755845703479 -0.043417538305411695 0.0064164388202449553 -0.022540862682374496 -0.025688775263265188 0.0014653151406546019 -0.010571075822271483 -0.0097098619943040369 -0.0015491779663041518 -0.0031104450464712096 -1.1220761462743707e-05 -0.0032521395999699572 0.0018223235077152932 0.0031395342682142488 -0.0032423069281832567 0.0046076903156895737 -2.1374292763771643e-05 -0.0027053687870318716 0.0054299947382622973 -0.0031652300449002743 -0.0016011829450008281 0.0028592690163982437 -0.00033391243983549437 -0.0018172580777750425 0.0030716555796343687 -0.0031084639660977215 -0.0012405307844055185 0.0024906676256695685 -0.0072336275623434013 0.00069776501055565513 0.00027629917347571614 -0.0077456845532941059 0.002928736917926558 -0.0033446856758406144 -0.0031040359034906709 0.0051677223182610256 -0.0098289769183748134 0.0091784928065332255 0.0094401247512888968 -0.025743144586193967 0.030453711046363151 0.015501799979951925 -0.052517403663959933 0.046370109917345574 0.019792501164329464 -0.0793942489677886 0.044794184980945714 0.021861185343062677 -0.098781140522784194 0.036260911993251578 0.023145154495816393 -0.11145027649572596 0.029696111251689822 0.024139270089858136 -0.11973066099215988 0.025016516014784645 0.024896022731232013 -0.12519741198961284 0.021603642894725553 0.02547181318946053 -0.12896104673049941 0.018988353687720807 0.025918337880969013 -0.13168771134807522 0.016880136130477359 0.026273151956499173 -0.13375252903534224 0.015107794284370042 0.026561169951072841 -0.13537020779213144 0.013568826940954994 0.026798914083812703 -0.13666980769396236 0.01219891948440956 0.026997593406919304 -0.13773298203984466 0.010955686395969055 0.027165030214223236 -0.13861379717167666 0.0098099019427203647 0.027306835131441661 -0.13934947388420305 0.0087405767429640305 0.027427125054185028 -0.13996644034420566 0.0077321083362554208 0.027528978918506815 -0.14048393855343067 0.0067725270249745602 0.027614731014167542 -0.14091623898508754 0.0058523976491501074 0.027686168167918159 -0.14127406619847926 0.004964074778427357 0.027744662316119075 -0.14156553212797338 0.0041012096160735001 0.027791261778174391 -0.14179675903394845 0.003258405457140377 0.027826756271664539 -0.14197231341505834 0.0024309499515958229 0.027851721387254121 -0.14209549772884209 0.0016146194875828227 0.027866548973790234 -0.14216854736194845 0.00080552650857798646 0.027871466600108447 -0.14219275610226079 -8.7033464324912969e-11 0.02786654891901881 -0.14216854737359014 -0.0008055266616191002 0.027851721337576792 -0.14209549774970287 -0.0016146196582941575 0.027826756311637987 -0.14197231344323713 -0.0024309501170881602 0.027791261929393785 -0.14179675907399819 -0.0032584056071665347 0.027744662455367334 -0.14156553218289467 -0.0041012098095289922 0.027686168263381147 -0.14127406626394884 -0.0049640749277813237 0.027614731113007336 -0.14091623905861708 -0.0058523977423054737 0.027528979095276174 -0.14048393863645836 -0.0067725270789577401 0.027427125249797006 -0.13996644043700002 -0.007732108386709932 0.027306835271624617 -0.13934947397906314 -0.0087405768354568529 0.027165030358149642 -0.13861379725876538 -0.0098099020189204664 0.026997593539764997 -0.13773298212132548 -0.010955686448665309 0.026798914221114595 -0.1366698077745101 -0.012198919513710252 0.026561170073768507 -0.13537020786814449 -0.013568826972027321 0.026273152039863398 -0.13375252909581811 -0.01510779431005568 0.025918337952123276 -0.13168771138989183 -0.016880136123287735 0.025471813245300262 -0.1289610467599161 -0.01898835368413947 0.024896022776906515 -0.12519741201010631 -0.021603642916598317 0.024139270129833707 -0.11973066099913371 -0.025016516045431769 0.023145154520290187 -0.11145027648652252 -0.02969611129193421 0.021861185350896328 -0.098781140495573752 -0.036260912034367737 0.019792501163351271 -0.079394248922268817 -0.044794185011290524 0.015501799976463572 -0.052517403614659224 -0.046370109930960385 0.0094401247492657218 -0.025743144551505327 -0.030453711028541046 0.0051677223128670973 -0.0098289769026347496 -0.0091784927906103566 0.0029287369075642455 -0.0033446856719340475 0.0031040358968238311 0.00069776500058085712 0.00027629917212006579 0.0077456845328221832 -0.0012405307919957347 0.0024906676194611775 0.0072336275323025296 -0.0018172580802135886 0.003071655573050613 0.0031084639473527285 -0.0016011829456457603 0.0028592690136314937 0.00033391243913828841 -0.00062728202416034273 0.0012840098313781393 -0.0012625898735218741 -0.00042523805615761635 0.0016623195254096075 -0.0038632368402153794 0.00099346461285532216 0.0015878599433754308 -0.0086317190949909157 0.0036507159177106251 0.00028270821808474238 -0.01155445965689177 0.006082859639072501 -0.0017113104691991929 -0.010898074977427629 0.0071262343260554799 -0.0047577981098444171 -0.0032609806907919056 0.0083838230760493963 -0.017782755186097614 0.018233760781750524 0.010203105988278002 -0.045079218803261711 0.038299349100392344 0.010827635723697496 -0.073466533186051369 0.038785729046388787 0.011317997982769574 -0.093525931777012739 0.031830131009228331 0.012422573682895845 -0.10661877505250893 0.027168789691493059 0.013585818406775342 -0.11529437740964363 0.023592918707863147 0.014546828111654992 -0.12104674099751778 0.020787368089819638 0.015298931859914381 -0.12501827259885831 0.018514030798087798 0.015888193366579567 -0.12789908973536729 0.016610005426391201 0.0163580099432305 -0.13008191910276176 0.014965408174918357 0.01673958676502911 -0.1317924622515087 0.013508840358324477 0.017054357736117402 -0.13316675833815925 0.012192776066635814 0.017317113572026803 -0.13429101768159196 0.010984501025345395 0.017538272281579233 -0.1352223826501131 0.0098606837480091011 0.01772534029305671 -0.1360002171825429 0.0088041059903808325 0.017883839493519044 -0.13665248268330293 0.00780167838803784 0.018017903576668298 -0.13719954274638657 0.0068431664475485723 0.018130667260447219 -0.13765650210560076 0.0059203715709073238 0.018224530402889731 -0.13803471336474579 0.0050265550100666769 0.018301334088945902 -0.138342763947851 0.0041560519925022046 0.018362484972845552 -0.13858713514968912 0.0033039967691235878 0.018409042128735086 -0.13877266132442154 0.0024661019642513394 0.018441777304487896 -0.13890283864567282 0.0016384959404272246 0.018461215537602139 -0.13898003360611638 0.00081759442820588898 0.018467661546248251 -0.1390056158508049 -1.1744967327799623e-10 0.018461215393455258 -0.13898003362809241 -0.0008175946223336404 0.018441777175435634 -0.13890283869120357 -0.0016384961281428602 0.018409042179200252 -0.13877266138569119 -0.0024661020970427735 0.018362485214052246 -0.13858713523333011 -0.0033039968444242441 0.018301334303868079 -0.13834276405708654 -0.0041560521125162224 0.018224530512195546 -0.13803471348471447 -0.0050265550983579731 0.018130667308936047 -0.13765650222201603 -0.0059203716057451353 0.018017903765311254 -0.13719954286038144 -0.0068431664172042533 0.017883839721656074 -0.13665248279749276 -0.0078016783814414343 0.017725340416948461 -0.13600021728753411 -0.008804106070401 0.017538272430289478 -0.13522238274375728 -0.0098606838186952369 0.017317113707183099 -0.13429101776807106 -0.010984501051841417 0.017054357855426087 -0.13316675841309206 -0.012192776050678172 0.016739586862627692 -0.13179246231301517 -0.013508840361519787 0.016358010012410131 -0.13008191915114126 -0.014965408172795885 0.015888193444046021 -0.12789908977043074 -0.01661000536974399 0.015298931923975129 -0.12501827262692558 -0.018514030745963521 0.014546828159208221 -0.12104674102578403 -0.020787368073020854 0.013585818444294651 -0.11529437742703137 -0.023592918710425063 0.012422573704629066 -0.10661877504613679 -0.027168789711575526 0.011317997981676755 -0.093525931746905336 -0.031830131036813591 0.01082763571154362 -0.073466533130091341 -0.038785729074122692 0.010203105982506361 -0.045079218743114047 -0.038299349103512681 0.0083838230754918076 -0.017782755155564368 -0.018233760759349561 0.0071262343214496988 -0.0047577980999614876 0.0032609806869375408 0.0060828596222982263 -0.0017113104635666338 0.010898074941754571 0.0036507158981604398 0.00028270822281974421 0.011554459618806565 0.00099346459916200679 0.0015878599436429657 0.0086317190599010316 -0.0004252380620239496 0.0016623195213458326 0.0038632368232487395 -0.00062728202661483875 0.0012840098304126725 0.0012625898795753123
        </DataArray>
        <DataArray type="Float64" Name="strain_xx" format="ascii">
          0.032798250666982949 0.034761497341107395 0.037345918144058174 0.038356109112417186 0.039223889233936896 0.040352616427929658 0.041813292704973165 0.04354126694491392 0.045394150159355391 0.047173648719856423 0.048691563087452136 0.04986521551489289 0.050731072944515329 0.051372482439539055 0.051861035178495996 0.052244518259453671 0.05255315591198513 0.052806353505194609 0.053016981222219116 0.053193872508348963 0.053343283497775604 0.053469759781481968 0.053576674421499874 0.053666568748540533 0.053741378353486399 0.053802583411114512 0.053851311184362052 0.053888408726618819 0.053914492243371803 0.053929980567696795 0.053935116779093475 0.053929980561738075 0.053914492223877286 0.053888408701062943 0.053851311148616327 0.053802583391725924 0.053741378367099815 0.053666568745899854 0.053576674407489963 0.053469759798692756 0.053343283534377395 0.053193872527993451 0.053016981214453904 0.052806353502988859 0.052553155920499542 0.052244518265049458 0.051861035174545128 0.05137248241030596 0.050731072896709334 0.04986521546763021 0.048691563042735822 0.047173648674713034 0.04539415012235351 0.043541266921510911 0.041813292697307484 0.040352616424736691 0.039223889225523695 0.038356109118232465 0.037345918165110792 0.03476149736550993 0.032798250692249745 0.019780329848909248 0.024691025559989359 0.032785970377192247 0.038228992100867089 0.042288201735826522 0.045673084123183334 0.048736106862384165 0.051613075037674414 0.054289828095587855 0.056646183380878984 0.058549347940255431 0.059969133755370316 0.060991358746674697 0.0617359999499109 0.062296516146716122 0.062732678823445881 0.063081388450369202 0.063365961961339506 0.063601687879569033 0.063798967760176573 0.063965117218819839 0.06410542142977263 0.06422378377680138 0.064323133603080659 0.064405694537707114 0.064473162382712237 0.06452682564799464 0.06456765074887133 0.064596339668043706 0.064613369057011774 0.064619015333092639 0.064613369065583834 0.064596339685694629 0.06456765076795834 0.064526825657767836 0.064473162389996577 0.064405694551054715 0.064323133584982831 0.064223783739192991 0.064105421424699854 0.063965117244597511 0.063798967776894533 0.063601687874298915 0.063365961966763001 0.063081388466897814 0.062732678845212858 0.06229651616918485 0.061735999952623133 0.060991358732191775 0.059969133734334504 0.058549347916821745 0.056646183355854356 0.054289828073606425 0.051613075023757858 0.0487361068576029 0.045673084122529795 0.042288201734624095 0.038228992111354797 0.032785970397404954 0.024691025581414266 0.019780329871630292 0.0056205291988380415 0.011714973018120996 0.023020264154747998 0.032527577036623283 0.040440251918418768 0.04720639458455405 0.053166640269619259 0.058483652234356698 0.063146985495325519 0.067022702665993 0.069995378211459791 0.072117403249270809 0.073591684319097544 0.074636449920810199 0.075406523655792659 0.075996087543633586 0.076461408834713515 0.076837208600095408 0.077145842301693968 0.077402298634141248 0.077616992841720453 0.077797373407621662 0.077948894189452306 0.078075618238699546 0.07818061028747321 0.078266195289360754 0.078334132050858568 0.078385734910306828 0.078421955801677379 0.078443439760011793 0.07845056032339974 0.078443439778922652 0.078421955842383942 0.07838573495528077 0.078334132093587874 0.078266195326516574 0.078180610311968296 0.078075618230739677 0.077948894171867678 0.077797373410328496 0.077616992863872941 0.077402298650251916 0.077145842303856779 0.076837208610772589 0.076461408847663309 0.075996087567060083 0.075406523689714261 0.07463644994506613 0.07359168432778998 0.072117403248704276 0.069995378212992079 0.067022702662773728 0.063146985491044097 0.058483652237151976 0.053166640276370462 0.047206394596408165 0.040440251936858823 0.03252757706131746 0.023020264178106549 0.011714973035562525 0.0056205292150202655 0.0031261382975315013 0.0065861513329243003 0.013830841653680729 0.021582332914785802 0.02957198774683608 0.037602874414967513 0.045504089463851996 0.053010412894550024 0.059736818065866983 0.065271726614998984 0.069396830852937491 0.072237825201900113 0.07414440220150384 0.075457017431821441 0.076402953543910843 0.077114554174244843 0.077668430790138632 0.078110741358828839 0.07847065222630957 0.078767422408382748 0.079014265336640938 0.07922052978716046 0.079392998715168667 0.079536686056472933 0.079655348438305809 0.079751819648154157 0.079828233367195911 0.079886177854282925 0.079926799918822344 0.079950874833686777 0.079958850891158478 0.079950874800485849 0.079926799916761743 0.079886177858845081 0.079828233357438994 0.079751819653874373 0.079655348450997226 0.079536686053057387 0.079392998728058314 0.079220529808900431 0.079014265334358139 0.078767422401410783 0.078470652230775761 0.078110741357921315 0.077668430779041425 0.077114554165759436 0.076402953535127452 0.075457017427755457 0.074144402188900838 0.072237825185831564 0.069396830858299827 0.065271726624690565 0.059736818077696568 0.053010412915182541 0.045504089484434795 0.03760287443787759 0.029571987775375279 0.021582332942051349 0.013830841676529586 0.0065861513479283399 0.0031261383076877877 0.00028232098286541641 0.0020027908386064542 0.0059941051939995738 0.011243258059705582 0.017905709618321601 0.025877011814902109 0.034781585693504161 0.043866814449202249 0.052123702550297815 0.05870758312362271 0.063342119357139029 0.066338500019431493 0.068242734849324194 0.069501947343444448 0.070383430118983653 0.071032528940200415 0.07152961394284546 0.071921551405323275 0.072237236369673399 0.072495383299052321 0.072708632555379779 0.072885812503939967 0.073033259537874207 0.073155615043562064 0.073256329723413505 0.073337989959407213 0.073402532738664136 0.073451393626829314 0.073485605621205291 0.073505865244933175 0.073512574584447501 0.073505865173922158 0.073485605596331383 0.073451393622736658 0.073402532708216089 0.073337989937250742 0.073256329707635542 0.073155615017345521 0.073033259517953433 0.072885812488945573 0.072708632509562471 0.072495383248266973 0.07223723634941262 0.071921551372695333 0.071529613895224942 0.071032528905494927 0.070383430090064064 0.069501947325025321 0.068242734832494462 0.066338500007060916 0.063342119372006456 0.058707583154038331 0.052123702578443384 0.04386681447921837 0.034781585719604324 0.025877011838260043 0.017905709643046115 0.01124325808147904 0.0059941052157355297 0.0020027908564951413 0.00028232099632203038 -0.0020223194870561522 -0.001816332247147087 -0.00044436012040821159 0.0027159796156541235 0.0076757247116440389 0.014795589740197139 0.024066188399343321 0.034295418646750571 0.043441871493601208 0.050079319445992226 0.054195042016958038 0.056583205244227469 0.057999339390715478 0.05889753430074704 0.059510653222130297 0.059955045635201175 0.060291851346872274 0.060555546209532726 0.060766893764299536 0.060939112395621518 0.061081014979362337 0.06119869482152316 0.061296490651734849 0.061377560584758122 0.061444240595301819 0.061498274571818792 0.061540964289541096 0.061573272109835341 0.061595889124257411 0.061609280716675874 0.061613715332979137 0.061609280700685068 0.061595889128473573 0.061573272126399708 0.061540964301821988 0.061498274587929655 0.061444240608514569 0.061377560604276862 0.061296490664137955 0.061198694829668839 0.061081014986293723 0.060939112387346416 0.06076689375747972 0.060555546198187732 0.060291851328706014 0.059955045628274715 0.059510653232864905 0.058897534315376393 0.057999339410480716 0.056583205274863289 0.05419504205250366 0.050079319483014605 0.043441871520107804 0.034295418667732412 0.024066188418172419 0.014795589754731876 0.0076757247269068785 0.0027159796307017962 -0.00044436010593028763 -0.001816332233511619 -0.0020223194765444409 -0.0027053687887309925 -0.0032423069312108054 -0.0032521396011450767 -0.0015491779695300998 0.001465315138988129 0.0064164388201602782 0.014699725623233666 0.025198053408772028 0.033879437832235737 0.038882305644004175 0.041391809352194539 0.042748014061819599 0.043557753373619133 0.044088260457958522 0.04446389274641218 0.044745550004214991 0.044965446422386868 0.045142047987439107 0.045286701208607109 0.045406778450246404 0.045507295373748383 0.045591785543579164 0.045662809335801122 0.045722259971723765 0.045771557350158108 0.045811774920006085 0.045843722214779545 0.045868003019841057 0.045885053901565061 0.045895170523570228 0.045898524086820602 0.045895170555332085 0.04588505393013495 0.045868003046692085 0.045843722263284349 0.045811774975603625 0.045771557414696157 0.045722260079821254 0.045662809450443709 0.045591785653617642 0.045507295487775663 0.045406778546141016 0.045286701288231493 0.045142048081311267 0.0449654465139619 0.044745550067825587 0.04446389280022657 0.044088260503823244 0.043557753420236628 0.042748014113135439 0.041391809389234438 0.038882305669448905 0.033879437848326026 0.025198053414757386 0.014699725627101409 0.0064164388202449553 0.0014653151406546019 -0.0015491779663041518 -0.0032521395999699572 -0.0032423069281832567 -0.0027053687870318716 -0.0016011829450008281 -0.0018172580777750425 -0.0012405307844055185 0.00069776501055565513 0.002928736917926558 0.0051677223182610256 0.0094401247512888968 0.015501799979951925 0.019792501164329464 0.021861185343062677 0.023145154495816393 0.024139270089858136 0.024896022731232013 0.02547181318946053 0.025918337880969013 0.026273151956499173 0.026561169951072841 0.026798914083812703 0.026997593406919304 0.027165030214223236 0.027306835131441661 0.027427125054185028 0.027528978918506815 0.027614731014167542 0.027686168167918159 0.027744662316119075 0.027791261778174391 0.027826756271664539 0.027851721387254121 0.027866548973790234 0.027871466600108447 0.02786654891901881 0.027851721337576792 0.027826756311637987 0.027791261929393785 0.027744662455367334 0.027686168263381147 0.027614731113007336 0.027528979095276174 0.027427125249797006 0.027306835271624617 0.027165030358149642 0.026997593539764997 0.026798914221114595 0.026561170073768507 0.026273152039863398 0.025918337952123276 0.025471813245300262 0.024896022776906515 0.024139270129833707 0.023145154520290187 0.021861185350896328 0.019792501163351271 0.015501799976463572 0.0094401247492657218 0.0051677223128670973 0.0029287369075642455 0.00069776500058085712 -0.0012405307919957347 -0.0018172580802135886 -0.0016011829456457603 -0.00062728202416034273 -0.00042523805615761635 0.00099346461285532216 0.0036507159177106251 0.006082859639072501 0.0071262343260554799 0.0083838230760493963 0.010203105988278002 0.010827635723697496 0.011317997982769574 0.012422573682895845 0.013585818406775342 0.014546828111654992 0.015298931859914381 0.015888193366579567 0.0163580099432305 0.01673958676502911 0.017054357736117402 0.017317113572026803 0.017538272281579233 0.01772534029305671 0.017883839493519044 0.018017903576668298 0.018130667260447219 0.018224530402889731 0.018301334088945902 0.018362484972845552 0.018409042128735086 0.018441777304487896 0.018461215537602139 0.018467661546248251 0.018461215393455258 0.018441777175435634 0.018409042179200252 0.018362485214052246 0.018301334303868079 0.018224530512195546 0.018130667308936047 0.018017903765311254 0.017883839721656074 0.017725340416948461 0.017538272430289478 0.017317113707183099 0.017054357855426087 0.016739586862627692 0.016358010012410131 0.015888193444046021 0.015298931923975129 0.014546828159208221 0.013585818444294651 0.012422573704629066 0.011317997981676755 0.01082763571154362 0.010203105982506361 0.0083838230754918076 0.0071262343214496988 0.0060828596222982263 0.0036507158981604398 0.00099346459916200679 -0.0004252380620239496 -0.00062728202661483875
        </DataArray>
        <DataArray type="Float64" Name="strain_yy" format="ascii">
          -0.11536100281620219 -0.11458094390182202 -0.11319281123767172 -0.11247501836127341 -0.11275487220762505 -0.11394887758149697 -0.11586212196929088 -0.11826023908533526 -0.12087280020783336 -0.12338952014563391 -0.12553399343696597 -0.12718748974437225 -0.12840330520205379 -0.12930138889717988 -0.12998398872228462 -0.13051894626767585 -0.13094898746656128 -0.131301460078314 -0.13159446088153559 -0.13184038881651527 -0.13204801315147291 -0.13222369834323966 -0.13237216291613735 -0.13249695928400163 -0.13260079128041502 -0.13268572551937502 -0.13275333530534117 -0.13280480243097095 -0.13284098633280131 -0.13286247110356048 -0.13286959567287993 -0.13286247111734417 -0.13284098635951724 -0.13280480246990151 -0.13275333535533315 -0.13268572557920638 -0.13260079134570771 -0.13249695935050959 -0.1323721629864284 -0.13222369842098125 -0.1320480132342578 -0.13184038889876565 -0.13159446096291488 -0.13130146016145786 -0.13094898754517278 -0.13051894633514005 -0.1299839887775745 -0.12930138894085125 -0.12840330523374505 -0.12718748976165037 -0.12553399344450061 -0.12338952014990423 -0.12087280021544192 -0.11826023909667066 -0.11586212198300257 -0.11394887760178188 -0.11275487223355907 -0.1124750183902454 -0.11319281127577051 -0.11458094394631535 -0.11536100285919013 -0.067869900551613155 -0.07500110146983277 -0.086829155392559032 -0.095080680645189347 -0.10163855294414974 -0.10736815336180129 -0.1126549378521559 -0.11761899819406384 -0.12219461485109624 -0.1261784506220365 -0.12936572302249411 -0.13172650881461451 -0.13341806767934489 -0.13464664617918845 -0.13556978557375199 -0.13628732336148855 -0.13686057595825613 -0.13732816424386343 -0.13771535710600646 -0.13803932038304645 -0.13831211359559609 -0.13854244179850089 -0.13873673000441039 -0.13889979748985276 -0.13903530089099017 -0.13914602789892552 -0.13923409626144598 -0.13930109398902632 -0.1393481743595027 -0.13937612038848002 -0.13938538614632168 -0.13937612039469766 -0.13934817437064936 -0.13930109400371748 -0.13923409627858413 -0.139146027920004 -0.13903530091480262 -0.13889979751144921 -0.13873673002459264 -0.13854244182307496 -0.13831211362393464 -0.13803932040952133 -0.13771535713216537 -0.13732816427619626 -0.13686057599547941 -0.13628732339847094 -0.13556978560935762 -0.13464664621379321 -0.13341806771228115 -0.13172650884222806 -0.12936572304263358 -0.12617845063533431 -0.12219461486219711 -0.1176189982054944 -0.11265493786442486 -0.10736815337929431 -0.10163855296495138 -0.095080680666584233 -0.086829155417896528 -0.075001101496511069 -0.067869900576887465 -0.015244849642739918 -0.026443357570500599 -0.04698186126154668 -0.06404404695074728 -0.078340882883394095 -0.090692119678069727 -0.10164297526473487 -0.11144380950408517 -0.12006837580933076 -0.12727661631238596 -0.13284900263694804 -0.13686290749332641 -0.13967699014005147 -0.1416876493523086 -0.14317998970425033 -0.14432907083804791 -0.14524028683569515 -0.14597909082428703 -0.14658785196836732 -0.14709510839003634 -0.147520768927347 -0.14787912044815332 -0.14818065537969916 -0.1484332107099296 -0.14864271120309747 -0.14881365998863511 -0.14894946931420738 -0.14905269253778147 -0.14912518092215685 -0.14916818984727806 -0.14918244674396955 -0.14916818983698288 -0.14912518090403615 -0.14905269251551687 -0.14894946928898506 -0.14881365996291329 -0.14864271118060446 -0.14843321068802431 -0.14818065535402625 -0.1478791204221207 -0.14752076890487775 -0.14709510836587386 -0.14658785194007326 -0.14597909079734667 -0.14524028681368095 -0.14432907082003948 -0.14317998969004522 -0.14168764934424755 -0.13967699014007728 -0.13686290750027458 -0.13284900264544081 -0.12727661631855067 -0.12006837581465203 -0.11144380950991178 -0.10164297527220564 -0.090692119692327974 -0.078340882900228129 -0.064044046966989121 -0.04698186127483181 -0.026443357573751432 -0.015244849641025644 -0.0047067158388475151 -0.011778335015118758 -0.026423948687394623 -0.04163520586761682 -0.05680113365262577 -0.071696128115938326 -0.086167056398942232 -0.099905795078207377 -0.11237307041770139 -0.12288514144873428 -0.13096915901669845 -0.1367212526515629 -0.14069764268106047 -0.14350310005109307 -0.14556413570727833 -0.14713828066947626 -0.14837849763398653 -0.14937876664934463 -0.15019939943473573 -0.15088073088916024 -0.15145073161774786 -0.15192937206023041 -0.1523312551061809 -0.15266724753276606 -0.15294553838943212 -0.15317233507037112 -0.15335233067153881 -0.15348903048297033 -0.15358497219618725 -0.15364187481142255 -0.15366073372058292 -0.15364187479012437 -0.15358497215707045 -0.15348903043282647 -0.15335233061604281 -0.1531723350100887 -0.15294553832457269 -0.15266724746592791 -0.15233125503872783 -0.15192937198947204 -0.1514507315452894 -0.15088073081875655 -0.15019939936458271 -0.14937876657924323 -0.14837849756628096 -0.14713828060521919 -0.14556413564414417 -0.14350309999245689 -0.14069764263422768 -0.13672125261741483 -0.13096915899553721 -0.12288514143788437 -0.11237307041488687 -0.099905795081432727 -0.086167056405799233 -0.071696128130441156 -0.056801133670012528 -0.041635205884274606 -0.02642394870272333 -0.011778335020211177 -0.0047067158367447024 0.0031472147886811748 -0.0023595219429935321 -0.013525175133829798 -0.025572078933736433 -0.039219256260301191 -0.054554172611640951 -0.071199052863087323 -0.088201924558535219 -0.10414332033106724 -0.11758973674669584 -0.12774493725633077 -0.13479724654614061 -0.13956464892897893 -0.14287160266070606 -0.14527188382075071 -0.14708916120673091 -0.14851159015742632 -0.14965303360432239 -0.15058574865108523 -0.15135764192428716 -0.15200170573920269 -0.15254136362245793 -0.15299366378333598 -0.15337124364273888 -0.15368359562355172 -0.15393789576345518 -0.15413955747909072 -0.15429261678652317 -0.15439999148308159 -0.15446365600825113 -0.15448475288257285 -0.15446365599820563 -0.15439999146130573 -0.15429261675327682 -0.15413955743578617 -0.15393789570958802 -0.15368359555622926 -0.15337124356072371 -0.15299366369153811 -0.15254136352279637 -0.15200170562880261 -0.15135764180808803 -0.15058574853631895 -0.14965303349650855 -0.14851159006017661 -0.14708916112167919 -0.14527188374212399 -0.14287160258735235 -0.13956464886856201 -0.13479724650131064 -0.12774493723187452 -0.11758973673819469 -0.10414332033209692 -0.088201924564549006 -0.071199052867464446 -0.05455417262010355 -0.039219256275207184 -0.025572078950681521 -0.01352517515372317 -0.0023595219632648549 0.0031472147700476565 0.0060112107704886168 0.0030532795284632769 -0.0037247520637276764 -0.012383138647992608 -0.023579934028315527 -0.038247234435384372 -0.056565083740858765 -0.076976987577254574 -0.096515018192565402 -0.11254551491503703 -0.12411447515674807 -0.13183611710098603 -0.13692483958122309 -0.14040450392424125 -0.14290934328556337 -0.14479623451981721 -0.14626831412542052 -0.14744695147014331 -0.14840852119130965 -0.1492033608956852 -0.14986598680629468 -0.15042082376212992 -0.15088560338872731 -0.15127344334588216 -0.15159418095926591 -0.15185524360401567 -0.15206222861428748 -0.15221930582877419 -0.15232948795559914 -0.15239481277930822 -0.15241645914747753 -0.15239481278290365 -0.15232948796037882 -0.15221930582652399 -0.15206222860275087 -0.15185524358502223 -0.15159418093236687 -0.15127344331030959 -0.15088560334746759 -0.15042082372090326 -0.14986598676563129 -0.14920336085529862 -0.14840852115120146 -0.14744695142643161 -0.14626831408006832 -0.14479623448335163 -0.14290934325624052 -0.14040450389750572 -0.13692483955956283 -0.13183611708138332 -0.12411447514190305 -0.11254551490459602 -0.096515018184884491 -0.076976987571210603 -0.056565083732927589 -0.038247234433307471 -0.023579934039371697 -0.01238313866911591 -0.003724752085744778 0.003053279509860167 0.0060112107528962526 0.0054299947428969667 0.0046076903248464607 0.0018223235245128494 -0.0031104450312450095 -0.010571075818824239 -0.022540862696117415 -0.041465755872634444 -0.065703721506566851 -0.089095589591811269 -0.10706616848818688 -0.1192293095536503 -0.1271134519428484 -0.1322712997624251 -0.1357962141239884 -0.13833756316084189 -0.14025570285612665 -0.14175499365763811 -0.1429574564204677 -0.14393991987088017 -0.14475307329193088 -0.14543171607028407 -0.14600050338118431 -0.14647735505845219 -0.14687554230611882 -0.14720502728893786 -0.14747333821558242 -0.14768615256040746 -0.14784770251382826 -0.14796104734565563 -0.1480282571307916 -0.14805052972825811 -0.148028257133409 -0.14796104734709925 -0.14784770250971502 -0.14768615255227313 -0.1474733382073618 -0.14720502728364626 -0.14687554231129302 -0.14647735507827714 -0.1460005034162962 -0.14543171611934211 -0.14475307334711851 -0.14393991992738986 -0.14295745647525102 -0.14175499370702169 -0.14025570289800054 -0.1383375631934623 -0.13579621414818363 -0.13227129977777419 -0.12711345194423382 -0.1192293095439623 -0.10706616846823833 -0.089095589564721731 -0.065703721478443819 -0.041465755845703479 -0.022540862682374496 -0.010571075822271483 -0.0031104450464712096 0.0018223235077152932 0.0046076903156895737 0.0054299947382622973 0.0028592690163982437 0.0030716555796343687 0.0024906676256695685 0.00027629917347571614 -0.0033446856758406144 -0.0098289769183748134 -0.025743144586193967 -0.052517403663959933 -0.0793942489677886 -0.098781140522784194 -0.11145027649572596 -0.11973066099215988 -0.12519741198961284 -0.12896104673049941 -0.13168771134807522 -0.13375252903534224 -0.13537020779213144 -0.13666980769396236 -0.13773298203984466 -0.13861379717167666 -0.13934947388420305 -0.13996644034420566 -0.14048393855343067 -0.14091623898508754 -0.14127406619847926 -0.14156553212797338 -0.14179675903394845 -0.14197231341505834 -0.14209549772884209 -0.14216854736194845 -0.14219275610226079 -0.14216854737359014 -0.14209549774970287 -0.14197231344323713 -0.14179675907399819 -0.14156553218289467 -0.14127406626394884 -0.14091623905861708 -0.14048393863645836 -0.13996644043700002 -0.13934947397906314 -0.13861379725876538 -0.13773298212132548 -0.1366698077745101 -0.13537020786814449 -0.13375252909581811 -0.13168771138989183 -0.1289610467599161 -0.12519741201010631 -0.11973066099913371 -0.11145027648652252 -0.098781140495573752 -0.079394248922268817 -0.052517403614659224 -0.025743144551505327 -0.0098289769026347496 -0.0033446856719340475 0.00027629917212006579 0.0024906676194611775 0.003071655573050613 0.0028592690136314937 0.0012840098313781393 0.0016623195254096075 0.0015878599433754308 0.00028270821808474238 -0.0017113104691991929 -0.0047577981098444171 -0.017782755186097614 -0.045079218803261711 -0.073466533186051369 -0.093525931777012739 -0.10661877505250893 -0.11529437740964363 -0.12104674099751778 -0.12501827259885831 -0.12789908973536729 -0.13008191910276176 -0.1317924622515087 -0.13316675833815925 -0.13429101768159196 -0.1352223826501131 -0.1360002171825429 -0.13665248268330293 -0.13719954274638657 -0.13765650210560076 -0.13803471336474579 -0.138342763947851 -0.13858713514968912 -0.13877266132442154 -0.13890283864567282 -0.13898003360611638 -0.1390056158508049 -0.13898003362809241 -0.13890283869120357 -0.13877266138569119 -0.13858713523333011 -0.13834276405708654 -0.13803471348471447 -0.13765650222201603 -0.13719954286038144 -0.13665248279749276 -0.13600021728753411 -0.13522238274375728 -0.13429101776807106 -0.13316675841309206 -0.13179246231301517 -0.13008191915114126 -0.12789908977043074 -0.12501827262692558 -0.12104674102578403 -0.11529437742703137 -0.10661877504613679 -0.093525931746905336 -0.073466533130091341 -0.045079218743114047 -0.017782755155564368 -0.0047577980999614876 -0.0017113104635666338 0.00028270822281974421 0.0015878599436429657 0.0016623195213458326 0.0012840098304126725
        </DataArray>
        <DataArray type="Float64" Name="gamma_xy" format="ascii">
          -0.071528442843848128 -0.049931435167371786 -0.016626267023886955 0.0014839112738317091 0.011209179898252857 0.015997570599091647 0.01778536037529397 0.017731874712512068 0.016586282712106701 0.014902684049005212 0.013120987005254985 0.011519141468238084 0.010181594688428507 0.0090754137578716258 0.008142118311357173 0.0073341779220940338 0.0066183422491079046 0.0059717714926097037 0.0053784986424801184 0.0048270444854808976 0.0043089014916485981 0.0038175878932221411 0.0033480303301125589 0.0028961631281082655 0.0024586450546281828 0.0020326681891612956 0.0016158214108519537 0.0012059812917865863 0.00080123129915442791 0.00039979786694758351 1.667824919376849e-10 -0.0003997975555243131 -0.00080123101649149037 -0.0012059810473905258 -0.0016158212143583396 -0.0020326680920531985 -0.0024586450347277577 -0.0028961630591884105 -0.0033480302157616114 -0.0038175878230271715 -0.0043089014855665873 -0.0048270444821646389 -0.0053784986379279472 -0.0059717715568268631 -0.0066183423608854753 -0.007334178026206597 -0.0081421184005452604 -0.0090754138412226827 -0.010181594775790245 -0.011519141532887668 -0.013120987049339347 -0.014902684084868245 -0.016586282754963256 -0.017731874762669544 -0.017785360413796459 -0.015997570631296046 -0.011209179923852607 -0.0014839112726387381 0.016626267047383524 0.049931435213125139 0.07152844290944603 -0.060599659466471854 -0.048464919717198011 -0.02737114067168811 -0.012075388221906347 -0.0013883921592013266 0.0058141768975791029 0.010373718238926202 0.012901007393302657 0.013865119189520636 0.013700759495088291 0.012873220660973671 0.011801921094196862 0.010737019674618653 0.0097632964046399477 0.0088869197170609194 0.0080932709775496745 0.0073662800205611658 0.0066925804886712216 0.0060617312413641109 0.005465640067090962 0.004897963589441715 0.0043536517503278234 0.0038286059742791588 0.0033194414891757132 0.0028233027999453753 0.0023377359151555916 0.0018605936712719714 0.0013899540372134655 0.00092405874565134694 0.00046126367076984977 2.1295118443685583e-10 -0.00046126327965555452 -0.00092405840499360588 -0.0013899537516361723 -0.00186059343213112 -0.0023377357852421106 -0.0028233027686953944 -0.0033194414036477994 -0.003828605831702774 -0.0043536516811564516 -0.0048979636119877218 -0.0054656400763385187 -0.0060617312405981064 -0.0066925805578919601 -0.0073662801427150666 -0.0080932710915343591 -0.0088869198159024516 -0.009763296500746671 -0.010737019766868347 -0.011801921162414712 -0.012873220703494555 -0.013700759520564753 -0.013865119213991948 -0.012901007415170078 -0.010373718249151466 -0.0058141769100818943 0.0013883921472217882 0.012075388223438753 0.027371140681047536 0.048464919742210698 0.060599659505495396 -0.027180392440345043 -0.027793264925348317 -0.025552608161730897 -0.018455125320393669 -0.0097842343530184384 -0.0014061950262869638 0.0056654018562929702 0.010909748848207047 0.014143353839146812 0.015507796755188041 0.015486381274680362 0.014717108629229973 0.013684046702282135 0.012618337150882005 0.011596238160151654 0.0106340841636655 0.0097296267955447012 0.0088758745309406376 0.0080653790240772932 0.0072914239960672035 0.006548231885812255 0.0058309016829951911 0.0051352642263793264 0.004457750371113664 0.0037952599292512953 0.003145065310541529 0.0025047347625026259 0.0018720572397054357 0.001244984676612871 0.00062158405368546938 2.2368875568295424e-10 -0.00062158364537719276 -0.0012449843155674239 -0.0018720569326308154 -0.0025047345156403384 -0.0031450651521403835 -0.0037952598478308112 -0.0044577502613772418 -0.0051352640914831601 -0.0058309016254584319 -0.006548231917862979 -0.0072914240206001547 -0.0080653790354258455 -0.0088758745838710719 -0.0097296268801325119 -0.010634084237327399 -0.011596238213218387 -0.012618337189216499 -0.013684046728109989 -0.01471710864512709 -0.015486381272519435 -0.015507796733661823 -0.014143353805609396 -0.010909748802658775 -0.0056654018040256477 0.0014061950666776546 0.0097842343845031994 0.018455125341871548 0.025552608167035362 0.027793264925685894 0.027180392438734265 0.0011268532616702845 -0.0022294639949974196 -0.0060137252439726452 -0.0043684881273210853 0.0011694510498116994 0.0083911179591793211 0.01533350291241134 0.02059199797440885 0.02345434735675166 0.023976272407397914 0.022878431033939262 0.021076059811518062 0.019177833565419682 0.017413473915539129 0.015820750794758677 0.014380781785990695 0.013066083085458284 0.011852308854677369 0.010719960975024274 0.0096537479216224076 0.0086416118866927596 0.0076739265651084463 0.0067428722353517915 0.0058419910293446469 0.0049658389960455596 0.0041097427708966889 0.00326961843620219 0.0024418151168631498 0.0016229970412168396 0.00081004874172965421 2.690456084102847e-11 -0.00081004869416133047 -0.0016229969491954651 -0.002441814989556531 -0.00326961836094338 -0.0041097427415366025 -0.0049658389622410466 -0.0058419909854374409 -0.0067428722420703538 -0.0076739266191268316 -0.008641611952499113 -0.0096537480017684189 -0.010719961054834418 -0.011852308928229024 -0.013066083149165169 -0.014380781848445684 -0.015820750826885732 -0.017413473898032758 -0.019177833545035296 -0.021076059790597651 -0.022878430997561858 -0.023976272354241747 -0.023454347285324195 -0.020591997888559463 -0.015333502817319298 -0.0083911178746305555 -0.001169450976669733 0.0043684881873360072 0.0060137252808160633 0.0022294640096737301 -0.0011268532585570852 0.0083797418586814623 0.0051373763566875891 0.0019791221827583274 0.004706980067718405 0.011650327212734084 0.020624642152283216 0.028993396982391752 0.034478980432013008 0.036066445058053356 0.034352901305899367 0.030945157906885658 0.02730357256426446 0.024097510385656211 0.021412392427900863 0.019147801155385349 0.017196175111603432 0.015476738406045109 0.013932500047838118 0.012523150278790859 0.011219561014948136 0.010000106114885962 0.0088483095130551474 0.0077512903908624241 0.0066987437542464952 0.0056822191313031381 0.0046946310934985018 0.0037299094272981721 0.0027827201440195292 0.0018482583974320744 0.00092208556050087705 -6.0539907559709755e-11 -0.0009220856856427675 -0.0018482584295433893 -0.0027827200844331951 -0.003729909422918037 -0.0046946311483424732 -0.0056822191665824133 -0.0066987437720238789 -0.0077512904730893638 -0.008848309635775856 -0.010000106201753123 -0.011219561087655852 -0.012523150328659572 -0.013932500056325171 -0.015476738398774503 -0.017196175123071887 -0.019147801130463105 -0.021412392352961256 -0.024097510334863809 -0.0273035725201142 -0.030945157870864257 -0.034352901268718497 -0.036066445004416144 -0.034478980366973028 -0.028993396904190158 -0.020624642080124645 -0.011650327150488216 -0.0047069800116637354 -0.0019791221377505617 -0.0051373763234013577 -0.0083797418313546219 0.0077757817491160477 0.0042709973956243435 0.001276480168085163 0.005417362232643331 0.015054484360301677 0.027891729721220608 0.039924965549563846 0.04672174682854937 0.04655252054261573 0.041594013517813541 0.035354391833522014 0.029911981451376121 0.025678647732428742 0.022397468336045511 0.019768620934868454 0.017583325476089064 0.015708668712895252 0.014059148681593765 0.012577863503260556 0.011225478306951309 0.0099737811812156164 0.0088018717658207846 0.0076937905402102331 0.0066370224528638309 0.0056214840599185254 0.0046388491298943223 0.0036820774417422753 0.002745053175632907 0.0018223196717379962 0.00090887313423159864 -3.3444528559339187e-11 -0.00090887319967097413 -0.0018223196776347447 -0.002745053127973825 -0.0036820774419326387 -0.0046388491788794933 -0.0056214841027472538 -0.006637022493185033 -0.007693790605914512 -0.0088018718513940171 -0.0099737812426632984 -0.01122547832589378 -0.01257786348703652 -0.014059148636597454 -0.015708668665110323 -0.017583325451220756 -0.019768620885986819 -0.022397468269559989 -0.025678647692317102 -0.029911981415843114 -0.035354391819025263 -0.041594013504743836 -0.046552520517967946 -0.046721746800849687 -0.039924965505188703 -0.027891729673568622 -0.015054484318713958 -0.0054173622017679628 -0.001276480143024804 -0.0042709973715294447 -0.0077757817290865627 0.0031652300448275642 2.1374289785500286e-05 -0.0031395342715074912 1.1220774327081828e-05 0.0097098620272931205 0.025688775304366133 0.04341753833005757 0.053180520926934191 0.050770367293385833 0.042304851823347145 0.034225727250184718 0.028229767090330642 0.023931105390130207 0.020737140487182813 0.018236326392754219 0.016185120200224352 0.014439902254563694 0.012912309150950402 0.011545212978837089 0.010299919110624703 0.0091490916586011873 0.0080727140808321447 0.0070556427687434274 0.0060860911456663454 0.0051546215414349532 0.0042534809371483212 0.0033761417265682448 0.0025169532695614172 0.0016708882523532337 0.00083334629354600662 -6.8437505066232945e-11 -0.00083334641515802233 -0.0016708883726899845 -0.0025169533969740285 -0.0033761418742240062 -0.0042534811124196308 -0.0051546216805089294 -0.0060860912587078521 -0.0070556428775899235 -0.008072714174918642 -0.0091490917450070906 -0.010299919164235238 -0.011545213022164255 -0.012912309192479932 -0.014439902288908235 -0.016185120241355953 -0.018236326423236623 -0.020737140516708032 -0.023931105433439712 -0.028229767127389588 -0.034225727288174759 -0.042304851850696823 -0.050770367304006102 -0.053180520932816701 -0.043417538305411695 -0.025688775263265188 -0.0097098619943040369 -1.1220761462743707e-05 0.0031395342682142488 -2.1374292763771643e-05 -0.0031652300449002743 -0.00033391243983549437 -0.0031084639660977215 -0.0072336275623434013 -0.0077456845532941059 -0.0031040359034906709 0.0091784928065332255 0.030453711046363151 0.046370109917345574 0.044794184980945714 0.036260911993251578 0.029696111251689822 0.025016516014784645 0.021603642894725553 0.018988353687720807 0.016880136130477359 0.015107794284370042 0.013568826940954994 0.01219891948440956 0.010955686395969055 0.0098099019427203647 0.0087405767429640305 0.0077321083362554208 0.0067725270249745602 0.0058523976491501074 0.004964074778427357 0.0041012096160735001 0.003258405457140377 0.0024309499515958229 0.0016146194875828227 0.00080552650857798646 -8.7033464324912969e-11 -0.0008055266616191002 -0.0016146196582941575 -0.0024309501170881602 -0.0032584056071665347 -0.0041012098095289922 -0.0049640749277813237 -0.0058523977423054737 -0.0067725270789577401 -0.007732108386709932 -0.0087405768354568529 -0.0098099020189204664 -0.010955686448665309 -0.012198919513710252 -0.013568826972027321 -0.01510779431005568 -0.016880136123287735 -0.01898835368413947 -0.021603642916598317 -0.025016516045431769 -0.02969611129193421 -0.036260912034367737 -0.044794185011290524 -0.046370109930960385 -0.030453711028541046 -0.0091784927906103566 0.0031040358968238311 0.0077456845328221832 0.0072336275323025296 0.0031084639473527285 0.00033391243913828841 -0.0012625898735218741 -0.0038632368402153794 -0.0086317190949909157 -0.01155445965689177 -0.010898074977427629 -0.0032609806907919056 0.018233760781750524 0.038299349100392344 0.038785729046388787 0.031830131009228331 0.027168789691493059 0.023592918707863147 0.020787368089819638 0.018514030798087798 0.016610005426391201 0.014965408174918357 0.013508840358324477 0.012192776066635814 0.010984501025345395 0.0098606837480091011 0.0088041059903808325 0.00780167838803784 0.0068431664475485723 0.0059203715709073238 0.0050265550100666769 0.0041560519925022046 0.0033039967691235878 0.0024661019642513394 0.0016384959404272246 0.00081759442820588898 -1.1744967327799623e-10 -0.0008175946223336404 -0.0016384961281428602 -0.0024661020970427735 -0.0033039968444242441 -0.0041560521125162224 -0.0050265550983579731 -0.0059203716057451353 -0.0068431664172042533 -0.0078016783814414343 -0.008804106070401 -0.0098606838186952369 -0.010984501051841417 -0.012192776050678172 -0.013508840361519787 -0.014965408172795885 -0.01661000536974399 -0.018514030745963521 -0.020787368073020854 -0.023592918710425063 -0.027168789711575526 -0.031830131036813591 -0.038785729074122692 -0.038299349103512681 -0.018233760759349561 0.0032609806869375408 0.010898074941754571 0.011554459618806565 0.0086317190599010316 0.0038632368232487395 0.0012625898795753123
        </DataArray>
        <DataArray type="Float64" Name="reaction_force" NumberOfComponents="3" format="ascii">
          2.331359646960911e-07 -435.45764115702008 0 -4.0699678062296041e-08 -282.03808540781006 0 4.3657157222500235e-08 -241.80364056119299 0 -1.1757051947754973e-07 -224.50205806250335 0 4.7809388045456704e-10 -218.49908337105407 0 2.2521449466591302e-07 -218.61756919092474 0 -1.589451149364731e-07 -221.86438660699872 0 -1.9777324392185308e-07 -225.23916587944825 0 -5.8655831736888285e-08 -223.0647353847657 0 -9.0296664234808164e-08 -207.26925885222565 0 -5.7596273739886786e-08 -176.97788543571522 0 -2.1787818553281247e-07 -142.870374864225 0 -1.5349906933425911e-07 -114.87084287486283 0 1.4596923514594098e-07 -94.772884469626135 0 1.0459994295586236e-07 -80.66355338628 0 -5.5658061061583032e-08 -70.557966929646597 0 -1.4785551705344806e-08 -63.107447191284962 0 -5.62938281801138e-08 -57.463364209786882 0 -1.0666511032393928e-07 -53.086046694439815 0 2.0045019402510729e-07 -49.630102697989685 0 9.7028297784786963e-08 -46.863482726089451 0 -1.3736006161808861e-07 -44.628574673510691 0 1.0859935356042089e-09 -42.813996060395993 0 2.871475363254825e-07 -41.339747314061867 0 -8.5376416927620664e-08 -40.148814737325765 0 -2.4135016013185775e-07 -39.197660922368293 0 -5.5202791775567624e-08 -38.455163422723842 0 1.9730091348837622e-07 -37.898438789931703 0 -3.194385355051358e-08 -37.511613211969326 0 4.3360194080406563e-07 -37.283790486403689 0 1.5850782894522166e-07 -37.208502598009545 0 1.7974970755055328e-07 -37.283790421462093 0 1.8426970956691073e-07 -37.511613194918894 0 1.0703626048675366e-07 -37.898438703217259 0 -6.3004090425545947e-08 -38.455163391237477 0 -4.404305684300377e-07 -39.197660717581449 0 -3.5249501929261229e-07 -40.148814786300164 0 -1.2987928864096389e-07 -41.339747467065976 0 -7.5953980720887838e-08 -42.813996105392718 0 4.4489965099496701e-08 -44.62857457774205 0 -4.1236718090077001e-08 -46.863482706759584 0 2.2760608601980083e-07 -49.63010276100669 0 2.4227565884444002e-07 -53.086046692641865 0 -9.0003874081791191e-08 -57.463364103151306 0 -8.9774945684266442e-08 -63.107447264689498 0 5.7758097756128446e-08 -70.557966974429974 0 -5.5199539931838607e-08 -80.663553471593133 0 2.0343162926888531e-07 -94.772884468781541 0 1.1189244522183187e-07 -114.87084294356748 0 6.2770536798685204e-08 -142.8703749726611 0 3.0597476714691063e-08 -176.97788548091205 0 8.2487756642567855e-08 -207.26925890058058 0 -5.4459345498741052e-08 -223.0647353938902 0 7.3320689009669538e-08 -225.23916594125538 0 -9.5035984785837609e-08 -221.8643866895826 0 -1.0659681559365192e-07 -218.61756920002213 0 1.0164590220226959e-09 -218.49908344141852 0 -1.4738818322871737e-07 -224.50205823190646 0 -2.896820265733307e-09 -241.80364060726788 0 1.273340607514887e-08 -282.03808555929413 0 -6.3390094012927097e-08 -435.45764122613781 0 1.031863348578894e-07 -6.4628321832968734e-08 0 -4.9683449451582834e-08 2.1894143831955599e-08 0 -3.4653147801440423e-08 2.2034054035906479e-08 0 -1.457611527546388e-07 6.9460824722238777e-09 0 -1.3316184136397269e-07 3.5537562353130626e-08 0 7.8102448258767696e-08 -8.4698630536332081e-08 0 1.1625838442288931e-08 5.159646203830968e-09 0 -2.9565580743159021e-07 1.7620055186283457e-07 0 -1.5177104128490978e-07 -8.777566892615156e-08 0 -1.407997290902465e-07 -1.9333956291066271e-08 0 5.8968248771540833e-08 8.2935069310910557e-08 0 -2.5407228003364707e-07 2.0255331403454423e-07 0 -2.7013674422303359e-08 3.969866907009829e-08 0 1.744860839409211e-07 -1.2700199770877322e-07 0 5.5821587768334004e-08 6.5511896123911245e-09 0 -1.9171341839814545e-07 5.4202617722581043e-08 0 2.3890179398637669e-07 2.5350682630229507e-09 0 -4.2348611685024326e-08 -4.5617649184938609e-07 0 8.3210629033450463e-08 -7.1100023815587933e-08 0 2.6261296656659549e-07 3.7517166949689421e-07 0 -4.5933263275834642e-07 -1.0383360350728978e-07 0 -6.5474203587954501e-07 -4.1931597469988816e-07 0 -3.0477211640851859e-07 -1.0257493161848371e-08 0 1.1950706383751346e-06 3.5503947324579417e-07 0 2.7688482982117279e-07 -3.5627130622170218e-08 0 -4.1293909957248146e-08 -8.2941730475257801e-07 0 2.5429914192044217e-07 -1.9796106985924345e-07 0 -6.8663815041390294e-08 -2.0485752812650771e-07 0 -1.45796738472131e-07 -1.4514260694288883e-07 0 -2.2401925247138691e-07 -5.3920641265794791e-07 0 -2.6229149360244352e-07 -1.07958046792391e-07 0 -2.4138471769475296e-07 -2.668115533152363e-07 0 7.2854735200313754e-08 -3.4708603817615069e-08 0 -8.8744751743278639e-08 1.5041319755227444e-07 0 3.5665388156071866e-07 -5.4164974433571669e-08 0 3.8245838551654008e-07 1.2473768066726788e-07 0 2.3600590409339891e-08 -3.3506655435075207e-08 0 -3.3185132177280976e-08 -3.4116324669603311e-08 0 -2.3843038038716426e-07 -2.7231705584004017e-09 0 8.5416351754353267e-08 2.4590742044874129e-07 0 8.2009684553989759e-08 9.7104614275797393e-08 0 5.5031895973089326e-08 2.460101668591005e-07 0 -2.3953134781004127e-09 1.4110455091825979e-07 0 -2.4201672129051595e-07 1.5276386930930825e-07 0 -1.0980576961385642e-07 2.2931440918360751e-08 0 2.4814806286997674e-08 7.526215762697706e-08 0 9.344500655895995e-08 -5.2259447445666238e-08 0 6.2283449090734189e-09 -1.2651957312616016e-08 0 4.7379370395606032e-08 -2.439587836252304e-08 0 2.8726376746699134e-07 1.5804660740938883e-08 0 -1.4157634104180146e-07 -3.7427941687370407e-08 0 1.6556985463290849e-07 -1.094792784486116e-07 0 3.7908174854138905e-08 -5.5883839650711498e-09 0 2.802956890089918e-07 1.1137361402614014e-07 0 -5.155408314198932e-08 -1.9877038625408261e-08 0 7.6237388963732317e-08 1.6612000638224218e-08 0 3.2060804861048797e-08 9.1431380803679242e-09 0 -7.7687521055825146e-08 -5.2353494084687377e-08 0 -3.23967872742852e-08 1.5799106764006376e-07 0 -1.1731255522385899e-07 -5.1965911529055864e-08 0 6.8626496940534394e-08 4.7475469197340757e-08 0 5.8359085462726625e-08 -2.2835185577758551e-08 0 2.4442972721515162e-08 1.4064417131297221e-08 0 1.9477702295740391e-07 -1.232134818080764e-08 0 3.4159325386440726e-08 -6.6769364865914917e-08 0 -4.5048796345004721e-08 1.185892349061923e-08 0 -3.713595670631649e-08 -9.9503072986318725e-08 0 -4.6420816576135462e-08 -8.0262745654313364e-09 0 -9.2110577287753911e-08 -5.0383811084027666e-08 0 -3.9294545009842324e-08 5.0944551396504702e-08 0 1.7740829080665376e-07 3.8738779117791604e-08 0 4.1083032020253684e-08 2.5790872934301582e-08 0 -1.3233601229557156e-07 -9.4315328242437816e-08 0 1.7994702068276288e-07 -7.3690034371346402e-08 0 4.2767162676097206e-07 6.8039441276806873e-09 0 -8.8498024100745914e-09 -5.1845519767142612e-09 0 -7.3215394288670533e-08 3.8931502262699064e-08 0 2.9478071927558818e-08 -1.8510775145648636e-08 0 1.5313664883915284e-07 -1.0547623756900523e-07 0 -8.6358504795768303e-08 -1.1827871130860273e-08 0 8.3927366359246124e-07 3.5016931760178443e-07 0 -9.3522736892488724e-08 2.1120314194674966e-08 0 -3.0682130017932486e-08 -3.5964919974559946e-07 0 -6.6836009691631806e-08 3.169522645926309e-08 0 5.3959629148855556e-07 2.6490163057850914e-07 0 5.6917359876041408e-08 -6.8314011544805211e-08 0 -7.2331544391371744e-09 -4.3312282399853657e-07 0 5.9564617217560933e-08 5.3007889948840405e-09 0 4.792647022164855e-07 -2.0388785001741541e-07 0 3.9395252385853171e-09 -1.4035208244976835e-07 0 -3.8071564213163099e-07 -3.1522306154104883e-07 0 1.7062747452661836e-07 -7.4697857988720247e-09 0 6.257837094303609e-09 -3.4199101203046297e-09 0 -1.3623648768825455e-07 1.6856811132593839e-08 0 -3.8141495382377633e-07 1.1538000241396035e-07 0 -1.9905758833995852e-07 3.172708736573294e-08 0 -5.2377739601938737e-08 1.2492812292833925e-07 0 2.821149113127468e-08 -3.7988080461984331e-08 0 -1.5596961317465836e-07 2.553262502374872e-08 0 -4.1270963337877873e-08 5.990911750039754e-09 0 -1.953966108986802e-07 2.4601691489216202e-07 0 -1.7149001505472612e-07 3.9423208967642573e-08 0 -3.6515387428341281e-07 1.4931648481424893e-07 0 -3.4932359192211837e-09 6.8103731614943712e-08 0 -2.731687324103952e-07 7.2329955447422717e-08 0 1.9374640379243571e-08 6.1795759129344491e-08 0 -2.8071272673309391e-07 -5.2480063402994481e-08 0 1.3099086383416166e-07 5.7544837984498587e-08 0 -6.3318140634068393e-08 6.4357940259458692e-08 0 1.1425938919352365e-07 -1.4961643486021322e-08 0 2.7946136085359729e-07 3.6134879878942607e-08 0 -6.3349393283970208e-08 1.8884804162212792e-08 0 -3.5150636714465572e-08 1.1830439464893793e-07 0 3.1473235311058502e-08 1.9843876754934743e-08 0 7.1710508838707396e-08 -4.9073610120679062e-08 0 2.6010317294377124e-08 2.0415961162455456e-09 0 7.3151901315726519e-08 1.756307961413861e-08 0 -3.7773368158698367e-09 -6.4314378226450074e-08 0 -7.3543128157137502e-08 3.7318136270869557e-08 0 -8.7267957767753324e-08 -7.6555856163921741e-08 0 -5.9764838005590881e-08 4.6956499835308281e-08 0 7.7977341435840555e-08 5.179920168300746e-08 0 8.2673361999062511e-08 -3.6603257171900022e-08 0 6.8583698214969356e-08 4.6734257456572744e-09 0 6.1068056364236879e-08 -5.1974176011220066e-08 0 8.4120138082910244e-08 -2.0306863525493778e-08 0 -1.4138381164461015e-08 1.0756715422783286e-08 0 -6.7879844493069445e-08 -1.1330412688589886e-08 0 4.7362300320967459e-08 -7.8668147762166143e-09 0 7.4985048997851513e-08 -1.949889205980583e-08 0 -1.6132333887568032e-07 2.1292927149193575e-08 0 4.4882453520507391e-08 3.4046133095100828e-08 0 -2.4514760146674486e-09 -3.9737425329455e-08 0 -2.3341253434498969e-07 4.5385150805339341e-09 0 1.8419477646790194e-08 -3.8958351836015345e-08 0 6.1193342006655648e-08 7.3692478869341872e-08 0 -3.7383447674863791e-08 1.80906388545143e-08 0 -6.7275026625400953e-08 2.5349184403617645e-08 0 4.4070722903932321e-08 -8.5652706655566508e-08 0 1.5504546647215228e-07 1.2148597145947652e-08 0 1.0309461369137512e-07 -6.3070779877464236e-08 0 8.0014386204659454e-08 -4.3378327529066131e-08 0 2.0187558376550523e-07 -1.0279033911800833e-07 0 1.2360375316334451e-07 6.1652620390383325e-08 0 1.0923951498962694e-07 -1.3958521035260069e-07 0 -2.564249026057114e-08 4.0544790665782479e-09 0 2.2714543244429643e-07 -6.3537623103624428e-08 0 -2.6058474052206469e-07 -4.0891048708752773e-09 0 2.2851318229601295e-07 -1.9189331606251084e-07 0 1.8346053855096295e-07 -3.4661052060991969e-08 0 1.8060219023001979e-09 3.4200911698096426e-07 0 -2.7780602440631133e-07 7.9501868359166458e-08 0 3.3399742784700413e-08 -1.7646421320649373e-07 0 -2.5141002231395316e-07 7.0979920918022307e-08 0 -2.0111210098278075e-07 5.7655501191368202e-08 0 -3.1504498605733077e-07 7.3137094290169372e-08 0 -8.4822184737217544e-08 3.9929096419813508e-08 0 -6.659024999406252e-08 -3.7909915099957011e-08 0 1.4841530370969255e-07 -5.0775358744850232e-08 0 1.8930928193471119e-08 1.2834675430549129e-07 0 -5.5637349467916263e-07 1.6600045118228699e-07 0 6.1421708962354529e-08 2.1944928962593655e-08 0 1.9395549319011814e-08 1.3745610580427051e-07 0 -2.4136822149548257e-07 2.6920585077925307e-08 0 -1.3786365891050412e-07 -1.6611490415638549e-09 0 -5.1891898213130152e-08 4.2608931677163721e-08 0 1.0911198147082009e-07 -8.0460054376828446e-08 0 -6.1792459014771883e-08 6.2841607085979156e-08 0 1.1110467130796456e-07 -1.1845639483954885e-07 0 -2.9473125390638887e-07 -2.4261490225440452e-10 0 3.5052931646863613e-07 9.4402507650942822e-08 0 -7.7736572686856859e-08 -3.8557793430098539e-08 0 -3.6564111322054389e-08 2.4457122383265663e-09 0 4.2905684486264938e-08 1.0332781477190325e-08 0 9.3126243919720415e-09 4.3689712488554777e-08 0 -1.4595615811751579e-07 -6.9347561739582492e-08 0 4.5367632434500342e-08 1.3324341753422272e-08 0 4.6363651236413568e-08 3.0214946232982618e-08 0 -3.6003915767717947e-09 3.883212348069869e-09 0 8.8561139948677532e-08 3.1665564369272173e-08 0 4.2722862292363415e-08 -3.4668828299977257e-08 0 7.0487605774243898e-08 -7.1845870298397569e-08 0 1.1679236328724951e-08 -4.922380116784211e-08 0 5.3656908587879782e-08 1.1173784449957044e-08 0 -4.257015563988923e-08 -2.9473627596180927e-09 0 -6.2877521485460814e-09 -4.7199927672290493e-08 0 -2.5740859959098262e-08 -3.1977918956556449e-08 0 -7.6414926898898283e-09 1.0563882202245537e-09 0 -4.7134531105008922e-08 -5.230643067701387e-08 0 -1.8434558315035529e-08 -9.9802841257092369e-09 0 4.2037955591618253e-09 -3.752780629412621e-08 0 -4.9699304026994852e-08 2.3957513416764379e-08 0 -4.6407244544329006e-08 3.0311379254651579e-08 0 -1.5320649537277001e-07 -4.4683453120604673e-08 0 -1.2753892590104353e-07 1.9501079737900715e-08 0 1.2761081309082896e-07 -3.3375851160666416e-08 0 -1.3545346634192532e-07 4.086531437569696e-08 0 -8.9064326771028364e-08 1.6658781583367833e-07 0 2.9327295037135827e-08 -1.066738820259782e-07 0 2.8288272321747548e-08 4.0590722626875591e-08 0 2.5267442608528707e-07 1.5585227922763698e-08 0 1.1774547238781798e-07 2.5525669389965587e-07 0 -2.3123794318718662e-08 -2.3878855082320325e-08 0 3.1146177103661827e-07 1.6016590650448412e-07 0 2.5676838141365356e-07 4.7155847818092872e-08 0 5.1656772595983331e-08 -9.5807587983861092e-08 0 1.2680509105734356e-07 -3.2288654865976451e-09 0 1.6655509012816125e-07 2.6764564630446648e-08 0 -8.7641138096680071e-08 3.0505726461185419e-08 0 1.4406636130287683e-07 -1.9211297290594192e-07 0 3.5341434043025669e-07 -7.2050778438840117e-09 0 -7.9689861458174731e-07 6.7047503080001132e-07 0 1.166396702095965e-07 5.0591875770356743e-08 0 8.9271481144774859e-07 -6.6140471004571391e-07 0 -5.4657099670294387e-08 3.5390899669207631e-08 0 -1.3377439287797772e-07 2.2960014421513479e-07 0 2.8599536890752595e-07 -7.1481106048528255e-08 0 -2.0526617572703332e-07 -2.2997081059143288e-08 0 -2.4313501865350564e-07 7.0256715516546582e-08 0 -3.1661471120911752e-07 -2.0370829800094427e-07 0 -2.5045594767804597e-09 -3.0390344824030451e-08 0 -3.3476371318645565e-07 1.2602569700764006e-07 0 -8.7363062575853006e-08 -2.1537686324289591e-08 0 4.5433267729012362e-08 -4.1120906245987657e-08 0 -3.0206664874725651e-07 3.4852848818509052e-08 0 -3.0022206120973551e-07 1.1183493735526521e-07 0 2.4973602928703178e-07 -1.578987160270804e-08 0 -2.0953701904071512e-07 -2.8355396872696072e-08 0 2.1033337052272423e-07 3.3938122620033519e-08 0 5.472192162550397e-08 -1.4137708684166371e-07 0 1.2812486439208994e-07 8.2999749973688121e-08 0 1.1497690283528587e-07 6.9972305147989157e-08 0 8.4829237059366433e-08 1.3126422272457255e-08 0 -9.3836039208084446e-08 1.6008594153561492e-08 0 -1.1855231891841318e-08 -8.7207048469922424e-09 0 7.5736046028575165e-08 2.3286959555167124e-08 0 -1.0070348833716939e-07 -6.5869766152772045e-08 0 4.0459548331532429e-08 4.1107923437188623e-08 0 -2.5809072798559455e-08 9.5816230237164278e-08 0 2.974972937690052e-08 2.9118436259419149e-08 0 -4.3694122160936465e-08 1.9676494529792835e-09 0 -9.4691823176847398e-09 -9.2757975277885683e-09 0 8.9050399726557491e-08 -1.9926104029154483e-08 0 4.2733447671236563e-08 -2.5356713328183797e-08 0 2.3710144723930987e-08 -3.8488301873249186e-08 0 6.6712239675938736e-09 -4.4156356552639403e-08 0 -3.9685302643658885e-08 5.6309993236778035e-08 0 7.9727304569383132e-08 -1.7372546915554575e-09 0 -5.8286972634867541e-08 2.9784165748936708e-10 0 1.4486274709180666e-08 -1.8726538053961535e-08 0 -1.3775094418018883e-08 -1.2696204212644037e-08 0 1.3710766270687935e-09 -7.93010220475838e-08 0 -2.5836912088527811e-08 -5.4965512925034783e-08 0 5.4454820527090891e-08 5.2987538495398597e-08 0 -4.1080508142033566e-08 -4.1474941045597395e-08 0 -3.0915437666369898e-08 1.868239130528515e-08 0 -1.882445556728712e-07 3.6668091784617499e-08 0 9.0424795032068798e-09 7.0993976226864844e-09 0 -9.0625139138740788e-08 1.0068778751272178e-07 0 -1.5040403602996374e-07 3.6295225784632557e-08 0 7.834811101950165e-08 1.5164497339977873e-07 0 1.8123917388398052e-07 6.2137882910828669e-08 0 -1.7625330998652638e-07 3.2891986410996943e-07 0 4.1462712525241914e-08 1.2116906366506368e-07 0 4.5501353534989307e-08 2.4670626535157375e-07 0 -1.4898212218783268e-07 2.8416775577284191e-08 0 -4.336401272917914e-08 1.1095457055726608e-08 0 9.0495358167805928e-08 -2.3851008784347151e-08 0 9.8184791520548239e-08 -4.6582986051917339e-08 0 1.7542665252518346e-07 -1.2790114796947766e-08 0 -4.2668342775128511e-08 -4.1159944721819423e-08 0 -8.9773477748194899e-08 -7.3167070460802757e-08 0 -3.4409613709616035e-07 -1.3364149823829258e-07 0 -5.4628740452547901e-08 2.1852215875178153e-08 0 -1.5958991228141035e-07 3.0339902456216658e-08 0 8.5917692861669898e-08 9.0363267750896126e-08 0 6.2157247722517385e-08 -4.1993234613344693e-07 0 -1.2473895548171772e-08 1.4428116382431082e-08 0 -1.2980635564065635e-08 1.2717173225826019e-07 0 3.4726220316529033e-08 1.419547150790336e-08 0 -2.9954725418036337e-08 -4.8080103389977735e-08 0 -1.8463051467595285e-07 4.2006107528674744e-08 0 2.8235287169950921e-07 3.5800228161524322e-08 0 -1.7057353728909658e-08 1.1421372788287966e-08 0 5.3619268714242942e-08 1.3692204883549146e-07 0 6.1941738735998352e-08 -3.824051009709732e-08 0 1.6596755948370928e-08 8.0839179421904108e-08 0 -8.5427184174090569e-09 -4.6535059406288189e-08 0 -1.3402108378925679e-07 1.4651409340656068e-07 0 -1.301119905034689e-07 1.2654975330176302e-08 0 -1.2009758313032152e-07 -1.4826224566362093e-07 0 4.5802208968263938e-08 3.5199309323537223e-08 0 -9.0958007170141733e-08 -9.1767802191006844e-08 0 -3.19904603534086e-08 -1.6903343399963299e-08 0 -3.7571596047354135e-08 4.5049185957951943e-08 0 2.3795170157818815e-08 3.7399076608550987e-08 0 8.2732657085805288e-08 7.5817667808899571e-08 0 -6.1769345740807097e-08 -3.0890069760711938e-08 0 3.701414712660626e-08 5.4797723123728935e-09 0 5.838976086911078e-08 1.4049325013092234e-08 0 8.5757962207125086e-08 3.274721005454097e-08 0 1.4037854177926523e-08 -8.1972215294547734e-09 0 1.8750622058581185e-08 5.7767139226105809e-09 0 2.5858546761244141e-08 2.5734562989384961e-08 0 8.2333069584255983e-09 5.3265608293821065e-09 0 -1.3237222179264969e-08 5.099304386939546e-08 0 2.5202928458757254e-08 -3.9294524703295853e-08 0 -7.346906314015936e-08 -2.0864645231828594e-08 0 6.0138079951937476e-08 -1.0583106626746056e-07 0 -1.38803651239057e-07 -3.5982630618896223e-08 0 4.9901311192256641e-08 -1.1056257904620351e-07 0 -1.4334919218966497e-08 -1.0329024315056605e-08 0 -2.7542639451804047e-08 1.8527565662482639e-08 0 3.0355722200853119e-08 -5.4827890979837884e-08 0 -1.766307299750491e-08 2.7434960784737983e-08 0 4.582900270472813e-08 -3.7715689797856737e-08 0 6.9085666035639588e-10 -3.8070802529360483e-09 0 -6.6401585791597584e-08 2.3003319895866564e-08 0 2.2920967062741031e-08 6.3903360478429655e-08 0 1.878091470705445e-08 -4.4815482317483846e-08 0 2.0686502804373587e-07 -1.2848062750122095e-08 0 3.4026872792170726e-08 5.8706803534881081e-08 0 -5.7874493497174678e-08 4.0119558317228473e-08 0 7.5217279621725609e-08 3.1492909212003e-08 0 5.7950452988103232e-08 -2.2446633791601935e-08 0 -6.428526428992359e-08 1.0807579261377894e-07 0 -1.5030166373866783e-07 4.5712934332581146e-08 0 4.1363504403716563e-10 4.1701250649961624e-08 0 -1.5760883054819746e-07 -1.3821647030639866e-08 0 -1.9717459856523524e-07 1.175604758772936e-07 0 -5.9865472891740304e-08 -2.8317988923149533e-08 0 -2.0037705092736075e-07 -6.1903250030475255e-08 0 7.6829933471368808e-08 -8.179154441852947e-10 0 1.1510815131540861e-07 -1.1274510957102252e-07 0 -2.7101008140514168e-08 5.4652930078494772e-08 0 -4.8048110380703944e-08 3.1417669217984009e-08 0 5.4475750093793524e-08 -5.3928258338304305e-08 0 -1.0511968373903793e-07 3.4356194925535222e-08 0 2.1687154330851668e-08 -7.5353956870203415e-08 0 -1.3446605995150089e-07 4.6920834615222761e-08 0 -3.0501754449903282e-08 -4.8759883392711778e-08 0 -9.7459023072503311e-08 2.1449299886253159e-08 0 -7.4189050657631126e-08 -2.8442649356994347e-08 0 1.2417359555819362e-07 -2.2542005798447647e-09 0 1.1879117176157204e-07 1.8202050525495097e-08 0 6.3788698278972954e-08 2.4023707659548375e-08 0 1.2063872666044698e-07 -1.0026426171816642e-07 0 7.8209229173759574e-09 1.481192134960126e-07 0 -2.380296134756924e-07 -3.9049191786423385e-08 0 7.4634256176666238e-08 -2.818613849925105e-09 0 3.597791294570204e-08 -4.451231502369756e-08 0 -1.2515793856366205e-07 -8.6188276179799643e-08 0 6.8277989547158665e-08 5.2705886364713103e-08 0 -8.4855508993156299e-08 5.7338591235730037e-08 0 5.4532032827198831e-09 -3.0673836744267642e-08 0 2.0153426027366799e-08 -1.8458609986948223e-08 0 -8.9016343588879865e-08 -3.8686736145971242e-08 0 8.5507236914708062e-09 3.8237823359788204e-08 0 2.3223764296584164e-08 5.2745671457666194e-08 0 -4.8409741351799215e-08 4.1791549063106098e-08 0 6.4280965957441783e-08 -1.9807126298146598e-08 0 8.1494700423563193e-08 1.5836706902755017e-08 0 1.0787621424933514e-08 6.6724484568614638e-08 0 -2.8585891188806963e-08 -1.3708602183386408e-08 0 -5.6900750226944546e-08 -1.4718030857627473e-08 0 -1.1868220920961376e-09 1.5797933303994836e-08 0 -5.6063522395444996e-09 6.3138983940377171e-09 0 -3.5342689656818568e-08 8.7864576421237634e-08 0 3.7836738548712191e-08 -2.7409740894906e-08 0 2.1408048594540804e-08 -4.0789075546146234e-08 0 -9.8743501197465671e-08 -2.3592404098195987e-08 0 -8.7778295738757581e-09 2.8602314073806604e-08 0 5.0740646030185624e-08 9.4046414917935918e-08 0 -5.6464317880792035e-08 -1.2653637527901061e-08 0 4.4867745753006351e-08 -4.4684513398256978e-08 0 3.2122007046498575e-08 8.9065769111390911e-09 0 7.2877232579676427e-08 -2.455530089188984e-08 0 5.7410319572984578e-08 6.4709557034536441e-08 0 8.1337740856980443e-08 -3.262596905694833e-09 0 -8.8286731964705403e-08 6.6647988928017544e-09 0 7.6197450541915396e-08 -1.4553119587395835e-08 0 -1.7679153289160655e-08 6.3629931797639355e-08 0 2.353278500936661e-08 -5.9130756064673742e-08 0 -5.4777430719047546e-08 1.116118286241475e-07 0 5.1712689526597741e-08 -3.9477483593710514e-08 0 2.5809831793723651e-08 2.9077847845579037e-08 0 1.2697135476663263e-07 -7.1863954445089792e-09 0 7.1104795984496083e-08 -1.5390080407930846e-08 0 -1.4768687671064267e-09 -3.6337874929395311e-08 0 1.4451910684967028e-07 -5.8249291111933178e-08 0 -2.7257423995411245e-08 2.5059162094348096e-07 0 1.1095983397700191e-07 2.9103147039119925e-08 0 -2.5009825263490525e-07 1.6592170120440778e-08 0 5.6192471487545414e-08 6.7692941223659083e-08 0 -8.3562824035102516e-08 5.4048476947202231e-08 0 6.4906094543613155e-08 8.043662396728369e-08 0 -6.6205309106027666e-08 -1.4815144609063429e-07 0 5.9934740452251799e-08 1.5917926336659376e-08 0 -4.6284513458470804e-08 -1.2091837223376614e-09 0 -5.7551001562709306e-07 -1.8854235060932367e-08 0 -3.1919558375276963e-08 3.7535368941180775e-08 0 6.1294789406627162e-07 7.319594277902011e-08 0 -2.2659377175153865e-07 -6.2666846499627809e-08 0 -9.6485286476345017e-08 -1.0485031018946212e-07 0 -4.4095105538830706e-07 -2.0076184097836433e-07 0 3.5749782157313055e-07 5.8542172813580874e-08 0 -8.8426299663930708e-08 1.3447719089560175e-08 0 -3.5727883453543772e-08 -3.4466345846894087e-08 0 -7.0754555153054884e-08 -8.0943203701549434e-08 0 -3.4373973415913276e-08 3.3577344675812808e-08 0 3.4352569985490842e-07 6.0888886982067357e-08 0 1.5001996225977799e-08 -1.5421612055570797e-08 0 8.2643759164759179e-08 -6.2384638799720639e-09 0 1.7905067891229708e-07 4.1996685884900406e-08 0 -3.5574214572247578e-08 1.6385863024245314e-09 0 -2.1975834729282858e-08 -7.3498108498329873e-08 0 5.4760191230041026e-08 2.690923907454867e-08 0 1.5136453002174105e-08 -9.9687231903969564e-08 0 -2.1271129679098581e-08 2.1166490978838818e-08 0 8.0875533737767499e-08 6.8475775925788352e-08 0 -1.7739035512695658e-08 -4.3678329148819341e-09 0 2.8328115080303399e-08 6.5788745663590118e-08 0 5.7421069075762095e-08 6.041698897616631e-08 0 -1.9078619303659885e-08 -1.3721673888972424e-08 0 -1.8737718394248476e-08 8.514478054800502e-08 0 -1.4861886250160473e-08 -1.4424889850277425e-08 0 7.823530841354958e-09 1.0765803128090541e-08 0 -2.5231215654016861e-08 -4.4404431004536773e-09 0 -3.1422365050876884e-08 -1.5493424121443059e-08 0 1.4237878227872098e-08 -1.6213820686432093e-08 0 -1.3086476782247742e-08 -1.7007505280967311e-09 0 2.8755016838343686e-08 1.644040265986693e-09 0 2.4921077818300782e-08 1.1647322647592416e-08 0 1.6043160487004685e-08 -9.0878078395917328e-09 0 -3.6493259424295328e-08 -1.6262760027530021e-08 0 -8.3727915421951577e-09 1.2390614756441209e-08 0 5.194153061367214e-08 3.3110154618043453e-09 0 -1.69278672386396e-08 2.6489090032555396e-08 0 6.0412650069765247e-08 -1.5225168681354262e-08 0 -4.5175273751610878e-08 3.1570891678711632e-08 0 5.5470686108691925e-09 6.1156981701060431e-09 0 -8.6370116993768272e-08 2.2624220719080768e-08 0 -9.8248297656268871e-08 1.3328190107131377e-08 0 -2.9435995553620809e-08 -4.4944670207769377e-09 0 -1.5096292569594431e-07 1.0592799526421004e-08 0 -3.9837485697862981e-08 -6.5643916968838312e-09 0 8.5165161829538233e-08 1.5616024029441178e-09 0 -1.1760815925149165e-07 4.4128398712928174e-09 0 7.6534188627433021e-08 -7.6317064667819068e-08 0 -2.3752482803779314e-08 -1.7770403815120517e-08 0 4.8227532511982186e-08 -9.7316060987395758e-08 0 2.5601738949178029e-08 -7.158973858167883e-09 0 3.5745077726286417e-08 -1.6019143345147313e-08 0 -5.9073605461000428e-08 -4.8175351707868685e-08 0 -5.3678007884433156e-08 3.8053613593547198e-08 0 9.6871185191341755e-09 -1.1045386827390757e-08 0 -1.9086390997587731e-08 6.8804624220319965e-08 0 5.4889628909719823e-07 3.2035472941061016e-08 0 8.8375297918865127e-08 4.945005116496759e-08 0 -5.4167019156187675e-08 1.5406371289827803e-07 0 -8.4845356429731927e-07 -1.1237438002353883e-07 0 -3.1121875453344079e-08 2.3255495307239471e-09 0 1.9893292655690841e-07 -3.2185027976083802e-09 0 4.0295054053688865e-07 2.5938334147213027e-08 0 2.66874818391114e-08 -6.4478811623303045e-08 0 -9.0784748601374672e-07 -1.0042612075267243e-07 0 6.2185330763816612e-07 8.2502467080303177e-08 0 4.248356682561773e-08 2.4326610059688392e-08 0 -1.6781698060944479e-07 -1.8122989331459394e-08 0 2.6579024040772574e-07 -3.4616448374436004e-08 0 5.9539518931458721e-08 6.0325078266032506e-10 0 1.7138866957368061e-07 2.1654216197930509e-08 0 5.5945052005866768e-08 -6.0802790358138736e-08 0 -1.3217096520888391e-08 -5.644068323817919e-08 0 7.7845804321193118e-08 3.0259741379268235e-09 0 5.0164405857348742e-08 4.2691624457802391e-08 0 -7.8602511168745651e-09 1.9531398720573634e-08 0 5.2592063348482678e-08 -1.4277929949457757e-08 0 5.7807023525988601e-08 1.2900216006528353e-08 0 -6.3205704283734319e-09 -1.1791598808486015e-09 0 6.8632503310652219e-08 1.6896478882699739e-08 0 -6.4279901819507982e-09 -4.3911967395615648e-09 0 4.6153326870870527e-08 1.0093609022940999e-08 0 3.0652518836584493e-08 8.688473530316034e-09 0 -1.2442167480134069e-09 -1.8580770411548906e-08 0 -1.4624666801929182e-08 -1.8246329419698257e-08 0 5.808019780572695e-09 -2.4038597679125492e-08 0 1.2041558440944283e-08 4.699276320803695e-09 0
        </DataArray>
        <DataArray type="Float64" Name="reaction_force_magnitude" format="ascii">
          435.45764115702008 282.03808540781006 241.80364056119299 224.50205806250335 218.49908337105407 218.61756919092474 221.86438660699872 225.23916587944825 223.0647353847657 207.26925885222565 176.97788543571522 142.870374864225 114.87084287486283 94.772884469626135 80.66355338628 70.557966929646597 63.107447191284962 57.463364209786882 53.086046694439815 49.630102697989685 46.863482726089451 44.628574673510691 42.813996060395993 41.339747314061867 40.148814737325765 39.197660922368293 38.455163422723842 37.898438789931703 37.511613211969326 37.283790486403689 37.208502598009545 37.283790421462093 37.511613194918894 37.898438703217259 38.455163391237477 39.197660717581449 40.148814786300164 41.339747467065976 42.813996105392718 44.62857457774205 46.863482706759584 49.63010276100669 53.086046692641865 57.463364103151306 63.107447264689498 70.557966974429974 80.663553471593133 94.772884468781541 114.87084294356748 142.8703749726611 176.97788548091205 207.26925890058058 223.0647353938902 225.23916594125538 221.8643866895826 218.61756920002213 218.49908344141852 224.50205823190646 241.80364060726788 282.03808555929413 435.45764122613781 1.2175483433667125e-07 5.4293633913584619e-08 4.1065072626329567e-08 1.4592656274329249e-07 1.3782232886381828e-07 1.1521219743908875e-07 1.2719358019763043e-08 3.4417871948276088e-07 1.7532546029638468e-07 1.4212095404180086e-07 1.0176187933007068e-07 3.2493163666819622e-07 4.8017943851558087e-08 2.1581218897703021e-07 5.6204695055798657e-08 1.9922840801924465e-07 2.3891524384393596e-07 4.581379668043918e-07 1.0944963303145278e-07 4.5795125483177205e-07 4.7092237654843184e-07 7.7750435380530745e-07 3.0494468204265009e-07 1.2466943724381701e-06 2.7916751498243668e-07 8.304446112911975e-07 3.2226796111510908e-07 2.1605861780114478e-07 2.0572570403157909e-07 5.8389055560891904e-07 2.8364020780458604e-07 3.5979853657159971e-07 8.0700059603918507e-08 1.7464180759450384e-07 3.6074344857213497e-07 4.0228585064623846e-07 4.0983945955877419e-08 4.7593871523394613e-08 2.3844593087209096e-07 2.6031982747915579e-07 1.271019058641384e-07 2.5209028496242255e-07 1.4112488021784867e-07 2.8619729759479331e-07 1.1217467638947564e-07 7.9247504577299855e-08 1.0706548976271683e-07 1.410192554747892e-08 5.3291309049065866e-08 2.8769820889339204e-07 1.4644012824952619e-07 1.9849203805893847e-07 3.8317877761079534e-08 3.0161192811006178e-07 5.5253236585082682e-08 7.8026265072805931e-08 3.3339048911073099e-08 9.3681584479953542e-08 1.6127842161846231e-07 1.2830702075177581e-07 8.3447685754829814e-08 6.2667603723267595e-08 2.820047419296103e-08 1.9516635030952886e-07 7.5000050636345617e-08 4.6583560603393887e-08 1.0620706574524165e-07 4.710958814291315e-08 1.0498993698271409e-07 6.4338235789626939e-08 1.8158853117549932e-07 4.8507573085967511e-08 1.6250600386377254e-07 1.9445089719066071e-07 4.2772574623474418e-07 1.0256635993180894e-08 8.2922589378745474e-08 3.4808124354223603e-08 1.8594641676945335e-07 8.7164728451644789e-08 9.0939476213007258e-07 9.5877891025738878e-08 3.6095559280898721e-07 7.397053177991808e-08 6.0111316045429843e-07 8.8917883626425719e-08 4.3318321665504042e-07 5.9800016624101709e-08 5.2083098042971738e-07 1.4040736058729977e-07 4.9427722857826659e-07 1.7079090363134924e-07 7.131361043293507e-09 1.3727538985263117e-07 3.9848451909382741e-07 2.0157016532322744e-07 1.3546388265588265e-07 4.73178876222955e-08 1.5804567433009966e-07 4.1703518298019218e-08 3.1417217885062249e-07 1.7596310598752401e-07 3.9450318698518811e-07 6.8193261815722084e-08 2.8258233989711435e-07 6.476181387358586e-08 2.8557624551896986e-07 1.4307345940698461e-07 9.0283616497101614e-08 1.1523479854054466e-07 2.8178783109639447e-07 6.6104322534099534e-08 1.2341595137859607e-07 3.7206773383488913e-08 8.6894282252532286e-08 2.6090318519635641e-08 7.5230727974932973e-08 6.4425208731329699e-08 8.2469600422630532e-08 1.1608830934226518e-07 7.6004925752334151e-08 9.3614224733202478e-08 9.0413954784758116e-08 6.8742741937183176e-08 8.0191162107497201e-08 8.6536502918311388e-08 1.7765155463387585e-08 6.8818976598733651e-08 4.8011188971080631e-08 7.7478799453593436e-08 1.627224889576682e-07 5.6334481561028201e-08 3.9812971585458196e-08 2.3345665402486866e-07 4.3093274818228469e-08 9.5787298468282977e-08 4.1530631758061925e-08 7.1892352565325194e-08 9.6325566568277778e-08 1.5552069021896034e-07 1.2085703391414757e-07 9.1016379289264925e-08 2.2653830832037805e-07 1.3812651228879163e-07 1.7724926680905822e-07 2.5961049810529754e-08 2.3586453109775675e-07 2.6061682173566005e-07 2.9839792095877194e-07 1.8670607310793122e-07 3.4201388540995012e-07 2.8895801471673753e-07 1.7959721980217574e-07 2.6123772410092522e-07 2.0921336950428397e-07 3.2342290859039788e-07 9.3750390743171965e-08 7.6625211628795462e-08 1.568605732200049e-07 1.2973538215544942e-07 5.806096928007894e-07 6.5224276454625887e-08 1.388177523094976e-07 2.4286485181851686e-07 1.3787366631931606e-07 6.7143802087989232e-08 1.3557007358119556e-07 8.8132715674945867e-08 1.6240740581892791e-07 2.9473135376342823e-07 3.6301878071906358e-07 8.6773718182967868e-08 3.6645814837772213e-08 4.4132347935389557e-08 4.4671198219865692e-08 1.6159295904107479e-07 4.7283825520720289e-08 5.5340140330810725e-08 5.2954846469696795e-09 9.4052025368057692e-08 5.5019729353619615e-08 1.0064954866624781e-07 5.0590386069227251e-08 5.480800396057303e-08 4.2672064614231825e-08 4.761689825420173e-08 4.1050933877635483e-08 7.714166617429836e-09 7.0410416222731648e-08 2.0962800659747957e-08 3.7762522987118954e-08 5.517230527975165e-08 5.5429342937802145e-08 1.5958960244072255e-07 1.2902119876569058e-07 1.3190324885461099e-07 1.4148362259663709e-07 1.8890197110515298e-07 1.1063185499975821e-07 4.9475580990234955e-08 2.5315462651694459e-07 2.8110492000036751e-07 3.3240180260294326e-08 3.5023071313588417e-07 2.6106258957811365e-07 1.0884629562056036e-07 1.2684619304650704e-07 1.686918491435116e-07 9.2798536808540336e-08 2.4013019555609872e-07 3.5348777796196828e-07 1.0414337083312525e-06 1.2713909925969525e-07 1.1110337191322522e-06 6.5114624499911034e-08 2.6572883624755941e-07 2.9479297745786414e-07 2.0655040216577195e-07 2.5308228577048511e-07 3.7648631585819216e-07 3.0493374308137914e-08 3.5769990211439121e-07 8.9978756575293372e-08 6.1278958436215465e-08 3.0407068480234046e-07 3.2037530998857929e-07 2.5023469857172726e-07 2.1144689848819517e-07 2.1305380288185899e-07 1.5159805206605765e-07 1.5265955381562654e-07 1.3459499126385824e-07 8.5838816521134823e-08 9.5191792403728827e-08 1.471724214102919e-08 7.9235289823199648e-08 1.2033294917143552e-07 5.7678734560575878e-08 9.9231336862820793e-08 4.1628472566173669e-08 4.3738403672112323e-08 1.3255407709387209e-08 9.1252524969122672e-08 4.9690144502486682e-08 4.5205313226612082e-08 4.4657463578103268e-08 6.8889321264219079e-08 7.9746229677411782e-08 5.828773360314101e-08 2.3675628448603363e-08 1.8733574875994576e-08 7.9312873790505574e-08 6.0735110417142415e-08 7.598030477985086e-08 5.837618421876738e-08 3.6121960508629605e-08 1.9178258965714755e-07 1.1496429105201451e-08 1.354656650156162e-07 1.5472141890785545e-07 1.7068867700507774e-07 1.9159528867586379e-07 3.7316686118588736e-07 1.2806677367459176e-07 2.5086720498550064e-07 1.5166801200582819e-07 4.4760996048478235e-08 9.3585685176476016e-08 1.0867487232772186e-07 1.758922893497909e-07 5.9285145902486329e-08 1.1581320091777845e-07 3.6913710408989657e-07 5.883722140012419e-08 1.6244829880008283e-07 1.2468909377043521e-07 4.2450759566064244e-07 1.9072719063932017e-08 1.2783249346396126e-07 3.7515620597343312e-08 5.6647876543264187e-08 1.8934872595087042e-07 2.8461342289740433e-07 2.0528055743352635e-08 1.470465009266079e-07 7.279502462479754e-08 8.2525300590889028e-08 4.7312681089808371e-08 1.9856492758489192e-07 1.3072596709675609e-07 1.908012656220193e-07 5.7765333230464203e-08 1.2920792772632535e-07 3.6181660709813891e-08 5.8660497654040507e-08 4.432720444616169e-08 1.1221858714338769e-07 6.9062641732480909e-08 3.74175759784824e-08 6.0056204572678741e-08 9.1797646202257954e-08 1.6255946318922376e-08 1.9620302019271624e-08 3.6481943106940894e-08 9.8060998231084293e-09 5.268315265897927e-08 4.6682408619898401e-08 7.6374319370733455e-08 1.2172429193720231e-07 1.4339178255238234e-07 1.2130220420113741e-07 1.7668578106778305e-08 3.3194392257573844e-08 6.26703079586526e-08 3.2629146801215904e-08 5.9352933759319202e-08 3.8692561271456816e-09 7.0273204864090731e-08 6.7889691496775743e-08 4.8591668139531502e-08 2.072636305384201e-07 6.7855116633144878e-08 7.0420422869534166e-08 8.154411373194464e-08 6.2145847569251543e-08 1.2574964077054806e-07 1.570995305145959e-07 4.1703302024187254e-08 1.5821372062311794e-07 2.295610764216299e-07 6.6225247007491882e-08 2.0972118372420478e-07 7.6834287026618481e-08 1.6112525013613751e-07 6.1003339321688402e-08 5.7408107879000597e-08 7.6654187072098898e-08 1.1059157309287507e-07 7.8412699730124423e-08 1.4241729529755056e-07 5.7514200446437958e-08 9.9791450755348541e-08 7.9454386536713548e-08 1.2419405482592159e-07 1.2017760661545888e-07 6.8162574466031509e-08 1.5686498828018638e-07 1.4832554817682925e-07 2.412113933266014e-07 7.4687460654913368e-08 5.7234224103218224e-08 1.519635763475933e-07 8.6254242296202211e-08 1.0241177398808091e-07 3.1154801983910133e-08 2.7329121158405555e-08 9.7059636201468997e-08 3.9182215493030058e-08 5.76320144158033e-08 6.3953394208924545e-08 6.7263398937405181e-08 8.3019199482108235e-08 6.7590898921045416e-08 3.1702980126175176e-08 5.8773427743455667e-08 1.5842450673925315e-08 8.4437253842174249e-09 9.4706332955413805e-08 4.672165108308444e-08 4.606574897399851e-08 1.0152280807713349e-07 2.9918934847428694e-08 1.0686131815805546e-07 5.7864788398737247e-08 6.3323142267226655e-08 3.3333923395984155e-08 7.6902885708947853e-08 8.6505904798910348e-08 8.1403148749212128e-08 8.8537938677660817e-08 7.7574768828612611e-08 6.6040295892688697e-08 6.3641482407915512e-08 1.2432926930134401e-07 6.50590037501803e-08 3.8880183288546283e-08 1.2717456196409305e-07 7.2751265191468578e-08 3.6367874501263211e-08 1.5581640529696849e-07 2.5206968808237706e-07 1.1471302421165813e-07 2.5064803226903364e-07 8.7976861409056688e-08 9.9518759141348615e-08 1.0335788109359947e-07 1.6227135894103676e-07 6.2012526895282235e-08 4.6300305737238193e-08 5.7581877380546541e-07 4.9272326192531969e-08 6.1730281619282033e-07 2.3509970448045296e-07 1.4248858920365795e-07 4.8450299280921253e-07 3.6225940764494866e-07 8.9443007669504226e-08 4.9642830822866259e-08 1.0750818248104286e-07 4.8052139638898986e-08 3.4888015566770143e-07 2.1514785826421296e-08 8.2878883682542639e-08 1.8390994329907639e-07 3.5611932094493348e-08 7.6713162266204521e-08 6.1014635056860574e-08 1.0082983890775009e-07 3.0008020564214052e-08 1.0597067446236032e-07 1.8268862725769324e-08 7.1628494050841674e-08 8.3351015175279312e-08 2.350059677644998e-08 8.7182198556758657e-08 2.0711183213552664e-08 1.330827381062008e-08 2.5618973014308597e-08 3.5034429014863114e-08 2.1577885848328321e-08 1.3196530867282148e-08 2.8801976698997841e-08 2.750854857099739e-08 1.8438309297252103e-08 3.9952914125529667e-08 1.4954296113545211e-08 5.204695404996672e-08 3.1436039508847698e-08 6.2301637617542583e-08 5.5113760168599694e-08 8.2566176053834945e-09 8.9284110975374012e-08 9.9148215535563945e-08 2.9777140024415299e-08 1.513341083050551e-07 4.037470130016512e-08 8.5179477525495053e-08 1.1769091841877134e-07 1.0808226676181239e-07 2.9664249376923091e-08 1.0861082182865955e-07 2.6583828616732213e-08 3.9170442110992757e-08 7.6226998985522084e-08 6.579822214899327e-08 1.4691522568149617e-08 7.1402847530138726e-08 5.4983034448021556e-07 1.0126944673723698e-07 1.633085839638255e-07 8.5586298673006068e-07 3.1208641629415902e-08 1.9895896066464191e-07 4.0378451592068659e-07 6.9783514065044767e-08 9.1338516716164734e-07 6.2730231411566165e-07 4.8955463507384544e-08 1.6879271821728259e-07 2.68034979795654e-07 5.9542574903142305e-08 1.7275121168137427e-07 8.2624621991721728e-08 5.7967597542376736e-08 7.790459402305419e-08 6.5871408166721593e-08 2.1053718996945722e-08 5.4495728372895779e-08 5.9228941759491951e-08 6.4296211836026229e-09 7.0681762211480034e-08 7.7847072253741169e-09 4.7244158626833597e-08 3.1860108024207477e-08 1.8622381813364485e-08 2.338395638807932e-08 2.473029057957834e-08 1.2926032942320039e-08
        </DataArray>
        <DataArray type="Float64" Name="contact_force" NumberOfComponents="3" format="ascii">
          -0 -0 0 -0 -0 0 -0 -0 0 -0 -0 0 -0 -0 0 -0 -0 0 -0 -0 0 -0 -0 0 -0 -0 0 -0 -0 0 -0 -0 0 -0 -0 0 -0 -0 0 -0 -0 0 -0 -0 0 -0 -0 0 -0 -0 0 -0 -0 0 -0 -0 0 -0 -0 0 -0 -0 0 -0 -0 0 -0 -0 0 -0 -0 0 -0 -0 0 -0 -0 0 -0 -0 0 -0 -0 0 -0 -0 0 -0 -0 0 -0 -0 0 -0 -0 0 -0 -0 0 -0 -0 0 -0 -0 0 -0 -0 0 -0 -0 0 -0 -0 0 -0 -0 0 -0 -0 0 -0 -0 0 -0 -0 0 -0 -0 0 -0 -0 0 -0 -0 0 -0 -0 0 -0 -0 0 -0 -0 0 -0 -0 0 -0 -0 0 -0 -0 0 -0 -0 0 -0 -0 0 -0 -0 0 -0 -0 0 -0 -0 0 -0 -0 0 -0 -0 0 -0 -0 0 -0 -0 0 -0 -0 0 -0 -0 0 -0 -0 0 -0 -0 0 -0 -0 0 -0 -0 0 -0 -0 0 -0 -0 0 -0 -0 0 -0 -0 0 -0 -0 0 -0 -0 0 -0 -0 0 -0 -0 0 -0 -0 0 -0 -0 0 -0 -0 0 -0 -0 0 -0 -0 0 -0 -0 0 -0 -0 0 -0 -0 0 -0 -0 0 -0 -0 0 -0 -0 0 -0 -0 0 -0 -0 0 -0 -0 0 -0 -0 0 -0 -0 0 -0 -0 0 -0 -0 0 -0 -0 0 -0 -0 0 -0 -0 0 -0 -0 0 -0 -0 0 -0 -0 0 -0 -0 0 -0 -0 0 -0 -0 0 -0 -0 0 -0 -0 0 -0 -0 0 -0 -0 0 -0 -0 0 -0 -0 0 -0 -0 0 -0 -0 0 -0 -0 0 -0 -0 0 -0 -0 0 -0 -0 0 -0 -0 0 -0 -0 0 -0 -0 0 -0 -0 0 -0 -0 0 -0 -0 0 -0 -0 0 -0 -0 0 -0 -0 0 -0 -0 0 -0 -0 0 -0 -0 0 -0 -0 0 -0 -0 0 -0 -0 0 -0 -0 0 -0 -0 0 -0 -0 0 -0 -0 0 -0 -0 0 -0 -0 0 -0 -0 0 -0 -0 0 -0 -0 0 -0 -0 0 -0 -0 0 -0 -0 0 -0 -0 0 -0 -0 0 -0 -0 0 -0 -0 0 -0 -0 0 -0 -0 0 -0 -0 0 -0 -0 0 -0 -0 0 -0 -0 0 -0 -0 0 -0 -0 0 -0 -0 0 -0 -0 0 -0 -0 0 -0 -0 0 -0 -0 0 -0 -0 0 -0 -0 0 -0 -0 0 -0 -0 0 -0 -0 0 -0 -0 0 -0 -0 0 -0 -0 0 -0 -0 0 -0 -0 0 -0 -0 0 -0 -0 0 -0 -0 0 -0 -0 0 -0 -0 0 -0 -0 0 -0 -0 0 -0 -0 0 -0 -0 0 -0 -0 0 -0 -0 0 -0 -0 0 -0 -0 0 -0 -0 0 -0 -0 0 -0 -0 0 -0 -0 0 -0 -0 0 -0 -0 0 -0 -0 0 -0 -0 0 -0 -0 0 -0 -0 0 -0 -0 0 -0 -0 0 -0 -0 0 -0 -0 0 -0 -0 0 -0 -0 0 -0 -0 0 -0 -0 0 -0 -0 0 -0 -0 0 -0 -0 0 -0 -0 0 -0 -0 0 -0 -0 0 -0 -0 0 -0 -0 0 -0 -0 0 -0 -0 0 -0 -0 0 -0 -0 0 -0 -0 0 -0 -0 0 -0 -0 0 -0 -0 0 -0 -0 0 -0 -0 0 -0 -0 0 -0 -0 0 -0 -0 0 -0 -0 0 -0 -0 0 -0 -0 0 -0 -0 0 -0 -0 0 -0 -0 0 -0 -0 0 -0 -0 0 -0 -0 0 -0 -0 0 -0 -0 0 -0 -0 0 -0 -0 0 -0 -0 0 -0 -0 0 -0 -0 0 -0 -0 0 -0 -0 0 -0 -0 0 -0 -0 0 -0 -0 0 -0 -0 0 -0 -0 0 -0 -0 0 -0 -0 0 -0 -0 0 -0 -0 0 -0 -0 0 -0 -0 0 -0 -0 0 -0 -0 0 -0 -0 0 -0 -0 0 -0 -0 0 -0 -0 0 -0 -0 0 -0 -0 0 -0 -0 0 -0 -0 0 -0 -0 0 -0 -0 0 -0 -0 0 -0 -0 0 -0 -0 0 -0 -0 0 -0 -0 0 -0 -0 0 -0 -0 0 -0 -0 0 -0 -0 0 -0 -0 0 -0 -0 0 -0 -0 0 -0 -0 0 -0 -0 0 -0 -0 0 -0 -0 0 -0 -0 0 -0 -0 0 -0 -0 0 -0 -0 0 -0 -0 0 -0 -0 0 -0 -0 0 -0 -0 0 -0 -0 0 -0 -0 0 -0 -0 0 -0 -0 0 -0 -0 0 -0 -0 0 -0 -0 0 -0 -0 0 -0 -0 0 -0 -0 0 -0 -0 0 -0 -0 0 -0 -0 0 -0 -0 0 -0 -0 0 -0 -0 0 -0 -0 0 -0 -0 0 -0 -0 0 -0 -0 0 -0 -0 0 -0 -0 0 -0 -0 0 -0 -0 0 -0 -0 0 -0 -0 0 -0 -0 0 -0 -0 0 -0 -0 0 -0 -0 0 -0 -0 0 -0 -0 0 -0 -0 0 -0 -0 0 -0 -0 0 -0 -0 0 -0 -0 0 -0 -0 0 -0 -0 0 -0 -0 0 -0 -0 0 -0 -0 0 -0 -0 0 -0 -0 0 -0 -0 0 -0 -0 0 -0 -0 0 -0 -0 0 -0 -0 0 -0 -0 0 -0 -0 0 -0 -0 0 -0 -0 0 -0 -0 0 -0 -0 0 -0 -0 0 -0 -0 0 -0 -0 0 -0 -0 0 -0 -0 0 -0 -0 0 -0 -0 0 -0 -0 0 -0 -0 0 -0 -0 0 -0 -0 0 -0 -0 0 -0 -0 0 -0 -0 0 -0 -0 0 -0 -0 0 -0 -0 0 -0 -0 0 -0 -0 0 -0 -0 0 -0 -0 0 -0 -0 0 -0 -0 0 -0 -0 0 -0 -0 0 -0 -0 0 -0 -0 0 -0 -0 0 -0 -0 0 -0 -0 0 -0 -0 0 -0 -0 0 -0 -0 0 -0 -0 0 -0 -0 0 -0 -0 0 -0 -0 0 -0 -0 0 -0 -0 0 -0 -0 0 -0 -0 0 -0 -0 0 -0 -0 0 -0 -0 0 -0 -0 0 -0 -0 0 -0 -0 0 -0 -0 0 -0 -0 0 -0 -0 0 -0 -0 0 -0 -0 0 -0 -0 0 -0 -0 0 -0 -0 0 -0 -0 0 -0 -0 0 -0 -0 0 -0 -0 0 -0 -0 0 -0 -0 0 -0 -0 0 -0 -0 0 -0 -0 0 -0 -0 0 -0 -0 0 -0 -0 0 -0 -0 0 -0 -0 0 -0 -0 0 -0 -0 0 -0 -0 0 -0 -0 0 -0 -0 0 -0 -0 0 -0 -0 0 -0 -0 0 -0 -0 0 -0 -0 0 -0 -0 0 -0 -0 0 -0 -0 0 -0 -0 0 -0 -0 0 -0 -0 0 -0 -0 0 -0 -0 0 -0 -0 0 -0 -0 0 -0 -0 0 -0 -0 0 -0 -0 0 -0 -0 0 -0 -0 0 -0 -0 0 -0 -0 0 -0 -0 0 -0 -0 0 -0 -0 0 -0 -0 0 -0 -0 0 -0 -0 0 -0 -0 0 -0 -0 0 -0 -0 0 -0 -0 0 -0 -0 0 -0 -0 0 -0 -0 0 -0 -0 0 -0 -0 0 -0 -0 0 -0 -0 0 -0 -0 0 -0 -0 0 -0 -0 0 -0 -0 0 -0 -0 0 -0 -0 0 -0 -0 0 -0 -0 0 -0 -0 0 -0 -0 0 -0 -0 0 -0 -0 0 -0 -0 0 -0 -0 0 -0 -0 0 -0 -0 0 -0 -0 0 -0 -0 0 -0 -0 0 -0 -0 0 -0 -0 0 -0 -0 0 -0 -0 0 -0 -0 0 -0 -0 0 -0 -0 0 -0 -0 0 -0 -0 0 -0 -0 0 -0 -0 0 -0 -0 0 -0 -0 0 -0 -0 0 -0 -0 0 -0 -0 0 -0 -0 0 -0 -0 0 -0 -0 0 -0 -0 0 -0 -0 0 -0 -0 0 -0 -0 0 -0 -9.523199361807583 0 -0 -141.91046141092551 0 -0 -293.55299786125744 0 -0 -353.957176302162 0 -0 -344.64612776208418 0 -0 -299.47046412473452 0 -0 -251.6108756029297 0 -0 -213.53663630936322 0 -0 -185.31912957074024 0 -0 -164.42093425639834 0 -0 -148.65775778940167 0 -0 -136.51674002237647 0 -0 -126.98060410870563 0 -0 -119.37669025447165 0 -0 -113.24076974420547 0 -0 -108.25202400624205 0 -0 -104.180060997185 0 -0 -100.85735815317786 0 -0 -98.163745364193062 0 -0 -96.00619647724416 0 -0 -94.318056448261956 0 -0 -93.050008702173571 0 -0 -92.167819717848758 0 -0 -91.647833312282913 0 -0 -91.475919458778364 0 -0 -91.647833311892882 0 -0 -92.167819715738844 0 -0 -93.050008708286811 0 -0 -94.318056452638672 0 -0 -96.006196483164118 0 -0 -98.163745371710704 0 -0 -100.85735816414119 0 -0 -104.18006100741268 0 -0 -108.2520240109225 0 -0 -113.24076975619367 0 -0 -119.3766902750304 0 -0 -126.9806041337425 0 -0 -136.51674004777203 0 -0 -148.65775782149939 0 -0 -164.42093430188351 0 -0 -185.31912962186084 0 -0 -213.53663635025987 0 -0 -251.61087562531807 0 -0 -299.47046411837317 0 -0 -344.64612772540073 0 -0 -353.95717617621528 0 -0 -293.55299761038037 0 -0 -141.91046103300582 0 -0 -9.5231993073062196 0 -0 -0 0 -0 -0 0 -0 -0 0 -0 -0 0 -0 -0 0 -0 -0 0
        </DataArray>
        <DataArray type="Float64" Name="contact_force_magnitude" format="ascii">
          0 0 0 0 0 0 0 0 0 0 0 0 0 0 0 0 0 0 0 0 0 0 0 0 0 0 0 0 0 0 0 0 0 0 0 0 0 0 0 0 0 0 0 0 0 0 0 0 0 0 0 0 0 0 0 0 0 0 0 0 0 0 0 0 0 0 0 0 0 0 0 0 0 0 0 0 0 0 0 0 0 0 0 0 0 0 0 0 0 0 0 0 0 0 0 0 0 0 0 0 0 0 0 0 0 0 0 0 0 0 0 0 0 0 0 0 0 0 0 0 0 0 0 0 0 0 0 0 0 0 0 0 0 0 0 0 0 0 0 0 0 0 0 0 0 0 0 0 0 0 0 0 0 0 0 0 0 0 0 0 0 0 0 0 0 0 0 0 0 0 0 0 0 0 0 0 0 0 0 0 0 0 0 0 0 0 0 0 0 0 0 0 0 0 0 0 0 0 0 0 0 0 0 0 0 0 0 0 0 0 0 0 0 0 0 0 0 0 0 0 0 0 0 0 0 0 0 0 0 0 0 0 0 0 0 0 0 0 0 0 0 0 0 0 0 0 0 0 0 0 0 0 0 0 0 0 0 0 0 0 0 0 0 0 0 0 0 0 0 0 0 0 0 0 0 0 0 0 0 0 0 0 0 0 0 0 0 0 0 0 0 0 0 0 0 0 0 0 0 0 0 0 0 0 0 0 0 0 0 0 0 0 0 0 0 0 0 0 0 0 0 0 0 0 0 0 0 0 0 0 0 0 0 0 0 0 0 0 0 0 0 0 0 0 0 0 0 0 0 0 0 0 0 0 0 0 0 0 0 0 0 0 0 0 0 0 0 0 0 0 0 0 0 0 0 0 0 0 0 0 0 0 0 0 0 0 0 0 0 0 0 0 0 0 0 0 0 0 0 0 0 0 0 0 0 0 0 0 0 0 0 0 0 0 0 0 0 0 0 0 0 0 0 0 0 0 0 0 0 0 0 0 0 0 0 0 0 0 0 0 0 0 0 0 0 0 0 0 0 0 0 0 0 0 0 0 0 0 0 0 0 0 0 0 0 0 0 0 0 0 0 0 0 0 0 0 0 0 0 0 0 0 0 0 0 0 0 0 0 0 0 0 0 0 9.523199361807583 141.91046141092551 293.55299786125744 353.957176302162 344.64612776208418 299.47046412473452 251.6108756029297 213.53663630936322 185.31912957074024 164.42093425639834 148.65775778940167 136.51674002237647 126.98060410870563 119.37669025447165 113.24076974420547 108.25202400624205 104.180060997185 100.85735815317786 98.163745364193062 96.00619647724416 94.318056448261956 93.050008702173571 92.167819717848758 91.647833312282913 91.475919458778364 91.647833311892882 92.167819715738844 93.050008708286811 94.318056452638672 96.006196483164118 98.163745371710704 100.85735816414119 104.18006100741268 108.2520240109225 113.24076975619367 119.3766902750304 126.9806041337425 136.51674004777203 148.65775782149939 164.42093430188351 185.31912962186084 213.53663635025987 251.61087562531807 299.47046411837317 344.64612772540073 353.95717617621528 293.55299761038037 141.91046103300582 9.5231993073062196 0 0 0 0 0 0
        </DataArray>
        <DataArray type="Float64" Name="rigid_plane_signed_distance" format="ascii">
          0.24349364905389026 0.23913321701784251 0.23505922624469661 0.23127696121392904 0.22779133924989714 0.22460700221956797 0.22172901521115362 0.21916655928316353 0.21694575820046957 0.21512795443849569 0.21377226815111483 0.21283421140383363 0.21218960345156068 0.21173019337253191 0.211388164573166 0.21112387519109965 0.21091371896707795 0.21074297309501172 0.210602075641032 0.21048454649480408 0.21038584342810773 0.21030270121916284 0.2102327079353381 0.21017406553815854 0.21012540670199087 0.21008569414189127 0.21005413984646792 0.21003015401495317 0.21001330867112961 0.21000331338524691 0.21000000000000002 0.21000331338524691 0.21001330867112961 0.21003015401495323 0.21005413984646792 0.21008569414189127 0.21012540670199092 0.21017406553815854 0.21023270793533816 0.21030270121916289 0.21038584342810773 0.21048454649480408 0.21060207564103206 0.21074297309501178 0.210913718967078 0.21112387519109971 0.21138816457316606 0.21173019337253196 0.21218960345156079 0.2128342114038338 0.213772268151115 0.21512795443849592 0.21694575820046985 0.21916655928316381 0.22172901521115385 0.2246070022195682 0.22779133924989731 0.23127696121392927 0.23505922624469677 0.23913321701784257 0.24349364905389037 0.20617805482619439 0.19931980181639269 0.19339512378139634 0.18818757058084357 0.18358419196337372 0.17951706896579445 0.1759422426309723 0.17283398456341847 0.17019431979621791 0.16807007008358088 0.16650686392648478 0.16543565710948643 0.16470450080350363 0.16418587604413332 0.16380110123528507 0.16350456722434564 0.16326926132951933 0.16307840286261588 0.16292112582292811 0.16279008416145813 0.16268013895534969 0.16258760210395071 0.16250975327407902 0.16244456685031861 0.16239050410597622 0.16234639869625733 0.16231136521514822 0.16228474135383511 0.1622660467486364 0.16225495553354294 0.16225127907428563 0.1622549555344058 0.16226604675025735 0.16228474135621224 0.16231136521814274 0.16234639869981893 0.16239050410962361 0.16244456685408476 0.16250975327823006 0.16258760210848258 0.16268013895992273 0.16279008416592508 0.16292112582740353 0.16307840286698944 0.16326926133326494 0.16350456722748358 0.16380110123774605 0.1641858760460394 0.16470450080468418 0.16543565711000058 0.16650686392676434 0.16807007008384778 0.17019431979690069 0.17283398456417692 0.17594224263212493 0.17951706896740444 0.18358419196533404 0.18818757058326602 0.19339512378457968 0.19931980181995831 0.20617805483059964 0.16924754089266619 0.16261524784267178 0.15640793741411757 0.15077657397868141 0.14574368017544748 0.14129710028002856 0.13741405325557471 0.13407289528905797 0.13127092152817282 0.12904516506571717 0.12742620566089502 0.1263268928988408 0.12558154365937324 0.12505540116607072 0.12466645162763104 0.1243675298357423 0.12413084929539478 0.12393921685278461 0.12378153307271871 0.12365031274605104 0.12354033043397655 0.12344784236068469 0.12337009134332823 0.12330502680952421 0.12325109284673835 0.12320711111989323 0.12317218781648631 0.12314565475688342 0.12312702756223311 0.12311597776541754 0.12311231526947775 0.12311597776635815 0.12312702756388422 0.12314565475906386 0.12317218781899236 0.12320711112278007 0.12325109284962596 0.12330502681239737 0.12337009134640536 0.12344784236409787 0.12354033043716453 0.12365031274909964 0.12378153307584902 0.12393921685593699 0.12413084929847029 0.12436752983858949 0.12466645163037993 0.12505540116855973 0.12558154366160706 0.12632689290088595 0.12742620566245194 0.12904516506719232 0.13127092152951086 0.13407289529081012 0.13741405325788875 0.14129710028308526 0.14574368017892791 0.15077657398306568 0.15640793741885661 0.16261524784837272 0.16924754089909602 0.13841231496770104 0.13151790860048887 0.12521273464846949 0.11947546321438808 0.11433950876778626 0.109820448517329 0.10591297660478924 0.10259887318943378 0.099866290285427636 0.097732327632289867 0.096202695975957847 0.095175337874172497 0.094484028304812617 0.093998570961271219 0.093641026681869341 0.093366995039646183 0.093150479044540685 0.092975464511011921 0.09283164752806089 0.092712097906864924 0.09261198817862297 0.092527865807701046 0.092457192019783377 0.092398080975633595 0.092349103352099601 0.0923091776181027 0.092277484007008387 0.092253410061511915 0.092236512008197422 0.092226489022059321 0.092223167041760062 0.09222648902228453 0.092236512008673749 0.092253410062520302 0.092277484008451219 0.092309177619723903 0.092349103354092091 0.092398080977971545 0.092457192022289761 0.09252786581006453 0.09261198818115142 0.09271209790916006 0.092831647530055877 0.092975464512673647 0.09315047904590297 0.093366995040787701 0.093641026682743447 0.093998570962084055 0.094484028305804116 0.095175337875099325 0.096202695976975797 0.0977323276332836 0.099866290287009454 0.10259887319163867 0.10591297660805876 0.10982044852162658 0.11433950877290133 0.11947546322010695 0.12521273465463087 0.13151790860673268 0.13841231497426609 0.11241427450330432 0.10539079529874198 0.098909829496032692 0.093044221130795773 0.087839617657847452 0.083327173075434399 0.079508773767574023 0.076356737966470384 0.073832041192730125 0.071911150595358311 0.070560740915125666 0.069664892015932067 0.069066415743397613 0.068647933890583532 0.068340544183223023 0.068105378384385004 0.067919810060076469 0.067769954588240422 0.067646902087016805 0.067544671964151176 0.067459104672597872 0.067387228961323778 0.067326862158998954 0.067276384208451653 0.067234568065690156 0.067200485745944047 0.067173434177330987 0.067152888269687919 0.067138467657630152 0.067129914550002154 0.067127079805342868 0.067129914549523384 0.067138467656709944 0.067152888268753652 0.067173434176538926 0.067200485745106772 0.067234568064616834 0.067276384207452231 0.067326862158139211 0.067387228960182455 0.067459104671120193 0.067544671962770794 0.067646902085467836 0.067769954586664238 0.067919810058517868 0.068105378382929502 0.06834054418147241 0.06864793388940435 0.069066415742737086 0.069664892015629393 0.07056074091551702 0.071911150596296172 0.073832041194671516 0.076356737969550031 0.079508773771863689 0.083327173081010439 0.087839617663946726 0.093044221137431826 0.098909829502886973 0.10539079530555079 0.11241427450999343 0.090126588609659039 0.082931366525713257 0.076253476286666955 0.070207659846616158 0.064890652948009345 0.060372372989849779 0.056677438279724782 0.053764705167980265 0.051541185002718509 0.049911667957178232 0.04879048259644328 0.04805368711178136 0.047563226749297444 0.047220780916739313 0.046969404565786993 0.046777148597706125 0.046625461265079229 0.046502973715539977 0.046402396133687449 0.046318837710849048 0.04624889789278111 0.046190148078473672 0.046140804461218543 0.046099543153628034 0.046065361490641041 0.046037501210481502 0.046015387842744296 0.045998592350137257 0.045986803949593827 0.045979812011130911 0.04597749467621183 0.045979812010752269 0.045986803948690702 0.045998592349274739 0.046015387841661121 0.046037501208988002 0.046065361488773146 0.046099543151335298 0.046140804458350934 0.046190148075097637 0.046248897888875179 0.046318837706456992 0.046402396129123266 0.046502973711260706 0.04662546126120784 0.04677714859408684 0.046969404562383715 0.047220780914141017 0.047563226747209572 0.04805368711069706 0.048790482596675289 0.049911667958341038 0.051541185005363047 0.053764705171748806 0.056677438284620227 0.060372372995890641 0.064890652954973219 0.070207659853996365 0.076253476294190436 0.082931366533288156 0.090126588617072387 0.070725627684652959 0.063295757958664989 0.05637317040892649 0.05009462684628907 0.044590203777524692 0.03999521202207143 0.036405152035740018 0.033786911216628607 0.031945770588217001 0.030659600364295853 0.029786938423997003 0.029214376387374674 0.028833251017635883 0.028567049405507569 0.028371583425706795 0.028222056217045641 0.02810406339004036 0.028008774032147882 0.027930523714666186 0.027865511035772977 0.027811092289345724 0.027765379050742597 0.027726984061704804 0.027694877618162306 0.027668279781856153 0.027646600680427555 0.027629393390471546 0.027616324115371793 0.027607151052479489 0.027601710318207962 0.027599907097264564 0.02760171031777528 0.02760715105196139 0.027616324114264318 0.027629393389054083 0.027646600678457076 0.027668279779376428 0.027694877615222616 0.0277269840584244 0.027765379047170469 0.027811092285557171 0.027865511032018425 0.027930523711126698 0.028008774028410358 0.028104063386336309 0.028222056213799557 0.02837158342306155 0.028567049403447994 0.028833251016398276 0.029214376386777055 0.029786938424311515 0.030659600365477907 0.031945770590870975 0.033786911220382271 0.036405152040803052 0.039995212028537647 0.044590203785088031 0.050094626854506497 0.056373170416877505 0.063295757966300575 0.070725627691651929 0.053608134058789739 0.045898752128598563 0.038711926401044747 0.032166822748182652 0.026406313472312357 0.021604279317674599 0.01801210451485892 0.015734249315438403 0.014356722620897627 0.013433063653630728 0.012807181233707624 0.012398129775295044 0.01212632909056037 0.011936762265457687 0.011797719184585193 0.011691447628257995 0.011607648514492488 0.011540014082316669 0.011484501554350837 0.011438399703368157 0.011399824140540638 0.01136742952735588 0.011340228044838391 0.011317486759514786 0.011298650729637302 0.011283300372733548 0.011271117872229036 0.011261865908677601 0.011255372597418364 0.011251521457525407 0.011250245104548168 0.011251521457253957 0.011255372596626997 0.011261865907532809 0.011271117870575068 0.011283300370728486 0.011298650727135498 0.011317486757215972 0.011340228042465886 0.011367429525165354 0.011399824138493386 0.011438399701181504 0.011484501552144255 0.011540014080270972 0.011607648512837118 0.011691447626467844 0.011797719182989955 0.011936762264240439 0.012126329089731269 0.01239812977471845 0.012807181234131049 0.013433063654545344 0.014356722623212678 0.015734249318784088 0.018012104519540023 0.021604279324382539 0.026406313480361168 0.032166822756463306 0.038711926409249184 0.045898752135835164 0.053608134065935176 0.038285561452146316 0.030307335117406062 0.02287475729989584 0.016074081146629046 0.01004010121891509 0.004950022545866517 0.001070269344384242 -0.00092351900826047328 -0.0017629433755469021 -0.0023138685347231236 -0.00267464539809667 -0.0029081833610091756 -0.0030621488460522567 -0.0031690740148948709 -0.0032472818634625422 -0.0033069430086525298 -0.0033539236663670952 -0.0033918028658053295 -0.0034228682901338153 -0.0034486510375938417 -0.0034702136112317039 -0.0034883136381187174 -0.003503506846971316 -0.0035162052400920935 -0.0035267205502668569 -0.0035352883456546413 -0.0035420869783539671 -0.0035472495779858837 -0.0035508725401088709 -0.0035530211749124213 -0.0035537332603176874 -0.0035530211749464358 -0.003550872539882538 -0.00354724957836898 -0.0035420869784440895 -0.0035352883458984047 -0.0035267205505078447 -0.0035162052405024041 -0.0035035068473793368 -0.0034883136381463897 -0.0034702136116182697 -0.0034486510382077951 -0.0034228682908437058 -0.0033918028664003813 -0.0033539236670605127 -0.0033069430096065999 -0.0032472818644199847 -0.0031690740155032177 -0.0030621488463534186 -0.0029081833609005681 -0.0026746453979183682 -0.0023138685339319925 -0.0017629433741284672 -0.00092351900600833037 0.0010702693495789478 0.0049500225529836017 0.010040101227085513 0.01607408115482814 0.022874757307660851 0.030307335124599613 0.038285561459304757
        </DataArray>
        <DataArray type="Float64" Name="rigid_plane_penetration" format="ascii">
          0 0 0 0 0 0 0 0 0 0 0 0 0 0 0 0 0 0 0 0 0 0 0 0 0 0 0 0 0 0 0 0 0 0 0 0 0 0 0 0 0 0 0 0 0 0 0 0 0 0 0 0 0 0 0 0 0 0 0 0 0 0 0 0 0 0 0 0 0 0 0 0 0 0 0 0 0 0 0 0 0 0 0 0 0 0 0 0 0 0 0 0 0 0 0 0 0 0 0 0 0 0 0 0 0 0 0 0 0 0 0 0 0 0 0 0 0 0 0 0 0 0 0 0 0 0 0 0 0 0 0 0 0 0 0 0 0 0 0 0 0 0 0 0 0 0 0 0 0 0 0 0 0 0 0 0 0 0 0 0 0 0 0 0 0 0 0 0 0 0 0 0 0 0 0 0 0 0 0 0 0 0 0 0 0 0 0 0 0 0 0 0 0 0 0 0 0 0 0 0 0 0 0 0 0 0 0 0 0 0 0 0 0 0 0 0 0 0 0 0 0 0 0 0 0 0 0 0 0 0 0 0 0 0 0 0 0 0 0 0 0 0 0 0 0 0 0 0 0 0 0 0 0 0 0 0 0 0 0 0 0 0 0 0 0 0 0 0 0 0 0 0 0 0 0 0 0 0 0 0 0 0 0 0 0 0 0 0 0 0 0 0 0 0 0 0 0 0 0 0 0 0 0 0 0 0 0 0 0 0 0 0 0 0 0 0 0 0 0 0 0 0 0 0 0 0 0 0 0 0 0 0 0 0 0 0 0 0 0 0 0 0 0 0 0 0 0 0 0 0 0 0 0 0 0 0 0 0 0 0 0 0 0 0 0 0 0 0 0 0 0 0 0 0 0 0 0 0 0 0 0 0 0 0 0 0 0 0 0 0 0 0 0 0 0 0 0 0 0 0 0 0 0 0 0 0 0 0 0 0 0 0 0 0 0 0 0 0 0 0 0 0 0 0 0 0 0 0 0 0 0 0 0 0 0 0 0 0 0 0 0 0 0 0 0 0 0 0 0 0 0 0 0 0 0 0 0 0 0 0 0 0 0 0 0 0 0 0 0 0 0 0 0 0 0 0 0 0 0 0 0 0 0 0 0 0 0 0 0 0 0 0 0 0 0 0.00092351900826047328 0.0017629433755469021 0.0023138685347231236 0.00267464539809667 0.0029081833610091756 0.0030621488460522567 0.0031690740148948709 0.0032472818634625422 0.0033069430086525298 0.0033539236663670952 0.0033918028658053295 0.0034228682901338153 0.0034486510375938417 0.0034702136112317039 0.0034883136381187174 0.003503506846971316 0.0035162052400920935 0.0035267205502668569 0.0035352883456546413 0.0035420869783539671 0.0035472495779858837 0.0035508725401088709 0.0035530211749124213 0.0035537332603176874 0.0035530211749464358 0.003550872539882538 0.00354724957836898 0.0035420869784440895 0.0035352883458984047 0.0035267205505078447 0.0035162052405024041 0.0035035068473793368 0.0034883136381463897 0.0034702136116182697 0.0034486510382077951 0.0034228682908437058 0.0033918028664003813 0.0033539236670605127 0.0033069430096065999 0.0032472818644199847 0.0031690740155032177 0.0030621488463534186 0.0029081833609005681 0.0026746453979183682 0.0023138685339319925 0.0017629433741284672 0.00092351900600833037 0 0 0 0 0 0 0
        </DataArray>
      </PointData>
      <CellData>
        <DataArray type="Int32" Name="element_id" format="ascii">
          1 2 3 4 5 6 7 8 9 10 11 12 13 14 15 16 17 18 19 20 21 22 23 24 25 26 27 28 29 30 31 32 33 34 35 36 37 38 39 40 41 42 43 44 45 46 47 48 49 50 51 52 53 54 55 56 57 58 59 60 61 62 63 64 65 66 67 68 69 70 71 72 73 74 75 76 77 78 79 80 81 82 83 84 85 86 87 88 89 90 91 92 93 94 95 96 97 98 99 100 101 102 103 104 105 106 107 108 109 110 111 112 113 114 115 116 117 118 119 120 121 122 123 124 125 126 127 128 129 130 131 132 133 134 135 136 137 138 139 140 141 142 143 144 145 146 147 148 149 150 151 152 153 154 155 156 157 158 159 160 161 162 163 164 165 166 167 168 169 170 171 172 173 174 175 176 177 178 179 180 181 182 183 184 185 186 187 188 189 190 191 192 193 194 195 196 197 198 199 200 201 202 203 204 205 206 207 208 209 210 211 212 213 214 215 216 217 218 219 220 221 222 223 224 225 226 227 228 229 230 231 232 233 234 235 236 237 238 239 240 241 242 243 244 245 246 247 248 249 250 251 252 253 254 255 256 257 258 259 260 261 262 263 264 265 266 267 268 269 270 271 272 273 274 275 276 277 278 279 280 281 282 283 284 285 286 287 288 289 290 291 292 293 294 295 296 297 298 299 300 301 302 303 304 305 306 307 308 309 310 311 312 313 314 315 316 317 318 319 320 321 322 323 324 325 326 327 328 329 330 331 332 333 334 335 336 337 338 339 340 341 342 343 344 345 346 347 348 349 350 351 352 353 354 355 356 357 358 359 360 361 362 363 364 365 366 367 368 369 370 371 372 373 374 375 376 377 378 379 380 381 382 383 384 385 386 387 388 389 390 391 392 393 394 395 396 397 398 399 400 401 402 403 404 405 406 407 408 409 410 411 412 413 414 415 416 417 418 419 420 421 422 423 424 425 426 427 428 429 430 431 432 433 434 435 436 437 438 439 440 441 442 443 444 445 446 447 448 449 450 451 452 453 454 455 456 457 458 459 460 461 462 463 464 465 466 467 468 469 470 471 472 473 474 475 476 477 478 479 480
        </DataArray>
        <DataArray type="Int32" Name="material_id" format="ascii">
          1 1 1 1 1 1 1 1 1 1 1 1 1 1 1 1 1 1 1 1 1 1 1 1 1 1 1 1 1 1 1 1 1 1 1 1 1 1 1 1 1 1 1 1 1 1 1 1 1 1 1 1 1 1 1 1 1 1 1 1 1 1 1 1 1 1 1 1 1 1 1 1 1 1 1 1 1 1 1 1 1 1 1 1 1 1 1 1 1 1 1 1 1 1 1 1 1 1 1 1 1 1 1 1 1 1 1 1 1 1 1 1 1 1 1 1 1 1 1 1 1 1 1 1 1 1 1 1 1 1 1 1 1 1 1 1 1 1 1 1 1 1 1 1 1 1 1 1 1 1 1 1 1 1 1 1 1 1 1 1 1 1 1 1 1 1 1 1 1 1 1 1 1 1 1 1 1 1 1 1 1 1 1 1 1 1 1 1 1 1 1 1 1 1 1 1 1 1 1 1 1 1 1 1 1 1 1 1 1 1 1 1 1 1 1 1 1 1 1 1 1 1 1 1 1 1 1 1 1 1 1 1 1 1 1 1 1 1 1 1 1 1 1 1 1 1 1 1 1 1 1 1 1 1 1 1 1 1 1 1 1 1 1 1 1 1 1 1 1 1 1 1 1 1 1 1 1 1 1 1 1 1 1 1 1 1 1 1 1 1 1 1 1 1 1 1 1 1 1 1 1 1 1 1 1 1 1 1 1 1 1 1 1 1 1 1 1 1 1 1 1 1 1 1 1 1 1 1 1 1 1 1 1 1 1 1 1 1 1 1 1 1 1 1 1 1 1 1 1 1 1 1 1 1 1 1 1 1 1 1 1 1 1 1 1 1 1 1 1 1 1 1 1 1 1 1 1 1 1 1 1 1 1 1 1 1 1 1 1 1 1 1 1 1 1 1 1 1 1 1 1 1 1 1 1 1 1 1 1 1 1 1 1 1 1 1 1 1 1 1 1 1 1 1 1 1 1 1 1 1 1 1 1 1 1 1 1 1 1 1 1 1 1 1 1 1 1 1 1 1 1 1 1 1 1 1 1 1 1 1 1 1 1 1 1 1 1 1 1 1 1 1 1 1 1 1 1 1 1 1
        </DataArray>
        <DataArray type="Int32" Name="candidate_contact_facet" format="ascii">
          0 0 0 0 0 0 0 0 0 0 0 0 0 0 0 0 0 0 0 0 0 0 0 0 0 0 0 0 0 0 0 0 0 0 0 0 0 0 0 0 0 0 0 0 0 0 0 0 0 0 0 0 0 0 0 0 0 0 0 0 0 0 0 0 0 0 0 0 0 0 0 0 0 0 0 0 0 0 0 0 0 0 0 0 0 0 0 0 0 0 0 0 0 0 0 0 0 0 0 0 0 0 0 0 0 0 0 0 0 0 0 0 0 0 0 0 0 0 0 0 0 0 0 0 0 0 0 0 0 0 0 0 0 0 0 0 0 0 0 0 0 0 0 0 0 0 0 0 0 0 0 0 0 0 0 0 0 0 0 0 0 0 0 0 0 0 0 0 0 0 0 0 0 0 0 0 0 0 0 0 0 0 0 0 0 0 0 0 0 0 0 0 0 0 0 0 0 0 0 0 0 0 0 0 0 0 0 0 0 0 0 0 0 0 0 0 0 0 0 0 0 0 0 0 0 0 0 0 0 0 0 0 0 0 0 0 0 0 0 0 0 0 0 0 0 0 0 0 0 0 0 0 0 0 0 0 0 0 0 0 0 0 0 0 0 0 0 0 0 0 0 0 0 0 0 0 0 0 0 0 0 0 0 0 0 0 0 0 0 0 0 0 0 0 0 0 0 0 0 0 0 0 0 0 0 0 0 0 0 0 0 0 0 0 0 0 0 0 0 0 0 0 0 0 0 0 0 0 0 0 0 0 0 0 0 0 0 0 0 0 0 0 0 0 0 0 0 0 0 0 0 0 0 0 0 0 0 0 0 0 0 0 0 0 0 0 0 0 0 0 0 0 0 0 0 0 0 0 0 0 0 0 0 0 0 0 0 0 0 0 0 0 0 0 0 0 0 0 0 0 0 0 0 0 0 0 0 0 0 0 0 0 0 0 0 0 0 0 0 0 1 1 1 1 1 1 1 1 1 1 1 1 1 1 1 1 1 1 1 1 1 1 1 1 1 1 1 1 1 1 1 1 1 1 1 1 1 1 1 1 1 1 1 1 1 1 1 1 1 1 1 1 1 1 1 1 1 1 1 1
        </DataArray>
        <DataArray type="Int32" Name="candidate_contact_surface_index" format="ascii">
          -1 -1 -1 -1 -1 -1 -1 -1 -1 -1 -1 -1 -1 -1 -1 -1 -1 -1 -1 -1 -1 -1 -1 -1 -1 -1 -1 -1 -1 -1 -1 -1 -1 -1 -1 -1 -1 -1 -1 -1 -1 -1 -1 -1 -1 -1 -1 -1 -1 -1 -1 -1 -1 -1 -1 -1 -1 -1 -1 -1 -1 -1 -1 -1 -1 -1 -1 -1 -1 -1 -1 -1 -1 -1 -1 -1 -1 -1 -1 -1 -1 -1 -1 -1 -1 -1 -1 -1 -1 -1 -1 -1 -1 -1 -1 -1 -1 -1 -1 -1 -1 -1 -1 -1 -1 -1 -1 -1 -1 -1 -1 -1 -1 -1 -1 -1 -1 -1 -1 -1 -1 -1 -1 -1 -1 -1 -1 -1 -1 -1 -1 -1 -1 -1 -1 -1 -1 -1 -1 -1 -1 -1 -1 -1 -1 -1 -1 -1 -1 -1 -1 -1 -1 -1 -1 -1 -1 -1 -1 -1 -1 -1 -1 -1 -1 -1 -1 -1 -1 -1 -1 -1 -1 -1 -1 -1 -1 -1 -1 -1 -1 -1 -1 -1 -1 -1 -1 -1 -1 -1 -1 -1 -1 -1 -1 -1 -1 -1 -1 -1 -1 -1 -1 -1 -1 -1 -1 -1 -1 -1 -1 -1 -1 -1 -1 -1 -1 -1 -1 -1 -1 -1 -1 -1 -1 -1 -1 -1 -1 -1 -1 -1 -1 -1 -1 -1 -1 -1 -1 -1 -1 -1 -1 -1 -1 -1 -1 -1 -1 -1 -1 -1 -1 -1 -1 -1 -1 -1 -1 -1 -1 -1 -1 -1 -1 -1 -1 -1 -1 -1 -1 -1 -1 -1 -1 -1 -1 -1 -1 -1 -1 -1 -1 -1 -1 -1 -1 -1 -1 -1 -1 -1 -1 -1 -1 -1 -1 -1 -1 -1 -1 -1 -1 -1 -1 -1 -1 -1 -1 -1 -1 -1 -1 -1 -1 -1 -1 -1 -1 -1 -1 -1 -1 -1 -1 -1 -1 -1 -1 -1 -1 -1 -1 -1 -1 -1 -1 -1 -1 -1 -1 -1 -1 -1 -1 -1 -1 -1 -1 -1 -1 -1 -1 -1 -1 -1 -1 -1 -1 -1 -1 -1 -1 -1 -1 -1 -1 -1 -1 -1 -1 -1 -1 -1 -1 -1 -1 -1 -1 -1 -1 -1 -1 -1 -1 -1 -1 -1 -1 -1 -1 -1 -1 -1 -1 -1 -1 -1 -1 -1 -1 -1 -1 -1 -1 -1 -1 -1 -1 -1 -1 -1 -1 -1 -1 -1 -1 -1 -1 -1 0 0 0 0 0 0 0 0 0 0 0 0 0 0 0 0 0 0 0 0 0 0 0 0 0 0 0 0 0 0 0 0 0 0 0 0 0 0 0 0 0 0 0 0 0 0 0 0 0 0 0 0 0 0 0 0 0 0 0 0
        </DataArray>
        <DataArray type="Int32" Name="active_contact_facet" format="ascii">
          0 0 0 0 0 0 0 0 0 0 0 0 0 0 0 0 0 0 0 0 0 0 0 0 0 0 0 0 0 0 0 0 0 0 0 0 0 0 0 0 0 0 0 0 0 0 0 0 0 0 0 0 0 0 0 0 0 0 0 0 0 0 0 0 0 0 0 0 0 0 0 0 0 0 0 0 0 0 0 0 0 0 0 0 0 0 0 0 0 0 0 0 0 0 0 0 0 0 0 0 0 0 0 0 0 0 0 0 0 0 0 0 0 0 0 0 0 0 0 0 0 0 0 0 0 0 0 0 0 0 0 0 0 0 0 0 0 0 0 0 0 0 0 0 0 0 0 0 0 0 0 0 0 0 0 0 0 0 0 0 0 0 0 0 0 0 0 0 0 0 0 0 0 0 0 0 0 0 0 0 0 0 0 0 0 0 0 0 0 0 0 0 0 0 0 0 0 0 0 0 0 0 0 0 0 0 0 0 0 0 0 0 0 0 0 0 0 0 0 0 0 0 0 0 0 0 0 0 0 0 0 0 0 0 0 0 0 0 0 0 0 0 0 0 0 0 0 0 0 0 0 0 0 0 0 0 0 0 0 0 0 0 0 0 0 0 0 0 0 0 0 0 0 0 0 0 0 0 0 0 0 0 0 0 0 0 0 0 0 0 0 0 0 0 0 0 0 0 0 0 0 0 0 0 0 0 0 0 0 0 0 0 0 0 0 0 0 0 0 0 0 0 0 0 0 0 0 0 0 0 0 0 0 0 0 0 0 0 0 0 0 0 0 0 0 0 0 0 0 0 0 0 0 0 0 0 0 0 0 0 0 0 0 0 0 0 0 0 0 0 0 0 0 0 0 0 0 0 0 0 0 0 0 0 0 0 0 0 0 0 0 0 0 0 0 0 0 0 0 0 0 0 0 0 0 0 0 0 0 0 0 0 0 0 0 0 0 0 0 0 0 0 0 0 0 0 1 1 1 1 1 1 1 1 1 1 1 1 1 1 1 1 1 1 1 1 1 1 1 1 1 1 1 1 1 1 1 1 1 1 1 1 1 1 1 1 1 1 1 1 1 1 1 1 0 0 0 0 0 0
        </DataArray>
        <DataArray type="Int32" Name="active_contact_surface_index" format="ascii">
          -1 -1 -1 -1 -1 -1 -1 -1 -1 -1 -1 -1 -1 -1 -1 -1 -1 -1 -1 -1 -1 -1 -1 -1 -1 -1 -1 -1 -1 -1 -1 -1 -1 -1 -1 -1 -1 -1 -1 -1 -1 -1 -1 -1 -1 -1 -1 -1 -1 -1 -1 -1 -1 -1 -1 -1 -1 -1 -1 -1 -1 -1 -1 -1 -1 -1 -1 -1 -1 -1 -1 -1 -1 -1 -1 -1 -1 -1 -1 -1 -1 -1 -1 -1 -1 -1 -1 -1 -1 -1 -1 -1 -1 -1 -1 -1 -1 -1 -1 -1 -1 -1 -1 -1 -1 -1 -1 -1 -1 -1 -1 -1 -1 -1 -1 -1 -1 -1 -1 -1 -1 -1 -1 -1 -1 -1 -1 -1 -1 -1 -1 -1 -1 -1 -1 -1 -1 -1 -1 -1 -1 -1 -1 -1 -1 -1 -1 -1 -1 -1 -1 -1 -1 -1 -1 -1 -1 -1 -1 -1 -1 -1 -1 -1 -1 -1 -1 -1 -1 -1 -1 -1 -1 -1 -1 -1 -1 -1 -1 -1 -1 -1 -1 -1 -1 -1 -1 -1 -1 -1 -1 -1 -1 -1 -1 -1 -1 -1 -1 -1 -1 -1 -1 -1 -1 -1 -1 -1 -1 -1 -1 -1 -1 -1 -1 -1 -1 -1 -1 -1 -1 -1 -1 -1 -1 -1 -1 -1 -1 -1 -1 -1 -1 -1 -1 -1 -1 -1 -1 -1 -1 -1 -1 -1 -1 -1 -1 -1 -1 -1 -1 -1 -1 -1 -1 -1 -1 -1 -1 -1 -1 -1 -1 -1 -1 -1 -1 -1 -1 -1 -1 -1 -1 -1 -1 -1 -1 -1 -1 -1 -1 -1 -1 -1 -1 -1 -1 -1 -1 -1 -1 -1 -1 -1 -1 -1 -1 -1 -1 -1 -1 -1 -1 -1 -1 -1 -1 -1 -1 -1 -1 -1 -1 -1 -1 -1 -1 -1 -1 -1 -1 -1 -1 -1 -1 -1 -1 -1 -1 -1 -1 -1 -1 -1 -1 -1 -1 -1 -1 -1 -1 -1 -1 -1 -1 -1 -1 -1 -1 -1 -1 -1 -1 -1 -1 -1 -1 -1 -1 -1 -1 -1 -1 -1 -1 -1 -1 -1 -1 -1 -1 -1 -1 -1 -1 -1 -1 -1 -1 -1 -1 -1 -1 -1 -1 -1 -1 -1 -1 -1 -1 -1 -1 -1 -1 -1 -1 -1 -1 -1 -1 -1 -1 -1 -1 -1 -1 -1 -1 -1 -1 -1 -1 -1 -1 -1 -1 -1 -1 -1 -1 -1 -1 -1 -1 -1 0 0 0 0 0 0 0 0 0 0 0 0 0 0 0 0 0 0 0 0 0 0 0 0 0 0 0 0 0 0 0 0 0 0 0 0 0 0 0 0 0 0 0 0 0 0 0 0 -1 -1 -1 -1 -1 -1
        </DataArray>
      </CellData>
      <Points>
        <DataArray type="Float64" NumberOfComponents="3" format="ascii">
          -0.12499999999999993 0.36349364905389026 0 -0.11712328622059982 0.35913321701784251 0 -0.10909467586626495 0.3550592262446966 0 -0.10092458337028437 0.35127696121392904 0 -0.092623635604761445 0.34779133924989714 0 -0.08420294885537892 0.34460700221956797 0 -0.075676534062768641 0.34172901521115362 0 -0.067076477490175812 0.33916655928316353 0 -0.058520385706652932 0.33694575820046957 0 -0.05037540374552428 0.33512795443849569 0 -0.043265506683194198 0.33377226815111483 0 -0.03753762043117826 0.33283421140383362 0 -0.033015259540177345 0.33218960345156068 0 -0.029361592551488069 0.3317301933725319 0 -0.026308844248670551 0.331388164573166 0 -0.02367856625948191 0.33112387519109965 0 -0.021354732524389006 0.33091371896707794 0 -0.019259660913057777 0.33074297309501172 0 -0.017339992082999998 0.330602075641032 0 -0.015557585355589178 0.33048454649480408 0 -0.013884265875547228 0.33038584342810773 0 -0.012298739022899317 0.33030270121916283 0 -0.010784239179744413 0.3302327079353381 0 -0.0093275114723978744 0.33017406553815853 0 -0.0079175516515268655 0.33012540670199086 0 -0.0065452064489767503 0.33008569414189126 0 -0.0052025947479141217 0.33005413984646792 0 -0.0038827951545273047 0.33003015401495317 0 -0.0025795655533648373 0.3300133086711296 0 -0.0012871214569483232 0.33000331338524691 0 1.4163847244119949e-16 0.33000000000000002 0 0.0012871214569487174 0.33000331338524691 0 0.0025795655533651209 0.3300133086711296 0 0.0038827951545275883 0.33003015401495323 0 0.0052025947479144045 0.33005413984646792 0 0.0065452064489770331 0.33008569414189126 0 0.00791755165152715 0.33012540670199092 0 0.0093275114723981589 0.33017406553815853 0 0.010784239179744698 0.33023270793533815 0 0.012298739022899713 0.33030270121916289 0 0.013884265875547513 0.33038584342810773 0 0.015557585355589572 0.33048454649480408 0 0.017339992083000282 0.33060207564103206 0 0.019259660913058172 0.33074297309501177 0 0.021354732524389512 0.330913718967078 0 0.023678566259482416 0.3311238751910997 0 0.026308844248671054 0.33138816457316606 0 0.02936159255148868 0.33173019337253196 0 0.033015259540177949 0.33218960345156079 0 0.03753762043117919 0.33283421140383379 0 0.043265506683195239 0.33377226815111499 0 0.050375403745525529 0.33512795443849591 0 0.058520385706654063 0.33694575820046985 0 0.067076477490176728 0.3391665592831638 0 0.075676534062769321 0.34172901521115384 0 0.084202948855379392 0.34460700221956819 0 0.092623635604762014 0.3477913392498973 0 0.10092458337028493 0.35127696121392926 0 0.1090946758662652 0.35505922624469677 0 0.11712328622059996 0.35913321701784257 0 0.12500000000000008 0.36349364905389037 0 -0.1525327020393287 0.31580561025211756 0 -0.14292105055163021 0.31048474240797985 0 -0.13312404550388915 0.30551340784228992 0 -0.12315439522930387 0.30089805500251515 0 -0.11302506729200354 0.29664468431082386 0 -0.10274962646872282 0.29275896005930385 0 -0.092345169772523231 0.2892470629806837 0 -0.08185085083885385 0.28612019636825947 0 -0.071410180449755889 0.28341023804957804 0 -0.061471171597015539 0.28119204189284897 0 -0.052795237115905988 0.27953774995259401 0 -0.045805717379954675 0.27839307530996188 0 -0.040287253969543822 0.27760648496823198 0 -0.035828824384450439 0.27704588448264506 0 -0.032103672806252592 0.27662851986710468 0 -0.028894045535808464 0.2763060176785696 0 -0.026058360426177533 0.27604957210496633 0 -0.02350182495543959 0.27584121747113971 0 -0.021159326766084469 0.2756692857162118 0 -0.018984324251964071 0.27552586941027163 0 -0.016942436718637325 0.27540542584656957 0 -0.015007679158714938 0.27530397060029854 0 -0.01315959313219848 0.27521856048264737 0 -0.011382004225501487 0.2751470014162804 0 -0.0096614843755467427 0.27508762490621053 0 -0.0079868642005413108 0.27503916519343541 0 -0.0063485266761196925 0.27500066069790041 0 -0.0047380258910821029 0.2749713917083676 0 -0.00314774483153852 0.27495083598188608 0 -0.0015706249094490025 0.27493863911817928 0 1.7283599131343331e-16 0.27493459592134245 0 0.0015706249094494837 0.27493863911817928 0 0.003147744831538866 0.27495083598188608 0 0.004738025891082449 0.27497139170836765 0 0.0063485266761200377 0.27500066069790041 0 0.007986864200541656 0.27503916519343535 0 0.0096614843755470897 0.27508762490621058 0 0.011382004225501834 0.2751470014162804 0 0.013159593132198827 0.27521856048264742 0 0.01500767915871542 0.27530397060029854 0 0.016942436718637672 0.27540542584656957 0 0.018984324251964554 0.27552586941027168 0 0.021159326766084816 0.27566928571621185 0 0.023501824955440072 0.27584121747113977 0 0.026058360426178151 0.27604957210496639 0 0.028894045535809081 0.27630601767856966 0 0.032103672806253203 0.27662851986710474 0 0.035828824384451188 0.27704588448264517 0 0.040287253969544558 0.27760648496823209 0 0.045805717379955806 0.27839307530996205 0 0.052795237115907258 0.27953774995259423 0 0.061471171597017059 0.28119204189284924 0 0.071410180449757277 0.28341023804957838 0 0.081850850838854974 0.2861201963682598 0 0.092345169772524063 0.28924706298068392 0 0.1027496264687234 0.29275896005930413 0 0.11302506729200423 0.29664468431082402 0 0.12315439522930453 0.30089805500251549 0 0.13312404550388945 0.30551340784229009 0 0.14292105055163037 0.31048474240797991 0 0.15253270203932889 0.31580561025211767 0 -0.17544528900542578 0.27611984549399693 0 -0.1643898304019068 0.26999970742397361 0 -0.15312117549048093 0.26428160751517343 0 -0.14165394157721392 0.25897296286382837 0 -0.13000304413928501 0.25408067524108247 0 -0.1181840855763284 0.24961125979646825 0 -0.10621673111657121 0.24557182569690736 0 -0.094146015829838711 0.2419752591301082 0 -0.082137007864101746 0.23885822642789376 0 -0.070705018151188168 0.2363068255768965 0 -0.06072583459199353 0.23440403539697469 0 -0.052686389320992393 0.23308741429993279 0 -0.046338974012924465 0.232182666872079 0 -0.041210824726843072 0.2315378561993813 0 -0.036926102260853931 0.23105779746695787 0 -0.033234343205031436 0.23068685085081631 0 -0.029972697754999975 0.23039188349513806 0 -0.027032134200303409 0.23015223102416893 0 -0.02433775937882985 0.22995447266790014 0 -0.0218360404715034 0.22978951318768798 0 -0.019487432313308448 0.22965097728318989 0 -0.01726204657819904 0.22953428201217482 0 -0.015136351676751165 0.22943604207690227 0 -0.013091743567810165 0.22935373381833307 0 -0.011112777101740143 0.22928543810974031 0 -0.0091866050963272262 0.22922969905706975 0 -0.0073021659130072317 0.22918541063723044 0 -0.0054497449442792818 0.22915174502809335 0 -0.0036205809921482819 0.22912810153836913 0 -0.0018065551679950671 0.2291140725318061 0 1.9879842185386635e-16 0.22910942198914827 0 0.0018065551679956205 0.22911407253180605 0 0.00362058099214868 0.22912810153836913 0 0.0054497449442796799 0.22915174502809338 0 0.0073021659130076281 0.22918541063723044 0 0.0091866050963276234 0.22922969905706972 0 0.011112777101740542 0.22928543810974036 0 0.013091743567810564 0.22935373381833307 0 0.015136351676751564 0.22943604207690232 0 0.017262046578199595 0.22953428201217485 0 0.019487432313308847 0.22965097728318992 0 0.021836040471503951 0.22978951318768803 0 0.024337759378830252 0.22995447266790017 0 0.027032134200303964 0.23015223102416899 0 0.029972697755000687 0.23039188349513814 0 0.033234343205032151 0.23068685085081636 0 0.036926102260854639 0.23105779746695795 0 0.041210824726843932 0.23153785619938139 0 0.046338974012925319 0.23218266687207914 0 0.052686389320993697 0.23308741429993299 0 0.060725834591994987 0.23440403539697491 0 0.070705018151189916 0.23630682557689681 0 0.082137007864103329 0.23885822642789414 0 0.094146015829840002 0.24197525913010859 0 0.10621673111657216 0.24557182569690766 0 0.11818408557632906 0.24961125979646856 0 0.13000304413928582 0.25408067524108274 0 0.1416539415772147 0.2589729628638287 0 0.15312117549048126 0.2642816075151736 0 0.16438983040190699 0.26999970742397367 0 0.175445289005426 0.27611984549399704 0 -0.19366839727346258 0.2445564961019287 0 -0.18146463300595683 0.23780067303119887 0 -0.16902552820869954 0.23148864692286253 0 -0.15636721845451951 0.22562860527028472 0 -0.14350616845772307 0.22022816671608286 0 -0.13045960120416469 0.21529452312374378 0 -0.11724922450517607 0.21083552207339618 0 -0.10392475112217478 0.20686538821213432 0 -0.090668394461058621 0.20342459632134627 0 -0.078048989643194219 0.20060818719223303 0 -0.067033290692468078 0.19850775846837174 0 -0.058158806290927047 0.19705438289399171 0 -0.05115209920570836 0.19605566138210029 0 -0.045491300566745073 0.19534387567252601 0 -0.04076153359805746 0.19481395431736953 0 -0.036686319817658818 0.19440447830904004 0 -0.033085894577615238 0.19407887335637344 0 -0.029839901288498036 0.19381432872130042 0 -0.026865667803593132 0.19359602964856312 0 -0.024104100970096402 0.19341393619750008 0 -0.021511548155486896 0.19326101087963563 0 -0.019055016600396026 0.19313219473281859 0 -0.016708530542038261 0.19302375083603265 0 -0.014451553579273059 0.19293289340344025 0 -0.012267036309448524 0.19285750397293006 0 -0.010140797142378075 0.19279597543000113 0 -0.0080606254919349009 0.19274708687142722 0 -0.0060157977161477598 0.1927099244910534 0 -0.0039966426110560078 0.19268382520513472 0 -0.0019941979973077278 0.19266833903715719 0 2.1944716759958894e-16 0.19266320545307467 0 0.0019941979973083384 0.19266833903715716 0 0.0039966426110564467 0.19268382520513472 0 0.0060157977161481996 0.19270992449105345 0 0.0080606254919353398 0.19274708687142722 0 0.010140797142378512 0.1927959754300011 0 0.012267036309448965 0.19285750397293011 0 0.0144515535792735 0.19293289340344025 0 0.016708530542038701 0.19302375083603271 0 0.01905501660039664 0.19313219473281865 0 0.021511548155487337 0.19326101087963565 0 0.024104100970097013 0.19341393619750014 0 0.026865667803593573 0.19359602964856318 0 0.029839901288498651 0.19381432872130047 0 0.033085894577616022 0.19407887335637353 0 0.036686319817659602 0.19440447830904015 0 0.040761533598058237 0.19481395431736961 0 0.045491300566746024 0.19534387567252609 0 0.051152099205709296 0.1960556613821004 0 0.05815880629092849 0.19705438289399194 0 0.067033290692469688 0.19850775846837199 0 0.078048989643196148 0.20060818719223339 0 0.09066839446106037 0.20342459632134668 0 0.1039247511221762 0.20686538821213477 0 0.11724922450517712 0.21083552207339651 0 0.13045960120416542 0.21529452312374411 0 0.14350616845772396 0.22022816671608314 0 0.15636721845452037 0.22562860527028511 0 0.16902552820869993 0.23148864692286272 0 0.18146463300595705 0.23780067303119895 0 0.19366839727346283 0.24455649610192881 0 -0.20851586497228658 0.21883992768382776 0 -0.19537650667748063 0.21156617362263283 0 -0.18198376561700388 0.20477023994301977 0 -0.16835501438738004 0.19846094182746027 0 -0.15450797996003779 0.1926464819970882 0 -0.14046120571037243 0.18733460367514926 0 -0.12623806366562337 0.18253375607164113 0 -0.11189207778526501 0.17825925435741535 0 -0.097619430753076636 0.17455467628790078 0 -0.084032567082609325 0.1715223488976779 0 -0.072172356396083909 0.16926089210692358 0 -0.062617515145668129 0.1676960943945042 0 -0.055073643202436955 0.16662080651661451 0 -0.048978862942699077 0.16585445219656911 0 -0.043886491319461679 0.16528390474900739 0 -0.039498853799195786 0.16484303651617094 0 -0.035622404188598376 0.16449246926152136 0 -0.032127558834873463 0.16420764347588668 0 -0.028925307582394783 0.1639726086399749 0 -0.025952026938406862 0.16377655510729353 0 -0.023160717668359469 0.1636119058646727 0 -0.020515857643426137 0.16347321410776192 0 -0.017989479685059439 0.16335645642681021 0 -0.015559472981647761 0.16325863346543454 0 -0.013207481048647052 0.16317746435093827 0 -0.010918235073044609 0.16311121876038281 0 -0.0086785883516927106 0.16305858219075245 0 -0.0064769951212517163 0.16301857077950946 0 -0.004303042740900675 0.16299047060800442 0 -0.0021470819513597556 0.16297379720255262 0 2.3627094875544084e-16 0.16296827005542666 0 0.0021470819513604135 0.16297379720255256 0 0.0043030427409011486 0.16299047060800442 0 0.006476995121252189 0.16301857077950951 0 0.0086785883516931825 0.16305858219075245 0 0.01091823507304508 0.16311121876038276 0 0.013207481048647525 0.1631774643509383 0 0.015559472981648236 0.16325863346543454 0 0.017989479685059914 0.16335645642681024 0 0.020515857643426796 0.16347321410776197 0 0.023160717668359945 0.16361190586467272 0 0.025952026938407521 0.16377655510729358 0 0.028925307582395258 0.16397260863997495 0 0.032127558834874122 0.16420764347588673 0 0.035622404188599223 0.16449246926152147 0 0.039498853799196633 0.16484303651617102 0 0.043886491319462519 0.16528390474900748 0 0.048978862942700097 0.16585445219656919 0 0.055073643202437961 0.16662080651661465 0 0.062617515145669683 0.16769609439450442 0 0.072172356396085643 0.16926089210692385 0 0.084032567082611406 0.17152234889767826 0 0.097619430753078523 0.17455467628790122 0 0.11189207778526655 0.1782592543574158 0 0.12623806366562448 0.18253375607164149 0 0.14046120571037321 0.18733460367514962 0 0.15450797996003873 0.19264648199708848 0 0.16835501438738099 0.19846094182746069 0 0.1819837656170043 0.20477023994301999 0 0.19537650667748085 0.21156617362263291 0 0.20851586497228683 0.2188399276838279 0 -0.22101746842856057 0.19718651532148251 0 -0.20709033771608559 0.18947666212258599 0 -0.19289463263197021 0.1822732771059298 0 -0.17844876734965973 0.17558570396972079 0 -0.16377153166411099 0.1694226372306063 0 -0.14888258072188337 0.16379228435807291 0 -0.13380668782400693 0.15870360113591275 0 -0.11860058596787194 0.15417282095859966 0 -0.10347222000277886 0.15024613429315625 0 -0.089070753655219284 0.14703200320858523 0 -0.076499462059188436 0.14463496039882334 0 -0.066371758708249878 0.14297634497861203 0 -0.058375592664655064 0.14183658803668975 0 -0.051915398838086213 0.14102428681558965 0 -0.046517713224979711 0.14041953210066557 0 -0.041867014165509003 0.13995223153941075 0 -0.03775815137207604 0.13958064596654848 0 -0.03405377198237225 0.13927874340343885 0 -0.030659529222047552 0.13902961701474584 0 -0.027507985041228554 0.13882180905981892 0 -0.024549322358420014 0.13864728824440001 0 -0.021745889309638056 0.13850028120007557 0 -0.019068041939481663 0.13837652329289202 0 -0.016492343778941879 0.13827283533955426 0 -0.0139993377773827 0.13818679971726269 0 -0.011572839677561045 0.13811658236127844 0 -0.00919891456354964 0.13806078995733828 0 -0.0068653244438424557 0.13801837965526198 0 -0.004561032386001725 0.13798859473328837 0 -0.0022758106077983924 0.13797092167103228 0 2.5043661288833897e-16 0.13796506314287871 0 0.0022758106077990893 0.13797092167103223 0 0.0045610323860022263 0.13798859473328837 0 0.0068653244438429571 0.13801837965526201 0 0.0091989145635501396 0.13806078995733828 0 0.011572839677561545 0.13811658236127838 0 0.013999337777383204 0.13818679971726272 0 0.016492343778942382 0.13827283533955426 0 0.019068041939482167 0.13837652329289207 0 0.021745889309638756 0.13850028120007563 0 0.024549322358420517 0.13864728824440006 0 0.027507985041229251 0.13882180905981895 0 0.030659529222048055 0.13902961701474589 0 0.03405377198237295 0.1392787434034389 0 0.037758151372076935 0.13958064596654857 0 0.041867014165509898 0.13995223153941083 0 0.046517713224980599 0.14041953210066566 0 0.051915398838087295 0.14102428681558976 0 0.058375592664656133 0.14183658803668989 0 0.06637175870825153 0.14297634497861228 0 0.076499462059190282 0.14463496039882365 0 0.089070753655221491 0.14703200320858562 0 0.10347222000278086 0.15024613429315675 0 0.11860058596787357 0.15417282095860016 0 0.13380668782400812 0.15870360113591314 0 0.14888258072188421 0.1637922843580733 0 0.16377153166411199 0.16942263723060658 0 0.17844876734966073 0.17558570396972123 0 0.19289463263197065 0.18227327710593003 0 0.20709033771608581 0.18947666212258607 0 0.22101746842856082 0.19718651532148265 0 -0.23183717396114675 0.17844623561610912 0 -0.21722825345941119 0.17035895369221343 0 -0.20233761077633761 0.16280293363149395 0 -0.18718456153418311 0.15578797654425214 0 -0.17178881536491966 0.14932320257914772 0 -0.15617098961460829 0.14341722099473694 0 -0.140357070338294 0.13807942599691558 0 -0.12440656784472674 0.13332684567095385 0 -0.10853760673077367 0.12920793169542086 0 -0.093431129932112986 0.12583645579948513 0 -0.080244422395430851 0.12332206797833106 0 -0.069620926703924613 0.12158225657589224 0 -0.061233315755108077 0.12038670388814951 0 -0.054456869121085237 0.11953463721285906 0 -0.048794944806366029 0.11890027729079254 0 -0.043916575080400408 0.11841010046322294 0 -0.039606566713204283 0.11802032426268264 0 -0.035720842860266215 0.11770364233911972 0 -0.032160438088251045 0.11744232019872788 0 -0.028854612979992957 0.1172243391977715 0 -0.025751111704896464 0.11704127487741807 0 -0.022810439186837238 0.11688707123934874 0 -0.020001500278024172 0.11675725487840324 0 -0.017299711198807195 0.11664849097731181 0 -0.014684662396651199 0.1165582435607891 0 -0.012139377328984347 0.11648458877915507 0 -0.0096492389089721225 0.11642606510973676 0 -0.0072014100455651594 0.1163815786505889 0 -0.0047843135035170077 0.11635033563533717 0 -0.0023872208089892261 0.11633179740468136 0 2.6269650539953182e-16 0.11632565207770627 0 0.0023872208089899568 0.1163317974046813 0 0.0047843135035175333 0.11635033563533717 0 0.0072014100455656859 0.11638157865058896 0 0.0096492389089726481 0.11642606510973676 0 0.012139377328984872 0.11648458877915502 0 0.014684662396651726 0.11655824356078916 0 0.017299711198807723 0.11664849097731181 0 0.020001500278024699 0.1167572548784033 0 0.022810439186837971 0.11688707123934879 0 0.025751111704896995 0.11704127487741811 0 0.028854612979993689 0.11722433919777156 0 0.032160438088251572 0.11744232019872794 0 0.035720842860266951 0.11770364233911977 0 0.03960656671320522 0.11802032426268273 0 0.043916575080401345 0.11841010046322305 0 0.048794944806366959 0.11890027729079265 0 0.054456869121086368 0.11953463721285917 0 0.061233315755109201 0.12038670388814966 0 0.069620926703926334 0.1215822565758925 0 0.08024442239543278 0.12332206797833137 0 0.093431129932115303 0.12583645579948555 0 0.10853760673077578 0.12920793169542139 0 0.12440656784472845 0.13332684567095435 0 0.14035707033829528 0.138079425996916 0 0.15617098961460918 0.14341722099473736 0 0.17178881536492072 0.14932320257914802 0 0.18718456153418414 0.15578797654425261 0 0.20233761077633808 0.16280293363149423 0 0.21722825345941146 0.17035895369221354 0 0.23183717396114706 0.17844623561610928 0 -0.24140280229162062 0.16187808134140813 0 -0.22619111605805095 0.15345711723977545 0 -0.21068608375369927 0.14558933492659443 0 -0.19490781796560763 0.13828493990709922 0 -0.17887684154741881 0.13155342862832708 0 -0.16261462251925193 0.12540376556782759 0 -0.14614821912375714 0.11984573253750681 0 -0.1295395970718341 0.1148970602033821 0 -0.11301588080618022 0.1106081993658254 0 -0.097286109045930963 0.10709761598857144 0 -0.083555316447119402 0.10447948423815492 0 -0.072493494107565032 0.10266788801813702 0 -0.063759809371071827 0.1014230066896718 0 -0.056703765773391993 0.10053578364584326 0 -0.050808229813462884 0.09987524996079232 0 -0.045728577994294028 0.09936484838121841 0 -0.04124073818860418 0.098958989970035494 0 -0.03719468892478834 0.098629241714063384 0 -0.033487381444405738 0.098357137392251714 0 -0.030045157613842469 0.098130162470248819 0 -0.026813605520952195 0.097939544895086619 0 -0.023751600518249639 0.097778978797262564 0 -0.020826764468587129 0.097643806198407498 0 -0.018013499262752707 0.097530554686309431 0 -0.015290553247737882 0.097436583651052538 0 -0.012640249426881404 0.09735988986469879 0 -0.010047367610673099 0.097298951501982478 0 -0.0074985410482177441 0.097252629526438886 0 -0.0049817148262176567 0.097220097420802232 0 -0.0024857178127759912 0.097200794300627932 0 2.7353539327688042e-16 0.097194395416758561 0 0.0024857178127767527 0.097200794300627877 0 0.0049817148262182049 0.097220097420802232 0 0.0074985410482182914 0.097252629526438941 0 0.010047367610673643 0.097298951501982478 0 0.012640249426881951 0.097359889864698734 0 0.015290553247738432 0.097436583651052594 0 0.018013499262753259 0.097530554686309431 0 0.020826764468587677 0.097643806198407554 0 0.023751600518250402 0.09777897879726262 0 0.026813605520952744 0.097939544895086675 0 0.030045157613843233 0.098130162470248875 0 0.033487381444406293 0.09835713739225177 0 0.037194688924789103 0.09862924171406344 0 0.041240738188605158 0.098958989970035591 0 0.045728577994295007 0.099364848381218521 0 0.050808229813463855 0.099875249960792431 0 0.056703765773393172 0.10053578364584337 0 0.063759809371072992 0.10142300668967197 0 0.072493494107566836 0.1026678880181373 0 0.083555316447121414 0.10447948423815524 0 0.097286109045933364 0.10709761598857187 0 0.1130158808061824 0.11060819936582593 0 0.12953959707183585 0.11489706020338263 0 0.14614821912375844 0.11984573253750724 0 0.16261462251925285 0.12540376556782801 0 0.17887684154741992 0.13155342862832742 0 0.19490781796560872 0.13828493990709972 0 0.21068608375369974 0.1455893349265947 0 0.22619111605805123 0.15345711723977556 0 0.24140280229162092 0.1618780813414083 0 -0.24999999999999986 0.14698729810778055 0 -0.23424657244119965 0.13826643403568506 0 -0.2181893517325299 0.13011845248939324 0 -0.20184916674056874 0.12255392242785806 0 -0.18524727120952289 0.11558267849979431 0 -0.16840589771075784 0.10921400443913598 0 -0.15135306812553728 0.10345803042230733 0 -0.13415295498035162 0.098333118566327093 0 -0.11704077141330586 0.093891516400939179 0 -0.10075080749104856 0.09025590887699142 0 -0.086531013366388396 0.087544536302229692 0 -0.075075240862356521 0.085668422807667344 0 -0.066030519080354691 0.084379206903121451 0 -0.058723185102976139 0.083460386745063841 0 -0.052617688497341102 0.082776329146332039 0 -0.04735713251896382 0.082247750382199336 0 -0.042709465048778011 0.081827437934155922 0 -0.038519321826115553 0.081485946190023473 0 -0.034679984165999996 0.081204151282064041 0 -0.031115170711178357 0.080969092989608193 0 -0.027768531751094457 0.080771686856215497 0 -0.024597478045798635 0.080605402438325757 0 -0.021568478359488826 0.080465415870676293 0 -0.018655022944795749 0.080348131076317053 0 -0.015835103303053731 0.080250813403981824 0 -0.013090412897953501 0.080171388283782619 0 -0.010405189495828243 0.08010827969293588 0 -0.0077655903090546093 0.080060308029906435 0 -0.0051591311067296745 0.080026617342259243 0 -0.0025742429138966463 0.080006626770493861 0 2.8327694488239898e-16 0.080000000000000071 0 0.0025742429138974347 0.080006626770493805 0 0.0051591311067302418 0.080026617342259243 0 0.0077655903090551766 0.080060308029906491 0 0.010405189495828809 0.08010827969293588 0 0.013090412897954066 0.080171388283782563 0 0.0158351033030543 0.08025081340398188 0 0.018655022944796318 0.080348131076317053 0 0.021568478359489395 0.080465415870676349 0 0.024597478045799426 0.080605402438325813 0 0.027768531751095026 0.080771686856215552 0 0.031115170711179144 0.080969092989608249 0 0.034679984166000564 0.081204151282064096 0 0.038519321826116344 0.081485946190023528 0 0.042709465048779024 0.081827437934156033 0 0.047357132518964833 0.082247750382199447 0 0.052617688497342108 0.08277632914633215 0 0.05872318510297736 0.083460386745063952 0 0.066030519080355898 0.084379206903121617 0 0.075075240862358381 0.085668422807667621 0 0.086531013366390477 0.087544536302230025 0 0.10075080749105106 0.090255908876991864 0 0.11704077141330813 0.093891516400939734 0 0.13415295498035346 0.098333118566327649 0 0.15135306812553864 0.10345803042230778 0 0.16840589771075878 0.10921400443913643 0 0.18524727120952403 0.11558267849979464 0 0.20184916674056985 0.12255392242785856 0 0.2181893517325304 0.13011845248939352 0 0.23424657244119992 0.13826643403568517 0 0.25000000000000017 0.14698729810778072 0
        </DataArray>
      </Points>
      <Cells>
        <DataArray type="Int32" Name="connectivity" format="ascii">
          1 0 61 62 2 1 62 63 3 2 63 64 4 3 64 65 5 4 65 66 6 5 66 67 7 6 67 68 8 7 68 69 9 8 69 70 10 9 70 71 11 10 71 72 12 11 72 73 13 12 73 74 14 13 74 75 15 14 75 76 16 15 76 77 17 16 77 78 18 17 78 79 19 18 79 80 20 19 80 81 21 20 81 82 22 21 82 83 23 22 83 84 24 23 84 85 25 24 85 86 26 25 86 87 27 26 87 88 28 27 88 89 29 28 89 90 30 29 90 91 31 30 91 92 32 31 92 93 33 32 93 94 34 33 94 95 35 34 95 96 36 35 96 97 37 36 97 98 38 37 98 99 39 38 99 100 40 39 100 101 41 40 101 102 42 41 102 103 43 42 103 104 44 43 104 105 45 44 105 106 46 45 106 107 47 46 107 108 48 47 108 109 49 48 109 110 50 49 110 111 51 50 111 112 52 51 112 113 53 52 113 114 54 53 114 115 55 54 115 116 56 55 116 117 57 56 117 118 58 57 118 119 59 58 119 120 60 59 120 121 62 61 122 123 63 62 123 124 64 63 124 125 65 64 125 126 66 65 126 127 67 66 127 128 68 67 128 129 69 68 129 130 70 69 130 131 71 70 131 132 72 71 132 133 73 72 133 134 74 73 134 135 75 74 135 136 76 75 136 137 77 76 137 138 78 77 138 139 79 78 139 140 80 79 140 141 81 80 141 142 82 81 142 143 83 82 143 144 84 83 144 145 85 84 145 146 86 85 146 147 87 86 147 148 88 87 148 149 89 88 149 150 90 89 150 151 91 90 151 152 92 91 152 153 93 92 153 154 94 93 154 155 95 94 155 156 96 95 156 157 97 96 157 158 98 97 158 159 99 98 159 160 100 99 160 161 101 100 161 162 102 101 162 163 103 102 163 164 104 103 164 165 105 104 165 166 106 105 166 167 107 106 167 168 108 107 168 169 109 108 169 170 110 109 170 171 111 110 171 172 112 111 172 173 113 112 173 174 114 113 174 175 115 114 175 176 116 115 176 177 117 116 177 178 118 117 178 179 119 118 179 180 120 119 180 181 121 120 181 182 123 122 183 184 124 123 184 185 125 124 185 186 126 125 186 187 127 126 187 188 128 127 188 189 129 128 189 190 130 129 190 191 131 130 191 192 132 131 192 193 133 132 193 194 134 133 194 195 135 134 195 196 136 135 196 197 137 136 197 198 138 137 198 199 139 138 199 200 140 139 200 201 141 140 201 202 142 141 202 203 143 142 203 204 144 143 204 205 145 144 205 206 146 145 206 207 147 146 207 208 148 147 208 209 149 148 209 210 150 149 210 211 151 150 211 212 152 151 212 213 153 152 213 214 154 153 214 215 155 154 215 216 156 155 216 217 157 156 217 218 158 157 218 219 159 158 219 220 160 159 220 221 161 160 221 222 162 161 222 223 163 162 223 224 164 163 224 225 165 164 225 226 166 165 226 227 167 166 227 228 168 167 228 229 169 168 229 230 170 169 230 231 171 170 231 232 172 171 232 233 173 172 233 234 174 173 234 235 175 174 235 236 176 175 236 237 177 176 237 238 178 177 238 239 179 178 239 240 180 179 240 241 181 180 241 242 182 181 242 243 184 183 244 245 185 184 245 246 186 185 246 247 187 186 247 248 188 187 248 249 189 188 249 250 190 189 250 251 191 190 251 252 192 191 252 253 193 192 253 254 194 193 254 255 195 194 255 256 196 195 256 257 197 196 257 258 198 197 258 259 199 198 259 260 200 199 260 261 201 200 261 262 202 201 262 263 203 202 263 264 204 203 264 265 205 204 265 266 206 205 266 267 207 206 267 268 208 207 268 269 209 208 269 270 210 209 270 271 211 210 271 272 212 211 272 273 213 212 273 274 214 213 274 275 215 214 275 276 216 215 276 277 217 216 277 278 218 217 278 279 219 218 279 280 220 219 280 281 221 220 281 282 222 221 282 283 223 222 283 284 224 223 284 285 225 224 285 286 226 225 286 287 227 226 287 288 228 227 288 289 229 228 289 290 230 229 290 291 231 230 291 292 232 231 292 293 233 232 293 294 234 233 294 295 235 234 295 296 236 235 296 297 237 236 297 298 238 237 298 299 239 238 299 300 240 239 300 301 241 240 301 302 242 241 302 303 243 242 303 304 245 244 305 306 246 245 306 307 247 246 307 308 248 247 308 309 249 248 309 310 250 249 310 311 251 250 311 312 252 251 312 313 253 252 313 314 254 253 314 315 255 254 315 316 256 255 316 317 257 256 317 318 258 257 318 319 259 258 319 320 260 259 320 321 261 260 321 322 262 261 322 323 263 262 323 324 264 263 324 325 265 264 325 326 266 265 326 327 267 266 327 328 268 267 328 329 269 268 329 330 270 269 330 331 271 270 331 332 272 271 332 333 273 272 333 334 274 273 334 335 275 274 335 336 276 275 336 337 277 276 337 338 278 277 338 339 279 278 339 340 280 279 340 341 281 280 341 342 282 281 342 343 283 282 343 344 284 283 344 345 285 284 345 346 286 285 346 347 287 286 347 348 288 287 348 349 289 288 349 350 290 289 350 351 291 290 351 352 292 291 352 353 293 292 353 354 294 293 354 355 295 294 355 356 296 295 356 357 297 296 357 358 298 297 358 359 299 298 359 360 300 299 360 361 301 300 361 362 302 301 362 363 303 302 363 364 304 303 364 365 306 305 366 367 307 306 367 368 308 307 368 369 309 308 369 370 310 309 370 371 311 310 371 372 312 311 372 373 313 312 373 374 314 313 374 375 315 314 375 376 316 315 376 377 317 316 377 378 318 317 378 379 319 318 379 380 320 319 380 381 321 320 381 382 322 321 382 383 323 322 383 384 324 323 384 385 325 324 385 386 326 325 386 387 327 326 387 388 328 327 388 389 329 328 389 390 330 329 390 391 331 330 391 392 332 331 392 393 333 332 393 394 334 333 394 395 335 334 395 396 336 335 396 397 337 336 397 398 338 337 398 399 339 338 399 400 340 339 400 401 341 340 401 402 342 341 402 403 343 342 403 404 344 343 404 405 345 344 405 406 346 345 406 407 347 346 407 408 348 347 408 409 349 348 409 410 350 349 410 411 351 350 411 412 352 351 412 413 353 352 413 414 354 353 414 415 355 354 415 416 356 355 416 417 357 356 417 418 358 357 418 419 359 358 419 420 360 359 420 421 361 360 421 422 362 361 422 423 363 362 423 424 364 363 424 425 365 364 425 426 367 366 427 428 368 367 428 429 369 368 429 430 370 369 430 431 371 370 431 432 372 371 432 433 373 372 433 434 374 373 434 435 375 374 435 436 376 375 436 437 377 376 437 438 378 377 438 439 379 378 439 440 380 379 440 441 381 380 441 442 382 381 442 443 383 382 443 444 384 383 444 445 385 384 445 446 386 385 446 447 387 386 447 448 388 387 448 449 389 388 449 450 390 389 450 451 391 390 451 452 392 391 452 453 393 392 453 454 394 393 454 455 395 394 455 456 396 395 456 457 397 396 457 458 398 397 458 459 399 398 459 460 400 399 460 461 401 400 461 462 402 401 462 463 403 402 463 464 404 403 464 465 405 404 465 466 406 405 466 467 407 406 467 468 408 407 468 469 409 408 469 470 410 409 470 471 411 410 471 472 412 411 472 473 413 412 473 474 414 413 474 475 415 414 475 476 416 415 476 477 417 416 477 478 418 417 478 479 419 418 479 480 420 419 480 481 421 420 481 482 422 421 482 483 423 422 483 484 424 423 484 485 425 424 485 486 426 425 486 487 428 427 488 489 429 428 489 490 430 429 490 491 431 430 491 492 432 431 492 493 433 432 493 494 434 433 494 495 435 434 495 496 436 435 496 497 437 436 497 498 438 437 498 499 439 438 499 500 440 439 500 501 441 440 501 502 442 441 502 503 443 442 503 504 444 443 504 505 445 444 505 506 446 445 506 507 447 446 507 508 448 447 508 509 449 448 509 510 450 449 510 511 451 450 511 512 452 451 512 513 453 452 513 514 454 453 514 515 455 454 515 516 456 455 516 517 457 456 517 518 458 457 518 519 459 458 519 520 460 459 520 521 461 460 521 522 462 461 522 523 463 462 523 524 464 463 524 525 465 464 525 526 466 465 526 527 467 466 527 528 468 467 528 529 469 468 529 530 470 469 530 531 471 470 531 532 472 471 532 533 473 472 533 534 474 473 534 535 475 474 535 536 476 475 536 537 477 476 537 538 478 477 538 539 479 478 539 540 480 479 540 541 481 480 541 542 482 481 542 543 483 482 543 544 484 483 544 545 485 484 545 546 486 485 546 547 487 486 547 548
        </DataArray>
        <DataArray type="Int32" Name="offsets" format="ascii">
          4 8 12 16 20 24 28 32 36 40 44 48 52 56 60 64 68 72 76 80 84 88 92 96 100 104 108 112 116 120 124 128 132 136 140 144 148 152 156 160 164 168 172 176 180 184 188 192 196 200 204 208 212 216 220 224 228 232 236 240 244 248 252 256 260 264 268 272 276 280 284 288 292 296 300 304 308 312 316 320 324 328 332 336 340 344 348 352 356 360 364 368 372 376 380 384 388 392 396 400 404 408 412 416 420 424 428 432 436 440 444 448 452 456 460 464 468 472 476 480 484 488 492 496 500 504 508 512 516 520 524 528 532 536 540 544 548 552 556 560 564 568 572 576 580 584 588 592 596 600 604 608 612 616 620 624 628 632 636 640 644 648 652 656 660 664 668 672 676 680 684 688 692 696 700 704 708 712 716 720 724 728 732 736 740 744 748 752 756 760 764 768 772 776 780 784 788 792 796 800 804 808 812 816 820 824 828 832 836 840 844 848 852 856 860 864 868 872 876 880 884 888 892 896 900 904 908 912 916 920 924 928 932 936 940 944 948 952 956 960 964 968 972 976 980 984 988 992 996 1000 1004 1008 1012 1016 1020 1024 1028 1032 1036 1040 1044 1048 1052 1056 1060 1064 1068 1072 1076 1080 1084 1088 1092 1096 1100 1104 1108 1112 1116 1120 1124 1128 1132 1136 1140 1144 1148 1152 1156 1160 1164 1168 1172 1176 1180 1184 1188 1192 1196 1200 1204 1208 1212 1216 1220 1224 1228 1232 1236 1240 1244 1248 1252 1256 1260 1264 1268 1272 1276 1280 1284 1288 1292 1296 1300 1304 1308 1312 1316 1320 1324 1328 1332 1336 1340 1344 1348 1352 1356 1360 1364 1368 1372 1376 1380 1384 1388 1392 1396 1400 1404 1408 1412 1416 1420 1424 1428 1432 1436 1440 1444 1448 1452 1456 1460 1464 1468 1472 1476 1480 1484 1488 1492 1496 1500 1504 1508 1512 1516 1520 1524 1528 1532 1536 1540 1544 1548 1552 1556 1560 1564 1568 1572 1576 1580 1584 1588 1592 1596 1600 1604 1608 1612 1616 1620 1624 1628 1632 1636 1640 1644 1648 1652 1656 1660 1664 1668 1672 1676 1680 1684 1688 1692 1696 1700 1704 1708 1712 1716 1720 1724 1728 1732 1736 1740 1744 1748 1752 1756 1760 1764 1768 1772 1776 1780 1784 1788 1792 1796 1800 1804 1808 1812 1816 1820 1824 1828 1832 1836 1840 1844 1848 1852 1856 1860 1864 1868 1872 1876 1880 1884 1888 1892 1896 1900 1904 1908 1912 1916 1920
        </DataArray>
        <DataArray type="UInt8" Name="types" format="ascii">
          9 9 9 9 9 9 9 9 9 9 9 9 9 9 9 9 9 9 9 9 9 9 9 9 9 9 9 9 9 9 9 9 9 9 9 9 9 9 9 9 9 9 9 9 9 9 9 9 9 9 9 9 9 9 9 9 9 9 9 9 9 9 9 9 9 9 9 9 9 9 9 9 9 9 9 9 9 9 9 9 9 9 9 9 9 9 9 9 9 9 9 9 9 9 9 9 9 9 9 9 9 9 9 9 9 9 9 9 9 9 9 9 9 9 9 9 9 9 9 9 9 9 9 9 9 9 9 9 9 9 9 9 9 9 9 9 9 9 9 9 9 9 9 9 9 9 9 9 9 9 9 9 9 9 9 9 9 9 9 9 9 9 9 9 9 9 9 9 9 9 9 9 9 9 9 9 9 9 9 9 9 9 9 9 9 9 9 9 9 9 9 9 9 9 9 9 9 9 9 9 9 9 9 9 9 9 9 9 9 9 9 9 9 9 9 9 9 9 9 9 9 9 9 9 9 9 9 9 9 9 9 9 9 9 9 9 9 9 9 9 9 9 9 9 9 9 9 9 9 9 9 9 9 9 9 9 9 9 9 9 9 9 9 9 9 9 9 9 9 9 9 9 9 9 9 9 9 9 9 9 9 9 9 9 9 9 9 9 9 9 9 9 9 9 9 9 9 9 9 9 9 9 9 9 9 9 9 9 9 9 9 9 9 9 9 9 9 9 9 9 9 9 9 9 9 9 9 9 9 9 9 9 9 9 9 9 9 9 9 9 9 9 9 9 9 9 9 9 9 9 9 9 9 9 9 9 9 9 9 9 9 9 9 9 9 9 9 9 9 9 9 9 9 9 9 9 9 9 9 9 9 9 9 9 9 9 9 9 9 9 9 9 9 9 9 9 9 9 9 9 9 9 9 9 9 9 9 9 9 9 9 9 9 9 9 9 9 9 9 9 9 9 9 9 9 9 9 9 9 9 9 9 9 9 9 9 9 9 9 9 9 9 9 9 9 9 9 9 9 9 9 9 9 9 9 9 9 9 9 9 9 9 9 9 9 9 9 9 9 9 9 9 9 9 9 9 9 9 9 9
        </DataArray>
      </Cells>
    </Piece>
  </UnstructuredGrid>
</VTKFile>
