contour,relative_angle_deg,radius_мм,sigma_rr_mpa,sigma_tt_mpa,tau_rt_mpa
inner,-30.000000000000068,249.99999999999994,0.3079016057167659,0.1919504687484878,0.14547065016013916
inner,-29.812500000000043,249.99999999999997,0.23709203693607728,0.16508910227738155,0.12205831754520015
inner,-29.625000000000014,249.99999999999994,0.1476847273992635,0.13277328538810998,0.08735075895352055
inner,-29.43750000000009,249.99999999999997,0.11951164887767658,0.12164247312858817,0.06952493537719448
inner,-29.250000000000064,249.99999999999994,0.10301404279474193,0.11267051656032963,0.059294741880119614
inner,-29.062500000000036,249.99999999999997,0.09203887080709068,0.10556928433907968,0.05238996782558698
inner,-28.875000000000114,249.99999999999997,0.08380502652041034,0.0995942692106684,0.047241200814875636
inner,-28.687500000000085,249.99999999999994,0.07724785375104004,0.09445111136193399,0.04314526949664667
inner,-28.50000000000006,249.99999999999997,0.07179638204293967,0.08991716794712651,0.03974950006203126
inner,-28.312500000000135,249.99999999999997,0.06712870703067685,0.08584296924014513,0.03685191874828203
inner,-28.125000000000107,249.99999999999997,0.06304219522061608,0.08212039469884189,0.034326086070620196
inner,-27.93750000000008,249.99999999999994,0.059401700031265804,0.07867084602077662,0.03208715215714533
inner,-27.750000000000156,249.99999999999997,0.05611193206247077,0.07543599124116854,0.030075211472565935
inner,-27.56250000000013,249.99999999999997,0.053102787602059,0.07237195800529694,0.02824622329188542
inner,-27.375000000000206,249.99999999999994,0.050320757452102176,0.06944530195603157,0.026566719650640683
inner,-27.187500000000178,249.99999999999994,0.04772369693216276,0.06663023340338675,0.025010539843002774
inner,-27.000000000000153,249.99999999999994,0.04527748212677919,0.06390666117672354,0.023556728496579603
inner,-26.812500000000227,249.99999999999997,0.04295379498754293,0.06125879595979034,0.022188133815826627
inner,-26.625000000000203,249.99999999999994,0.040728607230469664,0.05867413806516671,0.02089044469466978
inner,-26.437500000000174,249.99999999999994,0.03858111323524757,0.056142734586010996,0.019651512036537935
inner,-26.25000000000025,249.99999999999994,0.03649295999893207,0.05365662780536534,0.01846085944220492
inner,-26.062500000000224,249.99999999999994,0.03444767893081605,0.05120944132718511,0.017309323242913482
inner,-25.875000000000195,249.99999999999997,0.032430258015713316,0.04879606663783426,0.016188782868621285
inner,-25.687500000000274,249.99999999999994,0.03042681366611559,0.04641242378883115,0.015091955586607144
inner,-25.500000000000245,249.99999999999994,0.028424334711128214,0.04405527738109258,0.014012237957230665
inner,-25.31250000000022,249.99999999999997,0.026410479484693022,0.04172209423025514,0.012943581772470516
inner,-25.125000000000295,249.99999999999994,0.024373412622466804,0.03941093274783039,0.011880395848740533
inner,-24.937500000000266,250.0,0.022301671994602326,0.037120356670670145,0.010817467490728747
inner,-24.75000000000024,249.99999999999994,0.02018405881805419,0.034849367631819304,0.009749899129519093
inner,-24.562500000000316,249.99999999999997,0.01800954583294058,0.03259735242629934,0.008673056820235486
inner,-24.37500000000029,249.99999999999994,0.015767199733766772,0.030364041817023617,0.007582528126308877
inner,-24.187500000000263,249.99999999999997,0.013446114986577816,0.02814947846352627,0.006474087523564502
inner,-24.000000000000288,249.99999999999997,0.011035356854254993,0.025953992110973653,0.00534366789999038
inner,-23.812500000000263,249.99999999999997,0.008523911957905566,0.023778180577695502,0.004187337057969345
inner,-23.625000000000288,249.99999999999994,0.0059006450951707735,0.021622895404949515,0.0030012783677777636
inner,-23.437500000000362,249.99999999999997,0.003154261316868032,0.01948923126104804,0.0017817749086316364
inner,-23.250000000000334,249.99999999999997,0.00027327249566077606,0.017378518373673976,0.0005251965772008543
inner,-23.06250000000031,249.99999999999997,-0.002754032204172872,0.01529231740424868,-0.0007720102483886786
inner,-22.875000000000384,250.0,-0.005939612406344283,0.013232416283861424,-0.002113330813548167
inner,-22.687500000000306,250.0,-0.009295699490751838,0.01120082860868282,-0.0035021881180766247
inner,-22.50000000000033,249.99999999999997,-0.012834816699812823,0.009199793251431132,-0.004941947276261894
inner,-22.312500000000405,249.99999999999997,-0.0165697965467968,0.007231774897560282,-0.006435918264962795
inner,-22.12500000000038,249.99999999999997,-0.020513795634571366,0.005299465238104055,-0.007987357183047274
inner,-21.93750000000035,249.99999999999997,-0.02468030692791542,0.003405784584452758,-0.009599466117438298
inner,-21.750000000000377,249.99999999999997,-0.029083169476569436,0.0015538836820600506,-0.01127539168655483
inner,-21.5625000000004,250.0,-0.03373657554574521,-0.00025285449569237024,-0.01301822231216803
inner,-21.375000000000377,250.0,-0.0386550750594857,-0.0020108131768859605,-0.014830984254637272
inner,-21.18750000000045,250.0,-0.04385357723493798,-0.0037161406562306867,-0.016716636433256785
inner,-21.000000000000423,249.99999999999997,-0.049347349244139166,-0.005364749807185525,-0.018678064040797422
inner,-20.812500000000398,250.00000000000003,-0.055152011709894366,-0.006952318459621191,-0.020718070954122075
inner,-20.625000000000473,249.99999999999997,-0.06128353081014621,-0.00847429086781428,-0.022839370935348356
inner,-20.437500000000448,250.0,-0.06775820673498247,-0.009925880506720278,-0.025044577610833868
inner,-20.25000000000042,250.00000000000003,-0.07459265821567537,-0.011302074444944162,-0.027336193213547612
inner,-20.062500000000444,250.00000000000003,-0.08180380281164788,-0.012597639545376575,-0.02971659607221152
inner,-19.87500000000047,250.00000000000003,-0.08940883262963463,-0.013807130772779118,-0.03218802682913808
inner,-19.68750000000044,249.99999999999997,-0.0974251851153336,-0.014924901883600522,-0.03475257337112081
inner,-19.500000000000465,250.00000000000003,-0.10587050854722352,-0.01594511879052503,-0.037412154461168114
inner,-19.31250000000049,250.00000000000003,-0.11476262184632345,-0.016861775904481326,-0.04016850206325869
inner,-19.125000000000465,250.0,-0.12411946829826133,-0.017668715756776927,-0.04302314235958769
inner,-18.93750000000049,250.00000000000003,-0.1339590627802639,-0.018359652216619053,-0.04597737546694777
inner,-18.75000000000051,250.0,-0.14429943207165105,-0.018928197618322207,-0.04903225386810561
inner,-18.562500000000487,250.00000000000003,-0.15515854782282398,-0.019367894123549483,-0.052188559580841086
inner,-18.37500000000051,250.00000000000003,-0.16655425172789073,-0.01967224963712428,-0.05544678009114508
inner,-18.187500000000536,250.0,-0.17850417242996172,-0.019834778618480625,-0.05880708307562533
inner,-18.000000000000508,250.00000000000003,-0.19102563365671116,-0.0198490481277687,-0.06226928993796231
inner,-17.812500000000533,250.00000000000003,-0.20413555309828543,-0.01970872937031722,-0.06583284820783761
inner,-17.625000000000558,250.00000000000006,-0.21785033175040078,-0.01940765472431914,-0.06949680296559102
inner,-17.43750000000053,250.00000000000006,-0.23218573420699926,-0.018939879438078486,-0.07325976783042554
inner,-17.250000000000554,250.00000000000003,-0.24715676215422114,-0.018299744894096328,-0.07711989704834825
inner,-17.06250000000058,250.00000000000006,-0.26277752701534834,-0.01748193697738597,-0.08107486176768944
inner,-16.875000000000554,250.00000000000003,-0.2790611323842349,-0.016481530725930185,-0.08512183480866943
inner,-16.68750000000058,250.00000000000006,-0.2960195784388526,-0.015294014992515882,-0.08925748700291408
inner,-16.5000000000006,250.00000000000003,-0.3136636962390391,-0.013915309824185042,-0.09347799141230531
inner,-16.312500000000625,250.00000000000006,-0.3320030959677617,-0.012341787926626845,-0.09777902920033983
inner,-16.1250000000006,250.00000000000006,-0.3510461104800929,-0.010570318043750231,-0.10215578920850382
inner,-15.937500000000624,250.00000000000006,-0.3707997117344372,-0.008598324674169416,-0.10660296120659597
inner,-15.7500000000007,250.00000000000003,-0.39126940302869684,-0.006423842455672046,-0.1111147300920431
inner,-15.562500000000622,250.00000000000006,-0.41245911352615966,-0.004045571296117668,-0.11568477224576766
inner,-15.375000000000647,250.00000000000006,-0.4343710949141361,-0.0014629222275447554,-0.12030625709345855
inner,-15.187500000000671,250.00000000000009,-0.45700583084393387,0.0013239442329444464,-0.12497185410699677
inner,-15.000000000000645,250.00000000000003,-0.4803619590694165,0.004314086997169732,-0.129673744806266
inner,-14.81250000000067,250.00000000000003,-0.5044362061324947,0.007505756571023316,-0.13440363838256103
inner,-14.625000000000643,250.00000000000006,-0.5292233301182808,0.01089637970227483,-0.13915279297088992
inner,-14.437500000000666,250.00000000000006,-0.5547160803186343,0.014482545327330287,-0.1439120395395755
inner,-14.25000000000064,250.00000000000003,-0.5809051641174195,0.01825999626742656,-0.14867180909227076
inner,-14.062500000000664,250.00000000000006,-0.6077792244061131,0.022223637203974585,-0.1534221659677618
inner,-13.875000000000638,250.00000000000003,-0.6353248383955538,0.026367541020608735,-0.15815284231364032
inner,-13.687500000000663,250.00000000000009,-0.6635265207880977,0.030684959514030174,-0.16285327436847105
inner,-13.500000000000636,250.00000000000006,-0.6923667358225393,0.03516835292683625,-0.1675126447315391
inner,-13.31250000000066,250.00000000000006,-0.7218259337268329,0.03980941662138958,-0.17211992470550289
inner,-13.125000000000634,250.00000000000003,-0.7518825906344843,0.044599114556014195,-0.1766639184181043
inner,-12.937500000000608,250.00000000000006,-0.7825132597825841,0.04952772838619405,-0.18113331109157924
inner,-12.750000000000632,250.00000000000003,-0.8136926434192051,0.054584900203781914,-0.18551671543152407
inner,-12.562500000000606,250.00000000000006,-0.8453936635667206,0.05975968727780835,-0.18980272015852295
inner,-12.375000000000629,250.00000000000006,-0.877587548601206,0.0650406213898557,-0.19397993914434014
inner,-12.187500000000604,250.00000000000003,-0.9102439297575756,0.07041577042038605,-0.1980370599508786
inner,-12.000000000000627,250.00000000000003,-0.9433309441555731,0.07587280563898527,-0.2019628925411058
inner,-11.8125000000006,250.00000000000006,-0.9768153477033653,0.08139907372884253,-0.2057464176947323
inner,-11.625000000000625,250.0,-1.0106626355066657,0.08698166658864737,-0.2093768326989077
inner,-11.437500000000599,249.99999999999997,-1.0448371624821704,0.09260749038510016,-0.21284359492845634
inner,-11.250000000000675,250.00000000000003,-1.0793022679602846,0.09826334917550604,-0.21613646762282826
inner,-11.062500000000648,250.00000000000003,-1.1140204172060992,0.10393601589873555,-0.21924555974482168
inner,-10.875000000000622,250.00000000000003,-1.1489533313758178,0.10961230487217216,-0.2221613638073532
inner,-10.687500000000595,250.00000000000003,-1.184062121070148,0.11527914954507354,-0.22487479296117044
inner,-10.50000000000067,250.00000000000003,-1.2193074271574882,0.12092367295852263,-0.227377213679612
inner,-10.312500000000643,249.99999999999997,-1.2546495549131653,0.12653325705594462,-0.22966047561883474
inner,-10.125000000000616,249.99999999999997,-1.290048608060508,0.132095612058456,-0.23171693933080587
inner,-9.93750000000059,249.99999999999997,-1.3254646232561662,0.1375988395455009,-0.23353949964210133
inner,-9.750000000000563,250.00000000000003,-1.3608576974828164,0.14303149046785574,-0.23512160557292125
inner,-9.562500000000588,250.00000000000003,-1.3961881115563053,0.14838262592786303,-0.23645727888769996
inner,-9.375000000000561,249.99999999999997,-1.4314164543767811,0.15364186334111582,-0.23754112621597184
inner,-9.187500000000586,250.00000000000003,-1.4665037316448308,0.15879942428655125,-0.2383683501109156
inner,-9.00000000000056,249.99999999999997,-1.501411476789414,0.16384617800070153,-0.23893475702497682
inner,-8.812500000000634,249.99999999999994,-1.5361018549079126,0.16877367459258422,-0.23923676043614645
inner,-8.625000000000558,250.00000000000003,-1.570537753339599,0.1735741737428058,-0.2392713814674053
inner,-8.437500000000583,249.99999999999997,-1.6046828673853348,0.1782406701666345,-0.239036247468597
inner,-8.250000000000556,249.99999999999994,-1.6385017816720289,0.18276691299398745,-0.2385295875502111
inner,-8.06250000000063,249.99999999999994,-1.6719600417184521,0.187147417039593,-0.2377502246885091
inner,-7.875000000000553,249.99999999999997,-1.7050242141532526,0.1913774686985263,-0.23669756570775952
inner,-7.687500000000578,249.99999999999994,-1.737661939991452,0.19545312761343922,-0.2353715895135288
inner,-7.500000000000552,249.99999999999997,-1.7698419812632833,0.19937122208496713,-0.23377283296892265
inner,-7.312500000000626,249.99999999999997,-1.8015342583947536,0.20312933945874193,-0.23190237509534517
inner,-7.125000000000549,249.99999999999997,-1.8327098801531452,0.2067258121439372,-0.2297618198718021
inner,-6.937500000000574,249.99999999999991,-1.8633411660307413,0.21015969794374031,-0.2273532772731681
inner,-6.750000000000547,249.99999999999997,-1.8934016595530816,0.21343075585439272,-0.22467934324280395
inner,-6.5625000000005205,249.99999999999997,-1.922866134836972,0.21653941872524646,-0.22174307907202218
inner,-6.375000000000545,249.99999999999997,-1.9517105974754856,0.21948676200790418,-0.21854798989334695
inner,-6.187500000000519,249.99999999999997,-1.9799122785689602,0.2222744693188556,-0.21509800271114793
inner,-6.000000000000543,249.99999999999997,-2.007449622938113,0.2249047951889239,-0.21139744413016961
inner,-5.812500000000516,249.99999999999994,-2.0343022719894117,0.22738052542360182,-0.20745101796672688
inner,-5.6250000000005915,249.99999999999997,-2.0604510417447437,0.22970493548715692,-0.20326378291161556
inner,-5.437500000000514,249.99999999999997,-2.0858778965565663,0.23188174731844913,-0.19884113039813828
inner,-5.250000000000538,249.99999999999997,-2.1105659190320165,0.2339150849724808,-0.1941887628144738
inner,-5.0625000000005125,250.0,-2.134499276692589,0.23580942946221614,-0.18931267218529674
inner,-4.875000000000587,249.99999999999997,-2.157663185868296,0.2375695731761228,-0.1842191194306137
inner,-4.68750000000051,250.0,-2.1800438733338354,0.23920057420237298,-0.1789146142950258
inner,-4.500000000000535,249.99999999999997,-2.2016285361670374,0.24070771087787793,-0.17340589602642187
inner,-4.312500000000508,250.0,-2.2224053002848128,0.24209643685841714,-0.16769991486758026
inner,-4.125000000000532,250.00000000000003,-2.242363178087239,0.24337233697274527,-0.16180381440977676
inner,-3.937500000000506,249.99999999999997,-2.261492025619812,0.244541084096468,-0.15572491484573844
inner,-3.750000000000479,249.99999999999997,-2.2797824996312577,0.24560839725578984,-0.14947069714557226
inner,-3.5625000000005036,249.99999999999997,-2.297226014862271,0.2465800011490086,-0.1430487881682983
inner,-3.375000000000477,250.00000000000003,-2.313814701896805,0.24746158723001324,-0.13646694671208826
inner,-3.1875000000005014,250.0,-2.3295413658499178,0.24825877649508518,-0.12973305049545455
inner,-3.0000000000004747,250.00000000000003,-2.3443994461573814,0.2489770840652475,-0.12285508405411669
inner,-2.812500000000499,250.00000000000003,-2.3583829776789016,0.24962188566278995,-0.11584112753083675
inner,-2.625000000000473,250.00000000000006,-2.3714865533327463,0.2501983860255909,-0.10869934632913317
inner,-2.4375000000004974,250.00000000000003,-2.383705288420436,0.25071158931791476,-0.10143798159641393
inner,-2.2500000000004707,250.00000000000003,-2.3950347867916904,0.25116627156175897,-0.09406534149654998
inner,-2.062500000000495,250.00000000000006,-2.4054711089946545,0.2515669550820344,-0.08658979322938783
inner,-1.8750000000004685,250.00000000000003,-2.415010742490089,0.2519178849963299,-0.07901975575030665
inner,-1.687500000000493,250.00000000000006,-2.42365057403519,0.2522230077187473,-0.07136369314117692
inner,-1.5000000000004665,250.00000000000006,-2.4313878643067275,0.2524859514627767,-0.06363010858190361
inner,-1.312500000000491,250.00000000000006,-2.438220224816703,0.2527100087255899,-0.05582753887043977
inner,-1.1250000000004643,250.00000000000003,-2.444145597187733,0.25289812072863826,-0.0479645494408126
inner,-0.9375000000004887,250.00000000000003,-2.4491622348027615,0.25305286377871306,-0.040049729814733176
inner,-0.7500000000004622,250.0,-2.453268686835743,0.2531764375071421,-0.03209168944132262
inner,-0.5625000000004358,250.00000000000003,-2.456463784721174,0.2532706549829179,-0.024099053874076497
inner,-0.37500000000046013,250.00000000000003,-2.4587466310795767,0.2533369346708021,-0.01608046121827227
inner,-0.18750000000043363,250.00000000000003,-2.460116591093184,0.2533762941948041,-0.008044558799848157
inner,-4.579998741307465e-13,249.99999999999997,-2.460573286340318,0.25338934589959605,-6.458101429962872e-14
inner,0.1874999999995685,250.00000000000003,-2.460116591092308,0.25337629419487184,0.008044558799741123
inner,0.37499999999954414,250.0,-2.45874663107754,0.2533369346719707,0.016080461218109847
inner,0.5624999999995707,250.0,-2.4564637847197734,0.2532706549847677,0.024099053873864667
inner,0.7499999999995463,250.00000000000003,-2.453268686836042,0.2531764375086237,0.03209168944115625
inner,0.9374999999995728,249.99999999999997,-2.4491622348030093,0.25305286378058117,0.04004972981465527
inner,1.1249999999995484,250.00000000000003,-2.4441455971878816,0.2528981207305912,0.04796454944076599
inner,1.3124999999995748,250.00000000000009,-2.43822022481668,0.2527100087275076,0.05582753887041522
inner,1.4999999999995506,250.00000000000006,-2.43138786430627,0.2524859514646889,0.06363010858187837
inner,1.687499999999577,250.00000000000006,-2.4236505740354417,0.2522230077201881,0.07136369314113478
inner,1.8749999999995526,250.00000000000006,-2.4150107424911873,0.25191788499744167,0.0790197557502815
inner,2.062499999999579,250.00000000000003,-2.405471108994974,0.2515669550835774,0.08658979322936414
inner,2.2499999999995546,250.00000000000003,-2.3950347867906157,0.2511662715639439,0.09406534149649454
inner,2.4374999999995812,250.00000000000009,-2.383705288418849,0.25071158932003185,0.10143798159627852
inner,2.624999999999608,250.00000000000006,-2.3714865533322373,0.25019838602623007,0.10869934632899522
inner,2.8124999999995834,250.00000000000003,-2.358382977677892,0.2496218856641773,0.11584112753075126
inner,2.9999999999996096,250.0,-2.344399446155902,0.24897708406769134,0.12285508405412089
inner,3.1874999999995857,250.00000000000003,-2.3295413658490243,0.2482587764971878,0.1297330504954368
inner,3.374999999999612,250.00000000000003,-2.313814701895802,0.24746158723220243,0.13646694671199203
inner,3.5624999999995874,250.00000000000003,-2.2972260148615273,0.2465800011509792,0.1430487881681306
inner,3.749999999999614,249.99999999999997,-2.279782499631469,0.24560839725743144,0.1494706971454367
inner,3.9374999999995897,250.00000000000003,-2.2614920256215534,0.24454108409732403,0.15572491484578269
inner,4.124999999999616,250.00000000000003,-2.242363178088479,0.2433723369741568,0.16180381440986658
inner,4.312499999999591,249.99999999999997,-2.2224053002854873,0.2420964368603208,0.16769991486762093
inner,4.499999999999618,250.0,-2.2016285361675143,0.24070771087972323,0.173405896026432
inner,4.687499999999594,249.99999999999997,-2.1800438733347955,0.239200574203561,0.1789146142950221
inner,4.874999999999621,249.99999999999994,-2.157663185870357,0.23756957317649438,0.18421911943070077
inner,5.062499999999596,250.0,-2.1344992766946516,0.23580942946263236,0.18931267218534378
inner,5.2499999999996225,249.99999999999991,-2.110565919032892,0.23391508497373117,0.1941887628144878
inner,5.437499999999649,249.99999999999997,-2.0858778965571116,0.23188174731981112,0.19884113039820406
inner,5.624999999999624,249.99999999999994,-2.0604510417462842,0.2297049354877851,0.2032637829117172
inner,5.812499999999651,249.99999999999994,-2.0343022719903874,0.22738052542486364,0.20745101796680085
inner,5.999999999999627,249.99999999999997,-2.007449622938045,0.224904795190957,0.2113974441301214
inner,6.187499999999654,249.99999999999994,-1.9799122785684622,0.22227446932109068,0.2150980027111101
inner,6.374999999999629,249.99999999999997,-1.9517105974750155,0.21948676200995892,0.21854798989333138
inner,6.562499999999655,249.99999999999997,-1.922866134836408,0.2165394187274044,0.22174307907191013
inner,6.749999999999631,249.99999999999997,-1.8934016595519632,0.21343075585713506,0.22467934324258393
inner,6.937499999999657,249.99999999999994,-1.8633411660299222,0.21015969794648437,0.22735327727294233
inner,7.124999999999633,249.99999999999997,-1.8327098801540975,0.20672581214625474,0.2297618198716786
inner,7.31249999999966,249.99999999999994,-1.801534258396169,0.2031293394619928,0.2319023750955278
inner,7.499999999999635,249.99999999999997,-1.7698419812646762,0.19937122208822539,0.2337728329692339
inner,7.687499999999662,249.99999999999997,-1.7376619399929736,0.1954531276162255,0.23537158951372703
inner,7.874999999999688,249.99999999999997,-1.7050242141547234,0.19137746870167557,0.23669756570795694
inner,8.062499999999664,249.99999999999994,-1.6719600417204696,0.18714741704238133,0.2377502246887846
inner,8.249999999999691,250.00000000000003,-1.6385017816741971,0.1827669129968534,0.2385295875504865
inner,8.437499999999666,249.99999999999997,-1.6046828673872118,0.17824067017028614,0.2390362474689475
inner,8.624999999999693,250.00000000000003,-1.5705377533420228,0.17357417374598377,0.2392713814678508
inner,8.812499999999668,250.0,-1.5361018549106744,0.16877367459550477,0.2392367604365389
inner,8.999999999999694,250.0,-1.501411476792447,0.16384617800378637,0.23893475702541245
inner,9.18749999999967,250.0,-1.4665037316482625,0.15879942428977245,0.2383683501114104
inner,9.374999999999696,250.00000000000003,-1.4314164543802392,0.15364186334483984,0.23754112621654835
inner,9.562499999999673,250.00000000000003,-1.396188111559355,0.14838262593191365,0.23645727888836873
inner,9.749999999999698,249.99999999999997,-1.3608576974852393,0.1430314904720598,0.2351216055735642
inner,9.937499999999675,250.00000000000003,-1.3254646232591079,0.13759883954950186,0.23353949964265913
inner,10.124999999999702,250.0,-1.2900486080637223,0.13209561206289835,0.23171693933129806
inner,10.312499999999677,249.99999999999997,-1.2546495549166086,0.12653325706059176,0.22966047561931735
inner,10.499999999999703,250.00000000000003,-1.2193074271617146,0.12092367296312911,0.2273772136801463
inner,10.687499999999678,250.00000000000003,-1.1840621210743372,0.11527914955038088,0.22487479296177834
inner,10.874999999999705,250.0,-1.1489533313792555,0.10961230487815024,0.22216136380784726
inner,11.062499999999732,250.0,-1.1140204172087427,0.10393601590496536,0.21924555974506163
inner,11.249999999999707,250.00000000000003,-1.0793022679610986,0.09826334918268126,0.21613646762292707
inner,11.437499999999684,250.0,-1.044837162482504,0.09260749039195622,0.2128435949285126
inner,11.624999999999709,250.00000000000003,-1.0106626355075004,0.08698166659496898,0.2093768326989876
inner,11.812499999999686,250.00000000000003,-0.9768153477040853,0.08139907373532577,0.20574641769491897
inner,11.999999999999712,250.00000000000003,-0.9433309441569718,0.07587280564463796,0.20196289254124333
inner,12.187499999999739,249.99999999999997,-0.9102439297584791,0.07041577042670741,0.1980370599510267
inner,12.374999999999714,250.00000000000006,-0.8775875486013845,0.06504062139672151,0.19397993914454914
inner,12.56249999999974,250.00000000000003,-0.8453936635673533,0.05975968728385843,0.18980272015872476
inner,12.749999999999716,250.00000000000003,-0.8136926434202661,0.05458490020968361,0.18551671543185477
inner,12.937499999999742,250.00000000000006,-0.7825132597845637,0.049527728392209286,0.18113331109206923
inner,13.124999999999718,250.00000000000003,-0.7518825906375174,0.04459911456222769,0.17666391841872642
inner,13.312499999999744,250.00000000000006,-0.7218259337299734,0.03980941662787305,0.17211992470610446
inner,13.49999999999972,250.00000000000003,-0.6923667358247618,0.03516835293345812,0.16751264473188496
inner,13.687499999999746,250.00000000000006,-0.6635265207898179,0.030684959520592997,0.16285327436858968
inner,13.874999999999773,250.00000000000003,-0.6353248383971654,0.026367541027485876,0.15815284231382376
inner,14.06249999999975,250.00000000000003,-0.6077792244074262,0.02222363721102795,0.15342216596802374
inner,14.249999999999725,250.00000000000003,-0.580905164118354,0.01825999627425257,0.14867180909243252
inner,14.437499999999751,250.00000000000003,-0.5547160803193918,0.014482545333924832,0.14391203953963408
inner,14.624999999999726,250.00000000000006,-0.5292233301185828,0.010896379709083978,0.1391527929709253
inner,14.812499999999753,250.00000000000006,-0.5044362061316953,0.007505756578629515,0.1344036383823782
inner,14.99999999999978,250.00000000000006,-0.48036195906755974,0.004314087005361702,0.12967374480578375
inner,15.187499999999755,250.00000000000006,-0.457005830841352,0.0013239442414013187,0.12497185410636041
inner,15.374999999999782,250.00000000000003,-0.4343710949122486,-0.0014629222193512695,0.12030625709289006
inner,15.562499999999757,250.00000000000006,-0.41245911352564535,-0.004045571288005402,0.11568477224545118
inner,15.749999999999783,250.00000000000003,-0.3912694030284787,-0.0064238424467908724,0.11111473009189567
inner,15.937499999999758,250.00000000000006,-0.37079971173364107,-0.008598324664722557,0.10660296120644908
inner,16.124999999999787,250.00000000000003,-0.3510461104794815,-0.010570318035025781,0.10215578920818441
inner,16.312499999999762,250.00000000000003,-0.33200309596693967,-0.012341787917711455,0.0977790291999121
inner,16.499999999999787,250.00000000000006,-0.31366369623768015,-0.013915309814410786,0.09347799141185353
inner,16.687499999999762,250.00000000000003,-0.2960195784370606,-0.01529401498191234,0.0892574870024201
inner,16.87499999999974,250.00000000000006,-0.2790611323817801,-0.016481530714465686,0.08512183480810843
inner,17.062499999999766,250.00000000000003,-0.26277752701326085,-0.01748193696646966,0.08107486176694759
inner,17.24999999999979,250.00000000000003,-0.24715676215212534,-0.0182997448831442,0.07711989704742366
inner,17.43749999999977,250.0,-0.23218573420474792,-0.018939879426453757,0.0732597678294519
inner,17.624999999999794,250.00000000000003,-0.21785033174796092,-0.019407654712008355,0.06949680296464697
inner,17.812499999999822,250.00000000000003,-0.20413555309532727,-0.019708729357322353,0.06583284820681186
inner,17.999999999999797,250.00000000000006,-0.19102563365312716,-0.019849048113940032,0.06226928993677066
inner,18.187499999999822,250.00000000000006,-0.17850417242641242,-0.01983477860432376,0.05880708307437
inner,18.374999999999797,250.0,-0.16655425172434554,-0.019672249622890412,0.05544678008980244
inner,18.562499999999826,250.00000000000003,-0.155158547818264,-0.019367894108631278,0.05218855957915042
inner,18.7499999999998,250.00000000000003,-0.14429943206615517,-0.018928197602688924,0.04903225386607319
inner,18.937499999999826,250.00000000000003,-0.1339590627740908,-0.018359652200218537,0.045977375464847536
inner,19.1249999999998,250.00000000000003,-0.12411946829235485,-0.017668715740226038,0.043023142357561495
inner,19.31249999999983,249.99999999999997,-0.11476262184055902,-0.01686177588752469,0.040168502061269346
inner,19.499999999999805,250.00000000000003,-0.1058705085413328,-0.015945118773067552,0.03741215445915374
inner,19.687499999999833,249.99999999999997,-0.09742518510998684,-0.0149249018661485,0.034752573369270984
inner,19.874999999999808,250.00000000000003,-0.08940883262496332,-0.01380713075556466,0.03218802682752054
inner,20.062499999999833,249.99999999999997,-0.08180380280719904,-0.012597639528166813,0.029716596070612715
inner,20.249999999999808,250.0,-0.07459265821176043,-0.011302074427555327,0.027336193211908024
inner,20.437499999999837,249.99999999999997,-0.06775820673188478,-0.009925880488954725,0.025044577609211277
inner,20.62499999999981,249.99999999999997,-0.06128353080686874,-0.008474290848952421,0.022839370933692402
inner,20.812499999999837,250.0,-0.055152011705867664,-0.00695231843960933,0.02071807095228832
inner,20.999999999999865,250.00000000000003,-0.04934734923953836,-0.005364749786010726,0.018678064038943145
inner,21.18749999999984,250.00000000000003,-0.04385357723073321,-0.0037161406346185224,0.016716636431635738
inner,21.374999999999865,249.99999999999997,-0.03865507505610826,-0.0020108131554217234,0.014830984253140169
inner,21.562499999999844,250.0,-0.03373657554269585,-0.0002528544739547943,0.013018222310726376
inner,21.74999999999987,250.0,-0.02908316947339187,0.0015538837043915482,0.01127539168515437
inner,21.937499999999844,250.0,-0.024680306924693,0.003405784607111614,0.009599466116006542
inner,22.124999999999872,249.99999999999997,-0.020513795631017708,0.005299465261228116,0.007987357181558996
inner,22.312499999999847,249.99999999999997,-0.0165697965426299,0.007231774921283112,0.006435918263337066
inner,22.499999999999872,249.99999999999997,-0.012834816695849773,0.009199793275164838,0.004941947274474605
inner,22.687499999999847,249.99999999999997,-0.009295699486848377,0.011200828632993797,0.0035021881162369834
inner,22.874999999999876,249.99999999999994,-0.005939612402593915,0.013232416308759957,0.0021133308117508368
inner,23.06249999999985,249.99999999999997,-0.0027540322006675204,0.015292317429718672,0.0007720102466962676
inner,23.249999999999876,249.99999999999997,0.00027327249893091977,0.01737851839963916,-0.0005251965788177554
inner,23.43749999999985,249.99999999999994,0.0031542613196058134,0.019489231287396713,-0.001781774910196431
inner,23.62499999999988,249.99999999999997,0.005900645097604954,0.021622895432270077,-0.0030012783692722907
inner,23.812499999999904,249.99999999999997,0.008523911960077693,0.023778180606212243,-0.004187337059449477
inner,23.999999999999883,249.99999999999997,0.011035356856642156,0.025953992141135328,-0.005343667901422004
inner,24.187499999999908,249.99999999999994,0.013446114989635485,0.028149478495353222,-0.006474087525134884
inner,24.374999999999883,250.0,0.015767199737536697,0.03036404185030453,-0.007582528128150504
inner,24.56249999999991,249.99999999999997,0.018009545837125086,0.03259735246046688,-0.00867305682220075
inner,24.749999999999886,249.99999999999997,0.02018405882182115,0.03484936766585663,-0.009749899131447646
inner,24.93749999999991,249.99999999999994,0.022301671998047827,0.03712035670493581,-0.010817467492582267
inner,25.124999999999886,249.99999999999994,0.0243734126266187,0.039410932783528065,-0.011880395850894173
inner,25.312499999999915,249.99999999999994,0.026410479490062165,0.04172209426783858,-0.012943581775145424
inner,25.49999999999989,249.99999999999997,0.028424334716401056,0.044055277419420905,-0.014012237960248837
inner,25.687499999999915,249.99999999999994,0.03042681367146377,0.046412423828349716,-0.015091955589860024
inner,25.874999999999893,249.99999999999994,0.03243025802155043,0.04879606667872783,-0.0161887828721234
inner,26.06249999999992,249.99999999999994,0.0344476789380535,0.05120944137012802,-0.01730932324666086
inner,26.249999999999893,249.99999999999997,0.03649296000745631,0.05365662785028819,-0.018460859446233307
inner,26.437499999999922,249.99999999999997,0.03858111324299919,0.05614273463114387,-0.019651512040825478
inner,26.624999999999947,249.99999999999997,0.040728607238402006,0.058674138111748625,-0.02089044469928053
inner,26.812499999999922,249.99999999999994,0.04295379499649131,0.061258796008997404,-0.02218813382091506
inner,26.99999999999995,249.99999999999994,0.045277482135984023,0.06390666122843973,-0.023556728502139853
inner,27.187499999999925,249.99999999999997,0.047723696942174015,0.0666302334583613,-0.02501053984911547
inner,27.37499999999995,249.99999999999997,0.05032075746339617,0.06944530201469837,-0.026566719657389833
inner,27.562499999999925,249.99999999999994,0.053102787614643945,0.07237195806759036,-0.0282462232991833
inner,27.749999999999954,249.99999999999997,0.056111932075313856,0.075435991306086,-0.030075211480371247
inner,27.93749999999993,249.99999999999997,0.05940170004383183,0.07867084608884635,-0.032087152165360705
inner,28.124999999999954,249.99999999999997,0.06304219523387161,0.0821203947722042,-0.034326086079378315
inner,28.312499999999932,249.99999999999994,0.06712870704508034,0.08584296931961297,-0.03685191875791327
inner,28.499999999999957,249.99999999999994,0.07179638205861279,0.08991716803357577,-0.03974950007286862
inner,28.687499999999932,249.99999999999994,0.07724785376770046,0.09445111145717827,-0.04314526950898177
inner,28.87499999999996,249.99999999999997,0.08380502653713266,0.09959426931701314,-0.04724120082908405
inner,29.062499999999936,249.99999999999997,0.0920388708230648,0.10556928446023958,-0.052389967842545966
inner,29.24999999999996,250.0,0.10301404281063223,0.11267051670372866,-0.05929474190217569
inner,29.43749999999999,249.99999999999997,0.11951164889320659,0.12164247330583068,-0.06952493541041552
inner,29.624999999999964,249.99999999999994,0.14768472741077096,0.13277328561791193,-0.08735075901516232
inner,29.81249999999994,250.0,0.23709203703011783,0.16508910265040963,-0.12205831768132096
inner,29.999999999999964,249.99999999999997,0.30790160589600435,0.1919504692335901,-0.14547065034952325
mid,-30.000000000000068,274.99999680377374,0.029245874795041586,-1.0354465943959376e-05,0.001399685438549494
mid,-29.787799054811394,274.9999968037738,0.029613706825376146,-1.513161003315576e-05,0.002589591412551307
mid,-29.575598109622717,274.9999968037738,0.0303205101487903,-1.8026966493512805e-05,0.005037046352294068
mid,-29.36339716443394,274.9999968037738,0.030961784159805772,-4.708307855346219e-06,0.0074133758991391996
mid,-29.151196219245268,274.9999968037738,0.031521634873978216,3.1580921362987444e-05,0.009731085886863847
mid,-28.93899527405659,274.99999680377374,0.03198827207493078,9.485278963183505e-05,0.011998112808664241
mid,-28.726794328867918,274.9999968037738,0.03235376952916893,0.00018657129232619273,0.014218771859936185
mid,-28.514593383679244,274.9999968037738,0.032613723115092176,0.0003059158931574303,0.016394637745754764
mid,-28.302392438490568,274.9999968037738,0.032766830564873575,0.00045009408398269043,0.018525323568613142
mid,-28.090191493301894,274.9999968037738,0.03281442211046701,0.0006146821419049894,0.020609139577525953
mid,-27.87799054811322,274.9999968037738,0.03275997068373497,0.0007939734205415358,0.022643626658104314
mid,-27.665789602924544,274.9999968037738,0.03260860668146903,0.0009813161059611312,0.024625968953822734
mid,-27.453588657735768,274.9999968037738,0.03236665719171309,0.0011694261908416258,0.02655329627189442
mid,-27.241387712547095,274.9999968037738,0.032041224060726445,0.0013506656436582764,0.028422890539522867
mid,-27.029186767358418,274.99999680377374,0.031639809939765395,0.0015172797459457278,0.030232312086760398
mid,-26.816985822169745,274.9999968037738,0.031169996944159298,0.0016615911059184203,0.031979461529642574
mid,-26.60478487698107,274.9999968037738,0.030639178909997275,0.0017761507344089935,0.033662592026588174
mid,-26.392583931792394,274.99999680377374,0.030054345422945987,0.0018538486401863102,0.03528028502138334
mid,-26.18038298660372,274.9999968037738,0.029421913855193202,0.0018879878991345488,0.03683140067311929
mid,-25.968182041415044,274.99999680377374,0.02874760438670433,0.0018723269851030466,0.038315012150232725
mid,-25.75598109622637,274.9999968037738,0.02803635234430786,0.0018010955362505084,0.03973033102055436
mid,-25.543780151037698,274.9999968037738,0.027292251966503072,0.0016689887207901634,0.04107662922235415
mid,-25.33157920584892,274.99999680377374,0.026518525828965408,0.0014711450707304737,0.04235316156194197
mid,-25.119378260660245,274.9999968037738,0.02571751454822882,0.0012031122298717944,0.043559091405630704
mid,-24.90717731547157,274.9999968037738,0.024890681867196347,0.0008608044901160482,0.04469342119627779
mid,-24.694976370282895,274.9999968037738,0.024038630814839958,0.0004404554023475036,0.04575492862772733
mid,-24.48277542509422,274.9999968037738,0.02316112723559687,-6.143184083293521e-05,0.046742108711562744
mid,-24.270574479905495,274.9999968037738,0.02225712757679386,-0.0006481340890862365,0.04765312153724426
mid,-24.05837353471687,274.9999968037738,0.021324808356023992,-0.001322756336529795,0.04848574524173311
mid,-23.846172589528198,274.9999968037738,0.020361595233872935,-0.0020882769905253527,0.04923733353914614
mid,-23.63397164433952,274.9999968037738,0.019364190037498907,-0.002947589410752568,0.049904777069228315
mid,-23.421770699150848,274.9999968037738,0.01832859442374947,-0.0039035391188282885,0.050484467793029404
mid,-23.20956975396207,274.9999968037738,0.017250129165817574,-0.004958956264237185,0.05097226569812631
mid,-22.9973688087734,274.99999680377374,0.01612344827290916,-0.006116683106665903,0.051363467121080475
mid,-22.78516786358472,274.9999968037738,0.014942547319906536,-0.007379596374440012,0.05165277405380797
mid,-22.572966918396048,274.9999968037738,0.013700765483019382,-0.008750624389201045,0.051834263894605104
mid,-22.36076597320732,274.9999968037738,0.01239078082252839,-0.010232758903909255,0.05190135919333384
mid,-22.148565028018698,274.9999968037738,0.011004598426991499,-0.011829061574043436,0.051846797011014294
mid,-21.936364082830025,274.99999680377374,0.009533531016401465,-0.013542664931390683,0.05166259762024756
mid,-21.724163137641348,274.9999968037738,0.007968171554240362,-0.015376767688485737,0.051340032364367044
mid,-21.511962192452625,274.9999968037738,0.006298357417284111,-0.017334624110381384,0.05086959057381921
mid,-21.2997612472639,274.9999968037738,0.004513125551440109,-0.019419527124000458,0.05024094554696816
mid,-21.087560302075225,274.99999680377374,0.0026006579847493334,-0.0216347846979829,0.04944291970553122
mid,-20.87535935688655,274.9999968037738,0.0005482169858811899,-0.023983688925326853,0.04846344915015684
mid,-20.663158411697875,274.9999968037738,-0.0016579309896432581,-0.026469477138008294,0.047289547970459006
mid,-20.450957466509198,274.9999968037738,-0.004032603493391629,-0.029095284209821236,0.04590727280604086
mid,-20.238756521320525,274.9999968037738,-0.006591803492340689,-0.03186408508587783,0.04430168833817123
mid,-20.02655557613195,274.9999968037738,-0.00935283517236246,-0.03477862644481053,0.04245683458150831
mid,-19.81435463094389,274.9999968037738,-0.012334435421761068,-0.03784134621184894,0.04035569708084519
mid,-19.602153685757454,274.9999968037738,-0.015556922421130114,-0.04105427951227672,0.0379801813959321
mid,-19.389952740578547,274.9999968037738,-0.019042362828273644,-0.04441894948520381,0.035311093576650944
mid,-19.177751795429057,274.9999968037738,-0.022814759164000137,-0.04793624122199758,0.032328128713688925
mid,-18.965550850391523,274.9999968037738,-0.026900259076367825,-0.051606256923530255,0.02900987009154079
mid,-18.753349905762626,274.9999968037738,-0.03132738822722243,-0.05542815020554668,0.025333802003504907
mid,-18.541148962566403,274.9999968037738,-0.03612730861434042,-0.05939993731216653,0.021276339912792527
mid,-18.328948024191394,274.9999968037738,-0.04133410431912248,-0.06351828274774066,0.01681288250650813
mid,-18.116747101392196,274.9999968037738,-0.04698509726935814,-0.06777825640118984,0.011917891743880105
mid,-17.90454622689504,274.9999968037738,-0.05312119671552154,-0.07217305841766945,0.006565010185827431
mid,-17.69234549617137,274.9999968037738,-0.05978728725618647,-0.07669370683630532,0.0007272311189601786
mid,-17.48014517617176,274.9999968037738,-0.06703265939452707,-0.08132868165428064,-0.0056228523402210495
mid,-17.26794598214891,274.99999680377385,-0.07491148006893086,-0.08606351822716901,-0.012512677061151596
mid,-17.055749750906028,274.99999680377385,-0.08348328424167041,-0.0908803431352886,-0.019969154950165525
mid,-16.843561000347805,274.99999680377385,-0.09281343897650968,-0.09575734604507119,-0.028017840877808727
mid,-16.631390348248637,274.9999968037738,-0.10297348689366548,-0.10066817815630169,-0.03668168945048375
mid,-16.419261640885992,274.9999968037738,-0.11404120768079892,-0.10558125799246186,-0.04597920229836887
mid,-16.207225883342172,274.99999680377385,-0.12610012032117812,-0.1104589525025035,-0.055921676736162426
mid,-15.995386430054397,274.9999968037738,-0.13923791852697204,-0.11525661758125874,-0.06650919053265365
mid,-15.783939727811328,274.9999968037738,-0.1535429094895405,-0.11992160484971513,-0.07772504530545218
mid,-15.573231421083939,274.9999968037738,-0.16909674972853866,-0.12439277532642753,-0.08952913552928343
mid,-15.363805823279575,274.99999680377385,-0.18596187353854624,-0.12860171921264077,-0.10185241428734484
mid,-15.156404209666901,274.99999680377385,-0.20416475496076664,-0.13247715016256054,-0.11459662568388503
mid,-14.95185618820385,274.99999680377385,-0.2236826206060496,-0.1359527878260562,-0.12764362449544808
mid,-14.750853108656997,274.99999680377385,-0.24444894849966173,-0.13897549247751811,-0.14087228546513508
mid,-14.553786757623614,274.9999968037738,-0.26637648253101875,-0.1415100896647915,-0.1541761108531481
mid,-14.360638443129739,274.99999680377385,-0.2893893089796008,-0.14353817374031888,-0.16747253186134653
mid,-14.171127937981083,274.99999680377385,-0.3134398942432224,-0.14505337024889836,-0.1807008164100034
mid,-13.9848384005564,274.99999680377385,-0.33850459712625236,-0.14605630831886152,-0.1938151648122458
mid,-13.801307527867662,274.9999968037738,-0.3645762993498364,-0.14655110914860414,-0.2067776022969205
mid,-13.620120464184739,274.99999680377385,-0.39165336741279305,-0.14654383555237704,-0.21955270506967692
mid,-13.440907754854708,274.9999968037738,-0.4197325085518636,-0.14604184668037226,-0.23210493673874621
mid,-13.263370861993351,274.9999968037738,-0.4488052390382119,-0.1450540738073296,-0.24439808915690348
mid,-13.087246572104538,274.9999968037738,-0.47885719133827687,-0.14359098410790655,-0.25639488158441315
mid,-12.91234882200233,274.9999968037738,-0.5098658365837785,-0.14166528439706383,-0.268057916932844
mid,-12.738484289834362,274.9999968037738,-0.5418033414379497,-0.13929137409479178,-0.2793500714085058
mid,-12.565530243549032,274.99999680377385,-0.5746354929742604,-0.13648616180480866,-0.2902348131025573
mid,-12.393374050153072,274.9999968037738,-0.6083205688333064,-0.1332686085229899,-0.300677012108826
mid,-12.221913577712705,274.99999680377385,-0.6428139525246169,-0.12965955737367343,-0.3106439471101878
mid,-12.051057231570125,274.9999968037738,-0.6780674750695198,-0.12568163299365312,-0.3201046636537836
mid,-11.880761292565898,274.99999680377385,-0.714026595136757,-0.12135959331296481,-0.32903098618182314
mid,-11.710941682027526,274.99999680377385,-0.7506353427534279,-0.1167190246671631,-0.3373973623250638
mid,-11.54156908931564,274.9999968037738,-0.7878345192122306,-0.11178729946258963,-0.3451813876847044
mid,-11.372596267524688,274.99999680377385,-0.8255617519440923,-0.10659249385793165,-0.3523637639861408
mid,-11.203980870077554,274.9999968037738,-0.8637549821940764,-0.10116326753749723,-0.35892858338138517
mid,-11.03569205661081,274.9999968037738,-0.9023502375719117,-0.09552885284510117,-0.36486312766699014
mid,-10.867701500549924,274.9999968037738,-0.941282392664482,-0.08971868655660228,-0.37015793531788155
mid,-10.699983254431759,274.9999968037738,-0.9804859554403699,-0.08376216856208979,-0.37480674714652806
mid,-10.53252101740799,274.9999968037738,-1.0198947872389843,-0.07768857335500498,-0.37880657732242334
mid,-10.365296664358834,274.9999968037738,-1.059443507786466,-0.07152657423059322,-0.3821577243034601
mid,-10.198282223949066,274.9999968037738,-1.0990690188261485,-0.065303858980161,-0.38486341968505344
mid,-10.031460105948865,274.9999968037738,-1.1387082097885808,-0.059047485872420605,-0.3869295858647296
mid,-9.864838921963866,274.9999968037738,-1.1782974076961537,-0.052783883403855696,-0.38836550894594346
mid,-9.698378826711407,274.9999968037738,-1.2177772929259612,-0.04653738457872915,-0.3891823063475475
mid,-9.532086001431729,274.9999968037738,-1.2570896634236535,-0.04033161304097315,-0.3893942424330355
mid,-9.365939244206068,274.9999968037738,-1.2961779391721822,-0.03418838059697764,-0.3890172786739424
mid,-9.199937880889191,274.9999968037738,-1.334988375022369,-0.02812810027131371,-0.3880698394629616
mid,-9.034061775004893,274.9999968037738,-1.373469742980331,-0.022169260623235244,-0.3865716728119284
mid,-8.868319875992647,274.9999968037738,-1.411573007415534,-0.016328985604853602,-0.3845447948075146
mid,-8.702685596624452,274.9999968037738,-1.449253072707018,-0.010622048179637994,-0.38201172886987034
mid,-8.537167054518571,274.99999680377374,-1.4864669656441354,-0.0050619026367366565,-0.37899687369371465
mid,-8.371752927008075,274.9999968037738,-1.5231750209721358,0.0003401212439190712,-0.3755250773097985
mid,-8.206431226317388,274.9999968037738,-1.5593414523955569,0.005574585129082439,-0.3716217050105404
mid,-8.041205455500686,274.99999680377374,-1.594932296280818,0.010633542373822108,-0.3673129249803434
mid,-7.8760707404469725,274.9999968037738,-1.6299171535746162,0.015510942514873796,-0.3626248711263169
mid,-7.711015447502717,274.99999680377374,-1.6642696915630546,0.020202563644080976,-0.357583359168266
mid,-7.546036129959539,274.9999968037738,-1.6979659185187113,0.02470560715664393,-0.3522141432757813
mid,-7.381133716568411,274.99999680377374,-1.7309840404000563,0.029018656254937245,-0.3465426824906294
mid,-7.216305804154478,274.99999680377374,-1.763305547799446,0.03314174873243102,-0.34059369555618013
mid,-7.051543211049791,274.9999968037738,-1.794915250133196,0.037076289174556076,-0.33439084798665186
mid,-6.886843076857864,274.9999968037738,-1.8258001516229942,0.04082469882644135,-0.32795706229744676
mid,-6.722202652965122,274.99999680377374,-1.8559492705024554,0.044390357068135815,-0.3213142395821661
mid,-6.5576192979104695,274.9999968037738,-1.8853537245861356,0.047777484986273294,-0.31448315514146996
mid,-6.393091905305342,274.99999680377374,-1.9140064566986297,0.05099099101867558,-0.3074834464220694
mid,-6.228619715618828,274.9999968037738,-1.9419023014363253,0.054036365816549164,-0.3003335112842609
mid,-6.0641965824974005,274.99999680377374,-1.9690379962556788,0.056919617683011355,-0.2930502629369767
mid,-5.899820304303757,274.99999680377374,-1.995411524547819,0.05964703168134107,-0.28564947103819427
mid,-5.735488762970918,274.99999680377374,-2.02102189207364,0.06222509835957327,-0.27814565211738357
mid,-5.571199920323056,274.9999968037738,-2.0458691220750946,0.0646604212640228,-0.2705520815340828
mid,-5.406951814519443,274.9999968037738,-2.0699540914914456,0.06695962620871053,-0.2628808316025604
mid,-5.242742556616949,274.9999968037738,-2.093278379737657,0.0691292819608499,-0.25514282038554853
mid,-5.078570327247611,274.99999680377374,-2.1158441309864067,0.07117583249004383,-0.24734786889343724
mid,-4.914433373406073,274.99999680377374,-2.1376539304501447,0.07310554062304,-0.23950476449514405
mid,-4.750330005343832,274.99999680377374,-2.158710694795998,0.07492444263363714,-0.23162132848221229
mid,-4.586258593564816,274.9999968037738,-2.1790175764363062,0.07663831309665811,-0.2237044859127751
mid,-4.422217565919726,274.9999968037738,-2.198577881129786,0.07825263916513958,-0.21576033607934042
mid,-4.258205404793205,274.9999968037738,-2.21739499812353,0.07977260327511573,-0.20779422218709004
mid,-4.094220644381798,274.9999968037738,-2.235472341848619,0.08120307323979178,-0.1998107990803771
mid,-3.9302618680570327,274.9999968037738,-2.2528133040832565,0.08254859864465969,-0.19181409810855155
mid,-3.766327705810757,274.9999968037738,-2.269421215444499,0.08381341247078518,-0.18380758845893727
mid,-3.6024168317785747,274.9999968037738,-2.2852993150152625,0.08500143694862348,-0.17579423450901446
mid,-3.4385279618372837,274.9999968037738,-2.3004507269822976,0.08611629268532073,-0.1677765489439136
mid,-3.2746598512730944,274.9999968037738,-2.3148784432142318,0.08716131021654008,-0.15975664154626545
mid,-3.1108112925168716,274.99999680377385,-2.328585310763762,0.08813954326191839,-0.15173626370756874
mid,-2.946981112942022,274.9999968037738,-2.341574023422888,0.08905378304020044,-0.1437168488088543
mid,-2.7831681727228337,274.99999680377385,-2.3538471165381067,0.08990657313580745,-0.13569954869253603
mid,-2.6193713627484407,274.9999968037738,-2.3654069644133666,0.09070022450317922,-0.1276852664983684
mid,-2.4555896025899644,274.99999680377385,-2.3762557797325674,0.09143683029683283,-0.11967468615829974
mid,-2.291821838516764,274.9999968037738,-2.3863956145308536,0.09211828028645301,-0.11166829885119396
mid,-2.128067041559097,274.99999680377385,-2.395828362340213,0.09274627467988766,-0.1036664267137882
mid,-1.9643242056132204,274.99999680377385,-2.4045557611770163,0.09332233726296973,-0.09566924408970884
mid,-1.8005923455862374,274.99999680377385,-2.4125793971468,0.09384782775765185,-0.08767679656597675
mid,-1.6368704955775322,274.99999680377385,-2.4199007084296436,0.09432395338020386,-0.07968901803372817
mid,-1.47315770709308,274.99999680377385,-2.4265209895055686,0.09475177955030374,-0.07170574597977457
mid,-1.30945304729039,274.99999680377385,-2.4324413950821127,0.095132239779557,-0.06372673527227864
mid,-1.1457556607107335,274.99999680377385,-2.437662942930735,0.09546614464455325,-0.05575167358615279
mid,-0.9820649143885135,274.9999968037738,-2.4421865214784964,0.0957541891456784,-0.04778019819242765
mid,-0.8183794318822556,274.9999968037738,-2.4460128982935894,0.09599696207926035,-0.03981186248069535
mid,-0.6546983209858142,274.9999968037738,-2.4491427140649518,0.0961949502822528,-0.03184620054724491
mid,-0.4910206976393851,274.9999968037738,-2.4515764851518704,0.09634854446511987,-0.023882714672666252
mid,-0.32734568428320054,274.99999680377385,-2.453314610227232,0.0964580438624097,-0.015920882039280323
mid,-0.16367240822241808,274.9999968037738,-2.4543573724594867,0.09652365970850604,-0.007960161514821967
mid,-4.0711099922733015e-13,274.99999680377374,-2.454704941101219,0.09654551774161792,-1.2504848716054764e-13
mid,0.16367240822165474,274.9999968037738,-2.4543573724609598,0.09652365970739898,0.007960161514464647
mid,0.3273456842824372,274.9999968037738,-2.45331461022857,0.09645804386186242,0.01592088203879609
mid,0.49102069763857087,274.9999968037738,-2.4515764851532773,0.0963485444650431,0.023882714672322385
mid,0.6546983209849999,274.99999680377385,-2.449142714067244,0.09619495028130483,0.03184620054683083
mid,0.8183794318814923,274.99999680377385,-2.4460128982948386,0.09599696207873507,0.039811862479682866
mid,0.9820649143876993,274.99999680377385,-2.442186521477595,0.09575418914595044,0.04778019819131767
mid,1.1457556607099701,274.9999968037738,-2.437662942929521,0.09546614464378976,0.05575167358527787
mid,1.309453047289576,274.9999968037738,-2.432441395081559,0.09513223977784739,0.06372673527129166
mid,1.4731577070923165,274.9999968037738,-2.426520989504208,0.09475177954965522,0.07170574597856703
mid,1.6368704955767688,274.99999680377385,-2.4199007084276682,0.09432395338034494,0.07968901803250725
mid,1.800592345585474,274.99999680377385,-2.412579397145901,0.09384782775711786,0.08767679656466049
mid,1.9643242056124062,274.9999968037738,-2.4045557611764314,0.09332233726257981,0.09566924408825074
mid,2.128067041558334,274.9999968037738,-2.395828362339835,0.09274627467979452,0.10366642671233128
mid,2.2918218385160007,274.99999680377385,-2.3863956145318683,0.09211828028572827,0.11166829884976433
mid,2.45558960258915,274.99999680377385,-2.3762557797340977,0.09143683029628889,0.11967468615693462
mid,2.6193713627476773,274.99999680377385,-2.365406964417342,0.09070022450045306,0.12768526649678325
mid,2.7831681727220703,274.9999968037738,-2.3538471165406007,0.08990657313418583,0.1356995486909324
mid,2.9469811129412586,274.9999968037738,-2.341574023422212,0.08905378304146307,0.14371684880755883
mid,3.110811292516108,274.9999968037738,-2.328585310763739,0.08813954326281206,0.15173626370631538
mid,3.274659851272331,274.9999968037738,-2.3148784432156106,0.08716131021660879,0.15975664154498942
mid,3.4385279618364697,274.99999680377385,-2.3004507269851233,0.08611629268396823,0.16777654894283833
mid,3.6024168317778114,274.9999968037738,-2.285299315017785,0.08500143694680616,0.17579423450803217
mid,3.7663277058099935,274.9999968037738,-2.269421215445248,0.08381341246981176,0.18380758845784656
mid,3.9302618680562693,274.99999680377385,-2.252813304082055,0.08254859864460197,0.19181409810749772
mid,4.094220644381035,274.99999680377374,-2.235472341846344,0.08120307324058178,0.1998107990790226
mid,4.2582054047924425,274.9999968037738,-2.2173949981213097,0.07977260327620891,0.20779422218519647
mid,4.422217565918962,274.99999680377374,-2.1985778811279926,0.07825263916572278,0.21576033607718684
mid,4.586258593564053,274.9999968037738,-2.1790175764343562,0.07663831309741888,0.22370448591071032
mid,4.750330005343018,274.99999680377374,-2.1587106947943155,0.07492444263411391,0.2316213284805514
mid,4.914433373405309,274.9999968037738,-2.137653930450406,0.0731055406215826,0.23950476449358288
mid,5.078570327246847,274.99999680377374,-2.115844130987589,0.0711758324879508,0.24734786889165336
mid,5.242742556616186,274.99999680377374,-2.093278379738432,0.06912928196000595,0.25514282038340214
mid,5.406951814518629,274.9999968037738,-2.0699540914913306,0.06695962620876489,0.2628808316007182
mid,5.5711999203222415,274.99999680377374,-2.0458691220771166,0.06466042126234377,0.2705520815322735
mid,5.735488762970103,274.9999968037738,-2.021021892077044,0.062225098357272454,0.27814565211525977
mid,5.899820304302943,274.99999680377374,-1.9954115245480966,0.059647031682231684,0.2856494710360451
mid,6.0641965824966375,274.99999680377374,-1.969037996255629,0.05691961768463206,0.2930502629345958
mid,6.228619715618014,274.9999968037738,-1.9419023014379675,0.05403636581658056,0.30033351128199476
mid,6.393091905304528,274.9999968037738,-1.9140064566997863,0.050990991018559154,0.3074834464204709
mid,6.557619297909656,274.9999968037738,-1.8853537245857073,0.04777748498740815,0.31448315514011094
mid,6.722202652964358,274.9999968037738,-1.855949270501645,0.04439035706987784,0.32131423958031075
mid,6.886843076857101,274.99999680377374,-1.8258001516203377,0.040824698828940964,0.32795706229547383
mid,7.051543211048976,274.99999680377374,-1.7949152501312728,0.03707628917603474,0.33439084798454743
mid,7.2163058041537145,274.9999968037738,-1.7633055477997335,0.03314174873252794,0.34059369555390645
mid,7.381133716567647,274.9999968037738,-1.7309840403994063,0.02901865625617182,0.34654268248857306
mid,7.546036129958725,274.9999968037738,-1.6979659185177383,0.024705607158526394,0.35221414327369643
mid,7.711015447501954,274.99999680377374,-1.664269691562159,0.020202563646366502,0.3575833591656842
mid,7.876070740446107,274.9999968037738,-1.6299171535734471,0.015510942517422355,0.3626248711234119
mid,8.041205455499922,274.9999968037738,-1.594932296279065,0.010633542376915002,0.36731292497760437
mid,8.206431226316626,274.9999968037738,-1.559341452394114,0.0055745851320193815,0.37162170500786185
mid,8.371752927007313,274.99999680377374,-1.5231750209705965,0.0003401212467476905,0.37552507730698476
mid,8.537167054517706,274.9999968037738,-1.4864669656426845,-0.0050619026333670256,0.37899687369064256
mid,8.702685596623636,274.9999968037738,-1.4492530727068518,-0.010622048176947299,0.3820117288665693
mid,8.868319875991833,274.9999968037738,-1.4115730074149437,-0.016328985602294586,0.384544794804315
mid,9.034061775004131,274.9999968037738,-1.3734697429774605,-0.022169260619634992,0.3865716728093914
mid,9.199937880888427,274.9999968037738,-1.334988375020475,-0.028128100268570363,0.3880698394613058
mid,9.365939244205304,274.9999968037738,-1.296177939172532,-0.03418838059594701,0.3890172786730175
mid,9.532086001430915,274.9999968037738,-1.257089663424437,-0.04033161303945642,0.3893942424323206
mid,9.698378826710591,274.9999968037738,-1.2177772929260593,-0.04653738457592914,0.38918230634647666
mid,9.864838921963052,274.9999968037738,-1.1782974076950654,-0.05278388340027775,0.38836550894447497
mid,10.031460105948051,274.9999968037738,-1.1387082097868575,-0.05904748586866302,0.38692958586316817
mid,10.198282223948302,274.9999968037738,-1.099069018823967,-0.0653038589762574,0.3848634196836095
mid,10.365296664358018,274.9999968037738,-1.0594435077846804,-0.07152657422730124,0.3821577243020891
mid,10.532521017407227,274.9999968037738,-1.0198947872353763,-0.07768857335104097,0.3788065773208811
mid,10.699983254430945,274.9999968037738,-0.9804859554358507,-0.0837621685572547,0.37480674714479956
mid,10.86770150054911,274.9999968037738,-0.9412823926624174,-0.08971868655386069,0.3701579353163146
mid,11.035692056610046,274.9999968037738,-0.9023502375711382,-0.09552885284391929,0.364863127665361
mid,11.20398087007674,274.9999968037738,-0.8637549821911077,-0.10116326753585476,0.3589285833796597
mid,11.372596267523924,274.9999968037738,-0.8255617519391065,-0.10659249385501204,0.35236376398415536
mid,11.541569089314876,274.9999968037738,-0.7878345192071796,-0.11178729945909269,0.34518138768216655
mid,11.710941682026762,274.9999968037738,-0.7506353427482207,-0.1167190246639282,0.3373973623224723
mid,11.880761292565134,274.9999968037738,-0.7140265951313476,-0.12135959330999485,0.329030986179444
mid,12.051057231569311,274.9999968037738,-0.6780674750641359,-0.12568163299128104,0.3201046636511022
mid,12.221913577711891,274.99999680377385,-0.6428139525199823,-0.12965955737188317,0.31064394710703613
mid,12.393374050152259,274.9999968037738,-0.6083205688304071,-0.1332686085222754,0.300677012105751
mid,12.565530243548217,274.9999968037738,-0.5746354929719988,-0.13648616180492934,0.29023481309976706
mid,12.738484289833549,274.99999680377385,-0.5418033414353418,-0.1392913740939657,0.2793500714055046
mid,12.912348822001515,274.9999968037738,-0.5098658365804087,-0.14166528439509654,0.26805791692956715
mid,13.087246572103725,274.9999968037738,-0.478857191335027,-0.14359098410608945,0.25639488158132623
mid,13.263370861992538,274.99999680377385,-0.44880523903471997,-0.14505407380484503,0.24439808915400021
mid,13.440907754853894,274.99999680377385,-0.41973250854635097,-0.14604184667658437,0.23210493673565138
mid,13.620120464183925,274.9999968037738,-0.39165336740729484,-0.1465438355492638,0.21955270506664998
mid,13.801307527866848,274.9999968037738,-0.3645762993466215,-0.14655110914736064,0.20677760229445624
mid,13.984838400555638,274.9999968037738,-0.33850459712422626,-0.14605630831777663,0.19381516481006386
mid,14.17112793798032,274.9999968037738,-0.313439894239998,-0.14505337024635626,0.18070081640754398
mid,14.360638443128925,274.9999968037738,-0.2893893089753011,-0.1435381737373865,0.16747253185841865
mid,14.5537867576228,274.9999968037738,-0.26637648252810997,-0.1415100896635459,0.15417611084989258
mid,14.750853108656182,274.99999680377385,-0.24444894849848117,-0.13897549247743368,0.14087228546204217
mid,14.951856188203035,274.9999968037738,-0.223682620604658,-0.13595278782671807,0.12764362449306227
mid,15.156404209666086,274.99999680377385,-0.20416475495913083,-0.13247715016427522,0.1145966256814018
mid,15.363805823278762,274.99999680377385,-0.18596187353640173,-0.12860171921391664,0.10185241428403738
mid,15.573231421083177,274.99999680377385,-0.16909674972516542,-0.12439277532572457,0.08952913552531139
mid,15.783939727810514,274.99999680377385,-0.15354290948368157,-0.11992160484795618,0.07772504530086347
mid,15.995386430053635,274.99999680377385,-0.1392379185206159,-0.11525661757871877,0.06650919052758536
mid,16.20722588334141,274.9999968037738,-0.12610012031717488,-0.11045895250022918,0.05592167673099335
mid,16.419261640885228,274.99999680377385,-0.1140412076776044,-0.10558125799248272,0.04597920229356023
mid,16.631390348247923,274.9999968037738,-0.1029734868912951,-0.10066817815648617,0.03668168944595987
mid,16.84356100034704,274.99999680377385,-0.09281343897420541,-0.09575734604371908,0.028017840873276353
mid,17.055749750905314,274.99999680377385,-0.0834832842374623,-0.09088034313337047,0.01996915494557399
mid,17.2679459821482,274.9999968037738,-0.07491148006234047,-0.08606351822445066,0.01251267705636208
mid,17.480145176171046,274.9999968037738,-0.06703265938757523,-0.08132868165093798,0.005622852334939304
mid,17.692345496170656,274.9999968037738,-0.05978728725101805,-0.07669370683299741,-0.0007272311254097373
mid,17.904546226894325,274.9999968037738,-0.053121196710182006,-0.07217305841353731,-0.006565010193527989
mid,18.116747101391482,274.99999680377385,-0.04698509726371186,-0.0677782563976054,-0.011917891751841589
mid,18.328948024190733,274.9999968037738,-0.041334104313307175,-0.06351828274450678,-0.016812882514203
mid,18.541148962565693,274.9999968037738,-0.03612730860787947,-0.05939993730757108,-0.0212763399206062
mid,18.753349905761965,274.9999968037738,-0.03132738821999004,-0.055428150200390026,-0.025333802011724457
mid,18.965550850390862,274.9999968037738,-0.02690025906848216,-0.051606256918808546,-0.02900987010029469
mid,19.17775179542845,274.9999968037738,-0.022814759156997745,-0.047936241218583024,-0.032328128722538235
mid,19.389952740577936,274.9999968037738,-0.019042362821991086,-0.044418949482388226,-0.03531109358472699
mid,19.602153685756843,274.9999968037738,-0.01555692241490143,-0.041054279510223946,-0.037980181402527714
mid,19.814354630943175,274.9999968037738,-0.012334435416207018,-0.037841346211545425,-0.04035569708670054
mid,20.02655557613134,274.9999968037738,-0.009352835167556212,-0.03477862644391189,-0.04245683458812308
mid,20.238756521319914,274.9999968037738,-0.006591803488021715,-0.03186408508232146,-0.04430168834586214
mid,20.450957466508587,274.9999968037738,-0.004032603489027731,-0.02909528420482258,-0.04590727281402493
mid,20.663158411697264,274.9999968037738,-0.0016579309856839565,-0.02646947713397537,-0.0472895479782815
mid,20.87535935688599,274.9999968037738,0.0005482169902166906,-0.02398368892141917,-0.04846344915781307
mid,21.087560302074664,274.9999968037738,0.0026006579899706395,-0.021634784694092538,-0.04944291971295585
mid,21.29976124726339,274.9999968037738,0.004513125556936188,-0.01941952712034161,-0.050240945555042396
mid,21.511962192452064,274.9999968037738,0.006298357424151538,-0.01733462410468535,-0.05086959058328601
mid,21.72416313764079,274.9999968037738,0.007968171560684224,-0.015376767681435914,-0.051340032374667166
mid,21.936364082829463,274.9999968037738,0.009533531021675614,-0.01354266492534455,-0.05166259763006049
mid,22.14856502801814,274.9999968037738,0.011004598431769624,-0.011829061569221151,-0.05184679701990508
mid,22.360765973206863,274.9999968037738,0.01239078082679047,-0.01023275889898741,-0.05190135920193696
mid,22.57296691839554,274.9999968037738,0.013700765487647617,-0.008750624383624644,-0.051834263902687375
mid,22.785167863584263,274.9999968037738,0.014942547323047426,-0.007379596370143557,-0.05165277406125758
mid,22.99736880877294,274.9999968037738,0.016123448274603745,-0.006116683103373429,-0.05136346712838418
mid,23.209569753961663,274.9999968037738,0.017250129169725927,-0.0049589562607081465,-0.050972265705236885
mid,23.42177069915034,274.9999968037738,0.01832859443190372,-0.003903539115025733,-0.050484467800228874
mid,23.633971644339066,274.9999968037738,0.019364190046920818,-0.0029475894077178183,-0.04990477707681121
mid,23.84617258952774,274.9999968037738,0.020361595241856892,-0.002088276987361859,-0.04923733354637749
mid,24.058373534716466,274.9999968037738,0.021324808362913478,-0.0013227563331329045,-0.04848574524775747
mid,24.27057447990514,274.9999968037738,0.022257127582546353,-0.000648134087282981,-0.047653121542179586
mid,24.482775425093813,274.9999968037738,0.023161127241774934,-6.143183887342626e-05,-0.04674210871541856
mid,24.69497637028254,274.9999968037738,0.02403863082161842,0.00044045540506151663,-0.04575492863106568
mid,24.907177315471216,274.9999968037738,0.02489068187392143,0.000860804492119038,-0.04469342119983281
mid,25.11937826065994,274.99999680377374,0.025717514555100247,0.0012031122316189247,-0.043559091409362455
mid,25.331579205848616,274.9999968037738,0.02651852583507825,0.0014711450718002672,-0.042353161564835415
mid,25.54378015103734,274.99999680377374,0.027292251971869665,0.0016689887201829009,-0.041076629224078315
mid,25.755981096226016,274.9999968037738,0.02803635235048912,0.001801095534365596,-0.03973033102184542
mid,25.96818204141469,274.9999968037738,0.028747604393672195,0.0018723269823996153,-0.03831501215151448
mid,26.180382986603416,274.99999680377374,0.02942191386345945,0.0018879878964986,-0.03683140067413999
mid,26.39258393179209,274.9999968037738,0.030054345432607186,0.001853848636696475,-0.03528028502169864
mid,26.604784876980816,274.99999680377374,0.030639178919425483,0.0017761507307792303,-0.03366259202711393
mid,26.81698582216949,274.9999968037738,0.031169996954017985,0.001661591103452248,-0.03197946152915648
mid,27.029186767358215,274.9999968037738,0.031639809949593534,0.0015172797430113277,-0.030232312084871375
mid,27.24138771254689,274.9999968037738,0.032041224070506615,0.0013506656406968363,-0.028422890537825842
mid,27.453588657735615,274.9999968037738,0.03236665720205159,0.001169426186990381,-0.026553296269798347
mid,27.665789602924292,274.9999968037738,0.03260860669350586,0.0009813161016622109,-0.024625968951945715
mid,27.877990548113015,274.9999968037738,0.03275997069752955,0.000793973415617949,-0.022643626657034975
mid,28.090191493301692,274.9999968037738,0.03281442212470733,0.0006146821355537823,-0.020609139576243107
mid,28.302392438490415,274.9999968037738,0.032766830579208345,0.0004500940783910114,-0.018525323567049782
mid,28.51459338367909,274.9999968037738,0.03261372312856266,0.00030591588881391345,-0.016394637743692292
mid,28.726794328867765,274.99999680377374,0.03235376954079891,0.00018657128890430408,-0.014218771857281393
mid,28.93899527405649,274.9999968037738,0.03198827208483253,9.48527873087298e-05,-0.011998112805881787
mid,29.151196219245165,274.9999968037738,0.031521634883377836,3.158092087533499e-05,-0.009731085884836682
mid,29.36339716443389,274.99999680377374,0.030961784168845242,-4.708306644568214e-06,-0.0074133758986010415
mid,29.575598109622565,274.9999968037738,0.030320510155770343,-1.8026965515401117e-05,-0.005037046351866387
mid,29.78779905481129,274.9999968037738,0.029613706829504968,-1.5131610035096915e-05,-0.002589591411660856
mid,29.999999999999964,274.9999968037738,0.029245874798279933,-1.0354465838604415e-05,-0.001399685437777162
outer,-30.000000000000068,299.89566840196926,0.00030200457386694824,-0.0002216201241346637,-3.920024768519426e-05
outer,-30.000000000000068,299.99999999999994,0.0003163298454677901,-0.00021791204764447445,-2.4393682311053708e-05
outer,-29.64728422038983,299.8956684019693,0.0001846875676408227,-0.000570505933448577,-5.4016135942525594e-05
outer,-29.646332451477637,300.0,0.00019276082990261933,-0.0005825703975444114,-3.569292407011593e-05
outer,-29.294568440779596,299.89566840196926,-1.2644578774107331e-05,-0.0012447745895065227,-5.549890699662593e-05
outer,-29.29266490295531,300.0,-1.5166793707429747e-05,-0.001289129532911438,-3.782391249512604e-05
outer,-28.941852661169357,299.89566840196926,-0.00012762395206119528,-0.0016700182968933438,-2.5161551629831493e-05
outer,-28.938997354432882,300.0,-0.0001340134718505416,-0.0017396971404073096,-1.948843987313332e-05
outer,-28.58913688155912,299.89566840196926,-0.00017977659283791573,-0.0015726223058913353,1.3261185393074462e-05
outer,-28.58532980591045,299.99999999999994,-0.00018572594304497563,-0.0016562721407151317,2.2059404646104005e-06
outer,-28.236421101948885,299.89566840196926,-0.00020828371717013304,-0.0008517948354426955,5.426336179816237e-05
outer,-28.231662257388123,299.99999999999994,-0.00021389453968861575,-0.0009418416715657905,2.490263505391184e-05
outer,-27.883705322338646,299.89566840196926,-0.00022998297082382234,0.0005297235340834194,9.525372049761596e-05
outer,-27.877994708865696,299.99999999999994,-0.00023497985099417692,0.0004405060345596259,4.7086896531285763e-05
outer,-27.53098954272841,299.8956684019692,-0.0002521884886276999,0.0025780890154051533,0.00013516519405517983
outer,-27.52432716034337,299.99999999999994,-0.00025664621685048323,0.0024957281103505746,6.834721082237428e-05
outer,-27.178273763118277,299.89566840196926,-0.00027811677885560427,0.005284650244625582,0.00017361230505808065
outer,-27.170659611820938,299.9999999999999,-0.0002820839586197264,0.005214413663995962,8.857856720373338e-05
outer,-26.825557983508038,299.89566840196926,-0.00030913165578799924,0.008634280697510937,0.000210495402952367
outer,-26.81699206329851,300.0,-0.0003126562722335158,0.008580811588984926,0.00010781082025367646
outer,-26.4728422038978,299.89566840196926,-0.0003458154038243847,0.012609513979783642,0.000245845285724665
outer,-26.463324514776183,299.99999999999994,-0.00034892950208096577,0.0125769908888499,0.0001261186705148144
outer,-26.120126424287566,299.89566840196926,-0.0003884242796279294,0.017192680370616005,0.0002797469588951716
outer,-26.109656966253752,299.99999999999994,-0.000391149436882619,0.017184933724310805,0.00014358848792761156
outer,-25.76741064467733,299.89566840196926,-0.00043710361829648985,0.02236698865769111,0.00031230572500269733
outer,-25.75598941773132,300.0,-0.00043945523132302763,0.02238759437821297,0.00016030497219085386
outer,-25.41469486506709,299.89566840196926,-0.0004919884404965234,0.028117064787945078,0.0003436312194496586
outer,-25.402321869208993,299.99999999999994,-0.0004939801382723551,0.028169418787516963,0.0001763463678175984
outer,-25.061979085456855,299.8956684019693,-0.0005532522616240321,0.03442920193431277,0.00037382999655545014
outer,-25.048654320686566,299.99999999999994,-0.000554899506449779,0.034516581151732194,0.00019178301441411666
outer,-24.70926330584662,299.8956684019693,-0.0006211312611385678,0.04129145413141759,0.0004030018833021988
outer,-24.69498677216424,299.99999999999994,-0.0006224543303638072,0.04141706781201383,0.00020667704353507545
outer,-24.35654752623638,299.89566840196926,-0.0006959370330066467,0.04869364054106759,0.0004312379052050716
outer,-24.341319223641808,299.99999999999994,-0.0006969635349507938,0.04886067447646969,0.0002210823146198953
outer,-24.003831746626247,299.89566840196926,-0.0007780645494129788,0.056627293909116846,0.0004586187765753206
outer,-23.98765167511938,300.0,-0.0007788317175259594,0.05683894944575672,0.00023504424481546847
outer,-23.651115967015958,299.8956684019693,-0.0008679991606693922,0.06508556988934021,0.0004852135697927147
outer,-23.633984126597053,300.0,-0.0008685561547762191,0.06534509894908722,0.0002485994810733187
outer,-23.298400187405772,299.89566840196926,-0.0009663250330239417,0.07406312611444975,0.0005110784806224289
outer,-23.280316578074622,299.99999999999994,-0.0009667354705509418,0.07437386312116812,0.0002617754773686816
outer,-22.945684407795536,299.8956684019693,-0.0010737371103887276,0.0835559763256213,0.0005362557131813918
outer,-22.926649029552294,299.99999999999994,-0.0010740821165665902,0.08392136770238734,0.0002745900561571188
outer,-22.5929686281853,299.8956684019693,-0.0011910587143981917,0.0935613239691285,0.0005607725728481762
outer,-22.572981481029863,299.99999999999994,-0.0011914407979148334,0.09398495585160943,0.0002870510525414295
outer,-22.24025284857506,299.8956684019693,-0.0013192669245744998,0.10407737980737988,0.000584640852351534
outer,-22.219313932507436,299.99999999999994,-0.001319815036790982,0.10456300469241246,0.0002991561156476634
outer,-21.887537068964825,299.8956684019693,-0.0014595284223150838,0.11510316828412732,0.0006078565664726608
outer,-21.86564638398511,300.0,-0.0014604046733908034,0.11565473144774022,0.00031089271861876877
outer,-21.53482128935459,299.89566840196926,-0.0016132488333721502,0.12663832730597327,0.000630400014960765
outer,-21.511978835462678,300.0,-0.0016146573770559995,0.12725999409223987,0.00032223836216187934
outer,-21.182105509744353,299.8956684019693,-0.0017821387103982983,0.13868290525194832,0.0006522360312914838
outer,-21.15831128694035,300.0,-0.00178433738434821,0.1393790906046046,0.00033316086781295245
outer,-20.829389730134217,299.89566840196926,-0.001968299358748933,0.15123715652237574,0.0006733141331115577
outer,-20.804643738417923,300.0,-0.0019716147277842946,0.15201255840663372,0.0003436185601153677
outer,-20.476673950523928,299.8956684019694,-0.0021743313366361927,0.16430133236275918,0.0006935680621922291
outer,-20.450976189895492,300.0,-0.002179177720695119,0.16516097102806504,0.0003535599697758393
outer,-20.123958170913745,299.8956684019693,-0.002403467378009061,0.177875456078844,0.0007129138734266183
outer,-20.097308641373115,300.0,-0.002410370351344532,0.17882472125060067,0.0003629224572465131
outer,-19.771242391303456,299.8956684019693,-0.0026597295284447667,0.19195905973926444,0.0007312453310982583
outer,-19.743641092850737,300.0,-0.002669354088883115,0.19300376780422898,0.00037162887928587907
outer,-19.41852661169322,299.8956684019693,-0.002948107345650007,0.20655084186038314,0.0007484248434428409
outer,-19.389973544328356,300.0,-0.0029612904718551367,0.20769730472441328,0.00037958104659951974
outer,-19.065810832083034,299.8956684019693,-0.0032747496315733635,0.22164818051149995,0.0007642674969165417
outer,-19.03630599580593,300.0,-0.003292536252927608,0.22290328682614335,0.0003866482726088902
outer,-18.713095052472795,299.8956684019693,-0.003647156378504067,0.23724640201736447,0.0007785149604835062
outer,-18.682638447283548,300.0,-0.0036708367077664186,0.2386177097684568,0.0003926487748232427
outer,-18.36037927286256,299.8956684019694,-0.004074350343880741,0.2533376598135831,0.0007907951277469905
outer,-18.32897089876117,300.0,-0.004105495187890225,0.2548334963595026,0.00039732109608037885
outer,-18.007663493252323,299.8956684019694,-0.004566999037745115,0.2699092186263266,0.0008005623321753613
outer,-17.975303350238793,300.00000000000006,-0.004607487953081135,0.27153877993821185,0.000400282063196547
outer,-17.654947713642088,299.8956684019694,-0.0051374480920994905,0.2869408642756861,0.0008070118400390069
outer,-17.621635801716415,300.0,-0.005189483176347182,0.28871429888633904,0.00040096708611764287
outer,-17.3022319340319,299.8956684019694,-0.005799616788686686,0.3044010662198854,0.0008089611602110636
outer,-17.267968253193985,300.0,-0.0058657125442765495,0.30632952076792297,0.0003985479190864033
outer,-16.949516154421662,299.8956684019694,-0.006568696479200643,0.3222414063872865,0.0008046894338398919
outer,-16.914300704671607,300.00000000000006,-0.006651633570838686,0.32433699822386275,0.0003918222705506652
outer,-16.596800374811426,299.8956684019694,-0.007460583702352953,0.3403886507802515,0.000791724754539716
outer,-16.560633156149226,300.00000000000006,-0.007563311697287162,0.3426643183230942,0.000379068855945075
outer,-16.24408459520119,299.8956684019694,-0.008490972851718369,0.35873367551158764,0.0007665675631721297
outer,-16.20696560762685,300.0000000000001,-0.008616444302073645,0.36120283828631294,0.0003578605028702747
outer,-15.891368815591004,299.8956684019693,-0.00967402947275206,0.37711625808865423,0.0007243358031557429
outer,-15.853298059104471,300.00000000000006,-0.00982494467416925,0.37979219519602764,0.00032482647331909253
outer,-15.538653035980767,299.8956684019693,-0.011020564786671176,0.39530449300926385,0.0006583135094965359
outer,-15.49963051058204,300.00000000000006,-0.01119900439011294,0.39819931875882836,0.0002753523526686785
outer,-15.185937256370531,299.8956684019694,-0.012535635613402811,0.4129672579064588,0.0005593772121411378
outer,-15.145962962059663,300.00000000000006,-0.01274255102465447,0.41609033951157737,0.00020320167347888385
outer,-14.833221476760293,299.8956684019694,-0.014215501800551075,0.42963768330666924,0.0004152600735182477
outer,-14.792295413537284,300.0,-0.014450041233509452,0.43299328398146997,0.00010002976532494379
outer,-14.480505697150107,299.8956684019694,-0.016043878952321212,0.4446648475556576,0.0002095884996191344
outer,-14.438627865014906,300.0,-0.016302462441103602,0.44824875993214164,-4.524437796937786e-05
outer,-14.127789917539923,299.8956684019694,-0.01798748098033473,0.45714965614199304,-7.944526425447684e-05
outer,-14.084960316492579,300.00000000000006,-0.018262732015070463,0.46094428441935953,-0.0002473498048536221
outer,-13.775074137929838,299.8956684019694,-0.019990678241747085,0.46585873849765247,-0.00048095759924898784
outer,-13.731292767970352,300.00000000000006,-0.020269422112332937,0.4698267110971045,-0.0005258146960420984
outer,-13.422358358320466,299.8956684019693,-0.02197038473886746,0.46910482117211005,-0.0010346199524575023
outer,-13.377625219448737,300.00000000000006,-0.02223326045220229,0.47317763724671974,-0.0009076937783635691
outer,-13.069642578713792,299.8956684019694,-0.023806874207535286,0.4645770925619581,-0.0017949276350759519
outer,-13.023957670929972,300.00000000000006,-0.024018109630872184,0.4686477169801509,-0.0014286686449979658
outer,-12.716926799119229,299.8956684019693,-0.025358565673373943,0.44905653884383656,-0.0028470077290435047
outer,-12.670290122423369,300.0,-0.025490216854262344,0.4529292244072598,-0.0021527606062968496
outer,-12.364211019574334,299.8956684019693,-0.02638090988206358,0.41802521875377996,-0.0043045237356071075
outer,-12.316622573966688,300.0,-0.026283325643757554,0.42149543655796906,-0.0031372168852858984
outer,-12.011495240226328,299.8956684019694,-0.027098137048957922,0.3642214637750485,-0.006518228809945598
outer,-11.962955025708016,300.00000000000006,-0.026997860299521472,0.3664866155061398,-0.00473982179731712
outer,-11.658779461626947,299.8956684019694,-0.025839598508541246,0.277673276542584,-0.009541095539526985
outer,-11.609287478202345,300.0,-0.02405370202793924,0.27940183165224836,-0.006563310479725394
outer,-11.306063685761062,299.8956684019693,-0.043368671800547876,0.11157495492400912,-0.020426254733958017
outer,-11.255619933445795,300.0,-0.047006424748565,0.10218572537394538,-0.016554871488869385
outer,-10.953347919477503,299.8956684019694,-0.3512007917829405,-0.13981653771546962,-0.1135515188353948
outer,-10.901952398326884,300.0,-0.36840019772083615,-0.15322751002417806,-0.11461686301146998
outer,-10.600632185441714,299.8956684019694,-0.8055191156298334,-0.33231115236309483,-0.2021589318448032
outer,-10.548284895641439,300.00000000000006,-0.8336410660104302,-0.34660004225811436,-0.20252436841235946
outer,-10.247916555586647,299.8956684019694,-1.0549813968443542,-0.4185831214401433,-0.2084680110513701
outer,-10.1946174977369,300.0,-1.0775545646861584,-0.43463407071759563,-0.20527383235753197
outer,-9.895201248806728,299.89566840196926,-1.1986546013007933,-0.4685093778364878,-0.21421006844441343
outer,-9.840950424768767,300.0,-1.209194230630626,-0.4762091867042588,-0.21325171165111045
outer,-9.542486903676421,299.8956684019693,-1.3075318304380494,-0.5026913688289785,-0.2225331984329769
outer,-9.487284318989959,300.0,-1.3157135976104257,-0.5086059777057153,-0.22172915803994292
outer,-9.189775305732105,299.8956684019693,-1.403081836992632,-0.5313829663224876,-0.2285092738427848
outer,-9.133620976223023,300.0,-1.4105152873484277,-0.5367083891195872,-0.22761911611536897
outer,-8.837071239043167,299.8956684019693,-1.4912029343215731,-0.5560582469600863,-0.2328179236941093
outer,-8.779965208097284,300.0,-1.4981055733746071,-0.560798547861903,-0.23189649585891786
outer,-8.484386989328858,299.89566840196926,-1.5734653164157435,-0.5768810267853721,-0.23536666709245607
outer,-8.426329371107068,300.0,-1.58006020934538,-0.5812079243232251,-0.23436971182292538
outer,-8.13175277523599,299.89566840196926,-1.6509154657686897,-0.5943273970503595,-0.2363075523091575
outer,-8.072743857981635,300.0,-1.6572582476775477,-0.5982853841944811,-0.23523752824617167
outer,-7.779239615257177,299.89566840196926,-1.7240364848242642,-0.6087054455596634,-0.23574281286481605
outer,-7.7192800963343,299.99999999999994,-1.7301629527501567,-0.6123395756584457,-0.23459224192777334
outer,-7.42700700860459,299.8956684019693,-1.7931966122130099,-0.620349309397692,-0.23378872794941508
outer,-7.366098504214393,299.99999999999994,-1.7991244259553303,-0.6236925063688415,-0.2325548432688352
outer,-7.075396110015113,299.89566840196926,-1.8586534492713216,-0.6295788263607991,-0.23055473793081532
outer,-7.0135422016700995,299.99999999999994,-1.8643947370263925,-0.6326627555434945,-0.22923362751058027
outer,-6.725098220318544,299.89566840196926,-1.9205581459642946,-0.6367257779334797,-0.22614539904278086
outer,-6.662306471951621,300.0,-1.9261222117573604,-0.639584278474824,-0.22473236133870533
outer,-6.377427301757888,299.89566840196926,-1.9788961170571,-0.6421316534933325,-0.22066235894406105
outer,-6.313712846726489,299.99999999999994,-1.984290480031443,-0.6448040219820683,-0.21915151724087117
outer,-6.034695246461891,299.89566840196926,-2.0334251155320002,-0.6461312064516196,-0.21422131518278953
outer,-5.970086536385707,299.99999999999994,-2.038655178421021,-0.6486631052923427,-0.2126073857751905
outer,-5.700542771951263,299.89566840196926,-2.083657930364809,-0.6490152438389803,-0.20698446981795163
outer,-5.635089231759744,299.99999999999994,-2.0887249612205117,-0.6514550884176737,-0.20526618651580694
outer,-5.3799280031274685,299.8956684019693,-2.1289619202619865,-0.65099316051918,-0.19919729388223437
outer,-5.313707620331622,300.0,-2.133860460290694,-0.6533833875386715,-0.19738176238412755
outer,-5.078399890627517,299.8956684019693,-2.168772617544909,-0.6521627514282614,-0.19119015201579156
outer,-5.011522618926483,300.0,-2.1734787743197197,-0.6545174705512848,-0.18929415194136695
outer,-4.800582625541946,299.89566840196926,-2.202909786089744,-0.6525954468236568,-0.18331414060709447
outer,-4.733185057502759,299.99999999999994,-2.207395860319471,-0.6549049349073204,-0.18135934769086753
outer,-4.549096728162916,299.8956684019693,-2.2316866741607515,-0.6523912139871739,-0.17585314408983704
outer,-4.481330552548292,300.0,-2.235926564125257,-0.6546251981857314,-0.1738591019976525
outer,-4.323817174568372,299.89566840196926,-2.2558209665821596,-0.6517193134402753,-0.16895023927289132
outer,-4.25583335990793,300.0,-2.2598134350935473,-0.6538567966092371,-0.16692757081728116
outer,-4.122869625375337,299.8956684019693,-2.276191235001723,-0.6508003749295619,-0.16263018596236653
outer,-4.054808342574167,300.0,-2.279968881655258,-0.652851804030999,-0.16058184200447778
outer,-3.9434659762048447,299.8956684019693,-2.293559525921035,-0.6497839521004344,-0.15685216808568808
outer,-3.87545133456012,300.0,-2.297150123186256,-0.6517612659497226,-0.15477933848751
outer,-3.782514047871252,299.8956684019694,-2.3085462344998486,-0.6487684313675306,-0.15154957298043686
outer,-3.7146523433693717,300.0,-2.311978685308095,-0.6506906786513627,-0.14945320640710205
outer,-3.6372390189114014,299.8956684019694,-2.321619987323983,-0.6478042400249515,-0.1466572371021088
outer,-3.5696205624506696,300.0,-2.3249148887903806,-0.6496880789388876,-0.1445392054562599
outer,-3.5051697394134615,299.8956684019693,-2.333133827053546,-0.6469099278271923,-0.14211791168254817
outer,-3.4378706061837128,300.00000000000006,-2.33630470653741,-0.648767579970534,-0.13998173580055523
outer,-3.3843093963446016,299.8956684019693,-2.3433536672587105,-0.646085223392383,-0.13788482872689495
outer,-3.317394158369459,299.99999999999994,-2.346406710177421,-0.6479229309936287,-0.1357342917587273
outer,-3.272897448857718,299.89566840196926,-2.352500521310945,-0.6453327163765366,-0.1339171701167673
outer,-3.206420536102741,300.00000000000006,-2.355446146566333,-0.6471598298314715,-0.131756431233495
outer,-3.169689386911345,299.8956684019694,-2.360735577689813,-0.6446423124128516,-0.13018519977143628
outer,-3.103698060014906,300.0,-2.3635760187706807,-0.646461032726279,-0.12801802944822993
outer,-3.0733921498424857,299.8956684019693,-2.368193086282349,-0.6440043254903514,-0.12665607575479998
outer,-3.007926220427206,300.0,-2.370930732874412,-0.6458157794116194,-0.12448612880668664
outer,-2.983184826895402,299.8956684019693,-2.3749963460385755,-0.6434239783417692,-0.12331080198933347
outer,-2.918279377511852,300.00000000000006,-2.3776421530403664,-0.6452364328243347,-0.12114125364843029
outer,-2.898314056299505,299.8956684019694,-2.381222038659301,-0.6428868323370898,-0.12012891444417181
outer,-2.833999829559842,300.00000000000006,-2.3837750112004583,-0.6446985501062913,-0.11796260976889975
outer,-2.8180967141129263,299.8956684019693,-2.3869428290840884,-0.642385230683844,-0.11709197739380575
outer,-2.7544005173142425,300.0,-2.389403406769432,-0.6441948228509216,-0.11493175799586751
outer,-2.741920156459517,299.8956684019693,-2.392236475945841,-0.641924549830861,-0.11418443151343989
outer,-2.6788652676029163,300.00000000000006,-2.3946151291566915,-0.6437383849664622,-0.11203278788741587
outer,-2.6694919615328585,299.8956684019694,-2.3971424402803225,-0.6414945034609518,-0.11139658377937652
outer,-2.6070999740467493,300.00000000000006,-2.399438043905318,-0.6433105505405875,-0.10925490803876603
outer,-2.6002497571921936,299.8956684019693,-2.401703900484409,-0.6410905939776642,-0.10871230504748265
outer,-2.538539024812544,300.0,-2.4039181634926616,-0.6429084485052243,-0.10658274607689808
outer,-2.533997495063665,299.8956684019694,-2.405968828930577,-0.6407183832674891,-0.10612782635727802
outer,-2.472985242138295,300.00000000000006,-2.40811044697855,-0.6425429061264131,-0.10401238270291514
outer,-2.4704191575102805,299.8956684019693,-2.4099543909859134,-0.6403658256237089,-0.1036316331676958
outer,-2.410120787884277,300.00000000000006,-2.412019641109315,-0.6421928273334863,-0.10153117500843624
outer,-2.409231503437421,299.8956684019693,-2.413695695145758,-0.6400353232181303,-0.10121653960046653
outer,-2.350228252694756,299.8956684019694,-2.417216912564254,-0.6397249121607228,-0.09887585903316576
outer,-2.349660789271219,300.00000000000006,-2.415689764544433,-0.6418668930035956,-0.099133068286236
outer,-2.2932199389657355,299.89566840196943,-2.4205357222609623,-0.6394314556839761,-0.0966032199978949
outer,-2.291397777817738,300.0,-2.419142339562337,-0.641561231741879,-0.09681037290361735
outer,-2.238033008958728,299.8956684019694,-2.42367144043044,-0.6391549457800975,-0.09439357694034727
outer,-2.2351411957367406,300.0,-2.422393756332127,-0.6412720716030913,-0.0945566486546172
outer,-2.1845584321350175,299.8956684019694,-2.4266404802244517,-0.6388951491911022,-0.0922439063724455
outer,-2.1807164899373235,300.00000000000006,-2.4254651023578075,-0.6410006699829198,-0.09236701975627569
outer,-2.132674976056364,299.8956684019694,-2.4294523011788236,-0.6386480576121607,-0.0901497384325037
outer,-2.1280140017816747,300.00000000000006,-2.4283729999300774,-0.6407469160526691,-0.09023837374193405
outer,-2.0821955504756215,299.8956684019694,-2.432118174823038,-0.6384114614805688,-0.08810454330707021
outer,-2.07691180044022,300.00000000000006,-2.4311234487655042,-0.6405043653269109,-0.08816600827759967
outer,-2.0330025006423478,299.8956684019694,-2.4346609943025865,-0.638191361953066,-0.08610648253683142
outer,-2.0272217178832563,300.00000000000006,-2.4337277992876443,-0.6402709598992378,-0.08614337481493305
outer,-1.9851534265040096,299.8956684019694,-2.4370773583672376,-0.6379805145076206,-0.08415514374854108
outer,-1.978825421579306,300.00000000000006,-2.436217380489983,-0.6400582219725437,-0.08416914213341488
outer,-1.9383818172287846,299.8956684019694,-2.4393778674421167,-0.6377786480123435,-0.0822425503844382
outer,-1.9317808432954715,300.00000000000006,-2.4385771883161267,-0.639851567241976,-0.08224143125351638
outer,-1.8927290169204098,299.8956684019694,-2.4415765845884234,-0.6375888729388143,-0.08037076044812491
outer,-1.8858199368941775,300.00000000000006,-2.440822672717268,-0.639653913354888,-0.08035349325487942
outer,-1.8480532135341443,299.8956684019694,-2.443675078422973,-0.6374070235711312,-0.078534089538647
outer,-1.8409842846527844,300.00000000000006,-2.442970847596798,-0.6394700013875864,-0.07850726232248599
outer,-1.8043498979534445,299.8956684019694,-2.4456803050968285,-0.6372335893684862,-0.07673249388628034
outer,-1.7971312575809806,300.00000000000006,-2.445018032247611,-0.6392924541143448,-0.07669623572144836
outer,-1.7614843844980774,299.8956684019694,-2.4476006500185923,-0.6370690038198088,-0.07496202654739441
outer,-1.7542563205863015,300.00000000000006,-2.446973673112645,-0.6391236047248925,-0.07492094292442687
outer,-1.7195165327647552,299.8956684019694,-2.449438290320965,-0.6369117772395624,-0.07322395873598968
outer,-1.7122240120962708,300.00000000000006,-2.448847064360532,-0.6389641770310931,-0.0731773633425397
outer,-1.6782685103034787,299.8956684019694,-2.451197367110113,-0.6367607769242584,-0.0715123880360709
outer,-1.6710945365444587,300.00000000000006,-2.4506380817735187,-0.63881143594035,-0.0714664616977953
outer,-1.6377946129565284,299.8956684019694,-2.4528876655102243,-0.6366186224575511,-0.06982994547500354
outer,-1.6306890370304623,300.00000000000006,-2.4523510361533702,-0.6386644265121146,-0.06978245741688101
outer,-1.59801910745927,299.8956684019694,-2.4545050106856117,-0.6364807471106978,-0.06817251390052577
outer,-1.591062122181826,300.00000000000006,-2.453999528497594,-0.6385278855153306,-0.06812832600149123
outer,-1.5588618118710391,299.8956684019694,-2.4560588083265604,-0.6363497099218418,-0.06653853103433818
outer,-1.5521376224526497,300.00000000000006,-2.455572368782839,-0.638393225701544,-0.06649902229179568
outer,-1.5203461568675027,299.8956684019694,-2.4575526285870306,-0.6362253268564899,-0.06492863425005668
outer,-1.5138348939932131,300.00000000000006,-2.4570851992399176,-0.6382667861381046,-0.06489396236928527
outer,-1.4824395412651774,299.8956684019694,-2.458985248444841,-0.6361054632254046,-0.06334102204624031
outer,-1.4761775024575987,300.00000000000006,-2.458539844427678,-0.638147129105181,-0.06331320980106124
outer,-1.445064151721349,299.8956684019694,-2.4603613673594182,-0.635990593614889,-0.061773359619037856
outer,-1.4391326588546909,300.00000000000006,-2.459932694827499,-0.6380310039792946,-0.06175485021114863
outer,-1.4081969344358771,299.8956684019694,-2.4616856122932713,-0.6358812108765493,-0.060225020128799815
outer,-1.4026221015776046,300.00000000000006,-2.4612703888927174,-0.6379199279743257,-0.060216930569180864
outer,-1.3718441014928537,299.8956684019694,-2.4629592322723117,-0.6357767660617877,-0.058696030319960665
outer,-1.366622644018755,300.00000000000006,-2.462558160318817,-0.6378146415505688,-0.05869864433210898
outer,-1.3359895789153122,299.8956684019694,-2.4641825350853916,-0.6356765014957871,-0.05718560396183779
outer,-1.3311405340484608,300.00000000000006,-2.463796431875853,-0.637714267967849,-0.05719984253592154
outer,-1.300571953813148,299.8956684019694,-2.46535865540469,-0.6355804854349261,-0.05569178524274797
outer,-1.296159605091443,300.0,-2.4649846950093313,-0.6376176793817081,-0.05571981349679486
outer,-1.2655720940190487,299.8956684019694,-2.4664907596558767,-0.6354887756848897,-0.05421390236584532
outer,-1.2616180904725918,300.00000000000006,-2.4661268572542934,-0.6375252633290537,-0.054256747778595155
outer,-1.2309716150401149,299.8956684019694,-2.4675796496169324,-0.6354007993912479,-0.05275106822815821
outer,-1.2274967478085532,300.0,-2.4672264160683848,-0.6374371819257093,-0.05280987716365357
outer,-1.196752849088825,299.8956684019694,-2.4686269968363193,-0.6353165908136541,-0.05130273870966286
outer,-1.1937770866978248,300.00000000000006,-2.4682834191390244,-0.6373525685446624,-0.05137817105354324
outer,-1.1629083959283486,299.8956684019694,-2.4696346357699097,-0.6352361982438633,-0.049868741600543436
outer,-1.160441337572947,300.00000000000006,-2.469299932187736,-0.6372717464179851,-0.04996116612367061
outer,-1.1294331753285125,299.8956684019694,-2.470603087090523,-0.6351592403103172,-0.048448745071014626
outer,-1.1274820575661046,300.0000000000001,-2.4702779514662825,-0.6371948108778037,-0.04855869027815565
outer,-1.0962860765306126,299.8956684019694,-2.47153393176225,-0.6350855838432379,-0.047041349574518804
outer,-1.0948941371810346,300.0000000000001,-2.471217406043895,-0.6371210880476832,-0.047170380170765115
outer,-1.0634523735706467,299.8956684019694,-2.4724292188918873,-0.6350152300450486,-0.04564602608914087
outer,-1.062636228829791,300.0,-2.4721200911133714,-0.6370505368985789,-0.0457948873076036
outer,-1.030917899457123,299.8956684019694,-2.473289663636957,-0.634947879170097,-0.044262136497037204
outer,-1.0306935217155488,300.0,-2.4729883559667902,-0.6369832727019756,-0.044431655013706085
outer,-0.9990517672341905,300.00000000000006,-2.473822520653899,-0.6369188508658685,-0.043079971672418976
outer,-0.9986690215619145,299.8956684019694,-2.474116379474814,-0.6348834714291558,-0.04288920377965763
outer,-0.9676972542231796,300.00000000000006,-2.474623853254379,-0.6368573148303278,-0.04173939521656444
outer,-0.9666926178342369,299.8956684019694,-2.4749103774027534,-0.6348219119159579,-0.04152674337719354
outer,-0.9366167850387512,300.00000000000006,-2.4753933199164173,-0.6367985398005184,-0.04040943016975383
outer,-0.9349760538101249,299.8956684019694,-2.4756726010618544,-0.6347631019008078,-0.04017428624944373
outer,-0.9057976524327195,300.00000000000006,-2.4761318566921164,-0.6367424300261836,-0.039089601590506576
outer,-0.9035071603879881,299.8956684019694,-2.476403936893409,-0.6347069472217874,-0.03883137792496051
outer,-0.8752276172003031,300.00000000000006,-2.476840337301517,-0.6366888902180838,-0.03777944839877503
outer,-0.8722742123431749,299.8956684019693,-2.477105217288785,-0.6346533578344321,-0.037497578720858724
outer,-0.8448948865705201,300.0,-2.4775195832204298,-0.6366378304605236,-0.03647852475676831
outer,-0.8412659075522847,299.8956684019694,-2.4777772242823595,-0.634602248189632,-0.03617246331354265
outer,-0.8147880933111658,300.00000000000006,-2.478170366022079,-0.6365891652545258,-0.035186399438230966
outer,-0.8104713469002038,299.8956684019694,-2.4784206924907544,-0.6345535370883499,-0.034855620218233144
outer,-0.7848962755199237,300.00000000000006,-2.4787934104933336,-0.6365428135223612,-0.033902655295651354
outer,-0.7798800148422351,299.8956684019694,-2.4790363118249545,-0.6345071475659678,-0.03354665122906989
outer,-0.7552088570744889,300.0,-2.4793893972629304,-0.636498698439541,-0.03262688867029821
outer,-0.7494817605932796,299.8956684019694,-2.4796247299980636,-0.6344630067456927,-0.03224517085560528
outer,-0.725715628713509,300.00000000000006,-2.479958965283056,-0.6364567472861,-0.031358708813672635
outer,-0.7192667799183213,299.8956684019694,-2.4801865548333724,-0.6344210457078288,-0.03095080576036832
outer,-0.6964067297221868,300.0,-2.4805027141016605,-0.6364168913140065,-0.030097737313099386
outer,-0.6892255974967857,299.8956684019694,-2.480722356399611,-0.6343811993563676,-0.029663194209613098
outer,-0.6672726301947086,300.00000000000006,-2.4810212059735828,-0.6363790656170195,-0.028843607534848256
outer,-0.6593490498347684,299.8956684019694,-2.4812326690061544,-0.6343434062794983,-0.028381985536073226
outer,-0.6383041138485624,300.00000000000006,-2.4815149678233692,-0.6363432089757112,-0.027595964079567423
outer,-0.6296282686995863,299.8956684019694,-2.4817179930414515,-0.6343076086234913,-0.02710683961083822
outer,-0.6094922613632658,300.00000000000006,-2.4819844930683455,-0.6363092637385678,-0.026354462246248284
outer,-0.600054665051005,299.8956684019694,-2.482178796716636,-0.6342737519727109,-0.025837426326225394
outer,-0.5808284342191785,300.0,-2.4824302433411813,-0.6362771756909228,-0.02511876750758566
outer,-0.5706199134446127,299.8956684019694,-2.4826155176682048,-0.6342417852209513,-0.024573425083958822
outer,-0.5523042590109053,300.00000000000006,-2.4828526500753854,-0.6362468939235072,-0.023888554989223803
outer,-0.5413159368819479,299.8956684019693,-2.483028564426143,-0.634211660446176,-0.023314524296653115
outer,-0.5239116122104034,300.0,-2.483252115964868,-0.636218370712363,-0.022663508964003813
outer,-0.5121348920840221,299.8956684019694,-2.483418317827267,-0.6341833328109994,-0.022060420896830718
outer,-0.4956426053553683,300.0,-2.4836290163601005,-0.6361915614102334,-0.02144332235245322
outer,-0.4830691551644222,299.8956684019693,-2.4837851323058238,-0.6341567604393799,-0.020810819847935754
outer,-0.4674895706399471,300.0,-2.483983700549414,-0.63616642432044,-0.020227696224754118
outer,-0.4541113076777187,299.8956684019693,-2.4841293370628508,-0.634131904305483,-0.0195654336679578
outer,-0.4394450468829454,300.00000000000006,-2.484316492918753,-0.6361429205907415,-0.01901633931767916
outer,-0.42525412302190685,299.8956684019694,-2.4844512371997998,-0.6341087281451891,-0.01832398195681819
outer,-0.4115017658514422,300.00000000000006,-2.4846276940802396,-0.6361210141224939,-0.017808967553413307
outer,-0.3964905531703034,299.8956684019693,-2.484751114726459,-0.634087198350734,-0.017086190930207357
outer,-0.383652638916811,299.99999999999994,-2.4849175818605675,-0.6361006714551316,-0.016605303565855198
outer,-0.3678137157121857,299.8956684019693,-2.4850292295003085,-0.6340672838740433,-0.015851792956111308
outer,-0.3558907440205013,300.0,-2.485186412246387,-0.6360818616794128,-0.015405076229353068
outer,-0.33921688117988386,299.8956684019694,-2.485285820073197,-0.6340489561322143,-0.014620526093051622
outer,-0.3282093129278002,300.0,-2.485434420218986,-0.6360645563296258,-0.01420802018703736
outer,-0.3106934606400381,299.8956684019693,-2.4855211044278818,-0.6340321889220691,-0.013392133634745224
outer,-0.3006017187481503,300.0,-2.485661820474211,-0.6360487292811453,-0.013013875382028299
outer,-0.2822369935287656,299.8956684019694,-2.4857352805612924,-0.6340169583204789,-0.012166363650638296
outer,-0.2730614636999882,300.0,-2.4858688080166593,-0.6360343566381846,-0.011822386558246533
outer,-0.25384113570951705,299.89566840196926,-2.485928526742105,-0.6340032427106085,-0.01094296861958384
outer,-0.2455821670994944,300.0,-2.486055557503872,-0.636021416084714,-0.010633302714302092
outer,-0.2254996477320468,299.8956684019693,-2.48610100402349,-0.6339910249445889,-0.009721707788749642
outer,-0.21815755355259306,300.0,-2.4862222267236307,-0.6360098912621377,-0.009446380078224757
outer,-0.19720680774011276,299.8956684019693,-2.4862528605026113,-0.6339802895984595,-0.008502357639597054
outer,-0.1907818682407402,300.0,-2.486368969072725,-0.6359997746577387,-0.008261392542364038
outer,-0.16895838205264702,299.89566840196926,-2.486384215029715,-0.6339710168023294,-0.007284748425893639
outer,-0.16345085309361135,300.0,-2.4864958935685246,-0.6359910358926536,-0.007078169064950208
outer,-0.1407451641462498,299.89566840196926,-2.4864951790913596,-0.633963189709398,-0.006068531378285471
outer,-0.13615524855116684,300.0,-2.486603108444583,-0.6359836547323677,-0.005896355996911456
outer,-0.11256118637238004,299.8956684019693,-2.486585849979865,-0.6339567998858988,-0.00485345698148277
outer,-0.10888905258678436,300.0,-2.4866907169062387,-0.6359776320435238,-0.004715699193781439
outer,-0.08440053557231923,299.89566840196926,-2.486656295967461,-0.6339518390240283,-0.003639295891982311
outer,-0.08164631797734326,300.0,-2.4867587812866767,-0.6359729562830685,-0.0035359673785683764
outer,-0.05625734206283431,299.8956684019693,-2.486706574509649,-0.6339483003020162,-0.002425818171620422
outer,-0.05442114122583595,300.0,-2.4868073594556144,-0.6359696213423985,-0.002356927635681119
outer,-0.028125768699954784,299.8956684019693,-2.486736725603148,-0.6339461789786005,-0.0012127954441005227
outer,-0.027207651561839425,300.0,-2.486836490534379,-0.6359676222648631,-0.0011783487193704524
outer,-5.088887490341627e-14,299.99999999999994,-2.4868461982792036,-0.6359669562270304,-1.5474281997251496e-14
outer,-5.088887490341627e-14,299.89566840196926,-2.486746773305884,-0.6339454721876489,-2.2686569623006626e-13
outer,0.027207651561737645,300.0,-2.4868364905358136,-0.6359676222649001,0.001178348718989603
outer,0.028125768699853008,299.8956684019693,-2.486736725605845,-0.6339461789801709,0.0012127954434467015
outer,0.054421141225785064,300.0,-2.4868073594564906,-0.6359696213422777,0.002356927636210965
outer,0.05625734206278342,299.8956684019693,-2.4867065745115307,-0.6339483003031421,0.0024258181718056155
outer,0.08164631797729237,299.99999999999994,-2.4867587812838545,-0.6359729562802963,0.0035359673787027915
outer,0.08440053557221745,299.89566840196926,-2.4866562959652416,-0.6339518390221267,0.0036392958918666685
outer,0.10888905258673347,300.0,-2.486690716903676,-0.635977632041326,0.004715699193255271
outer,0.11256118637227826,299.8956684019694,-2.4865858499780367,-0.6339567998845322,0.004853456980733246
outer,0.13615524855111594,300.0,-2.4866031084457516,-0.6359836547356054,0.005896355997246569
outer,0.14074516414614802,299.8956684019694,-2.4864951790910355,-0.633963189711023,0.006068531378184224
outer,0.16345085309350957,300.0,-2.486495893568699,-0.6359910358941906,0.007078169064390927
outer,0.16895838205254524,299.89566840196926,-2.486384215029515,-0.6339710168034907,0.007284748425066271
outer,0.19078186824063842,300.00000000000006,-2.4863689690706883,-0.6359997746569457,0.008261392542299064
outer,0.19720680774001098,299.8956684019693,-2.4862528605007013,-0.6339802895976313,0.008502357639142493
outer,0.21815755355254218,300.0,-2.48622222672314,-0.6360098912633854,0.009446380078415962
outer,0.22549964773199593,299.8956684019693,-2.4861010040230798,-0.6339910249456909,0.00972170778862012
outer,0.24558216709939262,300.0,-2.4860555575041143,-0.636021416085752,0.010633302713728279
outer,0.25384113570941524,299.89566840196926,-2.4859285267418003,-0.6340032427111005,0.010942968618959404
outer,0.27306146369988643,300.0,-2.4858688080132123,-0.636034356633823,0.011822386557355135
outer,0.2822369935287147,299.89566840196926,-2.4857352805589152,-0.6340169583172137,0.01216636364985605
outer,0.3006017187480994,300.00000000000006,-2.4856618204684953,-0.6360487292759672,0.013013875381963282
outer,0.31069346063993636,299.89566840196926,-2.4855211044251653,-0.6340321889194884,0.01339213363459782
outer,0.3282093129277493,300.0,-2.4854344202173038,-0.6360645563289969,0.014208020187244274
outer,0.3392168811797821,299.89566840196926,-2.485285820071884,-0.6340489561316903,0.014620526092993538
outer,0.3558907440203995,300.0,-2.485186412247996,-0.6360818616783522,0.015405076229086101
outer,0.3678137157121348,299.8956684019693,-2.485029229502829,-0.634067283874267,0.015851792955552186
outer,0.38365263891676016,300.0,-2.4849175818589395,-0.6361006714539942,0.01660530356658238
outer,0.39649055317020165,299.8956684019693,-2.4847511147270382,-0.634087198351345,0.017086190930366965
outer,0.4115017658513404,300.0,-2.484627694078918,-0.636121014120848,0.017808967553397125
outer,0.4252541230218051,299.8956684019693,-2.4844512371990666,-0.6341087281441125,0.018323981956549985
outer,0.4394450468828436,300.00000000000006,-2.4843164929176806,-0.6361429205883551,0.01901633931735181
outer,0.45411130767766783,299.8956684019693,-2.484129337061799,-0.6341319043033359,0.01956543366761018
outer,0.4674895706398453,300.0,-2.4839837005479923,-0.6361664243189263,0.020227696224493233
outer,0.4830691551643205,299.8956684019693,-2.4837851323043925,-0.6341567604377171,0.020810819847680705
outer,0.4956426053553174,300.0,-2.4836290163612156,-0.6361915614096886,0.021443322351834902
outer,0.5121348920839712,299.8956684019694,-2.4834183178277245,-0.6341833328101668,0.022060420896324123
outer,0.5239116122103016,300.0,-2.4832521159634915,-0.636218370712552,0.022663508963743632
outer,0.5413159368818461,299.8956684019693,-2.4830285644251844,-0.6342116604465444,0.02331452429630453
outer,0.5523042590108544,300.00000000000006,-2.4828526500748467,-0.6362468939233079,0.023888554988735194
outer,0.5706199134445109,299.8956684019693,-2.4826155176675035,-0.634241785220628,0.02457342508327673
outer,0.5808284342190767,300.0,-2.482430243342529,-0.636277175691231,0.025118767507376714
outer,0.6000546650509032,299.8956684019693,-2.4821787967169127,-0.6342737519726236,0.025837426325832018
outer,0.609492261363164,300.0,-2.4819844930662964,-0.6363092637390824,0.026354462246527606
outer,0.6296282686994845,299.8956684019694,-2.4817179930374413,-0.63430760862231,0.027106839610925772
outer,0.6383041138485116,300.0,-2.481514967818841,-0.636343208973479,0.02759596407930004
outer,0.6593490498346667,299.8956684019693,-2.481232669000387,-0.6343434062757684,0.028381985535852475
outer,0.6672726301946578,300.0,-2.481021205976988,-0.6363790656176305,0.028843607534580384
outer,0.689225597496684,299.8956684019693,-2.480722356400784,-0.6343811993554501,0.029663194209566375
outer,0.696406729722085,300.00000000000006,-2.4805027141060947,-0.6364168913180983,0.030097737313238504
outer,0.7192667799182195,299.8956684019694,-2.480186554835821,-0.6344210457103124,0.030950805760720942
outer,0.7257156287134072,300.0,-2.479958965283267,-0.6364567472877973,0.031358708813747915
outer,0.7494817605931778,299.8956684019694,-2.479624729999053,-0.6344630067479944,0.03224517085591805
outer,0.7552088570743871,300.0,-2.479389397263828,-0.6364986984413527,0.032626888669588225
outer,0.7798800148421333,299.8956684019694,-2.479036311827059,-0.6345071475683282,0.033546651228888016
outer,0.7848962755198728,300.00000000000006,-2.4787934104993288,-0.6365428135256647,0.033902655295076245
outer,0.810471346900102,299.8956684019694,-2.4784206924962353,-0.6345535370915913,0.03485562021838101
outer,0.8147880933110639,300.0000000000001,-2.478170366028302,-0.6365891652574418,0.035186399438880134
outer,0.8412659075521829,299.8956684019694,-2.477777224287979,-0.6346022481930678,0.03617246331474063
outer,0.8448948865704692,300.00000000000006,-2.4775195832178794,-0.6366378304612921,0.03647852475727374
outer,0.8722742123430731,299.8956684019694,-2.4771052172884285,-0.6346533578366995,0.037497578721810476
outer,0.8752276172002013,300.00000000000006,-2.4768403373035213,-0.6366888902208061,0.03777944839920754
outer,0.9035071603878863,299.8956684019694,-2.4764039368952635,-0.634706947224361,0.038831377925713846
outer,0.9057976524326178,300.00000000000006,-2.476131856695349,-0.6367424300297565,0.03908960159038006
outer,0.9349760538100231,299.8956684019693,-2.4756726010645425,-0.6347631019033855,0.04017428624989485
outer,0.9366167850386494,300.0,-2.4753933199162206,-0.6367985398005226,0.04040943016909862
outer,0.966692617834186,299.8956684019694,-2.4749103774026278,-0.6348219119157996,0.041526743377257036
outer,0.9676972542230778,300.0,-2.474623853259811,-0.6368573148327262,0.04173939521666312
outer,0.9986690215618128,299.8956684019693,-2.4741163794780183,-0.6348834714301119,0.042889203780324965
outer,0.9990517672340887,300.00000000000006,-2.4738225206613578,-0.6369188508711817,0.04307997167285138
outer,1.030693521715447,300.00000000000006,-2.4729883559700494,-0.6369832727055359,0.04443165501382446
outer,1.0309178994570214,299.8956684019693,-2.4732896636426025,-0.6349478791740202,0.04426213649803661
outer,1.0626362288296893,300.0000000000001,-2.472120091111802,-0.6370505368983042,0.04579488730784456
outer,1.0634523735705448,299.8956684019694,-2.4724292188960253,-0.6350152300494486,0.045646026089838254
outer,1.0948941371809326,300.00000000000006,-2.4712174060343073,-0.6371210880418949,0.047170380170706475
outer,1.096286076530511,299.8956684019694,-2.4715339317621545,-0.63508558384451,0.04704134957511821
outer,1.1274820575660027,300.0,-2.4702779514615236,-0.6371948108761006,0.04855869027744662
outer,1.1294331753284108,299.8956684019693,-2.470603087084356,-0.6351592403073943,0.0484487450711335
outer,1.160441337572845,300.00000000000006,-2.4692999321917557,-0.6372717464198119,0.04996116612356176
outer,1.162908395928247,299.8956684019693,-2.469634635767316,-0.6352361982430411,0.04986874160009628
outer,1.193777086697723,300.00000000000006,-2.4682834191417644,-0.6373525685446255,0.05137817105433843
outer,1.1967528490887231,299.8956684019693,-2.468626996838717,-0.6353165908137682,0.0513027387095928
outer,1.2274967478084513,300.0000000000001,-2.4672264160680237,-0.6374371819276362,0.05280987716301605
outer,1.230971615040013,299.8956684019694,-2.4675796496161286,-0.6354007993887626,0.05275106822852014
outer,1.2616180904724899,300.00000000000006,-2.4661268572545674,-0.6375252633287659,0.05425674777796837
outer,1.2655720940189468,299.8956684019694,-2.4664907596529755,-0.63548877568356,0.05421390236528847
outer,1.296159605091341,300.00000000000006,-2.464984695011201,-0.6376176793789906,0.05571981349838689
outer,1.3005719538130462,299.8956684019694,-2.465358655404094,-0.6355804854333377,0.05569178524242691
outer,1.3311405340483589,300.00000000000006,-2.4637964318723236,-0.6377142679657922,0.057199842536560117
outer,1.3359895789152103,299.8956684019694,-2.4641825350866333,-0.6356765014940867,0.05718560396289071
outer,1.3666226440186022,300.0000000000001,-2.4625581603110973,-0.637814641545203,0.05869864433155415
outer,1.3718441014927518,299.8956684019694,-2.4629592322690943,-0.6357767660598848,0.05869603032032957
outer,1.4026221015775029,300.0,-2.4612703888891554,-0.6379199279693326,0.06021693056945426
outer,1.4081969344357754,299.8956684019694,-2.4616856122874817,-0.6358812108720581,0.0602250201285199
outer,1.439132658854589,300.0,-2.459932694823802,-0.6380310039748702,0.06175485021184887
outer,1.4450641517211962,299.8956684019694,-2.460361367357092,-0.63599059361142,0.06177335961925903
outer,1.476177502457497,300.00000000000006,-2.458539844421923,-0.6381471291008832,0.06331320980115268
outer,1.4824395412650246,299.8956684019694,-2.4589852484417785,-0.6361054632221507,0.06334102204665552
outer,1.5138348939931114,300.00000000000006,-2.457085199235866,-0.6382667861350747,0.0648939623690892
outer,1.5203461568674008,299.8956684019694,-2.4575526285850153,-0.6362253268554088,0.06492863425007112
outer,1.5521376224525478,300.0,-2.4555723687853637,-0.6383932257036272,0.06649902229165601
outer,1.5588618118709372,299.8956684019694,-2.456058808327303,-0.636349709922844,0.06653853103406737
outer,1.5910621221817243,300.00000000000006,-2.453999528499801,-0.6385278855166511,0.06812832600121094
outer,1.5980191074591172,299.8956684019694,-2.4545050106916064,-0.6364807471158311,0.06817251390019813
outer,1.6306890370303098,300.0,-2.4523510361553478,-0.6386644265113446,0.06978245741726109
outer,1.6377946129564265,299.8956684019694,-2.4528876655130936,-0.6366186224590386,0.06982994547487481
outer,1.671094536544357,300.00000000000006,-2.450638081777585,-0.6388114359413266,0.07146646169880505
outer,1.678268510303377,299.8956684019694,-2.451197367110207,-0.6367607769217257,0.07151238803663128
outer,1.7122240120961183,300.0000000000001,-2.4488470643568876,-0.638964177027046,0.07317736334309592
outer,1.7195165327646027,299.8956684019694,-2.449438290323331,-0.6369117772394977,0.07322395873679116
outer,1.7542563205861996,300.00000000000006,-2.4469736731076526,-0.6391236047196546,0.07492094292426836
outer,1.7614843844979757,299.8956684019694,-2.447600650016172,-0.6370690038168415,0.07496202654778338
outer,1.797131257580828,300.00000000000006,-2.445018032251313,-0.6392924541146158,0.07669623572197301
outer,1.8043498979533428,299.8956684019694,-2.4456803050936724,-0.6372335893643293,0.0767324938864736
outer,1.8409842846526319,300.00000000000006,-2.4429708476033327,-0.6394700013911387,0.07850726232275468
outer,1.8480532135339918,299.8956684019694,-2.443675078425975,-0.6374070235708909,0.07853408953939431
outer,1.8858199368940247,300.0,-2.4408226727222058,-0.639653913357647,0.08035349325480319
outer,1.8927290169203081,299.8956684019693,-2.441576584594321,-0.6375888729418873,0.0803707604486539
outer,1.9317808432953187,300.00000000000006,-2.4385771883203464,-0.6398515672435522,0.08224143125401104
outer,1.9383818172286829,299.8956684019694,-2.439377867447189,-0.6377786480152782,0.08224255038474189
outer,1.9788254215791534,300.00000000000006,-2.4362173804887135,-0.6400582219700319,0.08416914213373003
outer,1.9851534265038568,299.8956684019694,-2.4370773583701477,-0.6379805145082925,0.08415514374916927
outer,2.0272217178831036,300.0,-2.4337277992848607,-0.6402709598959865,0.08614337481508053
outer,2.033002500642195,299.8956684019694,-2.434660994299591,-0.6381913619490525,0.08610648253723861
outer,2.076911800440067,300.00000000000006,-2.431123448759049,-0.6405043653209963,0.08816600827733276
outer,2.082195550475469,299.8956684019694,-2.432118174819211,-0.6384114614763837,0.08810454330712102
outer,2.1280140017814713,300.00000000000006,-2.4283729999204597,-0.6407469160435936,0.0902383737409098
outer,2.1326749760562116,299.8956684019694,-2.4294523011735127,-0.6386480576069352,0.09014973843200091
outer,2.1807164899371707,300.0000000000001,-2.4254651023568967,-0.6410006699798712,0.09236701975596731
outer,2.184558432134865,299.8956684019694,-2.4266404802195902,-0.6388951491859594,0.09224390637149657
outer,2.235141195736588,300.00000000000006,-2.422393756333281,-0.6412720716026887,0.09455664865513597
outer,2.238033008958576,299.8956684019694,-2.423671440433319,-0.6391549457810504,0.09439357694012625
outer,2.2913977778175347,300.00000000000006,-2.4191423395592895,-0.6415612317403648,0.09681037290284819
outer,2.2932199389655317,299.8956684019694,-2.4205357222622514,-0.6394314556844563,0.09660321999817077
outer,2.3496607892710664,300.00000000000006,-2.41568976455087,-0.6418668930085666,0.09913306828621518
outer,2.3502282526945524,299.8956684019694,-2.417216912562183,-0.6397249121595387,0.09887585903270316
outer,2.4092315034372174,299.8956684019694,-2.413695695153093,-0.6400353232238342,0.10121653960057012
outer,2.4101207878840736,300.00000000000006,-2.4120196411210872,-0.6421928273423171,0.10153117500901432
outer,2.470419157510077,299.8956684019694,-2.409954390994911,-0.6403658256301046,0.10363163316840902
outer,2.4729852421380913,300.00000000000006,-2.4081104469874726,-0.6425429061329722,0.10401238270341044
outer,2.5339974950634616,299.8956684019694,-2.405968828936187,-0.6407183832711236,0.10612782635800685
outer,2.5385390248123403,300.00000000000006,-2.40391816349988,-0.6429084485106661,0.10658274607759718
outer,2.60024975719199,299.8956684019694,-2.401703900489899,-0.6410905939817813,0.10871230504813421
outer,2.607099974046546,300.00000000000006,-2.3994380439111027,-0.6433105505457923,0.10925490803858628
outer,2.669491961532655,299.8956684019694,-2.3971424402839165,-0.641494503463839,0.11139658377948293
outer,2.678865267602713,300.0,-2.3946151291645776,-0.6437383849725503,0.11203278788753915
outer,2.741920156459313,299.8956684019693,-2.3922364759509205,-0.6419245498344481,0.11418443151375239
outer,2.754400517313988,300.00000000000006,-2.389403406774693,-0.6441948228547185,0.1149317579962934
outer,2.818096714112672,299.8956684019693,-2.386942829088236,-0.6423852306869139,0.11709197739423172
outer,2.8339998295595876,300.00000000000006,-2.3837750112031246,-0.6446985501089288,0.11796260976939012
outer,2.8983140562992507,299.8956684019694,-2.381222038661651,-0.6428868323397667,0.12012891444425747
outer,2.9182793775115976,300.00000000000006,-2.377642153039136,-0.6452364328252306,0.12114125364720685
outer,2.983184826895097,299.8956684019693,-2.3749963460397607,-0.6434239783444373,0.12331080198831132
outer,3.0079262204269006,300.0,-2.370930732881325,-0.6458157794174637,0.12448612880679774
outer,3.07339214984218,299.8956684019693,-2.36819308628954,-0.6440043254966977,0.12665607575493343
outer,3.103698060014601,300.00000000000006,-2.3635760187753028,-0.646461032730903,0.12801802944829094
outer,3.16968938691104,299.8956684019693,-2.3607355776932044,-0.6446423124163456,0.13018519977147547
outer,3.2064205361023848,300.0,-2.3554461465676213,-0.6471598298329907,0.13175643123330127
outer,3.272897448857413,299.8956684019694,-2.3525005213128005,-0.6453327163782353,0.1339171701167144
outer,3.3173941583691535,300.0,-2.3464067101792785,-0.6479229309943024,0.13573429175933138
outer,3.384309396344245,299.8956684019694,-2.343353667263551,-0.6460852233958664,0.13788482872732244
outer,3.437870606183306,300.0,-2.336304706535943,-0.6487675799684796,0.13998173580062884
outer,3.5051697394131054,299.8956684019693,-2.333133827055941,-0.6469099278284623,0.142117911682729
outer,3.5696205624502624,300.0,-2.3249148887946465,-0.6496880789410174,0.1445392054571558
outer,3.637239018910994,299.89566840196926,-2.321619987328522,-0.647804240027561,0.1466572371028722
outer,3.7146523433689134,300.0,-2.3119786853121727,-0.6506906786549583,0.14945320640705
outer,3.782514047870794,299.8956684019694,-2.308546234502375,-0.6487684313696942,0.15154957298041824
outer,3.875451334559611,300.0,-2.2971501231905087,-0.6517612659535938,0.15477933848768408
outer,3.943465976204387,299.8956684019693,-2.2935595259243025,-0.6497839521035901,0.15685216808575558
outer,4.054808342573607,300.0,-2.2799688816561496,-0.6528518040329824,0.1605818420043928
outer,4.122869625374777,299.8956684019693,-2.2761912350029334,-0.6508003749319833,0.16263018596222623
outer,4.25583335990732,300.0,-2.2598134350986707,-0.6538567966153651,0.16692757081729268
outer,4.323817174567761,299.8956684019694,-2.2558209665854982,-0.6517193134448033,0.16895023927290914
outer,4.481330552547631,299.99999999999994,-2.2359265641287083,-0.6546251981906956,0.17385910199740173
outer,4.5490967281622545,299.8956684019693,-2.2316866741628183,-0.6523912139908766,0.1758531440896286
outer,4.733185057501996,299.99999999999994,-2.2073958603244175,-0.6549049349139033,0.18135934769070378
outer,4.800582625541182,299.8956684019693,-2.2029097860915297,-0.6525954468274162,0.18331414060702558
outer,5.011522618925668,300.0,-2.173478774326891,-0.6545174705601731,0.18929415194159385
outer,5.078399890626702,299.8956684019693,-2.1687726175496067,-0.6521627514349028,0.19119015201601625
outer,5.313707620330705,299.99999999999994,-2.1338604602924183,-0.6533833875423601,0.1973817623842349
outer,5.379928003126553,299.8956684019693,-2.1289619202652346,-0.6509931605241788,0.19919729388234952
outer,5.635089231758828,299.99999999999994,-2.0887249612226753,-0.6514550884205128,0.20526618651626782
outer,5.700542771950297,299.8956684019693,-2.0836579303672775,-0.6490152438420862,0.20698446981847585
outer,5.970086536384689,300.0,-2.03865517842283,-0.6486631052950512,0.21260738577541743
outer,6.034695246460873,299.89566840196926,-2.033425115531938,-0.6461312064526185,0.2142213151831324
outer,6.313712846725471,299.99999999999994,-1.9842904800287917,-0.6448040219814706,0.2191515172408744
outer,6.37742730175687,299.8956684019693,-1.9788961170535129,-0.6421316534919336,0.22066235894409877
outer,6.662306471950603,299.9999999999999,-1.92612221175346,-0.6395842784738981,0.22473236133844765
outer,6.725098220317526,299.8956684019693,-1.9205581459588164,-0.6367257779311031,0.22614539904239714
outer,7.013542201669031,299.99999999999994,-1.8643947370211251,-0.632662755542417,0.22923362750932885
outer,7.075396110014044,299.8956684019693,-1.8586534492648747,-0.6295788263586283,0.23055473792938933
outer,7.3660985042133245,300.0,-1.7991244259441443,-0.6236925063631328,0.2325548432672946
outer,7.427007008603572,299.89566840196926,-1.7931966122053995,-0.6203493093953634,0.2337887279477095
outer,7.719280096333282,299.99999999999994,-1.7301629527433497,-0.6123395756568001,0.23459224192657052
outer,7.779239615256159,299.89566840196926,-1.7240364848193437,-0.6087054455597738,0.23574281286359028
outer,8.072743857980617,299.99999999999994,-1.6572582476768176,-0.5982853841981532,0.23523752824523253
outer,8.131752775234972,299.89566840196926,-1.650915465766448,-0.5943273970527148,0.23630755230840322
outer,8.426329371106101,300.0,-1.580060209342037,-0.5812079243244154,0.23436971182234603
outer,8.48438698932789,299.8956684019693,-1.5734653164124734,-0.5768810267866313,0.23536666709223586
outer,8.779965208096266,300.0,-1.4981055733718402,-0.5607985478632089,0.2318964958585749
outer,8.83707123904215,299.8956684019693,-1.4912029343168374,-0.5560582469595503,0.2328179236941062
outer,9.133620976222005,300.0,-1.410515287345108,-0.5367083891205632,0.2276191161155015
outer,9.189775305731088,299.8956684019693,-1.4030818369873708,-0.5313829663218075,0.22850927384303893
outer,9.48728431898894,300.0,-1.3157135976019774,-0.5086059777031201,0.2217291580396884
outer,9.542486903675455,299.8956684019693,-1.3075318304298726,-0.5026913688265883,0.22253319843291103
outer,9.840950424767698,300.0,-1.2091942306182217,-0.4762091866999855,0.21325171164947693
outer,9.895201248805762,299.8956684019693,-1.1986546012898023,-0.4685093778334924,0.21421006844256035
outer,10.194617497735932,300.0,-1.0775545646748188,-0.4346340707141054,0.20527383235535285
outer,10.247916555585629,299.8956684019693,-1.0549813968358177,-0.41858312143903637,0.2084680110489151
outer,10.548284895640421,300.0,-0.8336410660108066,-0.3466000422601884,0.20252436841329857
outer,10.600632185440697,299.8956684019693,-0.8055191156317454,-0.3323111523667324,0.2021589318457372
outer,10.901952398325866,300.0,-0.36840019772972415,-0.15322751003737806,0.11461686301361859
outer,10.953347919476485,299.8956684019694,-0.35120079179046954,-0.13981653772766742,0.11355151883733866
outer,11.255619933444878,300.0,-0.047006424754781145,0.10218572535662258,0.01655487148893718
outer,11.306063685760096,299.89566840196926,-0.043368671804333944,0.11157495490911393,0.020426254733744938
outer,11.609287478201328,300.00000000000006,-0.024053702026268886,0.2794018316406146,0.006563310478889209
outer,11.658779461625981,299.8956684019693,-0.025839598505127015,0.277673276532617,0.009541095538294332
outer,11.962955025707048,300.0,-0.026997860297745563,0.3664866154958295,0.004739821796450688
outer,12.01149524022536,299.8956684019694,-0.027098137046868163,0.3642214637652854,0.006518228808860271
outer,12.31662257396572,300.00000000000006,-0.026283325643803437,0.42149543655017824,0.003137216885286842
outer,12.364211019573366,299.8956684019693,-0.026380909884599478,0.41802521874381493,0.00430452373580667
outer,12.670290122422351,300.0,-0.025490216852333797,0.4529292244000466,0.0021527606062755195
outer,12.716926799118262,299.8956684019694,-0.025358565672408125,0.4490565388355845,0.002847007729391962
outer,13.023957670929004,300.0,-0.02401810962938691,0.46864771696939855,0.0014286686444001662
outer,13.069642578712825,299.8956684019694,-0.023806874203970915,0.4645770925532463,0.0017949276345921306
outer,13.37762521944777,300.00000000000006,-0.022233260448126426,0.47317763724019024,0.0009076937780200939
outer,13.422358358319448,299.8956684019694,-0.021970384733965682,0.4691048211663302,0.0010346199521355237
outer,13.731292767969386,300.00000000000006,-0.020269422110858346,0.46982671108851437,0.000525814695714541
outer,13.775074137928872,299.8956684019694,-0.019990678240992862,0.4658587384881009,0.00048095759943092564
outer,14.08496031649156,300.00000000000006,-0.018262732016832102,0.46094428440749463,0.0002473498047459166
outer,14.127789917538905,299.8956684019694,-0.017987480984838607,0.4571496561274931,7.944526492695281e-05
outer,14.43862786501399,300.00000000000006,-0.0163024624417836,0.4482487599249217,4.524437883207666e-05
outer,14.480505697149141,299.8956684019694,-0.016043878955841057,0.44466484754601415,-0.00020958849867924734
outer,14.792295413536369,300.0,-0.014450041231777809,0.43299328398123876,-0.00010002976478784564
outer,14.833221476759379,299.8956684019694,-0.014215501798715308,0.42963768330683605,-0.0004152600732810763
outer,15.145962962058798,300.0,-0.012742551019772688,0.41609033951787283,-0.00020320167433660052
outer,15.185937256369614,299.8956684019693,-0.012535635610132552,0.4129672579112048,-0.0005593772124207197
outer,15.499630510581175,300.0,-0.011199004389421938,0.3981993187601516,-0.00027535235356809795
outer,15.538653035979902,299.8956684019694,-0.011020564788983583,0.39530449300727233,-0.0006583135094634374
outer,15.853298059103606,300.0000000000001,-0.009824944679172672,0.37979219518529045,-0.00032482647288135935
outer,15.89136881559014,299.8956684019694,-0.009674029477895377,0.3771162580773107,-0.000724335802356979
outer,16.206965607626035,300.00000000000006,-0.00861644430303632,0.36120283826953903,-0.00035786050273198255
outer,16.244084595200377,299.8956684019693,-0.00849097285316626,0.3587336754940793,-0.0007665675627707424
outer,16.560633156148413,300.0,-0.007563311697982487,0.34266431830576,-0.0003790688555995597
outer,16.596800374810613,299.8956684019694,-0.0074605837034331796,0.34038865076274394,-0.0007917247541292666
outer,16.914300704670843,300.00000000000006,-0.006651633572839641,0.3243369982144321,-0.0003918222702257307
outer,16.94951615442085,299.8956684019694,-0.00656869647879052,0.32224140638060433,-0.0008046894334790833
outer,17.26796825319322,300.0000000000001,-0.005865712547324417,0.30632952076497844,-0.0003985479187940677
outer,17.302231934031138,299.8956684019694,-0.005799616789205493,0.3044010662192373,-0.0008089611596668739
outer,17.62163580171565,300.0,-0.005189483182075794,0.2887142988790287,-0.00040096708555389937
outer,17.654947713641373,299.8956684019693,-0.005137448095180568,0.28694086427084026,-0.0008070118394472581
outer,17.97530335023808,300.00000000000006,-0.004607487953310452,0.27153877993324627,-0.0004002820640249538
outer,18.00766349325161,299.8956684019694,-0.004566999036099362,0.2699092186233346,-0.0008005623331852479
outer,18.32897089876046,300.0,-0.00410549519050072,0.25483349636412944,-0.00039732109512931324
outer,18.36037927286185,299.8956684019694,-0.004074350345209296,0.2533376598193315,-0.0007907951268698657
outer,18.682638447282887,300.00000000000006,-0.003670836707650643,0.23861770977567223,-0.00039264877320313585
outer,18.713095052472084,299.8956684019694,-0.003647156379609995,0.2372464020234296,-0.0007785149586100534
outer,19.036305995805265,300.0,-0.0032925362534315036,0.2229032868291618,-0.0003866482726643805
outer,19.065810832082374,299.8956684019693,-0.003274749634185968,0.22164818051285082,-0.0007642674969553093
outer,19.389973544327695,300.0,-0.002961290474973864,0.20769730473056225,-0.00037958104626301115
outer,19.41852661169261,299.8956684019693,-0.00294810734954222,0.20655084186586053,-0.0007484248432294838
outer,19.743641092850073,300.0,-0.00266935408919855,0.1930037678029567,-0.00037162887912069176
outer,19.771242391302845,299.8956684019694,-0.002659729529569485,0.19195905973708688,-0.0007312453309677933
outer,20.097308641372504,300.0,-0.002410370352290518,0.1788247212369514,-0.0003629224566502817
outer,20.12395817091308,299.8956684019693,-0.0024034673775358284,0.17787545606641636,-0.0007129138737088647
outer,20.450976189894934,300.0,-0.0021791777207656945,0.16516097101234506,-0.00035355996860270134
outer,20.47667395052332,299.8956684019693,-0.002174331334610799,0.16430133234880295,-0.0006935680621901197
outer,20.80464373841731,300.0,-0.001971614731261527,0.15201255838705696,-0.0003436185594076213
outer,20.829389730133556,299.89566840196926,-0.00196829936086005,0.1512371565039805,-0.0006733141327720238
outer,21.15831128693974,300.0,-0.001784337387370001,0.1393790905809566,-0.0003331608687188528
outer,21.182105509743792,299.8956684019693,-0.0017821387129191915,0.1386829052289564,-0.0006522360316996781
outer,21.51197883546217,299.99999999999994,-0.0016146573743299926,0.12725999407126523,-0.0003222383634187767
outer,21.53482128935408,299.89566840196926,-0.0016132488318245618,0.1266383272838638,-0.0006304000152668396
outer,21.865646383984547,299.99999999999994,-0.0014604046666745925,0.11565473143400938,-0.0003108927183240219
outer,21.887537068964317,299.8956684019693,-0.001459528416851881,0.11510316826897822,-0.0006078565648520717
outer,22.219313932506978,300.0,-0.0013198150367862774,0.10456300467411639,-0.000299156115576852
outer,22.240252848574553,299.89566840196926,-0.001319266925756294,0.10407737978788559,-0.0005846408510560182
outer,22.572981481029355,299.99999999999994,-0.0011914408007875528,0.09398495582667994,-0.00028705105357967886
outer,22.592968628184792,299.89566840196926,-0.0011910587155165506,0.09356132394583763,-0.0005607725737301998
outer,22.926649029551786,300.0,-0.0010740821117895052,0.08392136767400898,-0.00027459005708417236
outer,22.945684407795028,299.89566840196926,-0.0010737371036742688,0.08355597629893208,-0.0005362557140762142
outer,23.280316578074213,300.0,-0.000966735467483007,0.07437386308735805,-0.0002617754774584362
outer,23.298400187405313,299.89566840196926,-0.0009663250312431301,0.07406312607921672,-0.0005110784798223814
outer,23.633984126596594,299.99999999999994,-0.0008685561587411204,0.0653450989141299,-0.0002485994801859036
outer,23.651115967015553,299.89566840196926,-0.0008679991655087087,0.06508556985361019,-0.00048521356810470734
outer,23.98765167511902,299.99999999999994,-0.0007788317186852751,0.056838949413664,-0.0002350442437996838
outer,24.00383174662579,299.8956684019693,-0.0007780645523101926,0.05662729387570846,-0.0004586187755966
outer,24.341319223641403,300.0,-0.0006969635336715237,0.048860674440117435,-0.0002210823147891089
outer,24.356547526236024,299.8956684019692,-0.0006959370337392169,0.048693640503215174,-0.0004312379053779125
outer,24.69498677216383,300.0,-0.0006224543227359037,0.04141706777761639,-0.00020667704330432947
outer,24.70926330584626,299.89566840196926,-0.0006211312543993024,0.04129145409618576,-0.000403001882969916
outer,25.04865432068621,299.99999999999994,-0.0005548995013262507,0.03451658113056809,-0.00019178301540007103
outer,25.0619790854565,299.89566840196926,-0.000553252256645648,0.03442920191294703,-0.0003738299974759326
outer,25.402321869208638,299.99999999999994,-0.0004939801423320348,0.028169418768825866,-0.0001763463699860487
outer,25.414694865066785,299.89566840196926,-0.0004919884449052329,0.028117064769147885,-0.0003436312210585452
outer,25.75598941773107,299.99999999999994,-0.00043945522960896644,0.022387594361244215,-0.0001603049723385673
outer,25.767410644677025,299.89566840196926,-0.0004371036168889404,0.02236698864075694,-0.0003123057243152004
outer,26.109656966253496,300.0,-0.0003911494333647238,0.01718493370861002,-0.00014358848710688092
outer,26.12012642428726,299.8956684019693,-0.0003884242771471421,0.017192680354083313,-0.00027974695706070585
outer,26.463324514775877,300.0,-0.0003489295063214895,0.012576990866302016,-0.0001261186695364295
outer,26.472842203897496,299.89566840196926,-0.00034581540722787444,0.01260951395803801,-0.0002458452840886933
outer,26.816992063298304,299.99999999999994,-0.00031265626763267917,0.008580811583360874,-0.00010781081963278554
outer,26.825557983507732,299.89566840196926,-0.000309131649111059,0.00863428069356973,-0.00021049540231044906
outer,27.170659611820685,299.99999999999994,-0.0002820839508875003,0.005214413668941612,-8.857856893964883e-05
outer,27.17827376311802,299.89566840196926,-0.0002781167704434548,0.005284650249940575,-0.00017361230662679022
outer,27.524327160343113,299.99999999999994,-0.0002566462191903022,0.002495728097230837,-6.834721369101948e-05
outer,27.530989542728257,299.8956684019693,-0.00025218849116352866,0.0025780890023894935,-0.0001351651969555231
outer,27.87799470886549,299.99999999999994,-0.00023497985398685328,0.00044050600992688854,-4.708689801010741e-05
outer,27.883705322338493,299.89566840196926,-0.00022998297482906344,0.0005297235089368792,-9.525372341774825e-05
outer,28.23166225738792,300.0,-0.00021389454011637842,-0.0009418416957978367,-2.4902634366734042e-05
outer,28.236421101948732,299.89566840196926,-0.00020828371555987966,-0.0008517948577003566,-5.426336303059108e-05
outer,28.58532980591035,300.0,-0.00018572594190693654,-0.0016562721578400478,-2.2059385967941147e-06
outer,28.589136881558968,299.8956684019693,-0.00017977659104310154,-0.0015726223232813718,-1.3261184191509898e-05
outer,28.93899735443268,300.0,-0.00013401347002626822,-0.00173969714870408,1.9488441707357553e-05
outer,28.941852661169257,299.89566840196926,-0.0001276239514717937,-0.0016700183069764726,2.5161553604998593e-05
outer,29.292664902955106,300.0,-1.5166791690975848e-05,-0.0012891295382112607,3.782391394493653e-05
outer,29.294568440779493,299.89566840196926,-1.264457729971023e-05,-0.0012447745952936097,5.549890795739478e-05
outer,29.646332451477537,300.0,0.0001927608308292329,-0.0005825704048299228,3.569292540646265e-05
outer,29.64728422038973,299.89566840196926,0.00018468756829219258,-0.0005705059407963184,5.401613629188928e-05
outer,29.999999999999964,300.0,0.000316329847373706,-0.00021791205501213115,2.439368427794092e-05
outer,29.999999999999964,299.8956684019693,0.00030200457738628964,-0.00022162012939697172,3.9200248811434784e-05
