<?xml version="1.0"?>
<VTKFile type="UnstructuredGrid" version="0.1" byte_order="LittleEndian">
  <UnstructuredGrid>
    <Piece NumberOfPoints="549" NumberOfCells="480">
      <PointData Vectors="displacement">
        <DataArray type="Float64" Name="displacement" NumberOfComponents="3" format="ascii">
          0 -0.12 0 6.4026746202691326e-05 -0.12 0 4.7200989431473055e-05 -0.12 0 -1.0701561627485903e-05 -0.12 0 -8.782259525242389e-05 -0.12 0 -0.00017170689917844631 -0.12 0 -0.0002550845127783643 -0.12 0 -0.00033366548193782604 -0.12 0 -0.00040493256138064959 -0.12 0 -0.00046745390994234201 -0.12 0 -0.00052047806795191005 -0.12 0 -0.00056368948739100801 -0.12 0 -0.00059705670771471831 -0.12 0 -0.00062073633891462053 -0.12 0 -0.00063501184440687526 -0.12 0 -0.00064025316570969154 -0.12 0 -0.00063689036378331216 -0.12 0 -0.00062539629763980339 -0.12 0 -0.00060627490150741783 -0.12 0 -0.0005800532547954628 -0.12 0 -0.00054727622152671654 -0.12 0 -0.00050850278522764092 -0.12 0 -0.0004643034682032585 -0.12 0 -0.0004152584386473063 -0.12 0 -0.00036195605162538206 -0.12 0 -0.00030499163926141914 -0.12 0 -0.00024496645418832855 -0.12 0 -0.0001824866780843426 -0.12 0 -0.00011816245726030056 -0.12 0 -5.2606929715093788e-05 -0.12 0 1.3564756254841421e-05 -0.12 0 7.9736442283416932e-05 -0.12 0 0.00014529196990813046 -0.12 0 0.00020961619090324586 -0.12 0 0.00027209596666884163 -0.12 0 0.00033212115189780922 -0.12 0 0.00038908556462174368 -0.12 0 0.00044238795240845227 -0.12 0 0.00049143298165955614 -0.12 0 0.00053563229877866964 -0.12 0 0.00057440573450512279 -0.12 0 0.00060718276715720717 -0.12 0 0.00063340441380473013 -0.12 0 0.00065252580979909913 -0.12 0 0.00066401987579694989 -0.12 0 0.00066738267739068434 -0.12 0 0.0006621413564331884 -0.12 0 0.00064786585120050176 -0.12 0 0.00062418621955620676 -0.12 0 0.00059081899861691898 -0.12 0 0.00054760757855818853 -0.12 0 0.00049458341988134892 -0.12 0 0.00043206207039604331 -0.12 0 0.00036079498997829064 -0.12 0 0.00028221402060521722 -0.12 0 0.00019883640664679185 -0.12 0 0.00011495210271430696 -0.12 0 3.7831068954727362e-05 -0.12 0 -2.0071481676303462e-05 -0.12 0 -3.6897237743043591e-05 -0.12 0 2.7129509114190527e-05 -0.12 0 -0.0020458774532742573 -0.11522029974597664 0 -0.0022021595538230863 -0.11582569323506449 0 -0.0022825884935577987 -0.11627240126362025 0 -0.0023212430831254616 -0.1166121528389043 0 -0.0023348742057219809 -0.11687584322409619 0 -0.0023320051840323422 -0.11708313143102625 0 -0.0023170776424972957 -0.11724723203085528 0 -0.002292438897480307 -0.11737745295786754 0 -0.0022593372887822795 -0.11748061412059015 0 -0.0022184395339694819 -0.11756188020632903 0 -0.0021701083160757949 -0.11762526911729596 0 -0.0021145538340093702 -0.11767397876471658 0 -0.0020519192249269756 -0.11771060312398464 0 -0.0019823289123523805 -0.11773727917644738 0 -0.0019059149260263778 -0.11775579020073104 0 -0.0018228329071884293 -0.11776764127953956 0 -0.0017332704572689901 -0.11777411428061946 0 -0.0016374508149917038 -0.11777630870481698 0 -0.0015356344347813734 -0.11777517306837473 0 -0.0014281191204894297 -0.11777152910136097 0 -0.0013152390751691621 -0.1177660904001437 0 -0.0011973631999771563 -0.11775947686544352 0 -0.0010748929071078422 -0.11775222595158359 0 -0.00094825960364255566 -0.117744801466048 0 -0.00081792191967585456 -0.11773760044152116 0 -0.00068436274080803698 -0.11773095847731575 0 -0.00054808606004268863 -0.11772515384626558 0 -0.00040961368590458473 -0.11772041060776629 0 -0.00026948182065554278 -0.11771690090936139 0 -0.00012823754821318479 -0.11771474663033064 0 1.3564756138585162e-05 -0.11771402048120111 0 0.00015536706052440591 -0.11771474663090203 0 0.00029661133248354608 -0.11771690091008732 0 0.00043674319715467655 -0.11772041060873975 0 0.00057521557115968239 -0.11772515384658146 0 0.00071149225139612179 -0.11773095847682549 0 0.00084505143038257982 -0.11773760044102327 0 0.00097538911409715762 -0.1177448014657332 0 0.0011020224178455477 -0.11775222595122448 0 0.0012244927106180986 -0.1177594768649033 0 0.0013423685867242927 -0.11776609040024823 0 0.0014552486327222593 -0.11777152910168287 0 0.0015627639469188372 -0.11777517306860782 0 0.0016645803270910245 -0.11777630870508515 0 0.0017603999691820037 -0.11777411428081969 0 0.0018499624190714552 -0.11776764127970815 0 0.0019330444378750102 -0.11775579020136914 0 0.0020094584242157823 -0.11773727917765563 0 0.0020790487370584321 -0.1177106031255398 0 0.0021416833465850976 -0.11767397876661619 0 0.0021972378289370916 -0.11762526911894383 0 0.0022455690472055144 -0.11756188020773463 0 0.0022864668021434793 -0.11748061412133604 0 0.002319568411008738 -0.1173774529581591 0 0.0023442071560148361 -0.11724723203084622 0 0.0023591346974105951 -0.11708313143050038 0 0.0023620037187758415 -0.1168758432229189 0 0.002348372595858027 -0.11661215283706965 0 0.0023097180060290901 -0.11627240126160565 0 0.0022292890655900444 -0.11582569323225186 0 0.0020730069646372135 -0.1152202997427943 0 -0.003640673245109092 -0.11315605468682408 0 -0.003741973707919274 -0.11344196493335877 0 -0.0038183361697601281 -0.11374987719253671 0 -0.0038627451596873834 -0.11404232174751305 0 -0.00387678690818962 -0.11430502353263286 0 -0.0038642264679554705 -0.11453379144621433 0 -0.0038289013038654515 -0.11472885860087841 0 -0.0037741170356490709 -0.11489234874029398 0 -0.0037025562853556923 -0.11502711197225468 0 -0.0036163475927959588 -0.11513618473199391 0 -0.0035171702071468336 -0.11522255196940089 0 -0.0034063574604830805 -0.11528903545893954 0 -0.0032849799396796804 -0.11533825375969101 0 -0.0031539116925207496 -0.11537261703828107 0 -0.0030138871298075725 -0.11539433628364291 0 -0.0028655394614611079 -0.11540543319054695 0 -0.0027094311659037816 -0.11540775413641276 0 -0.0025460795003506508 -0.11540298540307722 0 -0.0023759750551569452 -0.11539266524414341 0 -0.0021995950025272062 -0.11537819347045876 0 -0.0020174127245818239 -0.11536083943769154 0 -0.0018299047649652481 -0.11534174868352187 0 -0.001637555612116811 -0.1153219482375895 0 -0.0014408606623962975 -0.1153023506616259 0 -0.0012403276903178578 -0.11528375699534081 0 -0.0010364771295304266 -0.115266858824718 0 -0.00082984145446578944 -0.11525223970343811 0 -0.00062096390015776851 -0.11524037611400213 0 -0.00041039672775176 -0.11523163811259912 0 -0.00019869917989009207 -0.11522628975902362 0 1.3564754813924793e-05 -0.11522448938699335 0 0.00022582868952904957 -0.11522628975879949 0 0.00043752623740927468 -0.11523163811274383 0 0.00064809340990316119 -0.11524037611416228 0 0.00085697096440857923 -0.11525223970383205 0 0.0010636066395640449 -0.11526685882489772 0 0.0012674571998031517 -0.11528375699544299 0 0.0014679901715370692 -0.1153023506615409 0 0.0016646851210374545 -0.11532194823729525 0 0.0018570342738667112 -0.11534174868315235 0 0.0020445422338276225 -0.11536083943760558 0 0.0022267245122323163 -0.11537819347076801 0 0.0024031045651117296 -0.11539266524456566 0 0.0025732090105565339 -0.11540298540363181 0 0.0027365606766679585 -0.11540775413712119 0 0.002892668972787879 -0.11540543319143756 0 0.0030410166419256568 -0.11539433628450375 0 0.003181041205591692 -0.11537261703899079 0 0.0033121094533505109 -0.11533825376020394 0 0.0034334869746739747 -0.11528903545889588 0 0.0035442997219246038 -0.11522255196890151 0 0.0036434771080847378 -0.11513618473083446 0 0.0037296858009930106 -0.11502711197079381 0 0.0038012465517110934 -0.11489234873842952 0 0.0038560308203629675 -0.11472885859884209 0 0.0038913559849675389 -0.11453379144417956 0 0.003903916424882586 -0.11430502353049989 0 0.0038898746761332802 -0.11404232174552274 0 0.0038454656861640767 -0.11374987719045741 0 0.0037691032242482846 -0.11344196493118401 0 0.0036678027610782048 -0.11315605468458435 0 -0.0047213520746919382 -0.11180501267023919 0 -0.00480223512096943 -0.1120361377356132 0 -0.0048562110040913922 -0.11223578883057529 0 -0.0048851994683668512 -0.11241699369595946 0 -0.0048891487516200113 -0.11258093045911 0 -0.0048685480765489437 -0.1127260796299305 0 -0.0048245741865626506 -0.11285099720528549 0 -0.0047587996353661982 -0.11295498988695234 0 -0.0046729280173732129 -0.11303814043248299 0 -0.0045686308713674424 -0.11310115721758664 0 -0.0044474659440011345 -0.11314517774887341 0 -0.0043108352546865651 -0.11317165870651943 0 -0.0041599907153031948 -0.11318226981247308 0 -0.0039960569584046122 -0.11317880845635561 0 -0.0038200344191636928 -0.11316313236398298 0 -0.0036328292277878894 -0.11313712624252563 0 -0.0034352810018599069 -0.11310267180229598 0 -0.0032281769089740294 -0.11306161491479814 0 -0.0030122642108723814 -0.11301574168227717 0 -0.0027882623975128877 -0.11296676129369915 0 -0.0025568732029207283 -0.11291629187875192 0 -0.002318787653092097 -0.11286584765233322 0 -0.0020746903336847466 -0.11281682714885972 0 -0.0018252615722501148 -0.11277050286487858 0 -0.0015711782896234805 -0.11272801259208698 0 -0.0013131141681530414 -0.11269035252682777 0 -0.0010517395913262075 -0.11265837205031196 0 -0.00078772164578677748 -0.11263276995576213 0 -0.00052172433104609602 -0.11261409184831515 0 -0.00025440903427952554 -0.1126027284441715 0 1.3564755094082741e-05 -0.11259891453584948 0 0.00028153854437973824 -0.11260272844433532 0 0.00054885384116179243 -0.11261409184833697 0 0.00081485115554762514 -0.11263276995593129 0 0.0010788691012101953 -0.11265837205054627 0 0.0013402436782382642 -0.11269035252728085 0 0.0015983078000380356 -0.11272801259269974 0 0.001852391082710044 -0.1127705028656201 0 0.002101819843817433 -0.11281682714952096 0 0.0023459171628439223 -0.11286584765277755 0 0.002584002712743489 -0.11291629187881128 0 0.0028153919074211673 -0.1129667612936513 0 0.0030393937210137353 -0.11301574168221112 0 0.0032553064195003857 -0.11306161491442142 0 0.0034624105127415042 -0.11310267180143378 0 0.0036599587394409864 -0.11313712624192661 0 0.0038471639313523696 -0.11316313236347952 0 0.0040231864707861763 -0.11317880845580086 0 0.0041871202278389629 -0.11318226981174469 0 0.0043379647673441038 -0.11317165870621318 0 0.0044745954565665168 -0.11314517774837268 0 0.0045957603838352595 -0.11310115721697689 0 0.0047000575298992795 -0.11303814043154349 0 0.0047859291478884692 -0.11295498988626239 0 0.0048517036990481828 -0.1128509972047247 0 0.0048956775892808804 -0.11272607963004407 0 0.0049162782645080011 -0.11258093045963906 0 0.0049123289811348128 -0.11241699369666776 0 0.0048833405170614465 -0.11223578883177414 0 0.0048293646340152032 -0.11203613773728358 0 0.0047484815881759998 -0.11180501267260123 0 -0.0054685014361155696 -0.11108361105406327 0 -0.0055231165903537032 -0.11120748218234319 0 -0.0055516136325943445 -0.1113141962288149 0 -0.0055557200356936426 -0.11140034082440055 0 -0.0055373104725661157 -0.11146680805946925 0 -0.0054976751072717423 -0.1115145266619932 0 -0.0054377496634089324 -0.11154395160963856 0 -0.0053583312008188434 -0.11155530133674618 0 -0.0052601772726696807 -0.11154881512612286 0 -0.0051440307302868101 -0.11152494581580533 0 -0.0050106268213014537 -0.11148454140305301 0 -0.0048607368416080186 -0.11142871911202648 0 -0.0046951407745864137 -0.11135887408151592 0 -0.0045145847764908832 -0.11127665736311851 0 -0.0043198642183733529 -0.11118396506754678 0 -0.0041118140666882401 -0.11108285463629408 0 -0.0038912763862272745 -0.11097546471762841 0 -0.0036591074066020966 -0.1108639802125736 0 -0.0034161870480086324 -0.11075059696351006 0 -0.0031634184687448093 -0.11063747888244793 0 -0.0029017194786351472 -0.11052671431313459 0 -0.0026320104731567691 -0.11042027775522714 0 -0.0023552025110011713 -0.11031999962599853 0 -0.0020721875705529405 -0.1102275442130356 0 -0.0017838318321311095 -0.11014439469373305 0 -0.0014909720873235186 -0.11007184368121588 0 -0.0011944149997251961 -0.11001098778788419 0 -0.0008949387682583124 -0.10996272490861617 0 -0.0005932967119645896 -0.1099277532010956 0 -0.00029022230415532991 -0.10990657099382285 0 1.3564755524177211e-05 -0.10989947707355667 0 0.00031735181509975099 -0.10990657099394292 0 0.00062042622291967717 -0.1099277532013154 0 0.00092206827935326899 -0.10996272490900794 0 0.0012215445105131311 -0.1100109877884842 0 0.0015181015980942874 -0.11007184368160307 0 0.0018109613428018837 -0.11014439469387934 0 0.0020993170813719412 -0.11022754421365455 0 0.0023823320219989548 -0.11031999962700954 0 0.0026591399844860461 -0.11042027775599894 0 0.0029288489897811485 -0.11052671431370835 0 0.0031905479798742626 -0.11063747888258382 0 0.0034433165590366682 -0.11075059696376349 0 0.0036862369176081031 -0.11086398021240865 0 0.0039184058972923591 -0.11097546471725868 0 0.0041389435776446066 -0.11108285463597357 0 0.0043469937294480397 -0.11118396506766354 0 0.0045417142876531813 -0.11127665736311666 0 0.0047222702858970454 -0.11135887408174946 0 0.0048878663529853808 -0.1114287191123282 0 0.0050377563327201978 -0.11148454140343514 0 0.0051711602415535273 -0.1115249458164647 0 0.0052873067834469847 -0.11154881512731839 0 0.0053854607115075195 -0.11155530133820589 0 0.0054648791739143228 -0.11154395161133822 0 0.00552480461770497 -0.11151452666367322 0 0.0055644399833389589 -0.11146680806124598 0 0.005582849546805671 -0.11140034082618064 0 0.0055787431437335213 -0.1113141962307561 0 0.0055502461018060896 -0.11120748218438921 0 0.0054956309474870103 -0.11108361105611918 0 -0.0058445181947511362 -0.11090436919849897 0 -0.0058589984971314044 -0.11091555667885598 0 -0.0058536032400835934 -0.11091264303469285 0 -0.0058304645678577023 -0.11089537354178383 0 -0.005790733374171751 -0.11086169500397762 0 -0.0057350413223045352 -0.11080987392477762 0 -0.0056635945138395561 -0.11073873434476408 0 -0.0055763032396356866 -0.11064768355148448 0 -0.0054729440585372406 -0.1105367204944273 0 -0.0053533069413153351 -0.11040630021337851 0 -0.0052172496615016245 -0.11025707284271238 0 -0.0050646124061255685 -0.1100905463018966 0 -0.0048953860574695801 -0.10990875785214915 0 -0.0047099882572803915 -0.10971420861778397 0 -0.0045089556119543277 -0.10950963782317867 0 -0.0042929092540960551 -0.1092979755460346 0 -0.004062687979768281 -0.10908238427161918 0 -0.0038193477470606432 -0.10886614548608552 0 -0.0035640933037228645 -0.10865251488297308 0 -0.0032981991750060508 -0.10844460807310642 0 -0.0030229436561476316 -0.10824532694497181 0 -0.0027395616578524537 -0.10805731896509911 0 -0.0024492151277418785 -0.1078829589517197 0 -0.0021529775947303799 -0.10772434470409219 0 -0.0018518292238071219 -0.10758330041546668 0 -0.0015466593014735166 -0.10746138390837956 0 -0.0012382737664591297 -0.10735989522876078 0 -0.00092740603909825911 -0.10727988512993591 0 -0.00061472992272818298 -0.10722216260595578 0 -0.00030087375104400406 -0.10718730101633539 0 1.3564756063681447e-05 -0.10717564256524506 0 0.00032800326335513576 -0.10718730101678849 0 0.00064185943507262652 -0.1072221626066385 0 0.00095453555113808369 -0.10727988513090914 0 0.0012654032784032438 -0.10735989523021501 0 0.0015737888133534079 -0.10746138390946643 0 0.0018789587357563044 -0.10758330041610865 0 0.0021801071066194712 -0.10772434470473609 0 0.0024763446396087233 -0.10788295895248566 0 0.0027666911696821346 -0.10805731896590275 0 0.0030500731680792046 -0.10824532694587989 0 0.0033253286870106023 -0.10844460807401547 0 0.0035912228156075041 -0.10865251488345784 0 0.0038464772589008496 -0.10886614548650476 0 0.0040898174914107714 -0.10908238427195985 0 0.0043200387655895215 -0.10929797554634627 0 0.0045360851233603736 -0.1095096378233263 0 0.0047371177685543824 -0.10971420861815964 0 0.0049225155684876091 -0.10990875785266346 0 0.0050917419172900671 -0.11009054630291594 0 0.0052443791725421572 -0.11025707284413716 0 0.0053804364525303072 -0.11040630021493858 0 0.0055000735700896468 -0.11053672049594324 0 0.0056034327514401031 -0.11064768355305869 0 0.005690724025984732 -0.11073873434626787 0 0.0057621708346492721 -0.11080987392576699 0 0.0058178628866957117 -0.11086169500467583 0 0.0058575940806165488 -0.11089537354285703 0 0.0058807327530510769 -0.11091264303603214 0 0.0058861280101741836 -0.11091555668037323 0 0.0058716477078392107 -0.11090436919990151 0 -0.0057913037135149791 -0.11115177548721698 0 -0.0057539516244514578 -0.11105137352632638 0 -0.0057104606714392363 -0.11095115118685103 0 -0.0056606725221704183 -0.11084381629633072 0 -0.0056039787951328952 -0.11072336304541022 0 -0.0055393719813581601 -0.11058433847344912 0 -0.0054654928712141804 -0.11042198310614521 0 -0.0053806368572242658 -0.11023253499049204 0 -0.0052828021673030096 -0.11001372327515915 0 -0.0051698916531117333 -0.10976548725841365 0 -0.0050401945706092287 -0.10949020480558261 0 -0.0048929657856099686 -0.10918968972660785 0 -0.004728127502112333 -0.10886727875038693 0 -0.0045451002081808405 -0.10852710765037051 0 -0.0043439842534302268 -0.10817420463804073 0 -0.0041260821755749596 -0.10781448493710916 0 -0.0038933698462040468 -0.10745391746638823 0 -0.0036480406695302294 -0.10709805833811738 0 -0.0033922342959280174 -0.10675188173386563 0 -0.0031278987254764515 -0.10641975705408689 0 -0.0028567335489616879 -0.10610548557120379 0 -0.0025801791109105101 -0.10581235553952642 0 -0.0022994300051290811 -0.10554319804853754 0 -0.0020154602202448616 -0.10530043682336421 0 -0.0017290527319211086 -0.10508613004087461 0 -0.0014408296494728551 -0.10490200426862732 0 -0.0011512809864886013 -0.10474948138286018 0 -0.00086079126934256243 -0.10462969947958464 0 -0.00056966384941804652 -0.10454352871713354 0 -0.00027814314714728368 -0.10449158286890889 0 1.3564755822373021e-05 -0.1044742271700938 0 0.00030527265889862998 -0.10449158286926212 0 0.00059679336139187072 -0.10454352871794291 0 0.00088792078148877663 -0.1046296994805776 0 0.0011784104989564458 -0.10474948138379331 0 0.0014679591623034914 -0.10490200426907589 0 0.0017561822451378313 -0.10508613004139408 0 0.0020425897337926317 -0.10530043682400246 0 0.0023265595191076047 -0.10554319804922899 0 0.002607308624955269 -0.10581235554021978 0 0.0028838630629102959 -0.1061054855718621 0 0.0031550282392856259 -0.10641975705461168 0 0.0034193638097903189 -0.10675188173459578 0 0.0036751701830001178 -0.10709805833872475 0 0.0039204993597996346 -0.10745391746692619 0 0.0041532116893441872 -0.10781448493769147 0 0.0043711137670147107 -0.10817420463854435 0 0.0045722297216861836 -0.10852710765077489 0 0.0047552570154143865 -0.10886727875072172 0 0.0049200952988942021 -0.10918968972699471 0 0.0050673240840079011 -0.10949020480609653 0 0.005197021166556369 -0.10976548725865251 0 0.0053099316810789002 -0.11001372327535799 0 0.0054077663713104308 -0.11023253499096337 0 0.0054926223854033273 -0.11042198310663653 0 0.0055665014957469467 -0.11058433847420443 0 0.0056311083094708753 -0.11072336304663681 0 0.0056878020366909147 -0.11084381629797446 0 0.00573759018598031 -0.11095115118873913 0 0.0057810811388496293 -0.11105137352833414 0 0.0058184332276060447 -0.1111517754891538 0 -0.0053218306832454295 -0.11161516190051422 0 -0.0052359568308092304 -0.1114434032082265 0 -0.0051558424601269746 -0.11128230399942843 0 -0.0050781635760605969 -0.11112153591096356 0 -0.0050003128850753748 -0.11095150643556421 0 -0.0049201164851146485 -0.11076304366350892 0 -0.0048356889650518981 -0.11054708797395849 0 -0.004745236239519556 -0.11029454185321041 0 -0.0046466928274879766 -0.10999633058054006 0 -0.0045371380517422932 -0.109644120672162 0 -0.0044122325329728528 -0.10923382083164924 0 -0.0042668770643717888 -0.10877550412203013 0 -0.0040963851713901652 -0.10827712060541497 0 -0.0039026235970531144 -0.10774951482623456 0 -0.0036912460169705075 -0.10720640001266214 0 -0.0034676944566289203 -0.10665958368169222 0 -0.003236338969347048 -0.10611864363169556 0 -0.0030004539856277744 -0.10559134595801609 0 -0.0027623939908374383 -0.10508405839511752 0 -0.0025237933955285399 -0.10460206383652779 0 -0.0022857415242836287 -0.10414978708393255 0 -0.0020489225931804747 -0.10373095837451086 0 -0.0018137230070039837 -0.10334873235151545 0 -0.0015803117350061337 -0.10300577557875552 0 -0.001348699749114903 -0.1027043315724717 0 -0.0011187836987264631 -0.1024462694882777 0 -0.00089037796503447478 -0.10223312069403039 0 -0.00066323828605011352 -0.10206610616016175 0 -0.00043707937051755917 -0.10194615671695204 0 -0.00021158831964424867 -0.1018739275841634 0 1.3564754729470226e-05 -0.10184980814629799 0 0.0002387178294705433 -0.10187392758433267 0 0.00046420888051645312 -0.10194615671723228 0 0.00069036779637364802 -0.1020661061605162 0 0.00091750747572121743 -0.10223312069411296 0 0.0011459132098347417 -0.10244626948850874 0 0.0013758292607329696 -0.10270433157250075 0 0.0016074412471056133 -0.10300577557881932 0 0.0018408525195610585 -0.1033487323517709 0 0.0020760521062311659 -0.10373095837501795 0 0.0023128710378461162 -0.10414978708446042 0 0.0025509229092862784 -0.10460206383718085 0 0.0027895235047194311 -0.10508405839573207 0 0.0030275834998950719 -0.10559134595873712 0 0.0032634684836956112 -0.10611864363246029 0 0.0034948239711530891 -0.10665958368221375 0 0.0037183755317204796 -0.10720640001335276 0 0.003929753111900967 -0.10774951482703794 0 0.0041235146860197159 -0.10827712060632025 0 0.0042940065786432986 -0.10877550412289674 0 0.0044393620471021022 -0.10923382083228217 0 0.0045642675656225682 -0.10964412067274218 0 0.0046738223410420403 -0.10999633058161373 0 0.0047723657528461819 -0.1102945418545577 0 0.0048628184783972295 -0.11054708797567092 0 0.0049472459984149751 -0.11076304366580854 0 0.0050274423986305869 -0.11095150643846963 0 0.0051052930895364966 -0.11112153591371532 0 0.005182971973897949 -0.11128230400235345 0 0.005263086344938093 -0.11144340321129058 0 0.0053489601979211107 -0.11161516190408088 0 -0.0046359549641370431 -0.11207349041503269 0 -0.004524178594064239 -0.11187389347906507 0 -0.0044149106134883037 -0.11168531872595694 0 -0.0043008752177734443 -0.11150202787608858 0 -0.0041764236997370177 -0.11131609446490973 0 -0.0040375955518013439 -0.111118307650412 0 -0.0038820135837649224 -0.11089839248173688 0 -0.0037088171133779053 -0.11064473563972838 0 -0.0035186693585758321 -0.11034358885324121 0 -0.0033136236150307472 -0.1099771109188673 0 -0.0030955671375200583 -0.10951743852621482 0 -0.0028619450293212371 -0.10891991170646596 0 -0.0026254875743200036 -0.10822061452731166 0 -0.0023981551481968683 -0.10747218708657712 0 -0.0021840877727863882 -0.10670386810161002 0 -0.0019841360126293841 -0.10593482987882492 0 -0.0017977500654799969 -0.10517892735216267 0 -0.0016238096598342189 -0.10444667896874722 0 -0.0014610107338202327 -0.10374631290677436 0 -0.0013080449737374346 -0.10308440181669522 0 -0.0011636776807821827 -0.1024662776010805 0 -0.0010267752266770612 -0.10189631413714174 0 -0.00089630803838431229 -0.10137812525552925 0 -0.00077134241984024433 -0.10091470605324278 0 -0.00065102799681019459 -0.10050853519578977 0 -0.00053458413951323316 -0.10016164973812641 0 -0.00042128690620119676 -0.099875700149843191 0 -0.00031045711624920187 -0.099651990766752047 0 -0.0002014496649881916 -0.0994915092201136 0 -9.3643960429697616e-05 -0.09939494727896471 0 1.3564753266417262e-05 -0.099362714721686021 0 0.00012077346700302882 -0.099394947279042259 0 0.00022857917145180525 -0.099491509220174051 0 0.00033758662309572434 -0.099651990766333923 0 0.00044841641357149317 -0.099875700149459345 0 0.00056171364751731216 -0.10016164973762377 0 0.00067815750584448867 -0.10050853519558406 0 0.00079847192949767634 -0.10091470605280455 0 0.00092343754886057021 -0.10137812525523199 0 0.0010539047377672544 -0.10189631413679288 0 0.0011908071923586202 -0.10246627760112627 0 0.0013351744859258195 -0.10308440181692863 0 0.0014881402465975132 -0.10374631290715244 0 0.0016509391726615462 -0.10444667896918272 0 0.0018248795787626098 -0.10517892735255252 0 0.002011265526425362 -0.10593482987958767 0 0.0022112172865290949 -0.1067038681028874 0 0.0024252846621052168 -0.10747218708779491 0 0.0026526170883877246 -0.10822061452848128 0 0.0028890745437297736 -0.10891991170751694 0 0.0031226966515576597 -0.10951743852777029 0 0.0033407531286599765 -0.10997711092066557 0 0.0035457988719425448 -0.1103435888551568 0 0.0037359466263673837 -0.11064473564230322 0 0.003909143096508581 -0.11089839248509849 0 0.0040647250644635941 -0.11111830765386199 0 0.0042035532120731287 -0.11131609446839187 0 0.0043280047299610533 -0.1115020278793778 0 0.0044420401256200425 -0.11168531872919935 0 0.0045513081062984488 -0.11187389348273973 0 0.0046630844764954001 -0.11207349041905998 0
        </DataArray>
        <DataArray type="Float64" Name="displacement_magnitude" format="ascii">
          0.12 0.12000001708093307 0.12000000928305549 0.12000000047718093 0.12000003213669669 0.12000012284685055 0.12000027111681315 0.12000046388516103 0.12000068320796872 0.12000091046803736 0.12000112873393824 0.12000132393368915 0.120001485310442 0.12000160546260391 0.12000168015508174 0.1200017080049955 0.1200016901103292 0.12000162965780549 0.12000153152879424 0.12000140191588762 0.12000124795710522 0.12000107739134087 0.12000089823709897 0.12000071849606096 0.1200005458828555 0.12000038758229083 0.1200002500354215 0.12000013875570177 0.12000005817651217 0.12000001153120383 0.12000000076667755 0.12000002649124802 0.12000008795728659 0.12000018307880821 0.12000030848383297 0.1200004596010346 0.12000063077991131 0.12000081544348121 0.12000100627234532 0.12000119541887695 0.12000137475024122 0.12000153611897113 0.12000167165982076 0.12000177411160409 0.12000183716258453 0.12000185581747509 0.12000182678266151 0.12000174886292762 0.1200016233575058 0.12000145443739058 0.12000124946874551 0.12000101921550176 0.12000077782094862 0.12000054238637754 0.12000033185268041 0.1200001647328728 0.12000005505826203 0.12000000596329059 0.12000000167860156 0.1200000056725255 0.1200000030667094 0.11523846184372005 0.11584662584677966 0.11629480429425575 0.11663525350071022 0.11689916324294224 0.11710635300389693 0.11727012521396307 0.11739983704833278 0.11750233741988066 0.11758280976236762 0.11764528594474069 0.11769297607009474 0.11772848618884831 0.11775396611490187 0.11777121311043644 0.11778174753481051 0.11778686777846864 0.1177876909413877 0.11778518397660594 0.11778018760001625 0.11777343461901614 0.11776556402554861 0.11775713189151027 0.11774861981592379 0.11774044145489676 0.1177329475395416 0.11772642968533495 0.11772112324061802 0.11771720936276087 0.11771481648081397 0.11771402126276734 0.11771484916229115 0.11771727459535357 0.1177212207654616 0.11772655911541192 0.11773310836419722 0.11774063304369496 0.11774884142159882 0.11775738265551615 0.11776584298468742 0.11777374071320848 0.11778051967762571 0.11778554080401514 0.11778807121207502 0.11778727012153339 0.11778217052482093 0.11777165527726807 0.11775442595213087 0.11772896216237279 0.11769346662548043 0.11764578950978599 0.11758332474600093 0.1175028621981761 0.11740036993365141 0.11727066438835163 0.11710689638997505 0.11689970825727422 0.11663579657697318 0.11629533994278193 0.11584714473162329 0.11523894667470194 0.11321460689312654 0.11350366414866156 0.1138139457730136 0.11410772081560466 0.11437074749046305 0.11459895998324141 0.1147927327014001 0.114954320312288 0.11508668650944749 0.11519296421462445 0.1152762203084718 0.1153393470078672 0.11538502447691804 0.1154157178257194 0.11543368815893257 0.11544100366119045 0.11543955445190121 0.11543106843811575 0.11541712372784928 0.11539915834477198 0.11537847819186277 0.11535626355262016 0.11533357418243852 0.11531135307308203 0.11529042908992992 0.11527151872061681 0.11525522718514031 0.115242049109958 0.11523236892291659 0.11522646107988634 0.11522449018544589 0.11522651105616205 0.11523246873756883 0.11524219848649861 0.11525542571169221 0.11527176585115119 0.11529072414872622 0.11531169525776937 0.11533396256869703 0.11535669709896254 0.11537895574451573 0.11539967864180277 0.11541768540304061 0.11543167002466379 0.11544019438354779 0.11544168027142315 0.11543439967686239 0.11541646236814444 0.11538580003399107 0.11534015142112397 0.11527705124067428 0.11519381910419489 0.11508756251009779 0.11495521420962079 0.11479364080418693 0.11459987798414344 0.11437167030239875 0.1141086424163628 0.1138148591669278 0.11350456178745867 0.11321548254931751 0.11190465595141939 0.11213901025455132 0.11234079882098821 0.11252308938828121 0.11268704308195521 0.11283116497274635 0.11295407954699556 0.11305518968331824 0.11313468720374534 0.11319339270468069 0.11323255362812944 0.11325373121879016 0.11325869380606005 0.11324933180736761 0.11322759023043777 0.11319543622697627 0.11315482987649983 0.113107691574436 0.11305587823581445 0.11300116620807499 0.11294523704974598 0.11288966446251766 0.11283590221164705 0.11278527340129438 0.11273896142939895 0.11269800273935347 0.11266328128185542 0.11263552447296045 0.11261530037742815 0.11260301584339806 0.11259891535292033 0.11260308040662428 0.11261542933081875 0.11263571747164146 0.11266353780889739 0.11269832210747367 0.11273934278202767 0.1127857157147488 0.11283640429728675 0.11289022496972409 0.11294585446876909 0.11300183887339695 0.11305660432797197 0.11310846912120136 0.11315565675290647 0.11319631015300829 0.11322850876271878 0.11325029233010207 0.11325969351689483 0.11325476710778366 0.1132336224458565 0.11319449093186891 0.11313581101050944 0.11305633488670259 0.112955241573307 0.11283233883872665 0.1126882234092461 0.1125242704833741 0.112341974832634 0.11214017532470624 0.11190580385357039 0.111218133201233 0.1113445504288684 0.11145254907803911 0.11153879128315679 0.11160426114730633 0.11164996232974514 0.11167641766324389 0.11168391544707731 0.11167277027539814 0.11164351567096251 0.11159708487676274 0.11153468610970428 0.11145780898436905 0.11136819990290316 0.1112678539157049 0.11115892950666202 0.11104366619131233 0.11092434888511611 0.11080327189086442 0.11068269489794919 0.11056479798195247 0.11045164199174369 0.1103451371667467 0.1102470202071887 0.11015883867604166 0.11008194115815365 0.11001747161818241 0.10996636660691726 0.10992935424548538 0.10990695417764088 0.10989947791069711 0.1099070291647498 0.10992950401319654 0.10996659074157908 0.11001776949742793 0.11008231194851149 0.1101592813314711 0.11024753346710894 0.11034571955253374 0.11045229180586995 0.11056551330948111 0.11068347360787906 0.1108041116419229 0.11092524713134549 0.11104462019380976 0.11115993634406129 0.11126891049458193 0.11136930296351477 0.11145895510638881 0.11153587172071047 0.11159830626314231 0.11164476896661667 0.11167405145928458 0.11168522034599346 0.111677741942869 0.11165130148407093 0.11160561048482659 0.11154014589039893 0.11145390373406859 0.11134589945562368 0.11121947043920925 0.11105826173790828 0.11107019661803928 0.11106700255176385 0.11104853979251061 0.11101282814236246 0.11095818517889364 0.11088346850228588 0.11078810871718058 0.11067212699831436 0.11053600780747692 0.11038044122884101 0.11020698110316933 0.11001772519577936 0.10981526106152251 0.10960242450271955 0.1093822496035142 0.10915801386981235 0.10893312191528579 0.10871095506650802 0.10849475166074933 0.10828752926247825 0.10809204124264812 0.10791075704914871 0.10774585724959214 0.10759923698502095 0.10747251363255152 0.10736703602806213 0.1072838936441701 0.10722392478722237 0.10718772329040561 0.10717564342366122 0.10718780287609406 0.10722408375723627 0.1072841315937238 0.10736735234371637 0.10747290748354567 0.10759970731537033 0.10774640276622295 0.10791137620806171 0.10809273223546181 0.10828829000381836 0.10849557977725857 0.10871184789070309 0.1089340764884527 0.10915902695411206 0.10938331771100154 0.10960354394107187 0.10981642799445905 0.11001893569853062 0.11020823118545532 0.11038172686211591 0.11053732502449506 0.11067347192202238 0.1107894775430308 0.11088485750792669 0.11095959071739611 0.11101424659870533 0.11104996749942374 0.11106843567346708 0.11107163101651674 0.11105969275319033 0.11130254441234873 0.11120033957403273 0.11109800768136002 0.11098826435501173 0.11086508784293644 0.11072299019426009 0.11055716152931527 0.11036377586608466 0.11014048895661467 0.10988716928186786 0.10960615178756174 0.10929926558203418 0.10896990213903415 0.10862224003792922 0.10826139084764597 0.10789340904973636 0.10752442842272032 0.10716017124156409 0.10680576532771864 0.10646571486580886 0.10614393527126596 0.10584380902569374 0.10556824348572494 0.10531972310583952 0.10510035371166633 0.10491189870388347 0.10475580794346451 0.10463324029579496 0.1045450807715574 0.10449195305888563 0.10447422805070621 0.1044920287960768 0.10454523212043462 0.10463346700129066 0.1047561096140827 0.10491227480028925 0.10510080353239419 0.10532024576569468 0.10556883789099283 0.10584447384363364 0.1061446688939499 0.10646651536869826 0.106806630424992 0.10716109823904804 0.10752541417831961 0.10789444994862435 0.10826248281258774 0.10862337860548599 0.10897108264062531 0.10930048344096001 0.10960740267816463 0.10988844899321784 0.11014179353617214 0.11036510185588849 0.11055850602224579 0.11072435077560655 0.11086646249046792 0.11098965133519294 0.11109940544957343 0.11120174666642406 0.11130395931688757 0.11174196278882492 0.11156633615282635 0.11140167815116095 0.11123750935955368 0.11106412521273329 0.11087226608954776 0.1106528018049649 0.11039657254452438 0.1100944344434199 0.10973795523733887 0.10932289517482545 0.10885915917773872 0.10835458097409618 0.10782016702003952 0.10726992822237146 0.10671593927804994 0.10616798206688924 0.10563396738429032 0.10512036029879789 0.10463250590502145 0.10417486627754469 0.10375119184417762 0.10336464613111832 0.10301789741477325 0.10271318666442723 0.10245237824974759 0.1022369979007639 0.10206826103996036 0.10194709366987112 0.10187414731442114 0.10184980904960146 0.10187420727377447 0.10194721359261977 0.10206844093285658 0.10223723776992936 0.10245267809675172 0.10271354647712669 0.10301831715746956 0.10336512572776542 0.10375173115542453 0.10417546506820186 0.10463316379947028 0.10512107671775917 0.10563474145955272 0.10616881252485204 0.10671682428676606 0.10727086519842143 0.10782115240054969 0.10835561000779537 0.10886022593072163 0.10932399347354803 0.10973908026090543 0.11009558282099821 0.11039774199586566 0.11065399072538942 0.11087347331567927 0.11106534994334333 0.1112387511677167 0.11140293704635629 0.11156761267136876 0.11174325815042774 0.11216933329675241 0.1119653349663019 0.11177254517386494 0.11158494409246658 0.11139441369225132 0.11119163850277383 0.11096631689164911 0.11070687805717341 0.11039967678878465 0.11002701953394417 0.10956117869595113 0.10895750499848644 0.10825245767959214 0.10749894020541345 0.10672621846221772 0.10595340946459529 0.10519429007436404 0.10445930071282267 0.10375659976172442 0.10309270041840593 0.10247288515098246 0.10190148724185133 0.1013820874140272 0.10091765389138335 0.10051064363865124 0.10016307632289126 0.099876588663603869 0.099652474366660193 0.099491713166793311 0.099394991391817622 0.099362715647599395 0.099395020654124935 0.099491771797197384 0.099652562578297979 0.09987670678203539 0.10016322479026039 0.10051082302301922 0.10091786489589513 0.10138233089238061 0.10190176421367916 0.10247319682336666 0.10309304820821755 0.10375698532254264 0.10445972596098146 0.10519475721018851 0.10595392097810713 0.10672677709931391 0.10749954885080325 0.10825311906055982 0.10895822097525508 0.10956194857733041 0.11002783992209894 0.11040054479519633 0.11070779025231346 0.11096726929832927 0.11119262693950531 0.11139543414028545 0.11158599305538357 0.11177362005464646 0.11196643447241611 0.11217045783781959
        </DataArray>
        <DataArray type="Float64" Name="stress_2d" NumberOfComponents="3" format="ascii">
          -3862.5124612202853 -21994.625932277144 -4802.088025947749 -3532.6782084381944 -21367.673004161941 -3671.7352542850203 -3079.804389157156 -20242.155322461032 -1824.7671966632272 -2924.9678484892738 -19344.38907729528 -643.07130306482077 -2899.3721739232392 -18624.804624504406 127.17202674175135 -2924.711730332192 -18047.875434976617 632.04078077812574 -2964.1659088866786 -17587.340690333476 959.84036004138488 -3000.6979443732357 -17223.160006715065 1166.2701029905013 -3026.9750250501629 -16939.566561154836 1287.7724098739704 -3040.4986083008862 -16723.823788308284 1348.9594738906289 -3041.1657618391246 -16565.397143516901 1366.9058011231236 -3030.0238798795854 -16455.38576628788 1353.7190467793914 -3008.6327246419023 -16386.14716518503 1318.1483980731098 -2978.7202824773876 -16351.029010059132 1266.6115293489866 -2942.0138616971722 -16344.174127186454 1203.8637209655803 -2900.1624253785794 -16360.380726147425 1133.4527024801973 -2854.6905509886733 -16394.998922872848 1058.0364894825732 -2806.9844429958439 -16443.853586540201 979.60332010994523 -2758.2951598709769 -16503.186098878614 899.62868015803883 -2709.7445023698046 -16569.609830737958 819.19206530821339 -2662.3318821090206 -16640.076355456105 739.06433269525076 -2616.9421322197904 -16711.850055073599 659.77327972627131 -2574.3535841723601 -16782.489144833053 581.65353872215042 -2535.2455596188397 -16849.831573386793 504.88534819451502 -2500.2047943247958 -16911.984644231638 429.52531309417941 -2469.7307616124072 -16967.317540141463 355.53128927915236 -2444.239922844492 -17014.456080264135 282.78288674701628 -2424.068976200575 -17052.279152290266 211.09869042797942 -2409.4773576024659 -17079.916428678516 140.25103628135454 -2400.6491178417837 -17096.746988620864 69.978973345838071 -2397.6941837869608 -17102.398528363112 -2.0685983557200416e-06 -2400.6491207569143 -17096.746986692291 -69.978975457578883 -2409.4773669759566 -17079.916427606116 -140.25103600100883 -2424.0689866063785 -17052.27915115394 -211.09868574860747 -2444.239934367597 -17014.456082020013 -282.78287707740895 -2469.7307622373601 -16967.317541686192 -355.53128102808796 -2500.2047840506757 -16911.984643214681 -429.52530719232755 -2535.2455570502721 -16849.831575057739 -504.88534132923814 -2574.3535892358605 -16782.489149356152 -581.6535305719849 -2616.9421324038658 -16711.85005841597 -659.77327520645008 -2662.3318794147399 -16640.076356050438 -739.06433237381543 -2709.7445037525367 -16569.609829896777 -819.19206492239073 -2758.2951638514141 -16503.186098648082 -899.62868005822588 -2806.9844494390554 -16443.853587542362 -979.60332036371028 -2854.6905599005345 -16394.998924981679 -1058.0364898682633 -2900.1624257415051 -16360.380725701503 -1133.4527045264358 -2942.0138533180216 -16344.17412252205 -1203.8637245579087 -2978.7202791428545 -16351.029004038843 -1266.6115332880652 -3008.6327242795915 -16386.147157166968 -1318.1484033112993 -3030.0238771436902 -16455.385753774535 -1353.7190522897663 -3041.165756831625 -16565.397128460616 -1366.9058067635242 -3040.4986063232013 -16723.823775040888 -1348.9594807620053 -3026.9750272119131 -16939.566551950069 -1287.7724187797053 -3000.6979375379447 -17223.159998163515 -1166.2701139730511 -2964.1658966201567 -17587.340681516129 -959.84037091271261 -2924.7117190067829 -18047.87542781805 -632.04079013305341 -2899.3721632853758 -18624.804620587893 -127.17203446461448 -2924.9678349293818 -19344.389077766056 643.07129598154631 -3079.8043728779203 -20242.155323449231 1824.7671932007875 -3532.6781963616413 -21367.673008949401 3671.7352549598863 -3862.5124504701143 -21994.625941703976 4802.0880273222483 -2649.0148406615804 -13457.669351417095 -4478.4369150894363 -2427.4894587026524 -13925.038372122941 -3855.0894786993886 -2062.699276887719 -14649.945266231573 -2746.012592884018 -1831.7665996243695 -15053.034615379387 -1882.6474215713167 -1693.1443814124609 -15283.532635864114 -1211.6250752962778 -1614.3700752807692 -15421.059164361053 -690.69588431734178 -1572.6260726014214 -15509.916300226176 -287.40887475875434 -1552.5539402876968 -15575.507684297396 23.028213726765784 -1544.0515506422232 -15632.632669738467 259.64989736735021 -1540.589088915136 -15689.865111472353 437.19557671627405 -1538.0536061110079 -15751.993875969472 567.20300387298107 -1533.9648094473562 -15821.442537829435 658.80425972769149 -1526.9297897270555 -15899.101930107552 719.28820168312109 -1516.3064613197571 -15984.857409772212 754.51943175309395 -1501.9622454107371 -16077.928729283083 769.25315929450119 -1484.0929269634448 -16177.094542188466 767.36685396036955 -1463.1202772838733 -16280.851326860171 752.03208956683557 -1439.6157602240969 -16387.523196712667 725.84971733815041 -1414.236409729953 -16495.341590592197 690.9568239967133 -1387.6797107449831 -16602.50754143314 649.10969682506072 -1360.6525655215391 -16707.240589816822 601.74916189937562 -1333.8486973618292 -16807.817244716338 550.05332837382502 -1307.9312251980282 -16902.601744643951 494.98103619521419 -1283.518814460524 -16990.0712413086 437.30818750423612 -1261.1748290632097 -17068.836831711164 377.6584708900013 -1241.3990938577977 -17137.661264905866 316.52967067099769 -1224.6218170940488 -17195.473756614345 254.31655524214335 -1211.1992664549468 -17241.382178868429 191.33119998574563 -1201.4108567386261 -17274.682814773034 127.82141626791807 -1195.4572711699104 -17294.867796138544 63.98781813041505 -1193.4593013408089 -17301.630326638791 -3.8445717720492212e-08 -1195.4572765866876 -17294.867798869091 -63.987817683210899 -1201.4108692797108 -17274.682820171249 -127.82141499927933 -1211.1992757112748 -17241.382181831126 -191.33119539594657 -1224.621825297229 -17195.473757966578 -254.31654644232418 -1241.3990989410211 -17137.661265487994 -316.52966362197537 -1261.1748300589184 -17068.836831948982 -377.65846672343406 -1283.5188167614945 -16990.071242520942 -437.30818201824894 -1307.9312286353422 -16902.601746455544 -494.98102918478151 -1333.8486916448333 -16807.817244321755 -550.05332468755387 -1360.6525513582769 -16707.240586218388 -601.74916108095056 -1387.6797054900953 -16602.507539105187 -649.1096944680254 -1414.2364111693812 -16495.341589898333 -690.95682154931865 -1439.6157610467769 -16387.523195396636 -725.84971563078375 -1463.1202765203618 -16280.851324257495 -752.03208851027046 -1484.0929190628192 -16177.094537477249 -767.36685499702196 -1501.9622304488776 -16077.928723020465 -769.25316214166935 -1516.306448165974 -15984.857404234044 -754.519434814899 -1526.9297781855139 -15899.101924893217 -719.28820443499615 -1533.9647966922059 -15821.442530962502 -658.80426099691488 -1538.0535923903578 -15751.993867976851 -567.20300401153554 -1540.5890786956745 -15689.865105123208 -437.19557736362856 -1544.0515436327094 -15632.632665507186 -259.64989950207814 -1552.5539286317335 -15575.507680667617 -23.028218104707776 -1572.626058536338 -15509.916296488042 287.40886915696791 -1614.3700658656273 -15421.059161114259 690.69587844612988 -1693.1443762128324 -15283.532633858416 1211.6250689949147 -1831.7665901241789 -15053.03461361936 1882.6474146689236 -2062.69926510099 -14649.945261972953 2746.0125876658694 -2427.4894495534791 -13925.038368136065 3855.0894747317889 -2649.0148317376093 -13457.669349921418 4478.4369103948966 -1243.1410436956073 -4461.7704997402325 -2975.9775333599196 -1093.1959912133618 -5408.6378688725517 -2974.371745680332 -784.64099154285577 -7134.2327245010538 -2871.7069728421675 -482.66072991907959 -8550.4852070813522 -2620.4533879509718 -219.33824713830163 -9713.1479021858031 -2300.724225354722 -3.4776574732103001 -10675.639994175583 -1959.5018417225372 166.87327088646052 -11482.114949983225 -1623.5893667831615 297.92085223538447 -12167.231304757217 -1307.7115525172267 396.96350869766718 -12757.658892810437 -1019.3997188475632 470.94267976891734 -13273.817963810639 -761.89189560536124 525.92563951950217 -13731.273761831748 -535.92635294816387 566.95343054678665 -14141.812379995976 -340.81541695780129 598.0021953557798 -14514.346921691311 -175.03761454715431 622.16345381412975 -14855.554871349163 -36.626490473525493 641.78738597492338 -15170.365151867787 76.575398828615278 658.54518405439012 -15462.344906581373 166.77214149940249 673.58159486530406 -15733.985076912177 236.14588417781124 687.65157289216211 -15986.935966462024 286.81097191377705 701.20228264211312 -16222.201849780318 320.77927901350739 714.44035062218234 -16440.293312117963 339.94294757896904 727.39471165598411 -16641.348606614491 346.06985432343623 739.9727229992327 -16825.23364088111 340.80560448365344 752.0066159946208 -16991.625827847798 325.67827679364206 763.28960311038622 -17140.084293298565 302.10441556317659 773.60245412625625 -17270.107952535407 271.39601111350584 782.7322307374443 -17381.182717788426 234.76868634711713 790.48508253518912 -17472.819079295408 193.35135098296513 796.69468448614612 -17544.581365358466 148.19748768536704 801.22761299615922 -17596.109882529898 100.29801969130367 803.98669582610671 -17627.136974171393 50.595593322361928 804.9129751395908 -17637.497873430206 7.8053525420784808e-07 803.98669193853721 -17627.136977287497 -50.595592698807522 801.22760385953052 -17596.109888943491 -100.29801966374531 796.69468057911627 -17544.581369180429 -148.19748632398625 790.48508361732468 -17472.819078381326 -193.3513474396986 782.73222688912688 -17381.182716456657 -234.7686838894096 773.60244631134947 -17270.107952154671 -271.39601108736292 763.28959675972283 -17140.084291926381 -302.10441468503535 752.00661208606152 -16991.625825204683 -325.67827466232904 739.97273086734822 -16825.233635275294 -340.80560357849174 727.39473068440714 -16641.348599579356 -346.06985439759455 714.44036207501119 -16440.293309104487 -339.94294600788021 701.20228885172514 -16222.201848628796 -320.77927621039532 687.65158291855528 -15986.935964176731 -286.81096866566259 673.58161054850802 -15733.985073677753 -236.14588203980031 658.5452045124141 -15462.344902431003 -166.77214096663999 641.7874083094423 -15170.365147424433 -76.575397989313075 622.16347336138494 -14855.55486887338 36.626492406895231 598.00221164310187 -14514.346920990371 175.03761763701942 566.95344587368459 -14141.812377924067 340.81542234521515 525.92565385466241 -13731.273757464898 535.92636089398275 470.9426912173094 -13273.817959415366 761.89190405174577 396.96351812888315 -12757.658888960894 1019.3997261800134 297.92086095980608 -12167.231301316529 1307.7115579695144 166.87328007058261 -11482.114946344505 1623.5893701120367 -3.4776554924712997 -10675.639990551257 1959.5018428947392 -219.33825388514114 -9713.147898288451 2300.7242244900976 -482.66073159478555 -8550.4851996702164 2620.4533857739762 -784.64098962807316 -7134.2327120769532 2871.7069701893861 -1093.1959891548393 -5408.6378533174111 2974.371741005406 -1243.1410402308325 -4461.7704836014709 2975.9775268058406 -675.27958064087284 -2906.4526865826347 -1324.751839000731 -541.86424711931409 -3346.8725928027879 -1394.6456036470902 -284.62266813618794 -4297.8726786579646 -1507.1846663631984 -41.911377640548636 -5335.9575494545716 -1557.4468496571458 189.49143743978783 -6379.0807722372438 -1540.8873287004558 406.01434773215567 -7384.4644978654615 -1467.6439097113091 604.17872192032792 -8332.6022992892922 -1351.9682097378775 782.28472445723162 -9216.9616607094576 -1207.7706735715283 940.34394689214969 -10037.786566375966 -1047.0649321884919 1079.5817521573247 -10798.373735111429 -879.67020549376446 1201.708704229974 -11503.311512059678 -713.15626360623253 1308.5668657862616 -12157.546483527318 -553.12047538774516 1402.1820951513348 -12765.606245943392 -403.68825950932938 1484.3334730296269 -13331.414300944301 -267.76483776481507 1556.3866464708681 -13858.229253898582 -147.2121753860815 1619.5834705377106 -14348.612153723949 -43.025557489498382 1675.0239078179736 -14804.526011664009 44.448629410455794 1723.5745713924032 -15227.423955994254 115.3454349406216 1765.9061125506933 -15618.310765099694 170.18496490242171 1802.5680923884108 -15977.8184289865 209.79573287433854 1834.0492344234965 -16306.292267893947 235.24036569295291 1860.8116947231272 -16603.873407763323 247.74463003560385 1883.303941654387 -16870.568356317599 248.63453934101059 1901.9601219972274 -17106.302730229389 239.28488804465866 1917.1924993319763 -17310.960168892692 221.08039119395235 1929.3813618237568 -17484.409155576217 195.38895205005446 1938.8650246236125 -17626.52073194609 163.54566667977164 1945.9311813676497 -17737.17976874419 126.84579369010339 1950.8100553968955 -17816.291879896955 86.544847915665258 1953.6693946891196 -17863.787492930969 43.86411178354259 1954.6111144498734 -17879.624122062585 -1.1773883858978706e-06 1953.6693939827808 -17863.787492594587 -43.864114078452594 1950.8100534876689 -17816.291880196011 -86.544850647132193 1945.9311800206833 -17737.179768923754 -126.84579689006979 1938.8650287981438 -17626.520729574971 -163.54566871732655 1929.3813650973391 -17484.409153598117 -195.38895311273447 1917.1924994256419 -17310.960168249112 -221.08039354865721 1901.9601193049848 -17106.302729241885 -239.28489115619226 1883.3039386351479 -16870.568353227427 -248.63454112503115 1860.8116978988455 -16603.87340170909 -247.74463072066138 1834.0492425699085 -16306.292261735443 -235.24036646304083 1802.568100630366 -15977.818425322699 -209.7957342110391 1765.9061223585049 -15618.310761254696 -170.18496450651071 1723.5745848569379 -15227.423950569528 -115.34543183274313 1675.0239247658446 -14804.526007686354 -44.448627709407759 1619.5834893148333 -14348.6121508671 43.025557863793878 1556.3866623244562 -13858.229250208507 147.21217817789321 1484.3334838303203 -13331.414297433244 267.76484237449824 1402.1821018911232 -12765.606243854563 403.68826331489629 1308.5668697651815 -12157.546480019133 553.12047993542228 1201.708705610019 -11503.311505985981 713.15626962917895 1079.5817510010231 -10798.373727910453 879.67021114492809 940.34394564440322 -10037.786558192505 1047.0649368588017 782.28472319150637 -9216.9616518435923 1207.7706775241445 604.17872190306798 -8332.6022907409242 1351.9682130216374 406.01434690237147 -7384.4644903655044 1467.6439124558267 189.49143184240421 -6379.0807652106123 1540.8873313666022 -41.911382617716249 -5335.9575427231875 1557.4468514303819 -284.62267056527361 -4297.872671529256 1507.1846674372648 -541.86424933938849 -3346.8725859295009 1394.6456038627214 -675.27958285114994 -2906.4526804842426 1324.7518384597472 -85.699113097856554 -1062.5865873065472 -423.2431621584027 -26.655461965247639 -1572.533283851559 -480.47218358304758 94.568613213344435 -2557.1907118391969 -581.49194559330942 220.82089492336834 -3495.5114052028225 -652.99252088739604 351.34373695226247 -4418.2327159432389 -690.17169427368549 486.61961986572112 -5331.7724088887735 -690.9804972917882 626.03887013114354 -6233.6584943354683 -657.56458421074501 768.03687689007904 -7119.0961423726367 -595.0824817541162 910.50324402261344 -7983.6789283107601 -510.10328632765578 1051.1317074206859 -8824.50940805348 -409.46593689226182 1188.3007981924638 -9639.0861541932481 -300.28585759581125 1320.7759625400026 -10424.857522095044 -189.23455087031545 1446.4853708767839 -11180.023801821901 -81.597564782376196 1563.7059895742641 -11902.945823300477 18.538848090890944 1671.820345245708 -12591.957299187274 108.1154167449649 1770.1985557592186 -13245.568562363263 184.88574972930087 1858.0225824499653 -13862.314249263076 247.42844823054008 1934.7456831591289 -14440.683007201844 295.19495785116442 2000.3032220817715 -14979.23104715324 328.37986826062269 2055.1077259766853 -15476.706655071535 347.71939306218582 2099.9457089850193 -15932.118746894572 354.29698602434365 2135.8496394999684 -16344.749144531248 349.38730087716647 2163.9795630018175 -16714.127522028539 334.34354874355091 2185.5268110709239 -17039.987595282189 310.52272196958444 2201.6414701081253 -17322.217648752612 279.24036021711652 2213.3807782712975 -17560.813123071857 241.74691425773182 2221.674191841279 -17755.835139360126 199.2192612841967 2227.3008822030292 -17907.37640431675 152.76249510092725 2230.8760191284427 -18015.534592499618 103.41847947890406 2232.8428988650357 -18080.392702999703 52.178736162111477 2233.4687682657991 -18102.005686715991 -2.5229150981687098e-06 2232.8428992909703 -18080.392701788682 -52.178740455257135 2230.8760188812976 -18015.534590655956 -103.4184838197863 2227.3008791719772 -17907.376402937927 -152.76250048280062 2221.6741918204666 -17755.835136029593 -199.21926450295456 2213.3807820084821 -17560.813118784983 -241.74691458825936 2201.6414735114508 -17322.217646989317 -279.24036257743018 2185.5268127837871 -17039.987595564999 -310.52272656594039 2163.9795654022205 -16714.127520623417 -334.34355106098212 2135.8496422689805 -16344.749140994489 -349.38730140330267 2099.94571222173 -15932.118741659404 -354.29698630436866 2055.1077298678597 -15476.706649628475 -347.7193939721127 2000.30322677855 -14979.23104141255 -328.37986840874203 1934.7456900695036 -14440.682999290008 -295.19495624586227 1858.0225890024819 -13862.314242337805 -247.428448144615 1770.1985623556857 -13245.568557694984 -184.88575112712454 1671.8203501143257 -12591.957295276221 -108.11541684738495 1563.7059918407213 -11902.945819622384 -18.538847395609459 1446.4853730535267 -11180.023798874518 81.597564187522693 1320.7759632826321 -10424.857518842256 189.23455020118641 1188.3007967560861 -9639.0861500691753 300.28585704097816 1051.131704252826 -8824.5094041536795 409.46593519690072 910.50324261314677 -7983.6789237144039 510.10328399393745 768.03687830572403 -7119.096136717937 595.08247954876765 626.03887283473205 -6233.6584885483599 657.56458297986944 486.61962651198814 -5331.772403784149 690.98049732872119 351.34374450654479 -4418.2327131219827 690.17169433738115 220.82089922376247 -3495.5114056956227 652.99251952663496 94.568617022078797 -2557.1907136837613 581.49194384233897 -26.65545919989728 -1572.5332865811029 480.47218271840512 -85.699112754170599 -1062.5865914725307 423.2431615843625 214.09656285758479 165.3324428822458 207.67463829940374 201.24770317277893 -262.10199575576996 107.78146779067816 182.47943427927484 -1110.5526436321811 -52.907295175243625 181.28403829447691 -1946.3715126898965 -142.09963802917596 202.3521428851582 -2775.4441147869175 -172.20198288737708 246.72235903888622 -3608.6911732917297 -153.90573833739006 313.9888747508287 -4454.5681998435248 -97.17849384832077 402.78808825713895 -5317.0334033234358 -12.373160612788013 510.8773133408248 -6194.8293644835639 89.562299447233244 634.69253861148184 -7082.0157255324202 198.31872116026977 767.61794445959708 -7973.5874852675124 307.09990014179095 902.36684095478017 -8865.0597066734808 410.34396487142152 1036.0065167810792 -9748.5261227008359 501.90441282114546 1165.9507615363359 -10615.91616220114 577.18163058604068 1286.1027869589411 -11459.848157868915 633.08885569275742 1390.7951347541286 -12272.563351540803 668.63088442850551 1477.2517613399627 -13046.646750453581 684.88451285556948 1545.1417361089445 -13775.984514307976 684.05207540769868 1595.7123287357106 -14456.045277709645 668.71990011217849 1631.0756654543125 -15083.751872119108 641.42827469852227 1653.7169970893285 -15657.201981688517 604.46395579061414 1666.1832943624881 -16175.371412127141 559.78551431134815 1670.8989959398677 -16637.853915092528 509.0200795606554 1670.0656140025771 -17044.652286881519 453.49427518786109 1665.614153955496 -17396.018743774774 394.27838572491964 1659.1892358472323 -17692.336775569518 332.23271257532082 1652.1509594442748 -17934.035730629064 268.05088815942986 1645.5855418945837 -18121.530292112198 202.29814059957823 1640.3190505160057 -18255.178507486627 135.44421842773906 1636.9306742001804 -18335.25357898527 67.891596422085456 1635.7633709883178 -18361.925977330975 -2.289506896957505e-06 1636.9306777812549 -18335.253576670588 -67.891600629055276 1640.3190514262747 -18255.178505587763 -135.44422228545545 1645.5855405584471 -18121.530291243012 -202.29814493218868 1652.1509606459836 -17934.03572878104 -268.05088976220759 1659.1892403372474 -17692.33677208767 -332.23271170750206 1665.6141591062028 -17396.018740713029 -394.27838804067147 1670.0656194437072 -17044.652285091724 -453.49428015894676 1670.8990013805897 -16637.853913626088 -509.02008355630261 1666.1832973310529 -16175.371411077924 -559.7855173818034 1653.7169991946994 -15657.201979941165 -604.46395835301439 1631.075667356768 -15083.751869328453 -641.42827670032125 1595.7123289859121 -14456.045274801165 -668.71990211579919 1545.1417371703494 -13775.984510375198 -684.0520774261247 1477.251763680559 -13046.646746112465 -684.8845158230115 1390.7951368891886 -12272.563348079006 -668.63088812335729 1286.1027885469075 -11459.848155741051 -633.08885943273833 1165.9507609379293 -10615.916162155907 -577.18163462655514 1036.0065178590144 -9748.5261235809467 -501.90441741875736 902.36684356800163 -8865.0597079274012 -410.34396982905633 767.61794711525511 -7973.5874859035839 -307.09990406532154 634.69254415125818 -7082.0157255663144 -198.31872421382684 510.8773209999656 -6194.8293655536299 -89.562303105875671 402.78809723749328 -5317.033404024879 12.373157010329166 313.98888475152881 -4454.5681979523806 97.178491687290773 246.72237019844911 -3608.6911700577261 153.90573627340021 202.35215488571734 -2775.4441133052137 172.20197879156623 181.28404894765413 -1946.3715124855207 142.09963273843633 182.47944274614153 -1110.5526429697602 52.907290333642422 201.24770928274941 -262.10199385273245 -107.78147131338228 214.09656692732943 165.33244548370996 -207.67464099321822 213.77883559042507 728.23309334909527 363.52133586408149 127.01257918782454 449.3924384169851 251.7854090110778 -18.717227995471866 -111.45763386979027 76.84377291219181 -113.94919624236501 -687.17582477236874 -7.5954778997768555 -167.12467661093834 -1292.0922882081527 -13.667099021845203 -184.23277264055105 -1938.2201053788372 47.825545010289446 -170.05272293549129 -2638.7259551196803 166.21262862713297 -128.29373214083236 -3407.7240668016607 329.49549332103788 -61.547934899647828 -4258.0653696031786 522.14756902489103 29.063904974827402 -5194.3046812469383 722.21861147407935 144.89613555788463 -6196.352191814015 900.53327273170021 282.18001181488199 -7236.8729546636205 1039.4682831570924 418.46265039220464 -8300.8533863712382 1134.9807995057956 526.37342599841088 -9368.6759872742041 1184.1611861699475 595.23730431803756 -10415.094462110663 1191.3166087158206 627.39427854510905 -11419.493877061239 1166.1382073575851 629.40837805197975 -12368.481101846099 1117.9947181002206 608.5550359145584 -13254.243799692558 1054.416542086868 571.50614190664714 -14072.682592195541 980.99516552571595 523.91720779466891 -14822.02559482437 901.68922175672708 470.38783108314874 -15501.902755794412 819.19850713869471 414.56690117001472 -16112.750176470818 735.29704121816235 359.30163056284488 -16655.432766460613 651.09864157428171 306.78677901376369 -17131.00702248215 567.25732204069527 258.69690103430929 -17540.572598803032 484.11348805025239 216.2964750838141 -17885.179859086391 401.79800607363109 180.52811512303705 -18165.772629572901 320.30477902421211 152.08113223013339 -18383.153036128977 239.54038700981752 131.44321568084425 -18537.960169831858 159.35738794026523 118.93782986094047 -18630.657409137675 79.576289225651962 114.74940614386756 -18661.525202301127 -9.3558259806059141e-08 118.93783533767731 -18630.657407803796 -79.576289391120753 131.44321880169807 -18537.960170229253 -159.35738766272044 152.08113583030837 -18383.153037371441 -239.54038578730874 180.52812160715771 -18165.772630177453 -320.30477585323717 216.29648392542398 -17885.179858016294 -401.79800258846115 258.69691025082795 -17540.572597114464 -484.11348697489279 306.78678818279667 -17131.007020852987 -567.25732269494745 359.30163803017342 -16655.432765261034 -651.09864291149779 414.56690546488807 -16112.750176105266 -735.29704283180286 470.38783339473849 -15501.902755879602 -819.19850876908083 523.91720936879608 -14822.025594665622 -901.6892235845155 571.50614245355757 -14072.682591487783 -980.99516776587848 608.55503747913406 -13254.243797716948 -1054.416544643705 629.40838374459179 -12368.481097937865 -1117.9947208619612 627.39428322851825 -11419.49387355981 -1166.1382106205635 595.23730715771808 -10415.09445942908 -1191.3166129246213 526.37342653208134 -9368.6759858015885 -1184.1611911869254 418.46265039507114 -8300.8533862701715 -1134.9808049288411 282.18001428219657 -7236.8729554040438 -1039.4682881866329 144.89613878211043 -6196.3521926319609 -900.53327588928153 29.063910670938938 -5194.3046813086867 -722.21861364700817 -61.547927809498802 -4258.0653699317636 -522.14757190487501 -128.29372564746728 -3407.724066233674 -329.49549578177243 -170.05271626055043 -2638.7259523556581 -166.21263061933905 -184.23276651849289 -1938.22010148752 -47.825548390589503 -167.12467026955775 -1292.0922832692274 13.667094860649243 -113.9491892036874 -687.17581942943775 7.5954743665319411 -18.717222324824469 -111.45762898164919 -76.843776023477261 127.01258400498658 449.39244438535735 -251.78541206627892 213.77884068323056 728.23310041627951 -363.52133896194454 41.241450298435034 567.3448311964371 193.34323004537836 -32.937065085494154 488.0674143615696 96.59722864968866 -142.69742420480259 305.67170313842041 -62.977479580206477 -186.09425579000063 77.544090929783536 -155.97241692453628 -183.42099078731184 -196.881974765086 -184.51045154646891 -152.07918995048482 -525.34959336233419 -149.73271222513341 -106.58626162023671 -921.52235717302176 -51.594212382673973 -58.948929947119041 -1406.9828117233615 110.85703665836525 -19.10925473069571 -2015.6590737503734 338.25776770318606 4.576036742717946 -2803.0025449823502 626.9466341779596 3.4661422215760851 -3852.2559579524573 953.87879679510718 -49.760273029764072 -5151.39364988337 1227.3321743403994 -175.37978191427553 -6559.0888355792003 1370.4141713513523 -355.38213888325959 -7955.56434124714 1407.639377322168 -562.49533451828984 -9286.5502295458464 1384.6774635269239 -777.86525647205337 -10531.27812135708 1327.6650268282656 -989.70148733709357 -11682.791638083892 1251.7076963845707 -1191.0101245355331 -12740.095353892202 1165.6432933256146 -1377.8961546230544 -13704.787961838349 1074.6307050351054 -1548.4204639838822 -14579.520092935731 981.63708828448966 -1701.8503383772627 -15367.261010149952 888.31705505305376 -1838.1722714131506 -16070.94582234536 795.54064684750233 -1957.7771099614715 -16693.308620679541 703.71301712501509 -2061.2579966280691 -17236.808228495938 612.96851504531867 -2149.2819247511679 -17703.600082940859 523.28818839670726 -2222.5091631711816 -18095.530539011343 434.57025410943629 -2281.5436117492595 -18414.141349647965 346.67156102918807 -2326.9029326828941 -18660.677970028675 259.43112939867899 -2359.0011145742851 -18836.098417378049 172.68264622186683 -2378.1386974225743 -18941.081046119434 86.260203728224027 -2384.4975975440361 -18976.03043749608 2.2598950462082712e-06 -2378.1386928925549 -18941.081045403182 -86.260198954003783 -2359.0011100158476 -18836.098418263326 -172.68264014771864 -2326.9029246954492 -18660.677970760764 -259.43112180958042 -2281.5436015172254 -18414.14134944314 -346.67155335828647 -2222.5091492892479 -18095.530536418762 -434.57024733556875 -2149.281910546526 -17703.600079867403 -523.28818244171362 -2061.2579839586283 -17236.808226679688 -612.96851022407964 -1957.7770986490025 -16693.308619875621 -703.71301331238533 -1838.1722629194992 -16070.945822346765 -795.54064351087789 -1701.8503324220476 -15367.261010208429 -888.3170524321722 -1548.4204593260815 -14579.520092639423 -981.63708644311998 -1377.8961511003524 -13704.787961619968 -1074.6307037957886 -1191.0101210045063 -12740.095353182751 -1165.6432922865786 -989.70148070878417 -11682.791635399291 -1251.7076953654278 -777.86525145294308 -10531.278118980123 -1327.6650272744375 -562.49533164270315 -9286.5502269068711 -1384.6774647359612 -355.38213783568722 -7955.5643382265598 -1407.6393783739031 -175.37978299277179 -6559.0888333481162 -1370.4141728114287 -49.760273983019601 -5151.3936476510198 -1227.3321760959932 3.4661397414329826 -3852.2559554472859 -953.87879855095821 4.5760334859199077 -2803.002542678496 -626.94663658058334 -19.109258138190711 -2015.6590726187367 -338.25777125084528 -58.948932231618777 -1406.98280950158 -110.8570400662056 -106.58626208499092 -921.52235307285173 51.594209370376035 -152.0791904636464 -525.34958984206492 149.73270939545779 -183.42099208101246 -196.88197073130078 184.51045082582567 -186.09425617620343 77.544095407404768 155.97241818209531 -142.69742315051838 305.671706089564 62.977480493402666 -32.93706293654094 488.06741707030989 -96.597228639303125 41.241453397078843 567.3448340607647 -193.34323066494045 -45.277712666503987 323.9843918304195 69.144973765460279 -83.730179049598959 339.33934013633279 -12.860477022600243 -117.6962680917469 342.5196921145199 -160.68658029553535 -80.430478555457427 295.09477822022359 -271.17857582323927 0.16696376754091347 201.87144187207167 -336.49566630240645 99.468233907848429 60.01159410184583 -350.68368195240265 196.35759762144994 -140.8788238538034 -306.25729676309095 272.50983536308274 -421.70808552921142 -192.19018868826149 311.25829912900866 -823.44240609314897 7.7485270852409798 294.74450116480216 -1437.4263396667 314.90042127793618 192.39898489970187 -2463.4763033033164 734.50294890871942 -55.37768139591445 -3928.4132760300499 1114.1641696661914 -445.50962802546837 -5568.0508837080324 1300.9974142669387 -888.5741875703286 -7170.1220544227599 1344.392586869363 -1319.6125023786012 -8666.1047876749544 1323.7360367118204 -1715.2727676261743 -10043.900919461415 1272.2295158025104 -2068.4267506718861 -11305.071675207764 1204.971265935146 -2378.7392954524189 -12454.474908561142 1129.3327782106062 -2648.7563795232936 -13497.554113342956 1049.0474823351071 -2882.0989001895523 -14439.534916183262 966.0463952608452 -3082.5979661112369 -15285.175125035414 881.34604920379297 -3253.8883544973696 -16038.699795064376 795.49506625232289 -3399.2328300766958 -16703.803895960282 708.80287149869082 -3521.4629769488861 -17283.67957831829 621.45746422272146 -3622.9770572663965 -17781.050610225229 533.58584055523215 -3705.7635252886848 -18198.206530091076 445.28467617550621 -3771.4337457053607 -18537.033360953923 356.63567289130174 -3821.2553733892578 -18799.039655608343 267.71309732800955 -3856.1820688084463 -18985.377520668066 178.58744716407801 -3876.8775306687512 -19096.858667110027 89.327249362445485 -3883.7329422048615 -19133.965673799106 3.2495826545186901e-06 -3876.8775278078706 -19096.858666622651 -89.327242141495432 -3856.182064872326 -18985.377521173185 -178.5874378656583 -3821.2553642116118 -18799.039655383782 -267.71308711877214 -3771.4337344629539 -18537.033360334699 -356.63566389109974 -3705.7635090000713 -18198.206526983035 -445.28466839521298 -3622.9770402437803 -17781.050605825469 -533.58583303725345 -3521.4629623452029 -17283.679575321999 -621.45745789385069 -3399.2328163382645 -16703.803894834942 -708.80286651539848 -3253.8883434674358 -16038.699795744997 -795.49506176814839 -3082.5979572184451 -15285.175125919679 -881.34604534245238 -2882.0988925288821 -14439.534916097573 -966.04639159360408 -2648.7563741668837 -13497.55411344198 -1049.0474791065767 -2378.739291543322 -12454.474909138478 -1129.3327748782901 -2068.4267442561136 -11305.071674022685 -1204.9712628552188 -1715.2727630752115 -10043.900917733863 -1272.2295151069538 -1319.6125002853846 -8666.1047849722672 -1323.7360361844039 -888.57418679234434 -7170.1220514659635 -1344.3925852423738 -445.50962876010527 -5568.050881916598 -1300.997413180675 -55.37768441742169 -3928.4132750048402 -1114.1641704028555 192.39897819860516 -2463.4763018347194 -734.50295132510735 294.74449392610569 -1437.4263377605962 -314.90042446749271 311.25829109378827 -823.44240657992475 -7.7485317584412314 272.50982943311385 -421.70808537554115 192.19018322715243 196.35759539716355 -140.87882049522236 306.25729244012257 99.468231547828736 60.011596704793106 350.68367960894051 0.16695945023739256 201.87144373612708 336.49566704617575 -80.430481862086339 295.0947805152806 271.17857872384235 -117.69626940172225 342.51969216914972 160.68658264307555 -83.730180032176833 339.33933827973806 12.860479008699699 -45.277713455042296 323.98438929704861 -69.144971785795093
        </DataArray>
        <DataArray type="Float64" Name="sigma_xx" format="ascii">
          -3862.5124612202853 -3532.6782084381944 -3079.804389157156 -2924.9678484892738 -2899.3721739232392 -2924.711730332192 -2964.1659088866786 -3000.6979443732357 -3026.9750250501629 -3040.4986083008862 -3041.1657618391246 -3030.0238798795854 -3008.6327246419023 -2978.7202824773876 -2942.0138616971722 -2900.1624253785794 -2854.6905509886733 -2806.9844429958439 -2758.2951598709769 -2709.7445023698046 -2662.3318821090206 -2616.9421322197904 -2574.3535841723601 -2535.2455596188397 -2500.2047943247958 -2469.7307616124072 -2444.239922844492 -2424.068976200575 -2409.4773576024659 -2400.6491178417837 -2397.6941837869608 -2400.6491207569143 -2409.4773669759566 -2424.0689866063785 -2444.239934367597 -2469.7307622373601 -2500.2047840506757 -2535.2455570502721 -2574.3535892358605 -2616.9421324038658 -2662.3318794147399 -2709.7445037525367 -2758.2951638514141 -2806.9844494390554 -2854.6905599005345 -2900.1624257415051 -2942.0138533180216 -2978.7202791428545 -3008.6327242795915 -3030.0238771436902 -3041.165756831625 -3040.4986063232013 -3026.9750272119131 -3000.6979375379447 -2964.1658966201567 -2924.7117190067829 -2899.3721632853758 -2924.9678349293818 -3079.8043728779203 -3532.6781963616413 -3862.5124504701143 -2649.0148406615804 -2427.4894587026524 -2062.699276887719 -1831.7665996243695 -1693.1443814124609 -1614.3700752807692 -1572.6260726014214 -1552.5539402876968 -1544.0515506422232 -1540.589088915136 -1538.0536061110079 -1533.9648094473562 -1526.9297897270555 -1516.3064613197571 -1501.9622454107371 -1484.0929269634448 -1463.1202772838733 -1439.6157602240969 -1414.236409729953 -1387.6797107449831 -1360.6525655215391 -1333.8486973618292 -1307.9312251980282 -1283.518814460524 -1261.1748290632097 -1241.3990938577977 -1224.6218170940488 -1211.1992664549468 -1201.4108567386261 -1195.4572711699104 -1193.4593013408089 -1195.4572765866876 -1201.4108692797108 -1211.1992757112748 -1224.621825297229 -1241.3990989410211 -1261.1748300589184 -1283.5188167614945 -1307.9312286353422 -1333.8486916448333 -1360.6525513582769 -1387.6797054900953 -1414.2364111693812 -1439.6157610467769 -1463.1202765203618 -1484.0929190628192 -1501.9622304488776 -1516.306448165974 -1526.9297781855139 -1533.9647966922059 -1538.0535923903578 -1540.5890786956745 -1544.0515436327094 -1552.5539286317335 -1572.626058536338 -1614.3700658656273 -1693.1443762128324 -1831.7665901241789 -2062.69926510099 -2427.4894495534791 -2649.0148317376093 -1243.1410436956073 -1093.1959912133618 -784.64099154285577 -482.66072991907959 -219.33824713830163 -3.4776574732103001 166.87327088646052 297.92085223538447 396.96350869766718 470.94267976891734 525.92563951950217 566.95343054678665 598.0021953557798 622.16345381412975 641.78738597492338 658.54518405439012 673.58159486530406 687.65157289216211 701.20228264211312 714.44035062218234 727.39471165598411 739.9727229992327 752.0066159946208 763.28960311038622 773.60245412625625 782.7322307374443 790.48508253518912 796.69468448614612 801.22761299615922 803.98669582610671 804.9129751395908 803.98669193853721 801.22760385953052 796.69468057911627 790.48508361732468 782.73222688912688 773.60244631134947 763.28959675972283 752.00661208606152 739.97273086734822 727.39473068440714 714.44036207501119 701.20228885172514 687.65158291855528 673.58161054850802 658.5452045124141 641.7874083094423 622.16347336138494 598.00221164310187 566.95344587368459 525.92565385466241 470.9426912173094 396.96351812888315 297.92086095980608 166.87328007058261 -3.4776554924712997 -219.33825388514114 -482.66073159478555 -784.64098962807316 -1093.1959891548393 -1243.1410402308325 -675.27958064087284 -541.86424711931409 -284.62266813618794 -41.911377640548636 189.49143743978783 406.01434773215567 604.17872192032792 782.28472445723162 940.34394689214969 1079.5817521573247 1201.708704229974 1308.5668657862616 1402.1820951513348 1484.3334730296269 1556.3866464708681 1619.5834705377106 1675.0239078179736 1723.5745713924032 1765.9061125506933 1802.5680923884108 1834.0492344234965 1860.8116947231272 1883.303941654387 1901.9601219972274 1917.1924993319763 1929.3813618237568 1938.8650246236125 1945.9311813676497 1950.8100553968955 1953.6693946891196 1954.6111144498734 1953.6693939827808 1950.8100534876689 1945.9311800206833 1938.8650287981438 1929.3813650973391 1917.1924994256419 1901.9601193049848 1883.3039386351479 1860.8116978988455 1834.0492425699085 1802.568100630366 1765.9061223585049 1723.5745848569379 1675.0239247658446 1619.5834893148333 1556.3866623244562 1484.3334838303203 1402.1821018911232 1308.5668697651815 1201.708705610019 1079.5817510010231 940.34394564440322 782.28472319150637 604.17872190306798 406.01434690237147 189.49143184240421 -41.911382617716249 -284.62267056527361 -541.86424933938849 -675.27958285114994 -85.699113097856554 -26.655461965247639 94.568613213344435 220.82089492336834 351.34373695226247 486.61961986572112 626.03887013114354 768.03687689007904 910.50324402261344 1051.1317074206859 1188.3007981924638 1320.7759625400026 1446.4853708767839 1563.7059895742641 1671.820345245708 1770.1985557592186 1858.0225824499653 1934.7456831591289 2000.3032220817715 2055.1077259766853 2099.9457089850193 2135.8496394999684 2163.9795630018175 2185.5268110709239 2201.6414701081253 2213.3807782712975 2221.674191841279 2227.3008822030292 2230.8760191284427 2232.8428988650357 2233.4687682657991 2232.8428992909703 2230.8760188812976 2227.3008791719772 2221.6741918204666 2213.3807820084821 2201.6414735114508 2185.5268127837871 2163.9795654022205 2135.8496422689805 2099.94571222173 2055.1077298678597 2000.30322677855 1934.7456900695036 1858.0225890024819 1770.1985623556857 1671.8203501143257 1563.7059918407213 1446.4853730535267 1320.7759632826321 1188.3007967560861 1051.131704252826 910.50324261314677 768.03687830572403 626.03887283473205 486.61962651198814 351.34374450654479 220.82089922376247 94.568617022078797 -26.65545919989728 -85.699112754170599 214.09656285758479 201.24770317277893 182.47943427927484 181.28403829447691 202.3521428851582 246.72235903888622 313.9888747508287 402.78808825713895 510.8773133408248 634.69253861148184 767.61794445959708 902.36684095478017 1036.0065167810792 1165.9507615363359 1286.1027869589411 1390.7951347541286 1477.2517613399627 1545.1417361089445 1595.7123287357106 1631.0756654543125 1653.7169970893285 1666.1832943624881 1670.8989959398677 1670.0656140025771 1665.614153955496 1659.1892358472323 1652.1509594442748 1645.5855418945837 1640.3190505160057 1636.9306742001804 1635.7633709883178 1636.9306777812549 1640.3190514262747 1645.5855405584471 1652.1509606459836 1659.1892403372474 1665.6141591062028 1670.0656194437072 1670.8990013805897 1666.1832973310529 1653.7169991946994 1631.075667356768 1595.7123289859121 1545.1417371703494 1477.251763680559 1390.7951368891886 1286.1027885469075 1165.9507609379293 1036.0065178590144 902.36684356800163 767.61794711525511 634.69254415125818 510.8773209999656 402.78809723749328 313.98888475152881 246.72237019844911 202.35215488571734 181.28404894765413 182.47944274614153 201.24770928274941 214.09656692732943 213.77883559042507 127.01257918782454 -18.717227995471866 -113.94919624236501 -167.12467661093834 -184.23277264055105 -170.05272293549129 -128.29373214083236 -61.547934899647828 29.063904974827402 144.89613555788463 282.18001181488199 418.46265039220464 526.37342599841088 595.23730431803756 627.39427854510905 629.40837805197975 608.5550359145584 571.50614190664714 523.91720779466891 470.38783108314874 414.56690117001472 359.30163056284488 306.78677901376369 258.69690103430929 216.2964750838141 180.52811512303705 152.08113223013339 131.44321568084425 118.93782986094047 114.74940614386756 118.93783533767731 131.44321880169807 152.08113583030837 180.52812160715771 216.29648392542398 258.69691025082795 306.78678818279667 359.30163803017342 414.56690546488807 470.38783339473849 523.91720936879608 571.50614245355757 608.55503747913406 629.40838374459179 627.39428322851825 595.23730715771808 526.37342653208134 418.46265039507114 282.18001428219657 144.89613878211043 29.063910670938938 -61.547927809498802 -128.29372564746728 -170.05271626055043 -184.23276651849289 -167.12467026955775 -113.9491892036874 -18.717222324824469 127.01258400498658 213.77884068323056 41.241450298435034 -32.937065085494154 -142.69742420480259 -186.09425579000063 -183.42099078731184 -152.07918995048482 -106.58626162023671 -58.948929947119041 -19.10925473069571 4.576036742717946 3.4661422215760851 -49.760273029764072 -175.37978191427553 -355.38213888325959 -562.49533451828984 -777.86525647205337 -989.70148733709357 -1191.0101245355331 -1377.8961546230544 -1548.4204639838822 -1701.8503383772627 -1838.1722714131506 -1957.7771099614715 -2061.2579966280691 -2149.2819247511679 -2222.5091631711816 -2281.5436117492595 -2326.9029326828941 -2359.0011145742851 -2378.1386974225743 -2384.4975975440361 -2378.1386928925549 -2359.0011100158476 -2326.9029246954492 -2281.5436015172254 -2222.5091492892479 -2149.281910546526 -2061.2579839586283 -1957.7770986490025 -1838.1722629194992 -1701.8503324220476 -1548.4204593260815 -1377.8961511003524 -1191.0101210045063 -989.70148070878417 -777.86525145294308 -562.49533164270315 -355.38213783568722 -175.37978299277179 -49.760273983019601 3.4661397414329826 4.5760334859199077 -19.109258138190711 -58.948932231618777 -106.58626208499092 -152.0791904636464 -183.42099208101246 -186.09425617620343 -142.69742315051838 -32.93706293654094 41.241453397078843 -45.277712666503987 -83.730179049598959 -117.6962680917469 -80.430478555457427 0.16696376754091347 99.468233907848429 196.35759762144994 272.50983536308274 311.25829912900866 294.74450116480216 192.39898489970187 -55.37768139591445 -445.50962802546837 -888.5741875703286 -1319.6125023786012 -1715.2727676261743 -2068.4267506718861 -2378.7392954524189 -2648.7563795232936 -2882.0989001895523 -3082.5979661112369 -3253.8883544973696 -3399.2328300766958 -3521.4629769488861 -3622.9770572663965 -3705.7635252886848 -3771.4337457053607 -3821.2553733892578 -3856.1820688084463 -3876.8775306687512 -3883.7329422048615 -3876.8775278078706 -3856.182064872326 -3821.2553642116118 -3771.4337344629539 -3705.7635090000713 -3622.9770402437803 -3521.4629623452029 -3399.2328163382645 -3253.8883434674358 -3082.5979572184451 -2882.0988925288821 -2648.7563741668837 -2378.739291543322 -2068.4267442561136 -1715.2727630752115 -1319.6125002853846 -888.57418679234434 -445.50962876010527 -55.37768441742169 192.39897819860516 294.74449392610569 311.25829109378827 272.50982943311385 196.35759539716355 99.468231547828736 0.16695945023739256 -80.430481862086339 -117.69626940172225 -83.730180032176833 -45.277713455042296
        </DataArray>
        <DataArray type="Float64" Name="sigma_yy" format="ascii">
          -21994.625932277144 -21367.673004161941 -20242.155322461032 -19344.38907729528 -18624.804624504406 -18047.875434976617 -17587.340690333476 -17223.160006715065 -16939.566561154836 -16723.823788308284 -16565.397143516901 -16455.38576628788 -16386.14716518503 -16351.029010059132 -16344.174127186454 -16360.380726147425 -16394.998922872848 -16443.853586540201 -16503.186098878614 -16569.609830737958 -16640.076355456105 -16711.850055073599 -16782.489144833053 -16849.831573386793 -16911.984644231638 -16967.317540141463 -17014.456080264135 -17052.279152290266 -17079.916428678516 -17096.746988620864 -17102.398528363112 -17096.746986692291 -17079.916427606116 -17052.27915115394 -17014.456082020013 -16967.317541686192 -16911.984643214681 -16849.831575057739 -16782.489149356152 -16711.85005841597 -16640.076356050438 -16569.609829896777 -16503.186098648082 -16443.853587542362 -16394.998924981679 -16360.380725701503 -16344.17412252205 -16351.029004038843 -16386.147157166968 -16455.385753774535 -16565.397128460616 -16723.823775040888 -16939.566551950069 -17223.159998163515 -17587.340681516129 -18047.87542781805 -18624.804620587893 -19344.389077766056 -20242.155323449231 -21367.673008949401 -21994.625941703976 -13457.669351417095 -13925.038372122941 -14649.945266231573 -15053.034615379387 -15283.532635864114 -15421.059164361053 -15509.916300226176 -15575.507684297396 -15632.632669738467 -15689.865111472353 -15751.993875969472 -15821.442537829435 -15899.101930107552 -15984.857409772212 -16077.928729283083 -16177.094542188466 -16280.851326860171 -16387.523196712667 -16495.341590592197 -16602.50754143314 -16707.240589816822 -16807.817244716338 -16902.601744643951 -16990.0712413086 -17068.836831711164 -17137.661264905866 -17195.473756614345 -17241.382178868429 -17274.682814773034 -17294.867796138544 -17301.630326638791 -17294.867798869091 -17274.682820171249 -17241.382181831126 -17195.473757966578 -17137.661265487994 -17068.836831948982 -16990.071242520942 -16902.601746455544 -16807.817244321755 -16707.240586218388 -16602.507539105187 -16495.341589898333 -16387.523195396636 -16280.851324257495 -16177.094537477249 -16077.928723020465 -15984.857404234044 -15899.101924893217 -15821.442530962502 -15751.993867976851 -15689.865105123208 -15632.632665507186 -15575.507680667617 -15509.916296488042 -15421.059161114259 -15283.532633858416 -15053.03461361936 -14649.945261972953 -13925.038368136065 -13457.669349921418 -4461.7704997402325 -5408.6378688725517 -7134.2327245010538 -8550.4852070813522 -9713.1479021858031 -10675.639994175583 -11482.114949983225 -12167.231304757217 -12757.658892810437 -13273.817963810639 -13731.273761831748 -14141.812379995976 -14514.346921691311 -14855.554871349163 -15170.365151867787 -15462.344906581373 -15733.985076912177 -15986.935966462024 -16222.201849780318 -16440.293312117963 -16641.348606614491 -16825.23364088111 -16991.625827847798 -17140.084293298565 -17270.107952535407 -17381.182717788426 -17472.819079295408 -17544.581365358466 -17596.109882529898 -17627.136974171393 -17637.497873430206 -17627.136977287497 -17596.109888943491 -17544.581369180429 -17472.819078381326 -17381.182716456657 -17270.107952154671 -17140.084291926381 -16991.625825204683 -16825.233635275294 -16641.348599579356 -16440.293309104487 -16222.201848628796 -15986.935964176731 -15733.985073677753 -15462.344902431003 -15170.365147424433 -14855.55486887338 -14514.346920990371 -14141.812377924067 -13731.273757464898 -13273.817959415366 -12757.658888960894 -12167.231301316529 -11482.114946344505 -10675.639990551257 -9713.147898288451 -8550.4851996702164 -7134.2327120769532 -5408.6378533174111 -4461.7704836014709 -2906.4526865826347 -3346.8725928027879 -4297.8726786579646 -5335.9575494545716 -6379.0807722372438 -7384.4644978654615 -8332.6022992892922 -9216.9616607094576 -10037.786566375966 -10798.373735111429 -11503.311512059678 -12157.546483527318 -12765.606245943392 -13331.414300944301 -13858.229253898582 -14348.612153723949 -14804.526011664009 -15227.423955994254 -15618.310765099694 -15977.8184289865 -16306.292267893947 -16603.873407763323 -16870.568356317599 -17106.302730229389 -17310.960168892692 -17484.409155576217 -17626.52073194609 -17737.17976874419 -17816.291879896955 -17863.787492930969 -17879.624122062585 -17863.787492594587 -17816.291880196011 -17737.179768923754 -17626.520729574971 -17484.409153598117 -17310.960168249112 -17106.302729241885 -16870.568353227427 -16603.87340170909 -16306.292261735443 -15977.818425322699 -15618.310761254696 -15227.423950569528 -14804.526007686354 -14348.6121508671 -13858.229250208507 -13331.414297433244 -12765.606243854563 -12157.546480019133 -11503.311505985981 -10798.373727910453 -10037.786558192505 -9216.9616518435923 -8332.6022907409242 -7384.4644903655044 -6379.0807652106123 -5335.9575427231875 -4297.872671529256 -3346.8725859295009 -2906.4526804842426 -1062.5865873065472 -1572.533283851559 -2557.1907118391969 -3495.5114052028225 -4418.2327159432389 -5331.7724088887735 -6233.6584943354683 -7119.0961423726367 -7983.6789283107601 -8824.50940805348 -9639.0861541932481 -10424.857522095044 -11180.023801821901 -11902.945823300477 -12591.957299187274 -13245.568562363263 -13862.314249263076 -14440.683007201844 -14979.23104715324 -15476.706655071535 -15932.118746894572 -16344.749144531248 -16714.127522028539 -17039.987595282189 -17322.217648752612 -17560.813123071857 -17755.835139360126 -17907.37640431675 -18015.534592499618 -18080.392702999703 -18102.005686715991 -18080.392701788682 -18015.534590655956 -17907.376402937927 -17755.835136029593 -17560.813118784983 -17322.217646989317 -17039.987595564999 -16714.127520623417 -16344.749140994489 -15932.118741659404 -15476.706649628475 -14979.23104141255 -14440.682999290008 -13862.314242337805 -13245.568557694984 -12591.957295276221 -11902.945819622384 -11180.023798874518 -10424.857518842256 -9639.0861500691753 -8824.5094041536795 -7983.6789237144039 -7119.096136717937 -6233.6584885483599 -5331.772403784149 -4418.2327131219827 -3495.5114056956227 -2557.1907136837613 -1572.5332865811029 -1062.5865914725307 165.3324428822458 -262.10199575576996 -1110.5526436321811 -1946.3715126898965 -2775.4441147869175 -3608.6911732917297 -4454.5681998435248 -5317.0334033234358 -6194.8293644835639 -7082.0157255324202 -7973.5874852675124 -8865.0597066734808 -9748.5261227008359 -10615.91616220114 -11459.848157868915 -12272.563351540803 -13046.646750453581 -13775.984514307976 -14456.045277709645 -15083.751872119108 -15657.201981688517 -16175.371412127141 -16637.853915092528 -17044.652286881519 -17396.018743774774 -17692.336775569518 -17934.035730629064 -18121.530292112198 -18255.178507486627 -18335.25357898527 -18361.925977330975 -18335.253576670588 -18255.178505587763 -18121.530291243012 -17934.03572878104 -17692.33677208767 -17396.018740713029 -17044.652285091724 -16637.853913626088 -16175.371411077924 -15657.201979941165 -15083.751869328453 -14456.045274801165 -13775.984510375198 -13046.646746112465 -12272.563348079006 -11459.848155741051 -10615.916162155907 -9748.5261235809467 -8865.0597079274012 -7973.5874859035839 -7082.0157255663144 -6194.8293655536299 -5317.033404024879 -4454.5681979523806 -3608.6911700577261 -2775.4441133052137 -1946.3715124855207 -1110.5526429697602 -262.10199385273245 165.33244548370996 728.23309334909527 449.3924384169851 -111.45763386979027 -687.17582477236874 -1292.0922882081527 -1938.2201053788372 -2638.7259551196803 -3407.7240668016607 -4258.0653696031786 -5194.3046812469383 -6196.352191814015 -7236.8729546636205 -8300.8533863712382 -9368.6759872742041 -10415.094462110663 -11419.493877061239 -12368.481101846099 -13254.243799692558 -14072.682592195541 -14822.02559482437 -15501.902755794412 -16112.750176470818 -16655.432766460613 -17131.00702248215 -17540.572598803032 -17885.179859086391 -18165.772629572901 -18383.153036128977 -18537.960169831858 -18630.657409137675 -18661.525202301127 -18630.657407803796 -18537.960170229253 -18383.153037371441 -18165.772630177453 -17885.179858016294 -17540.572597114464 -17131.007020852987 -16655.432765261034 -16112.750176105266 -15501.902755879602 -14822.025594665622 -14072.682591487783 -13254.243797716948 -12368.481097937865 -11419.49387355981 -10415.09445942908 -9368.6759858015885 -8300.8533862701715 -7236.8729554040438 -6196.3521926319609 -5194.3046813086867 -4258.0653699317636 -3407.724066233674 -2638.7259523556581 -1938.22010148752 -1292.0922832692274 -687.17581942943775 -111.45762898164919 449.39244438535735 728.23310041627951 567.3448311964371 488.0674143615696 305.67170313842041 77.544090929783536 -196.881974765086 -525.34959336233419 -921.52235717302176 -1406.9828117233615 -2015.6590737503734 -2803.0025449823502 -3852.2559579524573 -5151.39364988337 -6559.0888355792003 -7955.56434124714 -9286.5502295458464 -10531.27812135708 -11682.791638083892 -12740.095353892202 -13704.787961838349 -14579.520092935731 -15367.261010149952 -16070.94582234536 -16693.308620679541 -17236.808228495938 -17703.600082940859 -18095.530539011343 -18414.141349647965 -18660.677970028675 -18836.098417378049 -18941.081046119434 -18976.03043749608 -18941.081045403182 -18836.098418263326 -18660.677970760764 -18414.14134944314 -18095.530536418762 -17703.600079867403 -17236.808226679688 -16693.308619875621 -16070.945822346765 -15367.261010208429 -14579.520092639423 -13704.787961619968 -12740.095353182751 -11682.791635399291 -10531.278118980123 -9286.5502269068711 -7955.5643382265598 -6559.0888333481162 -5151.3936476510198 -3852.2559554472859 -2803.002542678496 -2015.6590726187367 -1406.98280950158 -921.52235307285173 -525.34958984206492 -196.88197073130078 77.544095407404768 305.671706089564 488.06741707030989 567.3448340607647 323.9843918304195 339.33934013633279 342.5196921145199 295.09477822022359 201.87144187207167 60.01159410184583 -140.8788238538034 -421.70808552921142 -823.44240609314897 -1437.4263396667 -2463.4763033033164 -3928.4132760300499 -5568.0508837080324 -7170.1220544227599 -8666.1047876749544 -10043.900919461415 -11305.071675207764 -12454.474908561142 -13497.554113342956 -14439.534916183262 -15285.175125035414 -16038.699795064376 -16703.803895960282 -17283.67957831829 -17781.050610225229 -18198.206530091076 -18537.033360953923 -18799.039655608343 -18985.377520668066 -19096.858667110027 -19133.965673799106 -19096.858666622651 -18985.377521173185 -18799.039655383782 -18537.033360334699 -18198.206526983035 -17781.050605825469 -17283.679575321999 -16703.803894834942 -16038.699795744997 -15285.175125919679 -14439.534916097573 -13497.55411344198 -12454.474909138478 -11305.071674022685 -10043.900917733863 -8666.1047849722672 -7170.1220514659635 -5568.050881916598 -3928.4132750048402 -2463.4763018347194 -1437.4263377605962 -823.44240657992475 -421.70808537554115 -140.87882049522236 60.011596704793106 201.87144373612708 295.0947805152806 342.51969216914972 339.33933827973806 323.98438929704861
        </DataArray>
        <DataArray type="Float64" Name="tau_xy" format="ascii">
          -4802.088025947749 -3671.7352542850203 -1824.7671966632272 -643.07130306482077 127.17202674175135 632.04078077812574 959.84036004138488 1166.2701029905013 1287.7724098739704 1348.9594738906289 1366.9058011231236 1353.7190467793914 1318.1483980731098 1266.6115293489866 1203.8637209655803 1133.4527024801973 1058.0364894825732 979.60332010994523 899.62868015803883 819.19206530821339 739.06433269525076 659.77327972627131 581.65353872215042 504.88534819451502 429.52531309417941 355.53128927915236 282.78288674701628 211.09869042797942 140.25103628135454 69.978973345838071 -2.0685983557200416e-06 -69.978975457578883 -140.25103600100883 -211.09868574860747 -282.78287707740895 -355.53128102808796 -429.52530719232755 -504.88534132923814 -581.6535305719849 -659.77327520645008 -739.06433237381543 -819.19206492239073 -899.62868005822588 -979.60332036371028 -1058.0364898682633 -1133.4527045264358 -1203.8637245579087 -1266.6115332880652 -1318.1484033112993 -1353.7190522897663 -1366.9058067635242 -1348.9594807620053 -1287.7724187797053 -1166.2701139730511 -959.84037091271261 -632.04079013305341 -127.17203446461448 643.07129598154631 1824.7671932007875 3671.7352549598863 4802.0880273222483 -4478.4369150894363 -3855.0894786993886 -2746.012592884018 -1882.6474215713167 -1211.6250752962778 -690.69588431734178 -287.40887475875434 23.028213726765784 259.64989736735021 437.19557671627405 567.20300387298107 658.80425972769149 719.28820168312109 754.51943175309395 769.25315929450119 767.36685396036955 752.03208956683557 725.84971733815041 690.9568239967133 649.10969682506072 601.74916189937562 550.05332837382502 494.98103619521419 437.30818750423612 377.6584708900013 316.52967067099769 254.31655524214335 191.33119998574563 127.82141626791807 63.98781813041505 -3.8445717720492212e-08 -63.987817683210899 -127.82141499927933 -191.33119539594657 -254.31654644232418 -316.52966362197537 -377.65846672343406 -437.30818201824894 -494.98102918478151 -550.05332468755387 -601.74916108095056 -649.1096944680254 -690.95682154931865 -725.84971563078375 -752.03208851027046 -767.36685499702196 -769.25316214166935 -754.519434814899 -719.28820443499615 -658.80426099691488 -567.20300401153554 -437.19557736362856 -259.64989950207814 -23.028218104707776 287.40886915696791 690.69587844612988 1211.6250689949147 1882.6474146689236 2746.0125876658694 3855.0894747317889 4478.4369103948966 -2975.9775333599196 -2974.371745680332 -2871.7069728421675 -2620.4533879509718 -2300.724225354722 -1959.5018417225372 -1623.5893667831615 -1307.7115525172267 -1019.3997188475632 -761.89189560536124 -535.92635294816387 -340.81541695780129 -175.03761454715431 -36.626490473525493 76.575398828615278 166.77214149940249 236.14588417781124 286.81097191377705 320.77927901350739 339.94294757896904 346.06985432343623 340.80560448365344 325.67827679364206 302.10441556317659 271.39601111350584 234.76868634711713 193.35135098296513 148.19748768536704 100.29801969130367 50.595593322361928 7.8053525420784808e-07 -50.595592698807522 -100.29801966374531 -148.19748632398625 -193.3513474396986 -234.7686838894096 -271.39601108736292 -302.10441468503535 -325.67827466232904 -340.80560357849174 -346.06985439759455 -339.94294600788021 -320.77927621039532 -286.81096866566259 -236.14588203980031 -166.77214096663999 -76.575397989313075 36.626492406895231 175.03761763701942 340.81542234521515 535.92636089398275 761.89190405174577 1019.3997261800134 1307.7115579695144 1623.5893701120367 1959.5018428947392 2300.7242244900976 2620.4533857739762 2871.7069701893861 2974.371741005406 2975.9775268058406 -1324.751839000731 -1394.6456036470902 -1507.1846663631984 -1557.4468496571458 -1540.8873287004558 -1467.6439097113091 -1351.9682097378775 -1207.7706735715283 -1047.0649321884919 -879.67020549376446 -713.15626360623253 -553.12047538774516 -403.68825950932938 -267.76483776481507 -147.2121753860815 -43.025557489498382 44.448629410455794 115.3454349406216 170.18496490242171 209.79573287433854 235.24036569295291 247.74463003560385 248.63453934101059 239.28488804465866 221.08039119395235 195.38895205005446 163.54566667977164 126.84579369010339 86.544847915665258 43.86411178354259 -1.1773883858978706e-06 -43.864114078452594 -86.544850647132193 -126.84579689006979 -163.54566871732655 -195.38895311273447 -221.08039354865721 -239.28489115619226 -248.63454112503115 -247.74463072066138 -235.24036646304083 -209.7957342110391 -170.18496450651071 -115.34543183274313 -44.448627709407759 43.025557863793878 147.21217817789321 267.76484237449824 403.68826331489629 553.12047993542228 713.15626962917895 879.67021114492809 1047.0649368588017 1207.7706775241445 1351.9682130216374 1467.6439124558267 1540.8873313666022 1557.4468514303819 1507.1846674372648 1394.6456038627214 1324.7518384597472 -423.2431621584027 -480.47218358304758 -581.49194559330942 -652.99252088739604 -690.17169427368549 -690.9804972917882 -657.56458421074501 -595.0824817541162 -510.10328632765578 -409.46593689226182 -300.28585759581125 -189.23455087031545 -81.597564782376196 18.538848090890944 108.1154167449649 184.88574972930087 247.42844823054008 295.19495785116442 328.37986826062269 347.71939306218582 354.29698602434365 349.38730087716647 334.34354874355091 310.52272196958444 279.24036021711652 241.74691425773182 199.2192612841967 152.76249510092725 103.41847947890406 52.178736162111477 -2.5229150981687098e-06 -52.178740455257135 -103.4184838197863 -152.76250048280062 -199.21926450295456 -241.74691458825936 -279.24036257743018 -310.52272656594039 -334.34355106098212 -349.38730140330267 -354.29698630436866 -347.7193939721127 -328.37986840874203 -295.19495624586227 -247.428448144615 -184.88575112712454 -108.11541684738495 -18.538847395609459 81.597564187522693 189.23455020118641 300.28585704097816 409.46593519690072 510.10328399393745 595.08247954876765 657.56458297986944 690.98049732872119 690.17169433738115 652.99251952663496 581.49194384233897 480.47218271840512 423.2431615843625 207.67463829940374 107.78146779067816 -52.907295175243625 -142.09963802917596 -172.20198288737708 -153.90573833739006 -97.17849384832077 -12.373160612788013 89.562299447233244 198.31872116026977 307.09990014179095 410.34396487142152 501.90441282114546 577.18163058604068 633.08885569275742 668.63088442850551 684.88451285556948 684.05207540769868 668.71990011217849 641.42827469852227 604.46395579061414 559.78551431134815 509.0200795606554 453.49427518786109 394.27838572491964 332.23271257532082 268.05088815942986 202.29814059957823 135.44421842773906 67.891596422085456 -2.289506896957505e-06 -67.891600629055276 -135.44422228545545 -202.29814493218868 -268.05088976220759 -332.23271170750206 -394.27838804067147 -453.49428015894676 -509.02008355630261 -559.7855173818034 -604.46395835301439 -641.42827670032125 -668.71990211579919 -684.0520774261247 -684.8845158230115 -668.63088812335729 -633.08885943273833 -577.18163462655514 -501.90441741875736 -410.34396982905633 -307.09990406532154 -198.31872421382684 -89.562303105875671 12.373157010329166 97.178491687290773 153.90573627340021 172.20197879156623 142.09963273843633 52.907290333642422 -107.78147131338228 -207.67464099321822 363.52133586408149 251.7854090110778 76.84377291219181 -7.5954778997768555 -13.667099021845203 47.825545010289446 166.21262862713297 329.49549332103788 522.14756902489103 722.21861147407935 900.53327273170021 1039.4682831570924 1134.9807995057956 1184.1611861699475 1191.3166087158206 1166.1382073575851 1117.9947181002206 1054.416542086868 980.99516552571595 901.68922175672708 819.19850713869471 735.29704121816235 651.09864157428171 567.25732204069527 484.11348805025239 401.79800607363109 320.30477902421211 239.54038700981752 159.35738794026523 79.576289225651962 -9.3558259806059141e-08 -79.576289391120753 -159.35738766272044 -239.54038578730874 -320.30477585323717 -401.79800258846115 -484.11348697489279 -567.25732269494745 -651.09864291149779 -735.29704283180286 -819.19850876908083 -901.6892235845155 -980.99516776587848 -1054.416544643705 -1117.9947208619612 -1166.1382106205635 -1191.3166129246213 -1184.1611911869254 -1134.9808049288411 -1039.4682881866329 -900.53327588928153 -722.21861364700817 -522.14757190487501 -329.49549578177243 -166.21263061933905 -47.825548390589503 13.667094860649243 7.5954743665319411 -76.843776023477261 -251.78541206627892 -363.52133896194454 193.34323004537836 96.59722864968866 -62.977479580206477 -155.97241692453628 -184.51045154646891 -149.73271222513341 -51.594212382673973 110.85703665836525 338.25776770318606 626.9466341779596 953.87879679510718 1227.3321743403994 1370.4141713513523 1407.639377322168 1384.6774635269239 1327.6650268282656 1251.7076963845707 1165.6432933256146 1074.6307050351054 981.63708828448966 888.31705505305376 795.54064684750233 703.71301712501509 612.96851504531867 523.28818839670726 434.57025410943629 346.67156102918807 259.43112939867899 172.68264622186683 86.260203728224027 2.2598950462082712e-06 -86.260198954003783 -172.68264014771864 -259.43112180958042 -346.67155335828647 -434.57024733556875 -523.28818244171362 -612.96851022407964 -703.71301331238533 -795.54064351087789 -888.3170524321722 -981.63708644311998 -1074.6307037957886 -1165.6432922865786 -1251.7076953654278 -1327.6650272744375 -1384.6774647359612 -1407.6393783739031 -1370.4141728114287 -1227.3321760959932 -953.87879855095821 -626.94663658058334 -338.25777125084528 -110.8570400662056 51.594209370376035 149.73270939545779 184.51045082582567 155.97241818209531 62.977480493402666 -96.597228639303125 -193.34323066494045 69.144973765460279 -12.860477022600243 -160.68658029553535 -271.17857582323927 -336.49566630240645 -350.68368195240265 -306.25729676309095 -192.19018868826149 7.7485270852409798 314.90042127793618 734.50294890871942 1114.1641696661914 1300.9974142669387 1344.392586869363 1323.7360367118204 1272.2295158025104 1204.971265935146 1129.3327782106062 1049.0474823351071 966.0463952608452 881.34604920379297 795.49506625232289 708.80287149869082 621.45746422272146 533.58584055523215 445.28467617550621 356.63567289130174 267.71309732800955 178.58744716407801 89.327249362445485 3.2495826545186901e-06 -89.327242141495432 -178.5874378656583 -267.71308711877214 -356.63566389109974 -445.28466839521298 -533.58583303725345 -621.45745789385069 -708.80286651539848 -795.49506176814839 -881.34604534245238 -966.04639159360408 -1049.0474791065767 -1129.3327748782901 -1204.9712628552188 -1272.2295151069538 -1323.7360361844039 -1344.3925852423738 -1300.997413180675 -1114.1641704028555 -734.50295132510735 -314.90042446749271 -7.7485317584412314 192.19018322715243 306.25729244012257 350.68367960894051 336.49566704617575 271.17857872384235 160.68658264307555 12.860479008699699 -69.144971785795093
        </DataArray>
        <DataArray type="Float64" Name="von_mises_stress" format="ascii">
          21975.172442951003 20833.076380674254 19154.046421893399 18094.743206003161 17359.089382913866 16813.486850603735 16393.075274069131 16063.638622737448 15805.407982876613 15605.807442174946 15456.010076883404 15349.209079895527 15279.736149454344 15242.594817032876 15233.205512892086 15247.274616714038 15280.736989868685 15329.73284936118 15390.603644779167 15459.899837494042 15534.393925339702 15611.094651308444 15687.260427135441 15760.411195992945 15828.338495085392 15889.113756433462 15941.09501175842 15982.932202625834 16013.571291324492 16032.257307498712 16038.536446373766 16032.257304496297 16013.571286665538 15982.932197341444 15941.095008600654 15889.113757172549 15828.338497464543 15760.411197945084 15687.260428819056 15611.094653965607 15534.393926860803 15459.899836106237 15390.603643114406 15329.732848117128 15280.736988898452 15247.274616608633 15233.205512066465 15242.594813281887 15279.736143123677 15349.209070099891 15456.010065422339 15605.807431705758 15805.407975325163 16063.638619146945 16393.075271678263 16813.486848705601 17359.089383138577 18094.743210769455 19154.046427853165 20833.076389680882 21975.172455949116 14582.378741920102 14511.432029375552 14535.437681204727 14594.816131685779 14662.195820767942 14729.261436353354 14794.835897383797 14860.236822801822 14927.423182562145 14998.235458769741 15074.105834917209 15155.976546717264 15244.286501865512 15338.996311374356 15439.640285447438 15545.390433165616 15655.115903645219 15767.442621786688 15880.815789576465 15993.560547162637 16103.938025225476 16210.196289189176 16310.61641684829 16403.553901126004 16487.475341161422 16560.990346988165 16622.87865330515 16672.112539729689 16707.874726029338 16729.571962094375 16736.844547940833 16729.57196240166 16707.874725806007 16672.112538414174 16622.878650611721 16560.990344915481 16487.475340672972 16403.553900883926 16310.616416509358 16210.19629091449 16103.938027702759 15993.560546831595 15880.815787947819 15767.442619890782 15655.115901233528 15545.390431997934 15439.64028599081 15338.996311882083 15244.286501940482 15155.976545428468 15074.105832757432 14998.235456806146 14927.423181406484 14860.236824098018 14794.835899214584 14729.261436202789 14662.195819340446 14594.816131016714 14535.437678524469 14511.43202558041 14582.378738847097 6517.3240251106463 7146.7756142287917 8405.6665070482104 9477.1885652223918 10399.177009972276 11200.496308792648 11903.402697857309 12525.39320305275 13080.416386711866 13579.715590851642 14032.38244214555 14445.708984737035 14825.498271953838 15176.337032545925 15501.793775560964 15804.552615733295 16086.560103483034 16349.165408220457 16593.229357189 16819.214064400716 17027.263682603396 17217.279286620862 17388.987212688855 17541.999600125848 17675.866449170422 17790.119261657561 17884.306816600423 17958.023830793762 18010.933259644084 18042.782930252051 18053.417045538055 18042.782931288315 18010.933261182607 17958.023832496932 17884.306816148699 17790.119258180559 17675.866444629108 17541.99959533097 17388.98720785058 17217.279285151115 17027.263685693422 16819.214067379758 16593.229359174115 16349.165411090631 16086.560108484056 15804.552622429432 15501.793782961362 15176.337040454118 14825.498279992626 14445.708991153138 14032.382446252024 13579.715593893099 13080.41638949869 12525.393205822253 11903.402700242303 11200.49630689729 10399.177002790688 9477.1885562482457 8405.6664949981969 7146.7755982736135 6517.3240071480386 3493.6662526396713 3939.1282660474208 4913.6813583731018 5960.4936263491418 7004.3101707387668 8009.7002468500641 8961.8707943164973 9856.509014758034 10694.363592337702 11478.221043848083 12211.457107723883 12897.483204867558 13539.402298434108 14139.774101354151 14700.5657943893 15223.338990548467 15709.34618554247 16159.537866696137 16574.601496513129 16955.031168122954 17301.198255018007 17613.405301765219 17891.919284629537 18136.987699300273 18348.843060493793 18527.700872854391 18673.754759171399 18787.171023307914 18868.083834963501 18916.591521080616 18932.754035959555 18916.591520355087 18868.083834200137 18787.171022776198 18673.754759267344 18527.700872803824 18348.843059992076 18136.987696888311 17891.919279886257 17613.405297599449 17301.198253621191 16955.031169284885 16574.60149833887 16159.537869008531 15709.346191360359 15223.338998553741 14700.565799950249 14139.774104346834 13539.402300572188 12897.483204246788 12211.457103544599 11478.221037381596 10694.36358497338 9856.5090068763584 8961.8707875571672 8009.7002408295575 7004.3101633035976 5960.4936195439113 4913.6813524109912 3939.1282602715719 3493.6662470480915 1258.0843327572347 1767.545020339777 2793.6349416185553 3783.9716575648563 4756.6324274218223 5717.6483697725471 6667.0914917014416 7602.7303237947372 8521.6152834634413 9421.0165513511256 10297.994427782272 11148.920749248415 11969.835734068769 12756.921040689844 13506.995562322267 14217.19114409531 14884.762668358075 15507.322008408362 16083.068111707877 16610.86820129976 17090.211912271097 17521.0964070835 17903.889341943461 18239.197556955845 18527.75452394897 18770.330389797477 18967.663623565611 19120.411169970888 19229.113466464132 19294.170933802867 19315.829181398527 19294.170932881651 19229.113464555474 19120.411166955764 18967.663620342053 18770.330387735725 18527.754524297718 18239.197558477132 17903.889342087201 17521.0964052292 17090.211908992864 16610.868198242941 16083.068108784633 15507.322004535188 14884.762665341133 14217.191143404134 13506.995561308593 12756.921038364697 11969.835732405218 11148.92074641531 10297.994422797616 9421.0165454225444 8521.6152776817526 7602.7303185020819 6667.0914871724353 5717.6483684731065 4756.6324287912239 3783.9716595672376 2793.6349441169536 1767.5450232309063 1258.0843356763367 408.85365759067207 443.61701190516322 1215.5971709447767 2057.8262747804861 2897.3460367811986 3747.656552412484 4622.6380667421981 5529.4827480636632 6467.2844751977018 7427.6964693012405 8400.6508423622854 9375.9389902796447 10342.259510317372 11288.674349939974 12203.406382301775 13075.16521897746 13895.238266292488 14657.927639259768 15360.103889495394 16000.531543770867 16579.248018754715 17097.07636362913 17555.271689156587 17955.276372019587 18298.556227803223 18586.494020160055 18820.322222408107 19001.081910312558 19129.598569050126 19206.468510559233 19232.05171939193 19206.468510310049 19129.598567750971 19001.081908831493 18820.322221312534 18586.494019181588 18298.556227820005 17955.276373702673 17555.271691140599 17097.076364580509 16579.248018501807 16000.531542329272 15360.103887012443 14657.927636249578 13895.23826377218 13075.165217339989 12203.406381686464 11288.67435017169 10342.259512476403 9375.9389936634216 8400.6508449283665 7427.696472693945 6467.2844806902167 5529.4827537113424 4622.6380702171327 3747.6565550452151 2897.3460411657493 2057.8262794587322 1215.5971747963154 443.61701749354461 408.85366337470481 903.76285105431623 592.61702884754118 168.52850540146468 638.01643742105 1217.3959921685444 1854.8361317578879 2574.0920680497834 3393.7523184355064 4323.2797690472553 5356.9965258660513 6461.1518623336842 7598.3905895872485 8741.7057423664501 9858.3616265133223 10921.797408924547 11918.163619757739 12841.73048585998 13691.115275157357 14467.0900214873 15171.406546383574 15806.182928176946 16373.587941907073 16875.68223135627 17314.341708711487 17691.223828839506 18007.755802148633 18265.13355485411 18464.325434178179 18606.077448118409 18690.91835150362 18719.163689573135 18690.918352936304 18606.077450085384 18464.325437194544 18265.133558580048 18007.755805343018 17691.223831768479 17314.341711847883 16875.682234158277 16373.587943982082 15806.182929717597 15171.406547374932 14467.090021528171 13691.115274618491 12841.730485741729 11918.163619758723 10921.797409180281 9858.3616271644969 8741.7057443818667 7598.3905936369229 6461.1518660659067 5356.9965295974052 4323.2797738027029 3393.7523216072273 2574.0920686738809 1854.8361307369262 1217.3959896201295 638.01643455078101 168.52850794141494 592.61703583404221 903.76285880405658 642.12748334214007 532.31873267749154 411.47879467501315 357.85032135306938 372.05618548664131 535.24311298090424 877.68351422339265 1391.7626684718296 2089.9722186557096 3008.1318282692982 4193.1962419700949 5549.9577173922789 6894.648493904936 8156.8609667266182 9331.9220969391754 10421.56711536904 11428.253134404413 12354.396992601583 13202.292593180386 13974.105299657715 14671.86248399121 15297.439808689993 15852.548768001556 16338.727760709744 16757.336680147717 17109.554171589203 17396.37662988103 17618.618186385509 17776.91116521111 17871.706676232447 17903.275146417738 17871.706677249604 17776.911167723498 17618.618189952333 17396.37663329245 17109.554174037163 16757.336682221434 16338.727763450172 15852.548771256039 15297.439811611772 14671.862486000984 13974.105300890618 13202.292594123192 12354.396993090308 11428.253134255341 10421.567115387637 9331.9220961882293 8156.8609648560987 6894.6484921958809 5549.957716061107 4193.1962397245607 3008.13182610073 2089.9722176800169 1391.7626660291498 877.68350944861561 535.24310754499948 372.05618356972894 357.85032537464025 411.47879704110761 532.31873412108155 642.12748517067757 368.82016187682262 388.67859468174225 498.94485845630635 581.29000008733419 616.77094777949492 613.56597694719642 606.17354942596626 691.25257801563532 1015.5897433001094 1695.3551658410013 2863.2476232897238 4352.2449985034536 5813.6762904366569 7158.9945708692239 8406.1691874079188 9562.9378562274178 10632.741386322024 11617.769776782059 12519.969915921905 13341.297983268285 14083.72293276631 14749.168764936812 15339.456782083003 15856.262852987062 16301.089739451596 16675.250809533205 16979.861370757186 17215.834693986901 17383.880689137932 17484.505887755018 17518.013904839187 17484.50588809406 17383.880690623224 17215.834696264072 16979.861373222466 16675.250811131667 16301.089739903759 15856.262854025499 15339.456784727203 14749.168768440077 14083.722935783604 13341.29798487888 12519.969916960739 11617.769777665018 10632.741386292812 9562.9378558639401 8406.1691853350112 7158.9945674677629 5813.676287764787 4352.2449968251685 2863.2476205034191 1695.3551615093279 1015.5897381562212 691.25256918993261 606.17354057017042 613.56597270539874 616.77095031206989 581.29000676754208 498.94486152699977 388.67859369858934 368.82015882564269
        </DataArray>
        <DataArray type="Float64" Name="strain_2d" NumberOfComponents="3" format="ascii">
          0.025315088869388127 -0.092543648692481439 -0.062427144337320724 0.025593276509721999 -0.090334189662482356 -0.047732558305705254 0.025459092908133956 -0.086096188158341247 -0.023721973556621947 0.0244129549900996 -0.082313282997139442 -0.0083599269398426691 0.023126225626432854 -0.079089085302344736 0.0016532363476427672 0.021885918725192931 -0.076414645354995828 0.0082165301501156331 0.020808359460715888 -0.074242276618688291 0.012477924680538002 0.019931986366196149 -0.072514017039025727 0.015161511338876514 0.019259418430273685 -0.07117242655440667 0.016741041328361614 0.018777187719432115 -0.07016442595061595 0.017536473160578173 0.018465220213489935 -0.069442283767415597 0.017769775414600605 0.018301393590809251 -0.068963458670844663 0.017598347608132087 0.018263708074990156 -0.068690135788540177 0.017135929174950423 0.018331329284343195 -0.068588677444938143 0.016465949881536823 0.01848497647729145 -0.068629065248388882 0.01565022837255254 0.018707003380514942 -0.06878441557448256 0.014734885132242562 0.018981405892603588 -0.069030598524643536 0.013754474363273449 0.019293735278122302 -0.069345914154916019 0.012734843161429286 0.019630969915400354 -0.069710821188149294 0.011695172842054503 0.019981401684156404 -0.070107722950236595 0.010649496849006772 0.020334538829543364 -0.070520800247212689 0.0096078363250382583 0.020681020905793476 -0.070935880592756295 0.0085770526364415262 0.021012545024440207 -0.07134033611985427 0.007561496003387954 0.021321804271838524 -0.071723004817653174 0.0065635095265286943 0.021602438242073869 -0.072074130782320583 0.0055838290702243318 0.021848994237939401 -0.072385319822499461 0.0046219067606289794 0.022056897707572628 -0.07264950731565506 0.0036761775277112108 0.022222430505253403 -0.072860935639329577 0.002744282975563732 0.02234271505883189 -0.073015138903162441 0.0018232634716576089 0.022415703141630564 -0.073108933018433436 0.00090972665349589479 0.022440168594077402 -0.073140409645667592 -2.6891778625963425e-11 0.022415703124606005 -0.073108933003973933 -0.00090972668094852535 0.022342715014091324 -0.073015138880004715 -0.0018232634680131145 0.02222243045569116 -0.072860935613868 -0.0027442829147318968 0.022056897658566461 -0.072649507301174254 -0.0036761774020063155 0.021848994238108085 -0.072385319828309327 -0.0046219066533651435 0.021602438286838048 -0.072074130797727967 -0.0055838289935002568 0.021321804286783853 -0.071723004830264683 -0.0065635094372800944 0.021012545010221331 -0.071340336130560567 -0.0075614958974358016 0.020681020911473558 -0.07093588060760514 -0.0085770525776838503 0.02033453884296129 -0.070520800255170754 -0.0096078363208595974 0.019981401676224673 -0.070107722943712883 -0.010649496843991078 0.019630969896839823 -0.069710821179338509 -0.011695172840756935 0.019293735250759905 -0.069345914146911602 -0.012734843164728232 0.018981405856166839 -0.069030598516860595 -0.013754474368287421 0.01870700337799408 -0.068784415571745888 -0.014734885158843665 0.018484976506320996 -0.068629065243505177 -0.015650228419252808 0.018331329287775748 -0.068588677424048158 -0.016465949932744844 0.018263708061003442 -0.068690135752764489 -0.017135929243046889 0.018301393578856545 -0.068963458619243925 -0.017598347679766958 0.018465220206914306 -0.069442283708674141 -0.017769775487925812 0.018777187702559164 -0.070164425894105792 -0.017536473249906065 0.019259418402488428 -0.071172426508309572 -0.016741041444136164 0.01993198638062121 -0.072514017013445009 -0.015161511481649664 0.020808359499334735 -0.074242276602489068 -0.012477924821865263 0.021885918762764335 -0.076414645344508897 -0.0082165302717296922 0.023126225667197922 -0.079089085305268411 -0.0016532364480399879 0.024412955052715114 -0.082313283025723244 0.0083599268477601019 0.025459092984131463 -0.086096188194582063 0.023721973511610234 0.025593276574005862 -0.090334189707814566 0.047732558314478507 0.02531508893668373 -0.092543648756336361 0.062427144355189215 0.01418943771025314 -0.056066816609657691 -0.058219679896162661 0.016108747788542665 -0.058625320148689208 -0.050116163223092043 0.019182111559312445 -0.062634987371422604 -0.035698163707492223 0.021018879471698924 -0.064919362630708688 -0.024474416480427114 0.022099081704508319 -0.066238441949427421 -0.015751125978851609 0.022725681527976556 -0.067017797551045283 -0.0089790464961254403 0.02308888815510457 -0.067503498324456318 -0.003736315371863805 0.0233081195560709 -0.067841079779992139 0.00029936677844795553 0.023458199150567894 -0.068117578123557676 0.0033754486657755533 0.023585556612807212 -0.068384737533814674 0.0056835424973115606 0.023718244150335382 -0.068672367603744622 0.0073736390503487542 0.023872273065781928 -0.068996332168701588 0.0085644553764599885 0.024055718220451626 -0.069363400692021612 0.0093507466218805714 0.024271277550050915 -0.069774303614890038 0.0098087526127902201 0.024518032805483155 -0.070225749339687088 0.010000291070828513 0.024792711539583831 -0.070711798959378791 0.0099757691014848004 0.02509046282573571 -0.071224788996510219 0.0097764171643688613 0.025405418524570057 -0.071755979812605647 0.0094360463253959533 0.025731140437383497 -0.072296043238221086 0.0089824387119572715 0.026060947021904951 -0.072835433877568079 0.008438426058725787 0.026388149977019798 -0.073364672180899537 0.0078227391046918823 0.026706232054200533 -0.073874563503603774 0.0071506932688597249 0.027008986327404675 -0.074356372048993813 0.0064347534705377837 0.027290628314756381 -0.074801962459756108 0.005685006437555068 0.027545886349599161 -0.07520391666761253 0.0049095601215700165 0.027770073589513458 -0.07555563052229898 0.0041148857187229696 0.027959144557620046 -0.075851393049261862 0.0033061152181478632 0.028109738586423419 -0.076086450344264187 0.0024873055998146927 0.028219212090646664 -0.076257055636576976 0.0016616784114829345 0.028285661618647064 -0.07636050679364903 0.00083184163569539546 0.028307939315844965 -0.07639517234859193 -4.9979433840250526e-13 0.028285661599325301 -0.076360506795510319 -0.00083184162988174165 0.02821921204411125 -0.076257055636683738 -0.0016616783949906311 0.028109738550084397 -0.076086450339694647 -0.0024873055401473049 0.027959144522932439 -0.075851393039418347 -0.0033061151037502138 0.027770073567519944 -0.075555630515035388 -0.0041148856270856789 0.027545886345532431 -0.075203916666752968 -0.0049095600674046421 0.027290628306651042 -0.074801962460785382 -0.0056850063662372352 0.027008986315297509 -0.074356372050533817 -0.0064347533794021586 0.026706232079443438 -0.07387456351295657 -0.0071506932209381997 0.026388150034445692 -0.073364672192145014 -0.0078227390940523549 0.026060947041275175 -0.072835433877222897 -0.0084384260280843289 0.025731140429481061 -0.072296043232257121 -0.0089824386801411402 0.0254054185182606 -0.07175597980501347 -0.0094360463032001872 0.025090462824134463 -0.071224788986156889 -0.0097764171506335134 0.024792711566344806 -0.070711798953348975 -0.0099757691149612842 0.024518032861347509 -0.070225749340367793 -0.010000291107841701 0.024271277599101197 -0.069774303615341246 -0.0098087526525936861 0.024055718262797683 -0.069363400690802379 -0.0093507466576549497 0.02387227311042734 -0.068996332162329574 -0.0085644553929598924 0.023718244197178731 -0.068672367594133477 -0.007373639052149961 0.023585556646924934 -0.068384737524854036 -0.0056835425057271682 0.023458199174210187 -0.06811757811797392 -0.0033754486935270132 0.023308119602027465 -0.06784107978620578 -0.00029936683536120178 0.023088888211811341 -0.06750349833487472 0.0037363152990405818 0.0227256815644842 -0.0670177975546319 0.0089790464197996873 0.02209908172425552 -0.066238441950440763 0.01575112589693389 0.021018879511492731 -0.064919362641225928 0.024474416390696002 0.019182111604637755 -0.06263498737503001 0.035698163639656298 0.016108747822396994 -0.058625320148389802 0.050116163171513246 0.014189437747940641 -0.05606681662025411 0.058219679835133639 0.003044160725678439 -0.017876930738611622 -0.038687707933678948 0.0055728020842806779 -0.02247757012050405 -0.038666832693844314 0.010341637301257062 -0.030930708962971225 -0.037332190646948177 0.014477339832676824 -0.037963519268877949 -0.034065894043362625 0.017942649384783037 -0.043767113373025704 -0.029909414929611376 0.020801674647139275 -0.048567380541426133 -0.025473523942392978 0.023149397535000681 -0.052569025900652266 -0.021106661768181094 0.025081640921947569 -0.055941848098504332 -0.017000250182723945 0.02668361880555474 -0.058821426804247935 -0.013252196345018319 0.028026734222379317 -0.061314209960887787 -0.0099045946428696942 0.02916894549538564 -0.063502850613397485 -0.0069670425883261305 0.030156172249980032 -0.065450805518547928 -0.0044306004204514148 0.03102388648616685 -0.067206382774639223 -0.002275488989113005 0.031799175713985155 -0.068805993399576243 -0.00047614437615583127 0.032502344652328083 -0.070276646843649523 0.00099548018477199846 0.03314795315528115 -0.071637832433851314 0.0021680378394922316 0.033746067156615871 -0.072903116209937738 0.0030698964943115456 0.034303339791260275 -0.074081479214541918 0.0037285426348791016 0.034823763993093226 -0.075178362867652559 0.0041701306271755946 0.035309275553960955 -0.076196493253849987 0.0044192583185265963 0.035760275720932988 -0.077136555847825111 0.0044989081062046712 0.036176081489364666 -0.077997759875857539 0.0044304728582874936 0.036555300467078722 -0.078778310417896985 0.0042338175983173462 0.036896132066084456 -0.079475798260573716 0.0039273574023212954 0.037196601673718507 -0.080087515969582301 0.0035281481444755756 0.037454737949542793 -0.080610709215875348 0.0030519929225125216 0.037668704330161146 -0.08104277272173771 0.002513567562778546 0.03783689447686097 -0.081381399847128999 0.001926567339909771 0.037957999910065827 -0.081624693810853549 0.0013038742559869474 0.038031056565642998 -0.081771247289340737 0.00065774271319070496 0.038055474890074041 -0.081820195625629644 1.0146958292589318e-11 0.038031056554030961 -0.081771247295938251 -0.00065774270508449774 0.037957999881000674 -0.081624693822218958 -0.0013038742556286888 0.037836894466536819 -0.081381399856900224 -0.0019265673222118211 0.037668704333302411 -0.081042772719688821 -0.0025135675167160814 0.037454737929436002 -0.080610709202311573 -0.0030519928905623243 0.037196601637418239 -0.080087515952610877 -0.0035281481441357169 0.036896132034513182 -0.079475798241946505 -0.0039273573909054593 0.036555300444140709 -0.078778310398249118 -0.0042338175706102769 0.036176081514233252 -0.077997759865693905 -0.0044304728465203924 0.035760275793793796 -0.07713655585292066 -0.0044989081071687281 0.035309275600195054 -0.076196493262471687 -0.0044192582981024417 0.034823764019101498 -0.07517836287452187 -0.0041701305907351381 0.034303339832424048 -0.074081479223695304 -0.0037285425926536133 0.033746067221667328 -0.072903116225803366 -0.0030698964665174036 0.033147953240271935 -0.071637832454860259 -0.0021680378325663195 0.032502344745285607 -0.07027664686698458 -0.00099548017386106961 0.031799175798097393 -0.068805993426428569 0.00047614440128963798 0.031023886558907338 -0.067206382803210243 0.0022754890292812518 0.030156172315677195 -0.0654508055390082 0.004430600490487796 0.029168945552095264 -0.063502850621481879 0.0069670426916217734 0.028026734265898717 -0.061314209963213663 0.0099045947526726942 0.026683618840960158 -0.058821426805123381 0.013252196440340173 0.025081640954934349 -0.055941848099861829 0.017000250253603685 0.023149397569692934 -0.052569025902005129 0.021106661811456477 0.020801674649084206 -0.048567380528797895 0.025473523957631604 0.017942649346485085 -0.04376711334213642 0.029909414918371267 0.014477339810600644 -0.037963519231889647 0.03406589401506168 0.010341637285742326 -0.030930708910175395 0.037332190612462013 0.0055728020633144327 -0.02247757005374228 0.038666832633070275 0.0030441607099725805 -0.017876930671936568 0.038687707848475916 0.002595060646920166 -0.011907564541701283 -0.017221773907009501 0.0040609192315725576 -0.014171635015370021 -0.01813039284741217 0.0070858185833633748 -0.019000306485028172 -0.019593400662721576 0.010214420453171917 -0.024196879663619227 -0.02024680904554289 0.013301393546213659 -0.029394325816687043 -0.020031535273105923 0.016247071053018956 -0.03439104144336555 -0.019079370826247014 0.01899758766835161 -0.03909148896951091 -0.017575586726592402 0.021532470734663845 -0.043462630768919631 -0.015701018756429867 0.023852248762792412 -0.047505599573450324 -0.01361184411845039 0.02596892575578311 -0.051237784911463774 -0.011435712671418937 0.027899232052762752 -0.054683399353119978 -0.0092710314268810209 0.029661194882205758 -0.057868541888332493 -0.007190566180040687 0.031272860712528189 -0.060817763504587535 -0.0052479473736212817 0.032749975189126188 -0.063552385341704334 -0.0034809428909425948 0.03410510628654468 -0.066089897065856731 -0.0019137582800190592 0.035348898490708276 -0.068444373066992498 -0.00055933224736347883 0.036490184503316592 -0.070626889973316287 0.00057783218233592524 0.037535741014024231 -0.072645749413989033 0.0014994906542280806 0.038490578804050046 -0.074506830900677445 0.002212404543731482 0.039358430756890939 -0.07621408163204596 0.0027273445273664006 0.040142193939020097 -0.077770025826043268 0.0030581247540083867 0.040844246356128704 -0.079176206810033206 0.00322068019046285 0.041466641229346776 -0.080433528707471114 0.003232249011433137 0.042011208879034687 -0.081542499660438306 0.0031107035445805615 0.042479598201301233 -0.082503394142159112 0.0028740450855213799 0.042873283049671709 -0.083316355313428098 0.0025400563766507078 0.043193551289332305 -0.083981456128370754 0.0021260936668370308 0.043441487424273978 -0.08449873375145299 0.0016489953179713438 0.043617954917854931 -0.08486820766155509 0.0011250830229036484 0.043723581357050872 -0.085089888412479678 0.00057023345318605364 0.043758747608768966 -0.085163781428562013 -1.5306049017203144e-11 0.043723581353181093 -0.085089888409571768 -0.0005702334830198836 0.043617954909751108 -0.084868207659192813 -0.0011250830584127183 0.04344148741849542 -0.084498733749643395 -0.0016489953595709068 0.04319355130370274 -0.083981456125722498 -0.0021260936933252443 0.042873283060709214 -0.083316355310811246 -0.0025400563904655477 0.042479598200472424 -0.082503394139413447 -0.0028740451161325432 0.042011208864859345 -0.08154249965069528 -0.0031107035850304987 0.041466641209583405 -0.08043352868752332 -0.0032322490346254045 0.040844246358772471 -0.079176206788679107 -0.0032206801993685977 0.040142193964077193 -0.077770025813907573 -0.0030581247640195305 0.039358430787247427 -0.076214081631447494 -0.0027273445447435077 0.038490578841177847 -0.074506830902307947 -0.002212404538584639 0.037535741064709638 -0.072645749415562372 -0.0014994906138256605 0.036490184572672987 -0.0706268899882663 -0.00057783216022230083 0.035348898570573335 -0.068444373090609231 0.00055933225222932039 0.03410510635148286 -0.066089897079981391 0.0019137583163126113 0.032749975231422784 -0.063552385346790391 0.0034809429508684767 0.031272860739121007 -0.060817763508225951 0.0052479474230936506 0.029661194893468884 -0.057868541880129153 0.0071905662391604881 0.027899232047198245 -0.054683399328175751 0.0092710315051793245 0.02596892573648004 -0.05123778487644455 0.011435712744884065 0.023852248741157416 -0.047505599533782486 0.013611844179164421 0.021532470711616358 -0.043462630726111784 0.015701018807813875 0.01899758765160376 -0.039091488930582188 0.017575586769281282 0.016247071034618522 -0.034391041407622662 0.019079370861925741 0.013301393507043633 -0.029394325773800977 0.020031535307765823 0.010214420417399606 -0.024196879623285955 0.020246809068594961 0.0070858185584100541 -0.01900030644785583 0.019593400676684438 0.0040609192080683088 -0.014171634979767419 0.018130392850215372 0.0025950606249715404 -0.011907564509643561 0.01722177389997671 0.00168211288065252 -0.0046676557017039698 -0.0055021611080592345 0.0029451575515686626 -0.0071030482906923589 -0.0062461383865796173 0.0054168090782071498 -0.011819626534634366 -0.0075593952927130214 0.00782098231204683 -0.016335177638773412 -0.008488902771536147 0.010214167799222108 -0.02078807914459865 -0.0089722320255579083 0.012611075467722138 -0.025208472719182074 -0.0089827464647932453 0.015004110923050866 -0.029583921945982111 -0.0085483395947396831 0.017376805267476498 -0.033889559357731143 -0.0077360722628035108 0.019710963670508872 -0.038101220449658052 -0.006631342722259524 0.021990442614468406 -0.042201224636113671 -0.005323057179599403 0.024202986632452538 -0.046175028558054582 -0.0039037161487455465 0.026338002797642344 -0.05000861485248545 -0.0024600491613141003 0.028382554851042074 -0.053689754771499378 -0.0010607683421708905 0.03032560660799883 -0.057207630175686988 0.00024100502518158227 0.032161099304283153 -0.060553455384531218 0.0014055004176845435 0.033883262125312806 -0.063719224142483322 0.0024035147464809108 0.035485515536210335 -0.066696673869924422 0.0032165698269970202 0.036962424722417633 -0.069477861764928692 0.0038375344520651363 0.038310880202420877 -0.072056092547606698 0.0042689382873880941 0.039530318130583407 -0.074426475346230009 0.004520352109808415 0.04062238453232625 -0.076586034430891084 0.0046058608183164665 0.041590376691560786 -0.078533515404642096 0.0045420349114031634 0.042438655679613912 -0.080269040373083383 0.0043464661336661617 0.043172122801172975 -0.081793720840122264 0.0040367953856045961 0.043795793104059559 -0.083109291168535215 0.003630124682822514 0.044314468131124517 -0.084217792227605962 0.0031427098853505134 0.044732496094630057 -0.085121314558179062 0.0025898503966945569 0.045053603002441447 -0.085821799359937112 0.001985912436312054 0.045280778342408672 -0.086320890633173719 0.0013444402332257526 0.045416200960685327 -0.086619830451435453 0.00067832357010744909 0.045461193984705564 -0.086719389972676059 -3.2797896275488063e-11 0.045416200960261846 -0.086619830446755891 -0.00067832362591834265 0.045280778337689016 -0.08632089062430312 -0.0013444402896572217 0.04505360298596145 -0.085821799347752928 -0.0019859125062764078 0.044732496088040821 -0.085121314542984564 -0.002589850438538409 0.044314468139769303 -0.084217792215388207 -0.003142709889647371 0.043795793116106263 -0.083109291167148713 -0.0036301247135065912 0.043172122809517974 -0.081793720844749118 -0.0040367954453572243 0.042438655687795764 -0.080269040371370864 -0.0043464661637927669 0.041590376697263114 -0.078533515393949441 -0.0045420349182429343 0.040622384536844705 -0.076586034413382659 -0.0046058608219567915 0.039530318137674277 -0.074426475329051889 -0.004520352121637464 0.038310880212596869 -0.072056092530645266 -0.0042689382893136459 0.036962424738431754 -0.06947786174240507 -0.0038375344311962082 0.035485515552520011 -0.066696673851191851 -0.0032165698258799945 0.033883262146223586 -0.063719224134105759 -0.0024035147646526184 0.032161099318808811 -0.060553455376229741 -0.001405500419016004 0.030325606611138929 -0.057207630163371256 -0.0002410050161429228 0.028382554855198854 -0.053689754762333425 0.0010607683344377949 0.026338002794678378 -0.050008614839133388 0.0024600491526154226 0.02420298661787508 -0.04617502853648911 0.0039037161415327155 0.021990442592450032 -0.042201224612192244 0.0053230571575597092 0.019710963655132904 -0.038101220425996174 0.0066313426919211863 0.01737680526289102 -0.033889559334762773 0.0077360722341339788 0.015004110924067331 -0.029583921924922763 0.0085483395787383006 0.012611075488008636 -0.025208472708916251 0.0089827464652733734 0.010214167828092643 -0.020788079146492781 0.0089722320263859543 0.0078209823325745831 -0.016335177649401421 0.0084889027538462541 0.0054168090991337922 -0.011819626550454166 0.0075593952699504058 0.0029451575694736179 -0.0071030483085042177 0.0062461383753392649 0.0016821128903399584 -0.0046676557213293814 0.0055021611005967109 0.00065174109738163147 0.0003347743175419279 0.0026997702978922484 0.0014267759411598954 -0.0015849971018756723 0.0014011590812788161 0.002995859081053453 -0.0054088494253710095 -0.00068779483727816697 0.0046202668239851679 -0.0092094942574132595 -0.0018472952943792871 0.0063328182739619578 -0.013022857400906531 -0.0022386257775359021 0.0081595345215458043 -0.016900653438603197 -0.0020007745983860706 0.010115057369811144 -0.020880563615052153 -0.0012633204200281703 0.012200900938050681 -0.02497793875722305 -0.00016085108796624458 0.014404409036443704 -0.029182684369414826 0.0011643098928140318 0.016697781715470459 -0.033460822001464899 0.0025781433750835065 0.019041157243562812 -0.037776678049663392 0.0039922987018432814 0.021392635554357536 -0.042095637005226158 0.005334471543328478 0.023723455590620536 -0.046376006566011901 0.0065247573666748901 0.02600611248128255 -0.050576022523011036 0.0075033611976185258 0.028198471588507565 -0.054650209552873488 0.0082301551240058449 0.030259616398635846 -0.058552213762281195 0.0086922014975705699 0.032162456677481313 -0.062242883649176718 0.0089034986671224017 0.033893564702196247 -0.065693755925513728 0.0088926769803000811 0.035449779387281291 -0.068886645054613518 0.0086933587014583185 0.03683471042844938 -0.07181166856577785 0.0083385675710807884 0.038055956201049047 -0.074465017161006938 0.0078580314252779809 0.039123108242997244 -0.076846997349185348 0.0072772116860475231 0.040046405565956823 -0.078960488355753727 0.0066172610342885192 0.040835870503130679 -0.08080979585261594 0.0058954255774421923 0.041500780950858303 -0.082399832884388416 0.0051256190144239547 0.042049367735465464 -0.083735551338743386 0.0043190252634791697 0.042488656540198122 -0.084821556945278542 0.0034846615460725873 0.042824398285239144 -0.085661854635804946 0.0026298758277945164 0.043061049769446753 -0.086259684357570379 0.0017607748395606076 0.04320177904663209 -0.08661741859907332 0.00088259075348711097 0.04324847899379225 -0.086736501770283164 -2.9763589677730615e-11 0.043201779058412354 -0.086617418595524631 -0.00088259080817771848 0.043061049769885687 -0.086259684350705551 -0.0017607748897109205 0.042824398277464808 -0.08566185462924468 -0.0026298758841184523 0.042488656542062256 -0.084821556939213394 -0.0034846615669086979 0.042049367749105421 -0.083735551331656527 -0.0043190252521975265 0.041500780968323624 -0.082399832880501359 -0.0051256190445287285 0.040835870524397723 -0.080809795855082564 -0.0058954256420663074 0.040046405587852552 -0.078960488359690842 -0.0066172610862319332 0.039123108254458236 -0.076846997350200105 -0.0072772117259634443 0.038055956207221152 -0.074465017157161958 -0.0078580314585891854 0.036834710431663774 -0.071811668556790137 -0.008338567597104175 0.035449779382748167 -0.068886645041867825 -0.0086933587275053893 0.033893564699356726 -0.06569375590968933 -0.0088926770065396194 0.03216245667966585 -0.062242883633988805 -0.0089034987056991477 0.030259616401599871 -0.058552213750693388 -0.0086922015456036422 0.028198471591583476 -0.054650209546288249 -0.0082301551726255973 0.026006112478471597 -0.050576022521638342 -0.0075033612501452154 0.023723455597241358 -0.046376006572118378 -0.0065247574264438446 0.021392635568692836 -0.042095637016027268 -0.0053344716077777313 0.019041157256886397 -0.037776678057736053 -0.0039922987528491797 0.016697781740742535 -0.033460822012421676 -0.0025781434147797485 0.014404409073379421 -0.029182684389218946 -0.0011643099403763836 0.012200900980279109 -0.024977938777926308 0.00016085104113427919 0.010115057411626598 -0.020880563625948811 0.0012633203919347794 0.0081595345660155083 -0.01690065344564963 0.0020007745715542023 0.0063328183256751791 -0.013022857417565866 0.0022386257242903601 0.0046202668720585907 -0.0092094942772570441 0.0018472952255996719 0.0029958591182859761 -0.0054088494388673846 0.00068779477433735144 0.0014267759652493381 -0.0015849971051312942 -0.0014011591270739693 0.00065174111082611451 0.00033477432144258786 -0.0026997703329118363 -0.00044736083009430162 0.0028965918453370543 0.0047257773662330591 -0.00029840801960851919 0.0017970610653810241 0.0032732103171440111 0.00013217899866669409 -0.00047063363951637565 0.00099896904785849337 0.00082152401540335786 -0.0029044490700416651 -9.8741212697099092e-05 0.0017591626834261285 -0.0055531267919557651 -0.00017767228728398762 0.0029412700899742253 -0.0084596475728246356 0.00062173208513376273 0.0043717757231268905 -0.011674600286070336 0.0021607641721527286 0.0060613254490224505 -0.015254971726272932 0.0042834414131734909 0.008023184366932801 -0.01925417895864015 0.0067879183973235816 0.010261134896066993 -0.023690760914374484 0.0093888419491630296 0.012742164190825703 -0.028475949937091641 0.011706932545512102 0.01539582131535177 -0.033478022966758489 0.013513087681042198 0.018090669162708444 -0.038584885076253926 0.014754750393575339 0.020663917263477466 -0.043653903922794529 0.015394095420209312 0.02301776393576286 -0.048549392546023681 0.015487115913305663 0.02512265702764966 -0.053182115983791592 0.015159796695648603 0.026982346268736399 -0.057503935350601096 0.014533931335302865 0.028614700822811728 -0.061493491608634522 0.013707415047129285 0.030042084000456548 -0.06514514277120767 0.012752937151834306 0.031286773205373264 -0.068461855011650488 0.01172195988283745 0.032368975005227424 -0.071450913809476713 0.010649580592803029 0.033306142244441658 -0.074121418760223753 0.00955886153583611 0.03411291631365914 -0.076482857266993345 0.0084642823404656609 0.034801343538352819 -0.078544316171370615 0.007374345186529037 0.035381187467372018 -0.080314064281570688 0.0062934753446532796 0.03586024968684981 -0.081799346485256511 0.005223374078957203 0.036244659551476967 -0.0830062952890466 0.0041639621273147562 0.036539117572098601 -0.083939904522235584 0.0031140250311276273 0.036747088962519964 -0.084604033043312585 0.0020716460432234477 0.036870949073685738 -0.085001419979805246 0.0010344917599334753 0.03691208394244179 -0.085133701012450672 -1.2162573736779897e-12 0.03687094909600383 -0.085001419984415738 -0.0010344917620845695 0.036747088977494763 -0.084604033051206395 -0.0020716460396153651 0.036539117590902205 -0.08393990453490914 -0.0031140250152350128 0.036244659582158598 -0.083006295304441369 -0.0041639620860920825 0.035860249724992452 -0.081799346497628711 -0.0052233740336499945 0.035381187506014475 -0.08031406429185993 -0.0062934753306736046 0.034801343576895051 -0.078544316181837548 -0.007374345195034316 0.034112916345296306 -0.076482857276096522 -0.0084642823578494689 0.033306142263270506 -0.074121418766935496 -0.0095588615568134375 0.032368975015911287 -0.071450913814371922 -0.010649580613998049 0.031286773212225977 -0.068461855013997736 -0.011721959906598699 0.03004208400156486 -0.065145142769053851 -0.012752937180956419 0.028614700826078109 -0.061493491602696418 -0.013707415080368164 0.026982346287016727 -0.057503935343919232 -0.014533931371205497 0.025122657042131388 -0.053182115976992746 -0.015159796738067324 0.023017763943454322 -0.048549392539359859 -0.015487115968020073 0.020663917263034067 -0.043653903917134786 -0.015394095485430028 0.018090669162524407 -0.038584885075799664 -0.01475475046407493 0.015395821328021881 -0.033478022974938682 -0.013513087746426223 0.012742164207090925 -0.028475949947100537 -0.011706932586560659 0.010261134922104708 -0.023690760925762853 -0.0093888419774111054 0.0080231843998337174 -0.019254178973960995 -0.0067879184347633742 0.0060613254774596883 -0.015254971736350657 -0.0042834414451630408 0.0043717757481080291 -0.01167460028651017 -0.0021607641980514072 0.0029412701102415209 -0.0084596475670571537 -0.00062173212907766344 0.0017591627026485052 -0.0055531267818493468 0.00017767223318844013 0.00082152403701062559 -0.0029044490594567506 9.8741166764915213e-05 0.00013217901493626458 -0.00047063362833309609 -0.00099896908830520424 -0.00029840800932875788 0.0017970610831436521 -0.0032732103568616257 -0.00044736082070304605 0.002896591867561772 -0.0047257774065052778 -0.00091867382197517266 0.0025009981538618399 0.0025134619905899181 -0.001101595104144059 0.0022849340122618549 0.0012557639724459521 -0.0012453331012517717 0.0016690662264791779 -0.000818707234542684 -0.00099793984115758064 0.00071570941252101618 -0.0020276414200189712 -0.00045064565729035095 -0.00053814205314588334 -0.0023986358701040956 0.00033247139278184566 -0.002093786229395175 -0.0019465252589267342 0.0013120011061153152 -0.0039850835149777874 -0.00067072476097476154 0.0024753988516011626 -0.0062868213799444116 0.0014411414765587488 0.0038435880847885627 -0.0091339857388393411 0.0043973509801414181 0.00548667592989495 -0.012762584851317994 0.0081503062443134718 0.0075276700651154627 -0.017534523586015753 0.01240042435833639 0.0098188083749871456 -0.023341808574561296 0.015955318266425187 0.011992245221669485 -0.029501863627152521 0.017815384227567576 0.01389636173351309 -0.035504822581852127 0.01829931190518818 0.015549419175556183 -0.041156937642122936 0.018000807025850007 0.016996705419698461 -0.046400478202054209 0.017259645348767449 0.018278301926879813 -0.051226784052974372 0.016272200052999414 0.019424089873453114 -0.05564496411736522 0.01515336281323299 0.020454909022049876 -0.059669887724849519 0.013970199165456368 0.021384751070098004 -0.063317396518089 0.012761282147698363 0.022222739930175862 -0.066602429436346616 0.011548121715689698 0.022974660518643612 -0.069538367562415743 0.01034202840901753 0.023644065960000404 -0.072136888859667028 0.0091482692226251966 0.02423305216090936 -0.074408024346231769 0.0079685906955891412 0.024742787404116853 -0.076360280624116109 0.0068027464491571925 0.025173867858643242 -0.078000771084317799 0.0056494133034226705 0.025526552198354396 -0.079335333097987168 0.0045067302933794445 0.025800913697848746 -0.080368624044898834 0.0033726046821828267 0.025996936842574196 -0.081104195625650272 0.0022448744008842685 0.026114576966660179 -0.081544548299869402 0.0011213826484669123 0.026153795284291986 -0.081691168175396289 2.9378635591978397e-11 0.02611457698587507 -0.081544548305443984 -0.0011213825864020491 0.02599693686504137 -0.081104195638567217 -0.0022448743219203419 0.025800913735619192 -0.08036862406380535 -0.0033726045835245451 0.025526552244510746 -0.079335333117007703 -0.0045067301936577223 0.025173867916750508 -0.078000771099591332 -0.0056494132153623918 0.024742787462754743 -0.076360280637830957 -0.0068027463717422743 0.02423305221501363 -0.074408024362673256 -0.0079685906329130321 0.023644066009904496 -0.072136888878068517 -0.009148269173061007 0.022974660557292463 -0.069538367578984753 -0.010342028365641411 0.02222273995738612 -0.06660242944822535 -0.011548121681618236 0.021384751090713205 -0.063317396525823522 -0.012761282123760558 0.020454909037652333 -0.059669887730725166 -0.013970199149345247 0.019424089888135859 -0.055644964121022718 -0.01515336279972552 0.01827830195180365 -0.051226784053684644 -0.016272200039750561 0.016996705437900349 -0.046400478201026316 -0.017259645354567685 0.015549419183494098 -0.041156937635722993 -0.018000807041567493 0.013896361732389414 -0.035504822570151251 -0.01829931191886074 0.011992245212411712 -0.029501863614898018 -0.01781538424654857 0.0098188083662967482 -0.023341808562545252 -0.015955318289247906 0.0075276700489457279 -0.017534523569780948 -0.012400424381162456 0.0054866759105840031 -0.012762584834484701 -0.0081503062755475825 0.0038435880670777689 -0.0091339857270457785 -0.004397351026260988 0.0024753988368742159 -0.006286821365380532 -0.0014411415208606725 0.001312001096005352 -0.0039850834954157427 0.00067072472181488839 0.00033247138358243517 -0.0020937862123772844 0.0019465252221409512 -0.0004506456710425701 -0.0005381420322694442 0.0023986358607357332 -0.00099793985164616504 0.00071570943364728835 0.0020276414363672389 -0.0012453331022095084 0.0016690662378510269 0.00081870724641423451 -0.0011015950996483654 0.002284934020396165 -0.0012557639723109403 -0.00091867381346178237 0.0025009981608521753 -0.0025134619986442257 -0.00083778315670191103 0.0015624205225280912 0.00089888465895098348 -0.001042684027941524 0.0017072678467670319 -0.00016718620129380313 -0.0012034314194407621 0.0017879723218999718 -0.002088925543841959 -0.00094139349495676709 0.0014995206740851591 -0.0035253214857021093 -0.00039288962650822854 0.00091818948117122128 -0.0043744436619312828 0.00033555785578211103 7.9089697043094076e-05 -0.0045588878653812339 0.0011681407756925137 -0.0010238959638966328 -0.0039813448579201815 0.0020622505176839888 -0.0024501659681159232 -0.0024984724529473986 0.00302193795291863 -0.0043536166310253945 0.0001007308521081328 0.0041440688426499141 -0.0071150416227548485 0.0040937054766131695 0.0056791941727351103 -0.011583995200584507 0.0095485383358133516 0.0074084374379071866 -0.017766293927214693 0.014484134205660484 0.0088306304157147811 -0.024465887746221882 0.016912966385470199 0.009938725452679386 -0.030891335681861413 0.017477103629301716 0.010894667450143523 -0.036857532404282765 0.017208568477253661 0.011781115700250666 -0.042354967286678397 0.016538983705432636 0.012633548051098054 -0.047404643958385138 0.015664626457156897 0.01346296227738572 -0.052029319207820973 0.014681326116737878 0.014268388994187777 -0.056248796275640021 0.01363761727035639 0.015043543090694896 -0.06007979101326421 0.012558603138390984 0.015780270748012928 -0.063536480784994215 0.011457498639649306 0.016470272587412498 -0.066631001776273041 0.010341435861280196 0.017105908220273584 -0.069373803707969722 0.009214437329482978 0.017680518632603229 -0.071773889276297881 0.0080789470348953778 0.01818850307937709 -0.073838975014855313 0.0069366159272180161 0.018625278693614085 -0.075575600837601453 0.0057887007902815788 0.018987191510900753 -0.076989205988214876 0.004636263747586921 0.019271415379515149 -0.078084182454908918 0.0034802702652641238 0.019475857752224289 -0.078863912684863216 0.0023216368131330142 0.019599081636321729 -0.079330795750546551 0.001161254241711791 0.019640248176876134 -0.079486264578486454 4.2244574483506214e-11 0.019599081648388354 -0.07933079575390771 -0.0011612541478394404 0.019475857771118626 -0.078863912694836946 -0.0023216366922535576 0.01927141542083554 -0.078084182471783559 -0.0034802701325440371 0.018987191560846221 -0.076989206007320121 -0.0046362636305842956 0.018625278761666593 -0.075575600855222663 -0.0057887006891377676 0.018188503148250462 -0.07383897502803051 -0.006936615829484293 0.01768051869320722 -0.071773889291141951 -0.0080789469526200575 0.017105908280589027 -0.069373803729639361 -0.0092144372647001774 0.016470272638925913 -0.066631001800878234 -0.010341435802985927 0.015780270790199447 -0.06353648080635857 -0.01145749858945188 0.015043543125383852 -0.060079791027812635 -0.012558603090716849 0.014268389018752541 -0.056248796286535584 -0.013637617228385492 0.013462962296297917 -0.052029319218070594 -0.01468132607341777 0.01263354807797892 -0.047404643965503798 -0.015664626417117841 0.01178111571758882 -0.042354967287692419 -0.016538983696390397 0.010894667454397419 -0.036857532396067309 -0.017208568470397249 0.0099387254504534617 -0.030891335669925059 -0.017477103608150857 0.0088306304088788864 -0.024465887736638312 -0.016912966371348773 0.00740843742216017 -0.017766293916658051 -0.014484134215237119 0.0056791941393813565 -0.011583995180835253 -0.0095485383672263939 0.0041440688059969435 -0.007115041599966618 -0.0040937055180774043 0.0030219379173075898 -0.0043536166175715445 -0.00010073091285973598 0.0020622504904029733 -0.0024501659558532839 0.0024984723819529812 0.0011681407590227776 -0.0010238959442777306 0.0039813448017215931 0.00033555783996827413 7.9089713488542595e-05 0.0045588878349162257 -0.00039288964978686759 0.00091818949807141519 0.0043744436716002845 -0.00094139351447728998 0.0014995206909755952 0.0035253215234099505 -0.0012034314255076782 0.0017879723247029898 0.0020889255743599816 -0.0010426840287918937 0.0017072678402355527 0.00016718622711309607 -0.00083778315534968715 0.0015624205125389036 -0.00089888463321533604
        </DataArray>
        <DataArray type="Float64" Name="strain_xx" format="ascii">
          0.025315088869388127 0.025593276509721999 0.025459092908133956 0.0244129549900996 0.023126225626432854 0.021885918725192931 0.020808359460715888 0.019931986366196149 0.019259418430273685 0.018777187719432115 0.018465220213489935 0.018301393590809251 0.018263708074990156 0.018331329284343195 0.01848497647729145 0.018707003380514942 0.018981405892603588 0.019293735278122302 0.019630969915400354 0.019981401684156404 0.020334538829543364 0.020681020905793476 0.021012545024440207 0.021321804271838524 0.021602438242073869 0.021848994237939401 0.022056897707572628 0.022222430505253403 0.02234271505883189 0.022415703141630564 0.022440168594077402 0.022415703124606005 0.022342715014091324 0.02222243045569116 0.022056897658566461 0.021848994238108085 0.021602438286838048 0.021321804286783853 0.021012545010221331 0.020681020911473558 0.02033453884296129 0.019981401676224673 0.019630969896839823 0.019293735250759905 0.018981405856166839 0.01870700337799408 0.018484976506320996 0.018331329287775748 0.018263708061003442 0.018301393578856545 0.018465220206914306 0.018777187702559164 0.019259418402488428 0.01993198638062121 0.020808359499334735 0.021885918762764335 0.023126225667197922 0.024412955052715114 0.025459092984131463 0.025593276574005862 0.02531508893668373 0.01418943771025314 0.016108747788542665 0.019182111559312445 0.021018879471698924 0.022099081704508319 0.022725681527976556 0.02308888815510457 0.0233081195560709 0.023458199150567894 0.023585556612807212 0.023718244150335382 0.023872273065781928 0.024055718220451626 0.024271277550050915 0.024518032805483155 0.024792711539583831 0.02509046282573571 0.025405418524570057 0.025731140437383497 0.026060947021904951 0.026388149977019798 0.026706232054200533 0.027008986327404675 0.027290628314756381 0.027545886349599161 0.027770073589513458 0.027959144557620046 0.028109738586423419 0.028219212090646664 0.028285661618647064 0.028307939315844965 0.028285661599325301 0.02821921204411125 0.028109738550084397 0.027959144522932439 0.027770073567519944 0.027545886345532431 0.027290628306651042 0.027008986315297509 0.026706232079443438 0.026388150034445692 0.026060947041275175 0.025731140429481061 0.0254054185182606 0.025090462824134463 0.024792711566344806 0.024518032861347509 0.024271277599101197 0.024055718262797683 0.02387227311042734 0.023718244197178731 0.023585556646924934 0.023458199174210187 0.023308119602027465 0.023088888211811341 0.0227256815644842 0.02209908172425552 0.021018879511492731 0.019182111604637755 0.016108747822396994 0.014189437747940641 0.003044160725678439 0.0055728020842806779 0.010341637301257062 0.014477339832676824 0.017942649384783037 0.020801674647139275 0.023149397535000681 0.025081640921947569 0.02668361880555474 0.028026734222379317 0.02916894549538564 0.030156172249980032 0.03102388648616685 0.031799175713985155 0.032502344652328083 0.03314795315528115 0.033746067156615871 0.034303339791260275 0.034823763993093226 0.035309275553960955 0.035760275720932988 0.036176081489364666 0.036555300467078722 0.036896132066084456 0.037196601673718507 0.037454737949542793 0.037668704330161146 0.03783689447686097 0.037957999910065827 0.038031056565642998 0.038055474890074041 0.038031056554030961 0.037957999881000674 0.037836894466536819 0.037668704333302411 0.037454737929436002 0.037196601637418239 0.036896132034513182 0.036555300444140709 0.036176081514233252 0.035760275793793796 0.035309275600195054 0.034823764019101498 0.034303339832424048 0.033746067221667328 0.033147953240271935 0.032502344745285607 0.031799175798097393 0.031023886558907338 0.030156172315677195 0.029168945552095264 0.028026734265898717 0.026683618840960158 0.025081640954934349 0.023149397569692934 0.020801674649084206 0.017942649346485085 0.014477339810600644 0.010341637285742326 0.0055728020633144327 0.0030441607099725805 0.002595060646920166 0.0040609192315725576 0.0070858185833633748 0.010214420453171917 0.013301393546213659 0.016247071053018956 0.01899758766835161 0.021532470734663845 0.023852248762792412 0.02596892575578311 0.027899232052762752 0.029661194882205758 0.031272860712528189 0.032749975189126188 0.03410510628654468 0.035348898490708276 0.036490184503316592 0.037535741014024231 0.038490578804050046 0.039358430756890939 0.040142193939020097 0.040844246356128704 0.041466641229346776 0.042011208879034687 0.042479598201301233 0.042873283049671709 0.043193551289332305 0.043441487424273978 0.043617954917854931 0.043723581357050872 0.043758747608768966 0.043723581353181093 0.043617954909751108 0.04344148741849542 0.04319355130370274 0.042873283060709214 0.042479598200472424 0.042011208864859345 0.041466641209583405 0.040844246358772471 0.040142193964077193 0.039358430787247427 0.038490578841177847 0.037535741064709638 0.036490184572672987 0.035348898570573335 0.03410510635148286 0.032749975231422784 0.031272860739121007 0.029661194893468884 0.027899232047198245 0.02596892573648004 0.023852248741157416 0.021532470711616358 0.01899758765160376 0.016247071034618522 0.013301393507043633 0.010214420417399606 0.0070858185584100541 0.0040609192080683088 0.0025950606249715404 0.00168211288065252 0.0029451575515686626 0.0054168090782071498 0.00782098231204683 0.010214167799222108 0.012611075467722138 0.015004110923050866 0.017376805267476498 0.019710963670508872 0.021990442614468406 0.024202986632452538 0.026338002797642344 0.028382554851042074 0.03032560660799883 0.032161099304283153 0.033883262125312806 0.035485515536210335 0.036962424722417633 0.038310880202420877 0.039530318130583407 0.04062238453232625 0.041590376691560786 0.042438655679613912 0.043172122801172975 0.043795793104059559 0.044314468131124517 0.044732496094630057 0.045053603002441447 0.045280778342408672 0.045416200960685327 0.045461193984705564 0.045416200960261846 0.045280778337689016 0.04505360298596145 0.044732496088040821 0.044314468139769303 0.043795793116106263 0.043172122809517974 0.042438655687795764 0.041590376697263114 0.040622384536844705 0.039530318137674277 0.038310880212596869 0.036962424738431754 0.035485515552520011 0.033883262146223586 0.032161099318808811 0.030325606611138929 0.028382554855198854 0.026338002794678378 0.02420298661787508 0.021990442592450032 0.019710963655132904 0.01737680526289102 0.015004110924067331 0.012611075488008636 0.010214167828092643 0.0078209823325745831 0.0054168090991337922 0.0029451575694736179 0.0016821128903399584 0.00065174109738163147 0.0014267759411598954 0.002995859081053453 0.0046202668239851679 0.0063328182739619578 0.0081595345215458043 0.010115057369811144 0.012200900938050681 0.014404409036443704 0.016697781715470459 0.019041157243562812 0.021392635554357536 0.023723455590620536 0.02600611248128255 0.028198471588507565 0.030259616398635846 0.032162456677481313 0.033893564702196247 0.035449779387281291 0.03683471042844938 0.038055956201049047 0.039123108242997244 0.040046405565956823 0.040835870503130679 0.041500780950858303 0.042049367735465464 0.042488656540198122 0.042824398285239144 0.043061049769446753 0.04320177904663209 0.04324847899379225 0.043201779058412354 0.043061049769885687 0.042824398277464808 0.042488656542062256 0.042049367749105421 0.041500780968323624 0.040835870524397723 0.040046405587852552 0.039123108254458236 0.038055956207221152 0.036834710431663774 0.035449779382748167 0.033893564699356726 0.03216245667966585 0.030259616401599871 0.028198471591583476 0.026006112478471597 0.023723455597241358 0.021392635568692836 0.019041157256886397 0.016697781740742535 0.014404409073379421 0.012200900980279109 0.010115057411626598 0.0081595345660155083 0.0063328183256751791 0.0046202668720585907 0.0029958591182859761 0.0014267759652493381 0.00065174111082611451 -0.00044736083009430162 -0.00029840801960851919 0.00013217899866669409 0.00082152401540335786 0.0017591626834261285 0.0029412700899742253 0.0043717757231268905 0.0060613254490224505 0.008023184366932801 0.010261134896066993 0.012742164190825703 0.01539582131535177 0.018090669162708444 0.020663917263477466 0.02301776393576286 0.02512265702764966 0.026982346268736399 0.028614700822811728 0.030042084000456548 0.031286773205373264 0.032368975005227424 0.033306142244441658 0.03411291631365914 0.034801343538352819 0.035381187467372018 0.03586024968684981 0.036244659551476967 0.036539117572098601 0.036747088962519964 0.036870949073685738 0.03691208394244179 0.03687094909600383 0.036747088977494763 0.036539117590902205 0.036244659582158598 0.035860249724992452 0.035381187506014475 0.034801343576895051 0.034112916345296306 0.033306142263270506 0.032368975015911287 0.031286773212225977 0.03004208400156486 0.028614700826078109 0.026982346287016727 0.025122657042131388 0.023017763943454322 0.020663917263034067 0.018090669162524407 0.015395821328021881 0.012742164207090925 0.010261134922104708 0.0080231843998337174 0.0060613254774596883 0.0043717757481080291 0.0029412701102415209 0.0017591627026485052 0.00082152403701062559 0.00013217901493626458 -0.00029840800932875788 -0.00044736082070304605 -0.00091867382197517266 -0.001101595104144059 -0.0012453331012517717 -0.00099793984115758064 -0.00045064565729035095 0.00033247139278184566 0.0013120011061153152 0.0024753988516011626 0.0038435880847885627 0.00548667592989495 0.0075276700651154627 0.0098188083749871456 0.011992245221669485 0.01389636173351309 0.015549419175556183 0.016996705419698461 0.018278301926879813 0.019424089873453114 0.020454909022049876 0.021384751070098004 0.022222739930175862 0.022974660518643612 0.023644065960000404 0.02423305216090936 0.024742787404116853 0.025173867858643242 0.025526552198354396 0.025800913697848746 0.025996936842574196 0.026114576966660179 0.026153795284291986 0.02611457698587507 0.02599693686504137 0.025800913735619192 0.025526552244510746 0.025173867916750508 0.024742787462754743 0.02423305221501363 0.023644066009904496 0.022974660557292463 0.02222273995738612 0.021384751090713205 0.020454909037652333 0.019424089888135859 0.01827830195180365 0.016996705437900349 0.015549419183494098 0.013896361732389414 0.011992245212411712 0.0098188083662967482 0.0075276700489457279 0.0054866759105840031 0.0038435880670777689 0.0024753988368742159 0.001312001096005352 0.00033247138358243517 -0.0004506456710425701 -0.00099793985164616504 -0.0012453331022095084 -0.0011015950996483654 -0.00091867381346178237 -0.00083778315670191103 -0.001042684027941524 -0.0012034314194407621 -0.00094139349495676709 -0.00039288962650822854 0.00033555785578211103 0.0011681407756925137 0.0020622505176839888 0.00302193795291863 0.0041440688426499141 0.0056791941727351103 0.0074084374379071866 0.0088306304157147811 0.009938725452679386 0.010894667450143523 0.011781115700250666 0.012633548051098054 0.01346296227738572 0.014268388994187777 0.015043543090694896 0.015780270748012928 0.016470272587412498 0.017105908220273584 0.017680518632603229 0.01818850307937709 0.018625278693614085 0.018987191510900753 0.019271415379515149 0.019475857752224289 0.019599081636321729 0.019640248176876134 0.019599081648388354 0.019475857771118626 0.01927141542083554 0.018987191560846221 0.018625278761666593 0.018188503148250462 0.01768051869320722 0.017105908280589027 0.016470272638925913 0.015780270790199447 0.015043543125383852 0.014268389018752541 0.013462962296297917 0.01263354807797892 0.01178111571758882 0.010894667454397419 0.0099387254504534617 0.0088306304088788864 0.00740843742216017 0.0056791941393813565 0.0041440688059969435 0.0030219379173075898 0.0020622504904029733 0.0011681407590227776 0.00033555783996827413 -0.00039288964978686759 -0.00094139351447728998 -0.0012034314255076782 -0.0010426840287918937 -0.00083778315534968715
        </DataArray>
        <DataArray type="Float64" Name="strain_yy" format="ascii">
          -0.092543648692481439 -0.090334189662482356 -0.086096188158341247 -0.082313282997139442 -0.079089085302344736 -0.076414645354995828 -0.074242276618688291 -0.072514017039025727 -0.07117242655440667 -0.07016442595061595 -0.069442283767415597 -0.068963458670844663 -0.068690135788540177 -0.068588677444938143 -0.068629065248388882 -0.06878441557448256 -0.069030598524643536 -0.069345914154916019 -0.069710821188149294 -0.070107722950236595 -0.070520800247212689 -0.070935880592756295 -0.07134033611985427 -0.071723004817653174 -0.072074130782320583 -0.072385319822499461 -0.07264950731565506 -0.072860935639329577 -0.073015138903162441 -0.073108933018433436 -0.073140409645667592 -0.073108933003973933 -0.073015138880004715 -0.072860935613868 -0.072649507301174254 -0.072385319828309327 -0.072074130797727967 -0.071723004830264683 -0.071340336130560567 -0.07093588060760514 -0.070520800255170754 -0.070107722943712883 -0.069710821179338509 -0.069345914146911602 -0.069030598516860595 -0.068784415571745888 -0.068629065243505177 -0.068588677424048158 -0.068690135752764489 -0.068963458619243925 -0.069442283708674141 -0.070164425894105792 -0.071172426508309572 -0.072514017013445009 -0.074242276602489068 -0.076414645344508897 -0.079089085305268411 -0.082313283025723244 -0.086096188194582063 -0.090334189707814566 -0.092543648756336361 -0.056066816609657691 -0.058625320148689208 -0.062634987371422604 -0.064919362630708688 -0.066238441949427421 -0.067017797551045283 -0.067503498324456318 -0.067841079779992139 -0.068117578123557676 -0.068384737533814674 -0.068672367603744622 -0.068996332168701588 -0.069363400692021612 -0.069774303614890038 -0.070225749339687088 -0.070711798959378791 -0.071224788996510219 -0.071755979812605647 -0.072296043238221086 -0.072835433877568079 -0.073364672180899537 -0.073874563503603774 -0.074356372048993813 -0.074801962459756108 -0.07520391666761253 -0.07555563052229898 -0.075851393049261862 -0.076086450344264187 -0.076257055636576976 -0.07636050679364903 -0.07639517234859193 -0.076360506795510319 -0.076257055636683738 -0.076086450339694647 -0.075851393039418347 -0.075555630515035388 -0.075203916666752968 -0.074801962460785382 -0.074356372050533817 -0.07387456351295657 -0.073364672192145014 -0.072835433877222897 -0.072296043232257121 -0.07175597980501347 -0.071224788986156889 -0.070711798953348975 -0.070225749340367793 -0.069774303615341246 -0.069363400690802379 -0.068996332162329574 -0.068672367594133477 -0.068384737524854036 -0.06811757811797392 -0.06784107978620578 -0.06750349833487472 -0.0670177975546319 -0.066238441950440763 -0.064919362641225928 -0.06263498737503001 -0.058625320148389802 -0.05606681662025411 -0.017876930738611622 -0.02247757012050405 -0.030930708962971225 -0.037963519268877949 -0.043767113373025704 -0.048567380541426133 -0.052569025900652266 -0.055941848098504332 -0.058821426804247935 -0.061314209960887787 -0.063502850613397485 -0.065450805518547928 -0.067206382774639223 -0.068805993399576243 -0.070276646843649523 -0.071637832433851314 -0.072903116209937738 -0.074081479214541918 -0.075178362867652559 -0.076196493253849987 -0.077136555847825111 -0.077997759875857539 -0.078778310417896985 -0.079475798260573716 -0.080087515969582301 -0.080610709215875348 -0.08104277272173771 -0.081381399847128999 -0.081624693810853549 -0.081771247289340737 -0.081820195625629644 -0.081771247295938251 -0.081624693822218958 -0.081381399856900224 -0.081042772719688821 -0.080610709202311573 -0.080087515952610877 -0.079475798241946505 -0.078778310398249118 -0.077997759865693905 -0.07713655585292066 -0.076196493262471687 -0.07517836287452187 -0.074081479223695304 -0.072903116225803366 -0.071637832454860259 -0.07027664686698458 -0.068805993426428569 -0.067206382803210243 -0.0654508055390082 -0.063502850621481879 -0.061314209963213663 -0.058821426805123381 -0.055941848099861829 -0.052569025902005129 -0.048567380528797895 -0.04376711334213642 -0.037963519231889647 -0.030930708910175395 -0.02247757005374228 -0.017876930671936568 -0.011907564541701283 -0.014171635015370021 -0.019000306485028172 -0.024196879663619227 -0.029394325816687043 -0.03439104144336555 -0.03909148896951091 -0.043462630768919631 -0.047505599573450324 -0.051237784911463774 -0.054683399353119978 -0.057868541888332493 -0.060817763504587535 -0.063552385341704334 -0.066089897065856731 -0.068444373066992498 -0.070626889973316287 -0.072645749413989033 -0.074506830900677445 -0.07621408163204596 -0.077770025826043268 -0.079176206810033206 -0.080433528707471114 -0.081542499660438306 -0.082503394142159112 -0.083316355313428098 -0.083981456128370754 -0.08449873375145299 -0.08486820766155509 -0.085089888412479678 -0.085163781428562013 -0.085089888409571768 -0.084868207659192813 -0.084498733749643395 -0.083981456125722498 -0.083316355310811246 -0.082503394139413447 -0.08154249965069528 -0.08043352868752332 -0.079176206788679107 -0.077770025813907573 -0.076214081631447494 -0.074506830902307947 -0.072645749415562372 -0.0706268899882663 -0.068444373090609231 -0.066089897079981391 -0.063552385346790391 -0.060817763508225951 -0.057868541880129153 -0.054683399328175751 -0.05123778487644455 -0.047505599533782486 -0.043462630726111784 -0.039091488930582188 -0.034391041407622662 -0.029394325773800977 -0.024196879623285955 -0.01900030644785583 -0.014171634979767419 -0.011907564509643561 -0.0046676557017039698 -0.0071030482906923589 -0.011819626534634366 -0.016335177638773412 -0.02078807914459865 -0.025208472719182074 -0.029583921945982111 -0.033889559357731143 -0.038101220449658052 -0.042201224636113671 -0.046175028558054582 -0.05000861485248545 -0.053689754771499378 -0.057207630175686988 -0.060553455384531218 -0.063719224142483322 -0.066696673869924422 -0.069477861764928692 -0.072056092547606698 -0.074426475346230009 -0.076586034430891084 -0.078533515404642096 -0.080269040373083383 -0.081793720840122264 -0.083109291168535215 -0.084217792227605962 -0.085121314558179062 -0.085821799359937112 -0.086320890633173719 -0.086619830451435453 -0.086719389972676059 -0.086619830446755891 -0.08632089062430312 -0.085821799347752928 -0.085121314542984564 -0.084217792215388207 -0.083109291167148713 -0.081793720844749118 -0.080269040371370864 -0.078533515393949441 -0.076586034413382659 -0.074426475329051889 -0.072056092530645266 -0.06947786174240507 -0.066696673851191851 -0.063719224134105759 -0.060553455376229741 -0.057207630163371256 -0.053689754762333425 -0.050008614839133388 -0.04617502853648911 -0.042201224612192244 -0.038101220425996174 -0.033889559334762773 -0.029583921924922763 -0.025208472708916251 -0.020788079146492781 -0.016335177649401421 -0.011819626550454166 -0.0071030483085042177 -0.0046676557213293814 0.0003347743175419279 -0.0015849971018756723 -0.0054088494253710095 -0.0092094942574132595 -0.013022857400906531 -0.016900653438603197 -0.020880563615052153 -0.02497793875722305 -0.029182684369414826 -0.033460822001464899 -0.037776678049663392 -0.042095637005226158 -0.046376006566011901 -0.050576022523011036 -0.054650209552873488 -0.058552213762281195 -0.062242883649176718 -0.065693755925513728 -0.068886645054613518 -0.07181166856577785 -0.074465017161006938 -0.076846997349185348 -0.078960488355753727 -0.08080979585261594 -0.082399832884388416 -0.083735551338743386 -0.084821556945278542 -0.085661854635804946 -0.086259684357570379 -0.08661741859907332 -0.086736501770283164 -0.086617418595524631 -0.086259684350705551 -0.08566185462924468 -0.084821556939213394 -0.083735551331656527 -0.082399832880501359 -0.080809795855082564 -0.078960488359690842 -0.076846997350200105 -0.074465017157161958 -0.071811668556790137 -0.068886645041867825 -0.06569375590968933 -0.062242883633988805 -0.058552213750693388 -0.054650209546288249 -0.050576022521638342 -0.046376006572118378 -0.042095637016027268 -0.037776678057736053 -0.033460822012421676 -0.029182684389218946 -0.024977938777926308 -0.020880563625948811 -0.01690065344564963 -0.013022857417565866 -0.0092094942772570441 -0.0054088494388673846 -0.0015849971051312942 0.00033477432144258786 0.0028965918453370543 0.0017970610653810241 -0.00047063363951637565 -0.0029044490700416651 -0.0055531267919557651 -0.0084596475728246356 -0.011674600286070336 -0.015254971726272932 -0.01925417895864015 -0.023690760914374484 -0.028475949937091641 -0.033478022966758489 -0.038584885076253926 -0.043653903922794529 -0.048549392546023681 -0.053182115983791592 -0.057503935350601096 -0.061493491608634522 -0.06514514277120767 -0.068461855011650488 -0.071450913809476713 -0.074121418760223753 -0.076482857266993345 -0.078544316171370615 -0.080314064281570688 -0.081799346485256511 -0.0830062952890466 -0.083939904522235584 -0.084604033043312585 -0.085001419979805246 -0.085133701012450672 -0.085001419984415738 -0.084604033051206395 -0.08393990453490914 -0.083006295304441369 -0.081799346497628711 -0.08031406429185993 -0.078544316181837548 -0.076482857276096522 -0.074121418766935496 -0.071450913814371922 -0.068461855013997736 -0.065145142769053851 -0.061493491602696418 -0.057503935343919232 -0.053182115976992746 -0.048549392539359859 -0.043653903917134786 -0.038584885075799664 -0.033478022974938682 -0.028475949947100537 -0.023690760925762853 -0.019254178973960995 -0.015254971736350657 -0.01167460028651017 -0.0084596475670571537 -0.0055531267818493468 -0.0029044490594567506 -0.00047063362833309609 0.0017970610831436521 0.002896591867561772 0.0025009981538618399 0.0022849340122618549 0.0016690662264791779 0.00071570941252101618 -0.00053814205314588334 -0.002093786229395175 -0.0039850835149777874 -0.0062868213799444116 -0.0091339857388393411 -0.012762584851317994 -0.017534523586015753 -0.023341808574561296 -0.029501863627152521 -0.035504822581852127 -0.041156937642122936 -0.046400478202054209 -0.051226784052974372 -0.05564496411736522 -0.059669887724849519 -0.063317396518089 -0.066602429436346616 -0.069538367562415743 -0.072136888859667028 -0.074408024346231769 -0.076360280624116109 -0.078000771084317799 -0.079335333097987168 -0.080368624044898834 -0.081104195625650272 -0.081544548299869402 -0.081691168175396289 -0.081544548305443984 -0.081104195638567217 -0.08036862406380535 -0.079335333117007703 -0.078000771099591332 -0.076360280637830957 -0.074408024362673256 -0.072136888878068517 -0.069538367578984753 -0.06660242944822535 -0.063317396525823522 -0.059669887730725166 -0.055644964121022718 -0.051226784053684644 -0.046400478201026316 -0.041156937635722993 -0.035504822570151251 -0.029501863614898018 -0.023341808562545252 -0.017534523569780948 -0.012762584834484701 -0.0091339857270457785 -0.006286821365380532 -0.0039850834954157427 -0.0020937862123772844 -0.0005381420322694442 0.00071570943364728835 0.0016690662378510269 0.002284934020396165 0.0025009981608521753 0.0015624205225280912 0.0017072678467670319 0.0017879723218999718 0.0014995206740851591 0.00091818948117122128 7.9089697043094076e-05 -0.0010238959638966328 -0.0024501659681159232 -0.0043536166310253945 -0.0071150416227548485 -0.011583995200584507 -0.017766293927214693 -0.024465887746221882 -0.030891335681861413 -0.036857532404282765 -0.042354967286678397 -0.047404643958385138 -0.052029319207820973 -0.056248796275640021 -0.06007979101326421 -0.063536480784994215 -0.066631001776273041 -0.069373803707969722 -0.071773889276297881 -0.073838975014855313 -0.075575600837601453 -0.076989205988214876 -0.078084182454908918 -0.078863912684863216 -0.079330795750546551 -0.079486264578486454 -0.07933079575390771 -0.078863912694836946 -0.078084182471783559 -0.076989206007320121 -0.075575600855222663 -0.07383897502803051 -0.071773889291141951 -0.069373803729639361 -0.066631001800878234 -0.06353648080635857 -0.060079791027812635 -0.056248796286535584 -0.052029319218070594 -0.047404643965503798 -0.042354967287692419 -0.036857532396067309 -0.030891335669925059 -0.024465887736638312 -0.017766293916658051 -0.011583995180835253 -0.007115041599966618 -0.0043536166175715445 -0.0024501659558532839 -0.0010238959442777306 7.9089713488542595e-05 0.00091818949807141519 0.0014995206909755952 0.0017879723247029898 0.0017072678402355527 0.0015624205125389036
        </DataArray>
        <DataArray type="Float64" Name="gamma_xy" format="ascii">
          -0.062427144337320724 -0.047732558305705254 -0.023721973556621947 -0.0083599269398426691 0.0016532363476427672 0.0082165301501156331 0.012477924680538002 0.015161511338876514 0.016741041328361614 0.017536473160578173 0.017769775414600605 0.017598347608132087 0.017135929174950423 0.016465949881536823 0.01565022837255254 0.014734885132242562 0.013754474363273449 0.012734843161429286 0.011695172842054503 0.010649496849006772 0.0096078363250382583 0.0085770526364415262 0.007561496003387954 0.0065635095265286943 0.0055838290702243318 0.0046219067606289794 0.0036761775277112108 0.002744282975563732 0.0018232634716576089 0.00090972665349589479 -2.6891778625963425e-11 -0.00090972668094852535 -0.0018232634680131145 -0.0027442829147318968 -0.0036761774020063155 -0.0046219066533651435 -0.0055838289935002568 -0.0065635094372800944 -0.0075614958974358016 -0.0085770525776838503 -0.0096078363208595974 -0.010649496843991078 -0.011695172840756935 -0.012734843164728232 -0.013754474368287421 -0.014734885158843665 -0.015650228419252808 -0.016465949932744844 -0.017135929243046889 -0.017598347679766958 -0.017769775487925812 -0.017536473249906065 -0.016741041444136164 -0.015161511481649664 -0.012477924821865263 -0.0082165302717296922 -0.0016532364480399879 0.0083599268477601019 0.023721973511610234 0.047732558314478507 0.062427144355189215 -0.058219679896162661 -0.050116163223092043 -0.035698163707492223 -0.024474416480427114 -0.015751125978851609 -0.0089790464961254403 -0.003736315371863805 0.00029936677844795553 0.0033754486657755533 0.0056835424973115606 0.0073736390503487542 0.0085644553764599885 0.0093507466218805714 0.0098087526127902201 0.010000291070828513 0.0099757691014848004 0.0097764171643688613 0.0094360463253959533 0.0089824387119572715 0.008438426058725787 0.0078227391046918823 0.0071506932688597249 0.0064347534705377837 0.005685006437555068 0.0049095601215700165 0.0041148857187229696 0.0033061152181478632 0.0024873055998146927 0.0016616784114829345 0.00083184163569539546 -4.9979433840250526e-13 -0.00083184162988174165 -0.0016616783949906311 -0.0024873055401473049 -0.0033061151037502138 -0.0041148856270856789 -0.0049095600674046421 -0.0056850063662372352 -0.0064347533794021586 -0.0071506932209381997 -0.0078227390940523549 -0.0084384260280843289 -0.0089824386801411402 -0.0094360463032001872 -0.0097764171506335134 -0.0099757691149612842 -0.010000291107841701 -0.0098087526525936861 -0.0093507466576549497 -0.0085644553929598924 -0.007373639052149961 -0.0056835425057271682 -0.0033754486935270132 -0.00029936683536120178 0.0037363152990405818 0.0089790464197996873 0.01575112589693389 0.024474416390696002 0.035698163639656298 0.050116163171513246 0.058219679835133639 -0.038687707933678948 -0.038666832693844314 -0.037332190646948177 -0.034065894043362625 -0.029909414929611376 -0.025473523942392978 -0.021106661768181094 -0.017000250182723945 -0.013252196345018319 -0.0099045946428696942 -0.0069670425883261305 -0.0044306004204514148 -0.002275488989113005 -0.00047614437615583127 0.00099548018477199846 0.0021680378394922316 0.0030698964943115456 0.0037285426348791016 0.0041701306271755946 0.0044192583185265963 0.0044989081062046712 0.0044304728582874936 0.0042338175983173462 0.0039273574023212954 0.0035281481444755756 0.0030519929225125216 0.002513567562778546 0.001926567339909771 0.0013038742559869474 0.00065774271319070496 1.0146958292589318e-11 -0.00065774270508449774 -0.0013038742556286888 -0.0019265673222118211 -0.0025135675167160814 -0.0030519928905623243 -0.0035281481441357169 -0.0039273573909054593 -0.0042338175706102769 -0.0044304728465203924 -0.0044989081071687281 -0.0044192582981024417 -0.0041701305907351381 -0.0037285425926536133 -0.0030698964665174036 -0.0021680378325663195 -0.00099548017386106961 0.00047614440128963798 0.0022754890292812518 0.004430600490487796 0.0069670426916217734 0.0099045947526726942 0.013252196440340173 0.017000250253603685 0.021106661811456477 0.025473523957631604 0.029909414918371267 0.03406589401506168 0.037332190612462013 0.038666832633070275 0.038687707848475916 -0.017221773907009501 -0.01813039284741217 -0.019593400662721576 -0.02024680904554289 -0.020031535273105923 -0.019079370826247014 -0.017575586726592402 -0.015701018756429867 -0.01361184411845039 -0.011435712671418937 -0.0092710314268810209 -0.007190566180040687 -0.0052479473736212817 -0.0034809428909425948 -0.0019137582800190592 -0.00055933224736347883 0.00057783218233592524 0.0014994906542280806 0.002212404543731482 0.0027273445273664006 0.0030581247540083867 0.00322068019046285 0.003232249011433137 0.0031107035445805615 0.0028740450855213799 0.0025400563766507078 0.0021260936668370308 0.0016489953179713438 0.0011250830229036484 0.00057023345318605364 -1.5306049017203144e-11 -0.0005702334830198836 -0.0011250830584127183 -0.0016489953595709068 -0.0021260936933252443 -0.0025400563904655477 -0.0028740451161325432 -0.0031107035850304987 -0.0032322490346254045 -0.0032206801993685977 -0.0030581247640195305 -0.0027273445447435077 -0.002212404538584639 -0.0014994906138256605 -0.00057783216022230083 0.00055933225222932039 0.0019137583163126113 0.0034809429508684767 0.0052479474230936506 0.0071905662391604881 0.0092710315051793245 0.011435712744884065 0.013611844179164421 0.015701018807813875 0.017575586769281282 0.019079370861925741 0.020031535307765823 0.020246809068594961 0.019593400676684438 0.018130392850215372 0.01722177389997671 -0.0055021611080592345 -0.0062461383865796173 -0.0075593952927130214 -0.008488902771536147 -0.0089722320255579083 -0.0089827464647932453 -0.0085483395947396831 -0.0077360722628035108 -0.006631342722259524 -0.005323057179599403 -0.0039037161487455465 -0.0024600491613141003 -0.0010607683421708905 0.00024100502518158227 0.0014055004176845435 0.0024035147464809108 0.0032165698269970202 0.0038375344520651363 0.0042689382873880941 0.004520352109808415 0.0046058608183164665 0.0045420349114031634 0.0043464661336661617 0.0040367953856045961 0.003630124682822514 0.0031427098853505134 0.0025898503966945569 0.001985912436312054 0.0013444402332257526 0.00067832357010744909 -3.2797896275488063e-11 -0.00067832362591834265 -0.0013444402896572217 -0.0019859125062764078 -0.002589850438538409 -0.003142709889647371 -0.0036301247135065912 -0.0040367954453572243 -0.0043464661637927669 -0.0045420349182429343 -0.0046058608219567915 -0.004520352121637464 -0.0042689382893136459 -0.0038375344311962082 -0.0032165698258799945 -0.0024035147646526184 -0.001405500419016004 -0.0002410050161429228 0.0010607683344377949 0.0024600491526154226 0.0039037161415327155 0.0053230571575597092 0.0066313426919211863 0.0077360722341339788 0.0085483395787383006 0.0089827464652733734 0.0089722320263859543 0.0084889027538462541 0.0075593952699504058 0.0062461383753392649 0.0055021611005967109 0.0026997702978922484 0.0014011590812788161 -0.00068779483727816697 -0.0018472952943792871 -0.0022386257775359021 -0.0020007745983860706 -0.0012633204200281703 -0.00016085108796624458 0.0011643098928140318 0.0025781433750835065 0.0039922987018432814 0.005334471543328478 0.0065247573666748901 0.0075033611976185258 0.0082301551240058449 0.0086922014975705699 0.0089034986671224017 0.0088926769803000811 0.0086933587014583185 0.0083385675710807884 0.0078580314252779809 0.0072772116860475231 0.0066172610342885192 0.0058954255774421923 0.0051256190144239547 0.0043190252634791697 0.0034846615460725873 0.0026298758277945164 0.0017607748395606076 0.00088259075348711097 -2.9763589677730615e-11 -0.00088259080817771848 -0.0017607748897109205 -0.0026298758841184523 -0.0034846615669086979 -0.0043190252521975265 -0.0051256190445287285 -0.0058954256420663074 -0.0066172610862319332 -0.0072772117259634443 -0.0078580314585891854 -0.008338567597104175 -0.0086933587275053893 -0.0088926770065396194 -0.0089034987056991477 -0.0086922015456036422 -0.0082301551726255973 -0.0075033612501452154 -0.0065247574264438446 -0.0053344716077777313 -0.0039922987528491797 -0.0025781434147797485 -0.0011643099403763836 0.00016085104113427919 0.0012633203919347794 0.0020007745715542023 0.0022386257242903601 0.0018472952255996719 0.00068779477433735144 -0.0014011591270739693 -0.0026997703329118363 0.0047257773662330591 0.0032732103171440111 0.00099896904785849337 -9.8741212697099092e-05 -0.00017767228728398762 0.00062173208513376273 0.0021607641721527286 0.0042834414131734909 0.0067879183973235816 0.0093888419491630296 0.011706932545512102 0.013513087681042198 0.014754750393575339 0.015394095420209312 0.015487115913305663 0.015159796695648603 0.014533931335302865 0.013707415047129285 0.012752937151834306 0.01172195988283745 0.010649580592803029 0.00955886153583611 0.0084642823404656609 0.007374345186529037 0.0062934753446532796 0.005223374078957203 0.0041639621273147562 0.0031140250311276273 0.0020716460432234477 0.0010344917599334753 -1.2162573736779897e-12 -0.0010344917620845695 -0.0020716460396153651 -0.0031140250152350128 -0.0041639620860920825 -0.0052233740336499945 -0.0062934753306736046 -0.007374345195034316 -0.0084642823578494689 -0.0095588615568134375 -0.010649580613998049 -0.011721959906598699 -0.012752937180956419 -0.013707415080368164 -0.014533931371205497 -0.015159796738067324 -0.015487115968020073 -0.015394095485430028 -0.01475475046407493 -0.013513087746426223 -0.011706932586560659 -0.0093888419774111054 -0.0067879184347633742 -0.0042834414451630408 -0.0021607641980514072 -0.00062173212907766344 0.00017767223318844013 9.8741166764915213e-05 -0.00099896908830520424 -0.0032732103568616257 -0.0047257774065052778 0.0025134619905899181 0.0012557639724459521 -0.000818707234542684 -0.0020276414200189712 -0.0023986358701040956 -0.0019465252589267342 -0.00067072476097476154 0.0014411414765587488 0.0043973509801414181 0.0081503062443134718 0.01240042435833639 0.015955318266425187 0.017815384227567576 0.01829931190518818 0.018000807025850007 0.017259645348767449 0.016272200052999414 0.01515336281323299 0.013970199165456368 0.012761282147698363 0.011548121715689698 0.01034202840901753 0.0091482692226251966 0.0079685906955891412 0.0068027464491571925 0.0056494133034226705 0.0045067302933794445 0.0033726046821828267 0.0022448744008842685 0.0011213826484669123 2.9378635591978397e-11 -0.0011213825864020491 -0.0022448743219203419 -0.0033726045835245451 -0.0045067301936577223 -0.0056494132153623918 -0.0068027463717422743 -0.0079685906329130321 -0.009148269173061007 -0.010342028365641411 -0.011548121681618236 -0.012761282123760558 -0.013970199149345247 -0.01515336279972552 -0.016272200039750561 -0.017259645354567685 -0.018000807041567493 -0.01829931191886074 -0.01781538424654857 -0.015955318289247906 -0.012400424381162456 -0.0081503062755475825 -0.004397351026260988 -0.0014411415208606725 0.00067072472181488839 0.0019465252221409512 0.0023986358607357332 0.0020276414363672389 0.00081870724641423451 -0.0012557639723109403 -0.0025134619986442257 0.00089888465895098348 -0.00016718620129380313 -0.002088925543841959 -0.0035253214857021093 -0.0043744436619312828 -0.0045588878653812339 -0.0039813448579201815 -0.0024984724529473986 0.0001007308521081328 0.0040937054766131695 0.0095485383358133516 0.014484134205660484 0.016912966385470199 0.017477103629301716 0.017208568477253661 0.016538983705432636 0.015664626457156897 0.014681326116737878 0.01363761727035639 0.012558603138390984 0.011457498639649306 0.010341435861280196 0.009214437329482978 0.0080789470348953778 0.0069366159272180161 0.0057887007902815788 0.004636263747586921 0.0034802702652641238 0.0023216368131330142 0.001161254241711791 4.2244574483506214e-11 -0.0011612541478394404 -0.0023216366922535576 -0.0034802701325440371 -0.0046362636305842956 -0.0057887006891377676 -0.006936615829484293 -0.0080789469526200575 -0.0092144372647001774 -0.010341435802985927 -0.01145749858945188 -0.012558603090716849 -0.013637617228385492 -0.01468132607341777 -0.015664626417117841 -0.016538983696390397 -0.017208568470397249 -0.017477103608150857 -0.016912966371348773 -0.014484134215237119 -0.0095485383672263939 -0.0040937055180774043 -0.00010073091285973598 0.0024984723819529812 0.0039813448017215931 0.0045588878349162257 0.0043744436716002845 0.0035253215234099505 0.0020889255743599816 0.00016718622711309607 -0.00089888463321533604
        </DataArray>
        <DataArray type="Float64" Name="reaction_force" NumberOfComponents="3" format="ascii">
          3.0357341217080912e-07 -187.04192891217951 0 2.8556398064061504e-08 -106.20429419285443 0 -8.7740180446615944e-08 -90.002918461262908 0 -1.6616607634539221e-07 -80.072476518094874 0 4.7760025057384183e-08 -73.783647327080104 0 -1.1612943059571993e-07 -69.734098577364051 0 2.0754431241150495e-08 -67.13058542806786 0 -4.1320984748475257e-07 -65.500072441013245 0 -2.3476884704149645e-08 -64.546683989823052 0 1.5099435155412978e-08 -64.077427396862859 0 -9.2539365960009583e-09 -63.960911789962339 0 4.0512698082621728e-08 -64.104443315092752 0 1.6269314073784374e-08 -64.440427739599059 0 1.9536045844645756e-07 -64.917916376370286 0 1.1672290035423629e-08 -65.49728949314698 0 -4.5371177875270449e-07 -66.147087074289672 0 2.586648411792943e-08 -66.841714534648204 0 7.4701159999955411e-08 -67.559885054216068 0 1.5852026377531492e-08 -68.283645530375338 0 -1.9025823616749949e-07 -68.997680566181074 0 3.720335141301682e-08 -69.688803817954735 0 1.4888452926635278e-07 -70.345593469236505 0 -8.8326070435840441e-08 -70.958136585150299 0 4.5170626363434462e-07 -71.51784945844507 0 -7.8228176233136694e-08 -72.017348814723377 0 -1.450975577677022e-07 -72.450361347645142 0 -4.8719490275875645e-08 -72.811657648626891 0 3.0392652755628497e-07 -73.097006853309665 0 -4.0686047339172913e-08 -73.303144502216043 0 -7.6633021873750344e-08 -73.427751441989329 0 -7.1749384454120521e-08 -73.46944091433727 0 1.9045995697246675e-07 -73.42775147815459 0 8.4811537539166011e-09 -73.303144516099692 0 -9.2002227825747349e-08 -73.097006926948382 0 -5.0506841870465481e-08 -72.811657684371113 0 -9.4114308201276307e-08 -72.450361324873839 0 -2.8607134417120044e-08 -72.017348833502524 0 7.7701732251672332e-08 -71.517849455265733 0 -5.3295452720752182e-10 -70.958136625028629 0 -8.4447813466806759e-09 -70.345593380738592 0 -2.3359227930941321e-10 -69.688803801896356 0 5.7705307997768e-08 -68.997680582397265 0 2.2394410226323905e-08 -68.283645511549636 0 -2.6460334437325963e-08 -67.559885057958112 0 4.9604657338375044e-08 -66.841714521763308 0 6.0646203458356376e-08 -66.147087102016087 0 -1.0445799694787555e-08 -65.497289475210209 0 8.4164596702598414e-08 -64.917916301015183 0 -3.1267009139435656e-08 -64.44042766936613 0 -9.5532279847446661e-08 -64.104443278701837 0 -4.2869267388112224e-08 -63.960911682070275 0 1.1476727606927454e-07 -64.077427279071983 0 -5.4654373906052556e-10 -64.546683863328568 0 -2.7225284562694017e-08 -65.5000724496213 0 6.7509624027185894e-09 -67.130585348940571 0 -8.4741493636039018e-08 -69.734098576211011 0 -8.7475235678291646e-09 -73.783647261038212 0 -1.4056182519283524e-07 -80.072476548551379 0 2.2375705349513657e-09 -90.002918555584202 0 2.9325871954316561e-09 -106.20429417627632 0 -2.9008316530690691e-08 -187.0419289617125 0 1.0752708746986963e-08 1.831589902257506e-08 0 -4.2096490483746762e-08 2.7281069187629079e-09 0 -7.1665096564613929e-08 1.5087826993717846e-07 0 -2.0283181166047151e-07 4.2344780354203522e-09 0 3.9631726380861429e-08 -1.339046323426907e-08 0 1.3056493511067386e-07 1.194101264941571e-07 0 6.4600442909692618e-08 4.3242394351381994e-08 0 -2.6250897077750431e-07 2.0540953385157057e-07 0 2.6989502949102402e-08 -1.0743880882125013e-08 0 2.3492605839908491e-07 1.3898428881525929e-07 0 -5.1252144660354669e-08 5.3944557970322853e-08 0 -6.7889637232986935e-08 5.0275786367815796e-08 0 -8.1405204580420902e-08 1.844716739984144e-08 0 6.4799672604753505e-08 -2.0091914410403835e-07 0 -4.0750630190549021e-08 -1.4968875150856273e-08 0 -6.3532938886382343e-08 -2.5434444602354515e-07 0 -7.9764530737058665e-08 1.3170061185505714e-08 0 5.8225753874226151e-08 5.079084002772989e-08 0 -1.5233708594111763e-08 -7.8742950446429069e-08 0 6.1683255572299736e-07 2.7161266781577917e-08 0 8.2014761862459247e-08 7.1946159365565119e-09 0 -8.721205179847411e-07 -9.8882845274034951e-08 0 2.2749739479318845e-07 -9.269799316275687e-09 0 -5.7263134069848962e-08 7.9321900406345708e-08 0 2.3857193750876667e-07 7.7187158200798771e-09 0 -3.2392063709819885e-07 -2.3166616847967884e-07 0 2.0491026297095585e-07 3.3000779704060732e-08 0 -6.2080187188018048e-07 2.5450234416081719e-07 0 1.3704051143743144e-07 2.744937934941793e-08 0 4.798098145140757e-07 -3.2499849521284406e-08 0 -2.7161415409915038e-08 3.9106860691619133e-08 0 1.3260552532525939e-07 -1.6725211904280587e-07 0 -6.5789681115735594e-08 -2.8862737571161173e-08 0 1.945133505056295e-07 -7.6783060758169397e-08 0 9.8543694470702787e-08 -1.8793091908857324e-08 0 -2.381619034887063e-07 6.2898874098524466e-09 0 4.2235958176315574e-08 3.7069365934388275e-08 0 -2.6689210161036133e-07 -3.8045553242266321e-08 0 2.2105299559511863e-08 7.5696435281435694e-09 0 -6.5972820908866604e-08 1.551910096333933e-07 0 7.5758108775644697e-08 -4.0221502871739179e-08 0 7.1096673941250086e-08 2.538186019287062e-08 0 3.0435130828120584e-09 -2.6876850798015112e-08 0 1.6644345497387021e-09 6.2462179783792893e-08 0 -6.4503159972617532e-08 7.4488200389316191e-08 0 -1.2135072569682634e-07 -6.6098794526210162e-08 0 -2.9912039330279937e-08 3.5931711518760131e-08 0 -1.3373313244291242e-07 -2.649809627366289e-07 0 -8.2891694591826976e-08 -3.4612608018628969e-08 0 6.9600742301974902e-08 -1.7624014114953854e-07 0 -2.0444849030758007e-08 -1.719708700477752e-08 0 4.0668895481521199e-08 4.2710101878970224e-08 0 -4.4205190945472746e-08 2.3030913612432305e-08 0 2.9719356137385004e-07 2.4644211861683902e-07 0 2.6035550886682577e-08 -5.0957825222927662e-08 0 1.1373811068298053e-07 8.2595663293688785e-08 0 6.6632342560966322e-09 -2.441510783586298e-08 0 9.6968429023449174e-08 1.3360284876742152e-07 0 2.3802412514161088e-07 -3.5235127776482775e-09 0 -2.9026434091239564e-08 2.323171067754527e-07 0 2.6540440721792293e-08 -2.7236887686099948e-08 0 -4.7053814896125871e-08 4.9649541131956722e-08 0 9.6883306058975615e-08 1.8302984456203736e-08 0 8.3924112782302994e-08 -1.1352188432100363e-08 0 -2.5532493855967051e-07 6.8052509048327173e-08 0 1.5424165224559108e-08 -8.9456893466005711e-08 0 3.3083897433662042e-07 6.4721283761113997e-08 0 7.7789212644530356e-08 -2.7131434051229303e-08 0 -1.6508864699408821e-07 7.777015560237126e-08 0 -4.0718799916147634e-08 -7.934605631694788e-09 0 2.6138794283027481e-07 -5.527494533111972e-08 0 7.5281923645332152e-08 -4.1603515641612007e-09 0 -7.9255894335157032e-08 1.1780305028882465e-07 0 6.0920548934129674e-08 5.3430817490957166e-08 0 2.3164040319327614e-07 -5.3724554606018401e-08 0 -1.065264239919895e-08 6.5502644205803575e-08 0 8.2504189251728179e-08 -7.8704437106646846e-08 0 -2.1369709199000835e-09 -2.5472166061897649e-08 0 -1.1436703318769412e-07 3.1620483938635153e-08 0 -5.4306417902903165e-09 -4.6641275537041625e-08 0 3.840141416773534e-07 9.3035669492501368e-08 0 -2.5164153950076777e-08 -2.5935648048355367e-09 0 -2.7770818086733059e-07 8.5342767350383067e-08 0 -1.5218517916467646e-07 -2.6636898457294208e-08 0 -4.8151453806795925e-08 7.4943436477087805e-08 0 -1.4504977314770533e-07 -2.6861055605283407e-08 0 3.3041517682179622e-07 -9.298322127684855e-08 0 -4.6712805148494779e-08 4.081646539567272e-08 0 -9.9967425383097191e-08 -6.765445047336502e-08 0 2.3178326673622862e-08 -3.471703069081297e-09 0 1.0621780987122027e-08 -2.0801110256396094e-07 0 1.3811527145843448e-09 -1.5771765352273755e-08 0 1.0001980398318028e-07 -2.3659521913032422e-08 0 4.232557634379878e-09 -8.7957746105708115e-09 0 -3.0173585268508738e-07 -4.3291367455295782e-08 0 1.169952203121156e-07 -5.1372050187916299e-08 0 6.1642056535778126e-08 6.0697382525786411e-08 0 6.1581869084909047e-08 -1.5522054486943266e-08 0 -1.7622071117123018e-07 4.510345670265324e-08 0 3.8184725982743278e-08 -3.0355982975591588e-09 0 -3.7852582782222446e-07 1.7554737490243667e-07 0 3.0817293741000028e-08 -8.6013502831680785e-09 0 -6.3935467146737906e-08 2.7806763948612536e-08 0 -7.6487794018564114e-08 -4.0535990466831313e-08 0 -1.5532454550089446e-07 -1.5595816315249292e-08 0 -1.2630907987958029e-07 -2.7632067093882164e-09 0 -2.8921797580296739e-07 -1.8755018444466838e-07 0 -5.885955430483595e-08 -2.4962668210759932e-08 0 1.0988347505782037e-07 -7.079925280596679e-08 0 5.1881840316789377e-09 -5.8174484863934442e-08 0 1.1268285089616778e-07 3.4716617677124192e-08 0 -3.1848999838859439e-09 -5.90264218968302e-08 0 1.7911874918854027e-08 9.0851361488290589e-08 0 3.3469691124084721e-08 1.5991059731877081e-08 0 3.1515245851284349e-07 1.9771651752306091e-07 0 -8.3030748837887066e-08 5.058799066018667e-08 0 4.2814147233126301e-07 2.2854235333388503e-07 0 4.9450422447992283e-08 -1.7219080830808017e-08 0 2.4283407650517946e-08 -4.8102115164037555e-08 0 2.6366528150936651e-08 -5.2476164084977779e-08 0 5.3422326920247813e-08 1.1860676732055833e-07 0 6.4438931967836632e-09 1.2900329293133187e-07 0 -2.8110825738876984e-08 3.2344493054922738e-08 0 4.5176831672421529e-08 2.1182808290440683e-08 0 8.9898165627972894e-08 -7.6657208035417038e-09 0 -1.6742095394998039e-07 1.9295955881290975e-08 0 7.136111735680891e-08 -5.0864836414593511e-08 0 -4.1382566941451705e-08 6.5953816916502438e-08 0 2.534561086568529e-08 -1.205885189655734e-07 0 -7.2873173794910509e-08 5.6998076661101052e-08 0 1.1616487571335775e-07 -9.3235554256913893e-08 0 9.3229681471780576e-09 4.870995765218661e-08 0 3.6779948824382908e-08 -3.92460903800886e-08 0 -5.2783234761198225e-09 2.1501122525437764e-07 0 4.9796702905724975e-08 -1.4729625665416172e-07 0 6.6022951515126861e-08 -3.9414738685065916e-08 0 1.4073153057992305e-07 1.0285580390761268e-07 0 7.956370423651813e-08 -5.8481024326753488e-08 0 -6.7578554766124131e-08 -2.1797420385592798e-08 0 -5.1006329505055474e-08 6.7059880069276683e-09 0 -3.4364513220930198e-08 5.4981299339167193e-08 0 -2.3910298392341442e-08 -2.0915333794281614e-08 0 2.2755045711713104e-07 -2.6002421813376122e-09 0 -3.0939070367224701e-07 6.1802901997582293e-08 0 8.2197517101348803e-08 1.8547349790358558e-08 0 1.3776607771407986e-07 1.6453078595468123e-08 0 1.1303719473290624e-07 -3.2295163918328016e-08 0 -5.6889246971174367e-08 -1.2740579781431426e-08 0 6.2472116112160638e-08 -3.7252745898820142e-08 0 -2.1880238065776204e-07 -3.5181287147011248e-08 0 1.2942085831292853e-07 -1.8511031359795624e-08 0 -3.2120032608964957e-08 -4.7105894548211335e-08 0 8.306343401021308e-08 -3.0068088388214036e-08 0 -1.0510974486765075e-07 -1.0712282514378127e-07 0 1.7064002807860529e-07 6.0224914459222424e-08 0 -1.7657992530107805e-07 -5.7538764742880784e-08 0 -1.8732739404162968e-07 -7.1430548938493303e-08 0 1.0825096609294473e-07 -1.6036183452321517e-08 0 3.0893433526466936e-08 1.8685514516669639e-09 0 9.518171861018727e-08 -4.1711303701698263e-08 0 -1.6852479106558551e-07 -5.6852231112036131e-08 0 -6.9860400595931658e-08 -1.3562005430054995e-08 0 -2.2098954497145267e-07 5.1065448526699623e-08 0 7.1131706059585959e-09 2.19222663421388e-08 0 -1.6104043710924924e-07 -6.7119270579775597e-08 0 8.2087932866472051e-09 2.1962210207093244e-09 0 -1.0757946886325092e-07 2.1330074191259835e-07 0 3.1422546367579295e-08 -6.7567989041531534e-08 0 1.0095059711744927e-07 6.062270344825527e-08 0 3.9342240354637845e-08 -1.6658735952005766e-08 0 7.7769456177995172e-08 4.4409430967786668e-08 0 3.4087828340535659e-08 4.2261364590245473e-08 0 8.7708167892067217e-10 -3.3669385844868436e-08 0 -9.9037030337790881e-08 -2.9901741079720966e-08 0 -9.0170945520203332e-08 5.960807178758658e-08 0 7.0639520326929553e-08 4.8801395997733692e-08 0 -1.6599557799542102e-07 7.6139542248918315e-09 0 1.2620010991598673e-07 3.1448383620331585e-08 0 3.286110153529533e-08 -4.7492268928273603e-08 0 -2.3220337217430767e-08 3.1252300992362126e-08 0 -5.9159470242973378e-08 -8.2463445096403217e-08 0 -1.3200196915087405e-07 -5.8393379149769114e-08 0 5.6603329049024841e-08 -6.2325286710010822e-10 0 3.0614477102094015e-08 -4.3112290995349954e-08 0 1.206937160819996e-07 -6.3229880067569465e-08 0 -2.6818883345586013e-07 6.0890795798510489e-08 0 3.4375471822903536e-08 3.2382954288240691e-08 0 4.7720958591005348e-08 -1.0679785523282771e-07 0 -4.3280805834411173e-08 2.7343134000657538e-08 0 7.5495749947674109e-09 3.6310312166143156e-08 0 -4.0961979095554557e-08 2.404082840702481e-08 0 -1.0411031965500425e-07 1.1525183417720211e-07 0 1.0496035224881621e-07 -2.5656898004905528e-08 0 -3.3772781983527973e-08 -6.1772957724622733e-08 0 6.6927241416412e-08 5.4658746980712202e-08 0 5.9312114911385056e-08 -7.0962507833765888e-09 0 1.1728225744376727e-07 -3.6275070562884867e-08 0 -6.4632189052131308e-08 1.634949893963988e-07 0 -6.1919173444993555e-08 -4.5802436906624642e-08 0 1.3608369509321502e-07 -5.0186651298218684e-08 0 6.7637273566802218e-08 -7.5880706244314569e-10 0 -1.1697277146791379e-07 1.1484542353241677e-07 0 1.9464935089144562e-07 -9.550201850173048e-08 0 -1.0231983613286214e-07 7.5184700638854263e-08 0 9.7021395408816769e-08 1.036403830116963e-08 0 -1.1847119656280823e-07 3.9324953216932541e-09 0 3.4901678211700249e-08 -1.1883335625423215e-08 0 -5.9308239154277209e-08 -1.2518112387339678e-07 0 3.5573123929838656e-08 -5.739182189634323e-08 0 -2.3177547902854984e-07 -6.5824120430878683e-09 0 2.2870012869806896e-07 -4.4892059145040692e-08 0 -2.0068400055307323e-07 -7.5963484670828844e-09 0 7.692534342392781e-08 -1.6151617856487431e-08 0 5.3363433056631804e-08 -1.1557243210977251e-07 0 -2.1196643458208643e-07 -2.4698288500168144e-08 0 2.1093591476223302e-07 5.2817520803398597e-08 0 -2.0408477981887795e-08 -9.5616203208663717e-09 0 -6.2088357387710609e-08 -1.5509709799900663e-07 0 1.8959319491449889e-08 -4.3400829204372958e-08 0 7.1855536602171775e-09 1.0749217474488278e-07 0 -9.8634299058108513e-09 -1.4838864495370184e-08 0 -8.3133050562419385e-08 -1.8572774001798216e-07 0 1.796827216356779e-07 2.9534510697602983e-08 0 -8.0219583593782162e-08 -1.0183229408973784e-08 0 -4.6299161717222241e-08 4.7971118060435713e-08 0 -4.6667160446556446e-08 -7.2378968653428101e-08 0 -9.7239951516261655e-08 -1.8091975928190015e-09 0 -1.6543739637921465e-08 4.012145873542858e-08 0 3.3696028430737033e-09 -1.365859467749041e-08 0 9.4634911682112649e-08 -4.7526756348331948e-09 0 -1.0350240477355418e-07 2.1000045922026312e-09 0 -6.3613236987397091e-08 -2.1513699769939383e-08 0 -2.3110205874276093e-08 2.2454895226832589e-08 0 1.0836721843813715e-07 1.3296947451573629e-08 0 7.5356679796903583e-08 7.9463311620725985e-08 0 -2.4265132224926326e-07 -1.9692852690655609e-08 0 4.3515684623559275e-08 -7.7676595710069154e-09 0 -1.8437190578967585e-07 -7.4335177750669996e-08 0 -2.1497762111014418e-07 -7.8189788567147539e-09 0 -5.2734687114735766e-08 -1.0902902394389694e-07 0 1.2524387338676829e-07 1.5179934779067303e-07 0 3.9715702544296451e-08 -9.343182751037158e-09 0 4.5978816407822752e-08 2.6303766484727693e-08 0 -9.6875408225583016e-08 -8.7620727897822422e-08 0 9.1518940247520664e-08 -6.0556191540355486e-09 0 1.5496677201318664e-08 7.679943054606118e-09 0 2.7721048049390811e-08 5.4417177598969003e-08 0 1.9512703299134554e-08 -1.72805432029668e-08 0 1.6507677943353366e-08 -6.7011902757224605e-08 0 1.0952148423923473e-08 -6.138344615268615e-08 0 1.0999740287032184e-08 6.7430881605136823e-08 0 -4.2253665321163128e-08 6.2215641984732712e-08 0 1.3557971305891304e-07 -7.2908484532729106e-08 0 -9.4153467887824422e-08 5.3191083117691972e-08 0 -2.4899282370885988e-07 1.5673006947093064e-07 0 9.233531725354421e-08 7.3563073990248651e-09 0 -2.2867393224945051e-07 3.2577546736357787e-09 0 7.6481381955557317e-09 -1.459812056074238e-08 0 4.7589109943112717e-08 4.1105562736754562e-08 0 -5.2440639628464255e-08 9.9903728140832431e-09 0 -2.2317594102185224e-07 4.2817049471557189e-08 0 -2.7535268691007557e-08 2.298680022891276e-08 0 -3.796318086292067e-08 9.5963977357159377e-08 0 2.1282358014461195e-08 4.3516257654237432e-08 0 -8.4275028925769134e-08 3.7898923839464065e-08 0 -4.476990507938968e-10 1.2920881180897192e-08 0 -2.3707790002395516e-07 7.3794287426264448e-08 0 -3.8602328541765333e-08 -2.4456630157823175e-09 0 8.2605158312751942e-08 -8.8107019478368831e-08 0 -4.299114847053805e-08 1.1962940520284499e-08 0 -2.2333021294709724e-07 1.2841167581208549e-07 0 -1.1396051080737021e-08 1.3193177047769548e-08 0 2.1991244292781186e-07 -1.2607134520722703e-07 0 5.0954712805425163e-08 2.09937266708822e-08 0 -1.389585190884161e-07 -4.4025579183876137e-08 0 2.6598541247438313e-08 -2.8536785246399132e-08 0 4.2660637684690077e-08 -1.3093016351028116e-07 0 -5.7419264237435251e-08 3.4602984981749472e-08 0 1.1883339363511785e-07 -1.4364066934050637e-07 0 -5.7592413807764619e-08 -1.9191491856543067e-08 0 6.3506690868250523e-09 5.835920170748842e-08 0 2.2429057690927827e-09 3.7153935190358716e-08 0 2.4272933493514256e-07 2.8301249411550561e-08 0 -1.70709173185587e-08 1.7644502162903392e-08 0 1.6657639855784581e-08 -4.5961948746202014e-08 0 4.860638086253158e-08 -3.7776819054215482e-08 0 2.3362124735808135e-08 1.0944724222876628e-07 0 4.6898695925096231e-09 4.5946493285448216e-09 0 1.8717415277017736e-07 7.6491803626650321e-08 0 1.5962550155394519e-09 3.3483261877687348e-09 0 -4.2765582758690759e-09 1.3151858359849098e-07 0 7.4762814361894912e-08 1.0619867814690886e-08 0 -4.9482795140312369e-08 2.2713184808882612e-08 0 3.611423658806391e-08 -1.271930784641218e-08 0 -8.8076634296222712e-11 -2.1036174476137912e-08 0 -3.6138652015150566e-08 -3.7251590326772457e-09 0 -1.5984379410784286e-07 -5.3825796675263496e-08 0 -3.6110205792449674e-08 -2.5419184122104676e-08 0 -7.4687800759080715e-08 -7.8382923547081673e-08 0 6.4890654619369173e-10 2.320721170957181e-08 0 1.4752562210639226e-08 1.4199524335012075e-07 0 1.9830965991962143e-08 2.3024618872272686e-08 0 3.4363793277699742e-09 6.9639729571088833e-08 0 2.3875511133704195e-08 -4.9757749289369937e-08 0 2.2288821209971958e-08 4.7763129658169958e-09 0 -2.0640712873910645e-09 -2.2887957601271852e-08 0 1.2965816330948572e-08 -1.0718087737814038e-08 0 3.9276640290324354e-08 1.4358912260192869e-08 0 7.1595805007392396e-08 -5.1569707422431584e-08 0 -5.6449770404231074e-08 -2.087567323014032e-08 0 7.1092761861031735e-08 -9.2398816893714177e-08 0 -4.7738013954451357e-08 6.1888197544590549e-09 0 8.6022544058661137e-08 1.0869743991849055e-08 0 6.5712504325674363e-08 5.823671774677651e-10 0 -8.1491924410919362e-08 -2.0817258525260086e-08 0 -4.9058558148858133e-08 8.0661926061773379e-08 0 -6.0427693064047154e-08 -4.1530321002880939e-08 0 -1.0194635714502724e-07 -5.0073505373893326e-08 0 1.1602012834025209e-07 -3.215284789842692e-08 0 -4.670904610274327e-08 -5.5686817848084926e-09 0 1.1561868889645137e-07 -6.1919769045907515e-08 0 -5.0815056330100135e-08 -7.1690927566179463e-09 0 -1.7827002234407979e-07 2.2610013841275551e-08 0 1.5904213508553766e-07 4.0841488658520879e-08 0 -1.4121003332872811e-07 9.7329345555362686e-09 0 1.2432240066103448e-07 -1.3180931220536334e-08 0 -8.5230759588956209e-09 3.9830042417387284e-10 0 -7.8700916560943543e-08 -9.3191938973901719e-09 0 -4.9440906917508625e-08 4.3438314924050499e-08 0 -5.520385446589787e-09 -7.1285662156574515e-08 0 -4.4337261381073084e-08 -6.6652441860649126e-08 0 -5.7664888940887385e-08 5.7237924405310879e-08 0 -1.0416867880724225e-07 6.1080284115880737e-08 0 1.3697593762316286e-07 4.0963177466847987e-08 0 3.373135003020962e-08 -1.5127340242394184e-08 0 -1.4461229025098263e-07 5.2661584887049669e-09 0 1.8967307637115822e-09 -7.1651503481852136e-09 0 -1.3849263212207801e-08 -1.6615347143503566e-08 0 2.5207813256917894e-08 6.6213141976883919e-09 0 4.1886454474358079e-08 -4.4054485565250799e-08 0 1.2938578696315346e-08 5.8399678161693008e-08 0 1.2284577871792332e-07 -1.1229681903520212e-08 0 2.3308523636119044e-08 2.9092624416752559e-08 0 3.7804305739552033e-07 -1.4306372023140827e-09 0 1.3135163258671144e-07 4.7396832218876115e-09 0 -8.3382259502911444e-09 -1.1621615651571898e-08 0 7.4141487924092837e-08 4.913434979759713e-08 0 7.3185131736778747e-08 2.4814571670382131e-08 0 -1.1475756800367579e-07 -9.1755498296965311e-09 0 9.826915083177117e-09 5.9010167926790187e-09 0 1.1391402640208013e-07 -4.2389145981715566e-08 0 6.5921405614074101e-09 -1.0450836672029798e-09 0 5.1703092968924078e-08 2.7044773553254593e-08 0 -5.0129356574445611e-09 -1.0688437287186777e-08 0 5.0617802607427053e-08 8.4360955775561638e-10 0 4.6528806514306154e-08 1.9165313299679923e-08 0 -3.047465163998402e-08 2.8202844829879942e-08 0 3.8168723210975734e-08 1.0071631260568419e-07 0 -7.2909083661054029e-09 -2.1588900640689041e-08 0 6.7281691106216261e-08 4.8813060249588562e-08 0 9.728733654010699e-08 -3.4790060561529685e-09 0 -7.5748319722339169e-09 -7.6557291251465645e-08 0 4.6060867852725477e-08 -6.8783826470429122e-08 0 8.7263753939651815e-08 4.815219184168108e-09 0 9.9787322571213048e-09 -3.9382593411393972e-08 0 3.693217725158888e-09 4.6596595605983036e-09 0 1.2204998186253365e-07 2.5319322687301264e-08 0 7.0935752605904918e-09 2.6774691316467531e-08 0 -5.297123754674612e-08 -9.7746327548009937e-09 0 -5.5874477438623198e-08 -6.269607239040056e-08 0 5.1271433115972203e-08 7.6839392470167366e-08 0 1.944924523518503e-08 -3.552189746837319e-08 0 3.4475340411684325e-09 -1.380646718235738e-08 0 -3.5457589040825966e-08 2.6312502129284226e-08 0 7.0177926818361358e-09 -3.7370419595152276e-08 0 2.8536810384947522e-08 -1.32324833855889e-08 0 7.7385199228306145e-08 3.1620164104129678e-08 0 -1.0596621059819397e-07 5.2808342609058785e-08 0 -1.1836541710257622e-08 6.2275896160101563e-08 0 4.0482408305417557e-08 -2.2312465267538357e-09 0 3.4353974551722669e-08 3.5456367996529615e-08 0 1.1040986426840881e-07 -9.6541249762346733e-08 0 -2.6137158972498599e-08 2.8765089834607584e-08 0 2.2072360316241752e-08 -7.2041105791735766e-09 0 4.5012946671220655e-08 -3.4844207595231599e-08 0 -5.7004704373431122e-08 1.3604427294225397e-08 0 1.4333201901761052e-07 -5.8802394101913687e-08 0 2.1859807429526844e-08 -3.5380476884953708e-08 0 -4.4156083356733251e-08 -4.4084006895324765e-08 0 -3.3580533470711066e-08 -3.3449701619188574e-08 0 4.8093600937139424e-08 -3.3049957487266765e-08 0 8.2344091925096561e-08 2.6057690927806566e-08 0 -9.4914279905430487e-09 -7.2059250853061576e-08 0 -1.9377100023963314e-08 8.3505397095787928e-08 0 1.1816897807579734e-08 -6.6591498017945469e-09 0 1.3980091371676203e-07 2.0415278548141021e-08 0 -2.4762835540025082e-07 -3.3845213431670894e-08 0 7.4405723707040304e-08 -2.1210994035678825e-09 0 -9.3413972356708877e-08 -4.7726348849520311e-08 0 5.4707621614676864e-09 3.9239748350250723e-08 0 -2.962127148741132e-08 -2.4164743178948851e-09 0 -2.1223537907804923e-07 6.2164717084041441e-09 0 8.2656067183840773e-08 3.89015328174366e-08 0 4.8695361127968189e-08 3.8472236755983699e-08 0 1.319112097196945e-07 -1.675374650418679e-08 0 6.6484953506075643e-09 -6.1900773282407591e-08 0 4.5988294597044165e-08 -2.5926191574179777e-08 0 7.3940150456327222e-08 4.4170059441059007e-09 0 -3.8592605531859872e-08 -1.9666486408970041e-08 0 4.4625396409869864e-08 -3.6507159666748792e-08 0 -5.2687815526613154e-08 -5.2080669296764153e-08 0 4.6547465119307985e-08 6.6670002707717521e-09 0 -1.7735721440751686e-08 -1.1908246695955217e-08 0 2.189766216378914e-07 4.0121057673760599e-08 0 5.5253064409124933e-08 3.0296488347585686e-08 0 7.353915960599232e-08 2.2372103653759766e-09 0 1.2628809053968013e-08 2.3488712662891777e-08 0 5.9407216487874017e-08 1.1225221550438455e-07 0 -2.396162828955817e-08 -9.5334375595657652e-08 0 -1.0294181387675289e-07 -4.1066199693765398e-08 0 1.433109041235478e-08 7.7053710566659559e-09 0 -6.5192283618107616e-08 -5.630677334486235e-08 0 1.2550211492532947e-08 -1.510239259978589e-07 0 -1.5029070367808762e-08 -6.1124675159775188e-08 0 7.2436023097013454e-08 -5.7135947036924789e-08 0 -4.6414545110492211e-10 6.1385897869488365e-09 0 6.3020995479152814e-08 3.5546170754995709e-09 0 -2.1909270544022148e-08 -2.606147561105559e-08 0 -5.7704962443743469e-08 -5.3540667526993965e-09 0 -3.1423616538758668e-08 -2.7917086803425691e-08 0 1.2228241666337332e-09 -1.8086431844677447e-08 0 -7.9983236730297998e-09 1.5307217828963139e-08 0 8.4642673095884795e-08 -6.7202296353006551e-09 0 -1.57806364773174e-08 8.9777952893545945e-08 0 5.7438010903124473e-09 1.5115625158213189e-08 0 8.7422492813713912e-08 -2.7498058758127804e-08 0 1.0793514001881738e-07 -7.6107699821939287e-09 0 3.6203870896378667e-09 6.1447058552488443e-09 0 2.289242343617581e-07 -9.4348262535959293e-08 0 -7.9753012907657507e-08 5.0182137556475936e-08 0 -2.4008997142024303e-09 5.7872000525094336e-09 0 -9.5252567696886461e-08 1.0017670604156592e-07 0 1.0106524281388698e-07 -5.0460343459235446e-08 0 -1.5686534268700029e-09 -1.7249732309210231e-08 0 -8.0975892952417797e-08 3.5597665259956557e-08 0 4.4082093035550704e-08 -3.245047253130906e-08 0 4.8137920516894198e-08 -1.3892957895222935e-08 0 -1.113437086106263e-08 9.6550252237648237e-09 0 3.3754690648483078e-08 -4.6262158548415755e-08 0 -1.220743176200308e-08 3.4295624118385604e-09 0 -5.7510985909573952e-08 -3.4777116297846078e-08 0 1.3248465895490377e-07 9.6260066584363813e-09 0 1.0844714343676604e-08 -7.2346324486716185e-09 0 -9.2429640400296699e-08 2.5195703301506001e-08 0 -1.2198582860676941e-07 -1.6122839952004142e-08 0 -4.7852486039994686e-08 1.5681393961131107e-09 0 5.7492472060209485e-08 1.6488286291860277e-09 0 -9.5275664830694103e-08 -2.6050685164591414e-08 0 -2.4881354614341529e-08 -2.4245792928923038e-08 0 -1.9451267558898569e-07 -4.6434962541752611e-08 0 2.7727943368571796e-09 2.777326812974934e-08 0 -1.7999877046359248e-08 3.4424886052875081e-08 0 -2.070862000903923e-07 4.7291166538343532e-09 0 -5.807400078708615e-08 -4.3142421191078029e-08 0 -1.6762744797083597e-08 -1.1881411410286091e-09 0 5.3509924218242462e-08 8.8732576841721311e-10 0 -4.9082820580307489e-09 8.7959790562308626e-09 0 -1.3810837570817561e-08 1.0084335144711076e-08 0 -6.3802413434829029e-08 -7.6434503171185497e-09 0 6.6134026932964483e-08 -1.2551694794638024e-08 0 -2.0311158798210348e-08 1.8709698679231224e-08 0 -4.8187534312995904e-08 7.6985173791399575e-09 0 7.1310593899590642e-08 -1.2964477491550497e-08 0 1.2443332005037938e-08 -1.4723809727001935e-08 0 4.5749884365277213e-08 -1.9126105144096073e-09 0 1.6406073943752511e-08 2.3980810226476024e-08 0 -3.3473273017523109e-08 -7.9657613838435282e-09 0 -6.0854615016971946e-09 -4.9330284301873917e-08 0 -1.1962568276455298e-07 -2.4105929636848585e-08 0 -1.9985759352398469e-08 2.5343094360135206e-08 0 -4.926475639334649e-08 -1.9481159725824877e-08 0 -3.5526237682146664e-08 -4.4287056228696258e-08 0 -1.5705032801874743e-08 -1.9879490157234438e-08 0 -4.8290160932287788e-08 -7.0862562375580858e-08 0 -6.9188632101931416e-08 -6.0948171476527805e-09 0 1.4038677376615912e-08 2.7580473069347651e-08 0 3.4838614138041523e-08 1.3074934678299751e-08 0 -9.153920410589672e-09 -7.9069040610427e-09 0
        </DataArray>
        <DataArray type="Float64" Name="reaction_force_magnitude" format="ascii">
          187.04192891217951 106.20429419285443 90.002918461262908 80.072476518094874 73.783647327080104 69.734098577364051 67.13058542806786 65.500072441013245 64.546683989823052 64.077427396862859 63.960911789962339 64.104443315092752 64.440427739599059 64.917916376370286 65.49728949314698 66.147087074289672 66.841714534648204 67.559885054216068 68.283645530375338 68.997680566181074 69.688803817954735 70.345593469236505 70.958136585150299 71.51784945844507 72.017348814723377 72.450361347645142 72.811657648626891 73.097006853309665 73.303144502216043 73.427751441989329 73.46944091433727 73.42775147815459 73.303144516099692 73.097006926948382 72.811657684371113 72.450361324873839 72.017348833502524 71.517849455265733 70.958136625028629 70.345593380738592 69.688803801896356 68.997680582397265 68.283645511549636 67.559885057958112 66.841714521763308 66.147087102016087 65.497289475210209 64.917916301015183 64.44042766936613 64.104443278701837 63.960911682070275 64.077427279071983 64.546683863328568 65.5000724496213 67.130585348940571 69.734098576211011 73.783647261038212 80.072476548551379 90.002918555584202 106.20429417627632 187.0419289617125 2.1238947770609918e-08 4.2184796768603544e-08 1.6703334518847287e-07 2.0287600800908281e-07 4.1832741262745135e-08 1.7693496146834599e-07 7.7737519212854277e-08 3.3332272100141046e-07 2.9049341573414336e-08 2.7295949416060559e-07 7.4409661112650184e-08 8.4478740157088144e-08 8.3469187835140414e-08 2.1111016090463901e-07 4.3412913795422762e-08 2.6215936288174963e-07 8.0844485744750336e-08 7.7265437583336127e-08 8.02029807584425e-08 6.1743026829994719e-07 8.2329725262692649e-08 8.7770838834971938e-07 2.2768617396990067e-07 9.7831643181415109e-08 2.3869676985790575e-07 3.9823836173346985e-07 2.0755063799444758e-07 6.7094441447357408e-07 1.3976254935318342e-07 4.8090924125341763e-07 4.7613958459927229e-08 2.1344202180240168e-07 7.1842464889589462e-08 2.091197789409663e-07 1.0031968911150981e-07 2.3824494739026992e-07 5.6196210315723818e-08 2.6959016677821458e-07 2.3365439686830657e-08 1.6863173654358587e-07 8.5773307844129092e-08 7.5491561597034529e-08 2.7048624377295304e-08 6.2484352006828315e-08 9.8535017347600918e-08 1.3818483731931134e-07 4.6752732428849687e-08 2.9681553417202454e-07 8.9827978192520704e-08 1.8948575324122705e-07 2.6715756649220596e-08 5.8975519177018789e-08 4.9844978567043494e-08 3.8607995383136449e-07 5.7223682697144553e-08 1.4056458094647575e-07 2.5308026027101311e-08 1.6508360738136965e-07 2.3805020330115974e-07 2.3412341185060959e-07 3.8029502291407832e-08 6.8404228165316931e-08 9.8597029533963024e-08 8.4688422399373023e-08 2.6423846850576506e-07 9.0776872943843987e-08 3.3711017711097602e-07 8.238492773276048e-08 1.8248961194751801e-07 4.1484679499084807e-08 2.6716844169624762e-07 7.5396794049077702e-08 1.4198258852485022e-07 8.1031879776959769e-08 2.3778899082833626e-07 6.6363206583447308e-08 1.1402337332476665e-07 2.5561648784798467e-08 1.1865779908909744e-07 4.6956367555174935e-08 3.9512339440497877e-07 2.5297454860519985e-08 2.9052576763458284e-07 1.5449871558303931e-07 8.9079072596785027e-08 1.4751594150609928e-07 3.4324928042633719e-07 6.2032813995798939e-08 1.2070878512593068e-07 2.3436884383147978e-08 2.0828211882255535e-07 1.5832124467303387e-08 1.0278002805013757e-07 9.761157468677037e-09 3.0482563424316236e-07 1.2777702890735195e-07 8.650962593516232e-08 6.3507958363393422e-08 1.819012392817109e-07 3.8305197498529279e-08 4.172513429141205e-07 3.1995137446381364e-08 6.9720585773252509e-08 8.656528840680501e-08 1.5610555378204334e-07 1.2633930097695254e-07 3.4470582996635689e-07 6.3934200058845e-08 1.3071691661244855e-07 5.8405375974568524e-08 1.1790957734224812e-07 5.9112283578372712e-08 9.2600243776054515e-08 3.7093587252921443e-08 3.7203883319908471e-07 9.7227825500807214e-08 4.8532126225560329e-07 5.2362591847069597e-08 5.3884110555669055e-08 5.8727690264539151e-08 1.3008270549080266e-07 1.2916413336007242e-07 4.2853060038945343e-08 4.9896467680867667e-08 9.0224406114489332e-08 1.6852925483397292e-07 8.7633558948017235e-08 7.7861561842280399e-08 1.2322333746683379e-07 9.2516378020369912e-08 1.4895350592414328e-07 4.9594129789231206e-08 5.3786803638497695e-08 2.150760044358907e-07 1.5548600851719654e-07 7.689311901841948e-08 1.7431201937000524e-07 9.8744180781160299e-08 7.1006961628732532e-08 5.1445271160013827e-08 6.4837204180428644e-08 3.1767177352371492e-08 2.275653132479045e-07 3.155031001656417e-07 8.4264084887171489e-08 1.3874507545852048e-07 1.175601335725536e-07 5.8298445897933602e-08 7.2736045868148077e-08 2.2161273597612718e-07 1.3073797018639406e-07 5.7014575294289254e-08 8.8338123190899153e-08 1.5007784024607954e-07 1.8095596012369379e-07 1.8571801061682435e-07 2.0048410380896156e-07 1.0943231168065664e-07 3.0949890461547003e-08 1.0392012516391702e-07 1.778560692979456e-07 7.1164622971732867e-08 2.2681282816437592e-07 2.3047406744472254e-08 1.7446781613667088e-07 8.4975098702331466e-09 2.3889442986675946e-07 7.4517176297409422e-08 1.1775455503607773e-07 4.2723826603439258e-08 8.9556048780100391e-08 5.4295515266028001e-08 3.3680807820509967e-08 1.0345263407824463e-07 1.0809219045907782e-07 8.5857545290709957e-08 1.6617010625552554e-07 1.3005948091215293e-07 5.7752641515938047e-08 3.893443691397628e-08 1.014892245344143e-07 1.4434093871191568e-07 5.6606760228514476e-08 5.2876420483069492e-08 1.3625340669150826e-07 2.7501443490004484e-07 4.7226356957545657e-08 1.1697466294534244e-07 5.1194483400596146e-08 3.7086855517883709e-08 4.7495738355358366e-08 1.5531240755289467e-07 1.0805069161939549e-07 7.040240840308618e-08 8.6410845760889351e-08 5.9735113211928528e-08 1.2276403649053081e-07 1.758065169992256e-07 7.7018486525616208e-08 1.4504300065412364e-07 6.7641529874097731e-08 1.6392711969416461e-07 2.1681560216083619e-07 1.2697278478638599e-07 9.7573379858351129e-08 1.1853644559576892e-07 3.6869239313817208e-08 1.3851996609076848e-07 6.7522354570240236e-08 2.3186893027574595e-07 2.3306446713472893e-07 2.0082771867453769e-07 7.8602692194804859e-08 1.2729745893519478e-07 2.1340050338337878e-07 2.1744804124295414e-07 2.2537314762358084e-08 1.6706308368642531e-07 4.7361247568091199e-08 1.0773207420628396e-07 1.7817944578957518e-08 2.0348439131294801e-07 1.8209384332412597e-07 8.0863339982686796e-08 6.666963734478956e-08 8.6119329813222364e-08 9.7256780569864528e-08 4.3398465091130033e-08 1.4068099796490631e-08 9.4754178983151975e-08 1.035237065275192e-07 6.7152685708062596e-08 3.2222723894783541e-08 1.0917995623533123e-07 1.095127713271181e-07 2.4344911714034139e-07 4.420352184462374e-08 1.9879315454949854e-07 2.1511976666159357e-07 1.2111265535544967e-07 1.9679702693535426e-07 4.079990309432504e-08 5.2971121278932304e-08 1.3062249682278162e-07 9.1719065342860858e-08 1.7295332595930685e-08 6.1071152951245052e-08 2.6064588303475245e-08 6.9015205152380753e-08 6.2352842891718817e-08 6.8322163903290841e-08 7.5207435407978775e-08 1.5393994189292261e-07 1.0813957110390628e-07 2.9421376741218984e-07 9.262789035091757e-08 2.2869713652763534e-07 1.6480265221296894e-08 6.2883946067998427e-08 5.3383782496249075e-08 2.2724612290738657e-07 3.5868983908802388e-08 1.0320023280708345e-07 4.8441753094677308e-08 9.2404593655449413e-08 1.2928635076099293e-08 2.4829725640151285e-07 3.8679723841221461e-08 1.2077441393456013e-07 4.462455369757451e-08 2.5761588169183966e-07 1.7433585427230987e-08 2.5348662023238608e-07 5.5110065474603366e-08 1.4576598248467114e-07 3.9010646094249459e-08 1.3770489361127788e-07 6.7039827529727356e-08 1.8642429383379076e-07 6.070584393519751e-08 5.8703725791347131e-08 3.7221573400628909e-08 2.4437367034177677e-07 2.455085893963325e-08 4.8887398152422918e-08 6.1560281987726579e-08 1.1191285763331084e-07 6.5654915464909219e-09 2.0220079002637881e-07 3.7093555146861785e-09 1.3158809513949264e-07 7.5513310109626811e-08 5.4446632394121287e-08 3.828862594074716e-08 2.1036358859936411e-08 3.6330138718299476e-08 1.6866314031974285e-07 4.4159731473442233e-08 1.0826887958234254e-07 2.3216282110591697e-08 1.4275954337920386e-07 3.038750214130432e-08 6.972446226123734e-08 5.5189434190245391e-08 2.2794839689665014e-08 2.2980839702609873e-08 1.6822300612085506e-08 4.181904869543839e-08 8.8234879828170841e-08 6.0186130557645916e-08 1.1658354151589104e-07 4.8137505816863581e-08 8.6706570805058572e-08 6.5715084845727501e-08 8.4108810458254064e-08 9.4409154448283728e-08 7.3323077210691494e-08 1.1357999681092956e-07 1.2039300564429789e-07 4.7039825729361009e-08 1.3115540027323669e-07 5.1318279791749082e-08 1.7969811794357051e-07 1.6420239927726543e-07 1.4154505829509859e-07 1.2501918354381976e-07 8.5323775718730115e-09 7.9250751683689111e-08 6.5812540448357866e-08 7.1499092893408094e-08 8.0052112731400208e-08 8.1249119421646407e-08 1.2075559925785269e-07 1.4296988982273537e-07 3.6968099730303706e-08 1.4470814392031503e-07 7.4119475917000791e-09 2.1630345633395333e-08 2.6062917160213579e-08 6.0788755266507655e-08 5.9815794135579844e-08 1.2335797949248048e-07 3.7278251964781653e-08 3.780457643827759e-07 1.3143711796991852e-07 1.4303424846901863e-08 8.8944615135662027e-08 7.7277593612341417e-08 1.1512380348475078e-07 1.1462559017926744e-08 1.2154523893675558e-07 6.6744675482623508e-09 5.8349203928588651e-08 1.1805601024420728e-08 5.0624832028268353e-08 5.0321357985656813e-08 4.1522341565435182e-08 1.077062071398022e-07 2.2786793887611514e-08 8.3123647712562894e-08 9.7349521489357024e-08 7.6931118041851667e-08 8.2781751197110737e-08 8.7396505006960536e-08 4.0627130852011753e-08 5.9457787030886847e-09 1.2464857068570212e-07 2.7698427844731246e-08 5.3865531211759474e-08 8.3980680648715634e-08 9.2374520777918114e-08 4.0497880684944303e-08 1.4230390965202836e-08 4.4154143507622123e-08 3.8023646259176329e-08 3.145549496505078e-08 8.3596075491477021e-08 1.183957720429937e-07 6.3390779788565632e-08 4.0543850868777766e-08 4.9369520951754619e-08 1.4666475729855578e-07 3.8866199612860385e-08 2.3218275111794252e-08 5.6923494015790611e-08 5.8605603509443894e-08 1.5492510844850629e-07 4.1588812503637812e-08 6.2395187004718689e-08 4.7397624060603425e-08 5.8354898174968641e-08 8.636870226799662e-08 7.268165407311614e-08 8.5724111832458818e-08 1.3564046220708739e-08 1.412836829723791e-07 2.4993059210602506e-07 7.4435950877571486e-08 1.0489983129617549e-07 3.961927673769867e-08 2.971967484108755e-08 2.1232640121497997e-07 9.1352912913851283e-08 6.2059255525599877e-08 1.3297088129225802e-07 6.2256792588335903e-08 5.279290340079424e-08 7.4071963596320116e-08 4.331466136785493e-08 5.7655864503721699e-08 7.4083750035789428e-08 4.7022498887699107e-08 2.1362634537801451e-08 2.2262178710271255e-07 6.3014112171753275e-08 7.3573181973967652e-08 2.6668454036210589e-08 1.2700306002801635e-07 9.8299556461363948e-08 1.1083072589099221e-07 1.6271229072445405e-08 8.6142246127283479e-08 1.515444952227367e-07 6.294520529403796e-08 9.2257757863050959e-08 6.156112050004772e-09 6.3121162645635993e-08 3.4047270768694543e-08 5.7952814611770198e-08 4.2033408283946621e-08 1.8127722300792946e-08 1.7270903254950967e-08 8.4909031293308216e-08 9.115431593394246e-08 1.6170138369497089e-08 9.164516073000969e-08 1.0820313429195836e-07 7.1319431241665107e-09 2.4760432088651333e-07 9.422733147864295e-08 6.2654611869695991e-09 1.3823322352527357e-07 1.1296207136492291e-07 1.7320910435454666e-08 8.8455011228315065e-08 5.4738141125728699e-08 5.0102631375699829e-08 1.473749390307645e-08 5.7267499110171977e-08 1.2680035037832409e-08 6.7208342624149911e-08 1.3283389952337251e-07 1.3036400418187429e-08 9.580220190259553e-08 1.2304669174341122e-07 4.787817332954055e-08 5.7516110607745305e-08 9.8772923954267059e-08 3.4741046072287871e-08 1.9997846561827591e-07 2.7911338395739063e-08 3.8846728992766994e-08 2.0714019120441975e-07 7.2345408103395619e-08 1.6804799686493082e-08 5.3517280731193249e-08 1.0072759320009515e-08 1.7100673955091972e-08 6.425862037780698e-08 6.7314593964368633e-08 2.7615140709287435e-08 4.8798623269546015e-08 7.2479503854132812e-08 1.9277631707877353e-08 4.5789846018697927e-08 2.9055782924680109e-08 3.4408042096724618e-08 4.9704223070000266e-08 1.2203032336490044e-07 3.2275424220894446e-08 5.2976710040912081e-08 5.677549571119641e-08 2.5334604481213881e-08 8.5752215069345831e-08 6.9456559144545418e-08 3.0947810216778157e-08 3.7211328273808668e-08 1.2096007221969724e-08
        </DataArray>
        <DataArray type="Float64" Name="contact_force" NumberOfComponents="3" format="ascii">
          -0 -0 0 -0 -0 0 -0 -0 0 -0 -0 0 -0 -0 0 -0 -0 0 -0 -0 0 -0 -0 0 -0 -0 0 -0 -0 0 -0 -0 0 -0 -0 0 -0 -0 0 -0 -0 0 -0 -0 0 -0 -0 0 -0 -0 0 -0 -0 0 -0 -0 0 -0 -0 0 -0 -0 0 -0 -0 0 -0 -0 0 -0 -0 0 -0 -0 0 -0 -0 0 -0 -0 0 -0 -0 0 -0 -0 0 -0 -0 0 -0 -0 0 -0 -0 0 -0 -0 0 -0 -0 0 -0 -0 0 -0 -0 0 -0 -0 0 -0 -0 0 -0 -0 0 -0 -0 0 -0 -0 0 -0 -0 0 -0 -0 0 -0 -0 0 -0 -0 0 -0 -0 0 -0 -0 0 -0 -0 0 -0 -0 0 -0 -0 0 -0 -0 0 -0 -0 0 -0 -0 0 -0 -0 0 -0 -0 0 -0 -0 0 -0 -0 0 -0 -0 0 -0 -0 0 -0 -0 0 -0 -0 0 -0 -0 0 -0 -0 0 -0 -0 0 -0 -0 0 -0 -0 0 -0 -0 0 -0 -0 0 -0 -0 0 -0 -0 0 -0 -0 0 -0 -0 0 -0 -0 0 -0 -0 0 -0 -0 0 -0 -0 0 -0 -0 0 -0 -0 0 -0 -0 0 -0 -0 0 -0 -0 0 -0 -0 0 -0 -0 0 -0 -0 0 -0 -0 0 -0 -0 0 -0 -0 0 -0 -0 0 -0 -0 0 -0 -0 0 -0 -0 0 -0 -0 0 -0 -0 0 -0 -0 0 -0 -0 0 -0 -0 0 -0 -0 0 -0 -0 0 -0 -0 0 -0 -0 0 -0 -0 0 -0 -0 0 -0 -0 0 -0 -0 0 -0 -0 0 -0 -0 0 -0 -0 0 -0 -0 0 -0 -0 0 -0 -0 0 -0 -0 0 -0 -0 0 -0 -0 0 -0 -0 0 -0 -0 0 -0 -0 0 -0 -0 0 -0 -0 0 -0 -0 0 -0 -0 0 -0 -0 0 -0 -0 0 -0 -0 0 -0 -0 0 -0 -0 0 -0 -0 0 -0 -0 0 -0 -0 0 -0 -0 0 -0 -0 0 -0 -0 0 -0 -0 0 -0 -0 0 -0 -0 0 -0 -0 0 -0 -0 0 -0 -0 0 -0 -0 0 -0 -0 0 -0 -0 0 -0 -0 0 -0 -0 0 -0 -0 0 -0 -0 0 -0 -0 0 -0 -0 0 -0 -0 0 -0 -0 0 -0 -0 0 -0 -0 0 -0 -0 0 -0 -0 0 -0 -0 0 -0 -0 0 -0 -0 0 -0 -0 0 -0 -0 0 -0 -0 0 -0 -0 0 -0 -0 0 -0 -0 0 -0 -0 0 -0 -0 0 -0 -0 0 -0 -0 0 -0 -0 0 -0 -0 0 -0 -0 0 -0 -0 0 -0 -0 0 -0 -0 0 -0 -0 0 -0 -0 0 -0 -0 0 -0 -0 0 -0 -0 0 -0 -0 0 -0 -0 0 -0 -0 0 -0 -0 0 -0 -0 0 -0 -0 0 -0 -0 0 -0 -0 0 -0 -0 0 -0 -0 0 -0 -0 0 -0 -0 0 -0 -0 0 -0 -0 0 -0 -0 0 -0 -0 0 -0 -0 0 -0 -0 0 -0 -0 0 -0 -0 0 -0 -0 0 -0 -0 0 -0 -0 0 -0 -0 0 -0 -0 0 -0 -0 0 -0 -0 0 -0 -0 0 -0 -0 0 -0 -0 0 -0 -0 0 -0 -0 0 -0 -0 0 -0 -0 0 -0 -0 0 -0 -0 0 -0 -0 0 -0 -0 0 -0 -0 0 -0 -0 0 -0 -0 0 -0 -0 0 -0 -0 0 -0 -0 0 -0 -0 0 -0 -0 0 -0 -0 0 -0 -0 0 -0 -0 0 -0 -0 0 -0 -0 0 -0 -0 0 -0 -0 0 -0 -0 0 -0 -0 0 -0 -0 0 -0 -0 0 -0 -0 0 -0 -0 0 -0 -0 0 -0 -0 0 -0 -0 0 -0 -0 0 -0 -0 0 -0 -0 0 -0 -0 0 -0 -0 0 -0 -0 0 -0 -0 0 -0 -0 0 -0 -0 0 -0 -0 0 -0 -0 0 -0 -0 0 -0 -0 0 -0 -0 0 -0 -0 0 -0 -0 0 -0 -0 0 -0 -0 0 -0 -0 0 -0 -0 0 -0 -0 0 -0 -0 0 -0 -0 0 -0 -0 0 -0 -0 0 -0 -0 0 -0 -0 0 -0 -0 0 -0 -0 0 -0 -0 0 -0 -0 0 -0 -0 0 -0 -0 0 -0 -0 0 -0 -0 0 -0 -0 0 -0 -0 0 -0 -0 0 -0 -0 0 -0 -0 0 -0 -0 0 -0 -0 0 -0 -0 0 -0 -0 0 -0 -0 0 -0 -0 0 -0 -0 0 -0 -0 0 -0 -0 0 -0 -0 0 -0 -0 0 -0 -0 0 -0 -0 0 -0 -0 0 -0 -0 0 -0 -0 0 -0 -0 0 -0 -0 0 -0 -0 0 -0 -0 0 -0 -0 0 -0 -0 0 -0 -0 0 -0 -0 0 -0 -0 0 -0 -0 0 -0 -0 0 -0 -0 0 -0 -0 0 -0 -0 0 -0 -0 0 -0 -0 0 -0 -0 0 -0 -0 0 -0 -0 0 -0 -0 0 -0 -0 0 -0 -0 0 -0 -0 0 -0 -0 0 -0 -0 0 -0 -0 0 -0 -0 0 -0 -0 0 -0 -0 0 -0 -0 0 -0 -0 0 -0 -0 0 -0 -0 0 -0 -0 0 -0 -0 0 -0 -0 0 -0 -0 0 -0 -0 0 -0 -0 0 -0 -0 0 -0 -0 0 -0 -0 0 -0 -0 0 -0 -0 0 -0 -0 0 -0 -0 0 -0 -0 0 -0 -0 0 -0 -0 0 -0 -0 0 -0 -0 0 -0 -0 0 -0 -0 0 -0 -0 0 -0 -0 0 -0 -0 0 -0 -0 0 -0 -0 0 -0 -0 0 -0 -0 0 -0 -0 0 -0 -0 0 -0 -0 0 -0 -0 0 -0 -0 0 -0 -0 0 -0 -0 0 -0 -0 0 -0 -0 0 -0 -0 0 -0 -0 0 -0 -0 0 -0 -0 0 -0 -0 0 -0 -0 0 -0 -0 0 -0 -0 0 -0 -0 0 -0 -0 0 -0 -0 0 -0 -0 0 -0 -0 0 -0 -0 0 -0 -0 0 -0 -0 0 -0 -0 0 -0 -0 0 -0 -0 0 -0 -0 0 -0 -0 0 -0 -0 0 -0 -0 0 -0 -0 0 -0 -0 0 -0 -0 0 -0 -0 0 -0 -0 0 -0 -0 0 -0 -0 0 -0 -0 0 -0 -0 0 -0 -0 0 -0 -0 0 -0 -0 0 -0 -0 0 -0 -0 0 -0 -0 0 -0 -0 0 -0 -0 0 -0 -0 0 -0 -0 0 -0 -0 0 -0 -0 0 -0 -0 0 -0 -0 0 -0 -0 0 -0 -0 0 -0 -0 0 -0 -0 0 -0 -0 0 -0 -0 0 -0 -0 0 -0 -0 0 -0 -0 0 -0 -0 0 -0 -0 0 -0 -0 0 -0 -0 0 -0 -0 0 -0 -0 0 -0 -0 0 -0 -0 0 -0 -0 0 -0 -0 0 -0 -0 0 -0 -0 0 -0 -0 0 -0 -0 0 -0 -0 0 -0 -0 0 -0 -0 0 -0 -0 0 -0 -0 0 -0 -0 0 -0 -0 0 -0 -0 0 -0 -0 0 -0 -0 0 -0 -0 0 -0 -0 0 -0 -0 0 -0 -0 0 -0 -0 0 -0 -0 0 -0 -0 0 -0 -0 0 -0 -0 0 -0 -0 0 -0 -0 0 -0 -0 0 -0 -0 0 -0 -0 0 -0 -0 0 -0 -0 0 -0 -0 0 -0 -0 0 -0 -0 0 -0 -0 0 -0 -0 0 -0 -0 0 -0 -0 0 -0 -0 0 -0 -0 0 -0 -0 0 -0 -0 0 -0 -0 0 -0 -0 0 -0 -0 0 -0 -0 0 -0 -0 0 -0 -0 0 -0 -0 0 -0 -0 0 -0 -0 0 -0 -0 0 -0 -0 0 -0 -0 0 -0 -0 0 -0 -0 0 -0 -0 0 -0 -0 0 -0 -0 0 -0 -0 0 -0 -0 0 -0 -0 0 -0 -0 0 -0 -0 0 -0 -0 0 -0 -0 0 -0 -0 0 -0 -0 0 -0 -0 0 -0 -0 0 -0 -0 0 -0 -1.0971557056663632 0 -0 -14.431617283086744 0 -0 -32.432540455634673 0 -0 -48.842199592809976 0 -0 -63.792679621093924 0 -0 -77.451607558943408 0 -0 -89.936571272854039 0 -0 -101.33507429661478 0 -0 -111.71442839883443 0 -0 -121.12757286814167 0 -0 -129.61682348320025 0 -0 -137.21640992347994 0 -0 -143.95424556290197 0 -0 -149.8531874861628 0 -0 -154.93194704532638 0 -0 -159.20575488757584 0 -0 -162.68684952952353 0 -0 -165.38483620162808 0 -0 -167.30694775994195 0 -0 -168.45822934931624 0 -0 -168.84166127817349 0 -0 -168.45822934985657 0 -0 -167.30694775980044 0 -0 -165.38483619872798 0 -0 -162.68684952595524 0 -0 -159.20575488379967 0 -0 -154.9319470427674 0 -0 -149.85318748288938 0 -0 -143.95424556003678 0 -0 -137.21640992109408 0 -0 -129.61682348330984 0 -0 -121.12757287012769 0 -0 -111.71442840201971 0 -0 -101.33507430027937 0 -0 -89.936571276880272 0 -0 -77.451607565823494 0 -0 -63.792679631426495 0 -0 -48.842199603471776 0 -0 -32.432540465756396 0 -0 -14.431617291842635 0 -0 -1.097155706735345 0 -0 -0 0 -0 -0 0 -0 -0 0 -0 -0 0 -0 -0 0 -0 -0 0 -0 -0 0 -0 -0 0 -0 -0 0 -0 -0 0
        </DataArray>
        <DataArray type="Float64" Name="contact_force_magnitude" format="ascii">
          0 0 0 0 0 0 0 0 0 0 0 0 0 0 0 0 0 0 0 0 0 0 0 0 0 0 0 0 0 0 0 0 0 0 0 0 0 0 0 0 0 0 0 0 0 0 0 0 0 0 0 0 0 0 0 0 0 0 0 0 0 0 0 0 0 0 0 0 0 0 0 0 0 0 0 0 0 0 0 0 0 0 0 0 0 0 0 0 0 0 0 0 0 0 0 0 0 0 0 0 0 0 0 0 0 0 0 0 0 0 0 0 0 0 0 0 0 0 0 0 0 0 0 0 0 0 0 0 0 0 0 0 0 0 0 0 0 0 0 0 0 0 0 0 0 0 0 0 0 0 0 0 0 0 0 0 0 0 0 0 0 0 0 0 0 0 0 0 0 0 0 0 0 0 0 0 0 0 0 0 0 0 0 0 0 0 0 0 0 0 0 0 0 0 0 0 0 0 0 0 0 0 0 0 0 0 0 0 0 0 0 0 0 0 0 0 0 0 0 0 0 0 0 0 0 0 0 0 0 0 0 0 0 0 0 0 0 0 0 0 0 0 0 0 0 0 0 0 0 0 0 0 0 0 0 0 0 0 0 0 0 0 0 0 0 0 0 0 0 0 0 0 0 0 0 0 0 0 0 0 0 0 0 0 0 0 0 0 0 0 0 0 0 0 0 0 0 0 0 0 0 0 0 0 0 0 0 0 0 0 0 0 0 0 0 0 0 0 0 0 0 0 0 0 0 0 0 0 0 0 0 0 0 0 0 0 0 0 0 0 0 0 0 0 0 0 0 0 0 0 0 0 0 0 0 0 0 0 0 0 0 0 0 0 0 0 0 0 0 0 0 0 0 0 0 0 0 0 0 0 0 0 0 0 0 0 0 0 0 0 0 0 0 0 0 0 0 0 0 0 0 0 0 0 0 0 0 0 0 0 0 0 0 0 0 0 0 0 0 0 0 0 0 0 0 0 0 0 0 0 0 0 0 0 0 0 0 0 0 0 0 0 0 0 0 0 0 0 0 0 0 0 0 0 0 0 0 0 0 0 0 0 0 0 0 0 0 0 0 0 0 0 0 0 0 0 0 0 0 0 0 0 0 0 0 0 0 0 0 0 0 0 0 0 0 0 0 0 1.0971557056663632 14.431617283086744 32.432540455634673 48.842199592809976 63.792679621093924 77.451607558943408 89.936571272854039 101.33507429661478 111.71442839883443 121.12757286814167 129.61682348320025 137.21640992347994 143.95424556290197 149.8531874861628 154.93194704532638 159.20575488757584 162.68684952952353 165.38483620162808 167.30694775994195 168.45822934931624 168.84166127817349 168.45822934985657 167.30694775980044 165.38483619872798 162.68684952595524 159.20575488379967 154.9319470427674 149.85318748288938 143.95424556003678 137.21640992109408 129.61682348330984 121.12757287012769 111.71442840201971 101.33507430027937 89.936571276880272 77.451607565823494 63.792679631426495 48.842199603471776 32.432540465756396 14.431617291842635 1.097155706735345 0 0 0 0 0 0 0 0 0 0
        </DataArray>
        <DataArray type="Float64" Name="rigid_plane_signed_distance" format="ascii">
          0.24349364905389026 0.24134507321515108 0.23926310178526838 0.23724836895290824 0.23530148842520854 0.23342305324083784 0.23161363558935022 0.2298737866368904 0.22820403635830366 0.22660489337570011 0.22507684480352347 0.22362035610017139 0.22223587092621222 0.22092381100924174 0.21968457601542091 0.21851854342773358 0.21742606843100143 0.21640748380369174 0.21546309981654904 0.21459320413808441 0.21379806174694838 0.21307791485121591 0.21243298281460771 0.21186346208966977 0.21136952615793186 0.2109513254770638 0.21060898743504403 0.21034261631135653 0.210152293245226 0.2100380762109022 0.20999999999999996 0.21003807621090209 0.21015229324522589 0.21034261631135642 0.2106089874350438 0.21095132547706347 0.21136952615793153 0.21186346208966933 0.21243298281460721 0.21307791485121536 0.21379806174694771 0.21459320413808375 0.21546309981654832 0.2164074838036909 0.2174260684310006 0.21851854342773258 0.21968457601541996 0.22092381100924086 0.22223587092621133 0.2236203561001705 0.22507684480352269 0.22660489337569933 0.22820403635830294 0.22987378663688973 0.23161363558934961 0.2334230532408374 0.23530148842520815 0.23724836895290796 0.23926310178526822 0.24134507321515103 0.24349364905389037 0.22121005543965105 0.21818751413198167 0.21539858824480784 0.2127922622331187 0.21033833125426463 0.20801780346491752 0.20581810800716488 0.20373055700863535 0.20174892678250272 0.19986862484133483 0.19808618128666919 0.19639892184797747 0.19480475166800537 0.19330200820895083 0.19188935781661878 0.19056572007666198 0.18933021270425848 0.18818211057433754 0.18712081422524426 0.18614582555398529 0.18525672906517454 0.1844531773421757 0.18373487971485142 0.18310159338483184 0.18255311648615352 0.18208928268438235 0.18170995701816028 0.1814150327425112 0.18120442899151923 0.18107808910693562 0.18103597951880024 0.18107808910636414 0.18120442899079317 0.1814150327415375 0.18170995701784415 0.18208928268487226 0.18255311648665101 0.18310159338514609 0.18373487971520996 0.18445317734271532 0.18525672906506929 0.18614582555366266 0.18712081422501034 0.18818211057406842 0.18933021270405725 0.19056572007649233 0.19188935781597957 0.19330200820774157 0.1948047516664492 0.19639892184607693 0.19808618128502042 0.1998686248399284 0.20174892678175599 0.20373055700834308 0.20581810800717329 0.20801780346544291 0.21033833125544149 0.21279226223495301 0.21539858824682229 0.21818751413479423 0.22121005544283351 0.19621100663054106 0.19323937658558238 0.19032900003905112 0.18751813944362467 0.18482183699888019 0.18224502510483537 0.1797881858858118 0.17744988455582145 0.17522793347562737 0.17311993198763373 0.17112350403500592 0.16923640966627723 0.16745658489807683 0.16578214672327368 0.16421138373563576 0.16274274609412254 0.16137483140234166 0.16010636935154007 0.1589362095265455 0.1578633117021494 0.15688673774599654 0.15600564488050067 0.15521928028067278 0.15452697695046397 0.15392815070207666 0.15342229802161444 0.1530089945903696 0.15268789427519625 0.1524587284439361 0.15232130550460676 0.15227551061300931 0.15232130550483075 0.15245872844379121 0.15268789427503587 0.15300899458997538 0.15342229802143426 0.15392815070197405 0.15452697695054837 0.15521928028096643 0.15600564488086949 0.15688673774608172 0.15786331170183932 0.15893620952612236 0.16010636935098443 0.16137483140163217 0.16274274609323078 0.16421138373477379 0.16578214672256283 0.16745658489756277 0.16923640966631984 0.17112350403550436 0.17311993198879216 0.17522793347708737 0.17744988455768512 0.1797881858878474 0.18224502510686957 0.18482183700101273 0.18751813944561457 0.19032900004113018 0.19323937658775708 0.1962110066327809 0.17049875477886184 0.16731333793522146 0.16425097612417072 0.1612995136142914 0.15845861612555373 0.15573061857622353 0.15311775173007305 0.15062146673877397 0.14824240956018658 0.14598057117400309 0.14383548385597344 0.14180633093121833 0.13989205271107086 0.13809143168135393 0.13640315965722291 0.13482587097061016 0.1333581722903332 0.13199867531528015 0.13074602056547996 0.12959889439616912 0.12855604302330431 0.12761628526809088 0.12677852422122809 0.12604175750841956 0.12540508587507154 0.12486772000413718 0.1244289856728758 0.12408832747235538 0.12384531136387285 0.12369962634582123 0.12365108546415272 0.12369962634565727 0.12384531136385089 0.124088327472186 0.12442898567264118 0.12486772000368362 0.12540508587445834 0.1260417575076774 0.12677852422056615 0.12761628526764576 0.12855604302324405 0.12959889439621605 0.13074602056554499 0.13199867531565573 0.13335817229119418 0.13482587097120791 0.13640315965772506 0.13809143168190746 0.13989205271179805 0.14180633093152342 0.1438354838564731 0.14598057117461177 0.14824240956112511 0.15062146673946303 0.15311775173063308 0.15573061857610937 0.15845861612502415 0.16129951361358269 0.16425097612297163 0.16731333793355105 0.17049875477649989 0.14415686252677368 0.140810127640385 0.13758045644908928 0.13447221260496345 0.13148542457834517 0.12862005319926517 0.12587650177438836 0.12325537861859101 0.12075723941133429 0.11838239424774652 0.11613072580223387 0.11400181503823231 0.11199493230780412 0.11010905915074581 0.10834289895558631 0.10669496050530797 0.10516363792887552 0.10374724549296574 0.10244405276131527 0.10125232732468045 0.10017037830728974 0.099196594521598486 0.09832947459591479 0.097567648921470851 0.096909894543166536 0.096355144534381612 0.095902493364683636 0.095551199558420452 0.09530068666674521 0.095150543322532186 0.095100522926445094 0.095150543322412004 0.095300686666525247 0.095551199558028432 0.095902493364083297 0.096355144533993922 0.096909894543019751 0.09756764892085118 0.09832947459490303 0.099196594520825854 0.10017037830671503 0.10125232732454356 0.10244405276106075 0.10374724549312944 0.10516363792924395 0.10669496050562706 0.10834289895546814 0.11010905915074633 0.11199493230756924 0.11400181503792929 0.11613072580185058 0.11838239424708598 0.12075723941013768 0.12325537861713036 0.12587650177268783 0.12862005319758452 0.13148542457656787 0.1344722126031829 0.13758045644714784 0.14081012763833889 0.14415686252471788 0.11727281051407387 0.1137701872957657 0.11038989736636946 0.10713322600669331 0.10400322368698746 0.10100258759158509 0.098133423487931221 0.095397219733463615 0.09279483858781741 0.09032665152213544 0.087992799963014512 0.085792532360883189 0.083724532402946999 0.081786984272235158 0.079977798201881597 0.078294657524033723 0.076734976928759496 0.075296015694914883 0.073975022318920433 0.072769348651282081 0.071676523393820621 0.070694292668128086 0.069820638122019163 0.069053781191622546 0.068392179591173941 0.067834519991850473 0.067379709353187114 0.067026866376019845 0.066775313917537868 0.066624572826381984 0.066574357434756287 0.066624572825928749 0.066775313916854956 0.067026866375046346 0.067379709351732528 0.067834519990763051 0.068392179590531413 0.069053781190977867 0.069820638121252401 0.070694292667323536 0.071676523392911515 0.072769348650371948 0.073975022318434502 0.075296015694494275 0.076734976928417437 0.078294657523720529 0.079977798201732439 0.081786984271858043 0.083724532402431245 0.085792532359862464 0.087992799961588486 0.090326651520574092 0.092794838586300304 0.095397219731888375 0.098133423486426494 0.10100258759059499 0.10400322368628864 0.10713322600561961 0.1103898973650299 0.11377018729424837 0.11727281051267147 0.089962110357091771 0.086302504600188817 0.082759276937369453 0.079340829371259552 0.076054241698705533 0.072906004698017945 0.069901879175218451 0.067046591624066953 0.064343340351873113 0.061793076149062404 0.05939427360058433 0.05714593344869294 0.055045495370485309 0.053089561615803429 0.051273803388946743 0.049592966061425436 0.048041702287865209 0.046615038318344057 0.045308542945096092 0.044118350187561731 0.043041122485956776 0.042073995450102319 0.041214521877026844 0.040460621833558807 0.03981054073550705 0.039262815316235225 0.038816246628467763 0.038469879065290258 0.038222984462012916 0.038075050500170821 0.038025772829907101 0.03807505049981745 0.038222984461203355 0.038469879064296997 0.038816246627534245 0.03926281531578607 0.039810540734986993 0.040460621832919721 0.041214521876334537 0.042073995449407986 0.043041122485297331 0.044118350187035776 0.045308542944364663 0.046615038317735211 0.048041702287325752 0.049592966060841487 0.051273803388441452 0.05308956161539749 0.055045495370148967 0.057145933448304584 0.059394273600069047 0.061793076148822179 0.064343340351672995 0.067046591623594484 0.069901879174726123 0.072906004697261856 0.076054241697478278 0.079340829369615284 0.082759276935481046 0.086302504598180951 0.089962110355155098 0.062435430075530415 0.058578609070182183 0.0548360118479502 0.051219155875739872 0.047738784361702216 0.044405181163062468 0.04122847875607355 0.038218808090959455 0.035386237591279734 0.032740054407276148 0.030285263174957708 0.028012663565791684 0.025915137381233383 0.023982630816094155 0.022202180016252501 0.020562685245308646 0.019055234676432622 0.017672686173906382 0.016409253760912401 0.015260193922380955 0.014221578691596126 0.013290131971519431 0.01246311042587446 0.011738215839375774 0.011113529973651004 0.010587465781217387 0.010158730746677627 0.0098262994236322787 0.0095893931178472336 0.0094474653112786439 0.009400191853702472 0.0094474653111092238 0.0095893931175667774 0.0098262994232775069 0.010158730746594638 0.010587465780985725 0.011113529973621333 0.011738215839311089 0.012463110425618082 0.01329013197101131 0.014221578691067049 0.015260193921726645 0.016409253760296491 0.01767268617318378 0.019055234675666277 0.020562685244785342 0.022202180015560138 0.023982630815289105 0.025915137380326442 0.028012663564923462 0.030285263174323312 0.032740054406694502 0.035386237590204733 0.038218808089610978 0.041228478754360032 0.044405181160762017 0.047738784358796083 0.051219155872987532 0.054836011845024873 0.058578609067118023 0.062435430071963921 0.034913807692747864 0.030816252951237133 0.02684088484457986 0.022994710029727986 0.019286882385507381 0.015727798831263712 0.01232887869696353 0.0091028376340523964 0.0060644838633661519 0.0032326758325329497 0.00063625108083215087 -0.0016791995061231496 -0.0037488726748871881 -0.0056245650680935982 -0.0073347160707681741 -0.0088977430233577876 -0.010326790490159721 -0.01163171136136372 -0.012820113273676242 -0.013897993540526357 -0.014870154107183717 -0.015740484434709892 -0.016512159626313805 -0.017187781873903199 -0.01776948287992601 -0.018258998783998781 -0.018657725279755108 -0.018966758144038892 -0.019186922729661521 -0.019318794857160329 -0.019362714721686006 -0.019318794857238045 -0.019186922729722194 -0.018966758143621101 -0.018657725279371706 -0.018258998783496808 -0.017769482879720966 -0.01718778187346591 -0.016512159626017542 -0.015740484434362143 -0.014870154107230762 -0.0138979935407611 -0.012820113274055772 -0.011631711361800884 -0.010326790490551296 -0.0088977430241224259 -0.0073347160720474425 -0.0056245650693131644 -0.0037488726760585844 -0.0016791995071758492 0.00063625107927511859 0.0032326758307331255 0.0060644838614491159 0.0091028376314762766 0.012328878693600762 0.015727798827812833 0.019286882382024459 0.022994710026438159 0.02684088484133712 0.030816252947562364 0.034913807688720738
        </DataArray>
        <DataArray type="Float64" Name="rigid_plane_penetration" format="ascii">
          0 0 0 0 0 0 0 0 0 0 0 0 0 0 0 0 0 0 0 0 0 0 0 0 0 0 0 0 0 0 0 0 0 0 0 0 0 0 0 0 0 0 0 0 0 0 0 0 0 0 0 0 0 0 0 0 0 0 0 0 0 0 0 0 0 0 0 0 0 0 0 0 0 0 0 0 0 0 0 0 0 0 0 0 0 0 0 0 0 0 0 0 0 0 0 0 0 0 0 0 0 0 0 0 0 0 0 0 0 0 0 0 0 0 0 0 0 0 0 0 0 0 0 0 0 0 0 0 0 0 0 0 0 0 0 0 0 0 0 0 0 0 0 0 0 0 0 0 0 0 0 0 0 0 0 0 0 0 0 0 0 0 0 0 0 0 0 0 0 0 0 0 0 0 0 0 0 0 0 0 0 0 0 0 0 0 0 0 0 0 0 0 0 0 0 0 0 0 0 0 0 0 0 0 0 0 0 0 0 0 0 0 0 0 0 0 0 0 0 0 0 0 0 0 0 0 0 0 0 0 0 0 0 0 0 0 0 0 0 0 0 0 0 0 0 0 0 0 0 0 0 0 0 0 0 0 0 0 0 0 0 0 0 0 0 0 0 0 0 0 0 0 0 0 0 0 0 0 0 0 0 0 0 0 0 0 0 0 0 0 0 0 0 0 0 0 0 0 0 0 0 0 0 0 0 0 0 0 0 0 0 0 0 0 0 0 0 0 0 0 0 0 0 0 0 0 0 0 0 0 0 0 0 0 0 0 0 0 0 0 0 0 0 0 0 0 0 0 0 0 0 0 0 0 0 0 0 0 0 0 0 0 0 0 0 0 0 0 0 0 0 0 0 0 0 0 0 0 0 0 0 0 0 0 0 0 0 0 0 0 0 0 0 0 0 0 0 0 0 0 0 0 0 0 0 0 0 0 0 0 0 0 0 0 0 0 0 0 0 0 0 0 0 0 0 0 0 0 0 0 0 0 0 0 0 0 0 0 0 0 0 0 0 0 0 0 0 0 0 0 0 0 0 0 0 0 0 0 0 0 0 0 0 0 0 0 0 0 0 0 0 0 0 0 0 0 0 0 0 0 0 0 0 0 0 0 0 0 0 0 0 0 0 0 0 0 0 0 0 0.0016791995061231496 0.0037488726748871881 0.0056245650680935982 0.0073347160707681741 0.0088977430233577876 0.010326790490159721 0.01163171136136372 0.012820113273676242 0.013897993540526357 0.014870154107183717 0.015740484434709892 0.016512159626313805 0.017187781873903199 0.01776948287992601 0.018258998783998781 0.018657725279755108 0.018966758144038892 0.019186922729661521 0.019318794857160329 0.019362714721686006 0.019318794857238045 0.019186922729722194 0.018966758143621101 0.018657725279371706 0.018258998783496808 0.017769482879720966 0.01718778187346591 0.016512159626017542 0.015740484434362143 0.014870154107230762 0.0138979935407611 0.012820113274055772 0.011631711361800884 0.010326790490551296 0.0088977430241224259 0.0073347160720474425 0.0056245650693131644 0.0037488726760585844 0.0016791995071758492 0 0 0 0 0 0 0 0 0 0 0
        </DataArray>
      </PointData>
      <CellData>
        <DataArray type="Int32" Name="element_id" format="ascii">
          1 2 3 4 5 6 7 8 9 10 11 12 13 14 15 16 17 18 19 20 21 22 23 24 25 26 27 28 29 30 31 32 33 34 35 36 37 38 39 40 41 42 43 44 45 46 47 48 49 50 51 52 53 54 55 56 57 58 59 60 61 62 63 64 65 66 67 68 69 70 71 72 73 74 75 76 77 78 79 80 81 82 83 84 85 86 87 88 89 90 91 92 93 94 95 96 97 98 99 100 101 102 103 104 105 106 107 108 109 110 111 112 113 114 115 116 117 118 119 120 121 122 123 124 125 126 127 128 129 130 131 132 133 134 135 136 137 138 139 140 141 142 143 144 145 146 147 148 149 150 151 152 153 154 155 156 157 158 159 160 161 162 163 164 165 166 167 168 169 170 171 172 173 174 175 176 177 178 179 180 181 182 183 184 185 186 187 188 189 190 191 192 193 194 195 196 197 198 199 200 201 202 203 204 205 206 207 208 209 210 211 212 213 214 215 216 217 218 219 220 221 222 223 224 225 226 227 228 229 230 231 232 233 234 235 236 237 238 239 240 241 242 243 244 245 246 247 248 249 250 251 252 253 254 255 256 257 258 259 260 261 262 263 264 265 266 267 268 269 270 271 272 273 274 275 276 277 278 279 280 281 282 283 284 285 286 287 288 289 290 291 292 293 294 295 296 297 298 299 300 301 302 303 304 305 306 307 308 309 310 311 312 313 314 315 316 317 318 319 320 321 322 323 324 325 326 327 328 329 330 331 332 333 334 335 336 337 338 339 340 341 342 343 344 345 346 347 348 349 350 351 352 353 354 355 356 357 358 359 360 361 362 363 364 365 366 367 368 369 370 371 372 373 374 375 376 377 378 379 380 381 382 383 384 385 386 387 388 389 390 391 392 393 394 395 396 397 398 399 400 401 402 403 404 405 406 407 408 409 410 411 412 413 414 415 416 417 418 419 420 421 422 423 424 425 426 427 428 429 430 431 432 433 434 435 436 437 438 439 440 441 442 443 444 445 446 447 448 449 450 451 452 453 454 455 456 457 458 459 460 461 462 463 464 465 466 467 468 469 470 471 472 473 474 475 476 477 478 479 480
        </DataArray>
        <DataArray type="Int32" Name="material_id" format="ascii">
          1 1 1 1 1 1 1 1 1 1 1 1 1 1 1 1 1 1 1 1 1 1 1 1 1 1 1 1 1 1 1 1 1 1 1 1 1 1 1 1 1 1 1 1 1 1 1 1 1 1 1 1 1 1 1 1 1 1 1 1 1 1 1 1 1 1 1 1 1 1 1 1 1 1 1 1 1 1 1 1 1 1 1 1 1 1 1 1 1 1 1 1 1 1 1 1 1 1 1 1 1 1 1 1 1 1 1 1 1 1 1 1 1 1 1 1 1 1 1 1 1 1 1 1 1 1 1 1 1 1 1 1 1 1 1 1 1 1 1 1 1 1 1 1 1 1 1 1 1 1 1 1 1 1 1 1 1 1 1 1 1 1 1 1 1 1 1 1 1 1 1 1 1 1 1 1 1 1 1 1 1 1 1 1 1 1 1 1 1 1 1 1 1 1 1 1 1 1 1 1 1 1 1 1 1 1 1 1 1 1 1 1 1 1 1 1 1 1 1 1 1 1 1 1 1 1 1 1 1 1 1 1 1 1 1 1 1 1 1 1 1 1 1 1 1 1 1 1 1 1 1 1 1 1 1 1 1 1 1 1 1 1 1 1 1 1 1 1 1 1 1 1 1 1 1 1 1 1 1 1 1 1 1 1 1 1 1 1 1 1 1 1 1 1 1 1 1 1 1 1 1 1 1 1 1 1 1 1 1 1 1 1 1 1 1 1 1 1 1 1 1 1 1 1 1 1 1 1 1 1 1 1 1 1 1 1 1 1 1 1 1 1 1 1 1 1 1 1 1 1 1 1 1 1 1 1 1 1 1 1 1 1 1 1 1 1 1 1 1 1 1 1 1 1 1 1 1 1 1 1 1 1 1 1 1 1 1 1 1 1 1 1 1 1 1 1 1 1 1 1 1 1 1 1 1 1 1 1 1 1 1 1 1 1 1 1 1 1 1 1 1 1 1 1 1 1 1 1 1 1 1 1 1 1 1 1 1 1 1 1 1 1 1 1 1 1 1 1 1 1 1 1 1 1 1 1 1 1 1 1 1 1 1 1 1 1 1 1 1 1 1 1 1 1 1 1 1 1 1 1
        </DataArray>
        <DataArray type="Int32" Name="candidate_contact_facet" format="ascii">
          0 0 0 0 0 0 0 0 0 0 0 0 0 0 0 0 0 0 0 0 0 0 0 0 0 0 0 0 0 0 0 0 0 0 0 0 0 0 0 0 0 0 0 0 0 0 0 0 0 0 0 0 0 0 0 0 0 0 0 0 0 0 0 0 0 0 0 0 0 0 0 0 0 0 0 0 0 0 0 0 0 0 0 0 0 0 0 0 0 0 0 0 0 0 0 0 0 0 0 0 0 0 0 0 0 0 0 0 0 0 0 0 0 0 0 0 0 0 0 0 0 0 0 0 0 0 0 0 0 0 0 0 0 0 0 0 0 0 0 0 0 0 0 0 0 0 0 0 0 0 0 0 0 0 0 0 0 0 0 0 0 0 0 0 0 0 0 0 0 0 0 0 0 0 0 0 0 0 0 0 0 0 0 0 0 0 0 0 0 0 0 0 0 0 0 0 0 0 0 0 0 0 0 0 0 0 0 0 0 0 0 0 0 0 0 0 0 0 0 0 0 0 0 0 0 0 0 0 0 0 0 0 0 0 0 0 0 0 0 0 0 0 0 0 0 0 0 0 0 0 0 0 0 0 0 0 0 0 0 0 0 0 0 0 0 0 0 0 0 0 0 0 0 0 0 0 0 0 0 0 0 0 0 0 0 0 0 0 0 0 0 0 0 0 0 0 0 0 0 0 0 0 0 0 0 0 0 0 0 0 0 0 0 0 0 0 0 0 0 0 0 0 0 0 0 0 0 0 0 0 0 0 0 0 0 0 0 0 0 0 0 0 0 0 0 0 0 0 0 0 0 0 0 0 0 0 0 0 0 0 0 0 0 0 0 0 0 0 0 0 0 0 0 0 0 0 0 0 0 0 0 0 0 0 0 0 0 0 0 0 0 0 0 0 0 0 0 0 0 0 0 0 0 0 0 0 0 0 0 0 0 0 0 0 0 0 0 0 0 0 1 1 1 1 1 1 1 1 1 1 1 1 1 1 1 1 1 1 1 1 1 1 1 1 1 1 1 1 1 1 1 1 1 1 1 1 1 1 1 1 1 1 1 1 1 1 1 1 1 1 1 1 1 1 1 1 1 1 1 1
        </DataArray>
        <DataArray type="Int32" Name="candidate_contact_surface_index" format="ascii">
          -1 -1 -1 -1 -1 -1 -1 -1 -1 -1 -1 -1 -1 -1 -1 -1 -1 -1 -1 -1 -1 -1 -1 -1 -1 -1 -1 -1 -1 -1 -1 -1 -1 -1 -1 -1 -1 -1 -1 -1 -1 -1 -1 -1 -1 -1 -1 -1 -1 -1 -1 -1 -1 -1 -1 -1 -1 -1 -1 -1 -1 -1 -1 -1 -1 -1 -1 -1 -1 -1 -1 -1 -1 -1 -1 -1 -1 -1 -1 -1 -1 -1 -1 -1 -1 -1 -1 -1 -1 -1 -1 -1 -1 -1 -1 -1 -1 -1 -1 -1 -1 -1 -1 -1 -1 -1 -1 -1 -1 -1 -1 -1 -1 -1 -1 -1 -1 -1 -1 -1 -1 -1 -1 -1 -1 -1 -1 -1 -1 -1 -1 -1 -1 -1 -1 -1 -1 -1 -1 -1 -1 -1 -1 -1 -1 -1 -1 -1 -1 -1 -1 -1 -1 -1 -1 -1 -1 -1 -1 -1 -1 -1 -1 -1 -1 -1 -1 -1 -1 -1 -1 -1 -1 -1 -1 -1 -1 -1 -1 -1 -1 -1 -1 -1 -1 -1 -1 -1 -1 -1 -1 -1 -1 -1 -1 -1 -1 -1 -1 -1 -1 -1 -1 -1 -1 -1 -1 -1 -1 -1 -1 -1 -1 -1 -1 -1 -1 -1 -1 -1 -1 -1 -1 -1 -1 -1 -1 -1 -1 -1 -1 -1 -1 -1 -1 -1 -1 -1 -1 -1 -1 -1 -1 -1 -1 -1 -1 -1 -1 -1 -1 -1 -1 -1 -1 -1 -1 -1 -1 -1 -1 -1 -1 -1 -1 -1 -1 -1 -1 -1 -1 -1 -1 -1 -1 -1 -1 -1 -1 -1 -1 -1 -1 -1 -1 -1 -1 -1 -1 -1 -1 -1 -1 -1 -1 -1 -1 -1 -1 -1 -1 -1 -1 -1 -1 -1 -1 -1 -1 -1 -1 -1 -1 -1 -1 -1 -1 -1 -1 -1 -1 -1 -1 -1 -1 -1 -1 -1 -1 -1 -1 -1 -1 -1 -1 -1 -1 -1 -1 -1 -1 -1 -1 -1 -1 -1 -1 -1 -1 -1 -1 -1 -1 -1 -1 -1 -1 -1 -1 -1 -1 -1 -1 -1 -1 -1 -1 -1 -1 -1 -1 -1 -1 -1 -1 -1 -1 -1 -1 -1 -1 -1 -1 -1 -1 -1 -1 -1 -1 -1 -1 -1 -1 -1 -1 -1 -1 -1 -1 -1 -1 -1 -1 -1 -1 -1 -1 -1 -1 -1 -1 -1 -1 -1 -1 -1 -1 -1 -1 -1 0 0 0 0 0 0 0 0 0 0 0 0 0 0 0 0 0 0 0 0 0 0 0 0 0 0 0 0 0 0 0 0 0 0 0 0 0 0 0 0 0 0 0 0 0 0 0 0 0 0 0 0 0 0 0 0 0 0 0 0
        </DataArray>
        <DataArray type="Int32" Name="active_contact_facet" format="ascii">
          0 0 0 0 0 0 0 0 0 0 0 0 0 0 0 0 0 0 0 0 0 0 0 0 0 0 0 0 0 0 0 0 0 0 0 0 0 0 0 0 0 0 0 0 0 0 0 0 0 0 0 0 0 0 0 0 0 0 0 0 0 0 0 0 0 0 0 0 0 0 0 0 0 0 0 0 0 0 0 0 0 0 0 0 0 0 0 0 0 0 0 0 0 0 0 0 0 0 0 0 0 0 0 0 0 0 0 0 0 0 0 0 0 0 0 0 0 0 0 0 0 0 0 0 0 0 0 0 0 0 0 0 0 0 0 0 0 0 0 0 0 0 0 0 0 0 0 0 0 0 0 0 0 0 0 0 0 0 0 0 0 0 0 0 0 0 0 0 0 0 0 0 0 0 0 0 0 0 0 0 0 0 0 0 0 0 0 0 0 0 0 0 0 0 0 0 0 0 0 0 0 0 0 0 0 0 0 0 0 0 0 0 0 0 0 0 0 0 0 0 0 0 0 0 0 0 0 0 0 0 0 0 0 0 0 0 0 0 0 0 0 0 0 0 0 0 0 0 0 0 0 0 0 0 0 0 0 0 0 0 0 0 0 0 0 0 0 0 0 0 0 0 0 0 0 0 0 0 0 0 0 0 0 0 0 0 0 0 0 0 0 0 0 0 0 0 0 0 0 0 0 0 0 0 0 0 0 0 0 0 0 0 0 0 0 0 0 0 0 0 0 0 0 0 0 0 0 0 0 0 0 0 0 0 0 0 0 0 0 0 0 0 0 0 0 0 0 0 0 0 0 0 0 0 0 0 0 0 0 0 0 0 0 0 0 0 0 0 0 0 0 0 0 0 0 0 0 0 0 0 0 0 0 0 0 0 0 0 0 0 0 0 0 0 0 0 0 0 0 0 0 0 0 0 0 0 0 0 0 0 0 0 0 0 0 0 0 0 0 0 0 0 0 0 0 0 0 0 0 0 1 1 1 1 1 1 1 1 1 1 1 1 1 1 1 1 1 1 1 1 1 1 1 1 1 1 1 1 1 1 1 1 1 1 1 1 1 1 1 1 0 0 0 0 0 0 0 0 0 0
        </DataArray>
        <DataArray type="Int32" Name="active_contact_surface_index" format="ascii">
          -1 -1 -1 -1 -1 -1 -1 -1 -1 -1 -1 -1 -1 -1 -1 -1 -1 -1 -1 -1 -1 -1 -1 -1 -1 -1 -1 -1 -1 -1 -1 -1 -1 -1 -1 -1 -1 -1 -1 -1 -1 -1 -1 -1 -1 -1 -1 -1 -1 -1 -1 -1 -1 -1 -1 -1 -1 -1 -1 -1 -1 -1 -1 -1 -1 -1 -1 -1 -1 -1 -1 -1 -1 -1 -1 -1 -1 -1 -1 -1 -1 -1 -1 -1 -1 -1 -1 -1 -1 -1 -1 -1 -1 -1 -1 -1 -1 -1 -1 -1 -1 -1 -1 -1 -1 -1 -1 -1 -1 -1 -1 -1 -1 -1 -1 -1 -1 -1 -1 -1 -1 -1 -1 -1 -1 -1 -1 -1 -1 -1 -1 -1 -1 -1 -1 -1 -1 -1 -1 -1 -1 -1 -1 -1 -1 -1 -1 -1 -1 -1 -1 -1 -1 -1 -1 -1 -1 -1 -1 -1 -1 -1 -1 -1 -1 -1 -1 -1 -1 -1 -1 -1 -1 -1 -1 -1 -1 -1 -1 -1 -1 -1 -1 -1 -1 -1 -1 -1 -1 -1 -1 -1 -1 -1 -1 -1 -1 -1 -1 -1 -1 -1 -1 -1 -1 -1 -1 -1 -1 -1 -1 -1 -1 -1 -1 -1 -1 -1 -1 -1 -1 -1 -1 -1 -1 -1 -1 -1 -1 -1 -1 -1 -1 -1 -1 -1 -1 -1 -1 -1 -1 -1 -1 -1 -1 -1 -1 -1 -1 -1 -1 -1 -1 -1 -1 -1 -1 -1 -1 -1 -1 -1 -1 -1 -1 -1 -1 -1 -1 -1 -1 -1 -1 -1 -1 -1 -1 -1 -1 -1 -1 -1 -1 -1 -1 -1 -1 -1 -1 -1 -1 -1 -1 -1 -1 -1 -1 -1 -1 -1 -1 -1 -1 -1 -1 -1 -1 -1 -1 -1 -1 -1 -1 -1 -1 -1 -1 -1 -1 -1 -1 -1 -1 -1 -1 -1 -1 -1 -1 -1 -1 -1 -1 -1 -1 -1 -1 -1 -1 -1 -1 -1 -1 -1 -1 -1 -1 -1 -1 -1 -1 -1 -1 -1 -1 -1 -1 -1 -1 -1 -1 -1 -1 -1 -1 -1 -1 -1 -1 -1 -1 -1 -1 -1 -1 -1 -1 -1 -1 -1 -1 -1 -1 -1 -1 -1 -1 -1 -1 -1 -1 -1 -1 -1 -1 -1 -1 -1 -1 -1 -1 -1 -1 -1 -1 -1 -1 -1 -1 -1 -1 -1 -1 -1 -1 -1 -1 -1 -1 -1 -1 -1 -1 -1 -1 -1 -1 -1 -1 -1 0 0 0 0 0 0 0 0 0 0 0 0 0 0 0 0 0 0 0 0 0 0 0 0 0 0 0 0 0 0 0 0 0 0 0 0 0 0 0 0 -1 -1 -1 -1 -1 -1 -1 -1 -1 -1
        </DataArray>
      </CellData>
      <Points>
        <DataArray type="Float64" NumberOfComponents="3" format="ascii">
          -0.12499999999999993 0.36349364905389026 0 -0.12120240506158432 0.36134507321515108 0 -0.11736789069647291 0.35926310178526838 0 -0.11349762493488716 0.35724836895290824 0 -0.10959278669726996 0.35530148842520853 0 -0.10565456543517562 0.35342305324083784 0 -0.10168416076895097 0.35161363558935022 0 -0.097682782122319622 0.34987378663689039 0 -0.09365164835397935 0.34820403635830366 0 -0.089591987386326566 0.34660489337570011 0 -0.085505035831418955 0.34507684480352346 0 -0.081392038614290993 0.34362035610017139 0 -0.077254248593738944 0.34223587092621222 0 -0.073092926180686441 0.34092381100924174 0 -0.068909338954252219 0.3396845760154209 0 -0.064704761275632891 0.33851854342773358 0 -0.060480473899919472 0.33742606843100142 0 -0.056237763585968846 0.33640748380369173 0 -0.051977922704442271 0.33546309981654904 0 -0.047702248844138699 0.33459320413808441 0 -0.043412044416734921 0.33379806174694837 0 -0.039108616260060104 0.33307791485121591 0 -0.03479327524001858 0.3324329828146077 0 -0.030467335851289142 0.33186346208966977 0 -0.02613211581691547 0.33136952615793186 0 -0.021788935686916699 0.3309513254770638 0 -0.017439118436033314 0.33060898743504402 0 -0.013083989060737997 0.33034261631135653 0 -0.0087248741756271106 0.33015229324522599 0 -0.0043631016093227965 0.3300380762109022 0 -1.7457406694215667e-15 0.32999999999999996 0 0.0043631016093190833 0.33003807621090209 0 0.0087248741756236221 0.33015229324522588 0 0.01308398906073429 0.33034261631135642 0 0.01743911843602983 0.3306089874350438 0 0.021788935686913001 0.33095132547706346 0 0.026132115816912001 0.33136952615793153 0 0.030467335851285457 0.33186346208966933 0 0.034793275240015117 0.3324329828146072 0 0.039108616260056434 0.33307791485121535 0 0.043412044416731473 0.33379806174694771 0 0.047702248844135049 0.33459320413808374 0 0.05197792270443885 0.33546309981654832 0 0.056237763585965224 0.3364074838036909 0 0.060480473899916079 0.33742606843100059 0 0.064704761275629297 0.33851854342773258 0 0.068909338954249069 0.33968457601541996 0 0.073092926180683415 0.34092381100924085 0 0.077254248593736252 0.34223587092621133 0 0.081392038614288523 0.3436203561001705 0 0.085505035831416706 0.34507684480352269 0 0.089591987386324554 0.34660489337569933 0 0.093651648353977657 0.34820403635830294 0 0.09768278212231804 0.34987378663688973 0 0.10168416076894971 0.3516136355893496 0 0.10565456543517457 0.35342305324083739 0 0.10959278669726921 0.35530148842520815 0 0.11349762493488652 0.35724836895290796 0 0.11736789069647266 0.35926310178526821 0 0.12120240506158418 0.36134507321515102 0 0.12500000000000008 0.36349364905389037 0 -0.14062499999999925 0.33643035518562769 0 -0.13635270569428171 0.33401320736704615 0 -0.1320388770335314 0.3316709895084281 0 -0.12768482805174744 0.329404415072023 0 -0.12329188503442812 0.32721417447836082 0 -0.11886138611457202 0.32510093489594377 0 -0.11439468086506929 0.32306534003802018 0 -0.10989312988760905 0.32110800996650291 0 -0.10535810439822627 0.31922954090309286 0 -0.10079098580961691 0.31743050504766385 0 -0.096193165310345871 0.31571145040396514 0 -0.091566043441076939 0.31407290061269405 0 -0.0869110296679559 0.31251535479199 0 -0.082229541953271854 0.31103928738539821 0 -0.077523006323533386 0.30964514801734982 0 -0.072792856435086664 0.30833336135620154 0 -0.068040533137409084 0.30710432698487794 0 -0.063267484034214658 0.30595841927915451 0 -0.05847516304249728 0.304895987293619 0 -0.053665029949655781 0.30391735465534625 0 -0.048838549968826556 0.30302281946531823 0 -0.043997193292567412 0.30221265420761922 0 -0.039142434645020714 0.301487105666435 0 -0.034275752832700124 0.30084639485087983 0 -0.029398630294029764 0.30029071692767467 0 -0.024512552647781172 0.29982024116169809 0 -0.019619008240537385 0.29943511086442587 0 -0.014719487693330176 0.29913544335027747 0 -0.0098154834475804534 0.29892132990088061 0 -0.0049084893104881224 0.29879283573726628 0 -1.963958253099253e-15 0.29875000000000135 0 0.0049084893104839452 0.29879283573726617 0 0.0098154834475765278 0.29892132990088049 0 0.014719487693326006 0.29913544335027725 0 0.019619008240533465 0.29943511086442559 0 0.024512552647777009 0.29982024116169775 0 0.029398630294025861 0.30029071692767428 0 0.034275752832695974 0.30084639485087927 0 0.039142434645016821 0.30148710566643444 0 0.043997193292563276 0.30221265420761861 0 0.048838549968822677 0.30302281946531751 0 0.053665029949651673 0.30391735465534553 0 0.058475163042493429 0.30489598729361816 0 0.063267484034210578 0.30595841927915357 0 0.068040533137405268 0.30710432698487694 0 0.072792856435082612 0.30833336135620049 0 0.077523006323529833 0.30964514801734871 0 0.082229541953268454 0.31103928738539721 0 0.086911029667952874 0.312515354791989 0 0.091566043441074149 0.31407290061269311 0 0.096193165310343345 0.31571145040396426 0 0.10079098580961464 0.31743050504766301 0 0.10535810439822436 0.31922954090309202 0 0.10989312988760727 0.32110800996650218 0 0.11439468086506788 0.32306534003801951 0 0.11886138611457082 0.32510093489594327 0 0.12329188503442728 0.32721417447836038 0 0.12768482805174672 0.32940441507202267 0 0.13203887703353112 0.33167098950842794 0 0.13635270569428157 0.33401320736704609 0 0.14062499999999942 0.33643035518562781 0 -0.15624999999999858 0.30936706131736513 0 -0.15150300632697911 0.30668134151894116 0 -0.14670986337058989 0.30407887723158783 0 -0.14187203116860775 0.30156046119113772 0 -0.13699098337158627 0.29912686053151305 0 -0.13206820679396841 0.29677881655104971 0 -0.12710520096118763 0.29451704448669019 0 -0.12210347765289849 0.29234223329611542 0 -0.1170645604424732 0.29025504544788205 0 -0.11198998423290725 0.28825611671962764 0 -0.10688129478927279 0.28634605600440682 0 -0.10174004826786287 0.28452544512521677 0 -0.096567810742172855 0.28279483865776783 0 -0.091366157725857267 0.28115476376155474 0 -0.086136673692814539 0.27960572001927869 0 -0.080880951594540423 0.27814817928466951 0 -0.07560059237489869 0.2767825855387544 0 -0.070297204482460462 0.2755093547546173 0 -0.064972403380552282 0.2743288747706889 0 -0.059627811055172862 0.27324150517260815 0 -0.05426505552091819 0.27224757718368808 0 -0.048885770325074712 0.27134739356402254 0 -0.043491594050022855 0.27054122851826229 0 -0.038084169814111099 0.26982932761208989 0 -0.032665144771144058 0.26921190769741749 0 -0.027236169608645642 0.26868915684633243 0 -0.021798898045041457 0.26826123429380772 0 -0.016354986325922357 0.26792827038919836 0 -0.010906092719533795 0.26769036655653522 0 -0.0054538770116534492 0.26754759526363037 0 -2.1821758367769398e-15 0.26750000000000268 0 0.005453877011648808 0.26754759526363026 0 0.010906092719529435 0.26769036655653505 0 0.016354986325917722 0.26792827038919814 0 0.021798898045037103 0.26826123429380744 0 0.027236169608641021 0.26868915684633199 0 0.032665144771139722 0.26921190769741704 0 0.038084169814106499 0.26982932761208928 0 0.043491594050018526 0.27054122851826168 0 0.048885770325070126 0.27134739356402182 0 0.054265055520913881 0.27224757718368731 0 0.059627811055168303 0.27324150517260731 0 0.064972403380548008 0.27432887477068801 0 0.070297204482455924 0.27550935475461624 0 0.075600592374894457 0.27678258553875335 0 0.080880951594535927 0.27814817928466834 0 0.086136673692810597 0.27960572001927753 0 0.091366157725853492 0.28115476376155363 0 0.096567810742169496 0.28279483865776672 0 0.10174004826785979 0.28452544512521571 0 0.10688129478926997 0.28634605600440588 0 0.11198998423290474 0.28825611671962664 0 0.11706456044247107 0.29025504544788117 0 0.1221034776528965 0.29234223329611464 0 0.12710520096118605 0.29451704448668947 0 0.13206820679396708 0.29677881655104915 0 0.13699098337158536 0.29912686053151261 0 0.14187203116860694 0.30156046119113733 0 0.14670986337058958 0.30407887723158761 0 0.15150300632697894 0.30668134151894111 0 0.15624999999999878 0.30936706131736524 0 -0.17187499999999881 0.28230376744910102 0 -0.16665330695967737 0.27934947567083468 0 -0.16138084970764921 0.276486764954746 0 -0.15605923428546883 0.27371650731025088 0 -0.15069008170874523 0.27103954658466373 0 -0.14527502747336554 0.26845669820615403 0 -0.13981572105730669 0.26596874893535855 0 -0.13431382541818862 0.26357645662572632 0 -0.12877101648672076 0.26128054999266959 0 -0.12318898265619824 0.25908172839158972 0 -0.1175694242682003 0.25698066160484684 0 -0.1119140530946494 0.25497798963773777 0 -0.10622459181639037 0.25307432252354395 0 -0.10050277349844321 0.25127024013770954 0 -0.094750341062096191 0.24956629202120589 0 -0.088969046753994654 0.24796299721313578 0 -0.083160651612388739 0.24646084409262917 0 -0.07732692493070667 0.2450602902300783 0 -0.071469643718607659 0.24376176224775711 0 -0.065590592160690284 0.24256565568986826 0 -0.05969156107301013 0.24147233490205622 0 -0.053774347357582297 0.24048213292042409 0 -0.047840753455025239 0.23959535137008781 0 -0.041892586795522296 0.23881226037329814 0 -0.035931659248258536 0.23813309846715852 0 -0.029959786569510267 0.23755807253096495 0 -0.023978787849545651 0.23708735772318776 0 -0.01799048495851463 0.23672109742811751 0 -0.0119967019914872 0.236459403212188 0 -0.0059992647128188064 0.23630235478999273 0 -2.4003934204546388e-15 0.23625000000000221 0 0.0059992647128137011 0.23630235478999259 0 0.011996701991482403 0.23645940321218786 0 0.017990484958509533 0.23672109742811728 0 0.023978787849540863 0.23708735772318745 0 0.029959786569505181 0.23755807253096448 0 0.035931659248253769 0.23813309846715808 0 0.041892586795517231 0.2388122603732975 0 0.047840753455020479 0.23959535137008711 0 0.053774347357577246 0.24048213292042331 0 0.059691561073005391 0.24147233490205533 0 0.065590592160685274 0.24256565568986735 0 0.071469643718602954 0.24376176224775611 0 0.077326924930701688 0.24506029023007717 0 0.083160651612384076 0.24646084409262797 0 0.088969046753989714 0.2479629972131345 0 0.094750341062091861 0.24956629202120459 0 0.10050277349843904 0.25127024013770832 0 0.10622459181638666 0.25307432252354273 0 0.111914053094646 0.2549779896377366 0 0.11756942426819721 0.25698066160484578 0 0.12318898265619546 0.25908172839158866 0 0.12877101648671846 0.26128054999266859 0 0.13431382541818643 0.26357645662572543 0 0.13981572105730494 0.26596874893535777 0 0.1452750274733641 0.26845669820615342 0 0.15069008170874421 0.27103954658466323 0 0.15605923428546795 0.27371650731025043 0 0.16138084970764888 0.27648676495474578 0 0.16665330695967717 0.27934947567083462 0 0.171874999999999 0.28230376744910113 0 -0.187499999999999 0.25524047358083696 0 -0.18180360759237563 0.25201760982272819 0 -0.17605183604470853 0.24889465267790417 0 -0.17024643740232992 0.24587255342936401 0 -0.16438918004590417 0.24295223263781443 0 -0.15848184815276267 0.24013457986125838 0 -0.15252624115342572 0.23742045338402692 0 -0.14652417318347874 0.23481067995533719 0 -0.14047747253096837 0.23230605453745715 0 -0.13438798107948921 0.22990734006355185 0 -0.12825755374712783 0.22761526720528688 0 -0.12208805792143591 0.22543053415025879 0 -0.11588137289060786 0.22335380638932004 0 -0.10963938927102915 0.22138571651386432 0 -0.10336400843137784 0.21952686402313309 0 -0.097057141913448872 0.21777781514160205 0 -0.090720710849878775 0.21613910264650393 0 -0.084356645378952863 0.21461122570553934 0 -0.077966884056663036 0.21319464972482532 0 -0.071553373266207712 0.21188980620712838 0 -0.06511806662510207 0.21069709262042433 0 -0.058662924390089875 0.20961687227682563 0 -0.052189912860027624 0.20864947422191332 0 -0.045701003776933494 0.20779519313450645 0 -0.039198173725373021 0.20705428923689959 0 -0.032683403530374897 0.20642698821559749 0 -0.026158677654049847 0.20591348115256783 0 -0.019625983591106903 0.20551392446703662 0 -0.013087311263440603 0.20522843986784081 0 -0.0065446524139841636 0.20505711431635504 0 -2.6186110041323378e-15 0.20500000000000176 0 0.0065446524139785942 0.20505711431635493 0 0.013087311263435372 0.20522843986784065 0 0.019625983591101341 0.20551392446703637 0 0.026158677654044622 0.2059134811525675 0 0.032683403530369345 0.20642698821559699 0 0.039198173725367817 0.20705428923689909 0 0.04570100377692797 0.20779519313450573 0 0.052189912860022426 0.20864947422191257 0 0.058662924390084373 0.20961687227682479 0 0.065118066625096907 0.21069709262042338 0 0.07155337326620223 0.21188980620712738 0 0.077966884056657901 0.21319464972482424 0 0.084356645378947437 0.21461122570553809 0 0.090720710849873695 0.21613910264650263 0 0.097057141913443487 0.21777781514160063 0 0.10336400843137311 0.21952686402313168 0 0.10963938927102461 0.22138571651386299 0 0.11588137289060382 0.2233538063893187 0 0.12208805792143221 0.22543053415025749 0 0.12825755374712444 0.22761526720528572 0 0.13438798107948619 0.22990734006355068 0 0.14047747253096582 0.23230605453745606 0 0.14652417318347635 0.23481067995533625 0 0.15252624115342384 0.23742045338402604 0 0.15848184815276109 0.24013457986125772 0 0.16438918004590303 0.24295223263781385 0 0.17024643740232898 0.24587255342936354 0 0.17605183604470814 0.24889465267790392 0 0.1818036075923754 0.25201760982272808 0 0.18749999999999922 0.25524047358083707 0 -0.20312499999999922 0.22817717971257284 0 -0.19695390822507389 0.22468574397462168 0 -0.19072282238176785 0.22130254040106231 0 -0.18443364051919103 0.21802859954847714 0 -0.1780882783830631 0.21486491869096508 0 -0.17168866883215983 0.21181246151636271 0 -0.16523676124954478 0.2088721578326953 0 -0.15873452094876886 0.20604490328494809 0 -0.15218392857521595 0.20333155908224471 0 -0.14558697950278018 0.20073295173551395 0 -0.13894568322605536 0.1982498728057269 0 -0.13226206274822244 0.19588307866277979 0 -0.12553815396482537 0.19363329025509615 0 -0.11877600504361507 0.19150119289001913 0 -0.1119776758006595 0.18948743602506027 0 -0.1051452370729031 0.18759263307006832 0 -0.098280770087368824 0.18581736120037867 0 -0.09138636582719907 0.1841621611810004 0 -0.084464124394718412 0.18262753720189351 0 -0.077516154371725127 0.1812139567243885 0 -0.070544572177194009 0.17992185033879243 0 -0.063551501422597467 0.1787516116332272 0 -0.056539072265030008 0.17770359707373887 0 -0.049509420758344691 0.17677812589571473 0 -0.042464688202487499 0.17597548000664062 0 -0.035407020491239519 0.17529590390023003 0 -0.02833856745855404 0.1747396045819479 0 -0.021261482223699175 0.17430675150595576 0 -0.014177920535394009 0.17399747652349365 0 -0.0070900401151495207 0.17381187384271737 0 -2.8368285878100364e-15 0.17375000000000135 0 0.0070900401151434873 0.17381187384271723 0 0.01417792053538834 0.17399747652349346 0 0.021261482223693152 0.17430675150595548 0 0.028338567458548382 0.17473960458194754 0 0.03540702049123351 0.17529590390022948 0 0.042464688202481865 0.17597548000664007 0 0.049509420758338703 0.17677812589571396 0 0.05653907226502438 0.17770359707373806 0 0.0635515014225915 0.17875161163322628 0 0.070544572177188417 0.17992185033879141 0 0.077516154371719201 0.18121395672438742 0 0.084464124394712861 0.18262753720189234 0 0.091386365827193186 0.18416216118099904 0 0.098280770087363301 0.18581736120037728 0 0.10514523707289726 0.18759263307006679 0 0.11197767580065437 0.18948743602505874 0 0.11877600504361016 0.19150119289001769 0 0.12553815396482099 0.19363329025509471 0 0.13226206274821842 0.1958830786627784 0 0.13894568322605169 0.19824987280572565 0 0.14558697950277691 0.20073295173551267 0 0.15218392857521321 0.20333155908224354 0 0.15873452094876631 0.20604490328494707 0 0.16523676124954273 0.20887215783269436 0 0.17168866883215811 0.21181246151636199 0 0.17808827838306188 0.21486491869096447 0 0.18443364051918998 0.21802859954847664 0 0.19072282238176744 0.22130254040106204 0 0.19695390822507364 0.2246857439746216 0 0.20312499999999947 0.22817717971257298 0 -0.21874999999999944 0.20111388584430875 0 -0.21210420885777212 0.1973538781265152 0 -0.20539380871882718 0.19371042812422049 0 -0.19862084363605212 0.19018464566759027 0 -0.19178737672022203 0.18677760474411575 0 -0.18489548951155696 0.18349034317146706 0 -0.17794728134566384 0.18032386228136366 0 -0.17094486871405898 0.177279126614559 0 -0.16389038461946354 0.17435706362703227 0 -0.15678597792607118 0.17155856340747605 0 -0.14963381270498285 0.16888447840616694 0 -0.14243606757500896 0.16633562317530079 0 -0.13519493503904287 0.16391277412087224 0 -0.127912620816201 0.16161666926617393 0 -0.12059134316994113 0.15944800802698747 0 -0.11323333223235733 0.15740745099853459 0 -0.10584082932485886 0.15549561975425344 0 -0.098416086275445278 0.15371309665646143 0 -0.090961364732773789 0.15206042467896172 0 -0.083478935477242555 0.15053810724164862 0 -0.075971077729285963 0.14914660805716057 0 -0.068440078455105038 0.14788635098962874 0 -0.060888231670032392 0.14675771992556438 0 -0.053317837739755888 0.14576105865692301 0 -0.045731202679601977 0.14489667077638166 0 -0.038130637452104148 0.14416481958486255 0 -0.030518457263058237 0.14356572801132794 0 -0.022896980856291448 0.1430995785448749 0 -0.015268529807347412 0.14276651317914646 0 -0.0076354278163148787 0.14256663336907971 0 -3.0550461714877354e-15 0.1425000000000009 0 0.0076354278163083805 0.14256663336907957 0 0.015268529807341308 0.14276651317914626 0 0.02289698085628496 0.14309957854487459 0 0.030518457263052141 0.14356572801132755 0 0.038130637452097674 0.14416481958486196 0 0.045731202679595906 0.14489667077638108 0 0.053317837739749442 0.14576105865692218 0 0.060888231670026334 0.14675771992556352 0 0.068440078455098613 0.14788635098962777 0 0.075971077729279926 0.14914660805715943 0 0.083478935477236171 0.15053810724164746 0 0.090961364732767808 0.15206042467896044 0 0.098416086275438935 0.15371309665645996 0 0.10584082932485292 0.15549561975425194 0 0.11323333223235103 0.15740745099853296 0 0.12059134316993562 0.1594480080269858 0 0.12791262081619573 0.16161666926617238 0 0.13519493503903818 0.16391277412087069 0 0.14243606757500463 0.16633562317529929 0 0.14963381270497894 0.16888447840616558 0 0.15678597792606766 0.17155856340747469 0 0.16389038461946057 0.17435706362703099 0 0.17094486871405623 0.17727912661455786 0 0.17794728134566162 0.18032386228136266 0 0.18489548951155513 0.18349034317146629 0 0.19178737672022073 0.18677760474411509 0 0.19862084363605101 0.19018464566758975 0 0.20539380871882673 0.19371042812422018 0 0.2121042088577719 0.19735387812651509 0 0.21874999999999969 0.20111388584430889 0 -0.23437499999999964 0.17405059197604464 0 -0.22725450949047038 0.17002201227840869 0 -0.2200647950558865 0.16611831584737863 0 -0.21280804675291323 0.16234069178670343 0 -0.20548647505738099 0.15869029079726643 0 -0.19810231019095412 0.15516822482657139 0 -0.19065780144178288 0.15177556673003204 0 -0.18315521647934913 0.14851334994416987 0 -0.17559684066371112 0.1453825681718198 0 -0.16798497634936216 0.14238417507943815 0 -0.16032194218391038 0.13951908400660695 0 -0.15261007240179547 0.13678816768782182 0 -0.14485171611326039 0.13419225798664836 0 -0.13704923658878695 0.13173214564232871 0 -0.12920501053922279 0.12940858002891464 0 -0.12132142739181155 0.12722226892700086 0 -0.11340088856234891 0.12517387830812818 0 -0.10544580672369148 0.12326403213192247 0 -0.097458605070829166 0.12149331215602992 0 -0.08944171658275997 0.11986225775890874 0 -0.081397583281377903 0.11837136577552868 0 -0.073328655487612623 0.1170210903460303 0 -0.065237391075034776 0.11581184277738991 0 -0.057126254721167086 0.1147439914181313 0 -0.048997717156716462 0.11381786154612271 0 -0.04085425441296877 0.11303373526949509 0 -0.03269834706756243 0.11239185144070801 0 -0.024532479488883721 0.11189240558379403 0 -0.016359139079300818 0.11153554983479927 0 -0.008180815517480235 0.11132139289544205 0 -3.2732637551654344e-15 0.11125000000000046 0 0.0081808155174732736 0.11132139289544189 0 0.016359139079294274 0.11153554983479906 0 0.024532479488876772 0.11189240558379371 0 0.032698347067555901 0.1123918514407076 0 0.040854254412961838 0.11303373526949446 0 0.048997717156709954 0.11381786154612208 0 0.057126254721160175 0.11474399141813041 0 0.065237391075028281 0.11581184277738898 0 0.07332865548760574 0.11702109034602926 0 0.081397583281371436 0.11837136577552747 0 0.089441716582753128 0.11986225775890749 0 0.097458605070822754 0.12149331215602856 0 0.1054458067236847 0.1232640321319209 0 0.11340088856234254 0.12517387830812657 0 0.12132142739180482 0.12722226892699909 0 0.12920501053921687 0.1294085800289129 0 0.13704923658878126 0.13173214564232705 0 0.14485171611325534 0.13419225798664669 0 0.15261007240179084 0.13678816768782021 0 0.16032194218390616 0.13951908400660548 0 0.16798497634935838 0.14238417507943668 0 0.17559684066370795 0.14538256817181847 0 0.18315521647934616 0.14851334994416868 0 0.19065780144178052 0.15177556673003095 0 0.19810231019095212 0.15516822482657056 0 0.20548647505737958 0.15869029079726571 0 0.21280804675291201 0.16234069178670285 0 0.22006479505588603 0.16611831584737832 0 0.22725450949047013 0.1700220122784086 0 0.23437499999999994 0.17405059197604481 0 -0.24999999999999986 0.14698729810778055 0 -0.24240481012316864 0.1426901464303022 0 -0.23473578139294582 0.1385262035705368 0 -0.22699524986977432 0.13449673790581657 0 -0.21918557339453992 0.13060297685041711 0 -0.21130913087035125 0.12684610648167571 0 -0.20336832153790194 0.12322727117870041 0 -0.19536556424463924 0.11974757327378077 0 -0.1873032967079587 0.11640807271660736 0 -0.17918397477265313 0.11320978675140025 0 -0.17101007166283791 0.11015368960704697 0 -0.16278407722858199 0.10724071220034281 0 -0.15450849718747789 0.10447174185242447 0 -0.14618585236137288 0.10184762201848352 0 -0.13781867790850444 0.099369152030841845 0 -0.12940952255126578 0.097037086855467136 0 -0.12096094779983894 0.094852136862002945 0 -0.11247552717193769 0.092814967607383503 0 -0.10395584540888454 0.090926199633098115 0 -0.095404497688277398 0.08918640827616886 0 -0.086824088833469842 0.087596123493896783 0 -0.078217232520120208 0.086155829702431852 0 -0.06958655048003716 0.084865965629215445 0 -0.060934671702578283 0.083726924179339579 0 -0.05226423163383094 0.082739052315863759 0 -0.043577871373833399 0.081902650954127632 0 -0.034878236872066627 0.081217974870088083 0 -0.026167978121475994 0.080685232622713154 0 -0.017449748351254221 0.080304586490452079 0 -0.008726203218645593 0.080076152421804381 0 -3.4914813388431334e-15 0.080000000000000016 0 0.0087262032186381667 0.080076152421804214 0 0.017449748351247244 0.080304586490451857 0 0.02616797812146858 0.080685232622712821 0 0.034878236872059661 0.081217974870087639 0 0.043577871373826002 0.081902650954126965 0 0.052264231633824001 0.082739052315863093 0 0.060934671702570914 0.083726924179338635 0 0.069586550480030235 0.084865965629214446 0 0.078217232520112867 0.086155829702430742 0 0.086824088833462945 0.087596123493895506 0 0.095404497688270098 0.089186408276167528 0 0.1039558454088777 0.090926199633096672 0 0.11247552717193045 0.092814967607381837 0 0.12096094779983216 0.094852136862001224 0 0.12940952255125859 0.097037086855465249 0 0.13781867790849814 0.099369152030839958 0 0.14618585236136683 0.10184762201848174 0 0.1545084971874725 0.10447174185242269 0 0.16278407722857705 0.10724071220034109 0 0.17101007166283341 0.11015368960704541 0 0.17918397477264911 0.1132097867513987 0 0.18730329670795531 0.11640807271660591 0 0.19536556424463608 0.1197475732737795 0 0.20336832153789941 0.12322727117869925 0 0.21130913087034914 0.12684610648167483 0 0.21918557339453842 0.13060297685041633 0 0.22699524986977304 0.13449673790581596 0 0.23473578139294532 0.13852620357053647 0 0.24240481012316836 0.14269014643030209 0 0.25000000000000017 0.14698729810778072 0
        </DataArray>
      </Points>
      <Cells>
        <DataArray type="Int32" Name="connectivity" format="ascii">
          1 0 61 62 2 1 62 63 3 2 63 64 4 3 64 65 5 4 65 66 6 5 66 67 7 6 67 68 8 7 68 69 9 8 69 70 10 9 70 71 11 10 71 72 12 11 72 73 13 12 73 74 14 13 74 75 15 14 75 76 16 15 76 77 17 16 77 78 18 17 78 79 19 18 79 80 20 19 80 81 21 20 81 82 22 21 82 83 23 22 83 84 24 23 84 85 25 24 85 86 26 25 86 87 27 26 87 88 28 27 88 89 29 28 89 90 30 29 90 91 31 30 91 92 32 31 92 93 33 32 93 94 34 33 94 95 35 34 95 96 36 35 96 97 37 36 97 98 38 37 98 99 39 38 99 100 40 39 100 101 41 40 101 102 42 41 102 103 43 42 103 104 44 43 104 105 45 44 105 106 46 45 106 107 47 46 107 108 48 47 108 109 49 48 109 110 50 49 110 111 51 50 111 112 52 51 112 113 53 52 113 114 54 53 114 115 55 54 115 116 56 55 116 117 57 56 117 118 58 57 118 119 59 58 119 120 60 59 120 121 62 61 122 123 63 62 123 124 64 63 124 125 65 64 125 126 66 65 126 127 67 66 127 128 68 67 128 129 69 68 129 130 70 69 130 131 71 70 131 132 72 71 132 133 73 72 133 134 74 73 134 135 75 74 135 136 76 75 136 137 77 76 137 138 78 77 138 139 79 78 139 140 80 79 140 141 81 80 141 142 82 81 142 143 83 82 143 144 84 83 144 145 85 84 145 146 86 85 146 147 87 86 147 148 88 87 148 149 89 88 149 150 90 89 150 151 91 90 151 152 92 91 152 153 93 92 153 154 94 93 154 155 95 94 155 156 96 95 156 157 97 96 157 158 98 97 158 159 99 98 159 160 100 99 160 161 101 100 161 162 102 101 162 163 103 102 163 164 104 103 164 165 105 104 165 166 106 105 166 167 107 106 167 168 108 107 168 169 109 108 169 170 110 109 170 171 111 110 171 172 112 111 172 173 113 112 173 174 114 113 174 175 115 114 175 176 116 115 176 177 117 116 177 178 118 117 178 179 119 118 179 180 120 119 180 181 121 120 181 182 123 122 183 184 124 123 184 185 125 124 185 186 126 125 186 187 127 126 187 188 128 127 188 189 129 128 189 190 130 129 190 191 131 130 191 192 132 131 192 193 133 132 193 194 134 133 194 195 135 134 195 196 136 135 196 197 137 136 197 198 138 137 198 199 139 138 199 200 140 139 200 201 141 140 201 202 142 141 202 203 143 142 203 204 144 143 204 205 145 144 205 206 146 145 206 207 147 146 207 208 148 147 208 209 149 148 209 210 150 149 210 211 151 150 211 212 152 151 212 213 153 152 213 214 154 153 214 215 155 154 215 216 156 155 216 217 157 156 217 218 158 157 218 219 159 158 219 220 160 159 220 221 161 160 221 222 162 161 222 223 163 162 223 224 164 163 224 225 165 164 225 226 166 165 226 227 167 166 227 228 168 167 228 229 169 168 229 230 170 169 230 231 171 170 231 232 172 171 232 233 173 172 233 234 174 173 234 235 175 174 235 236 176 175 236 237 177 176 237 238 178 177 238 239 179 178 239 240 180 179 240 241 181 180 241 242 182 181 242 243 184 183 244 245 185 184 245 246 186 185 246 247 187 186 247 248 188 187 248 249 189 188 249 250 190 189 250 251 191 190 251 252 192 191 252 253 193 192 253 254 194 193 254 255 195 194 255 256 196 195 256 257 197 196 257 258 198 197 258 259 199 198 259 260 200 199 260 261 201 200 261 262 202 201 262 263 203 202 263 264 204 203 264 265 205 204 265 266 206 205 266 267 207 206 267 268 208 207 268 269 209 208 269 270 210 209 270 271 211 210 271 272 212 211 272 273 213 212 273 274 214 213 274 275 215 214 275 276 216 215 276 277 217 216 277 278 218 217 278 279 219 218 279 280 220 219 280 281 221 220 281 282 222 221 282 283 223 222 283 284 224 223 284 285 225 224 285 286 226 225 286 287 227 226 287 288 228 227 288 289 229 228 289 290 230 229 290 291 231 230 291 292 232 231 292 293 233 232 293 294 234 233 294 295 235 234 295 296 236 235 296 297 237 236 297 298 238 237 298 299 239 238 299 300 240 239 300 301 241 240 301 302 242 241 302 303 243 242 303 304 245 244 305 306 246 245 306 307 247 246 307 308 248 247 308 309 249 248 309 310 250 249 310 311 251 250 311 312 252 251 312 313 253 252 313 314 254 253 314 315 255 254 315 316 256 255 316 317 257 256 317 318 258 257 318 319 259 258 319 320 260 259 320 321 261 260 321 322 262 261 322 323 263 262 323 324 264 263 324 325 265 264 325 326 266 265 326 327 267 266 327 328 268 267 328 329 269 268 329 330 270 269 330 331 271 270 331 332 272 271 332 333 273 272 333 334 274 273 334 335 275 274 335 336 276 275 336 337 277 276 337 338 278 277 338 339 279 278 339 340 280 279 340 341 281 280 341 342 282 281 342 343 283 282 343 344 284 283 344 345 285 284 345 346 286 285 346 347 287 286 347 348 288 287 348 349 289 288 349 350 290 289 350 351 291 290 351 352 292 291 352 353 293 292 353 354 294 293 354 355 295 294 355 356 296 295 356 357 297 296 357 358 298 297 358 359 299 298 359 360 300 299 360 361 301 300 361 362 302 301 362 363 303 302 363 364 304 303 364 365 306 305 366 367 307 306 367 368 308 307 368 369 309 308 369 370 310 309 370 371 311 310 371 372 312 311 372 373 313 312 373 374 314 313 374 375 315 314 375 376 316 315 376 377 317 316 377 378 318 317 378 379 319 318 379 380 320 319 380 381 321 320 381 382 322 321 382 383 323 322 383 384 324 323 384 385 325 324 385 386 326 325 386 387 327 326 387 388 328 327 388 389 329 328 389 390 330 329 390 391 331 330 391 392 332 331 392 393 333 332 393 394 334 333 394 395 335 334 395 396 336 335 396 397 337 336 397 398 338 337 398 399 339 338 399 400 340 339 400 401 341 340 401 402 342 341 402 403 343 342 403 404 344 343 404 405 345 344 405 406 346 345 406 407 347 346 407 408 348 347 408 409 349 348 409 410 350 349 410 411 351 350 411 412 352 351 412 413 353 352 413 414 354 353 414 415 355 354 415 416 356 355 416 417 357 356 417 418 358 357 418 419 359 358 419 420 360 359 420 421 361 360 421 422 362 361 422 423 363 362 423 424 364 363 424 425 365 364 425 426 367 366 427 428 368 367 428 429 369 368 429 430 370 369 430 431 371 370 431 432 372 371 432 433 373 372 433 434 374 373 434 435 375 374 435 436 376 375 436 437 377 376 437 438 378 377 438 439 379 378 439 440 380 379 440 441 381 380 441 442 382 381 442 443 383 382 443 444 384 383 444 445 385 384 445 446 386 385 446 447 387 386 447 448 388 387 448 449 389 388 449 450 390 389 450 451 391 390 451 452 392 391 452 453 393 392 453 454 394 393 454 455 395 394 455 456 396 395 456 457 397 396 457 458 398 397 458 459 399 398 459 460 400 399 460 461 401 400 461 462 402 401 462 463 403 402 463 464 404 403 464 465 405 404 465 466 406 405 466 467 407 406 467 468 408 407 468 469 409 408 469 470 410 409 470 471 411 410 471 472 412 411 472 473 413 412 473 474 414 413 474 475 415 414 475 476 416 415 476 477 417 416 477 478 418 417 478 479 419 418 479 480 420 419 480 481 421 420 481 482 422 421 482 483 423 422 483 484 424 423 484 485 425 424 485 486 426 425 486 487 428 427 488 489 429 428 489 490 430 429 490 491 431 430 491 492 432 431 492 493 433 432 493 494 434 433 494 495 435 434 495 496 436 435 496 497 437 436 497 498 438 437 498 499 439 438 499 500 440 439 500 501 441 440 501 502 442 441 502 503 443 442 503 504 444 443 504 505 445 444 505 506 446 445 506 507 447 446 507 508 448 447 508 509 449 448 509 510 450 449 510 511 451 450 511 512 452 451 512 513 453 452 513 514 454 453 514 515 455 454 515 516 456 455 516 517 457 456 517 518 458 457 518 519 459 458 519 520 460 459 520 521 461 460 521 522 462 461 522 523 463 462 523 524 464 463 524 525 465 464 525 526 466 465 526 527 467 466 527 528 468 467 528 529 469 468 529 530 470 469 530 531 471 470 531 532 472 471 532 533 473 472 533 534 474 473 534 535 475 474 535 536 476 475 536 537 477 476 537 538 478 477 538 539 479 478 539 540 480 479 540 541 481 480 541 542 482 481 542 543 483 482 543 544 484 483 544 545 485 484 545 546 486 485 546 547 487 486 547 548
        </DataArray>
        <DataArray type="Int32" Name="offsets" format="ascii">
          4 8 12 16 20 24 28 32 36 40 44 48 52 56 60 64 68 72 76 80 84 88 92 96 100 104 108 112 116 120 124 128 132 136 140 144 148 152 156 160 164 168 172 176 180 184 188 192 196 200 204 208 212 216 220 224 228 232 236 240 244 248 252 256 260 264 268 272 276 280 284 288 292 296 300 304 308 312 316 320 324 328 332 336 340 344 348 352 356 360 364 368 372 376 380 384 388 392 396 400 404 408 412 416 420 424 428 432 436 440 444 448 452 456 460 464 468 472 476 480 484 488 492 496 500 504 508 512 516 520 524 528 532 536 540 544 548 552 556 560 564 568 572 576 580 584 588 592 596 600 604 608 612 616 620 624 628 632 636 640 644 648 652 656 660 664 668 672 676 680 684 688 692 696 700 704 708 712 716 720 724 728 732 736 740 744 748 752 756 760 764 768 772 776 780 784 788 792 796 800 804 808 812 816 820 824 828 832 836 840 844 848 852 856 860 864 868 872 876 880 884 888 892 896 900 904 908 912 916 920 924 928 932 936 940 944 948 952 956 960 964 968 972 976 980 984 988 992 996 1000 1004 1008 1012 1016 1020 1024 1028 1032 1036 1040 1044 1048 1052 1056 1060 1064 1068 1072 1076 1080 1084 1088 1092 1096 1100 1104 1108 1112 1116 1120 1124 1128 1132 1136 1140 1144 1148 1152 1156 1160 1164 1168 1172 1176 1180 1184 1188 1192 1196 1200 1204 1208 1212 1216 1220 1224 1228 1232 1236 1240 1244 1248 1252 1256 1260 1264 1268 1272 1276 1280 1284 1288 1292 1296 1300 1304 1308 1312 1316 1320 1324 1328 1332 1336 1340 1344 1348 1352 1356 1360 1364 1368 1372 1376 1380 1384 1388 1392 1396 1400 1404 1408 1412 1416 1420 1424 1428 1432 1436 1440 1444 1448 1452 1456 1460 1464 1468 1472 1476 1480 1484 1488 1492 1496 1500 1504 1508 1512 1516 1520 1524 1528 1532 1536 1540 1544 1548 1552 1556 1560 1564 1568 1572 1576 1580 1584 1588 1592 1596 1600 1604 1608 1612 1616 1620 1624 1628 1632 1636 1640 1644 1648 1652 1656 1660 1664 1668 1672 1676 1680 1684 1688 1692 1696 1700 1704 1708 1712 1716 1720 1724 1728 1732 1736 1740 1744 1748 1752 1756 1760 1764 1768 1772 1776 1780 1784 1788 1792 1796 1800 1804 1808 1812 1816 1820 1824 1828 1832 1836 1840 1844 1848 1852 1856 1860 1864 1868 1872 1876 1880 1884 1888 1892 1896 1900 1904 1908 1912 1916 1920
        </DataArray>
        <DataArray type="UInt8" Name="types" format="ascii">
          9 9 9 9 9 9 9 9 9 9 9 9 9 9 9 9 9 9 9 9 9 9 9 9 9 9 9 9 9 9 9 9 9 9 9 9 9 9 9 9 9 9 9 9 9 9 9 9 9 9 9 9 9 9 9 9 9 9 9 9 9 9 9 9 9 9 9 9 9 9 9 9 9 9 9 9 9 9 9 9 9 9 9 9 9 9 9 9 9 9 9 9 9 9 9 9 9 9 9 9 9 9 9 9 9 9 9 9 9 9 9 9 9 9 9 9 9 9 9 9 9 9 9 9 9 9 9 9 9 9 9 9 9 9 9 9 9 9 9 9 9 9 9 9 9 9 9 9 9 9 9 9 9 9 9 9 9 9 9 9 9 9 9 9 9 9 9 9 9 9 9 9 9 9 9 9 9 9 9 9 9 9 9 9 9 9 9 9 9 9 9 9 9 9 9 9 9 9 9 9 9 9 9 9 9 9 9 9 9 9 9 9 9 9 9 9 9 9 9 9 9 9 9 9 9 9 9 9 9 9 9 9 9 9 9 9 9 9 9 9 9 9 9 9 9 9 9 9 9 9 9 9 9 9 9 9 9 9 9 9 9 9 9 9 9 9 9 9 9 9 9 9 9 9 9 9 9 9 9 9 9 9 9 9 9 9 9 9 9 9 9 9 9 9 9 9 9 9 9 9 9 9 9 9 9 9 9 9 9 9 9 9 9 9 9 9 9 9 9 9 9 9 9 9 9 9 9 9 9 9 9 9 9 9 9 9 9 9 9 9 9 9 9 9 9 9 9 9 9 9 9 9 9 9 9 9 9 9 9 9 9 9 9 9 9 9 9 9 9 9 9 9 9 9 9 9 9 9 9 9 9 9 9 9 9 9 9 9 9 9 9 9 9 9 9 9 9 9 9 9 9 9 9 9 9 9 9 9 9 9 9 9 9 9 9 9 9 9 9 9 9 9 9 9 9 9 9 9 9 9 9 9 9 9 9 9 9 9 9 9 9 9 9 9 9 9 9 9 9 9 9 9 9 9 9 9 9 9 9 9 9 9 9 9 9 9 9 9 9 9 9 9 9 9 9 9 9 9 9 9
        </DataArray>
      </Cells>
    </Piece>
  </UnstructuredGrid>
</VTKFile>
