<?xml version="1.0"?>
<VTKFile type="UnstructuredGrid" version="0.1" byte_order="LittleEndian">
  <UnstructuredGrid>
    <Piece NumberOfPoints="549" NumberOfCells="480">
      <PointData Vectors="displacement">
        <DataArray type="Float64" Name="displacement" NumberOfComponents="3" format="ascii">
          0 -0.12 0 0.00010230235179583535 -0.12 0 7.4976338072476909e-05 -0.12 0 -1.734021004287771e-05 -0.12 0 -0.00013906676068708271 -0.12 0 -0.00026989665976645582 -0.12 0 -0.00039796229631973245 -0.12 0 -0.00051625708282024209 -0.12 0 -0.00062067340045062261 -0.12 0 -0.00070888337685640827 -0.12 0 -0.00077967889033807118 -0.12 0 -0.00083257168436947498 -0.12 0 -0.00086754545980110903 -0.12 0 -0.00088489727753967185 -0.12 0 -0.00088513770015666412 -0.12 0 -0.00086892507050601942 -0.12 0 -0.00083702161411625911 -0.12 0 -0.00079026623319654505 -0.12 0 -0.0007295546584405267 -0.12 0 -0.00065582657868508323 -0.12 0 -0.00057005782357350693 -0.12 0 -0.00047325432716434124 -0.12 0 -0.00036644765716008562 -0.12 0 -0.00025069177332295129 -0.12 0 -0.00012706046743144543 -0.12 0 3.3549307857929923e-06 -0.12 0 0.00013944781736843247 -0.12 0 0.00028009863619469339 -0.12 0 0.00042417729575262999 -0.12 0 0.00057054569078097788 -0.12 0 0.00071806031408842949 -0.12 0 0.00086557493763124384 -0.12 0 0.0010119433324363078 -0.12 0 0.0011560219915825393 -0.12 0 0.001296672809459015 -0.12 0 0.0014327656954337806 -0.12 0 0.0015631810923937273 -0.12 0 0.0016868123972712185 -0.12 0 0.0018025682805789622 -0.12 0 0.0019093749499459914 -0.12 0 0.0020061784457305601 -0.12 0 0.0020919472002924014 -0.12 0 0.0021656752797258195 -0.12 0 0.002226386853947231 -0.12 0 0.0022731422348300852 -0.12 0 0.0023050456909595512 -0.12 0 0.0023212583207229513 -0.12 0 0.002321017898090502 -0.12 0 0.002303666080424282 -0.12 0 0.0022686923049381274 -0.12 0 0.0022157995120086101 -0.12 0 0.0021450039992878703 -0.12 0 0.0020567940236563245 -0.12 0 0.0019523777072820963 -0.12 0 0.0018340829215923887 -0.12 0 0.0017060172861326967 -0.12 0 0.0015751873888155299 -0.12 0 0.0014534608396290583 -0.12 0 0.0013611442920080654 -0.12 0 0.0013338182786409062 -0.12 0 0.0014361206303738858 -0.12 0 -0.0033284338234367845 -0.11230341150864667 0 -0.0035837138231259776 -0.11327901511510054 0 -0.0037143188767426176 -0.11399518969568806 0 -0.0037753522856255042 -0.11453602148453237 0 -0.0037939117919468831 -0.11495185713935119 0 -0.0037837946111083142 -0.11527482524768108 0 -0.0037521972056965185 -0.11552659083377438 0 -0.0037029274981776154 -0.11572246570908146 0 -0.0036380142232122865 -0.11587370756303836 0 -0.0035585439421341757 -0.1159888702678523 0 -0.0034651101081014635 -0.11607463342311516 0 -0.0033580600942948939 -0.11613633471349973 0 -0.0032376341768502611 -0.11617832462941492 0 -0.0031040465188016311 -0.11620420191978388 0 -0.0029575288515380832 -0.11621698632853276 0 -0.0027983575432232737 -0.11621924364739411 0 -0.0026268700561281931 -0.11621317387676804 0 -0.0024434697116742952 -0.11620067698673693 0 -0.0022486316097557247 -0.11618340653482237 0 -0.0020429043881371785 -0.11616280861120484 0 -0.0018269074426389949 -0.11614014967390358 0 -0.0016013286389861422 -0.11611653961371156 0 -0.0013669214439589936 -0.11609294979434752 0 -0.0011245008371596808 -0.11607022639128892 0 -0.00087493820849882011 -0.11604910015232361 0 -0.00061915558821921957 -0.11603019363673671 0 -0.00035811940719441063 -0.11601402661340331 0 -9.2833857772502032e-05 -0.11600102003997462 0 0.00017566612417513794 -0.11599149890240426 0 0.00044632221143813997 -0.11598569414869389 0 0.00071806031594472987 -0.11598374390640048 0 0.00098979842025053062 -0.11598569414888264 0 0.001260454506985633 -0.11599149890292561 0 0.001528954488595882 -0.11600102004070183 0 0.0017942400373848241 -0.11601402661440047 0 0.0020552762172176041 -0.11603019363819858 0 0.0023110588372101176 -0.11604910015291002 0 0.002560621465319123 -0.11607022639085172 0 0.0028030420717781788 -0.11609294979251152 0 0.0030374492668281991 -0.11611653961038725 0 0.0032630280699023034 -0.11614014967176241 0 0.003479025014822125 -0.11616280860984099 0 0.0036847522363863978 -0.11618340653319595 0 0.0038795903383409902 -0.11620067698453591 0 0.0040629906824919178 -0.11621317387446189 0 0.0042344781696413061 -0.11621924364497888 0 0.0043936494776933028 -0.11621698632551773 0 0.00454016714481439 -0.11620420191601265 0 0.0046737548029971579 -0.11617832462614061 0 0.0047941807204911436 -0.11613633471059737 0 0.0049012307342203897 -0.11607463342096182 0 0.0049946645684886427 -0.11598887026693226 0 0.0050741348489936498 -0.1158737075616894 0 0.0051390481230924965 -0.11572246570720235 0 0.0051883178313933643 -0.11552659083249822 0 0.0052199152373205212 -0.11527482524726329 0 0.0052300324183701154 -0.11495185713970645 0 0.0052114729125114631 -0.11453602148618341 0 0.0051504395040963971 -0.11399518969803435 0 0.0050198344511262821 -0.11327901511815909 0 0.0047645544516733062 -0.11230341151220181 0 -0.0059474092338711124 -0.10905081484122106 0 -0.0061151270744853742 -0.10950141850256392 0 -0.0062393889091973019 -0.10998341904172457 0 -0.0063092491891983448 -0.11043684995165746 0 -0.0063275781989374086 -0.11083913179805059 0 -0.0063006961389031873 -0.11118390644577361 0 -0.0062349786036512917 -0.11147190643183211 0 -0.0061358877714992894 -0.11170687504850146 0 -0.0060078327703217893 -0.11189370192042808 0 -0.0058542901858281201 -0.11203756622489906 0 -0.0056779839241283096 -0.11214354844176043 0 -0.0054810570055629816 -0.1122164594142129 0 -0.0052652147470981705 -0.11226077642412755 0 -0.0050318364439271724 -0.11228066073651077 0 -0.0047820758243443387 -0.11227995551037925 0 -0.004516929072200318 -0.1122621995082724 0 -0.0042372829883189902 -0.11223065870241648 0 -0.0039439718715017719 -0.1121883544147796 0 -0.0036378031927868557 -0.11213807001794074 0 -0.0033195764989740924 -0.11208236174807 0 -0.0029901074863854572 -0.11202357653721191 0 -0.0026502417095749563 -0.11196385898806796 0 -0.0023008610749277801 -0.11190515301596247 0 -0.001942887089142377 -0.11184920266586787 0 -0.0015772821498580224 -0.11179755269260044 0 -0.0012050489692126741 -0.11175154832750812 0 -0.00082722812322641893 -0.11171233395956635 0 -0.00044489392595610186 -0.11168085094745017 0 -5.9148980151584736e-05 -0.11165783502895602 0 0.00032888222309815606 -0.11164381381643672 0 0.00071806031391761626 -0.11163910475747457 0 0.0011072384048253566 -0.11164381381816033 0 0.0014952696081342348 -0.11165783503063349 0 0.0018810145536686115 -0.11168085094933108 0 0.0022633487498081046 -0.11171233396169675 0 0.0026411695950166957 -0.11175154832947032 0 0.0030134027751892501 -0.11179755269484223 0 0.0033790077138864966 -0.11184920266832471 0 0.0037369816987500365 -0.11190515301711995 0 0.0040863623326245239 -0.11196385898804966 0 0.0044262281089220744 -0.11202357653701674 0 0.004755697121092568 -0.11208236174744127 0 0.0050739238152750455 -0.11213807001614957 0 0.0053800924944934648 -0.11218835441211571 0 0.0056734036117665641 -0.11223065869899078 0 0.0059530496959454395 -0.11226219950382205 0 0.0062181964485894413 -0.11227995550553038 0 0.0064679570685585259 -0.11228066073127446 0 0.0067013353722058019 -0.11226077641873418 0 0.0069171776313359905 -0.11221645940891548 0 0.0071141045504385589 -0.1121435484374039 0 0.0072904108126577959 -0.11203756622144467 0 0.0074439533975200539 -0.1118937019169808 0 0.0075720083988080394 -0.11170687504466938 0 0.0076710992315410344 -0.11147190643014469 0 0.0077368167673783099 -0.1111839064458521 0 0.0077636988268358961 -0.11083913179885797 0 0.0077453698164858097 -0.11043684995278061 0 0.0076755095367500104 -0.10998341904349782 0 0.0075512477016537651 -0.10950141850432267 0 0.007383529860977461 -0.1090508148430662 0 -0.0077112948786564727 -0.10704221981621896 0 -0.0078422530870130899 -0.10738673163532408 0 -0.0079270733534821166 -0.10767736907856565 0 -0.0079694269532593169 -0.10793535321752667 0 -0.007969654225126117 -0.10816270084519722 0 -0.0079288336595810908 -0.1083570340107448 0 -0.0078490352180908794 -0.10851608405648892 0 -0.0077328698363556643 -0.10863879740133381 0 -0.0075830807126330124 -0.10872537745796036 0 -0.0074022921308235278 -0.10877705105424969 0 -0.0071928873089320876 -0.1087958193295288 0 -0.0069569722401601492 -0.10878426595993297 0 -0.006696395963763052 -0.10874539434320729 0 -0.0064127991740394194 -0.10868240378639381 0 -0.0061076207123031221 -0.1085986798417288 0 -0.0057821611421019544 -0.10849773645495538 0 -0.0054376637013823928 -0.10838312168383464 0 -0.005075288885086477 -0.10825833543953334 0 -0.0046961630186136659 -0.10812682026413514 0 -0.0043014333186645031 -0.1079919435777128 0 -0.0038922659915172435 -0.10785693339571274 0 -0.0034698468811637929 -0.10772483729536972 0 -0.0030353889708127171 -0.10759849847900191 0 -0.0025901385634310397 -0.10748053458714971 0 -0.0021353764509899507 -0.10737331491594214 0 -0.0016724145457508899 -0.10727893745629138 0 -0.0012025899463732012 -0.10719920819381279 0 -0.00072725833696670556 -0.10713562420944601 0 -0.00024778798821294639 -0.10708936099037879 0 0.00023444502630018844 -0.10706126361541007 0 0.00071806031207341818 -0.10705184115357108 0 0.0012016755978014632 -0.10706126361572438 0 0.0016839086123797619 -0.10708936099101449 0 0.0021633789616057482 -0.10713562421104252 0 0.0026387105717610698 -0.10719920819578203 0 0.0031085351714581189 -0.10727893745831739 0 0.0035714970771504222 -0.10737331491783396 0 0.0040262591897201327 -0.10748053458863421 0 0.0044715095977182831 -0.10759849847986605 0 0.0049059675077574912 -0.10772483729520399 0 0.0053283866181123357 -0.10785693339424164 0 0.0057375539450317051 -0.10799194357533966 0 0.0061322836445656202 -0.10812682026105025 0 0.0065114095103992343 -0.10825833543509022 0 0.0068737843260343176 -0.10838312167845046 0 0.007218281766297456 -0.10849773644967457 0 0.0075437413362459587 -0.10859867983633122 0 0.0078489197975563606 -0.10868240378124341 0 0.0081325165867990167 -0.10874539433808307 0 0.0083930928629546986 -0.10878426595498357 0 0.0086290079318720302 -0.10879581932570967 0 0.0088384127536814943 -0.10877705105126019 0 0.0090192013354811994 -0.10872537745565369 0 0.0091689904597896145 -0.10863879740065972 0 0.0092851558421070523 -0.1085160840564003 0 0.0093649542845097942 -0.10835703401144448 0 0.0094057748507199411 -0.10816270084646615 0 0.0094055475796058149 -0.10793535321930021 0 0.0093631939801231568 -0.10767736908077367 0 0.0092783737141328027 -0.10738673163798881 0 0.0091474155060072351 -0.1070422198192893 0 -0.0088648674371449958 -0.10613463609439729 0 -0.0089442210910839932 -0.1062843638938694 0 -0.0089813797829901877 -0.10640673547676317 0 -0.0089796807112635015 -0.10649550222401025 0 -0.0089424457283512233 -0.10655129024247822 0 -0.0088718391623896047 -0.10657477411554038 0 -0.0087692790033038238 -0.10656592749571835 0 -0.0086358202638171615 -0.10652448846794701 0 -0.0084723556269108991 -0.10645044570821691 0 -0.0082797054468212502 -0.10634432148671583 0 -0.0080586571106893226 -0.10620725924677243 0 -0.0078099749582556952 -0.10604099541742823 0 -0.0075343851950930062 -0.10584789913772968 0 -0.0072325846204295179 -0.10563124102896682 0 -0.0069054333940022838 -0.10539466313709585 0 -0.0065539000796453663 -0.10514211067232172 0 -0.0061788916192843362 -0.10487784150724588 0 -0.0057815394160060825 -0.10460643920995652 0 -0.0053631898652937221 -0.10433261754430019 0 -0.0049252448776303344 -0.10406098670950023 0 -0.004469182847402985 -0.10379603840708769 0 -0.003996588229383642 -0.10354211409737979 0 -0.0035091419323755404 -0.10330332805719583 0 -0.0030085863880115284 -0.10308348107148535 0 -0.0024966848255028842 -0.10288599006048073 0 -0.001975186644698626 -0.10271384130565414 0 -0.0014458037285575906 -0.10256956499449287 0 -0.00091019833613535152 -0.10245522528748237 0 -0.00036998119020000225 -0.1023724199130218 0 0.00017328235733731783 -0.10232228439026676 0 0.0007180603111144754 -0.10230549731471518 0 0.0012628382648221777 -0.10232228439070812 0 0.0018061018124685636 -0.10237241991409289 0 0.0023463189584014064 -0.10245522528826104 0 0.0028819243506541816 -0.10256956499552868 0 0.0034113072675072331 -0.1027138413073018 0 0.0039328054492565054 -0.10288599006243149 0 0.0044447070123360211 -0.10308348107241004 0 0.0049452625568726242 -0.10330332805666567 0 0.0054327088544474308 -0.10354211409652424 0 0.0059053034728178654 -0.10379603840576992 0 0.0063613655032674033 -0.10406098670757868 0 0.0067993104908655585 -0.10433261754180144 0 0.0072176600421000863 -0.10460643920716811 0 0.0076150122450899128 -0.10487784150413546 0 0.0079900207052826539 -0.10514211066897249 0 0.0083415540192607537 -0.10539466313337 0 0.008668705245446176 -0.1056312410256018 0 0.0089705058194235049 -0.10584789913515512 0 0.0092460955817217673 -0.10604099541547385 0 0.0094947777332565035 -0.10620725924500851 0 0.0097158260691703226 -0.10634432148605377 0 0.0099084762487634172 -0.10645044570852853 0 0.010071940885427563 -0.10652448846883035 0 0.010205399624818201 -0.10656592749740162 0 0.010307959783805538 -0.1065747741178308 0 0.010378566350086689 -0.10655129024579944 0 0.010415801333175736 -0.10649550222784178 0 0.010417500405218171 -0.10640673548130608 0 0.010380341713442003 -0.10628436389914764 0 0.010300988059792978 -0.10613463610051523 0 -0.0093181706453866146 -0.10614231227009149 0 -0.0093201614058496442 -0.10609302860566849 0 -0.0092946141255320896 -0.10602663322489517 0 -0.0092448622338835735 -0.10594058526543582 0 -0.0091725863391368713 -0.10582956149167784 0 -0.0090786249902891428 -0.10568879659948144 0 -0.008963086127544909 -0.10551436465598787 0 -0.0088254627243980546 -0.10530318288737804 0 -0.0086647789855482087 -0.10505316373979814 0 -0.0084797550946270773 -0.10476348204806869 0 -0.0082690057793215477 -0.10443483470850097 0 -0.0080312878380326223 -0.10406947701109069 0 -0.0077657486610904535 -0.1036706782331647 0 -0.0074719524841168321 -0.10324175379579474 0 -0.007149356534990825 -0.1027880689363375 0 -0.0067977675233367183 -0.1023161100031819 0 -0.0064183322237919352 -0.10183300471690397 0 -0.0060124304025417187 -0.10134593145730342 0 -0.0055813885071440529 -0.10086191814148114 0 -0.0051270651834204456 -0.10038827284250976 0 -0.0046518494714098647 -0.099932274230702431 0 -0.0041584169285020667 -0.099500755576130959 0 -0.0036494877870447899 -0.099099842667749113 0 -0.0031276575018937573 -0.098734848024054675 0 -0.0025953009545175397 -0.098410265195144023 0 -0.0020545330890439743 -0.098129813827927626 0 -0.0015072079299577165 -0.097896503713409688 0 -0.00095494183572620976 -0.097712700064274863 0 -0.0003991511535019305 -0.097580181103183131 0 0.00015890208941012353 -0.097500184041624832 0 0.00071806031188102087 -0.097473438062097364 0 0.0012772185339745682 -0.097500184041713525 0 0.0018352717767631847 -0.097580181103544675 0 0.0023910624595194813 -0.097712700064829253 0 0.0029433285543523069 -0.09789650371371246 0 0.0034906537144173632 -0.098129813827497581 0 0.0040314215809397315 -0.098410265194470894 0 0.0045637781289620894 -0.098734848022788604 0 0.0050856084148465349 -0.099099842666177967 0 0.0055945375571660027 -0.099500755574168973 0 0.0060879701008652084 -0.099932274228396345 0 0.0065631858131229466 -0.10038827283953482 0 0.0070175091370147987 -0.10086191813771435 0 0.0074485510321289968 -0.10134593145402204 0 0.0078544528536028686 -0.10183300471411051 0 0.0082338881528611664 -0.10231611000012329 0 0.0085854771640521497 -0.10278806893325237 0 0.0089080731124981452 -0.1032417537935887 0 0.0092018692891244931 -0.10367067823202655 0 0.0094674084655152427 -0.10406947701057796 0 0.0097051264060290313 -0.10443483470870629 0 0.009915875720233943 -0.10476348204868934 0 0.010100899610493375 -0.10505316374123927 0 0.010261583349144277 -0.10530318288965472 0 0.01039920675204371 -0.10551436465909433 0 0.010514745614045961 -0.10568879660336292 0 0.010608706962005861 -0.10582956149634241 0 0.010680982856628192 -0.1059405852704112 0 0.010730734748130884 -0.10602663322986029 0 0.010756282028320793 -0.10609302861017721 0 0.010754291267891628 -0.10614231227399808 0 -0.008991747137798595 -0.10680629960378182 0 -0.0089000419561903084 -0.10657424681156312 0 -0.0088057042309025568 -0.10635111092353999 0 -0.0087071666815607841 -0.10612305346411868 0 -0.0086029675943887877 -0.10587883618221364 0 -0.0084915695845449307 -0.10560813833711959 0 -0.0083712707909132673 -0.10530138924625619 0 -0.0082400687396955562 -0.10494981288386089 0 -0.0080955053611339953 -0.10454560812800422 0 -0.0079345054793778409 -0.10408236657888778 0 -0.0077532452019522828 -0.10355588512376819 0 -0.0075471713524887726 -0.10296558639558122 0 -0.0073114626884151846 -0.10231657119220489 0 -0.0070424071842753073 -0.10162011475610155 0 -0.0067395550532161732 -0.10088395303949961 0 -0.0064043387583498047 -0.10011862290541916 0 -0.0060356801659316181 -0.099336265622645831 0 -0.0056339660352855694 -0.098550081051141949 0 -0.0052033943067776919 -0.097775449410533122 0 -0.0047496914715669967 -0.097026710516223511 0 -0.0042785266163318583 -0.096315853696674808 0 -0.0037948174629080186 -0.095652456543143513 0 -0.0033025267776159899 -0.095044038001155809 0 -0.002804686624975657 -0.09449647012819791 0 -0.002303514144718021 -0.094014333747658552 0 -0.0018005531775516165 -0.093601195282231486 0 -0.0012968123998050674 -0.093259812070602049 0 -0.00079288874388971215 -0.092992280473304323 0 -0.00028907366325107471 -0.092800140310924567 0 0.00021455615689015546 -0.092684446298100132 0 0.00071806031276392269 -0.092645814137359797 0 0.001221564468762167 -0.092684446298435558 0 0.0017251942886178579 -0.092800140311115595 0 0.0022290093692636528 -0.092992280472474043 0 0.002732933025196884 -0.093259812069213285 0 0.0032366738029855954 -0.093601195280889032 0 0.003739634770248372 -0.094014333745905121 0 0.0042408072507230483 -0.094496470125712037 0 0.004738647403214614 -0.095044037998722561 0 0.005230938088510214 -0.095652456540468528 0 0.0057146472423091135 -0.09631585369421844 0 0.0061858120978388088 -0.097026710513932246 0 0.006639514933766205 -0.097775449408704376 0 0.007070086662503171 -0.098550081049106272 0 0.0074718007931104504 -0.099336265620778602 0 0.0078404593858231644 -0.10011862290387047 0 0.008175675681109976 -0.1008839530382501 0 0.0084785278124819442 -0.10162011475518301 0 0.0087475833167805564 -0.10231657119172771 0 0.0089832919810330508 -0.10296558639639761 0 0.0091893658305501214 -0.10355588512501233 0 0.0093706261080024177 -0.10408236658079306 0 0.0095316259893717219 -0.10454560813015704 0 0.0096761893675570507 -0.10494981288629286 0 0.0098073914188464822 -0.10530138924898766 0 0.0099276902126254549 -0.10560813834050366 0 0.010039088222806825 -0.10587883618576774 0 0.010143287310293205 -0.10612305346791319 0 0.010241824859536472 -0.10635111092713724 0 0.01033616258403789 -0.10657424681455993 0 0.010427867764587371 -0.10680629960581541 0 -0.007978123925897378 -0.10773228591491212 0 -0.0078061836617638047 -0.10739512631880802 0 -0.0076468885698102217 -0.10707980822372982 0 -0.0074943528917304405 -0.10677132441685142 0 -0.0073442444413948423 -0.10645545068847502 0 -0.0071931993641402882 -0.10611841323849949 0 -0.0070386613493592081 -0.1057464807029246 0 -0.0068787973918063372 -0.1053256782712497 0 -0.0067123372923709726 -0.10484153448269586 0 -0.0065382550245360179 -0.10427885237194928 0 -0.0063551838275307023 -0.10362159741897395 0 -0.0061603867094984143 -0.10285325016523766 0 -0.0059480839027350792 -0.10195901912675825 0 -0.0057075547882412354 -0.10093625231724956 0 -0.0054240639443648821 -0.099824845933252873 0 -0.005084529939577585 -0.098653809223706979 0 -0.0046975321787811729 -0.097453916157906009 0 -0.0042834322084778506 -0.096265637416944369 0 -0.003858296100689444 -0.095117842131677441 0 -0.0034325683631551184 -0.094029461619542884 0 -0.0030124265118901422 -0.093013131544389935 0 -0.0026011444380309723 -0.092077594697045698 0 -0.0022001050514568513 -0.09122912208405215 0 -0.0018094926930425255 -0.090472351093642336 0 -0.0014287492890432865 -0.089810789662045504 0 -0.0010568678883585223 -0.089247126926933595 0 -0.00069257782948415876 -0.088783429155492241 0 -0.00033445905663357403 -0.08842126573271504 0 1.8989214590394307e-05 -0.088161791081951449 0 0.00036930874738517615 -0.088005797674432687 0 0.00071806031217502668 -0.087953749009997056 0 0.0010668118774732234 -0.088005797674056294 0 0.0014171314107480266 -0.088161791081455262 0 0.0017705796821050148 -0.088421265732197732 0 0.0021286984549387369 -0.088783429154998331 0 0.0024929885136837746 -0.089247126926359804 0 0.0028648699138968795 -0.089810789661562168 0 0.003245613317219097 -0.090472351092434539 0 0.0036362256753111203 -0.091229122082300079 0 0.0040372650616928149 -0.092077594695048684 0 0.0044485471350702915 -0.093013131542196453 0 0.0048686889866015343 -0.094029461617495952 0 0.0052944167242309492 -0.095117842129234201 0 0.0057195528327934142 -0.096265637414826161 0 0.0061336528037823444 -0.097453916156222536 0 0.0065206505646541874 -0.098653809222622776 0 0.0068601845694819157 -0.099824845932563244 0 0.0071436754138796289 -0.10093625231741823 0 0.0073842045286794484 -0.10195901912755409 0 0.0075965073357191094 -0.10285325016651747 0 0.0077913044543182191 -0.10362159742055765 0 0.0079743756517994917 -0.10427885237369282 0 0.0081484579205963834 -0.10484153448480998 0 0.0083149180211129978 -0.1053256782733052 0 0.0084747819794044003 -0.10574648070517011 0 0.0086293199946472828 -0.10611841324058774 0 0.0087803650725416203 -0.10645545069067808 0 0.0089304735231954275 -0.10677132441878991 0 0.0090830092016571801 -0.10707980822516949 0 0.0092423042940900715 -0.10739512632035483 0 0.0094142445584793101 -0.10773228591616647 0 -0.0066640425842658521 -0.10858727300169184 0 -0.0064525535068101977 -0.10820992271546769 0 -0.0062475966011281423 -0.1078494533805565 0 -0.0060382441308773531 -0.10750050260937127 0 -0.0058151508841439862 -0.10715328595360384 0 -0.0055710622621195144 -0.10679566545118845 0 -0.0053007755922544059 -0.10641399828655031 0 -0.0050010012362278191 -0.10599328211249999 0 -0.0046702989505044241 -0.10551688994865391 0 -0.0043091663355076222 -0.10496592075477876 0 -0.0039203241449569824 -0.10431798212995801 0 -0.0035091505306135127 -0.10354479746218199 0 -0.003083684246212109 -0.10260653550387068 0 -0.0026508027207422782 -0.10143429604216012 0 -0.0022043144796362502 -0.099908172990588698 0 -0.0017788366885142857 -0.098171885732942818 0 -0.0014061332670711139 -0.096424086346013335 0 -0.0010880549805489844 -0.094735022269387334 0 -0.0008180824250339369 -0.093134874933786777 0 -0.00058830898670935805 -0.091639809658268331 0 -0.00039143893521699985 -0.090259542767830381 0 -0.00022127935823606585 -0.089000347033517099 0 -7.2731185909105512e-05 -0.087866493411982355 0 5.8372481910285206e-05 -0.086861014659385616 0 0.00017545359111142096 -0.085986133914609561 0 0.00028135834556337701 -0.085243515234167996 0 0.00037849740668956591 -0.084634414822544843 0 0.00046895822309456984 -0.084159774665435727 0 0.0005545944767997872 -0.083820281467924529 0 0.000637098283510698 -0.083616403785340576 0 0.0007180603151905506 -0.083548414650206848 0 0.00079902234721957138 -0.083616403785184548 0 0.00088152615375098708 -0.08382028146776245 0 0.00096716240717785202 -0.08415977466526002 0 0.0010576232231883558 -0.084634414823274384 0 0.0011547622837992466 -0.0852435152350174 0 0.0012606670373701378 -0.085986133914795676 0 0.0013777481461687633 -0.086861014659207383 0 0.0015088518125184042 -0.087866493411071542 0 0.0016573999828907921 -0.089000347032759539 0 0.0018275595588390428 -0.090259542766943868 0 0.0020244296088722936 -0.091639809656781188 0 0.0022542030471832193 -0.093134874932464792 0 0.0025241756018628994 -0.094735022268406674 0 0.0028422538882913145 -0.09642408634559875 0 0.0032149573095720508 -0.098171885733182307 0 0.0036404351012174429 -0.099908172991218527 0 0.0040869233430049631 -0.10143429604309394 0 0.0045198048694753724 -0.10260653550536007 0 0.0049452711542819355 -0.10354479746350861 0 0.0053564447692672655 -0.10431798213148824 0 0.005745286960558189 -0.10496592075635018 0 0.0061064195765461963 -0.10551688994941484 0 0.0064371218635062592 -0.10599328211319091 0 0.0067368962211422287 -0.10641399828765952 0 0.0070071828919259964 -0.10679566545241775 0 0.0072512715151531659 -0.1071532859548521 0 0.007474364762578325 -0.10750050261097066 0 0.0076837172331582493 -0.10784945338190455 0 0.0078886741390118559 -0.10820992271660598 0 0.0081001632166137778 -0.10858727300295315 0
        </DataArray>
        <DataArray type="Float64" Name="displacement_magnitude" format="ascii">
          0.12 0.120000043607372 0.12000002342271135 0.12000000125284535 0.12000008058148931 0.12000030351714512 0.12000065988980765 0.12000111050059312 0.1200016051370565 0.12000209379690832 0.12000253288648552 0.12000288819694971 0.12000313593871129 0.12000326263561252 0.12000326440871614 0.12000314592033891 0.12000291915275435 0.1200026021414508 0.12000221768783964 0.12000179210537361 0.12000135401703689 0.12000093320328047 0.12000055951488492 0.12000026185956934 0.12000006726815775 0.12000000004689816 0.12000008102369668 0.12000032689641307 0.12000074969090081 0.12000135633560677 0.1200021483583301 0.12000312170928161 0.12000426671293009 0.1200055681493364 0.12000700546374278 0.1200085531015936 0.12001018096448157 0.12001185498134585 0.12001353778806019 0.120015189508243 0.12001676862820509 0.1200182329610331 0.12001954069824304 0.12002065154973718 0.12002152796735996 0.12002213644006429 0.1200224489009932 0.12002244425141181 0.12002210995233377 0.12002144377057995 0.12002045562102077 0.12001916947786699 0.12001762537917399 0.12001588136039285 0.12001401526556503 0.1200121264497075 0.12001033795181931 0.12000880196224081 0.12000771939247769 0.12000741256772615 0.12000859320259107 0.11235272452503069 0.11333568842254958 0.11405568569113085 0.11459822643647606 0.11501444790316943 0.11533690839251096 0.11558750872626661 0.11578169432965772 0.11593080372313835 0.1160434455753567 0.11612634288727011 0.11618487340563288 0.11622342874292096 0.11624565217075772 0.11625461233084067 0.11625292856058324 0.11624285882927908 0.11622636480767969 0.11620516467933857 0.11618077105434649 0.1161545175922172 0.11612758081210804 0.11610099683545722 0.11607567340600629 0.11605239835105834 0.11603184558137924 0.11601457934486191 0.11600105718673318 0.11599163192322812 0.11598655288726702 0.11598596665615554 0.1159899174416073 0.11599834724387918 0.11601109581549303 0.11602790038865038 0.11604839506019425 0.1160721096527895 0.11609846784825469 0.11612678431947884 0.11615626056799171 0.11618597900764251 0.11621489456683383 0.11624182273476889 0.11626542286018575 0.11628417637521421 0.11629636021294962 0.11630000888356978 0.11629286160655042 0.11627229720314056 0.1162352459832758 0.11617806413656896 0.11609635954650326 0.11598475308659188 0.11583651792490174 0.11564303624213183 0.11539294974508582 0.1150707725661242 0.11465452310223662 0.11411148189983422 0.11339018477829918 0.1124044359284895 0.10921287421421257 0.10967203578492903 0.11016025797930848 0.11061692660970247 0.11101959909677794 0.11136229085456768 0.11164614136518611 0.11187526559452698 0.11205487309373816 0.11219041384707752 0.11228719855153627 0.11235023697954501 0.11238418220408515 0.11239335457857758 0.11238174521959748 0.11235303327760424 0.11231061980018359 0.11225765800344935 0.11219706038670545 0.11213150941264353 0.11206347506198759 0.11199522088294275 0.11192880430529084 0.11186607594454871 0.11180867858549726 0.11175804533282419 0.11171539672337712 0.11168173708781545 0.11165785069557541 0.11164429822877592 0.11164141400781703 0.11164930425555354 0.111667846558126 0.11169669057101834 0.11173525990811013 0.11178275506921262 0.11183815710588915 0.11190023159346221 0.11196753236542201 0.11203840447190133 0.11211098606031908 0.1121832093942398 0.11225280152330309 0.11231728389231903 0.11237396611560599 0.11241992811827599 0.11245200921013876 0.11246680062530576 0.11246061451862958 0.11242944947235234 0.11236897231748151 0.11227451329060356 0.11214104052874933 0.11196321379559002 0.11173554352394355 0.11145276751275393 0.11111070226309624 0.11070812337442591 0.11025092249567066 0.10976147774292469 0.10930048824751265 0.10731962025598736 0.10767270343405463 0.10796876540756188 0.10822916538602514 0.10845591382029704 0.10864673590498249 0.10879957652863269 0.10891366111151564 0.10898949865225668 0.10902862360338636 0.10903333403791002 0.10900649514222438 0.1089513768144449 0.10887143282806241 0.10877029141328835 0.10865170133652849 0.10851944181787077 0.10837723815177061 0.10822875406993274 0.10807757494636351 0.10792714123924499 0.10778070517347992 0.1076413046239217 0.10751173951209819 0.10739454636351664 0.10729197263618429 0.10720595347255459 0.107138092569526 0.10708964766126913 0.10706152031144844 0.10705424935508721 0.10706800731889045 0.10710259934137295 0.10715746443258742 0.1072316792337234 0.10732396476601937 0.10743269682836989 0.1075559207041686 0.10769137046766664 0.1078364923737106 0.10798847061219986 0.10814425274813033 0.10830057323238355 0.10845397938752008 0.1086008746545194 0.10873758506772488 0.10886037523149623 0.10896545523081022 0.10904906517609288 0.10910756402363118 0.1091374824734416 0.10913553213968816 0.10909882536308223 0.1090250369718502 0.10891260082262268 0.1087609727269313 0.10857089137952478 0.10834438056423291 0.10808369541085541 0.10778681900245753 0.10743236027510794 0.10650421049690145 0.10666004453051124 0.10678510447449192 0.10687341418528937 0.1069258845553374 0.10694340563074362 0.10692612944112624 0.10687396331654746 0.1067870694482571 0.10666615318251657 0.10651255264586795 0.106328210828395 0.10611571378518374 0.10587855949913257 0.10562064205514428 0.10534617716312597 0.10505969893761284 0.10476608860793249 0.10447037326044357 0.10417747833413615 0.10389220944964614 0.10361921689160782 0.10336291242410975 0.10312737590896709 0.1029162785269815 0.10273283096481134 0.10257975439423224 0.10245926824704474 0.10237308847997684 0.10232243111663246 0.10230801723922517 0.10233007692470503 0.10238835071835255 0.102482088198489 0.10261004410551082 0.10277047345115681 0.10296112814955191 0.10317925901280464 0.10342162834407267 0.10368453943127122 0.10396388891263225 0.10425524411568479 0.10455393682819891 0.10485514646447397 0.10515393501937732 0.10544526479077808 0.10572424764666233 0.10598634596607813 0.10622733982352321 0.1064433323050856 0.10663082443899789 0.10678722764701558 0.10691059485905356 0.10699958241388383 0.10705347768701258 0.10707210894145687 0.10705555610302414 0.1070036490600785 0.10691546974353787 0.1067900627564862 0.10663335001394633 0.10655054555570403 0.10650162499865569 0.10643325046595628 0.10634319481803509 0.10622632642461914 0.10607800506401344 0.10589437219081367 0.10567236686339683 0.10540989330517908 0.10510610551866559 0.10476168744904013 0.10437891372159064 0.10396112916658609 0.10351178580604431 0.10303640334622365 0.10254167937714181 0.10203507160877553 0.10152412098754587 0.10101622854198489 0.10051911321583187 0.10004048748594226 0.099587613645333459 0.099167018599332801 0.098784373540466028 0.098444481220752514 0.098151319237785653 0.097908105461467096 0.097717366254727517 0.097580997462484262 0.09750031352782787 0.097476082903741212 0.097508549242369194 0.097597438320353266 0.097741950735825839 0.097940740360422954 0.098191878611081237 0.098492805095648256 0.098840266515694677 0.099230248560660095 0.099657910926875537 0.100117544977933 0.10060258809654184 0.1011057464484936 0.10161928328206987 0.10213546533273113 0.10264688636130741 0.10314600105268988 0.10362535159387204 0.10407825864945339 0.10449922424739873 0.10488481386355132 0.1052317051190618 0.10553764913520149 0.10580198684109625 0.10602558488630981 0.10621055316113892 0.10635995839560032 0.10647765494328307 0.10656826742653772 0.10663689944270068 0.10668573117125632 0.10718412733069628 0.10694522350378216 0.10671503746742182 0.10647965640519635 0.10622776945191938 0.10594897657382707 0.10563361563369095 0.10527279780262479 0.10485857802729527 0.10438436381884143 0.10384572285332058 0.10324181215578176 0.10257747426786068 0.10186384649124723 0.10110882050143447 0.10032324858879532 0.09951946092558113 0.098710992541223078 0.097913808115829754 0.097142895379302527 0.096410836856268015 0.095727702794513717 0.095101397690475709 0.094538082981165408 0.094042549558330482 0.093618511791245779 0.093268827964354206 0.092995660652451323 0.092800590543972689 0.092684694636870152 0.092648596793405258 0.092692495949774315 0.092816174975573207 0.09301899112675617 0.093299847106547776 0.093657139692166866 0.094088680604530142 0.094591581614630868 0.095162092969388878 0.095795381702418456 0.096485236518081469 0.097223694768632296 0.098000620741043334 0.098803363304093644 0.099616873443075932 0.10042515350024693 0.10121469089745097 0.10197319822739499 0.10268982887470357 0.10335671974656759 0.10396280964071929 0.10450333806493727 0.1049792173399365 0.10539493282670048 0.10575711561975051 0.106073738110358 0.10635370818357928 0.10660670126597444 0.1068431269286409 0.1070743028978214 0.10731414660520264 0.10802729233776689 0.10767845494988271 0.10735250455406177 0.10703401815775357 0.10670848564055857 0.10636192808213479 0.10598047430845442 0.10555006564117486 0.105056188892482 0.10448362470156107 0.10381629839838068 0.10303757292349003 0.10213237137854302 0.10109749360647989 0.099972097783682781 0.098784748413173751 0.097567067103007957 0.096360888013629395 0.095196062631746001 0.094092094131381837 0.093061900653186341 0.092114327862612755 0.09125564737847372 0.090490444668028122 0.08982215352712894 0.089253384442527658 0.088786130429578933 0.088421898286770412 0.088161793126999899 0.088006572557190729 0.087956680107456761 0.088012263417258221 0.08817317998192814 0.088438991322236413 0.088808944648794616 0.089281939138546582 0.089856471215249242 0.090530549087021725 0.091301559970621546 0.09216606183408306 0.093119451302608541 0.09415542355342256 0.095265076181000011 0.096435399265466279 0.097646748388778404 0.098869069773716275 0.10006029181342291 0.10118873025344466 0.10222606349642106 0.10313339902048153 0.10391409854821433 0.10458331472759139 0.10515771355261264 0.10565337839098959 0.10608553205375063 0.10646869395399836 0.1068169358882874 0.1071441509159085 0.10746434937083305 0.10779208387460336 0.10814283808616038 0.10879156824638968 0.10840213476147847 0.10803025991718829 0.10766995148810793 0.10731096248967369 0.10694087569255536 0.10654593963736662 0.10611119576342905 0.10562019578055809 0.10505433562878577 0.10439162005193603 0.10360424324771064 0.10265286277857726 0.10146892710890794 0.099932487373438933 0.098188000327567457 0.096434338481830209 0.09474127035258717 0.093138467819619278 0.091641698050982739 0.090260391562954151 0.08900062211378558 0.087866523513470948 0.086861034273169047 0.085986312919811847 0.085243979564520858 0.084635261166026238 0.084161081228510404 0.083822116177031641 0.083618830870898747 0.083551500292808334 0.083620221350331175 0.083824916783106135 0.084165331787079647 0.084641022792498882 0.085251336444390882 0.085995374916284228 0.086871940565301703 0.087879447529840671 0.089015778077006752 0.090278042925391738 0.091662167927517205 0.093162150898655136 0.094768644111143371 0.096465967235854697 0.098224513737210098 0.09997447573340619 0.10151659645678446 0.10270603567693015 0.1036628225958969 0.10445541104486503 0.1051230366879094 0.10569343605277363 0.10618856996406019 0.10662703598178298 0.10702529967958807 0.10739835952894614 0.10776003057820363 0.10812281954007089 0.10849709007160217 0.10888897328174997
        </DataArray>
        <DataArray type="Float64" Name="stress_2d" NumberOfComponents="3" format="ascii">
          -6175.1978568025061 -35386.952660356037 -7643.6639970673141 -5617.2373075209816 -34391.774193881422 -5814.046705350991 -4835.0412766987674 -32613.742525174996 -2827.5978857563159 -4533.6461954280749 -31212.914730336259 -923.3812697084345 -4440.4447623409187 -30108.138195640964 310.95345641437018 -4429.0653030829471 -29241.01801066722 1113.173578342929 -4440.1757827643924 -28568.181533157804 1627.306133134407 -4446.4124647349154 -28056.353941002017 1944.387881194421 -4436.0893877483759 -27679.217769259543 2124.1054132795698 -4405.3222605796054 -27415.379535118704 2206.8312359329761 -4354.0955037459207 -27247.015984354493 2220.5940265335139 -4284.2555340854451 -27158.95065699039 2185.267252837074 -4198.4891836731367 -27138.067022428251 2115.2117457063541 -4099.7699655339657 -27172.873234913211 2020.9499066999415 -3991.0739796557027 -27253.151857769648 1910.2389111824409 -3875.2729417231267 -27369.755631725711 1788.840805008665 -3755.0450457163843 -27514.447179874493 1661.05319473593 -3632.85601740725 -27679.765994637979 1530.0542653326245 -3510.9856362962146 -27858.939118305636 1398.1635999687937 -3391.5055624162592 -28045.812659115374 1267.0523455225489 -3276.2826417795577 -28234.803502843159 1137.8827605856559 -3167.005126440813 -28420.865253169675 1011.4068194619117 -3065.1922003501923 -28599.461800504901 888.05154990169058 -2972.1960310881395 -28766.549250221418 767.98762049268146 -2889.2040976032513 -28918.565290556471 651.18145114124843 -2817.242468190384 -29052.42372640461 537.43549613177197 -2757.1786520349788 -29165.512154167976 426.42110252924783 -2709.7231542870668 -29255.691435351462 317.70658853525902 -2675.4296994479382 -29321.296160090998 210.78190079864942 -2654.6947294036181 -29361.135637469713 105.0806337078086 -2647.7565665335987 -29374.494932741385 -5.0838203300429541e-06 -2654.6947385552862 -29361.13563993451 -105.08064410776119 -2675.4297186013805 -29321.296165067812 -210.7819108370104 -2709.7231840989066 -29255.691443210038 -317.70659877779633 -2757.1786956198384 -29165.512166137858 -426.42111444401598 -2817.2425097350088 -29052.423735751785 -537.43550364504779 -2889.2041359597333 -28918.565300781534 -651.18145365446026 -2972.1960619188367 -28766.549263599412 -767.98762167681991 -3065.1922205436094 -28599.46181732462 -888.05154925108241 -3167.0051554010702 -28420.865283740379 -1011.4068303018719 -3276.2826777572791 -28234.803537793458 -1137.8827816583703 -3391.5055818428109 -28045.812679711536 -1267.0523604777804 -3510.9856440461708 -27858.939131255262 -1398.1636095086301 -3632.8560247750415 -27679.766010307168 -1530.0542758882934 -3755.045049272755 -27514.447196527293 -1661.0532068828493 -3875.2729416869893 -27369.755646724821 -1788.8408147042483 -3991.0739790464704 -27253.151873705217 -1910.2389174227173 -4099.7699628006139 -27172.873256223298 -2020.9499160652986 -4198.4891794231462 -27138.067045891046 -2115.2117593306562 -4284.2555173654555 -27158.95067286586 -2185.2672659255609 -4354.0954739137433 -27247.015993093031 -2220.5940403578361 -4405.322239182713 -27415.379537978457 -2206.8312446888949 -4436.0893746395295 -27679.217768329931 -2124.1054128391766 -4446.4124407094168 -28056.35394148223 -1944.3878788858481 -4440.1757471114579 -28568.181532744507 -1627.3061327056575 -4429.0652632123683 -29241.018004552745 -1113.1735768555604 -4440.444721551482 -30108.138185899115 -310.95345411611822 -4533.6461683802745 -31212.914720010722 923.38127143909287 -4835.0412586724415 -32613.742510696618 2827.5978874608022 -5617.2372966319972 -34391.774177668383 5814.0467049510989 -6175.1978545395214 -35386.952644940917 7643.6639950805929 -4145.7809267168168 -21458.268713156416 -7027.6452611356108 -3762.1519558680939 -22247.02432389497 -6014.6287958850517 -3123.0161312899709 -23486.913728729771 -4214.6084826994702 -2703.0182653071993 -24209.735397197015 -2817.9582843740145 -2434.16115362761 -24656.716079522012 -1736.7419342269181 -2263.3153797786831 -24956.519855120012 -901.346735321305 -2153.0825577287719 -25180.660187656304 -258.28682149224096 -2078.234998364579 -25370.026688462578 233.30210074893785 -2022.1415421753895 -25548.280652456691 604.77949539435667 -1974.0555838861937 -25728.961297451482 880.4199057372291 -1927.2290599090431 -25919.43999984979 1079.2066353792172 -1877.6309612806008 -26123.211522535363 1216.1301347617459 -1823.0504632888144 -26341.213431561089 1303.1037370091492 -1762.5528468938542 -26572.690222189231 1349.6811140952227 -1696.1051851376608 -26815.793910603046 1363.600515197581 -1624.2345143379553 -27067.920812410786 1351.1359624253303 -1547.890399749117 -27325.972352863559 1317.3844952660556 -1468.3149270928814 -27586.550233792041 1266.5139646316782 -1386.8735407765996 -27846.089889173767 1201.941873921008 -1305.0191697809839 -28100.982548684635 1126.4575266553802 -1224.2573194475408 -28347.65915868945 1042.3313367693393 -1146.0745113507658 -28582.652816496433 951.41328859028522 -1071.8922017932398 -28802.66134314784 855.20686625683197 -1003.0410963206314 -29004.602510030956 754.92623110227635 -940.74229951972848 -29185.658804747552 651.5443458887604 -886.0900271077295 -29343.313935269667 545.8354209094133 -840.03565279745067 -29475.383729814919 438.41272624452216 -803.3740923991088 -29580.042744017472 329.76218533027333 -776.73316755370502 -29655.846760253262 220.27225977196088 -760.56608915867878 -29701.750893603956 110.26085069610859 -755.14656129303512 -29717.122829491575 -3.6906439895290077e-06 -760.56609589544064 -29701.750892176409 -110.26085548496596 -776.73318237138255 -29655.846760728513 -220.27226213705282 -803.37412143854567 -29580.04275023123 -329.76218849854439 -840.03569814308059 -29475.38374274705 -438.41273013106587 -886.09006496410495 -29343.313943767342 -545.83542053836129 -940.74232897764978 -29185.658807617161 -651.54434105923383 -1003.0411230685322 -29004.602510118464 -754.92622184045524 -1071.8922196289946 -28802.661340310089 -855.20685217595462 -1146.0745348320074 -28582.652824400739 -951.41328649208072 -1224.2573513390173 -28347.659176463985 -1042.3313451627171 -1305.0191854532891 -28100.982557553398 -1126.4575271370272 -1386.8735412769058 -27846.089891082302 -1201.9418681628094 -1468.314929426904 -27586.550240205604 -1266.5139609640278 -1547.8904022796401 -27325.972362972167 -1317.3844935147049 -1624.2345150469475 -27067.920823265169 -1351.1359595848085 -1696.1051856905588 -26815.793921860146 -1363.6005113150604 -1762.5528444367176 -26572.690236982657 -1349.6811145740248 -1823.0504585156632 -26341.213450255433 -1303.1037425753661 -1877.6309522457236 -26123.211541536268 -1216.1301429728439 -1927.2290451170472 -25919.44001894047 -1079.2066473260156 -1974.0555745218021 -25728.961310289476 -880.4199124481836 -2022.1415413882678 -25548.280658867505 -604.77949417873378 -2078.2349840333177 -25370.026696858509 -233.30210384091231 -2153.0825283628014 -25180.660195921744 258.28681219186467 -2263.3153561564563 -24956.519858860873 901.34672725021653 -2434.1611370411165 -24656.716082831415 1736.7419280986048 -2703.0182514345097 -24209.735399909641 2817.9582803396406 -3123.0161204499718 -23486.913728072701 4214.6084814979858 -3762.1519530027108 -22247.024323931622 6014.6287954243307 -4145.7809297135318 -21458.268714868937 7027.6452605400364 -1751.351801332477 -6615.4194925028833 -4415.4588832062727 -1489.7406071805162 -8204.6621863451419 -4410.6374236344473 -956.10516564007207 -11107.555231655579 -4240.8474702395324 -439.16431573867715 -13503.911814024344 -3831.8383242891878 11.287471365321835 -15485.864606242729 -3312.6824435073299 382.74519088061652 -17141.405716017347 -2759.0742873782301 679.76129026064109 -18543.240820296152 -2214.2308625245291 913.44956649450535 -19748.48074769173 -1701.9499668770229 1096.4180456036283 -20801.10018393127 -1234.5011304204916 1240.5101537629239 -21734.644898706902 -817.35336752141757 1355.93145042991 -22574.507669954157 -452.00203448020784 1450.999710787592 -23339.751962073984 -137.62017903150115 1532.1293104979213 -24044.701614235822 128.0329609754439 1604.1951475473347 -24699.918387930175 347.88090297210005 1670.8029449644205 -25312.858557354124 525.07944352982577 1734.2478111318405 -25888.675077608143 662.95360749149245 1795.9602551230009 -26430.704842220221 764.88179716344382 1856.7849290902759 -26940.834485517913 834.1393546166388 1916.8710513744431 -27419.86088690949 873.83454808881061 1975.9111891175667 -27867.713807270859 886.95074445029991 2033.393157048175 -28283.677262079094 876.36025770759147 2088.6516720829563 -28666.608346419969 844.78978206197871 2140.9072221553151 -29015.094285689876 794.8093079452525 2189.3275362972554 -29327.570476559049 728.84357679618097 2233.0923189113769 -29602.421702572436 649.18997239981184 2271.4449619840188 -29838.072874397192 558.03439297480895 2303.7263546053168 -30033.068059327816 457.46394464298373 2329.3929154681064 -30186.135663080073 349.47841319255559 2348.0235352006976 -30296.239068645787 236.00277628508798 2359.3200695411738 -30362.613537744292 118.90221253985314 2363.1051794118448 -30384.790888386109 -2.2551237375267874e-06 2359.3200662334916 -30362.613539088779 -118.90221132260214 2348.023529448938 -30296.239070448693 -236.00277152098977 2329.3928986358173 -30186.135668502811 -349.47841080510204 2303.7263254131758 -30033.068069308272 -457.46394181082309 2271.4449418778331 -29838.072879877131 -558.03438878491693 2233.0923054871914 -29602.421703045078 -649.18996722214013 2189.3275209487588 -29327.570472630472 -728.84356562098094 2140.9072087108771 -29015.094275607855 -794.8092910254569 2088.6516568078232 -28666.608340607658 -844.78977306940692 2033.3931386399142 -28283.677265813316 -876.36025582357183 1975.9111812590149 -27867.713808923741 -886.95073686188414 1916.8710561110643 -27419.860882905552 -873.83453455701078 1856.7849298803144 -26940.83448594615 -834.13934168323033 1795.9602522865275 -26430.704847451037 -764.88178627254888 1734.2478104581 -25888.675082715177 -662.95359763647411 1670.8029445217689 -25312.858561172503 -525.0794348478471 1604.1951470734989 -24699.91839245156 -347.88089699365952 1532.129313033598 -24044.701620658143 -128.0329574120928 1450.9997122959594 -23339.751975260453 137.62017742778232 1355.9314489932283 -22574.507689905102 452.00202784230868 1240.5101497029204 -21734.644913267199 817.35336607448312 1096.4180395866401 -20801.100189612942 1234.5011331040964 913.44957204651109 -19748.480754648444 1701.9499611523822 679.76130697373605 -18543.240831243776 2214.2308501224106 382.74519432830044 -17141.405728045302 2759.0742770764832 11.287463079717313 -15485.864619045062 3312.6824354225741 -439.16431548764604 -13503.911824379193 3831.838318174056 -956.10516262742624 -11107.555239262274 4240.8474668418148 -1489.7406085391553 -8204.6621934732648 4410.6374219049649 -1751.3518030322766 -6615.4194999454703 4415.4588816947453 -760.70371150736298 -3823.5169316089632 -1611.9947474551486 -546.44997514435238 -4600.1266334897227 -1736.7253572466893 -135.40007975711623 -6260.7672375494385 -1936.9078054508886 249.49936778895994 -8052.1613651628904 -2026.5316303177631 615.73766258125306 -9845.3813339255648 -1999.4890896324778 959.38407268654362 -11574.453400614824 -1873.5782597774662 1276.2571384287294 -13210.382627836621 -1673.3884874570599 1564.6955609485262 -14744.440343666414 -1423.0147816185681 1825.4237520777019 -16178.294220048827 -1143.3717074413005 2060.6873536932872 -17518.463013145953 -851.53576959182203 2273.4462569866673 -18773.2914932409 -560.96415365947189 2466.8964885580608 -19951.121070387075 -282.1334796139119 2644.2581782846014 -21058.817680552518 -23.265999915660871 2807.8627051977419 -22101.992538878869 209.83192865973399 2959.1279924792971 -23085.406300308467 413.52252809426886 3099.7334625211688 -24012.260597120559 585.37834535746504 3230.7144140767114 -24884.482723988702 723.98667622145376 3351.9892106235388 -25703.048105416448 829.01402433400119 3463.6227736371256 -26467.97390726137 901.1583337904292 3565.8648690660293 -27178.681045773119 941.80890592118146 3658.6900142590234 -27834.230808413384 952.75598768960822 3741.8893646462448 -28433.36251497348 936.14948682865293 3815.2828170145822 -28974.584315495911 894.47126182604802 3878.848048510486 -29456.315749425965 830.45951504365121 3932.7506484754654 -29877.024624161975 747.00720517226898 3977.3109019706039 -30235.32633467525 647.06442989125389 4012.9421434534256 -30530.040770729487 533.56267847616414 4040.0836806592979 -30760.215406687705 409.36721649140384 4059.1406671982622 -30925.126694377017 277.25658514697795 4070.4362607657986 -31024.270714767084 139.92472383066581 4074.1776969798493 -31057.351262702799 -1.0790220237311132e-06 4070.4362600396644 -31024.270718123196 -139.92472327106199 4059.1406697898374 -30925.126696941847 -277.25658298504032 4040.0836818695775 -30760.215410319444 -409.36721486828435 4012.9421439192574 -30530.040774231064 -533.56267581939073 3977.3109099543526 -30235.326333344186 -647.06442721434712 3932.7506554067495 -29877.02462263656 -747.00720084017541 3878.8480511455541 -29456.315749492078 -830.45950533929408 3815.2828148553126 -28974.584316593318 -894.4712505314053 3741.8893604171326 -28433.362515787914 -936.14947833703991 3658.6900120641758 -27834.230808320364 -952.75598152495922 3565.8648659626811 -27178.68104562677 -941.80890045597585 3463.6227746050386 -26467.973902487418 -901.15832656851751 3351.9892093491112 -25703.048099436575 -829.0140175064173 3230.7144093794432 -24884.48272017948 -723.98667360938566 3099.7334614205793 -24012.260592009188 -585.37834497056133 2959.1279908870424 -23085.40629590971 -413.5225293759749 2807.8626984680359 -22101.992536758582 -209.83193215554189 2644.2581713395925 -21058.817676863102 23.265996471138198 2466.8964837629819 -19951.121069150562 282.13347396870489 2273.4462516522572 -18773.291497293598 560.9641460038232 2060.6873470718433 -17518.463015935115 851.53576455075017 1825.4237498165057 -16178.29421863379 1143.371703744559 1564.6955652380916 -14744.440342053322 1423.0147766910584 1276.2571456461028 -13210.382629016309 1673.3884835570891 959.38407510195498 -11574.45340467797 1873.5782581168517 615.73766052290318 -9845.3813363869358 1999.4890897881764 249.49936791234524 -8052.1613651891648 2026.5316307293376 -135.40008062995517 -6260.7672370163964 1936.9078053651133 -546.44997679117876 -4600.1266307259639 1736.7253567803575 -760.70371252299503 -3823.5169278160656 1611.9947463630251 174.74870842902959 -751.49691398910443 -147.45110973647186 239.39931252827046 -1614.7052972484194 -265.34759100119498 376.48426313416803 -3279.2387604783921 -467.85955793040949 527.57323965524847 -4861.4740803694585 -600.92527315713733 692.06743136031264 -6415.8803452519478 -659.35465591875254 871.10393455656288 -7957.4420700573737 -642.10192390224472 1064.1994926313914 -9486.6661620670639 -554.89417854983037 1269.672900999527 -10999.917813616396 -408.76684334071467 1485.3806935186722 -12492.894286382565 -217.89199904584933 1709.0240990722177 -13961.287006963164 2.3906678803004411 1938.0217267347484 -15400.783696619255 237.2747814377353 2169.1211450038495 -16807.737007987573 473.9361565355303 2398.4040985370289 -18180.413512752559 702.08206360134272 2623.8378818978535 -19515.566539338408 911.66129702702301 2844.2302344144828 -20807.313101849817 1093.6316943163097 3054.597502448044 -22050.660655355347 1242.4701879568743 3250.3277307894577 -23240.429446693743 1355.2311144644714 3430.6425199542855 -24370.765091719233 1430.6976442880389 3594.3803717766668 -25436.445798358571 1468.5624695848483 3739.0854624821814 -26432.474724653905 1469.4847890705114 3863.0318127935207 -27353.749901046689 1435.6133142927724 3965.969718157955 -28195.548735926277 1370.3184980706881 4048.9873676530669 -28953.984143416023 1277.6442686123678 4114.0826902713834 -29626.177337574132 1161.8191469286139 4163.7264648552846 -30210.203811001709 1026.9238619000025 4200.5109923413966 -30704.92132887755 876.70760268959873 4226.8977022352392 -31109.761643242855 714.5156558083346 4245.0485962522553 -31424.532522229711 543.29133215656486 4256.7201326908089 -31649.251574160324 365.62362124017375 4263.2000705148657 -31784.01894754414 183.82111592923656 4265.2723746336069 -31828.929039804265 -1.573511386965265e-06 4263.2000680348983 -31784.01894949632 -183.82111972343529 4256.7201375530403 -31649.251573986247 -365.62362372432511 4245.0486044071758 -31424.53252254763 -543.29133268470162 4226.8977177358829 -31109.761642950994 -714.51565610712225 4200.5110189703828 -30704.921325757765 -876.70760242063488 4163.7264879044606 -30210.203808805272 -1026.9238569625513 4114.082706022441 -29626.177336425564 -1161.819136657421 4048.9873828094596 -28953.98414170379 -1277.6442602764721 3965.9697337702223 -28195.548732078008 -1370.3184925851206 3863.0318247857922 -27353.749895480025 -1435.6133091466129 3739.085466533063 -26432.474720903705 -1469.4847851089039 3594.3803752878653 -25436.44579393087 -1468.5624682455505 3430.6425227367026 -24370.76508438008 -1430.6976463485175 3250.3277300830619 -23240.429437899584 -1355.2311192688271 3054.5975006377744 -22050.660646524215 -1242.4701937334 2844.2302291382698 -20807.31309700173 -1093.631703721456 2623.8378719970351 -19515.566538842169 -911.66131186766734 2398.4040855221483 -18180.413511522074 -702.0820794490005 2169.1211317942652 -16807.737005465111 -473.93617178948665 1938.0217156727408 -15400.783696318054 -237.27479734070701 1709.0240889829188 -13961.287009394357 -2.3906839889581306 1485.380688830709 -12492.894288106034 217.89198447829651 1269.6729034383688 -10999.917813078591 408.76683137848903 1064.1994942226006 -9486.6661612113112 554.8941690225339 871.1039345170982 -7957.4420707618146 642.10191557977987 692.06743385703817 -6415.8803433957337 659.35465098771112 527.5732426034308 -4861.474076350325 600.92527158048426 376.48426221073157 -3279.238759322162 467.85955744730205 239.39930942814971 -1614.7052991564076 265.34759197255079 174.7487048460994 -751.49691773787356 147.45111133951443 541.60427772737364 1068.4404619506056 726.22764939363265 469.90797725200275 392.70540121342151 534.06762946835761 345.9999684395674 -948.47918680470639 225.3225123613899 264.20832915809211 -2269.5327491394228 55.520849246255537 227.3808958508358 -3580.4275443940746 3.033576646904045 234.27188675085171 -4900.353746346741 50.997714275898552 282.85784079755501 -6246.7641229651017 185.02493296005196 370.99349364992611 -7633.3032207126416 390.62772301911002 496.62632936450473 -9069.7077982299688 651.48192390395423 657.8586232320506 -10561.188506613478 948.45428409207329 852.75128382225307 -12106.445590227739 1259.3986315605741 1078.5831337392424 -13694.56236288706 1560.3369432220313 1329.407443747637 -15304.782796421843 1829.8758330154374 1589.3181149614325 -16922.238362772252 2058.4844863472349 1840.2883052111447 -18536.769116446321 2240.6926951507203 2080.3642989934933 -20128.241661156782 2367.6876957090212 2309.1703215006155 -21676.262911895938 2434.4390745307965 2511.9148377481602 -23164.429979880235 2439.1992007415861 2674.1927898252511 -24574.83916303439 2385.0778948505786 2791.8972738257689 -25890.211140559299 2280.8789928572096 2868.1555277203483 -27097.685560276161 2137.3674123130941 2909.6291595905409 -28189.443711146901 1964.7573628105856 2924.1325717274667 -29161.768840103519 1771.6360856308384 2919.3312355774528 -30013.785695000632 1564.7153662836579 2902.113281676804 -30746.360804237491 1348.9693172118368 2878.3414376512687 -31361.276482670626 1127.9150662608727 2852.8041446643783 -31860.656263362478 903.91794587754896 2829.2603094920673 -32246.5842344294 678.47097937802721 2810.5183839606066 -32520.862155645627 452.4330104925989 2798.5173392424558 -32684.860199783368 226.22611019985771 2794.3924440214887 -32739.430059197497 -3.3993907351259622e-06 2798.5173336138701 -32684.860203295466 -226.22611707355148 2810.5183859925646 -32520.862157782816 -452.43301455697178 2829.2603174008768 -32246.58423642995 -678.47098072430595 2852.8041593831276 -31860.656264917179 -903.91794696386137 2878.3414612548322 -31361.276482708701 -1127.9150665630723 2902.1133018711057 -30746.360806146608 -1348.9693136042238 2919.3312488326897 -30013.785697819036 -1564.7153602064996 2924.1325871433219 -29161.768839540808 -1771.636081182256 2909.6291794412314 -28189.443707051942 -1964.7573592427452 2868.1555426459477 -27097.685555857417 -2137.3674083129272 2791.8972845036046 -25890.211134406105 -2280.8789885378278 2674.1927975028248 -24574.839157314778 -2385.0778943398391 2511.9148413338166 -23164.429976539373 -2439.1992040831396 2309.1703234814236 -21676.262907019107 -2434.4390771752264 2080.3642984032608 -20128.241654574653 -2367.6876982419567 1840.2883008620167 -18536.769113075959 -2240.6927028017981 1589.3181081127127 -16922.238364394103 -2058.4844996257634 1329.4074353024216 -15304.782799982097 -1829.8758484127411 1078.583122931188 -13694.562365184674 -1560.336958723693 852.75127253502058 -12106.445591881358 -1259.3986477083902 657.85861268004589 -10561.188510596103 -948.4543015775721 496.62632455635571 -9069.7078018029206 -651.48194047380184 370.99349587998069 -7633.3032229702885 -390.62773835336208 282.85784091152294 -6246.7641279263771 -185.02494881933973 234.2718843556957 -4900.3537538033597 -50.997730465942936 227.38090165498528 -3580.4275477715455 -3.0335898985503462 264.20834091049795 -2269.5327480558881 -55.520858672058729 345.99997571989616 -948.47918654589409 -225.32251894868892 469.90798022766012 392.70539887438372 -534.06763247317042 541.60427998018326 1068.4404579835111 -726.22765051603346 398.10265544100082 1615.3200027986156 760.88838731220187 220.54004325978681 1228.5983318089618 557.05189904107806 -84.157530340258404 442.98438919151374 228.88495173805782 -299.66717101110731 -374.61847089308378 50.551507585981483 -445.11705128851736 -1236.5365317201961 5.7655637973758971 -533.72296796218779 -2153.8289345376634 81.555692074388972 -575.82320056217839 -3141.4922432280923 267.00635512727501 -579.45664152275208 -4218.9234742563713 552.1598139814115 -550.30046507853694 -5409.8444663920664 926.35565830516907 -491.40313929295968 -6742.1295237253962 1375.7833854369537 -402.84073101700591 -8246.4760492053902 1879.8209613301015 -281.22621142561889 -9950.7516454037905 2405.4452938663726 -118.18859532612314 -11860.083088426858 2899.205940730159 102.9102601497965 -13907.708584578759 3284.1458394136621 379.36411262433575 -16006.754752706427 3521.5996833457111 642.47475586754854 -18119.741344722948 3618.4705942343699 807.94656671370569 -20201.198222848914 3577.7580310341023 854.59872865915645 -22183.030945794242 3421.6866031615036 806.14168323239267 -24015.426837056755 3190.5370355209679 692.7846211147596 -25676.129487416405 2917.6858598031604 540.55487858803508 -27160.225604817701 2626.0503125102823 369.49486734267788 -28471.532535727882 2330.0043221232681 194.266653851331 -29617.541319624372 2037.8669092830337 25.280042144627203 -30606.74519616249 1753.9254542963395 -130.22878915956193 -31447.3220478556 1479.8839908144937 -267.31819926917888 -32146.538206542536 1215.8413326608195 -382.67200801880131 -32710.519530318677 960.92847298427205 -474.10962379635453 -33144.198866907471 713.71221605811809 -540.23797325251621 -33451.339369518573 472.44357960339181 -580.21277749254966 -33634.581842521315 235.20583904265175 -593.58458250666899 -33695.490108354192 -1.1334861227396686e-06 -580.21277770285917 -33634.581844183951 -235.20584111218716 -540.23797229956028 -33451.339371663009 -472.44357928285291 -474.10961899293034 -33144.198867592109 -713.71221385269996 -382.67200166840132 -32710.519529552643 -960.92847129261816 -267.3181915700975 -32146.538203475993 -1215.8413300864515 -130.22878336606669 -31447.322043642205 -1479.8839840842329 25.280044110586857 -30606.745193731371 -1753.925446361839 194.26665558739148 -29617.5413182302 -2037.8669019786407 369.49487212842001 -28471.532533133843 -2330.0043140710532 540.5548843340024 -27160.225601178328 -2626.0503044664219 692.78462975466903 -25676.129480529686 -2917.6858511164569 806.14169117884853 -24015.426829691321 -3190.5370280219786 854.59873226307354 -22183.030941546327 -3421.6865985423883 807.94656813727192 -20201.198219579033 -3577.7580280001448 642.47475661349358 -18119.741339839522 -3618.4705916388007 379.36411394435549 -16006.75474778848 -3521.5996834311072 102.91026064141838 -13907.708581998977 -3284.1458426104655 -118.18859691855937 -11860.083089429974 -2899.2059465238858 -281.22621379908639 -9950.7516471925246 -2405.4452999514388 -402.840733997521 -8246.4760504756305 -1879.820966923427 -491.40314205538641 -6742.129526032968 -1375.7833925939949 -550.30046294323347 -5409.8444677728485 -926.35566599758465 -579.45663367553925 -4218.9234756414462 -552.15982213151335 -575.8231927645387 -3141.4922481624826 -267.00636480698205 -533.72295958309951 -2153.8289413254356 -81.555702281991813 -445.11703701608337 -1236.5365361427553 -5.7655727311948084 -299.66715528768981 -374.61847300395857 -50.551514644890638 -84.157519455151743 442.98438790029445 -228.88495792801743 220.54005094350899 1228.5983335172687 -557.05190478140969 398.10266324248124 1615.3200075987502 -760.88839235084333 67.307268544648451 1023.3755738908961 351.82529022453741 -63.271997550821027 951.12025824563193 188.47126478778921 -263.07507731537635 763.67795723963582 -94.592174023292358 -355.41281457842092 499.96709118537575 -288.67528914452106 -369.86793145423917 171.19262056884645 -391.54325699447088 -333.49797954941937 -223.2221164600665 -402.09942548443513 -270.1338566004917 -690.97403321375555 -318.60574966682964 -200.53124218795 -1247.0144945975164 -137.69746435587592 -142.6671194463901 -1915.5144599768491 146.15197651743387 -112.0070028351598 -2733.6713031356853 540.72434435164666 -121.69756083605776 -3758.6001243124633 1055.3181754902023 -182.68474356721077 -5080.3883054272383 1697.7329500449694 -303.26867154139097 -6849.5147635842286 2463.9596455028172 -490.5388694373014 -9300.1651549119106 3294.8634917052741 -804.94344231269633 -12379.719421457674 3903.5617195336185 -1294.0575449899075 -15611.181915947494 4048.2504287653192 -1892.7248876213102 -18604.286240598147 3863.4639958159605 -2511.7169046563045 -21247.180789505015 3552.9635073435375 -3101.77876399255 -23550.006005516581 3205.1099923744878 -3640.2714785044282 -25549.546699220176 2857.1391660108552 -4118.8523629800457 -27283.154703594191 2524.0380686169174 -4536.4549026368686 -28782.638406661914 2210.5730687092964 -4895.499830950308 -30073.59208041829 1916.8582552574389 -5199.8658475534139 -31176.165369027203 1641.0253996141323 -5453.8098204393973 -32106.072004458525 1380.5009825859076 -5661.4026016864491 -32875.487453329857 1132.5955245588702 -5826.2452853810173 -33493.759363301098 894.75143961590175 -5951.3364635071321 -33967.94018607663 664.62294899953781 -6039.0183645589359 -34303.172507771458 440.07545125371342 -6090.961459226326 -34502.957409581373 219.14799244515444 -6108.1650166366944 -34569.32981985552 -2.3839910063827574e-06 -6090.9614513036713 -34502.957407309128 -219.14799749959803 -6039.0183619016025 -34303.172506912364 -440.07545572189207 -5951.3364625637878 -33967.940182882041 -664.62295416502207 -5826.2452853880441 -33493.759357164934 -894.75144573970442 -5661.4026061125196 -32875.4874475494 -1132.5955286986616 -5453.8098277429435 -32106.071999004467 -1380.5009829448936 -5199.8658571014348 -31176.165364332639 -1641.0253980710681 -4895.4998448998522 -30073.592079008569 -1916.8582546215762 -4536.4549154577608 -28782.638405685764 -2210.5730677336578 -4118.852370763876 -27283.154701620464 -2524.038065924221 -3640.2714785511644 -25549.546695882873 -2857.1391611644426 -3101.7787597266424 -23550.006001671762 -3205.1099868709944 -2511.716900364022 -21247.180785986704 -3552.9635029617702 -1892.7248868195647 -18604.286238418434 -3863.4639928622328 -1294.0575453187325 -15611.181913366039 -4048.2504255807189 -804.94343626954924 -12379.719416185893 -3903.5617160999677 -490.53886096138552 -9300.1651494490034 -3294.863489409282 -303.26866690195612 -6849.5147608906464 -2463.9596438240287 -182.68473934350254 -5080.3883045810617 -1697.732947445239 -121.69755458533544 -3758.6001236389538 -1055.318171765497 -112.0069935718891 -2733.6713021068103 -540.7243398477716 -142.66710434634157 -1915.5144578575694 -146.15197145067938 -200.53122374267718 -1247.0144935478502 137.69746732462011 -270.1338402790733 -690.97403408161699 318.60575043232399 -333.49796273238616 -223.2221170903405 402.09942602036756 -369.86791448529141 171.192620059435 391.54325723119666 -355.41280170115817 499.96709185159932 288.67528995992433 -263.07506725366892 763.67795813152657 94.592174269843611 -63.271989704459074 951.12025981768227 -188.47126649115305 67.30727632130656 1023.3755780362612 -351.82529225536979 -62.947452176915853 510.20624989502318 124.53307038321999 -127.09209231662948 566.66190159934285 -5.7175812110673618 -188.38449745469973 636.39733937134997 -254.32986100443878 -133.28407625999037 629.99862028212488 -467.48325975096486 2.1480061671636719 562.03648752510753 -627.89179357088267 182.49818835155014 437.27321480869921 -725.98595254537213 375.69774789872656 253.41804099685356 -753.58101255239421 552.92644088420172 1.4285172527127941 -700.8387331345607 687.57567930170194 -336.69861875332282 -553.94709420833726 754.02681390320879 -793.0658467835699 -292.34707834639545 726.41245157825483 -1425.0035993496908 115.13713443227188 576.79408025278394 -2343.1346345523743 715.34330125179224 268.49253065954787 -3800.1938909806095 1573.4927549032411 -273.9384059999656 -6374.9122988966319 2717.3960560894202 -1200.9852638706059 -10128.372816040648 3651.8943623862428 -2463.7557927981402 -14151.300186172641 3868.275280140133 -3754.8851631221464 -17722.896255292435 3621.7534036085672 -4883.4519047551576 -20733.391176486733 3272.2799246366194 -5825.4740590843376 -23275.411767016951 2922.5444835149597 -6599.1139937999851 -25440.394170676758 2597.27405071876 -7230.2053359763331 -27295.351423216249 2299.05508117097 -7743.2491682280615 -28887.950409239515 2024.1543899038584 -8159.0835749722337 -30252.511860365696 1767.6524163593158 -8494.6398259106063 -31414.203376156744 1525.0890475524861 -8763.3522712246595 -32391.772061795142 1292.8666003476826 -8975.7136202667025 -33199.319865851634 1068.2187304585941 -9139.7947457298615 -33847.469634469307 849.05233102784496 -9261.6737530706996 -34344.139602636438 633.77614904874827 -9345.7666517375837 -34695.060051354361 421.15275827454582 -9395.0678924768636 -34904.114142382343 210.18038561228175 -9411.3122504007497 -34973.552936664259 -6.0980326850312849e-06 -9395.0678816669297 -34904.114136335789 -210.1803982341446 -9345.7666477846178 -34695.060047467356 -421.15277090856807 -9261.6737534649765 -34344.139599230199 -633.77616304951016 -9139.7947477989565 -33847.469628358776 -849.05234444290159 -8975.7136285561101 -33199.319860765696 -1068.2187397998298 -8763.3522829769136 -32391.772059042931 -1292.8666067047445 -8494.6398406281842 -31414.203374350203 -1525.0890519573331 -8159.0835987322707 -30252.511862497267 -1767.6524212101622 -7743.249190874667 -28887.950410473324 -2024.1543938580141 -7230.2053525476786 -27295.351421787665 -2299.0550813180653 -6599.1140003270193 -25440.394166512488 -2597.2740479382765 -5825.4740589007561 -23275.411760801784 -2922.5444807266108 -4883.4519032011367 -20733.391170284223 -3272.2799219941448 -3754.8851642176442 -17722.896250791775 -3621.7534003572082 -2463.7557948154263 -14151.300181547474 -3868.2752760344924 -1200.9852565844162 -10128.372808432789 -3651.8943577620639 -273.93839425799945 -6374.9122923599916 -2717.3960525203411 268.49253859756129 -3800.1938868711268 -1573.4927505813807 576.79408699306646 -2343.1346322030918 -715.34329579429527 726.41246154663804 -1425.0035970181598 -115.13712839067291 754.02682923820294 -793.06584248750573 292.34708706028027 687.57570096780205 -336.6986150099944 553.9471049522474 552.92646377488995 1.4285173592553519 700.83874172994024 375.69776607936319 253.41804008755196 753.58101875360876 182.4982058253857 437.27321595276931 725.98595795000347 2.148023013098566 562.03648920529577 627.89179719679305 -133.28406390156465 629.99862487148118 467.48326305529645 -188.38448681126471 636.39734505797219 254.32986418550661 -127.0920855743869 566.66190396215245 5.7175833374185316 -62.947447443161316 510.20625177964263 -124.53306818410852
        </DataArray>
        <DataArray type="Float64" Name="sigma_xx" format="ascii">
          -6175.1978568025061 -5617.2373075209816 -4835.0412766987674 -4533.6461954280749 -4440.4447623409187 -4429.0653030829471 -4440.1757827643924 -4446.4124647349154 -4436.0893877483759 -4405.3222605796054 -4354.0955037459207 -4284.2555340854451 -4198.4891836731367 -4099.7699655339657 -3991.0739796557027 -3875.2729417231267 -3755.0450457163843 -3632.85601740725 -3510.9856362962146 -3391.5055624162592 -3276.2826417795577 -3167.005126440813 -3065.1922003501923 -2972.1960310881395 -2889.2040976032513 -2817.242468190384 -2757.1786520349788 -2709.7231542870668 -2675.4296994479382 -2654.6947294036181 -2647.7565665335987 -2654.6947385552862 -2675.4297186013805 -2709.7231840989066 -2757.1786956198384 -2817.2425097350088 -2889.2041359597333 -2972.1960619188367 -3065.1922205436094 -3167.0051554010702 -3276.2826777572791 -3391.5055818428109 -3510.9856440461708 -3632.8560247750415 -3755.045049272755 -3875.2729416869893 -3991.0739790464704 -4099.7699628006139 -4198.4891794231462 -4284.2555173654555 -4354.0954739137433 -4405.322239182713 -4436.0893746395295 -4446.4124407094168 -4440.1757471114579 -4429.0652632123683 -4440.444721551482 -4533.6461683802745 -4835.0412586724415 -5617.2372966319972 -6175.1978545395214 -4145.7809267168168 -3762.1519558680939 -3123.0161312899709 -2703.0182653071993 -2434.16115362761 -2263.3153797786831 -2153.0825577287719 -2078.234998364579 -2022.1415421753895 -1974.0555838861937 -1927.2290599090431 -1877.6309612806008 -1823.0504632888144 -1762.5528468938542 -1696.1051851376608 -1624.2345143379553 -1547.890399749117 -1468.3149270928814 -1386.8735407765996 -1305.0191697809839 -1224.2573194475408 -1146.0745113507658 -1071.8922017932398 -1003.0410963206314 -940.74229951972848 -886.0900271077295 -840.03565279745067 -803.3740923991088 -776.73316755370502 -760.56608915867878 -755.14656129303512 -760.56609589544064 -776.73318237138255 -803.37412143854567 -840.03569814308059 -886.09006496410495 -940.74232897764978 -1003.0411230685322 -1071.8922196289946 -1146.0745348320074 -1224.2573513390173 -1305.0191854532891 -1386.8735412769058 -1468.314929426904 -1547.8904022796401 -1624.2345150469475 -1696.1051856905588 -1762.5528444367176 -1823.0504585156632 -1877.6309522457236 -1927.2290451170472 -1974.0555745218021 -2022.1415413882678 -2078.2349840333177 -2153.0825283628014 -2263.3153561564563 -2434.1611370411165 -2703.0182514345097 -3123.0161204499718 -3762.1519530027108 -4145.7809297135318 -1751.351801332477 -1489.7406071805162 -956.10516564007207 -439.16431573867715 11.287471365321835 382.74519088061652 679.76129026064109 913.44956649450535 1096.4180456036283 1240.5101537629239 1355.93145042991 1450.999710787592 1532.1293104979213 1604.1951475473347 1670.8029449644205 1734.2478111318405 1795.9602551230009 1856.7849290902759 1916.8710513744431 1975.9111891175667 2033.393157048175 2088.6516720829563 2140.9072221553151 2189.3275362972554 2233.0923189113769 2271.4449619840188 2303.7263546053168 2329.3929154681064 2348.0235352006976 2359.3200695411738 2363.1051794118448 2359.3200662334916 2348.023529448938 2329.3928986358173 2303.7263254131758 2271.4449418778331 2233.0923054871914 2189.3275209487588 2140.9072087108771 2088.6516568078232 2033.3931386399142 1975.9111812590149 1916.8710561110643 1856.7849298803144 1795.9602522865275 1734.2478104581 1670.8029445217689 1604.1951470734989 1532.129313033598 1450.9997122959594 1355.9314489932283 1240.5101497029204 1096.4180395866401 913.44957204651109 679.76130697373605 382.74519432830044 11.287463079717313 -439.16431548764604 -956.10516262742624 -1489.7406085391553 -1751.3518030322766 -760.70371150736298 -546.44997514435238 -135.40007975711623 249.49936778895994 615.73766258125306 959.38407268654362 1276.2571384287294 1564.6955609485262 1825.4237520777019 2060.6873536932872 2273.4462569866673 2466.8964885580608 2644.2581782846014 2807.8627051977419 2959.1279924792971 3099.7334625211688 3230.7144140767114 3351.9892106235388 3463.6227736371256 3565.8648690660293 3658.6900142590234 3741.8893646462448 3815.2828170145822 3878.848048510486 3932.7506484754654 3977.3109019706039 4012.9421434534256 4040.0836806592979 4059.1406671982622 4070.4362607657986 4074.1776969798493 4070.4362600396644 4059.1406697898374 4040.0836818695775 4012.9421439192574 3977.3109099543526 3932.7506554067495 3878.8480511455541 3815.2828148553126 3741.8893604171326 3658.6900120641758 3565.8648659626811 3463.6227746050386 3351.9892093491112 3230.7144093794432 3099.7334614205793 2959.1279908870424 2807.8626984680359 2644.2581713395925 2466.8964837629819 2273.4462516522572 2060.6873470718433 1825.4237498165057 1564.6955652380916 1276.2571456461028 959.38407510195498 615.73766052290318 249.49936791234524 -135.40008062995517 -546.44997679117876 -760.70371252299503 174.74870842902959 239.39931252827046 376.48426313416803 527.57323965524847 692.06743136031264 871.10393455656288 1064.1994926313914 1269.672900999527 1485.3806935186722 1709.0240990722177 1938.0217267347484 2169.1211450038495 2398.4040985370289 2623.8378818978535 2844.2302344144828 3054.597502448044 3250.3277307894577 3430.6425199542855 3594.3803717766668 3739.0854624821814 3863.0318127935207 3965.969718157955 4048.9873676530669 4114.0826902713834 4163.7264648552846 4200.5109923413966 4226.8977022352392 4245.0485962522553 4256.7201326908089 4263.2000705148657 4265.2723746336069 4263.2000680348983 4256.7201375530403 4245.0486044071758 4226.8977177358829 4200.5110189703828 4163.7264879044606 4114.082706022441 4048.9873828094596 3965.9697337702223 3863.0318247857922 3739.085466533063 3594.3803752878653 3430.6425227367026 3250.3277300830619 3054.5975006377744 2844.2302291382698 2623.8378719970351 2398.4040855221483 2169.1211317942652 1938.0217156727408 1709.0240889829188 1485.380688830709 1269.6729034383688 1064.1994942226006 871.1039345170982 692.06743385703817 527.5732426034308 376.48426221073157 239.39930942814971 174.7487048460994 541.60427772737364 469.90797725200275 345.9999684395674 264.20832915809211 227.3808958508358 234.27188675085171 282.85784079755501 370.99349364992611 496.62632936450473 657.8586232320506 852.75128382225307 1078.5831337392424 1329.407443747637 1589.3181149614325 1840.2883052111447 2080.3642989934933 2309.1703215006155 2511.9148377481602 2674.1927898252511 2791.8972738257689 2868.1555277203483 2909.6291595905409 2924.1325717274667 2919.3312355774528 2902.113281676804 2878.3414376512687 2852.8041446643783 2829.2603094920673 2810.5183839606066 2798.5173392424558 2794.3924440214887 2798.5173336138701 2810.5183859925646 2829.2603174008768 2852.8041593831276 2878.3414612548322 2902.1133018711057 2919.3312488326897 2924.1325871433219 2909.6291794412314 2868.1555426459477 2791.8972845036046 2674.1927975028248 2511.9148413338166 2309.1703234814236 2080.3642984032608 1840.2883008620167 1589.3181081127127 1329.4074353024216 1078.583122931188 852.75127253502058 657.85861268004589 496.62632455635571 370.99349587998069 282.85784091152294 234.2718843556957 227.38090165498528 264.20834091049795 345.99997571989616 469.90798022766012 541.60427998018326 398.10265544100082 220.54004325978681 -84.157530340258404 -299.66717101110731 -445.11705128851736 -533.72296796218779 -575.82320056217839 -579.45664152275208 -550.30046507853694 -491.40313929295968 -402.84073101700591 -281.22621142561889 -118.18859532612314 102.9102601497965 379.36411262433575 642.47475586754854 807.94656671370569 854.59872865915645 806.14168323239267 692.7846211147596 540.55487858803508 369.49486734267788 194.266653851331 25.280042144627203 -130.22878915956193 -267.31819926917888 -382.67200801880131 -474.10962379635453 -540.23797325251621 -580.21277749254966 -593.58458250666899 -580.21277770285917 -540.23797229956028 -474.10961899293034 -382.67200166840132 -267.3181915700975 -130.22878336606669 25.280044110586857 194.26665558739148 369.49487212842001 540.5548843340024 692.78462975466903 806.14169117884853 854.59873226307354 807.94656813727192 642.47475661349358 379.36411394435549 102.91026064141838 -118.18859691855937 -281.22621379908639 -402.840733997521 -491.40314205538641 -550.30046294323347 -579.45663367553925 -575.8231927645387 -533.72295958309951 -445.11703701608337 -299.66715528768981 -84.157519455151743 220.54005094350899 398.10266324248124 67.307268544648451 -63.271997550821027 -263.07507731537635 -355.41281457842092 -369.86793145423917 -333.49797954941937 -270.1338566004917 -200.53124218795 -142.6671194463901 -112.0070028351598 -121.69756083605776 -182.68474356721077 -303.26867154139097 -490.5388694373014 -804.94344231269633 -1294.0575449899075 -1892.7248876213102 -2511.7169046563045 -3101.77876399255 -3640.2714785044282 -4118.8523629800457 -4536.4549026368686 -4895.499830950308 -5199.8658475534139 -5453.8098204393973 -5661.4026016864491 -5826.2452853810173 -5951.3364635071321 -6039.0183645589359 -6090.961459226326 -6108.1650166366944 -6090.9614513036713 -6039.0183619016025 -5951.3364625637878 -5826.2452853880441 -5661.4026061125196 -5453.8098277429435 -5199.8658571014348 -4895.4998448998522 -4536.4549154577608 -4118.852370763876 -3640.2714785511644 -3101.7787597266424 -2511.716900364022 -1892.7248868195647 -1294.0575453187325 -804.94343626954924 -490.53886096138552 -303.26866690195612 -182.68473934350254 -121.69755458533544 -112.0069935718891 -142.66710434634157 -200.53122374267718 -270.1338402790733 -333.49796273238616 -369.86791448529141 -355.41280170115817 -263.07506725366892 -63.271989704459074 67.30727632130656 -62.947452176915853 -127.09209231662948 -188.38449745469973 -133.28407625999037 2.1480061671636719 182.49818835155014 375.69774789872656 552.92644088420172 687.57567930170194 754.02681390320879 726.41245157825483 576.79408025278394 268.49253065954787 -273.9384059999656 -1200.9852638706059 -2463.7557927981402 -3754.8851631221464 -4883.4519047551576 -5825.4740590843376 -6599.1139937999851 -7230.2053359763331 -7743.2491682280615 -8159.0835749722337 -8494.6398259106063 -8763.3522712246595 -8975.7136202667025 -9139.7947457298615 -9261.6737530706996 -9345.7666517375837 -9395.0678924768636 -9411.3122504007497 -9395.0678816669297 -9345.7666477846178 -9261.6737534649765 -9139.7947477989565 -8975.7136285561101 -8763.3522829769136 -8494.6398406281842 -8159.0835987322707 -7743.249190874667 -7230.2053525476786 -6599.1140003270193 -5825.4740589007561 -4883.4519032011367 -3754.8851642176442 -2463.7557948154263 -1200.9852565844162 -273.93839425799945 268.49253859756129 576.79408699306646 726.41246154663804 754.02682923820294 687.57570096780205 552.92646377488995 375.69776607936319 182.4982058253857 2.148023013098566 -133.28406390156465 -188.38448681126471 -127.0920855743869 -62.947447443161316
        </DataArray>
        <DataArray type="Float64" Name="sigma_yy" format="ascii">
          -35386.952660356037 -34391.774193881422 -32613.742525174996 -31212.914730336259 -30108.138195640964 -29241.01801066722 -28568.181533157804 -28056.353941002017 -27679.217769259543 -27415.379535118704 -27247.015984354493 -27158.95065699039 -27138.067022428251 -27172.873234913211 -27253.151857769648 -27369.755631725711 -27514.447179874493 -27679.765994637979 -27858.939118305636 -28045.812659115374 -28234.803502843159 -28420.865253169675 -28599.461800504901 -28766.549250221418 -28918.565290556471 -29052.42372640461 -29165.512154167976 -29255.691435351462 -29321.296160090998 -29361.135637469713 -29374.494932741385 -29361.13563993451 -29321.296165067812 -29255.691443210038 -29165.512166137858 -29052.423735751785 -28918.565300781534 -28766.549263599412 -28599.46181732462 -28420.865283740379 -28234.803537793458 -28045.812679711536 -27858.939131255262 -27679.766010307168 -27514.447196527293 -27369.755646724821 -27253.151873705217 -27172.873256223298 -27138.067045891046 -27158.95067286586 -27247.015993093031 -27415.379537978457 -27679.217768329931 -28056.35394148223 -28568.181532744507 -29241.018004552745 -30108.138185899115 -31212.914720010722 -32613.742510696618 -34391.774177668383 -35386.952644940917 -21458.268713156416 -22247.02432389497 -23486.913728729771 -24209.735397197015 -24656.716079522012 -24956.519855120012 -25180.660187656304 -25370.026688462578 -25548.280652456691 -25728.961297451482 -25919.43999984979 -26123.211522535363 -26341.213431561089 -26572.690222189231 -26815.793910603046 -27067.920812410786 -27325.972352863559 -27586.550233792041 -27846.089889173767 -28100.982548684635 -28347.65915868945 -28582.652816496433 -28802.66134314784 -29004.602510030956 -29185.658804747552 -29343.313935269667 -29475.383729814919 -29580.042744017472 -29655.846760253262 -29701.750893603956 -29717.122829491575 -29701.750892176409 -29655.846760728513 -29580.04275023123 -29475.38374274705 -29343.313943767342 -29185.658807617161 -29004.602510118464 -28802.661340310089 -28582.652824400739 -28347.659176463985 -28100.982557553398 -27846.089891082302 -27586.550240205604 -27325.972362972167 -27067.920823265169 -26815.793921860146 -26572.690236982657 -26341.213450255433 -26123.211541536268 -25919.44001894047 -25728.961310289476 -25548.280658867505 -25370.026696858509 -25180.660195921744 -24956.519858860873 -24656.716082831415 -24209.735399909641 -23486.913728072701 -22247.024323931622 -21458.268714868937 -6615.4194925028833 -8204.6621863451419 -11107.555231655579 -13503.911814024344 -15485.864606242729 -17141.405716017347 -18543.240820296152 -19748.48074769173 -20801.10018393127 -21734.644898706902 -22574.507669954157 -23339.751962073984 -24044.701614235822 -24699.918387930175 -25312.858557354124 -25888.675077608143 -26430.704842220221 -26940.834485517913 -27419.86088690949 -27867.713807270859 -28283.677262079094 -28666.608346419969 -29015.094285689876 -29327.570476559049 -29602.421702572436 -29838.072874397192 -30033.068059327816 -30186.135663080073 -30296.239068645787 -30362.613537744292 -30384.790888386109 -30362.613539088779 -30296.239070448693 -30186.135668502811 -30033.068069308272 -29838.072879877131 -29602.421703045078 -29327.570472630472 -29015.094275607855 -28666.608340607658 -28283.677265813316 -27867.713808923741 -27419.860882905552 -26940.83448594615 -26430.704847451037 -25888.675082715177 -25312.858561172503 -24699.91839245156 -24044.701620658143 -23339.751975260453 -22574.507689905102 -21734.644913267199 -20801.100189612942 -19748.480754648444 -18543.240831243776 -17141.405728045302 -15485.864619045062 -13503.911824379193 -11107.555239262274 -8204.6621934732648 -6615.4194999454703 -3823.5169316089632 -4600.1266334897227 -6260.7672375494385 -8052.1613651628904 -9845.3813339255648 -11574.453400614824 -13210.382627836621 -14744.440343666414 -16178.294220048827 -17518.463013145953 -18773.2914932409 -19951.121070387075 -21058.817680552518 -22101.992538878869 -23085.406300308467 -24012.260597120559 -24884.482723988702 -25703.048105416448 -26467.97390726137 -27178.681045773119 -27834.230808413384 -28433.36251497348 -28974.584315495911 -29456.315749425965 -29877.024624161975 -30235.32633467525 -30530.040770729487 -30760.215406687705 -30925.126694377017 -31024.270714767084 -31057.351262702799 -31024.270718123196 -30925.126696941847 -30760.215410319444 -30530.040774231064 -30235.326333344186 -29877.02462263656 -29456.315749492078 -28974.584316593318 -28433.362515787914 -27834.230808320364 -27178.68104562677 -26467.973902487418 -25703.048099436575 -24884.48272017948 -24012.260592009188 -23085.40629590971 -22101.992536758582 -21058.817676863102 -19951.121069150562 -18773.291497293598 -17518.463015935115 -16178.29421863379 -14744.440342053322 -13210.382629016309 -11574.45340467797 -9845.3813363869358 -8052.1613651891648 -6260.7672370163964 -4600.1266307259639 -3823.5169278160656 -751.49691398910443 -1614.7052972484194 -3279.2387604783921 -4861.4740803694585 -6415.8803452519478 -7957.4420700573737 -9486.6661620670639 -10999.917813616396 -12492.894286382565 -13961.287006963164 -15400.783696619255 -16807.737007987573 -18180.413512752559 -19515.566539338408 -20807.313101849817 -22050.660655355347 -23240.429446693743 -24370.765091719233 -25436.445798358571 -26432.474724653905 -27353.749901046689 -28195.548735926277 -28953.984143416023 -29626.177337574132 -30210.203811001709 -30704.92132887755 -31109.761643242855 -31424.532522229711 -31649.251574160324 -31784.01894754414 -31828.929039804265 -31784.01894949632 -31649.251573986247 -31424.53252254763 -31109.761642950994 -30704.921325757765 -30210.203808805272 -29626.177336425564 -28953.98414170379 -28195.548732078008 -27353.749895480025 -26432.474720903705 -25436.44579393087 -24370.76508438008 -23240.429437899584 -22050.660646524215 -20807.31309700173 -19515.566538842169 -18180.413511522074 -16807.737005465111 -15400.783696318054 -13961.287009394357 -12492.894288106034 -10999.917813078591 -9486.6661612113112 -7957.4420707618146 -6415.8803433957337 -4861.474076350325 -3279.238759322162 -1614.7052991564076 -751.49691773787356 1068.4404619506056 392.70540121342151 -948.47918680470639 -2269.5327491394228 -3580.4275443940746 -4900.353746346741 -6246.7641229651017 -7633.3032207126416 -9069.7077982299688 -10561.188506613478 -12106.445590227739 -13694.56236288706 -15304.782796421843 -16922.238362772252 -18536.769116446321 -20128.241661156782 -21676.262911895938 -23164.429979880235 -24574.83916303439 -25890.211140559299 -27097.685560276161 -28189.443711146901 -29161.768840103519 -30013.785695000632 -30746.360804237491 -31361.276482670626 -31860.656263362478 -32246.5842344294 -32520.862155645627 -32684.860199783368 -32739.430059197497 -32684.860203295466 -32520.862157782816 -32246.58423642995 -31860.656264917179 -31361.276482708701 -30746.360806146608 -30013.785697819036 -29161.768839540808 -28189.443707051942 -27097.685555857417 -25890.211134406105 -24574.839157314778 -23164.429976539373 -21676.262907019107 -20128.241654574653 -18536.769113075959 -16922.238364394103 -15304.782799982097 -13694.562365184674 -12106.445591881358 -10561.188510596103 -9069.7078018029206 -7633.3032229702885 -6246.7641279263771 -4900.3537538033597 -3580.4275477715455 -2269.5327480558881 -948.47918654589409 392.70539887438372 1068.4404579835111 1615.3200027986156 1228.5983318089618 442.98438919151374 -374.61847089308378 -1236.5365317201961 -2153.8289345376634 -3141.4922432280923 -4218.9234742563713 -5409.8444663920664 -6742.1295237253962 -8246.4760492053902 -9950.7516454037905 -11860.083088426858 -13907.708584578759 -16006.754752706427 -18119.741344722948 -20201.198222848914 -22183.030945794242 -24015.426837056755 -25676.129487416405 -27160.225604817701 -28471.532535727882 -29617.541319624372 -30606.74519616249 -31447.3220478556 -32146.538206542536 -32710.519530318677 -33144.198866907471 -33451.339369518573 -33634.581842521315 -33695.490108354192 -33634.581844183951 -33451.339371663009 -33144.198867592109 -32710.519529552643 -32146.538203475993 -31447.322043642205 -30606.745193731371 -29617.5413182302 -28471.532533133843 -27160.225601178328 -25676.129480529686 -24015.426829691321 -22183.030941546327 -20201.198219579033 -18119.741339839522 -16006.75474778848 -13907.708581998977 -11860.083089429974 -9950.7516471925246 -8246.4760504756305 -6742.129526032968 -5409.8444677728485 -4218.9234756414462 -3141.4922481624826 -2153.8289413254356 -1236.5365361427553 -374.61847300395857 442.98438790029445 1228.5983335172687 1615.3200075987502 1023.3755738908961 951.12025824563193 763.67795723963582 499.96709118537575 171.19262056884645 -223.2221164600665 -690.97403321375555 -1247.0144945975164 -1915.5144599768491 -2733.6713031356853 -3758.6001243124633 -5080.3883054272383 -6849.5147635842286 -9300.1651549119106 -12379.719421457674 -15611.181915947494 -18604.286240598147 -21247.180789505015 -23550.006005516581 -25549.546699220176 -27283.154703594191 -28782.638406661914 -30073.59208041829 -31176.165369027203 -32106.072004458525 -32875.487453329857 -33493.759363301098 -33967.94018607663 -34303.172507771458 -34502.957409581373 -34569.32981985552 -34502.957407309128 -34303.172506912364 -33967.940182882041 -33493.759357164934 -32875.4874475494 -32106.071999004467 -31176.165364332639 -30073.592079008569 -28782.638405685764 -27283.154701620464 -25549.546695882873 -23550.006001671762 -21247.180785986704 -18604.286238418434 -15611.181913366039 -12379.719416185893 -9300.1651494490034 -6849.5147608906464 -5080.3883045810617 -3758.6001236389538 -2733.6713021068103 -1915.5144578575694 -1247.0144935478502 -690.97403408161699 -223.2221170903405 171.192620059435 499.96709185159932 763.67795813152657 951.12025981768227 1023.3755780362612 510.20624989502318 566.66190159934285 636.39733937134997 629.99862028212488 562.03648752510753 437.27321480869921 253.41804099685356 1.4285172527127941 -336.69861875332282 -793.0658467835699 -1425.0035993496908 -2343.1346345523743 -3800.1938909806095 -6374.9122988966319 -10128.372816040648 -14151.300186172641 -17722.896255292435 -20733.391176486733 -23275.411767016951 -25440.394170676758 -27295.351423216249 -28887.950409239515 -30252.511860365696 -31414.203376156744 -32391.772061795142 -33199.319865851634 -33847.469634469307 -34344.139602636438 -34695.060051354361 -34904.114142382343 -34973.552936664259 -34904.114136335789 -34695.060047467356 -34344.139599230199 -33847.469628358776 -33199.319860765696 -32391.772059042931 -31414.203374350203 -30252.511862497267 -28887.950410473324 -27295.351421787665 -25440.394166512488 -23275.411760801784 -20733.391170284223 -17722.896250791775 -14151.300181547474 -10128.372808432789 -6374.9122923599916 -3800.1938868711268 -2343.1346322030918 -1425.0035970181598 -793.06584248750573 -336.6986150099944 1.4285173592553519 253.41804008755196 437.27321595276931 562.03648920529577 629.99862487148118 636.39734505797219 566.66190396215245 510.20625177964263
        </DataArray>
        <DataArray type="Float64" Name="tau_xy" format="ascii">
          -7643.6639970673141 -5814.046705350991 -2827.5978857563159 -923.3812697084345 310.95345641437018 1113.173578342929 1627.306133134407 1944.387881194421 2124.1054132795698 2206.8312359329761 2220.5940265335139 2185.267252837074 2115.2117457063541 2020.9499066999415 1910.2389111824409 1788.840805008665 1661.05319473593 1530.0542653326245 1398.1635999687937 1267.0523455225489 1137.8827605856559 1011.4068194619117 888.05154990169058 767.98762049268146 651.18145114124843 537.43549613177197 426.42110252924783 317.70658853525902 210.78190079864942 105.0806337078086 -5.0838203300429541e-06 -105.08064410776119 -210.7819108370104 -317.70659877779633 -426.42111444401598 -537.43550364504779 -651.18145365446026 -767.98762167681991 -888.05154925108241 -1011.4068303018719 -1137.8827816583703 -1267.0523604777804 -1398.1636095086301 -1530.0542758882934 -1661.0532068828493 -1788.8408147042483 -1910.2389174227173 -2020.9499160652986 -2115.2117593306562 -2185.2672659255609 -2220.5940403578361 -2206.8312446888949 -2124.1054128391766 -1944.3878788858481 -1627.3061327056575 -1113.1735768555604 -310.95345411611822 923.38127143909287 2827.5978874608022 5814.0467049510989 7643.6639950805929 -7027.6452611356108 -6014.6287958850517 -4214.6084826994702 -2817.9582843740145 -1736.7419342269181 -901.346735321305 -258.28682149224096 233.30210074893785 604.77949539435667 880.4199057372291 1079.2066353792172 1216.1301347617459 1303.1037370091492 1349.6811140952227 1363.600515197581 1351.1359624253303 1317.3844952660556 1266.5139646316782 1201.941873921008 1126.4575266553802 1042.3313367693393 951.41328859028522 855.20686625683197 754.92623110227635 651.5443458887604 545.8354209094133 438.41272624452216 329.76218533027333 220.27225977196088 110.26085069610859 -3.6906439895290077e-06 -110.26085548496596 -220.27226213705282 -329.76218849854439 -438.41273013106587 -545.83542053836129 -651.54434105923383 -754.92622184045524 -855.20685217595462 -951.41328649208072 -1042.3313451627171 -1126.4575271370272 -1201.9418681628094 -1266.5139609640278 -1317.3844935147049 -1351.1359595848085 -1363.6005113150604 -1349.6811145740248 -1303.1037425753661 -1216.1301429728439 -1079.2066473260156 -880.4199124481836 -604.77949417873378 -233.30210384091231 258.28681219186467 901.34672725021653 1736.7419280986048 2817.9582803396406 4214.6084814979858 6014.6287954243307 7027.6452605400364 -4415.4588832062727 -4410.6374236344473 -4240.8474702395324 -3831.8383242891878 -3312.6824435073299 -2759.0742873782301 -2214.2308625245291 -1701.9499668770229 -1234.5011304204916 -817.35336752141757 -452.00203448020784 -137.62017903150115 128.0329609754439 347.88090297210005 525.07944352982577 662.95360749149245 764.88179716344382 834.1393546166388 873.83454808881061 886.95074445029991 876.36025770759147 844.78978206197871 794.8093079452525 728.84357679618097 649.18997239981184 558.03439297480895 457.46394464298373 349.47841319255559 236.00277628508798 118.90221253985314 -2.2551237375267874e-06 -118.90221132260214 -236.00277152098977 -349.47841080510204 -457.46394181082309 -558.03438878491693 -649.18996722214013 -728.84356562098094 -794.8092910254569 -844.78977306940692 -876.36025582357183 -886.95073686188414 -873.83453455701078 -834.13934168323033 -764.88178627254888 -662.95359763647411 -525.0794348478471 -347.88089699365952 -128.0329574120928 137.62017742778232 452.00202784230868 817.35336607448312 1234.5011331040964 1701.9499611523822 2214.2308501224106 2759.0742770764832 3312.6824354225741 3831.838318174056 4240.8474668418148 4410.6374219049649 4415.4588816947453 -1611.9947474551486 -1736.7253572466893 -1936.9078054508886 -2026.5316303177631 -1999.4890896324778 -1873.5782597774662 -1673.3884874570599 -1423.0147816185681 -1143.3717074413005 -851.53576959182203 -560.96415365947189 -282.1334796139119 -23.265999915660871 209.83192865973399 413.52252809426886 585.37834535746504 723.98667622145376 829.01402433400119 901.1583337904292 941.80890592118146 952.75598768960822 936.14948682865293 894.47126182604802 830.45951504365121 747.00720517226898 647.06442989125389 533.56267847616414 409.36721649140384 277.25658514697795 139.92472383066581 -1.0790220237311132e-06 -139.92472327106199 -277.25658298504032 -409.36721486828435 -533.56267581939073 -647.06442721434712 -747.00720084017541 -830.45950533929408 -894.4712505314053 -936.14947833703991 -952.75598152495922 -941.80890045597585 -901.15832656851751 -829.0140175064173 -723.98667360938566 -585.37834497056133 -413.5225293759749 -209.83193215554189 23.265996471138198 282.13347396870489 560.9641460038232 851.53576455075017 1143.371703744559 1423.0147766910584 1673.3884835570891 1873.5782581168517 1999.4890897881764 2026.5316307293376 1936.9078053651133 1736.7253567803575 1611.9947463630251 -147.45110973647186 -265.34759100119498 -467.85955793040949 -600.92527315713733 -659.35465591875254 -642.10192390224472 -554.89417854983037 -408.76684334071467 -217.89199904584933 2.3906678803004411 237.2747814377353 473.9361565355303 702.08206360134272 911.66129702702301 1093.6316943163097 1242.4701879568743 1355.2311144644714 1430.6976442880389 1468.5624695848483 1469.4847890705114 1435.6133142927724 1370.3184980706881 1277.6442686123678 1161.8191469286139 1026.9238619000025 876.70760268959873 714.5156558083346 543.29133215656486 365.62362124017375 183.82111592923656 -1.573511386965265e-06 -183.82111972343529 -365.62362372432511 -543.29133268470162 -714.51565610712225 -876.70760242063488 -1026.9238569625513 -1161.819136657421 -1277.6442602764721 -1370.3184925851206 -1435.6133091466129 -1469.4847851089039 -1468.5624682455505 -1430.6976463485175 -1355.2311192688271 -1242.4701937334 -1093.631703721456 -911.66131186766734 -702.0820794490005 -473.93617178948665 -237.27479734070701 -2.3906839889581306 217.89198447829651 408.76683137848903 554.8941690225339 642.10191557977987 659.35465098771112 600.92527158048426 467.85955744730205 265.34759197255079 147.45111133951443 726.22764939363265 534.06762946835761 225.3225123613899 55.520849246255537 3.033576646904045 50.997714275898552 185.02493296005196 390.62772301911002 651.48192390395423 948.45428409207329 1259.3986315605741 1560.3369432220313 1829.8758330154374 2058.4844863472349 2240.6926951507203 2367.6876957090212 2434.4390745307965 2439.1992007415861 2385.0778948505786 2280.8789928572096 2137.3674123130941 1964.7573628105856 1771.6360856308384 1564.7153662836579 1348.9693172118368 1127.9150662608727 903.91794587754896 678.47097937802721 452.4330104925989 226.22611019985771 -3.3993907351259622e-06 -226.22611707355148 -452.43301455697178 -678.47098072430595 -903.91794696386137 -1127.9150665630723 -1348.9693136042238 -1564.7153602064996 -1771.636081182256 -1964.7573592427452 -2137.3674083129272 -2280.8789885378278 -2385.0778943398391 -2439.1992040831396 -2434.4390771752264 -2367.6876982419567 -2240.6927028017981 -2058.4844996257634 -1829.8758484127411 -1560.336958723693 -1259.3986477083902 -948.4543015775721 -651.48194047380184 -390.62773835336208 -185.02494881933973 -50.997730465942936 -3.0335898985503462 -55.520858672058729 -225.32251894868892 -534.06763247317042 -726.22765051603346 760.88838731220187 557.05189904107806 228.88495173805782 50.551507585981483 5.7655637973758971 81.555692074388972 267.00635512727501 552.1598139814115 926.35565830516907 1375.7833854369537 1879.8209613301015 2405.4452938663726 2899.205940730159 3284.1458394136621 3521.5996833457111 3618.4705942343699 3577.7580310341023 3421.6866031615036 3190.5370355209679 2917.6858598031604 2626.0503125102823 2330.0043221232681 2037.8669092830337 1753.9254542963395 1479.8839908144937 1215.8413326608195 960.92847298427205 713.71221605811809 472.44357960339181 235.20583904265175 -1.1334861227396686e-06 -235.20584111218716 -472.44357928285291 -713.71221385269996 -960.92847129261816 -1215.8413300864515 -1479.8839840842329 -1753.925446361839 -2037.8669019786407 -2330.0043140710532 -2626.0503044664219 -2917.6858511164569 -3190.5370280219786 -3421.6865985423883 -3577.7580280001448 -3618.4705916388007 -3521.5996834311072 -3284.1458426104655 -2899.2059465238858 -2405.4452999514388 -1879.820966923427 -1375.7833925939949 -926.35566599758465 -552.15982213151335 -267.00636480698205 -81.555702281991813 -5.7655727311948084 -50.551514644890638 -228.88495792801743 -557.05190478140969 -760.88839235084333 351.82529022453741 188.47126478778921 -94.592174023292358 -288.67528914452106 -391.54325699447088 -402.09942548443513 -318.60574966682964 -137.69746435587592 146.15197651743387 540.72434435164666 1055.3181754902023 1697.7329500449694 2463.9596455028172 3294.8634917052741 3903.5617195336185 4048.2504287653192 3863.4639958159605 3552.9635073435375 3205.1099923744878 2857.1391660108552 2524.0380686169174 2210.5730687092964 1916.8582552574389 1641.0253996141323 1380.5009825859076 1132.5955245588702 894.75143961590175 664.62294899953781 440.07545125371342 219.14799244515444 -2.3839910063827574e-06 -219.14799749959803 -440.07545572189207 -664.62295416502207 -894.75144573970442 -1132.5955286986616 -1380.5009829448936 -1641.0253980710681 -1916.8582546215762 -2210.5730677336578 -2524.038065924221 -2857.1391611644426 -3205.1099868709944 -3552.9635029617702 -3863.4639928622328 -4048.2504255807189 -3903.5617160999677 -3294.863489409282 -2463.9596438240287 -1697.732947445239 -1055.318171765497 -540.7243398477716 -146.15197145067938 137.69746732462011 318.60575043232399 402.09942602036756 391.54325723119666 288.67528995992433 94.592174269843611 -188.47126649115305 -351.82529225536979 124.53307038321999 -5.7175812110673618 -254.32986100443878 -467.48325975096486 -627.89179357088267 -725.98595254537213 -753.58101255239421 -700.8387331345607 -553.94709420833726 -292.34707834639545 115.13713443227188 715.34330125179224 1573.4927549032411 2717.3960560894202 3651.8943623862428 3868.275280140133 3621.7534036085672 3272.2799246366194 2922.5444835149597 2597.27405071876 2299.05508117097 2024.1543899038584 1767.6524163593158 1525.0890475524861 1292.8666003476826 1068.2187304585941 849.05233102784496 633.77614904874827 421.15275827454582 210.18038561228175 -6.0980326850312849e-06 -210.1803982341446 -421.15277090856807 -633.77616304951016 -849.05234444290159 -1068.2187397998298 -1292.8666067047445 -1525.0890519573331 -1767.6524212101622 -2024.1543938580141 -2299.0550813180653 -2597.2740479382765 -2922.5444807266108 -3272.2799219941448 -3621.7534003572082 -3868.2752760344924 -3651.8943577620639 -2717.3960525203411 -1573.4927505813807 -715.34329579429527 -115.13712839067291 292.34708706028027 553.9471049522474 700.83874172994024 753.58101875360876 725.98595795000347 627.89179719679305 467.48326305529645 254.32986418550661 5.7175833374185316 -124.53306818410852
        </DataArray>
        <DataArray type="Float64" Name="von_mises_stress" format="ascii">
          35314.654901756076 33504.777978285929 30876.058099432685 29254.906948764969 28156.954503225537 27365.321882043165 26775.97402607368 26334.794305037787 26010.881811022271 25784.620025075703 25642.055912337986 25572.128196866648 25565.317804934264 25612.952575237585 25706.821089819226 25839.037222176528 26002.008989466121 26188.426490945796 26391.281859844352 26603.921759641096 26820.091195092584 27033.965830384932 27240.184983299107 27433.882270993126 27610.711568056937 27766.868176205095 27899.105912503099 28004.750827056519 28081.71207459673 28128.490251360152 28144.183334083387 28128.490250020557 28081.712071607548 28004.750822547354 27899.105906496894 27766.868168428213 27610.711562336157 27433.882271571769 27240.184991619903 27033.965850119639 26820.091217891066 26603.921774414324 26391.281871109502 26188.426505398995 26002.009006844979 25839.037238966826 25706.821107095806 25612.952599369291 25565.317832853347 25572.12822183036 25642.05593525722 25784.62003783961 26010.881814743556 26334.794313739043 26775.974038696255 27365.321890671567 28156.954508876006 29254.906948949738 30876.058092438958 33504.777966557631 35314.654887105207 23169.957018865483 23106.589345714765 23266.437410901148 23490.442853326906 23725.707271428138 23956.278558768681 24180.271048748538 24400.732102110505 24621.915761957767 24847.763738583351 25081.326612769735 25324.589730716591 25578.426744758493 25842.67023182807 26116.266728894672 26397.396250700567 26683.58343954938 26971.839609103456 27258.817433218268 27540.927616863879 27814.440860712177 28075.598670220432 28320.717533424093 28546.278054223028 28749.00036989541 28925.909135578695 29074.389931011072 29192.237460911732 29277.695286615341 29329.486779842511 29346.837180110375 29329.486775232926 29277.695280032389 29192.237453316469 29074.389922435192 28925.909126006169 28749.000358444562 28546.278040926776 28320.71752092156 28075.598666898717 27814.440864532178 27540.927618509093 27258.817434127577 26971.839613905406 26683.583448199828 26397.396260740683 26116.266739231654 25842.670247705617 25578.426766312397 25324.589754785273 25081.326639813578 24847.763756184308 24621.915768600673 24400.732116800769 24180.271069365535 23956.27857165051 23725.70728026882 23490.442860067036 23266.437413645344 23106.589346300156 23169.957018904883 9681.6275902819289 10755.192127052947 12947.057239965214 14854.865136245337 16519.943134822421 17982.562308381101 19277.636986273006 20434.43231899634 21477.117640078483 22425.429797039524 23295.264520590204 24099.216026661437 24847.210414136178 25546.936470593031 26204.051494275947 26822.509451725204 27404.949545601346 27952.941059708799 28467.073325233105 28947.156514369253 29392.464083525203 29801.88699860558 30174.044650279986 30507.389950863835 30800.314208587155 31051.244782298985 31258.728738593854 31421.499545173017 31538.527082266948 31609.052955201234 31632.613552212308 31609.052954693634 31538.527080768185 31421.499541170804 31258.728732251227 31051.244776408243 30800.314201306828 30507.389937666343 30174.044631472556 29801.886983629101 29392.464076948785 28947.156511000205 28467.073322595657 27952.941059411118 27404.949548351997 26822.509455720094 26204.051497322263 25546.936474603419 24847.21042187724 24099.216040623083 23295.264539338375 22425.429809203757 21477.117642968136 20434.432327375627 19277.637001350591 17982.562316949217 16519.943138074996 14854.865140879867 12947.057243941324 10755.192129539226 9681.6275923529429 4481.6257696938819 5290.9997575558764 7044.3357913656737 8901.0703345792608 10740.889554779964 12510.940094615729 14191.672687785987 15779.488800557192 17277.833048927892 18692.736380761664 20030.705004949243 21297.62800555017 22497.832744805397 23634.162054856726 24708.664414956176 25722.686827546135 26676.62128552053 27569.92285561586 28401.789762239103 29171.434857181725 29877.926158721686 30520.181262668328 31097.096157251373 31607.682002840116 32051.147800270643 32426.922930800498 32734.636835543311 32974.076436565963 33145.137457322438 33247.780046227614 33281.994519608466 33247.780049129971 33145.137461344653 32974.0764408287 32734.636839168117 32426.922934018839 32051.147802533254 31607.682003692098 31097.096156095704 30520.181260207126 29877.926156748465 29171.434854682062 28401.78975738072 27569.922848312472 26676.621278764156 25722.686821793926 24708.664409712834 23634.162048894817 22497.832737057794 21297.628001294503 20030.705005229112 18692.736379007729 17277.833045496707 15779.488800066274 14191.672691565793 12510.940099086994 10740.889556132259 8901.0703349437772 7044.3357904551949 5290.999754290694 4481.6257653405264 889.85017122452143 1806.2039192872314 3575.8085428098307 5249.7981808010372 6883.817650943316 8499.9029465864314 10106.868129901854 11708.024160363813 13303.304033371376 14889.54302041707 16460.741722712824 18009.357957919612 19528.505157044943 21010.49557521032 22445.551987296232 23823.293028224725 25134.262623979463 26371.415765390047 27528.723795273316 28600.138439901355 29580.432912098018 30465.94648385857 31254.742634548653 31946.362462316669 32541.416308257962 33041.166665723373 33447.171951581207 33761.010735927026 33984.082152532763 34117.46968527243 34161.854809104821 34117.469685809323 33984.082155313037 33761.010741089085 33447.171960478052 33041.166678362861 32541.416319259079 31946.362469388925 31254.742640813103 30465.946488563164 29580.432912948527 28600.138437981124 27528.723792759356 26371.415760113283 25134.262615638519 23823.293019318437 22445.551980755445 21010.495570815627 19528.505149876441 18009.357948862697 16460.74171662375 14889.543016955779 13303.30403164565 11708.024159986597 10106.868128398666 8499.902945373402 6883.8176491175518 5249.7981779971542 3575.8085409783484 1806.20391975086 889.85017333886947 1561.553100578958 1022.8295737927119 1224.6686157456882 2414.4279012502384 3699.3664191032581 5022.3667304114397 6400.9155169638634 7854.5929312464868 9395.9448189128871 11028.052691118142 12742.654799543385 14518.231917320036 16321.621532936224 18124.430429513402 19904.109651186001 21637.142565807389 23302.924821132139 24878.438175295658 26341.178302433218 27676.483883120152 28877.954807232796 29945.155208964999 30881.196132192352 31690.929478610095 32379.770550662925 32952.990014291783 33415.315713283911 33770.724869148959 34022.346432465907 34172.422629015367 34222.298662002242 34172.422629502173 34022.346435898195 33770.724875662687 33415.315723194384 32952.990027654138 32379.770563508158 31690.929488006921 30881.196139607175 29945.155215481118 28877.954810463965 27676.483882057306 26341.178301028882 24878.438175030515 23302.924818300442 21637.142559868076 19904.109648048019 18124.430431825338 16321.621536951001 14518.23191867035 12742.654799840402 11028.052693880305 9395.9448233281546 7854.5929369706173 6400.915523351212 5022.3667370737967 3699.3664256740585 2414.4279076323082 1224.6686240207116 1022.8295789346635 1561.5531001292031 1965.078794107018 1489.3143043140881 630.68462368318035 354.32318509050725 1084.8262598196436 1947.8822621213358 2933.509661747536 4074.9286416243094 5400.6122100723378 6932.7500832967653 8685.9548689062631 10660.986609586213 12825.36541811097 15073.919071938477 17310.040327659979 19484.847059508571 21528.207859156308 23385.863435074149 25045.7382985316 26515.47238790866 27808.992568360012 28940.828200842399 29924.052175796227 30769.725281345967 31486.915484456 32082.905626156557 32563.434650043462 32932.914693217142 33194.606304437504 33350.749523780418 33402.653680066498 33350.749525384133 33194.606307032038 32932.914696105829 32563.434652243624 32082.90562659705 31486.915482176795 30769.725278549278 29924.052173789903 28940.828198744202 27808.992565409037 26515.47238269134 25045.738292550326 23385.863430780555 21528.207855235327 19484.847053812158 17310.040323749781 15073.919071869084 12825.365422241408 10660.986614306057 8685.9548724376873 6932.7500885725549 5400.6122161954218 4074.9286492192846 2933.5096718352343 1947.8822723155963 1084.8262663738662 354.32318446497027 630.68462415411807 1489.3143100065736 1965.0788017935586 1163.7398006368494 1037.0036754619964 938.16853202525328 896.64950777754837 830.26876780896146 756.07984679861522 817.49055396193944 1184.0922000722055 1865.5695708840728 2838.3908262595751 4126.2043185072753 5793.3152101072847 7946.3118831720012 10711.675129376948 13771.484859229589 16563.417902112033 18954.369959964864 21029.86350881297 22847.211996882033 24444.086390716609 25847.098360615131 27075.9756148858 28145.774655900335 29068.176886002631 29852.317149730745 30505.345472215053 31032.820259333654 31438.986881897654 31726.974286507862 31898.930628186543 31956.111669134581 31898.930628821825 31726.974286777451 31438.986879407094 31032.820253814119 30505.345465419414 29852.317141819771 29068.176877713962 28145.774649360534 27075.975609024499 25847.098355032398 24444.086385759998 22847.211992483186 21029.863504903198 18954.369956441478 16563.417897315518 13771.484854087807 10711.675125931637 7946.3118811624217 5793.315208811805 4126.2043177083733 2838.3908268101568 1865.5695741956708 1184.0922066802805 817.49055695156869 756.07984276545437 830.26875861663859 896.64950037420351 938.16852603428629 1037.003673803541 1163.739803034686 585.58896808286488 639.82374883142461 868.57856293762177 1074.3618967244677 1223.6938680485653 1313.7270239677346 1346.7790989757409 1333.5908721624844 1318.4097260307337 1432.4465887907481 1906.1008224264465 2951.2074866122275 4791.8184306223066 7817.988215155292 11483.521772861248 14709.000737141787 17349.468787752365 19611.0821033916 21580.417795964084 23304.836351424598 24815.68144961046 26135.733996432733 27282.341014263588 28269.001153932226 29106.309336723378 29802.58312316173 30364.301294636945 30796.417422250182 31102.583815581012 31285.307894565289 31346.055191926989 31285.307891765522 31102.583813359233 30796.417419726855 30364.301289340034 29802.583117145903 29106.309331920907 28269.001149154035 27282.341011183686 26135.733992726244 24815.681444002686 23304.836344824336 21580.417789016228 19611.082096718135 17349.468781283231 14709.00072920765 11483.521764588542 7817.9882105939441 4791.8184265830323 2951.2074845419857 1906.100826669425 1432.4466029340524 1318.4097517070809 1333.5908951703946 1346.7791127021969 1313.7270327484466 1223.6938705612288 1074.3618988570956 868.57856430758841 639.82374689083156 585.58896585212096
        </DataArray>
        <DataArray type="Float64" Name="strain_2d" NumberOfComponents="3" format="ascii">
          0.040907407439242871 -0.14896899878385508 -0.099367631961875064 0.041505529928848303 -0.14552895983249453 -0.07558260716956286 0.041597360115111837 -0.13896419799998361 -0.036758772514832096 0.040237093534957968 -0.13317815194194521 -0.012003956506209647 0.038506845812848703 -0.12833316150360158 0.0040423949333868118 0.036867737991773675 -0.1244099546075241 0.014471256518458073 0.035505154178079736 -0.12132688319947744 0.021154979730747286 0.034478713470410066 -0.11898590612532609 0.025277042455527469 0.033790267935800991 -0.11729006654402158 0.027613370372634401 0.033415773807844266 -0.11614959847665987 0.028688806067128689 0.033320546627447323 -0.11548343649650838 0.028867722344935679 0.033466591101042484 -0.11521892719783963 0.028408474286881959 0.033816104908022317 -0.11529115104388592 0.027497752694182601 0.034333149464901215 -0.11564202178606386 0.026272348787099234 0.034984259515217365 -0.11621924669252327 0.024833105845371725 0.035738531597024906 -0.11697560588799188 0.023254930465112643 0.036567717042745709 -0.11786839682928199 0.021593691531567087 0.037446048810341068 -0.11885886604165866 0.019890705449324114 0.038349946635548207 -0.11991175099751301 0.018176126799594315 0.039257984376280995 -0.12099501175226324 0.016471680491793129 0.040150780810447165 -0.12207960478646623 0.014792475887613524 0.041010813918375161 -0.12313927690536242 0.013148288653004851 0.041822325999391174 -0.12415042640161442 0.011544670148721976 0.04257127909648073 -0.12509201682788557 0.0099838390664048586 0.043245323672490329 -0.12594552408170562 0.0084653588648362296 0.04383377303622274 -0.12669490514216972 0.0069866614497130341 0.044327585833868401 -0.12732658192999607 0.0055434743328802213 0.044719357946929189 -0.12782943587998935 0.004130185650958366 0.045003322379689334 -0.12819480961449056 0.0027401647103824419 0.045175353474279471 -0.12841651242815011 0.0013660482382015116 0.045232972741117816 -0.12849082663923278 -6.608966428593363e-11 0.045175353437445734 -0.12841651242151919 -0.0013660483734008952 0.045003322302245949 -0.12819480959978585 -0.0027401648408811345 0.044719357826609546 -0.12782943585761281 -0.004130185784111352 0.044327585658898556 -0.12732658189946855 -0.0055434744877722059 0.043833772865421686 -0.12669490510368736 -0.0069866615473856203 0.043245323517907205 -0.12594552405343451 -0.0084653588975079821 0.042571278982288137 -0.12509201682863558 -0.009983839081798656 0.041822325940309581 -0.12415042643876698 -0.011544670140264068 0.041010813846218866 -0.12313927698798663 -0.013148288793924334 0.040150780714901621 -0.12207960487533354 -0.014792476161558809 0.039257984328052706 -0.12099501180809399 -0.016471680686211139 0.038349946625537673 -0.1199117510413214 -0.018176126923612188 0.037446048807372539 -0.11885886609858629 -0.019890705586547808 0.036567717059037184 -0.1178683968981173 -0.021593691689477036 0.035738531626437593 -0.11697560595630829 -0.023254930591155222 0.034984259549063729 -0.11621924676621812 -0.024833105926495319 0.034333149518892637 -0.11564202188835482 -0.026272348908848879 0.033816104973112229 -0.11529115115892913 -0.027497752871298527 0.033466591208075602 -0.11521892730267701 -0.028408474457032287 0.033320546780223878 -0.11548343659444149 -0.028867722524651862 0.033415773910776644 -0.11614959853139567 -0.02868880618095563 0.033790267993633501 -0.1172900665653541 -0.027613370366909293 0.034478713580662498 -0.11898590617436076 -0.025277042425516018 0.035505154339494652 -0.12132688326712016 -0.021154979725173544 0.036867738161261578 -0.12440995465745086 -0.014471256499122283 0.038506845979444031 -0.12833316153881558 -0.0040423949035095358 0.040237093637890659 -0.13317815194770724 0.012003956528708205 0.041597360168898798 -0.13896419796925835 0.036758772536990419 0.041505529946777767 -0.14552895977995878 0.075582607164364268 0.040907407419479964 -0.1489689987181291 0.099367631936047696 0.0229803207740935 -0.089550849837763902 -0.09135938839476293 0.026263906032395357 -0.093887764359779316 -0.078190174346505645 0.03158975837365368 -0.10077557600970499 -0.054789910275093105 0.034910250917386421 -0.10488341043989738 -0.036633457696862187 0.037005163106062298 -0.1074414439122513 -0.022577645144949934 0.038367128739491017 -0.10913870035022762 -0.011717507559176964 0.039305761728263874 -0.11037349286626508 -0.0033577286793991324 0.040015582799943189 -0.1113810631856938 0.0030329273097361915 0.040618403255392524 -0.11230150096143593 0.0078621334401266334 0.041189521623348199 -0.11321736551482615 0.011445458774583979 0.041774015777120942 -0.1141753553324939 0.014029686259929825 0.042397041595117216 -0.11519923205303871 0.015809691751902694 0.043070486583580009 -0.11629757271018976 0.016940348581118939 0.043797130479901962 -0.11746876245951798 0.01754585448323789 0.044573519533299584 -0.11870445718222543 0.017726806697568546 0.045392178543963331 -0.11999178239351005 0.017564767511529293 0.046242744769225456 -0.12131478792601841 0.017125998438458721 0.04711294003762187 -0.12265558945592266 0.016464681540211815 0.047989600673355309 -0.12399530559122626 0.015625244360973102 0.048859078747431554 -0.12531468321544215 0.014643947846519938 0.049707564555958109 -0.1265945473991143 0.013550307378001407 0.050521533965522045 -0.12781622501792475 0.012368372751673707 0.051288080100979051 -0.12896191931782586 0.011117689261338815 0.051995137906301489 -0.13001501128281562 0.009814041004329593 0.052631657206442965 -0.13096030007753792 0.0084700764965538848 0.053187752550435674 -0.13178420285261688 0.0070958604718223727 0.053654836052910687 -0.13247492644770284 0.0056993654411787876 0.054025731230418123 -0.13302261500510124 0.0042869084092935512 0.054294765270124501 -0.13341947308242261 0.002863539377035491 0.054457838536855721 -0.13365986269203856 0.0014333910590494114 0.054512472663625258 -0.13374037307966524 -4.7978371872214182e-11 0.054457838503419745 -0.13365986267240654 -0.0014333911213045571 0.054294765203630795 -0.13341947305569052 -0.002863539407781686 0.054025731110405519 -0.13302261497674694 -0.0042869084504810768 0.053654835871805716 -0.13247492641812003 -0.0056993654917038552 0.053187752394759626 -0.13178420281746139 -0.0070958604669986956 0.052631657078005142 -0.13096030003315165 -0.008470076433770039 0.051995137784769177 -0.13001501123105536 -0.0098140408839259164 0.05128808001429274 -0.12896191927013434 -0.011117689078287408 0.050521533874095803 -0.12781622500810094 -0.012368372724397048 0.049707564445512241 -0.12659454741780005 -0.01355030748711532 0.048859078693416658 -0.12531468322523404 -0.01464394785278135 0.04798960067480057 -0.12399530559893451 -0.015625244286116519 0.047112940039508514 -0.12265558948055302 -0.016464681492532357 0.046242744777423364 -0.12131478796707806 -0.017125998415691158 0.045392178561903467 -0.11999178244151497 -0.017564767474602505 0.044573519552735245 -0.11870445723236708 -0.017726806647095781 0.043797130519929117 -0.1174687625316195 -0.017545854489462321 0.04307048664175183 -0.11629757280455667 -0.016940348653479761 0.04239704167327768 -0.11519923215711084 -0.01580969185864697 0.041774015881651347 -0.1141753554482009 -0.014029686415238199 0.041189521690990279 -0.1132173655914996 -0.011445458861826385 0.040618403271475007 -0.11230150099214002 -0.0078621334243235384 0.040015582881522495 -0.11138106325184123 -0.0030329273499318582 0.039305761877996656 -0.11037349296113647 0.0033577285584942404 0.038367128854266824 -0.10913870041331186 0.011717507454252813 0.037005163187984171 -0.10744144395965274 0.02257764506528186 0.034910250985796781 -0.10488341047929156 0.036633457644415321 0.031589758421694397 -0.10077557602785334 0.054789910259473815 0.026263906045504326 -0.093887764365533602 0.078190174340516283 0.022980320763797857 -0.089550849839712274 0.091359388387020457 0.0049314173143178517 -0.026685022678289788 -0.057400965481681526 0.0092207715007016754 -0.034426218763868387 -0.057338286507247815 0.017309454198066048 -0.048674971231034744 -0.055131017113113918 0.024334430400736486 -0.060586428338120335 -0.049813898215759433 0.030248793976885537 -0.070482694527566794 -0.043064871765595279 0.035167231764740625 -0.078739749130096112 -0.035867965735916989 0.039252233470263409 -0.085697280248355739 -0.028785001212818878 0.042665732985548876 -0.091636814056661658 -0.022125349569401292 0.045550847466162489 -0.096783021025814361 -0.016048514695466389 0.048026878752099753 -0.10131162908895409 -0.010625593777778426 0.050189778055866691 -0.10535807622662974 -0.0058760264482427011 0.05211456501012781 -0.10902532086347244 -0.001789062327409515 0.053858356510525396 -0.11239104450024395 0.0016644284926807702 0.055463928777804213 -0.11551280920279959 0.0045224517386372991 0.056962227586428646 -0.11843157217864186 0.0068260327658877335 0.058373743941985752 -0.12117525483482414 0.0086183968973894028 0.059711493603139085 -0.12376182952959185 0.0099434633631247694 0.060982998674120673 -0.12620152752083252 0.010843811610016303 0.062190492013227211 -0.12849826558561833 0.011359849125154534 0.063332437834663094 -0.13065112464186163 0.011530359677853898 0.064405109525623422 -0.1326558481987038 0.011392683350198687 0.065403251383496383 -0.13450593873677261 0.010982267166805721 0.066320561717901932 -0.13619344808309178 0.010332521003288282 0.06715020271944265 -0.13770963436412328 0.0094749664983503502 0.067885292371063 -0.13904554876858174 0.0084394696411975532 0.068519316682101788 -0.14019254925437605 0.0072544471086725144 0.06904643762914342 -0.14114272606142192 0.0059470312803587867 0.069461702308386025 -0.14188923345217713 0.0045432193715032217 0.069761173269022453 -0.14242653365597968 0.0030680360917061432 0.06994200271501369 -0.14275056573234179 0.0015457287630180907 0.070002470798676802 -0.14285885364200987 -2.9316608602530936e-11 0.069942002702585493 -0.14275056573200925 -0.0015457287471938275 0.069761173246367603 -0.14242653365296698 -0.0030680360297728661 0.069461702242373441 -0.14188923344402762 -0.0045432193404663264 0.069046437515781073 -0.1411427260499083 -0.0059470312435407 0.068519316601304531 -0.14019254924010272 -0.0072544470542039189 0.067885292310904621 -0.13904554874455513 -0.0084394695738878207 0.067150202641946266 -0.13770963431631872 -0.0094749663530727512 0.066320561637069786 -0.13619344801100192 -0.010332520783330938 0.065403251302660517 -0.13450593868054006 -0.010982267049902288 0.064405109449147568 -0.13265584817979842 -0.011392683325706431 0.063332437802129812 -0.13065112463405809 -0.011530359579204492 0.062190492026971154 -0.12849826557663682 -0.011359848949241139 0.060982998678550421 -0.12620152752432159 -0.010843811441881993 0.059711493600433221 -0.12376182954786095 -0.0099434632215431341 0.058373743948878939 -0.12117525485674734 -0.0086183967692741621 0.056962227591860426 -0.11843157219515232 -0.0068260326530220116 0.055463928784464954 -0.1155128092224479 -0.0045224516609175727 0.053858356534586253 -0.11239104453441007 -0.0016644284463572063 0.052114565042704494 -0.10902532092641218 0.0017890623065611702 0.050189778088234126 -0.105358076314605 0.0058760263619500111 0.048026878762019325 -0.10131162914728646 0.01062559375896828 0.045550847449864443 -0.096783021039932832 0.016048514730353253 0.042665733024376096 -0.091636814099141109 0.022125349494980968 0.039252233567655864 -0.085697280330757977 0.028785001051591333 0.035167231803882107 -0.078739749191546304 0.035867965601994282 0.030248793964150582 -0.07048269456966047 0.043064871660493456 0.024334430422070629 -0.060586428385724408 0.049813898136262719 0.017309454226606642 -0.048674971271519853 0.055131017068943584 0.0092207715084197082 -0.034426218793652 0.057338286484764536 0.0049314173210968093 -0.026685022708838949 0.057400965462031675 0.0039946561292789765 -0.015913629801381425 -0.020955931716916926 0.0064838995483981563 -0.019864998730846749 -0.022577429644206958 0.011592425750326527 -0.028222460775323567 -0.025179801470861549 0.016836936785507402 -0.03712385797867962 -0.026344911194130918 0.02200009996589955 -0.045997173511394755 -0.025993358165222209 0.026935381661922678 -0.054534561914536213 -0.024356517377107059 0.031567216104132129 -0.062595942376592648 -0.021754050336941774 0.035871023472465298 -0.070138359907531797 -0.018499192161041379 0.03985335180104875 -0.077170815017773675 -0.014863832196736903 0.043537130334939063 -0.083727347049515982 -0.011069965004693684 0.046952098881109093 -0.089851696495370101 -0.0072925339975731338 0.050129065110193965 -0.095588049022949401 -0.0036677352349808543 0.053096069188272338 -0.10097392389416891 -0.00030245799890359136 0.055874660759463506 -0.10603939832703443 0.0027278150725765413 0.058480574651382303 -0.11080889825173815 0.0053757928652254944 0.060927695418856398 -0.11530026596881481 0.0076099184896470445 0.06322449189582699 -0.11952428950159817 0.009411826790878897 0.065372494713899165 -0.12348524784036072 0.010777182316342015 0.067372032739208582 -0.12718334568663162 0.011715058339275575 0.069223113193508004 -0.13061643525294642 0.012243515776975356 0.070923789641284651 -0.13378019570608599 0.012385827839964903 0.072470653513338687 -0.13666848370418949 0.012169943328772487 0.073859976232633379 -0.13927416012868482 0.011628126403738623 0.075088574332103336 -0.14158999035448358 0.010795973695567463 0.076154213467679199 -0.14360932580446412 0.0097110936672394951 0.077055650956582983 -0.14532649108161508 0.0084118375885862996 0.077792466255635573 -0.14673692268655333 0.0069363148201901327 0.078364800790040823 -0.14783714327771466 0.0053217738143882488 0.078773087089787266 -0.14862465076045203 0.0036043356069107133 0.079017812880280189 -0.14909778246068353 0.0018190214097986552 0.079099343483528761 -0.14925559475440842 -1.4027286331184247e-11 0.079017812883520708 -0.14909778247453787 -0.0018190214025238056 0.078773087106580347 -0.14862465077717557 -0.0036043355788055237 0.078364800802629489 -0.14783714329659914 -0.0053217737932876961 0.077792466264583193 -0.14673692270339389 -0.0069363147856520788 0.077055650990313473 -0.14532649109112702 -0.0084118375537865116 0.07615421349624199 -0.1436093258110395 -0.0097110936109222785 0.075088574344221823 -0.14158999035992276 -0.010795973569410821 0.073859976224948637 -0.13927416012946744 -0.011628126256908268 0.072470653495684378 -0.1366684836996484 -0.012169943218381517 0.070923789631116702 -0.1337801957013828 -0.012385827759824468 0.069223113179102388 -0.13061643524622901 -0.012243515705927684 0.06737203273430338 -0.12718334566679756 -0.011715058245390726 0.06537249469643977 -0.12348524781066716 -0.010777182227583421 0.063224491867026444 -0.11952428947510654 -0.0094118267569220128 0.06092769540388155 -0.11530026594341193 -0.0076099184846172953 0.058480574635559973 -0.11080889822861892 -0.0053757928818876722 0.0558746607247088 -0.10603939830426422 -0.0027278151180220441 0.053096069149478189 -0.10097392386383931 0.00030245795412479638 0.050129065085965159 -0.095588049007972881 0.0036677351615931626 0.046952098864740291 -0.089851696503407769 0.0072925338980496992 0.04353713031025036 -0.083727347049294867 0.011069964939159752 0.039853351788000986 -0.077170815006925908 0.014863832148679264 0.035871023488837292 -0.070138359908556894 0.018499192096983755 0.031567216139271562 -0.06259594239603411 0.021754050286242152 0.026935381680835931 -0.054534561937733567 0.02435651735551907 0.02200009996133373 -0.045997173518580216 0.025993358167246287 0.016836936786120041 -0.037123857979039762 0.026344911199481385 0.011592425745315677 -0.028222460771196188 0.025179801469746466 0.0064838995355157658 -0.019864998715060336 0.022577429638144644 0.0039946561172617004 -0.015913629782143258 0.020955931702719324 0.0022605256056308382 -0.0037600709400870324 -0.0019168644265741335 0.0042379422016380472 -0.0078137377619104335 -0.0034495186830155338 0.0081075189801933286 -0.015654680673288311 -0.0060821742530953208 0.011880332697151825 -0.023148474883008772 -0.0078120285510427847 0.015659873485930724 -0.030541787062048974 -0.0085716105269437824 0.019480534938844236 -0.037905014091146341 -0.0083473250107291806 0.023341106707503601 -0.045239520048036344 -0.0072136243211477942 0.027226851436099819 -0.052525488208903674 -0.00531396896342929 0.031119626013955959 -0.059739161355402075 -0.0028325959875960408 0.035000569314356758 -0.066856452874873226 3.1078682443905995e-05 0.038849527065050654 -0.073852708186750368 0.0030845721586905584 0.042644588375343281 -0.08070498961910097 0.0061611700349618933 0.046364544998210966 -0.087397769475171347 0.0091270668268174527 0.04999381711434512 -0.09391231162369057 0.011851596861351297 0.053515508115193039 -0.10021952357052491 0.01421721202611202 0.056897206914081525 -0.10628697111164051 0.016152112443439365 0.060107828596144823 -0.11208209305749596 0.017618004488038127 0.063132415394644481 -0.11757673408123334 0.018599069375744501 0.065955499998383044 -0.12274487010749599 0.019091312104603023 0.06855616456736903 -0.1275589766490155 0.019103302257916645 0.07091660705525156 -0.13199247408470982 0.018662973085806035 0.07302648225267494 -0.13602338769887257 0.01781414047491894 0.074883161602482706 -0.13963615321946637 0.01660937549196078 0.07649012204900435 -0.14282156813199148 0.015103648910071977 0.077854852846544864 -0.14557569394652556 0.01335001020470003 0.078986921606464561 -0.14789838848145859 0.011397198834964782 0.079896419749493908 -0.14979186599611369 0.0092887035255083475 0.080592809531295689 -0.15125946773883708 0.007062787318035342 0.081084117173355813 -0.15230469892117654 0.0047531070761222581 0.08137639726855371 -0.15293052634882981 0.002389674507080075 0.08147340093220122 -0.15313890826164495 -2.0455648026135309e-11 0.081376397261076594 -0.15293052635287629 -0.0023896745564046585 0.081084117195139513 -0.15230469892986584 -0.004753107108416226 0.080592809569020513 -0.15125946775618571 -0.0070627873249011191 0.079896419819452696 -0.14979186602501199 -0.0092887035293925876 0.078986921721542883 -0.14789838851919007 -0.011397198831468253 0.077854852947135567 -0.14557569398147768 -0.013350010140513163 0.076490122118431952 -0.14282156815748007 -0.01510364877654647 0.074883161668105422 -0.13963615324123069 -0.016609375383594135 0.07302648231620662 -0.13602338771180686 -0.017814140403606564 0.070916607098961401 -0.13199247408276638 -0.018662973018905963 0.068556164578487663 -0.12755897663985133 -0.019103302206415748 0.065955500005724976 -0.12274487009419678 -0.019091312087192152 0.063132415392993149 -0.11757673405326594 -0.018599069402530727 0.060107828575782105 -0.11208209301610506 -0.01761800455049475 0.056897206888624076 -0.10628697106792881 -0.016152112518534198 0.053515508081732492 -0.10021952353817748 -0.014217212148378927 0.049993817068328728 -0.093912311602126083 -0.011851597054279673 0.046364544936593817 -0.087397769444193613 -0.0091270670328370031 0.042644588310320877 -0.080704989581865061 -0.0061611702332633259 0.03884952701413117 -0.073852708163808983 -0.0030845723654291906 0.035000569273191277 -0.066856452866261004 -3.107889185645623e-05 0.031119625995986489 -0.059739161354102323 0.0028325957982178549 0.02722685144614783 -0.052525488211212404 0.0053139688079203553 0.023341106713074888 -0.045239520047245532 0.0072136241972929399 0.019480534940038333 -0.037905014094274596 0.0083473249025371385 0.015659873493671202 -0.030541787058471812 0.0085716104628402422 0.011880332702728745 -0.02314847487047067 0.007812028530546293 0.0081075189737370434 -0.015654680666226762 0.0060821742468149254 0.0042379421912530756 -0.0078137377645465453 0.0034495186956431593 0.0022605255966386055 -0.0037600709501572184 0.0019168644474136876 0.00038084056285586903 0.0038052757603068768 0.0094409594421172235 0.0013723057641304402 0.00087048901987966248 0.0069428791830886474 0.0034238342706692086 -0.0049902802384185702 0.002929192660698068 0.005627736758491193 -0.010841580250442651 0.00072177104020132183 0.0080164167876897469 -0.016734338073902167 3.9436496409752503e-05 0.010621626890092519 -0.022753439725041829 0.00066297028558668107 0.013468193215410824 -0.028974349549046447 0.0024053241284806752 0.016572961676496814 -0.035454966966859874 0.0050781603992484294 0.019945580005156935 -0.042235591824207136 0.0084692650107514034 0.023587574323602114 -0.049336232020393826 0.01232990569319695 0.027487587242335344 -0.056747192438989603 0.01637218221028746 0.031611949866143317 -0.064413495861927642 0.020284380261886403 0.035893130322074335 -0.072229106239027285 0.023788385829200683 0.040229762230480401 -0.080095354874788527 0.026760298322514052 0.044520011565781031 -0.087930861674992492 0.029129005036959359 0.048715728799676117 -0.095640209941300666 0.030779940044217271 0.052775437641024867 -0.10312987837605271 0.031647707968900346 0.056599850972520585 -0.11029639034206398 0.031709589609640612 0.060088513561621947 -0.11703019413196571 0.031006012633057523 0.063189044319997875 -0.12324466037350507 0.029651426907143716 0.065890594493666091 -0.12888737257831118 0.027785776360070218 0.068208227912873426 -0.13393574574691994 0.025541845716537608 0.07017025243956182 -0.13838810673733956 0.023031269113200893 0.071809839227128636 -0.1422554208216289 0.020341299761687547 0.073160018999892551 -0.14555506255855033 0.017536601123753874 0.074250942682520985 -0.1483065737995713 0.014662895861391342 0.075108538571779737 -0.15052895408039479 0.011750933296408134 0.075753973665326227 -0.15223901587016328 0.0088201227319143517 0.076203539850529731 -0.1534504336569108 0.0058816291364037834 0.076468731283130725 -0.1541732227205371 0.0029409394325981501 0.076556374235732888 -0.15441347203519051 -4.4192079574727205e-11 0.076468731264369261 -0.1541732227255414 -0.0029409395219561689 0.076203539863942654 -0.1534504336705973 -0.005881629189240632 0.075753973705212391 -0.15223901589468797 -0.0088201227494159769 0.075108538641781727 -0.15052895411617026 -0.011750933310530195 0.074250942789991448 -0.14830657384577151 -0.014662895865319936 0.073160019095499407 -0.14555506260661571 -0.017536601076854907 0.071809839292935856 -0.14225542086030032 -0.020341299682684492 0.070170252508606701 -0.13838810676484015 -0.02303126905536932 0.06820822799520887 -0.13393574576699674 -0.025541845670155685 0.065890594552961021 -0.12888737258731084 -0.027785776308068052 0.063189044356583318 -0.12324466036632981 -0.029651426850991758 0.060088513585401668 -0.11703019412091276 -0.031006012626417903 0.056599850982320649 -0.1102963903338551 -0.031709589653080808 0.05277543764052773 -0.1031298783577257 -0.031647708003277937 0.048715728784155407 -0.095640209910201029 -0.030779940077145435 0.044520011539420298 -0.087930861651176542 -0.029129005136423372 0.040229762202481339 -0.080095354868812946 -0.026760298495134921 0.035893130290591109 -0.072229106238758251 -0.02378838602936563 0.031611949821447015 -0.064413495851306082 -0.020284380463408008 0.027487587194202988 -0.056747192424503462 -0.016372182420209068 0.023587574283356609 -0.04933623201793836 -0.012329905920508437 0.019945579990247111 -0.04223559183108818 -0.0084692652261594229 0.016572961691045971 -0.035454966981480776 -0.0050781605985937058 0.013468193225603864 -0.028974349571842483 -0.0024053243346514159 0.010621626893734967 -0.022753439754298888 -0.00066297049605725813 0.0080164168206846957 -0.016734338100587755 -3.9436668681154725e-05 0.0056277368098517477 -0.010841580268429761 -0.00072177116273676337 0.0034238343032900204 -0.0049902802514376152 -0.0029291927463329552 0.0013723057822308052 0.00087048900343450854 -0.006942879222151214 0.00038084058084198727 0.0038052757378636178 -0.0094409594567084337 -0.0013385069232007467 0.0065734058346237495 0.0098915490350586222 -0.0013923095501954456 0.0051600693253741918 0.007241674687534015 -0.0012467363219716276 0.0021796861549848914 0.002975504372594751 -0.00063297960985902492 -0.001120163059091872 0.00065716959861775908 0.00038596365349162812 -0.0047582629693142826 7.4952329365886652e-05 0.0017715269181204896 -0.0087591618646201026 0.001060223996967057 0.0035059143117368683 -0.013170934465591571 0.003471082616654575 0.0055903730558714022 -0.01806616135689712 0.0071780775817583478 0.0080453295933571867 -0.023541706415180753 0.012042623557967196 0.010911268287481558 -0.029718453211329279 0.017885184010680396 0.014247702969823133 -0.036735926598401365 0.024437672497291316 0.018124386446550823 -0.044727528874307289 0.031270788820262838 0.022589403913698514 -0.053732910291456264 0.037689677229492055 0.02758827342361015 -0.063480749067125447 0.0426938959123776 0.03293927848021825 -0.073570494144431689 0.045780795883494242 0.038256755761407094 -0.083697648892431142 0.0470401177250468 0.043068493413102746 -0.093490947719054293 0.046510854403443325 0.047145334559697931 -0.10259925832424915 0.044481925841099543 0.050498026990968059 -0.11084216839091141 0.041476981461772575 0.053220622526534138 -0.11817731917891841 0.037929916177441084 0.05542196462697007 -0.12463310851516721 0.034138654062633667 0.057200690091078546 -0.13026598802888006 0.030290056187602478 0.058638118848291079 -0.13513863297930095 0.026492269820679433 0.0597981773242749 -0.13930998672472134 0.022801030905852407 0.060729737002642406 -0.14283136917888181 0.019238491880588415 0.061469451696083179 -0.14574547835119364 0.015805937324590652 0.062044355447635875 -0.14808665344731331 0.012492070148795536 0.062473989002196154 -0.14988159107802607 0.0092782588087555341 0.062772028992262266 -0.15115013008346712 0.0061417665348440917 0.062947466455325465 -0.1519059324673615 0.0030576759075544718 0.063005395860885327 -0.15215699005712358 -1.473531962680602e-11 0.062947466457610693 -0.15190593247451639 -0.0030576759344584327 0.062772029000779855 -0.15115013009508255 -0.0061417665306770864 0.06247398902538677 -0.14988159109050786 -0.0092782587800850982 0.062044355475036415 -0.14808665345621114 -0.012492070126804035 0.061469451725134239 -0.14574547835225407 -0.015805937291123867 0.060729737020786691 -0.14283136917100819 -0.019238491793095024 0.059798177328479342 -0.13930998671749339 -0.022801030802703903 0.058638118853471512 -0.13513863297634282 -0.026492269725722325 0.057200690107795306 -0.1302659880264094 -0.030290056082923688 0.055421964646017445 -0.12463310850981268 -0.034138653958063481 0.053220622552416628 -0.11817731916443167 -0.03792991606451393 0.050498027012761834 -0.11084216837289426 -0.041476981364285709 0.047145334567812322 -0.1025992583119488 -0.044481925781051042 0.043068493413203707 -0.093490947706952293 -0.046510854364001875 0.038256755755278461 -0.083697648871666142 -0.047040117691304409 0.032939278476634345 -0.073570494124629071 -0.045780795884604382 0.027588273420816455 -0.063480749056346097 -0.042693895953936037 0.022589403908409002 -0.053732910292915187 -0.037689677304810508 0.018124386439239581 -0.044727528877817765 -0.031270788899368698 0.014247702958738759 -0.036735926598368954 -0.024437672570004544 0.010911268279412278 -0.029718453216441999 -0.017885184103721932 0.008045329605765341 -0.023541706425627154 -0.012042623657968599 0.0055903730942771174 -0.018066161378501283 -0.0071780776877096719 0.0035059143568381889 -0.013170934503248443 -0.0034710827424907663 0.0017715269694814966 -0.0087591619118436853 -0.0010602241296658935 0.00038596372705519265 -0.0047582630172681717 -7.4952445505532404e-05 -0.00063297953420126936 -0.0011201630993570169 -0.00065716969038357798 -0.0012467362699265143 0.0021796861278838855 -0.0029755044530642258 -0.0013923095185657077 0.0051600693181637286 -0.0072416747621583252 -0.0013385068970642728 0.0065734058412514739 -0.0098915491005609618 -0.001689334297209097 0.0045251096875415127 0.0045737287729189858 -0.002142572092435218 0.0044509775702417263 0.0024501264422412592 -0.0026861636184022518 0.0039877311062053271 -0.0012296982623028003 -0.0025920641341432979 0.0029679052533213802 -0.0037527787588787732 -0.0020167246982260383 0.0015001688899240174 -0.005090062340928121 -0.0010821326798527283 -0.00036533956977193483 -0.0052272925312976557 0.00011829031723458605 -0.0026171708307516288 -0.0041418747456687839 0.0015192611125099849 -0.0052828800281521969 -0.0017900670366263866 0.0030861178034737799 -0.0084373899099742002 0.0018999756947266396 0.0048210271782146092 -0.012219790773738805 0.0070294164765714049 0.0067755463406052405 -0.016864320321991394 0.013719136281372626 0.0090755416123523055 -0.022759531539737868 0.022070528350584599 0.011976681333475916 -0.030573918264802526 0.032031475391536626 0.015903370196138501 -0.041359200659446455 0.04283322539216855 0.020477960209319697 -0.054758083655122657 0.050746302353937039 0.024553842906393536 -0.068507465504830778 0.052627255573949136 0.027666459930489423 -0.080958688863859998 0.050225031945607478 0.030003690623348591 -0.091776824628168024 0.04618852559546599 0.031809418334591222 -0.10110405873531496 0.041666429900868329 0.033258380836284185 -0.10915190809836814 0.037142809158141117 0.03446137342044947 -0.11610659179354248 0.032812494892019921 0.035485275085992973 -0.1221149176901698 0.028737449893220843 0.036368980325991764 -0.12728861929555013 0.024919157318346704 0.037134132863234998 -0.1317118140263446 0.021333330194983718 0.037792005725694869 -0.13544769847042945 0.017946512773616793 0.038347818696319869 -0.13854373283936228 0.01472374181926531 0.038803414709953521 -0.14103542679652703 0.011631768715006721 0.039158902453891975 -0.14294902174280974 0.0086400983369939888 0.039413652831411197 -0.14430334909947024 0.0057209808662982741 0.039566892309203884 -0.14511108136810391 0.0028489239017870072 0.039618042323021296 -0.14537952889790104 -3.0991883104986018e-11 0.039566892340821093 -0.14511108137321438 -0.0028489239674947741 0.03941365284182681 -0.14430334910074311 -0.0057209809243845963 0.039158902451954733 -0.14294902173011387 -0.0086400984041452855 0.038803414697956007 -0.14103542676859374 -0.011631768794616155 0.038347818664909356 -0.13854373280443033 -0.014723741873082598 0.037792005681828313 -0.13544769843137158 -0.017946512778283616 0.037134132810637113 -0.13171181398636572 -0.021333330174923885 0.036368980259772379 -0.12728861926193427 -0.024919157310080486 0.03548527502575443 -0.1221149176607276 -0.028737449880537547 0.034461373381184268 -0.11610659176938355 -0.032812494857014859 0.033258380829563797 -0.1091519080830923 -0.037142809095137744 0.031809418346503707 -0.10110405872613956 -0.041666429829322914 0.030003690636017766 -0.091776824620529662 -0.046188525538503007 0.027666459929886922 -0.080958688855505723 -0.05022503190720902 0.024553842899863544 -0.06850746549244395 -0.052627255532549336 0.020477960226536043 -0.054758083642920188 -0.050746302309299572 0.015903370224051253 -0.041359200651118262 -0.042833225362320655 0.011976681349332859 -0.03057391826159362 -0.032031475369712362 0.0090755416299201346 -0.022759531544123999 -0.022070528316788105 0.0067755463677326832 -0.016864320331115835 -0.013719136232951458 0.004821027218356185 -0.012219790787120802 -0.0070294164180210277 0.0030861178680464067 -0.0084373899297765752 -0.0018999756288588308 0.0015192611943891264 -0.0052828800593444965 0.0017900670752200613 0.00011829039318936942 -0.0026171708665271641 0.0041418747556202107 -0.0010821326021061932 -0.00036533960543289588 0.0052272925382647779 -0.0020167246200239741 0.0015001688545167476 0.005090062344005556 -0.0025920640768508883 0.0029679052312420354 0.0037527787694790152 -0.0026861635743606698 0.0039877310906431002 0.0012296982655079667 -0.002142572059799769 0.0044509775620941491 -0.0024501264643849892 -0.0016893342699087644 0.0045251096912384409 -0.0045737287993198065 -0.0012813130947002622 0.0024441859687673413 0.0016189299149818597 -0.0016832597281593825 0.0028261412322944371 -7.4328555743875748e-05 -0.0020981242751930162 0.0032629576641763072 -0.0033062881930577036 -0.0018349398565330995 0.0031263976709906493 -0.0060772823767625411 -0.0010861977226133649 0.00255307740621327 -0.0081625933164214733 -2.231601187741044e-05 0.0016337216600940587 -0.0094378173830898353 0.0012152595729953415 0.00042044147813316687 -0.0097965531631811244 0.0025130296973803279 -0.00107170680622435 -0.0091109035307492883 0.003785031647391723 -0.0028727512899659373 -0.0072013122247083835 0.0049773004044875611 -0.0050788018899764996 -0.0038005120185031407 0.006083933673412957 -0.0079002706576186896 0.0014967827476195341 0.0071935256025272964 -0.01178601104370623 0.0092994629162732982 0.0086320191019131319 -0.017814442638747891 0.020455405813742132 0.011184659235548589 -0.02847167106827974 0.035326148729162454 0.014285844040668006 -0.043742175048437262 0.047474626711021151 0.016384946505805111 -0.059584092051129141 0.05028757864182172 0.017474920205614482 -0.073317151893492388 0.047082794246911364 0.018210406627513161 -0.084814198638742067 0.042539639020276042 0.018881145976849319 -0.094543449124712658 0.037993078285694468 0.019582799961029743 -0.10288552118866927 0.033764562659343883 0.020328500996579374 -0.11009494857048008 0.029887716055222602 0.021099719582579377 -0.11634083848399507 0.026314007068750152 0.021868567861589444 -0.12173871599346806 0.022979481412671102 0.022607085375612398 -0.12637007770098752 0.019826157618182315 0.02329070268642832 -0.13029402595227979 0.016807265804519873 0.02389917676619719 -0.13355426383010485 0.013886843495961721 0.024416499694144278 -0.13618338708266209 0.011037680303361982 0.024830456648669365 -0.13820557137350792 0.0082390899376337257 0.025132128834735 -0.13963827826277408 0.0054749858575690947 0.02531546366687585 -0.14049333695750979 0.0027323450129596626 0.025376957487171892 -0.14077760697354091 -7.9274424915135033e-11 0.025315463704270257 -0.14049333695107732 -0.0027323451770438793 0.025132128845141318 -0.13963827825279643 -0.0054749860218113846 0.024830456640233246 -0.13820557135724071 -0.0082390901196436311 0.024416499672814354 -0.13618338705082444 -0.01103768047775772 0.023899176718562794 -0.13355426379079949 -0.013886843617397783 0.023290702627588766 -0.13029402591684036 -0.016807265887161676 0.022607085305124664 -0.12637007766406846 -0.019826157675445329 0.02186856775763784 -0.12173871595683464 -0.022979481475732103 0.021099719481943242 -0.11634083844544801 -0.026314007120154179 0.020328500918394009 -0.1100949485316659 -0.02988771605713484 0.019582799923211415 -0.10288552115699413 -0.033764562623197589 0.018881145965565033 -0.094543449096791632 -0.037993078249445936 0.018210406622489059 -0.084814198613550995 -0.042539638985923875 0.017474920191853673 -0.073317151870878144 -0.047082794204643702 0.016384946487607382 -0.05958409202615092 -0.050287578588448387 0.014285844058984845 -0.04374217502802958 -0.04747462665090682 0.011184659276228085 -0.028471671061434861 -0.03532614868276443 0.0086320191300176003 -0.017814442635528869 -0.020455405757557946 0.0071935256286144809 -0.011786011046160547 -0.0092994628453258368 0.0060839337142226139 -0.0079002706664485708 -0.0014967826690787476 0.00497730046588446 -0.005078801900332647 0.0038005121317836433 0.0037850317386729881 -0.0028727513151826883 0.0072013123643792157 0.002513029801325201 -0.0010717068503764233 0.0091109036424892216 0.0012152596574903762 0.00042044143854360315 0.0097965532437969127 -2.2315934602395277e-05 0.0016337216312255981 0.0094378174533500427 -0.0010861976492407281 0.0025530773810085537 0.0081625933635583077 -0.0018349398092515074 0.0031263976677732902 0.0060772824197188524 -0.0020981242378543003 0.0032629576692957398 0.0033062882344115849 -0.0016832597020896576 0.0028261412298978481 7.4328583386440959e-05 -0.0012813130768366868 0.0024441859681115382 -0.0016189298863934103
        </DataArray>
        <DataArray type="Float64" Name="strain_xx" format="ascii">
          0.040907407439242871 0.041505529928848303 0.041597360115111837 0.040237093534957968 0.038506845812848703 0.036867737991773675 0.035505154178079736 0.034478713470410066 0.033790267935800991 0.033415773807844266 0.033320546627447323 0.033466591101042484 0.033816104908022317 0.034333149464901215 0.034984259515217365 0.035738531597024906 0.036567717042745709 0.037446048810341068 0.038349946635548207 0.039257984376280995 0.040150780810447165 0.041010813918375161 0.041822325999391174 0.04257127909648073 0.043245323672490329 0.04383377303622274 0.044327585833868401 0.044719357946929189 0.045003322379689334 0.045175353474279471 0.045232972741117816 0.045175353437445734 0.045003322302245949 0.044719357826609546 0.044327585658898556 0.043833772865421686 0.043245323517907205 0.042571278982288137 0.041822325940309581 0.041010813846218866 0.040150780714901621 0.039257984328052706 0.038349946625537673 0.037446048807372539 0.036567717059037184 0.035738531626437593 0.034984259549063729 0.034333149518892637 0.033816104973112229 0.033466591208075602 0.033320546780223878 0.033415773910776644 0.033790267993633501 0.034478713580662498 0.035505154339494652 0.036867738161261578 0.038506845979444031 0.040237093637890659 0.041597360168898798 0.041505529946777767 0.040907407419479964 0.0229803207740935 0.026263906032395357 0.03158975837365368 0.034910250917386421 0.037005163106062298 0.038367128739491017 0.039305761728263874 0.040015582799943189 0.040618403255392524 0.041189521623348199 0.041774015777120942 0.042397041595117216 0.043070486583580009 0.043797130479901962 0.044573519533299584 0.045392178543963331 0.046242744769225456 0.04711294003762187 0.047989600673355309 0.048859078747431554 0.049707564555958109 0.050521533965522045 0.051288080100979051 0.051995137906301489 0.052631657206442965 0.053187752550435674 0.053654836052910687 0.054025731230418123 0.054294765270124501 0.054457838536855721 0.054512472663625258 0.054457838503419745 0.054294765203630795 0.054025731110405519 0.053654835871805716 0.053187752394759626 0.052631657078005142 0.051995137784769177 0.05128808001429274 0.050521533874095803 0.049707564445512241 0.048859078693416658 0.04798960067480057 0.047112940039508514 0.046242744777423364 0.045392178561903467 0.044573519552735245 0.043797130519929117 0.04307048664175183 0.04239704167327768 0.041774015881651347 0.041189521690990279 0.040618403271475007 0.040015582881522495 0.039305761877996656 0.038367128854266824 0.037005163187984171 0.034910250985796781 0.031589758421694397 0.026263906045504326 0.022980320763797857 0.0049314173143178517 0.0092207715007016754 0.017309454198066048 0.024334430400736486 0.030248793976885537 0.035167231764740625 0.039252233470263409 0.042665732985548876 0.045550847466162489 0.048026878752099753 0.050189778055866691 0.05211456501012781 0.053858356510525396 0.055463928777804213 0.056962227586428646 0.058373743941985752 0.059711493603139085 0.060982998674120673 0.062190492013227211 0.063332437834663094 0.064405109525623422 0.065403251383496383 0.066320561717901932 0.06715020271944265 0.067885292371063 0.068519316682101788 0.06904643762914342 0.069461702308386025 0.069761173269022453 0.06994200271501369 0.070002470798676802 0.069942002702585493 0.069761173246367603 0.069461702242373441 0.069046437515781073 0.068519316601304531 0.067885292310904621 0.067150202641946266 0.066320561637069786 0.065403251302660517 0.064405109449147568 0.063332437802129812 0.062190492026971154 0.060982998678550421 0.059711493600433221 0.058373743948878939 0.056962227591860426 0.055463928784464954 0.053858356534586253 0.052114565042704494 0.050189778088234126 0.048026878762019325 0.045550847449864443 0.042665733024376096 0.039252233567655864 0.035167231803882107 0.030248793964150582 0.024334430422070629 0.017309454226606642 0.0092207715084197082 0.0049314173210968093 0.0039946561292789765 0.0064838995483981563 0.011592425750326527 0.016836936785507402 0.02200009996589955 0.026935381661922678 0.031567216104132129 0.035871023472465298 0.03985335180104875 0.043537130334939063 0.046952098881109093 0.050129065110193965 0.053096069188272338 0.055874660759463506 0.058480574651382303 0.060927695418856398 0.06322449189582699 0.065372494713899165 0.067372032739208582 0.069223113193508004 0.070923789641284651 0.072470653513338687 0.073859976232633379 0.075088574332103336 0.076154213467679199 0.077055650956582983 0.077792466255635573 0.078364800790040823 0.078773087089787266 0.079017812880280189 0.079099343483528761 0.079017812883520708 0.078773087106580347 0.078364800802629489 0.077792466264583193 0.077055650990313473 0.07615421349624199 0.075088574344221823 0.073859976224948637 0.072470653495684378 0.070923789631116702 0.069223113179102388 0.06737203273430338 0.06537249469643977 0.063224491867026444 0.06092769540388155 0.058480574635559973 0.0558746607247088 0.053096069149478189 0.050129065085965159 0.046952098864740291 0.04353713031025036 0.039853351788000986 0.035871023488837292 0.031567216139271562 0.026935381680835931 0.02200009996133373 0.016836936786120041 0.011592425745315677 0.0064838995355157658 0.0039946561172617004 0.0022605256056308382 0.0042379422016380472 0.0081075189801933286 0.011880332697151825 0.015659873485930724 0.019480534938844236 0.023341106707503601 0.027226851436099819 0.031119626013955959 0.035000569314356758 0.038849527065050654 0.042644588375343281 0.046364544998210966 0.04999381711434512 0.053515508115193039 0.056897206914081525 0.060107828596144823 0.063132415394644481 0.065955499998383044 0.06855616456736903 0.07091660705525156 0.07302648225267494 0.074883161602482706 0.07649012204900435 0.077854852846544864 0.078986921606464561 0.079896419749493908 0.080592809531295689 0.081084117173355813 0.08137639726855371 0.08147340093220122 0.081376397261076594 0.081084117195139513 0.080592809569020513 0.079896419819452696 0.078986921721542883 0.077854852947135567 0.076490122118431952 0.074883161668105422 0.07302648231620662 0.070916607098961401 0.068556164578487663 0.065955500005724976 0.063132415392993149 0.060107828575782105 0.056897206888624076 0.053515508081732492 0.049993817068328728 0.046364544936593817 0.042644588310320877 0.03884952701413117 0.035000569273191277 0.031119625995986489 0.02722685144614783 0.023341106713074888 0.019480534940038333 0.015659873493671202 0.011880332702728745 0.0081075189737370434 0.0042379421912530756 0.0022605255966386055 0.00038084056285586903 0.0013723057641304402 0.0034238342706692086 0.005627736758491193 0.0080164167876897469 0.010621626890092519 0.013468193215410824 0.016572961676496814 0.019945580005156935 0.023587574323602114 0.027487587242335344 0.031611949866143317 0.035893130322074335 0.040229762230480401 0.044520011565781031 0.048715728799676117 0.052775437641024867 0.056599850972520585 0.060088513561621947 0.063189044319997875 0.065890594493666091 0.068208227912873426 0.07017025243956182 0.071809839227128636 0.073160018999892551 0.074250942682520985 0.075108538571779737 0.075753973665326227 0.076203539850529731 0.076468731283130725 0.076556374235732888 0.076468731264369261 0.076203539863942654 0.075753973705212391 0.075108538641781727 0.074250942789991448 0.073160019095499407 0.071809839292935856 0.070170252508606701 0.06820822799520887 0.065890594552961021 0.063189044356583318 0.060088513585401668 0.056599850982320649 0.05277543764052773 0.048715728784155407 0.044520011539420298 0.040229762202481339 0.035893130290591109 0.031611949821447015 0.027487587194202988 0.023587574283356609 0.019945579990247111 0.016572961691045971 0.013468193225603864 0.010621626893734967 0.0080164168206846957 0.0056277368098517477 0.0034238343032900204 0.0013723057822308052 0.00038084058084198727 -0.0013385069232007467 -0.0013923095501954456 -0.0012467363219716276 -0.00063297960985902492 0.00038596365349162812 0.0017715269181204896 0.0035059143117368683 0.0055903730558714022 0.0080453295933571867 0.010911268287481558 0.014247702969823133 0.018124386446550823 0.022589403913698514 0.02758827342361015 0.03293927848021825 0.038256755761407094 0.043068493413102746 0.047145334559697931 0.050498026990968059 0.053220622526534138 0.05542196462697007 0.057200690091078546 0.058638118848291079 0.0597981773242749 0.060729737002642406 0.061469451696083179 0.062044355447635875 0.062473989002196154 0.062772028992262266 0.062947466455325465 0.063005395860885327 0.062947466457610693 0.062772029000779855 0.06247398902538677 0.062044355475036415 0.061469451725134239 0.060729737020786691 0.059798177328479342 0.058638118853471512 0.057200690107795306 0.055421964646017445 0.053220622552416628 0.050498027012761834 0.047145334567812322 0.043068493413203707 0.038256755755278461 0.032939278476634345 0.027588273420816455 0.022589403908409002 0.018124386439239581 0.014247702958738759 0.010911268279412278 0.008045329605765341 0.0055903730942771174 0.0035059143568381889 0.0017715269694814966 0.00038596372705519265 -0.00063297953420126936 -0.0012467362699265143 -0.0013923095185657077 -0.0013385068970642728 -0.001689334297209097 -0.002142572092435218 -0.0026861636184022518 -0.0025920641341432979 -0.0020167246982260383 -0.0010821326798527283 0.00011829031723458605 0.0015192611125099849 0.0030861178034737799 0.0048210271782146092 0.0067755463406052405 0.0090755416123523055 0.011976681333475916 0.015903370196138501 0.020477960209319697 0.024553842906393536 0.027666459930489423 0.030003690623348591 0.031809418334591222 0.033258380836284185 0.03446137342044947 0.035485275085992973 0.036368980325991764 0.037134132863234998 0.037792005725694869 0.038347818696319869 0.038803414709953521 0.039158902453891975 0.039413652831411197 0.039566892309203884 0.039618042323021296 0.039566892340821093 0.03941365284182681 0.039158902451954733 0.038803414697956007 0.038347818664909356 0.037792005681828313 0.037134132810637113 0.036368980259772379 0.03548527502575443 0.034461373381184268 0.033258380829563797 0.031809418346503707 0.030003690636017766 0.027666459929886922 0.024553842899863544 0.020477960226536043 0.015903370224051253 0.011976681349332859 0.0090755416299201346 0.0067755463677326832 0.004821027218356185 0.0030861178680464067 0.0015192611943891264 0.00011829039318936942 -0.0010821326021061932 -0.0020167246200239741 -0.0025920640768508883 -0.0026861635743606698 -0.002142572059799769 -0.0016893342699087644 -0.0012813130947002622 -0.0016832597281593825 -0.0020981242751930162 -0.0018349398565330995 -0.0010861977226133649 -2.231601187741044e-05 0.0012152595729953415 0.0025130296973803279 0.003785031647391723 0.0049773004044875611 0.006083933673412957 0.0071935256025272964 0.0086320191019131319 0.011184659235548589 0.014285844040668006 0.016384946505805111 0.017474920205614482 0.018210406627513161 0.018881145976849319 0.019582799961029743 0.020328500996579374 0.021099719582579377 0.021868567861589444 0.022607085375612398 0.02329070268642832 0.02389917676619719 0.024416499694144278 0.024830456648669365 0.025132128834735 0.02531546366687585 0.025376957487171892 0.025315463704270257 0.025132128845141318 0.024830456640233246 0.024416499672814354 0.023899176718562794 0.023290702627588766 0.022607085305124664 0.02186856775763784 0.021099719481943242 0.020328500918394009 0.019582799923211415 0.018881145965565033 0.018210406622489059 0.017474920191853673 0.016384946487607382 0.014285844058984845 0.011184659276228085 0.0086320191300176003 0.0071935256286144809 0.0060839337142226139 0.00497730046588446 0.0037850317386729881 0.002513029801325201 0.0012152596574903762 -2.2315934602395277e-05 -0.0010861976492407281 -0.0018349398092515074 -0.0020981242378543003 -0.0016832597020896576 -0.0012813130768366868
        </DataArray>
        <DataArray type="Float64" Name="strain_yy" format="ascii">
          -0.14896899878385508 -0.14552895983249453 -0.13896419799998361 -0.13317815194194521 -0.12833316150360158 -0.1244099546075241 -0.12132688319947744 -0.11898590612532609 -0.11729006654402158 -0.11614959847665987 -0.11548343649650838 -0.11521892719783963 -0.11529115104388592 -0.11564202178606386 -0.11621924669252327 -0.11697560588799188 -0.11786839682928199 -0.11885886604165866 -0.11991175099751301 -0.12099501175226324 -0.12207960478646623 -0.12313927690536242 -0.12415042640161442 -0.12509201682788557 -0.12594552408170562 -0.12669490514216972 -0.12732658192999607 -0.12782943587998935 -0.12819480961449056 -0.12841651242815011 -0.12849082663923278 -0.12841651242151919 -0.12819480959978585 -0.12782943585761281 -0.12732658189946855 -0.12669490510368736 -0.12594552405343451 -0.12509201682863558 -0.12415042643876698 -0.12313927698798663 -0.12207960487533354 -0.12099501180809399 -0.1199117510413214 -0.11885886609858629 -0.1178683968981173 -0.11697560595630829 -0.11621924676621812 -0.11564202188835482 -0.11529115115892913 -0.11521892730267701 -0.11548343659444149 -0.11614959853139567 -0.1172900665653541 -0.11898590617436076 -0.12132688326712016 -0.12440995465745086 -0.12833316153881558 -0.13317815194770724 -0.13896419796925835 -0.14552895977995878 -0.1489689987181291 -0.089550849837763902 -0.093887764359779316 -0.10077557600970499 -0.10488341043989738 -0.1074414439122513 -0.10913870035022762 -0.11037349286626508 -0.1113810631856938 -0.11230150096143593 -0.11321736551482615 -0.1141753553324939 -0.11519923205303871 -0.11629757271018976 -0.11746876245951798 -0.11870445718222543 -0.11999178239351005 -0.12131478792601841 -0.12265558945592266 -0.12399530559122626 -0.12531468321544215 -0.1265945473991143 -0.12781622501792475 -0.12896191931782586 -0.13001501128281562 -0.13096030007753792 -0.13178420285261688 -0.13247492644770284 -0.13302261500510124 -0.13341947308242261 -0.13365986269203856 -0.13374037307966524 -0.13365986267240654 -0.13341947305569052 -0.13302261497674694 -0.13247492641812003 -0.13178420281746139 -0.13096030003315165 -0.13001501123105536 -0.12896191927013434 -0.12781622500810094 -0.12659454741780005 -0.12531468322523404 -0.12399530559893451 -0.12265558948055302 -0.12131478796707806 -0.11999178244151497 -0.11870445723236708 -0.1174687625316195 -0.11629757280455667 -0.11519923215711084 -0.1141753554482009 -0.1132173655914996 -0.11230150099214002 -0.11138106325184123 -0.11037349296113647 -0.10913870041331186 -0.10744144395965274 -0.10488341047929156 -0.10077557602785334 -0.093887764365533602 -0.089550849839712274 -0.026685022678289788 -0.034426218763868387 -0.048674971231034744 -0.060586428338120335 -0.070482694527566794 -0.078739749130096112 -0.085697280248355739 -0.091636814056661658 -0.096783021025814361 -0.10131162908895409 -0.10535807622662974 -0.10902532086347244 -0.11239104450024395 -0.11551280920279959 -0.11843157217864186 -0.12117525483482414 -0.12376182952959185 -0.12620152752083252 -0.12849826558561833 -0.13065112464186163 -0.1326558481987038 -0.13450593873677261 -0.13619344808309178 -0.13770963436412328 -0.13904554876858174 -0.14019254925437605 -0.14114272606142192 -0.14188923345217713 -0.14242653365597968 -0.14275056573234179 -0.14285885364200987 -0.14275056573200925 -0.14242653365296698 -0.14188923344402762 -0.1411427260499083 -0.14019254924010272 -0.13904554874455513 -0.13770963431631872 -0.13619344801100192 -0.13450593868054006 -0.13265584817979842 -0.13065112463405809 -0.12849826557663682 -0.12620152752432159 -0.12376182954786095 -0.12117525485674734 -0.11843157219515232 -0.1155128092224479 -0.11239104453441007 -0.10902532092641218 -0.105358076314605 -0.10131162914728646 -0.096783021039932832 -0.091636814099141109 -0.085697280330757977 -0.078739749191546304 -0.07048269456966047 -0.060586428385724408 -0.048674971271519853 -0.034426218793652 -0.026685022708838949 -0.015913629801381425 -0.019864998730846749 -0.028222460775323567 -0.03712385797867962 -0.045997173511394755 -0.054534561914536213 -0.062595942376592648 -0.070138359907531797 -0.077170815017773675 -0.083727347049515982 -0.089851696495370101 -0.095588049022949401 -0.10097392389416891 -0.10603939832703443 -0.11080889825173815 -0.11530026596881481 -0.11952428950159817 -0.12348524784036072 -0.12718334568663162 -0.13061643525294642 -0.13378019570608599 -0.13666848370418949 -0.13927416012868482 -0.14158999035448358 -0.14360932580446412 -0.14532649108161508 -0.14673692268655333 -0.14783714327771466 -0.14862465076045203 -0.14909778246068353 -0.14925559475440842 -0.14909778247453787 -0.14862465077717557 -0.14783714329659914 -0.14673692270339389 -0.14532649109112702 -0.1436093258110395 -0.14158999035992276 -0.13927416012946744 -0.1366684836996484 -0.1337801957013828 -0.13061643524622901 -0.12718334566679756 -0.12348524781066716 -0.11952428947510654 -0.11530026594341193 -0.11080889822861892 -0.10603939830426422 -0.10097392386383931 -0.095588049007972881 -0.089851696503407769 -0.083727347049294867 -0.077170815006925908 -0.070138359908556894 -0.06259594239603411 -0.054534561937733567 -0.045997173518580216 -0.037123857979039762 -0.028222460771196188 -0.019864998715060336 -0.015913629782143258 -0.0037600709400870324 -0.0078137377619104335 -0.015654680673288311 -0.023148474883008772 -0.030541787062048974 -0.037905014091146341 -0.045239520048036344 -0.052525488208903674 -0.059739161355402075 -0.066856452874873226 -0.073852708186750368 -0.08070498961910097 -0.087397769475171347 -0.09391231162369057 -0.10021952357052491 -0.10628697111164051 -0.11208209305749596 -0.11757673408123334 -0.12274487010749599 -0.1275589766490155 -0.13199247408470982 -0.13602338769887257 -0.13963615321946637 -0.14282156813199148 -0.14557569394652556 -0.14789838848145859 -0.14979186599611369 -0.15125946773883708 -0.15230469892117654 -0.15293052634882981 -0.15313890826164495 -0.15293052635287629 -0.15230469892986584 -0.15125946775618571 -0.14979186602501199 -0.14789838851919007 -0.14557569398147768 -0.14282156815748007 -0.13963615324123069 -0.13602338771180686 -0.13199247408276638 -0.12755897663985133 -0.12274487009419678 -0.11757673405326594 -0.11208209301610506 -0.10628697106792881 -0.10021952353817748 -0.093912311602126083 -0.087397769444193613 -0.080704989581865061 -0.073852708163808983 -0.066856452866261004 -0.059739161354102323 -0.052525488211212404 -0.045239520047245532 -0.037905014094274596 -0.030541787058471812 -0.02314847487047067 -0.015654680666226762 -0.0078137377645465453 -0.0037600709501572184 0.0038052757603068768 0.00087048901987966248 -0.0049902802384185702 -0.010841580250442651 -0.016734338073902167 -0.022753439725041829 -0.028974349549046447 -0.035454966966859874 -0.042235591824207136 -0.049336232020393826 -0.056747192438989603 -0.064413495861927642 -0.072229106239027285 -0.080095354874788527 -0.087930861674992492 -0.095640209941300666 -0.10312987837605271 -0.11029639034206398 -0.11703019413196571 -0.12324466037350507 -0.12888737257831118 -0.13393574574691994 -0.13838810673733956 -0.1422554208216289 -0.14555506255855033 -0.1483065737995713 -0.15052895408039479 -0.15223901587016328 -0.1534504336569108 -0.1541732227205371 -0.15441347203519051 -0.1541732227255414 -0.1534504336705973 -0.15223901589468797 -0.15052895411617026 -0.14830657384577151 -0.14555506260661571 -0.14225542086030032 -0.13838810676484015 -0.13393574576699674 -0.12888737258731084 -0.12324466036632981 -0.11703019412091276 -0.1102963903338551 -0.1031298783577257 -0.095640209910201029 -0.087930861651176542 -0.080095354868812946 -0.072229106238758251 -0.064413495851306082 -0.056747192424503462 -0.04933623201793836 -0.04223559183108818 -0.035454966981480776 -0.028974349571842483 -0.022753439754298888 -0.016734338100587755 -0.010841580268429761 -0.0049902802514376152 0.00087048900343450854 0.0038052757378636178 0.0065734058346237495 0.0051600693253741918 0.0021796861549848914 -0.001120163059091872 -0.0047582629693142826 -0.0087591618646201026 -0.013170934465591571 -0.01806616135689712 -0.023541706415180753 -0.029718453211329279 -0.036735926598401365 -0.044727528874307289 -0.053732910291456264 -0.063480749067125447 -0.073570494144431689 -0.083697648892431142 -0.093490947719054293 -0.10259925832424915 -0.11084216839091141 -0.11817731917891841 -0.12463310851516721 -0.13026598802888006 -0.13513863297930095 -0.13930998672472134 -0.14283136917888181 -0.14574547835119364 -0.14808665344731331 -0.14988159107802607 -0.15115013008346712 -0.1519059324673615 -0.15215699005712358 -0.15190593247451639 -0.15115013009508255 -0.14988159109050786 -0.14808665345621114 -0.14574547835225407 -0.14283136917100819 -0.13930998671749339 -0.13513863297634282 -0.1302659880264094 -0.12463310850981268 -0.11817731916443167 -0.11084216837289426 -0.1025992583119488 -0.093490947706952293 -0.083697648871666142 -0.073570494124629071 -0.063480749056346097 -0.053732910292915187 -0.044727528877817765 -0.036735926598368954 -0.029718453216441999 -0.023541706425627154 -0.018066161378501283 -0.013170934503248443 -0.0087591619118436853 -0.0047582630172681717 -0.0011201630993570169 0.0021796861278838855 0.0051600693181637286 0.0065734058412514739 0.0045251096875415127 0.0044509775702417263 0.0039877311062053271 0.0029679052533213802 0.0015001688899240174 -0.00036533956977193483 -0.0026171708307516288 -0.0052828800281521969 -0.0084373899099742002 -0.012219790773738805 -0.016864320321991394 -0.022759531539737868 -0.030573918264802526 -0.041359200659446455 -0.054758083655122657 -0.068507465504830778 -0.080958688863859998 -0.091776824628168024 -0.10110405873531496 -0.10915190809836814 -0.11610659179354248 -0.1221149176901698 -0.12728861929555013 -0.1317118140263446 -0.13544769847042945 -0.13854373283936228 -0.14103542679652703 -0.14294902174280974 -0.14430334909947024 -0.14511108136810391 -0.14537952889790104 -0.14511108137321438 -0.14430334910074311 -0.14294902173011387 -0.14103542676859374 -0.13854373280443033 -0.13544769843137158 -0.13171181398636572 -0.12728861926193427 -0.1221149176607276 -0.11610659176938355 -0.1091519080830923 -0.10110405872613956 -0.091776824620529662 -0.080958688855505723 -0.06850746549244395 -0.054758083642920188 -0.041359200651118262 -0.03057391826159362 -0.022759531544123999 -0.016864320331115835 -0.012219790787120802 -0.0084373899297765752 -0.0052828800593444965 -0.0026171708665271641 -0.00036533960543289588 0.0015001688545167476 0.0029679052312420354 0.0039877310906431002 0.0044509775620941491 0.0045251096912384409 0.0024441859687673413 0.0028261412322944371 0.0032629576641763072 0.0031263976709906493 0.00255307740621327 0.0016337216600940587 0.00042044147813316687 -0.00107170680622435 -0.0028727512899659373 -0.0050788018899764996 -0.0079002706576186896 -0.01178601104370623 -0.017814442638747891 -0.02847167106827974 -0.043742175048437262 -0.059584092051129141 -0.073317151893492388 -0.084814198638742067 -0.094543449124712658 -0.10288552118866927 -0.11009494857048008 -0.11634083848399507 -0.12173871599346806 -0.12637007770098752 -0.13029402595227979 -0.13355426383010485 -0.13618338708266209 -0.13820557137350792 -0.13963827826277408 -0.14049333695750979 -0.14077760697354091 -0.14049333695107732 -0.13963827825279643 -0.13820557135724071 -0.13618338705082444 -0.13355426379079949 -0.13029402591684036 -0.12637007766406846 -0.12173871595683464 -0.11634083844544801 -0.1100949485316659 -0.10288552115699413 -0.094543449096791632 -0.084814198613550995 -0.073317151870878144 -0.05958409202615092 -0.04374217502802958 -0.028471671061434861 -0.017814442635528869 -0.011786011046160547 -0.0079002706664485708 -0.005078801900332647 -0.0028727513151826883 -0.0010717068503764233 0.00042044143854360315 0.0016337216312255981 0.0025530773810085537 0.0031263976677732902 0.0032629576692957398 0.0028261412298978481 0.0024441859681115382
        </DataArray>
        <DataArray type="Float64" Name="gamma_xy" format="ascii">
          -0.099367631961875064 -0.07558260716956286 -0.036758772514832096 -0.012003956506209647 0.0040423949333868118 0.014471256518458073 0.021154979730747286 0.025277042455527469 0.027613370372634401 0.028688806067128689 0.028867722344935679 0.028408474286881959 0.027497752694182601 0.026272348787099234 0.024833105845371725 0.023254930465112643 0.021593691531567087 0.019890705449324114 0.018176126799594315 0.016471680491793129 0.014792475887613524 0.013148288653004851 0.011544670148721976 0.0099838390664048586 0.0084653588648362296 0.0069866614497130341 0.0055434743328802213 0.004130185650958366 0.0027401647103824419 0.0013660482382015116 -6.608966428593363e-11 -0.0013660483734008952 -0.0027401648408811345 -0.004130185784111352 -0.0055434744877722059 -0.0069866615473856203 -0.0084653588975079821 -0.009983839081798656 -0.011544670140264068 -0.013148288793924334 -0.014792476161558809 -0.016471680686211139 -0.018176126923612188 -0.019890705586547808 -0.021593691689477036 -0.023254930591155222 -0.024833105926495319 -0.026272348908848879 -0.027497752871298527 -0.028408474457032287 -0.028867722524651862 -0.02868880618095563 -0.027613370366909293 -0.025277042425516018 -0.021154979725173544 -0.014471256499122283 -0.0040423949035095358 0.012003956528708205 0.036758772536990419 0.075582607164364268 0.099367631936047696 -0.09135938839476293 -0.078190174346505645 -0.054789910275093105 -0.036633457696862187 -0.022577645144949934 -0.011717507559176964 -0.0033577286793991324 0.0030329273097361915 0.0078621334401266334 0.011445458774583979 0.014029686259929825 0.015809691751902694 0.016940348581118939 0.01754585448323789 0.017726806697568546 0.017564767511529293 0.017125998438458721 0.016464681540211815 0.015625244360973102 0.014643947846519938 0.013550307378001407 0.012368372751673707 0.011117689261338815 0.009814041004329593 0.0084700764965538848 0.0070958604718223727 0.0056993654411787876 0.0042869084092935512 0.002863539377035491 0.0014333910590494114 -4.7978371872214182e-11 -0.0014333911213045571 -0.002863539407781686 -0.0042869084504810768 -0.0056993654917038552 -0.0070958604669986956 -0.008470076433770039 -0.0098140408839259164 -0.011117689078287408 -0.012368372724397048 -0.01355030748711532 -0.01464394785278135 -0.015625244286116519 -0.016464681492532357 -0.017125998415691158 -0.017564767474602505 -0.017726806647095781 -0.017545854489462321 -0.016940348653479761 -0.01580969185864697 -0.014029686415238199 -0.011445458861826385 -0.0078621334243235384 -0.0030329273499318582 0.0033577285584942404 0.011717507454252813 0.02257764506528186 0.036633457644415321 0.054789910259473815 0.078190174340516283 0.091359388387020457 -0.057400965481681526 -0.057338286507247815 -0.055131017113113918 -0.049813898215759433 -0.043064871765595279 -0.035867965735916989 -0.028785001212818878 -0.022125349569401292 -0.016048514695466389 -0.010625593777778426 -0.0058760264482427011 -0.001789062327409515 0.0016644284926807702 0.0045224517386372991 0.0068260327658877335 0.0086183968973894028 0.0099434633631247694 0.010843811610016303 0.011359849125154534 0.011530359677853898 0.011392683350198687 0.010982267166805721 0.010332521003288282 0.0094749664983503502 0.0084394696411975532 0.0072544471086725144 0.0059470312803587867 0.0045432193715032217 0.0030680360917061432 0.0015457287630180907 -2.9316608602530936e-11 -0.0015457287471938275 -0.0030680360297728661 -0.0045432193404663264 -0.0059470312435407 -0.0072544470542039189 -0.0084394695738878207 -0.0094749663530727512 -0.010332520783330938 -0.010982267049902288 -0.011392683325706431 -0.011530359579204492 -0.011359848949241139 -0.010843811441881993 -0.0099434632215431341 -0.0086183967692741621 -0.0068260326530220116 -0.0045224516609175727 -0.0016644284463572063 0.0017890623065611702 0.0058760263619500111 0.01062559375896828 0.016048514730353253 0.022125349494980968 0.028785001051591333 0.035867965601994282 0.043064871660493456 0.049813898136262719 0.055131017068943584 0.057338286484764536 0.057400965462031675 -0.020955931716916926 -0.022577429644206958 -0.025179801470861549 -0.026344911194130918 -0.025993358165222209 -0.024356517377107059 -0.021754050336941774 -0.018499192161041379 -0.014863832196736903 -0.011069965004693684 -0.0072925339975731338 -0.0036677352349808543 -0.00030245799890359136 0.0027278150725765413 0.0053757928652254944 0.0076099184896470445 0.009411826790878897 0.010777182316342015 0.011715058339275575 0.012243515776975356 0.012385827839964903 0.012169943328772487 0.011628126403738623 0.010795973695567463 0.0097110936672394951 0.0084118375885862996 0.0069363148201901327 0.0053217738143882488 0.0036043356069107133 0.0018190214097986552 -1.4027286331184247e-11 -0.0018190214025238056 -0.0036043355788055237 -0.0053217737932876961 -0.0069363147856520788 -0.0084118375537865116 -0.0097110936109222785 -0.010795973569410821 -0.011628126256908268 -0.012169943218381517 -0.012385827759824468 -0.012243515705927684 -0.011715058245390726 -0.010777182227583421 -0.0094118267569220128 -0.0076099184846172953 -0.0053757928818876722 -0.0027278151180220441 0.00030245795412479638 0.0036677351615931626 0.0072925338980496992 0.011069964939159752 0.014863832148679264 0.018499192096983755 0.021754050286242152 0.02435651735551907 0.025993358167246287 0.026344911199481385 0.025179801469746466 0.022577429638144644 0.020955931702719324 -0.0019168644265741335 -0.0034495186830155338 -0.0060821742530953208 -0.0078120285510427847 -0.0085716105269437824 -0.0083473250107291806 -0.0072136243211477942 -0.00531396896342929 -0.0028325959875960408 3.1078682443905995e-05 0.0030845721586905584 0.0061611700349618933 0.0091270668268174527 0.011851596861351297 0.01421721202611202 0.016152112443439365 0.017618004488038127 0.018599069375744501 0.019091312104603023 0.019103302257916645 0.018662973085806035 0.01781414047491894 0.01660937549196078 0.015103648910071977 0.01335001020470003 0.011397198834964782 0.0092887035255083475 0.007062787318035342 0.0047531070761222581 0.002389674507080075 -2.0455648026135309e-11 -0.0023896745564046585 -0.004753107108416226 -0.0070627873249011191 -0.0092887035293925876 -0.011397198831468253 -0.013350010140513163 -0.01510364877654647 -0.016609375383594135 -0.017814140403606564 -0.018662973018905963 -0.019103302206415748 -0.019091312087192152 -0.018599069402530727 -0.01761800455049475 -0.016152112518534198 -0.014217212148378927 -0.011851597054279673 -0.0091270670328370031 -0.0061611702332633259 -0.0030845723654291906 -3.107889185645623e-05 0.0028325957982178549 0.0053139688079203553 0.0072136241972929399 0.0083473249025371385 0.0085716104628402422 0.007812028530546293 0.0060821742468149254 0.0034495186956431593 0.0019168644474136876 0.0094409594421172235 0.0069428791830886474 0.002929192660698068 0.00072177104020132183 3.9436496409752503e-05 0.00066297028558668107 0.0024053241284806752 0.0050781603992484294 0.0084692650107514034 0.01232990569319695 0.01637218221028746 0.020284380261886403 0.023788385829200683 0.026760298322514052 0.029129005036959359 0.030779940044217271 0.031647707968900346 0.031709589609640612 0.031006012633057523 0.029651426907143716 0.027785776360070218 0.025541845716537608 0.023031269113200893 0.020341299761687547 0.017536601123753874 0.014662895861391342 0.011750933296408134 0.0088201227319143517 0.0058816291364037834 0.0029409394325981501 -4.4192079574727205e-11 -0.0029409395219561689 -0.005881629189240632 -0.0088201227494159769 -0.011750933310530195 -0.014662895865319936 -0.017536601076854907 -0.020341299682684492 -0.02303126905536932 -0.025541845670155685 -0.027785776308068052 -0.029651426850991758 -0.031006012626417903 -0.031709589653080808 -0.031647708003277937 -0.030779940077145435 -0.029129005136423372 -0.026760298495134921 -0.02378838602936563 -0.020284380463408008 -0.016372182420209068 -0.012329905920508437 -0.0084692652261594229 -0.0050781605985937058 -0.0024053243346514159 -0.00066297049605725813 -3.9436668681154725e-05 -0.00072177116273676337 -0.0029291927463329552 -0.006942879222151214 -0.0094409594567084337 0.0098915490350586222 0.007241674687534015 0.002975504372594751 0.00065716959861775908 7.4952329365886652e-05 0.001060223996967057 0.003471082616654575 0.0071780775817583478 0.012042623557967196 0.017885184010680396 0.024437672497291316 0.031270788820262838 0.037689677229492055 0.0426938959123776 0.045780795883494242 0.0470401177250468 0.046510854403443325 0.044481925841099543 0.041476981461772575 0.037929916177441084 0.034138654062633667 0.030290056187602478 0.026492269820679433 0.022801030905852407 0.019238491880588415 0.015805937324590652 0.012492070148795536 0.0092782588087555341 0.0061417665348440917 0.0030576759075544718 -1.473531962680602e-11 -0.0030576759344584327 -0.0061417665306770864 -0.0092782587800850982 -0.012492070126804035 -0.015805937291123867 -0.019238491793095024 -0.022801030802703903 -0.026492269725722325 -0.030290056082923688 -0.034138653958063481 -0.03792991606451393 -0.041476981364285709 -0.044481925781051042 -0.046510854364001875 -0.047040117691304409 -0.045780795884604382 -0.042693895953936037 -0.037689677304810508 -0.031270788899368698 -0.024437672570004544 -0.017885184103721932 -0.012042623657968599 -0.0071780776877096719 -0.0034710827424907663 -0.0010602241296658935 -7.4952445505532404e-05 -0.00065716969038357798 -0.0029755044530642258 -0.0072416747621583252 -0.0098915491005609618 0.0045737287729189858 0.0024501264422412592 -0.0012296982623028003 -0.0037527787588787732 -0.005090062340928121 -0.0052272925312976557 -0.0041418747456687839 -0.0017900670366263866 0.0018999756947266396 0.0070294164765714049 0.013719136281372626 0.022070528350584599 0.032031475391536626 0.04283322539216855 0.050746302353937039 0.052627255573949136 0.050225031945607478 0.04618852559546599 0.041666429900868329 0.037142809158141117 0.032812494892019921 0.028737449893220843 0.024919157318346704 0.021333330194983718 0.017946512773616793 0.01472374181926531 0.011631768715006721 0.0086400983369939888 0.0057209808662982741 0.0028489239017870072 -3.0991883104986018e-11 -0.0028489239674947741 -0.0057209809243845963 -0.0086400984041452855 -0.011631768794616155 -0.014723741873082598 -0.017946512778283616 -0.021333330174923885 -0.024919157310080486 -0.028737449880537547 -0.032812494857014859 -0.037142809095137744 -0.041666429829322914 -0.046188525538503007 -0.05022503190720902 -0.052627255532549336 -0.050746302309299572 -0.042833225362320655 -0.032031475369712362 -0.022070528316788105 -0.013719136232951458 -0.0070294164180210277 -0.0018999756288588308 0.0017900670752200613 0.0041418747556202107 0.0052272925382647779 0.005090062344005556 0.0037527787694790152 0.0012296982655079667 -0.0024501264643849892 -0.0045737287993198065 0.0016189299149818597 -7.4328555743875748e-05 -0.0033062881930577036 -0.0060772823767625411 -0.0081625933164214733 -0.0094378173830898353 -0.0097965531631811244 -0.0091109035307492883 -0.0072013122247083835 -0.0038005120185031407 0.0014967827476195341 0.0092994629162732982 0.020455405813742132 0.035326148729162454 0.047474626711021151 0.05028757864182172 0.047082794246911364 0.042539639020276042 0.037993078285694468 0.033764562659343883 0.029887716055222602 0.026314007068750152 0.022979481412671102 0.019826157618182315 0.016807265804519873 0.013886843495961721 0.011037680303361982 0.0082390899376337257 0.0054749858575690947 0.0027323450129596626 -7.9274424915135033e-11 -0.0027323451770438793 -0.0054749860218113846 -0.0082390901196436311 -0.01103768047775772 -0.013886843617397783 -0.016807265887161676 -0.019826157675445329 -0.022979481475732103 -0.026314007120154179 -0.02988771605713484 -0.033764562623197589 -0.037993078249445936 -0.042539638985923875 -0.047082794204643702 -0.050287578588448387 -0.04747462665090682 -0.03532614868276443 -0.020455405757557946 -0.0092994628453258368 -0.0014967826690787476 0.0038005121317836433 0.0072013123643792157 0.0091109036424892216 0.0097965532437969127 0.0094378174533500427 0.0081625933635583077 0.0060772824197188524 0.0033062882344115849 7.4328583386440959e-05 -0.0016189298863934103
        </DataArray>
        <DataArray type="Float64" Name="reaction_force" NumberOfComponents="3" format="ascii">
          5.8774798321735959e-08 -301.93339466083512 0 4.4332879239078314e-08 -171.03549327636389 0 -8.6585971551241107e-08 -144.98061291112981 0 9.6966663462240304e-10 -129.13093713179794 0 4.3781001198929563e-08 -119.22324986989014 0 -3.6844956890063421e-07 -112.97969345515672 0 -9.2257921261438383e-08 -109.10875984095114 0 1.8141405949364108e-07 -106.83815376383468 0 -7.330210390266752e-08 -105.68329136510418 0 1.0129109627543234e-07 -105.32638718989146 0 6.7193774133433087e-08 -105.55017503851715 0 -3.9098764036458934e-07 -106.20026148531491 0 -1.2915854091909916e-09 -107.16396107547293 0 1.2146919078084361e-07 -108.35513799825036 0 5.1812583708873878e-08 -109.70631025521853 0 -6.5937777955060912e-08 -111.1637013574756 0 -4.325172613027238e-09 -112.68309196855331 0 -4.0444329214854834e-08 -114.2270356794738 0 2.2087056976850261e-08 -115.76389396876979 0 -3.3878892496147149e-07 -117.26651104781236 0 -1.3037421789867815e-07 -118.71104714701991 0 -1.0145584549559236e-07 -120.07664585130759 0 5.5783049116966803e-08 -121.34510351651518 0 -4.072006815920678e-07 -122.50054941307094 0 -3.5440620730043904e-08 -123.52921890409779 0 -2.257689907823123e-07 -124.4193193971799 0 -1.3250799401244301e-07 -125.16095397208221 0 2.0247460054119145e-07 -125.74607468051298 0 2.8347075708104891e-09 -126.16845061280119 0 -8.8498897277951639e-08 -126.4236464505437 0 -1.179926219371106e-07 -126.50900644474748 0 4.0810108160858572e-07 -126.42364645821179 0 -6.5984846018430903e-09 -126.16845064571426 0 1.6341479693063591e-07 -125.7460746815144 0 2.4895573822051632e-08 -125.16095400956661 0 3.1661504691598933e-07 -124.41931952754406 0 2.8150692615816995e-09 -123.52921892435072 0 9.7330365813768494e-08 -122.50054950635251 0 -2.4109752820578867e-08 -121.34510356736422 0 3.2580771315821781e-07 -120.07664570467217 0 -6.0030503414897159e-08 -118.71104733941586 0 -7.3680316437078719e-08 -117.26651126025237 0 3.247614531929512e-08 -115.76389400823314 0 -1.7595651050095113e-07 -114.22703571383776 0 -2.2653597742194915e-08 -112.6830920220505 0 -1.2853049054818932e-07 -111.16370147854209 0 -2.0633014972626365e-08 -109.70631031811848 0 -2.238923967007708e-07 -108.35513797820039 0 -7.7591572068958398e-09 -107.16396116067455 0 -3.1585371437692499e-07 -106.20026167954769 0 -5.1890235295451718e-08 -105.55017503490237 0 -7.1876673605435772e-08 -105.32638735865072 0 -6.9870056133995246e-08 -105.68329145866191 0 -2.8262009616086448e-07 -106.83815372812187 0 -4.9811867443247766e-08 -109.10875987081312 0 2.2114705406296451e-08 -112.97969358811199 0 5.0058465072874814e-08 -119.22324980543775 0 4.0534084317410549e-07 -129.13093704663123 0 6.4087832417526969e-08 -144.98061286932224 0 2.0761008367750825e-07 -171.03549314072393 0 -6.6199553200302914e-08 -301.93339451401721 0 7.0475734649547205e-08 5.2908105922065318e-09 0 1.4844420965741207e-07 -1.6325072820411634e-08 0 -4.6293454715844209e-08 1.452303981831128e-07 0 2.002816222858065e-08 1.6290264995288084e-07 0 2.1935043002684257e-07 7.8183888333162832e-08 0 2.4930806936121268e-07 1.9172487399553423e-07 0 1.745906171891947e-07 3.0103882954413344e-08 0 -1.2290320051297053e-06 -5.7452479848908603e-08 0 2.5470267600140707e-07 5.4158951224589214e-08 0 7.8825408488563205e-07 6.0816664531047228e-07 0 -5.565952932932176e-08 -2.2869872017016503e-08 0 6.2006662647064693e-07 -1.0772920503691829e-07 0 6.9819764771347725e-08 2.1565913412847715e-08 0 -2.0494925671641697e-07 -3.5533870706028744e-07 0 2.0183247523767993e-08 -2.6078459638294285e-08 0 9.5017226303327907e-08 1.5638679632270982e-07 0 1.6810510872475623e-08 -4.5084554448748546e-08 0 -1.6314256302939053e-07 -4.8139181962588431e-08 0 1.3526833057076282e-07 -8.3829385425532081e-09 0 -7.9172123624456343e-07 9.7467380635691196e-08 0 1.8107303374162688e-07 -1.236762014961151e-08 0 -3.7025545432877579e-07 -2.9012967129303977e-07 0 -1.4312110915142453e-07 -5.2433242249944687e-08 0 1.944623611389472e-07 -1.3731075176100918e-07 0 1.2762216052467982e-07 5.3561514184848873e-09 0 -5.5267641849587376e-07 -3.5729196327587284e-08 0 3.0192208042997613e-07 -1.9390779908569795e-08 0 4.5736843764705839e-07 -2.004450056038579e-07 0 -2.4383562831361274e-08 5.7797512310207602e-08 0 7.1491493328308645e-07 -1.3517758980050433e-07 0 1.0180649141022012e-07 -1.6423060455034752e-08 0 -1.8742546476788705e-07 -1.6917028844612829e-07 0 2.1785352419567903e-08 8.6441232805411066e-08 0 3.3655661033002275e-07 -1.3155409048586265e-07 0 2.2574422432680382e-07 2.4437561705428936e-08 0 -3.8718104217609219e-07 -4.9435583490586168e-07 0 1.4962040284674812e-07 5.6831202426509371e-08 0 -4.496066813579307e-07 -2.8251900079833929e-07 0 -9.8839940629435581e-08 6.2471602575564331e-08 0 1.4909121639973268e-06 1.0120490118401796e-06 0 -1.573958952321512e-07 -2.3359014345766878e-08 0 -8.5594726512652773e-08 -3.4059102796374485e-07 0 -8.757571520220904e-08 1.0373812123632114e-08 0 6.3559994205192355e-07 2.7230165625609834e-07 0 -1.6209865057018558e-07 -5.539745282102958e-08 0 1.558186078058852e-07 8.811376028711187e-08 0 -2.7202930684665175e-08 -6.8185301921272399e-08 0 2.3095016533401265e-07 1.4602230655049876e-07 0 4.4541925189842055e-08 4.3337164433813726e-08 0 -5.9472854874135246e-07 3.0958255991776363e-08 0 -1.5557977353038881e-08 -1.7603426382821354e-08 0 -3.8020909738378189e-07 -1.0417654497701788e-07 0 -6.0695072565516758e-09 -5.4649265440871593e-08 0 2.8372256848861559e-08 1.4273096826815393e-07 0 -5.6116207718042119e-08 4.8939393446438557e-08 0 3.9848619340073765e-08 4.329961482179339e-08 0 -1.4220860089356725e-07 1.0066759489641926e-07 0 -1.0021369287995019e-07 -2.0660226090377312e-07 0 3.8543499093000803e-08 -3.9306256054630095e-08 0 2.7567454564212366e-07 -1.0362434537104921e-07 0 -1.0964421271284919e-07 -1.5079799011739177e-07 0 -2.1549203564819862e-08 4.9802143761579675e-09 0 -4.9337737270440733e-08 -1.1575279490812312e-07 0 -9.3187884741664566e-08 5.1356574022978916e-08 0 -2.4973910319752828e-07 8.6457545371806945e-09 0 -3.8321972237870769e-08 1.0540137395473355e-07 0 5.0164622218410394e-07 2.2840113483480718e-07 0 1.2737916396693393e-07 5.0751205279046598e-08 0 -4.7889963372433337e-07 -5.534087538785996e-07 0 7.755939057514928e-08 1.8410883012568284e-10 0 3.8375593180043892e-08 2.5323247899432466e-07 0 6.026711709848384e-08 -2.7215175514835065e-08 0 4.3538203527200525e-07 -4.9154906943601708e-07 0 -8.9973152690745115e-08 -9.5357710794872572e-08 0 -1.2422706918038218e-07 2.4706739092235327e-08 0 2.1881804619371671e-08 -3.7188181068504938e-08 0 5.4886645138707313e-08 -9.4573768940044645e-08 0 -5.7555830008728233e-08 2.4355738972791286e-08 0 -1.4304929412262854e-07 -6.6862925559765191e-08 0 -2.1843784722062176e-07 -4.2671769052790411e-08 0 -3.4077165968929157e-07 2.3151708267190513e-07 0 -1.0789719728320546e-07 -1.8335667765601499e-08 0 -8.2196880890476426e-08 -1.4270048053158768e-07 0 -2.2415559789099505e-07 1.3999181377994647e-08 0 -3.4929570860093031e-07 7.9132405908679764e-08 0 -3.195773650037372e-10 7.5966434220877625e-08 0 2.6588834535312357e-07 1.5399853702773275e-08 0 -1.0744759310695853e-07 1.1588263429570448e-07 0 3.7556678223418475e-07 -1.0804510213112773e-07 0 1.4085247407994778e-07 5.5459347116147999e-08 0 3.1504435370672015e-07 1.7631051017075511e-07 0 -1.2029175822863846e-08 7.1685822109539519e-08 0 -2.1979762502462215e-07 -4.0452404920630514e-07 0 4.3791007053435051e-08 1.3242864249789401e-07 0 4.8291815760904525e-07 -5.7750160092056284e-08 0 -4.1093822399748643e-08 8.4276901330309887e-08 0 -9.1968651724564047e-07 7.7077245305264068e-08 0 1.3007391183501638e-07 2.54815766669935e-08 0 2.1485412485125358e-07 -4.8516274830171928e-07 0 3.1427787296476656e-08 -9.4505534352160833e-08 0 6.7071547912703681e-08 2.8453921992441381e-07 0 9.4254083780208468e-08 -8.4843091795327555e-08 0 -7.0092375848748454e-07 -2.1712767492969012e-07 0 8.0870200255936544e-08 -8.5380314037389015e-08 0 3.3832757482338e-07 3.387901661447051e-08 0 4.802252623149472e-08 -4.0516706932499131e-09 0 -2.1286758229371973e-07 4.4387418514747328e-08 0 1.8017721847702828e-08 2.2390763803551139e-08 0 7.0885449574169545e-08 1.9535927395643295e-07 0 -1.2159308382805535e-08 1.8661062880858507e-08 0 -7.5864735527772495e-08 4.3154185258131021e-08 0 -6.2613925016825582e-09 6.2581702869378486e-08 0 -2.0658972363895897e-08 -1.2789845788178974e-07 0 -6.0677925969386938e-08 1.4837075006400378e-08 0 2.9824009580522174e-07 3.3799172167813518e-07 0 -9.5192720045432611e-08 -2.0477933248114133e-08 0 4.5183560896640568e-07 1.2016328386227653e-07 0 -1.4887895091816449e-08 -3.1301325781855075e-09 0 -3.2143199895114884e-07 -8.0409674301411392e-08 0 4.1324437674644101e-07 -2.2823786022279793e-08 0 -9.7106369612272563e-08 -4.4788464080089029e-08 0 -1.124716522487266e-07 -6.8761977478204693e-08 0 -2.5950345826645915e-09 3.1980673491803137e-08 0 7.6543379656847552e-08 3.7343846499491614e-08 0 3.3210648550539737e-08 9.9096670834608481e-08 0 -6.3893119527336438e-08 -4.2867780533572536e-08 0 -4.9152550780487411e-08 5.3717089289034643e-08 0 2.8875311627631709e-07 4.4977296252533339e-08 0 6.2399620033744298e-08 -1.1151163366103779e-07 0 -2.0258136723095922e-07 2.8297516070575058e-07 0 -3.2451420277998127e-07 -2.5688056276953227e-07 0 -1.3350795477104962e-07 6.4621491892555609e-08 0 1.5402918041631156e-07 -2.4875491730094987e-08 0 -3.1195084004177867e-08 -1.5466710763993131e-07 0 -4.7159076085430959e-08 2.8138176839527677e-07 0 1.0091975026287756e-08 1.8545079891307959e-08 0 1.5380039447735708e-07 -1.1039433487766846e-07 0 -1.6460259403648793e-08 -1.8559351638199656e-07 0 -7.5027235668132289e-08 -2.0353727424822504e-07 0 5.3361783947434276e-08 -1.6234670736035253e-07 0 7.2613799818987239e-09 1.0382857316584434e-07 0 1.0890399452854541e-07 -8.2724947721391942e-08 0 3.8121643242597261e-08 -6.6358254947375461e-08 0 -4.3875071848436197e-08 -1.4175924390384995e-08 0 -1.3925716932240725e-07 -7.6066816667132939e-08 0 -1.3635076660854674e-07 2.1992602158225277e-08 0 1.0400827087032117e-07 1.0558375772776085e-07 0 -7.5065044052904306e-08 -4.2595559020452029e-08 0 3.8605196344720443e-08 2.1671987848279108e-08 0 -9.3031018701754058e-09 -2.0587344673776925e-08 0 -1.9559069612594234e-07 3.4422575034668949e-08 0 -1.0972370877280722e-07 -3.1084948766424104e-08 0 9.6170787437533469e-08 9.1321840138343698e-08 0 -9.0686466608665632e-09 -8.1847481711145042e-08 0 -8.3002152201477004e-08 2.3175639060189985e-07 0 1.5539772887670282e-08 -9.5484394821271575e-08 0 5.1461622977798065e-08 3.1175403387056491e-09 0 -1.9508361481137792e-07 1.2686460843369546e-09 0 3.4615181264962045e-07 1.0026844497147476e-07 0 -1.1603817299479129e-07 -9.4838804354072713e-08 0 8.640019972372813e-07 -5.0777451440118291e-10 0 -2.612464227585048e-07 -1.7532641195761447e-08 0 2.600127967840491e-07 1.4728922757507639e-07 0 -4.2267669663662135e-08 -8.8229735911497056e-09 0 -5.5932783927692661e-08 -1.424461532452385e-09 0 1.6438484583159132e-07 9.8464944754014235e-08 0 -1.2274148694491156e-08 1.8286609252768743e-07 0 -2.3453312635492005e-07 -1.6895653212429914e-07 0 4.4738055510047607e-08 1.3952906612503313e-07 0 1.4588809661496818e-08 3.3755406695165224e-08 0 -1.9628323210151047e-07 2.9672504156469976e-07 0 -2.8857409614107297e-08 1.9786501498575222e-07 0 -8.6888679489143493e-08 2.9888076881171459e-08 0 1.4120504914551203e-08 -3.0935221829793206e-08 0 -7.2552936784036983e-08 -1.2569711829924332e-07 0 4.0998592613983609e-08 1.1109298816644209e-07 0 -1.8477862069182807e-07 -9.6515433837011393e-08 0 1.7829052216428128e-08 1.0043440177566826e-07 0 -1.032895144647054e-07 6.8822929574638806e-09 0 2.6918544435916233e-07 7.9976317224444381e-08 0 -1.5271713026395264e-08 6.10924038637721e-08 0 4.577347408474304e-08 4.9374432006199634e-08 0 1.6885350589011767e-08 6.6415612967186039e-08 0 1.060479976229215e-08 5.7606421022024086e-08 0 8.0383226896415642e-08 -1.8260506560650923e-09 0 1.1588792384726849e-07 -5.4768483000733639e-08 0 -3.2262961765484791e-08 2.004027234734784e-08 0 -2.1584768171576859e-07 2.3894570833140058e-07 0 9.4987081478809161e-08 -8.7035709773056705e-08 0 1.6170953834596839e-07 -4.6210160892907067e-08 0 -6.0838472498590221e-09 4.3025658978958806e-08 0 -2.4357040526530368e-07 1.3134118484868509e-08 0 2.3536838094395291e-07 -3.6473620731395987e-08 0 -2.767868612170963e-08 -1.4690603376592228e-07 0 2.6367391858301846e-08 6.2803891814363733e-08 0 -4.9550761804126814e-09 2.6737117805858415e-08 0 1.7117180452243885e-07 -1.9432524548837314e-08 0 1.7712943242553599e-07 -2.5666211432714468e-07 0 3.3565112560649135e-08 8.0663716730997919e-08 0 -8.7369697788525821e-08 -3.5939691474405135e-08 0 5.7345059427275623e-08 6.3067541992458018e-08 0 -2.8528106175248407e-07 1.2973398002380428e-08 0 1.6072497582074834e-07 -3.7323445022787445e-08 0 1.5273150209586162e-07 -7.4377189308788484e-08 0 -6.486630381762536e-08 -4.0627358069441546e-08 0 -1.2782371638484441e-07 -1.5149295678776236e-07 0 -1.4761681721212552e-07 3.22172685584898e-08 0 2.4742744976837196e-07 2.1253779964303476e-07 0 -2.6310796171647647e-07 1.3090767787365736e-08 0 -3.4445041781802257e-07 6.4743997218814937e-08 0 1.3407559561724445e-09 -6.6483291440684849e-08 0 5.6235919191114938e-08 1.5153799349816979e-07 0 -1.8328799455596879e-07 -1.4893255407463221e-08 0 1.3478219819994991e-07 -1.5108597889244509e-07 0 -7.2110368791083562e-08 -1.0993981331881345e-08 0 -2.0648363499612637e-07 -8.4420844707433912e-08 0 8.009432807650264e-08 2.9503320332924784e-08 0 -3.9967913980542218e-07 1.0607726559576731e-07 0 -3.7581228966299478e-08 -7.6752342786742817e-08 0 5.4772384629163095e-08 -1.9419337578267163e-07 0 2.2447879058348112e-07 -9.7656866066875848e-08 0 -1.0900121969714448e-07 1.4996284558945083e-07 0 -2.6788468780322259e-08 -1.2440397066152896e-08 0 -6.7839097174511747e-08 -6.6167988293144097e-08 0 2.414368941077201e-08 8.6104219380756426e-09 0 -1.8521724866824212e-07 1.1267725356999127e-08 0 3.073698238141276e-07 7.4357760705164642e-08 0 -4.6872660209641471e-08 -4.9198323827462425e-08 0 7.3469120995345815e-08 1.8491236154363366e-08 0 -1.0306563731884508e-07 -2.0975047693995461e-08 0 1.0406229339107778e-07 1.1304919761043615e-07 0 -2.470675638693706e-09 -7.7942176238652619e-08 0 -9.3621074149468485e-08 -4.3205381679185661e-08 0 -2.4300983250774684e-07 -1.4979182950673414e-08 0 -1.33786965326151e-07 -5.8151570991075749e-08 0 -1.8966099186973011e-07 -1.6226241425842755e-07 0 -1.2727267562338217e-07 2.4550290624374235e-08 0 -2.0036289931333812e-07 -9.8700498395786518e-08 0 -2.5013741846285474e-07 -4.6551795070073735e-08 0 6.4325288388007454e-09 -2.158915860997603e-08 0 2.5682590866000252e-08 8.6778143163971934e-08 0 -3.2555065777291676e-08 -2.6343458497705893e-08 0 -1.2663792145777922e-07 -2.6263414168946156e-08 0 -1.2285380248476727e-07 -8.738556454943338e-08 0 8.4014508903700673e-08 -7.003766688120374e-08 0 -6.7088644959398993e-08 -5.6612601649494105e-08 0 1.3961836115266029e-08 8.4149756405007372e-08 0 -2.5163489034220203e-08 3.6987990056748372e-08 0 -6.0978002796286453e-07 3.8189826867018217e-07 0 6.8590306053673014e-09 1.1254426552294477e-08 0 6.166572570602229e-07 -2.1968568904725574e-07 0 -3.7735494344831724e-08 6.3521960083877257e-08 0 -4.5636625686476127e-07 1.5289475458666121e-07 0 -4.9886589276171539e-08 -6.6812113203266524e-09 0 1.6121040403623685e-07 -2.2751847718532899e-08 0 1.0271377695256498e-07 -8.7022778221719394e-09 0 1.5297552318694199e-07 -3.1466828441251561e-08 0 -4.4322453716408271e-08 -1.0098607865175556e-07 0 2.8754298988451483e-07 -2.8504004036194189e-07 0 4.3099838689962357e-08 -2.059850590011795e-08 0 -6.2695769356010479e-08 1.7748708067174705e-07 0 2.0336662349331183e-09 -2.786267702212797e-08 0 4.6771614553276885e-08 -1.7055552045129872e-07 0 9.0209598459307212e-08 -2.3600452934313407e-08 0 -1.0199955454669452e-07 6.1185315526396559e-08 0 5.7309240323103567e-08 5.0699097099398076e-08 0 -2.5829685702958163e-07 1.9359808595263199e-07 0 -4.6899309804048035e-08 -1.0274041095563096e-07 0 -1.1127089510963905e-07 1.244570911265621e-07 0 3.2282552844934325e-08 5.0702685608209597e-09 0 -3.8598122264286424e-07 9.3840283591509503e-08 0 4.0107449223635171e-08 4.0877927051329155e-08 0 -3.2595337588271203e-07 4.723534416045176e-08 0 -1.9869394530240755e-07 -4.9262414543003627e-08 0 2.8718667104774239e-07 -4.4290241737308685e-08 0 6.2163772641930954e-08 7.0973240975562962e-10 0 -1.8497670548005949e-07 -8.530007084193891e-08 0 -2.581960564172481e-09 -4.4580658514949231e-08 0 -2.3665777505878298e-08 -5.3745483616049955e-08 0 -2.4965895434103763e-08 3.4215560637282158e-08 0 5.1414337065368621e-07 -2.6802404057394827e-08 0 1.3898738829759447e-07 -4.1093619692490395e-08 0 8.9558437996551849e-08 1.2027132979554508e-07 0 7.1591372833166272e-08 1.588071650209453e-08 0 5.876823428922409e-07 -1.4287992412969861e-09 0 -3.2288472363891948e-08 1.7583613986053417e-08 0 4.5811326925461669e-07 2.7268014182907544e-07 0 -8.6088468754301686e-08 -1.278354041688534e-09 0 3.2870716803620402e-07 4.5185756094700454e-08 0 1.559870579517912e-07 8.6383379868373332e-08 0 5.8399574885774319e-08 9.3196200865438477e-08 0 1.7769479084480302e-08 1.5868418142945589e-09 0 -7.1699259960276482e-09 -6.5825713223480949e-08 0 1.8077091600464333e-08 -2.6108243864937784e-08 0 -3.6770268077745843e-08 2.3168803680161531e-09 0 -5.69238537796721e-08 6.7709933821635866e-08 0 9.4645650573066163e-08 4.1350987321136445e-08 0 1.5601780480726497e-08 3.4416400389736698e-08 0 -2.8396721833477573e-07 -1.7231598043890243e-07 0 -2.7663524160055663e-08 -1.7950159290547067e-08 0 -6.3654016826535981e-08 2.1312141973139723e-08 0 -6.6974131750496946e-08 -6.2562368860823278e-08 0 -2.9951224546164515e-08 1.9793219106865208e-09 0 -4.7574114694202372e-08 -4.4025186675001792e-08 0 3.3343406629463965e-08 -3.0114965311548691e-08 0 -5.4112021637216817e-08 4.383680413414173e-08 0 6.1710810339135672e-10 1.0455851614380034e-07 0 2.0329721613428589e-07 6.2490876133317242e-08 0 9.8538426814371981e-08 6.7956179632779885e-08 0 -8.56054142726711e-08 6.5335916339671908e-08 0 -1.1901350275408656e-07 1.2069570130579389e-07 0 1.3842019287161718e-07 -1.9159331696763146e-07 0 -1.2677227752958516e-08 -3.3919057876137822e-08 0 -1.7121218415321057e-07 1.3214108108939625e-07 0 5.2845259555072636e-08 1.6089502354789372e-08 0 1.3049188418537068e-07 1.8653849424391314e-08 0 7.8159629856824222e-08 1.0571102699688503e-07 0 -6.9383969602555377e-08 -1.1807127589013016e-07 0 2.3549110886157277e-07 -1.208916167455201e-07 0 2.4832455776678018e-07 1.942045263253211e-08 0 -7.9334687471120855e-08 5.5294235368248359e-08 0 -7.7467120591351843e-08 6.2517082551375114e-08 0 -9.1425881505395859e-08 -1.0657750385581385e-07 0 9.3023895703246526e-08 2.3267121831276756e-08 0 1.5745924299411568e-08 7.9734206630810421e-08 0 -1.8587744806450212e-07 -1.5073079056332661e-08 0 -1.2338337199757453e-07 4.2661714691828213e-09 0 -1.2817358597614255e-07 2.2311904460193325e-08 0 9.1176451665039663e-08 -1.3950336492675135e-07 0 -1.1043272749077577e-07 9.5887035040538399e-08 0 2.5189488630571148e-08 1.0687215129797905e-07 0 -2.2904779540937052e-07 -1.6733606076385271e-07 0 6.9831410632456198e-08 -4.1773766575620244e-08 0 -2.0125066469318335e-08 1.4038308248402766e-07 0 1.7398433296038784e-07 1.0076385591512655e-07 0 -5.9614681376130753e-08 -1.9296092713528378e-08 0 1.7176351962138152e-07 4.9047741811175049e-08 0 -2.133059894425361e-07 -5.7787843369063175e-08 0 -3.8595844620851844e-08 7.5174163612496186e-08 0 1.4767794248627196e-07 -1.8592756924045624e-08 0 -6.0960347531351933e-08 3.6330904582152204e-08 0 1.0494197432462768e-07 -2.4295478668461822e-08 0 1.876312590728545e-07 1.156965964156938e-07 0 -2.7388945214340933e-08 -3.2359900532710357e-08 0 -3.718249353252337e-08 6.4315440138555663e-08 0 1.8450409867219273e-07 -6.4709142905971273e-08 0 -2.9870141717008485e-07 1.1054789014611096e-08 0 2.169984315515352e-07 -6.1419356549369777e-08 0 2.6483290478624507e-07 -1.6294257890969078e-08 0 8.0939957104070602e-09 1.9285929306254925e-08 0 -9.6321655195103365e-09 -1.7343091183906782e-08 0 -1.5990141364792873e-07 9.9097054485944749e-08 0 -9.8243265738481437e-08 -3.0098208772060595e-08 0 2.6318497660971226e-07 1.2859107748750312e-07 0 -8.7963536531959419e-08 -8.8622586052809056e-08 0 2.3468743817941625e-08 9.9663215452690826e-08 0 6.6556137999840243e-08 -1.6759760107669192e-08 0 9.3177903943731189e-08 1.3151394172268263e-07 0 -1.7917985818355766e-07 -9.3894667555266299e-09 0 -1.7857566381812864e-09 -9.3084348164777614e-09 0 -8.7192289901596739e-08 2.6610673062362504e-08 0 2.6745751825499461e-08 2.549025525305429e-08 0 1.0566960969373463e-07 -6.5546732178022892e-08 0 1.3830381211479446e-07 1.4990085717575262e-08 0 -3.4324214475802854e-09 -3.6611191942838383e-08 0 5.9790273757609724e-09 -1.794283999852461e-08 0 1.6465621160533134e-07 -4.4229403645103308e-08 0 5.6302042248855206e-08 -6.8725156246214466e-10 0 2.4442794419433348e-07 -1.9218031259886001e-07 0 6.5209980486896514e-08 3.0695653245752717e-08 0 1.7587178794091109e-07 -9.7144668837466637e-09 0 -5.7408094568585944e-08 2.6529350535436953e-08 0 2.0931129902770066e-07 1.8253978504441282e-08 0 2.0619178129778454e-07 -8.3636040046865401e-08 0 -1.7393030731715566e-07 7.8330060517258477e-08 0 -4.9792734874973906e-08 6.799880071349434e-08 0 2.9446259980908431e-08 -1.8383611958273688e-08 0 -6.7139538139977802e-08 -1.0379463466101624e-08 0 7.5701393467039045e-08 -4.1250379416517454e-08 0 -2.4448341032623561e-08 -3.4829416878567538e-09 0 -2.2489395756427234e-07 -7.0195962373947771e-08 0 -1.3014764494237682e-07 1.8030112436560201e-08 0 7.9509535874817834e-08 -5.8061430688928382e-08 0 -1.7069097329951451e-07 -8.1919492735725077e-09 0 -1.7930597513148973e-07 -2.7381164508393782e-08 0 3.7741075807198603e-08 -9.4599527739172829e-09 0 -2.5640547767097446e-07 -1.5054030433276414e-08 0 -4.2574485493058587e-08 3.6885493564664989e-08 0 9.1885559386005773e-08 5.4794388437046097e-08 0 -8.6642088566896471e-08 6.8047263003402559e-08 0 1.5073988888755996e-08 5.6322575966827918e-08 0 1.5301661649917212e-07 1.3682608924464274e-09 0 -1.1748101540088142e-08 8.6420607510567896e-08 0 -2.1849841375911526e-07 -1.0960523336297974e-07 0 5.5780429973798914e-08 2.7321721301366145e-08 0 1.6333506857506346e-07 -1.2678498749019479e-07 0 -4.831854254602029e-07 7.2347688849955966e-08 0 -1.1154431072934615e-07 -1.8645211155698126e-08 0 -3.3937527567014503e-08 6.0044263009498157e-08 0 1.2496213481680135e-07 -4.5158563435385123e-08 0 -6.7860579265216415e-08 4.9198321507958672e-08 0 4.864027305791535e-08 -2.8971940158486423e-08 0 -1.106269304016644e-07 -1.7773202251647203e-07 0 2.6273182627623927e-08 6.2449188317106702e-08 0 -1.3691492816644172e-07 4.1224660105651754e-08 0 2.465001009709654e-09 -2.7877764361493013e-08 0 -1.0753454297418449e-07 -5.899672675251227e-08 0 -2.0336175934775829e-07 -1.2326719125365033e-07 0 -9.7558020412000759e-09 9.3290259634604559e-08 0 1.7187164985669475e-07 6.5487940490261841e-08 0 3.2207362658137736e-07 7.6124712931117685e-08 0 2.482269735064643e-08 -4.3491535201221469e-08 0 -1.3240864299663413e-08 2.0563502500643748e-08 0 1.2723379412948347e-07 1.4751264365211261e-08 0 7.6495570193457257e-08 6.0658215188398397e-09 0 -1.0776657762250757e-07 -8.7159848368093585e-08 0 2.5794475605626686e-08 4.6960381818682399e-09 0 -2.0185098725133024e-07 5.9500131098773116e-08 0 5.8821131229040038e-08 2.2808429282696306e-08 0 -4.1821657083065823e-08 2.6574517113237498e-08 0 2.5842383797723272e-08 -6.0453822800939614e-09 0 -4.8611753973111468e-08 2.9489869928560814e-08 0 6.3305162751997414e-08 5.7249971942675415e-09 0 -7.3512580253309256e-08 -4.7190396544717824e-08 0 -8.103994257934104e-08 4.2125298090035173e-08 0 1.5382326935383539e-08 -1.0935015624451784e-07 0 1.5658442497003004e-07 -4.4235674641481498e-08 0 4.1769659293866788e-08 -1.4803023179836339e-08 0 6.7466364875197944e-08 -2.7803127160975453e-08 0 8.4938021652744036e-08 -4.258113537726325e-08 0 1.6412515110859702e-08 2.9646361543978379e-09 0 8.4461418562668051e-08 -3.754738407028172e-08 0 -8.8428282032638568e-08 4.6077690046515706e-08 0 1.9012853706199681e-07 -4.9238098826540916e-08 0 1.6031688857273722e-08 -3.2215613834198864e-08 0 3.9713562093992432e-09 -3.171619101608447e-08 0 6.1222164104554799e-08 -2.4787107669028231e-09 0 -7.4968056523421592e-08 -4.0924872462694212e-08 0 -6.4952723181758885e-08 -6.0551615517107589e-09 0 3.6415666436805388e-08 -2.7117114061439911e-09 0 4.6219835103792443e-08 9.2988519106995682e-09 0 -1.3182802272304607e-07 6.6299769230226957e-08 0 -1.6554411614418252e-07 4.5390677883005992e-08 0 -6.4430448602756043e-08 1.8262937828694703e-09 0 -1.6152425266242616e-07 1.9662564909594948e-08 0 7.1865074918762403e-08 -4.9800689794210484e-08 0 -4.2933908148455385e-08 -5.8388934576214524e-08 0 4.1088031562735514e-08 -2.2176692482389626e-08 0 -2.9365581149850404e-08 -1.084222844838223e-08 0 1.1977128537028254e-07 -3.1108129405765794e-08 0 1.9675151749917839e-07 1.9917422378057381e-08 0 -1.6068882195315646e-07 4.5738488552160561e-08 0 4.6148921961884757e-09 5.8563671245792648e-08 0 7.2049368258447008e-08 1.2045609310007421e-07 0 9.4151437948036826e-08 -8.9701245542528341e-08 0 -4.5593679594347784e-08 2.0662866972998017e-08 0 3.23649632244702e-07 4.2090903207281372e-08 0 -1.5800565003852019e-07 -3.4865252018789761e-08 0 -5.5802573795810462e-08 1.006350203169859e-08 0 2.3225057679514252e-07 -1.7635386484471383e-08 0 6.7828483897154979e-08 -4.4782211716665188e-08 0 5.0525576564836538e-08 -8.9807087988447165e-08 0 2.4015987907635598e-07 -1.2722352948912885e-07 0 8.0707912492433293e-08 -1.7074683000828372e-08 0 9.6300496039756743e-08 -7.8284756455104798e-10 0 6.7247851868217582e-08 1.1440675962148816e-07 0 -2.2658312901222428e-07 -3.1488781360167195e-08 0 -2.3893449741326946e-08 -1.5863577118579997e-08 0 -3.8303459640696678e-07 1.4145484783512075e-10 0 9.0311081977957582e-08 5.6129351833078545e-08 0 -3.4960915547231711e-08 1.1078867601099773e-08 0 1.7826192406680581e-07 2.9039483706583269e-08 0 -9.6847079615812437e-08 -7.3536028821763466e-08 0 1.377200223340489e-08 -2.485672467855693e-08 0 -8.8743300660575537e-08 -1.4921158975056414e-08 0 9.6398999534358065e-08 -5.5051339318603304e-08 0 -3.5816072935896495e-08 1.2432567813853996e-08 0 2.8285043003579709e-08 -6.5696944952177322e-08 0 -2.5709728052238658e-07 -1.2286394829093271e-07 0 -4.083658732630605e-08 4.0471002568997161e-08 0 -3.1298168225677715e-08 6.745145949863846e-08 0 -5.6164154435242864e-09 -6.3342473209637694e-09 0 -1.1911506783698089e-08 3.2511126711240866e-08 0 1.2741166635399652e-07 4.5598335069904504e-08 0 1.0311096317942702e-08 -1.0767188585863119e-07 0 7.4570182248224273e-09 -1.8745445289624632e-08 0 5.5456132955824701e-10 -5.7587461530859973e-09 0 2.3244812255851616e-08 6.9079274720378904e-09 0
        </DataArray>
        <DataArray type="Float64" Name="reaction_force_magnitude" format="ascii">
          301.93339466083512 171.03549327636389 144.98061291112981 129.13093713179794 119.22324986989014 112.97969345515672 109.10875984095114 106.83815376383468 105.68329136510418 105.32638718989146 105.55017503851715 106.20026148531491 107.16396107547293 108.35513799825036 109.70631025521853 111.1637013574756 112.68309196855331 114.2270356794738 115.76389396876979 117.26651104781236 118.71104714701991 120.07664585130759 121.34510351651518 122.50054941307094 123.52921890409779 124.4193193971799 125.16095397208221 125.74607468051298 126.16845061280119 126.4236464505437 126.50900644474748 126.42364645821179 126.16845064571426 125.7460746815144 125.16095400956661 124.41931952754406 123.52921892435072 122.50054950635251 121.34510356736422 120.07664570467217 118.71104733941586 117.26651126025237 115.76389400823314 114.22703571383776 112.6830920220505 111.16370147854209 109.70631031811848 108.35513797820039 107.16396116067455 106.20026167954769 105.55017503490237 105.32638735865072 105.68329145866191 106.83815372812187 109.10875987081312 112.97969358811199 119.22324980543775 129.13093704663123 144.98061286932224 171.03549314072393 301.93339451401721 7.0674053591937072e-08 1.4933918234477331e-07 1.524301561566917e-07 1.6412921934843039e-07 2.3286762666341845e-07 3.1450427780432287e-07 1.7716694776237736e-07 1.2303741126478292e-06 2.603970913048477e-07 9.9559588729919878e-07 6.017486394863177e-08 6.2935538678919331e-07 7.3074538479943707e-08 4.1020701427923991e-07 3.2976499779567733e-08 1.8298935312869586e-07 4.8116632525934247e-08 1.7009666872642115e-07 1.3552783815146388e-07 7.9769819243157526e-07 1.8149490785297923e-07 4.7038742290245758e-07 1.5242341282616446e-07 2.3805430567185255e-07 1.2773450675132731e-07 5.5383011748336822e-07 3.0254412074378103e-07 4.9936368312808029e-07 6.2730459631661735e-08 7.2758253319842232e-07 1.0312263867826961e-07 2.5248146731276085e-07 8.9144199525061908e-08 3.6135416239528407e-07 2.2706309528194355e-07 6.2793060996103418e-07 1.6005015000700898e-07 5.3100202799404062e-07 1.1692747748920955e-07 1.8019606774627119e-06 1.5911980199565378e-07 3.5118186960060486e-07 8.8187991649401131e-08 6.9147341115636755e-07 1.7130338670246224e-07 1.7900690849936178e-07 7.3411408077558154e-08 2.7324072331578908e-07 6.2145739361446944e-08 5.9553376084152238e-07 2.3493217739021652e-08 3.9422291949700081e-07 5.4985281044695731e-08 1.455235866155811e-07 7.4458666383166998e-08 5.8845298087661773e-08 1.7423332296187052e-07 2.296242113784775e-07 5.505073194213042e-08 2.9450714773765646e-07 1.8644540006357223e-07 2.211720392614165e-08 1.2582893883367629e-07 1.0640244150395926e-07 2.4988871270512174e-07 1.1215178637786258e-07 5.5119507492847859e-07 1.3711723542352714e-07 7.3185115156756096e-07 7.7559609091652114e-08 2.561237485465401e-07 6.6127083571450821e-08 6.566414579517561e-07 1.311040091421719e-07 1.2666012661338709e-07 4.3148281363042309e-08 1.0934688649480302e-07 6.2497004639457447e-08 1.5790424745203338e-07 2.225667831741169e-07 4.1197752804771294e-07 1.0944405828541574e-07 1.6468076503365292e-07 2.2459231764493516e-07 3.5814721793128883e-07 7.5967106420655178e-08 2.6633394017415191e-07 1.5803091531656237e-07 3.9079937565490733e-07 1.5137753676484421e-07 3.6102401692845441e-07 7.268808817473408e-08 4.6038104039233588e-07 1.394811731116032e-07 4.8635894968548976e-07 9.3761923707125764e-08 9.2291071710499906e-07 1.3254634393109258e-07 5.30608318164421e-07 9.9594185761720194e-08 2.9233740816836977e-07 1.2681554531932169e-07 7.337837163855537e-07 1.1760011613326939e-07 3.4001961068831508e-07 4.8193143299240596e-08 2.1744620142457507e-07 2.8739947882478905e-08 2.078220221297944e-07 2.227294430899337e-08 8.727967576699606e-08 6.2894153703593959e-08 1.2955619887783123e-07 6.2465586483214514e-08 4.50761088237281e-07 9.7370425180145575e-08 4.6754104880599384e-07 1.5213387204102528e-08 3.3133705749733218e-07 4.1387418392664369e-07 1.0693761514980927e-07 1.3182595384169089e-07 3.2085786284187347e-08 8.5167199323858804e-08 1.0451362278502363e-07 7.6941388932154337e-08 7.2811392857948497e-08 2.9223504125527528e-07 1.2778324233681487e-07 3.4801458579434587e-07 4.1388052785159925e-07 1.48325018798476e-07 1.5602492912523523e-07 1.5778164485050158e-07 2.8530628812293051e-07 2.1113217379315037e-08 1.8931843680548775e-07 1.8632201550721222e-07 2.1692512095282702e-07 1.7089158369211924e-07 1.0408218024665226e-07 1.3676072901158607e-07 7.652893363412782e-08 4.6108337229045144e-08 1.5867803819546301e-07 1.3811301931544455e-07 1.4820813171128162e-07 8.630841492536678e-08 4.4272296553379452e-08 2.2591734442573292e-08 1.9859666181244873e-07 1.1404194976705293e-07 1.326216379125535e-07 8.2348349192414717e-08 2.4617144809034522e-07 9.6740654307198304e-08 5.1555966650548711e-08 1.9508773982688244e-07 3.6038151791901815e-07 1.4986412647221214e-07 8.6400214644696834e-07 2.6183408279178389e-07 2.9883234605899989e-07 4.3178707273221947e-08 5.5950919639979025e-08 1.9161869137557307e-07 1.8327755597049852e-07 2.8905379621323468e-07 1.4652594959441132e-07 3.6773099522550285e-08 3.5577079348337214e-07 1.9995828126123789e-07 9.1885470902759817e-08 3.4005537912233925e-08 1.4513336688963856e-07 1.1841679195146536e-07 2.0846670629508442e-07 1.0200462814486644e-07 1.0351854787769651e-07 2.8081491194668533e-07 6.2972271902916191e-08 6.7327895152911717e-08 6.8528451830760701e-08 5.8574410120504073e-08 8.04039652459949e-08 1.2817799196364386e-07 3.7980405706587811e-08 3.2200197706235668e-07 1.288322957319386e-07 1.6818250135437567e-07 4.345365954592634e-08 2.4392426568400043e-07 2.3817766427067727e-07 1.4949077704747682e-07 6.8114375725242799e-08 2.7192393210566153e-08 1.7227132574462061e-07 3.1184976633352285e-07 8.7368483894753034e-08 9.4472882431593896e-08 8.5240663381324225e-08 2.8557589753050381e-07 1.6500168908513991e-07 1.6987900995100467e-07 7.6539007013829858e-08 1.9821457672616304e-07 1.5109161828906305e-07 3.2617887604193959e-07 2.6343342179735202e-07 3.5048234693188218e-07 6.6496809452191396e-08 1.6163614101035994e-07 1.8389208249672082e-07 2.0246780971181304e-07 7.2943628321545904e-08 2.2307480929573877e-07 8.5355417523983862e-08 4.1351638549382437e-07 8.5459176768039953e-08 2.0176987217083453e-07 2.4480112522581695e-07 1.85391803898529e-07 2.9536173393956198e-08 9.4764686356334771e-08 2.5633125137515301e-08 1.8555966921439097e-07 3.1623612249174566e-07 6.7952346115203148e-08 7.5760395684983052e-08 1.0517831630951836e-07 1.5365247146132794e-07 7.7981325167817069e-08 1.0310970143950757e-07 2.4347105498870483e-07 1.458785703930185e-07 2.4960044655004804e-07 1.2961886718404809e-07 2.2335415779614116e-07 2.544323048268585e-07 2.2527076968588387e-08 9.0498848636748786e-08 4.1878516131593542e-08 1.293326334493977e-07 1.5076237487048749e-07 1.0937875702572444e-07 8.7783101722441966e-08 8.5300142852937986e-08 4.4736032332041218e-08 7.1949841564500651e-07 1.3179848931848812e-08 6.5462048139147419e-07 7.3885092856045886e-08 4.8129717055564393e-07 5.0332001493247754e-08 1.6280798796169076e-07 1.0308176179691311e-07 1.561783339214175e-07 1.1028448660125191e-07 4.0488121176619647e-07 4.7769179817304483e-08 1.8823502145063576e-07 2.7936795972239284e-08 1.7685239462425629e-07 9.3245659592788471e-08 1.1894348222491561e-07 7.6516321612486276e-08 3.2279635257524645e-07 1.1293864397728534e-07 1.669454390817122e-07 3.2678293123491422e-08 3.9722475131519089e-07 5.7267900286637552e-08 3.2935813484305024e-07 2.0470971981428448e-07 2.905818465435056e-07 6.216782406656308e-08 2.0369703889820407e-07 4.4655365119786644e-08 5.8725173767991774e-08 4.2355643361305888e-08 5.1484150420337094e-07 1.4493508783319978e-07 1.4995301459847678e-07 7.3331588151064315e-08 5.8768407976955215e-07 3.6765866349160702e-08 5.3312496397662491e-07 8.6097959566509351e-08 3.3179836478233439e-07 1.7830886283620105e-07 1.0998200854044411e-07 1.7840192091941626e-08 6.6215046327617014e-08 3.1755655219860281e-08 3.6843188639815007e-08 8.8458805481759695e-08 1.0328457447669388e-07 3.7787619268160396e-08 3.3215986844200548e-07 3.2976943271170487e-08 6.7127053068313601e-08 9.1649246157350539e-08 3.0016554882945702e-08 6.4819082458068456e-08 4.4929877602476976e-08 6.9640335168361501e-08 1.0456033722499478e-07 2.1268490235054333e-07 1.1969905559081907e-07 1.0768968807058662e-07 1.6950417738655996e-07 2.3636444085622312e-07 3.6210697186124001e-08 2.1627500390472148e-07 5.5240325338178167e-08 1.3181842790974278e-07 1.3146767271117233e-07 1.3694875475202965e-07 2.6470898237913809e-07 2.490827974198928e-07 9.6702870180257155e-08 9.9546674396739638e-08 1.4041885962068878e-07 9.5889541296848225e-08 8.1274090822891224e-08 1.8648759586420255e-07 1.234571047145377e-07 1.3010107310327768e-07 1.6665633550547568e-07 1.4625221635899191e-07 1.0980057859832889e-07 2.8366221076106817e-07 8.137243688641212e-08 1.4181829271328785e-07 2.0105696400412367e-07 6.2659791170946882e-08 1.7862919036232685e-07 2.2099520350746688e-07 8.4503219446570698e-08 1.4884376139769948e-07 7.0965474696507542e-08 1.0771763207052268e-07 2.2043409854974928e-07 4.2394781311395831e-08 7.4290064379513621e-08 1.9552246828040925e-07 2.9890591325628641e-07 2.255230734420869e-07 2.6533369612195461e-07 2.0915540532483268e-08 1.9838382605659892e-08 1.8811881430201582e-07 1.0275038410754689e-07 2.9291977932951508e-07 1.248661143701401e-07 1.023891520170064e-07 6.8633876943681383e-08 1.6117704132656225e-07 1.7942570513901563e-07 9.4781794403473869e-09 9.1162620295360275e-08 3.6947102099854457e-08 1.2434806195531828e-07 1.391137919665215e-07 3.6771740405767623e-08 1.8912807183830585e-08 1.704931323162934e-07 5.6306236564895574e-08 3.1093133076881099e-07 7.2073328515373238e-08 1.7613987810932596e-07 6.3241566724961807e-08 2.1010575344788664e-07 2.2250851190341974e-07 1.9075468587711703e-07 8.4280207313478775e-08 3.4713677642906585e-08 6.7937109472612032e-08 8.6210757883561768e-08 2.4695187021937601e-08 2.3559449331961351e-07 1.3139061777205396e-07 9.8452506462122021e-08 1.7088743780288931e-07 1.8138456628856307e-07 3.8908604569805086e-08 2.5684702219797412e-07 5.6330510831232467e-08 1.0698308757868733e-07 1.1016933109304136e-07 5.8304868617958832e-08 1.5302273381012544e-07 8.7215476220059964e-08 2.4444808036841435e-07 6.2112259844022811e-08 2.0676744830681045e-07 4.8857173829345408e-07 1.1309189694724152e-07 6.8971510768691002e-08 1.3287148298081172e-07 8.3818452964792843e-08 5.6614922765075676e-08 2.0934896598237696e-07 6.775087635484825e-08 1.4298660830877979e-07 2.7986532042623635e-08 1.2265517396415582e-07 2.3780413285849251e-07 9.3798977692504797e-08 1.8392535000406647e-07 3.3094771922182148e-07 5.0076740488183491e-08 2.44576802353797e-08 1.2808605766810115e-07 7.6735692151179341e-08 1.3860185575964346e-07 2.6218461937627742e-08 2.1043784511134845e-07 6.3088429409898192e-08 4.955053946200084e-08 2.6540072480332533e-08 5.685732189213412e-08 6.3563505440867974e-08 8.7355783904369784e-08 9.1334621214724565e-08 1.1042677507130004e-07 1.6271286689804829e-07 4.4315165945627284e-08 7.29707082972525e-08 9.5013791695199885e-08 1.6678120991051746e-08 9.243125702996499e-08 9.9713161534807632e-08 1.9640074078624883e-07 3.5984174609551063e-08 3.1963861511255038e-08 6.1272321522127739e-08 8.5411092283067783e-08 6.523435621007932e-08 3.6516491353727916e-08 4.7145962752699039e-08 1.4756112962108042e-07 1.71654210634745e-07 6.4456326734725864e-08 1.6271662686086913e-07 8.7433961920174432e-08 7.2474741461046021e-08 4.669081309164391e-08 3.1303215074419406e-08 1.2374520804611193e-07 1.9775708167450146e-07 1.6707156201978044e-07 5.8745219548212788e-08 1.4035947360750202e-07 1.3004155766355611e-07 5.005734402159046e-08 3.2637513475284168e-07 1.6180658590560842e-07 5.6702745219070953e-08 2.3291916468623415e-07 8.1278224107216054e-08 1.0304439305548774e-07 2.7177673552686802e-07 8.2494314582673195e-08 9.6303677955790078e-08 1.3270712199418201e-07 2.2876069965035228e-07 2.8680132836834133e-08 3.8303462252663521e-07 1.0633247700129482e-07 3.6674336029754735e-08 1.8061175262408742e-07 1.2160141596620797e-07 2.8416980966712323e-08 8.9988968197730844e-08 1.1101088717777714e-07 3.7912528575598009e-08 7.1527143335686005e-08 2.8494659401656955e-07 5.7493729339805354e-08 7.4359093073942791e-08 8.4656252903961444e-09 3.4624519547460075e-08 1.3532531501625782e-07 1.081644752755358e-07 2.0174212250089076e-08 5.7853863763731617e-09 2.4249551723046866e-08
        </DataArray>
        <DataArray type="Float64" Name="contact_force" NumberOfComponents="3" format="ascii">
          -0 -0 0 -0 -0 0 -0 -0 0 -0 -0 0 -0 -0 0 -0 -0 0 -0 -0 0 -0 -0 0 -0 -0 0 -0 -0 0 -0 -0 0 -0 -0 0 -0 -0 0 -0 -0 0 -0 -0 0 -0 -0 0 -0 -0 0 -0 -0 0 -0 -0 0 -0 -0 0 -0 -0 0 -0 -0 0 -0 -0 0 -0 -0 0 -0 -0 0 -0 -0 0 -0 -0 0 -0 -0 0 -0 -0 0 -0 -0 0 -0 -0 0 -0 -0 0 -0 -0 0 -0 -0 0 -0 -0 0 -0 -0 0 -0 -0 0 -0 -0 0 -0 -0 0 -0 -0 0 -0 -0 0 -0 -0 0 -0 -0 0 -0 -0 0 -0 -0 0 -0 -0 0 -0 -0 0 -0 -0 0 -0 -0 0 -0 -0 0 -0 -0 0 -0 -0 0 -0 -0 0 -0 -0 0 -0 -0 0 -0 -0 0 -0 -0 0 -0 -0 0 -0 -0 0 -0 -0 0 -0 -0 0 -0 -0 0 -0 -0 0 -0 -0 0 -0 -0 0 -0 -0 0 -0 -0 0 -0 -0 0 -0 -0 0 -0 -0 0 -0 -0 0 -0 -0 0 -0 -0 0 -0 -0 0 -0 -0 0 -0 -0 0 -0 -0 0 -0 -0 0 -0 -0 0 -0 -0 0 -0 -0 0 -0 -0 0 -0 -0 0 -0 -0 0 -0 -0 0 -0 -0 0 -0 -0 0 -0 -0 0 -0 -0 0 -0 -0 0 -0 -0 0 -0 -0 0 -0 -0 0 -0 -0 0 -0 -0 0 -0 -0 0 -0 -0 0 -0 -0 0 -0 -0 0 -0 -0 0 -0 -0 0 -0 -0 0 -0 -0 0 -0 -0 0 -0 -0 0 -0 -0 0 -0 -0 0 -0 -0 0 -0 -0 0 -0 -0 0 -0 -0 0 -0 -0 0 -0 -0 0 -0 -0 0 -0 -0 0 -0 -0 0 -0 -0 0 -0 -0 0 -0 -0 0 -0 -0 0 -0 -0 0 -0 -0 0 -0 -0 0 -0 -0 0 -0 -0 0 -0 -0 0 -0 -0 0 -0 -0 0 -0 -0 0 -0 -0 0 -0 -0 0 -0 -0 0 -0 -0 0 -0 -0 0 -0 -0 0 -0 -0 0 -0 -0 0 -0 -0 0 -0 -0 0 -0 -0 0 -0 -0 0 -0 -0 0 -0 -0 0 -0 -0 0 -0 -0 0 -0 -0 0 -0 -0 0 -0 -0 0 -0 -0 0 -0 -0 0 -0 -0 0 -0 -0 0 -0 -0 0 -0 -0 0 -0 -0 0 -0 -0 0 -0 -0 0 -0 -0 0 -0 -0 0 -0 -0 0 -0 -0 0 -0 -0 0 -0 -0 0 -0 -0 0 -0 -0 0 -0 -0 0 -0 -0 0 -0 -0 0 -0 -0 0 -0 -0 0 -0 -0 0 -0 -0 0 -0 -0 0 -0 -0 0 -0 -0 0 -0 -0 0 -0 -0 0 -0 -0 0 -0 -0 0 -0 -0 0 -0 -0 0 -0 -0 0 -0 -0 0 -0 -0 0 -0 -0 0 -0 -0 0 -0 -0 0 -0 -0 0 -0 -0 0 -0 -0 0 -0 -0 0 -0 -0 0 -0 -0 0 -0 -0 0 -0 -0 0 -0 -0 0 -0 -0 0 -0 -0 0 -0 -0 0 -0 -0 0 -0 -0 0 -0 -0 0 -0 -0 0 -0 -0 0 -0 -0 0 -0 -0 0 -0 -0 0 -0 -0 0 -0 -0 0 -0 -0 0 -0 -0 0 -0 -0 0 -0 -0 0 -0 -0 0 -0 -0 0 -0 -0 0 -0 -0 0 -0 -0 0 -0 -0 0 -0 -0 0 -0 -0 0 -0 -0 0 -0 -0 0 -0 -0 0 -0 -0 0 -0 -0 0 -0 -0 0 -0 -0 0 -0 -0 0 -0 -0 0 -0 -0 0 -0 -0 0 -0 -0 0 -0 -0 0 -0 -0 0 -0 -0 0 -0 -0 0 -0 -0 0 -0 -0 0 -0 -0 0 -0 -0 0 -0 -0 0 -0 -0 0 -0 -0 0 -0 -0 0 -0 -0 0 -0 -0 0 -0 -0 0 -0 -0 0 -0 -0 0 -0 -0 0 -0 -0 0 -0 -0 0 -0 -0 0 -0 -0 0 -0 -0 0 -0 -0 0 -0 -0 0 -0 -0 0 -0 -0 0 -0 -0 0 -0 -0 0 -0 -0 0 -0 -0 0 -0 -0 0 -0 -0 0 -0 -0 0 -0 -0 0 -0 -0 0 -0 -0 0 -0 -0 0 -0 -0 0 -0 -0 0 -0 -0 0 -0 -0 0 -0 -0 0 -0 -0 0 -0 -0 0 -0 -0 0 -0 -0 0 -0 -0 0 -0 -0 0 -0 -0 0 -0 -0 0 -0 -0 0 -0 -0 0 -0 -0 0 -0 -0 0 -0 -0 0 -0 -0 0 -0 -0 0 -0 -0 0 -0 -0 0 -0 -0 0 -0 -0 0 -0 -0 0 -0 -0 0 -0 -0 0 -0 -0 0 -0 -0 0 -0 -0 0 -0 -0 0 -0 -0 0 -0 -0 0 -0 -0 0 -0 -0 0 -0 -0 0 -0 -0 0 -0 -0 0 -0 -0 0 -0 -0 0 -0 -0 0 -0 -0 0 -0 -0 0 -0 -0 0 -0 -0 0 -0 -0 0 -0 -0 0 -0 -0 0 -0 -0 0 -0 -0 0 -0 -0 0 -0 -0 0 -0 -0 0 -0 -0 0 -0 -0 0 -0 -0 0 -0 -0 0 -0 -0 0 -0 -0 0 -0 -0 0 -0 -0 0 -0 -0 0 -0 -0 0 -0 -0 0 -0 -0 0 -0 -0 0 -0 -0 0 -0 -0 0 -0 -0 0 -0 -0 0 -0 -0 0 -0 -0 0 -0 -0 0 -0 -0 0 -0 -0 0 -0 -0 0 -0 -0 0 -0 -0 0 -0 -0 0 -0 -0 0 -0 -0 0 -0 -0 0 -0 -0 0 -0 -0 0 -0 -0 0 -0 -0 0 -0 -0 0 -0 -0 0 -0 -0 0 -0 -0 0 -0 -0 0 -0 -0 0 -0 -0 0 -0 -0 0 -0 -0 0 -0 -0 0 -0 -0 0 -0 -0 0 -0 -0 0 -0 -0 0 -0 -0 0 -0 -0 0 -0 -0 0 -0 -0 0 -0 -0 0 -0 -0 0 -0 -0 0 -0 -0 0 -0 -0 0 -0 -0 0 -0 -0 0 -0 -0 0 -0 -0 0 -0 -0 0 -0 -0 0 -0 -0 0 -0 -0 0 -0 -0 0 -0 -0 0 -0 -0 0 -0 -0 0 -0 -0 0 -0 -0 0 -0 -0 0 -0 -0 0 -0 -0 0 -0 -0 0 -0 -0 0 -0 -0 0 -0 -0 0 -0 -0 0 -0 -0 0 -0 -0 0 -0 -0 0 -0 -0 0 -0 -0 0 -0 -0 0 -0 -0 0 -0 -0 0 -0 -0 0 -0 -0 0 -0 -0 0 -0 -0 0 -0 -0 0 -0 -0 0 -0 -0 0 -0 -0 0 -0 -0 0 -0 -0 0 -0 -0 0 -0 -0 0 -0 -0 0 -0 -0 0 -0 -0 0 -0 -0 0 -0 -0 0 -0 -0 0 -0 -0 0 -0 -0 0 -0 -0 0 -0 -0 0 -0 -0 0 -0 -0 0 -0 -0 0 -0 -0 0 -0 -0 0 -0 -0 0 -0 -0 0 -0 -0 0 -0 -0 0 -0 -0 0 -0 -0 0 -0 -0 0 -0 -0 0 -0 -0 0 -0 -0 0 -0 -0 0 -0 -0 0 -0 -0 0 -0 -0 0 -0 -0 0 -0 -0 0 -0 -0 0 -0 -0 0 -0 -0 0 -0 -0 0 -0 -0 0 -0 -0 0 -0 -0 0 -0 -0 0 -0 -0 0 -0 -0 0 -0 -0 0 -0 -0 0 -0 -0 0 -0 -0 0 -0 -0 0 -0 -0 0 -0 -0 0 -0 -0 0 -0 -0 0 -0 -0 0 -0 -0 0 -0 -0 0 -0 -0 0 -0 -0 0 -0 -0 0 -0 -0 0 -0 -0 0 -0 -0 0 -0 -0 0 -0 -0 0 -0 -0 0 -0 -0 0 -0 -0 0 -0 -0 0 -0 -0 0 -0 -0 0 -0 -0 0 -0 -0 0 -0 -0 0 -0 -0 0 -0 -0 0 -0 -0 0 -0 -0 0 -0 -0 0 -0 -0 0 -0 -0 0 -0 -0 0 -0 -0 0 -0 -3.1144321482742465 0 -0 -43.807275292422609 0 -0 -96.721515441152263 0 -0 -135.88163291678541 0 -0 -166.68909509481495 0 -0 -192.10242180468751 0 -0 -213.59213877913515 0 -0 -232.00361180374483 0 -0 -247.86293485505155 0 -0 -261.51563689230954 0 -0 -273.19832060782846 0 -0 -283.07835652424995 0 -0 -291.27690050139682 0 -0 -297.88270550690498 0 -0 -302.96063241865471 0 -0 -306.55698627158711 0 -0 -308.70286703102016 0 -0 -309.41620670782197 0 -0 -308.70286701959901 0 -0 -306.55698625735312 0 -0 -302.96063241671408 0 -0 -297.88270555918552 0 -0 -291.27690056418493 0 -0 -283.07835654490151 0 -0 -273.19832058699802 0 -0 -261.51563682579899 0 -0 -247.86293478493545 0 -0 -232.00361171963391 0 -0 -213.5921386606135 0 -0 -192.10242169201393 0 -0 -166.68909501264963 0 -0 -135.88163288203896 0 -0 -96.721515458378803 0 -0 -43.80727533826073 0 -0 -3.1144321546912783 0 -0 -0 0 -0 -0 0 -0 -0 0 -0 -0 0 -0 -0 0 -0 -0 0 -0 -0 0 -0 -0 0 -0 -0 0 -0 -0 0 -0 -0 0 -0 -0 0 -0 -0 0
        </DataArray>
        <DataArray type="Float64" Name="contact_force_magnitude" format="ascii">
          0 0 0 0 0 0 0 0 0 0 0 0 0 0 0 0 0 0 0 0 0 0 0 0 0 0 0 0 0 0 0 0 0 0 0 0 0 0 0 0 0 0 0 0 0 0 0 0 0 0 0 0 0 0 0 0 0 0 0 0 0 0 0 0 0 0 0 0 0 0 0 0 0 0 0 0 0 0 0 0 0 0 0 0 0 0 0 0 0 0 0 0 0 0 0 0 0 0 0 0 0 0 0 0 0 0 0 0 0 0 0 0 0 0 0 0 0 0 0 0 0 0 0 0 0 0 0 0 0 0 0 0 0 0 0 0 0 0 0 0 0 0 0 0 0 0 0 0 0 0 0 0 0 0 0 0 0 0 0 0 0 0 0 0 0 0 0 0 0 0 0 0 0 0 0 0 0 0 0 0 0 0 0 0 0 0 0 0 0 0 0 0 0 0 0 0 0 0 0 0 0 0 0 0 0 0 0 0 0 0 0 0 0 0 0 0 0 0 0 0 0 0 0 0 0 0 0 0 0 0 0 0 0 0 0 0 0 0 0 0 0 0 0 0 0 0 0 0 0 0 0 0 0 0 0 0 0 0 0 0 0 0 0 0 0 0 0 0 0 0 0 0 0 0 0 0 0 0 0 0 0 0 0 0 0 0 0 0 0 0 0 0 0 0 0 0 0 0 0 0 0 0 0 0 0 0 0 0 0 0 0 0 0 0 0 0 0 0 0 0 0 0 0 0 0 0 0 0 0 0 0 0 0 0 0 0 0 0 0 0 0 0 0 0 0 0 0 0 0 0 0 0 0 0 0 0 0 0 0 0 0 0 0 0 0 0 0 0 0 0 0 0 0 0 0 0 0 0 0 0 0 0 0 0 0 0 0 0 0 0 0 0 0 0 0 0 0 0 0 0 0 0 0 0 0 0 0 0 0 0 0 0 0 0 0 0 0 0 0 0 0 0 0 0 0 0 0 0 0 0 0 0 0 0 0 0 0 0 0 0 0 0 0 0 0 0 0 0 0 0 0 0 0 0 0 0 0 0 0 0 0 0 0 0 0 0 0 0 0 0 0 0 0 0 0 0 0 0 0 0 0 0 0 0 0 0 0 0 0 0 0 0 0 0 0 0 0 0 0 0 0 3.1144321482742465 43.807275292422609 96.721515441152263 135.88163291678541 166.68909509481495 192.10242180468751 213.59213877913515 232.00361180374483 247.86293485505155 261.51563689230954 273.19832060782846 283.07835652424995 291.27690050139682 297.88270550690498 302.96063241865471 306.55698627158711 308.70286703102016 309.41620670782197 308.70286701959901 306.55698625735312 302.96063241671408 297.88270555918552 291.27690056418493 283.07835654490151 273.19832058699802 261.51563682579899 247.86293478493545 232.00361171963391 213.5921386606135 192.10242169201393 166.68909501264963 135.88163288203896 96.721515458378803 43.80727533826073 3.1144321546912783 0 0 0 0 0 0 0 0 0 0 0 0 0
        </DataArray>
        <DataArray type="Float64" Name="rigid_plane_signed_distance" format="ascii">
          0.24349364905389026 0.24134507321515108 0.23926310178526838 0.23724836895290824 0.23530148842520854 0.23342305324083784 0.23161363558935022 0.2298737866368904 0.22820403635830366 0.22660489337570011 0.22507684480352347 0.22362035610017139 0.22223587092621222 0.22092381100924174 0.21968457601542091 0.21851854342773358 0.21742606843100143 0.21640748380369174 0.21546309981654904 0.21459320413808441 0.21379806174694838 0.21307791485121591 0.21243298281460771 0.21186346208966977 0.21136952615793186 0.2109513254770638 0.21060898743504403 0.21034261631135653 0.210152293245226 0.2100380762109022 0.20999999999999996 0.21003807621090209 0.21015229324522589 0.21034261631135642 0.2106089874350438 0.21095132547706347 0.21136952615793153 0.21186346208966933 0.21243298281460721 0.21307791485121536 0.21379806174694771 0.21459320413808375 0.21546309981654832 0.2164074838036909 0.2174260684310006 0.21851854342773258 0.21968457601541996 0.22092381100924086 0.22223587092621133 0.2236203561001705 0.22507684480352269 0.22660489337569933 0.22820403635830294 0.22987378663688973 0.23161363558934961 0.2334230532408374 0.23530148842520815 0.23724836895290796 0.23926310178526822 0.24134507321515103 0.24349364905389037 0.22412694367698102 0.22073419225194563 0.21767579981274005 0.21486839358749063 0.21226231733900963 0.2098261096482627 0.20753874920424581 0.20538554425742145 0.2033558333400545 0.20144163477981153 0.19963681698084998 0.19793656589919434 0.19633703016257509 0.19483508546561434 0.19342816168881705 0.19211411770880743 0.19089115310810989 0.1897577422924176 0.18871258075879663 0.18775454604414141 0.18688266979141466 0.18609611459390768 0.18539415587208746 0.18477616845959091 0.18424161677535106 0.18379004752496136 0.18342108425102255 0.18313442331030286 0.18292983099847634 0.18280714158857239 0.18276625609360087 0.18280714158838351 0.1829298309979549 0.18313442330957541 0.18342108425002512 0.18379004752349917 0.18424161677476425 0.18477616846002753 0.18539415587392294 0.18609611459723135 0.18688266979355511 0.18775454604550454 0.18871258076042222 0.18975774229461767 0.19089115311041505 0.19211411771122161 0.19342816169183097 0.19483508546938455 0.19633703016584839 0.19793656590209574 0.19963681698300245 0.20144163478073074 0.20335583334140261 0.20538554425929983 0.20753874920552129 0.20982610964867998 0.21226231733865392 0.21486839358583926 0.21767579981039359 0.22073419224888702 0.224126943673426 0.20031624647614407 0.19717992301637724 0.19409545818986326 0.19112361123948024 0.18828772873346244 0.1855949101052761 0.18304513805485809 0.18063535824761395 0.17836134352745397 0.17621855049472857 0.17420250756264638 0.17230898571100386 0.17053406223364029 0.16887410302504396 0.16732576450889944 0.1658859797763971 0.1645519268363379 0.16332100033983771 0.16219080475274816 0.16115914342453813 0.16022400064647618 0.15938353457595458 0.1586360755022998 0.15798012494622202 0.15741435500481704 0.15693760851882432 0.15654890033424135 0.15624741944174819 0.1560325315275792 0.15590378144719363 0.15586089524252811 0.15590378144546993 0.15603253152590157 0.15624741943986706 0.15654890033211069 0.15693760851686167 0.15741435500257481 0.15798012494376457 0.15863607550114173 0.15938353457597215 0.16022400064667058 0.16115914342516605 0.16219080475453845 0.16332100034250052 0.16455192683976255 0.16588597978084629 0.16732576451374714 0.16887410303027917 0.17053406223903256 0.17230898571630024 0.17420250756700198 0.17621855049818197 0.17836134353090038 0.18063535825144528 0.18304513805654476 0.18559491010519705 0.18828772873265465 0.19112361123835672 0.19409545818808979 0.19717992301461845 0.20031624647429905 0.17526154763288204 0.1719627440355106 0.16880939587618035 0.1657811540927242 0.16287684573946651 0.16009966419540922 0.15745266487886961 0.15493765922439251 0.15255517253470924 0.15030467733734004 0.14818484227531803 0.14619372367780481 0.14432892818033666 0.14258783635131572 0.14096761217947709 0.13946526075818039 0.13807772240879451 0.13680195479054497 0.13563494198362197 0.13457371211215546 0.13361540150634349 0.13275729562505437 0.1319968528910859 0.13133172578614843 0.13075978355121637 0.13027913507467356 0.12988814952937497 0.12958547321867148 0.1293700422218092 0.12924109117458266 0.12919815884643113 0.12924109117426821 0.12937004222117338 0.12958547321707475 0.12988814952740541 0.1302791350726471 0.1307597835493241 0.13133172578466329 0.13199685289022106 0.13275729562521932 0.1336154015078137 0.13457371211452768 0.13563494198670586 0.13680195479498694 0.13807772241417751 0.13946526076345994 0.14096761218487336 0.14258783635646491 0.14432892818545967 0.14619372368275302 0.14818484227913611 0.15030467734032849 0.15255517253701489 0.15493765922506569 0.15745266487895748 0.16009966419470895 0.16287684573819708 0.16578115409095023 0.16880939587397209 0.17196274403284581 0.17526154762981183 0.14910583748643969 0.14573324592885878 0.14248791720114101 0.13937705120535376 0.13640094239533621 0.13355980574571802 0.13085452588830859 0.12828619148739018 0.12585560882924024 0.12356301857683602 0.12140800795851445 0.11938953873283056 0.11750590725159035 0.11575447548489751 0.11413220088603725 0.11263570446928033 0.11126126113925805 0.11000478649558282 0.10886203218052513 0.10782881949762815 0.10690105421333664 0.10607475817944584 0.10534614616471749 0.1047117120630211 0.10416829917641886 0.10371314690994335 0.10334391615807496 0.10305869917955425 0.10285601995481901 0.10273482992608828 0.10269450268528658 0.10273482992564681 0.10285601995374775 0.10305869917877533 0.10334391615703882 0.1037131469082952 0.1041682991744676 0.10471171206209569 0.1053461461652469 0.10607475818030056 0.10690105421465346 0.1078288194995487 0.1088620321830228 0.11000478649836998 0.11126126114236717 0.11263570447262815 0.11413220088976168 0.11575447548826119 0.11750590725416359 0.11938953873478364 0.1214080079602772 0.12356301857749691 0.12585560882892755 0.12828619148650588 0.13085452588662441 0.13355980574342691 0.13640094239201439 0.13937705120152177 0.14248791719659784 0.14573324592358045 0.14910583748032186 0.12203486744248135 0.11859271536895319 0.11527590717616715 0.11208801428304133 0.10903535719928724 0.10612366491688127 0.10335779317670743 0.10074172039757005 0.098278395342446562 0.095969469687445255 0.093815038097225925 0.0918136016516891 0.089962612021931454 0.088259439094224387 0.086699367088722765 0.08527652306688642 0.083984356483474701 0.082816229723696982 0.081765619060412367 0.080825683881878746 0.079989576108090002 0.079250856057096239 0.078603754405989754 0.078043277871660058 0.077565214811496599 0.077166090072302407 0.076843100868538211 0.076594051441680897 0.076417295420310519 0.076311689801092542 0.076276561937903983 0.07631168980100371 0.07641729541994878 0.076594051441126229 0.076843100868235079 0.077166090072731897 0.077565214812169173 0.078043277872925351 0.078603754407560095 0.079250856059057309 0.079989576110395061 0.080825683884852603 0.081765619064177994 0.082816229726976998 0.083984356486266773 0.085276523069943502 0.086699367091806367 0.088259439096428985 0.089962612023068156 0.091813601652200441 0.093815038097019354 0.095969469686823336 0.098278395341004271 0.10074172039529235 0.10335779317360003 0.10612366491299907 0.10903535719462205 0.11208801427806545 0.11527590717120174 0.11859271536444439 0.1220348674385749 0.094307586240526931 0.090779631314952078 0.087359317200680492 0.084061592203471591 0.080898768561902118 0.077882204834347477 0.075022473035107465 0.072329313730698105 0.069811455499028049 0.06747619682858827 0.065328593282398748 0.063370036779719571 0.061596202928667354 0.059996554510072381 0.05856405498748786 0.057288828093115432 0.056159354131607608 0.055163015605319485 0.054284975268428598 0.053511396725425112 0.05283075436048576 0.052233894446485227 0.051713681924408575 0.051264588528725105 0.050882337028723107 0.050563624302631061 0.050305915940725893 0.050107298071570577 0.049966372868221892 0.049882187070979578 0.049854185862641107 0.049882187070644013 0.04996637286803067 0.050107298072400552 0.050305915942114268 0.050563624303972932 0.050882337030475955 0.051264588531210145 0.051713681926840963 0.052233894449159241 0.05283075436294099 0.05351139672771521 0.054284975270256067 0.055163015607353691 0.056159354133473338 0.057288828094662486 0.058564054988735709 0.059996554510989369 0.061596202929142974 0.063370036778901684 0.065328593281153244 0.067476196826681628 0.069811455496873953 0.072329313728264996 0.075022473032374998 0.077882204830962629 0.08089876855834735 0.084061592199676557 0.087359317197082939 0.090779631311955156 0.094307586238493488 0.066318306061132523 0.06262688595960067 0.059038507623648803 0.055569367369852019 0.052234840108791411 0.049049811588071895 0.046029086027107438 0.043187671672920175 0.040541033689123943 0.03810532270748887 0.035897486587633004 0.033934917522584152 0.032233238859890101 0.030795893325079149 0.029583734095661771 0.028568459703293886 0.027719962150222169 0.0269983947149781 0.026375470024352476 0.025832796139365857 0.02535823423113874 0.024943495648984598 0.024582720693337765 0.024271640324488961 0.024007071884077205 0.023786608342561494 0.023608422285215772 0.023471139851078987 0.02337375875284782 0.023315595221009358 0.023296250990003403 0.023315595221385599 0.023373758753343798 0.023471139851595976 0.023608422285709266 0.02378660834313466 0.024007071884559916 0.02427164032569587 0.024582720695088905 0.024943495650980571 0.025358234233331015 0.02583279614141154 0.026375470026794356 0.02699839471709474 0.027719962151904032 0.028568459704376312 0.029583734096349651 0.030795893324908813 0.0322332388590926 0.033934917521302732 0.035897486586047828 0.038105322705743863 0.040541033687008482 0.043187671670863473 0.046029086024860846 0.049049811585982817 0.052234840106587632 0.055569367367912945 0.05903850762220883 0.062626885958053768 0.066318306059878332 0.038400025106088712 0.034480223714834515 0.030676750189980298 0.026996235296445292 0.023449690896813272 0.020050441030487268 0.016813272892150108 0.013754291161280782 0.01089118276795345 0.0082438659966214967 0.0058357074770889611 0.0036959147381608187 0.0018652063485537912 0.00041332597632340318 -0.0005390209597468526 -0.0011347988774756818 -0.0015719494840103904 -0.0019200546620038311 -0.0022086753006886617 -0.002453401382099471 -0.0026634192739335982 -0.0028445173310852473 -0.0030005277827669097 -0.0031340904800460367 -0.0032470815987458018 -0.0033408642800403648 -0.0034164399524567596 -0.0034745420427225726 -0.00351569497747245 -0.0035402513635361954 -0.0035484146502068326 -0.003540251363380334 -0.0035156949773105933 -0.003474542042547199 -0.0034164399531867451 -0.0033408642808904349 -0.003247081598932583 -0.003134090479868748 -0.0030005277818570958 -0.0028445173303287968 -0.0026634192730483619 -0.0024534013806136595 -0.0022086752993681208 -0.0019200546610248365 -0.0015719494835975262 -0.0011347988777170581 -0.0005390209603785695 0.00041332597538780436 0.0018652063470626229 0.0036959147368324785 0.0058357074755571725 0.0082438659950485188 0.010891182767191074 0.013754291160588586 0.016813272891039732 0.020050441029257071 0.023449690895564229 0.026996235294845294 0.030676750188631918 0.034480223713696107 0.038400025104827568
        </DataArray>
        <DataArray type="Float64" Name="rigid_plane_penetration" format="ascii">
          0 0 0 0 0 0 0 0 0 0 0 0 0 0 0 0 0 0 0 0 0 0 0 0 0 0 0 0 0 0 0 0 0 0 0 0 0 0 0 0 0 0 0 0 0 0 0 0 0 0 0 0 0 0 0 0 0 0 0 0 0 0 0 0 0 0 0 0 0 0 0 0 0 0 0 0 0 0 0 0 0 0 0 0 0 0 0 0 0 0 0 0 0 0 0 0 0 0 0 0 0 0 0 0 0 0 0 0 0 0 0 0 0 0 0 0 0 0 0 0 0 0 0 0 0 0 0 0 0 0 0 0 0 0 0 0 0 0 0 0 0 0 0 0 0 0 0 0 0 0 0 0 0 0 0 0 0 0 0 0 0 0 0 0 0 0 0 0 0 0 0 0 0 0 0 0 0 0 0 0 0 0 0 0 0 0 0 0 0 0 0 0 0 0 0 0 0 0 0 0 0 0 0 0 0 0 0 0 0 0 0 0 0 0 0 0 0 0 0 0 0 0 0 0 0 0 0 0 0 0 0 0 0 0 0 0 0 0 0 0 0 0 0 0 0 0 0 0 0 0 0 0 0 0 0 0 0 0 0 0 0 0 0 0 0 0 0 0 0 0 0 0 0 0 0 0 0 0 0 0 0 0 0 0 0 0 0 0 0 0 0 0 0 0 0 0 0 0 0 0 0 0 0 0 0 0 0 0 0 0 0 0 0 0 0 0 0 0 0 0 0 0 0 0 0 0 0 0 0 0 0 0 0 0 0 0 0 0 0 0 0 0 0 0 0 0 0 0 0 0 0 0 0 0 0 0 0 0 0 0 0 0 0 0 0 0 0 0 0 0 0 0 0 0 0 0 0 0 0 0 0 0 0 0 0 0 0 0 0 0 0 0 0 0 0 0 0 0 0 0 0 0 0 0 0 0 0 0 0 0 0 0 0 0 0 0 0 0 0 0 0 0 0 0 0 0 0 0 0 0 0 0 0 0 0 0 0 0 0 0 0 0 0 0 0 0 0 0 0 0 0 0 0 0 0 0 0 0 0 0 0 0 0 0 0 0 0 0 0 0 0 0 0 0 0 0 0 0 0 0 0 0 0 0 0 0 0 0 0 0 0 0 0 0 0 0 0 0 0 0 0 0 0.0005390209597468526 0.0011347988774756818 0.0015719494840103904 0.0019200546620038311 0.0022086753006886617 0.002453401382099471 0.0026634192739335982 0.0028445173310852473 0.0030005277827669097 0.0031340904800460367 0.0032470815987458018 0.0033408642800403648 0.0034164399524567596 0.0034745420427225726 0.00351569497747245 0.0035402513635361954 0.0035484146502068326 0.003540251363380334 0.0035156949773105933 0.003474542042547199 0.0034164399531867451 0.0033408642808904349 0.003247081598932583 0.003134090479868748 0.0030005277818570958 0.0028445173303287968 0.0026634192730483619 0.0024534013806136595 0.0022086752993681208 0.0019200546610248365 0.0015719494835975262 0.0011347988777170581 0.0005390209603785695 0 0 0 0 0 0 0 0 0 0 0 0 0 0
        </DataArray>
      </PointData>
      <CellData>
        <DataArray type="Int32" Name="element_id" format="ascii">
          1 2 3 4 5 6 7 8 9 10 11 12 13 14 15 16 17 18 19 20 21 22 23 24 25 26 27 28 29 30 31 32 33 34 35 36 37 38 39 40 41 42 43 44 45 46 47 48 49 50 51 52 53 54 55 56 57 58 59 60 61 62 63 64 65 66 67 68 69 70 71 72 73 74 75 76 77 78 79 80 81 82 83 84 85 86 87 88 89 90 91 92 93 94 95 96 97 98 99 100 101 102 103 104 105 106 107 108 109 110 111 112 113 114 115 116 117 118 119 120 121 122 123 124 125 126 127 128 129 130 131 132 133 134 135 136 137 138 139 140 141 142 143 144 145 146 147 148 149 150 151 152 153 154 155 156 157 158 159 160 161 162 163 164 165 166 167 168 169 170 171 172 173 174 175 176 177 178 179 180 181 182 183 184 185 186 187 188 189 190 191 192 193 194 195 196 197 198 199 200 201 202 203 204 205 206 207 208 209 210 211 212 213 214 215 216 217 218 219 220 221 222 223 224 225 226 227 228 229 230 231 232 233 234 235 236 237 238 239 240 241 242 243 244 245 246 247 248 249 250 251 252 253 254 255 256 257 258 259 260 261 262 263 264 265 266 267 268 269 270 271 272 273 274 275 276 277 278 279 280 281 282 283 284 285 286 287 288 289 290 291 292 293 294 295 296 297 298 299 300 301 302 303 304 305 306 307 308 309 310 311 312 313 314 315 316 317 318 319 320 321 322 323 324 325 326 327 328 329 330 331 332 333 334 335 336 337 338 339 340 341 342 343 344 345 346 347 348 349 350 351 352 353 354 355 356 357 358 359 360 361 362 363 364 365 366 367 368 369 370 371 372 373 374 375 376 377 378 379 380 381 382 383 384 385 386 387 388 389 390 391 392 393 394 395 396 397 398 399 400 401 402 403 404 405 406 407 408 409 410 411 412 413 414 415 416 417 418 419 420 421 422 423 424 425 426 427 428 429 430 431 432 433 434 435 436 437 438 439 440 441 442 443 444 445 446 447 448 449 450 451 452 453 454 455 456 457 458 459 460 461 462 463 464 465 466 467 468 469 470 471 472 473 474 475 476 477 478 479 480
        </DataArray>
        <DataArray type="Int32" Name="material_id" format="ascii">
          1 1 1 1 1 1 1 1 1 1 1 1 1 1 1 1 1 1 1 1 1 1 1 1 1 1 1 1 1 1 1 1 1 1 1 1 1 1 1 1 1 1 1 1 1 1 1 1 1 1 1 1 1 1 1 1 1 1 1 1 1 1 1 1 1 1 1 1 1 1 1 1 1 1 1 1 1 1 1 1 1 1 1 1 1 1 1 1 1 1 1 1 1 1 1 1 1 1 1 1 1 1 1 1 1 1 1 1 1 1 1 1 1 1 1 1 1 1 1 1 1 1 1 1 1 1 1 1 1 1 1 1 1 1 1 1 1 1 1 1 1 1 1 1 1 1 1 1 1 1 1 1 1 1 1 1 1 1 1 1 1 1 1 1 1 1 1 1 1 1 1 1 1 1 1 1 1 1 1 1 1 1 1 1 1 1 1 1 1 1 1 1 1 1 1 1 1 1 1 1 1 1 1 1 1 1 1 1 1 1 1 1 1 1 1 1 1 1 1 1 1 1 1 1 1 1 1 1 1 1 1 1 1 1 1 1 1 1 1 1 1 1 1 1 1 1 1 1 1 1 1 1 1 1 1 1 1 1 1 1 1 1 1 1 1 1 1 1 1 1 1 1 1 1 1 1 1 1 1 1 1 1 1 1 1 1 1 1 1 1 1 1 1 1 1 1 1 1 1 1 1 1 1 1 1 1 1 1 1 1 1 1 1 1 1 1 1 1 1 1 1 1 1 1 1 1 1 1 1 1 1 1 1 1 1 1 1 1 1 1 1 1 1 1 1 1 1 1 1 1 1 1 1 1 1 1 1 1 1 1 1 1 1 1 1 1 1 1 1 1 1 1 1 1 1 1 1 1 1 1 1 1 1 1 1 1 1 1 1 1 1 1 1 1 1 1 1 1 1 1 1 1 1 1 1 1 1 1 1 1 1 1 1 1 1 1 1 1 1 1 1 1 1 1 1 1 1 1 1 1 1 1 1 1 1 1 1 1 1 1 1 1 1 1 1 1 1 1 1 1 1 1 1 1 1 1 1 1 1 1 1 1 1 1 1 1 1 1 1 1 1 1 1 1 1 1 1 1 1 1
        </DataArray>
        <DataArray type="Int32" Name="candidate_contact_facet" format="ascii">
          0 0 0 0 0 0 0 0 0 0 0 0 0 0 0 0 0 0 0 0 0 0 0 0 0 0 0 0 0 0 0 0 0 0 0 0 0 0 0 0 0 0 0 0 0 0 0 0 0 0 0 0 0 0 0 0 0 0 0 0 0 0 0 0 0 0 0 0 0 0 0 0 0 0 0 0 0 0 0 0 0 0 0 0 0 0 0 0 0 0 0 0 0 0 0 0 0 0 0 0 0 0 0 0 0 0 0 0 0 0 0 0 0 0 0 0 0 0 0 0 0 0 0 0 0 0 0 0 0 0 0 0 0 0 0 0 0 0 0 0 0 0 0 0 0 0 0 0 0 0 0 0 0 0 0 0 0 0 0 0 0 0 0 0 0 0 0 0 0 0 0 0 0 0 0 0 0 0 0 0 0 0 0 0 0 0 0 0 0 0 0 0 0 0 0 0 0 0 0 0 0 0 0 0 0 0 0 0 0 0 0 0 0 0 0 0 0 0 0 0 0 0 0 0 0 0 0 0 0 0 0 0 0 0 0 0 0 0 0 0 0 0 0 0 0 0 0 0 0 0 0 0 0 0 0 0 0 0 0 0 0 0 0 0 0 0 0 0 0 0 0 0 0 0 0 0 0 0 0 0 0 0 0 0 0 0 0 0 0 0 0 0 0 0 0 0 0 0 0 0 0 0 0 0 0 0 0 0 0 0 0 0 0 0 0 0 0 0 0 0 0 0 0 0 0 0 0 0 0 0 0 0 0 0 0 0 0 0 0 0 0 0 0 0 0 0 0 0 0 0 0 0 0 0 0 0 0 0 0 0 0 0 0 0 0 0 0 0 0 0 0 0 0 0 0 0 0 0 0 0 0 0 0 0 0 0 0 0 0 0 0 0 0 0 0 0 0 0 0 0 0 0 0 0 0 0 0 0 0 0 0 0 0 0 0 0 0 0 0 0 1 1 1 1 1 1 1 1 1 1 1 1 1 1 1 1 1 1 1 1 1 1 1 1 1 1 1 1 1 1 1 1 1 1 1 1 1 1 1 1 1 1 1 1 1 1 1 1 1 1 1 1 1 1 1 1 1 1 1 1
        </DataArray>
        <DataArray type="Int32" Name="candidate_contact_surface_index" format="ascii">
          -1 -1 -1 -1 -1 -1 -1 -1 -1 -1 -1 -1 -1 -1 -1 -1 -1 -1 -1 -1 -1 -1 -1 -1 -1 -1 -1 -1 -1 -1 -1 -1 -1 -1 -1 -1 -1 -1 -1 -1 -1 -1 -1 -1 -1 -1 -1 -1 -1 -1 -1 -1 -1 -1 -1 -1 -1 -1 -1 -1 -1 -1 -1 -1 -1 -1 -1 -1 -1 -1 -1 -1 -1 -1 -1 -1 -1 -1 -1 -1 -1 -1 -1 -1 -1 -1 -1 -1 -1 -1 -1 -1 -1 -1 -1 -1 -1 -1 -1 -1 -1 -1 -1 -1 -1 -1 -1 -1 -1 -1 -1 -1 -1 -1 -1 -1 -1 -1 -1 -1 -1 -1 -1 -1 -1 -1 -1 -1 -1 -1 -1 -1 -1 -1 -1 -1 -1 -1 -1 -1 -1 -1 -1 -1 -1 -1 -1 -1 -1 -1 -1 -1 -1 -1 -1 -1 -1 -1 -1 -1 -1 -1 -1 -1 -1 -1 -1 -1 -1 -1 -1 -1 -1 -1 -1 -1 -1 -1 -1 -1 -1 -1 -1 -1 -1 -1 -1 -1 -1 -1 -1 -1 -1 -1 -1 -1 -1 -1 -1 -1 -1 -1 -1 -1 -1 -1 -1 -1 -1 -1 -1 -1 -1 -1 -1 -1 -1 -1 -1 -1 -1 -1 -1 -1 -1 -1 -1 -1 -1 -1 -1 -1 -1 -1 -1 -1 -1 -1 -1 -1 -1 -1 -1 -1 -1 -1 -1 -1 -1 -1 -1 -1 -1 -1 -1 -1 -1 -1 -1 -1 -1 -1 -1 -1 -1 -1 -1 -1 -1 -1 -1 -1 -1 -1 -1 -1 -1 -1 -1 -1 -1 -1 -1 -1 -1 -1 -1 -1 -1 -1 -1 -1 -1 -1 -1 -1 -1 -1 -1 -1 -1 -1 -1 -1 -1 -1 -1 -1 -1 -1 -1 -1 -1 -1 -1 -1 -1 -1 -1 -1 -1 -1 -1 -1 -1 -1 -1 -1 -1 -1 -1 -1 -1 -1 -1 -1 -1 -1 -1 -1 -1 -1 -1 -1 -1 -1 -1 -1 -1 -1 -1 -1 -1 -1 -1 -1 -1 -1 -1 -1 -1 -1 -1 -1 -1 -1 -1 -1 -1 -1 -1 -1 -1 -1 -1 -1 -1 -1 -1 -1 -1 -1 -1 -1 -1 -1 -1 -1 -1 -1 -1 -1 -1 -1 -1 -1 -1 -1 -1 -1 -1 -1 -1 -1 -1 -1 -1 -1 -1 -1 -1 -1 -1 -1 -1 -1 -1 -1 -1 -1 0 0 0 0 0 0 0 0 0 0 0 0 0 0 0 0 0 0 0 0 0 0 0 0 0 0 0 0 0 0 0 0 0 0 0 0 0 0 0 0 0 0 0 0 0 0 0 0 0 0 0 0 0 0 0 0 0 0 0 0
        </DataArray>
        <DataArray type="Int32" Name="active_contact_facet" format="ascii">
          0 0 0 0 0 0 0 0 0 0 0 0 0 0 0 0 0 0 0 0 0 0 0 0 0 0 0 0 0 0 0 0 0 0 0 0 0 0 0 0 0 0 0 0 0 0 0 0 0 0 0 0 0 0 0 0 0 0 0 0 0 0 0 0 0 0 0 0 0 0 0 0 0 0 0 0 0 0 0 0 0 0 0 0 0 0 0 0 0 0 0 0 0 0 0 0 0 0 0 0 0 0 0 0 0 0 0 0 0 0 0 0 0 0 0 0 0 0 0 0 0 0 0 0 0 0 0 0 0 0 0 0 0 0 0 0 0 0 0 0 0 0 0 0 0 0 0 0 0 0 0 0 0 0 0 0 0 0 0 0 0 0 0 0 0 0 0 0 0 0 0 0 0 0 0 0 0 0 0 0 0 0 0 0 0 0 0 0 0 0 0 0 0 0 0 0 0 0 0 0 0 0 0 0 0 0 0 0 0 0 0 0 0 0 0 0 0 0 0 0 0 0 0 0 0 0 0 0 0 0 0 0 0 0 0 0 0 0 0 0 0 0 0 0 0 0 0 0 0 0 0 0 0 0 0 0 0 0 0 0 0 0 0 0 0 0 0 0 0 0 0 0 0 0 0 0 0 0 0 0 0 0 0 0 0 0 0 0 0 0 0 0 0 0 0 0 0 0 0 0 0 0 0 0 0 0 0 0 0 0 0 0 0 0 0 0 0 0 0 0 0 0 0 0 0 0 0 0 0 0 0 0 0 0 0 0 0 0 0 0 0 0 0 0 0 0 0 0 0 0 0 0 0 0 0 0 0 0 0 0 0 0 0 0 0 0 0 0 0 0 0 0 0 0 0 0 0 0 0 0 0 0 0 0 0 0 0 0 0 0 0 0 0 0 0 0 0 0 0 0 0 0 0 0 0 0 0 0 0 0 0 0 0 0 0 0 0 0 0 0 0 0 0 0 0 0 0 0 0 0 0 0 0 1 1 1 1 1 1 1 1 1 1 1 1 1 1 1 1 1 1 1 1 1 1 1 1 1 1 1 1 1 1 1 1 1 1 0 0 0 0 0 0 0 0 0 0 0 0 0
        </DataArray>
        <DataArray type="Int32" Name="active_contact_surface_index" format="ascii">
          -1 -1 -1 -1 -1 -1 -1 -1 -1 -1 -1 -1 -1 -1 -1 -1 -1 -1 -1 -1 -1 -1 -1 -1 -1 -1 -1 -1 -1 -1 -1 -1 -1 -1 -1 -1 -1 -1 -1 -1 -1 -1 -1 -1 -1 -1 -1 -1 -1 -1 -1 -1 -1 -1 -1 -1 -1 -1 -1 -1 -1 -1 -1 -1 -1 -1 -1 -1 -1 -1 -1 -1 -1 -1 -1 -1 -1 -1 -1 -1 -1 -1 -1 -1 -1 -1 -1 -1 -1 -1 -1 -1 -1 -1 -1 -1 -1 -1 -1 -1 -1 -1 -1 -1 -1 -1 -1 -1 -1 -1 -1 -1 -1 -1 -1 -1 -1 -1 -1 -1 -1 -1 -1 -1 -1 -1 -1 -1 -1 -1 -1 -1 -1 -1 -1 -1 -1 -1 -1 -1 -1 -1 -1 -1 -1 -1 -1 -1 -1 -1 -1 -1 -1 -1 -1 -1 -1 -1 -1 -1 -1 -1 -1 -1 -1 -1 -1 -1 -1 -1 -1 -1 -1 -1 -1 -1 -1 -1 -1 -1 -1 -1 -1 -1 -1 -1 -1 -1 -1 -1 -1 -1 -1 -1 -1 -1 -1 -1 -1 -1 -1 -1 -1 -1 -1 -1 -1 -1 -1 -1 -1 -1 -1 -1 -1 -1 -1 -1 -1 -1 -1 -1 -1 -1 -1 -1 -1 -1 -1 -1 -1 -1 -1 -1 -1 -1 -1 -1 -1 -1 -1 -1 -1 -1 -1 -1 -1 -1 -1 -1 -1 -1 -1 -1 -1 -1 -1 -1 -1 -1 -1 -1 -1 -1 -1 -1 -1 -1 -1 -1 -1 -1 -1 -1 -1 -1 -1 -1 -1 -1 -1 -1 -1 -1 -1 -1 -1 -1 -1 -1 -1 -1 -1 -1 -1 -1 -1 -1 -1 -1 -1 -1 -1 -1 -1 -1 -1 -1 -1 -1 -1 -1 -1 -1 -1 -1 -1 -1 -1 -1 -1 -1 -1 -1 -1 -1 -1 -1 -1 -1 -1 -1 -1 -1 -1 -1 -1 -1 -1 -1 -1 -1 -1 -1 -1 -1 -1 -1 -1 -1 -1 -1 -1 -1 -1 -1 -1 -1 -1 -1 -1 -1 -1 -1 -1 -1 -1 -1 -1 -1 -1 -1 -1 -1 -1 -1 -1 -1 -1 -1 -1 -1 -1 -1 -1 -1 -1 -1 -1 -1 -1 -1 -1 -1 -1 -1 -1 -1 -1 -1 -1 -1 -1 -1 -1 -1 -1 -1 -1 -1 -1 -1 -1 -1 -1 -1 -1 -1 -1 -1 -1 -1 -1 -1 -1 -1 -1 -1 -1 -1 -1 -1 -1 0 0 0 0 0 0 0 0 0 0 0 0 0 0 0 0 0 0 0 0 0 0 0 0 0 0 0 0 0 0 0 0 0 0 -1 -1 -1 -1 -1 -1 -1 -1 -1 -1 -1 -1 -1
        </DataArray>
      </CellData>
      <Points>
        <DataArray type="Float64" NumberOfComponents="3" format="ascii">
          -0.12499999999999993 0.36349364905389026 0 -0.12120240506158432 0.36134507321515108 0 -0.11736789069647291 0.35926310178526838 0 -0.11349762493488716 0.35724836895290824 0 -0.10959278669726996 0.35530148842520853 0 -0.10565456543517562 0.35342305324083784 0 -0.10168416076895097 0.35161363558935022 0 -0.097682782122319622 0.34987378663689039 0 -0.09365164835397935 0.34820403635830366 0 -0.089591987386326566 0.34660489337570011 0 -0.085505035831418955 0.34507684480352346 0 -0.081392038614290993 0.34362035610017139 0 -0.077254248593738944 0.34223587092621222 0 -0.073092926180686441 0.34092381100924174 0 -0.068909338954252219 0.3396845760154209 0 -0.064704761275632891 0.33851854342773358 0 -0.060480473899919472 0.33742606843100142 0 -0.056237763585968846 0.33640748380369173 0 -0.051977922704442271 0.33546309981654904 0 -0.047702248844138699 0.33459320413808441 0 -0.043412044416734921 0.33379806174694837 0 -0.039108616260060104 0.33307791485121591 0 -0.03479327524001858 0.3324329828146077 0 -0.030467335851289142 0.33186346208966977 0 -0.02613211581691547 0.33136952615793186 0 -0.021788935686916699 0.3309513254770638 0 -0.017439118436033314 0.33060898743504402 0 -0.013083989060737997 0.33034261631135653 0 -0.0087248741756271106 0.33015229324522599 0 -0.0043631016093227965 0.3300380762109022 0 -1.7457406694215667e-15 0.32999999999999996 0 0.0043631016093190833 0.33003807621090209 0 0.0087248741756236221 0.33015229324522588 0 0.01308398906073429 0.33034261631135642 0 0.01743911843602983 0.3306089874350438 0 0.021788935686913001 0.33095132547706346 0 0.026132115816912001 0.33136952615793153 0 0.030467335851285457 0.33186346208966933 0 0.034793275240015117 0.3324329828146072 0 0.039108616260056434 0.33307791485121535 0 0.043412044416731473 0.33379806174694771 0 0.047702248844135049 0.33459320413808374 0 0.05197792270443885 0.33546309981654832 0 0.056237763585965224 0.3364074838036909 0 0.060480473899916079 0.33742606843100059 0 0.064704761275629297 0.33851854342773258 0 0.068909338954249069 0.33968457601541996 0 0.073092926180683415 0.34092381100924085 0 0.077254248593736252 0.34223587092621133 0 0.081392038614288523 0.3436203561001705 0 0.085505035831416706 0.34507684480352269 0 0.089591987386324554 0.34660489337569933 0 0.093651648353977657 0.34820403635830294 0 0.09768278212231804 0.34987378663688973 0 0.10168416076894971 0.3516136355893496 0 0.10565456543517457 0.35342305324083739 0 0.10959278669726921 0.35530148842520815 0 0.11349762493488652 0.35724836895290796 0 0.11736789069647266 0.35926310178526821 0 0.12120240506158418 0.36134507321515102 0 0.12500000000000008 0.36349364905389037 0 -0.14062499999999925 0.33643035518562769 0 -0.13635270569428171 0.33401320736704615 0 -0.1320388770335314 0.3316709895084281 0 -0.12768482805174744 0.329404415072023 0 -0.12329188503442812 0.32721417447836082 0 -0.11886138611457202 0.32510093489594377 0 -0.11439468086506929 0.32306534003802018 0 -0.10989312988760905 0.32110800996650291 0 -0.10535810439822627 0.31922954090309286 0 -0.10079098580961691 0.31743050504766385 0 -0.096193165310345871 0.31571145040396514 0 -0.091566043441076939 0.31407290061269405 0 -0.0869110296679559 0.31251535479199 0 -0.082229541953271854 0.31103928738539821 0 -0.077523006323533386 0.30964514801734982 0 -0.072792856435086664 0.30833336135620154 0 -0.068040533137409084 0.30710432698487794 0 -0.063267484034214658 0.30595841927915451 0 -0.05847516304249728 0.304895987293619 0 -0.053665029949655781 0.30391735465534625 0 -0.048838549968826556 0.30302281946531823 0 -0.043997193292567412 0.30221265420761922 0 -0.039142434645020714 0.301487105666435 0 -0.034275752832700124 0.30084639485087983 0 -0.029398630294029764 0.30029071692767467 0 -0.024512552647781172 0.29982024116169809 0 -0.019619008240537385 0.29943511086442587 0 -0.014719487693330176 0.29913544335027747 0 -0.0098154834475804534 0.29892132990088061 0 -0.0049084893104881224 0.29879283573726628 0 -1.963958253099253e-15 0.29875000000000135 0 0.0049084893104839452 0.29879283573726617 0 0.0098154834475765278 0.29892132990088049 0 0.014719487693326006 0.29913544335027725 0 0.019619008240533465 0.29943511086442559 0 0.024512552647777009 0.29982024116169775 0 0.029398630294025861 0.30029071692767428 0 0.034275752832695974 0.30084639485087927 0 0.039142434645016821 0.30148710566643444 0 0.043997193292563276 0.30221265420761861 0 0.048838549968822677 0.30302281946531751 0 0.053665029949651673 0.30391735465534553 0 0.058475163042493429 0.30489598729361816 0 0.063267484034210578 0.30595841927915357 0 0.068040533137405268 0.30710432698487694 0 0.072792856435082612 0.30833336135620049 0 0.077523006323529833 0.30964514801734871 0 0.082229541953268454 0.31103928738539721 0 0.086911029667952874 0.312515354791989 0 0.091566043441074149 0.31407290061269311 0 0.096193165310343345 0.31571145040396426 0 0.10079098580961464 0.31743050504766301 0 0.10535810439822436 0.31922954090309202 0 0.10989312988760727 0.32110800996650218 0 0.11439468086506788 0.32306534003801951 0 0.11886138611457082 0.32510093489594327 0 0.12329188503442728 0.32721417447836038 0 0.12768482805174672 0.32940441507202267 0 0.13203887703353112 0.33167098950842794 0 0.13635270569428157 0.33401320736704609 0 0.14062499999999942 0.33643035518562781 0 -0.15624999999999858 0.30936706131736513 0 -0.15150300632697911 0.30668134151894116 0 -0.14670986337058989 0.30407887723158783 0 -0.14187203116860775 0.30156046119113772 0 -0.13699098337158627 0.29912686053151305 0 -0.13206820679396841 0.29677881655104971 0 -0.12710520096118763 0.29451704448669019 0 -0.12210347765289849 0.29234223329611542 0 -0.1170645604424732 0.29025504544788205 0 -0.11198998423290725 0.28825611671962764 0 -0.10688129478927279 0.28634605600440682 0 -0.10174004826786287 0.28452544512521677 0 -0.096567810742172855 0.28279483865776783 0 -0.091366157725857267 0.28115476376155474 0 -0.086136673692814539 0.27960572001927869 0 -0.080880951594540423 0.27814817928466951 0 -0.07560059237489869 0.2767825855387544 0 -0.070297204482460462 0.2755093547546173 0 -0.064972403380552282 0.2743288747706889 0 -0.059627811055172862 0.27324150517260815 0 -0.05426505552091819 0.27224757718368808 0 -0.048885770325074712 0.27134739356402254 0 -0.043491594050022855 0.27054122851826229 0 -0.038084169814111099 0.26982932761208989 0 -0.032665144771144058 0.26921190769741749 0 -0.027236169608645642 0.26868915684633243 0 -0.021798898045041457 0.26826123429380772 0 -0.016354986325922357 0.26792827038919836 0 -0.010906092719533795 0.26769036655653522 0 -0.0054538770116534492 0.26754759526363037 0 -2.1821758367769398e-15 0.26750000000000268 0 0.005453877011648808 0.26754759526363026 0 0.010906092719529435 0.26769036655653505 0 0.016354986325917722 0.26792827038919814 0 0.021798898045037103 0.26826123429380744 0 0.027236169608641021 0.26868915684633199 0 0.032665144771139722 0.26921190769741704 0 0.038084169814106499 0.26982932761208928 0 0.043491594050018526 0.27054122851826168 0 0.048885770325070126 0.27134739356402182 0 0.054265055520913881 0.27224757718368731 0 0.059627811055168303 0.27324150517260731 0 0.064972403380548008 0.27432887477068801 0 0.070297204482455924 0.27550935475461624 0 0.075600592374894457 0.27678258553875335 0 0.080880951594535927 0.27814817928466834 0 0.086136673692810597 0.27960572001927753 0 0.091366157725853492 0.28115476376155363 0 0.096567810742169496 0.28279483865776672 0 0.10174004826785979 0.28452544512521571 0 0.10688129478926997 0.28634605600440588 0 0.11198998423290474 0.28825611671962664 0 0.11706456044247107 0.29025504544788117 0 0.1221034776528965 0.29234223329611464 0 0.12710520096118605 0.29451704448668947 0 0.13206820679396708 0.29677881655104915 0 0.13699098337158536 0.29912686053151261 0 0.14187203116860694 0.30156046119113733 0 0.14670986337058958 0.30407887723158761 0 0.15150300632697894 0.30668134151894111 0 0.15624999999999878 0.30936706131736524 0 -0.17187499999999881 0.28230376744910102 0 -0.16665330695967737 0.27934947567083468 0 -0.16138084970764921 0.276486764954746 0 -0.15605923428546883 0.27371650731025088 0 -0.15069008170874523 0.27103954658466373 0 -0.14527502747336554 0.26845669820615403 0 -0.13981572105730669 0.26596874893535855 0 -0.13431382541818862 0.26357645662572632 0 -0.12877101648672076 0.26128054999266959 0 -0.12318898265619824 0.25908172839158972 0 -0.1175694242682003 0.25698066160484684 0 -0.1119140530946494 0.25497798963773777 0 -0.10622459181639037 0.25307432252354395 0 -0.10050277349844321 0.25127024013770954 0 -0.094750341062096191 0.24956629202120589 0 -0.088969046753994654 0.24796299721313578 0 -0.083160651612388739 0.24646084409262917 0 -0.07732692493070667 0.2450602902300783 0 -0.071469643718607659 0.24376176224775711 0 -0.065590592160690284 0.24256565568986826 0 -0.05969156107301013 0.24147233490205622 0 -0.053774347357582297 0.24048213292042409 0 -0.047840753455025239 0.23959535137008781 0 -0.041892586795522296 0.23881226037329814 0 -0.035931659248258536 0.23813309846715852 0 -0.029959786569510267 0.23755807253096495 0 -0.023978787849545651 0.23708735772318776 0 -0.01799048495851463 0.23672109742811751 0 -0.0119967019914872 0.236459403212188 0 -0.0059992647128188064 0.23630235478999273 0 -2.4003934204546388e-15 0.23625000000000221 0 0.0059992647128137011 0.23630235478999259 0 0.011996701991482403 0.23645940321218786 0 0.017990484958509533 0.23672109742811728 0 0.023978787849540863 0.23708735772318745 0 0.029959786569505181 0.23755807253096448 0 0.035931659248253769 0.23813309846715808 0 0.041892586795517231 0.2388122603732975 0 0.047840753455020479 0.23959535137008711 0 0.053774347357577246 0.24048213292042331 0 0.059691561073005391 0.24147233490205533 0 0.065590592160685274 0.24256565568986735 0 0.071469643718602954 0.24376176224775611 0 0.077326924930701688 0.24506029023007717 0 0.083160651612384076 0.24646084409262797 0 0.088969046753989714 0.2479629972131345 0 0.094750341062091861 0.24956629202120459 0 0.10050277349843904 0.25127024013770832 0 0.10622459181638666 0.25307432252354273 0 0.111914053094646 0.2549779896377366 0 0.11756942426819721 0.25698066160484578 0 0.12318898265619546 0.25908172839158866 0 0.12877101648671846 0.26128054999266859 0 0.13431382541818643 0.26357645662572543 0 0.13981572105730494 0.26596874893535777 0 0.1452750274733641 0.26845669820615342 0 0.15069008170874421 0.27103954658466323 0 0.15605923428546795 0.27371650731025043 0 0.16138084970764888 0.27648676495474578 0 0.16665330695967717 0.27934947567083462 0 0.171874999999999 0.28230376744910113 0 -0.187499999999999 0.25524047358083696 0 -0.18180360759237563 0.25201760982272819 0 -0.17605183604470853 0.24889465267790417 0 -0.17024643740232992 0.24587255342936401 0 -0.16438918004590417 0.24295223263781443 0 -0.15848184815276267 0.24013457986125838 0 -0.15252624115342572 0.23742045338402692 0 -0.14652417318347874 0.23481067995533719 0 -0.14047747253096837 0.23230605453745715 0 -0.13438798107948921 0.22990734006355185 0 -0.12825755374712783 0.22761526720528688 0 -0.12208805792143591 0.22543053415025879 0 -0.11588137289060786 0.22335380638932004 0 -0.10963938927102915 0.22138571651386432 0 -0.10336400843137784 0.21952686402313309 0 -0.097057141913448872 0.21777781514160205 0 -0.090720710849878775 0.21613910264650393 0 -0.084356645378952863 0.21461122570553934 0 -0.077966884056663036 0.21319464972482532 0 -0.071553373266207712 0.21188980620712838 0 -0.06511806662510207 0.21069709262042433 0 -0.058662924390089875 0.20961687227682563 0 -0.052189912860027624 0.20864947422191332 0 -0.045701003776933494 0.20779519313450645 0 -0.039198173725373021 0.20705428923689959 0 -0.032683403530374897 0.20642698821559749 0 -0.026158677654049847 0.20591348115256783 0 -0.019625983591106903 0.20551392446703662 0 -0.013087311263440603 0.20522843986784081 0 -0.0065446524139841636 0.20505711431635504 0 -2.6186110041323378e-15 0.20500000000000176 0 0.0065446524139785942 0.20505711431635493 0 0.013087311263435372 0.20522843986784065 0 0.019625983591101341 0.20551392446703637 0 0.026158677654044622 0.2059134811525675 0 0.032683403530369345 0.20642698821559699 0 0.039198173725367817 0.20705428923689909 0 0.04570100377692797 0.20779519313450573 0 0.052189912860022426 0.20864947422191257 0 0.058662924390084373 0.20961687227682479 0 0.065118066625096907 0.21069709262042338 0 0.07155337326620223 0.21188980620712738 0 0.077966884056657901 0.21319464972482424 0 0.084356645378947437 0.21461122570553809 0 0.090720710849873695 0.21613910264650263 0 0.097057141913443487 0.21777781514160063 0 0.10336400843137311 0.21952686402313168 0 0.10963938927102461 0.22138571651386299 0 0.11588137289060382 0.2233538063893187 0 0.12208805792143221 0.22543053415025749 0 0.12825755374712444 0.22761526720528572 0 0.13438798107948619 0.22990734006355068 0 0.14047747253096582 0.23230605453745606 0 0.14652417318347635 0.23481067995533625 0 0.15252624115342384 0.23742045338402604 0 0.15848184815276109 0.24013457986125772 0 0.16438918004590303 0.24295223263781385 0 0.17024643740232898 0.24587255342936354 0 0.17605183604470814 0.24889465267790392 0 0.1818036075923754 0.25201760982272808 0 0.18749999999999922 0.25524047358083707 0 -0.20312499999999922 0.22817717971257284 0 -0.19695390822507389 0.22468574397462168 0 -0.19072282238176785 0.22130254040106231 0 -0.18443364051919103 0.21802859954847714 0 -0.1780882783830631 0.21486491869096508 0 -0.17168866883215983 0.21181246151636271 0 -0.16523676124954478 0.2088721578326953 0 -0.15873452094876886 0.20604490328494809 0 -0.15218392857521595 0.20333155908224471 0 -0.14558697950278018 0.20073295173551395 0 -0.13894568322605536 0.1982498728057269 0 -0.13226206274822244 0.19588307866277979 0 -0.12553815396482537 0.19363329025509615 0 -0.11877600504361507 0.19150119289001913 0 -0.1119776758006595 0.18948743602506027 0 -0.1051452370729031 0.18759263307006832 0 -0.098280770087368824 0.18581736120037867 0 -0.09138636582719907 0.1841621611810004 0 -0.084464124394718412 0.18262753720189351 0 -0.077516154371725127 0.1812139567243885 0 -0.070544572177194009 0.17992185033879243 0 -0.063551501422597467 0.1787516116332272 0 -0.056539072265030008 0.17770359707373887 0 -0.049509420758344691 0.17677812589571473 0 -0.042464688202487499 0.17597548000664062 0 -0.035407020491239519 0.17529590390023003 0 -0.02833856745855404 0.1747396045819479 0 -0.021261482223699175 0.17430675150595576 0 -0.014177920535394009 0.17399747652349365 0 -0.0070900401151495207 0.17381187384271737 0 -2.8368285878100364e-15 0.17375000000000135 0 0.0070900401151434873 0.17381187384271723 0 0.01417792053538834 0.17399747652349346 0 0.021261482223693152 0.17430675150595548 0 0.028338567458548382 0.17473960458194754 0 0.03540702049123351 0.17529590390022948 0 0.042464688202481865 0.17597548000664007 0 0.049509420758338703 0.17677812589571396 0 0.05653907226502438 0.17770359707373806 0 0.0635515014225915 0.17875161163322628 0 0.070544572177188417 0.17992185033879141 0 0.077516154371719201 0.18121395672438742 0 0.084464124394712861 0.18262753720189234 0 0.091386365827193186 0.18416216118099904 0 0.098280770087363301 0.18581736120037728 0 0.10514523707289726 0.18759263307006679 0 0.11197767580065437 0.18948743602505874 0 0.11877600504361016 0.19150119289001769 0 0.12553815396482099 0.19363329025509471 0 0.13226206274821842 0.1958830786627784 0 0.13894568322605169 0.19824987280572565 0 0.14558697950277691 0.20073295173551267 0 0.15218392857521321 0.20333155908224354 0 0.15873452094876631 0.20604490328494707 0 0.16523676124954273 0.20887215783269436 0 0.17168866883215811 0.21181246151636199 0 0.17808827838306188 0.21486491869096447 0 0.18443364051918998 0.21802859954847664 0 0.19072282238176744 0.22130254040106204 0 0.19695390822507364 0.2246857439746216 0 0.20312499999999947 0.22817717971257298 0 -0.21874999999999944 0.20111388584430875 0 -0.21210420885777212 0.1973538781265152 0 -0.20539380871882718 0.19371042812422049 0 -0.19862084363605212 0.19018464566759027 0 -0.19178737672022203 0.18677760474411575 0 -0.18489548951155696 0.18349034317146706 0 -0.17794728134566384 0.18032386228136366 0 -0.17094486871405898 0.177279126614559 0 -0.16389038461946354 0.17435706362703227 0 -0.15678597792607118 0.17155856340747605 0 -0.14963381270498285 0.16888447840616694 0 -0.14243606757500896 0.16633562317530079 0 -0.13519493503904287 0.16391277412087224 0 -0.127912620816201 0.16161666926617393 0 -0.12059134316994113 0.15944800802698747 0 -0.11323333223235733 0.15740745099853459 0 -0.10584082932485886 0.15549561975425344 0 -0.098416086275445278 0.15371309665646143 0 -0.090961364732773789 0.15206042467896172 0 -0.083478935477242555 0.15053810724164862 0 -0.075971077729285963 0.14914660805716057 0 -0.068440078455105038 0.14788635098962874 0 -0.060888231670032392 0.14675771992556438 0 -0.053317837739755888 0.14576105865692301 0 -0.045731202679601977 0.14489667077638166 0 -0.038130637452104148 0.14416481958486255 0 -0.030518457263058237 0.14356572801132794 0 -0.022896980856291448 0.1430995785448749 0 -0.015268529807347412 0.14276651317914646 0 -0.0076354278163148787 0.14256663336907971 0 -3.0550461714877354e-15 0.1425000000000009 0 0.0076354278163083805 0.14256663336907957 0 0.015268529807341308 0.14276651317914626 0 0.02289698085628496 0.14309957854487459 0 0.030518457263052141 0.14356572801132755 0 0.038130637452097674 0.14416481958486196 0 0.045731202679595906 0.14489667077638108 0 0.053317837739749442 0.14576105865692218 0 0.060888231670026334 0.14675771992556352 0 0.068440078455098613 0.14788635098962777 0 0.075971077729279926 0.14914660805715943 0 0.083478935477236171 0.15053810724164746 0 0.090961364732767808 0.15206042467896044 0 0.098416086275438935 0.15371309665645996 0 0.10584082932485292 0.15549561975425194 0 0.11323333223235103 0.15740745099853296 0 0.12059134316993562 0.1594480080269858 0 0.12791262081619573 0.16161666926617238 0 0.13519493503903818 0.16391277412087069 0 0.14243606757500463 0.16633562317529929 0 0.14963381270497894 0.16888447840616558 0 0.15678597792606766 0.17155856340747469 0 0.16389038461946057 0.17435706362703099 0 0.17094486871405623 0.17727912661455786 0 0.17794728134566162 0.18032386228136266 0 0.18489548951155513 0.18349034317146629 0 0.19178737672022073 0.18677760474411509 0 0.19862084363605101 0.19018464566758975 0 0.20539380871882673 0.19371042812422018 0 0.2121042088577719 0.19735387812651509 0 0.21874999999999969 0.20111388584430889 0 -0.23437499999999964 0.17405059197604464 0 -0.22725450949047038 0.17002201227840869 0 -0.2200647950558865 0.16611831584737863 0 -0.21280804675291323 0.16234069178670343 0 -0.20548647505738099 0.15869029079726643 0 -0.19810231019095412 0.15516822482657139 0 -0.19065780144178288 0.15177556673003204 0 -0.18315521647934913 0.14851334994416987 0 -0.17559684066371112 0.1453825681718198 0 -0.16798497634936216 0.14238417507943815 0 -0.16032194218391038 0.13951908400660695 0 -0.15261007240179547 0.13678816768782182 0 -0.14485171611326039 0.13419225798664836 0 -0.13704923658878695 0.13173214564232871 0 -0.12920501053922279 0.12940858002891464 0 -0.12132142739181155 0.12722226892700086 0 -0.11340088856234891 0.12517387830812818 0 -0.10544580672369148 0.12326403213192247 0 -0.097458605070829166 0.12149331215602992 0 -0.08944171658275997 0.11986225775890874 0 -0.081397583281377903 0.11837136577552868 0 -0.073328655487612623 0.1170210903460303 0 -0.065237391075034776 0.11581184277738991 0 -0.057126254721167086 0.1147439914181313 0 -0.048997717156716462 0.11381786154612271 0 -0.04085425441296877 0.11303373526949509 0 -0.03269834706756243 0.11239185144070801 0 -0.024532479488883721 0.11189240558379403 0 -0.016359139079300818 0.11153554983479927 0 -0.008180815517480235 0.11132139289544205 0 -3.2732637551654344e-15 0.11125000000000046 0 0.0081808155174732736 0.11132139289544189 0 0.016359139079294274 0.11153554983479906 0 0.024532479488876772 0.11189240558379371 0 0.032698347067555901 0.1123918514407076 0 0.040854254412961838 0.11303373526949446 0 0.048997717156709954 0.11381786154612208 0 0.057126254721160175 0.11474399141813041 0 0.065237391075028281 0.11581184277738898 0 0.07332865548760574 0.11702109034602926 0 0.081397583281371436 0.11837136577552747 0 0.089441716582753128 0.11986225775890749 0 0.097458605070822754 0.12149331215602856 0 0.1054458067236847 0.1232640321319209 0 0.11340088856234254 0.12517387830812657 0 0.12132142739180482 0.12722226892699909 0 0.12920501053921687 0.1294085800289129 0 0.13704923658878126 0.13173214564232705 0 0.14485171611325534 0.13419225798664669 0 0.15261007240179084 0.13678816768782021 0 0.16032194218390616 0.13951908400660548 0 0.16798497634935838 0.14238417507943668 0 0.17559684066370795 0.14538256817181847 0 0.18315521647934616 0.14851334994416868 0 0.19065780144178052 0.15177556673003095 0 0.19810231019095212 0.15516822482657056 0 0.20548647505737958 0.15869029079726571 0 0.21280804675291201 0.16234069178670285 0 0.22006479505588603 0.16611831584737832 0 0.22725450949047013 0.1700220122784086 0 0.23437499999999994 0.17405059197604481 0 -0.24999999999999986 0.14698729810778055 0 -0.24240481012316864 0.1426901464303022 0 -0.23473578139294582 0.1385262035705368 0 -0.22699524986977432 0.13449673790581657 0 -0.21918557339453992 0.13060297685041711 0 -0.21130913087035125 0.12684610648167571 0 -0.20336832153790194 0.12322727117870041 0 -0.19536556424463924 0.11974757327378077 0 -0.1873032967079587 0.11640807271660736 0 -0.17918397477265313 0.11320978675140025 0 -0.17101007166283791 0.11015368960704697 0 -0.16278407722858199 0.10724071220034281 0 -0.15450849718747789 0.10447174185242447 0 -0.14618585236137288 0.10184762201848352 0 -0.13781867790850444 0.099369152030841845 0 -0.12940952255126578 0.097037086855467136 0 -0.12096094779983894 0.094852136862002945 0 -0.11247552717193769 0.092814967607383503 0 -0.10395584540888454 0.090926199633098115 0 -0.095404497688277398 0.08918640827616886 0 -0.086824088833469842 0.087596123493896783 0 -0.078217232520120208 0.086155829702431852 0 -0.06958655048003716 0.084865965629215445 0 -0.060934671702578283 0.083726924179339579 0 -0.05226423163383094 0.082739052315863759 0 -0.043577871373833399 0.081902650954127632 0 -0.034878236872066627 0.081217974870088083 0 -0.026167978121475994 0.080685232622713154 0 -0.017449748351254221 0.080304586490452079 0 -0.008726203218645593 0.080076152421804381 0 -3.4914813388431334e-15 0.080000000000000016 0 0.0087262032186381667 0.080076152421804214 0 0.017449748351247244 0.080304586490451857 0 0.02616797812146858 0.080685232622712821 0 0.034878236872059661 0.081217974870087639 0 0.043577871373826002 0.081902650954126965 0 0.052264231633824001 0.082739052315863093 0 0.060934671702570914 0.083726924179338635 0 0.069586550480030235 0.084865965629214446 0 0.078217232520112867 0.086155829702430742 0 0.086824088833462945 0.087596123493895506 0 0.095404497688270098 0.089186408276167528 0 0.1039558454088777 0.090926199633096672 0 0.11247552717193045 0.092814967607381837 0 0.12096094779983216 0.094852136862001224 0 0.12940952255125859 0.097037086855465249 0 0.13781867790849814 0.099369152030839958 0 0.14618585236136683 0.10184762201848174 0 0.1545084971874725 0.10447174185242269 0 0.16278407722857705 0.10724071220034109 0 0.17101007166283341 0.11015368960704541 0 0.17918397477264911 0.1132097867513987 0 0.18730329670795531 0.11640807271660591 0 0.19536556424463608 0.1197475732737795 0 0.20336832153789941 0.12322727117869925 0 0.21130913087034914 0.12684610648167483 0 0.21918557339453842 0.13060297685041633 0 0.22699524986977304 0.13449673790581596 0 0.23473578139294532 0.13852620357053647 0 0.24240481012316836 0.14269014643030209 0 0.25000000000000017 0.14698729810778072 0
        </DataArray>
      </Points>
      <Cells>
        <DataArray type="Int32" Name="connectivity" format="ascii">
          1 0 61 62 2 1 62 63 3 2 63 64 4 3 64 65 5 4 65 66 6 5 66 67 7 6 67 68 8 7 68 69 9 8 69 70 10 9 70 71 11 10 71 72 12 11 72 73 13 12 73 74 14 13 74 75 15 14 75 76 16 15 76 77 17 16 77 78 18 17 78 79 19 18 79 80 20 19 80 81 21 20 81 82 22 21 82 83 23 22 83 84 24 23 84 85 25 24 85 86 26 25 86 87 27 26 87 88 28 27 88 89 29 28 89 90 30 29 90 91 31 30 91 92 32 31 92 93 33 32 93 94 34 33 94 95 35 34 95 96 36 35 96 97 37 36 97 98 38 37 98 99 39 38 99 100 40 39 100 101 41 40 101 102 42 41 102 103 43 42 103 104 44 43 104 105 45 44 105 106 46 45 106 107 47 46 107 108 48 47 108 109 49 48 109 110 50 49 110 111 51 50 111 112 52 51 112 113 53 52 113 114 54 53 114 115 55 54 115 116 56 55 116 117 57 56 117 118 58 57 118 119 59 58 119 120 60 59 120 121 62 61 122 123 63 62 123 124 64 63 124 125 65 64 125 126 66 65 126 127 67 66 127 128 68 67 128 129 69 68 129 130 70 69 130 131 71 70 131 132 72 71 132 133 73 72 133 134 74 73 134 135 75 74 135 136 76 75 136 137 77 76 137 138 78 77 138 139 79 78 139 140 80 79 140 141 81 80 141 142 82 81 142 143 83 82 143 144 84 83 144 145 85 84 145 146 86 85 146 147 87 86 147 148 88 87 148 149 89 88 149 150 90 89 150 151 91 90 151 152 92 91 152 153 93 92 153 154 94 93 154 155 95 94 155 156 96 95 156 157 97 96 157 158 98 97 158 159 99 98 159 160 100 99 160 161 101 100 161 162 102 101 162 163 103 102 163 164 104 103 164 165 105 104 165 166 106 105 166 167 107 106 167 168 108 107 168 169 109 108 169 170 110 109 170 171 111 110 171 172 112 111 172 173 113 112 173 174 114 113 174 175 115 114 175 176 116 115 176 177 117 116 177 178 118 117 178 179 119 118 179 180 120 119 180 181 121 120 181 182 123 122 183 184 124 123 184 185 125 124 185 186 126 125 186 187 127 126 187 188 128 127 188 189 129 128 189 190 130 129 190 191 131 130 191 192 132 131 192 193 133 132 193 194 134 133 194 195 135 134 195 196 136 135 196 197 137 136 197 198 138 137 198 199 139 138 199 200 140 139 200 201 141 140 201 202 142 141 202 203 143 142 203 204 144 143 204 205 145 144 205 206 146 145 206 207 147 146 207 208 148 147 208 209 149 148 209 210 150 149 210 211 151 150 211 212 152 151 212 213 153 152 213 214 154 153 214 215 155 154 215 216 156 155 216 217 157 156 217 218 158 157 218 219 159 158 219 220 160 159 220 221 161 160 221 222 162 161 222 223 163 162 223 224 164 163 224 225 165 164 225 226 166 165 226 227 167 166 227 228 168 167 228 229 169 168 229 230 170 169 230 231 171 170 231 232 172 171 232 233 173 172 233 234 174 173 234 235 175 174 235 236 176 175 236 237 177 176 237 238 178 177 238 239 179 178 239 240 180 179 240 241 181 180 241 242 182 181 242 243 184 183 244 245 185 184 245 246 186 185 246 247 187 186 247 248 188 187 248 249 189 188 249 250 190 189 250 251 191 190 251 252 192 191 252 253 193 192 253 254 194 193 254 255 195 194 255 256 196 195 256 257 197 196 257 258 198 197 258 259 199 198 259 260 200 199 260 261 201 200 261 262 202 201 262 263 203 202 263 264 204 203 264 265 205 204 265 266 206 205 266 267 207 206 267 268 208 207 268 269 209 208 269 270 210 209 270 271 211 210 271 272 212 211 272 273 213 212 273 274 214 213 274 275 215 214 275 276 216 215 276 277 217 216 277 278 218 217 278 279 219 218 279 280 220 219 280 281 221 220 281 282 222 221 282 283 223 222 283 284 224 223 284 285 225 224 285 286 226 225 286 287 227 226 287 288 228 227 288 289 229 228 289 290 230 229 290 291 231 230 291 292 232 231 292 293 233 232 293 294 234 233 294 295 235 234 295 296 236 235 296 297 237 236 297 298 238 237 298 299 239 238 299 300 240 239 300 301 241 240 301 302 242 241 302 303 243 242 303 304 245 244 305 306 246 245 306 307 247 246 307 308 248 247 308 309 249 248 309 310 250 249 310 311 251 250 311 312 252 251 312 313 253 252 313 314 254 253 314 315 255 254 315 316 256 255 316 317 257 256 317 318 258 257 318 319 259 258 319 320 260 259 320 321 261 260 321 322 262 261 322 323 263 262 323 324 264 263 324 325 265 264 325 326 266 265 326 327 267 266 327 328 268 267 328 329 269 268 329 330 270 269 330 331 271 270 331 332 272 271 332 333 273 272 333 334 274 273 334 335 275 274 335 336 276 275 336 337 277 276 337 338 278 277 338 339 279 278 339 340 280 279 340 341 281 280 341 342 282 281 342 343 283 282 343 344 284 283 344 345 285 284 345 346 286 285 346 347 287 286 347 348 288 287 348 349 289 288 349 350 290 289 350 351 291 290 351 352 292 291 352 353 293 292 353 354 294 293 354 355 295 294 355 356 296 295 356 357 297 296 357 358 298 297 358 359 299 298 359 360 300 299 360 361 301 300 361 362 302 301 362 363 303 302 363 364 304 303 364 365 306 305 366 367 307 306 367 368 308 307 368 369 309 308 369 370 310 309 370 371 311 310 371 372 312 311 372 373 313 312 373 374 314 313 374 375 315 314 375 376 316 315 376 377 317 316 377 378 318 317 378 379 319 318 379 380 320 319 380 381 321 320 381 382 322 321 382 383 323 322 383 384 324 323 384 385 325 324 385 386 326 325 386 387 327 326 387 388 328 327 388 389 329 328 389 390 330 329 390 391 331 330 391 392 332 331 392 393 333 332 393 394 334 333 394 395 335 334 395 396 336 335 396 397 337 336 397 398 338 337 398 399 339 338 399 400 340 339 400 401 341 340 401 402 342 341 402 403 343 342 403 404 344 343 404 405 345 344 405 406 346 345 406 407 347 346 407 408 348 347 408 409 349 348 409 410 350 349 410 411 351 350 411 412 352 351 412 413 353 352 413 414 354 353 414 415 355 354 415 416 356 355 416 417 357 356 417 418 358 357 418 419 359 358 419 420 360 359 420 421 361 360 421 422 362 361 422 423 363 362 423 424 364 363 424 425 365 364 425 426 367 366 427 428 368 367 428 429 369 368 429 430 370 369 430 431 371 370 431 432 372 371 432 433 373 372 433 434 374 373 434 435 375 374 435 436 376 375 436 437 377 376 437 438 378 377 438 439 379 378 439 440 380 379 440 441 381 380 441 442 382 381 442 443 383 382 443 444 384 383 444 445 385 384 445 446 386 385 446 447 387 386 447 448 388 387 448 449 389 388 449 450 390 389 450 451 391 390 451 452 392 391 452 453 393 392 453 454 394 393 454 455 395 394 455 456 396 395 456 457 397 396 457 458 398 397 458 459 399 398 459 460 400 399 460 461 401 400 461 462 402 401 462 463 403 402 463 464 404 403 464 465 405 404 465 466 406 405 466 467 407 406 467 468 408 407 468 469 409 408 469 470 410 409 470 471 411 410 471 472 412 411 472 473 413 412 473 474 414 413 474 475 415 414 475 476 416 415 476 477 417 416 477 478 418 417 478 479 419 418 479 480 420 419 480 481 421 420 481 482 422 421 482 483 423 422 483 484 424 423 484 485 425 424 485 486 426 425 486 487 428 427 488 489 429 428 489 490 430 429 490 491 431 430 491 492 432 431 492 493 433 432 493 494 434 433 494 495 435 434 495 496 436 435 496 497 437 436 497 498 438 437 498 499 439 438 499 500 440 439 500 501 441 440 501 502 442 441 502 503 443 442 503 504 444 443 504 505 445 444 505 506 446 445 506 507 447 446 507 508 448 447 508 509 449 448 509 510 450 449 510 511 451 450 511 512 452 451 512 513 453 452 513 514 454 453 514 515 455 454 515 516 456 455 516 517 457 456 517 518 458 457 518 519 459 458 519 520 460 459 520 521 461 460 521 522 462 461 522 523 463 462 523 524 464 463 524 525 465 464 525 526 466 465 526 527 467 466 527 528 468 467 528 529 469 468 529 530 470 469 530 531 471 470 531 532 472 471 532 533 473 472 533 534 474 473 534 535 475 474 535 536 476 475 536 537 477 476 537 538 478 477 538 539 479 478 539 540 480 479 540 541 481 480 541 542 482 481 542 543 483 482 543 544 484 483 544 545 485 484 545 546 486 485 546 547 487 486 547 548
        </DataArray>
        <DataArray type="Int32" Name="offsets" format="ascii">
          4 8 12 16 20 24 28 32 36 40 44 48 52 56 60 64 68 72 76 80 84 88 92 96 100 104 108 112 116 120 124 128 132 136 140 144 148 152 156 160 164 168 172 176 180 184 188 192 196 200 204 208 212 216 220 224 228 232 236 240 244 248 252 256 260 264 268 272 276 280 284 288 292 296 300 304 308 312 316 320 324 328 332 336 340 344 348 352 356 360 364 368 372 376 380 384 388 392 396 400 404 408 412 416 420 424 428 432 436 440 444 448 452 456 460 464 468 472 476 480 484 488 492 496 500 504 508 512 516 520 524 528 532 536 540 544 548 552 556 560 564 568 572 576 580 584 588 592 596 600 604 608 612 616 620 624 628 632 636 640 644 648 652 656 660 664 668 672 676 680 684 688 692 696 700 704 708 712 716 720 724 728 732 736 740 744 748 752 756 760 764 768 772 776 780 784 788 792 796 800 804 808 812 816 820 824 828 832 836 840 844 848 852 856 860 864 868 872 876 880 884 888 892 896 900 904 908 912 916 920 924 928 932 936 940 944 948 952 956 960 964 968 972 976 980 984 988 992 996 1000 1004 1008 1012 1016 1020 1024 1028 1032 1036 1040 1044 1048 1052 1056 1060 1064 1068 1072 1076 1080 1084 1088 1092 1096 1100 1104 1108 1112 1116 1120 1124 1128 1132 1136 1140 1144 1148 1152 1156 1160 1164 1168 1172 1176 1180 1184 1188 1192 1196 1200 1204 1208 1212 1216 1220 1224 1228 1232 1236 1240 1244 1248 1252 1256 1260 1264 1268 1272 1276 1280 1284 1288 1292 1296 1300 1304 1308 1312 1316 1320 1324 1328 1332 1336 1340 1344 1348 1352 1356 1360 1364 1368 1372 1376 1380 1384 1388 1392 1396 1400 1404 1408 1412 1416 1420 1424 1428 1432 1436 1440 1444 1448 1452 1456 1460 1464 1468 1472 1476 1480 1484 1488 1492 1496 1500 1504 1508 1512 1516 1520 1524 1528 1532 1536 1540 1544 1548 1552 1556 1560 1564 1568 1572 1576 1580 1584 1588 1592 1596 1600 1604 1608 1612 1616 1620 1624 1628 1632 1636 1640 1644 1648 1652 1656 1660 1664 1668 1672 1676 1680 1684 1688 1692 1696 1700 1704 1708 1712 1716 1720 1724 1728 1732 1736 1740 1744 1748 1752 1756 1760 1764 1768 1772 1776 1780 1784 1788 1792 1796 1800 1804 1808 1812 1816 1820 1824 1828 1832 1836 1840 1844 1848 1852 1856 1860 1864 1868 1872 1876 1880 1884 1888 1892 1896 1900 1904 1908 1912 1916 1920
        </DataArray>
        <DataArray type="UInt8" Name="types" format="ascii">
          9 9 9 9 9 9 9 9 9 9 9 9 9 9 9 9 9 9 9 9 9 9 9 9 9 9 9 9 9 9 9 9 9 9 9 9 9 9 9 9 9 9 9 9 9 9 9 9 9 9 9 9 9 9 9 9 9 9 9 9 9 9 9 9 9 9 9 9 9 9 9 9 9 9 9 9 9 9 9 9 9 9 9 9 9 9 9 9 9 9 9 9 9 9 9 9 9 9 9 9 9 9 9 9 9 9 9 9 9 9 9 9 9 9 9 9 9 9 9 9 9 9 9 9 9 9 9 9 9 9 9 9 9 9 9 9 9 9 9 9 9 9 9 9 9 9 9 9 9 9 9 9 9 9 9 9 9 9 9 9 9 9 9 9 9 9 9 9 9 9 9 9 9 9 9 9 9 9 9 9 9 9 9 9 9 9 9 9 9 9 9 9 9 9 9 9 9 9 9 9 9 9 9 9 9 9 9 9 9 9 9 9 9 9 9 9 9 9 9 9 9 9 9 9 9 9 9 9 9 9 9 9 9 9 9 9 9 9 9 9 9 9 9 9 9 9 9 9 9 9 9 9 9 9 9 9 9 9 9 9 9 9 9 9 9 9 9 9 9 9 9 9 9 9 9 9 9 9 9 9 9 9 9 9 9 9 9 9 9 9 9 9 9 9 9 9 9 9 9 9 9 9 9 9 9 9 9 9 9 9 9 9 9 9 9 9 9 9 9 9 9 9 9 9 9 9 9 9 9 9 9 9 9 9 9 9 9 9 9 9 9 9 9 9 9 9 9 9 9 9 9 9 9 9 9 9 9 9 9 9 9 9 9 9 9 9 9 9 9 9 9 9 9 9 9 9 9 9 9 9 9 9 9 9 9 9 9 9 9 9 9 9 9 9 9 9 9 9 9 9 9 9 9 9 9 9 9 9 9 9 9 9 9 9 9 9 9 9 9 9 9 9 9 9 9 9 9 9 9 9 9 9 9 9 9 9 9 9 9 9 9 9 9 9 9 9 9 9 9 9 9 9 9 9 9 9 9 9 9 9 9 9 9 9 9 9 9 9 9 9 9 9 9 9 9 9 9 9 9 9
        </DataArray>
      </Cells>
    </Piece>
  </UnstructuredGrid>
</VTKFile>
