contour,relative_angle_deg,radius_мм,sigma_rr_mpa,sigma_tt_mpa,tau_rt_mpa
inner,-30.000000000000068,249.99999999999994,0.30774471425205685,0.19185271653097566,0.14539655442447766
inner,-29.812500000000043,249.99999999999997,0.23697119821930804,0.16500514584828382,0.12199609846150059
inner,-29.625000000000014,249.99999999999994,0.1476093108701414,0.13270604121639412,0.08730609295332026
inner,-29.43750000000009,249.99999999999997,0.11945032242872736,0.12158118699961662,0.0694891751028941
inner,-29.250000000000064,249.99999999999994,0.10296076839274036,0.11261410451986134,0.059263983310391025
inner,-29.062500000000036,249.99999999999997,0.09199076982762731,0.1055167953718054,0.05236249117012923
inner,-28.875000000000114,249.99999999999997,0.08376065254266518,0.0995451237503631,0.047216091908129934
inner,-28.687500000000085,249.99999999999994,0.07720631269008976,0.09440487535581957,0.04312197669640842
inner,-28.50000000000006,249.99999999999997,0.07175707733542003,0.08987351839473771,0.03972765444203445
inner,-28.312500000000135,249.99999999999997,0.06709121058269976,0.08580165821790142,0.03683125643836814
inner,-28.125000000000107,249.99999999999997,0.06300618515854282,0.08208122913748563,0.03430640913318461
inner,-27.93750000000008,249.99999999999994,0.0593669252590991,0.07863367321971806,0.03206830692533209
inner,-27.750000000000156,249.99999999999997,0.05607819117751722,0.07540068891616167,0.030057075487016225
inner,-27.56250000000013,249.99999999999997,0.053069915474508164,0.07233842717013948,0.028228696949524845
inner,-27.375000000000206,249.99999999999994,0.05028861631924873,0.0694134617781319,0.026549720613090817
inner,-27.187500000000178,249.99999999999994,0.0476921702542944,0.06660001741526597,0.024993999156151078
inner,-27.000000000000153,249.99999999999994,0.04524647021939579,0.06387801444382306,0.02354058781800271
inner,-26.812500000000227,249.99999999999997,0.04292321183853773,0.06123167293431425,0.02217234338371816
inner,-26.625000000000203,249.99999999999994,0.040698378128721985,0.05864850093339284,0.02087496180917406
inner,-26.437500000000174,249.99999999999994,0.038551172978881804,0.05611855198203426,0.019636299905091442
inner,-26.25000000000025,249.99999999999994,0.036463251523371806,0.05363387379840669,0.018445886287640774
inner,-26.062500000000224,249.99999999999994,0.03441815224339395,0.05118809461017899,0.017294561605845075
inner,-25.875000000000195,249.99999999999997,0.032400869367350066,0.04877610987227443,0.016174209056975697
inner,-25.687500000000274,249.99999999999994,0.030397524906276764,0.046393843070133625,0.015077549237451675
inner,-25.500000000000245,249.99999999999994,0.02839511278245877,0.0440380617929545,0.01399798168597924
inner,-25.31250000000022,249.99999999999997,0.02638129603414851,0.04170623547294095,0.012929460890808589
inner,-25.125000000000295,249.99999999999994,0.024344243703647732,0.03939642482042313,0.011866398137561598
inner,-24.937500000000266,250.0,0.022272497846364654,0.03710719559653254,0.0108035830176245
inner,-24.75000000000024,249.99999999999994,0.02015486370870749,0.0348375512191264,0.009736120102983793
inner,-24.562500000000316,249.99999999999997,0.017980317959168553,0.03258688005433097,0.008659377473934308
inner,-24.37500000000029,249.99999999999994,0.015737931165878197,0.0303549142422014,0.007568944628071223
inner,-24.187500000000263,249.99999999999997,0.01341680165535089,0.028141697640716383,0.006460597905687379
inner,-24.000000000000288,249.99999999999997,0.01100599857659289,0.02594756102605851,0.005330272008365887
inner,-23.812500000000263,249.99999999999997,0.008494512496565881,0.02377310308787288,0.004174036516545648
inner,-23.625000000000288,249.99999999999994,0.005871212248745179,0.021619176083965713,0.002988076556139484
inner,-23.437500000000362,249.99999999999997,0.0031248070399458984,0.01948687524698226,0.001768676952089584
inner,-23.250000000000334,249.99999999999997,0.00024381304724172773,0.017377531215845596,0.0005122093475764828
inner,-23.06250000000031,249.99999999999997,-0.002783476085435302,0.015292704907740817,-0.0007848781227087227
inner,-22.875000000000384,250.0,-0.005969015300219446,0.01323418435139461,-0.0021260689291488096
inner,-22.687500000000306,250.0,-0.009325031068440605,0.011203983076391739,-0.003514784270095395
inner,-22.50000000000033,249.99999999999997,-0.012864041470083597,0.009204339718334772,-0.004954387425069023
inner,-22.312500000000405,249.99999999999997,-0.01659887357799286,0.007237718544679721,-0.006448186496297557
inner,-22.12500000000038,249.99999999999997,-0.02054267824979147,0.005306810637988301,-0.007999435661943182
inner,-21.93750000000035,249.99999999999997,-0.02470894237329883,0.0034145355007767875,-0.009611335036997699
inner,-21.750000000000377,249.99999999999997,-0.02911149856607928,0.0015640428544696236,-0.011287029211800451
inner,-21.5625000000004,250.0,-0.0337645322779977,-0.00024128557966504398,-0.013029604519333311
inner,-21.375000000000377,250.0,-0.03868258620727562,-0.0019978345247855475,-0.014842085066239609
inner,-21.18750000000045,250.0,-0.043880561908670374,-0.003701754030614855,-0.01672742754959496
inner,-21.000000000000423,249.99999999999997,-0.049373718428631204,-0.00534895900172922,-0.018688514869124644
inner,-20.812500000000398,250.00000000000003,-0.05517766777537014,-0.006935129593596431,-0.02072814853544336
inner,-20.625000000000473,249.99999999999997,-0.06130836699544096,-0.008455712699045005,-0.022849039869209765
inner,-20.437500000000448,250.0,-0.06778210660538021,-0.009905924762877437,-0.025053799979862595
inner,-20.25000000000042,250.00000000000003,-0.07461549509700652,-0.011280756173318725,-0.027344928508522794
inner,-20.062500000000444,250.00000000000003,-0.08182543920101056,-0.012574977481816874,-0.02972480111827804
inner,-19.87500000000047,250.00000000000003,-0.08942911958508125,-0.013783147728520802,-0.03219565571471909
inner,-19.68750000000044,249.99999999999997,-0.0974439616267988,-0.014899625147665737,-0.03475957738123286
inner,-19.500000000000465,250.00000000000003,-0.10588760089315657,-0.015918580547548203,-0.03741848201693434
inner,-19.31250000000049,250.00000000000003,-0.11477784293952806,-0.016834013664570054,-0.04017409866937254
inner,-19.125000000000465,250.0,-0.12413261702650931,-0.017639772795008973,-0.04302795056166497
inner,-18.93750000000049,250.00000000000003,-0.13396992334848126,-0.018329578018846507,-0.045981334821613
inner,-18.75000000000051,250.0,-0.14430777335233058,-0.01889704832630731,-0.049035300928613336
inner,-18.562500000000487,250.00000000000003,-0.15516412272342667,-0.01933573297317979,-0.05219062790114837
inner,-18.37500000000051,250.00000000000003,-0.16655679658714706,-0.01963914738553401,-0.05544780025172482
inner,-18.187500000000536,250.0,-0.17850340645550666,-0.019800813952445127,-0.05880698273458412
inner,-18.000000000000508,250.00000000000003,-0.1910212584153501,-0.019814308040372867,-0.06226799391147518
inner,-17.812500000000533,250.00000000000003,-0.20412725207458518,-0.019673309496055766,-0.06583027858393818
inner,-17.625000000000558,250.00000000000006,-0.21783776999176413,-0.01937165962355843,-0.06949287925507952
inner,-17.43750000000053,250.00000000000006,-0.23216855807296102,-0.018903422817369144,-0.07325440715939951
inner,-17.250000000000554,250.00000000000003,-0.24713459918961897,-0.01826294975079608,-0.07711301439595675
inner,-17.06250000000058,250.00000000000006,-0.26274998596294036,-0.017444935657569948,-0.0810663702510881
inner,-16.875000000000554,250.00000000000003,-0.2790278033524347,-0.016444464889399532,-0.08511164601575893
inner,-16.68750000000058,250.00000000000006,-0.2959800332342746,-0.015257035484648343,-0.08924551137042988
inner,-16.5000000000006,250.00000000000003,-0.31361748886191426,-0.013878576450602665,-0.0934641386455605
inner,-16.312500000000625,250.00000000000006,-0.3319497632734824,-0.012305469126962554,-0.09776320873231241
inner,-16.1250000000006,250.00000000000006,-0.3509851730132775,-0.010534590454866849,-0.10213791069872784
inner,-15.937500000000624,250.00000000000006,-0.3707306747461349,-0.008563372574858289,-0.10658293507895943
inner,-15.7500000000007,250.00000000000003,-0.3911917576863723,-0.006389857091484371,-0.11109246810853177
inner,-15.562500000000622,250.00000000000006,-0.412372338318584,-0.004012750085091634,-0.11566018811211762
inner,-15.375000000000647,250.00000000000006,-0.43427465724775516,-0.0014314678526436671,-0.1202792670905552
inner,-15.187500000000671,250.00000000000009,-0.456899188822115,0.0013538248360371397,-0.12494237774082824
inner,-15.000000000000645,250.00000000000003,-0.48024456344060223,0.00434218374789367,-0.1296417054683323
inner,-14.81250000000067,250.00000000000003,-0.5043075023900696,0.007531857438809416,-0.13436896401345907
inner,-14.625000000000643,250.00000000000006,-0.5290827607385773,0.010920271970159776,-0.13911541671825872
inner,-14.437500000000666,250.00000000000006,-0.5545630871126563,0.014504016912612366,-0.14387190040241937
inner,-14.25000000000064,250.00000000000003,-0.5807391906730754,0.01827883708601705,-0.1486288525434744
inner,-14.062500000000664,250.00000000000006,-0.6075997185994741,0.022239640556609375,-0.1533763445458616
inner,-13.875000000000638,250.00000000000003,-0.6351312549415457,0.026380504986665894,-0.15810411617679448
inner,-13.687500000000663,250.00000000000009,-0.6633183238063132,0.030694688339722533,-0.16280161180488717
inner,-13.500000000000636,250.00000000000006,-0.6921434013963917,0.03517465838354028,-0.16745802261810025
inner,-13.31250000000066,250.00000000000006,-0.7215869524228345,0.03981211932135385,-0.17206232890978226
inner,-13.125000000000634,250.00000000000003,-0.751627469961113,0.04459804521144789,-0.17660334414026066
inner,-12.937500000000608,250.00000000000006,-0.7822415265653762,0.04952272899232632,-0.181069763140379
inner,-12.750000000000632,250.00000000000003,-0.8134038460638464,0.05457582513663114,-0.1854502084331486
inner,-12.562500000000606,250.00000000000006,-0.8450873741956415,0.059746404291999615,-0.1897332786959495
inner,-12.375000000000629,250.00000000000006,-0.8772633650426178,0.06502301250846214,-0.1939075978268597
inner,-12.187500000000604,250.00000000000003,-0.9099014773718194,0.07039373270538685,-0.19796186341333538
inner,-12.000000000000627,250.00000000000003,-0.9429698774832993,0.07584625183533275,-0.20188489537412513
inner,-11.8125000000006,250.00000000000006,-0.976435351924232,0.08136793277615625,-0.2056656843072314
inner,-11.625000000000625,250.0,-1.0102634276972906,0.08694588399977596,-0.20929343711620588
inner,-11.437500000000599,249.99999999999997,-1.0444184926723252,0.09256702848926772,-0.21275762053013053
inner,-11.250000000000675,250.00000000000003,-1.078863919982163,0.09821818721847132,-0.21604800682098074
inner,-11.062500000000648,250.00000000000003,-1.113562209324796,0.10388615001062887,-0.21915471360993535
inner,-10.875000000000622,250.00000000000003,-1.1484751167134248,0.10955774790215704,-0.2220682416462641
inner,-10.687500000000595,250.00000000000003,-1.1835637878223755,0.11521993076459011,-0.2247795118509836
inner,-10.50000000000067,250.00000000000003,-1.2187888986046291,0.1208598376416996,-0.22727989796409226
inner,-10.312500000000643,249.99999999999997,-1.2541107892355225,0.1264648659440292,-0.2295612563727157
inner,-10.125000000000616,249.99999999999997,-1.2894895979647698,0.1320227407130862,-0.23161595379692654
inner,-9.93750000000059,249.99999999999997,-1.324885395420121,0.13752157760269998,-0.23343689064782386
inner,-9.750000000000563,250.00000000000003,-1.360258311834364,0.14294994080190604,-0.23501752093159983
inner,-9.562500000000588,250.00000000000003,-1.3955686603975577,0.1482969037313159,-0.2363518707896058
inner,-9.375000000000561,249.99999999999997,-1.4307770613611717,0.15355209513950252,-0.23743455061578783
inner,-9.187500000000586,250.00000000000003,-1.4658445506313311,0.1587057468929972,-0.23826076611583683
inner,-9.00000000000056,249.99999999999997,-1.5007326905834728,0.1637487374216711,-0.2388263262879164
inner,-8.812500000000634,249.99999999999994,-1.5354036739015298,0.16867262489992457,-0.239127646559539
inner,-8.625000000000558,250.00000000000003,-1.5698204140710044,0.17346967592221416,-0.23916174942161317
inner,-8.437500000000583,249.99999999999997,-1.603946631033114,0.17813289095349352,-0.23892626302815154
inner,-8.250000000000556,249.99999999999994,-1.6377469324980898,0.18265602370734665,-0.23841941675168207
inner,-8.06250000000063,249.99999999999994,-1.6711868854759389,0.1870335924248585,-0.23764003331288347
inner,-7.875000000000553,249.99999999999997,-1.7042330764739015,0.19126088579122724,-0.23658751878985743
inner,-7.687500000000578,249.99999999999994,-1.7368531647685248,0.19533396463153221,-0.23526185088052834
inner,-7.500000000000552,249.99999999999997,-1.76901592904257,0.1992496573584882,-0.2336635648094956
inner,-7.312500000000626,249.99999999999997,-1.8006913047852238,0.20300555040587703,-0.23179373756026891
inner,-7.125000000000549,249.99999999999997,-1.8318504142703673,0.20659997429943927,-0.22965397070712665
inner,-6.937500000000574,249.99999999999991,-1.8624655889853015,0.21003198404561907,-0.22724637148636095
inner,-6.750000000000547,249.99999999999997,-1.8925103829912155,0.21330133499509854,-0.22457353280125006
inner,-6.5625000000005205,249.99999999999997,-1.9219595795404267,0.21640845557243246,-0.22163851263379597
inner,-6.375000000000545,249.99999999999997,-1.950789192032204,0.21935441609531572,-0.21844481256957815
inner,-6.187500000000519,249.99999999999997,-1.9789764581183495,0.22214089441129997,-0.21499635585868201
inner,-6.000000000000543,249.99999999999997,-2.0064998279939927,0.22477013872291468,-0.21129746517320924
inner,-5.812500000000516,249.99999999999994,-2.033338947346051,0.2272449280223689,-0.20735284024613448
inner,-5.6250000000005915,249.99999999999997,-2.059474635468238,0.22956853055052506,-0.20316753556014408
inner,-5.437500000000514,249.99999999999997,-2.084888859062027,0.2317446606870828,-0.1987469382397106
inner,-5.250000000000538,249.99999999999997,-2.1095647022468498,0.23377743466353884,-0.19409674628565465
inner,-5.0625000000005125,250.0,-2.133486333304991,0.23567132547385694,-0.18922294727698208
inner,-4.875000000000587,249.99999999999997,-2.156638968658647,0.23743111735823444,-0.1841317976477318
inner,-4.68750000000051,250.0,-2.1790088345869756,0.23906186019063447,-0.17882980263273696
inner,-4.500000000000535,249.99999999999997,-2.200583127164128,0.24056882408565752,-0.1733236969604315
inner,-4.312500000000508,250.0,-2.2213499708701274,0.24195745452234388,-0.16762042635701732
inner,-4.125000000000532,250.00000000000003,-2.24129837630481,0.24323332824957875,-0.16172712991078889
inner,-3.937500000000506,249.99999999999997,-2.2604181974162363,0.24440211020485722,-0.15565112333363404
inner,-3.750000000000479,249.99999999999997,-2.2787000886191398,0.24546951165980013,-0.1493998831445393
inner,-3.5625000000005036,249.99999999999997,-2.2961354621424688,0.2464412497780342,-0.14298103178696467
inner,-3.375000000000477,250.00000000000003,-2.312716445933282,0.24732300873074736,-0.13640232368341526
inner,-3.1875000000005014,250.0,-2.3284358423908253,0.24812040251263676,-0.1296716322199791
inner,-3.0000000000004747,250.00000000000003,-2.343287088199956,0.2488389395482547,-0.12279693764527169
inner,-2.812500000000499,250.00000000000003,-2.357264215472408,0.2494839891890331,-0.11578631586120756
inner,-2.625000000000473,250.00000000000006,-2.370361814415142,0.25006075014548773,-0.10864792807731749
inner,-2.4375000000004974,250.00000000000003,-2.3825749976869623,0.2505742209114809,-0.1013900112933128
inner,-2.2500000000004707,250.00000000000003,-2.393899366589904,0.2510291722070178,-0.09402086957047845
inner,-2.062500000000495,250.00000000000006,-2.4043309792413954,0.2514301214332613,-0.08654886604944681
inner,-1.8750000000004685,250.00000000000003,-2.4138663208086713,0.25178130916825625,-0.0789824156676284
inner,-1.687500000000493,250.00000000000006,-2.4225022759098396,0.25208667767583226,-0.071329978527849
inner,-1.5000000000004665,250.00000000000006,-2.4302361032513002,0.25234985141205557,-0.06360005386687595
inner,-1.312500000000491,250.00000000000006,-2.4370654125549116,0.2525741195120235,-0.055801174572365275
inner,-1.1250000000004643,250.00000000000003,-2.4429881438442496,0.25276242023144374,-0.04794190219769906
inner,-0.9375000000004887,250.00000000000003,-2.4480025491021813,0.25291732730745486,-0.040030822409903806
inner,-0.7500000000004622,250.0,-2.452107176307132,0.2530410381984491,-0.03207654082609958
inner,-0.5625000000004358,250.00000000000003,-2.4553008559091785,0.2531353641971338,-0.024087679186740606
inner,-0.37500000000046013,250.00000000000003,-2.457582689759726,0.25320172238723676,-0.016072871799134286
inner,-0.18750000000043363,250.00000000000003,-2.4589520424900217,0.25324112940633653,-0.008040762202772953
inner,-4.579998741307465e-13,249.99999999999997,-2.4594085353462543,0.25325419700840757,-3.440080840977476e-14
inner,0.1874999999995685,250.00000000000003,-2.4589520424891735,0.2532411294061712,0.008040762202712529
inner,0.37499999999954414,250.0,-2.4575826897582393,0.25320172238773525,0.016072871799080228
inner,0.5624999999995707,250.0,-2.455300855908215,0.2531353641984384,0.024087679186701058
inner,0.7499999999995463,250.00000000000003,-2.452107176307892,0.2530410381990636,0.032076540826093236
inner,0.9374999999995728,249.99999999999997,-2.4480025491032555,0.2529173273080597,0.040030822409899774
inner,1.1249999999995484,250.00000000000003,-2.442988143845715,0.25276242023216855,0.04794190219771512
inner,1.3124999999995748,250.00000000000009,-2.43706541255649,0.2525741195127381,0.055801174572414666
inner,1.4999999999995506,250.00000000000006,-2.430236103252558,0.25234985141257643,0.06360005386688779
inner,1.687499999999577,250.00000000000006,-2.4225022759116412,0.25208667767590226,0.0713299785278283
inner,1.8749999999995526,250.00000000000006,-2.413866320811005,0.2517813091683593,0.078982415667603
inner,2.062499999999579,250.00000000000003,-2.4043309792436887,0.2514301214335989,0.08654886604939663
inner,2.2499999999995546,250.00000000000003,-2.3938993665917483,0.25102917220773724,0.09402086957044005
inner,2.4374999999995812,250.00000000000009,-2.3825749976879833,0.25057422091259474,0.10139001129324426
inner,2.624999999999608,250.00000000000006,-2.3703618144165013,0.2500607501457112,0.1086479280772285
inner,2.8124999999995834,250.00000000000003,-2.35726421547307,0.24948398919026918,0.11578631586116171
inner,2.9999999999996096,250.0,-2.343287088200747,0.24883893955024317,0.12279693764537232
inner,3.1874999999995857,250.00000000000003,-2.328435842392409,0.24812040251390974,0.12967163222021244
inner,3.374999999999612,250.00000000000003,-2.312716445934064,0.24732300873209248,0.13640232368357647
inner,3.5624999999995874,250.00000000000003,-2.296135462142869,0.24644124977923057,0.14298103178700694
inner,3.749999999999614,249.99999999999997,-2.278700088620193,0.2454695116606981,0.1493998831445754
inner,3.9374999999995897,250.00000000000003,-2.260418197418953,0.24440211020503508,0.15565112333379258
inner,4.124999999999616,250.00000000000003,-2.2412983763072356,0.24323332825037267,0.16172712991098204
inner,4.312499999999591,249.99999999999997,-2.2213499708716653,0.2419574545234875,0.16762042635712845
inner,4.499999999999618,250.0,-2.200583127164557,0.24056882408663388,0.17332369696042707
inner,4.687499999999594,249.99999999999997,-2.179008834586585,0.23906186019127432,0.1788298026327083
inner,4.874999999999621,249.99999999999994,-2.156638968659149,0.23743111735794767,0.18413179764780407
inner,5.062499999999596,250.0,-2.133486333306634,0.23567132547307085,0.18922294727709474
inner,5.2499999999996225,249.99999999999991,-2.10956470224843,0.23377743466309306,0.1940967462858384
inner,5.437499999999649,249.99999999999997,-2.084888859063088,0.23174466068691438,0.19874693823990017
inner,5.624999999999624,249.99999999999994,-2.0594746354695967,0.22956853054969717,0.20316753556027395
inner,5.812499999999651,249.99999999999994,-2.0333389473467127,0.2272449280217952,0.20735284024620523
inner,5.999999999999627,249.99999999999997,-2.0064998279934314,0.2247701387231098,0.2112974651732113
inner,6.187499999999654,249.99999999999994,-1.9789764581176623,0.2221408944112949,0.21499635585865
inner,6.374999999999629,249.99999999999997,-1.9507891920317946,0.21935441609509168,0.21844481256952808
inner,6.562499999999655,249.99999999999997,-1.9219595795397666,0.21640845557264313,0.22163851263371084
inner,6.749999999999631,249.99999999999997,-1.8925103829905092,0.2133013349954382,0.22457353280109726
inner,6.937499999999657,249.99999999999994,-1.8624655889852253,0.21003198404569134,0.2272463714861927
inner,7.124999999999633,249.99999999999997,-1.831850414270949,0.20659997429965368,0.2296539707069872
inner,7.31249999999966,249.99999999999994,-1.800691304785137,0.2030055504073208,0.23179373756028196
inner,7.499999999999635,249.99999999999997,-1.769015929042271,0.19924965735999922,0.233663564809576
inner,7.687499999999662,249.99999999999997,-1.7368531647682555,0.19533396463259736,0.23526185088054918
inner,7.874999999999688,249.99999999999997,-1.7042330764730071,0.19126088579253242,0.23658751878978745
inner,8.062499999999664,249.99999999999994,-1.6711868854749292,0.18703359242601614,0.23764003331272207
inner,8.249999999999691,250.00000000000003,-1.6377469324968434,0.1826560237088575,0.2384194167515492
inner,8.437499999999666,249.99999999999997,-1.6039466310317692,0.17813289095533136,0.23892626302810763
inner,8.624999999999693,250.00000000000003,-1.5698204140709453,0.17346967592291454,0.23916174942162416
inner,8.812499999999668,250.0,-1.5354036739017407,0.1686726249004671,0.239127646559558
inner,8.999999999999694,250.0,-1.5007326905824871,0.16374873742298804,0.23882632628790723
inner,9.18749999999967,250.0,-1.4658445506294837,0.15870574689427572,0.23826076611572164
inner,9.374999999999696,250.00000000000003,-1.4307770613589414,0.15355209514059337,0.23743455061556884
inner,9.562499999999673,250.00000000000003,-1.395568660395588,0.14829690373199161,0.23635187078940176
inner,9.749999999999698,249.99999999999997,-1.3602583118331049,0.14294994080194456,0.23501752093142728
inner,9.937499999999675,250.00000000000003,-1.3248853954195174,0.1375215776026809,0.23343689064764225
inner,10.124999999999702,250.0,-1.2894895979640257,0.13202274071341769,0.23161595379668903
inner,10.312499999999677,249.99999999999997,-1.2541107892345946,0.12646486594421819,0.22956125637232877
inner,10.499999999999703,250.00000000000003,-1.218788898603758,0.1208598376420065,0.22727989796373071
inner,10.687499999999678,250.00000000000003,-1.1835637878215628,0.11521993076527107,0.22477951185074713
inner,10.874999999999705,250.0,-1.1484751167121048,0.10955774790346529,0.22206824164603725
inner,11.062499999999732,250.0,-1.1135622093229869,0.10388615001199605,0.21915471360955727
inner,11.249999999999707,250.00000000000003,-1.0788639199791779,0.09821818722036046,0.21604800682043085
inner,11.437499999999684,250.0,-1.04441849266856,0.09256702849109273,0.21275762052948827
inner,11.624999999999709,250.00000000000003,-1.0102634276929945,0.08694588400112041,0.20929343711547566
inner,11.812499999999686,250.00000000000003,-0.9764353519195361,0.08136793277700301,0.20566568430642615
inner,11.999999999999712,250.00000000000003,-0.9429698774798325,0.07584625183470735,0.2018848953732323
inner,12.187499999999739,249.99999999999997,-0.9099014773682438,0.0703937327053583,0.19796186341250258
inner,12.374999999999714,250.00000000000006,-0.8772633650379724,0.06502301250919575,0.19390759782606087
inner,12.56249999999974,250.00000000000003,-0.8450873741915599,0.0597464042913876,0.18973327869500867
inner,12.749999999999716,250.00000000000003,-0.8134038460606917,0.05457582513544205,0.18545020843230378
inner,12.937499999999742,250.00000000000006,-0.7822415265628365,0.049522728991360926,0.18106976313973075
inner,13.124999999999718,250.00000000000003,-0.7516274699585953,0.04459804521064897,0.1766033441396222
inner,13.312499999999744,250.00000000000006,-0.721586952420128,0.03981211932024488,0.17206232890898795
inner,13.49999999999972,250.00000000000003,-0.692143401393201,0.03517465838256449,0.1674580226171331
inner,13.687499999999746,250.00000000000006,-0.6633183238031404,0.03069468833894745,0.16280161180397715
inner,13.874999999999773,250.00000000000003,-0.6351312549389504,0.026380504985788672,0.15810411617605533
inner,14.06249999999975,250.00000000000003,-0.6075997185968055,0.02223964055618817,0.15337634454522453
inner,14.249999999999725,250.00000000000003,-0.5807391906702525,0.018278837085744373,0.14862885254282546
inner,14.437499999999751,250.00000000000003,-0.554563087109903,0.014504016911757841,0.14387190040176698
inner,14.624999999999726,250.00000000000006,-0.5290827607355527,0.01092027196846217,0.13911541671760141
inner,14.812499999999753,250.00000000000006,-0.5043075023860396,0.007531857437132627,0.13436896401262755
inner,14.99999999999978,250.00000000000006,-0.4802445634363518,0.0043421837460782525,0.12964170546739606
inner,15.187499999999755,250.00000000000006,-0.45689918881809455,0.0013538248337897976,0.12494237773995708
inner,15.374999999999782,250.00000000000003,-0.4342746572442502,-0.0014314678553449325,0.12027926708975671
inner,15.562499999999757,250.00000000000006,-0.4123723383155621,-0.0040127500881815825,0.11566018811133247
inner,15.749999999999783,250.00000000000003,-0.3911917576825555,-0.006389857094432652,0.11109246810756006
inner,15.937499999999758,250.00000000000006,-0.3707306747414585,-0.00856337257781909,0.10658293507770698
inner,16.124999999999787,250.00000000000003,-0.35098517300914456,-0.0105345904584278,0.10213791069743029
inner,16.312499999999762,250.00000000000003,-0.3319497632701127,-0.012305469130881557,0.09776320873116448
inner,16.499999999999787,250.00000000000006,-0.3136174888588041,-0.013878576454431007,0.09346413864454481
inner,16.687499999999762,250.00000000000003,-0.29598003323065936,-0.015257035487779127,0.089245511369418
inner,16.87499999999974,250.00000000000006,-0.2790278033476742,-0.016444464892111543,0.08511164601443151
inner,17.062499999999766,250.00000000000003,-0.2627499859572549,-0.017444935661062207,0.08106637024924569
inner,17.24999999999979,250.00000000000003,-0.2471345991830325,-0.018262949754840087,0.07711301439363977
inner,17.43749999999977,250.0,-0.23216855806523334,-0.018903422820975426,0.07325440715694347
inner,17.624999999999794,250.00000000000003,-0.21783776998364768,-0.01937165962725774,0.06949287925272239
inner,17.812499999999822,250.00000000000003,-0.20412725206718946,-0.01967330950093569,0.06583027858161716
inner,17.999999999999797,250.00000000000006,-0.19102125840818487,-0.019814308045999467,0.062267993909033884
inner,18.187499999999822,250.00000000000006,-0.17850340644811827,-0.01980081395841731,0.05880698273200771
inner,18.374999999999797,250.0,-0.1665567965792799,-0.01963914739153523,0.05544780024909926
inner,18.562499999999826,250.00000000000003,-0.15516412271534746,-0.019335732979154786,0.05219062789837126
inner,18.7499999999998,250.00000000000003,-0.14430777334373804,-0.018897048331997724,0.049035300925785924
inner,18.937499999999826,250.00000000000003,-0.13396992333941327,-0.01832957802503657,0.04598133481875486
inner,19.1249999999998,250.00000000000003,-0.12413261701721567,-0.017639772801877254,0.04302795055880036
inner,19.31249999999983,249.99999999999997,-0.11477784292977823,-0.016834013671638223,0.04017409866654701
inner,19.499999999999805,250.00000000000003,-0.10588760088394959,-0.01591858055566907,0.0374184820139055
inner,19.687499999999833,249.99999999999997,-0.09744396161801822,-0.014899625155932858,0.03475957737811802
inner,19.874999999999808,250.00000000000003,-0.08942911957673477,-0.0137831477369616,0.03219565571180045
inner,20.062499999999833,249.99999999999997,-0.081825439192483,-0.012574977490421456,0.029724801115476745
inner,20.249999999999808,250.0,-0.0746154950880468,-0.011280756182079965,0.027344928505561316
inner,20.437499999999837,249.99999999999997,-0.06778210659638904,-0.00990592477219307,0.025053799976516022
inner,20.62499999999981,249.99999999999997,-0.06130836698587446,-0.00845571270829699,0.022849039865542896
inner,20.812499999999837,250.0,-0.055177667765673025,-0.006935129603144163,0.02072814853169912
inner,20.999999999999865,250.00000000000003,-0.0493737184186469,-0.005348959011372889,0.018688514865420204
inner,21.18749999999984,250.00000000000003,-0.043880561898283994,-0.0037017540404270083,0.016727427545914254
inner,21.374999999999865,249.99999999999997,-0.03868258619747935,-0.0019978345356559337,0.014842085062607367
inner,21.562499999999844,250.0,-0.03376453226878041,-0.00024128559119370916,0.013029604515805116
inner,21.74999999999987,250.0,-0.029111498557319863,0.001564042842520055,0.0112870292083043
inner,21.937499999999844,250.0,-0.02470894236415974,0.003414535488932103,0.009611335033516294
inner,22.124999999999872,249.99999999999997,-0.02054267824050741,0.0053068106258861315,0.007999435658417996
inner,22.312499999999847,249.99999999999997,-0.016598873568903064,0.007237718532285907,0.006448186492735524
inner,22.499999999999872,249.99999999999997,-0.01286404146046585,0.009204339705978613,0.004954387421430091
inner,22.687499999999847,249.99999999999997,-0.00932503105924306,0.011203983062836143,0.003514784266215935
inner,22.874999999999876,249.99999999999994,-0.0059690152912687516,0.013234184337558965,0.002126068925243626
inner,23.06249999999985,249.99999999999997,-0.0027834760763689927,0.015292704894405887,0.0007848781189444543
inner,23.249999999999876,249.99999999999997,0.00024381305641654576,0.017377531202581356,-0.0005122093513254076
inner,23.43749999999985,249.99999999999994,0.0031248070496126806,0.01948687523365538,-0.0017686769559611686
inner,23.62499999999988,249.99999999999997,0.005871212259045656,0.021619176070126,-0.0029880765601431
inner,23.812499999999904,249.99999999999997,0.008494512507200645,0.023773103072712732,-0.004174036520732678
inner,23.999999999999883,249.99999999999997,0.011005998587069733,0.02594756100961004,-0.005330272012655364
inner,24.187499999999908,249.99999999999994,0.013416801665507882,0.028141697623501487,-0.0064605979099525805
inner,24.374999999999883,250.0,0.01573793117568134,0.030354914224252898,-0.007568944632419511
inner,24.56249999999991,249.99999999999997,0.017980317969083944,0.03258688003600256,-0.008659377478228009
inner,24.749999999999886,249.99999999999997,0.020154863717577083,0.03483755119917608,-0.009736120107021181
inner,24.93749999999991,249.99999999999994,0.02227249785436313,0.037107195575217404,-0.010803583021442041
inner,25.124999999999886,249.99999999999994,0.024344243712386845,0.039396424799107765,-0.011866398141486092
inner,25.312499999999915,249.99999999999994,0.026381296044057236,0.04170623545156027,-0.012929460895077773
inner,25.49999999999989,249.99999999999997,0.028395112792350848,0.04403806177054957,-0.013997981690444252
inner,25.687499999999915,249.99999999999994,0.030397524915799244,0.046393843046763625,-0.015077549241848526
inner,25.874999999999893,249.99999999999994,0.03240086937713247,0.048776109847960804,-0.016174209061347616
inner,26.06249999999992,249.99999999999994,0.03441815225348502,0.05118809458462007,-0.017294561610317005
inner,26.249999999999893,249.99999999999997,0.036463251533804794,0.05363387377196717,-0.01844588629210842
inner,26.437499999999922,249.99999999999997,0.03855117298804936,0.056118551953454596,-0.019636299909372917
inner,26.624999999999947,249.99999999999997,0.04069837813710461,0.058648500903241155,-0.020874961813166733
inner,26.812499999999922,249.99999999999994,0.04292321184792376,0.0612316729036358,-0.022172343387720034
inner,26.99999999999995,249.99999999999994,0.04524647022895473,0.06387801441116876,-0.023540587822248774
inner,27.187499999999925,249.99999999999997,0.047692170263530245,0.0666000173802204,-0.02499399916041659
inner,27.37499999999995,249.99999999999997,0.050288616328714265,0.06941346174087981,-0.026549720617305442
inner,27.562499999999925,249.99999999999994,0.05306991548421984,0.07233842712980054,-0.02822869695382944
inner,27.749999999999954,249.99999999999997,0.05607819118715784,0.07540068887196202,-0.030057075491310436
inner,27.93749999999993,249.99999999999997,0.059366925268529505,0.07863367317146565,-0.032068306929332845
inner,28.124999999999954,249.99999999999997,0.06300618516786198,0.0820812290846625,-0.03430640913679079
inner,28.312499999999932,249.99999999999994,0.06709121059298005,0.08580165815972324,-0.03683125644169932
inner,28.499999999999957,249.99999999999994,0.0717570773474733,0.08987351832951862,-0.03972765444527767
inner,28.687499999999932,249.99999999999994,0.07720631270350235,0.09440487528083526,-0.04312197669942777
inner,28.87499999999996,249.99999999999997,0.08376065255856723,0.09954512366361881,-0.047216091910452604
inner,29.062499999999936,249.99999999999997,0.09199076984650695,0.10551679526800309,-0.05236249117101924
inner,29.24999999999996,250.0,0.10296076841630254,0.11261410439103588,-0.05926398330780058
inner,29.43749999999999,249.99999999999997,0.11945032246164768,0.12158118683363588,-0.06948917509092464
inner,29.624999999999964,249.99999999999994,0.14760931092004861,0.13270604098914957,-0.08730609291349523
inner,29.81249999999994,250.0,0.23697119820255108,0.16500514545390066,-0.1219960983433839
inner,29.999999999999964,249.99999999999997,0.3077447141583236,0.191852716007015,-0.14539655424980025
mid,-30.000000000000068,274.99999680377374,0.029237401166807654,-1.0358790986724278e-05,0.0013990668091619588
mid,-29.787799054811394,274.9999968037738,0.02960466248606367,-1.5153948063633196e-05,0.0025884253053766503
mid,-29.575598109622717,274.9999968037738,0.030310372473833856,-1.810594874868815e-05,0.0050347603899420735
mid,-29.36339716443394,274.9999968037738,0.030950649140979343,-4.88466157397803e-06,0.007409976298128603
mid,-29.151196219245268,274.9999968037738,0.031509598647595144,3.12667693510545e-05,0.009726575107876556
mid,-28.93899527405659,274.99999680377374,0.0319754296898012,9.436152994348346e-05,0.011992491440256475
mid,-28.726794328867918,274.9999968037738,0.03234021373256016,0.00018586552683033317,0.014212040036037129
mid,-28.514593383679244,274.9999968037738,0.03259954320954288,0.000304960854802353,0.016386796144701076
mid,-28.302392438490568,274.9999968037738,0.032752111395376086,0.0004488582590847622,0.01851637405011024
mid,-28.090191493301894,274.9999968037738,0.03279924321498443,0.0006131377660370705,0.020599085514886355
mid,-27.87799054811322,274.9999968037738,0.032744405623396006,0.000792096841117056,0.022632473037588807
mid,-27.665789602924544,274.9999968037738,0.032592722562878575,0.0009790880159340014,0.024613722297127816
mid,-27.453588657735768,274.9999968037738,0.03235051437325199,0.0011668317348331324,0.02653996443317887
mid,-27.241387712547095,274.9999968037738,0.03202487602510212,0.001347694407825731,0.02840848242321525
mid,-27.029186767358418,274.99999680377374,0.031623303316637257,0.0015139256571275054,0.03021683732689832
mid,-26.816985822169745,274.9999968037738,0.031153371662526696,0.0016578522584469535,0.03196293016029137
mid,-26.60478487698107,274.9999968037738,0.030622468456470528,0.001772029155026087,0.03364501415656882
mid,-26.392583931792394,274.99999680377374,0.030037577176617408,0.0018493500132239823,0.035261670540155936
mid,-26.18038298660372,274.9999968037738,0.02940510948408418,0.001883121270228147,0.03681175899011718
mid,-25.968182041415044,274.99999680377374,0.028730780285066804,0.0018671044591629712,0.03829435197393421
mid,-25.75598109622637,274.9999968037738,0.028019520088964217,0.0017955319813565754,0.03970866018521038
mid,-25.543780151037698,274.9999968037738,0.027275418783913662,0.0016631014861726735,0.04105395455493957
mid,-25.33157920584892,274.99999680377374,0.026501695054097437,0.0014649537238620725,0.04232948878945153
mid,-25.119378260660245,274.9999968037738,0.02570068606766658,0.0011966383225053365,0.043534425101142395
mid,-24.90717731547157,274.9999968037738,0.02487385254486533,0.0008540713598510115,0.04466776475916366
mid,-24.694976370282895,274.9999968037738,0.024021794889438442,0.0004334880111690597,0.04572828429608237
mid,-24.48277542509422,274.9999968037738,0.023144276681400275,-6.860703564302156e-05,0.04671447760001129
mid,-24.270574479905495,274.9999968037738,0.022240252431508213,-0.0006554892267116204,0.04762450369522701
mid,-24.05837353471687,274.9999968037738,0.021307897010497085,-0.001330262203838608,0.04845613973604064
mid,-23.846172589528198,274.9999968037738,0.020344634688097916,-0.002095903036614711,0.04920673855242535
mid,-23.63397164433952,274.9999968037738,0.019347166118917215,-0.0029553037260998567,0.04987319001124223
mid,-23.421770699150848,274.9999968037738,0.018311491958461903,-0.003911308373776592,0.05045188543158069
mid,-23.20956975396207,274.9999968037738,0.01723293211369542,-0.0049667456134143695,0.05093868430272397
mid,-22.9973688087734,274.99999680377374,0.016106139824889072,-0.006124456061165073,0.051328882615972016
mid,-22.78516786358472,274.9999968037738,0.014925109959566654,-0.007387314623799216,0.05161718218837179
mid,-22.572966918396048,274.9999968037738,0.013683180998552792,-0.008758247594908682,0.051797660431226106
mid,-22.36076597320732,274.9999968037738,0.012373030282563924,-0.010240244453956458,0.051863740110147924
mid,-22.148565028018698,274.9999968037738,0.010986662117533616,-0.011836364292458927,0.051808158724219115
mid,-21.936364082830025,274.99999680377374,0.009515388327289195,-0.013549736743769782,0.0516229372337078
mid,-21.724163137641348,274.9999968037738,0.007949800828213324,-0.015383557238229872,0.051299347945791024
mid,-21.511962192452625,274.9999968037738,0.0062797357460273595,-0.017341076331799623,0.05082788146413224
mid,-21.2997612472639,274.9999968037738,0.004494228524034298,-0.01942558275364084,0.05019821271249782
mid,-21.087560302075225,274.99999680377374,0.002581459387182912,-0.02164037972774551,0.04939916613868252
mid,-20.87535935688655,274.9999968037738,0.0005286884405803875,-0.023988753997378907,0.04841868032833484
mid,-20.663158411697875,274.9999968037738,-0.0016778204344073087,-0.02647393686315131,0.04724377238466921
mid,-20.450957466509198,274.9999968037738,-0.004052887834931535,-0.029099056410852465,0.04586050257593742
mid,-20.238756521320525,274.9999968037738,-0.006612520308104629,-0.031867079962530534,0.044253939926739955
mid,-20.02655557613195,274.9999968037738,-0.00937402621393709,-0.034780745646139706,0.042408129629012845
mid,-19.81435463094389,274.9999968037738,-0.012356147275367229,-0.037842481815250566,0.04030606338406937
mid,-19.602153685757454,274.9999968037738,-0.015579207225574116,-0.0410543129017969,0.037929654056101256
mid,-19.389952740578547,274.9999968037738,-0.019065279052076785,-0.04441775012064868,0.03525971634870542
mid,-19.177751795429057,274.9999968037738,-0.022838372445083487,-0.04793366529610686,0.03227595559512553
mid,-18.965550850391523,274.9999968037738,-0.02692464311002605,-0.051602145900806834,0.02895696719333682
mid,-18.753349905762626,274.9999968037738,-0.0313526256980638,-0.05542232923449483,0.025280249754901424
mid,-18.541148962566403,274.9999968037738,-0.036153492178697746,-0.05939221351144278,0.021222235665916134
mid,-18.328948024191394,274.9999968037738,-0.041361337655928185,-0.06350844334075677,0.01675834364934474
mid,-18.116747101392196,274.9999968037738,-0.04701349624713838,-0.06776606667391544,0.011863059522848492
mid,-17.90454622689504,274.9999968037738,-0.05315089071193082,-0.07215825947516971,0.00651005460047583
mid,-17.69234549617137,274.9999968037738,-0.059818420515317654,-0.07667601316520663,0.0006723574532290669
mid,-17.48014517617176,274.9999968037738,-0.0670653919127357,-0.08130777866761735,-0.005677394657243927
mid,-17.26794598214891,274.99999680377385,-0.07494598688229785,-0.08603906025133384,-0.01256658266088647
mid,-17.055749750906028,274.99999680377385,-0.08351975128771381,-0.09085195269677952,-0.02002204762679522
mid,-16.843561000347805,274.99999680377385,-0.09285205321659921,-0.09572461569335239,-0.028069256221524914
mid,-16.631390348248637,274.9999968037738,-0.10301441841756073,-0.1006306762932894,-0.03673105671188015
mid,-16.419261640885992,274.9999968037738,-0.11408458224826709,-0.10553854017165265,-0.046025828297634644
mid,-16.207225883342172,274.99999680377385,-0.12614598211978695,-0.11041057929982363,-0.055964735566698245
mid,-15.995386430054397,274.9999968037738,-0.13928618464111095,-0.11520217954477205,-0.06654772342546499
mid,-15.783939727811328,274.9999968037738,-0.15359331956487096,-0.11986075416489429,-0.07775797517277899
mid,-15.573231421083939,274.9999968037738,-0.16914881706814983,-0.12432526240394139,-0.08955529985821888
mid,-15.363805823279575,274.99999680377385,-0.18601484800476695,-0.12852742988262356,-0.10187061700242181
mid,-15.156404209666901,274.99999680377385,-0.2042176120604971,-0.1323961357952542,-0.11460570229614954
mid,-14.95185618820385,274.99999680377385,-0.22373408907729295,-0.13586527875533766,-0.12764250673420155
mid,-14.750853108656997,274.99999680377385,-0.24449757130324168,-0.1388818894553581,-0.14086004929425372
mid,-14.553786757623614,274.9999968037738,-0.2664206906800146,-0.14141093663413443,-0.15415199835085808
mid,-14.360638443129739,274.99999680377385,-0.2894274806151665,-0.1434341226287012,-0.16743595000568015
mid,-14.171127937981083,274.99999680377385,-0.31347038933142995,-0.14494514863515942,-0.18065132535865808
mid,-13.9848384005564,274.99999680377385,-0.3385257777794474,-0.1459446939929191,-0.19375246441943197
mid,-13.801307527867662,274.9999968037738,-0.36458654121616557,-0.14643691119110996,-0.206701521109933
mid,-13.620120464184739,274.99999680377385,-0.3916510700712836,-0.14642787985521077,-0.2194631927547059
mid,-13.440907754854708,274.9999968037738,-0.4197161067686316,-0.145924963911314,-0.23200205821681447
mid,-13.263370861993351,274.9999968037738,-0.44877321457718955,-0.14493708855232057,-0.2442820190378234
mid,-13.087246572104538,274.9999968037738,-0.47880808383329443,-0.14347470500280435,-0.25626589850181647
mid,-12.91234882200233,274.9999968037738,-0.5097982554358751,-0.14155049474231146,-0.2679163970086185
mid,-12.738484289834362,274.9999968037738,-0.5417159747221891,-0.13917882363557182,-0.27919648057797813
mid,-12.565530243549032,274.99999680377385,-0.5745271156275497,-0.136376559007435,-0.2900696995667873
mid,-12.393374050153072,274.9999968037738,-0.608190051473323,-0.13316261402505497,-0.3005009975694728
mid,-12.221913577712705,274.99999680377385,-0.6426602655672514,-0.12955777866541,-0.3104577171452601
mid,-12.051057231570125,274.9999968037738,-0.6778896920353359,-0.1255846200493136,-0.31990895885839543
mid,-11.880761292565898,274.99999680377385,-0.7138238975249088,-0.12126783492334434,-0.32882659294479155
mid,-11.710941682027526,274.99999680377385,-0.7504070205016155,-0.11663294657086926,-0.3371851034357005
mid,-11.54156908931564,274.9999968037738,-0.7875799714530562,-0.1117072625820156,-0.3449621135319223
mid,-11.372596267524688,274.99999680377385,-0.8252804875206471,-0.10651879402914183,-0.3521383437715745
mid,-11.203980870077554,274.9999968037738,-0.8634466168646524,-0.10109613604797407,-0.35869789672370134
mid,-11.03569205661081,274.9999968037738,-0.9020144925004956,-0.09546845740946244,-0.36462805687558697
mid,-10.867701500549924,274.9999968037738,-0.9409190920361731,-0.08966513304629753,-0.3699193580326222
mid,-10.699983254431759,274.9999968037738,-0.9800950232397375,-0.08371550329296668,-0.3745655294613882
mid,-10.53252101740799,274.9999968037738,-1.0194762439694465,-0.07764878575678678,-0.3785635673348544
mid,-10.365296664358834,274.9999968037738,-1.0589974659438568,-0.07149360022187574,-0.3819137461335541
mid,-10.198282223949066,274.9999968037738,-1.0985956772268155,-0.06527758482743984,-0.38461926817074543
mid,-10.031460105948865,274.9999968037738,-1.1382078494825754,-0.05902775175758335,-0.38668602169200667
mid,-9.864838921963866,274.9999968037738,-1.1777703876719858,-0.052770487321031616,-0.38812325398177006
mid,-9.698378826711407,274.9999968037738,-1.217224042702972,-0.04653008736886596,-0.38894204019041756
mid,-9.532086001431729,274.9999968037738,-1.2565106776512813,-0.04033014245986301,-0.3891565987095169
mid,-9.365939244206068,274.9999968037738,-1.2955737716658877,-0.03419243616914846,-0.38878284247689066
mid,-9.199937880889191,274.9999968037738,-1.3343596319717053,-0.02813735794614472,-0.38783914496356325
mid,-9.034061775004893,274.9999968037738,-1.372817076404433,-0.02218337766636541,-0.3863452017814343
mid,-8.868319875992647,274.9999968037738,-1.410897108574416,-0.016347605153181136,-0.3843229752501076
mid,-8.702685596624452,274.9999968037738,-1.4485546646553784,-0.010644804268134758,-0.3817949350203362
mid,-8.537167054518571,274.99999680377374,-1.4857467969894147,-0.005088424438859304,-0.37878542566468554
mid,-8.371752927008075,274.9999968037738,-1.5224338587612207,0.00031020481051505233,-0.37531924213321205
mid,-8.206431226317388,274.9999968037738,-1.5585800753129677,0.00554164124154654,-0.37142169795729507
mid,-8.041205455500686,274.99999680377374,-1.594151489002942,0.01059793059633251,-0.36711891106329475
mid,-7.8760707404469725,274.9999968037738,-1.6291177003624502,0.015473011131224526,-0.36243696764243766
mid,-7.711015447502717,274.99999680377374,-1.6634523702457051,0.02016264643050912,-0.3574016386670775
mid,-7.546036129959539,274.9999968037738,-1.6971314958006563,0.024664020725586856,-0.3520386365186659
mid,-7.381133716568411,274.99999680377374,-1.7301332675464083,0.028975697759476976,-0.34637338182544664
mid,-7.216305804154478,274.99999680377374,-1.7624391562918453,0.03309769394774538,-0.3404305588167902
mid,-7.051543211049791,274.9999968037738,-1.7940339479938288,0.03703139106471419,-0.3342338025966912
mid,-6.886843076857864,274.9999968037738,-1.8249046208241013,0.04077918665584866,-0.32780600916430774
mid,-6.722202652965122,274.99999680377374,-1.855040164925063,0.04434443590042657,-0.3211690571364407
mid,-6.5576192979104695,274.9999968037738,-1.8844316685080484,0.047731335608249395,-0.31434370334781836
mid,-6.393091905305342,274.99999680377374,-1.9130720439108564,0.05094477026031875,-0.307349570647158
mid,-6.228619715618828,274.9999968037738,-1.9409560947881137,0.053990207218982456,-0.3002050460548448
mid,-6.0641965824974005,274.99999680377374,-1.9680805276857025,0.05687363246768608,-0.29292703555933464
mid,-5.899820304303757,274.99999680377374,-1.9944432957857767,0.05960131001711219,-0.28553130473969096
mid,-5.735488762970918,274.99999680377374,-2.020043375730295,0.06217971081329917,-0.27803236896115224
mid,-5.571199920323056,274.9999968037738,-2.0448807630222694,0.06461542042126042,-0.27044350501768794
mid,-5.406951814519443,274.9999968037738,-2.068956308522398,0.06691504840808792,-0.2627767889159975
mid,-5.242742556616949,274.9999968037738,-2.092271567446963,0.0690851490957441,-0.255043144321572
mid,-5.078570327247611,274.99999680377374,-2.1148286618048897,0.07113215383397889,-0.24725239941588423
mid,-4.914433373406073,274.99999680377374,-2.136630156775647,0.07306231463981575,-0.23941334997632596
mid,-4.750330005343832,274.99999680377374,-2.157678951164415,0.07488165873725698,-0.23153382662636784
mid,-4.586258593564816,274.9999968037738,-2.177978181684678,0.07659595333340219,-0.22362076438781064
mid,-4.422217565919726,274.9999968037738,-2.1975311405114466,0.07821067979176244,-0.2156802728840486
mid,-4.258205404793205,274.9999968037738,-2.216341205335366,0.07973101621612556,-0.207717705781888
mid,-4.094220644381798,274.9999968037738,-2.2344117809403836,0.08116182741090233,-0.19973772831265169
mid,-3.9302618680570327,274.9999968037738,-2.2517462512303177,0.08250766113289733,-0.19174438196407467
mid,-3.766327705810757,274.9999968037738,-2.2683479405662634,0.08377274956670142,-0.1837411456692591
mid,-3.6024168317785747,274.9999968037738,-2.284220083225475,0.0849610150294497,-0.17573099304761067
mid,-3.4385279618372837,274.9999968037738,-2.299365799870719,0.08607607895433957,-0.16771644543613973
mid,-3.2746598512730944,274.9999968037738,-2.313788079958226,0.0871212733037179,-0.15969962062019527
mid,-3.1108112925168716,274.99999680377385,-2.327489769071979,0.08809965369251643,-0.1516822773118628
mid,-2.946981112942022,274.9999968037738,-2.340473560319802,0.08901401358344402,-0.14366585551720407
mid,-2.7831681727228337,274.99999680377385,-2.3527419889994556,0.08986689904463821,-0.1356515130133019
mid,-2.6193713627484407,274.9999968037738,-2.3642974298665607,0.09066062365650214,-0.12764015820335797
mid,-2.4555896025899644,274.99999680377385,-2.375142096432848,0.09139728325793883,-0.11963247964465021
mid,-2.291821838516764,274.9999968037738,-2.3852780418302815,0.09207877029107786,-0.11162897254495538
mid,-2.128067041559097,274.99999680377385,-2.3947071608640553,0.09270678756583096,-0.10362996252262621
mid,-1.9643242056132204,274.99999680377385,-2.403431192921058,0.09328286135419739,-0.09563562690658096
mid,-1.8005923455862374,274.99999680377385,-2.411451725510692,0.09380835371368673,-0.08764601382693202
mid,-1.6368704955775322,274.99999680377385,-2.4187701981988057,0.09428447401981616,-0.07966105933086422
mid,-1.47315770709308,274.99999680377385,-2.425387906794416,0.09471228965898246,-0.07168060272427694
mid,-1.30945304729039,274.99999680377385,-2.431306007247243,0.09509273590781872,-0.06370440040941659
mid,-1.1457556607107335,274.99999680377385,-2.4365255184621115,0.09542662490387975,-0.05573214135440131
mid,-0.9820649143885135,274.9999968037738,-2.4410473298770707,0.0957146530049268,-0.04776346391747255
mid,-0.8183794318822556,274.9999968037738,-2.444872209939653,0.09595741016334969,-0.03979792242820425
mid,-0.6546983209858142,274.9999968037738,-2.448000800083254,0.09615538417914735,-0.03183505178326661
mid,-0.4910206976393851,274.9999968037738,-2.4504336172758143,0.09630896653833948,-0.023874354961746443
mid,-0.32734568428320054,274.99999680377385,-2.452171060662315,0.09641845707039366,-0.015915309767834757
mid,-0.16367240822241808,274.9999968037738,-2.4532134137474007,0.09648406743050468,-0.007957375636581998
mid,-4.0711099922733015e-13,274.99999680377374,-2.453560845984766,0.09650592360729628,-6.932272561743267e-13
mid,0.16367240822165474,274.9999968037738,-2.4532134137495105,0.09648406742923116,0.007957375635515986
mid,0.3273456842824372,274.9999968037738,-2.4521710606639893,0.09641845706950324,0.015915309766833766
mid,0.49102069763857087,274.9999968037738,-2.4504336172764907,0.09630896653827095,0.023874354960918165
mid,0.6546983209849999,274.99999680377385,-2.4480008000847757,0.09615538417856401,0.03183505178277163
mid,0.8183794318814923,274.99999680377385,-2.4448722099411375,0.09595741016323578,0.03979792242723839
mid,0.9820649143876993,274.99999680377385,-2.441047329876827,0.09571465300586535,0.04776346391634972
mid,1.1457556607099701,274.9999968037738,-2.43652551846172,0.0954266249037174,0.05573214135375599
mid,1.309453047289576,274.9999968037738,-2.4313060072480326,0.09509273590606347,0.06370440040899122
mid,1.4731577070923165,274.9999968037738,-2.425387906795029,0.09471228965790303,0.0716806027230965
mid,1.6368704955767688,274.99999680377385,-2.418770198199001,0.09428447401956662,0.07966105932930391
mid,1.800592345585474,274.99999680377385,-2.4114517255116303,0.09380835371279654,0.08764601382556514
mid,1.9643242056124062,274.9999968037738,-2.4034311929216434,0.09328286135352752,0.09563562690556864
mid,2.128067041558334,274.9999968037738,-2.3947071608647312,0.09270678756531157,0.10362996252211015
mid,2.2918218385160007,274.99999680377385,-2.385278041832393,0.09207877028987135,0.11162897254455978
mid,2.45558960258915,274.99999680377385,-2.3751420964343914,0.09139728325723084,0.11963247964458601
mid,2.6193713627476773,274.99999680377385,-2.3642974298698594,0.09066062365382219,0.1276401582032537
mid,2.7831681727220703,274.9999968037738,-2.3527419890013817,0.08986689904305276,0.13565151301328102
mid,2.9469811129412586,274.9999968037738,-2.340473560318714,0.08901401358405393,0.14366585551768368
mid,3.110811292516108,274.9999968037738,-2.3274897690711436,0.08809965369223116,0.15168227731211975
mid,3.274659851272331,274.9999968037738,-2.313788079958151,0.08712127330251668,0.15969962062027848
mid,3.4385279618364697,274.99999680377385,-2.2993657998722896,0.08607607895165986,0.16771644543656533
mid,3.6024168317778114,274.9999968037738,-2.2842200832270496,0.08496101502640727,0.1757309930483843
mid,3.7663277058099935,274.9999968037738,-2.2683479405669327,0.08377274956491834,0.18374114566973665
mid,3.9302618680562693,274.99999680377385,-2.2517462512300157,0.08250766113243811,0.19174438196436483
mid,4.094220644381035,274.99999680377374,-2.2344117809388466,0.08116182741109924,0.19973772831286143
mid,4.2582054047924425,274.9999968037738,-2.2163412053341203,0.07973101621598762,0.20771770578134563
mid,4.422217565918962,274.99999680377374,-2.197531140510366,0.07821067979113182,0.2156802728831675
mid,4.586258593564053,274.9999968037738,-2.177978181683017,0.07659595333324368,0.22362076438683912
mid,4.750330005343018,274.99999680377374,-2.157678951163451,0.07488165873662556,0.23153382662550165
mid,4.914433373405309,274.9999968037738,-2.136630156777477,0.07306231463728534,0.23941334997532768
mid,5.078570327246847,274.99999680377374,-2.114828661808206,0.07113215383086122,0.24725239941424995
mid,5.242742556616186,274.99999680377374,-2.092271567449035,0.0690851490938805,0.25504314431950803
mid,5.406951814518629,274.9999968037738,-2.068956308522509,0.06691504840763253,0.2627767889144669
mid,5.5711999203222415,274.99999680377374,-2.0448807630236194,0.06461542041970647,0.2704435050166813
mid,5.735488762970103,274.9999968037738,-2.0200433757324134,0.06217971081123204,0.27803236895991723
mid,5.899820304302943,274.99999680377374,-1.994443295784518,0.05960131001740785,0.2855313047385713
mid,6.0641965824966375,274.99999680377374,-1.968080527684236,0.0568736324685797,0.29292703555833577
mid,6.228619715618014,274.9999968037738,-1.9409560947888875,0.053990207218686526,0.3002050460541667
mid,6.393091905304528,274.9999968037738,-1.9130720439117883,0.05094477026002045,0.3073495706473638
mid,6.557619297909656,274.9999968037738,-1.8844316685096023,0.04773133560878488,0.31434370334822825
mid,6.722202652964358,274.9999968037738,-1.855040164928239,0.04434443590062262,0.32116905713667215
mid,6.886843076857101,274.99999680377374,-1.8249046208259156,0.04077918665684255,0.32780600916465436
mid,7.051543211048976,274.99999680377374,-1.7940339479957375,0.03703139106515664,0.33423380259705443
mid,7.2163058041537145,274.9999968037738,-1.762439156294763,0.03309769394702751,0.34043055881718787
mid,7.381133716567647,274.9999968037738,-1.7301332675479073,0.028975697759238302,0.34637338182601374
mid,7.546036129958725,274.9999968037738,-1.697131495802687,0.024664020724859608,0.3520386365188019
mid,7.711015447501954,274.99999680377374,-1.6634523702484214,0.020162646429881012,0.3574016386665617
mid,7.876070740446107,274.9999968037738,-1.6291177003646455,0.015473011131100056,0.36243696764200817
mid,8.041205455499922,274.9999968037738,-1.5941514890052173,0.010597930596351696,0.3671189110632841
mid,8.206431226316626,274.9999968037738,-1.5585800753158294,0.005541641241493422,0.3714216979574252
mid,8.371752927007313,274.99999680377374,-1.5224338587647879,0.00031020481026163005,0.3753192421332032
mid,8.537167054517706,274.9999968037738,-1.4857467969926113,-0.005088424439029411,0.37878542566465134
mid,8.702685596623636,274.9999968037738,-1.4485546646583543,-0.010644804268272252,0.3817949350202856
mid,8.868319875991833,274.9999968037738,-1.4108971085773738,-0.016347605153704405,0.3843229752500581
mid,9.034061775004131,274.9999968037738,-1.3728170764052132,-0.02218337766676263,0.38634520178146525
mid,9.199937880888427,274.9999968037738,-1.3343596319715472,-0.028137357946744053,0.38783914496359173
mid,9.365939244205304,274.9999968037738,-1.2955737716656894,-0.03419243616986558,0.3887828424769395
mid,9.532086001430915,274.9999968037738,-1.256510677650412,-0.04033014246023231,0.3891565987096428
mid,9.698378826710591,274.9999968037738,-1.2172240427019718,-0.04653008736834985,0.38894204019062395
mid,9.864838921963052,274.9999968037738,-1.1777703876714212,-0.052770487320224525,0.38812325398197167
mid,10.031460105948051,274.9999968037738,-1.1382078494821628,-0.059027751756543685,0.3866860216917861
mid,10.198282223948302,274.9999968037738,-1.0985956772258378,-0.06527758482626977,0.38461926817035036
mid,10.365296664358018,274.9999968037738,-1.0589974659428258,-0.07149360022142992,0.38191374613341067
mid,10.532521017407227,274.9999968037738,-1.0194762439673215,-0.07764878575509102,0.37856356733467256
mid,10.699983254430945,274.9999968037738,-0.9800950232380043,-0.08371550329135843,0.3745655294613608
mid,10.86770150054911,274.9999968037738,-0.940919092036924,-0.0896651330471947,0.36991935803294207
mid,11.035692056610046,274.9999968037738,-0.9020144925019454,-0.09546845741122632,0.36462805687588196
mid,11.20398087007674,274.9999968037738,-0.8634466168648696,-0.10109613604804123,0.35869789672405383
mid,11.372596267523924,274.9999968037738,-0.8252804875196168,-0.10651879402796552,0.35213834377201214
mid,11.541569089314876,274.9999968037738,-0.7875799714520894,-0.11170726258087052,0.344962113531897
mid,11.710941682026762,274.9999968037738,-0.7504070205000919,-0.11663294656892963,0.3371851034353578
mid,11.880761292565134,274.9999968037738,-0.7138238975220593,-0.12126783492098826,0.3288265929444174
mid,12.051057231569311,274.9999968037738,-0.6778896920324557,-0.12558462004723642,0.31990895885792964
mid,12.221913577711891,274.99999680377385,-0.6426602655649796,-0.12955777866329463,0.3104577171446873
mid,12.393374050152259,274.9999968037738,-0.6081900514722641,-0.13316261402360138,0.30050099756878645
mid,12.565530243548217,274.9999968037738,-0.5745271156282449,-0.13637655900649304,0.29006969956641193
mid,12.738484289833549,274.99999680377385,-0.5417159747208969,-0.13917882363287826,0.27919648057825236
mid,12.912348822001515,274.9999968037738,-0.5097982554325307,-0.14155049473867354,0.26791639700939657
mid,13.087246572103725,274.9999968037738,-0.4788080838308635,-0.1434747049995021,0.2562658985029274
mid,13.263370861992538,274.99999680377385,-0.44877321457379826,-0.1449370885494855,0.24428201903936314
mid,13.440907754853894,274.99999680377385,-0.4197161067652262,-0.14592496390967755,0.23200205821845982
mid,13.620120464183925,274.9999968037738,-0.3916510700690584,-0.14642787985421807,0.2194631927559516
mid,13.801307527866848,274.9999968037738,-0.3645865412129709,-0.14643691118987828,0.20670152111089765
mid,13.984838400555638,274.9999968037738,-0.33852577777443565,-0.145944693990594,0.19375246442025085
mid,14.17112793798032,274.9999968037738,-0.31347038932768617,-0.14494514863311236,0.1806513253591185
mid,14.360638443128925,274.9999968037738,-0.28942748061211554,-0.1434341226282328,0.1674359500061699
mid,14.5537867576228,274.9999968037738,-0.2664206906765028,-0.14141093663473778,0.15415199835192928
mid,14.750853108656182,274.99999680377385,-0.2444975712994383,-0.13888188945645863,0.1408600492958761
mid,14.951856188203035,274.9999968037738,-0.22373408907219308,-0.1358652787566333,0.12764250673627522
mid,15.156404209666086,274.99999680377385,-0.20421761205597774,-0.1323961357962584,0.11460570229836556
mid,15.363805823278762,274.99999680377385,-0.18601484800129459,-0.1285274298835054,0.1018706170043737
mid,15.573231421083177,274.99999680377385,-0.16914881706424026,-0.12432526240413011,0.08955529985979419
mid,15.783939727810514,274.99999680377385,-0.15359331955800376,-0.1198607541648029,0.07775797517426292
mid,15.995386430053635,274.99999680377385,-0.13928618463247763,-0.1152021795453678,0.06654772342710018
mid,16.20722588334141,274.9999968037738,-0.12614598211294087,-0.11041057929993006,0.05596473556841241
mid,16.419261640885228,274.99999680377385,-0.11408458224436169,-0.10553854017217186,0.046025828299346414
mid,16.631390348247923,274.9999968037738,-0.1030144184146988,-0.10063067629486593,0.03673105671357002
mid,16.84356100034704,274.99999680377385,-0.09285205321204848,-0.0957246156950061,0.028069256223017054
mid,17.055749750905314,274.99999680377385,-0.08351975128237091,-0.09085195269775975,0.020022047627857732
mid,17.2679459821482,274.9999968037738,-0.07494598687575436,-0.08603906025062022,0.012566582662048888
mid,17.480145176171046,274.9999968037738,-0.06706539190436892,-0.08130777866755565,0.005677394659252347
mid,17.692345496170656,274.9999968037738,-0.059818420508561794,-0.07667601316771164,-0.0006723574512591817
mid,17.904546226894325,274.9999968037738,-0.05315089070454997,-0.07215825947761348,-0.0065100545994711875
mid,18.116747101391482,274.99999680377385,-0.04701349623733169,-0.06776606667374648,-0.01186305952279179
mid,18.328948024190733,274.9999968037738,-0.04136133764618515,-0.06350844334051454,-0.01675834364938296
mid,18.541148962565693,274.9999968037738,-0.036153492169077164,-0.05939221351388681,-0.021222235665176017
mid,18.753349905761965,274.9999968037738,-0.03135262568753502,-0.05542232923632121,-0.02528024975386943
mid,18.965550850390862,274.9999968037738,-0.02692464309954863,-0.051602145902344035,-0.028956967192321242
mid,19.17775179542845,274.9999968037738,-0.022838372436997968,-0.047933665299139276,-0.032275955594102276
mid,19.389952740577936,274.9999968037738,-0.01906527904438735,-0.04441775012076063,-0.03525971634817952
mid,19.602153685756843,274.9999968037738,-0.015579207217678945,-0.04105431290172816,-0.03792965405553133
mid,19.814354630943175,274.9999968037738,-0.01235614726636668,-0.03784248181658376,-0.040306063382977
mid,20.02655557613134,274.9999968037738,-0.00937402620273324,-0.034780745647025296,-0.04240812962749089
mid,20.238756521319914,274.9999968037738,-0.006612520296091488,-0.03186707996259894,-0.044253939925093785
mid,20.450957466508587,274.9999968037738,-0.004052887823417579,-0.02909905640948085,-0.0458605025745577
mid,20.663158411697264,274.9999968037738,-0.001677820424841922,-0.026473936862193473,-0.04724377238305316
mid,20.87535935688599,274.9999968037738,0.0005286884495161875,-0.023988753997447095,-0.048418680326159036
mid,21.087560302074664,274.9999968037738,0.0025814593968925756,-0.021640379727677617,-0.04939916613658727
mid,21.29976124726339,274.9999968037738,0.0044942285333366624,-0.019425582753962344,-0.05019821271081525
mid,21.511962192452064,274.9999968037738,0.006279735756046692,-0.017341076333358487,-0.05082788146238716
mid,21.72416313764079,274.9999968037738,0.007949800838567344,-0.015383557239841524,-0.05129934794459576
mid,21.936364082829463,274.9999968037738,0.00951538833659413,-0.013549736745618029,-0.05162293723370114
mid,22.14856502801814,274.9999968037738,0.010986662127194829,-0.0118363642942475,-0.05180815872499359
mid,22.360765973206863,274.9999968037738,0.01237303029335651,-0.010240244454222745,-0.05186374011190556
mid,22.57296691839554,274.9999968037738,0.013683181009005514,-0.008758247594204224,-0.051797660433854295
mid,22.785167863584263,274.9999968037738,0.014925109969024887,-0.007387314623442415,-0.05161718219049394
mid,22.99736880877294,274.9999968037738,0.016106139832758614,-0.0061244560626610815,-0.051328882616867966
mid,23.209569753961663,274.9999968037738,0.01723293212093579,-0.004966745615667456,-0.050938684303128645
mid,23.42177069915034,274.9999968037738,0.018311491967774342,-0.003911308374297932,-0.05045188543237417
mid,23.633971644339066,274.9999968037738,0.019347166127841556,-0.002955303728392939,-0.04987319001200455
mid,23.84617258952774,274.9999968037738,0.020344634694611292,-0.0020959030397909514,-0.04920673855306914
mid,24.058373534716466,274.9999968037738,0.021307897014705052,-0.001330262205895917,-0.048456139736825866
mid,24.27057447990514,274.9999968037738,0.022240252436570886,-0.0006554892274076782,-0.04762450369578013
mid,24.482775425093813,274.9999968037738,0.023144276687548246,-6.860703671126428e-05,-0.046714477600540066
mid,24.69497637028254,274.9999968037738,0.024021794895437536,0.00043348801007468685,-0.04572828429753457
mid,24.907177315471216,274.9999968037738,0.02487385255114298,0.0008540713589954597,-0.0446677647602188
mid,25.11937826065994,274.99999680377374,0.025700686071306607,0.0011966383193213123,-0.04353442510197975
mid,25.331579205848616,274.9999968037738,0.026501695057212216,0.0014649537223767588,-0.042329488790924685
mid,25.54378015103734,274.99999680377374,0.02727541878842896,0.0016631014871208837,-0.04105395455623312
mid,25.755981096226016,274.9999968037738,0.02801952009257751,0.0017955319807353085,-0.03970866018623549
mid,25.96818204141469,274.9999968037738,0.028730780286506878,0.0018671044552785714,-0.038294351974382836
mid,26.180382986603416,274.99999680377374,0.029405109486121687,0.0018831212663531858,-0.036811758990233964
mid,26.39258393179209,274.9999968037738,0.030037577182227937,0.0018493500125465658,-0.03526167054053567
mid,26.604784876980816,274.99999680377374,0.030622468462814405,0.0017720291559071783,-0.033645014158107035
mid,26.81698582216949,274.9999968037738,0.0311533716676227,0.0016578522584999927,-0.031962930162911955
mid,27.029186767358215,274.9999968037738,0.03162330332215155,0.0015139256563543677,-0.0302168373306131
mid,27.24138771254689,274.9999968037738,0.03202487603334964,0.0013476944072287516,-0.028408482427336675
mid,27.453588657735615,274.9999968037738,0.032350514382426934,0.0011668317332756539,-0.026539964437653784
mid,27.665789602924292,274.9999968037738,0.032592722571683795,0.0009790880144920715,-0.02461372230292965
mid,27.877990548113015,274.9999968037738,0.03274440563285381,0.0007920968398566749,-0.022632473043355326
mid,28.090191493301692,274.9999968037738,0.03279924322529891,0.0006131377632909657,-0.02059908551956406
mid,28.302392438490415,274.9999968037738,0.032752111406941245,0.00044885825719450734,-0.01851637405521719
mid,28.51459338367909,274.9999968037738,0.03259954322130279,0.00030496085426361423,-0.01638679615024627
mid,28.726794328867765,274.99999680377374,0.032340213742435946,0.0001858655246522265,-0.014212040040272801
mid,28.93899527405649,274.9999968037738,0.03197542969909334,9.436152789364313e-05,-0.01199249144399021
mid,29.151196219245165,274.9999968037738,0.031509598656328776,3.1266767731492374e-05,-0.009726575111655932
mid,29.36339716443389,274.99999680377374,0.030950649149620407,-4.884662739464141e-06,-0.007409976302069737
mid,29.575598109622565,274.9999968037738,0.030310372483030805,-1.8105948122662877e-05,-0.005034760394292108
mid,29.78779905481129,274.9999968037738,0.02960466249261165,-1.5153949001088171e-05,-0.002588425308366573
mid,29.999999999999964,274.9999968037738,0.029237401171621855,-1.0358793426600704e-05,-0.001399066810888536
outer,-30.000000000000068,299.89566840196926,0.00030185743551859004,-0.00022155342425402854,-3.9194565602580794e-05
outer,-30.000000000000068,299.99999999999994,0.0003161789118263995,-0.00021784949910286876,-2.439299952638945e-05
outer,-29.64728422038983,299.8956684019693,0.00018456259418246407,-0.0005702817837608873,-5.3994651331270085e-05
outer,-29.646332451477637,300.0,0.00019263113785123503,-0.000582348239918952,-3.568011771779779e-05
outer,-29.294568440779596,299.89566840196926,-1.2710418862079548e-05,-0.0012441488079061435,-5.5462311423509016e-05
outer,-29.29266490295531,300.0,-1.5234305231584078e-05,-0.0012884935068424867,-3.780047554535759e-05
outer,-28.941852661169357,299.89566840196926,-0.00012763366435093813,-0.0016689329333448022,-2.5129420238655326e-05
outer,-28.938997354432882,300.0,-0.00013402124212037216,-0.0017385858697238474,-1.9468436803250712e-05
outer,-28.58913688155912,299.89566840196926,-0.0001797565546125707,-0.0015711865751604423,1.3282632069067156e-05
outer,-28.58532980591045,299.99999999999994,-0.00018570398930181121,-0.0016547998697210389,2.2198137376284685e-06
outer,-28.236421101948885,299.89566840196926,-0.0002082468643535228,-0.0008501985696764608,5.4270640626669884e-05
outer,-28.231662257388123,299.99999999999994,-0.0002138554833358475,-0.0009402004415132299,2.4908459395769743e-05
outer,-27.883705322338646,299.89566840196926,-0.00022993508644538385,0.0005312439877771312,9.524506497143749e-05
outer,-27.877994708865696,299.99999999999994,-0.0002349298346911896,0.0004420768611825491,4.708391840204328e-05
outer,-27.53098954272841,299.8956684019692,-0.0002521316731335252,0.002579270888988729,0.00013513977458440795
outer,-27.52432716034337,299.99999999999994,-0.0002565873675414998,0.002496963151083895,6.833512440196311e-05
outer,-27.178273763118277,299.89566840196926,-0.0002780511735198661,0.005285216409246311,0.00017356980135829585
outer,-27.170659611820938,299.9999999999999,-0.00028201645458150433,0.00521503335696704,8.855731985487714e-05
outer,-26.825557983508038,299.89566840196926,-0.00030905639525713935,0.00863394680312873,0.00021043578809095678
outer,-26.81699206329851,300.0,-0.00031257926064554064,0.008580529375374063,0.00010778048837506785
outer,-26.4728422038978,299.89566840196926,-0.0003457291025846963,0.012607992710865866,0.00024576868916829746
outer,-26.463324514776183,299.99999999999994,-0.00034884160729907725,0.012575517431961225,0.00012607938893874349
outer,-26.120126424287566,299.89566840196926,-0.0003883252755799947,0.017189683984709426,0.00027965360034138114
outer,-26.109656966253752,299.99999999999994,-0.0003910490086156916,0.017181979418799287,0.00014354042068335376
outer,-25.76741064467733,299.89566840196926,-0.0004369901017126374,0.022362230321312883,0.00031219586320123914
outer,-25.75598941773132,300.0,-0.00043934047129750783,0.022382870663013574,0.00016024828862648988
outer,-25.41469486506709,299.89566840196926,-0.0004918585140157531,0.028110259149363562,0.00034350511661582206
outer,-25.402321869208993,299.99999999999994,-0.0004938491618437894,0.028162638690827354,0.00017628122555920361
outer,-25.061979085456855,299.8956684019693,-0.0005531039887291759,0.03442006517623196,0.0003736879007796307
outer,-25.048654320686566,299.99999999999994,-0.0005547503932994153,0.03450745931724939,0.0001917095538481045
outer,-24.70926330584662,299.8956684019693,-0.0006209626684855248,0.04127970368266845,0.0004028440094049606
outer,-24.69498677216424,299.99999999999994,-0.0006222851174941951,0.04140532019881231,0.00020659537846886254
outer,-24.35654752623638,299.89566840196926,-0.0006957461304231295,0.048678994525103346,0.0004310644318855309
outer,-24.341319223641808,299.99999999999994,-0.0006967722477026119,0.04884601777760283,0.00022099253302615245
outer,-24.003831746626247,299.89566840196926,-0.0007778493460855046,0.05660947038880891,0.00045842983769348034
outer,-23.98765167511938,300.0,-0.0007786163859825525,0.056821100316281244,0.0002349464050623324
outer,-23.651115967015958,299.8956684019693,-0.0008677576855376061,0.06506428603158794,0.0004850092529255015
outer,-23.633984126597053,300.0,-0.0008683148273309627,0.06532377316354165,0.00024849361378160434
outer,-23.298400187405772,299.89566840196926,-0.0009660553900986378,0.07403809730170947,0.0005108588308048098
outer,-23.280316578074622,299.99999999999994,-0.0009664662803608587,0.07434877466415625,0.0002616615884705638
outer,-22.945684407795536,299.8956684019693,-0.0010734375551987967,0.08352691524374178,0.0005360207359271646
outer,-22.926649029552294,299.99999999999994,-0.0010737833594909561,0.0838922278501637,0.0002744681299118694
outer,-22.5929686281853,299.8956684019693,-0.0011907277414494495,0.09352793972405535,0.0005605222389081961
outer,-22.572981481029863,299.99999999999994,-0.0011911110182055394,0.09395147229006602,0.0002869210558740058
outer,-22.24025284857506,299.8956684019693,-0.0013189034060925309,0.10403937709555316,0.0005843751061093659
outer,-22.219313932507436,299.99999999999994,-0.0013194531767164348,0.1045248806828088,0.0002990180046194939
outer,-21.887537068964825,299.8956684019693,-0.0014591318150285644,0.11506024659145123,0.0006075753348429407
outer,-21.86564638398511,300.0,-0.0014600102883485545,0.11561166503048738,0.00031074644533336457
outer,-21.53482128935459,299.89566840196926,-0.0016128194234758322,0.12659018017610948,0.0006301032126419595
outer,-21.511978835462678,300.0,-0.0016142308851514742,0.1272116773716514,0.00032208387907205205
outer,-21.182105509744353,299.8956684019693,-0.0017816779201601934,0.13862921956014676,0.0006519235601078616
outer,-21.15831128694035,300.0,-0.0017838803839844708,0.13932520903991286,0.0003329981270483798
outer,-20.829389730134217,299.89566840196926,-0.001967810081348227,0.15117761164650345,0.0006729858716653173
outer,-20.804643738417923,300.0,-0.0019711303340786968,0.15195279001477244,0.00034344750682904074
outer,-20.476673950523928,299.8956684019694,-0.0021738183309478326,0.16423559907340324,0.0006932238398197482
outer,-20.450976189895492,300.0,-0.0021786709729464254,0.16509498529729788,0.00035338052557594424
outer,-20.123958170913745,299.8956684019693,-0.0024029376634618557,0.17780319491857852,0.0007125534173050216
outer,-20.097308641373115,300.0,-0.002409848603613339,0.17875217755591574,0.0003627344849660985
outer,-19.771242391303456,299.8956684019693,-0.002659192685453393,0.1918799184704395,0.0007308681757726004
outer,-19.743641092850737,300.0,-0.0026688272965375084,0.1929243128840829,0.00037143212145995114
outer,-19.41852661169322,299.8956684019693,-0.0029475756734057904,0.20646445133672903,0.0007480301816551391
outer,-19.389973544328356,300.0,-0.002960771331787508,0.20761056855241106,0.0003793750243164182
outer,-19.065810832083034,299.8956684019693,-0.0032742380519774905,0.22155414815212632,0.000763853950407678
outer,-19.03630599580593,300.0,-0.0032920400550513415,0.22280887606455574,0.0003864321324158898
outer,-18.713095052472795,299.8956684019693,-0.0036466818748342317,0.23714430169956732,0.0007780802548994145
outer,-18.682638447283548,300.0,-0.0036703807016933362,0.23851519756927472,0.00039242107118973857
outer,-18.36037927286256,299.8956684019694,-0.004073930767353524,0.2532270165809392,0.0007903356287211408
outer,-18.32897089876117,300.0,-0.004105097276735442,0.25472240688780423,0.00039707948151764677
outer,-18.007663493252323,299.8956684019694,-0.004566651037279393,0.269789486148813,0.0008000724056307085
outer,-17.975303350238793,300.00000000000006,-0.004607164461695734,0.27141856550629495,0.00040002286599004344
outer,-17.654947713642088,299.8956684019694,-0.005137183876833325,0.28681139236851055,0.0008064830021671243
outer,-17.621635801716415,300.0,-0.005189245393138642,0.2885843069465135,0.0004006847528565949
outer,-17.3022319340319,299.8956684019694,-0.005799439438350824,0.30426105500195155,0.0008083809597142777
outer,-17.267968253193985,300.0,-0.005865561754595974,0.30618894725362167,0.0003982342869010419
outer,-16.949516154421662,299.8956684019694,-0.006568593502065678,0.32208984271202795,0.0008040400014104054
outer,-16.914300704671607,300.00000000000006,-0.006651554253289789,0.3241848227940952,0.0003914656303667663
outer,-16.596800374811426,299.8956684019694,-0.007460518496312275,0.34022422150071385,0.000790980933675689
outer,-16.560633156149226,300.00000000000006,-0.007563262531061099,0.3424992159489559,0.0003786527519435007
outer,-16.24408459520119,299.8956684019694,-0.008490873778200028,0.35855465048366225,0.0007656945023535866
outer,-16.20696560762685,300.0000000000001,-0.008616346675453433,0.3610230599277071,0.0003573621956786954
outer,-15.891368815591004,299.8956684019693,-0.009673776227931655,0.3769203334777699,0.000723285816430691
outer,-15.853298059104471,300.00000000000006,-0.00982466838852998,0.37959540788959756,0.00032421493054210493
outer,-15.538653035980767,299.8956684019693,-0.011019971678902472,0.3950885819158291,0.000657021859573656
outer,-15.49963051058204,300.00000000000006,-0.011198349874712146,0.39798239205487473,0.00027458556930776146
outer,-15.185937256370531,299.8956684019694,-0.012534431344159463,0.4127272090773229,0.0005577561883099852
outer,-15.145962962059663,300.00000000000006,-0.012741228442721547,0.41584905773099895,0.00020222270933512032
outer,-14.833221476760293,299.8956684019694,-0.01421330494684244,0.42936789745837034,0.0004131903060432818
outer,-14.792295413537284,300.0,-0.014447641891916552,0.43272195632249166,9.876145034250217e-05
outer,-14.480505697150107,299.8956684019694,-0.0160401702066933,0.44435773831824604,0.0002069044395889147
outer,-14.438627865014906,300.0,-0.016298437010942225,0.447939660993176,-4.691114454055678e-05
outer,-14.127789917539923,299.8956684019694,-0.01798156144063392,0.4567948670324647,-8.29770253609613e-05
outer,-14.084960316492579,300.00000000000006,-0.018256308411883845,0.4605868855973156,-0.00024956370019797725
outer,-13.775074137929838,299.8956684019694,-0.019981673294520406,0.4654418837203772,-0.00048569703294872035
outer,-13.731292767970352,300.00000000000006,-0.020259741531538235,0.4694062558811621,-0.0005288362224856874
outer,-13.422358358320466,299.8956684019693,-0.02195701248505795,0.46860557573018047,-0.001041084766180353
outer,-13.377625219448737,300.00000000000006,-0.0222185575674472,0.47267371380095796,-0.0009117950617998222
outer,-13.069642578713792,299.8956684019694,-0.023788579694208632,0.4639643750075015,-0.0018043316873238707
outer,-13.023957670929972,300.00000000000006,-0.02399912043852811,0.4680270920407,-0.0014350450472620097
outer,-12.716926799119229,299.8956684019693,-0.025330477193956966,0.4482849203259918,-0.00286024833160399
outer,-12.670290122423369,300.0,-0.025455524987582256,0.45215116840439806,-0.0021606513280074124
outer,-12.364211019574334,299.8956684019693,-0.026366047520064308,0.41698583573478554,-0.004332503751220254
outer,-12.316622573966688,300.0,-0.026281199898942235,0.4204223673100636,-0.0031609725318380577
outer,-12.011495240226328,299.8956684019694,-0.026997426895637423,0.36282584190148365,-0.006543480337004179
outer,-11.962955025708016,300.00000000000006,-0.026814286610801222,0.36513628473983506,-0.004739413781073662
outer,-11.658779461626947,299.8956684019694,-0.026738588535154015,0.2742039167063469,-0.009901546986373085
outer,-11.609287478202345,300.0,-0.025300551341953727,0.2754372395978316,-0.006943913121741772
outer,-11.306063685761062,299.8956684019693,-0.05549776990791042,0.10863027167277892,-0.023935914408296136
outer,-11.255619933445795,300.0,-0.05935703843938007,0.09969886153531639,-0.020314787095701142
outer,-10.953347919477503,299.8956684019694,-0.3525170613307218,-0.13601701815766015,-0.11218215683866894
outer,-10.901952398326884,300.0,-0.36941788622767546,-0.14937042298863112,-0.11292504980500274
outer,-10.600632185441714,299.8956684019694,-0.7956969121793599,-0.3288049464597741,-0.199171602323219
outer,-10.548284895641439,300.00000000000006,-0.8232269748849205,-0.3431403782435332,-0.19953638462450551
outer,-10.247916555586647,299.8956684019694,-1.0538005010935036,-0.41820213565149306,-0.20956586059294627
outer,-10.1946174977369,300.0,-1.0763754101726952,-0.4338435240713855,-0.20662093207879434
outer,-9.895201248806728,299.89566840196926,-1.1970323902420685,-0.4676127209753071,-0.21385432627999923
outer,-9.840950424768767,300.0,-1.2079615170003768,-0.47572117615351095,-0.21271059991785685
outer,-9.542486903676421,299.8956684019693,-1.306708078696645,-0.5023570780901978,-0.22244272531868814
outer,-9.487284318989959,300.0,-1.3148054557660545,-0.5081708158972589,-0.22169655118668014
outer,-9.189775305732105,299.8956684019693,-1.4021860120545269,-0.5309061166822886,-0.2283833006722953
outer,-9.133620976223023,300.0,-1.409649962173819,-0.5362568519347686,-0.22747783124319246
outer,-8.837071239043167,299.8956684019693,-1.4903692380423563,-0.5556315644573686,-0.2326951023947132
outer,-8.779965208097284,300.0,-1.4972716558862253,-0.5603701103552458,-0.23177677538682048
outer,-8.484386989328858,299.89566840196926,-1.5726243306770165,-0.5764553528608743,-0.23524629618682447
outer,-8.426329371107068,300.0,-1.5792193675487356,-0.5807822985298491,-0.2342488576255302
outer,-8.13175277523599,299.89566840196926,-1.6500633126158448,-0.593911970518254,-0.23618875230809028
outer,-8.072743857981635,300.0,-1.6564053684089266,-0.5978700577494384,-0.2351189495030588
outer,-7.779239615257177,299.89566840196926,-1.7231688209532698,-0.608300296520052,-0.23562669054283783
outer,-7.7192800963343,299.99999999999994,-1.7292938805210547,-0.6119342678872806,-0.23447630432735972
outer,-7.42700700860459,299.8956684019693,-1.7923109721693384,-0.6199546423600649,-0.23367517179390884
outer,-7.366098504214393,299.99999999999994,-1.7982372543370801,-0.6232978377263196,-0.23244150505818587
outer,-7.075396110015113,299.89566840196926,-1.8577474677962849,-0.6291940657535685,-0.23044371181855564
outer,-7.0135422016700995,299.99999999999994,-1.8634869831258183,-0.6322779564132871,-0.22912286753987027
outer,-6.725098220318544,299.89566840196926,-1.919627520758265,-0.6363491785156901,-0.22603650245835927
outer,-6.662306471951621,300.0,-1.9251894630360569,-0.6392075245778114,-0.22462377573669623
outer,-6.377427301757888,299.89566840196926,-1.977935513451891,-0.6417612971575747,-0.22055527804178235
outer,-6.313712846726489,299.99999999999994,-1.9833272242536395,-0.6444332634503991,-0.21904480878871102
outer,-6.034695246461891,299.89566840196926,-2.0324311577270264,-0.6457664480603135,-0.21411631670870515
outer,-5.970086536385707,299.99999999999994,-2.0376580644627125,-0.6482976743690484,-0.21250283335932843
outer,-5.700542771951263,299.89566840196926,-2.082634981555494,-0.648658778410798,-0.20688302011618853
outer,-5.635089231759744,299.99999999999994,-2.08769884562356,-0.6510978647443106,-0.205165261583161
outer,-5.3799280031274685,299.8956684019693,-2.1279287194143968,-0.6506529166952362,-0.1991024070627957
outer,-5.313707620331622,300.0,-2.1328255819722624,-0.6530431266216994,-0.19728749809181712
outer,-5.078399890627517,299.8956684019693,-2.1677485800084173,-0.6518442154906252,-0.19110305772656494
outer,-5.011522618926483,300.0,-2.1724550704361194,-0.6542000126894926,-0.1892076121434681
outer,-4.800582625541946,299.89566840196926,-2.2019106329432656,-0.6523010530836885,-0.1832349313678185
outer,-4.733185057502759,299.99999999999994,-2.206399571802885,-0.6546132253912056,-0.18128070575703353
outer,-4.549096728162916,299.8956684019693,-2.230702477337393,-0.6521104724316277,-0.17577784662834095
outer,-4.481330552548292,300.0,-2.2349448264437424,-0.6543471757855901,-0.17378420831051544
outer,-4.323817174568372,299.89566840196926,-2.2548286537620825,-0.6514383893130875,-0.16887525469581813
outer,-4.25583335990793,300.0,-2.2588205866146454,-0.653576863124623,-0.16685308966220516
outer,-4.122869625375337,299.8956684019693,-2.275184649548613,-0.6505160095917215,-0.16255649998079996
outer,-4.054808342574167,300.0,-2.278960322895475,-0.6525673831739658,-0.16050911326913933
outer,-3.9434659762048447,299.8956684019693,-2.2925295277380155,-0.6494908748349434,-0.15677886418723633
outer,-3.87545133456012,300.0,-2.2961158702222897,-0.6514665234924713,-0.15470701679283427
outer,-3.782514047871252,299.8956684019694,-2.3074945474140884,-0.6484682148825711,-0.15147768319956262
outer,-3.7146523433693717,300.0,-2.310922333387566,-0.6503882576984923,-0.14938258491251588
outer,-3.6372390189114014,299.8956684019694,-2.3205524078374355,-0.6474996653992258,-0.14658764040763828
outer,-3.5696205624506696,300.0,-2.3238431464241582,-0.6493812744320886,-0.14447095054043507
outer,-3.5051697394134615,299.8956684019693,-2.3320550429191393,-0.6466028479231418,-0.1420507317509274
outer,-3.4378706061837128,300.00000000000006,-2.3352227106765198,-0.6484586436596701,-0.13991588421429774
outer,-3.3843093963446016,299.8956684019693,-2.34226436452665,-0.6457756239985227,-0.1378195008933184
outer,-3.317394158369459,299.99999999999994,-2.3453140117490574,-0.6476112095562105,-0.13567011618742358
outer,-3.272897448857718,299.89566840196926,-2.351407761313613,-0.645024118674109,-0.13385461304464347
outer,-3.206420536102741,300.00000000000006,-2.35435200227115,-0.6468501986103601,-0.13169523180305828
outer,-3.169689386911345,299.8956684019694,-2.3596382277331087,-0.644333270194657,-0.13012445362710978
outer,-3.103698060014906,300.0,-2.362476855454521,-0.646150631902407,-0.1279583240651796
outer,-3.0733921498424857,299.8956684019693,-2.367088136581016,-0.6436936288546605,-0.12659639926536653
outer,-3.007926220427206,300.0,-2.3698231332586435,-0.6455033032875077,-0.12442737580997151
outer,-2.983184826895402,299.8956684019693,-2.373894257920776,-0.6431171626734564,-0.12325417873128244
outer,-2.918279377511852,300.00000000000006,-2.3765405494012133,-0.6449295767530948,-0.12108603238842468
outer,-2.898314056299505,299.8956684019694,-2.3801187233578016,-0.6425802556352626,-0.12007373623802636
outer,-2.833999829559842,300.00000000000006,-2.3826710899095196,-0.644391143468519,-0.11790832770143117
outer,-2.8180967141129263,299.8956684019693,-2.385832373041742,-0.642076539582803,-0.11703713595071016
outer,-2.7544005173142425,300.0,-2.38829040089565,-0.6438844572429887,-0.1148775661499911
outer,-2.741920156459517,299.8956684019693,-2.391127226427325,-0.6416187660006348,-0.11413187863686003
outer,-2.6788652676029163,300.00000000000006,-2.3935060802390433,-0.6434325462130541,-0.11198150829203395
outer,-2.6694919615328585,299.8956684019694,-2.396032416769892,-0.641189511433132,-0.11134544901050537
outer,-2.6070999740467493,300.00000000000006,-2.3983273908457132,-0.6430048099793523,-0.10920468853947371
outer,-2.6002497571921936,299.8956684019693,-2.400589785076829,-0.6407849290367217,-0.10866189138482059
outer,-2.538539024812544,300.0,-2.402802424046553,-0.6426016399940753,-0.10653307151057226
outer,-2.533997495063665,299.8956684019694,-2.404857529897771,-0.6404157373691959,-0.1060795384124904
outer,-2.472985242138295,300.00000000000006,-2.4070000391911455,-0.6422405107112634,-0.10396530133602623
outer,-2.4704191575102805,299.8956684019693,-2.408841038803607,-0.6400628203134936,-0.1035841077000498
outer,-2.410120787884277,300.00000000000006,-2.4109053319391327,-0.6418888645772455,-0.10148436173253869
outer,-2.409231503437421,299.8956684019693,-2.4125798468285207,-0.6397323175144659,-0.1011698466127595
outer,-2.350228252694756,299.8956684019694,-2.4161002425759213,-0.6394229153650601,-0.09883039466074932
outer,-2.349660789271219,300.00000000000006,-2.4145729141444106,-0.6415631499078354,-0.09908715860479317
outer,-2.2932199389657355,299.89566840196943,-2.4194174976807035,-0.6391299382906761,-0.09655876920831906
outer,-2.291397777817738,300.0,-2.418025134466279,-0.6412587567513901,-0.09676583175011935
outer,-2.238033008958728,299.8956684019694,-2.4225528647912546,-0.6388544856135437,-0.09435034486541352
outer,-2.2351411957367406,300.0,-2.421274660311516,-0.6409698606316618,-0.09451303507103632
outer,-2.1845584321350175,299.8956684019694,-2.4255235457577093,-0.6385962407243219,-0.09220208883650405
outer,-2.1807164899373235,300.00000000000006,-2.424346183512186,-0.640699808649481,-0.09232470083751473
outer,-2.132674976056364,299.8956684019694,-2.4283335142218645,-0.6383486721563761,-0.09010846224974331
outer,-2.1280140017816747,300.00000000000006,-2.427256603746004,-0.640447906132809,-0.0901975426482111
outer,-2.0821955504756215,299.8956684019694,-2.4309947445290407,-0.6381111108402389,-0.0880635299139052
outer,-2.07691180044022,300.00000000000006,-2.430003836233087,-0.6402041072707124,-0.08812538631864034
outer,-2.0330025006423478,299.8956684019694,-2.4335402447057666,-0.637893717061222,-0.08606732066273709
outer,-2.0272217178832563,300.00000000000006,-2.432602321156886,-0.6399694567587935,-0.08610290868877463
outer,-1.9851534265040096,299.8956684019694,-2.4359568206321947,-0.6376833017085316,-0.08411690351582848
outer,-1.978825421579306,300.00000000000006,-2.435097520618239,-0.6397608999708474,-0.0841311589570161
outer,-1.9383818172287846,299.8956684019694,-2.4382543279620643,-0.637480623305899,-0.08220465120232263
outer,-1.9317808432954715,300.00000000000006,-2.4374564931578684,-0.6395537384446804,-0.08220399577023792
outer,-1.8927290169204098,299.8956684019694,-2.440453205396425,-0.6372919478801421,-0.08033398102946596
outer,-1.8858199368941775,300.00000000000006,-2.4396978292530855,-0.6393548959474777,-0.08031616746645213
outer,-1.8480532135341443,299.8956684019694,-2.442551160815726,-0.637110487484903,-0.07849815596181112
outer,-1.8409842846527844,300.00000000000006,-2.4418474071837126,-0.6391728254966881,-0.07847136393259815
outer,-1.8043498979534445,299.8956684019694,-2.4445550357381167,-0.6369371699128848,-0.07669726613943634
outer,-1.7971312575809806,300.00000000000006,-2.4438936658297212,-0.6389952988884062,-0.07666107232344116
outer,-1.7614843844980774,299.8956684019694,-2.4464756735468383,-0.6367733934193403,-0.07492781848213462
outer,-1.7542563205863015,300.00000000000006,-2.445847690047101,-0.638826517831948,-0.0748864256319924
outer,-1.7195165327647552,299.8956684019694,-2.448312693501516,-0.6366163619001394,-0.07319048028008218
outer,-1.7122240120962708,300.00000000000006,-2.447722058664632,-0.638668191095942,-0.07314398878390797
outer,-1.6782685103034787,299.8956684019694,-2.4500701546943886,-0.6364652998508507,-0.07147951039462146
outer,-1.6710945365444587,300.00000000000006,-2.4495120684547924,-0.6385153699171082,-0.0714337005018116
outer,-1.6377946129565284,299.8956684019694,-2.4517616326191747,-0.6363241828616328,-0.06979818643879504
outer,-1.6306890370304623,300.00000000000006,-2.451223019994795,-0.6383682249983862,-0.06975023063640111
outer,-1.59801910745927,299.8956684019694,-2.453376959173965,-0.6361858137452342,-0.06814114650239414
outer,-1.591062122181826,300.00000000000006,-2.4528738527504834,-0.6382331737260734,-0.0680974320770067
outer,-1.5588618118710391,299.8956684019694,-2.454929757733426,-0.636055146902991,-0.0665079468249847
outer,-1.5521376224526497,300.00000000000006,-2.454443302243491,-0.6380973200269411,-0.06646822272353774
outer,-1.5203461568675027,299.8956684019694,-2.4564249302059533,-0.6359317518191422,-0.06489915229987411
outer,-1.5138348939932131,300.00000000000006,-2.455955613810867,-0.6379716911122604,-0.0648640798521405
outer,-1.4824395412651774,299.8956684019694,-2.4578566615784587,-0.6358116040736351,-0.06331203477621938
outer,-1.4761775024575987,300.00000000000006,-2.4574125370642643,-0.637853243558065,-0.06328456741617494
outer,-1.445064151721349,299.8956684019694,-2.45923071492306,-0.635696448987006,-0.06174482683544469
outer,-1.4391326588546909,300.00000000000006,-2.458803618017897,-0.6377362848838707,-0.061726469775120876
outer,-1.4081969344358771,299.8956684019694,-2.460554804514778,-0.6355877476002202,-0.06019741577431151
outer,-1.4026221015776046,300.00000000000006,-2.4601387846496796,-0.6376249366456838,-0.06018895648549209
outer,-1.3718441014928537,299.8956684019694,-2.461829339064344,-0.6354839265308284,-0.05866936079676248
outer,-1.366622644018755,300.00000000000006,-2.4614271162913193,-0.6375207274585322,-0.05867176536097691
outer,-1.3359895789153122,299.8956684019694,-2.463052078749976,-0.6353834802860563,-0.0571594567487661
outer,-1.3311405340484608,300.00000000000006,-2.4626667490524654,-0.6374209625831323,-0.057173917780655545
outer,-1.300571953813148,299.8956684019694,-2.4642268622128296,-0.6352872692602115,-0.055666131257113734
outer,-1.296159605091443,300.0,-2.463853931015325,-0.6373238685733711,-0.055694257336473464
outer,-1.2655720940190487,299.8956684019694,-2.4653584022086705,-0.6351958086989455,-0.05418897414482665
outer,-1.2616180904725918,300.00000000000006,-2.4649944525208185,-0.6372312382428821,-0.054231648592000435
outer,-1.2309716150401149,299.8956684019694,-2.466446851047058,-0.6351080704344687,-0.05272686571657057
outer,-1.2274967478085532,300.0,-2.4660936900469426,-0.6371435482172892,-0.052785574213843535
outer,-1.196752849088825,299.8956684019694,-2.4674939068166903,-0.6350241055147144,-0.05127926335207274
outer,-1.1937770866978248,300.00000000000006,-2.4671502793487856,-0.637059153920015,-0.05135458793339437
outer,-1.1629083959283486,299.8956684019694,-2.468501721297106,-0.6349439459903715,-0.049845989973853796
outer,-1.160441337572947,300.00000000000006,-2.4681665981000243,-0.636978617844738,-0.04993830060990201
outer,-1.1294331753285125,299.8956684019694,-2.469469782065178,-0.634866935096645,-0.048426552334304686
outer,-1.1274820575661046,300.0000000000001,-2.469145005109567,-0.6369019342662176,-0.04853654414219454
outer,-1.0962860765306126,299.8956684019694,-2.4703997572802034,-0.6347932053310154,-0.04701970078432318
outer,-1.0948941371810346,300.0000000000001,-2.470083876901104,-0.6368280248243369,-0.04714873143413462
outer,-1.0634523735706467,299.8956684019694,-2.4712946110547063,-0.6347229867750198,-0.04562504745796761
outer,-1.062636228829791,300.0,-2.4709855087231967,-0.636757372852347,-0.045773758630074005
outer,-1.030917899457123,299.8956684019694,-2.4721547305284406,-0.6346557493614768,-0.04424181929033681
outer,-1.0306935217155488,300.0,-2.4718534750153056,-0.6366903123757872,-0.04441122523246097
outer,-0.9990517672341905,300.00000000000006,-2.4726873501411597,-0.6366259881018236,-0.04306019426014808
outer,-0.9986690215619145,299.8956684019694,-2.4729811032680526,-0.6345914127240415,-0.042869522932923836
outer,-0.9676972542231796,300.00000000000006,-2.4734883503329876,-0.6365645106259129,-0.04172023594778477
outer,-0.9666926178342369,299.8956684019694,-2.4737747562506436,-0.6345299101088082,-0.0415076867239288
outer,-0.9366167850387512,300.00000000000006,-2.474257481980571,-0.6365057861210328,-0.040390878635774584
outer,-0.9349760538101249,299.8956684019694,-2.4745366379989804,-0.6344711488646235,-0.04015584655688645
outer,-0.9057976524327195,300.00000000000006,-2.4749956848466494,-0.6364497193752066,-0.039071652116578356
outer,-0.9035071603879881,299.8956684019694,-2.4752676374501927,-0.6344150364438057,-0.03881355027152559
outer,-0.8752276172003031,300.00000000000006,-2.4757038364967263,-0.6363962161608364,-0.03776209703805985
outer,-0.8722742123431749,299.8956684019693,-2.4759685884184766,-0.6343614833658842,-0.03748035917598537
outer,-0.8448948865705201,300.0,-2.4763827602280997,-0.6363451869670397,-0.03646176797759798
outer,-0.8412659075522847,299.8956684019694,-2.4766402738875333,-0.634310404450887,-0.03615584839801688
outer,-0.8147880933111658,300.00000000000006,-2.4770332288090136,-0.6362965467817602,-0.03517023382679499
outer,-0.8104713469002038,299.8956684019694,-2.4772834291539763,-0.6342617188750288,-0.03483960667924394
outer,-0.7848962755199237,300.00000000000006,-2.4776559677683987,-0.6362502150044943,-0.03388707749267629
outer,-0.7798800148422351,299.8956684019694,-2.4778987446402536,-0.6342153500726684,-0.033531235956449204
outer,-0.7552088570744889,300.0,-2.4782516582288423,-0.6362061152767099,-0.03261189538443705
outer,-0.7494817605932796,299.8956684019694,-2.478486868435969,-0.6341712255773696,-0.032230350855235554
outer,-0.725715628713509,300.00000000000006,-2.478820939464676,-0.636164175324398,-0.03134429684530608
outer,-0.7192667799183213,299.8956684019694,-2.4790484086454025,-0.6341292768783874,-0.030936578152566237
outer,-0.6964067297221868,300.0,-2.4793644112447604,-0.6361243268250859,-0.03008390357702306
outer,-0.6892255974967857,299.8956684019694,-2.4795839355642184,-0.6340894392789207,-0.029649556234298866
outer,-0.6672726301947086,300.00000000000006,-2.479882635996359,-0.6360865052746396,-0.02883034907518171
outer,-0.6593490498347684,299.8956684019694,-2.480093983678419,-0.6340516517523482,-0.028368934557391923
outer,-0.6383041138485624,300.00000000000006,-2.4803761407738514,-0.6360506498375889,-0.027583278077067324
outer,-0.6296282686995863,299.8956684019694,-2.4805790535296537,-0.6340158568144968,-0.027094373121091087
outer,-0.6094922613632658,300.00000000000006,-2.4808454191097495,-0.6360167032256099,-0.02634234602223774
outer,-0.600054665051005,299.8956684019694,-2.481039613459154,-0.6339820003972225,-0.02582554194672429
outer,-0.5808284342191785,300.0,-2.4812909327339363,-0.6359846115630389,-0.025107218523373855
outer,-0.5706199134446127,299.8956684019694,-2.481476101215952,-0.6339500317271346,-0.02456212056638066
outer,-0.5523042590109053,300.00000000000006,-2.4817131131677757,-0.6359543242683995,-0.023877570846821086
outer,-0.5413159368819479,299.8956684019693,-2.481888925443153,-0.6339199031978897,-0.023303797521517074
outer,-0.5239116122104034,300.0,-2.482112363198142,-0.6359257939254725,-0.022653087403272605
outer,-0.5121348920840221,299.8956684019694,-2.482278467081314,-0.6338915702670835,-0.0220502698698714
outer,-0.4956426053553683,300.0,-2.4824890582599415,-0.6358989761734787,-0.02143346124657238
outer,-0.4830691551644222,299.8956684019693,-2.482645080657064,-0.6338649913386373,-0.020801242698728104
outer,-0.4674895706399471,300.0,-2.4828435477172985,-0.6358738295896261,-0.02021839357885695
outer,-0.4541113076777187,299.8956684019693,-2.4829890954664546,-0.6338401276475556,-0.019556428645746082
outer,-0.4394450468829454,300.00000000000006,-2.4831761560374788,-0.6358503155748265,-0.01900759326352376
outer,-0.42525412302190685,299.8956684019694,-2.483310816694689,-0.6338169431740405,-0.018315547428033485
outer,-0.4115017658514422,300.00000000000006,-2.4834871838997565,-0.6358283982659182,-0.017800776347025135
outer,-0.3964905531703034,299.8956684019693,-2.4836105264324555,-0.6337954045372172,-0.017078325375481433
outer,-0.383652638916811,299.99999999999994,-2.4837769091995963,-0.6358080444218677,-0.01659766558456656
outer,-0.3678137157121857,299.8956684019693,-2.48388848461159,-0.6337754808977378,-0.015844494964772415
outer,-0.3558907440205013,300.0,-2.484045587988148,-0.6357892233337561,-0.015397989965125286
outer,-0.33921688117988386,299.8956684019694,-2.484144929837534,-0.6337571438656471,-0.014613794360102775
outer,-0.3282093129278002,300.0,-2.4842934552864,-0.6357719067162549,-0.014201484242237807
outer,-0.3106934606400381,299.8956684019693,-2.4843800801222806,-0.6337403674159507,-0.0133859669604361
outer,-0.3006017187481503,300.0,-2.4845207258149693,-0.6357560686133205,-0.013007888465083065
outer,-0.2822369935287656,299.8956684019694,-2.4845941333848884,-0.6337251277578648,-0.012160760900700403
outer,-0.2730614636999882,300.0,-2.4847275943673277,-0.6357416851315828,-0.011816947396294075
outer,-0.25384113570951705,299.89566840196926,-2.4847872679428984,-0.6337114039771946,-0.010937929435746035
outer,-0.2455821670994944,300.0,-2.4849142351307907,-0.6357287345288402,-0.010628410875286622
outer,-0.2254996477320468,299.8956684019693,-2.484959647814066,-0.6336991802863479,-0.009717233320587701
outer,-0.21815755355259306,300.0,-2.485080811310623,-0.6357172043509716,-0.00944203723916916
outer,-0.19720680774011276,299.8956684019693,-2.485111422182119,-0.6336884370317276,-0.008498440842637825
outer,-0.1907818682407402,300.0,-2.4852274765280287,-0.635707079770462,-0.008257590598039587
outer,-0.16895838205264702,299.89566840196926,-2.4852426958160363,-0.6336791550353597,-0.0072813895627064
outer,-0.16345085309361135,300.0,-2.485354320018392,-0.6356983280080146,-0.007074908656204909
outer,-0.1407451641462498,299.89566840196926,-2.4853535884563542,-0.6336713216856187,-0.006065735909522685
outer,-0.13615524855116684,300.0,-2.4854614643010193,-0.6356909390393041,-0.005893643322306826
outer,-0.11256118637238004,299.8956684019693,-2.4854442081147874,-0.6336649269973396,-0.004851221491282909
outer,-0.10888905258678436,300.0,-2.485549024977868,-0.6356849118540183,-0.0047135297379320125
outer,-0.08440053557231923,299.89566840196926,-2.4855146136172954,-0.6336599623636572,-0.0036376196310315477
outer,-0.08164631797734326,300.0,-2.485617050267813,-0.6356802318790589,-0.0035343405764374776
outer,-0.05625734206283431,299.8956684019693,-2.4855648630408234,-0.6336564209098278,-0.0024247008268758704
outer,-0.05442114122583595,300.0,-2.4856656003156012,-0.6356768939235679,-0.0023558432531028076
outer,-0.028125768699954784,299.8956684019693,-2.485594996630934,-0.6336542979438884,-0.001212236813854184
outer,-0.027207651561839425,300.0,-2.4856947144753394,-0.6356748930207072,-0.001177806567884656
outer,-5.088887490341627e-14,299.99999999999994,-2.4857044165671747,-0.6356742263708334,-2.835810980668898e-13
outer,-5.088887490341627e-14,299.89566840196926,-2.4856050384887594,-0.6336535906042573,-2.6675584172167275e-13
outer,0.027207651561737645,300.0,-2.4856947144756263,-0.6356748930216152,0.0011778065675416853
outer,0.028125768699853008,299.8956684019693,-2.4855949966325226,-0.6336542979460937,0.0012122368136117962
outer,0.054421141225785064,300.0,-2.485665600314587,-0.6356768939237023,0.002355843253031335
outer,0.05625734206278342,299.8956684019693,-2.485564863041183,-0.6336564209114267,0.0024247008269712212
outer,0.08164631797729237,299.99999999999994,-2.485617050263872,-0.6356802318764446,0.0035343405761060465
outer,0.08440053557221745,299.89566840196926,-2.4855146136137587,-0.6336599623617805,0.003637619630989623
outer,0.10888905258673347,300.0,-2.485549024973587,-0.635684911850946,0.004713529737663355
outer,0.11256118637227826,299.8956684019694,-2.485444208111241,-0.6336649269952542,0.0048512214913803975
outer,0.13615524855111594,300.0,-2.4854614643009056,-0.6356909390412185,0.005893643322449978
outer,0.14074516414614802,299.8956684019694,-2.485353588454837,-0.6336713216861919,0.006065735909954981
outer,0.16345085309350957,300.0,-2.4853543200180797,-0.6356983280092017,0.007074908655722621
outer,0.16895838205254524,299.89566840196926,-2.485242695815203,-0.6336791550360178,0.007281389562537604
outer,0.19078186824063842,300.00000000000006,-2.485227476525046,-0.6357070797686999,0.008257590597992864
outer,0.19720680774001098,299.8956684019693,-2.485111422179519,-0.6336884370301931,0.008498440842734805
outer,0.21815755355254218,300.0,-2.4850808113090848,-0.6357172043521319,0.009442037239796974
outer,0.22549964773199593,299.8956684019693,-2.4849596478132123,-0.6336991802877483,0.009717233321190632
outer,0.24558216709939262,300.0,-2.484914235129987,-0.6357287345308184,0.010628410875167117
outer,0.25384113570941524,299.89566840196926,-2.484787267942157,-0.6337114039789692,0.010937929435643262
outer,0.27306146369988643,300.0,-2.4847275943632323,-0.6357416851284673,0.011816947395605541
outer,0.2822369935287147,299.89566840196926,-2.484594133382581,-0.6337251277565964,0.012160760900143675
outer,0.3006017187480994,300.00000000000006,-2.484520725810002,-0.635756068609784,0.013007888465225242
outer,0.31069346063993636,299.89566840196926,-2.4843800801202374,-0.633740367415155,0.013385966960578444
outer,0.3282093129277493,300.0,-2.484293455283827,-0.6357719067166057,0.014201484242934216
outer,0.3392168811797821,299.89566840196926,-2.4841449298351033,-0.633757143865778,0.014613794360598226
outer,0.3558907440203995,300.0,-2.4840455879875436,-0.6357892233325794,0.015397989964989001
outer,0.3678137157121348,299.8956684019693,-2.4838884846126024,-0.63377548089842,0.0158444949645607
outer,0.38365263891676016,300.0,-2.4837769091987263,-0.635808044420411,0.01659766558490397
outer,0.39649055317020165,299.8956684019693,-2.483610526434241,-0.6337954045383655,0.01707832537573084
outer,0.4115017658513404,300.0,-2.483487183897143,-0.6358283982642995,0.017800776347335817
outer,0.4252541230218051,299.8956684019693,-2.4833108166939404,-0.6338169431739236,0.01831554742846816
outer,0.4394450468828436,300.00000000000006,-2.4831761560344714,-0.6358503155724573,0.01900759326306804
outer,0.45411130767766783,299.8956684019693,-2.4829890954644527,-0.6338401276459367,0.01955642864573815
outer,0.4674895706398453,300.0,-2.482843547716766,-0.6358738295897417,0.02021839357845182
outer,0.4830691551643205,299.8956684019693,-2.4826450806555687,-0.6338649913377972,0.02080124269868522
outer,0.4956426053553174,300.0,-2.4824890582609442,-0.6358989761752244,0.021433461246552196
outer,0.5121348920839712,299.8956684019694,-2.482278467080719,-0.633891570267596,0.022050269869930226
outer,0.5239116122103016,300.0,-2.4821123631955855,-0.6359257939250442,0.022653087403519484
outer,0.5413159368818461,299.8956684019693,-2.481888925440469,-0.6339199031974223,0.02330379752167324
outer,0.5523042590108544,300.00000000000006,-2.481713113165473,-0.6359543242673484,0.023877570846724507
outer,0.5706199134445109,299.8956684019693,-2.481476101213274,-0.633950031725822,0.02456212056625625
outer,0.5808284342190767,300.0,-2.4812909327322905,-0.6359846115621461,0.025107218523216263
outer,0.6000546650509032,299.8956684019693,-2.481039613456952,-0.6339820003960898,0.025825541946623447
outer,0.609492261363164,300.0,-2.4808454191046807,-0.6360167032234939,0.026342346022165085
outer,0.6296282686994845,299.8956684019694,-2.480579053524485,-0.6340158568123512,0.027094373121136182
outer,0.6383041138485116,300.0,-2.480376140769228,-0.6360506498361868,0.02758327807667485
outer,0.6593490498346667,299.8956684019693,-2.4800939836730764,-0.6340516517501805,0.028368934557197224
outer,0.6672726301946578,300.0,-2.479882635998424,-0.6360865052777769,0.0288303490748247
outer,0.689225597496684,299.8956684019693,-2.4795839355633236,-0.6340894392795858,0.029649556234122094
outer,0.696406729722085,300.00000000000006,-2.479364411247866,-0.6361243268303202,0.030083903577083015
outer,0.7192667799182195,299.8956684019694,-2.479048408645532,-0.6341292768810899,0.030936578152686155
outer,0.7257156287134072,300.0,-2.4788209394633283,-0.6361641753268206,0.03134429684539556
outer,0.7494817605931778,299.8956684019694,-2.4784868684344357,-0.6341712255794892,0.032230350855375595
outer,0.7552088570743871,300.0,-2.478251658227632,-0.6362061152781665,0.032611895384004524
outer,0.7798800148421333,299.8956684019694,-2.477898744640039,-0.6342153500746109,0.0335312359563516
outer,0.7848962755198728,300.00000000000006,-2.4776559677700805,-0.6362502150061767,0.03388707749221125
outer,0.810471346900102,299.8956684019694,-2.4772834291557886,-0.634261718877018,0.03483960667927906
outer,0.8147880933110639,300.0000000000001,-2.4770332288085712,-0.6362965467824723,0.035170233826938874
outer,0.8412659075521829,299.8956684019694,-2.4766402738879316,-0.634310404452996,0.0361558483984406
outer,0.8448948865704692,300.00000000000006,-2.476382760223306,-0.6363451869669635,0.03646176797797957
outer,0.8722742123430731,299.8956684019694,-2.4759685884156033,-0.6343614833677157,0.03748035917640595
outer,0.8752276172002013,300.00000000000006,-2.4757038364941883,-0.6363962161634494,0.03776209703820702
outer,0.9035071603878863,299.8956684019694,-2.4752676374475926,-0.6344150364462549,0.03881355027166836
outer,0.9057976524326178,300.00000000000006,-2.474995684844819,-0.6364497193785907,0.039071652116154244
outer,0.9349760538100231,299.8956684019693,-2.4745366379970886,-0.6344711488675203,0.04015584655656072
outer,0.9366167850386494,300.0,-2.4742574819768577,-0.6365057861216381,0.04039087863522092
outer,0.966692617834186,299.8956684019694,-2.4737747562463697,-0.6345299101087569,0.04150768672343033
outer,0.9676972542230778,300.0,-2.4734883503330893,-0.6365645106290069,0.04172023594740001
outer,0.9986690215618128,299.8956684019693,-2.4729811032663482,-0.6345914127255488,0.04286952293257788
outer,0.9990517672340887,300.00000000000006,-2.472687350145977,-0.6366259881092536,0.043060194260020584
outer,1.030693521715447,300.00000000000006,-2.471853475016336,-0.6366903123808427,0.04441122523225102
outer,1.0309178994570214,299.8956684019693,-2.472154730532066,-0.6346557493680197,0.04424181929013468
outer,1.0626362288296893,300.0000000000001,-2.470985508720014,-0.6367573728529077,0.045773758630173404
outer,1.0634523735705448,299.8956684019694,-2.4712946110570773,-0.6347229867811236,0.045625047457785416
outer,1.0948941371809326,300.00000000000006,-2.4700838768927253,-0.6368280248206891,0.047148731434310406
outer,1.096286076530511,299.8956684019694,-2.470399757278593,-0.634793205333023,0.04701970078437267
outer,1.1274820575660027,300.0,-2.4691450051041124,-0.6369019342658703,0.0485365441416277
outer,1.1294331753284108,299.8956684019693,-2.469469782059123,-0.6348669350951639,0.04842655233428364
outer,1.160441337572845,300.00000000000006,-2.4681665981011975,-0.6369786178473236,0.049938300609543594
outer,1.162908395928247,299.8956684019693,-2.4685017212932627,-0.6349439459907315,0.04984598997343568
outer,1.193777086697723,300.00000000000006,-2.4671502793488647,-0.6370591539204522,0.05135458793334462
outer,1.1967528490887231,299.8956684019693,-2.467493906816696,-0.6350241055158193,0.05127926335184015
outer,1.2274967478084513,300.0000000000001,-2.466093690050046,-0.6371435482216048,0.05278557421332692
outer,1.230971615040013,299.8956684019694,-2.4664468510455575,-0.6351080704335269,0.05272686571648881
outer,1.2616180904724899,300.00000000000006,-2.464994452523363,-0.6372312382458446,0.05423164859175686
outer,1.2655720940189468,299.8956684019694,-2.4653584022090405,-0.6351958087004259,0.05418897414454915
outer,1.296159605091341,300.00000000000006,-2.4638539310136935,-0.6373238685716615,0.05569425733734334
outer,1.3005719538130462,299.8956684019694,-2.464226862213392,-0.6352872692614108,0.0556661312571128
outer,1.3311405340483589,300.00000000000006,-2.4626667490493794,-0.6374209625824746,0.05717391778112914
outer,1.3359895789152103,299.8956684019694,-2.4630520787488606,-0.6353834802858098,0.057159456749457306
outer,1.3666226440186022,300.0000000000001,-2.461427116287168,-0.6375207274565492,0.058671765361065636
outer,1.3718441014927518,299.8956684019694,-2.4618293390615467,-0.6354839265304352,0.058669360797371964
outer,1.4026221015775029,300.0,-2.4601387846475933,-0.6376249366440566,0.06018895648605789
outer,1.4081969344357754,299.8956684019694,-2.460554804510779,-0.6355877475980086,0.060197415774891065
outer,1.439132658854589,300.0,-2.4588036180138224,-0.6377362848816492,0.06172646977560341
outer,1.4450641517211962,299.8956684019694,-2.4592307149210337,-0.635696448985802,0.06174482683628682
outer,1.476177502457497,300.00000000000006,-2.4574125370582114,-0.6378532435554913,0.06328456741629795
outer,1.4824395412650246,299.8956684019694,-2.4578566615750073,-0.635811604072341,0.06331203477684955
outer,1.5138348939931114,300.00000000000006,-2.4559556138057284,-0.6379716911110596,0.06486407985201675
outer,1.5203461568674008,299.8956684019694,-2.4564249302035264,-0.6359317518198448,0.06489915230014662
outer,1.5521376224525478,300.0,-2.454443302241383,-0.6380973200286139,0.06646822272320169
outer,1.5588618118709372,299.8956684019694,-2.4549297577328244,-0.6360551469058262,0.066507946824856
outer,1.5910621221817243,300.00000000000006,-2.4528738527476897,-0.6382331737265893,0.0680974320764354
outer,1.5980191074591172,299.8956684019694,-2.453376959175873,-0.6361858137503907,0.06814114650194052
outer,1.6306890370303098,300.0,-2.4512230199922236,-0.6383682249975997,0.06975023063609415
outer,1.6377946129564265,299.8956684019694,-2.45176163261781,-0.636324182863086,0.06979818643834673
outer,1.671094536544357,300.00000000000006,-2.4495120684542764,-0.6385153699176093,0.0714337005021109
outer,1.678268510303377,299.8956684019694,-2.4500701546910375,-0.6364652998492193,0.07147951039461249
outer,1.7122240120961183,300.0000000000001,-2.4477220586586483,-0.6386681910924247,0.07314398878404912
outer,1.7195165327646027,299.8956684019694,-2.448312693500804,-0.6366163619008205,0.07319048028045402
outer,1.7542563205861996,300.00000000000006,-2.445847690043119,-0.6388265178297586,0.07488642563214123
outer,1.7614843844979757,299.8956684019694,-2.44647567354338,-0.636773393418067,0.0749278184824941
outer,1.797131257580828,300.00000000000006,-2.443893665831837,-0.6389952988911671,0.07666107232408072
outer,1.8043498979533428,299.8956684019694,-2.4445550357353807,-0.6369371699115731,0.07669726613994032
outer,1.8409842846526319,300.00000000000006,-2.4418474071878977,-0.6391728255022872,0.07847136393270843
outer,1.8480532135339918,299.8956684019694,-2.4425511608166666,-0.6371104874867196,0.0784981559623985
outer,1.8858199368940247,300.0,-2.439697829259712,-0.6393548959539389,0.08031616746682804
outer,1.8927290169203081,299.8956684019693,-2.440453205399955,-0.6372919478847515,0.08033398102971899
outer,1.9317808432953187,300.00000000000006,-2.437456493163236,-0.6395537384493926,0.08220399577103561
outer,1.9383818172286829,299.8956684019694,-2.438254327967441,-0.6374806233110955,0.08220465120285779
outer,1.9788254215791534,300.00000000000006,-2.435097520617451,-0.6397608999706554,0.08413115895705811
outer,1.9851534265038568,299.8956684019694,-2.435956820635241,-0.6376833017112319,0.08411690351654494
outer,2.0272217178831036,300.0,-2.4326023211578107,-0.6399694567591606,0.0861029086886557
outer,2.033002500642195,299.8956684019694,-2.433540244703652,-0.6378937170592334,0.08606732066309528
outer,2.076911800440067,300.00000000000006,-2.430003836233155,-0.6402041072698736,0.08812538631888243
outer,2.082195550475469,299.8956684019694,-2.430994744528493,-0.638111110838877,0.08806352991404333
outer,2.1280140017814713,300.00000000000006,-2.427256603739815,-0.6404479061269656,0.09019754264807822
outer,2.1326749760562116,299.8956684019694,-2.428333514220342,-0.6383486721541942,0.0901084622497047
outer,2.1807164899371707,300.0000000000001,-2.4243461835095403,-0.6406998086471001,0.0923247008373891
outer,2.184558432134865,299.8956684019694,-2.425523545753619,-0.6385962407204806,0.09220208883621543
outer,2.235141195736588,300.00000000000006,-2.4212746603066555,-0.6409698606282086,0.09451303507086273
outer,2.238033008958576,299.8956684019694,-2.4225528647910424,-0.6388544856137679,0.0943503448651667
outer,2.2913977778175347,300.00000000000006,-2.4180251344609127,-0.6412587567472356,0.09676583174978468
outer,2.2932199389655317,299.8956684019694,-2.4194174976772116,-0.6391299382884628,0.09655876920799564
outer,2.3496607892710664,300.00000000000006,-2.414572914147963,-0.6415631499101295,0.09908715860518652
outer,2.3502282526945524,299.8956684019694,-2.416100242571985,-0.6394229153617402,0.09883039466046062
outer,2.4092315034372174,299.8956684019694,-2.412579846832807,-0.6397323175175577,0.10116984661295476
outer,2.4101207878840736,300.00000000000006,-2.410905331944669,-0.6418888645820225,0.10148436173260476
outer,2.470419157510077,299.8956684019694,-2.4088410388069943,-0.6400628203162884,0.10358410770005891
outer,2.4729852421380913,300.00000000000006,-2.40700003919353,-0.6422405107136082,0.10396530133572046
outer,2.5339974950634616,299.8956684019694,-2.404857529898502,-0.6404157373700083,0.10607953841220005
outer,2.5385390248123403,300.00000000000006,-2.4028024240494372,-0.6426016399966886,0.10653307151050062
outer,2.60024975719199,299.8956684019694,-2.4005897850790996,-0.640784929038954,0.10866189138461088
outer,2.607099974046546,300.00000000000006,-2.3983273908513354,-0.6430048099846666,0.1092046885392748
outer,2.669491961532655,299.8956684019694,-2.396032416772353,-0.6411895114355222,0.11134544901038627
outer,2.678865267602713,300.0,-2.393506080243809,-0.6434325462175553,0.11198150829174801
outer,2.741920156459313,299.8956684019693,-2.391127226429478,-0.6416187660028742,0.1141318786367461
outer,2.754400517313988,300.00000000000006,-2.3882904008978807,-0.6438844572453536,0.11487756615018178
outer,2.818096714112672,299.8956684019693,-2.3858323730433084,-0.642076539584919,0.11703713595079412
outer,2.8339998295595876,300.00000000000006,-2.3826710899097137,-0.6443911434702506,0.11790832770139445
outer,2.8983140562992507,299.8956684019694,-2.3801187233585734,-0.6425802556374899,0.12007373623776675
outer,2.9182793775115976,300.00000000000006,-2.3765405494022644,-0.644929576755879,0.12108603238741181
outer,2.983184826895097,299.8956684019693,-2.3738942579233053,-0.6431171626770849,0.12325417873047817
outer,3.0079262204269006,300.0,-2.369823133265919,-0.6455033032935741,0.12442737580995482
outer,3.07339214984218,299.8956684019693,-2.3670881365885457,-0.6436936288609524,0.12659639926551206
outer,3.103698060014601,300.00000000000006,-2.3624768554608853,-0.6461506319074529,0.12795832406537944
outer,3.16968938691104,299.8956684019693,-2.359638227738226,-0.6443332701984313,0.13012445362746455
outer,3.2064205361023848,300.0,-2.3543520022731843,-0.6468501986113622,0.1316952318030038
outer,3.272897448857413,299.8956684019694,-2.351407761315563,-0.645024118674669,0.13385461304468696
outer,3.3173941583691535,300.0,-2.3453140117487745,-0.6476112095539198,0.13567011618757852
outer,3.384309396344245,299.8956684019694,-2.342264364529765,-0.6457756239991278,0.13781950089341935
outer,3.437870606183306,300.0,-2.3352227106751786,-0.6484586436553289,0.1399158842146811
outer,3.5051697394131054,299.8956684019693,-2.3320550429216995,-0.646602847922272,0.14205073175131455
outer,3.5696205624502624,300.0,-2.323843146424967,-0.6493812744293245,0.1444709505407408
outer,3.637239018910994,299.89566840196926,-2.3205524078402364,-0.6474996653982342,0.14658764040797662
outer,3.7146523433689134,300.0,-2.3109223333935653,-0.6503882577001616,0.14938258491273837
outer,3.782514047870794,299.8956684019694,-2.307494547419114,-0.6484682148832528,0.15147768319990207
outer,3.875451334559611,300.0,-2.2961158702271853,-0.6514665234931171,0.1547070167931866
outer,3.943465976204387,299.8956684019693,-2.29252952774214,-0.6494908748349835,0.15677886418754855
outer,4.054808342573607,300.0,-2.278960322896606,-0.65256738317208,0.16050911326911244
outer,4.122869625374777,299.8956684019693,-2.2751846495501478,-0.6505160095902479,0.1625564999807388
outer,4.25583335990732,300.0,-2.258820586620716,-0.6535768631270854,0.16685308966242857
outer,4.323817174567761,299.8956684019694,-2.2548286537661815,-0.6514383893137875,0.16887525469604006
outer,4.481330552547631,299.99999999999994,-2.2349448264471996,-0.6543471757860656,0.17378420831060085
outer,4.5490967281622545,299.8956684019693,-2.2307024773394666,-0.6521104724308926,0.17577784662851037
outer,4.733185057501996,299.99999999999994,-2.2063995718064535,-0.6546132253926576,0.181280705757152
outer,4.800582625541182,299.8956684019693,-2.201910632943872,-0.6523010530826083,0.18323493136802005
outer,5.011522618925668,300.0,-2.1724550704385073,-0.6542000126918199,0.18920761214331827
outer,5.078399890626702,299.8956684019693,-2.167748580008889,-0.651844215491358,0.1911030577263605
outer,5.313707620330705,299.99999999999994,-2.1328255819712183,-0.6530431266220255,0.1972874980916312
outer,5.379928003126553,299.8956684019693,-2.1279287194150993,-0.6506529166972749,0.1991024070625863
outer,5.635089231758828,299.99999999999994,-2.0876988456238843,-0.6510978647469468,0.20516526158293885
outer,5.700542771950297,299.8956684019693,-2.082634981555982,-0.6486587784137149,0.20688302011606774
outer,5.970086536384689,300.0,-2.0376580644669193,-0.6482976743757508,0.2125028333595752
outer,6.034695246460873,299.89566840196926,-2.032431157728727,-0.6457664480647695,0.21411631670900985
outer,6.313712846725471,299.99999999999994,-1.983327224254351,-0.6444332634539032,0.21904480878897054
outer,6.37742730175687,299.8956684019693,-1.9779355134510492,-0.6417612971595607,0.22055527804204839
outer,6.662306471950603,299.9999999999999,-1.925189463032365,-0.6392075245777266,0.22462377573585146
outer,6.725098220317526,299.8956684019693,-1.9196275207523208,-0.6363491785134339,0.22603650245741258
outer,7.013542201669031,299.99999999999994,-1.863486983123838,-0.6322779564143549,0.22912286753897151
outer,7.075396110014044,299.8956684019693,-1.8577474677914418,-0.6291940657520166,0.23044371181743734
outer,7.3660985042133245,300.0,-1.7982372543288123,-0.6232978377213951,0.23244150505749783
outer,7.427007008603572,299.89566840196926,-1.7923109721630364,-0.6199546423569285,0.23367517179302577
outer,7.719280096333282,299.99999999999994,-1.7292938805160836,-0.6119342678841653,0.23447630432687983
outer,7.779239615256159,299.89566840196926,-1.723168820950064,-0.6083002965184551,0.23562669054234453
outer,8.072743857980617,299.99999999999994,-1.6564053684117477,-0.5978700577519559,0.23511894950296913
outer,8.131752775234972,299.89566840196926,-1.6500633126177204,-0.5939119705198568,0.23618875230810998
outer,8.426329371106101,300.0,-1.5792193675499944,-0.580782298530031,0.23424885762590136
outer,8.48438698932789,299.8956684019693,-1.5726243306789838,-0.5764553528616599,0.23524629618741325
outer,8.779965208096266,300.0,-1.497271655894707,-0.5603701103603371,0.23177677538846447
outer,8.83707123904215,299.8956684019693,-1.4903692380493831,-0.5556315644611479,0.2326951023966363
outer,9.133620976222005,300.0,-1.4096499621890812,-0.536256851945178,0.22747783124603665
outer,9.189775305731088,299.8956684019693,-1.4021860120672014,-0.5309061166903283,0.2283833006751693
outer,9.48728431898894,300.0,-1.3148054557746898,-0.5081708159012712,0.22169655118909687
outer,9.542486903675455,299.8956684019693,-1.3067080787047634,-0.5023570780936082,0.222442725321255
outer,9.840950424767698,300.0,-1.2079615170037143,-0.4757211761538647,0.21271059991956626
outer,9.895201248805762,299.8956684019693,-1.197032390246358,-0.4676127209767393,0.21385432628173034
outer,10.194617497735932,300.0,-1.0763754101814675,-0.43384352407719073,0.2066209320809771
outer,10.247916555585629,299.8956684019693,-1.0538005011038907,-0.41820213565873404,0.20956586059503118
outer,10.548284895640421,300.0,-0.8232269749008281,-0.3431403782530088,0.1995363846283505
outer,10.600632185440697,299.8956684019693,-0.7956969121964541,-0.3288049464704293,0.19917160232716968
outer,10.901952398325866,300.0,-0.3694178862449442,-0.14937042300311068,0.11292504980906956
outer,10.953347919476485,299.8956684019694,-0.35251706134665217,-0.13601701817126816,0.112182156842726
outer,11.255619933444878,300.0,-0.05935703844893271,0.09969886151939245,0.02031478709747394
outer,11.306063685760096,299.89566840196926,-0.055497769916299025,0.10863027165783379,0.02393591441004283
outer,11.609287478201328,300.00000000000006,-0.02530055134604447,0.2754372395818357,0.0069439131213322736
outer,11.658779461625981,299.8956684019693,-0.026738588537738545,0.274203916691867,0.00990154698543326
outer,11.962955025707048,300.0,-0.02681428661417971,0.36513628472615783,0.004739413780867577
outer,12.01149524022536,299.8956684019694,-0.026997426896715616,0.36282584189020445,0.006543480335913357
outer,12.31662257396572,300.00000000000006,-0.02628119989322208,0.42042236730629645,0.0031609725317591625
outer,12.364211019573366,299.8956684019693,-0.02636604751590834,0.41698583572957965,0.004332503751041633
outer,12.670290122422351,300.0,-0.02545552498046503,0.45215116840081726,0.002160651327685989
outer,12.716926799118262,299.8956684019694,-0.02533047718643691,0.4482849203226648,0.002860248331578802
outer,13.023957670929004,300.0,-0.023999120437972365,0.46802709203294085,0.0014350450465893533
outer,13.069642578712825,299.8956684019694,-0.023788579689793057,0.46396437500344845,0.0018043316871637904
outer,13.37762521944777,300.00000000000006,-0.022218557563374576,0.4726737138010518,0.0009117950610988135
outer,13.422358358319448,299.8956684019694,-0.021957012478941097,0.468605575732274,0.0010410847662203765
outer,13.731292767969386,300.00000000000006,-0.02025974152824548,0.4694062558822065,0.0005288362224704357
outer,13.775074137928872,299.8956684019694,-0.01998167329290256,0.4654418837196188,0.00048569703366348194
outer,14.08496031649156,300.00000000000006,-0.01825630841346021,0.4605868855931862,0.00024956370040771225
outer,14.127789917538905,299.8956684019694,-0.017981561444063356,0.45679486702655636,8.297702616012759e-05
outer,14.43862786501399,300.00000000000006,-0.01629843701550692,0.4479396609902099,4.691114558776077e-05
outer,14.480505697149141,299.8956684019694,-0.016040170210329704,0.44435773831642617,-0.00020690443903015332
outer,14.792295413536369,300.0,-0.014447641895697194,0.4327219563223666,-9.876144970133449e-05
outer,14.833221476759379,299.8956684019694,-0.014213304950572755,0.4293678974583469,-0.00041319030611997043
outer,15.145962962058798,300.0,-0.012741228436476515,0.4158490577354699,-0.00020222270999119274
outer,15.185937256369614,299.8956684019693,-0.012534431340229392,0.4127272090794757,-0.0005577561887848415
outer,15.499630510581175,300.0,-0.011198349870630349,0.397982392053251,-0.00027458557040520304
outer,15.538653035979902,299.8956684019694,-0.011019971678047476,0.3950885819111254,-0.0006570218600272792
outer,15.853298059103606,300.0000000000001,-0.009824668395236602,0.3795954078812179,-0.0003242149302927072
outer,15.89136881559014,299.8956684019694,-0.009673776235337925,0.3769203334688602,-0.000723285815970337
outer,16.206965607626035,300.00000000000006,-0.008616346678023384,0.361023059923281,-0.0003573621950968692
outer,16.244084595200377,299.8956684019693,-0.00849087378008078,0.3585546504798603,-0.0007656945018831435
outer,16.560633156148413,300.0,-0.007563262525814178,0.342499215948315,-0.00037865275207565885
outer,16.596800374810613,299.8956684019694,-0.007460518492286086,0.3402242214989092,-0.0007909809335676227
outer,16.914300704670843,300.00000000000006,-0.00665155425452163,0.32418482279009675,-0.00039146563073805263
outer,16.94951615442085,299.8956684019694,-0.006568593503172147,0.3220898427084311,-0.0008040400017500504
outer,17.26796825319322,300.0000000000001,-0.005865561758627638,0.30618894725312834,-0.00039823428756960433
outer,17.302231934031138,299.8956684019694,-0.005799439439295673,0.3042610550045509,-0.0008083809608360609
outer,17.62163580171565,300.0,-0.0051892453905473535,0.28858430695356146,-0.00040068475353848
outer,17.654947713641373,299.8956684019693,-0.005137183873687147,0.2868113923759502,-0.0008064830032241399
outer,17.97530335023808,300.00000000000006,-0.004607164457036544,0.27141856551344856,-0.00040002286704822476
outer,18.00766349325161,299.8956684019694,-0.004566651033643843,0.26978948615493414,-0.0008000724067097342
outer,18.32897089876046,300.0,-0.0041050972765810725,0.25472240689788483,-0.0003970794815897627
outer,18.36037927286185,299.8956684019694,-0.004073930766264597,0.2532270165918933,-0.0007903356291543359
outer,18.682638447282887,300.00000000000006,-0.0036703807054110776,0.23851519758370887,-0.00039242107082931854
outer,18.713095052472084,299.8956684019694,-0.0036466818769497894,0.23714430171559975,-0.0007780802551026131
outer,19.036305995805265,300.0,-0.0032920400601197386,0.22280887608685326,-0.0003864321318148775
outer,19.065810832082374,299.8956684019693,-0.0032742380555876235,0.22155414817587354,-0.0007638539494309662
outer,19.389973544327695,300.0,-0.0029607713311364248,0.20761056857854007,-0.0003793750226174092
outer,19.41852661169261,299.8956684019693,-0.0029475756737763134,0.20646445136172398,-0.0007480301791943644
outer,19.743641092850073,300.0,-0.002668827292927417,0.1929243128998323,-0.0003714321214343952
outer,19.771242391302845,299.8956684019694,-0.002659192682586589,0.1918799184856845,-0.0007308681751980323
outer,20.097308641372504,300.0,-0.0024098486061757476,0.1787521775664936,-0.0003627344857829104
outer,20.12395817091308,299.8956684019693,-0.0024029376659088705,0.17780319492934976,-0.0007125534177933879
outer,20.450976189894934,300.0,-0.0021786709765235918,0.1650949853029431,-0.00035338052532407627
outer,20.47667395052332,299.8956684019693,-0.0021738183333267908,0.16423559908012944,-0.0006932238397768867
outer,20.80464373841731,300.0,-0.001971130329295266,0.15195279002525086,-0.00034344750599733104
outer,20.829389730133556,299.89566840196926,-0.00196781007527249,0.15117761165825158,-0.0006729858708050887
outer,21.15831128693974,300.0,-0.0017838803798087381,0.13932520905595386,-0.00033299812712094673
outer,21.182105509743792,299.8956684019693,-0.0017816779151519947,0.13862921957702073,-0.0006519235594588113
outer,21.51197883546217,299.99999999999994,-0.0016142308862491864,0.1272116773844126,-0.000322083879987653
outer,21.53482128935408,299.89566840196926,-0.0016128194251797678,0.12659018018804075,-0.000630103212492926
outer,21.865646383984547,299.99999999999994,-0.001460010286301442,0.11561166503706191,-0.0003107464453160867
outer,21.887537068964317,299.8956684019693,-0.0014591318146884892,0.11506024659613788,-0.0006075753339067763
outer,22.219313932506978,300.0,-0.0013194531759549884,0.10452488068444683,-0.0002990180043628346
outer,22.240252848574553,299.89566840196926,-0.0013189034062091876,0.10403937709641733,-0.0005843751066287976
outer,22.572981481029355,299.99999999999994,-0.0011911110173901708,0.09395147229967828,-0.0002869210571259037
outer,22.592968628184792,299.89566840196926,-0.001190727741034795,0.09352793973315952,-0.0005605222411986591
outer,22.926649029551786,300.0,-0.0010737833611617446,0.08389222784672161,-0.00027446813213532
outer,22.945684407795028,299.89566840196926,-0.001073437555194328,0.08352691524171361,-0.0005360207379408941
outer,23.280316578074213,300.0,-0.0009664662827367568,0.07434877464925235,-0.0002616615892037169
outer,23.298400187405313,299.89566840196926,-0.0009660553905329293,0.07403809728861666,-0.0005108588314320199
outer,23.633984126596594,299.99999999999994,-0.0008683148271552213,0.06532377315294045,-0.0002484936131497209
outer,23.651115967015553,299.89566840196926,-0.0008677576837909512,0.06506428602267439,-0.000485009252200342
outer,23.98765167511902,299.99999999999994,-0.0007786163822164488,0.05682110031083912,-0.0002349464046636912
outer,24.00383174662579,299.8956684019693,-0.0007778493418575481,0.05660947038392396,-0.0004584298368384941
outer,24.341319223641403,300.0,-0.0006967722467438302,0.04884601777125519,-0.0002209925334991248
outer,24.356547526236024,299.8956684019692,-0.0006957461305964318,0.04867899451777649,-0.000431064431886086
outer,24.69498677216383,300.0,-0.0006222851167475858,0.04140532019138203,-0.00020659537898176303
outer,24.70926330584626,299.89566840196926,-0.0006209626694055111,0.04127970367376362,-0.000402844009817771
outer,25.04865432068621,299.99999999999994,-0.0005547503862728901,0.034507459318458375,-0.0001917095541974223
outer,25.0619790854565,299.89566840196926,-0.0005531039831846666,0.03442006517579016,-0.0003736879014640017
outer,25.402321869208638,299.99999999999994,-0.0004938491677140156,0.028162638687442135,-0.00017628122739947807
outer,25.414694865066785,299.89566840196926,-0.0004918585207660028,0.028110259144889266,-0.00034350511879547
outer,25.75598941773107,299.99999999999994,-0.000439340475689675,0.02238287066662577,-0.0001602482894793901
outer,25.767410644677025,299.89566840196926,-0.00043699010737813064,0.02236223032369517,-0.00031219586376087655
outer,26.109656966253496,300.0,-0.00039104900642577926,0.01718197943128483,-0.00014354042020423268
outer,26.12012642428726,299.8956684019693,-0.00038832527562776033,0.017189683995313305,-0.00027965359884432866
outer,26.463324514775877,300.0,-0.00034884160789730185,0.012575517435180083,-0.00012607938786656425
outer,26.472842203897496,299.89566840196926,-0.00034572910449657494,0.012607992713360692,-0.0002457686870884672
outer,26.816992063298304,299.99999999999994,-0.00031257925646929665,0.008580529382958677,-0.00010778048778937229
outer,26.825557983507732,299.89566840196926,-0.00030905639335038725,0.008633946808351538,-0.00021043578766381755
outer,27.170659611820685,299.99999999999994,-0.00028201644983810855,0.00521503337351697,-8.855732057779517e-05
outer,27.17827376311802,299.89566840196926,-0.00027805117017231187,0.005285216424110165,-0.00017356980297478447
outer,27.524327160343113,299.99999999999994,-0.000256587369639374,0.002496963157217114,-6.833512467204373e-05
outer,27.530989542728257,299.8956684019693,-0.0002521316757593034,0.002579270894990591,-0.00013513977543841232
outer,27.87799470886549,299.99999999999994,-0.0002349298349121131,0.0004420768658925485,-4.7083918299539745e-05
outer,27.883705322338493,299.89566840196926,-0.0002299350872810052,0.0005312439920949014,-9.52450657646382e-05
outer,28.23166225738792,300.0,-0.0002138554796313802,-0.0009402004323253948,-2.4908459459479116e-05
outer,28.236421101948732,299.89566840196926,-0.00020824686052160825,-0.0008501985608811256,-5.427064115850672e-05
outer,28.58532980591035,300.0,-0.00018570399233339672,-0.0016547998698421742,-2.219812990378984e-06
outer,28.589136881558968,299.8956684019693,-0.0001797565571092765,-0.0015711865755749248,-1.3282630840512409e-05
outer,28.93899735443268,300.0,-0.00013402124433338285,-0.0017385858731505358,1.9468437470819956e-05
outer,28.941852661169257,299.89566840196926,-0.00012763366624631044,-0.001668932936657895,2.5129421233519402e-05
outer,29.292664902955106,300.0,-1.5234310252236157e-05,-0.0012884935184617938,3.780047486639273e-05
outer,29.294568440779493,299.89566840196926,-1.2710424174652304e-05,-0.001244148819505421,5.5462310664866084e-05
outer,29.646332451477537,300.0,0.00019263113486157793,-0.0005823482529951825,3.5680118144006064e-05
outer,29.64728422038973,299.89566840196926,0.00018456259250885625,-0.0005702817952840756,5.399465163773257e-05
outer,29.999999999999964,300.0,0.0003161789165530212,-0.00021784950436703964,2.4393000987745227e-05
outer,29.999999999999964,299.8956684019693,0.0003018574416641904,-0.0002215534279311284,3.9194567040710615e-05
