contour,relative_angle_deg,radius_мм,sigma_rr_mpa,sigma_tt_mpa,tau_rt_mpa
inner,-30.000000000000068,249.99999999999994,0.3357970783152484,0.202037665663532,0.15608088609582388
inner,-29.850000000000026,249.99999999999997,0.26003198341941947,0.17583700647064868,0.1325653410801027
inner,-29.700000000000088,249.99999999999997,0.1636440993039836,0.14395468688141072,0.09693712466073552
inner,-29.550000000000043,249.99999999999997,0.13234134620628385,0.13242747802325816,0.07770970458810117
inner,-29.400000000000105,249.99999999999997,0.11426008925696787,0.12294845986097708,0.06647416616718788
inner,-29.250000000000064,249.99999999999994,0.10236248662897215,0.11539548293160881,0.05892291474360793
inner,-29.100000000000122,249.99999999999994,0.09353394019861343,0.10906502369672946,0.053347647941794016
inner,-28.95000000000008,249.99999999999997,0.08656455710200602,0.10366304735062623,0.0489547020926908
inner,-28.800000000000143,249.99999999999994,0.08081347174785335,0.09895756416881613,0.045340893751762104
inner,-28.6500000000001,249.99999999999997,0.07592157229463717,0.09478790275940904,0.04227663905154967
inner,-28.50000000000006,249.99999999999997,0.07166511038206565,0.09103544559659643,0.03961988515417554
inner,-28.35000000000012,249.99999999999997,0.06789647218287226,0.08761237998090891,0.037276590735088724
inner,-28.200000000000077,249.99999999999994,0.06451293506577555,0.08445247899607639,0.03518126721009708
inner,-28.05000000000014,249.99999999999997,0.0614400729244239,0.08150515357103752,0.033286440979839224
inner,-27.900000000000098,249.99999999999994,0.05862207569184068,0.07873124635248396,0.03155656098837638
inner,-27.750000000000156,249.99999999999997,0.05601586832054762,0.07610009253139094,0.029964268174035018
inner,-27.600000000000115,249.99999999999997,0.053587362366993165,0.07358741954388477,0.028488009124990738
inner,-27.450000000000177,249.99999999999997,0.05130898174091837,0.07117382906758174,0.02711045317104317
inner,-27.300000000000132,249.99999999999997,0.049157976662275046,0.06884368389614715,0.025817410429576262
inner,-27.150000000000194,249.99999999999997,0.04711524351642572,0.06658428135356617,0.024597072960946296
inner,-27.000000000000153,249.99999999999994,0.04516447900397065,0.06438523200621955,0.023439470461316066
inner,-26.85000000000021,249.99999999999997,0.04329156109678444,0.06223798748133366,0.02233607199961352
inner,-26.70000000000017,249.99999999999994,0.041484087413790574,0.06013547791141595,0.021279489382400554
inner,-26.55000000000023,249.99999999999997,0.039731025110203266,0.058071830937193945,0.020263252637629528
inner,-26.40000000000019,249.99999999999994,0.038022441210685654,0.0560421520530539,0.019281637590202447
inner,-26.25000000000025,249.99999999999994,0.03634929193983838,0.05404235157048797,0.01832953167149479
inner,-26.100000000000207,249.99999999999997,0.03470325596534025,0.052069007342603016,0.017402328207689235
inner,-25.950000000000166,249.99999999999994,0.03307660077012986,0.05011925515609496,0.01649584221141228
inner,-25.800000000000228,249.99999999999994,0.031462074356165035,0.04819070072991366,0.015606242613982562
inner,-25.650000000000187,249.99999999999994,0.0298528165203877,0.04628134869409793,0.014729997214796895
inner,-25.500000000000245,249.99999999999994,0.02824228542305921,0.044389545011415,0.013863827577795798
inner,-25.350000000000204,249.99999999999994,0.026624196246165212,0.04251393013448093,0.013004671787859398
inner,-25.200000000000266,249.99999999999997,0.02499246947049309,0.04065340075822507,0.012149653478227372
inner,-25.050000000000225,249.99999999999997,0.02334118689446592,0.03880707851352437,0.011296055909158116
inner,-24.900000000000283,249.99999999999997,0.02166455394252572,0.03697428430210738,0.01044130015108508
inner,-24.75000000000024,249.99999999999994,0.01995686710682886,0.03515451722194412,0.009582926630281732
inner,-24.600000000000303,249.99999999999994,0.0182124856266819,0.033347437260814725,0.008718579452238265
inner,-24.45000000000026,249.99999999999997,0.01642580669189725,0.031552851093112434,0.00784599303923364
inner,-24.30000000000032,249.99999999999997,0.014591243593047063,0.029770700437601882,0.006962980709971892
inner,-24.15000000000028,249.99999999999994,0.012703206364310424,0.02800105254704851,0.006067424900829413
inner,-24.000000000000288,249.99999999999997,0.010756084548636415,0.026244092474641594,0.005157268786761883
inner,-23.850000000000296,249.99999999999994,0.008744231779004484,0.02450011681878041,0.004230509104727728
inner,-23.70000000000031,249.99999999999997,0.00666195193509909,0.022769528711835792,0.0032851900159853575
inner,-23.550000000000317,249.99999999999997,0.004503486677526875,0.021052833854089865,0.0023193978750803202
inner,-23.400000000000276,249.99999999999997,0.0022630041935326837,0.019350637417658675,0.0013312567974045112
inner,-23.250000000000334,249.99999999999997,-6.541097062142363e-05,0.01766364169003453,0.000318924932386987
inner,-23.100000000000293,249.99999999999997,-0.0024877670994856963,0.015992644337356948,-0.0007194086321446755
inner,-22.950000000000355,249.99999999999997,-0.005010173608895106,0.01433853717578745,-0.0017855263950557138
inner,-22.800000000000313,250.0,-0.007638848516977414,0.012702305371897277,-0.002881184449995928
inner,-22.65000000000037,249.99999999999997,-0.01038012514079513,0.01108502699324533,-0.004008114018572098
inner,-22.50000000000033,249.99999999999997,-0.01324045805730387,0.009487872836459355,-0.005168022542920256
inner,-22.35000000000034,249.99999999999997,-0.016226428351228863,0.007912106474032638,-0.006362594366791062
inner,-22.20000000000035,249.99999999999997,-0.019344748168416807,0.006359084462425205,-0.007593491028695269
inner,-22.05000000000036,249.99999999999997,-0.02260226457907316,0.0048302566604138866,-0.008862351185897356
inner,-21.900000000000368,250.0,-0.026005962752466305,0.003327166602036919,-0.010170790183618553
inner,-21.750000000000377,249.99999999999997,-0.029562968430188616,0.0018514518816301834,-0.011520399281350346
inner,-21.600000000000385,249.99999999999994,-0.0332805496829817,0.00040484450296811953,-0.012912744544730872
inner,-21.450000000000447,249.99999999999997,-0.0371661179262683,-0.0010108288548162216,-0.01434936540861619
inner,-21.300000000000406,250.0,-0.04122722816600494,-0.002393646699282284,-0.015831772916504783
inner,-21.150000000000464,250.0,-0.04547157844404318,-0.003741592766380116,-0.017361447637487242
inner,-21.000000000000423,249.99999999999997,-0.049907008430713926,-0.005052556280088381,-0.01893983726106855
inner,-20.850000000000485,249.99999999999997,-0.05454149712915095,-0.006324332486165288,-0.020568353871051877
inner,-20.70000000000039,250.0,-0.05938315963944606,-0.00755462350791967,-0.022248370896542382
inner,-20.550000000000402,250.00000000000003,-0.06444024292363741,-0.008741039573387647,-0.023981219737464976
inner,-20.40000000000046,250.0,-0.06972112051250255,-0.009881100667062624,-0.02576818606273512
inner,-20.25000000000042,250.00000000000003,-0.07523428609388133,-0.010972238659882921,-0.027610505779514547
inner,-20.100000000000428,250.00000000000003,-0.08098834591821993,-0.012011799974015849,-0.029509360671238057
inner,-19.95000000000044,249.99999999999997,-0.08699200994573926,-0.01299704883350232,-0.03146587370233156
inner,-19.800000000000498,250.0,-0.09325408167070129,-0.013925171163346291,-0.03348110398916785
inner,-19.650000000000457,250.0,-0.09978344654799136,-0.014793279189431926,-0.03555604143810338
inner,-19.500000000000465,250.00000000000003,-0.10658905894838164,-0.015598416798119557,-0.03769160105142067
inner,-19.350000000000477,250.0,-0.11367992756724754,-0.016337565710938702,-0.03988861690463317
inner,-19.200000000000486,250.00000000000003,-0.12106509921462773,-0.01700765252732816,-0.04214783580039324
inner,-19.050000000000495,250.00000000000006,-0.12875364091144273,-0.017605556688215007,-0.044469910604426725
inner,-18.900000000000503,250.00000000000003,-0.13675462022502483,-0.0181281194076117,-0.04685539327564752
inner,-18.75000000000051,250.0,-0.14507708378852258,-0.018572153593059675,-0.049304727610832516
inner,-18.600000000000524,250.00000000000003,-0.15373003398580395,-0.01893445476043304,-0.0518182417359282
inner,-18.450000000000532,250.00000000000003,-0.16272240384699607,-0.019211812833841636,-0.054396140427652326
inner,-18.30000000000054,250.00000000000003,-0.1720630303893163,-0.019401024600237446,-0.05703849741431748
inner,-18.1500000000005,250.0,-0.18176062686650094,-0.019498906338304436,-0.05974524791919676
inner,-18.000000000000508,250.00000000000003,-0.19182375476923233,-0.019502305910308947,-0.06251618183094759
inner,-17.850000000000517,250.00000000000003,-0.2022607966566939,-0.019408113419868155,-0.06535093793291258
inner,-17.70000000000053,249.99999999999997,-0.21307993096749797,-0.01921327066777335,-0.06824899921093025
inner,-17.550000000000587,250.00000000000003,-0.2242891085388464,-0.018914780481176542,-0.07120968879731258
inner,-17.400000000000546,250.00000000000003,-0.23589602926983128,-0.018509717749658802,-0.0742321657327524
inner,-17.250000000000554,250.00000000000003,-0.2479081165505867,-0.01799524349005128,-0.07731541992280051
inner,-17.100000000000566,250.00000000000006,-0.260332487557705,-0.017368620555641194,-0.08045826658251025
inner,-16.950000000000575,250.00000000000006,-0.27317592072584335,-0.01662723153214957,-0.08365934019651378
inner,-16.800000000000583,250.00000000000003,-0.2864448204406218,-0.01576859719508276,-0.08691708864583414
inner,-16.650000000000592,250.0,-0.3001451806925246,-0.014790393434139893,-0.09022976828670132
inner,-16.5000000000006,250.00000000000003,-0.31428255032424646,-0.013690469491536404,-0.09359543934159105
inner,-16.350000000000612,250.00000000000003,-0.3288619972848048,-0.01246686515228703,-0.09701196212623119
inner,-16.20000000000062,250.00000000000006,-0.3438880740310136,-0.011117827965832374,-0.10047699396581206
inner,-16.05000000000063,250.0,-0.35936478336742533,-0.009641829127646037,-0.10398798715206352
inner,-15.90000000000064,250.00000000000006,-0.3752955459322328,-0.008037579509668902,-0.10754218750816377
inner,-15.7500000000007,250.00000000000003,-0.391683168029393,-0.006304045879935526,-0.11113663349976938
inner,-15.600000000000659,250.00000000000006,-0.4085298097912249,-0.004440465441065831,-0.11476815648704672
inner,-15.450000000000667,250.00000000000006,-0.4258369555972528,-0.0024463585838653107,-0.118433382186195
inner,-15.300000000000626,250.00000000000006,-0.44360538712544373,-0.0003215428692479065,-0.1221287324292206
inner,-15.150000000000635,250.00000000000009,-0.4618351560359039,0.0019338556497492101,-0.12585042826238999
inner,-15.000000000000645,250.00000000000003,-0.480525559927229,0.004319392770906116,-0.129594494150984
inner,-14.850000000000653,250.00000000000006,-0.49967512110265516,0.006834295531387025,-0.13335676253545906
inner,-14.700000000000664,250.00000000000006,-0.5192815654570501,0.00947745585042626,-0.1371328800957958
inner,-14.550000000000672,250.00000000000003,-0.5393418065817709,0.012247424303570103,-0.14091831469394905
inner,-14.400000000000631,250.00000000000003,-0.5598519314461847,0.015142405848397012,-0.1447083633006217
inner,-14.25000000000064,250.00000000000003,-0.5808071889848259,0.01816025725233127,-0.14849816083592393
inner,-14.10000000000065,250.00000000000006,-0.6022019817912855,0.02129848567760227,-0.1522826897984433
inner,-13.95000000000071,250.0,-0.6240298604935958,0.024554251542082864,-0.1560567914891153
inner,-13.800000000000669,250.00000000000006,-0.6462835235956066,0.02792437090838664,-0.15981517735500453
inner,-13.650000000000627,250.00000000000009,-0.668954818238972,0.03140531903542608,-0.163552440889354
inner,-13.500000000000636,250.00000000000006,-0.6920347435628192,0.034993239499537414,-0.16726307133450805
inner,-13.350000000000646,250.00000000000003,-0.7155134610878314,0.03868395156430528,-0.17094146704713511
inner,-13.200000000000655,250.00000000000003,-0.7393803049823392,0.042472961233932974,-0.1745819499343269
inner,-13.050000000000614,250.00000000000003,-0.7636237971763637,0.0463554744255493,-0.17817878048868638
inner,-12.900000000000622,249.99999999999997,-0.7882316660716304,0.05032640954322693,-0.1817261726111836
inner,-12.750000000000632,250.00000000000003,-0.8131908662860143,0.05438041527573216,-0.18521830983297938
inner,-12.600000000000641,250.00000000000006,-0.8384876047897974,0.05851188757814772,-0.18864936105719746
inner,-12.450000000000651,250.00000000000003,-0.8641073674467479,0.06271498697111005,-0.19201349615795216
inner,-12.300000000000608,250.00000000000003,-0.8900349474863725,0.06698366124578947,-0.19530490293323977
inner,-12.150000000000619,250.0,-0.9162544806679038,0.07131166648057169,-0.19851780313308195
inner,-12.000000000000627,250.00000000000003,-0.9427494795864982,0.0756925884764927,-0.20164646816482992
inner,-11.850000000000637,250.00000000000003,-0.9695028694965591,0.08011986712371838,-0.2046852352761103
inner,-11.700000000000596,250.00000000000006,-0.9964970284766703,0.08458682073592849,-0.207628523267886
inner,-11.550000000000605,250.00000000000003,-1.0237138286946545,0.08908667165098555,-0.210470848025344
inner,-11.400000000000613,250.00000000000003,-1.0511346795638936,0.09361257140064747,-0.21320683731875012
inner,-11.250000000000675,250.00000000000003,-1.0787405711657738,0.09815762621404095,-0.21583124513954974
inner,-11.100000000000632,250.00000000000003,-1.1065121189130882,0.10271492334628096,-0.21833896570819758
inner,-10.95000000000059,250.00000000000006,-1.1344296098331978,0.1072775570650498,-0.22072504674546461
inner,-10.80000000000065,249.99999999999997,-1.1624730490610176,0.11183865453475139,-0.2229847020757122
inner,-10.65000000000061,250.00000000000003,-1.1906222067007015,0.1163914013643548,-0.22511332349322102
inner,-10.50000000000067,250.00000000000003,-1.218856664785287,0.12092906668989199,-0.2271064918489929
inner,-10.350000000000628,249.99999999999997,-1.2471558641095595,0.12544502763225832,-0.2289599873168377
inner,-10.200000000000587,250.0,-1.2754991506917386,0.12993279299970817,-0.2306697988047309
inner,-10.050000000000596,250.00000000000003,-1.3038658216455696,0.13438602609437308,-0.23223213248347463
inner,-9.900000000000606,250.00000000000003,-1.3322351702424065,0.1387985665013258,-0.23364341941115715
inner,-9.750000000000563,250.00000000000003,-1.360586529952794,0.14316445074924591,-0.23490032223980895
inner,-9.600000000000573,250.0,-1.3888993172872683,0.14747793172595583,-0.2359997409958094
inner,-9.450000000000582,250.00000000000006,-1.4171530732429702,0.1517334967597841,-0.23693881793052146
inner,-9.300000000000592,249.99999999999997,-1.4453275031829422,0.1559258842866278,-0.2377149414468236
inner,-9.1500000000006,249.99999999999997,-1.4734025150096297,0.16005009902133213,-0.23832574911174775
inner,-9.00000000000056,249.99999999999997,-1.5013582554823912,0.16410142557892388,-0.23876912976909392
inner,-8.85000000000062,249.99999999999997,-1.529175144546014,0.16807544048518122,-0.2390432247677319
inner,-8.700000000000578,249.99999999999997,-1.556833907554131,0.17196802245772316,-0.2391464283214888
inner,-8.550000000000587,250.0,-1.5843156054028857,0.17577536145973582,-0.2390773871915822
inner,-8.400000000000597,249.99999999999997,-1.6116016627918164,0.17949396571395998,-0.23883499940749162
inner,-8.250000000000556,249.99999999999994,-1.6386738935504979,0.18312066677534738,-0.23841841218906937
inner,-8.100000000000616,249.99999999999994,-1.6655145235165385,0.18665262338581223,-0.23782701933801245
inner,-7.950000000000574,250.0,-1.6921062116151748,0.190087323540785,-0.23706045787831356
inner,-7.800000000000634,249.99999999999994,-1.7184320683339243,0.19342258494739362,-0.23611860408297913
inner,-7.650000000000593,249.99999999999994,-1.7444756718148722,0.19665655384818745,-0.23500156892371113
inner,-7.500000000000552,249.99999999999997,-1.7702210817692139,0.19978770274542243,-0.2337096931411992
inner,-7.350000000000612,249.99999999999994,-1.795652851403447,0.20281482630165115,-0.23224354164954805
inner,-7.2000000000005695,249.99999999999997,-1.8207560363951152,0.20573703558261525,-0.23060389749358504
inner,-7.050000000000528,250.0,-1.8455162016463573,0.20855375143330857,-0.22879175562277165
inner,-6.900000000000588,249.99999999999997,-1.8699194264437653,0.21126469639631287,-0.22680831621836667
inner,-6.750000000000547,249.99999999999997,-1.8939523074472133,0.21386988581855348,-0.22465497790208636
inner,-6.6000000000005565,250.0,-1.9176019601150072,0.21636961778449018,-0.222333330611224
inner,-6.450000000000566,249.99999999999997,-1.940856017810014,0.2187644617199604,-0.21984514820259363
inner,-6.300000000000524,249.99999999999997,-1.9637026288989143,0.22105524638559965,-0.2171923810845191
inner,-6.150000000000533,249.99999999999997,-1.9861304526561538,0.22324304703958772,-0.2143771487072293
inner,-6.000000000000543,249.99999999999997,-2.0081286537790675,0.22532917228471125,-0.21140173214164887
inner,-5.850000000000552,249.99999999999997,-2.0296868957803333,0.22731515006868652,-0.20826856647610076
inner,-5.700000000000511,250.0,-2.0507953324450368,0.2292027128919054,-0.20498023320810468
inner,-5.55000000000052,249.99999999999994,-2.0714445980553986,0.23099378291999664,-0.20153945286609898
inner,-5.400000000000529,249.99999999999994,-2.0916257972253045,0.23269045696470378,-0.19794907772444564
inner,-5.250000000000538,249.99999999999997,-2.111330493874983,0.2342949911744817,-0.19421208456296787
inner,-5.100000000000497,250.0,-2.1305506990202883,0.23580978530515853,-0.19033156750636204
inner,-4.950000000000506,249.99999999999997,-2.1492788576720936,0.23723736705751675,-0.1863107311445713
inner,-4.800000000000516,249.99999999999997,-2.167507835627999,0.238580376666569,-0.18215288388726744
inner,-4.650000000000525,249.99999999999997,-2.1852309059818875,0.2398415515116057,-0.17786143143455913
inner,-4.500000000000535,249.99999999999997,-2.2024417348882683,0.24102371065357203,-0.17343987041729644
inner,-4.350000000000493,250.0,-2.219134366899394,0.24212973965229453,-0.16889178235804458
inner,-4.200000000000502,249.99999999999997,-2.235303210541744,0.24316257589101647,-0.1642208279244939
inner,-4.050000000000511,250.0,-2.2509430239535475,0.24412519411858558,-0.15943074131896487
inner,-3.900000000000521,250.0,-2.2660489000880855,0.24502059213066732,-0.15452532489462312
inner,-3.750000000000479,249.99999999999997,-2.280616251977649,0.24585177702472105,-0.14950844414727238
inner,-3.6000000000004886,250.0,-2.2946407985385435,0.24662175198630598,-0.1443840229225886
inner,-3.450000000000498,250.00000000000003,-2.308118550475937,0.24733350342123858,-0.13915603881884708
inner,-3.300000000000507,250.00000000000003,-2.3210457961945257,0.24798998847093315,-0.13382851885242547
inner,-3.1500000000005164,250.00000000000006,-2.333419088157747,0.2485941232032117,-0.12840553545465705
inner,-3.0000000000004747,250.00000000000003,-2.345235229837989,0.24914877131548396,-0.12289120263492084
inner,-2.850000000000484,250.00000000000006,-2.356491262835405,0.24965673324736987,-0.11728967236317835
inner,-2.7000000000004936,250.0,-2.3671844543853684,0.25012073588183575,-0.11160513123589477
inner,-2.550000000000503,250.00000000000003,-2.377312285541735,0.25054342286551384,-0.10584179735872798
inner,-2.4000000000004613,250.0,-2.3868724398493883,0.2509273454248642,-0.10000391740000968
inner,-2.2500000000004707,250.00000000000003,-2.3958627923857456,0.2512749536704314,-0.09409576385604905
inner,-2.10000000000048,250.00000000000006,-2.4042813994418446,0.25158858853038235,-0.08812163255576513
inner,-1.9500000000004893,250.00000000000006,-2.412126488879595,0.25187047423007286,-0.08208584029902966
inner,-1.8000000000004988,250.00000000000006,-2.419396450932027,0.2521227112413181,-0.07599272266520467
inner,-1.650000000000457,250.00000000000006,-2.4260898296141318,0.2523472697958531,-0.06984663201696592
inner,-1.5000000000004665,250.00000000000006,-2.432205314828961,0.25254598395057887,-0.06365193563285121
inner,-1.3500000000004757,250.00000000000006,-2.4377417350445465,0.2527205461354055,-0.05741301397044029
inner,-1.2000000000004851,250.00000000000006,-2.4426980505620097,0.25287250220631324,-0.05113425906782136
inner,-1.0500000000004945,250.00000000000003,-2.4470733474525255,0.25300324702278715,-0.04482007306389533
inner,-0.9000000000004529,250.00000000000003,-2.4508668321396283,0.2531140205066608,-0.03847486681067643
inner,-0.7500000000004622,250.0,-2.454077826577303,0.2532059041737442,-0.032103058580784445
inner,-0.6000000000004716,250.00000000000006,-2.4567057640809637,0.25327981815465844,-0.025709072863313576
inner,-0.4500000000004809,250.00000000000003,-2.458750185815866,0.25333651868784707,-0.019297339220346956
inner,-0.30000000000043936,249.99999999999997,-2.4602107379036404,0.2533765960720564,-0.01287229120201807
inner,-0.15000000000044866,249.99999999999994,-2.4610871691745855,0.253400473078581,-0.006438365311246803
inner,-4.579998741307465e-13,249.99999999999997,-2.46137932956987,0.2534084038204175,-3.5325261409223817e-14
inner,0.14999999999958355,249.99999999999997,-2.461087169176378,0.2534004730780141,0.006438365311116104
inner,0.2999999999995233,250.0,-2.460210737906013,0.25337659607183816,0.01287229120191652
inner,0.4499999999995649,250.0,-2.458750185819269,0.25333651868651724,0.019297339220334546
inner,0.5999999999995556,250.00000000000006,-2.456705764083979,0.25327981815320866,0.025709072863247383
inner,0.7499999999995463,250.00000000000003,-2.4540778265793053,0.2532059041730758,0.03210305858065697
inner,0.899999999999537,250.00000000000006,-2.4508668321411196,0.2531140205061492,0.03847486681053904
inner,1.0499999999995784,250.00000000000003,-2.4470733474526356,0.253003247022911,0.04482007306371571
inner,1.1999999999995692,250.00000000000003,-2.4426980505630445,0.25287250220538116,0.05113425906765718
inner,1.3499999999995598,250.00000000000009,-2.43774173504673,0.2527205461338441,0.05741301397041524
inner,1.4999999999995506,250.00000000000006,-2.432205314831173,0.25254598394951444,0.06365193563287871
inner,1.6499999999995412,250.00000000000009,-2.4260898296171627,0.2523472697947477,0.06984663201699136
inner,1.7999999999995826,250.00000000000006,-2.419396450934347,0.2521227112407773,0.07599272266531908
inner,1.9499999999995734,250.00000000000003,-2.4121264888795033,0.251870474230234,0.08208584029914451
inner,2.099999999999564,250.00000000000006,-2.4042813994411976,0.25158858852969557,0.08812163255578248
inner,2.2499999999995546,250.00000000000003,-2.3958627923859144,0.25127495366900043,0.09409576385605607
inner,2.3999999999995962,250.00000000000006,-2.3868724398502583,0.25092734542390877,0.10000391740000053
inner,2.549999999999587,250.00000000000006,-2.377312285544474,0.2505434228637598,0.1058417973588005
inner,2.6999999999995774,250.00000000000009,-2.367184454388895,0.2501207358797477,0.11160513123590539
inner,2.8499999999995684,250.00000000000003,-2.3564912628387704,0.24965673324595988,0.1172896723631604
inner,2.9999999999996096,250.0,-2.345235229840863,0.24914877131508073,0.12289120263504957
inner,3.1499999999996007,250.0,-2.3334190881596815,0.24859412320362181,0.1284055354549303
inner,3.2999999999995913,249.99999999999997,-2.32104579619714,0.24798998847017995,0.13382851885275682
inner,3.449999999999582,250.0,-2.308118550479343,0.24733350341975988,0.13915603881919578
inner,3.5999999999996235,250.0,-2.29464079854201,0.2466217519844674,0.14438402292300823
inner,3.749999999999614,249.99999999999997,-2.280616251980422,0.24585177702259198,0.14950844414761016
inner,3.8999999999996047,250.00000000000003,-2.266048900090231,0.24502059212865443,0.15452532489491647
inner,4.049999999999596,249.99999999999997,-2.25094302395574,0.24412519411678066,0.15943074131923676
inner,4.199999999999586,250.0,-2.235303210544431,0.24316257588909065,0.1642208279247476
inner,4.3499999999996275,250.00000000000003,-2.21913436690193,0.24212973965027776,0.16889178235822863
inner,4.499999999999618,250.0,-2.2024417348904644,0.24102371065158662,0.17343987041740488
inner,4.649999999999609,249.99999999999997,-2.1852309059836816,0.2398415515100401,0.17786143143472735
inner,4.799999999999599,249.99999999999997,-2.167507835628798,0.23858037666570947,0.18215288388746434
inner,4.949999999999591,250.00000000000003,-2.1492788576717836,0.23723736705700024,0.1863107311446686
inner,5.099999999999632,249.99999999999997,-2.130550699018988,0.23580978530458857,0.1903315675063187
inner,5.2499999999996225,249.99999999999991,-2.111330493873146,0.2342949911733887,0.19421208456280248
inner,5.399999999999613,249.99999999999994,-2.0916257972242738,0.23269045696249543,0.19794907772429263
inner,5.549999999999604,249.99999999999994,-2.071444598054912,0.23099378291791603,0.20153945286608846
inner,5.699999999999646,249.99999999999997,-2.050795332444642,0.22920271289016672,0.2049802332082622
inner,5.849999999999636,249.99999999999997,-2.029686895781183,0.22731515006594472,0.20826856647627368
inner,5.999999999999627,249.99999999999997,-2.0081286537805454,0.2253291722819733,0.2114017321418529
inner,6.1499999999996176,249.99999999999994,-1.9861304526584969,0.22324304703585723,0.21437714870749922
inner,6.299999999999659,249.99999999999997,-1.9637026289004305,0.22105524638181728,0.217192381084708
inner,6.449999999999649,249.99999999999994,-1.9408560178108794,0.21876446171663194,0.21984514820269727
inner,6.59999999999964,249.99999999999994,-1.9176019601169771,0.21636961778032932,0.22233333061140917
inner,6.749999999999631,249.99999999999997,-1.8939523074499287,0.21386988581345834,0.22465497790223307
inner,6.899999999999622,249.99999999999994,-1.8699194264455643,0.21126469639143652,0.22680831621837674
inner,7.049999999999663,249.99999999999994,-1.8455162016474982,0.20855375142832625,0.2287917556227225
inner,7.199999999999654,249.99999999999994,-1.8207560363970563,0.20573703557704295,0.23060389749364618
inner,7.349999999999644,249.99999999999997,-1.795652851405418,0.20281482629694653,0.23224354164980002
inner,7.499999999999635,249.99999999999997,-1.7702210817719526,0.19978770274054064,0.23370969314153972
inner,7.649999999999677,249.99999999999994,-1.7444756718185623,0.19665655384256406,0.23500156892413449
inner,7.799999999999668,249.99999999999997,-1.7184320683369074,0.1934225849428831,0.2361186040834484
inner,7.949999999999658,249.99999999999997,-1.6921062116182666,0.1900873235369221,0.2370604578789519
inner,8.09999999999965,250.0,-1.6655145235208182,0.18665262338116773,0.23782701933871894
inner,8.249999999999691,250.00000000000003,-1.6386738935545326,0.1831206667707043,0.2384184121896361
inner,8.39999999999968,249.99999999999997,-1.6116016627958918,0.17949396570898976,0.2388349994079446
inner,8.549999999999672,249.99999999999997,-1.5843156054068102,0.1757753614549568,0.23907738719211077
inner,8.699999999999662,249.99999999999997,-1.5568339075577031,0.17196802245309367,0.23914642832210894
inner,8.849999999999653,249.99999999999997,-1.5291751445500215,0.16807544048002185,0.2390432247684275
inner,8.999999999999694,250.0,-1.5013582554865594,0.16410142557407506,0.2387691297699252
inner,9.149999999999686,249.99999999999997,-1.4734025150147487,0.160050099016041,0.23832574911269677
inner,9.299999999999676,249.99999999999997,-1.4453275031891324,0.15592588428049683,0.2377149414478483
inner,9.449999999999667,249.99999999999997,-1.4171530732497932,0.15173349675352862,0.2369388179315658
inner,9.599999999999657,250.0,-1.388899317294509,0.14747793171988233,0.23599974099694132
inner,9.749999999999698,249.99999999999997,-1.3605865299594855,0.1431644507434301,0.23490032224094642
inner,9.89999999999969,250.0,-1.332235170248174,0.13879856649571667,0.23364341941213315
inner,10.049999999999681,250.0,-1.303865821649693,0.13438602608976374,0.23223213248432079
inner,10.19999999999967,250.00000000000003,-1.2754991506943598,0.12993279299611146,0.23066979880547314
inner,10.349999999999712,250.0,-1.2471558641132474,0.1254450276279209,0.22895998731755843
inner,10.499999999999703,250.00000000000003,-1.2188566647905412,0.12092906668496786,0.22710649184984347
inner,10.649999999999693,250.0,-1.1906222067071355,0.11639140135935835,0.22511332349421675
inner,10.799999999999685,250.0,-1.1624730490691264,0.11183865452905492,0.22298470207682022
inner,10.949999999999676,250.00000000000003,-1.1344296098408582,0.10727755706015635,0.22072504674665397
inner,11.099999999999717,250.0,-1.1065121189198452,0.10271492334244407,0.21833896570941724
inner,11.249999999999707,250.00000000000003,-1.0787405711723972,0.09815762621087934,0.21583124514093305
inner,11.399999999999698,250.0,-1.0511346795708878,0.09361257139687339,0.21320683732029416
inner,11.549999999999688,250.0,-1.023713828701349,0.08908667164624991,0.2104708480267773
inner,11.699999999999731,250.0,-0.9964970284824055,0.0845868207311136,0.20762852326905812
inner,11.84999999999972,250.00000000000003,-0.9695028695018479,0.0801198671191468,0.20468523527705565
inner,11.999999999999712,250.00000000000003,-0.9427494795906994,0.0756925884731875,0.2016464681656359
inner,12.149999999999702,250.00000000000003,-0.9162544806713757,0.07131166647776542,0.19851780313373796
inner,12.299999999999693,250.0,-0.8900349474896521,0.06698366124262499,0.19530490293391825
inner,12.449999999999735,250.00000000000003,-0.8641073674495491,0.06271498696778341,0.19201349615867513
inner,12.599999999999724,250.00000000000006,-0.8384876047928705,0.05851188757399729,0.18864936105792549
inner,12.749999999999716,250.00000000000003,-0.8131908662895402,0.054380415270843974,0.18521830983378948
inner,12.899999999999707,250.00000000000006,-0.7882316660744426,0.050326409539001415,0.18172617261206922
inner,13.049999999999748,250.00000000000003,-0.7636237971795478,0.04635547442093733,0.1781787804897014
inner,13.199999999999738,250.00000000000003,-0.7393803049870897,0.04247296122813989,0.1745819499354946
inner,13.34999999999973,250.00000000000003,-0.7155134610941843,0.03868395155774131,0.1709414670484718
inner,13.49999999999972,250.00000000000003,-0.6920347435694311,0.03499323949300333,0.16726307133594365
inner,13.649999999999762,250.00000000000003,-0.6689548182451782,0.031405319029251484,0.16355244089063004
inner,13.799999999999752,250.00000000000003,-0.6462835236018744,0.027924370903155128,0.15981517735625067
inner,13.949999999999743,250.00000000000003,-0.6240298605003549,0.024554251537855176,0.15605679149066695
inner,14.099999999999733,250.00000000000006,-0.6022019817979196,0.021298485673755273,0.15228268980025253
inner,14.249999999999725,250.00000000000003,-0.5808071889915312,0.018160257247702493,0.14849816083773779
inner,14.399999999999766,250.00000000000006,-0.5598519314541001,0.015142405842110448,0.14470836330246495
inner,14.549999999999757,250.00000000000006,-0.5393418065897161,0.012247424297141065,0.14091831469594865
inner,14.699999999999747,250.00000000000006,-0.5192815654646448,0.009477455844465873,0.13713288009784144
inner,14.849999999999739,250.00000000000003,-0.49967512110984286,0.006834295525818917,0.13335676253760848
inner,14.99999999999978,250.00000000000006,-0.48052555993379886,0.004319392765368565,0.12959449415318935
inner,15.14999999999977,250.00000000000003,-0.46183515604225517,0.001933855644077936,0.1258504282644583
inner,15.299999999999761,250.00000000000003,-0.44360538713188025,-0.00032154287478847795,0.1221287324312303
inner,15.44999999999975,250.00000000000006,-0.4258369556039556,-0.002446358589525834,0.11843338218819921
inner,15.599999999999742,250.00000000000003,-0.40852980979815817,-0.004440465447033825,0.11476815648912662
inner,15.749999999999783,250.00000000000003,-0.3916831680368485,-0.006304045886619484,0.11113663350196572
inner,15.899999999999775,250.00000000000006,-0.3752955459406359,-0.008037579517067905,0.10754218751041004
inner,16.049999999999766,250.00000000000006,-0.35936478337628464,-0.00964182913468486,0.10398798715448632
inner,16.199999999999754,250.00000000000006,-0.3438880740396631,-0.01111782797222518,0.10047699396839305
inner,16.3499999999998,250.00000000000003,-0.3288619972939598,-0.012466865158926026,0.09701196212889025
inner,16.499999999999787,250.00000000000006,-0.31428255033436614,-0.013690469498349572,0.09359543934446803
inner,16.64999999999978,250.00000000000003,-0.300145180702628,-0.014790393440462837,0.09022976828983385
inner,16.79999999999977,250.00000000000006,-0.2864448204508575,-0.01576859720142285,0.08691708864899537
inner,16.94999999999976,250.00000000000003,-0.2731759207359741,-0.016627231537955516,0.08365934019980331
inner,17.099999999999802,250.00000000000003,-0.26033248756752553,-0.01736862056095151,0.08045826658592951
inner,17.24999999999979,250.00000000000003,-0.2479081165616729,-0.017995243496501005,0.07731541992622855
inner,17.399999999999782,250.00000000000003,-0.23589602928191228,-0.01850971775663335,0.07423216573641896
inner,17.549999999999773,250.00000000000003,-0.22428910855072595,-0.018914780487749843,0.07120968880113115
inner,17.699999999999815,250.00000000000003,-0.21307993097900899,-0.01921327067417346,0.06824899921461977
inner,17.849999999999806,250.0,-0.20226079666772107,-0.019408113426020963,0.06535093793637266
inner,17.999999999999797,250.00000000000006,-0.19182375477989624,-0.019502305916258674,0.06251618183425577
inner,18.149999999999785,250.00000000000003,-0.1817606268770141,-0.019498906344305667,0.05974524792250116
inner,18.29999999999983,250.00000000000003,-0.17206303039954873,-0.01940102460623527,0.05703849741766199
inner,18.449999999999818,250.00000000000003,-0.16272240385687137,-0.019211812839872073,0.05439614043103855
inner,18.59999999999981,250.00000000000003,-0.1537300339959143,-0.0189344547669689,0.051818241739277494
inner,18.7499999999998,250.00000000000003,-0.1450770837981824,-0.018572153599695537,0.04930472761412253
inner,18.899999999999842,250.00000000000003,-0.13675462023299326,-0.01812811941421983,0.04685539327866194
inner,19.049999999999834,250.00000000000003,-0.128753640918634,-0.017605556695528837,0.04446991060704428
inner,19.199999999999825,249.99999999999997,-0.12106509922209173,-0.017007652535048365,0.04214783580289382
inner,19.349999999999813,249.99999999999997,-0.11367992757423126,-0.01633756571798303,0.03988861690716236
inner,19.499999999999805,250.00000000000003,-0.10658905895538856,-0.015598416805075796,0.037691601053974226
inner,19.649999999999796,250.00000000000006,-0.09978344655544234,-0.01479327919666039,0.03555604144084795
inner,19.799999999999837,249.99999999999997,-0.09325408167825168,-0.013925171171055226,0.033481103992091504
inner,19.94999999999983,250.00000000000006,-0.08699200995344135,-0.012997048842018319,0.03146587370533014
inner,20.099999999999817,250.00000000000003,-0.08098834592620166,-0.012011799983307246,0.029509360674276723
inner,20.249999999999808,250.0,-0.07523428610225392,-0.010972238669829987,0.027610505782546563
inner,20.39999999999985,250.0,-0.06972112052080005,-0.009881100677085544,0.025768186065702966
inner,20.54999999999984,250.0,-0.06444024293167036,-0.008741039583480817,0.0239812197403194
inner,20.699999999999832,249.99999999999997,-0.059383159646717,-0.007554623518115143,0.02224837089934541
inner,20.849999999999824,250.0,-0.0545414971366101,-0.006324332497599659,0.020568353873668746
inner,20.999999999999865,250.00000000000003,-0.049907008438229934,-0.0050525562917806775,0.01893983726355696
inner,21.149999999999856,249.99999999999997,-0.04547157845071074,-0.003741592777543788,0.01736144763996405
inner,21.299999999999844,250.0,-0.04122722817087227,-0.0023936467102487237,0.015831772918582242
inner,21.449999999999836,249.99999999999997,-0.03716611792864641,-0.0010108288653734622,0.014349365410020631
inner,21.599999999999827,249.99999999999997,-0.03328054968513746,0.00040484449134619844,0.012912744545688184
inner,21.74999999999987,250.0,-0.02956296843252316,0.0018514518693950562,0.011520399282166121
inner,21.89999999999986,249.99999999999997,-0.026005962753876326,0.0033271665899341357,0.010170790184344032
inner,22.04999999999985,249.99999999999997,-0.02260226457979495,0.004830256647785139,0.008862351186396406
inner,22.19999999999984,249.99999999999997,-0.019344748169003344,0.006359084448820879,0.0075934910290963616
inner,22.34999999999988,250.0,-0.016226428351342435,0.007912106459556222,0.006362594367227515
inner,22.499999999999872,249.99999999999997,-0.013240458057167418,0.009487872821095523,0.0051680225433486035
inner,22.649999999999864,249.99999999999997,-0.010380125141068971,0.01108502697693946,0.004008114019045588
inner,22.799999999999855,249.99999999999997,-0.007638848517499986,0.012702305355060717,0.002881184450510091
inner,22.949999999999896,249.99999999999994,-0.00501017361007784,0.014338537158160048,0.0017855263956991088
inner,23.099999999999888,250.0,-0.0024877671013211976,0.01599264431895541,0.0007194086330022005
inner,23.249999999999876,249.99999999999997,-6.541097154748494e-05,0.017663641671901528,-0.00031892493148970996
inner,23.399999999999867,249.99999999999997,0.0022630041926304783,0.019350637398664217,-0.001331256796724975
inner,23.54999999999986,249.99999999999994,0.00450348667602945,0.021052833834269723,-0.002319397874365197
inner,23.6999999999999,249.99999999999997,0.006661951934162277,0.022769528692258522,-0.0032851900151926825
inner,23.84999999999989,249.99999999999994,0.00874423177770901,0.02450011679839664,-0.004230509104159705
inner,23.999999999999883,249.99999999999997,0.010756084547545099,0.02624409245437419,-0.0051572687862984044
inner,24.14999999999987,249.99999999999997,0.012703206364226867,0.028001052526926654,-0.006067424900559107
inner,24.299999999999912,249.99999999999997,0.014591243593716049,0.029770700416579803,-0.006962980710056698
inner,24.449999999999903,249.99999999999997,0.01642580669304491,0.03155285107142358,-0.007845993039508403
inner,24.599999999999895,249.99999999999997,0.018212485627647546,0.03334743723847576,-0.008718579452403051
inner,24.749999999999886,249.99999999999997,0.01995686710658734,0.0351545171980117,-0.009582926630198975
inner,24.899999999999878,249.99999999999997,0.021664553941154803,0.03697428427679285,-0.01044130015064878
inner,25.04999999999992,249.99999999999997,0.023341186892695286,0.03880707848779592,-0.011296055908341205
inner,25.199999999999907,249.99999999999997,0.02499246946878663,0.04065340073239542,-0.012149653477373687
inner,25.3499999999999,250.0,0.026624196244897792,0.04251393010862226,-0.013004671787134395
inner,25.49999999999989,249.99999999999997,0.028242285421270052,0.04438954498450509,-0.013863827577016872
inner,25.64999999999993,249.99999999999994,0.029852816518517372,0.04628134866684429,-0.014729997213897705
inner,25.799999999999923,249.99999999999997,0.0314620743549029,0.04819070070282015,-0.015606242612904787
inner,25.949999999999914,249.99999999999994,0.03307660076699663,0.05011925512647169,-0.01649584221009367
inner,26.099999999999902,249.99999999999994,0.03470325596109147,0.052069007311771075,-0.017402328206020338
inner,26.249999999999893,249.99999999999997,0.03634929193628201,0.05404235154017286,-0.01832953166946792
inner,26.399999999999935,249.99999999999997,0.03802244120629321,0.05604215202132487,-0.01928163758788367
inner,26.549999999999926,249.99999999999997,0.039731025104981624,0.05807183090445657,-0.020263252634972674
inner,26.699999999999918,249.99999999999997,0.041484087408847486,0.060135477878958704,-0.02127948937954996
inner,26.84999999999991,249.99999999999997,0.043291561091657105,0.06223798744830761,-0.022336071996758078
inner,26.99999999999995,249.99999999999994,0.04516447899902175,0.06438523197263779,-0.023439470458319088
inner,27.149999999999938,249.99999999999997,0.04711524351176018,0.0665842813192473,-0.024597072957810426
inner,27.29999999999993,249.99999999999994,0.04915797665642518,0.06884368385995687,-0.02581741042629239
inner,27.44999999999992,249.99999999999997,0.051308981733915106,0.07117382903025371,-0.027110453167439864
inner,27.599999999999913,249.99999999999997,0.05358736236003239,0.07358741950640466,-0.028488009121187926
inner,27.749999999999954,249.99999999999997,0.056015868314252565,0.07610009249328159,-0.02996426817017758
inner,27.899999999999945,249.99999999999994,0.05862207568480618,0.07873124631191777,-0.03155656098426865
inner,28.049999999999933,249.99999999999994,0.061440072916625774,0.08150515352808417,-0.03328644097504379
inner,28.199999999999925,249.99999999999997,0.0645129350573042,0.08445247895026399,-0.035181267204665995
inner,28.349999999999966,249.99999999999994,0.06789647217375058,0.0876123799316589,-0.037276590729301964
inner,28.499999999999957,249.99999999999994,0.07166511037345945,0.09103544554427004,-0.039619885148029034
inner,28.64999999999995,249.99999999999994,0.07592157228559637,0.09478790270191592,-0.04227663904488674
inner,28.79999999999994,249.99999999999997,0.08081347173724536,0.09895756410436889,-0.04534089374417584
inner,28.94999999999993,249.99999999999997,0.08656455709023343,0.10366304727886233,-0.04895470208359093
inner,29.09999999999997,249.99999999999997,0.09353394018674598,0.1090650236165955,-0.05334764793085439
inner,29.24999999999996,250.0,0.10236248661666328,0.11539548283973436,-0.058922914730223305
inner,29.399999999999952,249.99999999999994,0.11426008924474311,0.12294845975310235,-0.06647416614928495
inner,29.549999999999944,249.99999999999994,0.1323413461950654,0.13242747789061035,-0.0777097045610286
inner,29.699999999999935,249.99999999999997,0.16364409929413362,0.14395468670790104,-0.09693712461183578
inner,29.849999999999977,249.99999999999997,0.2600319833490556,0.17583700619357984,-0.13256534097771497
inner,29.999999999999964,249.99999999999997,0.33579707818377585,0.2020376653074216,-0.1560808859558929
mid,-30.000000000000068,274.9183921033229,0.029381745565644643,-7.348298653359758e-06,0.0011085322609748717
mid,-29.830803015133508,274.9183921033229,0.029667695816344278,-1.1435630536743221e-05,0.0020646922722127098
mid,-29.66160603026695,274.91839210332296,0.030225787551362494,-1.744912867903889e-05,0.004035906874434377
mid,-29.49240904540039,274.9183921033229,0.030751531946107247,-1.722046502897548e-05,0.00595749302472067
mid,-29.32321206053393,274.9183921033229,0.031235119571040998,-6.283133299193888e-06,0.00783725331303515
mid,-29.15401507566737,274.9183921033229,0.031668449234843826,1.8677120364450975e-05,0.009680928790534763
mid,-28.98481809080081,274.9183921033229,0.03204508942715526,5.9860607266231346e-05,0.011492481048238742
mid,-28.81562110593425,274.9183921033229,0.03236021089784266,0.0001184117643408299,0.013274377831793624
mid,-28.646424121067795,274.9183921033229,0.03261049150629305,0.0001944954608125377,0.015027870290427035
mid,-28.477227136201236,274.9183921033229,0.03279399706212488,0.0002873888083026531,0.016753252507605208
mid,-28.308030151334677,274.9183921033229,0.03291004322810845,0.00039558463664029434,0.01845009669409687
mid,-28.138833166468117,274.9183921033229,0.03295904426969542,0.0005169023134840895,0.020117459906865885
mid,-27.969636181601658,274.9183921033229,0.03294235453679096,0.0006486015782353634,0.02175406032093116
mid,-27.8004391967351,274.9183921033229,0.03286210819087533,0.0007874953683434082,0.02335842286097754
mid,-27.63124221186854,274.9183921033229,0.032721062007521694,0.0009300581510865818,0.02492899537241239
mid,-27.46204522700198,274.9183921033229,0.03252244525394425,0.0010725269687084113,0.02646423751261452
mid,-27.292848242135523,274.9183921033229,0.03226981971341125,0.0012109930966556987,0.027962685172233992
mid,-27.123651257268964,274.9183921033229,0.031966952030594555,0.0013414829238042859,0.029422993595200633
mid,-26.954454272402405,274.9183921033229,0.031617699757260045,0.0014600273362053162,0.030843962477401562
mid,-26.785257287535845,274.9183921033229,0.03122591173651517,0.001562719403532353,0.03222454624719892
mid,-26.616060302669386,274.9183921033229,0.0307953428420994,0.001645760627717029,0.033563852548770125
mid,-26.446863317802826,274.91839210332296,0.030329582655346736,0.001705496408375546,0.03486113166154463
mid,-26.277666332936267,274.9183921033229,0.029831997269905437,0.0017384415815112995,0.036115759251630096
mid,-26.108469348069708,274.9183921033229,0.029305683161900443,0.001741297076513,0.03732721451341448
mid,-25.93927236320325,274.9183921033229,0.028753431927435583,0.0017109588333092708,0.03849505540202752
mid,-25.770075378336692,274.9183921033229,0.02817770458888422,0.00164452013273041,0.039618892339801495
mid,-25.60087839347013,274.9183921033229,0.027580614156278056,0.001539268471348873,0.04069836146780977
mid,-25.43168140860357,274.9183921033229,0.02696391517183635,0.0013926780656135056,0.04173309825288954
mid,-25.262484423737114,274.9183921033229,0.026328999008579396,0.0012023989569511888,0.042722712035426394
mid,-25.093287438870554,274.9183921033229,0.02567689380257281,0.0009662436167396753,0.04366676190743449
mid,-24.924090454003995,274.9183921033229,0.02500826801284356,0.0006821718370526118,0.044564734145900155
mid,-24.754893469137436,274.9183921033229,0.024323436676556214,0.0003482745564536722,0.04541602131417628
mid,-24.585696484270976,274.9183921033229,0.023622369568226415,-3.724280268303792e-05,0.04621990304632828
mid,-24.416499499404367,274.9183921033229,0.022904700586559943,-0.00047607701580894626,0.04697552844682192
mid,-24.247302514537857,274.9183921033229,0.022169737767016123,-0.0009698433929012443,0.04768189999713582
mid,-24.078105529671298,274.9183921033229,0.021416473425043627,-0.0015200914702718227,0.048337858827477306
mid,-23.90890854480484,274.9183921033229,0.0206435940235137,-0.002128319829172963,0.04894207119147208
mid,-23.739711559938282,274.9183921033229,0.019849489437289237,-0.0027959898696522135,0.049493015959610615
mid,-23.570514575071723,274.9183921033229,0.019032261315186646,-0.0035245384208986465,0.049988972970161916
mid,-23.401317590205164,274.91839210332296,0.018189730332014008,-0.004315389099375962,0.05042801206745412
mid,-23.232120605338704,274.9183921033229,0.017319442151172773,-0.00516996236520148,0.050807982655672185
mid,-23.062923620472144,274.9183921033229,0.016418671936557626,-0.006089684230519837,0.051126503632685054
mid,-22.893726635605585,274.9183921033229,0.015484427303235238,-0.007075993608229161,0.051380953568190876
mid,-22.724529650739026,274.9183921033229,0.01451344960437742,-0.008130348286567751,0.051568461003525745
mid,-22.55533266587257,274.9183921033229,0.01350221345932412,-0.009254229509531118,0.05168589477422303
mid,-22.38613568100601,274.91839210332296,0.012446924439376568,-0.010449145167206138,0.05172985426447993
mid,-22.21693869613945,274.9183921033229,0.011343514839586313,-0.011716631567174809,0.05169665952115158
mid,-22.04774171127289,274.9183921033229,0.010187637434561265,-0.013058253768312447,0.05158234117650247
mid,-21.87854472640643,274.9183921033229,0.00897465714246895,-0.014475604434522366,0.05138263013435913
mid,-21.709347741539872,274.91839210332296,0.007699640505482441,-0.01597030116811977,0.051092946991303415
mid,-21.540150756673313,274.91839210332296,0.006357342862282046,-0.017543982244143885,0.05070839119616766
mid,-21.370953771806754,274.9183921033229,0.004942193093380429,-0.019198300679072806,0.050223729944213
mid,-21.201756786940297,274.91839210332296,0.003448275807495269,-0.02093491652394607,0.049633386838588554
mid,-21.032559802073735,274.91839210332296,0.0018693108150170112,-0.022755487259354782,0.0489314303687316
mid,-20.86336281720728,274.9183921033229,0.0001986297098973619,-0.024661656162463123,0.04811156226729493
mid,-20.69416583234092,274.91839210332296,-0.001570850622427112,-0.02665503846659395,0.047167105842890786
mid,-20.524968847475176,274.9183921033229,-0.0034466577878623054,-0.028737205145637608,0.046090994408273946
mid,-20.355771862611316,274.91839210332296,-0.005436797165551633,-0.030909664106511095,0.0448757599514584
mid,-20.18657487775407,274.91839210332296,-0.00754978893364093,-0.03317383854989163,0.04351352223553892
mid,-20.017377892918244,274.91839210332296,-0.009794709108411806,-0.03553104226545209,0.04199597855293312
mid,-19.84818090815051,274.91839210332296,-0.012181234836326769,-0.037982451578358084,0.0403143943979177
mid,-19.678983923592085,274.91839210332296,-0.014719694221876188,-0.04052907364299567,0.03845959538372398
mid,-19.50978693966142,274.91839210332296,-0.017421120969910282,-0.04317171077779021,0.036421960784036214
mid,-19.340589957546882,274.918392103323,-0.020297314101296225,-0.04591092050061172,0.03419141914960278
mid,-19.17139298054006,274.91839210332296,-0.023360902999841858,-0.04874697091554084,0.0317574465488972
mid,-19.00219601749129,274.91839210332296,-0.02662541802618029,-0.051679791061646704,0.029109068097981437
mid,-18.8329990912506,274.91839210332296,-0.03010536690987648,-0.05470891577182431,0.026234863641264743
mid,-18.663802259893128,274.91839210332296,-0.033816317034411236,-0.05783342446524669,0.02312297876719927
mid,-18.49460566402632,274.918392103323,-0.03777498370106832,-0.06105187301232746,0.019761142975820486
mid,-18.32540963717545,274.918392103323,-0.04199932420467921,-0.06436221718495008,0.016136698034803842
mid,-18.1562149431979,274.91839210332296,-0.04650863698656922,-0.06776172509608493,0.01223664180744292
mid,-17.987023265414194,274.91839210332296,-0.051323664697289786,-0.07124687336356127,0.008047697861728464
mid,-17.81783825192686,274.918392103323,-0.056466695129496265,-0.07481321859149084,0.003556428122997721
mid,-17.648667394592405,274.91839210332296,-0.061961653671970734,-0.07845522781436116,-0.0012505781086716477
mid,-17.479525797143857,274.91839210332296,-0.067834162639854,-0.08216604196183303,-0.006386383007478655
mid,-17.3104426048896,274.918392103323,-0.07411152164656712,-0.08593713803847493,-0.011863163312499658
mid,-17.141471633409136,274.91839210332296,-0.08082254551402986,-0.0897578349465983,-0.017691318997224058
mid,-16.972708982284882,274.918392103323,-0.08799704403641731,-0.0936146233613687,-0.023878103387124157
mid,-16.804314533884583,274.91839210332296,-0.0956647394572066,-0.09749036478403034,-0.030425717605930668
mid,-16.636537112665227,274.91839210332296,-0.10385326713255577,-0.10136356930828307,-0.03732906057207459
mid,-16.4697279612706,274.918392103323,-0.11258510353633275,-0.10520820114148799,-0.04457381556831304
mid,-16.30432709269947,274.918392103323,-0.12187382747238995,-0.1089946990434841,-0.05213622353900082
mid,-16.1407919847605,274.918392103323,-0.13172222864287114,-0.11269237092410009,-0.059985505284008075
mid,-15.979507947019655,274.918392103323,-0.14212414890115743,-0.11627251536913596,-0.06808858804234405
mid,-15.820696460109103,274.91839210332296,-0.15307049206681134,-0.11971091492814048,-0.07641524991225383
mid,-15.664394231385417,274.918392103323,-0.16455644368157613,-0.12298861127824899,-0.08494117165563872
mid,-15.510491008624223,274.91839210332296,-0.176584954423899,-0.12609130640245522,-0.09364865637755639
mid,-15.358760930948145,274.918392103323,-0.18916833462921545,-0.12900778038659438,-0.10252515818537276
mid,-15.208956757726508,274.918392103323,-0.20232577475859864,-0.13172824034987904,-0.11156041369246456
mid,-15.060836381181465,274.918392103323,-0.21607878892752636,-0.13424342346091694,-0.12074472902290216
mid,-14.914158187932964,274.918392103323,-0.23045075509071783,-0.13654404606061943,-0.1300677602364678
mid,-14.768729976134862,274.918392103323,-0.2454642924040358,-0.1386207199860983,-0.13951753719610446
mid,-14.624370598412696,274.918392103323,-0.26114034721502094,-0.14046379035981044,-0.14907983465784716
mid,-14.480956012398442,274.91839210332296,-0.2774966261055138,-0.14206386377977517,-0.1587384626090889
mid,-14.338346420571563,274.91839210332296,-0.294548785626709,-0.14341179128164439,-0.16847569487876357
mid,-14.196444639878766,274.918392103323,-0.3123105411634917,-0.14449903086349844,-0.17827205632336202
mid,-14.055160594744681,274.91839210332296,-0.33079198899265816,-0.1453175805197319,-0.1881059725380658
mid,-13.914440516481724,274.91839210332296,-0.34999916182536656,-0.14586057752743697,-0.1979548561069356
mid,-13.774197090986396,274.918392103323,-0.36993671991359617,-0.14612192971650867,-0.20779503357760234
mid,-13.634404805866785,274.91839210332296,-0.3906054311062974,-0.1460970442164863,-0.21760188108907433
mid,-13.494999043916154,274.9183921033231,-0.4120030662004185,-0.1457823434512345,-0.2273503484975699
mid,-13.355946097525713,274.91839210332296,-0.43412567172168137,-0.14517571618064795,-0.23701491990856807
mid,-13.217214645918208,274.91839210332296,-0.4569649728817663,-0.14427643014723612,-0.24656962695416493
mid,-13.078775701352882,274.91839210332296,-0.4805102020234936,-0.1430851895058159,-0.2559886548345742
mid,-12.940602536527411,274.918392103323,-0.5047481231338226,-0.14160412820870263,-0.26524649225160524
mid,-12.802670597660159,274.91839210332296,-0.5296630631929813,-0.13983679015101744,-0.27431805803278336
mid,-12.664958362005276,274.918392103323,-0.5552366140841494,-0.13778809918126228,-0.2831784053312091
mid,-12.527466344081503,274.918392103323,-0.581446503047055,-0.13546461984856506,-0.29180364442892337
mid,-12.390156581678413,274.918392103323,-0.6082702684410393,-0.13287377606147832,-0.3001710230330329
mid,-12.253021943236556,274.918392103323,-0.6356834680980241,-0.13002446924728156,-0.30825853492521366
mid,-12.116057466594206,274.918392103323,-0.6636577516138047,-0.1269268727995268,-0.3160453709625292
mid,-11.979238499562658,274.91839210332296,-0.6921645838934339,-0.1235919409220296,-0.3235119415194185
mid,-11.842568776900661,274.91839210332296,-0.7211729500350805,-0.12003194056960882,-0.33064012080899
mid,-11.70602934586566,274.918392103323,-0.7506506613008961,-0.11625974746608883,-0.3374132511205652
mid,-11.569610762380206,274.91839210332296,-0.7805647589925395,-0.1122890753169708,-0.34381599323779677
mid,-11.433318950618728,274.91839210332296,-0.8108795514226738,-0.1081345815192715,-0.34983479370147363
mid,-11.297130516921364,274.91839210332296,-0.8415602316239074,-0.10381100600841733,-0.35545771362976014
mid,-11.161041847749358,274.91839210332296,-0.872570974280379,-0.09933378513792582,-0.36067421983318804
mid,-11.02506211104827,274.91839210332296,-0.9038732380116732,-0.09471900585936258,-0.3654756511597739
mid,-10.889170876407297,274.91839210332296,-0.9354302235027298,-0.08998244848865278,-0.36985500053451703
mid,-10.753364271671696,274.91839210332296,-0.9672052837680771,-0.08514017302796252,-0.3738069652436995
mid,-10.617638588844102,274.918392103323,-0.9991603433925865,-0.08020837619372703,-0.37732772938027426
mid,-10.481992924664596,274.91839210332296,-1.031257087138405,-0.0752032391852803,-0.3804151217950714
mid,-10.3464263497982,274.9183921033229,-1.063457577149119,-0.07014074403854047,-0.3830686929307876
mid,-10.210929220142129,274.91839210332296,-1.0957251599547384,-0.06503640358046353,-0.38528946388912566
mid,-10.075498515721236,274.91839210332296,-1.1280235689586602,-0.05990546579172833,-0.3870799704206004
mid,-9.940131348759857,274.91839210332296,-1.1603166993737932,-0.054762786739202644,-0.38844414901659896
mid,-9.804824958627773,274.91839210332296,-1.1925692255092828,-0.049622707223630415,-0.389387305100226
mid,-9.669576706936253,274.91839210332296,-1.2247467180236753,-0.044498983218585475,-0.38991603710848777
mid,-9.534384072783812,274.91839210332296,-1.2568157528349868,-0.03940472295583589,-0.39003815456007196
mid,-9.399244648150113,274.9183921033229,-1.2887440111392343,-0.03435233097733086,-0.3897625907213701
mid,-9.264156133438293,274.91839210332296,-1.3205003699933358,-0.029353459424602685,-0.38909931053079
mid,-9.129116333163314,274.9183921033229,-1.3520549829590174,-0.024418966797197968,-0.3880592144905533
mid,-8.994123151784969,274.91839210332296,-1.3833793503568566,-0.019558884370336142,-0.38665403928940445
mid,-8.859174589682674,274.9183921033229,-1.4144463787337749,-0.014782390405895032,-0.38489625597507027
mid,-8.724268739270368,274.9183921033229,-1.445230429247717,-0.010097792221250214,-0.38279896653048107
mid,-8.589403781248889,274.918392103323,-1.4757073547570665,-0.005512516105479384,-0.38037579975130004
mid,-8.454577980991804,274.91839210332296,-1.5058545255180238,-0.0010331050060637392,-0.37764080734975825
mid,-8.319789685063078,274.91839210332296,-1.53565084351726,0.00333477620051862,-0.374608361213455
mid,-8.185037317862644,274.91839210332296,-1.565076745593397,0.007586328103712722,-0.3712930527543589
mid,-8.05031937839677,274.9183921033229,-1.594114195640711,0.011717597170303816,-0.367709595256001
mid,-7.915634437169841,274.91839210332296,-1.622746647027235,0.015725448060652215,-0.36387272973895074
mid,-7.780981597100757,274.91839210332296,-1.650958847126859,0.019607513299085985,-0.3597971503583141
mid,-7.646363340138367,274.91839210332296,-1.6787369388585003,0.023362135306420326,-0.3554975243844091
mid,-7.511774284545636,274.91839210332296,-1.7060689782660097,0.026988497776008508,-0.35098805280266165
mid,-7.377213223604237,274.91839210332296,-1.7329443424208542,0.03048639447432563,-0.34628274248655
mid,-7.242679009914568,274.9183921033229,-1.7593534594524818,0.033856210996315445,-0.34139525512754165
mid,-7.1081705528639185,274.9183921033229,-1.7852879739625656,0.03709889223142197,-0.33633883921650126
mid,-6.97368681619526,274.9183921033229,-1.8107406446093148,0.04021588670321549,-0.33112628241993347
mid,-6.839227652406881,274.9183921033229,-1.835705100735315,0.04320907386176559,-0.32576990670831046
mid,-6.704796224716949,274.9183921033229,-1.8601759772305402,0.04608069605115937,-0.3202816178483681
mid,-6.570386599816072,274.9183921033229,-1.8841493664228532,0.04883346687113796,-0.3146724300514519
mid,-6.435997911589138,274.91839210332296,-1.9076221313800472,0.05147032862780543,-0.3089529277097794
mid,-6.3016293387096525,274.9183921033229,-1.9305916565435275,0.05399444436518538,-0.303133121971568
mid,-6.167280102675996,274.91839210332296,-1.9530558565696954,0.056409159326868616,-0.2972224362091003
mid,-6.032954017326143,274.9183921033229,-1.9750131486951916,0.05871791103959811,-0.2912298711308518
mid,-5.898647158376466,274.9183921033229,-1.996462926496207,0.0609243326966879,-0.2851635408391822
mid,-5.764357297373262,274.9183921033229,-2.0174051679970817,0.06303210391984344,-0.2790310164463051
mid,-5.63008379030133,274.91839210332296,-2.037840040156505,0.06504490114215015,-0.2728393749875969
mid,-5.495826346604532,274.9183921033229,-2.0577678207906756,0.06696638235992063,-0.2665951783364867
mid,-5.361589703876059,274.9183921033229,-2.0771890550467873,0.06880012194914059,-0.2603046573089066
mid,-5.227367376655154,274.91839210332296,-2.0961050332919657,0.07054974998929842,-0.25397308911428
mid,-5.09315883636915,274.9183921033229,-2.114517184152788,0.07221875930410249,-0.24760548591042092
mid,-4.958963584294961,274.9183921033229,-2.1324267537066746,0.07381053287869234,-0.24120644168817384
mid,-4.824785553634441,274.91839210332296,-2.14983503928318,0.07532830149771645,-0.23478030646507744
mid,-4.690620910343727,274.9183921033229,-2.1667437716501796,0.07677524299502106,-0.22833071125465626
mid,-4.556467844003868,274.9183921033229,-2.183154805343443,0.0781543876552869,-0.2218609808391775
mid,-4.422325949830914,274.9183921033229,-2.199069766436752,0.07946861122028683,-0.21537417396038766
mid,-4.288198910429592,274.9183921033229,-2.2144901965704027,0.08072061397954591,-0.20887320640979656
mid,-4.154083241616188,274.91839210332296,-2.2294179197440283,0.08191300986944858,-0.20236039618729645
mid,-4.0199772440894455,274.91839210332296,-2.243854795150245,0.08304825802887855,-0.1958378509634623
mid,-3.8858805924692543,274.91839210332296,-2.2578024168063346,0.08412866399399409,-0.18930750707635463
mid,-3.751797578661088,274.91839210332296,-2.2712622734460606,0.08515636039813444,-0.18277127285805306
mid,-3.6177231462681707,274.91839210332296,-2.28423609698003,0.08613340796721902,-0.17623044607188282
mid,-3.483656736501395,274.9183921033229,-2.296725519334733,0.0870617092090133,-0.16968631625026367
mid,-3.349599347953,274.91839210332296,-2.3087319236523713,0.08794302820862539,-0.1631400862996066
mid,-3.2155524256562007,274.918392103323,-2.3202566858357256,0.08877900399622568,-0.15659282047979733
mid,-3.081512310276122,274.918392103323,-2.3313012769612675,0.08957118951007981,-0.15004521340350604
mid,-2.9474787831443883,274.918392103323,-2.3418670022079735,0.09032101001035639,-0.14349798043091666
mid,-2.8134544310049514,274.91839210332296,-2.3519550035359105,0.09102976847842752,-0.13695185213635083
mid,-2.679436891927524,274.91839210332296,-2.361566490155759,0.09169869265440515,-0.13040723386470202
mid,-2.5454248538944224,274.91839210332296,-2.3707026178008714,0.09232891251141032,-0.12386447564274798
mid,-2.411419018031954,274.91839210332296,-2.379364377473637,0.09292145950259645,-0.11732393822608934
mid,-2.2774205358356676,274.918392103323,-2.3875527088844994,0.09347727724495876,-0.11078592589844782
mid,-2.1434265429121133,274.91839210332296,-2.395268575308023,0.09399724661140202,-0.10425049162297734
mid,-2.0094368949688377,274.91839210332296,-2.402512820842537,0.09448216504448073,-0.09771774711915855
mid,-1.8754537051467284,274.918392103323,-2.409286181916543,0.09493274909759819,-0.09118785396877031
mid,-1.741474470627918,274.9183921033231,-2.4155894122973134,0.09534966422826258,-0.08466071596416819
mid,-1.6074986551762818,274.91839210332296,-2.4214231947607767,0.09573350876351354,-0.07813627770837026
mid,-1.4735272071537882,274.91839210332296,-2.4267881118938077,0.09608481666096626,-0.07161451613769108
mid,-1.3395595741645498,274.91839210332296,-2.4316847171983147,0.09640406956984203,-0.06509530572139934
mid,-1.2055944813145196,274.91839210332296,-2.4361135259054185,0.09669169912934651,-0.05857845624990273
mid,-1.0716321310987234,274.918392103323,-2.4400749772027868,0.09694808435768605,-0.05206381957736007
mid,-0.937673046113338,274.91839210332296,-2.4435694572522144,0.09717355546012385,-0.045551240066608524
mid,-0.8037156582882659,274.918392103323,-2.4465973220392656,0.09736840193022049,-0.03904044701871272
mid,-0.6697598811106896,274.918392103323,-2.4491588690652084,0.09753286915680609,-0.032531220357148595
mid,-0.5358062751075717,274.918392103323,-2.4512543407168272,0.09766715984676076,-0.026023356952615782
mid,-0.4018536416379254,274.9183921033229,-2.4528839431440885,0.09777143954377049,-0.019516562302932475
mid,-0.2679018083004204,274.9183921033229,-2.454047834671986,0.09784583547469031,-0.013010579250571124
mid,-0.1339507877801264,274.9183921033229,-2.4547461248820603,0.09789043722876527,-0.006505153637640842
mid,-4.0711099922733015e-13,274.9183921033229,-2.454978880729719,0.09790529849008014,1.3283250952724651e-12
mid,0.13395078777936306,274.9183921033229,-2.4547461248825515,0.0978904372281645,0.006505153639953293
mid,0.2679018082996062,274.91839210332296,-2.454047834672308,0.09784583547408618,0.013010579252256243
mid,0.4018536416371621,274.91839210332296,-2.452883943142441,0.09777143954442985,0.01951656230431397
mid,0.5358062751067575,274.91839210332296,-2.451254340715097,0.097667159847055,0.026023356954284944
mid,0.6697598811098754,274.918392103323,-2.4491588690639907,0.09753286915678426,0.03253122035947472
mid,0.8037156582874517,274.918392103323,-2.446597322037154,0.09736840193073563,0.03904044702210894
mid,0.9376730461125238,274.91839210332296,-2.4435694572484477,0.09717355546144617,0.04555124006986191
mid,1.0716321310979093,274.91839210332296,-2.4400749771986434,0.09694808435922098,0.05206381957926508
mid,1.2055944813137562,274.918392103323,-2.43611352590182,0.09669169913073064,0.058578456251257224
mid,1.3395595741637356,274.918392103323,-2.4316847171958433,0.09640406957027747,0.06509530572279466
mid,1.473527207152974,274.918392103323,-2.4267881118918884,0.0960848166609173,0.07161451613923525
mid,1.6074986551755184,274.91839210332296,-2.4214231947588294,0.09573350876456214,0.07813627770931789
mid,1.7414744706271037,274.918392103323,-2.4155894122962938,0.09534966422911238,0.08466071596502062
mid,1.8754537051459141,274.91839210332296,-2.4092861819169458,0.09493274909717572,0.09118785397007605
mid,2.0094368949680743,274.918392103323,-2.402512820845864,0.0944821650416188,0.09771774712036856
mid,2.1434265429112993,274.91839210332296,-2.395268575311369,0.0939972466083416,0.10425049162459929
mid,2.2774205358348536,274.91839210332296,-2.3875527088848676,0.09347727724430639,0.11078592590055994
mid,2.41141901803114,274.91839210332296,-2.3793643774718327,0.09292145950448803,0.11732393822817695
mid,2.5454248538936084,274.91839210332296,-2.370702617800978,0.09232891251214784,0.12386447564448934
mid,2.67943689192671,274.91839210332296,-2.361566490157146,0.09169869265412059,0.13040723386619874
mid,2.813454431004137,274.91839210332296,-2.3519550035368093,0.09102976847894031,0.13695185213818772
mid,2.9474787831435743,274.918392103323,-2.341867002209871,0.0903210100101628,0.14349798043313589
mid,3.0815123102753588,274.91839210332296,-2.3313012769647075,0.08957118950808547,0.15004521340618016
mid,3.2155524256553867,274.91839210332296,-2.3202566858381433,0.08877900399469324,0.15659282048254433
mid,3.349599347952237,274.91839210332296,-2.308731923653677,0.08794302820774146,0.16314008630198795
mid,3.483656736500581,274.91839210332296,-2.2967255193365195,0.08706170920732435,0.16968631625250624
mid,3.6177231462673567,274.91839210332296,-2.2842360969804076,0.08613340796741689,0.1762304460738669
mid,3.751797578660325,274.91839210332296,-2.2712622734460317,0.085156360399074,0.18277127286055178
mid,3.88588059246844,274.91839210332296,-2.2578024168058946,0.08412866399464641,0.18930750707956218
mid,4.019977244088682,274.9183921033229,-2.243854795151544,0.08304825802778874,0.1958378509659888
mid,4.154083241615374,274.91839210332296,-2.2294179197463433,0.08191300986774344,0.20236039618932355
mid,4.288198910428777,274.91839210332296,-2.2144901965700727,0.08072061398001246,0.2088732064119317
mid,4.4223259498301,274.9183921033229,-2.1990697664358616,0.0794686112201883,0.2153741739626436
mid,4.556467844003055,274.91839210332296,-2.183154805342039,0.07815438765498434,0.2218609808420281
mid,4.690620910342912,274.91839210332296,-2.1667437716469973,0.07677524299654759,0.2283307112578111
mid,4.824785553633626,274.91839210332296,-2.1498350392806502,0.07532830149862718,0.2347803064681423
mid,4.958963584294198,274.91839210332296,-2.1324267537049204,0.07381053287880762,0.24120644169132155
mid,5.093158836368335,274.91839210332296,-2.114517184152099,0.07221875930353827,0.2476054859131982
mid,5.22736737665434,274.9183921033229,-2.096105033293329,0.07054974998689059,0.2539730891163378
mid,5.361589703875245,274.9183921033229,-2.077189055047586,0.0688001219473511,0.26030465731062685
mid,5.495826346603718,274.9183921033229,-2.057767820791594,0.06696638235812546,0.2665951783385554
mid,5.630083790300516,274.9183921033229,-2.0378400401584362,0.06504490113961893,0.272839374990394
mid,5.764357297372448,274.9183921033229,-2.017405167999969,0.06303210391735818,0.27903101644957473
mid,5.898647158375653,274.91839210332296,-1.9964629264976346,0.0609243326959505,0.28516354084281864
mid,6.032954017325278,274.9183921033229,-1.975013148693917,0.05871791104072036,0.29122987113472026
mid,6.167280102675232,274.9183921033229,-1.9530558565681233,0.056409159327733854,0.2972224362127549
mid,6.301629338708839,274.9183921033229,-1.9305916565419299,0.05399444436562496,0.303133121974745
mid,6.435997911588375,274.9183921033229,-1.9076221313787989,0.051470328627508104,0.3089529277129318
mid,6.570386599815207,274.9183921033229,-1.8841493664220341,0.04883346687249623,0.31467243005397977
mid,6.704796224716084,274.91839210332296,-1.8601759772305855,0.04608069605251419,0.3202816178504527
mid,6.839227652406067,274.91839210332296,-1.835705100735821,0.04320907386139319,0.3257699067107755
mid,6.973686816194496,274.9183921033229,-1.8107406446088592,0.04021588670308541,0.33112628242282616
mid,7.108170552863104,274.9183921033229,-1.7852879739602152,0.037098892231994765,0.33633883921973373
mid,7.242679009913703,274.9183921033229,-1.759353459450419,0.03385621099662042,0.34139525512995966
mid,7.377213223603423,274.91839210332296,-1.7329443424195468,0.030486394474490863,0.34628274248810625
mid,7.511774284544821,274.9183921033229,-1.7060689782655827,0.02698849777602449,0.35098805280407624
mid,7.646363340137604,274.91839210332296,-1.6787369388599447,0.02336213530558927,0.3554975243853966
mid,7.780981597099994,274.9183921033229,-1.650958847128901,0.01960751329741403,0.3597971503587019
mid,7.9156344371689755,274.91839210332296,-1.6227466470285667,0.01572544805837915,0.3638727297394203
mid,8.050319378395956,274.91839210332296,-1.5941141956406728,0.011717597168786488,0.3677095952567979
mid,8.185037317861829,274.9183921033229,-1.5650767455930947,0.007586328102192487,0.3712930527553129
mid,8.319789685062265,274.91839210332296,-1.5356508435163463,0.0033347761991380023,0.37460836121452545
mid,8.454577980990988,274.91839210332296,-1.5058545255163192,-0.0010331050074307568,0.37764080735091377
mid,8.589403781248075,274.9183921033229,-1.4757073547547035,-0.005512516107188864,0.38037579975261815
mid,8.724268739269554,274.9183921033229,-1.445230429244349,-0.010097792221365913,0.3827989665316134
mid,8.859174589681809,274.9183921033229,-1.4144463787296802,-0.01478239040442051,0.38489625597609667
mid,8.994123151784153,274.9183921033229,-1.383379350353091,-0.019558884368658214,0.38665403929041786
mid,9.129116333162552,274.91839210332296,-1.3520549829566038,-0.024418966797801978,0.3880592144919023
mid,9.26415613343748,274.91839210332296,-1.3205003699909499,-0.029353459425696622,0.38909931053253854
mid,9.399244648149299,274.91839210332296,-1.2887440111368869,-0.03435233097776873,0.3897625907228527
mid,9.534384072782998,274.9183921033229,-1.256815752834027,-0.03940472295715398,0.3900381545608293
mid,9.669576706935489,274.9183921033229,-1.2247467180231761,-0.044498983219900534,0.38991603710872724
mid,9.804824958626908,274.9183921033229,-1.1925692255090419,-0.04962270722486278,0.38938730510030306
mid,9.940131348759044,274.9183921033229,-1.1603166993742053,-0.05476278674071271,0.38844414901648444
mid,10.075498515720422,274.91839210332296,-1.1280235689591367,-0.05990546579388083,0.3870799704202884
mid,10.210929220141313,274.91839210332296,-1.0957251599548832,-0.0650364035825329,0.3852894638882519
mid,10.346426349797387,274.91839210332296,-1.063457577150589,-0.07014074404092882,0.3830686929293443
mid,10.481992924663832,274.9183921033229,-1.031257087142123,-0.0752032391887684,0.3804151217933218
mid,10.61763858884334,274.91839210332296,-0.999160343395466,-0.0802083761955897,0.3773277293783489
mid,10.75336427167088,274.91839210332296,-0.9672052837700542,-0.0851401730281135,0.3738069652419319
mid,10.889170876406483,274.91839210332296,-0.9354302235045086,-0.08998244848846403,0.36985500053317205
mid,11.025062111047456,274.91839210332296,-0.9038732380144967,-0.09471900586003218,0.36547565115884667
mid,11.161041847748542,274.91839210332296,-0.8725709742832879,-0.09933378513912516,0.36067421983259884
mid,11.297130516920602,274.91839210332296,-0.8415602316250764,-0.10381100600965992,0.35545771362929524
mid,11.433318950617915,274.91839210332296,-0.8108795514240003,-0.10813458152093164,0.349834793700763
mid,11.569610762379392,274.91839210332296,-0.7805647589948672,-0.1122890753172176,0.34381599323687506
mid,11.706029345864847,274.91839210332296,-0.7506506613028778,-0.11625974746535718,0.3374132511200404
mid,11.842568776899846,274.918392103323,-0.7211729500364037,-0.12003194056880462,0.33064012080851735
mid,11.979238499561843,274.9183921033229,-0.6921645838964576,-0.12359194092239056,0.32351194151855134
mid,12.116057466593393,274.91839210332296,-0.6636577516165563,-0.12692687279961545,0.316045370961511
mid,12.253021943235742,274.91839210332296,-0.6356834680992584,-0.13002446924687544,0.3082585349239846
mid,12.3901565816776,274.918392103323,-0.6082702684430485,-0.1328737760616056,0.30017102303194687
mid,12.52746634408069,274.918392103323,-0.5814465030493656,-0.1354646198491023,0.29180364442845186
mid,12.664958362004514,274.918392103323,-0.5552366140866163,-0.13778809918177368,0.2831784053307317
mid,12.802670597659343,274.918392103323,-0.5296630631967681,-0.13983679015137396,0.274318058031923
mid,12.940602536526596,274.91839210332296,-0.5047481231376796,-0.14160412820984275,0.26524649225090524
mid,13.078775701352068,274.918392103323,-0.48051020202601324,-0.14308518950727275,0.25598865483437483
mid,13.217214645917394,274.91839210332296,-0.4569649728832794,-0.14427643014783703,0.24656962695439522
mid,13.3559460975249,274.91839210332296,-0.43412567172469835,-0.14517571617987746,0.23701491990884524
mid,13.494999043915339,274.918392103323,-0.41200306620555216,-0.1457823434510745,0.22735034849775534
mid,13.63440480586597,274.91839210332296,-0.390605431112322,-0.1460970442167523,0.21760188108937725
mid,13.774197090985583,274.91839210332296,-0.36993671992132776,-0.14612192971783666,0.2077950335781607
mid,13.914440516480859,274.91839210332296,-0.3499991618339965,-0.1458605775297851,0.19795485610763303
mid,14.055160594743917,274.91839210332296,-0.33079198900061163,-0.14531758052025448,0.1881059725385814
mid,14.196444639878003,274.91839210332296,-0.3123105411690164,-0.14449903086218324,0.1782720563234601
mid,14.338346420570799,274.918392103323,-0.2945487856317209,-0.143411791281767,0.16847569487835765
mid,14.480956012397678,274.918392103323,-0.2774966261118982,-0.14206386378033456,0.15873846260810756
mid,14.624370598411932,274.91839210332296,-0.2611403472210626,-0.1404637903591798,0.14907983465673938
mid,14.768729976134098,274.918392103323,-0.2454642924101868,-0.13862071998649284,0.13951753719534393
mid,14.9141581879322,274.91839210332296,-0.23045075509866092,-0.13654404606196952,0.1300677602357282
mid,15.060836381180703,274.91839210332296,-0.21607878893689178,-0.13424342346333532,0.12074472902191083
mid,15.208956757725744,274.918392103323,-0.20232577476771613,-0.13172824035188435,0.11156041369113495
mid,15.358760930947382,274.91839210332296,-0.18916833463836463,-0.12900778038604474,0.10252515818361187
mid,15.510491008623461,274.91839210332296,-0.17658495443473426,-0.12609130640053431,0.09364865637541728
mid,15.664394231384653,274.91839210332296,-0.16455644369371605,-0.12298861127542696,0.08494117165325102
mid,15.820696460108339,274.918392103323,-0.15307049207928133,-0.11971091492539393,0.07641524991001131
mid,15.979507947018943,274.918392103323,-0.1421241489154188,-0.11627251536794733,0.06808858804061281
mid,16.14079198475979,274.918392103323,-0.13172222865992783,-0.11269237092355935,0.05998550528275871
mid,16.304327092698706,274.918392103323,-0.12187382748979356,-0.10899469904317584,0.05213622353814762
mid,16.46972796126989,274.91839210332296,-0.11258510355162482,-0.10520820113920673,0.0445738155676723
mid,16.63653711266441,274.91839210332296,-0.10385326714545673,-0.10136356930408832,0.037329060571844874
mid,16.804314533883872,274.91839210332296,-0.0956647394697527,-0.09749036478041714,0.030425717606863058
mid,16.972708982284118,274.91839210332296,-0.08799704405128532,-0.09361462335815514,0.023878103389390986
mid,17.141471633408372,274.91839210332296,-0.080822545527967,-0.08975783494278483,0.017691319000492096
mid,17.31044260488889,274.91839210332296,-0.07411152165882717,-0.0859371380353397,0.011863163316593714
mid,17.479525797143143,274.91839210332296,-0.06783416265166484,-0.08216604195864297,0.006386383012055993
mid,17.648667394591694,274.918392103323,-0.06196165368388223,-0.07845522781093321,0.0012505781132603365
mid,17.8178382519262,274.91839210332296,-0.05646669514135813,-0.07481321858908756,-0.0035564281178795953
mid,17.98702326541348,274.91839210332296,-0.05132366470978736,-0.07124687336279181,-0.008047697855813192
mid,18.156214943197238,274.91839210332296,-0.04650863700059889,-0.06776172509612882,-0.01223664180114474
mid,18.325409637174737,274.91839210332296,-0.041999324218965926,-0.06436221718517329,-0.016136698028027918
mid,18.49460566402571,274.91839210332296,-0.03777498371353871,-0.06105187301309358,-0.019761142968311593
mid,18.663802259892467,274.91839210332296,-0.03381631704333844,-0.05783342446470602,-0.02312297875912392
mid,18.832999091249935,274.91839210332296,-0.030105366919714698,-0.0547089157716321,-0.026234863633193183
mid,19.00219601749063,274.91839210332296,-0.026625418035727745,-0.051679791062026845,-0.029109068089869142
mid,19.171392980539398,274.918392103323,-0.02336090300748281,-0.048746970916125176,-0.03175744654032855
mid,19.34058995754627,274.91839210332296,-0.020297314109066433,-0.04591092050066771,-0.034191419140753146
mid,19.50978693966076,274.91839210332296,-0.01742112097672943,-0.04317171077859616,-0.03642196077525971
mid,19.678983923591474,274.91839210332296,-0.014719694228077326,-0.04052907364665891,-0.03845959537498474
mid,19.848180908149903,274.91839210332296,-0.012181234842401606,-0.037982451582036704,-0.04031439438933792
mid,20.017377892917583,274.91839210332296,-0.009794709114345275,-0.035531042266992933,-0.041995978544907386
mid,20.186574877753458,274.9183921033229,-0.0075497889387585275,-0.03317383854998876,-0.043513522227509746
mid,20.355771862610755,274.91839210332296,-0.005436797171073995,-0.030909664107150063,-0.044875759942799465
mid,20.524968847474568,274.91839210332296,-0.003446657795727729,-0.02873720514676981,-0.046090994399099985
mid,20.69416583234031,274.91839210332296,-0.00157085062907638,-0.026655038467366193,-0.04716710583299798
mid,20.863362817206667,274.91839210332296,0.00019862970566927873,-0.024661656162928928,-0.04811156225755713
mid,21.032559802073127,274.9183921033229,0.0018693108121870562,-0.022755487258327878,-0.048931430359889456
mid,21.201756786939686,274.9183921033229,0.0034482758051453677,-0.0209349165219985,-0.04963338683019709
mid,21.370953771806192,274.91839210332296,0.004942193091196905,-0.019198300679743024,-0.050223729935354955
mid,21.54015075667275,274.91839210332296,0.0063573428633774826,-0.017543982244761207,-0.05070839118672399
mid,21.709347741539315,274.9183921033229,0.0076996405076205435,-0.01597030116847874,-0.05109294698153763
mid,21.87854472640582,274.9183921033229,0.008974657142685048,-0.014475604436782835,-0.051382630124571796
mid,22.04774171127238,274.91839210332296,0.010187637435289183,-0.01305825377078415,-0.051582341167107616
mid,22.21693869613894,274.9183921033229,0.011343514842023138,-0.01171663157056152,-0.05169665951196913
mid,22.3861356810055,274.91839210332296,0.012446924441699266,-0.010449145170628317,-0.051729854256418184
mid,22.555332665872008,274.9183921033229,0.013502213458951008,-0.009254229513054931,-0.0516858947678475
mid,22.724529650738567,274.9183921033229,0.01451344960429915,-0.008130348290231286,-0.051568460997515685
mid,22.893726635605127,274.9183921033229,0.015484427304544784,-0.007075993612270071,-0.051380953562430214
mid,23.062923620471636,274.9183921033229,0.016418671937618635,-0.006089684233908366,-0.051126503628243766
mid,23.232120605338196,274.9183921033229,0.017319442152301204,-0.005169962368840434,-0.050807982651639896
mid,23.401317590204755,274.9183921033229,0.018189730330607664,-0.00431538910404031,-0.050428012063948605
mid,23.570514575071314,274.9183921033229,0.01903226131280152,-0.003524538424834675,-0.04998897296677424
mid,23.739711559937824,274.9183921033229,0.019849489437494483,-0.0027959898738769452,-0.04949301595556834
mid,23.908908544804383,274.9183921033229,0.0206435940246589,-0.0021283198341211958,-0.04894207118814162
mid,24.078105529670943,274.91839210332296,0.021416473426781654,-0.0015200914743479094,-0.04833785882458344
mid,24.247302514537452,274.9183921033229,0.02216973776999173,-0.0009698433967723283,-0.04768189999349369
mid,24.41649949940401,274.91839210332296,0.022904700588534447,-0.0004760770202030355,-0.046975528443510585
mid,24.58569648427057,274.9183921033229,0.02362236956854312,-3.72428071653344e-05,-0.04621990304398611
mid,24.75489346913708,274.9183921033229,0.02432343667614277,0.0003482745506067069,-0.045416021311907195
mid,24.92409045400364,274.9183921033229,0.025008268014926394,0.0006821718323141279,-0.04456473414390055
mid,25.0932874388702,274.9183921033229,0.025676893806295797,0.0009662436129311523,-0.04366676190669897
mid,25.262484423736705,274.9183921033229,0.02632899901329743,0.0012023989526929093,-0.042722712034931526
mid,25.431681408603264,274.9183921033229,0.026963915178268384,0.001392678063045152,-0.041733098253429274
mid,25.600878393469827,274.9183921033229,0.02758061416273044,0.0015392684708824805,-0.04069836147052786
mid,25.770075378336387,274.9183921033229,0.028177704596260494,0.001644520133928738,-0.03961889234319303
mid,25.939272363202893,274.9183921033229,0.02875343193422626,0.0017109588335361813,-0.038495055405340387
mid,26.108469348069452,274.9183921033229,0.02930568316686622,0.0017412970744785407,-0.037327214516914745
mid,26.27766633293601,274.9183921033229,0.02983199727287083,0.0017384415787448145,-0.036115759256842676
mid,26.44686331780252,274.9183921033229,0.03032958265536384,0.001705496405397344,-0.03486113166776166
mid,26.61606030266908,274.9183921033229,0.030795342839675048,0.0016457606257124467,-0.033563852554846056
mid,26.78525728753564,274.9183921033229,0.03122591173455007,0.0015627194054726075,-0.0322245462539955
mid,26.9544542724022,274.9183921033229,0.031617699756265084,0.0014600273410780521,-0.030843962485657128
mid,27.12365125726871,274.9183921033229,0.031966952029109846,0.0013414829268611917,-0.029422993603388757
mid,27.292848242135268,274.9183921033229,0.03226981971210735,0.001210993099569292,-0.027962685179470047
mid,27.462045227001777,274.9183921033229,0.03252244524920555,0.001072526971885568,-0.02646423752068599
mid,27.631242211868337,274.9183921033229,0.03272106199747178,0.0009300581515754866,-0.024928995380741413
mid,27.800439196734896,274.9183921033229,0.032862108179773156,0.0007874953677343269,-0.023358422867966317
mid,27.969636181601455,274.9183921033229,0.0329423545270073,0.000648601578781184,-0.021754060327210067
mid,28.138833166467965,274.9183921033229,0.032959044262116204,0.0005169023170114729,-0.020117459913129365
mid,28.308030151334524,274.9183921033229,0.0329100432185323,0.0003955846402022836,-0.018450096701378666
mid,28.477227136201083,274.9183921033229,0.032793997048139796,0.00028738881030596856,-0.016753252515423873
mid,28.646424121067593,274.9183921033229,0.032610491491454126,0.0001944954646194699,-0.015027870297149245
mid,28.815621105934152,274.91839210332296,0.032360210881319434,0.00011841176825317778,-0.013274377836461938
mid,28.98481809080071,274.9183921033229,0.03204508940991184,5.9860611335703535e-05,-0.011492481051234762
mid,29.15401507566727,274.9183921033229,0.03166844921635877,1.8677123405115917e-05,-0.009680928793809124
mid,29.32321206053378,274.9183921033229,0.031235119550098528,-6.28313226753649e-06,-0.007837253316227994
mid,29.492409045400287,274.9183921033229,0.03075153192601411,-1.722046219053766e-05,-0.005957493027138002
mid,29.6616060302669,274.91839210332296,0.030225787532081157,-1.7449126264492895e-05,-0.004035906876870879
mid,29.830803015133405,274.9183921033229,0.029667695797329443,-1.1435631801906543e-05,-0.002064692274157321
mid,29.999999999999964,274.9183921033229,0.029381745547161456,-7.348301651066008e-06,-0.0011085322622102645
outer,-30.000000000000068,298.7730695018225,-1.8258311330316237e-05,-0.000107163369076126,-0.0002492806274051392
outer,-30.000000000000068,298.6058480946258,-6.262498818223716e-05,-9.340819764153347e-05,-0.0002712079468747202
outer,-30.000000000000068,298.68956815628115,-4.027946155708918e-05,-0.00010027575051468013,-0.00026061914239340286
outer,-30.000000000000018,298.52190281823334,-8.526312903211599e-05,-8.658942815879858e-05,-0.0002810482563448346
outer,-29.708261952012435,298.52190281823334,-4.579043497870852e-05,-0.00016951190125345,-0.0003322487197150847
outer,-29.70752503721737,298.6058480946258,-3.2309337672292395e-05,-0.00018549910844081998,-0.0003229000925161767
outer,-29.706787559933932,298.6895681562812,-1.8862956681032404e-05,-0.00020174579440217,-0.0003126140389006191
outer,-29.706049478737864,298.7730695018225,-5.468271167889178e-06,-0.00021822349130418036,-0.00030137872749746205
outer,-29.4165239040248,298.5219028182333,3.758072563703836e-05,-0.0002957414410991383,-0.00032912387831562353
outer,-29.41505007443467,298.60584809462586,3.5478555938958986e-05,-0.00033215702030237114,-0.0003234431217005639
outer,-29.413575119867794,298.68956815628115,3.369801191266983e-05,-0.00036940040287157376,-0.0003165880220419953
outer,-29.41209895747566,298.7730695018225,3.2232455843489406e-05,-0.00040746733409111155,-0.00030853342791164676
outer,-29.124785856037168,298.5219028182333,0.00010504139464128757,-0.0002892665500305299,-0.00014816006459610686
outer,-29.122575111652072,298.6058480946258,9.223935199238403e-05,-0.00034792091314642755,-0.0001513178154975136
outer,-29.12036267980166,298.68956815628115,7.993874868598893e-05,-0.0004080971192890471,-0.00015333277816084148
outer,-29.118148436213456,298.7730695018225,6.812868203830331e-05,-0.0004698292081523108,-0.00015418375340643894
outer,-28.833047808049635,298.52190281823334,0.00013762674789399428,-6.117243705904453e-05,0.00014745110254832752
outer,-28.830100148869374,298.60584809462586,0.00011795306513061505,-0.0001393013302828652,0.00013120286060539461
outer,-28.82715023973552,298.6895681562812,9.896129434321612e-05,-0.0002194667972461919,0.00011585290368845114
outer,-28.824197914951252,298.7730695018225,8.064724122638258e-05,-0.00030171272540087553,0.00010140680820868625
outer,-28.541309760062003,298.52190281823334,0.00014413191329539881,0.0004562212051846221,0.0005090796216798134
outer,-28.537625186086675,298.60584809462586,0.00012066079631940254,0.0003644674976651421,0.00047641497582053395
outer,-28.533937799669385,298.68956815628115,9.807201916751777e-05,0.0002704591586582337,0.00044429997756938443
outer,-28.53024739368905,298.7730695018225,7.63716309053557e-05,0.00017416663056055105,0.0004127267312046865
outer,-28.24957171207437,298.52190281823334,0.000135259199489316,0.0013103637248338673,0.0009046737872761516
outer,-28.24515022330408,298.60584809462586,0.00011010717681469604,0.0012120729790799797,0.000853349226257822
outer,-28.24072535960325,298.6895681562812,8.600275643656135e-05,0.0011115346663333624,0.0008022179427411515
outer,-28.236296872426845,298.77306950182253,6.295471337384518e-05,0.0010087350524973226,0.0007512662056293373
outer,-27.957833664086735,298.5219028182333,0.0001173178733377639,0.0025301433558550966,0.0013150793417824116
outer,-27.95267526052138,298.6058480946258,9.170599411429487e-05,0.002432383968060944,0.0012437969012860615
outer,-27.94751291953711,298.6895681562812,6.72433817835061e-05,0.00233250429249341,0.0011723869289654591
outer,-27.94234635116464,298.7730695018225,4.3935579614888575e-05,0.002230499704527618,0.0011008347095733454
outer,-27.666095616099103,298.52190281823334,9.316828437075549e-05,0.004130450191503231,0.001729366175526968
outer,-27.660200297738683,298.6058480946258,6.77286582053088e-05,0.004039796379300943,0.0016374883955398384
outer,-27.654300479470976,298.68956815628115,4.348882045247934e-05,0.003947211964394641,0.001545203720359342
outer,-27.648395829902437,298.7730695018225,2.045056794231252e-05,0.0038526977226802208,0.0014524980280782476
outer,-27.37435756811157,298.52190281823334,6.404772739469289e-05,0.006117054211883159,0.002141399614084349
outer,-27.367725334955985,298.6058480946258,3.9103188740029216e-05,0.006039528378934629,0.002028702937407219
outer,-27.361088039404837,298.6895681562812,1.5378777874569365e-05,0.0059603008152446,0.0019153559241806744
outer,-27.354445308640233,298.77306950182253,-7.126281679842739e-06,0.005879376424610346,0.0018013455176147041
outer,-27.082619520123938,298.5219028182333,3.055580065024297e-05,0.008490162587422391,0.0025478120364873904
outer,-27.075250372173386,298.6058480946258,6.274366802537686e-06,0.008431289844721213,0.0024143260771985744
outer,-27.067875599338702,298.6895681562812,-1.678382134938372e-05,0.008370971024542616,0.0022799761347081175
outer,-27.06049478737793,298.7730695018225,-3.862139185527736e-05,0.008309214168083586,0.0021447504809118372
outer,-26.790881472136306,298.52190281823334,-6.98330967969802e-06,0.011246654962560117,0.0029468669781930355
outer,-26.782775409390688,298.6058480946258,-3.0517161272928042e-05,0.011211531279720454,0.002792775270065877
outer,-26.774663159272666,298.6895681562812,-5.2835043967159115e-05,0.011175235606499273,0.002637630253740893
outer,-26.766544266115726,298.7730695018225,-7.394100196316932e-05,0.011137778230579602,0.0024814216240867616
outer,-26.499143424148674,298.52190281823334,-4.838717076873205e-05,0.014381473347953897,0.003337804258773008
outer,-26.49030044660799,298.60584809462586,-7.113649119643625e-05,0.014374834065947048,0.003163380835870525
outer,-26.48145071920653,298.6895681562812,-9.26832423312875e-05,0.01436731040117566,0.0029877341588729492
outer,-26.472593744853523,298.7730695018225,-0.00011303250338306776,0.014358914247257052,0.0028108553021639845
outer,-26.207405376161038,298.52190281823334,-9.355179032294499e-05,0.017888508523500768,0.003720450316187898
outer,-26.19782548382539,298.60584809462586,-0.000115507079970773,0.017914793235208858,0.003526018474567149
outer,-26.188238279140393,298.68956815628115,-0.00013627653358008838,0.01794049218481594,0.0033302085224771677
outer,-26.17864322359132,298.77306950182253,-0.00015586594996336387,0.01796561842540569,0.0031330128065678647
outer,-25.91566732817351,298.52190281823334,-0.00014241980912975058,0.021761169681380588,0.004094983594646012
outer,-25.905350521042692,298.60584809462586,-0.0001635880645693595,0.02182458027777951,0.0038808891413251666
outer,-25.895025839074258,298.6895681562812,-0.00018358882223022677,0.021887713709889477,0.0036652731858218567
outer,-25.884692702329115,298.7730695018225,-0.00020242835975782698,0.02195058386971883,0.0034481292099687285
outer,-25.623929280185873,298.5219028182333,-0.00019496569633002843,0.02599274975995798,0.004461792010195677
outer,-25.612875558259994,298.6058480946258,-0.00021536466722369904,0.026097301157019033,0.0042283859266186025
outer,-25.60181339900812,298.6895681562812,-0.00023461504134707212,0.026201893902026506,0.003993323358074284
outer,-25.59074218106691,298.7730695018225,-0.00025272339486848497,0.026306542501104743,0.0037565987622244744
outer,-25.33219123219824,298.5219028182333,-0.00025118935247798665,0.030576658558464663,0.004821384960517322
outer,-25.3204005954774,298.6058480946258,-0.0002708446580560152,0.030726222877671718,0.00456901219461607
outer,-25.308600958941984,298.68956815628115,-0.00028937022992543866,0.030876157598908938,0.004314853772982897
outer,-25.296791659804708,298.7730695018225,-0.0003067728060075249,0.031026477697767015,0.004058904962635846
outer,-25.04045318421061,298.5219028182333,-0.00031111381112860527,0.03550656906954795,0.0051743376875450515
outer,-25.0279256326947,298.6058480946258,-0.00033005763720488253,0.03570491426757756,0.0049033300120994786
outer,-25.01538851887585,298.6895681562812,-0.00034789024172801435,0.035903970615129135,0.0046304110954853124
outer,-25.002841138542504,298.7730695018225,-0.0003646184139462511,0.03610375348626118,0.004355576846899594
outer,-24.748715136222973,298.5219028182333,-0.00037478481735165985,0.040776505330608934,0.005521254793207002
outer,-24.735450669912,298.6058480946258,-0.0003930554761502787,0.04102732923928,0.005231926412962512
outer,-24.72217607880971,298.6895681562812,-0.00041023296291506535,0.04127921829858112,0.0049405628700339215
outer,-24.7088906172803,298.7730695018225,-0.0004263240368701359,0.04153218826746306,0.004647160542542499
outer,-24.456977088235444,298.5219028182333,-0.0004422712220147444,0.04638088929195337,0.005862745019583828
outer,-24.442975707129403,298.6058480946258,-0.00045991320940166197,0.04668784984269933,0.005555390099287516
outer,-24.428963638743575,298.6895681562812,-0.0004764796354876574,0.04699624471541143,0.005245876080289634
outer,-24.414940096018096,298.77306950182253,-0.0004919771752852926,0.04730609008868343,0.004934199635297513
outer,-24.16523904024781,298.5219028182333,-0.0005136655713229646,0.05231455778864594,0.006199402626200445
outer,-24.150500744346704,298.6058480946258,-0.0005307298981499162,0.052681300073856685,0.005874294216837493
outer,-24.135751198677436,298.6895681562812,-0.0005467359707549344,0.05304986324966345,0.0055469012854684595
outer,-24.120989574755892,298.7730695018225,-0.0005616903337275145,0.05342026401158924,0.005217220622497489
outer,-23.873500992260176,298.5219028182333,-0.0005890846386248684,0.05857275657472698,0.0065317926975120965
outer,-23.858025781564006,298.6058480946258,-0.0006056293211664787,0.05900293726723615,0.006189182733278169
outer,-23.8425387586113,298.68956815628115,-0.0006211329715590935,0.05943534534082816,0.005844160039988944
outer,-23.82703905349369,298.7730695018225,-0.0006356019851941237,0.05986999814581965,0.00549672134560612
outer,-23.581762944272544,298.52190281823334,-0.0006686696719264106,0.06515111599007925,0.006860438908133554
outer,-23.565550818781308,298.60584809462586,-0.0006847603951011111,0.06564842546625632,0.0065005590642784605
outer,-23.549326318545162,298.68956815628115,-0.0006998275293323419,0.06614839153326099,0.006138134357972037
outer,-23.533088532231485,298.7730695018225,-0.0007138773171347229,0.06665103238744852,0.005773161272530344
outer,-23.29002489628491,298.5219028182333,-0.0007525864296735012,0.07204561095021675,0.007185812960858361
outer,-23.27307585599871,298.6058480946258,-0.0007682973929002551,0.07261379343304658,0.006808876236953356
outer,-23.256113878479027,298.68956815628115,-0.0007830028223774245,0.07318508750691426,0.006429257589164187
outer,-23.23913801096928,298.7730695018225,-0.0007967088178071728,0.07375951246162825,0.0060469530719249945
outer,-22.99828684829738,298.5219028182333,-0.0008410251575064129,0.07925250739521669,0.007508325339894411
outer,-22.98060089321601,298.6058480946258,-0.0008564401445615745,0.07989537939892191,0.007114528296679638
outer,-22.962901438412892,298.6895681562812,-0.0008708687494726405,0.08054184713411817,0.006717906461920862
outer,-22.945187489707077,298.7730695018225,-0.0008843169654077776,0.08119193127795404,0.00631845527232644
outer,-22.706548800309694,298.5219028182333,-0.0009342004873672607,0.08676829690119969,0.00782831728472454
outer,-22.688125930433312,298.6058480946258,-0.000949414280254305,0.08748976420692677,0.00741784286763018
outer,-22.669688998346803,298.6895681562812,-0.0009636625524903457,0.08821534414318569,0.007004394220304005
outer,-22.651236968444874,298.7730695018225,-0.0009769512483604297,0.08894505912724586,0.00658796596336968
outer,-22.41481075232211,298.52190281823334,-0.0010323516132438974,0.09458962029801543,0.008146053950986939
outer,-22.395650967650667,298.60584809462586,-0.0010474718850924138,0.09539369371448007,0.007719074860324592
outer,-22.376476558280668,298.6895681562812,-0.0010616499618778287,0.09620243334697906,0.00728896486285573
outer,-22.35728644718267,298.77306950182253,-0.0010748918221609692,0.09701586376858855,0.006855717558825011
outer,-22.12307270433448,298.5219028182333,-0.0011357430224701627,0.10271318128069952,0.008461718727132871
outer,-22.10317600486802,298.6058480946258,-0.0011508928393474498,0.10360399152860428,0.008018401317910814
outer,-22.083264118214583,298.6895681562812,-0.0011651271940975455,0.10450006253125868,0.007571788500323397
outer,-22.063335925920466,298.77306950182253,-0.0011784522190771765,0.1054014214965675,0.007121872640768214
outer,-21.831334656346844,298.5219028182333,-0.0012446660420794148,0.11113565060746598,0.008775408605065912
outer,-21.81070104208532,298.60584809462586,-0.0012599872045296022,0.11211746264582863,0.008315917298900247
outer,-21.790051678148448,298.6895681562812,-0.0012744242296622472,0.11310517559355171,0.00785295773336614
outer,-21.769385404658262,298.7730695018225,-0.0012879835690721639,0.11409881984532647,0.0073865208109033485
outer,-21.539596608359314,298.52190281823334,-0.0013594418690251533,0.11985356073700534,0.009087130319958371
outer,-21.51822607930272,298.60584809462586,-0.001375099332181301,0.12093078794815601,0.00861163252246655
outer,-21.49683923808231,298.6895681562812,-0.001389910064164189,0.12201460698613684,0.008132484783296548
outer,-21.47543488339606,298.77306950182253,-0.0014038810575031924,0.12310505207124106,0.007649676288250657
outer,-21.24785856037168,298.52190281823334,-0.0014804266651762751,0.12886319022559883,0.009396796756656833
outer,-21.225751116520023,298.60584809462586,-0.00149661431205151,0.13004040893866906,0.008905468298352585
outer,-21.20362679801612,298.68956815628127,-0.00151200059057114,0.13122496691158309,0.008410298921217637
outer,-21.181484362133855,298.77306950182253,-0.001526593322997906,0.13241690293745476,0.0079112758082234
outer,-20.956120512384047,298.52190281823334,-0.0016080195492494398,0.1381604362495457,0.009704222719025019
outer,-20.933276153737324,298.6058480946258,-0.0016249676420735104,0.13944240109556966,0.009197253859675493
outer,-20.910414357949985,298.6895681562812,-0.001641170037669712,0.14073251567414755,0.008686243339271586
outer,-20.88753384087165,298.77306950182253,-0.0016566357624847247,0.14203082423349225,0.008171176008529311
outer,-20.664382464396414,298.5219028182334,-0.0017426745337664196,0.14774067196182258,0.010009118681600197
outer,-20.640801190954626,298.60584809462586,-0.001760659194862152,0.1491323325568441,0.009486720740405387
outer,-20.6172019178839,298.6895681562812,-0.0017779670746913903,0.1505330238999529,0.008960070134727945
outer,-20.593583319609397,298.7730695018225,-0.0017946088924881698,0.1519427967412646,0.008429148997422961
outer,-20.37264441640878,298.52190281823334,-0.0018849178142906833,0.15759858337160787,0.010311080470197548
outer,-20.348326228171977,298.6058480946259,-0.0019042728966267158,0.159105102753749,0.009773493180683414
outer,-20.32398947781776,298.6895681562812,-0.001923036998651706,0.16062161317982443,0.009231431431077831
outer,-20.299632798347194,298.77306950182253,-0.0019412231592081733,0.16214817316377308,0.008684874175614699
outer,-20.080906368421196,298.52190281823334,-0.0020353719914655566,0.16772797772264553,0.01060957196931809
outer,-20.05585126538933,298.60584809462586,-0.0020565036654881866,0.16935475280225196,0.010057071713423238
outer,-20.030777037751626,298.6895681562812,-0.002077151506476589,0.17099256878300595,0.009499863846058068
outer,-20.00568227708504,298.7730695018225,-0.002097331652764392,0.17264149349533442,0.008937923594033725
outer,-19.789168320433564,298.52190281823334,-0.002194788959298588,0.17812155160955845,0.010903896850720407
outer,-19.76337630260663,298.60584809462586,-0.0022181932677774463,0.1798742355581625,0.010336805989439625
outer,-19.73756459768549,298.6895681562812,-0.0022412476210601287,0.1816391120063332,0.009764762449886256
outer,-19.711731755822786,298.77306950182253,-0.002263972216675035,0.18341626002905712,0.009187737078458914
outer,-19.497430272445982,298.5219028182334,-0.0023640937311722246,0.18877060214003008,0.01119315392623682
outer,-19.470901339824035,298.60584809462586,-0.002390377231469454,0.1906551281005237,0.01061185152035378
outer,-19.444352157619353,298.6895681562812,-0.0024164777581910657,0.1925531143644515,0.010025338980513901
outer,-19.417781234560582,298.77306950182253,-0.0024424207432765105,0.19446465364901655,0.009433582000066151
outer,-19.20569222445835,298.52190281823334,-0.0025444414227619033,0.1996646583453148,0.01147616908921198
outer,-19.178426377041337,298.60584809462586,-0.0025743447937273956,0.2016872630265593,0.010881103414825045
outer,-19.151139717553217,298.6895681562812,-0.0026042726735821878,0.20372472913345444,0.010280557510745622
outer,-19.123830713298428,298.77306950182253,-0.0026342571156613495,0.20577716603762095,0.009674491026141686
outer,-18.913954176470714,298.52190281823334,-0.002737289790571404,0.21079100228489134,0.011751394771620863
outer,-18.88595141425864,298.6058480946259,-0.0027717139303270813,0.21295824679755548,0.0111430981664766
outer,-18.85792727748708,298.6895681562812,-0.002806418912581654,0.21514190727069663,0.010529038801619081
outer,-18.829880192036224,298.77306950182253,-0.0028414450098789915,0.21734211351078217,0.009909169284446705
outer,-18.622216128483185,298.5219028182333,-0.0029444895924791784,0.22213403956250577,0.012016765526874952
outer,-18.59347645147599,298.60584809462586,-0.00298452325971843,0.22445282315822856,0.011395872269151168
outer,-18.564714837421047,298.6895681562812,-0.0030251520535514026,0.22678975395644715,0.010768922315521318
outer,-18.53592967077402,298.77306950182253,-0.003066426265957413,0.22914498690672586,0.010135860159692159
outer,-18.3304780804955,298.5219028182334,-0.0031683946023975534,0.23367446730837504,0.012269495670695407
outer,-18.30100148869334,298.60584809462586,-0.003215342002756784,0.23615202740225436,0.011636763809812482
outer,-18.27150239735486,298.6895681562812,-0.0032632662668220444,0.23864966911728597,0.010997672288419302
outer,-18.241979149511767,298.77306950182253,-0.003312229640163457,0.24116757838027708,0.010352156414616204
outer,-18.038740032507917,298.5219028182334,-0.0034119925942056803,0.24538817354538914,0.012505801872619335
outer,-18.008526525910643,298.6058480946259,-0.0034673985298937574,0.24803206234709305,0.011862140202618693
outer,-17.97828995728872,298.6895681562812,-0.00352423982491705,0.2506981996641199,0.011211811360679579
outer,-17.948028628249613,298.77306950182253,-0.0035825926578835626,0.2533868095389036,0.010554740518880626
outer,-17.747001984520285,298.5219028182334,-0.0036790574874677323,0.2572447851737423,0.01272053033880384
outer,-17.716051563127994,298.6058480946259,-0.0037447266958447883,0.2600628093677991,0.01206703203791118
outer,-17.685077517222634,298.6895681562812,-0.0038123747833092997,0.262905512671599,0.011406562134482122
outer,-17.65407810698736,298.7730695018226,-0.0038820937357201338,0.2657731658539051,0.010739035029377612
outer,-17.455263936532653,298.5219028182334,-0.003974321399861022,0.2692057622182717,0.012906664710298305
outer,-17.42357660034535,298.6058480946259,-0.004052327608802246,0.2722058671466912,0.012244649600663494
outer,-17.39186507715645,298.6895681562812,-0.004132947283360507,0.2752333769999119,0.011575373713305276
outer,-17.360127585725206,298.77306950182253,-0.004216289779460321,0.2782886194677102,0.010898740650869349
outer,-17.16352588854507,298.5219028182334,-0.004303663634769868,0.28122191342340713,0.013054687018194205
outer,-17.131101637562647,298.6058480946259,-0.0043963426041871145,0.2844119871032913,0.012385754911169375
outer,-17.09865263709031,298.6895681562812,-0.00449236297619722,0.2876325158940325,0.011709306682021303
outer,-17.066177064462952,298.7730695018226,-0.004591852462100164,0.29088389619839006,0.011025236128328869
outer,-16.871787840557435,298.5219028182334,-0.004674311485502083,0.29323018232386894,0.013151760136870416
outer,-16.83862667477995,298.60584809462586,-0.004784231041186124,0.2966177470734992,0.012477858345965015
outer,-16.805440197024225,298.6895681562812,-0.004898309904013992,0.30003916423553084,0.011796246297094984
outer,-16.7722265432007,298.77306950182265,-0.005016694190786028,0.3034949122043375,0.01110681057157957
outer,-16.580049792569852,298.52190281823334,-0.005095045638691585,0.3051495231636491,0.013180695922196034
outer,-16.546151711997304,298.6058480946259,-0.005224944427445637,0.3087412735226459,0.012504204755962534
outer,-16.512227756958037,298.6895681562812,-0.005359899002345556,0.3123706313035975,0.011819909651005739
outer,-16.478276021938495,298.7730695018226,-0.005500072579628618,0.3160381713286792,0.011127694933835433
outer,-16.28831174458222,298.5219028182334,-0.0055764009196969735,0.3168756522517491,0.013118668360100491
outer,-16.253676749214655,298.6058480946259,-0.005729086439698078,0.32067678700447766,0.012442509221590306
outer,-16.21901531689195,298.68956815628127,-0.005887780717323557,0.32451963232667247,0.011758607885238817
outer,-16.18432550067629,298.7730695018226,-0.006052660909299311,0.32840487444835953,0.011066854781427382
outer,-15.996573696594586,298.5219028182334,-0.00613085189823466,0.3282744207840732,0.012935625040651794
outer,-15.961201786431955,298.6058480946259,-0.006309047564295608,0.33228770369610494,0.012263396611352242
outer,-15.925802876825815,298.68956815628127,-0.00649422565427725,0.33634710794756406,0.011583718613793523
outer,-15.890374979414087,298.7730695018226,-0.006686571677334142,0.3404534457207405,0.010896500671490589
outer,-15.704835648607004,298.5219028182334,-0.006772973279369307,0.339173508185152,0.012592341748117408
outer,-15.668726823649308,298.6058480946259,-0.006979103824895645,0.3433979761762876,0.011928490515899948
outer,-15.63259043675968,298.6895681562812,-0.007193158298346346,0.3476731982197294,0.01125781508524834
outer,-15.596424458151883,298.7730695018226,-0.007415321912780028,0.3520001250833459,0.010580263802787024
outer,-15.413097600619421,298.5219028182334,-0.0075195676712199525,0.34935207722433487,0.012038051706699984
outer,-15.37625186086666,298.6058480946259,-0.007755472375978824,0.35378129491077037,0.011388083623532663
outer,-15.339377996693543,298.68956815628127,-0.008000136934250557,0.35826597181949743,0.010732384867814707
outer,-15.30247393688968,298.77306950182253,-0.008253733872970709,0.3628072059125862,0.010070970657774028
outer,-15.12135955263179,298.5219028182334,-0.008389760261262563,0.35852795631105105,0.011207559050952678
outer,-15.083776898084013,298.6058480946259,-0.00865632471118695,0.36314769014894055,0.010578298948068304
outer,-15.046165556627457,298.6895681562812,-0.008932281794700653,0.36782742320423945,0.009945047568039003
outer,-15.008523415627527,298.77306950182253,-0.009217774454314674,0.3725684023149792,0.009307926548407841
outer,-14.829621504644207,298.52190281823334,-0.009405073549356921,0.3663418096114403,0.010017707893368186
outer,-14.791301935301364,298.6058480946259,-0.009701773220356355,0.37112695982533456,0.009417611672654147
outer,-14.75295311656132,298.68956815628127,-0.01000816980699832,0.3759761262792959,0.008816140094974334
outer,-14.714572894365324,298.7730695018226,-0.010324354395320201,0.3808906954656213,0.0082135757472733
outer,-14.537883456656726,298.5219028182334,-0.010589517817031296,0.3723376027348556,0.008363010948217897
outer,-14.498826972518767,298.60584809462586,-0.010913871620611103,0.37724818014065603,0.007802530966050755
outer,-14.459740676495336,298.68956815628127,-0.011247741537600664,0.3822257466109361,0.007244464711282886
outer,-14.420622373103221,298.7730695018226,-0.011591138088899104,0.3872718026895798,0.0066893299382142085
outer,-14.246145408669499,298.5219028182334,-0.011969769599821684,0.3759384369870194,0.006110120696110749
outer,-14.206352009736527,298.6058480946259,-0.012316710747097719,0.38091429208522715,0.0056021138875402
outer,-14.166528236429606,298.6895681562812,-0.012672311348657574,0.3859583193404629,0.005101861770511501
outer,-14.126671851841476,298.7730695018226,-0.013036464762480098,0.39107208358446904,0.004610217574847877
outer,-13.954407360683494,298.5219028182334,-0.01357555789315601,0.37641645589967865,0.003090606555523817
outer,-13.913877046955458,298.6058480946259,-0.013936746363024086,0.381370335680603,0.0026507507855600965
outer,-13.873315796365098,298.68956815628127,-0.01430483530739261,0.38639072013092235,0.002226023247475839
outer,-13.83272133058085,298.77306950182265,-0.014679554312382326,0.39147915260493893,0.0018177481639682913
outer,-13.66266931270156,298.5219028182334,-0.015440439768808135,0.37285493739751385,-0.0009089090240040065
outer,-13.62140208417851,298.6058480946259,-0.01580357663210754,0.37766321414557324,-0.0012617788670604285
outer,-13.580103356304711,298.68956815628127,-0.016170694269905177,0.3825319537867933,-0.0015895077956650239
outer,-13.538770809324447,298.7730695018226,-0.01654129881901012,0.38746253639986006,-0.001890116181436488
outer,-13.370931264733978,298.5219028182334,-0.017603028722676044,0.3640997992246661,-0.0061609600578321905
outer,-13.328927121416013,298.6058480946259,-0.0179512929914135,0.36858979841072714,-0.006404805318135934
outer,-13.286890916258828,298.68956815628127,-0.01829918631279317,0.37312759620086633,-0.006610100399521854
outer,-13.244820288082549,298.7730695018226,-0.01864591527215685,0.3777141724042711,-0.006773955386677577
outer,-13.07919321681479,298.5219028182334,-0.020108464895336443,0.34869647544782834,-0.013019044579977296
outer,-13.036452158702065,298.6058480946259,-0.020420366403065934,0.35262854057453336,-0.01312937498851291
outer,-12.99367847626185,298.6895681562812,-0.02072590623180668,0.356585630717967,-0.01318343357685034
outer,-12.950869766889808,298.7730695018226,-0.021023900609186203,0.3605679048097108,-0.013177059896163662
outer,-12.787455169053663,298.52190281823334,-0.023004386670681665,0.32480820836769153,-0.02195261126138482
outer,-12.743977196147043,298.6058480946259,-0.023254189807367473,0.32784936358626426,-0.021905221661156216
outer,-12.70046603642451,298.6895681562812,-0.02349009623521298,0.33087682154825526,-0.021778538859412236
outer,-12.656919245857623,298.77306950182253,-0.02371047518555442,0.3338890617827017,-0.021566615100012038
outer,-12.495717121795877,298.5219028182334,-0.02631817882389262,0.29011588642993436,-0.0336068486404208
outer,-12.45150223409801,298.60584809462586,-0.02647698776862257,0.291800729107533,-0.03338571417985286
outer,-12.407253597095805,298.6895681562812,-0.026614007083102437,0.2934066977416288,-0.03305647986434351
outer,-12.362968725336666,298.77306950182253,-0.026727475832812975,0.2949284902233371,-0.03261075283436613
outer,-12.20397907608308,298.5219028182334,-0.02976644650743248,0.2417676416650182,-0.04886592434336641
outer,-12.159027273602002,298.60584809462586,-0.029770770611328,0.2414535054463636,-0.048477309102760685
outer,-12.114041159328165,298.6895681562812,-0.02974397146573823,0.24095231986077847,-0.04794713083710148
outer,-12.069018206384765,298.77306950182253,-0.02968500191484677,0.24025036554235873,-0.047264066248601244
outer,-11.912241035005035,298.5219028182334,-0.04544619575884806,0.17365719311507877,-0.07152994496107329
outer,-11.86655231776487,298.6058480946259,-0.04696611676890039,0.17007716507586634,-0.07140482487654552
outer,-11.820828726243525,298.6895681562812,-0.04869138014666513,0.16607916730249428,-0.07115925192724792
outer,-11.775067692140036,298.77306950182265,-0.05065705027290067,0.16162537757519307,-0.07078725991141134
outer,-11.62050300733677,298.5219028182334,-0.11731733783321287,0.0778036803857975,-0.11032188064413187
outer,-11.574077375407136,298.6058480946259,-0.12656501166514075,0.06916689246274277,-0.11169311495426903
outer,-11.527616306708047,298.6895681562812,-0.13689265812283055,0.05975374217531874,-0.11308567449071505
outer,-11.481117191514288,298.7730695018226,-0.14842494302527898,0.04949731414129237,-0.11451005000037329
outer,-11.328765017380011,298.5219028182334,-0.2753041429826769,-0.03416428127113534,-0.1647094315689122
outer,-11.281602470957083,298.6058480946259,-0.2968382646820901,-0.04706683296944192,-0.1677276791182487
outer,-11.234403925276428,298.6895681562812,-0.3201132815240738,-0.06078908210689201,-0.1707856214828439
outer,-11.187166729188831,298.77306950182253,-0.34522347869697073,-0.07536491949806826,-0.17387976412349965
outer,-11.037027130480805,298.52190281823334,-0.48492424382822247,-0.13189840526499305,-0.21661069698166047
outer,-10.98912767010029,298.6058480946259,-0.5148146518873038,-0.14551619448794878,-0.2191719137101561
outer,-10.941191647974337,298.6895681562812,-0.5459866087080127,-0.15962655712268564,-0.22152094479576145
outer,-10.893216371529476,298.77306950182253,-0.5783862610644789,-0.17422043914419666,-0.22362516366670498
outer,-10.745289515347988,298.52190281823334,-0.6926025017333111,-0.2022923558515933,-0.24965357508761865
outer,-10.696653142422916,298.6058480946259,-0.7241737393328131,-0.21492768500854495,-0.24986335561686812
outer,-10.647979645265716,298.68956815628115,-0.7561937102857968,-0.22792977464163672,-0.2496682937497521
outer,-10.599266289878807,298.77306950182253,-0.788559098732704,-0.2413138397000979,-0.249053929179058
outer,-10.453552600771676,298.5219028182334,-0.8749863449340788,-0.2560357639394815,-0.26300636073401173
outer,-10.404179318944319,298.6058480946259,-0.9047728331418761,-0.2685901352163266,-0.2609040405676546
outer,-10.354768350400937,298.6895681562812,-0.9344869657985243,-0.2816138017387554,-0.25847220596506015
outer,-10.305316919720054,298.7730695018225,-0.9640458528066297,-0.2951272505377058,-0.2557402165105162
outer,-10.16181742490502,298.5219028182334,-1.031234424548307,-0.305135404380523,-0.2645999357060075
outer,-10.111707243215122,298.60584809462586,-1.058113329007113,-0.31835090554645346,-0.26132111149558646
outer,-10.061558812332228,298.6895681562812,-1.0845932113621104,-0.33199284511114485,-0.257935103342832
outer,-10.011369315411416,298.77306950182253,-1.110591278205002,-0.3460254739824958,-0.2544945919531657
outer,-9.87008645028159,298.5219028182334,-1.1642237969923213,-0.3523096789679251,-0.2618022677416148
outer,-9.819239390571981,298.6058480946259,-1.1876313627357213,-0.36570043496629495,-0.2584220963032435
outer,-9.768353519209043,298.68956815628115,-1.2103824945477137,-0.3792514145335847,-0.2551378520403284
outer,-9.717425977925684,298.77306950182253,-1.232400481188968,-0.39287427860469276,-0.2519952702410576
outer,-9.578365316728325,298.5219028182333,-1.2764319534607462,-0.3952459904034216,-0.25866658890503513
outer,-9.526781430164002,298.6058480946258,-1.2962194889564487,-0.40786687838262026,-0.25577500310734425
outer,-9.47515816952505,298.6895681562812,-1.3152382634802733,-0.42034901741079767,-0.25308344911149117
outer,-9.423492635125209,298.7730695018225,-1.3334540276284796,-0.4326071511003156,-0.25061231376970977
outer,-9.286666452787612,298.52190281823334,-1.3712597191766152,-0.43180568946601655,-0.25656199466470125
outer,-9.2343458551513,298.60584809462586,-1.3878722366582543,-0.4430559109973288,-0.2542862774647231
outer,-9.181985321107401,298.6895681562812,-1.4037929398183793,-0.4540043341220782,-0.25221398414788526
outer,-9.129581909557002,298.77306950182253,-1.419042335616011,-0.46461111584596415,-0.250340580267845
outer,-8.995016793676417,298.52190281823334,-1.4529981050023943,-0.46169110997360074,-0.25535328244921973
outer,-8.941959740790562,298.60584809462586,-1.4672747196265095,-0.47151467804165453,-0.25355087266572085
outer,-8.888862189359372,298.6895681562812,-1.4810519044553505,-0.48102978564549154,-0.2519004960152696
outer,-8.83572115688563,298.77306950182253,-1.4943796067347397,-0.4902395504838635,-0.25038618771985743
outer,-8.703471654388773,298.5219028182333,-1.525730107315589,-0.485924917669429,-0.2544006196058209
outer,-8.649678689665544,298.6058480946258,-1.538522813553725,-0.4945883659856815,-0.25286453860784736
outer,-8.59584466467428,298.6895681562812,-1.5510091429997137,-0.5030128327405654,-0.2514239495612727
outer,-8.541966555549742,298.77306950182253,-1.5632351053516607,-0.5112172978013806,-0.25006418945207703
outer,-8.412142551064132,298.5219028182333,-1.5924754407006507,-0.5058304085382925,-0.2531467599805177
outer,-8.357614797703032,298.6058480946258,-1.6043970230559423,-0.5136399764408383,-0.251721886555673
outer,-8.303045423208369,298.68956815628115,-1.616141063397815,-0.5212790084742673,-0.2503545972952722
outer,-8.248431362410289,298.77306950182253,-1.627735002330784,-0.5287626123934878,-0.249036032407083
outer,-8.121244673699838,298.5219028182333,-1.6550456076482136,-0.5224273774256271,-0.2512921322407822
outer,-8.065984373701491,298.60584809462574,-1.6664392942508437,-0.5295957049789644,-0.2498955476324807
outer,-8.010681893415398,298.6895681562812,-1.6777200749403598,-0.5366344223729221,-0.24853712914983206
outer,-7.955334126493089,298.7730695018225,-1.6889001365020924,-0.5435509883037289,-0.2472124521336872
outer,-7.831175361525723,298.52190281823334,-1.714360216391405,-0.5363464408366966,-0.24874408314295338
outer,-7.775186822709828,298.60584809462586,-1.7253892635059795,-0.5429948590314948,-0.24734057218185299
outer,-7.719155547740136,298.6895681562812,-1.7363323645997295,-0.5495338811378365,-0.24596600372865138
outer,-7.663078389331688,298.7730695018225,-1.7471942067401414,-0.5559666410155331,-0.2446179651933738
outer,-7.542644151342762,298.52190281823334,-1.7708094463906898,-0.5479701699804156,-0.24552045624101956
outer,-7.485935370504316,298.60584809462586,-1.7815472553003349,-0.5541718472654397,-0.24409610894078076
outer,-7.429183303749941,298.6895681562812,-1.7922096746747338,-0.5602753608171792,-0.24269530278475013
outer,-7.372384763307843,298.7730695018225,-1.8027986351745575,-0.5662823974270542,-0.2413162468625854
outer,-7.2568315105459655,298.5219028182333,-1.8244650583493844,-0.5575656908370025,-0.24168439047387655
outer,-7.199416621885451,298.6058480946258,-1.8349440339165974,-0.5633756443537962,-0.2402316915615147
outer,-7.141957908335773,298.68956815628115,-1.8453515893380505,-0.5690958560870756,-0.2387980536401259
outer,-7.084452142432427,298.7730695018225,-1.8556886798722532,-0.5747276896803472,-0.23738180220744415
outer,-6.975574597055891,298.5219028182333,-1.8751650137973155,-0.5653506101728258,-0.23731605956080815
outer,-6.917477286400197,298.6058480946258,-1.8853957876613763,-0.5708173707579812,-0.23582783360813447
outer,-6.859335629961344,298.68956815628115,-1.8955560599439374,-0.5762020319610661,-0.2343541629939995
outer,-6.801146361913828,298.7730695018225,-1.9056463989670323,-0.5815059697852833,-0.23289335176548084
outer,-6.701466758061531,298.52190281823334,-1.9225693029545827,-0.5715204857185779,-0.23250716815141037
outer,-6.642724194391306,298.6058480946258,-1.9325490547816953,-0.576688922880873,-0.23097510685406342
outer,-6.5839367924151375,298.6895681562811,-1.9424576668623994,-0.5817826959421414,-0.22945294638289615
outer,-6.525101250035966,298.7730695018224,-1.9522955728481863,-0.5868033403195078,-0.22793896355264792
outer,-6.437756763301255,298.5219028182333,-1.9662629398541716,-0.5762718478042206,-0.2273681573390629
outer,-6.378423006379235,298.6058480946258,-1.9759819571147885,-0.5811835584181707,-0.22578378890459522
outer,-6.319043959892442,298.6895681562812,-1.9856285066008548,-0.5860279875805527,-0.2242047685812949
outer,-6.25961628851094,298.7730695018225,-1.995202993549264,-0.5908069074505018,-0.22262940399039682
outer,-6.187822331310555,298.5219028182333,-2.005903733811928,-0.5798210553490244,-0.22203143482189414
outer,-6.127969002103553,298.60584809462586,-2.0153518140506725,-0.5845144122848004,-0.22038818142805736
outer,-6.06806998674124,298.6895681562812,-2.024725892872918,-0.589147749196385,-0.21874621210622985
outer,-6.008121920687029,298.7730695018225,-2.0340263477740623,-0.5937230776059298,-0.21710395225624926
outer,-5.954508337268054,298.52190281823334,-2.0413546129808036,-0.5824086040716118,-0.2166441221759339
outer,-5.894221847623791,298.6058480946258,-2.050525997896254,-0.586918691037655,-0.2149391098933225
outer,-5.833889341192072,298.6895681562812,-2.0596218182351826,-0.5913756579031649,-0.21323213875168986
outer,-5.773507429087,298.7730695018225,-2.0686423567795758,-0.5957816794572677,-0.21152183969355443
outer,-5.739450050080925,298.52190281823334,-2.0727335048635096,-0.5842778696586698,-0.21134428778277467
outer,-5.678825313825751,298.6058480946258,-2.081628887166772,-0.5886360115099109,-0.2095789000554213
outer,-5.618154302598822,298.6895681562812,-2.090447097874229,-0.592947241727115,-0.20780929650399618
outer,-5.557433608500477,298.77306950182253,-2.099188231914347,-0.5972137573211233,-0.20603438243179656
outer,-5.542918492991113,298.5219028182333,-2.1003594880325407,-0.5856403424376644,-0.206238081322064
outer,-5.482051833036947,298.60584809462586,-2.108985131210198,-0.5898732851456643,-0.20441720303945302
outer,-5.421138713450261,298.6895681562812,-2.1175318831107672,-0.5940645236262546,-0.20259082134024187
outer,-5.364099635296533,298.52190281823334,-2.1246685585188736,-0.5866598615006724,-0.20139206825728848
outer,-5.360175712732053,298.7730695018225,-2.125999569063996,-0.5982161029588571,-0.20075815451048917
outer,-5.303083142302371,298.6058480946258,-2.1330341486926585,-0.5907892551472546,-0.19952269979876208
outer,-5.242020075307828,298.6895681562812,-2.1413189868412514,-0.594880955752559,-0.19764736352209428
outer,-5.201325867208467,298.52190281823334,-2.146125423143438,-0.5874457519143148,-0.19682983373683097
outer,-5.180907004391437,298.7730695018225,-2.1495225835360094,-0.5989366879771619,-0.1957655950410261
outer,-5.140242961710249,298.6058480946258,-2.1542418913920334,-0.5914881645843554,-0.19491968519465666
outer,-5.0791134315188495,298.6895681562812,-2.162275645392571,-0.5954956565585316,-0.19300371990665713
outer,-5.052771724748447,298.52190281823334,-2.165155981494804,-0.5880635696570697,-0.1925499464378536
outer,-5.017933842979493,298.7730695018225,-2.170225882572871,-0.5994695021796241,-0.19108176292892531
outer,-4.991696336454172,298.6058480946258,-2.1730341239964783,-0.5920310995848816,-0.19060650434826565
outer,-4.930574329204588,298.68956815628115,-2.180827587284941,-0.5959653392956796,-0.18865779803541752
outer,-4.916649641583125,298.5219028182333,-2.1821382788912955,-0.5885565714371302,-0.18853791057389213
outer,-4.869402269767553,298.77306950182253,-2.188535303046573,-0.599867041727466,-0.18670388883748004
outer,-4.855646406407804,298.6058480946258,-2.1897882840549303,-0.5924579005544286,-0.18656795192240908
outer,-4.794596607351814,298.68956815628115,-2.197351771144729,-0.59632662152369,-0.18459349478816867
outer,-4.791175701691986,298.52190281823334,-2.197394222145495,-0.5889500995479318,-0.18476755766395023
outer,-4.733496815238904,298.7730695018226,-2.2048274901058185,-0.6001629583902273,-0.1826147681028137
outer,-4.730299980736095,298.6058480946258,-2.204825503607871,-0.5927914521000727,-0.18277691555474893
outer,-4.674930811677063,298.52190281823334,-2.2111888945036187,-0.5892612593361743,-0.18121502623237531
outer,-4.669377793231426,298.6895681562812,-2.2121686889474765,-0.5966001733715001,-0.18078260587821904
outer,-4.614230587987568,298.60584809462586,-2.2184101825580393,-0.5930472226057124,-0.17920861336068472
outer,-4.608405717169633,298.77306950182253,-2.2194224531447553,-0.60037600702539,-0.1787849509399518
outer,-4.566577497167207,298.52190281823334,-2.2237381745896423,-0.5895010853096506,-0.17785360248289317
outer,-4.553484031706575,298.6895681562812,-2.2255421740187646,-0.5968000738404048,-0.17719932194970806
outer,-4.506093800085294,298.6058480946258,-2.2307576995293807,-0.5932352647519847,-0.17583547146215725
outer,-4.492687730691106,298.7730695018225,-2.232583581559139,-0.6005191651707363,-0.17518749598614214
outer,-4.465199910010433,298.5219028182333,-2.235218952978765,-0.5896805132122864,-0.17466549304400666
outer,-4.445563935687143,298.68956815628115,-2.2376871880904137,-0.5969356172132096,-0.17381513794232392
outer,-4.404969007262209,298.6058480946258,-2.242044574707135,-0.5933659555020158,-0.17263899635445962
outer,-4.384984504001223,298.7730695018225,-2.2445254925487004,-0.600601214183516,-0.17179290416163456
outer,-4.3697658762583815,298.52190281823334,-2.2457841620040226,-0.5898080936384031,-0.17162731826032046
outer,-4.344692130156046,298.6895681562812,-2.248779920259766,-0.5970168027227213,-0.17061081816763646
outer,-4.309818669161408,298.60584809462586,-2.25242339007814,-0.5934475529312203,-0.1695951629107148
outer,-4.284365892930876,298.77306950182253,-2.255424061426095,-0.6006319628263477,-0.1685811677671816
outer,-4.279557859466068,298.52190281823334,-2.2555569905712174,-0.5898901138230173,-0.16872230203957517
outer,-4.249825704251939,298.6895681562812,-2.2589725995355474,-0.5970517305192017,-0.16756167347444356
outer,-4.21992151877143,298.60584809462586,-2.2620170024186246,-0.5934861869871237,-0.16668669245618944
outer,-4.193910800182199,298.52190281823334,-2.2646356886332693,-0.5899316470049345,-0.1659343253474054
outer,-4.189783611716261,298.77306950182253,-2.2654311339587925,-0.6006194816009862,-0.16552692942896455
outer,-4.160239657549197,298.6895681562812,-2.268387719564688,-0.5970464670686068,-0.1646499224388221
outer,-4.134609038909205,298.60584809462586,-2.2709233955907036,-0.5934868943239605,-0.1638970567854479
outer,-4.112427705395073,298.52190281823334,-2.2731047408373333,-0.589939786769887,-0.16325471389131316
outer,-4.100508923460386,298.7730695018225,-2.274668781047757,-0.6005698523747013,-0.16261191954957976
outer,-4.075262012493721,298.6895681562812,-2.277122942272681,-0.5970060671655381,-0.16185863996315075
outer,-4.053482172544002,298.60584809462586,-2.2792267587038353,-0.5934567479140604,-0.16121728587496348
outer,-4.034463904566919,298.5219028182334,-2.2810376317126755,-0.5899180267417062,-0.16066646581651084
outer,-4.015866387404378,298.7730695018225,-2.2832342598978754,-0.6004881823742156,-0.15981884210696
outer,-3.9944916464602356,298.6895681562812,-2.2852620901138003,-0.5969376058171134,-0.15917858079182035
outer,-3.9758928974109558,298.60584809462586,-2.287000226606147,-0.5933992245988553,-0.1586300861552917
outer,-3.959831030791155,298.5219028182334,-2.2884917290432356,-0.5898712292442617,-0.1581655617090015
outer,-3.9354528136371227,298.77306950182253,-2.2912109334319206,-0.600381549413122,-0.15713820880835172
outer,-3.91727718289844,298.6895681562812,-2.2928778689830493,-0.5968445410829833,-0.1565921846819124
outer,-3.901651867259199,298.60584809462586,-2.294300838315278,-0.5933191524873123,-0.15613128411557664
outer,-3.888051992648944,298.52190281823334,-2.295521987978283,-0.589803330772255,-0.15573943870004525
outer,-3.858613468576008,298.77306950182253,-2.2986709831146217,-0.6002533693806843,-0.15455222677064367
outer,-3.8434282954656247,298.6895681562812,-2.3000269120559476,-0.5967316491383944,-0.1540951510413981
outer,-3.830279510208577,298.60584809462586,-2.3011831592297294,-0.593220414419848,-0.1537081370912004
outer,-3.818877915085559,298.52190281823334,-2.302172062690297,-0.5897169587379864,-0.1533814507933924
outer,-3.785157044983708,298.77306950182253,-2.3056705496961705,-0.6001083302451294,-0.15205650176259253
outer,-3.7724629299269994,298.6895681562812,-2.3067633239651806,-0.5966027314556515,-0.15167458403906592
outer,-3.7615256572701945,298.60584809462586,-2.3076904655988857,-0.5931055576956809,-0.15135389675191402
outer,-3.7520775458560713,298.5219028182334,-2.3084781998079977,-0.5896151735761691,-0.15108574695014726
outer,-3.7145990042383463,298.77306950182253,-2.3122632036742568,-0.5999501102149964,-0.1496380154249152
outer,-3.7041296223718456,298.6895681562812,-2.3131299418381803,-0.5964602219625051,-0.14932365779084134
outer,-3.6951578538882828,298.6058480946259,-2.3138586553225866,-0.5929775605252005,-0.1490626381893747
outer,-3.687436858340733,298.52190281823334,-2.314472855377945,-0.5895005901237788,-0.14884675656997273
outer,-3.6466865864467555,298.77306950182253,-2.318491283817791,-0.5997809855608811,-0.14728989077641425
outer,-3.6381947150157767,298.6895681562812,-2.3191622661936835,-0.596306982301279,-0.14703639586038128
outer,-3.630960960690417,298.60584809462586,-2.3197198336670604,-0.5928389347021443,-0.1468287359321121
outer,-3.6247585155261985,298.5219028182334,-2.3201850353267477,-0.5893754322548952,-0.14665922260235115
outer,-3.581184929610671,298.7730695018226,-2.324389850282235,-0.5996036595970925,-0.14500612209400285
outer,-3.5744419548844055,298.6895681562812,-2.3248920146554286,-0.596145387663656,-0.14480713663728373
outer,-3.56873661468206,298.60584809462586,-2.325302664929524,-0.5926917866271059,-0.14464689237851114
outer,-3.5638612282617506,298.5219028182333,-2.3256404310884466,-0.5892415510817945,-0.14451822429469252
outer,-3.517876666241815,298.77306950182253,-2.3299902035049516,-0.5994203327575135,-0.14278102874871773
outer,-3.512671952218925,298.6895681562812,-2.3303474835595535,-0.5959773958147085,-0.1426305567709054
outer,-3.508302584166462,298.6058480946259,-2.3306325171366478,-0.5925378416621632,-0.14251215696240882
outer,-3.504586086593428,298.5219028182334,-2.3308577941462887,-0.5890998714148225,-0.14241949157742828
outer,-3.4565613789762737,298.77306950182253,-2.335320253380483,-0.5992327807832101,-0.1406092738459971
outer,-3.452701532056782,298.68956815628115,-2.335553700113812,-0.5958045785785543,-0.14050168689571726
outer,-3.449499132995701,298.60584809462586,-2.335727872792978,-0.592377904624877,-0.14042024692100163
outer,-3.4469368893925365,298.52190281823334,-2.3358542765911783,-0.5889530049476461,-0.14036390469433155
outer,-3.3970549488134516,298.7730695018226,-2.3404046766792557,-0.599042393920622,-0.13848587714270866
outer,-3.394370131425883,298.6895681562812,-2.3405288672073983,-0.5956275957749703,-0.1384162395359262
outer,-3.392330079792071,298.60584809462586,-2.3406056484693782,-0.5922144674559646,-0.13837205938517894
outer,-3.390633348393,298.52190281823334,-2.3406507440422235,-0.5888017780395933,-0.13834328950599778
outer,-3.3391959852797544,298.7730695018226,-2.345261393479066,-0.5988496631768733,-0.13640655123764903
outer,-3.3376815887142204,298.6895681562812,-2.345289663648787,-0.595448800139091,-0.13637513398493922
outer,-3.336513679033742,298.6058480946259,-2.3452864368801785,-0.5920482287567747,-0.13635937639395013
outer,-3.3356228087996236,298.52190281823334,-2.3452606743098645,-0.5886466669530108,-0.13635628224599022
outer,-3.2829883465452054,298.7730695018226,-2.3499068491662367,-0.5986567847738854,-0.13437223974657198
outer,-3.2823527000321335,298.6895681562812,-2.349856410885483,-0.5952687477472979,-0.13437011075783759
outer,-3.2819970021662708,298.60584809462586,-2.3497835041305803,-0.5918795351195463,-0.13438084164831296
outer,-3.28186863323791,298.5219028182334,-2.3496962904137977,-0.5884893436833016,-0.13440235608793843
outer,-3.2291888059837492,298.52190281823334,-2.3539702829759714,-0.5883299863994025,-0.1324762255946386
outer,-3.228743221332708,298.6058480946259,-2.3541089058888875,-0.5917099526218658,-0.13243593590635513
outer,-3.228330262856931,298.6895681562812,-2.354242166877759,-0.5950876422914612,-0.1323998215544412
outer,-3.228147369158004,298.7730695018226,-2.3543611009975307,-0.5984641602507339,-0.13237464110837321
outer,-3.1776109020658354,298.52190281823334,-2.3580918036920067,-0.5881696232279523,-0.13057912311147601
outer,-3.176569374485176,298.6058480946259,-2.358275156102268,-0.5915395503488894,-0.1305193513386902
outer,-3.17557725870372,298.6895681562812,-2.3584588278473295,-0.5949069351973033,-0.13046375415627598
outer,-3.174619576402893,298.77306950182253,-2.35863700677217,-0.5982718400520232,-0.13041241306962825
outer,-3.1269949867628974,298.5219028182334,-2.3620719437561735,-0.5880088863202552,-0.12870705241686542
outer,-3.1255031800185433,298.60584809462586,-2.362291274959612,-0.591369252058711,-0.12863233662118825
outer,-3.123909778478539,298.68956815628127,-2.362518738983846,-0.5947265800629191,-0.12855657639646395
outer,-3.1223677590109076,298.7730695018225,-2.3627463143545184,-0.5980811549717585,-0.12848504770991193
outer,-3.077271331150534,298.5219028182334,-2.3659182589394105,-0.5878476674159778,-0.12685810711460146
outer,-3.0754039756724785,298.6058480946259,-2.3661682186293502,-0.591199600082879,-0.12677087392594844
outer,-3.073355684051993,298.6895681562812,-2.3664307976646404,-0.5945473915994252,-0.12667955064605638
outer,-3.071207060066609,298.77306950182253,-2.366701210219079,-0.5978919393135158,-0.1265871848323735
outer,-3.0284836754787188,298.5219028182334,-2.369637109961631,-0.5876871641881868,-0.12503409692149406
outer,-3.026201669992832,298.6058480946259,-2.369913432413711,-0.591030391724607,-0.12493305255523365
outer,-3.023773585069291,298.68956815628127,-2.3702058338517515,-0.5943698203083242,-0.12482863426681931
outer,-3.021165485033588,298.7730695018226,-2.370510478990214,-0.5977048964196267,-0.1247200964792023
outer,-2.9804592961814715,298.52190281823334,-2.373238461611102,-0.587527484944734,-0.1232297710714131
outer,-2.9779402306407112,298.60584809462586,-2.3735332037985675,-0.5908627491749222,-0.12312069411463329
outer,-2.975093027269597,298.6895681562812,-2.3738511900654724,-0.5941935673227215,-0.12300190887857795
outer,-2.9721009148664805,298.77306950182253,-2.3741848338879854,-0.5975203850391227,-0.12287971093217488
outer,-2.933171513239407,298.5219028182334,-2.37672712312795,-0.5873683004320388,-0.12144452415228847
outer,-2.9304460360376727,298.6058480946259,-2.3770373879723676,-0.5906967082563805,-0.12132851133148603
outer,-2.927358205899092,298.6895681562812,-2.3773730886015407,-0.5940196791840948,-0.12120120448063053
outer,-2.923942532200827,298.7730695018226,-2.3777315224669153,-0.5973380101588064,-0.12106409797724069
outer,-2.88668801679817,298.52190281823334,-2.3801066048855857,-0.5872107052374881,-0.119680974164253
outer,-2.883692267451385,298.6058480946259,-2.3804307230321124,-0.5905318606886754,-0.1195558982746118
outer,-2.880394600681241,298.6895681562812,-2.3807812812528235,-0.5938481205531839,-0.11942119357971603
outer,-2.8767347600540334,298.77306950182253,-2.381156709548749,-0.5971587439716888,-0.11927509192189459
outer,-2.84085796199574,298.52190281823334,-2.383384813890087,-0.587054776760385,-0.11793449810192491
outer,-2.837746966957445,298.6058480946259,-2.3837166893568136,-0.5903692472873227,-0.11780548553280554
outer,-2.8341752540648164,298.68956815628127,-2.3840804400729025,-0.593678404670807,-0.11766126642572575
outer,-2.8303021787155713,298.77306950182253,-2.3844700490861004,-0.5969824825532783,-0.11750732099075076
outer,-2.7956527593600127,298.52190281823334,-2.386567603900119,-0.5869003967859733,-0.1162042277117929
outer,-2.7924585054315405,298.60584809462586,-2.3869031158818896,-0.5902088929569557,-0.11607261336144523
outer,-2.7887685603241126,298.68956815628127,-2.387274021038238,-0.5935115202229561,-0.11592406304730121
outer,-2.7846176917017313,298.77306950182253,-2.387676151500278,-0.5968086622742312,-0.11576016815173189
outer,-2.7510450314508175,298.5219028182334,-2.389658547211363,-0.586747691727369,-0.11448957751034895
outer,-2.7477981447610658,298.6058480946259,-2.389995787587403,-0.5900506169088928,-0.11435640132900507
outer,-2.7440221054738676,298.68956815628127,-2.390369778763244,-0.5933474423865944,-0.11420488385619504
outer,-2.739750045773842,298.77306950182265,-2.390778453243052,-0.5966382222347606,-0.11403627965466792
outer,-2.707028109184003,298.52190281823334,-2.39266034101389,-0.5865968365999183,-0.11279066648871239
outer,-2.7037383651670215,298.6058480946259,-2.39299824148259,-0.5898944996089568,-0.11265625562210474
outer,-2.699907002647543,298.68956815628127,-2.3933734320917357,-0.5931859300017592,-0.11250283351463161
outer,-2.695546041442965,298.77306950182253,-2.393784637550208,-0.5964710913254431,-0.11233091303876852
outer,-2.6635951309549664,298.5219028182334,-2.395576538511113,-0.5864482104308036,-0.11110751731054255
outer,-2.6602724628918155,298.6058480946259,-2.395913150599418,-0.5897406745665652,-0.1109722910385415
outer,-2.656395589618613,298.6895681562812,-2.396288485439065,-0.5930270197749176,-0.11081730753791524
outer,-2.651976642966904,298.7730695018226,-2.3967003590044267,-0.5963069707165084,-0.11064315547958975
outer,-2.6206748909825315,298.5219028182334,-2.398411902553555,-0.5863017857629731,-0.10943794234532196
outer,-2.61739354065637,298.6058480946259,-2.39874403956517,-0.5895894853314562,-0.10930452113455327
outer,-2.6134811279295316,298.6895681562812,-2.3991175899075414,-0.5928708058398929,-0.109148414447403
outer,-2.609014045554866,298.7730695018226,-2.3995290914094984,-0.5961458559239788,-0.10897238963443638
outer,-2.5782450917353894,298.5219028182334,-2.401170096592882,-0.586157522004479,-0.10778132169835881
outer,-2.5750300224712896,298.6058480946259,-2.4014956257070343,-0.5894408691209926,-0.10765073518459178
outer,-2.571156684599672,298.6895681562812,-2.4018642432865573,-0.5927175987430358,-0.10749615674081119
outer,-2.5666514760209553,298.7730695018226,-2.402273465467559,-0.5959878040741614,-0.10731871584335345
outer,-2.5362844117557373,298.5219028182334,-2.403853990675486,-0.5860154870925934,-0.10613714269256272
outer,-2.533159494877508,298.6058480946259,-2.4041715354835906,-0.5892947489266238,-0.10601030072128019
outer,-2.5293503131486816,298.68956815628127,-2.4045331182209355,-0.5925673028874651,-0.10585829887141725
outer,-2.5248819656537367,298.77306950182253,-2.4049369532568723,-0.5958330953593246,-0.10568212379037545
outer,-2.4947724683461288,298.5219028182334,-2.4064662929242098,-0.5858757342437023,-0.104504908943895
outer,-2.491760525564102,298.6058480946259,-2.4067746136786026,-0.5891511636429517,-0.10438269351683704
outer,-2.4880394841013933,298.68956815628127,-2.4071278046147047,-0.5924198069349161,-0.10423419433449749
outer,-2.483633197178704,298.7730695018226,-2.4075241830235674,-0.595681603965926,-0.10406035158925916
outer,-2.4536897813612777,298.52190281823334,-2.409009558927023,-0.5857383040271116,-0.10288414025934223
outer,-2.450812625861362,298.6058480946259,-2.409307544637461,-0.5890101398999243,-0.10276740556488385
outer,-2.4472026542089846,298.6895681562812,-2.409651122395666,-0.5922751227388675,-0.10262330607584016
outer,-2.4428825250092223,298.7730695018226,-2.410038708085639,-0.5955331863543141,-0.10245273742797777
outer,-2.4130177381035374,298.5219028182334,-2.4114862004791777,-0.58560322616268,-0.10127437252233142
outer,-2.4102962143440965,298.6058480946259,-2.4117728614196428,-0.5888716939073309,-0.10116394506049183
outer,-2.406819228748668,298.6895681562812,-2.4121057322739894,-0.5921332522365631,-0.1010251133480095
outer,-2.402608294868141,298.7730695018226,-2.4124833235246785,-0.5953878293638084,-0.10085873032102548
outer,-2.3727385593175807,298.52190281823334,-2.41389849382727,-0.5854705211235411,-0.09967515757505013
outer,-2.3701925815448326,298.6058480946259,-2.4141729544178556,-0.5887358330939374,-0.0995718363642806
outer,-2.366869524938099,298.68956815628127,-2.4144941447127266,-0.5919941890708892,-0.09943911176163028
outer,-2.362789805892422,298.77306950182253,-2.4148606661742265,-0.5952455121069149,-0.09927779581957963
outer,-2.3328352662762377,298.5219028182334,-2.416248587495408,-0.5853402015720529,-0.0980860630909785
outer,-2.3304838557715017,298.6058480946259,-2.416510079534413,-0.5886025575556413,-0.09799061995644825
outer,-2.327334736466037,298.68956815628127,-2.4168187284976392,-0.5918579200773616,-0.09786481332319842
outer,-2.3234072738596705,298.7730695018226,-2.4171732235347365,-0.5951062074359226,-0.09770941613083148
outer,-2.293291648946556,298.5219028182334,-2.4185385096466105,-0.5852122735759422,-0.09650667242141418
outer,-2.2911529700222943,298.6058480946259,-2.4187863659409445,-0.5884718613067466,-0.09641985236359538
outer,-2.2881968991331414,298.6895681562813,-2.4190817189176457,-0.5917244265778581,-0.09630174645058967
outer,-2.2844417955355922,298.77306950182265,-2.4194233423908584,-0.5949698832906825,-0.09615309022714794
outer,-2.2540922352220787,298.5219028182334,-2.4207701749764885,-0.5850867376333163,-0.09493658440111276
outer,-2.2521836299862246,298.6058480946259,-2.4210038233897127,-0.5883437333381774,-0.09485910603388507
outer,-2.249438857595634,298.6895681562812,-2.4212852255012676,-0.5915936854506474,-0.09474945593136115
outer,-2.245875314137851,298.7730695018226,-2.421613237026126,-0.594836503805961,-0.09460833390439616
outer,-2.2152222612054215,298.52190281823334,-2.4229453911583656,-0.5849635895544272,-0.09337541311559142
outer,-2.213560283115264,298.6058480946259,-2.4231643489967585,-0.5882181584684016,-0.09330796915237122
outer,-2.2110442332000715,298.6895681562812,-2.4234312392392483,-0.5914656699987394,-0.09320750279980289
outer,-2.207690585908339,298.7730695018226,-2.423744996926845,-0.5947060301902741,-0.09307467973702957
outer,-2.1766676425230296,298.5219028182334,-2.4250658648448113,-0.5848428212043055,-0.09182278764660058
outer,-2.1752680887525724,298.60584809462597,-2.425269733572338,-0.5880951180763547,-0.09176604541648488
outer,-2.1729973928954824,298.68956815628127,-2.425521639235207,-0.591340350626569,-0.0916754641460451
outer,-2.169871147782047,298.7730695018226,-2.4258205938452444,-0.5945784213767797,-0.09155167693029956
outer,-2.1384149466523645,298.5219028182334,-2.427133207355133,-0.5847244211931005,-0.09027835181345215
outer,-2.1372928892981,298.6058480946259,-2.4273216675503755,-0.5879745907394633,-0.09023295379686055
outer,-2.13528341920705,298.68956815628127,-2.4275581989187014,-0.5912176954343024,-0.09015293289617374
outer,-2.1324012861392103,298.7730695018226,-2.4278418882873294,-0.5944536345321894,-0.09003889111654277
outer,-2.1004513662404634,298.5219028182334,-2.4291489400643913,-0.5846083754936122,-0.0887417639141325
outer,-2.099621182391859,298.6058480946259,-2.4293217466595727,-0.5878565528514066,-0.08870832830068599
outer,-2.097888081252248,298.6895681562813,-2.429542591976039,-0.5910976708076756,-0.08863951759163423
outer,-2.095266006624032,298.7730695018226,-2.429810635692898,-0.5943316255914413,-0.0885359041470222
outer,-2.0627646933914154,298.5219028182334,-2.4311144995377556,-0.5844946679845965,-0.0872126964679593
outer,-2.06224009409376,298.60584809462597,-2.431271477312012,-0.5877409791571071,-0.08719181773401162
outer,-2.0607978067803607,298.68956815628127,-2.4314763980216965,-0.59098024195274,-0.08713484217503616
outer,-2.0584510050115683,298.7730695018226,-2.4317284923995346,-0.5942123497977394,-0.08704231389742913
outer,-2.025343294899258,298.5219028182334,-2.433031242388674,-0.5843832809004623,-0.085690835946395
outer,-2.025137353037456,298.6058480946259,-2.43317228173234,-0.587627843202275,-0.085683085454827
outer,-2.0239996552133857,298.6895681562812,-2.4333611080054363,-0.5908653733434125,-0.08563854576684679
outer,-2.0219426391031217,298.7730695018226,-2.4335970213473095,-0.594095762152781,-0.08555773407246914
outer,-1.9883012655343864,298.60584809462597,-2.435025502836315,-0.5875171177175527,-0.08418180910396668
outer,-1.988176088402568,298.5219028182334,-2.4349004498937976,-0.584274195219217,-0.08417588248657701
outer,-1.987481291665991,298.6895681562812,-2.4351981293643075,-0.5907530290939824,-0.08415028241729076
outer,-1.9857279016281733,298.77306950182265,-2.435417697528267,-0.5939818177832632,-0.08408179398415218
outer,-1.9517206916044534,298.60584809462597,-2.4368324088117634,-0.5874087749058061,-0.08268768030975925
outer,-1.95125251943587,298.5219028182334,-2.436723290240512,-0.5841673848897356,-0.08266755799028472
outer,-1.9512309619209116,298.68956815628127,-2.4369887908916668,-0.5906431732523265,-0.08266972082536532
outer,-1.9497943941304487,298.7730695018226,-2.437191913148226,-0.5938704722251636,-0.0826141382878321
outer,-1.9153850219081479,298.6058480946259,-2.438594155853692,-0.5873027804669487,-0.08120041299656408
outer,-1.9152374683355102,298.68956815628127,-2.438734347288036,-0.5905357699998954,-0.08119654402540703
outer,-1.9145659645364306,298.5219028182334,-2.4385004893480002,-0.5840627910179097,-0.08116578400574528
outer,-1.9141303018144649,298.7730695018226,-2.438920982462692,-0.5937616816183227,-0.08115442667684983
outer,-1.8794901466542098,298.68956815628127,-2.4404359423644397,-0.5904307774565937,-0.07973045790177244
outer,-1.8792875985465398,298.6058480946259,-2.440311463264447,-0.5871990669801459,-0.07971992335804462
outer,-1.8787243693276665,298.77306950182265,-2.4406061462798787,-0.5936554028193353,-0.07970233354347112
outer,-1.878134748798941,298.5219028182334,-2.4402327911278507,-0.5839605312259784,-0.07967125697022369
outer,-1.8439823045155237,298.6895681562812,-2.442094288391496,-0.5903281201424315,-0.07827137326998301
outer,-1.8435658774534736,298.7730695018226,-2.442248535630781,-0.5935515869882036,-0.07825755669944687
outer,-1.8434468418887278,298.6058480946259,-2.4419850681727104,-0.5870977464281794,-0.07824690423936871
outer,-1.8419191369784678,298.5219028182334,-2.441921731320257,-0.5838605444108215,-0.07818265788365178
outer,-1.8087324576359813,298.6895681562812,-2.4437101155873044,-0.590227905113269,-0.0768199793167729
outer,-1.8086480993398542,298.77306950182253,-2.443848855313273,-0.5934501509912313,-0.0768200015848676
outer,-1.8078228101012495,298.6058480946259,-2.4436164888759864,-0.5869987531515108,-0.07678002274469466
outer,-1.8059102194519119,298.5219028182334,-2.4435686012830606,-0.5837627533147794,-0.07669968329346523
outer,-1.7739896461285272,298.77306950182253,-2.44540782853193,-0.5933511976598262,-0.07539035368504735
outer,-1.7737004574355328,298.68956815628127,-2.445284924470281,-0.5901300628819858,-0.07537492921306037
outer,-1.7724065472384922,298.6058480946259,-2.4452070018018595,-0.5869020015760839,-0.0753189680133319
outer,-1.770099524567053,298.5219028182334,-2.445174324258446,-0.5836671354632925,-0.07522209834320108
outer,-1.7395501623237002,298.7730695018226,-2.446926937696937,-0.5932546543895391,-0.07396725222287595
outer,-1.7388773016109378,298.68956815628127,-2.446819975975013,-0.5900344999504668,-0.07393590469443179
outer,-1.7371895376030493,298.6058480946259,-2.4467575199742,-0.5868074635979345,-0.07386349829285127
outer,-1.734478999949742,298.5219028182334,-2.4467397723723545,-0.583573668580471,-0.07374967994643894
outer,-1.7053205992266431,298.7730695018226,-2.4484074276445327,-0.5931604200891762,-0.07255037155742042
outer,-1.704254430386016,298.68956815628127,-2.448316172566159,-0.589941183060824,-0.07250265712222109
outer,-1.7021636869555117,298.60584809462586,-2.4482689057497886,-0.586715111713307,-0.0724133838656267
outer,-1.6990409945513745,298.5219028182334,-2.4482657073276,-0.583482321515849,-0.07228223246443377
outer,-1.6712923529460688,298.7730695018226,-2.4498501899583403,-0.5930684568178836,-0.0711394561942347
outer,-1.6698237076239377,298.68956815628127,-2.449774366529125,-0.5898500799401611,-0.0710749501745993
outer,-1.6673213044683575,298.6058480946259,-2.449741912483325,-0.5866249097069465,-0.07096842311370218
outer,-1.6637844193151174,298.5219028182334,-2.449752481973124,-0.5833930447829624,-0.07081986339554001
outer,-1.6374572454135792,298.77306950182253,-2.4512560665695196,-0.5929787279760741,-0.06973426325634896
outer,-1.6355774026880352,298.68956815628127,-2.451195302595739,-0.5897611497042119,-0.0696525763011698
outer,-1.6326612954226545,298.60584809462597,-2.451176890623377,-0.5865368024833584,-0.06952872058421829
outer,-1.6287326293866577,298.5219028182334,-2.451200518309508,-0.5833059559888315,-0.06936342218346384
outer,-1.6038075061507924,298.77306950182253,-2.4526257933452933,-0.5928911883864021,-0.0683345793277329
outer,-1.6015144151929506,298.6895681562812,-2.4525793285690938,-0.5896743318789749,-0.06823563717503284
outer,-1.5982071363905423,298.60584809462597,-2.452574257234236,-0.5864509051103154,-0.06809512372291404
outer,-1.5938418170692819,298.5219028182334,-2.452611068955979,-0.5832209841944355,-0.06791140733205384
outer,-1.5703420291011416,298.77306950182265,-2.453959715220817,-0.5928057723927641,-0.06694050329582812
outer,-1.5676583432299458,298.6895681562812,-2.4539268566673327,-0.589589739542109,-0.06682497824902342
outer,-1.5639147919133949,298.6058480946259,-2.453935248974919,-0.5863671447466068,-0.06666611771942639
outer,-1.5591055875329278,298.5219028182334,-2.4539851509734176,-0.5831380519543778,-0.06646357146003314
outer,-1.5370845339746513,298.7730695018226,-2.455258239690569,-0.5927225916185421,-0.06555287862750907
outer,-1.533964923404544,298.6895681562812,-2.455239107403398,-0.5895072984669769,-0.06541907141488655
outer,-1.5297778339134132,298.6058480946259,-2.455260871320494,-0.586285437739014,-0.06524144943498637
outer,-1.5245178766356569,298.5219028182334,-2.4553233913968806,-0.5830571391622988,-0.0650197472153212
outer,-1.5039905292543334,298.77306950182265,-2.4565225709242493,-0.5926415709457871,-0.06417016393159869
outer,-1.5004276943661206,298.6895681562812,-2.456517074179568,-0.5894269189281841,-0.06401765782141122
outer,-1.495790166720557,298.6058480946259,-2.45655174399857,-0.5862057604896246,-0.06382094614641237
outer,-1.490072936429279,298.5219028182334,-2.4566261050996347,-0.5829781822668892,-0.06357986570650553
outer,-1.4710535202892574,298.77306950182265,-2.457753689712424,-0.592562614675238,-0.06279209469225448
outer,-1.467040528892108,298.68956815628127,-2.4577613691548823,-0.5893485741189695,-0.06262055941095458
outer,-1.4619460125022474,298.60584809462597,-2.457808180061198,-0.5861280449787106,-0.06240453578469996
outer,-1.4557989258110584,298.52190281823346,-2.4578934275057,-0.582901268983496,-0.062144970351072165
outer,-1.4382673482788844,298.7730695018226,-2.458952200372458,-0.5924856930747019,-0.06141848756352511
outer,-1.4337976192428912,298.6895681562812,-2.458972303264523,-0.5892721916820001,-0.061227701023148784
outer,-1.4282736765575446,298.6058480946259,-2.4590303131726694,-0.5860523766223573,-0.06099326203663255
outer,-1.4216668704249293,298.5219028182334,-2.4591261847611188,-0.5828263849715045,-0.06071407119433734
outer,-1.4056261755517803,298.7730695018226,-2.4601184114086134,-0.592410729551796,-0.06004926439796956
outer,-1.4007274172310802,298.68956815628127,-2.460150008414542,-0.589197855091218,-0.059840126660240994
outer,-1.3947440338889325,298.6058480946259,-2.460218957273183,-0.5859787408191865,-0.0595861247877438
outer,-1.3876603168176718,298.5219028182334,-2.4603253203816853,-0.5827534532464363,-0.05928655959365123
outer,-1.3731586005542025,298.7730695018226,-2.4612524530202973,-0.5923378060057742,-0.05868546957535251
outer,-1.3678006471026476,298.68956815628127,-2.461295286301,-0.5891255499740862,-0.058456826091241844
outer,-1.3613405454993992,298.6058480946259,-2.461375044772894,-0.5859070564794672,-0.058182508311114295
outer,-1.3537745100003953,298.52190281823334,-2.461491394384421,-0.5826824381182608,-0.05786229094617009
outer,-1.3408351966521561,298.7730695018226,-2.462355114658818,-0.5922669087811949,-0.05732608279818231
outer,-1.3350006842517035,298.6895681562812,-2.4624090578820828,-0.5890551912803488,-0.05707717658315168
outer,-1.3280584316783914,298.6058480946259,-2.4624991294665772,-0.585837284635477,-0.05678226357209468
outer,-1.3200073046951757,298.5219028182334,-2.4626245498475288,-0.5826132796822264,-0.05644133618693893
outer,-1.308639253560646,298.77306950182253,-2.4634273054741844,-0.5921979489831709,-0.05597047440655046
outer,-1.3023227242268973,298.6895681562812,-2.463491870502324,-0.5889867369212001,-0.05570102474057758
outer,-1.2948955359943144,298.6058480946259,-2.4635913556596347,-0.585769361612795,-0.05538545979596746
outer,-1.2863936802083684,298.5219028182334,-2.4637248558709217,-0.5825460953900085,-0.05502494409299775
outer,-1.2765659420674238,298.7730695018226,-2.464469566117163,-0.5921308815388182,-0.05461848671537237
outer,-1.2697645994345665,298.6895681562812,-2.464543869488881,-0.5889201194871984,-0.054328438181957796
outer,-1.2618870196155534,298.6058480946259,-2.4646517894893236,-0.58570340424831,-0.053993346711743245
outer,-1.252885752116815,298.5219028182334,-2.4647931737564854,-0.5824808292028976,-0.053611447731359785
outer,-1.2446130834075992,298.77306950182265,-2.4654820426970327,-0.5920656352979483,-0.05327018584516443
outer,-1.2373616530440537,298.68956815628127,-2.4655651180909133,-0.5888554555457772,-0.052960667614493334
outer,-1.228984749161567,298.6058480946259,-2.4656812786338964,-0.5856393569246179,-0.052604244984920674
outer,-1.2194796177834366,298.5219028182334,-2.4658302505426213,-0.5824174104449003,-0.05220065655315709
outer,-1.2128162029003218,298.7730695018226,-2.46646479570863,-0.5920023269412177,-0.05192682351295912
outer,-1.2050655025271602,298.68956815628127,-2.46655645026305,-0.5887926902844614,-0.051596021348414636
outer,-1.1961848017049146,298.60584809462586,-2.466680563007988,-0.5855771444157758,-0.05121795979063194
outer,-1.1861715949621177,298.5219028182334,-2.466836259193478,-0.5823557857461845,-0.050792558961144214
outer,-1.1811266686660278,298.7730695018226,-2.467418645290299,-0.5919409028353794,-0.05058669572234385
outer,-1.1728722046507667,298.68956815628127,-2.46751859845599,-0.5887317439408465,-0.05023430037240256
outer,-1.1634834758549844,298.6058480946259,-2.4676498162364084,-0.585516710319862,-0.04983447736071289
outer,-1.152990723855769,298.5219028182334,-2.467811213050133,-0.5822960280075854,-0.0493882252349815
outer,-1.1495405171490238,298.7730695018226,-2.468344316047214,-0.5918812786488178,-0.049249599366799374
outer,-1.1407780388652107,298.68956815628127,-2.468451736772568,-0.5886725570949102,-0.048875488847392276
outer,-1.1309099627985697,298.6058480946259,-2.4685890502617154,-0.5854581266364207,-0.048454869140788975
outer,-1.1199086963793679,298.5219028182334,-2.468755657357971,-0.5822381284345528,-0.047986677965617036
outer,-1.1180540086249229,298.77306950182265,-2.4692419823918654,-0.591823391962187,-0.04791551663886029
outer,-1.1088123474562275,298.6895681562813,-2.4693558757892,-0.5886152010769035,-0.04752065943178825
outer,-1.0984358072731508,298.6058480946259,-2.4694988000209683,-0.5854013853291788,-0.047078149095898504
outer,-1.0869121455770276,298.5219028182334,-2.4696702535754027,-0.5821820254044923,-0.04658740293621502
outer,-1.0866966366023167,298.7730695018226,-2.4701116535776952,-0.5917673136650407,-0.04658552145930581
outer,-1.0769465278715913,298.68956815628127,-2.4702315401028394,-0.5885596689422753,-0.04616881750501553
outer,-1.0660475728262973,298.6058480946259,-2.4703797200173843,-0.5853464218502759,-0.045703797293924264
outer,-1.0554396511185653,298.77306950182253,-2.4709538438371474,-0.5917130382345168,-0.04525861066283449
outer,-1.0539980827869049,298.5219028182334,-2.4705552252605782,-0.5821276579105243,-0.04519037913171964
outer,-1.0451670741091987,298.6895681562812,-2.4710793770020367,-0.5885058932637706,-0.044819437498002254
outer,-1.0337422552577054,298.6058480946259,-2.4712320345631933,-0.5852931719767986,-0.044331790537677176
outer,-1.0242694765648965,298.7730695018226,-2.4717691929771046,-0.5916604953964218,-0.04393425312301153
outer,-1.0211936979672263,298.5219028182334,-2.471410571194892,-0.5820750876412777,-0.04379661343710041
outer,-1.0134709664184802,298.6895681562812,-2.47189961137824,-0.5884538065803531,-0.04347249413169404
outer,-1.0015471858898073,298.6058480946259,-2.472055741010694,-0.5852416968662659,-0.04296313693570286
outer,-0.9931830776278034,298.7730695018226,-2.472557926285683,-0.5916096144157397,-0.042612421581255625
outer,-0.9884732661719011,298.5219028182334,-2.472236723109278,-0.5820243129651119,-0.04240522006371922
outer,-0.9818856775939067,298.6895681562812,-2.4726922391704464,-0.5884034697072824,-0.04212899678609474
outer,-0.9694365060290993,298.6058480946259,-2.4728512619491543,-0.5851919958726297,-0.041596943106176405
outer,-0.9622080686897212,298.7730695018226,-2.4733200383149354,-0.5915604559557589,-0.04129412673854302
outer,-0.9558242408658668,298.5219028182334,-2.473034230930138,-0.5819752796844572,-0.04101571290884752
outer,-0.9503852150925802,298.68956815628127,-2.4734576737766605,-0.588354883254633,-0.04078804452811287
outer,-0.9373976039094283,298.6058480946259,-2.4736191418496887,-0.5851440123176298,-0.04023271757265946
outer,-0.9313183232484881,298.7730695018226,-2.474055933232193,-0.5915130221590303,-0.03997846015317455
outer,-0.9232442196536828,298.5219028182334,-2.4738032636857326,-0.5819279229724209,-0.03962809319311039
outer,-0.9189569018674374,298.68956815628127,-2.474196454003372,-0.588307988100109,-0.039449140585638295
outer,-0.905428064644985,298.60584809462586,-2.4743595518348704,-0.5850976782122476,-0.03887045956353785
outer,-0.9005010989228497,298.77306950182253,-2.474766143961301,-0.5914672514821595,-0.038664919837678384
outer,-0.8907648911738282,298.5219028182334,-2.4745437960887173,-0.5818823208253543,-0.03824351274345359
outer,-0.8875983105326818,298.6895681562812,-2.474908752931916,-0.5882627130487884,-0.03811228229827747
outer,-0.8735597416276427,298.6058480946259,-2.4750724641016273,-0.5850530719200648,-0.037511322850081213
outer,-0.8697539558168449,298.7730695018226,-2.4754508453959203,-0.5914230694608225,-0.03735350134822836
outer,-0.8583489222813484,298.5219028182334,-2.4752562596178143,-0.5818384582535908,-0.03686067759171843
outer,-0.8563414593594798,298.6895681562812,-2.4755945402728723,-0.588219137032508,-0.036778625423572714
outer,-0.841755107612558,298.6058480946259,-2.4757583009162127,-0.5850101797140596,-0.03615400468270337
outer,-0.8391090772157888,298.7730695018226,-2.476110004797783,-0.5913805557995281,-0.036045362471153884
outer,-0.8259921872417257,298.5219028182334,-2.475941074281894,-0.581796268810843,-0.035479402539973226
outer,-0.8251486268547584,298.6895681562812,-2.476254228996432,-0.5881772478062757,-0.03544685848066316
outer,-0.8100100154148909,298.6058480946259,-2.4764174807585504,-0.5849689317293972,-0.034798316110403904
outer,-0.8085285472195034,298.7730695018226,-2.4767440257689692,-0.5913396999617474,-0.03473918304619771
outer,-0.7940156443671725,298.6895681562812,-2.47688823587116,-0.5881369720354829,-0.03411678885569745
outer,-0.7937020590099595,298.5219028182334,-2.476598305495149,-0.581755735613998,-0.03410002087586863
outer,-0.7783318763227035,298.60584809462586,-2.477050069844198,-0.5849293094692253,-0.03344458956786689
outer,-0.7780081756923277,298.7730695018226,-2.4773533231740266,-0.5913004250736623,-0.03343476688956008
outer,-0.7629499615469556,298.6895681562812,-2.477496627867506,-0.5880982896451273,-0.03278874821110485
outer,-0.7614892067710284,298.5219028182334,-2.47722804629443,-0.5817169063230456,-0.032722941940769586
outer,-0.7475554506783192,298.7730695018226,-2.4779379646846387,-0.5912627095029657,-0.032132444971787744
outer,-0.7467314149913749,298.6058480946259,-2.4776561569129227,-0.5848913615111373,-0.032093233505746555
outer,-0.7319623585623791,298.6895681562812,-2.4780794894028024,-0.5880612502975406,-0.03146314415522065
outer,-0.7293266123775731,298.52190281823334,-2.4778306589931773,-0.5816797586757099,-0.03134721342537626
outer,-0.7171812079038821,298.7730695018226,-2.4784980303876347,-0.5912266041769703,-0.03083262410659916
outer,-0.715181472802745,298.60584809462586,-2.4782360981221374,-0.5848550656851369,-0.03074328872842852
outer,-0.7010255362170563,298.68956815628127,-2.4786371703817025,-0.5880258320348019,-0.030139010667045017
outer,-0.6972126613234996,298.5219028182334,-2.478406388028827,-0.5816442270963177,-0.02997278040914656
outer,-0.6868580074794955,298.77306950182253,-2.479033863841388,-0.5911920874682649,-0.02953433150951689
outer,-0.6836804268565494,298.60584809462586,-2.4787901389016107,-0.5848203531436202,-0.029394697246278433
outer,-0.670137863210394,298.6895681562812,-2.479169917121887,-0.5879919626779748,-0.028816286774385413
outer,-0.6651664524440092,298.5219028182334,-2.4789552483047395,-0.58161034436984,-0.028600366979641634
outer,-0.6565842096971647,298.7730695018226,-2.4795457121276843,-0.5911590837827115,-0.028237503313621518
outer,-0.6522474752855169,298.6058480946259,-2.4793182927582444,-0.5847872567419176,-0.028048183979438215
outer,-0.6393186370482191,298.6895681562812,-2.4796777417033535,-0.5879596752452881,-0.02749569829220082
outer,-0.6331705467824645,298.52190281823334,-2.4794774507659514,-0.5815781225594755,-0.027229390109461595
outer,-0.6263792115172871,298.7730695018226,-2.480033585886657,-0.5911276264085095,-0.026942866291411436
outer,-0.6208650884654212,298.60584809462586,-2.4798207652052895,-0.584755789663904,-0.02670316117758962
outer,-0.6085502373696604,298.68956815628127,-2.480160844158603,-0.587928984194261,-0.026176652807093463
outer,-0.6012152572537035,298.5219028182334,-2.479973265355234,-0.5815475190491515,-0.025859483188489928
outer,-0.5962253017680488,298.7730695018226,-2.4804976796156,-0.5910977312205545,-0.025649823426645124
outer,-0.5895235289467882,298.60584809462586,-2.4802978244361227,-0.584725907440537,-0.02535925768018548
outer,-0.5778228763223063,298.6895681562812,-2.4806194908386874,-0.5878998431953963,-0.024858774678150806
outer,-0.5693057605178901,298.5219028182334,-2.480442783034793,-0.5815185103833242,-0.024490865426487644
outer,-0.5661126421529322,298.77306950182253,-2.4809382577242562,-0.5910693500090141,-0.024357994667834972
outer,-0.5582280003038388,298.60584809462586,-2.4807495617138984,-0.584697585054005,-0.024016691071751358
outer,-0.547141784415249,298.6895681562812,-2.4810537732509412,-0.5878722256608583,-0.023542279936978182
outer,-0.5374505584696887,298.52190281823334,-2.4808860757233586,-0.581491130112603,-0.023123876517794975
outer,-0.5360464901376296,298.77306950182253,-2.4813554119192527,-0.5910424546168686,-0.02306759456641977
outer,-0.5269870486337723,298.6058480946259,-2.4811760460889074,-0.5846708569352268,-0.022675800592400083
outer,-0.5165155519817071,298.6895681562812,-2.481463757559178,-0.5878461670300352,-0.022227507434158817
outer,-0.5060354803279685,298.7730695018226,-2.481749205451837,-0.5910170816101815,-0.021778961649078277
outer,-0.5056285022906847,298.52190281823334,-2.4813033621940934,-0.5814653676938577,-0.021757778845995713
outer,-0.4957794151626331,298.6058480946259,-2.481577492609122,-0.5846457127255228,-0.021335843221193793
outer,-0.48592281020842065,298.6895681562812,-2.4818496550212115,-0.5878216571995987,-0.02091370880849236
outer,-0.47605813378105716,298.77306950182253,-2.482119845729882,-0.5909932212117691,-0.020491342277853795
outer,-0.4738385266197375,298.52190281823334,-2.4816947860280294,-0.5814411745303818,-0.020392527604640602
outer,-0.46460402899033165,298.6058480946258,-2.4819540452976248,-0.5846221013800142,-0.019996770727686616
outer,-0.4553624826520263,298.6895681562812,-2.482211610030932,-0.587798642613705,-0.019600832470675077
outer,-0.44611336850577943,298.7730695018226,-2.482467477453065,-0.5909708172950886,-0.019204681570276397
outer,-0.4420962335137965,298.52190281823334,-2.4820603790551825,-0.5814185769046705,-0.019028717426658317
outer,-0.4334765732909894,298.60584809462586,-2.482305734672596,-0.5846000496024228,-0.018659178451308905
outer,-0.4248503336657998,298.6895681562812,-2.482549651780555,-0.5877771504819558,-0.018289474537200662
outer,-0.4162170301010266,298.77306950182253,-2.4827921284678207,-0.5909498976532889,-0.017919576491405294
outer,-0.4103831437946459,298.5219028182334,-2.4824002917090664,-0.5813975799835055,-0.017665728791902414
outer,-0.4023784728106374,298.60584809462586,-2.482632708029073,-0.5845795633306842,-0.017322442522287963
outer,-0.3943676918466882,298.6895681562812,-2.482863924393714,-0.5877571876058539,-0.01697900685715313
outer,-0.38635035093603853,298.7730695018226,-2.4830939396948897,-0.5909304700408651,-0.016635394676372182
outer,-0.37869529824364745,298.52190281823334,-2.4827146596984004,-0.5813781498358558,-0.01630339864994371
outer,-0.37130574774624003,298.6058480946258,-2.482935100387103,-0.5845606069681856,-0.0159863960095788
outer,-0.3639105567914832,298.6895681562812,-2.4831545621444238,-0.58773871669159,-0.015669258674675703
outer,-0.3565093099903862,298.77306950182253,-2.4833730445983075,-0.5909124954263385,-0.015351961599863705
outer,-0.34703969894760334,298.52190281823334,-2.4830035317561676,-0.5813602872824785,-0.01494200790526564
outer,-0.34026543658933034,298.60584809462586,-2.4832129598204578,-0.5845431810083669,-0.014651318830205238
outer,-0.33348600342428464,298.68956815628115,-2.4834216124219695,-0.5877217379360478,-0.014360508987238051
outer,-0.3267010186506591,298.7730695018226,-2.4836294898556632,-0.590895973738079,-0.014069555408607567
outer,-0.3154122673757021,298.5219028182334,-2.4832669945472405,-0.5813440026519247,-0.01358144585829308
outer,-0.3092534396043133,298.60584809462586,-2.483466371403983,-0.5845272962861908,-0.01331709812602639
outer,-0.3030899107884295,298.6895681562812,-2.4836651586776552,-0.587706262733256,-0.013052642849467843
outer,-0.29692133472177307,298.77306950182253,-2.4838633572846422,-0.590880917001496,-0.01278805914088572
outer,-0.28380359053942195,298.52190281823334,-2.483505151315047,-0.581329282875636,-0.012221379507536425
outer,-0.27826029486324316,298.6058480946259,-2.4836954370724764,-0.5845129392421027,-0.011983397005241713
outer,-0.2727127679792976,298.6895681562812,-2.4838853015036713,-0.5876922770497431,-0.011745319539670555
outer,-0.26716069828228217,298.7730695018225,-2.4840747460936807,-0.5908673107176001,-0.01150712830495773
outer,-0.2522151635297862,298.52190281823334,-2.4837180532524026,-0.581316114751201,-0.010861874966773447
outer,-0.24728750523026627,298.60584809462586,-2.48390020738307,-0.5845000958912957,-0.010650279253607878
outer,-0.24235608564016317,298.6895681562812,-2.484082090796581,-0.5876797661214563,-0.01043860057676229
outer,-0.23742062776094944,298.77306950182253,-2.4842637054724688,-0.5908551393248243,-0.010226822214517206
outer,-0.22065084485752023,298.5219028182333,-2.4839057538408786,-0.5813045076792375,-0.009503099249253548
outer,-0.2163389492771641,298.60584809462586,-2.4840807351729133,-0.5844887759186803,-0.009317910804381458
outer,-0.21202376241897758,298.6895681562812,-2.484255578738081,-0.5876687399570735,-0.009132650885358896
outer,-0.20770504189838443,298.77306950182253,-2.484430286946648,-0.5908444132033839,-0.008947304856199167
outer,-0.18909905691301143,298.52190281823334,-2.4840683277081066,-0.5812944586468217,-0.008144658417767191
outer,-0.1854029892006727,298.6058480946258,-2.4842370940698886,-0.5844789763250007,-0.007985894014983648
outer,-0.18170410027307665,298.6895681562812,-2.4844058379361584,-0.5876591955976406,-0.00782706918272662
outer,-0.17800218236316037,298.7730695018225,-2.484574562098701,-0.5908351294729528,-0.0076681713720650295
outer,-0.1575591609416973,298.52190281823334,-2.484205810244811,-0.581285954740005,-0.006786532784517599
outer,-0.15447898292532347,298.60584809462586,-2.484369318671319,-0.5844706835108915,-0.006654206462345107
outer,-0.1513964538034393,298.6895681562812,-2.484532902155734,-0.5876511187408047,-0.006521830367626649
outer,-0.14831140042995575,298.7730695018225,-2.4846965638159153,-0.5908272731032349,-0.006389394040696585
outer,-0.12603529551018341,298.52190281823334,-2.4843182370133405,-0.5812790006678192,-0.005428895261537541
outer,-0.12357109053465774,298.6058480946258,-2.484477444312881,-0.5844639022977257,-0.005323019829960505
outer,-0.121105004626929,298.68956815628115,-2.4846368065095557,-0.5876445143502754,-0.00521710496287348
outer,-0.11863689926671636,298.77306950182253,-2.484796326982586,-0.5908208492210593,-0.005111142291249628
outer,-0.09451861063351945,298.52190281823334,-2.4844056514565143,-0.5812735964311038,-0.004071453402669398
outer,-0.09267041603148037,298.60584809462586,-2.4845615140093917,-0.5844586327592957,-0.003992038449033928
outer,-0.090820810699145,298.6895681562812,-2.4847175935771273,-0.5876393825922112,-0.00391259414367516
outer,-0.08896969074392366,298.7730695018225,-2.484873893741304,-0.5908158581095816,-0.0038331142086225397
outer,-0.06300783341143325,298.52190281823334,-2.4844680715736556,-0.5812697357464591,-0.0027141668156615752
outer,-0.06177567989762455,298.60584809462586,-2.484621545162028,-0.5844548682809164,-0.0026612193641769627
outer,-0.060542585878784326,298.68956815628115,-2.484775280134484,-0.5876357165094123,-0.0026082524516243617
outer,-0.059308482091795164,298.7730695018225,-2.4849292802181164,-0.5908122924588285,-0.0025552618919779933
outer,-0.03150305750337242,298.5219028182334,-2.4845055154648925,-0.5812674195371115,-0.0013570599557719463
outer,-0.030886976279340856,298.6058480946258,-2.484657555759821,-0.5844526098008936,-0.0013305850415171396
outer,-0.030270424799409414,298.68956815628115,-2.484809884059634,-0.5876335170668233,-0.0013041004284963635
outer,-0.029653368431764953,298.7730695018225,-2.484962504183516,-0.5908101532743153,-0.0012776040235767036
outer,-5.088887490341627e-14,298.7730695018225,-2.4849735786298957,-0.590809440768658,-1.9729460456256434e-13
outer,-5.088887490341627e-14,298.5219028182333,-2.4845179963993607,-0.58126664794649,-6.535062703233297e-13
outer,-5.088887490341627e-14,298.68956815628115,-2.4848214184388233,-0.5876327844479942,-1.8666235022994215e-13
outer,-5.088887490341627e-14,298.6058480946258,-2.4846695589797116,-0.5844518574784422,-3.71102418637834e-13
outer,0.029653368431612284,298.7730695018225,-2.484962504183518,-0.5908101532748684,0.0012776040229360707
outer,0.030270424799307638,298.68956815628115,-2.484809884058666,-0.587633517066761,0.0013041004279697574
outer,0.030886976279239076,298.6058480946258,-2.4846575557584933,-0.5844526098008193,0.0013305850409109053
outer,0.03150305750327064,298.5219028182333,-2.4845055154609446,-0.5812674195345564,0.0013570599546764957
outer,0.059308482091693385,298.7730695018225,-2.4849292802159004,-0.5908122924575265,0.0025552618915129673
outer,0.060542585878631656,298.68956815628115,-2.4847752801346803,-0.5876357165104585,0.002608252451203361
outer,0.06177567989747188,298.60584809462586,-2.484621545162441,-0.5844548682820534,0.002661219363824754
outer,0.06300783341133147,298.52190281823323,-2.484468071573715,-0.5812697357471491,0.00271416681478546
outer,0.088969690743771,298.77306950182253,-2.48487389373855,-0.5908158581075533,0.003833114208690594
outer,0.09082081069904321,298.6895681562812,-2.4847175935771295,-0.5876393825927511,0.003912594143603924
outer,0.09267041603132771,298.60584809462586,-2.484561514009988,-0.5844586327601528,0.003992038448810555
outer,0.09451861063336678,298.5219028182333,-2.484405651458494,-0.5812735964330252,0.0040714534017528975
outer,0.11863689926656369,298.77306950182253,-2.4847963269811113,-0.5908208492192881,0.005111142291189889
outer,0.12110500462682722,298.68956815628115,-2.4846368065078908,-0.587644514348586,0.0052171049626175935
outer,0.12357109053450507,298.6058480946258,-2.48447744431301,-0.5844639022979077,0.0053230198295441435
outer,0.12603529551003073,298.52190281823334,-2.48431823701358,-0.5812790006682089,0.005428895260589393
outer,0.1483114004298031,298.7730695018225,-2.484696563816722,-0.5908272731032989,0.006389394040134065
outer,0.15139645380333752,298.6895681562812,-2.484532902155595,-0.5876511187399276,0.006521830366798745
outer,0.1544789829252217,298.60584809462586,-2.4843693186719693,-0.5844706835105292,0.006654206461346903
outer,0.15755916094159553,298.52190281823334,-2.4842058102446134,-0.5812859547389425,0.006786532783259159
outer,0.1780021823630077,298.7730695018225,-2.484574562100015,-0.5908351294743878,0.007668171371671835
outer,0.18170410027297487,298.6895681562812,-2.4844058379370786,-0.5876591955982031,0.007827069181775384
outer,0.18540298920052004,298.6058480946258,-2.4842370940720744,-0.5844789763258026,0.00798589401366106
outer,0.18909905691290965,298.52190281823334,-2.484068327711094,-0.5812944586479559,0.008144658416407173
outer,0.20770504189828265,298.77306950182253,-2.484430286946637,-0.590844413204473,0.008947304856133004
outer,0.2120237624188758,298.6895681562812,-2.4842555787399405,-0.5876687399595529,0.009132650884508091
outer,0.21633894927701142,298.60584809462586,-2.4840807351770877,-0.5844887759226507,0.00931791080301497
outer,0.22065084485741845,298.52190281823334,-2.483905753846236,-0.5813045076838427,0.009503099248206607
outer,0.23742062776079678,298.77306950182253,-2.484263705472505,-0.5908551393259277,0.010226822214248858
outer,0.24235608564001052,298.6895681562812,-2.4840820907994705,-0.5876797661250218,0.010438600575906275
outer,0.2472875052301136,298.60584809462586,-2.483900207387478,-0.5845000958964173,0.010650279252252535
outer,0.2522151635296335,298.52190281823334,-2.4837180532557515,-0.581316114755446,0.010861874965891917
outer,0.26716069828212946,298.7730695018225,-2.4840747460971904,-0.5908673107211526,0.011507128304374422
outer,0.27271276797919586,298.6895681562812,-2.4838853015082494,-0.5876922770541614,0.011745319538756053
outer,0.27826029486309045,298.6058480946258,-2.483695437076668,-0.5845129392466515,0.011983397004035992
outer,0.28380359053932014,298.52190281823334,-2.48350515131767,-0.5813292828792639,0.012221379506646465
outer,0.2969213347216204,298.77306950182253,-2.4838633572883233,-0.590880917003753,0.012788059139995178
outer,0.30308991078827685,298.68956815628115,-2.483665158682439,-0.587706262736679,0.013052642848381625
outer,0.3092534396041606,298.6058480946259,-2.483466371409129,-0.5845272962905476,0.013317098124924565
outer,0.3154122673756003,298.5219028182334,-2.48326699455011,-0.5813440026547986,0.013581445857290063
outer,0.32670101865050644,298.7730695018226,-2.483629489856682,-0.590895973737265,0.014069555407663028
outer,0.333486003424132,298.6895681562812,-2.48342161242287,-0.5877217379353094,0.014360508986106975
outer,0.3402654365892286,298.60584809462586,-2.48321295982348,-0.5845431810099647,0.014651318829272321
outer,0.3470396989474507,298.52190281823334,-2.4830035317579613,-0.5813602872836161,0.01494200790443263
outer,0.35650930999023356,298.77306950182253,-2.4833730446016657,-0.5909124954280167,0.015351961598795753
outer,0.3639105567913305,298.6895681562812,-2.4831545621459346,-0.5877387166915885,0.015669258673413004
outer,0.3713057477460874,298.60584809462586,-2.4829351003882545,-0.5845606069678617,0.01598639600863017
outer,0.37869529824349474,298.52190281823334,-2.4827146597009837,-0.5813781498371487,0.01630339864924283
outer,0.3863503509359367,298.77306950182253,-2.4830939397016865,-0.5909304700459547,0.016635394674934245
outer,0.39436769184658643,298.6895681562812,-2.4828639243996116,-0.5877571876099386,0.016979006855499485
outer,0.40237847281053557,298.60584809462586,-2.4826327080304154,-0.584579563330387,0.01732244252094755
outer,0.41038314379454416,298.52190281823334,-2.4824002917104693,-0.5813975799830666,0.01766572879088328
outer,0.4162170301009248,298.77306950182253,-2.4827921284725734,-0.5909498976567267,0.017919576489809144
outer,0.4248503336656471,298.6895681562812,-2.4825496517834127,-0.5877771504835612,0.018289474535389417
outer,0.4334765732908367,298.60584809462586,-2.482305734673309,-0.5846000496020819,0.018659178449825335
outer,0.4420962335136947,298.52190281823334,-2.48206037905812,-0.5814185769062604,0.01902871742547778
outer,0.4461133685056776,298.77306950182253,-2.4824674774550277,-0.5909708172954731,0.019204681568831074
outer,0.4553624826518736,298.6895681562812,-2.4822116100325107,-0.5877986426142823,0.01960083246925488
outer,0.464604028990179,298.6058480946259,-2.4819540453010807,-0.5846221013829065,0.019996770726561308
outer,0.47383852661958487,298.5219028182334,-2.4816947860323033,-0.5814411745341028,0.02039252760364322
outer,0.47605813378090445,298.7730695018226,-2.482119845731123,-0.5909932212108434,0.020491342276996526
outer,0.485922810208268,298.6895681562812,-2.4818496550214504,-0.5878216571986288,0.020913708807826295
outer,0.4957794151624804,298.6058480946259,-2.4815774926115814,-0.58464571272747,0.02133584322055155
outer,0.5056285022905829,298.5219028182334,-2.481303362195682,-0.581465367695229,0.02175777884513045
outer,0.5060354803278667,298.77306950182253,-2.481749205454863,-0.5910170816114066,0.021778961648822016
outer,0.5165155519816053,298.6895681562812,-2.481463757558972,-0.5878461670290338,0.022227507434015387
outer,0.5269870486336197,298.6058480946259,-2.481176046086863,-0.584670856933076,0.02267580059187997
outer,0.5360464901375278,298.7730695018226,-2.481355411923232,-0.5910424546191352,0.023067594565974313
outer,0.5374505584695869,298.52190281823334,-2.480886075723413,-0.5814911301124271,0.02312387651673229
outer,0.5471417844150963,298.6895681562812,-2.481053773254014,-0.5878722256625036,0.02354227993671657
outer,0.5582280003036861,298.60584809462586,-2.4807495617130817,-0.5846975850520932,0.02401669107102037
outer,0.5661126421528304,298.7730695018226,-2.4809382577248624,-0.5910693500072141,0.024357994666891716
outer,0.5693057605177374,298.52190281823334,-2.4804427830346816,-0.5815185103820554,0.02449086542529899
outer,0.5778228763222046,298.68956815628127,-2.480619490841609,-0.5878998431954752,0.024858774677705836
outer,0.5895235289466355,298.60584809462586,-2.480297824439528,-0.5847259074410078,0.025359257679401583
outer,0.5962253017679471,298.77306950182253,-2.4804976796141243,-0.5910977312171203,0.025649823425785933
outer,0.6012152572535508,298.52190281823334,-2.479973265356623,-0.581547519048009,0.025859483187503064
outer,0.6085502373695078,298.6895681562812,-2.4801608441612113,-0.5879289841943003,0.02617665280684639
outer,0.6208650884653194,298.6058480946259,-2.479820765208176,-0.5847557896640901,0.026703161177189447
outer,0.6263792115171345,298.77306950182253,-2.480033585887771,-0.5911276264083896,0.02694286629113774
outer,0.6331705467823119,298.5219028182334,-2.479477450765275,-0.5815781225567243,0.027229390109039537
outer,0.6393186370480665,298.68956815628127,-2.4796777417060003,-0.5879596752466298,0.027495698292299406
outer,0.652247475285415,298.6058480946259,-2.4793182927579718,-0.58478725674047,0.028048183979605394
outer,0.656584209697012,298.7730695018226,-2.4795457121300726,-0.5911590837837827,0.0282375033138866
outer,0.6651664524439075,298.5219028182334,-2.4789552483026087,-0.5816103443669737,0.028600366979911113
outer,0.6701378632102414,298.68956815628127,-2.479169917122208,-0.5879919626773857,0.028816286774737944
outer,0.6836804268564476,298.60584809462586,-2.4787901388992855,-0.5848203531407585,0.029394697246688986
outer,0.6868580074793429,298.7730695018226,-2.4790338638407876,-0.5911920874662723,0.02953433151006714
outer,0.6972126613233469,298.5219028182334,-2.4784063880282146,-0.5816442270951794,0.029972780409619044
outer,0.7010255362169037,298.68956815628127,-2.4786371703800194,-0.5880258320320876,0.030139010667524925
outer,0.7151814728025924,298.60584809462586,-2.4782360981185776,-0.5848550656810457,0.030743288728790605
outer,0.7171812079037803,298.7730695018226,-2.478498030386161,-0.5912266041749209,0.030832624107257376
outer,0.7293266123774204,298.5219028182334,-2.477830658992388,-0.5816797586744631,0.031347213425775636
outer,0.7319623585622773,298.6895681562812,-2.478079489400656,-0.5880612502952842,0.03146314415589068
outer,0.7467314149912732,298.60584809462586,-2.4776561569096147,-0.5848913615081721,0.03209323350613403
outer,0.7475554506781665,298.7730695018226,-2.4779379646866344,-0.5912627095055129,0.03213244497249515
outer,0.7614892067709267,298.5219028182334,-2.4772280462936913,-0.5817169063228268,0.032722941941230495
outer,0.7629499615468538,298.6895681562812,-2.4774966278690775,-0.5880982896477323,0.0327887482117684
outer,0.7780081756922259,298.7730695018226,-2.477353323174948,-0.5913004250750232,0.03343476689029786
outer,0.7783318763225509,298.6058480946259,-2.4770500698432047,-0.5849293094696312,0.03344458956816801
outer,0.7937020590098068,298.5219028182334,-2.476598305493956,-0.5817557356142855,0.03410002087633479
outer,0.7940156443670199,298.6895681562812,-2.476888235870904,-0.5881369720361596,0.034116788856287356
outer,0.8085285472193507,298.7730695018226,-2.476744025764785,-0.5913396999580571,0.034739183046935636
outer,0.8100100154147383,298.6058480946259,-2.4764174807561083,-0.5849689317286095,0.03479831611070712
outer,0.8251486268546566,298.6895681562812,-2.4762542289903866,-0.5881772478010788,0.03544685848146646
outer,0.8259921872415731,298.5219028182334,-2.475941074278336,-0.5817962688094162,0.03547940254032063
outer,0.8391090772156361,298.77306950182253,-2.4761100047917406,-0.5913805557943633,0.0360453624717541
outer,0.8417551076124562,298.6058480946259,-2.4757583009116124,-0.5850101797108641,0.036154004683413274
outer,0.8563414593593272,298.68956815628127,-2.4755945402687587,-0.5882191370292135,0.03677862542445025
outer,0.8583489222812466,298.5219028182334,-2.4752562596148233,-0.581838458252453,0.03686067759220004
outer,0.8697539558167431,298.7730695018226,-2.4754508453911686,-0.5914230694571591,0.03735350134854264
outer,0.8735597416275409,298.6058480946259,-2.475072464100107,-0.5850530719194529,0.037511322851037754
outer,0.88759831053258,298.68956815628127,-2.474908752929092,-0.5882627130467571,0.03811228229915898
outer,0.8907648911737264,298.52190281823334,-2.474543796088587,-0.5818823208262219,0.038243512744077904
outer,0.900501098922697,298.7730695018226,-2.474766143957193,-0.5914672514783682,0.038664919837771344
outer,0.9054280646448832,298.6058480946259,-2.4743595518354735,-0.5850976782134094,0.03887045956450017
outer,0.9189569018672847,298.6895681562812,-2.4741964540007557,-0.5883079880974532,0.03944914058635889
outer,0.9232442196535809,298.5219028182334,-2.4738032636865324,-0.5819279229736816,0.03962809319364542
outer,0.9313183232483863,298.77306950182253,-2.474055933227731,-0.591513022154267,0.03997846015296112
outer,0.9373976039093265,298.6058480946259,-2.473619141849745,-0.585144012317175,0.04023271757340322
outer,0.9503852150924784,298.68956815628127,-2.4734576737740634,-0.5883548832513669,0.04078804452841145
outer,0.955824240865765,298.52190281823334,-2.473034230930825,-0.5819752796844295,0.04101571290912593
outer,0.9622080686895685,298.7730695018226,-2.4733200383120657,-0.591560455952595,0.041294126737926484
outer,0.9694365060289974,298.6058480946259,-2.472851261948859,-0.5851919958712344,0.04159694310654928
outer,0.9818856775938049,298.68956815628127,-2.472692239168136,-0.5884034697042221,0.04212899678591532
outer,0.9884732661717994,298.5219028182334,-2.47223672310875,-0.5820243129634177,0.04240522006382481
outer,0.9931830776277016,298.7730695018226,-2.4725579262854107,-0.5916096144146608,0.04261242158045861
outer,1.0015471858897054,298.60584809462586,-2.4720557410113266,-0.5852416968652222,0.04296313693578827
outer,1.0134709664183275,298.68956815628127,-2.471899611380854,-0.5884538065816388,0.04347249413105428
outer,1.0211936979670735,298.5219028182334,-2.4714105711943763,-0.5820750876387656,0.0437966134372996
outer,1.0242694765647946,298.77306950182253,-2.471769192974707,-0.5916604953928738,0.043934253122426145
outer,1.0337422552576037,298.60584809462597,-2.4712320345669285,-0.5852931719784009,0.044331790537415344
outer,1.045167074109046,298.68956815628127,-2.471079377003659,-0.5885058932640772,0.044819437497406876
outer,1.0539980827867523,298.5219028182334,-2.470555225262494,-0.5821276579100126,0.0451903791319335
outer,1.0554396511184125,298.7730695018226,-2.470953843833728,-0.5917130382298187,0.04525861066254725
outer,1.0660475728261447,298.6058480946259,-2.470379720021525,-0.585346421852912,0.04570379729351286
outer,1.0769465278714387,298.6895681562812,-2.470231540103074,-0.5885596689410258,0.04616881750479816
outer,1.086696636602215,298.7730695018226,-2.47011165357763,-0.5917673136630488,0.04658552145926363
outer,1.0869121455768749,298.5219028182334,-2.469670253577152,-0.5821820254047338,0.046587402936298795
outer,1.0984358072730491,298.6058480946259,-2.469498800023438,-0.5854013853301486,0.04707814909569773
outer,1.1088123474560747,298.68956815628127,-2.469355875790693,-0.5886152010762673,0.047520659431813786
outer,1.118054008624821,298.77306950182253,-2.4692419823940055,-0.5918233919617829,0.04791551663889195
outer,1.119908696379215,298.5219028182334,-2.4687556573584115,-0.5822381284335665,0.04798667796563793
outer,1.130909962798417,298.6058480946259,-2.4685890502620196,-0.5854581266347719,0.04845486914082338
outer,1.140778038865058,298.6895681562812,-2.4684517367761516,-0.5886725570958512,0.04887548884759463
outer,1.149540517148922,298.77306950182265,-2.468344316051558,-0.5918812786501326,0.04924959936677321
outer,1.1529907238556165,298.5219028182334,-2.467811213050897,-0.5822960280066242,0.049388225235064934
outer,1.1634834758548824,298.6058480946259,-2.467649816240755,-0.5855167103219705,0.04983447736091447
outer,1.1728722046506648,298.68956815628127,-2.4675185984619805,-0.5887317439438011,0.05023430037295305
outer,1.181126668665875,298.77306950182253,-2.4674186452944573,-0.5919409028366539,0.050586695722432615
outer,1.186171594961965,298.5219028182334,-2.466836259197475,-0.582355785748441,0.0507925589613995
outer,1.1961848017047618,298.60584809462597,-2.466680563014957,-0.585577144420382,0.05121795979127021
outer,1.2050655025270585,298.68956815628127,-2.4665564502692967,-0.5887926902880236,0.051596021349284954
outer,1.212816202900169,298.77306950182253,-2.4664647957115533,-0.5920023269415341,0.05192682351330792
outer,1.219479617783284,298.52190281823346,-2.465830250549863,-0.5824174104503657,0.05220065655368458
outer,1.2289847491614143,298.60584809462597,-2.465681278638443,-0.585639356926957,0.052604244986111666
outer,1.2373616530439009,298.6895681562812,-2.4655651180978944,-0.5888554555501838,0.052960667615518306
outer,1.2446130834074465,298.77306950182265,-2.4654820426990813,-0.5920656352975231,0.0532701858457559
outer,1.2528857521166625,298.5219028182334,-2.4647931737611657,-0.5824808292055442,0.05361144773225125
outer,1.2618870196154006,298.6058480946259,-2.464651789496577,-0.5857034042531016,0.05399334671309183
outer,1.2697645994344646,298.6895681562812,-2.464543869491736,-0.5889201194878385,0.05432843818312892
outer,1.276565942067271,298.77306950182253,-2.464469566121475,-0.5921308815414775,0.054618486715982684
outer,1.2863936802082157,298.5219028182334,-2.463724855872579,-0.5825460953894068,0.05502494409396902
outer,1.2948955359941616,298.6058480946259,-2.4635913556653555,-0.585769361616142,0.055385459797291474
outer,1.3023227242267446,298.68956815628127,-2.4634918705042756,-0.5889867369218187,0.05570102474173608
outer,1.3086392535604934,298.7730695018226,-2.4634273054808595,-0.5921979489883081,0.05597047440727779
outer,1.3200073046950231,298.5219028182334,-2.4626245498491586,-0.5826132796817046,0.056441336187849814
outer,1.328058431678239,298.6058480946259,-2.4624991294652703,-0.5858372846328364,0.05678226357318736
outer,1.3350006842515507,298.6895681562812,-2.462409057887527,-0.589055191284511,0.05707717658423918
outer,1.3408351966520033,298.7730695018226,-2.46235511466672,-0.5922669087871242,0.05732608279923464
outer,1.3537745100002427,298.5219028182334,-2.4614913943820325,-0.5826824381144383,0.05786229094706491
outer,1.3613405454992975,298.6058480946259,-2.461375044772781,-0.5859070564784605,0.05818250831183683
outer,1.367800647102495,298.68956815628127,-2.4612952863085176,-0.5891255499799377,0.05845682609239437
outer,1.37315860055405,298.7730695018226,-2.4612524530266358,-0.5923378060098715,0.05868546957660371
outer,1.3876603168175192,298.5219028182334,-2.4603253203787014,-0.5827534532426284,0.05928655959428782
outer,1.3947440338887798,298.6058480946259,-2.460218957277936,-0.5859787408225157,0.05958612478839597
outer,1.4007274172309785,298.68956815628127,-2.460150008419029,-0.5891978550935948,0.05984012666165639
outer,1.4056261755516277,298.7730695018226,-2.4601184114121195,-0.5924107295540709,0.06004926439882811
outer,1.4216668704248276,298.5219028182334,-2.459126184760529,-0.5828263849697167,0.06071407119475168
outer,1.428273676557392,298.6058480946259,-2.459030313174545,-0.5860523766223228,0.060993262037453706
outer,1.4337976192427386,298.68956815628127,-2.4589723032631916,-0.5892721916796824,0.06122770102438872
outer,1.4382673482787316,298.77306950182253,-2.4589522003740902,-0.5924856930761171,0.06141848756417337
outer,1.4557989258109059,298.5219028182334,-2.457893427505883,-0.5829012689820834,0.06214497035156274
outer,1.4619460125020947,298.6058480946259,-2.4578081800593243,-0.586128044976054,0.06240453578547856
outer,1.4670405288919555,298.6895681562812,-2.4577613691519717,-0.5893485741162209,0.06262055941194763
outer,1.4710535202891557,298.7730695018226,-2.4577536897106023,-0.5925626146733969,0.06279209469321488
outer,1.4900729364291265,298.52190281823346,-2.4566261051001486,-0.5829781822670536,0.06357986570703032
outer,1.4957901667204045,298.6058480946259,-2.456551743996006,-0.586205760487331,0.06382094614726355
outer,1.5004276943659678,298.68956815628127,-2.4565170741771545,-0.5894269189258932,0.06401765782241234
outer,1.5039905292541809,298.7730695018226,-2.456522570919636,-0.5926415709413508,0.06417016393268193
outer,1.5245178766355043,298.52190281823346,-2.4553233913961807,-0.5830571391621441,0.06501974721602877
outer,1.5297778339133115,298.60584809462586,-2.455260871319051,-0.5862854377376119,0.0652414494359657
outer,1.5339649234044423,298.68956815628127,-2.455239107395764,-0.5895072984599412,0.06541907141587588
outer,1.5370845339745496,298.7730695018226,-2.455258239686632,-0.5927225916162197,0.06555287862797864
outer,1.5591055875327753,298.5219028182334,-2.4539851509716493,-0.5831380519527685,0.06646357146099667
outer,1.5639147919132421,298.60584809462597,-2.453935248970864,-0.5863671447431946,0.06666611772031464
outer,1.5676583432298439,298.68956815628127,-2.4539268566579966,-0.5895897395346962,0.06682497824957437
outer,1.57034202910104,298.7730695018226,-2.4539597152213317,-0.5928057723951626,0.06694050329580806
outer,1.59384181706918,298.5219028182334,-2.4526110689535665,-0.5832209841928677,0.06791140733282841
outer,1.5982071363903896,298.6058480946259,-2.452574257230397,-0.5864509051080323,0.06809512372349664
outer,1.6015144151927978,298.68956815628127,-2.4525793285642843,-0.589674331876066,0.06823563717518728
outer,1.6038075061506907,298.77306950182265,-2.452625793344347,-0.5928911883865484,0.0683345793275749
outer,1.628732629386505,298.5219028182334,-2.4512005183097774,-0.5833059559904605,0.06936342218396799
outer,1.6326612954225017,298.6058480946259,-2.451176890622034,-0.5865368024832973,0.06952872058447804
outer,1.6355774026879333,298.68956815628127,-2.4511953025935713,-0.5897611497026557,0.06965257630125368
outer,1.6374572454134264,298.7730695018226,-2.4512560665644316,-0.5929787279717428,0.06973426325608807
outer,1.663784419314965,298.52190281823346,-2.4497524819740453,-0.5833930447845547,0.07081986339590171
outer,1.667321304468205,298.6058480946259,-2.4497419124851585,-0.5866249097087306,0.07096842311386134
outer,1.669823707623785,298.6895681562812,-2.449774366526399,-0.5898500799380035,0.07107495017441001
outer,1.671292352945916,298.77306950182265,-2.449850189953329,-0.5930684568137465,0.07113945619394581
outer,1.6990409945512217,298.5219028182334,-2.448265707328413,-0.5834823215165351,0.07228223246461069
outer,1.702163686955359,298.6058480946259,-2.448268905749755,-0.5867151117136193,0.07241338386538572
outer,1.7042544303858633,298.68956815628127,-2.448316172564527,-0.5899411830605241,0.07250265712179345
outer,1.7053205992264904,298.77306950182253,-2.4484074276405816,-0.5931604200868402,0.07255037155697214
outer,1.7344789999495893,298.5219028182334,-2.446739772374378,-0.5835736685827445,0.07374967994630871
outer,1.7371895376028965,298.60584809462597,-2.446757519971683,-0.5868074635974165,0.07386349829210212
outer,1.7388773016108359,298.68956815628127,-2.4468199759751297,-0.5900344999523356,0.07393590469403724
outer,1.7395501623235983,298.7730695018226,-2.446926937694005,-0.5932546543880057,0.07396725222250701
outer,1.7700995245669005,298.5219028182334,-2.4451743242586494,-0.5836671354655038,0.07522209834256996
outer,1.7724065472383395,298.6058480946259,-2.4452070017999246,-0.5869020015765279,0.07531896801272983
outer,1.7737004574353803,298.68956815628127,-2.4452849244693917,-0.5901300628824063,0.07537492921306385
outer,1.7739896461283746,298.7730695018226,-2.445407828528003,-0.5933511976570338,0.07539035368483864
outer,1.8059102194517593,298.5219028182334,-2.4435686012787645,-0.5837627533134123,0.07669968329274092
outer,1.8078228101010967,298.6058480946259,-2.4436164888728746,-0.5869987531498632,0.07678002274466852
outer,1.8086480993397014,298.7730695018226,-2.443848855311518,-0.5934501509896106,0.07682000158506842
outer,1.8087324576358286,298.68956815628127,-2.4437101155832077,-0.590227905110223,0.07681997931690622
outer,1.841919136978315,298.5219028182334,-2.4419217313136223,-0.5838605444059655,0.07818265788354711
outer,1.8434468418886258,298.6058480946259,-2.44198506817119,-0.5870977464271316,0.07824690423943134
outer,1.8435658774533719,298.77306950182253,-2.4422485356305788,-0.5935515869877022,0.07825755669976558
outer,1.843982304515371,298.68956815628127,-2.4420942883876133,-0.590328120138985,0.07827137327016571
outer,1.8781347487987885,298.5219028182334,-2.4402327911233805,-0.5839605312221522,0.0796712569705842
outer,1.8787243693275137,298.7730695018226,-2.440606146279731,-0.5936554028193051,0.07970233354350953
outer,1.8792875985463873,298.6058480946259,-2.440311463264242,-0.5871990669800874,0.07971992335790848
outer,1.879490146654057,298.6895681562813,-2.4404359423610082,-0.590430777453246,0.07973045790210889
outer,1.9141303018143632,298.7730695018226,-2.438920982466698,-0.5937616816227922,0.08115442667653641
outer,1.9145659645362778,298.5219028182334,-2.438500489347759,-0.5840627910178893,0.08116578400624158
outer,1.9152374683354083,298.68956815628127,-2.438734347285322,-0.5905357699976304,0.08119654402562054
outer,1.915385021907995,298.6058480946259,-2.438594155850758,-0.587302780464316,0.08120041299650077
outer,1.949794394130347,298.7730695018226,-2.437191913148821,-0.593870472226988,0.08261413828738315
outer,1.9512309619208097,298.6895681562812,-2.4369887908930346,-0.5906431732544083,0.08266972082534838
outer,1.9512525194357175,298.5219028182334,-2.4367232902387763,-0.5841673848882615,0.08266755799082112
outer,1.9517206916043515,298.6058480946259,-2.4368324088088644,-0.5874087749035825,0.08268768030964027
outer,1.9857279016280207,298.77306950182265,-2.4354176975211397,-0.5939818177778603,0.08408179398403887
outer,1.9874812916658382,298.68956815628127,-2.435198129363259,-0.5907530290942299,0.08415028241709946
outer,1.9881760884024153,298.5219028182334,-2.434900449890625,-0.5842741952166529,0.08417588248684446
outer,1.9883012655342338,298.6058480946259,-2.435025502835453,-0.5875171177177143,0.08418180910373348
outer,2.0219426391029693,298.7730695018226,-2.43359702133881,-0.5940957621467411,0.0855577340724529
outer,2.0239996552132333,298.6895681562813,-2.433361108000929,-0.5908653733409247,0.08563854576658282
outer,2.025137353037304,298.6058480946259,-2.4331722817297976,-0.5876278432009429,0.0856830854547243
outer,2.025343294899105,298.5219028182334,-2.4330312423839255,-0.5843832808971166,0.08569083594624667
outer,2.0584510050114155,298.77306950182253,-2.4317284923947144,-0.5942123497961846,0.08704231389725753
outer,2.0607978067802084,298.68956815628127,-2.431476398017695,-0.59098024195148,0.08713484217485193
outer,2.062240094093607,298.6058480946259,-2.431271477307109,-0.5877409791545849,0.08719181773360238
outer,2.0627646933912627,298.52190281823334,-2.431114499533422,-0.5844946679816979,0.08721269646790795
outer,2.0952660066238797,298.7730695018226,-2.429810635691911,-0.5943316255940909,0.08853590414685743
outer,2.0978880812520955,298.68956815628127,-2.429542591971089,-0.5910976708064689,0.08863951759136965
outer,2.099621182391706,298.6058480946259,-2.4293217466551704,-0.5878565528503837,0.08870832830012185
outer,2.1004513662403106,298.5219028182334,-2.4291489400609425,-0.5846083754925566,0.0887417639137428
outer,2.1324012861390576,298.77306950182253,-2.427841888287627,-0.5944536345359088,0.09003889111657795
outer,2.135283419206897,298.6895681562812,-2.427558198912618,-0.5912176954324598,0.09015293289589857
outer,2.1372928892979473,298.6058480946259,-2.427321667543685,-0.5879745907367904,0.09023295379635002
outer,2.1384149466522118,298.5219028182334,-2.4271332073491876,-0.5847244211909575,0.09027835181256964
outer,2.1698711477818944,298.7730695018226,-2.4258205938470767,-0.5945784213812507,0.09155167693066933
outer,2.17299739289533,298.6895681562812,-2.4255216392333803,-0.5913403506283066,0.09167546414603754
outer,2.17526808875242,298.6058480946259,-2.4252697335645332,-0.5880951180730898,0.09176604541595292
outer,2.176667642522877,298.5219028182334,-2.425065864835312,-0.5848428211991149,0.09182278764578664
outer,2.207690585908187,298.77306950182253,-2.4237449969260325,-0.5947060301927928,0.09307467973721666
outer,2.2110442331999187,298.6895681562812,-2.4234312392434196,-0.5914656700054182,0.09320750280022497
outer,2.213560283115111,298.6058480946259,-2.4231643489949075,-0.5882181584701308,0.09330796915214806
outer,2.215222261205269,298.5219028182334,-2.4229453911492094,-0.5849635895500548,0.09337541311470357
outer,2.245875314137699,298.7730695018226,-2.421613237023078,-0.5948365038071362,0.09460833390428774
outer,2.2494388575954813,298.68956815628127,-2.421285225502414,-0.5915936854548521,0.09474945593163968
outer,2.252183629986072,298.6058480946259,-2.4210038233913376,-0.5883437333424152,0.09485910603396373
outer,2.254092235221926,298.5219028182334,-2.420770174973044,-0.5850867376334364,0.09493658440067125
outer,2.2844417955354395,298.7730695018226,-2.4194233423884035,-0.5949698832923047,0.09615309022705441
outer,2.2881968991329886,298.68956815628127,-2.4190817189147773,-0.5917244265790311,0.09630174645037896
outer,2.2911529700221416,298.6058480946259,-2.41878636594181,-0.5884718613104473,0.09641985236354697
outer,2.2932916489464037,298.5219028182334,-2.418538509644204,-0.5852122735762278,0.09650667242141973
outer,2.3234072738595177,298.7730695018226,-2.4171732235350376,-0.5951062074394782,0.09770941613090121
outer,2.3273347364658337,298.68956815628127,-2.416818728494884,-0.591857920078206,0.09786481332304796
outer,2.330483855771349,298.6058480946259,-2.416510079531675,-0.5886025575565241,0.0979906199559717
outer,2.332835266276085,298.5219028182334,-2.4162485874934703,-0.5853402015729429,0.09808606309085285
outer,2.362789805892269,298.77306950182253,-2.414860666174542,-0.595245512109659,0.09927779581999499
outer,2.3668695249379463,298.68956815628127,-2.414494144711227,-0.5919941890721877,0.09943911176158374
outer,2.37019258154468,298.6058480946259,-2.4141729544138104,-0.5887358330929713,0.09957183636396451
outer,2.372738559317428,298.5219028182334,-2.413898493824118,-0.585470521123474,0.0996751575746447
outer,2.402608294867988,298.7730695018226,-2.4124833235247203,-0.5953878293660614,0.10085873032153568
outer,2.4068192287485153,298.6895681562812,-2.4121057322742536,-0.592133252238997,0.10102511334805066
outer,2.4102962143439437,298.6058480946259,-2.4117728614163885,-0.5888716939065302,0.10116394506037032
outer,2.4130177381033846,298.5219028182334,-2.4114862004745112,-0.5856032261607163,0.10127437252204503
outer,2.4428825250090695,298.77306950182253,-2.410038708087358,-0.5955331863576621,0.10245273742870326
outer,2.447202654208883,298.68956815628127,-2.4096511223941475,-0.5922751227393908,0.10262330607599299
outer,2.4508126258612095,298.6058480946259,-2.409307544634237,-0.5890101398989009,0.10276740556483482
outer,2.453689781361125,298.52190281823346,-2.409009558925219,-0.5857383040273983,0.1028841402592308
outer,2.483633197178551,298.7730695018226,-2.4075241830225917,-0.5956816039665815,0.10406035158988698
outer,2.48803948410119,298.6895681562812,-2.407127804611948,-0.5924198069336711,0.10423419433495211
outer,2.49176052556395,298.6058480946259,-2.406774613674365,-0.589151163640615,0.10438269351691079
outer,2.494772468345925,298.5219028182334,-2.4064662929213454,-0.5858757342427253,0.10450490894393574
outer,2.5248819656535844,298.7730695018226,-2.4049369532526383,-0.5958330953567035,0.10568212379084951
outer,2.529350313148529,298.6895681562812,-2.4045331182167073,-0.5925673028845826,0.10585829887179797
outer,2.533159494877355,298.60584809462586,-2.4041715354803914,-0.5892947489245876,0.1060103007216201
outer,2.5362844117555845,298.5219028182334,-2.403853990670399,-0.5860154870891852,0.10613714269276595
outer,2.5666514760208026,298.77306950182253,-2.402273465462295,-0.595987804070063,0.10731871584408167
outer,2.571156684599519,298.68956815628127,-2.401864243281004,-0.5927175987387989,0.10749615674107404
outer,2.575030022471137,298.60584809462586,-2.401495625700392,-0.5894408691155337,0.10765073518503884
outer,2.5782450917352366,298.52190281823334,-2.401170096589362,-0.5861575220020195,0.10778132169884654
outer,2.6090140455546624,298.7730695018226,-2.3995290914076817,-0.596145855923173,0.1089723896352473
outer,2.613481127929379,298.68956815628127,-2.39911758990112,-0.5928708058348036,0.10914841444772369
outer,2.6173935406562174,298.6058480946259,-2.398744039557889,-0.5895894853257356,0.10930452113491632
outer,2.6206748909823787,298.5219028182334,-2.3984119025466515,-0.5863017857571988,0.10943794234599578
outer,2.6519766429667513,298.77306950182253,-2.396700359004564,-0.5963069707178787,0.1106431554800054
outer,2.6563955896184606,298.68956815628127,-2.3962884854319015,-0.593027019769282,0.11081730753814598
outer,2.660272462891663,298.6058480946259,-2.395913150596423,-0.5897406745645951,0.11097229103898561
outer,2.6635951309548136,298.5219028182334,-2.3955765385040886,-0.5864482104254218,0.11110751731081889
outer,2.695546041442812,298.7730695018226,-2.393784637545563,-0.5964710913227484,0.11233091303858794
outer,2.699907002647391,298.68956815628127,-2.3933734320874223,-0.5931859299987144,0.11250283351470025
outer,2.7037383651668687,298.60584809462586,-2.3929982414776667,-0.5898944996051423,0.11265625562227997
outer,2.70702810918385,298.52190281823334,-2.392660341015377,-0.5865968366020254,0.11279066648907735
outer,2.739750045773689,298.7730695018226,-2.390778453236384,-0.5966382222302997,0.11403627965416972
outer,2.744022105473715,298.68956815628127,-2.390369778757041,-0.5933474423822186,0.11420488385579035
outer,2.747798144760913,298.6058480946259,-2.389995787580237,-0.5900506169032048,0.11435640132892973
outer,2.751045031450614,298.5219028182334,-2.3896585472138194,-0.5867476917301143,0.11448957751074454
outer,2.7846176917015786,298.7730695018226,-2.3876761514915037,-0.5968086622669562,0.11576016815140239
outer,2.78876856032396,298.68956815628127,-2.387274021029567,-0.5935115202162238,0.11592406304666455
outer,2.792458505431337,298.6058480946259,-2.386903115876749,-0.5902088929533714,0.11607261336119874
outer,2.795652759359809,298.5219028182334,-2.386567603896678,-0.5869003967837739,0.11620422771173727
outer,2.8303021787154186,298.77306950182253,-2.384470049078467,-0.5969824825457541,0.11750732099078098
outer,2.8341752540646636,298.68956815628127,-2.3840804400649334,-0.5936784046634911,0.11766126642539015
outer,2.8377469669572926,298.6058480946259,-2.3837166893492565,-0.5903692472809372,0.11780548553262825
outer,2.8408579619955874,298.5219028182334,-2.3833848138880454,-0.5870547767593162,0.11793449810174315
outer,2.876734760053881,298.77306950182265,-2.381156709544772,-0.5971587439666949,0.11927509192206141
outer,2.8803946006810883,298.6895681562812,-2.3807812812442757,-0.5938481205442442,0.11942119357967135
outer,2.883692267451232,298.6058480946259,-2.3804307230264334,-0.5905318606827067,0.11955589827477146
outer,2.886688016798017,298.52190281823334,-2.380106604881795,-0.5872107052338424,0.1196809741643114
outer,2.923942532200674,298.7730695018226,-2.377731522465691,-0.5973380101558021,0.12106409797754612
outer,2.927358205898939,298.68956815628127,-2.3773730885968307,-0.5940196791781268,0.12120120448080482
outer,2.9304460360375204,298.6058480946259,-2.3770373879695255,-0.5906967082524393,0.12132851133167653
outer,2.9331715132392544,298.52190281823334,-2.376727123126187,-0.5873683004291669,0.12144452415273811
outer,2.9721009148663278,298.7730695018226,-2.3741848338878553,-0.5975203850370846,0.12287971093253383
outer,2.9750930272694442,298.6895681562812,-2.3738511900662616,-0.5941935673215596,0.12300190887889145
outer,2.9779402306405585,298.6058480946259,-2.3735332037955317,-0.5908627491705303,0.1231206941149755
outer,2.9804592961813188,298.5219028182334,-2.3732384616133975,-0.5875274849452872,0.12322977107179199
outer,3.0211654850333844,298.7730695018226,-2.370510478987649,-0.5977048964153956,0.12472009647972415
outer,3.0237735850690877,298.6895681562812,-2.370205833853145,-0.594369820307986,0.12482863426711416
outer,3.026201669992628,298.6058480946259,-2.3699134324139512,-0.5910303917230345,0.1249330525557624
outer,3.028483675478566,298.52190281823334,-2.3696371099614573,-0.5876871641864528,0.125034096921663
outer,3.071207060066456,298.77306950182253,-2.3667012102194263,-0.5978919393115313,0.12658718483323786
outer,3.0733556840517897,298.6895681562812,-2.3664307976639254,-0.5945473915969723,0.12667955064670475
outer,3.0754039756723257,298.60584809462586,-2.366168218630672,-0.5911996000826784,0.12677087392626019
outer,3.0772713311503814,298.52190281823334,-2.3659182589399705,-0.5878476674148034,0.1268581071148222
outer,3.122367759010755,298.7730695018226,-2.362746314357647,-0.598081154971966,0.1284850477108796
outer,3.123909778478386,298.68956815628127,-2.3625187389813673,-0.5947265800579838,0.12855657639754503
outer,3.1255031800183395,298.60584809462586,-2.362291274962775,-0.5913692520596453,0.12863233662179052
outer,3.1269949867626936,298.5219028182334,-2.3620719437574578,-0.5880088863199404,0.12870705241692768
outer,3.1746195764026894,298.7730695018225,-2.358637006773545,-0.5982718400509959,0.13041241307038884
outer,3.1755772587035165,298.68956815628127,-2.358458827847351,-0.5949069351945432,0.13046375415711897
outer,3.1765693744849726,298.6058480946259,-2.3582751561026045,-0.591539550346132,0.13051935133988957
outer,3.177610902065632,298.5219028182334,-2.3580918036942933,-0.5881696232276978,0.13057912311195785
outer,3.2281473691578,298.77306950182253,-2.3543611009995833,-0.5984641602508929,0.1323746411088629
outer,3.2283302628567276,298.68956815628127,-2.35424216687974,-0.5950876422912362,0.1323998215548398
outer,3.2287432213325045,298.60584809462586,-2.3541089058895333,-0.5917099526197335,0.13243593590734332
outer,3.2291888059835454,298.52190281823334,-2.3539702829807747,-0.5883299864007302,0.13247622559561284
outer,3.281868633237706,298.52190281823334,-2.3496962904177234,-0.5884893436845187,0.13440235608869633
outer,3.2819970021660674,298.60584809462586,-2.349783504131523,-0.5918795351185158,0.134380841648864
outer,3.2823527000319297,298.6895681562812,-2.349856410887599,-0.5952687477475035,0.1343701107581309
outer,3.2829883465450527,298.77306950182253,-2.3499068491664774,-0.5986567847719976,0.1343722397471576
outer,3.33562280879942,298.5219028182334,-2.345260674311729,-0.5886466669528814,0.13635628224654367
outer,3.336513679033539,298.6058480946259,-2.3452864368815374,-0.5920482287561039,0.13635937639445625
outer,3.337681588714017,298.68956815628127,-2.3452896636492566,-0.595448800136973,0.1363751339856385
outer,3.3391959852795505,298.77306950182253,-2.345261393474866,-0.5988496631698376,0.13640655123869339
outer,3.3906333483928477,298.5219028182334,-2.340650744044925,-0.5888017780399055,0.13834328950661687
outer,3.3923300797918676,298.6058480946259,-2.340605648470112,-0.5922144674539068,0.1383720593861537
outer,3.3943701314256796,298.68956815628115,-2.340528867202771,-0.5956275957673618,0.13841623953714605
outer,3.397054948813248,298.7730695018226,-2.340404676676001,-0.5990423939143522,0.1384858771437176
outer,3.4469368893923327,298.5219028182334,-2.335854276591049,-0.5889530049447982,0.1403639046952287
outer,3.449499132995497,298.6058480946259,-2.335727872789347,-0.5923779046183605,0.14042024692241217
outer,3.452701532056629,298.6895681562812,-2.3355537001109656,-0.5958045785728799,0.14050168689679962
outer,3.4565613789760192,298.77306950182253,-2.3353202533785824,-0.599232780778616,0.1406092738468323
outer,3.5045860865931737,298.52190281823334,-2.330857794143451,-0.5890998714093424,0.14241949157862616
outer,3.5083025841662585,298.6058480946259,-2.3306325171345814,-0.592537841657426,0.14251215696360772
outer,3.5126719522186707,298.6895681562812,-2.3303474835612468,-0.5959773958138208,0.14263055677172898
outer,3.5178766662416114,298.7730695018226,-2.329990203501688,-0.5994203327521624,0.14278102874956944
outer,3.563861228261496,298.52190281823334,-2.325640431087636,-0.5892415510784951,0.14451822429590624
outer,3.5687366146818564,298.60584809462586,-2.3253026649310815,-0.5926917866263501,0.1446468923792566
outer,3.574441954884202,298.68956815628127,-2.324892014654287,-0.5961453876606622,0.144807136637976
outer,3.581184929610467,298.7730695018226,-2.324389850280276,-0.5996036595938111,0.14500612209441818
outer,3.624758515525944,298.5219028182334,-2.3201850353290254,-0.58937543225498,0.1466592226032991
outer,3.6309609606902136,298.60584809462586,-2.3197198336693843,-0.5928389347026284,0.1468287359325932
outer,3.6381947150155733,298.6895681562812,-2.3191622661901095,-0.5963069822965635,0.14703639586065836
outer,3.6466865864465516,298.77306950182253,-2.3184912838194496,-0.5997809855612815,0.14728989077629714
outer,3.6874368583405293,298.52190281823334,-2.3144728553804685,-0.5895005901246413,0.14884675657056798
outer,3.6951578538880283,298.60584809462586,-2.313858655323251,-0.5929775605244835,0.14906263818967078
outer,3.7041296223716422,298.6895681562812,-2.31312994183737,-0.5964602219604711,0.14932365779091647
outer,3.714599004238092,298.77306950182253,-2.3122632036763444,-0.5999501102153995,0.14963801542481125
outer,3.752077545855868,298.5219028182334,-2.308478199806931,-0.5896151735739612,0.15108574695060997
outer,3.76152565726994,298.6058480946259,-2.3076904655982298,-0.5931055576938707,0.15135389675216648
outer,3.772462929926796,298.6895681562812,-2.3067633239662806,-0.5966027314552497,0.15167458403924713
outer,3.7851570449835044,298.7730695018225,-2.3056705496964964,-0.6001083302439387,0.1520565017625531
outer,3.8188779150853045,298.52190281823334,-2.302172062689223,-0.5897169587358502,0.15338145079370122
outer,3.8302795102083738,298.60584809462586,-2.3011831592323113,-0.5932204144210689,0.1537081370915065
outer,3.8434282954653702,298.68956815628127,-2.3000269120579353,-0.5967316491390962,0.15409515104149746
outer,3.8586134685757534,298.7730695018225,-2.298670983110495,-0.6002533693757468,0.15455222677058228
outer,3.88805199264874,298.5219028182334,-2.295521987982493,-0.5898033307751192,0.15573943870009932
outer,3.9016518672589444,298.60584809462586,-2.2943008383200776,-0.5933191524907742,0.15613128411570992
outer,3.9172771828982365,298.6895681562812,-2.292877868981357,-0.5968445410804447,0.1565921846820475
outer,3.9354528136368687,298.77306950182253,-2.291210933431536,-0.6003815494116607,0.15713820880847484
outer,3.9598310307909514,298.52190281823334,-2.2884917290474656,-0.5898712292471199,0.15816556170893536
outer,3.9758928974107013,298.6058480946259,-2.2870002266069216,-0.5933992245986606,0.15863008615536656
outer,3.994491646459981,298.6895681562812,-2.2852620901120866,-0.5969376058146341,0.15917858079196578
outer,4.015866387404124,298.77306950182253,-2.283234259903618,-0.6004881823782989,0.15981884210722222
outer,4.034463904566613,298.52190281823334,-2.281037631713559,-0.589918026741765,0.1606664658161524
outer,4.053482172543748,298.6058480946259,-2.2792267587027513,-0.5934567479123414,0.1612172858749878
outer,4.0752620124934165,298.6895681562812,-2.27712294227519,-0.5970060671667194,0.161858639963526
outer,4.1005089234600804,298.77306950182253,-2.274668781049996,-0.6005698523757027,0.162611919549635
outer,4.112427705394819,298.52190281823334,-2.2731047408370957,-0.5899397867690519,0.16325471389086008
outer,4.13460903890895,298.6058480946258,-2.270923395591039,-0.5934868943231614,0.16389705678577277
outer,4.160239657548943,298.6895681562812,-2.268387719565883,-0.5970464670685787,0.16464992243908197
outer,4.1897836117159555,298.77306950182253,-2.265431133957666,-0.6006194815996508,0.16552692942851646
outer,4.193910800181945,298.52190281823334,-2.2646356886338643,-0.5899316470044147,0.16593432534738034
outer,4.219921518771124,298.6058480946258,-2.2620170024172808,-0.5934861869848255,0.16668669245653636
outer,4.249825704251685,298.6895681562812,-2.258972599534276,-0.5970517305181011,0.16756167347394657
outer,4.279557859465763,298.52190281823334,-2.25555699056842,-0.589890113819785,0.16872230203980598
outer,4.284365892930571,298.7730695018225,-2.255424061424535,-0.6006319628255767,0.16858116776646123
outer,4.3098186691611025,298.60584809462586,-2.2524233900725177,-0.593447552926599,0.1695951629102727
outer,4.344692130155741,298.68956815628115,-2.248779920258899,-0.5970168027230435,0.17061081816704987
outer,4.369765876258076,298.52190281823334,-2.2457841619987327,-0.5898080936346471,0.17162731826000366
outer,4.384984504000867,298.7730695018225,-2.2445254925471243,-0.6006012141833873,0.1717929041611473
outer,4.404969007261903,298.60584809462586,-2.2420445747032485,-0.5933659555001087,0.17263899635403898
outer,4.445563935686787,298.6895681562812,-2.237687188087119,-0.5969356172119811,0.17381513794213022
outer,4.465199910010128,298.52190281823334,-2.235218952976021,-0.5896805132119942,0.17466549304366114
outer,4.4926877306908,298.77306950182253,-2.2325835815548825,-0.6005191651689825,0.1751874959860783
outer,4.506093800084988,298.60584809462586,-2.2307576995251166,-0.5932352647504194,0.17583547146230116
outer,4.55348403170627,298.68956815628115,-2.225542174012828,-0.5968000738376149,0.1771993219497465
outer,4.5665774971668505,298.5219028182333,-2.22373817458396,-0.5895010853072982,0.177853602482932
outer,4.608405717169277,298.77306950182253,-2.219422453140683,-0.600376007024592,0.1787849509398864
outer,4.614230587987212,298.60584809462586,-2.218410182550466,-0.5930472226016815,0.1792086133611065
outer,4.66937779323107,298.6895681562812,-2.2121686889429553,-0.5966001733702648,0.1807826058783611
outer,4.6749308116767585,298.5219028182333,-2.211188894495768,-0.5892612593319921,0.18121502623286032
outer,4.7302999807357375,298.6058480946258,-2.2048255036026427,-0.5927914520980081,0.1827769155552742
outer,4.7334968152385475,298.7730695018225,-2.204827490101649,-0.6001629583890828,0.18261476810288435
outer,4.7911757016915795,298.52190281823334,-2.1973942221394913,-0.5889500995449356,0.1847675576648379
outer,4.794596607351407,298.68956815628115,-2.197351771139651,-0.5963266215216051,0.1845934947884813
outer,4.855646406407398,298.6058480946258,-2.1897882840504796,-0.5924579005528817,0.18656795192284348
outer,4.869402269767095,298.7730695018225,-2.188535303039695,-0.5998670417234511,0.18670388883778988
outer,4.916649641582717,298.52190281823334,-2.1821382788850476,-0.5885565714338028,0.18853791057451907
outer,4.930574329204181,298.6895681562812,-2.180827587279342,-0.5959653392928124,0.18865779803591295
outer,4.991696336453714,298.6058480946258,-2.1730341239911595,-0.5920310995821207,0.19060650434878523
outer,5.017933842979035,298.7730695018225,-2.1702258825674994,-0.5994695021769902,0.1910817629288944
outer,5.05277172474804,298.52190281823334,-2.165155981485878,-0.5880635696507137,0.19254994643846948
outer,5.079113431518341,298.6895681562812,-2.162275645387134,-0.5954956565555515,0.19300371990684007
outer,5.14024296170974,298.6058480946258,-2.15424189138696,-0.5914881645814256,0.1949196851949204
outer,5.180907004390928,298.77306950182253,-2.149522583530246,-0.5989366879737363,0.19576559504068725
outer,5.201325867208009,298.5219028182333,-2.146125423133702,-0.5874457519068926,0.19682983373714827
outer,5.242020075307319,298.68956815628115,-2.1413189868367883,-0.594880955750065,0.19764736352187529
outer,5.303083142301862,298.60584809462586,-2.133034148688842,-0.5907892551451603,0.1995226997987059
outer,5.360175712731544,298.77306950182253,-2.1259995690569986,-0.5982161029530073,0.20075815451066437
outer,5.364099635296024,298.52190281823334,-2.124668558511933,-0.5866598614954974,0.20139206825719042
outer,5.421138713449752,298.6895681562812,-2.11753188310392,-0.5940645236203754,0.20259082134056172
outer,5.482051833036438,298.60584809462586,-2.1089851312048538,-0.5898732851409408,0.204417203039867
outer,5.542918492990604,298.5219028182333,-2.100359488027041,-0.5856403424324245,0.20623808132218024
outer,5.557433608499918,298.77306950182253,-2.099188231907596,-0.5972137573147611,0.206034382432071
outer,5.6181543025982625,298.6895681562812,-2.0904470978634437,-0.5929472417168618,0.2078092965044945
outer,5.67882531382514,298.6058480946258,-2.0816288871590163,-0.588636011502244,0.20957890005565313
outer,5.739450050080314,298.52190281823334,-2.072733504858505,-0.584277869653282,0.21134428778248346
outer,5.773507429086339,298.7730695018225,-2.0686423567723264,-0.5957816794500951,0.21152183969381794
outer,5.83388934119141,298.68956815628115,-2.0596218182267583,-0.5913756578948254,0.2132321387519651
outer,5.894221847623129,298.6058480946258,-2.0505259978908343,-0.5869186910320471,0.2149391098932534
outer,5.954508337267392,298.52190281823334,-2.041354612975819,-0.5824086040664674,0.2166441221753884
outer,6.008121920686317,298.7730695018225,-2.034026347767194,-0.593723077599522,0.2171039522562052
outer,6.068069986740528,298.6895681562812,-2.024725892866897,-0.5891477491908177,0.21874621210607387
outer,6.127969002102891,298.60584809462586,-2.0153518140477513,-0.5845144122822187,0.22038818142777916
outer,6.187822331309842,298.5219028182333,-2.005903733807386,-0.5798210553451344,0.22203143482151397
outer,6.259616288510177,298.7730695018224,-1.9952029935430433,-0.5908069074453888,0.22262940398973202
outer,6.319043959891679,298.68956815628115,-1.9856285065980255,-0.5860279875784532,0.22420476858062133
outer,6.378423006378471,298.60584809462586,-1.9759819571146127,-0.581183558418354,0.22578378890397582
outer,6.437756763300441,298.5219028182333,-1.9662629398522113,-0.5762718478025205,0.22736815733887358
outer,6.525101250035152,298.7730695018224,-1.9522955728453546,-0.5868033403167603,0.2279389635518847
outer,6.583936792414374,298.68956815628115,-1.94245766686151,-0.5817826959408643,0.22945294638218372
outer,6.642724194390542,298.60584809462586,-1.9325490547824566,-0.5766889228807595,0.23097510685343892
outer,6.701466758060767,298.5219028182333,-1.9225693029553488,-0.5715204857181394,0.23250716815086736
outer,6.8011463619130135,298.77306950182253,-1.9056463989662549,-0.5815059697834125,0.23289335176452253
outer,6.85933562996053,298.6895681562812,-1.8955560599408483,-0.5762020319568637,0.23435416299302506
outer,6.917477286399382,298.6058480946258,-1.8853957876601242,-0.570817370755206,0.23582783360717507
outer,6.975574597055077,298.52190281823334,-1.8751650137965115,-0.565350610170234,0.2373160595596912
outer,7.084452142431562,298.7730695018225,-1.8556886798687566,-0.5747276896751304,0.23738180220639318
outer,7.141957908334908,298.6895681562812,-1.8453515893350914,-0.5690958560821557,0.2387980536390667
outer,7.199416621884586,298.60584809462586,-1.8349440339140344,-0.5633756443489938,0.24023169156018476
outer,7.2568315105451004,298.5219028182333,-1.8244650583450903,-0.5575656908303265,0.2416843904725933
outer,7.372384763306978,298.7730695018225,-1.8027986351694072,-0.566282397419384,0.24131624686138392
outer,7.429183303749126,298.68956815628115,-1.7922096746708722,-0.5602753608104047,0.24269530278362406
outer,7.485935370503451,298.60584809462586,-1.7815472552968425,-0.5541718472587407,0.24409610893935635
outer,7.5426441513418965,298.5219028182333,-1.770809446384023,-0.5479701699705695,0.24552045623964663
outer,7.663078389330823,298.77306950182253,-1.7471942067353947,-0.5559666410063268,0.24461796519329465
outer,7.719155547739271,298.6895681562812,-1.7363323645953217,-0.5495338811288859,0.2459660037284926
outer,7.775186822708963,298.6058480946258,-1.7253892635020265,-0.5429948590229555,0.24734057218148806
outer,7.831175361524858,298.52190281823334,-1.7143602163865583,-0.536346440827417,0.24874408314258895
outer,7.955334126492173,298.7730695018225,-1.68890013649972,-0.5435509882958751,0.247212452134139
outer,8.010681893414533,298.6895681562812,-1.6777200749390297,-0.5366344223659625,0.24853712915056747
outer,8.065984373700626,298.6058480946258,-1.6664392942493211,-0.529595704971846,0.24989554763315508
outer,8.121244673698921,298.52190281823334,-1.6550456076491435,-0.5224273774207089,0.2512921322412458
outer,8.248431362409423,298.77306950182253,-1.6277350023315271,-0.5287626123873336,0.24903603240756395
outer,8.303045423207504,298.68956815628115,-1.6161410634011018,-0.5212790084702161,0.25035459729641185
outer,8.357614797702116,298.60584809462586,-1.6043970230589273,-0.5136399764362747,0.2517218865569989
outer,8.412142551063218,298.5219028182333,-1.5924754407032826,-0.5058304085331135,0.2531467599812708
outer,8.541966555548877,298.7730695018225,-1.5632351053506155,-0.5112172977918638,0.2500641894530885
outer,8.595844664673415,298.6895681562812,-1.5510091430027106,-0.5030128327346716,0.25142394956275116
outer,8.649678689664679,298.6058480946258,-1.538522813557967,-0.4945883659808427,0.25286453860930813
outer,8.703471654387908,298.52190281823334,-1.52573010731989,-0.4859249176646249,0.2544006196067248
outer,8.835721156884764,298.7730695018225,-1.4943796067354904,-0.49023955047575696,0.25038618772031607
outer,8.888862189358507,298.6895681562812,-1.4810519044599537,-0.48102978564077475,0.2519004960161205
outer,8.941959740789647,298.6058480946258,-1.4672747196311513,-0.47151467803685293,0.25355087266668613
outer,8.995016793675603,298.5219028182333,-1.4529981050074625,-0.4616911099691689,0.2553532824504845
outer,9.129581909556137,298.7730695018225,-1.4190423356196569,-0.46461111584049664,0.2503405802682847
outer,9.181985321106536,298.6895681562812,-1.403792939823512,-0.4540043341182408,0.25221398414850543
outer,9.234345855150435,298.60584809462586,-1.3878722366628116,-0.4430559109932679,0.2542862774653004
outer,9.286666452786747,298.5219028182333,-1.3712597191826643,-0.43180568946371284,0.25656199466565033
outer,9.423492635124395,298.77306950182253,-1.3334540276290763,-0.4326071510941579,0.25061231376961624
outer,9.475158169524185,298.6895681562812,-1.31523826347843,-0.4203490174028238,0.25308344911185987
outer,9.526781430163137,298.60584809462586,-1.296219488955921,-0.4078668783763404,0.2557750031076792
outer,9.578365316727409,298.52190281823334,-1.2764319534650808,-0.39524599040216946,0.2586665889054449
outer,9.71742597792487,298.77306950182253,-1.23240048118566,-0.3928742785977652,0.2519952702401612
outer,9.768353519208178,298.6895681562812,-1.2103824945403021,-0.37925141452332845,0.2551378520400335
outer,9.819239390571166,298.60584809462586,-1.1876313627286978,-0.3657004349567944,0.2584220963031658
outer,9.870086450280725,298.5219028182334,-1.1642237969864682,-0.3523096789598622,0.2618022677415076
outer,10.011369315410551,298.7730695018225,-1.110591278192624,-0.34602547397145894,0.2544945919526292
outer,10.061558812331363,298.6895681562812,-1.0845932113474404,-0.33199284509913757,0.25793510334209635
outer,10.111707243214308,298.6058480946259,-1.0581133289913254,-0.31835090553441947,0.26132111149419407
outer,10.161817424904205,298.5219028182334,-1.0312344245303178,-0.30513540436743714,0.2645999357041053
outer,10.30531691971919,298.77306950182253,-0.9640458527882915,-0.2951272505291088,0.2557402165085504
outer,10.354768350400072,298.68956815628127,-0.9344869657785575,-0.28161380172956174,0.258472205962919
outer,10.404179318943504,298.6058480946259,-0.904772833118819,-0.2685901352051182,0.26090404056449096
outer,10.453552600770863,298.5219028182333,-0.8749863449090669,-0.2560357639272634,0.26300636073019057
outer,10.599266289877942,298.77306950182253,-0.7885590987158442,-0.2413138396935323,0.24905392917716207
outer,10.64797964526485,298.6895681562812,-0.7561937102675962,-0.22792977463371,0.2496682937479667
outer,10.69665314242205,298.6058480946259,-0.7241737393112077,-0.2149276849972202,0.24986335561481088
outer,10.745289515347123,298.52190281823334,-0.6926025017103226,-0.20229235583863864,0.24965357508469443
outer,10.893216371528611,298.77306950182253,-0.5783862610516867,-0.17422043913679527,0.22362516366491528
outer,10.941191647973472,298.68956815628115,-0.5459866086932526,-0.1596265571128651,0.22152094479376117
outer,10.989127670099425,298.60584809462586,-0.5148146518706409,-0.1455161944756647,0.21917191370788297
outer,11.03702713047989,298.52190281823334,-0.48492424381232163,-0.1318984052526352,0.2166106969782498
outer,11.187166729187917,298.77306950182253,-0.34522347868718467,-0.0753649194874075,0.1738797641200447
outer,11.234403925275563,298.68956815628127,-0.3201132815150645,-0.06078908209580465,0.17078562147978377
outer,11.281602470956166,298.6058480946259,-0.29683826467341573,-0.047066832957620215,0.1677276791147853
outer,11.328765017379094,298.5219028182334,-0.27530414297603656,-0.03416428126018885,0.16470943156508383
outer,11.481117191513423,298.77306950182253,-0.14842494302499004,0.04949731415478616,0.11451004999795927
outer,11.527616306707131,298.68956815628127,-0.13689265812655335,0.05975374218625954,0.11308567448957901
outer,11.57407737540627,298.60584809462586,-0.12656501167083561,0.06916689247277243,0.11169311495330628
outer,11.620503007335854,298.5219028182334,-0.11731733784182789,0.07780368039389604,0.11032188064353399
outer,11.77506769213907,298.7730695018226,-0.05065705028738346,0.16162537758294412,0.07078725991196198
outer,11.820828726242558,298.68956815628127,-0.048691380164881504,0.16607916730665673,0.07115925192833567
outer,11.866552317763905,298.6058480946259,-0.046966116788196684,0.1700771650789359,0.07140482487767089
outer,11.91224103500412,298.5219028182334,-0.0454461957780621,0.17365719311814068,0.07152994496236084
outer,12.06901820638385,298.7730695018226,-0.029685001927090036,0.24025036554724766,0.04726406624943594
outer,12.11404115932725,298.6895681562812,-0.029743971479555695,0.24095231986338778,0.04794713083790914
outer,12.159027273601087,298.6058480946259,-0.02977077062461654,0.2414535054486809,0.048477309103132075
outer,12.203979076082163,298.52190281823334,-0.029766446519098072,0.24176764166795456,0.0488659243438551
outer,12.362968725335698,298.7730695018226,-0.02672747583133077,0.294928490229297,0.0326107528315917
outer,12.407253597094838,298.6895681562812,-0.026614007081193575,0.29340669774764494,0.033056479862195204
outer,12.451502234097093,298.60584809462586,-0.026476987766955114,0.2918007291128393,0.033385714178244284
outer,12.49571712179486,298.5219028182334,-0.026318178822823918,0.29011588643406205,0.03360684863950643
outer,12.656919245856654,298.77306950182253,-0.023710475177484192,0.3338890617908772,0.021566615096388672
outer,12.700466036423544,298.6895681562812,-0.02349009622528899,0.33087682155815573,0.02177853885626057
outer,12.743977196146128,298.6058480946259,-0.02325418979865128,0.32784936359515077,0.021905221659523584
outer,12.787455169052645,298.5219028182334,-0.023004386663117635,0.3248082083755429,0.021952611261065916
outer,12.950869766888841,298.7730695018226,-0.021023900600938897,0.3605679048212828,0.013177059894799087
outer,12.993678476260833,298.6895681562812,-0.020725906220078284,0.3565856307327102,0.013183433575388287
outer,13.036452158701097,298.6058480946259,-0.020420366392649745,0.35262854058806015,0.0131293749880705
outer,13.079193216813772,298.52190281823334,-0.020108464887749287,0.34869647545895444,0.013019044580622113
outer,13.24482028808158,298.77306950182253,-0.018645915270452833,0.3777141724133768,0.006773955388458944
outer,13.286890916257862,298.68956815628127,-0.01829918630990645,0.3731275962105486,0.006610100401007679
outer,13.328927121415045,298.6058480946259,-0.01795129298783677,0.3685897984206673,0.006404805319229587
outer,13.370931264733011,298.52190281823334,-0.017603028721125045,0.36409979923269226,0.00616096005865624
outer,13.53877080932343,298.77306950182253,-0.01654129882535744,0.3874625364015483,0.0018901161851414133
outer,13.580103356303693,298.6895681562812,-0.016170694275578178,0.3825319537889168,0.0015895077990694673
outer,13.621402084177541,298.6058480946259,-0.015803576633754958,0.37766321415136395,0.0012617788694732346
outer,13.662669312700594,298.52190281823334,-0.015440439771392898,0.3728549374021814,0.0009089090262618532
outer,13.832721330579883,298.7730695018226,-0.014679554317617229,0.39147915260463445,-0.00181774816082729
outer,13.87331579636408,298.68956815628127,-0.014304835312113108,0.38639072013111964,-0.0022260232445695943
outer,13.91387704695449,298.6058480946259,-0.013936746363833966,0.38137033568422785,-0.002650750783027747
outer,13.954407360682477,298.5219028182334,-0.013575557894457281,0.37641645590255324,-0.0030906065523810117
outer,14.12667185184051,298.7730695018226,-0.013036464760287025,0.39107208358658224,-0.004610217574668701
outer,14.16652823642864,298.6895681562812,-0.012672311346724967,0.3859583193426507,-0.005101861770271901
outer,14.20635200973556,298.6058480946259,-0.012316710742528332,0.38091429209019717,-0.005602113887029761
outer,14.246145408668532,298.5219028182334,-0.011969769594698178,0.37593843699294327,-0.006110120695056315
outer,14.420622373102304,298.7730695018226,-0.011591138082699036,0.38727180269698763,-0.006689329940235578
outer,14.45974067649437,298.6895681562812,-0.011247741529651245,0.38222574662048714,-0.007244464712603801
outer,14.498826972517852,298.6058480946259,-0.010913871612173776,0.3772481801510127,-0.007802530967041504
outer,14.53788345665576,298.5219028182334,-0.010589517812037909,0.3723376027423531,-0.008363010948733873
outer,14.714572894364355,298.7730695018226,-0.010324354394852464,0.3808906954712246,-0.0082135757488805
outer,14.752953116560352,298.68956815628127,-0.01000816980840448,0.37597612628280064,-0.008816140095280228
outer,14.791301935300398,298.6058480946259,-0.009701773223538282,0.37112695982673,-0.009417611672864534
outer,14.829621504643239,298.5219028182334,-0.009405073552997925,0.3663418096120529,-0.010017707893125075
outer,15.00852341562656,298.77306950182253,-0.00921777445903104,0.372568402314277,-0.009307926548087528
outer,15.04616555662654,298.68956815628127,-0.008932281801786443,0.3678274232010439,-0.009945047567177984
outer,15.083776898083045,298.6058480946259,-0.00865632471821097,0.36314769014586457,-0.010578298947246378
outer,15.121359552630873,298.5219028182334,-0.00838976026612464,0.358527956310064,-0.011207559049060858
outer,15.302473936888815,298.7730695018225,-0.008253733868965739,0.36280720591460086,-0.01007097065697525
outer,15.339377996692626,298.68956815628127,-0.008000136930974386,0.3582659718205617,-0.010732384867244774
outer,15.376251860865745,298.6058480946259,-0.0077554723718372895,0.3537812949123189,-0.011388083623756387
outer,15.413097600618505,298.5219028182334,-0.007519567668324192,0.34935207722460404,-0.01203805170652332
outer,15.596424458151018,298.7730695018226,-0.0074153219012909125,0.35200012508467876,-0.010580263803561779
outer,15.632590436758814,298.6895681562812,-0.007193158288710658,0.347673198218947,-0.011257815085210038
outer,15.668726823648443,298.6058480946259,-0.006979103813645526,0.34339797617648016,-0.01192849051680768
outer,15.704835648606139,298.5219028182334,-0.006772973265929093,0.33917350818708863,-0.012592341750609692
outer,15.890374979413274,298.7730695018226,-0.006686571658383156,0.340453445723914,-0.010896500673672219
outer,15.92580287682495,298.68956815628127,-0.0064942256345308855,0.33634710795171946,-0.011583718615192584
outer,15.961201786431142,298.6058480946259,-0.006309047541377823,0.3322877037036047,-0.012263396613368727
outer,15.996573696593773,298.5219028182334,-0.006130851872323255,0.32827442079476465,-0.012935625044588617
outer,16.184325500675477,298.77306950182253,-0.006052660889865884,0.3284048744608786,-0.01106685478279644
outer,16.219015316891088,298.6895681562812,-0.005887780696578408,0.32451963234115405,-0.01175860788643271
outer,16.25367674921379,298.6058480946259,-0.005729086417321762,0.3206767870211979,-0.012442509223541648
outer,16.288311744581407,298.5219028182334,-0.005576400896374782,0.3168756522701593,-0.013118668363568411
outer,16.47827602193768,298.7730695018226,-0.005500072571137347,0.3160381713433984,-0.011127694934499638
outer,16.512227756957223,298.6895681562812,-0.005359898996282364,0.31237063131653514,-0.011819909651316976
outer,16.546151711996487,298.6058480946259,-0.005224944422555236,0.3087412735349361,-0.012504204756846798
outer,16.58004979256904,298.52190281823334,-0.005095045631915478,0.3051495231781325,-0.013180695925120028
outer,16.772226543199935,298.77306950182253,-0.005016694185707424,0.30349491221979985,-0.011106810573670398
outer,16.80544019702341,298.68956815628127,-0.004898309900358257,0.30003916425023347,-0.011796246298604984
outer,16.838626674779185,298.60584809462586,-0.004784231038486582,0.2966177470877662,-0.012477858347104895
outer,16.87178784055667,298.52190281823334,-0.004674311483021672,0.2932301823381004,-0.013151760139263557
outer,17.06617706446214,298.77306950182253,-0.004591852458350636,0.2908838962142879,-0.011025236131024865
outer,17.098652637089547,298.68956815628127,-0.004492362971378373,0.28763251591105904,-0.01170930668335747
outer,17.131101637561834,298.6058480946259,-0.00439634260016445,0.28441198711927973,-0.01238575491111496
outer,17.163525888544253,298.5219028182334,-0.004303663635055119,0.28122191343493635,-0.01305468701845778
outer,17.360127585724392,298.7730695018226,-0.004216289775680254,0.2782886194775094,-0.010898740654945657
outer,17.391865077155686,298.68956815628127,-0.004132947283113135,0.27523337700625117,-0.011575373715274853
outer,17.423576600344532,298.6058480946259,-0.004052327610797421,0.2722058671510263,-0.012244649601588005
outer,17.45526393653194,298.52190281823334,-0.0039743214022040715,0.2692057622227978,-0.012906664711991249
outer,17.654078106986596,298.7730695018226,-0.0038820937301993555,0.2657731658645638,-0.010739035032765833
outer,17.68507751722182,298.6895681562812,-0.0038123747817933873,0.26290551267905954,-0.011406562136738234
outer,17.71605156312723,298.6058480946259,-0.003744726694306741,0.2600628093763018,-0.012067032041074816
outer,17.74700198451952,298.5219028182334,-0.003679057484478346,0.2572447851847204,-0.012720530342966045
outer,17.9480286282488,298.7730695018226,-0.0035825926551262058,0.25338680955135384,-0.010554740521702834
outer,17.97828995728796,298.6895681562812,-0.0035242398237248646,0.25069819967594,-0.011211811363877631
outer,18.00852652590988,298.6058480946259,-0.0034673985282263897,0.2480320623599221,-0.011862140206477731
outer,18.038740032507103,298.5219028182334,-0.0034119925913599636,0.24538817355939377,-0.01250580187684422
outer,18.241979149511057,298.77306950182253,-0.003312229645261698,0.24116757838587533,-0.010352156417845676
outer,18.271502397354094,298.6895681562812,-0.0032632662720102623,0.23864966912296137,-0.010997672292298782
outer,18.301001488692577,298.6058480946259,-0.003215342008960821,0.23615202740699143,-0.011636763812940494
outer,18.33047808049479,298.5219028182334,-0.0031683946069033866,0.2336744673146139,-0.012269495673097944
outer,18.53592967077326,298.77306950182253,-0.0030664262787796076,0.22914498690296287,-0.010135860160159806
outer,18.564714837420283,298.6895681562812,-0.003025152065757847,0.22678975395263487,-0.010768922316746747
outer,18.593476451475276,298.6058480946259,-0.0029845232724489204,0.22445282315334483,-0.011395872270427938
outer,18.62221612848237,298.5219028182334,-0.002944489604789033,0.2221340395576427,-0.012016765527068152
outer,18.829880192035514,298.77306950182253,-0.002841445023588539,0.21734211350352928,-0.009909169281482035
outer,18.857927277486418,298.6895681562812,-0.0028064189268763237,0.21514190726278395,-0.010529038799138017
outer,18.885951414257974,298.6058480946259,-0.002771713942695174,0.21295824679099612,-0.01114309816430211
outer,18.913954176470053,298.5219028182334,-0.002737289799659079,0.21079100228091413,-0.011751394768792507
outer,19.123830713297718,298.77306950182253,-0.002634257118996508,0.2057771660360331,-0.009674491024071474
outer,19.151139717552557,298.6895681562812,-0.00260427267995942,0.20372472912947334,-0.010280557507473455
outer,19.178426377040623,298.60584809462586,-0.002574344797888442,0.2016872630245715,-0.010881103410376639
outer,19.20569222445769,298.5219028182334,-0.0025444414242142346,0.19966465834578676,-0.011476169084796761
outer,19.41778123455992,298.7730695018226,-0.0024424207434422876,0.19446465364701124,-0.00943358199984358
outer,19.44435215761869,298.6895681562812,-0.0024164777627720055,0.1925531143586871,-0.010025338978014227
outer,19.47090133982332,298.60584809462586,-0.0023903772376475327,0.19065512809371155,-0.010611851515687165
outer,19.49743027244532,298.5219028182334,-0.002364093738030551,0.18877060213324767,-0.011193153922342977
outer,19.711731755822175,298.77306950182253,-0.0022639722294335723,0.1834162600209251,-0.009187737073683783
outer,19.737564597684827,298.6895681562812,-0.002241247633615974,0.18163911199819094,-0.009764762445075584
outer,19.76337630260602,298.6058480946259,-0.0022181932819173023,0.1798742355490877,-0.010336805983997131
outer,19.789168320432953,298.5219028182334,-0.002194788973147621,0.1781215516015635,-0.0109038968458565
outer,20.00568227708438,298.7730695018225,-0.0020973316677428203,0.17264149348526875,-0.0089379235856753
outer,20.030777037751015,298.6895681562812,-0.0020771515172768873,0.17099256877710095,-0.009499863840487718
outer,20.05585126538872,298.60584809462586,-0.002056503671874897,0.16935475280111054,-0.010057071709773414
outer,20.08090636842059,298.52190281823334,-0.0020353719946352156,0.16772797772542186,-0.010609571965644084
outer,20.299632798346583,298.77306950182253,-0.0019412231572848646,0.16214817317105282,-0.008684874170977852
outer,20.323989477817154,298.6895681562812,-0.0019230369936060962,0.16062161319148083,-0.009231431428870097
outer,20.348326228171366,298.60584809462586,-0.0019042728870827877,0.15910510277068365,-0.009773493180559534
outer,20.37264441640817,298.52190281823334,-0.0018849178039015632,0.15759858339005345,-0.010311080469372694
outer,20.593583319608836,298.77306950182253,-0.0017946088747702454,0.1519427967693724,-0.00842914899915368
outer,20.61720191788329,298.6895681562812,-0.00177796705814285,0.15053302392772194,-0.008960070136893268
outer,20.640801190954065,298.60584809462586,-0.0017606591809188957,0.14913233258254383,-0.00948672074338764
outer,20.664382464395853,298.52190281823334,-0.001742674520889373,0.1477406719867262,-0.010009118683525137
outer,20.88753384087104,298.77306950182253,-0.0016566357626799089,0.14203082425790148,-0.00817117601042236
outer,20.910414357949424,298.6895681562812,-0.0016411700421030476,0.1407325156939948,-0.0086862433409447
outer,20.933276153736763,298.60584809462586,-0.0016249676488655843,0.13944240111271095,-0.009197253862461927
outer,20.956120512383485,298.52190281823334,-0.001608019554403116,0.1381604362681123,-0.009704222722501713
outer,21.181484362133244,298.77306950182253,-0.0015265933397441353,0.13241690294604685,-0.007911275808095097
outer,21.203626798015563,298.6895681562812,-0.0015120006056624502,0.13122496692124316,-0.008410298921380871
outer,21.22575111651941,298.60584809462586,-0.0014966143202251314,0.13004040895444197,-0.008905468300507112
outer,21.247858560371068,298.5219028182333,-0.0014804266685060977,0.1288631902456797,-0.009396796761243775
outer,21.4754348833955,298.77306950182253,-0.0014038810511131372,0.12310505208722154,-0.0076496762908937616
outer,21.49683923808175,298.6895681562812,-0.0013899100521380658,0.1220146070074156,-0.008132484785516585
outer,21.51822607930211,298.60584809462586,-0.0013750993133571712,0.1209307879756127,-0.008611632526662954
outer,21.539596608358703,298.52190281823334,-0.0013594418478478712,0.1198535607664015,-0.009087130326691395
outer,21.769385404657704,298.77306950182253,-0.0012879835505215896,0.11409881987303497,-0.007386520815603367
outer,21.790051678147886,298.6895681562812,-0.0012744242087147813,0.11310517562328541,-0.0078529577371355
outer,21.81070104208481,298.60584809462586,-0.0012599871831932737,0.11211746267573536,-0.008315917304312394
outer,21.831334656346336,298.52190281823334,-0.0012446660211447996,0.11113565063642718,-0.008775408611262681
outer,22.063335925919958,298.7730695018225,-0.0011784522078875995,0.10540142152182519,-0.007121872642087003
outer,22.08326411821402,298.68956815628115,-0.0011651271857832275,0.10450006255270611,-0.007571788501479573
outer,22.10317600486751,298.60584809462586,-0.001150892833737767,0.10360399154620184,-0.008018401320192277
outer,22.123072704333968,298.52190281823334,-0.0011357430129314422,0.10271318130055242,-0.008461718729544664
outer,22.35728644718216,298.77306950182253,-0.001074891806271603,0.0970158638028337,-0.006855717555070539
outer,22.37647655828016,298.6895681562812,-0.0010616499529079067,0.09620243337435054,-0.007288964858606441
outer,22.395650967650155,298.60584809462586,-0.0010474718783108558,0.09539369373926393,-0.0077190748562994994
outer,22.414810752321603,298.5219028182334,-0.0010323515993600069,0.09458962032877855,-0.008146053948723073
outer,22.651236968444366,298.7730695018225,-0.0009769512277191528,0.0889450591662135,-0.006587965960034137
outer,22.669688998346295,298.6895681562812,-0.0009636625347218195,0.08821534417981622,-0.007004394216933288
outer,22.688125930432854,298.6058480946258,-0.0009494142630326642,0.08748976424368657,-0.0074178428634827515
outer,22.706548800309236,298.52190281823334,-0.0009342004665847461,0.08676829694147437,-0.007828317281856383
outer,22.94518748970662,298.7730695018225,-0.0008843169523312759,0.08119193130974381,-0.006318455270786498
outer,22.962901438412484,298.68956815628115,-0.0008708687387513625,0.08054184716327498,-0.006717906461340094
outer,22.980600893215552,298.60584809462586,-0.0008564401365628999,0.07989537942519387,-0.007114528295417567
outer,22.998286848296868,298.52190281823334,-0.0008410251495710105,0.07925250742101123,-0.007508325338332119
outer,23.239138010968823,298.77306950182253,-0.0007967088203278475,0.07375951248446586,-0.006046953073173381
outer,23.25611387847862,298.68956815628115,-0.0007830028280617872,0.0731850875268172,-0.006429257589930043
outer,23.2730758559982,298.6058480946258,-0.0007682974009255127,0.07261379345051472,-0.006808876237103561
outer,23.290024896284503,298.52190281823334,-0.0007525864384496581,0.07204561096650519,-0.007185812959880555
outer,23.533088532231076,298.7730695018225,-0.0007138773285702144,0.0666510324074796,-0.005773161274686224
outer,23.549326318544757,298.68956815628115,-0.0006998275421090175,0.06614839155182618,-0.006138134359106075
outer,23.5655508187809,298.6058480946258,-0.0006847604081529832,0.06564842548421526,-0.006500559063168199
outer,23.581762944272135,298.52190281823334,-0.0006686696858340807,0.0651511160065647,-0.006860438904972609
outer,23.82703905349328,298.7730695018225,-0.0006356019878938947,0.05986999815938411,-0.005496721343208902
outer,23.842538758610893,298.68956815628115,-0.0006211329767420101,0.05943534535151928,-0.005844160037650398
outer,23.858025781563597,298.6058480946258,-0.0006056293281139387,0.05900293727596366,-0.006189182729254837
outer,23.873500992259768,298.5219028182333,-0.0005890846450032246,0.05857275658412321,-0.006531792691753843
outer,24.120989574755537,298.7730695018225,-0.0005616903278475166,0.05342026402920469,-0.005217220620860729
outer,24.13575119867708,298.6895681562812,-0.0005467359656139946,0.053049863267192215,-0.005546901283961233
outer,24.1505007443463,298.6058480946258,-0.0005307298953395115,0.05268130008972671,-0.005874294215211209
outer,24.165239040247403,298.52190281823334,-0.0005136655687282624,0.05231455780488246,-0.006199402624795847
outer,24.41494009601774,298.7730695018225,-0.0004919771746588249,0.04730609011192412,-0.0049341996395873625
outer,24.428963638743166,298.68956815628115,-0.0004764796357178899,0.046996244738334955,-0.005245876084221281
outer,24.442975707128944,298.60584809462586,-0.000459913208852622,0.04668784986679379,-0.005555390102625984
outer,24.456977088234986,298.5219028182333,-0.00044227121971438313,0.04638088931803523,-0.005862745024100505
outer,24.708890617279945,298.7730695018225,-0.000426324037522241,0.04153218829861871,-0.004647160548181395
outer,24.722176078809355,298.6895681562812,-0.00041023296659009265,0.041279218326763505,-0.004940562873587353
outer,24.735450669911643,298.60584809462574,-0.00039305548217043705,0.04102732926470824,-0.0052319264150577655
outer,24.748715136222668,298.5219028182333,-0.0003747848246667129,0.04077650535407231,-0.005521254797187233
outer,25.00284113854215,298.7730695018225,-0.0003646184127761888,0.03610375351246527,-0.00435557684701187
outer,25.01538851887549,298.68956815628115,-0.0003478902441591547,0.03590397063775069,-0.00463041109272975
outer,25.02792563269434,298.6058480946258,-0.0003300576394934338,0.03570491429039156,-0.004903330007841659
outer,25.04045318421025,298.5219028182333,-0.0003111138101049623,0.035506569095553754,-0.005174337685707703
outer,25.296791659804402,298.7730695018225,-0.0003067728017748933,0.031026477720292142,-0.004058904958157946
outer,25.30860095894163,298.68956815628115,-0.00028937022795509117,0.030876157618830592,-0.004314853767279584
outer,25.32040059547699,298.6058480946258,-0.00027084465363660937,0.030726222899555313,-0.004569012188922389
outer,25.332191232197886,298.52190281823334,-0.00025118934116459893,0.030576658586550155,-0.004821384957005882
outer,25.590742181066606,298.7730695018225,-0.0002527233868468738,0.026306542544283502,-0.0037565987597858634
outer,25.601813399007764,298.6895681562812,-0.00023461503439310173,0.02620189394351518,-0.003993323355647841
outer,25.612875558259688,298.60584809462586,-0.00021536466093583992,0.026097301196858477,-0.004228385923342971
outer,25.623929280185518,298.52190281823334,-0.00019496568938594076,0.025992749798637693,-0.004461792007232278
outer,25.88469270232881,298.7730695018225,-0.00020242836693179847,0.021950583902663932,-0.0034481292087037356
outer,25.895025839073902,298.68956815628115,-0.00018358883112682724,0.021887713740172458,-0.0036652731855167024
outer,25.905350521042386,298.6058480946258,-0.0001635880747938214,0.02182458030621295,-0.0038808891391021246
outer,25.91566732817315,298.5219028182333,-0.00014241981747031493,0.021761169711221558,-0.004094983591081196
outer,26.178643223591063,298.7730695018225,-0.0001558659647204856,0.017965618435896755,-0.0031330128023219295
outer,26.188238279140087,298.68956815628115,-0.00013627654693375204,0.017940492196335846,-0.003330208518763744
outer,26.19782548382509,298.6058480946258,-0.00011550709353858307,0.01791479324628941,-0.0035260184709479253
outer,26.207405376160786,298.5219028182333,-9.355180300763856e-05,0.0178885085356786,-0.0037204503128165775
outer,26.472593744853267,298.7730695018225,-0.00011303251136797476,0.014358914254769942,-0.0028108552993858413
outer,26.481450719206226,298.68956815628115,-9.26832471682187e-05,0.014367310411703587,-0.002987734155180213
outer,26.490300446607733,298.6058480946258,-7.113649464168034e-05,0.014374834077650986,-0.0031633808331614334
outer,26.499143424148418,298.5219028182333,-4.838717684050361e-05,0.014381473357014622,-0.0033378042567845235
outer,26.76654426611552,298.7730695018225,-7.39410074888109e-05,0.011137778247531777,-0.0024814216224573996
outer,26.77466315927236,298.6895681562812,-5.28350483045819e-05,0.011175235623807532,-0.0026376302522329448
outer,26.78277540939043,298.6058480946258,-3.0517162708501924e-05,0.011211531299298269,-0.0027927752697197708
outer,26.79088147213605,298.5219028182333,-6.983311957245962e-06,0.01124665498105509,-0.0029468669770147935
outer,27.060494787377724,298.7730695018225,-3.862139911336429e-05,0.008309214183210912,-0.0021447504748893054
outer,27.0678755993385,298.6895681562812,-1.6783825940941757e-05,0.008370971041707299,-0.00227997613048481
outer,27.07525037217313,298.60584809462586,6.2743684543535225e-06,0.008431289867335386,-0.0024143260754951757
outer,27.082619520123686,298.5219028182333,3.05558050602275e-05,0.00849016261246701,-0.002547812034032441
outer,27.35444530863998,298.7730695018225,-7.126283115427897e-06,0.005879376449620003,-0.0018013455130044367
outer,27.361088039404635,298.68956815628115,1.5378778305968205e-05,0.00596030084162969,-0.0019153559204539113
outer,27.367725334955832,298.60584809462586,3.910319169346749e-05,0.006039528406903985,-0.00202870293616126
outer,27.374357568111318,298.5219028182333,6.404773204941568e-05,0.006117054240573891,-0.0021413996132395997
outer,27.648395829902185,298.7730695018225,2.0450561335916533e-05,0.003852697757386553,-0.0014524980298532384
outer,27.654300479470823,298.68956815628115,4.348881562421438e-05,0.003947212000731631,-0.0015452037211364734
outer,27.660200297738477,298.6058480946258,6.772865172931415e-05,0.004039796413611481,-0.001637488396907634
outer,27.66609561609895,298.5219028182333,9.31682771949478e-05,0.0041304502243536614,-0.001729366177545793
outer,27.94234635116439,298.7730695018225,4.3935565763827e-05,0.002230499728117191,-0.0011008347091902453
outer,27.94751291953696,298.68956815628115,6.724336783425463e-05,0.002332504316448397,-0.0011723869272265977
outer,27.952675260521175,298.6058480946258,9.170598097727259e-05,0.002432383993340356,-0.001243796899740364
outer,27.957833664086586,298.5219028182333,0.00011731786148686083,0.0025301433830158104,-0.0013150793402695923
outer,28.236296872426642,298.7730695018225,6.295470579437254e-05,0.0010087350722668264,-0.0007512662031751119
outer,28.240725359603097,298.68956815628115,8.600274857930559e-05,0.0011115346868149027,-0.0008022179405941399
outer,28.245150223303877,298.6058480946258,0.00011010717285816639,0.001212073004363621,-0.0008533492242427912
outer,28.249571712074165,298.52190281823334,0.00013525919919077476,0.0013103637545361104,-0.0009046737846067705
outer,28.530247393688846,298.7730695018225,7.637162615916509e-05,0.00017416665275148488,-0.0004127267313640147
outer,28.533937799669232,298.68956815628115,9.807201699122049e-05,0.00027045918355700913,-0.00044429997898359904
outer,28.537625186086522,298.6058480946258,0.00012066079654286647,0.00036446752469083965,-0.0004764149753988164
outer,28.5413097600618,298.5219028182333,0.00014413191410865214,0.00045622123242414057,-0.0005090796201833363
outer,28.8241979149511,298.7730695018225,8.064723293518555e-05,-0.0003017127058946023,-0.00010140680680423885
outer,28.827150239735367,298.6895681562812,9.896128454242527e-05,-0.00021946678117279063,-0.0001158529014833237
outer,28.83010014886922,298.6058480946258,0.00011795305401644183,-0.00013930131754432803,-0.00013120285704803586
outer,28.833047808049432,298.52190281823334,0.0001376267355540245,-6.11724267956578e-05,-0.00014745109845485155
outer,29.118148436213303,298.7730695018225,6.812866320489338e-05,-0.0004698291926890996,0.00015418375418644947
outer,29.120362679801506,298.68956815628115,7.993872828055115e-05,-0.0004080971062455826,0.00015333278127828605
outer,29.12257511165192,298.60584809462586,9.223933020522632e-05,-0.0003479209022819313,0.00015131781770748675
outer,29.124785856037064,298.5219028182333,0.00010504137208131877,-0.00028926654019750727,0.0001481600650125134
outer,29.412098957475507,298.7730695018225,3.223243543844402e-05,-0.00040746732212202096,0.00030853343002281645
outer,29.413575119867694,298.6895681562812,3.369798772403311e-05,-0.0003694003923828972,0.00031658802636855905
outer,29.41505007443462,298.6058480946258,3.547853128676163e-05,-0.0003321570084150117,0.00032344312509924864
outer,29.4165239040247,298.52190281823334,3.758070153511516e-05,-0.0002957414271790507,0.00032912387949488085
outer,29.70604947873776,298.7730695018225,-5.468289415583441e-06,-0.0002182234877009705,0.00030137872504499717
outer,29.70678755993383,298.6895681562812,-1.8862980351760515e-05,-0.00020174579343563016,0.0003126140389870942
outer,29.707525037217266,298.6058480946258,-3.230936372496012e-05,-0.0001854991077439825,0.00032290009397908297
outer,29.708261952012332,298.5219028182333,-4.5790462149004836e-05,-0.00016951190032980028,0.0003322487219325099
outer,29.999999999999964,298.6895681562812,-4.0279482024448404e-05,-0.00010027575081772117,0.0002606191349834098
outer,29.999999999999964,298.7730695018225,-1.8258329306737207e-05,-0.00010716336880717232,0.00024928061715805106
outer,29.999999999999964,298.6058480946258,-6.262501241409134e-05,-9.340820033745588e-05,0.0002712079426565907
outer,29.999999999999964,298.52190281823334,-8.526315693090184e-05,-8.658943383820797e-05,0.0002810482547211897
