radius_мм,relative_angle_deg,sigma_rr_mpa,sigma_tt_mpa,radial_displacement_мм
249.99999999999994,-0.15000000000044866,-2.4610871691711056,0.25340047308422364,9.980086464829094
249.99999999999997,-4.579998741307465e-13,-2.461379329565313,0.25340840382674223,9.999999999999938
249.99999999999997,0.14999999999958355,-2.461087169170918,0.25340047308479324,10.020407275502786
250.36108906245173,-0.14999995116483808,-2.4608987269733373,0.25472194128433245,9.91682973746871
250.36108906245173,-4.579998741307465e-13,-2.461191273175319,0.2547308435704244,9.936736237555772
250.36108906245175,0.1499999511639221,-2.4608987269732823,0.2547219412848462,9.957150535015145
250.72204634796392,0.1499996095284322,-2.4605186312588097,0.257272997077256,9.893868406620058
250.72204634796392,-0.1499996095293482,-2.460518631258461,0.2572729970770813,9.853547700906882
250.72204634796392,-4.579998741307465e-13,-2.4608119312077483,0.2572838039805333,9.873447069932444
251.0827407001136,-0.14999868336042518,-2.460132905244308,0.2596414723692244,9.7902675690679
251.0827407001136,-4.579998741307465e-13,-2.460426922906376,0.2596541072645037,9.810159678073047
251.08274070011362,0.1499986833595092,-2.460132905244725,0.25964147236927815,9.83058802582242
251.44304194038367,-0.14999688304546172,-2.4597431014417444,0.26182980453173743,9.727016334949766
251.44304194038367,-4.579998741307465e-13,-2.4600378001775787,0.2618441914304876,9.746901022395184
251.44304194038367,0.14999688304454573,-2.4597431014421907,0.26182980453170157,9.767336307770988
251.80282077206346,0.14999392213057391,-2.459350706237658,0.26384057982376985,9.704139953621802
251.80282077206346,-4.579998741307465e-13,-2.459646048828833,0.26385664344112886,9.683697849004918
251.80282077206348,-0.1499939221314899,-2.459350706237228,0.2638405798239646,9.663820776708446
252.1619503778108,0.14998951832097462,-2.458957136599727,0.26567652707047096,9.641025159942329
252.1619503778108,-0.14998951832183974,-2.4589571365995644,0.26567652707074363,9.600707166794107
252.1619503778108,-4.579998741307465e-13,-2.4592530852804124,0.2656941928914173,9.620576398922367
252.52030648064007,0.1499833944312725,-2.4585637378737433,0.267340507550576,9.578017598289948
252.52030648064007,-4.579998741307465e-13,-2.4588602543622518,0.2673597018957487,9.557562387516626
252.5203064806401,-0.1499833944321885,-2.4585637378737926,0.2673405075510131,9.537701251272603
252.87776655467763,0.14997527932279406,-2.4581717821918088,0.2688355038292549,9.515142545232385
252.87776655467763,-4.579998741307465e-13,-2.4584688277262834,0.26885615391808065,9.494681134402757
252.87776655467766,-0.14997527932365917,-2.458171782192331,0.26883550382955884,9.474828379595062
253.23421165164513,-4.579998741307465e-13,-2.458080001767175,0.2701866461582176,9.431957234107843
253.23421165164513,0.14996490873765236,-2.457782466389535,0.27016461214385995,9.452424553177499
253.23421165164515,-0.14996490873856835,-2.4577824663903853,0.27016461214409154,9.412113175203105
253.58952737853593,-4.579998741307465e-13,-2.4576948971172663,0.27135437784375943,9.369414376384007
253.58952737853596,0.14995202604889993,-2.45739691150067,0.27133103069771863,9.389887270822422
253.58952737853596,-0.14995202604976504,-2.4573969115013665,0.2713310306981736,9.349579355776447
253.94360007474253,-0.14993638313418897,-2.457016162336708,0.2723380480941935,9.28725039935747
253.94360007474253,-4.579998741307465e-13,-2.457314558229999,0.27236263865887356,9.307076012514122
253.94360007474253,0.14993638313327298,-2.4570161623360893,0.2723380480937985,9.327554109512823
254.2963244640667,-4.579998741307465e-13,-2.4569399529066014,0.2732147995295946,9.24496400249091
254.29632446406674,-0.14991774072293526,-2.456641187009001,0.2731890341203607,9.225148191655904
254.29632446406677,0.14991774072201924,-2.4566411870085214,0.273189034120081,9.26544689064181
254.64759526118456,-4.579998741307465e-13,-2.456571973438929,0.2739142996420103,9.183100087796378
254.6475952611846,-0.14989586935165491,-2.4562728780773817,0.2738874267708103,9.163294498542385
254.6475952611846,0.1498958693507898,-2.4562728780767107,0.2738874267709041,9.20358731839891
254.9973147744092,-4.579998741307465e-13,-2.4562114368178003,0.27446463628413587,9.121504548638423
254.99731477440923,0.1498705494818741,-2.4559120527515814,0.2744367220909227,9.141995637194762
254.99731477440923,-0.14987054948279008,-2.4559120527517604,0.27443672209109815,9.101709623440318
255.3453894236964,-0.1498415720792442,-2.4555594543192267,0.27484046317811284,9.040413017044488
255.3453894236964,-4.579998741307465e-13,-2.455859086159978,0.2748693538425895,9.06019681380418
255.34538942369642,0.1498415720783282,-2.4555594543200505,0.2748404631772251,9.080691241534002
255.69172951189955,-4.579998741307465e-13,-2.4555155932990855,0.27513203156301946,8.999195498584406
255.69172951189955,-0.14980873899592106,-2.455215754737461,0.2751022279447519,8.979423315201693
255.69172951189955,0.14980873899505595,-2.4552157547374387,0.2751022279448139,9.019692714001069
256.03624984220113,-4.579998741307465e-13,-2.45518155983689,0.27525627434692,8.938518294365554
256.0362498422012,-0.14977186322709563,-2.4548815556805397,0.2752256199221734,8.918758228495594
256.0362498422012,0.1497718632262305,-2.454881555679735,0.27522561992304934,8.959017714911571
256.3788725183539,-0.14973076876616426,-2.454557390223838,0.27521425807443806,8.858434048275042
256.3788725183539,-4.579998741307465e-13,-2.4548575188246775,0.2752457025671198,8.878181474568592
256.3788725183539,0.14973076876524827,-2.454557390223778,0.2752142580747372,8.898682488302923
256.7195235034939,-4.579998741307465e-13,-2.454543938069825,0.27510394154808204,8.818200500607515
256.719523503494,-0.14968529104196596,-2.4542437261521965,0.27507176628400704,8.798466252493991
256.71952350349403,0.14968529104104994,-2.4542437261533863,0.2750717662834458,8.83870246789156
257.0581336326452,-0.14963527687267703,-2.4539409691081824,0.2748017645638617,8.738869327913557
257.0581336326452,-4.579998741307465e-13,-2.454241223284606,0.2748346127717269,8.758589844053187
257.05813363264525,0.14963527687176104,-2.4539409691093472,0.2748017645636364,8.779092099262593
257.39463784604703,-0.14958058457298312,-2.4536494646066966,0.27440786011244106,8.679656906102611
257.39463784604703,-4.579998741307465e-13,-2.453949720100935,0.2744413249298538,8.699363122654225
257.3946378460471,0.1495805845720671,-2.453649464607231,0.2744078601128133,8.719864975899192
257.7289790675267,-4.579998741307465e-13,-2.453669716353872,0.2739276640246204,8.640532419468416
257.72897906752684,-0.1495210832060635,-2.4533695003178,0.2738936374185361,8.62084108275885
257.72897906752684,0.1495210832051475,-2.453369500318407,0.2738936374186214,8.66103315830263
258.0611045946872,-0.14945665291426716,-2.4531013109346667,0.2732626535955559,8.562433055467896
258.0611045946872,0.14945665291335114,-2.4531013109351614,0.273262653595622,8.602607811840173
258.0611045946872,-4.579998741307465e-13,-2.4534014469440386,0.27329718869958425,8.582108920733052
258.3909610510459,-4.579998741307465e-13,-2.4531450963791306,0.27255342216134076,8.52410380599965
258.39096105104596,-0.1493871858440179,-2.4528450807167013,0.272518430306058,8.504444013617825
258.39096105104596,0.1493871858431528,-2.4528450807178457,0.2725184303055558,8.544600096908356
258.7185097289765,-4.579998741307465e-13,-2.452900800841413,0.2716998436228088,8.466525552931925
258.7185097289765,-0.14931258272338505,-2.4526009455561026,0.2716644452098563,8.446882443977268
258.7185097289766,0.14931258272251996,-2.452600945558055,0.2716644452085979,8.487018473590979
259.0437064042651,-4.579998741307465e-13,-2.4526686527720925,0.2707398862332106,8.409383490258186
259.04370640426515,-0.14923275681742112,-2.4523689975638074,0.27070412989798404,8.38975768270917
259.04370640426515,0.1492327568165051,-2.452368997565228,0.2707041298971328,8.429872254736233
259.36651856211023,-0.14914762978041315,-2.4521492872105983,0.2696408608635583,8.333076891525968
259.36651856211023,-4.579998741307465e-13,-2.4524487030094577,0.26967692804544424,8.352684773013847
259.36651856211023,0.14914762977949717,-2.452149287211131,0.26964086086346445,8.373168580996836
259.68691560852835,-0.14905713346406638,-2.4519418265343056,0.2684779552725401,8.276846782096719
259.68691560852835,-4.579998741307465e-13,-2.452240963993937,0.2685142877849461,8.296436107387432
259.6869156085284,0.14905713346315036,-2.4519418265350326,0.2684779552722305,8.316914145723231
260.0048706115035,-4.579998741307465e-13,-2.452045413576763,0.26725522427650217,8.240643448577359
260.0048706115035,0.14896120917946265,-2.4517465929508355,0.2672186703946208,8.261114892759736
260.0048706115036,-0.14896120918037864,-2.451746592951043,0.26721867039414954,8.221073314041355
260.32036104622546,-0.14885980706395213,-2.4515635315383713,0.2658661972758331,8.165761568533263
260.32036104622546,-4.579998741307465e-13,-2.45186199730296,0.2659029301152117,8.185311874292006
260.32036104622546,0.14885980706303611,-2.4515635315377615,0.2658661972765733,8.205775889875634
260.63336868349967,-4.579998741307465e-13,-2.4516906311374003,0.264460527126119,8.130445609001683
260.6333686834997,-0.14875288561155067,-2.451392557767442,0.26442365620256514,8.110915772611417
260.6333686834997,0.14875288561063468,-2.4513925577671176,0.2644236562030013,8.150901352953621
260.94387946768126,-4.579998741307465e-13,-2.4515312049593074,0.2629310702867368,8.076048050156324
260.9438794676813,-0.14864041120354088,-2.45123356099385,0.26289410062635554,8.0565393254599
260.9438794676813,0.1486404112026249,-2.4512335609932547,0.2628941006270208,8.096494672140643
261.2518778257766,-0.14852235980205378,-2.4510864065417786,0.26128051124334917,8.00263579908608
261.2518778257766,-4.579998741307465e-13,-2.451383584643364,0.26131754180302946,8.022122769201198
261.25187782577666,0.14852235980118866,-2.451086406542881,0.26128051124239876,8.042559412982545
261.5573606234827,-0.148398711193672,-2.4509509377155383,0.25958578882215827,7.9492065001464205
261.5573606234827,-4.579998741307465e-13,-2.4512476140593136,0.2596228439412925,7.968671072362423
261.55736062348274,0.14839871119275602,-2.450950937716871,0.2595857888209792,7.989096876702298
261.86031882543926,-0.1482694555263603,-2.4508269789031023,0.25781275963854533,7.89625368429461
261.86031882543926,-4.579998741307465e-13,-2.4511231181872613,0.25784980445212297,7.915695216225949
261.86031882543926,0.1482694555254952,-2.4508269789032093,0.2578127596385879,7.936109316305324
262.1607538683808,-4.579998741307465e-13,-2.4510099051802565,0.25600117401446815,7.863195547075147
262.1607538683809,-0.1481345862694985,-2.450714337647843,0.25596417291809465,7.843777696773666
262.1607538683809,0.14813458626863338,-2.4507143376483103,0.2559641729179248,7.883597075279104
262.4586637675904,-4.579998741307465e-13,-2.4509077687133924,0.25407963125905236,7.8111729351990595
262.4586637675904,0.1479941055825559,-2.4506128070002666,0.2540427058565615,7.83156102236004
262.45866376759045,-0.14799410558347192,-2.450612806999319,0.2540427058571377,7.791779405739284
262.7540508682784,-4.579998741307465e-13,-2.450816489605601,0.252087777731002,7.759627423491195
262.75405086827845,-0.14784802060870222,-2.450522167135419,0.2520509585913426,7.7402588515003234
262.75405086827845,0.1478480206077862,-2.4505221671352606,0.2520509585917479,7.780001199776337
263.0469224609492,-4.579998741307465e-13,-2.4507358373455075,0.25002812966458854,7.708558125603476
263.04692246094925,-0.1476963424603883,-2.450442186890726,0.24999144597380465,7.689215144813207
263.04692246094925,0.1476963424595232,-2.450442186890031,0.24999144597461997,7.728916721272251
263.3372862411449,-0.14753908796880424,-2.4503726261798184,0.2478666129662437,7.638647263287253
263.3372862411449,-4.579998741307465e-13,-2.45066557251246,0.2479031333793531,7.657964022671271
263.33728624114497,0.14753908796793913,-2.4503726261782095,0.24786661296794388,7.678306568981073
263.625149147439,-4.579998741307465e-13,-2.45060544813546,0.24571516406040206,7.60784416851007
263.62514914743906,-0.14737628010478104,-2.450313237355573,0.2456788334228232,7.588554256502506
263.62514914743906,0.14737628010391593,-2.4503132373549534,0.24567883342381275,7.628169798657525
263.9105248644104,-4.579998741307465e-13,-2.4505552106860686,0.24346650844556958,7.558196386872514
263.91052486441043,0.14720794335925133,-2.4502637662114872,0.24343039278001105,7.578504236439908
263.9105248644105,-0.14720794336011644,-2.4502637662101323,0.24343039278074954,7.538933944013826
264.19342898348225,-0.1470341057575327,-2.4502239539035955,0.24112350832829071,7.489783763042144
264.19342898348225,-4.579998741307465e-13,-2.4505146020088517,0.24115938509813434,7.509018119501108
264.1934289834823,0.14703410575661668,-2.4502239539049193,0.2411235083274553,7.529307327081776
264.47387059019127,-4.579998741307465e-13,-2.450483360477388,0.23879594655552622,7.460307890610375
264.4738705901913,-0.1468548038924411,-2.450193538111478,0.2387603313607324,7.4411022321374904
264.4738705901913,0.14685480389157599,-2.4501935381121367,0.23876033136031496,7.480577598970207
264.75187264799274,-4.579998741307465e-13,-2.4504612218388586,0.23637826671242715,7.412061768545704
264.7518726479928,0.146670069746464,-2.450172253886154,0.2363429345608203,7.432311124344984
264.7518726479928,-0.1466700697473291,-2.450172253886714,0.23634293456029576,7.392885414942689
265.02744644649954,-4.579998741307465e-13,-2.4504479204584912,0.23390835812906743,7.3642778069825
265.0274464464996,-0.146479946692851,-2.450159834894621,0.23387332930103163,7.345131358818758
265.0274464464996,0.14647994669198589,-2.4501598348924913,0.233873329302821,7.384505962225337
265.3006142000731,0.14628447431581879,-2.4501560142091687,0.23135345135940552,7.337158236867395
265.3006142000731,-0.1462844743166839,-2.450156014211499,0.23135345135762198,7.297836177380474
265.3006142000731,-4.579998741307465e-13,-2.4504431901141657,0.23138815772897217,7.316952125060935
265.5713959008471,-4.579998741307465e-13,-2.450446764918408,0.228819530036391,7.270081192453054
265.5713959008471,-0.14608369674329902,-2.450160525252267,0.2287851641341114,7.2509963342281285
265.57139590084716,0.1460836967424339,-2.450160525250887,0.22878516413497005,7.290264423732239
265.8398119372517,-0.14587766068176264,-2.4501731025373577,0.22617027460286088,7.204608191040702
265.8398119372517,-4.579998741307465e-13,-2.4504583800867517,0.22620428311768415,7.223661377154649
265.83981193725174,0.14587766068084662,-2.450173102536865,0.22617027460306616,7.2438208970544595
266.10588410148733,-4.579998741307465e-13,-2.4504777725827402,0.22354415917063716,7.177688773821383
266.1058841014874,-0.1456664143716748,-2.4501934823344618,0.2235105239026837,7.15866783606451
266.1058841014874,0.14566641437080968,-2.450193482334255,0.22351052390267706,7.197823758047364
266.3696354972071,-4.579998741307465e-13,-2.450504681697587,0.22084083963515005,7.132159222754075
266.3696354972072,0.14545000728898083,-2.45022140324151,0.2208075924451312,7.152268853842003
266.36963549720724,-0.14545000728984595,-2.450221403241903,0.22080759244530698,7.11317110313104
266.63108798131134,-4.579998741307465e-13,-2.4505388494656506,0.21809595470001122,7.087068753815587
266.63108798131134,-0.14522849199496762,-2.4502566066031455,0.21806310941919615,7.068114015285719
266.6310879813114,0.1452284919941025,-2.4502566066013305,0.21806310941976478,7.107152221611789
266.8902640800386,-0.14500192241800078,-2.450298837275622,0.21527863234763628,7.0234924558457115
266.8902640800386,-4.579998741307465e-13,-2.450580021426254,0.21531106285608484,7.0424132572346565
266.89026408003866,0.14500192241713566,-2.450298837272083,0.2152786323494319,7.0624697591708046
267.14719372530294,0.1447703474374044,-2.4503478438251265,0.21245566453863393,7.018216067473997
267.14719372530294,-4.579998741307465e-13,-2.4506279468261494,0.21248766834408261,6.998187326886874
267.147193725303,-0.14477034743826953,-2.450347843827824,0.21245566453769374,6.979301012627028
267.401892812506,-0.14453382990999727,-2.4504033787042974,0.20959566872414567,6.935536668455367
267.401892812506,-4.579998741307465e-13,-2.45068237878596,0.2096272348108783,6.954387953648507
267.40189281250605,0.14453382990913216,-2.450403378702579,0.20959566872412366,6.9743881462424895
267.65439443828706,-4.0711099922733015e-13,-2.4507430753043855,0.2067311479945031,6.911009151315558
267.6543944382871,-0.14429241812692986,-2.4504651992483226,0.20670002976862883,6.892193431322841
267.6543944382871,0.14429241812606475,-2.4504651992460507,0.20670002976909096,6.9309800164500075
267.9047217386784,-0.14404617039275658,-2.450533067131881,0.203770097203395,6.84926700617417
267.9047217386784,-4.0711099922733015e-13,-2.4508097987148196,0.20380075827396665,6.868046632047593
267.90472173867846,0.14404617039189146,-2.450533067129083,0.20377009720458936,6.887987398713515
268.1528964309452,-4.0711099922733015e-13,-2.4508823158459894,0.20083738351980868,6.825496335561036
268.15289643094525,-0.143795147483959,-2.450606748524528,0.20080718807754833,6.8067533252255865
268.15289643094525,0.14379514748309388,-2.450606748523516,0.20080718807759967,6.845406241586222
268.3989481319465,-4.0711099922733015e-13,-2.4509603991976587,0.19784226636466853,6.783352834035175
268.3989481319465,0.14353940288744169,-2.450686015292315,0.19781254423133882,6.803231125253853
268.39894813194655,-0.1435394028883068,-2.450686015292926,0.1978125442310821,6.764646954285105
268.6429023546195,-4.0711099922733015e-13,-2.451043826483442,0.1948166041108458,6.741611393134776
268.64290235461954,-0.14327899453891652,-2.4507706445213784,0.19478736220394624,6.722943152051922
268.64290235461954,0.14327899453805143,-2.4507706445208823,0.19478736220455067,6.761457323988278
268.88478515718185,-4.0711099922733015e-13,-2.4511323804684704,0.19176156057934293,6.700267175451025
268.8847851571819,0.14301398009074615,-2.450860418349301,0.19173280508262297,6.720080009005982
268.8847851571819,-0.14301398009156036,-2.450860418348493,0.19173280508299184,6.681637074244413
269.1246222897052,-4.0711099922733015e-13,-2.4512258489622796,0.18867826695779677,6.659315387858451
269.12462228970526,-0.14274441768662519,-2.4509551239679315,0.18865000334217477,6.640723920841966
269.12462228970526,0.14274441768581095,-2.4509551239685523,0.18865000334211732,6.679094395914758
269.36243675261613,0.1424703687123786,-2.451054554168042,0.18554004154274645,6.638496162181889
269.36243675261613,-0.1424703687131928,-2.4510545541675253,0.18554004154259288,6.600199352810239
269.36243675261613,-4.0711099922733015e-13,-2.4513240253632347,0.18556780848983542,6.618751698637143
269.5982589555014,-4.0711099922733015e-13,-2.4514267093942474,0.18243120462932488,6.5785705060920145
269.5982589555015,0.14219188593646181,-2.45115850808396,0.1824039384855475,6.598279714251915
269.5982589555015,-0.14219188593732693,-2.451158508083591,0.18240393848519704,6.560057762410039
269.83211508406714,-4.0711099922733015e-13,-2.4515337055267703,0.17926945864485647,6.538766925302857
269.83211508406714,-0.1419090265615834,-2.4512667896015565,0.17924269680696223,6.520294258074006
269.83211508406714,0.1419090265607183,-2.4512667896026854,0.17924269680652727,6.558440175933782
270.0640254810039,-4.0711099922733015e-13,-2.45164482340051,0.17608354858040823,6.499337060462029
270.0640254810039,0.1416218547421775,-2.4513792077808096,0.1760572939405518,6.518973661069225
270.06402548100397,-0.14162185474299172,-2.451379207780313,0.1760572939406652,6.480904936398205
270.29402249456473,-4.0711099922733015e-13,-2.4517598789746193,0.17287439167093255,6.460274970759403
270.2940224945648,-0.14133041945262861,-2.4514955780225414,0.17284864654055845,6.441883851150792
270.2940224945648,0.1413304194518144,-2.4514955780217975,0.17284864654127416,6.479874236590035
270.52212740707466,-4.0711099922733015e-13,-2.4518786929689345,0.16964288929741422,6.421576594400889
270.5221274070747,-0.1410347828728317,-2.451615720486993,0.1696176554293449,6.403226933276417
270.5221274070747,0.14103478287201746,-2.451615720486939,0.16961765542914137,6.441137850155724
270.74836586371396,-0.1407350012294466,-2.4517394608280085,0.16636518804647557,6.364929371026424
270.74836586371396,-4.0711099922733015e-13,-2.452001091583696,0.16638990943595863,6.383237126035124
270.74836586371396,0.14073500122863236,-2.4517394608285636,0.16636518804557826,6.402759705131404
270.9727652896358,-0.14043112759819584,-2.451866630724524,0.1630920615349343,6.326986051457089
270.9727652896358,-4.0711099922733015e-13,-2.4521269070220497,0.16311626974331833,6.345251458657472
270.97276528963584,0.14043112759738163,-2.4518666307248322,0.1630920615342815,6.364734702840276
271.19534977848576,-4.0711099922733015e-13,-2.4522559762371747,0.15982277153029903,6.3076150499280095
271.19534977848576,0.1401232186963081,-2.451997066604231,0.15979907671562263,6.327058309757083
271.1953497784858,-0.1401232186971223,-2.4519970666049424,0.15979907671535293,6.289392425797052
271.41614356374606,-4.0711099922733015e-13,-2.452388141088671,0.15651019463498753,6.270323333840602
271.4161435637461,-0.1398113303291342,-2.452130609813232,0.15648701295467574,6.252143921753278
271.4161435637462,0.13981133032832,-2.4521306098135502,0.15648701295390702,6.289725968588778
271.6351709934395,-4.0711099922733015e-13,-2.452523248728314,0.15317928603680475,6.233371725868189
271.63517099343954,-0.1394955173134069,-2.452267107000373,0.1531566167807531,6.215235948662533
271.63517099343954,0.1394955173125927,-2.4522671070006385,0.1531566167798923,6.2527331034078175
271.85245650588035,-4.0711099922733015e-13,-2.4526611515353833,0.14983076075696145,6.196755627874276
271.8524565058804,-0.1391758334229932,-2.452406410054668,0.14980860278694438,6.178663902408585
271.8524565058804,0.13917583342217899,-2.4524064100528222,0.14980860278786462,6.216075124552349
272.0680246064571,-4.0711099922733015e-13,-2.4528017070483705,0.14646530274470945,6.160470432795352
272.0680246064571,0.1388523313274715,-2.452548376034408,0.14644365451602456,6.179747433298573
272.0680246064571,-0.1388523313283366,-2.4525483760360944,0.14644365451531938,6.142423170109586
272.2818998454277,-4.0711099922733015e-13,-2.4529447775188844,0.14308357384416764,6.124511529099579
272.28189984542774,0.1385250625454665,-2.4526928667286176,0.1430624334199023,6.143745426309976
272.28189984542774,-0.13852506254628072,-2.452692866730704,0.14306243341875774,6.106509134581077
272.4941047882329,0.13819408055624954,-2.4528397477342527,0.13966559776877754,6.108064837387137
272.4941047882329,-4.0711099922733015e-13,-2.453090229011174,0.1396862326990185,6.0888746421268864
272.49410478823296,-0.13819408055706378,-2.452839747736797,0.13966559776707393,6.070917515247928
272.7046596600959,-4.0711099922733015e-13,-2.4532379329605685,0.1362739002388269,6.053555892343861
272.70465966009596,-0.1378594415989483,-2.452988890035819,0.13625376813800535,6.035644426293504
272.70465966009596,0.1378594415980832,-2.452988890034205,0.13625376813905082,6.072701795830483
272.91359389475497,-4.0711099922733015e-13,-2.4533877656726144,0.13284716421521736,6.01854985981831
272.913593894755,0.1375211860802454,-2.453140169502265,0.1328275319494891,6.037650888449883
272.913593894755,-0.13752118608105962,-2.453140169503563,0.1328275319484763,6.000684443665511
273.12092255500215,0.1371793763779426,-2.4532934660335783,0.12938746648035906,6.002909117842368
273.12092255500215,-4.0711099922733015e-13,-2.4535396074724813,0.1294066022320739,5.983853537490264
273.1209225550022,-0.13717937637875682,-2.453293466035382,0.12938746647870183,5.966034553194226
273.3266762135601,-4.0711099922733015e-13,-2.453693342850271,0.12595277335798014,5.949461325867511
273.3266762135602,0.1368340483107852,-2.453448663701104,0.12593413050143942,5.96847089064709
273.3266762135602,-0.13683404831159943,-2.4534486637016126,0.1259341305009963,5.931689151890384
273.53086722349354,-4.0711099922733015e-13,-2.453848859966425,0.12248622917916702,5.915370676802365
273.53086722349354,-0.13648526689592638,-2.453605650246436,0.12246807530800972,5.897645684149848
273.53086722349354,0.13648526689511217,-2.453605650246683,0.12246807530756981,5.934333668736617
273.7335248366798,-4.0711099922733015e-13,-2.4540060526841043,0.11900746899655493,5.881576223207619
273.7335248366798,-0.13613306744530917,-2.453764319146871,0.11898979993307243,5.863898779453285
273.7335248366798,0.13613306744454584,-2.453764319144911,0.1189897999344276,5.90049209108405
273.9346693111679,-4.0711099922733015e-13,-2.4541648183682865,0.11551697999416656,5.84807410632271
273.93466931116797,-0.13577749915743267,-2.4539245673786336,0.11549979131016892,5.83044457372516
273.93466931116797,0.13577749915661846,-2.4539245673770598,0.11549979131095563,5.866942306838377
274.13431942225253,-4.0711099922733015e-13,-2.4543250565334036,0.1120152721640505,5.814860718448217
274.13431942225253,0.13541861278911518,-2.454086294065842,0.11199855918430192,5.8336807164205755
274.1343194222526,-0.13541861278992942,-2.4540862940685675,0.11199855918253843,5.797279453742562
274.33249530808314,-4.0711099922733015e-13,-2.454486671441172,0.10850281821320248,5.78193222934842
274.33249530808314,-0.1350564555909315,-2.45424940310488,0.1084865760296457,5.764399584219268
274.3324953080832,0.13505645559011725,-2.4542494031001354,0.10848657603341362,5.800703497244889
274.52921947104585,-4.0711099922733015e-13,-2.454649571915004,0.10498005405914397,5.749284421933021
274.5292194710459,0.13469106917344237,-2.4544138029514855,0.104964277562918,5.768006439109651
274.5292194710459,-0.13469106917425658,-2.4544138029535945,0.10496427756130638,5.731800743767612
274.72451179986473,0.134322498589841,-2.4545794052716308,0.10143209135370503,5.735585772803787
274.72451179986473,-4.0711099922733015e-13,-2.4548136699553904,0.10144740748231579,5.716913519644315
274.7245117998648,-0.13432249859060433,-2.4545794052713017,0.10143209135420894,5.699479151066731
274.9183921033229,-0.1339507877801264,-2.4547461248757,0.0978904372340965,5.667431044011696
274.9183921033229,0.13395078777936306,-2.45474612487632,0.09789043723320288,5.703437748033668
274.9183921033229,-4.0711099922733015e-13,-2.454978880723521,0.09790529849496268,5.684815764995429
275.1108801018788,-4.0711099922733015e-13,-2.455145122186888,0.09435414305119227,5.652987421236699
275.1108801018789,-0.13357597956006062,-2.454913879396045,0.09433973097946237,5.635652681380448
275.1108801018789,0.13357597955924638,-2.4549138793962593,0.09433973097876719,5.6715586350867015
275.3019923799605,-0.13319812167048184,-2.455082589472943,0.0907803808599886,5.6041408453054995
275.3019923799605,-4.0711099922733015e-13,-2.455312315320306,0.09079434958514176,5.621425275632767
275.30199237996055,0.1331981216696676,-2.455082589474027,0.09078038085842817,5.639945228928125
275.4917493797304,-4.0711099922733015e-13,-2.455480385529454,0.0872262871037461,5.590125483724278
275.49174937973044,0.13281725306412667,-2.455252180200727,0.08721275573203986,5.6085936916038275
275.49174937973044,-0.1328172530649409,-2.4552521801999654,0.08721275573321609,5.572891687361835
275.6801714068265,-0.13243341149280524,-2.455422580517174,0.08363719357636241,5.54190138941054
275.6801714068265,0.1324334114920419,-2.4554225805166103,0.08363719357666888,5.5775002151220425
275.6801714068265,-4.0711099922733015e-13,-2.4556492620470154,0.08365029372397176,5.559084231185865
275.86727777062595,-4.0711099922733015e-13,-2.455818874720407,0.08006674133962158,5.528297875374426
275.867277770626,-0.13204663527573854,-2.4555937199629594,0.0800540661552059,5.511166304910819
275.867277770626,0.13204663527492433,-2.4555937199628617,0.08005406615538288,5.546661163242992
276.0530790254181,-0.13165697981213337,-2.455765530905602,0.07646374059228583,5.480684230275154
276.0530790254181,-4.0711099922733015e-13,-2.455989156223754,0.07647599719751143,5.497764218866565
276.0530790254182,0.13165697981137003,-2.455765530904314,0.07646374059374153,5.516074347270505
276.23760154618924,-4.0711099922733015e-13,-2.4561600440027,0.07287837245491013,5.467478469666936
276.2376015461893,0.13126446621303586,-2.455937950519263,0.07286652794186155,5.485734979254438
276.2376015461893,-0.1312644662137992,-2.455937950520347,0.0728665279404875,5.450450371878454
276.42085704831385,-0.13086914511124817,-2.4561109179239957,0.06926274161873544,5.420462347451968
276.42085704831385,0.13086914511043396,-2.4561109179247733,0.06926274161850705,5.4556406905357075
276.42085704831385,-4.0711099922733015e-13,-2.456331477451629,0.06927418063066634,5.43743825105043
276.60286682184574,-4.0711099922733015e-13,-2.456503397728831,0.0656637437230246,5.407639621646077
276.6028668218458,0.13047104545455054,-2.4562843740063283,0.06565270353421698,5.425787544840098
276.6028668218458,-0.13047104545531388,-2.4562843740053686,0.06565270353449827,5.390716212939359
276.7836426187424,-4.0711099922733015e-13,-2.4566757491054574,0.062047361806270504,5.378080208767532
276.7836426187425,0.1300702157169372,-2.456458262771772,0.06203671367950414,5.396173177243128
276.7836426187425,-0.13007021571770053,-2.4564582627710148,0.06203671367954975,5.361209590386721
276.9632069906605,-4.0711099922733015e-13,-2.456848478656721,0.05842531627501815,5.348755879606305
276.9632069906606,0.12966667928500125,-2.4566325310473287,0.058415053381914835,5.366793459252969
276.9632069906606,-0.12966667928576459,-2.4566325310465147,0.05841505338203141,5.331938345015652
277.1415711045627,-4.0711099922733015e-13,-2.4570215345153943,0.05479790384403361,5.319664368622739
277.14157110456273,0.12926048366951237,-2.456807126713949,0.054788019285327776,5.337646132947743
277.14157110456273,-0.1292604836702757,-2.4568071267127416,0.05478801928587115,5.302900206133165
277.31875215289244,-4.0711099922733015e-13,-2.457194867909996,0.0511654004517532,5.290802431785747
277.3187521528925,0.12885166175664256,-2.4569820007584564,0.05115588727353143,5.308727959900675
277.3187521528925,-0.1288516617574059,-2.456982000757043,0.05115588727433381,5.274091926472506
277.49476784547903,-4.0711099922733015e-13,-2.4573684333257626,0.04752804691311248,5.262166748544158
277.4947678454791,0.12844024383743488,-2.45715710743787,0.047518898121126606,5.280035624798104
277.4947678454791,-0.12844024383819821,-2.457157107437234,0.04751889812121324,5.2455101825777
277.66963297410933,0.1280262656925697,-2.457332402052639,0.043877306369376125,5.251566295136597
277.66963297410933,-3.562221243239139e-13,-2.457542186286896,0.04388609781284586,5.233754480410298
277.6696329741094,-0.12802626569333303,-2.4573324020521126,0.04387730636935536,5.217152132327305
277.84336222808633,-3.562221243239139e-13,-2.457716083871616,0.04023981106907463,5.2055628115385755
277.8433622280864,0.12760976221659942,-2.4575078414594747,0.04023136989902043,5.223317160925464
277.8433622280864,-0.12760976221736275,-2.4575078414586637,0.04023136989944381,5.1890149563508094
278.0159701917225,-3.562221243239139e-13,-2.457890085273623,0.036589433976533484,5.1775889492162275
278.01597019172254,0.12719076741916982,-2.457683384632181,0.036581335980282306,5.1952854351771895
278.01597019172254,-0.12719076741993315,-2.45768338463186,0.03658133598060052,5.161095858518766
278.18747134198816,-3.562221243239139e-13,-2.458064151737652,0.03293520349291367,5.149830124319039
278.1874713419882,0.126769314426852,-2.4578589926073557,0.03292744154947926,5.167468354363098
278.1874713419882,-0.12676931442756445,-2.457858992606823,0.032927441550257654,5.133392066397947
278.35788004631075,-3.562221243239139e-13,-2.4582382464836745,0.029277346531346587,5.122283591733395
278.3578800463108,-0.126345435486552,-2.458034628400697,0.029269913508567863,5.105900831672562
278.3578800463108,0.12634543548583957,-2.4580346284011947,0.029269913507686596,5.139863178835322
278.5272105605196,-3.562221243239139e-13,-2.4584123346370075,0.025616080243252633,5.094946630745775
278.5272105605196,0.12591916196576522,-2.458210256943299,0.02560896899972437,5.112467193216555
278.5272105605197,-0.12591916196647768,-2.45821025694331,0.02560896900015832,5.0786194305330135
278.6954770269317,-3.562221243239139e-13,-2.458586383173202,0.021951612283288166,5.06781654540094
278.6954770269317,-0.12549052436458613,-2.4583858450206675,0.021944815679845797,5.0515451640332305
278.69547702693177,0.1254905243638737,-2.4583858450218417,0.021944815678465703,5.085277706758502
278.8626934725736,0.1250595523101615,-2.4585613612225474,0.018277651970420868,5.058292053670384
278.8626934725736,-0.12505955231087396,-2.4585613612209887,0.018277651971897287,5.024675358417746
278.8626934725736,-3.562221243239139e-13,-2.4587603608605733,0.018284141072246317,5.040890664829993
279.0288738075353,0.12462627457312742,-2.458736775857883,0.014607667346517068,5.031507593418433
279.0288738075353,-3.562221243239139e-13,-2.458934238184325,0.014613856072879239,5.0141663435493635
279.0288738075353,-0.12462627457383986,-2.4587367758572536,0.014607667346897777,4.998007365419724
279.19403182345155,-3.562221243239139e-13,-2.4591079867983154,0.010940947553059722,4.987640961731871
279.19403182345155,-0.12419071906669331,-2.4589120604099826,0.010935052089005165,4.9715385625309745
279.1940318234516,0.12419071906598086,-2.4589120604080414,0.010935052091134151,5.004921710997647
279.35817950081565,-3.562221243239139e-13,-2.4592815784467645,0.007265628165306251,4.961312196551612
279.3581795008157,-0.1237529173905605,-2.4590871864393478,0.007260018873346995,4.945266623757175
279.3581795008157,0.12375291738979717,-2.459087186436787,0.007260018876097087,4.9785320889082465
279.52132665207273,0.12331290605836186,-2.459262128028641,0.003582758601368914,4.952336762705331
279.52132665207273,-3.562221243239139e-13,-2.4594549873796474,0.0035880887902474605,4.935178077561235
279.5213266520728,-0.1233129060590743,-2.459262128028993,0.0035827586006759405,4.919189574838401
279.6834912509384,-3.562221243239139e-13,-2.4596281908614763,-9.152349469418518e-05,4.909235333171419
279.68349125093846,-0.12287069848730546,-2.459436862300479,-9.658161889419657e-05,4.893304143360074
279.6834912509385,0.12287069848659302,-2.4594368623009237,-9.658161895113743e-05,4.9263324635803185
279.84468309770403,-3.562221243239139e-13,-2.459801165464838,-0.003773029088622753,4.883482007387546
279.8446830977041,0.12242632903394653,-2.4596113656681102,-0.003777822152393605,4.90051724122396
279.8446830977041,-0.12242632903465897,-2.459611365668373,-0.0037778221530702107,4.86760836977694
280.00491267135254,-3.562221243239139e-13,-2.459973889615365,-0.007456255557688377,4.857916039864019
280.0049126713526,0.12197982941284256,-2.459785616407024,-0.007460790532450238,4.87488904060111
280.0049126713526,-0.12197982941355501,-2.459785616408526,-0.007460790534368316,4.84210019052946
280.1641967113433,-0.12153121277159241,-2.459959594202778,-0.011145331273535598,4.816776552067236
280.1641967113433,-3.562221243239139e-13,-2.4601463431387876,-0.011141047461405687,4.832534377870685
280.16419671134344,0.12153121277087997,-2.459959594202822,-0.011145331273005156,4.849444811695496
280.32254016992914,-3.562221243239139e-13,-2.4603185064954105,-0.014827236822904488,4.80733585316918
280.3225401699292,0.12108052438378897,-2.4601332793644497,-0.014831276353531323,4.824183393454664
280.3225401699292,-0.12108052438450141,-2.4601332793622444,-0.014831276352116132,4.791636281167465
280.47996146591794,0.12062777039299163,-2.460306654382394,-0.018518484232498328,4.799101480694659
280.47996146591794,-3.562221243239139e-13,-2.4604903623021492,-0.0185146821527968,4.782317158857554
280.479961465918,-0.12062777039370408,-2.4603066543803225,-0.018518484231313876,4.766676070995386
280.63646687272677,-3.562221243239139e-13,-2.4606618932443034,-0.02220322867029044,4.757476926018586
280.6364668727268,-0.12017299059603083,-2.460479701802954,-0.022206800079133993,4.74189454834307
280.6364668727268,0.12017299059531839,-2.4604797018053985,-0.022206800080545853,4.774197710905129
280.7920697327006,-3.562221243239139e-13,-2.4608330843044293,-0.025892742973691492,4.7328126674573605
280.79206973270067,0.11971620354887322,-2.460652406490848,-0.02589609043642049,4.749469600324725
280.79206973270067,-0.11971620354958566,-2.460652406487558,-0.02589609043429889,4.717289224460676
280.9467834400659,-3.562221243239139e-13,-2.4610039205369616,-0.029583087924529825,4.708321895278099
280.94678344006593,-0.11925742642483474,-2.460824753373335,-0.029586218103464897,4.692857610066397
280.946783440066,0.11925742642412229,-2.4608247533753267,-0.029586218104405704,4.724914664287123
281.1006122622181,-3.562221243239139e-13,-2.461174386721974,-0.03327409389304941,4.684003571108459
281.10061226221814,0.11879670261416193,-2.460996727103556,-0.033277013399422864,4.700531871309611
281.10061226221814,-0.11879670261487438,-2.460996727102751,-0.03327701339945993,4.668598662013218
281.25357176671895,-3.562221243239139e-13,-2.461344471333051,-0.03696565072993925,4.659854873794331
281.253571766719,0.11833404099111124,-2.4611683160423232,-0.03696836610241854,4.676318402290951
281.253571766719,-0.11833404099182368,-2.461168316042282,-0.036968366103005634,4.644509558815081
281.4056726240851,-3.562221243239139e-13,-2.4615141636470326,-0.0406576596208411,4.635873763430127
281.4056726240852,0.11786946393360738,-2.4613395093654993,-0.04066017732912769,4.65227222125873
281.4056726240852,-0.11786946393431982,-2.461339509365758,-0.04066017732982097,4.620588258484082
281.55692456985,-3.562221243239139e-13,-2.4616834515984465,-0.044349975227046756,4.612058352862092
281.55692456985,-0.11740299576775393,-2.461510294894789,-0.044352301676433205,4.596832871525688
281.5569245698501,0.11740299576704148,-2.461510294892772,-0.04435230167430942,4.628391445257171
281.7073350945776,-3.562221243239139e-13,-2.4618523238626806,-0.0480424489346877,4.588407112639848
281.7073350945776,0.1169346669925767,-2.461680661185326,-0.04804459045737334,4.60467454989242
281.70733509457773,-0.11693466699323825,-2.461680661186621,-0.048044590458727415,4.573241865347145
281.85691537702405,-3.562221243239139e-13,-2.462020771540376,-0.051734968444895266,4.564917937650529
281.85691537702405,0.11646449587372135,-2.46185059923847,-0.051736931298686006,4.581119433385529
281.85691537702405,-0.1164644958743829,-2.4618505992377386,-0.0517369312982849,4.549813133260265
282.00567620793356,-0.1159925008776919,-2.4620201012380165,-0.05542922843782227,4.526544635659626
282.00567620793356,-3.562221243239139e-13,-2.4621887869073937,-0.05542743807299684,4.541588789898821
282.00567620793356,0.11599250087697946,-2.4620201012389415,-0.05542922843817032,4.557724061095005
282.1536269865463,-3.562221243239139e-13,-2.4623563622875433,-0.05911974938114059,4.518417855230148
282.1536269865463,-0.11551870395118079,-2.4621891594176804,-0.05912137336241578,4.503434556325114
282.1536269865463,0.11551870395051922,-2.462189159418627,-0.05912137336263821,4.534486622700456
282.3007770301982,-3.562221243239139e-13,-2.462523490510657,-0.06281179076696608,4.495403337253916
282.3007770301983,0.11504312647097589,-2.462357766511545,-0.0628132543881849,4.511405325557791
282.3007770301983,-0.11504312647168834,-2.462357766511298,-0.06281325438861607,4.480481096866465
282.4471355742352,-3.562221243239139e-13,-2.4626901651826225,-0.06650345532000591,4.472543457343455
282.4471355742352,-0.11456578925006729,-2.462525916032556,-0.06650476452255515,4.457682476722551
282.44713557423523,0.11456578924940573,-2.462525916032722,-0.06650476452204707,4.488478394699942
282.59271177196007,-3.562221243239139e-13,-2.462856380666299,-0.07019464071109942,4.449836454628457
282.59271177196007,0.11408671253683296,-2.4626936022586348,-0.07019580135197863,4.465704072830087
282.5927117719601,-0.11408671253749451,-2.462693602258343,-0.07019580135246666,4.435036933152932
282.73751469461075,0.11360591603061082,-2.462860820196013,-0.07388626692621986,4.44308062030785
282.73751469461075,-3.562221243239139e-13,-2.4630221320503995,-0.07388524907215493,4.42728058598032
282.73751469461075,-0.11360591603127237,-2.462860820194498,-0.0738862669256841,4.412542721222537
282.88155333136854,-3.562221243239139e-13,-2.463187415125703,-0.07757518688430096,4.404874125990579
282.88155333136854,-0.11312341888088451,-2.463027565552925,-0.07757606763791529,4.390198113779272
282.8815533313686,0.11312341888022295,-2.463027565553503,-0.07757606763746608,4.420606315128602
283.02483658939514,-0.11263923969461134,-2.4631938337688033,-0.08126509597822969,4.368001401425135
283.02483658939514,-3.053332494204976e-13,-2.463352225412521,-0.08126434672583104,4.382615366942867
283.02483658939514,0.11263923969394979,-2.4631938337689006,-0.0812650959771651,4.398279452896365
283.16737050633367,-3.053332494204976e-13,-2.463516558846077,-0.08495261571546908,4.360503050940633
283.16737050633367,-0.22430736101483245,-2.4628887926895064,-0.08495509364687524,4.332443578232286
283.1673705063337,-0.11215340608796241,-2.4633596206937542,-0.08495323898000386,4.345951323421028
283.1673705063337,0.11215340608735175,-2.4633596206963393,-0.0849532389811353,4.3760987802952
283.1673705063337,0.2243073610141709,-2.462888792689774,-0.084955093645166,4.392738523997839
283.3091651572955,-3.053332494204976e-13,-2.46368041352515,-0.08863991672211471,4.338535297594813
283.3091651572956,0.11166593125235187,-2.463524924363508,-0.0886404194245323,4.354062419480682
283.3091651572956,0.22333241841339918,-2.4630584435877165,-0.08864191215078192,4.370627378546467
283.3091651572956,-0.11166593125301343,-2.4635249243590023,-0.08864041942158744,4.324045998376466
283.30916515729564,-0.22333241841406073,-2.4630584435857723,-0.08864191215088918,4.310594500920867
283.45023001768874,-0.1111768295064842,-2.463689743819681,-0.09232657874117496,4.302283643524862
283.45023001768874,-3.053332494204976e-13,-2.4638437885657423,-0.09232619127661373,4.316710325292137
283.4502300176888,-0.2223542220138428,-2.463227596573628,-0.09232772553580511,4.288888523921867
283.4502300176888,0.11117682950582265,-2.4636897438211727,-0.0923265787415007,4.332168591534668
283.4502300176888,0.22235422201318125,-2.463227596574729,-0.09232772553515953,4.348658458756835
283.5905736772244,-3.053332494204976e-13,-2.464006682422756,-0.0960113588029596,4.2950264947772885
283.5905736772245,-0.11068611737784469,-2.4638540774644975,-0.0960116362714585,4.280662618166879
283.5905736772245,-0.22137280487266045,-2.463396249847669,-0.09601245286495197,4.2673240066473745
283.5905736772245,0.11068611737718312,-2.463854077463514,-0.09601163626978514,4.310415660201011
283.5905736772245,0.2213728048719989,-2.463396249846965,-0.09601245286305095,4.326830132927196
283.73020278689216,-0.1101938174621624,-2.464017922524006,-0.09969547702756666,4.259181584665578
283.73020278689216,0.11019381746150085,-2.464017922524511,-0.09969547702762498,4.2888022939164125
283.73020278689216,-3.053332494204976e-13,-2.46416909240983,-0.09969530441133266,4.273482470640421
283.7302027868922,-0.22038821218054705,-2.4635644003937793,-0.09969597887260585,4.245899610853172
283.7302027868922,0.2203882121798855,-2.46356440039462,-0.09969597887262129,4.305141074960472
283.869122705848,0.10969995638948384,-2.4641812781619756,-0.10337800995801467,4.267327363930707
283.869122705848,0.2194004971975955,-2.4637320471653195,-0.103378212231869,4.2835901621754555
283.869122705848,-3.053332494204976e-13,-2.4643310177573925,-0.10337793713870336,4.252077119722254
283.869122705848,-0.1096999563900945,-2.464181278162999,-0.10337800995900764,4.237839407112336
283.869122705848,-0.21940049719825705,-2.4637320471673414,-0.1033782122340575,4.22461419954144
284.00734610047397,-0.10920453406510477,-2.464344145786173,-0.10705919281309169,4.216633831687722
284.007346100474,-3.053332494204976e-13,-2.4644924599175893,-0.1070592148307066,4.230808187540691
284.0073461004741,0.10920453406449411,-2.4643441457877784,-0.10705919281481313,4.245988616398487
284.0073461004741,-0.2184096597327181,-2.463899191440334,-0.10705911041015419,4.20346552085507
284.0073461004741,0.2184096597320565,-2.463899191438817,-0.10705911040875123,4.262175142663049
284.1448788916374,-0.10870757357608644,-2.4645065245958455,-0.11073893653855622,4.195563645930459
284.1448788916374,0.10870757357542489,-2.4645065245993143,-0.11073893654202076,4.2247848450649155
284.1448788916374,-3.053332494204976e-13,-2.4646534181585475,-0.11073904852935072,4.209674463944607
284.14487889163746,-0.2174157459614112,-2.464065832212411,-0.11073858406451705,4.182452361609111
284.1448788916375,0.21741574596074964,-2.4640658322136533,-0.11073858406578739,4.240894815650879
284.28172538152495,-3.053332494204976e-13,-2.4648138930600823,-0.11441735176941656,4.1886749898757065
284.281725381525,0.10820910342727233,-2.464668415108729,-0.11441715457903563,4.203715095525805
284.281725381525,-0.108209103427883,-2.4646684151063867,-0.11441715457689033,4.174627887774145
284.281725381525,0.21641881289305656,-2.4642319698032797,-0.11441654636031041,4.2197482330349985
284.281725381525,-0.2164188128936672,-2.464231969800871,-0.11441654635804278,4.161573758375354
284.41789935157186,-3.053332494204976e-13,-2.4649738859948953,-0.11809406466570525,4.1678073562038165
284.4178993515719,0.2154188470141134,-2.464397605392867,-0.11809293701156118,4.198732986206367
284.4178993515719,-0.10770911686311342,-2.464829818642012,-0.11809378694240302,4.153824149581183
284.4178993515719,-0.21541884701472405,-2.4643976053903494,-0.11809293700936632,4.140827306177688
284.4178993515719,0.10770911686245187,-2.4648298186452826,-0.11809378694511433,4.182776958327109
284.5534005561423,0.10720765781164984,-2.4649907361266843,-0.12176875114508103,4.161970185856317
284.5534005561423,0.21441593618447868,-2.4645627397105705,-0.12176767325289513,4.177848836194076
284.5534005561423,-0.21441593618514024,-2.4645627397081564,-0.12176767325095471,4.120212742428007
284.5534005561423,-3.053332494204976e-13,-2.4651333979478536,-0.12176910481696857,4.14707130849965
284.5534005561423,-0.1072076578123114,-2.4649907361249004,-0.12176875114376667,4.133152171930288
284.6882431979526,0.10670471630670257,-2.4651511696484363,-0.12544198360513864,4.141292314206166
284.6882431979526,-3.053332494204976e-13,-2.4652924310582867,-0.12544240874776338,4.12646438364639
284.68824319795266,-0.10670471630731324,-2.4651511696485504,-0.125441983605394,4.112609493593693
284.68824319795266,-0.21341006046869015,-2.464727374710075,-0.12544069120652526,4.0997276088863215
284.68824319795266,0.21341006046802857,-2.464727374712249,-0.12544069120818732,4.157093319399124
284.82242868813,-3.053332494204976e-13,-2.4654509876871007,-0.12911391592766636,4.105986079352183
284.82242868813,0.21240129349984552,-2.4648915125520636,-0.1291119299788725,4.136465946841671
284.82242868813,-0.10620032916596547,-2.4653111215210415,-0.12911342370388154,4.092195608184903
284.82242868813,0.10620032916535481,-2.4653111215205623,-0.12911342370342,4.120742846886967
284.82242868813006,-0.21240129350045617,-2.4648915125506576,-0.12911192997783738,4.079371396779454
284.9559693158159,0.10569449184338271,-2.4654705938176558,-0.1327829980472492,4.100319624183169
284.9559693158159,-3.053332494204976e-13,-2.4656090699604913,-0.13278355306657594,4.085634235940566
284.95596931581593,-0.21138962619193974,-2.465055155153101,-0.1327813158674877,4.059141949939352
284.95596931581593,-0.10569449184399338,-2.465470593817637,-0.13278299804724186,4.071908357209888
284.95596931581593,0.21138962619132906,-2.465055155156061,-0.13278131587014105,4.115964559910536
285.0888658416496,-0.21037513526397195,-2.46521830535099,-0.1364487869405757,4.039038863615557
285.0888658416496,-3.053332494204976e-13,-2.465766680919126,-0.13645125860245175,4.065408455560225
285.08886584164964,0.10518724270137994,-2.465629589526357,-0.13645064497949713,4.0800222542522215
285.08886584164964,0.2103751352633613,-2.4652183053526557,-0.1364487869423503,4.095588774478086
285.08886584164964,-0.10518724270199062,-2.4656295895265052,-0.13645064497951098,4.051747338514611
285.22113223364767,-3.053332494204976e-13,-2.4659238236231706,-0.1401169719214892,4.0453063333006964
285.22113223364767,0.10467856918353441,-2.465788111672386,-0.14011630379109188,4.059848331000873
285.22113223364767,0.2093577956042671,-2.4653809660492634,-0.14011428218657457,4.0753361842777895
285.2211322336477,-0.20935779560487774,-2.465380966050319,-0.14011428218687982,4.0190597382917135
285.2211322336477,-0.10467856918414507,-2.465788111672914,-0.14011630379113557,4.031710149380851
285.3527670874375,-0.10416851705690841,-2.465946162771987,-0.14377989514769499,4.0117967211046315
285.3527670874375,-3.053332494204976e-13,-2.466080500645524,-0.1437806137818063,4.025327805717154
285.3527670874375,0.10416851705629775,-2.4659461627713433,-0.14377989514784448,4.039797798027378
285.35276708743754,-0.20833769874700062,-2.4655431395951846,-0.14377772199612987,3.9992045017890065
285.35276708743754,0.20833769874638997,-2.465543139592608,-0.14377772199480357,4.055206741735005
285.48378321403607,-0.1036570767003495,-2.4661037481209314,-0.14744138724125158,3.9920048361172644
285.48378321403607,0.10365707669973882,-2.466103748119422,-0.1474413872407676,4.0198684351771545
285.48378321403607,-3.053332494204976e-13,-2.4662367173190525,-0.14744215248102172,4.005470653435981
285.4837832140361,0.2073148254499694,-2.465704831186593,-0.14743907425435654,4.035198226938295
285.4837832140361,-0.20731482545058008,-2.4657048311909833,-0.1474390742571235,3.9794709393677783
285.6141865097547,-3.053332494204976e-13,-2.4663924767978727,-0.15110152825754014,3.985733711990714
285.6141865097547,0.10314426445096761,-2.4662608708325786,-0.15110072021648563,4.000059080860827
285.6141865097547,0.20628920838912357,-2.4658660438200557,-0.1510982788244549,4.015309482538154
285.6141865097547,-0.10314426445157827,-2.4662608708342972,-0.1511007202171575,3.972333328437877
285.61418650975475,-0.20628920838968334,-2.465866043823994,-0.15109827882677251,3.9598578848956314
285.74397798033425,-0.10263011555287083,-2.466417533855347,-0.15475779955889907,3.9527817716401836
285.74397798033425,-3.053332494204976e-13,-2.4665477820827295,-0.15475864668797565,3.9661165588868244
285.74397798033425,0.10263011555231105,-2.4664175338542265,-0.15475779955867644,3.980369318125422
285.7439779803343,-0.20526091804835378,-2.4660267802641522,-0.15475524090880952,3.9403649096245705
285.7439779803343,0.20526091804779398,-2.4660267802618288,-0.15475524090781648,3.9955400987328646
285.87316967911795,0.10211462102702254,-2.4665737436705037,-0.15841261105460672,3.9607970567010593
285.87316967911795,-0.1021146210276332,-2.4665737436697834,-0.1584126110533054,3.933348077867291
285.87316967911795,-0.20422993647340335,-2.466187046931535,-0.15840994599098943,3.9209899283981784
285.87316967911795,-3.053332494204976e-13,-2.4667026396806753,-0.15841349365838397,3.946617104563001
285.873169679118,0.20422993647279267,-2.466187046931937,-0.15840994599234715,3.9758879855400835
286.0017673097557,-3.053332494204976e-13,-2.466857054013582,-0.1620660235841357,3.927234224380801
286.00176730975573,0.10159779625550117,-2.4667295046628266,-0.16206510901987567,3.9413411746745033
286.00176730975573,0.20319629442451076,-2.466346848104509,-0.1620623481066058,3.956352025088014
286.00176730975573,-0.10159779625606094,-2.4667295046612665,-0.1620651090179667,3.914031121071675
286.00176730975573,-0.2031962944251214,-2.466346848102568,-0.16206234810390013,3.9017318150761655
286.1297732637881,-3.053332494204976e-13,-2.4670110282361666,-0.1657161396169761,3.9079672951242213
286.12977326378814,-0.10107966954814403,-2.466884819934113,-0.16571519651516506,3.8948302749738914
286.12977326378814,-0.20216004852303,-2.4665061867204887,-0.16571235003216203,3.8825899417988743
286.12977326378814,0.2021600485224193,-2.4665061867196076,-0.16571235003214074,3.936931604736442
286.12977326378814,0.10107966954758425,-2.466884819933229,-0.16571519651478264,3.9220010533761713
286.2571950648626,0.20112121310461153,-2.4666650684120577,-0.16935990708796342,3.9176253352105745
286.2571950648626,-3.053332494204976e-13,-2.467164568113236,-0.16936379745948388,3.8888149232257962
286.2571950648626,-0.2011212131052222,-2.4666650684131777,-0.16935990708838333,3.86356291543737
286.2571950648626,-0.1005602480730054,-2.467039695217829,-0.16936282914902728,3.875744145634307
286.25719506486263,0.10056024807244562,-2.467039695216462,-0.16936282914830275,3.9027753007935213
286.3840401438269,-0.10003953864344406,-2.467194136993122,-0.17300798781429536,3.8567713578997576
286.3840401438269,-3.053332494204976e-13,-2.467317680151697,-0.17300897810436552,3.8697757338647416
286.3840401438269,0.2000798017965837,-2.466823499589762,-0.1730049998800324,3.898431845854173
286.3840401438269,-0.20007980179719434,-2.4668234995886276,-0.17300499987850804,3.8446493616729
286.38404014382695,0.1000395386428334,-2.467194136993198,-0.1730079878150687,3.8836625436047156
286.51031401373194,0.19903584267449137,-2.4669814857240153,-0.17664758451288765,3.87935006016583
286.51031401373194,-3.053332494204976e-13,-2.4674703699465503,-0.17665163802727668,3.8508486442555965
286.51031401373194,-0.09951755529756327,-2.4673481508274717,-0.17665062889714273,3.8379108277256475
286.510314013732,-0.19903584267505114,-2.466981485723568,-0.17664758451219223,3.8258481964571054
286.510314013732,0.09951755529695261,-2.46734815082814,-0.17665062889852715,3.8646617015386675
286.6360221420342,-3.053332494204976e-13,-2.46762264288046,-0.1802917223044027,3.8320325816370175
286.6360221420343,0.09899431175149237,-2.4675017420662666,-0.18029069737918837,3.8457717042978494
286.6360221420343,-0.19798936317196725,-2.4671390320533733,-0.18028760568611688,3.807158345822732
286.6360221420343,0.19798936317140747,-2.4671390320535886,-0.18028760568621904,3.860378911552396
286.6360221420343,-0.09899431175205216,-2.467501742066412,-0.1802906973787369,3.819161481127317
286.7611699020152,-0.19694039049522166,-2.4672961432357994,-0.18392499492312483,3.788578753070702
286.7611699020152,-3.053332494204976e-13,-2.4677745037665395,-0.18392916283080818,3.813326490508896
286.76116990201524,0.09846982161011762,-2.4676549154844416,-0.1839281250615711,3.8269914988249223
286.76116990201524,-0.0984698216106774,-2.4676549154847685,-0.18392812506164666,3.8005222613907095
286.7611699020153,0.19694039049461098,-2.4672961432372604,-0.18392499492388073,3.8415173506281626
286.88576063003245,-3.053332494204976e-13,-2.4679259581419895,-0.1875638978923429,3.794729622342177
286.88576063003245,0.19588896809882464,-2.467452824655902,-0.1875596901414473,3.822764637366777
286.88576063003245,-0.09794410660090216,-2.4678076765792736,-0.1875628501378628,3.7819924177320923
286.8857606300325,-0.19588896809938441,-2.4674528246516654,-0.18755969013862353,3.7701086664938694
286.8857606300325,0.0979441066002915,-2.4678076765794956,-0.18756285013787474,3.808320340176599
287.0098022282531,0.09741716871868988,-2.467960032433386,-0.19119484678738324,3.7897568020048595
287.0098022282531,0.19483509997699308,-2.4676090833216993,-0.19119166523512926,3.8041193472613046
287.0098022282531,-2.5444437451708134e-13,-2.468077013112305,-0.1911959017628547,3.776240549996211
287.00980222825314,-0.19483509997755288,-2.46760908331854,-0.19119166523374792,3.751746660512016
287.00980222825314,-0.09741716871924966,-2.467960032432602,-0.19119484678730694,3.7635705232667025
287.13329997769915,-2.5444437451708134e-13,-2.468227675465519,-0.19482514679753002,3.7578582415115593
287.1332999776992,0.19377881103026418,-2.4677649259368297,-0.1948208922050208,3.785580454065177
287.1332999776992,-0.0968890204163447,-2.4681119898136092,-0.19482408727850067,3.7452555449532383
287.1332999776992,0.09688902041578493,-2.468111989814008,-0.19482408727776598,3.7712998546151146
287.1332999776992,-0.19377881103082398,-2.46776492593703,-0.19482089220712528,3.7334917021850837
287.2562591148509,-2.5444437451708134e-13,-2.468377951582887,-0.19845158873046617,3.7395816746889676
287.2562591148509,0.09635967383915818,-2.4682635550683254,-0.19845052724783818,3.752948478025373
287.2562591148509,-0.09635967383971795,-2.4682635550687624,-0.1984505272497571,3.7270464595443533
287.25625911485093,0.19272012555349569,-2.467920358758275,-0.19844732641550492,3.767146941182799
287.25625911485093,-0.19272012555405546,-2.467920358757349,-0.19844732641682117,3.715342768386915
287.37868483186224,-2.5444437451708134e-13,-2.4685278480074833,-0.20207518521635326,3.7214098370354733
287.3786848318623,0.09582914083691015,-2.4684147347125855,-0.20207412426365992,3.7347016619128404
287.3786848318623,-0.09582914083746992,-2.4684147347131784,-0.20207412426595536,3.7089422535324275
287.3786848318623,-0.19165906724309217,-2.4680753882119317,-0.20207092515902886,3.6972988457508884
287.37868483186236,0.1916590672425324,-2.4680753882148245,-0.20207092515947572,3.7488178016170455
287.5005822767801,-2.5444437451708134e-13,-2.4686773714433077,-0.2056958957947636,3.7033417257097154
287.50058227678016,0.19059565920158508,-2.468230020907982,-0.20569164762406997,3.7305920379158963
287.50058227678016,-0.09529743296162967,-2.4685655354282794,-0.20569483778138334,3.690941923094474
287.50058227678016,-0.19059565920214488,-2.468230020906642,-0.20569164762508182,3.679358930614463
287.50058227678016,0.09529743296112078,-2.4685655354272713,-0.20569483777874162,3.7165584055597787
287.621956553767,0.09476456147166608,-2.468715964042611,-0.20931262908602336,3.6985177177984685
287.621956553767,-2.5444437451708134e-13,-2.4688265287465914,-0.2093136818474099,3.685376347466252
287.621956553767,-0.18952992395076204,-2.468384263590632,-0.20930945483949912,3.661522028962969
287.621956553767,-0.09476456147217498,-2.4687159640434175,-0.20931262908842996,3.6730444740360415
287.62195655376706,0.18952992395025314,-2.4683842635913136,-0.2093094548378073,3.7124686621179985
287.74281272332763,0.09423053733978039,-2.4688660275345096,-0.21292746128041573,3.680578616955106
287.74281272332763,-2.5444437451708134e-13,-2.4689753269202876,-0.2129285065586681,3.6675127185989824
287.74281272332763,0.18846188343075074,-2.468538123163526,-0.2129243096306259,3.6944466956975366
287.74281272332763,-0.09423053734034016,-2.4688660275326044,-0.2129274612803588,3.655248921734206
287.7428127233277,-0.1884618834313105,-2.468538123160881,-0.21292430963053824,3.6437871563724142
287.86315580253836,-0.18739155901584556,-2.468691606664204,-0.21653617659847835,3.6261533379515845
287.86315580253836,-2.5444437451708134e-13,-2.469123773102956,-0.21654033487187285,3.64974986488378
287.8631558025384,0.18739155901533666,-2.4686916066665967,-0.21653617659838614,3.6765251695081824
287.8631558025384,0.09369537125166942,-2.4690157330150857,-0.21653929921653928,3.662740130793169
287.8631558025384,-0.0936953712522292,-2.4690157330132085,-0.2165392992164595,3.6375542910799545
287.98299076528025,-2.5444437451708134e-13,-2.4692718738055386,-0.22014911892657252,3.6320868215203417
287.98299076528025,0.18631897151333698,-2.4688447205003485,-0.22014500753540187,3.6587031237262897
287.98299076528025,-0.09315907361258143,-2.4691650869680495,-0.22014809494976637,3.619959616419503
287.98299076528025,-0.18631897151384588,-2.4688447204968114,-0.22014500753422395,3.6086196082831496
287.9829907652803,0.09315907361207254,-2.4691650869687005,-0.22014809494875467,3.6450012964557263
288.102320633383,-2.5444437451708134e-13,-2.46941963561593,-0.2237548055772689,3.614522913872126
288.102320633383,0.09262166317262414,-2.469314095955023,-0.2237537952493609,3.6273614424248084
288.102320633383,-0.09262166317313304,-2.469314095953749,-0.2237537952498755,3.6024642211943134
288.10232063338304,0.18524415842776606,-2.4689974711289677,-0.2237507489571908,3.640979891149029
288.10232063338304,-0.18524415842832584,-2.4689974711259466,-0.22375074895616548,3.591185290083348
288.2211512845019,0.09208314544972918,-2.469462767825318,-0.2273563741564275,3.6098194773012566
288.2211512845019,-0.09208314545023806,-2.469462767824682,-0.22735637415759358,3.5850670125224227
288.2211512845019,-2.5444437451708134e-13,-2.469567066406892,-0.22735736894855957,3.5970570492961587
288.22115128450196,-0.18416713079189176,-2.4691498663501057,-0.22735337465322347,3.5738492912360775
288.22115128450196,0.18416713079138286,-2.469149866350492,-0.2273533746521674,3.623354382625942
288.3394880669454,-2.5444437451708134e-13,-2.469714174321097,-0.2309567954905579,3.5796882166234534
288.3394880669455,-0.18308790332623712,-2.469301914240476,-0.23095287073392146,3.5566106006376663
288.3394880669455,0.18308790332567734,-2.469301914240684,-0.23095287073310145,3.6058255910105723
288.3394880669455,-0.09154352780471782,-2.4696111107056473,-0.23095581803751955,3.567766978756517
288.3394880669455,0.09154352780420894,-2.469611110706511,-0.23095581803669843,3.592374391416393
288.4573357897524,-2.5444437451708134e-13,-2.4698609671756504,-0.23455306212607815,3.5624154870834603
288.4573357897524,0.18200649467969193,-2.4694536225491053,-0.23454921380147534,3.5883925921205306
288.45733578975245,0.09100281956058463,-2.469759132399532,-0.23455210373340613,3.5750252577733073
288.45733578975245,-0.09100281956109352,-2.4697591323993473,-0.23455210373457414,3.5505631903931993
288.4573357897525,-0.1820064946802008,-2.4694536225492234,-0.2345492138021323,3.539468289092804
288.57469921992674,0.18092292297444607,-2.469604999002986,-0.2381423782618453,3.5710544708134866
288.57469921992674,-0.18092292297495496,-2.4696049990035873,-0.23814237826253887,3.5224214365881603
288.57469921992674,-2.5444437451708134e-13,-2.47000745278023,-0.23814614358920635,3.545237941040245
288.5746992199268,-0.09046102978007846,-2.4699068406913907,-0.23814520589748803,3.533454727093273
288.5746992199268,0.09046102977951868,-2.4699068406904776,-0.23814520589563032,3.5577711584683627
288.6915830826859,0.08991816726132598,-2.4700542417547555,-0.241735068172459,3.5406111846298653
288.6915830826859,-2.5444437451708134e-13,-2.4701536373373774,-0.24173598360849013,3.528154667930597
288.6915830826859,0.17983720581041696,-2.469756049683189,-0.24173230751235167,3.553810320926686
288.69158308268595,-0.08991816726183487,-2.4700542417553755,-0.24173506817365212,3.5164406776194737
288.69158308268595,-0.17983720581092585,-2.469756049683398,-0.24173230751240618,3.5054691322298797
288.8079878720859,0.17874939954428554,-2.469906781048944,-0.24531893810907393,3.5366598620814194
288.8079878720859,-0.17874939954479444,-2.4699067810482758,-0.24531893810812055,3.48861108049033
288.8079878720859,-2.5444437451708134e-13,-2.4702995274352824,-0.2453225190448382,3.511165377249352
288.80798787208596,0.08937426018449969,-2.4702013421482736,-0.24532162734853585,3.5235450501779013
288.80798787208596,-0.08937426018495769,-2.470201342147,-0.24532162734761873,3.49952074831737
288.92392133203987,0.08882930256929167,-2.4703481511927547,-0.2489048831124016,3.5065714078064802
288.92392133203987,-0.08882930256980055,-2.4703481511937464,-0.24890488311319853,3.4826935934883485
288.92392133203987,-2.5444437451708134e-13,-2.4704451324088916,-0.2489057496703037,3.494268722095304
288.9239213320399,-0.1776594922172171,-2.47005720239997,-0.24890226950544406,3.471845937671322
288.9239213320399,0.1776594922167082,-2.470057202398466,-0.24890226950457314,3.5196017473647707
289.03938876713386,-2.5444437451708134e-13,-2.470590461346894,-0.25248568722827547,3.4774637158050825
289.0393887671339,-0.08828329921279258,-2.470494677977373,-0.252484847136849,3.4659582262938478
289.0393887671339,0.0882832992122837,-2.470494677974248,-0.252484847134452,3.4896892719664083
289.0393887671339,0.17656749342064498,-2.4702073227968047,-0.25248231313786634,3.502634993280668
289.0393887671339,-0.17656749342115388,-2.4702073227995966,-0.25248231313979846,3.4551727176981424
289.1543943464388,0.17547342254429923,-2.470357147883902,-0.25605900533351367,3.4857587861593666
289.1543943464388,-2.5444437451708134e-13,-2.4707355200144256,-0.25606226835379786,3.4607495401054638
289.15439434643883,-0.17547342254475723,-2.47035714788713,-0.25605900533585035,3.438590601689404
289.1543943464389,-0.0877362598081118,-2.4706409282306927,-0.2560614559752251,3.449313827657166
289.1543943464389,0.08773625980760291,-2.470640928228632,-0.25606145597399904,3.472897826186791
289.26893694172054,-2.5444437451708134e-13,-2.4708803153263883,-0.2596354291691536,3.444126147533396
289.2689369417206,0.17437734902767807,-2.4705066844338117,-0.2596322819209015,3.468973090537244
289.2689369417206,-0.17437734902818697,-2.470506684437333,-0.25963228192359017,3.422099535515706
289.2689369417206,-0.0871882190760162,-2.4707869088344228,-0.25963464567850536,3.432760346115383
289.2689369417206,0.0871882190755582,-2.470786908832004,-0.25963464567692374,3.4561970283377166
289.3830267187461,0.0866391574231185,-2.4709326303721295,-0.2632044438929929,3.4395851912317763
289.3830267187461,-2.5444437451708134e-13,-2.4710248578652805,-0.26320519739681725,3.427591853243463
289.3830267187461,-0.1732792336856354,-2.470655943043163,-0.26320217032433413,3.4056978407637355
289.3830267187462,0.1732792336851265,-2.470655943043431,-0.26320217032497384,3.4522762174677273
289.3830267187462,-0.0866391574235765,-2.4709326303724324,-0.26320444389272973,3.4162960997477825
289.4966679948303,0.17217909198116294,-2.4708049300957535,-0.2667686398971468,3.4356673393761543
289.4966679948303,-2.5444437451708134e-13,-2.47116915410073,-0.26677154268761055,3.411145825682041
289.4966679948304,0.08608908258259393,-2.4710780992953585,-0.2667708201967915,3.4230614848296925
289.4966679948304,-0.17217909198162093,-2.4708049300938315,-0.2667686398953312,3.3893846857018683
289.4966679948304,-0.08608908258310281,-2.4710780992943424,-0.26677082019533555,3.3999202564366295
289.609857873301,-2.5444437451708134e-13,-2.471313210699525,-0.2703343917135779,3.394788277811869
289.609857873301,-0.08553803709474299,-2.4712233222283917,-0.2703337011897922,3.383633024135222
289.60985787330105,0.17107700899557418,-2.4709536521051856,-0.27033161703632236,3.419146683492444
289.60985787330105,-0.1710770089960322,-2.470953652102518,-0.2703316170341727,3.3731602746902
289.60985787330105,0.085538037094285,-2.471223322232361,-0.2703337011939797,3.406626128519833
289.72260780999534,-2.5444437451708134e-13,-2.471457037619863,-0.2738937604162096,3.378517349687738
289.72260780999534,-0.08498599341611483,-2.471368309135205,-0.2738931027469962,3.367432546827788
289.7226078099954,-0.16997292964430832,-2.471102119028136,-0.2738911173909819,3.357022756097706
289.7226078099954,0.16997292964379945,-2.4711021190322433,-0.2738911173943351,3.4027123833786215
289.7226078099954,0.08498599341560595,-2.4713683091403635,-0.27389310275231826,3.3902772588828616
289.8349188704318,-2.5444437451708134e-13,-2.4716006418948098,-0.2774496244896264,3.362332686203158
289.8349188704318,-0.16886689903475519,-2.4712503378194626,-0.2774471163861452,3.3409717710155573
289.8349188704318,0.16886689903429716,-2.471250337823349,-0.27744711638933284,3.386364092251231
289.83491887043186,0.08443297410101502,-2.4715130670298757,-0.277449000496199,3.37401452440876
289.83491887043186,-0.08443297410147302,-2.471513067025929,-0.2774490004919119,3.3513184669415725
289.94679323882025,0.1677589510574805,-2.4713983168184996,-0.2809995821117874,3.3701013008955387
289.94679323882025,-2.5444437451708134e-13,-2.4717440319483504,-0.28100195228915126,3.346233771496412
289.94679323882025,0.08387899609579512,-2.4716576043062446,-0.28100136271686943,3.357837412036333
289.94679323882025,-0.1677589510579385,-2.47139831681673,-0.28099958211051407,3.325006801119087
289.9467932388203,-0.08387899609625313,-2.471657604304094,-0.2810013627142988,3.335290266860377
290.05823989508576,-0.16664905137765865,-2.4715460633295327,-0.2845484935587515,3.3091263615197337
290.05823989508576,-2.5444437451708134e-13,-2.471887215148948,-0.2845507230931769,3.3302191149059097
290.0582398950858,0.08332404223177009,-2.471801928322351,-0.2845501686210185,3.3417444290860763
290.0582398950858,-0.08332404223222808,-2.471801928322755,-0.2845501686210519,3.3193464585196115
290.0582398950859,0.16664905137720065,-2.471546063328767,-0.2845484935576376,3.3539225151932754
290.16925434459404,-2.5444437451708134e-13,-2.4720301991807174,-0.2880958970737954,3.314289164522782
290.16925434459404,-0.1655372991032055,-2.471693584926783,-0.28809381065954587,3.293330889931365
290.1692543445941,-0.0827681620644245,-2.4719460467360066,-0.28809537832233684,3.303487484085881
290.1692543445941,0.1655372991027475,-2.4716935849243757,-0.288093810656808,3.337828199499379
290.1692543445941,0.0827681620639665,-2.4719460467355323,-0.28809537832189874,3.3257360310452673
290.2798494853285,-2.5444437451708134e-13,-2.4721729925055875,-0.2916374655645344,3.298441873623866
290.27984948532855,-0.08221131789395673,-2.472089967995472,-0.29163698307964503,3.2877113020484887
290.27984948532855,0.08221131789349874,-2.4720899679957498,-0.2916369830796398,3.3098101662695356
290.27984948532855,-0.1644236188374693,-2.471840890033429,-0.2916355244619658,3.2776183503467817
290.27984948532855,0.16442361883701131,-2.4718408900325177,-0.2916355244605277,3.3218162975395855
290.3900205875882,-2.0355549961366507e-13,-2.4723156030321873,-0.29517540897446914,3.2826777258093585
290.39002058758825,-0.16330811141807883,-2.4719879864722527,-0.29517361514923746,3.2619892157491734
290.39002058758825,0.16330811141762083,-2.471987986473756,-0.29517361515005236,3.3058873094027184
290.39002058758825,0.08165356013958827,-2.472233699989823,-0.2951749632467379,3.293967325869509
290.39002058758825,-0.08165356014004628,-2.4722336999893835,-0.29517496324667336,3.27201838996509
290.4997791546346,-0.08109485694814031,-2.472377250544732,-0.29870929421624676,3.2564069135684757
290.4997791546346,-2.0355549961366507e-13,-2.4724580385951147,-0.29870970275769504,3.266994882350645
290.4997791546346,0.16219071313592845,-2.472134882034495,-0.2987080579178094,3.290039388517714
290.49977915463467,0.0810948569476823,-2.472377250545255,-0.29870929421646664,3.278205667015307
290.49977915463467,-0.16219071313638644,-2.4721348820331532,-0.2987080579170019,3.246441656692614
290.60912096335414,-0.1610715192613022,-2.4722815848501907,-0.3022388373525504,3.2309760754349552
290.60912096335414,-2.0355549961366507e-13,-2.472600307425678,-0.30224033173419707,3.25139375547985
290.60912096335414,0.08053525595256664,-2.4725206278648533,-0.30223996074674536,3.2625256090488226
290.60912096335414,0.1610715192608442,-2.4722815848502666,-0.3022388373523183,3.2742729627511675
290.60912096335426,-0.08053525595302463,-2.472520627864731,-0.3022399607467422,3.240877279396022
290.71805791886914,-2.0355549961366507e-13,-2.4727424170480186,-0.3057672713392477,3.235872457033789
290.7180579188692,0.15995045968597113,-2.472428102394689,-0.30576592863326124,3.2585861351345375
290.7180579188692,-0.15995045968642913,-2.4724281023934616,-0.3057659286324063,3.2155905938525344
290.7180579188692,-0.07997472210122088,-2.472663839459488,-0.30576693820845685,3.225427604150139
290.71805791886925,0.07997472210081377,-2.472663839461244,-0.305766938209951,3.246925259249863
290.8265840082344,0.07941331201901927,-2.4728068927045523,-0.30929019267459684,3.231405294364911
290.8265840082344,-2.0355549961366507e-13,-2.4728843748609384,-0.30929048769420536,3.220431655388731
290.8265840082344,0.15882764766383878,-2.4725744419539737,-0.3092892976722879,3.2429795923031564
290.8265840082344,-0.07941331201947727,-2.472806892702167,-0.30929019267275204,3.2100585493557063
290.8265840082345,-0.15882764766429677,-2.4725744419518425,-0.309289297670671,3.2002858681378425
290.934711521706,-2.0355549961366507e-13,-2.4730261898315877,-0.3128099794249356,3.2050694148416805
290.93471152170605,-0.0788509876112116,-2.4729497965528817,-0.3128097227038191,3.194768184559728
290.93471152170605,0.15770300700199522,-2.472720612463401,-0.31280894284512095,3.2274513888324314
290.93471152170605,0.0788509876108045,-2.472949796553492,-0.3128097227037862,3.2159637737004148
290.9347115217061,-0.1577030070024532,-2.4727206124626617,-0.31280894284483446,3.185059973347147
291.04243780490674,-2.0355549961366507e-13,-2.4731678690228334,-0.3163257244868768,3.1897859277600555
291.0424378049068,-0.0782877878174052,-2.473092558049552,-0.31632550620319133,3.179556697531312
291.0424378049068,0.07828778781694719,-2.473092558050963,-0.31632550620388067,3.200600895493004
291.04243780490685,-0.1565766155820977,-2.472866620899369,-0.31632484190422566,3.16991309392219
291.04243780490685,0.15657661558163968,-2.472866620900649,-0.3163248419051443,3.212001730098984
291.149769088862,-0.07772370510273875,-2.473235186215699,-0.31983753382858726,3.1644230213189664
291.149769088862,-2.0355549961366507e-13,-2.4733094214710074,-0.31983771359247004,3.1745801258531774
291.149769088862,0.07772370510228076,-2.4732351862174653,-0.31983753382983027,3.185315590765689
291.14976908886206,0.1554484583324899,-2.473012476243701,-0.31983698533918786,3.1966295470922943
291.14976908886206,-0.1554484583329479,-2.4730124762429266,-0.3198369853385293,3.1548441649033783
291.2567099879545,-2.0355549961366507e-13,-2.473450853887122,-0.3233459265449083,3.159451173818135
291.25670998795454,0.07715873986083774,-2.473377687749514,-0.3233457853339617,3.1701070246450453
291.25670998795454,0.15431853604256007,-2.473158185136457,-0.32334535273871023,3.1813340061215727
291.25670998795454,-0.07715873986129575,-2.4733776877485925,-0.32334578533323105,3.149366320943339
291.25670998795454,-0.15431853604301807,-2.473158185135033,-0.3233453527372698,3.139852352388054
291.3632580487714,-2.0355549961366507e-13,-2.473592173419833,-0.326850315249364,3.144399237252348
291.36325804877146,-0.07659292966041406,-2.4735200697629574,-0.32685021257063507,3.1343867575680826
291.36325804877146,0.15318692384606802,-2.4733037546040633,-0.3268498958129983,3.1661152853439254
291.36325804877146,0.07659292966000696,-2.4735200697624444,-0.3268502125702483,3.1549753683930475
291.36325804877146,-0.15318692384652602,-2.473303754603265,-0.3268498958119332,3.124937814336844
291.4694228353545,-0.07602624807406075,-2.4736623420369006,-0.3303508384655766,3.1194828039301186
291.4694228353545,0.07602624807365363,-2.4736623420354977,-0.3303508384644785,3.1399190876431438
291.4694228353545,-2.0355549961366507e-13,-2.473733389851065,-0.3303509026841769,3.1294227851443766
291.4694228353546,-0.15205356889160934,-2.473449194415095,-0.33035063732692105,3.1100990276281064
291.4694228353546,0.15205356889120222,-2.4734491944134445,-0.3303506373258145,3.150971847430931
291.5752053899094,-0.07545871351418695,-2.4738045107588893,-0.3338476372690892,3.104654133768382
291.5752053899094,-0.15091850800201773,-2.4735945106913655,-0.33384755138854044,3.09533566498293
291.5752053899094,0.07545871351377985,-2.4738045107570596,-0.33384763726755906,3.1249378610835095
291.5752053899094,-2.0355549961366507e-13,-2.4738745093912353,-0.33384766314788017,3.114521493222191
291.57520538990946,0.1509185080016106,-2.473594510691716,-0.33384755138913913,3.1359033750020937
291.6806057600949,0.07489034970208196,-2.4739465831963092,-0.3373405626099511,3.110031508248956
291.6806057600949,-2.0355549961366507e-13,-2.4740155393391787,-0.3373405503178126,3.0996951773164723
291.680605760095,-0.22467703149062754,-2.4733949093518377,-0.337340612293178,3.0719358281401496
291.680605760095,0.14978178862053323,-2.4737397106161687,-0.33734059149000806,3.120909692327997
291.680605760095,0.22467703149022042,-2.47339490935257,-0.3373406122945137,3.132330142677989
291.680605760095,-0.07489034970253995,-2.4739465831973204,-0.33734056261097006,3.0899005602411322
291.680605760095,-0.14978178862094035,-2.473739710615,-0.3373405914889437,3.0806475379188685
291.7856316657267,-2.0355549961366507e-13,-2.4741564896602073,-0.34082959727501594,3.084942575858993
291.7856316657267,-0.2229694438672661,-2.473545181864948,-0.3408300023047436,3.0573799896627563
291.7856316657267,0.22296944386680811,-2.4735451818627587,-0.3408300023033469,3.117315298396797
291.7856316657267,-0.07432113871575266,-2.4740885693169514,-0.3408296475261601,3.0752208244350414
291.7856316657267,-0.1486433749019484,-2.4738848041458326,-0.3408297905217387,3.0660333906691744
291.7856316657268,0.14864337490154128,-2.473884804144399,-0.34082979052010454,3.10598953400623
291.7856316657268,0.07432113871534556,-2.474088569318116,-0.3408296475267222,3.09519876540825
291.89028589286005,0.07375108877441394,-2.4742304749368036,-0.3443148642662653,3.0804390697329977
291.89028589286005,-2.0355549961366507e-13,-2.4742973661933796,-0.3443147763151218,3.0702631245043515
291.89028589286005,-0.07375108877482105,-2.4742304749362267,-0.3443148642665715,3.0606143613118593
291.8902858928601,-0.2212593394481361,-2.4736953201458105,-0.3443155220491735,3.0428977279527167
291.8902858928601,-0.14750328328672843,-2.4740297970285914,-0.3443151205970742,3.051492658326837
291.8902858928601,0.14750328328632134,-2.474029797026413,-0.3443151205944865,3.0911423395494597
291.8902858928601,0.22125933944767812,-2.473695320143947,-0.344315522047953,3.1023733543057053
291.99456599732093,-2.0355549961366507e-13,-2.474438175134521,-0.3477960214504228,3.0556569926956976
291.994565997321,0.14636158710335037,-2.474174695311181,-0.3477965155590203,3.0763682906136207
291.994565997321,0.21954682822343402,-2.4738453300638024,-0.3477971051667032,3.0875044999344223
291.994565997321,0.07318023654375459,-2.4743723062118317,-0.3477961467998462,3.065752596183438
291.994565997321,-0.07318023654416171,-2.474372306213337,-0.34779614680208487,3.0460813359762224
291.994565997321,-0.21954682822384114,-2.473845330063086,-0.34779710516575973,3.0284892029736885
291.994565997321,-0.14636158710375746,-2.4741746953104586,-0.34779651555909397,3.0370255028367064
292.0984800136769,-2.0355549961366507e-13,-2.4745789262803415,-0.3512733570860277,3.041122882847197
292.0984800136769,0.07260856120666256,-2.4745140729368815,-0.35127351949071045,3.051138044597665
292.0984800136769,0.14521824471942205,-2.4743195087769783,-0.3512739996454372,3.061666084904022
292.098480013677,-0.14521824471982914,-2.4743195087757135,-0.3512739996449885,3.0226306330952397
292.098480013677,-0.2178318477456912,-2.4739952213801923,-0.3512747756758282,3.0141531275278384
292.098480013677,0.2178318477452841,-2.473995221380261,-0.3512747756760148,3.0727074312988396
292.098480013677,-0.07260856120706968,-2.474514072938455,-0.3512735194928974,3.0316204538618376
292.2020309032078,0.07203606923213164,-2.47465578354098,-0.3547470084532582,3.0365948326597896
292.20203090320786,-0.14407326907282922,-2.4744642458252235,-0.35474759884698653,3.0083074653582456
292.20203090320786,-2.0355549961366507e-13,-2.474719628067331,-0.35474680937548986,3.0266602113801717
292.2020309032079,-0.21611441742031146,-2.474145002455125,-0.35474855937072586,2.999888918967966
292.2020309032079,0.21611441741990434,-2.4741450024554354,-0.35474855937112254,3.05798157096853
292.2020309032079,0.14407326907242213,-2.474464245828025,-0.35474759884896345,3.0470351421542943
292.2020309032079,-0.07203606923253875,-2.4746557835379166,-0.3547470084511179,3.017231130913921
292.3052213713195,0.07146276823456238,-2.474797443422566,-0.3582165632244077,3.0221224157658324
292.3052213713195,-2.0355549961366507e-13,-2.4748602859277185,-0.35821632790006575,3.0122684322690745
292.3052213713195,-0.0714627682349695,-2.474797443419829,-0.35821656322257506,3.0029128204817392
292.30522137131953,0.2143945600898858,-2.4742946784395583,-0.3582184054542929,3.043326379571371
292.30522137131953,0.14292667539115175,-2.474608911770874,-0.3582172625823289,3.0324749199783994
292.30522137131953,-0.142926675391508,-2.474608911768203,-0.3582172625804169,2.9940554531460393
292.30522137131953,-0.2143945600902929,-2.4742946784407778,-0.358218405455221,2.985696031781583
292.4080503651864,-0.14177852046505093,-2.474753512750796,-0.3616829378993636,2.979874569630915
292.4080503651864,-2.0355549961366507e-13,-2.4750009061401976,-0.3616818598620046,2.997947524219804
292.4080503651864,0.14177852046464381,-2.4747535127500213,-0.361682937897981,3.0179854068138523
292.40805036518645,-0.07088868660913278,-2.474939058825704,-0.36168213096883317,2.988665497979589
292.40805036518645,0.21267236093730196,-2.4744442553199697,-0.36168426079952914,3.0287418519845066
292.40805036518645,-0.21267236093770905,-2.4744442553223185,-0.3616842608015814,2.9715744379483637
292.40805036518645,0.07088868660877655,-2.4749390588241904,-0.3616821309666925,3.0077207769628385
292.51052410362416,-2.0355549961366507e-13,-2.4751414976864092,-0.36514341879729545,2.983696454101548
292.51052410362416,-0.21094778293398253,-2.474593741996934,-0.3651461386141233,2.9575231117273213
292.5105241036242,0.21094778293357544,-2.474593741996975,-0.36514613861404976,3.0142269525137193
292.5105241036242,0.1406287796068577,-2.4748980577172333,-0.3651446381921208,3.0035655672846637
292.5105241036242,-0.14062877960726483,-2.4748980577179016,-0.3651446381935439,2.9657637860725594
292.5105241036242,-0.07031381201193197,-2.4750806387249997,-0.36514372518664934,2.9744881322038084
292.5105241036242,0.07031381201152487,-2.4750806387256308,-0.3651437251864688,2.9933888817292034
292.61264572047116,0.06973814889746678,-2.4752221912463863,-0.3686013655408065,2.979126130522375
292.61264572047116,-2.0355549961366507e-13,-2.4752820687009605,-0.36860102440121206,2.9695146214015846
292.6126457204712,-0.20922083944263367,-2.474743146490913,-0.36860405826784753,2.9435414541521094
292.6126457204712,-0.13947746172721412,-2.4750425547549915,-0.3686023830153626,2.9517225022465365
292.6126457204712,-0.06973814889787389,-2.4752221912451047,-0.3686013655402977,2.960380122414384
292.6126457204712,0.1394774617268579,-2.475042554753941,-0.3686023830136882,2.989214803561263
292.6126457204712,0.20922083944227746,-2.474743146491333,-0.36860405826803877,2.999781085785055
292.71441784241006,0.06916170430061523,-2.4753637235081043,-0.372055038752285,2.9649319964980823
292.71441784241006,-2.0355549961366507e-13,-2.4754226263290233,-0.37205466343266935,2.9554014979449996
292.71441784241006,0.13832458089246674,-2.4751870109187855,-0.3720561589827088,2.9749325909004947
292.71441784241006,-0.06916170430097146,-2.4753637235066637,-0.3720550387513997,2.946340939876306
292.7144178424101,0.20749155156463264,-2.474892475758116,-0.3720580062110366,2.985403729926695
292.71441784241017,-0.20749155156498886,-2.474892475760805,-0.37205800621369145,2.9296289376785927
292.71441784241017,-0.13832458089287386,-2.475187010919503,-0.3720561589837287,2.93775018962811
292.8158430774916,-2.0355549961366507e-13,-2.475563177385577,-0.37550431609941093,2.9413565597980647
292.81584307749165,0.20575993998396622,-2.475041736413864,-0.3755079623608537,2.9710943672239134
292.81584307749165,0.0685844851154459,-2.4755052423077677,-0.37550472500039345,2.950805957031408
292.81584307749165,0.1371701508928391,-2.4753314329425633,-0.3755059461820707,2.9607184087505423
292.81584307749165,-0.06858448511585301,-2.475505242307489,-0.37550472500017856,2.9323700601113223
292.81584307749165,-0.20575993998432246,-2.4750417364170554,-0.3755079623640006,2.9157850390320723
292.81584307749165,-0.13717015089324622,-2.4753314329430927,-0.3755059461825586,2.9238463239588355
292.91692363736377,0.06800650026471232,-2.4756467534664575,-0.3789503871061064,2.936747546210237
292.9169236373638,0.13601418957312586,-2.4754758265566283,-0.37895170733155464,2.9465717935751017
292.9169236373638,-2.0355549961366507e-13,-2.47570372772614,-0.3789499452605172,2.927379339457158
292.9169236373638,-0.13601418957353298,-2.4754758265568713,-0.37895170733165917,2.910010436905463
292.9169236373639,0.20402603146747017,-2.475190934045029,-0.3789538892724725,2.956852537300364
292.9169236373639,-0.2040260314678773,-2.47519093404597,-0.3789538892736333,2.902009290640858
292.9169236373639,-0.06800650026511944,-2.475646753468106,-0.37895038710730283,2.918467014808831
293.0176603632448,-2.0355549961366507e-13,-2.4758442841741357,-0.3823915236128504,2.913469559863282
293.01766036324483,-0.13485673015846988,-2.4756201984843584,-0.3823934150157012,2.89624224868768
293.01766036324483,0.13485673015811367,-2.4756201984843202,-0.3823934150157492,2.9324924745249037
293.01766036324483,0.20228987585138303,-2.475340075248851,-0.3823957593884488,2.942677973719469
293.01766036324483,-0.06742776636129126,-2.4757882637845476,-0.3823919977394982,2.9046315251131127
293.01766036324483,-0.20228987585179012,-2.475340075248983,-0.38239575938894377,2.8883014126719724
293.01766036324483,0.06742776636088416,-2.475788263783308,-0.38239199773880334,2.922756489644354
293.11805819824497,0.06684827623076738,-2.475929781445629,-0.3858295686508978,2.9088319446945796
293.11805819824497,-0.0668482762311236,-2.475929781446809,-0.385829568651466,2.8908627503131585
293.11805819824497,-2.0355549961366507e-13,-2.4759848549274732,-0.38582906293469793,2.8996263790510914
293.118058198245,0.20055145161658067,-2.4754891681019333,-0.3858335842265629,2.9285698342352466
293.118058198245,0.13369775830136357,-2.4757645568728286,-0.38583108090071305,2.9184796088672265
293.118058198245,-0.1336977583017707,-2.4757645568729805,-0.3858310809008117,2.882540920429069
293.118058198245,-0.20055145161693688,-2.475489168101528,-0.3858335842266899,2.874660568663628
293.2181196740732,0.06626803622015379,-2.476071313754887,-0.3892631064677274,2.8949734059176326
293.2181196740732,-0.06626803622051002,-2.4760713137548067,-0.3892631064668798,2.877160183259884
293.2181196740732,-2.0355549961366507e-13,-2.4761254473063685,-0.38926256987950547,2.8858492903540323
293.21811967407325,-0.19881077780043854,-2.4756382197577556,-0.3892673701871727,2.8610862527238092
293.21811967407325,0.13253728669461187,-2.4759089089678636,-0.38926471152723857,2.9045326931229294
293.21811967407325,-0.132537286695019,-2.475908908966626,-0.3892647115259852,2.8689059452388426
293.21811967407325,0.19881077780008233,-2.475638219760155,-0.3892673701887785,2.91452761807316
293.31784730437255,-1.526666247102488e-13,-2.4762660681154456,-0.39269203161013555,2.87213779120801
293.3178473043726,0.0656870525431857,-2.4762128674901276,-0.39269259832314757,2.881180371952209
293.3178473043726,-0.1970678730441622,-2.4757872368202563,-0.3926971041993789,2.847577963090722
293.3178473043726,0.19706787304380596,-2.475787236822885,-0.3926971042012773,2.9005508284826664
293.3178473043726,0.1313753277659396,-2.4760532614804407,-0.3926942939508741,2.8906512278686343
293.3178473043726,-0.13137532776629582,-2.476053261478981,-0.3926942939490992,2.8553368203528104
293.3178473043726,-0.06568705254354192,-2.4762128674894357,-0.39269259832143955,2.863523320921596
293.4172435848289,-0.13021189368313116,-2.476197621081154,-0.3961198159416131,2.8418330471066042
293.4172435848289,0.06510533128362808,-2.4763544493922534,-0.3961180320642533,2.8674523454925875
293.4172435848289,-1.526666247102488e-13,-2.4764067241188275,-0.3961174359990435,2.8584913831247554
293.4172435848289,-0.06510533128398431,-2.4763544493907093,-0.39611803206157825,2.8499516643572043
293.41724358482895,-0.19532275559879217,-2.4759362258449844,-0.3961227739094646,2.8341352021061317
293.41724358482895,0.13021189368277494,-2.4761976210815204,-0.39611981594276924,2.876834717710711
293.41724358482895,0.19532275559843595,-2.47593622584435,-0.3961227739085547,2.886638972711648
293.51631099327926,0.1290469963546413,-2.4763419943856553,-0.3995412659633364,2.8630826712592525
293.51631099327926,-1.526666247102488e-13,-2.4765474220194497,-0.3995387715971667,2.844909571665198
293.51631099327926,0.19357544332800292,-2.4760851933254915,-0.39954436765432116,2.8727915619808373
293.51631099327926,-0.06452287839664976,-2.4764960661424853,-0.3995393962185364,2.836444718689416
293.51631099327926,-0.12904699635499753,-2.476341994388597,-0.3995412659650378,2.8283941309088783
293.5163109932793,0.06452287839629355,-2.4764960661432105,-0.39953939622052614,2.8537888332621524
293.5163109932794,-0.19357544332835913,-2.4760851933261883,-0.3995443676551114,2.8207574761885903
293.61505198982024,-0.12788064743646504,-2.4764863879680914,-0.4029586331655023,2.8150195812145027
293.61505198982024,0.06393969970851801,-2.476637724386575,-0.4029566800112049,2.840189345987091
293.61505198982024,-0.06393969970887424,-2.476637724388836,-0.40295668001194357,2.8230019930779564
293.61505198982024,0.1918259537140567,-2.4762341457144004,-0.40296187447057485,2.8590081114582273
293.61505198982024,-1.526666247102488e-13,-2.4766881684863846,-0.4029560276477708,2.831391866412826
293.6150519898203,0.1278806474361597,-2.476486387962868,-0.40295863316178643,2.849394601101981
293.6150519898203,-0.1918259537144129,-2.4762341457145896,-0.4029618744707408,2.807444295806754
293.713469016916,-0.12671285833010215,-2.4766308083372586,-0.4063719073617352,2.801708911497735
293.713469016916,-1.526666247102488e-13,-2.476828970129131,-0.4063691940514779,2.8179377809470347
293.713469016916,0.12671285832974594,-2.476630808333896,-0.40637190735983825,2.8357700237783026
293.71346901691606,-0.19007430386029728,-2.4763830894159753,-0.40637528407496537,2.794195175452581
293.71346901691606,0.06335580092153484,-2.476779430711434,-0.40636987331881996,2.8266533983699165
293.71346901691606,0.19007430385994104,-2.476383089415307,-0.4063752840745254,2.845288140233521
293.71346901691606,-0.06335580092189107,-2.4767794307135342,-0.4063698733194618,2.8096230006928335
293.81156449950623,0.12554364018856198,-2.47677526196234,-0.4097810790330544,2.8222084597532016
293.81156449950623,-0.06277118761235759,-2.476921191657915,-0.4097789666820371,2.796307258687568
293.81156449950623,-1.526666247102488e-13,-2.476969833513757,-0.4097782613698508,2.804546832816522
293.81156449950623,-0.1883205104953736,-2.4765320307775323,-0.4097845868464813,2.7810096336147256
293.81156449950623,0.18832051049501738,-2.476532030777346,-0.40978458684649843,2.8316311712925444
293.8115644995063,-0.12554364018886732,-2.476775261966057,-0.4097810790353276,2.7884616392254977
293.8115644995063,0.06277118761200136,-2.4769211916553147,-0.4097789666807307,2.8131805090631934
293.90934084511366,-1.526666247102488e-13,-2.4771107651547926,-0.41318322080669456,2.7912185435126995
293.90934084511366,0.12437300391921333,-2.4769197552702615,-0.4131861393141062,2.8087094333912948
293.90934084511366,-0.12437300391956954,-2.476919755273,-0.41318613931578135,2.7752772858305463
293.9093408451137,0.1865645899789394,-2.47668097609518,-0.4131897738195172,2.818036731491719
293.9093408451137,-0.18656458997924474,-2.476680976095074,-0.4131897738192647,2.7678871927518074
293.9093408451137,0.0621858652332712,-2.4770630137122565,-0.4131839512853695,2.7997702006431173
293.9093408451137,-0.06218586523362742,-2.477063013714671,-0.4131839512867804,2.783054288172428
294.00680044395193,-1.526666247102488e-13,-2.477251771504709,-0.41658406418687544,2.777952438443085
294.00680044395193,-0.12320096018500569,-2.4770642946153347,-0.41658707996029776,2.762155376684751
294.006800443952,0.18480655830572432,-2.476829931611018,-0.4165908366700666,2.8045043515324837
294.006800443952,0.12320096018464947,-2.4770642946175965,-0.4165870799628003,2.7952724729307525
294.006800443952,0.06159983911681911,-2.477204903311472,-0.416584818941153,2.786421999583158
294.006800443952,-0.18480655830608053,-2.4768299316091578,-0.41659083666802715,2.754827379265715
294.006800443952,-0.061599839117124446,-2.4772049033112826,-0.41658481894056265,2.769863614187777
294.1039456690326,0.06101311447366588,-2.477346866831698,-0.419981562078896,2.77313543622778
294.1039456690326,-1.526666247102488e-13,-2.4773928589736087,-0.4199807839632457,2.764748046904756
294.10394566903267,-0.06101311447397122,-2.4773468668307554,-0.4199815620780775,2.756734765677292
294.10394566903267,0.18304643110807822,-2.4769789035044245,-0.4199877676973387,2.7910335659357948
294.10394566903267,0.12202751940681023,-2.477208886302658,-0.41998389335568964,2.781897110457412
294.10394566903267,-0.18304643110843444,-2.4769789035028387,-0.41998776769531765,2.741829723475002
294.10394566903267,-0.12202751940716644,-2.4772088863018724,-0.41998389335486036,2.749095441072365
294.20077887627247,0.060425696395752335,-2.4774889106036695,-0.42337417374320585,2.759910044766123
294.20077887627247,-1.526666247102488e-13,-2.477534033909315,-0.42337337318787066,2.7516049020578026
294.20077887627247,-0.06042569639605767,-2.4774889106032574,-0.4233741737431275,2.743667275461389
294.20077887627247,-0.18128422366177271,-2.477127897904867,-0.4233805598233338,2.7288937595882583
294.20077887627247,0.18128422366146738,-2.4771278979044395,-0.4233805598236467,2.777623913016636
294.2007788762725,0.12085269176957723,-2.47735353658633,-0.4233765724969819,2.768582881878784
294.2007788762725,-0.12085269176988257,-2.477353536586901,-0.42337657249753236,2.736097012163361
294.29730240460026,0.05983758985736421,-2.4776310408929842,-0.4267626475655669,2.7467453632057715
294.29730240460026,0.11967648722126754,-2.4774982516613604,-0.4267651109793346,2.7553293268981136
294.29730240460026,-1.526666247102488e-13,-2.4776753026036653,-0.4267618255070767,2.7385225408988507
294.29730240460026,-0.05983758985766955,-2.477631040892472,-0.42676264756536236,2.7306606802104962
294.2973024046003,0.17951995088808748,-2.4772769208820526,-0.42676920657671563,2.764274934858456
294.2973024046003,-0.11967648722157287,-2.477498251660016,-0.42676511097811987,2.723159626986725
294.2973024046004,-0.17951995088844372,-2.477276920882589,-0.42676920657636935,2.7160190256774874
294.3935185760632,-0.17775362736164718,-2.4774259784415245,-0.43015370206975156,2.7032050636516916
294.3935185760632,0.17775362736134184,-2.477425978441746,-0.43015370207089243,2.7509861772879223
294.3935185760632,-1.526666247102488e-13,-2.4778166712972913,-0.43014613515470257,2.7255005042346196
294.39351857606323,0.05924879971630263,-2.477773263908203,-0.43014697776113114,2.733640933346511
294.39351857606323,-0.11849891547794136,-2.4776430376540985,-0.43014950297493637,2.7102828264038914
294.39351857606323,-0.059248799716607965,-2.47777326390874,-0.4301469777617045,2.7177145204185935
294.3935185760633,0.11849891547763602,-2.4776430376543535,-0.43014950297526505,2.742135988988554
294.48942969593355,-1.526666247102488e-13,-2.477958146173705,-0.43352629693609834,2.7125383366554634
294.4894296959336,-0.05865933071586873,-2.4779155858120703,-0.4335271591284373,2.7048283403765327
294.4894296959336,0.11731998602436898,-2.477787900652235,-0.433529743250758,2.7290024153672974
294.4894296959336,-0.1173199860247252,-2.4777879006513412,-0.43352974324965526,2.69746615508213
294.4894296959336,-0.1759852673097599,-2.477575076537233,-0.4335340410100709,2.6904514192301905
294.4894296959336,0.058659330715563396,-2.4779155858117403,-0.4335271591282603,2.72059630075415
294.48942969593367,0.17598526730945457,-2.477575076538335,-0.43353404101197224,2.737757189849267
294.58503805281447,0.0580691874843039,-2.4780580126955307,-0.43690318701539577,2.707611014734403
294.5850380528145,-0.11613970812034097,-2.477932846669263,-0.436905827123749,2.6847091614680667
294.5850380528145,0.11613970811998474,-2.477932846670934,-0.43690582712571363,2.7159281569697566
294.5850380528145,0.17421488461989781,-2.477724221058278,-0.4369102186696932,2.7245875257791647
294.5850380528145,-1.526666247102488e-13,-2.4780997333496426,-0.43690230620890513,2.699635586509048
294.5850380528146,-0.17421488462020315,-2.4777242210577457,-0.43691021866826707,2.6777576419163367
294.5850380528146,-0.05806918748460923,-2.478058012691991,-0.4369031870119847,2.692001688145669
294.6803459187462,-1.526666247102488e-13,-2.4782414388846177,-0.4402741588812164,2.686791805874011
294.68034591874624,0.17244249284315766,-2.477873417823756,-0.4402822308708011,2.7114767419812007
294.68034591874624,-0.1149580907986326,-2.4780778816595945,-0.4402777504670219,2.672011397761153
294.68034591874624,-0.172442492843463,-2.4778734178244846,-0.4402822308702693,2.66512328497101
294.68034591874624,0.11495809079832726,-2.4780778816611835,-0.44027775046900475,2.702912768423829
294.68034591874624,0.057478374539573336,-2.4782005505887614,-0.4402750573178727,2.694684628306744
294.68034591874624,-0.05747837453987867,-2.4782005505862204,-0.4402750573155565,2.679234115531287
294.775355549311,0.056886896287381396,-2.4783432052511567,-0.44364276306000244,2.681816698178476
294.775355549311,-0.11377514287161948,-2.4782230113024197,-0.44364550628220245,2.659372419887263
294.775355549311,-0.056886896287686735,-2.4783432052527625,-0.4436427630614961,2.666525178056281
294.775355549311,-1.526666247102488e-13,-2.4783832685613305,-0.4436418479808401,2.674006550533685
294.77535554931103,-0.17066810519726314,-2.478022672377094,-0.44365007057604483,2.6525479053862835
294.77535554931103,0.1706681051969578,-2.4780226723759005,-0.4436500705763163,2.698424399000771
294.77535554931103,0.11377514287131416,-2.4782230113005475,-0.44364550628110117,2.6899558080241603
294.8700688034115,-0.05629475940709647,-2.4784859812400684,-0.447006277542833,2.6538744856976395
294.8700688034115,0.11259087769712238,-2.4783682400468616,-0.44700906784013456,2.67705688946811
294.8700688034115,-1.526666247102488e-13,-2.478525226966365,-0.44700534681292825,2.661279431020331
294.8700688034115,0.056294759406791135,-2.4784859812384883,-0.44700627754151906,2.669006836121948
294.8700688034116,0.16889174171813115,-2.478171989006143,-0.4470137110252832,2.685430113144787
294.8700688034116,-0.1688917417184365,-2.478171989007597,-0.4470137110251698,2.6400311140828046
294.8700688034116,-0.1125908776974277,-2.4783682400504676,-0.44700906784274785,2.6467918379528843
294.9644860275699,-0.22282627485057457,-2.4780522643456684,-0.4503797195626507,2.621191712849876
294.9644860275699,0.05570197992174236,-2.478628884064713,-0.45036557961051893,2.6562548591859825
294.9644860275699,0.11140532732332624,-2.4785135733183674,-0.450368413981041,2.6642158331278356
294.9644860275699,0.22282627485026923,-2.4780522643436456,-0.45037971956338413,2.6810885372258424
294.9644860275699,0.1671134504770723,-2.4783213729748894,-0.4503731310318706,2.672493708888403
294.9644860275699,-0.11140532732363158,-2.4785135733186543,-0.4503684139805285,2.6342694637155644
294.9644860275699,-1.526666247102488e-13,-2.478667319650806,-0.4503646342350127,2.6486102618391447
294.9644860275699,-0.055701979922047694,-2.4786288840641535,-0.45036557960986995,2.6412818511968394
294.96448602756993,-0.16711345047737763,-2.4783213729766396,-0.45037313103174703,2.6275727226138543
295.05861145697594,-1.526666247102488e-13,-2.4788095535879635,-0.45371972766477686,2.63599833684269
295.05861145697594,-0.055108549277153654,-2.47877192068131,-0.4537206866796011,2.628746569814392
295.05861145697594,0.05510854927684832,-2.4787719206836436,-0.45372068668179577,2.6435600603313563
295.05861145697594,-0.16533320580863875,-2.4784708310715073,-0.4537283479778564,2.6151720306038655
295.058611456976,0.1653332058083334,-2.478470831067731,-0.4537283479765517,2.6596144789573692
295.058611456976,0.11021847463930491,-2.478659018004825,-0.45372356210488773,2.6514319315885655
295.058611456976,0.22045266778233244,-2.4782073410896364,-0.4537350336959132,2.668107753536321
295.058611456976,-0.11021847463961025,-2.478659018003748,-0.4537235621030259,2.621804594359849
295.05861145697605,-0.2204526677825869,-2.4782073410955343,-0.453735033698277,2.608848963523315
295.1524472849189,-1.526666247102488e-13,-2.4789519348826867,-0.4570706434233127,2.6234432259096083
295.1524472849189,0.10903032759960019,-2.4788045801195815,-0.45707452852326963,2.6387047570937505
295.1524472849189,0.16355101964362542,-2.4786203691839273,-0.45707937815988636,2.646791997749143
295.1524472849189,0.21807647211025172,-2.478362445495471,-0.45708615395629354,2.655183783675875
295.1524472849189,-0.16355101964393076,-2.4786203691873863,-0.45707937816052646,2.602828609242645
295.1524472849189,-0.10903032759990552,-2.4788045801200913,-0.4570745285228326,2.6093967999908725
295.15244728491894,0.054514471449430814,-2.478915097177259,-0.4570716150741019,2.6309220102951913
295.15244728491894,-0.054514471449736146,-2.478915097175576,-0.45707161507255145,2.6162682112182782
295.15244728491894,-0.21807647211055706,-2.4783624455003443,-0.45708615395735064,2.5965637239540538
295.2459956887331,0.05391975031223498,-2.4790584192027794,-0.4604183638025394,2.6183402833780636
295.2459956887331,-1.526666247102488e-13,-2.4790944692216303,-0.46041738052917075,2.6109445024978193
295.2459956887331,-0.21569770332444793,-2.4785175827988826,-0.46043307932409117,2.584335570670939
295.2459956887331,-0.16176690360098026,-2.47876999275881,-0.460426220578878,2.590542033325408
295.2459956887331,-0.05391975031248943,-2.4790584192026,-0.46041836380232987,2.6038463486680476
295.24599568873316,0.2156977033241935,-2.4785175827993324,-0.46043307932809024,2.642316208337895
295.24599568873316,-0.10784089394990594,-2.4789502652392486,-0.4604213122470248,2.5970456543139506
295.24599568873316,0.10784089394960061,-2.478950265235663,-0.4604213122446139,2.6260338854308074
295.2459956887332,0.16176690360072582,-2.4787699927576003,-0.46042622058050225,2.6340258431821266
295.33925882990223,0.05332438963454892,-2.4792018923108023,-0.4637609316278752,2.6058144574181976
295.33925882990223,-1.526666247102488e-13,-2.4792371621798037,-0.4637599377403701,2.5985017436185642
295.33925882990223,-0.21331637650105562,-2.4786727581136354,-0.4637758085416487,2.572164083783866
295.33925882990223,-0.10665018122828944,-2.479096078819159,-0.46376391202643336,2.584750734608612
295.33925882990223,-0.05332438963480336,-2.4792018923096535,-0.46376093162663834,2.591480558988689
295.33925882990223,0.15998086898734615,-2.4789197071009506,-0.46376887398057504,2.6213155966708093
295.3392588299023,0.1066501812279841,-2.479096078817821,-0.46376391202619044,2.6134188959057787
295.3392588299023,-0.1599808689876515,-2.478919707102462,-0.4637688739791759,2.578311881226682
295.3392588299023,0.21331637650075028,-2.478672758112519,-0.4637758085443608,2.629504611685739
295.43223877332383,0.21093250838536434,-2.4788279740406156,-0.46711430516187874,2.6167485924115965
295.43223877332383,-1.526666247102488e-13,-2.47938001697336,-0.46709827865023545,2.5861145405726242
295.43223877332383,-0.2109325083856188,-2.4788279740438703,-0.46711430516101027,2.560048857483019
295.4322387733239,0.05272839360294947,-2.4793455196783465,-0.46709928214026347,2.593344124600407
295.4322387733239,0.1054581978077517,-2.479242023928642,-0.4671022914513498,2.60085938223013
295.4322387733239,-0.10545819780800615,-2.4792420239280903,-0.4671022914496502,2.5725116323354964
295.4322387733239,-0.05272839360320391,-2.4793455196768877,-0.4670992821385335,2.579170433239639
295.4322387733239,-0.15819292836316606,-2.4790695150902176,-0.4671073019333926,2.566137745450799
295.4322387733239,0.15819292836286075,-2.479069515088382,-0.46710730193445127,2.6086608540958003
295.52493381534805,0.052131790515315066,-2.479489305978564,-0.47043337953569025,2.580929382818712
295.52493381534805,-1.526666247102488e-13,-2.4795230383175415,-0.470432367455453,2.573782987009764
295.52493381534805,-0.05213179051556951,-2.479489305977471,-0.47043337953405856,2.56691606170828
295.5249338153481,0.20854621216384994,-2.4789832347176852,-0.47044853345045656,2.604048266432196
295.5249338153481,0.15640316661851314,-2.4792194211068614,-0.4704414686788878,2.596061724484812
295.5249338153481,-0.10426500028445675,-2.4793881051302096,-0.47043641472650205,2.5603284353014653
295.5249338153481,-0.2085462121641044,-2.4789832347193625,-0.4704485334482772,2.547989977259542
295.52493381534816,0.10426500028420231,-2.47938810513018,-0.4704364147279413,2.5883554474239268
295.52493381534816,-0.15640316661881848,-2.479219421107713,-0.4704414686769949,2.554019712205931
295.6173497710729,-0.15461152319145335,-2.47936943255728,-0.4737714073406844,2.54195688541765
295.6173497710729,-1.526666247102488e-13,-2.4796662337817326,-0.4737622372655027,2.5615061769648833
295.6173497710729,0.10307054828108478,-2.4795343299185064,-0.4737663149758321,2.575906180873764
295.61734977107295,-0.10307054828133923,-2.4795343299186987,-0.4737663149741491,2.5482002437463263
295.61734977107295,-0.05153456018357105,-2.4796332587625,-0.4737632569253448,2.5547165413374473
295.61734977107295,-0.2061574070874197,-2.4791385474222123,-0.47377852655982317,2.5359865511132846
295.61734977107295,0.20615740708716526,-2.4791385474218064,-0.4737785265629106,2.5914027200425482
295.61734977107295,0.15461152319119892,-2.479369432557334,-0.47377140734355866,2.583517295484065
295.61734977107295,0.051534560183316605,-2.479633258763424,-0.4737632569270103,2.5685693235892244
295.7094887419818,-1.526666247102488e-13,-2.4798096093398883,-0.47708792222226587,2.5492837009714586
295.70948874198183,0.2037661066333815,-2.4792939177504683,-0.47710431868047115,2.578811550605936
295.70948874198183,0.1528180081896877,-2.4795195552080673,-0.4770971520977128,2.571027161808642
295.70948874198183,-0.05093670597696804,-2.479777383990134,-0.47708894846359823,2.5425714625213915
295.70948874198183,0.10187484853771461,-2.4796807041826203,-0.4770920263547577,2.56351117527355
295.70948874198183,0.0509367059767136,-2.479777383989387,-0.4770889484640143,2.556263538212014
295.70948874198183,-0.20376610663363592,-2.4792939177511175,-0.47710431867775055,2.5240381727837655
295.70948874198183,-0.10187484853801994,-2.479680704185323,-0.47709202635486475,2.5361266485523672
295.70948874198183,-0.15281800818994215,-2.479519555208565,-0.47709715209499154,2.5299488570833537
295.8013528142011,0.050338231167915144,-2.479921685204893,-0.48041043044678705,2.5440116214022357
295.8013528142011,-1.0177774980683254e-13,-2.479953168579917,-0.48040939862612725,2.537115152992686
295.8013528142011,-0.050338231168169593,-2.479921685207377,-0.4804104304474423,2.530480419095601
295.8013528142011,-0.20137232389193144,-2.479449348706467,-0.48042588613659576,2.51214443946832
295.80135281420115,0.10067790759906266,-2.4798272313594856,-0.4804135251697401,2.551170026714779
295.80135281420115,0.15102263143100325,-2.4796697923134174,-0.48041867925772297,2.5585909215504983
295.80135281420115,-0.10067790759931709,-2.4798272313642564,-0.48041352517112085,2.5241072440516428
295.80135281420115,-0.1510226314312577,-2.4796697923175626,-0.4804186792580535,2.5179952226558004
295.8013528142012,0.201372323891677,-2.4794493487024667,-0.48042588613620657,2.5662743588389247
295.89294128361973,0.14922545700454373,-2.4798201468327155,-0.48373594501241607,2.5462085510727075
295.89294128361973,0.04973915712063071,-2.480066165695743,-0.483727659016815,2.531813540592131
295.89294128361973,-1.0177774980683254e-13,-2.4800969148322203,-0.48372662261621485,2.52500049719088
295.89294128361973,0.1989761443125641,-2.479604842956753,-0.4837431851653478,2.5537911267652516
295.89294128361973,-0.049739157120885155,-2.480066165699421,-0.4837276590181149,2.518443372749621
295.89294128361973,-0.0994797681922934,-2.479973914614591,-0.4837307675785325,2.512141990258012
295.89294128361973,0.09947976819198807,-2.47997391460969,-0.4837307675775312,2.538882706696639
295.8929412836198,-0.19897614431281854,-2.4796048429607653,-0.483743185165746,2.500305310220384
295.8929412836198,-0.14922545700479817,-2.479820146838213,-0.48373594501386324,2.5060959412701886
295.9842566881428,-1.0177774980683254e-13,-2.480240854399152,-0.48703959951911985,2.5129392690910097
295.9842566881428,-0.04913948396116649,-2.4802108317444262,-0.4870406395129131,2.5064598592840874
295.98425668814286,0.04913948396091204,-2.4802108317411355,-0.48704063951207005,2.5196688316162206
295.98425668814286,-0.19657756840075868,-2.4797604064046865,-0.48705622124209114,2.4885203251778223
295.98425668814286,-0.09828043056915411,-2.4801207601428943,-0.4870437589476083,2.5002304238328823
295.98425668814286,0.09828043056889968,-2.48012076013738,-0.4870437589461773,2.526648751948463
295.98425668814286,0.19657756840050425,-2.4797604064013217,-0.4870562212422548,2.5413613946592113
295.9842566881429,0.14742648528861702,-2.47997062484155,-0.48704895477715215,2.5338795885845355
295.9842566881429,-0.14742648528887148,-2.479970624846244,-0.4870489547779013,2.4942505510337414
296.07530315865944,-0.09707987344766286,-2.480267774638533,-0.4903525443162215,2.4883718759088094
296.07530315865944,-1.0177774980683254e-13,-2.480384994052555,-0.49034837434586587,2.500930796000662
296.07530315865944,0.09707987344740843,-2.4802677746329285,-0.4903525443145018,2.514467487882109
296.0753031586595,-0.1456256843607337,-2.480121232924208,-0.4903577536186611,2.4824583857146316
296.0753031586595,-0.1941765535929584,-2.479916045473597,-0.4903650394795831,2.4767888212263096
296.0753031586595,0.14562568436047926,-2.4801212329189313,-0.4903577536172652,2.5216033592735334
296.0753031586595,0.19417655359270397,-2.4799160454684093,-0.49036503947810833,2.528984487966275
296.0753031586595,0.04853920104764095,-2.4803556900937758,-0.4903494169516707,2.507576820593052
296.0753031586595,-0.04853920104789539,-2.480355690096057,-0.49034941695170664,2.49452920767791
296.16608272316125,-1.0177774980683254e-13,-2.480529336014584,-0.4936529235979239,2.488974684937302
296.16608272316125,-0.09587810261968606,-2.480414960156571,-0.4936571001947486,2.476565953949916
296.16608272316125,-0.14382306290793004,-2.480271972925168,-0.4936623180640847,2.470719053919018
296.1660827231613,0.1917731114724381,-2.4800717617327113,-0.4936696164299308,2.516660020161369
296.1660827231613,0.09587810261943161,-2.4804149601529057,-0.49365710019445613,2.502338523518687
296.1660827231613,-0.19177311147269255,-2.4800717617364643,-0.493669616429929,2.465110408726292
296.1660827231613,0.047938311276648854,-2.480500742932107,-0.49365396783771004,2.4955371152356003
296.1660827231613,-0.047938311276903296,-2.4805007429351345,-0.4936539678385939,2.482651024865655
296.1660827231613,0.1438230629076756,-2.4802719729233167,-0.49366231806571675,2.5093794740814674
296.2565924632866,0.14201872784676534,-2.48042284798901,-0.4969625984957371,2.4972082099322064
296.2565924632866,-0.047336850288061075,-2.4806459937266534,-0.496954242440446,2.470825564951203
296.2565924632866,-1.0177774980683254e-13,-2.48067388379255,-0.4969531975299022,2.477071194337419
296.2565924632866,0.09467518936394767,-2.480562320038913,-0.49695737689348923,2.490262128704818
296.2565924632866,0.04733685028785752,-2.4806459937244925,-0.4969542424403173,2.483549979227974
296.25659246328667,-0.1420187278469689,-2.4804228479902406,-0.4969625984937791,2.4590328038306994
296.25659246328667,-0.0946751893642021,-2.480562320041012,-0.49695737689260117,2.464812908642515
296.25659246328667,-0.1893673845920657,-2.480227558045563,-0.49696990256680446,2.453485334274031
296.25659246328667,0.18936738459181127,-2.480227558042894,-0.4969699025677778,2.5043882761602316
296.3468383493056,0.046734794630808284,-2.4807914501185193,-0.5002502796920751,2.471614499163196
296.34683834930564,-0.1869592791543321,-2.4803834417713397,-0.5002659370065178,2.441912702901714
296.34683834930564,-1.0177774980683254e-13,-2.4808186450534775,-0.5002492350631109,2.4652194137670618
296.34683834930564,-0.09347108678090435,-2.4807098618896157,-0.5002534133840694,2.453111836571277
296.3468383493057,0.09347108678070079,-2.480709861885893,-0.5002534133833265,2.4782373874181864
296.3468383493057,-0.1402126088287642,-2.480573865620483,-0.5002586339391242,2.447398736079567
296.3468383493057,0.14021260882850978,-2.4805738656192284,-0.5002586339407564,2.4850886485457875
296.34683834930576,-0.046734794631011836,-2.4807914501213397,-0.5002502796927135,2.459051920831151
296.34683834930576,0.18695927915407767,-2.480383441768961,-0.5002659370075123,2.4921683357829583
296.4368231306959,-0.13840469853661538,-2.480725028966348,-0.5035504421411511,2.4358163701279785
296.4368231306959,-1.0177774980683254e-13,-2.4809636232558523,-0.5035410538940034,2.4534188591989166
296.4368231306959,0.13840469853641182,-2.4807250289646285,-0.5035504421421816,2.473020307418204
296.436823130696,0.18454878540399267,-2.4805394158257785,-0.5035577375293435,2.479999718147323
296.436823130696,0.09226578999173789,-2.4808575890185427,-0.503545227383072,2.4662638160899824
296.436823130696,-0.04613214186680448,-2.4809371155446156,-0.5035420972980157,2.4473296090845245
296.436823130696,0.046132141866600924,-2.4809371155404722,-0.5035420972961216,2.4597301909646654
296.436823130696,-0.18454878540419623,-2.480539415828515,-0.5035577375287967,2.430392036348473
296.436823130696,-0.09226578999199234,-2.4808575890240703,-0.5035452273856356,2.441462255478425
296.5265448610277,-0.09105935685307884,-2.4810055037897025,-0.5068327711186428,2.4298642916451154
296.5265448610277,-0.04552892092352527,-2.481082992476751,-0.5068296474423487,2.4356587586208667
296.5265448610277,-1.0177774980683254e-13,-2.4811088209286214,-0.5068286062001254,2.4416696630107055
296.52654486102773,0.13659508375223678,-2.4808763401564797,-0.5068379753905694,2.4610033343696633
296.52654486102773,0.04552892092327082,-2.4810829924708937,-0.5068296474385,2.4478971913179994
296.52654486102773,-0.18213601904825266,-2.480695482043643,-0.5068452565168138,2.4189234581577543
296.52654486102773,0.0910593568528244,-2.4810055037828356,-0.5068327711145055,2.454341556553348
296.52654486102773,-0.13659508375244034,-2.480876340160586,-0.5068379753918171,2.42428583046837
296.52654486102773,0.1821360190480491,-2.480695482041023,-0.5068452565174841,2.4678825779000593
296.61600683967157,-1.0177774980683254e-13,-2.481254244696622,-0.5101119081833517,2.429971270482611
296.61600683967157,0.13478374550639313,-2.4810278056127926,-0.510121250049519,2.4490371744443493
296.61600683967157,0.044925125477519055,-2.4812290875140492,-0.5101129463413834,2.43611494491057
296.61600683967157,0.08985177471736246,-2.481153612713801,-0.5101160608531778,2.4424700534170043
296.61600683967157,-0.08985177471756602,-2.481153612719745,-0.5101160608569758,2.418317393079401
296.61600683967157,-0.22466453130031733,-2.4806251091985247,-0.5101378403268624,2.4024168993993933
296.61600683967157,-0.04492512547772261,-2.4812290875187926,-0.5101129463446573,2.4240388158272883
296.61600683967157,-0.1347837455066476,-2.4810278056148545,-0.5101212500490294,2.41280656724367
296.6160068396716,-0.1797209547942726,-2.4808516466593966,-0.5101285104477917,2.4075064211211035
296.6160068396716,0.17972095479406905,-2.480851646657871,-0.5101285104494301,2.455816361034972
296.6160068396717,0.2246645313000629,-2.4806251091977076,-0.5101378403288654,2.4628078538410163
296.70521339686053,-1.0177774980683254e-13,-2.4813998980527447,-0.5133909767850765,2.418322994705603
296.70521339686053,0.13297064286789018,-2.4811794285188005,-0.5134002831253136,2.437121137264159
296.70521339686053,-0.17730353806872132,-2.4810079126281543,-0.5134075163856635,2.3961402492760997
296.70521339686053,0.04432074188522404,-2.4813754041314473,-0.5133920109561442,2.424382763225312
296.7052133968606,0.17730353806851776,-2.481007912628235,-0.5134075163884941,2.4438003769209096
296.7052133968606,-0.04432074188542759,-2.481375404131918,-0.5133920109557992,2.4124690958543242
296.7052133968606,-0.08864301629756689,-2.4813019191757,-0.5133951135757052,2.4068208774428848
296.7052133968606,-0.13297064286809374,-2.481179428520046,-0.5134002831243737,2.401377901077854
296.7052133968606,0.08864301629736333,-2.4813019191719543,-0.5133951135734792,2.430648617007502
296.7052133968606,-0.22164283711152497,-2.480787345081196,-0.5134168121123518,2.3911078654406066
296.7052133968606,0.2216428371113214,-2.4807873450812434,-0.5134168121148834,2.4506865773864273
296.7941617153855,-1.0177774980683254e-13,-2.481545783556944,-0.5166657743587609,2.4067250831546483
296.79416171538554,-0.17488390737931,-2.481164281811943,-0.5166822369261193,2.384825178494744
296.79416171538554,-0.13115587971995402,-2.4813312110372543,-0.5166750371014154,2.3900000694285737
296.79416171538554,0.13115587971969958,-2.4813312110376007,-0.5166750371034949,2.425255488211385
296.79416171538554,0.08743315084953246,-2.481450425535062,-0.5166698916821848,2.418877505861535
296.79416171538554,0.043715804775043804,-2.48152194483347,-0.51666680364573,2.4127008988297547
296.79416171538554,0.21861837553793068,-2.4809496116950585,-0.5166914903764376,2.4386159793460407
296.79416171538554,-0.08743315084978691,-2.4814504255380605,-0.5166698916839499,2.395374984655567
296.79416171538554,-0.21861837553813424,-2.480949611695349,-0.5166914903746058,2.3798502539451287
296.79416171538554,-0.043715804775247356,-2.481521944833528,-0.5166668036452567,2.4009498419611277
296.7941617153856,0.17488390737905557,-2.481164281815888,-0.5166822369318764,2.431834898662299
296.8828561298635,-0.043110300168873086,-2.4816687166657463,-0.5199373517356355,2.3894803709414707
296.8828561298635,-0.1724620068156023,-2.481320760942688,-0.519952699704304,2.3735605345374533
296.8828561298635,-1.0177774980683254e-13,-2.481691908273933,-0.5199363282082667,2.3951768505227338
296.8828561298635,0.04311030016866953,-2.481668716666812,-0.5199373517369994,2.4010686647602535
296.88285612986357,0.12933941412826883,-2.481483160045746,-0.5199455394731819,2.4134395383420904
296.88285612986357,-0.12933941412847239,-2.4814831600472504,-0.5199455394730749,2.378672394623446
296.88285612986357,0.08622215041765928,-2.481599138789019,-0.519940422569499,2.407156031803165
296.88285612986357,0.17246200681539875,-2.481320760938967,-0.5199526997023535,2.4199192369915057
296.88285612986357,-0.21559107669399524,-2.4811119155639414,-0.5199619029170794,2.3686433945498435
296.88285612986357,-0.08622215041786284,-2.4815991387893166,-0.5199404225688621,2.383979034056183
296.8828561298636,0.2155910766937917,-2.4811119155606343,-0.5199619029156215,2.426595370572907
296.9713006900294,-1.0177774980683254e-13,-2.4818382735538256,-0.5232026370072984,2.3836776516124165
296.9713006900294,0.08500999009698286,-2.481748060110551,-0.5232067049289072,2.395483547212364
296.9713006900294,-0.08500999009723731,-2.4817480601109936,-0.5232067049285587,2.372632384719108
296.9713006900294,0.04250421561369531,-2.481815720937303,-0.5232036539077163,2.389485414376896
296.97130069002947,0.17003778657031546,-2.4814773506803944,-0.5232189034795787,2.408052743715664
296.97130069002947,-0.1700377865705699,-2.481477350687324,-0.523218903484836,2.362345682598788
296.97130069002947,-0.21256087832176024,-2.4812742569791166,-0.5232280485658777,2.357486656202335
296.97130069002947,-0.1275212087374489,-2.481635276516494,-0.5232117889643789,2.3673942385659577
296.97130069002947,-0.04250421561389886,-2.4818157209387692,-0.5232036539087818,2.3780600395026963
296.97130069002947,0.12752120873724535,-2.4816352765139214,-0.5232117889632132,2.4016726395185923
296.97130069002947,0.2125608783215567,-2.481274256976176,-0.5232280485643828,2.4146241032814335
297.0594899180383,0.12570142196105047,-2.4817875633821913,-0.5264737420122407,2.3899554113725627
297.0594899180383,-1.0177774980683254e-13,-2.481984882706792,-0.5264646569820595,2.372228080195023
297.0594899180383,-0.12570142196125403,-2.481787563382081,-0.5264737420113634,2.35616617830481
297.0594899180383,-0.20952804443275955,-2.481436638223716,-0.5264898841409742,2.3463806098806197
297.0594899180383,-0.04189760391659062,-2.4819629609199154,-0.5264656664130278,2.366689434826495
297.05948991803837,0.04189760391638707,-2.4819629609186324,-0.5264656664120003,2.377951749055979
297.05948991803837,0.08379677549922085,-2.4818971926466755,-0.5264686950821724,2.3838606620856146
297.05948991803837,-0.16761145785853893,-2.481634053693516,-0.5264808048683352,2.3511811961843176
297.05948991803837,0.16761145785833537,-2.4816340536916353,-0.5264808048676812,2.396236049116649
297.05948991803837,0.209528044432556,-2.4814366382220903,-0.5264898841407353,2.402702819418691
297.05948991803837,-0.08379677549942441,-2.4818971926476463,-0.5264686950827262,2.3613356182517213
297.14743278374914,-0.12387991415745633,-2.48194002686156,-0.5297314355562087,2.344986951194656
297.14743278374914,0.12387991415725277,-2.481940026863012,-0.5297314355579118,2.3782865537224707
297.14743278374914,-1.0177774980683254e-13,-2.4821317421375575,-0.5297224249105621,2.360826854097727
297.1474327837492,-0.20649234230056554,-2.4815990651619337,-0.5297474468607515,2.3353240067988583
297.1474327837492,-0.04129041852813116,-2.4821104429892134,-0.5297234260410533,2.355367281080686
297.1474327837492,-0.08258241352775661,-2.482046542718165,-0.5297264298798603,2.3500874653311388
297.1474327837492,-0.1651828344937568,-2.4817908760272136,-0.5297384409200674,2.340065819494441
297.1474327837492,0.08258241352755306,-2.4820465427196443,-0.5297264298810512,2.372286082075229
297.1474327837492,0.206492342300362,-2.481599065158405,-0.5297474468590422,2.3908302076429675
297.1474327837492,0.0412904185279276,-2.482110442990857,-0.5297234260425648,2.366466380452794
297.1474327837492,0.16518283449355325,-2.4817908760254137,-0.5297384409195081,2.384467847348223
297.23512754002206,-1.0177774980683254e-13,-2.4822788534138533,-0.5329759398138338,2.3494740841093686
297.23512754002206,-0.04068268640023551,-2.482258168675381,-0.5329769318305143,2.344093685826699
297.23512754002206,-0.16275202427748592,-2.481947818546009,-0.5329918108515375,2.328999655148318
297.2351275400221,-0.08136695808505333,-2.482196111718196,-0.5329799083931029,2.33888803108135
297.2351275400221,-0.1220567661787583,-2.4820926681226068,-0.5329848687259308,2.3338566607120628
297.2351275400221,0.08136695808490067,-2.4821961117215046,-0.532979908395733,2.3607599267947057
297.2351275400221,-0.2034539066734739,-2.481761538257115,-0.5330007360505726,2.324316949508814
297.2351275400221,0.12205676617855474,-2.482092668125407,-0.5329848687286318,2.3666661917788967
297.2351275400221,0.04068268640003195,-2.4822581686800254,-0.5329769318346738,2.355029423373525
297.2351275400221,0.16275202427728236,-2.481947818546932,-0.5329918108532927,2.3727482700079645
297.2351275400221,0.20345390667327035,-2.4817615382534584,-0.5330007360487903,2.3790064067287315
297.32257543539146,-0.08015042171735601,-2.4823459048159977,-0.5362291248986788,2.3277370374155923
297.32257543539146,-0.16031905230068955,-2.482104886061147,-0.5362409092434022,2.3179824270396754
297.32257543539146,0.08015042171715245,-2.4823459048184118,-0.5362291249003648,2.349281921529826
297.32257543539146,-1.0177774980683254e-13,-2.48242622183032,-0.5362251958740902,2.338169492607138
297.32257543539146,-0.040074413805873496,-2.48240614324155,-0.5362261779872471,2.332868370904181
297.3225754353915,0.20041276891409462,-2.4819240620453122,-0.536249746515621,2.3672311509088897
297.3225754353915,0.04007441380566994,-2.4824061432447104,-0.5362261779898476,2.3436406013440614
297.3225754353915,-0.20041276891429818,-2.4819240620491816,-0.5362497465177624,2.313359163811052
297.3225754353915,-0.12023199684381496,-2.48224549218594,-0.5362340359244154,2.322775029454984
297.3225754353915,0.16031905230048601,-2.4821048860604913,-0.5362409092433533,2.361077047735132
297.32257543539157,0.1202319968436114,-2.482245492188277,-0.5362340359263856,2.355094053198761
297.40978161468837,-0.11840554288167393,-2.4823985003846567,-0.5394789370451696,2.311741288252916
297.4097816146884,0.11840554288152126,-2.4823985003832014,-0.539478937043392,2.343569351804415
297.4097816146884,0.03946557965404915,-2.482554368341996,-0.539471164309923,2.3322991322971993
297.4097816146884,-1.0177774980683254e-13,-2.4825738490849996,-0.5394701928822294,2.3269123001636487
297.4097816146885,-0.03946557965420182,-2.4825543683427758,-0.5394711643112664,2.3216905599152367
297.4097816146885,-0.15788383420401472,-2.482262079625084,-0.5394857360730575,2.3070133701956337
297.4097816146885,0.078932762242978,-2.4824959235444792,-0.5394740792294699,2.3378512819632453
297.4097816146885,-0.19736882357655694,-2.482086637221965,-0.5394944783414597,2.3024498893195853
297.4097816146885,-0.07893276224318155,-2.4824959235435533,-0.5394740792293469,2.316633711354983
297.4097816146885,0.19736882357635338,-2.4820866372177823,-0.5394944783387581,2.355503651454891
297.4097816146885,0.15788383420381116,-2.48226207961966,-0.5394857360683799,2.34945339288165
297.49674117757405,-1.0177774980683254e-13,-2.4827217390328533,-0.542710913401907,2.3157030249711013
297.49674117757405,-0.07771407749191377,-2.4826461716127417,-0.5427147540601482,2.305578559843352
297.49674117757405,0.038856232860115913,-2.4827028477971145,-0.5427118733919034,2.32100554147447
297.49674117757405,-0.038856232860319466,-2.482702847795383,-0.5427118733911293,2.310560764952789
297.49674117757405,0.0777140774917102,-2.4826461716138795,-0.5427147540603633,2.3264685413359754
297.4967411775741,-0.15544656563808673,-2.4824194024939095,-0.5427262743271575,2.2960929841130056
297.4967411775741,-0.11657755103361199,-2.4825516962391148,-0.542719554891463,2.3007559398509203
297.4967411775741,0.15544656563788317,-2.482419402489895,-0.5427262743237365,2.337877857537098
297.4967411775741,-0.19432231521732343,-2.4822492667000113,-0.5427349147530648,2.291589623233421
297.4967411775741,0.19432231521711987,-2.4822492666978992,-0.54273491475178,2.3438244713055907
297.4967411775741,0.11657755103345932,-2.4825516962364396,-0.5427195548886693,2.3320926297861364
297.58346332545443,0.07649426761886763,-2.4827966524823353,-0.5459511625029,2.315132387139086
297.58346332545443,0.03824632350137506,-2.4828515851611406,-0.5459483182967513,2.309758522835877
297.58346332545443,-1.0177774980683254e-13,-2.482869895259408,-0.5459473704801289,2.3045403676189538
297.58346332545443,0.11474787153560408,-2.482705083041958,-0.5459559026506844,2.3206625683270308
297.58346332545443,-0.07649426761907117,-2.482796652479423,-0.5459511625010329,2.2945702972103916
297.5834633254545,-0.11474787153580764,-2.482705083041789,-0.5459559026507889,2.2898177056889892
297.5834633254545,0.153007046922034,-2.48257685773605,-0.5459625373066332,2.3263491167374264
297.5834633254545,-0.1530070469221867,-2.4825768577358103,-0.5459625373061748,2.285219997501876
297.5834633254545,0.191272994241882,-2.482411953267208,-0.5459710692034323,2.3321922795108625
297.5834633254545,-0.03824632350152773,-2.482851585158207,-0.5459483182948685,2.2994776933962537
297.5834633254545,-0.19127299424203464,-2.482411953264666,-0.5459710692009825,2.2807771016925504
297.6699423860157,-0.11291666736542963,-2.4828586629892295,-0.5491879741212574,2.2789271859659
297.6699423860157,-0.0376359059051101,-2.4830005829530934,-0.5491804926325247,2.288441956122857
297.6699423860157,-0.07527344127830483,-2.482947368541807,-0.5491832982310356,2.2836095285033746
297.6699423860157,0.11291666736527696,-2.4828586629913025,-0.5491879741226253,2.309279811435424
297.6699423860157,0.15056549535440578,-2.4827344472593715,-0.5491945189705773,2.3148678252262527
297.6699423860157,-1.0177774980683254e-13,-2.483018320327605,-0.5491795577034998,2.2934249457955955
297.66994238601575,0.03763590590495744,-2.4830005829527395,-0.549180492631435,2.298558701862083
297.66994238601575,0.18822113226649823,-2.48257469844609,-0.549202935847409,2.3206077425306306
297.66994238601575,0.07527344127810129,-2.48294736854507,-0.5491832982331387,2.3038434536266634
297.66994238601575,-0.18822113226665088,-2.482574698444612,-0.5492029358463404,2.270012918143469
297.66994238601575,-0.15056549535460934,-2.482734447258439,-0.5491945189696739,2.2743950066940757
297.7561861779466,-1.0177774980683254e-13,-2.483167018073644,-0.5524074779424412,2.2823556425585747
297.7561861779466,0.0740515168282874,-2.4830983235160744,-0.5524111642087227,2.292600613359592
297.7561861779466,-0.18516652520210264,-2.482737505279232,-0.5524305180797303,2.259295986047814
297.7561861779466,0.03702493924999582,-2.483149844980736,-0.5524083992909139,2.287404956243242
297.7561861779466,0.11108381606318407,-2.4830124396378013,-0.5524157723648329,2.297943226781287
297.7561861779466,-0.037024939250199375,-2.483149844981237,-0.5524083992921194,2.277452441795568
297.75618617794663,0.22222658627091615,-2.4825483854288226,-0.5524406587739649,2.3148552538290796
297.75618617794663,0.18516652520189908,-2.482737505278731,-0.5524305180785875,2.309069718968472
297.75618617794663,-0.11108381606333674,-2.483012439635932,-0.5524157723638,2.268083281268871
297.75618617794663,-0.22222658627111969,-2.4825483854267762,-0.5524406587732851,2.2551196279521473
297.75618617794663,0.1481217476597226,-2.482892174390874,-0.552422222521926,2.303432846021077
297.75618617794663,-0.1481217476598753,-2.482892174387242,-0.552422222518956,2.2636169185953046
297.75618617794663,-0.07405151682849095,-2.483098323515855,-0.5524111642094852,2.2726951482286095
297.84219128136226,-0.18210936524259197,-2.482900375104292,-0.5556538181194814,2.2486266182391437
297.84219128136226,-0.0364134619784552,-2.483299373572814,-0.5556320399806998,2.2665094737568907
297.84219128136226,-1.0177774980683254e-13,-2.4833159908702225,-0.5556311328840865,2.2713327859938848
297.8421912813623,-0.145675957597397,-2.4830500408339797,-0.5556456499820699,2.2528860473963768
297.8421912813623,0.18210936524243931,-2.482900375104226,-0.555653818118171,2.297578573322567
297.8421912813623,0.2185581391364784,-2.482717371254256,-0.5556638035160142,2.303256689789608
297.8421912813623,-0.10924943295150549,-2.4831664149770907,-0.5556392992513772,2.2572863079927137
297.8421912813623,-0.07282857115249082,-2.4832495195990716,-0.5556347621989655,2.261827475831458
297.8421912813623,0.14567595759724433,-2.483050040834236,-0.5556456499814999,2.2920445346449596
297.8421912813623,0.07282857115228727,-2.4832495195989526,-0.555634762198006,2.2814042064498503
297.8421912813624,0.10924943295135282,-2.483166414976891,-0.555639299250746,2.286653161758987
297.8421912813624,0.03641346197830254,-2.483299373573751,-0.5556320399807136,2.2762976196551836
297.8421912813624,-0.21855813913668196,-2.482717371251238,-0.5556638035145044,2.244507156159557
297.9279631404055,0.21488648134124635,-2.482886328689797,-0.558882654979484,2.2917044542061675
297.9279631404055,-0.1432280269555134,-2.483208049160955,-0.5588647973084708,2.2422016010625656
297.9279631404055,-1.0177774980683254e-13,-2.48346524184705,-0.5588505181296354,2.2603555679339467
297.9279631404055,0.14322802695536074,-2.4832080491586934,-0.5588647973054688,2.2807020726644347
297.92796314040555,0.07160455514228575,-2.4834009597745568,-0.5588540878825942,2.270253418863102
297.92796314040555,0.0358014495356901,-2.4834491718201943,-0.5588514103186752,2.2652358808135418
297.92796314040555,-0.03580144953584277,-2.4834491718207583,-0.5588514103198989,2.255612247322702
297.92796314040555,-0.10741344436966346,-2.4833205918189636,-0.5588585505769709,2.246535469519828
297.92796314040555,-0.07160455514243841,-2.4834009597750746,-0.5588540878837652,2.251005710477888
297.92796314040555,0.17904952962664689,-2.4830633101771933,-0.5588728321245415,2.286133485510559
297.92796314040555,0.10741344436951081,-2.483320591818723,-0.5588585505763854,2.2754087999511383
297.92796314040555,-0.21488648134139904,-2.4828863286855474,-0.558882654977026,2.233941876101744
297.92796314040555,-0.17904952962679954,-2.4830633101769117,-0.5588728321258586,2.238004027631926
298.0134999309984,0.10557593144897703,-2.483474972418045,-0.562073528902722,2.2642102795802055
298.0134999309984,-0.03518892896684754,-2.483599242295809,-0.5620665126869993,2.244760883173402
298.0134999309984,-0.1055759314491297,-2.4834749724172123,-0.5620735289026414,2.235830882263772
298.0134999309984,0.07037952288689751,-2.4835526465011286,-0.5620691437140659,2.259148383310341
298.0134999309984,-1.0177774980683254e-13,-2.483614773610592,-0.5620656360299816,2.2494241123186614
298.0134999309985,0.14077806390687395,-2.483366201343262,-0.5620796672172979,2.269405604564248
298.0134999309985,0.03518892896669487,-2.483599242296008,-0.5620665126869338,2.254219867668437
298.0134999309985,-0.07037952288705018,-2.4835526465023743,-0.5620691437157087,2.2402299703394277
298.0134999309985,-0.1407780639070266,-2.4833662013413087,-0.56207966721637,2.2315636950002253
298.0134999309985,-0.1759871535672293,-2.4832263121178517,-0.5620875630291443,2.2274283293763024
298.0134999309985,0.21121177513376188,-2.4830552589204795,-0.5620972163518932,2.2801987063403435
298.0134999309985,0.17598715356702574,-2.483226312119946,-0.562087563029774,2.27473460703029
298.01349993099853,-0.21121177513396544,-2.4830552589179886,-0.5620972163510323,2.223423903423797
298.09880619753886,0.13832599404746526,-2.4835244992347443,-0.5652902559389165,2.258154434011657
298.09880619753886,0.06915343718238567,-2.4837045820760935,-0.5652799256527211,2.248088405978204
298.09880619753886,0.10373683838531664,-2.4836295588872703,-0.5652842303017865,2.253056905366326
298.09880619753886,-5.088887490341627e-14,-2.483764588603293,-0.5652764824542864,2.2385377295082667
298.09880619753886,0.03457588166934662,-2.483749587406926,-0.5652773429765847,2.243248888286599
298.09880619753886,-0.13832599404761792,-2.4835244992302337,-0.5652902559354772,2.220971652875829
298.09880619753886,-0.2075339089151294,-2.4832241630364775,-0.5653074842913876,2.2129525709235223
298.09880619753886,-0.03457588166949929,-2.483749587405639,-0.5652773429754915,2.233954694375991
298.09880619753886,-0.06915343718258923,-2.483704582074079,-0.5652799256513598,2.2294995716031876
298.09880619753886,0.17292214406074743,-2.483389382435971,-0.5652980072479098,2.263381240909961
298.0988061975389,0.20753390891497672,-2.4832241630397416,-0.5653074842931631,2.268738748995127
298.0988061975389,-0.1729221440609001,-2.4833893824324154,-0.5652980072454616,2.2168988514980428
298.0988061975389,-0.10373683838546931,-2.4836295588838433,-0.5652842302996506,2.22517186594476
298.18388025084585,0.06792634999809774,-2.4838567692222093,-0.5684864367797098,2.2370736027126124
298.1838802508459,0.10189624313092242,-2.483784353763762,-0.5684906579868072,2.241948798483457
298.1838802508459,-0.033962333628624435,-2.4839002099891996,-0.5684839041922857,2.2231937851976733
298.1838802508459,-5.088887490341627e-14,-2.4839146897078574,-0.5684830603894315,2.2276965268952353
298.1838802508459,0.033962333628471765,-2.4839002099912806,-0.5684839041939068,2.2323230539200787
298.18388025084596,-0.10189624313107509,-2.4837843537612456,-0.5684906579855751,2.2145585207823086
298.18388025084596,-0.16985463102222428,-2.4835525230594198,-0.5685041684070001,2.206415693106814
298.18388025084596,0.1698546310220716,-2.48355252306079,-0.5685041684077263,2.2520735211827883
298.18388025084596,0.13587192131135145,-2.4836829451054774,-0.5684965668633944,2.2469486882430094
298.18388025084596,-0.1358719213115041,-2.4836829451037303,-0.5684965668621897,2.2104255739866576
298.18388025084596,-0.06792634999825041,-2.483856769218597,-0.568486436777228,2.2188146161452944
298.18388025084596,-0.2038530385760892,-2.483393042565848,-0.568513462718013,2.202527978257713
298.18388025084596,0.2038530385759365,-2.483393042568695,-0.5685134627194411,2.257324723734962
298.26872718358004,-0.03334826184647174,-2.4840511117119473,-0.5716861924234198,2.2124774026023997
298.26872718358004,0.13341575371220937,-2.483841540018594,-0.5716985963769481,2.235787601651511
298.26872718358004,-0.13341575371236203,-2.4838415400179192,-0.5716985963765366,2.19992471745126
298.26872718358004,-5.088887490341627e-14,-2.484065078626048,-0.5716853658981054,2.216899748160404
298.26872718358004,-0.10005407669462711,-2.483939358388683,-0.5716928082013717,2.2039901014593055
298.2687271835801,-0.06669821533904012,-2.484009209481559,-0.5716886732394304,2.20817435459713
298.2687271835801,0.06669821533888745,-2.48400920948431,-0.5716886732408802,2.226103211781309
298.2687271835801,-0.2001690261462656,-2.483561897772089,-0.5717151484295645,2.1921493945679944
298.2687271835801,0.20016902614611293,-2.4835618977726845,-0.5717151484288209,2.245955862617928
298.2687271835801,0.16678449947104587,-2.4837157347020353,-0.5717060430834152,2.2408106808819337
298.2687271835801,0.03334826184631907,-2.4840511117120054,-0.5716861924227457,2.2214416053509236
298.2687271835801,-0.16678449947119853,-2.483715734701553,-0.5717060430835704,2.1959781181408506
298.2687271835801,0.10005407669447444,-2.483939358390404,-0.5716928082021557,2.230885195069697
298.3533440071469,-0.06546910379235697,-2.4841619059060185,-0.574886638730275,2.1975790525054437
298.3533440071469,0.1637119258645386,-2.4838790196411784,-0.5749036355797665,2.2295930270600315
298.3533440071469,-5.088887490341627e-14,-2.4842157585448303,-0.5748834025555256,2.2061476667566717
298.3533440071469,0.0654691037922043,-2.484161905909232,-0.5748866387322072,2.215177517705496
298.353344007147,-0.03273370161702038,-2.48420229572508,-0.57488421127358,2.2018058156947045
298.353344007147,0.09821044495511139,-2.4840945756343236,-0.5748906847898373,2.219866386366078
298.353344007147,-0.16371192586469124,-2.4838790196395766,-0.5749036355792002,2.1855863862183567
298.353344007147,0.03273370161686772,-2.4842022957239043,-0.5748842112715097,2.2106048211709317
298.353344007147,0.13095763241903488,-2.4840002865867117,-0.574896348525065,2.2246714729885713
298.353344007147,0.19648208336541245,-2.4837307305310694,-0.5749125460470143,2.234632481788403
298.353344007147,-0.09821044495526406,-2.484094575630678,-0.5748906847871637,2.1934668707554357
298.353344007147,-0.13095763241918754,-2.4840002865838824,-0.5748963485228596,2.189469344073069
298.353344007147,-0.19648208336551423,-2.4837307305303917,-0.5749125460478152,2.1818170790786597
298.43773778406387,0.12849740635532791,-2.484159185016472,-0.5780898197482168,2.213599280978587
298.43773778406387,-0.1284974063554806,-2.4841591850161264,-0.5780898197487107,2.1790584731855467
298.43773778406387,-0.16063672136177187,-2.484042377704445,-0.578096942499509,2.1752395230371837
298.43773778406387,-0.03211861516937699,-2.4843537628749264,-0.5780779569222532,2.191178026431314
298.43773778406387,-5.088887490341627e-14,-2.4843667303559798,-0.5780771665265778,2.1954392794209876
298.4377377840639,-0.09636523460310462,-2.4842500059939656,-0.5780842840629719,2.182987841925808
298.4377377840639,0.03211861516922432,-2.484353762872752,-0.5780779569196067,2.199811693183783
298.4377377840639,0.09636523460300284,-2.484250005997303,-0.5780842840651044,2.208891355169827
298.4377377840639,0.06423893981666862,-2.4843148592118567,-0.5780803294820747,2.204295507642184
298.4377377840639,-0.19279198363381736,-2.483899540202137,-0.5781056523731319,2.1715300641373605
298.4377377840639,0.22495907610347476,-2.4837306367165324,-0.5781159447410313,2.2284008425359376
298.4377377840639,0.1606367213616701,-2.4840423777047995,-0.578096942498548,2.218419534655695
298.4377377840639,0.1927919836336647,-2.4838995402037414,-0.5781056523728167,2.223353552686556
298.4377377840639,-0.22495907610362742,-2.4837306367155643,-0.578115944741102,2.1679307133783037
298.4377377840639,-0.06423893981682127,-2.4843148592091517,-0.5780803294804588,2.187027717333072
298.52190281823323,0.06300783341133147,-2.4844680715707934,-0.5812697357415852,2.1934578154279056
298.5219028182333,-0.22065084485752023,-2.4839057538374667,-0.5813045076750198,2.157745775194202
298.5219028182333,-5.088887490341627e-14,-2.484517996397026,-0.5812666479416438,2.1847752033802195
298.5219028182333,0.09451861063336678,-2.484405651456206,-0.5812735964282266,2.1979607449910445
298.5219028182333,0.03150305750327064,-2.4845055154584563,-0.5812674195291331,2.1890628464648487
298.52190281823334,0.12603529551003073,-2.484318237011526,-0.5812790006637413,2.202571679717971
298.52190281823334,-0.1575591609416973,-2.4842058102409266,-0.5812859547351399,2.164938120275135
298.52190281823334,-0.12603529551018341,-2.4843182370098464,-0.5812790006631476,2.1686926997499048
298.52190281823334,-0.06300783341143325,-2.4844680715691645,-0.5812697357407766,2.1765209533480494
298.52190281823334,-0.09451861063351945,-2.48440565145259,-0.5812735964258758,2.172553614128452
298.52190281823334,-0.18909905691301143,-2.4840683277040907,-0.5812944586419851,2.161288939052645
298.52190281823334,0.15755916094159553,-2.484205810242041,-0.5812859547344779,2.2072908692645
298.52190281823334,0.18909905691290965,-2.484068327707619,-0.581294458642927,2.2121197533196577
298.52190281823334,0.22065084485741845,-2.483905753842047,-0.5813045076780504,2.2170578359425774
298.5219028182334,-0.03150305750337242,-2.4845055154610676,-0.5812674195317094,2.180594645103267
298.6058480946258,-0.12357109053465774,-2.484477444308888,-0.5844639022925147,2.158370810278169
298.6058480946258,-5.088887490341627e-14,-2.4846695589772447,-0.5844518574735648,2.1741541954497263
298.6058480946258,0.030886976279239076,-2.484657555755998,-0.5844526097955638,2.1783570308923856
298.6058480946258,-0.030886976279340856,-2.484657555755605,-0.5844526097952627,2.170054435658064
298.6058480946258,0.18540298920052004,-2.484237094069264,-0.584478976321265,2.200929801812562
298.6058480946258,-0.1854029892006727,-2.484237094066297,-0.5844789763207948,2.151092506350957
298.6058480946258,0.12357109053450507,-2.4844774443104995,-0.5844639022930626,2.191587399445839
298.60584809462586,0.1544789829252217,-2.484369318669459,-0.5844706835061008,2.1962057549704195
298.60584809462586,0.21633894927701142,-2.484080735173867,-0.5844887759176564,2.205759040591056
298.60584809462586,-0.2163389492771641,-2.484080735169579,-0.5844887759148463,2.1476060335742484
298.60584809462586,-0.15447898292532347,-2.4843693186674325,-0.5844706835060618,2.154680972354676
298.60584809462586,0.09267041603132771,-2.4845615140071375,-0.5844586327548611,2.1870732924197056
298.60584809462586,-0.09267041603148037,-2.48456151400539,-0.5844586327540068,2.1621629661593533
298.60584809462586,-0.06177567989762455,-2.484621545157196,-0.5844548682750037,2.1660575318248103
298.60584809462586,0.06177567989747188,-2.4846215451594102,-0.5844548682765596,2.1826631841990034
298.68956815628115,0.030270424799307638,-2.4848098840561454,-0.5876335170618586,2.1676948406688243
298.68956815628115,0.060542585878631656,-2.484775280131553,-0.587635716505147,2.171912216654456
298.68956815628115,-0.060542585878784326,-2.4847752801297096,-0.587635716503811,2.1556380268065722
298.68956815628115,-0.121105004626929,-2.4846368065050903,-0.5876445143446555,2.148093369817322
298.68956815628115,-0.030270424799409414,-2.4848098840557373,-0.5876335170615243,2.159557977970172
298.68956815628115,-5.088887490341627e-14,-2.484821418436481,-0.5876327844433146,2.1635768422237787
298.68956815628115,0.12110500462682722,-2.484636806505079,-0.5876445143435571,2.1806470625189753
298.6895681562812,-0.18170410027307665,-2.484405837931845,-0.587659195592923,2.140941325640032
298.6895681562812,-0.1513964538034393,-2.484532902151221,-0.5876511187354492,2.1444686411582667
298.6895681562812,-0.21202376241897758,-2.484255578734038,-0.587668739952722,2.1375120467413917
298.6895681562812,-0.090820810699145,-2.484717593572879,-0.5876393825869266,2.151816467119162
298.6895681562812,0.15139645380333752,-2.4845329021527984,-0.5876511187352134,2.1851648252919933
298.6895681562812,0.09082081069904321,-2.4847175935742074,-0.5876393825874927,2.1762296095394866
298.6895681562812,0.2120237624188758,-2.484255578736721,-0.5876687399545066,2.194505114989071
298.6895681562812,0.18170410027297487,-2.4844058379343523,-0.5876591955936112,2.1897843437338986
298.7730695018225,-5.088887490341627e-14,-2.4849735786273595,-0.590809440764185,2.1530422189914087
298.7730695018225,-0.14831140042995575,-2.4846965638115326,-0.5908272730978429,2.134300229204796
298.7730695018225,-0.029653368431764953,-2.4849625041800047,-0.5908101532695501,2.1491043521416064
298.7730695018225,-0.08896969074392366,-2.484873893737047,-0.5908158581044808,2.1415132076855277
298.7730695018225,-0.059308482091795164,-2.484929280213673,-0.59081229245374,2.1452615235249506
298.7730695018225,0.059308482091693385,-2.4849292802130667,-0.5908122924527014,2.1612039794076963
298.7730695018225,0.029653368431612284,-2.48496250418058,-0.5908101532700412,2.157075346586961
298.7730695018225,0.1483114004298031,-2.4846965638133067,-0.5908272730980552,2.1741671362077377
298.7730695018225,0.1780021823630077,-2.4845745620967294,-0.5908351294692102,2.1786824321520597
298.7730695018225,-0.17800218236316037,-2.4845745620943624,-0.5908351294681303,2.1308345058333287
298.77306950182253,0.088969690743771,-2.484873893736416,-0.5908158581031263,2.1654287591015655
298.77306950182253,-0.20770504189838443,-2.4844302869420396,-0.5908444131984868,2.127462930319813
298.77306950182253,-0.11863689926671636,-2.4847963269780973,-0.5908208492153965,2.13785947480742
298.77306950182253,0.20770504189828265,-2.4844302869435175,-0.5908444131995501,2.1832951096126796
298.77306950182253,0.11863689926656369,-2.48479632697844,-0.5908208492145243,2.1697497281435285
298.85635134905044,-0.0580734061431285,-2.485083543939341,-0.5939845922251753,2.1349280147561944
298.85635134905044,-5.088887490341627e-14,-2.485126038298098,-0.5939818224829668,2.1425503222653863
298.85635134905044,-0.0871171125742004,-2.4850304127592135,-0.5939880554775536,2.131253179754998
298.85635134905044,-0.029035825979694077,-2.4851154148221473,-0.5939825144797429,2.1386935524873927
298.85635134905044,0.05807340614297584,-2.485083543939474,-0.5939845922247545,2.1505384753439123
298.8563513490505,0.029035825979592297,-2.485115414824758,-0.5939825144820093,2.146498548016275
298.8563513490505,0.1161668496633496,-2.4849560036254603,-0.5939929031864776,2.1588954082133123
298.8563513490505,-0.1742973482778704,-2.4847432633973017,-0.5940067745371568,2.120772040143746
298.8563513490505,-0.11616684966350227,-2.4849560036218232,-0.5939929031841709,2.1276691169244786
298.8563513490505,-0.14522391681443586,-2.484860301067778,-0.5939991430108733,2.1241757286089498
298.8563513490505,0.08711711257404774,-2.485030412761894,-0.5939880554792458,2.1546707481658753
298.8563513490505,0.14522391681433408,-2.4848603010695247,-0.593999143011345,2.1632127051047
298.85635134905056,-0.20338291931798447,-2.484604855952663,-0.5940157924471311,2.117458679280264
298.85635134905056,0.17429734827776863,-2.4847432633964943,-0.5940067745353892,2.1676240906066413
298.85635134905056,0.2033829193178827,-2.4846048559519156,-0.594015792446097,2.172129054813767
298.9394140424352,0.028417807941673458,-2.485268619719189,-0.5971506005671784,2.135964300903412
298.9394140424352,-5.088887490341627e-14,-2.4852788012061087,-0.5971499294300101,2.1321010062810535
298.9394140424352,-0.19905746815612238,-2.484779288088648,-0.597182879339448,2.1074991526948876
298.9394140424352,0.11369489780931051,-2.485115839737332,-0.5971606766796443,2.1480839674122914
298.9394140424352,0.142134055445599,-2.4850241169530305,-0.5971667292306663,2.152301400780899
298.9394140424352,0.17058966100129858,-2.4849119445508845,-0.5971741319618299,2.156609192610632
298.9394140424352,0.08526310768464192,-2.485187154154117,-0.5971559748855646,2.143955437903245
298.9394140424352,-0.08526310768474368,-2.485187154149968,-0.5971559748822114,2.1210362360319786
298.9394140424352,-0.1421340554457008,-2.4850241169495435,-0.5971667292286037,2.1140949940573854
298.9394140424352,0.05683737902948325,-2.4852380749634575,-0.597152615810241,2.1399155627215682
298.9394140424352,0.19905746815596972,-2.4847792880909667,-0.5971828793407461,2.1610068294216034
298.93941404243526,-0.11369489780941229,-2.485115839736495,-0.5971606766796378,2.117522149563633
298.93941404243526,-0.028417807941775237,-2.4852686197160225,-0.597150600564389,2.128325432132074
298.93941404243526,-0.05683737902958503,-2.4852380749587404,-0.5971526158061926,2.124637353114537
298.9394140424353,-0.17058966100140036,-2.484911944546507,-0.5971741319592341,2.1107537851501297
299.0222630460905,-0.19472849377572657,-2.4849535793024042,-0.6003456756013581,2.097583597532428
299.0222630460905,-0.22259095624791062,-2.48480691004573,-0.6003554674269818,2.0944711455105343
299.0222630460905,0.1947284937756248,-2.4849535793064215,-0.6003456756037786,2.149927628091625
299.0222630460905,0.13904167728587893,-2.48518800866234,-0.6003300331865624,2.141432420913636
299.0222630460905,0.05560034513232157,-2.4853928715644678,-0.6003163643781604,2.129334446536121
299.0222630460905,0.11122093247128922,-2.485275832982832,-0.6003241710181938,2.137314605485887
299.0222630460905,-5.088887490341627e-14,-2.4854318658448813,-0.6003137627326753,2.1216934827677725
299.0222630460905,-0.02779928650840874,-2.4854221173014355,-0.6003144126610468,2.117999206728044
299.0222630460905,-0.111220932471391,-2.485275832985656,-0.6003241710214547,2.107417802369271
299.0222630460905,-0.1390416772859807,-2.4851880086582328,-0.6003300331843968,2.1040572605992733
299.02226304609053,0.027799286508306965,-2.485422117304766,-0.600314412664257,2.1254718134253654
299.02226304609053,0.08340759264889178,-2.485344115937801,-0.6003196175548744,2.1332820304985507
299.02226304609053,-0.08340759264899356,-2.48534411594039,-0.6003196175574291,2.110861601126439
299.02226304609053,-0.16687895369498093,-2.485080602173276,-0.6003372033020236,2.100778981676334
299.02226304609053,0.16687895369482825,-2.485080602180171,-0.6003372033062853,2.1456369341445134
299.02226304609053,0.22259095624780884,-2.484806910048261,-0.6003554674288666,2.154304715380342
299.02226304609053,-0.05560034513242335,-2.48539287156246,-0.6003163643762253,2.1143887585459655
299.10489283699724,-0.05436241263757485,-2.4855479336656185,-0.6034758035356478,2.104182811080745
299.10489283699724,-5.088887490341627e-14,-2.4855852323188503,-0.6034732878806544,2.11132834458661
299.10489283699724,-0.02718031577294195,-2.48557590763499,-0.6034739162868218,2.1077154622934597
299.1048928369973,0.08155072974266651,-2.4855012978195683,-0.6034789492514138,2.122651144470505
299.1048928369973,-0.21764018650703248,-2.4849874245121875,-0.6035136185494085,2.0846562775153092
299.1048928369973,0.02718031577284017,-2.485575907638776,-0.6034739162904946,2.1150216861409543
299.1048928369973,0.19039637477155363,-2.485127727558762,-0.6035041482573504,2.1388921155224683
299.1048928369973,0.13594705278206398,-2.4853519751991136,-0.6034890211391033,2.130606405401256
299.1048928369973,0.16316555088195453,-2.485249234814449,-0.6034959551807724,2.134707967078999
299.1048928369973,0.05436241263747308,-2.4855479336656474,-0.603475803535818,2.1187957358989755
299.1048928369973,-0.1631655508820563,-2.485249234812119,-0.6034959551810076,2.0908481943558708
299.1048928369973,-0.0815507297427683,-2.485501297820682,-0.603478949252637,2.100729849935969
299.1048928369973,-0.1903963747716554,-2.4851277275562267,-0.6035041482562941,2.0877125767177502
299.1048928369973,0.21764018650693073,-2.4849874245131747,-0.6035136185495227,2.1431590620231824
299.1048928369973,-0.13594705278216576,-2.4853519751967417,-0.6034890211390832,2.094063095433346
299.10489283699735,-0.10874517001254827,-2.4854359827550536,-0.6034833521794695,2.0973566459616677
299.10489283699735,0.1087451700123956,-2.4854359827550696,-0.6034833521785167,2.1265879512150323
299.18731081531746,0.05312349628195097,-2.485703265780525,-0.6066309702126554,2.1082983910973367
299.18731081531746,-5.088887490341627e-14,-2.485738905229274,-0.6066285416613861,2.101004562915389
299.18731081531746,0.1328499687907834,-2.4855160205521782,-0.6066437307082733,2.119822300331342
299.18731081531746,-0.10626743991367874,-2.485596293264979,-0.606638257482982,2.087337676711841
299.18731081531746,-0.13284996879088518,-2.485516020551755,-0.6066437307104642,2.0841115019389966
299.18731081531746,0.02656085310342346,-2.4857299953013317,-0.6066291482697179,2.1046128846403938
299.1873108153175,-0.07969239107397949,-2.485658704186177,-0.6066340070660845,2.0906399721071636
299.1873108153175,0.07969239107387771,-2.4856587041852785,-0.606634007065022,2.112061735088068
299.1873108153175,-0.02656085310352524,-2.485729995295137,-0.6066291482638819,2.0974731758782084
299.1873108153175,-0.05312349628205274,-2.485703265776753,-0.6066309702090039,2.0940184939250805
299.1873108153175,-0.15944919680063718,-2.4854178461692045,-0.6066504255694851,2.0809604338595995
299.1873108153175,-0.18606081276737227,-2.485301736230695,-0.6066583357111546,2.077885108496927
299.1873108153175,0.21268548208633506,-2.4851676629687436,-0.6066674801889734,2.132056499506052
299.1873108153175,0.1594491968005354,-2.485417846169851,-0.6066504255675793,2.1238212333386843
299.1873108153175,0.10626743991357696,-2.4855962932632276,-0.6066382574800148,2.1159029551354167
299.1873108153175,0.1860608127672705,-2.4853017362311456,-0.6066583357103245,2.12789922976134
299.1873108153175,-0.21268548208643684,-2.4851676629698076,-0.6066674801910246,2.0748855584540133
299.2695168658199,-5.088887490341627e-14,-2.4858928804141227,-0.6097795189888991,2.090722053561908
299.2695168658199,-0.07783261685618655,-2.48581633029653,-0.6097847859555338,2.080591880804316
299.2695168658199,0.025940911905000707,-2.4858843760624265,-0.6097801035180135,2.094245326839967
299.2695168658199,0.07783261685613566,-2.4858163302945817,-0.6097847859536429,2.1015137263256625
299.2695168658199,-0.20772695020384327,-2.4853476171383675,-0.6098170476055821,2.0651589093637583
299.2695168658199,0.051883622875286764,-2.4858588634847707,-0.6097818593381161,2.0978423327696736
299.2695168658199,-0.15572997187107418,-2.4855864297630927,-0.609800609559056,2.0711156162326887
299.2695168658199,0.20772695020374152,-2.4853476171357642,-0.6098170476018501,2.1209969776955564
299.2695168658199,-0.025940911905102487,-2.4858843760585954,-0.6097801035140837,2.0872722617952624
299.26951686582,0.18172190158262463,-2.4854755980042995,-0.6098082331280144,2.116948914267128
299.26951686582,0.1557299718709724,-2.4855864297649704,-0.6098006095581466,2.1129766705898745
299.26951686582,0.1037877957918099,-2.485756759319455,-0.6097888819210447,2.1052595451712772
299.26951686582,-0.12975049233166766,-2.485680138950055,-0.6097941569377803,2.0742023945871515
299.26951686582,-0.10378779579191166,-2.485756759319386,-0.60978888192249,2.077360808130356
299.26951686582,-0.18172190158272641,-2.485475598003428,-0.6098082331285548,2.068101111103682
299.26951686582,0.12975049233156588,-2.485680138950461,-0.6097941569353272,2.109080038192196
299.26951686582,-0.051883622875388544,-2.485858863483239,-0.6097818593361297,2.083895720510795
299.3515089404358,-0.025320520255661304,-2.486039051417273,-0.6129267504070669,2.0771128735194995
299.3515089404358,0.10130634995370154,-2.4859173819132354,-0.6129351944517564,2.0946578988146833
299.3515089404358,0.12664876378406997,-2.485844331083858,-0.6129402691225492,2.098379803339284
299.3515089404358,0.20276481543796343,-2.4855272864027262,-0.6129622916230202,2.109980705659407
299.3515089404358,-0.12664876378417175,-2.4858443310805227,-0.6129402691223368,2.0643359199963225
299.3515089404358,-5.088887490341627e-14,-2.4860471593992517,-0.612926188194038,2.0804809734316554
299.3515089404358,-0.15200804454220962,-2.485754985927633,-0.6129464768830786,2.0613138880967163
299.3515089404358,0.025320520255610414,-2.486039051416913,-0.6129267504072035,2.0839191737621316
299.3515089404358,-0.10130634995380332,-2.4859173819094185,-0.6129351944497282,2.067426187519563
299.3515089404358,-0.20276481543801433,-2.48552728640214,-0.6129622916241276,2.0554764789355797
299.35150894043585,0.0759714913211641,-2.485974177376711,-0.6129312545977422,2.0910072894989016
299.35150894043585,-0.05064284857325215,-2.4860147281749523,-0.6129284394008604,2.073814641568665
299.35150894043585,0.17737983773294524,-2.485649312768542,-0.6129538107528744,2.106041369182294
299.35150894043585,-0.17737983773304702,-2.48564931276713,-0.6129538107529793,2.0583607318502506
299.35150894043585,0.05064284857315037,-2.486014728174921,-0.61292843940143,2.08742772674189
299.35150894043585,-0.07597149132126586,-2.485974177375139,-0.6129312545963617,2.0705857247006167
299.35150894043585,0.15200804454210784,-2.4857549859305244,-0.6129464768830449,2.1021744707378036
299.4332932183224,0.02469964388958489,-2.4861940228637174,-0.6160691218114572,2.0736335509255976
299.4332932183224,-5.088887490341627e-14,-2.4862017437193797,-0.6160685821258974,2.0702804524765863
299.4332932183224,0.04940110484491885,-2.4861708612322033,-0.616070743339684,2.0770536944438915
299.4332932183224,-0.14828320924410782,-2.4859235148429257,-0.6160880612024763,2.051554413228064
299.4332932183224,-0.0741089116752677,-2.486132246620343,-0.6160734460400368,2.0606206491128085
299.4332932183224,-0.12354461183329005,-2.4860085975284827,-0.6160821006790355,2.054511235446424
299.4332932183224,-0.02469964388968667,-2.48619402286462,-0.6160691218117431,2.0669941457804106
299.4332932183224,-0.09882296534370555,-2.486078161961424,-0.6160772282738632,2.0575329660056654
299.4332932183224,0.14828320924400604,-2.4859235148454126,-0.6160880612018814,2.091413742304517
299.4332932183224,0.09882296534365466,-2.486078161966617,-0.6160772282771907,2.084097130351708
299.4332932183224,0.12354461183318827,-2.4860085975325306,-0.6160821006799645,2.0877207070043764
299.43329321832243,0.07410891167516592,-2.4861322466242695,-0.6160734460433508,2.0805415422934432
299.43329321832243,-0.049401104845020624,-2.486170861232597,-0.6160707433397158,2.0637743969498774
299.43329321832243,0.22258871854225315,-2.4855748212200544,-0.616112494474997,2.1029090528514276
299.43329321832243,0.17303438139682684,-2.4858228801905207,-0.6160951025387327,2.0951757006645066
299.43329321832243,0.19779880371968797,-2.485706669857421,-0.6161032465516812,2.0990067875370797
299.43329321832243,-0.19779880371978975,-2.485706669855498,-0.616103246551822,2.0458374449707977
299.43329321832243,-0.22258871854235493,-2.4855748212198923,-0.6161124944772652,2.04307608448515
299.43329321832243,-0.1730343813968777,-2.485822880188729,-0.616095102538739,2.0486631413532796
299.51486820053367,-0.14455560818328697,-2.4860920097429657,-0.6192253407283381,2.0418372743005877
299.51486820053367,-0.12043815498918713,-2.4861729321976984,-0.6192196297206418,2.0447284231693796
299.51486820053367,0.09633773677217233,-2.486239093945275,-0.6192149614173664,2.0735773477182726
299.51486820053367,0.04815843909780294,-2.48632725787892,-0.6192087490598055,2.0667203334832793
299.51486820053367,0.12043815498908535,-2.4861729321974297,-0.61921962971756,2.0771028632777533
299.51486820053367,0.21699812971892163,-2.4857603472983114,-0.6192487537424082,2.091866625019563
299.51486820053367,0.1928291046410672,-2.485885758955767,-0.6192398909003387,2.0880753598414503
299.51486820053367,-5.088887490341627e-14,-2.4863566288617984,-0.6192066786652133,2.060120580613715
299.51486820053367,-0.04815843909785383,-2.486327257880516,-0.6192087490607932,2.0537750715185865
299.5148682005337,-0.02407830651091117,-2.486349285819767,-0.6192071956146273,2.056916165638813
299.5148682005337,-0.09633773677227411,-2.486239093943655,-0.6192149614174932,2.047681226037855
299.5148682005337,-0.07224494902760872,-2.4862905329499454,-0.61921133824187,2.0506967373677205
299.5148682005337,-0.19282910464116898,-2.485885758951054,-0.6192398908982488,2.036241893010041
299.5148682005337,0.07224494902750694,-2.4862905329512364,-0.6192113382424238,2.070116587151216
299.5148682005337,0.024078306510809395,-2.486349285818521,-0.6192071956145068,2.0633885517629214
299.5148682005337,0.1445556081831852,-2.4860920097434613,-0.6192253407257381,2.0806946061934775
299.5148682005337,-0.2169981297190234,-2.4857603472955825,-0.6192487537424896,2.0335364278020314
299.5148682005337,-0.1686856984748005,-2.485996292666882,-0.6192320868302316,2.0390084233891135
299.5148682005337,0.16868569847474962,-2.485996292669159,-0.6192320868302964,2.0843520370910062
299.59623397637296,0.16433387091724172,-2.486169550175967,-0.6223647486330931,2.0735702952707578
299.59623397637296,-5.088887490341627e-14,-2.486511816333065,-0.6223404609498319,2.0500012492347173
299.59623397637296,-0.07037963850448752,-2.4864490376019095,-0.6223449146838489,2.040813878780027
299.59623397637296,0.07037963850438574,-2.4864490376013784,-0.6223449146827331,2.0597323228294737
299.59623397637296,0.023456519828254266,-2.4865048417576316,-0.6223409549956861,2.0531840695333043
299.596233976373,-0.16433387091729262,-2.4861695501764793,-0.6223647486355919,2.029396472731884
299.596233976373,0.11732945179259267,-2.4863373358049743,-0.6223528403396176,2.066526178766967
299.596233976373,0.18785581185554384,-2.4860645531670067,-0.6223722102592104,2.077186345367444
299.596233976373,-0.1408253116060376,-2.486260471035859,-0.6223582999574933,2.0321623638417345
299.596233976373,0.04691487474969243,-2.4864839195080686,-0.6223424398657497,2.056427539574564
299.596233976373,-0.04691487474974332,-2.4864839195085637,-0.6223424398653751,2.0438165546942644
299.596233976373,-0.023456519828356046,-2.4865048417571183,-0.6223409549937673,2.0468788232064346
299.596233976373,-0.11732945179269445,-2.4863373358055916,-0.622352840343044,2.0349873740344178
299.596233976373,0.09385071107315124,-2.486400178857778,-0.622348377627182,2.063098453302279
299.596233976373,0.21140349820861204,-2.4859454202158746,-0.6223806850879533,2.0808671751792573
299.596233976373,0.1408253116059358,-2.486260471033451,-0.6223582999523971,2.070016973818578
299.596233976373,-0.21140349820866294,-2.485945420213459,-0.6223806850883138,2.0240408363557956
299.596233976373,-0.093850711073253,-2.4864001788580037,-0.6223483776290375,2.03787085741373
299.596233976373,-0.18785581185564562,-2.486064553162485,-0.6223722102575865,2.0266897206646393
299.67739537612334,-0.13709217134792462,-2.486428896871834,-0.6254869720262646,2.022529012042096
299.67739537612334,0.09136178946395718,-2.4865614157027847,-0.6254775097243281,2.052659740072012
299.67739537612334,0.02283425914514141,-2.4866606903553503,-0.6254704325043119,2.0430194041366088
299.67739537612334,-5.088887490341627e-14,-2.4866673058439996,-0.6254699614968166,2.0399217613571166
299.67739537612334,-0.06851290601724909,-2.486607759911848,-0.625474208055631,2.0309713881398728
299.67739537612334,0.13709217134782284,-2.4864288968709634,-0.6254869720233509,2.0593801355469648
299.67739537612334,0.0685129060171982,-2.486607759915109,-0.6254742080582281,2.049388044203428
299.67739537612334,0.20580460179706256,-2.4861300361206613,-0.6255083224399699,2.0699099928293547
299.67739537612334,-0.022834259145192295,-2.486660690354049,-0.6254704325018419,2.0368814250217873
299.67739537612334,-0.20580460179716434,-2.486130036120359,-0.6255083224418934,2.0145886593641675
299.67739537612334,-0.045670362407285565,-2.4866408456562654,-0.625471848355999,2.0338981569399515
299.67739537612334,0.045670362407183786,-2.486640845657736,-0.6254718483580554,2.0461746099036917
299.6773953761234,-0.1599787258732678,-2.4863426502011263,-0.6254931212996337,2.019826625510597
299.6773953761234,0.15997872587316603,-2.4863426502005814,-0.6254931212976595,2.0628297648757514
299.6773953761234,-0.09136178946405894,-2.4865614157000824,-0.6254775097230146,2.0281011796536825
299.6773953761234,-0.1142183787685726,-2.486501806925468,-0.6254817655128357,2.0252874126969798
299.6773953761234,-0.18287872782802664,-2.4862430492729253,-0.6255002382974555,2.017180270408772
299.6773953761234,0.18287872782797573,-2.486243049274237,-0.6255002382962914,2.0663390335001925
299.6773953761234,0.11421837876852171,-2.4865018069262175,-0.6254817655111703,2.0559899449389247
299.7583514814285,-0.044424940311892494,-2.486798029990448,-0.6285969429852609,2.0240198931684996
299.7583514814286,-0.0888710484243607,-2.4867227972841777,-0.6286023261846547,2.0183722062804517
299.7583514814286,0.08887104842425891,-2.4867227972870167,-0.6286023261865906,2.0422612421094892
299.7583514814286,-0.022211543582304004,-2.486816825421095,-0.6285955964962658,2.026923987629775
299.7583514814286,-0.06664480892701903,-2.486766693150012,-0.6285991867189535,2.021169279352549
299.7583514814286,-5.088887490341627e-14,-2.4868230912783034,-0.6285951486373587,2.0298821357832177
299.7583514814286,0.1556203971677448,-2.48651558340986,-0.6286171735356285,2.05213049801345
299.7583514814286,0.022211543582202228,-2.486816825420375,-0.6285955964962374,2.0328945772575544
299.7583514814286,0.04442494031179072,-2.4867980299922245,-0.628596942986967,2.0359615696631757
299.75835148142863,-0.1778980054944442,-2.486421236808942,-0.6286239438579166,2.0077135604966276
299.75835148142863,-0.2225270572050278,-2.486194371875534,-0.6286402297125275,2.002698617412648
299.75835148142863,0.13335630212102143,-2.486597278757243,-0.6286113254097678,2.0487841368532647
299.75835148142863,0.17789800549434243,-2.4864212368089698,-0.6286239438561205,2.055533483612999
299.75835148142863,-0.11110503151411756,-2.4866663378196368,-0.6286063738620503,2.0156285529253446
299.75835148142863,-0.13335630212112318,-2.4865972787562707,-0.6286113254098448,2.0129372335371887
299.75835148142863,0.06664480892691725,-2.486766693155136,-0.628599186723145,2.0390837805978057
299.75835148142863,0.11110503151406667,-2.486666337819457,-0.6286063738604348,2.04549420126121
299.7583514814287,0.20020161252749855,-2.486314183654724,-0.6286316346918783,2.058995145228755
299.7583514814287,-0.20020161252754942,-2.486314183651502,-0.6286316346904055,2.0051799178270167
299.7583514814287,-0.1556203971677957,-2.4865155834100072,-0.6286171735364436,2.010298897853673
299.7583514814287,0.22252705720492602,-2.4861943718772155,-0.6286402297126189,2.0625150109842765
299.8391016503971,-0.12961780643740423,-2.4867656161963523,-0.6317313368770388,2.0033870093331703
299.8391016503971,0.12961780643730245,-2.48676561619679,-0.6317313368772088,2.0382289863032406
299.8391016503971,0.15125900439293832,-2.486688347607918,-0.6317368811821039,2.041472509485394
299.8391016503971,-0.10798949545918071,-2.48683092683973,-0.6317266402625177,2.0060107746912688
299.8391016503971,-0.04317864263783539,-2.4869554717854174,-0.6317176979938106,2.014181743873556
299.8391016503971,-5.088887490341627e-14,-2.486979172845365,-0.6317159973900173,2.0198823563864043
299.8391016503971,0.04317864263773361,-2.486955471784232,-0.6317176979922879,2.025788408533063
299.8391016503971,0.02158839022680136,-2.486973246593786,-0.6317164213409875,2.022809575369281
299.8391016503971,0.06477539849400835,-2.486925837474341,-0.6317198263231204,2.0288195255034402
299.8391016503971,0.10798949545912982,-2.4868309268402182,-0.6317266402618916,2.0350389506718543
299.8391016503971,-0.17291378152526676,-2.486599112815715,-0.6317433034019643,1.998289575837256
299.8391016503971,-0.15125900439298923,-2.4866883476097077,-0.6317368811836767,2.00081327240952
299.83910165039714,0.08637855629974922,-2.4868843226475406,-0.6317228018677808,2.0319029573232856
299.83910165039714,-0.08637855629980011,-2.486884322647632,-0.6317228018686327,2.008683916829748
299.83910165039714,-0.19459468414533798,-2.486497860405732,-0.6317505997994355,1.9958145995109173
299.83910165039714,0.1945946841452362,-2.486497860407155,-0.6317505997996766,2.0481226614847055
299.83910165039714,0.1729137815252159,-2.486599112813107,-0.6317433033982871,2.044769717361862
299.83910165039714,-0.2162975308997402,-2.4863845313603865,-0.6317587523478034,1.993388991928764
299.83910165039714,-0.021588390226852248,-2.4869732465964987,-0.631716421343212,2.017006492910367
299.83910165039714,-0.06477539849405924,-2.486925837474387,-0.6317198263240791,2.011407532129287
299.83910165039714,0.21629753089968928,-2.4863845313619968,-0.6317587523482063,2.0515308655284334
299.9196508052137,0.083884209156822,-2.4870459968998717,-0.6348389904631256,2.021584170747817
299.91965080521373,-0.06290459676658758,-2.48708518908494,-0.6348361689041191,2.001685454548662
299.91965080521373,-0.1468943656846808,-2.486860949397042,-0.6348523024603252,1.9913690792577872
299.91965080521373,-0.2100633683167376,-2.486574041282773,-0.6348729805837573,1.9841229133552967
299.91965080521373,-0.16792584808518946,-2.486776676882688,-0.6348583661639695,1.9889076530332697
299.91965080521373,-5.088887490341627e-14,-2.4871355493311125,-0.6348325522683345,2.0099217189551806
299.91965080521373,0.020964773094214174,-2.48712995577297,-0.6348329549512167,2.0127636909650315
299.91965080521373,0.14689436568457903,-2.4868609493959952,-0.6348523024603222,2.0308550804915684
299.91965080521373,0.18898358284907488,-2.486681053685062,-0.6348652520009859,2.037291822279948
299.91965080521373,-0.02096477309431595,-2.487129955774681,-0.6348329549526865,2.007128240341617
299.9196508052138,0.10487164069011311,-2.4869955733777465,-0.6348426104133695,2.0246234765310906
299.9196508052138,0.04193141741607209,-2.4871131713118126,-0.6348341589371145,2.01565441611827
299.9196508052138,-0.04193141741612298,-2.4871131713136805,-0.6348341589397728,2.004383012629471
299.9196508052138,-0.12587652840658728,-2.486933900176685,-0.6348470432044081,1.993877663417886
299.9196508052138,-0.08388420915692378,-2.4870459969030776,-0.6348389904673037,1.9990356242727136
299.9196508052138,-0.104871640690164,-2.4869955733788807,-0.634842610415887,1.9964333962741572
299.9196508052138,-0.18898358284912578,-2.486681053685594,-0.6348652520026906,1.9864920479320345
299.9196508052138,0.16792584808513858,-2.486776676881699,-0.6348583661621233,2.0340470154917
299.9196508052138,0.12587652840653638,-2.486933900177098,-0.6348470432048336,2.0277139659846353
299.9196508052138,0.06290459676653669,-2.487085189082602,-0.6348361689005404,2.018594566045451
299.91965080521385,0.2100633683166867,-2.486574041282953,-0.6348729805830617,2.0405890200461245
299.99999999999994,-5.088887490341627e-14,-2.4872138102355184,-0.6363897631918157,2.00000000000006
299.99999999999994,-0.02034069581042567,-2.487208391775961,-0.6363901473463905,1.9972890062343678
299.99999999999994,-0.0406832718985726,-2.4871921233183323,-0.6363912850554435,1.9946234760645594
299.99999999999994,-0.06103241462189752,-2.48716500108583,-0.636393185977938,1.9920028241015082
299.99999999999994,0.06103241462184663,-2.4871650010853563,-0.6363931859757521,2.0084086826391
299.99999999999994,0.04068327189852171,-2.4871921233172474,-0.636391285053121,2.005559370996582
299.99999999999994,0.02034069581037478,-2.4872083917755106,-0.6363901473459218,2.002756701330334
300.0,-0.203824605703097,-2.4866695921880697,-0.6364280716727319,1.9749001806641135
300.0,-0.08138802149845038,-2.4871270251110973,-0.6363958691643004,1.9894271075831453
300.0,0.10175148533500775,-2.4870781497654604,-0.6363992894560194,2.014247564618469
300.0,-0.22430139156650455,-2.4865547603693248,-0.6364361797614373,1.9726322813351171
300.0,0.0813880214983486,-2.4871270251075956,-0.6363958691596188,2.0113046652564646
300.0,-0.12213248978147809,-2.4870183704360547,-0.6364034799991847,1.984408979157066
300.0,-0.14252650641998194,-2.4869476801648127,-0.6364084825095775,1.9819661049322341
300.0,-0.16293423417537498,-2.4868659935119566,-0.6364142181809946,1.9795675821988568
300.0,-0.18336834126341434,-2.486773301825878,-0.6364207275427991,1.9772120572681553
300.0,-0.10175148533505864,-2.487078149767522,-0.6363992894596866,1.9868961985783684
300.0,0.1221324897814272,-2.4870183704375273,-0.6364034800007158,2.01723886511438
300.0,0.14252650641988016,-2.486947680164881,-0.6364084825111347,2.020278004393531
300.0,0.16293423417532407,-2.4868659935133928,-0.6364142181814836,2.0233651759217444
300.0,0.18336834126331256,-2.4867733018262568,-0.6364207275417355,2.026502430575184
300.0,0.2038246057029952,-2.486669592186462,-0.6364280716705144,2.0296892832709266
300.0,0.22430139156645365,-2.4865547603664258,-0.6364361797571668,2.0329256224913537
