contour,relative_angle_deg,radius_мм,sigma_rr_mpa,sigma_tt_mpa,tau_rt_mpa
inner,-30.000000000000068,249.99999999999994,0.33579707854028457,0.2020376666655907,0.15608088644584758
inner,-29.850000000000026,249.99999999999997,0.26003198349372053,0.1758370072405717,0.132565341325749
inner,-29.700000000000088,249.99999999999997,0.1636440992410285,0.1439546873475564,0.0969371247585674
inner,-29.550000000000043,249.99999999999997,0.13234134616575705,0.13242747837072982,0.0777097046280685
inner,-29.400000000000105,249.99999999999997,0.1142600892298045,0.12294846013447218,0.06647416618538862
inner,-29.250000000000064,249.99999999999994,0.1023624866101869,0.11539548315654682,0.058922914752861225
inner,-29.100000000000122,249.99999999999994,0.09353394018446,0.10906502388698326,0.053347647946997076
inner,-28.95000000000008,249.99999999999997,0.08656455709099786,0.10366304751535273,0.048954702095888175
inner,-28.800000000000143,249.99999999999994,0.08081347173910886,0.09895756431413252,0.04534089375379747
inner,-28.6500000000001,249.99999999999997,0.07592157228767575,0.0947879028898262,0.04227663905279577
inner,-28.50000000000006,249.99999999999997,0.07166511037624393,0.09103544571467756,0.03961988515500238
inner,-28.35000000000012,249.99999999999997,0.06789647217781829,0.08761238008858512,0.03727659073561354
inner,-28.200000000000077,249.99999999999994,0.06451293506121634,0.0844524790951494,0.03518126721027432
inner,-28.05000000000014,249.99999999999997,0.06144007292034434,0.08150515366283287,0.0332864409798141
inner,-27.900000000000098,249.99999999999994,0.05862207568827783,0.07873124643757502,0.03155656098840052
inner,-27.750000000000156,249.99999999999997,0.05601586831743085,0.07610009261028863,0.02996426817412228
inner,-27.600000000000115,249.99999999999997,0.05358736236408782,0.07358741961701715,0.028488009125182977
inner,-27.450000000000177,249.99999999999997,0.05130898173848884,0.0711738291358217,0.027110453171331726
inner,-27.300000000000132,249.99999999999997,0.049157976660552716,0.0688436839605882,0.025817410429842605
inner,-27.150000000000194,249.99999999999997,0.04711524351459645,0.06658428141413786,0.024597072961150348
inner,-27.000000000000153,249.99999999999994,0.045164479001963076,0.06438523206337171,0.023439470461454642
inner,-26.85000000000021,249.99999999999997,0.04329156109502224,0.06223798753573415,0.02233607199972369
inner,-26.70000000000017,249.99999999999994,0.04148408741250821,0.06013547796362553,0.0212794893823839
inner,-26.55000000000023,249.99999999999997,0.03973102510875505,0.058071830986829734,0.020263252637559827
inner,-26.40000000000019,249.99999999999994,0.03802244120898008,0.05604215209991536,0.019281637590254655
inner,-26.25000000000025,249.99999999999994,0.036349291938686884,0.05404235161570774,0.01832953167156903
inner,-26.100000000000207,249.99999999999997,0.034703255964275335,0.05206900738610821,0.017402328207688042
inner,-25.950000000000166,249.99999999999994,0.03307660076900918,0.05011925519779827,0.01649584221132684
inner,-25.800000000000228,249.99999999999994,0.03146207435463246,0.04819070076974831,0.015606242613665096
inner,-25.650000000000187,249.99999999999994,0.029852816518325602,0.04628134873215998,0.014729997214321552
inner,-25.500000000000245,249.99999999999994,0.028242285421611876,0.044389545048565675,0.013863827577483615
inner,-25.350000000000204,249.99999999999994,0.026624196245380996,0.04251393017073293,0.013004671787747986
inner,-25.200000000000266,249.99999999999997,0.024992469469652015,0.04065340079342133,0.01214965347809482
inner,-25.050000000000225,249.99999999999997,0.023341186893505967,0.038807078548025564,0.01129605590892526
inner,-24.900000000000283,249.99999999999997,0.02166455394128285,0.03697428433544543,0.010441300150910628
inner,-24.75000000000024,249.99999999999994,0.019956867105478514,0.03515451725405982,0.009582926630152382
inner,-24.600000000000303,249.99999999999994,0.01821248562551571,0.033347437292453465,0.008718579451933203
inner,-24.45000000000026,249.99999999999997,0.016425806690159583,0.03155285112366032,0.007845993038782837
inner,-24.30000000000032,249.99999999999997,0.014591243591033127,0.029770700467106462,0.006962980709526542
inner,-24.15000000000028,249.99999999999994,0.012703206362782778,0.02800105257634865,0.006067424900409912
inner,-24.000000000000288,249.99999999999997,0.010756084547631621,0.02624409250390751,0.005157268786391823
inner,-23.850000000000296,249.99999999999994,0.0087442317780772,0.024500116847755597,0.004230509104346781
inner,-23.70000000000031,249.99999999999997,0.006661951933698223,0.02276952874033524,0.003285190015435642
inner,-23.550000000000317,249.99999999999997,0.004503486675129945,0.021052833881436056,0.0023193978743736563
inner,-23.400000000000276,249.99999999999997,0.002263004190398007,0.019350637443688104,0.0013312567965870796
inner,-23.250000000000334,249.99999999999997,-6.541097349991101e-05,0.017663641716047673,0.00031892493131631915
inner,-23.100000000000293,249.99999999999997,-0.0024877671027064407,0.01599264436281602,-0.0007194086333768375
inner,-22.950000000000355,249.99999999999997,-0.005010173612248979,0.014338537199977863,-0.0017855263960627381
inner,-22.800000000000313,250.0,-0.007638848519303956,0.012702305395521203,-0.0028811844507148853
inner,-22.65000000000037,249.99999999999997,-0.010380125142528753,0.011085027016454831,-0.00400811401915809
inner,-22.50000000000033,249.99999999999997,-0.013240458059086864,0.009487872859266206,-0.005168022543532245
inner,-22.35000000000034,249.99999999999997,-0.016226428353429745,0.007912106496522261,-0.006362594367562053
inner,-22.20000000000035,249.99999999999997,-0.01934474817098284,0.0063590844850882275,-0.007593491029672302
inner,-22.05000000000036,249.99999999999997,-0.022602264581865872,0.004830256683448041,-0.008862351187050385
inner,-21.900000000000368,250.0,-0.026005962755820806,0.0033271666246706888,-0.010170790184881214
inner,-21.750000000000377,249.99999999999997,-0.029562968433865675,0.001851451903713088,-0.011520399282705781
inner,-21.600000000000385,249.99999999999994,-0.03328054968667537,0.0004048445247659526,-0.012912744546161899
inner,-21.450000000000447,249.99999999999997,-0.03716611793039921,-0.001010828833434437,-0.014349365410221146
inner,-21.300000000000406,250.0,-0.041227228170958426,-0.0023936466786278142,-0.015831772918277687
inner,-21.150000000000464,250.0,-0.04547157844913411,-0.0037415927460496385,-0.017361447639305472
inner,-21.000000000000423,249.99999999999997,-0.04990700843528393,-0.005052556259703112,-0.01893983726277809
inner,-20.850000000000485,249.99999999999997,-0.054541497133390036,-0.006324332465924818,-0.02056835387265369
inner,-20.70000000000039,250.0,-0.059383159643883895,-0.007554623487906271,-0.022248370898114975
inner,-20.550000000000402,250.00000000000003,-0.06444024292799659,-0.008741039553344461,-0.02398121973889419
inner,-20.40000000000046,250.0,-0.06972112051627467,-0.00988110064706575,-0.0257681860639502
inner,-20.25000000000042,250.00000000000003,-0.07523428609746882,-0.010972238640106666,-0.027610505780724097
inner,-20.100000000000428,250.00000000000003,-0.08098834592221943,-0.012011799954208098,-0.029509360672674782
inner,-19.95000000000044,249.99999999999997,-0.08699200995043763,-0.012997048813589224,-0.03146587370408021
inner,-19.800000000000498,250.0,-0.09325408167625644,-0.013925171143726144,-0.03348110399118053
inner,-19.650000000000457,250.0,-0.099783446554279,-0.014793279170640135,-0.03555604144020949
inner,-19.500000000000465,250.00000000000003,-0.10658905895438862,-0.01559841677974306,-0.03769160105341014
inner,-19.350000000000477,250.0,-0.11367992757257378,-0.016337565692616737,-0.03988861690645447
inner,-19.200000000000486,250.00000000000003,-0.12106509921986007,-0.01700765250898561,-0.04214783580223591
inner,-19.050000000000495,250.00000000000006,-0.1287536409170107,-0.017605556669835383,-0.0444699106063381
inner,-18.900000000000503,250.00000000000003,-0.13675462023116286,-0.018128119389611407,-0.04685539327767506
inner,-18.75000000000051,250.0,-0.14507708379535914,-0.018572153575511095,-0.04930472761311703
inner,-18.600000000000524,250.00000000000003,-0.15373003399325652,-0.01893445474318493,-0.05181824173842258
inner,-18.450000000000532,250.00000000000003,-0.1627224038548026,-0.019211812816941027,-0.054396140430225386
inner,-18.30000000000054,250.00000000000003,-0.172063030397077,-0.019401024583654558,-0.057038497416789534
inner,-18.1500000000005,250.0,-0.18176062687364575,-0.019498906321689068,-0.05974524792142714
inner,-18.000000000000508,250.00000000000003,-0.1918237547760312,-0.019502305893455574,-0.06251618183313003
inner,-17.850000000000517,250.00000000000003,-0.20226079666397825,-0.019408113402748103,-0.06535093793528222
inner,-17.70000000000053,249.99999999999997,-0.21307993097600988,-0.019213270651363107,-0.06824899921345348
inner,-17.550000000000587,250.00000000000003,-0.22428910854772555,-0.018914780465511233,-0.07120968879979722
inner,-17.400000000000546,250.00000000000003,-0.23589602927795492,-0.018509717734034276,-0.07423216573505183
inner,-17.250000000000554,250.00000000000003,-0.2479081165583908,-0.01799524347470334,-0.07731541992505395
inner,-17.100000000000566,250.00000000000006,-0.26033248756525884,-0.017368620540218673,-0.08045826658486989
inner,-16.950000000000575,250.00000000000006,-0.2731759207334549,-0.016627231517073585,-0.08365934019886574
inner,-16.800000000000583,250.00000000000003,-0.28644482044840885,-0.015768597180530662,-0.08691708864817481
inner,-16.650000000000592,250.0,-0.3001451807004678,-0.014790393419428076,-0.09022976828918955
inner,-16.5000000000006,250.00000000000003,-0.31428255033256436,-0.013690469476812583,-0.09359543934411473
inner,-16.350000000000612,250.00000000000003,-0.328861997292989,-0.01246686513772183,-0.09701196212866249
inner,-16.20000000000062,250.00000000000006,-0.3438880740389694,-0.011117827951258982,-0.1004769939682691
inner,-16.05000000000063,250.0,-0.35936478337583416,-0.00964182911350182,-0.103987987154537
inner,-15.90000000000064,250.00000000000006,-0.3752955459408037,-0.008037579496098537,-0.1075421875105207
inner,-15.7500000000007,250.00000000000003,-0.39168316803741665,-0.006304045866585965,-0.11113663350196701
inner,-15.600000000000659,250.00000000000006,-0.40852980979828685,-0.0044404654272937,-0.11476815648914501
inner,-15.450000000000667,250.00000000000006,-0.4258369556036583,-0.0024463585695414566,-0.11843338218823221
inner,-15.300000000000626,250.00000000000006,-0.4436053871319002,-0.00032154285515431126,-0.12212873243110395
inner,-15.150000000000635,250.00000000000009,-0.461835156042382,0.0019338556634395446,-0.1258504282641828
inner,-15.000000000000645,250.00000000000003,-0.48052555993393226,0.004319392784305414,-0.12959449415285207
inner,-14.850000000000653,250.00000000000006,-0.4996751211097364,0.006834295544403998,-0.13335676253737094
inner,-14.700000000000664,250.00000000000006,-0.5192815654640396,0.009477455863058402,-0.1371328800976402
inner,-14.550000000000672,250.00000000000003,-0.5393418065884402,0.012247424316234917,-0.14091831469577681
inner,-14.400000000000631,250.00000000000003,-0.5598519314531843,0.015142405860838997,-0.14470836330239245
inner,-14.25000000000064,250.00000000000003,-0.5808071889918782,0.018160257264667478,-0.14849816083763284
inner,-14.10000000000065,250.00000000000006,-0.6022019817980349,0.02129848569013986,-0.15228268980018222
inner,-13.95000000000071,250.0,-0.6240298605003674,0.024554251554155884,-0.15605679149079146
inner,-13.800000000000669,250.00000000000006,-0.6462835236019666,0.027924370920047455,-0.15981517735656747
inner,-13.650000000000627,250.00000000000009,-0.6689548182449242,0.03140531904695349,-0.163552440890814
inner,-13.500000000000636,250.00000000000006,-0.6920347435685381,0.0349932395110475,-0.16726307133587767
inner,-13.350000000000646,250.00000000000003,-0.7155134610932389,0.03868395157580129,-0.17094146704843566
inner,-13.200000000000655,250.00000000000003,-0.7393803049877268,0.042472961245067636,-0.17458194993558732
inner,-13.050000000000614,250.00000000000003,-0.7636237971815214,0.04635547443652816,-0.17817878048988275
inner,-12.900000000000622,249.99999999999997,-0.7882316660760632,0.050326409554271444,-0.18172617261220395
inner,-12.750000000000632,250.00000000000003,-0.813190866289575,0.05438041528673558,-0.18521830983375367
inner,-12.600000000000641,250.00000000000006,-0.8384876047923786,0.05851188758932437,-0.1886493610577715
inner,-12.450000000000651,250.00000000000003,-0.8641073674488821,0.06271498698248737,-0.1920134961585082
inner,-12.300000000000608,250.00000000000003,-0.8900349474888785,0.06698366125689968,-0.19530490293378755
inner,-12.150000000000619,250.0,-0.9162544806707267,0.07131166649095833,-0.19851780313351364
inner,-12.000000000000627,250.00000000000003,-0.9427494795889519,0.0756925884864131,-0.2016464681651572
inner,-11.850000000000637,250.00000000000003,-0.9695028694986467,0.08011986713349269,-0.2046852352764214
inner,-11.700000000000596,250.00000000000006,-0.9964970284789705,0.08458682074554616,-0.20762852326826176
inner,-11.550000000000605,250.00000000000003,-1.023713828697161,0.08908667166062108,-0.2104708480257683
inner,-11.400000000000613,250.00000000000003,-1.0511346795664775,0.09361257141037788,-0.21320683731923196
inner,-11.250000000000675,250.00000000000003,-1.0787405711685012,0.09815762622340557,-0.21583124513996937
inner,-11.100000000000632,250.00000000000003,-1.1065121189156875,0.10271492335508157,-0.21833896570853176
inner,-10.95000000000059,250.00000000000006,-1.134429609835754,0.10727755707344326,-0.22072504674582924
inner,-10.80000000000065,249.99999999999997,-1.1624730490636304,0.11183865454270497,-0.2229847020760772
inner,-10.65000000000061,250.00000000000003,-1.1906222067027437,0.11639140137189141,-0.2251133234934438
inner,-10.50000000000067,250.00000000000003,-1.2188566647862749,0.12092906669738436,-0.22710649184908757
inner,-10.350000000000628,249.99999999999997,-1.2471558641099634,0.12544502763998225,-0.22895998731694506
inner,-10.200000000000587,250.0,-1.2754991506926656,0.12993279300736188,-0.2306697988049861
inner,-10.050000000000596,250.00000000000003,-1.3038658216474581,0.13438602610151124,-0.23223213248381616
inner,-9.900000000000606,250.00000000000003,-1.3322351702445714,0.13879856650780772,-0.2336434194114555
inner,-9.750000000000563,250.00000000000003,-1.3605865299549833,0.14316445075547363,-0.23490032224018864
inner,-9.600000000000573,250.0,-1.3888993172898956,0.1474779317321254,-0.23599974099627968
inner,-9.450000000000582,250.00000000000006,-1.4171530732454911,0.1517334967657262,-0.23693881793092833
inner,-9.300000000000592,249.99999999999997,-1.4453275031844295,0.1559258842921819,-0.23771494144701064
inner,-9.1500000000006,249.99999999999997,-1.4734025150094854,0.1600500990268494,-0.23832574911167434
inner,-9.00000000000056,249.99999999999997,-1.5013582554810072,0.16410142558481483,-0.23876912976890005
inner,-8.85000000000062,249.99999999999997,-1.5291751445446566,0.1680754404909349,-0.23904322476747294
inner,-8.700000000000578,249.99999999999997,-1.5568339075522586,0.17196802246354695,-0.23914642832111468
inner,-8.550000000000587,250.0,-1.5843156054002308,0.17577536146574527,-0.2390773871912141
inner,-8.400000000000597,249.99999999999997,-1.6116016627890943,0.17949396571989032,-0.238834999407137
inner,-8.250000000000556,249.99999999999994,-1.638673893547264,0.18312066678138628,-0.23841841218859494
inner,-8.100000000000616,249.99999999999994,-1.6655145235127509,0.18665262339174946,-0.23782701933748984
inner,-7.950000000000574,250.0,-1.6921062116117358,0.19008732354662689,-0.23706045787787874
inner,-7.800000000000634,249.99999999999994,-1.7184320683314906,0.19342258495306697,-0.23611860408259291
inner,-7.650000000000593,249.99999999999994,-1.7444756718127374,0.19665655385358308,-0.23500156892328905
inner,-7.500000000000552,249.99999999999997,-1.7702210817663906,0.1997877027510148,-0.23370969314078976
inner,-7.350000000000612,249.99999999999994,-1.7956528514003824,0.20281482630758024,-0.23224354164919708
inner,-7.2000000000005695,249.99999999999997,-1.8207560363924131,0.20573703558850995,-0.2306038974932158
inner,-7.050000000000528,250.0,-1.8455162016439188,0.2085537514389613,-0.2287917556224148
inner,-6.900000000000588,249.99999999999997,-1.8699194264419812,0.21126469640130358,-0.22680831621807082
inner,-6.750000000000547,249.99999999999997,-1.8939523074460132,0.2138698858233373,-0.22465497790191782
inner,-6.6000000000005565,250.0,-1.9176019601142815,0.21636961778953742,-0.22233333061118168
inner,-6.450000000000566,249.99999999999997,-1.9408560178094665,0.21876446172496997,-0.21984514820253853
inner,-6.300000000000524,249.99999999999997,-1.963702628897707,0.2210552463905191,-0.21719238108436847
inner,-6.150000000000533,249.99999999999997,-1.9861304526541308,0.2232430470443987,-0.2143771487069639
inner,-6.000000000000543,249.99999999999997,-2.0081286537762773,0.2253291722895857,-0.21140173214131563
inner,-5.850000000000552,249.99999999999997,-2.0296868957769054,0.22731515007376393,-0.20826856647577074
inner,-5.700000000000511,250.0,-2.0507953324415498,0.2292027128969224,-0.20498023320781653
inner,-5.55000000000052,249.99999999999994,-2.0714445980517073,0.23099378292481043,-0.20153945286570205
inner,-5.400000000000529,249.99999999999994,-2.0916257972207246,0.23269045696958193,-0.19794907772398196
inner,-5.250000000000538,249.99999999999997,-2.111330493870305,0.23429499117939423,-0.1942120845625837
inner,-5.100000000000497,250.0,-2.1305506990160636,0.23580978531000696,-0.19033156750598204
inner,-4.950000000000506,249.99999999999997,-2.1492788576683353,0.23723736706230544,-0.18631073114427457
inner,-4.800000000000516,249.99999999999997,-2.167507835624996,0.23858037667143453,-0.18215288388705475
inner,-4.650000000000525,249.99999999999997,-2.185230905979006,0.2398415515166562,-0.17786143143430982
inner,-4.500000000000535,249.99999999999997,-2.2024417348847383,0.24102371065871203,-0.17343987041704093
inner,-4.350000000000493,250.0,-2.219134366895223,0.24212973965748422,-0.16889178235778074
inner,-4.200000000000502,249.99999999999997,-2.2353032105372215,0.24316257589624185,-0.16422082792419013
inner,-4.050000000000511,250.0,-2.2509430239491937,0.24412519412367667,-0.15943074131863752
inner,-3.900000000000521,250.0,-2.266048900084457,0.24502059213550725,-0.15452532489430226
inner,-3.750000000000479,249.99999999999997,-2.2806162519746027,0.24585177702960506,-0.14950844414698616
inner,-3.6000000000004886,250.0,-2.2946407985356454,0.24662175199154845,-0.14438402292236474
inner,-3.450000000000498,250.00000000000003,-2.3081185504729844,0.2473335034266298,-0.13915603881862149
inner,-3.300000000000507,250.00000000000003,-2.321045796190941,0.2479899884765655,-0.13382851885219058
inner,-3.1500000000005164,250.00000000000006,-2.33341908815348,0.2485941232091677,-0.12840553545442934
inner,-3.0000000000004747,250.00000000000003,-2.3452352298335706,0.2491487713211944,-0.1228912026346499
inner,-2.850000000000484,250.00000000000006,-2.3564912628308043,0.24965673325263923,-0.11728967236287934
inner,-2.7000000000004936,250.0,-2.367184454380674,0.2501207358871011,-0.11160513123566057
inner,-2.550000000000503,250.00000000000003,-2.377312285537235,0.2505434228711174,-0.10584179735850728
inner,-2.4000000000004613,250.0,-2.38687243984519,0.2509273454305355,-0.1000039173997711
inner,-2.2500000000004707,250.00000000000003,-2.3958627923815503,0.25127495367635316,-0.09409576385584156
inner,-2.10000000000048,250.00000000000006,-2.4042813994379375,0.25158858853639166,-0.08812163255559191
inner,-1.9500000000004893,250.00000000000006,-2.412126488876705,0.2518704742358509,-0.08208584029896898
inner,-1.8000000000004988,250.00000000000006,-2.4193964509300847,0.25212271124693164,-0.07599272266515092
inner,-1.650000000000457,250.00000000000006,-2.4260898296121938,0.25234726980125033,-0.06984663201685072
inner,-1.5000000000004665,250.00000000000006,-2.4322053148265055,0.2525459839559685,-0.06365193563276729
inner,-1.3500000000004757,250.00000000000006,-2.4377417350419024,0.25272054614084133,-0.05741301397036666
inner,-1.2000000000004851,250.00000000000006,-2.442698050559202,0.2528725022118945,-0.05113425906772493
inner,-1.0500000000004945,250.00000000000003,-2.447073347450185,0.2530032470282898,-0.04482007306383163
inner,-0.9000000000004529,250.00000000000003,-2.450866832138265,0.25311402051181237,-0.038474866810645963
inner,-0.7500000000004622,250.0,-2.454077826576042,0.25320590417857597,-0.032103058580738315
inner,-0.6000000000004716,250.00000000000006,-2.456705764078978,0.25327981815957096,-0.02570907286331205
inner,-0.4500000000004809,250.00000000000003,-2.458750185813417,0.2533365186930593,-0.019297339220330976
inner,-0.30000000000043936,249.99999999999997,-2.4602107379009692,0.25337659607729307,-0.012872291201993527
inner,-0.15000000000044866,249.99999999999994,-2.4610871691711056,0.25340047308422364,-0.006438365311310646
inner,-4.579998741307465e-13,249.99999999999997,-2.461379329565313,0.25340840382674223,-1.5742396300124597e-13
inner,0.14999999999958355,249.99999999999997,-2.461087169170918,0.25340047308479324,0.006438365311015745
inner,0.2999999999995233,250.0,-2.4602107379000158,0.25337659607877644,0.01287229120185252
inner,0.4499999999995649,250.0,-2.458750185813355,0.25333651869331647,0.019297339220322687
inner,0.5999999999995556,250.00000000000006,-2.456705764078724,0.2532798181595758,0.025709072863328866
inner,0.7499999999995463,250.00000000000003,-2.454077826574519,0.2532059041791305,0.032103058580768895
inner,0.899999999999537,250.00000000000006,-2.45086683213698,0.2531140205116863,0.038474866810530514
inner,1.0499999999995784,250.00000000000003,-2.4470733474492024,0.2530032470282183,0.044820073063573836
inner,1.1999999999995692,250.00000000000003,-2.442698050559302,0.2528725022109725,0.051134259067543555
inner,1.3499999999995598,250.00000000000009,-2.437741735042151,0.2527205461398084,0.05741301397024965
inner,1.4999999999995506,250.00000000000006,-2.432205314826532,0.25254598395581734,0.06365193563268932
inner,1.6499999999995412,250.00000000000009,-2.4260898296129563,0.2523472698010666,0.06984663201682223
inner,1.7999999999995826,250.00000000000006,-2.4193964509303623,0.2521227112470318,0.07599272266511452
inner,1.9499999999995734,250.00000000000003,-2.412126488875752,0.2518704742364386,0.08208584029896195
inner,2.099999999999564,250.00000000000006,-2.404281399437097,0.251588588536148,0.08812163255565103
inner,2.2499999999995546,250.00000000000003,-2.395862792381007,0.2512749536756167,0.09409576385592257
inner,2.3999999999995962,250.00000000000006,-2.386872439845004,0.2509273454298379,0.10000391739986936
inner,2.549999999999587,250.00000000000006,-2.377312285538921,0.2505434228689835,0.10584179735860944
inner,2.6999999999995774,250.00000000000009,-2.367184454382593,0.2501207358851731,0.11160513123565388
inner,2.8499999999995684,250.00000000000003,-2.356491262832398,0.24965673325116203,0.11728967236285288
inner,2.9999999999996096,250.0,-2.345235229834462,0.24914877132009022,0.12289120263462078
inner,3.1499999999996007,250.0,-2.3334190881527332,0.24859412320885504,0.12840553545440073
inner,3.2999999999995913,249.99999999999997,-2.3210457961893147,0.24798998847592713,0.1338285188521692
inner,3.449999999999582,250.0,-2.3081185504709967,0.24733350342606142,0.1391560388185917
inner,3.5999999999996235,250.0,-2.294640798533864,0.24662175199109684,0.14438402292242145
inner,3.749999999999614,249.99999999999997,-2.280616251972774,0.24585177702917213,0.1495084441470984
inner,3.8999999999996047,250.00000000000003,-2.2660489000830197,0.2450205921349187,0.15452532489443288
inner,4.049999999999596,249.99999999999997,-2.2509430239486905,0.2441251941229398,0.15943074131874824
inner,4.199999999999586,250.0,-2.2353032105381105,0.24316257589469037,0.1642208279242091
inner,4.3499999999996275,250.00000000000003,-2.219134366895886,0.24212973965587548,0.16889178235763924
inner,4.499999999999618,250.0,-2.2024417348837058,0.24102371065761824,0.1734398704167746
inner,4.649999999999609,249.99999999999997,-2.185230905975986,0.2398415515163616,0.17786143143403207
inner,4.799999999999599,249.99999999999997,-2.167507835620832,0.23858037667202064,0.18215288388675996
inner,4.949999999999591,250.00000000000003,-2.1492788576641466,0.23723736706299953,0.18631073114396957
inner,5.099999999999632,249.99999999999997,-2.130550699011452,0.23580978531057675,0.1903315675056573
inner,5.2499999999996225,249.99999999999991,-2.1113304938657196,0.23429499117890767,0.19421208456220415
inner,5.399999999999613,249.99999999999994,-2.0916257972163037,0.2326904569676925,0.19794907772361478
inner,5.549999999999604,249.99999999999994,-2.071444598046256,0.23099378292307765,0.2015394528652591
inner,5.699999999999646,249.99999999999997,-2.0507953324353663,0.22920271289543193,0.20498023320730463
inner,5.849999999999636,249.99999999999997,-2.0296868957705088,0.22731515007213848,0.20826856647522707
inner,5.999999999999627,249.99999999999997,-2.008128653769349,0.2253291722885052,0.21140173214075453
inner,6.1499999999996176,249.99999999999994,-1.9861304526481518,0.22324304704202788,0.21437714870641122
inner,6.299999999999659,249.99999999999997,-1.963702628891322,0.22105524638766155,0.217192381083752
inner,6.449999999999649,249.99999999999994,-1.940856017802551,0.2187644617223868,0.21984514820185597
inner,6.59999999999964,249.99999999999994,-1.9176019601088297,0.21636961778632596,0.22233333061061342
inner,6.749999999999631,249.99999999999997,-1.8939523074420122,0.21386988581945848,0.22465497790149744
inner,6.899999999999622,249.99999999999994,-1.8699194264383854,0.21126469639665854,0.2268083162176702
inner,7.049999999999663,249.99999999999994,-1.8455162016410398,0.2085537514325893,0.22879175562193133
inner,7.199999999999654,249.99999999999994,-1.8207560363907058,0.20573703558121964,0.23060389749271773
inner,7.349999999999644,249.99999999999997,-1.7956528513989278,0.20281482630146513,0.23224354164885924
inner,7.499999999999635,249.99999999999997,-1.770221081765046,0.1997877027454979,0.2337096931406328
inner,7.649999999999677,249.99999999999994,-1.744475671811646,0.1966565538475883,0.23500156892322718
inner,7.799999999999668,249.99999999999997,-1.7184320683299192,0.1934225849477668,0.23611860408252472
inner,7.949999999999658,249.99999999999997,-1.692106211610337,0.1900873235418968,0.2370604578779211
inner,8.09999999999965,250.0,-1.6655145235121982,0.18665262338621133,0.23782701933755213
inner,8.249999999999691,250.00000000000003,-1.6386738935462795,0.1831206667757977,0.23841841218843304
inner,8.39999999999968,249.99999999999997,-1.6116016627878238,0.17949396571449402,0.23883499940682337
inner,8.549999999999672,249.99999999999997,-1.58431560539859,0.17577536146069883,0.23907738719098004
inner,8.699999999999662,249.99999999999997,-1.55683390754983,0.1719680224586052,0.2391464283209045
inner,8.849999999999653,249.99999999999997,-1.529175144542365,0.16807544048542847,0.23904322476719617
inner,8.999999999999694,250.0,-1.5013582554787095,0.16410142557978227,0.2387691297686826
inner,9.149999999999686,249.99999999999997,-1.4734025150067311,0.16005009902220785,0.2383257491114177
inner,9.299999999999676,249.99999999999997,-1.4453275031816197,0.15592588428657655,0.2377149414464733
inner,9.449999999999667,249.99999999999997,-1.4171530732423951,0.15173349675978393,0.23693881793025787
inner,9.599999999999657,250.0,-1.388899317286739,0.14747793172624007,0.23599974099566357
inner,9.749999999999698,249.99999999999997,-1.3605865299515212,0.14316445074962134,0.2349003222395768
inner,9.89999999999969,250.0,-1.3322351702403399,0.13879856650159497,0.23364341941076588
inner,10.049999999999681,250.0,-1.3038658216428747,0.1343860260945215,0.2322321324829655
inner,10.19999999999967,250.00000000000003,-1.2754991506873328,0.12993279300066785,0.23066979880416344
inner,10.349999999999712,250.0,-1.247155864105024,0.12544502763282042,0.2289599873162201
inner,10.499999999999703,250.00000000000003,-1.218856664782881,0.12092906668939278,0.22710649184848902
inner,10.649999999999693,250.0,-1.190622206700872,0.11639140136323925,0.22511332349302207
inner,10.799999999999685,250.0,-1.1624730490630262,0.11183865453299709,0.2229847020756397
inner,10.949999999999676,250.00000000000003,-1.1344296098343811,0.1072775570642091,0.220725046745352
inner,11.099999999999717,250.0,-1.106512118912538,0.10271492334665804,0.21833896570801134
inner,11.249999999999707,250.00000000000003,-1.078740571164172,0.09815762621508818,0.21583124513929713
inner,11.399999999999698,250.0,-1.0511346795629866,0.09361257140083792,0.2132068373185062
inner,11.549999999999688,250.0,-1.0237138286941792,0.08908667165063336,0.21047084802508367
inner,11.699999999999731,250.0,-0.9964970284756222,0.08458682073595816,0.20762852326749823
inner,11.84999999999972,250.00000000000003,-0.969502869495426,0.08011986712395792,0.2046852352755977
inner,11.999999999999712,250.00000000000003,-0.9427494795850282,0.07569258847770698,0.20164646816432885
inner,12.149999999999702,250.00000000000003,-0.916254480665703,0.07131166648296879,0.1985178031326084
inner,12.299999999999693,250.0,-0.8900349474837248,0.06698366124840072,0.1953049029328197
inner,12.449999999999735,250.00000000000003,-0.8641073674442673,0.0627149869729485,0.1920134961574754
inner,12.599999999999724,250.00000000000006,-0.8384876047879987,0.058511887579274835,0.18864936105672026
inner,12.749999999999716,250.00000000000003,-0.8131908662847823,0.054380415276635445,0.18521830983270263
inner,12.899999999999707,250.00000000000006,-0.7882316660707551,0.05032640954412901,0.18172617261112395
inner,13.049999999999748,250.00000000000003,-0.7636237971762042,0.04635547442617599,0.1781787804889341
inner,13.199999999999738,250.00000000000003,-0.7393803049834797,0.04247296123337686,0.17458194993479242
inner,13.34999999999973,250.00000000000003,-0.7155134610902816,0.03868395156234066,0.1709414670475922
inner,13.49999999999972,250.00000000000003,-0.6920347435649226,0.03499323949774783,0.16726307133487942
inner,13.649999999999762,250.00000000000003,-0.6689548182408438,0.031405319033557554,0.16355244088960205
inner,13.799999999999752,250.00000000000003,-0.6462835235975279,0.027924370906823547,0.15981517735520162
inner,13.949999999999743,250.00000000000003,-0.6240298604950534,0.02455425154161853,0.15605679148943094
inner,14.099999999999733,250.00000000000006,-0.6022019817921432,0.021298485677521944,0.15228268979883947
inner,14.249999999999725,250.00000000000003,-0.5808071889865328,0.01816025725122248,0.14849816083637662
inner,14.399999999999766,250.00000000000006,-0.5598519314499493,0.015142405845724544,0.14470836330134892
inner,14.549999999999757,250.00000000000006,-0.5393418065865199,0.012247424300219797,0.14091831469495916
inner,14.699999999999747,250.00000000000006,-0.5192815654616585,0.009477455847258856,0.1371328800969402
inner,14.849999999999739,250.00000000000003,-0.4996751211065025,0.006834295528678757,0.1333567625366758
inner,14.99999999999978,250.00000000000006,-0.480525559930991,0.0043193927677984325,0.12959449415213767
inner,15.14999999999977,250.00000000000003,-0.46183515604020037,0.0019338556465524487,0.12585042826346407
inner,15.299999999999761,250.00000000000003,-0.4436053871295278,-0.00032154287162883526,0.12212873243038617
inner,15.44999999999975,250.00000000000006,-0.4258369556008879,-0.002446358586297133,0.11843338218728935
inner,15.599999999999742,250.00000000000003,-0.40852980979509246,-0.0044404654443651066,0.11476815648809109
inner,15.749999999999783,250.00000000000003,-0.391683168033718,-0.006304045883955783,0.11113663350099717
inner,15.899999999999775,250.00000000000006,-0.3752955459370889,-0.008037579514283855,0.10754218750945378
inner,16.049999999999766,250.00000000000006,-0.3593647833720735,-0.009641829132176203,0.10398798715342902
inner,16.199999999999754,250.00000000000006,-0.343888074034824,-0.011117827970211294,0.10047699396716454
inner,16.3499999999998,250.00000000000003,-0.3288619972892622,-0.012466865157543807,0.09701196212754608
inner,16.499999999999787,250.00000000000006,-0.31428255032976327,-0.013690469497173507,0.09359543934307907
inner,16.64999999999978,250.00000000000003,-0.30014518069796986,-0.014790393439503783,0.09022976828843637
inner,16.79999999999977,250.00000000000006,-0.28644482044609454,-0.01576859720080943,0.08691708864760897
inner,16.94999999999976,250.00000000000003,-0.27317592073156327,-0.016627231538022858,0.08365934019833274
inner,17.099999999999802,250.00000000000003,-0.2603324875634356,-0.01736862056149443,0.08045826658440344
inner,17.24999999999979,250.00000000000003,-0.24790811655671874,-0.017995243496339568,0.07731541992465757
inner,17.399999999999782,250.00000000000003,-0.23589602927644754,-0.018509717756088694,0.07423216573483937
inner,17.549999999999773,250.00000000000003,-0.22428910854621034,-0.018914780488031073,0.07120968879959531
inner,17.699999999999815,250.00000000000003,-0.21307993097535197,-0.019213270674774314,0.06824899921327275
inner,17.849999999999806,250.0,-0.20226079666398544,-0.019408113426268758,0.06535093793528735
inner,17.999999999999797,250.00000000000006,-0.19182375477612734,-0.019502305916847297,0.0625161818331377
inner,18.149999999999785,250.00000000000003,-0.1817606268733692,-0.019498906345517722,0.05974524792123069
inner,18.29999999999983,250.00000000000003,-0.17206303039566517,-0.01940102460764375,0.05703849741625875
inner,18.449999999999818,250.00000000000003,-0.1627224038522246,-0.019211812840659096,0.05439614042951668
inner,18.59999999999981,250.00000000000003,-0.15373003399043678,-0.018934454767346023,0.05181824173776432
inner,18.7499999999998,250.00000000000003,-0.14507708379239573,-0.018572153600473595,0.04930472761247604
inner,18.899999999999842,250.00000000000003,-0.1367546202271351,-0.01812811941507899,0.04685539327685945
inner,19.049999999999834,250.00000000000003,-0.12875364091232114,-0.017605556696178696,0.04446991060520338
inner,19.199999999999825,249.99999999999997,-0.12106509921577323,-0.01700765253639775,0.0421478358010584
inner,19.349999999999813,249.99999999999997,-0.11367992756857395,-0.01633756572068385,0.039888616905392575
inner,19.499999999999805,250.00000000000003,-0.1065890589500509,-0.015598416808686863,0.03769160105222784
inner,19.649999999999796,250.00000000000006,-0.09978344655003005,-0.014793279200585086,0.035556041439091024
inner,19.799999999999837,249.99999999999997,-0.09325408167317292,-0.01392517117564505,0.033481103990338754
inner,19.94999999999983,250.00000000000006,-0.08699200994863948,-0.012997048847334271,0.0314658737035168
inner,20.099999999999817,250.00000000000003,-0.08098834592129664,-0.012011799988701728,0.02950936067243577
inner,20.249999999999808,250.0,-0.07523428609750533,-0.010972238675145459,0.027610505780771764
inner,20.39999999999985,250.0,-0.06972112051598625,-0.009881100681973223,0.025768186064011524
inner,20.54999999999984,250.0,-0.06444024292643967,-0.008741039588056661,0.023981219738601314
inner,20.699999999999832,249.99999999999997,-0.05938315964133072,-0.007554623522895762,0.022248370897467725
inner,20.849999999999824,250.0,-0.05454149713148691,-0.006324332502636651,0.020568353871811225
inner,20.999999999999865,250.00000000000003,-0.0499070084334176,-0.005052556297118796,0.018939837261838535
inner,21.149999999999856,249.99999999999997,-0.04547157844539465,-0.0037415927828167474,0.017361447638185944
inner,21.299999999999844,250.0,-0.041227228165236975,-0.002393646715772001,0.015831772916719236
inner,21.449999999999836,249.99999999999997,-0.03716611792415615,-0.0010108288721872658,0.01434936540828215
inner,21.599999999999827,249.99999999999997,-0.03328054968117625,0.0004048444840931227,0.012912744544175122
inner,21.74999999999987,250.0,-0.029562968428674615,0.0018514518619739775,0.01152039928081695
inner,21.89999999999986,249.99999999999997,-0.02600596275056672,0.0033271665820992498,0.010170790183022586
inner,22.04999999999985,249.99999999999997,-0.022602264575532643,0.004830256640696319,0.008862351184922446
inner,22.19999999999984,249.99999999999997,-0.019344748163746234,0.006359084441711351,0.007593491027254758
inner,22.34999999999988,250.0,-0.01622642834691813,0.007912106451281768,0.0063625943651492885
inner,22.499999999999872,249.99999999999997,-0.013240458053486516,0.00948787281293035,0.0051680225414138265
inner,22.649999999999864,249.99999999999997,-0.010380125137045266,0.011085026969805763,0.004008114017305442
inner,22.799999999999855,249.99999999999997,-0.007638848513620636,0.012702305348048165,0.0028811844488354408
inner,22.949999999999896,249.99999999999994,-0.005010173606309206,0.014338537151279633,0.0017855263940826458
inner,23.099999999999888,250.0,-0.002487767097327691,0.01599264431243236,0.000719408631425441
inner,23.249999999999876,249.99999999999997,-6.54109681300051e-05,0.017663641665041765,-0.0003189249330738898
inner,23.399999999999867,249.99999999999997,0.0022630041962215667,0.01935063739245729,-0.001331256798100772
inner,23.54999999999986,249.99999999999994,0.004503486679366706,0.02105283382802625,-0.0023193978753912816
inner,23.6999999999999,249.99999999999997,0.006661951936598866,0.022769528684758598,-0.0032851900159886213
inner,23.84999999999989,249.99999999999994,0.00874423178043247,0.024500116790402725,-0.004230509104874864
inner,23.999999999999883,249.99999999999997,0.010756084550547202,0.026244092445651554,-0.005157268787010116
inner,24.14999999999987,249.99999999999997,0.012703206366893004,0.028001052516827298,-0.006067424901395009
inner,24.299999999999912,249.99999999999997,0.014591243595618086,0.029770700405306244,-0.006962980711062533
inner,24.449999999999903,249.99999999999997,0.016425806694787992,0.03155285106014758,-0.007845993040495342
inner,24.599999999999895,249.99999999999997,0.018212485629783264,0.033347437227439734,-0.00871857945341575
inner,24.749999999999886,249.99999999999997,0.019956867108991277,0.035154517186855624,-0.009582926631240848
inner,24.899999999999878,249.99999999999997,0.02166455394294117,0.03697428426498107,-0.010441300151556166
inner,25.04999999999992,249.99999999999997,0.023341186894014376,0.0388070784757234,-0.011296055908926272
inner,25.199999999999907,249.99999999999997,0.024992469469411388,0.04065340071961343,-0.012149653477608931
inner,25.3499999999999,250.0,0.02662419624468962,0.04251393009524929,-0.013004671787108468
inner,25.49999999999989,249.99999999999997,0.028242285420550624,0.04438954497152463,-0.013863827576704018
inner,25.64999999999993,249.99999999999994,0.029852816515946172,0.046281348653329384,-0.014729997213160605
inner,25.799999999999923,249.99999999999997,0.03146207435112143,0.048190700689716204,-0.015606242611654643
inner,25.949999999999914,249.99999999999994,0.033076600763708906,0.05011925511492472,-0.016495842208498313
inner,26.099999999999902,249.99999999999994,0.034703255958525324,0.05206900730074559,-0.017402328204492494
inner,26.249999999999893,249.99999999999997,0.03634929193346704,0.05404235152858041,-0.01832953166817453
inner,26.399999999999935,249.99999999999997,0.03802244120355695,0.05604215200998251,-0.019281637586552026
inner,26.549999999999926,249.99999999999997,0.039731025102924006,0.05807183089372981,-0.020263252633555884
inner,26.699999999999918,249.99999999999997,0.0414840874060992,0.060135477867574574,-0.021279489378002392
inner,26.84999999999991,249.99999999999997,0.043291561087899014,0.06223798743650595,-0.02233607199482699
inner,26.99999999999995,249.99999999999994,0.04516447899376234,0.06438523196054274,-0.023439470455933663
inner,27.149999999999938,249.99999999999997,0.04711524350489919,0.06658428130729169,-0.02459707295474578
inner,27.29999999999993,249.99999999999994,0.049157976649324586,0.06884368384909414,-0.025817410422581552
inner,27.44999999999992,249.99999999999997,0.05130898172644131,0.07117382901939,-0.02711045316336466
inner,27.599999999999913,249.99999999999997,0.053587362351907204,0.07358741949465566,-0.028488009116892067
inner,27.749999999999954,249.99999999999997,0.05601586830576189,0.07610009248107963,-0.029964268165785728
inner,27.899999999999945,249.99999999999994,0.05862207567576093,0.0787312462996592,-0.03155656097975708
inner,28.049999999999933,249.99999999999994,0.0614400729071046,0.08150515351617021,-0.033286440970400136
inner,28.199999999999925,249.99999999999997,0.0645129350483036,0.08445247893955905,-0.035181267199853074
inner,28.349999999999966,249.99999999999994,0.06789647216432791,0.08761237992107201,-0.037276590724204285
inner,28.499999999999957,249.99999999999994,0.07166511036243899,0.09103544553276295,-0.03961988514264273
inner,28.64999999999995,249.99999999999994,0.07592157227433514,0.09478790269103075,-0.04227663903935373
inner,28.79999999999994,249.99999999999997,0.08081347172720903,0.09895756409520812,-0.04534089373855191
inner,28.94999999999993,249.99999999999997,0.08656455708042482,0.10366304726971337,-0.048954702077799186
inner,29.09999999999997,249.99999999999997,0.0935339401760643,0.10906502360635655,-0.0533476479244166
inner,29.24999999999996,250.0,0.10236248660502886,0.11539548282791662,-0.05892291472292091
inner,29.399999999999952,249.99999999999994,0.11426008923109288,0.12294845973842952,-0.06647416614134734
inner,29.549999999999944,249.99999999999994,0.13234134617879745,0.13242747787402345,-0.07770970455194126
inner,29.699999999999935,249.99999999999997,0.1636440992746716,0.14395468669078243,-0.09693712460039522
inner,29.849999999999977,249.99999999999997,0.2600319833180922,0.17583700617264508,-0.13256534096202344
inner,29.999999999999964,249.99999999999997,0.33579707814323256,0.20203766528270387,-0.15608088593743255
mid,-30.000000000000068,274.9183921033229,0.029381745545218073,-7.348298561948505e-06,0.001108532261001765
mid,-29.830803015133508,274.9183921033229,0.029667695795862398,-1.1435630799300558e-05,0.0020646922720298014
mid,-29.66160603026695,274.91839210332296,0.030225787532262544,-1.7449127734360526e-05,0.004035906874160663
mid,-29.49240904540039,274.9183921033229,0.030751531927467053,-1.7220464085483667e-05,0.005957493024637989
mid,-29.32321206053393,274.9183921033229,0.031235119553655568,-6.2831327315507335e-06,0.007837253313155927
mid,-29.15401507566737,274.9183921033229,0.03166844922047283,1.86771222503131e-05,0.009680928790238614
mid,-28.98481809080081,274.9183921033229,0.03204508941375438,5.986060862721472e-05,0.011492481046565497
mid,-28.81562110593425,274.9183921033229,0.032360210885081814,0.00011841176410986275,0.013274377829185832
mid,-28.646424121067795,274.9183921033229,0.03261049149426788,0.00019449545930401609,0.015027870287857818
mid,-28.477227136201236,274.9183921033229,0.03279399705273943,0.00028738880842160914,0.016753252506025787
mid,-28.308030151334677,274.9183921033229,0.032910043221609814,0.0003955846379742746,0.018450096692849607
mid,-28.138833166468117,274.9183921033229,0.03295904426432696,0.0005169023151436734,0.020117459905428788
mid,-27.969636181601658,274.9183921033229,0.03294235453050679,0.0006486015800763237,0.021754060319864574
mid,-27.8004391967351,274.9183921033229,0.0328621081835866,0.0007874953698291707,0.023358422861145294
mid,-27.63124221186854,274.9183921033229,0.032721062001640724,0.0009300581533611998,0.02492899537438058
mid,-27.46204522700198,274.9183921033229,0.03252244525112926,0.0010725269722701974,0.02646423751479634
mid,-27.292848242135523,274.9183921033229,0.03226981971283208,0.0012109931004743051,0.027962685174460003
mid,-27.123651257268964,274.9183921033229,0.03196695203085556,0.0013414829276671243,0.029422993598351405
mid,-26.954454272402405,274.9183921033229,0.03161769975773927,0.0014600273393746612,0.030843962480086785
mid,-26.785257287535845,274.9183921033229,0.03122591173642621,0.0015627194049276129,0.03222454624927046
mid,-26.616060302669386,274.9183921033229,0.030795342843090972,0.001645760628845844,0.03356385255115763
mid,-26.446863317802826,274.91839210332296,0.03032958265873252,0.0017054964088179178,0.03486113166361758
mid,-26.277666332936267,274.9183921033229,0.02983199727565095,0.001738441581759181,0.03611575925375169
mid,-26.108469348069708,274.9183921033229,0.029305683169654748,0.0017412970772530938,0.037327214515741766
mid,-25.93927236320325,274.9183921033229,0.028753431935814387,0.0017109588339716524,0.03849505540476318
mid,-25.770075378336692,274.9183921033229,0.028177704596671474,0.001644520133240868,0.039618892342661444
mid,-25.60087839347013,274.9183921033229,0.027580614163497927,0.0015392684719489885,0.04069836147015254
mid,-25.43168140860357,274.9183921033229,0.026963915179204608,0.0013926780668112055,0.041733098255145075
mid,-25.262484423737114,274.9183921033229,0.026328999016612648,0.0012023989594407702,0.0427227120378188
mid,-25.093287438870554,274.9183921033229,0.0256768938104463,0.0009662436195035738,0.04366676191000625
mid,-24.924090454003995,274.9183921033229,0.025008268021378795,0.0006821718398213467,0.04456473414855643
mid,-24.754893469137436,274.9183921033229,0.024323436686065833,0.00034827455866832426,0.04541602131643359
mid,-24.585696484270976,274.9183921033229,0.023622369577337318,-3.724280112732056e-05,0.04621990304808659
mid,-24.416499499404367,274.9183921033229,0.022904700595586414,-0.0004760770132250583,0.046975528447676516
mid,-24.247302514537857,274.9183921033229,0.022169737775013933,-0.0009698433899867735,0.047681899997045765
mid,-24.078105529671298,274.9183921033229,0.02141647343122427,-0.0015200914679392129,0.04833785882783119
mid,-23.90890854480484,274.9183921033229,0.02064359402896024,-0.0021283198285334225,0.0489420711920925
mid,-23.739711559938282,274.9183921033229,0.01984948944172388,-0.0027959898701753923,0.04949301596040486
mid,-23.570514575071723,274.9183921033229,0.019032261320028387,-0.003524538420042113,0.049988972971357834
mid,-23.401317590205164,274.91839210332296,0.01818973033712066,-0.00431538909854914,0.050428012068218356
mid,-23.232120605338704,274.9183921033229,0.017319442155423147,-0.005169962363865452,0.05080798265596016
mid,-23.062923620472144,274.9183921033229,0.016418671940667453,-0.006089684227070326,0.05112650363290891
mid,-22.893726635605585,274.9183921033229,0.015484427307467599,-0.007075993603348946,0.05138095356860957
mid,-22.724529650739026,274.9183921033229,0.01451344960887544,-0.00813034828049506,0.051568461004380034
mid,-22.55533266587257,274.9183921033229,0.013502213463040483,-0.009254229503833113,0.05168589477535121
mid,-22.38613568100601,274.91839210332296,0.012446924442779901,-0.010449145162350154,0.05172985426513637
mid,-22.21693869613945,274.9183921033229,0.011343514842591874,-0.011716631562784668,0.051696659521388175
mid,-22.04774171127289,274.9183921033229,0.010187637436388574,-0.013058253763915922,0.051582341176700505
mid,-21.87854472640643,274.9183921033229,0.008974657143659675,-0.014475604430598202,0.05138263013414909
mid,-21.709347741539872,274.91839210332296,0.007699640506490118,-0.015970301162969103,0.05109294699124185
mid,-21.540150756673313,274.91839210332296,0.00635734286275777,-0.017543982237655603,0.05070839119645412
mid,-21.370953771806754,274.9183921033229,0.004942193093075354,-0.019198300672906007,0.05022372994443847
mid,-21.201756786940297,274.91839210332296,0.0034482758071305714,-0.02093491651713869,0.04963338683883372
mid,-21.032559802073735,274.91839210332296,0.001869310814481235,-0.022755487253362044,0.04893143036880086
mid,-20.86336281720728,274.9183921033229,0.00019862970959803536,-0.024661656156744385,0.04811156226740218
mid,-20.69416583234092,274.91839210332296,-0.0015708506230704168,-0.026655038460717168,0.047167105843586514
mid,-20.524968847475176,274.9183921033229,-0.0034466577885004027,-0.028737205140155674,0.04609099440928069
mid,-20.355771862611316,274.91839210332296,-0.005436797165410841,-0.03090966409893631,0.04487575995262223
mid,-20.18657487775407,274.91839210332296,-0.007549788933947255,-0.03317383854062316,0.04351352223721218
mid,-20.017377892918244,274.91839210332296,-0.009794709108009638,-0.03553104225680366,0.04199597855442942
mid,-19.84818090815051,274.91839210332296,-0.012181234835566046,-0.03798245157062812,0.04031439439911429
mid,-19.678983923592085,274.91839210332296,-0.01471969422216103,-0.04052907363523975,0.03845959538516562
mid,-19.50978693966142,274.91839210332296,-0.017421120971259717,-0.043171710769337214,0.03642196078545351
mid,-19.340589957546882,274.918392103323,-0.020297314103464924,-0.04591092049210954,0.03419141915092638
mid,-19.17139298054006,274.91839210332296,-0.023360903003175913,-0.04874697090749511,0.03175744655012248
mid,-19.00219601749129,274.91839210332296,-0.026625418031465613,-0.05167979105400812,0.02910906809872242
mid,-18.8329990912506,274.91839210332296,-0.03010536691578024,-0.05470891576461746,0.02623486364148435
mid,-18.663802259893128,274.91839210332296,-0.03381631704006747,-0.05783342445885695,0.02312297876709122
mid,-18.49460566402632,274.918392103323,-0.03777498370681382,-0.061051873006675986,0.019761142975528567
mid,-18.32540963717545,274.918392103323,-0.04199932420956005,-0.064362217180324,0.0161366980342574
mid,-18.1562149431979,274.91839210332296,-0.046508636992303544,-0.06776172509260504,0.012236641806588178
mid,-17.987023265414194,274.91839210332296,-0.0513236647048038,-0.07124687335929496,0.008047697860854656
mid,-17.81783825192686,274.918392103323,-0.056466695137020954,-0.07481321858530655,0.00355642812225689
mid,-17.648667394592405,274.91839210332296,-0.061961653678976436,-0.07845522780743248,-0.0012505781094486346
mid,-17.479525797143857,274.91839210332296,-0.06783416264719078,-0.08216604195544755,-0.006386383008189478
mid,-17.3104426048896,274.918392103323,-0.07411152165498397,-0.08593713803108445,-0.011863163312429852
mid,-17.141471633409136,274.91839210332296,-0.08082254552405997,-0.08975783493922483,-0.017691318996563267
mid,-16.972708982284882,274.918392103323,-0.08799704404762054,-0.09361462335558991,-0.02387810338681488
mid,-16.804314533884583,274.91839210332296,-0.09566473946752607,-0.09749036477828057,-0.030425717605972125
mid,-16.636537112665227,274.91839210332296,-0.10385326714228969,-0.10136356930167116,-0.03732906057190496
mid,-16.4697279612706,274.918392103323,-0.11258510354583454,-0.1052082011345245,-0.044573815567762784
mid,-16.30432709269947,274.918392103323,-0.12187382748085429,-0.10899469903607598,-0.052136223537698145
mid,-16.1407919847605,274.918392103323,-0.13172222864955996,-0.11269237091621709,-0.059985505281862875
mid,-15.979507947019655,274.918392103323,-0.14212414890765487,-0.11627251536124598,-0.0680885880397759
mid,-15.820696460109103,274.91839210332296,-0.15307049207522608,-0.11971091492001434,-0.07641524990955147
mid,-15.664394231385417,274.918392103323,-0.16455644369154995,-0.12298861127084418,-0.08494117165306367
mid,-15.510491008624223,274.91839210332296,-0.17658495443367653,-0.12609130639594865,-0.09364865637521358
mid,-15.358760930948145,274.918392103323,-0.18916833463837462,-0.1290077803798036,-0.10252515818334697
mid,-15.208956757726508,274.918392103323,-0.202325774768042,-0.13172824034344996,-0.11156041369092846
mid,-15.060836381181465,274.918392103323,-0.21607878893631982,-0.13424342345570617,-0.12074472902147294
mid,-14.914158187932964,274.918392103323,-0.2304507550979453,-0.1365440460545838,-0.13006776023439723
mid,-14.768729976134862,274.918392103323,-0.2454642924111784,-0.13862071997797995,-0.13951753719329393
mid,-14.624370598412696,274.918392103323,-0.26114034722217155,-0.14046379035211154,-0.14907983465465446
mid,-14.480956012398442,274.91839210332296,-0.2774966261115788,-0.14206386377380922,-0.15873846260576963
mid,-14.338346420571563,274.91839210332296,-0.294548785631311,-0.14341179127488568,-0.16847569487538855
mid,-14.196444639878766,274.918392103323,-0.3123105411679598,-0.14449903085625412,-0.17827205632029847
mid,-14.055160594744681,274.91839210332296,-0.33079198899939444,-0.14531758051350974,-0.18810597253561678
mid,-13.914440516481724,274.91839210332296,-0.34999916183277846,-0.1458605775219436,-0.19795485610476657
mid,-13.774197090986396,274.918392103323,-0.36993671992065674,-0.14612192971059818,-0.20779503357515158
mid,-13.634404805866785,274.91839210332296,-0.39060543111367074,-0.14609704420976966,-0.2176018810860363
mid,-13.494999043916154,274.9183921033231,-0.412003066206605,-0.14578234344339436,-0.22735034849388328
mid,-13.355946097525713,274.91839210332296,-0.4341256717249855,-0.1451757161714772,-0.23701491990430384
mid,-13.217214645918208,274.91839210332296,-0.45696497288279736,-0.14427643013784613,-0.24656962694978402
mid,-13.078775701352882,274.91839210332296,-0.4805102020249881,-0.1430851894972241,-0.2559886548303596
mid,-12.940602536527411,274.918392103323,-0.5047481231368431,-0.14160412820104096,-0.2652464922472493
mid,-12.802670597660159,274.91839210332296,-0.5296630631966541,-0.13983679014326064,-0.27431805802821
mid,-12.664958362005276,274.918392103323,-0.5552366140872543,-0.13778809917413168,-0.28317840532677135
mid,-12.527466344081503,274.918392103323,-0.5814465030501763,-0.1354646198411331,-0.29180364442407486
mid,-12.390156581678413,274.918392103323,-0.6082702684446274,-0.1328737760528552,-0.30017102302708776
mid,-12.253021943236556,274.918392103323,-0.6356834681006929,-0.13002446923902963,-0.30825853491874444
mid,-12.116057466594206,274.918392103323,-0.663657751615273,-0.12692687279195686,-0.31604537095642204
mid,-11.979238499562658,274.91839210332296,-0.6921645838936965,-0.12359194091439198,-0.32351194151415524
mid,-11.842568776900661,274.91839210332296,-0.7211729500353075,-0.12003194056257036,-0.3306401208044646
mid,-11.70602934586566,274.918392103323,-0.750650661300816,-0.11625974746005394,-0.33741325111611103
mid,-11.569610762380206,274.91839210332296,-0.7805647589907692,-0.11228907531110616,-0.3438159932329899
mid,-11.433318950618728,274.91839210332296,-0.8108795514204143,-0.10813458151373408,-0.3498347936965444
mid,-11.297130516921364,274.91839210332296,-0.841560231621988,-0.10381100600261199,-0.35545771362475975
mid,-11.161041847749358,274.91839210332296,-0.8725709742784626,-0.09933378513160002,-0.36067421982803244
mid,-11.02506211104827,274.91839210332296,-0.9038732380105997,-0.09471900585283399,-0.36547565115435215
mid,-10.889170876407297,274.91839210332296,-0.9354302235020184,-0.08998244848252265,-0.369855000528876
mid,-10.753364271671696,274.91839210332296,-0.9672052837669386,-0.08514017302240406,-0.37380696523776635
mid,-10.617638588844102,274.918392103323,-0.9991603433908031,-0.08020837618858126,-0.3773277293743952
mid,-10.481992924664596,274.91839210332296,-1.0312570871355196,-0.07520323918078795,-0.38041512178982145
mid,-10.3464263497982,274.9183921033229,-1.0634575771457209,-0.07014074403408116,-0.3830686929258951
mid,-10.210929220142129,274.91839210332296,-1.0957251599514526,-0.06503640357569512,-0.3852894638844865
mid,-10.075498515721236,274.91839210332296,-1.1280235689555949,-0.059905465787209795,-0.38707997041638387
mid,-9.940131348759857,274.91839210332296,-1.160316699371229,-0.0547627867348644,-0.38844414901269575
mid,-9.804824958627773,274.91839210332296,-1.192569225506468,-0.04962270721948271,-0.3893873050968124
mid,-9.669576706936253,274.91839210332296,-1.2247467180204048,-0.04449898321391114,-0.3899160371052277
mid,-9.534384072783812,274.91839210332296,-1.256815752831335,-0.03940472295031271,-0.3900381545566006
mid,-9.399244648150113,274.9183921033229,-1.2887440111338695,-0.03435233097209766,-0.3897625907183047
mid,-9.264156133438293,274.91839210332296,-1.3205003699865336,-0.02935345941974904,-0.38909931052833757
mid,-9.129116333163314,274.9183921033229,-1.3520549829527335,-0.02441896679297939,-0.3880592144884285
mid,-8.994123151784969,274.91839210332296,-1.3833793503516751,-0.01955888436657835,-0.3866540392873695
mid,-8.859174589682674,274.9183921033229,-1.4144463787281245,-0.014782390401675206,-0.38489625597287547
mid,-8.724268739270368,274.9183921033229,-1.4452304292405986,-0.010097792216254967,-0.3827989665281465
mid,-8.589403781248889,274.918392103323,-1.4757073547491262,-0.005512516100408593,-0.38037579974919977
mid,-8.454577980991804,274.91839210332296,-1.5058545255103635,-0.0010331050012643353,-0.3776408073478488
mid,-8.319789685063078,274.91839210332296,-1.5356508435107858,0.0033347762051267396,-0.3746083612116129
mid,-8.185037317862644,274.91839210332296,-1.5650767455880195,0.00758632810829709,-0.37129305275286595
mid,-8.05031937839677,274.9183921033229,-1.5941141956358351,0.01171759717496832,-0.36770959525493957
mid,-7.915634437169841,274.91839210332296,-1.6227466470218201,0.01572544806529673,-0.3638727297383303
mid,-7.780981597100757,274.91839210332296,-1.650958847120779,0.019607513303955708,-0.3597971503579137
mid,-7.646363340138367,274.91839210332296,-1.678736938852375,0.023362135311825107,-0.355497524384016
mid,-7.511774284545636,274.91839210332296,-1.7060689782599452,0.0269884977818337,-0.3509880528023924
mid,-7.377213223604237,274.91839210332296,-1.7329443424156223,0.030486394480229263,-0.3462827424863363
mid,-7.242679009914568,274.9183921033229,-1.7593534594475342,0.03385621100198845,-0.3413952551278541
mid,-7.1081705528639185,274.9183921033229,-1.7852879739577538,0.037098892236889,-0.3363388392172331
mid,-6.97368681619526,274.9183921033229,-1.8107406446054488,0.0402158867088549,-0.33112628242012515
mid,-6.839227652406881,274.9183921033229,-1.8357051007318144,0.043209073867490524,-0.32576990670806194
mid,-6.704796224716949,274.9183921033229,-1.860175977226811,0.046080696056633605,-0.32028161784819803
mid,-6.570386599816072,274.9183921033229,-1.88414936641849,0.048833466876380294,-0.3146724300514484
mid,-6.435997911589138,274.91839210332296,-1.9076221313750652,0.05147032863283049,-0.3089529277098637
mid,-6.3016293387096525,274.9183921033229,-1.9305916565390067,0.053994444370281336,-0.3031331219714582
mid,-6.167280102675996,274.91839210332296,-1.9530558565653175,0.05640915933202818,-0.29722243620917
mid,-6.032954017326143,274.9183921033229,-1.975013148690596,0.05871791104463471,-0.29122987113108345
mid,-5.898647158376466,274.9183921033229,-1.996462926491268,0.0609243327017053,-0.28516354083925866
mid,-5.764357297373262,274.9183921033229,-2.017405167991601,0.06303210392487216,-0.2790310164462508
mid,-5.63008379030133,274.91839210332296,-2.0378400401513357,0.06504490114691165,-0.27283937498735067
mid,-5.495826346604532,274.9183921033229,-2.0577678207858376,0.06696638236442458,-0.26659517833637986
mid,-5.361589703876059,274.9183921033229,-2.0771890550418117,0.06880012195355074,-0.2603046573092052
mid,-5.227367376655154,274.91839210332296,-2.096105033286748,0.07054974999372701,-0.2539730891147167
mid,-5.09315883636915,274.9183921033229,-2.114517184147549,0.07221875930861756,-0.2476054859107601
mid,-4.958963584294961,274.9183921033229,-2.1324267537019064,0.07381053288334573,-0.24120644168845232
mid,-4.824785553634441,274.91839210332296,-2.1498350392785794,0.07532830150266306,-0.2347803064655734
mid,-4.690620910343727,274.9183921033229,-2.166743771644969,0.0767752429998667,-0.2283307112556156
mid,-4.556467844003868,274.9183921033229,-2.1831548053374514,0.07815438766031607,-0.22186098083991532
mid,-4.422325949830914,274.9183921033229,-2.1990697664306658,0.07946861122578242,-0.21537417396066383
mid,-4.288198910429592,274.9183921033229,-2.2144901965646904,0.08072061398503366,-0.2088732064101371
mid,-4.154083241616188,274.91839210332296,-2.229417919738513,0.08191300987476771,-0.2023603961878546
mid,-4.0199772440894455,274.91839210332296,-2.2438547951451038,0.08304825803417668,-0.19583785096397796
mid,-3.8858805924692543,274.91839210332296,-2.25780241680209,0.08412866399904988,-0.18930750707708452
mid,-3.751797578661088,274.91839210332296,-2.2712622734428383,0.08515636040300054,-0.18277127285916295
mid,-3.6177231462681707,274.91839210332296,-2.2842360969765503,0.08613340797240399,-0.1762304460731284
mid,-3.483656736501395,274.9183921033229,-2.2967255193300082,0.08706170921456531,-0.1696863162515061
mid,-3.349599347953,274.91839210332296,-2.3087319236471298,0.08794302821436795,-0.16314008630061838
mid,-3.2155524256562007,274.918392103323,-2.320256685830601,0.08877900400189019,-0.1565928204811096
mid,-3.081512310276122,274.918392103323,-2.331301276956708,0.08957118951582158,-0.15004521340481686
mid,-2.9474787831443883,274.918392103323,-2.3418670022039554,0.09032101001655109,-0.14349798043166134
mid,-2.8134544310049514,274.91839210332296,-2.351955003531576,0.0910297684848744,-0.1369518521371609
mid,-2.679436891927524,274.91839210332296,-2.3615664901509703,0.09169869266095966,-0.13040723386523587
mid,-2.5454248538944224,274.91839210332296,-2.370702617795773,0.09232891251785581,-0.12386447564322343
mid,-2.411419018031954,274.91839210332296,-2.3793643774682067,0.09292145950871716,-0.1173239382271964
mid,-2.2774205358356676,274.918392103323,-2.387552708879059,0.09347727725080576,-0.11078592589967062
mid,-2.1434265429121133,274.91839210332296,-2.395268575303117,0.09399724661712017,-0.10425049162364525
mid,-2.0094368949688377,274.91839210332296,-2.4025128208380853,0.09448216505019061,-0.09771774711958622
mid,-1.8754537051467284,274.918392103323,-2.4092861819116176,0.09493274910356723,-0.09118785396934002
mid,-1.741474470627918,274.9183921033231,-2.4155894122916894,0.09534966423461289,-0.08466071596468659
mid,-1.6074986551762818,274.91839210332296,-2.421423194754445,0.09573350876987373,-0.07813627770917128
mid,-1.4735272071537882,274.91839210332296,-2.426788111886723,0.09608481666699209,-0.07161451613861955
mid,-1.3395595741645498,274.91839210332296,-2.4316847171906844,0.09640406957591788,-0.06509530572219241
mid,-1.2055944813145196,274.91839210332296,-2.436113525897638,0.09669169913586305,-0.058578456250586566
mid,-1.0716321310987234,274.918392103323,-2.4400749771949424,0.0969480843644098,-0.0520638195781392
mid,-0.937673046113338,274.91839210332296,-2.4435694572445867,0.09717355546667847,-0.04555124006799458
mid,-0.8037156582882659,274.918392103323,-2.4465973220323303,0.0973684019363995,-0.039040447020213004
mid,-0.6697598811106896,274.918392103323,-2.4491588690584183,0.09753286916280125,-0.03253122035854269
mid,-0.5358062751075717,274.918392103323,-2.4512543407099185,0.09766715985273247,-0.026023356953914584
mid,-0.4018536416379254,274.9183921033229,-2.4528839431374956,0.09777143954954157,-0.01951656230399477
mid,-0.2679018083004204,274.9183921033229,-2.4540478346655528,0.09784583548037036,-0.013010579251599869
mid,-0.1339507877801264,274.9183921033229,-2.4547461248757,0.0978904372340965,-0.006505153638363504
mid,-4.0711099922733015e-13,274.9183921033229,-2.454978880723521,0.09790529849496268,6.460272897785547e-13
mid,0.13395078777936306,274.9183921033229,-2.45474612487632,0.09789043723320288,0.006505153639668594
mid,0.2679018082996062,274.91839210332296,-2.45404783466629,0.09784583547942319,0.013010579252449922
mid,0.4018536416371621,274.91839210332296,-2.4528839431367,0.097771439550143,0.019516562304287378
mid,0.5358062751067575,274.91839210332296,-2.4512543407090313,0.09766715985309116,0.026023356954694665
mid,0.6697598811098754,274.918392103323,-2.4491588690577477,0.0975328691628035,0.03253122035973719
mid,0.8037156582874517,274.918392103323,-2.446597322031687,0.09736840193630288,0.03904044702147153
mid,0.9376730461125238,274.91839210332296,-2.443569457243835,0.09717355546674163,0.045551240069076265
mid,1.0716321310979093,274.91839210332296,-2.440074977194171,0.09694808436458564,0.05206381957901624
mid,1.2055944813137562,274.918392103323,-2.43611352589727,0.0966916991360849,0.058578456251738256
mid,1.3395595741637356,274.918392103323,-2.4316847171918017,0.09640406957609139,0.06509530572329741
mid,1.473527207152974,274.918392103323,-2.4267881118886634,0.09608481666716037,0.07161451613930721
mid,1.6074986551755184,274.91839210332296,-2.4214231947556693,0.09573350877079832,0.07813627770924134
mid,1.7414744706271037,274.918392103323,-2.415589412292459,0.09534966423550041,0.08466071596501856
mid,1.8754537051459141,274.91839210332296,-2.4092861819126856,0.09493274910339879,0.09118785397033484
mid,2.0094368949680743,274.918392103323,-2.402512820841329,0.09448216504770272,0.0977177471209895
mid,2.1434265429112993,274.91839210332296,-2.395268575306675,0.09399724661460399,0.10425049162508233
mid,2.2774205358348536,274.91839210332296,-2.3875527088800577,0.09347727725092903,0.11078592590112535
mid,2.41141901803114,274.91839210332296,-2.3793643774670974,0.09292145951109311,0.11732393822907287
mid,2.5454248538936084,274.91839210332296,-2.3707026177958785,0.0923289125184567,0.12386447564519787
mid,2.67943689192671,274.91839210332296,-2.361566490150563,0.09169869266014773,0.13040723386708708
mid,2.813454431004137,274.91839210332296,-2.3519550035294112,0.09102976848484937,0.13695185213879646
mid,2.9474787831435743,274.918392103323,-2.3418670022024664,0.09032101001646828,0.14349798043307868
mid,3.0815123102753588,274.91839210332296,-2.331301276956783,0.0895711895145518,0.15004521340602545
mid,3.2155524256553867,274.91839210332296,-2.3202566858296954,0.0887790040012047,0.15659282048198833
mid,3.349599347952237,274.91839210332296,-2.3087319236457993,0.08794302821386572,0.16314008630125287
mid,3.483656736500581,274.91839210332296,-2.296725519328972,0.08706170921300715,0.16968631625229563
mid,3.6177231462673567,274.91839210332296,-2.2842360969724735,0.08613340797273619,0.17623044607430077
mid,3.751797578660325,274.91839210332296,-2.271262273438406,0.08515636040410578,0.18277127286058553
mid,3.88588059246844,274.91839210332296,-2.257802416798907,0.08412866400005274,0.1893075070787712
mid,4.019977244088682,274.9183921033229,-2.2438547951440375,0.08304825803350753,0.19583785096565276
mid,4.154083241615374,274.91839210332296,-2.2294179197385118,0.08191300987333279,0.20236039618927268
mid,4.288198910428777,274.91839210332296,-2.2144901965627337,0.08072061398598486,0.20887320641139012
mid,4.4223259498301,274.9183921033229,-2.1990697664294365,0.07946861122616743,0.21537417396195246
mid,4.556467844003055,274.91839210332296,-2.1831548053357746,0.07815438766067571,0.2218609808412122
mid,4.690620910342912,274.91839210332296,-2.1667437716399465,0.07677524300233385,0.22833071125689014
mid,4.824785553633626,274.91839210332296,-2.149835039274216,0.07532830150403144,0.23478030646722509
mid,4.958963584294198,274.91839210332296,-2.132426753699233,0.07381053288451697,0.2412064416902529
mid,5.093158836368335,274.91839210332296,-2.1145171841460644,0.07221875931019758,0.24760548591232964
mid,5.22736737665434,274.9183921033229,-2.096105033287418,0.07054974999348829,0.253973089116266
mid,5.361589703875245,274.9183921033229,-2.0771890550429655,0.0688001219530856,0.26030465731105407
mid,5.495826346603718,274.9183921033229,-2.057767820787954,0.06696638236334697,0.2665951783390105
mid,5.630083790300516,274.9183921033229,-2.0378400401549945,0.06504490114464011,0.2728393749905442
mid,5.764357297372448,274.9183921033229,-2.017405167995517,0.06303210392217336,0.27903101644953565
mid,5.898647158375653,274.91839210332296,-1.9964629264925555,0.060924332701028636,0.28516354084230827
mid,6.032954017325278,274.9183921033229,-1.9750131486894404,0.05871791104626736,0.2912298711336716
mid,6.167280102675232,274.9183921033229,-1.953055856565143,0.05640915933287953,0.29722243621177
mid,6.301629338708839,274.9183921033229,-1.9305916565396242,0.05399444437087496,0.3031331219742412
mid,6.435997911588375,274.9183921033229,-1.9076221313752688,0.05147032863366838,0.3089529277129681
mid,6.570386599815207,274.9183921033229,-1.8841493664180935,0.048833466878124135,0.31467243005432416
mid,6.704796224716084,274.91839210332296,-1.8601759772272277,0.04608069605709071,0.3202816178510713
mid,6.839227652406067,274.91839210332296,-1.8357051007325698,0.04320907386606355,0.32576990671139633
mid,6.973686816194496,274.9183921033229,-1.8107406446048862,0.04021588670808125,0.33112628242351216
mid,7.108170552863104,274.9183921033229,-1.785287973956248,0.037098892236796535,0.3363388392205835
mid,7.242679009913703,274.9183921033229,-1.7593534594465532,0.03385621100124902,0.34139525513088176
mid,7.377213223603423,274.91839210332296,-1.7329443424147681,0.03048639447893697,0.34628274248894436
mid,7.511774284544821,274.9183921033229,-1.706068978258731,0.026988497780986973,0.3509880528046652
mid,7.646363340137604,274.91839210332296,-1.6787369388518805,0.023362135311055823,0.35549752438608845
mid,7.780981597099994,274.9183921033229,-1.650958847121528,0.019607513302619707,0.3597971503600302
mid,7.9156344371689755,274.91839210332296,-1.6227466470216965,0.015725448064129788,0.36387272974116525
mid,8.050319378395956,274.91839210332296,-1.5941141956358487,0.011717597173549692,0.36770959525831004
mid,8.185037317861829,274.9183921033229,-1.5650767455892989,0.007586328106473937,0.3712930527563381
mid,8.319789685062265,274.91839210332296,-1.5356508435116376,0.0033347762051075536,0.37460836121489494
mid,8.454577980990988,274.91839210332296,-1.5058545255098295,-0.0010331050003373199,0.37764080735090216
mid,8.589403781248075,274.9183921033229,-1.4757073547481088,-0.005512516099752812,0.3803757997520408
mid,8.724268739269554,274.9183921033229,-1.4452304292400773,-0.010097792214800859,0.38279896653056605
mid,8.859174589681809,274.9183921033229,-1.4144463787259058,-0.014782390399280788,0.38489625597563926
mid,8.994123151784153,274.9183921033229,-1.383379350349704,-0.01955888436398001,0.38665403929043035
mid,9.129116333162552,274.91839210332296,-1.352054982953563,-0.024418966791714923,0.3880592144918209
mid,9.26415613343748,274.91839210332296,-1.320500369988128,-0.029353459420025395,0.3890993105327004
mid,9.399244648149299,274.91839210332296,-1.2887440111343034,-0.03435233097236044,0.3897625907232103
mid,9.534384072782998,274.9183921033229,-1.2568157528312316,-0.03940472295091307,0.39003815456130186
mid,9.669576706935489,274.9183921033229,-1.2247467180201141,-0.044498983214446904,0.38991603710954986
mid,9.804824958626908,274.9183921033229,-1.1925692255053844,-0.04962270721973813,0.38938730510139824
mid,9.940131348759044,274.9183921033229,-1.1603166993712224,-0.05476278673565413,0.38844414901748003
mid,10.075498515720422,274.91839210332296,-1.1280235689561897,-0.059905465788028446,0.38707997042079806
mid,10.210929220141313,274.91839210332296,-1.0957251599503408,-0.06503640357641365,0.385289463888635
mid,10.346426349797387,274.91839210332296,-1.0634575771438124,-0.07014074403450458,0.3830686929298739
mid,10.481992924663832,274.9183921033229,-1.0312570871340627,-0.07520323918170452,0.3804151217937678
mid,10.61763858884334,274.91839210332296,-0.9991603433897451,-0.08020837618867566,0.37732772937820014
mid,10.75336427167088,274.91839210332296,-0.9672052837656917,-0.08514017302144058,0.3738069652415695
mid,10.889170876406483,274.91839210332296,-0.935430223500311,-0.08998244848237981,0.3698550005329167
mid,11.025062111047456,274.91839210332296,-0.903873238009848,-0.09471900585426665,0.3654756511587727
mid,11.161041847748542,274.91839210332296,-0.8725709742779106,-0.09933378513382961,0.36067421983310255
mid,11.297130516920602,274.91839210332296,-0.8415602316204908,-0.10381100600339652,0.35545771363005507
mid,11.433318950617915,274.91839210332296,-0.8108795514196893,-0.10813458151406946,0.3498347937018861
mid,11.569610762379392,274.91839210332296,-0.7805647589910444,-0.11228907531217423,0.34381599323867823
mid,11.706029345864847,274.91839210332296,-0.7506506612999405,-0.11625974746090531,0.33741325112222453
mid,11.842568776899846,274.918392103323,-0.7211729500330907,-0.12003194056394127,0.33064012081114125
mid,11.979238499561843,274.9183921033229,-0.6921645838918238,-0.12359194091714629,0.32351194152139834
mid,12.116057466593393,274.91839210332296,-0.6636577516128148,-0.1269268727938619,0.31604537096424173
mid,12.253021943235742,274.91839210332296,-0.6356834680972538,-0.13002446924108751,0.3082585349270094
mid,12.3901565816776,274.918392103323,-0.608270268440727,-0.13287377605674355,0.3001710230353303
mid,12.52746634408069,274.918392103323,-0.5814465030471686,-0.13546461984478603,0.29180364443180906
mid,12.664958362004514,274.918392103323,-0.5552366140860128,-0.13778809917746593,0.2831784053338615
mid,12.802670597659343,274.918392103323,-0.5296630631964807,-0.13983679014758313,0.2743180580347353
mid,12.940602536526596,274.91839210332296,-0.5047481231361992,-0.1416041282066262,0.2652464922533549
mid,13.078775701352068,274.918392103323,-0.48051020202361805,-0.14308518950300653,0.25598865483635846
mid,13.217214645917394,274.91839210332296,-0.4569649728809898,-0.14427643014343694,0.24656962695600534
mid,13.3559460975249,274.91839210332296,-0.43412567172186933,-0.14517571617638664,0.23701491991063584
mid,13.494999043915339,274.918392103323,-0.4120030662025886,-0.1457823434477296,0.2273503484999543
mid,13.63440480586597,274.91839210332296,-0.39060543110978196,-0.14609704421405878,0.21760188109157508
mid,13.774197090985583,274.91839210332296,-0.36993671991748345,-0.14612192971416005,0.20779503358022566
mid,13.914440516480859,274.91839210332296,-0.34999916183024193,-0.14586057752642484,0.19795485610990443
mid,14.055160594743917,274.91839210332296,-0.33079198899807855,-0.14531758051906882,0.1881059725412007
mid,14.196444639878003,274.91839210332296,-0.31231054116793816,-0.14449903086020383,0.1782720563262738
mid,14.338346420570799,274.918392103323,-0.29454878563191295,-0.1434117912784842,0.16847569488126635
mid,14.480956012397678,274.918392103323,-0.2774966261118598,-0.14206386377651115,0.15873846261118857
mid,14.624370598411932,274.91839210332296,-0.26114034722135016,-0.14046379035441242,0.14907983466014935
mid,14.768729976134098,274.918392103323,-0.24546429240969025,-0.13862071998089426,0.13951753719883098
mid,14.9141581879322,274.91839210332296,-0.23045075509750396,-0.1365440460567957,0.13006776023915426
mid,15.060836381180703,274.91839210332296,-0.21607878893679772,-0.13424342345883136,0.12074472902567025
mid,15.208956757725744,274.918392103323,-0.20232577476875918,-0.13172824034743313,0.11156041369543411
mid,15.358760930947382,274.91839210332296,-0.1891683346394236,-0.1290077803830651,0.10252515818843283
mid,15.510491008623461,274.91839210332296,-0.17658495443330718,-0.12609130639806324,0.09364865638025405
mid,15.664394231384653,274.91839210332296,-0.16455644369128203,-0.12298861127299125,0.08494117165770569
mid,15.820696460108339,274.918392103323,-0.15307049207642187,-0.11971091492209499,0.07641524991458931
mid,15.979507947018943,274.918392103323,-0.14212414890911682,-0.11627251536374059,0.06808858804588913
mid,16.14079198475979,274.918392103323,-0.1317222286532029,-0.11269237092138312,0.05998550528858367
mid,16.304327092698706,274.918392103323,-0.12187382748423822,-0.10899469904238013,0.052136223544388856
mid,16.46972796126989,274.91839210332296,-0.11258510354530935,-0.10520820113825413,0.044573815574128366
mid,16.63653711266441,274.91839210332296,-0.10385326713927033,-0.10136356930206183,0.037329060578115913
mid,16.804314533883872,274.91839210332296,-0.09566473946426572,-0.09749036477796111,0.03042571761298631
mid,16.972708982284118,274.91839210332296,-0.08799704404554591,-0.0936146233561047,0.023878103395004617
mid,17.141471633408372,274.91839210332296,-0.08082254552267697,-0.08975783494081875,0.01769131900537573
mid,17.31044260488889,274.91839210332296,-0.07411152165409318,-0.08593713803296958,0.011863163321427644
mid,17.479525797143143,274.91839210332296,-0.0678341626469372,-0.08216604195598096,0.006386383016923219
mid,17.648667394591694,274.918392103323,-0.061961653680356166,-0.07845522780886562,0.001250578117545545
mid,17.8178382519262,274.91839210332296,-0.0564666951391978,-0.07481321858810537,-0.0035564281146122025
mid,17.98702326541348,274.91839210332296,-0.051323664707081176,-0.07124687336167299,-0.00804769785328503
mid,18.156214943197238,274.91839210332296,-0.04650863699762822,-0.06776172509535275,-0.012236641798711947
mid,18.325409637174737,274.91839210332296,-0.04199932421526003,-0.06436221718502448,-0.016136698025378794
mid,18.49460566402571,274.91839210332296,-0.03777498371052725,-0.06105187301326969,-0.019761142965518428
mid,18.663802259892467,274.91839210332296,-0.0338163170430485,-0.05783342446444767,-0.023122978756248767
mid,18.832999091249935,274.91839210332296,-0.03010536691805942,-0.054708915769694354,-0.026234863630111308
mid,19.00219601749063,274.91839210332296,-0.02662541803247139,-0.05167979105913739,-0.029109068087238912
mid,19.171392980539398,274.918392103323,-0.023360903004292076,-0.04874697091251322,-0.03175744653853515
mid,19.34058995754627,274.91839210332296,-0.02029731410606068,-0.04591092049778758,-0.03419141913914897
mid,19.50978693966076,274.91839210332296,-0.017421120974763463,-0.04317171077703198,-0.03642196077347491
mid,19.678983923591474,274.91839210332296,-0.01471969422576938,-0.04052907364486858,-0.03845959537282216
mid,19.848180908149903,274.91839210332296,-0.012181234838708878,-0.03798245157860948,-0.04031439438674633
mid,20.017377892917583,274.91839210332296,-0.009794709111987666,-0.0355310422646555,-0.041995978542125494
mid,20.186574877753458,274.9183921033229,-0.007549788938393389,-0.033173838550468356,-0.04351352222434367
mid,20.355771862610755,274.91839210332296,-0.005436797171554774,-0.030909664109253585,-0.044875759939369875
mid,20.524968847474568,274.91839210332296,-0.0034466577956485337,-0.028737205148695794,-0.04609099439614259
mid,20.69416583234031,274.91839210332296,-0.0015708506284153843,-0.026655038468795664,-0.04716710583044514
mid,20.863362817206667,274.91839210332296,0.00019862970592969195,-0.024661656164480798,-0.04811156225513946
mid,21.032559802073127,274.9183921033229,0.0018693108114234205,-0.022755487260279338,-0.04893143035823755
mid,21.201756786939686,274.9183921033229,0.0034482758053089937,-0.020934916522852225,-0.04963338682932967
mid,21.370953771806192,274.91839210332296,0.004942193092665716,-0.019198300678215416,-0.05022372993450312
mid,21.54015075667275,274.91839210332296,0.006357342861957563,-0.01754398224480037,-0.05070839118549077
mid,21.709347741539315,274.9183921033229,0.007699640506591093,-0.015970301169966852,-0.05109294697930102
mid,21.87854472640582,274.9183921033229,0.008974657143832079,-0.014475604436788341,-0.051382630122114914
mid,22.04774171127238,274.91839210332296,0.010187637435105978,-0.013058253769799875,-0.05158234116544845
mid,22.21693869613894,274.9183921033229,0.011343514840943945,-0.01171663156890556,-0.051696659510178516
mid,22.3861356810055,274.91839210332296,0.012446924438634262,-0.010449145170153554,-0.05172985425376703
mid,22.555332665872008,274.9183921033229,0.013502213455313314,-0.009254229514009081,-0.05168589476378918
mid,22.724529650738567,274.9183921033229,0.014513449600627656,-0.008130348292219917,-0.051568460992929735
mid,22.893726635605127,274.9183921033229,0.015484427300944171,-0.007075993612930629,-0.051380953558648086
mid,23.062923620471636,274.9183921033229,0.016418671937230966,-0.00608968423221409,-0.05112650362366039
mid,23.232120605338196,274.9183921033229,0.017319442155338177,-0.0051699623666839195,-0.05080798264593524
mid,23.401317590204755,274.9183921033229,0.0181897303344949,-0.004315389104943394,-0.05042801205774196
mid,23.570514575071314,274.9183921033229,0.019032261315837445,-0.0035245384287018004,-0.0499889729607787
mid,23.739711559937824,274.9183921033229,0.019849489440534062,-0.002795989877632136,-0.04949301595040735
mid,23.908908544804383,274.9183921033229,0.020643594029086988,-0.0021283198371169036,-0.04894207118276928
mid,24.078105529670943,274.91839210332296,0.02141647342988026,-0.001520091478189066,-0.048337858818809004
mid,24.247302514537452,274.9183921033229,0.022169737771402177,-0.0009698434000066855,-0.04768189998885258
mid,24.41649949940401,274.91839210332296,0.02290470059114933,-0.00047607702081016445,-0.046975528440406734
mid,24.58569648427057,274.9183921033229,0.023622369572343406,-3.724280908628391e-05,-0.04621990304036253
mid,24.75489346913708,274.9183921033229,0.024323436680399102,0.00034827454957175527,-0.04541602130863763
mid,24.92409045400364,274.9183921033229,0.025008268017273974,0.0006821718327122018,-0.04456473414201288
mid,25.0932874388702,274.9183921033229,0.02567689380902516,0.0009662436137485957,-0.043666761905496045
mid,25.262484423736705,274.9183921033229,0.02632899901719506,0.0012023989531488241,-0.04272271203484719
mid,25.431681408603264,274.9183921033229,0.02696391518137993,0.0013926780613769708,-0.041733098253689496
mid,25.600878393469827,274.9183921033229,0.027580614164102568,0.001539268465548015,-0.04069836147001602
mid,25.770075378336387,274.9183921033229,0.02817770459612582,0.0016445201267145763,-0.03961889234247846
mid,25.939272363202893,274.9183921033229,0.02875343193492298,0.0017109588292666782,-0.03849505540521725
mid,26.108469348069452,274.9183921033229,0.029305683167968975,0.0017412970722300528,-0.037327214517035405
mid,26.27766633293601,274.9183921033229,0.02983199727418643,0.0017384415767831164,-0.03611575925656671
mid,26.44686331780252,274.9183921033229,0.030329582656598984,0.001705496403309444,-0.03486113166850112
mid,26.61606030266908,274.9183921033229,0.030795342839552247,0.0016457606235751338,-0.03356385255712906
mid,26.78525728753564,274.9183921033229,0.031225911731522157,0.0015627194013345218,-0.03222454625642775
mid,26.9544542724022,274.9183921033229,0.03161769975031578,0.001460027334089082,-0.030843962488573923
mid,27.12365125726871,274.9183921033229,0.031966952022337014,0.0013414829209481213,-0.029422993606233704
mid,27.292848242135268,274.9183921033229,0.032269819704889534,0.0012109930962217893,-0.027962685181452777
mid,27.462045227001777,274.9183921033229,0.03252244524315939,0.0010725269704850973,-0.0264642375226229
mid,27.631242211868337,274.9183921033229,0.032721061992162334,0.0009300581493644119,-0.024928995382427727
mid,27.800439196734896,274.9183921033229,0.03286210817411428,0.0007874953644051373,-0.023358422869696176
mid,27.969636181601455,274.9183921033229,0.03294235452205853,0.0006486015768174984,-0.021754060329561817
mid,28.138833166467965,274.9183921033229,0.03295904425517045,0.0005169023136758716,-0.020117459915317104
mid,28.308030151334524,274.9183921033229,0.03291004321053948,0.0003955846367693018,-0.01845009670375518
mid,28.477227136201083,274.9183921033229,0.03279399704113815,0.00028738880844181736,-0.016753252518226305
mid,28.646424121067593,274.9183921033229,0.032610491482530875,0.00019449546083793057,-0.015027870300521377
mid,28.815621105934152,274.91839210332296,0.03236021087137238,0.00011841176429341904,-0.013274377841042033
mid,28.98481809080071,274.9183921033229,0.032045089401521364,5.986061041529482e-05,-0.011492481055833781
mid,29.15401507566727,274.9183921033229,0.03166844920884456,1.867712465749346e-05,-0.009680928797080013
mid,29.32321206053378,274.9183921033229,0.03123511954309583,-6.2831297905369815e-06,-0.00783725331823958
mid,29.492409045400287,274.9183921033229,0.030751531917720072,-1.7220461811089452e-05,-0.005957493028171048
mid,29.6616060302669,274.91839210332296,0.030225787521992536,-1.7449128335305167e-05,-0.00403590687708306
mid,29.830803015133405,274.9183921033229,0.02966769578761963,-1.1435631991576004e-05,-0.0020646922737449485
mid,29.999999999999964,274.9183921033229,0.0293817455379134,-7.348300238702726e-06,-0.00110853226146261
outer,-30.000000000000068,298.7730695018225,-1.8258300262188296e-05,-0.00010716337168523266,-0.0002492806259095631
outer,-30.000000000000068,298.6058480946258,-6.262497881251786e-05,-9.340820159625443e-05,-0.00027120794544326847
outer,-30.000000000000068,298.68956815628115,-4.0279450420077455e-05,-0.00010027575291168188,-0.0002606191404137943
outer,-30.000000000000018,298.52190281823334,-8.526312099156171e-05,-8.658943345973633e-05,-0.00028104825619633704
outer,-29.708261952012435,298.52190281823334,-4.5790430166305686e-05,-0.00016951190814052964,-0.0003322487213340865
outer,-29.70752503721737,298.6058480946258,-3.230933252441244e-05,-0.00018549911562912324,-0.0003229000931028079
outer,-29.706787559933932,298.6895681562812,-1.88629505976031e-05,-0.00020174580126262163,-0.00031261403859721983
outer,-29.706049478737864,298.7730695018225,-5.468263873946655e-06,-0.00021822349748359688,-0.000301378727747349
outer,-29.4165239040248,298.5219028182333,3.758072218394592e-05,-0.00029574145119482746,-0.00032912387909306035
outer,-29.41505007443467,298.60584809462586,3.547855242277143e-05,-0.00033215703134988154,-0.00032344312215523257
outer,-29.413575119867794,298.68956815628115,3.369800807795798e-05,-0.00036940041526965263,-0.00031658802160432035
outer,-29.41209895747566,298.7730695018225,3.223245261841794e-05,-0.0004074673469403706,-0.00030853342777744644
outer,-29.124785856037168,298.5219028182333,0.00010504138759391009,-0.00028926655981120764,-0.00014816006033693542
outer,-29.122575111652072,298.6058480946258,9.223934487812891e-05,-0.0003479209230238335,-0.00015131781187504643
outer,-29.12036267980166,298.68956815628115,7.993874076270166e-05,-0.000408097130264297,-0.00015333277492834068
outer,-29.118148436213456,298.7730695018225,6.812867392483703e-05,-0.00046982921973271683,-0.0001541837498197014
outer,-28.833047808049635,298.52190281823334,0.00013762675043330064,-6.11724364432189e-05,0.00014745110676860087
outer,-28.830100148869374,298.60584809462586,0.00011795306666930988,-0.0001393013305195561,0.00013120286464119937
outer,-28.82715023973552,298.6895681562812,9.89612954404778e-05,-0.0002194667974222354,0.00011585290739980173
outer,-28.824197914951252,298.7730695018225,8.064724053853061e-05,-0.000301712726941307,0.00010140681084811306
outer,-28.541309760062003,298.52190281823334,0.00014413192083624236,0.00045622121496578013,0.0005090796239270724
outer,-28.537625186086675,298.60584809462586,0.00012066080264715536,0.0003644675058923186,0.0004764149789865888
outer,-28.533937799669385,298.68956815628115,9.807202315331839e-05,0.0002704591642432536,0.000444299981270539
outer,-28.53024739368905,298.7730695018225,7.637163021581529e-05,0.0001741666313339208,0.00041272673228504107
outer,-28.24957171207437,298.52190281823334,0.00013525920246547135,0.0013103637319412096,0.0009046737858733763
outer,-28.24515022330408,298.60584809462586,0.00011010717845286644,0.0012120729842342677,0.0008533492253894168
outer,-28.24072535960325,298.6895681562812,8.600275506275739e-05,0.0011115346677124387,0.0008022179414336895
outer,-28.236296872426845,298.77306950182253,6.29547093141153e-05,0.0010087350504763375,0.0007512662030501126
outer,-27.957833664086735,298.5219028182333,0.00011731787040659297,0.002530143360821979,0.0013150793400359638
outer,-27.95267526052138,298.6058480946258,9.17059910339438e-05,0.002432383972704625,0.0012437968991765532
outer,-27.94751291953711,298.6895681562812,6.724337763519355e-05,0.002332504296053954,0.0011723869262958342
outer,-27.94234635116464,298.7730695018225,4.393557496682084e-05,0.002230499707551625,0.0011008347066117292
outer,-27.666095616099103,298.52190281823334,9.316827961384404e-05,0.004130450197092766,0.001729366179105981
outer,-27.660200297738683,298.6058480946258,6.772865466928013e-05,0.004039796386552578,0.0016374883982060973
outer,-27.654300479470976,298.68956815628115,4.348881707735581e-05,0.003947211972156436,0.0015452037227018706
outer,-27.648395829902437,298.7730695018225,2.0450562648338926e-05,0.003852697728883846,0.0014524980299987088
outer,-27.37435756811157,298.52190281823334,6.40477275653359e-05,0.006117054221263508,0.0021413996207877662
outer,-27.367725334955985,298.6058480946258,3.910318878243106e-05,0.006039528388404715,0.002028702943066401
outer,-27.361088039404837,298.6895681562812,1.5378778121624345e-05,0.005960300825069655,0.0019153559285383325
outer,-27.354445308640233,298.77306950182253,-7.12628385065011e-06,0.005879376432225499,0.0018013455212705436
outer,-27.082619520123938,298.5219028182333,3.05558060985818e-05,0.008490162599432001,0.002547812042574109
outer,-27.075250372173386,298.6058480946258,6.274370655788737e-06,0.008431289855204936,0.0024143260824865675
outer,-27.067875599338702,298.6895681562812,-1.6783818685804728e-05,0.0083709710341537,0.0022799761392648665
outer,-27.06049478737793,298.7730695018225,-3.8621390815738246e-05,0.008309214176846737,0.0021447504854450296
outer,-26.790881472136306,298.52190281823334,-6.9832986153324506e-06,0.011246654971075503,0.002946866979219978
outer,-26.782775409390688,298.6058480946258,-3.0517150963458618e-05,0.011211531287720882,0.0027927752711872315
outer,-26.774663159272666,298.6895681562812,-5.283503474083195e-05,0.011175235613865112,0.0026376302553047064
outer,-26.766544266115726,298.7730695018225,-7.394099505907917e-05,0.011137778236176331,0.0024814216264622325
outer,-26.499143424148674,298.52190281823334,-4.838716125455441e-05,0.014381473355298935,0.003337804257169861
outer,-26.49030044660799,298.60584809462586,-7.113648141230874e-05,0.01437483407367331,0.003163380834659494
outer,-26.48145071920653,298.6895681562812,-9.268323495769532e-05,0.014367310406451363,0.002987734157379929
outer,-26.472593744853523,298.7730695018225,-0.0001130324983284782,0.014358914249894049,0.002810855300899807
outer,-26.207405376161038,298.52190281823334,-9.355179360541477e-05,0.017888508529656073,0.0037204503166368683
outer,-26.19782548382539,298.60584809462586,-0.00011550708403902394,0.017914793240395147,0.0035260184750255876
outer,-26.188238279140393,298.68956815628115,-0.0001362765381113006,0.01794049218941593,0.0033302085223426074
outer,-26.17864322359132,298.77306950182253,-0.0001558659551324131,0.01796561842925723,0.003133012805786374
outer,-25.91566732817351,298.52190281823334,-0.0001424198189302773,0.021761169688351963,0.0040949835961498
outer,-25.905350521042692,298.60584809462586,-0.00016358807620353057,0.021824580282315684,0.0038808891434583903
outer,-25.895025839074258,298.6895681562812,-0.0001835888318180469,0.02188771371602018,0.0036652731892473428
outer,-25.884692702329115,298.7730695018225,-0.00020242836815580027,0.021950583877022836,0.003448129212853511
outer,-25.623929280185873,298.5219028182333,-0.0001949657034972796,0.0259927497632483,0.00446179200937575
outer,-25.612875558259994,298.6058480946258,-0.00021536467381613224,0.026097301160586804,0.004228385926675629
outer,-25.60181339900812,298.6895681562812,-0.000234615046424096,0.026201893906531187,0.00399332336006708
outer,-25.59074218106691,298.7730695018225,-0.00025272339968523613,0.02630654250539921,0.003756598764843938
outer,-25.33219123219824,298.5219028182333,-0.00025118935885465495,0.030576658556129004,0.004821384959437314
outer,-25.3204005954774,298.6058480946258,-0.0002708446642445683,0.030726222875720476,0.004569012194177867
outer,-25.308600958941984,298.68956815628115,-0.00028937023472068966,0.030876157598379007,0.004314853773584133
outer,-25.296791659804708,298.7730695018225,-0.0003067728095527966,0.0310264776984108,0.004058904964153917
outer,-25.04045318421061,298.5219028182333,-0.0003111138115721619,0.035506569069578484,0.005174337687370961
outer,-25.0279256326947,298.6058480946258,-0.000330057637314524,0.03570491426794914,0.004903330012618322
outer,-25.01538851887585,298.6895681562812,-0.000347890240387113,0.03590397061684558,0.00463041109665124
outer,-25.002841138542504,298.7730695018225,-0.00036461841123221726,0.03610375348921302,0.004355576848695843
outer,-24.748715136222973,298.5219028182333,-0.0003747848114626102,0.040776505332661334,0.005521254793363859
outer,-24.735450669912,298.6058480946258,-0.0003930554690209989,0.04102732924287116,0.005231926413250401
outer,-24.72217607880971,298.6895681562812,-0.00041023295579839004,0.04127921830219083,0.004940562869570018
outer,-24.7088906172803,298.7730695018225,-0.0004263240299083957,0.04153218827063558,0.004647160542212744
outer,-24.456977088235444,298.5219028182333,-0.0004422712203233717,0.046380889293264414,0.005862745021549438
outer,-24.442975707129403,298.6058480946258,-0.0004599132085490419,0.046687849843629156,0.005555390100229998
outer,-24.428963638743575,298.6895681562812,-0.0004764796358988563,0.04699624471549843,0.0052458760798090864
outer,-24.414940096018096,298.77306950182253,-0.0004919771748025589,0.04730609009002415,0.004934199634350609
outer,-24.16523904024781,298.5219028182333,-0.0005136655754679371,0.0523145577861031,0.006199402628587303
outer,-24.150500744346704,298.6058480946258,-0.0005307299012387752,0.052681300072460746,0.0058742942186654525
outer,-24.135751198677436,298.6895681562812,-0.0005467359733579251,0.05304986324908717,0.0055469012863041435
outer,-24.120989574755892,298.7730695018225,-0.0005616903358963629,0.05342026401167309,0.005217220622435535
outer,-23.873500992260176,298.5219028182333,-0.0005890846441802787,0.05857275657432189,0.006531792698988294
outer,-23.858025781564006,298.6058480946258,-0.0006056293244822188,0.05900293726905036,0.006189182736058925
outer,-23.8425387586113,298.68956815628115,-0.0006211329746931768,0.05943534534303999,0.005844160041457956
outer,-23.82703905349369,298.7730695018225,-0.0006356019901231948,0.05986999814646149,0.005496721345590519
outer,-23.581762944272544,298.52190281823334,-0.0006686696803196342,0.0651511159921965,0.006860438910509957
outer,-23.565550818781308,298.60584809462586,-0.0006847604038199874,0.06564842546820415,0.006500559068354887
outer,-23.549326318545162,298.68956815628115,-0.0006998275371758178,0.06614839153641165,0.006138134361710668
outer,-23.533088532231485,298.7730695018225,-0.0007138773262764762,0.06665103239026432,0.005773161275347164
outer,-23.29002489628491,298.5219028182333,-0.0007525864385019218,0.07204561094928545,0.007185812966088882
outer,-23.27307585599871,298.6058480946258,-0.0007682973984260502,0.07261379343603017,0.006808876242933935
outer,-23.256113878479027,298.68956815628115,-0.0007830028233572865,0.07318508751491484,0.006429257595958488
outer,-23.23913801096928,298.7730695018225,-0.0007967088191647188,0.0737595124700081,0.006046953078358001
outer,-22.99828684829738,298.5219028182333,-0.0008410251552120503,0.07925250740500624,0.007508325345855424
outer,-22.98060089321601,298.6058480946258,-0.0008564401403544954,0.07989537941054914,0.007114528302063047
outer,-22.962901438412892,298.6895681562812,-0.000870868744473563,0.08054184714607648,0.006717906467457655
outer,-22.945187489707077,298.7730695018225,-0.0008843169623942819,0.08119193128743431,0.006318455277512878
outer,-22.706548800309694,298.5219028182333,-0.0009342004820051125,0.08676829691039115,0.00782831728696103
outer,-22.688125930433312,298.6058480946258,-0.0009494142765258465,0.08748976421363072,0.007417842868800085
outer,-22.669688998346803,298.6895681562812,-0.0009636625498119812,0.08821534414804923,0.007004394221027173
outer,-22.651236968444874,298.7730695018225,-0.0009769512457015773,0.0889450591314433,0.006587965964480354
outer,-22.41481075232211,298.52190281823334,-0.001032351611163277,0.09458962029219936,0.00814605395026715
outer,-22.395650967650667,298.60584809462586,-0.001047471880992544,0.0953936937106723,0.007719074859641215
outer,-22.376476558280668,298.6895681562812,-0.001061649955311595,0.0962024333458153,0.007288964861775184
outer,-22.35728644718267,298.77306950182253,-0.0010748918145747043,0.09701586376857085,0.006855717557483137
outer,-22.12307270433448,298.5219028182333,-0.0011357430152766426,0.10271318126984288,0.00846171872618252
outer,-22.10317600486802,298.6058480946258,-0.0011508928311006958,0.10360399151880245,0.008018401317789945
outer,-22.083264118214583,298.6895681562812,-0.0011651271838181466,0.10450006252326186,0.007571788499798532
outer,-22.063335925920466,298.77306950182253,-0.0011784522073288901,0.10540142148991566,0.007121872639510595
outer,-21.831334656346844,298.5219028182333,-0.0012446660401525152,0.1111356505944067,0.008775408602519148
outer,-21.81070104208532,298.60584809462586,-0.0012599872032033332,0.11211746263173317,0.008315917296576714
outer,-21.790051678148448,298.6895681562812,-0.0012744242279522644,0.1131051755791537,0.00785295773033539
outer,-21.769385404658262,298.7730695018225,-0.001287983567636028,0.11409881982997999,0.007386520808129463
outer,-21.539596608359314,298.52190281823334,-0.0013594418780758372,0.11985356072718595,0.009087130315569729
outer,-21.51822607930272,298.60584809462586,-0.001375099344535148,0.12093078793502447,0.00861163251727411
outer,-21.49683923808231,298.6895681562812,-0.0013899100790935315,0.12201460697036261,0.008132484777538689
outer,-21.47543488339606,298.77306950182253,-0.0014038810749280317,0.12310505205282449,0.007649676282324259
outer,-21.24785856037168,298.52190281823334,-0.0014804266791604084,0.12886319021839016,0.009396796753707505
outer,-21.225751116520023,298.60584809462586,-0.0014966143289377662,0.1300404089290293,0.008905468293987986
outer,-21.20362679801612,298.68956815628127,-0.0015120006082357113,0.13122496690146118,0.008410298916344913
outer,-21.181484362133855,298.77306950182253,-0.001526593339685002,0.13241690292859926,0.007911275802996113
outer,-20.956120512384047,298.52190281823334,-0.0016080195580585738,0.13816043624539662,0.009704222718831836
outer,-20.933276153737324,298.6058480946258,-0.0016249676522284776,0.13944240109032208,0.009197253858527207
outer,-20.910414357949985,298.6895681562812,-0.0016411700472572371,0.14073251566968736,0.00868624333763953
outer,-20.88753384087165,298.77306950182253,-0.0016566357716516836,0.14203082422973137,0.008171176007128265
outer,-20.664382464396414,298.5219028182334,-0.001742674538947879,0.1477406719587241,0.010009118681725777
outer,-20.640801190954626,298.60584809462586,-0.0017606592000037821,0.14913233255333802,0.009486720740056374
outer,-20.6172019178839,298.6895681562812,-0.0017779670806104403,0.15053302389530854,0.008960070134462816
outer,-20.593583319609397,298.7730695018225,-0.001794608900687493,0.15194279673410013,0.008429148997470236
outer,-20.37264441640878,298.52190281823334,-0.001884917821209843,0.15759858336720367,0.010311080468595107
outer,-20.348326228171977,298.6058480946259,-0.0019042729037282297,0.15910510274878903,0.009773493178793606
outer,-20.32398947781776,298.6895681562812,-0.0019230370081676912,0.16062161317221932,0.0092314314291215
outer,-20.299632798347194,298.77306950182253,-0.0019412231707179942,0.1621481731537706,0.008684874173523656
outer,-20.080906368421196,298.52190281823334,-0.0020353719935903916,0.16772797771883047,0.010609571968020384
outer,-20.05585126538933,298.60584809462586,-0.0020565036677230655,0.16935475279840478,0.010057071712365105
outer,-20.030777037751626,298.6895681562812,-0.0020771515103237964,0.17099256877785546,0.009499863844627192
outer,-20.00568227708504,298.7730695018225,-0.002097331658558771,0.1726414934885924,0.008937923591903069
outer,-19.789168320433564,298.52190281823334,-0.002194788959222843,0.17812155160498086,0.010903896850591767
outer,-19.76337630260663,298.60584809462586,-0.002218193267372555,0.17987423555380086,0.010336805989803535
outer,-19.73756459768549,298.6895681562812,-0.002241247619024049,0.18163911200347577,0.009764762450676326
outer,-19.711731755822786,298.77306950182253,-0.0022639722148100477,0.18341626002627592,0.009187737079074235
outer,-19.497430272445982,298.5219028182334,-0.002364093733225589,0.1887706021322443,0.011193153926227772
outer,-19.470901339824035,298.60584809462586,-0.0023903772341364454,0.19065512809187846,0.01061185152066009
outer,-19.444352157619353,298.6895681562812,-0.002416477759050066,0.19255311435713648,0.010025338981689287
outer,-19.417781234560582,298.77306950182253,-0.0024424207434090017,0.194464653641893,0.009433582001279195
outer,-19.20569222445835,298.52190281823334,-0.0025444414283026795,0.1996646583328938,0.011476169089503913
outer,-19.178426377041337,298.60584809462586,-0.00257434479891553,0.2016872630146184,0.01088110341545339
outer,-19.151139717553217,298.6895681562812,-0.002604272678566985,0.20372472912183492,0.01028055751140252
outer,-19.123830713298428,298.77306950182253,-0.0026342571219426097,0.2057771660247727,0.009674491025760769
outer,-18.913954176470714,298.52190281823334,-0.0027372897983417507,0.21079100227526407,0.011751394772618828
outer,-18.88595141425864,298.6058480946259,-0.0027717139375106267,0.21295824678899117,0.011143098167749048
outer,-18.85792727748708,298.6895681562812,-0.0028064189202849296,0.21514190726219345,0.010529038802535508
outer,-18.829880192036224,298.77306950182253,-0.002841445020477569,0.21734211350018115,0.009909169283753093
outer,-18.622216128483185,298.5219028182333,-0.0029444895984198152,0.22213403955662522,0.01201676552876079
outer,-18.59347645147599,298.60584809462586,-0.0029845232641868003,0.22445282315376058,0.01139587227162183
outer,-18.564714837421047,298.6895681562812,-0.003025152058077067,0.22678975395199794,0.010768922317661508
outer,-18.53592967077402,298.77306950182253,-0.0030664262721145294,0.22914498690080476,0.010135860160569526
outer,-18.3304780804955,298.5219028182334,-0.0031683946023661064,0.23367446729936783,0.012269495673027486
outer,-18.30100148869334,298.60584809462586,-0.003215342001094329,0.23615202739420804,0.011636763813258483
outer,-18.27150239735486,298.6895681562812,-0.0032632662638640147,0.23864966910992141,0.010997672291432802
outer,-18.241979149511767,298.77306950182253,-0.0033122296354771777,0.2411675783740851,0.0103521564171749
outer,-18.038740032507917,298.5219028182334,-0.0034119925878129953,0.24538817353695602,0.012505801873216524
outer,-18.008526525910643,298.6058480946259,-0.003467398521832789,0.24803206233988623,0.01186214020399419
outer,-17.97828995728872,298.6895681562812,-0.003524239815372615,0.2506981996579388,0.011211811361687626
outer,-17.948028628249613,298.77306950182253,-0.0035825926473216016,0.25338680953324777,0.010554740519581211
outer,-17.747001984520285,298.5219028182334,-0.0036790574787862462,0.257244785168998,0.012720530337649943
outer,-17.716051563127994,298.6058480946259,-0.0037447266878780985,0.26006280936225845,0.012067032036586788
outer,-17.685077517222634,298.6895681562812,-0.00381237477794924,0.26290551266336654,0.011406562132962136
outer,-17.65407810698736,298.7730695018226,-0.0038820937309419074,0.2657731658449753,0.010739035027715747
outer,-17.455263936532653,298.5219028182334,-0.003974321395774638,0.26920576221239945,0.012906664709580545
outer,-17.42357660034535,298.6058480946259,-0.0040523276063793925,0.27220586713966083,0.012244649599244053
outer,-17.39186507715645,298.6895681562812,-0.004132947283372802,0.2752333769911833,0.011575373712001229
outer,-17.360127585725206,298.77306950182253,-0.004216289778333986,0.27828861946072564,0.010898740649731814
outer,-17.16352588854507,298.5219028182334,-0.004303663633736167,0.28122191342392955,0.013054687018181771
outer,-17.131101637562647,298.6058480946259,-0.004396342603164696,0.28441198710461535,0.012385754910852517
outer,-17.09865263709031,298.6895681562812,-0.00449236297681023,0.2876325158946623,0.011709306682102433
outer,-17.066177064462952,298.7730695018226,-0.0045918524635419206,0.2908838961989056,0.011025236128243673
outer,-16.871787840557435,298.5219028182334,-0.004674311487807656,0.2932301823282863,0.013151760138182561
outer,-16.83862667477995,298.60584809462586,-0.004784231045859337,0.2966177470758147,0.01247785834686295
outer,-16.805440197024225,298.6895681562812,-0.004898309911343587,0.30003916423524785,0.01179624629809381
outer,-16.7722265432007,298.77306950182265,-0.005016694197041073,0.3034949122049727,0.011106810573010314
outer,-16.580049792569852,298.52190281823334,-0.005095045645735985,0.3051495231623836,0.013180695924683142
outer,-16.546151711997304,298.6058480946259,-0.005224944436655117,0.3087412735190177,0.012504204757788684
outer,-16.512227756958037,298.6895681562812,-0.005359899010205144,0.3123706313010579,0.01181990965302461
outer,-16.478276021938495,298.7730695018226,-0.005500072582930886,0.31603817133035284,0.011127694937087568
outer,-16.28831174458222,298.5219028182334,-0.005576400924658338,0.31687565225089603,0.013118668361278132
outer,-16.253676749214655,298.6058480946259,-0.00572908644445734,0.32067678700346935,0.012442509222581388
outer,-16.21901531689195,298.68956815628127,-0.005887780720233812,0.32451963232702463,0.011758607886734038
outer,-16.18432550067629,298.7730695018226,-0.006052660911244422,0.3284048744490213,0.011066854783686214
outer,-15.996573696594586,298.5219028182334,-0.0061308519007510776,0.32827442078088276,0.012935625041697402
outer,-15.961201786431955,298.6058480946259,-0.006309047566266379,0.33228770369317173,0.012263396612459065
outer,-15.925802876825815,298.68956815628127,-0.006494225656367446,0.3363471079442315,0.01158371861465217
outer,-15.890374979414087,298.7730695018226,-0.0066865716800652494,0.3404534457163907,0.010896500671931042
outer,-15.704835648607004,298.5219028182334,-0.006772973281284511,0.3391735081802619,0.01259234174842988
outer,-15.668726823649308,298.6058480946259,-0.0069791038254094495,0.34339797617262374,0.011928490516258689
outer,-15.63259043675968,298.6895681562812,-0.00719315829863245,0.34767319821616693,0.011257815084682266
outer,-15.596424458151883,298.7730695018226,-0.007415321913977237,0.35200012507875106,0.010580263801285655
outer,-15.413097600619421,298.5219028182334,-0.007519567666624913,0.34935207722574035,0.012038051706525207
outer,-15.37625186086666,298.6058480946259,-0.0077554723707873585,0.3537812949128646,0.011388083622990791
outer,-15.339377996693543,298.68956815628127,-0.00800013693205702,0.35826597181886666,0.01073238486601659
outer,-15.30247393688968,298.77306950182253,-0.00825373387390859,0.3628072059091617,0.010070970654970604
outer,-15.12135955263179,298.5219028182334,-0.008389760256318962,0.35852795631228684,0.011207559051297555
outer,-15.083776898084013,298.6058480946259,-0.008656324707140957,0.3631476901494784,0.010578298947845857
outer,-15.046165556627457,298.6895681562812,-0.008932281792076058,0.36782742320372736,0.009945047566989954
outer,-15.008523415627527,298.77306950182253,-0.009217774451662913,0.37256840231507476,0.009307926547321349
outer,-14.829621504644207,298.52190281823334,-0.009405073548293542,0.36634180960982793,0.010017707893038075
outer,-14.791301935301364,298.6058480946259,-0.009701773219661952,0.3711269598233565,0.009417611672190768
outer,-14.75295311656132,298.68956815628127,-0.010008169803274673,0.3759761262802401,0.008816140094662056
outer,-14.714572894365324,298.7730695018226,-0.010324354388507873,0.38089069546950277,0.008213575747644697
outer,-14.537883456656726,298.5219028182334,-0.010589517808571071,0.3723376027387246,0.008363010948788233
outer,-14.498826972518767,298.60584809462586,-0.010913871613089918,0.3772481801439823,0.007802530966265223
outer,-14.459740676495336,298.68956815628127,-0.011247741529201279,0.38222574661523057,0.007244464711622128
outer,-14.420622373103221,298.7730695018226,-0.011591138080795961,0.3872718026935232,0.006689329938227684
outer,-14.246145408669499,298.5219028182334,-0.011969769592635883,0.3759384369918728,0.006110120695502874
outer,-14.206352009736527,298.6058480946259,-0.012316710742647369,0.38091429208717814,0.005602113886593443
outer,-14.166528236429606,298.6895681562812,-0.012672311344448753,0.3859583193417442,0.005101861769576721
outer,-14.126671851841476,298.7730695018226,-0.013036464757908879,0.39107208358570766,0.004610217573715769
outer,-13.954407360683494,298.5219028182334,-0.013575557893405595,0.3764164558992022,0.003090606552376682
outer,-13.913877046955458,298.6058480946259,-0.013936746365031446,0.38137033567791045,0.0026507507826191296
outer,-13.873315796365098,298.68956815628127,-0.014304835308206847,0.38639072012886455,0.0022260232447420814
outer,-13.83272133058085,298.77306950182265,-0.014679554309735249,0.39147915260571964,0.0018177481620071517
outer,-13.66266931270156,298.5219028182334,-0.015440439767065103,0.3728549373991629,-0.000908909026596863
outer,-13.62140208417851,298.6058480946259,-0.015803576630716944,0.3776632141470764,-0.0012617788692075166
outer,-13.580103356304711,298.68956815628127,-0.016170694267196663,0.3825319537896973,-0.001589507797707057
outer,-13.538770809324447,298.7730695018226,-0.016541298812757017,0.38746253640613876,-0.0018901161828324409
outer,-13.370931264733978,298.5219028182334,-0.017603028716684507,0.36409979923374036,-0.006160960058501877
outer,-13.328927121416013,298.6058480946259,-0.017951292985271237,0.36858979842017825,-0.006404805318508747
outer,-13.286890916258828,298.68956815628127,-0.018299186306579403,0.3731275962105426,-0.006610100399831689
outer,-13.244820288082549,298.7730695018226,-0.018645915264887375,0.3777141724150262,-0.006773955386851799
outer,-13.07919321681479,298.5219028182334,-0.020108464892688707,0.3486964754589007,-0.013019044579547744
outer,-13.036452158702065,298.6058480946259,-0.020420366400108407,0.3526285405860327,-0.013129374987925282
outer,-12.99367847626185,298.6895681562812,-0.0207259062292256,0.35658563072927485,-0.013183433576324718
outer,-12.950869766889808,298.7730695018226,-0.021023900607760566,0.36056790482013634,-0.013177059895702906
outer,-12.787455169053663,298.52190281823334,-0.02300438667424505,0.3248082083766421,-0.021952611260016762
outer,-12.743977196147043,298.6058480946259,-0.023254189812178173,0.327849363594102,-0.021905221659435654
outer,-12.70046603642451,298.6895681562812,-0.02349009623917131,0.3308768215570043,-0.021778538857549157
outer,-12.656919245857623,298.77306950182253,-0.023710475189405802,0.33388906179180433,-0.021566615097806212
outer,-12.495717121795877,298.5219028182334,-0.026318178831202972,0.2901158864384587,-0.03360684863749098
outer,-12.45150223409801,298.60584809462586,-0.0264769877787732,0.2918007291138238,-0.03338571417685868
outer,-12.407253597095805,298.6895681562812,-0.02661400709299441,0.2934066977484983,-0.0330564798613467
outer,-12.362968725336666,298.77306950182253,-0.02672747584083298,0.2949284902322191,-0.03261075283075928
outer,-12.20397907608308,298.5219028182334,-0.029766446517417826,0.24176764167684714,-0.04886592433946517
outer,-12.159027273602002,298.60584809462586,-0.02977077062368819,0.24145350545661864,-0.048477309099034395
outer,-12.114041159328165,298.6895681562812,-0.029743971480215792,0.24095231986965496,-0.047947130833949546
outer,-12.069018206384765,298.77306950182253,-0.029685001926491792,0.24025036555440663,-0.04726406624503106
outer,-11.912241035005035,298.5219028182334,-0.04544619576507908,0.17365719313374373,-0.07152994495576895
outer,-11.86655231776487,298.6058480946259,-0.046966116774792226,0.1700771650949584,-0.07140482487126192
outer,-11.820828726243525,298.6895681562812,-0.04869138015271216,0.1660791673215493,-0.07115925192239765
outer,-11.775067692140036,298.77306950182265,-0.050657050274747956,0.16162537759822282,-0.07078725990596962
outer,-11.62050300733677,298.5219028182334,-0.11731733782419755,0.07780368041059268,-0.1103218806352873
outer,-11.574077375407136,298.6058480946259,-0.12656501165287615,0.06916689248940884,-0.11169311494534032
outer,-11.527616306708047,298.6895681562812,-0.13689265810669102,0.05975374220430332,-0.11308567448158569
outer,-11.481117191514288,298.7730695018226,-0.148424943004127,0.049497314173516535,-0.1145100499904288
outer,-11.328765017380011,298.5219028182334,-0.275304142952496,-0.03416428124349602,-0.1647094315570935
outer,-11.281602470957083,298.6058480946259,-0.2968382646496452,-0.047066832941615726,-0.1677276791068432
outer,-11.234403925276428,298.6895681562812,-0.32011328148730495,-0.06078908207706257,-0.17078562147129855
outer,-11.187166729188831,298.77306950182253,-0.3452234786574698,-0.07536491946779969,-0.17387976411170664
outer,-11.037027130480805,298.52190281823334,-0.4849242437829367,-0.13189840523822485,-0.21661069696997987
outer,-10.98912767010029,298.6058480946259,-0.5148146518407475,-0.14551619446125655,-0.21917191369932765
outer,-10.941191647974337,298.6895681562812,-0.5459866086592883,-0.15962655709513435,-0.22152094478560813
outer,-10.893216371529476,298.77306950182253,-0.5783862610159579,-0.17422043911794222,-0.22362516365731888
outer,-10.745289515347988,298.52190281823334,-0.6926025016828364,-0.20229235582558097,-0.24965357507919736
outer,-10.696653142422916,298.6058480946259,-0.7241737392812029,-0.21492768498185116,-0.24986335560902442
outer,-10.647979645265716,298.68956815628115,-0.7561937102352668,-0.22792977461613917,-0.2496682937428957
outer,-10.599266289878807,298.77306950182253,-0.7885590986822778,-0.24131383967473588,-0.24905392917311894
outer,-10.453552600771676,298.5219028182334,-0.874986344886082,-0.25603576391405974,-0.26300636072893735
outer,-10.404179318944319,298.6058480946259,-0.9047728330946566,-0.26859013519109415,-0.2609040405631396
outer,-10.354768350400937,298.6895681562812,-0.934486965754426,-0.28161380171577277,-0.25847220596144815
outer,-10.305316919720054,298.7730695018225,-0.9640458527633399,-0.29512725051467814,-0.25574021650747814
outer,-10.16181742490502,298.5219028182334,-1.031234424508112,-0.30513540435694214,-0.2645999357025797
outer,-10.111707243215122,298.60584809462586,-1.058113328969438,-0.3183509055240592,-0.26132111149271947
outer,-10.061558812332228,298.6895681562812,-1.0845932113272594,-0.3319928450901201,-0.25793510334063885
outer,-10.011369315411416,298.77306950182253,-1.1105912781727072,-0.34602547396253136,-0.25449459195149104
outer,-9.87008645028159,298.5219028182334,-1.1642237969615958,-0.35230967894669885,-0.2618022677394829
outer,-9.819239390571981,298.6058480946259,-1.1876313627072574,-0.3657004349463314,-0.2584220963012329
outer,-9.768353519209043,298.68956815628115,-1.210382494521476,-0.37925141451488376,-0.2551378520383716
outer,-9.717425977925684,298.77306950182253,-1.2324004811656188,-0.39287427858789686,-0.25199527023929263
outer,-9.578365316728325,298.5219028182333,-1.2764319534397655,-0.39524599038690456,-0.2586665889038672
outer,-9.526781430164002,298.6058480946258,-1.2962194889365757,-0.40786687836661173,-0.2557750031060412
outer,-9.47515816952505,298.6895681562812,-1.3152382634620583,-0.42034901739585484,-0.2530834491102255
outer,-9.423492635125209,298.7730695018225,-1.3334540276123168,-0.43260715108685754,-0.25061231376844545
outer,-9.286666452787612,298.52190281823334,-1.3712597191600937,-0.4318056894517597,-0.25656199466326796
outer,-9.2343458551513,298.60584809462586,-1.3878722366422047,-0.4430559109830573,-0.2542862774630945
outer,-9.181985321107401,298.6895681562812,-1.4037929398040876,-0.4540043341090065,-0.2522139841465044
outer,-9.129581909557002,298.77306950182253,-1.4190423356024164,-0.4646111158331562,-0.2503405802665717
outer,-8.995016793676417,298.52190281823334,-1.4529981049878873,-0.4616911099596183,-0.2553532824478402
outer,-8.941959740790562,298.60584809462586,-1.4672747196115032,-0.4715146780270313,-0.2535508726641243
outer,-8.888862189359372,298.6895681562812,-1.4810519044413981,-0.48102978563168497,-0.25190049601374687
outer,-8.83572115688563,298.77306950182253,-1.4943796067213289,-0.4902395504704041,-0.25038618771843263
outer,-8.703471654388773,298.5219028182333,-1.5257301073038403,-0.4859249176563789,-0.2544006196050384
outer,-8.649678689665544,298.6058480946258,-1.5385228135412456,-0.4945883659717565,-0.2528645386070096
outer,-8.59584466467428,298.6895681562812,-1.5510091429875026,-0.503012832726708,-0.25142394956052244
outer,-8.541966555549742,298.77306950182253,-1.5632351053402596,-0.5112172977880914,-0.25006418945145026
outer,-8.412142551064132,298.5219028182333,-1.5924754406901065,-0.5058304085249741,-0.25314675998015523
outer,-8.357614797703032,298.6058480946258,-1.6043970230450484,-0.5136399764270676,-0.251721886555358
outer,-8.303045423208369,298.68956815628115,-1.61614106338781,-0.5212790084612194,-0.2503545972950214
outer,-8.248431362410289,298.77306950182253,-1.627735002320847,-0.5287626123803713,-0.2490360324067169
outer,-8.121244673699838,298.5219028182333,-1.6550456076401032,-0.5224273774134436,-0.2512921322410847
outer,-8.065984373701491,298.60584809462574,-1.6664392942422674,-0.5295957049663704,-0.2498955476328441
outer,-8.010681893415398,298.6895681562812,-1.6777200749325738,-0.5366344223610783,-0.24853712915015125
outer,-7.955334126493089,298.7730695018225,-1.6889001364939973,-0.5435509882916163,-0.24721245213364076
outer,-7.831175361525723,298.52190281823334,-1.714360216383581,-0.5363464408247784,-0.24874408314341842
outer,-7.775186822709828,298.60584809462586,-1.7253892634977557,-0.5429948590192051,-0.24734057218232974
outer,-7.719155547740136,298.6895681562812,-1.7363323645919033,-0.5495338811259283,-0.2459660037291051
outer,-7.663078389331688,298.7730695018225,-1.7471942067322905,-0.5559666410036527,-0.24461796519357343
outer,-7.542644151342762,298.52190281823334,-1.7708094463818704,-0.5479701699682096,-0.245520456241075
outer,-7.485935370504316,298.60584809462586,-1.7815472552913239,-0.5541718472530992,-0.24409610894082373
outer,-7.429183303749941,298.6895681562812,-1.7922096746663305,-0.5602753608054811,-0.24269530278488408
outer,-7.372384763307843,298.7730695018225,-1.8027986351665246,-0.566282397415837,-0.24131624686259165
outer,-7.2568315105459655,298.5219028182333,-1.824465058343442,-0.5575656908276866,-0.24168439047437407
outer,-7.199416621885451,298.6058480946258,-1.8349440339106826,-0.563375644344745,-0.24023169156188295
outer,-7.141957908335773,298.68956815628115,-1.8453515893324814,-0.5690958560785521,-0.2387980536404819
outer,-7.084452142432427,298.7730695018225,-1.855688679866954,-0.5747276896722473,-0.23738180220766167
outer,-6.975574597055891,298.5219028182333,-1.8751650137925409,-0.5653506101660575,-0.23731605956117824
outer,-6.917477286400197,298.6058480946258,-1.8853957876561445,-0.570817370750992,-0.23582783360827048
outer,-6.859335629961344,298.68956815628115,-1.8955560599380006,-0.5762020319535694,-0.2343541629939314
outer,-6.801146361913828,298.7730695018225,-1.9056463989606944,-0.5815059697775544,-0.23289335176528078
outer,-6.701466758061531,298.52190281823334,-1.9225693029474804,-0.5715204857115802,-0.23250716815073846
outer,-6.642724194391306,298.6058480946258,-1.9325490547738529,-0.5766889228732486,-0.23097510685322015
outer,-6.5839367924151375,298.6895681562811,-1.9424576668533757,-0.5817826959335054,-0.2294529463818365
outer,-6.525101250035966,298.7730695018224,-1.9522955728385036,-0.5868033403103485,-0.22793896355151913
outer,-6.437756763301255,298.5219028182333,-1.9662629398470053,-0.5762718477971355,-0.22736815733827997
outer,-6.378423006379235,298.6058480946258,-1.9759819571081383,-0.5811835584115173,-0.2257837889038236
outer,-6.319043959892442,298.6895681562812,-1.9856285065932313,-0.5860279875729546,-0.2242047685803995
outer,-6.25961628851094,298.7730695018225,-1.9952029935417674,-0.5908069074429683,-0.2226294039895722
outer,-6.187822331310555,298.5219028182333,-2.00590373380509,-0.5798210553416907,-0.22203143482122487
outer,-6.127969002103553,298.60584809462586,-2.0153518140448794,-0.5845144122784195,-0.22038818142748678
outer,-6.06806998674124,298.6895681562812,-2.02472589286664,-0.5891477491895702,-0.2187462121055268
outer,-6.008121920687029,298.7730695018225,-2.034026347768518,-0.5937230775998376,-0.2171039522555776
outer,-5.954508337268054,298.52190281823334,-2.0413546129745,-0.5824086040645005,-0.21664412217524298
outer,-5.894221847623791,298.6058480946258,-2.0505259978904813,-0.5869186910309596,-0.214939109892781
outer,-5.833889341192072,298.6895681562812,-2.0596218182299517,-0.5913756578968672,-0.21323213875123392
outer,-5.773507429087,298.7730695018225,-2.0686423567756234,-0.5957816794520436,-0.21152183969322297
outer,-5.739450050080925,298.52190281823334,-2.072733504856867,-0.5842778696513587,-0.2113442877818698
outer,-5.678825313825751,298.6058480946258,-2.081628887159884,-0.5886360115024089,-0.20957890005453922
outer,-5.618154302598822,298.6895681562812,-2.0904470978676652,-0.5929472417199901,-0.20780929650312885
outer,-5.557433608500477,298.77306950182253,-2.0991882319077018,-0.5972137573140821,-0.2060343824308807
outer,-5.542918492991113,298.5219028182333,-2.100359488024396,-0.5856403424295022,-0.20623808132087423
outer,-5.482051833036947,298.60584809462586,-2.108985131202035,-0.5898732851376224,-0.2044172030383018
outer,-5.421138713450261,298.6895681562812,-2.1175318831032874,-0.5940645236189809,-0.20259082133914835
outer,-5.364099635296533,298.52190281823334,-2.1246685585108147,-0.5866598614925023,-0.20139206825630213
outer,-5.360175712732053,298.7730695018225,-2.125999569055819,-0.5982161029510134,-0.20075815450946163
outer,-5.303083142302371,298.6058480946258,-2.1330341486852884,-0.5907892551396347,-0.1995226997979836
outer,-5.242020075307828,298.6895681562812,-2.141318986834604,-0.594880955745441,-0.19764736352148762
outer,-5.201325867208467,298.52190281823334,-2.1461254231357687,-0.5874457519062772,-0.19682983373612808
outer,-5.180907004391437,298.7730695018225,-2.149522583529094,-0.5989366879695687,-0.19576559504058488
outer,-5.140242961710249,298.6058480946258,-2.154241891384781,-0.591488164576894,-0.19491968519402317
outer,-5.0791134315188495,298.6895681562812,-2.162275645384002,-0.5954956565501731,-0.19300371990581247
outer,-5.052771724748447,298.52190281823334,-2.1651559814878443,-0.5880635696501326,-0.19254994643735318
outer,-5.017933842979493,298.7730695018225,-2.170225882563145,-0.5994695021706703,-0.19108176292780105
outer,-4.991696336454172,298.6058480946258,-2.1730341239899826,-0.5920310995787054,-0.19060650434787652
outer,-4.930574329204588,298.68956815628115,-2.180827587277528,-0.5959653392889653,-0.1886577980350457
outer,-4.916649641583125,298.5219028182333,-2.1821382788847163,-0.5885565714310986,-0.18853791057357508
outer,-4.869402269767553,298.77306950182253,-2.1885353030391363,-0.5998670417209794,-0.1867038888371274
outer,-4.855646406407804,298.6058480946258,-2.1897882840487206,-0.5924579005488502,-0.18656795192222117
outer,-4.794596607351814,298.68956815628115,-2.1973517711381643,-0.5963266215177901,-0.1845934947881245
outer,-4.791175701691986,298.52190281823334,-2.197394222138561,-0.5889500995419287,-0.18476755766369868
outer,-4.733496815238904,298.7730695018226,-2.2048274900996536,-0.6001629583846337,-0.18261476810286664
outer,-4.730299980736095,298.6058480946258,-2.2048255036008357,-0.5927914520941957,-0.1827769155544501
outer,-4.674930811677063,298.52190281823334,-2.2111888944953355,-0.5892612593296879,-0.18121502623191327
outer,-4.669377793231426,298.6895681562812,-2.2121686889391183,-0.5966001733647264,-0.1807826058777433
outer,-4.614230587987568,298.60584809462586,-2.218410182549802,-0.5930472225996676,-0.1792086133601268
outer,-4.608405717169633,298.77306950182253,-2.2194224531356697,-0.6003760070184088,-0.17878495093920121
outer,-4.566577497167207,298.52190281823334,-2.2237381745800824,-0.5895010853027018,-0.1778536024822592
outer,-4.553484031706575,298.6895681562812,-2.225542174009738,-0.5968000738340735,-0.1771993219490176
outer,-4.506093800085294,298.6058480946258,-2.2307576995209724,-0.5932352647463052,-0.17583547146158557
outer,-4.492687730691106,298.7730695018225,-2.2325835815496844,-0.6005191651644494,-0.175187495985336
outer,-4.465199910010433,298.5219028182333,-2.235218952968751,-0.5896805132052416,-0.174665493043332
outer,-4.445563935687143,298.68956815628115,-2.2376871880820066,-0.5969356172076694,-0.17381513794181822
outer,-4.404969007262209,298.6058480946258,-2.2420445746979816,-0.5933659554958709,-0.1726389963538534
outer,-4.384984504001223,298.7730695018225,-2.2445254925405425,-0.6006012141781819,-0.17179290416124515
outer,-4.3697658762583815,298.52190281823334,-2.2457841619933236,-0.5898080936312182,-0.17162731825943314
outer,-4.344692130156046,298.6895681562812,-2.2487799202503926,-0.5970168027164613,-0.17061081816701779
outer,-4.309818669161408,298.60584809462586,-2.2524233900669,-0.5934475529238257,-0.16959516290972823
outer,-4.284365892930876,298.77306950182253,-2.2554240614161625,-0.6006319628196968,-0.16858116776644239
outer,-4.279557859466068,298.52190281823334,-2.2555569905603687,-0.5898901138161606,-0.16872230203858224
outer,-4.249825704251939,298.6895681562812,-2.258972599523346,-0.5970517305112442,-0.16756167347326295
outer,-4.21992151877143,298.60584809462586,-2.2620170024068957,-0.5934861869797395,-0.1666866924551016
outer,-4.193910800182199,298.52190281823334,-2.264635688622334,-0.5899316469981252,-0.1659343253465374
outer,-4.189783611716261,298.77306950182253,-2.26543113394603,-0.6006194815929513,-0.16552692942759456
outer,-4.160239657549197,298.6895681562812,-2.2683877195527304,-0.597046467061272,-0.16464992243768373
outer,-4.134609038909205,298.60584809462586,-2.2709233955793944,-0.5934868943169427,-0.16389705678455085
outer,-4.112427705395073,298.52190281823334,-2.273104740825431,-0.5899397867623386,-0.16325471389032653
outer,-4.100508923460386,298.7730695018225,-2.2746687810362514,-0.6005698523679525,-0.1626119195485211
outer,-4.075262012493721,298.6895681562812,-2.2771229422620407,-0.5970060671591805,-0.16185863996229866
outer,-4.053482172544002,298.60584809462586,-2.2792267586923747,-0.593456747906956,-0.1612172858740461
outer,-4.034463904566919,298.5219028182334,-2.2810376317005803,-0.5899180267342032,-0.1606664658153405
outer,-4.015866387404378,298.7730695018225,-2.283234259887548,-0.6004881823680301,-0.15981884210619884
outer,-3.9944916464602356,298.6895681562812,-2.2852620901021328,-0.5969376058098906,-0.15917858079082392
outer,-3.9758928974109558,298.60584809462586,-2.2870002265944,-0.5933992245918728,-0.15863008615411914
outer,-3.959831030791155,298.5219028182334,-2.2884917290313096,-0.5898712292371097,-0.15816556170786394
outer,-3.9354528136371227,298.77306950182253,-2.2912109334196624,-0.6003815494055817,-0.15713820880719132
outer,-3.91727718289844,298.6895681562812,-2.292877868970102,-0.5968445410752004,-0.15659218468060282
outer,-3.901651867259199,298.60584809462586,-2.2943008383034136,-0.5933191524804688,-0.15613128411441146
outer,-3.888051992648944,298.52190281823334,-2.295521987966702,-0.5898033307654019,-0.1557394386990622
outer,-3.858613468576008,298.77306950182253,-2.298670983100981,-0.600253369372705,-0.15455222676927582
outer,-3.8434282954656247,298.6895681562812,-2.300026912043455,-0.596731649131143,-0.15409515104026236
outer,-3.830279510208577,298.60584809462586,-2.3011831592179446,-0.5932204144127853,-0.153708137090339
outer,-3.818877915085559,298.52190281823334,-2.3021720626793045,-0.589716958731276,-0.1533814507926764
outer,-3.785157044983708,298.77306950182253,-2.3056705496841645,-0.6001083302383117,-0.15205650176177898
outer,-3.7724629299269994,298.6895681562812,-2.3067633239540513,-0.5966027314490692,-0.1516745840384358
outer,-3.7615256572701945,298.60584809462586,-2.307690465587968,-0.5931055576889667,-0.15135389675131544
outer,-3.7520775458560713,298.5219028182334,-2.308478199796905,-0.5896151735690425,-0.1510857469496155
outer,-3.7145990042383463,298.77306950182253,-2.312263203664059,-0.599950110209077,-0.1496380154245538
outer,-3.7041296223718456,298.6895681562812,-2.3131299418278095,-0.5964602219562929,-0.14932365779041007
outer,-3.6951578538882828,298.6058480946259,-2.3138586553123233,-0.5929775605188166,-0.1490626381889843
outer,-3.687436858340733,298.52190281823334,-2.3144728553677623,-0.5895005901171334,-0.14884675656971147
outer,-3.6466865864467555,298.77306950182253,-2.3184912838073104,-0.5997809855546253,-0.14728989077605256
outer,-3.6381947150157767,298.6895681562812,-2.3191622661836395,-0.5963069822950712,-0.14703639586016337
outer,-3.630960960690417,298.60584809462586,-2.3197198336577323,-0.5928389346961433,-0.14682873593199125
outer,-3.6247585155261985,298.5219028182334,-2.3201850353178086,-0.5893754322487362,-0.14665922260242292
outer,-3.581184929610671,298.7730695018226,-2.3243898502725013,-0.5996036595910378,-0.14500612209394523
outer,-3.5744419548844055,298.6895681562812,-2.324892014647053,-0.5961453876580803,-0.14480713663747458
outer,-3.56873661468206,298.60584809462586,-2.325302664921529,-0.5926917866213304,-0.14464689237866682
outer,-3.5638612282617506,298.5219028182333,-2.3256404310805268,-0.589241551075643,-0.14451822429489028
outer,-3.517876666241815,298.77306950182253,-2.329990203497642,-0.5994203327521137,-0.14278102874919854
outer,-3.512671952218925,298.6895681562812,-2.330347483552741,-0.5959773958092607,-0.14263055677124417
outer,-3.508302584166462,298.6058480946259,-2.3306325171297257,-0.5925378416562416,-0.1425121569627371
outer,-3.504586086593428,298.5219028182334,-2.3308577941393027,-0.589099871408688,-0.14241949157761036
outer,-3.4565613789762737,298.77306950182253,-2.3353202533739883,-0.5992327807771307,-0.14060927384648855
outer,-3.452701532056782,298.68956815628115,-2.335553700106482,-0.5958045785716906,-0.140501686895934
outer,-3.449499132995701,298.60584809462586,-2.335727872786269,-0.5923779046186046,-0.14042024692122798
outer,-3.4469368893925365,298.52190281823334,-2.3358542765843526,-0.588953004941512,-0.1403639046943278
outer,-3.3970549488134516,298.7730695018226,-2.340404676671353,-0.5990423939129145,-0.13848587714280278
outer,-3.394370131425883,298.6895681562812,-2.3405288671996476,-0.5956275957675927,-0.13841623953594098
outer,-3.392330079792071,298.60584809462586,-2.3406056484616595,-0.5922144674490559,-0.13837205938501673
outer,-3.390633348393,298.52190281823334,-2.340650744035016,-0.5888017780334913,-0.13834328950571956
outer,-3.3391959852797544,298.7730695018226,-2.3452613934703495,-0.5988496631688494,-0.13640655123744855
outer,-3.3376815887142204,298.6895681562812,-2.345289663640446,-0.5954488001317786,-0.13637513398460674
outer,-3.336513679033742,298.6058480946259,-2.3452864368716577,-0.5920482287496839,-0.1363593763935243
outer,-3.3356228087996236,298.52190281823334,-2.3452606743010995,-0.5886466669459525,-0.13635628224553376
outer,-3.2829883465452054,298.7730695018226,-2.349906849157397,-0.5986567847665213,-0.13437223974618695
outer,-3.2823527000321335,298.6895681562812,-2.349856410876622,-0.5952687477401948,-0.13437011075733532
outer,-3.2819970021662708,298.60584809462586,-2.3497835041210187,-0.5918795351120562,-0.1343808416477909
outer,-3.28186863323791,298.5219028182334,-2.349696290403644,-0.5884893436755122,-0.13440235608741694
outer,-3.2291888059837492,298.52190281823334,-2.353970282965578,-0.5883299863921254,-0.13247622559418262
outer,-3.228743221332708,298.6058480946259,-2.3541089058783133,-0.591709952614243,-0.13243593590578426
outer,-3.228330262856931,298.6895681562812,-2.3542421668679916,-0.5950876422842868,-0.1323998215538775
outer,-3.228147369158004,298.7730695018226,-2.3543611009884025,-0.5984641602438395,-0.132374641107988
outer,-3.1776109020658354,298.52190281823334,-2.358091803681622,-0.5881696232214597,-0.13057912311117742
outer,-3.176569374485176,298.6058480946259,-2.358275156091202,-0.5915395503417697,-0.1305193513381825
outer,-3.17557725870372,298.6895681562812,-2.35845882783634,-0.594906935190126,-0.13046375415568634
outer,-3.174619576402893,298.77306950182253,-2.358637006762003,-0.59827184004528,-0.13041241306917553
outer,-3.1269949867628974,298.5219028182334,-2.3620719437459727,-0.5880088863142762,-0.12870705241669106
outer,-3.1255031800185433,298.60584809462586,-2.3622912749485687,-0.5913692520521073,-0.12863233662094425
outer,-3.123909778478539,298.68956815628127,-2.3625187389724056,-0.5947265800562221,-0.1285565763960821
outer,-3.1223677590109076,298.7730695018225,-2.3627463143426732,-0.5980811549647707,-0.12848504770946872
outer,-3.077271331150534,298.5219028182334,-2.365918258929669,-0.5878476674097793,-0.12685810711476544
outer,-3.0754039756724785,298.6058480946259,-2.3661682186192032,-0.5911996000767533,-0.1267708739260386
outer,-3.073355684051993,298.6895681562812,-2.3664307976535888,-0.5945473915929458,-0.12667955064613548
outer,-3.071207060066609,298.77306950182253,-2.366701210207127,-0.5978919393067554,-0.12658718483237222
outer,-3.0284836754787188,298.5219028182334,-2.3696371099529125,-0.587687164181996,-0.12503409692198733
outer,-3.026201669992832,298.6058480946259,-2.369913432404405,-0.5910303917183267,-0.12493305255571456
outer,-3.023773585069291,298.68956815628127,-2.370205833842126,-0.5943698203021656,-0.12482863426736474
outer,-3.021165485033588,298.7730695018226,-2.370510478980032,-0.5977048964135003,-0.12472009647981591
outer,-2.9804592961814715,298.52190281823334,-2.3732384616039113,-0.5875274849391628,-0.12322977107224276
outer,-2.9779402306407112,298.60584809462586,-2.373533203789644,-0.5908627491680455,-0.12312069411541551
outer,-2.975093027269597,298.6895681562812,-2.3738511900567856,-0.5941935673163928,-0.12300190887934673
outer,-2.9721009148664805,298.77306950182253,-2.3741848338792773,-0.5975203850329951,-0.12287971093312983
outer,-2.933171513239407,298.5219028182334,-2.376727123121529,-0.5873683004265832,-0.1214445241534588
outer,-2.9304460360376727,298.6058480946259,-2.3770373879638855,-0.5906967082492759,-0.12132851133238541
outer,-2.927358205899092,298.6895681562812,-2.3773730885933135,-0.5940196791772717,-0.1212012044815434
outer,-2.923942532200827,298.7730695018226,-2.3777315224586846,-0.5973380101521096,-0.1210640979782407
outer,-2.88668801679817,298.52190281823334,-2.3801066048787987,-0.58721070523167,-0.11968097416532635
outer,-2.883692267451385,298.6058480946259,-2.3804307230244905,-0.5905318606819865,-0.11955589827558387
outer,-2.880394600681241,298.6895681562812,-2.3807812812448192,-0.5938481205460324,-0.11942119358063796
outer,-2.8767347600540334,298.77306950182253,-2.3811567095414445,-0.5971587439650985,-0.11927509192291746
outer,-2.84085796199574,298.52190281823334,-2.383384813883412,-0.5870547767546103,-0.11793449810290889
outer,-2.837746966957445,298.6058480946259,-2.3837166893495767,-0.5903692472808619,-0.11780548553368977
outer,-2.8341752540648164,298.68956815628127,-2.384080440065287,-0.5936784046638043,-0.11766126642653002
outer,-2.8303021787155713,298.77306950182253,-2.384470049079568,-0.5969824825469532,-0.11750732099167614
outer,-2.7956527593600127,298.52190281823334,-2.386567603893062,-0.5869003967797796,-0.11620422771265146
outer,-2.7924585054315405,298.60584809462586,-2.3869031158750054,-0.5902088929506867,-0.11607261336229266
outer,-2.7887685603241126,298.68956815628127,-2.3872740210308856,-0.5935115202161257,-0.1159240630479033
outer,-2.7846176917017313,298.77306950182253,-2.3876761514937535,-0.5968086622677861,-0.11576016815238616
outer,-2.7510450314508175,298.5219028182334,-2.3896585472038097,-0.5867476917208732,-0.11448957751102116
outer,-2.7477981447610658,298.6058480946259,-2.3899957875804176,-0.5900506169025169,-0.11435640132972735
outer,-2.7440221054738676,298.68956815628127,-2.390369778756124,-0.5933474423799419,-0.11420488385675158
outer,-2.739750045773842,298.77306950182265,-2.3907784532360763,-0.5966382222281129,-0.11403627965499705
outer,-2.707028109184003,298.52190281823334,-2.392660341007303,-0.5865968365942282,-0.11279066648937829
outer,-2.7037383651670215,298.6058480946259,-2.3929982414748707,-0.5898944996020876,-0.11265625562259181
outer,-2.699907002647543,298.68956815628127,-2.393373432085789,-0.5931859299961738,-0.11250283351523518
outer,-2.695546041442965,298.77306950182253,-2.3937846375434964,-0.596471091319156,-0.1123309130390736
outer,-2.6635951309549664,298.5219028182334,-2.3955765385061585,-0.5864482104261601,-0.11110751731130786
outer,-2.6602724628918155,298.6058480946259,-2.3959131505927425,-0.5897406745605148,-0.11097229103895762
outer,-2.656395589618613,298.6895681562812,-2.3962884854333493,-0.5930270197696156,-0.11081730753834489
outer,-2.651976642966904,298.7730695018226,-2.39670035899937,-0.596306970711539,-0.1106431554800563
outer,-2.6206748909825315,298.5219028182334,-2.398411902549017,-0.586301785758451,-0.10943794234592061
outer,-2.61739354065637,298.6058480946259,-2.3987440395604165,-0.5895894853265913,-0.10930452113503754
outer,-2.6134811279295316,298.6895681562812,-2.3991175899018495,-0.5928708058342806,-0.10914841444769213
outer,-2.609014045554866,298.7730695018226,-2.3995290914047605,-0.5961458559192041,-0.1089723896346878
outer,-2.5782450917353894,298.5219028182334,-2.4011700965878138,-0.5861575219992152,-0.10778132169857406
outer,-2.5750300224712896,298.6058480946259,-2.40149562570301,-0.5894408691163764,-0.10765073518494003
outer,-2.571156684599672,298.6895681562812,-2.401864243281655,-0.5927175987375676,-0.10749615674098244
outer,-2.5666514760209553,298.7730695018226,-2.4022734654629265,-0.5959878040690302,-0.1073187158435165
outer,-2.5362844117557373,298.5219028182334,-2.4038539906707426,-0.5860154870870413,-0.10613714269256093
outer,-2.533159494877508,298.6058480946259,-2.404171535479472,-0.5892947489215913,-0.10601030072130639
outer,-2.5293503131486816,298.68956815628127,-2.4045331182168637,-0.5925673028822918,-0.10585829887144137
outer,-2.5248819656537367,298.77306950182253,-2.4049369532529066,-0.595833095354161,-0.10568212379047219
outer,-2.4947724683461288,298.5219028182334,-2.4064662929197143,-0.5858757342381449,-0.10450490894358469
outer,-2.491760525564102,298.6058480946259,-2.406774613674733,-0.5891511636376527,-0.1043826935166566
outer,-2.4880394841013933,298.68956815628127,-2.4071278046111204,-0.5924198069298116,-0.10423419433430092
outer,-2.483633197178704,298.7730695018226,-2.4075241830197665,-0.5956816039604771,-0.10406035158910491
outer,-2.4536897813612777,298.52190281823334,-2.4090095589219866,-0.5857383040210029,-0.10288414025874049
outer,-2.450812625861362,298.6058480946259,-2.40930754463326,-0.5890101398942575,-0.10276740556433858
outer,-2.4472026542089846,298.6895681562812,-2.409651122392152,-0.5922751227335344,-0.10262330607542793
outer,-2.4428825250092223,298.7730695018226,-2.410038708082587,-0.5955331863493116,-0.10245273742760591
outer,-2.4130177381035374,298.5219028182334,-2.411486200473435,-0.5856032261555784,-0.10127437252169358
outer,-2.4102962143440965,298.6058480946259,-2.411772861414686,-0.5888716939010411,-0.10116394505966018
outer,-2.406819228748668,298.6895681562812,-2.412105732270235,-0.592133252231085,-0.10102511334736278
outer,-2.402608294868141,298.7730695018226,-2.412483323521709,-0.5953878293589138,-0.10085873032050367
outer,-2.3727385593175807,298.52190281823334,-2.413898493821792,-0.585470521116537,-0.09967515757444936
outer,-2.3701925815448326,298.6058480946259,-2.4141729544129746,-0.5887358330875915,-0.09957183636345432
outer,-2.366869524938099,298.68956815628127,-2.414494144709339,-0.5919941890659133,-0.09943911176085665
outer,-2.362789805892422,298.77306950182253,-2.414860666171046,-0.5952455121020601,-0.09927779581898913
outer,-2.3328352662762377,298.5219028182334,-2.416248587490793,-0.585340201566078,-0.09808606309032893
outer,-2.3304838557715017,298.6058480946259,-2.416510079529966,-0.5886025575498028,-0.0979906199556816
outer,-2.327334736466037,298.68956815628127,-2.416818728494664,-0.5918579200729,-0.09786481332239336
outer,-2.3234072738596705,298.7730695018226,-2.4171732235319996,-0.5951062074316206,-0.09770941613023351
outer,-2.293291648946556,298.5219028182334,-2.4185385096418925,-0.5852122735702704,-0.09650667242056186
outer,-2.2911529700222943,298.6058480946259,-2.4187863659370237,-0.5884718613014882,-0.09641985236302376
outer,-2.2881968991331414,298.6895681562813,-2.4190817189137643,-0.5917244265728471,-0.0963017464497678
outer,-2.2844417955355922,298.77306950182265,-2.4194233423872897,-0.594969883285754,-0.09615309022651798
outer,-2.2540922352220787,298.5219028182334,-2.420770174970881,-0.5850867376273469,-0.09493658440010522
outer,-2.2521836299862246,298.6058480946259,-2.421003823385426,-0.5883437333329509,-0.09485910603328802
outer,-2.249438857595634,298.6895681562812,-2.421285225496649,-0.5915936854450583,-0.09474945593081262
outer,-2.245875314137851,298.7730695018226,-2.4216132370211323,-0.5948365038002635,-0.09460833390369636
outer,-2.2152222612054215,298.52190281823334,-2.4229453911521244,-0.5849635895484325,-0.09337541311462912
outer,-2.213560283115264,298.6058480946259,-2.4231643489912216,-0.5882181584627578,-0.09330796915160253
outer,-2.2110442332000715,298.6895681562812,-2.4234312392347386,-0.5914656699936572,-0.09320750279942643
outer,-2.207690585908339,298.7730695018226,-2.4237449969214313,-0.594706030184494,-0.09307467973663916
outer,-2.1766676425230296,298.5219028182334,-2.425065864837792,-0.5848428211978441,-0.09182278764581991
outer,-2.1752680887525724,298.60584809462597,-2.4252697335654205,-0.5880951180699956,-0.09176604541573849
outer,-2.1729973928954824,298.68956815628127,-2.4255216392299492,-0.591340350621416,-0.0916754641457012
outer,-2.169871147782047,298.7730695018226,-2.425820593839685,-0.5945784213712,-0.0915516769302005
outer,-2.1384149466523645,298.5219028182334,-2.4271332073480116,-0.5847244211864228,-0.09027835181293292
outer,-2.1372928892981,298.6058480946259,-2.4273216675429268,-0.5879745907327414,-0.09023295379627191
outer,-2.13528341920705,298.68956815628127,-2.4275581989117896,-0.5912176954280354,-0.09015293289584039
outer,-2.1324012861392103,298.7730695018226,-2.4278418882813555,-0.5944536345265446,-0.09003889111664706
outer,-2.1004513662404634,298.5219028182334,-2.4291489400587922,-0.5846083754875545,-0.08874176391401417
outer,-2.099621182391859,298.6058480946259,-2.4293217466529207,-0.5878565528450597,-0.08870832830032628
outer,-2.097888081252248,298.6895681562813,-2.4295425919688785,-0.5910976708011897,-0.08863951759133837
outer,-2.095266006624032,298.7730695018226,-2.429810635686276,-0.5943316255853229,-0.08853590414717266
outer,-2.0627646933914154,298.5219028182334,-2.4311144995329066,-0.5844946679785927,-0.08721269646801753
outer,-2.06224009409376,298.60584809462597,-2.4312714773065465,-0.5877409791510111,-0.08719181773396945
outer,-2.0607978067803607,298.68956815628127,-2.431476398015397,-0.590980241946401,-0.08713484217497436
outer,-2.0584510050115683,298.7730695018226,-2.431728492393197,-0.5942123497917112,-0.08704231389748776
outer,-2.025343294899258,298.5219028182334,-2.433031242383683,-0.5843832808944286,-0.08569083594637299
outer,-2.025137353037456,298.6058480946259,-2.4331722817275843,-0.5876278431961595,-0.08568308545507591
outer,-2.0239996552133857,298.6895681562812,-2.4333611079995654,-0.5908653733367308,-0.0856385457670013
outer,-2.0219426391031217,298.7730695018226,-2.4335970213414204,-0.5940957621463291,-0.08555773407270512
outer,-1.9883012655343864,298.60584809462597,-2.435025502831244,-0.5875171177113346,-0.08418180910415186
outer,-1.988176088402568,298.5219028182334,-2.434900449888751,-0.5842741952132481,-0.08417588248658496
outer,-1.987481291665991,298.6895681562812,-2.43519812935858,-0.5907530290869527,-0.08415028241763399
outer,-1.9857279016281733,298.77306950182265,-2.435417697522145,-0.5939818177760344,-0.08408179398450842
outer,-1.9517206916044534,298.60584809462597,-2.4368324088060724,-0.587408774899195,-0.08268768030984874
outer,-1.95125251943587,298.5219028182334,-2.4367232902350167,-0.5841673848834004,-0.08266755799030953
outer,-1.9512309619209116,298.68956815628127,-2.4369887908858696,-0.5906431732453865,-0.08266972082568623
outer,-1.9497943941304487,298.7730695018226,-2.4371919131428395,-0.5938704722184358,-0.08261413828830654
outer,-1.9153850219081479,298.6058480946259,-2.4385941558481137,-0.587302780460402,-0.08120041299661628
outer,-1.9152374683355102,298.68956815628127,-2.4387343472825154,-0.5905357699932965,-0.08119654402575044
outer,-1.9145659645364306,298.5219028182334,-2.4385004893420597,-0.5840627910112478,-0.0811657840057838
outer,-1.9141303018144649,298.7730695018226,-2.4389209824576437,-0.5937616816119912,-0.08115442667729748
outer,-1.8794901466542098,298.68956815628127,-2.4404359423593034,-0.5904307774502322,-0.07973045790211686
outer,-1.8792875985465398,298.6058480946259,-2.440311463259291,-0.5871990669741377,-0.07971992335809767
outer,-1.8787243693276665,298.77306950182265,-2.440606146274928,-0.5936554028130644,-0.07970233354387668
outer,-1.878134748798941,298.5219028182334,-2.4402327911222423,-0.5839605312197365,-0.0796712569702595
outer,-1.8439823045155237,298.6895681562812,-2.442094288386061,-0.590328120136126,-0.07827137327010514
outer,-1.8435658774534736,298.7730695018226,-2.4422485356260744,-0.5935515869820662,-0.07825755669989948
outer,-1.8434468418887278,298.6058480946259,-2.441985068168334,-0.5870977464230297,-0.07824690423950101
outer,-1.8419191369784678,298.5219028182334,-2.4419217313157096,-0.5838605444056935,-0.07818265788366786
outer,-1.8087324576359813,298.6895681562812,-2.4437101155825744,-0.5902279051078637,-0.07681997931686678
outer,-1.8086480993398542,298.77306950182253,-2.4438488553079027,-0.5934501509849691,-0.0768200015850713
outer,-1.8078228101012495,298.6058480946259,-2.443616488872032,-0.5869987531469174,-0.07678002274480997
outer,-1.8059102194519119,298.5219028182334,-2.443568601278937,-0.5837627533102856,-0.07669968329342967
outer,-1.7739896461285272,298.77306950182253,-2.445407828526314,-0.5933511976537142,-0.0753903536850356
outer,-1.7737004574355328,298.68956815628127,-2.4452849244659727,-0.590130062877091,-0.07537492921315933
outer,-1.7724065472384922,298.6058480946259,-2.445207001797121,-0.586902001570883,-0.0753189680132833
outer,-1.770099524567053,298.5219028182334,-2.4451743242545647,-0.5836671354587276,-0.07522209834312998
outer,-1.7395501623237002,298.7730695018226,-2.4469269376919294,-0.5932546543839896,-0.07396725222281963
outer,-1.7388773016109378,298.68956815628127,-2.446819975970066,-0.590034499944857,-0.0739359046944759
outer,-1.7371895376030493,298.6058480946259,-2.446757519969026,-0.586807463592008,-0.07386349829265007
outer,-1.734478999949742,298.5219028182334,-2.4467397723692357,-0.5835736685756248,-0.07374967994651499
outer,-1.7053205992266431,298.7730695018226,-2.4484074276403716,-0.5931604200840401,-0.07255037155738428
outer,-1.704254430386016,298.68956815628127,-2.4483161725612717,-0.5899411830549222,-0.07250265712216546
outer,-1.7021636869555117,298.60584809462586,-2.4482689057453424,-0.5867151117072122,-0.07241338386564275
outer,-1.6990409945513745,298.5219028182334,-2.4482657073242127,-0.5834823215106608,-0.0722822324644865
outer,-1.6712923529460688,298.7730695018226,-2.4498501899545726,-0.5930684568127699,-0.07113945619410209
outer,-1.6698237076239377,298.68956815628127,-2.4497743665248386,-0.5898500799342498,-0.07107495017462934
outer,-1.6673213044683575,298.6058480946259,-2.449741912478979,-0.5866249097010089,-0.07096842311380237
outer,-1.6637844193151174,298.5219028182334,-2.4497524819684653,-0.5833930447773522,-0.0708198633955273
outer,-1.6374572454135792,298.77306950182253,-2.451256066565965,-0.5929787279708996,-0.0697342632562606
outer,-1.6355774026880352,298.68956815628127,-2.4511953025914286,-0.589761149698534,-0.06965257630117515
outer,-1.6326612954226545,298.60584809462597,-2.451176890617896,-0.5865368024772718,-0.06952872058414755
outer,-1.6287326293866577,298.5219028182334,-2.4512005183051557,-0.5833059559838797,-0.06936342218356374
outer,-1.6038075061507924,298.77306950182253,-2.452625793341153,-0.5928911883810064,-0.06833457932759544
outer,-1.6015144151929506,298.6895681562812,-2.452579328563745,-0.5896743318732182,-0.06823563717484743
outer,-1.5982071363905423,298.60584809462597,-2.452574257228677,-0.586450905104401,-0.06809512372287584
outer,-1.5938418170692819,298.5219028182334,-2.452611068951162,-0.5832209841892746,-0.06791140733207134
outer,-1.5703420291011416,298.77306950182265,-2.4539597152154435,-0.5928057723871476,-0.06694050329536572
outer,-1.5676583432299458,298.6895681562812,-2.4539268566612495,-0.5895897395357249,-0.0668249782489036
outer,-1.5639147919133949,298.6058480946259,-2.4539352489699966,-0.5863671447412366,-0.0666661177193732
outer,-1.5591055875329278,298.5219028182334,-2.453985150967823,-0.5831380519483377,-0.06646357145994909
outer,-1.5370845339746513,298.7730695018226,-2.4552582396849494,-0.5927225916126686,-0.06555287862711578
outer,-1.533964923404544,298.6895681562812,-2.4552391073980013,-0.5895072984610381,-0.06541907141473324
outer,-1.5297778339134132,298.6058480946259,-2.4552608713155113,-0.5862854377332931,-0.06524144943482874
outer,-1.5245178766356569,298.5219028182334,-2.4553233913923327,-0.5830571391566042,-0.06501974721527314
outer,-1.5039905292543334,298.77306950182265,-2.456522570919498,-0.5926415709403076,-0.06417016393130741
outer,-1.5004276943661206,298.6895681562812,-2.4565170741748736,-0.589426918922436,-0.06401765782117196
outer,-1.495790166720557,298.6058480946259,-2.4565517439940088,-0.5862057604838381,-0.06382094614621013
outer,-1.490072936429279,298.5219028182334,-2.4566261050963236,-0.5829781822615938,-0.06357986570658741
outer,-1.4710535202892574,298.77306950182265,-2.457753689708305,-0.5925626146698433,-0.06279209469198657
outer,-1.467040528892108,298.68956815628127,-2.4577613691509645,-0.5893485741136846,-0.06262055941060696
outer,-1.4619460125022474,298.60584809462597,-2.4578081800571954,-0.5861280449728794,-0.06240453578468217
outer,-1.4557989258110584,298.52190281823346,-2.4578934275027557,-0.58290126897819,-0.062144970351248344
outer,-1.4382673482788844,298.7730695018226,-2.45895220036851,-0.5924856930694228,-0.06141848756317786
outer,-1.4337976192428912,298.6895681562812,-2.458972303261102,-0.5892721916769768,-0.0612277010229089
outer,-1.4282736765575446,298.6058480946259,-2.459030313169057,-0.5860523766165479,-0.06099326203684924
outer,-1.4216668704249293,298.5219028182334,-2.45912618475742,-0.5828263849658566,-0.06071407119453231
outer,-1.4056261755517803,298.7730695018226,-2.4601184114046184,-0.5924107295466338,-0.06004926439768689
outer,-1.4007274172310802,298.68956815628127,-2.460150008410888,-0.5891978550857805,-0.05984012666034969
outer,-1.3947440338889325,298.6058480946259,-2.460218957269636,-0.5859787408139749,-0.05958612478798355
outer,-1.3876603168176718,298.5219028182334,-2.4603253203771187,-0.5827534532407086,-0.05928655959372027
outer,-1.3731586005542025,298.7730695018226,-2.4612524530162383,-0.5923378060005893,-0.05868546957542209
outer,-1.3678006471026476,298.68956815628127,-2.4612952862978625,-0.5891255499696392,-0.05845682609139973
outer,-1.3613405454993992,298.6058480946259,-2.4613750447687277,-0.5859070564740849,-0.05818250831121063
outer,-1.3537745100003953,298.52190281823334,-2.461491394379631,-0.5826824381120815,-0.05786229094605473
outer,-1.3408351966521561,298.7730695018226,-2.462355114655547,-0.5922669087768355,-0.05732608279834453
outer,-1.3350006842517035,298.6895681562812,-2.46240905787949,-0.589055191276213,-0.057077176583214526
outer,-1.3280584316783914,298.6058480946259,-2.462499129462758,-0.5858372846299537,-0.05678226357194975
outer,-1.3200073046951757,298.5219028182334,-2.4626245498428623,-0.5826132796754555,-0.056441336186724915
outer,-1.308639253560646,298.77306950182253,-2.46342730547215,-0.5921979489791379,-0.055970474406600114
outer,-1.3023227242268973,298.6895681562812,-2.463491870500013,-0.5889867369167867,-0.05570102474040897
outer,-1.2948955359943144,298.6058480946259,-2.463591355655898,-0.5857693616069711,-0.055385459795672755
outer,-1.2863936802083684,298.5219028182334,-2.463724855866323,-0.5825460953835456,-0.05502494409277731
outer,-1.2765659420674238,298.7730695018226,-2.4644695661151763,-0.5921308815344475,-0.054618486715162305
outer,-1.2697645994345665,298.6895681562812,-2.4645438694863127,-0.5889201194825368,-0.05432843818158006
outer,-1.2618870196155534,298.6058480946259,-2.4646517894851905,-0.5857034042424768,-0.053993346711424195
outer,-1.252885752116815,298.5219028182334,-2.4647931737518145,-0.5824808291970008,-0.05361144773114286
outer,-1.2446130834075992,298.77306950182265,-2.4654820426943727,-0.5920656352932933,-0.05327018584475167
outer,-1.2373616530440537,298.68956815628127,-2.4655651180877327,-0.5888554555409367,-0.05296066761414117
outer,-1.228984749161567,298.6058480946259,-2.4656812786293445,-0.5856393569189807,-0.05260424498454025
outer,-1.2194796177834366,298.5219028182334,-2.4658302505376395,-0.5824174104396337,-0.05220065655286784
outer,-1.2128162029003218,298.7730695018226,-2.4664647957056665,-0.5920023269367891,-0.05192682351253133
outer,-1.2050655025271602,298.68956815628127,-2.466556450259296,-0.5887926902796431,-0.05159602134811374
outer,-1.1961848017049146,298.60584809462586,-2.4666805630029005,-0.5855771444105545,-0.051217959790169854
outer,-1.1861715949621177,298.5219028182334,-2.4668362591881143,-0.5823557857411259,-0.05079255896073597
outer,-1.1811266686660278,298.7730695018226,-2.4674186452869433,-0.5919409028311008,-0.05058669572205131
outer,-1.1728722046507667,298.68956815628127,-2.4675185984514862,-0.5887317439363849,-0.050234300371998344
outer,-1.1634834758549844,298.6058480946259,-2.4676498162311775,-0.5855167103147754,-0.04983447736031879
outer,-1.152990723855769,298.5219028182334,-2.467811213044188,-0.582296028002186,-0.04938822523432109
outer,-1.1495405171490238,298.7730695018226,-2.468344316043002,-0.591881278644754,-0.04924959936640863
outer,-1.1407780388652107,298.68956815628127,-2.468451736767918,-0.588672557090397,-0.04887548884704277
outer,-1.1309099627985697,298.6058480946259,-2.468589050256328,-0.5854581266311617,-0.048454869140268024
outer,-1.1199086963793679,298.5219028182334,-2.468755657351581,-0.582238128428824,-0.047986677964757474
outer,-1.1180540086249229,298.77306950182265,-2.4692419823871874,-0.5918233919576017,-0.04791551663838635
outer,-1.1088123474562275,298.6895681562813,-2.469355875784337,-0.5886152010718206,-0.04752065943142148
outer,-1.0984358072731508,298.6058480946259,-2.469498800015237,-0.5854013853238802,-0.047078149095122895
outer,-1.0869121455770276,298.5219028182334,-2.469670253569042,-0.5821820253983975,-0.046587402935344004
outer,-1.0866966366023167,298.7730695018226,-2.4701116535729875,-0.5917673136599204,-0.046585521458863535
outer,-1.0769465278715913,298.68956815628127,-2.470231540097119,-0.5885596689367594,-0.046168817504414254
outer,-1.0660475728262973,298.6058480946259,-2.4703797200109148,-0.5853464218440368,-0.04570379729307343
outer,-1.0554396511185653,298.77306950182253,-2.4709538438315217,-0.5917130382288615,-0.045258610662204726
outer,-1.0539980827869049,298.5219028182334,-2.4705552252547593,-0.5821276579040844,-0.04519037913091646
outer,-1.0451670741091987,298.6895681562812,-2.4710793769953616,-0.5885058932571352,-0.044819437497262804
outer,-1.0337422552577054,298.6058480946259,-2.4712320345573993,-0.5852931719703702,-0.04433179053689336
outer,-1.0242694765648965,298.7730695018226,-2.471769192970456,-0.5916604953895926,-0.043934253122226895
outer,-1.0211936979672263,298.5219028182334,-2.4714105711887346,-0.5820750876346591,-0.04379661343622764
outer,-1.0134709664184802,298.6895681562812,-2.471899611372274,-0.588453806573812,-0.04347249413095674
outer,-1.0015471858898073,298.6058480946259,-2.4720557410049593,-0.5852416968599847,-0.042963136934986004
outer,-0.9931830776278034,298.7730695018226,-2.4725579262791277,-0.5916096144087172,-0.04261242158055589
outer,-0.9884732661719011,298.5219028182334,-2.4722367231031144,-0.5820243129587118,-0.04240522006288987
outer,-0.9818856775939067,298.6895681562812,-2.4726922391649726,-0.5884034697012532,-0.04212899678550087
outer,-0.9694365060290993,298.6058480946259,-2.472851261942461,-0.585191995865649,-0.0415969431055226
outer,-0.9622080686897212,298.7730695018226,-2.4733200383088825,-0.5915604559492913,-0.041294126738089104
outer,-0.9558242408658668,298.5219028182334,-2.473034230924345,-0.5819752796776404,-0.04101571290822236
outer,-0.9503852150925802,298.68956815628127,-2.473457673770431,-0.5883548832479563,-0.04078804452764849
outer,-0.9373976039094283,298.6058480946259,-2.473619141843667,-0.585144012310466,-0.04023271757219259
outer,-0.9313183232484881,298.7730695018226,-2.4740559332266536,-0.5915130221529381,-0.0399784601528686
outer,-0.9232442196536828,298.5219028182334,-2.473803263679273,-0.5819279229650552,-0.039628093192519614
outer,-0.9189569018674374,298.68956815628127,-2.4741964539978354,-0.588307988093378,-0.039449140585384915
outer,-0.905428064644985,298.60584809462586,-2.474359551829021,-0.5850976782052627,-0.03887045956315101
outer,-0.9005010989228497,298.77306950182253,-2.474766143956233,-0.5914672514758119,-0.03866491983750827
outer,-0.8907648911738282,298.5219028182334,-2.4745437960823167,-0.5818823208184523,-0.03824351274299504
outer,-0.8875983105326818,298.6895681562812,-2.474908752927296,-0.5882627130427492,-0.03811228229814588
outer,-0.8735597416276427,298.6058480946259,-2.475072464095623,-0.5850530719136434,-0.03751132284969287
outer,-0.8697539558168449,298.7730695018226,-2.475450845391549,-0.5914230694548647,-0.037353501348144705
outer,-0.8583489222813484,298.5219028182334,-2.475256259612729,-0.5818384582476557,-0.03686067759142397
outer,-0.8563414593594798,298.6895681562812,-2.4755945402678208,-0.588219137026786,-0.03677862542332383
outer,-0.841755107612558,298.6058480946259,-2.475758300911769,-0.585010179708731,-0.03615400468242702
outer,-0.8391090772157888,298.7730695018226,-2.4761100047931373,-0.5913805557938636,-0.03604536247098349
outer,-0.8259921872417257,298.5219028182334,-2.475941074277842,-0.5817962688058488,-0.035479402539466895
outer,-0.8251486268547584,298.6895681562812,-2.4762542289917477,-0.5881772478007032,-0.03544685848030889
outer,-0.8100100154148909,298.6058480946259,-2.476417480755172,-0.5849689317245563,-0.03479831611004896
outer,-0.8085285472195034,298.7730695018226,-2.47674402576367,-0.5913396999555118,-0.03473918304591009
outer,-0.7940156443671725,298.6895681562812,-2.476888235867398,-0.588136972030034,-0.03411678885531403
outer,-0.7937020590099595,298.5219028182334,-2.476598305490825,-0.5817557356090686,-0.034100020875066195
outer,-0.7783318763227035,298.60584809462586,-2.4770500698400397,-0.5849293094641067,-0.03344458956724617
outer,-0.7780081756923277,298.7730695018226,-2.4773533231696576,-0.5913004250675892,-0.033434766889267
outer,-0.7629499615469556,298.6895681562812,-2.4774966278634403,-0.5880982896397278,-0.032788748210640345
outer,-0.7614892067710284,298.5219028182334,-2.477228046290223,-0.5817169063177622,-0.032722941939915796
outer,-0.7475554506783192,298.7730695018226,-2.4779379646809288,-0.591262709497586,-0.03213244497146961
outer,-0.7467314149913749,298.6058480946259,-2.477656156907986,-0.5848913615051279,-0.03209323350504514
outer,-0.7319623585623791,298.6895681562812,-2.478079489397874,-0.5880612502914433,-0.03146314415471139
outer,-0.7293266123775731,298.52190281823334,-2.4778306589884407,-0.5816797586697411,-0.03134721342468106
outer,-0.7171812079038821,298.7730695018226,-2.4784980303833852,-0.5912266041713321,-0.03083262410626026
outer,-0.715181472802745,298.60584809462586,-2.478236098116639,-0.5848550656784857,-0.030743288727882123
outer,-0.7010255362170563,298.68956815628127,-2.478637170376448,-0.5880258320284393,-0.03013901066667246
outer,-0.6972126613234996,298.5219028182334,-2.4784063880228935,-0.5816442270895168,-0.029972780408619285
outer,-0.6868580074794955,298.77306950182253,-2.479033863836751,-0.5911920874624327,-0.029534331509247357
outer,-0.6836804268565494,298.60584809462586,-2.4787901388957407,-0.5848203531368472,-0.02939469724589902
outer,-0.670137863210394,298.6895681562812,-2.4791699171168897,-0.5879919626719761,-0.02881628677416647
outer,-0.6651664524440092,298.5219028182334,-2.478955248299457,-0.5816103443633234,-0.02860036697907297
outer,-0.6565842096971647,298.7730695018226,-2.479545712123351,-0.5911590837772128,-0.028237503313431712
outer,-0.6522474752855169,298.6058480946259,-2.4793182927535384,-0.5847872567357679,-0.028048183979080148
outer,-0.6393186370482191,298.6895681562812,-2.479677741699059,-0.5879596752394993,-0.027495698292077642
outer,-0.6331705467824645,298.52190281823334,-2.479477450762061,-0.5815781225535486,-0.027229390108752506
outer,-0.6263792115172871,298.7730695018226,-2.4800335858827465,-0.5911276264031202,-0.026942866291230785
outer,-0.6208650884654212,298.60584809462586,-2.479820765202339,-0.5847557896586512,-0.02670316117713517
outer,-0.6085502373696604,298.68956815628127,-2.4801608441554754,-0.5879289841887876,-0.026176652806964594
outer,-0.6012152572537035,298.5219028182334,-2.4799732653521467,-0.5815475190437223,-0.025859483187920144
outer,-0.5962253017680488,298.7730695018226,-2.480497679611948,-0.5910977312147393,-0.02564982342634288
outer,-0.5895235289467882,298.60584809462586,-2.4802978244331335,-0.5847259074353458,-0.025359257679786418
outer,-0.5778228763223063,298.6895681562812,-2.480619490835494,-0.5878998431901535,-0.024858774677999462
outer,-0.5693057605178901,298.5219028182334,-2.480442783031557,-0.5815185103785504,-0.02449086542610058
outer,-0.5661126421529322,298.77306950182253,-2.4809382577207644,-0.5910693500035874,-0.024357994667511734
outer,-0.5582280003038388,298.60584809462586,-2.480749561710536,-0.5846975850493576,-0.024016691071587465
outer,-0.547141784415249,298.6895681562812,-2.481053773247694,-0.5878722256566374,-0.02354227993695218
outer,-0.5374505584696887,298.52190281823334,-2.480886075720282,-0.5814911301082363,-0.023123876517147472
outer,-0.5360464901376296,298.77306950182253,-2.481355411916061,-0.591042454612762,-0.023067594566239566
outer,-0.5269870486337723,298.6058480946259,-2.4811760460860275,-0.5846708569309825,-0.022675800592022344
outer,-0.5165155519817071,298.6895681562812,-2.4814637575564893,-0.5878461670256917,-0.022227507433921975
outer,-0.5060354803279685,298.7730695018226,-2.481749205448874,-0.5910170816054113,-0.021778961648771602
outer,-0.5056285022906847,298.52190281823334,-2.481303362191297,-0.5814653676890628,-0.021757778845080573
outer,-0.4957794151626331,298.6058480946259,-2.4815774926065814,-0.5846457127209226,-0.021335843220370146
outer,-0.48592281020842065,298.6895681562812,-2.4818496550191225,-0.5878216571948663,-0.020913708807795264
outer,-0.47605813378105716,298.77306950182253,-2.4821198457275355,-0.5909932212064775,-0.020491342277306042
outer,-0.4738385266197375,298.52190281823334,-2.481694786025023,-0.5814411745257244,-0.02039252760389558
outer,-0.46460402899033165,298.6058480946258,-2.4819540452952578,-0.5846221013758418,-0.019996770726740082
outer,-0.4553624826520263,298.6895681562812,-2.4822116100289673,-0.5877986426095132,-0.019600832469713517
outer,-0.44611336850577943,298.7730695018226,-2.4824674774505677,-0.5909708172901955,-0.01920468156961913
outer,-0.4420962335137965,298.52190281823334,-2.4820603790520916,-0.581418576900173,-0.019028717425856566
outer,-0.4334765732909894,298.60584809462586,-2.482305734669636,-0.5846000495978153,-0.018659178450141766
outer,-0.4248503336657998,298.6895681562812,-2.4825496517778944,-0.5877771504774788,-0.01828947453598704
outer,-0.4162170301010266,298.77306950182253,-2.4827921284646344,-0.5909498976484316,-0.017919576490521286
outer,-0.4103831437946459,298.5219028182334,-2.482400291705607,-0.5813975799786413,-0.017665728790976713
outer,-0.4023784728106374,298.60584809462586,-2.4826327080254322,-0.5845795633256865,-0.017322442520964012
outer,-0.3943676918466882,298.6895681562812,-2.48286392439046,-0.5877571876013911,-0.016979006855906854
outer,-0.38635035093603853,298.7730695018226,-2.483093939691549,-0.5909304700365826,-0.01663539467549618
outer,-0.37869529824364745,298.52190281823334,-2.482714659694505,-0.5813781498312436,-0.016303398649168622
outer,-0.37130574774624003,298.6058480946258,-2.4829351003829263,-0.5845606069635141,-0.015986396008341425
outer,-0.3639105567914832,298.6895681562812,-2.4831545621406113,-0.5877387166874134,-0.015669258673571766
outer,-0.3565093099903862,298.77306950182253,-2.483373044594938,-0.5909124954226749,-0.015351961599198194
outer,-0.34703969894760334,298.52190281823334,-2.483003531752466,-0.5813602872782616,-0.01494200790435001
outer,-0.34026543658933034,298.60584809462586,-2.483212959816483,-0.5845431810040504,-0.01465131882885605
outer,-0.33348600342428464,298.68956815628115,-2.4834216124182404,-0.587721737932051,-0.014360508986088302
outer,-0.3267010186506591,298.7730695018226,-2.483629489852027,-0.5908959737341848,-0.014069555407887645
outer,-0.3154122673757021,298.5219028182334,-2.4832669945434303,-0.5813440026475938,-0.013581445857339175
outer,-0.3092534396043133,298.60584809462586,-2.4834663714006933,-0.5845272962824594,-0.013317098124726954
outer,-0.3030899107884295,298.6895681562812,-2.4836651586742855,-0.5877062627296857,-0.013052642848444247
outer,-0.29692133472177307,298.77306950182253,-2.4838633572807844,-0.5908809169976842,-0.01278805914019735
outer,-0.28380359053942195,298.52190281823334,-2.4835051513117117,-0.5813292828716489,-0.012221379506649371
outer,-0.27826029486324316,298.6058480946259,-2.4836954370699713,-0.5845129392390541,-0.01198339700406882
outer,-0.2727127679792976,298.6895681562812,-2.483885301500632,-0.5876922770464882,-0.011745319538798841
outer,-0.26716069828228217,298.7730695018225,-2.484074746090174,-0.5908673107142154,-0.011507128304365292
outer,-0.2522151635297862,298.52190281823334,-2.483718053249538,-0.5813161147474165,-0.010861874965900395
outer,-0.24728750523026627,298.60584809462586,-2.48390020738066,-0.5845000958882035,-0.010650279252500613
outer,-0.24235608564016317,298.6895681562812,-2.48408209079347,-0.5876797661179054,-0.010438600575850783
outer,-0.23742062776094944,298.77306950182253,-2.484263705468614,-0.5908551393206712,-0.010226822213890489
outer,-0.22065084485752023,298.5219028182333,-2.4839057538374667,-0.5813045076750198,-0.009503099248669716
outer,-0.2163389492771641,298.60584809462586,-2.484080735169579,-0.5844887759148463,-0.009317910803601594
outer,-0.21202376241897758,298.6895681562812,-2.484255578734038,-0.587668739952722,-0.009132650884625412
outer,-0.20770504189838443,298.77306950182253,-2.4844302869420396,-0.5908444131984868,-0.00894730485575501
outer,-0.18909905691301143,298.52190281823334,-2.4840683277040907,-0.5812944586419851,-0.008144658417416665
outer,-0.1854029892006727,298.6058480946258,-2.484237094066297,-0.5844789763207948,-0.007985894014476535
outer,-0.18170410027307665,298.6895681562812,-2.484405837931845,-0.587659195592923,-0.007827069182220082
outer,-0.17800218236316037,298.7730695018225,-2.4845745620943624,-0.5908351294681303,-0.007668171371815326
outer,-0.1575591609416973,298.52190281823334,-2.4842058102409266,-0.5812859547351399,-0.006786532784357013
outer,-0.15447898292532347,298.60584809462586,-2.4843693186674325,-0.5844706835060618,-0.006654206462057761
outer,-0.1513964538034393,298.6895681562812,-2.484532902151221,-0.5876511187354492,-0.0065218303672264005
outer,-0.14831140042995575,298.7730695018225,-2.4846965638115326,-0.5908272730978429,-0.0063893940403932595
outer,-0.12603529551018341,298.52190281823334,-2.4843182370098464,-0.5812790006631476,-0.005428895261293775
outer,-0.12357109053465774,298.6058480946258,-2.484477444308888,-0.5844639022925147,-0.005323019829658931
outer,-0.121105004626929,298.68956815628115,-2.4846368065050903,-0.5876445143446555,-0.0052171049623533135
outer,-0.11863689926671636,298.77306950182253,-2.4847963269780973,-0.5908208492153965,-0.005111142290700748
outer,-0.09451861063351945,298.52190281823334,-2.48440565145259,-0.5812735964258758,-0.004071453402362462
outer,-0.09267041603148037,298.60584809462586,-2.48456151400539,-0.5844586327540068,-0.0039920384487994115
outer,-0.090820810699145,298.6895681562812,-2.484717593572879,-0.5876393825869266,-0.003912594143203638
outer,-0.08896969074392366,298.7730695018225,-2.484873893737047,-0.5908158581044808,-0.0038331142080457277
outer,-0.06300783341143325,298.52190281823334,-2.4844680715691645,-0.5812697357407766,-0.002714166815459722
outer,-0.06177567989762455,298.60584809462586,-2.484621545157196,-0.5844548682750037,-0.002661219364152072
outer,-0.060542585878784326,298.68956815628115,-2.4847752801297096,-0.587635716503811,-0.0026082524514089373
outer,-0.059308482091795164,298.7730695018225,-2.484929280213673,-0.59081229245374,-0.002555261891611393
outer,-0.03150305750337242,298.5219028182334,-2.4845055154610676,-0.5812674195317094,-0.0013570599553620482
outer,-0.030886976279340856,298.6058480946258,-2.484657555755605,-0.5844526097952627,-0.001330585041419609
outer,-0.030270424799409414,298.68956815628115,-2.4848098840557373,-0.5876335170615243,-0.0013041004284036514
outer,-0.029653368431764953,298.7730695018225,-2.4849625041800047,-0.5908101532695501,-0.0012776040234386164
outer,-5.088887490341627e-14,298.7730695018225,-2.4849735786273595,-0.590809440764185,-2.0351915153634078e-13
outer,-5.088887490341627e-14,298.5219028182333,-2.484517996397026,-0.5812666479416438,-3.366982958836033e-13
outer,-5.088887490341627e-14,298.68956815628115,-2.484821418436481,-0.5876327844433146,-1.8720426158080717e-13
outer,-5.088887490341627e-14,298.6058480946258,-2.4846695589772447,-0.5844518574735648,-3.0477866821817954e-13
outer,0.029653368431612284,298.7730695018225,-2.48496250418058,-0.5908101532700412,0.0012776040233160625
outer,0.030270424799307638,298.68956815628115,-2.4848098840561454,-0.5876335170618586,0.001304100428307805
outer,0.030886976279239076,298.6058480946258,-2.484657555755998,-0.5844526097955638,0.001330585041194561
outer,0.03150305750327064,298.5219028182333,-2.4845055154584563,-0.5812674195291331,0.0013570599550599095
outer,0.059308482091693385,298.7730695018225,-2.4849292802130667,-0.5908122924527014,0.0025552618919968827
outer,0.060542585878631656,298.68956815628115,-2.484775280131553,-0.587635716505147,0.0026082524517533827
outer,0.06177567989747188,298.60584809462586,-2.4846215451594102,-0.5844548682765596,0.002661219364418886
outer,0.06300783341133147,298.52190281823323,-2.4844680715707934,-0.5812697357415852,0.0027141668156390264
outer,0.088969690743771,298.77306950182253,-2.484873893736416,-0.5908158581031263,0.003833114209190124
outer,0.09082081069904321,298.6895681562812,-2.4847175935742074,-0.5876393825874927,0.003912594144127415
outer,0.09267041603132771,298.60584809462586,-2.4845615140071375,-0.5844586327548611,0.003992038449404992
outer,0.09451861063336678,298.5219028182333,-2.484405651456206,-0.5812735964282266,0.00407145340276169
outer,0.11863689926656369,298.77306950182253,-2.48479632697844,-0.5908208492145243,0.005111142291555372
outer,0.12110500462682722,298.68956815628115,-2.484636806505079,-0.5876445143435571,0.0052171049628948985
outer,0.12357109053450507,298.6058480946258,-2.4844774443104995,-0.5844639022930626,0.005323019829778762
outer,0.12603529551003073,298.52190281823334,-2.484318237011526,-0.5812790006637413,0.005428895261228311
outer,0.1483114004298031,298.7730695018225,-2.4846965638133067,-0.5908272730980552,0.006389394039931151
outer,0.15139645380333752,298.6895681562812,-2.4845329021527984,-0.5876511187352134,0.006521830366592851
outer,0.1544789829252217,298.60584809462586,-2.484369318669459,-0.5844706835061008,0.006654206461110342
outer,0.15755916094159553,298.52190281823334,-2.484205810242041,-0.5812859547344779,0.006786532783427532
outer,0.1780021823630077,298.7730695018225,-2.4845745620967294,-0.5908351294692102,0.0076681713710759405
outer,0.18170410027297487,298.6895681562812,-2.4844058379343523,-0.5876591955936112,0.007827069181202658
outer,0.18540298920052004,298.6058480946258,-2.484237094069264,-0.584478976321265,0.007985894013170056
outer,0.18909905691290965,298.52190281823334,-2.484068327707619,-0.581294458642927,0.008144658416336655
outer,0.20770504189828265,298.77306950182253,-2.4844302869435175,-0.5908444131995501,0.008947304855469749
outer,0.2120237624188758,298.6895681562812,-2.484255578736721,-0.5876687399545066,0.009132650883841426
outer,0.21633894927701142,298.60584809462586,-2.484080735173867,-0.5844887759176564,0.009317910802570046
outer,0.22065084485741845,298.52190281823334,-2.483905753842047,-0.5813045076780504,0.009503099248188703
outer,0.23742062776079678,298.77306950182253,-2.4842637054689196,-0.590855139320752,0.010226822213758983
outer,0.24235608564001052,298.6895681562812,-2.484082090795248,-0.5876797661191753,0.010438600575398058
outer,0.2472875052301136,298.60584809462586,-2.483900207383042,-0.5845000958903417,0.010650279251993203
outer,0.2522151635296335,298.52190281823334,-2.4837180532509002,-0.5813161147490065,0.010861874966022264
outer,0.26716069828212946,298.7730695018225,-2.4840747460928005,-0.5908673107155661,0.01150712830424783
outer,0.27271276797919586,298.6895681562812,-2.4838853015031592,-0.58769227704802,0.011745319538695178
outer,0.27826029486309045,298.6058480946258,-2.4836954370707143,-0.5845129392398514,0.011983397004191439
outer,0.28380359053932014,298.52190281823334,-2.4835051513120088,-0.581329282872827,0.012221379507162167
outer,0.2969213347216204,298.77306950182253,-2.4838633572845854,-0.5908809169984113,0.012788059139875256
outer,0.30308991078827685,298.68956815628115,-2.4836651586779053,-0.5877062627308322,0.013052642848455117
outer,0.3092534396041606,298.6058480946259,-2.4834663714038316,-0.58452729628443,0.013317098125189653
outer,0.3154122673756003,298.5219028182334,-2.4832669945451067,-0.5813440026492487,0.013581445857787651
outer,0.32670101865050644,298.7730695018226,-2.4836294898527242,-0.5908959737318178,0.014069555407566986
outer,0.333486003424132,298.6895681562812,-2.4834216124186903,-0.5877217379298881,0.014360508986272141
outer,0.3402654365892286,298.60584809462586,-2.483212959818991,-0.584543181004633,0.01465131882956612
outer,0.3470396989474507,298.52190281823334,-2.4830035317532793,-0.5813602872782603,0.014942007904753873
outer,0.35650930999023356,298.77306950182253,-2.4833730445966467,-0.5909124954222997,0.015351961598941494
outer,0.3639105567913305,298.6895681562812,-2.48315456214099,-0.5877387166862327,0.0156692586739285
outer,0.3713057477460874,298.60584809462586,-2.4829351003831768,-0.5845606069626483,0.01598639600926234
outer,0.37869529824349474,298.52190281823334,-2.4827146596960903,-0.5813781498321746,0.016303398649836317
outer,0.3863503509359367,298.77306950182253,-2.4830939396973677,-0.5909304700406317,0.016635394675080635
outer,0.39436769184658643,298.6895681562812,-2.4828639243954296,-0.5877571876051108,0.0169790068561067
outer,0.40237847281053557,298.60584809462586,-2.482632708026128,-0.5845795633258194,0.017322442521735714
outer,0.41038314379454416,298.52190281823334,-2.4824002917060333,-0.5813975799786889,0.017665728791629788
outer,0.4162170301009248,298.77306950182253,-2.4827921284689682,-0.5909498976515495,0.01791957649006278
outer,0.4248503336656471,298.6895681562812,-2.4825496517801002,-0.5877771504788375,0.0182894745360905
outer,0.4334765732908367,298.60584809462586,-2.4823057346698945,-0.5846000495975245,0.018659178450742865
outer,0.4420962335136947,298.52190281823334,-2.4820603790540208,-0.5814185769015052,0.01902871742632935
outer,0.4461133685056776,298.77306950182253,-2.482467477451356,-0.5909708172902891,0.019204681569185943
outer,0.4553624826518736,298.6895681562812,-2.4822116100289455,-0.5877986426092278,0.019600832469955153
outer,0.464604028990179,298.6058480946259,-2.4819540452969364,-0.5846221013773141,0.019996770727441635
outer,0.47383852661958487,298.5219028182334,-2.4816947860280547,-0.5814411745285543,0.020392527604531793
outer,0.47605813378090445,298.7730695018226,-2.4821198457267877,-0.5909932212051169,0.020491342277306042
outer,0.485922810208268,298.6895681562812,-2.4818496550173186,-0.5878216571932229,0.020913708808302144
outer,0.4957794151624804,298.6058480946259,-2.4815774926072884,-0.5846457127217954,0.021335843221121097
outer,0.5056285022905829,298.5219028182334,-2.481303362191617,-0.5814653676895511,0.021757778845831185
outer,0.5060354803278667,298.77306950182253,-2.481749205450701,-0.5910170816055981,0.02177896164900771
outer,0.5165155519816053,298.6895681562812,-2.481463757554465,-0.5878461670231194,0.02222750743432949
outer,0.5269870486336197,298.6058480946259,-2.481176046082803,-0.584670856927603,0.022675800592345318
outer,0.5360464901375278,298.7730695018226,-2.481355411919478,-0.5910424546146151,0.023067594566363876
outer,0.5374505584695869,298.52190281823334,-2.480886075720233,-0.5814911301076994,0.023123876517378676
outer,0.5471417844150963,298.6895681562812,-2.4810537732498443,-0.5878722256576547,0.023542279937177897
outer,0.5582280003036861,298.60584809462586,-2.480749561709201,-0.5846975850473481,0.02401669107152703
outer,0.5661126421528304,298.7730695018226,-2.4809382577214625,-0.5910693500036873,0.024357994667322858
outer,0.5693057605177374,298.52190281823334,-2.4804427830320046,-0.5815185103781646,0.024490865425882052
outer,0.5778228763222046,298.68956815628127,-2.4806194908386052,-0.587899843192331,0.02485877467805092
outer,0.5895235289466355,298.60584809462586,-2.480297824436533,-0.5847259074377336,0.02535925767957976
outer,0.5962253017679471,298.77306950182253,-2.480497679612376,-0.5910977312144223,0.02564982342584867
outer,0.6012152572535508,298.52190281823334,-2.479973265354021,-0.5815475190447239,0.025859483187492205
outer,0.6085502373695078,298.6895681562812,-2.4801608441597183,-0.5879289841918873,0.026176652806715175
outer,0.6208650884653194,298.6058480946259,-2.479820765205979,-0.5847557896610905,0.02670316117688984
outer,0.6263792115171345,298.77306950182253,-2.4800335858857268,-0.5911276264051437,0.02694286629085077
outer,0.6331705467823119,298.5219028182334,-2.479477450762678,-0.5815781225533099,0.027229390108442577
outer,0.6393186370480665,298.68956815628127,-2.4796777417043923,-0.5879596752438006,0.027495698291860014
outer,0.652247475285415,298.6058480946259,-2.479318292756292,-0.5847872567375939,0.028048183979034292
outer,0.656584209697012,298.7730695018226,-2.4795457121270323,-0.5911590837806276,0.028237503313386578
outer,0.6651664524439075,298.5219028182334,-2.478955248300663,-0.5816103443637352,0.028600366979146412
outer,0.6701378632102414,298.68956815628127,-2.479169917119631,-0.5879919626745326,0.028816286774259993
outer,0.6836804268564476,298.60584809462586,-2.4787901388971427,-0.5848203531380746,0.029394697246030065
outer,0.6868580074793429,298.7730695018226,-2.4790338638373473,-0.5911920874634886,0.029534331509457723
outer,0.6972126613233469,298.5219028182334,-2.4784063880263707,-0.5816442270924299,0.02997278040877694
outer,0.7010255362169037,298.68956815628127,-2.4786371703765773,-0.5880258320291312,0.030139010666977537
outer,0.7151814728025924,298.60584809462586,-2.4782360981148925,-0.5848550656774857,0.030743288728017026
outer,0.7171812079037803,298.7730695018226,-2.4784980303819997,-0.5912266041711727,0.030832624106760062
outer,0.7293266123774204,298.5219028182334,-2.477830658988586,-0.5816797586704292,0.03134721342489268
outer,0.7319623585622773,298.6895681562812,-2.4780794893970084,-0.5880612502920252,0.031463144155410204
outer,0.7467314149912732,298.60584809462586,-2.477656156905212,-0.5848913615040776,0.032093233505418796
outer,0.7475554506781665,298.7730695018226,-2.477937964682192,-0.5912627095010552,0.032132444972406665
outer,0.7614892067709267,298.5219028182334,-2.4772280462884306,-0.58171690631783,0.03272294194054425
outer,0.7629499615468538,298.6895681562812,-2.477496627865302,-0.5880982896440254,0.032788748211667176
outer,0.7780081756922259,298.7730695018226,-2.4773533231714127,-0.5913004250708497,0.03343476689053321
outer,0.7783318763225509,298.6058480946259,-2.4770500698389064,-0.584929309465508,0.03344458956778114
outer,0.7937020590098068,298.5219028182334,-2.4765983054892944,-0.5817557356100485,0.03410002087594832
outer,0.7940156443670199,298.6895681562812,-2.476888235867563,-0.5881369720320333,0.034116788856494
outer,0.8085285472193507,298.7730695018226,-2.4767440257614757,-0.5913396999543242,0.03473918304709341
outer,0.8100100154147383,298.6058480946259,-2.4764174807529513,-0.5849689317246551,0.0347983161106146
outer,0.8251486268546566,298.6895681562812,-2.4762542289872305,-0.5881772477971838,0.0354468584815537
outer,0.8259921872415731,298.5219028182334,-2.4759410742749757,-0.5817962688055391,0.035479402540290375
outer,0.8391090772156361,298.77306950182253,-2.47611000478785,-0.5913805557902617,0.03604536247188021
outer,0.8417551076124562,298.6058480946259,-2.4757583009086503,-0.5850101797068484,0.0361540046832621
outer,0.8563414593593272,298.68956815628127,-2.475594540264799,-0.588219137024984,0.03677862542438226
outer,0.8583489222812466,298.5219028182334,-2.475256259611562,-0.5818384582480352,0.036860677592268555
outer,0.8697539558167431,298.7730695018226,-2.475450845386752,-0.5914230694523556,0.03735350134883844
outer,0.8735597416275409,298.6058480946259,-2.4750724640961246,-0.5850530719150292,0.03751132285078072
outer,0.88759831053258,298.68956815628127,-2.474908752924497,-0.5882627130419896,0.0381122822992072
outer,0.8907648911737264,298.52190281823334,-2.4745437960845735,-0.5818823208217841,0.0382435127441242
outer,0.900501098922697,298.7730695018226,-2.474766143952565,-0.5914672514746662,0.03866491983810533
outer,0.9054280646448832,298.6058480946259,-2.4743595518308723,-0.5850976782089155,0.03887045956434468
outer,0.9189569018672847,298.6895681562812,-2.4741964539959382,-0.5883079880936405,0.03944914058650051
outer,0.9232442196535809,298.5219028182334,-2.473803263681999,-0.5819279229695112,0.03962809319385418
outer,0.9313183232483863,298.77306950182253,-2.474055933223599,-0.5915130221509836,0.03997846015338
outer,0.9373976039093265,298.6058480946259,-2.4736191418444022,-0.5851440123129789,0.040232717573367494
outer,0.9503852150924784,298.68956815628127,-2.473457673769512,-0.5883548832477494,0.04078804452863552
outer,0.955824240865765,298.52190281823334,-2.473034230925431,-0.5819752796803137,0.04101571290947503
outer,0.9622080686895685,298.7730695018226,-2.473320038308219,-0.5915604559485529,0.04129412673844605
outer,0.9694365060289974,298.6058480946259,-2.472851261944242,-0.5851919958677284,0.041596943106623416
outer,0.9818856775938049,298.68956815628127,-2.472692239164355,-0.5884034697003446,0.04212899678627134
outer,0.9884732661717994,298.5219028182334,-2.4722367231042206,-0.5820243129601599,0.04240522006418411
outer,0.9931830776277016,298.7730695018226,-2.4725579262824215,-0.5916096144111425,0.04261242158090249
outer,1.0015471858897054,298.60584809462586,-2.4720557410076855,-0.5852416968616889,0.04296313693599954
outer,1.0134709664183275,298.68956815628127,-2.4718996113778293,-0.588453806578031,0.04347249413134932
outer,1.0211936979670735,298.5219028182334,-2.4714105711903263,-0.5820750876348614,0.04379661343764682
outer,1.0242694765647946,298.77306950182253,-2.471769192971241,-0.5916604953890514,0.043934253122701175
outer,1.0337422552576037,298.60584809462597,-2.4712320345636334,-0.5852931719745358,0.04433179053753053
outer,1.045167074109046,298.68956815628127,-2.4710793770000308,-0.588505893260136,0.04481943749746656
outer,1.0539980827867523,298.5219028182334,-2.470555225258393,-0.5821276579052671,0.04519037913208037
outer,1.0554396511184125,298.7730695018226,-2.470953843829327,-0.5917130382256509,0.04525861066262195
outer,1.0660475728261447,298.6058480946259,-2.4703797200180135,-0.5853464218490544,0.04570379729339703
outer,1.0769465278714387,298.6895681562812,-2.470231540098827,-0.5885596689370309,0.04616881750455299
outer,1.086696636602215,298.7730695018226,-2.4701116535737526,-0.5917673136595867,0.04658552145916039
outer,1.0869121455768749,298.5219028182334,-2.469670253573192,-0.5821820254003519,0.04658740293612458
outer,1.0984358072730491,298.6058480946259,-2.4694988000192986,-0.5854013853259402,0.04707814909529934
outer,1.1088123474560747,298.68956815628127,-2.4693558757865706,-0.5886152010724632,0.0475206594314251
outer,1.118054008624821,298.77306950182253,-2.4692419823896836,-0.5918233919586247,0.04791551663856066
outer,1.119908696379215,298.5219028182334,-2.468755657353941,-0.5822381284287302,0.047986677965416
outer,1.130909962798417,298.6058480946259,-2.468589050257845,-0.5854581266307516,0.04845486914018037
outer,1.140778038865058,298.6895681562812,-2.4684517367712964,-0.5886725570919745,0.04887548884708562
outer,1.149540517148922,298.77306950182265,-2.4683443160457132,-0.5918812786459092,0.049249599366535
outer,1.1529907238556165,298.5219028182334,-2.467811213046337,-0.5822960280020364,0.04938822523481261
outer,1.1634834758548824,298.6058480946259,-2.4676498162356952,-0.585516710317655,0.04983447736025929
outer,1.1728722046506648,298.68956815628127,-2.467518598456548,-0.5887317439399875,0.05023430037233441
outer,1.181126668665875,298.77306950182253,-2.4674186452891633,-0.5919409028321928,0.05058669572242422
outer,1.186171594961965,298.5219028182334,-2.4668362591921174,-0.5823557857437791,0.050792558961066596
outer,1.1961848017047618,298.60584809462597,-2.466680563009485,-0.5855771444162232,0.05121795979052714
outer,1.2050655025270585,298.68956815628127,-2.466556450264299,-0.588792690283535,0.051596021348883275
outer,1.212816202900169,298.77306950182253,-2.466464795706572,-0.5920023269374267,0.05192682351296285
outer,1.219479617783284,298.52190281823346,-2.4658302505441427,-0.58241741044565,0.05220065655328914
outer,1.2289847491614143,298.60584809462597,-2.4656812786335447,-0.5856393569224283,0.05260424498543803
outer,1.2373616530439009,298.6895681562812,-2.465565118092422,-0.5888554555449091,0.05296066761493927
outer,1.2446130834074465,298.77306950182265,-2.465482042693467,-0.5920656352931521,0.05327018584490966
outer,1.2528857521166625,298.5219028182334,-2.46479317375617,-0.5824808292008724,0.05361144773185993
outer,1.2618870196154006,298.6058480946259,-2.464651789491256,-0.5857034042475409,0.05399334671242151
outer,1.2697645994344646,298.6895681562812,-2.4645438694859982,-0.5889201194826761,0.05432843818203258
outer,1.276565942067271,298.77306950182253,-2.464469566115263,-0.5921308815355997,0.054618486715112595
outer,1.2863936802082157,298.5219028182334,-2.4637248558681475,-0.5825460953845668,0.055024944093627015
outer,1.2948955359941616,298.6058480946259,-2.4635913556596667,-0.5857693616106404,0.05538545979635201
outer,1.3023227242267446,298.68956815628127,-2.4634918704984647,-0.5889867369161982,0.055701024740563126
outer,1.3086392535604934,298.7730695018226,-2.4634273054746174,-0.592197948981441,0.055970474406667296
outer,1.3200073046950231,298.5219028182334,-2.4626245498443806,-0.5826132796768871,0.056441336187301364
outer,1.328058431678239,298.6058480946259,-2.4624991294596033,-0.5858372846275405,0.056782263572277815
outer,1.3350006842515507,298.6895681562812,-2.462409057882466,-0.5890551912790113,0.05707717658338596
outer,1.3408351966520033,298.7730695018226,-2.462355114660776,-0.5922669087804283,0.057326082798581285
outer,1.3537745100002427,298.5219028182334,-2.461491394376658,-0.5826824381095763,0.05786229094634215
outer,1.3613405454992975,298.6058480946259,-2.4613750447684657,-0.585907056474102,0.058182508311256986
outer,1.367800647102495,298.68956815628127,-2.4612952863035695,-0.5891255499738858,0.05845682609180329
outer,1.37315860055405,298.7730695018226,-2.4612524530209297,-0.5923378060034286,0.05868546957562479
outer,1.3876603168175192,298.5219028182334,-2.4603253203737006,-0.5827534532378473,0.059286559593653754
outer,1.3947440338887798,298.6058480946259,-2.4602189572740305,-0.5859787408174795,0.05958612478824069
outer,1.4007274172309785,298.68956815628127,-2.4601500084134322,-0.5891978550867232,0.05984012666094718
outer,1.4056261755516277,298.7730695018226,-2.460118411406499,-0.5924107295473736,0.06004926439769957
outer,1.4216668704248276,298.5219028182334,-2.4591261847563155,-0.5828263849645517,0.06071407119445406
outer,1.428273676557392,298.6058480946259,-2.4590303131699716,-0.5860523766162078,0.06099326203751876
outer,1.4337976192427386,298.68956815628127,-2.4589723032573163,-0.5892721916726681,0.061227701023555244
outer,1.4382673482787316,298.77306950182253,-2.4589522003675377,-0.5924856930686545,0.06141848756293885
outer,1.4557989258109059,298.5219028182334,-2.4578934275021744,-0.5829012689768706,0.0621449703515045
outer,1.4619460125020947,298.6058480946259,-2.4578081800540654,-0.586128044969806,0.06240453578546742
outer,1.4670405288919555,298.6895681562812,-2.457761369146006,-0.589348574109488,0.06262055941119789
outer,1.4710535202891557,298.7730695018226,-2.45775368970372,-0.5925626146667312,0.06279209469163961
outer,1.4900729364291265,298.52190281823346,-2.4566261050955926,-0.5829781822617565,0.06357986570687214
outer,1.4957901667204045,298.6058480946259,-2.4565517439902456,-0.5862057604812149,0.0638209461471207
outer,1.5004276943659678,298.68956815628127,-2.456517074170761,-0.5894269189198951,0.06401765782153465
outer,1.5039905292541809,298.7730695018226,-2.4565225709126883,-0.5926415709352901,0.06417016393103017
outer,1.5245178766355043,298.52190281823346,-2.4553233913909933,-0.5830571391569837,0.06501974721581846
outer,1.5297778339133115,298.60584809462586,-2.4552608713128983,-0.5862854377322453,0.06524144943566376
outer,1.5339649234044423,298.68956815628127,-2.4552391073889313,-0.5895072984544037,0.06541907141496368
outer,1.5370845339745496,298.7730695018226,-2.4552582396804046,-0.5927225916106741,0.06555287862662337
outer,1.5591055875327753,298.5219028182334,-2.453985150966726,-0.5831380519491043,0.06646357146069999
outer,1.5639147919132421,298.60584809462597,-2.453935248964489,-0.586367144738619,0.06666611771999964
outer,1.5676583432298439,298.68956815628127,-2.4539268566522825,-0.589589739530254,0.0668249782489474
outer,1.57034202910104,298.7730695018226,-2.453959715215809,-0.5928057723901905,0.06694050329479498
outer,1.59384181706918,298.5219028182334,-2.4526110689477565,-0.5832209841892297,0.06791140733254597
outer,1.5982071363903896,298.6058480946259,-2.4525742572240916,-0.5864509051034823,0.06809512372337062
outer,1.6015144151927978,298.68956815628127,-2.4525793285585693,-0.589674331871497,0.06823563717488534
outer,1.6038075061506907,298.77306950182265,-2.4526257933385174,-0.5928911883811172,0.06833457932701402
outer,1.628732629386505,298.5219028182334,-2.4512005183024,-0.5833059559849795,0.06936342218394076
outer,1.6326612954225017,298.6058480946259,-2.451176890615497,-0.5865368024781934,0.06952872058457113
outer,1.6355774026879333,298.68956815628127,-2.4511953025871227,-0.5897611496972485,0.0696525763013191
outer,1.6374572454134264,298.7730695018226,-2.4512560665582246,-0.5929787279663322,0.06973426325582843
outer,1.663784419314965,298.52190281823346,-2.449752481967256,-0.5833930447792312,0.07081986339613151
outer,1.667321304468205,298.6058480946259,-2.4497419124788524,-0.5866249097038168,0.07096842311423593
outer,1.669823707623785,298.6895681562812,-2.4497743665203,-0.589850079933316,0.07107495017466076
outer,1.671292352945916,298.77306950182265,-2.449850189947237,-0.5930684568087922,0.07113945619405021
outer,1.6990409945512217,298.5219028182334,-2.448265707322105,-0.5834823215116792,0.0722822324650544
outer,1.702163686955359,298.6058480946259,-2.448268905744128,-0.5867151117095684,0.0724133838659588
outer,1.7042544303858633,298.68956815628127,-2.4483161725588523,-0.5899411830563059,0.07250265712234275
outer,1.7053205992264904,298.77306950182253,-2.4484074276345815,-0.5931604200821662,0.07255037155734576
outer,1.7344789999495893,298.5219028182334,-2.446739772367276,-0.5835736685771867,0.07374967994688841
outer,1.7371895376028965,298.60584809462597,-2.44675751996612,-0.5868074635931949,0.07386349829281333
outer,1.7388773016108359,298.68956815628127,-2.4468199759693325,-0.5900344999478817,0.07393590469482464
outer,1.7395501623235983,298.7730695018226,-2.4469269376873273,-0.5932546543835295,0.07396725222266709
outer,1.7700995245669005,298.5219028182334,-2.4451743242518957,-0.583667135459846,0.07522209834330093
outer,1.7724065472383395,298.6058480946259,-2.4452070017937895,-0.5869020015715712,0.07531896801346462
outer,1.7737004574353803,298.68956815628127,-2.4452849244634423,-0.59013006287825,0.07537492921354494
outer,1.7739896461283746,298.7730695018226,-2.44540782852126,-0.5933511976530494,0.07539035368480344
outer,1.8059102194517593,298.5219028182334,-2.4435686012726543,-0.5837627533080958,0.07669968329350213
outer,1.8078228101010967,298.6058480946259,-2.4436164888673466,-0.5869987531456595,0.07678002274519741
outer,1.8086480993397014,298.7730695018226,-2.443848855305354,-0.5934501509860536,0.07682000158500932
outer,1.8087324576358286,298.68956815628127,-2.443710115576815,-0.5902279051062558,0.07681997931693643
outer,1.841919136978315,298.5219028182334,-2.4419217313080406,-0.583860544401369,0.07818265788402103
outer,1.8434468418886258,298.6058480946259,-2.4419850681654016,-0.5870977464234056,0.07824690423953405
outer,1.8435658774533719,298.77306950182253,-2.4422485356246177,-0.5935515869837427,0.0782575566998366
outer,1.843982304515371,298.68956815628127,-2.442094288381424,-0.5903281201350998,0.07827137327011147
outer,1.8781347487987885,298.5219028182334,-2.4402327911174093,-0.5839605312180227,0.07967125697048791
outer,1.8787243693275137,298.7730695018226,-2.440606146273246,-0.5936554028145842,0.0797023335436485
outer,1.8792875985463873,298.6058480946259,-2.4403114632584,-0.5871990669763109,0.07971992335785248
outer,1.879490146654057,298.6895681562813,-2.4404359423552093,-0.5904307774491776,0.07973045790215197
outer,1.9141303018143632,298.7730695018226,-2.4389209824609956,-0.5937616816186401,0.08115442667669984
outer,1.9145659645362778,298.5219028182334,-2.4385004893419975,-0.5840627910140824,0.08116578400586336
outer,1.9152374683354083,298.68956815628127,-2.438734347278777,-0.5905357699928961,0.08119654402556124
outer,1.915385021907995,298.6058480946259,-2.4385941558452924,-0.5873027804604312,0.08120041299650776
outer,1.949794394130347,298.7730695018226,-2.437191913144311,-0.5938704722241099,0.08261413828738759
outer,1.9512309619208097,298.6895681562812,-2.4369887908867693,-0.5906431732499392,0.08266972082526414
outer,1.9512525194357175,298.5219028182334,-2.4367232902335845,-0.5841673848847595,0.08266755799045977
outer,1.9517206916043515,298.6058480946259,-2.436832408802848,-0.5874087748993837,0.08268768030953727
outer,1.9857279016280207,298.77306950182265,-2.435417697516536,-0.5939818177749332,0.0840817939839307
outer,1.9874812916658382,298.68956815628127,-2.4351981293579485,-0.5907530290906254,0.08415028241703863
outer,1.9881760884024153,298.5219028182334,-2.4349004498851756,-0.5842741952130697,0.08417588248648464
outer,1.9883012655342338,298.6058480946259,-2.4350255028294425,-0.5875171177136487,0.08418180910346869
outer,2.0219426391029693,298.7730695018226,-2.4335970213340263,-0.5940957621429762,0.08555773407254752
outer,2.0239996552132333,298.6895681562813,-2.4333611079957946,-0.5908653733372622,0.08563854576647292
outer,2.025137353037304,298.6058480946259,-2.433172281723588,-0.587627843196588,0.08568308545437488
outer,2.025343294899105,298.5219028182334,-2.4330312423780427,-0.5843832808931907,0.0856908359458381
outer,2.0584510050114155,298.77306950182253,-2.4317284923893956,-0.5942123497911999,0.08704231389758606
outer,2.0607978067802084,298.68956815628127,-2.431476398011951,-0.5909802419466684,0.08713484217468696
outer,2.062240094093607,298.6058480946259,-2.4312714773006765,-0.5877409791494324,0.08719181773340165
outer,2.0627646933912627,298.52190281823334,-2.431114499526682,-0.584494667976868,0.08721269646744546
outer,2.0952660066238797,298.7730695018226,-2.4298106356863975,-0.5943316255885894,0.08853590414720303
outer,2.0978880812520955,298.68956815628127,-2.4295425919652462,-0.5910976708009507,0.08863951759131186
outer,2.099621182391706,298.6058480946259,-2.429321746648917,-0.5878565528448836,0.08870832829989084
outer,2.1004513662403106,298.5219028182334,-2.429148940053963,-0.5846083754868725,0.08874176391353969
outer,2.1324012861390576,298.77306950182253,-2.427841888282589,-0.594453634531056,0.09003889111675066
outer,2.135283419206897,298.6895681562812,-2.4275581989079322,-0.5912176954278064,0.0901529328958835
outer,2.1372928892979473,298.6058480946259,-2.4273216675382847,-0.5879745907317844,0.09023295379608554
outer,2.1384149466522118,298.5219028182334,-2.427133207343686,-0.5847244211862819,0.09027835181259469
outer,2.1698711477818944,298.7730695018226,-2.425820593842268,-0.5945784213767628,0.0915516769306583
outer,2.17299739289533,298.6895681562812,-2.4255216392287324,-0.5913403506238814,0.09167546414584629
outer,2.17526808875242,298.6058480946259,-2.4252697335601785,-0.5880951180689427,0.09176604541574307
outer,2.176667642522877,298.5219028182334,-2.4250658648309265,-0.5848428211951748,0.09182278764597047
outer,2.207690585908187,298.77306950182253,-2.4237449969197438,-0.5947060301866726,0.09307467973703937
outer,2.2110442331999187,298.6895681562812,-2.423431239237779,-0.5914656700000696,0.09320750279991155
outer,2.213560283115111,298.6058480946259,-2.4231643489902086,-0.5882181584657074,0.09330796915199684
outer,2.215222261205269,298.5219028182334,-2.4229453911447383,-0.5849635895459127,0.09337541311484383
outer,2.245875314137699,298.7730695018226,-2.4216132370152073,-0.5948365037989721,0.09460833390413835
outer,2.2494388575954813,298.68956815628127,-2.4212852254956037,-0.5915936854479037,0.09474945593147618
outer,2.252183629986072,298.6058480946259,-2.4210038233851985,-0.5883437333365699,0.09485910603390411
outer,2.254092235221926,298.5219028182334,-2.420770174968098,-0.5850867376288589,0.0949365844006842
outer,2.2844417955354395,298.7730695018226,-2.4194233423808096,-0.5949698832842454,0.09615309022696786
outer,2.2881968991329886,298.68956815628127,-2.4190817189079894,-0.5917244265717404,0.09630174645027063
outer,2.2911529700221416,298.6058480946259,-2.4187863659350186,-0.5884718613033599,0.09641985236376432
outer,2.2932916489464037,298.5219028182334,-2.418538509638182,-0.5852122735703916,0.09650667242145405
outer,2.3234072738595177,298.7730695018226,-2.4171732235272234,-0.5951062074317216,0.09770941613055041
outer,2.3273347364658337,298.68956815628127,-2.416818728488748,-0.5918579200717874,0.09786481332280332
outer,2.330483855771349,298.6058480946259,-2.4165100795261734,-0.588602557550191,0.09799061995626936
outer,2.332835266276085,298.5219028182334,-2.416248587487286,-0.5853402015664042,0.09808606309117532
outer,2.362789805892269,298.77306950182253,-2.4148606661676384,-0.5952455121025496,0.09927779581948505
outer,2.3668695249379463,298.68956815628127,-2.414494144704633,-0.5919941890652651,0.09943911176130646
outer,2.37019258154468,298.6058480946259,-2.4141729544087887,-0.5887358330875516,0.0995718363637456
outer,2.372738559317428,298.5219028182334,-2.413898493819003,-0.5854705211172719,0.09967515757534348
outer,2.402608294867988,298.7730695018226,-2.412483323518617,-0.595387829358742,0.1008587303212477
outer,2.4068192287485153,298.6895681562812,-2.4121057322675017,-0.5921332522312958,0.1010251133477328
outer,2.4102962143439437,298.6058480946259,-2.4117728614102028,-0.5888716938994863,0.10116394506018436
outer,2.4130177381033846,298.5219028182334,-2.41148620046958,-0.585603226154876,0.10127437252242755
outer,2.4428825250090695,298.77306950182253,-2.410038708081704,-0.5955331863506469,0.10245273742833808
outer,2.447202654208883,298.68956815628127,-2.4096511223877735,-0.5922751227314459,0.102623306075737
outer,2.4508126258612095,298.6058480946259,-2.409307544627398,-0.5890101398905545,0.1027674055648513
outer,2.453689781361125,298.52190281823346,-2.4090095589197285,-0.5857383040206012,0.10288414025961151
outer,2.483633197178551,298.7730695018226,-2.4075241830177103,-0.5956816039608493,0.10406035158929644
outer,2.48803948410119,298.6895681562812,-2.407127804606017,-0.5924198069264053,0.10423419433447577
outer,2.49176052556395,298.6058480946259,-2.4067746136688477,-0.5891511636333671,0.10438269351701136
outer,2.494772468345925,298.5219028182334,-2.406466292915853,-0.5858757342354413,0.10450490894447612
outer,2.5248819656535844,298.7730695018226,-2.404936953246789,-0.5958330953505545,0.10568212379022585
outer,2.529350313148529,298.6895681562812,-2.404533118211374,-0.5925673028786571,0.10585829887101275
outer,2.533159494877355,298.60584809462586,-2.4041715354759474,-0.5892947489187601,0.1060103007216173
outer,2.5362844117555845,298.5219028182334,-2.4038539906657896,-0.5860154870827703,0.10613714269326116
outer,2.5666514760208026,298.77306950182253,-2.402273465457335,-0.5959878040651999,0.10731871584331536
outer,2.571156684599519,298.68956815628127,-2.401864243276436,-0.5927175987340375,0.10749615674030989
outer,2.575030022471137,298.60584809462586,-2.401495625695784,-0.5894408691104825,0.10765073518461932
outer,2.5782450917352366,298.52190281823334,-2.4011700965855547,-0.5861575219968721,0.10778132169912989
outer,2.6090140455546624,298.7730695018226,-2.3995290914040948,-0.5961458559195589,0.10897238963457377
outer,2.613481127929379,298.68956815628127,-2.3991175898979926,-0.5928708058316595,0.10914841444698137
outer,2.6173935406562174,298.6058480946259,-2.398744039554032,-0.5895894853216829,0.10930452113442363
outer,2.6206748909823787,298.5219028182334,-2.398411902542756,-0.5863017857528294,0.10943794234588082
outer,2.6519766429667513,298.77306950182253,-2.3967003590010307,-0.596306970713977,0.11064315547968652
outer,2.6563955896184606,298.68956815628127,-2.3962884854295887,-0.5930270197668465,0.11081730753758935
outer,2.660272462891663,298.6058480946259,-2.3959131505942777,-0.5897406745623764,0.11097229103844373
outer,2.6635951309548136,298.5219028182334,-2.395576538500976,-0.5864482104219298,0.11110751731062882
outer,2.695546041442812,298.7730695018226,-2.3937846375432286,-0.5964710913198439,0.11233091303840746
outer,2.699907002647391,298.68956815628127,-2.3933734320849207,-0.5931859299958331,0.11250283351451124
outer,2.7037383651668687,298.60584809462586,-2.3929982414766493,-0.5898944996039205,0.1126562556218537
outer,2.70702810918385,298.52190281823334,-2.3926603410135208,-0.5865968365998012,0.1127906664886939
outer,2.739750045773689,298.7730695018226,-2.3907784532344207,-0.5966382222271068,0.11403627965452247
outer,2.744022105473715,298.68956815628127,-2.3903697787549985,-0.5933474423794457,0.11420488385592563
outer,2.747798144760913,298.6058480946259,-2.38999578757887,-0.5900506169013522,0.11435640132874218
outer,2.751045031450614,298.5219028182334,-2.3896585472123286,-0.5867476917281671,0.11448957751023274
outer,2.7846176917015786,298.7730695018226,-2.387676151488466,-0.596808662263138,0.11576016815190168
outer,2.78876856032396,298.68956815628127,-2.387274021027232,-0.5935115202129219,0.11592406304726
outer,2.792458505431337,298.6058480946259,-2.3869031158747274,-0.5902088929506055,0.11607261336129324
outer,2.795652759359809,298.5219028182334,-2.386567603895235,-0.5869003967817334,0.1162042277112933
outer,2.8303021787154186,298.77306950182253,-2.3844700490752757,-0.5969824825433229,0.11750732099083722
outer,2.8341752540646636,298.68956815628127,-2.3840804400619957,-0.5936784046604386,0.11766126642606266
outer,2.8377469669572926,298.6058480946259,-2.383716689346897,-0.5903692472781891,0.11780548553285897
outer,2.8408579619955874,298.5219028182334,-2.383384813885806,-0.5870547767565721,0.11793449810149534
outer,2.876734760053881,298.77306950182265,-2.3811567095411386,-0.5971587439648393,0.1192750919220121
outer,2.8803946006810883,298.6895681562812,-2.3807812812415587,-0.5938481205428793,0.11942119357979755
outer,2.883692267451232,298.6058480946259,-2.3804307230236863,-0.5905318606806356,0.1195558982748588
outer,2.886688016798017,298.52190281823334,-2.3801066048793067,-0.5872107052315474,0.11968097416397425
outer,2.923942532200674,298.7730695018226,-2.3777315224612265,-0.5973380101534443,0.12106409797744205
outer,2.927358205898939,298.68956815628127,-2.3773730885930506,-0.5940196791763178,0.12120120448057856
outer,2.9304460360375204,298.6058480946259,-2.3770373879661704,-0.5906967082506785,0.12132851133145156
outer,2.9331715132392544,298.52190281823334,-2.376727123122555,-0.5873683004269025,0.1214445241519842
outer,2.9721009148663278,298.7730695018226,-2.374184833882908,-0.5975203850339741,0.12287971093248841
outer,2.9750930272694442,298.6895681562812,-2.3738511900608605,-0.5941935673181277,0.12300190887849335
outer,2.9779402306405585,298.6058480946259,-2.3735332037913155,-0.5908627491681124,0.12312069411458763
outer,2.9804592961813188,298.5219028182334,-2.3732384616084508,-0.5875274849422306,0.12322977107095548
outer,3.0211654850333844,298.7730695018226,-2.370510478981992,-0.5977048964114557,0.12472009647974194
outer,3.0237735850690877,298.6895681562812,-2.3702058338471748,-0.5943698203038962,0.12482863426661094
outer,3.026201669992628,298.6058480946259,-2.3699134324088433,-0.591030391719756,0.1249330525552249
outer,3.028483675478566,298.52190281823334,-2.3696371099566895,-0.5876871641834673,0.1250340969209588
outer,3.071207060066456,298.77306950182253,-2.366701210212546,-0.5978919393068503,0.12658718483287934
outer,3.0733556840517897,298.6895681562812,-2.366430797657354,-0.5945473915922843,0.12667955064608208
outer,3.0754039756723257,298.60584809462586,-2.3661682186253037,-0.59119960007902,0.1267708739255718
outer,3.0772713311503814,298.52190281823334,-2.36591825893493,-0.5878476674114178,0.12685810711402093
outer,3.122367759010755,298.7730695018226,-2.3627463143498932,-0.5980811549665556,0.12848504770980576
outer,3.123909778478386,298.68956815628127,-2.36251873897448,-0.594726580053183,0.12855657639654217
outer,3.1255031800183395,298.60584809462586,-2.3622912749565916,-0.5913692520551302,0.12863233662082404
outer,3.1269949867626936,298.5219028182334,-2.3620719437525812,-0.5880088863162971,0.12870705241588362
outer,3.1746195764026894,298.7730695018225,-2.35863700676733,-0.5982718400455871,0.13041241306906423
outer,3.1755772587035165,298.68956815628127,-2.358458827840525,-0.5949069351888869,0.13046375415608166
outer,3.1765693744849726,298.6058480946259,-2.358275156095577,-0.5915395503406686,0.13051935133841727
outer,3.177610902065632,298.5219028182334,-2.3580918036887937,-0.5881696232233627,0.13057912311040662
outer,3.2281473691578,298.77306950182253,-2.354361100995125,-0.5984641602453626,0.1323746411077873
outer,3.2283302628567276,298.68956815628127,-2.3542421668743234,-0.5950876422852317,0.13239982155389807
outer,3.2287432213325045,298.60584809462586,-2.3541089058836278,-0.5917099526138407,0.13243593590604286
outer,3.2291888059835454,298.52190281823334,-2.353970282974549,-0.5883299863950855,0.1324762255938255
outer,3.281868633237706,298.52190281823334,-2.3496962904129277,-0.5884893436786928,0.13440235608713738
outer,3.2819970021660674,298.60584809462586,-2.349783504127765,-0.5918795351131851,0.1343808416478423
outer,3.2823527000319297,298.6895681562812,-2.349856410883665,-0.5952687477419073,0.13437011075718192
outer,3.2829883465450527,298.77306950182253,-2.349906849162383,-0.598656784766468,0.13437223974601684
outer,3.33562280879942,298.5219028182334,-2.345260674307822,-0.588646666946983,0.13635628224514224
outer,3.336513679033539,298.6058480946259,-2.3452864368781547,-0.5920482287506315,0.1363593763933649
outer,3.337681588714017,298.68956815628127,-2.3452896636456,-0.5954488001316709,0.13637513398437892
outer,3.3391959852795505,298.77306950182253,-2.345261393471102,-0.5988496631646002,0.13640655123744574
outer,3.3906333483928477,298.5219028182334,-2.340650744040317,-0.5888017780330829,0.13834328950536554
outer,3.3923300797918676,298.6058480946259,-2.340605648466068,-0.5922144674478691,0.13837205938471184
outer,3.3943701314256796,298.68956815628115,-2.340528867199145,-0.5956275957618564,0.1384162395357898
outer,3.397054948813248,298.7730695018226,-2.3404046766741167,-0.5990423939098385,0.13848587714299204
outer,3.4469368893923327,298.5219028182334,-2.335854276586047,-0.5889530049375077,0.1403639046940101
outer,3.449499132995497,298.6058480946259,-2.3357278727849486,-0.5923779046116813,0.1404202469208687
outer,3.452701532056629,298.6895681562812,-2.335553700107887,-0.5958045785669609,0.1405016868959596
outer,3.4565613789760192,298.77306950182253,-2.33532025337739,-0.5992327807741593,0.14060927384663402
outer,3.5045860865931737,298.52190281823334,-2.3308577941386988,-0.5890998714020411,0.14241949157744346
outer,3.5083025841662585,298.6058480946259,-2.330632517130336,-0.5925378416504846,0.1425121569624657
outer,3.5126719522186707,298.6895681562812,-2.3303474835574107,-0.5959773958072181,0.142630556771056
outer,3.5178766662416114,298.7730695018226,-2.3299902034983986,-0.5994203327463993,0.1427810287494783
outer,3.563861228261496,298.52190281823334,-2.3256404310838175,-0.5892415510722697,0.1445182242947591
outer,3.5687366146818564,298.60584809462586,-2.325302664926903,-0.5926917866198984,0.14464689237835138
outer,3.574441954884202,298.68956815628127,-2.3248920146486594,-0.5961453876533367,0.14480713663720224
outer,3.581184929610467,298.7730695018226,-2.3243898502754115,-0.5996036595874736,0.1450061220942867
outer,3.624758515525944,298.5219028182334,-2.3201850353253035,-0.5893754322494696,0.14665922260216888
outer,3.6309609606902136,298.60584809462586,-2.319719833664158,-0.5928389346962064,0.14682873593148751
outer,3.6381947150155733,298.6895681562812,-2.3191622661848665,-0.5963069822904057,0.14703639586003073
outer,3.6466865864465516,298.77306950182253,-2.3184912838151153,-0.599780985555978,0.14728989077626384
outer,3.6874368583405293,298.52190281823334,-2.3144728553755702,-0.5895005901188063,0.1488467565691677
outer,3.6951578538880283,298.60584809462586,-2.3138586553179614,-0.5929775605186944,0.1490626381884667
outer,3.7041296223716422,298.6895681562812,-2.3131299418331146,-0.5964602219555396,0.1493236577905524
outer,3.714599004238092,298.77306950182253,-2.3122632036731052,-0.5999501102114696,0.14963801542494282
outer,3.752077545855868,298.5219028182334,-2.3084781998016357,-0.5896151735682358,0.1510857469489786
outer,3.76152565726994,298.6058480946259,-2.3076904655931516,-0.5931055576882214,0.15135389675119829
outer,3.772462929926796,298.6895681562812,-2.3067633239612246,-0.5966027314496318,0.15167458403894543
outer,3.7851570449835044,298.7730695018225,-2.305670549692574,-0.600108330239771,0.15205650176231988
outer,3.8188779150853045,298.52190281823334,-2.302172062683921,-0.5897169587298904,0.15338145079230797
outer,3.8302795102083738,298.60584809462586,-2.3011831592261927,-0.5932204144141836,0.15370813709064576
outer,3.8434282954653702,298.68956815628127,-2.3000269120514885,-0.596731649132136,0.1540951510408172
outer,3.8586134685757534,298.7730695018225,-2.2986709831053203,-0.6002533693703886,0.15455222676968533
outer,3.88805199264874,298.5219028182334,-2.295521987977011,-0.5898033307686599,0.1557394386989622
outer,3.9016518672589444,298.60584809462586,-2.2943008383135752,-0.5933191524833417,0.1561312841147813
outer,3.9172771828982365,298.6895681562812,-2.292877868975968,-0.5968445410741592,0.1565921846808726
outer,3.9354528136368687,298.77306950182253,-2.291210933427076,-0.6003815494060208,0.15713820880754847
outer,3.9598310307909514,298.52190281823334,-2.288491729042485,-0.589871229240909,0.15816556170791002
outer,3.9758928974107013,298.6058480946259,-2.2870002266020393,-0.5933992245923053,0.15863008615442192
outer,3.994491646459981,298.6895681562812,-2.285262090107995,-0.5969376058088016,0.15917858079082278
outer,4.015866387404124,298.77306950182253,-2.283234259899835,-0.6004881823724453,0.1598188421065471
outer,4.034463904566613,298.52190281823334,-2.2810376317097014,-0.5899180267359205,0.16066646581546917
outer,4.053482172543748,298.6058480946259,-2.279226758697935,-0.5934567479053877,0.16121728587403758
outer,4.0752620124934165,298.6895681562812,-2.277122942271104,-0.597006067160295,0.16185863996251454
outer,4.1005089234600804,298.77306950182253,-2.274668781044854,-0.6005698523682438,0.16261191954884852
outer,4.112427705394819,298.52190281823334,-2.273104740833179,-0.5899397867625278,0.16325471389031354
outer,4.13460903890895,298.6058480946258,-2.270923395586747,-0.5934868943162315,0.16389705678475927
outer,4.160239657548943,298.6895681562812,-2.268387719561507,-0.5970464670614476,0.1646499224380416
outer,4.1897836117159555,298.77306950182253,-2.265431133953171,-0.6006194815918018,0.16552692942774444
outer,4.193910800181945,298.52190281823334,-2.264635688631073,-0.5899316469985272,0.16593432534664004
outer,4.219921518771124,298.6058480946258,-2.2620170024146287,-0.5934861869788943,0.16668669245554601
outer,4.249825704251685,298.6895681562812,-2.2589725995313383,-0.597051730511089,0.16756167347328318
outer,4.279557859465763,298.52190281823334,-2.255556990567122,-0.5898901138146738,0.168722302038897
outer,4.284365892930571,298.7730695018225,-2.2554240614234224,-0.6006319628193423,0.1685811677662643
outer,4.3098186691611025,298.60584809462586,-2.252423390071354,-0.5934475529207384,0.1695951629098493
outer,4.344692130155741,298.68956815628115,-2.24877992025902,-0.5970168027176441,0.17061081816679824
outer,4.369765876258076,298.52190281823334,-2.24578416199828,-0.5898080936290107,0.17162731825955058
outer,4.384984504000867,298.7730695018225,-2.244525492548686,-0.6006012141790313,0.17179290416125137
outer,4.404969007261903,298.60584809462586,-2.2420445747034927,-0.5933659554944904,0.1726389963538607
outer,4.445563935686787,298.6895681562812,-2.2376871880883593,-0.596935617207225,0.17381513794183082
outer,4.465199910010128,298.52190281823334,-2.2352189529764757,-0.5896805132062625,0.17466549304344473
outer,4.4926877306908,298.77306950182253,-2.232583581555006,-0.6005191651634338,0.17518749598555922
outer,4.506093800084988,298.60584809462586,-2.230757699525012,-0.5932352647442357,0.17583547146174483
outer,4.55348403170627,298.68956815628115,-2.2255421740126553,-0.5968000738314028,0.17719932194912366
outer,4.5665774971668505,298.5219028182333,-2.2237381745840095,-0.589501085301111,0.17785360248247878
outer,4.608405717169277,298.77306950182253,-2.2194224531400812,-0.6003760070175657,0.17878495093939697
outer,4.614230587987212,298.60584809462586,-2.218410182549942,-0.5930472225949721,0.1792086133603441
outer,4.66937779323107,298.6895681562812,-2.2121686889430783,-0.5966001733638249,0.18078260587799286
outer,4.6749308116767585,298.5219028182333,-2.2111888944952294,-0.589261259325185,0.18121502623226643
outer,4.7302999807357375,298.6058480946258,-2.2048255036029043,-0.5927914520918859,0.18277691555478082
outer,4.7334968152385475,298.7730695018225,-2.2048274901030824,-0.6001629583837651,0.1826147681029412
outer,4.7911757016915795,298.52190281823334,-2.1973942221393057,-0.5889500995386734,0.18476755766419029
outer,4.794596607351407,298.68956815628115,-2.1973517711407093,-0.5963266215164573,0.18459349478840184
outer,4.855646406407398,298.6058480946258,-2.1897882840515037,-0.5924579005481695,0.18656795192251432
outer,4.869402269767095,298.7730695018225,-2.18853530303833,-0.5998670417175374,0.1867038888369943
outer,4.916649641582717,298.52190281823334,-2.182138278885566,-0.5885565714290658,0.18853791057385572
outer,4.930574329204181,298.6895681562812,-2.1808275872780762,-0.5959653392872268,0.18865779803494154
outer,4.991696336453714,298.6058480946258,-2.17303412399034,-0.5920310995770377,0.19060650434784376
outer,5.017933842979035,298.7730695018225,-2.1702258825650547,-0.5994695021702833,0.19108176292798584
outer,5.05277172474804,298.52190281823334,-2.1651559814845354,-0.588063569645186,0.19254994643751866
outer,5.079113431518341,298.6895681562812,-2.162275645386076,-0.595495656550012,0.1930037199060094
outer,5.14024296170974,298.6058480946258,-2.154241891385759,-0.5914881645756715,0.1949196851941763
outer,5.180907004390928,298.77306950182253,-2.149522583531471,-0.5989366879691131,0.19576559504118501
outer,5.201325867208009,298.5219028182333,-2.1461254231322062,-0.5874457519007221,0.19682983373651
outer,5.242020075307319,298.68956815628115,-2.141318986837361,-0.5948809557450832,0.19764736352212384
outer,5.303083142301862,298.60584809462586,-2.13303414868869,-0.5907892551396839,0.1995226997986134
outer,5.360175712731544,298.77306950182253,-2.1259995690545517,-0.5982161029460406,0.2007581545105635
outer,5.364099635296024,298.52190281823334,-2.12466855851231,-0.5866598614905996,0.20139206825689912
outer,5.421138713449752,298.6895681562812,-2.1175318831017877,-0.594064523613669,0.20259082134029754
outer,5.482051833036438,298.60584809462586,-2.108985131204124,-0.5898732851355076,0.20441720303936017
outer,5.542918492990604,298.5219028182333,-2.1003594880276926,-0.5856403424283186,0.2062380813216632
outer,5.557433608499918,298.77306950182253,-2.099188231906235,-0.5972137573086307,0.2060343824316749
outer,5.6181543025982625,298.6895681562812,-2.0904470978631022,-0.5929472417115444,0.20780929650418214
outer,5.67882531382514,298.6058480946258,-2.0816288871600577,-0.5886360114981734,0.2095789000553552
outer,5.739450050080314,298.52190281823334,-2.0727335048594426,-0.5842778696491794,0.21134428778232103
outer,5.773507429086339,298.7730695018225,-2.0686423567733487,-0.595781679445644,0.21152183969356458
outer,5.83388934119141,298.68956815628115,-2.059621818226826,-0.5913756578894341,0.21323213875179126
outer,5.894221847623129,298.6058480946258,-2.0505259978902557,-0.5869186910259738,0.2149391098931343
outer,5.954508337267392,298.52190281823334,-2.041354612974239,-0.5824086040593166,0.21664412217536683
outer,6.008121920686317,298.7730695018225,-2.034026347763255,-0.5937230775906812,0.21710395225532889
outer,6.068069986740528,298.6895681562812,-2.0247258928618024,-0.5891477491807591,0.21874621210538947
outer,6.127969002102891,298.60584809462586,-2.0153518140417575,-0.5845144122711853,0.22038818142709943
outer,6.187822331309842,298.5219028182333,-2.005903733800869,-0.579821055333523,0.222031434820663
outer,6.259616288510177,298.7730695018224,-1.9952029935366822,-0.590806907434139,0.22262940398912823
outer,6.319043959891679,298.68956815628115,-1.9856285065907675,-0.5860279875666199,0.22420476857993155
outer,6.378423006378471,298.60584809462586,-1.9759819571083026,-0.5811835584076792,0.22578378890337575
outer,6.437756763300441,298.5219028182333,-1.966262939845404,-0.5762718477918075,0.2273681573379884
outer,6.525101250035152,298.7730695018224,-1.952295572837234,-0.5868033403050548,0.2279389635512849
outer,6.583936792414374,298.68956815628115,-1.9424576668542624,-0.581782695930191,0.22945294638145386
outer,6.642724194390542,298.60584809462586,-1.932549054777365,-0.5766889228723264,0.23097510685316597
outer,6.701466758060767,298.5219028182333,-1.9225693029508109,-0.5715204857104113,0.23250716815094197
outer,6.8011463619130135,298.77306950182253,-1.9056463989595371,-0.5815059697730843,0.23289335176419002
outer,6.85933562996053,298.6895681562812,-1.8955560599357968,-0.5762020319480388,0.23435416299291678
outer,6.917477286399382,298.6058480946258,-1.8853957876560343,-0.5708173707472944,0.2358278336075646
outer,6.975574597055077,298.52190281823334,-1.875165013792888,-0.5653506101626267,0.2373160595605403
outer,7.084452142431562,298.7730695018225,-1.8556886798658128,-0.5747276896670928,0.23738180220676935
outer,7.141957908334908,298.6895681562812,-1.8453515893325512,-0.5690958560744305,0.23879805363975581
outer,7.199416621884586,298.60584809462586,-1.834944033911643,-0.5633756443413352,0.2402316915612286
outer,7.2568315105451004,298.5219028182333,-1.8244650583428046,-0.5575656908226305,0.2416843904737778
outer,7.372384763306978,298.7730695018225,-1.802798635167806,-0.5662823974126031,0.24131624686169845
outer,7.429183303749126,298.68956815628115,-1.7922096746679534,-0.5602753608024619,0.24269530278401558
outer,7.485935370503451,298.60584809462586,-1.781547255292743,-0.5541718472497424,0.24409610893999767
outer,7.5426441513418965,298.5219028182333,-1.7708094463801423,-0.5479701699617887,0.24552045624003196
outer,7.663078389330823,298.77306950182253,-1.7471942067322663,-0.555966640999307,0.2446179651926475
outer,7.719155547739271,298.6895681562812,-1.7363323645911057,-0.5495338811208716,0.24596600372788482
outer,7.775186822708963,298.6058480946258,-1.7253892634964887,-0.5429948590136641,0.24734057218106248
outer,7.831175361524858,298.52190281823334,-1.7143602163801097,-0.5363464408172136,0.24874408314181523
outer,7.955334126492173,298.7730695018225,-1.6889001364945697,-0.5435509882867036,0.24721245213350157
outer,8.010681893414533,298.6895681562812,-1.6777200749337897,-0.5366344223566605,0.2485371291497849
outer,8.065984373700626,298.6058480946258,-1.66643929424404,-0.5295957049623783,0.24989554763256364
outer,8.121244673698921,298.52190281823334,-1.655045607643034,-0.5224273774104824,0.2512921322408297
outer,8.248431362409423,298.77306950182253,-1.6277350023236137,-0.5287626123757031,0.24903603240735805
outer,8.303045423207504,298.68956815628115,-1.6161410633934854,-0.5212790084591039,0.25035459729570325
outer,8.357614797702116,298.60584809462586,-1.6043970230514943,-0.5136399764256011,0.2517218865563985
outer,8.412142551063218,298.5219028182333,-1.5924754406969888,-0.5058304085238184,0.253146759981313
outer,8.541966555548877,298.7730695018225,-1.563235105343066,-0.5112172977819723,0.2500641894529769
outer,8.595844664673415,298.6895681562812,-1.5510091429945232,-0.5030128327244882,0.2514239495622693
outer,8.649678689664679,298.6058480946258,-1.5385228135492102,-0.49458836597038763,0.2528645386088182
outer,8.703471654387908,298.52190281823334,-1.5257301073125054,-0.4859249176555386,0.25440061960680166
outer,8.835721156884764,298.7730695018225,-1.4943796067262476,-0.490239550465008,0.25038618771967064
outer,8.888862189358507,298.6895681562812,-1.4810519044498707,-0.4810297856290433,0.251900496015697
outer,8.941959740789647,298.6058480946258,-1.4672747196201312,-0.47151467802404656,0.25355087266647464
outer,8.995016793675603,298.5219028182333,-1.4529981049964922,-0.46169110995616613,0.25535328245048927
outer,9.129581909556137,298.7730695018225,-1.4190423356073363,-0.4646111158270531,0.25034058026647316
outer,9.181985321106536,298.6895681562812,-1.403792939810063,-0.45400433410354635,0.25221398414672463
outer,9.234345855150435,298.60584809462586,-1.3878722366476368,-0.44305591097671715,0.2542862774639106
outer,9.286666452786747,298.5219028182333,-1.3712597191681197,-0.4318056894475576,0.2565619946646296
outer,9.423492635124395,298.77306950182253,-1.3334540276140718,-0.4326071510781568,0.25061231376798143
outer,9.475158169524185,298.6895681562812,-1.3152382634598867,-0.4203490173837725,0.2530834491096499
outer,9.526781430163137,298.60584809462586,-1.2962194889354857,-0.4078668783557963,0.25577500310536005
outer,9.578365316727409,298.52190281823334,-1.2764319534458197,-0.39524599038295877,0.25866658890353367
outer,9.71742597792487,298.77306950182253,-1.232400481166685,-0.3928742785786418,0.2519952702391672
outer,9.768353519208178,298.6895681562812,-1.2103824945191262,-0.3792514145026579,0.25513785203888273
outer,9.819239390571166,298.60584809462586,-1.1876313627082655,-0.36570043493745014,0.2584220963016386
outer,9.870086450280725,298.5219028182334,-1.164223796967153,-0.3523096789422453,0.26180226774001075
outer,10.011369315410551,298.7730695018225,-1.1105912781768648,-0.34602547395584743,0.2544945919521838
outer,10.061558812331363,298.6895681562812,-1.0845932113309236,-0.3319928450832065,0.25793510334200587
outer,10.111707243214308,298.6058480946259,-1.0581133289766,-0.3183509055205387,0.26132111149435705
outer,10.161817424904205,298.5219028182334,-1.0312344245168585,-0.3051354043550841,0.2645999357041019
outer,10.30531691971919,298.77306950182253,-0.9640458527742275,-0.295127250513856,0.2557402165088658
outer,10.354768350400072,298.68956815628127,-0.9344869657652696,-0.28161380171503203,0.2584722059638452
outer,10.404179318943504,298.6058480946259,-0.9047728331060847,-0.26859013519111674,0.2609040405659439
outer,10.453552600770863,298.5219028182333,-0.8749863448953551,-0.2560357639122639,0.2630063607312823
outer,10.599266289877942,298.77306950182253,-0.7885590986957574,-0.24131383967662376,0.249053929174683
outer,10.64797964526485,298.6895681562812,-0.7561937102485908,-0.2279297746180185,0.24966829374562516
outer,10.69665314242205,298.6058480946259,-0.7241737392918574,-0.21492768498125295,0.24986335561227394
outer,10.745289515347123,298.52190281823334,-0.6926025016898274,-0.20229235582164204,0.24965357508211208
outer,10.893216371528611,298.77306950182253,-0.5783862610244476,-0.17422043911910703,0.2236251636584165
outer,10.941191647973472,298.68956815628115,-0.5459866086649557,-0.15962655709406956,0.22152094478665993
outer,10.989127670099425,298.60584809462586,-0.5148146518418789,-0.14551619445616953,0.2191719137001787
outer,11.03702713047989,298.52190281823334,-0.4849242437841931,-0.13189840523336446,0.21661069697100102
outer,11.187166729187917,298.77306950182253,-0.3452234786606949,-0.07536491946777264,0.17387976411208075
outer,11.234403925275563,298.68956815628127,-0.3201132814893839,-0.0607890820760061,0.17078562147180004
outer,11.281602470956166,298.6058480946259,-0.29683826464994,-0.04706683293913298,0.16772767910695768
outer,11.328765017379094,298.5219028182334,-0.27530414295224404,-0.03416428124069276,0.16470943155677725
outer,11.481117191513423,298.77306950182253,-0.14842494300723566,0.0494973141748153,0.11451004999122141
outer,11.527616306707131,298.68956815628127,-0.1368926581100596,0.05975374220573928,0.11308567448311296
outer,11.57407737540627,298.60584809462586,-0.12656501165679832,0.06916689249082231,0.11169311494734963
outer,11.620503007335854,298.5219028182334,-0.11731733782604893,0.07780368041436332,0.11032188063693849
outer,11.77506769213907,298.7730695018226,-0.0506570502757011,0.16162537760579287,0.07078725990868043
outer,11.820828726242558,298.68956815628127,-0.04869138015156729,0.16607916733129688,0.07115925192540318
outer,11.866552317763905,298.6058480946259,-0.04696611677688428,0.17007716510189344,0.0714048248748357
outer,11.91224103500412,298.5219028182334,-0.045446195769024186,0.17365719313897232,0.07152994495964789
outer,12.06901820638385,298.7730695018226,-0.02968500191991658,0.24025036556724666,0.047264066246851026
outer,12.11404115932725,298.6895681562812,-0.02974397147451475,0.2409523198814881,0.04794713083602165
outer,12.159027273601087,298.6058480946259,-0.02977077062438529,0.241453505462252,0.048477309101955114
outer,12.203979076082163,298.52190281823334,-0.029766446524086346,0.2417676416766414,0.04886592434282111
outer,12.362968725335698,298.7730695018226,-0.026727475831937488,0.2949284902411624,0.032610752829893994
outer,12.407253597094838,298.6895681562812,-0.026614007085801816,0.29340669775570677,0.03305647986031384
outer,12.451502234097093,298.60584809462586,-0.026476987773563825,0.291800729119352,0.03338571417663253
outer,12.49571712179486,298.5219028182334,-0.02631817882939262,0.2901158864412573,0.033606848637484914
outer,12.656919245856654,298.77306950182253,-0.023710475186864814,0.33388906179657724,0.02156661509758405
outer,12.700466036423544,298.6895681562812,-0.023490096233545116,0.33087682156494447,0.02177853885680902
outer,12.743977196146128,298.6058480946259,-0.02325418980462568,0.32784936360400346,0.021905221659177722
outer,12.787455169052645,298.5219028182334,-0.023004386664782234,0.3248082083882887,0.021952611259650395
outer,12.950869766888841,298.7730695018226,-0.021023900613540345,0.36056790482384615,0.01317705989772544
outer,12.993678476260833,298.6895681562812,-0.020725906230866557,0.3565856307366875,0.013183433578324341
outer,13.036452158701097,298.6058480946259,-0.020420366400500874,0.35262854059431026,0.013129374990247328
outer,13.079193216813772,298.52190281823334,-0.020108464891727778,0.34869647546819915,0.013019044581900709
outer,13.24482028808158,298.77306950182253,-0.018645915277182106,0.37771417241763805,0.00677395539075365
outer,13.286890916257862,298.68956815628127,-0.018299186316271924,0.3731275962152687,0.006610100404358499
outer,13.328927121415045,298.6058480946259,-0.017951292992608305,0.3685897984268705,0.006404805322829957
outer,13.370931264733011,298.52190281823334,-0.017603028724338207,0.36409979924011804,0.006160960062106091
outer,13.53877080932343,298.77306950182253,-0.01654129882248659,0.38746253640979234,0.0018901161852804965
outer,13.580103356303693,298.6895681562812,-0.016170694275746227,0.3825319537942562,0.0015895078008480723
outer,13.621402084177541,298.6058480946259,-0.0158035766363501,0.3776632141542014,0.0012617788721041162
outer,13.662669312700594,298.52190281823334,-0.015440439774323852,0.37285493740446557,0.0009089090289449986
outer,13.832721330579883,298.7730695018226,-0.014679554314712545,0.39147915260854865,-0.001817748161365998
outer,13.87331579636408,298.68956815628127,-0.014304835311816581,0.38639072013223585,-0.002226023243794742
outer,13.91387704695449,298.6058480946259,-0.013936746365064943,0.38137033568369433,-0.002650750781736169
outer,13.954407360682477,298.5219028182334,-0.013575557894976005,0.37641645590266803,-0.003090606551381561
outer,14.12667185184051,298.7730695018226,-0.013036464757411291,0.39107208358917867,-0.004610217574289671
outer,14.16652823642864,298.6895681562812,-0.01267231134281134,0.3859583193461266,-0.005101861769328225
outer,14.20635200973556,298.6058480946259,-0.012316710738784799,0.38091429209349037,-0.0056021138857915015
outer,14.246145408668532,298.5219028182334,-0.011969769590398499,0.37593843699657536,-0.006110120694290955
outer,14.420622373102304,298.7730695018226,-0.011591138076195537,0.3872718027013698,-0.006689329938436031
outer,14.45974067649437,298.6895681562812,-0.011247741522960937,0.38222574662426245,-0.007244464711001736
outer,14.498826972517852,298.6058480946259,-0.010913871606551974,0.3772481801531411,-0.007802530965754048
outer,14.53788345665576,298.5219028182334,-0.010589517806620416,0.37233760274375294,-0.008363010948127816
outer,14.714572894364355,298.7730695018226,-0.010324354388934726,0.380890695471395,-0.008213575746634394
outer,14.752953116560352,298.68956815628127,-0.010008169802345715,0.37597612628287874,-0.008816140093436661
outer,14.791301935300398,298.6058480946259,-0.009701773215666419,0.3711269598285225,-0.009417611671879822
outer,14.829621504643239,298.5219028182334,-0.00940507354468701,0.36634180961435986,-0.010017707892878258
outer,15.00852341562656,298.77306950182253,-0.009217774456487582,0.37256840231677635,-0.00930792654515887
outer,15.04616555662654,298.68956815628127,-0.00893228179770724,0.3678274232054727,-0.009945047564346318
outer,15.083776898083045,298.6058480946259,-0.008656324712191632,0.36314769015244325,-0.010578298944618397
outer,15.121359552630873,298.5219028182334,-0.008389760259745395,0.35852795631707035,-0.011207559047191631
outer,15.302473936888815,298.7730695018225,-0.008253733871850563,0.36280720592019156,-0.010070970654139533
outer,15.339377996692626,298.68956815628127,-0.008000136932916145,0.35826597182742465,-0.010732384863876426
outer,15.376251860865745,298.6058480946259,-0.007755472373386675,0.35378129491981214,-0.011388083619628467
outer,15.413097600618505,298.5219028182334,-0.007519567669199187,0.34935207723293893,-0.012038051702594602
outer,15.596424458151018,298.7730695018226,-0.007415321900993144,0.352000125090652,-0.010580263804335785
outer,15.632590436758814,298.6895681562812,-0.007193158288405256,0.34767319822536014,-0.011257815086528303
outer,15.668726823648443,298.6058480946259,-0.006979103810980811,0.3433979761858564,-0.01192849051764637
outer,15.704835648606139,298.5219028182334,-0.006772973263271878,0.3391735081970756,-0.012592341750092675
outer,15.890374979413274,298.7730695018226,-0.0066865716604805475,0.34045344573018654,-0.010896500675611237
outer,15.92580287682495,298.68956815628127,-0.0064942256358720765,0.3363471079591294,-0.011583718618667152
outer,15.961201786431142,298.6058480946259,-0.006309047540768352,0.3322877037131643,-0.012263396616654737
outer,15.996573696593773,298.5219028182334,-0.006130851871448836,0.3282744208049133,-0.012935625046367291
outer,16.184325500675477,298.77306950182253,-0.006052660892886537,0.3284048744699173,-0.011066854784690786
outer,16.219015316891088,298.6895681562812,-0.005887780697352053,0.324519632352557,-0.011758607888765316
outer,16.25367674921379,298.6058480946259,-0.005729086416790485,0.3206767870338648,-0.012442509225256193
outer,16.288311744581407,298.5219028182334,-0.005576400894656289,0.31687565228395786,-0.01311866836459559
outer,16.47827602193768,298.7730695018226,-0.005500072564263381,0.31603817135738926,-0.011127694936830954
outer,16.512227756957223,298.6895681562812,-0.005359898987821889,0.31237063133176596,-0.011819909653311117
outer,16.546151711996487,298.6058480946259,-0.005224944412757199,0.30874127355100445,-0.012504204758516588
outer,16.58004979256904,298.52190281823334,-0.005095045622580979,0.3051495231931985,-0.013180695925666924
outer,16.772226543199935,298.77306950182253,-0.005016694180662876,0.30349491222728575,-0.011106810574891934
outer,16.80544019702341,298.68956815628127,-0.004898309895915463,0.30003916425670074,-0.011796246299182675
outer,16.838626674779185,298.60584809462586,-0.004784231032947228,0.29661774709469463,-0.012477858347350948
outer,16.87178784055667,298.52190281823334,-0.004674311476048812,0.2932301823458913,-0.013151760138475868
outer,17.06617706446214,298.77306950182253,-0.004591852452989938,0.29088389622249583,-0.011025236130237773
outer,17.098652637089547,298.68956815628127,-0.00449236296719132,0.2876325159182098,-0.011709306682612164
outer,17.131101637561834,298.6058480946259,-0.004396342596052753,0.2844119871267432,-0.012385754909636545
outer,17.163525888544253,298.5219028182334,-0.004303663629689702,0.2812219134437819,-0.013054687016119726
outer,17.360127585724392,298.7730695018226,-0.004216289768736552,0.27828861949051314,-0.01089874065244889
outer,17.391865077155686,298.68956815628127,-0.004132947275209881,0.27523337701993245,-0.011575373713934613
outer,17.423576600344532,298.6058480946259,-0.004052327603625942,0.27220586716376727,-0.012244649599586759
outer,17.45526393653194,298.52190281823334,-0.003974321396950288,0.2692057622332673,-0.01290666470848334
outer,17.654078106986596,298.7730695018226,-0.003882093727258576,0.265773165869046,-0.01073903503111489
outer,17.68507751722182,298.6895681562812,-0.0038123747770788183,0.2629055126844284,-0.011406562135960169
outer,17.71605156312723,298.6058480946259,-0.0037447266880879584,0.26006280938213,-0.012067032039327692
outer,17.74700198451952,298.5219028182334,-0.003679057478789438,0.25724478518920935,-0.012720530339630685
outer,17.9480286282488,298.7730695018226,-0.0035825926516973444,0.2533868095485229,-0.010554740521500669
outer,17.97828995728796,298.6895681562812,-0.0035242398194850616,0.25069819967333096,-0.011211811363765416
outer,18.00852652590988,298.6058480946259,-0.0034673985234883395,0.24803206235720118,-0.011862140205572594
outer,18.038740032507103,298.5219028182334,-0.00341199258677187,0.24538817355617665,-0.012505801874778365
outer,18.241979149511057,298.77306950182253,-0.003312229638723234,0.24116757838334904,-0.010352156418121601
outer,18.271502397354094,298.6895681562812,-0.0032632662650301306,0.23864966912055446,-0.010997672291715888
outer,18.301001488692577,298.6058480946259,-0.0032153420013640646,0.2361520274047587,-0.011636763812253412
outer,18.33047808049479,298.5219028182334,-0.003168394598370261,0.2336744673130315,-0.012269495672149869
outer,18.53592967077326,298.77306950182253,-0.003066426270827524,0.22914498690559912,-0.010135860160023456
outer,18.564714837420283,298.6895681562812,-0.00302515205934506,0.22678975395405787,-0.010768922314588598
outer,18.593476451475276,298.6058480946259,-0.0029845232654081774,0.22445282315542656,-0.011395872267591485
outer,18.62221612848237,298.5219028182334,-0.0029444895961002193,0.22213403956119218,-0.01201676552476974
outer,18.829880192035514,298.77306950182253,-0.002841445018129579,0.21734211350726548,-0.00990916928133937
outer,18.857927277486418,298.6895681562812,-0.00280641892190385,0.21514190726633742,-0.010529038798090057
outer,18.885951414257974,298.6058480946259,-0.0027717139398881763,0.21295824679337075,-0.011143098162155328
outer,18.913954176470053,298.5219028182334,-0.0027372897973225174,0.21079100228373704,-0.011751394766686449
outer,19.123830713297718,298.77306950182253,-0.002634257121540806,0.20577716603641233,-0.009674491021060744
outer,19.151139717552557,298.6895681562812,-0.0026042726793892718,0.20372472913236508,-0.010280557506782535
outer,19.178426377040623,298.60584809462586,-0.0025743447979777595,0.20168726302714624,-0.010881103411158444
outer,19.20569222445769,298.5219028182334,-0.0025444414258675094,0.19966465834738278,-0.011476169084734145
outer,19.41778123455992,298.7730695018226,-0.002442420750677708,0.1944646536503852,-0.009433581993867228
outer,19.44435215761869,298.6895681562812,-0.002416477765599577,0.1925531143662842,-0.01002533897468065
outer,19.47090133982332,298.60584809462586,-0.0023903772381527535,0.190655128102871,-0.01061185151433696
outer,19.49743027244532,298.5219028182334,-0.002364093740561825,0.1887706021393271,-0.011193153919743709
outer,19.711731755822175,298.77306950182253,-0.0022639722344540494,0.18341626003097417,-0.00918773707085456
outer,19.737564597684827,298.6895681562812,-0.0022412476379172,0.1816391120095133,-0.009764762442599766
outer,19.76337630260602,298.6058480946259,-0.0022181932829591286,0.17987423556345736,-0.010336805980445757
outer,19.789168320432953,298.5219028182334,-0.0021947889721500927,0.17812155161759455,-0.010903896841119254
outer,20.00568227708438,298.7730695018225,-0.002097331667240236,0.1726414935025475,-0.00893792358766949
outer,20.030777037751015,298.6895681562812,-0.002077151518726131,0.17099256879283015,-0.00949986384110292
outer,20.05585126538872,298.60584809462586,-0.00205650367323347,0.16935475281718557,-0.010057071708933177
outer,20.08090636842059,298.52190281823334,-0.0020353719948564136,0.16772797774310694,-0.010609571964604762
outer,20.299632798346583,298.77306950182253,-0.0019412231555566775,0.1621481731838003,-0.008684874176269196
outer,20.323989477817154,298.6895681562812,-0.0019230369915375287,0.16062161320477747,-0.009231431432797144
outer,20.348326228171366,298.60584809462586,-0.0019042728850758722,0.1591051027842657,-0.009773493183990331
outer,20.37264441640817,298.52190281823334,-0.0018849178018097365,0.15759858340420568,-0.010311080473780841
outer,20.593583319608836,298.77306950182253,-0.0017946088767275895,0.15194279677194875,-0.008429149005033686
outer,20.61720191788329,298.6895681562812,-0.001777967057255199,0.1505330239330871,-0.00896007014267447
outer,20.640801190954065,298.60584809462586,-0.0017606591752164016,0.14913233259262865,-0.009486720748746312
outer,20.664382464395853,298.52190281823334,-0.0017426745111941422,0.14774067200077656,-0.01000911869058091
outer,20.88753384087104,298.77306950182253,-0.0016566357542604077,0.14203082426994368,-0.008171176014120277
outer,20.910414357949424,298.6895681562812,-0.0016411700322108216,0.14073251570747844,-0.008686243344373797
outer,20.933276153736763,298.60584809462586,-0.0016249676352092443,0.13944240112947576,-0.00919725386498358
outer,20.956120512383485,298.52190281823334,-0.001608019538939208,0.13816043628596478,-0.009704222725928417
outer,21.181484362133244,298.77306950182253,-0.0015265933319959166,0.13241690296476175,-0.007911275807840245
outer,21.203626798015563,298.6895681562812,-0.0015120006007901185,0.13122496693706168,-0.008410298920510793
outer,21.22575111651941,298.60584809462586,-0.0014966143183999941,0.13004040896724883,-0.00890546829795455
outer,21.247858560371068,298.5219028182333,-0.0014804266691313822,0.12886319025576268,-0.00939679675748276
outer,21.4754348833955,298.77306950182253,-0.0014038810565121934,0.12310505209485621,-0.007649676287192729
outer,21.49683923808175,298.6895681562812,-0.0013899100613117485,0.12201460701155936,-0.008132484781370602
outer,21.51822607930211,298.60584809462586,-0.001375099328312146,0.12093078797440288,-0.008611632520393167
outer,21.539596608358703,298.52190281823334,-0.0013594418667412511,0.11985356076146779,-0.009087130317864778
outer,21.769385404657704,298.77306950182253,-0.0012879835602258062,0.114098819869187,-0.007386520811087597
outer,21.790051678147886,298.6895681562812,-0.0012744242198528925,0.11310517561850902,-0.007852957731582073
outer,21.81070104208481,298.60584809462586,-0.0012599871971974083,0.11211746266867734,-0.008315917295967801
outer,21.831334656346336,298.52190281823334,-0.001244666036721593,0.11113565062853001,-0.008775408601078616
outer,22.063335925919958,298.7730695018225,-0.001178452208823965,0.10540142151311133,-0.007121872639132484
outer,22.08326411821402,298.68956815628115,-0.0011651271873762865,0.10450006254380635,-0.007571788497452946
outer,22.10317600486751,298.60584809462586,-0.0011508928369021836,0.10360399153677581,-0.008018401314212432
outer,22.123072704333968,298.52190281823334,-0.0011357430193840827,0.10271318128922999,-0.008461718722686338
outer,22.35728644718216,298.77306950182253,-0.0010748918061198945,0.0970158637871583,-0.006855717556171679
outer,22.37647655828016,298.6895681562812,-0.0010616499506224605,0.09620243336136095,-0.007288964859811561
outer,22.395650967650155,298.60584809462586,-0.0010474718750342372,0.09539369372827426,-0.007719074857219961
outer,22.414810752321603,298.5219028182334,-0.0010323515975077802,0.09458962031764362,-0.00814605394837397
outer,22.651236968444366,298.7730695018225,-0.0009769512286286267,0.08894505916370682,-0.006587965962381499
outer,22.669688998346295,298.6895681562812,-0.0009636625343276452,0.08821534417865803,-0.007004394219745778
outer,22.688125930432854,298.6058480946258,-0.0009494142612596138,0.0874897642435018,-0.007417842865939977
outer,22.706548800309236,298.52190281823334,-0.000934200462811955,0.086768296942795,-0.007828317283546764
outer,22.94518748970662,298.7730695018225,-0.0008843169437242511,0.08119193132022053,-0.006318455272902514
outer,22.962901438412484,298.68956815628115,-0.0008708687283602023,0.08054184717552032,-0.006717906462531176
outer,22.980600893215552,298.60584809462586,-0.0008564401261425686,0.0798953794370737,-0.007114528294770647
outer,22.998286848296868,298.52190281823334,-0.0008410251390683077,0.0792525074323322,-0.007508325337240222
outer,23.239138010968823,298.77306950182253,-0.0007967088062601803,0.07375951250366355,-0.0060469530717183265
outer,23.25611387847862,298.68956815628115,-0.0007830028145625646,0.0731850875441296,-0.006429257587642106
outer,23.2730758559982,298.6058480946258,-0.0007682973895856288,0.07261379346490457,-0.006808876234413315
outer,23.290024896284503,298.52190281823334,-0.0007525864265446221,0.07204561098129911,-0.007185812957319057
outer,23.533088532231076,298.7730695018225,-0.000713877320290688,0.06665103242727606,-0.005773161270474168
outer,23.549326318544757,298.68956815628115,-0.0006998275354294856,0.06614839156966705,-0.006138134354028104
outer,23.5655508187809,298.6058480946258,-0.0006847604027096256,0.06564842550054001,-0.006500559060512017
outer,23.581762944272135,298.52190281823334,-0.0006686696785838213,0.06515111602448696,-0.006860438903593629
outer,23.82703905349328,298.7730695018225,-0.0006356019933653652,0.0598699981707997,-0.005496721345529292
outer,23.842538758610893,298.68956815628115,-0.0006211329806555567,0.059435345365467365,-0.00584416003874717
outer,23.858025781563597,298.6058480946258,-0.0006056293303867803,0.059002937292456384,-0.0061891827312619795
outer,23.873500992259768,298.5219028182333,-0.0005890846467884944,0.058572756601346816,-0.006531792693364513
outer,24.120989574755537,298.7730695018225,-0.0005616903326206291,0.053420264036298425,-0.005217220624573913
outer,24.13575119867708,298.6895681562812,-0.0005467359717160683,0.053049863272107076,-0.005546901288336896
outer,24.1505007443463,298.6058480946258,-0.0005307298997091377,0.0526813000958611,-0.005874294219979103
outer,24.165239040247403,298.52190281823334,-0.0005136655709164252,0.05231455781307507,-0.006199402628094533
outer,24.41494009601774,298.7730695018225,-0.0004919771740357869,0.04730609011822827,-0.004934199638553356
outer,24.428963638743166,298.68956815628115,-0.0004764796353967128,0.04699624474351183,-0.005245876084404159
outer,24.442975707128944,298.60584809462586,-0.00045991320565980445,0.046687849873853896,-0.005555390105561508
outer,24.456977088234986,298.5219028182333,-0.0004422712130264378,0.04638088932800889,-0.005862745027136067
outer,24.708890617279945,298.7730695018225,-0.00042632403957997,0.041532188302356866,-0.004647160545322712
outer,24.722176078809355,298.6895681562812,-0.0004102329689099904,0.04127921833002525,-0.004940562872561999
outer,24.735450669911643,298.60584809462574,-0.0003930554816890825,0.041027329270676836,-0.0052319264180123
outer,24.748715136222668,298.5219028182333,-0.00037478481821730074,0.040776505365879984,-0.005521254800412167
outer,25.00284113854215,298.7730695018225,-0.00036461841580898505,0.0361037535187756,-0.004355576844338901
outer,25.01538851887549,298.68956815628115,-0.00034789024426295535,0.035903970646615636,-0.004630411093341492
outer,25.02792563269434,298.6058480946258,-0.00033005763934184154,0.03570491429916449,-0.004903330012062898
outer,25.04045318421025,298.5219028182333,-0.000311113808103565,0.03550656910572196,-0.005174337689841329
outer,25.296791659804402,298.7730695018225,-0.0003067727971817931,0.03102647774171674,-0.004058904954935426
outer,25.30860095894163,298.68956815628115,-0.0002893702189894296,0.030876157644118857,-0.004314853765916252
outer,25.32040059547699,298.6058480946258,-0.00027084464531388665,0.03072622292342799,-0.004569012189481844
outer,25.332191232197886,298.52190281823334,-0.0002511893348324714,0.030576658607577828,-0.00482138495800632
outer,25.590742181066606,298.7730695018225,-0.0002527233891059955,0.02630654254826494,-0.0037565987536872184
outer,25.601813399007764,298.6895681562812,-0.00023461503445115772,0.02620189394934879,-0.003993323350121337
outer,25.612875558259688,298.60584809462586,-0.00021536466060588857,0.02609730120285348,-0.004228385918969502
outer,25.623929280185518,298.52190281823334,-0.00019496568671464355,0.025992749806757382,-0.004461792004052298
outer,25.88469270232881,298.7730695018225,-0.0002024283653630065,0.02195058389624544,-0.003448129198871119
outer,25.895025839073902,298.68956815628115,-0.00018358882740149296,0.021887713735462676,-0.003665273176234487
outer,25.905350521042386,298.6058480946258,-0.00016358807228349613,0.021824580299759505,-0.0038808891317066614
outer,25.91566732817315,298.5219028182333,-0.00014241981495146175,0.021761169704118472,-0.004094983585105747
outer,26.178643223591063,298.7730695018225,-0.00015586595312945366,0.017965618434969056,-0.003133012793518622
outer,26.188238279140087,298.68956815628115,-0.000136276533012996,0.017940492197412575,-0.00333020851086065
outer,26.19782548382509,298.6058480946258,-0.00011550707927765903,0.01791479324738906,-0.0035260184645285234
outer,26.207405376160786,298.5219028182333,-9.35517899862473e-05,0.017888508534938768,-0.0037204503064846898
outer,26.472593744853267,298.7730695018225,-0.00011303249606774753,0.014358914261867108,-0.002810855295328167
outer,26.481450719206226,298.68956815628115,-9.268323131380197e-05,0.01436731041895651,-0.0029877341530645113
outer,26.490300446607733,298.6058480946258,-7.113647880687465e-05,0.014374834084620789,-0.0031633808320951995
outer,26.499143424148418,298.5219028182333,-4.8387159774200376e-05,0.014381473364857402,-0.003337804254956847
outer,26.76654426611552,298.7730695018225,-7.394098928814596e-05,0.011137778260348813,-0.002481421622113949
outer,26.77466315927236,298.6895681562812,-5.2835029333846324e-05,0.011175235637076151,-0.0026376302521639843
outer,26.78277540939043,298.6058480946258,-3.051714718545727e-05,0.011211531308767106,-0.0027927752709012155
outer,26.79088147213605,298.5219028182333,-6.983298711923588e-06,0.01124665498798744,-0.0029468669790591595
outer,27.060494787377724,298.7730695018225,-3.8621394087792315e-05,0.008309214191642095,-0.0021447504814828657
outer,27.0678755993385,298.6895681562812,-1.6783819852934055e-05,0.008370971051841553,-0.002279976135809634
outer,27.07525037217313,298.60584809462586,6.27437148029153e-06,0.008431289875560806,-0.0024143260814298976
outer,27.082619520123686,298.5219028182333,3.0555806023037195e-05,0.008490162619671145,-0.0025478120422198595
outer,27.35444530863998,298.7730695018225,-7.126284168259764e-06,0.005879376460931923,-0.0018013455237982207
outer,27.361088039404635,298.68956815628115,1.537877724874662e-05,0.005960300853738453,-0.0019153559313944983
outer,27.367725334955832,298.60584809462586,3.910318881720533e-05,0.0060395284185987665,-0.002028702947928185
outer,27.374357568111318,298.5219028182333,6.404772884381063e-05,0.006117054253102366,-0.0021413996255961725
outer,27.648395829902185,298.7730695018225,2.0450562853143416e-05,0.003852697770093459,-0.001452498036088586
outer,27.654300479470823,298.68956815628115,4.3488814225933585e-05,0.003947212010747167,-0.0015452037279511193
outer,27.660200297738477,298.6058480946258,6.772864784705679e-05,0.004039796421266064,-0.0016374884048919037
outer,27.66609561609895,298.5219028182333,9.316827166221337e-05,0.004130450230416515,-0.0017293661851298628
outer,27.94234635116439,298.7730695018225,4.393556406316981e-05,0.0022304997340715305,-0.0011008347122378513
outer,27.94751291953696,298.68956815628115,6.724336369228747e-05,0.0023325043206247017,-0.0011723869292931297
outer,27.952675260521175,298.6058480946258,9.17059758724669e-05,0.0024323839967441458,-0.0012437969019138142
outer,27.957833664086586,298.5219028182333,0.00011731785723370419,0.0025301433872056585,-0.0013150793433877555
outer,28.236296872426642,298.7730695018225,6.295470405606415e-05,0.0010087350784894998,-0.0007512662081558298
outer,28.240725359603097,298.68956815628115,8.60027440954895e-05,0.0011115346908098464,-0.0008022179441206927
outer,28.245150223303877,298.6058480946258,0.00011010716678543412,0.0012120730071180615,-0.0008533492272278084
outer,28.249571712074165,298.52190281823334,0.00013525919348237236,0.001310363757571871,-0.0009046737879692729
outer,28.530247393688846,298.7730695018225,7.637162791939258e-05,0.00017416666752535174,-0.0004127267378258191
outer,28.533937799669232,298.68956815628115,9.807201454594398e-05,0.00027045919345480574,-0.00044429998552754086
outer,28.537625186086522,298.6058480946258,0.00012066079222186848,0.0003644675323161551,-0.00047641498285627514
outer,28.5413097600618,298.5219028182333,0.0001441319100372242,0.0004562212399945594,-0.0005090796269321574
outer,28.8241979149511,298.7730695018225,8.064723290895548e-05,-0.00030171269601851776,-0.00010140680781573288
outer,28.827150239735367,298.6895681562812,9.896128663151136e-05,-0.0002194667696332409,-0.00011585290410164942
outer,28.83010014886922,298.6058480946258,0.00011795305555121983,-0.0001393013066823427,-0.00013120286141563218
outer,28.833047808049432,298.52190281823334,0.00013762673529843026,-6.117241799462145e-05,-0.0001474511021206578
outer,29.118148436213303,298.7730695018225,6.812866627556381e-05,-0.000469829189965814,0.00015418376151377154
outer,29.120362679801506,298.68956815628115,7.99387337681508e-05,-0.0004080971012687722,0.0001533327864942687
outer,29.12257511165192,298.60584809462586,9.223933610126667e-05,-0.0003479208969331204,0.00015131782262003328
outer,29.124785856037064,298.5219028182333,0.00010504137595835688,-0.0002892665372325947,0.00014816007158403337
outer,29.412098957475507,298.7730695018225,3.2232442656103164e-05,-0.0004074673164146947,0.0003085334375379241
outer,29.413575119867694,298.6895681562812,3.369799462934732e-05,-0.000369400387791041,0.0003165880323002175
outer,29.41505007443462,298.6058480946258,3.5478538780792904e-05,-0.0003321570042025512,0.00032344313208723896
outer,29.4165239040247,298.52190281823334,3.758070664868347e-05,-0.00029574142612232674,0.0003291238872343514
outer,29.70604947873776,298.7730695018225,-5.468285015853159e-06,-0.00021822348393969753,0.0003013787306058119
outer,29.70678755993383,298.6895681562812,-1.8862975386445355e-05,-0.0002017457891264312,0.00031261404343401605
outer,29.707525037217266,298.6058480946258,-3.2309359450933894e-05,-0.00018549910382483886,0.0003229000989637032
outer,29.708261952012332,298.5219028182333,-4.579046005749235e-05,-0.0001695118980324268,0.0003322487255701403
outer,29.999999999999964,298.6895681562812,-4.027947977117328e-05,-0.00010027574966825603,0.0002606191399688666
outer,29.999999999999964,298.7730695018225,-1.8258328782307966e-05,-0.00010716337054466947,0.000249280623285536
outer,29.999999999999964,298.6058480946258,-6.262500965128782e-05,-9.340819663522794e-05,0.0002712079472654353
outer,29.999999999999964,298.52190281823334,-8.526315359245473e-05,-8.658942751576516e-05,0.0002810482575024061
