radius_мм,relative_angle_deg,sigma_rr_mpa,sigma_tt_mpa,radial_displacement_мм
249.99999999999997,-4.579998741307465e-13,-2.457862643619433,0.25308815609985313,9.999999999999938
250.00000000000003,-0.18750000000043363,-2.457406414489007,0.25307507314619204,9.975220989067973
250.00000000000003,0.1874999999995685,-2.4574064144890033,0.25307507314650723,10.025549176442667
250.41663769630975,-4.579998741307465e-13,-2.457644423076885,0.25459743183118133,9.927105214509844
250.41663769630975,0.18749969303985975,-2.457187506205312,0.2545826107293732,9.952667029863795
250.4166376963098,-0.18749969304077574,-2.4571875062052095,0.25458261072903715,9.90233892488201
250.8331019374152,-4.579998741307465e-13,-2.4572040755584004,0.2574944182534643,9.854177089397053
250.83310193741522,-0.18749793621203523,-2.456745822833134,0.2574762005655067,9.829423828225636
250.83310193741522,0.18749793621111924,-2.4567458228335037,0.25747620056580595,9.87975146164638
251.24922002689036,-4.579998741307465e-13,-2.45675710666412,0.26015015954773657,9.781252230122435
251.24922002689036,-0.18749371214774344,-2.456297598937473,0.2601287038913073,9.756512424590532
251.24922002689038,0.18749371214682745,-2.4562975989377214,0.2601287038917665,9.80683892420463
251.66482070309164,0.18748614821219087,-2.4558451596966395,0.26254399213451163,9.733965535351661
251.66482070309164,-4.579998741307465e-13,-2.45630583850943,0.26256852865556535,9.708366888024695
251.66482070309166,-0.18748614821305598,-2.455845159696361,0.262543992134121,9.68364106601897
252.07973483671594,-4.579998741307465e-13,-2.455852470721945,0.2647535968904721,9.63555682079145
252.07973483671594,0.18747445727687048,-2.4553907073307837,0.26472613496238384,9.661166930675513
252.07973483671597,-0.18747445727778647,-2.455390707330487,0.2647261349619113,9.610845599377408
252.49379611001342,-4.579998741307465e-13,-2.4553990783612414,0.26670961875061366,9.562857157149086
252.49379611001345,-0.18745791640144874,-2.454936319151628,0.2666793850854679,9.538161233901556
252.49379611001345,0.18745791640058362,-2.4549363191512117,0.2666793850866543,9.588478125363086
252.90684167199825,-0.1874358562915245,-2.454483945342256,0.26840816246631666,9.465622412691978
252.90684167199825,-4.579998741307465e-13,-2.4549476096453398,0.2684410161302972,9.490302266910398
252.90684167199828,0.1874358562906085,-2.4544839453424143,0.2684081624667351,9.515933382866088
253.3187121450822,-4.579998741307465e-13,-2.4544998840231522,0.26995236280913065,9.417925746277911
253.3187121450822,0.18740765537119455,-2.4540354070618933,0.26991703879775925,9.443566199437672
253.31871214508223,-0.18740765537211057,-2.4540354070616286,0.2699170387978578,9.39326279884275
253.7292536061737,-4.579998741307465e-13,-2.454057590779368,0.2712483691348168,9.345760057581632
253.72925360617373,-0.18737273600455479,-2.4535923950652294,0.2712107221879719,9.321114915786936
253.72925360617373,0.1873727360036388,-2.4535923950644207,0.2712107221883856,9.371408943463404
254.13831711924055,-4.579998741307465e-13,-2.453622288921708,0.2723338644868582,9.273836600596765
254.13831711924058,-0.1873305620690132,-2.4531564696030372,0.2722940396252897,9.249210218966036
254.13831711924058,0.18733056206814808,-2.453156469601774,0.2722940396256714,9.299492926481614
254.54575946176718,-4.579998741307465e-13,-2.453195408450702,0.27321377867270685,9.202185575699945
254.5457594617672,0.18728063717926818,-2.4527290616994977,0.273171918379348,9.22784826616716
254.5457594617672,-0.1872806371801333,-2.4527290617008637,0.27317191837906135,9.177578959292706
254.9514416304846,0.18722250359833756,-2.4523114743326304,0.27384936961079254,9.156504141399717
254.9514416304846,-4.579998741307465e-13,-2.452778251527582,0.2738931255349583,9.130836239086959
254.95144163048462,-0.18722250359920267,-2.45231147433362,0.2738493696107044,9.106250438511093
255.35523356143196,0.18715574050565742,-2.451904884049817,0.27433147252387274,9.08548795604416
255.35523356143196,-0.1871557405065734,-2.451904884050513,0.27433147252375095,9.035252173440856
255.35523356143196,-4.579998741307465e-13,-2.45237199409352,0.2743769870986052,9.059816066589525
255.75700990902993,-4.579998741307465e-13,-2.4519776891123826,0.2746704956917893,8.989151491417298
255.75700990902993,-0.1870799635628474,-2.4515103442234536,0.27462335649381525,8.964610633685561
255.75700990902996,0.18707996356193138,-2.4515103442232546,0.2746233564937387,9.014826076541183
256.1566537447912,-0.18699482333121928,-2.451128789159732,0.27473018434263835,8.894350588431763
256.1566537447912,-4.579998741307465e-13,-2.4515962706773844,0.2747788172088956,8.918867250585771
256.15665374479124,0.1869948233303033,-2.451128789160273,0.27473018434208535,8.944543178282869
256.5540519693791,-4.579998741307465e-13,-2.451228557731366,0.27470713573773126,8.848987190079628
256.55405196937915,-0.18690000524826644,-2.4507610378295093,0.27465713697101607,8.82449591150833
256.55405196937915,0.18690000524735043,-2.45076103783084,0.2746571369699369,8.874663050664187
256.94910273447357,-4.579998741307465e-13,-2.450875257885947,0.2744606380816876,8.77953295931981
256.9491027344736,-0.18679522694235956,-2.450407797690981,0.2744093978891764,8.755068276486147
256.9491027344736,0.18679522694149445,-2.450407797691348,0.27440939788916285,8.805207291462883
257.3417090071033,-0.18668023855477156,-2.450069670459917,0.2739921387028359,8.686088289162829
257.3417090071033,-4.579998741307465e-13,-2.4505369731862707,0.2740444992311574,8.710525143863961
257.34170900710336,0.18668023855385554,-2.450069670459888,0.27399213870338607,8.73619643941042
257.7317811315221,-4.579998741307465e-13,-2.4502142056166694,0.2734638688390553,8.641982816912801
257.73178113152215,-0.18655482103729193,-2.449747157624163,0.2734105055998513,8.617575039408894
257.73178113152215,0.18655482103637594,-2.449747157625816,0.273410505599064,8.66764952558125
258.1192369046974,-4.579998741307465e-13,-2.44990736201213,0.2727238581151849,8.57392352921415
258.11923690469746,-0.18641878486382235,-2.449440665367423,0.2726696062491423,8.54954609127327
258.11923690469746,0.18641878486290636,-2.449440665368867,0.2726696062486511,8.599584063152339
258.5040016112294,-4.579998741307465e-13,-2.4496167601802874,0.27182952890101053,8.506363307117917
258.5040016112294,0.18627196866680915,-2.449150510693064,0.2717744988940326,8.532016045298546
258.50400161122946,-0.18627196866767426,-2.4491505106915,0.2717744988946816,8.482017481244227
258.886005613649,-4.579998741307465e-13,-2.4493426347558653,0.27078588336681875,8.439317080522375
258.88600561364905,-0.18611423884351616,-2.448876927282237,0.27073018206049715,8.415004146194144
258.88600561364905,0.18611423884260017,-2.448876927283643,0.27073018205985905,8.464960373030301
259.2651881119964,-0.18594548669601904,-2.4486200707343913,0.26954158267381007,8.348519269431012
259.2651881119964,-4.579998741307465e-13,-2.4490851424138045,0.26959785212656684,8.372798028411209
259.26518811199645,0.18594548669510305,-2.448620070734844,0.2695415826739338,8.398430200479986
259.6414948060751,-4.579998741307465e-13,-2.4488443678086216,0.26827028490281746,8.306817995817068
259.64149480607523,-0.18576562780776565,-2.4483800244968146,0.26821354674398407,8.282574697686048
259.64149480607523,0.18576562780684966,-2.448380024497626,0.2682135467437092,8.332437351719749
260.0148780096389,-4.579998741307465e-13,-2.44862033023825,0.2668079478031752,8.241387480659034
260.01487800963895,-0.18557460050067628,-2.44815680654566,0.26675083664879456,8.217180928169887
260.01487800963895,0.18557460049981117,-2.4481568065458466,0.26675083664891097,8.266992307404728
260.38529231358376,-0.1853723667254445,-2.4479503745496074,0.2651581231433722,8.152347875032296
260.38529231358376,-4.579998741307465e-13,-2.448412988804096,0.265215515317231,8.17651640044318
260.38529231358376,0.18537236672457938,-2.447950374548983,0.2651581231438605,8.20210497147155
260.7527042315015,-0.18515890544435495,-2.447760630440252,0.26343997253036966,8.08808318838142
260.7527042315015,-4.579998741307465e-13,-2.44822224696168,0.2634975574826786,8.11221241010585
260.7527042315015,0.18515890544348984,-2.4477606304398667,0.2634399725302559,8.137782988381414
261.1170830616506,-4.579998741307465e-13,-2.448047958701697,0.261658540256512,8.04848251101144
261.11708306165065,-0.1849342158456792,-2.44758742659151,0.261600847046352,8.024393862579023
261.11708306165065,0.18493421584476322,-2.4475874265906885,0.2616008470464479,8.074033352278073
261.4784031137669,-4.579998741307465e-13,-2.447889934058347,0.2597028271743245,7.9853326682931005
261.47840311376694,-0.18469831483831464,-2.44743057133622,0.2596451065287867,7.961285853982627
261.47840311376694,0.18469831483744953,-2.447430571335947,0.2596451065284158,8.01086202405757
261.8366428706905,-0.18445123621389906,-2.4472898328765678,0.25757699570147824,7.898764235281848
261.8366428706905,-4.579998741307465e-13,-2.447747943002688,0.2576346666318399,7.922767965103814
261.8366428706906,0.18445123621298304,-2.447289832876179,0.2575769957013481,7.948274085479589
262.1917909907919,-4.579998741307465e-13,-2.447621720288964,0.2554581909235518,7.860791563072058
262.19179099079196,-0.18419302486954944,-2.4471649441335765,0.2554006432269146,7.836832156886676
262.19179099079196,0.18419302486863345,-2.447164944131664,0.2554006432283143,7.886272699005142
262.5438328852589,-0.18392374487283267,-2.4470556075040952,0.2531200656256705,7.775493196891788
262.5438328852589,-4.579998741307465e-13,-2.447510970206155,0.25317742016047995,7.799407053726152
262.5438328852589,0.18392374487191665,-2.44705560750303,0.2531200656264358,7.824861459925507
262.8927661176186,-0.18364346686753216,-2.4469614985023984,0.2507391585142559,7.714748683905564
262.8927661176186,-4.579998741307465e-13,-2.4474153702054813,0.2507962534967392,7.738615779224392
262.8927661176186,0.18364346686666705,-2.4469614985022665,0.25073915851432654,7.764041715810872
263.23858694286923,-0.18335227678251567,-2.446882269952343,0.248261704925197,7.654600051402055
263.23858694286923,-4.579998741307465e-13,-2.4473345750925324,0.24831847744852564,7.678419188250713
263.2385869428693,0.18335227678165056,-2.446882269952022,0.24826170492560376,7.703814923199826
263.5812957477881,-4.579998741307465e-13,-2.4472682204655234,0.24574776628461345,7.61881789410176
263.58129574778815,-0.1830502706338946,-2.446817555434971,0.2456913757028611,7.595047896641742
263.58129574778815,0.18305027063297857,-2.4468175554344973,0.24569137570348465,7.644181705125017
263.9208983103386,-4.579998741307465e-13,-2.447215925673796,0.24308767247027058,7.559811463847499
263.92089831033866,-0.1827375519898929,-2.4467669722557246,0.24303171995714093,7.536091770187508
263.92089831033866,0.18273755198902777,-2.446766972255433,0.24303171995760584,7.585141639948558
264.25740269521805,-4.579998741307465e-13,-2.4471772970286,0.2403416286632171,7.5013989659249605
264.2574026952181,-0.18241423340881407,-2.4467301246628574,0.24028616706083394,7.47773072321101
264.25740269521816,0.18241423340794896,-2.446730124663342,0.2402861670606331,7.526693809054392
264.5908219593565,-4.579998741307465e-13,-2.447151930675447,0.23751294932816927,7.443578507603992
264.59082195935656,-0.18208043268797133,-2.4467066067271177,0.23745802826823104,7.4199628455109465
264.59082195935656,0.18208043268710622,-2.446706606727291,0.23745802826837722,7.468836333859794
264.9211703501741,-4.579998741307465e-13,-2.4471394152095134,0.23460484450909927,7.3863479019596925
264.9211703501742,-0.1817362753718475,-2.446696004954367,0.23455051048720343,7.362785932040772
264.9211703501742,0.1817362753709824,-2.4466960049539943,0.23455051048786577,7.411567043016225
265.2484616897321,-4.579998741307465e-13,-2.4471393338310206,0.2316204191695358,7.3297049527128735
265.24846168973215,-0.18138189578401967,-2.4466979004450837,0.2315667156236944,7.306197767563362
265.24846168973215,0.18138189578315456,-2.4466979004450207,0.2315667156240173,7.354883757341004
265.5727169337931,-0.18101742797260342,-2.446711870986993,0.22850962548577614,7.2501948255745585
265.5727169337931,-4.579998741307465e-13,-2.447151266417641,0.22856265809113718,7.273646151786494
265.5727169337931,0.1810174279717383,-2.446711870987355,0.22850962548553852,7.298782986310504
265.8939575620575,-4.579998741307465e-13,-2.447174791502715,0.22543443874262842,7.218167830698684
265.89395756205755,0.18064301159829926,-2.446737493027758,0.22538211465199687,7.24326108007531
265.8939575620576,-0.18064301159916438,-2.446737493027345,0.22538211465253397,7.194773418737677
266.2122055388484,-4.0711099922733015e-13,-2.4472094878747757,0.2222385430067116,7.163266171744947
266.2122055388485,0.18025879141018633,-2.4467743432684332,0.2221869622024834,7.188314240558731
266.2122055388485,-0.18025879141105144,-2.446774343268772,0.22218696220248463,7.139929710123662
266.5274853000133,-4.0711099922733015e-13,-2.447254936111184,0.2189776493207423,7.10893686999524
266.5274853000133,0.1798649141678105,-2.4468220002192247,0.21892684385272004,7.133938183066911
266.5274853000133,-0.1798649141687265,-2.4468220002194028,0.21892684385292085,7.0856593756459505
266.83982359605244,-4.0711099922733015e-13,-2.4473107200599165,0.2156543292023425,7.0551751662457285
266.8398235960525,0.17946152789958084,-2.446880045680737,0.21560432848846398,7.080128169118142
266.8398235960525,-0.17946152790044595,-2.446880045681794,0.21560432848797476,7.031957637089804
267.1492493376292,-4.0711099922733015e-13,-2.447376427720622,0.21227106744562962,7.001975879303998
267.1492493376292,-0.17904878120610102,-2.4469480656211764,0.21222189835607572,6.978819294468758
267.1492493376292,0.1790487812052359,-2.4469480656192553,0.21222189835720542,7.026879038612401
267.4557868542361,-4.0711099922733015e-13,-2.4474516524331014,0.20883025752114623,6.949334568492612
267.4557868542361,0.1786268318194234,-2.4470256513570496,0.2087819444699114,6.974186373351232
267.4557868542362,-0.17862683182028852,-2.447025651357884,0.20878194446990078,6.926239887246
267.7594715851278,0.1781958246021093,-2.447112400585127,0.20528676074243252,6.922043803101624
267.7594715851278,-4.0711099922733015e-13,-2.4475359938704893,0.20533419571383588,6.897244842408853
267.75947158512787,-0.17819582460297442,-2.447112400585379,0.20528676074298782,6.874213006305944
268.060328306888,-4.0711099922733015e-13,-2.4476290585575864,0.2017850984526858,6.845702101141168
268.06032830688804,0.17775592109534527,-2.4472079178632966,0.20173856131509438,6.870446751392288
268.06032830688804,-0.17775592109621036,-2.4472079178638717,0.2017385613153213,6.822734031816965
268.35839312604804,-4.0711099922733015e-13,-2.447730461016743,0.19818508691402306,6.794699767307226
268.3583931260481,-0.1773072678859094,-2.4473118157885576,0.1981394651700557,6.771796368864669
268.3583931260481,0.17730726788504428,-2.4473118157870153,0.19813946517067016,6.8193886626547195
268.6536969379764,-4.0711099922733015e-13,-2.44783982392335,0.19453620260956128,6.744232125844965
268.65369693797646,-0.17685001979602824,-2.4474237151380303,0.19449151170493958,6.72139428384715
268.6536969379765,0.17685001979516313,-2.4474237151378535,0.19449151170428583,6.768863844844089
268.9462719102792,-4.0711099922733015e-13,-2.4479567783526868,0.1908404196605903,6.694293215294614
268.9462719102793,-0.1763843302327088,-2.4475432451167203,0.19079667300897765,6.671521797145885
268.9462719102793,0.1763843302318437,-2.447543245117221,0.19079667300782321,6.71886635951842
269.23615137952794,-0.1759103507765563,-2.447670044290798,0.18705683699223935,6.6221727046796115
269.23615137952794,0.17591035077574207,-2.447670044289842,0.1870568369925359,6.669390043282964
269.23615137952794,-4.0711099922733015e-13,-2.448080964704863,0.18709962792136908,6.644876849315292
269.52336975108386,-4.0711099922733015e-13,-2.4482120329345505,0.1833156389534998,6.5959766374588265
269.5233697510839,-0.17542823080931855,-2.4478037608213126,0.1832738133541561,6.573340598711461
269.5233697510839,0.17542823080850434,-2.4478037608205034,0.18327381335448145,6.6204285284971744
269.807961205643,-4.0711099922733015e-13,-2.4483496419707578,0.17949021044419136,6.5475862084974015
269.80796120564304,0.17493811926013775,-2.4479440518696234,0.17944935799559228,6.571975466807882
269.80796120564304,-0.17493811926095196,-2.4479440518692566,0.17944935799596942,6.525019090913204
270.0899555657418,-4.0711099922733015e-13,-2.448493460774465,0.17562502746223285,6.499699913900789
270.08995556574183,-0.1744401717857671,-2.448090584664335,0.1755851542795127,6.47720251482889
270.08995556574183,0.17444017178490198,-2.4480905846648287,0.17558515427942314,6.524025233539094
270.36939388119316,-4.0711099922733015e-13,-2.448643168622361,0.17172169598471054,6.452310183738572
270.3693938811932,0.17393452292249922,-2.4482430368059473,0.17168280656078583,6.476570280006155
270.3693938811933,-0.1739345229233643,-2.4482430368051395,0.1716828065609857,6.42988328566137
270.64630392270277,0.17342132936074212,-2.448401095112697,0.1677438760842237,6.429605301455396
270.64630392270277,-4.0711099922733015e-13,-2.4487984539937515,0.16778177881253792,6.405411689070807
270.6463039227028,-0.17342132936160723,-2.4484010951112904,0.1677438760849753,6.38305605659957
270.9207235043247,-4.0711099922733015e-13,-2.448959015888095,0.1638067667232436,6.358997386886809
270.9207235043247,0.17290072786231156,-2.448564456976164,0.1637698521536702,6.383123276573252
270.92072350432477,-0.17290072786317667,-2.448564456975239,0.16376985215399273,6.336713769620736
271.1926869779569,-0.17237285936364127,-2.4487328299993583,0.15976215852451658,6.290849945041576
271.1926869779569,-4.0711099922733015e-13,-2.449124563473432,0.159798084874618,6.313060813029886
271.19268697795695,0.17237285936282704,-2.448732829998528,0.15976215852578673,6.337117763505665
271.46222769910753,-4.0711099922733015e-13,-2.4492948151682503,0.1557571196133144,6.267595664412001
271.4622276991076,-0.1718378645812741,-2.4489059310641683,0.1557221802084707,6.245458264341108
271.4622276991076,0.17183786458045988,-2.4489059310638326,0.15572218020923065,6.291582481502599
271.7293794672979,-4.0711099922733015e-13,-2.4494694993179,0.1516852013296318,6.2225955571071525
271.729379467298,-0.17129588109190938,-2.449083487017899,0.1516512463316751,6.200532328648988
271.729379467298,0.17129588109109517,-2.4490834870192684,0.15165124633077132,6.246511068621115
271.9941764696976,-4.0711099922733015e-13,-2.449648354336886,0.14758360084320882,6.178054037969184
271.9941764696976,0.17074704316930397,-2.449265234824108,0.14755062651776482,6.201897093311227
271.99417646969766,-0.1707470431701691,-2.449265234824825,0.14755062651687154,6.156065670373858
272.2566532270617,0.17019148164926415,-2.44945092082719,0.14342154549778635,6.157734065477564
272.2566532270617,-4.0711099922733015e-13,-2.4498311279839537,0.14345354401679836,6.133964595722298
272.25665322706175,-0.17019148165007839,-2.4494509208279367,0.143421545496915,6.112051764302506
272.51684132544204,-0.16962933082437567,-2.4496403001822284,0.13926519521206213,6.068484576374864
272.51684132544204,-4.0711099922733015e-13,-2.4500175767989156,0.13929622386418528,6.090321210679552
272.5168413254421,0.16962933082356146,-2.449640300181407,0.13926519521304428,6.114015987106264
272.7747733765338,-4.0711099922733015e-13,-2.4502074673725707,0.1351127727077719,6.047117689792875
272.77477337653386,-0.16906072012000875,-2.4498331381425276,0.13508270697747737,6.025357899862231
272.77477337653386,0.16906072011919454,-2.4498331381412193,0.1350827069788974,6.070736686208797
273.030485707274,-0.16848576762272893,-2.450029209189189,0.13087516331699425,5.982664909255938
273.030485707274,-4.0711099922733015e-13,-2.4504005754791542,0.13090427401284208,6.004347219682117
273.03048570727407,0.1684857676219147,-2.450029209188947,0.13087516331730684,6.027889368972503
273.2840064670297,0.16790460664932777,-2.4502282957365873,0.12664362710107074,5.985468613971553
273.2840064670297,-4.0711099922733015e-13,-2.4505966848051743,0.12667179154578306,5.962004357302094
273.28400646702977,-0.167904606650142,-2.4502282957368777,0.12664362710083998,5.940400147345647
273.53536983355576,-4.0711099922733015e-13,-2.450795588583171,0.12241633296262214,5.92008265380596
273.5353698335558,0.16731735391735836,-2.450430189797704,0.12238910515292804,5.943467991773142
273.5353698335558,-0.16731735391812166,-2.450430189797621,0.12238910515310288,5.898557153370281
273.78460866529605,-4.0711099922733015e-13,-2.450997088811729,0.1181388584619293,5.878575885770792
273.7846086652961,-0.16672412574728776,-2.4506346921915196,0.1181125568965382,5.857129692049271
273.7846086652961,0.16672412574652443,-2.450634692191487,0.1181125568965088,5.901881298318948
274.0317532571349,-0.16612504128198197,-2.450841611065199,0.11381492588823648,5.816111959448529
274.0317532571349,-4.0711099922733015e-13,-2.4512009947930866,0.11384031233072911,5.8374782614931835
274.03175325713494,0.16612504128121866,-2.4508416110651114,0.11381492588832444,5.860702761655019
274.2768339684435,-4.0711099922733015e-13,-2.451407123707657,0.10952160789797157,5.7967839828842544
274.2768339684435,0.16552021640115958,-2.4510507624761373,0.10949712477832217,5.819926603005647
274.2768339684435,-0.16552021640197379,-2.4510507624753326,0.10949712477912081,5.775498145688423
274.51988119519484,-4.0711099922733015e-13,-2.4516153008838053,0.10518361775903312,5.756487251193183
274.5198811951949,0.16490976367635515,-2.4512619706709255,0.1051600255330161,5.779547042484959
274.5198811951949,-0.1649097636771694,-2.4512619706699446,0.10516002553411703,5.735282440667604
274.7609253433909,-4.0711099922733015e-13,-2.451825359602706,0.10082717496546947,5.716582272432455
274.76092534339097,-0.16429379233260005,-2.451475067887829,0.10080446062483032,5.69545903948756
274.76092534339097,0.16429379233183672,-2.45147506788811,0.10080446062428454,5.739558304512118
274.99999680377374,-4.0711099922733015e-13,-2.452037140886471,0.09645307420832738,5.677063262513027
274.9999968037738,0.16367240822165474,-2.451689894146353,0.09643122421066087,5.699954622937873
274.9999968037738,-0.16367240822241808,-2.451689894145881,0.0964312242113922,5.656022147586191
275.23712592779066,-4.0711099922733015e-13,-2.452250492428782,0.09206208869303875,5.637924452097621
275.23712592779066,0.1630457138114748,-2.4519062961664884,0.09204108900570995,5.660730245890939
275.23712592779066,-0.16304571381223815,-2.451906296166382,0.09204108900612394,5.616965985588844
275.47233967548374,-0.1624138171868246,-2.452124126618978,0.0876348199773647,5.578285340958617
275.47233967548374,-4.0711099922733015e-13,-2.45246526785487,0.08765498384309905,5.5991606394397015
275.4723396754838,0.16241381718606127,-2.4521241266187723,0.08763481997715122,5.621879989845986
275.70566572084107,-4.0711099922733015e-13,-2.452681328529936,0.08323248054027546,5.560766511932979
275.7056657208411,-0.16177682141630106,-2.452343245954063,0.0832131375986802,5.539974890948738
275.7056657208411,0.16177682141553773,-2.4523432459537893,0.08321313759859424,5.58339855972189
275.9371357029703,-4.0711099922733015e-13,-2.4528985424905687,0.07879526498376567,5.522736114034118
275.93713570297035,0.1611348152397716,-2.452563521337948,0.07877672770116398,5.545280015517833
275.93713570297035,-0.16113481524053494,-2.4525635213377837,0.07877672770130904,5.502028671739297
276.1667728028704,-0.16048790740783062,-2.4527848251586866,0.07432627412520527,5.4644421161189
276.1667728028704,-4.0711099922733015e-13,-2.4531167829869314,0.07434402135264016,5.4850648894514
276.16677280287047,0.16048790740706728,-2.452784825159333,0.07432627412499579,5.507519819212126
276.39460658401345,-4.0711099922733015e-13,-2.453335930576773,0.06987938823508551,5.447747242263727
276.3946065840135,-0.15983618567493324,-2.4530070371601718,0.06986241516486935,5.4272096199793785
276.3946065840135,0.1598361856741699,-2.4530070371618113,0.06986241516404484,5.470112390251889
276.620664995582,-3.562221243239139e-13,-2.453555871721247,0.06540197472100111,5.41077785247286
276.62066499558205,0.1591797387562658,-2.4532300430279355,0.06538575964620973,5.433052424113047
276.62066499558205,-0.15917973875702912,-2.453230043026017,0.0653857596469951,5.39032585498415
276.8449724666919,-3.562221243239139e-13,-2.453776496789517,0.06091240380815412,5.374151985569253
276.84497246669196,-0.15851866228062442,-2.4534537323474948,0.06089693033533424,5.353786077361251
276.84497246669196,0.15851866227986108,-2.4534537323476275,0.060896930336318614,5.396335202691245
277.0675530556768,-3.562221243239139e-13,-2.4539977021421775,0.056411270791483,5.337864975656938
277.06755305567685,0.15785305000531605,-2.453678000739643,0.05639652232394776,5.359956076218779
277.06755305567685,-0.1578530500060285,-2.4536780007400067,0.056396522322626305,5.31758561217624
277.2884347294983,-3.562221243239139e-13,-2.4542193907877987,0.051899120919474545,5.301911529558586
277.28843472949836,0.15718298078138013,-2.453902750517085,0.051885080692910944,5.323909765558609
277.28843472949836,-0.15718298078209256,-2.4539027505163897,0.05188508069265363,5.281719159127843
277.50764224147787,-3.562221243239139e-13,-2.4544414704547233,0.04737648449912285,5.266286888981883
277.5076422414779,0.1565085397221392,-2.454127888733211,0.04736313561218099,5.288191527297865
277.5076422414779,-0.15650853972290255,-2.4541278887307785,0.047363135613530075,5.246181951957268
277.7252002092877,-3.562221243239139e-13,-2.4546638528238574,0.042843892498202335,5.230986327926492
277.7252002092877,0.15582980918681005,-2.4543533264100614,0.042831217934318856,5.252796649907239
277.7252002092878,-0.1558298091875734,-2.4543533264088144,0.04283121793465227,5.210969257028743
277.94113124515,-3.562221243239139e-13,-2.454886453859231,0.03830186717219764,5.196005455716006
277.9411312451501,0.15514687472086358,-2.4545789788713197,0.03828984982325037,5.2177207575981015
277.9411312451501,-0.15514687472162692,-2.4545789788711465,0.03828984982271573,5.1760766755918795
278.15545873100154,-0.1544598164918344,-2.4548047670344046,0.033739518341951484,5.141499694314544
278.15545873100154,-3.562221243239139e-13,-2.4551091950847574,0.03375089564565457,5.16133976642237
278.15545873100154,0.15445981649112195,-2.4548047670348727,0.03373951834210598,5.18295935855631
278.36820828206623,-0.15376870429793646,-2.455030617520705,0.029180665804820073,5.1072334512582165
278.36820828206623,-3.562221243239139e-13,-2.4553320036856014,0.029191420263026853,5.12698440420257
278.3682082820663,0.15376870429717313,-2.455030617521755,0.02918066580432741,5.148507609578643
278.57940390295164,-3.562221243239139e-13,-2.455554808726111,0.02462390672125196,5.0929347859035765
278.57940390295164,0.15307360979299564,-2.4552564588329178,0.024613757890756913,5.1143609403778125
278.5794039029517,-0.15307360979370807,-2.4552564588322903,0.024613757891001432,5.073273356902587
278.78906165599557,-3.562221243239139e-13,-2.455777543177886,0.02004881944018623,5.0591876177778525
278.78906165599557,0.15237462804333332,-2.4554822233838354,0.02003925901833067,5.080516073314731
278.7890616559956,-0.15237462804409665,-2.4554822233843967,0.02003925901763164,5.0396161080916855
278.9972108276125,-3.562221243239139e-13,-2.4560001455116467,0.015466570775084718,5.025737486846306
278.99721082761255,0.1516718072648354,-2.4557078491461857,0.01545758157509076,5.0469676049435614
278.99721082761255,-0.15167180726554785,-2.455707849145552,0.015457581575560276,5.006256288437614
279.20386759977265,-3.562221243239139e-13,-2.456222557747771,0.01087756112525047,4.99258109931876
279.2038675997727,-0.15096523656163183,-2.4559332776439966,0.010869126006589819,4.973190595452722
279.2038675997727,0.15096523656091937,-2.4559332776453373,0.010869126005475595,5.013712256693416
279.40905912834717,-3.562221243239139e-13,-2.4564447242714813,0.0062822002659052465,4.959713410162194
279.4090591283472,-0.1502549648213416,-2.456158452790129,0.006274302153746438,4.940413980540548
279.4090591283472,0.15025496482062917,-2.456158452791605,0.00627430215240596,4.980744993090393
279.6127980530622,-3.562221243239139e-13,-2.456666592596207,0.001680895215131169,4.927131710844371
279.61279805306225,0.14954108821976542,-2.456383321622396,0.0016735171082581655,4.948063121759045
279.61279805306225,-0.14954108822047787,-2.4563833216214803,0.001673517109325289,4.907923725510539
279.81511176197637,-3.562221243239139e-13,-2.4568881160393445,-0.002926006125271282,4.89483094225925
279.8151117619764,0.14882364887243438,-2.4566078370404565,-0.002932881118110765,4.915661592138251
279.8151117619764,-0.1488236488731468,-2.456607837040163,-0.0029328811174173523,4.875714768497505
280.016019373514,0.14810271477467132,-2.45683195418585,-0.007544550850271552,4.883536692302426
280.016019373514,-3.562221243239139e-13,-2.4571092501430782,-0.007538162190377319,4.8628073803388405
280.01601937351404,-0.14810271477538375,-2.4568319541858865,-0.007544550849830583,4.843783379324664
280.2155393652927,-3.562221243239139e-13,-2.457329951315845,-0.012155191493187393,4.831057412568929
280.2155393652928,0.14737835367183297,-2.45705562904199,-0.0121611104708575,4.851684821815787
280.2155393652928,-0.14737835367249452,-2.457055629042474,-0.012161110470830476,4.812125939372329
280.413689250694,-3.562221243239139e-13,-2.457550179916752,-0.016776740462133264,4.799577588818018
280.41368925069406,-0.1466506343670522,-2.4572788215766974,-0.016782206269066038,4.780738992240282
280.41368925069406,0.14665063436639064,-2.457278821575822,-0.016782206268722785,4.8201025427458015
280.61049067322176,-3.562221243239139e-13,-2.4577699005468583,-0.021402498495637357,4.768363813062361
280.61049067322176,0.14591960787011587,-2.4575014960373345,-0.021407527484091138,4.788785768732579
280.6104906732218,-0.14591960787082833,-2.457501496037057,-0.021407527483455577,4.749618437876283
280.805962148903,0.14518533393499536,-2.4577236189104372,-0.026036768580992874,4.757730922699856
280.805962148903,-3.562221243239139e-13,-2.4579890800344377,-0.02603216022882962,4.737412497363448
280.80596214890306,-0.14518533393570782,-2.4577236189097547,-0.02603676858005487,4.718760683165729
281.00012203951803,-3.562221243239139e-13,-2.4582076872985854,-0.030665417415227936,4.706720088435522
281.0001220395181,-0.1444478703368481,-2.4579451587795913,-0.030669621132472343,4.68816216986828
281.0001220395181,0.14444787033613568,-2.45794515877974,-0.030669621132900764,4.72693446191507
281.1929885499639,-0.1437072728989379,-2.4581660860983803,-0.03530577600971941,4.657819375113279
281.1929885499639,-3.562221243239139e-13,-2.4584256931149664,-0.03530196111324398,4.676283068144603
281.192988549964,0.14370727289827634,-2.4581660860973393,-0.03530577600901429,4.696392878491775
281.38457735001543,-3.562221243239139e-13,-2.458643070413432,-0.03994148400315611,4.646098327955164
281.38457735001543,0.14296360479405246,-2.458386373473292,-0.03994492568869558,4.666103075150022
281.3845773500155,-0.142963604794714,-2.4583863734752014,-0.039944925690189696,4.6277291846642
281.5749067985961,-0.14221691645291418,-2.458605997195616,-0.04458679779119275,4.597888071376944
281.5749067985961,-3.562221243239139e-13,-2.4588597957658287,-0.044583713915489785,4.616162344832708
281.5749067985961,0.14221691645225262,-2.4586059971948497,-0.04458679779083171,4.636061538281564
281.7639954774106,-3.562221243239139e-13,-2.459075848680989,-0.04922840807907119,4.5864715720014155
281.7639954774107,-0.14146725481582834,-2.4588249365104073,-0.049231149320162405,4.568292484777482
281.7639954774107,0.14146725481516678,-2.4588249365095005,-0.04923114931974023,4.6062647300124215
281.95186095852694,-3.562221243239139e-13,-2.459291208744094,-0.05387529614670813,4.557022632514421
281.95186095852694,-0.14071466824401946,-2.4590431707372535,-0.05387770970140543,4.5389390440093935
281.95186095852694,0.1407146682433579,-2.4590431707367104,-0.053877709701385224,4.57670928246692
282.1385155287611,-0.13995922410697903,-2.4592606806028234,-0.05852619457339874,4.509825203035426
282.1385155287611,-3.053332494204976e-13,-2.4595058569536037,-0.058524093986923584,4.527812986684436
282.1385155287611,0.13995922410631748,-2.4592606806023283,-0.058526194573422355,4.5473926676908585
282.3239783065133,-3.053332494204976e-13,-2.4597197785448928,-0.06317457166515351,4.498839033952266
282.32397830651337,-0.13920096007158358,-2.459477451114856,-0.06317637375501675,4.480947358685813
282.32397830651337,0.139200960070922,-2.4594774511135973,-0.0631763737542147,4.518311292624846
282.5082663322918,-0.13843991966069602,-2.459693467752045,-0.06782801131292908,4.45230224376832
282.5082663322918,-3.053332494204976e-13,-2.459932959222531,-0.06782649350032503,4.470097510510164
282.5082663322918,0.13843991966003447,-2.4596934677507503,-0.06782801131195197,4.4894619017588795
282.69139078885496,-3.053332494204976e-13,-2.4601453861474396,-0.07247961036399848,4.441586074763475
282.691390788855,0.13767616851338255,-2.4599087174417136,-0.07248085786537392,4.46084216490302
282.691390788855,-0.1376761685139932,-2.459908717442985,-0.07248085786637687,4.423887510474257
282.87337213132486,-0.13690973154595587,-2.460123189869077,-0.0771346988681598,4.39569938111306
282.87337213132486,-3.053332494204976e-13,-2.460357049192452,-0.0771337079719495,4.413300950106843
282.87337213132486,0.1369097315453452,-2.4601231898690687,-0.07713469886835923,4.4324483110541175
283.0542214705635,-3.053332494204976e-13,-2.460567938593634,-0.0817885573549887,4.385239823585203
283.05422147056356,-0.13614067058814455,-2.460336875058642,-0.08178930508452235,4.367735536942398
283.05422147056356,0.136140670587483,-2.4603368750590286,-0.08178930508512977,4.404278038066426
283.2339549229212,-0.13536902438882437,-2.4605497659516224,-0.08644447030335747,4.339992892706222
283.2339549229212,-3.053332494204976e-13,-2.4607780474706424,-0.08644395257132935,4.357399612835822
283.23395492292127,0.1353690243881628,-2.4605497659514945,-0.08644447030358585,4.376328271084577
283.4125893437646,-3.053332494204976e-13,-2.46098736969046,-0.09109969568526763,4.329777132090215
283.41258934376464,-0.13459482616234977,-2.4607618562457385,-0.09109999631211156,4.31246826041314
283.41258934376464,0.13459482616173912,-2.460761856245279,-0.0910999963121474,4.348595831032455
283.5901344280319,-3.053332494204976e-13,-2.4611958990485236,-0.09575555458246952,4.302370311691717
283.59013442803194,0.13381813814973323,-2.460973139542819,-0.09575565071961402,4.321078659041399
283.59013442803194,-0.13381813815034388,-2.4609731395441994,-0.09575565072048074,4.285159564487863
283.7666062108169,-3.053332494204976e-13,-2.461403632662682,-0.10041133859290641,4.275176110102633
283.766606210817,0.13303899318569812,-2.461183612809408,-0.10041124257439203,4.29377372015827
283.76660621081703,-0.1330389931863088,-2.461183612811173,-0.10041124257576928,4.258063761164206
283.94201963264567,-3.053332494204976e-13,-2.461610569290299,-0.10506688357769559,4.248191665226284
283.9420196326457,-0.13225742668091184,-2.4613932746676412,-0.10506660745220853,4.231177985763395
283.9420196326457,0.13225742668030116,-2.461393274666145,-0.10506660745099619,4.266678159209089
284.11638770543476,-0.13147348060510886,-2.4616021237697354,-0.10972155960065597,4.2044996788698015
284.11638770543476,-3.053332494204976e-13,-2.4618167077298794,-0.10972200407272231,4.221414421084069
284.1163877054348,0.1314734806044982,-2.461602123770923,-0.10972155960181673,4.239789428043904
284.28972332293296,-0.13068719562465778,-2.4618101596532616,-0.11437590966065732,4.178026307612078
284.28972332293296,-3.053332494204976e-13,-2.4620220476557826,-0.11437651100392729,4.194841848102621
284.289723322933,0.1306871956240471,-2.461810159655029,-0.11437590966215647,4.213105004706729
284.4620392603923,-3.053332494204976e-13,-2.462226589962734,-0.11903022324670032,4.168471443157158
284.4620392603924,-0.12989861111981266,-2.4620173830790635,-0.1190294762150479,4.151755365704259
284.4620392603924,0.12989861111920198,-2.462017383079159,-0.11902947621480399,4.186622393481905
284.6333481743019,-3.053332494204976e-13,-2.462430336698657,-0.1236829674066883,4.142300729599841
284.63334817430194,-0.1291077652049668,-2.462223795972404,-0.12368208557754642,4.125684373471808
284.63334817430194,0.12910776520435613,-2.4622237959725677,-0.12368208557716232,4.160339124925399
284.80366260218153,-3.053332494204976e-13,-2.462633291016725,-0.1283345776202955,4.116327257273676
284.8036626021816,-0.12831469474890653,-2.462429401373327,-0.1283335715925131,4.099810877863214
284.8036626021816,0.12831469474829585,-2.4624294013734507,-0.12833357159192585,4.1342527558818984
284.97299496243363,-3.053332494204976e-13,-2.4628354571281443,-0.13298489535797395,4.090548602512679
284.9729949624337,0.12751943539394536,-2.4626342033856026,-0.13298377543460865,4.108360869487913
284.9729949624337,-0.12751943539455604,-2.462634203384028,-0.13298377543391318,4.074132452447846
285.14135755425025,-3.053332494204976e-13,-2.4630368402419798,-0.13763376921777248,4.064962368128766
285.1413575542503,-0.12672202157938386,-2.462838207118492,-0.13763254540849512,4.048646697400621
285.1413575542503,0.1267220215788241,-2.462838207121443,-0.13763254541045736,4.082661075161961
285.30876255757386,-0.12592248655560576,-2.463041418647922,-0.1422797367570779,4.023351239474042
285.30876255757386,-3.053332494204976e-13,-2.4632374465223785,-0.14228105473689312,4.039566183386108
285.3087625575739,0.12592248655504598,-2.463041418651674,-0.142279736759736,4.057151008581964
285.47522203310956,-3.053332494204976e-13,-2.463437283038547,-0.14692661419859349,4.014357703963308
285.47522203310956,0.1251208624097769,-2.463243844960039,-0.14692521146984835,4.031828331650711
285.4752220331096,-0.12512086241038758,-2.4632438449589107,-0.1469252114696301,3.9982437319581474
285.6407479223862,-3.053332494204976e-13,-2.4636363567063184,-0.15157029793556628,3.9893346119042095
285.6407479223862,-0.12431718008599726,-2.463445492881551,-0.15156881958517412,3.9733218546291096
285.64074792238625,0.12431718008543748,-2.463445492879784,-0.15156881958289836,4.006690732449761
285.80534944363256,-3.053332494204976e-13,-2.4638346743785666,-0.15621193828483404,3.964495008211657
285.8053494436326,0.12351148219861063,-2.4636463691688983,-0.15621039314446206,3.981736319660456
285.8053494436326,-0.12351148219917041,-2.4636463691691595,-0.15621039314500157,3.948583704729185
285.9690374890598,-3.053332494204976e-13,-2.4640322455522075,-0.16085140519436159,3.9398367475072598
285.9690374890599,0.12270380178996708,-2.4638464832511358,-0.16084980180847117,3.9569629541963134
285.9690374890599,-0.12270380179052685,-2.463846483251052,-0.16084980180831868,3.92402713430327
286.1318263299121,-0.12189415347784502,-2.4640458457112064,-0.16548694476436768,3.899649497469928
286.1318263299121,-3.053332494204976e-13,-2.464229080860017,-0.1654885981468039,3.9153571841893484
286.13182632991214,0.12189415347723435,-2.4640458457091707,-0.16548694476279435,3.932367994099547
286.2937247290085,0.12108257751605694,-2.4642444652526305,-0.17012167443354273,3.9079496383394905
286.2937247290085,-0.12108257751661672,-2.4642444652549353,-0.17012167443532233,3.875448982393196
286.2937247290085,-3.053332494204976e-13,-2.4644251890835163,-0.17012336985330265,3.8910545099513962
286.45474127705853,-2.5444437451708134e-13,-2.4646205814505797,-0.17475559381166472,3.8669269476532615
286.4547412770586,-0.12026911381491544,-2.4644423530448116,-0.17475386403067492,3.8514238084263175
286.4547412770586,0.12026911381435566,-2.464442353045153,-0.17475386403125254,3.883706116981326
286.6148920071394,-0.11945376304798566,-2.4646395198623385,-0.17938339764286074,3.8275710929077196
286.6148920071394,-2.5444437451708134e-13,-2.464815268788427,-0.17938515440532266,3.842971613223087
286.6148920071395,0.11945376304742589,-2.4646395198626734,-0.17938339764323313,3.8596345475447276
286.774178722062,-2.5444437451708134e-13,-2.4650092625850863,-0.18401192042568432,3.81918775880765
286.77417872206206,-0.11863659681108014,-2.4648359771301243,-0.18401014378772315,3.8038900804476423
286.77417872206206,0.11863659681052037,-2.464835977130126,-0.18401014378755254,3.835734193857346
286.9326208279909,-2.5444437451708134e-13,-2.4652025752197018,-0.18863578442148374,3.795572013403115
286.93262082799095,0.11781759521870948,-2.4650317371907287,-0.18863399472093229,3.81200168353424
286.93262082799095,-0.11781759521926925,-2.4650317371905146,-0.1886339947210025,3.7803774039986195
287.090218971796,-2.5444437451708134e-13,-2.4653952190109534,-0.19325662896434523,3.772123811688188
287.09021897179605,-0.11699683356345762,-2.4652268123049588,-0.1932548327422129,3.7570324901977723
287.09021897179605,0.11699683356289785,-2.46522681230495,-0.19325483274199132,3.7884364634218914
287.24699124815714,0.11617429527906203,-2.4654212160709785,-0.19787255698848502,3.765035375461275
287.24699124815714,-0.11617429527962181,-2.4654212160706868,-0.19787255698841277,3.7338521854321343
287.24699124815714,-2.5444437451708134e-13,-2.4655872075821827,-0.19787435347395943,3.7488399965516144
287.40294081417403,-2.5444437451708134e-13,-2.4657785535058565,-0.20248884283022378,3.7257196393187053
287.4029408141741,-0.1153500403639642,-2.4656149610085443,-0.20248705206766124,3.7108355548712706
287.4029408141741,0.11535004036345532,-2.465614961008793,-0.2024870520675999,3.7417975009259625
287.55808032101737,-2.5444437451708134e-13,-2.4659692718509296,-0.20710000586027763,3.7027604076190044
287.5580803210174,-0.1145240777134886,-2.4658080621592195,-0.20709822653096105,3.687980266400444
287.5580803210174,0.11452407771297972,-2.465808062159899,-0.20709822653119475,3.7187205100893084
287.7124204596205,-2.5444437451708134e-13,-2.4661593761406766,-0.21170774788076738,3.6799602686193706
287.71242045962055,-0.11369642493727238,-2.4660005330204866,-0.2117059854267663,3.6652842863272577
287.71242045962055,0.11369642493676349,-2.466000533021415,-0.21170598542715313,3.695802373985511
287.86596504406054,0.11286713538288641,-2.4661923865506905,-0.2163101899287558,3.673042090116672
287.86596504406054,-2.5444437451708134e-13,-2.4663488793867483,-0.21631193032715967,3.6573182108777464
287.86596504406054,-0.1128671353834462,-2.466192386548877,-0.2163101899276563,3.64274659783427
288.0187266719205,-2.5444437451708134e-13,-2.466537797762458,-0.22091247751743137,3.634831932211017
288.0187266719205,-0.22407517646047406,-2.4659211474929843,-0.22090558964177553,3.6070359861071464
288.01872667192055,-0.11203621397479627,-2.466383638901145,-0.22091076408418991,3.6203648994391435
288.01872667192055,0.11203621397428737,-2.4663836389039924,-0.22091076408614257,3.6504373583218306
288.01872667192055,0.22407517645996516,-2.465921147497269,-0.2209055896446467,3.6671815266304337
288.1707147047652,-0.22241014201878845,-2.466118767939446,-0.2255025681542108,3.584899359056676
288.1707147047652,0.22241014201827955,-2.4661187679425214,-0.2255025681559995,3.6445979786260967
288.1707147047652,-0.11120368159291084,-2.466574306015175,-0.2255076472674229,3.5981373730644273
288.1707147047652,-2.5444437451708134e-13,-2.4667261472140094,-0.2255093290806885,3.6124996158668585
288.1707147047653,0.11120368159240195,-2.4665743060149925,-0.22550764726655426,3.6279863661285034
288.3219373630759,-0.11036956410190793,-2.466764402330227,-0.2301007346983669,3.576062374225052
288.3219373630759,-2.5444437451708134e-13,-2.4669139422108146,-0.23010238049373108,3.5903196193298554
288.3219373630759,0.2207419374161687,-2.4663157685348716,-0.23009576412967017,3.6221663048952064
288.32193736307596,-0.2207419374166776,-2.466315768535428,-0.23009576413110067,3.562915457250214
288.32193736307596,0.11036956410139905,-2.4667644023279203,-0.2301007346956737,3.6056874759940207
288.4724016000414,-2.5444437451708134e-13,-2.4671011970039634,-0.23469151293539378,3.5682904913459375
288.47240160004145,-0.2190706261879859,-2.4665121633797593,-0.23468505773872772,3.5410828270410626
288.47240160004145,0.219070626187477,-2.4665121633786646,-0.2346850577370373,3.5998850688446127
288.4724016000415,-0.10953389326932036,-2.4669539420584368,-0.23468990730229874,3.5541384489369676
288.4724016000415,0.10953389326881148,-2.4669539420573714,-0.23468990730105174,3.5835392424612897
288.622115313518,-0.10869669459454558,-2.467142941031912,-0.23927507299835588,3.532364010670518
288.622115313518,0.10869669459403669,-2.4671429410314216,-0.2392750729979924,3.5615400858451314
288.622115313518,-2.5444437451708134e-13,-2.467287927447988,-0.2392766345727807,3.546410647343404
288.62211531351807,0.21739625933003237,-2.466707968230655,-0.23927035614433156,3.5777526986041837
288.62211531351807,-0.21739625933054127,-2.466707968231785,-0.23927035614574982,3.519399882870366
288.77108847854305,0.10785798072983009,-2.4673314160684563,-0.24385616917361908,3.539688127537458
288.77108847854305,-0.10785798073028809,-2.467331416068558,-0.24385616917339026,3.5107371774213902
288.77108847854305,-2.5444437451708134e-13,-2.467474150368952,-0.24385768303988814,3.5246782056749066
288.7710884785431,-0.21571886214934566,-2.4669031998893356,-0.2438515960000457,3.4978647450593896
288.7710884785431,0.21571886214888766,-2.466903199889062,-0.24385159599975825,3.555767321287547
288.91932901391306,0.21403848047934715,-2.467097874569151,-0.24842870408928644,3.5339273741197483
288.91932901391306,-2.5444437451708134e-13,-2.4676598820281144,-0.24843458608181088,3.503091591772068
288.91932901391306,-0.10701777459470893,-2.4675193834193747,-0.24843312333434675,3.4892563729558446
288.9193290139131,0.10701777459420005,-2.4675193834199356,-0.2484331233351636,3.517981797456138
288.9193290139131,-0.21403848047980517,-2.467097874568545,-0.24842870408848647,3.476475838530115
289.06684476588197,0.10617609840421155,-2.467706859168892,-0.25300585178136453,3.496419541754266
289.06684476588197,-0.10617609840472045,-2.4677068591677114,-0.2530058517801058,3.467920037463532
289.06684476588197,-2.5444437451708134e-13,-2.467845138527787,-0.2530072602358078,3.4816492474175096
289.066844765882,0.2123551587545231,-2.467292008301234,-0.253001595998791,3.5122313104017726
289.0668447658821,-0.212355158755032,-2.467292008299486,-0.2530015959967955,3.4552316046568716
289.2136435084815,-2.5444437451708134e-13,-2.468029936170325,-0.257575625718212,3.4603496306604575
289.2136435084815,-0.2106689400284901,-2.4674856173249653,-0.25757019101051937,3.4341305011806607
289.21364350848154,0.2106689400280321,-2.467485617323909,-0.2575701910099691,3.4906775994309736
289.21364350848154,-0.10533297368748716,-2.467893859602135,-0.2575742744955062,3.4467266274720325
289.21364350848154,0.10533297368697828,-2.4678938596016584,-0.25757427449526643,3.4749998227376713
289.35973294385155,-2.5444437451708134e-13,-2.468214291450385,-0.26213960634662237,3.4391912157297004
289.3597329438516,-0.10448842129157046,-2.468080401203975,-0.26213831506976737,3.425674615758658
289.3597329438516,0.10448842129111247,-2.4680804012018696,-0.26213831506816393,3.453721118779821
289.3597329438516,-0.20897986599664067,-2.4676787180863564,-0.2621344120323998,3.4131710021206136
289.35973294385167,0.20897986599618268,-2.4676787180828774,-0.2621344120296735,3.469264726418612
289.50512070258145,0.20728797702082444,-2.4678713272012867,-0.2666941854936997,3.4479911924048072
289.50512070258145,-2.5444437451708134e-13,-2.4683982210404953,-0.266699129456816,3.4181724929437722
289.5051207025815,0.10364246139786969,-2.468266500628437,-0.2666979006099414,3.4325819242339057
289.5051207025815,-0.20728797702133334,-2.4678713272033432,-0.26669418549496826,3.3923515976829584
289.5051207025815,-0.10364246139832768,-2.468266500628885,-0.2666979006100016,3.404762491259583
289.64981434405934,0.10279511353229347,-2.468452174687643,-0.2712529616548941,3.411580749342704
289.64981434405934,-2.5444437451708134e-13,-2.468581741756723,-0.2712541258022386,3.3972919686188754
289.6498143440594,-0.10279511353275146,-2.4684521746868437,-0.2712529616539022,3.383988758976723
289.6498143440594,-0.20559331215199353,-2.468063461456789,-0.2712494412769393,3.3716707941675743
289.6498143440594,0.20559331215148463,-2.4680634614554036,-0.2712494412763579,3.42685551417109
289.7938213568314,-2.5444437451708134e-13,-2.4687648705563316,-0.2758045294838657,3.376548164974336
289.7938213568314,0.2038959091474031,-2.468255137768358,-0.2758001126178277,3.405856224150541
289.7938213568315,-0.2038959091478611,-2.468255137767541,-0.27580011261646353,3.351127113872212
289.7938213568315,-0.10194639657491973,-2.468637440326856,-0.2758034320878218,3.363351939882047
289.7938213568315,0.10194639657441085,-2.468637440328222,-0.2758034320892851,3.390716120145918
289.93714915896936,0.10109632877007169,-2.4688223134417755,-0.28034922814898205,3.369986578385432
289.93714915896936,-2.0355549961366507e-13,-2.468947623348148,-0.2803502569495668,3.3559396200359037
289.93714915896936,-0.10109632877052968,-2.4688223134407856,-0.28034922814787383,3.342850570819913
289.93714915896936,0.20219580449951627,-2.468446371978735,-0.280346115115199,3.384991870335676
289.9371491589694,-0.2021958044999743,-2.4684463719771808,-0.28034611511322316,3.3307190949944743
290.07980249461616,0.20049306462940858,-2.468637180218427,-0.28488735925064695,3.364261394251973
290.07980249461616,0.10024494333062797,-2.4690068102246667,-0.2848902609315398,3.34939105700552
290.07980249461616,-2.0355549961366507e-13,-2.469130016351952,-0.28489121950326174,3.335465260915909
290.07980249461616,-0.20049306462986657,-2.4686371802173874,-0.28488735924914166,3.3104456612310487
290.07980249461616,-0.10024494333108597,-2.4690068102243403,-0.2848902609310526,3.32248357582007
290.22179019233795,0.19878770545964913,-2.468827580501054,-0.2894237958757409,3.3436631480617787
290.22179019233795,-2.0355549961366507e-13,-2.4693120675773095,-0.289427368801207,3.3151234330157657
290.221790192338,-0.19878770546010713,-2.468827580500268,-0.2894237958744889,3.2903051604702496
290.221790192338,-0.09939224821794952,-2.4691909486885595,-0.28942648189323245,3.302249300371465
290.221790192338,0.09939224821749153,-2.4691909486881687,-0.2894264818930054,3.3289279036321275
290.3631199966317,0.09853825670980892,-2.469374746825537,-0.29395785805192587,3.308595628739379
290.3631199966317,-0.09853825671026692,-2.4693747468253138,-0.29395785805170427,3.2821462513838506
290.3631199966317,-0.19707975354853116,-2.469017590829648,-0.2939553914152544,3.270296101399253
290.3631199966317,-2.0355549961366507e-13,-2.4694937950121947,-0.293958672057417,3.294912643840828
290.3631199966318,0.19707975354807317,-2.469017590831229,-0.2939553914170924,3.3231956475810125
290.50379905514154,-2.0355549961366507e-13,-2.4696752158051165,-0.29848507654971623,3.2748314921453945
290.5037990551416,-0.09768298463575047,-2.4695582217770755,-0.298484336491887,3.262173026681832
290.5037990551416,0.19536924054939278,-2.469207228337003,-0.29848209238469264,3.3028575005904637
290.5037990551416,0.09768298463529246,-2.4695582217785432,-0.29848433649316847,3.288392834400321
290.5037990551416,-0.1953692405498508,-2.4692072283344753,-0.2984820923822479,3.250417083302011
290.6438336383587,-2.0355549961366507e-13,-2.469856344993921,-0.30300648821271153,3.25487870710003
290.64383363835873,-0.19365620687710983,-2.469396507960929,-0.3030038039598635,3.2306668347930514
290.64383363835873,0.09682645220079483,-2.469741388561798,-0.30300582296397216,3.268318253714464
290.64383363835873,0.19365620687665183,-2.469396507961756,-0.30300380396054855,3.282647446552332
290.64383363835873,-0.09682645220125283,-2.46974138856113,-0.3030058229635192,3.24232835394102
290.78322666176257,-0.09596869944797279,-2.469924263916406,-0.30752223543764584,3.2226114397343157
290.78322666176257,-2.0355549961366507e-13,-2.4700371993434933,-0.3075228251999521,3.235053499289822
290.78322666176257,0.09596869944756567,-2.4699242639167722,-0.30752223543764134,3.248371104002482
290.7832266617626,-0.19194073261128095,-2.469585446381162,-0.3075204435799838,3.2110445611563865
290.7832266617626,0.19194073261087383,-2.469585446381927,-0.30752044358054664,3.2625647122458714
290.92198948403785,-0.09510971361684807,-2.470106867513053,-0.3120335699703466,3.2030203009649822
290.92198948403785,-2.0355549961366507e-13,-2.4702177985059692,-0.31203408374568464,3.215353882976708
290.92198948403785,0.09510971361644095,-2.470106867513425,-0.3120335699701877,3.2285493987428984
290.9219894840379,-0.19022279223469757,-2.469774063319632,-0.31203200676316406,3.1915482837942344
290.9219894840379,0.19022279223423957,-2.4697740633201573,-0.3120320067635342,3.242607312224138
291.06012898834365,0.09424950827831317,-2.4702892142837922,-0.3165397633729683,3.2088517988179515
291.06012898834365,-0.09424950827872028,-2.4702892142838992,-0.31653976337361617,3.18355359487258
291.06012898834365,-2.0355549961366507e-13,-2.4703981574257843,-0.3165402008344684,3.19577851609333
291.0601289883437,-0.18850241288848316,-2.4699623736667773,-0.3165384297953224,3.172176661509307
291.0601289883437,0.18850241288807607,-2.4699623736665526,-0.31653842979516456,3.2227739125752124
291.19764483724646,-2.0355549961366507e-13,-2.4705782921412065,-0.3210410772832543,3.176327082417894
291.19764483724646,0.18677971050935185,-2.470150393327991,-0.3210396128479957,3.2030642184965354
291.19764483724646,0.09338814140278616,-2.470471320233243,-0.32104071630223296,3.189277997250782
291.1976448372465,-0.09338814140319326,-2.4704713202318573,-0.3210407163013883,3.1642109989201734
291.1976448372465,-0.18677971050975894,-2.4701503933281637,-0.3210396128479163,3.152929368379458
291.334550434282,-0.09252558423031759,-2.4706532042912905,-0.3255364154879985,3.144990261185058
291.334550434282,-2.0355549961366507e-13,-2.470758221571253,-0.3255366999899216,3.1569973253968486
291.334550434282,0.09252558422991049,-2.470653204293008,-0.32553641548946133,3.169825734399028
291.33455043428205,0.18505462757928764,-2.4703381412776664,-0.3255355421576331,3.1834759687989185
291.33455043428205,-0.18505462757969476,-2.4703381412779226,-0.3255355421575179,3.133804158654256
291.4708489488925,-2.0355549961366507e-13,-2.470937961370177,-0.3300270203623863,3.137788441718105
291.4708489488925,0.09166187112341671,-2.4708348821016317,-0.3300268121853924,3.1504942128188076
291.4708489488926,-0.18332723282453034,-2.4705256331121643,-0.3300261685064222,3.114800224822767
291.4708489488926,-0.09166187112382382,-2.470834882101604,-0.3300268121851444,3.1258905749994743
291.4708489488926,0.18332723282412325,-2.470525633112551,-0.330026168507252,3.164008374418903
291.60654551578057,0.09079702346701363,-2.4710163708542052,-0.33451184563694114,3.131282358700031
291.60654551578057,-0.09079702346742073,-2.471016370855986,-0.3345118456381199,3.1069108608135814
291.60654551578057,-2.0355549961366507e-13,-2.4711175287487843,-0.3345119777972372,3.118699353559408
291.6065455157806,-0.18159756901086907,-2.4707128859775267,-0.33451143068998435,3.0959164878918157
291.6065455157807,0.18159756901046198,-2.470712885976116,-0.3345114306893661,3.144660367842791
291.7416494201553,-2.0355549961366507e-13,-2.4712969398457827,-0.33899152896489704,3.099728404589056
291.7416494201553,-0.08993103525876556,-2.471197686685867,-0.3389914723680987,3.0880494640213505
291.74164942015534,0.08993103525835844,-2.4711976866857532,-0.3389914723685797,3.112188515825586
291.74164942015534,-0.17986562413422894,-2.4708999159861427,-0.3389912847824631,3.0771512968210204
291.74164942015534,0.17986562413382182,-2.4708999159832628,-0.338991284780731,3.1254302948082824
291.87616139190476,-2.0355549961366507e-13,-2.4714762112397577,-0.34346561799796166,3.0808751445714506
291.8761613919048,0.08906395448957863,-2.471378846151184,-0.34346563637399086,3.0932122417265733
291.8761613919048,0.17813149417672752,-2.4710867396302256,-0.3434656743678323,3.106317723264023
291.8761613919049,-0.17813149417708374,-2.4710867396308984,-0.3434656743674117,3.0585041937955473
291.8761613919049,-0.08906395448998573,-2.471378846149447,-0.34346563637177824,3.069305929271928
292.01009302055036,-2.0355549961366507e-13,-2.471655359555089,-0.34793420662167696,3.062137604651988
292.01009302055036,0.17639513380370528,-2.4712733735155084,-0.34793456060919903,3.0873206813624736
292.0100930205504,-0.1763951338041124,-2.471273373516462,-0.3479345606090563,3.0399732191363653
292.0100930205504,-0.0881957584929373,-2.4715598658679663,-0.34793429923612007,3.050678291525872
292.0100930205504,0.0881957584925302,-2.471559865866848,-0.34793429923578156,3.0743515652790223
292.1434443952811,-2.0355549961366507e-13,-2.4718344006666966,-0.35239724347958556,3.0435154309937063
292.14344439528116,0.17465664474222675,-2.4714598334285984,-0.3523978916466837,3.0684388342186075
292.14344439528116,-0.17465664474258297,-2.471459833430748,-0.35239789164769775,3.0215580106529156
292.14344439528116,-0.08732649813227206,-2.471740761690824,-0.3523974094757372,3.032166191444578
292.14344439528116,0.08732649813186494,-2.4717407616895968,-0.3523974094753923,3.05560614079735
292.2762256976335,0.08645615796123178,-2.471921550726834,-0.35685493354373155,3.0369742063951946
292.2762256976335,-2.0355549961366507e-13,-2.4720133516880747,-0.35685469514987317,3.0250068629727886
292.27622569763355,-0.17291599610045483,-2.4716461364592917,-0.3568556335484082,3.0032568151087977
292.27622569763355,0.17291599610009858,-2.4716461364585354,-0.3568556335485508,3.0496704203043943
292.27622569763355,-0.086456157961588,-2.4719215507260834,-0.35685493354228903,3.013767871287734
292.4084400418969,-2.0355549961366507e-13,-2.472192227716009,-0.36130651456325963,3.00661113146473
292.4084400418969,0.08558476780583694,-2.4721022480488,-0.3613068242477317,3.0184549980950637
292.4084400418969,-0.08558476780624406,-2.472102248048581,-0.3613068242468521,2.995482559072218
292.40844004189694,0.17117324752671556,-2.4718322976099496,-0.36130773876200345,3.0310146830773634
292.40844004189694,-0.17117324752712268,-2.471832297609903,-0.36130773876128697,2.985068859950445
292.5400925868844,-2.0355549961366507e-13,-2.472371045959321,-0.3657526661652075,2.9883271855424973
292.54009258688444,0.16942843067292226,-2.472018334032436,-0.3657541712803324,3.012470579970249
292.54009258688444,0.08471234349140812,-2.472282870850404,-0.36575304592107877,3.0000474681219127
292.54009258688444,-0.16942843067332938,-2.472018334032912,-0.3657541712802522,2.9669930941147102
292.54009258688444,-0.08471234349176433,-2.4722828708511493,-0.3657530459211549,2.9773092027750576
292.6711922473682,-2.0355549961366507e-13,-2.4725498213563126,-0.3701931138868313,2.970153458084396
292.67119224736825,-0.08383887504291157,-2.4724634340579636,-0.3701935623839196,2.9592462374413775
292.67119224736825,-0.16768152558865132,-2.4722042606063703,-0.3701948945819988,2.9490279564691275
292.67119224736825,0.08383887504250445,-2.4724634340575404,-0.370193562383981,2.9817500488433364
292.67119224736825,0.1676815255882442,-2.4722042606065706,-0.3701948945824586,2.9940365444958434
292.8017380217474,-2.0355549961366507e-13,-2.4727285685195763,-0.3746277850171833,2.95208976071027
292.80173802174744,-0.1659326430308927,-2.472390091796186,-0.3746298355597172,2.931173248978754
292.80173802174744,0.08296441783909675,-2.4726439522449404,-0.3746283008256951,2.963562560614226
292.80173802174744,0.16593264303053648,-2.4723900917982085,-0.37462983556160767,2.975712408348693
292.80173802174744,-0.08296441783945298,-2.472643952245025,-0.3746283008255581,2.9412934685611165
292.9317401397353,-2.0355549961366507e-13,-2.472907305617701,-0.37905667754792116,2.9341343530081487
292.9317401397353,-0.16418174243754916,-2.472575845760409,-0.379058991802219,2.9134272396138963
292.9317401397354,0.0820889515994748,-2.472824443576893,-0.37905725913607036,2.9454832610353923
292.9317401397354,-0.0820889515998819,-2.472824443577059,-0.3790572591362175,2.9234491591789924
292.9317401397354,0.1641817424371929,-2.4725758457632834,-0.3790589918047763,2.9574964286117504
293.061204123817,-0.08121248656125889,-2.473004922252336,-0.38348041253378923,2.90571222605664
293.061204123817,-2.0355549961366507e-13,-2.4730860468726314,-0.38347976679638524,2.9162861521602945
293.061204123817,0.16242884428223278,-2.4727615366335893,-0.38348233823466327,2.939387529028114
293.06120412381705,-0.162428844282589,-2.4727615366321656,-0.3834823382334393,2.895788846621786
293.06120412381705,0.08121248656090267,-2.4730049222524815,-0.38348041253381177,2.927511069616337
293.190130768395,-1.526666247102488e-13,-2.4732648060139937,-0.3878969694806199,2.8985447298507796
293.1901307683951,0.08033506446340245,-2.473185401961326,-0.38789767765494193,2.9096455648148205
293.1901307683951,-0.08033506446375868,-2.473185401960555,-0.38789767765429356,2.888082236448003
293.1901307683951,-0.16067403204473335,-2.4729471779701884,-0.38789979123250046,2.8782576351696214
293.1901307683951,0.16067403204437714,-2.4729471779715584,-0.38789979123371127,2.921385297172337
293.3185276277193,-0.07945668059634367,-2.473365899463435,-0.3923090369686379,2.870557835542652
293.3185276277193,0.07945668059598744,-2.4733658994628396,-0.3923090369681692,2.891885390555921
293.3185276277193,-1.526666247102488e-13,-2.473443599819655,-0.39230826815538256,2.8809087298105305
293.31852762771933,0.15891729630165255,-2.4731327864921084,-0.39231133302160287,2.9034883788162262
293.31852762771933,-0.15891729630200876,-2.4731327864913633,-0.3923113330209655,2.860832253557924
293.4464007328441,-1.526666247102488e-13,-2.473622444237448,-0.396713667510262,2.8633770109901517
293.4464007328441,-0.07857733970200967,-2.473546430694265,-0.39671449508635714,2.8531378825433826
293.44640073284415,-0.15715864654035597,-2.4733183780911716,-0.3967169679720761,2.8435115630187813
293.44640073284415,0.15715864653999975,-2.4733183780918773,-0.39671696797262646,2.885695637738372
293.4464007328442,0.07857733970165345,-2.473546430694673,-0.39671449508689094,2.8742294073155796
293.57375465769735,-1.526666247102488e-13,-2.473801352799419,-0.4011131204030611,2.8459486366171007
293.5737546576974,0.15539811078107238,-2.4735039661633507,-0.4011166486450209,2.868006144717354
293.5737546576974,-0.1553981107814286,-2.4735039661611666,-0.4011166486431666,2.8262946268089952
293.5737546576974,-0.07769705579188885,-2.4737270091505734,-0.40111400479092046,2.8358214397448545
293.5737546576974,0.07769705579153262,-2.473727009152734,-0.4011140047930508,2.856676681149341
293.70059199497354,-1.526666247102488e-13,-2.4739803387213675,-0.4055065582625938,2.8286229439033694
293.7005919949736,-0.07681585605417682,-2.4739076480027142,-0.4055074974426639,2.81860784174168
293.7005919949736,0.07681585605387148,-2.4739076480044453,-0.40550749744434184,2.839226553949614
293.70059199497365,-0.15363574340075284,-2.4736895637384855,-0.40551030619154504,2.809180778968472
293.70059199497365,0.1536357434004475,-2.4736895637408414,-0.40551030619358525,2.850419248388701
293.8269178724338,0.07593374958775352,-2.4740883624108716,-0.40989494363480966,2.8218780213401846
293.8269178724338,-0.07593374958805886,-2.4740883624088323,-0.4098949436328967,2.8014960817152312
293.8269178724338,-1.526666247102488e-13,-2.47415941718787,-0.4098939517398277,2.811398926356013
293.82691787243385,-0.1518715625962412,-2.4738751858982764,-0.40989791102567563,2.7921690141436337
293.8269178724339,0.151871562595885,-2.4738751859007237,-0.40989791102777234,2.8329339482837588
293.9527384705454,-0.07505073738546093,-2.474269167597276,-0.41427634178992284,2.7844850149382276
293.9527384705454,-1.526666247102488e-13,-2.4743386034475487,-0.41427529932006935,2.7942754385478272
293.9527384705454,-0.15010557035174565,-2.474060847804359,-0.4142794613982968,2.775258189972857
293.95273847054546,0.15010557035144032,-2.474060847805395,-0.4142794613988949,2.81554910257376
293.95273847054546,0.07505073738515561,-2.4742691675998105,-0.41427634179211986,2.8046299388600744
294.07805821219796,-1.526666247102488e-13,-2.474517911553897,-0.41865058093906865,2.7772515788667302
294.078058212198,-0.14833779180988166,-2.474246563373913,-0.41865493702380263,2.7584474050976575
294.078058212198,0.14833779180957632,-2.4742465633725494,-0.41865493702199497,2.79826381664923
294.078058212198,-0.2225170148450379,-2.473907331936505,-0.4186603545922711,2.7498722023232056
294.0780582121981,0.07416683201761448,-2.4744500775868468,-0.4186516717934148,2.7874814074915575
294.0780582121981,0.2225170148446817,-2.4739073319351492,-0.41866035459073586,2.8095995082110434
294.0780582121981,-0.07416683201791982,-2.474450077585792,-0.4186516717928713,2.767573739018472
294.20288148429273,0.07328204571250546,-2.4746311059769406,-0.4230209005451558,2.7704315365655994
294.20288148429273,0.1465682514247383,-2.474432346095098,-0.4230243046593825,2.7810772041745757
294.20288148429273,-1.526666247102488e-13,-2.4746973551482743,-0.42301976355027443,2.760326454105101
294.2028814842928,-0.07328204571281079,-2.4746311059779864,-0.42302090054667074,2.7507613600048613
294.2028814842928,-0.2198627848910763,-2.4741010383452102,-0.42302995523481446,2.733249294591363
294.2028814842928,-0.14656825142504365,-2.474432346096635,-0.4230243046613442,2.7417357666181337
294.2028814842928,0.21986278489077096,-2.474101038342656,-0.42302995523235193,2.7922641640767836
294.3272126379664,0.21720594791572714,-2.4742947396245425,-0.42739340487954625,2.775026721745677
294.3272126379664,-1.526666247102488e-13,-2.4748769477018877,-0.4273828158132217,2.74349917940355
294.32721263796645,0.07239639035813127,-2.4748122662063,-0.4273839966671266,2.7534794437065204
294.32721263796645,0.14479697297297198,-2.4746182092907727,-0.4273875327987536,2.7639883870340394
294.32721263796645,-0.21720594791603248,-2.4742947396277306,-0.4273934048824547,2.7167249885543208
294.32721263796645,-0.0723963903584366,-2.4748122662064134,-0.42738399666766763,2.734046992330664
294.32721263796645,-0.1447969729732773,-2.4746182092917346,-0.42738753279997377,2.7251223900363186
294.45105598881526,0.2145465385805736,-2.4744884487259045,-0.4317506735219052,2.7578863172127925
294.45105598881526,-0.21454653858087894,-2.474488448728167,-0.43175067352390123,2.700298410902457
294.45105598881526,-1.526666247102488e-13,-2.475056702517143,-0.4317397080632118,2.7267688781943815
294.45105598881526,0.07150987750876008,-2.474993571534573,-0.43174093045389667,2.736624254776484
294.4510559888153,-0.07150987750906541,-2.4749935715326368,-0.43174093045224626,2.717429758756605
294.4510559888153,-0.14302397956271182,-2.474804166101742,-0.4317445916214171,2.708606399199276
294.4510559888153,0.14302397956240648,-2.47480416610169,-0.4317445916212967,2.746996495277659
294.57441581711987,0.07062251838940901,-2.4751750350540913,-0.43609167385188036,2.719865103819522
294.57441581711987,0.14124929364271993,-2.474990229494562,-0.4360954529704393,2.7301006670666252
294.57441581711987,-1.526666247102488e-13,-2.475236632730662,-0.4360904122831472,2.7101346821448193
294.5744158171199,-0.07062251838971435,-2.4751750350525397,-0.43609167385027653,2.700908790313702
294.5744158171199,-0.14124929364302524,-2.474990229492804,-0.436095452968695,2.6921869262419835
294.5744158171199,0.21188459055888598,-2.474682178407399,-0.436101732832854,2.7408420944960823
294.57441581712,-0.21188459055919132,-2.4746821784061632,-0.4361017328317057,2.6839686966140066
294.69729636807045,-0.13947293701567318,-2.4751764122493145,-0.4404400903098743,2.6758631115298845
294.6972963680705,-1.526666247102488e-13,-2.4754167512951284,-0.44043490205560704,2.6935957310999497
294.69729636807057,0.13947293701536784,-2.4751764122509843,-0.4404400903116411,2.713300048618584
294.69729636807057,-0.20922013655210972,-2.4748759412329733,-0.44044655612719325,2.6677349888982
294.69729636807057,-0.06973432390128931,-2.475356669676893,-0.4404362004159353,2.684483226245692
294.69729636807057,0.06973432390098398,-2.475356669677977,-0.4404362004171814,2.703201133005421
294.6972963680706,0.2092201365518044,-2.4748759412368053,-0.4404465561306793,2.7238932055834466
294.81970185199276,-1.526666247102488e-13,-2.4755970709834587,-0.4447731525356735,2.6771511730254445
294.81970185199276,-0.137694930843354,-2.4753627269704173,-0.44477847870393084,2.659634103601182
294.81970185199276,0.13769493084304865,-2.4753627269713387,-0.4447784787049489,2.6965937941525557
294.8197018519928,0.06884530462511405,-2.475538488135403,-0.44477448528065483,2.686631492573311
294.8197018519928,-0.0688453046253685,-2.475538488134529,-0.4447744852797112,2.6681522139513882
294.8197018519928,-0.20655320830268947,-2.4750697495894314,-0.444785118347119,2.651596439138064
294.8197018519928,0.206553208302435,-2.475069749592157,-0.44478511834954504,2.7070388103794865
294.94163644457296,-0.1359152956597287,-2.4755491860592675,-0.4491105947598913,2.6434990591091654
294.94163644457296,0.06795547082873153,-2.47572050297107,-0.44910650511663486,2.670155340775125
294.94163644457296,-0.06795547082898598,-2.4757205029707943,-0.4491065051163769,2.6519149089268383
294.94163644457296,0.13591529565942337,-2.475549186060273,-0.4491105947608331,2.6799810658337297
294.94163644457296,-1.526666247102488e-13,-2.47577760438897,-0.4491051404204722,2.6608001639501304
294.941636444573,-0.20388383661060783,-2.475263615650328,-0.44911739599806083,2.635552206833215
294.941636444573,0.2038838366103025,-2.4752636156519663,-0.44911739599946027,2.6902780766521093
295.0631042870848,-0.20121205134636214,-2.4754575513952495,-0.4534433671356065,2.61960145954223
295.0631042870848,0.06706483246921169,-2.47590272653223,-0.45343223810015343,2.65377184381879
295.0631042870848,-1.526666247102488e-13,-2.4759583639050438,-0.4534308438999064,2.644541867908289
295.0631042870848,0.2012120513461077,-2.4754575513969215,-0.4534433671370748,2.673610179978863
295.06310428708485,-0.13413405137914075,-2.4757358017255338,-0.4534364166083977,2.6274571427640145
295.06310428708485,0.13413405137888632,-2.4757358017274065,-0.453436416610002,2.6634610337180136
295.06310428708485,-0.06706483246946612,-2.475902726532414,-0.45343223810035915,2.6357704747071935
295.1841094866152,-1.526666247102488e-13,-2.4761393617412715,-0.4577502426411289,2.628375456881896
295.1841094866152,-0.0661733991991563,-2.476085170982347,-0.45775166388903393,2.6197180828085602
295.1841094866152,0.19853788146531515,-2.4756515686038907,-0.45776301132901326,2.657034303693047
295.1841094866153,0.13235121730562327,-2.4759225859909852,-0.4577559238759586,2.647032875696378
295.1841094866153,-0.1323512173059286,-2.475922585991495,-0.4577559238767572,2.6115075272747506
295.1841094866153,-0.1985378814655696,-2.4756515686039555,-0.4577630113291027,2.6037433728250314
295.1841094866153,0.06617339919885096,-2.476085170979902,-0.4577516638867033,2.6374801758112856
295.3046561162912,-1.526666247102488e-13,-2.4763206099107506,-0.4620633177466072,2.612300110742632
295.3046561162912,-0.19586135502306337,-2.475845678836113,-0.46207630961185486,2.587977130185031
295.3046561162912,-0.06528118037005769,-2.4762678482814744,-0.4620647635755678,2.6037569126695512
295.30465611629126,0.19586135502275803,-2.4758456788367393,-0.46207630961249263,2.640549638829651
295.30465611629126,0.1305668121435349,-2.4761095506655595,-0.46206909763328896,2.6306957774390707
295.30465611629126,0.06528118036980324,-2.4762678482829554,-0.4620647635766513,2.621279518701561
295.30465611629126,-0.13056681214378935,-2.4761095506661293,-0.46206909763438764,2.5956493932908304
295.42474821550604,0.1931824991863782,-2.476039893449871,-0.46638324446778673,2.6241553840711958
295.42474821550604,-1.526666247102488e-13,-2.476502120224075,-0.4663700517183761,2.596315017193834
295.4247482155061,-0.128780854005244,-2.476296707355863,-0.4663759203723712,2.579881929343757
295.4247482155061,0.12878085400498954,-2.4762967073568913,-0.4663759203726695,2.6144489323396414
295.4247482155061,0.06438818503840536,-2.4764507701947562,-0.4663715196637133,2.60516906222325
295.4247482155061,-0.06438818503865981,-2.4764507701918705,-0.46637151966162044,2.5878861515928753
295.4247482155061,-0.19318249918668354,-2.4760398934472603,-0.466383244465228,2.5723019230111386
295.54438979014606,-1.526666247102488e-13,-2.476683904292414,-0.4706704284310307,2.5804193717122894
295.54438979014606,-0.06349442197026604,-2.4766339482715787,-0.4706719160226014,2.5721049946867773
295.54438979014606,0.19050134025101706,-2.4762342235818022,-0.4706837997817592,2.6078507456932716
295.5443897901461,0.0634944219700116,-2.4766339482734274,-0.4706719160234379,2.5891480038374053
295.5443897901461,-0.19050134025127152,-2.4762342235790014,-0.4706837997789294,2.5567169505197347
295.5443897901461,-0.1269933604207466,-2.4764840674623136,-0.47067637597129275,2.564204331788482
295.5443897901461,0.12699336042049217,-2.4764840674643125,-0.47067637597257905,2.5982915414589227
295.66358481281696,0.06259989964352271,-2.4768173938716487,-0.4749659378739615,2.5732155486750243
295.66358481281696,-0.06259989964377714,-2.4768173938680556,-0.4749659378717831,2.5564126448063056
295.66358481281696,-1.526666247102488e-13,-2.47686597351918,-0.4749644330944304,2.564612377490037
295.663584812817,0.18781790365205392,-2.476428680150822,-0.4749779608130814,2.5916349375100856
295.663584812817,0.12520434834748811,-2.476671642176266,-0.47497044966492713,2.5822228134688077
295.663584812817,-0.12520434834774255,-2.476671642174052,-0.47497044966341273,2.548615804744877
295.6635848128171,-0.18781790365230835,-2.476428680150856,-0.47497796081285176,2.5412214196964733
295.78233722307056,0.061704626255864224,-2.4770011181225953,-0.4792535717332877,2.557370909479546
295.78233722307056,-0.06170462625611867,-2.4770011181218585,-0.47925357173381145,2.5408083124946708
295.78233722307056,-1.526666247102488e-13,-2.4770483390933578,-0.4792520522175127,2.548893245375985
295.7823372230706,-0.12341383417972664,-2.476859442467758,-0.4792581280035025,2.533115560038957
295.7823372230706,0.12341383417947219,-2.47685944246839,-0.479258128003456,2.5662419645959913
295.7823372230706,-0.1851322139792475,-2.4766232738599454,-0.4792657141661785,2.5258145452380747
295.7823372230706,0.18513221397899307,-2.476623273858794,-0.4792657141651905,2.57550718081986
295.9006509276309,0.18244429498889866,-2.4768180151613115,-0.4835470475063996,2.5594667043500916
295.9006509276309,-0.060808609726668204,-2.4771851319407094,-0.48353480516837893,2.525291215924432
295.9006509276309,-1.0177774980683254e-13,-2.477231011985256,-0.4835332733520283,2.533261193817573
295.900650927631,-0.12162183375519962,-2.477047479076826,-0.48353939858730416,2.517702817144149
295.900650927631,0.12162183375494517,-2.4770474790780335,-0.483539398587719,2.550348218565612
295.900650927631,-0.1824442949891531,-2.4768180151610677,-0.4835470475063125,2.5104955494939443
295.90065092763103,0.060808609726413755,-2.477185131940525,-0.4835348051671256,2.541613306549285
296.0185297747469,-0.11982836276096252,-2.477235760121416,-0.4878142175764762,2.5023768064833023
296.0185297747469,0.11982836276070809,-2.477235760121674,-0.48781421757608806,2.5345408100115097
296.0185297747469,0.059911857898775366,-2.4773694436574165,-0.48780959429720533,2.525941971116576
296.0185297747469,-1.0177774980683254e-13,-2.4774140006001844,-0.48780805260921456,2.517715452211431
296.018529774747,-0.059911857899029815,-2.477369443657772,-0.48780959429846216,2.5098605842224915
296.018529774747,-0.17975417021156512,-2.477012911819712,-0.4878219170607846,2.4952636657478786
296.018529774747,0.17975417021131068,-2.4770129118191115,-0.4878219170599249,2.543512747701612
296.135974093923,-1.0177774980683254e-13,-2.477597314895802,-0.4920763456378845,2.5022557159190666
296.135974093923,0.11803348975348986,-2.477424295294719,-0.4920825407296969,2.518819447217274
296.135974093923,-0.17706194247829463,-2.477207973188806,-0.49209027871900735,2.480118583931596
296.135974093923,-0.11803348975374431,-2.4774242952957906,-0.49208254073121843,2.4871372179378284
296.13597409392304,0.1770619424780402,-2.4772079731870718,-0.49209027871690275,2.527645028409176
296.13597409392304,-0.05901440505205141,-2.4775540631661985,-0.4920778948018534,2.494516109080109
296.13597409392304,0.05901440505184786,-2.477554063166381,-0.49207789480120645,2.510356604073732
296.25299091633696,-1.0177774980683254e-13,-2.4777809672839632,-0.49633817072889813,2.48688080034459
296.25299091633696,-0.17436755986788058,-2.477403211258227,-0.49635215100917646,2.4650591320483533
296.252990916337,-0.11623718011811801,-2.477613096821331,-0.49634438644492446,2.4719828740604717
296.252990916337,0.058116233877612423,-2.477739002832032,-0.4963397249959885,2.494856019127831
296.252990916337,-0.05811623387786687,-2.47773900283088,-0.4963397249955985,2.4792566088500463
296.252990916337,0.11623718011786356,-2.4776130968227514,-0.49634438644575896,2.503182943444686
296.25299091633707,0.17436755986762614,-2.4774032112576663,-0.4963521510080409,2.511862360540843
296.36958402367566,-1.0177774980683254e-13,-2.4779649681900078,-0.5005935492566741,2.4715899529926757
296.3695840236757,-0.05721735122993541,-2.477924273020394,-0.5005951062796291,2.4640813308809717
296.3695840236757,-0.17167104294019175,-2.4775986359399194,-0.500607555533284,2.450084561716409
296.3695840236757,0.17167104293993732,-2.4775986359425324,-0.500607555535043,2.4961640012348196
296.3695840236757,0.11443944756084942,-2.4778021748995886,-0.5005997761965821,2.4876305510933525
296.3695840236757,-0.11443944756105298,-2.4778021748973673,-0.5005997761949638,2.4569130235712535
296.3695840236757,0.05721735122973186,-2.477924273020478,-0.5005951062792439,2.479439465467209
296.48575716589113,-1.0177774980683254e-13,-2.478149325754097,-0.5048424518219797,2.456382428683792
296.48575716589113,0.056317763705490784,-2.478109881801315,-0.5048440092814652,2.4641061995561775
296.4857571658912,-0.056317763705745226,-2.4781098818012133,-0.5048440092815399,2.448989529866284
296.4857571658912,0.11264030527676228,-2.4779915373743635,-0.5048486806941895,2.4721615297881874
296.4857571658912,-0.16897241148621694,-2.4777942547240794,-0.5048564631482969,2.435194131924273
296.4857571658912,0.1689724114859625,-2.4777942547258536,-0.5048564631490534,2.48054921479319
296.4857571658912,-0.11264030527701673,-2.477991537374198,-0.504848680694441,2.441926922553088
296.60151158065236,-1.0177774980683254e-13,-2.47833404750308,-0.5090848259177935,2.441257813341363
296.60151158065236,0.16627174254545343,-2.477990074422057,-0.5090988216605965,2.4650176052078097
296.60151158065236,-0.11083980462733643,-2.4781811914564837,-0.5090910475715342,2.427024153471074
296.60151158065236,-0.05541749698631615,-2.4782958366217374,-0.5090863815299295,2.433980789141555
296.60151158065236,-0.166271742545657,-2.4779900744212044,-0.5090988216609951,2.420387425983705
296.60151158065236,-0.2217181483150772,-2.477722422756718,-0.5091096998094479,2.4140702308338455
296.6015115806524,0.11083980462713289,-2.4781811914559775,-0.5090910475707563,2.4567754757809803
296.6015115806524,0.22171814831482275,-2.4777224227577515,-0.5091096998092344,2.473583108593375
296.6015115806524,0.05541749698611259,-2.4782958366198984,-0.5090863815284804,2.44885581162358
296.71685078308866,-1.0177774980683254e-13,-2.4785191440931733,-0.5133206634503983,2.4262153968545057
296.71685078308866,0.16356905920343573,-2.478186105142165,-0.5133346233706959,2.449568472239053
296.71685078308866,0.054516558766911166,-2.4784821480720183,-0.5133222149703245,2.4336875933439255
296.71685078308866,-0.054516558767114726,-2.4784821480748414,-0.513322214972348,2.4190543983156108
296.7168507830887,-0.21811472394142922,-2.4779269583639665,-0.5133454751986977,2.3994332072094355
296.7168507830887,-0.10903796100253813,-2.4783711475570875,-0.5133268689064655,2.4122040071586763
296.7168507830887,0.10903796100233457,-2.478371147557057,-0.5133268689061973,2.441471684036669
296.7168507830887,0.21811472394122566,-2.4779269583648746,-0.5133454751983488,2.4579788700097627
296.7168507830888,-0.1635690592036393,-2.4781861051392022,-0.5133346233691495,2.4056637374572816
296.8317807849612,0.05361493664947369,-2.478668826843258,-0.5175515448321754,2.4186005118164666
296.8317807849612,0.16086432426640118,-2.4783823571296213,-0.5175639038229257,2.4342007847913387
296.8317807849612,-0.16086432426665564,-2.478382357127415,-0.5175639038219084,2.3910220452313866
296.8317807849612,0.21450856422403985,-2.478131587507193,-0.5175747137663054,2.4424564157620066
296.8317807849612,-1.0177774980683254e-13,-2.4787046262623114,-0.5175499996030108,2.4112541473448523
296.83178078496127,-0.21450856422424341,-2.47813158750378,-0.5175747137642385,2.3848787023613376
296.83178078496127,-0.05361493664967725,-2.478668826844202,-0.517551544832445,2.404209327815627
296.83178078496127,0.1072347496059997,-2.478561416200756,-0.5175561800478534,2.42624912191548
296.83178078496127,-0.10723474960620326,-2.478561416199528,-0.5175561800469327,2.3974654576315095
296.94630487837713,0.10543018698398442,-2.4787520019430467,-0.521778943489036,2.4111071211853603
296.94630487837713,-1.0177774980683254e-13,-2.478890498917726,-0.5217727967354926,2.3963733913522716
296.9463048783772,-0.21089970225289115,-2.478336313683304,-0.5217973784109703,2.3704060504147817
296.9463048783772,0.2108997022526876,-2.4783363136846464,-0.5217973784112768,2.427015088860374
296.9463048783772,-0.05271263890710989,-2.478855877751909,-0.5217743335056546,2.3894449038229797
296.9463048783772,0.15815756255249788,-2.4785788345046034,-0.5217866256819546,2.4189138795021243
296.94630487837725,0.05271263890690634,-2.4788558777527454,-0.5217743335068529,2.4035938954432354
296.94630487837725,-0.15815756255270144,-2.478578834502617,-0.521786625680992,2.3764616792804696
296.94630487837725,-0.10543018698418798,-2.4787520019408595,-0.5217789434871172,2.3828078322158834
297.0604212946566,0.15544891795526114,-2.4787755448110587,-0.5260027366368131,2.403707769295949
297.06042129465663,-0.05180971350629926,-2.4790433089682424,-0.5259905282260325,2.3747611058887834
297.06042129465663,0.05180971350609571,-2.479043308969501,-0.5259905282274794,2.388667736650583
297.06042129465663,-0.20728832987731124,-2.478541143902111,-0.5260134172329486,2.356015225902542
297.06042129465663,-1.0177774980683254e-13,-2.479076770310111,-0.5259890020272291,2.381573113912521
297.0604212946567,-0.1554489179554647,-2.4787755448106443,-0.5260027366370646,2.3619826139042757
297.0604212946567,0.20728832987710769,-2.478541143903056,-0.5260134172332676,2.4116549153365083
297.0604212946567,0.10362436906833167,-2.4789429127150253,-0.5259951066298763,2.3960456835689676
297.0604212946567,-0.10362436906853521,-2.4789429127151132,-0.5259951066300211,2.368231106884262
297.17413901993115,-0.05090612302275252,-2.479231132052666,-0.5302001709545051,2.360156531464541
297.1741390199312,0.05090612302254897,-2.479231132053575,-0.5302001709554721,2.3738206228446574
297.1741390199312,-1.0177774980683254e-13,-2.4792634520458687,-0.5301986573841386,2.366851906952472
297.1741390199312,0.1527382782067594,-2.478972499210935,-0.5302122790711834,2.388581035550357
297.17413901993126,-0.15273827820696295,-2.478972499213582,-0.530212279073933,2.3475834606134827
297.17413901993126,-0.10181722101163336,-2.479134159933246,-0.5302047115950119,2.3537338856162804
297.17413901993126,0.1018172210114298,-2.479134159932585,-0.5302047115943508,2.381063392955994
297.17413901993126,0.20367429741311974,-2.478746088972723,-0.5302228729859628,2.3963744750601834
297.17413901993126,-0.20367429741332327,-2.478746088972007,-0.530222872985508,2.3417048488685825
297.28746065194747,-1.0177774980683254e-13,-2.479450548056216,-0.534401747362482,2.3522091953510236
297.28746065194747,0.05000187991666158,-2.479419350846168,-0.5344032462852658,2.359051981338687
297.28746065194747,-0.05000187991686513,-2.4794193508457476,-0.5344032462849728,2.34563060451882
297.28746065194747,0.10000876773366264,-2.4793257471623993,-0.5344077430883296,2.366159680618039
297.28746065194747,0.20005765469777645,-2.4789511513574767,-0.5344257308227957,2.3811732117917077
297.28746065194747,0.1500256806863979,-2.4791697008131695,-0.5344152378777414,2.3735331150193644
297.28746065194747,-0.20005765469798,-2.478951151359283,-0.5344257308245048,2.327474349692811
297.2874606519475,-0.15002568068660146,-2.4791697008148375,-0.53441523787925,2.3332636461274303
297.2874606519475,-0.1000087677338662,-2.479325747162173,-0.534407743088023,2.3393155929940606
297.4003846733886,-1.0177774980683254e-13,-2.4796380663373565,-0.5385982249229899,2.3376449363351477
297.4003846733886,-0.04909702935210647,-2.479607973261625,-0.5385997072405397,2.331183277135716
297.4003846733886,-0.14731126087812188,-2.4793671569136455,-0.538611566615951,2.3190231177554765
297.4003846733886,0.09819909956018781,-2.4795176820840092,-0.5386041543330825,2.3513345195785544
297.4003846733886,0.04909702935190291,-2.4796079732611203,-0.5385997072398794,2.3443617763394604
297.4003846733886,0.14731126087791832,-2.479367156914525,-0.5386115666170522,2.3585639913798344
297.40038467338866,-0.09819909956039137,-2.4795176820826756,-0.5386041543316528,2.324976177795819
297.40038467338866,-0.19643858236856912,-2.4791563378166113,-0.5386219447813588,2.31332367605272
297.40038467338866,0.19643858236841646,-2.4791563378154806,-0.5386219447804946,2.366051121697916
297.512920263497,-0.09638813474652622,-2.479709973072857,-0.5427939675080475,2.3107142325583774
297.512920263497,0.14459489616788437,-2.47956487556733,-0.5428012877405973,2.3436722321651273
297.512920263497,-1.0177774980683254e-13,-2.4798260155264975,-0.5427881120321513,2.323157709533151
297.51292026349705,-0.14459489616808793,-2.47956487556624,-0.5428012877391691,2.304860475940984
297.51292026349705,0.192816916947328,-2.4793616559485736,-0.5428115376963403,2.351006770219633
297.51292026349705,0.09638813474637355,-2.479709973076718,-0.5427939675117787,2.3365864804331133
297.51292026349705,0.04819153045514287,-2.479797007873798,-0.542789575842423,2.3297485824742825
297.51292026349705,-0.19281691694753156,-2.4793616559502523,-0.5428115376974044,2.2992514372656925
297.51292026349705,-0.048191530455295534,-2.4797970078731106,-0.54278957584181,2.3168131349135255
297.6250666697645,-0.04728542154621314,-2.4799864592111533,-0.5469728345691497,2.3025200366535876
297.6250666697645,-1.0177774980683254e-13,-2.4800144002384554,-0.5469713911114317,2.3087473780142647
297.6250666697645,0.047285421546009586,-2.479986459211658,-0.5469728345698206,2.3152122688302192
297.6250666697645,-0.18919281169963983,-2.4795671089369766,-0.546994492856124,2.285257489829561
297.6250666697646,-0.14187670150998977,-2.4797628605811317,-0.5469843841551753,2.2907755761995876
297.6250666697646,0.18919281169943628,-2.479567108936688,-0.546994492856562,2.3360400549968583
297.6250666697646,0.1418767015097862,-2.4797628605816313,-0.5469843841561313,2.32885772374773
297.6250666697646,-0.0945759499302548,-2.47990262439817,-0.5469771652615174,2.2965296135651876
297.6250666697646,0.09457594993010213,-2.4799026243999576,-0.5469771652633453,2.3219154400365576
297.7368279747596,0.04637870174443085,-2.480176335730003,-0.5511494754098264,2.300752078388606
297.7368279747596,-0.13915667426340725,-2.4799611198706435,-0.5511608484168595,2.276767667401069
297.7368279747596,-0.09276254335117826,-2.4800956443063824,-0.5511537397876413,2.282421566183014
297.7368279747596,0.09276254335102559,-2.4800956443059974,-0.5511537397876137,2.307320643283562
297.7368279747596,-1.0177774980683254e-13,-2.4802032290001526,-0.5511480540819981,2.2944131842008186
297.7368279747596,0.1391566742632037,-2.479961119871575,-0.5511608484183697,2.3141197142901775
297.73682797475965,0.18556626310419805,-2.479772704210067,-0.5511708033059602,2.3211502288145294
297.73682797475965,-0.1855662631044016,-2.4797727042079054,-0.5511708033031867,2.271341087470731
297.73682797475965,-0.04637870174458352,-2.4801763357299653,-0.5511494754096596,2.288303225573438
297.84820913951876,-0.09094789783414865,-2.480289036508169,-0.5553236839530773,2.268389228891425
297.84820913951876,-0.13643478866630546,-2.4801596567007813,-0.5553306736506998,2.2628358923787153
297.84820913951876,0.1364347886661019,-2.480159656699541,-0.5553306736503492,2.2994573397122626
297.84820913951876,-1.0177774980683254e-13,-2.4803925058863188,-0.5553180936118185,2.2801542617060813
297.84820913951876,0.09094789783399598,-2.480289036507326,-0.5553236839528383,2.292801224044029
297.8482091395188,-0.04547136246270548,-2.480366641411466,-0.5553194910790211,2.274161837079253
297.8482091395188,-0.18193723681396362,-2.4799784444059805,-0.5553404625318656,2.2575013786562863
297.8482091395188,0.18193723681381097,-2.479978444405518,-0.5553404625321834,2.306336430923691
297.8482091395188,0.04547136246250193,-2.480366641411441,-0.5553194910790831,2.2863671442505304
297.9592086673055,0.17830590756469233,-2.4801843354765607,-0.5595034563726621,2.2915986612914008
297.9592086673055,-0.044563447388627234,-2.4805573833568273,-0.5594828662748643,2.260095828622174
297.9592086673055,0.04456344738847457,-2.4805573833559085,-0.5594828662745217,2.27205743559388
297.9592086673055,-1.0177774980683254e-13,-2.480582238066966,-0.5594814943164577,2.2659705729646133
297.9592086673055,0.08913210075363397,-2.480482807875961,-0.5594869826834848,2.278357159998959
297.9592086673056,0.22292156040885916,-2.479960301705697,-0.5595158200998385,2.2985424239212064
297.9592086673056,-0.17830590756484502,-2.480184335474967,-0.5595034563706033,2.2437383164476743
297.9592086673056,-0.22292156040906272,-2.479960301705562,-0.5595158200990364,2.2387065317536052
297.9592086673056,0.1337111757764679,-2.4803584775542697,-0.5594938451547253,2.284870587958055
297.9592086673056,-0.13371117577667146,-2.480358477555491,-0.5594938451549899,2.2489802038969535
297.95920866730563,-0.08913210075378664,-2.4804828078785968,-0.5594869826850128,2.2544325559181275
298.0698358542079,0.0436549115991258,-2.480748565648018,-0.5636395955095705,2.257821532236985
298.06983585420795,0.08731506226522379,-2.4806769622392166,-0.5636436306585838,2.2639870263432855
298.06983585420795,0.1746720956806927,-2.4803903802203986,-0.5636597801753654,2.276935488678837
298.06983585420795,-1.0177774980683254e-13,-2.4807724297148734,-0.5636382506569213,2.2518607033553915
298.06983585420795,-0.17467209568084535,-2.4803903802185996,-0.5636597801732162,2.2300505178305574
298.069835854208,-0.08731506226537646,-2.480676962239231,-0.563643630657361,2.240550146573488
298.069835854208,-0.04365491159927847,-2.4807485656482613,-0.5636395955089923,2.2461037920786304
298.069835854208,-0.2183795445648671,-2.48017526644563,-0.5636719016968518,2.2251037009241443
298.069835854208,-0.13098570083155367,-2.4805575858327895,-0.5636503578858538,2.2351992096360114
298.069835854208,0.21837954456471445,-2.48017526644501,-0.5636719016968678,2.2837204456927553
298.069835854208,0.13098570083140101,-2.4805575858338442,-0.5636503578877914,2.2703580305366375
298.18008592251334,-0.12825857421925,-2.4807569865328687,-0.5678001982608244,2.221493274202735
298.18008592251334,-0.17103608166765155,-2.4805965830502665,-0.5678094208979476,2.21643834491171
298.18008592251334,0.12825857421909734,-2.4807569865331316,-0.5678001982619778,2.2559200885280934
298.18008592251334,0.1710360816674989,-2.4805965830491616,-0.5678094208974918,2.2623473504886333
298.18008592251334,-1.0177774980683254e-13,-2.4809630865783836,-0.567788348354781,2.23782503683675
298.18008592251334,0.08549692263193934,-2.4808715050078525,-0.5677936139033871,2.249691229808914
298.18008592251334,-0.085496922632092,-2.4808715050059003,-0.5677936139005358,2.2267423699399282
298.1800859225134,-0.04274582522746746,-2.4809401939502895,-0.5677896645796088,2.232186102981694
298.1800859225134,0.21383477621002617,-2.480390216626898,-0.5678212863528199,2.268974061462061
298.1800859225134,0.04274582522731479,-2.4809401939510476,-0.5677896645809183,2.2436598285378238
298.1800859225134,-0.21383477621022973,-2.4803902166287175,-0.5678212863539538,2.211577203277571
298.28997023112527,-0.1255296066887674,-2.480956683217055,-0.5719433629236643,2.2078607569934463
298.28997023112527,0.20928693995717546,-2.480605154487671,-0.5719639716983054,2.2543015691260027
298.28997023112527,0.1255296066886147,-2.4809566832179377,-0.5719433629250419,2.241555070532115
298.28997023112527,-5.088887490341627e-14,-2.4811542129580375,-0.5719317835019229,2.223861903906133
298.28997023112527,0.04183612518625599,-2.481132272486187,-0.5719330696442413,2.229570646916045
298.28997023112527,-0.08367755568270308,-2.481066440158167,-0.571936928757718,2.2130075750037577
298.28997023112527,-0.04183612518640866,-2.4811322724857416,-0.5719330696434114,2.2183411006845337
298.28997023112527,0.0836775556825504,-2.481066440158639,-0.571936928758729,2.235468085516079
298.28997023112527,-0.2092869399573281,-2.4806051544878267,-0.5719639716978102,2.1981254213587813
298.2899702311253,0.16739761320122495,-2.4808029469478714,-0.5719523756149584,2.247832549579233
298.2899702311253,-0.16739761320137764,-2.480802946947334,-0.5719523756138778,2.2029001682738425
298.39948297000916,-0.08185711822547634,-2.4812617714946774,-0.5760735620924748,2.1993462613423036
298.39948297000916,-0.2047364277766526,-2.480820081933907,-0.5760999461968174,2.1847488443332246
298.39948297000916,-0.04092588988166029,-2.4813248053287724,-0.5760697973433496,2.2045692922657762
298.39948297000916,-5.088887490341627e-14,-2.4813458130217043,-0.5760685426698245,2.2099718211578434
298.39948297000916,0.20473642777649995,-2.4808200819325203,-0.5760999461964341,2.2397035630680415
298.39948297000916,0.04092588988150763,-2.4813248053284966,-0.5760697973436437,2.2155545154957466
298.3994829700092,-0.12279903344522872,-2.4811566792352404,-0.5760798391176551,2.1943021520990795
298.3994829700092,-0.16375700387555517,-2.4810094746309295,-0.576088632098686,2.1894364785369986
298.3994829700092,0.08185711822532367,-2.481261771495816,-0.5760735620940203,2.2213181351325835
298.3994829700092,0.1637570038754025,-2.4810094746326334,-0.5760886321006774,2.233391660747883
298.3994829700092,0.12279903344507605,-2.4811566792378454,-0.5760798391202552,2.2272635337741464
298.508635337918,-5.088887490341627e-14,-2.4815378912510715,-0.5801986234192721,2.1961531480683365
298.508635337918,-0.20018292453777667,-2.4810350014383875,-0.5802292091079031,2.171445883806492
298.50863533791807,-0.040015056277936355,-2.4815177968793614,-0.5801998453061981,2.190869046055285
298.50863533791807,-0.08003548419202801,-2.4814575031770723,-0.5802035117354855,2.18575680692558
298.50863533791807,0.20018292453762399,-2.48103500143564,-0.5802292091066636,2.2251783703148584
298.50863533791807,0.1601140015717366,-2.4812161693051005,-0.5802181890015291,2.219023015933903
298.50863533791807,0.1200666653917833,-2.481356978353307,-0.5802096250161021,2.2130438158953476
298.50863533791807,0.04001505627778369,-2.48151779687976,-0.5801998453073226,2.201609785687081
298.50863533791807,0.08003548419187535,-2.481457503177993,-0.5802035117371895,2.207239722789993
298.50863533791807,-0.12006666539193597,-2.481356978352433,-0.5802096250150801,2.1808158479159903
298.50863533791807,-0.16011400157188926,-2.4812161693040586,-0.5802181890002513,2.1760456753095667
298.6174226922706,0.11733270792056115,-2.4815575820887124,-0.584332708374023,2.198896322719405
298.6174226922706,-0.1956267725269571,-2.4812499129719985,-0.5843517493385061,2.158216887267339
298.6174226922706,-0.07821279051444802,-2.4816536372134324,-0.5843267650924922,2.17223956689301
298.6174226922706,-5.088887490341627e-14,-2.481730450038297,-0.5843220128695722,2.182406254362527
298.6174226922707,-0.1173327079207138,-2.481557582088016,-0.5843327083726482,2.1674021951356974
298.6174226922707,0.03910369284235047,-2.4817112494378257,-0.584323200727593,2.1877368373519337
298.6174226922707,0.07821279051429535,-2.481653637215007,-0.5843267650951653,2.1932332403830923
298.6174226922707,0.19562677252680444,-2.4812499129695076,-0.5843517493376619,2.21072643023735
298.6174226922707,0.15646888013440774,-2.4814230318078705,-0.584341034576339,2.2047270367862333
298.6174226922707,-0.03910369284250314,-2.481711249435668,-0.5843232007247046,2.177240723537087
298.6174226922707,-0.15646888013450952,-2.481423031806713,-0.5843410345745839,2.1627281067325907
298.7258538971802,-0.07638894772444559,-2.4818501779859043,-0.5884433212828512,2.158793218186307
298.7258538971802,-0.15282146064001464,-2.481630065589809,-0.5884571688539366,2.1494824674349347
298.7258538971802,-0.038191754840375604,-2.481905167616082,-0.5884398624949898,2.163682994228815
298.7258538971802,0.1910677481019903,-2.4814648192864635,-0.5884675676116479,2.1963463877048612
298.7258538971802,-5.088887490341627e-14,-2.4819234940799006,-0.5884387098422837,2.168729803080682
298.72585389718023,-0.11459702683322268,-2.4817584944348683,-0.5884490886878763,2.1540598790704775
298.72585389718023,-0.19106774810214294,-2.481464819287738,-0.5884675676114008,2.1450605596070753
298.72585389718023,0.038191754840273824,-2.481905167618526,-0.5884398624984675,2.173934328000348
298.72585389718023,0.11459702683307,-2.4817584944360376,-0.5884490886902645,2.1848197035390036
298.72585389718023,0.07638894772434382,-2.4818501779881603,-0.5884433212864357,2.1792973408392458
298.7258538971803,0.152821460639862,-2.481630065589223,-0.5884571688547493,2.190502369911388
298.83392762920477,-0.0372792825598689,-2.482099551694937,-0.5925498179941509,2.1501958060598647
298.83392762920477,-0.14917190422665308,-2.481837269375282,-0.5925665801791837,2.1363087014117665
298.83392762920477,-5.088887490341627e-14,-2.4821170237529526,-0.5925487016501928,2.1551237467402884
298.83392762920477,0.037279282559716236,-2.482099551695406,-0.5925498179960698,2.1602022163758696
298.8339276292048,-0.22386776187595583,-2.4814869696729294,-0.5925889796133691,2.127792930431638
298.8339276292048,-0.18650605267524176,-2.481679718169691,-0.5925766528456405,2.1319768467875115
298.8339276292048,-0.0745640363970735,-2.4820471254622714,-0.5925531678786178,2.1454177057849355
298.8339276292048,-0.11185974298835225,-2.4819597148441455,-0.5925587538544921,2.140788843388214
298.8339276292048,0.11185974298819958,-2.481959714842667,-0.5925587538546151,2.17081393446417
298.8339276292048,0.07456403639697172,-2.4820471254627936,-0.592553167880735,2.1654319907660917
298.8339276292048,0.22386776187585408,-2.4814869696722477,-0.5925889796140119,2.18788279768068
298.8339276292048,0.18650605267508907,-2.481679718169643,-0.5925766528469548,2.182038242748496
298.8339276292048,0.1491719042265004,-2.4818372693728206,-0.5925665801784871,2.1763490025603853
298.9416482910194,0.18194164544818447,-2.481894612688465,-0.5966790070178721,2.167801237520478
298.9416482910194,-5.088887490341627e-14,-2.4823110439986698,-0.5966519881260985,2.141587317467671
298.9416482910195,-0.2183908409037804,-2.4817110550849626,-0.5966909242121778,2.1148648094694766
298.9416482910195,-0.18194164544828625,-2.481894612687312,-0.5966790070157225,2.1189650019044657
298.9416482910195,-0.1455201782543513,-2.4820446469022146,-0.5966692697465836,2.1232060550860443
298.9416482910195,0.07273804021099732,-2.4822444842832425,-0.5966563050541103,2.1516364225789952
298.9416482910195,0.03636626784003594,-2.482294406537773,-0.5966530671408377,2.146539734129412
298.9416482910195,-0.03636626784013772,-2.4822944065376578,-0.5966530671396036,2.1367783928716007
298.9416482910195,-0.07273804021114999,-2.4822444842811966,-0.5966563050508833,2.132112266484712
298.9416482910195,-0.10912083190504233,-2.4821612475781905,-0.5966617044684337,2.127588329078588
298.9416482910195,0.10912083190488968,-2.4821612475776385,-0.596661704469309,2.1568782499149948
298.9416482910195,0.2183908409036277,-2.4817110550845243,-0.5966909242127695,2.1734845863509555
298.9416482910195,0.1455201782542495,-2.482044646901178,-0.5966692697469973,2.1622661723987244
299.0490199826994,-0.17737449566327715,-2.482109498104355,-0.6007746185381284,2.106024318742389
299.0490199826994,0.07091094686164334,-2.4824422520696725,-0.6007527200992197,2.13790991107144
299.0490199826994,-0.07091094686174512,-2.482442252067454,-0.6007527200965727,2.1188761783814622
299.0490199826994,-0.14186625811528497,-2.4822521944489138,-0.6007652254942495,2.1101738157543593
299.0490199826994,0.2129106290826151,-2.4819349126001065,-0.6007861153095434,2.159157558610322
299.0490199826994,0.1418662581151832,-2.4822521944483573,-0.6007652254950906,2.1482531601215116
299.0490199826994,0.10638027512640694,-2.4823630897036115,-0.6007579280970833,2.1430119270060337
299.0490199826994,-0.1063802751265596,-2.482363089702198,-0.6007579280946905,2.1144576182086836
299.0490199826994,-5.088887490341627e-14,-2.4825055528915647,-0.6007485563543675,2.1281197891906722
299.04901998269946,0.17737449566317537,-2.4821094981044696,-0.6007746185393225,2.153634657556476
299.04901998269946,-0.03545270452871708,-2.482489730105848,-0.600749597068459,2.123430030046734
299.04901998269946,-0.21291062908276776,-2.4819349126002552,-0.6007861153088432,2.1020087559472778
299.04901998269946,0.0354527045286153,-2.482489730105611,-0.6007495970685538,2.132946154992285
299.15604056559556,-5.088887490341627e-14,-2.482700552412809,-0.6048383740957033,2.1147212197907215
299.15604056559556,-0.069082849754371,-2.482640430456385,-0.6048423811296565,2.1057094901123645
299.15604056559556,0.06908284975426923,-2.482640430456306,-0.6048423811294855,2.124252529952671
299.15604056559556,0.17280483680381759,-2.4823243742111507,-0.6048634573566278,2.1395386126549516
299.15604056559556,0.10363821275669398,-2.4825652424119418,-0.6048473932837638,2.1292150498295337
299.15604056559556,-0.13821033060668744,-2.482459912594838,-0.6048544165809191,2.0972120293952874
299.1560405655956,-0.20742740657469788,-2.4821585410574687,-0.604874523795261,2.089224819775637
299.1560405655956,-0.17280483680391936,-2.482324374211027,-0.604863457355265,2.0931548444216133
299.1560405655956,0.13821033060658566,-2.482459912595115,-0.6048544165826703,2.134310061850533
299.1560405655956,0.20742740657454523,-2.4821585410564477,-0.6048745237950759,2.144901839581666
299.1560405655956,0.03453863932907548,-2.482685524294506,-0.6048393756295071,2.1194215439369195
299.1560405655956,-0.03453863932922815,-2.482685524295378,-0.6048393756304482,2.110150770021564
299.1560405655957,-0.10363821275684665,-2.4825652424111655,-0.6048473932823503,2.1013967572629104
299.26271829921046,-0.03362402990879345,-2.482881791250881,-0.6089224237288736,2.096939376417309
299.26271829921046,-5.088887490341627e-14,-2.482896044796923,-0.6089214621850981,2.101390366718099
299.26271829921046,-0.10089451780383568,-2.482767707163909,-0.6089301215137167,2.088404525140037
299.26271829921046,0.2019409194370623,-2.482381939650313,-0.6089561730935819,2.130716170265708
299.26271829921046,0.10089451780368303,-2.4827677071632923,-0.6089301215136848,2.115486363198993
299.26271829921046,0.1345522264129261,-2.4826678022050057,-0.6089368650014794,2.1204356201472168
299.2627182992105,-0.16823245723737665,-2.4825392411083653,-0.608945546112106,2.08035537703085
299.2627182992105,-0.1345522264130279,-2.482667802206217,-0.6089368650012063,2.0843194840136063
299.2627182992105,0.16823245723727487,-2.4825392411091642,-0.6089455461138816,2.125511844106158
299.2627182992105,-0.06725366422510468,-2.4828390213321634,-0.6089253092674342,2.0926109724481883
299.2627182992105,0.03362402990869167,-2.4828817912525243,-0.6089224237302165,2.105964653221727
299.2627182992105,0.0672536642250029,-2.4828390213330063,-0.6089253092678367,2.1106630272686835
299.2627182992106,-0.20194091943716408,-2.4823819396491165,-0.6089561730916709,2.076511810104755
299.36905243562995,-0.16365752824578034,-2.482754091524042,-0.6130208614734228,2.067625800220251
299.36905243562995,-0.06542345879545997,-2.4830380199792685,-0.613001480017131,2.079580506681129
299.36905243562995,0.06542345879535819,-2.483038019978239,-0.6130014800159336,2.0971413027045007
299.36905243562995,0.16365752824567856,-2.4827540915246944,-0.6130208614747115,2.1115542815424977
299.36905243562995,0.13089208256746152,-2.4828758571026595,-0.6130125469264666,2.106629753122361
299.36905243562995,-5.088887490341627e-14,-2.483092025809849,-0.6129977959029561,2.0881271173854117
299.36905243562995,0.09814929304666782,-2.4829704786360245,-0.61300608857491,2.101825775242953
299.36905243563,-0.19645137319501457,-2.4826050998306566,-0.6130310404394157,2.0638696144497906
299.36905243563,0.1964513731948619,-2.482605099830538,-0.6130310404401845,2.1166004933562945
299.36905243563,-0.032708910528958676,-2.483078526619662,-0.6129987167026029,2.083795732817305
299.36905243563,-0.1308920825675633,-2.4828758571015084,-0.6130125469243036,2.0714960609343818
299.36905243563,0.03270891052880601,-2.4830785266213735,-0.6129987167038629,2.0925753756264927
299.36905243563,-0.0981492930467696,-2.4829704786362243,-0.6130060885743693,2.0754808023792903
299.4750452421123,-0.15908009115679997,-2.482968925278338,-0.6170893879713146,2.054965636608416
299.4750452421123,0.03179328945626533,-2.483275732172043,-0.61706823684297,2.079253224384394
299.4750452421123,-5.088887490341627e-14,-2.4832884973033185,-0.6170673574505252,2.0749309832479295
299.4750452421123,0.1590800911566982,-2.4829689252793554,-0.617089387972603,2.097665458682943
299.47504524211234,-0.06359224999867256,-2.483237427923249,-0.61707087594579,2.0666176047209843
299.47504524211234,-0.03179328945636711,-2.4832757321724315,-0.6170682368437063,2.070719350235755
299.47504524211234,-0.09540256328471312,-2.483173557942987,-0.6170752774944792,2.062625103123007
299.47504524211234,0.2228719412983028,-2.4826612594385566,-0.6171106324144989,2.107559883411427
299.47504524211234,-0.12722993213406797,-2.4830840778309624,-0.6170814460429974,2.058741277869471
299.47504524211234,-0.19095881743793125,-2.482828020624284,-0.6170991113219403,2.051297761673657
299.47504524211234,0.09540256328461136,-2.483173557943821,-0.6170752774961666,2.08823280676179
299.47504524211234,0.19095881743782947,-2.4828280206225877,-0.6170991113209819,2.1025543510397635
299.47504524211234,0.1272299321339662,-2.483084077834566,-0.6170814460470117,2.0928919873664675
299.47504524211234,0.06359224999857079,-2.4832374279218583,-0.6170708759447826,2.083686872608212
299.47504524211234,-0.22287194129840457,-2.482661259440754,-0.6171106324154376,2.047737309779465
299.5807023055771,-5.088887490341627e-14,-2.4834854568893916,-0.6211301623403949,2.061801065499387
299.5807023055772,0.12356569167035902,-2.4832924602365254,-0.621143578834856,2.0792214219794385
299.5807023055772,0.03087714582851383,-2.48347340541,-0.6211309997162097,2.0659972984580786
299.5807023055772,0.06175999611049594,-2.4834372423247486,-0.621133512775537,2.0702988348495026
299.5807023055772,0.21646081232952655,-2.482893232612676,-0.6211713783616039,2.0934197503397773
299.5807023055772,-0.03087714582861561,-2.4834734054116767,-0.6211309997178409,2.0577093332351057
299.5807023055772,0.18546312701780474,-2.4830506958597103,-0.6211604034021047,2.088576848203992
299.5807023055772,-0.061759996110597716,-2.4834372423258335,-0.6211335127756675,2.053721375636455
299.5807023055772,-0.0926542659332557,-2.4833769417015046,-0.6211377043061542,2.049836542083532
299.5807023055772,-0.21646081232962833,-2.482893232616288,-0.6211713783640824,2.0353180231312846
299.5807023055772,-0.1235656916704608,-2.483292460237249,-0.6211435788353342,2.0460542563122632
299.5807023055772,-0.18546312701790652,-2.483050695861108,-0.6211604034030208,2.0387953902432456
299.5807023055772,-0.15450004167327935,-2.4831837372275696,-0.6211511426788425,2.0423740156069967
299.5807023055772,0.09265426593315391,-2.483376941700128,-0.6211377043057951,2.074706555670752
299.5807023055772,0.15450004167317757,-2.4831837372275722,-0.6211511426789126,2.0838444769514584
299.68602325736066,-0.08990449202893049,-2.4835806222240673,-0.625193325732783,2.0371149579139987
299.68602325736066,-0.11989948255342579,-2.483500995750888,-0.6251989025452926,2.033434836021094
299.68602325736066,-0.14991753150788031,-2.4833985175955777,-0.6252060835154916,2.0298507795601948
299.68602325736066,-5.088887490341627e-14,-2.4836828980893353,-0.6251861668896814,2.048737208355746
299.68602325736066,0.02996050999252137,-2.483671539732507,-0.6251869616900741,2.0528074468758124
299.68602325736066,0.05992675782385207,-2.483637456217289,-0.6251893470315248,2.0569770447478444
299.68602325736066,0.0899044920288287,-2.4835806222215067,-0.6251933257313055,2.0612468850603203
299.68602325736066,0.11989948255332401,-2.4835009957495093,-0.6251989025440955,2.065617929302974
299.68602325736066,0.14991753150777853,-2.4833985175954267,-0.6252060835153762,2.0700912194218333
299.6860232573607,-0.17996448397788056,-2.4832731146784353,-0.6252148752519984,2.026362346569404
299.6860232573607,-0.21004623891137583,-2.4831246833069964,-0.6252252963500373,2.0229691659091347
299.6860232573607,-0.02996050999262315,-2.483671539731965,-0.6251869616893202,2.044765522697884
299.6860232573607,-0.05992675782395385,-2.48363745621855,-0.6251893470316483,2.0408916584555503
299.6860232573607,0.17996448397777878,-2.483273114678058,-0.6252148752519973,2.0746678801358827
299.6860232573607,0.21004623891132493,-2.4831246833044966,-0.625225296348476,2.079349121422486
299.7910102223049,0.05809255228905513,-2.48383806808742,-0.629238358025719,2.043721042484647
299.7910102223049,-0.11623133908104681,-2.4837096813012054,-0.6292473970291468,2.020882558195219
299.7910102223049,-0.14533260353091773,-2.483613262645549,-0.6292541919615577,2.0173954744616083
299.7910102223049,0.14533260353086686,-2.4836132626442193,-0.629254191960649,2.0564052436022298
299.7910102223049,-0.05809255228915691,-2.4838380680867953,-0.6292383580245757,2.028127988755767
299.7910102223049,0.02904339052362316,-2.483870133864892,-0.6292361018320713,2.0396832066876485
299.7910102223049,-0.029043390523724937,-2.483870133861567,-0.6292361018288666,2.031887453372333
299.7910102223049,-5.088887490341627e-14,-2.4838808197057056,-0.629235350080752,2.0357389470561515
299.7910102223049,0.11623133908099592,-2.4837096812997372,-0.6292473970280383,2.0520810597463233
299.791010222305,0.17446293975866903,-2.4834952729568256,-0.629262509724655,2.0608270127665866
299.791010222305,-0.2036282810533859,-2.4833556063097233,-0.6292723698648461,2.010690297637312
299.791010222305,0.20362828105328412,-2.4833556063096327,-0.6292723698655555,2.065347572311778
299.791010222305,-0.08715326729631823,-2.483784597631492,-0.6292421215120485,2.0244598883413474
299.791010222305,-0.1744629397587708,-2.483495272956514,-0.629262509724028,2.01399818276284
299.791010222305,0.08715326729621645,-2.4837845976286874,-0.629242121510132,2.0478533395639693
299.89566840196926,-0.08440053557231923,-2.4839888639676326,-0.6332841237630303,2.0118705031979482
299.89566840196926,-5.088887490341627e-14,-2.4840792185314964,-0.6332777434606477,2.022805438732906
299.89566840196926,0.08440053557221745,-2.483988863964127,-0.6332841237599247,2.0345250739405447
299.89566840196926,-0.16895838205264702,-2.483717163918278,-0.6333033425703418,2.0017020917073918
299.89566840196926,-0.1407451641462498,-2.48382796355451,-0.6332954982424204,2.005007284356907
299.89566840196926,0.16895838205254524,-2.4837171639189553,-0.6333033425713712,2.047053408847583
299.8956684019693,0.028125768699853008,-2.484069184504721,-0.6332784517540898,2.0266237330869368
299.8956684019693,-0.11256118637238004,-2.48391851274343,-0.6332890949950166,2.0083965991936776
299.8956684019693,-0.19720680774011276,-2.4835859968189813,-0.6333126386263556,1.9984806211331476
299.8956684019693,-0.028125768699954784,-2.484069184502665,-0.6332784517525146,2.0190742854770583
299.8956684019693,-0.05625734206283431,-2.484039074372006,-0.6332805775700971,2.0154295309889805
299.8956684019693,0.19720680774001098,-2.4835859968175025,-0.6333126386259211,2.051414270678889
299.8956684019693,0.05625734206278342,-2.4840390743721708,-0.6332805775701165,2.0305299824618213
299.8956684019694,0.11256118637227826,-2.4839185127406473,-0.6332890949926228,2.038609969573013
299.8956684019694,0.14074516414614802,-2.4838279635545395,-0.633295498243038,2.0427857084230094
299.99999999999994,0.08164631797729237,-2.4840912379087934,-0.6353032611578145,2.0212616281055547
299.99999999999994,-5.088887490341627e-14,-2.484178536293369,-0.6352972464716681,2.0099362145695947
300.0,0.027207651561737645,-2.484168841770532,-0.6352979141480409,2.0136285588574707
300.0,-0.05442114122583595,-2.4841397502772105,-0.6352999181165025,2.002795817069759
300.0,0.054421141225785064,-2.4841397502765634,-0.6352999181154905,2.0174034003739645
300.0,0.10888905258673347,-2.4840232647610603,-0.635307948107476,2.0252042042311102
300.0,-0.16345085309361135,-2.483828718086235,-0.6353213858005751,1.9894736225660015
300.0,-0.1907818682407402,-2.4837019799191706,-0.6353301551665093,1.9863396931059607
300.0,-0.13615524855116684,-2.483935770956429,-0.6353139839097033,1.992685752074
300.0,-0.08164631797734326,-2.4840912379125726,-0.6353032611614995,1.9993463367286028
300.0,-0.027207651561839425,-2.4841688417695917,-0.6352979141477183,2.006325549905973
300.0,0.13615524855111594,-2.4839357709590146,-0.6353139839127259,2.0292321661671466
300.0,-0.10888905258678436,-2.484023264764182,-0.6353079481103097,1.9959764969022
300.0,-0.21815755355259306,-2.483555422485774,-0.63534029410586,1.9832832655257697
300.0,0.16345085309350957,-2.483828718088478,-0.6353213858030861,2.033346628891078
300.0,0.21815755355254218,-2.483555422484766,-0.6353402941071333,2.041840424459182
300.00000000000006,0.19078186824063842,-2.4837019799177225,-0.6353301551661725,2.0375487864783004
