<?xml version="1.0"?>
<VTKFile type="UnstructuredGrid" version="0.1" byte_order="LittleEndian">
  <UnstructuredGrid>
    <Piece NumberOfPoints="549" NumberOfCells="480">
      <PointData Vectors="displacement">
        <DataArray type="Float64" Name="displacement" NumberOfComponents="3" format="ascii">
          0 -0.12 0 9.2589938702519189e-05 -0.12 0 6.0107691398077983e-05 -0.12 0 -1.1384437655197356e-05 -0.12 0 -8.3236474496338556e-05 -0.12 0 -0.00013691736512463698 -0.12 0 -0.0001638354613973292 -0.12 0 -0.00016083276890001264 -0.12 0 -0.00012858120949173915 -0.12 0 -7.2933606197629584e-05 -0.12 0 -6.6832820104730287e-06 -0.12 0 5.7197102433696997e-05 -0.12 0 0.00011345831309575068 -0.12 0 0.00016224180392944516 -0.12 0 0.00020504175954303813 -0.12 0 0.00024325782586131079 -0.12 0 0.00027795211569785455 -0.12 0 0.00030990726497136451 -0.12 0 0.00033969554833412837 -0.12 0 0.00036774630717174151 -0.12 0 0.00039438914857317235 -0.12 0 0.00041988063728273632 -0.12 0 0.00044442871762542227 -0.12 0 0.00046820096928726097 -0.12 0 0.00049133978312907323 -0.12 0 0.00051396540046617673 -0.12 0 0.0005361829840213547 -0.12 0 0.0005580860559229727 -0.12 0 0.00057975987446071521 -0.12 0 0.00060128414567564125 -0.12 0 0.00062273450364867399 -0.12 0 0.00064418486162658791 -0.12 0 0.00066570913295631784 -0.12 0 0.00068738295161238454 -0.12 0 0.00070928602365693074 -0.12 0 0.00073150360734927568 -0.12 0 0.00075412922481216474 -0.12 0 0.00077726803876076664 -0.12 0 0.00080104029057446265 -0.12 0 0.00082558837106990726 -0.12 0 0.00085107985978194077 -0.12 0 0.00087772270119464461 -0.12 0 0.00090577345994847472 -0.12 0 0.00093556174316624535 -0.12 0 0.00096751689230852847 -0.12 0 0.0010022111821252719 -0.12 0 0.0010404272483347369 -0.12 0 0.0010832272037502682 -0.12 0 0.0011320106944042736 -0.12 0 0.0011882719047853452 -0.12 0 0.0012521522890192164 -0.12 0 0.0013184026128548485 -0.12 0 0.0013740502161799421 -0.12 0 0.0014063017757668782 -0.12 0 0.0014093044682260314 -0.12 0 0.0013823863719597766 -0.12 0 0.0013287054813677106 -0.12 0 0.0012568534445778954 -0.12 0 0.0011853613158885328 -0.12 0 0.0011528790689798963 -0.12 0 0.0012454690080837601 -0.12 0 -0.0027313310971826821 -0.11354378172247544 0 -0.0029446431368972802 -0.11450588046155831 0 -0.0029767113213639753 -0.11511696780249125 0 -0.0029103709078752648 -0.1155118072053528 0 -0.0027783482502198682 -0.1157617802844207 0 -0.0025961311474872535 -0.11591072985128324 0 -0.0023722178007935133 -0.11598825283729895 0 -0.0021126613145142224 -0.1160157985812536 0 -0.0018255009253292244 -0.116010098888277 0 -0.0015288719574503451 -0.11598589592879407 0 -0.0012538372586603449 -0.11595673396942718 0 -0.0010227727672480044 -0.11593110316808559 0 -0.00083510633675563321 -0.11591093143041255 0 -0.00068051051978288975 -0.11589528874360988 0 -0.00054952201878151745 -0.11588295980907964 0 -0.00043546914953730839 -0.1158730342071865 0 -0.00033387695646316002 -0.1158648935412607 0 -0.00024168510972111913 -0.11585811771592246 0 -0.00015676039732650743 -0.11585241718860757 0 -7.7559883346487937e-05 -0.11584758658930437 0 -2.9326749043972507e-06 -0.1158434767007336 0 6.7997717169153755e-05 -0.11583997716045638 0 0.00013592666169053906 -0.11583700442466031 0 0.00020140674793079862 -0.11583449502738759 0 0.00026489964008627264 -0.11583239986227355 0 0.00032679094988115781 -0.11583068118406567 0 0.00038741414606479219 -0.11582930998874238 0 0.00044706312471868372 -0.11582826437025648 0 0.00050600375060277317 -0.11582752831843833 0 0.00056448301694942229 -0.11582709091078928 0 0.0006227345034781884 -0.11582694580294681 0 0.00068098599006631794 -0.11582709091110965 0 0.00073946525652480966 -0.1158275283189239 0 0.00079840588255020845 -0.11582826437101597 0 0.00085805486143414561 -0.11582930998980256 0 0.00091867805779962677 -0.11583068118539579 0 0.00098056936773961213 -0.11583239986373429 0 0.0010440622600295353 -0.1158344950289479 0 0.0011095423464423521 -0.11583700442615909 0 0.0011774712911870198 -0.11583997716187569 0 0.0012484016834702738 -0.1158434767021688 0 0.0013230288921712546 -0.11584758659082091 0 0.0014022294064488512 -0.11585241718991131 0 0.0014871541191175857 -0.11585811771701625 0 0.0015793459660196469 -0.11586489354201555 0 0.0016809381590594636 -0.11587303420756064 0 0.0017949910282171054 -0.11588295980924042 0 0.0019259795291414357 -0.11589528874365609 0 0.0020805753458562949 -0.11591093143036699 0 0.0022682417760499702 -0.11593110316787431 0 0.0024993062668906682 -0.1159567339691874 0 0.0027743409651711619 -0.11598589592832871 0 0.0030709699323438547 -0.11601009888764881 0 0.0033581303208687469 -0.11601579858054123 0 0.0036176868068910485 -0.11598825283653291 0 0.003841600153488999 -0.11591072985043745 0 0.0040238172560349179 -0.11576178028359013 0 0.0041558399135815782 -0.11551180720426016 0 0.0042221803270463968 -0.11511696780146577 0 0.0041901121427201753 -0.11450588046074962 0 0.003976800103136593 -0.11354378172173171 0 -0.0043611769945607554 -0.11168895661720635 0 -0.0044912638745049169 -0.11204801613591141 0 -0.0045070101692787565 -0.11239974656886319 0 -0.0044097805462770595 -0.11265553740236456 0 -0.0042206813642293494 -0.11280595966563861 0 -0.0039571040104098912 -0.11286237954871303 0 -0.0036317573165194064 -0.11284232739863584 0 -0.0032549134219226504 -0.11276514627427243 0 -0.0028396385969739969 -0.11265153028993415 0 -0.0024130103029002749 -0.11252547033047332 0 -0.0020196554340256106 -0.11241182630903591 0 -0.0016907665383460539 -0.11232331048456165 0 -0.0014246307438294569 -0.11225777646957334 0 -0.0012059984443943421 -0.11220871988283375 0 -0.001021142824777603 -0.11217092318576245 0 -0.00086045414312943156 -0.11214097087812787 0 -0.00071751231763539586 -0.11211668856652421 0 -0.00058793910530832304 -0.11209665634422133 0 -0.00046868865194974705 -0.11207992095738339 0 -0.00035756152871882805 -0.11206581932189975 0 -0.00025291942049616073 -0.1120538768090278 0 -0.0001535159825113228 -0.11204374643199096 0 -5.8363554272151312e-05 -0.11203516808980642 0 3.3322152471107927e-05 -0.11202794565862105 0 0.00012219572970123595 -0.11202192841177178 0 0.00020880359786063071 -0.11201700108054397 0 0.00029361796870761177 -0.11201307547745326 0 0.00037705478924268991 -0.11201008522629632 0 0.00045949015303409354 -0.11200798194738394 0 0.00054127331736293313 -0.11200673270064609 0 0.00062273450389167351 -0.11200631837564817 0 0.00070419569038342471 -0.11200673270019168 0 0.00078597885463935386 -0.11200798194657102 0 0.0008684142183558452 -0.11201008522502046 0 0.00095185103887922057 -0.11201307547577707 0 0.0010366654097707906 -0.11201700107850984 0 0.0011232732780203378 -0.1120219284093518 0 0.0012121468554158368 -0.11202794565588201 0 0.001303832562276033 -0.11203516808695307 0 0.0013989849906826054 -0.11204374642914143 0 0.0014983884288833609 -0.11205387680625561 0 0.0016030305372521083 -0.11206581931919973 0 0.0017141576605372926 -0.11207992095491848 0 0.0018334081138965538 -0.11209665634193101 0 0.0019629813261424966 -0.11211668856453792 0 0.0021059231516503784 -0.11214097087657024 0 0.0022666118333157141 -0.1121709231845095 0 0.0024514674528810861 -0.11220871988195669 0 0.0026700997522165503 -0.11225777646885818 0 0.002936235546762127 -0.11232331048416154 0 0.003265124442292479 -0.11241182630889555 0 0.0036584793108674534 -0.11252547033046371 0 0.00408510760433628 -0.11265153028992392 0 0.0045003824288561934 -0.11276514627412884 0 0.0048772263226327418 -0.11284232739805487 0 0.0052025730158717027 -0.11286237954780223 0 0.0054661503694871045 -0.11280595966448531 0 0.0056552495513505444 -0.11265553740084161 0 0.0057524791742267654 -0.1123997465672751 0 0.0057367328794340772 -0.11204801613407088 0 0.0056066459995608832 -0.11168895661504788 0 -0.0050826808121938009 -0.11104346340527654 0 -0.0051357859272817396 -0.1112002854649617 0 -0.005097541523657113 -0.11126480288712537 0 -0.0049742622507395421 -0.11126181708264149 0 -0.0047691010273830433 -0.11118110664080556 0 -0.0044879458060933511 -0.11102149129655199 0 -0.0041372246486152493 -0.11079253643599458 0 -0.0037247101329885416 -0.11051233151947984 0 -0.0032641360504409266 -0.11020674892707143 0 -0.0027868595978551816 -0.10991149141690285 0 -0.0023448518787615 -0.10966449521892745 0 -0.0019746883969188416 -0.10948019454441875 0 -0.001675096097398735 -0.10934722234789347 0 -0.001429067572477921 -0.10924932127733342 0 -0.0012211575546883756 -0.10917474804088952 0 -0.0010405273511069394 -0.10911614217836078 0 -0.00087992955842180944 -0.10906893099776785 0 -0.00073442036021532876 -0.10903017695742639 0 -0.00060056017969978704 -0.10899793066602079 0 -0.00047586545873205458 -0.10897084828901103 0 -0.00035848650673500691 -0.10894797480077645 0 -0.00024701636601785597 -0.10892861599528972 0 -0.00014034037849666294 -0.1089122540754444 0 -3.7573511811594246e-05 -0.10889850010076571 0 6.2022696026109222e-05 -0.10888705621779163 0 0.00015906458885237912 -0.1088776952528151 0 0.0002540846956193866 -0.10887024381250959 0 0.00034755201623740546 -0.10886457163157288 0 0.00043989054712887716 -0.10886058390386336 0 0.00053149397444869108 -0.10885821615015043 0 0.00062273450480930873 -0.10885743098721128 0 0.0007139750351227368 -0.10885821614996018 0 0.00080557846222244764 -0.10886058390341288 0 0.00089791699285898764 -0.10886457163085435 0 0.00099138431317830132 -0.10887024381148967 0 0.001086404419594534 -0.10887769525155755 0 0.0011834463120659992 -0.10888705621636562 0 0.0012830425194219053 -0.108898500099235 0 0.0013858093857001903 -0.10891225407384393 0 0.0014924853727687362 -0.10892861599355773 0 0.0016039555130578586 -0.10894797479914793 0 0.0017213344646260919 -0.10897084828747276 0 0.0018460291852162563 -0.10899793066455203 0 0.0019798893654114861 -0.10903017695612217 0 0.0021253985633516502 -0.1090689309964578 0 0.0022859963556786148 -0.10911614217704681 0 0.002466626559045794 -0.10917474803986832 0 0.0026745365767939337 -0.10924932127654313 0 0.0029205651017438828 -0.10934722234768685 0 0.0032201574011329844 -0.10948019454451351 0 0.0035903208833324113 -0.10966449521943802 0 0.0040323286028530123 -0.1099114914176605 0 0.0045096050555335542 -0.11020674892782416 0 0.0049701791377639963 -0.1105123315197698 0 0.0053826936530311405 -0.11079253643556088 0 0.0057334148102426907 -0.11102149129561374 0 0.0060145700314776498 -0.11118110663918632 0 0.0062197312546517555 -0.11126181708041734 0 0.006343010527488706 -0.11126480288441191 0 0.0063812549309955986 -0.11120028546161759 0 0.0063281498162578338 -0.11104346340183008 0 -0.0052862500577691872 -0.11104528510702814 0 -0.0052664941502845643 -0.11097445233189725 0 -0.0051801486004867106 -0.11085117104246366 0 -0.005034888993424004 -0.11064804428838078 0 -0.0048268784110576312 -0.1103540006707667 0 -0.0045499063042054996 -0.10996661105437625 0 -0.0042011672384093006 -0.10949832050572228 0 -0.0037840855992238463 -0.1089759026227374 0 -0.0033128905612801701 -0.10843910641103958 0 -0.0028225916142951969 -0.10794180729559774 0 -0.0023691950133639303 -0.10753796930837438 0 -0.0019909344631721965 -0.10724261846382387 0 -0.0016859976179347295 -0.10703232719849468 0 -0.0014364261920709618 -0.10687888309821149 0 -0.0012261037150007579 -0.10676274449502823 0 -0.0010437880420440145 -0.10667190483395321 0 -0.00088199139527241023 -0.10659899423287655 0 -0.00073562167693940622 -0.10653931786851192 0 -0.000601144221601313 -0.10648977922905008 0 -0.00047601191088181781 -0.10644825405496591 0 -0.0003583310166644536 -0.10641323861730329 0 -0.00024666309405707587 -0.10638364332096359 0 -0.00013987027398453721 -0.10635865771090657 0 -3.704997858008104e-05 -0.10633767433098774 0 6.2549881350514909e-05 -0.10632022892138251 0 0.00015955649360980883 -0.10630596793139259 0 0.00025451124680383189 -0.10629462187105262 0 0.00034789058096482064 -0.10628598849663107 0 0.0004401249283783666 -0.10627992074193671 0 0.0005316137253821748 -0.10627631864832854 0 0.0006227345045888013 -0.10627512428472985 0 0.00071385528365678827 -0.10627631864835174 0 0.00080534408063827117 -0.10627992074191853 0 0.00089757842806385336 -0.10628598849653008 0 0.00099095776213519978 -0.10629462187093916 0 0.0010859125152724387 -0.10630596793137381 0 0.001182919127302352 -0.10632022892132453 0 0.0012825189870136248 -0.10633767433069033 0 0.0013853392821025054 -0.10635865771036739 0 0.0014921321019792343 -0.10638364332064489 0 0.0016038000243005412 -0.10641323861698677 0 0.0017214809183098215 -0.10644825405471112 0 0.001846613228816142 -0.10648977922890304 0 0.0019810906840507913 -0.10653931786883572 0 0.0021274604021852168 -0.10659899423353968 0 0.0022892570487240359 -0.10667190483501052 0 0.0024715727215829588 -0.10676274449628156 0 0.002681895198483684 -0.10687888309930092 0 0.0029314666242005864 -0.10703232719941697 0 0.0032364034692549128 -0.10724261846459071 0 0.0036146640191619429 -0.10753796930875006 0 0.0040680606201756618 -0.10794180729624502 0 0.0045583595671405894 -0.10843910641174195 0 0.0050295546047299834 -0.10897590262297847 0 0.0054466362433052903 -0.10949832050533523 0 0.005795375308741634 -0.10996661105273917 0 0.0060723474151643435 -0.11035400066844271 0 0.0062803579970886021 -0.1106480442854049 0 0.0064256176037563919 -0.11085117103847117 0 0.0065119631530575761 -0.11097445232740138 0 0.0065317190604404496 -0.11104528510182382 0 -0.0051529291884813005 -0.11131649395911697 0 -0.0050565643821564778 -0.1110790950080741 0 -0.0049375281808106981 -0.11081695942870309 0 -0.004785746172273537 -0.11047345409762602 0 -0.0045860918484637242 -0.11000924859648498 0 -0.0043214820661524695 -0.10941140375884037 0 -0.0039801922718491227 -0.10869826207565597 0 -0.0035642974718360005 -0.10791637294578971 0 -0.0030933105317340935 -0.10713053975049623 0 -0.0026084932550321806 -0.10641858187018614 0 -0.0021671128180852633 -0.10585074220046312 0 -0.0018039989818404679 -0.10544061617211303 0 -0.0015143616094243921 -0.10515101575851601 0 -0.001279139592847161 -0.10494088033646515 0 -0.0010820469635483977 -0.10478246052864333 0 -0.00091195137695823224 -0.10465891193341971 0 -0.00076152386879005038 -0.10455997098215128 0 -0.00062582092613170412 -0.10447913313353951 0 -0.00050143075361661776 -0.10441212436730841 0 -0.0003859063819047996 -0.10435602136254626 0 -0.00027743569090012403 -0.10430875972362016 0 -0.0001746465047595867 -0.10426884650464405 0 -7.6456811353330605e-05 -0.10423517311664712 0 1.7989828495201707e-05 -0.1042069097448954 0 0.00010940516691036688 -0.10418342296449506 0 0.00019838171216059853 -0.10416423085130466 0 0.00028542997264800453 -0.1041489663651991 0 0.00037099853813654887 -0.10413735423400414 0 0.00045549215077834965 -0.10412919439142262 0 0.00053928600273145345 -0.10412435090806281 0 0.00062273450412672952 -0.10412274502416603 0 0.00070618300556436785 -0.10412435090806896 0 0.0007899768575696433 -0.10412919439157868 0 0.00087447047017127748 -0.10413735423445257 0 0.00096003903558242014 -0.10414896636588272 0 0.0010470872959869391 -0.10416423085240738 0 0.001136063841210704 -0.10418342296615238 0 0.001227479179373136 -0.1042069097466808 0 0.0013219258189519269 -0.10423517311842871 0 0.0014201155122898238 -0.10426884650653179 0 0.0015229046983457927 -0.10430875972570082 0 0.0016313753892027998 -0.10435602136439298 0 0.0017468997608325093 -0.10441212436891263 0 0.001871289933602632 -0.10447913313493801 0 0.0020069928766042544 -0.10455997098344946 0 0.0021574203850940133 -0.10465891193479591 0 0.0023275159719836889 -0.10478246053021194 0 0.0025246086014174005 -0.10494088033787287 0 0.0027598306180405419 -0.10515101576011854 0 0.0030494679901734907 -0.10544061617353556 0 0.0034125818258301868 -0.1058507422016777 0 0.0038539622623925815 -0.10641858187110673 0 0.0043387795389896872 -0.10713053975082615 0 0.0048097664787070957 -0.10791637294570801 0 0.0052256612782408786 -0.1086982620747473 0 0.0055669510720405893 -0.10941140375682055 0 0.005831560853965639 -0.11000924859349567 0 0.0060312151771604317 -0.11047345409361037 0 0.0061829971848584584 -0.11081695942395521 0 0.0063020333857119271 -0.11107909500206523 0 0.0063983981917873651 -0.11131649395206097 0 -0.0048205502549016604 -0.11165212377360403 0 -0.0046623304654244595 -0.11131761305468711 0 -0.0045108857373397163 -0.11098079247547615 0 -0.0043450087525772558 -0.11055843066715616 0 -0.004144578925699598 -0.10997823081747504 0 -0.0038812484660227602 -0.10919797875487261 0 -0.0035340221262499835 -0.10823857416985795 0 -0.0031092685294800099 -0.10718553294111596 0 -0.0026415397554110064 -0.10614413496391238 0 -0.0021795872415466722 -0.10521681000797355 0 -0.0017738118531805166 -0.10448630952848885 0 -0.0014483886642988153 -0.10396292377286355 0 -0.001193201331763065 -0.10359524238807061 0 -0.00098834489182839384 -0.10332935818435085 0 -0.00081810670446552148 -0.10312938717895216 0 -0.00067208847946695772 -0.10297370704328915 0 -0.00054356726953929671 -0.102849201643338 0 -0.00042806402979911882 -0.10274758448208539 0 -0.00032251403236532638 -0.10266342298818146 0 -0.00022473438412058685 -0.10259300807654707 0 -0.00013311766858146217 -0.10253372424428016 0 -4.6452152807519779e-05 -0.10248368219336662 0 3.6213443023020775e-05 -0.10244148044752226 0 0.00011562978053566551 -0.10240607078615721 0 0.00019241844849214257 -0.10237665365220242 0 0.00026709562237742799 -0.10235262106416797 0 0.00034010491681005369 -0.10233351020124518 0 0.00041183533692993441 -0.10231897409226487 0 0.00048263723995598098 -0.10230876063824482 0 0.00055283493143727745 -0.10230269859698093 0 0.00062273450368449592 -0.10230068876172334 0 0.00069263407591931697 -0.10230269859729939 0 0.00076283176721101006 -0.10230876063885769 0 0.00083363367022005032 -0.10231897409295466 0 0.00090536409042661083 -0.10233351020223173 0 0.00097837338492413948 -0.10235262106559662 0 0.0010530505589218099 -0.10237665365389732 0 0.0011298392269924872 -0.10240607078797499 0 0.001209255564586709 -0.1024414804493655 0 0.0012919211605734466 -0.10248368219522791 0 0.0013785866766103387 -0.10253372424607306 0 0.0014702033921939594 -0.10259300807829201 0 0.001567983040483791 -0.10266342298979252 0 0.0016735330376346769 -0.10274758448359374 0 0.0017890362772140093 -0.10284920164483477 0 0.0019175574870555917 -0.1029737070448232 0 0.0020635757119390591 -0.10312938718060465 0 0.0022338138992678731 -0.10332935818605017 0 0.0024386703394729654 -0.10359524238976647 0 0.0026938576720941278 -0.10396292377453482 0 0.0030192808614615788 -0.10448630953004295 0 0.0034250562498600672 -0.10521681000886712 0 0.0038870087638026188 -0.10614413496436818 0 0.0043547375377200005 -0.10718553294071487 0 0.0047794911340626927 -0.10823857416842048 0 0.0051267174734677158 -0.1091979787522659 0 0.0053900479325821576 -0.10997823081381711 0 0.0055904777589154495 -0.11055843066249614 0 0.0057563547427958977 -0.1109807924696342 0 0.0059077994702629788 -0.11131761304745386 0 0.0060660192591708061 -0.11165212376487525 0 -0.0044164071034716807 -0.11194714083581976 0 -0.0042131508052652899 -0.11157478898038148 0 -0.0040158435010783557 -0.11120927246914589 0 -0.0037980747617339565 -0.11076823834231173 0 -0.0035483359975663556 -0.11014927204252355 0 -0.0032481376178326001 -0.10923758294918288 0 -0.0028569697596075652 -0.10802927062513536 0 -0.0024081783311865178 -0.10669969965169046 0 -0.0019613498237325464 -0.10540603985042205 0 -0.0015539896848640387 -0.10426728408241785 0 -0.0012148694037917632 -0.10337678535749475 0 -0.00095203789912998789 -0.10274176238696409 0 -0.00075037078058436092 -0.10229702258904459 0 -0.00059080591693306899 -0.10197608045327312 0 -0.00045954805808853626 -0.10173505260472779 0 -0.00034780695349692517 -0.10154761076542373 0 -0.00025002086704372598 -0.10139782710316925 0 -0.00016253904627287758 -0.10127565782698089 0 -8.2889391717017965e-05 -0.1011745274210523 0 -9.3257526000432408e-06 -0.10108995137404474 0 5.9428938665505215e-05 -0.1010187701654352 0 0.00012433220670325304 -0.10095870314976152 0 0.00018613181019090042 -0.10090805958776917 0 0.00024541563986962774 -0.10086557551653147 0 0.00030266841868124042 -0.1008302872405881 0 0.00035829148012101922 -0.10080146221518578 0 0.00041262870578768324 -0.10077854296122836 0 0.00046598090659041093 -0.1007611116413258 0 0.00051861843584499322 -0.1007488647236212 0 0.00057079111435457113 -0.10074159605770823 0 0.00062273450343203825 -0.10073918622309144 0 0.00067467789243273778 -0.10074159605780307 0 0.00072685057098613763 -0.10074886472411552 0 0.00077948810036956829 -0.10076111164198491 0 0.00083284030115084423 -0.10077854296204687 0 0.00088717752696275669 -0.10080146221611086 0 0.00094280058843508509 -0.10083028724126383 0 0.0010000533675907858 -0.10086557551701834 0 0.0010593371975373283 -0.1009080595882874 0 0.0011211368012678314 -0.10095870315026442 0 0.0011860400695771513 -0.10101877016655267 0 0.0012547947610731746 -0.10108995137522933 0 0.0013283584002110815 -0.10117452742229507 0 0.0014080080549819681 -0.10127565782832938 0 0.0014954898757522999 -0.10139782710502915 0 0.0015932759620620066 -0.10154761076727188 0 0.0017050170663554115 -0.10173505260672264 0 0.0018362749252449078 -0.10197608045532232 0 0.0019958397888853651 -0.10229702259091848 0 0.0021975069074966075 -0.10274176238864681 0 0.0024603384124766039 -0.10337678535857103 0 0.0027994586940791092 -0.10426728408272418 0 0.0032068188332855965 -0.1054060398503688 0 0.0036536473408036044 -0.10669969965114098 0 0.0041024387687987928 -0.10802927062354245 0 0.004493606626307693 -0.10923758294622256 0 0.00479380500574857 -0.11014927203843219 0 0.0050435437694802228 -0.110768238337158 0 0.0052613125082058834 -0.11120927246228315 0 0.0054586198115480948 -0.11157478897201829 0 0.0056618761087226912 -0.11194714082558872 0 -0.0040345094020247697 -0.11217796903784595 0 -0.0038067683582669373 -0.11178813919862887 0 -0.0035578589559722407 -0.1114087279036943 0 -0.0032408045420626763 -0.11097687407923489 0 -0.0028362061191421206 -0.11039351489600498 0 -0.0023596824617918579 -0.10947840649308818 0 -0.0018608010482713917 -0.10803627843726438 0 -0.0014259683177345924 -0.10643359215000639 0 -0.0010600876615056705 -0.10488637089222819 0 -0.00075744508909049554 -0.10353349799636405 0 -0.00052105095851383049 -0.10248112157123743 0 -0.00034572107251754878 -0.10173326376292617 0 -0.00021510354865576976 -0.10121066053032166 0 -0.00011377228314347866 -0.10083409109978063 0 -3.1556210944807724e-05 -0.10055159040895109 0 3.773028837944346e-05 -0.10033207424622727 0 9.7893873679180847e-05 -0.10015677155045802 0 0.00015138618858258766 -0.1000138608905831 0 0.00019984538276078542 -0.099895610337977239 0 0.00024441645338744598 -0.099796750779994919 0 0.00028592970419176071 -0.099713572275225523 0 0.00032500350474781432 -0.099643398252798845 0 0.00036211763688331054 -0.099584245380207631 0 0.0003976475709919563 -0.099534631489172992 0 0.00043190126260699387 -0.099493426902276194 0 0.00046513274878327664 -0.099459773128797974 0 0.00049755889142128547 -0.099433016992368506 0 0.00052936881060635125 -0.099412669019517771 0 0.00056073202871803976 -0.099398373691340053 0 0.00059180485725346941 -0.099389889575784748 0 0.00062273450418232946 -0.099387076824382053 0 0.00065366415096595738 -0.099389889576235707 0 0.00068473697974396795 -0.099398373691849742 0 0.00071610019851445791 -0.099412669019847244 0 0.00074791011778183513 -0.099433016992875239 0 0.00078033626065824972 -0.099459773129306581 0 0.00081356774715921152 -0.099493426902709348 0 0.00084782143846369852 -0.099534631489325023 0 0.00088335137223025258 -0.099584245380488198 0 0.0009204655038784357 -0.099643398253313767 0 0.00095953930440471913 -0.099713572275790377 0 0.0010010525549267947 -0.099796750781029772 0 0.0010456236251067017 -0.099895610339006638 0 0.0010940828190097094 -0.10001386089177951 0 0.0011475751341724905 -0.10015677155186428 0 0.0012077387198879354 -0.10033207424840014 0 0.0012770252192888904 -0.10055159041129727 0 0.0013592412920463755 -0.10083409110189975 0 0.001460572558366 -0.10121066053192847 0 0.0015911900823799114 -0.10173326376425688 0 0.0017665199684108353 -0.10248112157188374 0 0.0020029140990065401 -0.10353349799633237 0 0.0023055566713491935 -0.10488637089198292 0 0.0026714373277225826 -0.10643359214890739 0 0.0031062700585201141 -0.10803627843551279 0 0.0036051514721251333 -0.10947840648963893 0 0.0040816751285827598 -0.11039351489116808 0 0.0044862735512819869 -0.11097687407328299 0 0.0048033279649827287 -0.11140872789594018 0 0.0050522373663653931 -0.11178813918899717 0 0.0052799784094942088 -0.112177969026207 0
        </DataArray>
        <DataArray type="Float64" Name="displacement_magnitude" format="ascii">
          0.12 0.1200000357203978 0.12000001505389307 0.12000000054002258 0.12000002886795773 0.12000007810982821 0.12000011184185792 0.1200001077798664 0.12000006888801121 0.12000002216379342 0.12000000018610942 0.12000001363128475 0.12000005363660805 0.1200001096766288 0.12000017517538529 0.12000024655962105 0.12000032190531248 0.12000040017646975 0.12000048080347661 0.12000056348762049 0.12000064809325203 0.12000073458004148 0.12000082298419895 0.1200009133804724 0.12000100589071112 0.12000110066342257 0.12000119787815601 0.12000129774317365 0.12000140049812766 0.12000150641814393 0.12000161581521322 0.12000172904644311 0.12000184652183357 0.12000196871435971 0.12000209617612249 0.12000222955231943 0.12000236960530286 0.1200025172469481 0.12000267357666296 0.12000283995038803 0.12000301803258002 0.12000320994515186 0.12000341839114728 0.12000364692698 0.12000390030718544 0.12000418504057922 0.12000451028548501 0.12000488898863639 0.12000533924876945 0.12000588314795113 0.12000653267782924 0.12000724222083257 0.12000786646714699 0.12000824006994071 0.12000827529418195 0.12000796220285294 0.12000735585061532 0.12000658182191987 0.12000585436323181 0.12000553791449664 0.12000646313032517 0.11357662848228761 0.11454373655281355 0.11515544748873388 0.1155484654275772 0.11579511644977949 0.11593979986006582 0.11601250886668898 0.11603503289212208 0.1160244607731326 0.11599597192949128 0.11596351262672114 0.11593561465702733 0.11591393974694972 0.11589728662713482 0.11588426273037203 0.11587385248519189 0.1158653745911596 0.1158583697985122 0.11585252324513845 0.11584761255244702 0.11584347673785515 0.1158399971176821 0.11583708417487092 0.11583467012482916 0.11583270276425801 0.1158311421677676 0.11582995787873164 0.11582912713330576 0.11582863357630641 0.11582846640585669 0.11582861983249476 0.1158290927653719 0.11582988873920549 0.11583101604991324 0.11583248814930554 0.11583432424478801 0.11583655025283247 0.11583920020707227 0.11584231816846791 0.11584596129130031 0.11585020328514412 0.11585514112186505 0.11586090287950275 0.11586766187467495 0.11587565701726563 0.11588522601937272 0.11589686090201672 0.11591129086556706 0.11592960285804926 0.11595329060649781 0.11598366559398189 0.11601907180325192 0.11605073847351173 0.11606438971335113 0.11604465715363306 0.11597437297179225 0.11583169203519458 0.11558654164296761 0.11519437088034208 0.11458251917225443 0.11361340284813479 0.11177407076338451 0.11213799254126094 0.11249007142592919 0.11274181243834021 0.11288489131528646 0.11293172888762024 0.11290075515224428 0.11281211227364848 0.11268731438820154 0.11255133980462487 0.11242996798987825 0.11233603504529803 0.11226681589253772 0.1122152006191324 0.11217557105276896 0.11214427194833247 0.11211898447207297 0.11209819818331608 0.11208090091922787 0.11206638974525547 0.11205416224382762 0.11204385160138496 0.11203518329174833 0.11202795061437479 0.11202199505850838 0.1120171956889703 0.11201346030468476 0.11201071985625419 0.11200892442625375 0.11200804054655215 0.11200804950685196 0.1120089463468992 0.11201073958555635 0.11201345158225859 0.11201711966455104 0.11202179790466983 0.11202755994578768 0.11203450320270246 0.11204275464135233 0.1120524799943397 0.1120638946101523 0.11207728390082838 0.11209302840830893 0.11211164858458324 0.11213387155701159 0.11216074296054049 0.11219382129720004 0.11223549576769355 0.11228952671740547 0.1123616818907025 0.11245923586671287 0.11258492769443038 0.11272557553989535 0.11285491418733891 0.11294767898992872 0.1129822264038802 0.11293831650811575 0.11279739338548773 0.11254685266606784 0.11219477716770504 0.11182959138404486 0.11115972476251294 0.11131882044191736 0.11138151233977868 0.11137295553890228 0.11128334465895409 0.11111216489326811 0.11086975582959628 0.11057508256133569 0.11025507740340282 0.10994681683389504 0.10968956122601409 0.10949800177057435 0.10936005203974244 0.10925866754488965 0.10918157736342282 0.109121103280056 0.10907248042023995 0.10903265043386413 0.1089995851460184 0.10897188731393741 0.10894856458791062 0.10892889607323838 0.10891234449416647 0.10889850658280516 0.1088870738820331 0.10887781144525409 0.10887054030741204 0.10886512641305229 0.108861472668633 0.10885951363678668 0.10885921219354358 0.10886055752062924 0.10886356454044113 0.10886827458582909 0.10887475754475701 0.10888311530193261 0.1088934872094723 0.10890605824273382 0.10892107029908873 0.10893884015749337 0.10895978104843843 0.10898444278350243 0.10901356205953075 0.10904815197417417 0.10908963758195904 0.109140085499965 0.10920260920028661 0.10928205408613964 0.10938621821631822 0.10952754179288694 0.10972325148198735 0.10998543367017219 0.11029897572959309 0.11062403942451646 0.11092321452602907 0.11116943633431065 0.1113436730406253 0.1114355284319877 0.11144545815536347 0.11138322989229391 0.11122363168126898 0.11117103842356799 0.11109934757233958 0.11097214092288504 0.11076253794500908 0.11045951393718294 0.11006069777246333 0.10957888482613319 0.10904158223477224 0.10848970017054976 0.10797870524164034 0.10756406429649365 0.1072610974911871 0.10704560548426686 0.10688853527168582 0.10676978478216868 0.106677011461611 0.10660264293291317 0.10654185746052773 0.10649147597168043 0.10644931835709362 0.10641384192923696 0.10638392927939808 0.1063587496812525 0.10633768078543053 0.10632024732092585 0.10630608767189639 0.10629492657076728 0.10628655784511189 0.10628083205764306 0.10627764825490861 0.10627694877064349 0.10627871609504888 0.10628297197574361 0.10628977842539258 0.10629924099433764 0.10631151406981797 0.1063268092982414 0.10634540816138704 0.10636767946551071 0.10639410709425569 0.10642532371326718 0.10646217303741469 0.1065057888597486 0.10655773539380071 0.10662022162500456 0.10669646657206917 0.10679134929429618 0.10691252599396239 0.10707246407126275 0.10729144198191008 0.10759870184635636 0.10801843768352289 0.10853487200582325 0.10909190516264186 0.10963369938050983 0.11011921685788356 0.11052094311333535 0.11082613681238067 0.11103724907520941 0.11116534861850369 0.11123721812967931 0.1114356967339085 0.11119412840237404 0.1109269024247911 0.11057706555468776 0.11010480014606891 0.10949671447001534 0.10877110879635675 0.10797521829680415 0.10717518890712716 0.10645054628475638 0.10587292383964474 0.10545604748463383 0.10516191994316089 0.10494867585582147 0.1047880473148919 0.1046628850280807 0.10456274408407162 0.10448100742320328 0.10441332840061632 0.1043567348969668 0.10430912867837842 0.10426899276779576 0.10423520115729329 0.10420691129773833 0.10418348040879334 0.10416441976100865 0.10414935748821814 0.10413801508946557 0.10413019061591168 0.10412574744710427 0.10412460722437383 0.10412674558663605 0.10413219093092528 0.10414102575620741 0.10415339106352521 0.10416949352319534 0.10418961686269661 0.1042141388876225 0.10424355521038034 0.10427851686647127 0.10431987631431619 0.10436877205690474 0.10442673687329158 0.10449588980741636 0.10457923098047017 0.10468114591507578 0.10480830771158012 0.10497124375122029 0.105187227268452 0.10548470407636332 0.10590573799074354 0.10648834486730176 0.10721836388973345 0.10802350393935958 0.10882380122870802 0.10955293796277898 0.11016370490365252 0.1106379664305443 0.1109893145764875 0.11125772319831312 0.11150023015760953 0.11175613830083889 0.111415206778796 0.11107242857082057 0.11064377837295845 0.11005629826690143 0.10926693303010117 0.10829625224684677 0.10723062073241704 0.10617699901351829 0.10523938287921265 0.10450136500244225 0.10397301260002571 0.10360211375672421 0.10333408483368436 0.10313263207387909 0.1029759003124584 0.10285063803423153 0.10274847617223762 0.10266392957096147 0.10259325422140513 0.10253381065636727 0.1024836927209079 0.10244148684831522 0.10240613606667126 0.10237683447871559 0.10235296956501386 0.10233407536819195 0.10231980291047434 0.10230989904226798 0.10230419232214358 0.10230258412857941 0.10230504328845673 0.10231160450195345 0.10232237001032987 0.10233751508829253 0.10235729702115985 0.10238206937178841 0.10241230331806132 0.10244861744151659 0.10249182492558911 0.10254299151572806 0.10260354187145251 0.10267539622906893 0.10276121267307664 0.1028647603884881 0.10299155969917745 0.10315003075601077 0.10335350109056594 0.10362394201543915 0.10399781915457285 0.10452992363973262 0.10527254209316286 0.10621528244308297 0.10727395867966977 0.10834404678390615 0.10931825920509837 0.110110235081271 0.11069968397482847 0.11112997758081716 0.1114742708841978 0.11181678465623868 0.11203422241894867 0.11165430657043446 0.111281756286203 0.1108333343239068 0.11020641006697153 0.10928586334272146 0.10806704209890286 0.10672687210180831 0.10542428624410893 0.10427886369664896 0.10338392359800344 0.10274617323550678 0.10229977461799149 0.10197779187766283 0.10173609051317248 0.10154820639402205 0.10139813534615991 0.1012757882577533 0.10117456137549856 0.10108995180420452 0.10101878764633722 0.10095877970825168 0.10090823125404359 0.1008658740760095 0.1008307415086846 0.10080209897370319 0.10077938769330259 0.10076218912568856 0.10075019954412261 0.10074321306545013 0.10074111096842471 0.10074385522964714 0.10075148661409752 0.10076412665739312 0.10078198422595354 0.10080536627020593 0.10083469491254152 0.10087053301691906 0.10091361991907458 0.10096492801716034 0.10102573244975477 0.10109773874295433 0.10118324730489801 0.1012854449328419 0.10140885479872978 0.10156010920057459 0.10174933912359915 0.10199261194141199 0.10231649039832134 0.10276526054719881 0.10340605889490216 0.10430485846290843 0.10545480986644018 0.10676223604128314 0.10810713813299432 0.10932996857424249 0.11025353825174809 0.11088300121331539 0.11133365928998891 0.11170823633196185 0.11209022785280935 0.11225049667405018 0.11185293715779451 0.11146552387832744 0.11102418382712034 0.11042994248049182 0.10950383367529348 0.1080523023313958 0.10644314408921358 0.10489172791403585 0.10353626867154382 0.10248244616811268 0.10173385119475764 0.10121088911041468 0.1008341552850584 0.10055159536061033 0.10033208134054193 0.10015681939149795 0.10001397546352711 0.099895810237336763 0.099797050084895311 0.099713982227581113 0.099643928277863336 0.099584903761204421 0.09953542580044647 0.09949436434019375 0.099460860740825857 0.09943426186710029 0.099414078444261769 0.099399955296223919 0.09939165147473783 0.099389027754366935 0.099392039051417927 0.099400732176961534 0.099415248131984296 0.099435829748887275 0.099462834242810688 0.099496753159708615 0.099538242233360996 0.099588163140245267 0.099647649607064598 0.099718188971099797 0.099801771390435209 0.099901082545526168 0.10001984496936134 0.1001633456728603 0.1003393430106157 0.1005596993216069 0.10084325195686732 0.10122119875553497 0.10174570674975003 0.1024963456491499 0.1035528699372671 0.10491170759479328 0.10646711283356899 0.10808092510647799 0.10953774967858149 0.11046894677637621 0.1110675165359082 0.11151222628452373 0.1119022482604559 0.1123021589589861
        </DataArray>
        <DataArray type="Float64" Name="stress_2d" NumberOfComponents="3" format="ascii">
          -2857.4712131531287 -16969.444523424267 -3531.8076516488572 -2506.6007685510067 -16661.690384950634 -2506.4492707431309 -2037.6851108296678 -16163.369976593251 -919.44199672335139 -1874.6715996929679 -15876.020037206683 -45.686241586520396 -1805.2983893752571 -15754.985417059495 432.77798175789985 -1757.9204956930889 -15760.811997081793 676.68479049789653 -1707.2295019428648 -15859.463417193885 776.52403914193974 -1646.648596880691 -16020.528740974833 786.80006634174083 -1578.6655440198679 -16214.366261160936 742.98752358187903 -1510.8281165594349 -16410.248513866783 671.46303492430536 -1451.3610868473052 -16581.547852475393 593.27352516317228 -1404.4070347482141 -16715.630574335679 521.92868919229181 -1369.185273625571 -16815.099999071987 461.88637680710372 -1342.7777449651885 -16888.965482906202 412.00873245534831 -1322.4979976224063 -16945.296082702975 369.81404674572559 -1306.4897810084863 -16989.542883839909 333.22439545421679 -1293.5540423031553 -17025.170037601529 300.76884059762284 -1282.9102310280041 -17054.406867055768 271.43032623943952 -1274.0357162785558 -17078.733919734328 244.49483014262836 -1266.5692605521567 -17099.168238881939 219.44746445933959 -1260.2536758057122 -17116.430569470045 195.90575471940886 -1254.9013255497912 -17131.044827128011 173.5777726417526 -1250.3725118042421 -17143.399924183504 152.23468410298824 -1246.5617042143217 -17153.788960040871 131.6928841719477 -1243.3883584942478 -17162.435212108212 111.8013203729337 -1240.7907762294772 -17169.509453654398 92.432932528713451 -1238.7218967117458 -17175.141767216184 73.478544647517197 -1237.1463163812796 -17179.429908870479 54.841947930942652 -1236.038260061473 -17182.44499557792 36.436252272877489 -1235.3801956812263 -17184.235371742878 18.181017166279268 -1235.161947698271 -17184.829095701443 -4.0905635643184723e-06 -1235.3801814830435 -17184.235364614749 -18.181023248571208 -1236.0382363886142 -17182.444983569352 -36.436257671984656 -1237.1462857674496 -17179.429893031953 -54.841955051115264 -1238.72186322937 -17175.141749105387 -73.478551654170872 -1240.7907473722871 -17169.509436488879 -92.432937312031783 -1243.3883332842779 -17162.43519576429 -111.80132294707943 -1246.56167722486 -17153.788942447798 -131.69288435997697 -1250.3724800778189 -17143.399904424186 -152.23468212637761 -1254.9012993568308 -17131.044810055653 -173.57777174058435 -1260.2536549485069 -17116.43055491399 -195.90575586686737 -1266.5692402563384 -17099.16822418895 -219.44746374938364 -1274.0357015509142 -17078.733907445428 -244.4948272868441 -1282.91022291182 -17054.406858309598 -271.43032328914165 -1293.5540399814067 -17025.170032270424 -300.76883715436594 -1306.4897846908198 -16989.542882638289 -333.22439361465115 -1322.4980059544862 -16945.296084932623 -369.81404723859885 -1342.7777562721906 -16888.96548718671 -412.00873408245138 -1369.1852872606989 -16815.100004761403 -461.88637854802028 -1404.4070495357028 -16715.630581078447 -521.92869120284945 -1451.3611013396617 -16581.547859493661 -593.27352699110918 -1510.8281281986574 -16410.248520112098 -671.46303588387218 -1578.6655527570406 -16214.366266936671 -742.98752384472755 -1646.6486037948207 -16020.528746443943 -786.80006573825312 -1707.2295068945314 -15859.463422029237 -776.52403785327056 -1757.9205002037186 -15760.812001993156 -676.68478901488334 -1805.298394045652 -15754.985421867294 -432.77797964909348 -1874.6716022203573 -15876.02004157492 45.686244363208004 -2037.6851111244837 -16163.369980964573 919.44199954954831 -2506.600768414598 -16661.690388592215 2506.449274075349 -2857.4712132089176 -16969.444526504951 3531.807655385925 -1693.5499379913849 -10146.356150637686 -3087.3177141808146 -1405.2275981236821 -10923.780942548736 -2510.9071451326345 -938.91560890537187 -12198.10186798026 -1507.6908337654875 -655.33423221810472 -13066.680967270222 -778.60430611544484 -482.80768905670283 -13748.599922453843 -268.55474163543317 -367.66477870431777 -14335.99344513285 76.077801803584833 -279.47611218409833 -14868.751289874152 296.33441013997509 -203.25593343974163 -15360.119332526385 422.55676488552206 -133.97301938373602 -15805.682633530665 478.02430376441293 -72.76459510380721 -16188.365260726088 483.31365906665638 -22.742168949502968 -16491.323077002453 458.99373582309465 15.05546960934015 -16714.040206553596 422.89758845718353 42.552475348958751 -16872.83174199381 385.65725700094742 62.720284148560609 -16987.792922027271 351.10920488834267 77.966089086802924 -17073.986936977813 319.80627542722965 89.862319665740984 -17140.880395079839 291.35966699945971 99.391369038209234 -17194.260808429695 265.25125062502059 107.17852815854957 -17237.762799359916 241.02848751661668 113.63574238701659 -17273.759445242165 218.3300758743284 119.0442164523771 -17303.860285359249 196.87254424468674 123.6022077227293 -17329.19463185178 176.43194372143208 127.45320968831885 -17350.57683162918 156.82903468332546 130.70336208250222 -17368.607417660402 137.91778985469631 133.43240952200858 -17383.736516992838 119.5772699780922 135.70093596599474 -17396.305462569057 101.70521439060354 137.55518270657399 -17406.574338771061 84.213584976032138 139.03030648539715 -17414.740648489016 67.025257472205396 140.15269156477075 -17420.952439107794 50.071119331425379 140.94150661141009 -17425.317201461159 33.287886241209421 141.40977144637634 -17427.907901704697 16.616348232548905 141.56503803337972 -17428.766847454692 -1.6078941866837226e-06 141.40977889355048 -17427.907899669 -16.616350002735256 140.94151887462584 -17425.317198451914 -33.287887214171718 140.15270991960324 -17420.952434673047 -50.07112149299217 139.03032841007314 -17414.740643667737 -67.025259938766112 137.55520172744792 -17406.574336073299 -84.213585361765738 135.70095367102499 -17396.305461229145 -101.70521291308692 133.43242836273055 -17383.736515774795 -119.57726772499235 130.70338426920347 -17368.607415266124 -137.91778720744188 127.45323084759667 -17350.576829891121 -156.82903378838802 123.60222576709009 -17329.194631603277 -176.43194481573789 119.04423254569446 -17303.860285413175 -196.87254396596532 113.63575358577691 -17273.75944649673 -218.33007355790011 107.17853250833099 -17237.762802742112 -241.02848480335652 99.391367295934231 -17194.260813468969 -265.25124790585471 89.862314084308935 -17140.880400978785 -291.35966552318399 77.966080980014738 -17073.986943440217 -319.80627570848617 62.720273309490437 -16987.792928977906 -351.10920578766519 42.552463459600347 -16872.831748615492 -385.65725777137629 15.055456999718558 -16714.040212954176 -422.89758986685678 -22.742182059426057 -16491.323082833973 -458.99373723628247 -72.764606964541599 -16188.365265341741 -483.31365996716067 -133.97302967163478 -15805.682637419455 -478.02430448029247 -203.25594178175209 -15360.119335775866 -422.55676491848442 -279.47611903265181 -14868.751293032417 -296.33440930973899 -367.66478424779467 -14335.993448655159 -76.077800539807015 -482.80769376250186 -13748.599925751583 268.55474366782227 -655.33423560260735 -13066.680970752846 778.60430847244356 -938.91561080554584 -12198.101872274332 1507.6908360007335 -1405.2275993934202 -10923.780946756429 2510.9071481732608 -1693.5499393751188 -10146.356154756026 3087.3177177447888 -346.28177971048979 -2633.5887273830967 -1596.9696459504908 -121.15676405414 -3991.9415022680932 -1617.450965106329 313.17128497605074 -6470.614308326034 -1506.6565523583765 689.70408126760481 -8506.8875992669618 -1186.9832970787888 985.72781528297912 -10190.419220464053 -806.12105214587189 1214.2788568154667 -11617.49754781545 -443.8858607317095 1392.7665967835701 -12852.292836544861 -139.47882476661033 1533.0967548880824 -13928.476534210307 90.389469748354344 1641.4088113917819 -14852.30859288948 242.4302745838109 1720.7967459721008 -15608.911438788153 323.86027670446811 1774.9562381791957 -16185.134888471468 352.08181434609224 1809.8208284075254 -16596.095141822636 349.19276553869196 1832.0023342262507 -16882.52910834214 332.53680605679131 1846.6234892649763 -17086.543489031494 311.21559863816901 1856.7887961534143 -17237.715997982908 288.88620107185119 1864.2111435147556 -17354.013568757604 266.83954600456235 1869.845278810496 -17446.192257583418 245.48352926664117 1874.2496215666138 -17520.910025856239 224.90366061801168 1877.7685175427923 -17582.467742795438 205.06908712873883 1880.6246381827928 -17633.758271241401 185.9097802538931 1882.9680193859012 -17676.797740893133 167.34586450432641 1884.9031371212623 -17713.031930447236 149.29909450192878 1886.5047486323197 -17743.522068508435 131.6966531594702 1887.8274368524303 -17769.060491244054 114.47227751868839 1888.9116516169324 -17790.246030615937 97.565725801800227 1889.7876348443706 -17807.533716477486 80.922139421590288 1890.4779704453033 -17821.268294469621 64.491319421529724 1890.9993609229807 -17831.707699118706 48.226652957888227 1891.3637990560737 -17839.038925087898 32.084255750915872 1891.5793587412509 -17843.388769518293 16.022213891024482 1891.6507022030969 -17844.830699127269 2.7323076605689778e-06 1891.5793528662903 -17843.388772949373 -16.022208144391531 1891.363789329575 -17839.038931065006 -32.084249053314878 1890.99935393636 -17831.707704981221 -48.226646055949075 1890.4779664069767 -17821.268300287935 -64.49131336256437 1889.7876314081259 -17807.533722978267 -80.922132840749498 1888.9116490370061 -17790.246037336172 -97.565718911682907 1887.827434519186 -17769.060498313564 -114.47227228468816 1886.5047480069393 -17743.522075166449 -131.69664942544455 1884.9031394064309 -17713.031936273066 -149.29909290912812 1882.9680213888521 -17676.797747108336 -167.34586441589261 1880.6246371684765 -17633.758278581663 -185.90977954178757 1877.7685141014235 -17582.467750648386 -205.06908552128505 1874.2496145678431 -17520.910034451306 -224.90365815218775 1869.8452683989035 -17446.192267086146 -245.48352679180374 1864.2111335260345 -17354.013577613609 -266.83954415091921 1856.7887881052491 -17237.716005325296 -288.88619961814214 1846.6234810547894 -17086.543495333513 -311.21559703756873 1832.0023263909811 -16882.529112933706 -332.53680392495346 1809.8208217097331 -16596.095144590057 -349.19276342058208 1774.9562319012884 -16185.134889600704 -352.08181220322638 1720.7967378063372 -15608.91143919479 -323.86027460149126 1641.408801386292 -14852.308593324593 -242.43027265092661 1533.0967444306461 -13928.476534817963 -90.38946725024374 1392.7665863458114 -12852.292838140333 139.47882754878839 1214.2788495198733 -11617.49754963502 443.88586357171732 985.72780995903167 -10190.419222327899 806.12105557158827 689.70407568273981 -8506.8876028497871 1186.9833003287058 313.17127968565666 -6470.6143136603396 1506.6565556172527 -121.15676794448731 -3991.9415081110305 1617.4509691352919 -346.2817826168951 -2633.5887334668269 1596.9696501798151 42.500695217281461 -1123.5277870100249 -234.84406884245521 156.82811858254462 -2025.4266782805344 -374.15803200274752 392.6148959735275 -3890.9384660800088 -541.84240867397239 650.27469104613544 -5805.6925883920121 -501.74766522151612 926.4200057571901 -7665.1422165481054 -313.98666539799945 1199.0913562460428 -9427.7843266541458 -66.783975859327697 1448.0032618209079 -11072.490518335711 169.0306554871585 1656.4727337060458 -12574.37948235902 350.37889172344353 1813.6460174154663 -13895.518969266377 460.11725611627293 1918.1450299582341 -14987.439962434441 502.49399262987492 1979.0775085136593 -15819.180557102818 497.26799024891864 2011.1696449066953 -16409.805217804918 468.41175644410833 2027.4151675126295 -16819.078495658316 432.52996343753415 2035.7821899746516 -17109.027527756884 396.80629764028743 2040.2461507490912 -17322.946532518454 363.26959909274183 2042.6799505280774 -17486.95286346558 332.14899428752381 2043.9966799561455 -17616.591949298287 303.19365536744544 2044.6703232131051 -17721.442143710869 276.07187414641464 2044.9627386790976 -17807.668059122399 250.47832094804772 2045.026502721779 -17879.403617897275 226.1550735932521 2044.954614486981 -17939.522629198291 202.88869263300512 2044.8058316793404 -17990.081525367317 180.50281180085241 2044.6184011987823 -18032.587028159571 158.85029747003585 2044.417803224964 -18068.162351481904 137.80705734351619 2044.2213130262501 -18097.655264849836 117.26661607586234 2044.040819956391 -18121.709243580241 97.13621770426154 2043.8845390935046 -18140.811346685725 77.333829881572015 2043.7581338877335 -18155.325708695356 57.78536176301067 2043.6654348925524 -18165.516152241587 38.422553466489759 2043.6089000793697 -18171.561489573116 19.181241232052514 2043.5899017715597 -18173.565299174981 3.3834468449178701e-06 2043.6088873384294 -18171.561493437817 -19.181234002655025 2043.6654177749167 -18165.516156549536 -38.422545109736994 2043.7581151169666 -18155.325712303355 -57.785353183028342 2043.8845192312906 -18140.811349319803 -77.333823113014716 2044.0407991004781 -18121.709245181206 -97.136212255577647 2044.22128878837 -18097.655266799928 -117.26661058922669 2044.4177774610916 -18068.162353906679 -137.80705301409441 2044.618377510468 -18032.587029997649 -158.85029600997811 2044.8058102914056 -17990.08152638613 -180.50281321991611 2044.9545943821674 -17939.522629830564 -202.88869505611814 2045.0264837697339 -17879.403618377255 -226.15507627120971 2044.9627228635482 -17807.668058633448 -250.47832535176093 2044.670310216562 -17721.442141586456 -276.07187862481015 2043.9966669303558 -17616.591946614393 -303.19365887355201 2042.6799415003475 -17486.95285930625 -332.14899828516008 2040.246147856386 -17322.94652625372 -363.26960203657893 2035.7821892794057 -17109.027521951386 -396.80629977646015 2027.415165984276 -16819.078491850101 -432.52996505668091 2011.1696445066773 -16409.805215028086 -468.41175649614047 1979.0775108307525 -15819.180554712497 -497.26798963547458 1918.1450299926173 -14987.439961042441 -502.49399163806817 1813.6460129091945 -13895.518968688582 -460.11725410357496 1656.4727258211235 -12574.379482350634 -350.37888855871785 1448.0032535594091 -11072.490518906308 -169.03065181539546 1199.0913503837646 -9427.7843280059533 66.783979725419073 926.42000014645816 -7665.1422192735981 313.98666948316514 650.274684319573 -5805.6925928993842 501.74766965332094 392.61488819660127 -3890.938472660338 541.84241367653976 156.8281118225996 -2025.4266861827643 374.15803760259394 42.500690423407775 -1123.5277951268927 234.8440747131167 219.46711755458591 81.812969633146082 215.06809539040299 170.21666430336316 -751.99231525306254 85.700001398128336 140.6797273123903 -2401.5596928306572 -44.846748057419539 239.90012221257064 -4092.2975784170703 40.259240790803439 441.0968204442546 -5902.9165842294788 255.12079862488861 700.50959290581204 -7804.7760603090273 505.79470333552513 962.0785107489146 -9721.2404885469678 709.50308702885673 1174.0889865064569 -11553.301051131473 821.89688621786195 1308.9115439280743 -13197.263020143426 841.44276195521593 1370.3216243576505 -14560.992469280733 795.11364699203216 1383.3420754372362 -15595.763968324418 718.68495539834385 1374.3575673269606 -16326.059678527126 639.4754190063569 1359.1359114914644 -16829.184727446482 569.37094636250754 1343.9129021059791 -17184.005347353912 509.76128114458675 1330.3692893751008 -17444.912570561559 458.68341854419458 1318.68909118379 -17644.450028928819 414.0313462271356 1308.6784729859887 -17801.878352448402 374.20270105656817 1300.0894528693993 -17929.016570155218 338.05158995085014 1292.7014905465787 -18033.44811193872 304.75754674893085 1286.3348801113755 -18120.246165826746 273.72114644168005 1280.8469733575598 -18192.930710035536 244.49282633018706 1276.1252812933801 -18254.016573406981 216.72692647176751 1272.081037192273 -18305.343914122372 190.15089441874662 1268.644104527443 -18348.283003904697 164.54498602495528 1265.7590050380961 -18383.867118994 139.72767389646737 1263.3820619058256 -18412.879934825774 115.54573770414194 1261.4792119954207 -18435.914249028352 91.867143356794685 1260.0243756547211 -18453.4130194596 68.575247392050386 1258.9983112370924 -18465.697044467292 45.564499671084334 1258.3878125146121 -18472.983684220053 22.737036886666004 1258.1851554250723 -18475.398827099783 1.6010023626833458e-06 1258.3878050382812 -18472.983686450181 -22.73703354688881 1258.9983047488247 -18465.697044665045 -45.564496582275943 1260.0243651091528 -18453.413019272957 -68.575245102709047 1261.479198541399 -18435.91424789009 -91.867143643704367 1263.3820458738123 -18412.879932278596 -115.5457401218631 1265.7589819382367 -18383.867116703321 -139.72767346228812 1268.6440767329946 -18348.283001842668 -164.54498263420047 1272.0810141907373 -18305.34390971862 -190.15089481317102 1276.1252627330355 -18254.016566903862 -216.72693064314251 1280.8469553222353 -18192.930703021069 -244.49282946132706 1286.3348656020885 -18120.246158110946 -273.72114907039332 1292.7014841394991 -18033.448102843071 -304.75755251354917 1300.0894526654104 -17929.016560172779 -338.05159775106301 1308.6784712788894 -17801.878343856468 -374.20270922433258 1318.6890920005749 -17644.450019661159 -414.03135563255421 1330.3692936069097 -17444.912559670462 -458.68342602148027 1343.9129060673747 -17184.005337403643 -509.76128777480335 1359.1359132586986 -16829.184719903089 -569.37095334004539 1374.3575671503813 -16326.05967304502 -639.47542433053411 1383.3420778618283 -15595.763964161386 -718.68496008026364 1370.3216278313728 -14560.99246708463 -795.11365066404937 1308.9115432956005 -13197.26302044807 -841.44276374149547 1174.0889821055027 -11553.301052417215 -821.89688671505132 962.07850695023296 -9721.2404886982295 -709.50308594652984 700.50959033526897 -7804.7760608512217 -505.79470155616798 441.09681635829486 -5902.9165872075901 -255.12079701632601 239.90011633258797 -4092.2975828209819 -40.25923835106299 140.6797201223531 -2401.5596987401782 44.846751438764137 170.21665805514172 -751.99232310377784 -85.699996894409793 219.46711301153925 81.812961015280848 -215.06809005579564 99.746758427556657 577.63658659960674 301.10267565207175 -34.268769588546398 11.05182004633231 161.80668356701159 -205.20879559038062 -1201.0378110719473 64.384675347001291 -203.15681778278301 -2624.0327285641988 262.72179636978495 -63.538769518784235 -4348.3270685038688 617.10648654866282 162.25370843783898 -6379.7483036233061 971.89102240150123 382.3245459206438 -8586.3421560792522 1192.1946092526002 506.60525825393631 -10757.458084355227 1234.7017120379996 509.50877450520483 -12702.253324650381 1148.5457744266346 433.39374546202168 -14294.417533019368 1008.0219078285596 335.13595310134269 -15487.122004647126 865.79130990277395 247.71752589723525 -16321.285778247746 745.38878810185122 179.51976668073166 -16892.599391281379 649.81205644746103 127.72719143693374 -17294.020428306751 573.64906895524791 87.797497488154846 -17588.493128627957 511.0721431368172 56.261344023187235 -17813.338416929058 457.94224788671187 30.799286107228482 -17990.529735048367 411.55697272081397 9.8778133196201168 -18133.50571631411 370.13887878836476 -7.5381396697772232 -18250.868902176608 332.48255384096529 -22.167187821651765 -18348.364290049831 297.74109466117665 -34.522210140574259 -18429.972684088847 265.29828696153157 -44.977879060995463 -18498.535135083257 234.69174106784112 -53.813293735565566 -18556.128727958472 205.56423718772464 -61.239333641647505 -18604.299082944061 177.6326997405111 -67.416950132705665 -18644.211022210613 150.66680363726914 -72.469376897443368 -18676.747578014525 124.47467110249011 -76.490583361638386 -18702.576443880789 98.892791418677376 -79.551244531395497 -18722.196389908957 73.778108594091748 -81.70280133280167 -18735.968547695167 49.002208682565261 -82.980224268573579 -18744.137563351502 24.446774720074014 -83.403813447690254 -18746.845108087953 -1.5877355430404805e-08 -82.980226108308642 -18744.137562674608 -24.446775552035518 -81.702802791805055 -18735.968545629494 -49.002210340899985 -79.551246392299618 -18722.196387103741 -73.778111039599054 -76.490585817908112 -18702.576440389916 -98.892797232474948 -72.469378922123212 -18676.747573207747 -124.47467946552351 -67.416957359501055 -18644.211017956739 -150.66680753948546 -61.239347591733463 -18604.299079659537 -177.63269825195135 -53.813301270149367 -18556.128721337071 -205.5642374595117 -44.977879015407211 -18498.535125778533 -234.69174394280168 -34.522212972022089 -18429.972676126876 -265.29828752171363 -22.167191701338709 -18348.364282631475 -297.7410931765059 -7.5381376559153068 -18250.868893658957 -332.48255383802757 9.8778207432609406 -18133.505707690856 -370.1388803969154 30.799293764693203 -17990.52972845039 -411.55697562035641 56.261350713380381 -17813.33841234072 -457.94225184836841 87.797502152501096 -17588.493124626963 -511.07214498868711 127.72719498574708 -17294.020423909147 -573.64906998228162 179.51976776696409 -16892.59938721091 -649.81205829731914 247.71752393697625 -16321.285774181266 -745.38878979800518 335.13595287700286 -15487.122000007255 -865.79131235608952 433.39374765178724 -14294.417529459926 -1008.0219102863211 509.50877527131843 -12702.253323709116 -1148.545776388657 506.60525558640171 -10757.458085814207 -1234.7017134440198 382.32454340634933 -8586.3421571517883 -1192.1946094084203 162.25370707390795 -6379.7483042446947 -971.89102226285183 -63.538771925977251 -4348.3270706472349 -617.10648678108225 -203.15682270814295 -2624.0327325969897 -262.72179640794826 -205.20880070098957 -1201.0378158047465 -64.384674264482783 -34.26877248087699 11.051814529328851 -161.8066806827448 99.746756354478833 577.63657997341011 -301.10267199820998 -51.925888386636252 604.14736654355352 145.33482566677091 -186.5167885426078 341.98581494844217 22.543520854221683 -356.25444136460862 -312.72313615370535 -54.031475659761504 -377.42297098136243 -1292.5748355273308 190.05355956020802 -313.37113892150279 -2789.6383424714486 678.82209312973168 -187.45778645214298 -4933.8706714622913 1195.5592578266619 -127.4130792254816 -7506.3018752251683 1461.6296521000691 -266.91514602245627 -10068.624525702831 1429.6688689671355 -546.64931855501936 -12305.885294528847 1258.1204216511483 -840.3524934563975 -14092.712268415471 1066.6504618418126 -1080.5881168493333 -15413.35226627564 899.94160638469623 -1254.371072162437 -16330.822201052089 768.1765951754835 -1375.2939645075414 -16956.944422107059 666.8782643089969 -1460.9967082509916 -17395.961749543851 587.43185503034829 -1524.1536220902944 -17717.600128496077 522.71962322045044 -1572.4836274682621 -17962.983389120323 468.05157874643635 -1610.6053803377004 -18156.250684765295 420.46774769917999 -1641.3728040471165 -18312.136180287009 378.05903613134478 -1666.6248260177827 -18440.058897683448 339.54722999085993 -1687.5951034045665 -18546.302898073656 304.0424271770346 -1705.1408857582373 -18635.219270537789 270.90152890920336 -1719.8752173585644 -18709.911567167394 239.64451626487866 -1732.2468527125293 -18772.647771012224 209.9021030684907 -1742.5900085891099 -18825.114955129833 181.38263655699464 -1751.1567348015192 -18868.584183568124 153.84948039779204 -1758.1381103897838 -18904.018808123601 127.1059455494966 -1763.6786790752385 -18932.147126737906 100.98473966374164 -1767.8864245070613 -18953.51309921336 75.339727026733385 -1770.839546985479 -18968.510536272224 50.039886934285576 -1772.5910146688466 -18977.406203849961 24.964612541843998 -1773.1714905957165 -18980.354570597028 -1.6200985539782664e-06 -1772.5910192685865 -18977.406205383249 -24.964617326752297 -1770.8395498447621 -18968.510536531401 -50.039891241840685 -1767.8864225107591 -18953.513097572686 -75.33973085942641 -1763.6786758721805 -18932.147125695526 -100.98474673643105 -1758.138106329689 -18904.018808909183 -127.10595217560066 -1751.1567307956 -18868.584187196731 -153.8494826202224 -1742.5900065900432 -18825.114961350053 -181.38263661860739 -1732.2468490578165 -18772.647777032493 -209.90210372905463 -1719.8752073364976 -18709.911570374086 -239.64451939573448 -1705.1408786593861 -18635.219273258896 -270.90153146264282 -1687.5951026594921 -18546.302901079365 -304.04242694107637 -1666.6248269303846 -18440.058899707194 -339.54723010472276 -1641.3728040703022 -18312.136180262889 -378.05903847287288 -1610.6053784953272 -18156.250682171863 -420.46775075092569 -1572.4836273350857 -17962.983386806376 -468.05158123906523 -1524.1536216017821 -17717.600125896126 -522.71962456681035 -1460.9967034489339 -17395.961744788143 -587.43185475831069 -1375.2939608852216 -16956.944418436076 -666.87826363638237 -1254.371069287741 -16330.822198422286 -768.17659415965284 -1080.5881129724276 -15413.352264309271 -899.94160537600715 -840.35249029289866 -14092.712267965753 -1066.6504620069072 -546.64931580397104 -12305.885294101798 -1258.1204231069905 -266.91514578739253 -10068.624525239626 -1429.6688702498111 -127.41308043863681 -7506.3018748333125 -1461.6296524607453 -187.45778748249938 -4933.8706715014787 -1195.5592577979214 -313.37113984047318 -2789.6383431188874 -678.82209352246787 -377.42297361951665 -1292.5748374761872 -190.05356006278433 -356.25444437959118 -312.72313935921011 54.031476140430968 -186.51679088440665 341.98581087053606 -22.543518557622516 -51.925891273377644 604.14736165522902 -145.33482241773922 -66.408321377296375 351.38170280634517 -14.434592204272473 -88.046259656917954 326.85722732809666 -131.09355122349598 -44.715973238090697 164.56308495047995 -266.60964253799801 79.104302999338842 -256.48460618677984 -164.83925246539582 114.31388618679335 -1210.3523067551669 255.57927530233809 -87.488344636408456 -3287.6093217078633 908.3873636505416 -629.78005415343409 -6318.1883883244209 1310.8457795940308 -1359.2489394195393 -9349.1183150997404 1298.8982406873308 -2013.8455227202921 -11883.651514413357 1160.7756809704381 -2510.0532065600732 -13861.720681774048 1010.3864101900708 -2854.9797132229482 -15309.492603289715 873.67359597664972 -3082.3711123921112 -16310.413762953453 759.92354499583428 -3231.2499598659679 -16991.589318623432 668.65472435062338 -3332.3647479643996 -17468.335854140423 594.70141318886101 -3404.6788837521508 -17817.176311096478 532.96390821671321 -3458.8411389663611 -18083.073278537842 479.81896219848556 -3500.8911177407972 -18292.358180287822 432.87680710790113 -3534.4211231522681 -18461.077304984799 390.5479504848887 -3561.6815967302909 -18599.476374951548 351.74299066417791 -3584.1494480000229 -18714.38459547381 315.68898986313559 -3602.8335302347818 -18810.527135739663 281.81839254757313 -3618.4452606651848 -18891.272364025965 249.70171037921372 -3631.4995477524471 -18959.080621117653 219.00449785735196 -3642.3763167464631 -19015.781359795365 189.4597861141782 -3651.3597891568761 -19062.752430287903 160.84884183830394 -3658.6641470688924 -19101.037881070402 132.98828409802098 -3664.4505131641445 -19131.426822269415 105.72096780890195 -3668.8387667784436 -19154.508539495539 78.908706660807582 -3671.9154096861284 -19170.709587240075 52.426908825423645 -3673.7388913452569 -19180.318882445179 26.16037505363478 -3674.3430329247135 -19183.503726159222 -4.8089363264836038e-06 -3673.738893579568 -19180.318883178494 -26.160385577894644 -3671.9153962990276 -19170.709582248139 -52.426917233501506 -3668.8387541763605 -19154.50853630963 -78.908714568334744 -3664.4505054660681 -19131.426822729431 -105.72097774915045 -3658.6641354769213 -19101.037881543492 -132.9882901841633 -3651.3597799113786 -19062.752433584144 -160.84884363264916 -3642.3763113041514 -19015.781366382929 -189.45978909046241 -3631.4995467542867 -18959.080629802986 -219.00450232386436 -3618.4452543563752 -18891.272369972961 -249.70171666848233 -3602.8335229860286 -18810.52714014519 -281.8183988523773 -3584.1494516161151 -18714.384602085069 -315.68899170276478 -3561.6816031818657 -18599.476381098102 -351.74299090727629 -3534.4211251857269 -18461.077308685224 -390.54795352353636 -3500.8911172047124 -18292.358181059855 -432.87681181602238 -3458.8411414581506 -18083.073277565836 -479.81896626054413 -3404.6788820189659 -17817.176306964506 -532.9639113186538 -3332.3647370224917 -17468.335846906903 -594.70141477250502 -3231.249951426129 -16991.589314564706 -668.65472624367294 -3082.3711061134113 -16310.41376177321 -759.92354636671678 -2854.9797063084111 -15309.492603072651 -873.67359540977907 -2510.0532020218416 -13861.720683328414 -1010.3864100921128 -2013.8455199221626 -11883.651516032995 -1160.7756813625192 -1359.2489378868097 -9349.1183151975238 -1298.8982406870909 -629.78005316007443 -6318.1883865293394 -1310.845779544718 -87.488344240695497 -3287.6093206559181 -908.38736382386639 114.31388646354019 -1210.3523078168091 -255.57927594727528 79.104304327359145 -256.48460669905342 164.83925240440996 -44.71597291851694 164.56308356096173 266.60964289439767 -88.046260593454249 326.85722406667338 131.09355225694085 -66.4083222374271 351.3816994180425 14.434594109387376 -20.469297209477485 182.97000935354157 -66.046297715449967 40.085527564572338 242.98924318637941 -183.83993313264457 250.04100546137147 282.13413085057277 -373.00487038644644 512.08502278451488 153.75828280298578 -405.91161982306846 567.16626250078798 -423.90931713251098 -108.13295134025999 115.64305184112831 -2389.1702379810031 587.52343263374803 -905.49127186310318 -5672.4108873992027 1096.9790410809587 -2032.7463556620714 -8960.8174656166811 1142.3607024601472 -2878.0040298765189 -11648.932807437122 1067.9515905932881 -3453.2616896745221 -13728.406009072387 965.72013342939294 -3831.0761478017903 -15244.186385465771 856.76298648143677 -4072.0645563535641 -16289.50531398004 757.62510736459785 -4226.0283894420718 -16999.781380250512 673.84959220943676 -4328.5717860832465 -17496.366809697949 603.70576726392164 -4400.8492221102397 -17859.452341657343 543.83131932828564 -4454.4184829507922 -18136.05305057123 491.47040533387661 -4495.6902658928411 -18353.668718932575 444.68057499996075 -4528.4112266717748 -18529.043509086696 402.11548223271694 -4554.8971585325289 -18672.862138415905 362.82532477535131 -4576.6514025220822 -18792.242668394785 326.12123251994711 -4594.6923744960259 -18892.108149354215 291.48843752024129 -4609.7332732794075 -18975.966743040215 258.53174874356301 -4622.287510833341 -19046.380158322638 226.93965934321432 -4632.7322366494818 -19105.252761830296 196.460941979371 -4641.3484658074449 -19154.018481370491 166.8878713190249 -4648.3474390980882 -19193.763710364332 138.04493788243843 -4653.8876119129873 -19225.309414961946 109.78074363106414 -4658.0866794746726 -19249.268609961477 81.961390014384108 -4661.0294055838349 -19266.08497004323 54.465577445927138 -4662.7730056689761 -19276.058987229495 27.180734671272194 -4663.350599501563 -19279.364672404099 -7.4343814215893644e-06 -4662.7730027007192 -19276.058983739487 -27.180748986004403 -4661.0293769612399 -19266.084957665902 -54.465588369772732 -4658.0866583662373 -19249.268604093857 -81.961401480624318 -4653.8876022082441 -19225.309415361276 -109.780756927242 -4648.347421674448 -19193.763707190519 -138.04494694560205 -4641.3484566979769 -19154.018480903171 -166.88787641343021 -4632.7322382435395 -19105.252765987509 -196.46094872803201 -4622.2875186914298 -19046.380164548351 -226.93966793987411 -4609.7332747146665 -18975.966746899794 -258.53175760258171 -4594.6923727724807 -18892.108153721223 -291.48844594530158 -4576.6514139698593 -18792.242677281043 -326.12123537699313 -4554.8971698470741 -18672.862145931736 -362.82532374397181 -4528.4112268492281 -18529.043513325749 -402.11548265584793 -4495.6902608109831 -18353.668720687841 -444.68057774308102 -4454.4184820124556 -18136.053049582613 -491.47040817478478 -4400.8492163263945 -17859.452335854425 -543.83132045334753 -4328.5717699699662 -17496.366801253374 -603.70576741400669 -4226.0283786987939 -16999.781377175274 -673.84959438731585 -4072.0645509491223 -16289.5053146803 -757.62511003105078 -3831.0761415618804 -15244.186385616373 -856.76298696514777 -3453.2616851749226 -13728.406009742597 -965.72013353855743 -2878.0040278253709 -11648.932809014703 -1067.9515898265345 -2032.7463542247656 -8960.8174668829088 -1142.3607010481603 -905.49126927421912 -5672.4108858667187 -1096.9790405863012 115.64305339679746 -2389.1702371548554 -587.52343322258503 567.16626293498382 -423.90931980240094 108.13295042876469 512.08502610109906 153.75828197228654 405.91162005152739 250.04100781074442 282.13413012711919 373.00487067193251 40.08552867179894 242.98924059437829 183.83993325823383 -20.469294702934342 182.97000711465375 66.046298339680831
        </DataArray>
        <DataArray type="Float64" Name="sigma_xx" format="ascii">
          -2857.4712131531287 -2506.6007685510067 -2037.6851108296678 -1874.6715996929679 -1805.2983893752571 -1757.9204956930889 -1707.2295019428648 -1646.648596880691 -1578.6655440198679 -1510.8281165594349 -1451.3610868473052 -1404.4070347482141 -1369.185273625571 -1342.7777449651885 -1322.4979976224063 -1306.4897810084863 -1293.5540423031553 -1282.9102310280041 -1274.0357162785558 -1266.5692605521567 -1260.2536758057122 -1254.9013255497912 -1250.3725118042421 -1246.5617042143217 -1243.3883584942478 -1240.7907762294772 -1238.7218967117458 -1237.1463163812796 -1236.038260061473 -1235.3801956812263 -1235.161947698271 -1235.3801814830435 -1236.0382363886142 -1237.1462857674496 -1238.72186322937 -1240.7907473722871 -1243.3883332842779 -1246.56167722486 -1250.3724800778189 -1254.9012993568308 -1260.2536549485069 -1266.5692402563384 -1274.0357015509142 -1282.91022291182 -1293.5540399814067 -1306.4897846908198 -1322.4980059544862 -1342.7777562721906 -1369.1852872606989 -1404.4070495357028 -1451.3611013396617 -1510.8281281986574 -1578.6655527570406 -1646.6486037948207 -1707.2295068945314 -1757.9205002037186 -1805.298394045652 -1874.6716022203573 -2037.6851111244837 -2506.600768414598 -2857.4712132089176 -1693.5499379913849 -1405.2275981236821 -938.91560890537187 -655.33423221810472 -482.80768905670283 -367.66477870431777 -279.47611218409833 -203.25593343974163 -133.97301938373602 -72.76459510380721 -22.742168949502968 15.05546960934015 42.552475348958751 62.720284148560609 77.966089086802924 89.862319665740984 99.391369038209234 107.17852815854957 113.63574238701659 119.0442164523771 123.6022077227293 127.45320968831885 130.70336208250222 133.43240952200858 135.70093596599474 137.55518270657399 139.03030648539715 140.15269156477075 140.94150661141009 141.40977144637634 141.56503803337972 141.40977889355048 140.94151887462584 140.15270991960324 139.03032841007314 137.55520172744792 135.70095367102499 133.43242836273055 130.70338426920347 127.45323084759667 123.60222576709009 119.04423254569446 113.63575358577691 107.17853250833099 99.391367295934231 89.862314084308935 77.966080980014738 62.720273309490437 42.552463459600347 15.055456999718558 -22.742182059426057 -72.764606964541599 -133.97302967163478 -203.25594178175209 -279.47611903265181 -367.66478424779467 -482.80769376250186 -655.33423560260735 -938.91561080554584 -1405.2275993934202 -1693.5499393751188 -346.28177971048979 -121.15676405414 313.17128497605074 689.70408126760481 985.72781528297912 1214.2788568154667 1392.7665967835701 1533.0967548880824 1641.4088113917819 1720.7967459721008 1774.9562381791957 1809.8208284075254 1832.0023342262507 1846.6234892649763 1856.7887961534143 1864.2111435147556 1869.845278810496 1874.2496215666138 1877.7685175427923 1880.6246381827928 1882.9680193859012 1884.9031371212623 1886.5047486323197 1887.8274368524303 1888.9116516169324 1889.7876348443706 1890.4779704453033 1890.9993609229807 1891.3637990560737 1891.5793587412509 1891.6507022030969 1891.5793528662903 1891.363789329575 1890.99935393636 1890.4779664069767 1889.7876314081259 1888.9116490370061 1887.827434519186 1886.5047480069393 1884.9031394064309 1882.9680213888521 1880.6246371684765 1877.7685141014235 1874.2496145678431 1869.8452683989035 1864.2111335260345 1856.7887881052491 1846.6234810547894 1832.0023263909811 1809.8208217097331 1774.9562319012884 1720.7967378063372 1641.408801386292 1533.0967444306461 1392.7665863458114 1214.2788495198733 985.72780995903167 689.70407568273981 313.17127968565666 -121.15676794448731 -346.2817826168951 42.500695217281461 156.82811858254462 392.6148959735275 650.27469104613544 926.4200057571901 1199.0913562460428 1448.0032618209079 1656.4727337060458 1813.6460174154663 1918.1450299582341 1979.0775085136593 2011.1696449066953 2027.4151675126295 2035.7821899746516 2040.2461507490912 2042.6799505280774 2043.9966799561455 2044.6703232131051 2044.9627386790976 2045.026502721779 2044.954614486981 2044.8058316793404 2044.6184011987823 2044.417803224964 2044.2213130262501 2044.040819956391 2043.8845390935046 2043.7581338877335 2043.6654348925524 2043.6089000793697 2043.5899017715597 2043.6088873384294 2043.6654177749167 2043.7581151169666 2043.8845192312906 2044.0407991004781 2044.22128878837 2044.4177774610916 2044.618377510468 2044.8058102914056 2044.9545943821674 2045.0264837697339 2044.9627228635482 2044.670310216562 2043.9966669303558 2042.6799415003475 2040.246147856386 2035.7821892794057 2027.415165984276 2011.1696445066773 1979.0775108307525 1918.1450299926173 1813.6460129091945 1656.4727258211235 1448.0032535594091 1199.0913503837646 926.42000014645816 650.274684319573 392.61488819660127 156.8281118225996 42.500690423407775 219.46711755458591 170.21666430336316 140.6797273123903 239.90012221257064 441.0968204442546 700.50959290581204 962.0785107489146 1174.0889865064569 1308.9115439280743 1370.3216243576505 1383.3420754372362 1374.3575673269606 1359.1359114914644 1343.9129021059791 1330.3692893751008 1318.68909118379 1308.6784729859887 1300.0894528693993 1292.7014905465787 1286.3348801113755 1280.8469733575598 1276.1252812933801 1272.081037192273 1268.644104527443 1265.7590050380961 1263.3820619058256 1261.4792119954207 1260.0243756547211 1258.9983112370924 1258.3878125146121 1258.1851554250723 1258.3878050382812 1258.9983047488247 1260.0243651091528 1261.479198541399 1263.3820458738123 1265.7589819382367 1268.6440767329946 1272.0810141907373 1276.1252627330355 1280.8469553222353 1286.3348656020885 1292.7014841394991 1300.0894526654104 1308.6784712788894 1318.6890920005749 1330.3692936069097 1343.9129060673747 1359.1359132586986 1374.3575671503813 1383.3420778618283 1370.3216278313728 1308.9115432956005 1174.0889821055027 962.07850695023296 700.50959033526897 441.09681635829486 239.90011633258797 140.6797201223531 170.21665805514172 219.46711301153925 99.746758427556657 -34.268769588546398 -205.20879559038062 -203.15681778278301 -63.538769518784235 162.25370843783898 382.3245459206438 506.60525825393631 509.50877450520483 433.39374546202168 335.13595310134269 247.71752589723525 179.51976668073166 127.72719143693374 87.797497488154846 56.261344023187235 30.799286107228482 9.8778133196201168 -7.5381396697772232 -22.167187821651765 -34.522210140574259 -44.977879060995463 -53.813293735565566 -61.239333641647505 -67.416950132705665 -72.469376897443368 -76.490583361638386 -79.551244531395497 -81.70280133280167 -82.980224268573579 -83.403813447690254 -82.980226108308642 -81.702802791805055 -79.551246392299618 -76.490585817908112 -72.469378922123212 -67.416957359501055 -61.239347591733463 -53.813301270149367 -44.977879015407211 -34.522212972022089 -22.167191701338709 -7.5381376559153068 9.8778207432609406 30.799293764693203 56.261350713380381 87.797502152501096 127.72719498574708 179.51976776696409 247.71752393697625 335.13595287700286 433.39374765178724 509.50877527131843 506.60525558640171 382.32454340634933 162.25370707390795 -63.538771925977251 -203.15682270814295 -205.20880070098957 -34.26877248087699 99.746756354478833 -51.925888386636252 -186.5167885426078 -356.25444136460862 -377.42297098136243 -313.37113892150279 -187.45778645214298 -127.4130792254816 -266.91514602245627 -546.64931855501936 -840.3524934563975 -1080.5881168493333 -1254.371072162437 -1375.2939645075414 -1460.9967082509916 -1524.1536220902944 -1572.4836274682621 -1610.6053803377004 -1641.3728040471165 -1666.6248260177827 -1687.5951034045665 -1705.1408857582373 -1719.8752173585644 -1732.2468527125293 -1742.5900085891099 -1751.1567348015192 -1758.1381103897838 -1763.6786790752385 -1767.8864245070613 -1770.839546985479 -1772.5910146688466 -1773.1714905957165 -1772.5910192685865 -1770.8395498447621 -1767.8864225107591 -1763.6786758721805 -1758.138106329689 -1751.1567307956 -1742.5900065900432 -1732.2468490578165 -1719.8752073364976 -1705.1408786593861 -1687.5951026594921 -1666.6248269303846 -1641.3728040703022 -1610.6053784953272 -1572.4836273350857 -1524.1536216017821 -1460.9967034489339 -1375.2939608852216 -1254.371069287741 -1080.5881129724276 -840.35249029289866 -546.64931580397104 -266.91514578739253 -127.41308043863681 -187.45778748249938 -313.37113984047318 -377.42297361951665 -356.25444437959118 -186.51679088440665 -51.925891273377644 -66.408321377296375 -88.046259656917954 -44.715973238090697 79.104302999338842 114.31388618679335 -87.488344636408456 -629.78005415343409 -1359.2489394195393 -2013.8455227202921 -2510.0532065600732 -2854.9797132229482 -3082.3711123921112 -3231.2499598659679 -3332.3647479643996 -3404.6788837521508 -3458.8411389663611 -3500.8911177407972 -3534.4211231522681 -3561.6815967302909 -3584.1494480000229 -3602.8335302347818 -3618.4452606651848 -3631.4995477524471 -3642.3763167464631 -3651.3597891568761 -3658.6641470688924 -3664.4505131641445 -3668.8387667784436 -3671.9154096861284 -3673.7388913452569 -3674.3430329247135 -3673.738893579568 -3671.9153962990276 -3668.8387541763605 -3664.4505054660681 -3658.6641354769213 -3651.3597799113786 -3642.3763113041514 -3631.4995467542867 -3618.4452543563752 -3602.8335229860286 -3584.1494516161151 -3561.6816031818657 -3534.4211251857269 -3500.8911172047124 -3458.8411414581506 -3404.6788820189659 -3332.3647370224917 -3231.249951426129 -3082.3711061134113 -2854.9797063084111 -2510.0532020218416 -2013.8455199221626 -1359.2489378868097 -629.78005316007443 -87.488344240695497 114.31388646354019 79.104304327359145 -44.71597291851694 -88.046260593454249 -66.4083222374271 -20.469297209477485 40.085527564572338 250.04100546137147 512.08502278451488 567.16626250078798 115.64305184112831 -905.49127186310318 -2032.7463556620714 -2878.0040298765189 -3453.2616896745221 -3831.0761478017903 -4072.0645563535641 -4226.0283894420718 -4328.5717860832465 -4400.8492221102397 -4454.4184829507922 -4495.6902658928411 -4528.4112266717748 -4554.8971585325289 -4576.6514025220822 -4594.6923744960259 -4609.7332732794075 -4622.287510833341 -4632.7322366494818 -4641.3484658074449 -4648.3474390980882 -4653.8876119129873 -4658.0866794746726 -4661.0294055838349 -4662.7730056689761 -4663.350599501563 -4662.7730027007192 -4661.0293769612399 -4658.0866583662373 -4653.8876022082441 -4648.347421674448 -4641.3484566979769 -4632.7322382435395 -4622.2875186914298 -4609.7332747146665 -4594.6923727724807 -4576.6514139698593 -4554.8971698470741 -4528.4112268492281 -4495.6902608109831 -4454.4184820124556 -4400.8492163263945 -4328.5717699699662 -4226.0283786987939 -4072.0645509491223 -3831.0761415618804 -3453.2616851749226 -2878.0040278253709 -2032.7463542247656 -905.49126927421912 115.64305339679746 567.16626293498382 512.08502610109906 250.04100781074442 40.08552867179894 -20.469294702934342
        </DataArray>
        <DataArray type="Float64" Name="sigma_yy" format="ascii">
          -16969.444523424267 -16661.690384950634 -16163.369976593251 -15876.020037206683 -15754.985417059495 -15760.811997081793 -15859.463417193885 -16020.528740974833 -16214.366261160936 -16410.248513866783 -16581.547852475393 -16715.630574335679 -16815.099999071987 -16888.965482906202 -16945.296082702975 -16989.542883839909 -17025.170037601529 -17054.406867055768 -17078.733919734328 -17099.168238881939 -17116.430569470045 -17131.044827128011 -17143.399924183504 -17153.788960040871 -17162.435212108212 -17169.509453654398 -17175.141767216184 -17179.429908870479 -17182.44499557792 -17184.235371742878 -17184.829095701443 -17184.235364614749 -17182.444983569352 -17179.429893031953 -17175.141749105387 -17169.509436488879 -17162.43519576429 -17153.788942447798 -17143.399904424186 -17131.044810055653 -17116.43055491399 -17099.16822418895 -17078.733907445428 -17054.406858309598 -17025.170032270424 -16989.542882638289 -16945.296084932623 -16888.96548718671 -16815.100004761403 -16715.630581078447 -16581.547859493661 -16410.248520112098 -16214.366266936671 -16020.528746443943 -15859.463422029237 -15760.812001993156 -15754.985421867294 -15876.02004157492 -16163.369980964573 -16661.690388592215 -16969.444526504951 -10146.356150637686 -10923.780942548736 -12198.10186798026 -13066.680967270222 -13748.599922453843 -14335.99344513285 -14868.751289874152 -15360.119332526385 -15805.682633530665 -16188.365260726088 -16491.323077002453 -16714.040206553596 -16872.83174199381 -16987.792922027271 -17073.986936977813 -17140.880395079839 -17194.260808429695 -17237.762799359916 -17273.759445242165 -17303.860285359249 -17329.19463185178 -17350.57683162918 -17368.607417660402 -17383.736516992838 -17396.305462569057 -17406.574338771061 -17414.740648489016 -17420.952439107794 -17425.317201461159 -17427.907901704697 -17428.766847454692 -17427.907899669 -17425.317198451914 -17420.952434673047 -17414.740643667737 -17406.574336073299 -17396.305461229145 -17383.736515774795 -17368.607415266124 -17350.576829891121 -17329.194631603277 -17303.860285413175 -17273.75944649673 -17237.762802742112 -17194.260813468969 -17140.880400978785 -17073.986943440217 -16987.792928977906 -16872.831748615492 -16714.040212954176 -16491.323082833973 -16188.365265341741 -15805.682637419455 -15360.119335775866 -14868.751293032417 -14335.993448655159 -13748.599925751583 -13066.680970752846 -12198.101872274332 -10923.780946756429 -10146.356154756026 -2633.5887273830967 -3991.9415022680932 -6470.614308326034 -8506.8875992669618 -10190.419220464053 -11617.49754781545 -12852.292836544861 -13928.476534210307 -14852.30859288948 -15608.911438788153 -16185.134888471468 -16596.095141822636 -16882.52910834214 -17086.543489031494 -17237.715997982908 -17354.013568757604 -17446.192257583418 -17520.910025856239 -17582.467742795438 -17633.758271241401 -17676.797740893133 -17713.031930447236 -17743.522068508435 -17769.060491244054 -17790.246030615937 -17807.533716477486 -17821.268294469621 -17831.707699118706 -17839.038925087898 -17843.388769518293 -17844.830699127269 -17843.388772949373 -17839.038931065006 -17831.707704981221 -17821.268300287935 -17807.533722978267 -17790.246037336172 -17769.060498313564 -17743.522075166449 -17713.031936273066 -17676.797747108336 -17633.758278581663 -17582.467750648386 -17520.910034451306 -17446.192267086146 -17354.013577613609 -17237.716005325296 -17086.543495333513 -16882.529112933706 -16596.095144590057 -16185.134889600704 -15608.91143919479 -14852.308593324593 -13928.476534817963 -12852.292838140333 -11617.49754963502 -10190.419222327899 -8506.8876028497871 -6470.6143136603396 -3991.9415081110305 -2633.5887334668269 -1123.5277870100249 -2025.4266782805344 -3890.9384660800088 -5805.6925883920121 -7665.1422165481054 -9427.7843266541458 -11072.490518335711 -12574.37948235902 -13895.518969266377 -14987.439962434441 -15819.180557102818 -16409.805217804918 -16819.078495658316 -17109.027527756884 -17322.946532518454 -17486.95286346558 -17616.591949298287 -17721.442143710869 -17807.668059122399 -17879.403617897275 -17939.522629198291 -17990.081525367317 -18032.587028159571 -18068.162351481904 -18097.655264849836 -18121.709243580241 -18140.811346685725 -18155.325708695356 -18165.516152241587 -18171.561489573116 -18173.565299174981 -18171.561493437817 -18165.516156549536 -18155.325712303355 -18140.811349319803 -18121.709245181206 -18097.655266799928 -18068.162353906679 -18032.587029997649 -17990.08152638613 -17939.522629830564 -17879.403618377255 -17807.668058633448 -17721.442141586456 -17616.591946614393 -17486.95285930625 -17322.94652625372 -17109.027521951386 -16819.078491850101 -16409.805215028086 -15819.180554712497 -14987.439961042441 -13895.518968688582 -12574.379482350634 -11072.490518906308 -9427.7843280059533 -7665.1422192735981 -5805.6925928993842 -3890.938472660338 -2025.4266861827643 -1123.5277951268927 81.812969633146082 -751.99231525306254 -2401.5596928306572 -4092.2975784170703 -5902.9165842294788 -7804.7760603090273 -9721.2404885469678 -11553.301051131473 -13197.263020143426 -14560.992469280733 -15595.763968324418 -16326.059678527126 -16829.184727446482 -17184.005347353912 -17444.912570561559 -17644.450028928819 -17801.878352448402 -17929.016570155218 -18033.44811193872 -18120.246165826746 -18192.930710035536 -18254.016573406981 -18305.343914122372 -18348.283003904697 -18383.867118994 -18412.879934825774 -18435.914249028352 -18453.4130194596 -18465.697044467292 -18472.983684220053 -18475.398827099783 -18472.983686450181 -18465.697044665045 -18453.413019272957 -18435.91424789009 -18412.879932278596 -18383.867116703321 -18348.283001842668 -18305.34390971862 -18254.016566903862 -18192.930703021069 -18120.246158110946 -18033.448102843071 -17929.016560172779 -17801.878343856468 -17644.450019661159 -17444.912559670462 -17184.005337403643 -16829.184719903089 -16326.05967304502 -15595.763964161386 -14560.99246708463 -13197.26302044807 -11553.301052417215 -9721.2404886982295 -7804.7760608512217 -5902.9165872075901 -4092.2975828209819 -2401.5596987401782 -751.99232310377784 81.812961015280848 577.63658659960674 11.05182004633231 -1201.0378110719473 -2624.0327285641988 -4348.3270685038688 -6379.7483036233061 -8586.3421560792522 -10757.458084355227 -12702.253324650381 -14294.417533019368 -15487.122004647126 -16321.285778247746 -16892.599391281379 -17294.020428306751 -17588.493128627957 -17813.338416929058 -17990.529735048367 -18133.50571631411 -18250.868902176608 -18348.364290049831 -18429.972684088847 -18498.535135083257 -18556.128727958472 -18604.299082944061 -18644.211022210613 -18676.747578014525 -18702.576443880789 -18722.196389908957 -18735.968547695167 -18744.137563351502 -18746.845108087953 -18744.137562674608 -18735.968545629494 -18722.196387103741 -18702.576440389916 -18676.747573207747 -18644.211017956739 -18604.299079659537 -18556.128721337071 -18498.535125778533 -18429.972676126876 -18348.364282631475 -18250.868893658957 -18133.505707690856 -17990.52972845039 -17813.33841234072 -17588.493124626963 -17294.020423909147 -16892.59938721091 -16321.285774181266 -15487.122000007255 -14294.417529459926 -12702.253323709116 -10757.458085814207 -8586.3421571517883 -6379.7483042446947 -4348.3270706472349 -2624.0327325969897 -1201.0378158047465 11.051814529328851 577.63657997341011 604.14736654355352 341.98581494844217 -312.72313615370535 -1292.5748355273308 -2789.6383424714486 -4933.8706714622913 -7506.3018752251683 -10068.624525702831 -12305.885294528847 -14092.712268415471 -15413.35226627564 -16330.822201052089 -16956.944422107059 -17395.961749543851 -17717.600128496077 -17962.983389120323 -18156.250684765295 -18312.136180287009 -18440.058897683448 -18546.302898073656 -18635.219270537789 -18709.911567167394 -18772.647771012224 -18825.114955129833 -18868.584183568124 -18904.018808123601 -18932.147126737906 -18953.51309921336 -18968.510536272224 -18977.406203849961 -18980.354570597028 -18977.406205383249 -18968.510536531401 -18953.513097572686 -18932.147125695526 -18904.018808909183 -18868.584187196731 -18825.114961350053 -18772.647777032493 -18709.911570374086 -18635.219273258896 -18546.302901079365 -18440.058899707194 -18312.136180262889 -18156.250682171863 -17962.983386806376 -17717.600125896126 -17395.961744788143 -16956.944418436076 -16330.822198422286 -15413.352264309271 -14092.712267965753 -12305.885294101798 -10068.624525239626 -7506.3018748333125 -4933.8706715014787 -2789.6383431188874 -1292.5748374761872 -312.72313935921011 341.98581087053606 604.14736165522902 351.38170280634517 326.85722732809666 164.56308495047995 -256.48460618677984 -1210.3523067551669 -3287.6093217078633 -6318.1883883244209 -9349.1183150997404 -11883.651514413357 -13861.720681774048 -15309.492603289715 -16310.413762953453 -16991.589318623432 -17468.335854140423 -17817.176311096478 -18083.073278537842 -18292.358180287822 -18461.077304984799 -18599.476374951548 -18714.38459547381 -18810.527135739663 -18891.272364025965 -18959.080621117653 -19015.781359795365 -19062.752430287903 -19101.037881070402 -19131.426822269415 -19154.508539495539 -19170.709587240075 -19180.318882445179 -19183.503726159222 -19180.318883178494 -19170.709582248139 -19154.50853630963 -19131.426822729431 -19101.037881543492 -19062.752433584144 -19015.781366382929 -18959.080629802986 -18891.272369972961 -18810.52714014519 -18714.384602085069 -18599.476381098102 -18461.077308685224 -18292.358181059855 -18083.073277565836 -17817.176306964506 -17468.335846906903 -16991.589314564706 -16310.41376177321 -15309.492603072651 -13861.720683328414 -11883.651516032995 -9349.1183151975238 -6318.1883865293394 -3287.6093206559181 -1210.3523078168091 -256.48460669905342 164.56308356096173 326.85722406667338 351.3816994180425 182.97000935354157 242.98924318637941 282.13413085057277 153.75828280298578 -423.90931713251098 -2389.1702379810031 -5672.4108873992027 -8960.8174656166811 -11648.932807437122 -13728.406009072387 -15244.186385465771 -16289.50531398004 -16999.781380250512 -17496.366809697949 -17859.452341657343 -18136.05305057123 -18353.668718932575 -18529.043509086696 -18672.862138415905 -18792.242668394785 -18892.108149354215 -18975.966743040215 -19046.380158322638 -19105.252761830296 -19154.018481370491 -19193.763710364332 -19225.309414961946 -19249.268609961477 -19266.08497004323 -19276.058987229495 -19279.364672404099 -19276.058983739487 -19266.084957665902 -19249.268604093857 -19225.309415361276 -19193.763707190519 -19154.018480903171 -19105.252765987509 -19046.380164548351 -18975.966746899794 -18892.108153721223 -18792.242677281043 -18672.862145931736 -18529.043513325749 -18353.668720687841 -18136.053049582613 -17859.452335854425 -17496.366801253374 -16999.781377175274 -16289.5053146803 -15244.186385616373 -13728.406009742597 -11648.932809014703 -8960.8174668829088 -5672.4108858667187 -2389.1702371548554 -423.90931980240094 153.75828197228654 282.13413012711919 242.98924059437829 182.97000711465375
        </DataArray>
        <DataArray type="Float64" Name="tau_xy" format="ascii">
          -3531.8076516488572 -2506.4492707431309 -919.44199672335139 -45.686241586520396 432.77798175789985 676.68479049789653 776.52403914193974 786.80006634174083 742.98752358187903 671.46303492430536 593.27352516317228 521.92868919229181 461.88637680710372 412.00873245534831 369.81404674572559 333.22439545421679 300.76884059762284 271.43032623943952 244.49483014262836 219.44746445933959 195.90575471940886 173.5777726417526 152.23468410298824 131.6928841719477 111.8013203729337 92.432932528713451 73.478544647517197 54.841947930942652 36.436252272877489 18.181017166279268 -4.0905635643184723e-06 -18.181023248571208 -36.436257671984656 -54.841955051115264 -73.478551654170872 -92.432937312031783 -111.80132294707943 -131.69288435997697 -152.23468212637761 -173.57777174058435 -195.90575586686737 -219.44746374938364 -244.4948272868441 -271.43032328914165 -300.76883715436594 -333.22439361465115 -369.81404723859885 -412.00873408245138 -461.88637854802028 -521.92869120284945 -593.27352699110918 -671.46303588387218 -742.98752384472755 -786.80006573825312 -776.52403785327056 -676.68478901488334 -432.77797964909348 45.686244363208004 919.44199954954831 2506.449274075349 3531.807655385925 -3087.3177141808146 -2510.9071451326345 -1507.6908337654875 -778.60430611544484 -268.55474163543317 76.077801803584833 296.33441013997509 422.55676488552206 478.02430376441293 483.31365906665638 458.99373582309465 422.89758845718353 385.65725700094742 351.10920488834267 319.80627542722965 291.35966699945971 265.25125062502059 241.02848751661668 218.3300758743284 196.87254424468674 176.43194372143208 156.82903468332546 137.91778985469631 119.5772699780922 101.70521439060354 84.213584976032138 67.025257472205396 50.071119331425379 33.287886241209421 16.616348232548905 -1.6078941866837226e-06 -16.616350002735256 -33.287887214171718 -50.07112149299217 -67.025259938766112 -84.213585361765738 -101.70521291308692 -119.57726772499235 -137.91778720744188 -156.82903378838802 -176.43194481573789 -196.87254396596532 -218.33007355790011 -241.02848480335652 -265.25124790585471 -291.35966552318399 -319.80627570848617 -351.10920578766519 -385.65725777137629 -422.89758986685678 -458.99373723628247 -483.31365996716067 -478.02430448029247 -422.55676491848442 -296.33440930973899 -76.077800539807015 268.55474366782227 778.60430847244356 1507.6908360007335 2510.9071481732608 3087.3177177447888 -1596.9696459504908 -1617.450965106329 -1506.6565523583765 -1186.9832970787888 -806.12105214587189 -443.8858607317095 -139.47882476661033 90.389469748354344 242.4302745838109 323.86027670446811 352.08181434609224 349.19276553869196 332.53680605679131 311.21559863816901 288.88620107185119 266.83954600456235 245.48352926664117 224.90366061801168 205.06908712873883 185.9097802538931 167.34586450432641 149.29909450192878 131.6966531594702 114.47227751868839 97.565725801800227 80.922139421590288 64.491319421529724 48.226652957888227 32.084255750915872 16.022213891024482 2.7323076605689778e-06 -16.022208144391531 -32.084249053314878 -48.226646055949075 -64.49131336256437 -80.922132840749498 -97.565718911682907 -114.47227228468816 -131.69664942544455 -149.29909290912812 -167.34586441589261 -185.90977954178757 -205.06908552128505 -224.90365815218775 -245.48352679180374 -266.83954415091921 -288.88619961814214 -311.21559703756873 -332.53680392495346 -349.19276342058208 -352.08181220322638 -323.86027460149126 -242.43027265092661 -90.38946725024374 139.47882754878839 443.88586357171732 806.12105557158827 1186.9833003287058 1506.6565556172527 1617.4509691352919 1596.9696501798151 -234.84406884245521 -374.15803200274752 -541.84240867397239 -501.74766522151612 -313.98666539799945 -66.783975859327697 169.0306554871585 350.37889172344353 460.11725611627293 502.49399262987492 497.26799024891864 468.41175644410833 432.52996343753415 396.80629764028743 363.26959909274183 332.14899428752381 303.19365536744544 276.07187414641464 250.47832094804772 226.1550735932521 202.88869263300512 180.50281180085241 158.85029747003585 137.80705734351619 117.26661607586234 97.13621770426154 77.333829881572015 57.78536176301067 38.422553466489759 19.181241232052514 3.3834468449178701e-06 -19.181234002655025 -38.422545109736994 -57.785353183028342 -77.333823113014716 -97.136212255577647 -117.26661058922669 -137.80705301409441 -158.85029600997811 -180.50281321991611 -202.88869505611814 -226.15507627120971 -250.47832535176093 -276.07187862481015 -303.19365887355201 -332.14899828516008 -363.26960203657893 -396.80629977646015 -432.52996505668091 -468.41175649614047 -497.26798963547458 -502.49399163806817 -460.11725410357496 -350.37888855871785 -169.03065181539546 66.783979725419073 313.98666948316514 501.74766965332094 541.84241367653976 374.15803760259394 234.8440747131167 215.06809539040299 85.700001398128336 -44.846748057419539 40.259240790803439 255.12079862488861 505.79470333552513 709.50308702885673 821.89688621786195 841.44276195521593 795.11364699203216 718.68495539834385 639.4754190063569 569.37094636250754 509.76128114458675 458.68341854419458 414.0313462271356 374.20270105656817 338.05158995085014 304.75754674893085 273.72114644168005 244.49282633018706 216.72692647176751 190.15089441874662 164.54498602495528 139.72767389646737 115.54573770414194 91.867143356794685 68.575247392050386 45.564499671084334 22.737036886666004 1.6010023626833458e-06 -22.73703354688881 -45.564496582275943 -68.575245102709047 -91.867143643704367 -115.5457401218631 -139.72767346228812 -164.54498263420047 -190.15089481317102 -216.72693064314251 -244.49282946132706 -273.72114907039332 -304.75755251354917 -338.05159775106301 -374.20270922433258 -414.03135563255421 -458.68342602148027 -509.76128777480335 -569.37095334004539 -639.47542433053411 -718.68496008026364 -795.11365066404937 -841.44276374149547 -821.89688671505132 -709.50308594652984 -505.79470155616798 -255.12079701632601 -40.25923835106299 44.846751438764137 -85.699996894409793 -215.06809005579564 301.10267565207175 161.80668356701159 64.384675347001291 262.72179636978495 617.10648654866282 971.89102240150123 1192.1946092526002 1234.7017120379996 1148.5457744266346 1008.0219078285596 865.79130990277395 745.38878810185122 649.81205644746103 573.64906895524791 511.0721431368172 457.94224788671187 411.55697272081397 370.13887878836476 332.48255384096529 297.74109466117665 265.29828696153157 234.69174106784112 205.56423718772464 177.6326997405111 150.66680363726914 124.47467110249011 98.892791418677376 73.778108594091748 49.002208682565261 24.446774720074014 -1.5877355430404805e-08 -24.446775552035518 -49.002210340899985 -73.778111039599054 -98.892797232474948 -124.47467946552351 -150.66680753948546 -177.63269825195135 -205.5642374595117 -234.69174394280168 -265.29828752171363 -297.7410931765059 -332.48255383802757 -370.1388803969154 -411.55697562035641 -457.94225184836841 -511.07214498868711 -573.64906998228162 -649.81205829731914 -745.38878979800518 -865.79131235608952 -1008.0219102863211 -1148.545776388657 -1234.7017134440198 -1192.1946094084203 -971.89102226285183 -617.10648678108225 -262.72179640794826 -64.384674264482783 -161.8066806827448 -301.10267199820998 145.33482566677091 22.543520854221683 -54.031475659761504 190.05355956020802 678.82209312973168 1195.5592578266619 1461.6296521000691 1429.6688689671355 1258.1204216511483 1066.6504618418126 899.94160638469623 768.1765951754835 666.8782643089969 587.43185503034829 522.71962322045044 468.05157874643635 420.46774769917999 378.05903613134478 339.54722999085993 304.0424271770346 270.90152890920336 239.64451626487866 209.9021030684907 181.38263655699464 153.84948039779204 127.1059455494966 100.98473966374164 75.339727026733385 50.039886934285576 24.964612541843998 -1.6200985539782664e-06 -24.964617326752297 -50.039891241840685 -75.33973085942641 -100.98474673643105 -127.10595217560066 -153.8494826202224 -181.38263661860739 -209.90210372905463 -239.64451939573448 -270.90153146264282 -304.04242694107637 -339.54723010472276 -378.05903847287288 -420.46775075092569 -468.05158123906523 -522.71962456681035 -587.43185475831069 -666.87826363638237 -768.17659415965284 -899.94160537600715 -1066.6504620069072 -1258.1204231069905 -1429.6688702498111 -1461.6296524607453 -1195.5592577979214 -678.82209352246787 -190.05356006278433 54.031476140430968 -22.543518557622516 -145.33482241773922 -14.434592204272473 -131.09355122349598 -266.60964253799801 -164.83925246539582 255.57927530233809 908.3873636505416 1310.8457795940308 1298.8982406873308 1160.7756809704381 1010.3864101900708 873.67359597664972 759.92354499583428 668.65472435062338 594.70141318886101 532.96390821671321 479.81896219848556 432.87680710790113 390.5479504848887 351.74299066417791 315.68898986313559 281.81839254757313 249.70171037921372 219.00449785735196 189.4597861141782 160.84884183830394 132.98828409802098 105.72096780890195 78.908706660807582 52.426908825423645 26.16037505363478 -4.8089363264836038e-06 -26.160385577894644 -52.426917233501506 -78.908714568334744 -105.72097774915045 -132.9882901841633 -160.84884363264916 -189.45978909046241 -219.00450232386436 -249.70171666848233 -281.8183988523773 -315.68899170276478 -351.74299090727629 -390.54795352353636 -432.87681181602238 -479.81896626054413 -532.9639113186538 -594.70141477250502 -668.65472624367294 -759.92354636671678 -873.67359540977907 -1010.3864100921128 -1160.7756813625192 -1298.8982406870909 -1310.845779544718 -908.38736382386639 -255.57927594727528 164.83925240440996 266.60964289439767 131.09355225694085 14.434594109387376 -66.046297715449967 -183.83993313264457 -373.00487038644644 -405.91161982306846 -108.13295134025999 587.52343263374803 1096.9790410809587 1142.3607024601472 1067.9515905932881 965.72013342939294 856.76298648143677 757.62510736459785 673.84959220943676 603.70576726392164 543.83131932828564 491.47040533387661 444.68057499996075 402.11548223271694 362.82532477535131 326.12123251994711 291.48843752024129 258.53174874356301 226.93965934321432 196.460941979371 166.8878713190249 138.04493788243843 109.78074363106414 81.961390014384108 54.465577445927138 27.180734671272194 -7.4343814215893644e-06 -27.180748986004403 -54.465588369772732 -81.961401480624318 -109.780756927242 -138.04494694560205 -166.88787641343021 -196.46094872803201 -226.93966793987411 -258.53175760258171 -291.48844594530158 -326.12123537699313 -362.82532374397181 -402.11548265584793 -444.68057774308102 -491.47040817478478 -543.83132045334753 -603.70576741400669 -673.84959438731585 -757.62511003105078 -856.76298696514777 -965.72013353855743 -1067.9515898265345 -1142.3607010481603 -1096.9790405863012 -587.52343322258503 108.13295042876469 405.91162005152739 373.00487067193251 183.83993325823383 66.046298339680831
        </DataArray>
        <DataArray type="Float64" Name="von_mises_stress" format="ascii">
          16883.675127276794 16154.802128562487 15329.936465132971 15026.854083492875 14953.197260548441 15005.363432958668 15138.37631230292 15324.678613353786 15538.883106482641 15752.408731745922 15938.766743463724 16084.972617877613 16193.803940837159 16274.868164015879 16336.83651853081 16385.601431779978 16424.923288496328 16457.22948919722 16484.135872734641 16506.754461430624 16525.874482738247 16542.070338194855 16555.768860183947 16567.29200610338 16576.885216451708 16584.736332184249 16590.988510777723 16595.74938019969 16599.097264366501 16601.085420276595 16601.744760982208 16601.085419475177 16599.097262908192 16595.74937802818 16590.988507629208 16584.736327913964 16576.885211354806 16567.292000495559 16555.76885444505 16542.070332709583 16525.874477468566 16506.754455700502 16484.135866841458 16457.229483901254 16424.923284011616 16385.601428854323 16336.83651714002 16274.868163470966 16193.803940727024 16084.972618393591 15938.766744430859 15752.408733128943 15538.883108582921 15324.678615813338 15138.376314862293 15005.363435788544 14953.197263244158 15026.854086841007 15329.936469843708 16154.802133635993 16883.67513243905 10827.182722351499 11174.400221104788 12043.324225896546 12822.762772254595 13521.669212184923 14156.35578412263 14739.940748245514 15277.048345472444 15760.886363429845 16173.784372759388 16499.128199067934 16737.608297746818 16907.348610092387 17030.10142119306 17122.065552471748 17193.39543531193 17250.290408910947 17296.640014894805 17334.981943991446 17367.036396173298 17394.009759144214 17416.771614062727 17435.963017055354 17452.064334071929 17465.439738997575 17476.366668635714 17485.055766722558 17491.664911824282 17496.30871896958 17499.064984621775 17499.978814974718 17499.064986359797 17496.308722171492 17491.664916695645 17485.05577302245 17476.366675565856 17465.439746586988 17452.064342335212 17435.963025815348 17416.771622995009 17394.009768045838 17367.036404345432 17334.981950811183 17296.640020356979 17250.290412944589 17193.395438321859 17122.065554867553 17030.101422748863 16907.348610799138 16737.608297940838 16499.128198476828 16173.784371567193 15760.886362307177 15277.048344638015 14739.940748027013 14156.355784960582 13521.669213375868 12822.762774592358 12043.324230103744 11174.40022654229 10827.182728505612 3714.1180668735869 4828.5679116968495 7127.6488605053573 9106.9671946817998 10807.903420264716 12293.848381572692 13604.40506350475 14755.712696029032 15742.945116226389 16546.107644802581 17152.517364909192 17581.455878504028 17878.383499715597 18088.752436731782 18244.003976881693 18363.06689095663 18457.204890522826 18533.359213408512 18595.998249933702 18648.119138566039 18691.805843225247 18728.549866924008 18759.44418759047 18785.303692041958 18806.743505518873 18824.230570483145 18838.118353146088 18848.671129371054 18856.080383325843 18860.475902559236 18861.932869734213 18860.475902594411 18856.080383669585 18848.671131152598 18838.118356564624 18824.230574903966 18806.743510626766 18785.303697650572 18759.444193785406 18728.549873999633 18691.80585056249 18648.119145273995 18595.998255727547 18533.359217862886 18457.204893912221 18363.066893960746 18244.003979502446 18088.752438207895 17878.3834996654 17581.455877281907 17152.517362289651 16546.107640382983 15742.945110807348 14755.712690566181 13604.405059180326 12293.848379521938 10807.90341987815 9106.9671964035824 7127.6488648979257 4828.5679189923831 3714.1180755998321 1215.4533801561026 2205.578119651806 4207.3707457239361 6217.6740600980575 8185.9369165357366 10081.621515583056 11866.569689653059 13492.825283941816 14906.758051581424 16056.407477924777 16917.814045821102 17521.06279540421 17934.667966206489 18225.417726705065 18438.710646669893 18601.539686343327 18729.822982885504 18833.304071733877 18918.222699765964 18988.746660375142 19047.763978637933 19097.335719657185 19138.968594066973 19173.783665509029 19202.625701916993 19226.135039007146 19244.795808919938 19258.969622834869 19268.918283917435 19274.819139340765 19276.774883122431 19274.81913581086 19268.918278272948 19258.969615510818 19244.79579999033 19226.135028472418 19202.625689756318 19173.783652943694 19138.968582170524 19097.335708347706 19047.763967718816 18988.746649985114 18918.22269030106 18833.304062290881 18729.822972837646 18601.539677184235 18438.710638932738 18225.417720666483 17934.667961647643 17521.062792415058 16917.814044746472 16056.407476469343 14906.758048172755 13492.825279044837 11866.569685200951 10081.621513566122 8185.9369164502732 6217.6740617714468 4207.3707497274163 2205.5781264548659 1215.4533888206183 419.12620775669888 862.84485813457923 2476.1187772502735 4217.9445998679785 6151.2607006776861 8224.3570197201971 10309.747434363922 12265.740789816249 13974.23086731197 15354.157190555774 16378.806114753301 17090.749353028776 17575.961087926462 17915.622173225365 18164.091070452712 18353.402065629012 18502.338505822081 18622.352959117357 18720.75919108374 18802.432103621206 18870.744215640967 18928.099231360226 18976.25249989744 19016.508966519403 19049.851257411741 19077.023782520278 19098.589091741524 19114.967209132563 19126.462136303118 19133.279764109669 19135.539298659623 19133.279762223392 19126.462132919325 19114.967203136144 19098.589083227052 19077.023771222703 19049.851242434484 19016.508949109902 18976.252482877568 18928.099214811758 18870.744198844197 18802.432088052163 18720.759178761175 18622.352949470478 18502.338496805158 18353.402057474228 18164.091062502517 17915.62216607116 17575.961082072754 17090.749348070629 16378.806112588923 15354.157190902746 13974.230867578723 12265.740788694864 10309.74743214475 8224.357018490884 6151.2607011887003 4217.9446010092388 2476.118779438184 862.84486045373797 419.12619818319848 746.98362015996781 283.23035167689267 1118.2911561852682 2569.201926894425 4447.2642563421796 6678.0512863351896 9023.2032563060602 11225.097020002078 13116.25786677155 14620.589536701909 15729.028554383771 16497.139609538433 17020.325031221244 17386.649856456643 17654.761647332161 17859.158058624904 18020.053874547655 18149.772860503261 18256.186043501344 18344.540908551084 18418.468749398333 18480.558457941133 18532.70117387499 18576.303181014246 18612.423681463188 18641.86528959074 18665.234657474124 18682.984816874716 18695.443704317517 18702.833445954631 18705.282658399236 18702.833444367272 18695.443701540215 18682.984813174076 18665.234652855303 18641.86528394547 18612.423673711124 18576.303170747917 18532.701163513702 18480.558448770917 18418.468740051758 18344.540899127813 18256.186035993578 18149.772855696334 18020.053871989061 17859.158057703455 17654.761645843675 17386.649853958996 17020.32502792223 16497.139604715565 15729.028550055727 14620.589534812842 13116.257866757862 11225.097020498573 9023.2032561083397 6678.0512861911939 4447.2642573768744 2569.2019287397752 1118.2911588404772 283.23034659097959 746.98361158459181 680.02048628349792 465.89004814765269 349.37398556776628 1197.3768981932758 2896.2889549041079 5267.0118251840813 7862.1552146305694 10241.720283913186 12237.452166821105 13815.973187673819 14983.767822131289 15797.296459823501 16353.678306767817 16744.36568739116 17030.906070433233 17249.70134691304 17422.150067088034 17561.326252914765 17675.594119372829 17770.537522980401 17850.024967017263 17916.817152432359 17972.932430558558 18019.872773220955 18058.770160807439 18090.482817525644 18115.659712742083 18134.7856599023 18148.211703406199 18156.175674083475 18158.815301518549 18156.175673676185 18148.211702484816 18134.785659163896 18115.659713183617 18090.482820174802 18058.77016618396 18019.872780271118 17972.932438136151 17916.817160023526 17850.02497287179 17770.537526280536 17675.594121005266 17561.326253032043 17422.150065515838 17249.701344868983 17030.906068179145 16744.365684704702 16353.678304606834 15797.296458318726 14983.767821712136 13815.973188688022 12237.452168110553 10241.720284110421 7862.1552139013193 5267.0118247545997 2896.2889554256899 1197.3768996368601 349.37398875070278 465.8900458016281 680.02048117354775 389.66512240334436 441.50074147323517 499.68112849735382 416.94941830672389 1346.2327973924935 3606.0927016065675 6441.4290631237209 9033.67044526871 11197.638557040813 12911.880304868389 14181.435004536335 15066.131287157878 15671.38503748855 16096.507541486446 16408.351459853333 16646.48077391378 16834.16761021204 16985.637151970732 17109.992808292685 17213.313029464756 17299.809464386664 17372.487890777058 17433.545915051804 17484.618935471604 17526.93948992452 17561.44204383509 17588.83321178396 17609.640869418505 17624.247236364212 17632.911261130193 17635.782904988049 17632.911261148627 17624.247236021063 17609.640870619554 17588.833214998442 17561.442048327743 17526.939496317369 17484.618943872367 17433.545924095713 17372.487899011965 17299.809471457549 17213.31303485269 17109.992812185948 16985.637155135275 16834.167611513643 16646.480772474464 16408.351456678905 16096.507538232709 15671.385036583873 15066.131288322398 14181.435006559339 12911.880307916834 11197.63855971751 9033.6704459249522 6441.429061810687 3606.0927009620541 1346.2327989072803 416.94941925852692 499.68112846682129 441.50074018751002 389.66511980532454 225.2301584573369 390.25841805324717 699.26602265956228 837.51304208377974 881.40906905070881 2652.0463855035941 5609.8066116094187 8374.2583119431401 10671.289940028702 12481.354711897824 13815.312251125084 14741.769341080853 15374.411989282629 15818.295972564085 16143.667872767566 16391.989624084814 16587.621862382428 16745.444859321909 16874.976400518273 16982.568827421299 17072.621931583319 17148.274705959106 17211.821480096231 17264.969198235423 17309.004014037295 17344.900867654665 17373.396850324716 17395.042536269215 17410.236532401683 17419.248866045331 17422.235912257358 17419.248863565204 17410.236528638361 17395.042536750618 17373.396853735132 17344.90086975522 17309.004016327737 17264.969202054133 17211.821484252083 17148.274709703674 17072.621936749394 16982.568832972935 16874.976404548008 16745.444863419591 16587.621865741461 16391.989623644968 16143.667868875129 15818.29596889829 15374.411989577769 14741.769343662107 13815.312253072649 12481.354713797287 10671.28994187422 8374.258312986638 5609.8066107843379 2652.0463859012384 881.40907124212026 837.51304424084083 699.26602331999629 390.2584165190051 225.23015584002565
        </DataArray>
        <DataArray type="Float64" Name="strain_2d" NumberOfComponents="3" format="ascii">
          0.020088922800830581 -0.071638903715931804 -0.045913499471435137 0.021085262753746656 -0.070922819752850919 -0.032583840519660699 0.022247104200081847 -0.069569847427381426 -0.011952745957403565 0.02242848329395003 -0.068580281549889127 -0.00059392114062476495 0.022508113891608596 -0.068164851788338948 0.0056261137628526971 0.022735045138905938 -0.068283749620120626 0.0087969022764726543 0.02315805942968804 -0.068831461019443596 0.010094812508845214 0.023747779929093778 -0.069682441007518137 0.01022840086244263 0.024435085983973426 -0.070696968677443517 0.0096588378065644263 0.0251257166716948 -0.071720515910802973 0.0087290194540159682 0.02573032536717177 -0.072615888609410789 0.007712555827121239 0.026205427611850199 -0.073317525395468319 0.0067850729594997926 0.026559652003194024 -0.073838793712207668 0.0060045228984923473 0.026823843952075481 -0.074226376344541101 0.0053561135219195276 0.027025961472088848 -0.074522226080934839 0.0048075826076944324 0.027185080119899206 -0.074754765048505034 0.0043319171409048176 0.027313410680843628 -0.074942093288595801 0.0039099949277690959 0.027418851839581322 -0.075095876294599129 0.0035285942411127126 0.027506668634414509 -0.075223869688048006 0.0031784327918541679 0.027580487930307464 -0.07533140542883611 0.0028528170379714143 0.02764288538555059 -0.075422264423267549 0.0025467748113523147 0.027695736381648073 -0.075499196378610356 0.0022565110443427835 0.027740434923448531 -0.075564243257016661 0.0019790508933388469 0.027778032717904532 -0.075618944444968028 0.0017120074942353198 0.027809331632462186 -0.075664472916028583 0.001453417164848138 0.027834945402781953 -0.07570172600048003 0.0012016281228732746 0.027855341816033115 -0.075731387342245729 0.00095522108041772339 0.027870872582762614 -0.075753970768417195 0.00071294532310225435 0.027881793658097242 -0.075769850122759663 0.0004736712795474073 0.027888279084549022 -0.075779279559851684 0.00023635322316163047 0.027890429874590679 -0.075782406587429935 -5.3177326332241783e-11 0.02788827913525091 -0.075779279555105161 -0.00023635330223142564 0.027881793742392035 -0.07576985011428275 -0.00047367134973580049 0.02787087269117041 -0.075753970756048852 -0.00071294541566449825 0.02785534193306187 -0.075731387325132238 -0.00095522117150422111 0.027834945500609401 -0.075701725978648438 -0.0012016281850564131 0.027809331715296898 -0.075664472890823176 -0.0014534171983120322 0.027778032806400087 -0.075618944417548989 -0.0017120074966797002 0.027740435029273085 -0.075564243228978298 -0.0019790508676429085 0.027695736467534943 -0.0754991963520074 -0.0022565110326275965 0.027642885452066571 -0.075422264397709063 -0.0025467748262692756 0.027580487994002114 -0.075331405401559859 -0.0028528170287419872 0.027506668677461928 -0.075223869660852427 -0.0031784327547289726 0.027418851859454935 -0.075095876270630621 -0.0035285942027588409 0.027313410681011924 -0.07494209326886668 -0.0039099948830067562 0.02718508010080143 -0.07475476503585711 -0.0043319171169904644 0.0270259614385257 -0.074522226074832179 -0.0048075826141017845 0.02682384390897561 -0.074226376341968742 -0.005356113543071867 0.026559651952248554 -0.073838793711506021 -0.0060045229211242628 0.026205427557715523 -0.073317525397312316 -0.0067850729856370421 0.025730325314917177 -0.072615888613083823 -0.0077125558508844179 0.025125716630914698 -0.071720515916522662 -0.008729019466490337 0.02443508595548197 -0.070696968686685624 -0.0096588378099814569 0.023747779908299252 -0.06968244101892003 -0.010228400854597289 0.023158059416586892 -0.068831461031788693 -0.010094812492092516 0.022735045127959728 -0.068283749633671592 -0.0087969022571934823 0.022508113879733505 -0.068164851801107151 -0.0056261137354382141 0.022428483290968464 -0.068580281564836185 0.00059392117672170375 0.022247104207264515 -0.069569847446696059 0.011952745994144127 0.021085262761468403 -0.070922819769686118 0.032583840562979534 0.020088922806584079 -0.071638903729840137 0.045913499520017019 0.012079742275882686 -0.042863498106318274 -0.040135130284350576 0.014907587266507281 -0.046963009472255561 -0.032641792886724252 0.019514232622042063 -0.053670478061944693 -0.019599980838951335 0.022498257129584556 -0.0581754966482542 -0.010121855979500782 0.024612994863576994 -0.061614654653504408 -0.0034912116412606307 0.02628231247490441 -0.064511823856881048 0.00098901142344660323 0.027722448704816952 -0.067107839950168405 0.0038523473318196758 0.02902741820127562 -0.069492193892787546 0.0054932379435117858 0.030211503897188796 -0.071654608594766245 0.0062143159489373677 0.031236233350693549 -0.073515170975851279 0.0062830775678665313 0.032054603131434545 -0.074991172770909637 0.0059669185657002296 0.032660880789502009 -0.076078241105557068 0.0054976686499433854 0.033095635659725689 -0.076854361753002295 0.0050135443410123156 0.033411573490829127 -0.077416762349313786 0.0045644196635484541 0.033649020232451692 -0.077838674436968319 0.0041574815805539853 0.033833590324884803 -0.078166237320961451 0.0037876756709929759 0.033981039305561761 -0.078427699847979621 0.003448266258125267 0.034101299761873233 -0.078640818866996781 0.0031333703377160161 0.034200873546083144 -0.078817195173506521 0.0028382909863662684 0.034284178741308846 -0.078964700520466724 0.0025593430751809274 0.034354319577249388 -0.07908885987998493 0.0022936152683786168 0.034413536925758756 -0.079193658342804993 0.0020387774508832308 0.034463484761913174 -0.079282035306415699 0.001792931268111052 0.034505403671461168 -0.079356194350885312 0.0015545045097151984 0.034540234910654929 -0.079417806679822886 0.001322167787077846 0.034568696041918479 -0.079468145847686134 0.0010947766046884176 0.034591332159062141 -0.079508179048271538 0.0008713283471386699 0.034608552002879905 -0.079538631346491764 0.00065092455130852996 0.034620652397931169 -0.079560029204540514 0.00043274252113572242 0.034627834868405163 -0.079572730007076792 0.00021601252702313574 0.034630216275588523 -0.079576940980083929 -2.0902624425713119e-11 0.034627834898320206 -0.079572730012336376 -0.0002160125500355583 0.034620652447860778 -0.079560029214761727 -0.00043274253378423227 0.034608552077746636 -0.07953863136210558 -0.00065092457940889813 0.034591332249417919 -0.079508179069087845 -0.00087132837920395924 0.034568696123202819 -0.079468145872502033 -0.0010947766097029544 0.03454023498859999 -0.079417806708251104 -0.0013221677678701299 0.034505403754811266 -0.079356194382082634 -0.0015545044804249003 0.034463484858193817 -0.079282035338785806 -0.001792931233696744 0.034413537018644247 -0.079193658376157397 -0.0020387774392490441 0.03435431965886665 -0.079088859914040743 -0.0022936152826045927 0.034284178814638598 -0.07896470055209405 -0.0025593430715575489 0.034200873599483907 -0.078817195201052376 -0.0028382909562527005 0.034101299788260028 -0.078640818890867853 -0.0031333703024436347 0.033981039307460992 -0.078427699867510886 -0.0034482662227761107 0.033833590310992236 -0.078166237336917882 -0.0037876756518013914 0.033649020208167485 -0.077838674450563999 -0.0041574815842103192 0.033411573455065097 -0.077416762359802965 -0.0045644196752396464 0.033095635618541383 -0.076854361759946699 -0.0050135443510278908 0.032660880744609364 -0.076078241110090955 -0.0054976686682691369 0.032054603083155858 -0.074991172771878709 -0.0059669185840716711 0.03123623330572773 -0.073515170973724064 -0.0062830775795730872 0.030211503857961994 -0.071654608592398833 -0.0062143159582438018 0.029027418169655962 -0.069492193891305759 -0.0054932379439402964 0.027722448679814642 -0.067107839951183829 -0.0038523473210266062 0.026282312456550092 -0.064511823862097764 -0.00098901140701749104 0.024612994848596199 -0.061614654659332815 0.0034912116676816892 0.022498257120976181 -0.05817549665750036 0.010121856010141764 0.019514232621769712 -0.053670478077777389 0.019599980868009532 0.014907587268934975 -0.046963009488924581 0.03264179292625239 0.012079742277617459 -0.042863498122358436 0.04013513033068225 0.0035599159207143098 -0.011307579239157636 -0.020760605397356375 0.0072330226529764442 -0.017927078145414249 -0.021026862546382277 0.014042627247876797 -0.03005197910858675 -0.019586535180658893 0.019726584388338176 -0.040051261535136502 -0.015430782862024255 0.024356379039442454 -0.04828857669291324 -0.010479573677896332 0.028179089016750498 -0.055227457613350447 -0.0057705161895122235 0.031399059046627716 -0.061193827270007065 -0.0018132247219659339 0.034136119476450871 -0.066364106902688652 0.0011750631067286063 0.036430411847967088 -0.070778751279861107 0.0031515935695895416 0.038267002499809959 -0.074376100701131695 0.0042101835971580844 0.039637063916234699 -0.077103528406994609 0.0045770635864991992 0.040597070295808377 -0.079041383510687652 0.0045395059520029948 0.041256542381996615 -0.080387911994697928 0.0043229784787382859 0.041720896679767056 -0.081344688679160004 0.004045802782296196 0.04206193521856471 -0.082052345943321392 0.0037555206139340646 0.042322487162069468 -0.082595973467700867 0.0034689140980593098 0.042527870920875413 -0.083026373065685027 0.0031912858804663343 0.042693610328547751 -0.083374927379700772 0.0029237475880341513 0.042829658853270801 -0.083661876838927673 0.0026658981326736046 0.042942670732652434 -0.083900818178604814 0.00241682714330061 0.043037260082947448 -0.084101217358866248 0.0021754962385562432 0.043116721538273853 -0.08426985640092137 0.0019408882285250741 0.043183464639868496 -0.084411709671546403 0.0017120564910731125 0.043239282795604461 -0.08453048873702268 0.0014881396077429487 0.043285527774558116 -0.084628997159955532 0.0012683544354234028 0.043323224485672981 -0.084709364297919088 0.0010519878124806738 0.04335314793974189 -0.084773202782205126 0.00083838715247988636 0.043375877105481034 -0.084821718784789904 0.00062694648845254683 0.043391831189626529 -0.084855786517309281 0.00041709532476190625 0.04340129418283336 -0.084875998650853685 0.00020828878058331825 0.043404430558322257 -0.084882698550325097 3.5519999583359359e-11 0.043401294162792883 -0.084875998655008889 -0.00020828870587708985 0.043391831157026328 -0.084855786525538449 -0.00041709523769309332 0.043375877085123818 -0.084821718797840465 -0.0006269463987273379 0.043353147932713214 -0.084773202800803693 -0.00083838707371333666 0.043323224482714598 -0.084709364320796954 -0.0010519877269297433 0.043285527775923906 -0.084628997185501736 -0.0012683543458518777 0.043239282798773745 -0.084530488764639131 -0.0014881395397009459 0.043183464650006151 -0.084411709700620868 -0.0017120564425307789 0.04311672156003174 -0.084269856431885004 -0.001940888207818665 0.043037260104180533 -0.084101217391051197 -0.0021754962374066038 0.042942670742350808 -0.083900818210025097 -0.0024168271340432382 0.042829658852925834 -0.083661876867947918 -0.0026658981117767054 0.042693610313463727 -0.083374927405160712 -0.0029237475559784403 0.042527870892032985 -0.08302637308861982 -0.0031912858482934488 0.042322487133889988 -0.082595973488517674 -0.0034689140739619499 0.042061935196263209 -0.082052345961035333 -0.0037555205950358475 0.041720896654699642 -0.081344688691824318 -0.0040458027614883926 0.041256542355299686 -0.080387912000310757 -0.0043229784510243939 0.040597070270729896 -0.079041383510218721 -0.0045395059244675668 0.039637063889872232 -0.077103528399890708 -0.0045770635586419427 0.038267002463448677 -0.074376100687058661 -0.0042101835698193854 0.036430411803290583 -0.070778751262330172 -0.0031515935444620456 0.034136119430054464 -0.066364106885061488 -0.0011750630742531683 0.031399059002247091 -0.061193827256912831 0.0018132247581342485 0.028179088987103709 -0.055227457607403087 0.0057705162264323241 0.024356379018852993 -0.048288576691012053 0.010479573722430646 0.019726584369913546 -0.040051261540547868 0.015430782904273172 0.014042627234207397 -0.03005197912254157 0.019586535223024282 0.0072330226466690928 -0.01792707816441344 0.021026862598758789 0.00355991591935344 -0.011307579261171118 0.020760605452337592 0.0023842573479081787 -0.0051949277865693108 -0.0030529728949519174 0.0046631499621976203 -0.0095215062174123927 -0.0048640544160357176 0.0093737277855355673 -0.018469369067812418 -0.0070439513127616392 0.014279850391624337 -0.02768393692472362 -0.0065227196478797088 0.01916223834846402 -0.036682916096520399 -0.004081826650173993 0.023840045107895075 -0.045234646830956148 -0.00086819168617126015 0.028179771352039765 -0.053203438218978258 0.0021973985213330602 0.032056990928962595 -0.060443548475460324 0.0045549255924047646 0.035348351369309805 -0.066761221044122174 0.0059815243295115467 0.037953067813057122 -0.071933234637495264 0.0065324219041883718 0.03985220475008764 -0.07583647267641945 0.0064644838732359411 0.041149942059045048 -0.078586394548580421 0.0060893528337734072 0.042021942078716179 -0.08048026673189497 0.0056228895246879431 0.042625412643510587 -0.081815850521744393 0.0051584818693237357 0.043062865724319353 -0.082797886716919677 0.0047225047882056429 0.043393751858660637 -0.083548861432298144 0.004317936925737809 0.043652539194932116 -0.084141286895221684 0.0039415175197767913 0.043860062150855819 -0.084619668884150012 0.0035889343639033898 0.044029533176278571 -0.085012567009431161 0.0032562181723246198 0.04416970764228377 -0.085339088141740058 0.0029400159567122769 0.044286612622852432 -0.085612489461101837 0.0026375530042290663 0.044384525508607262 -0.085842242312196004 0.002346536553411081 0.044466558430365621 -0.086035276860463666 0.0020650538671104657 0.044535017590063293 -0.086196753415531333 0.0017914917454657101 0.04459163474072661 -0.086330563015467945 0.0015244660089862101 0.04463771875578304 -0.086439656657205058 0.0012627708301553998 0.04467425677891261 -0.086526266478652386 0.0010053397884604361 0.04470198464114513 -0.086592060335644941 0.00075120970291913866 0.044721434225632212 -0.086638246090739696 0.00049949319506436673 0.044732965400028711 -0.086665642132712453 0.00024935613601668267 0.044736786386451802 -0.0866747224197007 4.3984808979454556e-11 0.04473296534959359 -0.086665642125451997 -0.00024935604203451525 0.04472143415614746 -0.086638246076961467 -0.00049949308642658079 0.044701984562773744 -0.086592060315458352 -0.0007512095913793683 0.04467425669367598 -0.086526266451906114 -0.0010053397004691914 0.04463771866401052 -0.086439656623820416 -0.001262770759322509 0.044591634634246938 -0.086330562977076988 -0.0015244659376599467 0.044535017477565983 -0.0861967533763245 -0.0017914916891832271 0.04446655832616804 -0.086035276822634704 -0.0020650538481297148 0.044384525413278836 -0.085842242275125116 -0.0023465365718589089 0.044286612532608467 -0.085612489424774299 -0.0026375530357295352 0.04416970755698793 -0.08533908810696747 -0.0029400159915257255 0.044029533103364368 -0.085012566976366097 -0.0032562182295728915 0.043860062087578942 -0.084619668849140656 -0.0035889344221225312 0.043652539130431184 -0.084141286857609673 -0.0039415175653561754 0.04339375180947376 -0.0835488613957691 -0.0043179369777070799 0.043062865698941299 -0.082797886682774352 -0.0047225048264755258 0.042625412629026499 -0.081815850493973635 -0.005158481897093981 0.042021942064336154 -0.080480266711587298 -0.0056228895457368514 0.041149942051810141 -0.078586394535165804 -0.0060893528344498253 0.039852204755969289 -0.075836472670061814 -0.0064644838652611692 0.037953067810499168 -0.071933234631228707 -0.0065324218912948852 0.035348351347679566 -0.066761221032705972 -0.0059815243033464732 0.032056990893069848 -0.06044354846004657 -0.0045549255512633315 0.028179771315562614 -0.053203438205464554 -0.0021973984736001406 0.023840045083857734 -0.04523464682567542 0.0008681917364304478 0.019162238328249898 -0.036682916097980467 0.0040818267032811471 0.014279850369807856 -0.027683936932115363 0.0065227197054931714 0.0093737277629821914 -0.018469369082587908 0.0070439513777950154 0.0046631499468492189 -0.0095215062401856464 0.0048640544888337214 0.0023842573419239461 -0.0051949278141530065 0.0030529729712705164 0.00083904009408873094 -5.5711867400627733e-05 0.0027958852400752385 0.002240870837323774 -0.0037534875297929927 0.001114100018175668 0.0053231341602911573 -0.01120142207063865 -0.00058300772474645379 0.0090715258339804841 -0.019087759220112185 0.00052337013028044463 0.013517677872268841 -0.027718409258110428 0.0033165703821235511 0.018406631965324046 -0.036877724780572406 0.0065753311433618261 0.023333876176574144 -0.046107697318849082 0.0092235401313751353 0.027871041938310748 -0.054856993306335783 0.010684659520832203 0.031690210414152417 -0.062599924252312325 0.010938755905417805 0.034628898705924741 -0.06892464290272475 0.010336477410896416 0.036705946181472035 -0.073658243102978707 0.0093429044201784692 0.038089143304465556 -0.076963568793585985 0.0083131804470826399 0.0390009786158068 -0.07922310553728984 0.0074018223027125978 0.039623614131922336 -0.080807854489566955 0.0066268966548796264 0.040070759779251744 -0.081968572310336524 0.0059628844410745284 0.040406712921297439 -0.082853691359434517 0.0053824075009527616 0.040668149839360637 -0.083550469525962914 0.0048646351137353848 0.040876989322358434 -0.084112199827301559 0.0043946706693610508 0.041047015600267432 -0.084572956815887015 0.0039618481077361 0.041187303727868906 -0.084955473070728871 0.0035583749037418405 0.041304068613346193 -0.085275486328708933 0.003178406742292431 0.041401702348028487 -0.08554421970752385 0.0028174500441329772 0.041483389351763461 -0.085769872831781724 0.0024719616274437054 0.041551482533214008 -0.085958543671594861 0.0021390848183244181 0.041607744354961639 -0.08611482545124699 0.0018164597606540756 0.041653504254581766 -0.086242198724173616 0.0015020945901538449 0.04168976320018445 -0.086343294296470072 0.0011942728636383309 0.04171726629717519 -0.086420076771067861 0.0008914782160966548 0.041736551552839993 -0.086473968259238518 0.00059233849572409619 0.041747982731170585 -0.086505931997604729 0.00029558147952665807 0.041751770170028651 -0.086516525716382894 2.0813030715115949e-11 0.041747982701502026 -0.086505931993172955 -0.0002955814361095545 0.04173655152370398 -0.086473968247486141 -0.00059233845556958713 0.041717266248828905 -0.086420076749654795 -0.00089147818633521746 0.041689763136749047 -0.086343294265055631 -0.0011942728673681566 0.041653504176669104 -0.086242198681321533 -0.0015020946215842203 0.041607744245390453 -0.086114825395779665 -0.0018164597550097453 0.041551482402728324 -0.085958543608013485 -0.0021390847742446058 0.041483389238519165 -0.085769872766891658 -0.0024719616325712228 0.041401702250897843 -0.085544219641741984 -0.002817450098360852 0.041304068517607255 -0.08527548626162422 -0.0031784067829972512 0.041187303646805846 -0.084955473007328863 -0.0035583749379151132 0.041047015553378703 -0.084572956762007989 -0.0039618481826761386 0.040876989301964539 -0.08411219978148371 -0.004394670770763818 0.040668149814839058 -0.083550469483540765 -0.0048646352199163221 0.040406712906941873 -0.08285369131885939 -0.0053824076232232027 0.04007075977726883 -0.081968572269034048 -0.0059628845382792423 0.039623614130543654 -0.080807854452017949 -0.0066268967410724432 0.0390009786091381 -0.07922310550641351 -0.0074018223934205893 0.038089143292972027 -0.076963568768298074 -0.0083131805162969426 0.036705946184386017 -0.073658243088764869 -0.0093429044810434247 0.034628898717447773 -0.068924642899506242 -0.010336477458632641 0.031690210411868716 -0.062599924252465133 -0.010938755928639438 0.027871041920793604 -0.054856993303604051 -0.010684659527295666 0.023333876159585105 -0.046107697312129894 -0.0092235401173048868 0.018406631954685355 -0.036877724778026824 -0.0065753311202301828 0.013517677859485041 -0.027718409263693213 -0.0033165703612122377 0.0090715258158141892 -0.019087759228684012 -0.00052337009856381878 0.0053231341391000529 -0.011201422083506399 0.0005830077687039337 0.0022408708242032615 -0.0037534875533297147 -0.0011140999596273269 0.00083904009022270592 -5.5711897752973695e-05 -0.0027958851707253428 -0.00067254359302385035 0.0024337402900944751 0.003914334783476932 -0.00017747395071823405 0.00011710988190847755 0.00210348688637115 0.0014083237116540659 -0.005064564888976119 0.00083700077951101679 0.0041925002997885248 -0.011543193120290677 0.0034153833528072037 0.0081901363822720757 -0.019660987561130973 0.0080223843251326157 0.013178763565457613 -0.029344249512939825 0.012634583291219515 0.018482943888293468 -0.039813389674705844 0.015498529920283799 0.023282097189548098 -0.049934314537411449 0.016051122256493994 0.027087658907066922 -0.058788794737444375 0.014931095067546247 0.029846055731239968 -0.065884717578889071 0.013104284801771272 0.031724756495673002 -0.071119920229692032 0.011255287028736058 0.032953622010415518 -0.074744899466526835 0.0096900542453240632 0.033757383751396017 -0.077211390775357699 0.0084475567338169917 0.034304498556236213 -0.078936860972097747 0.00745743789641822 0.034697040214395618 -0.080198848855359092 0.0066439378607786228 0.034991999028317164 -0.081160399417872425 0.0059532492225272526 0.035221669735132195 -0.08191696890237915 0.0053502406453705808 0.035405280197416782 -0.082526712745202471 0.0048118054242487409 0.035554895823746893 -0.083026754132547495 0.0043222731999325486 0.035678449661008652 -0.083441831503474492 0.0038706342305952963 0.035781370677833636 -0.08378905740283013 0.0034488777304999101 0.035867494163684815 -0.084080628000459873 0.0030509926338819346 0.035939600533022198 -0.084325449789426701 0.00267233508344042 0.035999744243671417 -0.084530144126794257 0.0023092250966266436 0.036049464370206882 -0.084699697098299512 0.0019586684472844983 0.03608992211224496 -0.084837886195016074 0.0016181707243323711 0.036121991911272085 -0.084947566182102391 0.001285606288442806 0.036146324797704611 -0.085030868647249527 0.00095911541172319251 0.036163390921941332 -0.085089336429414048 0.00063702871287334834 0.036173508228113417 -0.085124014475925616 0.00031780807136096216 0.036176860609584513 -0.085135507805577187 -2.0640561877944066e-13 0.036173508218422676 -0.085124014469258255 -0.0003178080821764617 0.036163390911274795 -0.085089336417170161 -0.00063702873443169969 0.036146324783767329 -0.085030868630857029 -0.00095911544351478758 0.036121991893288852 -0.084947566161429192 -0.0012856063640221743 0.036089922093659445 -0.084837886169197102 -0.0016181708330518054 0.036049464329029904 -0.084699697064852128 -0.0019586684980133109 0.035999744173793702 -0.084530144084646999 -0.0023092250772753673 0.035939600485828102 -0.084325449744606873 -0.0026723350869736519 0.035867494145748025 -0.084080627958212265 -0.0030509926712564217 0.035781370649424701 -0.083789057361081831 -0.003448877737782277 0.035678449628890288 -0.0834418314621556 -0.003870634211294576 0.035554895816300544 -0.083026754097719202 -0.0043222731998943578 0.035405280214378998 -0.082526712720442735 -0.0048118054451598983 0.03522166975710761 -0.081916968887290414 -0.0053502406830646327 0.034991999049810284 -0.081160399410041356 -0.0059532492740287882 0.034697040227816459 -0.080198848846250059 -0.0066439378848529313 0.034304498563807975 -0.078936860959008814 -0.0074574379097696597 0.033757383748400954 -0.077211390758955223 -0.0084475567578651475 0.032953621993566704 -0.074744899444201859 -0.0096900542673740656 0.031724756485604508 -0.071119920208143159 -0.011255287060629161 0.029846055734262484 -0.065884717566963638 -0.013104284833722172 0.027087658908717276 -0.05878879473465555 -0.014931095093052536 0.023282097180255826 -0.049934314538848126 -0.016051122274772255 0.018482943878944877 -0.039813389674683015 -0.015498529922309462 0.013178763560463434 -0.029344249513107476 -0.012634583289417071 0.0081901363754989104 -0.01966098756618926 -0.0080223843281540669 0.0041925002852420783 -0.011543193129035423 -0.0034153833533033264 0.0014083236976297532 -0.0050645649005446672 -0.00083700076543827609 -0.00017747395312018151 0.00011710986244615627 -0.0021034868488756819 -0.00067254358953527092 0.0024337402639877819 -0.0039143347359767286 -0.0014143501569191244 0.0028501260001271094 0.0018893527336680215 -0.0015155237270183274 0.0019197431956734967 0.00029306577110488189 -0.0010111475927092432 -0.00072819410883837293 -0.00070240918357689953 0.00080324641131309597 -0.0051452407082356981 0.0024706962742827043 0.0040139560857264866 -0.012081780737348159 0.0088246872106865111 0.0087681148809942155 -0.022083568871571743 0.015542270351746604 0.014057559146213134 -0.033905218027784817 0.01900118547730089 0.01841935391071834 -0.045291757057204091 0.018585695296572762 0.021509221924905911 -0.05492581191892397 0.016355565481464926 0.023657185078183558 -0.062483153459050408 0.01386645600394356 0.02513936098757303 -0.068023605983697971 0.01169924088300105 0.02613771491371248 -0.071859217424070254 0.0099862957372812838 0.026808454084599448 -0.074472273889797408 0.0086694174360169591 0.027274590389068491 -0.076302682379335074 0.0076366141153945263 0.027614421270056505 -0.077642981021581056 0.0067953551018658555 0.027873017103804042 -0.078665231346934372 0.0060846705237036711 0.028076434354755788 -0.07947026012402357 0.0054660807200893396 0.028240419293145289 -0.080119542652414014 0.0049147674697074817 0.028374971892101808 -0.08065234957372501 0.0044141139898811778 0.028486732930752844 -0.081094867734596218 0.0039525515533014501 0.028580286547348698 -0.081465222953718358 0.0035217198758196438 0.028658895316994948 -0.081776340956762436 0.0031153787114434218 0.028724939973631833 -0.082037665995316186 0.0027287273398903791 0.028780189623422724 -0.082256222529091982 0.0023579742752409304 0.028825976014610927 -0.082437302402371987 0.002000043245171296 0.028863308273567499 -0.082584916261702307 0.0016523772921434553 0.028892948907346581 -0.082702096002460757 0.0013128016156286411 0.028915467311958921 -0.082791106073632006 0.00097941645134753388 0.028931275606946902 -0.082853585823416911 0.00065051853014571237 0.028940652980764172 -0.082890645748913055 0.00032453996304397192 0.028943761130453691 -0.082902928889554819 -2.1061281204833894e-11 0.028940652962825268 -0.082890645746920052 -0.00032454002524777978 0.028931275594442564 -0.082853585819020595 -0.00065051858614392874 0.028915467317842784 -0.082791106070059739 -0.00097941650117254323 0.028892948919887852 -0.082702096003963887 -0.0013128017075736034 0.028863308293572813 -0.082584916273193865 -0.0016523773782828083 0.028825976039913642 -0.082437302426693698 -0.0020000432740628904 0.028780189644647895 -0.082256222561292128 -0.0023579742760418956 0.028724940002000286 -0.082037666029835088 -0.0027287273484777096 0.028658895368848396 -0.08177634099089591 -0.0031153787521445478 0.02858028658495464 -0.081465222979942159 -0.0035217199090143564 0.028486732940004075 -0.081094867749725102 -0.0039525515502339924 0.028374971891895782 -0.080652349581153485 -0.0044141139913613948 0.028240419292992754 -0.08011954265225904 -0.0049147675001473459 0.028076434358081392 -0.079470260115816094 -0.0054660807597620327 0.027873017099897788 -0.078665231336665586 -0.0060846705561078459 0.027614421267209331 -0.077642981010703896 -0.0067953551193685345 0.027274590401644223 -0.076302682367060615 -0.0076366141118580384 0.026808454093922587 -0.074472273880157952 -0.0086694174272729692 0.026137714921664234 -0.0718592174177103 -0.0099862957240754863 0.025139361001378532 -0.068023605982310942 -0.011699240869888092 0.023657185091700526 -0.062483153463173013 -0.013866456006089791 0.021509221936590439 -0.054925811922345441 -0.016355565500390874 0.018419353910884635 -0.045291757055554882 -0.018585695313247542 0.014057559139929159 -0.033905218023636226 -0.019001185481989685 0.0087681148763825087 -0.02208356886974085 -0.015542270351372975 0.0040139560828076765 -0.012081780738502015 -0.0088246872157920798 0.0008032464031097644 -0.0051452407119585942 -0.0024706962808161955 -0.0010111476001766801 -0.00072819411754420304 0.00070240918982560259 -0.0015155237297215952 0.0019197431816855317 -0.00029306574124909261 -0.0014143501605215648 0.0028501259835143782 -0.0018893526914306096 -0.00098735218273907164 0.0017282829744545986 -0.00018764969865554213 -0.0010379820747287651 0.0016588905906738298 -0.0017042161659054477 -0.00052435569388674841 0.00083595818433896058 -0.0034659253529939734 0.00086006956071121247 -0.0013212583489985589 -0.0021429102820501454 0.0028803151803224849 -0.0057300150738002556 0.0033225305789303947 0.0060127662092346757 -0.014788020141729781 0.01180903572745704 0.0094549681108344937 -0.027519686061276916 0.017040995134722396 0.012046198040085589 -0.039887952901835708 0.016885677128935298 0.014010123324728715 -0.0501436156212762 0.015090083852615692 0.015609613239611055 -0.058176225349279756 0.013135023332470921 0.016863352881250522 -0.064090980904183442 0.011357756747696447 0.017780518276375119 -0.068201758952273581 0.009879006084945843 0.018431411853925529 -0.071010793977997949 0.0086925114165581022 0.018900995312335807 -0.072982816877808332 0.0077311183714551916 0.019252204885565845 -0.074429028392172275 0.0069285308068172714 0.019524265710851842 -0.075533243196362759 0.006237646508580311 0.019741043865840625 -0.076403492040715032 0.0056273984924027128 0.019917484634377543 -0.07710578054753392 0.005077123356303552 0.02006332766603269 -0.077682338392405473 0.0045726588786343123 0.020185169972773823 -0.078161358485805785 0.0041039568682207624 0.020287635352124092 -0.078562373083657655 0.0036636391031184502 0.020374055173824044 -0.078899320998021036 0.003246122234929778 0.020446884268905789 -0.079182392707968063 0.0028470584721455752 0.020507961410404556 -0.079419171369413316 0.002462977219484316 0.020558680198397628 -0.079615371968954046 0.0020910349438979505 0.020600101998923821 -0.079775327272085986 0.0017288476932742726 0.020633032468528496 -0.079902313540655745 0.0013743725815157249 0.020658075263174373 -0.079998778259486716 0.0010258131865904982 0.020675668581046261 -0.080066493573054398 0.00068154981473050728 0.020686109865147177 -0.080106660077002304 0.00034008487569725212 0.020689571466203035 -0.080119973039821268 -6.2516172245191941e-11 0.02068610985641103 -0.080106660075981995 -0.00034008501251263032 0.020675668632223292 -0.080066493576445907 -0.00068154992403551937 0.020658075314301333 -0.079998778269564891 -0.0010258132893883516 0.020633032504451775 -0.079902313557760063 -0.0013743727107389555 0.02060010205258981 -0.079775327296842877 -0.0017288477723941226 0.020558680246892311 -0.079615372001980669 -0.0020910349672244384 0.020507961448012816 -0.079419171409999212 -0.0024629772581760108 0.020446884290383816 -0.079182392749432715 -0.0028470585302102359 0.020374055214125761 -0.078899321037382036 -0.0032461223166902697 0.020287635393696692 -0.078562373117837869 -0.0036636391850809044 0.02018516996921256 -0.078161358508835627 -0.0041039568921359413 0.020063327648663812 -0.077682338407791734 -0.0045726588817945916 0.01991748463234113 -0.077105780560405596 -0.0050771233958059716 0.019741043869785275 -0.07640349204527315 -0.0056273985536082899 0.019524265697618792 -0.075533243187081156 -0.0062376465613870734 0.019252204885394496 -0.074429028376751513 -0.006928530847142499 0.018900995348016127 -0.07298281686623255 -0.0077311183920425646 0.018431411884412285 -0.071010793975988445 -0.0086925114411677482 0.017780518302641737 -0.068201758959146958 -0.0098790061027673182 0.016863352912288399 -0.064090980916679169 -0.011357756740327126 0.015609613263291029 -0.058176225365201693 -0.013135023331197463 0.014010123340618501 -0.050143615634101905 -0.015090083857712747 0.012046198047250186 -0.039887952905269454 -0.016885677128932176 0.009454968111853871 -0.027519686055046344 -0.017040995134081329 0.0060127662089838763 -0.014788020137715071 -0.01180903572971026 0.002880315183651885 -0.0057300150791703844 -0.0033225305873145769 0.00086006956775263829 -0.0013212583539190432 0.0021429102812573291 -0.00052435568972312714 0.00083595817739348373 0.0034659253576271691 -0.0010379820726302297 0.0016588905776605998 0.001704216179340231 -0.00098735218004547608 0.0017282829607150761 0.00018764972342203586 -0.00044992682054252858 0.00087242867211709512 -0.00085860187030084947 -0.00029143987379463566 0.0010274342777471101 -0.0023899191307243791 0.00058752501969062336 0.00079613033472043153 -0.0048490633150238029 0.0020301582022037206 -0.0002989656076762188 -0.0052768510576998891 0.0034072296627869819 -0.0030347616048294612 -0.0014057283674233797 0.0051850578499400895 -0.011096228533903765 0.007637804624238723 0.0069412159434513246 -0.024043761557533318 0.014260727534052463 0.0082245981396901029 -0.036807864075014858 0.01485068913198191 0.0096205006385642246 -0.047390536415579693 0.013883370677712743 0.01105805102967208 -0.055730387046414046 0.012554361734582107 0.012294766979160106 -0.061890449565655765 0.011137918824258675 0.01323664163085236 -0.066176723293719736 0.0098491263957397705 0.013921144519527064 -0.069108249920727782 0.0087600446987226768 0.014422913652232226 -0.071167754001263323 0.0078481749744309798 0.014802068105630228 -0.072678852171425945 0.0070698071512677128 0.01509769935118779 -0.07383292533834504 0.0063891152693403945 0.015334263292106094 -0.074742596652652177 0.0057808474749994898 0.015527363761362479 -0.075476746074334494 0.0052275012690253201 0.015687299098588008 -0.076079473270653925 0.0047167292220795659 0.015821109321894358 -0.076580233906278217 0.0042395760227593119 0.015933760587283803 -0.076999441949294423 0.0037893496877631364 0.016028848755507114 -0.077351668797938131 0.0033609127336663184 0.016109033134437446 -0.077647569074243 0.0029502155714617854 0.016176311208813934 -0.07789507220486136 0.0025539922457318226 0.01623220051924858 -0.078100154581911205 0.0021695423271473231 0.016277858387314145 -0.078267347375916424 0.0017945841924716993 0.016314164724971703 -0.078400076994846524 0.0014271496672038336 0.016341779397815122 -0.078500903150349105 0.0010654980701869932 0.01636118189617785 -0.078571679272808226 0.0007080525067970527 0.016372697849303668 -0.078613661030839693 0.00035334955072653846 0.016376515883455879 -0.078627575590410587 -9.6646958475500935e-11 0.016372697856003725 -0.078613661020748266 -0.00035334973681805718 0.016361182002274859 -0.07857167927230542 -0.00070805264880704534 0.016341779482416642 -0.078500903164812882 -0.001065498219248116 0.016314164769906971 -0.07840007701558771 -0.0014271498400541456 0.016277858460402774 -0.078267347395451686 -0.0017945843102928263 0.016232200559785383 -0.078100154597548349 -0.0021695423933745924 0.016176311209667532 -0.077895072220668243 -0.0025539923334644155 0.016109033110823276 -0.077647569087246709 -0.0029502156832183629 0.016028848756502859 -0.077351668812700447 -0.0033609128488335614 0.0159337606036416 -0.076999441972525229 -0.0037893497972889198 0.015821109287135177 -0.076580233924387522 -0.0042395760599009099 0.015687299061762694 -0.076079473282787607 -0.0047167292086716323 0.015527363768821221 -0.075476746093276148 -0.0052275012745260224 0.015334263318651311 -0.07474259667054825 -0.0057808475106600529 0.01509769935352942 -0.073832925335676591 -0.0063891153062722011 0.014802068120631033 -0.072678852156301155 -0.0070698071658935168 0.014422913709080734 -0.071167753994261423 -0.0078481749763820857 0.013921144562412273 -0.069108249927684856 -0.0087600447270351055 0.013236641656808077 -0.066176723307444577 -0.0098491264304036603 0.012294767007845368 -0.061890449578508824 -0.01113791883054692 0.011058051051452168 -0.055730387058237719 -0.012554361736001244 0.0096205006509732308 -0.047390536426757418 -0.013883370667744945 0.0082245981486989885 -0.036807864083578945 -0.014850689113626081 0.0069412159522424036 -0.02404376155560884 -0.014260727527621912 0.0051850578554073958 -0.011096228533178345 -0.0076378046318936041 0.0034072296699688585 -0.0030347616178241429 0.0014057283555739407 0.0020301582189140416 -0.00029896561792323937 0.0052768510606698554 0.00058752503179100471 0.00079613032684744064 0.0048490633187351214 -0.00029143986370235248 0.0010274342637944132 0.0023899191323570393 -0.00044992680477192604 0.00087242865704239647 0.00085860187841585065
        </DataArray>
        <DataArray type="Float64" Name="strain_xx" format="ascii">
          0.020088922800830581 0.021085262753746656 0.022247104200081847 0.02242848329395003 0.022508113891608596 0.022735045138905938 0.02315805942968804 0.023747779929093778 0.024435085983973426 0.0251257166716948 0.02573032536717177 0.026205427611850199 0.026559652003194024 0.026823843952075481 0.027025961472088848 0.027185080119899206 0.027313410680843628 0.027418851839581322 0.027506668634414509 0.027580487930307464 0.02764288538555059 0.027695736381648073 0.027740434923448531 0.027778032717904532 0.027809331632462186 0.027834945402781953 0.027855341816033115 0.027870872582762614 0.027881793658097242 0.027888279084549022 0.027890429874590679 0.02788827913525091 0.027881793742392035 0.02787087269117041 0.02785534193306187 0.027834945500609401 0.027809331715296898 0.027778032806400087 0.027740435029273085 0.027695736467534943 0.027642885452066571 0.027580487994002114 0.027506668677461928 0.027418851859454935 0.027313410681011924 0.02718508010080143 0.0270259614385257 0.02682384390897561 0.026559651952248554 0.026205427557715523 0.025730325314917177 0.025125716630914698 0.02443508595548197 0.023747779908299252 0.023158059416586892 0.022735045127959728 0.022508113879733505 0.022428483290968464 0.022247104207264515 0.021085262761468403 0.020088922806584079 0.012079742275882686 0.014907587266507281 0.019514232622042063 0.022498257129584556 0.024612994863576994 0.02628231247490441 0.027722448704816952 0.02902741820127562 0.030211503897188796 0.031236233350693549 0.032054603131434545 0.032660880789502009 0.033095635659725689 0.033411573490829127 0.033649020232451692 0.033833590324884803 0.033981039305561761 0.034101299761873233 0.034200873546083144 0.034284178741308846 0.034354319577249388 0.034413536925758756 0.034463484761913174 0.034505403671461168 0.034540234910654929 0.034568696041918479 0.034591332159062141 0.034608552002879905 0.034620652397931169 0.034627834868405163 0.034630216275588523 0.034627834898320206 0.034620652447860778 0.034608552077746636 0.034591332249417919 0.034568696123202819 0.03454023498859999 0.034505403754811266 0.034463484858193817 0.034413537018644247 0.03435431965886665 0.034284178814638598 0.034200873599483907 0.034101299788260028 0.033981039307460992 0.033833590310992236 0.033649020208167485 0.033411573455065097 0.033095635618541383 0.032660880744609364 0.032054603083155858 0.03123623330572773 0.030211503857961994 0.029027418169655962 0.027722448679814642 0.026282312456550092 0.024612994848596199 0.022498257120976181 0.019514232621769712 0.014907587268934975 0.012079742277617459 0.0035599159207143098 0.0072330226529764442 0.014042627247876797 0.019726584388338176 0.024356379039442454 0.028179089016750498 0.031399059046627716 0.034136119476450871 0.036430411847967088 0.038267002499809959 0.039637063916234699 0.040597070295808377 0.041256542381996615 0.041720896679767056 0.04206193521856471 0.042322487162069468 0.042527870920875413 0.042693610328547751 0.042829658853270801 0.042942670732652434 0.043037260082947448 0.043116721538273853 0.043183464639868496 0.043239282795604461 0.043285527774558116 0.043323224485672981 0.04335314793974189 0.043375877105481034 0.043391831189626529 0.04340129418283336 0.043404430558322257 0.043401294162792883 0.043391831157026328 0.043375877085123818 0.043353147932713214 0.043323224482714598 0.043285527775923906 0.043239282798773745 0.043183464650006151 0.04311672156003174 0.043037260104180533 0.042942670742350808 0.042829658852925834 0.042693610313463727 0.042527870892032985 0.042322487133889988 0.042061935196263209 0.041720896654699642 0.041256542355299686 0.040597070270729896 0.039637063889872232 0.038267002463448677 0.036430411803290583 0.034136119430054464 0.031399059002247091 0.028179088987103709 0.024356379018852993 0.019726584369913546 0.014042627234207397 0.0072330226466690928 0.00355991591935344 0.0023842573479081787 0.0046631499621976203 0.0093737277855355673 0.014279850391624337 0.01916223834846402 0.023840045107895075 0.028179771352039765 0.032056990928962595 0.035348351369309805 0.037953067813057122 0.03985220475008764 0.041149942059045048 0.042021942078716179 0.042625412643510587 0.043062865724319353 0.043393751858660637 0.043652539194932116 0.043860062150855819 0.044029533176278571 0.04416970764228377 0.044286612622852432 0.044384525508607262 0.044466558430365621 0.044535017590063293 0.04459163474072661 0.04463771875578304 0.04467425677891261 0.04470198464114513 0.044721434225632212 0.044732965400028711 0.044736786386451802 0.04473296534959359 0.04472143415614746 0.044701984562773744 0.04467425669367598 0.04463771866401052 0.044591634634246938 0.044535017477565983 0.04446655832616804 0.044384525413278836 0.044286612532608467 0.04416970755698793 0.044029533103364368 0.043860062087578942 0.043652539130431184 0.04339375180947376 0.043062865698941299 0.042625412629026499 0.042021942064336154 0.041149942051810141 0.039852204755969289 0.037953067810499168 0.035348351347679566 0.032056990893069848 0.028179771315562614 0.023840045083857734 0.019162238328249898 0.014279850369807856 0.0093737277629821914 0.0046631499468492189 0.0023842573419239461 0.00083904009408873094 0.002240870837323774 0.0053231341602911573 0.0090715258339804841 0.013517677872268841 0.018406631965324046 0.023333876176574144 0.027871041938310748 0.031690210414152417 0.034628898705924741 0.036705946181472035 0.038089143304465556 0.0390009786158068 0.039623614131922336 0.040070759779251744 0.040406712921297439 0.040668149839360637 0.040876989322358434 0.041047015600267432 0.041187303727868906 0.041304068613346193 0.041401702348028487 0.041483389351763461 0.041551482533214008 0.041607744354961639 0.041653504254581766 0.04168976320018445 0.04171726629717519 0.041736551552839993 0.041747982731170585 0.041751770170028651 0.041747982701502026 0.04173655152370398 0.041717266248828905 0.041689763136749047 0.041653504176669104 0.041607744245390453 0.041551482402728324 0.041483389238519165 0.041401702250897843 0.041304068517607255 0.041187303646805846 0.041047015553378703 0.040876989301964539 0.040668149814839058 0.040406712906941873 0.04007075977726883 0.039623614130543654 0.0390009786091381 0.038089143292972027 0.036705946184386017 0.034628898717447773 0.031690210411868716 0.027871041920793604 0.023333876159585105 0.018406631954685355 0.013517677859485041 0.0090715258158141892 0.0053231341391000529 0.0022408708242032615 0.00083904009022270592 -0.00067254359302385035 -0.00017747395071823405 0.0014083237116540659 0.0041925002997885248 0.0081901363822720757 0.013178763565457613 0.018482943888293468 0.023282097189548098 0.027087658907066922 0.029846055731239968 0.031724756495673002 0.032953622010415518 0.033757383751396017 0.034304498556236213 0.034697040214395618 0.034991999028317164 0.035221669735132195 0.035405280197416782 0.035554895823746893 0.035678449661008652 0.035781370677833636 0.035867494163684815 0.035939600533022198 0.035999744243671417 0.036049464370206882 0.03608992211224496 0.036121991911272085 0.036146324797704611 0.036163390921941332 0.036173508228113417 0.036176860609584513 0.036173508218422676 0.036163390911274795 0.036146324783767329 0.036121991893288852 0.036089922093659445 0.036049464329029904 0.035999744173793702 0.035939600485828102 0.035867494145748025 0.035781370649424701 0.035678449628890288 0.035554895816300544 0.035405280214378998 0.03522166975710761 0.034991999049810284 0.034697040227816459 0.034304498563807975 0.033757383748400954 0.032953621993566704 0.031724756485604508 0.029846055734262484 0.027087658908717276 0.023282097180255826 0.018482943878944877 0.013178763560463434 0.0081901363754989104 0.0041925002852420783 0.0014083236976297532 -0.00017747395312018151 -0.00067254358953527092 -0.0014143501569191244 -0.0015155237270183274 -0.0010111475927092432 0.00080324641131309597 0.0040139560857264866 0.0087681148809942155 0.014057559146213134 0.01841935391071834 0.021509221924905911 0.023657185078183558 0.02513936098757303 0.02613771491371248 0.026808454084599448 0.027274590389068491 0.027614421270056505 0.027873017103804042 0.028076434354755788 0.028240419293145289 0.028374971892101808 0.028486732930752844 0.028580286547348698 0.028658895316994948 0.028724939973631833 0.028780189623422724 0.028825976014610927 0.028863308273567499 0.028892948907346581 0.028915467311958921 0.028931275606946902 0.028940652980764172 0.028943761130453691 0.028940652962825268 0.028931275594442564 0.028915467317842784 0.028892948919887852 0.028863308293572813 0.028825976039913642 0.028780189644647895 0.028724940002000286 0.028658895368848396 0.02858028658495464 0.028486732940004075 0.028374971891895782 0.028240419292992754 0.028076434358081392 0.027873017099897788 0.027614421267209331 0.027274590401644223 0.026808454093922587 0.026137714921664234 0.025139361001378532 0.023657185091700526 0.021509221936590439 0.018419353910884635 0.014057559139929159 0.0087681148763825087 0.0040139560828076765 0.0008032464031097644 -0.0010111476001766801 -0.0015155237297215952 -0.0014143501605215648 -0.00098735218273907164 -0.0010379820747287651 -0.00052435569388674841 0.00086006956071121247 0.0028803151803224849 0.0060127662092346757 0.0094549681108344937 0.012046198040085589 0.014010123324728715 0.015609613239611055 0.016863352881250522 0.017780518276375119 0.018431411853925529 0.018900995312335807 0.019252204885565845 0.019524265710851842 0.019741043865840625 0.019917484634377543 0.02006332766603269 0.020185169972773823 0.020287635352124092 0.020374055173824044 0.020446884268905789 0.020507961410404556 0.020558680198397628 0.020600101998923821 0.020633032468528496 0.020658075263174373 0.020675668581046261 0.020686109865147177 0.020689571466203035 0.02068610985641103 0.020675668632223292 0.020658075314301333 0.020633032504451775 0.02060010205258981 0.020558680246892311 0.020507961448012816 0.020446884290383816 0.020374055214125761 0.020287635393696692 0.02018516996921256 0.020063327648663812 0.01991748463234113 0.019741043869785275 0.019524265697618792 0.019252204885394496 0.018900995348016127 0.018431411884412285 0.017780518302641737 0.016863352912288399 0.015609613263291029 0.014010123340618501 0.012046198047250186 0.009454968111853871 0.0060127662089838763 0.002880315183651885 0.00086006956775263829 -0.00052435568972312714 -0.0010379820726302297 -0.00098735218004547608 -0.00044992682054252858 -0.00029143987379463566 0.00058752501969062336 0.0020301582022037206 0.0034072296627869819 0.0051850578499400895 0.0069412159434513246 0.0082245981396901029 0.0096205006385642246 0.01105805102967208 0.012294766979160106 0.01323664163085236 0.013921144519527064 0.014422913652232226 0.014802068105630228 0.01509769935118779 0.015334263292106094 0.015527363761362479 0.015687299098588008 0.015821109321894358 0.015933760587283803 0.016028848755507114 0.016109033134437446 0.016176311208813934 0.01623220051924858 0.016277858387314145 0.016314164724971703 0.016341779397815122 0.01636118189617785 0.016372697849303668 0.016376515883455879 0.016372697856003725 0.016361182002274859 0.016341779482416642 0.016314164769906971 0.016277858460402774 0.016232200559785383 0.016176311209667532 0.016109033110823276 0.016028848756502859 0.0159337606036416 0.015821109287135177 0.015687299061762694 0.015527363768821221 0.015334263318651311 0.01509769935352942 0.014802068120631033 0.014422913709080734 0.013921144562412273 0.013236641656808077 0.012294767007845368 0.011058051051452168 0.0096205006509732308 0.0082245981486989885 0.0069412159522424036 0.0051850578554073958 0.0034072296699688585 0.0020301582189140416 0.00058752503179100471 -0.00029143986370235248 -0.00044992680477192604
        </DataArray>
        <DataArray type="Float64" Name="strain_yy" format="ascii">
          -0.071638903715931804 -0.070922819752850919 -0.069569847427381426 -0.068580281549889127 -0.068164851788338948 -0.068283749620120626 -0.068831461019443596 -0.069682441007518137 -0.070696968677443517 -0.071720515910802973 -0.072615888609410789 -0.073317525395468319 -0.073838793712207668 -0.074226376344541101 -0.074522226080934839 -0.074754765048505034 -0.074942093288595801 -0.075095876294599129 -0.075223869688048006 -0.07533140542883611 -0.075422264423267549 -0.075499196378610356 -0.075564243257016661 -0.075618944444968028 -0.075664472916028583 -0.07570172600048003 -0.075731387342245729 -0.075753970768417195 -0.075769850122759663 -0.075779279559851684 -0.075782406587429935 -0.075779279555105161 -0.07576985011428275 -0.075753970756048852 -0.075731387325132238 -0.075701725978648438 -0.075664472890823176 -0.075618944417548989 -0.075564243228978298 -0.0754991963520074 -0.075422264397709063 -0.075331405401559859 -0.075223869660852427 -0.075095876270630621 -0.07494209326886668 -0.07475476503585711 -0.074522226074832179 -0.074226376341968742 -0.073838793711506021 -0.073317525397312316 -0.072615888613083823 -0.071720515916522662 -0.070696968686685624 -0.06968244101892003 -0.068831461031788693 -0.068283749633671592 -0.068164851801107151 -0.068580281564836185 -0.069569847446696059 -0.070922819769686118 -0.071638903729840137 -0.042863498106318274 -0.046963009472255561 -0.053670478061944693 -0.0581754966482542 -0.061614654653504408 -0.064511823856881048 -0.067107839950168405 -0.069492193892787546 -0.071654608594766245 -0.073515170975851279 -0.074991172770909637 -0.076078241105557068 -0.076854361753002295 -0.077416762349313786 -0.077838674436968319 -0.078166237320961451 -0.078427699847979621 -0.078640818866996781 -0.078817195173506521 -0.078964700520466724 -0.07908885987998493 -0.079193658342804993 -0.079282035306415699 -0.079356194350885312 -0.079417806679822886 -0.079468145847686134 -0.079508179048271538 -0.079538631346491764 -0.079560029204540514 -0.079572730007076792 -0.079576940980083929 -0.079572730012336376 -0.079560029214761727 -0.07953863136210558 -0.079508179069087845 -0.079468145872502033 -0.079417806708251104 -0.079356194382082634 -0.079282035338785806 -0.079193658376157397 -0.079088859914040743 -0.07896470055209405 -0.078817195201052376 -0.078640818890867853 -0.078427699867510886 -0.078166237336917882 -0.077838674450563999 -0.077416762359802965 -0.076854361759946699 -0.076078241110090955 -0.074991172771878709 -0.073515170973724064 -0.071654608592398833 -0.069492193891305759 -0.067107839951183829 -0.064511823862097764 -0.061614654659332815 -0.05817549665750036 -0.053670478077777389 -0.046963009488924581 -0.042863498122358436 -0.011307579239157636 -0.017927078145414249 -0.03005197910858675 -0.040051261535136502 -0.04828857669291324 -0.055227457613350447 -0.061193827270007065 -0.066364106902688652 -0.070778751279861107 -0.074376100701131695 -0.077103528406994609 -0.079041383510687652 -0.080387911994697928 -0.081344688679160004 -0.082052345943321392 -0.082595973467700867 -0.083026373065685027 -0.083374927379700772 -0.083661876838927673 -0.083900818178604814 -0.084101217358866248 -0.08426985640092137 -0.084411709671546403 -0.08453048873702268 -0.084628997159955532 -0.084709364297919088 -0.084773202782205126 -0.084821718784789904 -0.084855786517309281 -0.084875998650853685 -0.084882698550325097 -0.084875998655008889 -0.084855786525538449 -0.084821718797840465 -0.084773202800803693 -0.084709364320796954 -0.084628997185501736 -0.084530488764639131 -0.084411709700620868 -0.084269856431885004 -0.084101217391051197 -0.083900818210025097 -0.083661876867947918 -0.083374927405160712 -0.08302637308861982 -0.082595973488517674 -0.082052345961035333 -0.081344688691824318 -0.080387912000310757 -0.079041383510218721 -0.077103528399890708 -0.074376100687058661 -0.070778751262330172 -0.066364106885061488 -0.061193827256912831 -0.055227457607403087 -0.048288576691012053 -0.040051261540547868 -0.03005197912254157 -0.01792707816441344 -0.011307579261171118 -0.0051949277865693108 -0.0095215062174123927 -0.018469369067812418 -0.02768393692472362 -0.036682916096520399 -0.045234646830956148 -0.053203438218978258 -0.060443548475460324 -0.066761221044122174 -0.071933234637495264 -0.07583647267641945 -0.078586394548580421 -0.08048026673189497 -0.081815850521744393 -0.082797886716919677 -0.083548861432298144 -0.084141286895221684 -0.084619668884150012 -0.085012567009431161 -0.085339088141740058 -0.085612489461101837 -0.085842242312196004 -0.086035276860463666 -0.086196753415531333 -0.086330563015467945 -0.086439656657205058 -0.086526266478652386 -0.086592060335644941 -0.086638246090739696 -0.086665642132712453 -0.0866747224197007 -0.086665642125451997 -0.086638246076961467 -0.086592060315458352 -0.086526266451906114 -0.086439656623820416 -0.086330562977076988 -0.0861967533763245 -0.086035276822634704 -0.085842242275125116 -0.085612489424774299 -0.08533908810696747 -0.085012566976366097 -0.084619668849140656 -0.084141286857609673 -0.0835488613957691 -0.082797886682774352 -0.081815850493973635 -0.080480266711587298 -0.078586394535165804 -0.075836472670061814 -0.071933234631228707 -0.066761221032705972 -0.06044354846004657 -0.053203438205464554 -0.04523464682567542 -0.036682916097980467 -0.027683936932115363 -0.018469369082587908 -0.0095215062401856464 -0.0051949278141530065 -5.5711867400627733e-05 -0.0037534875297929927 -0.01120142207063865 -0.019087759220112185 -0.027718409258110428 -0.036877724780572406 -0.046107697318849082 -0.054856993306335783 -0.062599924252312325 -0.06892464290272475 -0.073658243102978707 -0.076963568793585985 -0.07922310553728984 -0.080807854489566955 -0.081968572310336524 -0.082853691359434517 -0.083550469525962914 -0.084112199827301559 -0.084572956815887015 -0.084955473070728871 -0.085275486328708933 -0.08554421970752385 -0.085769872831781724 -0.085958543671594861 -0.08611482545124699 -0.086242198724173616 -0.086343294296470072 -0.086420076771067861 -0.086473968259238518 -0.086505931997604729 -0.086516525716382894 -0.086505931993172955 -0.086473968247486141 -0.086420076749654795 -0.086343294265055631 -0.086242198681321533 -0.086114825395779665 -0.085958543608013485 -0.085769872766891658 -0.085544219641741984 -0.08527548626162422 -0.084955473007328863 -0.084572956762007989 -0.08411219978148371 -0.083550469483540765 -0.08285369131885939 -0.081968572269034048 -0.080807854452017949 -0.07922310550641351 -0.076963568768298074 -0.073658243088764869 -0.068924642899506242 -0.062599924252465133 -0.054856993303604051 -0.046107697312129894 -0.036877724778026824 -0.027718409263693213 -0.019087759228684012 -0.011201422083506399 -0.0037534875533297147 -5.5711897752973695e-05 0.0024337402900944751 0.00011710988190847755 -0.005064564888976119 -0.011543193120290677 -0.019660987561130973 -0.029344249512939825 -0.039813389674705844 -0.049934314537411449 -0.058788794737444375 -0.065884717578889071 -0.071119920229692032 -0.074744899466526835 -0.077211390775357699 -0.078936860972097747 -0.080198848855359092 -0.081160399417872425 -0.08191696890237915 -0.082526712745202471 -0.083026754132547495 -0.083441831503474492 -0.08378905740283013 -0.084080628000459873 -0.084325449789426701 -0.084530144126794257 -0.084699697098299512 -0.084837886195016074 -0.084947566182102391 -0.085030868647249527 -0.085089336429414048 -0.085124014475925616 -0.085135507805577187 -0.085124014469258255 -0.085089336417170161 -0.085030868630857029 -0.084947566161429192 -0.084837886169197102 -0.084699697064852128 -0.084530144084646999 -0.084325449744606873 -0.084080627958212265 -0.083789057361081831 -0.0834418314621556 -0.083026754097719202 -0.082526712720442735 -0.081916968887290414 -0.081160399410041356 -0.080198848846250059 -0.078936860959008814 -0.077211390758955223 -0.074744899444201859 -0.071119920208143159 -0.065884717566963638 -0.05878879473465555 -0.049934314538848126 -0.039813389674683015 -0.029344249513107476 -0.01966098756618926 -0.011543193129035423 -0.0050645649005446672 0.00011710986244615627 0.0024337402639877819 0.0028501260001271094 0.0019197431956734967 -0.00072819410883837293 -0.0051452407082356981 -0.012081780737348159 -0.022083568871571743 -0.033905218027784817 -0.045291757057204091 -0.05492581191892397 -0.062483153459050408 -0.068023605983697971 -0.071859217424070254 -0.074472273889797408 -0.076302682379335074 -0.077642981021581056 -0.078665231346934372 -0.07947026012402357 -0.080119542652414014 -0.08065234957372501 -0.081094867734596218 -0.081465222953718358 -0.081776340956762436 -0.082037665995316186 -0.082256222529091982 -0.082437302402371987 -0.082584916261702307 -0.082702096002460757 -0.082791106073632006 -0.082853585823416911 -0.082890645748913055 -0.082902928889554819 -0.082890645746920052 -0.082853585819020595 -0.082791106070059739 -0.082702096003963887 -0.082584916273193865 -0.082437302426693698 -0.082256222561292128 -0.082037666029835088 -0.08177634099089591 -0.081465222979942159 -0.081094867749725102 -0.080652349581153485 -0.08011954265225904 -0.079470260115816094 -0.078665231336665586 -0.077642981010703896 -0.076302682367060615 -0.074472273880157952 -0.0718592174177103 -0.068023605982310942 -0.062483153463173013 -0.054925811922345441 -0.045291757055554882 -0.033905218023636226 -0.02208356886974085 -0.012081780738502015 -0.0051452407119585942 -0.00072819411754420304 0.0019197431816855317 0.0028501259835143782 0.0017282829744545986 0.0016588905906738298 0.00083595818433896058 -0.0013212583489985589 -0.0057300150738002556 -0.014788020141729781 -0.027519686061276916 -0.039887952901835708 -0.0501436156212762 -0.058176225349279756 -0.064090980904183442 -0.068201758952273581 -0.071010793977997949 -0.072982816877808332 -0.074429028392172275 -0.075533243196362759 -0.076403492040715032 -0.07710578054753392 -0.077682338392405473 -0.078161358485805785 -0.078562373083657655 -0.078899320998021036 -0.079182392707968063 -0.079419171369413316 -0.079615371968954046 -0.079775327272085986 -0.079902313540655745 -0.079998778259486716 -0.080066493573054398 -0.080106660077002304 -0.080119973039821268 -0.080106660075981995 -0.080066493576445907 -0.079998778269564891 -0.079902313557760063 -0.079775327296842877 -0.079615372001980669 -0.079419171409999212 -0.079182392749432715 -0.078899321037382036 -0.078562373117837869 -0.078161358508835627 -0.077682338407791734 -0.077105780560405596 -0.07640349204527315 -0.075533243187081156 -0.074429028376751513 -0.07298281686623255 -0.071010793975988445 -0.068201758959146958 -0.064090980916679169 -0.058176225365201693 -0.050143615634101905 -0.039887952905269454 -0.027519686055046344 -0.014788020137715071 -0.0057300150791703844 -0.0013212583539190432 0.00083595817739348373 0.0016588905776605998 0.0017282829607150761 0.00087242867211709512 0.0010274342777471101 0.00079613033472043153 -0.0002989656076762188 -0.0030347616048294612 -0.011096228533903765 -0.024043761557533318 -0.036807864075014858 -0.047390536415579693 -0.055730387046414046 -0.061890449565655765 -0.066176723293719736 -0.069108249920727782 -0.071167754001263323 -0.072678852171425945 -0.07383292533834504 -0.074742596652652177 -0.075476746074334494 -0.076079473270653925 -0.076580233906278217 -0.076999441949294423 -0.077351668797938131 -0.077647569074243 -0.07789507220486136 -0.078100154581911205 -0.078267347375916424 -0.078400076994846524 -0.078500903150349105 -0.078571679272808226 -0.078613661030839693 -0.078627575590410587 -0.078613661020748266 -0.07857167927230542 -0.078500903164812882 -0.07840007701558771 -0.078267347395451686 -0.078100154597548349 -0.077895072220668243 -0.077647569087246709 -0.077351668812700447 -0.076999441972525229 -0.076580233924387522 -0.076079473282787607 -0.075476746093276148 -0.07474259667054825 -0.073832925335676591 -0.072678852156301155 -0.071167753994261423 -0.069108249927684856 -0.066176723307444577 -0.061890449578508824 -0.055730387058237719 -0.047390536426757418 -0.036807864083578945 -0.02404376155560884 -0.011096228533178345 -0.0030347616178241429 -0.00029896561792323937 0.00079613032684744064 0.0010274342637944132 0.00087242865704239647
        </DataArray>
        <DataArray type="Float64" Name="gamma_xy" format="ascii">
          -0.045913499471435137 -0.032583840519660699 -0.011952745957403565 -0.00059392114062476495 0.0056261137628526971 0.0087969022764726543 0.010094812508845214 0.01022840086244263 0.0096588378065644263 0.0087290194540159682 0.007712555827121239 0.0067850729594997926 0.0060045228984923473 0.0053561135219195276 0.0048075826076944324 0.0043319171409048176 0.0039099949277690959 0.0035285942411127126 0.0031784327918541679 0.0028528170379714143 0.0025467748113523147 0.0022565110443427835 0.0019790508933388469 0.0017120074942353198 0.001453417164848138 0.0012016281228732746 0.00095522108041772339 0.00071294532310225435 0.0004736712795474073 0.00023635322316163047 -5.3177326332241783e-11 -0.00023635330223142564 -0.00047367134973580049 -0.00071294541566449825 -0.00095522117150422111 -0.0012016281850564131 -0.0014534171983120322 -0.0017120074966797002 -0.0019790508676429085 -0.0022565110326275965 -0.0025467748262692756 -0.0028528170287419872 -0.0031784327547289726 -0.0035285942027588409 -0.0039099948830067562 -0.0043319171169904644 -0.0048075826141017845 -0.005356113543071867 -0.0060045229211242628 -0.0067850729856370421 -0.0077125558508844179 -0.008729019466490337 -0.0096588378099814569 -0.010228400854597289 -0.010094812492092516 -0.0087969022571934823 -0.0056261137354382141 0.00059392117672170375 0.011952745994144127 0.032583840562979534 0.045913499520017019 -0.040135130284350576 -0.032641792886724252 -0.019599980838951335 -0.010121855979500782 -0.0034912116412606307 0.00098901142344660323 0.0038523473318196758 0.0054932379435117858 0.0062143159489373677 0.0062830775678665313 0.0059669185657002296 0.0054976686499433854 0.0050135443410123156 0.0045644196635484541 0.0041574815805539853 0.0037876756709929759 0.003448266258125267 0.0031333703377160161 0.0028382909863662684 0.0025593430751809274 0.0022936152683786168 0.0020387774508832308 0.001792931268111052 0.0015545045097151984 0.001322167787077846 0.0010947766046884176 0.0008713283471386699 0.00065092455130852996 0.00043274252113572242 0.00021601252702313574 -2.0902624425713119e-11 -0.0002160125500355583 -0.00043274253378423227 -0.00065092457940889813 -0.00087132837920395924 -0.0010947766097029544 -0.0013221677678701299 -0.0015545044804249003 -0.001792931233696744 -0.0020387774392490441 -0.0022936152826045927 -0.0025593430715575489 -0.0028382909562527005 -0.0031333703024436347 -0.0034482662227761107 -0.0037876756518013914 -0.0041574815842103192 -0.0045644196752396464 -0.0050135443510278908 -0.0054976686682691369 -0.0059669185840716711 -0.0062830775795730872 -0.0062143159582438018 -0.0054932379439402964 -0.0038523473210266062 -0.00098901140701749104 0.0034912116676816892 0.010121856010141764 0.019599980868009532 0.03264179292625239 0.04013513033068225 -0.020760605397356375 -0.021026862546382277 -0.019586535180658893 -0.015430782862024255 -0.010479573677896332 -0.0057705161895122235 -0.0018132247219659339 0.0011750631067286063 0.0031515935695895416 0.0042101835971580844 0.0045770635864991992 0.0045395059520029948 0.0043229784787382859 0.004045802782296196 0.0037555206139340646 0.0034689140980593098 0.0031912858804663343 0.0029237475880341513 0.0026658981326736046 0.00241682714330061 0.0021754962385562432 0.0019408882285250741 0.0017120564910731125 0.0014881396077429487 0.0012683544354234028 0.0010519878124806738 0.00083838715247988636 0.00062694648845254683 0.00041709532476190625 0.00020828878058331825 3.5519999583359359e-11 -0.00020828870587708985 -0.00041709523769309332 -0.0006269463987273379 -0.00083838707371333666 -0.0010519877269297433 -0.0012683543458518777 -0.0014881395397009459 -0.0017120564425307789 -0.001940888207818665 -0.0021754962374066038 -0.0024168271340432382 -0.0026658981117767054 -0.0029237475559784403 -0.0031912858482934488 -0.0034689140739619499 -0.0037555205950358475 -0.0040458027614883926 -0.0043229784510243939 -0.0045395059244675668 -0.0045770635586419427 -0.0042101835698193854 -0.0031515935444620456 -0.0011750630742531683 0.0018132247581342485 0.0057705162264323241 0.010479573722430646 0.015430782904273172 0.019586535223024282 0.021026862598758789 0.020760605452337592 -0.0030529728949519174 -0.0048640544160357176 -0.0070439513127616392 -0.0065227196478797088 -0.004081826650173993 -0.00086819168617126015 0.0021973985213330602 0.0045549255924047646 0.0059815243295115467 0.0065324219041883718 0.0064644838732359411 0.0060893528337734072 0.0056228895246879431 0.0051584818693237357 0.0047225047882056429 0.004317936925737809 0.0039415175197767913 0.0035889343639033898 0.0032562181723246198 0.0029400159567122769 0.0026375530042290663 0.002346536553411081 0.0020650538671104657 0.0017914917454657101 0.0015244660089862101 0.0012627708301553998 0.0010053397884604361 0.00075120970291913866 0.00049949319506436673 0.00024935613601668267 4.3984808979454556e-11 -0.00024935604203451525 -0.00049949308642658079 -0.0007512095913793683 -0.0010053397004691914 -0.001262770759322509 -0.0015244659376599467 -0.0017914916891832271 -0.0020650538481297148 -0.0023465365718589089 -0.0026375530357295352 -0.0029400159915257255 -0.0032562182295728915 -0.0035889344221225312 -0.0039415175653561754 -0.0043179369777070799 -0.0047225048264755258 -0.005158481897093981 -0.0056228895457368514 -0.0060893528344498253 -0.0064644838652611692 -0.0065324218912948852 -0.0059815243033464732 -0.0045549255512633315 -0.0021973984736001406 0.0008681917364304478 0.0040818267032811471 0.0065227197054931714 0.0070439513777950154 0.0048640544888337214 0.0030529729712705164 0.0027958852400752385 0.001114100018175668 -0.00058300772474645379 0.00052337013028044463 0.0033165703821235511 0.0065753311433618261 0.0092235401313751353 0.010684659520832203 0.010938755905417805 0.010336477410896416 0.0093429044201784692 0.0083131804470826399 0.0074018223027125978 0.0066268966548796264 0.0059628844410745284 0.0053824075009527616 0.0048646351137353848 0.0043946706693610508 0.0039618481077361 0.0035583749037418405 0.003178406742292431 0.0028174500441329772 0.0024719616274437054 0.0021390848183244181 0.0018164597606540756 0.0015020945901538449 0.0011942728636383309 0.0008914782160966548 0.00059233849572409619 0.00029558147952665807 2.0813030715115949e-11 -0.0002955814361095545 -0.00059233845556958713 -0.00089147818633521746 -0.0011942728673681566 -0.0015020946215842203 -0.0018164597550097453 -0.0021390847742446058 -0.0024719616325712228 -0.002817450098360852 -0.0031784067829972512 -0.0035583749379151132 -0.0039618481826761386 -0.004394670770763818 -0.0048646352199163221 -0.0053824076232232027 -0.0059628845382792423 -0.0066268967410724432 -0.0074018223934205893 -0.0083131805162969426 -0.0093429044810434247 -0.010336477458632641 -0.010938755928639438 -0.010684659527295666 -0.0092235401173048868 -0.0065753311202301828 -0.0033165703612122377 -0.00052337009856381878 0.0005830077687039337 -0.0011140999596273269 -0.0027958851707253428 0.003914334783476932 0.00210348688637115 0.00083700077951101679 0.0034153833528072037 0.0080223843251326157 0.012634583291219515 0.015498529920283799 0.016051122256493994 0.014931095067546247 0.013104284801771272 0.011255287028736058 0.0096900542453240632 0.0084475567338169917 0.00745743789641822 0.0066439378607786228 0.0059532492225272526 0.0053502406453705808 0.0048118054242487409 0.0043222731999325486 0.0038706342305952963 0.0034488777304999101 0.0030509926338819346 0.00267233508344042 0.0023092250966266436 0.0019586684472844983 0.0016181707243323711 0.001285606288442806 0.00095911541172319251 0.00063702871287334834 0.00031780807136096216 -2.0640561877944066e-13 -0.0003178080821764617 -0.00063702873443169969 -0.00095911544351478758 -0.0012856063640221743 -0.0016181708330518054 -0.0019586684980133109 -0.0023092250772753673 -0.0026723350869736519 -0.0030509926712564217 -0.003448877737782277 -0.003870634211294576 -0.0043222731998943578 -0.0048118054451598983 -0.0053502406830646327 -0.0059532492740287882 -0.0066439378848529313 -0.0074574379097696597 -0.0084475567578651475 -0.0096900542673740656 -0.011255287060629161 -0.013104284833722172 -0.014931095093052536 -0.016051122274772255 -0.015498529922309462 -0.012634583289417071 -0.0080223843281540669 -0.0034153833533033264 -0.00083700076543827609 -0.0021034868488756819 -0.0039143347359767286 0.0018893527336680215 0.00029306577110488189 -0.00070240918357689953 0.0024706962742827043 0.0088246872106865111 0.015542270351746604 0.01900118547730089 0.018585695296572762 0.016355565481464926 0.01386645600394356 0.01169924088300105 0.0099862957372812838 0.0086694174360169591 0.0076366141153945263 0.0067953551018658555 0.0060846705237036711 0.0054660807200893396 0.0049147674697074817 0.0044141139898811778 0.0039525515533014501 0.0035217198758196438 0.0031153787114434218 0.0027287273398903791 0.0023579742752409304 0.002000043245171296 0.0016523772921434553 0.0013128016156286411 0.00097941645134753388 0.00065051853014571237 0.00032453996304397192 -2.1061281204833894e-11 -0.00032454002524777978 -0.00065051858614392874 -0.00097941650117254323 -0.0013128017075736034 -0.0016523773782828083 -0.0020000432740628904 -0.0023579742760418956 -0.0027287273484777096 -0.0031153787521445478 -0.0035217199090143564 -0.0039525515502339924 -0.0044141139913613948 -0.0049147675001473459 -0.0054660807597620327 -0.0060846705561078459 -0.0067953551193685345 -0.0076366141118580384 -0.0086694174272729692 -0.0099862957240754863 -0.011699240869888092 -0.013866456006089791 -0.016355565500390874 -0.018585695313247542 -0.019001185481989685 -0.015542270351372975 -0.0088246872157920798 -0.0024706962808161955 0.00070240918982560259 -0.00029306574124909261 -0.0018893526914306096 -0.00018764969865554213 -0.0017042161659054477 -0.0034659253529939734 -0.0021429102820501454 0.0033225305789303947 0.01180903572745704 0.017040995134722396 0.016885677128935298 0.015090083852615692 0.013135023332470921 0.011357756747696447 0.009879006084945843 0.0086925114165581022 0.0077311183714551916 0.0069285308068172714 0.006237646508580311 0.0056273984924027128 0.005077123356303552 0.0045726588786343123 0.0041039568682207624 0.0036636391031184502 0.003246122234929778 0.0028470584721455752 0.002462977219484316 0.0020910349438979505 0.0017288476932742726 0.0013743725815157249 0.0010258131865904982 0.00068154981473050728 0.00034008487569725212 -6.2516172245191941e-11 -0.00034008501251263032 -0.00068154992403551937 -0.0010258132893883516 -0.0013743727107389555 -0.0017288477723941226 -0.0020910349672244384 -0.0024629772581760108 -0.0028470585302102359 -0.0032461223166902697 -0.0036636391850809044 -0.0041039568921359413 -0.0045726588817945916 -0.0050771233958059716 -0.0056273985536082899 -0.0062376465613870734 -0.006928530847142499 -0.0077311183920425646 -0.0086925114411677482 -0.0098790061027673182 -0.011357756740327126 -0.013135023331197463 -0.015090083857712747 -0.016885677128932176 -0.017040995134081329 -0.01180903572971026 -0.0033225305873145769 0.0021429102812573291 0.0034659253576271691 0.001704216179340231 0.00018764972342203586 -0.00085860187030084947 -0.0023899191307243791 -0.0048490633150238029 -0.0052768510576998891 -0.0014057283674233797 0.007637804624238723 0.014260727534052463 0.01485068913198191 0.013883370677712743 0.012554361734582107 0.011137918824258675 0.0098491263957397705 0.0087600446987226768 0.0078481749744309798 0.0070698071512677128 0.0063891152693403945 0.0057808474749994898 0.0052275012690253201 0.0047167292220795659 0.0042395760227593119 0.0037893496877631364 0.0033609127336663184 0.0029502155714617854 0.0025539922457318226 0.0021695423271473231 0.0017945841924716993 0.0014271496672038336 0.0010654980701869932 0.0007080525067970527 0.00035334955072653846 -9.6646958475500935e-11 -0.00035334973681805718 -0.00070805264880704534 -0.001065498219248116 -0.0014271498400541456 -0.0017945843102928263 -0.0021695423933745924 -0.0025539923334644155 -0.0029502156832183629 -0.0033609128488335614 -0.0037893497972889198 -0.0042395760599009099 -0.0047167292086716323 -0.0052275012745260224 -0.0057808475106600529 -0.0063891153062722011 -0.0070698071658935168 -0.0078481749763820857 -0.0087600447270351055 -0.0098491264304036603 -0.01113791883054692 -0.012554361736001244 -0.013883370667744945 -0.014850689113626081 -0.014260727527621912 -0.0076378046318936041 0.0014057283555739407 0.0052768510606698554 0.0048490633187351214 0.0023899191323570393 0.00085860187841585065
        </DataArray>
        <DataArray type="Float64" Name="reaction_force" NumberOfComponents="3" format="ascii">
          1.5199716003546776e-07 -268.98277134648339 0 -1.93827009010461e-08 -174.86500506249567 0 4.4693409319631049e-08 -149.38476780977373 0 -5.8179781032821986e-08 -137.81097177220695 0 -6.822154602970965e-09 -133.06903336340329 0 -1.3181586684786268e-10 -132.03996997765623 0 -1.1494856460243488e-08 -132.93793057791623 0 -6.159885968101347e-08 -133.9913247210697 0 -2.7766249946351864e-08 -131.87894629296758 0 -1.2271152669704419e-07 -121.93106640996736 0 4.7729692866967483e-08 -103.72639894241755 0 7.2318959798996647e-08 -83.520421510502118 0 -5.8419115193654366e-08 -67.03388927385987 0 -1.5997366387366998e-07 -55.236994608648544 0 8.9879249761423748e-08 -46.970747265489457 0 9.9029907543308797e-08 -41.057602982115185 0 -2.2505855143712973e-08 -36.701983084575815 0 2.0167757265696055e-08 -33.404684078863959 0 1.6586964341896504e-07 -30.848823189223477 0 2.5682914439962286e-07 -28.831820015621503 0 -6.2424981614724118e-08 -27.217706662336134 0 2.3761469397300819e-07 -25.914191101422471 0 -4.7153647055801376e-08 -24.856092867813892 0 5.0337475722069851e-08 -23.996620001438714 0 6.8745966286538271e-08 -23.302432996298982 0 8.0216169747875723e-08 -22.748088248846692 0 4.5862679935807121e-08 -22.31539941768694 0 1.2290787190061512e-08 -21.990997478329163 0 -3.0805837693068651e-08 -21.765609029221334 0 -2.3373968930935902e-07 -21.632870477481561 0 -1.3474056228127481e-07 -21.589005855280558 0 -2.7727883281740088e-07 -21.632870546767535 0 -4.5108882397844942e-08 -21.765608962143435 0 -2.6653259262170617e-07 -21.990997447993774 0 4.2918635625479802e-08 -22.31539940775972 0 1.2561589467342944e-08 -22.748088290839029 0 1.6894789449730293e-08 -23.302432987073264 0 -2.4441883376174077e-07 -23.996620053138663 0 2.7413013460925341e-09 -24.856092845501795 0 2.6596470692525036e-07 -25.914191012569496 0 -1.5946196692508355e-08 -27.217706608103864 0 -4.9243046590310788e-08 -28.831820075396891 0 3.3296551749768071e-08 -30.848823133635797 0 7.6303720001910942e-08 -33.404684074137883 0 -3.7432307159406116e-09 -36.70198306902671 0 1.2482359889591252e-07 -41.057602909949281 0 1.5320788202149645e-08 -46.970747231213309 0 1.8982816912654402e-07 -55.236994609009486 0 1.0853141812611521e-07 -67.033889297830896 0 -1.0490786836979995e-07 -83.520421531651991 0 -4.9147217712051262e-08 -103.72639900901552 0 -5.7097085490891409e-08 -121.9310664891604 0 -2.7541579341716875e-08 -131.87894637481983 0 1.1418943172940554e-07 -133.99132478130531 0 -1.4993130011355078e-08 -132.93793064161767 0 4.7486845722330812e-08 -132.03997001784265 0 1.3390377471041949e-08 -133.06903344441548 0 -3.1945887295386819e-08 -137.81097183898504 0 -4.4840160614926042e-08 -149.38476787060122 0 4.8476644683514915e-08 -174.86500513252585 0 -4.7385183066460415e-08 -268.98277130333804 0 -5.4829934632155307e-08 2.065081002279133e-08 0 -3.7512974630241804e-08 -5.5461915689344139e-08 0 -4.0476407244951372e-08 3.8071611548255214e-08 0 -8.7434514332258586e-08 -8.0033669020943833e-08 0 -4.658210630089657e-08 5.3608054271384985e-08 0 1.5150462675712657e-08 1.9519317515139799e-08 0 -1.4541508101152157e-07 2.5051779358045429e-10 0 -1.2363261732723219e-07 3.056312875565964e-08 0 -3.4628679479439103e-08 3.5464010766216802e-08 0 -1.8628628933011918e-08 1.0512123103613634e-10 0 -8.444683326581239e-08 1.2215567337350948e-08 0 2.3124960550755064e-07 -1.7903296006647601e-08 0 -1.0582736932459851e-07 5.0555332795845666e-08 0 2.9764863746528433e-08 2.4930347035968877e-08 0 -1.0250175407432084e-07 3.4805933790910261e-08 0 3.2835762556026631e-07 -9.5417881825703698e-08 0 2.3488117239063639e-07 5.3657045695292679e-08 0 3.9415340859207698e-07 8.9936800583009637e-08 0 1.0780328597994464e-07 -1.3052064128203236e-08 0 -9.3072053424801854e-08 2.5049903503970517e-07 0 2.9523263245172297e-08 -3.0876120063869126e-08 0 2.6141348726271696e-07 -3.2886485539092425e-08 0 -9.4299180966058143e-08 1.0201889529327863e-07 0 1.2014185572655696e-07 5.9632210697100302e-08 0 4.0129290804209954e-08 3.0180135744994087e-08 0 2.5388101082805269e-07 1.880440385225884e-07 0 2.1630366593736356e-07 -1.5383291938452111e-08 0 -3.8793390641299603e-08 -1.3276171629463756e-07 0 -8.3568194503323097e-08 -5.8950237728076938e-08 0 -2.4769054464767456e-07 7.7591441361278076e-08 0 -2.8624589926637795e-07 -5.1026573282685319e-08 0 -1.647600703193808e-07 -1.7113629604040603e-07 0 -3.8812342228867919e-08 4.4221773760943795e-08 0 -5.2249392510697059e-07 -1.2363331368261938e-07 0 6.1848544992316198e-08 -1.029759632400098e-07 0 -3.4437418913056744e-08 -9.4289431648195159e-08 0 2.6248091892156275e-08 -4.9310563323112934e-08 0 -2.9243386635215e-07 -1.802790067408968e-07 0 -1.5397918183459504e-07 4.2024085315692194e-08 0 5.0112269598358396e-08 7.5741819411988351e-08 0 -1.2391398961705119e-07 -8.5074545401771258e-09 0 1.5002967757923265e-07 -1.290933628216197e-07 0 1.6696442431583025e-07 -5.6555020201744745e-08 0 9.7992309548162445e-08 -3.1306811614401185e-08 0 2.2743922508972019e-07 3.7874419542245012e-08 0 -1.1540228614851614e-07 2.524077281465118e-08 0 1.3578578865509197e-07 1.0865132282009606e-07 0 2.6906799265139114e-07 2.3010470974531986e-08 0 2.9857401183899422e-08 2.7400812353205051e-08 0 6.9790525785046937e-09 7.7715627766819645e-08 0 -1.1752718727415802e-07 -5.9178030417029695e-08 0 5.8962968239479461e-08 4.8269461455321163e-08 0 -9.3922978498959699e-08 5.6583815011317151e-08 0 -7.366367039777919e-08 2.2688248831402136e-08 0 2.1604597684021464e-08 -9.408789442051011e-09 0 3.0573857204865563e-08 7.8755696016846747e-08 0 -5.7815932273992783e-08 -2.7803396897246303e-08 0 5.969120485978352e-08 3.1005423543983085e-08 0 -3.9301709317317263e-08 3.8249462253271092e-08 0 3.5114625627349397e-08 -1.2298876124849064e-07 0 5.9231477984312443e-08 3.7432697451366362e-08 0 -1.3811106723334498e-08 -1.0276404942339396e-08 0 -1.8108510631994016e-08 3.5688593734090681e-08 0 -2.4590794312400887e-08 -9.8307934245063514e-09 0 3.1430038785335812e-08 -1.383905658110516e-08 0 5.011664990959244e-08 -2.7586273444435871e-09 0 -1.2384949695966836e-07 8.4563248478839889e-08 0 -2.6255479491200385e-08 2.9127526878604317e-09 0 1.9966965727952509e-07 7.9714543933179592e-08 0 -2.112349098063783e-08 9.2903677569557932e-11 0 1.4042115261280288e-07 -9.3302729560571773e-08 0 -2.9415772882271139e-08 -3.426413062970301e-08 0 1.17200772164285e-07 4.1867054809175132e-08 0 -7.8268387977224013e-08 -5.2555348180014646e-08 0 1.2486634350078981e-07 -5.230485744262445e-09 0 -3.5896517609988959e-08 5.5889323238726567e-08 0 1.9902332316973942e-07 1.4516313410301421e-08 0 -6.3388546502148309e-08 9.5797813013452147e-10 0 8.1565030886682949e-08 -4.3664409318519819e-08 0 1.5869572951645325e-07 -5.3153030454553007e-08 0 7.4647532590517573e-08 -9.5840142782853925e-08 0 6.0807856513991853e-08 -3.4131001541024038e-08 0 1.1800041954512966e-07 -1.5293804728395342e-07 0 -1.8234244966005005e-07 -3.7834150153234421e-09 0 5.5430854901047922e-08 -6.1660653672623527e-08 0 -6.0104484465467278e-08 -1.969512312139945e-08 0 -1.3760873604442253e-07 -1.9965858465481314e-08 0 -4.1212159665111896e-08 -3.5883052045989397e-08 0 -1.3437330989598273e-07 5.4712318082981266e-08 0 4.7208385425131741e-08 -3.8224018124489658e-09 0 1.251988216169988e-07 -3.1996215893531889e-08 0 1.3898475218758823e-07 1.7219728950461282e-08 0 1.3964872460933445e-07 3.3605661857570282e-09 0 -1.5292288869371206e-08 -9.9684295241361753e-08 0 -1.4574508353186326e-07 1.1755538533117853e-07 0 -3.4747267119432694e-08 1.1949462103872411e-08 0 3.6829638202088274e-08 -7.4939142912072868e-08 0 -7.8626601896089669e-08 6.8930830324118629e-08 0 6.2466567962583306e-08 1.3159838108467555e-07 0 1.8549525918741878e-08 1.0584966319629355e-07 0 -2.3392535224083961e-07 -4.9613116341115113e-09 0 1.6059880738374024e-07 -1.2807244025350115e-08 0 1.7377724818452219e-07 -2.2186931384597603e-08 0 -2.5268000989543585e-08 -8.0190489834775619e-08 0 1.8290035414285504e-07 1.9863329965050792e-08 0 8.8233078566812391e-09 7.7057132071914463e-08 0 -2.6732055287760245e-07 -6.3033633700332692e-09 0 7.6888032453295469e-08 9.8636517350397579e-08 0 -5.4527287863846754e-08 -5.738292817360763e-08 0 -6.5535223912036836e-08 -2.6605597024293455e-08 0 1.1231102834148176e-08 8.9791317481434957e-08 0 5.6724662545228098e-08 -1.505723179667996e-08 0 9.9301460031529833e-08 -2.3798606942353665e-08 0 -2.4618139731139805e-08 -4.8082198621235591e-09 0 2.3811483566262267e-08 4.833515067351264e-08 0 1.3760999271942498e-08 -5.6031139430954998e-10 0 -4.246968070830826e-08 5.3519405857744345e-08 0 -2.2191575715117272e-08 -4.7154967267267059e-08 0 4.7673047702108718e-08 4.8929874190928322e-08 0 1.5058023194849986e-08 -1.0083793717520641e-07 0 -6.085090130715099e-09 -2.4580386955057186e-08 0 -1.173607834168503e-09 1.62302060554364e-08 0 1.332292677348178e-08 -1.6440459170887327e-08 0 -9.5410785099885137e-08 2.8740029556231714e-08 0 5.3222906257647368e-08 -3.2617757823534632e-08 0 -3.1764065968963231e-08 5.4610652575810733e-09 0 3.4537072980898931e-08 -2.4785633259929662e-08 0 -3.2209809834566783e-08 4.8643014644591542e-09 0 -1.3013608919226806e-07 -3.1144038529489702e-08 0 2.8316473211928959e-08 -3.4854890695236234e-08 0 -1.0561092125034959e-08 4.4230627716870464e-09 0 8.5092162486161281e-08 5.6985221718025182e-09 0 -1.9761878139312478e-08 1.9091108792008218e-08 0 -1.9411864066345635e-07 1.646932594954158e-08 0 -3.0596648340171634e-08 -2.021374068004063e-09 0 1.8447420014277754e-09 -1.3720880758920926e-07 0 -1.1460841650025422e-07 3.9272087347302011e-08 0 -2.3224312655860452e-07 -1.358557076946441e-08 0 7.0768574721024428e-08 -4.5449255186274209e-08 0 -9.3983491624357709e-08 1.0243246510609554e-07 0 -1.1809132357569817e-07 -2.4837267023629842e-08 0 -1.57494692679743e-07 7.7198653698453185e-09 0 3.9218995310098051e-08 5.0412035113468411e-08 0 4.0163435417412063e-08 -1.452774758660687e-07 0 -1.2786993566252799e-07 1.9326985218020586e-08 0 1.3050394276800086e-08 -1.6543806834151178e-08 0 1.0006220447729653e-07 -5.506484608523649e-08 0 2.1897107822550888e-08 -9.143037662931891e-08 0 4.0717836236308913e-08 -5.5078393214973211e-08 0 5.3838029498072249e-08 2.9181195172899602e-08 0 -1.8873935093242482e-08 -2.5104794906368935e-08 0 3.153323275490065e-07 1.1536285647708833e-08 0 2.4222301167577874e-07 5.3741520168491666e-08 0 1.2141915734159769e-07 -3.4180809240612846e-08 0 6.4347693058765994e-08 -5.0699389085478123e-08 0 3.863961723442967e-08 4.0894024936092847e-08 0 -1.0621803244966049e-08 3.3396853349821656e-08 0 -3.5962434130706537e-09 -6.613689316266209e-08 0 1.3164350023546801e-07 -3.1775725395309331e-08 0 -1.5844737900775497e-07 2.8802844883942709e-08 0 9.0920343661943552e-08 4.6179958480147919e-08 0 -1.3695230402700403e-07 -2.6088150497979391e-08 0 -9.5179555515140434e-08 1.9432722945615582e-08 0 3.4513852285803448e-08 9.7950067068762481e-09 0 -9.5680000262226743e-08 5.4093594674472415e-08 0 -5.0645957356803251e-08 2.1074629303766138e-08 0 -5.0817479853242938e-08 1.6515003061031351e-08 0 -1.2219719270224807e-07 1.1840888939396354e-07 0 -1.5271260536091888e-07 5.1999206599075977e-08 0 -9.666328800032748e-08 3.1478431184176952e-08 0 5.8308737483606607e-08 -1.094569937389942e-08 0 -1.5445588636341353e-07 2.8325066166120163e-08 0 -9.3926072450611271e-08 7.532405712164367e-09 0 -7.6597980717177492e-09 -2.3900372319156924e-09 0 5.3632785925616511e-08 -3.3587480690925227e-08 0 -5.8266418495365277e-08 -3.6672897170078132e-08 0 5.910663943969546e-09 4.3806659402478912e-08 0 -1.0735971744143079e-07 -9.399959631482395e-09 0 1.7335797746610953e-08 -1.2332684582405267e-08 0 2.4466765938423165e-08 3.0417914778253059e-08 0 -9.4341460712753014e-10 -4.5086243818659328e-08 0 -3.9760374403552501e-09 2.8720898982903021e-08 0 -4.5010109417090664e-09 -1.8581221837073005e-08 0 -1.0665618656038552e-07 -1.6801371658047679e-08 0 -6.9408472697438564e-08 -4.374995627530607e-09 0 2.6803412631521958e-08 -5.6228201575487267e-08 0 -5.0822870173078288e-08 3.8284967645469501e-08 0 2.9092480896787548e-08 -3.7632680547574806e-08 0 -5.2587162779445626e-08 -4.4177955280254214e-08 0 -4.5254563678926507e-08 5.3931759224887296e-08 0 1.570661841379195e-08 5.0261094340581955e-08 0 8.1521331590599085e-09 5.5539890321142614e-08 0 1.6933142729716531e-08 -8.0396821769234898e-09 0 -5.8829367652979034e-08 -2.5738890356936393e-08 0 2.7208009258291419e-08 2.4460572737510517e-08 0 -2.5774616556125438e-08 1.1731169724572688e-08 0 3.5682165036009135e-08 3.9626149658478825e-08 0 4.2836447802620026e-08 1.3215088903718702e-07 0 -1.3900353559924023e-07 5.1357240759002274e-08 0 1.0594077027459043e-07 -2.9407271783815593e-08 0 7.1907071367259592e-08 -1.3219760210916532e-08 0 -1.8323816921766107e-07 -1.0919790754827037e-07 0 2.7928597142507485e-08 -4.2850675936567337e-08 0 1.5601786974107865e-08 -8.5936457511541977e-08 0 1.7378137634771499e-08 1.3802087396064165e-08 0 -2.4250416517774497e-07 -3.550059251191265e-08 0 5.6094331293966994e-09 -1.2432362241149815e-08 0 9.9266247283426783e-09 3.9647026559975678e-08 0 1.0734229099795158e-07 -2.6783906919930806e-08 0 -2.3215486339691273e-08 -5.7433720683977676e-08 0 2.3230678536508897e-07 -3.4452094788151756e-08 0 -4.4900673209271571e-08 -3.0439940050222188e-09 0 -1.5288200885951009e-07 1.9113679604123772e-08 0 3.1930752371461653e-07 -4.662885349101732e-08 0 -3.5345820884567088e-08 -1.3950681588681581e-09 0 -1.0404446184950281e-08 8.9282514378650872e-09 0 -8.8659010332354797e-09 2.0538969701729712e-08 0 -6.7906970446540468e-08 7.026807452622951e-08 0 1.6758854679538186e-07 -4.3076439458215052e-08 0 7.45277261705895e-08 -8.2510043873528931e-08 0 1.1582251467014726e-07 2.9598143259188165e-08 0 -6.9867765119659532e-08 2.8372022076267583e-07 0 9.5935290858488616e-08 9.6793562511807346e-09 0 -1.5533825692309766e-07 -4.4747944767427501e-08 0 -6.6600535309767978e-08 3.5020019565815151e-08 0 -9.365765063668218e-08 1.122438067264716e-07 0 6.8331900309435901e-09 -4.0732260119764874e-08 0 -4.629113577928499e-08 1.7831331122173348e-08 0 -1.0219025827627954e-07 -2.2131370239931483e-08 0 -1.9836162479358168e-08 -4.7403206626061663e-08 0 -3.9020739700814555e-08 3.7078980803774509e-08 0 1.1465939596547606e-07 -2.6026361416879395e-08 0 -2.7861812012584039e-08 -1.2599207685685306e-08 0 -8.1534257401872254e-08 6.7769622273180867e-08 0 3.4756042939292514e-08 -8.6209793801785687e-09 0 1.0610424367004944e-07 4.001830977378066e-09 0 6.5883138610059854e-09 -3.0197772753220463e-09 0 -1.1014926234148959e-07 -5.8746348597530274e-08 0 5.2108648896511994e-08 6.3544861315718246e-08 0 -4.3371736740508001e-08 7.3097872973916297e-09 0 -1.3314758349202856e-08 3.917560390428782e-09 0 -2.3613799497994275e-08 5.4969705875861823e-08 0 -1.1482291009519433e-07 -1.1420152145394553e-08 0 2.7721895246844206e-08 1.598727265713583e-08 0 -1.271778186845403e-08 -1.303850224800077e-08 0 -4.3285975388054562e-08 -4.3547178402641158e-08 0 -7.1355207329248829e-08 2.8470456370035153e-08 0 1.4132068841624614e-08 -2.9425385505183857e-08 0 6.366238319110411e-08 -1.7406803676636876e-08 0 -4.9267432015178117e-12 -2.8739780092336412e-08 0 -9.5714129092170232e-08 5.1633127773624586e-08 0 1.2352337682351002e-08 -5.1659715919219243e-09 0 1.0750695536105361e-07 -8.9952867513655992e-08 0 -2.1061585149308715e-08 5.3005200179711173e-09 0 5.4447313935260566e-09 5.3697007689126081e-08 0 7.1178482170995086e-08 2.1400698436865019e-08 0 1.5600602878872703e-07 7.2074721402964447e-09 0 4.7684568641596238e-08 5.7604835078343808e-09 0 8.8550413093761913e-08 8.334526649535778e-08 0 2.2236795604031116e-08 -5.4906864060409888e-09 0 8.6830918977317559e-08 6.1543435888517159e-09 0 8.5323496185045437e-09 -2.2982294578966757e-08 0 -3.3459732535640958e-07 9.4380510927570361e-08 0 -2.5732808744004768e-08 2.7666309551051072e-08 0 6.9526253594204374e-08 3.0017573889768655e-08 0 1.736684354533819e-08 2.5920740992859599e-08 0 -2.3548384354312145e-07 6.658596785612047e-08 0 -5.3600370531645754e-09 3.3104455195589079e-08 0 2.6689581772497387e-07 1.4013110637203298e-07 0 3.3962234272443348e-08 9.0280086137268217e-09 0 -1.1444326194041708e-07 -8.4492145466473772e-08 0 5.5639884674582317e-08 -4.6368081047981066e-08 0 1.4543247103702258e-07 8.5803265287311246e-08 0 -2.1710229241826362e-08 3.7964995723638099e-09 0 -1.523557815665069e-08 -6.0595371839725134e-08 0 -6.3678140808293372e-09 7.2177230764751067e-08 0 -8.0775712828597483e-08 1.2462777942775554e-07 0 3.5321523031877233e-09 -3.9395143729037882e-08 0 9.5925145946414228e-08 3.9233282971059504e-08 0 -9.4613086734057886e-08 3.0923576434443917e-08 0 5.6451280998489516e-08 -1.1701544370977556e-07 0 3.3734321559583591e-08 -5.8203983056870812e-08 0 -1.7431973060631229e-07 1.3634959176285216e-07 0 8.3972911944909697e-09 4.0655941058535604e-09 0 2.6873901914832784e-08 -1.7223148160877092e-07 0 -7.1256466764359841e-08 -2.0612035735711147e-08 0 2.45963670435044e-09 8.5582127364634875e-08 0 -4.0488949829351796e-08 -3.3721100223780897e-08 0 1.4560657696432539e-08 6.1333131818551103e-08 0 5.1138340235923802e-08 2.5702291705802899e-09 0 7.8615215665621246e-08 -3.8742168794550115e-08 0 3.114425552376268e-08 7.5213486217526626e-08 0 8.2771373985985576e-08 -6.747297151482276e-08 0 3.2404953284075613e-08 -2.1706818759269212e-09 0 -4.6045403857683334e-08 2.2271942472370678e-08 0 -2.2942445880383731e-09 -3.7621571069099674e-08 0 1.0545142585437371e-08 -4.289140217543081e-10 0 1.1400081905759097e-08 5.839239643474663e-09 0 2.9891879612577885e-08 1.8061513137029512e-09 0 -1.7727883223537925e-08 -2.739207228291063e-08 0 -1.9090000608265693e-08 1.1398170038005524e-09 0 3.9676633813030832e-08 3.3518283940865434e-08 0 -5.8760706501752862e-08 -4.0961102497696229e-08 0 -3.0121601397983948e-08 9.0650220040678915e-09 0 9.6160458507931012e-09 1.9418217449214497e-09 0 4.7502876134074581e-09 1.0863283911110057e-09 0 3.5430198688371332e-08 -2.2676227370268532e-08 0 -3.9294249966093438e-08 2.3657956088432647e-08 0 1.5199214028698765e-08 -6.1164918717328843e-08 0 -3.0098898847088287e-08 -3.0317929661572921e-08 0 1.0203386094885715e-08 -3.0787724115141882e-08 0 -4.3172593075463824e-08 -1.8196732715204999e-08 0 3.4671518375608846e-08 -2.0973054723333793e-08 0 4.7251557131525264e-08 -1.2143178430962716e-08 0 -4.6769886289629036e-09 -2.1401208850178554e-08 0 4.0667133739003883e-08 1.1219906482868423e-08 0 -9.4586323487002894e-08 -2.5868558975902449e-08 0 1.1871407008757267e-07 -2.346386193322646e-08 0 -9.0075762302862734e-08 -1.2407379575792546e-08 0 -1.3888951627202036e-07 3.2754620489912715e-08 0 3.8669184837207808e-08 2.9889289672623887e-08 0 -5.3367228319050395e-08 1.9735504372868535e-08 0 -1.3875410041150255e-07 -1.0284432110895944e-08 0 1.3619554740758485e-07 3.6350816419895209e-08 0 -5.8439826073910278e-08 9.521328424972022e-08 0 1.8898328486567145e-07 -8.3475750135749106e-09 0 -9.9298654142064972e-08 1.8883666873693893e-08 0 -5.5594252118262881e-08 -9.2834673109388593e-09 0 3.4890833267527179e-09 -3.331174402426425e-08 0 1.0111550559162707e-07 1.9581889857340406e-08 0 -1.0582249605461677e-07 3.5411153289734427e-08 0 -3.6267306745984221e-08 -4.9365367620437287e-08 0 -1.4201445034708896e-07 -3.2768050330110063e-08 0 6.2444627231974512e-09 1.0770838917127592e-07 0 1.1670394584781449e-07 -9.3467342566862313e-09 0 2.4367396648830582e-08 6.2260561268356237e-08 0 9.1899994071921846e-08 8.0559889552741219e-09 0 -2.7370459192695008e-07 -4.1370541014012183e-09 0 6.1643503864790136e-08 5.2415854572696298e-08 0 3.5484848156250316e-08 2.2885005947321133e-08 0 1.0063970939236935e-07 -7.2742699806864499e-08 0 -7.0516204968463398e-08 -8.7266241023834775e-08 0 8.2219838902338666e-08 -5.9061833774442832e-08 0 -9.9885058475267708e-08 -2.3112364094872017e-08 0 -3.6463226273353731e-08 2.3712791930138415e-08 0 7.3412784157966477e-08 -6.8491351096200116e-08 0 6.2824233596060664e-08 6.8147935010812321e-08 0 3.8122476025709807e-08 4.6553581291720665e-08 0 -3.6786479191276125e-09 1.1893080698687447e-08 0 -2.2884749457741166e-08 -2.1632647758061158e-08 0 5.6418169196726559e-09 3.460121047522104e-08 0 6.1943143231718403e-09 -2.3263648083150044e-08 0 -8.7995288638731903e-08 -7.7083478062186713e-09 0 -1.6425407552370349e-08 8.8535141693280321e-09 0 -6.8008715727415453e-08 -1.6989169296977522e-08 0 7.241245816702613e-08 -3.0905687455440618e-08 0 -1.0875022350903066e-08 -5.3544306012153432e-08 0 -1.3821616265692037e-08 -9.2552922009320794e-08 0 2.6610005254692804e-10 4.7282081694345344e-09 0 1.6683850829958617e-08 2.0393531431544443e-08 0 1.6880796771020808e-08 2.0215233451737458e-08 0 1.3525589316012115e-08 1.7710801288970079e-08 0 2.8981610314605863e-08 7.5131646510947102e-09 0 -5.5489822365675359e-08 2.3031223324716494e-08 0 -3.697137912815791e-08 -3.1923410852164781e-08 0 -6.5412829384845537e-09 1.5370855032049721e-08 0 5.7647033133445644e-09 -2.7370815874000155e-08 0 -2.7305899613191669e-08 9.8138897604966505e-09 0 7.512397666242568e-09 -3.9346477880752856e-08 0 -7.5514013036738232e-09 3.7239891621935559e-08 0 -1.2978936073770082e-08 -1.154533350580118e-08 0 -8.8809346142320685e-09 -1.7017688980677846e-08 0 1.0315093520660455e-08 3.4699484038035062e-08 0 4.8999296859821103e-08 4.7474792554614582e-08 0 2.515382416018767e-08 7.494332169520708e-09 0 -1.1915540872100884e-08 -5.4113402391493651e-08 0 2.065453962325311e-09 -3.7900989274022062e-09 0 -5.3638869837743923e-08 5.1527316164975128e-08 0 7.6533369559905192e-08 -3.5637843644792473e-08 0 -6.1101325999041546e-08 -2.5174095275660277e-08 0 -2.8958865863102005e-07 9.5614671269936914e-09 0 1.4193531428075665e-07 -1.1272634655535631e-08 0 -2.8471229587632053e-08 4.3140102671986489e-08 0 7.5589370009118146e-08 -1.2848578822319382e-07 0 -5.3483796333851543e-08 -8.8081941426486573e-09 0 6.2304821523050601e-08 -1.6180248814234693e-08 0 5.3324430831997728e-08 1.6359957215359025e-07 0 -1.1705062780265513e-07 -2.6835567435254276e-08 0 -1.9349454850487171e-07 2.516334466519947e-08 0 4.4688555477075629e-08 -8.1355747041188154e-08 0 -1.2846816172318325e-08 -1.5127680102982526e-08 0 4.4995946097968046e-08 8.7556317315772154e-09 0 -1.0132317479607645e-07 -1.7168714646033883e-08 0 1.5650724810802485e-07 -8.726962800809213e-08 0 4.8098988647779725e-08 -1.2570672260261274e-10 0 -2.0777740907922121e-07 -7.7709109387297897e-08 0 1.3261991293797422e-07 1.2616794532495117e-07 0 -2.0933384862867477e-08 2.8684052120165187e-08 0 -3.4588493789709179e-07 -7.4619628102189155e-08 0 1.6908802957468053e-07 -9.441327098373533e-09 0 -1.4970968822978875e-07 -3.8149774615551523e-08 0 5.380949720445388e-08 -1.1344491408137764e-07 0 -1.793935902597557e-07 -7.9860116234876594e-09 0 7.2131316049336116e-08 1.8080240738577893e-08 0 2.1552865699670626e-07 1.0469850063336193e-08 0 -4.7054562139884837e-08 1.3855156140429942e-07 0 7.8171926558102217e-08 1.2206505671754369e-08 0 1.568523962839266e-07 -7.7669573148597855e-08 0 -7.349319248737842e-08 -1.2797921272281612e-08 0 2.0359485544838795e-09 -2.2150577309987759e-08 0 5.6819961116781649e-08 -5.1187230730779642e-08 0 -1.0863074993205916e-08 1.6965381576663249e-08 0 9.5212447175063677e-09 -1.5874649563345254e-08 0 5.0966995965688867e-08 -3.2987959281358875e-08 0 -5.5266885640616109e-09 -2.0759324855423346e-08 0 -5.0239484431918868e-08 -3.8172082014896873e-08 0 -1.6569940685030828e-08 -1.5529073259154392e-08 0 7.3612761937271925e-08 2.1199477184573307e-08 0 4.7303987668241739e-08 -3.8034549634199537e-09 0 5.1997458298961198e-08 -3.8869850583073124e-08 0 -8.8476078837337414e-09 1.8101507596234694e-08 0 -4.4410588278493456e-08 1.7465282096814471e-08 0 7.1754508519220372e-09 -5.9843625085337477e-08 0 -2.8973141028432904e-08 -2.1196612719515724e-08 0 5.8993487779212962e-09 3.6516558356182648e-08 0 -2.9695573383002547e-08 5.1246937246520357e-09 0 -7.675904607452229e-08 6.3770904453137146e-09 0 5.9601804505184635e-08 -7.6500553190385727e-09 0 -5.6975810678733584e-09 -1.7377268643340927e-09 0 -1.5718786786705885e-10 -2.5372578883687546e-08 0 -5.6757335186344015e-09 -2.925144263213925e-08 0 -3.4558303241953552e-09 8.9147425457839572e-10 0 6.7925517120107886e-08 -2.2989445014331977e-08 0 9.2655688929880461e-09 1.1500276286824374e-08 0 -6.403658417564682e-10 -1.2630636092580971e-08 0 -1.0531348072749751e-08 -2.4081685978671885e-08 0 -1.3432427643841054e-08 -2.6261943730787607e-09 0 2.3145334010757196e-08 -1.9884396351699252e-09 0 6.4953050336282346e-09 -2.4834321266098414e-09 0 1.0337329925469438e-07 -3.5041978208028013e-09 0 -1.4790645051738136e-08 8.7361797795892926e-09 0 -2.0167749765353702e-07 7.438327997988381e-08 0 5.0122173786326178e-08 3.9501031778854667e-08 0 -3.163447799261161e-09 -9.4943857220641803e-09 0 -1.3256581241635238e-07 -5.4625516554551723e-08 0 -1.1034758526336276e-07 1.9561525732569862e-08 0 1.0181445745135438e-08 1.9731814404622128e-08 0 1.7819966729152987e-07 -8.0572277738610865e-09 0 -1.2115533594192509e-07 1.1900723961844051e-08 0 6.5469730732210898e-08 -1.2024372608721023e-09 0 6.671844583941406e-08 -9.0977387401380838e-08 0 1.7615179673021167e-07 8.4824733903587912e-09 0 3.0036519271598125e-08 2.0412549872617092e-08 0 -1.4217971581649359e-07 3.6485381826878438e-08 0 2.5915470500712123e-07 -1.2326566434239794e-08 0 5.2897550414839814e-09 1.8358356612679927e-08 0 -2.2286041326631564e-07 4.9392930634439836e-08 0 1.1998079002946624e-07 -2.5526006197651441e-08 0 -1.2466589521960442e-08 -2.9948168389637431e-09 0 -2.3252573476414266e-07 -6.4864330795444403e-08 0 1.719726957090393e-07 4.8326356250072422e-08 0 3.885684843421794e-08 2.358639505928295e-09 0 -2.4273500797204688e-08 -2.4448077340366581e-08 0 1.023114065053505e-07 -2.3193969411750004e-08 0 -4.6018213046656814e-09 -2.117235453624744e-08 0 2.8927947696160374e-08 3.5839491374645149e-09 0 -7.7826387216551159e-08 7.7184765245874587e-09 0 -1.188200843880439e-08 1.3507083451713697e-08 0 9.3151335183081085e-08 -3.3987618053288315e-08 0 -1.0527216821814932e-08 4.2815301526388794e-08 0 -1.525464679477826e-08 -3.2505610647604044e-08 0 -1.2205614151008049e-08 3.1883487849881931e-08 0 6.1717670619220569e-08 -1.1541843036866339e-08 0 3.741984532235202e-08 -7.2302128728551907e-09 0 7.9122938124233952e-09 -5.8914125133924244e-08 0 7.3602799693020969e-08 1.0252591664539068e-08 0 2.848905246546057e-08 -3.6741795383932185e-08 0 -3.743923173633473e-09 -1.774989755176648e-08 0 5.8871480772053914e-08 1.6509829947608523e-08 0 -6.0203035436236868e-09 -2.1625368162858649e-08 0 -2.8924893210280156e-08 6.3695352991999243e-08 0 -2.600558789246067e-08 -3.7613432368743815e-09 0 3.167235816038626e-08 1.5803385267076919e-08 0 -2.2607526775303085e-08 4.1795352030761945e-08 0 -1.0257231746920116e-08 -4.1238638107270191e-08 0 7.1970208373389807e-08 6.5838012913155043e-09 0 -2.5012946437968202e-08 3.7563621916337328e-08 0 -2.013060232854878e-08 9.6135595663310189e-09 0
        </DataArray>
        <DataArray type="Float64" Name="reaction_force_magnitude" format="ascii">
          268.98277134648339 174.86500506249567 149.38476780977373 137.81097177220695 133.06903336340329 132.03996997765623 132.93793057791623 133.9913247210697 131.87894629296758 121.93106640996736 103.72639894241755 83.520421510502118 67.03388927385987 55.236994608648544 46.970747265489457 41.057602982115185 36.701983084575815 33.404684078863959 30.848823189223477 28.831820015621506 27.217706662336134 25.914191101422471 24.856092867813892 23.996620001438714 23.302432996298982 22.748088248846692 22.31539941768694 21.990997478329163 21.765609029221334 21.632870477481561 21.589005855280558 21.632870546767535 21.765608962143435 21.990997447993774 22.31539940775972 22.748088290839029 23.302432987073264 23.996620053138663 24.856092845501795 25.914191012569496 27.217706608103864 28.831820075396891 30.848823133635797 33.404684074137883 36.70198306902671 41.057602909949281 46.970747231213309 55.236994609009486 67.033889297830896 83.520421531651991 103.72639900901552 121.9310664891604 131.87894637481983 133.99132478130531 132.93793064161767 132.03997001784265 133.06903344441548 137.81097183898504 149.38476787060122 174.86500513252585 268.98277130333804 5.8589911131216467e-08 6.6957056069850347e-08 5.5567860759078998e-08 1.1853346562668247e-07 7.101912496075818e-08 2.4709113208389444e-08 1.4541529680453937e-07 1.2735434388554189e-07 4.9566536111736398e-08 1.8628925529859829e-08 8.5325774148244762e-08 2.3194160483901858e-07 1.1728287928024142e-07 3.8826142187748253e-08 1.0825000053288581e-07 3.4194049546036516e-07 2.4093203127925224e-07 4.0428398138420081e-07 1.0859053755314253e-07 2.6723056278152878e-07 4.2719525545612083e-08 2.6347396883557133e-07 1.3892512561711195e-07 1.3412705189500063e-07 5.021155817175085e-08 3.1593690522469598e-07 2.1684999785290802e-07 1.3831341392267891e-07 1.0226814587515522e-07 2.5955931437800939e-07 2.9075836364202946e-07 2.3755738800146123e-07 5.8838449876376426e-08 5.3692187329799999e-07 1.2012198600953288e-07 1.0038143624163298e-07 5.5861381859221942e-08 3.4353760559966567e-07 1.596108147497276e-07 9.0818845908417102e-08 1.2420569071329963e-07 1.9792422913610867e-07 1.7628269710081124e-07 1.0287180947199526e-07 2.3057118806363121e-07 1.1813036976402315e-07 1.7390483130506187e-07 2.7005011839271403e-07 4.0524917311104697e-08 7.8028366470690657e-08 1.3158525385701053e-07 7.6200869632810622e-08 1.0965059968532322e-07 7.7078485788890987e-08 2.356446392034574e-08 8.4482071467746821e-08 6.4153806619223507e-08 6.726348360555246e-08 5.4842006873630296e-08 1.2790337105169331e-07 7.0068358213187927e-08 1.7214853106032387e-08 4.0019918540971777e-08 2.6483044845148094e-08 3.4341910621028988e-08 5.0192515607271205e-08 1.4996546565945414e-07 2.6416554119216272e-08 2.1499390817555233e-07 2.1123695280475756e-08 1.6859270282121132e-07 4.5158812451953494e-08 1.2445429391667898e-07 9.4276217461647405e-08 1.2497584454756914e-07 6.6424215679276999e-08 1.9955201457402688e-07 6.3395784952572635e-08 9.2517214099219298e-08 1.6736062623347802e-07 1.2148080955644892e-07 6.9731776687673797e-08 1.9316869653195724e-07 1.8238169638756533e-07 8.2913303434347917e-08 6.3249086377802179e-08 1.3904963049216341e-07 5.4644629456131002e-08 1.4508488605783556e-07 4.7362880086240574e-08 1.2922268673027421e-07 1.4004742198902722e-07 1.3968915380265779e-07 1.0085044777605736e-07 1.8724555533862922e-07 3.674455356704026e-08 8.3500283774923783e-08 1.0456386514900167e-07 1.4567156900758476e-07 1.074627196314092e-07 2.3397795843654089e-07 1.611086665347478e-07 1.7518787603841159e-07 8.4077265262072048e-08 1.8397579031731941e-07 7.7560636695957069e-08 2.6739485855296789e-07 1.2506371212127961e-07 7.9158231205378905e-08 7.0729932604378314e-08 9.049098499808176e-08 5.8689075390986985e-08 1.0211343524135382e-07 2.5083296873904828e-08 5.3882033557184413e-08 1.3772401744829951e-08 6.8322767675436061e-08 5.2115803463985956e-08 6.8314362073780701e-08 1.0195603776279027e-07 2.5322396110148658e-08 1.6272582583915379e-08 2.1161027280384352e-08 9.9645407381723005e-08 6.2422719229020082e-08 3.2230096503550951e-08 4.2510434321277758e-08 3.2575040726238464e-08 1.3381088463269455e-07 4.4907527882736497e-08 1.1449897429923089e-08 8.5282760693552827e-08 2.747730449846436e-08 1.9481602950029635e-07 3.066334689454051e-08 1.3722120810248129e-07 1.2115026197788373e-07 2.3264014607725838e-07 8.4106040003273794e-08 1.3901549052395995e-07 1.2067497891884357e-07 1.5768378021729195e-07 6.3870986194163819e-08 1.5072705974225333e-07 1.2932228270470885e-07 2.1071552751177204e-08 1.1421288035614498e-07 9.4015940678012281e-08 6.8495047900633514e-08 6.1237860608892576e-08 3.1408217924530161e-08 3.1554328179192702e-07 2.4811315639301522e-07 1.2613857256956263e-07 8.1921020840965229e-08 5.62613659227806e-08 3.5045292377782572e-08 6.6234595219533374e-08 1.3542417760002744e-07 1.6104401816843622e-07 1.0197596509390879e-07 1.3941493885057714e-07 9.7143082662332455e-08 3.5876847074318146e-08 1.0991259907301719e-07 5.4855747163613513e-08 5.3433712062148807e-08 1.7015527905951742e-07 1.6132283571476524e-07 1.0165964232108639e-07 5.9327204566842116e-08 1.5703162167418002e-07 9.4227619209073324e-08 8.0240129903580143e-09 6.3281866164852346e-08 6.8846763984403581e-08 4.4203612479788749e-08 1.077704420060406e-07 2.1274985135611681e-08 3.9036805388538772e-08 4.5096113056410285e-08 2.8994808364830184e-08 1.9118601006765725e-08 1.0797142316926089e-07 6.9546219659532801e-08 6.2289915565115825e-08 6.3629418355381952e-08 4.756670148250521e-08 6.8681157692165128e-08 7.0403197277263118e-08 5.2658099721783994e-08 5.6134986344770721e-08 1.8744807606665188e-08 6.4213588711858873e-08 3.6586819846036281e-08 2.8318742940357122e-08 5.3323996834569281e-08 1.3892018835887571e-07 1.4818754700536537e-07 1.0994650717572042e-07 7.3112167063015556e-08 2.1330825035886631e-07 5.1148675120370306e-08 8.7341230163185253e-08 2.2192279831996866e-08 2.4508888631933493e-07 1.3639258444957369e-08 4.0870828148506621e-08 1.1063338152015618e-07 6.1948293580966039e-08 2.3484758751571902e-07 4.5003737113137717e-08 1.5407219535311496e-07 3.2269419684687107e-07 3.5373341221487497e-08 1.3710075643601186e-08 2.2370817542944136e-08 9.7718774720373282e-08 1.7303612528424567e-07 1.1118583231765655e-07 1.1954457323069042e-07 2.921962838101084e-07 9.6422352022443853e-08 1.6165504206431372e-07 7.5246482136627009e-08 1.4618627730136753e-07 4.1301446711503643e-08 4.9606709438590932e-08 1.0455929626422341e-07 5.1386159034710823e-08 5.382814267876427e-08 1.1757613946617679e-07 3.0578106594941488e-08 1.0602149231700322e-07 3.5809269837172176e-08 1.0617968344257167e-07 7.2474088006455821e-09 1.2483586611193451e-07 8.2178225153953193e-08 4.3983412080249519e-08 1.3879123506559183e-08 5.9827084926563422e-08 1.1538943000878824e-07 3.2001505637869704e-08 1.8213855070377036e-08 6.140058967246749e-08 7.6825337610180161e-08 3.264304951858973e-08 6.5999210963525575e-08 2.8739780514622147e-08 1.0875281325814092e-07 1.3389081697688339e-08 1.4017583181466384e-07 2.1718330540409729e-08 5.3972342312648554e-08 7.4326080333570004e-08 1.5617243250036889e-07 4.803125291702409e-08 1.2160431368277233e-07 2.2904643982060512e-08 8.7048747466319851e-08 2.4515033227120035e-08 3.476536365099785e-07 3.778362251068719e-08 7.572948356534156e-08 3.1200834417482597e-08 2.4471683980710768e-07 3.3535577391899219e-08 3.014466859863158e-07 3.5141688865304286e-08 1.4225393790363302e-07 7.2427865539949204e-08 1.6885734797721752e-07 2.2039679279327343e-08 6.2481372665474997e-08 7.2457585503769976e-08 1.4851531634165324e-07 3.9553172430596093e-08 1.0363823675424094e-07 9.9538453679184981e-08 1.2992059572279553e-07 6.7273383256455089e-08 2.2131104728990311e-07 9.3297135453681959e-09 1.743154894473823e-07 7.4177759961531265e-08 8.5617465139853184e-08 5.2692197321672236e-08 6.3037812551074823e-08 5.1202889762926519e-08 8.7643070331073827e-08 8.1406591631903434e-08 1.0678811842413917e-07 3.2477574680840938e-08 5.1148984720224391e-08 3.7691460145994093e-08 1.0553861823297776e-08 1.280853571146765e-08 2.9946396266342975e-08 3.2628261791575695e-08 1.9123998170511765e-08 5.1939490073294128e-08 7.1628433924049438e-08 3.1456088356839022e-08 9.8101482911118624e-09 4.8729192260313688e-09 4.2065547266683518e-08 4.586651247566182e-08 6.3025101259638104e-08 4.2721429877420251e-08 3.2434442248810078e-08 4.6850761726659243e-08 4.0521392015799946e-08 4.8786949420516083e-08 2.1906299616421054e-08 4.2186515239236588e-08 9.8059955814173708e-08 1.2101067413075026e-07 9.0926266955042316e-08 1.42699554637406e-07 4.887407792591246e-08 5.6899483225326114e-08 1.3913471861778051e-07 1.4096314762392552e-07 1.1171742374923843e-07 1.891675552710527e-07 1.0107826467160029e-07 5.6364027836043151e-08 3.3493969493016634e-08 1.0299415459838182e-07 1.1159010013678834e-07 6.1255669606235066e-08 1.4574583777872501e-07 1.0788925068130018e-07 1.1707763414809306e-07 6.6859161742368426e-08 9.2252413889647175e-08 2.737358559972299e-07 8.0915655959242168e-08 4.2224376204759556e-08 1.2417669459996171e-07 1.1219595351698012e-07 1.0123439197193037e-07 1.0252417412816149e-07 4.3495555765892122e-08 1.0040170343578402e-07 9.2687784379443973e-08 6.0171082003032507e-08 1.2449008756459038e-08 3.1491001996886877e-08 3.5058149758731576e-08 2.4074194733591873e-08 8.8332267312208035e-08 1.8659547861830875e-08 7.0098625437976809e-08 7.8731985970663089e-08 5.4637522065479606e-08 9.3579273606175533e-08 4.7356902064506868e-09 2.6348567375963764e-08 2.6336608800921043e-08 2.2284838986243658e-08 2.9939628913901523e-08 6.007959415647854e-08 4.8846566256740121e-08 1.6704836631873936e-08 2.7971295391871016e-08 2.9015936757528302e-08 4.0057227067238947e-08 3.7997805063748528e-08 1.7370881018738968e-08 1.9195643721046435e-08 3.6200211972387971e-08 6.8225999595905984e-08 2.6246521379961076e-08 5.5409750339253627e-08 4.3163584130584758e-09 7.4378711125131374e-08 8.4424004618613642e-08 6.6084091215580563e-08 2.8974646306958444e-07 1.4238225216667401e-07 5.168829048035145e-08 1.4907162920459004e-07 5.4204250334595551e-08 6.4371509510883245e-08 1.7207066842548817e-07 1.2008745624988393e-07 1.9512389452817862e-07 9.2821466090864246e-08 1.9846596460439079e-08 4.5839898039483547e-08 1.0276745843579668e-07 1.7919404756580959e-07 4.809915291477959e-08 2.2183362550668703e-07 1.8304751223438065e-07 3.5510300587988297e-08 3.5384244963286139e-07 1.6935141098563813e-07 1.5449400005527052e-07 1.2555958951958741e-07 1.7957125774448314e-07 7.4362772004371559e-08 2.1578280688496153e-07 1.4632384284779304e-07 7.9119206786468094e-08 1.7502924559368742e-07 7.4599169773385374e-08 2.2243946630089039e-08 7.647640532346333e-08 2.014523691471015e-08 1.8511039941874163e-08 6.071112035957776e-08 2.1482408033950173e-08 6.3096066765980205e-08 2.2709360417977954e-08 7.6604546555232053e-08 4.7456648838449711e-08 6.4919958055305595e-08 2.0148070441629137e-08 4.7721446226651264e-08 6.0272270226720199e-08 3.5899015193102413e-08 3.6990016898942535e-08 3.0134524458115763e-08 7.7023492759146846e-08 6.0090751756477451e-08 5.9566873914968311e-09 2.5373065783124271e-08 2.9796993926164492e-08 3.5689619746089031e-09 7.1710462682240894e-08 1.4768450209280685e-08 1.2646858760755478e-08 2.6283776208999573e-08 1.3686745752450284e-08 2.3230591440000585e-08 6.953878242200834e-09 1.0343267569374736e-07 1.7178009727200956e-08 2.1495740368816844e-07 6.3816642160652497e-08 1.0007535271883205e-08 1.4337936281229294e-07 1.1206802783328127e-07 2.2203746016372773e-08 1.7838172648063429e-07 1.2173841898930977e-07 6.5480771967918451e-08 1.1281948428178422e-07 1.7635591242172732e-07 3.6316176591915149e-08 1.4678642538297603e-07 2.5944769293132236e-07 1.9105254929396624e-08 2.2826831886595998e-07 1.2266607912743199e-07 1.2821262894426378e-08 2.4140339421214703e-07 1.7863382876107969e-07 3.8928368197995541e-08 3.4451579449895215e-08 1.0490750267819871e-07 2.166668770090695e-08 2.914911404025383e-08 7.8208192838353999e-08 1.7989536623031089e-08 9.9158103185402499e-08 4.4090501684706353e-08 3.5907088052459338e-08 3.4139915264640842e-08 6.2787618264672713e-08 3.8111950909597257e-08 5.9443069685790939e-08 7.431344264997244e-08 4.6492855778221508e-08 1.8140447178288507e-08 6.1142667043507877e-08 2.2447730462934297e-08 6.9955324600787159e-08 2.6276192733691037e-08 3.5396119241231095e-08 4.7517909447611037e-08 4.2495130027479892e-08 7.2270722514394966e-08 4.5129515629820403e-08 2.2308332022936369e-08
        </DataArray>
        <DataArray type="Float64" Name="contact_force" NumberOfComponents="3" format="ascii">
          -0 -0 0 -0 -0 0 -0 -0 0 -0 -0 0 -0 -0 0 -0 -0 0 -0 -0 0 -0 -0 0 -0 -0 0 -0 -0 0 -0 -0 0 -0 -0 0 -0 -0 0 -0 -0 0 -0 -0 0 -0 -0 0 -0 -0 0 -0 -0 0 -0 -0 0 -0 -0 0 -0 -0 0 -0 -0 0 -0 -0 0 -0 -0 0 -0 -0 0 -0 -0 0 -0 -0 0 -0 -0 0 -0 -0 0 -0 -0 0 -0 -0 0 -0 -0 0 -0 -0 0 -0 -0 0 -0 -0 0 -0 -0 0 -0 -0 0 -0 -0 0 -0 -0 0 -0 -0 0 -0 -0 0 -0 -0 0 -0 -0 0 -0 -0 0 -0 -0 0 -0 -0 0 -0 -0 0 -0 -0 0 -0 -0 0 -0 -0 0 -0 -0 0 -0 -0 0 -0 -0 0 -0 -0 0 -0 -0 0 -0 -0 0 -0 -0 0 -0 -0 0 -0 -0 0 -0 -0 0 -0 -0 0 -0 -0 0 -0 -0 0 -0 -0 0 -0 -0 0 -0 -0 0 -0 -0 0 -0 -0 0 -0 -0 0 -0 -0 0 -0 -0 0 -0 -0 0 -0 -0 0 -0 -0 0 -0 -0 0 -0 -0 0 -0 -0 0 -0 -0 0 -0 -0 0 -0 -0 0 -0 -0 0 -0 -0 0 -0 -0 0 -0 -0 0 -0 -0 0 -0 -0 0 -0 -0 0 -0 -0 0 -0 -0 0 -0 -0 0 -0 -0 0 -0 -0 0 -0 -0 0 -0 -0 0 -0 -0 0 -0 -0 0 -0 -0 0 -0 -0 0 -0 -0 0 -0 -0 0 -0 -0 0 -0 -0 0 -0 -0 0 -0 -0 0 -0 -0 0 -0 -0 0 -0 -0 0 -0 -0 0 -0 -0 0 -0 -0 0 -0 -0 0 -0 -0 0 -0 -0 0 -0 -0 0 -0 -0 0 -0 -0 0 -0 -0 0 -0 -0 0 -0 -0 0 -0 -0 0 -0 -0 0 -0 -0 0 -0 -0 0 -0 -0 0 -0 -0 0 -0 -0 0 -0 -0 0 -0 -0 0 -0 -0 0 -0 -0 0 -0 -0 0 -0 -0 0 -0 -0 0 -0 -0 0 -0 -0 0 -0 -0 0 -0 -0 0 -0 -0 0 -0 -0 0 -0 -0 0 -0 -0 0 -0 -0 0 -0 -0 0 -0 -0 0 -0 -0 0 -0 -0 0 -0 -0 0 -0 -0 0 -0 -0 0 -0 -0 0 -0 -0 0 -0 -0 0 -0 -0 0 -0 -0 0 -0 -0 0 -0 -0 0 -0 -0 0 -0 -0 0 -0 -0 0 -0 -0 0 -0 -0 0 -0 -0 0 -0 -0 0 -0 -0 0 -0 -0 0 -0 -0 0 -0 -0 0 -0 -0 0 -0 -0 0 -0 -0 0 -0 -0 0 -0 -0 0 -0 -0 0 -0 -0 0 -0 -0 0 -0 -0 0 -0 -0 0 -0 -0 0 -0 -0 0 -0 -0 0 -0 -0 0 -0 -0 0 -0 -0 0 -0 -0 0 -0 -0 0 -0 -0 0 -0 -0 0 -0 -0 0 -0 -0 0 -0 -0 0 -0 -0 0 -0 -0 0 -0 -0 0 -0 -0 0 -0 -0 0 -0 -0 0 -0 -0 0 -0 -0 0 -0 -0 0 -0 -0 0 -0 -0 0 -0 -0 0 -0 -0 0 -0 -0 0 -0 -0 0 -0 -0 0 -0 -0 0 -0 -0 0 -0 -0 0 -0 -0 0 -0 -0 0 -0 -0 0 -0 -0 0 -0 -0 0 -0 -0 0 -0 -0 0 -0 -0 0 -0 -0 0 -0 -0 0 -0 -0 0 -0 -0 0 -0 -0 0 -0 -0 0 -0 -0 0 -0 -0 0 -0 -0 0 -0 -0 0 -0 -0 0 -0 -0 0 -0 -0 0 -0 -0 0 -0 -0 0 -0 -0 0 -0 -0 0 -0 -0 0 -0 -0 0 -0 -0 0 -0 -0 0 -0 -0 0 -0 -0 0 -0 -0 0 -0 -0 0 -0 -0 0 -0 -0 0 -0 -0 0 -0 -0 0 -0 -0 0 -0 -0 0 -0 -0 0 -0 -0 0 -0 -0 0 -0 -0 0 -0 -0 0 -0 -0 0 -0 -0 0 -0 -0 0 -0 -0 0 -0 -0 0 -0 -0 0 -0 -0 0 -0 -0 0 -0 -0 0 -0 -0 0 -0 -0 0 -0 -0 0 -0 -0 0 -0 -0 0 -0 -0 0 -0 -0 0 -0 -0 0 -0 -0 0 -0 -0 0 -0 -0 0 -0 -0 0 -0 -0 0 -0 -0 0 -0 -0 0 -0 -0 0 -0 -0 0 -0 -0 0 -0 -0 0 -0 -0 0 -0 -0 0 -0 -0 0 -0 -0 0 -0 -0 0 -0 -0 0 -0 -0 0 -0 -0 0 -0 -0 0 -0 -0 0 -0 -0 0 -0 -0 0 -0 -0 0 -0 -0 0 -0 -0 0 -0 -0 0 -0 -0 0 -0 -0 0 -0 -0 0 -0 -0 0 -0 -0 0 -0 -0 0 -0 -0 0 -0 -0 0 -0 -0 0 -0 -0 0 -0 -0 0 -0 -0 0 -0 -0 0 -0 -0 0 -0 -0 0 -0 -0 0 -0 -0 0 -0 -0 0 -0 -0 0 -0 -0 0 -0 -0 0 -0 -0 0 -0 -0 0 -0 -0 0 -0 -0 0 -0 -0 0 -0 -0 0 -0 -0 0 -0 -0 0 -0 -0 0 -0 -0 0 -0 -0 0 -0 -0 0 -0 -0 0 -0 -0 0 -0 -0 0 -0 -0 0 -0 -0 0 -0 -0 0 -0 -0 0 -0 -0 0 -0 -0 0 -0 -0 0 -0 -0 0 -0 -0 0 -0 -0 0 -0 -0 0 -0 -0 0 -0 -0 0 -0 -0 0 -0 -0 0 -0 -0 0 -0 -0 0 -0 -0 0 -0 -0 0 -0 -0 0 -0 -0 0 -0 -0 0 -0 -0 0 -0 -0 0 -0 -0 0 -0 -0 0 -0 -0 0 -0 -0 0 -0 -0 0 -0 -0 0 -0 -0 0 -0 -0 0 -0 -0 0 -0 -0 0 -0 -0 0 -0 -0 0 -0 -0 0 -0 -0 0 -0 -0 0 -0 -0 0 -0 -0 0 -0 -0 0 -0 -0 0 -0 -0 0 -0 -0 0 -0 -0 0 -0 -0 0 -0 -0 0 -0 -0 0 -0 -0 0 -0 -0 0 -0 -0 0 -0 -0 0 -0 -0 0 -0 -0 0 -0 -0 0 -0 -0 0 -0 -0 0 -0 -0 0 -0 -0 0 -0 -0 0 -0 -0 0 -0 -0 0 -0 -0 0 -0 -0 0 -0 -0 0 -0 -0 0 -0 -0 0 -0 -0 0 -0 -0 0 -0 -0 0 -0 -0 0 -0 -0 0 -0 -0 0 -0 -0 0 -0 -0 0 -0 -0 0 -0 -0 0 -0 -0 0 -0 -0 0 -0 -0 0 -0 -0 0 -0 -0 0 -0 -0 0 -0 -0 0 -0 -0 0 -0 -0 0 -0 -0 0 -0 -0 0 -0 -0 0 -0 -0 0 -0 -0 0 -0 -0 0 -0 -0 0 -0 -0 0 -0 -0 0 -0 -0 0 -0 -0 0 -0 -0 0 -0 -0 0 -0 -0 0 -0 -0 0 -0 -0 0 -0 -0 0 -0 -0 0 -0 -0 0 -0 -0 0 -0 -0 0 -0 -0 0 -0 -0 0 -0 -0 0 -0 -0 0 -0 -0 0 -0 -0 0 -0 -0 0 -0 -0 0 -0 -0 0 -0 -0 0 -0 -0 0 -0 -0 0 -0 -0 0 -0 -0 0 -0 -0 0 -0 -0 0 -0 -0 0 -0 -0 0 -0 -0 0 -0 -0 0 -0 -0 0 -0 -0 0 -0 -0 0 -0 -0 0 -0 -0 0 -0 -0 0 -0 -0 0 -0 -0 0 -0 -0 0 -0 -0 0 -0 -0 0 -0 -0 0 -0 -0 0 -0 -0 0 -0 -0 0 -0 -0 0 -0 -0 0 -0 -0 0 -0 -0 0 -0 -0 0 -0 -0 0 -0 -0 0 -0 -0 0 -0 -0 0 -0 -0 0 -0 -0 0 -0 -0 0 -0 -0 0 -0 -0 0 -0 -0 0 -0 -0 0 -0 -0 0 -0 -15.319506743199145 0 -0 -79.879229642060409 0 -0 -142.28877370965094 0 -0 -186.76797882856908 0 -0 -204.56193923596919 0 -0 -192.98593972648712 0 -0 -165.61317084015249 0 -0 -138.36631598525096 0 -0 -117.09253461769147 0 -0 -101.45338435396083 0 -0 -89.921003569642963 0 -0 -81.245313940350925 0 -0 -74.57493375663212 0 -0 -69.342224319985363 0 -0 -65.173594204282111 0 -0 -61.812091570376182 0 -0 -59.080529431646035 0 -0 -56.851891867521026 0 -0 -55.033946128716359 0 -0 -53.560585127188077 0 -0 -52.380692167820293 0 -0 -51.457656056314804 0 -0 -50.764403961522319 0 -0 -50.282147114305154 0 -0 -49.997907934937736 0 -0 -49.903937750575146 0 -0 -49.997907935932965 0 -0 -50.282147115522484 0 -0 -50.764403962542822 0 -0 -51.457656057587045 0 -0 -52.380692169166373 0 -0 -53.560585128296154 0 -0 -55.033946129347129 0 -0 -56.851891868413439 0 -0 -59.080529433152066 0 -0 -61.812091572455742 0 -0 -65.173594207599265 0 -0 -69.342224323915801 0 -0 -74.574933761493654 0 -0 -81.245313947039051 0 -0 -89.921003580012879 0 -0 -101.45338436698613 0 -0 -117.0925346316093 0 -0 -138.36631599872035 0 -0 -165.61317085305558 0 -0 -192.9859397346051 0 -0 -204.56193923651182 0 -0 -186.7679788224203 0 -0 -142.28877369062462 0 -0 -79.879229607429025 0 -0 -15.319506717247396 0 -0 -0 0 -0 -0 0 -0 -0 0 -0 -0 0 -0 -0 0
        </DataArray>
        <DataArray type="Float64" Name="contact_force_magnitude" format="ascii">
          0 0 0 0 0 0 0 0 0 0 0 0 0 0 0 0 0 0 0 0 0 0 0 0 0 0 0 0 0 0 0 0 0 0 0 0 0 0 0 0 0 0 0 0 0 0 0 0 0 0 0 0 0 0 0 0 0 0 0 0 0 0 0 0 0 0 0 0 0 0 0 0 0 0 0 0 0 0 0 0 0 0 0 0 0 0 0 0 0 0 0 0 0 0 0 0 0 0 0 0 0 0 0 0 0 0 0 0 0 0 0 0 0 0 0 0 0 0 0 0 0 0 0 0 0 0 0 0 0 0 0 0 0 0 0 0 0 0 0 0 0 0 0 0 0 0 0 0 0 0 0 0 0 0 0 0 0 0 0 0 0 0 0 0 0 0 0 0 0 0 0 0 0 0 0 0 0 0 0 0 0 0 0 0 0 0 0 0 0 0 0 0 0 0 0 0 0 0 0 0 0 0 0 0 0 0 0 0 0 0 0 0 0 0 0 0 0 0 0 0 0 0 0 0 0 0 0 0 0 0 0 0 0 0 0 0 0 0 0 0 0 0 0 0 0 0 0 0 0 0 0 0 0 0 0 0 0 0 0 0 0 0 0 0 0 0 0 0 0 0 0 0 0 0 0 0 0 0 0 0 0 0 0 0 0 0 0 0 0 0 0 0 0 0 0 0 0 0 0 0 0 0 0 0 0 0 0 0 0 0 0 0 0 0 0 0 0 0 0 0 0 0 0 0 0 0 0 0 0 0 0 0 0 0 0 0 0 0 0 0 0 0 0 0 0 0 0 0 0 0 0 0 0 0 0 0 0 0 0 0 0 0 0 0 0 0 0 0 0 0 0 0 0 0 0 0 0 0 0 0 0 0 0 0 0 0 0 0 0 0 0 0 0 0 0 0 0 0 0 0 0 0 0 0 0 0 0 0 0 0 0 0 0 0 0 0 0 0 0 0 0 0 0 0 0 0 0 0 0 0 0 0 0 0 0 0 0 0 0 0 0 0 0 0 0 0 0 0 0 0 0 0 0 0 0 0 0 0 0 0 0 0 0 0 0 0 0 0 0 0 0 0 0 0 0 0 0 0 0 0 0 0 0 0 0 0 0 0 0 0 0 0 0 15.319506743199145 79.879229642060409 142.28877370965094 186.76797882856908 204.56193923596919 192.98593972648712 165.61317084015249 138.36631598525096 117.09253461769147 101.45338435396083 89.921003569642963 81.245313940350925 74.57493375663212 69.342224319985363 65.173594204282111 61.812091570376182 59.080529431646035 56.851891867521026 55.033946128716359 53.560585127188077 52.380692167820293 51.457656056314804 50.764403961522319 50.282147114305154 49.997907934937736 49.903937750575146 49.997907935932965 50.282147115522484 50.764403962542822 51.457656057587045 52.380692169166373 53.560585128296154 55.033946129347129 56.851891868413439 59.080529433152066 61.812091572455742 65.173594207599265 69.342224323915801 74.574933761493654 81.245313947039051 89.921003580012879 101.45338436698613 117.0925346316093 138.36631599872035 165.61317085305558 192.9859397346051 204.56193923651182 186.7679788224203 142.28877369062462 79.879229607429025 15.319506717247396 0 0 0 0 0
        </DataArray>
        <DataArray type="Float64" Name="rigid_plane_signed_distance" format="ascii">
          0.24349364905389026 0.23913321701784251 0.23505922624469661 0.23127696121392904 0.22779133924989714 0.22460700221956797 0.22172901521115362 0.21916655928316353 0.21694575820046957 0.21512795443849569 0.21377226815111483 0.21283421140383363 0.21218960345156068 0.21173019337253191 0.211388164573166 0.21112387519109965 0.21091371896707795 0.21074297309501172 0.210602075641032 0.21048454649480408 0.21038584342810773 0.21030270121916284 0.2102327079353381 0.21017406553815854 0.21012540670199087 0.21008569414189127 0.21005413984646792 0.21003015401495317 0.21001330867112961 0.21000331338524691 0.21000000000000002 0.21000331338524691 0.21001330867112961 0.21003015401495323 0.21005413984646792 0.21008569414189127 0.21012540670199092 0.21017406553815854 0.21023270793533816 0.21030270121916289 0.21038584342810773 0.21048454649480408 0.21060207564103206 0.21074297309501178 0.210913718967078 0.21112387519109971 0.21138816457316606 0.21173019337253196 0.21218960345156079 0.2128342114038338 0.213772268151115 0.21512795443849592 0.21694575820046985 0.21916655928316381 0.22172901521115385 0.2246070022195682 0.22779133924989731 0.23127696121392927 0.23505922624469677 0.23913321701784257 0.24349364905389037 0.20226182852964214 0.19597886194642156 0.19039644003979866 0.18538624779716234 0.18088290402640317 0.1768482302080206 0.17325881014338473 0.17010439778700587 0.16740013916130103 0.16520614596405489 0.16358101598316682 0.1624619721418763 0.16169555353781945 0.16115059573903517 0.16074556005802504 0.1604329834713831 0.16018467856370563 0.15998309975521724 0.15981686852760424 0.15967828282096724 0.15956194914583599 0.15946399343984216 0.15938155605798704 0.15931250638889283 0.15925522504393697 0.15920848400936974 0.15917135070915803 0.15914312733811112 0.15912330766344773 0.15911154820738999 0.15910765011839564 0.15911154820706963 0.15912330766296218 0.1591431273373517 0.15917135070809785 0.15920848400803955 0.1592552250424763 0.15931250638733252 0.15938155605648835 0.15946399343842285 0.15956194914440078 0.15967828281945079 0.15981686852630056 0.1599830997541235 0.16018467856295082 0.16043298347100904 0.16074556005786433 0.16115059573898907 0.16169555353786511 0.16246197214208774 0.16358101598340682 0.16520614596452055 0.16740013916192958 0.17010439778771858 0.17325881014415101 0.1768482302088667 0.18088290402723389 0.18538624779825533 0.19039644004082432 0.1959788619472303 0.20226182853038596 0.16443088887679058 0.15795169128806219 0.15188186094631023 0.14631742546146381 0.14127471557544385 0.13674888024775522 0.13272949829827152 0.12921011285583578 0.1262066961379596 0.12378135524642318 0.12199220908793877 0.12076410381537114 0.11992489040250566 0.11932913631654755 0.11888687428119542 0.11854587997268844 0.11827519492861385 0.11805557467994759 0.11787455171051675 0.11772369386578822 0.11759710047416209 0.11749053558018387 0.11740087398709585 0.11732578815971202 0.11726350969796853 0.11721269797652578 0.11717233515977718 0.11714165980179703 0.11712011959098519 0.11710733983116001 0.1171031036135001 0.11710733983161437 0.11712011959179811 0.11714165980307292 0.11717233516145337 0.11721269797855988 0.11726350970038857 0.11732578816245107 0.11740087398994925 0.11749053558303342 0.11759710047693431 0.1177236938684883 0.1178745517129817 0.11805557468223797 0.11827519493060022 0.11854587997424612 0.11888687428244846 0.1193291363174247 0.11992489040322096 0.12076410381577145 0.12199220908807935 0.12378135524643309 0.12620669613797023 0.12921011285597975 0.13272949829885278 0.13674888024866633 0.14127471557659743 0.14631742546298709 0.15188186094789852 0.15795169128990277 0.16443088887894916 0.13351303269665216 0.12660038756623715 0.12022384403573716 0.11436678818764323 0.1090470600752773 0.10427303182719179 0.10004298563740159 0.096353056692654482 0.093217847394274841 0.090696695775330183 0.08884326324944429 0.087574188349572965 0.086708439034206816 0.086094554395192591 0.085639206276480015 0.085288336130679251 0.085009942358605595 0.084784151763874022 0.084598098982542336 0.084443087908489048 0.084313036078859177 0.084203578737528872 0.084111496760588253 0.084034393302674537 0.083970447755138428 0.083918280177186028 0.083876843058917627 0.083845352859480513 0.083823241301271362 0.08381012288700676 0.083805774465863389 0.083810122887196983 0.083823241301721835 0.083845352860199104 0.083876843059937548 0.083918280178443549 0.083970447756564495 0.084034393304205243 0.084111496762188778 0.084203578739260918 0.084313036080487722 0.084443087910027373 0.084598098984011147 0.084784151765178298 0.085009942359915727 0.085288336131993339 0.085639206277501295 0.086094554395982958 0.086708439034413554 0.08757418834947843 0.088843263248933962 0.090696695774572886 0.093217847393522527 0.096353056692364963 0.10004298563783563 0.10427303182813037 0.10904706007689682 0.11436678818986777 0.12022384403845081 0.12660038756958136 0.13351303270009873 0.10779464257679962 0.10059172129073558 0.09391906890055611 0.08781289753907949 0.082292481326321498 0.077367992620773013 0.073035435565918849 0.06928335173467795 0.066115569876861194 0.063580541602080154 0.061722922798549198 0.060453475930680331 0.059588479318119836 0.058975569098357619 0.05852116025397916 0.058171131682217728 0.057893475028644809 0.057668325607374754 0.057482829410924821 0.057328301052327613 0.057198667247369411 0.057089570786798327 0.056997798715903644 0.056920959134446794 0.056857235429555758 0.056805250828990225 0.056763960319699824 0.056732582282878391 0.056710549866067717 0.056697478554224079 0.056693145770696812 0.05669747855420082 0.056710549866085896 0.056732582282979435 0.056763960319813289 0.056805250829008946 0.056857235429613767 0.056920959134744209 0.056997798716442852 0.057089570787117086 0.05719866724768595 0.057328301052582464 0.057482829411071912 0.057668325607051013 0.057893475027981797 0.058171131681160504 0.058521160252725912 0.058975569097268268 0.059588479317197685 0.060453475929913708 0.06172292279817379 0.063580541601433241 0.066115569876159269 0.069283351734437323 0.073035435566306262 0.077367992622410453 0.082292481328645764 0.08781289754205579 0.093919068904548819 0.10059172129523153 0.10779464258200408 0.085870021362365545 0.078397567114511887 0.071456317677226711 0.065112249872094768 0.059413388634121322 0.054380880599232545 0.050005339060256782 0.046256448012809953 0.043115594542660021 0.040613421338399083 0.038784218198360226 0.037535728806498997 0.036685572278173734 0.036083406479124502 0.035637071572022241 0.035293319605991039 0.035020674984397204 0.034799610269899334 0.034617492647437423 0.034465787697272654 0.034338528520779843 0.034231434695431523 0.034141350176244895 0.034065925594658861 0.034003376752767628 0.033952351509973777 0.033911823592139179 0.033881025421257843 0.033859400341865742 0.033846570762969472 0.033842318118712675 0.033846570762963268 0.033859400341709686 0.033881025420809438 0.033911823591455559 0.033952351508871007 0.034003376751110342 0.034065925592873456 0.034141350174463361 0.034231434693543838 0.034338528518699243 0.034465787695425965 0.034617492645833262 0.034799610268500897 0.035020674983099104 0.035293319604614917 0.035637071570453718 0.036083406477716892 0.036685572276571349 0.037535728805076718 0.038784218197145948 0.040613421337478889 0.043115594542330604 0.046256448012892151 0.050005339061165846 0.054380880601252748 0.059413388637110903 0.065112249876110861 0.071456317681974815 0.078397567120520845 0.085870021369421679 0.066794111842505083 0.059041340637526321 0.051822141156017798 0.045229545877095975 0.039344971761672676 0.034219242239864334 0.029840851827057632 0.026141312729837884 0.023063796731508476 0.020619645791511584 0.018835758449842213 0.017619332803028687 0.016791461500078902 0.016205279028508213 0.01577089011184038 0.015436393419933789 0.01517112261934464 0.014956057857034327 0.014778897210546427 0.014631331121224431 0.014507550633137911 0.014403389045982123 0.014315774430880987 0.014242420191154598 0.014181589908586686 0.014131967714987106 0.014092554908491581 0.014062604558324032 0.014041574997092354 0.014029098807700424 0.014024963315982936 0.014029098807381915 0.014041574996479483 0.014062604557634292 0.014092554907505023 0.014131967713558402 0.014181589906891834 0.014242420189336816 0.014315774429037795 0.014403389044120876 0.014507550631345054 0.014631331119479549 0.014778897208935424 0.014956057855526034 0.015171122617847962 0.015436393418399849 0.015770890110188007 0.016205279026809002 0.016791461498383189 0.017619332801357676 0.018835758448288414 0.020619645790618424 0.023063796731053202 0.02614131273023948 0.029840851828495524 0.034219242242471457 0.039344971765330916 0.045229545881756469 0.051822141161860028 0.059041340644759688 0.066794111851234031 0.04993094050558837 0.041882328259393975 0.03438006245744854 0.027516701564787499 0.021404156585803538 0.016166182618644706 0.011816461912371456 0.0081973605516916376 0.0052021595154033567 0.0028303319061535881 0.001102698880660169 -7.387436882706766e-05 -0.00087401589937279034 -0.0014402968074298667 -0.0018598026439354681 -0.0021827623842053251 -0.0024388371331337533 -0.0026464161129175073 -0.0028173900288005899 -0.002959788903795918 -0.0030792252703485817 -0.0031797243524989555 -0.0032642533893616765 -0.003335020830222038 -0.0033937035895355572 -0.0034415723504869905 -0.0034795914592458815 -0.0035084821148869128 -0.0035287673028189664 -0.0035408017570802974 -0.0035447908063328815 -0.0035408017571751937 -0.0035287673033132932 -0.0035084821155459689 -0.0034795914600643935 -0.0034415723514121255 -0.0033937035902112389 -0.0033350208307089124 -0.0032642533898798454 -0.0031797243530018032 -0.0030792252714659935 -0.0029597889049804565 -0.0028173900300433041 -0.0026464161142659426 -0.0024388371349935573 -0.0021827623860533607 -0.0018598026459302058 -0.0014402968094789498 -0.00087401590124651374 -7.3874370509513509e-05 0.0011026988795842102 0.0028303319058476939 0.0052021595154571332 0.0081973605522416421 0.011816461913964793 0.016166182621605449 0.021404156589895224 0.027516701569941723 0.03438006246431155 0.041882328267757271 0.049930940515819575 0.0348093290699346 0.026478294837056188 0.018709724585698945 0.011577048348623178 0.0051891636037893346 -0.00026440205395220073 -0.0045782480149570426 -0.0081004735836792963 -0.010994854491289008 -0.013277589119372629 -0.014936585269007735 -0.016064840955258827 -0.016831453627200205 -0.017373704354716787 -0.017775261262619052 -0.018084323864027932 -0.018329333616302096 -0.018527914700559631 -0.018691459055913198 -0.018827657790386726 -0.018941885419010027 -0.019037995814473088 -0.019118829509531338 -0.019186500412855939 -0.01924261349829437 -0.019288384845015355 -0.019324737299432626 -0.019352360989611336 -0.01937175634908081 -0.019383262805290888 -0.019387076824381982 -0.019383262805741902 -0.019371756349590499 -0.019352360989940753 -0.01932473729993936 -0.019288384845524018 -0.019242613498727468 -0.01918650041300797 -0.019118829509811849 -0.019037995814987954 -0.018941885419574825 -0.018827657791421523 -0.018691459056942542 -0.018527914701755979 -0.018329333617708249 -0.018084323866200694 -0.01777526126496512 -0.017373704356835801 -0.01683145362880685 -0.016064840956589263 -0.014936585269653718 -0.013277589119340502 -0.010994854491043191 -0.0081004735825797453 -0.0045782480132050135 -0.00026440205050250187 0.0051891636086265625 0.01157704835457557 0.018709724593453339 0.026478294846687997 0.03480932908157372
        </DataArray>
        <DataArray type="Float64" Name="rigid_plane_penetration" format="ascii">
          0 0 0 0 0 0 0 0 0 0 0 0 0 0 0 0 0 0 0 0 0 0 0 0 0 0 0 0 0 0 0 0 0 0 0 0 0 0 0 0 0 0 0 0 0 0 0 0 0 0 0 0 0 0 0 0 0 0 0 0 0 0 0 0 0 0 0 0 0 0 0 0 0 0 0 0 0 0 0 0 0 0 0 0 0 0 0 0 0 0 0 0 0 0 0 0 0 0 0 0 0 0 0 0 0 0 0 0 0 0 0 0 0 0 0 0 0 0 0 0 0 0 0 0 0 0 0 0 0 0 0 0 0 0 0 0 0 0 0 0 0 0 0 0 0 0 0 0 0 0 0 0 0 0 0 0 0 0 0 0 0 0 0 0 0 0 0 0 0 0 0 0 0 0 0 0 0 0 0 0 0 0 0 0 0 0 0 0 0 0 0 0 0 0 0 0 0 0 0 0 0 0 0 0 0 0 0 0 0 0 0 0 0 0 0 0 0 0 0 0 0 0 0 0 0 0 0 0 0 0 0 0 0 0 0 0 0 0 0 0 0 0 0 0 0 0 0 0 0 0 0 0 0 0 0 0 0 0 0 0 0 0 0 0 0 0 0 0 0 0 0 0 0 0 0 0 0 0 0 0 0 0 0 0 0 0 0 0 0 0 0 0 0 0 0 0 0 0 0 0 0 0 0 0 0 0 0 0 0 0 0 0 0 0 0 0 0 0 0 0 0 0 0 0 0 0 0 0 0 0 0 0 0 0 0 0 0 0 0 0 0 0 0 0 0 0 0 0 0 0 0 0 0 0 0 0 0 0 0 0 0 0 0 0 0 0 0 0 0 0 0 0 0 0 0 0 0 0 0 0 0 0 0 0 0 0 0 0 0 0 0 0 0 0 0 0 0 0 0 0 0 0 0 0 0 0 0 0 0 0 0 0 0 0 0 0 0 0 0 0 0 0 0 0 0 0 0 0 0 0 0 0 0 0 0 0 0 0 7.387436882706766e-05 0.00087401589937279034 0.0014402968074298667 0.0018598026439354681 0.0021827623842053251 0.0024388371331337533 0.0026464161129175073 0.0028173900288005899 0.002959788903795918 0.0030792252703485817 0.0031797243524989555 0.0032642533893616765 0.003335020830222038 0.0033937035895355572 0.0034415723504869905 0.0034795914592458815 0.0035084821148869128 0.0035287673028189664 0.0035408017570802974 0.0035447908063328815 0.0035408017571751937 0.0035287673033132932 0.0035084821155459689 0.0034795914600643935 0.0034415723514121255 0.0033937035902112389 0.0033350208307089124 0.0032642533898798454 0.0031797243530018032 0.0030792252714659935 0.0029597889049804565 0.0028173900300433041 0.0026464161142659426 0.0024388371349935573 0.0021827623860533607 0.0018598026459302058 0.0014402968094789498 0.00087401590124651374 7.3874370509513509e-05 0 0 0 0 0 0 0 0 0 0 0 0 0 0 0 0 0.00026440205395220073 0.0045782480149570426 0.0081004735836792963 0.010994854491289008 0.013277589119372629 0.014936585269007735 0.016064840955258827 0.016831453627200205 0.017373704354716787 0.017775261262619052 0.018084323864027932 0.018329333616302096 0.018527914700559631 0.018691459055913198 0.018827657790386726 0.018941885419010027 0.019037995814473088 0.019118829509531338 0.019186500412855939 0.01924261349829437 0.019288384845015355 0.019324737299432626 0.019352360989611336 0.01937175634908081 0.019383262805290888 0.019387076824381982 0.019383262805741902 0.019371756349590499 0.019352360989940753 0.01932473729993936 0.019288384845524018 0.019242613498727468 0.01918650041300797 0.019118829509811849 0.019037995814987954 0.018941885419574825 0.018827657791421523 0.018691459056942542 0.018527914701755979 0.018329333617708249 0.018084323866200694 0.01777526126496512 0.017373704356835801 0.01683145362880685 0.016064840956589263 0.014936585269653718 0.013277589119340502 0.010994854491043191 0.0081004735825797453 0.0045782480132050135 0.00026440205050250187 0 0 0 0 0
        </DataArray>
      </PointData>
      <CellData>
        <DataArray type="Int32" Name="element_id" format="ascii">
          1 2 3 4 5 6 7 8 9 10 11 12 13 14 15 16 17 18 19 20 21 22 23 24 25 26 27 28 29 30 31 32 33 34 35 36 37 38 39 40 41 42 43 44 45 46 47 48 49 50 51 52 53 54 55 56 57 58 59 60 61 62 63 64 65 66 67 68 69 70 71 72 73 74 75 76 77 78 79 80 81 82 83 84 85 86 87 88 89 90 91 92 93 94 95 96 97 98 99 100 101 102 103 104 105 106 107 108 109 110 111 112 113 114 115 116 117 118 119 120 121 122 123 124 125 126 127 128 129 130 131 132 133 134 135 136 137 138 139 140 141 142 143 144 145 146 147 148 149 150 151 152 153 154 155 156 157 158 159 160 161 162 163 164 165 166 167 168 169 170 171 172 173 174 175 176 177 178 179 180 181 182 183 184 185 186 187 188 189 190 191 192 193 194 195 196 197 198 199 200 201 202 203 204 205 206 207 208 209 210 211 212 213 214 215 216 217 218 219 220 221 222 223 224 225 226 227 228 229 230 231 232 233 234 235 236 237 238 239 240 241 242 243 244 245 246 247 248 249 250 251 252 253 254 255 256 257 258 259 260 261 262 263 264 265 266 267 268 269 270 271 272 273 274 275 276 277 278 279 280 281 282 283 284 285 286 287 288 289 290 291 292 293 294 295 296 297 298 299 300 301 302 303 304 305 306 307 308 309 310 311 312 313 314 315 316 317 318 319 320 321 322 323 324 325 326 327 328 329 330 331 332 333 334 335 336 337 338 339 340 341 342 343 344 345 346 347 348 349 350 351 352 353 354 355 356 357 358 359 360 361 362 363 364 365 366 367 368 369 370 371 372 373 374 375 376 377 378 379 380 381 382 383 384 385 386 387 388 389 390 391 392 393 394 395 396 397 398 399 400 401 402 403 404 405 406 407 408 409 410 411 412 413 414 415 416 417 418 419 420 421 422 423 424 425 426 427 428 429 430 431 432 433 434 435 436 437 438 439 440 441 442 443 444 445 446 447 448 449 450 451 452 453 454 455 456 457 458 459 460 461 462 463 464 465 466 467 468 469 470 471 472 473 474 475 476 477 478 479 480
        </DataArray>
        <DataArray type="Int32" Name="material_id" format="ascii">
          1 1 1 1 1 1 1 1 1 1 1 1 1 1 1 1 1 1 1 1 1 1 1 1 1 1 1 1 1 1 1 1 1 1 1 1 1 1 1 1 1 1 1 1 1 1 1 1 1 1 1 1 1 1 1 1 1 1 1 1 1 1 1 1 1 1 1 1 1 1 1 1 1 1 1 1 1 1 1 1 1 1 1 1 1 1 1 1 1 1 1 1 1 1 1 1 1 1 1 1 1 1 1 1 1 1 1 1 1 1 1 1 1 1 1 1 1 1 1 1 1 1 1 1 1 1 1 1 1 1 1 1 1 1 1 1 1 1 1 1 1 1 1 1 1 1 1 1 1 1 1 1 1 1 1 1 1 1 1 1 1 1 1 1 1 1 1 1 1 1 1 1 1 1 1 1 1 1 1 1 1 1 1 1 1 1 1 1 1 1 1 1 1 1 1 1 1 1 1 1 1 1 1 1 1 1 1 1 1 1 1 1 1 1 1 1 1 1 1 1 1 1 1 1 1 1 1 1 1 1 1 1 1 1 1 1 1 1 1 1 1 1 1 1 1 1 1 1 1 1 1 1 1 1 1 1 1 1 1 1 1 1 1 1 1 1 1 1 1 1 1 1 1 1 1 1 1 1 1 1 1 1 1 1 1 1 1 1 1 1 1 1 1 1 1 1 1 1 1 1 1 1 1 1 1 1 1 1 1 1 1 1 1 1 1 1 1 1 1 1 1 1 1 1 1 1 1 1 1 1 1 1 1 1 1 1 1 1 1 1 1 1 1 1 1 1 1 1 1 1 1 1 1 1 1 1 1 1 1 1 1 1 1 1 1 1 1 1 1 1 1 1 1 1 1 1 1 1 1 1 1 1 1 1 1 1 1 1 1 1 1 1 1 1 1 1 1 1 1 1 1 1 1 1 1 1 1 1 1 1 1 1 1 1 1 1 1 1 1 1 1 1 1 1 1 1 1 1 1 1 1 1 1 1 1 1 1 1 1 1 1 1 1 1 1 1 1 1 1 1 1 1 1 1 1 1 1 1 1 1 1 1 1 1 1 1 1 1 1 1 1 1 1 1 1 1 1 1 1 1
        </DataArray>
        <DataArray type="Int32" Name="candidate_contact_facet" format="ascii">
          0 0 0 0 0 0 0 0 0 0 0 0 0 0 0 0 0 0 0 0 0 0 0 0 0 0 0 0 0 0 0 0 0 0 0 0 0 0 0 0 0 0 0 0 0 0 0 0 0 0 0 0 0 0 0 0 0 0 0 0 0 0 0 0 0 0 0 0 0 0 0 0 0 0 0 0 0 0 0 0 0 0 0 0 0 0 0 0 0 0 0 0 0 0 0 0 0 0 0 0 0 0 0 0 0 0 0 0 0 0 0 0 0 0 0 0 0 0 0 0 0 0 0 0 0 0 0 0 0 0 0 0 0 0 0 0 0 0 0 0 0 0 0 0 0 0 0 0 0 0 0 0 0 0 0 0 0 0 0 0 0 0 0 0 0 0 0 0 0 0 0 0 0 0 0 0 0 0 0 0 0 0 0 0 0 0 0 0 0 0 0 0 0 0 0 0 0 0 0 0 0 0 0 0 0 0 0 0 0 0 0 0 0 0 0 0 0 0 0 0 0 0 0 0 0 0 0 0 0 0 0 0 0 0 0 0 0 0 0 0 0 0 0 0 0 0 0 0 0 0 0 0 0 0 0 0 0 0 0 0 0 0 0 0 0 0 0 0 0 0 0 0 0 0 0 0 0 0 0 0 0 0 0 0 0 0 0 0 0 0 0 0 0 0 0 0 0 0 0 0 0 0 0 0 0 0 0 0 0 0 0 0 0 0 0 0 0 0 0 0 0 0 0 0 0 0 0 0 0 0 0 0 0 0 0 0 0 0 0 0 0 0 0 0 0 0 0 0 0 0 0 0 0 0 0 0 0 0 0 0 0 0 0 0 0 0 0 0 0 0 0 0 0 0 0 0 0 0 0 0 0 0 0 0 0 0 0 0 0 0 0 0 0 0 0 0 0 0 0 0 0 0 0 0 0 0 0 0 0 0 0 0 0 0 0 0 0 0 0 0 1 1 1 1 1 1 1 1 1 1 1 1 1 1 1 1 1 1 1 1 1 1 1 1 1 1 1 1 1 1 1 1 1 1 1 1 1 1 1 1 1 1 1 1 1 1 1 1 1 1 1 1 1 1 1 1 1 1 1 1
        </DataArray>
        <DataArray type="Int32" Name="candidate_contact_surface_index" format="ascii">
          -1 -1 -1 -1 -1 -1 -1 -1 -1 -1 -1 -1 -1 -1 -1 -1 -1 -1 -1 -1 -1 -1 -1 -1 -1 -1 -1 -1 -1 -1 -1 -1 -1 -1 -1 -1 -1 -1 -1 -1 -1 -1 -1 -1 -1 -1 -1 -1 -1 -1 -1 -1 -1 -1 -1 -1 -1 -1 -1 -1 -1 -1 -1 -1 -1 -1 -1 -1 -1 -1 -1 -1 -1 -1 -1 -1 -1 -1 -1 -1 -1 -1 -1 -1 -1 -1 -1 -1 -1 -1 -1 -1 -1 -1 -1 -1 -1 -1 -1 -1 -1 -1 -1 -1 -1 -1 -1 -1 -1 -1 -1 -1 -1 -1 -1 -1 -1 -1 -1 -1 -1 -1 -1 -1 -1 -1 -1 -1 -1 -1 -1 -1 -1 -1 -1 -1 -1 -1 -1 -1 -1 -1 -1 -1 -1 -1 -1 -1 -1 -1 -1 -1 -1 -1 -1 -1 -1 -1 -1 -1 -1 -1 -1 -1 -1 -1 -1 -1 -1 -1 -1 -1 -1 -1 -1 -1 -1 -1 -1 -1 -1 -1 -1 -1 -1 -1 -1 -1 -1 -1 -1 -1 -1 -1 -1 -1 -1 -1 -1 -1 -1 -1 -1 -1 -1 -1 -1 -1 -1 -1 -1 -1 -1 -1 -1 -1 -1 -1 -1 -1 -1 -1 -1 -1 -1 -1 -1 -1 -1 -1 -1 -1 -1 -1 -1 -1 -1 -1 -1 -1 -1 -1 -1 -1 -1 -1 -1 -1 -1 -1 -1 -1 -1 -1 -1 -1 -1 -1 -1 -1 -1 -1 -1 -1 -1 -1 -1 -1 -1 -1 -1 -1 -1 -1 -1 -1 -1 -1 -1 -1 -1 -1 -1 -1 -1 -1 -1 -1 -1 -1 -1 -1 -1 -1 -1 -1 -1 -1 -1 -1 -1 -1 -1 -1 -1 -1 -1 -1 -1 -1 -1 -1 -1 -1 -1 -1 -1 -1 -1 -1 -1 -1 -1 -1 -1 -1 -1 -1 -1 -1 -1 -1 -1 -1 -1 -1 -1 -1 -1 -1 -1 -1 -1 -1 -1 -1 -1 -1 -1 -1 -1 -1 -1 -1 -1 -1 -1 -1 -1 -1 -1 -1 -1 -1 -1 -1 -1 -1 -1 -1 -1 -1 -1 -1 -1 -1 -1 -1 -1 -1 -1 -1 -1 -1 -1 -1 -1 -1 -1 -1 -1 -1 -1 -1 -1 -1 -1 -1 -1 -1 -1 -1 -1 -1 -1 -1 -1 -1 -1 -1 -1 -1 -1 -1 -1 -1 -1 -1 -1 -1 0 0 0 0 0 0 0 0 0 0 0 0 0 0 0 0 0 0 0 0 0 0 0 0 0 0 0 0 0 0 0 0 0 0 0 0 0 0 0 0 0 0 0 0 0 0 0 0 0 0 0 0 0 0 0 0 0 0 0 0
        </DataArray>
        <DataArray type="Int32" Name="active_contact_facet" format="ascii">
          0 0 0 0 0 0 0 0 0 0 0 0 0 0 0 0 0 0 0 0 0 0 0 0 0 0 0 0 0 0 0 0 0 0 0 0 0 0 0 0 0 0 0 0 0 0 0 0 0 0 0 0 0 0 0 0 0 0 0 0 0 0 0 0 0 0 0 0 0 0 0 0 0 0 0 0 0 0 0 0 0 0 0 0 0 0 0 0 0 0 0 0 0 0 0 0 0 0 0 0 0 0 0 0 0 0 0 0 0 0 0 0 0 0 0 0 0 0 0 0 0 0 0 0 0 0 0 0 0 0 0 0 0 0 0 0 0 0 0 0 0 0 0 0 0 0 0 0 0 0 0 0 0 0 0 0 0 0 0 0 0 0 0 0 0 0 0 0 0 0 0 0 0 0 0 0 0 0 0 0 0 0 0 0 0 0 0 0 0 0 0 0 0 0 0 0 0 0 0 0 0 0 0 0 0 0 0 0 0 0 0 0 0 0 0 0 0 0 0 0 0 0 0 0 0 0 0 0 0 0 0 0 0 0 0 0 0 0 0 0 0 0 0 0 0 0 0 0 0 0 0 0 0 0 0 0 0 0 0 0 0 0 0 0 0 0 0 0 0 0 0 0 0 0 0 0 0 0 0 0 0 0 0 0 0 0 0 0 0 0 0 0 0 0 0 0 0 0 0 0 0 0 0 0 0 0 0 0 0 0 0 0 0 0 0 0 0 0 0 0 0 0 0 0 0 0 0 0 0 0 0 0 0 0 0 0 0 0 0 0 0 0 0 0 0 0 0 0 0 0 0 0 0 0 0 0 0 0 0 0 0 0 0 0 0 0 0 0 0 0 0 0 0 0 0 0 0 0 0 0 0 0 0 0 0 0 0 0 0 0 0 0 0 0 0 0 0 0 0 0 0 0 0 0 0 0 0 0 0 0 0 0 0 0 0 0 0 0 0 0 0 0 0 0 0 1 1 1 1 1 1 1 1 1 1 1 1 1 1 1 1 1 1 1 1 1 1 1 1 1 1 1 1 1 1 1 1 1 1 1 1 1 1 1 1 1 1 1 1 1 1 1 1 1 1 0 0 0 0 0
        </DataArray>
        <DataArray type="Int32" Name="active_contact_surface_index" format="ascii">
          -1 -1 -1 -1 -1 -1 -1 -1 -1 -1 -1 -1 -1 -1 -1 -1 -1 -1 -1 -1 -1 -1 -1 -1 -1 -1 -1 -1 -1 -1 -1 -1 -1 -1 -1 -1 -1 -1 -1 -1 -1 -1 -1 -1 -1 -1 -1 -1 -1 -1 -1 -1 -1 -1 -1 -1 -1 -1 -1 -1 -1 -1 -1 -1 -1 -1 -1 -1 -1 -1 -1 -1 -1 -1 -1 -1 -1 -1 -1 -1 -1 -1 -1 -1 -1 -1 -1 -1 -1 -1 -1 -1 -1 -1 -1 -1 -1 -1 -1 -1 -1 -1 -1 -1 -1 -1 -1 -1 -1 -1 -1 -1 -1 -1 -1 -1 -1 -1 -1 -1 -1 -1 -1 -1 -1 -1 -1 -1 -1 -1 -1 -1 -1 -1 -1 -1 -1 -1 -1 -1 -1 -1 -1 -1 -1 -1 -1 -1 -1 -1 -1 -1 -1 -1 -1 -1 -1 -1 -1 -1 -1 -1 -1 -1 -1 -1 -1 -1 -1 -1 -1 -1 -1 -1 -1 -1 -1 -1 -1 -1 -1 -1 -1 -1 -1 -1 -1 -1 -1 -1 -1 -1 -1 -1 -1 -1 -1 -1 -1 -1 -1 -1 -1 -1 -1 -1 -1 -1 -1 -1 -1 -1 -1 -1 -1 -1 -1 -1 -1 -1 -1 -1 -1 -1 -1 -1 -1 -1 -1 -1 -1 -1 -1 -1 -1 -1 -1 -1 -1 -1 -1 -1 -1 -1 -1 -1 -1 -1 -1 -1 -1 -1 -1 -1 -1 -1 -1 -1 -1 -1 -1 -1 -1 -1 -1 -1 -1 -1 -1 -1 -1 -1 -1 -1 -1 -1 -1 -1 -1 -1 -1 -1 -1 -1 -1 -1 -1 -1 -1 -1 -1 -1 -1 -1 -1 -1 -1 -1 -1 -1 -1 -1 -1 -1 -1 -1 -1 -1 -1 -1 -1 -1 -1 -1 -1 -1 -1 -1 -1 -1 -1 -1 -1 -1 -1 -1 -1 -1 -1 -1 -1 -1 -1 -1 -1 -1 -1 -1 -1 -1 -1 -1 -1 -1 -1 -1 -1 -1 -1 -1 -1 -1 -1 -1 -1 -1 -1 -1 -1 -1 -1 -1 -1 -1 -1 -1 -1 -1 -1 -1 -1 -1 -1 -1 -1 -1 -1 -1 -1 -1 -1 -1 -1 -1 -1 -1 -1 -1 -1 -1 -1 -1 -1 -1 -1 -1 -1 -1 -1 -1 -1 -1 -1 -1 -1 -1 -1 -1 -1 -1 -1 -1 -1 -1 -1 -1 -1 -1 -1 -1 -1 -1 -1 -1 -1 0 0 0 0 0 0 0 0 0 0 0 0 0 0 0 0 0 0 0 0 0 0 0 0 0 0 0 0 0 0 0 0 0 0 0 0 0 0 0 0 0 0 0 0 0 0 0 0 0 0 -1 -1 -1 -1 -1
        </DataArray>
      </CellData>
      <Points>
        <DataArray type="Float64" NumberOfComponents="3" format="ascii">
          -0.12499999999999993 0.36349364905389026 0 -0.11712328622059982 0.35913321701784251 0 -0.10909467586626495 0.3550592262446966 0 -0.10092458337028437 0.35127696121392904 0 -0.092623635604761445 0.34779133924989714 0 -0.08420294885537892 0.34460700221956797 0 -0.075676534062768641 0.34172901521115362 0 -0.067076477490175812 0.33916655928316353 0 -0.058520385706652932 0.33694575820046957 0 -0.05037540374552428 0.33512795443849569 0 -0.043265506683194198 0.33377226815111483 0 -0.03753762043117826 0.33283421140383362 0 -0.033015259540177345 0.33218960345156068 0 -0.029361592551488069 0.3317301933725319 0 -0.026308844248670551 0.331388164573166 0 -0.02367856625948191 0.33112387519109965 0 -0.021354732524389006 0.33091371896707794 0 -0.019259660913057777 0.33074297309501172 0 -0.017339992082999998 0.330602075641032 0 -0.015557585355589178 0.33048454649480408 0 -0.013884265875547228 0.33038584342810773 0 -0.012298739022899317 0.33030270121916283 0 -0.010784239179744413 0.3302327079353381 0 -0.0093275114723978744 0.33017406553815853 0 -0.0079175516515268655 0.33012540670199086 0 -0.0065452064489767503 0.33008569414189126 0 -0.0052025947479141217 0.33005413984646792 0 -0.0038827951545273047 0.33003015401495317 0 -0.0025795655533648373 0.3300133086711296 0 -0.0012871214569483232 0.33000331338524691 0 1.4163847244119949e-16 0.33000000000000002 0 0.0012871214569487174 0.33000331338524691 0 0.0025795655533651209 0.3300133086711296 0 0.0038827951545275883 0.33003015401495323 0 0.0052025947479144045 0.33005413984646792 0 0.0065452064489770331 0.33008569414189126 0 0.00791755165152715 0.33012540670199092 0 0.0093275114723981589 0.33017406553815853 0 0.010784239179744698 0.33023270793533815 0 0.012298739022899713 0.33030270121916289 0 0.013884265875547513 0.33038584342810773 0 0.015557585355589572 0.33048454649480408 0 0.017339992083000282 0.33060207564103206 0 0.019259660913058172 0.33074297309501177 0 0.021354732524389512 0.330913718967078 0 0.023678566259482416 0.3311238751910997 0 0.026308844248671054 0.33138816457316606 0 0.02936159255148868 0.33173019337253196 0 0.033015259540177949 0.33218960345156079 0 0.03753762043117919 0.33283421140383379 0 0.043265506683195239 0.33377226815111499 0 0.050375403745525529 0.33512795443849591 0 0.058520385706654063 0.33694575820046985 0 0.067076477490176728 0.3391665592831638 0 0.075676534062769321 0.34172901521115384 0 0.084202948855379392 0.34460700221956819 0 0.092623635604762014 0.3477913392498973 0 0.10092458337028493 0.35127696121392926 0 0.1090946758662652 0.35505922624469677 0 0.11712328622059996 0.35913321701784257 0 0.12500000000000008 0.36349364905389037 0 -0.1525327020393287 0.31580561025211756 0 -0.14292105055163021 0.31048474240797985 0 -0.13312404550388915 0.30551340784228992 0 -0.12315439522930387 0.30089805500251515 0 -0.11302506729200354 0.29664468431082386 0 -0.10274962646872282 0.29275896005930385 0 -0.092345169772523231 0.2892470629806837 0 -0.08185085083885385 0.28612019636825947 0 -0.071410180449755889 0.28341023804957804 0 -0.061471171597015539 0.28119204189284897 0 -0.052795237115905988 0.27953774995259401 0 -0.045805717379954675 0.27839307530996188 0 -0.040287253969543822 0.27760648496823198 0 -0.035828824384450439 0.27704588448264506 0 -0.032103672806252592 0.27662851986710468 0 -0.028894045535808464 0.2763060176785696 0 -0.026058360426177533 0.27604957210496633 0 -0.02350182495543959 0.27584121747113971 0 -0.021159326766084469 0.2756692857162118 0 -0.018984324251964071 0.27552586941027163 0 -0.016942436718637325 0.27540542584656957 0 -0.015007679158714938 0.27530397060029854 0 -0.01315959313219848 0.27521856048264737 0 -0.011382004225501487 0.2751470014162804 0 -0.0096614843755467427 0.27508762490621053 0 -0.0079868642005413108 0.27503916519343541 0 -0.0063485266761196925 0.27500066069790041 0 -0.0047380258910821029 0.2749713917083676 0 -0.00314774483153852 0.27495083598188608 0 -0.0015706249094490025 0.27493863911817928 0 1.7283599131343331e-16 0.27493459592134245 0 0.0015706249094494837 0.27493863911817928 0 0.003147744831538866 0.27495083598188608 0 0.004738025891082449 0.27497139170836765 0 0.0063485266761200377 0.27500066069790041 0 0.007986864200541656 0.27503916519343535 0 0.0096614843755470897 0.27508762490621058 0 0.011382004225501834 0.2751470014162804 0 0.013159593132198827 0.27521856048264742 0 0.01500767915871542 0.27530397060029854 0 0.016942436718637672 0.27540542584656957 0 0.018984324251964554 0.27552586941027168 0 0.021159326766084816 0.27566928571621185 0 0.023501824955440072 0.27584121747113977 0 0.026058360426178151 0.27604957210496639 0 0.028894045535809081 0.27630601767856966 0 0.032103672806253203 0.27662851986710474 0 0.035828824384451188 0.27704588448264517 0 0.040287253969544558 0.27760648496823209 0 0.045805717379955806 0.27839307530996205 0 0.052795237115907258 0.27953774995259423 0 0.061471171597017059 0.28119204189284924 0 0.071410180449757277 0.28341023804957838 0 0.081850850838854974 0.2861201963682598 0 0.092345169772524063 0.28924706298068392 0 0.1027496264687234 0.29275896005930413 0 0.11302506729200423 0.29664468431082402 0 0.12315439522930453 0.30089805500251549 0 0.13312404550388945 0.30551340784229009 0 0.14292105055163037 0.31048474240797991 0 0.15253270203932889 0.31580561025211767 0 -0.17544528900542578 0.27611984549399693 0 -0.1643898304019068 0.26999970742397361 0 -0.15312117549048093 0.26428160751517343 0 -0.14165394157721392 0.25897296286382837 0 -0.13000304413928501 0.25408067524108247 0 -0.1181840855763284 0.24961125979646825 0 -0.10621673111657121 0.24557182569690736 0 -0.094146015829838711 0.2419752591301082 0 -0.082137007864101746 0.23885822642789376 0 -0.070705018151188168 0.2363068255768965 0 -0.06072583459199353 0.23440403539697469 0 -0.052686389320992393 0.23308741429993279 0 -0.046338974012924465 0.232182666872079 0 -0.041210824726843072 0.2315378561993813 0 -0.036926102260853931 0.23105779746695787 0 -0.033234343205031436 0.23068685085081631 0 -0.029972697754999975 0.23039188349513806 0 -0.027032134200303409 0.23015223102416893 0 -0.02433775937882985 0.22995447266790014 0 -0.0218360404715034 0.22978951318768798 0 -0.019487432313308448 0.22965097728318989 0 -0.01726204657819904 0.22953428201217482 0 -0.015136351676751165 0.22943604207690227 0 -0.013091743567810165 0.22935373381833307 0 -0.011112777101740143 0.22928543810974031 0 -0.0091866050963272262 0.22922969905706975 0 -0.0073021659130072317 0.22918541063723044 0 -0.0054497449442792818 0.22915174502809335 0 -0.0036205809921482819 0.22912810153836913 0 -0.0018065551679950671 0.2291140725318061 0 1.9879842185386635e-16 0.22910942198914827 0 0.0018065551679956205 0.22911407253180605 0 0.00362058099214868 0.22912810153836913 0 0.0054497449442796799 0.22915174502809338 0 0.0073021659130076281 0.22918541063723044 0 0.0091866050963276234 0.22922969905706972 0 0.011112777101740542 0.22928543810974036 0 0.013091743567810564 0.22935373381833307 0 0.015136351676751564 0.22943604207690232 0 0.017262046578199595 0.22953428201217485 0 0.019487432313308847 0.22965097728318992 0 0.021836040471503951 0.22978951318768803 0 0.024337759378830252 0.22995447266790017 0 0.027032134200303964 0.23015223102416899 0 0.029972697755000687 0.23039188349513814 0 0.033234343205032151 0.23068685085081636 0 0.036926102260854639 0.23105779746695795 0 0.041210824726843932 0.23153785619938139 0 0.046338974012925319 0.23218266687207914 0 0.052686389320993697 0.23308741429993299 0 0.060725834591994987 0.23440403539697491 0 0.070705018151189916 0.23630682557689681 0 0.082137007864103329 0.23885822642789414 0 0.094146015829840002 0.24197525913010859 0 0.10621673111657216 0.24557182569690766 0 0.11818408557632906 0.24961125979646856 0 0.13000304413928582 0.25408067524108274 0 0.1416539415772147 0.2589729628638287 0 0.15312117549048126 0.2642816075151736 0 0.16438983040190699 0.26999970742397367 0 0.175445289005426 0.27611984549399704 0 -0.19366839727346258 0.2445564961019287 0 -0.18146463300595683 0.23780067303119887 0 -0.16902552820869954 0.23148864692286253 0 -0.15636721845451951 0.22562860527028472 0 -0.14350616845772307 0.22022816671608286 0 -0.13045960120416469 0.21529452312374378 0 -0.11724922450517607 0.21083552207339618 0 -0.10392475112217478 0.20686538821213432 0 -0.090668394461058621 0.20342459632134627 0 -0.078048989643194219 0.20060818719223303 0 -0.067033290692468078 0.19850775846837174 0 -0.058158806290927047 0.19705438289399171 0 -0.05115209920570836 0.19605566138210029 0 -0.045491300566745073 0.19534387567252601 0 -0.04076153359805746 0.19481395431736953 0 -0.036686319817658818 0.19440447830904004 0 -0.033085894577615238 0.19407887335637344 0 -0.029839901288498036 0.19381432872130042 0 -0.026865667803593132 0.19359602964856312 0 -0.024104100970096402 0.19341393619750008 0 -0.021511548155486896 0.19326101087963563 0 -0.019055016600396026 0.19313219473281859 0 -0.016708530542038261 0.19302375083603265 0 -0.014451553579273059 0.19293289340344025 0 -0.012267036309448524 0.19285750397293006 0 -0.010140797142378075 0.19279597543000113 0 -0.0080606254919349009 0.19274708687142722 0 -0.0060157977161477598 0.1927099244910534 0 -0.0039966426110560078 0.19268382520513472 0 -0.0019941979973077278 0.19266833903715719 0 2.1944716759958894e-16 0.19266320545307467 0 0.0019941979973083384 0.19266833903715716 0 0.0039966426110564467 0.19268382520513472 0 0.0060157977161481996 0.19270992449105345 0 0.0080606254919353398 0.19274708687142722 0 0.010140797142378512 0.1927959754300011 0 0.012267036309448965 0.19285750397293011 0 0.0144515535792735 0.19293289340344025 0 0.016708530542038701 0.19302375083603271 0 0.01905501660039664 0.19313219473281865 0 0.021511548155487337 0.19326101087963565 0 0.024104100970097013 0.19341393619750014 0 0.026865667803593573 0.19359602964856318 0 0.029839901288498651 0.19381432872130047 0 0.033085894577616022 0.19407887335637353 0 0.036686319817659602 0.19440447830904015 0 0.040761533598058237 0.19481395431736961 0 0.045491300566746024 0.19534387567252609 0 0.051152099205709296 0.1960556613821004 0 0.05815880629092849 0.19705438289399194 0 0.067033290692469688 0.19850775846837199 0 0.078048989643196148 0.20060818719223339 0 0.09066839446106037 0.20342459632134668 0 0.1039247511221762 0.20686538821213477 0 0.11724922450517712 0.21083552207339651 0 0.13045960120416542 0.21529452312374411 0 0.14350616845772396 0.22022816671608314 0 0.15636721845452037 0.22562860527028511 0 0.16902552820869993 0.23148864692286272 0 0.18146463300595705 0.23780067303119895 0 0.19366839727346283 0.24455649610192881 0 -0.20851586497228658 0.21883992768382776 0 -0.19537650667748063 0.21156617362263283 0 -0.18198376561700388 0.20477023994301977 0 -0.16835501438738004 0.19846094182746027 0 -0.15450797996003779 0.1926464819970882 0 -0.14046120571037243 0.18733460367514926 0 -0.12623806366562337 0.18253375607164113 0 -0.11189207778526501 0.17825925435741535 0 -0.097619430753076636 0.17455467628790078 0 -0.084032567082609325 0.1715223488976779 0 -0.072172356396083909 0.16926089210692358 0 -0.062617515145668129 0.1676960943945042 0 -0.055073643202436955 0.16662080651661451 0 -0.048978862942699077 0.16585445219656911 0 -0.043886491319461679 0.16528390474900739 0 -0.039498853799195786 0.16484303651617094 0 -0.035622404188598376 0.16449246926152136 0 -0.032127558834873463 0.16420764347588668 0 -0.028925307582394783 0.1639726086399749 0 -0.025952026938406862 0.16377655510729353 0 -0.023160717668359469 0.1636119058646727 0 -0.020515857643426137 0.16347321410776192 0 -0.017989479685059439 0.16335645642681021 0 -0.015559472981647761 0.16325863346543454 0 -0.013207481048647052 0.16317746435093827 0 -0.010918235073044609 0.16311121876038281 0 -0.0086785883516927106 0.16305858219075245 0 -0.0064769951212517163 0.16301857077950946 0 -0.004303042740900675 0.16299047060800442 0 -0.0021470819513597556 0.16297379720255262 0 2.3627094875544084e-16 0.16296827005542666 0 0.0021470819513604135 0.16297379720255256 0 0.0043030427409011486 0.16299047060800442 0 0.006476995121252189 0.16301857077950951 0 0.0086785883516931825 0.16305858219075245 0 0.01091823507304508 0.16311121876038276 0 0.013207481048647525 0.1631774643509383 0 0.015559472981648236 0.16325863346543454 0 0.017989479685059914 0.16335645642681024 0 0.020515857643426796 0.16347321410776197 0 0.023160717668359945 0.16361190586467272 0 0.025952026938407521 0.16377655510729358 0 0.028925307582395258 0.16397260863997495 0 0.032127558834874122 0.16420764347588673 0 0.035622404188599223 0.16449246926152147 0 0.039498853799196633 0.16484303651617102 0 0.043886491319462519 0.16528390474900748 0 0.048978862942700097 0.16585445219656919 0 0.055073643202437961 0.16662080651661465 0 0.062617515145669683 0.16769609439450442 0 0.072172356396085643 0.16926089210692385 0 0.084032567082611406 0.17152234889767826 0 0.097619430753078523 0.17455467628790122 0 0.11189207778526655 0.1782592543574158 0 0.12623806366562448 0.18253375607164149 0 0.14046120571037321 0.18733460367514962 0 0.15450797996003873 0.19264648199708848 0 0.16835501438738099 0.19846094182746069 0 0.1819837656170043 0.20477023994301999 0 0.19537650667748085 0.21156617362263291 0 0.20851586497228683 0.2188399276838279 0 -0.22101746842856057 0.19718651532148251 0 -0.20709033771608559 0.18947666212258599 0 -0.19289463263197021 0.1822732771059298 0 -0.17844876734965973 0.17558570396972079 0 -0.16377153166411099 0.1694226372306063 0 -0.14888258072188337 0.16379228435807291 0 -0.13380668782400693 0.15870360113591275 0 -0.11860058596787194 0.15417282095859966 0 -0.10347222000277886 0.15024613429315625 0 -0.089070753655219284 0.14703200320858523 0 -0.076499462059188436 0.14463496039882334 0 -0.066371758708249878 0.14297634497861203 0 -0.058375592664655064 0.14183658803668975 0 -0.051915398838086213 0.14102428681558965 0 -0.046517713224979711 0.14041953210066557 0 -0.041867014165509003 0.13995223153941075 0 -0.03775815137207604 0.13958064596654848 0 -0.03405377198237225 0.13927874340343885 0 -0.030659529222047552 0.13902961701474584 0 -0.027507985041228554 0.13882180905981892 0 -0.024549322358420014 0.13864728824440001 0 -0.021745889309638056 0.13850028120007557 0 -0.019068041939481663 0.13837652329289202 0 -0.016492343778941879 0.13827283533955426 0 -0.0139993377773827 0.13818679971726269 0 -0.011572839677561045 0.13811658236127844 0 -0.00919891456354964 0.13806078995733828 0 -0.0068653244438424557 0.13801837965526198 0 -0.004561032386001725 0.13798859473328837 0 -0.0022758106077983924 0.13797092167103228 0 2.5043661288833897e-16 0.13796506314287871 0 0.0022758106077990893 0.13797092167103223 0 0.0045610323860022263 0.13798859473328837 0 0.0068653244438429571 0.13801837965526201 0 0.0091989145635501396 0.13806078995733828 0 0.011572839677561545 0.13811658236127838 0 0.013999337777383204 0.13818679971726272 0 0.016492343778942382 0.13827283533955426 0 0.019068041939482167 0.13837652329289207 0 0.021745889309638756 0.13850028120007563 0 0.024549322358420517 0.13864728824440006 0 0.027507985041229251 0.13882180905981895 0 0.030659529222048055 0.13902961701474589 0 0.03405377198237295 0.1392787434034389 0 0.037758151372076935 0.13958064596654857 0 0.041867014165509898 0.13995223153941083 0 0.046517713224980599 0.14041953210066566 0 0.051915398838087295 0.14102428681558976 0 0.058375592664656133 0.14183658803668989 0 0.06637175870825153 0.14297634497861228 0 0.076499462059190282 0.14463496039882365 0 0.089070753655221491 0.14703200320858562 0 0.10347222000278086 0.15024613429315675 0 0.11860058596787357 0.15417282095860016 0 0.13380668782400812 0.15870360113591314 0 0.14888258072188421 0.1637922843580733 0 0.16377153166411199 0.16942263723060658 0 0.17844876734966073 0.17558570396972123 0 0.19289463263197065 0.18227327710593003 0 0.20709033771608581 0.18947666212258607 0 0.22101746842856082 0.19718651532148265 0 -0.23183717396114675 0.17844623561610912 0 -0.21722825345941119 0.17035895369221343 0 -0.20233761077633761 0.16280293363149395 0 -0.18718456153418311 0.15578797654425214 0 -0.17178881536491966 0.14932320257914772 0 -0.15617098961460829 0.14341722099473694 0 -0.140357070338294 0.13807942599691558 0 -0.12440656784472674 0.13332684567095385 0 -0.10853760673077367 0.12920793169542086 0 -0.093431129932112986 0.12583645579948513 0 -0.080244422395430851 0.12332206797833106 0 -0.069620926703924613 0.12158225657589224 0 -0.061233315755108077 0.12038670388814951 0 -0.054456869121085237 0.11953463721285906 0 -0.048794944806366029 0.11890027729079254 0 -0.043916575080400408 0.11841010046322294 0 -0.039606566713204283 0.11802032426268264 0 -0.035720842860266215 0.11770364233911972 0 -0.032160438088251045 0.11744232019872788 0 -0.028854612979992957 0.1172243391977715 0 -0.025751111704896464 0.11704127487741807 0 -0.022810439186837238 0.11688707123934874 0 -0.020001500278024172 0.11675725487840324 0 -0.017299711198807195 0.11664849097731181 0 -0.014684662396651199 0.1165582435607891 0 -0.012139377328984347 0.11648458877915507 0 -0.0096492389089721225 0.11642606510973676 0 -0.0072014100455651594 0.1163815786505889 0 -0.0047843135035170077 0.11635033563533717 0 -0.0023872208089892261 0.11633179740468136 0 2.6269650539953182e-16 0.11632565207770627 0 0.0023872208089899568 0.1163317974046813 0 0.0047843135035175333 0.11635033563533717 0 0.0072014100455656859 0.11638157865058896 0 0.0096492389089726481 0.11642606510973676 0 0.012139377328984872 0.11648458877915502 0 0.014684662396651726 0.11655824356078916 0 0.017299711198807723 0.11664849097731181 0 0.020001500278024699 0.1167572548784033 0 0.022810439186837971 0.11688707123934879 0 0.025751111704896995 0.11704127487741811 0 0.028854612979993689 0.11722433919777156 0 0.032160438088251572 0.11744232019872794 0 0.035720842860266951 0.11770364233911977 0 0.03960656671320522 0.11802032426268273 0 0.043916575080401345 0.11841010046322305 0 0.048794944806366959 0.11890027729079265 0 0.054456869121086368 0.11953463721285917 0 0.061233315755109201 0.12038670388814966 0 0.069620926703926334 0.1215822565758925 0 0.08024442239543278 0.12332206797833137 0 0.093431129932115303 0.12583645579948555 0 0.10853760673077578 0.12920793169542139 0 0.12440656784472845 0.13332684567095435 0 0.14035707033829528 0.138079425996916 0 0.15617098961460918 0.14341722099473736 0 0.17178881536492072 0.14932320257914802 0 0.18718456153418414 0.15578797654425261 0 0.20233761077633808 0.16280293363149423 0 0.21722825345941146 0.17035895369221354 0 0.23183717396114706 0.17844623561610928 0 -0.24140280229162062 0.16187808134140813 0 -0.22619111605805095 0.15345711723977545 0 -0.21068608375369927 0.14558933492659443 0 -0.19490781796560763 0.13828493990709922 0 -0.17887684154741881 0.13155342862832708 0 -0.16261462251925193 0.12540376556782759 0 -0.14614821912375714 0.11984573253750681 0 -0.1295395970718341 0.1148970602033821 0 -0.11301588080618022 0.1106081993658254 0 -0.097286109045930963 0.10709761598857144 0 -0.083555316447119402 0.10447948423815492 0 -0.072493494107565032 0.10266788801813702 0 -0.063759809371071827 0.1014230066896718 0 -0.056703765773391993 0.10053578364584326 0 -0.050808229813462884 0.09987524996079232 0 -0.045728577994294028 0.09936484838121841 0 -0.04124073818860418 0.098958989970035494 0 -0.03719468892478834 0.098629241714063384 0 -0.033487381444405738 0.098357137392251714 0 -0.030045157613842469 0.098130162470248819 0 -0.026813605520952195 0.097939544895086619 0 -0.023751600518249639 0.097778978797262564 0 -0.020826764468587129 0.097643806198407498 0 -0.018013499262752707 0.097530554686309431 0 -0.015290553247737882 0.097436583651052538 0 -0.012640249426881404 0.09735988986469879 0 -0.010047367610673099 0.097298951501982478 0 -0.0074985410482177441 0.097252629526438886 0 -0.0049817148262176567 0.097220097420802232 0 -0.0024857178127759912 0.097200794300627932 0 2.7353539327688042e-16 0.097194395416758561 0 0.0024857178127767527 0.097200794300627877 0 0.0049817148262182049 0.097220097420802232 0 0.0074985410482182914 0.097252629526438941 0 0.010047367610673643 0.097298951501982478 0 0.012640249426881951 0.097359889864698734 0 0.015290553247738432 0.097436583651052594 0 0.018013499262753259 0.097530554686309431 0 0.020826764468587677 0.097643806198407554 0 0.023751600518250402 0.09777897879726262 0 0.026813605520952744 0.097939544895086675 0 0.030045157613843233 0.098130162470248875 0 0.033487381444406293 0.09835713739225177 0 0.037194688924789103 0.09862924171406344 0 0.041240738188605158 0.098958989970035591 0 0.045728577994295007 0.099364848381218521 0 0.050808229813463855 0.099875249960792431 0 0.056703765773393172 0.10053578364584337 0 0.063759809371072992 0.10142300668967197 0 0.072493494107566836 0.1026678880181373 0 0.083555316447121414 0.10447948423815524 0 0.097286109045933364 0.10709761598857187 0 0.1130158808061824 0.11060819936582593 0 0.12953959707183585 0.11489706020338263 0 0.14614821912375844 0.11984573253750724 0 0.16261462251925285 0.12540376556782801 0 0.17887684154741992 0.13155342862832742 0 0.19490781796560872 0.13828493990709972 0 0.21068608375369974 0.1455893349265947 0 0.22619111605805123 0.15345711723977556 0 0.24140280229162092 0.1618780813414083 0 -0.24999999999999986 0.14698729810778055 0 -0.23424657244119965 0.13826643403568506 0 -0.2181893517325299 0.13011845248939324 0 -0.20184916674056874 0.12255392242785806 0 -0.18524727120952289 0.11558267849979431 0 -0.16840589771075784 0.10921400443913598 0 -0.15135306812553728 0.10345803042230733 0 -0.13415295498035162 0.098333118566327093 0 -0.11704077141330586 0.093891516400939179 0 -0.10075080749104856 0.09025590887699142 0 -0.086531013366388396 0.087544536302229692 0 -0.075075240862356521 0.085668422807667344 0 -0.066030519080354691 0.084379206903121451 0 -0.058723185102976139 0.083460386745063841 0 -0.052617688497341102 0.082776329146332039 0 -0.04735713251896382 0.082247750382199336 0 -0.042709465048778011 0.081827437934155922 0 -0.038519321826115553 0.081485946190023473 0 -0.034679984165999996 0.081204151282064041 0 -0.031115170711178357 0.080969092989608193 0 -0.027768531751094457 0.080771686856215497 0 -0.024597478045798635 0.080605402438325757 0 -0.021568478359488826 0.080465415870676293 0 -0.018655022944795749 0.080348131076317053 0 -0.015835103303053731 0.080250813403981824 0 -0.013090412897953501 0.080171388283782619 0 -0.010405189495828243 0.08010827969293588 0 -0.0077655903090546093 0.080060308029906435 0 -0.0051591311067296745 0.080026617342259243 0 -0.0025742429138966463 0.080006626770493861 0 2.8327694488239898e-16 0.080000000000000071 0 0.0025742429138974347 0.080006626770493805 0 0.0051591311067302418 0.080026617342259243 0 0.0077655903090551766 0.080060308029906491 0 0.010405189495828809 0.08010827969293588 0 0.013090412897954066 0.080171388283782563 0 0.0158351033030543 0.08025081340398188 0 0.018655022944796318 0.080348131076317053 0 0.021568478359489395 0.080465415870676349 0 0.024597478045799426 0.080605402438325813 0 0.027768531751095026 0.080771686856215552 0 0.031115170711179144 0.080969092989608249 0 0.034679984166000564 0.081204151282064096 0 0.038519321826116344 0.081485946190023528 0 0.042709465048779024 0.081827437934156033 0 0.047357132518964833 0.082247750382199447 0 0.052617688497342108 0.08277632914633215 0 0.05872318510297736 0.083460386745063952 0 0.066030519080355898 0.084379206903121617 0 0.075075240862358381 0.085668422807667621 0 0.086531013366390477 0.087544536302230025 0 0.10075080749105106 0.090255908876991864 0 0.11704077141330813 0.093891516400939734 0 0.13415295498035346 0.098333118566327649 0 0.15135306812553864 0.10345803042230778 0 0.16840589771075878 0.10921400443913643 0 0.18524727120952403 0.11558267849979464 0 0.20184916674056985 0.12255392242785856 0 0.2181893517325304 0.13011845248939352 0 0.23424657244119992 0.13826643403568517 0 0.25000000000000017 0.14698729810778072 0
        </DataArray>
      </Points>
      <Cells>
        <DataArray type="Int32" Name="connectivity" format="ascii">
          1 0 61 62 2 1 62 63 3 2 63 64 4 3 64 65 5 4 65 66 6 5 66 67 7 6 67 68 8 7 68 69 9 8 69 70 10 9 70 71 11 10 71 72 12 11 72 73 13 12 73 74 14 13 74 75 15 14 75 76 16 15 76 77 17 16 77 78 18 17 78 79 19 18 79 80 20 19 80 81 21 20 81 82 22 21 82 83 23 22 83 84 24 23 84 85 25 24 85 86 26 25 86 87 27 26 87 88 28 27 88 89 29 28 89 90 30 29 90 91 31 30 91 92 32 31 92 93 33 32 93 94 34 33 94 95 35 34 95 96 36 35 96 97 37 36 97 98 38 37 98 99 39 38 99 100 40 39 100 101 41 40 101 102 42 41 102 103 43 42 103 104 44 43 104 105 45 44 105 106 46 45 106 107 47 46 107 108 48 47 108 109 49 48 109 110 50 49 110 111 51 50 111 112 52 51 112 113 53 52 113 114 54 53 114 115 55 54 115 116 56 55 116 117 57 56 117 118 58 57 118 119 59 58 119 120 60 59 120 121 62 61 122 123 63 62 123 124 64 63 124 125 65 64 125 126 66 65 126 127 67 66 127 128 68 67 128 129 69 68 129 130 70 69 130 131 71 70 131 132 72 71 132 133 73 72 133 134 74 73 134 135 75 74 135 136 76 75 136 137 77 76 137 138 78 77 138 139 79 78 139 140 80 79 140 141 81 80 141 142 82 81 142 143 83 82 143 144 84 83 144 145 85 84 145 146 86 85 146 147 87 86 147 148 88 87 148 149 89 88 149 150 90 89 150 151 91 90 151 152 92 91 152 153 93 92 153 154 94 93 154 155 95 94 155 156 96 95 156 157 97 96 157 158 98 97 158 159 99 98 159 160 100 99 160 161 101 100 161 162 102 101 162 163 103 102 163 164 104 103 164 165 105 104 165 166 106 105 166 167 107 106 167 168 108 107 168 169 109 108 169 170 110 109 170 171 111 110 171 172 112 111 172 173 113 112 173 174 114 113 174 175 115 114 175 176 116 115 176 177 117 116 177 178 118 117 178 179 119 118 179 180 120 119 180 181 121 120 181 182 123 122 183 184 124 123 184 185 125 124 185 186 126 125 186 187 127 126 187 188 128 127 188 189 129 128 189 190 130 129 190 191 131 130 191 192 132 131 192 193 133 132 193 194 134 133 194 195 135 134 195 196 136 135 196 197 137 136 197 198 138 137 198 199 139 138 199 200 140 139 200 201 141 140 201 202 142 141 202 203 143 142 203 204 144 143 204 205 145 144 205 206 146 145 206 207 147 146 207 208 148 147 208 209 149 148 209 210 150 149 210 211 151 150 211 212 152 151 212 213 153 152 213 214 154 153 214 215 155 154 215 216 156 155 216 217 157 156 217 218 158 157 218 219 159 158 219 220 160 159 220 221 161 160 221 222 162 161 222 223 163 162 223 224 164 163 224 225 165 164 225 226 166 165 226 227 167 166 227 228 168 167 228 229 169 168 229 230 170 169 230 231 171 170 231 232 172 171 232 233 173 172 233 234 174 173 234 235 175 174 235 236 176 175 236 237 177 176 237 238 178 177 238 239 179 178 239 240 180 179 240 241 181 180 241 242 182 181 242 243 184 183 244 245 185 184 245 246 186 185 246 247 187 186 247 248 188 187 248 249 189 188 249 250 190 189 250 251 191 190 251 252 192 191 252 253 193 192 253 254 194 193 254 255 195 194 255 256 196 195 256 257 197 196 257 258 198 197 258 259 199 198 259 260 200 199 260 261 201 200 261 262 202 201 262 263 203 202 263 264 204 203 264 265 205 204 265 266 206 205 266 267 207 206 267 268 208 207 268 269 209 208 269 270 210 209 270 271 211 210 271 272 212 211 272 273 213 212 273 274 214 213 274 275 215 214 275 276 216 215 276 277 217 216 277 278 218 217 278 279 219 218 279 280 220 219 280 281 221 220 281 282 222 221 282 283 223 222 283 284 224 223 284 285 225 224 285 286 226 225 286 287 227 226 287 288 228 227 288 289 229 228 289 290 230 229 290 291 231 230 291 292 232 231 292 293 233 232 293 294 234 233 294 295 235 234 295 296 236 235 296 297 237 236 297 298 238 237 298 299 239 238 299 300 240 239 300 301 241 240 301 302 242 241 302 303 243 242 303 304 245 244 305 306 246 245 306 307 247 246 307 308 248 247 308 309 249 248 309 310 250 249 310 311 251 250 311 312 252 251 312 313 253 252 313 314 254 253 314 315 255 254 315 316 256 255 316 317 257 256 317 318 258 257 318 319 259 258 319 320 260 259 320 321 261 260 321 322 262 261 322 323 263 262 323 324 264 263 324 325 265 264 325 326 266 265 326 327 267 266 327 328 268 267 328 329 269 268 329 330 270 269 330 331 271 270 331 332 272 271 332 333 273 272 333 334 274 273 334 335 275 274 335 336 276 275 336 337 277 276 337 338 278 277 338 339 279 278 339 340 280 279 340 341 281 280 341 342 282 281 342 343 283 282 343 344 284 283 344 345 285 284 345 346 286 285 346 347 287 286 347 348 288 287 348 349 289 288 349 350 290 289 350 351 291 290 351 352 292 291 352 353 293 292 353 354 294 293 354 355 295 294 355 356 296 295 356 357 297 296 357 358 298 297 358 359 299 298 359 360 300 299 360 361 301 300 361 362 302 301 362 363 303 302 363 364 304 303 364 365 306 305 366 367 307 306 367 368 308 307 368 369 309 308 369 370 310 309 370 371 311 310 371 372 312 311 372 373 313 312 373 374 314 313 374 375 315 314 375 376 316 315 376 377 317 316 377 378 318 317 378 379 319 318 379 380 320 319 380 381 321 320 381 382 322 321 382 383 323 322 383 384 324 323 384 385 325 324 385 386 326 325 386 387 327 326 387 388 328 327 388 389 329 328 389 390 330 329 390 391 331 330 391 392 332 331 392 393 333 332 393 394 334 333 394 395 335 334 395 396 336 335 396 397 337 336 397 398 338 337 398 399 339 338 399 400 340 339 400 401 341 340 401 402 342 341 402 403 343 342 403 404 344 343 404 405 345 344 405 406 346 345 406 407 347 346 407 408 348 347 408 409 349 348 409 410 350 349 410 411 351 350 411 412 352 351 412 413 353 352 413 414 354 353 414 415 355 354 415 416 356 355 416 417 357 356 417 418 358 357 418 419 359 358 419 420 360 359 420 421 361 360 421 422 362 361 422 423 363 362 423 424 364 363 424 425 365 364 425 426 367 366 427 428 368 367 428 429 369 368 429 430 370 369 430 431 371 370 431 432 372 371 432 433 373 372 433 434 374 373 434 435 375 374 435 436 376 375 436 437 377 376 437 438 378 377 438 439 379 378 439 440 380 379 440 441 381 380 441 442 382 381 442 443 383 382 443 444 384 383 444 445 385 384 445 446 386 385 446 447 387 386 447 448 388 387 448 449 389 388 449 450 390 389 450 451 391 390 451 452 392 391 452 453 393 392 453 454 394 393 454 455 395 394 455 456 396 395 456 457 397 396 457 458 398 397 458 459 399 398 459 460 400 399 460 461 401 400 461 462 402 401 462 463 403 402 463 464 404 403 464 465 405 404 465 466 406 405 466 467 407 406 467 468 408 407 468 469 409 408 469 470 410 409 470 471 411 410 471 472 412 411 472 473 413 412 473 474 414 413 474 475 415 414 475 476 416 415 476 477 417 416 477 478 418 417 478 479 419 418 479 480 420 419 480 481 421 420 481 482 422 421 482 483 423 422 483 484 424 423 484 485 425 424 485 486 426 425 486 487 428 427 488 489 429 428 489 490 430 429 490 491 431 430 491 492 432 431 492 493 433 432 493 494 434 433 494 495 435 434 495 496 436 435 496 497 437 436 497 498 438 437 498 499 439 438 499 500 440 439 500 501 441 440 501 502 442 441 502 503 443 442 503 504 444 443 504 505 445 444 505 506 446 445 506 507 447 446 507 508 448 447 508 509 449 448 509 510 450 449 510 511 451 450 511 512 452 451 512 513 453 452 513 514 454 453 514 515 455 454 515 516 456 455 516 517 457 456 517 518 458 457 518 519 459 458 519 520 460 459 520 521 461 460 521 522 462 461 522 523 463 462 523 524 464 463 524 525 465 464 525 526 466 465 526 527 467 466 527 528 468 467 528 529 469 468 529 530 470 469 530 531 471 470 531 532 472 471 532 533 473 472 533 534 474 473 534 535 475 474 535 536 476 475 536 537 477 476 537 538 478 477 538 539 479 478 539 540 480 479 540 541 481 480 541 542 482 481 542 543 483 482 543 544 484 483 544 545 485 484 545 546 486 485 546 547 487 486 547 548
        </DataArray>
        <DataArray type="Int32" Name="offsets" format="ascii">
          4 8 12 16 20 24 28 32 36 40 44 48 52 56 60 64 68 72 76 80 84 88 92 96 100 104 108 112 116 120 124 128 132 136 140 144 148 152 156 160 164 168 172 176 180 184 188 192 196 200 204 208 212 216 220 224 228 232 236 240 244 248 252 256 260 264 268 272 276 280 284 288 292 296 300 304 308 312 316 320 324 328 332 336 340 344 348 352 356 360 364 368 372 376 380 384 388 392 396 400 404 408 412 416 420 424 428 432 436 440 444 448 452 456 460 464 468 472 476 480 484 488 492 496 500 504 508 512 516 520 524 528 532 536 540 544 548 552 556 560 564 568 572 576 580 584 588 592 596 600 604 608 612 616 620 624 628 632 636 640 644 648 652 656 660 664 668 672 676 680 684 688 692 696 700 704 708 712 716 720 724 728 732 736 740 744 748 752 756 760 764 768 772 776 780 784 788 792 796 800 804 808 812 816 820 824 828 832 836 840 844 848 852 856 860 864 868 872 876 880 884 888 892 896 900 904 908 912 916 920 924 928 932 936 940 944 948 952 956 960 964 968 972 976 980 984 988 992 996 1000 1004 1008 1012 1016 1020 1024 1028 1032 1036 1040 1044 1048 1052 1056 1060 1064 1068 1072 1076 1080 1084 1088 1092 1096 1100 1104 1108 1112 1116 1120 1124 1128 1132 1136 1140 1144 1148 1152 1156 1160 1164 1168 1172 1176 1180 1184 1188 1192 1196 1200 1204 1208 1212 1216 1220 1224 1228 1232 1236 1240 1244 1248 1252 1256 1260 1264 1268 1272 1276 1280 1284 1288 1292 1296 1300 1304 1308 1312 1316 1320 1324 1328 1332 1336 1340 1344 1348 1352 1356 1360 1364 1368 1372 1376 1380 1384 1388 1392 1396 1400 1404 1408 1412 1416 1420 1424 1428 1432 1436 1440 1444 1448 1452 1456 1460 1464 1468 1472 1476 1480 1484 1488 1492 1496 1500 1504 1508 1512 1516 1520 1524 1528 1532 1536 1540 1544 1548 1552 1556 1560 1564 1568 1572 1576 1580 1584 1588 1592 1596 1600 1604 1608 1612 1616 1620 1624 1628 1632 1636 1640 1644 1648 1652 1656 1660 1664 1668 1672 1676 1680 1684 1688 1692 1696 1700 1704 1708 1712 1716 1720 1724 1728 1732 1736 1740 1744 1748 1752 1756 1760 1764 1768 1772 1776 1780 1784 1788 1792 1796 1800 1804 1808 1812 1816 1820 1824 1828 1832 1836 1840 1844 1848 1852 1856 1860 1864 1868 1872 1876 1880 1884 1888 1892 1896 1900 1904 1908 1912 1916 1920
        </DataArray>
        <DataArray type="UInt8" Name="types" format="ascii">
          9 9 9 9 9 9 9 9 9 9 9 9 9 9 9 9 9 9 9 9 9 9 9 9 9 9 9 9 9 9 9 9 9 9 9 9 9 9 9 9 9 9 9 9 9 9 9 9 9 9 9 9 9 9 9 9 9 9 9 9 9 9 9 9 9 9 9 9 9 9 9 9 9 9 9 9 9 9 9 9 9 9 9 9 9 9 9 9 9 9 9 9 9 9 9 9 9 9 9 9 9 9 9 9 9 9 9 9 9 9 9 9 9 9 9 9 9 9 9 9 9 9 9 9 9 9 9 9 9 9 9 9 9 9 9 9 9 9 9 9 9 9 9 9 9 9 9 9 9 9 9 9 9 9 9 9 9 9 9 9 9 9 9 9 9 9 9 9 9 9 9 9 9 9 9 9 9 9 9 9 9 9 9 9 9 9 9 9 9 9 9 9 9 9 9 9 9 9 9 9 9 9 9 9 9 9 9 9 9 9 9 9 9 9 9 9 9 9 9 9 9 9 9 9 9 9 9 9 9 9 9 9 9 9 9 9 9 9 9 9 9 9 9 9 9 9 9 9 9 9 9 9 9 9 9 9 9 9 9 9 9 9 9 9 9 9 9 9 9 9 9 9 9 9 9 9 9 9 9 9 9 9 9 9 9 9 9 9 9 9 9 9 9 9 9 9 9 9 9 9 9 9 9 9 9 9 9 9 9 9 9 9 9 9 9 9 9 9 9 9 9 9 9 9 9 9 9 9 9 9 9 9 9 9 9 9 9 9 9 9 9 9 9 9 9 9 9 9 9 9 9 9 9 9 9 9 9 9 9 9 9 9 9 9 9 9 9 9 9 9 9 9 9 9 9 9 9 9 9 9 9 9 9 9 9 9 9 9 9 9 9 9 9 9 9 9 9 9 9 9 9 9 9 9 9 9 9 9 9 9 9 9 9 9 9 9 9 9 9 9 9 9 9 9 9 9 9 9 9 9 9 9 9 9 9 9 9 9 9 9 9 9 9 9 9 9 9 9 9 9 9 9 9 9 9 9 9 9 9 9 9 9 9 9 9 9 9 9 9 9 9 9 9 9 9 9 9 9 9 9
        </DataArray>
      </Cells>
    </Piece>
  </UnstructuredGrid>
</VTKFile>
