radius_мм,relative_angle_deg,sigma_rr_mpa,sigma_tt_mpa,radial_displacement_мм
249.99999999999997,-4.579998741307465e-13,-2.4608791977011344,0.2534119780042633,9.999999999999938
250.00000000000003,-0.18750000000043363,-2.460422455254863,0.25339892587212504,9.975192026659572
250.00000000000003,0.1874999999995685,-2.460422455254534,0.25339892587190854,10.025579220127456
250.41663769630975,-4.579998741307465e-13,-2.4606606862321896,0.2549230715058307,9.92701542128353
250.41663769630975,0.18749969303985975,-2.4602032552590023,0.2549082791336721,9.952607293398618
250.4166376963098,-0.18749969304077574,-2.4602032552594846,0.2549082791336405,9.902220182420223
250.8331019374152,-4.579998741307465e-13,-2.4602197402225032,0.2578235323757875,9.853997465138649
250.83310193741522,-0.18749793621203523,-2.4597609718958102,0.25780533933334765,9.829215268265726
250.83310193741522,0.18749793621111924,-2.4597609718949234,0.25780533933395144,9.879601907130239
251.24922002689036,-4.579998741307465e-13,-2.4597721411811584,0.26048242842910624,9.78098278331898
251.24922002689036,-0.18749371214774344,-2.459312116493676,0.2604609935308405,9.756214056119626
251.24922002689038,0.18749371214682745,-2.4593121164927396,0.2604609935315499,9.80659955984822
251.66482070309164,0.18748614821219087,-2.4588590174168687,0.26287911829899063,9.733636415038667
251.66482070309164,-4.579998741307465e-13,-2.4593202144066324,0.2629036377540647,9.708007672994276
251.66482070309166,-0.18748614821305598,-2.4588590174174536,0.2628791182985898,9.68325294397182
252.07973483671594,-4.579998741307465e-13,-2.4588661625900023,0.26509123710543764,9.63510793704462
252.07973483671594,0.18747445727687048,-2.4584038799533974,0.26506378874386294,9.660748153337611
252.07973483671597,-0.18747445727778647,-2.4584038799539414,0.2650637887432662,9.610367823984443
252.49379611001342,-4.579998741307465e-13,-2.4584120637308,0.26704948669484024,9.562318748579019
252.49379611001345,-0.18745791640144874,-2.4579487843563945,0.26701926328685277,9.537593949869025
252.49379611001345,0.18745791640058362,-2.457948784355754,0.26701926328781983,9.587969834180246
252.90684167199825,-0.1874358562915245,-2.457495683621165,0.2687499678505341,9.464965808219414
252.90684167199825,-4.579998741307465e-13,-2.457959868859462,0.26878281437914125,9.489674520818728
252.90684167199828,0.1874358562906085,-2.4574956836215365,0.26874996785067856,9.515335764300946
253.3187121450822,-4.579998741307465e-13,-2.4575114001033893,0.27029580012904136,9.41720889237855
253.3187121450822,0.18740765537119455,-2.457046401587696,0.2702604803154933,9.442879482247001
253.31871214508223,-0.18740765537211057,-2.4570464015868727,0.2702604803157694,9.392517104619438
253.7292536061737,-4.579998741307465e-13,-2.457068349288859,0.2715931606887633,9.344954366557543
253.72925360617373,-0.18737273600455479,-2.4566026315507816,0.2715555151837148,9.320280403541991
253.72925360617373,0.1873727360036388,-2.4566026315511467,0.2715555151837738,9.370633397262022
254.13831711924055,-4.579998741307465e-13,-2.4566322778261376,0.27267973201456946,9.27294238274151
254.13831711924058,-0.1873305620690132,-2.4561659361658057,0.27263990601556654,9.248287200103718
254.13831711924058,0.18733056206814808,-2.456165936165973,0.2726399060155993,9.298628860390771
254.54575946176718,-4.579998741307465e-13,-2.4562046179794104,0.2735604506442768,9.201203179388203
254.5457594617672,0.18728063717926818,-2.455737748720819,0.27351858680703345,9.226896027291676
254.5457594617672,-0.1872806371801333,-2.4557377487212757,0.27351858680670166,9.176567783357056
254.9514416304846,0.18722250359833756,-2.4553193743129733,0.2741965755762399,9.15546411361683
254.9514416304846,-4.579998741307465e-13,-2.455786674033113,0.2742403372814115,9.129766049556917
254.95144163048462,-0.18722250359920267,-2.455319374313848,0.2741965755757603,9.105151491962587
255.35523356143196,0.18715574050565742,-2.4549119914716737,0.2746789584912243,9.084360557761613
255.35523356143196,-0.1871557405065734,-2.4549119914723536,0.2746789584910684,9.034065877402915
255.35523356143196,-4.579998741307465e-13,-2.4553796239095176,0.2747244809200935,9.058658503694598
255.75700990902993,-4.579998741307465e-13,-2.454984522414973,0.2750180209393023,8.987907008284463
255.75700990902993,-0.1870799635628474,-2.454516655410133,0.27497087197374026,8.963337442597648
255.75700990902996,0.18707996356193138,-2.4545166554101496,0.2749708719731502,9.013611759361808
256.1566537447912,-0.18699482333121928,-2.454134302141133,0.27507748594845105,8.892990987898013
256.1566537447912,-4.579998741307465e-13,-2.454602305350833,0.27512613034194033,8.917536331469034
256.15665374479124,0.1869948233303033,-2.454134302141457,0.2750774859475582,8.943242424864208
256.5540519693791,-4.579998741307465e-13,-2.454233793236287,0.275054000359153,8.847570349203336
256.55405196937915,-0.18690000524826644,-2.453765752208415,0.2750039884551528,8.823050417135951
256.55405196937915,0.18690000524735043,-2.4537657522088634,0.2750039884543258,8.873276373567855
256.94910273447357,-4.579998741307465e-13,-2.4538796951252273,0.27480682495342695,8.778030738116579
256.9491027344736,-0.18679522694235956,-2.4534117145099748,0.27475557015782553,8.753537431119137
256.9491027344736,0.18679522694149445,-2.453411714509956,0.2747555701577264,8.803735230398416
257.3417090071033,-0.18668023855477156,-2.4530727920782436,0.2743374098067243,8.684472661508835
257.3417090071033,-4.579998741307465e-13,-2.453540614381311,0.27438978626583793,8.708938109605992
257.34170900710336,0.18668023855385554,-2.453072792078502,0.2743374098066509,8.734639559872365
257.7317811315221,-4.579998741307465e-13,-2.453217054189232,0.2738080410723231,8.640311560792398
257.73178113152215,-0.18655482103729193,-2.452749487598471,0.27375466070712645,8.615875222115642
257.73178113152215,0.18655482103637594,-2.4527494875997893,0.27375466070624016,8.6660084169353
258.1192369046974,-4.579998741307465e-13,-2.452909422466985,0.27306670766139834,8.572168664412997
258.11923690469746,-0.18641878486382235,-2.452442208333709,0.273012437601149,8.547762698994019
258.11923690469746,0.18641878486290636,-2.452442208334492,0.27301243760080535,8.597859336710096
258.5040016112294,-4.579998741307465e-13,-2.4526180379962894,0.2721708548914534,8.50452546687547
258.5040016112294,0.18627196866680915,-2.4521512722569176,0.2721158057437195,8.530208332391165
258.50400161122946,-0.18627196866767426,-2.4521512722561325,0.2721158057440601,8.480151148702591
258.886005613649,-4.579998741307465e-13,-2.452343136282878,0.2711254918731944,8.437396916731483
258.88600561364905,-0.18611423884351616,-2.4518769139191336,0.2710697705943357,8.413055526776086
258.88600561364905,0.18611423884260017,-2.4518769139198118,0.2710697705941486,8.46307032360925
259.2651881119964,-0.18594548669601904,-2.4516192896847198,0.26987926592063183,8.346489032975585
259.2651881119964,-4.579998741307465e-13,-2.4520848747729027,0.2699355560676406,8.370796209411852
259.26518811199645,0.18594548669510305,-2.4516192896855102,0.2698792659204372,8.396458480915596
259.6414948060751,-4.579998741307465e-13,-2.4518433387993426,0.2686059039366234,8.304735204704448
259.64149480607523,-0.18576562780776565,-2.451378483676678,0.2685491444655282,8.280463528790495
259.64149480607523,0.18576562780684966,-2.4513784836779884,0.268549144464782,8.33038464311398
260.0148780096389,-4.579998741307465e-13,-2.4516185482542756,0.26714130821637483,8.239224413577794
260.01487800963895,-0.18557460050067628,-2.4511545144618045,0.26708417522901845,8.214989524481116
260.01487800963895,0.18557460049981117,-2.4511545144615714,0.26708417522944816,8.264859303889814
260.38529231358376,-0.1853723667254445,-2.450947340218529,0.2654890354669044,8.150076946480874
260.38529231358376,-4.579998741307465e-13,-2.451410462753944,0.26554644990230736,8.174273765824415
260.38529231358376,0.18537236672457938,-2.4509473402176982,0.2654890354676514,8.199892379451407
260.7527042315015,-0.18515890544435495,-2.4507568633121735,0.26376829783965833,8.085733454355891
260.7527042315015,-4.579998741307465e-13,-2.451218986192248,0.26382590539523176,8.109890925843077
260.7527042315015,0.18515890544348984,-2.450756863312253,0.26376829783944755,8.135491523711298
261.1170830616506,-4.579998741307465e-13,-2.4510439729289866,0.2619841468746359,8.046082903613176
261.11708306165065,-0.1849342158456792,-2.450582936482578,0.2619264307999046,8.02196605107599
261.11708306165065,0.18493421584476322,-2.4505829364823013,0.2619264308000164,8.071663739421046
261.4784031137669,-4.579998741307465e-13,-2.4508852333075746,0.2600255439589954,7.982855671568351
261.47840311376694,-0.18469831483831464,-2.450425368367436,0.25996780026257454,7.958780700290228
261.47840311376694,0.18469831483744953,-2.450425368367557,0.25996780026233135,8.00841499477355
261.8366428706905,-0.18445123621389906,-2.4502839274137433,0.25789665687165964,7.896182480854853
261.8366428706905,-4.579998741307465e-13,-2.4507425375485052,0.25795435096944336,7.920214319039111
261.8366428706906,0.18445123621298304,-2.450283927413485,0.2578966568717337,7.945750377705783
262.1917909907919,-4.579998741307465e-13,-2.450615620601877,0.2557747059664635,7.8581620114379405
262.19179099079196,-0.18419302486954944,-2.450158346734093,0.2557171350502624,7.834174546952089
262.19179099079196,0.18419302486863345,-2.450158346732444,0.2557171350515771,7.883673054465111
262.5438328852589,-0.18392374487283267,-2.4500483288718296,0.2534332569245839,7.772760480935839
262.5438328852589,-4.579998741307465e-13,-2.4505041869076685,0.25349063467173455,7.796702344566677
262.5438328852589,0.18392374487191665,-2.450048328870801,0.25343325692527224,7.822186624622207
262.8927661176186,-0.18364346686753216,-2.4499535494423372,0.25104892355086755,7.711941612884291
262.8927661176186,-4.579998741307465e-13,-2.4504079140223096,0.2511060416843683,7.735836662067863
262.8927661176186,0.18364346686666705,-2.4499535494415543,0.2510489235512828,7.761292437239302
263.23858694286923,-0.18335227678251567,-2.449873661333364,0.24856792324585142,7.651719377837666
263.23858694286923,-4.579998741307465e-13,-2.450326456819403,0.24862471880987536,7.675566414207946
263.2385869428693,0.18335227678165056,-2.449873661332355,0.2485679232466213,7.700991950448194
263.5812957477881,-4.579998741307465e-13,-2.4502594509338627,0.24605034544925686,7.615892214813174
263.58129574778815,-0.1830502706338946,-2.4498082981577123,0.2459939319821164,7.592094373568754
263.58129574778815,0.18305027063297857,-2.4498082981574516,0.24599393198246666,7.641285787824031
263.9208983103386,-4.579998741307465e-13,-2.450206515717796,0.24338647903221797,7.556813630175095
263.92089831033866,-0.1827375519898929,-2.449757077219839,0.2433305038292491,7.533066149844144
263.92089831033866,0.18273755198902777,-2.4497570772204447,0.2433305038289694,7.582173526965223
264.25740269521805,-4.579998741307465e-13,-2.4501672574572546,0.24063655701425185,7.498329727316707
264.2574026952181,-0.18241423340881407,-2.4497196027392962,0.24058107295295927,7.474633756402703
264.25740269521816,0.18241423340794896,-2.4497196027403896,0.24058107295226916,7.523654247858355
264.5908219593565,-4.579998741307465e-13,-2.450141272248798,0.23780389849264133,7.440438610895131
264.59082195935656,-0.18208043268797133,-2.4496954687337302,0.2377489552360679,7.416795280411383
264.59082195935656,0.18208043268710622,-2.4496954687341144,0.2377489552359528,7.4657260693260366
264.9211703501741,-4.579998741307465e-13,-2.4501281486194566,0.23489171799875255,7.383138090991706
264.9211703501742,-0.1817362753718475,-2.44968426163697,0.23483736206983918,7.359548513810096
264.9211703501742,0.1817362753709824,-2.449684261636513,0.23483736207038144,7.408386817045691
265.2484616897321,-4.579998741307465e-13,-2.4501274696848787,0.2319031248365452,7.326425968301917
265.24846168973215,-0.18138189578401967,-2.449685562460698,0.2318493996971304,7.3028912383156
265.24846168973215,0.18138189578315456,-2.449685562460627,0.23184939969725415,7.351634308830801
265.5727169337931,-0.18101742797260342,-2.449698948887703,0.2287880540936854,7.246819922757937
265.5727169337931,-4.579998741307465e-13,-2.450138815221752,0.22884110795875923,7.270298730103114
265.5727169337931,0.1810174279717383,-2.4496989488880647,0.22878805409334885,7.2954650495341085
265.8939575620575,-4.579998741307465e-13,-2.450161763647872,0.2257085488561611,7.214752703056195
265.89395756205755,0.18064301159829926,-2.449723997247064,0.22565620385632024,7.2398753844721755
265.8939575620576,-0.18064301159916438,-2.4497239972466427,0.22565620385675353,7.191330874922451
266.2122055388484,-4.0711099922733015e-13,-2.450195893626866,0.22250823329948216,7.159784064402818
266.2122055388485,0.18025879141018633,-2.4497602841117887,0.22245663194967066,7.184861510538809
266.2122055388485,-0.18025879141105144,-2.4497602841117407,0.22245663194964665,7.136420252805039
266.5274853000133,-4.0711099922733015e-13,-2.4502407856036523,0.21924284346713058,7.105388503551616
266.5274853000133,0.1798649141678105,-2.449807387855573,0.21919201782764602,7.130419137403878
266.5274853000133,-0.1798649141687265,-2.44980738785505,0.2191920178279253,7.082083726636683
266.83982359605244,-4.0711099922733015e-13,-2.4502960232843973,0.21591495446828327,7.05156125507214
266.8398235960525,0.17946152789958084,-2.44986489013438,0.21586493396431894,7.0765435203846145
266.8398235960525,-0.17946152790044595,-2.449864890134333,0.21586493396420958,7.02831651195499
267.1492493376292,-4.0711099922733015e-13,-2.4503611945232393,0.21252705456566146,6.998297131021301
267.1492493376292,-0.17904878120610102,-2.4499323767664247,0.21247786607260888,6.975113402001985
267.1492493376292,0.1790487812052359,-2.4499323767651044,0.2124778660738749,7.023229492656254
267.4557868542361,-4.0711099922733015e-13,-2.4504358925097405,0.2090815405702764,6.945591684864821
267.4557868542361,0.1786268318194234,-2.450009438917622,0.20903320850453966,6.97047263019106
267.4557868542362,-0.17862683182028852,-2.450009438918292,0.2090332085038415,6.922469930361933
267.7594715851278,0.1781958246021093,-2.450095674127136,0.20553325837178257,6.918266554541107
267.7594715851278,-4.0711099922733015e-13,-2.450519716763685,0.20558071196942126,6.893438516959181
267.75947158512787,-0.17819582460297442,-2.4500956741268043,0.20553325837187467,6.870379679658761
268.060328306888,-4.0711099922733015e-13,-2.4506122736560414,0.20202678828094317,6.8418330213283935
268.06032830688804,0.17775592109534527,-2.450190686795911,0.20198023290339032,6.866606683199262
268.06032830688804,-0.17775592109621036,-2.4501906867958825,0.20198023290317424,6.818838023974151
268.35839312604804,-4.0711099922733015e-13,-2.450713177552682,0.19842189363595955,6.790768612112772
268.3583931260481,-0.1773072678859094,-2.4502940893614795,0.198376254033779,6.7678383598967775
268.3583931260481,0.17730726788504428,-2.4502940893605043,0.19837625403475576,6.815486452146229
268.6536969379764,-4.0711099922733015e-13,-2.450822050973923,0.19476807238653274,6.740239566819433
268.65369693797646,-0.17685001979602824,-2.450405502444566,0.1947233639999978,6.717374946373146
268.6536969379765,0.17685001979516313,-2.450405502444953,0.194723363999576,6.764900161934302
268.9462719102792,-4.0711099922733015e-13,-2.450938524841178,0.19106730139882833,6.690239916255049
268.9462719102793,-0.1763843302327088,-2.4505245550936694,0.19102353763381366,6.667441796030791
268.9462719102793,0.1763843302318437,-2.450524555094679,0.19102353763271684,6.714841866415844
269.23615137952794,-0.1759103507765563,-2.4506508857193756,0.18727866546896127,6.618032696759606
269.23615137952794,0.17591035077574207,-2.4506508857188005,0.1872786654691574,6.665305394214967
269.23615137952794,-4.0711099922733015e-13,-2.451062239401247,0.18732147315225023,6.640763466069863
269.52336975108386,-4.0711099922733015e-13,-2.4511928444566893,0.18353240172237478,6.591803817557928
269.5233697510839,-0.17542823080931855,-2.4507841423283963,0.18349055971755712,6.5691412325454515
269.5233697510839,0.17542823080850434,-2.4507841423278554,0.1834905597176414,6.616284369460867
269.807961205643,-4.0711099922733015e-13,-2.451329998789695,0.17970184723104235,6.543354591257169
269.80796120564304,0.17493811926013775,-2.4509239819333053,0.17966097871354952,6.5677724355936515
269.80796120564304,-0.17493811926095196,-2.4509239819329975,0.17966097871421924,6.520761006806518
270.0899555657418,-4.0711099922733015e-13,-2.4514733712165837,0.17583149707841364,6.495410131281573
270.08995556574183,-0.1744401717857671,-2.451070071616127,0.17579160815124545,6.472886345710735
270.08995556574183,0.17444017178490198,-2.451070071615843,0.17579160815104933,6.519763960610206
270.36939388119316,-4.0711099922733015e-13,-2.4516226408699637,0.1719229594614773,6.447962858012513
270.3693938811932,0.17393452292249922,-2.4512220888297245,0.17188405460386158,6.472251386163142
270.3693938811933,-0.1739345229233643,-2.451222088830815,0.1718840546034558,6.425509654755879
270.64630392270277,0.17342132936074212,-2.4513797202562033,0.16793988147022967,6.425229400563227
270.64630392270277,-4.0711099922733015e-13,-2.4517774960912764,0.1679777993365248,6.401007435545565
270.6463039227028,-0.17342132936160723,-2.451379720256478,0.16793988147058717,6.37862558014601
270.9207235043247,-4.0711099922733015e-13,-2.451937635744706,0.16399750953409192,6.3545368118268675
270.9207235043247,0.17290072786231156,-2.451542663149076,0.1639605801067177,6.378690973479617
270.92072350432477,-0.17290072786317667,-2.4515426631486203,0.16396058010763476,6.332227054798077
271.1926869779569,-0.17237285936364127,-2.4517106249770433,0.1599475762285761,6.2863075906740935
271.1926869779569,-4.0711099922733015e-13,-2.452102768865781,0.15998351717117845,6.308544514362803
271.19268697795695,0.17237285936282704,-2.451710624975523,0.15994757622953798,6.3326296547479135
271.46222769910753,-4.0711099922733015e-13,-2.452272613745854,0.15593721049605336,6.263024231927476
271.4622276991076,-0.1718378645812741,-2.4518833224934027,0.1559022567469225,6.240860861097495
271.4622276991076,0.17183786458045988,-2.451883322491725,0.15590225674800798,6.28703915550678
271.7293794672979,-4.0711099922733015e-13,-2.4524468986077865,0.15185992171910956,6.217969572363046
271.729379467298,-0.17129588109190938,-2.452060482421434,0.15182595260895285,6.1958804589488885
271.729379467298,0.17129588109109517,-2.452060482421412,0.1518259526084873,6.241913105607539
271.9941764696976,-4.0711099922733015e-13,-2.4526253617460947,0.14775292339543877,6.173374074212227
271.9941764696976,0.17074704316930397,-2.452241841603181,0.1477199351732406,6.1972450652146405
271.99417646969766,-0.1707470431701691,-2.452241841604742,0.1477199351722344,6.151359908309106
272.2566532270617,0.17019148164926415,-2.4524271462683562,0.1435854308401358,6.153028535881319
272.2566532270617,-4.0711099922733015e-13,-2.4528077508032875,0.14361744305808527,6.129231217822809
272.25665322706175,-0.17019148165007839,-2.4524271462694354,0.14358543083937142,6.107292675572375
272.51684132544204,-0.16962933082437567,-2.4526161514599134,0.13942363316990775,6.063672718886398
272.51684132544204,-4.0711099922733015e-13,-2.4529938222098466,0.13945467533990777,6.085534975732312
272.5168413254421,0.16962933082356146,-2.4526161514587694,0.13942363317095718,6.109257511843747
272.7747733765338,-4.0711099922733015e-13,-2.453183342448939,0.135265754097051,6.042279146912506
272.77477337653386,-0.16906072012000875,-2.452808622322184,0.13523567501312703,6.020493823526363
272.77477337653386,0.16906072011919454,-2.452808622320737,0.1352356750145067,6.065925813158028
273.030485707274,-0.16848576762272893,-2.453004333231533,0.13102264035604216,5.977749155244422
273.030485707274,-4.0711099922733015e-13,-2.453376087190235,0.13105176425807485,5.999456909258249
273.03048570727407,0.1684857676219147,-2.4530043332311,0.13102264035633546,6.023026637309478
273.2840064670297,0.16790460664932777,-2.4532030665023687,0.12678559350061094,5.980554555837591
273.2840064670297,-4.0711099922733015e-13,-2.4535718400213917,0.12681377102052768,5.957062812664313
273.28400646702977,-0.167904606650142,-2.453203066503327,0.1267855935000114,5.935433249753601
273.53536983355576,-4.0711099922733015e-13,-2.4537703940779765,0.12255278339265935,5.915090400012776
273.5353698335558,0.16731735391735836,-2.453404614051489,0.12252554262176842,5.938503131061178
273.5353698335558,-0.16731735391812166,-2.4534046140521895,0.12252554262140909,5.893539638007709
273.78460866529605,-4.0711099922733015e-13,-2.453971551265699,0.11826976285586568,5.873533439889374
273.7846086652961,-0.16672412574728776,-2.4536087766043084,0.11824344842661101,5.852062076720828
273.7846086652961,0.16672412574652443,-2.4536087766042227,0.1182434484265716,5.896866150953166
274.0317532571349,-0.16612504128198197,-2.453815362218478,0.11394025572885702,5.810994754481989
274.0317532571349,-4.0711099922733015e-13,-2.4541751207993485,0.11396565495300293,5.8323861331283045
274.03175325713494,0.16612504128121866,-2.4538153622185788,0.11394025572881092,5.855637836120215
274.2768339684435,-4.0711099922733015e-13,-2.45438091977424,0.10964137422370379,5.791642674177318
274.2768339684435,0.16552021640115958,-2.454024186866958,0.10961687838929458,5.814812400345709
274.2768339684435,-0.16552021640197379,-2.454024186866199,0.10961687838985362,5.7703318539341755
274.51988119519484,-4.0711099922733015e-13,-2.454588773437072,0.10529779441436989,5.751297256828438
274.5198811951949,0.16490976367635515,-2.454235074714472,0.10527418952539885,5.7743840563085005
274.5198811951949,-0.1649097636771694,-2.4542350747131296,0.10527418952644013,5.73006755750535
274.7609253433909,-4.0711099922733015e-13,-2.454798514989018,0.10093574967137833,5.71134407964998
274.76092534339097,-0.16429379233260005,-2.4544478579180544,0.10091302270542332,5.690196052839748
274.76092534339097,0.16429379233183672,-2.4544478579194253,0.10091302270437698,5.7343470210048775
274.99999680377374,-4.0711099922733015e-13,-2.4550099853748018,0.09655603572530015,5.671777351128105
274.9999968037738,0.16367240822165474,-2.4546623764223114,0.09653417312532922,5.69469552088151
274.9999968037738,-0.16367240822241808,-2.4546623764207394,0.09653417312661468,5.650711537937882
275.23712592779066,-4.0711099922733015e-13,-2.455223032215746,0.09215942678612654,5.63259129452614
275.23712592779066,0.1630457138114748,-2.454878476871259,0.0921384145071412,5.6554237966878445
275.23712592779066,-0.16304571381223815,-2.4548784768710425,0.09213841450735945,5.611608226013573
275.47233967548374,-0.1624138171868246,-2.4550960118675644,0.0877265128078108,5.57288089781011
275.47233967548374,-4.0711099922733015e-13,-2.455437509067164,0.08774668926761128,5.593780701390778
275.4723396754838,0.16241381718606127,-2.455096011867502,0.08772651280756051,5.616526658212759
275.70566572084107,-4.0711099922733015e-13,-2.4556532772261326,0.0833185449790192,5.555340252282371
275.7056657208411,-0.16177682141630106,-2.4553148417929984,0.08329918942925738,5.53452422373506
275.7056657208411,0.16177682141553773,-2.4553148417931507,0.08329918942860037,5.577998803561896
275.9371357029703,-4.0711099922733015e-13,-2.455870204663224,0.07887568099659639,5.517263984056299
275.93713570297035,0.1611348152397716,-2.455534833748049,0.07885713107954075,5.539834285150917
275.93713570297035,-0.16113481524053494,-2.455534833747716,0.07885713108039293,5.49653223235706
276.1667728028704,-0.16048790740783062,-2.4557558600580824,0.07440102247084496,5.458900350545592
276.1667728028704,-4.0711099922733015e-13,-2.4560881645662893,0.07441878236853283,5.4795473345150025
276.16677280287047,0.16048790740706728,-2.455755860057891,0.07440102247048119,5.502028559073236
276.39460658401345,-4.0711099922733015e-13,-2.4563070374315332,0.0699484884890392,5.442184700585157
276.3946065840135,-0.15983618567493324,-2.4559778004054738,0.06993150270239822,5.421622967030142
276.3946065840135,0.1598361856741699,-2.4559778004054142,0.06993150270190773,5.464576037641245
276.620664995582,-3.562221243239139e-13,-2.4565267096593764,0.06546540921178108,5.405170755456964
276.62066499558205,0.1591797387562658,-2.456200540413117,0.06544918136573045,5.427471409536905
276.62066499558205,-0.15917973875702912,-2.4562005404131293,0.06544918136617055,5.3846947466522534
276.8449724666919,-3.562221243239139e-13,-2.456747071562563,0.060970168310667636,5.368500758522586
276.84497246669196,-0.15851866228062442,-2.456423969616404,0.06095468200235962,5.348110939530251
276.84497246669196,0.15851866227986108,-2.4564239696147343,0.06095468200359477,5.3907099505762455
277.0675530556768,-3.562221243239139e-13,-2.4569680194469816,0.05646336181655599,5.3321700378776855
277.06755305567685,0.15785305000531605,-2.4566479835745136,0.05644860044165863,5.354287005001497
277.06755305567685,-0.1578530500060285,-2.456647983575751,0.05644860044076713,5.311866864710132
277.2884347294983,-3.562221243239139e-13,-2.457189456266821,0.051945535645272475,5.296173293588513
277.28843472949836,0.15718298078138013,-2.4568724845502232,0.051931482432727154,5.3181972869350504
277.28843472949836,-0.15718298078209256,-2.456872484550409,0.05193148243281599,5.2759572151252465
277.50764224147787,-3.562221243239139e-13,-2.457411289697629,0.047417220747696796,5.260505761258351
277.5076422414779,0.1565085397221392,-2.457097379542635,0.04740385879029735,5.28243604687645
277.5076422414779,-0.15650853972290255,-2.4570973795416555,0.047403858791485044,5.2403772184024175
277.7252002092877,-3.562221243239139e-13,-2.4576334313689907,0.04287894873259373,5.225162708828848
277.7252002092877,0.15582980918681005,-2.4573225795239475,0.042866261007596794,5.246998567254688
277.7252002092878,-0.1558298091875734,-2.4573225795237845,0.04286626100809679,5.205122134838257
277.94113124515,-3.562221243239139e-13,-2.457855797196549,0.038331242479732096,5.190139739976614
277.9411312451501,0.15514687472086358,-2.4575479997683543,0.03831921187477777,5.21188046665093
277.9411312451501,-0.15514687472162692,-2.457547999769326,0.038319211874344596,5.170187560025257
278.15545873100154,-0.1544598164918344,-2.4577735611459812,0.0337631990321894,5.135568974843483
278.15545873100154,-3.562221243239139e-13,-2.458078308654511,0.03377458969106695,5.155432342995161
278.15545873100154,0.15445981649112195,-2.4577735611448417,0.033763199032579384,5.177077247488476
278.36820828206623,-0.15376870429793646,-2.4579991902268823,0.029198665311262185,5.101261511154679
278.36820828206623,-3.562221243239139e-13,-2.4583008928789747,0.02920943322727751,5.121035655849579
278.3682082820663,0.15376870429717313,-2.457999190226145,0.029198665311073374,5.142584060386323
278.57940390295164,-3.562221243239139e-13,-2.4585234788881505,0.024636239326035814,5.086945089530621
278.57940390295164,0.15307360979299564,-2.458224815467257,0.024626076932676398,5.108396329215326
278.5794039029517,-0.15307360979370807,-2.458224815468131,0.024626076932807682,5.067260573574124
278.78906165599557,-3.562221243239139e-13,-2.458745999609207,0.02005547294292723,5.053157345992151
278.78906165599557,0.15237462804333332,-2.458450369239232,0.020045898850879415,5.074510772055975
278.7890616559956,-0.15237462804409665,-2.4584503692406825,0.020045898850349922,5.033562854635516
278.9972108276125,-3.562221243239139e-13,-2.4589683934667304,0.015467546900303613,5.019667005415446
278.99721082761255,0.1516718072648354,-2.4586757894674847,0.01545854392187856,5.0409219786332375
278.99721082761255,-0.15167180726554785,-2.458675789467549,0.015458543922387541,5.000162931106597
279.20386759977265,-3.562221243239139e-13,-2.459190602435611,0.010872862046037634,4.986470769725699
279.2038675997727,-0.15096523656163183,-2.4589010176321806,0.010864413039754977,4.967057496204159
279.2038675997727,0.15096523656091937,-2.458901017632884,0.010864413038738214,5.007626666108715
279.40905912834717,-3.562221243239139e-13,-2.4594125708583308,0.006271828610753212,4.953563587507445
279.4090591283472,-0.1502549648213416,-2.459125997602226,0.006263916501745573,4.9342414949443665
279.4090591283472,0.15025496482062917,-2.459125997602779,0.006263916500969359,4.97461979263652
279.6127980530622,-3.562221243239139e-13,-2.45963424620478,0.0016648540626690673,4.920942746660598
279.61279805306225,0.14954108821976542,-2.4593506763724244,0.0016574618506411073,4.941898662291546
279.61279805306225,-0.14954108822047787,-2.4593506763718502,0.001657461851432357,4.901712205556736
279.81511176197637,-3.562221243239139e-13,-2.45985558174898,-0.0029477133237710727,4.888603181693968
279.8151117619764,0.14882364887243438,-2.4595750068007436,-0.002954602529621065,4.909458218136779
279.8151117619764,-0.1488236488731468,-2.459575006800258,-0.0029546025288191154,4.869464559786943
280.016019373514,0.14810271477467132,-2.4597989439839223,-0.007571934600914641,4.877294743485932
280.016019373514,-3.562221243239139e-13,-2.460076532989904,-0.007565531622574576,4.856541163765372
280.01601937351404,-0.14810271477538375,-2.4597989439839347,-0.007571934600437557,4.83749482267609
280.2155393652927,-3.562221243239139e-13,-2.460297056294652,-0.012188218938993842,4.824753075726963
280.2155393652928,0.14737835367183297,-2.460022443865086,-0.012194152338232582,4.845404633282995
280.2155393652928,-0.14737835367249452,-2.4600224438658875,-0.012194152338329284,4.805799370962945
280.413689250694,-3.562221243239139e-13,-2.460517111980385,-0.016815421330829094,4.793235463015048
280.41368925069406,-0.1466506343670522,-2.46024546637159,-0.016820901660393822,4.774374743806994
280.41368925069406,0.14665063436639064,-2.4602454663697775,-0.016820901659465638,4.813784445176791
280.61049067322176,-3.562221243239139e-13,-2.460736664606356,-0.02144682788269579,4.761984224404929
280.61049067322176,0.14591960787011587,-2.460467975706622,-0.021451871490656527,4.782430087617046
280.6104906732218,-0.14591960787082833,-2.460467975707114,-0.021451871490429392,4.74321683594956
280.805962148903,0.14518533393499536,-2.4606899383169263,-0.026086755989686756,4.7513379789550605
280.805962148903,-3.562221243239139e-13,-2.4609556809583704,-0.026082132924402764,4.73099576737368
280.80596214890306,-0.14518533393570782,-2.460689938316244,-0.026086755988575877,4.712322049684802
281.00012203951803,-3.562221243239139e-13,-2.461174129913564,-0.030721027903105637,4.700266534099131
281.0001220395181,-0.1444478703368481,-2.460911322743077,-0.030725246422544327,4.681686822229413
281.0001220395181,0.14444787033613568,-2.4609113227436286,-0.03072524642333419,4.720504571933478
281.1929885499639,-0.1437072728989379,-2.461132099398069,-0.03536703335654839,4.6513076262185455
281.1929885499639,-3.562221243239139e-13,-2.461391982205974,-0.035363203572893305,4.66979300195942
281.192988549964,0.14370727289827634,-2.4611320993971852,-0.035367033355884675,4.689926354189237
281.38457735001543,-3.562221243239139e-13,-2.4616092107246317,-0.040008352314555656,4.63957205842866
281.38457735001543,0.14296360479405246,-2.4613522408475155,-0.040011808967256264,4.65960022446449
281.3845773500155,-0.142963604794714,-2.4613522408492776,-0.04001180896880564,4.621181343417895
281.5749067985961,-0.14221691645291418,-2.461571723341689,-0.04465930062256221,4.591304442196362
281.5749067985961,-3.562221243239139e-13,-2.4618257920004445,-0.044656201704641796,4.609600175990918
281.5749067985961,0.14221691645225262,-2.461571723341156,-0.044659300622140304,4.629522664679862
281.7639954774106,-3.562221243239139e-13,-2.462041705500007,-0.04930650875546175,4.579873803366678
281.7639954774107,-0.14146725481582834,-2.4617905260834307,-0.04930926510794792,4.561673367571173
281.7639954774107,0.14146725481516678,-2.4617905260827158,-0.04930926510738616,4.5996901324674
281.95186095852694,-3.562221243239139e-13,-2.4622569307659,-0.05395900287132477,4.550389559315139
281.95186095852694,-0.14071466824401946,-2.462008628350039,-0.05396143160079875,4.5322847343866774
281.95186095852694,0.1407146682433579,-2.4620086283497438,-0.0539614316005984,4.570099255667418
282.1385155287611,-0.13995922410697903,-2.462226010826912,-0.05861551547643684,4.5031359933130615
282.1385155287611,-3.053332494204976e-13,-2.4624714487551853,-0.05861339965785636,4.52114490086461
282.1385155287611,0.13995922410631748,-2.462226010827131,-0.05861551547657071,4.5407475030543525
282.3239783065133,-3.053332494204976e-13,-2.462685244662607,-0.0632694689866593,4.492136222905496
282.32397830651337,-0.13920096007158358,-2.4624426584813235,-0.06327128635964968,4.474223536626417
282.32397830651337,0.139200960070922,-2.4624426584810695,-0.06327128635916855,4.511631277026524
282.5082663322918,-0.13843991966069602,-2.4626585567491848,-0.0679285081166921,4.445544092989018
282.5082663322918,-3.053332494204976e-13,-2.462898304149577,-0.0679269749761591,4.463360257489219
282.5082663322918,0.13843991966003447,-2.4626585567488433,-0.06792850811598207,4.482747317942134
282.69139078885496,-3.053332494204976e-13,-2.463110614335414,-0.07258566828298624,4.434814659990946
282.691390788855,0.13767616851338255,-2.4628736925168617,-0.07258693115079046,4.454093292593755
282.691390788855,-0.1376761685139932,-2.4628736925175905,-0.07258693115193375,4.417095311554024
282.87337213132486,-0.13690973154595587,-2.4630880554259322,-0.07724634074732978,4.388873409884815
282.87337213132486,-3.053332494204976e-13,-2.463322165051556,-0.07724533445270007,4.406495649061191
282.87337213132486,0.1369097315453452,-2.4630880554263226,-0.07724634074720707,4.425665425240022
283.0542214705635,-3.053332494204976e-13,-2.4635329464919646,-0.0819057443292227,4.378400908759854
283.05422147056356,-0.13614067058814455,-2.463301635459728,-0.0819065074815312,4.360876066246598
283.05422147056356,0.136140670587483,-2.4633016354612485,-0.0819065074824488,4.397461410762184
283.2339549229212,-0.13536902438882437,-2.4635144255170878,-0.08656722498436116,4.333100191477794
283.2339549229212,-3.053332494204976e-13,-2.46374295173315,-0.08656669181151899,4.350527352822688
283.23395492292127,0.1353690243881628,-2.4635144255183503,-0.08656722498511413,4.3694781704115355
283.4125893437646,-3.053332494204976e-13,-2.463952174598838,-0.09122797881660875,4.3228717914612576
283.41258934376464,-0.13459482616234977,-2.463726419252576,-0.0912282948960522,4.305542593563836
283.41258934376464,0.13459482616173912,-2.4637264192534163,-0.09122829489661495,4.341712521099239
283.5901344280319,-3.053332494204976e-13,-2.4641606088435775,-0.09588937304438258,4.295432152340741
283.59013442803194,0.13381813814973323,-2.463937610226955,-0.09588948463909623,4.314162401290528
283.59013442803194,-0.13381813815034388,-2.463937610228048,-0.09588948464007019,4.278201194243747
283.7666062108169,-3.053332494204976e-13,-2.464368251541846,-0.10055068368740593,4.268205390086412
283.766606210817,0.13303899318569812,-2.464147995361644,-0.10055060312427143,4.2868247722023645
283.76660621081703,-0.1330389931863088,-2.464147995364166,-0.10055060312637357,4.251072945911092
283.94201963264567,-3.053332494204976e-13,-2.4645751014077835,-0.1052117465030129,4.24118863898453
283.9420196326457,-0.13225742668091184,-2.4643575732379595,-0.10521148582512434,4.224154980266456
283.9420196326457,0.13225742668030116,-2.4643575732359957,-0.10521148582359229,4.259696775051259
284.11638770543476,-0.13147348060510886,-2.4645663424641078,-0.10987194686027885,4.197444734643979
284.11638770543476,-3.053332494204976e-13,-2.4647811571982974,-0.109872375899762,4.214379339810859
284.1163877054348,0.1314734806044982,-2.464566342465229,-0.10987194686151848,4.232775858450234
284.28972332293296,-0.13068719562465778,-2.464774302535807,-0.11453179673972246,4.170939672958653
284.28972332293296,-3.053332494204976e-13,-2.4649864185447434,-0.11453238267128793,4.187774959782764
284.289723322933,0.1306871956240471,-2.464774302536904,-0.11453179674081927,4.206059497242436
284.4620392603923,-3.053332494204976e-13,-2.465190886299248,-0.11919158557131869,4.161372992602543
284.4620392603924,-0.12989861111981266,-2.464981454170126,-0.11919085392395798,4.144637285747369
284.4620392603924,0.12989861111920198,-2.464981454169588,-0.11919085392335406,4.179545192547472
284.6333481743019,-3.053332494204976e-13,-2.465394562466497,-0.1238498110930285,4.135170958485743
284.63334817430194,-0.1291077652049668,-2.465187799249046,-0.12384894461463744,4.118535090194931
284.63334817430194,0.12910776520435613,-2.4651877992497027,-0.12384894461483989,4.153230471792633
284.80366260218153,-3.053332494204976e-13,-2.465597450157567,-0.12850689327076842,4.109166404174986
284.8036626021816,-0.12831469474890653,-2.4653933407709974,-0.12850590255493594,4.092630630145564
284.8036626021816,0.12831469474829585,-2.465393340771669,-0.1285059025548789,4.12711288872994
284.97299496243363,-3.053332494204976e-13,-2.4657995535414403,-0.13316267348185737,4.083356902940035
284.9729949624337,0.12751943539394536,-2.4655980827967685,-0.13316156882604663,4.10119002343918
284.9729949624337,-0.12751943539455604,-2.4655980827951236,-0.13316156882535266,4.066921476100691
285.14135755425025,-3.053332494204976e-13,-2.466000877784463,-0.1378170002392285,4.05774005456461
285.1413575542503,-0.12672202157938386,-2.465802030392408,-0.13781579164781652,4.041405225203493
285.1413575542503,0.1267220215788241,-2.4658020303951353,-0.13781579164943092,4.075459482317971
285.30876255757386,-0.12592248655560576,-2.4660051895914417,-0.14246842618692682,4.016079501210821
285.30876255757386,-3.053332494204976e-13,-2.466201429008265,-0.14246972900326305,4.032313485320602
285.3087625575739,0.12592248655504598,-2.466005189594732,-0.14246842618892133,4.049918898059044
285.47522203310956,-3.053332494204976e-13,-2.4664012142393226,-0.1471207219881004,4.007074847930126
285.47522203310956,0.1251208624097769,-2.466207567336487,-0.1471193343632929,4.024565929615595
285.4752220331096,-0.12512086241038758,-2.4662075673352937,-0.1471193343634794,3.9909419544530187
285.6407479223862,-3.053332494204976e-13,-2.4666002403518883,-0.15176982944426448,3.982021821516179
285.6407479223862,-0.12431718008599726,-2.4664091704120277,-0.15176836613458236,3.965990261782377
285.64074792238625,0.12431718008543748,-2.466409170411237,-0.15176836613236275,3.999398262155031
285.80534944363256,-3.053332494204976e-13,-2.4667985141575706,-0.15641688360522052,3.957152504665922
285.8053494436326,0.12351148219861063,-2.466610005534874,-0.1564153534382188,3.974414001951636
285.8053494436326,-0.12351148219917041,-2.466610005533745,-0.15641535343870014,3.941222518020683
285.9690374890598,-3.053332494204976e-13,-2.4669960451127806,-0.16106175435932746,3.9324647492944145
285.9690374890599,0.12270380178996708,-2.4668100820903374,-0.16106016587568275,3.9496110072194055
285.9690374890599,-0.12270380179052685,-2.4668100820887067,-0.16106016587562327,3.9166365725029144
286.1318263299121,-0.12189415347784502,-2.4670094106189557,-0.16570270260902784,3.892229776045963
286.1318263299121,-3.053332494204976e-13,-2.467192843808622,-0.16570434116319277,3.907955906498969
286.13182632991214,0.12189415347723435,-2.4670094106183984,-0.16570270260714787,3.9249866327034844
286.2937247290085,0.12108257751605694,-2.46720799978733,-0.17034281597853007,3.9005390750856597
286.2937247290085,-0.12108257751661672,-2.467207999787896,-0.17034281598039797,3.868000314513647
286.2937247290085,-3.053332494204976e-13,-2.467388918985703,-0.17034449664730128,3.883624165677301
286.45474127705853,-2.5444437451708134e-13,-2.4675842818336298,-0.17498209425327446,3.859467747434368
286.4547412770586,-0.12026911381491544,-2.467405860719441,-0.174980379143605,3.843946404999898
286.4547412770586,0.12026911381435566,-2.467405860721697,-0.17498037914432377,3.8762665621843615
286.6148920071394,-0.11945376304798566,-2.4676030041543617,-0.17961527614685613,3.820065161269359
286.6148920071394,-2.5444437451708134e-13,-2.4677789431385677,-0.17961701831918497,3.8354837641231385
286.6148920071395,0.11945376304742589,-2.46760300415587,-0.1796152761468365,3.8521662079457
286.774178722062,-2.5444437451708134e-13,-2.4679729143502582,-0.18424913757310013,3.8116714668734826
286.77417872206206,-0.11863659681108014,-2.4677994414752984,-0.18424737544214057,3.796355826906251
286.77417872206206,0.11863659681052037,-2.4677994414757447,-0.18424737544098546,3.8282372751938376
286.9326208279909,-2.5444437451708134e-13,-2.468166207809171,-0.1888783445270344,3.788027480531006
286.93262082799095,0.11781759521870948,-2.4679951849863064,-0.18887656924804797,3.8044763873914382
286.93262082799095,-0.11781759521926925,-2.4679951849850585,-0.18887656924868618,3.772815030716978
287.090218971796,-2.5444437451708134e-13,-2.4683588357955832,-0.19350452170320484,3.764551238982419
287.09021897179605,-0.11699683356345762,-2.4681902469072337,-0.19350273981794722,3.7494421985369946
287.09021897179605,0.11699683356289785,-2.468190246909083,-0.19350273981771898,3.780882990607006
287.24699124815714,0.11617429527906203,-2.4683846408048984,-0.19812578625788715,3.7574539228920836
287.24699124815714,-0.11617429527962181,-2.4683846408030057,-0.1981257862581384,3.726234172869114
287.24699124815714,-2.5444437451708134e-13,-2.468550811897639,-0.1981275684924085,3.7412395812283283
287.40294081417403,-2.5444437451708134e-13,-2.4687421486506254,-0.2027473697263672,3.7180915773738508
287.4029408141741,-0.1153500403639642,-2.4685783791550837,-0.2027455931292134,3.703190017655291
287.4029408141741,0.11535004036345532,-2.4685783791564617,-0.20274559312845264,3.7341882643115185
287.55808032101737,-2.5444437451708134e-13,-2.4689328610888457,-0.20736383421076104,3.6951048921528744
287.5580803210174,-0.1145240777134886,-2.4687714769690867,-0.20736206896124873,3.6803073978852674
287.5580803210174,0.11452407771297972,-2.468771476970675,-0.2073620689607025,3.711083682245944
287.7124204596205,-2.5444437451708134e-13,-2.469122962699469,-0.2119768672355555,3.672277490197791
287.71242045962055,-0.11369642493727238,-2.4689639477063863,-0.2119751187766812,3.6575842773310123
287.71242045962055,0.11369642493676349,-2.4689639477086485,-0.21197511877679553,3.6881381451994724
287.86596504406054,0.11286713538288641,-2.4691558042924906,-0.21658460367145718,3.66535064937428
287.86596504406054,-2.5444437451708134e-13,-2.469312466460108,-0.2165863301577371,3.649608358756292
287.86596504406054,-0.1128671353834462,-2.4691558042889326,-0.21658460367008783,3.6350196378583766
288.0187266719205,-2.5444437451708134e-13,-2.469501388513689,-0.2211921472898839,3.6270951927944477
288.0187266719205,-0.22407517646047406,-2.4688840709837576,-0.22118531470440989,3.5992665645698807
288.01872667192055,-0.11203621397479627,-2.4693470628424286,-0.22119044768696583,3.612611175134919
288.01872667192055,0.11203621397428737,-2.4693470628459644,-0.22119044768850668,3.642718891760857
288.01872667192055,0.22407517645996516,-2.4688840709897333,-0.22118531470678532,3.65948262130983
288.1707147047652,-0.22241014201878845,-2.4690817082688024,-0.22578755230759145,3.57710346520506
288.1707147047652,0.22241014201827955,-2.4690817082731535,-0.22578755230864028,3.636872077009211
288.1707147047652,-0.11120368159291084,-2.4695377392707965,-0.225792590207197,3.590357068813909
288.1707147047652,-2.5444437451708134e-13,-2.469689744773579,-0.22579425826991378,3.6047361732923195
288.1707147047653,0.11120368159240195,-2.469537739270695,-0.22579259020563244,3.6202410576240203
288.3219373630759,-0.11036956410190793,-2.4697278479818396,-0.23039092640986955,3.568255672351273
288.3219373630759,-2.5444437451708134e-13,-2.4698775496784404,-0.23039255853239035,3.5825296556778863
288.3219373630759,0.2207419374161687,-2.46927872873378,-0.23038599681507568,3.614413588535883
288.32193736307596,-0.2207419374166776,-2.469278728732529,-0.2303859968166205,3.55509327363579
288.32193736307596,0.11036956410139905,-2.469727847979892,-0.23039092640678,3.5979155073702227
288.4724016000414,-2.5444437451708134e-13,-2.47006481744987,-0.23498692919629657,3.5604741868717578
288.47240160004145,-0.2190706261879859,-2.4694751464422677,-0.23498052833982294,3.533234534386898
288.47240160004145,0.219070626187477,-2.4694751464434237,-0.23498052833847868,3.592105717488218
288.4724016000415,-0.10953389326932036,-2.4699174031580506,-0.23498533716112263,3.546305529934362
288.4724016000415,0.10953389326881148,-2.469917403157801,-0.23498533715973746,3.5757407937237637
288.622115313518,-0.10869669459454558,-2.4701064206019816,-0.23957573034908017,3.524505053048946
288.622115313518,0.10869669459403669,-2.470106420603087,-0.23957573034901186,3.5537153350229156
288.622115313518,-2.5444437451708134e-13,-2.47025156391386,-0.23957727839778264,3.538568180320035
288.62211531351807,0.21739625933003237,-2.469670977127005,-0.23957105401467968,3.5699468900284876
288.62211531351807,-0.21739625933054127,-2.4696709771259853,-0.2395710540159156,3.5115256599158915
288.77108847854305,0.10785798072983009,-2.47029491710722,-0.24416204336462352,3.531837250328111
288.77108847854305,-0.10785798073028809,-2.4702949171052206,-0.24416204336392072,3.5028523573552586
288.77108847854305,-2.5444437451708134e-13,-2.4704378058703895,-0.24416354377366636,3.516809752040385
288.7710884785431,-0.21571886214934566,-2.469866237552867,-0.2441575104964333,3.4899647682111445
288.7710884785431,0.21571886214888766,-2.4698662375550513,-0.24415751049652645,3.547935230945402
288.91932901391306,0.21403848047934715,-2.4700609439145724,-0.2487398245604154,3.526069175512203
288.91932901391306,-2.5444437451708134e-13,-2.4706235595544808,-0.24874565305807067,3.495197325498999
288.91932901391306,-0.10701777459470893,-2.4704829088924942,-0.24874420370222539,3.4813458646521207
288.9193290139131,0.10701777459420005,-2.470482908894947,-0.24874420370326,3.510104967597
288.9193290139131,-0.21403848047980517,-2.47006094391156,-0.24873982455926313,3.4685502822284193
289.06684476588197,0.10617609840421155,-2.470670412023389,-0.25332212763807244,3.4885169310441846
289.06684476588197,-0.10617609840472045,-2.470670412021026,-0.253322127637124,3.459984013183695
289.06684476588197,-2.5444437451708134e-13,-2.4708088410429223,-0.25332352276226344,3.4737293405349114
289.066844765882,0.2123551587545231,-2.4702551122078655,-0.25331791176708773,3.5043471750996478
289.0668447658821,-0.212355158755032,-2.4702551122040557,-0.2533179117649414,3.4472806413978274
289.2136435084815,-2.5444437451708134e-13,-2.470993666615637,-0.257897073080946,3.4524042532754464
289.2136435084815,-0.2106689400284901,-2.4704487586476467,-0.2578916913776163,3.4261543015380016
289.21364350848154,0.2106689400280321,-2.4704487586489257,-0.25789169137763446,3.482767697096263
289.21364350848154,-0.10533297368748716,-2.470857442755213,-0.2578957351311125,3.438765257553836
289.21364350848154,0.10533297368697828,-2.470857442756208,-0.2578957351309634,3.467071601058549
289.35973294385155,-2.5444437451708134e-13,-2.4711780527454206,-0.2624662278119432,3.431220536048979
289.3597329438516,-0.10448842129157046,-2.4710440175545196,-0.26246494975433554,3.417688068637735
289.3597329438516,0.10448842129111247,-2.4710440175543367,-0.26246494975340595,3.44576745411799
289.3597329438516,-0.20897986599664067,-2.470641899660502,-0.26246108628190284,3.4051697347673473
289.35973294385167,0.20897986599618268,-2.4706418996592965,-0.2624610862798589,3.4613292248257124
289.50512070258145,0.20728797702082444,-2.4708345518390735,-0.2670260228925287,3.4400302574615624
289.50512070258145,-2.5444437451708134e-13,-2.4713620160837495,-0.2670309142732164,3.4101766772949604
289.5051207025815,0.10364246139786969,-2.471230153054923,-0.2670296985974759,3.4246029827013382
289.5051207025815,-0.20728797702133334,-2.470834551839942,-0.26702602289390953,3.3843254294128404
289.5051207025815,-0.10364246139832768,-2.4712301530542207,-0.2670296985972413,3.3967509334908446
289.64981434405934,0.10279511353229347,-2.4714158660450725,-0.27158991218295847,3.4035766951980317
289.64981434405934,-2.5444437451708134e-13,-2.471545573428564,-0.27159106320404536,3.389271181471651
289.6498143440594,-0.10279511353275146,-2.471415866044855,-0.27158991218282735,3.3759523552555923
289.6498143440594,-0.20559331215199353,-2.471026731945504,-0.27158643107774366,3.3636198899163943
289.6498143440594,0.20559331215148463,-2.471026731943423,-0.27158643107565045,3.4188693099396668
289.7938213568314,-2.5444437451708134e-13,-2.4717287417189437,-0.2761466086919805,3.368502568961389
289.7938213568314,0.2038959091474031,-2.47121845687693,-0.2761422440580184,3.3978449128681225
289.7938213568315,-0.2038959091478611,-2.4712184568776356,-0.2761422440585752,3.34305163673889
289.7938213568315,-0.10194639657491973,-2.471601173456252,-0.2761455243838657,3.35529085306551
289.7938213568315,0.10194639657441085,-2.471601173455803,-0.2761455243836631,3.382687115815279
289.93714915896936,0.10109632877007169,-2.4717860911626253,-0.28069645140221167,3.36193278448312
289.93714915896936,-2.0355549961366507e-13,-2.4719115368473012,-0.2806974671509278,3.347869375973721
289.93714915896936,-0.10109632877052968,-2.471786091163019,-0.28069645140222277,3.334764961947378
289.93714915896936,0.20219580449951627,-2.471409742460044,-0.280693377403114,3.3769556124349798
289.9371491589694,-0.2021958044999743,-2.4714097424597616,-0.2806933774026332,3.322619206261982
290.07980249461616,0.20049306462940858,-2.4716006048074526,-0.2852397415510909,3.356200348833637
290.07980249461616,0.10024494333062797,-2.4719706353462905,-0.2852426042942392,3.3413126328036573
290.07980249461616,-2.0355549961366507e-13,-2.4720939750190176,-0.2852435498435936,3.3273705282719552
290.07980249461616,-0.20049306462986657,-2.4716006048073984,-0.2852397415507462,3.3023215208293775
290.07980249461616,-0.10024494333108597,-2.471970635346411,-0.28524260429399406,3.314373604578326
290.22179019233795,0.19878770545964913,-2.471791061918879,-0.2897812873563643,3.335577472191465
290.22179019233795,-2.0355549961366507e-13,-2.4722760742307157,-0.2897848084283123,3.307004369214498
290.221790192338,-0.19878770546010713,-2.471791061918786,-0.2897812873559415,3.2821569262894017
290.221790192338,-0.09939224821794952,-2.472154824004917,-0.28978393451782186,3.2941151244044216
290.221790192338,0.09939224821749153,-2.472154824004159,-0.28978393451741535,3.3208250063624587
290.3631199966317,0.09853825670980892,-2.472338675118335,-0.29432040910939034,3.3004684137896865
290.3631199966317,-0.09853825671026692,-2.472338675118862,-0.29432040910962404,3.273988026487271
290.3631199966317,-0.19707975354853116,-2.4719811317850255,-0.2943179812627623,3.2621239294832565
290.3631199966317,-2.0355549961366507e-13,-2.472457852459272,-0.2943212101378667,3.286769404459235
290.3631199966318,0.19707975354807317,-2.471981131786299,-0.2943179812642745,3.3150854964867627
290.50379905514154,-2.0355549961366507e-13,-2.472639326843363,-0.2988527022447838,3.2666642310237473
290.5037990551416,-0.09768298463575047,-2.472522205820033,-0.2988519751489921,3.253990906913692
290.5037990551416,0.19536924054939278,-2.472170831526212,-0.29884976977893474,3.2947230277742974
290.5037990551416,0.09768298463529246,-2.4725222058209173,-0.29885197515010425,3.280241455425583
290.5037990551416,-0.1953692405498508,-2.472170831524047,-0.29884976977663347,3.2422211279589086
290.6438336383587,-2.0355549961366507e-13,-2.472820512412063,-0.30337919063090535,3.246687576499443
290.64383363835873,-0.19365620687710983,-2.472360176071253,-0.3033765580283212,3.222447248751191
290.64383363835873,0.09682645220079483,-2.4727054311167653,-0.30337853833332046,3.2601428627951416
290.64383363835873,0.19365620687665183,-2.472360176071742,-0.3033765580290735,3.2744888039493
290.64383363835873,-0.09682645220125283,-2.4727054311166885,-0.30337853833292255,3.234122491778424
290.78322666176257,-0.09596869944797279,-2.4728883677412203,-0.3079000165912931,3.2143819866480077
290.78322666176257,-2.0355549961366507e-13,-2.473001425924018,-0.30790059340873827,3.226838650469738
290.78322666176257,0.09596869944756567,-2.4728883677409397,-0.3079000165912685,3.240171852225283
290.7832266617626,-0.19194073261128095,-2.472549182091034,-0.307898263408004,3.202801496136325
290.7832266617626,0.19194073261087383,-2.472549182092041,-0.30789826340918497,3.254382050808424
290.92198948403785,-0.09510971361684807,-2.473071035359016,-0.3124164060245688,3.1947674059974016
290.92198948403785,-2.0355549961366507e-13,-2.4731820870266827,-0.3124169068569774,3.207115464765129
290.92198948403785,0.09510971361644095,-2.4730710353593204,-0.3124164060248844,3.220326434762208
290.9219894840379,-0.19022279223469757,-2.472737869304315,-0.31241488148174346,3.183281889093632
290.9219894840379,0.19022279223423957,-2.472737869305217,-0.31241488148273544,3.234400780473797
291.06012898834365,0.09424950827831317,-2.4732534488983533,-0.31692764342307206,3.200605269631567
291.06012898834365,-0.09424950827872028,-2.473253448898586,-0.3169276434234432,3.175277405405313
291.06012898834365,-2.0355549961366507e-13,-2.4733625106598436,-0.31692806793858985,3.187516675658187
291.0601289883437,-0.18850241288848316,-2.472926252595933,-0.3169263485128689,3.1638870847668974
291.0601289883437,0.18850241288807607,-2.472926252595538,-0.3169263485126685,3.2145436573831176
291.19764483724646,-2.0355549961366507e-13,-2.4735427128607546,-0.3214339774066168,3.1680419664959167
291.19764483724646,0.18677971050935185,-2.4731143478674307,-0.3214325646063316,3.1948103863277892
291.19764483724646,0.09338814140278616,-2.473435624362106,-0.321433629377983,3.1810080494361572
291.1976448372465,-0.09338814140319326,-2.4734356243609747,-0.32143362937708797,3.155911661896212
291.1976448372465,-0.18677971050975894,-2.473114347867676,-0.32143256460632535,3.1446167567914554
291.334550434282,-0.09252558423031759,-2.4736175806808554,-0.32593435065012133,3.1366679208012305
291.334550434282,-2.0355549961366507e-13,-2.473722712548815,-0.3259346221893901,3.1486890779731285
291.334550434282,0.09252558422991049,-2.473617580682381,-0.3259343506515525,3.1615325117783963
291.33455043428205,0.18505462757928764,-2.473302174094038,-0.3259335160288561,3.175198703361735
291.33455043428205,-0.18505462757969476,-2.473302174094165,-0.32593351602872395,3.1254686566780863
291.4708489488925,-2.0355549961366507e-13,-2.473902525378157,-0.33042995368499595,3.129457205766232
291.4708489488925,0.09166187112341671,-2.473799333497416,-0.3304297584842785,3.1421778582098
291.4708489488926,-0.18332723282453034,-2.473489746871552,-0.33042915355189334,3.106441975899506
291.4708489488926,-0.09166187112382382,-2.473799333497375,-0.3304297584841203,3.1175453744371917
291.4708489488926,0.18332723282412325,-2.4734897468717874,-0.3304291535523327,3.15570781842678
291.60654551578057,0.09079702346701363,-2.4739809000057553,-0.3349197920982782,3.1229430135862657
291.60654551578057,-0.09079702346742073,-2.473980900007184,-0.33491979209948725,3.098542941913519
291.60654551578057,-2.0355549961366507e-13,-2.47408216856284,-0.3349199112653667,3.110345270714244
291.6065455157806,-0.18159756901086907,-2.473677083349656,-0.33491941594506,3.0875356341225224
291.6065455157807,0.18159756901046198,-2.473677083348382,-0.3349194159441385,3.136336662682669
291.7416494201553,-2.0355549961366507e-13,-2.4742616582450077,-0.3394044515950112,3.091351614455449
291.7416494201553,-0.08993103525876556,-2.474162296345147,-0.339404408010937,3.0796589665962117
291.74164942015534,0.08993103525835844,-2.474162296345963,-0.3394044080117465,3.1038263196608282
291.74164942015534,-0.17986562413422894,-2.473864199644072,-0.33940425927474327,3.068747978283046
291.74164942015534,0.17986562413382182,-2.4738641996423683,-0.33940425927357143,3.1170835798396093
291.87616139190476,-2.0355549961366507e-13,-2.474441011009777,-0.34388351878606344,3.072475786168957
291.8761613919048,0.08906395448957863,-2.474343539079151,-0.343883550197172,3.0848273333884024
291.8761613919048,0.17813149417672752,-2.474051112255527,-0.3438836271040455,3.0979481372822804
291.8761613919049,-0.17813149417708374,-2.474051112254739,-0.34388362710275117,3.050078549972065
291.8761613919049,-0.08906395448998573,-2.4743435390761372,-0.34388355019435696,3.060892992543132
292.01009302055036,-2.0355549961366507e-13,-2.4746202434891345,-0.34835707456198334,3.0537158145981222
292.01009302055036,0.17639513380370528,-2.47423783779405,-0.3483574805903744,3.078928360757676
292.0100930205504,-0.1763951338041124,-2.4742378377942424,-0.3483574805898966,3.03152538711935
292.0100930205504,-0.0881957584929373,-2.4745246448295553,-0.34835718023501117,3.0422430523172834
292.0100930205504,0.0881957584925302,-2.474524644829121,-0.3483571802347209,3.0659440812403367
292.1434443952811,-2.0355549961366507e-13,-2.474799371565396,-0.3528250675481631,3.035071345438283
292.14344439528116,0.17465664474222675,-2.474424392056684,-0.35282576785584097,3.0600239149352495
292.14344439528116,-0.17465664474258297,-2.474424392058414,-0.3528257678567566,3.0130881270568017
292.14344439528116,-0.08732649813227206,-2.474705629461521,-0.3528252466282634,3.023708786105899
292.14344439528116,0.08732649813186494,-2.4747056294610554,-0.3528252466280041,3.0471762170728898
292.2762256976335,0.08645615796123178,-2.47488651009322,-0.35728771582954594,3.0285219768473213
292.2762256976335,-2.0355549961366507e-13,-2.47497841236303,-0.357287464325038,3.0165406159147174
292.27622569763355,-0.17291599610045483,-2.4746107921439373,-0.3572884549682721,2.9947650144058064
292.27622569763355,0.17291599610009858,-2.4746107921437894,-0.357288454968796,3.0412330361350297
292.27622569763355,-0.086456157961588,-2.4748865100914395,-0.3572877158276701,3.00528843402115
292.4084400418969,-2.0355549961366507e-13,-2.475157380989516,-0.361744217810441,2.9981228559400166
292.4084400418969,0.08558476780583694,-2.4750673018062948,-0.36174454063239414,3.009980595629253
292.4084400418969,-0.08558476780624406,-2.475067301804978,-0.3617445406307706,2.9869812231136366
292.40844004189694,0.17117324752671556,-2.4747970530703824,-0.361745494360323,3.0225549668663327
292.40844004189694,-0.17117324752712268,-2.474797053069261,-0.3617454943586147,2.9765552756458127
292.5400925868844,-2.0355549961366507e-13,-2.475336294666788,-0.36619529244826315,2.9798170132877972
292.54009258688444,0.16942843067292226,-2.4749831920011163,-0.3661968500206844,3.003988663272269
292.54009258688444,0.08471234349140812,-2.4752480218087674,-0.3661956853681749,2.991551024347971
292.54009258688444,-0.16942843067332938,-2.4749831920005914,-0.3661968500194725,2.9584578584140884
292.54009258688444,-0.08471234349176433,-2.4752480218086337,-0.3661956853674366,2.9687861000597375
292.6711922473682,-2.0355549961366507e-13,-2.4755151683450487,-0.37064065216732467,2.9616215189196224
292.67119224736825,-0.08383887504291157,-2.4754286850391316,-0.3706411138538871,2.9507014979903503
292.67119224736825,-0.16768152558865132,-2.475169223829317,-0.3706424854232301,2.9404711996683752
292.67119224736825,0.08383887504250445,-2.4754286850388727,-0.37064111385435994,2.9732316934537053
292.67119224736825,0.1676815255882442,-2.4751692238297256,-0.37064248542430106,2.985532556949565
292.8017380217474,-2.0355549961366507e-13,-2.475694016651498,-0.3750802242146909,2.943536184190783
292.80173802174744,-0.1659326430308927,-2.475355163036352,-0.3750823274179391,2.9225951010976585
292.80173802174744,0.08296441783909675,-2.4756093060862696,-0.3750807532376402,2.9550224230469775
292.80173802174744,0.16593264303053648,-2.475355163037454,-0.37508232741962083,2.96718647935155
292.80173802174744,-0.08296441783945298,-2.4756093060867297,-0.3750807532373715,2.9327272221236163
292.9317401397353,-2.0355549961366507e-13,-2.475872857772833,-0.3795140066182008,2.925559266566622
292.9317401397353,-0.16418174243754916,-2.475541027798876,-0.37951637362563223,2.9048278285592692
292.9317401397354,0.0820889515994748,-2.4757899031339066,-0.37951460144354043,2.936921468603557
292.9317401397354,-0.0820889515998819,-2.4757899031346646,-0.3795146014436466,2.914861533385597
292.9317401397354,0.1641817424371929,-2.47554102780055,-0.3795163736279053,2.948948685435437
293.061204123817,-0.08121248656125889,-2.4759704903958157,-0.38394263370044573,2.8971033472030294
293.061204123817,-2.0355549961366507e-13,-2.4760517059447533,-0.3839419747052886,2.9076896818950524
293.061204123817,0.16242884428223278,-2.475726832266919,-0.3839445989800216,2.9308180976174643
293.06120412381705,-0.162428844282589,-2.475726832266371,-0.3839445989786862,2.8871682989671403
293.06120412381705,0.08121248656090267,-2.475970490395537,-0.3839426337007042,2.9189277483012686
293.190130768395,-1.526666247102488e-13,-2.476230574914133,-0.38836404514147127,2.8899270013108156
293.1901307683951,0.08033506446340245,-2.476151081577503,-0.3883647665911336,2.901040840056413
293.1901307683951,-0.08033506446375868,-2.4761510815774432,-0.38836476659047015,2.8794522302752643
293.1901307683951,-0.16067403204473335,-2.4759125900165393,-0.388366919801166,2.8696160769312167
293.1901307683951,0.16067403204437714,-2.4759125900167174,-0.3883669198022359,2.912794302941203
293.3185276277193,-0.07945668059634367,-2.4763316934608914,-0.39278098260377975,2.861906826133158
293.3185276277193,0.07945668059598744,-2.4763316934594823,-0.39278098260323074,2.883259386133876
293.3185276277193,-1.526666247102488e-13,-2.4764094814784348,-0.39278020050169127,2.872269866884481
293.31852762771933,0.15891729630165255,-2.47609831778664,-0.39278331833201985,2.8948759455202495
293.31852762771933,-0.15891729630200876,-2.47609831778685,-0.39278331833130764,2.8521698090967686
293.4464007328441,-1.526666247102488e-13,-2.4765884416038855,-0.3971904455203027,2.8547171361647843
293.4464007328441,-0.07857733970200967,-2.4765123419985198,-0.3971912863941271,2.844465992577864
293.44640073284415,-0.15715864654035597,-2.476284031494228,-0.39719379898525337,2.834828355296397
293.44640073284415,0.15715864653999975,-2.476284031493962,-0.39719379898583573,2.8770618877366854
293.4464007328442,0.07857733970165345,-2.476512341998674,-0.3971912863950687,2.865582245609443
293.57375465769735,-1.526666247102488e-13,-2.476767468840974,-0.4015947330447471,2.837267871222815
293.5737546576974,0.15539811078107238,-2.476469744551412,-0.40159831430848725,2.8593511992212224
293.5737546576974,-0.1553981107814286,-2.476469744550047,-0.40159831430646714,2.8175907776302123
293.5737546576974,-0.07769705579188885,-2.4766930407068113,-0.40159563073384297,2.8271287907464866
293.5737546576974,0.07769705579153262,-2.476693040709076,-0.4015956307366774,2.848008483385513
293.70059199497354,-1.526666247102488e-13,-2.47694657642388,-0.4059929944704969,2.819921408443389
293.7005919949736,-0.07681585605417682,-2.476873802775703,-0.4059939469499237,2.8098945544032894
293.7005919949736,0.07681585605387148,-2.476873802777335,-0.405993946952083,2.830537440532705
293.70059199497365,-0.15363574340075284,-2.476655470012702,-0.4059967954169265,2.8004564093068245
293.70059199497365,0.1536357434004475,-2.4766554700146357,-0.40599679541946926,2.8417432277952015
293.8269178724338,0.07593374958775352,-2.4770546433853164,-0.4103862056459533,2.8131681114387677
293.8269178724338,-0.07593374958805886,-2.4770546433837275,-0.4103862056438325,2.792762275490741
293.8269178724338,-1.526666247102488e-13,-2.477125779556779,-0.410385200459151,2.8026767400951447
293.82691787243385,-0.1518715625962412,-2.4768412229805556,-0.41038921273420426,2.7834242437351593
293.8269178724339,0.151871562595885,-2.4768412229821917,-0.4103892127364212,2.824236971758199
293.9527384705454,-0.07505073738546093,-2.477235577779222,-0.41477240528586745,2.7757308078779057
293.9527384705454,-1.526666247102488e-13,-2.477305093508455,-0.41477134953951955,2.785532719346511
293.9527384705454,-0.15010557035174565,-2.477027018638823,-0.4147755645504821,2.7664931371523775
293.95273847054546,0.15010557035144032,-2.4770270186386503,-0.4147755645508765,2.8068312878808577
293.95273847054546,0.07505073738515561,-2.4772355777811432,-0.41477240528825443,2.7958993502393783
294.07805821219796,-1.526666247102488e-13,-2.47748453235288,-0.4191514216733292,2.768488443474011
294.078058212198,-0.14833779180988166,-2.4772128709274113,-0.41915583060300987,2.749662187088402
294.078058212198,0.14833779180957632,-2.4772128709250327,-0.4191558306012648,2.7895252804500243
294.078058212198,-0.2225170148450379,-2.4768732490075505,-0.41916131359582975,2.741076885151749
294.0780582121981,0.07416683201761448,-2.4774166200016476,-0.4191525257814562,2.7787302568083314
294.0780582121981,0.2225170148446817,-2.4768732490044454,-0.4191613135939038,2.8008742169068075
294.0780582121981,-0.07416683201791982,-2.4774166200013688,-0.4191525257807126,2.7587992480601478
294.20288148429273,0.07328204571250546,-2.4775977836710066,-0.42352653404351887,2.761659939378815
294.20288148429273,0.1465682514247383,-2.477398793355633,-0.4235299776595853,2.772318062037012
294.20288148429273,-1.526666247102488e-13,-2.4776641097503935,-0.4235253838266036,2.7515430181694045
294.2028814842928,-0.07328204571281079,-2.477597783673575,-0.4235265340454295,2.74196670098474
294.2028814842928,-0.2198627848910763,-2.477067102502372,-0.4235356935251415,2.7244340338556974
294.2028814842928,-0.14656825142504365,-2.4773987933585357,-0.42352997766174166,2.732930499542542
294.2028814842928,0.21986278489077096,-2.477067102498815,-0.4235356935228659,2.7835180939291395
294.3272126379664,0.21720594791572714,-2.477260953783783,-0.4279039114209278,2.7662599873541027
294.3272126379664,-1.526666247102488e-13,-2.477843839190662,-0.4278932046755003,2.7346955574833953
294.32721263796645,0.07239639035813127,-2.477779082245135,-0.4278943987107096,2.744687514488016
294.32721263796645,0.14479697297297198,-2.4775847992693394,-0.42789797422748693,2.755208753443506
294.32721263796645,-0.21720594791603248,-2.4772609537882633,-0.42790391142398093,2.7078898996745
294.32721263796645,-0.0723963903584366,-2.477779082247037,-0.42789439871202534,2.725232279994079
294.32721263796645,-0.1447969729732773,-2.4775847992723925,-0.4278979742297407,2.7162971889267857
294.45105598881526,0.2145465385805736,-2.4774548158297116,-0.43226593729397284,2.7490990321109137
294.45105598881526,-0.21454653858087894,-2.477454815834138,-0.43226593729692747,2.6914436082217645
294.45105598881526,-1.526666247102488e-13,-2.4780237339949456,-0.4322548545773329,2.7179451837690327
294.45105598881526,0.07150987750876008,-2.4779605290038,-0.4322560900994613,2.72781210692154
294.4510559888153,-0.07150987750906541,-2.4779605290027753,-0.4322560900981907,2.7085951067686977
294.4510559888153,-0.14302397956271182,-2.4777709018326024,-0.4322597905076285,2.699761378008841
294.4510559888153,0.14302397956240648,-2.4777709018308025,-0.43225979050641394,2.738196483647451
294.57441581711987,0.07062251838940901,-2.4781421370557792,-0.4366115801800757,2.7110328496573826
294.57441581711987,0.14124929364271993,-2.477957114026315,-0.4366153983627858,2.7212803897483595
294.57441581711987,-1.526666247102488e-13,-2.4782038073166133,-0.4366103055404084,2.701291027624877
294.5744158171199,-0.07062251838971435,-2.4781421370546153,-0.436611580178907,2.6920543112700495
294.5744158171199,-0.14124929364302524,-2.477957114025561,-0.43661539836179336,2.6833221978549444
294.5744158171199,0.21188459055888598,-2.4776487014223387,-0.43662174283692523,2.73203437116194
294.57441581712,-0.21188459055919132,-2.477648701423155,-0.436621742836589,2.675094293409545
294.69729636807045,-0.13947293701567318,-2.4781434486552993,-0.44096477128903017,2.6669787877723676
294.6972963680705,-1.526666247102488e-13,-2.478384072125447,-0.44095953117869596,2.6847322278378862
294.69729636807057,0.13947293701536784,-2.4781434486566627,-0.4409647712904805,2.7044596169125734
294.69729636807057,-0.20922013655210972,-2.47784262314976,-0.4409713013899097,2.658841097391422
294.69729636807057,-0.06973432390128931,-2.4783239193312467,-0.44096084253916185,2.6756090316828787
294.69729636807057,0.06973432390098398,-2.4783239193320834,-0.44096084253975076,2.694348883809767
294.6972963680706,0.2092201365518044,-2.477842623151722,-0.44097130139272067,2.7150651554497203
294.81970185199276,-1.526666247102488e-13,-2.478564541210476,-0.4453025066839286,2.6682679313260826
294.81970185199276,-0.137694930843354,-2.4783299183399663,-0.44530788438272806,2.650730295251659
294.81970185199276,0.13769493084304865,-2.4783299183411738,-0.4453078843839147,2.687733318318117
294.8197018519928,0.06884530462511405,-2.478505888579407,-0.44530385234614545,2.677759358572673
294.8197018519928,-0.0688453046253685,-2.4785058885777467,-0.44530385234494163,2.6592584143575118
294.8197018519928,-0.20655320830268947,-2.4780365934169044,-0.4453145879246017,2.6426831705052547
294.8197018519928,0.206553208302435,-2.478036593418139,-0.44531458792654605,2.698190543843679
294.94163644457296,-0.1359152956597287,-2.478516535500811,-0.44964471429213326,2.6345758759089164
294.94163644457296,0.06795547082873153,-2.4786880573555194,-0.44964058631271525,2.6612634311632473
294.94163644457296,-0.06795547082898598,-2.478688057355043,-0.4496405863125331,2.6430016137519825
294.94163644457296,0.13591529565942337,-2.478516535501045,-0.4496447142923137,2.671100655099459
294.94163644457296,-1.526666247102488e-13,-2.4787452271782286,-0.4496392087937544,2.6518972930810776
294.941636444573,-0.20388383661060783,-2.478230624421213,-0.44965157898465635,2.62661967121593
294.941636444573,0.2038838366103025,-2.4782306244216,-0.44965157898554586,2.6814097030866813
295.0631042870848,-0.20121205134636214,-2.478424728161676,-0.45398225266797443,2.6106497660576835
295.0631042870848,0.06706483246921169,-2.478870438021747,-0.4539710226616184,2.6448602667649554
295.0631042870848,-1.526666247102488e-13,-2.478926142435607,-0.45396961574592876,2.6356194761103224
295.0631042870848,0.2012120513461077,-2.478424728162032,-0.45398225266868847,2.6647218077413415
295.06310428708485,-0.13413405137914075,-2.4787033123618913,-0.4539752391917904,2.6185146934275587
295.06310428708485,0.13413405137888632,-2.4787033123620574,-0.45397523919193417,2.6545607962920097
295.06310428708485,-0.06706483246946612,-2.4788704380229656,-0.4539710226627555,2.6268377923738315
295.1841094866152,-1.526666247102488e-13,-2.4791072992041876,-0.45829370726161,2.619433651379294
295.1841094866152,-0.0661733991991563,-2.479053042755701,-0.458295141105244,2.6107661207219492
295.1841094866152,0.19853788146531515,-2.47861891643436,-0.4583065885915143,2.6481260401360927
295.1841094866153,0.13235121730562327,-2.4788902609573165,-0.4582994387581269,2.6381129187764287
295.1841094866153,-0.1323512173059286,-2.4788902609588943,-0.458299438759619,2.602545919500219
295.1841094866153,-0.1985378814655696,-2.478618916435151,-0.45830658859190054,2.594772629576457
295.1841094866153,0.06617339919885096,-2.4790530427524025,-0.4582951411022981,2.6285490384705894
295.3046561162912,-1.526666247102488e-13,-2.479288709505854,-0.46261146450225904,2.603338997753477
295.3046561162912,-0.19586135502306337,-2.478813200818209,-0.4626245678461222,2.578987444271993
295.3046561162912,-0.06528118037005769,-2.47923588352544,-0.4626129227933212,2.5947857772280547
295.30465611629126,0.19586135502275803,-2.478813200818841,-0.4626245678470064,2.6316215903110853
295.30465611629126,0.1305668121435349,-2.4790773931135774,-0.46261729412304387,2.6217562072228047
295.30465611629126,0.06528118036980324,-2.4792358835258548,-0.46261292279369354,2.6123289272251466
295.30465611629126,-0.13056681214378935,-2.479077393114848,-0.4626172941243943,2.5866687337703107
295.42474821550604,0.1931824991863782,-2.4790075926829953,-0.46693617297733403,2.6152076559640207
295.42474821550604,-1.526666247102488e-13,-2.479470385157724,-0.46692287003528243,2.587334701940275
295.4247482155061,-0.128780854005244,-2.4792647204461833,-0.46692878784153513,2.5708823237735925
295.4247482155061,0.12878085400498954,-2.4792647204468268,-0.46692878784199443,2.605489854034643
295.4247482155061,0.06438818503840536,-2.4794189721036686,-0.46692435029541185,2.596199121768516
295.4247482155061,-0.06438818503865981,-2.4794189721012496,-0.46692435029330576,2.5788959481982587
295.4247482155061,-0.19318249918668354,-2.479007592680611,-0.4669361729748074,2.5632934005398296
295.54438979014606,-1.526666247102488e-13,-2.4796523377758124,-0.4712279078081628,2.5714199584307713
295.54438979014606,-0.06349442197026604,-2.4796023200468356,-0.4712294075532898,2.563095827754472
295.54438979014606,0.19050134025101706,-2.479202103176286,-0.4712413879386204,2.5988834423956555
295.5443897901461,0.0634944219700116,-2.4796023200484765,-0.47122940755451664,2.5801588185781705
295.5443897901461,-0.19050134025127152,-2.4792021031741687,-0.4712413879362173,2.5476896966132365
295.5443897901461,-0.1269933604207466,-2.4794522543617212,-0.47123390386271696,2.5551858848795503
295.5443897901461,0.12699336042049217,-2.479452254362842,-0.4712339038637847,2.589313059292829
295.66358481281696,0.06259989964352271,-2.4797859387153682,-0.4755280798683742,2.564207221811674
295.66358481281696,-0.06259989964377714,-2.4797859387129035,-0.4755280798666183,2.5473846177756383
295.66358481281696,-1.526666247102488e-13,-2.4798345787657823,-0.4755265631107469,2.555593969441494
295.663584812817,0.18781790365205392,-2.479396743226805,-0.4755401980677578,2.582648162455335
295.663584812817,0.12520434834748811,-2.4796400060555186,-0.47553262749949526,2.5732250306993727
295.663584812817,-0.12520434834774255,-2.4796400060548454,-0.4755326274988581,2.5395786202328376
295.6635848128171,-0.18781790365230835,-2.479396743227597,-0.4755401980680025,2.5321755385049975
295.78233722307056,0.061704626255864224,-2.479969839239748,-0.4798203538440889,2.5483435432491475
295.78233722307056,-0.06170462625611867,-2.4799698392403116,-0.479820353845356,2.5317615278390697
295.78233722307056,-1.526666247102488e-13,-2.480017119317262,-0.4798188225405437,2.5398559448560127
295.7823372230706,-0.12341383417972664,-2.479827986504552,-0.47982494539130605,2.5240597406944763
295.7823372230706,0.12341383417947219,-2.4798279865041466,-0.4798249453907737,2.557224983521133
295.7823372230706,-0.1851322139792475,-2.479591523544057,-0.4798325900549361,2.5167501399491816
295.7823372230706,0.18513221397899307,-2.479591523542082,-0.47983259005349743,2.566501036486366
295.9006509276309,0.18244429498889866,-2.479786454579483,-0.4841185516569483,2.5504412922712834
295.9006509276309,-0.060808609726668204,-2.4801540325340414,-0.4841062171443144,2.516225775161608
295.9006509276309,-1.0177774980683254e-13,-2.480199970397352,-0.48410467374487215,2.524205102166572
295.900650927631,-0.12162183375519962,-2.480016206443398,-0.48411084523026027,2.5086284647830976
295.900650927631,0.12162183375494517,-2.480016206444332,-0.4841108452307037,2.5413121405334382
295.900650927631,-0.1824442949891531,-2.479786454579665,-0.48411855165684886,2.5014127223427476
295.90065092763103,0.060808609726413755,-2.4801540325330844,-0.48410621714241414,2.532567002235674
296.0185297747469,-0.11982836276096252,-2.48020467398482,-0.4883902832452498,2.4932840219809793
296.0185297747469,0.11982836276070809,-2.4802046739848094,-0.48839028324450906,2.5254857354344926
296.0185297747469,0.059911857898775366,-2.4803385269172624,-0.4883856259520632,2.516876829064575
296.0185297747469,-1.0177774980683254e-13,-2.4803831404005074,-0.4883840729017301,2.5086406698288326
296.018529774747,-0.059911857899029815,-2.4803385269179943,-0.4883856259539639,2.500776587928678
296.018529774747,-0.17975417021156512,-2.479981544096388,-0.4883980391682791,2.4861625180312674
296.018529774747,0.17975417021131068,-2.47998154409547,-0.48839803916753455,2.5344681684800943
296.135974093923,-1.0177774980683254e-13,-2.4805666392732473,-0.4926569757347885,2.4931623428248373
296.135974093923,0.11803348975348986,-2.4803933988121565,-0.49266321526823276,2.5097454761427462
296.135974093923,-0.17706194247829463,-2.4801768014414383,-0.4926710085528186,2.470999216558754
296.135974093923,-0.11803348975374431,-2.4803933988138867,-0.4926632152707809,2.4780261017828233
296.13597409392304,0.1770619424780402,-2.4801768014392773,-0.4926710085506689,2.518581382292215
296.13597409392304,-0.05901440505205141,-2.4805233322747586,-0.4926585360269531,2.4854136574475616
296.13597409392304,0.05901440505184786,-2.4805233322745437,-0.49265853602546283,2.501272724254983
296.25299091633696,-1.0177774980683254e-13,-2.4807504794149366,-0.496923400685257,2.4777689351223517
296.25299091633696,-0.17436755986788058,-2.480372238597949,-0.4969374784889438,2.455921644505166
296.252990916337,-0.11623718011811801,-2.480582393141701,-0.4969296598502503,2.462853525312655
296.252990916337,0.058116233877612423,-2.4807084609579113,-0.4969249658299519,2.4857535000754543
296.252990916337,-0.05811623387786687,-2.4807084609569965,-0.49692496583036916,2.470135800637949
296.252990916337,0.11623718011786356,-2.480582393143096,-0.49692965985052884,2.4940901744803754
296.25299091633707,0.17436755986762614,-2.480372238597476,-0.49693747848813635,2.502779746336064
296.36958402367566,-1.0177774980683254e-13,-2.4809346712320326,-0.5011833692891919,2.462459693310422
296.3695840236757,-0.05721735122993541,-2.4808939233146132,-0.5011849369252955,2.4549422639325003
296.3695840236757,-0.17167104294019175,-2.480567865463658,-0.5011974707399532,2.440929052576192
296.3695840236757,0.17167104293993732,-2.4805678654664507,-0.5011974707420462,2.4870625168437455
296.3695840236757,0.11443944756084942,-2.480771667153822,-0.5011896386242493,2.478519081936321
296.3695840236757,-0.11443944756105298,-2.4807716671508557,-0.5011896386224435,2.447765540375518
296.3695840236757,0.05721735122973186,-2.4808939233152403,-0.5011849369248627,2.470318404800475
296.48575716589113,-1.0177774980683254e-13,-2.481119222840609,-0.5054368522639375,2.447233871303988
296.48575716589113,0.056317763705490784,-2.481079727391678,-0.5054384200565276,2.4549666939905714
296.4857571658912,-0.056317763705745226,-2.4810797273907457,-0.5054384200562534,2.4398323011187535
296.4857571658912,0.11264030527676228,-2.4809612286697216,-0.5054431224167564,2.4630314572348477
296.4857571658912,-0.16897241148621694,-2.4807636895083647,-0.5054509562793372,2.4260206988579816
296.4857571658912,0.1689724114859625,-2.4807636895098897,-0.5054509562800955,2.4714289572212165
296.4857571658912,-0.11264030527701673,-2.4809612286690466,-0.5054431224169039,2.432761402149517
296.60151158065236,-1.0177774980683254e-13,-2.481304141736645,-0.5096837972017302,2.432091054520816
296.60151158065236,0.16627174254545343,-2.480959717516518,-0.5096978830146394,2.4558786709741356
296.60151158065236,-0.11083980462733643,-2.4811510848717417,-0.509690058961992,2.4178406925892855
296.60151158065236,-0.05541749698631615,-2.4812658806032424,-0.5096853628514829,2.424805495023394
296.60151158065236,-0.166271742545657,-2.4809597175161207,-0.5096978830149446,2.4111961661518473
296.60151158065236,-0.2217181483150772,-2.480691716702391,-0.5097088307964338,2.40487153916569
296.6015115806524,0.11083980462713289,-2.481151084871826,-0.5096900589615618,2.447626896133439
296.6015115806524,0.22171814831482275,-2.4806917167026943,-0.5097088307962713,2.4644541913913933
296.6015115806524,0.05541749698611259,-2.4812658806025594,-0.5096853628506585,2.4396979573737845
296.71685078308866,-1.0177774980683254e-13,-2.481489438543566,-0.5139241961652553,2.4170305319897505
296.71685078308866,0.16356905920343573,-2.4811559595682517,-0.5139382434049824,2.4404109570125616
296.71685078308866,0.054516558766911166,-2.4814523935113026,-0.5139257574140478,2.4245114857662733
296.71685078308866,-0.054516558767114726,-2.4814523935130652,-0.5139257574155379,2.4098611343944794
296.7168507830887,-0.21811472394142922,-2.4808964722189693,-0.513949162778939,2.390216888176014
296.7168507830887,-0.10903796100253813,-2.4813412461414726,-0.513930440496023,2.403002701668421
296.7168507830887,0.10903796100233457,-2.4813412461416298,-0.5139304404960515,2.4323046927420084
296.7168507830887,0.21811472394122566,-2.480896472219042,-0.5139491627784194,2.4488311914542122
296.7168507830888,-0.1635690592036393,-2.4811559595662445,-0.5139382434035128,2.39645474716278
296.8317807849612,0.05361493664947369,-2.481639276766948,-0.5181596391861696,2.409406245019793
296.8317807849612,0.16086432426640118,-2.4813524258763495,-0.5181720732124988,2.425024782994181
296.8317807849612,-0.16086432426665564,-2.4813524258746646,-0.518172073210993,2.38179541954214
296.8317807849612,0.21450856422403985,-2.4811013242238316,-0.5181829485122195,2.433290070630164
296.8317807849612,-1.0177774980683254e-13,-2.4816751239622494,-0.5181580845515689,2.4020512705862873
296.83178078496127,-0.21450856422424341,-2.4811013242209863,-0.5181829485101862,2.3756448516010047
296.83178078496127,-0.05361493664967725,-2.4816392767673787,-0.5181596391861186,2.39499818841559
296.83178078496127,0.1072347496059997,-2.481531722967583,-0.5181643025832762,2.417063813173095
296.83178078496127,-0.10723474960620326,-2.4815317229662592,-0.5181643025816317,2.388246402162642
296.94630487837713,0.10543018698398442,-2.4817225198575374,-0.5223916078635875,2.4019035883869337
296.94630487837713,-1.0177774980683254e-13,-2.4818612028511136,-0.5223854248665529,2.387152596037105
296.9463048783772,-0.21089970225289115,-2.4813062761710976,-0.5224101510460958,2.361154762758892
296.9463048783772,0.2108997022526876,-2.4813062761726847,-0.522410151047134,2.4178301711329344
296.9463048783772,-0.05271263890710989,-2.4818265351387065,-0.5223869707042587,2.3802159824543265
296.9463048783772,0.15815756255249788,-2.481549120513817,-0.522399335250381,2.409719484753612
296.94630487837725,0.05271263890690634,-2.481826535140366,-0.5223869707064025,2.3943815627252105
296.94630487837725,-0.15815756255270144,-2.4815491205116493,-0.5223993352480741,2.367217512453731
296.94630487837725,-0.10543018698418798,-2.4817225198548023,-0.5223916078601495,2.373571120585344
297.0604212946566,0.15544891795526114,-2.4817460509749245,-0.5266199773516745,2.3944950752283334
297.06042129465663,-0.05180971350629926,-2.4820141767470694,-0.5266076993461634,2.365514496036922
297.06042129465663,0.05180971350609571,-2.482014176748872,-0.5266076993483672,2.3794374312990896
297.06042129465663,-0.20728832987731124,-2.4815113350225606,-0.5266307186290529,2.3467465961491643
297.06042129465663,-1.0177774980683254e-13,-2.48204768340979,-0.5266061644306266,2.3723344933596695
297.0604212946567,-0.1554489179554647,-2.481746050974739,-0.5266199773508402,2.3527210001649386
297.0604212946567,0.20728832987710769,-2.4815113350236384,-0.5266307186301039,2.402451519021254
297.0604212946567,0.10362436906833167,-2.4819136446914856,-0.5266123038788787,2.3868240201068085
297.0604212946567,-0.10362436906853521,-2.481913644691462,-0.5266123038778971,2.358976832879436
297.17413901993115,-0.05090612302275252,-2.4822022130983337,-0.5308218673275132,2.3508923249270604
297.1741390199312,0.05090612302254897,-2.482202213098761,-0.5308218673283084,2.3645724364479817
297.1741390199312,-1.0177774980683254e-13,-2.482234577190066,-0.5308203454033413,2.357595552786687
297.1741390199312,0.1527382782067594,-2.4819432283705307,-0.5308340421591791,2.379350134088136
297.17413901993126,-0.15273827820696295,-2.4819432283740173,-0.5308340421615013,2.3383044925140264
297.17413901993126,-0.10181722101163336,-2.4821051088342547,-0.5308264330103004,2.34446214134399
297.17413901993126,0.1018172210114298,-2.4821051088329047,-0.530826433009901,2.3718236905182954
297.17413901993126,0.20367429741311974,-2.4817165115378295,-0.5308446942775675,2.387152692454369
297.17413901993126,-0.20367429741332327,-2.4817165115378437,-0.530844694277043,2.332418970152351
297.28746065194747,-1.0177774980683254e-13,-2.4824218880541546,-0.5350279525455357,2.342935198507799
297.28746065194747,0.05000187991666158,-2.482390647963071,-0.535029459446598,2.3497860047985775
297.28746065194747,-0.05000187991686513,-2.482390647963092,-0.5350294594462762,2.336348892402848
297.28746065194747,0.10000876773366264,-2.4822969157802883,-0.5350339801698061,2.3569020302106973
297.28746065194747,0.20005765469777645,-2.48192180811313,-0.5350520633571685,2.371933134523242
297.28746065194747,0.1500256806863979,-2.482140655741857,-0.535041514775368,2.364284097410481
297.28746065194747,-0.20005765469798,-2.481921808116167,-0.5350520633592405,2.318171314463327
297.2874606519475,-0.15002568068660146,-2.482140655744754,-0.5350415147770161,2.3239674155320147
297.2874606519475,-0.1000087677338662,-2.482296915780781,-0.5350339801692855,2.3300264698709876
297.4003846733886,-1.0177774980683254e-13,-2.482609623926698,-0.5392289390012597,2.328353387704437
297.4003846733886,-0.04909702935210647,-2.482579489184132,-0.5392304289097777,2.3218841504966967
297.4003846733886,-0.14731126087812188,-2.4823383403152826,-0.53924234894983,2.309709716469944
297.4003846733886,0.09819909956018781,-2.4824890731414486,-0.539234898765557,2.3420590121799503
297.4003846733886,0.04909702935190291,-2.4825794891832196,-0.5392304289093199,2.3350781005201915
297.4003846733886,0.14731126087791832,-2.482338340315092,-0.5392423489506775,2.349296948856552
297.40038467338866,-0.09819909956039137,-2.4824890731404867,-0.539234898763609,2.315669767182703
297.40038467338866,-0.19643858236856912,-2.4821272314394776,-0.5392527801006093,2.3040035767007345
297.40038467338866,0.19643858236841646,-2.482127231437201,-0.5392527800993616,2.3567928413927053
297.512920263497,-0.09638813474652622,-2.482681589214191,-0.5434292112498947,2.3013906241272277
297.512920263497,0.14459489616788437,-2.482536290065177,-0.543436567414422,2.3343872542411592
297.512920263497,-1.0177774980683254e-13,-2.4827977933666046,-0.5434233270075631,2.313848698301428
297.51292026349705,-0.14459489616808793,-2.4825362900643144,-0.543436567412738,2.295529994091215
297.51292026349705,0.192816916947328,-2.4823327890352687,-0.5434468676245849,2.3417303767818343
297.51292026349705,0.09638813474637355,-2.482681589217792,-0.5434292112539926,2.3272932053071727
297.51292026349705,0.04819153045514287,-2.4827687452567813,-0.5434247980112112,2.3204472965306864
297.51292026349705,-0.19281691694753156,-2.482332789037562,-0.5434468676256322,2.289914364511652
297.51292026349705,-0.048191530455295534,-2.4827687452565175,-0.5434247980105281,2.3074966831103234
297.6250666697645,-0.04728542154621314,-2.482958420619754,-0.5476125494709755,2.2931863488854765
297.6250666697645,-1.0177774980683254e-13,-2.4829864008979228,-0.5476110992278022,2.2994209932135083
297.6250666697645,0.047285421546009586,-2.4829584206204443,-0.5476125494719424,2.3058934617695894
297.6250666697645,-0.18919281169963983,-2.482538483996783,-0.5476343094736106,2.2759035342300633
297.6250666697646,-0.14187670150998977,-2.4827345087091435,-0.5476241533211574,2.2814281037472224
297.6250666697646,0.18919281169943628,-2.482538483996211,-0.5476343094742292,2.3267456382150207
297.6250666697646,0.1418767015097862,-2.482734508710766,-0.5476241533233458,2.319554899808725
297.6250666697646,-0.0945759499302548,-2.482874468175501,-0.5476169005167001,2.287188896825177
297.6250666697646,0.09457594993010213,-2.4828744681778994,-0.5476169005192341,2.3126044863084894
297.7368279747596,0.04637870174443085,-2.4831485236343958,-0.5517936755466905,2.291415838318703
297.7368279747596,-0.13915667426340725,-2.4829330040677653,-0.5518050995037546,2.2674032934144996
297.7368279747596,-0.09276254335117826,-2.4830677181781025,-0.551797959030615,2.273063829746356
297.7368279747596,0.09276254335102559,-2.4830677181784564,-0.5517979590310188,2.297992099181055
297.7368279747596,-1.0177774980683254e-13,-2.483175454952831,-0.5517922478496796,2.285069513962887
297.7368279747596,0.1391566742632037,-2.4829330040695012,-0.551805099505838,2.304799132827712
297.73682797475965,0.18556626310419805,-2.4827443236540323,-0.5518150989737733,2.311837877587956
297.73682797475965,-0.1855662631044016,-2.4827443236526188,-0.5518150989714993,2.261970338694235
297.73682797475965,-0.04637870174458352,-2.4831485236338167,-0.5517936755460868,2.2789523901404314
297.84820913951876,-0.09094789783414865,-2.483261342823563,-0.5559723799444185,2.2590145603468033
297.84820913951876,-0.13643478866630546,-2.4831317792960714,-0.5559793993777036,2.253454704907607
297.84820913951876,0.1364347886661019,-2.483131779295365,-0.5559793993774153,2.2901190881910805
297.84820913951876,-1.0177774980683254e-13,-2.4833649594991325,-0.5559667658247346,2.2707933931338258
297.84820913951876,0.09094789783399598,-2.4832613428236723,-0.5559723799445989,2.2834551767658446
297.8482091395188,-0.04547136246270548,-2.4833390581728154,-0.5559681692354433,2.264793941254408
297.8482091395188,-0.18193723681396362,-2.4829503105370487,-0.5559892299100556,2.2481139253586564
297.8482091395188,0.18193723681381097,-2.482950310535903,-0.5559892299098033,2.2970062331282826
297.8482091395188,0.04547136246250193,-2.483339058173737,-0.5559681692362544,2.2770135582494566
297.9592086673055,0.17830590756469233,-2.4831564504776287,-0.5601566884264009,2.282250704819576
297.9592086673055,-0.044563447388627234,-2.483530031224206,-0.5601360155277773,2.2507109596460233
297.9592086673055,0.04456344738847457,-2.483530031223753,-0.5601360155275169,2.262686590720963
297.9592086673055,-1.0177774980683254e-13,-2.483554921592491,-0.5601346380577497,2.256592593134253
297.9592086673055,0.08913210075363397,-2.4834553488709528,-0.5601401484783177,2.268993696734915
297.9592086673056,0.22292156040885916,-2.4829320987731665,-0.5601691019398569,2.2892025945830308
297.9592086673056,-0.17830590756484502,-2.4831564504764714,-0.5601566884243979,2.234334247246297
297.9592086673056,-0.22292156040906272,-2.4829320987736487,-0.5601691019388398,2.22929654923859
297.9592086673056,0.1337111757764679,-2.4833308407613046,-0.5601470385401678,2.2755147538457274
297.9592086673056,-0.13371117577667146,-2.483330840762676,-0.5601470385409114,2.2395822909525536
297.95920866730563,-0.08913210075378664,-2.483455348873445,-0.5601401484803099,2.2450410428177876
298.0698358542079,0.0436549115991258,-2.4837214467428166,-0.5642972092522851,2.248433513859932
298.06983585420795,0.08731506226522379,-2.4836497400207254,-0.564301259632988,2.2546062325861054
298.06983585420795,0.1746720956806927,-2.483362746144939,-0.5643174702059807,2.2675698597181015
298.06983585420795,-1.0177774980683254e-13,-2.483745345278566,-0.5642958593256331,2.2424656976580635
298.06983585420795,-0.17467209568084535,-2.4833627461438583,-0.564317470203623,2.2206299196944403
298.069835854208,-0.08731506226537646,-2.4836497400219395,-0.5643012596334886,2.2311418748008505
298.069835854208,-0.04365491159927847,-2.483721446743403,-0.5642972092524413,2.2367020355142255
298.069835854208,-0.2183795445648671,-2.4831473249398233,-0.5643296376502688,2.2156772902980686
298.069835854208,-0.13098570083155367,-2.4835301917371306,-0.5643080122769404,2.225784657570459
298.069835854208,0.21837954456471445,-2.483147324938461,-0.56432963765087,2.274362758882986
298.069835854208,0.13098570083140101,-2.4835301917368153,-0.5643080122775121,2.260984699599228
298.18008592251334,-0.12825857421925,-2.483729837080146,-0.568462307337301,2.212062169833291
298.18008592251334,-0.17103608166765155,-2.483569201812264,-0.5684715625504717,2.207001305271887
298.18008592251334,0.12825857421909734,-2.4837298370786702,-0.568462307336915,2.2465293470629915
298.18008592251334,0.1710360816674989,-2.483569201809713,-0.568471562549712,2.252964135776796
298.18008592251334,-1.0177774980683254e-13,-2.4839362361718287,-0.5684504156751362,2.2284130911515465
298.18008592251334,0.08549692263193934,-2.483844521547202,-0.5684556997627747,2.2402931915659234
298.18008592251334,-0.085496922632092,-2.4838445215461995,-0.5684556997611204,2.217317425848877
298.1800859225134,-0.04274582522746746,-2.483913310258638,-0.5684517365319861,2.22276754487015
298.1800859225134,0.21383477621002617,-2.4833625384170332,-0.5684834700156608,2.2595986045089553
298.1800859225134,0.04274582522731479,-2.4839133102596813,-0.5684517365334608,2.23425472252448
298.1800859225134,-0.21383477621022973,-2.4833625384206366,-0.5684834700168815,2.202134452735326
298.28997023112527,-0.1255296066887674,-2.4839297802035705,-0.5726099207310201,2.1984131851843087
298.28997023112527,0.20928693995717546,-2.4835777412887126,-0.5726305970513282,2.244908427332838
298.28997023112527,0.1255296066886147,-2.4839297802023084,-0.5726099207306878,2.232147002824095
298.28997023112527,-5.088887490341627e-14,-2.4841275984267543,-0.572598303552319,2.214433102125012
298.28997023112527,0.04183612518625599,-2.484105625848267,-0.5725995938809859,2.2201485371376775
298.28997023112527,-0.08367755568270308,-2.4840396972793113,-0.572603465566403,2.2035660429828066
298.28997023112527,-0.04183612518640866,-2.4841056258473153,-0.5725995938795511,2.2089058250902407
298.28997023112527,0.0836775556825504,-2.484039697279264,-0.5726034655670786,2.226052886789534
298.28997023112527,-0.2092869399573281,-2.483577741290851,-0.5726305970513751,2.1886664171695265
298.2899702311253,0.16739761320122495,-2.4837758203039213,-0.5726189629075231,2.2384318338348583
298.2899702311253,-0.16739761320137764,-2.4837758203055507,-0.572618962907589,2.1934467726215106
298.39948297000916,-0.08185711822547634,-2.4842352708615696,-0.5767445442812396,2.189888226414934
298.39948297000916,-0.2047364277766526,-2.4837929352894577,-0.5767710076170708,2.1752736733892117
298.39948297000916,-0.04092588988166029,-2.4842983974263064,-0.5767407683022476,2.1951173838968145
298.39948297000916,-5.088887490341627e-14,-2.4843194360536165,-0.5767395098907044,2.200526247827589
298.39948297000916,0.20473642777649995,-2.4837929352865915,-0.5767710076161776,2.230292822484542
298.39948297000916,0.04092588988150763,-2.4842983974257438,-0.5767407683023359,2.2061154864919854
298.3994829700092,-0.12279903344522872,-2.4841300242951116,-0.5767508400748219,2.1848381983430842
298.3994829700092,-0.16375700387555517,-2.4839826041779576,-0.5767596594347479,2.179966812988042
298.3994829700092,0.08185711822532367,-2.4842352708619635,-0.5767445442824205,2.211885860609053
298.3994829700092,0.1637570038754025,-2.4839826041777484,-0.5767596594356456,2.2239735294129166
298.3994829700092,0.12279903344507605,-2.484130024296074,-0.5767508400763929,2.2178382248106425
298.508635337918,-5.088887490341627e-14,-2.484511753365015,-0.5808740326439875,2.18669088578963
298.508635337918,-0.20018292453777667,-2.4840081227045596,-0.5809047013992915,2.161954631116386
298.50863533791807,-0.040015056277936355,-2.484491629225049,-0.5808752578198315,2.1814005876840765
298.50863533791807,-0.08003548419202801,-2.484431246282822,-0.5808789341333457,2.176282352191094
298.50863533791807,0.20018292453762399,-2.48400812270058,-0.5809047013974633,2.215750115007998
298.50863533791807,0.1601140015717366,-2.4841895564541527,-0.5808936511947771,2.209587552472833
298.50863533791807,0.1200666653917833,-2.484330572945877,-0.580885063946155,2.2036013486926187
298.50863533791807,0.04001505627778369,-2.484491629224906,-0.5808752578204456,2.1921539200420583
298.50863533791807,0.08003548419187535,-2.4844312462828,-0.5808789341344112,2.1977904551921936
298.50863533791807,-0.12006666539193597,-2.4843305729457295,-0.5808850639453516,2.171335595794311
298.50863533791807,-0.16011400157188926,-2.4841895564543086,-0.5808936511941718,2.16655982408175
298.6174226922706,0.11733270792056115,-2.4845314274883004,-0.5850125805156365,2.1894367808215054
298.6174226922706,-0.1956267725269571,-2.484223303306035,-0.5850316677430215,2.148709638300172
298.6174226922706,-0.07821279051444802,-2.4846276253658948,-0.585006622935697,2.162748775918761
298.6174226922706,-5.088887490341627e-14,-2.484704552570112,-0.5850018593339751,2.1729273862209477
298.6174226922707,-0.1173327079207138,-2.484531427488188,-0.5850125805146603,2.157905728692663
298.6174226922707,0.03910369284235047,-2.4846853233597406,-0.5850030500310074,2.1782642181466323
298.6174226922707,0.07821279051429535,-2.484627625366695,-0.5850066229377128,2.1837670629448795
298.6174226922707,0.19562677252680444,-2.4842233033028682,-0.5850316677419143,2.2012807448421974
298.6174226922707,0.15646888013440774,-2.484396677783312,-0.5850209268681354,2.195274325210329
298.6174226922707,-0.03910369284250314,-2.4846853233583124,-0.5850030500288772,2.167755798411355
298.6174226922707,-0.15646888013450952,-2.4843966777827897,-0.5850209268668571,2.1532261545042792
298.7258538971802,-0.07638894772444559,-2.484824412298784,-0.5891276102497875,2.1492861729836306
298.7258538971802,-0.15282146064001464,-2.484603971411915,-0.5891414869429451,2.1399644973503533
298.7258538971802,-0.038191754840375604,-2.484879484251289,-0.5891241442637191,2.1541816840312737
298.7258538971802,0.1910677481019903,-2.4844384796349157,-0.5891519078443038,2.1868833552648694
298.7258538971802,-5.088887490341627e-14,-2.484897838172842,-0.5891229892193576,2.1592344105891157
298.72585389718023,-0.11459702683322268,-2.484732591717821,-0.589133389727994,2.144547280804681
298.72585389718023,-0.19106774810214294,-2.484438479636345,-0.5891519078439741,2.1355373983106354
298.72585389718023,0.038191754840273824,-2.4848794842532724,-0.5891241442663405,2.164445036736664
298.72585389718023,0.11459702683307,-2.484732591717927,-0.5891333897290861,2.1753431689020215
298.72585389718023,0.07638894772434382,-2.484824412300238,-0.5891276102522037,2.1698143352103023
298.7258538971803,0.152821460639862,-2.484603971410806,-0.5891414869431479,2.181032492641475
298.83392762920477,-0.0372792825598689,-2.4850741119680966,-0.5932385283503807,2.1406781924568388
298.83392762920477,-0.14917190422665308,-2.4848114358418827,-0.5932553202290661,2.1267747965957073
298.83392762920477,-5.088887490341627e-14,-2.4850916103401968,-0.5932374100608838,2.1456119114005046
298.83392762920477,0.037279282559716236,-2.485074111968789,-0.5932385283517064,2.150696334551981
298.8339276292048,-0.22386776187595583,-2.484460614073329,-0.5932777604394989,2.1182490276098918
298.8339276292048,-0.18650605267524176,-2.484653649248673,-0.5932654111023549,2.1224378570934563
298.8339276292048,-0.0745640363970735,-2.4850216068369577,-0.5932418840988473,2.135894488345621
298.8339276292048,-0.11185974298835225,-2.4849340648692473,-0.5932474799348516,2.131260195777689
298.8339276292048,0.11185974298819958,-2.484934064867841,-0.5932474799344897,2.1613204890616657
298.8339276292048,0.07456403639697172,-2.4850216068375124,-0.5932418841001035,2.1559322386019093
298.8339276292048,0.22386776187585408,-2.4844606140716636,-0.5932777604392281,2.1784093458029146
298.8339276292048,0.18650605267508907,-2.4846536492483926,-0.5932654111036908,2.172557946354381
298.8339276292048,0.1491719042265004,-2.484811435839727,-0.593255320228603,2.1668620420485776
298.9416482910194,0.18194164544818447,-2.4848688149739084,-0.5973721800113387,2.1583037594006296
298.9416482910194,-5.088887490341627e-14,-2.4852858737936803,-0.5973451221763791,2.13205911990408
298.9416482910195,-0.2183908409037804,-2.4846849828027078,-0.5973841150387985,2.105305260363773
298.9416482910195,-0.18194164544828625,-2.4848688149731086,-0.5973721800092808,2.1094102668949524
298.9416482910195,-0.1455201782543513,-2.485019074584666,-0.597362428424926,2.113656297804731
298.9416482910195,0.07273804021099732,-2.4852192134013813,-0.5973494451456675,2.142120004658531
298.9416482910195,0.03636626784003594,-2.4852692111553347,-0.5973462026934228,2.1370173423656973
298.9416482910195,-0.03636626784013772,-2.4852692111545354,-0.5973462026922629,2.1272445566541784
298.9416482910195,-0.07273804021114999,-2.485219213398492,-0.5973494451423828,2.1225729579291484
298.9416482910195,-0.10912083190504233,-2.4851358509829122,-0.597354852225547,2.118043713735511
298.9416482910195,0.10912083190488968,-2.485135850982924,-0.5973548522265711,2.1473679748469716
298.9416482910195,0.2183908409036277,-2.484684982801579,-0.5973841150384974,2.1639937646165435
298.9416482910195,0.1455201782542495,-2.485019074583814,-0.5973624284256008,2.152762210228297
299.0490199826994,-0.17737449566327715,-2.485083971814825,-0.6014722035063322,2.0964539207038047
299.0490199826994,0.07091094686164334,-2.4854172293686765,-0.6014502811803304,2.128376907352463
299.0490199826994,-0.07091094686174512,-2.4854172293656815,-0.6014502811772348,2.109320859012715
299.0490199826994,-0.14186625811528497,-2.4852268836704665,-0.601462799979059,2.100608287469197
299.0490199826994,0.2129106290826151,-2.4849091236980683,-0.60148371346004,2.1496494492575837
299.0490199826994,0.1418662581151832,-2.4852268836692626,-0.6014627999793388,2.138732277063187
299.0490199826994,0.10638027512640694,-2.485337946881967,-0.6014554946709333,2.1334849025547165
299.0490199826994,-0.1063802751265596,-2.4853379468807186,-0.6014554946688419,2.104897115933253
299.0490199826994,-5.088887490341627e-14,-2.485480626364116,-0.6014461131466247,2.118575309204942
299.04901998269946,0.17737449566317537,-2.485083971814628,-0.6014722035072134,2.144120079133836
299.04901998269946,-0.03545270452871708,-2.4854647795286557,-0.6014471549235512,2.1138800511850993
299.04901998269946,-0.21291062908276776,-2.484909123698357,-0.6014837134599386,2.0924336438321895
299.04901998269946,0.0354527045286153,-2.485464779529074,-0.6014471549239521,2.123407333086287
299.15604056559556,-5.088887490341627e-14,-2.485675869776198,-0.6055403512356585,2.1051605373142395
299.15604056559556,-0.069082849754371,-2.485615656120114,-0.6055443608234203,2.0961382403529267
299.15604056559556,0.06908284975426923,-2.4856156561202303,-0.6055443608234943,2.1147030205417727
299.15604056559556,0.17280483680381759,-2.4852991192971947,-0.6055654520602315,2.130007015546957
299.15604056559556,0.10363821275669398,-2.4855403535051237,-0.6055493763228949,2.1196713564388596
299.15604056559556,-0.13821033060668744,-2.485434863422779,-0.6055564045618801,2.087630811685799
299.1560405655956,-0.20742740657469788,-2.485133035294235,-0.6055765271477169,2.0796342280522198
299.1560405655956,-0.17280483680391936,-2.4852991192972267,-0.6055654520592892,2.083568865761356
299.1560405655956,0.13821033060658566,-2.48543486342294,-0.6055564045634576,2.1247723388519355
299.1560405655956,0.20742740657454523,-2.485133035293544,-0.6055765271471736,2.1353765250635877
299.1560405655956,0.03453863932907548,-2.485660818729963,-0.6055413533973971,2.1098663718243533
299.1560405655956,-0.03453863932922815,-2.4856608187307,-0.6055413533982376,2.100584728609375
299.1560405655957,-0.10363821275684665,-2.4855403535044553,-0.6055493763216161,2.0918204489729497
299.26271829921046,-0.03362402990879345,-2.4858573306327467,-0.6096288196103745,2.08735735111765
299.26271829921046,-5.088887490341627e-14,-2.4858716059911186,-0.6096278578685836,2.0918135602442987
299.26271829921046,-0.10089451780383568,-2.485743072048051,-0.6096365192600649,2.0788124903419214
299.26271829921046,0.2019409194370623,-2.4853567164585098,-0.6096625801557476,2.121173731584854
299.26271829921046,0.10089451780368303,-2.485743072047692,-0.6096365192604815,2.1059260798614887
299.26271829921046,0.1345522264129261,-2.485643014444594,-0.6096432647635016,2.1108811367030826
299.2627182992105,-0.16823245723737665,-2.4855142572491595,-0.6096519489131662,2.0707538987702585
299.2627182992105,-0.1345522264130279,-2.485643014445648,-0.6096432647631502,2.0747226570597066
299.2627182992105,0.16823245723727487,-2.4855142572499496,-0.6096519489145213,2.1159633084775993
299.2627182992105,-0.06725366422510468,-2.485814495276267,-0.6096317057906222,2.0830238712988107
299.2627182992105,0.03362402990869167,-2.485857330634684,-0.6096288196123275,2.0963932093944067
299.2627182992105,0.0672536642250029,-2.4858144952772867,-0.609631705791692,2.101097090824073
299.2627182992106,-0.20194091943716408,-2.4853567164564367,-0.6096625801539974,2.0669058208035462
299.36905243562995,-0.16365752824578034,-2.485729378119199,-0.613731671302133,2.0580089033138647
299.36905243562995,-0.06542345879545997,-2.4860137418237658,-0.6137122921635237,2.069977633069491
299.36905243562995,0.06542345879535819,-2.486013741823114,-0.6137122921635398,2.087559017832875
299.36905243562995,0.16365752824567856,-2.4857293781205283,-0.6137316713035668,2.10198888754528
299.36905243562995,0.13089208256746152,-2.4858513302820655,-0.613723357328237,2.0970585886993587
299.36905243562995,-5.088887490341627e-14,-2.4860678304715087,-0.6137086088939822,2.0785342653412253
299.36905243562995,0.09814929304666782,-2.485946096902079,-0.6137168998505579,2.0922489809102793
299.36905243563,-0.19645137319501457,-2.485580158281848,-0.6137418503222585,2.05424830954179
299.36905243563,0.1964513731948619,-2.485580158283061,-0.6137418503231201,2.1070410115203826
299.36905243563,-0.032708910528958676,-2.48605431058086,-0.6137095294699895,2.074197802222423
299.36905243563,-0.1308920825675633,-2.485851330280707,-0.6137233573260392,2.061883704844789
299.36905243563,0.03270891052880601,-2.486054310582982,-0.6137095294724425,2.0829877385161852
299.36905243563,-0.0981492930467696,-2.4859460969021683,-0.6137168998496565,2.065873120506178
299.4750452421123,-0.15908009115679997,-2.4859444814679588,-0.6178046043523391,2.0453334015120346
299.4750452421123,0.03179328945626533,-2.4862517600262835,-0.617783465877142,2.0696494719093885
299.4750452421123,-5.088887490341627e-14,-2.4862645447459544,-0.617782587111991,2.065322163544547
299.4750452421123,0.1590800911566982,-2.485944481470076,-0.6178046043544342,2.0880832859832417
299.47504524211234,-0.06359224999867256,-2.4862133969779223,-0.6177861031325523,2.0569990370602453
299.47504524211234,-0.03179328945636711,-2.4862517600266116,-0.6177834658770273,2.0611055924218205
299.47504524211234,-0.09540256328471312,-2.4861494288887855,-0.6177905017535774,2.0530018530968928
299.47504524211234,0.2228719412983028,-2.485636344757408,-0.6178258397607341,2.097989303026947
299.47504524211234,-0.12722993213406797,-2.4860598112071575,-0.6177966665650639,2.049113472246909
299.47504524211234,-0.19095881743793125,-2.4858033594159137,-0.6178143237608283,2.041661222641193
299.47504524211234,0.09540256328461136,-2.4861494288901778,-0.6177905017558539,2.0786395798822466
299.47504524211234,0.19095881743782947,-2.485803359415432,-0.6178143237602974,2.0929779065834673
299.47504524211234,0.1272299321339662,-2.486059811211481,-0.6177966665695356,2.083304220935679
299.47504524211234,0.06359224999857079,-2.486213396976897,-0.6177861031326362,2.074088317406952
299.47504524211234,-0.22287194129840457,-2.48563634475876,-0.6178258397621771,2.0380965918331224
299.5807023055771,-5.088887490341627e-14,-2.486461746073444,-0.621849808685509,2.0521763550412384
299.5807023055772,0.12356569167035902,-2.4862684527987313,-0.6218632096858749,2.0696171315052125
299.5807023055772,0.03087714582851383,-2.486449676114872,-0.6218506450565916,2.0563775075275403
299.5807023055772,0.06175999611049594,-2.486413457555997,-0.6218531551213812,2.0606840864062366
299.5807023055772,0.21646081232952655,-2.4858686095825004,-0.6218909839604673,2.0838320968131163
299.5807023055772,-0.03087714582861561,-2.48644967611576,-0.6218506450570166,2.0480798252757366
299.5807023055772,0.18546312701780474,-2.486026313275551,-0.6218800187903483,2.078983520665315
299.5807023055772,-0.061759996110597716,-2.4864134575559595,-0.6218531551200532,2.0440871913431558
299.5807023055772,-0.0926542659332557,-2.4863530643071794,-0.6218573417365014,2.040197801837213
299.5807023055772,-0.21646081232962833,-2.4858686095855793,-0.6218909839632504,2.025662249608461
299.5807023055772,-0.1235656916704608,-2.4862684527980545,-0.6218632096847587,2.036411079778974
299.5807023055772,-0.18546312701790652,-2.486026313276046,-0.6218800187904466,2.029143697611339
299.5807023055772,-0.15450004167327935,-2.4861595619269985,-0.6218707657948263,2.0327265218062043
299.5807023055772,0.09265426593315391,-2.486353064307334,-0.6218573417377404,2.065096973683745
299.5807023055772,0.15450004167317757,-2.4861595619283032,-0.6218707657965419,2.0742456042124267
299.68602325736066,-0.08990449202893049,-2.4865569951206026,-0.6259173772990271,2.027460805274286
299.68602325736066,-0.11989948255342579,-2.4864772462262983,-0.6259229447400682,2.023776367095183
299.68602325736066,-0.14991753150788031,-2.4863746095744315,-0.6259301142141016,2.0201881064393366
299.68602325736066,-5.088887490341627e-14,-2.4866594275965097,-0.62591023051671,2.039096683945315
299.68602325736066,0.02996050999252137,-2.4866480518567387,-0.6259110239755158,2.0431716943029796
299.68602325736066,0.05992675782385207,-2.4866139161729848,-0.6259134052914292,2.0473461800626813
299.68602325736066,0.0899044920288287,-2.4865569951195137,-0.6259173772995175,2.0516210253279303
299.68602325736066,0.11989948255332401,-2.4864772462265163,-0.6259229447413606,2.0559971926837255
299.68602325736066,0.14991753150777853,-2.486374609576078,-0.6259301142166007,2.060475725253139
299.6860232573607,-0.17996448397788056,-2.4862490085771314,-0.6259388945778979,2.0166955807672
299.6860232573607,-0.21004623891137583,-2.4861003491513265,-0.6259493013776493,2.013298418490182
299.6860232573607,-0.02996050999262315,-2.486648051854871,-0.6259110239732889,2.035120341561221
299.6860232573607,-0.05992675782395385,-2.486613916172731,-0.6259134052897939,2.0312419348396182
299.6860232573607,0.17996448397777878,-2.4862490085781297,-0.6259388945794351,2.0650577490142497
299.6860232573607,0.21004623891132493,-2.4861003491494675,-0.625949301376227,2.0697444753491863
299.7910102223049,0.05809255228905513,-2.486814770859475,-0.6299668335936931,2.0340741380954768
299.7910102223049,-0.11623133908104681,-2.486686188271142,-0.629975852878078,2.011208874936873
299.7910102223049,-0.14533260353091773,-2.486589620866602,-0.6299826322194185,2.0077177009506064
299.7910102223049,0.14533260353086686,-2.4865896208666904,-0.6299826322208846,2.046773206172612
299.7910102223049,-0.05809255228915691,-2.4868147708574817,-0.6299668335905887,2.018462802659501
299.7910102223049,0.02904339052362316,-2.486846885584933,-0.6299645823074127,2.0300315688183073
299.7910102223049,-0.029043390523724937,-2.4868468855806665,-0.6299645823032058,2.0222266755563667
299.7910102223049,-5.088887490341627e-14,-2.4868575877482915,-0.629963832189694,2.0260826850257896
299.7910102223049,0.11623133908099592,-2.4866861882703684,-0.6299758528789442,2.042443954433351
299.791010222305,0.17446293975866903,-2.486471440652295,-0.629990934406723,2.051200157126856
299.791010222305,-0.2036282810533859,-2.486331557461341,-0.6300007758456337,2.0010046575840406
299.791010222305,0.20362828105328412,-2.486331557461606,-0.6300007758463625,2.0557260138877465
299.791010222305,-0.08715326729631823,-2.486761218857292,-0.629970588885419,2.014790400672317
299.791010222305,-0.1744629397587708,-2.486471440650589,-0.629990934404701,2.0043164237687163
299.791010222305,0.08715326729621645,-2.4867612188552304,-0.6299705888852182,2.038211278993636
299.89566840196926,-0.08440053557231923,-2.486965730872118,-0.6340170092243195,2.0021857569622385
299.89566840196926,-5.088887490341627e-14,-2.487056222981708,-0.6340106459043382,2.0131335144923304
299.89566840196926,0.08440053557221745,-2.486965730869123,-0.6340170092228794,2.0248668885205974
299.89566840196926,-0.16895838205264702,-2.4866936038760046,-0.6340361764975945,1.9920054186101828
299.89566840196926,-0.1407451641462498,-2.4868045884753633,-0.6340283536871448,1.995314488502297
299.89566840196926,0.16895838205254524,-2.4866936038769603,-0.6340361764987263,2.0374099068297418
299.8956684019693,0.028125768699853008,-2.48704617363543,-0.6340113523061597,2.016956285342612
299.8956684019693,-0.11256118637238004,-2.486895273369565,-0.6340219673703612,1.9987077787750787
299.8956684019693,-0.19720680774011276,-2.4865622262842053,-0.6340454434244925,1.9887801688657913
299.8956684019693,-0.028125768699954784,-2.4870461736329474,-0.6340113523038817,2.0093979865614084
299.8956684019693,-0.05625734206283431,-2.4870160176019787,-0.6340134724556135,2.005748958343392
299.8956684019693,0.19720680774001098,-2.4865622262822122,-0.6340454434235198,2.0417758792172456
299.8956684019693,0.05625734206278342,-2.48701601760318,-0.6340134724577369,2.0208671139834635
299.8956684019694,0.11256118637227826,-2.4868952733664766,-0.6340219673690033,2.0289565721060443
299.8956684019694,0.14074516414614802,-2.486804588475135,-0.634028353688557,2.0331372049883774
299.99999999999994,0.08164631797729237,-2.4870682271246807,-0.6360383561099265,2.01158739337677
299.99999999999994,-5.088887490341627e-14,-2.487155658374764,-0.6360323596269172,2.0002487030637526
300.0,0.027207651561737645,-2.487145949041125,-0.6360330252670005,2.0039453761973696
300.0,-0.05442114122583595,-2.487116813181301,-0.6360350231427655,1.993099933344482
300.0,0.054421141225785064,-2.487116813181288,-0.636035023143681,2.0077246429642925
300.0,0.10888905258673347,-2.487000151518767,-0.6360430290326625,2.0155345907165727
300.0,-0.16345085309361135,-2.486805294981933,-0.63605642509582,1.9797621140054331
300.0,-0.1907818682407402,-2.4866783471440277,-0.6360651567814264,1.9766245086141452
300.0,-0.13615524855116684,-2.486912530219815,-0.6360490485070366,1.9829780115063909
300.0,-0.08164631797734326,-2.487068227127541,-0.6360383561115719,1.9896464079346514
300.0,-0.027207651561839425,-2.487145949040222,-0.6360330252662292,1.996633805005719
300.0,0.13615524855111594,-2.4869125302210477,-0.6360490485098304,2.0195672735785744
300.0,-0.10888905258678436,-2.4870001515222837,-0.6360430290345935,1.9862726160533715
300.0,-0.21815755355259306,-2.486531583879851,-0.6360752678240889,1.9735644939606063
300.0,0.16345085309350957,-2.4868052949835784,-0.6360564250975147,2.0236865581993144
300.0,0.21815755355254218,-2.4865315838784086,-0.6360752678252559,2.032190306850343
300.00000000000006,0.19078186824063842,-2.4866783471414995,-0.6360651567802605,2.027893640877088
